time,P14,P21,P3,P6,P7,P8
0.0,0.0,0,0,0,0,0
0.3,0.0,0,0,0,0,0
0.306,0.0,0,0,0,0,0
0.606,0.0,0,0,0,0,0
0.612,0.0,0,0,0,0,0
0.9119999999999999,0.0,0,0,0,0,0
0.9179999999999999,0.0,0,0,0,0,0
1.218,0.0,0,0,0,0,0
1.224,0.0,0,0,0,0,0
1.524,0.0,0,0,0,0,0
1.53,0.0,0,0,0,0,0
1.83,0.0,0,0,0,0,0
1.836,0.0,0,0,0,0,0
2.136,0.0,0,0,0,0,0
2.142,0.0,0,0,0,0,0
2.4419999999999997,0.0,0,0,0,0,0
2.4479999999999995,0.0,0,0,0,0,0
2.7479999999999993,0.0,0,0,0,0,0
2.753999999999999,0.0,0,0,0,0,0
3.053999999999999,0.0,0,0,0,0,0
3.057999999999999,0.0,0,0,0,0,0
3.3579999999999988,0.0,0,0,0,0,0
3.3619999999999988,0.0,0,0,0,0,0
3.6619999999999986,0.0,0,0,0,0,0
3.6659999999999986,0.0,0,0,0,0,0
3.9659999999999984,0.0,0,0,0,0,0
3.9699999999999984,0.0,0,0,0,0,0
4.269999999999999,0.0,0,0,0,0,0
4.273999999999998,0.0,0,0,0,0,0
4.573999999999998,0.0,0,0,0,0,0
4.577999999999998,0.0,0,0,0,0,0
4.8779999999999974,0.0,0,0,0,0,0
4.881999999999997,0.0,0,0,0,0,0
5.181999999999997,0.0,0,0,0,0,0
5.185999999999996,0.0,0,0,0,0,0
5.485999999999996,0.0,0,0,0,0,0
5.489999999999996,0.0,0,0,0,0,0
5.789999999999996,0.0,0,0,0,0,0
5.793999999999995,0.0,0,0,0,0,0
6.093999999999995,0.0,0,0,0,0,0
6.0979999999999945,0.0,0,0,0,0,0
6.397999999999994,0.0,0,0,0,0,0
6.401999999999994,0.0,0,0,0,0,0
6.701999999999994,0.0,0,0,0,0,0
6.705999999999993,0.0,0,0,0,0,0
7.005999999999993,0.0,0,0,0,0,0
7.009999999999993,0.0,0,0,0,0,0
7.3099999999999925,0.0,0,0,0,0,0
7.313999999999992,0.0,0,0,0,0,0
7.613999999999992,0.0,0,0,0,0,0
7.6179999999999914,0.0,0,0,0,0,0
7.917999999999991,0.0,0,0,0,0,0
7.921999999999991,0.0,0,0,0,0,0
8.22199999999999,0.0,0,0,0,0,0
8.22599999999999,0.0,0,0,0,0,0
8.525999999999991,0.0,0,0,0,0,0
8.52999999999999,0.0,0,0,0,0,0
8.829999999999991,0.0,0,0,0,0,0
8.83399999999999,0.0,0,0,0,0,0
9.133999999999991,0.0,0,0,0,0,0
9.137999999999991,0.0,0,0,0,0,0
9.437999999999992,0.0,0,0,0,0,0
9.441999999999991,0.0,0,0,0,0,0
9.741999999999992,0.0,0,0,0,0,0
9.745999999999992,0.0,0,0,0,0,0
10.045999999999992,0.0,0,0,0,0,0
10.049999999999992,0.0,0,0,0,0,0
10.349999999999993,0.0,0,0,0,0,0
10.353999999999992,0.0,0,0,0,0,0
10.653999999999993,0.0,0,0,0,0,0
10.657999999999992,0.0,0,0,0,0,0
10.957999999999993,0.0,0,0,0,0,0
10.961999999999993,0.0,0,0,0,0,0
11.261999999999993,0.0,0,0,0,0,0
11.265999999999993,0.0,0,0,0,0,0
11.565999999999994,0.0,0,0,0,0,0
11.569999999999993,0.0,0,0,0,0,0
11.869999999999994,0.0,0,0,0,0,0
11.873999999999993,0.0,0,0,0,0,0
12.173999999999994,0.0,0,0,0,0,0
12.177999999999994,0.0,0,0,0,0,0
12.477999999999994,0.0,0,0,0,0,0
12.481999999999994,0.0,0,0,0,0,0
12.781999999999995,0.0,0,0,0,0,0
12.785999999999994,0.0,0,0,0,0,0
13.085999999999995,0.0,0,0,0,0,0
13.089999999999995,0.0,0,0,0,0,0
13.389999999999995,0.0,0,0,0,0,0
13.393999999999995,0.0,0,0,0,0,0
13.693999999999996,0.0,0,0,0,0,0
13.697999999999995,0.0,0,0,0,0,0
13.997999999999996,0.0,0,0,0,0,0
14.001999999999995,0.0,0,0,0,0,0
14.301999999999996,0.0,0,0,0,0,0
14.305999999999996,0.0,0,0,0,0,0
14.605999999999996,0.0,0,0,0,0,0
14.609999999999996,0.0,0,0,0,0,0
14.909999999999997,0.0,0,0,0,0,0
14.913999999999996,0.0,0,0,0,0,0
15.213999999999997,0.0,0,0,0,0,0
15.217999999999996,0.0,0,0,0,0,0
15.517999999999997,0.0,0,0,0,0,0
15.521999999999997,0.0,0,0,0,0,0
15.821999999999997,0.0,0,0,0,0,0
15.825999999999997,0.0,0,0,0,0,0
16.125999999999998,0.0,0,0,0,0,0
16.13,0.0,0,0,0,0,0
16.43,0.0,0,0,0,0,0
16.434,0.0,0,0,0,0,0
16.734,0.0,0,0,0,0,0
16.738000000000003,0.0,0,0,0,0,0
17.038000000000004,0.0,0,0,0,0,0
17.042000000000005,0.0,0,0,0,0,0
17.342000000000006,0.0,0,0,0,0,0
17.346000000000007,0.0,0,0,0,0,0
17.646000000000008,0.0,0,0,0,0,0
17.65000000000001,0.0,0,0,0,0,0
17.95000000000001,0.0,0,0,0,0,0
17.95400000000001,0.0,0,0,0,0,0
18.254000000000012,0.0,0,0,0,0,0
18.258000000000013,0.0,0,0,0,0,0
18.558000000000014,0.0,0,0,0,0,0
18.562000000000015,0.0,0,0,0,0,0
18.862000000000016,0.0,0,0,0,0,0
18.866000000000017,0.0,0,0,0,0,0
19.166000000000018,0.0,0,0,0,0,0
19.17000000000002,0.0,0,0,0,0,0
19.47000000000002,0.0,0,0,0,0,0
19.47400000000002,0.0,0,0,0,0,0
19.774000000000022,0.0,0,0,0,0,0
19.778000000000024,0.0,0,0,0,0,0
20.078000000000024,0.0,0,0,0,0,0
20.082000000000026,0.0,0,0,0,0,0
20.382000000000026,0.0,0,0,0,0,0
20.386000000000028,0.0,0,0,0,0,0
20.68600000000003,0.0,0,0,0,0,0
20.69000000000003,0.0,0,0,0,0,0
20.99000000000003,0.0,0,0,0,0,0
20.99400000000003,0.0,0,0,0,0,0
21.294000000000032,0.0,0,0,0,0,0
21.298000000000034,0.0,0,0,0,0,0
21.598000000000035,0.0,0,0,0,0,0
21.602000000000036,0.0,0,0,0,0,0
21.902000000000037,0.0,0,0,0,0,0
21.906000000000038,0.0,0,0,0,0,0
22.20600000000004,0.0,0,0,0,0,0
22.21000000000004,0.0,0,0,0,0,0
22.51000000000004,0.0,0,0,0,0,0
22.514000000000042,0.0,0,0,0,0,0
22.814000000000043,0.0,0,0,0,0,0
22.818000000000044,0.0,0,0,0,0,0
23.118000000000045,0.0,0,0,0,0,0
23.122000000000046,0.0,0,0,0,0,0
23.422000000000047,0.0,0,0,0,0,0
23.426000000000048,0.0,0,0,0,0,0
23.72600000000005,0.0,0,0,0,0,0
23.73000000000005,0.0,0,0,0,0,0
24.03000000000005,0.0,0,0,0,0,0
24.034000000000052,0.0,0,0,0,0,0
24.334000000000053,0.0,0,0,0,0,0
24.338000000000054,0.0,0,0,0,0,0
24.638000000000055,0.0,0,0,0,0,0
24.642000000000056,0.0,0,0,0,0,0
24.942000000000057,0.0,0,0,0,0,0
24.94600000000006,0.0,0,5.0,0,0,0
25.24600000000006,0.0,0,5.0,0,0,0
25.24840000000006,0.0,0,5.0,0,0,0
25.54840000000006,0.0,0,5.0,0,0,0
25.550800000000063,0.0,0,5.0,0,0,0
25.850800000000064,0.0,0,5.0,0,0,0
25.853200000000065,0.0,0,5.0,0,0,0
26.153200000000066,0.0,0,5.0,0,0,0
26.155600000000067,0.0,0,5.0,0,0,0
26.455600000000068,0.0,0,5.0,0,0,0
26.45800000000007,0.0,0,5.0,0,0,0
26.75800000000007,0.0,0,5.0,0,0,0
26.76040000000007,0.0,0,5.0,0,0,0
27.060400000000072,0.0,0,5.0,0,0,0
27.062800000000074,0.0,0,5.0,0,0,0
27.362800000000075,0.0,0,5.0,0,0,0
27.365200000000076,0.0,0,5.0,0,0,0
27.665200000000077,0.0,0,5.0,0,0,0
27.66760000000008,0.0,0,5.0,0,0,0
27.96760000000008,0.0,0,5.0,0,0,0
27.97000000000008,0.0,0,5.0,0,0,0
28.27000000000008,0.0,0,5.0,0,0,0
28.272400000000083,0.0,0,5.0,0,0,0
28.572400000000084,0.0,0,5.0,0,0,0
28.574800000000085,0.0,0,5.0,0,0,0
28.874800000000086,0.0,0,5.0,0,0,0
28.877200000000087,0.0,0,5.0,0,0,0
29.177200000000088,0.0,0,5.0,0,0,0
29.17960000000009,0.0,0,5.0,0,0,0
29.47960000000009,0.0,0,5.0,0,0,0
29.48200000000009,0.0,0,5.0,0,0,0
29.782000000000092,0.0,0,5.0,0,0,0
29.784400000000094,0.0,0,5.0,0,0,0
30.084400000000095,0.0,0,5.0,0,0,0
30.086800000000096,0.0,0,5.0,0,0,0
30.386800000000097,0.0,0,5.0,0,0,0
30.3892000000001,0.0,0,5.0,0,0,0
30.6892000000001,0.0,0,5.0,0,0,0
30.6916000000001,0.0,0,5.0,0,0,0
30.9916000000001,0.0,0,5.0,0,0,0
30.994000000000103,0.0,0,5.0,0,0,0
31.294000000000104,0.0,0,5.0,0,0,0
31.296400000000105,0.0,0,5.0,0,0,0
31.596400000000106,0.0,0,5.0,0,0,0
31.598800000000107,0.0,0,5.0,0,0,0
31.898800000000108,0.0,0,5.0,0,0,0
31.90120000000011,0.0,0,5.0,0,0,0
32.20120000000011,0.0,0,5.0,0,0,0
32.20360000000011,0.0,0,5.0,0,0,0
32.503600000000105,0.0,0,5.0,0,0,0
32.50600000000011,0.0,0,5.0,0,0,0
32.806000000000104,0.0,0,5.0,0,0,0
32.808400000000105,0.0,0,5.0,0,0,0
33.1084000000001,0.0,0,5.0,0,0,0
33.110800000000104,0.0,0,5.0,0,0,0
33.4108000000001,0.0,0,5.0,0,0,0
33.4132000000001,0.0,0,5.0,0,0,0
33.7132000000001,0.0,0,5.0,0,0,0
33.7156000000001,0.0,0,5.0,0,0,0
34.0156000000001,0.0,0,5.0,0,0,0
34.0180000000001,0.0,0,5.0,0,0,0
34.3180000000001,0.0,0,5.0,0,0,0
34.3204000000001,0.0,0,5.0,0,0,0
34.620400000000096,0.0,0,5.0,0,0,0
34.6228000000001,0.0,0,5.0,0,0,0
34.922800000000095,0.0,0,5.0,0,0,0
34.925200000000096,0.0,0,5.0,0,0,0
35.22520000000009,0.0,0,5.0,0,0,0
35.227600000000095,0.0,0,5.0,0,0,0
35.52760000000009,0.0,0,5.0,0,0,0
35.53000000000009,0.0,0,5.0,0,0,0
35.83000000000009,0.0,0,5.0,0,0,0
35.83240000000009,0.0,0,5.0,0,0,0
36.13240000000009,0.0,0,5.0,0,0,0
36.13480000000009,0.0,0,5.0,0,0,0
36.43480000000009,0.0,0,5.0,0,0,0
36.43720000000009,0.0,0,5.0,0,0,0
36.73720000000009,0.0,0,5.0,0,0,0
36.73960000000009,0.0,0,5.0,0,0,0
37.039600000000085,0.0,0,5.0,0,0,0
37.04200000000009,0.0,0,5.0,0,0,0
37.342000000000084,0.0,0,5.0,0,0,0
37.344400000000086,0.0,0,5.0,0,0,0
37.64440000000008,0.0,0,5.0,0,0,0
37.646800000000084,0.0,0,5.0,0,0,0
37.94680000000008,0.0,0,5.0,0,0,0
37.94920000000008,0.0,0,5.0,0,0,0
38.24920000000008,0.0,0,5.0,0,0,0
38.25160000000008,0.0,0,5.0,0,0,0
38.55160000000008,0.0,0,5.0,0,0,0
38.55400000000008,0.0,0,5.0,0,0,0
38.85400000000008,0.0,0,5.0,0,0,0
38.85640000000008,0.0,0,5.0,0,0,0
39.156400000000076,0.0,0,5.0,0,0,0
39.15880000000008,0.0,0,5.0,0,0,0
39.458800000000075,0.0,0,5.0,0,0,0
39.461200000000076,0.0,0,5.0,0,0,0
39.76120000000007,0.0,0,5.0,0,0,0
39.763600000000075,0.0,0,5.0,0,0,0
40.06360000000007,0.0,0,5.0,0,0,0
40.066000000000074,0.0,0,5.0,0,0,0
40.36600000000007,0.0,0,5.0,0,0,0
40.36840000000007,0.0,0,5.0,0,0,0
40.66840000000007,0.0,0,5.0,0,0,0
40.67080000000007,0.0,0,5.0,0,0,0
40.97080000000007,0.0,0,5.0,0,0,0
40.97320000000007,0.0,0,5.0,5.0,0,0
41.27320000000007,0.0,0,5.0,5.0,0,0
41.27560000000007,0.0,0,5.0,5.0,0,0
41.575600000000065,0.0,0,5.0,5.0,0,0
41.57800000000007,0.0,0,5.0,5.0,0,0
41.878000000000064,0.0,0,5.0,5.0,0,0
41.880400000000066,0.0,0,5.0,3.0,0,1.0
42.18040000000006,0.0,0,5.0,3.0,0,1.0
42.182800000000064,0.0,1.0,5.0,3.0,0,1.0
42.48280000000006,0.0,1.0,5.0,3.0,0,1.0
42.48520000000006,0.0,1.0,5.0,3.0,0,1.0
42.78520000000006,0.0,1.0,5.0,3.0,0,1.0
42.78760000000006,0.0,1.0,5.0,3.0,0,1.0
43.08760000000006,0.0,1.0,5.0,3.0,0,1.0
43.09000000000006,0.0,1.0,5.0,3.0,0,1.0
43.39000000000006,0.0,1.0,5.0,3.0,0,1.0
43.39240000000006,0.0,1.0,5.0,3.0,0,1.0
43.692400000000056,0.0,1.0,5.0,3.0,0,1.0
43.69480000000006,0.0,1.0,5.0,3.0,0,1.0
43.994800000000055,0.0,1.0,5.0,3.0,0,1.0
43.997200000000056,0.0,1.0,5.0,3.0,0,1.0
44.29720000000005,0.0,1.0,5.0,3.0,0,1.0
44.299600000000055,0.0,1.0,5.0,3.0,0,1.0
44.59960000000005,0.0,1.0,5.0,3.0,0,1.0
44.602000000000054,0.0,1.0,5.0,1.0,0,2.0
44.90200000000005,0.0,1.0,5.0,1.0,0,2.0
44.90440000000005,0.0,1.0,5.0,1.0,0,2.0
45.20440000000005,0.0,1.0,5.0,1.0,0,2.0
45.20680000000005,0.0,1.0,5.0,1.0,0,2.0
45.50680000000005,0.0,1.0,5.0,1.0,0,2.0
45.50920000000005,0.0,1.0,5.0,1.0,0,2.0
45.80920000000005,0.0,1.0,5.0,1.0,0,2.0
45.81160000000005,0.0,1.0,5.0,1.0,0,2.0
46.111600000000045,0.0,1.0,5.0,1.0,0,2.0
46.11400000000005,0.0,1.0,5.0,1.0,0,2.0
46.414000000000044,0.0,1.0,5.0,1.0,0,2.0
46.416400000000046,0.0,1.0,5.0,1.0,0,2.0
46.71640000000004,0.0,1.0,5.0,1.0,0,2.0
46.718800000000044,0.0,1.0,5.0,1.0,0,2.0
47.01880000000004,0.0,1.0,5.0,1.0,0,2.0
47.02120000000004,0.0,1.0,5.0,1.0,0,2.0
47.32120000000004,0.0,1.0,5.0,1.0,0,2.0
47.32360000000004,0.0,1.0,3.0,1.0,1.0,2.0
47.62360000000004,0.0,1.0,3.0,1.0,1.0,2.0
47.62760000000004,0.0,1.0,3.0,6.0,1.0,2.0
47.927600000000034,0.0,1.0,3.0,6.0,1.0,2.0
47.9292666666667,0.0,1.0,3.0,6.0,1.0,2.0
48.229266666666696,0.0,1.0,3.0,6.0,1.0,2.0
48.23093333333336,0.0,1.0,3.0,6.0,1.0,2.0
48.53093333333336,0.0,1.0,3.0,6.0,1.0,2.0
48.53260000000002,0.0,1.0,3.0,6.0,1.0,2.0
48.83260000000002,0.0,1.0,3.0,6.0,1.0,2.0
48.834266666666686,0.0,1.0,3.0,6.0,1.0,2.0
49.13426666666668,0.0,1.0,3.0,6.0,1.0,2.0
49.13593333333335,0.0,1.0,8.0,6.0,1.0,2.0
49.435933333333345,0.0,1.0,8.0,6.0,1.0,2.0
49.436870833333344,0.0,1.0,8.0,6.0,1.0,2.0
49.73687083333334,0.0,1.0,8.0,6.0,1.0,2.0
49.73780833333334,0.0,1.0,8.0,6.0,1.0,2.0
50.03780833333334,0.0,1.0,8.0,6.0,1.0,2.0
50.03874583333334,0.0,1.0,8.0,6.0,1.0,2.0
50.338745833333334,0.0,1.0,8.0,6.0,1.0,2.0
50.33968333333333,0.0,1.0,8.0,6.0,1.0,2.0
50.63968333333333,0.0,1.0,8.0,6.0,1.0,2.0
50.64062083333333,0.0,1.0,8.0,6.0,1.0,2.0
50.94062083333333,0.0,1.0,8.0,6.0,1.0,2.0
50.941558333333326,0.0,1.0,8.0,6.0,1.0,2.0
51.24155833333332,0.0,1.0,8.0,6.0,1.0,2.0
51.24249583333332,0.0,1.0,6.0,6.0,2.0,2.0
51.54249583333332,0.0,1.0,6.0,6.0,2.0,2.0
51.544162499999985,0.0,1.0,6.0,6.0,2.0,2.0
51.84416249999998,0.0,1.0,6.0,6.0,2.0,2.0
51.84582916666665,0.0,1.0,6.0,6.0,2.0,2.0
52.145829166666644,0.0,1.0,6.0,6.0,2.0,2.0
52.14749583333331,0.0,1.0,6.0,6.0,2.0,2.0
52.447495833333306,0.0,1.0,6.0,6.0,2.0,2.0
52.44916249999997,0.0,1.0,6.0,6.0,2.0,2.0
52.74916249999997,0.0,1.0,6.0,6.0,2.0,2.0
52.750829166666634,0.0,1.0,6.0,6.0,2.0,2.0
53.05082916666663,0.0,1.0,6.0,6.0,2.0,2.0
53.052495833333296,0.0,1.0,6.0,6.0,2.0,2.0
53.35249583333329,0.0,1.0,6.0,6.0,2.0,2.0
53.35416249999996,0.0,1.0,6.0,6.0,2.0,2.0
53.654162499999956,0.0,1.0,6.0,6.0,2.0,2.0
53.65582916666662,0.0,1.0,6.0,6.0,2.0,2.0
53.95582916666662,0.0,1.0,6.0,6.0,2.0,2.0
53.95749583333328,0.0,1.0,6.0,6.0,2.0,2.0
54.25749583333328,0.0,1.0,6.0,6.0,2.0,2.0
54.259162499999945,0.0,1.0,6.0,6.0,2.0,2.0
54.55916249999994,0.0,1.0,6.0,6.0,2.0,2.0
54.56082916666661,0.0,1.0,6.0,6.0,2.0,2.0
54.860829166666605,0.0,1.0,6.0,6.0,2.0,2.0
54.86249583333327,0.0,1.0,6.0,6.0,2.0,2.0
55.16249583333327,0.0,1.0,6.0,6.0,2.0,2.0
55.16416249999993,0.0,1.0,6.0,6.0,2.0,2.0
55.46416249999993,0.0,1.0,6.0,6.0,2.0,2.0
55.465829166666595,0.0,1.0,6.0,6.0,2.0,2.0
55.76582916666659,0.0,1.0,6.0,6.0,2.0,2.0
55.76749583333326,0.0,1.0,4.0,6.0,3.0,2.0
56.067495833333254,0.0,1.0,4.0,6.0,3.0,2.0
56.06916249999992,0.0,1.0,4.0,6.0,3.0,2.0
56.369162499999916,0.0,1.0,4.0,6.0,3.0,2.0
56.37082916666658,0.0,1.0,4.0,6.0,3.0,2.0
56.67082916666658,0.0,1.0,4.0,6.0,3.0,2.0
56.672495833333244,0.0,1.0,4.0,6.0,3.0,2.0
56.97249583333324,0.0,1.0,4.0,6.0,3.0,2.0
56.974162499999906,0.0,1.0,4.0,6.0,3.0,2.0
57.2741624999999,0.0,1.0,4.0,6.0,3.0,2.0
57.27582916666657,0.0,1.0,4.0,6.0,3.0,2.0
57.575829166666566,0.0,1.0,4.0,6.0,3.0,2.0
57.57749583333323,0.0,1.0,4.0,6.0,3.0,2.0
57.87749583333323,0.0,1.0,4.0,6.0,3.0,2.0
57.87916249999989,0.0,1.0,4.0,6.0,3.0,2.0
58.17916249999989,0.0,1.0,4.0,6.0,3.0,2.0
58.180829166666555,0.0,1.0,4.0,6.0,3.0,2.0
58.48082916666655,0.0,1.0,4.0,6.0,3.0,2.0
58.48249583333322,0.0,1.0,4.0,6.0,3.0,2.0
58.782495833333215,0.0,1.0,4.0,6.0,3.0,2.0
58.78416249999988,0.0,1.0,4.0,6.0,3.0,2.0
59.08416249999988,0.0,1.0,4.0,6.0,3.0,2.0
59.08582916666654,0.0,1.0,4.0,6.0,3.0,2.0
59.38582916666654,0.0,1.0,4.0,6.0,3.0,2.0
59.387495833333205,0.0,1.0,4.0,6.0,3.0,2.0
59.6874958333332,0.0,1.0,4.0,6.0,3.0,2.0
59.68916249999987,0.0,1.0,4.0,6.0,3.0,2.0
59.989162499999864,0.0,1.0,4.0,6.0,3.0,2.0
59.99082916666653,0.0,1.0,4.0,6.0,3.0,2.0
60.290829166666526,0.0,1.0,4.0,6.0,3.0,2.0
60.29249583333319,0.0,1.0,4.0,6.0,3.0,2.0
60.59249583333319,0.0,1.0,4.0,6.0,3.0,2.0
60.594162499999854,0.0,1.0,4.0,6.0,3.0,2.0
60.89416249999985,0.0,1.0,4.0,6.0,3.0,2.0
60.895829166666516,0.0,1.0,4.0,6.0,3.0,2.0
61.19582916666651,0.0,1.0,4.0,6.0,3.0,2.0
61.19749583333318,0.0,1.0,4.0,6.0,3.0,2.0
61.497495833333176,0.0,1.0,4.0,6.0,3.0,2.0
61.49916249999984,0.0,1.0,4.0,6.0,3.0,2.0
61.79916249999984,0.0,1.0,4.0,6.0,3.0,2.0
61.8008291666665,0.0,1.0,4.0,6.0,3.0,2.0
62.1008291666665,0.0,1.0,4.0,6.0,3.0,2.0
62.102495833333165,0.0,1.0,4.0,6.0,3.0,2.0
62.40249583333316,0.0,1.0,4.0,6.0,3.0,2.0
62.40416249999983,0.0,1.0,4.0,6.0,3.0,2.0
62.704162499999825,0.0,1.0,4.0,6.0,3.0,2.0
62.70582916666649,0.0,1.0,4.0,6.0,3.0,2.0
63.00582916666649,0.0,1.0,4.0,6.0,3.0,2.0
63.00749583333315,0.0,1.0,4.0,6.0,3.0,2.0
63.30749583333315,0.0,1.0,4.0,6.0,3.0,2.0
63.309162499999815,0.0,1.0,4.0,6.0,3.0,2.0
63.60916249999981,0.0,1.0,4.0,6.0,3.0,2.0
63.61082916666648,0.0,1.0,4.0,6.0,3.0,2.0
63.910829166666474,0.0,1.0,4.0,6.0,3.0,2.0
63.91249583333314,0.0,1.0,4.0,6.0,3.0,2.0
64.21249583333314,0.0,1.0,4.0,6.0,3.0,2.0
64.2141624999998,0.0,1.0,2.0,6.0,4.0,2.0
64.5141624999998,0.0,1.0,2.0,6.0,4.0,2.0
64.51582916666646,0.0,1.0,2.0,6.0,4.0,2.0
64.81582916666646,0.0,1.0,2.0,6.0,4.0,2.0
64.81749583333313,0.0,1.0,2.0,6.0,4.0,2.0
65.11749583333312,0.0,1.0,2.0,6.0,4.0,2.0
65.11916249999979,0.0,1.0,2.0,6.0,4.0,2.0
65.41916249999979,0.0,1.0,2.0,6.0,4.0,2.0
65.42082916666645,0.0,1.0,2.0,6.0,4.0,2.0
65.72082916666645,0.0,1.0,2.0,6.0,4.0,2.0
65.72249583333311,0.0,1.0,2.0,6.0,4.0,2.0
66.02249583333311,0.0,1.0,2.0,6.0,4.0,2.0
66.02416249999978,0.0,1.0,2.0,6.0,4.0,2.0
66.32416249999977,0.0,1.0,2.0,6.0,4.0,2.0
66.32582916666644,0.0,1.0,2.0,6.0,4.0,2.0
66.62582916666643,0.0,1.0,2.0,6.0,4.0,2.0
66.6274958333331,0.0,1.0,2.0,6.0,4.0,2.0
66.9274958333331,0.0,1.0,2.0,6.0,4.0,2.0
66.92916249999976,0.0,1.0,2.0,6.0,4.0,2.0
67.22916249999976,0.0,1.0,2.0,6.0,4.0,2.0
67.23082916666642,0.0,1.0,2.0,6.0,4.0,2.0
67.53082916666642,0.0,1.0,2.0,6.0,4.0,2.0
67.53249583333309,0.0,1.0,2.0,6.0,4.0,2.0
67.83249583333308,0.0,1.0,2.0,6.0,4.0,2.0
67.83416249999975,0.0,1.0,2.0,6.0,4.0,2.0
68.13416249999975,0.0,1.0,2.0,6.0,4.0,2.0
68.13582916666641,0.0,1.0,2.0,6.0,4.0,2.0
68.43582916666641,0.0,1.0,2.0,6.0,4.0,2.0
68.43749583333307,0.0,1.0,2.0,6.0,4.0,2.0
68.73749583333307,0.0,1.0,2.0,6.0,4.0,2.0
68.73916249999974,0.0,1.0,2.0,6.0,4.0,2.0
69.03916249999973,0.0,1.0,2.0,6.0,4.0,2.0
69.0408291666664,0.0,1.0,2.0,6.0,4.0,2.0
69.3408291666664,0.0,1.0,2.0,6.0,4.0,2.0
69.34249583333306,0.0,1.0,2.0,6.0,4.0,2.0
69.64249583333306,0.0,1.0,2.0,6.0,4.0,2.0
69.64416249999972,0.0,1.0,2.0,6.0,4.0,2.0
69.94416249999972,0.0,1.0,2.0,6.0,4.0,2.0
69.94582916666639,0.0,1.0,2.0,6.0,4.0,2.0
70.24582916666638,0.0,1.0,2.0,6.0,4.0,2.0
70.24749583333305,0.0,1.0,2.0,6.0,4.0,2.0
70.54749583333304,0.0,1.0,2.0,6.0,4.0,2.0
70.54916249999971,0.0,1.0,2.0,6.0,4.0,2.0
70.84916249999971,0.0,1.0,2.0,6.0,4.0,2.0
70.85082916666637,0.0,1.0,2.0,6.0,4.0,2.0
71.15082916666637,0.0,1.0,2.0,6.0,4.0,2.0
71.15249583333303,0.0,1.0,2.0,6.0,4.0,2.0
71.45249583333303,0.0,1.0,2.0,6.0,4.0,2.0
71.4541624999997,0.0,1.0,2.0,6.0,4.0,2.0
71.7541624999997,0.0,1.0,2.0,6.0,4.0,2.0
71.75582916666636,0.0,1.0,2.0,6.0,4.0,2.0
72.05582916666636,0.0,1.0,2.0,6.0,4.0,2.0
72.05749583333302,0.0,1.0,2.0,6.0,4.0,2.0
72.35749583333302,0.0,1.0,2.0,6.0,4.0,2.0
72.35916249999968,0.0,1.0,2.0,6.0,4.0,2.0
72.65916249999968,0.0,1.0,2.0,6.0,4.0,2.0
72.66082916666635,0.0,1.0,2.0,6.0,4.0,2.0
72.96082916666634,0.0,1.0,2.0,6.0,4.0,2.0
72.96249583333301,0.0,1.0,2.0,6.0,4.0,2.0
73.262495833333,0.0,1.0,2.0,6.0,4.0,2.0
73.26416249999967,0.0,1.0,2.0,6.0,4.0,2.0
73.56416249999967,0.0,1.0,2.0,6.0,4.0,2.0
73.56582916666633,0.0,1.0,2.0,6.0,4.0,2.0
73.86582916666633,0.0,1.0,2.0,6.0,4.0,2.0
73.867495833333,0.0,1.0,2.0,6.0,4.0,2.0
74.16749583333299,0.0,1.0,2.0,6.0,4.0,2.0
74.16916249999966,0.0,1.0,2.0,6.0,4.0,2.0
74.46916249999965,0.0,1.0,2.0,6.0,4.0,2.0
74.47082916666632,0.0,1.0,2.0,4.0,4.0,3.0
74.77082916666632,0.0,1.0,2.0,4.0,4.0,3.0
74.77457916666631,0.0,1.0,2.0,4.0,4.0,3.0
75.07457916666631,0.0,1.0,2.0,4.0,4.0,3.0
75.07832916666631,0.0,1.0,2.0,2.0,4.0,4.0
75.3783291666663,0.0,1.0,2.0,2.0,4.0,4.0
75.3843291666663,0.0,1.0,2.0,2.0,4.0,4.0
75.6843291666663,0.0,1.0,2.0,2.0,4.0,4.0
75.6903291666663,0.0,1.0,2.0,2.0,4.0,4.0
75.9903291666663,0.0,1.0,2.0,2.0,4.0,4.0
75.9963291666663,0.0,1.0,2.0,2.0,4.0,4.0
76.2963291666663,0.0,1.0,2.0,2.0,4.0,4.0
76.3023291666663,0.0,1.0,2.0,2.0,4.0,4.0
76.6023291666663,0.0,1.0,2.0,2.0,4.0,4.0
76.6083291666663,0.0,1.0,2.0,2.0,4.0,4.0
76.90832916666629,0.0,1.0,2.0,2.0,4.0,4.0
76.91432916666629,0.0,1.0,2.0,2.0,4.0,4.0
77.21432916666629,0.0,1.0,2.0,2.0,4.0,4.0
77.22032916666629,0.0,1.0,2.0,2.0,4.0,4.0
77.52032916666629,0.0,1.0,2.0,2.0,4.0,4.0
77.52632916666629,0.0,1.0,2.0,2.0,4.0,4.0
77.82632916666628,0.0,1.0,2.0,2.0,4.0,4.0
77.83232916666628,0.0,1.0,2.0,2.0,4.0,4.0
78.13232916666628,0.0,1.0,2.0,2.0,4.0,4.0
78.13832916666628,0.0,1.0,2.0,2.0,4.0,4.0
78.43832916666628,0.0,1.0,2.0,2.0,4.0,4.0
78.44432916666628,0.0,1.0,2.0,2.0,4.0,4.0
78.74432916666628,0.0,1.0,2.0,2.0,4.0,4.0
78.75032916666628,0.0,1.0,2.0,2.0,4.0,4.0
79.05032916666627,0.0,1.0,2.0,2.0,4.0,4.0
79.05632916666627,0.0,1.0,2.0,2.0,4.0,4.0
79.35632916666627,0.0,1.0,2.0,2.0,4.0,4.0
79.36232916666627,0.0,1.0,2.0,2.0,4.0,4.0
79.66232916666627,0.0,1.0,2.0,2.0,4.0,4.0
79.66832916666627,0.0,1.0,2.0,2.0,4.0,4.0
79.96832916666627,0.0,1.0,2.0,2.0,4.0,4.0
79.97432916666627,0.0,1.0,2.0,2.0,4.0,4.0
80.27432916666626,0.0,1.0,2.0,2.0,4.0,4.0
80.28032916666626,0.0,1.0,2.0,2.0,4.0,4.0
80.58032916666626,0.0,1.0,2.0,2.0,4.0,4.0
80.58632916666626,0.0,1.0,2.0,2.0,4.0,4.0
80.88632916666626,0.0,1.0,2.0,2.0,4.0,4.0
80.89232916666626,0.0,1.0,0.0,2.0,5.0,4.0
81.19232916666625,0.0,1.0,0.0,2.0,5.0,4.0
81.19832916666626,0.0,1.0,0.0,2.0,5.0,4.0
81.49832916666625,0.0,1.0,0.0,2.0,5.0,4.0
81.50432916666625,0.0,1.0,0.0,2.0,5.0,4.0
81.80432916666625,0.0,1.0,0.0,2.0,5.0,4.0
81.81032916666625,0.0,1.0,0.0,2.0,5.0,4.0
82.11032916666625,0.0,1.0,0.0,2.0,5.0,4.0
82.11632916666625,0.0,1.0,0.0,2.0,5.0,4.0
82.41632916666624,0.0,1.0,0.0,2.0,5.0,4.0
82.42232916666624,0.0,1.0,0.0,2.0,5.0,4.0
82.72232916666624,0.0,1.0,0.0,2.0,5.0,4.0
82.72832916666624,0.0,1.0,0.0,2.0,5.0,4.0
83.02832916666624,0.0,1.0,0.0,2.0,5.0,4.0
83.03432916666624,0.0,1.0,0.0,2.0,5.0,4.0
83.33432916666624,0.0,1.0,0.0,2.0,5.0,4.0
83.34032916666624,0.0,1.0,0.0,2.0,5.0,4.0
83.64032916666623,0.0,1.0,0.0,2.0,5.0,4.0
83.64632916666623,0.0,1.0,0.0,2.0,5.0,4.0
83.94632916666623,0.0,1.0,0.0,2.0,5.0,4.0
83.95232916666623,0.0,1.0,0.0,2.0,5.0,4.0
84.25232916666623,0.0,1.0,0.0,2.0,5.0,4.0
84.25832916666623,0.0,1.0,0.0,2.0,5.0,4.0
84.55832916666623,0.0,1.0,0.0,2.0,5.0,4.0
84.56432916666623,0.0,1.0,0.0,2.0,5.0,4.0
84.86432916666622,0.0,1.0,0.0,2.0,5.0,4.0
84.87032916666622,0.0,1.0,0.0,2.0,5.0,4.0
85.17032916666622,0.0,1.0,0.0,2.0,5.0,4.0
85.17632916666622,0.0,1.0,0.0,2.0,5.0,4.0
85.47632916666622,0.0,1.0,0.0,2.0,5.0,4.0
85.48232916666622,0.0,2.0,0.0,2.0,5.0,4.0
85.78232916666622,0.0,2.0,0.0,2.0,5.0,4.0
85.78832916666622,0.0,2.0,0.0,2.0,5.0,4.0
86.08832916666621,0.0,2.0,0.0,2.0,5.0,4.0
86.09432916666621,0.0,2.0,0.0,2.0,5.0,4.0
86.39432916666621,0.0,2.0,0.0,2.0,5.0,4.0
86.40032916666621,0.0,2.0,0.0,2.0,5.0,4.0
86.70032916666621,0.0,2.0,0.0,2.0,5.0,4.0
86.70632916666621,0.0,2.0,0.0,2.0,5.0,4.0
87.0063291666662,0.0,2.0,0.0,2.0,5.0,4.0
87.0123291666662,0.0,2.0,0.0,2.0,5.0,4.0
87.3123291666662,0.0,2.0,0.0,2.0,5.0,4.0
87.3183291666662,0.0,2.0,0.0,2.0,5.0,4.0
87.6183291666662,0.0,2.0,0.0,2.0,5.0,4.0
87.6243291666662,0.0,2.0,0.0,2.0,5.0,4.0
87.9243291666662,0.0,2.0,0.0,2.0,5.0,4.0
87.9303291666662,0.0,2.0,0.0,2.0,5.0,4.0
88.2303291666662,0.0,2.0,0.0,2.0,5.0,4.0
88.2343291666662,0.0,2.0,0.0,2.0,5.0,4.0
88.5343291666662,0.0,2.0,0.0,2.0,5.0,4.0
88.5383291666662,0.0,2.0,0.0,2.0,5.0,4.0
88.8383291666662,0.0,2.0,0.0,2.0,5.0,4.0
88.8423291666662,0.0,2.0,0.0,2.0,5.0,4.0
89.1423291666662,0.0,2.0,0.0,2.0,5.0,4.0
89.1463291666662,0.0,2.0,0.0,2.0,5.0,4.0
89.4463291666662,0.0,2.0,0.0,2.0,5.0,4.0
89.45032916666621,0.0,2.0,0.0,2.0,5.0,4.0
89.7503291666662,0.0,2.0,0.0,2.0,5.0,4.0
89.75432916666621,0.0,2.0,0.0,2.0,5.0,4.0
90.05432916666621,0.0,2.0,0.0,2.0,5.0,4.0
90.05832916666621,0.0,2.0,0.0,2.0,5.0,4.0
90.35832916666621,0.0,2.0,0.0,2.0,5.0,4.0
90.36232916666621,0.0,2.0,0.0,2.0,5.0,4.0
90.66232916666621,0.0,2.0,0.0,2.0,5.0,4.0
90.66632916666622,0.0,2.0,0.0,2.0,5.0,4.0
90.96632916666621,0.0,2.0,0.0,2.0,5.0,4.0
90.97032916666622,0.0,2.0,0.0,2.0,5.0,4.0
91.27032916666622,0.0,2.0,0.0,2.0,5.0,4.0
91.27432916666622,0.0,2.0,0.0,2.0,5.0,4.0
91.57432916666622,0.0,2.0,0.0,2.0,5.0,4.0
91.57832916666622,0.0,2.0,0.0,2.0,5.0,4.0
91.87832916666622,0.0,2.0,0.0,2.0,5.0,4.0
91.88232916666622,0.0,2.0,0.0,2.0,5.0,4.0
92.18232916666622,0.0,2.0,0.0,2.0,5.0,4.0
92.18632916666623,0.0,2.0,0.0,2.0,5.0,4.0
92.48632916666622,0.0,2.0,0.0,2.0,5.0,4.0
92.49032916666623,0.0,2.0,0.0,2.0,5.0,4.0
92.79032916666623,0.0,2.0,0.0,2.0,5.0,4.0
92.79432916666623,0.0,2.0,0.0,2.0,5.0,4.0
93.09432916666623,0.0,2.0,0.0,2.0,5.0,4.0
93.09832916666623,0.0,2.0,0.0,2.0,5.0,4.0
93.39832916666623,0.0,2.0,0.0,2.0,5.0,4.0
93.40232916666623,0.0,2.0,0.0,2.0,5.0,4.0
93.70232916666623,0.0,2.0,0.0,2.0,5.0,4.0
93.70632916666624,0.0,2.0,0.0,2.0,5.0,4.0
94.00632916666623,0.0,2.0,0.0,2.0,5.0,4.0
94.01032916666624,0.0,2.0,0.0,2.0,5.0,4.0
94.31032916666624,0.0,2.0,0.0,2.0,5.0,4.0
94.31432916666624,0.0,2.0,0.0,2.0,5.0,4.0
94.61432916666624,0.0,2.0,0.0,2.0,5.0,4.0
94.61832916666624,0.0,2.0,0.0,2.0,5.0,4.0
94.91832916666624,0.0,2.0,0.0,2.0,5.0,4.0
94.92232916666624,0.0,2.0,0.0,2.0,5.0,4.0
95.22232916666624,0.0,2.0,0.0,2.0,5.0,4.0
95.22632916666625,0.0,2.0,0.0,2.0,5.0,4.0
95.52632916666624,0.0,2.0,0.0,2.0,5.0,4.0
95.53032916666625,0.0,2.0,0.0,2.0,5.0,4.0
95.83032916666625,0.0,2.0,0.0,2.0,5.0,4.0
95.83432916666625,0.0,2.0,0.0,2.0,5.0,4.0
96.13432916666625,0.0,2.0,0.0,2.0,5.0,4.0
96.13832916666625,0.0,2.0,5.0,2.0,5.0,4.0
96.43832916666625,0.0,2.0,5.0,2.0,5.0,4.0
96.44072916666624,0.0,2.0,5.0,2.0,5.0,4.0
96.74072916666624,0.0,2.0,5.0,2.0,5.0,4.0
96.74312916666624,0.0,2.0,5.0,2.0,5.0,4.0
97.04312916666623,0.0,2.0,5.0,2.0,5.0,4.0
97.04552916666623,0.0,2.0,5.0,2.0,5.0,4.0
97.34552916666622,0.0,2.0,5.0,2.0,5.0,4.0
97.34792916666622,0.0,2.0,5.0,2.0,5.0,4.0
97.64792916666622,0.0,2.0,5.0,2.0,5.0,4.0
97.65032916666621,0.0,2.0,5.0,2.0,5.0,4.0
97.95032916666621,0.0,2.0,5.0,2.0,5.0,4.0
97.9527291666662,0.0,2.0,5.0,2.0,5.0,4.0
98.2527291666662,0.0,2.0,5.0,2.0,5.0,4.0
98.2551291666662,0.0,2.0,5.0,2.0,5.0,4.0
98.55512916666619,0.0,2.0,5.0,2.0,5.0,4.0
98.55752916666619,0.0,2.0,5.0,2.0,5.0,4.0
98.85752916666618,0.0,2.0,5.0,2.0,5.0,4.0
98.85992916666618,0.0,2.0,5.0,2.0,5.0,4.0
99.15992916666617,0.0,2.0,5.0,2.0,5.0,4.0
99.16232916666617,0.0,2.0,5.0,2.0,5.0,4.0
99.46232916666617,0.0,2.0,5.0,2.0,5.0,4.0
99.46472916666616,0.0,2.0,5.0,2.0,5.0,4.0
99.76472916666616,0.0,2.0,5.0,2.0,5.0,4.0
99.76712916666615,0.0,2.0,5.0,2.0,5.0,4.0
100.06712916666615,0.0,2.0,5.0,2.0,5.0,4.0
100.06952916666614,0.0,2.0,5.0,2.0,5.0,4.0
100.36952916666614,0.0,2.0,5.0,2.0,5.0,4.0
100.37192916666613,0.0,2.0,5.0,2.0,5.0,4.0
100.67192916666613,0.0,2.0,5.0,2.0,5.0,4.0
100.67432916666613,0.0,2.0,5.0,2.0,5.0,4.0
100.97432916666612,0.0,2.0,5.0,2.0,5.0,4.0
100.97672916666612,0.0,2.0,5.0,2.0,5.0,4.0
101.27672916666612,0.0,2.0,5.0,2.0,5.0,4.0
101.27912916666611,0.0,2.0,3.0,2.0,6.0,4.0
101.5791291666661,0.0,2.0,3.0,2.0,6.0,4.0
101.58312916666611,0.0,2.0,3.0,2.0,6.0,4.0
101.88312916666611,0.0,2.0,3.0,2.0,6.0,4.0
101.88712916666611,0.0,2.0,3.0,2.0,6.0,4.0
102.18712916666611,0.0,2.0,3.0,2.0,6.0,4.0
102.19112916666612,0.0,2.0,3.0,2.0,6.0,4.0
102.49112916666611,0.0,2.0,3.0,2.0,6.0,4.0
102.49512916666612,0.0,2.0,3.0,2.0,6.0,4.0
102.79512916666611,0.0,2.0,3.0,2.0,6.0,4.0
102.79912916666612,0.0,2.0,3.0,2.0,6.0,4.0
103.09912916666612,0.0,2.0,3.0,2.0,6.0,4.0
103.10312916666612,0.0,2.0,3.0,2.0,6.0,4.0
103.40312916666612,0.0,2.0,3.0,2.0,6.0,4.0
103.40712916666612,0.0,2.0,3.0,2.0,6.0,4.0
103.70712916666612,0.0,2.0,3.0,2.0,6.0,4.0
103.71112916666613,0.0,2.0,3.0,2.0,6.0,4.0
104.01112916666612,0.0,2.0,3.0,2.0,6.0,4.0
104.01512916666613,0.0,2.0,3.0,2.0,6.0,4.0
104.31512916666613,0.0,2.0,3.0,2.0,6.0,4.0
104.31912916666613,0.0,2.0,3.0,2.0,6.0,4.0
104.61912916666613,0.0,2.0,3.0,2.0,6.0,4.0
104.62312916666613,0.0,2.0,3.0,2.0,6.0,4.0
104.92312916666613,0.0,2.0,3.0,2.0,6.0,4.0
104.92712916666613,0.0,2.0,3.0,2.0,6.0,4.0
105.22712916666613,0.0,2.0,3.0,2.0,6.0,4.0
105.23112916666614,0.0,2.0,3.0,2.0,6.0,4.0
105.53112916666613,0.0,2.0,3.0,2.0,6.0,4.0
105.53512916666614,0.0,2.0,3.0,2.0,6.0,4.0
105.83512916666614,0.0,2.0,3.0,2.0,6.0,4.0
105.83912916666614,0.0,2.0,3.0,2.0,6.0,4.0
106.13912916666614,0.0,2.0,3.0,2.0,6.0,4.0
106.14312916666614,0.0,2.0,3.0,2.0,6.0,4.0
106.44312916666614,0.0,2.0,3.0,2.0,6.0,4.0
106.44712916666614,0.0,2.0,3.0,2.0,6.0,4.0
106.74712916666614,0.0,2.0,3.0,2.0,6.0,4.0
106.75112916666615,0.0,2.0,3.0,2.0,6.0,4.0
107.05112916666614,0.0,2.0,3.0,2.0,6.0,4.0
107.05512916666615,0.0,2.0,3.0,2.0,6.0,4.0
107.35512916666615,0.0,2.0,3.0,2.0,6.0,4.0
107.35912916666615,0.0,2.0,3.0,2.0,6.0,4.0
107.65912916666615,0.0,2.0,3.0,2.0,6.0,4.0
107.66312916666615,0.0,2.0,3.0,2.0,6.0,4.0
107.96312916666615,0.0,2.0,3.0,2.0,6.0,4.0
107.96712916666615,0.0,2.0,3.0,2.0,6.0,4.0
108.26712916666615,0.0,2.0,3.0,2.0,6.0,4.0
108.27112916666616,0.0,2.0,3.0,2.0,6.0,4.0
108.57112916666615,0.0,2.0,3.0,2.0,6.0,4.0
108.57512916666616,0.0,2.0,3.0,2.0,6.0,4.0
108.87512916666616,0.0,2.0,3.0,2.0,6.0,4.0
108.87912916666616,0.0,2.0,3.0,2.0,6.0,4.0
109.17912916666616,0.0,2.0,3.0,2.0,6.0,4.0
109.18312916666616,0.0,2.0,3.0,2.0,6.0,4.0
109.48312916666616,0.0,2.0,3.0,2.0,6.0,4.0
109.48712916666616,0.0,2.0,3.0,2.0,6.0,4.0
109.78712916666616,0.0,2.0,3.0,2.0,6.0,4.0
109.79112916666617,0.0,2.0,3.0,2.0,6.0,4.0
110.09112916666616,0.0,2.0,3.0,2.0,6.0,4.0
110.09512916666617,0.0,2.0,3.0,2.0,6.0,4.0
110.39512916666617,0.0,2.0,3.0,2.0,6.0,4.0
110.39912916666617,0.0,2.0,3.0,7.0,6.0,4.0
110.69912916666617,0.0,2.0,3.0,7.0,6.0,4.0
110.70035365646208,0.0,2.0,3.0,7.0,6.0,4.0
111.00035365646208,0.0,2.0,3.0,7.0,6.0,4.0
111.001578146258,0.0,2.0,3.0,7.0,6.0,4.0
111.301578146258,0.0,2.0,3.0,7.0,6.0,4.0
111.30280263605391,0.0,2.0,3.0,7.0,6.0,4.0
111.60280263605391,0.0,2.0,3.0,7.0,6.0,4.0
111.60402712584983,0.0,2.0,3.0,7.0,6.0,4.0
111.90402712584982,0.0,2.0,3.0,7.0,6.0,4.0
111.90525161564574,0.0,2.0,3.0,7.0,6.0,4.0
112.20525161564574,0.0,2.0,3.0,7.0,6.0,4.0
112.20647610544165,0.0,2.0,3.0,7.0,6.0,4.0
112.50647610544165,0.0,2.0,3.0,7.0,6.0,4.0
112.50770059523757,0.0,2.0,3.0,7.0,6.0,4.0
112.80770059523756,0.0,2.0,3.0,7.0,6.0,4.0
112.80892508503348,0.0,2.0,3.0,7.0,6.0,4.0
113.10892508503348,0.0,2.0,3.0,7.0,6.0,4.0
113.11014957482939,0.0,2.0,3.0,7.0,6.0,4.0
113.41014957482939,0.0,2.0,3.0,7.0,6.0,4.0
113.4113740646253,0.0,2.0,3.0,7.0,6.0,4.0
113.7113740646253,0.0,2.0,3.0,7.0,6.0,4.0
113.71259855442122,0.0,2.0,3.0,7.0,6.0,4.0
114.01259855442122,0.0,2.0,3.0,7.0,6.0,4.0
114.01382304421713,0.0,2.0,3.0,7.0,6.0,4.0
114.31382304421713,0.0,2.0,3.0,7.0,6.0,4.0
114.31504753401305,0.0,2.0,3.0,7.0,6.0,4.0
114.61504753401304,0.0,2.0,3.0,7.0,6.0,4.0
114.61627202380896,0.0,2.0,3.0,7.0,6.0,4.0
114.91627202380896,0.0,2.0,3.0,7.0,6.0,4.0
114.91749651360487,0.0,2.0,3.0,7.0,6.0,4.0
115.21749651360487,0.0,2.0,3.0,7.0,6.0,4.0
115.21872100340079,0.0,2.0,3.0,7.0,6.0,4.0
115.51872100340078,0.0,2.0,3.0,7.0,6.0,4.0
115.5199454931967,0.0,2.0,3.0,7.0,6.0,4.0
115.8199454931967,0.0,2.0,3.0,7.0,6.0,4.0
115.82116998299261,0.0,2.0,3.0,7.0,6.0,4.0
116.12116998299261,0.0,2.0,3.0,7.0,6.0,4.0
116.12239447278853,0.0,2.0,3.0,7.0,6.0,4.0
116.42239447278853,0.0,2.0,3.0,7.0,6.0,4.0
116.42361896258444,0.0,2.0,3.0,7.0,6.0,4.0
116.72361896258444,0.0,2.0,3.0,7.0,6.0,4.0
116.72484345238036,0.0,2.0,3.0,7.0,6.0,4.0
117.02484345238035,0.0,2.0,3.0,7.0,6.0,4.0
117.02606794217627,0.0,2.0,3.0,7.0,6.0,4.0
117.32606794217627,0.0,2.0,3.0,7.0,6.0,4.0
117.32729243197218,0.0,2.0,3.0,7.0,6.0,4.0
117.62729243197218,0.0,2.0,3.0,7.0,6.0,4.0
117.6285169217681,0.0,2.0,3.0,7.0,6.0,4.0
117.9285169217681,0.0,2.0,3.0,7.0,6.0,4.0
117.92974141156401,0.0,2.0,3.0,7.0,6.0,4.0
118.229741411564,0.0,2.0,3.0,7.0,6.0,4.0
118.23096590135992,0.0,2.0,3.0,7.0,6.0,4.0
118.53096590135992,0.0,2.0,3.0,7.0,6.0,4.0
118.53219039115584,0.0,2.0,3.0,7.0,6.0,4.0
118.83219039115583,0.0,2.0,3.0,7.0,6.0,4.0
118.83341488095175,0.0,2.0,3.0,7.0,6.0,4.0
119.13341488095175,0.0,2.0,3.0,7.0,6.0,4.0
119.13463937074766,0.0,2.0,3.0,7.0,6.0,4.0
119.43463937074766,0.0,2.0,3.0,7.0,6.0,4.0
119.43586386054358,0.0,2.0,3.0,7.0,6.0,4.0
119.73586386054357,0.0,2.0,3.0,7.0,6.0,4.0
119.73708835033949,0.0,2.0,3.0,7.0,6.0,4.0
120.03708835033949,0.0,2.0,3.0,7.0,6.0,4.0
120.0383128401354,0.0,2.0,3.0,7.0,6.0,4.0
120.3383128401354,0.0,2.0,3.0,7.0,6.0,4.0
120.33953732993132,0.0,2.0,3.0,7.0,6.0,4.0
120.63953732993131,0.0,2.0,3.0,7.0,6.0,4.0
120.64076181972723,0.0,2.0,3.0,7.0,6.0,4.0
120.94076181972723,0.0,2.0,3.0,7.0,6.0,4.0
120.94198630952314,0.0,2.0,3.0,7.0,6.0,4.0
121.24198630952314,0.0,2.0,3.0,7.0,6.0,4.0
121.24321079931906,0.0,2.0,3.0,7.0,6.0,4.0
121.54321079931906,0.0,2.0,3.0,7.0,6.0,4.0
121.54443528911497,0.0,2.0,3.0,7.0,6.0,4.0
121.84443528911497,0.0,2.0,3.0,7.0,6.0,4.0
121.84565977891089,0.0,2.0,3.0,7.0,6.0,4.0
122.14565977891088,0.0,2.0,3.0,7.0,6.0,4.0
122.1468842687068,0.0,2.0,3.0,7.0,6.0,4.0
122.4468842687068,0.0,2.0,3.0,7.0,6.0,4.0
122.44810875850271,0.0,2.0,3.0,7.0,6.0,4.0
122.74810875850271,0.0,2.0,3.0,7.0,6.0,4.0
122.74933324829863,0.0,2.0,3.0,7.0,6.0,4.0
123.04933324829862,0.0,2.0,3.0,7.0,6.0,4.0
123.05055773809454,0.0,2.0,3.0,7.0,6.0,4.0
123.35055773809454,0.0,2.0,3.0,7.0,6.0,4.0
123.35178222789045,0.0,2.0,3.0,7.0,6.0,4.0
123.65178222789045,0.0,2.0,3.0,7.0,6.0,4.0
123.65300671768637,0.0,2.0,3.0,7.0,6.0,4.0
123.95300671768636,0.0,2.0,3.0,7.0,6.0,4.0
123.95423120748228,0.0,2.0,3.0,7.0,6.0,4.0
124.25423120748228,0.0,2.0,3.0,7.0,6.0,4.0
124.2554556972782,0.0,2.0,3.0,7.0,6.0,4.0
124.55545569727819,0.0,2.0,3.0,7.0,6.0,4.0
124.55668018707411,0.0,2.0,3.0,7.0,6.0,4.0
124.8566801870741,0.0,2.0,3.0,7.0,6.0,4.0
124.85790467687002,0.0,2.0,3.0,7.0,6.0,4.0
125.15790467687002,0.0,2.0,3.0,7.0,6.0,4.0
125.15912916666593,0.0,2.0,3.0,7.0,6.0,4.0
125.45912916666593,0.0,2.0,3.0,7.0,6.0,4.0
125.46035365646185,0.0,2.0,3.0,7.0,6.0,4.0
125.76035365646185,0.0,2.0,3.0,7.0,6.0,4.0
125.76157814625776,0.0,2.0,3.0,5.0,6.0,5.0
126.06157814625776,0.0,2.0,3.0,5.0,6.0,5.0
126.06397814625775,0.0,2.0,3.0,3.0,6.0,6.0
126.36397814625775,0.0,2.0,3.0,3.0,6.0,6.0
126.36997814625775,0.0,2.0,3.0,3.0,6.0,6.0
126.66997814625775,0.0,2.0,3.0,3.0,6.0,6.0
126.67597814625775,0.0,2.0,3.0,3.0,6.0,6.0
126.97597814625775,0.0,2.0,3.0,3.0,6.0,6.0
126.98197814625775,0.0,2.0,3.0,3.0,6.0,6.0
127.28197814625774,0.0,2.0,3.0,3.0,6.0,6.0
127.28797814625774,0.0,2.0,3.0,3.0,6.0,6.0
127.58797814625774,0.0,2.0,3.0,3.0,6.0,6.0
127.59397814625774,0.0,2.0,3.0,3.0,6.0,6.0
127.89397814625774,0.0,2.0,3.0,3.0,6.0,6.0
127.89997814625774,0.0,2.0,3.0,3.0,6.0,6.0
128.19997814625773,0.0,2.0,3.0,3.0,6.0,6.0
128.20597814625773,0.0,2.0,3.0,3.0,6.0,6.0
128.50597814625775,0.0,2.0,3.0,3.0,6.0,6.0
128.51197814625775,0.0,2.0,3.0,3.0,6.0,6.0
128.81197814625776,0.0,2.0,3.0,3.0,6.0,6.0
128.81797814625776,0.0,2.0,3.0,3.0,6.0,6.0
129.11797814625777,0.0,2.0,3.0,3.0,6.0,6.0
129.12397814625777,0.0,2.0,3.0,3.0,6.0,6.0
129.42397814625778,0.0,2.0,3.0,3.0,6.0,6.0
129.42997814625778,0.0,2.0,3.0,3.0,6.0,6.0
129.7299781462578,0.0,2.0,3.0,3.0,6.0,6.0
129.7359781462578,0.0,2.0,3.0,3.0,6.0,6.0
130.0359781462578,0.0,2.0,3.0,3.0,6.0,6.0
130.0419781462578,0.0,2.0,3.0,3.0,6.0,6.0
130.34197814625782,0.0,2.0,3.0,3.0,6.0,6.0
130.34797814625782,0.0,2.0,3.0,3.0,6.0,6.0
130.64797814625783,0.0,2.0,3.0,3.0,6.0,6.0
130.65397814625783,0.0,2.0,3.0,3.0,6.0,6.0
130.95397814625784,0.0,2.0,3.0,3.0,6.0,6.0
130.95997814625784,0.0,2.0,3.0,3.0,6.0,6.0
131.25997814625785,0.0,2.0,3.0,3.0,6.0,6.0
131.26597814625785,0.0,2.0,3.0,3.0,6.0,6.0
131.56597814625786,0.0,2.0,3.0,3.0,6.0,6.0
131.57197814625786,0.0,2.0,3.0,3.0,6.0,6.0
131.87197814625787,0.0,2.0,3.0,3.0,6.0,6.0
131.87797814625787,0.0,2.0,3.0,3.0,6.0,6.0
132.17797814625789,0.0,2.0,3.0,3.0,6.0,6.0
132.18397814625789,0.0,2.0,3.0,3.0,6.0,6.0
132.4839781462579,0.0,2.0,3.0,3.0,6.0,6.0
132.4899781462579,0.0,2.0,3.0,3.0,6.0,6.0
132.7899781462579,0.0,2.0,3.0,3.0,6.0,6.0
132.7959781462579,0.0,2.0,3.0,3.0,6.0,6.0
133.09597814625792,0.0,2.0,3.0,3.0,6.0,6.0
133.10197814625792,0.0,2.0,3.0,3.0,6.0,6.0
133.40197814625793,0.0,2.0,3.0,3.0,6.0,6.0
133.40797814625793,0.0,2.0,3.0,3.0,6.0,6.0
133.70797814625794,0.0,2.0,3.0,3.0,6.0,6.0
133.71397814625794,0.0,2.0,1.0,1.0,7.0,7.0
134.01397814625795,0.0,2.0,1.0,1.0,7.0,7.0
134.01997814625796,0.0,2.0,1.0,1.0,7.0,7.0
134.31997814625797,0.0,2.0,1.0,1.0,7.0,7.0
134.32597814625797,0.0,2.0,1.0,1.0,7.0,7.0
134.62597814625798,0.0,2.0,1.0,1.0,7.0,7.0
134.63197814625798,0.0,2.0,1.0,1.0,7.0,7.0
134.931978146258,0.0,2.0,1.0,1.0,7.0,7.0
134.937978146258,0.0,2.0,1.0,1.0,7.0,7.0
135.237978146258,0.0,2.0,1.0,1.0,7.0,7.0
135.243978146258,0.0,2.0,1.0,1.0,7.0,7.0
135.543978146258,0.0,2.0,1.0,1.0,7.0,7.0
135.549978146258,0.0,2.0,1.0,1.0,7.0,7.0
135.84997814625802,0.0,2.0,1.0,1.0,7.0,7.0
135.85597814625802,0.0,2.0,1.0,1.0,7.0,7.0
136.15597814625804,0.0,2.0,1.0,1.0,7.0,7.0
136.16197814625804,0.0,2.0,1.0,1.0,7.0,7.0
136.46197814625805,0.0,2.0,1.0,1.0,7.0,7.0
136.46797814625805,0.0,2.0,1.0,1.0,7.0,7.0
136.76797814625806,0.0,2.0,1.0,1.0,7.0,7.0
136.77197814625805,0.0,2.0,1.0,6.0,7.0,7.0
137.07197814625806,0.0,2.0,1.0,6.0,7.0,7.0
137.07364481292473,0.0,2.0,1.0,6.0,7.0,7.0
137.37364481292474,0.0,2.0,1.0,6.0,7.0,7.0
137.3753114795914,0.0,2.0,1.0,6.0,7.0,7.0
137.67531147959141,0.0,2.0,1.0,6.0,7.0,7.0
137.67697814625808,0.0,2.0,1.0,6.0,7.0,7.0
137.9769781462581,0.0,2.0,1.0,6.0,7.0,7.0
137.97864481292476,0.0,2.0,1.0,6.0,7.0,7.0
138.27864481292477,0.0,2.0,1.0,6.0,7.0,7.0
138.28031147959143,0.0,2.0,1.0,6.0,7.0,7.0
138.58031147959144,0.0,2.0,1.0,6.0,7.0,7.0
138.5819781462581,0.0,2.0,1.0,6.0,7.0,7.0
138.88197814625812,0.0,2.0,1.0,6.0,7.0,7.0
138.88364481292479,0.0,2.0,1.0,6.0,7.0,7.0
139.1836448129248,0.0,2.0,1.0,6.0,7.0,7.0
139.18531147959146,0.0,2.0,1.0,6.0,7.0,7.0
139.48531147959147,0.0,2.0,1.0,6.0,7.0,7.0
139.48697814625814,0.0,2.0,1.0,6.0,7.0,7.0
139.78697814625815,0.0,2.0,1.0,6.0,7.0,7.0
139.78864481292482,0.0,2.0,1.0,6.0,7.0,7.0
140.08864481292483,0.0,2.0,1.0,6.0,7.0,7.0
140.0903114795915,0.0,2.0,1.0,6.0,7.0,7.0
140.3903114795915,0.0,2.0,1.0,6.0,7.0,7.0
140.39197814625817,0.0,2.0,1.0,6.0,7.0,7.0
140.69197814625818,0.0,2.0,1.0,6.0,7.0,7.0
140.69364481292484,0.0,2.0,1.0,6.0,7.0,7.0
140.99364481292486,0.0,2.0,1.0,6.0,7.0,7.0
140.99531147959152,0.0,2.0,1.0,6.0,7.0,7.0
141.29531147959153,0.0,2.0,1.0,6.0,7.0,7.0
141.2969781462582,0.0,2.0,1.0,6.0,7.0,7.0
141.5969781462582,0.0,2.0,1.0,6.0,7.0,7.0
141.59864481292487,0.0,2.0,1.0,6.0,7.0,7.0
141.89864481292489,0.0,2.0,1.0,6.0,7.0,7.0
141.90031147959155,0.0,2.0,1.0,6.0,7.0,7.0
142.20031147959156,0.0,2.0,1.0,6.0,7.0,7.0
142.20197814625823,0.0,2.0,1.0,6.0,7.0,7.0
142.50197814625824,0.0,2.0,1.0,6.0,7.0,7.0
142.5036448129249,0.0,2.0,1.0,6.0,7.0,7.0
142.80364481292492,0.0,2.0,1.0,6.0,7.0,7.0
142.80531147959158,0.0,2.0,1.0,6.0,7.0,7.0
143.1053114795916,0.0,2.0,1.0,6.0,7.0,7.0
143.10697814625826,0.0,2.0,1.0,6.0,7.0,7.0
143.40697814625827,0.0,2.0,1.0,6.0,7.0,7.0
143.40864481292493,0.0,2.0,1.0,6.0,7.0,7.0
143.70864481292494,0.0,2.0,1.0,6.0,7.0,7.0
143.7103114795916,0.0,2.0,1.0,6.0,7.0,7.0
144.01031147959162,0.0,2.0,1.0,6.0,7.0,7.0
144.0119781462583,0.0,2.0,1.0,6.0,7.0,7.0
144.3119781462583,0.0,2.0,1.0,6.0,7.0,7.0
144.31364481292496,0.0,2.0,1.0,6.0,7.0,7.0
144.61364481292497,0.0,2.0,1.0,6.0,7.0,7.0
144.61531147959164,0.0,2.0,1.0,6.0,7.0,7.0
144.91531147959165,0.0,2.0,1.0,6.0,7.0,7.0
144.91697814625832,0.0,2.0,1.0,6.0,7.0,7.0
145.21697814625833,0.0,2.0,1.0,6.0,7.0,7.0
145.218644812925,0.0,2.0,1.0,6.0,7.0,7.0
145.518644812925,0.0,2.0,1.0,6.0,7.0,7.0
145.52031147959167,0.0,2.0,1.0,4.0,7.0,8.0
145.82031147959168,0.0,2.0,1.0,4.0,7.0,8.0
145.82406147959168,0.0,2.0,1.0,4.0,7.0,8.0
146.1240614795917,0.0,2.0,1.0,4.0,7.0,8.0
146.12781147959168,0.0,2.0,1.0,4.0,7.0,8.0
146.4278114795917,0.0,2.0,1.0,4.0,7.0,8.0
146.4315614795917,0.0,2.0,1.0,4.0,7.0,8.0
146.7315614795917,0.0,2.0,1.0,4.0,7.0,8.0
146.7353114795917,0.0,2.0,1.0,4.0,7.0,8.0
147.0353114795917,0.0,2.0,1.0,4.0,7.0,8.0
147.0390614795917,0.0,2.0,1.0,4.0,7.0,8.0
147.33906147959172,0.0,2.0,1.0,4.0,7.0,8.0
147.34281147959172,0.0,2.0,1.0,4.0,7.0,8.0
147.64281147959173,0.0,2.0,1.0,4.0,7.0,8.0
147.64656147959172,0.0,2.0,1.0,4.0,7.0,8.0
147.94656147959174,0.0,2.0,1.0,4.0,7.0,8.0
147.95031147959173,0.0,2.0,1.0,4.0,7.0,8.0
148.25031147959174,0.0,2.0,1.0,4.0,7.0,8.0
148.25406147959174,0.0,2.0,1.0,4.0,7.0,8.0
148.55406147959175,0.0,2.0,1.0,4.0,7.0,8.0
148.55781147959175,0.0,2.0,1.0,4.0,7.0,8.0
148.85781147959176,0.0,2.0,1.0,4.0,7.0,8.0
148.86156147959176,0.0,2.0,1.0,4.0,7.0,8.0
149.16156147959177,0.0,2.0,1.0,4.0,7.0,8.0
149.16531147959176,0.0,2.0,1.0,4.0,7.0,8.0
149.46531147959178,0.0,2.0,1.0,4.0,7.0,8.0
149.46906147959177,0.0,2.0,1.0,4.0,7.0,8.0
149.76906147959178,0.0,2.0,1.0,4.0,7.0,8.0
149.77281147959178,0.0,2.0,1.0,4.0,7.0,8.0
150.0728114795918,0.0,2.0,1.0,4.0,7.0,8.0
150.0765614795918,0.0,2.0,1.0,4.0,7.0,8.0
150.3765614795918,0.0,2.0,1.0,4.0,7.0,8.0
150.3803114795918,0.0,2.0,1.0,4.0,7.0,8.0
150.6803114795918,0.0,2.0,1.0,4.0,7.0,8.0
150.6840614795918,0.0,2.0,1.0,4.0,7.0,8.0
150.98406147959182,0.0,2.0,1.0,4.0,7.0,8.0
150.9878114795918,0.0,2.0,1.0,4.0,7.0,8.0
151.28781147959182,0.0,2.0,1.0,4.0,7.0,8.0
151.29156147959182,0.0,2.0,1.0,4.0,7.0,8.0
151.59156147959183,0.0,2.0,1.0,4.0,7.0,8.0
151.59531147959183,0.0,2.0,1.0,4.0,7.0,8.0
151.89531147959184,0.0,2.0,1.0,4.0,7.0,8.0
151.89906147959184,0.0,2.0,1.0,4.0,7.0,8.0
152.19906147959185,0.0,2.0,1.0,4.0,7.0,8.0
152.20281147959184,0.0,2.0,1.0,4.0,7.0,8.0
152.50281147959186,0.0,2.0,1.0,4.0,7.0,8.0
152.50656147959185,0.0,2.0,1.0,4.0,7.0,8.0
152.80656147959186,0.0,2.0,1.0,4.0,7.0,8.0
152.81031147959186,0.0,2.0,1.0,4.0,7.0,8.0
153.11031147959187,0.0,2.0,1.0,4.0,7.0,8.0
153.11406147959187,0.0,2.0,1.0,4.0,7.0,8.0
153.41406147959188,0.0,2.0,1.0,4.0,7.0,8.0
153.41781147959188,0.0,2.0,1.0,4.0,7.0,8.0
153.7178114795919,0.0,2.0,1.0,4.0,7.0,8.0
153.72156147959188,0.0,2.0,1.0,4.0,7.0,8.0
154.0215614795919,0.0,2.0,1.0,4.0,7.0,8.0
154.0253114795919,0.0,2.0,1.0,4.0,7.0,8.0
154.3253114795919,0.0,2.0,1.0,4.0,7.0,8.0
154.3290614795919,0.0,2.0,1.0,4.0,7.0,8.0
154.6290614795919,0.0,2.0,1.0,4.0,7.0,8.0
154.6328114795919,0.0,2.0,1.0,4.0,7.0,8.0
154.93281147959192,0.0,2.0,1.0,4.0,7.0,8.0
154.93656147959192,0.0,2.0,1.0,4.0,7.0,8.0
155.23656147959193,0.0,2.0,1.0,4.0,7.0,8.0
155.24031147959192,0.0,2.0,1.0,4.0,7.0,8.0
155.54031147959194,0.0,2.0,1.0,4.0,7.0,8.0
155.54406147959193,0.0,2.0,1.0,4.0,7.0,8.0
155.84406147959194,0.0,2.0,1.0,4.0,7.0,8.0
155.84781147959194,0.0,2.0,1.0,4.0,7.0,8.0
156.14781147959195,0.0,2.0,1.0,4.0,7.0,8.0
156.15156147959195,0.0,2.0,1.0,4.0,7.0,8.0
156.45156147959196,0.0,2.0,1.0,4.0,7.0,8.0
156.45531147959196,0.0,2.0,1.0,4.0,7.0,8.0
156.75531147959197,0.0,2.0,1.0,4.0,7.0,8.0
156.75906147959196,0.0,2.0,1.0,4.0,7.0,8.0
157.05906147959197,0.0,2.0,1.0,4.0,7.0,8.0
157.06281147959197,0.0,2.0,1.0,4.0,7.0,8.0
157.36281147959198,0.0,2.0,1.0,4.0,7.0,8.0
157.36656147959198,0.0,2.0,1.0,4.0,7.0,8.0
157.666561479592,0.0,2.0,1.0,4.0,7.0,8.0
157.670311479592,0.0,2.0,1.0,4.0,7.0,8.0
157.970311479592,0.0,2.0,1.0,4.0,7.0,8.0
157.974061479592,0.0,2.0,1.0,4.0,7.0,8.0
158.274061479592,0.0,2.0,1.0,4.0,7.0,8.0
158.277811479592,0.0,2.0,1.0,4.0,7.0,8.0
158.57781147959201,0.0,2.0,1.0,4.0,7.0,8.0
158.581561479592,0.0,2.0,1.0,4.0,7.0,8.0
158.88156147959202,0.0,2.0,1.0,4.0,7.0,8.0
158.88531147959202,0.0,2.0,1.0,4.0,7.0,8.0
159.18531147959203,0.0,2.0,1.0,4.0,7.0,8.0
159.18906147959203,0.0,2.0,1.0,4.0,7.0,8.0
159.48906147959204,0.0,2.0,1.0,4.0,7.0,8.0
159.49281147959204,0.0,2.0,1.0,4.0,7.0,8.0
159.79281147959205,0.0,2.0,1.0,4.0,7.0,8.0
159.79656147959204,0.0,2.0,1.0,4.0,7.0,8.0
160.09656147959205,0.0,2.0,1.0,4.0,7.0,8.0
160.10031147959205,0.0,2.0,1.0,4.0,7.0,8.0
160.40031147959206,0.0,2.0,1.0,4.0,7.0,8.0
160.40406147959206,0.0,2.0,1.0,4.0,7.0,8.0
160.70406147959207,0.0,2.0,1.0,4.0,7.0,8.0
160.70781147959207,0.0,2.0,1.0,4.0,7.0,8.0
161.00781147959208,0.0,2.0,1.0,4.0,7.0,8.0
161.01156147959207,0.0,2.0,1.0,4.0,7.0,8.0
161.3115614795921,0.0,2.0,1.0,4.0,7.0,8.0
161.31531147959208,0.0,2.0,1.0,4.0,7.0,8.0
161.6153114795921,0.0,2.0,1.0,4.0,7.0,8.0
161.6190614795921,0.0,2.0,1.0,4.0,7.0,8.0
161.9190614795921,0.0,2.0,1.0,4.0,7.0,8.0
161.9228114795921,0.0,2.0,1.0,4.0,7.0,8.0
162.2228114795921,0.0,2.0,1.0,4.0,7.0,8.0
162.2265614795921,0.0,2.0,1.0,4.0,7.0,8.0
162.52656147959212,0.0,2.0,1.0,4.0,7.0,8.0
162.53031147959211,0.0,2.0,1.0,4.0,7.0,8.0
162.83031147959213,0.0,2.0,1.0,4.0,7.0,8.0
162.83406147959212,0.0,2.0,1.0,4.0,7.0,8.0
163.13406147959213,0.0,2.0,1.0,4.0,7.0,8.0
163.13781147959213,0.0,2.0,1.0,4.0,7.0,8.0
163.43781147959214,0.0,2.0,1.0,4.0,7.0,8.0
163.44156147959214,0.0,2.0,1.0,4.0,7.0,8.0
163.74156147959215,0.0,2.0,1.0,4.0,7.0,8.0
163.74531147959215,0.0,2.0,1.0,4.0,7.0,8.0
164.04531147959216,0.0,2.0,1.0,4.0,7.0,8.0
164.04906147959215,0.0,2.0,1.0,4.0,7.0,8.0
164.34906147959217,0.0,2.0,1.0,4.0,7.0,8.0
164.35281147959216,0.0,2.0,1.0,4.0,7.0,8.0
164.65281147959217,0.0,2.0,1.0,4.0,7.0,8.0
164.65656147959217,0.0,2.0,1.0,4.0,7.0,8.0
164.95656147959218,0.0,2.0,1.0,4.0,7.0,8.0
164.96031147959218,0.0,2.0,1.0,4.0,7.0,8.0
165.2603114795922,0.0,2.0,1.0,4.0,7.0,8.0
165.2640614795922,0.0,2.0,1.0,4.0,7.0,8.0
165.5640614795922,0.0,2.0,1.0,4.0,7.0,8.0
165.5678114795922,0.0,2.0,1.0,4.0,7.0,8.0
165.8678114795922,0.0,2.0,1.0,4.0,7.0,8.0
165.8715614795922,0.0,2.0,1.0,4.0,7.0,8.0
166.1715614795922,0.0,2.0,1.0,4.0,7.0,8.0
166.1753114795922,0.0,2.0,1.0,4.0,7.0,8.0
166.47531147959222,0.0,2.0,1.0,4.0,7.0,8.0
166.47906147959222,0.0,2.0,1.0,4.0,7.0,8.0
166.77906147959223,0.0,2.0,1.0,4.0,7.0,8.0
166.78281147959223,0.0,2.0,1.0,4.0,7.0,8.0
167.08281147959224,0.0,2.0,1.0,4.0,7.0,8.0
167.08656147959223,0.0,2.0,1.0,4.0,7.0,8.0
167.38656147959225,0.0,2.0,1.0,4.0,7.0,8.0
167.39031147959224,0.0,2.0,1.0,4.0,7.0,8.0
167.69031147959225,0.0,2.0,1.0,4.0,7.0,8.0
167.69406147959225,0.0,2.0,1.0,4.0,7.0,8.0
167.99406147959226,0.0,2.0,1.0,4.0,7.0,8.0
167.99781147959226,0.0,2.0,1.0,2.0,7.0,9.0
168.29781147959227,0.0,2.0,1.0,2.0,7.0,9.0
168.30181147959226,0.0,2.0,1.0,2.0,7.0,9.0
168.60181147959227,0.0,2.0,1.0,2.0,7.0,9.0
168.60581147959226,0.0,2.0,1.0,2.0,7.0,9.0
168.90581147959227,0.0,2.0,1.0,2.0,7.0,9.0
168.90981147959226,0.0,2.0,1.0,2.0,7.0,9.0
169.20981147959228,0.0,2.0,1.0,2.0,7.0,9.0
169.21381147959227,0.0,2.0,1.0,2.0,7.0,9.0
169.51381147959228,0.0,2.0,1.0,2.0,7.0,9.0
169.51781147959227,0.0,2.0,1.0,2.0,7.0,9.0
169.81781147959228,0.0,2.0,1.0,2.0,7.0,9.0
169.82181147959227,0.0,2.0,1.0,2.0,7.0,9.0
170.12181147959228,0.0,2.0,1.0,2.0,7.0,9.0
170.12581147959227,0.0,2.0,1.0,2.0,7.0,9.0
170.42581147959228,0.0,2.0,1.0,2.0,7.0,9.0
170.42981147959227,0.0,2.0,1.0,2.0,7.0,9.0
170.72981147959229,0.0,2.0,1.0,2.0,7.0,9.0
170.73381147959228,0.0,2.0,1.0,2.0,7.0,9.0
171.0338114795923,0.0,2.0,1.0,2.0,7.0,9.0
171.03781147959228,0.0,2.0,1.0,2.0,7.0,9.0
171.3378114795923,0.0,2.0,1.0,2.0,7.0,9.0
171.34181147959228,0.0,2.0,1.0,2.0,7.0,9.0
171.6418114795923,0.0,2.0,1.0,2.0,7.0,9.0
171.64581147959228,0.0,2.0,1.0,2.0,7.0,9.0
171.9458114795923,0.0,2.0,1.0,2.0,7.0,9.0
171.94981147959228,0.0,2.0,1.0,2.0,7.0,9.0
172.2498114795923,0.0,2.0,1.0,2.0,7.0,9.0
172.2538114795923,0.0,2.0,1.0,2.0,7.0,9.0
172.5538114795923,0.0,2.0,1.0,2.0,7.0,9.0
172.5578114795923,0.0,2.0,1.0,7.0,7.0,9.0
172.8578114795923,0.0,2.0,1.0,7.0,7.0,9.0
172.85903596938823,0.0,2.0,1.0,7.0,7.0,9.0
173.15903596938824,0.0,2.0,1.0,7.0,7.0,9.0
173.16026045918417,0.0,2.0,1.0,7.0,7.0,9.0
173.46026045918418,0.0,2.0,1.0,7.0,7.0,9.0
173.46148494898011,0.0,2.0,1.0,7.0,7.0,9.0
173.76148494898013,0.0,2.0,1.0,7.0,7.0,9.0
173.76270943877606,0.0,2.0,1.0,7.0,7.0,9.0
174.06270943877607,0.0,2.0,1.0,7.0,7.0,9.0
174.063933928572,0.0,2.0,1.0,7.0,7.0,9.0
174.363933928572,0.0,2.0,1.0,7.0,7.0,9.0
174.36515841836794,0.0,2.0,1.0,7.0,7.0,9.0
174.66515841836795,0.0,2.0,1.0,7.0,7.0,9.0
174.66638290816388,0.0,2.0,1.0,7.0,7.0,9.0
174.9663829081639,0.0,2.0,1.0,7.0,7.0,9.0
174.96760739795982,0.0,2.0,1.0,7.0,7.0,9.0
175.26760739795984,0.0,2.0,1.0,7.0,7.0,9.0
175.26883188775577,0.0,2.0,1.0,7.0,7.0,9.0
175.56883188775578,0.0,2.0,1.0,7.0,7.0,9.0
175.5700563775517,0.0,2.0,1.0,7.0,7.0,9.0
175.87005637755172,0.0,2.0,1.0,7.0,7.0,9.0
175.87128086734765,0.0,2.0,1.0,7.0,7.0,9.0
176.17128086734766,0.0,2.0,1.0,7.0,7.0,9.0
176.1725053571436,0.0,2.0,1.0,7.0,7.0,9.0
176.4725053571436,0.0,2.0,1.0,7.0,7.0,9.0
176.47372984693953,0.0,2.0,1.0,7.0,7.0,9.0
176.77372984693955,0.0,2.0,1.0,7.0,7.0,9.0
176.77495433673548,0.0,2.0,1.0,7.0,7.0,9.0
177.0749543367355,0.0,2.0,1.0,7.0,7.0,9.0
177.07617882653142,0.0,2.0,1.0,7.0,7.0,9.0
177.37617882653143,0.0,2.0,1.0,7.0,7.0,9.0
177.37740331632736,0.0,2.0,1.0,7.0,7.0,9.0
177.67740331632737,0.0,2.0,1.0,7.0,7.0,9.0
177.6786278061233,0.0,2.0,1.0,7.0,7.0,9.0
177.9786278061233,0.0,2.0,1.0,7.0,7.0,9.0
177.97985229591924,0.0,2.0,1.0,7.0,7.0,9.0
178.27985229591926,0.0,2.0,1.0,7.0,7.0,9.0
178.2810767857152,0.0,2.0,1.0,7.0,7.0,9.0
178.5810767857152,0.0,2.0,1.0,7.0,7.0,9.0
178.58230127551113,0.0,2.0,1.0,7.0,7.0,9.0
178.88230127551114,0.0,2.0,1.0,7.0,7.0,9.0
178.88352576530707,0.0,2.0,1.0,7.0,7.0,9.0
179.18352576530708,0.0,2.0,1.0,7.0,7.0,9.0
179.184750255103,0.0,2.0,1.0,7.0,7.0,9.0
179.48475025510302,0.0,2.0,1.0,7.0,7.0,9.0
179.48597474489895,0.0,2.0,1.0,7.0,7.0,9.0
179.78597474489897,0.0,2.0,1.0,7.0,7.0,9.0
179.7871992346949,0.0,2.0,1.0,7.0,7.0,9.0
180.0871992346949,0.0,2.0,1.0,7.0,7.0,9.0
180.08842372449084,0.0,2.0,1.0,7.0,7.0,9.0
180.38842372449085,0.0,2.0,1.0,7.0,7.0,9.0
180.38964821428678,0.0,2.0,1.0,7.0,7.0,9.0
180.6896482142868,0.0,2.0,1.0,7.0,7.0,9.0
180.69087270408272,0.0,2.0,1.0,7.0,7.0,9.0
180.99087270408273,0.0,2.0,1.0,7.0,7.0,9.0
180.99209719387866,0.0,2.0,1.0,7.0,7.0,9.0
181.29209719387867,0.0,2.0,1.0,7.0,7.0,9.0
181.2933216836746,0.0,2.0,1.0,7.0,7.0,9.0
181.59332168367462,0.0,2.0,1.0,7.0,7.0,9.0
181.59454617347055,0.0,2.0,1.0,7.0,7.0,9.0
181.89454617347056,0.0,2.0,1.0,7.0,7.0,9.0
181.8957706632665,0.0,2.0,1.0,7.0,7.0,9.0
182.1957706632665,0.0,2.0,1.0,7.0,7.0,9.0
182.19699515306243,0.0,2.0,1.0,7.0,7.0,9.0
182.49699515306244,0.0,2.0,1.0,7.0,7.0,9.0
182.49821964285837,0.0,2.0,1.0,7.0,7.0,9.0
182.79821964285838,0.0,2.0,1.0,7.0,7.0,9.0
182.79944413265432,0.0,2.0,1.0,7.0,7.0,9.0
183.09944413265433,0.0,2.0,1.0,7.0,7.0,9.0
183.10066862245026,0.0,2.0,1.0,7.0,7.0,9.0
183.40066862245027,0.0,2.0,1.0,7.0,7.0,9.0
183.4018931122462,0.0,2.0,1.0,7.0,7.0,9.0
183.7018931122462,0.0,2.0,1.0,7.0,7.0,9.0
183.70311760204214,0.0,2.0,1.0,7.0,7.0,9.0
184.00311760204215,0.0,2.0,1.0,7.0,7.0,9.0
184.00434209183808,0.0,2.0,1.0,7.0,7.0,9.0
184.3043420918381,0.0,2.0,1.0,7.0,7.0,9.0
184.30556658163403,0.0,2.0,1.0,7.0,7.0,9.0
184.60556658163404,0.0,2.0,1.0,7.0,7.0,9.0
184.60679107142997,0.0,2.0,1.0,7.0,7.0,9.0
184.90679107142998,0.0,2.0,1.0,7.0,7.0,9.0
184.9080155612259,0.0,2.0,1.0,7.0,7.0,9.0
185.20801556122592,0.0,2.0,1.0,7.0,7.0,9.0
185.20924005102185,0.0,2.0,1.0,7.0,7.0,9.0
185.50924005102186,0.0,2.0,1.0,7.0,7.0,9.0
185.5104645408178,0.0,2.0,1.0,7.0,7.0,9.0
185.8104645408178,0.0,2.0,1.0,7.0,7.0,9.0
185.81168903061373,0.0,2.0,1.0,7.0,7.0,9.0
186.11168903061375,0.0,2.0,1.0,7.0,7.0,9.0
186.11291352040968,0.0,2.0,1.0,7.0,7.0,9.0
186.4129135204097,0.0,2.0,1.0,7.0,7.0,9.0
186.41413801020562,0.0,2.0,1.0,7.0,7.0,9.0
186.71413801020563,0.0,2.0,1.0,7.0,7.0,9.0
186.71536250000156,0.0,2.0,1.0,7.0,7.0,9.0
187.01536250000157,0.0,2.0,1.0,7.0,7.0,9.0
187.0165869897975,0.0,2.0,1.0,7.0,7.0,9.0
187.3165869897975,0.0,2.0,1.0,7.0,7.0,9.0
187.31781147959344,0.0,2.0,1.0,7.0,7.0,9.0
187.61781147959346,0.0,2.0,1.0,7.0,7.0,9.0
187.6190359693894,0.0,2.0,1.0,7.0,7.0,9.0
187.9190359693894,0.0,2.0,1.0,7.0,7.0,9.0
187.92026045918533,0.0,2.0,1.0,7.0,7.0,9.0
188.22026045918534,0.0,2.0,1.0,7.0,7.0,9.0
188.22148494898127,0.0,2.0,1.0,7.0,7.0,9.0
188.52148494898128,0.0,2.0,1.0,7.0,7.0,9.0
188.5227094387772,0.0,2.0,1.0,7.0,7.0,9.0
188.82270943877722,0.0,2.0,1.0,7.0,7.0,9.0
188.82393392857315,0.0,2.0,1.0,7.0,7.0,9.0
189.12393392857317,0.0,2.0,1.0,7.0,7.0,9.0
189.1251584183691,0.0,2.0,1.0,7.0,7.0,9.0
189.4251584183691,0.0,2.0,1.0,7.0,7.0,9.0
189.42638290816504,0.0,2.0,1.0,7.0,7.0,9.0
189.72638290816505,0.0,2.0,1.0,7.0,7.0,9.0
189.72760739796098,0.0,2.0,1.0,7.0,7.0,9.0
190.027607397961,0.0,2.0,1.0,7.0,7.0,9.0
190.02883188775692,0.0,2.0,1.0,7.0,7.0,9.0
190.32883188775693,0.0,2.0,1.0,7.0,7.0,9.0
190.33005637755286,0.0,2.0,1.0,7.0,7.0,9.0
190.63005637755288,0.0,2.0,1.0,7.0,7.0,9.0
190.6312808673488,0.0,2.0,1.0,7.0,7.0,9.0
190.93128086734882,0.0,2.0,1.0,7.0,7.0,9.0
190.93250535714475,0.0,2.0,1.0,7.0,7.0,9.0
191.23250535714476,0.0,2.0,1.0,7.0,7.0,9.0
191.2337298469407,0.0,2.0,1.0,7.0,7.0,9.0
191.5337298469407,0.0,2.0,1.0,7.0,7.0,9.0
191.53495433673663,0.0,2.0,1.0,7.0,7.0,9.0
191.83495433673664,0.0,2.0,1.0,7.0,7.0,9.0
191.83617882653257,0.0,2.0,1.0,7.0,7.0,9.0
192.13617882653259,0.0,2.0,1.0,7.0,7.0,9.0
192.13740331632852,0.0,2.0,1.0,7.0,7.0,9.0
192.43740331632853,0.0,2.0,1.0,7.0,7.0,9.0
192.43862780612446,0.0,2.0,1.0,7.0,7.0,9.0
192.73862780612447,0.0,2.0,1.0,7.0,7.0,9.0
192.7398522959204,0.0,2.0,1.0,7.0,7.0,9.0
193.0398522959204,0.0,2.0,1.0,7.0,7.0,9.0
193.04107678571634,0.0,2.0,1.0,7.0,7.0,9.0
193.34107678571635,0.0,2.0,1.0,7.0,7.0,9.0
193.34230127551228,0.0,2.0,1.0,7.0,7.0,9.0
193.6423012755123,0.0,2.0,1.0,7.0,7.0,9.0
193.64352576530823,0.0,2.0,1.0,7.0,7.0,9.0
193.94352576530824,0.0,2.0,1.0,7.0,7.0,9.0
193.94475025510417,0.0,2.0,1.0,7.0,7.0,9.0
194.24475025510418,0.0,2.0,1.0,7.0,7.0,9.0
194.2459747449001,0.0,2.0,1.0,7.0,7.0,9.0
194.54597474490012,0.0,2.0,1.0,7.0,7.0,9.0
194.54719923469605,0.0,2.0,1.0,7.0,7.0,9.0
194.84719923469606,0.0,2.0,1.0,7.0,7.0,9.0
194.848423724492,0.0,2.0,1.0,7.0,7.0,9.0
195.148423724492,0.0,2.0,1.0,7.0,7.0,9.0
195.14964821428794,0.0,2.0,1.0,7.0,7.0,9.0
195.44964821428795,0.0,2.0,1.0,7.0,7.0,9.0
195.45087270408388,0.0,2.0,1.0,7.0,7.0,9.0
195.7508727040839,0.0,2.0,1.0,7.0,7.0,9.0
195.75209719387982,0.0,2.0,1.0,7.0,7.0,9.0
196.05209719387983,0.0,2.0,1.0,7.0,7.0,9.0
196.05332168367576,0.0,2.0,1.0,7.0,7.0,9.0
196.35332168367577,0.0,2.0,1.0,7.0,7.0,9.0
196.3545461734717,0.0,2.0,1.0,7.0,7.0,9.0
196.65454617347172,0.0,2.0,1.0,7.0,7.0,9.0
196.65577066326765,0.0,2.0,1.0,7.0,7.0,9.0
196.95577066326766,0.0,2.0,1.0,7.0,7.0,9.0
196.9569951530636,0.0,2.0,1.0,7.0,7.0,9.0
197.2569951530636,0.0,2.0,1.0,7.0,7.0,9.0
197.25821964285953,0.0,2.0,1.0,7.0,7.0,9.0
197.55821964285954,0.0,2.0,1.0,7.0,7.0,9.0
197.55944413265547,0.0,2.0,1.0,7.0,7.0,9.0
197.85944413265548,0.0,2.0,1.0,7.0,7.0,9.0
197.8606686224514,0.0,2.0,1.0,7.0,7.0,9.0
198.16066862245142,0.0,2.0,1.0,7.0,7.0,9.0
198.16189311224736,0.0,2.0,1.0,7.0,7.0,9.0
198.46189311224737,0.0,2.0,1.0,7.0,7.0,9.0
198.4631176020433,0.0,2.0,1.0,7.0,7.0,9.0
198.7631176020433,0.0,2.0,1.0,7.0,7.0,9.0
198.76434209183924,0.0,2.0,1.0,7.0,7.0,9.0
199.06434209183925,0.0,2.0,1.0,7.0,7.0,9.0
199.06556658163518,0.0,2.0,1.0,7.0,7.0,9.0
199.3655665816352,0.0,2.0,1.0,7.0,7.0,9.0
199.36679107143112,0.0,2.0,1.0,7.0,7.0,9.0
199.66679107143113,0.0,2.0,1.0,7.0,7.0,9.0
199.66801556122707,0.0,2.0,1.0,7.0,7.0,9.0
199.96801556122708,0.0,2.0,1.0,7.0,7.0,9.0
199.969240051023,0.0,2.0,1.0,7.0,7.0,9.0
200.26924005102302,0.0,2.0,1.0,7.0,7.0,9.0
200.27046454081895,0.0,2.0,1.0,5.0,7.0,10.0
200.57046454081896,0.0,2.0,1.0,5.0,7.0,10.0
200.57286454081895,0.0,2.0,1.0,5.0,7.0,10.0
200.87286454081897,0.0,2.0,1.0,5.0,7.0,10.0
200.87526454081896,0.0,2.0,1.0,5.0,7.0,10.0
201.17526454081897,0.0,2.0,1.0,5.0,7.0,10.0
201.17766454081897,0.0,2.0,1.0,5.0,7.0,10.0
201.47766454081898,0.0,2.0,1.0,5.0,7.0,10.0
201.48006454081897,0.0,2.0,1.0,5.0,7.0,10.0
201.78006454081898,0.0,2.0,1.0,5.0,7.0,10.0
201.78246454081898,0.0,2.0,1.0,5.0,7.0,10.0
202.082464540819,0.0,2.0,1.0,5.0,7.0,10.0
202.08486454081898,0.0,2.0,1.0,5.0,7.0,10.0
202.384864540819,0.0,2.0,1.0,5.0,7.0,10.0
202.387264540819,0.0,2.0,1.0,5.0,7.0,10.0
202.687264540819,0.0,2.0,1.0,5.0,7.0,10.0
202.689664540819,0.0,2.0,1.0,5.0,7.0,10.0
202.989664540819,0.0,2.0,1.0,5.0,7.0,10.0
202.992064540819,0.0,2.0,1.0,5.0,7.0,10.0
203.292064540819,0.0,2.0,1.0,5.0,7.0,10.0
203.294464540819,0.0,2.0,1.0,5.0,7.0,10.0
203.59446454081902,0.0,2.0,1.0,5.0,7.0,10.0
203.596864540819,0.0,2.0,1.0,5.0,7.0,10.0
203.89686454081902,0.0,2.0,1.0,5.0,7.0,10.0
203.89926454081902,0.0,2.0,1.0,5.0,7.0,10.0
204.19926454081903,0.0,2.0,1.0,5.0,7.0,10.0
204.20166454081902,0.0,2.0,1.0,5.0,7.0,10.0
204.50166454081904,0.0,2.0,1.0,5.0,7.0,10.0
204.50406454081903,0.0,2.0,1.0,5.0,7.0,10.0
204.80406454081904,0.0,2.0,1.0,5.0,7.0,10.0
204.80646454081904,0.0,2.0,1.0,5.0,7.0,10.0
205.10646454081905,0.0,2.0,1.0,5.0,7.0,10.0
205.10886454081904,0.0,2.0,1.0,5.0,7.0,10.0
205.40886454081905,0.0,2.0,1.0,5.0,7.0,10.0
205.41126454081905,0.0,2.0,1.0,5.0,7.0,10.0
205.71126454081906,0.0,2.0,1.0,5.0,7.0,10.0
205.71366454081905,0.0,2.0,1.0,5.0,7.0,10.0
206.01366454081906,0.0,2.0,1.0,5.0,7.0,10.0
206.01606454081906,0.0,2.0,1.0,5.0,7.0,10.0
206.31606454081907,0.0,2.0,1.0,5.0,7.0,10.0
206.31846454081906,0.0,2.0,1.0,5.0,7.0,10.0
206.61846454081908,0.0,2.0,1.0,5.0,7.0,10.0
206.62086454081907,0.0,2.0,1.0,5.0,7.0,10.0
206.92086454081908,0.0,2.0,1.0,5.0,7.0,10.0
206.92326454081908,0.0,2.0,1.0,5.0,7.0,10.0
207.2232645408191,0.0,2.0,1.0,5.0,7.0,10.0
207.22566454081908,0.0,2.0,1.0,3.0,7.0,11.0
207.5256645408191,0.0,2.0,1.0,3.0,7.0,11.0
207.5316645408191,0.0,2.0,1.0,3.0,7.0,11.0
207.8316645408191,0.0,2.0,1.0,3.0,7.0,11.0
207.8376645408191,0.0,2.0,1.0,3.0,7.0,11.0
208.13766454081912,0.0,2.0,1.0,3.0,7.0,11.0
208.14366454081912,0.0,2.0,1.0,3.0,7.0,11.0
208.44366454081913,0.0,2.0,1.0,3.0,7.0,11.0
208.44966454081913,0.0,2.0,1.0,3.0,7.0,11.0
208.74966454081914,0.0,2.0,1.0,3.0,7.0,11.0
208.75566454081914,0.0,2.0,1.0,3.0,7.0,11.0
209.05566454081915,0.0,2.0,1.0,3.0,7.0,11.0
209.06166454081915,0.0,2.0,1.0,3.0,7.0,11.0
209.36166454081916,0.0,2.0,1.0,3.0,7.0,11.0
209.36766454081916,0.0,1.0,1.0,3.0,7.0,11.0
209.66766454081917,0.0,1.0,1.0,3.0,7.0,11.0
209.67366454081917,0.0,1.0,1.0,3.0,7.0,11.0
209.9736645408192,0.0,1.0,1.0,3.0,7.0,11.0
209.9796645408192,0.0,1.0,1.0,3.0,7.0,11.0
210.2796645408192,0.0,1.0,1.0,3.0,7.0,11.0
210.2856645408192,0.0,1.0,1.0,3.0,7.0,11.0
210.5856645408192,0.0,1.0,1.0,3.0,7.0,11.0
210.5916645408192,0.0,1.0,1.0,3.0,7.0,11.0
210.89166454081922,0.0,1.0,1.0,3.0,7.0,11.0
210.89766454081922,0.0,1.0,1.0,3.0,7.0,11.0
211.19766454081923,0.0,1.0,1.0,3.0,7.0,11.0
211.20366454081923,0.0,1.0,1.0,3.0,7.0,11.0
211.50366454081924,0.0,1.0,1.0,3.0,7.0,11.0
211.50966454081924,0.0,1.0,1.0,3.0,7.0,11.0
211.80966454081926,0.0,1.0,1.0,3.0,7.0,11.0
211.81566454081926,0.0,1.0,1.0,3.0,7.0,11.0
212.11566454081927,0.0,1.0,1.0,3.0,7.0,11.0
212.12166454081927,0.0,1.0,1.0,3.0,7.0,11.0
212.42166454081928,0.0,1.0,1.0,3.0,7.0,11.0
212.42766454081928,0.0,1.0,1.0,3.0,7.0,11.0
212.7276645408193,0.0,1.0,1.0,3.0,7.0,11.0
212.7336645408193,0.0,1.0,1.0,3.0,7.0,11.0
213.0336645408193,0.0,1.0,1.0,3.0,7.0,11.0
213.0396645408193,0.0,1.0,1.0,3.0,7.0,11.0
213.3396645408193,0.0,1.0,1.0,3.0,7.0,11.0
213.3456645408193,0.0,1.0,1.0,3.0,7.0,11.0
213.64566454081933,0.0,1.0,1.0,3.0,7.0,11.0
213.65166454081933,0.0,1.0,1.0,3.0,7.0,11.0
213.95166454081934,0.0,1.0,1.0,3.0,7.0,11.0
213.95766454081934,0.0,1.0,1.0,3.0,7.0,11.0
214.25766454081935,0.0,1.0,1.0,3.0,7.0,11.0
214.26366454081935,0.0,1.0,1.0,3.0,7.0,11.0
214.56366454081936,0.0,1.0,1.0,3.0,7.0,11.0
214.56966454081936,0.0,1.0,1.0,3.0,7.0,11.0
214.86966454081937,0.0,1.0,1.0,3.0,7.0,11.0
214.87566454081937,0.0,1.0,1.0,3.0,7.0,11.0
215.17566454081938,0.0,1.0,1.0,3.0,7.0,11.0
215.18166454081938,0.0,1.0,1.0,3.0,7.0,11.0
215.4816645408194,0.0,1.0,1.0,3.0,7.0,11.0
215.4876645408194,0.0,1.0,1.0,3.0,7.0,11.0
215.7876645408194,0.0,1.0,1.0,3.0,7.0,11.0
215.7936645408194,0.0,1.0,1.0,1.0,7.0,12.0
216.09366454081942,0.0,1.0,1.0,1.0,7.0,12.0
216.09966454081942,0.0,1.0,1.0,1.0,7.0,12.0
216.39966454081943,0.0,1.0,1.0,1.0,7.0,12.0
216.40566454081943,0.0,1.0,1.0,1.0,7.0,12.0
216.70566454081944,0.0,1.0,1.0,1.0,7.0,12.0
216.70966454081943,0.0,1.0,1.0,1.0,7.0,12.0
217.00966454081944,0.0,1.0,1.0,1.0,7.0,12.0
217.01366454081943,0.0,1.0,1.0,1.0,7.0,12.0
217.31366454081945,0.0,1.0,1.0,1.0,7.0,12.0
217.31766454081944,0.0,1.0,1.0,1.0,7.0,12.0
217.61766454081945,0.0,1.0,1.0,1.0,7.0,12.0
217.62166454081944,0.0,1.0,1.0,1.0,7.0,12.0
217.92166454081945,0.0,1.0,1.0,1.0,7.0,12.0
217.92566454081944,0.0,1.0,1.0,1.0,7.0,12.0
218.22566454081945,0.0,1.0,1.0,1.0,7.0,12.0
218.22966454081944,0.0,1.0,1.0,1.0,7.0,12.0
218.52966454081945,0.0,1.0,1.0,1.0,7.0,12.0
218.53366454081944,0.0,1.0,1.0,1.0,7.0,12.0
218.83366454081946,0.0,1.0,1.0,1.0,7.0,12.0
218.83766454081945,0.0,1.0,6.0,1.0,7.0,12.0
219.13766454081946,0.0,1.0,6.0,1.0,7.0,12.0
219.13933120748612,0.0,1.0,6.0,1.0,7.0,12.0
219.43933120748613,0.0,1.0,6.0,1.0,7.0,12.0
219.4409978741528,0.0,1.0,6.0,1.0,7.0,12.0
219.7409978741528,0.0,1.0,6.0,1.0,7.0,12.0
219.74266454081948,0.0,1.0,6.0,1.0,7.0,12.0
220.0426645408195,0.0,1.0,6.0,1.0,7.0,12.0
220.04433120748615,0.0,1.0,6.0,1.0,7.0,12.0
220.34433120748616,0.0,1.0,6.0,1.0,7.0,12.0
220.34599787415283,0.0,1.0,6.0,1.0,7.0,12.0
220.64599787415284,0.0,1.0,6.0,1.0,7.0,12.0
220.6476645408195,0.0,1.0,6.0,1.0,7.0,12.0
220.94766454081952,0.0,1.0,6.0,1.0,7.0,12.0
220.94933120748618,0.0,1.0,4.0,1.0,8.0,12.0
221.2493312074862,0.0,1.0,4.0,1.0,8.0,12.0
221.2530812074862,0.0,1.0,4.0,1.0,8.0,12.0
221.5530812074862,0.0,1.0,4.0,1.0,8.0,12.0
221.5568312074862,0.0,1.0,4.0,1.0,8.0,12.0
221.8568312074862,0.0,1.0,4.0,1.0,8.0,12.0
221.8605812074862,0.0,1.0,4.0,1.0,8.0,12.0
222.16058120748622,0.0,1.0,4.0,1.0,8.0,12.0
222.1643312074862,0.0,1.0,4.0,1.0,8.0,12.0
222.46433120748623,0.0,1.0,4.0,1.0,8.0,12.0
222.46808120748622,0.0,1.0,4.0,1.0,8.0,12.0
222.76808120748623,0.0,1.0,4.0,1.0,8.0,12.0
222.77183120748623,0.0,1.0,4.0,1.0,8.0,12.0
223.07183120748624,0.0,1.0,4.0,1.0,8.0,12.0
223.07558120748624,0.0,1.0,4.0,1.0,8.0,12.0
223.37558120748625,0.0,1.0,4.0,1.0,8.0,12.0
223.37933120748625,0.0,1.0,4.0,1.0,8.0,12.0
223.67933120748626,0.0,1.0,4.0,1.0,8.0,12.0
223.68308120748625,0.0,1.0,4.0,1.0,8.0,12.0
223.98308120748626,0.0,1.0,4.0,1.0,8.0,12.0
223.98683120748626,0.0,1.0,4.0,1.0,8.0,12.0
224.28683120748627,0.0,1.0,4.0,1.0,8.0,12.0
224.29058120748627,0.0,1.0,4.0,1.0,8.0,12.0
224.59058120748628,0.0,1.0,4.0,1.0,8.0,12.0
224.59433120748628,0.0,1.0,4.0,1.0,8.0,12.0
224.8943312074863,0.0,1.0,4.0,1.0,8.0,12.0
224.89808120748629,0.0,1.0,4.0,1.0,8.0,12.0
225.1980812074863,0.0,1.0,4.0,1.0,8.0,12.0
225.2018312074863,0.0,1.0,4.0,1.0,8.0,12.0
225.5018312074863,0.0,1.0,4.0,1.0,8.0,12.0
225.5055812074863,0.0,1.0,4.0,1.0,8.0,12.0
225.8055812074863,0.0,1.0,4.0,1.0,8.0,12.0
225.8093312074863,0.0,1.0,4.0,1.0,8.0,12.0
226.10933120748632,0.0,1.0,4.0,1.0,8.0,12.0
226.11308120748632,0.0,1.0,4.0,1.0,8.0,12.0
226.41308120748633,0.0,1.0,4.0,1.0,8.0,12.0
226.41683120748633,0.0,1.0,4.0,1.0,8.0,12.0
226.71683120748634,0.0,1.0,4.0,1.0,8.0,12.0
226.72058120748633,0.0,1.0,4.0,1.0,8.0,12.0
227.02058120748634,0.0,1.0,4.0,1.0,8.0,12.0
227.02433120748634,0.0,1.0,4.0,1.0,8.0,12.0
227.32433120748635,0.0,1.0,4.0,1.0,8.0,12.0
227.32808120748635,0.0,1.0,4.0,1.0,8.0,12.0
227.62808120748636,0.0,1.0,4.0,1.0,8.0,12.0
227.63183120748636,0.0,1.0,4.0,1.0,8.0,12.0
227.93183120748637,0.0,1.0,4.0,1.0,8.0,12.0
227.93558120748636,0.0,1.0,4.0,1.0,8.0,12.0
228.23558120748638,0.0,1.0,4.0,1.0,8.0,12.0
228.23933120748637,0.0,1.0,4.0,1.0,8.0,12.0
228.53933120748638,0.0,1.0,4.0,1.0,8.0,12.0
228.54308120748638,0.0,1.0,4.0,1.0,8.0,12.0
228.8430812074864,0.0,1.0,4.0,1.0,8.0,12.0
228.8468312074864,0.0,1.0,4.0,1.0,8.0,12.0
229.1468312074864,0.0,1.0,4.0,1.0,8.0,12.0
229.1505812074864,0.0,1.0,4.0,1.0,8.0,12.0
229.4505812074864,0.0,1.0,4.0,1.0,8.0,12.0
229.4543312074864,0.0,1.0,4.0,1.0,8.0,12.0
229.75433120748642,0.0,1.0,4.0,1.0,8.0,12.0
229.7580812074864,0.0,1.0,4.0,1.0,8.0,12.0
230.05808120748642,0.0,1.0,4.0,1.0,8.0,12.0
230.06183120748642,0.0,1.0,4.0,1.0,8.0,12.0
230.36183120748643,0.0,1.0,4.0,1.0,8.0,12.0
230.36558120748643,0.0,1.0,4.0,1.0,8.0,12.0
230.66558120748644,0.0,1.0,4.0,1.0,8.0,12.0
230.66933120748644,0.0,1.0,4.0,1.0,8.0,12.0
230.96933120748645,0.0,1.0,4.0,1.0,8.0,12.0
230.97308120748644,0.0,1.0,4.0,1.0,8.0,12.0
231.27308120748646,0.0,1.0,4.0,1.0,8.0,12.0
231.27683120748645,0.0,1.0,4.0,1.0,8.0,12.0
231.57683120748646,0.0,1.0,4.0,1.0,8.0,12.0
231.58058120748646,0.0,1.0,4.0,1.0,8.0,12.0
231.88058120748647,0.0,1.0,4.0,1.0,8.0,12.0
231.88433120748647,0.0,1.0,4.0,6.0,8.0,12.0
232.18433120748648,0.0,1.0,4.0,6.0,8.0,12.0
232.18599787415314,0.0,1.0,4.0,6.0,8.0,12.0
232.48599787415316,0.0,1.0,4.0,6.0,8.0,12.0
232.48766454081982,0.0,1.0,4.0,6.0,8.0,12.0
232.78766454081983,0.0,1.0,4.0,6.0,8.0,12.0
232.7893312074865,0.0,1.0,4.0,6.0,8.0,12.0
233.0893312074865,0.0,1.0,4.0,6.0,8.0,12.0
233.09099787415317,0.0,1.0,4.0,6.0,8.0,12.0
233.3909978741532,0.0,1.0,4.0,6.0,8.0,12.0
233.39266454081985,0.0,1.0,4.0,6.0,8.0,12.0
233.69266454081986,0.0,1.0,4.0,6.0,8.0,12.0
233.69433120748653,0.0,1.0,4.0,6.0,8.0,12.0
233.99433120748654,0.0,1.0,4.0,6.0,8.0,12.0
233.9959978741532,0.0,1.0,4.0,6.0,8.0,12.0
234.29599787415322,0.0,1.0,4.0,6.0,8.0,12.0
234.29766454081988,0.0,1.0,4.0,6.0,8.0,12.0
234.5976645408199,0.0,1.0,4.0,6.0,8.0,12.0
234.59933120748656,0.0,1.0,4.0,6.0,8.0,12.0
234.89933120748657,0.0,1.0,4.0,6.0,8.0,12.0
234.90099787415323,0.0,1.0,4.0,6.0,8.0,12.0
235.20099787415324,0.0,1.0,4.0,6.0,8.0,12.0
235.2026645408199,0.0,1.0,4.0,6.0,8.0,12.0
235.50266454081992,0.0,1.0,4.0,6.0,8.0,12.0
235.5043312074866,0.0,1.0,4.0,6.0,8.0,12.0
235.8043312074866,0.0,1.0,4.0,6.0,8.0,12.0
235.80599787415326,0.0,1.0,4.0,6.0,8.0,12.0
236.10599787415327,0.0,1.0,4.0,6.0,8.0,12.0
236.10766454081994,0.0,1.0,4.0,6.0,8.0,12.0
236.40766454081995,0.0,1.0,4.0,6.0,8.0,12.0
236.40933120748662,0.0,1.0,4.0,6.0,8.0,12.0
236.70933120748663,0.0,1.0,4.0,6.0,8.0,12.0
236.7109978741533,0.0,1.0,4.0,6.0,8.0,12.0
237.0109978741533,0.0,1.0,4.0,6.0,8.0,12.0
237.01266454081997,0.0,1.0,4.0,6.0,8.0,12.0
237.31266454081998,0.0,1.0,4.0,6.0,8.0,12.0
237.31433120748665,0.0,1.0,4.0,6.0,8.0,12.0
237.61433120748666,0.0,1.0,4.0,6.0,8.0,12.0
237.61599787415332,0.0,1.0,4.0,6.0,8.0,12.0
237.91599787415333,0.0,1.0,4.0,6.0,8.0,12.0
237.91766454082,0.0,1.0,4.0,6.0,8.0,12.0
238.21766454082,0.0,1.0,4.0,6.0,8.0,12.0
238.21933120748668,0.0,1.0,4.0,6.0,8.0,12.0
238.5193312074867,0.0,1.0,4.0,6.0,8.0,12.0
238.52099787415335,0.0,1.0,4.0,6.0,8.0,12.0
238.82099787415336,0.0,1.0,4.0,6.0,8.0,12.0
238.82266454082003,0.0,1.0,4.0,6.0,8.0,12.0
239.12266454082004,0.0,1.0,4.0,6.0,8.0,12.0
239.1243312074867,0.0,1.0,4.0,6.0,8.0,12.0
239.42433120748672,0.0,1.0,4.0,6.0,8.0,12.0
239.42599787415338,0.0,1.0,4.0,6.0,8.0,12.0
239.7259978741534,0.0,1.0,4.0,6.0,8.0,12.0
239.72766454082006,0.0,1.0,4.0,6.0,8.0,12.0
240.02766454082007,0.0,1.0,4.0,6.0,8.0,12.0
240.02933120748673,0.0,1.0,4.0,6.0,8.0,12.0
240.32933120748675,0.0,1.0,4.0,6.0,8.0,12.0
240.3309978741534,0.0,1.0,4.0,6.0,8.0,12.0
240.63099787415342,0.0,1.0,4.0,6.0,8.0,12.0
240.6326645408201,0.0,1.0,4.0,6.0,8.0,12.0
240.9326645408201,0.0,1.0,4.0,6.0,8.0,12.0
240.93433120748676,0.0,1.0,4.0,6.0,8.0,12.0
241.23433120748678,0.0,1.0,4.0,6.0,8.0,12.0
241.23599787415344,0.0,1.0,4.0,6.0,8.0,12.0
241.53599787415345,0.0,1.0,4.0,6.0,8.0,12.0
241.53766454082012,0.0,1.0,4.0,6.0,8.0,12.0
241.83766454082013,0.0,1.0,4.0,6.0,8.0,12.0
241.8393312074868,0.0,1.0,4.0,6.0,8.0,12.0
242.1393312074868,0.0,1.0,4.0,6.0,8.0,12.0
242.14099787415347,0.0,1.0,4.0,6.0,8.0,12.0
242.44099787415348,0.0,1.0,4.0,6.0,8.0,12.0
242.44266454082015,0.0,1.0,4.0,6.0,8.0,12.0
242.74266454082016,0.0,1.0,4.0,6.0,8.0,12.0
242.74433120748682,0.0,1.0,4.0,6.0,8.0,12.0
243.04433120748683,0.0,1.0,4.0,6.0,8.0,12.0
243.0459978741535,0.0,1.0,4.0,6.0,8.0,12.0
243.3459978741535,0.0,1.0,4.0,6.0,8.0,12.0
243.34766454082018,0.0,1.0,4.0,6.0,8.0,12.0
243.6476645408202,0.0,1.0,4.0,6.0,8.0,12.0
243.64933120748685,0.0,1.0,4.0,6.0,8.0,12.0
243.94933120748686,0.0,1.0,4.0,6.0,8.0,12.0
243.95099787415353,0.0,1.0,4.0,6.0,8.0,12.0
244.25099787415354,0.0,1.0,4.0,6.0,8.0,12.0
244.2526645408202,0.0,1.0,4.0,6.0,8.0,12.0
244.55266454082022,0.0,1.0,4.0,6.0,8.0,12.0
244.55433120748688,0.0,1.0,4.0,6.0,8.0,12.0
244.8543312074869,0.0,1.0,4.0,6.0,8.0,12.0
244.85599787415356,0.0,1.0,4.0,6.0,8.0,12.0
245.15599787415357,0.0,1.0,4.0,6.0,8.0,12.0
245.15766454082024,0.0,1.0,4.0,6.0,8.0,12.0
245.45766454082025,0.0,1.0,4.0,6.0,8.0,12.0
245.4593312074869,0.0,1.0,2.0,6.0,9.0,12.0
245.75933120748692,0.0,1.0,2.0,6.0,9.0,12.0
245.7609978741536,0.0,1.0,2.0,6.0,9.0,12.0
246.0609978741536,0.0,1.0,2.0,6.0,9.0,12.0
246.06266454082026,0.0,1.0,2.0,6.0,9.0,12.0
246.36266454082028,0.0,1.0,2.0,6.0,9.0,12.0
246.36433120748694,0.0,1.0,2.0,6.0,9.0,12.0
246.66433120748695,0.0,1.0,2.0,6.0,9.0,12.0
246.66599787415362,0.0,1.0,2.0,6.0,9.0,12.0
246.96599787415363,0.0,1.0,2.0,6.0,9.0,12.0
246.9676645408203,0.0,1.0,2.0,4.0,9.0,13.0
247.2676645408203,0.0,1.0,2.0,4.0,9.0,13.0
247.2714145408203,0.0,1.0,2.0,4.0,9.0,13.0
247.5714145408203,0.0,1.0,2.0,4.0,9.0,13.0
247.5751645408203,0.0,1.0,2.0,4.0,9.0,13.0
247.87516454082032,0.0,1.0,2.0,4.0,9.0,13.0
247.87891454082032,0.0,1.0,2.0,4.0,9.0,13.0
248.17891454082033,0.0,1.0,2.0,4.0,9.0,13.0
248.18266454082033,0.0,1.0,2.0,4.0,9.0,13.0
248.48266454082034,0.0,1.0,2.0,4.0,9.0,13.0
248.48641454082033,0.0,1.0,2.0,2.0,9.0,14.0
248.78641454082035,0.0,1.0,2.0,2.0,9.0,14.0
248.79041454082034,0.0,1.0,2.0,2.0,9.0,14.0
249.09041454082035,0.0,1.0,2.0,2.0,9.0,14.0
249.09441454082034,0.0,1.0,2.0,2.0,9.0,14.0
249.39441454082035,0.0,1.0,2.0,2.0,9.0,14.0
249.39841454082034,0.0,1.0,2.0,0.0,9.0,15.0
249.69841454082035,0.0,1.0,2.0,0.0,9.0,15.0
249.70241454082034,0.0,1.0,2.0,0.0,9.0,15.0
250.00241454082035,0.0,1.0,2.0,0.0,9.0,15.0
250.00641454082034,0.0,1.0,2.0,0.0,9.0,15.0
250.30641454082036,0.0,1.0,2.0,0.0,9.0,15.0
250.31041454082035,0.0,1.0,2.0,0.0,9.0,15.0
250.61041454082036,0.0,1.0,2.0,0.0,9.0,15.0
250.61441454082035,0.0,1.0,7.0,0.0,9.0,15.0
250.91441454082036,0.0,1.0,7.0,0.0,9.0,15.0
250.9156390306163,0.0,1.0,7.0,0.0,9.0,15.0
251.2156390306163,0.0,1.0,7.0,0.0,9.0,15.0
251.21686352041223,0.0,1.0,7.0,0.0,9.0,15.0
251.51686352041224,0.0,1.0,7.0,0.0,9.0,15.0
251.51808801020817,0.0,1.0,7.0,0.0,9.0,15.0
251.81808801020819,0.0,1.0,7.0,0.0,9.0,15.0
251.81931250000412,0.0,1.0,7.0,0.0,9.0,15.0
252.11931250000413,0.0,1.0,7.0,0.0,9.0,15.0
252.12053698980006,0.0,1.0,7.0,0.0,9.0,15.0
252.42053698980007,0.0,1.0,7.0,0.0,9.0,15.0
252.421761479596,0.0,1.0,7.0,0.0,9.0,15.0
252.721761479596,0.0,1.0,7.0,0.0,9.0,15.0
252.72298596939194,0.0,1.0,7.0,0.0,9.0,15.0
253.02298596939195,0.0,1.0,7.0,0.0,9.0,15.0
253.02421045918788,0.0,1.0,7.0,0.0,9.0,15.0
253.3242104591879,0.0,1.0,7.0,0.0,9.0,15.0
253.32543494898383,0.0,1.0,7.0,0.0,9.0,15.0
253.62543494898384,0.0,1.0,7.0,0.0,9.0,15.0
253.62665943877977,0.0,1.0,7.0,0.0,9.0,15.0
253.92665943877978,0.0,1.0,7.0,0.0,9.0,15.0
253.9278839285757,0.0,1.0,7.0,0.0,9.0,15.0
254.22788392857572,0.0,1.0,7.0,0.0,9.0,15.0
254.22910841837165,0.0,1.0,7.0,0.0,9.0,15.0
254.52910841837166,0.0,1.0,7.0,0.0,9.0,15.0
254.5303329081676,0.0,1.0,7.0,0.0,9.0,15.0
254.8303329081676,0.0,1.0,7.0,0.0,9.0,15.0
254.83155739796354,0.0,1.0,7.0,0.0,9.0,15.0
255.13155739796355,0.0,1.0,7.0,0.0,9.0,15.0
255.13278188775948,0.0,1.0,7.0,0.0,9.0,15.0
255.4327818877595,0.0,1.0,7.0,0.0,9.0,15.0
255.43400637755542,0.0,1.0,7.0,0.0,9.0,15.0
255.73400637755543,0.0,1.0,7.0,0.0,9.0,15.0
255.73523086735136,0.0,1.0,7.0,0.0,9.0,15.0
256.03523086735134,0.0,1.0,7.0,0.0,9.0,15.0
256.03645535714725,0.0,1.0,7.0,0.0,9.0,15.0
256.33645535714726,0.0,1.0,7.0,0.0,9.0,15.0
256.33767984694316,0.0,1.0,7.0,0.0,9.0,15.0
256.6376798469432,0.0,1.0,7.0,0.0,9.0,15.0
256.6389043367391,0.0,1.0,7.0,0.0,9.0,15.0
256.9389043367391,0.0,1.0,7.0,0.0,9.0,15.0
256.940128826535,0.0,1.0,7.0,0.0,9.0,15.0
257.240128826535,0.0,1.0,7.0,0.0,9.0,15.0
257.2413533163309,0.0,1.0,7.0,0.0,9.0,15.0
257.5413533163309,0.0,1.0,7.0,0.0,9.0,15.0
257.5425778061268,0.0,1.0,7.0,0.0,9.0,15.0
257.8425778061268,0.0,1.0,7.0,0.0,9.0,15.0
257.8438022959227,0.0,1.0,7.0,0.0,9.0,15.0
258.14380229592274,0.0,1.0,7.0,0.0,9.0,15.0
258.14502678571864,0.0,1.0,7.0,0.0,9.0,15.0
258.44502678571865,0.0,1.0,7.0,0.0,9.0,15.0
258.44625127551456,0.0,1.0,7.0,0.0,9.0,15.0
258.74625127551457,0.0,1.0,7.0,0.0,9.0,15.0
258.74747576531047,0.0,1.0,7.0,0.0,9.0,15.0
259.0474757653105,0.0,1.0,7.0,0.0,9.0,15.0
259.0487002551064,0.0,1.0,7.0,0.0,9.0,15.0
259.3487002551064,0.0,1.0,7.0,0.0,9.0,15.0
259.3499247449023,0.0,1.0,7.0,0.0,9.0,15.0
259.6499247449023,0.0,1.0,7.0,0.0,9.0,15.0
259.6511492346982,0.0,1.0,7.0,0.0,9.0,15.0
259.9511492346982,0.0,1.0,7.0,0.0,9.0,15.0
259.9523737244941,0.0,1.0,7.0,0.0,9.0,15.0
260.25237372449413,0.0,1.0,7.0,0.0,9.0,15.0
260.25359821429004,0.0,1.0,7.0,0.0,9.0,15.0
260.55359821429005,0.0,1.0,7.0,0.0,9.0,15.0
260.55482270408595,0.0,1.0,7.0,0.0,9.0,15.0
260.85482270408596,0.0,1.0,7.0,0.0,9.0,15.0
260.85604719388186,0.0,1.0,7.0,0.0,9.0,15.0
261.1560471938819,0.0,1.0,7.0,0.0,9.0,15.0
261.1572716836778,0.0,1.0,7.0,0.0,9.0,15.0
261.4572716836778,0.0,1.0,7.0,0.0,9.0,15.0
261.4584961734737,0.0,1.0,7.0,0.0,9.0,15.0
261.7584961734737,0.0,1.0,7.0,0.0,9.0,15.0
261.7597206632696,0.0,1.0,7.0,0.0,9.0,15.0
262.0597206632696,0.0,1.0,7.0,0.0,9.0,15.0
262.0609451530655,0.0,1.0,7.0,0.0,9.0,15.0
262.36094515306553,0.0,1.0,7.0,0.0,9.0,15.0
262.36216964286143,0.0,1.0,7.0,0.0,9.0,15.0
262.66216964286144,0.0,1.0,7.0,0.0,9.0,15.0
262.66339413265734,0.0,1.0,7.0,0.0,9.0,15.0
262.96339413265736,0.0,1.0,7.0,0.0,9.0,15.0
262.96461862245326,0.0,1.0,7.0,0.0,9.0,15.0
263.26461862245327,0.0,1.0,7.0,0.0,9.0,15.0
263.2658431122492,0.0,1.0,7.0,0.0,9.0,15.0
263.5658431122492,0.0,1.0,7.0,0.0,9.0,15.0
263.5670676020451,0.0,1.0,7.0,0.0,9.0,15.0
263.8670676020451,0.0,1.0,7.0,0.0,9.0,15.0
263.868292091841,0.0,1.0,7.0,0.0,9.0,15.0
264.168292091841,0.0,1.0,7.0,0.0,9.0,15.0
264.1695165816369,0.0,1.0,7.0,0.0,9.0,15.0
264.4695165816369,0.0,1.0,7.0,0.0,9.0,15.0
264.4707410714328,0.0,1.0,7.0,0.0,9.0,15.0
264.77074107143284,0.0,1.0,7.0,0.0,9.0,15.0
264.77196556122874,0.0,1.0,7.0,0.0,9.0,15.0
265.07196556122875,0.0,1.0,7.0,0.0,9.0,15.0
265.07319005102465,0.0,1.0,7.0,0.0,9.0,15.0
265.37319005102466,0.0,1.0,7.0,0.0,9.0,15.0
265.37441454082057,0.0,1.0,7.0,0.0,9.0,15.0
265.6744145408206,0.0,1.0,7.0,0.0,9.0,15.0
265.6756390306165,0.0,1.0,7.0,0.0,9.0,15.0
265.9756390306165,0.0,1.0,7.0,0.0,9.0,15.0
265.9768635204124,0.0,1.0,7.0,0.0,9.0,15.0
266.2768635204124,0.0,1.0,7.0,0.0,9.0,15.0
266.2780880102083,0.0,1.0,7.0,0.0,9.0,15.0
266.5780880102083,0.0,1.0,7.0,0.0,9.0,15.0
266.5793125000042,0.0,1.0,7.0,0.0,9.0,15.0
266.87931250000423,0.0,1.0,7.0,0.0,9.0,15.0
266.88053698980013,0.0,1.0,7.0,0.0,9.0,15.0
267.18053698980015,0.0,1.0,7.0,0.0,9.0,15.0
267.18176147959605,0.0,1.0,7.0,0.0,9.0,15.0
267.48176147959606,0.0,1.0,7.0,0.0,9.0,15.0
267.48298596939196,0.0,1.0,7.0,0.0,9.0,15.0
267.782985969392,0.0,1.0,7.0,0.0,9.0,15.0
267.7842104591879,0.0,1.0,7.0,0.0,9.0,15.0
268.0842104591879,0.0,1.0,7.0,0.0,9.0,15.0
268.0854349489838,0.0,1.0,7.0,0.0,9.0,15.0
268.3854349489838,0.0,1.0,7.0,0.0,9.0,15.0
268.3866594387797,0.0,1.0,7.0,0.0,9.0,15.0
268.6866594387797,0.0,1.0,7.0,0.0,9.0,15.0
268.6878839285756,0.0,1.0,7.0,0.0,9.0,15.0
268.9878839285756,0.0,1.0,7.0,0.0,9.0,15.0
268.98910841837153,0.0,1.0,7.0,0.0,9.0,15.0
269.28910841837154,0.0,1.0,7.0,0.0,9.0,15.0
269.29033290816744,0.0,1.0,7.0,0.0,9.0,15.0
269.59033290816745,0.0,1.0,7.0,0.0,9.0,15.0
269.59155739796336,0.0,1.0,7.0,0.0,9.0,15.0
269.89155739796337,0.0,1.0,7.0,0.0,9.0,15.0
269.89278188775927,0.0,1.0,7.0,0.0,9.0,15.0
270.1927818877593,0.0,1.0,7.0,0.0,9.0,15.0
270.1940063775552,0.0,1.0,7.0,0.0,9.0,15.0
270.4940063775552,0.0,1.0,7.0,0.0,9.0,15.0
270.4952308673511,0.0,1.0,7.0,0.0,9.0,15.0
270.7952308673511,0.0,1.0,7.0,0.0,9.0,15.0
270.796455357147,0.0,1.0,7.0,0.0,9.0,15.0
271.096455357147,0.0,1.0,7.0,0.0,9.0,15.0
271.0976798469429,0.0,1.0,7.0,0.0,9.0,15.0
271.39767984694294,0.0,1.0,7.0,0.0,9.0,15.0
271.39890433673884,0.0,1.0,7.0,0.0,9.0,15.0
271.69890433673885,0.0,1.0,7.0,0.0,9.0,15.0
271.70012882653475,0.0,1.0,7.0,0.0,9.0,15.0
272.00012882653476,0.0,1.0,7.0,0.0,9.0,15.0
272.00135331633066,0.0,1.0,7.0,0.0,9.0,15.0
272.3013533163307,0.0,1.0,7.0,0.0,9.0,15.0
272.3025778061266,0.0,1.0,7.0,0.0,9.0,15.0
272.6025778061266,0.0,1.0,7.0,0.0,9.0,15.0
272.6038022959225,0.0,1.0,7.0,0.0,9.0,15.0
272.9038022959225,0.0,1.0,7.0,0.0,9.0,15.0
272.9050267857184,0.0,1.0,7.0,0.0,9.0,15.0
273.2050267857184,0.0,1.0,7.0,0.0,9.0,15.0
273.2062512755143,0.0,1.0,7.0,0.0,9.0,15.0
273.50625127551433,0.0,1.0,7.0,0.0,9.0,15.0
273.50747576531023,0.0,1.0,7.0,0.0,9.0,15.0
273.80747576531024,0.0,1.0,7.0,0.0,9.0,15.0
273.80870025510615,0.0,1.0,7.0,0.0,9.0,15.0
274.10870025510616,0.0,1.0,7.0,0.0,9.0,15.0
274.10992474490206,0.0,1.0,7.0,0.0,9.0,15.0
274.40992474490207,0.0,1.0,7.0,0.0,9.0,15.0
274.411149234698,0.0,1.0,7.0,0.0,9.0,15.0
274.711149234698,0.0,1.0,7.0,0.0,9.0,15.0
274.7123737244939,0.0,1.0,7.0,0.0,9.0,15.0
275.0123737244939,0.0,1.0,7.0,0.0,9.0,15.0
275.0135982142898,0.0,1.0,7.0,0.0,9.0,15.0
275.3135982142898,0.0,1.0,7.0,0.0,9.0,15.0
275.3148227040857,0.0,1.0,7.0,0.0,9.0,15.0
275.6148227040857,0.0,1.0,7.0,0.0,9.0,15.0
275.6160471938816,0.0,1.0,7.0,0.0,9.0,15.0
275.91604719388164,0.0,1.0,7.0,0.0,9.0,15.0
275.91727168367754,0.0,1.0,7.0,0.0,9.0,15.0
276.21727168367755,0.0,1.0,7.0,0.0,9.0,15.0
276.21849617347345,0.0,1.0,7.0,0.0,9.0,15.0
276.51849617347347,0.0,1.0,7.0,0.0,9.0,15.0
276.51972066326937,0.0,1.0,7.0,0.0,9.0,15.0
276.8197206632694,0.0,1.0,7.0,0.0,9.0,15.0
276.8209451530653,0.0,1.0,7.0,0.0,9.0,15.0
277.1209451530653,0.0,1.0,7.0,0.0,9.0,15.0
277.1221696428612,0.0,1.0,7.0,0.0,9.0,15.0
277.4221696428612,0.0,1.0,7.0,0.0,9.0,15.0
277.4233941326571,0.0,1.0,7.0,0.0,9.0,15.0
277.7233941326571,0.0,1.0,7.0,0.0,9.0,15.0
277.724618622453,0.0,1.0,7.0,0.0,9.0,15.0
278.02461862245303,0.0,1.0,7.0,0.0,9.0,15.0
278.02584311224894,0.0,1.0,7.0,0.0,9.0,15.0
278.32584311224895,0.0,1.0,7.0,0.0,9.0,15.0
278.32706760204485,0.0,1.0,7.0,0.0,9.0,15.0
278.62706760204486,0.0,1.0,7.0,0.0,9.0,15.0
278.62829209184076,0.0,1.0,7.0,0.0,9.0,15.0
278.9282920918408,0.0,1.0,7.0,0.0,9.0,15.0
278.9295165816367,0.0,1.0,7.0,0.0,9.0,15.0
279.2295165816367,0.0,1.0,7.0,0.0,9.0,15.0
279.2307410714326,0.0,1.0,7.0,0.0,9.0,15.0
279.5307410714326,0.0,1.0,7.0,0.0,9.0,15.0
279.5319655612285,0.0,1.0,7.0,0.0,9.0,15.0
279.8319655612285,0.0,1.0,7.0,0.0,9.0,15.0
279.8331900510244,0.0,1.0,7.0,0.0,9.0,15.0
280.1331900510244,0.0,1.0,7.0,0.0,9.0,15.0
280.13441454082033,0.0,1.0,7.0,0.0,9.0,15.0
280.43441454082034,0.0,1.0,7.0,0.0,9.0,15.0
280.43563903061624,0.0,1.0,7.0,0.0,9.0,15.0
280.73563903061626,0.0,1.0,7.0,0.0,9.0,15.0
280.73686352041216,0.0,1.0,5.0,0.0,10.0,15.0
281.03686352041217,0.0,1.0,5.0,0.0,10.0,15.0
281.0392635204122,0.0,1.0,5.0,0.0,10.0,15.0
281.3392635204122,0.0,1.0,5.0,0.0,10.0,15.0
281.3416635204122,0.0,1.0,5.0,0.0,10.0,15.0
281.64166352041224,0.0,1.0,5.0,0.0,10.0,15.0
281.64406352041226,0.0,1.0,5.0,0.0,10.0,15.0
281.94406352041227,0.0,1.0,5.0,0.0,10.0,15.0
281.9464635204123,0.0,1.0,5.0,0.0,10.0,15.0
282.2464635204123,0.0,1.0,5.0,0.0,10.0,15.0
282.2488635204123,0.0,1.0,5.0,0.0,10.0,15.0
282.54886352041234,0.0,1.0,5.0,0.0,10.0,15.0
282.55126352041236,0.0,1.0,5.0,0.0,10.0,15.0
282.8512635204124,0.0,1.0,5.0,0.0,10.0,15.0
282.8536635204124,0.0,1.0,5.0,0.0,10.0,15.0
283.1536635204124,0.0,1.0,5.0,0.0,10.0,15.0
283.15606352041243,0.0,1.0,5.0,0.0,10.0,15.0
283.45606352041244,0.0,1.0,5.0,0.0,10.0,15.0
283.45846352041247,0.0,1.0,5.0,0.0,10.0,15.0
283.7584635204125,0.0,1.0,5.0,0.0,10.0,15.0
283.7608635204125,0.0,1.0,5.0,0.0,10.0,15.0
284.0608635204125,0.0,1.0,5.0,0.0,10.0,15.0
284.06326352041253,0.0,1.0,5.0,0.0,10.0,15.0
284.36326352041254,0.0,1.0,5.0,0.0,10.0,15.0
284.36566352041257,0.0,1.0,3.0,0.0,11.0,15.0
284.6656635204126,0.0,1.0,3.0,0.0,11.0,15.0
284.67166352041255,0.0,1.0,3.0,0.0,11.0,15.0
284.97166352041256,0.0,1.0,3.0,0.0,11.0,15.0
284.97766352041253,0.0,1.0,3.0,0.0,11.0,15.0
285.27766352041255,0.0,1.0,3.0,0.0,11.0,15.0
285.28166352041256,0.0,1.0,3.0,0.0,11.0,15.0
285.5816635204126,0.0,1.0,3.0,0.0,11.0,15.0
285.5856635204126,0.0,1.0,3.0,0.0,11.0,15.0
285.8856635204126,0.0,1.0,3.0,0.0,11.0,15.0
285.8896635204126,0.0,1.0,3.0,0.0,11.0,15.0
286.18966352041264,0.0,1.0,3.0,0.0,11.0,15.0
286.19366352041266,0.0,1.0,3.0,0.0,11.0,15.0
286.49366352041267,0.0,1.0,3.0,0.0,11.0,15.0
286.4976635204127,0.0,1.0,3.0,0.0,11.0,15.0
286.7976635204127,0.0,1.0,3.0,0.0,11.0,15.0
286.8016635204127,0.0,1.0,3.0,0.0,11.0,15.0
287.1016635204127,0.0,1.0,3.0,0.0,11.0,15.0
287.10566352041275,0.0,1.0,3.0,0.0,11.0,15.0
287.40566352041276,0.0,1.0,3.0,0.0,11.0,15.0
287.4096635204128,0.0,1.0,3.0,0.0,11.0,15.0
287.7096635204128,0.0,1.0,3.0,0.0,11.0,15.0
287.7136635204128,0.0,1.0,3.0,0.0,11.0,15.0
288.0136635204128,0.0,1.0,3.0,0.0,11.0,15.0
288.01766352041284,0.0,1.0,3.0,0.0,11.0,15.0
288.31766352041285,0.0,1.0,3.0,0.0,11.0,15.0
288.32166352041287,0.0,1.0,3.0,0.0,11.0,15.0
288.6216635204129,0.0,1.0,3.0,0.0,11.0,15.0
288.6256635204129,0.0,1.0,3.0,0.0,11.0,15.0
288.9256635204129,0.0,1.0,3.0,0.0,11.0,15.0
288.92966352041293,0.0,1.0,3.0,0.0,11.0,15.0
289.22966352041294,0.0,1.0,3.0,0.0,11.0,15.0
289.23366352041296,0.0,1.0,3.0,0.0,11.0,15.0
289.533663520413,0.0,1.0,3.0,0.0,11.0,15.0
289.537663520413,0.0,1.0,3.0,0.0,11.0,15.0
289.837663520413,0.0,1.0,3.0,0.0,11.0,15.0
289.841663520413,0.0,1.0,3.0,0.0,11.0,15.0
290.14166352041303,0.0,1.0,3.0,0.0,11.0,15.0
290.14566352041305,0.0,1.0,3.0,0.0,11.0,15.0
290.44566352041306,0.0,1.0,3.0,0.0,11.0,15.0
290.4496635204131,0.0,1.0,3.0,0.0,11.0,15.0
290.7496635204131,0.0,1.0,3.0,0.0,11.0,15.0
290.7536635204131,0.0,1.0,3.0,0.0,11.0,15.0
291.0536635204131,0.0,1.0,3.0,0.0,11.0,15.0
291.05766352041314,0.0,1.0,3.0,0.0,11.0,15.0
291.35766352041315,0.0,1.0,3.0,0.0,11.0,15.0
291.3616635204132,0.0,1.0,3.0,0.0,11.0,15.0
291.6616635204132,0.0,1.0,3.0,0.0,11.0,15.0
291.6656635204132,0.0,1.0,3.0,0.0,11.0,15.0
291.9656635204132,0.0,1.0,3.0,0.0,11.0,15.0
291.96966352041323,0.0,1.0,3.0,0.0,11.0,15.0
292.26966352041325,0.0,1.0,3.0,0.0,11.0,15.0
292.27366352041327,0.0,1.0,3.0,0.0,11.0,15.0
292.5736635204133,0.0,1.0,3.0,0.0,11.0,15.0
292.5776635204133,0.0,1.0,3.0,0.0,11.0,15.0
292.8776635204133,0.0,1.0,3.0,0.0,11.0,15.0
292.8816635204133,0.0,1.0,3.0,0.0,11.0,15.0
293.18166352041334,0.0,1.0,3.0,0.0,11.0,15.0
293.18566352041336,0.0,1.0,3.0,0.0,11.0,15.0
293.48566352041337,0.0,1.0,3.0,0.0,11.0,15.0
293.4896635204134,0.0,1.0,3.0,0.0,11.0,15.0
293.7896635204134,0.0,1.0,3.0,0.0,11.0,15.0
293.7936635204134,0.0,1.0,3.0,0.0,11.0,15.0
294.09366352041343,0.0,1.0,3.0,0.0,11.0,15.0
294.09766352041345,0.0,1.0,8.0,0.0,11.0,15.0
294.39766352041346,0.0,1.0,8.0,0.0,11.0,15.0
294.3986010204135,0.0,1.0,8.0,0.0,11.0,15.0
294.6986010204135,0.0,1.0,8.0,0.0,11.0,15.0
294.6995385204135,0.0,2.0,8.0,0.0,11.0,15.0
294.9995385204135,0.0,2.0,8.0,0.0,11.0,15.0
295.00047602041354,0.0,2.0,8.0,0.0,11.0,15.0
295.30047602041356,0.0,2.0,8.0,0.0,11.0,15.0
295.3014135204136,0.0,2.0,8.0,0.0,11.0,15.0
295.6014135204136,0.0,2.0,8.0,0.0,11.0,15.0
295.6023510204136,0.0,2.0,8.0,0.0,11.0,15.0
295.9023510204136,0.0,2.0,8.0,0.0,11.0,15.0
295.90328852041364,0.0,2.0,8.0,0.0,11.0,15.0
296.20328852041365,0.0,2.0,8.0,0.0,11.0,15.0
296.20422602041367,0.0,2.0,8.0,0.0,11.0,15.0
296.5042260204137,0.0,2.0,8.0,0.0,11.0,15.0
296.5051635204137,0.0,2.0,8.0,0.0,11.0,15.0
296.8051635204137,0.0,2.0,8.0,0.0,11.0,15.0
296.80610102041373,0.0,2.0,8.0,0.0,11.0,15.0
297.10610102041375,0.0,2.0,8.0,0.0,11.0,15.0
297.10703852041377,0.0,2.0,8.0,0.0,11.0,15.0
297.4070385204138,0.0,2.0,8.0,0.0,11.0,15.0
297.4079760204138,0.0,2.0,8.0,0.0,11.0,15.0
297.7079760204138,0.0,2.0,8.0,0.0,11.0,15.0
297.70891352041383,0.0,2.0,8.0,0.0,11.0,15.0
298.00891352041384,0.0,2.0,8.0,0.0,11.0,15.0
298.00985102041386,0.0,2.0,8.0,0.0,11.0,15.0
298.3098510204139,0.0,2.0,8.0,0.0,11.0,15.0
298.3107885204139,0.0,2.0,8.0,0.0,11.0,15.0
298.6107885204139,0.0,2.0,8.0,0.0,11.0,15.0
298.6117260204139,0.0,2.0,8.0,0.0,11.0,15.0
298.91172602041394,0.0,2.0,8.0,0.0,11.0,15.0
298.91266352041396,0.0,2.0,8.0,0.0,11.0,15.0
299.21266352041397,0.0,2.0,8.0,0.0,11.0,15.0
299.213601020414,0.0,2.0,8.0,0.0,11.0,15.0
299.513601020414,0.0,2.0,8.0,0.0,11.0,15.0
299.514538520414,0.0,2.0,8.0,0.0,11.0,15.0
299.81453852041403,0.0,2.0,8.0,0.0,11.0,15.0
299.81547602041405,0.0,2.0,8.0,0.0,11.0,15.0
300.11547602041406,0.0,2.0,8.0,0.0,11.0,15.0
300.1164135204141,0.0,2.0,8.0,0.0,11.0,15.0
300.4164135204141,0.0,2.0,8.0,0.0,11.0,15.0
300.4173510204141,0.0,2.0,8.0,0.0,11.0,15.0
300.7173510204141,0.0,2.0,8.0,0.0,11.0,15.0
300.71828852041415,0.0,2.0,8.0,0.0,11.0,15.0
301.01828852041416,0.0,2.0,8.0,0.0,11.0,15.0
301.0192260204142,0.0,2.0,8.0,0.0,11.0,15.0
301.3192260204142,0.0,2.0,8.0,0.0,11.0,15.0
301.3201635204142,0.0,2.0,8.0,0.0,11.0,15.0
301.6201635204142,0.0,2.0,8.0,0.0,11.0,15.0
301.62110102041424,0.0,2.0,8.0,0.0,11.0,15.0
301.92110102041426,0.0,2.0,8.0,0.0,11.0,15.0
301.9220385204143,0.0,2.0,8.0,0.0,11.0,15.0
302.2220385204143,0.0,2.0,8.0,0.0,11.0,15.0
302.2229760204143,0.0,2.0,8.0,0.0,11.0,15.0
302.5229760204143,0.0,2.0,8.0,0.0,11.0,15.0
302.52391352041434,0.0,2.0,8.0,0.0,11.0,15.0
302.82391352041435,0.0,2.0,8.0,0.0,11.0,15.0
302.82485102041437,0.0,2.0,8.0,0.0,11.0,15.0
303.1248510204144,0.0,2.0,8.0,0.0,11.0,15.0
303.1257885204144,0.0,2.0,8.0,0.0,11.0,15.0
303.4257885204144,0.0,2.0,8.0,0.0,11.0,15.0
303.42672602041443,0.0,2.0,8.0,0.0,11.0,15.0
303.72672602041445,0.0,2.0,8.0,0.0,11.0,15.0
303.72766352041447,0.0,2.0,8.0,0.0,11.0,15.0
304.0276635204145,0.0,2.0,8.0,0.0,11.0,15.0
304.0286010204145,0.0,2.0,8.0,0.0,11.0,15.0
304.3286010204145,0.0,2.0,8.0,0.0,11.0,15.0
304.32953852041453,0.0,2.0,8.0,0.0,11.0,15.0
304.62953852041454,0.0,2.0,8.0,0.0,11.0,15.0
304.63047602041456,0.0,2.0,8.0,0.0,11.0,15.0
304.9304760204146,0.0,2.0,8.0,0.0,11.0,15.0
304.9314135204146,0.0,2.0,8.0,0.0,11.0,15.0
305.2314135204146,0.0,2.0,8.0,0.0,11.0,15.0
305.2323510204146,0.0,2.0,8.0,0.0,11.0,15.0
305.53235102041464,0.0,2.0,8.0,0.0,11.0,15.0
305.53328852041466,0.0,2.0,8.0,0.0,11.0,15.0
305.83328852041467,0.0,2.0,8.0,0.0,11.0,15.0
305.8342260204147,0.0,2.0,8.0,0.0,11.0,15.0
306.1342260204147,0.0,2.0,8.0,0.0,11.0,15.0
306.1351635204147,0.0,2.0,8.0,0.0,11.0,15.0
306.43516352041473,0.0,2.0,8.0,0.0,11.0,15.0
306.43610102041475,0.0,2.0,8.0,0.0,11.0,15.0
306.73610102041476,0.0,2.0,8.0,0.0,11.0,15.0
306.7370385204148,0.0,2.0,8.0,0.0,11.0,15.0
307.0370385204148,0.0,2.0,8.0,0.0,11.0,15.0
307.0379760204148,0.0,2.0,8.0,0.0,11.0,15.0
307.3379760204148,0.0,2.0,8.0,0.0,11.0,15.0
307.33891352041485,0.0,2.0,8.0,0.0,11.0,15.0
307.63891352041486,0.0,2.0,8.0,0.0,11.0,15.0
307.6398510204149,0.0,2.0,8.0,0.0,11.0,15.0
307.9398510204149,0.0,2.0,8.0,0.0,11.0,15.0
307.9407885204149,0.0,2.0,8.0,0.0,11.0,15.0
308.2407885204149,0.0,2.0,8.0,0.0,11.0,15.0
308.24172602041494,0.0,2.0,8.0,0.0,11.0,15.0
308.54172602041496,0.0,2.0,8.0,0.0,11.0,15.0
308.542663520415,0.0,2.0,8.0,0.0,11.0,15.0
308.842663520415,0.0,2.0,8.0,0.0,11.0,15.0
308.843601020415,0.0,2.0,8.0,0.0,11.0,15.0
309.143601020415,0.0,2.0,8.0,0.0,11.0,15.0
309.14453852041504,0.0,2.0,8.0,0.0,11.0,15.0
309.44453852041505,0.0,2.0,8.0,0.0,11.0,15.0
309.4454760204151,0.0,2.0,8.0,0.0,11.0,15.0
309.7454760204151,0.0,2.0,8.0,0.0,11.0,15.0
309.7464135204151,0.0,2.0,8.0,0.0,11.0,15.0
310.0464135204151,0.0,2.0,8.0,0.0,11.0,15.0
310.04735102041514,0.0,2.0,8.0,0.0,11.0,15.0
310.34735102041515,0.0,2.0,8.0,0.0,11.0,15.0
310.34828852041517,0.0,2.0,8.0,0.0,11.0,15.0
310.6482885204152,0.0,2.0,8.0,0.0,11.0,15.0
310.6492260204152,0.0,2.0,8.0,0.0,11.0,15.0
310.9492260204152,0.0,2.0,8.0,0.0,11.0,15.0
310.95016352041523,0.0,2.0,8.0,0.0,11.0,15.0
311.25016352041524,0.0,2.0,8.0,0.0,11.0,15.0
311.25110102041526,0.0,2.0,8.0,0.0,11.0,15.0
311.5511010204153,0.0,2.0,8.0,0.0,11.0,15.0
311.5520385204153,0.0,2.0,8.0,0.0,11.0,15.0
311.8520385204153,0.0,2.0,8.0,0.0,11.0,15.0
311.8529760204153,0.0,2.0,8.0,0.0,11.0,15.0
312.15297602041534,0.0,2.0,8.0,0.0,11.0,15.0
312.15391352041536,0.0,2.0,8.0,0.0,11.0,15.0
312.45391352041537,0.0,2.0,8.0,0.0,11.0,15.0
312.4548510204154,0.0,2.0,8.0,0.0,11.0,14.0
312.7548510204154,0.0,2.0,8.0,0.0,11.0,14.0
312.7557885204154,0.0,2.0,8.0,0.0,11.0,14.0
313.05578852041543,0.0,2.0,8.0,0.0,11.0,14.0
313.05672602041545,0.0,2.0,8.0,0.0,11.0,14.0
313.35672602041546,0.0,2.0,8.0,0.0,11.0,14.0
313.3576635204155,0.0,2.0,8.0,0.0,11.0,14.0
313.6576635204155,0.0,2.0,8.0,0.0,11.0,14.0
313.6586010204155,0.0,2.0,8.0,0.0,11.0,14.0
313.95860102041553,0.0,2.0,8.0,0.0,11.0,14.0
313.95953852041555,0.0,2.0,8.0,0.0,11.0,14.0
314.25953852041556,0.0,2.0,8.0,0.0,11.0,14.0
314.2604760204156,0.0,2.0,8.0,0.0,11.0,14.0
314.5604760204156,0.0,2.0,8.0,0.0,11.0,14.0
314.5614135204156,0.0,2.0,8.0,0.0,11.0,14.0
314.8614135204156,0.0,2.0,8.0,0.0,11.0,14.0
314.86235102041564,0.0,2.0,8.0,0.0,11.0,14.0
315.16235102041566,0.0,2.0,8.0,0.0,11.0,14.0
315.1632885204157,0.0,2.0,8.0,0.0,11.0,14.0
315.4632885204157,0.0,2.0,8.0,0.0,11.0,14.0
315.4642260204157,0.0,2.0,8.0,0.0,11.0,14.0
315.7642260204157,0.0,2.0,8.0,0.0,11.0,14.0
315.76516352041574,0.0,2.0,8.0,0.0,11.0,14.0
316.06516352041575,0.0,2.0,8.0,0.0,11.0,14.0
316.0661010204158,0.0,2.0,8.0,0.0,11.0,14.0
316.3661010204158,0.0,2.0,8.0,0.0,11.0,14.0
316.3670385204158,0.0,2.0,8.0,0.0,11.0,14.0
316.6670385204158,0.0,2.0,8.0,0.0,11.0,14.0
316.66797602041584,0.0,2.0,8.0,0.0,11.0,14.0
316.96797602041585,0.0,2.0,8.0,0.0,11.0,14.0
316.96891352041587,0.0,2.0,8.0,0.0,11.0,14.0
317.2689135204159,0.0,2.0,8.0,0.0,11.0,14.0
317.2698510204159,0.0,2.0,8.0,0.0,11.0,14.0
317.5698510204159,0.0,2.0,8.0,0.0,11.0,14.0
317.57078852041593,0.0,2.0,8.0,0.0,11.0,14.0
317.87078852041594,0.0,2.0,8.0,0.0,11.0,14.0
317.87172602041596,0.0,2.0,8.0,0.0,11.0,14.0
318.171726020416,0.0,2.0,8.0,0.0,11.0,14.0
318.172663520416,0.0,2.0,8.0,0.0,11.0,14.0
318.472663520416,0.0,2.0,8.0,0.0,11.0,14.0
318.473601020416,0.0,2.0,8.0,0.0,11.0,14.0
318.77360102041604,0.0,2.0,8.0,0.0,11.0,14.0
318.77453852041606,0.0,2.0,8.0,0.0,11.0,14.0
319.07453852041607,0.0,2.0,8.0,0.0,11.0,14.0
319.0754760204161,0.0,2.0,8.0,0.0,11.0,14.0
319.3754760204161,0.0,2.0,8.0,0.0,11.0,14.0
319.3764135204161,0.0,2.0,8.0,0.0,11.0,14.0
319.67641352041613,0.0,2.0,8.0,0.0,11.0,14.0
319.67735102041615,0.0,2.0,8.0,0.0,11.0,14.0
319.97735102041617,0.0,2.0,8.0,0.0,11.0,14.0
319.9782885204162,0.0,2.0,8.0,0.0,11.0,14.0
320.2782885204162,0.0,2.0,8.0,0.0,11.0,14.0
320.2792260204162,0.0,2.0,8.0,0.0,11.0,14.0
320.57922602041623,0.0,2.0,8.0,0.0,11.0,14.0
320.58016352041625,0.0,2.0,8.0,0.0,11.0,14.0
320.88016352041626,0.0,2.0,8.0,0.0,11.0,14.0
320.8811010204163,0.0,2.0,8.0,0.0,11.0,14.0
321.1811010204163,0.0,2.0,8.0,0.0,11.0,14.0
321.1820385204163,0.0,2.0,8.0,0.0,11.0,14.0
321.4820385204163,0.0,2.0,8.0,0.0,11.0,14.0
321.48297602041634,0.0,2.0,8.0,0.0,11.0,14.0
321.78297602041636,0.0,2.0,8.0,0.0,11.0,14.0
321.7839135204164,0.0,2.0,8.0,5.0,11.0,14.0
322.0839135204164,0.0,2.0,8.0,5.0,11.0,14.0
322.0848510204164,0.0,2.0,8.0,5.0,11.0,14.0
322.3848510204164,0.0,2.0,8.0,5.0,11.0,14.0
322.38578852041644,0.0,2.0,8.0,5.0,11.0,14.0
322.68578852041645,0.0,2.0,8.0,5.0,11.0,14.0
322.6867260204165,0.0,2.0,8.0,5.0,11.0,14.0
322.9867260204165,0.0,2.0,8.0,5.0,11.0,14.0
322.9876635204165,0.0,2.0,8.0,5.0,11.0,14.0
323.2876635204165,0.0,2.0,8.0,5.0,11.0,14.0
323.28860102041654,0.0,2.0,8.0,5.0,11.0,14.0
323.58860102041655,0.0,2.0,8.0,5.0,11.0,14.0
323.58953852041657,0.0,2.0,8.0,5.0,11.0,14.0
323.8895385204166,0.0,2.0,8.0,5.0,11.0,14.0
323.8904760204166,0.0,2.0,8.0,5.0,11.0,14.0
324.1904760204166,0.0,2.0,8.0,5.0,11.0,14.0
324.19141352041663,0.0,2.0,8.0,5.0,11.0,14.0
324.49141352041664,0.0,2.0,8.0,5.0,11.0,14.0
324.49235102041666,0.0,2.0,8.0,5.0,11.0,14.0
324.7923510204167,0.0,2.0,8.0,5.0,11.0,14.0
324.7932885204167,0.0,2.0,8.0,5.0,11.0,14.0
325.0932885204167,0.0,2.0,8.0,5.0,11.0,14.0
325.0942260204167,0.0,2.0,8.0,5.0,11.0,14.0
325.39422602041674,0.0,2.0,8.0,5.0,11.0,14.0
325.39516352041676,0.0,2.0,8.0,5.0,11.0,14.0
325.69516352041677,0.0,2.0,8.0,5.0,11.0,14.0
325.6961010204168,0.0,2.0,8.0,5.0,11.0,14.0
325.9961010204168,0.0,2.0,8.0,5.0,11.0,14.0
325.9970385204168,0.0,2.0,8.0,5.0,11.0,14.0
326.29703852041683,0.0,2.0,8.0,5.0,11.0,14.0
326.29797602041685,0.0,2.0,8.0,5.0,11.0,14.0
326.59797602041687,0.0,2.0,8.0,5.0,11.0,14.0
326.5989135204169,0.0,2.0,8.0,5.0,11.0,14.0
326.8989135204169,0.0,2.0,8.0,5.0,11.0,14.0
326.8998510204169,0.0,2.0,6.0,5.0,12.0,14.0
327.19985102041693,0.0,2.0,6.0,5.0,12.0,14.0
327.2015176870836,0.0,2.0,6.0,5.0,12.0,14.0
327.5015176870836,0.0,2.0,6.0,5.0,12.0,14.0
327.50318435375027,0.0,2.0,6.0,5.0,12.0,14.0
327.8031843537503,0.0,2.0,6.0,5.0,12.0,14.0
327.80485102041695,0.0,2.0,6.0,5.0,12.0,14.0
328.10485102041696,0.0,2.0,6.0,5.0,12.0,14.0
328.1065176870836,0.0,2.0,6.0,5.0,12.0,14.0
328.40651768708364,0.0,2.0,6.0,5.0,12.0,14.0
328.4081843537503,0.0,2.0,6.0,5.0,12.0,14.0
328.7081843537503,0.0,2.0,6.0,5.0,12.0,14.0
328.709851020417,0.0,2.0,6.0,5.0,12.0,14.0
329.009851020417,0.0,2.0,6.0,5.0,12.0,14.0
329.01151768708365,0.0,2.0,6.0,5.0,12.0,14.0
329.31151768708366,0.0,2.0,6.0,5.0,12.0,14.0
329.31318435375033,0.0,2.0,6.0,5.0,12.0,14.0
329.61318435375034,0.0,2.0,6.0,5.0,12.0,14.0
329.614851020417,0.0,2.0,6.0,5.0,12.0,14.0
329.914851020417,0.0,2.0,6.0,5.0,12.0,14.0
329.9165176870837,0.0,2.0,6.0,5.0,12.0,14.0
330.2165176870837,0.0,2.0,6.0,5.0,12.0,14.0
330.21818435375036,0.0,2.0,6.0,5.0,12.0,14.0
330.51818435375037,0.0,2.0,6.0,5.0,12.0,14.0
330.51985102041704,0.0,2.0,6.0,5.0,12.0,14.0
330.81985102041705,0.0,2.0,6.0,5.0,12.0,14.0
330.8215176870837,0.0,2.0,6.0,5.0,12.0,14.0
331.1215176870837,0.0,2.0,6.0,5.0,12.0,14.0
331.1231843537504,0.0,2.0,6.0,5.0,12.0,14.0
331.4231843537504,0.0,2.0,6.0,5.0,12.0,14.0
331.42485102041707,0.0,2.0,6.0,5.0,12.0,14.0
331.7248510204171,0.0,2.0,6.0,5.0,12.0,14.0
331.72651768708374,0.0,2.0,6.0,5.0,12.0,14.0
332.02651768708375,0.0,2.0,6.0,5.0,12.0,14.0
332.0281843537504,0.0,2.0,6.0,5.0,12.0,14.0
332.32818435375043,0.0,2.0,6.0,5.0,12.0,14.0
332.3298510204171,0.0,2.0,6.0,5.0,12.0,14.0
332.6298510204171,0.0,2.0,6.0,5.0,12.0,14.0
332.6315176870838,0.0,2.0,6.0,5.0,12.0,14.0
332.9315176870838,0.0,2.0,6.0,5.0,12.0,14.0
332.93318435375045,0.0,2.0,6.0,5.0,12.0,14.0
333.23318435375046,0.0,2.0,6.0,5.0,12.0,14.0
333.2348510204171,0.0,2.0,6.0,3.0,12.0,15.0
333.53485102041714,0.0,2.0,6.0,3.0,12.0,15.0
333.5365176870838,0.0,2.0,6.0,3.0,12.0,15.0
333.8365176870838,0.0,2.0,6.0,3.0,12.0,15.0
333.8381843537505,0.0,2.0,6.0,3.0,12.0,15.0
334.1381843537505,0.0,2.0,6.0,3.0,12.0,15.0
334.13985102041715,0.0,2.0,6.0,3.0,12.0,15.0
334.43985102041717,0.0,2.0,6.0,3.0,12.0,15.0
334.44151768708383,0.0,2.0,6.0,3.0,12.0,15.0
334.74151768708384,0.0,2.0,6.0,3.0,12.0,15.0
334.7431843537505,0.0,2.0,6.0,3.0,12.0,15.0
335.0431843537505,0.0,2.0,6.0,3.0,12.0,15.0
335.0448510204172,0.0,2.0,6.0,3.0,12.0,15.0
335.3448510204172,0.0,2.0,6.0,3.0,12.0,15.0
335.34651768708386,0.0,2.0,6.0,3.0,12.0,15.0
335.6465176870839,0.0,2.0,6.0,3.0,12.0,15.0
335.64818435375054,0.0,2.0,6.0,3.0,12.0,15.0
335.94818435375055,0.0,2.0,6.0,3.0,12.0,15.0
335.9498510204172,0.0,2.0,6.0,3.0,12.0,15.0
336.2498510204172,0.0,2.0,6.0,3.0,12.0,15.0
336.2515176870839,0.0,2.0,6.0,3.0,12.0,15.0
336.5515176870839,0.0,2.0,6.0,3.0,12.0,15.0
336.55318435375057,0.0,2.0,6.0,3.0,12.0,15.0
336.8531843537506,0.0,2.0,6.0,3.0,12.0,15.0
336.85485102041724,0.0,2.0,6.0,3.0,12.0,15.0
337.15485102041725,0.0,2.0,6.0,3.0,12.0,15.0
337.1565176870839,0.0,2.0,6.0,3.0,12.0,15.0
337.45651768708393,0.0,2.0,6.0,3.0,12.0,15.0
337.4581843537506,0.0,2.0,6.0,3.0,12.0,15.0
337.7581843537506,0.0,2.0,6.0,3.0,12.0,15.0
337.7598510204173,0.0,2.0,6.0,3.0,12.0,15.0
338.0598510204173,0.0,2.0,6.0,3.0,12.0,15.0
338.06151768708395,0.0,2.0,6.0,3.0,12.0,15.0
338.36151768708396,0.0,2.0,6.0,3.0,12.0,15.0
338.3631843537506,0.0,2.0,6.0,3.0,12.0,15.0
338.66318435375064,0.0,2.0,6.0,3.0,12.0,15.0
338.6648510204173,0.0,2.0,6.0,3.0,12.0,15.0
338.9648510204173,0.0,2.0,6.0,3.0,12.0,15.0
338.966517687084,0.0,2.0,6.0,3.0,12.0,15.0
339.266517687084,0.0,2.0,6.0,3.0,12.0,15.0
339.26818435375066,0.0,2.0,6.0,3.0,12.0,15.0
339.56818435375067,0.0,2.0,6.0,3.0,12.0,15.0
339.56985102041733,0.0,2.0,6.0,3.0,12.0,15.0
339.86985102041734,0.0,2.0,6.0,3.0,12.0,15.0
339.871517687084,0.0,2.0,6.0,3.0,12.0,15.0
340.171517687084,0.0,2.0,6.0,3.0,12.0,15.0
340.1731843537507,0.0,2.0,6.0,3.0,12.0,15.0
340.4731843537507,0.0,2.0,6.0,3.0,12.0,15.0
340.47485102041736,0.0,2.0,6.0,3.0,12.0,15.0
340.7748510204174,0.0,2.0,6.0,3.0,12.0,15.0
340.77651768708404,0.0,2.0,6.0,3.0,12.0,15.0
341.07651768708405,0.0,2.0,6.0,3.0,12.0,15.0
341.0781843537507,0.0,2.0,6.0,3.0,12.0,15.0
341.3781843537507,0.0,2.0,6.0,3.0,12.0,15.0
341.3798510204174,0.0,2.0,6.0,3.0,12.0,15.0
341.6798510204174,0.0,2.0,6.0,3.0,12.0,15.0
341.68151768708407,0.0,2.0,6.0,3.0,12.0,15.0
341.9815176870841,0.0,2.0,6.0,3.0,12.0,15.0
341.98318435375074,0.0,2.0,6.0,3.0,12.0,15.0
342.28318435375076,0.0,2.0,6.0,3.0,12.0,15.0
342.2848510204174,0.0,2.0,6.0,3.0,12.0,15.0
342.58485102041743,0.0,2.0,6.0,3.0,12.0,15.0
342.5865176870841,0.0,2.0,6.0,3.0,12.0,15.0
342.8865176870841,0.0,2.0,6.0,3.0,12.0,15.0
342.8881843537508,0.0,2.0,6.0,3.0,12.0,15.0
343.1881843537508,0.0,2.0,6.0,3.0,12.0,15.0
343.18985102041745,0.0,2.0,6.0,3.0,12.0,15.0
343.48985102041746,0.0,2.0,6.0,3.0,12.0,15.0
343.4915176870841,0.0,2.0,6.0,3.0,12.0,15.0
343.79151768708414,0.0,2.0,6.0,3.0,12.0,15.0
343.7931843537508,0.0,2.0,2.0,3.0,14.0,15.0
344.0931843537508,0.0,2.0,2.0,3.0,14.0,15.0
344.09718435375083,0.0,2.0,2.0,3.0,14.0,15.0
344.39718435375084,0.0,2.0,2.0,3.0,14.0,15.0
344.40118435375086,0.0,2.0,2.0,3.0,14.0,15.0
344.7011843537509,0.0,2.0,2.0,3.0,14.0,15.0
344.7051843537509,0.0,2.0,2.0,3.0,14.0,15.0
345.0051843537509,0.0,2.0,2.0,3.0,14.0,15.0
345.0091843537509,0.0,2.0,2.0,3.0,14.0,15.0
345.30918435375094,0.0,2.0,2.0,3.0,14.0,15.0
345.31318435375096,0.0,2.0,2.0,3.0,14.0,15.0
345.61318435375097,0.0,2.0,2.0,3.0,14.0,15.0
345.617184353751,0.0,2.0,2.0,3.0,14.0,15.0
345.917184353751,0.0,2.0,2.0,3.0,14.0,15.0
345.921184353751,0.0,2.0,2.0,3.0,14.0,15.0
346.221184353751,0.0,2.0,2.0,3.0,14.0,15.0
346.22518435375105,0.0,2.0,2.0,3.0,14.0,15.0
346.52518435375106,0.0,2.0,2.0,3.0,14.0,15.0
346.5291843537511,0.0,2.0,2.0,1.0,14.0,16.0
346.8291843537511,0.0,2.0,2.0,1.0,14.0,16.0
346.8331843537511,0.0,2.0,2.0,1.0,14.0,16.0
347.1331843537511,0.0,2.0,2.0,1.0,14.0,16.0
347.13718435375114,0.0,2.0,2.0,1.0,14.0,16.0
347.43718435375115,0.0,2.0,2.0,1.0,14.0,16.0
347.44118435375117,0.0,2.0,0.0,1.0,15.0,16.0
347.7411843537512,0.0,2.0,0.0,1.0,15.0,16.0
347.7451843537512,0.0,2.0,0.0,1.0,15.0,16.0
348.0451843537512,0.0,2.0,0.0,1.0,15.0,16.0
348.04918435375123,0.0,2.0,0.0,1.0,15.0,16.0
348.34918435375124,0.0,2.0,0.0,1.0,15.0,16.0
348.35318435375126,0.0,2.0,0.0,1.0,15.0,16.0
348.65318435375127,0.0,2.0,0.0,1.0,15.0,16.0
348.6571843537513,0.0,2.0,0.0,1.0,15.0,16.0
348.9571843537513,0.0,2.0,0.0,1.0,15.0,16.0
348.9611843537513,0.0,2.0,0.0,1.0,15.0,16.0
349.26118435375133,0.0,2.0,0.0,1.0,15.0,16.0
349.26518435375135,0.0,2.0,0.0,1.0,15.0,16.0
349.56518435375136,0.0,2.0,0.0,1.0,15.0,16.0
349.5691843537514,0.0,2.0,0.0,1.0,15.0,16.0
349.8691843537514,0.0,2.0,0.0,1.0,15.0,16.0
349.8731843537514,0.0,2.0,0.0,1.0,15.0,16.0
350.1731843537514,0.0,2.0,0.0,1.0,15.0,16.0
350.17718435375144,0.0,2.0,0.0,1.0,15.0,16.0
350.47718435375145,0.0,2.0,0.0,1.0,15.0,16.0
350.4811843537515,0.0,2.0,0.0,1.0,15.0,16.0
350.7811843537515,0.0,2.0,0.0,1.0,15.0,16.0
350.7851843537515,0.0,2.0,0.0,1.0,15.0,16.0
351.0851843537515,0.0,2.0,0.0,1.0,15.0,16.0
351.08918435375153,0.0,2.0,0.0,1.0,15.0,16.0
351.38918435375155,0.0,2.0,0.0,1.0,15.0,16.0
351.39318435375156,0.0,2.0,0.0,1.0,15.0,16.0
351.6931843537516,0.0,2.0,0.0,1.0,15.0,16.0
351.6971843537516,0.0,2.0,0.0,1.0,15.0,16.0
351.9971843537516,0.0,2.0,0.0,1.0,15.0,16.0
352.0011843537516,0.0,2.0,0.0,1.0,15.0,16.0
352.30118435375164,0.0,2.0,0.0,1.0,15.0,16.0
352.30518435375166,0.0,2.0,0.0,1.0,15.0,16.0
352.60518435375167,0.0,2.0,0.0,1.0,15.0,16.0
352.6091843537517,0.0,2.0,0.0,1.0,15.0,16.0
352.9091843537517,0.0,2.0,0.0,1.0,15.0,16.0
352.9131843537517,0.0,2.0,0.0,1.0,15.0,16.0
353.2131843537517,0.0,2.0,0.0,1.0,15.0,16.0
353.21718435375175,0.0,2.0,5.0,1.0,15.0,16.0
353.51718435375176,0.0,2.0,5.0,1.0,15.0,16.0
353.5195843537518,0.0,2.0,5.0,1.0,15.0,16.0
353.8195843537518,0.0,2.0,5.0,1.0,15.0,16.0
353.8219843537518,0.0,2.0,5.0,1.0,15.0,16.0
354.1219843537518,0.0,2.0,5.0,1.0,15.0,16.0
354.12438435375185,0.0,2.0,5.0,1.0,15.0,16.0
354.42438435375186,0.0,2.0,5.0,1.0,15.0,16.0
354.4267843537519,0.0,2.0,5.0,1.0,15.0,16.0
354.7267843537519,0.0,2.0,5.0,1.0,15.0,16.0
354.7291843537519,0.0,2.0,5.0,1.0,15.0,16.0
355.02918435375193,0.0,2.0,5.0,1.0,15.0,16.0
355.03158435375195,0.0,2.0,5.0,1.0,15.0,16.0
355.33158435375196,0.0,2.0,5.0,1.0,15.0,16.0
355.333984353752,0.0,2.0,5.0,1.0,15.0,16.0
355.633984353752,0.0,2.0,5.0,1.0,15.0,16.0
355.636384353752,0.0,2.0,5.0,1.0,15.0,16.0
355.93638435375203,0.0,2.0,5.0,1.0,15.0,16.0
355.93878435375206,0.0,2.0,3.0,1.0,16.0,16.0
356.23878435375207,0.0,2.0,3.0,1.0,16.0,16.0
356.24478435375204,0.0,2.0,3.0,1.0,16.0,16.0
356.54478435375205,0.0,2.0,3.0,1.0,16.0,16.0
356.550784353752,0.0,2.0,3.0,1.0,16.0,16.0
356.85078435375203,0.0,2.0,3.0,1.0,16.0,16.0
356.856784353752,0.0,2.0,3.0,1.0,16.0,16.0
357.156784353752,0.0,2.0,3.0,1.0,16.0,16.0
357.162784353752,0.0,2.0,3.0,1.0,16.0,16.0
357.462784353752,0.0,2.0,3.0,1.0,16.0,16.0
357.46878435375197,0.0,2.0,3.0,1.0,16.0,16.0
357.768784353752,0.0,2.0,3.0,1.0,16.0,16.0
357.77478435375195,0.0,2.0,3.0,1.0,16.0,16.0
358.07478435375197,0.0,2.0,3.0,1.0,16.0,16.0
358.08078435375194,0.0,2.0,3.0,1.0,16.0,16.0
358.38078435375195,0.0,2.0,3.0,1.0,16.0,16.0
358.38478435375197,0.0,2.0,3.0,1.0,16.0,16.0
358.684784353752,0.0,2.0,3.0,1.0,16.0,16.0
358.688784353752,0.0,2.0,3.0,1.0,16.0,16.0
358.988784353752,0.0,2.0,3.0,1.0,16.0,16.0
358.99278435375203,0.0,2.0,3.0,1.0,16.0,16.0
359.29278435375204,0.0,2.0,3.0,1.0,16.0,16.0
359.29678435375206,0.0,2.0,3.0,1.0,16.0,16.0
359.59678435375207,0.0,2.0,3.0,1.0,16.0,16.0
359.6007843537521,0.0,2.0,3.0,1.0,16.0,16.0
359.9007843537521,0.0,2.0,3.0,1.0,16.0,16.0
359.9047843537521,0.0,2.0,3.0,1.0,16.0,16.0
360.20478435375213,0.0,2.0,3.0,1.0,16.0,16.0
360.20878435375215,0.0,2.0,3.0,1.0,16.0,16.0
360.50878435375216,0.0,2.0,3.0,1.0,16.0,16.0
360.5127843537522,0.0,2.0,3.0,1.0,16.0,16.0
360.8127843537522,0.0,2.0,3.0,1.0,16.0,16.0
360.8167843537522,0.0,2.0,3.0,1.0,16.0,16.0
361.1167843537522,0.0,2.0,3.0,1.0,16.0,16.0
361.12078435375224,0.0,2.0,3.0,1.0,16.0,16.0
361.42078435375225,0.0,2.0,3.0,1.0,16.0,16.0
361.4247843537523,0.0,2.0,3.0,1.0,16.0,16.0
361.7247843537523,0.0,2.0,3.0,1.0,16.0,16.0
361.7287843537523,0.0,2.0,3.0,1.0,16.0,16.0
362.0287843537523,0.0,2.0,3.0,1.0,16.0,16.0
362.03278435375233,0.0,2.0,3.0,1.0,16.0,16.0
362.33278435375234,0.0,2.0,3.0,1.0,16.0,16.0
362.33678435375236,0.0,2.0,3.0,1.0,16.0,16.0
362.6367843537524,0.0,2.0,3.0,1.0,16.0,16.0
362.6407843537524,0.0,2.0,3.0,1.0,16.0,16.0
362.9407843537524,0.0,2.0,3.0,1.0,16.0,16.0
362.9447843537524,0.0,2.0,3.0,1.0,16.0,16.0
363.24478435375244,0.0,2.0,3.0,1.0,16.0,16.0
363.24878435375246,0.0,2.0,3.0,1.0,16.0,16.0
363.54878435375247,0.0,2.0,3.0,1.0,16.0,16.0
363.5527843537525,0.0,2.0,3.0,1.0,16.0,16.0
363.8527843537525,0.0,2.0,3.0,1.0,16.0,16.0
363.8567843537525,0.0,2.0,3.0,1.0,16.0,16.0
364.1567843537525,0.0,2.0,3.0,1.0,16.0,16.0
364.16078435375255,0.0,2.0,3.0,1.0,16.0,16.0
364.46078435375256,0.0,2.0,3.0,1.0,16.0,16.0
364.4647843537526,0.0,2.0,3.0,1.0,16.0,16.0
364.7647843537526,0.0,2.0,3.0,1.0,16.0,16.0
364.7687843537526,0.0,2.0,3.0,1.0,16.0,16.0
365.0687843537526,0.0,2.0,3.0,1.0,16.0,16.0
365.07278435375264,0.0,2.0,3.0,1.0,16.0,16.0
365.37278435375265,0.0,2.0,3.0,1.0,16.0,16.0
365.37678435375267,0.0,2.0,3.0,1.0,16.0,16.0
365.6767843537527,0.0,2.0,3.0,1.0,16.0,16.0
365.6807843537527,0.0,2.0,3.0,1.0,16.0,16.0
365.9807843537527,0.0,2.0,3.0,1.0,16.0,16.0
365.98478435375273,0.0,2.0,3.0,1.0,16.0,15.0
366.28478435375274,0.0,2.0,3.0,1.0,16.0,15.0
366.28878435375276,0.0,2.0,3.0,1.0,16.0,15.0
366.58878435375277,0.0,2.0,3.0,1.0,16.0,15.0
366.5927843537528,0.0,2.0,3.0,1.0,16.0,15.0
366.8927843537528,0.0,2.0,3.0,1.0,16.0,15.0
366.8967843537528,0.0,2.0,3.0,1.0,16.0,15.0
367.19678435375283,0.0,2.0,3.0,1.0,16.0,15.0
367.20078435375285,0.0,2.0,3.0,1.0,16.0,15.0
367.50078435375286,0.0,2.0,3.0,1.0,16.0,15.0
367.5047843537529,0.0,2.0,3.0,1.0,16.0,15.0
367.8047843537529,0.0,2.0,3.0,1.0,16.0,15.0
367.8087843537529,0.0,2.0,3.0,1.0,16.0,15.0
368.1087843537529,0.0,2.0,3.0,1.0,16.0,15.0
368.11278435375294,0.0,2.0,3.0,1.0,16.0,15.0
368.41278435375295,0.0,2.0,3.0,1.0,16.0,15.0
368.416784353753,0.0,2.0,3.0,1.0,16.0,15.0
368.716784353753,0.0,2.0,3.0,1.0,16.0,15.0
368.720784353753,0.0,2.0,3.0,1.0,16.0,15.0
369.020784353753,0.0,2.0,3.0,1.0,16.0,15.0
369.02478435375303,0.0,2.0,3.0,1.0,16.0,15.0
369.32478435375305,0.0,2.0,3.0,1.0,16.0,15.0
369.32878435375306,0.0,2.0,8.0,1.0,16.0,15.0
369.6287843537531,0.0,2.0,8.0,1.0,16.0,15.0
369.6297218537531,0.0,2.0,8.0,1.0,16.0,15.0
369.9297218537531,0.0,2.0,8.0,1.0,16.0,15.0
369.93065935375313,0.0,2.0,8.0,1.0,16.0,15.0
370.23065935375314,0.0,2.0,8.0,1.0,16.0,15.0
370.23159685375316,0.0,2.0,8.0,1.0,16.0,15.0
370.5315968537532,0.0,2.0,8.0,1.0,16.0,15.0
370.5325343537532,0.0,2.0,8.0,1.0,16.0,15.0
370.8325343537532,0.0,2.0,8.0,1.0,16.0,15.0
370.8334718537532,0.0,2.0,8.0,1.0,16.0,15.0
371.13347185375324,0.0,2.0,8.0,1.0,16.0,15.0
371.13440935375326,0.0,2.0,8.0,1.0,16.0,15.0
371.43440935375327,0.0,2.0,8.0,1.0,16.0,15.0
371.4353468537533,0.0,2.0,8.0,1.0,16.0,15.0
371.7353468537533,0.0,2.0,8.0,1.0,16.0,15.0
371.7362843537533,0.0,2.0,8.0,1.0,16.0,15.0
372.03628435375333,0.0,2.0,8.0,1.0,16.0,15.0
372.03722185375335,0.0,2.0,8.0,1.0,16.0,15.0
372.33722185375336,0.0,2.0,8.0,1.0,16.0,15.0
372.3381593537534,0.0,2.0,8.0,1.0,16.0,15.0
372.6381593537534,0.0,2.0,8.0,1.0,16.0,15.0
372.6390968537534,0.0,2.0,8.0,1.0,16.0,15.0
372.9390968537534,0.0,2.0,8.0,1.0,16.0,15.0
372.94003435375345,0.0,2.0,8.0,1.0,16.0,15.0
373.24003435375346,0.0,2.0,8.0,1.0,16.0,15.0
373.2409718537535,0.0,2.0,8.0,1.0,16.0,15.0
373.5409718537535,0.0,2.0,8.0,1.0,16.0,15.0
373.5419093537535,0.0,2.0,8.0,1.0,16.0,15.0
373.8419093537535,0.0,2.0,8.0,1.0,16.0,15.0
373.84284685375354,0.0,2.0,8.0,1.0,16.0,15.0
374.14284685375355,0.0,2.0,8.0,1.0,16.0,15.0
374.1437843537536,0.0,2.0,8.0,1.0,16.0,15.0
374.4437843537536,0.0,2.0,8.0,1.0,16.0,15.0
374.4447218537536,0.0,2.0,8.0,1.0,16.0,15.0
374.7447218537536,0.0,2.0,8.0,1.0,16.0,15.0
374.74565935375364,0.0,2.0,6.0,1.0,17.0,15.0
375.04565935375365,0.0,2.0,6.0,1.0,17.0,15.0
375.0473260204203,0.0,2.0,6.0,1.0,17.0,15.0
375.3473260204203,0.0,2.0,6.0,1.0,17.0,15.0
375.348992687087,0.0,2.0,6.0,1.0,17.0,15.0
375.648992687087,0.0,2.0,6.0,1.0,17.0,15.0
375.65065935375367,0.0,2.0,6.0,1.0,17.0,15.0
375.9506593537537,0.0,2.0,6.0,1.0,17.0,15.0
375.95232602042034,0.0,2.0,6.0,1.0,17.0,15.0
376.25232602042036,0.0,2.0,6.0,1.0,17.0,15.0
376.253992687087,0.0,2.0,6.0,1.0,17.0,15.0
376.55399268708703,0.0,2.0,6.0,1.0,17.0,15.0
376.5556593537537,0.0,2.0,6.0,1.0,17.0,15.0
376.8556593537537,0.0,2.0,6.0,1.0,17.0,15.0
376.8573260204204,0.0,2.0,6.0,1.0,17.0,15.0
377.1573260204204,0.0,2.0,6.0,1.0,17.0,15.0
377.15899268708705,0.0,2.0,6.0,1.0,17.0,15.0
377.45899268708706,0.0,2.0,6.0,1.0,17.0,15.0
377.4606593537537,0.0,2.0,6.0,1.0,17.0,15.0
377.76065935375374,0.0,2.0,6.0,1.0,17.0,15.0
377.7623260204204,0.0,2.0,6.0,1.0,17.0,15.0
378.0623260204204,0.0,2.0,6.0,1.0,17.0,15.0
378.0639926870871,0.0,2.0,6.0,1.0,17.0,15.0
378.3639926870871,0.0,2.0,6.0,1.0,17.0,15.0
378.36565935375376,0.0,2.0,6.0,1.0,17.0,15.0
378.66565935375377,0.0,2.0,6.0,1.0,17.0,15.0
378.66732602042043,0.0,2.0,6.0,1.0,17.0,15.0
378.96732602042044,0.0,2.0,6.0,1.0,17.0,15.0
378.9689926870871,0.0,2.0,6.0,1.0,17.0,15.0
379.2689926870871,0.0,2.0,6.0,1.0,17.0,15.0
379.2706593537538,0.0,2.0,6.0,1.0,17.0,15.0
379.5706593537538,0.0,2.0,6.0,1.0,17.0,15.0
379.57232602042046,0.0,2.0,6.0,1.0,17.0,15.0
379.8723260204205,0.0,2.0,6.0,1.0,17.0,15.0
379.87399268708714,0.0,2.0,6.0,1.0,17.0,15.0
380.17399268708715,0.0,2.0,6.0,1.0,17.0,15.0
380.1756593537538,0.0,2.0,6.0,1.0,17.0,15.0
380.4756593537538,0.0,2.0,6.0,1.0,17.0,15.0
380.4773260204205,0.0,2.0,6.0,1.0,17.0,15.0
380.7773260204205,0.0,2.0,6.0,1.0,17.0,15.0
380.77899268708717,0.0,2.0,6.0,1.0,17.0,15.0
381.0789926870872,0.0,2.0,6.0,1.0,17.0,15.0
381.08065935375384,0.0,2.0,6.0,1.0,17.0,15.0
381.38065935375386,0.0,2.0,6.0,1.0,17.0,15.0
381.3823260204205,0.0,2.0,6.0,1.0,17.0,15.0
381.68232602042053,0.0,2.0,6.0,1.0,17.0,15.0
381.6839926870872,0.0,2.0,6.0,1.0,17.0,15.0
381.9839926870872,0.0,2.0,6.0,1.0,17.0,15.0
381.9856593537539,0.0,2.0,6.0,1.0,17.0,15.0
382.2856593537539,0.0,2.0,6.0,1.0,17.0,15.0
382.28732602042055,0.0,2.0,6.0,1.0,17.0,15.0
382.58732602042056,0.0,2.0,6.0,1.0,17.0,15.0
382.5889926870872,0.0,2.0,6.0,1.0,17.0,15.0
382.88899268708724,0.0,2.0,6.0,1.0,17.0,15.0
382.8906593537539,0.0,2.0,6.0,1.0,17.0,15.0
383.1906593537539,0.0,2.0,6.0,1.0,17.0,15.0
383.1923260204206,0.0,2.0,6.0,1.0,17.0,15.0
383.4923260204206,0.0,2.0,6.0,1.0,17.0,15.0
383.49399268708726,0.0,2.0,6.0,1.0,17.0,15.0
383.79399268708727,0.0,2.0,6.0,1.0,17.0,15.0
383.79565935375393,0.0,2.0,6.0,1.0,17.0,15.0
384.09565935375394,0.0,2.0,6.0,1.0,17.0,15.0
384.0973260204206,0.0,2.0,6.0,1.0,17.0,15.0
384.3973260204206,0.0,2.0,6.0,1.0,17.0,15.0
384.3989926870873,0.0,2.0,6.0,1.0,17.0,15.0
384.6989926870873,0.0,2.0,6.0,1.0,17.0,15.0
384.70065935375396,0.0,2.0,6.0,1.0,17.0,15.0
385.000659353754,0.0,2.0,6.0,1.0,17.0,15.0
385.00232602042064,0.0,2.0,6.0,1.0,17.0,15.0
385.30232602042065,0.0,2.0,6.0,1.0,17.0,15.0
385.3039926870873,0.0,2.0,6.0,1.0,17.0,15.0
385.6039926870873,0.0,2.0,6.0,1.0,17.0,15.0
385.605659353754,0.0,2.0,6.0,1.0,17.0,15.0
385.905659353754,0.0,2.0,6.0,1.0,17.0,15.0
385.90732602042067,0.0,2.0,6.0,1.0,17.0,15.0
386.2073260204207,0.0,2.0,6.0,1.0,17.0,15.0
386.20899268708735,0.0,2.0,6.0,1.0,17.0,15.0
386.50899268708736,0.0,2.0,6.0,1.0,17.0,15.0
386.510659353754,0.0,2.0,6.0,1.0,17.0,15.0
386.81065935375403,0.0,2.0,6.0,1.0,17.0,15.0
386.8123260204207,0.0,2.0,6.0,1.0,17.0,15.0
387.1123260204207,0.0,2.0,6.0,1.0,17.0,15.0
387.1139926870874,0.0,2.0,4.0,1.0,18.0,15.0
387.4139926870874,0.0,2.0,4.0,1.0,18.0,15.0
387.4177426870874,0.0,2.0,4.0,1.0,18.0,15.0
387.7177426870874,0.0,2.0,4.0,1.0,18.0,15.0
387.72149268708745,0.0,2.0,4.0,1.0,18.0,15.0
388.02149268708746,0.0,2.0,4.0,1.0,18.0,15.0
388.0252426870875,0.0,2.0,4.0,1.0,18.0,15.0
388.3252426870875,0.0,2.0,4.0,1.0,18.0,15.0
388.3289926870875,0.0,2.0,4.0,1.0,18.0,15.0
388.62899268708753,0.0,2.0,4.0,1.0,18.0,15.0
388.63274268708756,0.0,2.0,4.0,1.0,18.0,15.0
388.93274268708757,0.0,2.0,4.0,1.0,18.0,15.0
388.9364926870876,0.0,2.0,4.0,1.0,18.0,15.0
389.2364926870876,0.0,2.0,4.0,1.0,18.0,15.0
389.24024268708763,0.0,2.0,4.0,1.0,18.0,15.0
389.54024268708764,0.0,2.0,4.0,1.0,18.0,15.0
389.54399268708767,0.0,2.0,4.0,1.0,18.0,15.0
389.8439926870877,0.0,2.0,4.0,1.0,18.0,15.0
389.8477426870877,0.0,2.0,2.0,1.0,19.0,15.0
390.1477426870877,0.0,2.0,2.0,1.0,19.0,15.0
390.1537426870877,0.0,3.0,2.0,1.0,19.0,15.0
390.4537426870877,0.0,3.0,2.0,1.0,19.0,15.0
390.45974268708767,0.0,3.0,2.0,1.0,19.0,15.0
390.7597426870877,0.0,3.0,2.0,1.0,19.0,15.0
390.76574268708765,0.0,3.0,2.0,1.0,19.0,15.0
391.06574268708766,0.0,3.0,2.0,1.0,19.0,15.0
391.07174268708764,0.0,3.0,2.0,1.0,19.0,15.0
391.37174268708765,0.0,3.0,2.0,1.0,19.0,15.0
391.3777426870876,0.0,3.0,2.0,1.0,19.0,15.0
391.67774268708763,0.0,3.0,2.0,1.0,19.0,15.0
391.6837426870876,0.0,3.0,2.0,1.0,19.0,15.0
391.9837426870876,0.0,3.0,2.0,1.0,19.0,15.0
391.9897426870876,0.0,3.0,2.0,1.0,19.0,15.0
392.2897426870876,0.0,3.0,2.0,1.0,19.0,15.0
392.2937426870876,0.0,3.0,0.0,1.0,20.0,15.0
392.5937426870876,0.0,3.0,0.0,1.0,20.0,15.0
392.59774268708765,0.0,3.0,0.0,1.0,20.0,15.0
392.89774268708766,0.0,3.0,0.0,1.0,20.0,15.0
392.9017426870877,0.0,3.0,0.0,1.0,20.0,15.0
393.2017426870877,0.0,3.0,0.0,1.0,20.0,15.0
393.2057426870877,0.0,3.0,0.0,1.0,20.0,15.0
393.5057426870877,0.0,3.0,0.0,1.0,20.0,15.0
393.50974268708774,0.0,3.0,0.0,1.0,20.0,15.0
393.80974268708775,0.0,3.0,0.0,1.0,20.0,15.0
393.81374268708777,0.0,3.0,0.0,1.0,20.0,15.0
394.1137426870878,0.0,3.0,0.0,1.0,20.0,15.0
394.1177426870878,0.0,3.0,0.0,1.0,20.0,15.0
394.4177426870878,0.0,3.0,0.0,1.0,20.0,15.0
394.42174268708783,0.0,3.0,0.0,1.0,20.0,15.0
394.72174268708784,0.0,3.0,0.0,1.0,20.0,15.0
394.72574268708786,0.0,3.0,0.0,1.0,20.0,15.0
395.02574268708787,0.0,3.0,0.0,1.0,20.0,15.0
395.0297426870879,0.0,3.0,0.0,1.0,20.0,15.0
395.3297426870879,0.0,3.0,0.0,1.0,20.0,15.0
395.3337426870879,0.0,3.0,0.0,1.0,20.0,15.0
395.63374268708793,0.0,3.0,0.0,1.0,20.0,15.0
395.63774268708795,0.0,3.0,0.0,1.0,20.0,15.0
395.93774268708796,0.0,3.0,0.0,1.0,20.0,15.0
395.941742687088,0.0,3.0,0.0,1.0,20.0,15.0
396.241742687088,0.0,3.0,0.0,1.0,20.0,15.0
396.245742687088,0.0,3.0,0.0,1.0,20.0,15.0
396.545742687088,0.0,3.0,0.0,1.0,20.0,15.0
396.54974268708804,0.0,3.0,0.0,1.0,20.0,15.0
396.84974268708805,0.0,3.0,0.0,1.0,20.0,15.0
396.8537426870881,0.0,3.0,0.0,1.0,20.0,15.0
397.1537426870881,0.0,3.0,0.0,1.0,20.0,15.0
397.1577426870881,0.0,3.0,0.0,1.0,20.0,15.0
397.4577426870881,0.0,3.0,0.0,1.0,20.0,15.0
397.46174268708813,0.0,3.0,0.0,1.0,20.0,15.0
397.76174268708814,0.0,3.0,0.0,1.0,20.0,15.0
397.76574268708816,0.0,3.0,0.0,1.0,20.0,15.0
398.0657426870882,0.0,3.0,0.0,1.0,20.0,15.0
398.0697426870882,0.0,3.0,0.0,1.0,20.0,15.0
398.3697426870882,0.0,3.0,0.0,1.0,20.0,15.0
398.3737426870882,0.0,3.0,0.0,1.0,20.0,15.0
398.67374268708824,0.0,3.0,0.0,1.0,20.0,15.0
398.67774268708826,0.0,3.0,0.0,1.0,20.0,15.0
398.97774268708827,0.0,3.0,0.0,1.0,20.0,15.0
398.9817426870883,0.0,3.0,0.0,1.0,20.0,15.0
399.2817426870883,0.0,3.0,0.0,1.0,20.0,15.0
399.2857426870883,0.0,3.0,0.0,1.0,20.0,15.0
399.5857426870883,0.0,3.0,0.0,1.0,20.0,15.0
399.58974268708835,0.0,3.0,0.0,1.0,20.0,15.0
399.88974268708836,0.0,3.0,0.0,1.0,20.0,15.0
399.8937426870884,0.0,3.0,0.0,1.0,20.0,15.0
400.1937426870884,0.0,3.0,0.0,1.0,20.0,15.0
400.1977426870884,0.0,3.0,0.0,1.0,20.0,15.0
400.4977426870884,0.0,3.0,0.0,1.0,20.0,15.0
400.50174268708844,0.0,3.0,0.0,1.0,20.0,15.0
400.80174268708845,0.0,3.0,0.0,1.0,20.0,15.0
400.80574268708847,0.0,3.0,0.0,1.0,20.0,15.0
401.1057426870885,0.0,3.0,0.0,1.0,20.0,15.0
401.1097426870885,0.0,3.0,0.0,1.0,20.0,15.0
401.4097426870885,0.0,3.0,0.0,1.0,20.0,15.0
401.41374268708853,0.0,3.0,0.0,1.0,20.0,15.0
401.71374268708854,0.0,3.0,0.0,1.0,20.0,15.0
401.71774268708856,0.0,3.0,0.0,1.0,20.0,15.0
402.01774268708857,0.0,3.0,0.0,1.0,20.0,15.0
402.0217426870886,0.0,3.0,0.0,6.0,20.0,15.0
402.3217426870886,0.0,3.0,0.0,6.0,20.0,15.0
402.32340935375527,0.0,3.0,0.0,6.0,20.0,15.0
402.6234093537553,0.0,3.0,0.0,6.0,20.0,15.0
402.62507602042194,0.0,3.0,0.0,6.0,20.0,15.0
402.92507602042195,0.0,3.0,0.0,6.0,20.0,15.0
402.9267426870886,0.0,3.0,0.0,4.0,20.0,16.0
403.22674268708863,0.0,3.0,0.0,4.0,20.0,16.0
403.23049268708866,0.0,3.0,0.0,4.0,20.0,16.0
403.53049268708867,0.0,3.0,0.0,4.0,20.0,16.0
403.5342426870887,0.0,3.0,0.0,4.0,20.0,16.0
403.8342426870887,0.0,3.0,0.0,4.0,20.0,16.0
403.83799268708873,0.0,3.0,0.0,4.0,20.0,16.0
404.13799268708874,0.0,3.0,0.0,4.0,20.0,16.0
404.14174268708877,0.0,3.0,0.0,4.0,20.0,16.0
404.4417426870888,0.0,3.0,0.0,4.0,20.0,16.0
404.4454926870888,0.0,3.0,0.0,4.0,20.0,16.0
404.7454926870888,0.0,3.0,0.0,4.0,20.0,16.0
404.74924268708884,0.0,3.0,0.0,4.0,20.0,16.0
405.04924268708885,0.0,3.0,0.0,4.0,20.0,16.0
405.0529926870889,0.0,3.0,0.0,4.0,20.0,16.0
405.3529926870889,0.0,3.0,0.0,4.0,20.0,16.0
405.3567426870889,0.0,3.0,0.0,4.0,20.0,16.0
405.6567426870889,0.0,3.0,0.0,4.0,20.0,16.0
405.66049268708895,0.0,3.0,0.0,4.0,20.0,16.0
405.96049268708896,0.0,3.0,0.0,4.0,20.0,16.0
405.964242687089,0.0,3.0,0.0,4.0,20.0,16.0
406.264242687089,0.0,3.0,0.0,4.0,20.0,16.0
406.267992687089,0.0,3.0,0.0,4.0,20.0,16.0
406.56799268708903,0.0,3.0,0.0,4.0,20.0,16.0
406.57174268708906,0.0,3.0,0.0,4.0,20.0,16.0
406.87174268708907,0.0,3.0,0.0,4.0,20.0,16.0
406.8754926870891,0.0,3.0,0.0,4.0,20.0,16.0
407.1754926870891,0.0,3.0,0.0,4.0,20.0,16.0
407.17924268708913,0.0,3.0,0.0,4.0,20.0,16.0
407.47924268708914,0.0,3.0,0.0,4.0,20.0,16.0
407.48299268708917,0.0,3.0,0.0,4.0,20.0,16.0
407.7829926870892,0.0,3.0,0.0,4.0,20.0,16.0
407.7867426870892,0.0,3.0,0.0,4.0,20.0,16.0
408.0867426870892,0.0,3.0,0.0,4.0,20.0,16.0
408.09049268708924,0.0,3.0,0.0,4.0,20.0,16.0
408.39049268708925,0.0,3.0,0.0,4.0,20.0,16.0
408.3942426870893,0.0,3.0,0.0,4.0,20.0,16.0
408.6942426870893,0.0,3.0,0.0,4.0,20.0,16.0
408.6979926870893,0.0,3.0,0.0,4.0,20.0,16.0
408.9979926870893,0.0,3.0,0.0,4.0,20.0,16.0
409.00174268708935,0.0,3.0,0.0,4.0,20.0,16.0
409.30174268708936,0.0,3.0,0.0,4.0,20.0,16.0
409.3054926870894,0.0,3.0,0.0,4.0,20.0,16.0
409.6054926870894,0.0,3.0,0.0,4.0,20.0,16.0
409.6092426870894,0.0,3.0,0.0,4.0,20.0,16.0
409.90924268708943,0.0,3.0,0.0,4.0,20.0,16.0
409.91299268708946,0.0,3.0,0.0,4.0,20.0,16.0
410.21299268708947,0.0,3.0,0.0,4.0,20.0,16.0
410.2167426870895,0.0,3.0,0.0,4.0,20.0,16.0
410.5167426870895,0.0,3.0,0.0,4.0,20.0,16.0
410.52049268708953,0.0,3.0,0.0,4.0,20.0,16.0
410.82049268708954,0.0,3.0,0.0,4.0,20.0,16.0
410.82424268708957,0.0,3.0,0.0,4.0,20.0,16.0
411.1242426870896,0.0,3.0,0.0,4.0,20.0,16.0
411.1279926870896,0.0,3.0,0.0,4.0,20.0,16.0
411.4279926870896,0.0,3.0,0.0,4.0,20.0,16.0
411.43174268708964,0.0,3.0,0.0,4.0,20.0,16.0
411.73174268708965,0.0,3.0,0.0,4.0,20.0,16.0
411.7354926870897,0.0,3.0,0.0,4.0,20.0,16.0
412.0354926870897,0.0,3.0,0.0,4.0,20.0,16.0
412.0392426870897,0.0,3.0,0.0,4.0,20.0,16.0
412.3392426870897,0.0,3.0,0.0,4.0,20.0,16.0
412.34299268708975,0.0,3.0,0.0,4.0,20.0,16.0
412.64299268708976,0.0,3.0,0.0,4.0,20.0,16.0
412.6467426870898,0.0,3.0,0.0,4.0,20.0,16.0
412.9467426870898,0.0,3.0,0.0,4.0,20.0,16.0
412.9504926870898,0.0,3.0,0.0,4.0,20.0,16.0
413.25049268708983,0.0,3.0,0.0,4.0,20.0,16.0
413.25424268708986,0.0,3.0,0.0,4.0,20.0,16.0
413.55424268708987,0.0,3.0,0.0,4.0,20.0,16.0
413.5579926870899,0.0,3.0,0.0,4.0,20.0,16.0
413.8579926870899,0.0,3.0,0.0,4.0,20.0,16.0
413.86174268708993,0.0,3.0,0.0,4.0,20.0,16.0
414.16174268708994,0.0,3.0,0.0,4.0,20.0,16.0
414.16549268708997,0.0,3.0,0.0,4.0,20.0,16.0
414.46549268709,0.0,3.0,0.0,4.0,20.0,16.0
414.46924268709,0.0,3.0,0.0,2.0,20.0,17.0
414.76924268709,0.0,3.0,0.0,2.0,20.0,17.0
414.77324268709003,0.0,3.0,0.0,2.0,20.0,17.0
415.07324268709004,0.0,3.0,0.0,2.0,20.0,17.0
415.07724268709006,0.0,3.0,0.0,2.0,20.0,17.0
415.3772426870901,0.0,3.0,0.0,2.0,20.0,17.0
415.3812426870901,0.0,3.0,0.0,2.0,20.0,17.0
415.6812426870901,0.0,3.0,0.0,2.0,20.0,17.0
415.6852426870901,0.0,3.0,0.0,2.0,20.0,17.0
415.98524268709014,0.0,3.0,0.0,2.0,20.0,17.0
415.98924268709015,0.0,3.0,0.0,2.0,20.0,17.0
416.28924268709017,0.0,3.0,0.0,2.0,20.0,17.0
416.2932426870902,0.0,3.0,0.0,2.0,20.0,17.0
416.5932426870902,0.0,3.0,0.0,2.0,20.0,17.0
416.5972426870902,0.0,4.0,0.0,2.0,20.0,17.0
416.8972426870902,0.0,4.0,0.0,2.0,20.0,17.0
416.90124268709025,0.0,4.0,0.0,2.0,20.0,17.0
417.20124268709026,0.0,4.0,0.0,2.0,20.0,17.0
417.2052426870903,0.0,4.0,0.0,2.0,20.0,17.0
417.5052426870903,0.0,4.0,0.0,2.0,20.0,17.0
417.5092426870903,0.0,4.0,0.0,2.0,20.0,17.0
417.8092426870903,0.0,4.0,0.0,2.0,20.0,17.0
417.81324268709034,0.0,4.0,0.0,2.0,20.0,17.0
418.11324268709035,0.0,4.0,0.0,2.0,20.0,17.0
418.11724268709037,0.0,4.0,0.0,2.0,20.0,17.0
418.4172426870904,0.0,4.0,0.0,2.0,20.0,17.0
418.4212426870904,0.0,4.0,0.0,2.0,20.0,17.0
418.7212426870904,0.0,4.0,0.0,2.0,20.0,17.0
418.72524268709043,0.0,4.0,0.0,2.0,20.0,17.0
419.02524268709044,0.0,4.0,0.0,2.0,20.0,17.0
419.02924268709046,0.0,4.0,0.0,2.0,20.0,17.0
419.32924268709047,0.0,4.0,0.0,2.0,20.0,17.0
419.3332426870905,0.0,4.0,0.0,2.0,20.0,17.0
419.6332426870905,0.0,4.0,0.0,2.0,20.0,17.0
419.6372426870905,0.0,4.0,0.0,2.0,20.0,17.0
419.93724268709053,0.0,4.0,0.0,2.0,20.0,17.0
419.94124268709055,0.0,4.0,0.0,2.0,20.0,17.0
420.24124268709056,0.0,4.0,0.0,2.0,20.0,17.0
420.2452426870906,0.0,4.0,0.0,2.0,20.0,17.0
420.5452426870906,0.0,4.0,0.0,2.0,20.0,17.0
420.5492426870906,0.0,4.0,0.0,2.0,20.0,17.0
420.8492426870906,0.0,4.0,0.0,2.0,20.0,17.0
420.85324268709064,0.0,4.0,0.0,2.0,20.0,17.0
421.15324268709065,0.0,4.0,0.0,2.0,20.0,17.0
421.1572426870907,0.0,4.0,0.0,2.0,20.0,17.0
421.4572426870907,0.0,4.0,0.0,2.0,20.0,17.0
421.4612426870907,0.0,4.0,0.0,2.0,20.0,17.0
421.7612426870907,0.0,4.0,0.0,2.0,20.0,17.0
421.76524268709073,0.0,4.0,0.0,2.0,20.0,17.0
422.06524268709074,0.0,4.0,0.0,2.0,20.0,17.0
422.06924268709076,0.0,4.0,0.0,2.0,20.0,17.0
422.3692426870908,0.0,4.0,0.0,2.0,20.0,17.0
422.3732426870908,0.0,4.0,0.0,2.0,20.0,17.0
422.6732426870908,0.0,4.0,0.0,2.0,20.0,17.0
422.6772426870908,0.0,4.0,0.0,2.0,20.0,17.0
422.97724268709084,0.0,4.0,0.0,2.0,20.0,17.0
422.98124268709086,0.0,4.0,0.0,2.0,20.0,17.0
423.28124268709087,0.0,4.0,0.0,2.0,20.0,17.0
423.2818426870909,0.0,4.0,0.0,2.0,20.0,17.0
423.5818426870909,0.0,4.0,0.0,2.0,20.0,17.0
423.5824426870909,0.0,4.0,0.0,2.0,20.0,17.0
423.88244268709093,0.0,4.0,0.0,2.0,20.0,17.0
423.88304268709095,0.0,4.0,0.0,2.0,20.0,17.0
424.18304268709096,0.0,4.0,0.0,2.0,20.0,17.0
424.183642687091,0.0,4.0,0.0,2.0,20.0,17.0
424.483642687091,0.0,4.0,0.0,2.0,20.0,17.0
424.484242687091,0.0,4.0,0.0,2.0,20.0,17.0
424.784242687091,0.0,4.0,0.0,2.0,20.0,17.0
424.78484268709104,0.0,4.0,0.0,2.0,20.0,17.0
425.08484268709105,0.0,4.0,0.0,2.0,20.0,17.0
425.0854426870911,0.0,4.0,0.0,2.0,20.0,17.0
425.3854426870911,0.0,4.0,0.0,2.0,20.0,17.0
425.3860426870911,0.0,4.0,0.0,2.0,20.0,17.0
425.6860426870911,0.0,4.0,0.0,2.0,20.0,17.0
425.68664268709114,0.0,4.0,0.0,2.0,20.0,17.0
425.98664268709115,0.0,4.0,0.0,2.0,20.0,17.0
425.98724268709117,0.0,4.0,0.0,2.0,20.0,17.0
426.2872426870912,0.0,4.0,0.0,2.0,20.0,17.0
426.2878426870912,0.0,4.0,0.0,2.0,20.0,17.0
426.5878426870912,0.0,4.0,0.0,2.0,20.0,17.0
426.58844268709123,0.0,4.0,0.0,2.0,20.0,17.0
426.88844268709124,0.0,4.0,0.0,2.0,20.0,17.0
426.88904268709126,0.0,4.0,0.0,2.0,20.0,17.0
427.1890426870913,0.0,4.0,0.0,2.0,20.0,17.0
427.1896426870913,0.0,4.0,0.0,2.0,20.0,17.0
427.4896426870913,0.0,4.0,0.0,2.0,20.0,17.0
427.4902426870913,0.0,4.0,0.0,2.0,20.0,17.0
427.79024268709134,0.0,4.0,0.0,2.0,20.0,17.0
427.79084268709136,0.0,4.0,0.0,2.0,20.0,17.0
428.09084268709137,0.0,4.0,0.0,2.0,20.0,17.0
428.0914426870914,0.0,4.0,0.0,2.0,20.0,17.0
428.3914426870914,0.0,4.0,0.0,2.0,20.0,17.0
428.3920426870914,0.0,4.0,0.0,2.0,20.0,17.0
428.69204268709143,0.0,4.0,0.0,2.0,20.0,17.0
428.69264268709145,0.0,4.0,0.0,2.0,20.0,17.0
428.99264268709146,0.0,4.0,0.0,2.0,20.0,17.0
428.9932426870915,0.0,4.0,0.0,2.0,20.0,17.0
429.2932426870915,0.0,4.0,0.0,2.0,20.0,17.0
429.2938426870915,0.0,4.0,0.0,2.0,20.0,17.0
429.5938426870915,0.0,4.0,0.0,2.0,20.0,17.0
429.59444268709154,0.0,4.0,0.0,2.0,20.0,17.0
429.89444268709155,0.0,4.0,0.0,2.0,20.0,17.0
429.8950426870916,0.0,4.0,0.0,2.0,20.0,17.0
430.1950426870916,0.0,4.0,0.0,2.0,20.0,17.0
430.1956426870916,0.0,4.0,0.0,2.0,20.0,17.0
430.4956426870916,0.0,4.0,0.0,2.0,20.0,17.0
430.49624268709164,0.0,4.0,0.0,2.0,20.0,17.0
430.79624268709165,0.0,4.0,0.0,2.0,20.0,17.0
430.79684268709167,0.0,4.0,0.0,2.0,20.0,17.0
431.0968426870917,0.0,4.0,0.0,2.0,20.0,17.0
431.0974426870917,0.0,4.0,0.0,2.0,20.0,17.0
431.3974426870917,0.0,4.0,0.0,2.0,20.0,17.0
431.39804268709173,0.0,4.0,0.0,2.0,20.0,17.0
431.69804268709174,0.0,4.0,0.0,2.0,20.0,17.0
431.69864268709176,0.0,4.0,0.0,2.0,20.0,17.0
431.9986426870918,0.0,4.0,0.0,2.0,20.0,17.0
431.9992426870918,0.0,4.0,0.0,2.0,20.0,17.0
432.2992426870918,0.0,4.0,0.0,2.0,20.0,17.0
432.2998426870918,0.0,4.0,0.0,2.0,20.0,17.0
432.59984268709184,0.0,4.0,0.0,2.0,20.0,17.0
432.60044268709186,0.0,4.0,0.0,2.0,20.0,17.0
432.90044268709187,0.0,4.0,0.0,2.0,20.0,17.0
432.9010426870919,0.0,4.0,0.0,2.0,20.0,17.0
433.2010426870919,0.0,4.0,0.0,2.0,20.0,17.0
433.2016426870919,0.0,4.0,0.0,2.0,20.0,17.0
433.50164268709193,0.0,4.0,0.0,2.0,20.0,17.0
433.50224268709195,0.0,4.0,0.0,2.0,20.0,17.0
433.80224268709196,0.0,4.0,0.0,2.0,20.0,17.0
433.802842687092,0.0,4.0,0.0,2.0,20.0,17.0
434.102842687092,0.0,4.0,0.0,2.0,20.0,17.0
434.103442687092,0.0,4.0,0.0,2.0,20.0,17.0
434.403442687092,0.0,4.0,0.0,2.0,20.0,17.0
434.40404268709204,0.0,4.0,0.0,2.0,20.0,17.0
434.70404268709206,0.0,4.0,0.0,2.0,20.0,17.0
434.7046426870921,0.0,4.0,0.0,2.0,20.0,17.0
435.0046426870921,0.0,4.0,0.0,2.0,20.0,17.0
435.0052426870921,1.0,4.0,0.0,2.0,20.0,17.0
435.3052426870921,1.0,4.0,0.0,2.0,20.0,17.0
435.3058487476982,1.0,4.0,0.0,2.0,20.0,17.0
435.6058487476982,1.0,4.0,0.0,2.0,20.0,17.0
435.60645480830425,1.0,4.0,0.0,2.0,20.0,17.0
435.90645480830426,1.0,4.0,0.0,2.0,20.0,17.0
435.9070608689103,1.0,4.0,0.0,2.0,20.0,17.0
436.20706086891033,1.0,4.0,0.0,2.0,20.0,17.0
436.2076669295164,1.0,4.0,0.0,2.0,20.0,17.0
436.5076669295164,1.0,4.0,0.0,2.0,20.0,17.0
436.50827299012246,1.0,4.0,0.0,2.0,20.0,17.0
436.8082729901225,1.0,4.0,0.0,2.0,20.0,17.0
436.80887905072854,1.0,4.0,0.0,2.0,20.0,17.0
437.10887905072855,1.0,4.0,0.0,2.0,20.0,17.0
437.1094851113346,1.0,4.0,0.0,2.0,20.0,17.0
437.4094851113346,1.0,4.0,0.0,2.0,20.0,17.0
437.4100911719407,1.0,4.0,0.0,2.0,20.0,17.0
437.7100911719407,1.0,4.0,0.0,2.0,20.0,17.0
437.71069723254675,1.0,4.0,0.0,2.0,20.0,17.0
438.01069723254676,1.0,4.0,0.0,2.0,20.0,17.0
438.0113032931528,1.0,4.0,0.0,2.0,20.0,17.0
438.31130329315283,1.0,4.0,0.0,2.0,20.0,17.0
438.3119093537589,1.0,4.0,0.0,2.0,20.0,17.0
438.6119093537589,1.0,4.0,0.0,2.0,20.0,17.0
438.61251541436496,1.0,4.0,0.0,2.0,20.0,17.0
438.912515414365,1.0,4.0,0.0,2.0,20.0,17.0
438.91312147497104,1.0,4.0,0.0,2.0,20.0,17.0
439.21312147497105,1.0,4.0,0.0,2.0,20.0,17.0
439.2137275355771,1.0,4.0,0.0,2.0,20.0,17.0
439.5137275355771,1.0,4.0,0.0,2.0,20.0,17.0
439.5143335961832,1.0,4.0,0.0,2.0,20.0,17.0
439.8143335961832,1.0,4.0,0.0,2.0,20.0,17.0
439.81493965678925,1.0,4.0,0.0,2.0,20.0,17.0
440.11493965678926,1.0,4.0,0.0,2.0,20.0,17.0
440.1155457173953,1.0,4.0,0.0,2.0,20.0,17.0
440.41554571739533,1.0,4.0,0.0,2.0,20.0,17.0
440.4161517780014,1.0,4.0,0.0,2.0,20.0,17.0
440.7161517780014,1.0,4.0,0.0,2.0,20.0,17.0
440.71675783860746,1.0,4.0,0.0,2.0,20.0,17.0
441.0167578386075,1.0,4.0,0.0,2.0,20.0,17.0
441.01736389921354,1.0,4.0,0.0,2.0,20.0,17.0
441.31736389921355,1.0,4.0,0.0,2.0,20.0,17.0
441.3179699598196,1.0,4.0,0.0,2.0,20.0,17.0
441.6179699598196,1.0,4.0,0.0,2.0,20.0,17.0
441.6185760204257,1.0,4.0,0.0,2.0,20.0,17.0
441.9185760204257,1.0,4.0,0.0,2.0,20.0,17.0
441.91918208103175,1.0,4.0,0.0,2.0,20.0,17.0
442.21918208103176,1.0,4.0,0.0,2.0,20.0,17.0
442.2197881416378,1.0,4.0,0.0,2.0,20.0,17.0
442.51978814163783,1.0,4.0,0.0,2.0,20.0,17.0
442.5203942022439,1.0,4.0,0.0,2.0,20.0,17.0
442.8203942022439,1.0,4.0,0.0,2.0,20.0,17.0
442.82100026284996,1.0,4.0,0.0,2.0,20.0,17.0
443.12100026285,1.0,4.0,0.0,2.0,20.0,17.0
443.12160632345604,1.0,4.0,0.0,2.0,20.0,17.0
443.42160632345605,1.0,4.0,0.0,2.0,20.0,17.0
443.4222123840621,1.0,4.0,0.0,2.0,20.0,17.0
443.7222123840621,1.0,4.0,0.0,2.0,20.0,17.0
443.7228184446682,1.0,4.0,0.0,2.0,20.0,17.0
444.0228184446682,1.0,4.0,0.0,2.0,20.0,17.0
444.02342450527425,1.0,4.0,0.0,2.0,20.0,17.0
444.32342450527426,1.0,4.0,0.0,2.0,20.0,17.0
444.3240305658803,1.0,4.0,0.0,2.0,20.0,17.0
444.62403056588033,1.0,4.0,0.0,2.0,20.0,17.0
444.6246366264864,1.0,4.0,0.0,2.0,20.0,17.0
444.9246366264864,1.0,4.0,0.0,2.0,20.0,17.0
444.92524268709246,1.0,4.0,0.0,2.0,20.0,17.0
445.2252426870925,1.0,4.0,0.0,2.0,20.0,17.0
445.22584874769854,1.0,4.0,0.0,2.0,20.0,17.0
445.52584874769855,1.0,4.0,0.0,2.0,20.0,17.0
445.5264548083046,1.0,4.0,0.0,2.0,20.0,17.0
445.8264548083046,1.0,4.0,0.0,2.0,20.0,17.0
445.8270608689107,1.0,4.0,0.0,2.0,20.0,17.0
446.1270608689107,1.0,4.0,0.0,2.0,20.0,17.0
446.12766692951675,1.0,4.0,0.0,2.0,20.0,17.0
446.42766692951676,1.0,4.0,0.0,2.0,20.0,17.0
446.4282729901228,1.0,4.0,0.0,2.0,20.0,17.0
446.72827299012283,1.0,4.0,0.0,2.0,20.0,17.0
446.7288790507289,1.0,4.0,0.0,2.0,20.0,17.0
447.0288790507289,1.0,4.0,0.0,2.0,20.0,17.0
447.02948511133496,1.0,4.0,0.0,2.0,20.0,17.0
447.329485111335,1.0,4.0,0.0,2.0,20.0,17.0
447.33009117194104,1.0,4.0,0.0,2.0,20.0,17.0
447.63009117194105,1.0,4.0,0.0,2.0,20.0,17.0
447.6306972325471,1.0,4.0,0.0,2.0,20.0,17.0
447.9306972325471,1.0,4.0,0.0,2.0,20.0,17.0
447.9313032931532,1.0,4.0,0.0,2.0,20.0,17.0
448.2313032931532,1.0,4.0,0.0,2.0,20.0,17.0
448.23190935375925,1.0,4.0,0.0,2.0,20.0,17.0
448.53190935375926,1.0,4.0,0.0,2.0,20.0,17.0
448.5325154143653,1.0,4.0,0.0,2.0,20.0,17.0
448.83251541436533,1.0,4.0,0.0,2.0,20.0,17.0
448.8331214749714,1.0,4.0,0.0,2.0,20.0,17.0
449.1331214749714,1.0,4.0,0.0,2.0,20.0,17.0
449.13372753557746,1.0,4.0,0.0,2.0,20.0,17.0
449.4337275355775,1.0,4.0,0.0,2.0,20.0,17.0
449.43433359618354,1.0,4.0,0.0,2.0,20.0,17.0
449.73433359618355,1.0,4.0,0.0,2.0,20.0,17.0
449.7349396567896,1.0,4.0,0.0,2.0,20.0,17.0
450.0349396567896,1.0,4.0,0.0,2.0,20.0,17.0
450.0355457173957,1.0,4.0,0.0,2.0,20.0,17.0
450.3355457173957,1.0,4.0,0.0,2.0,20.0,17.0
450.33615177800175,1.0,4.0,0.0,2.0,20.0,17.0
450.63615177800176,1.0,4.0,0.0,2.0,20.0,17.0
450.6367578386078,1.0,4.0,0.0,2.0,20.0,17.0
450.93675783860783,1.0,4.0,0.0,2.0,20.0,17.0
450.9373638992139,1.0,4.0,0.0,2.0,20.0,17.0
451.2373638992139,1.0,4.0,0.0,2.0,20.0,17.0
451.23796995981996,1.0,4.0,0.0,2.0,20.0,17.0
451.53796995982,1.0,4.0,0.0,2.0,20.0,17.0
451.53857602042604,2.0,4.0,0.0,2.0,20.0,17.0
451.83857602042605,2.0,4.0,0.0,2.0,20.0,17.0
451.839188265324,2.0,4.0,0.0,2.0,20.0,17.0
452.13918826532404,2.0,4.0,0.0,2.0,20.0,17.0
452.139800510222,2.0,4.0,0.0,2.0,20.0,17.0
452.439800510222,2.0,4.0,0.0,2.0,20.0,17.0
452.44041275512,2.0,4.0,0.0,2.0,20.0,17.0
452.74041275512,2.0,4.0,0.0,2.0,20.0,17.0
452.741025000018,2.0,4.0,0.0,2.0,20.0,17.0
453.041025000018,2.0,4.0,0.0,2.0,20.0,17.0
453.041637244916,2.0,4.0,0.0,2.0,20.0,17.0
453.341637244916,2.0,4.0,0.0,2.0,20.0,17.0
453.342249489814,2.0,4.0,0.0,2.0,20.0,17.0
453.642249489814,2.0,4.0,0.0,2.0,20.0,17.0
453.64286173471197,2.0,4.0,0.0,2.0,20.0,17.0
453.942861734712,2.0,4.0,0.0,2.0,20.0,17.0
453.94347397960996,2.0,4.0,0.0,2.0,20.0,17.0
454.24347397961,2.0,4.0,0.0,2.0,20.0,17.0
454.24408622450795,2.0,4.0,0.0,2.0,20.0,17.0
454.54408622450796,2.0,4.0,0.0,2.0,20.0,17.0
454.54469846940594,2.0,4.0,0.0,2.0,20.0,17.0
454.84469846940596,2.0,4.0,0.0,2.0,20.0,17.0
454.84531071430393,2.0,4.0,0.0,2.0,20.0,17.0
455.14531071430395,2.0,4.0,0.0,2.0,20.0,17.0
455.1459229592019,2.0,4.0,0.0,2.0,20.0,17.0
455.44592295920194,2.0,4.0,0.0,2.0,20.0,17.0
455.4465352040999,2.0,4.0,0.0,2.0,20.0,17.0
455.7465352040999,2.0,4.0,0.0,2.0,20.0,17.0
455.7471474489979,2.0,4.0,0.0,2.0,20.0,17.0
456.0471474489979,2.0,4.0,0.0,2.0,20.0,17.0
456.0477596938959,2.0,4.0,0.0,2.0,20.0,17.0
456.3477596938959,2.0,4.0,0.0,2.0,20.0,17.0
456.3483719387939,2.0,4.0,0.0,2.0,20.0,17.0
456.6483719387939,2.0,4.0,0.0,2.0,20.0,17.0
456.6489841836919,2.0,4.0,0.0,2.0,20.0,17.0
456.9489841836919,2.0,4.0,0.0,2.0,20.0,17.0
456.94959642858987,2.0,4.0,0.0,2.0,20.0,17.0
457.2495964285899,2.0,4.0,0.0,2.0,20.0,17.0
457.25020867348786,2.0,4.0,0.0,2.0,20.0,17.0
457.5502086734879,2.0,4.0,0.0,2.0,20.0,17.0
457.55082091838585,2.0,4.0,0.0,2.0,20.0,17.0
457.85082091838586,2.0,4.0,0.0,2.0,20.0,17.0
457.85143316328384,2.0,4.0,0.0,2.0,20.0,17.0
458.15143316328385,2.0,4.0,0.0,2.0,20.0,17.0
458.15204540818183,2.0,4.0,0.0,2.0,20.0,17.0
458.45204540818185,2.0,4.0,0.0,2.0,20.0,17.0
458.4526576530798,2.0,4.0,0.0,2.0,20.0,17.0
458.75265765307984,2.0,4.0,0.0,2.0,20.0,17.0
458.7532698979778,2.0,4.0,0.0,2.0,20.0,17.0
459.0532698979778,2.0,4.0,0.0,2.0,20.0,17.0
459.0538821428758,2.0,4.0,0.0,2.0,20.0,17.0
459.3538821428758,2.0,4.0,0.0,2.0,20.0,17.0
459.3544943877738,2.0,4.0,0.0,2.0,20.0,17.0
459.6544943877738,2.0,4.0,0.0,2.0,20.0,17.0
459.6551066326718,2.0,4.0,0.0,2.0,20.0,17.0
459.9551066326718,2.0,4.0,0.0,2.0,20.0,17.0
459.9557188775698,2.0,4.0,0.0,2.0,20.0,17.0
460.2557188775698,2.0,4.0,0.0,2.0,20.0,17.0
460.25633112246777,2.0,4.0,0.0,2.0,20.0,17.0
460.5563311224678,2.0,4.0,0.0,2.0,20.0,17.0
460.55694336736576,2.0,4.0,0.0,2.0,20.0,17.0
460.8569433673658,2.0,4.0,0.0,2.0,20.0,17.0
460.85755561226375,2.0,4.0,0.0,2.0,20.0,17.0
461.15755561226376,2.0,4.0,0.0,2.0,20.0,17.0
461.15816785716174,2.0,4.0,0.0,2.0,20.0,17.0
461.45816785716175,2.0,4.0,0.0,2.0,20.0,17.0
461.45878010205973,2.0,4.0,0.0,2.0,20.0,17.0
461.75878010205975,2.0,4.0,0.0,2.0,20.0,17.0
461.7593923469577,3.0,4.0,0.0,2.0,20.0,17.0
462.05939234695774,3.0,4.0,0.0,2.0,20.0,17.0
462.0600109036588,3.0,4.0,0.0,2.0,20.0,17.0
462.3600109036588,3.0,4.0,0.0,2.0,20.0,17.0
462.36062946035986,3.0,4.0,0.0,2.0,20.0,17.0
462.66062946035987,3.0,4.0,0.0,2.0,20.0,17.0
462.6612480170609,3.0,4.0,0.0,2.0,20.0,17.0
462.96124801706094,3.0,4.0,0.0,2.0,20.0,17.0
462.961866573762,3.0,4.0,0.0,2.0,20.0,17.0
463.261866573762,3.0,4.0,0.0,2.0,20.0,17.0
463.26248513046306,3.0,4.0,0.0,2.0,20.0,17.0
463.5624851304631,3.0,4.0,0.0,2.0,20.0,17.0
463.56310368716413,3.0,4.0,0.0,2.0,20.0,17.0
463.86310368716414,3.0,4.0,0.0,2.0,20.0,17.0
463.8637222438652,3.0,4.0,0.0,2.0,20.0,17.0
464.1637222438652,3.0,4.0,0.0,2.0,20.0,17.0
464.16434080056626,3.0,4.0,0.0,2.0,20.0,17.0
464.4643408005663,3.0,4.0,0.0,2.0,20.0,17.0
464.46495935726733,3.0,4.0,0.0,2.0,20.0,17.0
464.76495935726734,3.0,4.0,0.0,2.0,20.0,17.0
464.7655779139684,3.0,4.0,0.0,2.0,20.0,17.0
465.0655779139684,3.0,4.0,0.0,2.0,20.0,17.0
465.06619647066947,3.0,4.0,0.0,2.0,20.0,17.0
465.3661964706695,3.0,4.0,0.0,2.0,20.0,17.0
465.36681502737054,3.0,4.0,0.0,2.0,20.0,17.0
465.66681502737055,3.0,4.0,0.0,2.0,20.0,17.0
465.6674335840716,3.0,4.0,0.0,2.0,20.0,17.0
465.9674335840716,3.0,4.0,0.0,2.0,20.0,17.0
465.96805214077267,3.0,4.0,0.0,2.0,20.0,17.0
466.2680521407727,3.0,4.0,0.0,2.0,20.0,17.0
466.26867069747374,3.0,4.0,0.0,2.0,20.0,17.0
466.56867069747375,3.0,4.0,0.0,2.0,20.0,17.0
466.5692892541748,3.0,4.0,0.0,2.0,20.0,17.0
466.8692892541748,3.0,4.0,0.0,2.0,20.0,17.0
466.8699078108759,3.0,4.0,0.0,2.0,20.0,17.0
467.1699078108759,3.0,4.0,0.0,2.0,20.0,17.0
467.17052636757694,3.0,4.0,0.0,2.0,20.0,17.0
467.47052636757695,3.0,4.0,0.0,2.0,20.0,17.0
467.471144924278,3.0,4.0,0.0,2.0,20.0,17.0
467.771144924278,3.0,4.0,0.0,2.0,20.0,17.0
467.7717634809791,3.0,4.0,0.0,2.0,20.0,17.0
468.0717634809791,3.0,4.0,0.0,2.0,20.0,17.0
468.07238203768014,3.0,4.0,0.0,2.0,20.0,17.0
468.37238203768015,3.0,4.0,0.0,2.0,20.0,17.0
468.3730005943812,3.0,4.0,0.0,2.0,20.0,17.0
468.6730005943812,3.0,4.0,0.0,2.0,20.0,17.0
468.6736191510823,3.0,4.0,0.0,2.0,20.0,17.0
468.9736191510823,3.0,4.0,0.0,2.0,20.0,17.0
468.97423770778335,3.0,4.0,0.0,2.0,20.0,17.0
469.27423770778336,3.0,4.0,0.0,2.0,20.0,17.0
469.2748562644844,3.0,4.0,0.0,2.0,20.0,17.0
469.5748562644844,3.0,4.0,0.0,2.0,20.0,17.0
469.5754748211855,3.0,4.0,0.0,2.0,20.0,17.0
469.8754748211855,3.0,4.0,0.0,2.0,20.0,17.0
469.87609337788655,4.0,4.0,0.0,2.0,20.0,17.0
470.17609337788656,4.0,4.0,0.0,2.0,20.0,17.0
470.1767183778866,4.0,4.0,0.0,2.0,20.0,17.0
470.4767183778866,4.0,4.0,0.0,2.0,20.0,17.0
470.4773433778866,4.0,4.0,0.0,2.0,20.0,17.0
470.7773433778866,4.0,4.0,0.0,2.0,20.0,17.0
470.7779683778866,4.0,4.0,0.0,2.0,20.0,17.0
471.07796837788663,4.0,4.0,0.0,2.0,20.0,17.0
471.07859337788665,4.0,4.0,0.0,2.0,20.0,17.0
471.37859337788666,4.0,4.0,0.0,2.0,20.0,17.0
471.3792183778867,4.0,4.0,0.0,2.0,20.0,17.0
471.6792183778867,4.0,4.0,0.0,2.0,20.0,17.0
471.6798433778867,4.0,4.0,0.0,2.0,20.0,17.0
471.9798433778867,4.0,4.0,0.0,2.0,20.0,17.0
471.9804683778867,4.0,4.0,0.0,2.0,20.0,17.0
472.28046837788673,4.0,4.0,0.0,2.0,20.0,17.0
472.28109337788675,4.0,4.0,0.0,2.0,20.0,17.0
472.58109337788676,4.0,4.0,0.0,2.0,20.0,17.0
472.5817183778868,4.0,4.0,0.0,2.0,20.0,17.0
472.8817183778868,4.0,4.0,0.0,2.0,20.0,17.0
472.8823433778868,4.0,4.0,0.0,2.0,20.0,17.0
473.1823433778868,4.0,4.0,0.0,2.0,20.0,17.0
473.1829683778868,4.0,4.0,0.0,2.0,20.0,17.0
473.48296837788683,4.0,4.0,0.0,2.0,20.0,17.0
473.48359337788685,4.0,4.0,0.0,2.0,20.0,17.0
473.78359337788686,4.0,4.0,0.0,2.0,20.0,17.0
473.7842183778869,4.0,4.0,0.0,2.0,20.0,17.0
474.0842183778869,4.0,4.0,0.0,2.0,20.0,17.0
474.0848433778869,4.0,4.0,0.0,2.0,20.0,17.0
474.3848433778869,4.0,4.0,0.0,2.0,20.0,17.0
474.3854683778869,4.0,4.0,0.0,2.0,20.0,17.0
474.68546837788693,4.0,4.0,0.0,2.0,20.0,17.0
474.68609337788695,4.0,4.0,0.0,2.0,20.0,17.0
474.98609337788696,4.0,4.0,0.0,2.0,20.0,17.0
474.986718377887,4.0,4.0,0.0,2.0,20.0,17.0
475.286718377887,4.0,4.0,0.0,2.0,20.0,17.0
475.287343377887,4.0,4.0,0.0,2.0,20.0,17.0
475.587343377887,4.0,4.0,0.0,2.0,20.0,17.0
475.587968377887,4.0,4.0,0.0,2.0,20.0,17.0
475.88796837788703,4.0,4.0,0.0,2.0,20.0,17.0
475.88859337788705,4.0,4.0,0.0,2.0,20.0,17.0
476.18859337788706,4.0,4.0,0.0,2.0,20.0,17.0
476.1892183778871,4.0,4.0,0.0,2.0,20.0,17.0
476.4892183778871,4.0,4.0,0.0,2.0,20.0,17.0
476.4898433778871,4.0,4.0,0.0,2.0,20.0,17.0
476.7898433778871,4.0,4.0,0.0,2.0,20.0,17.0
476.7904683778871,4.0,4.0,0.0,2.0,20.0,17.0
477.09046837788713,4.0,4.0,0.0,2.0,20.0,17.0
477.09109337788715,4.0,4.0,0.0,2.0,20.0,17.0
477.39109337788716,4.0,4.0,0.0,2.0,20.0,17.0
477.3917183778872,4.0,4.0,0.0,2.0,20.0,17.0
477.6917183778872,4.0,4.0,0.0,2.0,20.0,17.0
477.6923433778872,4.0,4.0,0.0,2.0,20.0,17.0
477.9923433778872,4.0,4.0,0.0,2.0,20.0,17.0
477.9929683778872,4.0,4.0,0.0,2.0,20.0,17.0
478.29296837788723,4.0,4.0,0.0,2.0,20.0,17.0
478.29359337788725,4.0,4.0,0.0,2.0,20.0,17.0
478.59359337788726,4.0,4.0,0.0,2.0,20.0,17.0
478.5942183778873,4.0,4.0,0.0,2.0,20.0,17.0
478.8942183778873,4.0,4.0,0.0,2.0,20.0,17.0
478.8948433778873,4.0,4.0,0.0,2.0,20.0,17.0
479.1948433778873,4.0,4.0,0.0,2.0,20.0,17.0
479.1954683778873,4.0,4.0,0.0,2.0,20.0,17.0
479.49546837788733,4.0,4.0,0.0,2.0,20.0,17.0
479.49609337788735,4.0,4.0,0.0,2.0,20.0,17.0
479.79609337788736,4.0,4.0,0.0,2.0,20.0,17.0
479.7967183778874,4.0,4.0,0.0,2.0,20.0,17.0
480.0967183778874,4.0,4.0,0.0,2.0,20.0,17.0
480.0973433778874,4.0,4.0,0.0,2.0,20.0,17.0
480.3973433778874,4.0,4.0,0.0,2.0,20.0,17.0
480.3979683778874,4.0,4.0,0.0,2.0,20.0,17.0
480.69796837788743,4.0,4.0,0.0,2.0,20.0,17.0
480.69859337788745,4.0,4.0,0.0,2.0,20.0,17.0
480.99859337788746,4.0,4.0,0.0,2.0,20.0,17.0
480.9992183778875,4.0,4.0,0.0,2.0,20.0,17.0
481.2992183778875,4.0,4.0,0.0,2.0,20.0,17.0
481.2998433778875,4.0,4.0,0.0,2.0,20.0,17.0
481.5998433778875,4.0,4.0,0.0,2.0,20.0,17.0
481.6004683778875,4.0,4.0,0.0,2.0,20.0,17.0
481.90046837788753,4.0,4.0,0.0,2.0,20.0,17.0
481.90109337788755,4.0,4.0,0.0,2.0,20.0,17.0
482.20109337788756,4.0,4.0,0.0,2.0,20.0,17.0
482.2017183778876,4.0,4.0,0.0,2.0,20.0,17.0
482.5017183778876,4.0,4.0,0.0,2.0,20.0,17.0
482.5023433778876,4.0,4.0,0.0,2.0,20.0,17.0
482.8023433778876,4.0,4.0,0.0,2.0,20.0,17.0
482.8029683778876,4.0,4.0,0.0,2.0,20.0,17.0
483.10296837788763,4.0,4.0,0.0,2.0,20.0,17.0
483.10359337788765,4.0,4.0,0.0,2.0,20.0,17.0
483.40359337788766,4.0,4.0,0.0,2.0,20.0,17.0
483.4042183778877,4.0,4.0,0.0,2.0,20.0,17.0
483.7042183778877,4.0,4.0,0.0,2.0,20.0,17.0
483.7048433778877,4.0,4.0,0.0,2.0,20.0,17.0
484.0048433778877,4.0,4.0,0.0,2.0,20.0,17.0
484.0054683778877,5.0,4.0,0.0,2.0,20.0,17.0
484.30546837788773,5.0,4.0,0.0,2.0,20.0,17.0
484.3060999568351,5.0,4.0,0.0,2.0,20.0,17.0
484.6060999568351,5.0,4.0,0.0,2.0,20.0,17.0
484.6067315357825,5.0,4.0,0.0,2.0,20.0,17.0
484.9067315357825,5.0,4.0,0.0,2.0,20.0,17.0
484.9073631147299,5.0,5.0,0.0,2.0,20.0,17.0
485.2073631147299,5.0,5.0,0.0,2.0,20.0,17.0
485.2079946936773,5.0,5.0,0.0,2.0,20.0,17.0
485.5079946936773,5.0,5.0,0.0,2.0,20.0,17.0
485.50862627262467,5.0,5.0,0.0,2.0,20.0,17.0
485.8086262726247,5.0,5.0,0.0,2.0,20.0,17.0
485.80925785157206,5.0,5.0,0.0,2.0,20.0,17.0
486.10925785157207,5.0,5.0,0.0,2.0,20.0,17.0
486.10988943051944,5.0,5.0,0.0,2.0,20.0,17.0
486.40988943051946,5.0,5.0,0.0,2.0,20.0,17.0
486.41052100946683,5.0,5.0,0.0,2.0,20.0,17.0
486.71052100946685,5.0,5.0,0.0,2.0,20.0,17.0
486.7111525884142,5.0,5.0,0.0,2.0,20.0,17.0
487.01115258841423,5.0,5.0,0.0,2.0,20.0,17.0
487.0117841673616,5.0,5.0,0.0,2.0,20.0,17.0
487.3117841673616,5.0,5.0,0.0,2.0,20.0,17.0
487.312415746309,5.0,5.0,0.0,2.0,20.0,17.0
487.612415746309,5.0,5.0,0.0,2.0,20.0,17.0
487.6130473252564,5.0,5.0,0.0,2.0,20.0,17.0
487.9130473252564,5.0,5.0,0.0,2.0,20.0,17.0
487.9136789042038,5.0,5.0,0.0,2.0,20.0,17.0
488.2136789042038,5.0,5.0,0.0,2.0,20.0,17.0
488.21431048315117,5.0,5.0,0.0,2.0,20.0,17.0
488.5143104831512,5.0,5.0,0.0,2.0,20.0,17.0
488.51494206209856,5.0,5.0,0.0,2.0,20.0,17.0
488.81494206209857,5.0,5.0,0.0,2.0,20.0,17.0
488.81557364104594,6.0,5.0,0.0,2.0,20.0,17.0
489.11557364104596,6.0,5.0,0.0,2.0,20.0,17.0
489.1162119389183,6.0,5.0,0.0,2.0,20.0,17.0
489.4162119389183,6.0,5.0,0.0,2.0,20.0,17.0
489.41685023679065,6.0,5.0,0.0,2.0,20.0,17.0
489.71685023679066,6.0,5.0,0.0,2.0,20.0,17.0
489.717488534663,6.0,5.0,0.0,2.0,20.0,17.0
490.017488534663,6.0,5.0,0.0,2.0,20.0,17.0
490.01812683253536,6.0,5.0,0.0,2.0,20.0,17.0
490.31812683253537,6.0,5.0,0.0,2.0,20.0,17.0
490.3187651304077,6.0,5.0,0.0,2.0,20.0,17.0
490.6187651304077,6.0,5.0,0.0,2.0,20.0,17.0
490.61940342828007,6.0,5.0,0.0,2.0,20.0,17.0
490.9194034282801,6.0,5.0,0.0,2.0,20.0,17.0
490.9200417261524,6.0,5.0,0.0,2.0,20.0,17.0
491.22004172615243,6.0,5.0,0.0,2.0,20.0,17.0
491.2206800240248,6.0,5.0,0.0,2.0,20.0,17.0
491.5206800240248,6.0,5.0,0.0,2.0,20.0,17.0
491.5213183218971,6.0,5.0,0.0,2.0,20.0,17.0
491.82131832189714,6.0,5.0,0.0,2.0,20.0,17.0
491.8219566197695,6.0,5.0,0.0,2.0,20.0,17.0
492.1219566197695,6.0,5.0,0.0,2.0,20.0,17.0
492.12259491764183,6.0,5.0,0.0,2.0,20.0,17.0
492.42259491764185,6.0,5.0,0.0,2.0,20.0,17.0
492.4232332155142,6.0,5.0,0.0,2.0,20.0,17.0
492.7232332155142,6.0,5.0,0.0,2.0,20.0,17.0
492.72387151338654,6.0,5.0,0.0,2.0,20.0,17.0
493.02387151338655,6.0,5.0,0.0,2.0,20.0,17.0
493.0245098112589,6.0,5.0,0.0,2.0,20.0,17.0
493.3245098112589,6.0,5.0,0.0,2.0,20.0,17.0
493.32514810913125,6.0,5.0,0.0,2.0,20.0,17.0
493.62514810913126,6.0,5.0,0.0,2.0,20.0,17.0
493.6257864070036,6.0,5.0,0.0,2.0,20.0,17.0
493.9257864070036,6.0,5.0,0.0,2.0,20.0,17.0
493.92642470487596,6.0,5.0,0.0,2.0,20.0,17.0
494.22642470487597,6.0,5.0,0.0,2.0,20.0,17.0
494.2270630027483,6.0,5.0,0.0,2.0,20.0,17.0
494.5270630027483,6.0,5.0,0.0,2.0,20.0,17.0
494.52770130062066,6.0,5.0,0.0,2.0,20.0,17.0
494.8277013006207,6.0,5.0,0.0,2.0,20.0,17.0
494.828339598493,6.0,5.0,0.0,2.0,20.0,17.0
495.128339598493,6.0,5.0,0.0,2.0,20.0,17.0
495.12897789636537,6.0,5.0,0.0,2.0,20.0,17.0
495.4289778963654,6.0,5.0,0.0,2.0,20.0,17.0
495.4296161942377,6.0,5.0,0.0,2.0,20.0,17.0
495.72961619423774,6.0,5.0,0.0,2.0,20.0,17.0
495.7302544921101,6.0,5.0,0.0,2.0,20.0,17.0
496.0302544921101,6.0,5.0,0.0,2.0,20.0,17.0
496.03089278998243,6.0,5.0,0.0,2.0,20.0,17.0
496.33089278998244,6.0,5.0,0.0,2.0,20.0,17.0
496.3315310878548,6.0,5.0,0.0,2.0,20.0,17.0
496.6315310878548,6.0,5.0,0.0,2.0,20.0,17.0
496.63216938572714,6.0,5.0,0.0,2.0,20.0,17.0
496.93216938572715,6.0,5.0,0.0,2.0,20.0,17.0
496.9328076835995,7.0,5.0,0.0,2.0,20.0,17.0
497.2328076835995,7.0,5.0,0.0,2.0,20.0,17.0
497.2334528448898,7.0,5.0,0.0,2.0,20.0,17.0
497.53345284488984,7.0,5.0,0.0,2.0,20.0,17.0
497.53409800618016,7.0,5.0,0.0,2.0,20.0,17.0
497.83409800618017,7.0,5.0,0.0,2.0,20.0,17.0
497.8347431674705,7.0,5.0,0.0,2.0,20.0,17.0
498.1347431674705,7.0,5.0,0.0,2.0,20.0,17.0
498.1353883287608,7.0,5.0,0.0,2.0,20.0,17.0
498.43538832876084,7.0,5.0,0.0,2.0,20.0,17.0
498.43603349005116,7.0,5.0,0.0,2.0,20.0,17.0
498.73603349005117,7.0,5.0,0.0,2.0,20.0,17.0
498.7366786513415,7.0,5.0,0.0,2.0,20.0,17.0
499.0366786513415,7.0,5.0,0.0,2.0,20.0,17.0
499.0373238126318,7.0,5.0,0.0,2.0,20.0,17.0
499.33732381263184,7.0,5.0,0.0,2.0,20.0,17.0
499.33796897392216,7.0,5.0,0.0,2.0,20.0,17.0
499.63796897392217,7.0,5.0,0.0,2.0,20.0,17.0
499.6386141352125,7.0,5.0,0.0,2.0,20.0,17.0
499.9386141352125,7.0,5.0,0.0,2.0,20.0,17.0
499.9392592965028,7.0,5.0,0.0,2.0,20.0,17.0
500.23925929650284,7.0,5.0,0.0,2.0,20.0,17.0
500.23990445779316,7.0,5.0,0.0,2.0,20.0,17.0
500.53990445779317,7.0,5.0,0.0,2.0,20.0,17.0
500.5405496190835,7.0,5.0,0.0,2.0,20.0,17.0
500.8405496190835,7.0,5.0,0.0,2.0,20.0,17.0
500.8411947803738,7.0,5.0,0.0,2.0,20.0,17.0
501.14119478037384,7.0,5.0,0.0,2.0,20.0,17.0
501.14183994166416,7.0,5.0,0.0,2.0,20.0,17.0
501.44183994166417,7.0,5.0,0.0,2.0,20.0,17.0
501.4424851029545,7.0,5.0,0.0,2.0,20.0,17.0
501.7424851029545,7.0,5.0,0.0,2.0,20.0,17.0
501.7431302642448,7.0,5.0,0.0,2.0,20.0,17.0
502.04313026424484,7.0,5.0,0.0,2.0,20.0,17.0
502.04377542553516,7.0,5.0,0.0,2.0,20.0,17.0
502.34377542553517,7.0,5.0,0.0,2.0,20.0,17.0
502.3444205868255,7.0,5.0,0.0,2.0,20.0,17.0
502.6444205868255,7.0,5.0,0.0,2.0,20.0,17.0
502.6450657481158,7.0,5.0,0.0,2.0,20.0,17.0
502.94506574811584,7.0,5.0,0.0,2.0,20.0,17.0
502.94571090940616,7.0,5.0,0.0,2.0,20.0,17.0
503.24571090940617,7.0,5.0,0.0,2.0,20.0,17.0
503.2463560706965,7.0,5.0,0.0,2.0,20.0,17.0
503.5463560706965,7.0,5.0,0.0,2.0,20.0,17.0
503.5470012319868,7.0,5.0,0.0,2.0,20.0,17.0
503.84700123198684,7.0,5.0,0.0,2.0,20.0,17.0
503.84764639327716,7.0,5.0,0.0,2.0,20.0,17.0
504.14764639327717,7.0,5.0,0.0,2.0,20.0,17.0
504.1482915545675,7.0,5.0,0.0,2.0,20.0,17.0
504.4482915545675,7.0,5.0,0.0,2.0,20.0,17.0
504.4489367158578,7.0,5.0,0.0,2.0,20.0,17.0
504.74893671585784,7.0,5.0,0.0,2.0,20.0,17.0
504.74958187714816,7.0,5.0,0.0,2.0,20.0,17.0
505.04958187714817,7.0,5.0,0.0,2.0,20.0,17.0
505.0502270384385,7.0,5.0,0.0,2.0,20.0,17.0
505.3502270384385,7.0,5.0,0.0,2.0,20.0,17.0
505.3508721997288,7.0,5.0,0.0,2.0,20.0,17.0
505.65087219972884,7.0,5.0,0.0,2.0,20.0,17.0
505.65151736101916,7.0,5.0,0.0,2.0,20.0,17.0
505.95151736101917,7.0,5.0,0.0,2.0,20.0,17.0
505.9521625223095,7.0,5.0,0.0,2.0,20.0,17.0
506.2521625223095,7.0,5.0,0.0,2.0,20.0,17.0
506.2528076835998,7.0,5.0,0.0,2.0,20.0,17.0
506.55280768359984,7.0,5.0,0.0,2.0,20.0,17.0
506.55345284489016,7.0,5.0,0.0,2.0,20.0,17.0
506.85345284489017,7.0,5.0,0.0,2.0,20.0,17.0
506.8540980061805,7.0,5.0,0.0,2.0,20.0,17.0
507.1540980061805,7.0,5.0,0.0,2.0,20.0,17.0
507.1547431674708,7.0,5.0,0.0,2.0,20.0,17.0
507.45474316747084,7.0,5.0,0.0,2.0,20.0,17.0
507.45538832876116,7.0,5.0,0.0,2.0,20.0,17.0
507.75538832876117,7.0,5.0,0.0,2.0,20.0,17.0
507.7560334900515,7.0,5.0,0.0,2.0,20.0,17.0
508.0560334900515,7.0,5.0,0.0,2.0,20.0,17.0
508.0566786513418,7.0,5.0,0.0,2.0,20.0,17.0
508.35667865134184,7.0,5.0,0.0,2.0,20.0,17.0
508.35732381263216,7.0,5.0,0.0,2.0,20.0,17.0
508.65732381263217,7.0,5.0,0.0,2.0,20.0,17.0
508.6579689739225,7.0,5.0,0.0,2.0,20.0,17.0
508.9579689739225,7.0,5.0,0.0,2.0,20.0,17.0
508.9586141352128,7.0,5.0,0.0,2.0,20.0,17.0
509.25861413521284,7.0,5.0,0.0,2.0,20.0,17.0
509.25925929650316,8.0,5.0,0.0,2.0,20.0,17.0
509.55925929650317,8.0,5.0,0.0,2.0,20.0,17.0
509.55991147041624,8.0,5.0,0.0,2.0,20.0,17.0
509.85991147041625,8.0,5.0,0.0,2.0,20.0,17.0
509.8605636443293,8.0,5.0,0.0,2.0,20.0,17.0
510.16056364432933,8.0,5.0,0.0,2.0,20.0,17.0
510.1612158182424,8.0,5.0,0.0,2.0,20.0,17.0
510.4612158182424,8.0,5.0,0.0,2.0,20.0,17.0
510.4618679921555,8.0,5.0,0.0,2.0,20.0,17.0
510.7618679921555,8.0,5.0,0.0,2.0,20.0,17.0
510.76252016606855,8.0,5.0,0.0,2.0,20.0,17.0
511.06252016606857,8.0,5.0,0.0,2.0,20.0,17.0
511.06317233998163,8.0,5.0,0.0,2.0,20.0,17.0
511.36317233998165,8.0,5.0,0.0,2.0,20.0,17.0
511.3638245138947,8.0,5.0,0.0,2.0,20.0,17.0
511.6638245138947,8.0,5.0,0.0,2.0,20.0,17.0
511.6644766878078,8.0,5.0,0.0,2.0,20.0,17.0
511.9644766878078,8.0,5.0,0.0,2.0,20.0,17.0
511.96512886172087,8.0,5.0,0.0,2.0,20.0,17.0
512.2651288617209,8.0,5.0,0.0,2.0,20.0,17.0
512.265781035634,8.0,5.0,0.0,2.0,19.0,17.0
512.5657810356339,8.0,5.0,0.0,2.0,19.0,17.0
512.566433209547,8.0,5.0,0.0,2.0,19.0,17.0
512.8664332095469,8.0,5.0,0.0,2.0,19.0,17.0
512.86708538346,8.0,5.0,0.0,2.0,19.0,17.0
513.16708538346,8.0,5.0,0.0,2.0,19.0,17.0
513.167737557373,8.0,5.0,0.0,2.0,19.0,17.0
513.467737557373,8.0,5.0,0.0,2.0,19.0,17.0
513.468389731286,8.0,5.0,0.0,2.0,19.0,17.0
513.768389731286,8.0,5.0,0.0,2.0,19.0,17.0
513.7690419051991,8.0,5.0,0.0,2.0,19.0,17.0
514.069041905199,8.0,5.0,0.0,2.0,19.0,17.0
514.0696940791121,8.0,5.0,0.0,2.0,19.0,17.0
514.369694079112,8.0,5.0,0.0,2.0,19.0,17.0
514.3703462530251,8.0,5.0,0.0,2.0,19.0,17.0
514.6703462530251,8.0,5.0,0.0,2.0,19.0,17.0
514.6709984269381,8.0,5.0,0.0,2.0,19.0,17.0
514.9709984269381,8.0,5.0,0.0,2.0,19.0,17.0
514.9716506008511,8.0,5.0,0.0,2.0,19.0,17.0
515.2716506008511,8.0,5.0,0.0,2.0,19.0,17.0
515.2723027747642,8.0,5.0,0.0,2.0,19.0,17.0
515.5723027747641,8.0,5.0,0.0,2.0,19.0,17.0
515.5729549486772,8.0,5.0,0.0,2.0,19.0,17.0
515.8729549486771,8.0,5.0,0.0,2.0,19.0,17.0
515.8736071225902,8.0,5.0,0.0,2.0,19.0,17.0
516.1736071225902,8.0,5.0,0.0,2.0,19.0,17.0
516.1742592965032,8.0,5.0,0.0,2.0,19.0,17.0
516.4742592965032,8.0,5.0,0.0,2.0,19.0,17.0
516.4749114704163,9.0,5.0,0.0,2.0,19.0,17.0
516.7749114704162,9.0,5.0,0.0,2.0,19.0,17.0
516.7755708110756,9.0,5.0,0.0,2.0,19.0,17.0
517.0755708110755,9.0,5.0,0.0,2.0,19.0,17.0
517.0762301517349,9.0,5.0,0.0,2.0,19.0,17.0
517.3762301517348,9.0,5.0,0.0,2.0,19.0,17.0
517.3768894923942,10.0,5.0,0.0,2.0,19.0,17.0
517.6768894923941,10.0,5.0,0.0,2.0,19.0,17.0
517.6775561590608,10.0,5.0,0.0,2.0,19.0,17.0
517.9775561590608,10.0,5.0,0.0,2.0,19.0,17.0
517.9782228257275,10.0,5.0,0.0,2.0,19.0,17.0
518.2782228257274,10.0,5.0,0.0,2.0,19.0,17.0
518.2788894923941,10.0,5.0,0.0,2.0,19.0,17.0
518.5788894923941,10.0,5.0,0.0,2.0,19.0,17.0
518.5795561590608,10.0,5.0,0.0,2.0,19.0,17.0
518.8795561590607,10.0,5.0,0.0,2.0,19.0,17.0
518.8802228257274,10.0,5.0,0.0,2.0,19.0,17.0
519.1802228257274,10.0,5.0,0.0,2.0,19.0,17.0
519.180889492394,10.0,5.0,0.0,2.0,19.0,17.0
519.480889492394,10.0,5.0,0.0,2.0,19.0,17.0
519.4815561590607,10.0,5.0,0.0,2.0,19.0,17.0
519.7815561590606,10.0,5.0,0.0,2.0,19.0,17.0
519.7822228257273,10.0,5.0,0.0,2.0,19.0,17.0
520.0822228257273,10.0,5.0,0.0,2.0,19.0,17.0
520.082889492394,10.0,5.0,0.0,2.0,19.0,17.0
520.3828894923939,10.0,5.0,0.0,2.0,19.0,17.0
520.3835561590606,10.0,5.0,0.0,2.0,19.0,17.0
520.6835561590606,10.0,5.0,0.0,2.0,19.0,17.0
520.6842228257273,11.0,5.0,0.0,2.0,19.0,17.0
520.9842228257272,11.0,5.0,0.0,2.0,19.0,17.0
520.9848969830306,11.0,5.0,0.0,2.0,19.0,17.0
521.2848969830305,11.0,5.0,0.0,2.0,19.0,17.0
521.2855711403339,11.0,5.0,0.0,2.0,19.0,17.0
521.5855711403339,11.0,5.0,0.0,2.0,19.0,17.0
521.5862452976372,11.0,5.0,0.0,2.0,19.0,17.0
521.8862452976372,11.0,5.0,0.0,2.0,19.0,17.0
521.8869194549405,11.0,5.0,0.0,2.0,19.0,17.0
522.1869194549405,11.0,5.0,0.0,2.0,19.0,17.0
522.1875936122439,11.0,5.0,0.0,2.0,19.0,17.0
522.4875936122438,11.0,5.0,0.0,2.0,19.0,17.0
522.4882677695472,11.0,5.0,0.0,2.0,19.0,17.0
522.7882677695471,11.0,5.0,0.0,2.0,19.0,17.0
522.7889419268505,12.0,5.0,0.0,2.0,19.0,17.0
523.0889419268505,12.0,5.0,0.0,2.0,19.0,17.0
523.0896237450323,13.0,5.0,0.0,2.0,19.0,17.0
523.3896237450323,13.0,5.0,0.0,2.0,19.0,17.0
523.3903134002047,13.0,5.0,0.0,2.0,19.0,17.0
523.6903134002047,13.0,5.0,0.0,2.0,19.0,17.0
523.6910030553771,13.0,5.0,0.0,2.0,19.0,17.0
523.9910030553771,13.0,5.0,0.0,2.0,19.0,17.0
523.9916927105495,13.0,5.0,0.0,2.0,19.0,17.0
524.2916927105495,13.0,5.0,0.0,2.0,19.0,17.0
524.2923823657219,13.0,5.0,0.0,2.0,19.0,17.0
524.5923823657218,13.0,5.0,0.0,2.0,19.0,17.0
524.5930720208943,13.0,5.0,0.0,2.0,19.0,17.0
524.8930720208942,13.0,5.0,0.0,2.0,19.0,17.0
524.8937616760667,13.0,5.0,0.0,2.0,19.0,17.0
525.1937616760666,13.0,5.0,0.0,2.0,19.0,17.0
525.1944513312391,13.0,5.0,0.0,2.0,19.0,17.0
525.494451331239,13.0,5.0,0.0,2.0,19.0,17.0
525.4951409864115,13.0,5.0,0.0,2.0,19.0,17.0
525.7951409864114,13.0,5.0,0.0,2.0,19.0,17.0
525.7958306415838,13.0,5.0,0.0,2.0,19.0,17.0
526.0958306415838,13.0,5.0,0.0,2.0,19.0,17.0
526.0965202967562,13.0,5.0,0.0,2.0,19.0,17.0
526.3965202967562,13.0,5.0,0.0,2.0,19.0,17.0
526.3972099519286,13.0,5.0,0.0,2.0,19.0,17.0
526.6972099519286,13.0,5.0,0.0,2.0,19.0,17.0
526.697899607101,13.0,5.0,0.0,2.0,19.0,17.0
526.997899607101,13.0,5.0,0.0,2.0,19.0,17.0
526.9985892622734,13.0,5.0,0.0,2.0,19.0,17.0
527.2985892622734,13.0,5.0,0.0,2.0,19.0,17.0
527.2992789174458,13.0,5.0,0.0,2.0,19.0,17.0
527.5992789174458,13.0,5.0,0.0,2.0,19.0,17.0
527.5999685726182,13.0,5.0,0.0,2.0,18.0,17.0
527.8999685726181,13.0,5.0,0.0,2.0,18.0,17.0
527.9006582277906,13.0,5.0,0.0,2.0,18.0,17.0
528.2006582277905,13.0,5.0,0.0,2.0,18.0,17.0
528.201347882963,13.0,5.0,0.0,2.0,18.0,17.0
528.5013478829629,13.0,5.0,0.0,2.0,18.0,17.0
528.5020375381354,13.0,5.0,0.0,2.0,18.0,17.0
528.8020375381353,13.0,5.0,0.0,2.0,18.0,17.0
528.8027271933078,13.0,5.0,0.0,2.0,18.0,17.0
529.1027271933077,13.0,5.0,0.0,2.0,18.0,17.0
529.1034168484802,13.0,5.0,0.0,2.0,18.0,17.0
529.4034168484801,13.0,5.0,0.0,2.0,18.0,17.0
529.4041065036525,13.0,5.0,0.0,2.0,18.0,17.0
529.7041065036525,13.0,5.0,0.0,2.0,18.0,17.0
529.7047961588249,13.0,5.0,0.0,2.0,18.0,17.0
530.0047961588249,13.0,5.0,0.0,2.0,18.0,17.0
530.0054858139973,13.0,5.0,0.0,2.0,18.0,17.0
530.3054858139973,13.0,5.0,0.0,2.0,18.0,17.0
530.3061754691697,13.0,5.0,0.0,2.0,18.0,17.0
530.6061754691697,13.0,5.0,0.0,2.0,18.0,17.0
530.6068651243421,13.0,5.0,0.0,2.0,18.0,17.0
530.9068651243421,13.0,5.0,0.0,2.0,18.0,17.0
530.9075547795145,13.0,5.0,0.0,2.0,18.0,17.0
531.2075547795145,13.0,5.0,0.0,2.0,18.0,17.0
531.2082444346869,13.0,5.0,0.0,2.0,18.0,17.0
531.5082444346868,13.0,5.0,0.0,2.0,18.0,17.0
531.5089340898593,13.0,5.0,0.0,2.0,18.0,17.0
531.8089340898592,13.0,5.0,0.0,2.0,18.0,17.0
531.8096237450317,14.0,5.0,0.0,2.0,18.0,17.0
532.1096237450316,14.0,5.0,0.0,2.0,18.0,17.0
532.1103214194502,14.0,5.0,0.0,2.0,18.0,17.0
532.4103214194502,14.0,5.0,0.0,2.0,18.0,17.0
532.4110190938687,14.0,5.0,0.0,2.0,18.0,17.0
532.7110190938687,14.0,5.0,0.0,2.0,18.0,17.0
532.7117167682873,14.0,5.0,0.0,2.0,18.0,17.0
533.0117167682872,14.0,5.0,0.0,2.0,18.0,17.0
533.0124144427058,14.0,5.0,0.0,2.0,18.0,17.0
533.3124144427057,14.0,5.0,0.0,2.0,18.0,17.0
533.3131121171243,15.0,5.0,0.0,2.0,18.0,17.0
533.6131121171243,15.0,5.0,0.0,2.0,18.0,17.0
533.6138179994772,15.0,5.0,0.0,2.0,18.0,17.0
533.9138179994771,15.0,5.0,0.0,2.0,18.0,17.0
533.9145238818301,15.0,5.0,0.0,2.0,18.0,17.0
534.21452388183,15.0,5.0,0.0,2.0,18.0,17.0
534.2152297641829,15.0,5.0,0.0,2.0,18.0,17.0
534.5152297641829,15.0,5.0,0.0,2.0,18.0,17.0
534.5159356465358,15.0,5.0,0.0,2.0,18.0,17.0
534.8159356465358,15.0,5.0,0.0,2.0,18.0,17.0
534.8166415288887,16.0,5.0,0.0,2.0,18.0,17.0
535.1166415288886,16.0,5.0,0.0,2.0,18.0,17.0
535.1173558146029,16.0,6.0,0.0,2.0,18.0,17.0
535.4173558146028,16.0,6.0,0.0,2.0,18.0,17.0
535.4180701003171,16.0,6.0,0.0,2.0,18.0,17.0
535.718070100317,16.0,6.0,0.0,2.0,18.0,17.0
535.7187843860313,16.0,6.0,0.0,2.0,18.0,17.0
536.0187843860313,16.0,6.0,0.0,2.0,18.0,17.0
536.0194986717455,16.0,6.0,0.0,2.0,18.0,17.0
536.3194986717455,16.0,6.0,0.0,2.0,18.0,17.0
536.3202129574597,16.0,6.0,0.0,2.0,18.0,17.0
536.6202129574597,16.0,6.0,0.0,2.0,18.0,17.0
536.6209272431739,16.0,6.0,0.0,2.0,18.0,17.0
536.9209272431739,16.0,6.0,0.0,2.0,18.0,17.0
536.9216415288881,16.0,6.0,0.0,2.0,18.0,17.0
537.2216415288881,16.0,6.0,0.0,2.0,18.0,17.0
537.2223558146023,16.0,6.0,0.0,2.0,18.0,17.0
537.5223558146023,16.0,6.0,0.0,2.0,18.0,17.0
537.5230701003165,16.0,6.0,0.0,2.0,18.0,17.0
537.8230701003165,16.0,6.0,0.0,2.0,18.0,17.0
537.8237843860308,16.0,6.0,0.0,2.0,18.0,17.0
538.1237843860307,16.0,6.0,0.0,2.0,18.0,17.0
538.124498671745,16.0,6.0,0.0,2.0,18.0,17.0
538.4244986717449,16.0,6.0,0.0,2.0,18.0,17.0
538.4252129574592,16.0,6.0,0.0,2.0,18.0,17.0
538.7252129574591,16.0,6.0,0.0,2.0,18.0,17.0
538.7259272431734,16.0,6.0,0.0,2.0,18.0,17.0
539.0259272431733,16.0,6.0,0.0,2.0,18.0,17.0
539.0266415288876,16.0,6.0,0.0,2.0,17.0,17.0
539.3266415288875,16.0,6.0,0.0,2.0,17.0,17.0
539.3273558146018,16.0,6.0,0.0,2.0,17.0,17.0
539.6273558146017,16.0,6.0,0.0,2.0,17.0,17.0
539.628070100316,16.0,6.0,0.0,2.0,17.0,17.0
539.928070100316,16.0,6.0,0.0,2.0,17.0,17.0
539.9287843860302,16.0,6.0,0.0,2.0,17.0,17.0
540.2287843860302,16.0,6.0,0.0,2.0,17.0,17.0
540.2294986717444,16.0,6.0,0.0,2.0,17.0,17.0
540.5294986717444,16.0,6.0,0.0,2.0,17.0,17.0
540.5302129574586,16.0,6.0,0.0,2.0,17.0,17.0
540.8302129574586,16.0,6.0,0.0,2.0,17.0,17.0
540.8309272431728,16.0,6.0,0.0,2.0,17.0,17.0
541.1309272431728,16.0,6.0,0.0,2.0,17.0,17.0
541.131641528887,16.0,6.0,0.0,2.0,17.0,17.0
541.431641528887,16.0,6.0,0.0,2.0,17.0,17.0
541.4323558146012,16.0,6.0,0.0,2.0,17.0,17.0
541.7323558146012,16.0,6.0,0.0,2.0,17.0,17.0
541.7330701003154,16.0,6.0,0.0,2.0,17.0,17.0
542.0330701003154,16.0,6.0,0.0,2.0,17.0,17.0
542.0337843860297,16.0,6.0,0.0,2.0,17.0,17.0
542.3337843860296,16.0,6.0,0.0,2.0,17.0,17.0
542.3344986717439,16.0,6.0,0.0,2.0,17.0,17.0
542.6344986717438,16.0,6.0,0.0,2.0,17.0,17.0
542.6352129574581,16.0,6.0,0.0,2.0,17.0,17.0
542.935212957458,16.0,6.0,0.0,2.0,17.0,17.0
542.9359272431723,16.0,6.0,0.0,2.0,17.0,17.0
543.2359272431722,16.0,6.0,0.0,2.0,17.0,17.0
543.2366415288865,16.0,6.0,0.0,2.0,17.0,17.0
543.5366415288864,16.0,6.0,0.0,2.0,17.0,17.0
543.5373558146007,16.0,6.0,0.0,2.0,17.0,17.0
543.8373558146006,16.0,6.0,0.0,2.0,17.0,17.0
543.8380701003149,16.0,6.0,0.0,2.0,17.0,17.0
544.1380701003148,16.0,6.0,0.0,2.0,17.0,17.0
544.1387843860291,16.0,6.0,0.0,2.0,17.0,17.0
544.438784386029,16.0,6.0,0.0,2.0,17.0,17.0
544.4394986717433,16.0,6.0,0.0,2.0,17.0,17.0
544.7394986717433,16.0,6.0,0.0,2.0,17.0,17.0
544.7402129574575,16.0,6.0,0.0,2.0,17.0,17.0
545.0402129574575,16.0,6.0,0.0,2.0,17.0,17.0
545.0409272431717,16.0,6.0,0.0,2.0,17.0,17.0
545.3409272431717,16.0,6.0,0.0,2.0,17.0,17.0
545.3416415288859,16.0,6.0,0.0,2.0,17.0,17.0
545.6416415288859,16.0,6.0,0.0,2.0,17.0,17.0
545.6423558146001,16.0,6.0,0.0,2.0,17.0,17.0
545.9423558146001,16.0,6.0,0.0,2.0,17.0,17.0
545.9430701003143,16.0,6.0,0.0,2.0,17.0,17.0
546.2430701003143,16.0,6.0,0.0,2.0,17.0,17.0
546.2437843860286,16.0,6.0,0.0,2.0,17.0,17.0
546.5437843860285,16.0,6.0,0.0,2.0,17.0,17.0
546.5444986717428,16.0,6.0,0.0,2.0,17.0,17.0
546.8444986717427,16.0,6.0,0.0,2.0,17.0,17.0
546.845212957457,16.0,6.0,0.0,2.0,17.0,17.0
547.1452129574569,16.0,6.0,0.0,2.0,17.0,17.0
547.1459272431712,16.0,6.0,0.0,2.0,17.0,17.0
547.4459272431711,16.0,6.0,0.0,2.0,17.0,17.0
547.4466415288854,16.0,6.0,0.0,2.0,17.0,17.0
547.7466415288853,16.0,6.0,0.0,2.0,17.0,17.0
547.7473558145996,16.0,6.0,0.0,2.0,17.0,17.0
548.0473558145995,16.0,6.0,0.0,2.0,17.0,17.0
548.0480701003138,16.0,6.0,0.0,2.0,17.0,17.0
548.3480701003137,16.0,6.0,0.0,2.0,17.0,17.0
548.348784386028,16.0,6.0,0.0,2.0,17.0,17.0
548.648784386028,16.0,6.0,0.0,2.0,17.0,17.0
548.6494986717422,16.0,6.0,0.0,2.0,17.0,17.0
548.9494986717422,16.0,6.0,0.0,2.0,17.0,17.0
548.9502129574564,16.0,6.0,0.0,2.0,17.0,17.0
549.2502129574564,16.0,6.0,0.0,2.0,17.0,17.0
549.2509272431706,16.0,6.0,0.0,2.0,17.0,17.0
549.5509272431706,16.0,6.0,0.0,2.0,17.0,17.0
549.5516415288848,16.0,6.0,0.0,2.0,17.0,17.0
549.8516415288848,16.0,6.0,0.0,2.0,17.0,17.0
549.852355814599,16.0,6.0,0.0,2.0,17.0,17.0
550.152355814599,16.0,6.0,0.0,2.0,17.0,17.0
550.1530701003132,16.0,6.0,0.0,2.0,17.0,17.0
550.4530701003132,16.0,6.0,0.0,2.0,17.0,17.0
550.4537843860275,16.0,6.0,0.0,2.0,17.0,17.0
550.7537843860274,16.0,6.0,0.0,2.0,17.0,17.0
550.7544986717417,16.0,6.0,0.0,2.0,17.0,17.0
551.0544986717416,16.0,6.0,0.0,2.0,17.0,17.0
551.0552129574559,16.0,6.0,0.0,2.0,17.0,17.0
551.3552129574558,16.0,6.0,0.0,2.0,17.0,17.0
551.3559272431701,16.0,6.0,0.0,2.0,17.0,17.0
551.65592724317,16.0,6.0,0.0,2.0,17.0,17.0
551.6566415288843,16.0,6.0,0.0,2.0,17.0,17.0
551.9566415288842,16.0,6.0,0.0,2.0,17.0,17.0
551.9573558145985,16.0,6.0,0.0,2.0,17.0,17.0
552.2573558145984,16.0,6.0,0.0,2.0,17.0,17.0
552.2580701003127,16.0,6.0,0.0,2.0,17.0,17.0
552.5580701003126,16.0,6.0,0.0,2.0,17.0,17.0
552.5587843860269,16.0,6.0,0.0,2.0,17.0,17.0
552.8587843860269,16.0,6.0,0.0,2.0,17.0,17.0
552.8594986717411,16.0,6.0,0.0,2.0,17.0,17.0
553.1594986717411,16.0,6.0,0.0,2.0,17.0,17.0
553.1602129574553,16.0,6.0,0.0,2.0,17.0,17.0
553.4602129574553,16.0,6.0,0.0,2.0,17.0,17.0
553.4609272431695,16.0,6.0,0.0,2.0,17.0,17.0
553.7609272431695,16.0,6.0,0.0,2.0,17.0,17.0
553.7616415288837,16.0,6.0,0.0,2.0,17.0,17.0
554.0616415288837,16.0,6.0,0.0,2.0,17.0,17.0
554.0623558145979,16.0,6.0,0.0,2.0,17.0,17.0
554.3623558145979,16.0,6.0,0.0,2.0,17.0,17.0
554.3630701003121,16.0,6.0,0.0,2.0,17.0,17.0
554.6630701003121,16.0,6.0,0.0,2.0,17.0,17.0
554.6637843860264,16.0,6.0,0.0,2.0,17.0,17.0
554.9637843860263,16.0,6.0,0.0,2.0,17.0,17.0
554.9644986717406,16.0,6.0,0.0,2.0,17.0,17.0
555.2644986717405,16.0,6.0,0.0,2.0,17.0,17.0
555.2652129574548,16.0,6.0,0.0,2.0,17.0,17.0
555.5652129574547,16.0,6.0,0.0,2.0,17.0,17.0
555.565927243169,16.0,6.0,0.0,2.0,17.0,17.0
555.8659272431689,16.0,6.0,0.0,2.0,17.0,17.0
555.8666415288832,16.0,6.0,0.0,2.0,17.0,17.0
556.1666415288831,16.0,6.0,0.0,2.0,17.0,17.0
556.1673558145974,16.0,6.0,0.0,2.0,17.0,17.0
556.4673558145973,16.0,6.0,0.0,2.0,17.0,17.0
556.4680701003116,16.0,6.0,0.0,2.0,17.0,17.0
556.7680701003115,16.0,6.0,0.0,2.0,17.0,17.0
556.7687843860258,16.0,6.0,0.0,2.0,17.0,17.0
557.0687843860258,16.0,6.0,0.0,2.0,17.0,17.0
557.06949867174,16.0,6.0,0.0,2.0,17.0,17.0
557.36949867174,16.0,6.0,0.0,2.0,17.0,17.0
557.3702129574542,16.0,6.0,0.0,2.0,17.0,17.0
557.6702129574542,16.0,6.0,0.0,2.0,17.0,17.0
557.6709272431684,16.0,6.0,0.0,2.0,17.0,17.0
557.9709272431684,16.0,6.0,0.0,2.0,17.0,17.0
557.9716415288826,16.0,6.0,0.0,2.0,17.0,17.0
558.2716415288826,16.0,6.0,0.0,2.0,17.0,17.0
558.2723558145968,16.0,6.0,0.0,2.0,17.0,17.0
558.5723558145968,16.0,6.0,0.0,2.0,17.0,17.0
558.573070100311,16.0,6.0,0.0,2.0,17.0,17.0
558.873070100311,16.0,6.0,0.0,2.0,17.0,17.0
558.8737843860252,16.0,6.0,0.0,2.0,17.0,17.0
559.1737843860252,16.0,6.0,0.0,2.0,17.0,17.0
559.1744986717395,16.0,6.0,0.0,2.0,17.0,17.0
559.4744986717394,16.0,6.0,0.0,2.0,17.0,17.0
559.4752129574537,16.0,6.0,0.0,2.0,17.0,17.0
559.7752129574536,16.0,6.0,0.0,2.0,17.0,17.0
559.7759272431679,16.0,6.0,0.0,2.0,17.0,17.0
560.0759272431678,16.0,6.0,0.0,2.0,17.0,17.0
560.0766415288821,16.0,6.0,0.0,2.0,17.0,17.0
560.376641528882,16.0,6.0,0.0,2.0,17.0,17.0
560.3773558145963,16.0,6.0,0.0,2.0,17.0,17.0
560.6773558145962,16.0,6.0,0.0,2.0,17.0,17.0
560.6780701003105,16.0,6.0,0.0,2.0,17.0,17.0
560.9780701003104,16.0,6.0,0.0,2.0,17.0,17.0
560.9787843860247,16.0,6.0,0.0,2.0,17.0,17.0
561.2787843860247,16.0,6.0,0.0,2.0,17.0,17.0
561.2794986717389,16.0,6.0,0.0,2.0,17.0,17.0
561.5794986717389,16.0,6.0,0.0,2.0,17.0,17.0
561.5802129574531,17.0,6.0,0.0,2.0,17.0,17.0
561.8802129574531,17.0,6.0,0.0,2.0,17.0,17.0
561.8809358490194,17.0,6.0,0.0,2.0,17.0,17.0
562.1809358490193,17.0,6.0,0.0,2.0,17.0,17.0
562.1816587405856,17.0,6.0,0.0,2.0,17.0,17.0
562.4816587405855,17.0,6.0,0.0,2.0,17.0,17.0
562.4823816321518,17.0,6.0,0.0,2.0,17.0,17.0
562.7823816321518,17.0,6.0,0.0,2.0,17.0,17.0
562.7831045237181,17.0,6.0,0.0,2.0,17.0,17.0
563.083104523718,17.0,6.0,0.0,2.0,17.0,17.0
563.0838274152843,17.0,6.0,0.0,2.0,17.0,17.0
563.3838274152843,17.0,6.0,0.0,2.0,17.0,17.0
563.3845503068505,17.0,6.0,0.0,2.0,17.0,17.0
563.6845503068505,17.0,6.0,0.0,2.0,17.0,17.0
563.6852731984168,18.0,6.0,0.0,2.0,17.0,17.0
563.9852731984167,18.0,6.0,0.0,2.0,17.0,17.0
563.9860049057338,18.0,6.0,0.0,2.0,17.0,17.0
564.2860049057338,18.0,6.0,0.0,2.0,17.0,17.0
564.2867366130508,18.0,6.0,0.0,2.0,17.0,17.0
564.5867366130508,18.0,6.0,0.0,2.0,17.0,17.0
564.5874683203679,18.0,6.0,0.0,2.0,17.0,17.0
564.8874683203678,18.0,6.0,0.0,2.0,17.0,17.0
564.8882000276849,18.0,6.0,0.0,2.0,17.0,17.0
565.1882000276848,18.0,6.0,0.0,2.0,17.0,17.0
565.1889317350019,18.0,6.0,0.0,2.0,17.0,17.0
565.4889317350019,18.0,6.0,0.0,2.0,17.0,17.0
565.4896634423189,18.0,6.0,0.0,2.0,17.0,17.0
565.7896634423189,18.0,6.0,0.0,2.0,17.0,17.0
565.790395149636,18.0,6.0,0.0,2.0,17.0,17.0
566.0903951496359,18.0,6.0,0.0,2.0,17.0,17.0
566.091126856953,18.0,6.0,0.0,2.0,17.0,17.0
566.391126856953,18.0,6.0,0.0,2.0,17.0,17.0
566.39185856427,18.0,6.0,0.0,2.0,17.0,17.0
566.69185856427,18.0,6.0,0.0,2.0,17.0,17.0
566.692590271587,18.0,6.0,0.0,2.0,17.0,17.0
566.992590271587,18.0,6.0,0.0,2.0,17.0,17.0
566.9933219789041,18.0,6.0,0.0,2.0,17.0,17.0
567.293321978904,18.0,6.0,0.0,2.0,17.0,17.0
567.2940536862211,18.0,6.0,0.0,2.0,17.0,17.0
567.5940536862211,18.0,6.0,0.0,2.0,17.0,17.0
567.5947853935381,18.0,6.0,0.0,2.0,17.0,17.0
567.8947853935381,18.0,6.0,0.0,2.0,17.0,17.0
567.8955171008552,18.0,6.0,0.0,2.0,17.0,17.0
568.1955171008551,18.0,6.0,0.0,2.0,17.0,17.0
568.1962488081722,18.0,6.0,0.0,2.0,17.0,17.0
568.4962488081721,18.0,6.0,0.0,2.0,17.0,17.0
568.4969805154892,18.0,6.0,0.0,2.0,17.0,17.0
568.7969805154892,18.0,6.0,0.0,2.0,17.0,17.0
568.7977122228062,18.0,6.0,0.0,2.0,17.0,17.0
569.0977122228062,18.0,6.0,0.0,2.0,17.0,17.0
569.0984439301233,18.0,6.0,0.0,2.0,17.0,17.0
569.3984439301232,18.0,6.0,0.0,2.0,17.0,17.0
569.3991756374403,18.0,6.0,0.0,2.0,17.0,17.0
569.6991756374402,18.0,6.0,0.0,2.0,17.0,17.0
569.6999073447573,18.0,6.0,0.0,2.0,17.0,17.0
569.9999073447573,18.0,6.0,0.0,2.0,17.0,17.0
570.0006390520743,18.0,6.0,0.0,2.0,17.0,17.0
570.3006390520743,18.0,6.0,0.0,2.0,17.0,17.0
570.3013707593914,18.0,6.0,0.0,2.0,17.0,17.0
570.6013707593913,18.0,6.0,0.0,2.0,17.0,17.0
570.6021024667084,18.0,6.0,0.0,2.0,17.0,17.0
570.9021024667084,18.0,6.0,0.0,2.0,17.0,17.0
570.9028341740254,18.0,6.0,0.0,2.0,17.0,17.0
571.2028341740254,18.0,6.0,0.0,2.0,17.0,17.0
571.2035658813425,18.0,6.0,0.0,2.0,17.0,17.0
571.5035658813424,18.0,6.0,0.0,2.0,17.0,17.0
571.5042975886595,19.0,6.0,0.0,2.0,17.0,17.0
571.8042975886594,19.0,6.0,0.0,2.0,17.0,17.0
571.8050383294002,19.0,6.0,0.0,2.0,17.0,17.0
572.1050383294001,19.0,6.0,0.0,2.0,17.0,17.0
572.1057790701409,20.0,6.0,0.0,2.0,17.0,17.0
572.4057790701409,20.0,6.0,0.0,2.0,17.0,17.0
572.4065290701409,20.0,6.0,0.0,2.0,17.0,17.0
572.7065290701408,20.0,6.0,0.0,2.0,17.0,17.0
572.7072790701409,20.0,6.0,0.0,2.0,17.0,17.0
573.0072790701408,20.0,6.0,0.0,2.0,17.0,17.0
573.0080290701409,20.0,6.0,0.0,2.0,17.0,17.0
573.3080290701408,20.0,6.0,0.0,2.0,17.0,17.0
573.3087790701409,20.0,6.0,0.0,2.0,17.0,17.0
573.6087790701408,20.0,6.0,0.0,2.0,17.0,17.0
573.6095290701409,21.0,6.0,0.0,2.0,17.0,17.0
573.9095290701408,21.0,6.0,0.0,2.0,17.0,17.0
573.9102885638117,21.0,6.0,0.0,2.0,17.0,17.0
574.2102885638117,21.0,6.0,0.0,2.0,17.0,17.0
574.2110480574826,21.0,6.0,0.0,2.0,17.0,17.0
574.5110480574825,21.0,6.0,0.0,2.0,17.0,17.0
574.5118075511534,22.0,6.0,0.0,2.0,17.0,17.0
574.8118075511534,22.0,6.0,0.0,2.0,17.0,17.0
574.8125767819226,22.0,6.0,0.0,2.0,17.0,17.0
575.1125767819226,22.0,6.0,0.0,2.0,17.0,17.0
575.1133460126919,22.0,6.0,0.0,2.0,17.0,17.0
575.4133460126918,22.0,6.0,0.0,2.0,17.0,17.0
575.4141152434611,22.0,6.0,0.0,2.0,17.0,17.0
575.714115243461,22.0,6.0,0.0,2.0,17.0,17.0
575.7148844742303,22.0,6.0,0.0,2.0,17.0,17.0
576.0148844742303,22.0,6.0,0.0,2.0,17.0,17.0
576.0156537049995,22.0,6.0,0.0,2.0,17.0,17.0
576.3156537049995,22.0,6.0,0.0,2.0,17.0,17.0
576.3164229357687,22.0,6.0,0.0,2.0,17.0,17.0
576.6164229357687,22.0,6.0,0.0,2.0,17.0,17.0
576.617192166538,22.0,6.0,0.0,2.0,17.0,17.0
576.9171921665379,22.0,6.0,0.0,2.0,17.0,17.0
576.9179613973072,22.0,6.0,0.0,2.0,17.0,17.0
577.2179613973071,22.0,6.0,0.0,2.0,17.0,17.0
577.2187306280764,22.0,6.0,0.0,2.0,17.0,17.0
577.5187306280764,22.0,6.0,0.0,2.0,17.0,17.0
577.5194998588456,22.0,6.0,0.0,2.0,17.0,17.0
577.8194998588456,22.0,6.0,0.0,2.0,17.0,17.0
577.8202690896148,22.0,6.0,0.0,2.0,17.0,17.0
578.1202690896148,22.0,6.0,0.0,2.0,17.0,17.0
578.1210383203841,22.0,6.0,0.0,2.0,17.0,17.0
578.421038320384,22.0,6.0,0.0,2.0,17.0,17.0
578.4218075511533,22.0,6.0,0.0,2.0,17.0,17.0
578.7218075511532,22.0,6.0,0.0,2.0,17.0,17.0
578.7225767819225,22.0,6.0,0.0,2.0,17.0,17.0
579.0225767819225,22.0,6.0,0.0,2.0,17.0,17.0
579.0233460126917,22.0,6.0,0.0,2.0,17.0,17.0
579.3233460126917,22.0,6.0,0.0,2.0,17.0,17.0
579.3241152434609,22.0,6.0,0.0,2.0,17.0,17.0
579.6241152434609,22.0,6.0,0.0,2.0,17.0,17.0
579.6248844742302,22.0,6.0,0.0,2.0,17.0,17.0
579.9248844742301,22.0,6.0,0.0,2.0,17.0,17.0
579.9256537049994,22.0,6.0,0.0,2.0,17.0,17.0
580.2256537049993,22.0,6.0,0.0,2.0,17.0,17.0
580.2264229357686,22.0,6.0,0.0,2.0,17.0,17.0
580.5264229357686,22.0,6.0,0.0,2.0,17.0,17.0
580.5271921665378,22.0,6.0,0.0,2.0,17.0,17.0
580.8271921665378,22.0,6.0,0.0,2.0,17.0,17.0
580.827961397307,22.0,6.0,0.0,2.0,17.0,17.0
581.127961397307,22.0,6.0,0.0,2.0,17.0,17.0
581.1287306280763,22.0,6.0,0.0,2.0,17.0,17.0
581.4287306280762,22.0,6.0,0.0,2.0,17.0,17.0
581.4294998588455,22.0,6.0,0.0,2.0,17.0,17.0
581.7294998588454,22.0,6.0,0.0,2.0,17.0,17.0
581.7302690896147,22.0,6.0,0.0,2.0,17.0,17.0
582.0302690896146,22.0,6.0,0.0,2.0,17.0,17.0
582.0310383203839,22.0,6.0,0.0,2.0,17.0,17.0
582.3310383203839,22.0,6.0,0.0,2.0,17.0,17.0
582.3318075511531,22.0,6.0,0.0,2.0,17.0,17.0
582.6318075511531,22.0,6.0,0.0,2.0,17.0,17.0
582.6325767819224,22.0,6.0,0.0,2.0,17.0,17.0
582.9325767819223,22.0,6.0,0.0,2.0,17.0,17.0
582.9333460126916,22.0,6.0,0.0,2.0,17.0,17.0
583.2333460126915,22.0,6.0,0.0,2.0,17.0,17.0
583.2341152434608,22.0,6.0,0.0,2.0,17.0,17.0
583.5341152434607,22.0,6.0,0.0,2.0,17.0,17.0
583.53488447423,22.0,6.0,0.0,2.0,17.0,17.0
583.83488447423,22.0,6.0,0.0,2.0,17.0,17.0
583.8356537049992,22.0,6.0,0.0,2.0,17.0,17.0
584.1356537049992,22.0,6.0,0.0,2.0,17.0,17.0
584.1364229357685,22.0,6.0,0.0,2.0,17.0,17.0
584.4364229357684,22.0,6.0,0.0,2.0,17.0,17.0
584.4371921665377,23.0,6.0,0.0,2.0,17.0,17.0
584.7371921665376,23.0,6.0,0.0,2.0,17.0,17.0
584.7379713873169,23.0,6.0,0.0,2.0,17.0,17.0
585.0379713873168,23.0,6.0,0.0,2.0,17.0,17.0
585.038750608096,23.0,6.0,0.0,2.0,17.0,17.0
585.338750608096,23.0,6.0,0.0,2.0,17.0,17.0
585.3395298288752,23.0,6.0,0.0,2.0,17.0,17.0
585.6395298288752,23.0,6.0,0.0,2.0,17.0,17.0
585.6403090496544,24.0,6.0,0.0,2.0,17.0,17.0
585.9403090496544,24.0,6.0,0.0,2.0,17.0,17.0
585.9410985233386,24.0,6.0,0.0,2.0,17.0,17.0
586.2410985233386,24.0,6.0,0.0,2.0,17.0,17.0
586.2418879970228,24.0,6.0,0.0,2.0,17.0,17.0
586.5418879970227,24.0,6.0,0.0,2.0,17.0,17.0
586.542677470707,24.0,6.0,0.0,2.0,17.0,17.0
586.8426774707069,24.0,6.0,0.0,2.0,17.0,17.0
586.8434669443911,24.0,6.0,0.0,2.0,17.0,17.0
587.1434669443911,24.0,6.0,0.0,2.0,17.0,17.0
587.1442564180753,24.0,6.0,0.0,2.0,17.0,17.0
587.4442564180753,24.0,6.0,0.0,2.0,17.0,17.0
587.4450458917595,24.0,6.0,0.0,2.0,17.0,17.0
587.7450458917594,24.0,6.0,0.0,2.0,17.0,17.0
587.7458353654437,24.0,6.0,0.0,2.0,17.0,17.0
588.0458353654436,24.0,6.0,0.0,2.0,17.0,17.0
588.0466248391278,24.0,6.0,0.0,2.0,17.0,17.0
588.3466248391278,24.0,6.0,0.0,2.0,17.0,17.0
588.347414312812,25.0,6.0,0.0,2.0,17.0,17.0
588.647414312812,25.0,6.0,0.0,2.0,17.0,17.0
588.648214312812,25.0,6.0,0.0,0.0,17.0,18.0
588.948214312812,25.0,6.0,0.0,0.0,17.0,18.0
588.949014312812,25.0,6.0,0.0,0.0,17.0,18.0
589.2490143128119,25.0,6.0,0.0,0.0,17.0,18.0
589.249814312812,25.0,6.0,0.0,0.0,17.0,18.0
589.5498143128119,25.0,6.0,0.0,0.0,17.0,18.0
589.550614312812,25.0,6.0,0.0,0.0,17.0,18.0
589.8506143128119,25.0,6.0,0.0,0.0,17.0,18.0
589.8514143128119,25.0,6.0,0.0,0.0,17.0,18.0
590.1514143128119,25.0,6.0,0.0,0.0,17.0,18.0
590.1522143128119,25.0,6.0,0.0,0.0,17.0,18.0
590.4522143128119,25.0,6.0,0.0,0.0,17.0,18.0
590.4530143128119,25.0,6.0,0.0,0.0,17.0,18.0
590.7530143128118,25.0,6.0,0.0,0.0,17.0,18.0
590.7538143128119,25.0,6.0,0.0,0.0,17.0,18.0
591.0538143128118,25.0,6.0,0.0,0.0,17.0,18.0
591.0546143128119,25.0,6.0,0.0,0.0,17.0,18.0
591.3546143128118,25.0,6.0,0.0,0.0,17.0,18.0
591.3554143128118,25.0,6.0,0.0,0.0,17.0,18.0
591.6554143128118,25.0,6.0,0.0,0.0,17.0,18.0
591.6562143128118,25.0,6.0,0.0,0.0,17.0,18.0
591.9562143128118,25.0,6.0,0.0,0.0,17.0,18.0
591.9570143128118,25.0,6.0,0.0,0.0,17.0,18.0
592.2570143128117,25.0,6.0,0.0,0.0,17.0,18.0
592.2578143128118,25.0,6.0,0.0,0.0,17.0,18.0
592.5578143128117,25.0,6.0,0.0,0.0,17.0,18.0
592.5586143128118,25.0,6.0,0.0,0.0,17.0,18.0
592.8586143128117,25.0,6.0,0.0,0.0,17.0,18.0
592.8594143128117,25.0,6.0,0.0,0.0,17.0,18.0
593.1594143128117,25.0,6.0,0.0,0.0,17.0,18.0
593.1602143128117,25.0,6.0,0.0,0.0,17.0,18.0
593.4602143128117,25.0,6.0,0.0,0.0,17.0,18.0
593.4610143128117,25.0,6.0,0.0,0.0,17.0,18.0
593.7610143128117,25.0,6.0,0.0,0.0,17.0,18.0
593.7618143128117,25.0,6.0,0.0,0.0,17.0,18.0
594.0618143128116,25.0,6.0,0.0,0.0,17.0,18.0
594.0626143128117,25.0,6.0,0.0,0.0,17.0,18.0
594.3626143128116,25.0,6.0,0.0,0.0,17.0,18.0
594.3634143128116,25.0,6.0,0.0,0.0,17.0,18.0
594.6634143128116,25.0,6.0,0.0,0.0,17.0,18.0
594.6642143128116,25.0,6.0,0.0,0.0,17.0,18.0
594.9642143128116,25.0,6.0,0.0,0.0,17.0,18.0
594.9650143128116,25.0,6.0,0.0,0.0,17.0,18.0
595.2650143128116,25.0,6.0,0.0,0.0,17.0,18.0
595.2658143128116,25.0,6.0,0.0,0.0,17.0,18.0
595.5658143128115,25.0,6.0,0.0,0.0,17.0,18.0
595.5666143128116,25.0,6.0,0.0,0.0,17.0,18.0
595.8666143128115,25.0,6.0,0.0,0.0,17.0,18.0
595.8674143128115,25.0,6.0,0.0,0.0,17.0,18.0
596.1674143128115,25.0,6.0,0.0,0.0,17.0,18.0
596.1682143128115,25.0,6.0,0.0,0.0,17.0,18.0
596.4682143128115,25.0,6.0,0.0,0.0,17.0,18.0
596.4690143128115,25.0,6.0,0.0,0.0,17.0,18.0
596.7690143128115,25.0,6.0,0.0,0.0,17.0,18.0
596.7698143128115,25.0,6.0,0.0,0.0,17.0,18.0
597.0698143128114,25.0,6.0,0.0,0.0,17.0,18.0
597.0706143128115,25.0,6.0,0.0,0.0,17.0,18.0
597.3706143128114,25.0,6.0,0.0,0.0,17.0,18.0
597.3714143128115,25.0,6.0,0.0,0.0,17.0,18.0
597.6714143128114,25.0,6.0,0.0,0.0,17.0,18.0
597.6722143128114,25.0,6.0,0.0,0.0,17.0,18.0
597.9722143128114,25.0,6.0,0.0,0.0,17.0,18.0
597.9730143128114,25.0,6.0,0.0,0.0,17.0,18.0
598.2730143128114,25.0,6.0,0.0,0.0,17.0,18.0
598.2738143128114,25.0,6.0,0.0,0.0,17.0,18.0
598.5738143128114,25.0,6.0,0.0,0.0,17.0,18.0
598.5746143128114,26.0,6.0,0.0,0.0,17.0,18.0
598.8746143128113,26.0,6.0,0.0,0.0,17.0,18.0
598.8754251236221,26.0,6.0,0.0,0.0,17.0,18.0
599.1754251236221,26.0,6.0,0.0,0.0,17.0,18.0
599.1762359344328,26.0,6.0,0.0,0.0,17.0,18.0
599.4762359344328,26.0,6.0,0.0,0.0,17.0,18.0
599.4770467452436,26.0,6.0,0.0,0.0,17.0,18.0
599.7770467452435,26.0,6.0,0.0,0.0,17.0,18.0
599.7778575560543,26.0,6.0,0.0,0.0,17.0,18.0
600.0778575560543,26.0,6.0,0.0,0.0,17.0,18.0
600.078668366865,26.0,6.0,0.0,0.0,17.0,18.0
600.378668366865,26.0,6.0,0.0,0.0,17.0,18.0
600.3794791776758,26.0,6.0,0.0,0.0,17.0,18.0
600.6794791776757,26.0,6.0,0.0,0.0,17.0,18.0
600.6802899884865,26.0,6.0,0.0,0.0,17.0,18.0
600.9802899884864,26.0,6.0,0.0,0.0,17.0,18.0
600.9811007992972,26.0,6.0,0.0,0.0,17.0,18.0
601.2811007992972,26.0,6.0,0.0,0.0,17.0,18.0
601.281911610108,26.0,6.0,0.0,0.0,17.0,18.0
601.5819116101079,26.0,6.0,0.0,0.0,17.0,18.0
601.5827224209187,26.0,6.0,0.0,0.0,17.0,18.0
601.8827224209186,26.0,6.0,0.0,0.0,17.0,18.0
601.8835332317294,26.0,6.0,0.0,0.0,16.0,18.0
602.1835332317294,26.0,6.0,0.0,0.0,16.0,18.0
602.1843440425401,26.0,6.0,0.0,0.0,16.0,18.0
602.4843440425401,26.0,6.0,0.0,0.0,16.0,18.0
602.4851548533509,26.0,6.0,0.0,0.0,16.0,18.0
602.7851548533508,26.0,6.0,0.0,0.0,16.0,18.0
602.7859656641616,26.0,6.0,0.0,0.0,16.0,18.0
603.0859656641616,26.0,6.0,0.0,0.0,16.0,18.0
603.0867764749723,26.0,6.0,0.0,0.0,16.0,18.0
603.3867764749723,26.0,6.0,0.0,0.0,16.0,18.0
603.3875872857831,26.0,6.0,0.0,0.0,16.0,18.0
603.687587285783,26.0,6.0,0.0,0.0,16.0,18.0
603.6883980965938,26.0,6.0,0.0,0.0,16.0,18.0
603.9883980965938,26.0,6.0,0.0,0.0,16.0,18.0
603.9892089074045,27.0,6.0,0.0,0.0,16.0,18.0
604.2892089074045,27.0,6.0,0.0,0.0,16.0,18.0
604.2900308252127,27.0,6.0,0.0,0.0,16.0,18.0
604.5900308252127,27.0,6.0,0.0,0.0,16.0,18.0
604.590852743021,27.0,6.0,0.0,0.0,16.0,18.0
604.8908527430209,27.0,6.0,0.0,0.0,16.0,18.0
604.8916746608292,27.0,6.0,0.0,0.0,16.0,18.0
605.1916746608291,27.0,6.0,0.0,0.0,16.0,18.0
605.1924965786374,27.0,6.0,0.0,0.0,16.0,18.0
605.4924965786373,27.0,6.0,0.0,0.0,16.0,18.0
605.4933184964456,27.0,6.0,0.0,0.0,16.0,18.0
605.7933184964455,27.0,6.0,0.0,0.0,16.0,18.0
605.7941404142538,27.0,6.0,0.0,0.0,16.0,18.0
606.0941404142537,27.0,6.0,0.0,0.0,16.0,18.0
606.094962332062,27.0,6.0,0.0,0.0,16.0,18.0
606.3949623320619,27.0,6.0,0.0,0.0,16.0,18.0
606.3957842498702,27.0,6.0,0.0,0.0,16.0,18.0
606.6957842498701,27.0,6.0,0.0,0.0,16.0,18.0
606.6966061676784,27.0,6.0,5.0,0.0,16.0,18.0
606.9966061676784,27.0,6.0,5.0,0.0,16.0,18.0
606.9974280854866,27.0,6.0,5.0,0.0,16.0,18.0
607.2974280854866,27.0,6.0,5.0,0.0,16.0,18.0
607.2982500032948,27.0,6.0,5.0,0.0,16.0,18.0
607.5982500032948,27.0,6.0,5.0,0.0,16.0,18.0
607.599071921103,27.0,6.0,5.0,0.0,16.0,18.0
607.899071921103,27.0,6.0,5.0,0.0,16.0,18.0
607.8998938389112,27.0,6.0,5.0,0.0,16.0,18.0
608.1998938389112,27.0,6.0,5.0,0.0,16.0,18.0
608.2007157567194,27.0,6.0,5.0,0.0,16.0,18.0
608.5007157567194,27.0,6.0,5.0,0.0,16.0,18.0
608.5015376745276,27.0,6.0,5.0,0.0,16.0,18.0
608.8015376745276,27.0,6.0,5.0,0.0,16.0,18.0
608.8023595923358,27.0,6.0,5.0,0.0,16.0,18.0
609.1023595923358,27.0,6.0,5.0,0.0,16.0,18.0
609.103181510144,27.0,6.0,5.0,0.0,16.0,18.0
609.403181510144,27.0,6.0,5.0,0.0,16.0,18.0
609.4040034279523,27.0,6.0,5.0,0.0,16.0,18.0
609.7040034279522,27.0,6.0,5.0,0.0,16.0,18.0
609.7048253457605,27.0,6.0,5.0,0.0,16.0,18.0
610.0048253457604,27.0,6.0,5.0,0.0,16.0,18.0
610.0056472635687,27.0,6.0,5.0,0.0,16.0,18.0
610.3056472635686,27.0,6.0,5.0,0.0,16.0,18.0
610.3064691813769,27.0,6.0,5.0,0.0,16.0,18.0
610.6064691813768,27.0,6.0,5.0,0.0,16.0,18.0
610.6072910991851,27.0,6.0,5.0,0.0,16.0,18.0
610.907291099185,27.0,6.0,5.0,0.0,16.0,18.0
610.9081130169933,27.0,6.0,5.0,0.0,16.0,18.0
611.2081130169933,27.0,6.0,5.0,0.0,16.0,18.0
611.2089349348015,27.0,6.0,5.0,0.0,16.0,18.0
611.5089349348015,27.0,6.0,5.0,0.0,16.0,18.0
611.5097568526097,27.0,6.0,5.0,0.0,15.0,18.0
611.8097568526097,27.0,6.0,5.0,0.0,15.0,18.0
611.8105787704179,27.0,6.0,5.0,0.0,15.0,18.0
612.1105787704179,27.0,6.0,5.0,0.0,15.0,18.0
612.1114006882261,27.0,6.0,5.0,0.0,15.0,18.0
612.4114006882261,27.0,6.0,5.0,0.0,15.0,18.0
612.4122226060343,27.0,6.0,5.0,0.0,15.0,18.0
612.7122226060343,27.0,6.0,5.0,0.0,15.0,18.0
612.7130445238425,27.0,6.0,5.0,0.0,15.0,18.0
613.0130445238425,27.0,6.0,5.0,0.0,15.0,18.0
613.0138664416507,27.0,6.0,5.0,0.0,15.0,18.0
613.3138664416507,27.0,6.0,5.0,0.0,15.0,18.0
613.314688359459,27.0,6.0,5.0,0.0,15.0,18.0
613.6146883594589,27.0,6.0,5.0,0.0,15.0,18.0
613.6155102772672,27.0,6.0,5.0,0.0,15.0,18.0
613.9155102772671,27.0,6.0,5.0,0.0,15.0,18.0
613.9163321950754,27.0,6.0,5.0,0.0,15.0,18.0
614.2163321950753,27.0,6.0,5.0,0.0,15.0,18.0
614.2171541128836,27.0,6.0,5.0,0.0,15.0,18.0
614.5171541128835,27.0,6.0,5.0,0.0,15.0,18.0
614.5179760306918,27.0,6.0,5.0,0.0,15.0,18.0
614.8179760306917,27.0,6.0,5.0,0.0,15.0,18.0
614.8187979485,27.0,6.0,5.0,0.0,15.0,18.0
615.1187979485,27.0,6.0,5.0,0.0,15.0,18.0
615.1196198663082,27.0,6.0,5.0,0.0,15.0,18.0
615.4196198663082,27.0,6.0,5.0,0.0,15.0,18.0
615.4204417841164,27.0,6.0,5.0,0.0,15.0,18.0
615.7204417841164,27.0,6.0,5.0,0.0,15.0,18.0
615.7212637019246,27.0,6.0,5.0,0.0,15.0,18.0
616.0212637019246,27.0,6.0,5.0,0.0,15.0,18.0
616.0220856197328,27.0,6.0,5.0,0.0,15.0,18.0
616.3220856197328,27.0,6.0,5.0,0.0,15.0,18.0
616.322907537541,27.0,6.0,5.0,0.0,15.0,18.0
616.622907537541,27.0,6.0,5.0,0.0,15.0,18.0
616.6237294553492,27.0,6.0,5.0,0.0,15.0,18.0
616.9237294553492,27.0,6.0,5.0,0.0,15.0,18.0
616.9245513731574,27.0,6.0,5.0,0.0,15.0,18.0
617.2245513731574,27.0,6.0,5.0,0.0,15.0,18.0
617.2253732909656,27.0,6.0,5.0,0.0,15.0,18.0
617.5253732909656,27.0,6.0,5.0,0.0,15.0,18.0
617.5261952087739,27.0,6.0,5.0,0.0,15.0,18.0
617.8261952087738,27.0,6.0,5.0,0.0,15.0,18.0
617.8270171265821,27.0,6.0,5.0,0.0,15.0,18.0
618.127017126582,27.0,6.0,5.0,0.0,15.0,18.0
618.1278390443903,27.0,6.0,5.0,0.0,15.0,18.0
618.4278390443902,27.0,6.0,5.0,0.0,15.0,18.0
618.4286609621985,27.0,6.0,5.0,0.0,15.0,18.0
618.7286609621984,27.0,6.0,5.0,0.0,15.0,18.0
618.7294828800067,27.0,6.0,5.0,0.0,15.0,18.0
619.0294828800066,27.0,6.0,5.0,0.0,15.0,18.0
619.0303047978149,27.0,6.0,5.0,0.0,15.0,18.0
619.3303047978148,27.0,6.0,5.0,0.0,15.0,18.0
619.3311267156231,27.0,6.0,5.0,0.0,15.0,18.0
619.631126715623,27.0,6.0,5.0,0.0,15.0,18.0
619.6319486334313,28.0,6.0,5.0,0.0,15.0,18.0
619.9319486334313,28.0,6.0,5.0,0.0,15.0,18.0
619.9327819667647,28.0,6.0,5.0,0.0,15.0,18.0
620.2327819667646,28.0,6.0,5.0,0.0,15.0,18.0
620.233615300098,28.0,6.0,5.0,0.0,15.0,18.0
620.533615300098,28.0,6.0,5.0,0.0,15.0,18.0
620.5344486334313,28.0,6.0,5.0,0.0,15.0,18.0
620.8344486334313,28.0,6.0,5.0,0.0,15.0,18.0
620.8352819667647,28.0,6.0,5.0,0.0,15.0,18.0
621.1352819667646,28.0,6.0,5.0,0.0,15.0,18.0
621.136115300098,28.0,6.0,5.0,0.0,15.0,18.0
621.436115300098,28.0,6.0,5.0,0.0,15.0,18.0
621.4369486334314,28.0,6.0,5.0,0.0,15.0,18.0
621.7369486334313,28.0,6.0,5.0,0.0,15.0,18.0
621.7377819667647,28.0,6.0,5.0,0.0,15.0,18.0
622.0377819667647,28.0,6.0,5.0,0.0,15.0,18.0
622.0386153000981,28.0,6.0,5.0,0.0,15.0,18.0
622.338615300098,28.0,6.0,5.0,0.0,15.0,18.0
622.3394486334314,28.0,6.0,5.0,0.0,15.0,18.0
622.6394486334314,28.0,6.0,5.0,0.0,15.0,18.0
622.6402819667647,28.0,6.0,5.0,0.0,15.0,18.0
622.9402819667647,28.0,6.0,5.0,0.0,15.0,18.0
622.9411153000981,28.0,6.0,5.0,0.0,15.0,18.0
623.241115300098,28.0,6.0,5.0,0.0,15.0,18.0
623.2419486334314,28.0,6.0,5.0,0.0,15.0,18.0
623.5419486334314,28.0,6.0,5.0,0.0,15.0,18.0
623.5427819667648,28.0,6.0,5.0,0.0,15.0,18.0
623.8427819667647,28.0,6.0,5.0,0.0,15.0,18.0
623.8436153000981,28.0,6.0,5.0,0.0,15.0,18.0
624.1436153000981,28.0,6.0,5.0,0.0,15.0,18.0
624.1444486334315,28.0,6.0,5.0,0.0,15.0,18.0
624.4444486334314,28.0,6.0,5.0,0.0,15.0,18.0
624.4452819667648,28.0,6.0,5.0,0.0,15.0,18.0
624.7452819667648,28.0,6.0,5.0,0.0,15.0,18.0
624.7461153000982,28.0,6.0,5.0,0.0,15.0,18.0
625.0461153000981,28.0,6.0,5.0,0.0,15.0,18.0
625.0469486334315,28.0,6.0,5.0,0.0,15.0,18.0
625.3469486334315,28.0,6.0,5.0,0.0,15.0,18.0
625.3477819667648,29.0,6.0,5.0,0.0,15.0,18.0
625.6477819667648,29.0,6.0,5.0,0.0,15.0,18.0
625.6486270371873,29.0,6.0,5.0,0.0,15.0,18.0
625.9486270371873,29.0,6.0,5.0,0.0,15.0,18.0
625.9494721076098,29.0,6.0,5.0,0.0,15.0,18.0
626.2494721076098,29.0,6.0,5.0,0.0,15.0,18.0
626.2503171780323,29.0,6.0,5.0,0.0,15.0,18.0
626.5503171780323,29.0,6.0,5.0,0.0,15.0,18.0
626.5511622484548,29.0,6.0,5.0,0.0,15.0,18.0
626.8511622484548,29.0,6.0,5.0,0.0,15.0,18.0
626.8520073188773,29.0,6.0,5.0,0.0,15.0,18.0
627.1520073188773,29.0,6.0,5.0,0.0,15.0,18.0
627.1528523892998,29.0,6.0,5.0,0.0,15.0,18.0
627.4528523892998,29.0,6.0,5.0,0.0,15.0,18.0
627.4536974597223,29.0,6.0,5.0,0.0,15.0,18.0
627.7536974597223,29.0,6.0,5.0,0.0,15.0,18.0
627.7545425301448,29.0,6.0,5.0,0.0,15.0,18.0
628.0545425301448,29.0,6.0,5.0,0.0,15.0,18.0
628.0553876005673,29.0,6.0,5.0,0.0,15.0,18.0
628.3553876005673,29.0,6.0,5.0,0.0,15.0,18.0
628.3562326709898,29.0,6.0,5.0,0.0,15.0,18.0
628.6562326709898,29.0,6.0,5.0,0.0,15.0,18.0
628.6570777414123,29.0,6.0,5.0,0.0,15.0,18.0
628.9570777414123,29.0,6.0,5.0,0.0,15.0,18.0
628.9579228118348,29.0,6.0,5.0,0.0,15.0,18.0
629.2579228118348,29.0,6.0,5.0,0.0,15.0,18.0
629.2587678822573,29.0,6.0,5.0,0.0,15.0,18.0
629.5587678822573,29.0,6.0,5.0,0.0,15.0,18.0
629.5596129526798,29.0,6.0,5.0,0.0,15.0,18.0
629.8596129526798,29.0,6.0,5.0,0.0,15.0,18.0
629.8604580231023,29.0,6.0,5.0,0.0,15.0,18.0
630.1604580231023,29.0,6.0,5.0,0.0,15.0,18.0
630.1613030935248,29.0,6.0,5.0,0.0,15.0,18.0
630.4613030935247,29.0,6.0,5.0,0.0,15.0,18.0
630.4621481639473,29.0,6.0,5.0,0.0,15.0,18.0
630.7621481639472,29.0,6.0,5.0,0.0,15.0,18.0
630.7629932343698,29.0,6.0,5.0,0.0,15.0,18.0
631.0629932343697,29.0,6.0,5.0,0.0,15.0,18.0
631.0638383047923,29.0,6.0,5.0,0.0,15.0,18.0
631.3638383047922,29.0,6.0,5.0,0.0,15.0,18.0
631.3646833752148,29.0,6.0,5.0,0.0,15.0,18.0
631.6646833752147,29.0,6.0,5.0,0.0,15.0,18.0
631.6655284456373,29.0,6.0,5.0,0.0,15.0,18.0
631.9655284456372,29.0,6.0,5.0,0.0,15.0,18.0
631.9663735160598,29.0,6.0,5.0,0.0,15.0,18.0
632.2663735160597,29.0,6.0,5.0,0.0,15.0,18.0
632.2672185864823,29.0,6.0,5.0,0.0,15.0,18.0
632.5672185864822,29.0,6.0,5.0,0.0,15.0,18.0
632.5680636569048,29.0,6.0,5.0,0.0,15.0,18.0
632.8680636569047,29.0,6.0,5.0,0.0,15.0,18.0
632.8689087273273,29.0,6.0,5.0,0.0,15.0,18.0
633.1689087273272,29.0,6.0,5.0,0.0,15.0,18.0
633.1697537977498,29.0,6.0,5.0,0.0,15.0,18.0
633.4697537977497,29.0,6.0,5.0,0.0,15.0,18.0
633.4705988681723,29.0,6.0,5.0,0.0,15.0,18.0
633.7705988681722,29.0,6.0,5.0,0.0,15.0,18.0
633.7714439385948,29.0,6.0,5.0,0.0,15.0,18.0
634.0714439385947,29.0,6.0,5.0,0.0,15.0,18.0
634.0722890090173,29.0,6.0,5.0,0.0,15.0,18.0
634.3722890090172,29.0,6.0,5.0,0.0,15.0,18.0
634.3731340794398,29.0,6.0,5.0,0.0,15.0,18.0
634.6731340794397,29.0,6.0,5.0,0.0,15.0,18.0
634.6739791498622,29.0,6.0,5.0,0.0,15.0,18.0
634.9739791498622,29.0,6.0,5.0,0.0,15.0,18.0
634.9748242202847,29.0,6.0,5.0,0.0,15.0,18.0
635.2748242202847,29.0,6.0,5.0,0.0,15.0,18.0
635.2756692907072,29.0,6.0,5.0,0.0,15.0,18.0
635.5756692907072,29.0,6.0,5.0,0.0,15.0,18.0
635.5765143611297,29.0,6.0,5.0,0.0,14.0,18.0
635.8765143611297,29.0,6.0,5.0,0.0,14.0,18.0
635.8773594315522,29.0,6.0,5.0,0.0,14.0,18.0
636.1773594315522,29.0,6.0,5.0,0.0,14.0,18.0
636.1782045019747,29.0,6.0,5.0,0.0,14.0,18.0
636.4782045019747,29.0,6.0,5.0,0.0,14.0,18.0
636.4790495723972,29.0,6.0,5.0,0.0,14.0,18.0
636.7790495723972,29.0,6.0,5.0,0.0,14.0,18.0
636.7798946428197,29.0,6.0,5.0,0.0,14.0,18.0
637.0798946428197,29.0,6.0,5.0,0.0,14.0,18.0
637.0807397132422,29.0,6.0,5.0,0.0,14.0,18.0
637.3807397132422,29.0,6.0,5.0,0.0,14.0,18.0
637.3815847836647,29.0,6.0,5.0,0.0,14.0,18.0
637.6815847836647,29.0,6.0,5.0,0.0,14.0,18.0
637.6824298540872,29.0,6.0,5.0,0.0,14.0,18.0
637.9824298540872,29.0,6.0,5.0,0.0,14.0,18.0
637.9832749245097,29.0,6.0,5.0,0.0,14.0,18.0
638.2832749245097,29.0,6.0,5.0,0.0,14.0,18.0
638.2841199949322,29.0,6.0,5.0,0.0,14.0,18.0
638.5841199949322,29.0,6.0,5.0,0.0,14.0,18.0
638.5849650653547,29.0,6.0,5.0,0.0,14.0,18.0
638.8849650653547,29.0,6.0,5.0,0.0,14.0,18.0
638.8858101357772,29.0,6.0,5.0,0.0,14.0,18.0
639.1858101357772,29.0,6.0,5.0,0.0,14.0,18.0
639.1866552061997,29.0,6.0,5.0,0.0,14.0,18.0
639.4866552061997,29.0,6.0,5.0,0.0,14.0,18.0
639.4875002766222,29.0,6.0,5.0,0.0,14.0,18.0
639.7875002766222,29.0,6.0,5.0,0.0,14.0,18.0
639.7883453470447,29.0,6.0,5.0,0.0,14.0,18.0
640.0883453470447,29.0,6.0,5.0,0.0,14.0,18.0
640.0891904174672,29.0,6.0,5.0,0.0,14.0,18.0
640.3891904174671,29.0,6.0,5.0,0.0,14.0,18.0
640.3900354878897,29.0,6.0,5.0,0.0,14.0,18.0
640.6900354878896,29.0,6.0,5.0,0.0,14.0,18.0
640.6908805583122,30.0,6.0,5.0,0.0,14.0,18.0
640.9908805583121,30.0,6.0,5.0,0.0,14.0,18.0
640.9917377011693,30.0,6.0,5.0,0.0,14.0,18.0
641.2917377011693,30.0,6.0,5.0,0.0,14.0,18.0
641.2925948440264,30.0,6.0,5.0,0.0,14.0,18.0
641.5925948440264,30.0,6.0,5.0,0.0,14.0,18.0
641.5934519868836,30.0,6.0,5.0,0.0,14.0,18.0
641.8934519868835,30.0,6.0,5.0,0.0,14.0,18.0
641.8943091297407,30.0,6.0,5.0,0.0,14.0,18.0
642.1943091297406,30.0,6.0,5.0,0.0,14.0,18.0
642.1951662725978,30.0,6.0,5.0,0.0,14.0,18.0
642.4951662725978,30.0,6.0,5.0,0.0,14.0,18.0
642.4960234154549,30.0,6.0,5.0,0.0,14.0,18.0
642.7960234154549,30.0,6.0,5.0,0.0,14.0,18.0
642.7968805583121,30.0,6.0,5.0,0.0,14.0,18.0
643.096880558312,30.0,6.0,5.0,0.0,14.0,18.0
643.0977377011692,30.0,6.0,5.0,0.0,14.0,18.0
643.3977377011691,30.0,6.0,5.0,0.0,14.0,18.0
643.3985948440263,30.0,6.0,5.0,0.0,14.0,18.0
643.6985948440263,30.0,6.0,5.0,0.0,14.0,18.0
643.6994519868834,30.0,6.0,5.0,0.0,14.0,18.0
643.9994519868834,30.0,6.0,5.0,0.0,14.0,18.0
644.0003091297406,30.0,6.0,5.0,0.0,14.0,18.0
644.3003091297405,30.0,6.0,5.0,0.0,14.0,18.0
644.3011662725977,30.0,6.0,5.0,0.0,14.0,18.0
644.6011662725977,30.0,6.0,5.0,0.0,14.0,18.0
644.6020234154548,30.0,6.0,5.0,0.0,14.0,18.0
644.9020234154548,30.0,6.0,5.0,0.0,14.0,18.0
644.902880558312,30.0,6.0,5.0,0.0,14.0,18.0
645.2028805583119,30.0,6.0,5.0,0.0,14.0,18.0
645.2037377011691,30.0,6.0,5.0,0.0,14.0,18.0
645.503737701169,30.0,6.0,5.0,0.0,14.0,18.0
645.5045948440262,30.0,6.0,5.0,0.0,14.0,18.0
645.8045948440262,30.0,6.0,5.0,0.0,14.0,18.0
645.8054519868833,30.0,6.0,5.0,0.0,14.0,18.0
646.1054519868833,30.0,6.0,5.0,0.0,14.0,18.0
646.1063091297405,30.0,6.0,5.0,0.0,14.0,18.0
646.4063091297404,30.0,6.0,5.0,0.0,14.0,18.0
646.4071662725976,30.0,6.0,5.0,0.0,14.0,18.0
646.7071662725975,30.0,6.0,5.0,0.0,14.0,18.0
646.7080234154547,30.0,6.0,5.0,0.0,14.0,18.0
647.0080234154547,30.0,6.0,5.0,0.0,14.0,18.0
647.0088805583118,30.0,6.0,5.0,0.0,14.0,18.0
647.3088805583118,30.0,6.0,5.0,0.0,14.0,18.0
647.309737701169,30.0,6.0,5.0,0.0,14.0,18.0
647.6097377011689,30.0,6.0,5.0,0.0,14.0,18.0
647.6105948440261,30.0,6.0,5.0,0.0,14.0,18.0
647.910594844026,30.0,6.0,5.0,0.0,14.0,18.0
647.9114519868832,30.0,6.0,5.0,0.0,14.0,18.0
648.2114519868832,30.0,6.0,5.0,0.0,14.0,18.0
648.2123091297403,30.0,6.0,5.0,0.0,14.0,18.0
648.5123091297403,30.0,6.0,5.0,0.0,14.0,18.0
648.5131662725975,30.0,6.0,5.0,0.0,14.0,18.0
648.8131662725974,30.0,6.0,5.0,0.0,14.0,18.0
648.8140234154546,30.0,6.0,5.0,0.0,14.0,18.0
649.1140234154545,30.0,6.0,5.0,0.0,14.0,18.0
649.1148805583117,30.0,6.0,5.0,0.0,14.0,18.0
649.4148805583117,30.0,6.0,5.0,0.0,14.0,18.0
649.4157377011688,31.0,6.0,5.0,0.0,14.0,18.0
649.7157377011688,31.0,6.0,5.0,0.0,14.0,18.0
649.7166072663862,31.0,6.0,5.0,0.0,14.0,18.0
650.0166072663861,31.0,6.0,5.0,0.0,14.0,18.0
650.0174768316035,31.0,6.0,5.0,5.0,14.0,18.0
650.3174768316035,31.0,6.0,5.0,5.0,14.0,18.0
650.3183463968209,31.0,6.0,5.0,5.0,14.0,18.0
650.6183463968208,31.0,6.0,5.0,5.0,14.0,18.0
650.6192159620382,31.0,6.0,5.0,5.0,14.0,18.0
650.9192159620382,31.0,6.0,5.0,5.0,14.0,18.0
650.9200855272555,31.0,6.0,5.0,5.0,14.0,18.0
651.2200855272555,31.0,6.0,5.0,5.0,14.0,18.0
651.2209550924729,31.0,6.0,5.0,5.0,14.0,18.0
651.5209550924728,31.0,6.0,5.0,5.0,14.0,18.0
651.5218246576902,31.0,6.0,5.0,5.0,14.0,18.0
651.8218246576902,31.0,6.0,5.0,5.0,14.0,18.0
651.8226942229076,31.0,6.0,5.0,5.0,14.0,18.0
652.1226942229075,31.0,6.0,5.0,5.0,14.0,18.0
652.1235637881249,31.0,6.0,5.0,5.0,14.0,18.0
652.4235637881249,31.0,6.0,5.0,5.0,14.0,18.0
652.4244333533422,31.0,6.0,5.0,5.0,14.0,18.0
652.7244333533422,31.0,6.0,5.0,5.0,14.0,18.0
652.7253029185596,31.0,6.0,5.0,5.0,14.0,18.0
653.0253029185595,31.0,6.0,5.0,5.0,14.0,18.0
653.0261724837769,31.0,6.0,5.0,5.0,14.0,18.0
653.3261724837769,31.0,6.0,5.0,5.0,14.0,18.0
653.3270420489943,31.0,6.0,5.0,5.0,14.0,18.0
653.6270420489942,31.0,6.0,5.0,5.0,14.0,18.0
653.6279116142116,31.0,6.0,5.0,5.0,14.0,18.0
653.9279116142116,31.0,6.0,5.0,5.0,14.0,18.0
653.9287811794289,31.0,6.0,5.0,5.0,14.0,18.0
654.2287811794289,31.0,6.0,5.0,5.0,14.0,18.0
654.2296507446463,31.0,6.0,5.0,5.0,14.0,18.0
654.5296507446462,31.0,6.0,5.0,5.0,14.0,18.0
654.5305203098636,31.0,6.0,5.0,5.0,13.0,18.0
654.8305203098636,31.0,6.0,5.0,5.0,13.0,18.0
654.831389875081,31.0,6.0,5.0,5.0,13.0,18.0
655.1313898750809,31.0,6.0,5.0,5.0,13.0,18.0
655.1322594402983,31.0,6.0,5.0,5.0,13.0,18.0
655.4322594402983,31.0,6.0,5.0,5.0,13.0,18.0
655.4331290055156,31.0,6.0,5.0,5.0,13.0,18.0
655.7331290055156,31.0,6.0,5.0,5.0,13.0,18.0
655.733998570733,31.0,6.0,5.0,5.0,13.0,18.0
656.0339985707329,31.0,6.0,5.0,5.0,13.0,18.0
656.0348681359503,31.0,6.0,5.0,5.0,13.0,18.0
656.3348681359503,31.0,6.0,5.0,5.0,13.0,18.0
656.3357377011677,31.0,6.0,5.0,5.0,13.0,18.0
656.6357377011676,31.0,6.0,5.0,5.0,13.0,18.0
656.636607266385,31.0,6.0,5.0,5.0,13.0,18.0
656.936607266385,31.0,6.0,5.0,5.0,13.0,18.0
656.9374768316023,31.0,6.0,5.0,5.0,13.0,18.0
657.2374768316023,31.0,6.0,5.0,5.0,13.0,18.0
657.2383463968197,31.0,6.0,5.0,5.0,13.0,18.0
657.5383463968196,31.0,6.0,5.0,5.0,13.0,18.0
657.539215962037,31.0,6.0,5.0,5.0,13.0,18.0
657.839215962037,31.0,6.0,5.0,5.0,13.0,18.0
657.8400855272544,31.0,6.0,5.0,5.0,13.0,18.0
658.1400855272543,31.0,6.0,5.0,5.0,13.0,18.0
658.1409550924717,31.0,6.0,5.0,5.0,13.0,18.0
658.4409550924717,31.0,6.0,5.0,5.0,13.0,18.0
658.441824657689,31.0,6.0,5.0,5.0,13.0,18.0
658.741824657689,31.0,6.0,5.0,5.0,13.0,18.0
658.7426942229064,31.0,6.0,5.0,5.0,13.0,18.0
659.0426942229063,31.0,6.0,5.0,5.0,13.0,18.0
659.0435637881237,31.0,6.0,5.0,5.0,13.0,18.0
659.3435637881237,31.0,6.0,5.0,5.0,13.0,18.0
659.3444333533411,31.0,6.0,5.0,5.0,13.0,18.0
659.644433353341,31.0,6.0,5.0,5.0,13.0,18.0
659.6453029185584,31.0,6.0,5.0,5.0,13.0,18.0
659.9453029185584,31.0,6.0,5.0,5.0,13.0,18.0
659.9461724837757,31.0,6.0,5.0,5.0,13.0,18.0
660.2461724837757,31.0,6.0,5.0,5.0,13.0,18.0
660.2470420489931,31.0,6.0,5.0,5.0,13.0,18.0
660.547042048993,31.0,6.0,5.0,5.0,13.0,18.0
660.5479116142104,31.0,6.0,5.0,5.0,13.0,18.0
660.8479116142104,31.0,6.0,5.0,5.0,13.0,18.0
660.8487811794278,31.0,6.0,5.0,5.0,13.0,18.0
661.1487811794277,31.0,6.0,5.0,5.0,13.0,18.0
661.1496507446451,31.0,6.0,5.0,5.0,13.0,18.0
661.449650744645,31.0,6.0,5.0,5.0,13.0,18.0
661.4505203098624,31.0,6.0,5.0,5.0,13.0,18.0
661.7505203098624,31.0,6.0,5.0,5.0,13.0,18.0
661.7513898750798,31.0,6.0,5.0,5.0,13.0,18.0
662.0513898750797,31.0,6.0,5.0,5.0,13.0,18.0
662.0522594402971,31.0,6.0,5.0,5.0,13.0,18.0
662.3522594402971,31.0,6.0,5.0,5.0,13.0,18.0
662.3531290055145,31.0,6.0,5.0,5.0,13.0,18.0
662.6531290055144,31.0,6.0,5.0,5.0,13.0,18.0
662.6539985707318,31.0,6.0,5.0,5.0,13.0,18.0
662.9539985707318,31.0,6.0,5.0,5.0,13.0,18.0
662.9548681359491,31.0,6.0,5.0,5.0,13.0,18.0
663.2548681359491,31.0,6.0,5.0,5.0,13.0,18.0
663.2557377011665,31.0,6.0,5.0,5.0,13.0,18.0
663.5557377011664,31.0,6.0,5.0,5.0,13.0,18.0
663.5566072663838,31.0,6.0,5.0,5.0,13.0,18.0
663.8566072663838,31.0,6.0,5.0,5.0,13.0,18.0
663.8574768316012,31.0,6.0,5.0,5.0,13.0,18.0
664.1574768316011,31.0,6.0,5.0,5.0,13.0,18.0
664.1583463968185,31.0,6.0,5.0,5.0,13.0,18.0
664.4583463968185,31.0,6.0,5.0,5.0,13.0,18.0
664.4592159620358,31.0,6.0,5.0,5.0,13.0,18.0
664.7592159620358,31.0,6.0,5.0,5.0,13.0,18.0
664.7600855272532,31.0,6.0,5.0,5.0,13.0,18.0
665.0600855272531,31.0,6.0,5.0,5.0,13.0,18.0
665.0609550924705,31.0,6.0,5.0,5.0,13.0,18.0
665.3609550924705,31.0,6.0,5.0,5.0,13.0,18.0
665.3618246576879,31.0,6.0,5.0,5.0,13.0,18.0
665.6618246576878,31.0,6.0,5.0,5.0,13.0,18.0
665.6626942229052,31.0,6.0,5.0,5.0,13.0,18.0
665.9626942229052,31.0,6.0,5.0,5.0,13.0,18.0
665.9635637881225,31.0,6.0,5.0,5.0,13.0,18.0
666.2635637881225,31.0,6.0,5.0,5.0,13.0,18.0
666.2644333533399,31.0,6.0,5.0,5.0,13.0,18.0
666.5644333533398,31.0,6.0,5.0,5.0,13.0,18.0
666.5653029185572,31.0,6.0,5.0,5.0,13.0,18.0
666.8653029185572,31.0,6.0,5.0,5.0,13.0,18.0
666.8661724837746,31.0,6.0,5.0,5.0,13.0,18.0
667.1661724837745,31.0,6.0,5.0,5.0,13.0,18.0
667.1670420489919,31.0,6.0,5.0,5.0,13.0,18.0
667.4670420489919,31.0,6.0,5.0,5.0,13.0,18.0
667.4679116142092,31.0,6.0,5.0,5.0,13.0,18.0
667.7679116142092,31.0,6.0,5.0,5.0,13.0,18.0
667.7687811794266,31.0,6.0,5.0,5.0,13.0,18.0
668.0687811794265,31.0,6.0,5.0,5.0,13.0,18.0
668.0696507446439,32.0,6.0,5.0,5.0,13.0,18.0
668.3696507446439,32.0,6.0,5.0,5.0,13.0,18.0
668.370533097585,32.0,6.0,5.0,5.0,13.0,18.0
668.670533097585,32.0,6.0,5.0,5.0,13.0,18.0
668.6714154505262,33.0,6.0,5.0,5.0,13.0,18.0
668.9714154505261,33.0,6.0,5.0,5.0,13.0,18.0
668.9723109729142,33.0,6.0,5.0,5.0,13.0,18.0
669.2723109729142,33.0,6.0,5.0,5.0,13.0,18.0
669.2732064953022,33.0,6.0,5.0,5.0,13.0,18.0
669.5732064953022,33.0,6.0,5.0,5.0,13.0,18.0
669.5741020176903,33.0,6.0,5.0,5.0,13.0,18.0
669.8741020176902,33.0,6.0,5.0,5.0,13.0,18.0
669.8749975400783,33.0,6.0,5.0,5.0,13.0,18.0
670.1749975400783,33.0,6.0,5.0,5.0,13.0,18.0
670.1758930624663,33.0,6.0,5.0,5.0,13.0,18.0
670.4758930624663,33.0,6.0,5.0,5.0,13.0,18.0
670.4767885848544,33.0,6.0,5.0,5.0,13.0,18.0
670.7767885848543,33.0,6.0,5.0,5.0,13.0,18.0
670.7776841072424,33.0,6.0,5.0,5.0,13.0,18.0
671.0776841072424,33.0,6.0,5.0,5.0,13.0,18.0
671.0785796296304,33.0,6.0,5.0,5.0,13.0,18.0
671.3785796296304,33.0,6.0,5.0,5.0,13.0,18.0
671.3794751520185,33.0,6.0,5.0,5.0,13.0,18.0
671.6794751520184,33.0,6.0,5.0,5.0,13.0,18.0
671.6803706744065,33.0,6.0,5.0,5.0,13.0,18.0
671.9803706744065,33.0,6.0,5.0,5.0,13.0,18.0
671.9812661967945,33.0,6.0,5.0,5.0,13.0,18.0
672.2812661967945,33.0,6.0,5.0,5.0,13.0,18.0
672.2821617191826,33.0,6.0,5.0,5.0,13.0,18.0
672.5821617191825,33.0,6.0,5.0,5.0,13.0,18.0
672.5830572415706,33.0,6.0,5.0,5.0,13.0,18.0
672.8830572415706,33.0,6.0,5.0,5.0,13.0,18.0
672.8839527639586,33.0,6.0,5.0,5.0,13.0,18.0
673.1839527639586,33.0,6.0,5.0,5.0,13.0,18.0
673.1848482863467,33.0,6.0,5.0,5.0,13.0,18.0
673.4848482863466,33.0,6.0,5.0,5.0,13.0,18.0
673.4857438087347,33.0,6.0,5.0,5.0,13.0,18.0
673.7857438087347,33.0,6.0,5.0,5.0,13.0,18.0
673.7866393311227,33.0,6.0,5.0,5.0,13.0,18.0
674.0866393311227,33.0,6.0,5.0,5.0,13.0,18.0
674.0875348535108,33.0,6.0,5.0,5.0,13.0,18.0
674.3875348535107,33.0,6.0,5.0,5.0,13.0,18.0
674.3884303758988,33.0,6.0,5.0,5.0,13.0,18.0
674.6884303758987,33.0,6.0,5.0,5.0,13.0,18.0
674.6893258982868,33.0,6.0,5.0,5.0,13.0,18.0
674.9893258982868,33.0,6.0,5.0,5.0,13.0,18.0
674.9902214206749,33.0,6.0,5.0,5.0,13.0,18.0
675.2902214206748,33.0,6.0,5.0,5.0,13.0,18.0
675.2911169430629,33.0,6.0,5.0,5.0,13.0,18.0
675.5911169430628,33.0,6.0,5.0,5.0,13.0,18.0
675.5920124654509,33.0,6.0,5.0,5.0,13.0,18.0
675.8920124654509,33.0,6.0,5.0,5.0,13.0,18.0
675.892907987839,33.0,6.0,5.0,5.0,13.0,18.0
676.1929079878389,33.0,6.0,5.0,5.0,13.0,18.0
676.193803510227,33.0,6.0,5.0,5.0,13.0,18.0
676.4938035102269,33.0,6.0,5.0,5.0,13.0,18.0
676.494699032615,33.0,6.0,5.0,5.0,13.0,18.0
676.794699032615,33.0,6.0,5.0,5.0,13.0,18.0
676.795594555003,33.0,6.0,5.0,5.0,13.0,18.0
677.095594555003,33.0,6.0,5.0,5.0,13.0,18.0
677.0964900773911,33.0,6.0,5.0,5.0,13.0,18.0
677.396490077391,33.0,6.0,5.0,5.0,13.0,18.0
677.3973855997791,33.0,6.0,5.0,5.0,13.0,18.0
677.6973855997791,33.0,6.0,5.0,5.0,13.0,18.0
677.6982811221671,33.0,6.0,5.0,5.0,12.0,18.0
677.9982811221671,33.0,6.0,5.0,5.0,12.0,18.0
677.9991766445552,33.0,6.0,5.0,5.0,12.0,18.0
678.2991766445551,33.0,6.0,5.0,5.0,12.0,18.0
678.3000721669432,33.0,6.0,5.0,3.0,12.0,19.0
678.6000721669432,33.0,6.0,5.0,3.0,12.0,19.0
678.6009676893312,33.0,6.0,5.0,3.0,12.0,19.0
678.9009676893312,33.0,6.0,5.0,3.0,12.0,19.0
678.9018632117193,33.0,6.0,5.0,3.0,12.0,19.0
679.2018632117192,33.0,6.0,5.0,3.0,12.0,19.0
679.2027587341073,33.0,6.0,5.0,3.0,12.0,19.0
679.5027587341073,33.0,6.0,5.0,3.0,12.0,19.0
679.5036542564953,33.0,6.0,5.0,3.0,12.0,19.0
679.8036542564953,33.0,6.0,5.0,3.0,12.0,19.0
679.8045497788834,33.0,6.0,5.0,3.0,12.0,19.0
680.1045497788833,33.0,6.0,5.0,3.0,12.0,19.0
680.1054453012714,33.0,6.0,5.0,3.0,12.0,19.0
680.4054453012714,33.0,6.0,5.0,3.0,12.0,19.0
680.4063408236594,33.0,6.0,5.0,3.0,12.0,19.0
680.7063408236594,33.0,6.0,5.0,3.0,12.0,19.0
680.7072363460475,33.0,6.0,3.0,3.0,13.0,19.0
681.0072363460474,33.0,6.0,3.0,3.0,13.0,19.0
681.0081318684355,33.0,6.0,3.0,3.0,13.0,19.0
681.3081318684355,33.0,6.0,3.0,3.0,13.0,19.0
681.3090273908235,33.0,6.0,3.0,3.0,13.0,19.0
681.6090273908235,33.0,6.0,3.0,3.0,13.0,19.0
681.6099229132116,33.0,6.0,3.0,3.0,13.0,19.0
681.9099229132115,33.0,6.0,3.0,3.0,13.0,19.0
681.9108184355996,33.0,6.0,3.0,3.0,13.0,19.0
682.2108184355995,33.0,6.0,3.0,3.0,13.0,19.0
682.2117139579876,33.0,6.0,3.0,3.0,13.0,19.0
682.5117139579876,33.0,6.0,3.0,3.0,13.0,19.0
682.5126094803757,33.0,6.0,3.0,3.0,13.0,19.0
682.8126094803756,33.0,6.0,3.0,3.0,13.0,19.0
682.8135050027637,33.0,6.0,3.0,3.0,13.0,19.0
683.1135050027636,33.0,6.0,3.0,3.0,13.0,19.0
683.1144005251517,33.0,6.0,3.0,3.0,13.0,19.0
683.4144005251517,33.0,6.0,3.0,3.0,13.0,19.0
683.4152960475398,33.0,6.0,3.0,3.0,13.0,19.0
683.7152960475397,33.0,6.0,3.0,3.0,13.0,19.0
683.7161915699278,32.0,6.0,3.0,3.0,13.0,19.0
684.0161915699277,32.0,6.0,3.0,3.0,13.0,19.0
684.0170739228689,32.0,6.0,3.0,3.0,13.0,19.0
684.3170739228689,32.0,6.0,3.0,3.0,13.0,19.0
684.31795627581,32.0,6.0,3.0,3.0,13.0,19.0
684.61795627581,32.0,6.0,3.0,3.0,13.0,19.0
684.6188386287512,32.0,6.0,3.0,3.0,13.0,19.0
684.9188386287511,32.0,6.0,3.0,3.0,13.0,19.0
684.9197209816923,32.0,6.0,3.0,3.0,13.0,19.0
685.2197209816923,32.0,6.0,3.0,3.0,13.0,19.0
685.2206033346334,32.0,6.0,3.0,3.0,13.0,19.0
685.5206033346334,32.0,6.0,3.0,3.0,13.0,19.0
685.5214856875746,32.0,6.0,3.0,3.0,13.0,19.0
685.8214856875745,32.0,6.0,3.0,3.0,13.0,19.0
685.8223680405157,32.0,6.0,3.0,3.0,13.0,19.0
686.1223680405157,32.0,6.0,3.0,3.0,13.0,19.0
686.1232503934568,32.0,6.0,3.0,3.0,13.0,19.0
686.4232503934568,32.0,6.0,3.0,3.0,13.0,19.0
686.424132746398,32.0,6.0,3.0,3.0,13.0,19.0
686.7241327463979,32.0,6.0,3.0,3.0,13.0,19.0
686.7250150993391,32.0,6.0,3.0,3.0,13.0,19.0
687.025015099339,32.0,6.0,3.0,3.0,13.0,19.0
687.0258974522802,32.0,6.0,3.0,3.0,13.0,19.0
687.3258974522802,32.0,6.0,3.0,3.0,13.0,19.0
687.3267798052213,32.0,6.0,3.0,3.0,13.0,19.0
687.6267798052213,32.0,6.0,3.0,3.0,13.0,19.0
687.6276621581625,32.0,6.0,3.0,3.0,13.0,19.0
687.9276621581624,32.0,6.0,3.0,3.0,13.0,19.0
687.9285445111036,32.0,6.0,3.0,3.0,13.0,19.0
688.2285445111036,32.0,6.0,3.0,3.0,13.0,19.0
688.2294268640447,32.0,6.0,3.0,3.0,13.0,19.0
688.5294268640447,32.0,6.0,3.0,3.0,13.0,19.0
688.5303092169859,32.0,6.0,3.0,3.0,13.0,19.0
688.8303092169858,32.0,6.0,3.0,3.0,13.0,19.0
688.831191569927,32.0,6.0,3.0,3.0,13.0,19.0
689.131191569927,32.0,6.0,3.0,3.0,13.0,19.0
689.1320739228681,32.0,6.0,3.0,3.0,13.0,19.0
689.4320739228681,32.0,6.0,3.0,3.0,13.0,19.0
689.4329562758093,32.0,6.0,3.0,1.0,13.0,20.0
689.7329562758092,32.0,6.0,3.0,1.0,13.0,20.0
689.7338386287504,32.0,6.0,3.0,1.0,13.0,20.0
690.0338386287503,32.0,6.0,3.0,1.0,13.0,20.0
690.0347209816915,32.0,6.0,3.0,1.0,13.0,20.0
690.3347209816915,32.0,6.0,3.0,1.0,13.0,20.0
690.3356033346327,32.0,6.0,3.0,1.0,13.0,20.0
690.6356033346326,32.0,6.0,3.0,1.0,13.0,20.0
690.6364856875738,32.0,6.0,1.0,1.0,14.0,20.0
690.9364856875737,32.0,6.0,1.0,1.0,14.0,20.0
690.9373680405149,32.0,6.0,1.0,1.0,14.0,20.0
691.2373680405149,32.0,6.0,1.0,1.0,14.0,20.0
691.238250393456,32.0,6.0,1.0,1.0,14.0,20.0
691.538250393456,32.0,6.0,1.0,1.0,14.0,20.0
691.5391327463972,32.0,6.0,1.0,1.0,14.0,20.0
691.8391327463971,32.0,6.0,1.0,1.0,14.0,20.0
691.8400150993383,32.0,6.0,1.0,1.0,14.0,20.0
692.1400150993383,32.0,6.0,1.0,1.0,14.0,20.0
692.1408974522794,32.0,6.0,1.0,1.0,14.0,20.0
692.4408974522794,32.0,6.0,1.0,1.0,14.0,20.0
692.4417798052206,32.0,6.0,1.0,1.0,14.0,20.0
692.7417798052205,32.0,6.0,1.0,1.0,14.0,20.0
692.7426621581617,32.0,6.0,1.0,1.0,14.0,20.0
693.0426621581616,32.0,6.0,1.0,1.0,14.0,20.0
693.0435445111028,32.0,6.0,1.0,1.0,14.0,20.0
693.3435445111028,32.0,6.0,1.0,1.0,14.0,20.0
693.344426864044,32.0,6.0,1.0,1.0,14.0,20.0
693.6444268640439,32.0,6.0,1.0,1.0,14.0,20.0
693.6453092169851,32.0,6.0,1.0,1.0,14.0,20.0
693.945309216985,32.0,6.0,1.0,1.0,14.0,20.0
693.9461915699262,32.0,6.0,1.0,1.0,14.0,20.0
694.2461915699262,32.0,6.0,1.0,1.0,14.0,20.0
694.2470739228673,32.0,6.0,1.0,1.0,13.0,20.0
694.5470739228673,32.0,6.0,1.0,1.0,13.0,20.0
694.5479562758085,32.0,6.0,1.0,1.0,13.0,20.0
694.8479562758084,32.0,6.0,1.0,1.0,13.0,20.0
694.8488386287496,32.0,6.0,1.0,1.0,13.0,20.0
695.1488386287496,32.0,6.0,1.0,1.0,13.0,20.0
695.1497209816907,32.0,6.0,1.0,1.0,13.0,20.0
695.4497209816907,32.0,6.0,1.0,1.0,13.0,20.0
695.4506033346319,32.0,6.0,1.0,1.0,13.0,20.0
695.7506033346318,32.0,6.0,1.0,1.0,13.0,20.0
695.751485687573,32.0,6.0,1.0,1.0,13.0,20.0
696.051485687573,32.0,6.0,1.0,1.0,13.0,20.0
696.0523680405141,33.0,6.0,1.0,1.0,13.0,20.0
696.3523680405141,33.0,6.0,1.0,1.0,13.0,20.0
696.3532635629022,33.0,6.0,1.0,1.0,13.0,20.0
696.6532635629021,33.0,6.0,1.0,1.0,13.0,20.0
696.6541590852902,33.0,6.0,1.0,1.0,13.0,20.0
696.9541590852901,33.0,6.0,1.0,1.0,13.0,20.0
696.9550546076782,33.0,6.0,1.0,1.0,13.0,20.0
697.2550546076782,33.0,6.0,1.0,1.0,13.0,20.0
697.2559501300663,33.0,6.0,1.0,1.0,13.0,20.0
697.5559501300662,33.0,6.0,1.0,1.0,13.0,20.0
697.5568456524543,33.0,6.0,1.0,1.0,13.0,20.0
697.8568456524542,33.0,6.0,1.0,1.0,13.0,20.0
697.8577411748423,33.0,6.0,1.0,1.0,13.0,20.0
698.1577411748423,33.0,6.0,1.0,1.0,13.0,20.0
698.1586366972303,33.0,6.0,1.0,1.0,12.0,20.0
698.4586366972303,33.0,6.0,1.0,1.0,12.0,20.0
698.4595322196184,33.0,6.0,1.0,1.0,12.0,20.0
698.7595322196183,33.0,6.0,1.0,1.0,12.0,20.0
698.7604277420064,33.0,6.0,1.0,1.0,12.0,20.0
699.0604277420064,33.0,6.0,1.0,1.0,12.0,20.0
699.0613232643944,33.0,6.0,1.0,1.0,12.0,20.0
699.3613232643944,33.0,6.0,1.0,1.0,12.0,20.0
699.3622187867825,33.0,6.0,1.0,1.0,12.0,20.0
699.6622187867824,33.0,6.0,1.0,1.0,12.0,20.0
699.6631143091705,33.0,6.0,1.0,1.0,12.0,20.0
699.9631143091705,33.0,6.0,1.0,1.0,12.0,20.0
699.9640098315585,33.0,6.0,1.0,1.0,12.0,20.0
700.2640098315585,33.0,6.0,1.0,1.0,12.0,20.0
700.2649053539466,33.0,6.0,1.0,1.0,12.0,20.0
700.5649053539465,33.0,6.0,1.0,1.0,12.0,20.0
700.5658008763346,33.0,6.0,1.0,1.0,12.0,20.0
700.8658008763346,33.0,6.0,1.0,1.0,12.0,20.0
700.8666963987226,33.0,6.0,1.0,1.0,12.0,20.0
701.1666963987226,33.0,6.0,1.0,1.0,12.0,20.0
701.1675919211107,33.0,6.0,1.0,1.0,12.0,20.0
701.4675919211106,33.0,6.0,1.0,1.0,12.0,20.0
701.4684874434987,33.0,6.0,1.0,1.0,12.0,20.0
701.7684874434987,33.0,6.0,1.0,1.0,12.0,20.0
701.7693829658867,33.0,6.0,1.0,1.0,12.0,20.0
702.0693829658867,33.0,6.0,1.0,1.0,12.0,20.0
702.0702784882748,33.0,6.0,1.0,1.0,12.0,20.0
702.3702784882747,33.0,6.0,1.0,1.0,12.0,20.0
702.3711740106628,33.0,6.0,1.0,1.0,12.0,20.0
702.6711740106628,33.0,6.0,1.0,1.0,12.0,20.0
702.6720695330508,33.0,6.0,1.0,1.0,12.0,20.0
702.9720695330508,33.0,6.0,1.0,1.0,12.0,20.0
702.9729650554389,33.0,6.0,1.0,1.0,12.0,20.0
703.2729650554388,33.0,6.0,1.0,1.0,12.0,20.0
703.2738605778269,33.0,6.0,1.0,1.0,12.0,20.0
703.5738605778268,33.0,6.0,1.0,1.0,12.0,20.0
703.5747561002149,33.0,6.0,1.0,1.0,12.0,20.0
703.8747561002149,33.0,6.0,1.0,1.0,12.0,20.0
703.875651622603,33.0,6.0,1.0,1.0,12.0,20.0
704.1756516226029,33.0,6.0,1.0,1.0,12.0,20.0
704.176547144991,33.0,6.0,1.0,1.0,12.0,20.0
704.476547144991,33.0,6.0,1.0,1.0,12.0,20.0
704.477442667379,33.0,6.0,1.0,1.0,12.0,20.0
704.777442667379,33.0,6.0,1.0,1.0,12.0,20.0
704.778338189767,33.0,6.0,1.0,1.0,12.0,20.0
705.078338189767,33.0,6.0,1.0,1.0,12.0,20.0
705.0792337121551,33.0,6.0,1.0,1.0,12.0,20.0
705.379233712155,33.0,6.0,1.0,1.0,12.0,20.0
705.3801292345431,33.0,6.0,1.0,1.0,12.0,20.0
705.6801292345431,33.0,6.0,1.0,1.0,12.0,20.0
705.6810247569312,33.0,6.0,1.0,1.0,12.0,20.0
705.9810247569311,33.0,6.0,1.0,1.0,12.0,20.0
705.9819202793192,33.0,6.0,1.0,1.0,12.0,20.0
706.2819202793191,33.0,6.0,1.0,1.0,12.0,20.0
706.2828158017072,33.0,6.0,1.0,1.0,12.0,20.0
706.5828158017072,33.0,6.0,1.0,1.0,12.0,20.0
706.5837113240952,33.0,6.0,1.0,1.0,12.0,20.0
706.8837113240952,33.0,6.0,1.0,1.0,12.0,20.0
706.8846068464833,33.0,6.0,1.0,1.0,12.0,20.0
707.1846068464832,33.0,6.0,1.0,1.0,12.0,20.0
707.1855023688713,33.0,6.0,1.0,1.0,12.0,20.0
707.4855023688713,33.0,6.0,1.0,1.0,12.0,20.0
707.4863978912593,33.0,6.0,1.0,1.0,12.0,20.0
707.7863978912593,33.0,6.0,1.0,1.0,12.0,20.0
707.7872934136474,33.0,6.0,1.0,1.0,12.0,20.0
708.0872934136473,33.0,6.0,1.0,1.0,12.0,20.0
708.0881889360354,33.0,6.0,1.0,1.0,12.0,20.0
708.3881889360354,33.0,6.0,1.0,1.0,12.0,20.0
708.3890844584234,33.0,6.0,1.0,1.0,12.0,20.0
708.6890844584234,33.0,6.0,1.0,1.0,12.0,20.0
708.6899799808115,33.0,6.0,1.0,1.0,12.0,20.0
708.9899799808114,33.0,6.0,1.0,1.0,12.0,20.0
708.9908755031995,33.0,6.0,1.0,1.0,12.0,20.0
709.2908755031995,33.0,6.0,1.0,1.0,12.0,20.0
709.2917710255875,33.0,6.0,1.0,1.0,12.0,20.0
709.5917710255875,33.0,6.0,1.0,1.0,12.0,20.0
709.5926665479756,33.0,6.0,1.0,1.0,12.0,20.0
709.8926665479755,33.0,6.0,1.0,1.0,12.0,20.0
709.8935620703636,33.0,6.0,1.0,1.0,12.0,20.0
710.1935620703636,33.0,6.0,1.0,1.0,12.0,20.0
710.1944575927516,33.0,6.0,1.0,1.0,12.0,20.0
710.4944575927516,33.0,6.0,1.0,1.0,12.0,20.0
710.4953531151397,33.0,6.0,1.0,1.0,12.0,20.0
710.7953531151396,33.0,6.0,1.0,1.0,12.0,20.0
710.7962486375277,33.0,6.0,1.0,1.0,12.0,20.0
711.0962486375277,33.0,6.0,1.0,1.0,12.0,20.0
711.0971441599157,33.0,6.0,1.0,1.0,12.0,20.0
711.3971441599157,33.0,6.0,1.0,1.0,12.0,20.0
711.3980396823038,34.0,6.0,1.0,1.0,12.0,20.0
711.6980396823037,34.0,6.0,1.0,1.0,12.0,20.0
711.6989487732128,34.0,6.0,1.0,1.0,12.0,20.0
711.9989487732128,34.0,6.0,1.0,1.0,12.0,20.0
711.9998578641219,34.0,6.0,1.0,1.0,12.0,20.0
712.2998578641218,34.0,6.0,1.0,1.0,12.0,20.0
712.3007669550309,34.0,6.0,1.0,1.0,12.0,20.0
712.6007669550308,34.0,6.0,1.0,1.0,12.0,20.0
712.6016760459399,34.0,6.0,1.0,1.0,12.0,20.0
712.9016760459399,34.0,6.0,1.0,1.0,12.0,20.0
712.902585136849,34.0,6.0,1.0,1.0,12.0,20.0
713.2025851368489,34.0,6.0,1.0,1.0,12.0,20.0
713.203494227758,34.0,6.0,1.0,1.0,12.0,20.0
713.503494227758,34.0,6.0,1.0,1.0,12.0,20.0
713.5044033186671,34.0,6.0,1.0,1.0,12.0,20.0
713.804403318667,34.0,6.0,1.0,1.0,12.0,20.0
713.8053124095761,34.0,6.0,1.0,1.0,12.0,20.0
714.1053124095761,34.0,6.0,1.0,1.0,12.0,20.0
714.1062215004852,36.0,6.0,1.0,1.0,12.0,20.0
714.4062215004851,36.0,6.0,1.0,1.0,12.0,20.0
714.4071590004851,36.0,6.0,1.0,1.0,12.0,20.0
714.707159000485,36.0,6.0,1.0,1.0,12.0,20.0
714.708096500485,36.0,6.0,1.0,1.0,12.0,20.0
715.008096500485,36.0,6.0,1.0,1.0,12.0,20.0
715.0090340004849,36.0,6.0,1.0,1.0,12.0,20.0
715.3090340004849,36.0,6.0,1.0,1.0,12.0,20.0
715.3099715004848,37.0,6.0,1.0,1.0,12.0,20.0
715.6099715004848,37.0,6.0,1.0,1.0,12.0,20.0
715.6109238814372,37.0,6.0,1.0,1.0,12.0,20.0
715.9109238814372,37.0,6.0,1.0,1.0,12.0,20.0
715.9118762623896,37.0,6.0,1.0,1.0,12.0,20.0
716.2118762623895,37.0,6.0,1.0,1.0,12.0,20.0
716.2128286433419,37.0,6.0,1.0,1.0,12.0,20.0
716.5128286433419,37.0,6.0,1.0,1.0,12.0,20.0
716.5137810242943,37.0,6.0,1.0,1.0,12.0,20.0
716.8137810242943,37.0,6.0,1.0,1.0,12.0,20.0
716.8147334052467,37.0,6.0,1.0,1.0,12.0,20.0
717.1147334052466,37.0,6.0,1.0,1.0,12.0,20.0
717.115685786199,37.0,6.0,1.0,1.0,12.0,20.0
717.415685786199,37.0,6.0,1.0,1.0,12.0,20.0
717.4166381671514,37.0,6.0,1.0,1.0,12.0,20.0
717.7166381671514,37.0,6.0,1.0,1.0,12.0,20.0
717.7175905481038,37.0,6.0,1.0,1.0,12.0,20.0
718.0175905481037,37.0,6.0,1.0,1.0,12.0,20.0
718.0185429290561,37.0,6.0,1.0,1.0,12.0,20.0
718.3185429290561,37.0,6.0,1.0,1.0,12.0,20.0
718.3194953100085,37.0,6.0,1.0,1.0,12.0,20.0
718.6194953100085,37.0,6.0,1.0,1.0,12.0,20.0
718.6204476909609,37.0,6.0,1.0,1.0,12.0,20.0
718.9204476909608,37.0,6.0,1.0,1.0,12.0,20.0
718.9214000719132,37.0,6.0,1.0,1.0,12.0,20.0
719.2214000719132,37.0,6.0,1.0,1.0,12.0,20.0
719.2223524528656,37.0,6.0,1.0,1.0,12.0,20.0
719.5223524528656,37.0,6.0,1.0,1.0,12.0,20.0
719.523304833818,37.0,6.0,1.0,1.0,12.0,20.0
719.8233048338179,37.0,6.0,1.0,1.0,12.0,20.0
719.8242572147703,37.0,6.0,1.0,1.0,12.0,20.0
720.1242572147703,37.0,6.0,1.0,1.0,12.0,20.0
720.1252095957227,37.0,6.0,1.0,1.0,12.0,20.0
720.4252095957227,37.0,6.0,1.0,1.0,12.0,20.0
720.4261619766751,37.0,6.0,1.0,1.0,12.0,20.0
720.726161976675,37.0,6.0,1.0,1.0,12.0,20.0
720.7271143576274,37.0,6.0,1.0,1.0,12.0,20.0
721.0271143576274,37.0,6.0,1.0,1.0,12.0,20.0
721.0280667385798,37.0,6.0,1.0,1.0,12.0,20.0
721.3280667385798,37.0,6.0,1.0,1.0,12.0,20.0
721.3290191195322,37.0,6.0,1.0,1.0,12.0,20.0
721.6290191195321,37.0,6.0,1.0,1.0,12.0,20.0
721.6299715004845,37.0,6.0,1.0,1.0,12.0,20.0
721.9299715004845,37.0,6.0,1.0,1.0,12.0,20.0
721.9309238814369,37.0,6.0,1.0,1.0,12.0,20.0
722.2309238814369,37.0,6.0,1.0,1.0,12.0,20.0
722.2318762623893,37.0,6.0,1.0,1.0,12.0,20.0
722.5318762623892,37.0,6.0,1.0,1.0,12.0,20.0
722.5328286433416,37.0,6.0,1.0,1.0,12.0,20.0
722.8328286433416,37.0,6.0,1.0,1.0,12.0,20.0
722.833781024294,37.0,6.0,1.0,1.0,12.0,20.0
723.133781024294,37.0,6.0,1.0,1.0,12.0,20.0
723.1347334052464,37.0,6.0,1.0,1.0,12.0,20.0
723.4347334052463,37.0,6.0,1.0,1.0,12.0,20.0
723.4356857861987,37.0,6.0,1.0,1.0,12.0,20.0
723.7356857861987,37.0,6.0,1.0,1.0,12.0,20.0
723.7366381671511,37.0,6.0,1.0,1.0,12.0,20.0
724.0366381671511,37.0,6.0,1.0,1.0,12.0,20.0
724.0375905481035,37.0,6.0,1.0,1.0,12.0,20.0
724.3375905481034,37.0,6.0,1.0,1.0,12.0,20.0
724.3385429290558,37.0,6.0,1.0,1.0,12.0,20.0
724.6385429290558,37.0,6.0,1.0,1.0,12.0,20.0
724.6394953100082,37.0,6.0,1.0,1.0,12.0,20.0
724.9394953100082,37.0,6.0,1.0,1.0,12.0,20.0
724.9404476909606,37.0,6.0,1.0,1.0,12.0,20.0
725.2404476909605,37.0,6.0,1.0,1.0,12.0,20.0
725.241400071913,37.0,6.0,1.0,1.0,12.0,20.0
725.5414000719129,37.0,6.0,1.0,1.0,12.0,20.0
725.5423524528653,37.0,6.0,1.0,1.0,12.0,20.0
725.8423524528653,37.0,6.0,1.0,1.0,12.0,20.0
725.8433048338177,37.0,6.0,1.0,1.0,12.0,20.0
726.1433048338176,37.0,6.0,1.0,1.0,12.0,20.0
726.14425721477,37.0,6.0,1.0,1.0,12.0,20.0
726.44425721477,37.0,6.0,1.0,1.0,12.0,20.0
726.4452095957224,37.0,6.0,1.0,1.0,12.0,20.0
726.7452095957224,37.0,6.0,1.0,1.0,12.0,20.0
726.7461619766748,37.0,6.0,1.0,1.0,12.0,20.0
727.0461619766747,37.0,6.0,1.0,1.0,12.0,20.0
727.0471143576272,37.0,6.0,1.0,1.0,12.0,20.0
727.3471143576271,37.0,6.0,1.0,1.0,12.0,20.0
727.3480667385795,37.0,6.0,1.0,1.0,12.0,20.0
727.6480667385795,37.0,6.0,1.0,1.0,12.0,20.0
727.6490191195319,37.0,6.0,1.0,1.0,12.0,20.0
727.9490191195318,37.0,6.0,1.0,1.0,12.0,20.0
727.9499715004843,37.0,6.0,1.0,1.0,12.0,20.0
728.2499715004842,37.0,6.0,1.0,1.0,12.0,20.0
728.2509238814366,37.0,6.0,1.0,1.0,12.0,20.0
728.5509238814366,37.0,6.0,1.0,1.0,12.0,20.0
728.551876262389,37.0,6.0,1.0,1.0,12.0,20.0
728.8518762623889,37.0,6.0,1.0,1.0,12.0,20.0
728.8528286433414,37.0,6.0,1.0,1.0,12.0,20.0
729.1528286433413,37.0,6.0,1.0,1.0,12.0,20.0
729.1537810242937,37.0,6.0,1.0,1.0,12.0,20.0
729.4537810242937,37.0,6.0,1.0,1.0,12.0,20.0
729.4547334052461,37.0,6.0,1.0,1.0,12.0,20.0
729.754733405246,37.0,6.0,1.0,1.0,12.0,20.0
729.7556857861985,37.0,6.0,1.0,1.0,12.0,20.0
730.0556857861984,37.0,6.0,1.0,1.0,12.0,20.0
730.0566381671508,37.0,6.0,1.0,1.0,11.0,20.0
730.3566381671508,37.0,6.0,1.0,1.0,11.0,20.0
730.3575905481032,37.0,6.0,1.0,1.0,11.0,20.0
730.6575905481031,37.0,6.0,1.0,1.0,11.0,20.0
730.6585429290556,37.0,6.0,1.0,1.0,11.0,20.0
730.9585429290555,37.0,6.0,1.0,1.0,11.0,20.0
730.9594953100079,37.0,6.0,1.0,1.0,11.0,20.0
731.2594953100079,37.0,6.0,1.0,1.0,11.0,20.0
731.2604476909603,37.0,6.0,1.0,1.0,11.0,20.0
731.5604476909602,37.0,6.0,1.0,1.0,11.0,20.0
731.5614000719127,37.0,6.0,1.0,1.0,11.0,20.0
731.8614000719126,37.0,6.0,1.0,1.0,11.0,20.0
731.862352452865,37.0,6.0,1.0,1.0,11.0,20.0
732.162352452865,37.0,6.0,1.0,1.0,11.0,20.0
732.1633048338174,37.0,6.0,1.0,1.0,11.0,20.0
732.4633048338173,37.0,6.0,1.0,1.0,11.0,20.0
732.4642572147698,37.0,6.0,1.0,1.0,11.0,20.0
732.7642572147697,37.0,6.0,1.0,1.0,11.0,20.0
732.7652095957221,37.0,6.0,1.0,1.0,11.0,20.0
733.0652095957221,37.0,6.0,1.0,1.0,11.0,20.0
733.0661619766745,37.0,6.0,1.0,1.0,10.0,20.0
733.3661619766744,37.0,6.0,1.0,1.0,10.0,20.0
733.3671143576269,37.0,6.0,1.0,1.0,10.0,20.0
733.6671143576268,37.0,6.0,1.0,1.0,10.0,20.0
733.6680667385792,37.0,6.0,1.0,1.0,10.0,20.0
733.9680667385792,37.0,6.0,1.0,1.0,10.0,20.0
733.9690191195316,37.0,6.0,1.0,1.0,10.0,20.0
734.2690191195315,37.0,6.0,1.0,1.0,10.0,20.0
734.269971500484,37.0,6.0,1.0,1.0,9.0,20.0
734.5699715004839,37.0,6.0,1.0,1.0,9.0,20.0
734.5709238814363,37.0,6.0,1.0,1.0,9.0,20.0
734.8709238814363,37.0,6.0,1.0,1.0,9.0,20.0
734.8718762623887,37.0,6.0,1.0,1.0,9.0,20.0
735.1718762623887,37.0,6.0,1.0,1.0,9.0,20.0
735.1728286433411,37.0,6.0,1.0,1.0,9.0,20.0
735.472828643341,37.0,6.0,1.0,1.0,9.0,20.0
735.4737810242934,37.0,6.0,1.0,1.0,9.0,20.0
735.7737810242934,37.0,6.0,1.0,1.0,9.0,20.0
735.7747334052458,37.0,6.0,1.0,1.0,9.0,20.0
736.0747334052458,37.0,6.0,1.0,1.0,9.0,20.0
736.0756857861982,38.0,6.0,1.0,1.0,9.0,20.0
736.3756857861981,38.0,6.0,1.0,1.0,9.0,20.0
736.3766535281336,38.0,6.0,1.0,1.0,9.0,20.0
736.6766535281336,38.0,6.0,1.0,1.0,9.0,20.0
736.677621270069,38.0,6.0,1.0,1.0,9.0,20.0
736.977621270069,38.0,6.0,1.0,1.0,9.0,20.0
736.9785890120045,38.0,6.0,1.0,1.0,9.0,20.0
737.2785890120044,38.0,6.0,1.0,1.0,9.0,20.0
737.2795567539399,38.0,6.0,1.0,1.0,9.0,20.0
737.5795567539399,38.0,6.0,1.0,1.0,9.0,20.0
737.5805244958754,38.0,6.0,1.0,1.0,9.0,20.0
737.8805244958753,38.0,6.0,1.0,1.0,9.0,20.0
737.8814922378108,38.0,6.0,1.0,1.0,9.0,20.0
738.1814922378107,38.0,6.0,1.0,1.0,9.0,20.0
738.1824599797462,38.0,6.0,1.0,1.0,9.0,20.0
738.4824599797462,38.0,6.0,1.0,1.0,9.0,20.0
738.4834277216817,38.0,6.0,1.0,1.0,9.0,20.0
738.7834277216816,38.0,6.0,1.0,1.0,9.0,20.0
738.7843954636171,38.0,6.0,1.0,1.0,9.0,20.0
739.084395463617,38.0,6.0,1.0,1.0,9.0,20.0
739.0853632055525,38.0,6.0,1.0,1.0,9.0,20.0
739.3853632055525,38.0,6.0,1.0,1.0,9.0,20.0
739.386330947488,38.0,6.0,1.0,1.0,9.0,20.0
739.6863309474879,38.0,6.0,1.0,1.0,9.0,20.0
739.6872986894234,38.0,6.0,1.0,1.0,9.0,20.0
739.9872986894234,38.0,6.0,1.0,1.0,9.0,20.0
739.9882664313589,38.0,6.0,1.0,1.0,9.0,20.0
740.2882664313588,38.0,6.0,1.0,1.0,9.0,20.0
740.2892341732943,38.0,6.0,1.0,1.0,9.0,20.0
740.5892341732942,38.0,6.0,1.0,1.0,9.0,20.0
740.5902019152297,38.0,6.0,1.0,1.0,9.0,20.0
740.8902019152297,38.0,6.0,1.0,1.0,9.0,20.0
740.8911696571652,38.0,6.0,1.0,1.0,9.0,20.0
741.1911696571651,38.0,6.0,1.0,1.0,9.0,20.0
741.1921373991006,38.0,6.0,1.0,1.0,9.0,20.0
741.4921373991006,38.0,6.0,1.0,1.0,9.0,20.0
741.493105141036,38.0,6.0,1.0,1.0,9.0,20.0
741.793105141036,38.0,6.0,1.0,1.0,9.0,20.0
741.7940728829715,38.0,6.0,1.0,1.0,9.0,20.0
742.0940728829714,38.0,6.0,1.0,1.0,9.0,20.0
742.0950406249069,38.0,6.0,1.0,1.0,9.0,20.0
742.3950406249069,38.0,6.0,1.0,1.0,9.0,20.0
742.3960083668424,38.0,6.0,1.0,1.0,9.0,20.0
742.6960083668423,38.0,6.0,1.0,1.0,9.0,20.0
742.6969761087778,38.0,6.0,1.0,1.0,9.0,20.0
742.9969761087777,38.0,6.0,1.0,1.0,9.0,20.0
742.9979438507132,38.0,6.0,1.0,1.0,9.0,20.0
743.2979438507132,38.0,6.0,1.0,1.0,9.0,20.0
743.2989115926487,38.0,6.0,1.0,1.0,9.0,20.0
743.5989115926486,38.0,6.0,1.0,1.0,9.0,20.0
743.5998793345841,38.0,6.0,1.0,1.0,9.0,20.0
743.899879334584,38.0,6.0,1.0,1.0,9.0,20.0
743.9008470765195,38.0,6.0,1.0,1.0,9.0,20.0
744.2008470765195,38.0,6.0,1.0,1.0,9.0,20.0
744.201814818455,38.0,6.0,1.0,1.0,9.0,20.0
744.5018148184549,38.0,6.0,1.0,1.0,9.0,20.0
744.5027825603904,38.0,6.0,1.0,1.0,9.0,20.0
744.8027825603904,38.0,6.0,1.0,1.0,9.0,20.0
744.8037503023259,38.0,6.0,1.0,1.0,9.0,20.0
745.1037503023258,38.0,6.0,1.0,1.0,9.0,20.0
745.1047180442613,38.0,6.0,1.0,1.0,9.0,20.0
745.4047180442612,38.0,6.0,1.0,1.0,9.0,20.0
745.4056857861967,38.0,6.0,1.0,1.0,9.0,20.0
745.7056857861967,38.0,6.0,1.0,1.0,9.0,20.0
745.7066535281322,38.0,6.0,1.0,1.0,9.0,20.0
746.0066535281321,38.0,6.0,1.0,1.0,9.0,20.0
746.0076212700676,38.0,6.0,1.0,1.0,9.0,20.0
746.3076212700676,38.0,6.0,1.0,1.0,9.0,20.0
746.308589012003,38.0,6.0,1.0,1.0,8.0,20.0
746.608589012003,38.0,6.0,1.0,1.0,8.0,20.0
746.6095567539385,38.0,6.0,1.0,1.0,8.0,20.0
746.9095567539384,38.0,6.0,1.0,1.0,8.0,20.0
746.9105244958739,38.0,6.0,1.0,1.0,8.0,20.0
747.2105244958739,38.0,6.0,1.0,1.0,8.0,20.0
747.2114922378094,38.0,6.0,1.0,1.0,8.0,20.0
747.5114922378093,38.0,6.0,1.0,1.0,8.0,20.0
747.5124599797448,38.0,6.0,1.0,1.0,8.0,20.0
747.8124599797447,38.0,6.0,1.0,1.0,8.0,20.0
747.8134277216802,38.0,6.0,1.0,1.0,7.0,20.0
748.1134277216802,38.0,6.0,1.0,1.0,7.0,20.0
748.1143954636157,38.0,6.0,1.0,1.0,7.0,20.0
748.4143954636156,38.0,6.0,1.0,1.0,7.0,20.0
748.4153632055511,38.0,6.0,1.0,1.0,7.0,20.0
748.7153632055511,38.0,6.0,1.0,1.0,7.0,20.0
748.7163309474865,38.0,6.0,1.0,1.0,7.0,20.0
749.0163309474865,38.0,6.0,1.0,1.0,7.0,20.0
749.017298689422,38.0,6.0,1.0,1.0,7.0,20.0
749.3172986894219,38.0,6.0,1.0,1.0,7.0,20.0
749.3182664313574,38.0,6.0,1.0,1.0,7.0,20.0
749.6182664313574,38.0,6.0,1.0,1.0,7.0,20.0
749.6192341732929,38.0,6.0,1.0,1.0,7.0,20.0
749.9192341732928,38.0,6.0,1.0,1.0,7.0,20.0
749.9202019152283,38.0,6.0,1.0,1.0,7.0,20.0
750.2202019152282,38.0,6.0,1.0,1.0,7.0,20.0
750.2211696571637,38.0,6.0,1.0,1.0,7.0,20.0
750.5211696571637,38.0,6.0,1.0,1.0,7.0,20.0
750.5221373990992,38.0,6.0,1.0,1.0,7.0,20.0
750.8221373990991,38.0,6.0,1.0,1.0,7.0,20.0
750.8231051410346,39.0,6.0,1.0,1.0,7.0,20.0
751.1231051410346,39.0,6.0,1.0,1.0,7.0,20.0
751.1240887475919,39.0,6.0,1.0,1.0,7.0,20.0
751.4240887475919,39.0,6.0,1.0,1.0,7.0,20.0
751.4250723541493,39.0,6.0,1.0,1.0,7.0,20.0
751.7250723541492,39.0,6.0,1.0,1.0,7.0,20.0
751.7260559607066,39.0,6.0,1.0,1.0,7.0,20.0
752.0260559607066,39.0,6.0,1.0,1.0,7.0,20.0
752.027039567264,39.0,6.0,1.0,1.0,7.0,20.0
752.3270395672639,39.0,6.0,1.0,1.0,7.0,20.0
752.3280231738213,39.0,6.0,1.0,1.0,7.0,20.0
752.6280231738212,39.0,6.0,1.0,1.0,7.0,20.0
752.6290067803786,39.0,6.0,1.0,1.0,7.0,20.0
752.9290067803786,39.0,6.0,1.0,1.0,7.0,20.0
752.929990386936,39.0,6.0,1.0,1.0,7.0,20.0
753.2299903869359,39.0,6.0,1.0,1.0,7.0,20.0
753.2309739934933,39.0,6.0,1.0,1.0,7.0,20.0
753.5309739934933,39.0,6.0,1.0,1.0,7.0,20.0
753.5319576000506,39.0,6.0,1.0,1.0,7.0,20.0
753.8319576000506,39.0,6.0,1.0,1.0,7.0,20.0
753.832941206608,39.0,6.0,1.0,1.0,7.0,20.0
754.1329412066079,39.0,6.0,1.0,1.0,7.0,20.0
754.1339248131653,39.0,6.0,1.0,1.0,7.0,20.0
754.4339248131653,39.0,6.0,1.0,1.0,7.0,20.0
754.4349084197227,39.0,6.0,1.0,1.0,7.0,20.0
754.7349084197226,39.0,6.0,1.0,1.0,7.0,20.0
754.73589202628,39.0,6.0,1.0,1.0,7.0,20.0
755.03589202628,39.0,6.0,1.0,1.0,7.0,20.0
755.0368756328373,39.0,6.0,1.0,1.0,7.0,20.0
755.3368756328373,39.0,6.0,1.0,1.0,7.0,20.0
755.3378592393947,39.0,6.0,1.0,1.0,7.0,20.0
755.6378592393946,39.0,6.0,1.0,1.0,7.0,20.0
755.638842845952,39.0,6.0,1.0,1.0,7.0,20.0
755.938842845952,39.0,6.0,1.0,1.0,7.0,20.0
755.9398264525094,39.0,6.0,1.0,1.0,7.0,20.0
756.2398264525093,39.0,6.0,1.0,1.0,7.0,20.0
756.2408100590667,39.0,6.0,1.0,1.0,7.0,20.0
756.5408100590666,39.0,6.0,1.0,1.0,7.0,20.0
756.541793665624,39.0,5.0,1.0,1.0,7.0,20.0
756.841793665624,39.0,5.0,1.0,1.0,7.0,20.0
756.8427772721814,39.0,5.0,1.0,1.0,7.0,20.0
757.1427772721813,39.0,5.0,1.0,1.0,7.0,20.0
757.1437608787387,39.0,5.0,1.0,1.0,7.0,20.0
757.4437608787387,39.0,5.0,1.0,1.0,7.0,20.0
757.444744485296,39.0,5.0,1.0,1.0,7.0,20.0
757.744744485296,39.0,5.0,1.0,1.0,7.0,20.0
757.7457280918534,39.0,5.0,1.0,1.0,7.0,20.0
758.0457280918533,39.0,5.0,1.0,1.0,7.0,20.0
758.0467116984107,39.0,5.0,1.0,1.0,6.0,20.0
758.3467116984107,39.0,5.0,1.0,1.0,6.0,20.0
758.347695304968,39.0,5.0,1.0,1.0,6.0,20.0
758.647695304968,39.0,5.0,1.0,1.0,6.0,20.0
758.6486789115254,39.0,5.0,1.0,1.0,6.0,20.0
758.9486789115253,39.0,5.0,1.0,1.0,6.0,20.0
758.9496625180827,39.0,5.0,1.0,1.0,6.0,20.0
759.2496625180827,39.0,5.0,1.0,1.0,6.0,20.0
759.2506461246401,39.0,5.0,1.0,1.0,6.0,20.0
759.55064612464,39.0,5.0,1.0,1.0,6.0,20.0
759.5516297311974,39.0,5.0,1.0,1.0,6.0,20.0
759.8516297311974,39.0,5.0,1.0,1.0,6.0,20.0
759.8526133377547,39.0,5.0,1.0,1.0,6.0,19.0
760.1526133377547,39.0,5.0,1.0,1.0,6.0,19.0
760.1535969443121,40.0,5.0,1.0,1.0,6.0,19.0
760.453596944312,40.0,5.0,1.0,1.0,6.0,19.0
760.454596944312,40.0,5.0,1.0,1.0,6.0,19.0
760.754596944312,40.0,5.0,1.0,1.0,6.0,19.0
760.755596944312,40.0,5.0,1.0,1.0,6.0,19.0
761.0555969443119,40.0,5.0,1.0,1.0,6.0,19.0
761.0565969443119,40.0,5.0,1.0,1.0,6.0,19.0
761.3565969443118,40.0,5.0,1.0,1.0,6.0,19.0
761.3575969443118,40.0,5.0,1.0,1.0,6.0,19.0
761.6575969443118,40.0,5.0,1.0,1.0,6.0,19.0
761.6585969443117,40.0,5.0,1.0,1.0,6.0,19.0
761.9585969443117,40.0,5.0,1.0,1.0,6.0,19.0
761.9595969443117,40.0,5.0,1.0,1.0,6.0,19.0
762.2595969443116,40.0,5.0,1.0,1.0,6.0,19.0
762.2605969443116,40.0,5.0,1.0,1.0,6.0,19.0
762.5605969443116,40.0,5.0,1.0,1.0,6.0,19.0
762.5615969443115,40.0,5.0,1.0,1.0,6.0,19.0
762.8615969443115,40.0,5.0,1.0,1.0,6.0,19.0
762.8625969443115,40.0,5.0,1.0,1.0,6.0,19.0
763.1625969443114,40.0,5.0,1.0,1.0,6.0,19.0
763.1635969443114,40.0,5.0,1.0,1.0,6.0,19.0
763.4635969443113,40.0,5.0,1.0,1.0,6.0,19.0
763.4645969443113,40.0,5.0,1.0,1.0,6.0,19.0
763.7645969443113,40.0,5.0,1.0,1.0,6.0,19.0
763.7655969443113,40.0,5.0,1.0,1.0,6.0,19.0
764.0655969443112,40.0,5.0,1.0,1.0,6.0,19.0
764.0665969443112,40.0,5.0,1.0,1.0,6.0,19.0
764.3665969443111,40.0,5.0,1.0,1.0,6.0,19.0
764.3675969443111,40.0,5.0,1.0,1.0,6.0,19.0
764.6675969443111,40.0,5.0,1.0,1.0,6.0,19.0
764.668596944311,40.0,5.0,1.0,1.0,6.0,19.0
764.968596944311,40.0,5.0,1.0,1.0,6.0,19.0
764.969596944311,40.0,5.0,1.0,1.0,6.0,19.0
765.2695969443109,40.0,5.0,1.0,1.0,6.0,19.0
765.2705969443109,41.0,5.0,1.0,1.0,6.0,19.0
765.5705969443109,41.0,5.0,1.0,1.0,6.0,19.0
765.5716138934635,41.0,5.0,1.0,1.0,6.0,19.0
765.8716138934634,41.0,5.0,1.0,1.0,6.0,19.0
765.872630842616,41.0,5.0,1.0,1.0,6.0,19.0
766.172630842616,41.0,5.0,1.0,1.0,6.0,19.0
766.1736477917685,41.0,5.0,1.0,1.0,6.0,19.0
766.4736477917685,41.0,5.0,1.0,1.0,6.0,19.0
766.4746647409211,41.0,5.0,1.0,1.0,6.0,19.0
766.774664740921,41.0,5.0,1.0,1.0,6.0,19.0
766.7756816900736,41.0,5.0,1.0,1.0,6.0,19.0
767.0756816900736,41.0,5.0,1.0,1.0,6.0,19.0
767.0766986392262,41.0,5.0,1.0,1.0,6.0,19.0
767.3766986392261,41.0,5.0,1.0,1.0,6.0,19.0
767.3777155883787,41.0,5.0,1.0,1.0,6.0,19.0
767.6777155883786,41.0,5.0,1.0,1.0,6.0,19.0
767.6787325375312,41.0,5.0,1.0,1.0,6.0,19.0
767.9787325375312,41.0,5.0,1.0,1.0,6.0,19.0
767.9797494866838,41.0,5.0,1.0,1.0,6.0,19.0
768.2797494866837,41.0,5.0,1.0,1.0,6.0,19.0
768.2807664358363,41.0,5.0,1.0,1.0,6.0,19.0
768.5807664358363,41.0,5.0,1.0,1.0,6.0,19.0
768.5817833849889,41.0,5.0,1.0,1.0,6.0,19.0
768.8817833849888,41.0,5.0,1.0,1.0,6.0,19.0
768.8828003341414,41.0,5.0,1.0,1.0,6.0,19.0
769.1828003341413,41.0,5.0,1.0,1.0,6.0,19.0
769.1838172832939,41.0,5.0,1.0,1.0,6.0,19.0
769.4838172832939,41.0,5.0,1.0,1.0,6.0,19.0
769.4848342324465,41.0,5.0,1.0,1.0,6.0,19.0
769.7848342324464,41.0,5.0,1.0,1.0,6.0,19.0
769.785851181599,41.0,5.0,1.0,1.0,6.0,19.0
770.085851181599,41.0,5.0,1.0,1.0,6.0,19.0
770.0868681307516,41.0,5.0,1.0,1.0,6.0,19.0
770.3868681307515,41.0,5.0,1.0,1.0,6.0,19.0
770.3878850799041,41.0,5.0,1.0,1.0,6.0,19.0
770.687885079904,41.0,5.0,1.0,1.0,6.0,19.0
770.6889020290566,41.0,5.0,1.0,1.0,6.0,19.0
770.9889020290566,41.0,5.0,1.0,1.0,6.0,19.0
770.9899189782092,41.0,5.0,1.0,1.0,6.0,19.0
771.2899189782091,41.0,5.0,1.0,1.0,6.0,19.0
771.2909359273617,41.0,5.0,1.0,1.0,6.0,19.0
771.5909359273617,41.0,5.0,1.0,1.0,6.0,19.0
771.5919528765143,41.0,5.0,1.0,1.0,6.0,19.0
771.8919528765142,41.0,5.0,1.0,1.0,6.0,19.0
771.8929698256668,41.0,5.0,1.0,1.0,6.0,19.0
772.1929698256668,41.0,5.0,1.0,1.0,6.0,19.0
772.1939867748193,41.0,5.0,1.0,1.0,6.0,19.0
772.4939867748193,41.0,5.0,1.0,1.0,6.0,19.0
772.4950037239719,41.0,5.0,1.0,1.0,6.0,19.0
772.7950037239718,41.0,5.0,1.0,1.0,6.0,19.0
772.7960206731244,41.0,5.0,1.0,1.0,6.0,19.0
773.0960206731244,41.0,5.0,1.0,1.0,6.0,19.0
773.097037622277,41.0,5.0,1.0,1.0,6.0,19.0
773.3970376222769,41.0,5.0,1.0,1.0,6.0,19.0
773.3980545714295,41.0,5.0,1.0,1.0,6.0,19.0
773.6980545714295,41.0,5.0,1.0,1.0,6.0,19.0
773.699071520582,41.0,5.0,1.0,1.0,6.0,19.0
773.999071520582,41.0,5.0,1.0,1.0,6.0,19.0
774.0000884697346,41.0,5.0,1.0,1.0,6.0,19.0
774.3000884697345,41.0,5.0,1.0,1.0,6.0,19.0
774.3011054188871,42.0,5.0,1.0,1.0,6.0,19.0
774.6011054188871,42.0,5.0,1.0,1.0,6.0,19.0
774.6021399016457,42.0,5.0,1.0,1.0,6.0,19.0
774.9021399016457,42.0,5.0,1.0,1.0,6.0,19.0
774.9031743844043,42.0,5.0,1.0,1.0,6.0,19.0
775.2031743844043,42.0,5.0,1.0,1.0,6.0,19.0
775.204208867163,42.0,5.0,1.0,1.0,6.0,19.0
775.5042088671629,42.0,5.0,1.0,1.0,6.0,19.0
775.5052433499216,42.0,5.0,1.0,1.0,6.0,19.0
775.8052433499215,42.0,5.0,1.0,1.0,6.0,19.0
775.8062778326802,42.0,5.0,1.0,1.0,6.0,19.0
776.1062778326801,42.0,5.0,1.0,1.0,6.0,19.0
776.1073123154388,42.0,5.0,1.0,1.0,6.0,19.0
776.4073123154387,42.0,5.0,1.0,1.0,6.0,19.0
776.4083467981974,42.0,5.0,1.0,1.0,6.0,19.0
776.7083467981973,42.0,5.0,1.0,1.0,6.0,19.0
776.709381280956,42.0,5.0,1.0,1.0,6.0,19.0
777.009381280956,42.0,5.0,1.0,1.0,6.0,19.0
777.0104157637146,42.0,5.0,1.0,1.0,6.0,19.0
777.3104157637146,42.0,5.0,1.0,1.0,6.0,19.0
777.3114502464732,42.0,5.0,1.0,1.0,6.0,19.0
777.6114502464732,42.0,5.0,1.0,1.0,6.0,19.0
777.6124847292318,42.0,5.0,1.0,1.0,6.0,19.0
777.9124847292318,42.0,5.0,1.0,1.0,6.0,19.0
777.9135192119904,42.0,5.0,1.0,1.0,6.0,19.0
778.2135192119904,42.0,5.0,1.0,1.0,6.0,19.0
778.214553694749,42.0,5.0,1.0,1.0,6.0,19.0
778.514553694749,42.0,5.0,1.0,1.0,6.0,19.0
778.5155881775077,42.0,5.0,1.0,1.0,6.0,19.0
778.8155881775076,42.0,5.0,1.0,1.0,6.0,19.0
778.8166226602663,42.0,5.0,1.0,1.0,6.0,19.0
779.1166226602662,42.0,5.0,1.0,1.0,6.0,19.0
779.1176571430249,42.0,5.0,1.0,1.0,6.0,19.0
779.4176571430248,42.0,5.0,1.0,1.0,6.0,19.0
779.4186916257835,42.0,5.0,1.0,1.0,6.0,19.0
779.7186916257834,42.0,5.0,1.0,1.0,6.0,19.0
779.7197261085421,42.0,5.0,1.0,1.0,6.0,19.0
780.019726108542,42.0,5.0,1.0,1.0,6.0,19.0
780.0207605913007,42.0,5.0,1.0,1.0,6.0,19.0
780.3207605913007,42.0,5.0,1.0,1.0,6.0,19.0
780.3217950740593,42.0,5.0,1.0,1.0,6.0,19.0
780.6217950740593,42.0,5.0,1.0,1.0,6.0,19.0
780.6228295568179,42.0,5.0,1.0,1.0,5.0,19.0
780.9228295568179,42.0,5.0,1.0,1.0,5.0,19.0
780.9238640395765,42.0,5.0,1.0,1.0,5.0,19.0
781.2238640395765,42.0,5.0,1.0,1.0,5.0,19.0
781.2248985223351,42.0,5.0,1.0,1.0,5.0,19.0
781.5248985223351,42.0,5.0,1.0,1.0,5.0,19.0
781.5259330050937,42.0,5.0,1.0,1.0,4.0,19.0
781.8259330050937,42.0,5.0,1.0,1.0,4.0,19.0
781.8269674878524,42.0,5.0,1.0,1.0,4.0,19.0
782.1269674878523,42.0,5.0,1.0,1.0,4.0,19.0
782.128001970611,42.0,5.0,1.0,1.0,4.0,19.0
782.4280019706109,42.0,5.0,1.0,1.0,4.0,19.0
782.4290364533696,42.0,5.0,1.0,1.0,4.0,19.0
782.7290364533695,42.0,5.0,1.0,1.0,4.0,19.0
782.7300709361282,42.0,5.0,1.0,1.0,4.0,19.0
783.0300709361281,42.0,5.0,1.0,1.0,4.0,19.0
783.0311054188868,42.0,5.0,1.0,1.0,4.0,19.0
783.3311054188868,42.0,5.0,1.0,1.0,4.0,19.0
783.3321399016454,42.0,5.0,1.0,1.0,4.0,19.0
783.6321399016454,42.0,5.0,1.0,1.0,4.0,19.0
783.633174384404,42.0,5.0,1.0,1.0,4.0,19.0
783.933174384404,42.0,5.0,1.0,1.0,4.0,19.0
783.9342088671626,42.0,5.0,1.0,1.0,4.0,19.0
784.2342088671626,42.0,5.0,1.0,1.0,4.0,19.0
784.2352433499212,42.0,5.0,1.0,1.0,4.0,19.0
784.5352433499212,42.0,5.0,1.0,1.0,4.0,19.0
784.5362778326798,42.0,5.0,1.0,1.0,4.0,19.0
784.8362778326798,42.0,5.0,1.0,1.0,4.0,19.0
784.8373123154385,42.0,5.0,1.0,1.0,4.0,19.0
785.1373123154384,42.0,5.0,1.0,1.0,4.0,19.0
785.1383467981971,42.0,5.0,1.0,1.0,4.0,19.0
785.438346798197,42.0,5.0,1.0,1.0,4.0,19.0
785.4393812809557,42.0,5.0,1.0,1.0,4.0,19.0
785.7393812809556,42.0,5.0,1.0,1.0,4.0,19.0
785.7404157637143,42.0,5.0,1.0,1.0,4.0,19.0
786.0404157637142,42.0,5.0,1.0,1.0,4.0,19.0
786.0414502464729,42.0,5.0,1.0,1.0,4.0,19.0
786.3414502464728,42.0,5.0,1.0,1.0,4.0,19.0
786.3424847292315,42.0,5.0,1.0,1.0,4.0,19.0
786.6424847292315,42.0,5.0,1.0,1.0,4.0,19.0
786.6435192119901,42.0,5.0,1.0,1.0,4.0,19.0
786.9435192119901,42.0,5.0,1.0,1.0,4.0,19.0
786.9445536947487,42.0,5.0,1.0,1.0,4.0,19.0
787.2445536947487,42.0,5.0,1.0,1.0,4.0,19.0
787.2455881775073,42.0,5.0,1.0,1.0,4.0,19.0
787.5455881775073,42.0,5.0,1.0,1.0,4.0,19.0
787.5466226602659,42.0,5.0,1.0,1.0,4.0,19.0
787.8466226602659,42.0,5.0,1.0,1.0,4.0,19.0
787.8476571430245,42.0,5.0,1.0,1.0,4.0,19.0
788.1476571430245,42.0,5.0,1.0,1.0,4.0,19.0
788.1486916257832,42.0,5.0,1.0,1.0,4.0,19.0
788.4486916257831,42.0,5.0,1.0,1.0,4.0,19.0
788.4497261085418,42.0,5.0,1.0,1.0,4.0,19.0
788.7497261085417,42.0,5.0,1.0,1.0,4.0,19.0
788.7507605913004,42.0,5.0,1.0,1.0,4.0,19.0
789.0507605913003,42.0,5.0,1.0,1.0,4.0,19.0
789.051795074059,42.0,5.0,1.0,1.0,4.0,19.0
789.3517950740589,42.0,5.0,1.0,1.0,4.0,19.0
789.3528295568176,42.0,5.0,1.0,1.0,4.0,19.0
789.6528295568176,42.0,5.0,1.0,1.0,4.0,19.0
789.6538640395762,42.0,5.0,1.0,1.0,4.0,19.0
789.9538640395762,42.0,5.0,1.0,1.0,4.0,19.0
789.9548985223348,42.0,5.0,1.0,1.0,4.0,19.0
790.2548985223348,42.0,5.0,1.0,1.0,4.0,19.0
790.2559330050934,42.0,5.0,1.0,1.0,4.0,19.0
790.5559330050934,42.0,5.0,1.0,1.0,4.0,19.0
790.556967487852,42.0,5.0,1.0,1.0,4.0,19.0
790.856967487852,42.0,5.0,1.0,1.0,4.0,19.0
790.8580019706106,42.0,5.0,1.0,1.0,4.0,19.0
791.1580019706106,42.0,5.0,1.0,1.0,4.0,19.0
791.1590364533693,42.0,5.0,1.0,1.0,4.0,19.0
791.4590364533692,42.0,5.0,1.0,1.0,4.0,19.0
791.4600709361279,42.0,5.0,1.0,1.0,4.0,19.0
791.7600709361278,42.0,5.0,1.0,1.0,4.0,19.0
791.7611054188865,42.0,5.0,1.0,1.0,4.0,19.0
792.0611054188864,42.0,5.0,1.0,1.0,4.0,19.0
792.0621399016451,42.0,5.0,1.0,1.0,4.0,19.0
792.362139901645,42.0,5.0,1.0,1.0,4.0,19.0
792.3631743844037,42.0,5.0,1.0,1.0,4.0,19.0
792.6631743844036,42.0,5.0,1.0,1.0,4.0,19.0
792.6642088671623,42.0,5.0,1.0,1.0,4.0,19.0
792.9642088671623,42.0,5.0,1.0,1.0,4.0,19.0
792.9652433499209,42.0,5.0,1.0,1.0,4.0,19.0
793.2652433499209,42.0,5.0,1.0,1.0,4.0,19.0
793.2662778326795,42.0,5.0,1.0,1.0,4.0,19.0
793.5662778326795,42.0,5.0,1.0,1.0,4.0,19.0
793.5673123154381,42.0,5.0,1.0,1.0,4.0,19.0
793.8673123154381,42.0,5.0,1.0,1.0,4.0,19.0
793.8683467981967,43.0,5.0,1.0,1.0,4.0,19.0
794.1683467981967,43.0,5.0,1.0,1.0,4.0,19.0
794.1693994297757,43.0,5.0,1.0,1.0,4.0,19.0
794.4693994297756,43.0,5.0,1.0,1.0,4.0,19.0
794.4704520613546,43.0,5.0,1.0,1.0,4.0,19.0
794.7704520613546,43.0,5.0,1.0,1.0,4.0,19.0
794.7715046929336,43.0,5.0,1.0,1.0,4.0,19.0
795.0715046929336,43.0,5.0,1.0,1.0,4.0,19.0
795.0725573245126,43.0,5.0,1.0,1.0,4.0,19.0
795.3725573245125,43.0,5.0,1.0,1.0,4.0,19.0
795.3736099560915,43.0,5.0,1.0,1.0,4.0,19.0
795.6736099560915,43.0,5.0,1.0,1.0,4.0,19.0
795.6746625876705,43.0,5.0,1.0,1.0,4.0,19.0
795.9746625876704,43.0,5.0,1.0,1.0,4.0,19.0
795.9757152192494,43.0,5.0,1.0,1.0,4.0,19.0
796.2757152192494,43.0,5.0,1.0,1.0,4.0,19.0
796.2767678508284,43.0,5.0,1.0,1.0,4.0,19.0
796.5767678508283,43.0,5.0,1.0,1.0,4.0,19.0
796.5778204824073,43.0,5.0,1.0,1.0,3.0,19.0
796.8778204824073,43.0,5.0,1.0,1.0,3.0,19.0
796.8788731139863,43.0,5.0,1.0,1.0,3.0,19.0
797.1788731139862,43.0,5.0,1.0,1.0,3.0,19.0
797.1799257455652,43.0,5.0,1.0,1.0,3.0,19.0
797.4799257455652,43.0,5.0,1.0,1.0,3.0,19.0
797.4809783771442,43.0,5.0,1.0,1.0,2.0,19.0
797.7809783771442,43.0,5.0,1.0,1.0,2.0,19.0
797.7820310087232,43.0,5.0,1.0,1.0,2.0,19.0
798.0820310087231,43.0,5.0,1.0,1.0,2.0,19.0
798.0830836403021,44.0,5.0,1.0,1.0,2.0,19.0
798.3830836403021,44.0,5.0,1.0,1.0,2.0,19.0
798.3841550688735,44.0,5.0,1.0,1.0,2.0,19.0
798.6841550688735,44.0,5.0,1.0,1.0,2.0,19.0
798.6852264974449,44.0,5.0,1.0,1.0,2.0,19.0
798.9852264974448,44.0,5.0,1.0,1.0,2.0,19.0
798.9862979260163,44.0,5.0,1.0,1.0,2.0,19.0
799.2862979260162,44.0,5.0,1.0,1.0,2.0,19.0
799.2873693545877,44.0,5.0,1.0,1.0,2.0,19.0
799.5873693545876,44.0,5.0,1.0,1.0,2.0,19.0
799.5884407831591,44.0,5.0,1.0,1.0,2.0,19.0
799.888440783159,44.0,5.0,1.0,1.0,2.0,19.0
799.8895122117304,44.0,5.0,1.0,1.0,1.0,19.0
800.1895122117304,44.0,5.0,1.0,1.0,1.0,19.0
800.1905836403018,44.0,5.0,1.0,1.0,1.0,19.0
800.4905836403018,44.0,5.0,1.0,1.0,1.0,19.0
800.4916550688732,44.0,5.0,1.0,1.0,1.0,19.0
800.7916550688732,44.0,5.0,1.0,1.0,1.0,19.0
800.7927264974446,44.0,5.0,1.0,1.0,1.0,19.0
801.0927264974446,44.0,5.0,1.0,1.0,1.0,19.0
801.093797926016,44.0,5.0,1.0,1.0,1.0,19.0
801.393797926016,44.0,5.0,1.0,1.0,1.0,19.0
801.3948693545874,44.0,5.0,1.0,1.0,1.0,19.0
801.6948693545874,44.0,5.0,1.0,1.0,1.0,19.0
801.6959407831588,44.0,5.0,1.0,1.0,1.0,19.0
801.9959407831587,44.0,5.0,1.0,1.0,1.0,19.0
801.9970122117302,44.0,5.0,1.0,1.0,1.0,19.0
802.2970122117301,44.0,5.0,1.0,1.0,1.0,19.0
802.2980836403016,44.0,5.0,1.0,1.0,1.0,19.0
802.5980836403015,44.0,5.0,1.0,1.0,1.0,19.0
802.599155068873,44.0,5.0,1.0,1.0,1.0,19.0
802.8991550688729,44.0,5.0,1.0,1.0,1.0,19.0
802.9002264974444,44.0,5.0,1.0,1.0,1.0,19.0
803.2002264974443,44.0,5.0,1.0,1.0,1.0,19.0
803.2012979260157,44.0,5.0,1.0,1.0,1.0,19.0
803.5012979260157,44.0,5.0,1.0,1.0,1.0,19.0
803.5023693545871,45.0,5.0,1.0,1.0,1.0,19.0
803.8023693545871,45.0,5.0,1.0,1.0,1.0,19.0
803.803460263678,45.0,5.0,1.0,1.0,1.0,19.0
804.1034602636779,45.0,5.0,1.0,1.0,1.0,19.0
804.1045511727688,45.0,5.0,1.0,1.0,1.0,19.0
804.4045511727687,45.0,5.0,1.0,1.0,1.0,19.0
804.4056420818596,45.0,5.0,1.0,1.0,1.0,19.0
804.7056420818595,45.0,5.0,1.0,1.0,1.0,19.0
804.7067329909504,45.0,5.0,1.0,1.0,1.0,19.0
805.0067329909504,45.0,5.0,1.0,1.0,1.0,19.0
805.0078239000412,45.0,5.0,1.0,1.0,1.0,19.0
805.3078239000412,45.0,5.0,1.0,1.0,1.0,19.0
805.308914809132,45.0,5.0,1.0,1.0,1.0,19.0
805.608914809132,45.0,5.0,1.0,1.0,1.0,19.0
805.6100057182229,45.0,5.0,1.0,1.0,1.0,19.0
805.9100057182228,45.0,5.0,1.0,1.0,1.0,19.0
805.9110966273137,45.0,5.0,1.0,1.0,1.0,19.0
806.2110966273136,45.0,5.0,1.0,1.0,1.0,19.0
806.2121875364045,45.0,5.0,1.0,1.0,1.0,19.0
806.5121875364044,45.0,5.0,1.0,1.0,1.0,19.0
806.5132784454953,45.0,5.0,1.0,1.0,1.0,19.0
806.8132784454953,45.0,5.0,1.0,1.0,1.0,19.0
806.8143693545861,45.0,5.0,1.0,1.0,1.0,19.0
807.1143693545861,45.0,5.0,1.0,1.0,1.0,19.0
807.1154602636769,45.0,5.0,1.0,1.0,1.0,19.0
807.4154602636769,45.0,5.0,1.0,1.0,1.0,19.0
807.4165511727678,45.0,5.0,1.0,1.0,1.0,19.0
807.7165511727677,45.0,5.0,1.0,1.0,1.0,19.0
807.7176420818586,45.0,5.0,1.0,1.0,1.0,19.0
808.0176420818585,45.0,5.0,1.0,1.0,1.0,19.0
808.0187329909494,45.0,5.0,1.0,1.0,1.0,19.0
808.3187329909493,45.0,5.0,1.0,1.0,1.0,19.0
808.3198239000402,45.0,5.0,1.0,1.0,1.0,19.0
808.6198239000402,45.0,5.0,1.0,1.0,1.0,19.0
808.620914809131,45.0,5.0,1.0,1.0,1.0,19.0
808.920914809131,45.0,5.0,1.0,1.0,1.0,19.0
808.9220057182218,45.0,5.0,1.0,1.0,1.0,19.0
809.2220057182218,45.0,5.0,1.0,1.0,1.0,19.0
809.2230966273127,45.0,5.0,1.0,1.0,1.0,19.0
809.5230966273126,45.0,5.0,1.0,1.0,1.0,19.0
809.5241875364035,45.0,5.0,1.0,1.0,1.0,19.0
809.8241875364034,45.0,5.0,1.0,1.0,1.0,19.0
809.8252784454943,45.0,5.0,1.0,1.0,1.0,19.0
810.1252784454942,45.0,5.0,1.0,1.0,1.0,19.0
810.1263693545851,45.0,5.0,1.0,1.0,1.0,19.0
810.4263693545851,45.0,5.0,1.0,1.0,1.0,19.0
810.4274602636759,45.0,5.0,1.0,1.0,1.0,19.0
810.7274602636759,45.0,5.0,1.0,1.0,1.0,19.0
810.7285511727667,45.0,5.0,1.0,1.0,1.0,19.0
811.0285511727667,45.0,5.0,1.0,1.0,1.0,19.0
811.0296420818576,45.0,5.0,1.0,1.0,1.0,19.0
811.3296420818575,45.0,5.0,1.0,1.0,1.0,19.0
811.3307329909484,45.0,5.0,1.0,1.0,1.0,19.0
811.6307329909483,45.0,5.0,1.0,1.0,1.0,19.0
811.6318239000392,45.0,5.0,1.0,1.0,1.0,19.0
811.9318239000391,45.0,5.0,1.0,1.0,1.0,19.0
811.93291480913,45.0,5.0,1.0,1.0,1.0,19.0
812.23291480913,45.0,5.0,1.0,1.0,1.0,19.0
812.2340057182208,45.0,5.0,1.0,1.0,1.0,19.0
812.5340057182208,45.0,5.0,1.0,1.0,1.0,19.0
812.5350966273116,45.0,5.0,1.0,1.0,0.0,19.0
812.8350966273116,45.0,5.0,1.0,1.0,0.0,19.0
812.8361875364025,45.0,5.0,1.0,1.0,0.0,19.0
813.1361875364024,45.0,5.0,1.0,1.0,0.0,19.0
813.1372784454933,45.0,5.0,1.0,1.0,0.0,19.0
813.4372784454932,45.0,5.0,1.0,1.0,0.0,19.0
813.4383693545841,45.0,5.0,1.0,1.0,0.0,19.0
813.738369354584,45.0,5.0,1.0,1.0,0.0,19.0
813.7394602636749,45.0,5.0,1.0,1.0,0.0,19.0
814.0394602636749,45.0,5.0,1.0,1.0,0.0,19.0
814.0405511727657,45.0,5.0,1.0,1.0,0.0,19.0
814.3405511727657,45.0,5.0,1.0,1.0,0.0,19.0
814.3416420818565,45.0,5.0,1.0,1.0,0.0,19.0
814.6416420818565,45.0,5.0,1.0,1.0,0.0,19.0
814.6427329909474,45.0,5.0,1.0,1.0,0.0,19.0
814.9427329909473,45.0,5.0,1.0,1.0,0.0,19.0
814.9438239000382,45.0,5.0,1.0,1.0,0.0,19.0
815.2438239000381,45.0,5.0,1.0,1.0,0.0,19.0
815.244914809129,45.0,5.0,1.0,1.0,0.0,19.0
815.544914809129,45.0,5.0,1.0,1.0,0.0,19.0
815.5460057182198,45.0,5.0,1.0,1.0,0.0,19.0
815.8460057182198,45.0,5.0,1.0,1.0,0.0,19.0
815.8470966273106,45.0,5.0,1.0,1.0,0.0,19.0
816.1470966273106,45.0,5.0,1.0,1.0,0.0,19.0
816.1481875364015,45.0,5.0,1.0,1.0,0.0,19.0
816.4481875364014,45.0,5.0,1.0,1.0,0.0,19.0
816.4492784454923,45.0,5.0,1.0,1.0,0.0,19.0
816.7492784454922,45.0,5.0,1.0,1.0,0.0,19.0
816.7503693545831,45.0,5.0,1.0,1.0,0.0,19.0
817.050369354583,45.0,5.0,1.0,1.0,0.0,19.0
817.0514602636739,45.0,5.0,1.0,1.0,0.0,19.0
817.3514602636739,45.0,5.0,1.0,1.0,0.0,19.0
817.3525511727647,45.0,5.0,1.0,1.0,0.0,19.0
817.6525511727647,45.0,5.0,1.0,1.0,0.0,19.0
817.6536420818555,45.0,5.0,1.0,1.0,0.0,19.0
817.9536420818555,45.0,5.0,1.0,1.0,0.0,19.0
817.9547329909464,44.0,5.0,1.0,1.0,0.0,19.0
818.2547329909463,44.0,5.0,1.0,1.0,0.0,19.0
818.2558044195177,44.0,5.0,1.0,1.0,0.0,19.0
818.5558044195177,44.0,5.0,1.0,1.0,0.0,19.0
818.5568758480891,44.0,5.0,1.0,1.0,0.0,19.0
818.8568758480891,44.0,5.0,1.0,1.0,0.0,19.0
818.8579472766605,44.0,5.0,1.0,1.0,0.0,19.0
819.1579472766605,44.0,5.0,1.0,1.0,0.0,19.0
819.1590187052319,44.0,5.0,1.0,1.0,0.0,19.0
819.4590187052319,44.0,5.0,1.0,1.0,0.0,19.0
819.4600901338033,44.0,5.0,1.0,1.0,0.0,19.0
819.7600901338033,44.0,5.0,1.0,1.0,0.0,19.0
819.7611615623747,44.0,5.0,1.0,1.0,0.0,19.0
820.0611615623747,44.0,5.0,1.0,1.0,0.0,19.0
820.0622329909461,44.0,5.0,1.0,1.0,0.0,19.0
820.362232990946,44.0,5.0,1.0,1.0,0.0,19.0
820.3633044195175,44.0,5.0,1.0,1.0,0.0,19.0
820.6633044195174,44.0,5.0,1.0,1.0,0.0,19.0
820.6643758480889,44.0,5.0,1.0,1.0,0.0,19.0
820.9643758480888,44.0,5.0,1.0,1.0,0.0,19.0
820.9654472766603,44.0,5.0,1.0,1.0,0.0,19.0
821.2654472766602,44.0,5.0,1.0,1.0,0.0,19.0
821.2665187052316,44.0,5.0,1.0,6.0,0.0,19.0
821.5665187052316,44.0,5.0,1.0,6.0,0.0,19.0
821.567590133803,44.0,5.0,1.0,6.0,0.0,19.0
821.867590133803,44.0,5.0,1.0,6.0,0.0,19.0
821.8686615623744,44.0,5.0,1.0,6.0,0.0,19.0
822.1686615623744,44.0,5.0,1.0,6.0,0.0,19.0
822.1697329909458,44.0,5.0,1.0,6.0,0.0,19.0
822.4697329909458,44.0,5.0,1.0,6.0,0.0,19.0
822.4708044195172,44.0,5.0,1.0,6.0,0.0,19.0
822.7708044195172,44.0,5.0,1.0,6.0,0.0,19.0
822.7718758480886,44.0,5.0,1.0,6.0,0.0,19.0
823.0718758480886,44.0,5.0,1.0,6.0,0.0,19.0
823.07294727666,44.0,5.0,1.0,6.0,0.0,19.0
823.3729472766599,44.0,5.0,1.0,6.0,0.0,19.0
823.3740187052314,44.0,5.0,1.0,6.0,0.0,19.0
823.6740187052313,44.0,5.0,1.0,6.0,0.0,19.0
823.6750901338028,44.0,5.0,1.0,6.0,0.0,19.0
823.9750901338027,44.0,5.0,1.0,6.0,0.0,19.0
823.9761615623742,44.0,5.0,1.0,6.0,0.0,19.0
824.2761615623741,44.0,5.0,1.0,6.0,0.0,19.0
824.2772329909455,44.0,5.0,1.0,6.0,0.0,19.0
824.5772329909455,44.0,5.0,1.0,6.0,0.0,19.0
824.5783044195169,44.0,5.0,1.0,6.0,0.0,19.0
824.8783044195169,44.0,5.0,1.0,6.0,0.0,19.0
824.8793758480883,44.0,5.0,1.0,6.0,0.0,19.0
825.1793758480883,44.0,5.0,1.0,6.0,0.0,19.0
825.1804472766597,44.0,5.0,1.0,6.0,0.0,19.0
825.4804472766597,44.0,5.0,1.0,6.0,0.0,19.0
825.4815187052311,45.0,5.0,1.0,6.0,0.0,19.0
825.7815187052311,45.0,5.0,1.0,6.0,0.0,19.0
825.7826096143219,45.0,5.0,1.0,6.0,0.0,19.0
826.0826096143219,45.0,5.0,1.0,6.0,0.0,19.0
826.0837005234127,45.0,5.0,1.0,6.0,0.0,19.0
826.3837005234127,45.0,5.0,1.0,6.0,0.0,19.0
826.3847914325036,45.0,5.0,1.0,6.0,0.0,19.0
826.6847914325035,45.0,5.0,1.0,6.0,0.0,19.0
826.6858823415944,45.0,5.0,1.0,6.0,0.0,19.0
826.9858823415943,45.0,5.0,1.0,6.0,0.0,19.0
826.9869732506852,45.0,5.0,1.0,6.0,0.0,19.0
827.2869732506852,45.0,5.0,1.0,6.0,0.0,19.0
827.288064159776,45.0,5.0,1.0,6.0,0.0,19.0
827.588064159776,45.0,5.0,1.0,6.0,0.0,19.0
827.5891550688668,45.0,5.0,1.0,6.0,0.0,19.0
827.8891550688668,45.0,5.0,1.0,6.0,0.0,19.0
827.8902459779576,45.0,5.0,1.0,6.0,0.0,19.0
828.1902459779576,45.0,5.0,1.0,6.0,0.0,19.0
828.1913368870485,45.0,5.0,1.0,6.0,0.0,19.0
828.4913368870484,45.0,5.0,1.0,6.0,0.0,19.0
828.4924277961393,45.0,5.0,1.0,6.0,0.0,19.0
828.7924277961392,45.0,5.0,1.0,6.0,0.0,19.0
828.7935187052301,45.0,5.0,1.0,6.0,0.0,19.0
829.09351870523,45.0,5.0,1.0,6.0,0.0,19.0
829.0946096143209,46.0,5.0,1.0,6.0,0.0,19.0
829.3946096143209,46.0,5.0,1.0,6.0,0.0,19.0
829.3957207254319,46.0,5.0,1.0,4.0,0.0,20.0
829.6957207254319,46.0,5.0,1.0,4.0,0.0,20.0
829.696831836543,46.0,5.0,1.0,4.0,0.0,20.0
829.9968318365429,46.0,5.0,1.0,4.0,0.0,20.0
829.997942947654,46.0,5.0,1.0,4.0,0.0,20.0
830.297942947654,46.0,5.0,1.0,4.0,0.0,20.0
830.299054058765,46.0,5.0,1.0,4.0,0.0,20.0
830.599054058765,46.0,5.0,1.0,4.0,0.0,20.0
830.600165169876,46.0,5.0,1.0,4.0,0.0,20.0
830.900165169876,46.0,5.0,1.0,4.0,0.0,20.0
830.9012762809871,46.0,5.0,1.0,4.0,0.0,20.0
831.201276280987,46.0,5.0,1.0,4.0,0.0,20.0
831.2023873920981,46.0,5.0,1.0,4.0,0.0,20.0
831.5023873920981,46.0,5.0,1.0,4.0,0.0,20.0
831.5034985032091,46.0,5.0,1.0,4.0,0.0,20.0
831.8034985032091,46.0,5.0,1.0,4.0,0.0,20.0
831.8046096143202,47.0,5.0,1.0,4.0,0.0,20.0
832.1046096143201,47.0,5.0,1.0,4.0,0.0,20.0
832.1057416897918,47.0,5.0,1.0,4.0,0.0,20.0
832.4057416897917,47.0,5.0,1.0,4.0,0.0,20.0
832.4068737652634,47.0,5.0,1.0,4.0,0.0,20.0
832.7068737652634,47.0,5.0,1.0,4.0,0.0,20.0
832.708005840735,47.0,5.0,1.0,4.0,0.0,20.0
833.008005840735,47.0,5.0,1.0,4.0,0.0,20.0
833.0091379162067,47.0,5.0,1.0,4.0,0.0,20.0
833.3091379162066,47.0,5.0,1.0,4.0,0.0,20.0
833.3102699916783,47.0,5.0,1.0,4.0,0.0,20.0
833.6102699916783,47.0,5.0,1.0,4.0,0.0,20.0
833.6114020671499,47.0,5.0,1.0,4.0,0.0,20.0
833.9114020671499,47.0,5.0,1.0,4.0,0.0,20.0
833.9125341426216,47.0,5.0,1.0,4.0,0.0,20.0
834.2125341426215,47.0,5.0,1.0,4.0,0.0,20.0
834.2136662180932,47.0,5.0,1.0,4.0,0.0,20.0
834.5136662180931,47.0,5.0,1.0,4.0,0.0,20.0
834.5147982935648,47.0,5.0,1.0,4.0,0.0,20.0
834.8147982935648,47.0,5.0,1.0,4.0,0.0,20.0
834.8159303690364,47.0,5.0,1.0,4.0,0.0,20.0
835.1159303690364,47.0,5.0,1.0,4.0,0.0,20.0
835.1170624445081,47.0,5.0,1.0,4.0,0.0,20.0
835.417062444508,47.0,5.0,1.0,4.0,0.0,20.0
835.4181945199797,47.0,5.0,1.0,4.0,0.0,20.0
835.7181945199796,47.0,5.0,1.0,4.0,0.0,20.0
835.7193265954513,47.0,5.0,1.0,4.0,0.0,20.0
836.0193265954513,47.0,5.0,1.0,4.0,0.0,20.0
836.020458670923,47.0,5.0,1.0,4.0,0.0,20.0
836.3204586709229,47.0,5.0,1.0,4.0,0.0,20.0
836.3215907463946,47.0,5.0,1.0,4.0,0.0,20.0
836.6215907463945,47.0,5.0,1.0,4.0,0.0,20.0
836.6227228218662,47.0,5.0,1.0,4.0,0.0,20.0
836.9227228218662,47.0,5.0,1.0,4.0,0.0,20.0
836.9238548973378,47.0,5.0,1.0,4.0,0.0,20.0
837.2238548973378,47.0,5.0,1.0,4.0,0.0,20.0
837.2249869728095,47.0,5.0,1.0,4.0,0.0,20.0
837.5249869728094,47.0,5.0,1.0,4.0,0.0,20.0
837.5261190482811,47.0,5.0,1.0,4.0,0.0,20.0
837.826119048281,47.0,5.0,1.0,4.0,0.0,20.0
837.8272511237527,47.0,5.0,1.0,2.0,0.0,21.0
838.1272511237527,47.0,5.0,1.0,2.0,0.0,21.0
838.1283831992243,47.0,5.0,1.0,2.0,0.0,21.0
838.4283831992243,47.0,5.0,1.0,2.0,0.0,21.0
838.429515274696,47.0,5.0,1.0,2.0,0.0,21.0
838.7295152746959,47.0,5.0,1.0,2.0,0.0,21.0
838.7306473501676,47.0,5.0,1.0,2.0,0.0,21.0
839.0306473501676,47.0,5.0,1.0,2.0,0.0,21.0
839.0317794256392,47.0,5.0,1.0,2.0,0.0,21.0
839.3317794256392,47.0,5.0,1.0,2.0,0.0,21.0
839.3329115011109,47.0,5.0,1.0,2.0,0.0,21.0
839.6329115011108,47.0,5.0,1.0,2.0,0.0,21.0
839.6340435765825,47.0,5.0,1.0,2.0,0.0,21.0
839.9340435765824,47.0,5.0,1.0,2.0,0.0,21.0
839.9351756520541,47.0,5.0,1.0,2.0,0.0,21.0
840.2351756520541,47.0,5.0,1.0,2.0,0.0,21.0
840.2363077275257,47.0,5.0,1.0,2.0,0.0,21.0
840.5363077275257,47.0,5.0,1.0,2.0,0.0,21.0
840.5374398029974,47.0,5.0,1.0,2.0,0.0,21.0
840.8374398029973,47.0,5.0,1.0,2.0,0.0,21.0
840.838571878469,47.0,5.0,1.0,2.0,0.0,21.0
841.138571878469,47.0,5.0,1.0,2.0,0.0,21.0
841.1397039539406,47.0,5.0,1.0,2.0,0.0,21.0
841.4397039539406,47.0,5.0,1.0,2.0,0.0,21.0
841.4408360294123,47.0,5.0,1.0,2.0,0.0,21.0
841.7408360294122,47.0,5.0,1.0,2.0,0.0,21.0
841.7419681048839,47.0,5.0,1.0,2.0,0.0,21.0
842.0419681048838,47.0,5.0,1.0,2.0,0.0,21.0
842.0431001803555,47.0,5.0,1.0,2.0,0.0,21.0
842.3431001803555,47.0,5.0,1.0,2.0,0.0,21.0
842.3442322558271,47.0,5.0,1.0,2.0,0.0,21.0
842.6442322558271,47.0,5.0,1.0,2.0,0.0,21.0
842.6453643312988,47.0,5.0,1.0,2.0,0.0,21.0
842.9453643312987,47.0,5.0,1.0,2.0,0.0,21.0
842.9464964067704,47.0,5.0,1.0,2.0,0.0,21.0
843.2464964067703,47.0,5.0,1.0,2.0,0.0,21.0
843.247628482242,47.0,5.0,1.0,2.0,0.0,21.0
843.547628482242,47.0,5.0,1.0,2.0,0.0,21.0
843.5487605577136,47.0,5.0,1.0,2.0,0.0,21.0
843.8487605577136,47.0,5.0,1.0,2.0,0.0,21.0
843.8498926331853,47.0,5.0,1.0,2.0,0.0,21.0
844.1498926331852,47.0,5.0,1.0,2.0,0.0,21.0
844.1510247086569,48.0,5.0,1.0,2.0,0.0,21.0
844.4510247086569,48.0,5.0,1.0,2.0,0.0,21.0
844.4521785548108,48.0,5.0,1.0,2.0,0.0,21.0
844.7521785548107,48.0,5.0,1.0,2.0,0.0,21.0
844.7533324009646,48.0,5.0,1.0,2.0,0.0,21.0
845.0533324009646,48.0,5.0,1.0,2.0,0.0,21.0
845.0544862471185,48.0,5.0,1.0,2.0,0.0,21.0
845.3544862471184,48.0,5.0,1.0,2.0,0.0,21.0
845.3556400932723,48.0,5.0,1.0,2.0,0.0,21.0
845.6556400932723,48.0,5.0,1.0,2.0,0.0,21.0
845.6567939394262,48.0,5.0,1.0,2.0,0.0,21.0
845.9567939394261,48.0,5.0,1.0,2.0,0.0,21.0
845.95794778558,48.0,5.0,1.0,2.0,0.0,21.0
846.25794778558,48.0,5.0,1.0,2.0,0.0,21.0
846.2591016317339,48.0,5.0,1.0,2.0,0.0,21.0
846.5591016317338,48.0,5.0,1.0,2.0,0.0,21.0
846.5602554778877,48.0,5.0,1.0,2.0,0.0,21.0
846.8602554778877,48.0,5.0,1.0,2.0,0.0,21.0
846.8614093240416,48.0,5.0,1.0,2.0,0.0,21.0
847.1614093240415,48.0,5.0,1.0,2.0,0.0,21.0
847.1625631701954,48.0,5.0,1.0,2.0,0.0,21.0
847.4625631701954,48.0,5.0,1.0,2.0,0.0,21.0
847.4637170163493,48.0,5.0,1.0,2.0,0.0,21.0
847.7637170163492,48.0,5.0,1.0,2.0,0.0,21.0
847.7648708625031,48.0,5.0,1.0,2.0,0.0,21.0
848.0648708625031,48.0,5.0,1.0,2.0,0.0,21.0
848.066024708657,48.0,5.0,1.0,2.0,0.0,21.0
848.3660247086569,48.0,5.0,1.0,2.0,0.0,21.0
848.3671785548108,48.0,5.0,1.0,2.0,0.0,21.0
848.6671785548108,48.0,5.0,1.0,2.0,0.0,21.0
848.6683324009647,48.0,5.0,1.0,2.0,0.0,21.0
848.9683324009646,48.0,5.0,1.0,2.0,0.0,21.0
848.9694862471185,48.0,5.0,1.0,2.0,0.0,21.0
849.2694862471185,48.0,5.0,1.0,2.0,0.0,21.0
849.2706400932724,48.0,5.0,1.0,2.0,0.0,21.0
849.5706400932723,48.0,5.0,1.0,2.0,0.0,21.0
849.5717939394262,48.0,5.0,1.0,2.0,0.0,21.0
849.8717939394262,48.0,5.0,1.0,2.0,0.0,21.0
849.8729477855801,48.0,5.0,1.0,2.0,0.0,21.0
850.17294778558,48.0,5.0,1.0,2.0,0.0,21.0
850.174101631734,48.0,5.0,1.0,2.0,0.0,21.0
850.4741016317339,48.0,5.0,1.0,2.0,0.0,21.0
850.4752554778878,48.0,5.0,1.0,2.0,0.0,21.0
850.7752554778878,48.0,5.0,1.0,2.0,0.0,21.0
850.7764093240417,48.0,5.0,1.0,2.0,0.0,21.0
851.0764093240416,48.0,5.0,1.0,2.0,0.0,21.0
851.0775631701955,48.0,5.0,1.0,2.0,0.0,21.0
851.3775631701955,48.0,5.0,1.0,2.0,0.0,21.0
851.3787170163494,48.0,5.0,1.0,2.0,0.0,21.0
851.6787170163493,48.0,5.0,1.0,2.0,0.0,21.0
851.6798708625032,48.0,5.0,1.0,2.0,0.0,21.0
851.9798708625032,48.0,5.0,1.0,2.0,0.0,21.0
851.9810247086571,48.0,5.0,1.0,2.0,0.0,21.0
852.281024708657,48.0,5.0,1.0,2.0,0.0,21.0
852.2821785548109,48.0,5.0,1.0,2.0,0.0,21.0
852.5821785548109,48.0,5.0,1.0,2.0,0.0,21.0
852.5833324009648,48.0,5.0,1.0,2.0,0.0,21.0
852.8833324009647,48.0,5.0,1.0,2.0,0.0,21.0
852.8844862471186,48.0,5.0,1.0,2.0,0.0,21.0
853.1844862471186,48.0,5.0,1.0,2.0,0.0,21.0
853.1856400932725,48.0,5.0,1.0,2.0,0.0,21.0
853.4856400932724,48.0,5.0,1.0,2.0,0.0,21.0
853.4867939394263,48.0,5.0,1.0,2.0,0.0,21.0
853.7867939394263,48.0,5.0,1.0,2.0,0.0,21.0
853.7879477855802,48.0,5.0,1.0,2.0,0.0,21.0
854.0879477855801,48.0,5.0,1.0,2.0,0.0,21.0
854.089101631734,48.0,5.0,1.0,2.0,0.0,21.0
854.389101631734,48.0,5.0,1.0,2.0,0.0,21.0
854.3902554778879,48.0,5.0,1.0,2.0,0.0,21.0
854.6902554778878,48.0,5.0,1.0,2.0,0.0,21.0
854.6914093240417,48.0,5.0,1.0,2.0,0.0,21.0
854.9914093240417,48.0,5.0,1.0,2.0,0.0,21.0
854.9925631701956,48.0,5.0,1.0,2.0,0.0,21.0
855.2925631701955,48.0,5.0,1.0,2.0,0.0,21.0
855.2937170163494,48.0,5.0,1.0,2.0,0.0,21.0
855.5937170163494,48.0,5.0,1.0,2.0,0.0,21.0
855.5948708625033,48.0,5.0,1.0,2.0,0.0,21.0
855.8948708625032,48.0,5.0,1.0,2.0,0.0,21.0
855.8960247086571,48.0,5.0,1.0,2.0,0.0,21.0
856.1960247086571,48.0,5.0,1.0,2.0,0.0,21.0
856.197178554811,48.0,5.0,1.0,2.0,0.0,21.0
856.497178554811,48.0,5.0,1.0,2.0,0.0,21.0
856.4983324009648,48.0,5.0,1.0,2.0,0.0,21.0
856.7983324009648,48.0,5.0,1.0,2.0,0.0,21.0
856.7994862471187,48.0,5.0,1.0,2.0,0.0,21.0
857.0994862471186,48.0,5.0,1.0,2.0,0.0,21.0
857.1006400932725,48.0,5.0,1.0,2.0,0.0,21.0
857.4006400932725,48.0,5.0,1.0,2.0,0.0,21.0
857.4017939394264,48.0,5.0,1.0,2.0,0.0,21.0
857.7017939394264,48.0,5.0,1.0,2.0,0.0,21.0
857.7029477855802,48.0,5.0,1.0,2.0,0.0,21.0
858.0029477855802,48.0,5.0,1.0,2.0,0.0,21.0
858.0041016317341,48.0,5.0,1.0,2.0,0.0,21.0
858.304101631734,48.0,5.0,1.0,2.0,0.0,21.0
858.305255477888,48.0,5.0,1.0,2.0,0.0,21.0
858.6052554778879,48.0,5.0,1.0,2.0,0.0,21.0
858.6064093240418,48.0,5.0,1.0,2.0,0.0,21.0
858.9064093240418,48.0,5.0,1.0,2.0,0.0,21.0
858.9075631701957,48.0,5.0,1.0,2.0,0.0,21.0
859.2075631701956,48.0,5.0,1.0,2.0,0.0,21.0
859.2087170163495,48.0,5.0,1.0,2.0,0.0,21.0
859.5087170163495,48.0,5.0,1.0,2.0,0.0,21.0
859.5098708625034,48.0,5.0,1.0,2.0,0.0,21.0
859.8098708625033,48.0,5.0,1.0,2.0,0.0,21.0
859.8110247086572,48.0,5.0,1.0,2.0,0.0,21.0
860.1110247086572,48.0,5.0,1.0,2.0,0.0,21.0
860.1121785548111,48.0,5.0,1.0,2.0,0.0,21.0
860.412178554811,48.0,5.0,1.0,2.0,0.0,21.0
860.4133324009649,48.0,5.0,1.0,2.0,0.0,21.0
860.7133324009649,48.0,5.0,1.0,2.0,0.0,21.0
860.7144862471188,48.0,5.0,1.0,2.0,0.0,21.0
861.0144862471187,48.0,5.0,1.0,2.0,0.0,21.0
861.0156400932726,48.0,5.0,1.0,2.0,0.0,21.0
861.3156400932726,48.0,5.0,1.0,2.0,0.0,21.0
861.3167939394265,48.0,5.0,1.0,2.0,0.0,21.0
861.6167939394264,48.0,5.0,1.0,2.0,0.0,21.0
861.6179477855803,48.0,5.0,1.0,2.0,0.0,21.0
861.9179477855803,48.0,5.0,1.0,2.0,0.0,21.0
861.9191016317342,48.0,5.0,1.0,2.0,0.0,21.0
862.2191016317341,48.0,5.0,1.0,2.0,0.0,21.0
862.220255477888,48.0,5.0,1.0,2.0,0.0,21.0
862.520255477888,48.0,5.0,1.0,2.0,0.0,21.0
862.5214093240419,48.0,5.0,1.0,2.0,0.0,21.0
862.8214093240418,48.0,5.0,1.0,2.0,0.0,21.0
862.8225631701957,48.0,5.0,1.0,2.0,0.0,21.0
863.1225631701957,48.0,5.0,1.0,2.0,0.0,21.0
863.1237170163496,48.0,5.0,1.0,2.0,0.0,21.0
863.4237170163495,48.0,5.0,1.0,2.0,0.0,21.0
863.4248708625034,48.0,5.0,1.0,2.0,0.0,21.0
863.7248708625034,48.0,5.0,1.0,2.0,0.0,21.0
863.7260247086573,48.0,5.0,1.0,2.0,0.0,21.0
864.0260247086572,48.0,5.0,1.0,2.0,0.0,21.0
864.0271785548111,48.0,5.0,1.0,2.0,0.0,21.0
864.3271785548111,48.0,5.0,1.0,2.0,0.0,21.0
864.328332400965,48.0,5.0,1.0,2.0,0.0,21.0
864.628332400965,48.0,5.0,1.0,2.0,0.0,21.0
864.6294862471188,48.0,5.0,1.0,2.0,0.0,21.0
864.9294862471188,48.0,5.0,1.0,2.0,0.0,21.0
864.9306400932727,48.0,5.0,1.0,2.0,0.0,21.0
865.2306400932727,48.0,5.0,1.0,2.0,0.0,21.0
865.2317939394266,48.0,5.0,1.0,2.0,0.0,21.0
865.5317939394265,48.0,5.0,1.0,2.0,0.0,21.0
865.5329477855804,48.0,5.0,1.0,2.0,0.0,21.0
865.8329477855804,48.0,5.0,1.0,2.0,0.0,21.0
865.8341016317343,48.0,5.0,1.0,2.0,0.0,21.0
866.1341016317342,48.0,5.0,1.0,2.0,0.0,21.0
866.1352554778881,48.0,5.0,1.0,2.0,0.0,21.0
866.4352554778881,48.0,5.0,1.0,2.0,0.0,21.0
866.436409324042,48.0,5.0,1.0,2.0,0.0,21.0
866.7364093240419,48.0,5.0,1.0,2.0,0.0,21.0
866.7375631701958,48.0,5.0,1.0,2.0,0.0,21.0
867.0375631701958,48.0,5.0,1.0,2.0,0.0,21.0
867.0387170163497,48.0,5.0,1.0,2.0,0.0,21.0
867.3387170163496,48.0,5.0,1.0,2.0,0.0,21.0
867.3398708625035,48.0,5.0,1.0,2.0,0.0,21.0
867.6398708625035,48.0,5.0,1.0,2.0,0.0,21.0
867.6410247086574,48.0,5.0,1.0,2.0,0.0,21.0
867.9410247086573,48.0,5.0,1.0,2.0,0.0,21.0
867.9421785548112,48.0,5.0,1.0,2.0,0.0,21.0
868.2421785548112,48.0,5.0,1.0,2.0,0.0,21.0
868.2433324009651,48.0,5.0,1.0,2.0,0.0,21.0
868.543332400965,48.0,5.0,1.0,2.0,0.0,21.0
868.5444862471189,48.0,5.0,1.0,2.0,0.0,21.0
868.8444862471189,48.0,5.0,1.0,2.0,0.0,21.0
868.8456400932728,48.0,5.0,1.0,2.0,0.0,21.0
869.1456400932727,48.0,5.0,1.0,2.0,0.0,21.0
869.1467939394266,48.0,5.0,1.0,2.0,0.0,21.0
869.4467939394266,48.0,5.0,1.0,2.0,0.0,21.0
869.4479477855805,48.0,5.0,1.0,2.0,0.0,21.0
869.7479477855804,48.0,5.0,1.0,2.0,0.0,21.0
869.7491016317343,48.0,5.0,1.0,2.0,0.0,21.0
870.0491016317343,48.0,5.0,1.0,2.0,0.0,21.0
870.0502554778882,48.0,5.0,1.0,2.0,0.0,21.0
870.3502554778881,48.0,5.0,1.0,2.0,0.0,21.0
870.351409324042,48.0,5.0,1.0,2.0,0.0,21.0
870.651409324042,48.0,5.0,1.0,2.0,0.0,21.0
870.6525631701959,48.0,5.0,1.0,2.0,0.0,21.0
870.9525631701958,48.0,5.0,1.0,2.0,0.0,21.0
870.9537170163497,49.0,5.0,1.0,2.0,0.0,21.0
871.2537170163497,49.0,5.0,1.0,2.0,0.0,21.0
871.2548934869379,49.0,5.0,1.0,2.0,0.0,21.0
871.5548934869379,49.0,5.0,1.0,2.0,0.0,21.0
871.5560699575261,49.0,5.0,1.0,2.0,0.0,21.0
871.8560699575261,49.0,5.0,1.0,2.0,0.0,21.0
871.8572464281143,49.0,5.0,1.0,2.0,0.0,21.0
872.1572464281143,49.0,5.0,1.0,2.0,0.0,21.0
872.1584228987025,49.0,5.0,1.0,2.0,0.0,21.0
872.4584228987025,49.0,5.0,1.0,2.0,0.0,21.0
872.4595993692907,49.0,5.0,1.0,2.0,0.0,21.0
872.7595993692906,49.0,5.0,1.0,2.0,0.0,21.0
872.7607758398789,49.0,5.0,1.0,2.0,0.0,21.0
873.0607758398788,49.0,5.0,1.0,2.0,0.0,21.0
873.0619523104671,49.0,5.0,1.0,2.0,0.0,21.0
873.361952310467,49.0,5.0,1.0,2.0,0.0,21.0
873.3631287810553,49.0,5.0,1.0,2.0,0.0,21.0
873.6631287810552,49.0,5.0,1.0,2.0,0.0,21.0
873.6643052516434,49.0,5.0,1.0,2.0,0.0,21.0
873.9643052516434,49.0,5.0,1.0,2.0,0.0,21.0
873.9654817222316,49.0,5.0,1.0,2.0,0.0,21.0
874.2654817222316,49.0,5.0,1.0,2.0,0.0,21.0
874.2666581928198,49.0,5.0,1.0,2.0,0.0,21.0
874.5666581928198,49.0,5.0,1.0,2.0,0.0,21.0
874.567834663408,49.0,5.0,1.0,2.0,0.0,21.0
874.867834663408,49.0,5.0,1.0,2.0,0.0,21.0
874.8690111339962,49.0,5.0,1.0,2.0,0.0,21.0
875.1690111339962,49.0,5.0,1.0,2.0,0.0,21.0
875.1701876045844,49.0,5.0,1.0,2.0,0.0,21.0
875.4701876045843,49.0,5.0,1.0,2.0,0.0,21.0
875.4713640751726,49.0,5.0,1.0,2.0,0.0,21.0
875.7713640751725,49.0,5.0,1.0,2.0,0.0,21.0
875.7725405457608,49.0,5.0,1.0,2.0,0.0,21.0
876.0725405457607,49.0,5.0,1.0,2.0,0.0,21.0
876.073717016349,49.0,5.0,1.0,2.0,0.0,21.0
876.3737170163489,49.0,5.0,1.0,2.0,0.0,21.0
876.3748934869371,49.0,5.0,1.0,2.0,0.0,21.0
876.6748934869371,49.0,5.0,1.0,2.0,0.0,21.0
876.6760699575253,49.0,5.0,1.0,2.0,0.0,21.0
876.9760699575253,49.0,5.0,1.0,2.0,0.0,21.0
876.9772464281135,49.0,5.0,1.0,2.0,0.0,21.0
877.2772464281135,49.0,5.0,1.0,2.0,0.0,21.0
877.2784228987017,49.0,5.0,1.0,2.0,0.0,21.0
877.5784228987017,49.0,5.0,1.0,2.0,0.0,21.0
877.5795993692899,49.0,5.0,1.0,2.0,0.0,21.0
877.8795993692898,49.0,5.0,1.0,2.0,0.0,21.0
877.8807758398781,49.0,5.0,1.0,2.0,0.0,21.0
878.180775839878,49.0,5.0,1.0,2.0,0.0,21.0
878.1819523104663,49.0,5.0,1.0,2.0,0.0,21.0
878.4819523104662,49.0,5.0,1.0,2.0,0.0,21.0
878.4831287810545,49.0,5.0,1.0,2.0,0.0,21.0
878.7831287810544,49.0,5.0,1.0,2.0,0.0,21.0
878.7843052516426,49.0,5.0,1.0,2.0,0.0,21.0
879.0843052516426,49.0,5.0,1.0,2.0,0.0,21.0
879.0854817222308,49.0,5.0,1.0,2.0,0.0,21.0
879.3854817222308,49.0,5.0,1.0,2.0,0.0,21.0
879.386658192819,49.0,5.0,1.0,2.0,0.0,21.0
879.686658192819,49.0,5.0,1.0,2.0,0.0,21.0
879.6878346634072,49.0,5.0,1.0,2.0,0.0,21.0
879.9878346634072,49.0,5.0,1.0,2.0,0.0,21.0
879.9890111339954,49.0,5.0,1.0,2.0,0.0,21.0
880.2890111339954,49.0,5.0,1.0,2.0,0.0,21.0
880.2901876045836,49.0,5.0,1.0,2.0,0.0,21.0
880.5901876045835,49.0,5.0,1.0,2.0,0.0,21.0
880.5913640751718,49.0,5.0,1.0,2.0,0.0,21.0
880.8913640751717,49.0,5.0,1.0,2.0,0.0,21.0
880.89254054576,49.0,5.0,1.0,2.0,0.0,21.0
881.1925405457599,49.0,5.0,1.0,2.0,0.0,21.0
881.1937170163482,49.0,5.0,1.0,2.0,0.0,21.0
881.4937170163481,49.0,5.0,1.0,2.0,0.0,21.0
881.4948934869363,49.0,5.0,1.0,2.0,0.0,21.0
881.7948934869363,49.0,5.0,1.0,2.0,0.0,21.0
881.7960699575245,49.0,5.0,1.0,2.0,0.0,21.0
882.0960699575245,49.0,5.0,1.0,2.0,0.0,21.0
882.0972464281127,49.0,5.0,1.0,2.0,0.0,21.0
882.3972464281127,49.0,5.0,1.0,2.0,0.0,21.0
882.3984228987009,49.0,5.0,1.0,2.0,0.0,21.0
882.6984228987009,49.0,5.0,1.0,2.0,0.0,21.0
882.6995993692891,49.0,5.0,1.0,2.0,0.0,21.0
882.9995993692891,49.0,5.0,1.0,2.0,0.0,21.0
883.0007758398773,49.0,5.0,1.0,2.0,0.0,21.0
883.3007758398772,49.0,5.0,1.0,2.0,0.0,21.0
883.3019523104655,49.0,5.0,1.0,2.0,0.0,21.0
883.6019523104654,49.0,5.0,1.0,2.0,0.0,21.0
883.6031287810537,49.0,5.0,1.0,2.0,0.0,21.0
883.9031287810536,49.0,5.0,1.0,2.0,0.0,21.0
883.9043052516419,49.0,5.0,1.0,2.0,0.0,21.0
884.2043052516418,49.0,5.0,1.0,2.0,0.0,21.0
884.20548172223,49.0,5.0,1.0,2.0,0.0,21.0
884.50548172223,49.0,5.0,1.0,2.0,0.0,21.0
884.5066581928182,49.0,5.0,1.0,2.0,0.0,21.0
884.8066581928182,49.0,5.0,1.0,2.0,0.0,21.0
884.8078346634064,49.0,5.0,1.0,2.0,0.0,21.0
885.1078346634064,49.0,5.0,1.0,2.0,0.0,21.0
885.1090111339946,48.0,5.0,1.0,2.0,0.0,21.0
885.4090111339946,48.0,5.0,1.0,2.0,0.0,21.0
885.4101649801485,48.0,5.0,1.0,2.0,0.0,21.0
885.7101649801484,48.0,5.0,1.0,2.0,0.0,21.0
885.7113188263023,48.0,5.0,1.0,2.0,0.0,21.0
886.0113188263023,48.0,5.0,1.0,2.0,0.0,21.0
886.0124726724562,48.0,5.0,1.0,2.0,0.0,21.0
886.3124726724561,48.0,5.0,1.0,2.0,0.0,21.0
886.31362651861,48.0,5.0,1.0,2.0,0.0,21.0
886.61362651861,48.0,5.0,1.0,2.0,0.0,21.0
886.6147803647639,48.0,5.0,1.0,2.0,0.0,21.0
886.9147803647638,48.0,5.0,1.0,2.0,0.0,21.0
886.9159342109177,48.0,5.0,1.0,2.0,0.0,21.0
887.2159342109177,48.0,5.0,1.0,2.0,0.0,21.0
887.2170880570716,48.0,5.0,1.0,2.0,0.0,21.0
887.5170880570715,48.0,5.0,1.0,2.0,0.0,21.0
887.5182419032254,48.0,5.0,1.0,2.0,0.0,21.0
887.8182419032254,48.0,5.0,1.0,2.0,0.0,21.0
887.8193957493793,49.0,5.0,1.0,2.0,0.0,21.0
888.1193957493792,49.0,5.0,1.0,2.0,0.0,21.0
888.1205722199675,49.0,5.0,1.0,2.0,0.0,21.0
888.4205722199674,49.0,5.0,1.0,2.0,0.0,21.0
888.4217486905557,49.0,5.0,1.0,2.0,0.0,21.0
888.7217486905556,49.0,5.0,1.0,2.0,0.0,21.0
888.7229251611438,50.0,5.0,1.0,2.0,0.0,21.0
889.0229251611438,50.0,5.0,1.0,2.0,0.0,21.0
889.0241251611438,50.0,5.0,1.0,2.0,0.0,21.0
889.3241251611438,50.0,5.0,1.0,2.0,0.0,21.0
889.3253251611438,50.0,5.0,1.0,2.0,0.0,21.0
889.6253251611438,50.0,5.0,1.0,2.0,0.0,21.0
889.6265251611438,50.0,5.0,1.0,2.0,0.0,21.0
889.9265251611438,50.0,5.0,1.0,2.0,0.0,21.0
889.9277251611438,50.0,5.0,1.0,2.0,0.0,21.0
890.2277251611438,50.0,5.0,1.0,2.0,0.0,21.0
890.2289251611438,50.0,5.0,1.0,2.0,0.0,21.0
890.5289251611438,50.0,5.0,1.0,2.0,0.0,21.0
890.5301251611438,50.0,5.0,1.0,2.0,0.0,21.0
890.8301251611438,50.0,5.0,1.0,2.0,0.0,21.0
890.8313251611438,50.0,5.0,1.0,2.0,0.0,21.0
891.1313251611438,50.0,5.0,1.0,2.0,0.0,21.0
891.1325251611438,50.0,5.0,1.0,2.0,0.0,21.0
891.4325251611438,50.0,5.0,1.0,2.0,0.0,21.0
891.4337251611438,50.0,5.0,1.0,2.0,0.0,21.0
891.7337251611438,50.0,5.0,1.0,2.0,0.0,21.0
891.7349251611438,50.0,5.0,1.0,2.0,0.0,21.0
892.0349251611437,50.0,5.0,1.0,2.0,0.0,21.0
892.0361251611438,50.0,5.0,1.0,2.0,0.0,21.0
892.3361251611437,50.0,5.0,1.0,2.0,0.0,21.0
892.3373251611438,50.0,5.0,1.0,2.0,0.0,21.0
892.6373251611437,50.0,5.0,1.0,2.0,0.0,21.0
892.6385251611438,50.0,5.0,1.0,2.0,0.0,21.0
892.9385251611437,50.0,5.0,1.0,2.0,0.0,21.0
892.9397251611438,50.0,5.0,1.0,2.0,0.0,21.0
893.2397251611437,50.0,5.0,1.0,2.0,0.0,21.0
893.2409251611438,50.0,5.0,1.0,2.0,0.0,21.0
893.5409251611437,50.0,5.0,1.0,2.0,0.0,21.0
893.5421251611438,50.0,5.0,1.0,2.0,0.0,21.0
893.8421251611437,50.0,5.0,1.0,2.0,0.0,21.0
893.8433251611438,50.0,5.0,1.0,2.0,0.0,21.0
894.1433251611437,50.0,5.0,1.0,2.0,0.0,21.0
894.1445251611437,50.0,5.0,1.0,2.0,0.0,21.0
894.4445251611437,50.0,5.0,1.0,2.0,0.0,21.0
894.4457251611437,50.0,5.0,1.0,2.0,0.0,21.0
894.7457251611437,50.0,5.0,1.0,2.0,0.0,21.0
894.7469251611437,50.0,5.0,1.0,2.0,0.0,21.0
895.0469251611437,50.0,5.0,1.0,2.0,0.0,21.0
895.0481251611437,50.0,5.0,1.0,2.0,0.0,21.0
895.3481251611437,50.0,5.0,1.0,2.0,0.0,21.0
895.3493251611437,50.0,5.0,1.0,2.0,0.0,21.0
895.6493251611437,50.0,5.0,1.0,2.0,0.0,21.0
895.6505251611437,50.0,5.0,1.0,2.0,0.0,21.0
895.9505251611437,50.0,5.0,1.0,2.0,0.0,21.0
895.9517251611437,50.0,5.0,1.0,2.0,0.0,21.0
896.2517251611437,50.0,5.0,1.0,2.0,0.0,21.0
896.2529251611437,50.0,5.0,1.0,2.0,0.0,21.0
896.5529251611437,50.0,5.0,1.0,2.0,0.0,21.0
896.5541251611437,50.0,5.0,1.0,2.0,0.0,21.0
896.8541251611437,50.0,5.0,1.0,2.0,0.0,21.0
896.8553251611437,51.0,5.0,1.0,2.0,0.0,21.0
897.1553251611437,51.0,5.0,1.0,2.0,0.0,21.0
897.1565016317319,51.0,5.0,1.0,2.0,0.0,21.0
897.4565016317318,51.0,5.0,1.0,2.0,0.0,21.0
897.4576781023201,51.0,5.0,1.0,2.0,0.0,21.0
897.75767810232,51.0,5.0,1.0,2.0,0.0,21.0
897.7588545729083,51.0,5.0,1.0,2.0,0.0,21.0
898.0588545729082,51.0,5.0,1.0,2.0,0.0,21.0
898.0600310434965,51.0,5.0,1.0,2.0,0.0,21.0
898.3600310434964,51.0,5.0,1.0,2.0,0.0,21.0
898.3612075140846,51.0,5.0,1.0,2.0,0.0,21.0
898.6612075140846,51.0,5.0,1.0,2.0,0.0,21.0
898.6623839846728,51.0,5.0,1.0,2.0,0.0,21.0
898.9623839846728,51.0,5.0,1.0,2.0,0.0,21.0
898.963560455261,51.0,5.0,1.0,2.0,0.0,21.0
899.263560455261,51.0,5.0,1.0,2.0,0.0,21.0
899.2647369258492,51.0,5.0,1.0,2.0,0.0,21.0
899.5647369258492,51.0,5.0,1.0,2.0,0.0,21.0
899.5659133964374,51.0,5.0,1.0,2.0,0.0,21.0
899.8659133964373,51.0,5.0,1.0,2.0,0.0,21.0
899.8670898670256,51.0,5.0,1.0,2.0,0.0,21.0
900.1670898670255,51.0,5.0,1.0,2.0,0.0,21.0
900.1682663376138,51.0,5.0,1.0,2.0,0.0,21.0
900.4682663376137,51.0,5.0,1.0,2.0,0.0,21.0
900.469442808202,51.0,5.0,1.0,2.0,0.0,21.0
900.7694428082019,51.0,5.0,1.0,2.0,0.0,21.0
900.7706192787902,50.0,5.0,1.0,2.0,0.0,21.0
901.0706192787901,50.0,5.0,1.0,2.0,0.0,21.0
901.0718192787901,50.0,5.0,1.0,2.0,0.0,21.0
901.3718192787901,50.0,5.0,1.0,2.0,0.0,21.0
901.3730192787901,50.0,5.0,1.0,2.0,0.0,21.0
901.6730192787901,50.0,5.0,1.0,2.0,0.0,21.0
901.6742192787901,50.0,5.0,1.0,2.0,0.0,21.0
901.9742192787901,50.0,5.0,1.0,2.0,0.0,21.0
901.9754192787901,50.0,5.0,1.0,2.0,0.0,21.0
902.2754192787901,50.0,5.0,1.0,2.0,0.0,21.0
902.2766192787901,50.0,5.0,1.0,2.0,0.0,21.0
902.5766192787901,50.0,5.0,1.0,2.0,0.0,21.0
902.5778192787901,50.0,5.0,1.0,2.0,0.0,21.0
902.8778192787901,50.0,5.0,1.0,2.0,0.0,21.0
902.8790192787901,50.0,5.0,1.0,2.0,0.0,21.0
903.1790192787901,50.0,5.0,1.0,2.0,0.0,21.0
903.1802192787901,50.0,5.0,1.0,2.0,0.0,21.0
903.4802192787901,50.0,5.0,1.0,2.0,0.0,21.0
903.4814192787901,50.0,5.0,1.0,2.0,0.0,21.0
903.78141927879,50.0,5.0,1.0,2.0,0.0,21.0
903.7826192787901,50.0,5.0,1.0,2.0,0.0,21.0
904.08261927879,50.0,5.0,1.0,2.0,0.0,21.0
904.0838192787901,50.0,5.0,1.0,2.0,0.0,21.0
904.38381927879,50.0,5.0,1.0,2.0,0.0,21.0
904.3850192787901,50.0,5.0,1.0,2.0,0.0,21.0
904.68501927879,50.0,5.0,1.0,2.0,0.0,21.0
904.6862192787901,50.0,5.0,1.0,2.0,0.0,21.0
904.98621927879,50.0,5.0,1.0,2.0,0.0,21.0
904.9874192787901,50.0,5.0,1.0,2.0,0.0,21.0
905.28741927879,50.0,5.0,1.0,2.0,0.0,21.0
905.2886192787901,50.0,5.0,1.0,2.0,0.0,21.0
905.58861927879,50.0,5.0,1.0,2.0,0.0,21.0
905.5898192787901,50.0,5.0,1.0,2.0,0.0,21.0
905.88981927879,50.0,5.0,1.0,2.0,0.0,21.0
905.89101927879,50.0,5.0,1.0,2.0,0.0,21.0
906.19101927879,50.0,5.0,1.0,2.0,0.0,21.0
906.19221927879,50.0,5.0,1.0,2.0,0.0,21.0
906.49221927879,50.0,5.0,1.0,2.0,0.0,21.0
906.49341927879,50.0,5.0,1.0,2.0,0.0,21.0
906.79341927879,50.0,5.0,1.0,2.0,0.0,21.0
906.79461927879,50.0,5.0,1.0,2.0,0.0,21.0
907.09461927879,50.0,5.0,1.0,2.0,0.0,21.0
907.09581927879,50.0,5.0,1.0,2.0,0.0,21.0
907.39581927879,50.0,5.0,1.0,2.0,0.0,21.0
907.39701927879,50.0,5.0,1.0,2.0,0.0,21.0
907.69701927879,50.0,5.0,1.0,2.0,0.0,21.0
907.69821927879,50.0,5.0,1.0,2.0,0.0,21.0
907.99821927879,50.0,5.0,1.0,2.0,0.0,21.0
907.99941927879,50.0,5.0,1.0,2.0,0.0,21.0
908.29941927879,50.0,5.0,1.0,2.0,0.0,21.0
908.30061927879,50.0,5.0,1.0,2.0,0.0,21.0
908.60061927879,50.0,5.0,1.0,2.0,0.0,21.0
908.60181927879,50.0,5.0,1.0,2.0,0.0,21.0
908.90181927879,50.0,5.0,1.0,2.0,0.0,21.0
908.90301927879,50.0,5.0,1.0,2.0,0.0,21.0
909.20301927879,50.0,5.0,1.0,2.0,0.0,21.0
909.20421927879,50.0,5.0,1.0,2.0,0.0,21.0
909.50421927879,50.0,5.0,1.0,2.0,0.0,21.0
909.50541927879,50.0,5.0,1.0,2.0,0.0,21.0
909.8054192787899,50.0,5.0,1.0,2.0,0.0,21.0
909.80661927879,50.0,5.0,1.0,2.0,0.0,21.0
910.1066192787899,50.0,5.0,1.0,2.0,0.0,21.0
910.10781927879,51.0,5.0,1.0,2.0,0.0,21.0
910.4078192787899,51.0,5.0,1.0,2.0,0.0,21.0
910.4089957493782,51.0,5.0,1.0,2.0,0.0,21.0
910.7089957493781,51.0,5.0,1.0,2.0,0.0,21.0
910.7101722199664,51.0,5.0,1.0,2.0,0.0,21.0
911.0101722199663,51.0,5.0,1.0,2.0,0.0,21.0
911.0113486905545,51.0,5.0,1.0,2.0,0.0,21.0
911.3113486905545,51.0,5.0,1.0,2.0,0.0,21.0
911.3125251611427,51.0,5.0,1.0,2.0,0.0,21.0
911.6125251611427,51.0,5.0,1.0,2.0,0.0,21.0
911.6137016317309,51.0,5.0,1.0,2.0,0.0,21.0
911.9137016317309,51.0,5.0,1.0,2.0,0.0,21.0
911.9148781023191,51.0,5.0,1.0,2.0,0.0,21.0
912.2148781023191,51.0,5.0,1.0,2.0,0.0,21.0
912.2160545729073,51.0,5.0,1.0,2.0,0.0,21.0
912.5160545729073,51.0,5.0,1.0,2.0,0.0,21.0
912.5172310434955,51.0,5.0,1.0,2.0,0.0,21.0
912.8172310434954,51.0,5.0,1.0,2.0,0.0,21.0
912.8184075140837,51.0,5.0,1.0,2.0,0.0,21.0
913.1184075140836,51.0,5.0,1.0,2.0,0.0,21.0
913.1195839846719,51.0,5.0,1.0,2.0,0.0,21.0
913.4195839846718,51.0,5.0,1.0,2.0,0.0,21.0
913.42076045526,51.0,5.0,1.0,2.0,0.0,21.0
913.72076045526,51.0,5.0,1.0,2.0,0.0,21.0
913.7219369258482,51.0,5.0,1.0,2.0,0.0,21.0
914.0219369258482,51.0,5.0,1.0,2.0,0.0,21.0
914.0231133964364,51.0,5.0,1.0,2.0,0.0,21.0
914.3231133964364,51.0,5.0,1.0,2.0,0.0,21.0
914.3242898670246,51.0,5.0,1.0,2.0,0.0,21.0
914.6242898670246,51.0,5.0,1.0,2.0,0.0,21.0
914.6254663376128,51.0,5.0,1.0,2.0,0.0,21.0
914.9254663376128,51.0,5.0,1.0,2.0,0.0,21.0
914.926642808201,51.0,5.0,1.0,2.0,0.0,21.0
915.226642808201,51.0,5.0,1.0,2.0,0.0,21.0
915.2278192787892,51.0,5.0,1.0,2.0,0.0,21.0
915.5278192787891,51.0,5.0,1.0,2.0,0.0,21.0
915.5289957493774,51.0,5.0,1.0,2.0,0.0,21.0
915.8289957493773,51.0,5.0,1.0,2.0,0.0,21.0
915.8301722199656,51.0,5.0,1.0,2.0,0.0,21.0
916.1301722199655,51.0,5.0,1.0,2.0,0.0,21.0
916.1313486905538,51.0,5.0,1.0,2.0,0.0,21.0
916.4313486905537,51.0,5.0,1.0,2.0,0.0,21.0
916.4325251611419,51.0,5.0,1.0,2.0,0.0,21.0
916.7325251611419,51.0,5.0,1.0,2.0,0.0,21.0
916.7337016317301,51.0,5.0,1.0,2.0,0.0,21.0
917.0337016317301,51.0,5.0,1.0,2.0,0.0,21.0
917.0348781023183,51.0,5.0,1.0,2.0,0.0,21.0
917.3348781023183,51.0,5.0,1.0,2.0,0.0,21.0
917.3360545729065,51.0,5.0,1.0,2.0,0.0,21.0
917.6360545729065,51.0,5.0,1.0,2.0,0.0,21.0
917.6372310434947,51.0,5.0,1.0,2.0,0.0,21.0
917.9372310434946,51.0,5.0,1.0,2.0,0.0,21.0
917.9384075140829,51.0,5.0,1.0,2.0,0.0,21.0
918.2384075140828,51.0,5.0,1.0,2.0,0.0,21.0
918.2395839846711,51.0,5.0,1.0,2.0,0.0,21.0
918.539583984671,51.0,5.0,1.0,2.0,0.0,21.0
918.5407604552593,52.0,5.0,1.0,2.0,0.0,21.0
918.8407604552592,52.0,5.0,1.0,2.0,0.0,21.0
918.8419143014131,52.0,5.0,1.0,2.0,0.0,21.0
919.1419143014131,52.0,5.0,1.0,2.0,0.0,21.0
919.143068147567,52.0,5.0,1.0,2.0,0.0,21.0
919.4430681475669,52.0,5.0,1.0,2.0,0.0,21.0
919.4442219937208,52.0,5.0,1.0,2.0,0.0,21.0
919.7442219937208,52.0,5.0,1.0,2.0,0.0,21.0
919.7453758398747,52.0,5.0,1.0,2.0,0.0,21.0
920.0453758398746,52.0,5.0,1.0,2.0,0.0,21.0
920.0465296860285,52.0,5.0,1.0,2.0,0.0,21.0
920.3465296860285,52.0,5.0,1.0,2.0,0.0,21.0
920.3476835321824,52.0,5.0,1.0,2.0,0.0,21.0
920.6476835321823,52.0,5.0,1.0,2.0,0.0,21.0
920.6488373783362,52.0,5.0,1.0,2.0,0.0,21.0
920.9488373783362,52.0,5.0,1.0,2.0,0.0,21.0
920.9499912244901,52.0,5.0,1.0,2.0,0.0,21.0
921.24999122449,52.0,5.0,1.0,2.0,0.0,21.0
921.2511450706439,52.0,5.0,1.0,2.0,0.0,21.0
921.5511450706439,52.0,5.0,1.0,2.0,0.0,21.0
921.5522989167978,52.0,5.0,1.0,2.0,0.0,21.0
921.8522989167977,52.0,5.0,1.0,2.0,0.0,21.0
921.8534527629516,52.0,5.0,1.0,2.0,0.0,21.0
922.1534527629516,52.0,5.0,1.0,2.0,0.0,21.0
922.1546066091055,52.0,5.0,1.0,2.0,0.0,21.0
922.4546066091054,52.0,5.0,1.0,2.0,0.0,21.0
922.4557604552593,52.0,5.0,1.0,2.0,0.0,21.0
922.7557604552593,52.0,5.0,1.0,2.0,0.0,21.0
922.7569143014132,52.0,5.0,1.0,2.0,0.0,21.0
923.0569143014131,52.0,5.0,1.0,2.0,0.0,21.0
923.058068147567,52.0,5.0,1.0,2.0,0.0,21.0
923.358068147567,52.0,5.0,1.0,2.0,0.0,21.0
923.3592219937209,52.0,5.0,1.0,2.0,0.0,21.0
923.6592219937208,52.0,5.0,1.0,2.0,0.0,21.0
923.6603758398747,52.0,5.0,1.0,2.0,0.0,21.0
923.9603758398747,52.0,5.0,1.0,2.0,0.0,21.0
923.9615296860286,52.0,5.0,1.0,2.0,0.0,21.0
924.2615296860286,52.0,5.0,1.0,2.0,0.0,21.0
924.2626835321825,52.0,5.0,1.0,2.0,0.0,21.0
924.5626835321824,52.0,5.0,1.0,2.0,0.0,21.0
924.5638373783363,52.0,5.0,1.0,2.0,0.0,21.0
924.8638373783363,52.0,5.0,1.0,2.0,0.0,21.0
924.8649912244902,52.0,5.0,1.0,2.0,0.0,21.0
925.1649912244901,52.0,5.0,1.0,2.0,0.0,21.0
925.166145070644,52.0,5.0,1.0,2.0,0.0,21.0
925.466145070644,52.0,5.0,1.0,2.0,0.0,21.0
925.4672989167979,52.0,5.0,1.0,2.0,0.0,21.0
925.7672989167978,52.0,5.0,1.0,2.0,0.0,21.0
925.7684527629517,52.0,5.0,1.0,2.0,0.0,21.0
926.0684527629517,52.0,5.0,1.0,2.0,0.0,21.0
926.0696066091056,52.0,5.0,1.0,2.0,0.0,21.0
926.3696066091055,52.0,5.0,1.0,2.0,0.0,21.0
926.3707604552594,52.0,5.0,1.0,2.0,0.0,21.0
926.6707604552594,52.0,5.0,1.0,2.0,0.0,21.0
926.6719143014133,52.0,5.0,1.0,2.0,0.0,21.0
926.9719143014132,52.0,5.0,1.0,2.0,0.0,21.0
926.9730681475671,52.0,5.0,1.0,2.0,0.0,21.0
927.2730681475671,52.0,5.0,1.0,2.0,0.0,21.0
927.274221993721,52.0,5.0,1.0,2.0,0.0,21.0
927.5742219937209,52.0,5.0,1.0,2.0,0.0,21.0
927.5753758398748,52.0,5.0,1.0,2.0,0.0,21.0
927.8753758398748,52.0,5.0,1.0,2.0,0.0,21.0
927.8765296860287,52.0,5.0,1.0,2.0,0.0,21.0
928.1765296860286,52.0,5.0,1.0,2.0,0.0,21.0
928.1776835321825,52.0,5.0,1.0,2.0,0.0,21.0
928.4776835321825,52.0,5.0,1.0,2.0,0.0,21.0
928.4788373783364,52.0,5.0,1.0,2.0,0.0,21.0
928.7788373783363,52.0,5.0,1.0,2.0,0.0,21.0
928.7799912244902,52.0,5.0,1.0,2.0,0.0,21.0
929.0799912244902,52.0,5.0,1.0,2.0,0.0,21.0
929.0811450706441,52.0,5.0,1.0,2.0,0.0,21.0
929.381145070644,52.0,5.0,1.0,2.0,0.0,21.0
929.3822989167979,52.0,5.0,1.0,2.0,0.0,21.0
929.6822989167979,52.0,5.0,1.0,2.0,0.0,21.0
929.6834527629518,52.0,5.0,1.0,2.0,0.0,21.0
929.9834527629517,52.0,5.0,1.0,2.0,0.0,21.0
929.9846066091056,52.0,5.0,1.0,2.0,0.0,21.0
930.2846066091056,52.0,5.0,1.0,2.0,0.0,21.0
930.2857604552595,52.0,5.0,1.0,2.0,0.0,21.0
930.5857604552594,52.0,5.0,1.0,2.0,0.0,21.0
930.5869143014133,52.0,5.0,1.0,2.0,0.0,21.0
930.8869143014133,52.0,5.0,1.0,2.0,0.0,21.0
930.8880681475672,52.0,5.0,1.0,2.0,0.0,21.0
931.1880681475672,52.0,5.0,1.0,2.0,0.0,21.0
931.189221993721,52.0,5.0,1.0,2.0,0.0,21.0
931.489221993721,52.0,5.0,1.0,2.0,0.0,21.0
931.4903758398749,52.0,5.0,1.0,2.0,0.0,21.0
931.7903758398749,52.0,5.0,1.0,2.0,0.0,21.0
931.7915296860288,52.0,5.0,1.0,2.0,0.0,21.0
932.0915296860287,52.0,5.0,1.0,2.0,0.0,21.0
932.0926835321826,52.0,5.0,1.0,2.0,0.0,21.0
932.3926835321826,52.0,5.0,1.0,2.0,0.0,21.0
932.3938373783365,52.0,5.0,1.0,2.0,0.0,21.0
932.6938373783364,52.0,5.0,1.0,2.0,0.0,21.0
932.6949912244903,52.0,5.0,1.0,2.0,0.0,21.0
932.9949912244903,52.0,5.0,1.0,2.0,0.0,21.0
932.9961450706442,52.0,5.0,1.0,2.0,0.0,21.0
933.2961450706441,52.0,5.0,1.0,2.0,0.0,21.0
933.297298916798,52.0,5.0,1.0,2.0,0.0,21.0
933.597298916798,52.0,5.0,1.0,2.0,0.0,21.0
933.5984527629519,52.0,5.0,1.0,2.0,0.0,21.0
933.8984527629518,52.0,5.0,1.0,2.0,0.0,21.0
933.8996066091057,52.0,5.0,1.0,2.0,0.0,21.0
934.1996066091057,52.0,5.0,1.0,2.0,0.0,21.0
934.2007604552596,52.0,5.0,1.0,2.0,0.0,21.0
934.5007604552595,52.0,5.0,1.0,2.0,0.0,21.0
934.5019143014134,52.0,5.0,1.0,2.0,0.0,21.0
934.8019143014134,52.0,5.0,1.0,2.0,0.0,21.0
934.8030681475673,52.0,5.0,1.0,2.0,0.0,21.0
935.1030681475672,52.0,5.0,1.0,2.0,0.0,21.0
935.1042219937211,52.0,5.0,1.0,2.0,0.0,21.0
935.4042219937211,52.0,5.0,1.0,2.0,0.0,21.0
935.405375839875,52.0,5.0,1.0,2.0,0.0,21.0
935.7053758398749,52.0,5.0,1.0,2.0,0.0,21.0
935.7065296860288,52.0,5.0,1.0,2.0,0.0,21.0
936.0065296860288,52.0,5.0,1.0,2.0,0.0,21.0
936.0076835321827,52.0,5.0,1.0,2.0,0.0,21.0
936.3076835321826,52.0,5.0,1.0,2.0,0.0,21.0
936.3088373783365,52.0,5.0,1.0,2.0,0.0,21.0
936.6088373783365,52.0,5.0,1.0,2.0,0.0,21.0
936.6099912244904,52.0,5.0,1.0,2.0,0.0,21.0
936.9099912244903,52.0,5.0,1.0,2.0,0.0,21.0
936.9111450706442,52.0,5.0,1.0,2.0,0.0,21.0
937.2111450706442,52.0,5.0,1.0,2.0,0.0,21.0
937.2122989167981,52.0,5.0,1.0,2.0,0.0,21.0
937.512298916798,52.0,5.0,1.0,2.0,0.0,21.0
937.5134527629519,52.0,5.0,1.0,2.0,0.0,21.0
937.8134527629519,52.0,5.0,1.0,2.0,0.0,21.0
937.8146066091058,52.0,5.0,1.0,2.0,0.0,21.0
938.1146066091057,52.0,5.0,1.0,2.0,0.0,21.0
938.1157604552596,52.0,5.0,1.0,2.0,0.0,21.0
938.4157604552596,52.0,5.0,1.0,2.0,0.0,21.0
938.4169143014135,52.0,5.0,1.0,2.0,0.0,21.0
938.7169143014135,52.0,5.0,1.0,2.0,0.0,21.0
938.7180681475674,52.0,5.0,1.0,2.0,0.0,21.0
939.0180681475673,52.0,5.0,1.0,2.0,0.0,21.0
939.0192219937212,52.0,5.0,1.0,2.0,0.0,21.0
939.3192219937212,52.0,5.0,1.0,2.0,0.0,21.0
939.320375839875,52.0,5.0,1.0,2.0,0.0,21.0
939.620375839875,52.0,5.0,1.0,2.0,0.0,21.0
939.6215296860289,52.0,5.0,1.0,2.0,0.0,21.0
939.9215296860289,52.0,5.0,1.0,2.0,0.0,21.0
939.9226835321828,52.0,5.0,1.0,2.0,0.0,21.0
940.2226835321827,52.0,5.0,1.0,2.0,0.0,21.0
940.2238373783366,52.0,5.0,1.0,2.0,0.0,21.0
940.5238373783366,52.0,5.0,1.0,2.0,0.0,21.0
940.5249912244905,52.0,5.0,1.0,2.0,0.0,21.0
940.8249912244904,52.0,5.0,1.0,2.0,0.0,21.0
940.8261450706443,52.0,5.0,1.0,2.0,0.0,21.0
941.1261450706443,52.0,5.0,1.0,2.0,0.0,21.0
941.1272989167982,52.0,5.0,1.0,2.0,0.0,21.0
941.4272989167981,52.0,5.0,1.0,2.0,0.0,21.0
941.428452762952,52.0,5.0,6.0,2.0,0.0,21.0
941.728452762952,52.0,5.0,6.0,2.0,0.0,21.0
941.7296066091059,52.0,5.0,6.0,2.0,0.0,21.0
942.0296066091058,52.0,5.0,6.0,2.0,0.0,21.0
942.0307604552597,52.0,5.0,6.0,2.0,0.0,21.0
942.3307604552597,52.0,5.0,6.0,2.0,0.0,21.0
942.3319143014136,52.0,5.0,6.0,2.0,0.0,21.0
942.6319143014135,52.0,5.0,6.0,2.0,0.0,21.0
942.6330681475674,52.0,5.0,6.0,2.0,0.0,21.0
942.9330681475674,52.0,5.0,6.0,2.0,0.0,21.0
942.9342219937213,52.0,5.0,6.0,2.0,0.0,21.0
943.2342219937212,52.0,5.0,6.0,2.0,0.0,21.0
943.2353758398751,52.0,5.0,6.0,2.0,0.0,21.0
943.5353758398751,52.0,5.0,6.0,2.0,0.0,21.0
943.536529686029,52.0,5.0,6.0,2.0,0.0,21.0
943.8365296860289,52.0,5.0,6.0,2.0,0.0,21.0
943.8376835321828,52.0,5.0,6.0,2.0,0.0,21.0
944.1376835321828,52.0,5.0,6.0,2.0,0.0,21.0
944.1388373783367,52.0,5.0,6.0,2.0,0.0,21.0
944.4388373783366,52.0,5.0,6.0,2.0,0.0,21.0
944.4399912244905,52.0,5.0,6.0,2.0,0.0,21.0
944.7399912244905,52.0,5.0,6.0,2.0,0.0,21.0
944.7411450706444,52.0,5.0,6.0,2.0,0.0,21.0
945.0411450706443,52.0,5.0,6.0,2.0,0.0,21.0
945.0422989167982,52.0,5.0,6.0,2.0,0.0,21.0
945.3422989167982,52.0,5.0,6.0,2.0,0.0,21.0
945.3434527629521,52.0,5.0,6.0,2.0,0.0,21.0
945.643452762952,52.0,5.0,6.0,2.0,0.0,21.0
945.644606609106,52.0,5.0,6.0,2.0,0.0,21.0
945.9446066091059,52.0,5.0,6.0,2.0,0.0,21.0
945.9457604552598,52.0,5.0,6.0,2.0,0.0,21.0
946.2457604552598,52.0,5.0,6.0,2.0,0.0,21.0
946.2469143014137,53.0,5.0,6.0,2.0,0.0,21.0
946.5469143014136,53.0,5.0,6.0,2.0,0.0,21.0
946.5480463768853,53.0,5.0,6.0,2.0,0.0,21.0
946.8480463768852,53.0,5.0,6.0,2.0,0.0,21.0
946.8491784523569,53.0,5.0,4.0,2.0,1.0,21.0
947.1491784523569,53.0,5.0,4.0,2.0,1.0,21.0
947.1503105278285,53.0,5.0,4.0,2.0,1.0,21.0
947.4503105278285,53.0,5.0,4.0,2.0,1.0,21.0
947.4514426033002,53.0,5.0,4.0,2.0,1.0,21.0
947.7514426033001,53.0,5.0,4.0,2.0,1.0,21.0
947.7525746787718,53.0,5.0,4.0,2.0,1.0,21.0
948.0525746787717,53.0,5.0,4.0,2.0,1.0,21.0
948.0537067542434,53.0,5.0,4.0,2.0,1.0,21.0
948.3537067542434,53.0,5.0,4.0,2.0,1.0,21.0
948.354838829715,53.0,5.0,4.0,2.0,1.0,21.0
948.654838829715,53.0,5.0,4.0,2.0,1.0,21.0
948.6559709051867,53.0,5.0,4.0,2.0,1.0,21.0
948.9559709051866,53.0,5.0,4.0,2.0,1.0,21.0
948.9571029806583,53.0,5.0,4.0,2.0,0.0,21.0
949.2571029806583,53.0,5.0,4.0,2.0,0.0,21.0
949.2582350561299,53.0,5.0,4.0,2.0,0.0,21.0
949.5582350561299,53.0,5.0,4.0,2.0,0.0,21.0
949.5593671316016,53.0,5.0,4.0,2.0,0.0,21.0
949.8593671316015,53.0,5.0,4.0,2.0,0.0,21.0
949.8604992070732,53.0,5.0,4.0,2.0,0.0,21.0
950.1604992070731,53.0,5.0,4.0,2.0,0.0,21.0
950.1616312825448,53.0,5.0,4.0,2.0,0.0,21.0
950.4616312825448,53.0,5.0,4.0,2.0,0.0,21.0
950.4627633580164,53.0,5.0,4.0,2.0,0.0,21.0
950.7627633580164,53.0,5.0,4.0,2.0,0.0,21.0
950.7638954334881,53.0,5.0,4.0,2.0,0.0,21.0
951.063895433488,53.0,5.0,4.0,2.0,0.0,21.0
951.0650275089597,53.0,5.0,4.0,2.0,0.0,21.0
951.3650275089597,53.0,5.0,4.0,2.0,0.0,21.0
951.3661595844313,53.0,5.0,4.0,2.0,0.0,21.0
951.6661595844313,53.0,5.0,4.0,2.0,0.0,21.0
951.667291659903,53.0,5.0,4.0,2.0,0.0,21.0
951.9672916599029,53.0,5.0,4.0,2.0,0.0,21.0
951.9684237353746,53.0,5.0,4.0,2.0,0.0,21.0
952.2684237353745,53.0,5.0,4.0,2.0,0.0,21.0
952.2695558108462,53.0,5.0,4.0,2.0,0.0,21.0
952.5695558108462,53.0,5.0,4.0,2.0,0.0,21.0
952.5706878863178,53.0,5.0,4.0,7.0,0.0,21.0
952.8706878863178,53.0,5.0,4.0,7.0,0.0,21.0
952.8718199617895,53.0,5.0,4.0,7.0,0.0,21.0
953.1718199617894,53.0,5.0,4.0,7.0,0.0,21.0
953.1729520372611,53.0,5.0,4.0,7.0,0.0,21.0
953.472952037261,53.0,5.0,4.0,7.0,0.0,21.0
953.4740841127327,53.0,5.0,4.0,7.0,0.0,21.0
953.7740841127327,53.0,5.0,4.0,7.0,0.0,21.0
953.7752161882044,53.0,5.0,4.0,7.0,0.0,21.0
954.0752161882043,53.0,5.0,4.0,7.0,0.0,21.0
954.076348263676,53.0,5.0,4.0,7.0,0.0,21.0
954.3763482636759,53.0,5.0,4.0,7.0,0.0,21.0
954.3774803391476,53.0,5.0,4.0,7.0,0.0,21.0
954.6774803391476,53.0,5.0,4.0,7.0,0.0,21.0
954.6786124146192,53.0,5.0,4.0,7.0,0.0,21.0
954.9786124146192,53.0,5.0,4.0,7.0,0.0,21.0
954.9797444900909,53.0,5.0,4.0,7.0,0.0,21.0
955.2797444900908,53.0,5.0,4.0,7.0,0.0,21.0
955.2808765655625,53.0,5.0,4.0,7.0,0.0,21.0
955.5808765655624,53.0,5.0,4.0,7.0,0.0,21.0
955.5820086410341,53.0,5.0,4.0,7.0,0.0,21.0
955.8820086410341,53.0,5.0,4.0,7.0,0.0,21.0
955.8831407165057,53.0,5.0,4.0,7.0,0.0,21.0
956.1831407165057,53.0,5.0,4.0,7.0,0.0,21.0
956.1842727919774,53.0,5.0,4.0,7.0,0.0,21.0
956.4842727919773,53.0,5.0,4.0,7.0,0.0,21.0
956.485404867449,53.0,5.0,4.0,7.0,0.0,21.0
956.785404867449,53.0,5.0,4.0,7.0,0.0,21.0
956.7865369429206,53.0,5.0,4.0,7.0,0.0,21.0
957.0865369429206,53.0,5.0,4.0,7.0,0.0,21.0
957.0876690183923,53.0,5.0,4.0,7.0,0.0,21.0
957.3876690183922,53.0,5.0,4.0,7.0,0.0,21.0
957.3888010938639,53.0,5.0,4.0,7.0,0.0,21.0
957.6888010938638,53.0,5.0,4.0,7.0,0.0,21.0
957.6899331693355,53.0,5.0,4.0,7.0,0.0,21.0
957.9899331693355,53.0,5.0,4.0,7.0,0.0,21.0
957.9910652448071,53.0,5.0,4.0,7.0,0.0,21.0
958.2910652448071,53.0,5.0,4.0,7.0,0.0,21.0
958.2921973202788,53.0,5.0,4.0,7.0,0.0,21.0
958.5921973202787,53.0,5.0,4.0,7.0,0.0,21.0
958.5933293957504,53.0,5.0,4.0,7.0,0.0,21.0
958.8933293957504,53.0,5.0,4.0,7.0,0.0,21.0
958.894461471222,53.0,5.0,4.0,7.0,0.0,21.0
959.194461471222,53.0,5.0,4.0,7.0,0.0,21.0
959.1955935466937,53.0,5.0,4.0,7.0,0.0,21.0
959.4955935466936,53.0,5.0,4.0,7.0,0.0,21.0
959.4967256221653,53.0,5.0,4.0,7.0,0.0,21.0
959.7967256221652,53.0,5.0,4.0,7.0,0.0,21.0
959.7978576976369,53.0,5.0,4.0,7.0,0.0,21.0
960.0978576976369,53.0,5.0,4.0,7.0,0.0,21.0
960.0989897731085,53.0,5.0,4.0,7.0,0.0,21.0
960.3989897731085,53.0,5.0,4.0,7.0,0.0,21.0
960.4001218485802,53.0,5.0,4.0,7.0,0.0,21.0
960.7001218485801,53.0,5.0,4.0,7.0,0.0,21.0
960.7012539240518,53.0,5.0,4.0,7.0,0.0,21.0
961.0012539240518,53.0,5.0,4.0,7.0,0.0,21.0
961.0023859995234,53.0,5.0,4.0,7.0,0.0,21.0
961.3023859995234,53.0,5.0,4.0,7.0,0.0,21.0
961.303518074995,53.0,5.0,4.0,7.0,0.0,21.0
961.603518074995,53.0,5.0,4.0,7.0,0.0,21.0
961.6046501504667,53.0,5.0,4.0,7.0,0.0,21.0
961.9046501504666,53.0,5.0,4.0,7.0,0.0,21.0
961.9057822259383,53.0,5.0,4.0,5.0,0.0,22.0
962.2057822259383,53.0,5.0,4.0,5.0,0.0,22.0
962.2069143014099,53.0,5.0,4.0,5.0,0.0,22.0
962.5069143014099,53.0,5.0,4.0,5.0,0.0,22.0
962.5080463768816,53.0,5.0,4.0,5.0,0.0,22.0
962.8080463768815,53.0,5.0,4.0,5.0,0.0,22.0
962.8091784523532,53.0,5.0,4.0,5.0,0.0,22.0
963.1091784523531,53.0,5.0,4.0,5.0,0.0,22.0
963.1103105278248,53.0,5.0,4.0,5.0,0.0,22.0
963.4103105278248,53.0,5.0,4.0,5.0,0.0,22.0
963.4114426032965,53.0,5.0,4.0,5.0,0.0,22.0
963.7114426032964,53.0,5.0,4.0,5.0,0.0,22.0
963.7125746787681,53.0,5.0,4.0,5.0,0.0,22.0
964.012574678768,53.0,5.0,4.0,5.0,0.0,22.0
964.0137067542397,53.0,5.0,4.0,5.0,0.0,22.0
964.3137067542397,53.0,5.0,4.0,5.0,0.0,22.0
964.3148388297113,53.0,5.0,4.0,5.0,0.0,22.0
964.6148388297113,53.0,5.0,4.0,5.0,0.0,22.0
964.615970905183,53.0,5.0,4.0,5.0,0.0,22.0
964.9159709051829,53.0,5.0,4.0,5.0,0.0,22.0
964.9171029806546,53.0,5.0,4.0,5.0,0.0,22.0
965.2171029806545,53.0,5.0,4.0,5.0,0.0,22.0
965.2182350561262,53.0,5.0,4.0,5.0,0.0,22.0
965.5182350561262,53.0,5.0,4.0,5.0,0.0,22.0
965.5193671315978,53.0,5.0,4.0,5.0,0.0,22.0
965.8193671315978,53.0,5.0,4.0,5.0,0.0,22.0
965.8204992070695,53.0,5.0,4.0,5.0,0.0,22.0
966.1204992070694,53.0,5.0,4.0,5.0,0.0,22.0
966.1216312825411,53.0,5.0,4.0,5.0,0.0,22.0
966.4216312825411,53.0,5.0,4.0,5.0,0.0,22.0
966.4227633580127,53.0,5.0,4.0,5.0,0.0,22.0
966.7227633580127,53.0,5.0,4.0,5.0,0.0,22.0
966.7238954334844,53.0,5.0,4.0,5.0,0.0,22.0
967.0238954334843,53.0,5.0,4.0,5.0,0.0,22.0
967.025027508956,53.0,5.0,4.0,5.0,0.0,22.0
967.3250275089559,53.0,5.0,4.0,5.0,0.0,22.0
967.3261595844276,53.0,5.0,4.0,5.0,0.0,22.0
967.6261595844276,53.0,5.0,4.0,5.0,0.0,22.0
967.6272916598992,53.0,5.0,4.0,5.0,0.0,22.0
967.9272916598992,53.0,5.0,4.0,5.0,0.0,22.0
967.9284237353709,53.0,5.0,4.0,5.0,0.0,22.0
968.2284237353708,53.0,5.0,4.0,5.0,0.0,22.0
968.2295558108425,53.0,5.0,4.0,5.0,0.0,22.0
968.5295558108425,53.0,5.0,4.0,5.0,0.0,22.0
968.5306878863141,53.0,5.0,4.0,5.0,0.0,22.0
968.8306878863141,53.0,5.0,4.0,5.0,0.0,22.0
968.8318199617858,53.0,5.0,4.0,5.0,0.0,22.0
969.1318199617857,53.0,5.0,4.0,5.0,0.0,22.0
969.1329520372574,53.0,5.0,4.0,5.0,0.0,22.0
969.4329520372573,53.0,5.0,4.0,5.0,0.0,22.0
969.434084112729,53.0,5.0,4.0,5.0,0.0,22.0
969.734084112729,53.0,5.0,4.0,5.0,0.0,22.0
969.7352161882006,53.0,5.0,4.0,5.0,0.0,22.0
970.0352161882006,53.0,5.0,4.0,5.0,0.0,22.0
970.0363482636723,53.0,5.0,4.0,5.0,0.0,22.0
970.3363482636722,53.0,5.0,4.0,5.0,0.0,22.0
970.3374803391439,53.0,5.0,4.0,5.0,0.0,22.0
970.6374803391438,53.0,5.0,4.0,5.0,0.0,22.0
970.6386124146155,53.0,5.0,4.0,5.0,0.0,22.0
970.9386124146155,53.0,5.0,4.0,5.0,0.0,22.0
970.9397444900872,53.0,5.0,4.0,5.0,0.0,22.0
971.2397444900871,53.0,5.0,4.0,5.0,0.0,22.0
971.2408765655588,53.0,5.0,4.0,5.0,0.0,22.0
971.5408765655587,53.0,5.0,4.0,5.0,0.0,22.0
971.5420086410304,53.0,5.0,4.0,5.0,0.0,22.0
971.8420086410304,53.0,5.0,4.0,5.0,0.0,22.0
971.843140716502,53.0,5.0,4.0,5.0,0.0,22.0
972.143140716502,53.0,5.0,4.0,5.0,0.0,22.0
972.1442727919737,53.0,5.0,4.0,5.0,0.0,22.0
972.4442727919736,53.0,5.0,4.0,5.0,0.0,22.0
972.4454048674453,53.0,5.0,4.0,5.0,0.0,22.0
972.7454048674452,53.0,5.0,4.0,5.0,0.0,22.0
972.7465369429169,53.0,5.0,4.0,5.0,0.0,22.0
973.0465369429169,53.0,5.0,4.0,5.0,0.0,22.0
973.0476690183885,53.0,5.0,4.0,5.0,0.0,22.0
973.3476690183885,53.0,5.0,4.0,5.0,0.0,22.0
973.3488010938602,54.0,5.0,4.0,5.0,0.0,22.0
973.6488010938601,54.0,5.0,4.0,5.0,0.0,22.0
973.6499122049712,54.0,5.0,4.0,5.0,0.0,22.0
973.9499122049712,54.0,5.0,4.0,5.0,0.0,22.0
973.9510233160822,54.0,5.0,4.0,5.0,0.0,22.0
974.2510233160822,54.0,5.0,4.0,5.0,0.0,22.0
974.2521344271933,54.0,5.0,4.0,5.0,0.0,22.0
974.5521344271932,54.0,5.0,4.0,5.0,0.0,22.0
974.5532455383043,54.0,5.0,4.0,5.0,0.0,22.0
974.8532455383042,54.0,5.0,4.0,5.0,0.0,22.0
974.8543566494153,54.0,5.0,4.0,5.0,0.0,22.0
975.1543566494153,54.0,5.0,4.0,5.0,0.0,22.0
975.1554677605263,54.0,5.0,4.0,5.0,0.0,22.0
975.4554677605263,54.0,5.0,4.0,5.0,0.0,22.0
975.4565788716374,54.0,5.0,4.0,5.0,0.0,22.0
975.7565788716373,54.0,5.0,4.0,5.0,0.0,22.0
975.7576899827484,54.0,5.0,4.0,5.0,0.0,22.0
976.0576899827483,54.0,5.0,4.0,5.0,0.0,22.0
976.0588010938594,54.0,5.0,4.0,5.0,0.0,22.0
976.3588010938594,54.0,5.0,4.0,5.0,0.0,22.0
976.3599122049704,54.0,5.0,4.0,5.0,0.0,22.0
976.6599122049704,54.0,5.0,4.0,5.0,0.0,22.0
976.6610233160815,54.0,5.0,4.0,5.0,0.0,22.0
976.9610233160814,54.0,5.0,4.0,5.0,0.0,22.0
976.9621344271925,54.0,5.0,4.0,5.0,0.0,22.0
977.2621344271924,54.0,5.0,4.0,5.0,0.0,22.0
977.2632455383035,54.0,5.0,4.0,5.0,0.0,22.0
977.5632455383035,54.0,5.0,4.0,5.0,0.0,22.0
977.5643566494145,54.0,5.0,4.0,5.0,0.0,22.0
977.8643566494145,54.0,5.0,4.0,5.0,0.0,22.0
977.8654677605256,54.0,5.0,4.0,5.0,0.0,22.0
978.1654677605255,54.0,5.0,4.0,5.0,0.0,22.0
978.1665788716366,54.0,5.0,4.0,5.0,0.0,22.0
978.4665788716366,54.0,5.0,4.0,5.0,0.0,22.0
978.4676899827476,54.0,5.0,4.0,5.0,0.0,22.0
978.7676899827476,54.0,5.0,4.0,5.0,0.0,22.0
978.7688010938587,54.0,5.0,4.0,5.0,0.0,22.0
979.0688010938586,54.0,5.0,4.0,5.0,0.0,22.0
979.0699122049697,54.0,5.0,4.0,5.0,0.0,22.0
979.3699122049696,54.0,5.0,4.0,5.0,0.0,22.0
979.3710233160807,54.0,5.0,4.0,5.0,0.0,22.0
979.6710233160807,54.0,5.0,4.0,5.0,0.0,22.0
979.6721344271917,54.0,5.0,4.0,5.0,0.0,22.0
979.9721344271917,54.0,5.0,4.0,5.0,0.0,22.0
979.9732455383028,54.0,5.0,4.0,5.0,0.0,22.0
980.2732455383027,54.0,5.0,4.0,5.0,0.0,22.0
980.2743566494138,54.0,5.0,4.0,5.0,0.0,22.0
980.5743566494137,54.0,5.0,4.0,5.0,0.0,22.0
980.5754677605248,54.0,5.0,2.0,5.0,1.0,22.0
980.8754677605248,54.0,5.0,2.0,5.0,1.0,22.0
980.8765788716358,54.0,5.0,2.0,5.0,1.0,22.0
981.1765788716358,54.0,5.0,2.0,5.0,1.0,22.0
981.1776899827469,54.0,5.0,2.0,5.0,1.0,22.0
981.4776899827468,54.0,5.0,2.0,5.0,1.0,22.0
981.4788010938579,54.0,5.0,2.0,5.0,1.0,22.0
981.7788010938579,54.0,5.0,2.0,5.0,1.0,22.0
981.7799122049689,54.0,5.0,2.0,5.0,1.0,22.0
982.0799122049689,54.0,5.0,2.0,5.0,1.0,22.0
982.08102331608,54.0,5.0,2.0,5.0,1.0,22.0
982.3810233160799,54.0,5.0,2.0,5.0,1.0,22.0
982.382134427191,55.0,5.0,2.0,5.0,1.0,22.0
982.6821344271909,55.0,5.0,2.0,5.0,1.0,22.0
982.6832253362818,55.0,5.0,2.0,5.0,1.0,22.0
982.9832253362817,55.0,5.0,2.0,5.0,1.0,22.0
982.9843162453726,55.0,5.0,2.0,5.0,1.0,22.0
983.2843162453726,55.0,5.0,2.0,5.0,1.0,22.0
983.2854071544634,55.0,5.0,2.0,5.0,1.0,22.0
983.5854071544634,55.0,5.0,2.0,5.0,1.0,22.0
983.5864980635542,55.0,5.0,2.0,5.0,1.0,22.0
983.8864980635542,55.0,5.0,2.0,5.0,1.0,22.0
983.8875889726451,55.0,5.0,2.0,5.0,1.0,22.0
984.187588972645,55.0,5.0,2.0,5.0,1.0,22.0
984.1886798817359,55.0,5.0,2.0,5.0,1.0,22.0
984.4886798817358,55.0,5.0,2.0,5.0,1.0,22.0
984.4897707908267,55.0,5.0,2.0,5.0,1.0,22.0
984.7897707908267,55.0,5.0,2.0,5.0,1.0,22.0
984.7908616999175,55.0,5.0,2.0,5.0,1.0,22.0
985.0908616999175,55.0,5.0,2.0,5.0,1.0,22.0
985.0919526090083,55.0,5.0,2.0,5.0,1.0,22.0
985.3919526090083,55.0,5.0,2.0,5.0,1.0,22.0
985.3930435180991,55.0,5.0,2.0,5.0,1.0,22.0
985.6930435180991,55.0,5.0,2.0,5.0,1.0,22.0
985.69413442719,55.0,5.0,2.0,5.0,1.0,22.0
985.9941344271899,55.0,5.0,2.0,5.0,1.0,22.0
985.9952253362808,55.0,5.0,2.0,5.0,1.0,22.0
986.2952253362807,55.0,5.0,2.0,5.0,1.0,22.0
986.2963162453716,55.0,5.0,2.0,5.0,1.0,22.0
986.5963162453716,55.0,5.0,2.0,5.0,1.0,22.0
986.5974071544624,55.0,5.0,2.0,5.0,1.0,22.0
986.8974071544624,55.0,5.0,2.0,5.0,1.0,22.0
986.8984980635532,55.0,5.0,2.0,5.0,1.0,22.0
987.1984980635532,55.0,5.0,2.0,5.0,1.0,22.0
987.199588972644,55.0,5.0,2.0,5.0,1.0,22.0
987.499588972644,55.0,5.0,2.0,5.0,1.0,22.0
987.5006798817349,55.0,5.0,2.0,5.0,1.0,22.0
987.8006798817348,55.0,5.0,2.0,5.0,1.0,22.0
987.8017707908257,55.0,5.0,2.0,5.0,1.0,22.0
988.1017707908256,55.0,5.0,2.0,5.0,1.0,22.0
988.1028616999165,55.0,5.0,2.0,5.0,1.0,22.0
988.4028616999165,55.0,5.0,2.0,5.0,1.0,22.0
988.4039526090073,55.0,5.0,2.0,5.0,1.0,22.0
988.7039526090073,55.0,5.0,2.0,5.0,1.0,22.0
988.7050435180981,55.0,5.0,2.0,5.0,1.0,22.0
989.0050435180981,55.0,5.0,2.0,5.0,1.0,22.0
989.006134427189,55.0,5.0,2.0,5.0,1.0,22.0
989.3061344271889,55.0,5.0,2.0,5.0,1.0,22.0
989.3072253362798,55.0,5.0,2.0,5.0,1.0,22.0
989.6072253362797,55.0,5.0,2.0,5.0,1.0,22.0
989.6083162453706,55.0,5.0,2.0,5.0,1.0,22.0
989.9083162453705,55.0,5.0,2.0,5.0,1.0,22.0
989.9094071544614,55.0,5.0,2.0,5.0,1.0,22.0
990.2094071544614,55.0,5.0,2.0,5.0,1.0,22.0
990.2104980635522,55.0,5.0,2.0,5.0,1.0,22.0
990.5104980635522,55.0,5.0,2.0,5.0,1.0,22.0
990.511588972643,55.0,5.0,2.0,5.0,1.0,22.0
990.811588972643,55.0,5.0,2.0,5.0,1.0,22.0
990.8126798817339,55.0,5.0,2.0,5.0,1.0,22.0
991.1126798817338,55.0,5.0,2.0,5.0,1.0,22.0
991.1137707908247,55.0,5.0,2.0,5.0,1.0,22.0
991.4137707908246,55.0,5.0,2.0,5.0,1.0,22.0
991.4148616999155,55.0,5.0,2.0,5.0,1.0,22.0
991.7148616999154,55.0,5.0,2.0,5.0,1.0,22.0
991.7159526090063,55.0,5.0,2.0,5.0,1.0,22.0
992.0159526090063,55.0,5.0,2.0,5.0,1.0,22.0
992.0170435180971,55.0,5.0,2.0,5.0,1.0,22.0
992.3170435180971,55.0,5.0,2.0,5.0,1.0,22.0
992.3181344271879,56.0,5.0,2.0,5.0,1.0,22.0
992.6181344271879,56.0,5.0,2.0,5.0,1.0,22.0
992.6192058557593,56.0,5.0,2.0,5.0,1.0,22.0
992.9192058557593,56.0,5.0,2.0,5.0,1.0,22.0
992.9202772843307,56.0,5.0,2.0,5.0,1.0,22.0
993.2202772843307,56.0,5.0,2.0,5.0,1.0,22.0
993.2213487129021,56.0,5.0,2.0,5.0,1.0,22.0
993.5213487129021,56.0,5.0,2.0,5.0,1.0,22.0
993.5224201414735,56.0,5.0,2.0,5.0,1.0,22.0
993.8224201414735,56.0,5.0,2.0,5.0,1.0,22.0
993.8234915700449,56.0,5.0,2.0,5.0,1.0,22.0
994.1234915700448,56.0,5.0,2.0,5.0,1.0,22.0
994.1245629986163,56.0,5.0,2.0,5.0,1.0,22.0
994.4245629986162,56.0,5.0,2.0,5.0,1.0,22.0
994.4256344271877,56.0,5.0,2.0,5.0,1.0,22.0
994.7256344271876,56.0,5.0,2.0,5.0,1.0,22.0
994.7267058557591,56.0,5.0,2.0,5.0,1.0,22.0
995.026705855759,56.0,5.0,2.0,5.0,1.0,22.0
995.0277772843305,56.0,5.0,2.0,5.0,1.0,22.0
995.3277772843304,56.0,5.0,2.0,5.0,1.0,22.0
995.3288487129018,56.0,5.0,0.0,5.0,2.0,22.0
995.6288487129018,56.0,5.0,0.0,5.0,2.0,22.0
995.6299201414732,56.0,5.0,0.0,5.0,2.0,22.0
995.9299201414732,56.0,5.0,0.0,5.0,2.0,22.0
995.9309915700446,56.0,5.0,0.0,5.0,2.0,22.0
996.2309915700446,56.0,5.0,0.0,5.0,2.0,22.0
996.232062998616,56.0,5.0,0.0,5.0,2.0,22.0
996.532062998616,56.0,5.0,0.0,5.0,2.0,22.0
996.5331344271874,56.0,5.0,0.0,5.0,2.0,22.0
996.8331344271874,56.0,5.0,0.0,5.0,2.0,22.0
996.8338162453692,56.0,5.0,0.0,5.0,2.0,22.0
997.1338162453692,56.0,5.0,0.0,5.0,2.0,22.0
997.1344980635511,56.0,5.0,0.0,5.0,2.0,22.0
997.434498063551,56.0,5.0,0.0,5.0,2.0,22.0
997.4351798817329,56.0,5.0,0.0,5.0,2.0,22.0
997.7351798817328,56.0,5.0,0.0,5.0,2.0,22.0
997.7358616999147,56.0,5.0,0.0,5.0,1.0,22.0
998.0358616999147,56.0,5.0,0.0,5.0,1.0,22.0
998.0365435180966,56.0,5.0,0.0,5.0,1.0,22.0
998.3365435180965,56.0,5.0,0.0,5.0,1.0,22.0
998.3372253362784,56.0,5.0,0.0,5.0,1.0,22.0
998.6372253362783,56.0,5.0,0.0,5.0,1.0,22.0
998.6379071544602,56.0,5.0,0.0,5.0,1.0,22.0
998.9379071544602,56.0,5.0,0.0,5.0,1.0,22.0
998.938588972642,56.0,5.0,0.0,5.0,1.0,22.0
999.238588972642,56.0,5.0,0.0,5.0,1.0,22.0
999.2392707908239,56.0,5.0,0.0,5.0,1.0,22.0
999.5392707908238,56.0,5.0,0.0,5.0,1.0,22.0
999.5399526090057,56.0,5.0,0.0,5.0,1.0,22.0
999.8399526090056,56.0,5.0,0.0,5.0,1.0,22.0
999.8406344271875,56.0,5.0,0.0,5.0,1.0,22.0
1000.1406344271875,56.0,5.0,0.0,5.0,1.0,22.0
1000.1413162453694,56.0,5.0,0.0,5.0,1.0,22.0
1000.4413162453693,56.0,5.0,0.0,5.0,1.0,22.0
1000.4419980635512,56.0,5.0,0.0,5.0,1.0,22.0
1000.7419980635511,56.0,5.0,0.0,5.0,1.0,22.0
1000.742679881733,56.0,5.0,0.0,5.0,1.0,22.0
1001.042679881733,56.0,5.0,0.0,5.0,1.0,22.0
1001.0433616999148,56.0,5.0,0.0,5.0,1.0,22.0
1001.3433616999148,56.0,5.0,0.0,5.0,1.0,22.0
1001.3440435180967,56.0,5.0,0.0,5.0,1.0,22.0
1001.6440435180966,56.0,5.0,0.0,5.0,1.0,22.0
1001.6447253362785,56.0,5.0,0.0,5.0,1.0,22.0
1001.9447253362785,56.0,5.0,0.0,5.0,1.0,22.0
1001.9454071544603,56.0,5.0,0.0,5.0,1.0,22.0
1002.2454071544603,56.0,5.0,0.0,5.0,1.0,22.0
1002.2460889726422,56.0,5.0,0.0,5.0,1.0,22.0
1002.5460889726421,56.0,5.0,0.0,5.0,1.0,22.0
1002.546770790824,56.0,5.0,0.0,5.0,1.0,22.0
1002.8467707908239,56.0,5.0,0.0,5.0,1.0,22.0
1002.8474526090058,56.0,5.0,0.0,5.0,1.0,22.0
1003.1474526090058,56.0,5.0,0.0,5.0,1.0,22.0
1003.1481344271876,56.0,5.0,0.0,5.0,1.0,22.0
1003.4481344271876,56.0,5.0,0.0,5.0,1.0,22.0
1003.4488162453695,56.0,5.0,0.0,5.0,1.0,22.0
1003.7488162453694,56.0,5.0,0.0,5.0,1.0,22.0
1003.7494980635513,56.0,5.0,0.0,5.0,1.0,22.0
1004.0494980635513,56.0,5.0,0.0,5.0,1.0,22.0
1004.0501798817331,56.0,5.0,0.0,5.0,1.0,22.0
1004.3501798817331,56.0,5.0,0.0,5.0,1.0,22.0
1004.350861699915,56.0,5.0,0.0,5.0,1.0,22.0
1004.6508616999149,56.0,5.0,0.0,5.0,1.0,22.0
1004.6515435180968,56.0,5.0,0.0,5.0,1.0,22.0
1004.9515435180967,56.0,5.0,0.0,5.0,1.0,22.0
1004.9522253362786,56.0,5.0,0.0,5.0,1.0,22.0
1005.2522253362786,56.0,5.0,0.0,5.0,1.0,22.0
1005.2529071544604,56.0,5.0,0.0,5.0,1.0,22.0
1005.5529071544604,56.0,5.0,0.0,5.0,1.0,22.0
1005.5535889726423,56.0,5.0,0.0,5.0,1.0,22.0
1005.8535889726422,56.0,5.0,0.0,5.0,1.0,22.0
1005.8542707908241,56.0,5.0,0.0,5.0,1.0,22.0
1006.1542707908241,56.0,5.0,0.0,5.0,1.0,22.0
1006.1549526090059,56.0,5.0,0.0,5.0,1.0,22.0
1006.4549526090059,56.0,5.0,0.0,5.0,1.0,22.0
1006.4556344271878,56.0,5.0,0.0,5.0,1.0,22.0
1006.7556344271877,56.0,5.0,0.0,5.0,1.0,22.0
1006.7563162453696,56.0,5.0,0.0,5.0,1.0,22.0
1007.0563162453695,56.0,5.0,0.0,5.0,1.0,22.0
1007.0569980635514,56.0,5.0,0.0,5.0,1.0,22.0
1007.3569980635514,56.0,5.0,0.0,5.0,1.0,22.0
1007.3576798817332,56.0,5.0,0.0,5.0,1.0,22.0
1007.6576798817332,56.0,5.0,0.0,5.0,1.0,22.0
1007.6583616999151,56.0,5.0,0.0,5.0,1.0,22.0
1007.958361699915,56.0,5.0,0.0,5.0,1.0,22.0
1007.9590435180969,56.0,5.0,0.0,5.0,1.0,22.0
1008.2590435180969,56.0,5.0,0.0,5.0,1.0,22.0
1008.2597253362787,56.0,5.0,0.0,5.0,1.0,22.0
1008.5597253362787,56.0,5.0,0.0,5.0,1.0,22.0
1008.5604071544606,56.0,5.0,0.0,5.0,1.0,22.0
1008.8604071544605,56.0,5.0,0.0,5.0,1.0,22.0
1008.8610889726424,56.0,5.0,0.0,5.0,1.0,22.0
1009.1610889726423,56.0,5.0,0.0,5.0,1.0,22.0
1009.1617707908242,56.0,5.0,0.0,5.0,1.0,22.0
1009.4617707908242,56.0,5.0,0.0,5.0,1.0,22.0
1009.462452609006,56.0,5.0,0.0,5.0,1.0,22.0
1009.762452609006,56.0,5.0,0.0,5.0,1.0,22.0
1009.7631344271879,56.0,5.0,0.0,5.0,1.0,22.0
1010.0631344271878,56.0,5.0,0.0,5.0,1.0,22.0
1010.0638162453697,56.0,5.0,0.0,5.0,1.0,22.0
1010.3638162453697,56.0,5.0,0.0,5.0,1.0,22.0
1010.3644980635515,56.0,5.0,0.0,5.0,1.0,22.0
1010.6644980635515,56.0,5.0,0.0,5.0,1.0,22.0
1010.6651798817334,56.0,5.0,0.0,5.0,1.0,22.0
1010.9651798817333,56.0,5.0,0.0,5.0,1.0,22.0
1010.9658616999152,56.0,5.0,0.0,5.0,1.0,22.0
1011.2658616999151,56.0,5.0,0.0,5.0,1.0,22.0
1011.266543518097,56.0,5.0,0.0,5.0,0.0,22.0
1011.566543518097,56.0,5.0,0.0,5.0,0.0,22.0
1011.5672253362789,56.0,5.0,0.0,5.0,0.0,22.0
1011.8672253362788,56.0,5.0,0.0,5.0,0.0,22.0
1011.8679071544607,56.0,5.0,0.0,5.0,0.0,22.0
1012.1679071544606,56.0,5.0,0.0,5.0,0.0,22.0
1012.1685889726425,56.0,5.0,0.0,5.0,0.0,22.0
1012.4685889726425,56.0,5.0,0.0,5.0,0.0,22.0
1012.4692707908243,56.0,5.0,0.0,3.0,0.0,23.0
1012.7692707908243,56.0,5.0,0.0,3.0,0.0,23.0
1012.7699526090062,56.0,5.0,0.0,3.0,0.0,23.0
1013.0699526090061,56.0,5.0,0.0,3.0,0.0,23.0
1013.070634427188,56.0,5.0,0.0,3.0,0.0,23.0
1013.370634427188,56.0,5.0,0.0,3.0,0.0,23.0
1013.3713162453698,56.0,5.0,0.0,3.0,0.0,23.0
1013.6713162453698,56.0,5.0,0.0,3.0,0.0,23.0
1013.6719980635517,56.0,5.0,0.0,3.0,0.0,23.0
1013.9719980635516,56.0,5.0,0.0,3.0,0.0,23.0
1013.9726798817335,56.0,5.0,0.0,3.0,0.0,23.0
1014.2726798817334,56.0,5.0,0.0,3.0,0.0,23.0
1014.2733616999153,56.0,5.0,0.0,3.0,0.0,23.0
1014.5733616999153,56.0,5.0,0.0,3.0,0.0,23.0
1014.5740435180971,56.0,5.0,0.0,3.0,0.0,23.0
1014.8740435180971,56.0,5.0,0.0,3.0,0.0,23.0
1014.874725336279,56.0,5.0,0.0,3.0,0.0,23.0
1015.1747253362789,56.0,5.0,0.0,3.0,0.0,23.0
1015.1754071544608,56.0,5.0,0.0,3.0,0.0,23.0
1015.4754071544608,56.0,5.0,0.0,3.0,0.0,23.0
1015.4760889726426,56.0,5.0,0.0,3.0,0.0,23.0
1015.7760889726426,56.0,5.0,0.0,3.0,0.0,23.0
1015.7767707908245,56.0,5.0,0.0,3.0,0.0,23.0
1016.0767707908244,56.0,5.0,0.0,3.0,0.0,23.0
1016.0774526090063,56.0,5.0,0.0,3.0,0.0,23.0
1016.3774526090062,56.0,5.0,0.0,3.0,0.0,23.0
1016.3781344271881,56.0,5.0,0.0,3.0,0.0,23.0
1016.6781344271881,56.0,5.0,0.0,3.0,0.0,23.0
1016.67881624537,56.0,5.0,0.0,3.0,0.0,23.0
1016.9788162453699,56.0,5.0,0.0,3.0,0.0,23.0
1016.9794980635518,56.0,5.0,0.0,3.0,0.0,23.0
1017.2794980635517,56.0,5.0,0.0,3.0,0.0,23.0
1017.2801798817336,56.0,5.0,0.0,3.0,0.0,23.0
1017.5801798817336,56.0,5.0,0.0,3.0,0.0,23.0
1017.5808616999154,56.0,5.0,0.0,3.0,0.0,23.0
1017.8808616999154,56.0,5.0,0.0,3.0,0.0,23.0
1017.8815435180973,56.0,5.0,0.0,3.0,0.0,23.0
1018.1815435180972,56.0,5.0,0.0,3.0,0.0,23.0
1018.1822253362791,56.0,6.0,0.0,3.0,0.0,23.0
1018.482225336279,56.0,6.0,0.0,3.0,0.0,23.0
1018.4829071544609,56.0,6.0,0.0,3.0,0.0,23.0
1018.7829071544609,56.0,6.0,0.0,3.0,0.0,23.0
1018.7835889726427,56.0,6.0,0.0,3.0,0.0,23.0
1019.0835889726427,56.0,6.0,0.0,3.0,0.0,23.0
1019.0842707908246,57.0,6.0,0.0,3.0,0.0,23.0
1019.3842707908245,57.0,6.0,0.0,3.0,0.0,23.0
1019.3849684652431,57.0,6.0,0.0,3.0,0.0,23.0
1019.6849684652431,57.0,6.0,0.0,3.0,0.0,23.0
1019.6856661396616,57.0,6.0,0.0,3.0,0.0,23.0
1019.9856661396616,57.0,6.0,0.0,3.0,0.0,23.0
1019.9863638140802,57.0,6.0,0.0,3.0,0.0,23.0
1020.2863638140801,57.0,6.0,0.0,3.0,0.0,23.0
1020.2870614884987,57.0,6.0,0.0,3.0,0.0,23.0
1020.5870614884986,57.0,6.0,0.0,3.0,0.0,23.0
1020.5877591629172,57.0,6.0,0.0,3.0,0.0,23.0
1020.8877591629172,57.0,6.0,0.0,3.0,0.0,23.0
1020.8884568373358,57.0,6.0,0.0,3.0,0.0,23.0
1021.1884568373357,57.0,6.0,0.0,3.0,0.0,23.0
1021.1891545117543,57.0,6.0,0.0,3.0,0.0,23.0
1021.4891545117542,57.0,6.0,0.0,3.0,0.0,23.0
1021.4898521861728,57.0,6.0,0.0,3.0,0.0,23.0
1021.7898521861728,57.0,6.0,0.0,3.0,0.0,23.0
1021.7905498605913,57.0,6.0,0.0,3.0,0.0,23.0
1022.0905498605913,57.0,6.0,0.0,3.0,0.0,23.0
1022.0912475350099,57.0,6.0,0.0,3.0,0.0,23.0
1022.3912475350098,57.0,6.0,0.0,3.0,0.0,23.0
1022.3919452094284,57.0,6.0,0.0,3.0,0.0,23.0
1022.6919452094284,57.0,6.0,0.0,3.0,0.0,23.0
1022.6926428838469,57.0,6.0,0.0,3.0,0.0,23.0
1022.9926428838469,57.0,6.0,0.0,3.0,0.0,23.0
1022.9933405582655,57.0,6.0,0.0,3.0,0.0,23.0
1023.2933405582654,57.0,6.0,0.0,3.0,0.0,23.0
1023.294038232684,57.0,6.0,0.0,3.0,0.0,23.0
1023.5940382326839,57.0,6.0,0.0,3.0,0.0,23.0
1023.5947359071025,57.0,6.0,0.0,3.0,0.0,23.0
1023.8947359071025,57.0,6.0,0.0,3.0,0.0,23.0
1023.895433581521,57.0,6.0,0.0,3.0,0.0,23.0
1024.195433581521,57.0,6.0,0.0,3.0,0.0,23.0
1024.1961312559397,57.0,6.0,0.0,3.0,0.0,23.0
1024.4961312559396,57.0,6.0,0.0,3.0,0.0,23.0
1024.4968289303583,57.0,6.0,0.0,3.0,0.0,23.0
1024.7968289303583,57.0,6.0,0.0,3.0,0.0,23.0
1024.797526604777,57.0,6.0,0.0,3.0,0.0,23.0
1025.097526604777,57.0,6.0,0.0,3.0,0.0,23.0
1025.0982242791956,57.0,6.0,0.0,3.0,0.0,23.0
1025.3982242791956,57.0,6.0,0.0,3.0,0.0,23.0
1025.3989219536143,57.0,6.0,0.0,3.0,0.0,23.0
1025.6989219536142,57.0,6.0,0.0,3.0,0.0,23.0
1025.699619628033,57.0,6.0,0.0,3.0,0.0,23.0
1025.9996196280329,57.0,6.0,0.0,3.0,0.0,23.0
1026.0003173024515,57.0,6.0,0.0,3.0,0.0,23.0
1026.3003173024515,57.0,6.0,0.0,3.0,0.0,23.0
1026.3010149768702,57.0,6.0,0.0,3.0,0.0,23.0
1026.6010149768701,57.0,6.0,0.0,3.0,0.0,23.0
1026.6017126512888,57.0,6.0,0.0,3.0,0.0,23.0
1026.9017126512888,57.0,6.0,0.0,3.0,0.0,23.0
1026.9024103257075,57.0,6.0,0.0,3.0,0.0,23.0
1027.2024103257074,57.0,6.0,0.0,3.0,0.0,23.0
1027.2031080001261,57.0,6.0,0.0,3.0,0.0,23.0
1027.503108000126,57.0,6.0,0.0,3.0,0.0,23.0
1027.5038056745448,57.0,6.0,0.0,3.0,0.0,23.0
1027.8038056745447,57.0,6.0,0.0,3.0,0.0,23.0
1027.8045033489634,57.0,6.0,0.0,3.0,0.0,23.0
1028.1045033489634,57.0,6.0,0.0,3.0,0.0,23.0
1028.105201023382,57.0,6.0,0.0,3.0,0.0,23.0
1028.405201023382,57.0,6.0,0.0,3.0,0.0,23.0
1028.4058986978007,58.0,6.0,0.0,3.0,0.0,23.0
1028.7058986978006,58.0,6.0,0.0,3.0,0.0,23.0
1028.706612983515,58.0,6.0,0.0,3.0,0.0,23.0
1029.006612983515,58.0,6.0,0.0,3.0,0.0,23.0
1029.0073272692293,58.0,6.0,0.0,3.0,0.0,23.0
1029.3073272692293,58.0,6.0,0.0,3.0,0.0,23.0
1029.3080415549437,58.0,6.0,0.0,3.0,0.0,23.0
1029.6080415549436,58.0,6.0,0.0,3.0,0.0,23.0
1029.608755840658,58.0,6.0,0.0,3.0,0.0,23.0
1029.908755840658,58.0,6.0,0.0,3.0,0.0,23.0
1029.9094701263723,58.0,6.0,0.0,3.0,0.0,23.0
1030.2094701263723,58.0,6.0,0.0,3.0,0.0,23.0
1030.2101844120866,58.0,6.0,0.0,3.0,0.0,23.0
1030.5101844120866,58.0,6.0,0.0,3.0,0.0,23.0
1030.510898697801,58.0,6.0,0.0,3.0,0.0,23.0
1030.810898697801,58.0,6.0,0.0,3.0,0.0,23.0
1030.8116129835153,58.0,6.0,0.0,3.0,0.0,23.0
1031.1116129835152,58.0,6.0,0.0,3.0,0.0,23.0
1031.1123272692296,58.0,6.0,0.0,3.0,0.0,23.0
1031.4123272692295,58.0,6.0,0.0,3.0,0.0,23.0
1031.413041554944,58.0,6.0,0.0,3.0,0.0,23.0
1031.7130415549439,58.0,6.0,0.0,3.0,0.0,23.0
1031.7137558406582,58.0,6.0,0.0,3.0,0.0,23.0
1032.0137558406582,58.0,6.0,0.0,3.0,0.0,23.0
1032.0144701263725,58.0,6.0,0.0,3.0,0.0,23.0
1032.3144701263725,58.0,6.0,0.0,3.0,0.0,23.0
1032.3151844120869,58.0,6.0,0.0,3.0,0.0,23.0
1032.6151844120868,58.0,6.0,0.0,3.0,0.0,23.0
1032.6158986978012,58.0,6.0,0.0,3.0,0.0,23.0
1032.9158986978011,58.0,6.0,0.0,3.0,0.0,23.0
1032.9166129835155,58.0,6.0,0.0,3.0,0.0,23.0
1033.2166129835155,58.0,6.0,0.0,3.0,0.0,23.0
1033.2173272692298,58.0,6.0,0.0,3.0,0.0,23.0
1033.5173272692298,58.0,6.0,0.0,3.0,0.0,23.0
1033.5180415549441,58.0,6.0,0.0,3.0,0.0,23.0
1033.818041554944,58.0,6.0,0.0,3.0,0.0,23.0
1033.8187558406585,59.0,6.0,0.0,3.0,0.0,23.0
1034.1187558406584,59.0,6.0,0.0,3.0,0.0,23.0
1034.1194875479755,60.0,6.0,0.0,3.0,0.0,23.0
1034.4194875479755,60.0,6.0,0.0,3.0,0.0,23.0
1034.4202375479754,60.0,6.0,0.0,3.0,0.0,23.0
1034.7202375479753,60.0,6.0,0.0,3.0,0.0,23.0
1034.7209875479753,60.0,6.0,0.0,3.0,0.0,23.0
1035.0209875479752,60.0,6.0,0.0,3.0,0.0,23.0
1035.0217375479751,60.0,6.0,0.0,3.0,0.0,23.0
1035.321737547975,60.0,6.0,0.0,3.0,0.0,23.0
1035.322487547975,60.0,6.0,0.0,3.0,0.0,23.0
1035.622487547975,60.0,6.0,0.0,3.0,0.0,23.0
1035.623237547975,60.0,6.0,0.0,3.0,0.0,23.0
1035.9232375479748,60.0,6.0,0.0,3.0,0.0,23.0
1035.9239875479748,60.0,6.0,0.0,3.0,0.0,23.0
1036.2239875479747,60.0,6.0,0.0,3.0,0.0,23.0
1036.2247375479747,60.0,6.0,0.0,3.0,0.0,23.0
1036.5247375479746,60.0,6.0,0.0,3.0,0.0,23.0
1036.5254875479745,60.0,6.0,0.0,3.0,0.0,23.0
1036.8254875479745,60.0,6.0,0.0,3.0,0.0,23.0
1036.8262375479744,60.0,6.0,0.0,3.0,0.0,23.0
1037.1262375479744,60.0,6.0,0.0,3.0,0.0,23.0
1037.1269875479743,60.0,6.0,0.0,3.0,0.0,23.0
1037.4269875479742,60.0,6.0,0.0,3.0,0.0,23.0
1037.4277375479742,60.0,6.0,0.0,3.0,0.0,23.0
1037.7277375479741,60.0,6.0,0.0,3.0,0.0,23.0
1037.728487547974,60.0,6.0,0.0,3.0,0.0,23.0
1038.028487547974,60.0,6.0,0.0,3.0,0.0,23.0
1038.029237547974,60.0,6.0,0.0,3.0,0.0,23.0
1038.329237547974,60.0,6.0,0.0,3.0,0.0,23.0
1038.3299875479738,60.0,6.0,0.0,3.0,0.0,23.0
1038.6299875479738,60.0,6.0,0.0,3.0,0.0,23.0
1038.6307375479737,60.0,6.0,0.0,3.0,0.0,23.0
1038.9307375479736,60.0,6.0,0.0,3.0,0.0,23.0
1038.9314875479736,60.0,6.0,0.0,3.0,0.0,23.0
1039.2314875479735,60.0,6.0,0.0,3.0,0.0,23.0
1039.2322375479735,60.0,6.0,0.0,3.0,0.0,23.0
1039.5322375479734,60.0,6.0,0.0,3.0,0.0,23.0
1039.5329875479733,60.0,6.0,0.0,3.0,0.0,23.0
1039.8329875479733,60.0,6.0,0.0,3.0,0.0,23.0
1039.8337375479732,60.0,6.0,0.0,3.0,0.0,23.0
1040.1337375479732,60.0,6.0,0.0,3.0,0.0,23.0
1040.134487547973,60.0,6.0,0.0,3.0,0.0,23.0
1040.434487547973,60.0,6.0,0.0,3.0,0.0,23.0
1040.435237547973,60.0,6.0,0.0,3.0,0.0,23.0
1040.735237547973,60.0,6.0,0.0,3.0,0.0,23.0
1040.7359875479729,60.0,6.0,0.0,3.0,0.0,23.0
1041.0359875479728,60.0,6.0,0.0,3.0,0.0,23.0
1041.0367375479727,60.0,6.0,0.0,3.0,0.0,23.0
1041.3367375479727,60.0,6.0,0.0,3.0,0.0,23.0
1041.3374875479726,60.0,6.0,0.0,3.0,0.0,23.0
1041.6374875479726,60.0,6.0,0.0,3.0,0.0,23.0
1041.6382375479725,60.0,6.0,0.0,3.0,0.0,23.0
1041.9382375479724,60.0,6.0,0.0,3.0,0.0,23.0
1041.9389875479724,60.0,6.0,0.0,3.0,0.0,23.0
1042.2389875479723,60.0,6.0,0.0,3.0,0.0,23.0
1042.2397375479723,60.0,6.0,0.0,3.0,0.0,23.0
1042.5397375479722,60.0,6.0,0.0,3.0,0.0,23.0
1042.5404875479721,60.0,6.0,0.0,3.0,0.0,23.0
1042.840487547972,60.0,6.0,0.0,3.0,0.0,23.0
1042.841237547972,60.0,6.0,0.0,3.0,0.0,23.0
1043.141237547972,60.0,6.0,0.0,3.0,0.0,23.0
1043.141987547972,60.0,6.0,0.0,3.0,0.0,23.0
1043.4419875479718,60.0,6.0,0.0,3.0,0.0,23.0
1043.4427375479718,60.0,6.0,0.0,3.0,0.0,23.0
1043.7427375479717,60.0,6.0,0.0,3.0,0.0,23.0
1043.7434875479717,60.0,6.0,0.0,3.0,0.0,23.0
1044.0434875479716,60.0,6.0,0.0,3.0,0.0,23.0
1044.0442375479715,60.0,6.0,0.0,3.0,0.0,23.0
1044.3442375479715,60.0,6.0,0.0,3.0,0.0,23.0
1044.3449875479714,60.0,6.0,0.0,3.0,0.0,23.0
1044.6449875479714,60.0,6.0,0.0,3.0,0.0,23.0
1044.6457375479713,60.0,6.0,0.0,3.0,0.0,23.0
1044.9457375479712,60.0,6.0,0.0,3.0,0.0,23.0
1044.9464875479712,60.0,6.0,0.0,3.0,0.0,23.0
1045.2464875479711,60.0,6.0,0.0,3.0,0.0,23.0
1045.247237547971,60.0,6.0,0.0,3.0,0.0,23.0
1045.547237547971,60.0,6.0,0.0,3.0,0.0,23.0
1045.547987547971,60.0,6.0,0.0,3.0,0.0,23.0
1045.847987547971,60.0,6.0,0.0,3.0,0.0,23.0
1045.8487375479708,60.0,6.0,0.0,3.0,0.0,23.0
1046.1487375479708,60.0,6.0,0.0,3.0,0.0,23.0
1046.1494875479707,60.0,6.0,0.0,3.0,0.0,23.0
1046.4494875479706,60.0,6.0,0.0,3.0,0.0,23.0
1046.4502375479706,60.0,6.0,0.0,3.0,0.0,23.0
1046.7502375479705,60.0,6.0,0.0,3.0,0.0,23.0
1046.7509875479705,60.0,6.0,0.0,3.0,0.0,23.0
1047.0509875479704,60.0,6.0,0.0,3.0,0.0,23.0
1047.0517375479703,60.0,6.0,0.0,3.0,0.0,23.0
1047.3517375479703,60.0,6.0,0.0,3.0,0.0,23.0
1047.3524875479702,60.0,6.0,0.0,3.0,0.0,23.0
1047.6524875479702,60.0,6.0,0.0,3.0,0.0,23.0
1047.65323754797,60.0,6.0,0.0,3.0,0.0,23.0
1047.95323754797,60.0,6.0,0.0,3.0,0.0,23.0
1047.95398754797,60.0,6.0,0.0,3.0,0.0,23.0
1048.25398754797,60.0,6.0,0.0,3.0,0.0,23.0
1048.2547375479699,60.0,6.0,0.0,3.0,0.0,23.0
1048.5547375479698,60.0,6.0,0.0,3.0,0.0,23.0
1048.5554875479697,60.0,6.0,0.0,3.0,0.0,23.0
1048.8554875479697,60.0,6.0,0.0,3.0,0.0,23.0
1048.8562375479696,60.0,6.0,0.0,3.0,0.0,23.0
1049.1562375479696,60.0,6.0,0.0,3.0,0.0,23.0
1049.1569875479695,60.0,6.0,0.0,3.0,0.0,23.0
1049.4569875479694,60.0,6.0,0.0,3.0,0.0,23.0
1049.4577375479694,60.0,6.0,0.0,3.0,0.0,23.0
1049.7577375479693,60.0,6.0,0.0,3.0,0.0,23.0
1049.7584875479693,60.0,6.0,0.0,3.0,0.0,23.0
1050.0584875479692,60.0,6.0,0.0,3.0,0.0,23.0
1050.0592375479691,60.0,6.0,0.0,3.0,0.0,23.0
1050.359237547969,60.0,6.0,0.0,3.0,0.0,23.0
1050.359987547969,60.0,6.0,0.0,3.0,0.0,23.0
1050.659987547969,60.0,6.0,0.0,3.0,0.0,23.0
1050.660737547969,60.0,6.0,0.0,3.0,0.0,23.0
1050.9607375479688,60.0,6.0,0.0,3.0,0.0,23.0
1050.9614875479688,60.0,6.0,0.0,3.0,0.0,23.0
1051.2614875479687,60.0,6.0,0.0,3.0,0.0,23.0
1051.2622375479687,60.0,6.0,0.0,3.0,0.0,23.0
1051.5622375479686,60.0,6.0,0.0,3.0,0.0,23.0
1051.5629875479685,60.0,6.0,0.0,3.0,0.0,23.0
1051.8629875479685,60.0,6.0,0.0,3.0,0.0,23.0
1051.8637375479684,60.0,6.0,0.0,3.0,0.0,23.0
1052.1637375479684,60.0,6.0,0.0,3.0,0.0,23.0
1052.1644875479683,60.0,6.0,0.0,3.0,0.0,23.0
1052.4644875479682,60.0,6.0,0.0,3.0,0.0,23.0
1052.4652375479682,60.0,6.0,0.0,3.0,0.0,23.0
1052.7652375479681,60.0,6.0,0.0,3.0,0.0,23.0
1052.765987547968,60.0,6.0,0.0,3.0,0.0,23.0
1053.065987547968,60.0,6.0,0.0,3.0,0.0,23.0
1053.066737547968,60.0,6.0,0.0,3.0,0.0,23.0
1053.366737547968,60.0,6.0,0.0,3.0,0.0,23.0
1053.3674875479678,60.0,6.0,0.0,3.0,0.0,23.0
1053.6674875479678,60.0,6.0,0.0,3.0,0.0,23.0
1053.6682375479677,60.0,6.0,0.0,3.0,0.0,23.0
1053.9682375479676,60.0,6.0,0.0,3.0,0.0,23.0
1053.9689875479676,60.0,6.0,0.0,3.0,0.0,23.0
1054.2689875479675,60.0,6.0,0.0,3.0,0.0,23.0
1054.2697375479675,60.0,6.0,0.0,3.0,0.0,23.0
1054.5697375479674,60.0,6.0,0.0,3.0,0.0,23.0
1054.5704875479673,60.0,6.0,0.0,3.0,0.0,23.0
1054.8704875479673,60.0,6.0,0.0,3.0,0.0,23.0
1054.8712375479672,60.0,6.0,0.0,3.0,0.0,23.0
1055.1712375479672,60.0,6.0,0.0,3.0,0.0,23.0
1055.171987547967,60.0,6.0,0.0,3.0,0.0,23.0
1055.471987547967,60.0,6.0,0.0,3.0,0.0,23.0
1055.472737547967,60.0,6.0,0.0,3.0,0.0,23.0
1055.772737547967,60.0,6.0,0.0,3.0,0.0,23.0
1055.7734875479669,60.0,6.0,0.0,3.0,0.0,23.0
1056.0734875479668,60.0,6.0,0.0,3.0,0.0,23.0
1056.0742375479667,60.0,6.0,0.0,3.0,0.0,23.0
1056.3742375479667,60.0,6.0,0.0,3.0,0.0,23.0
1056.3749875479666,60.0,6.0,0.0,3.0,0.0,23.0
1056.6749875479666,60.0,6.0,0.0,3.0,0.0,23.0
1056.6757375479665,60.0,6.0,0.0,3.0,0.0,23.0
1056.9757375479664,60.0,6.0,0.0,3.0,0.0,23.0
1056.9764875479664,60.0,6.0,0.0,3.0,0.0,23.0
1057.2764875479663,60.0,6.0,0.0,3.0,0.0,23.0
1057.2772375479663,60.0,6.0,0.0,3.0,0.0,23.0
1057.5772375479662,60.0,6.0,0.0,3.0,0.0,23.0
1057.5779875479661,60.0,6.0,0.0,3.0,0.0,23.0
1057.877987547966,60.0,6.0,0.0,3.0,0.0,23.0
1057.878737547966,60.0,6.0,0.0,3.0,0.0,23.0
1058.178737547966,60.0,6.0,0.0,3.0,0.0,23.0
1058.179487547966,60.0,6.0,0.0,3.0,0.0,23.0
1058.4794875479658,60.0,6.0,0.0,3.0,0.0,23.0
1058.4802375479658,60.0,6.0,0.0,3.0,0.0,23.0
1058.7802375479657,60.0,6.0,0.0,3.0,0.0,23.0
1058.7809875479657,60.0,6.0,0.0,3.0,0.0,23.0
1059.0809875479656,60.0,6.0,0.0,3.0,0.0,23.0
1059.0817375479655,60.0,6.0,0.0,3.0,0.0,23.0
1059.3817375479655,60.0,6.0,0.0,3.0,0.0,23.0
1059.3824875479654,60.0,6.0,0.0,3.0,0.0,23.0
1059.6824875479654,60.0,6.0,0.0,3.0,0.0,23.0
1059.6832375479653,60.0,6.0,0.0,3.0,0.0,23.0
1059.9832375479652,60.0,6.0,0.0,3.0,0.0,23.0
1059.9839875479652,60.0,6.0,0.0,3.0,0.0,23.0
1060.2839875479651,60.0,6.0,0.0,3.0,0.0,23.0
1060.284737547965,60.0,6.0,0.0,3.0,0.0,23.0
1060.584737547965,60.0,6.0,0.0,3.0,0.0,23.0
1060.585487547965,60.0,6.0,0.0,3.0,0.0,23.0
1060.8854875479649,60.0,6.0,0.0,3.0,0.0,23.0
1060.8862375479648,60.0,6.0,0.0,3.0,0.0,23.0
1061.1862375479648,60.0,6.0,0.0,3.0,0.0,23.0
1061.1869875479647,60.0,6.0,0.0,3.0,0.0,23.0
1061.4869875479646,60.0,6.0,0.0,3.0,0.0,23.0
1061.4877375479646,60.0,6.0,0.0,3.0,0.0,23.0
1061.7877375479645,60.0,6.0,0.0,3.0,0.0,23.0
1061.7884875479645,60.0,6.0,0.0,3.0,0.0,23.0
1062.0884875479644,60.0,6.0,0.0,3.0,0.0,23.0
1062.0892375479643,60.0,6.0,0.0,3.0,0.0,23.0
1062.3892375479643,60.0,6.0,0.0,3.0,0.0,23.0
1062.3899875479642,60.0,6.0,0.0,3.0,0.0,23.0
1062.6899875479642,60.0,6.0,0.0,3.0,0.0,23.0
1062.690737547964,60.0,6.0,0.0,3.0,0.0,23.0
1062.990737547964,60.0,6.0,0.0,3.0,0.0,23.0
1062.991487547964,60.0,6.0,0.0,3.0,0.0,23.0
1063.291487547964,60.0,6.0,0.0,3.0,0.0,23.0
1063.2922375479639,60.0,6.0,0.0,3.0,0.0,23.0
1063.5922375479638,60.0,6.0,0.0,3.0,0.0,23.0
1063.5929875479637,60.0,6.0,0.0,3.0,0.0,23.0
1063.8929875479637,60.0,6.0,0.0,3.0,0.0,23.0
1063.8937375479636,60.0,6.0,0.0,3.0,0.0,23.0
1064.1937375479636,60.0,6.0,0.0,3.0,0.0,23.0
1064.1944875479635,60.0,6.0,0.0,3.0,0.0,23.0
1064.4944875479634,60.0,6.0,0.0,3.0,0.0,23.0
1064.4952375479634,60.0,6.0,0.0,3.0,0.0,23.0
1064.7952375479633,60.0,6.0,0.0,3.0,0.0,23.0
1064.7959875479633,60.0,6.0,0.0,3.0,0.0,23.0
1065.0959875479632,60.0,6.0,0.0,3.0,0.0,23.0
1065.0967375479631,60.0,6.0,0.0,3.0,0.0,23.0
1065.396737547963,60.0,6.0,0.0,3.0,0.0,23.0
1065.397487547963,60.0,6.0,0.0,3.0,0.0,23.0
1065.697487547963,60.0,6.0,0.0,3.0,0.0,23.0
1065.698237547963,60.0,6.0,0.0,3.0,0.0,23.0
1065.9982375479628,60.0,6.0,0.0,3.0,0.0,23.0
1065.9989875479628,60.0,6.0,0.0,3.0,0.0,23.0
1066.2989875479627,60.0,6.0,0.0,3.0,0.0,23.0
1066.2997375479626,60.0,6.0,0.0,3.0,0.0,23.0
1066.5997375479626,60.0,6.0,0.0,3.0,0.0,23.0
1066.6004875479625,60.0,6.0,0.0,3.0,0.0,23.0
1066.9004875479625,60.0,6.0,0.0,3.0,0.0,23.0
1066.9012375479624,60.0,6.0,0.0,3.0,0.0,23.0
1067.2012375479624,60.0,6.0,0.0,3.0,0.0,23.0
1067.2019875479623,60.0,6.0,0.0,3.0,0.0,23.0
1067.5019875479622,60.0,6.0,0.0,3.0,0.0,23.0
1067.5027375479622,60.0,6.0,0.0,3.0,0.0,23.0
1067.8027375479621,60.0,6.0,0.0,3.0,0.0,23.0
1067.803487547962,60.0,6.0,0.0,3.0,0.0,23.0
1068.103487547962,60.0,6.0,0.0,3.0,0.0,23.0
1068.104237547962,60.0,6.0,0.0,3.0,0.0,23.0
1068.4042375479619,60.0,6.0,0.0,3.0,0.0,23.0
1068.4049875479618,61.0,6.0,0.0,3.0,0.0,23.0
1068.7049875479618,61.0,6.0,0.0,3.0,0.0,23.0
1068.705756778731,61.0,6.0,0.0,3.0,0.0,23.0
1069.005756778731,61.0,6.0,0.0,3.0,0.0,23.0
1069.0065260095002,61.0,6.0,0.0,3.0,0.0,23.0
1069.3065260095002,61.0,6.0,0.0,3.0,0.0,23.0
1069.3072952402695,61.0,6.0,0.0,3.0,0.0,23.0
1069.6072952402694,61.0,6.0,0.0,3.0,0.0,23.0
1069.6080644710387,61.0,6.0,0.0,3.0,0.0,23.0
1069.9080644710386,61.0,6.0,0.0,3.0,0.0,23.0
1069.908833701808,61.0,6.0,0.0,3.0,0.0,23.0
1070.2088337018079,61.0,6.0,0.0,3.0,0.0,23.0
1070.2096029325771,61.0,6.0,0.0,3.0,0.0,23.0
1070.509602932577,61.0,6.0,0.0,3.0,0.0,23.0
1070.5103721633463,61.0,6.0,0.0,3.0,0.0,23.0
1070.8103721633463,61.0,6.0,0.0,3.0,0.0,23.0
1070.8111413941156,61.0,6.0,0.0,3.0,0.0,23.0
1071.1111413941155,61.0,6.0,0.0,3.0,0.0,23.0
1071.1119106248848,61.0,6.0,0.0,3.0,0.0,23.0
1071.4119106248847,61.0,6.0,0.0,3.0,0.0,23.0
1071.412679855654,61.0,6.0,0.0,3.0,0.0,23.0
1071.712679855654,61.0,6.0,0.0,3.0,0.0,23.0
1071.7134490864232,62.0,6.0,0.0,3.0,0.0,23.0
1072.0134490864232,62.0,6.0,0.0,3.0,0.0,23.0
1072.0142385601073,62.0,6.0,0.0,3.0,0.0,23.0
1072.3142385601072,62.0,6.0,0.0,3.0,0.0,23.0
1072.3150280337914,62.0,6.0,0.0,3.0,0.0,23.0
1072.6150280337913,62.0,6.0,0.0,3.0,0.0,23.0
1072.6158175074754,62.0,6.0,0.0,3.0,0.0,23.0
1072.9158175074754,62.0,6.0,0.0,3.0,0.0,23.0
1072.9166069811595,62.0,6.0,0.0,3.0,0.0,23.0
1073.2166069811594,62.0,6.0,0.0,3.0,0.0,23.0
1073.2173964548435,62.0,6.0,0.0,3.0,0.0,23.0
1073.5173964548435,62.0,6.0,0.0,3.0,0.0,23.0
1073.5181859285276,62.0,6.0,0.0,3.0,0.0,23.0
1073.8181859285276,62.0,6.0,0.0,3.0,0.0,23.0
1073.8189754022117,62.0,6.0,0.0,3.0,0.0,23.0
1074.1189754022116,62.0,6.0,0.0,3.0,0.0,23.0
1074.1197648758957,62.0,6.0,0.0,3.0,0.0,23.0
1074.4197648758957,62.0,6.0,0.0,3.0,0.0,23.0
1074.4205543495798,62.0,6.0,0.0,3.0,0.0,23.0
1074.7205543495797,62.0,6.0,0.0,3.0,0.0,23.0
1074.7213438232639,62.0,6.0,0.0,3.0,0.0,23.0
1075.0213438232638,62.0,6.0,0.0,3.0,0.0,23.0
1075.022133296948,62.0,6.0,0.0,3.0,0.0,23.0
1075.3221332969479,62.0,6.0,0.0,3.0,0.0,23.0
1075.322922770632,62.0,6.0,0.0,3.0,0.0,23.0
1075.622922770632,62.0,6.0,0.0,3.0,0.0,23.0
1075.623712244316,62.0,6.0,0.0,3.0,0.0,23.0
1075.923712244316,62.0,6.0,0.0,3.0,0.0,23.0
1075.924501718,62.0,6.0,0.0,3.0,0.0,23.0
1076.224501718,62.0,6.0,0.0,3.0,0.0,23.0
1076.2252911916842,62.0,6.0,0.0,3.0,0.0,23.0
1076.5252911916841,62.0,6.0,0.0,3.0,0.0,23.0
1076.5260806653682,62.0,6.0,0.0,3.0,0.0,23.0
1076.8260806653682,62.0,6.0,0.0,3.0,0.0,23.0
1076.8268701390523,63.0,6.0,0.0,3.0,0.0,23.0
1077.1268701390522,63.0,6.0,0.0,3.0,0.0,23.0
1077.1276809498631,63.0,6.0,0.0,3.0,0.0,23.0
1077.427680949863,63.0,6.0,0.0,3.0,0.0,23.0
1077.428491760674,63.0,6.0,0.0,3.0,0.0,23.0
1077.728491760674,63.0,6.0,0.0,3.0,0.0,23.0
1077.7293025714848,63.0,6.0,0.0,3.0,0.0,23.0
1078.0293025714848,63.0,6.0,0.0,3.0,0.0,23.0
1078.0301133822957,63.0,6.0,0.0,3.0,0.0,23.0
1078.3301133822956,63.0,6.0,0.0,3.0,0.0,23.0
1078.3309241931065,63.0,6.0,0.0,3.0,0.0,23.0
1078.6309241931065,63.0,6.0,0.0,3.0,0.0,23.0
1078.6317350039174,63.0,6.0,0.0,3.0,0.0,23.0
1078.9317350039173,63.0,6.0,0.0,3.0,0.0,23.0
1078.9325458147282,63.0,6.0,0.0,3.0,0.0,23.0
1079.2325458147282,63.0,6.0,0.0,3.0,0.0,23.0
1079.233356625539,63.0,6.0,0.0,3.0,0.0,23.0
1079.533356625539,63.0,6.0,0.0,3.0,0.0,23.0
1079.53416743635,63.0,6.0,0.0,3.0,0.0,23.0
1079.8341674363498,63.0,6.0,0.0,3.0,0.0,23.0
1079.8349782471607,63.0,6.0,0.0,3.0,0.0,23.0
1080.1349782471607,63.0,6.0,0.0,3.0,0.0,23.0
1080.1357890579716,63.0,6.0,0.0,3.0,0.0,22.0
1080.4357890579715,63.0,6.0,0.0,3.0,0.0,22.0
1080.4365998687824,63.0,6.0,0.0,3.0,0.0,22.0
1080.7365998687824,63.0,6.0,0.0,3.0,0.0,22.0
1080.7374106795933,63.0,6.0,0.0,3.0,0.0,22.0
1081.0374106795932,63.0,6.0,0.0,3.0,0.0,22.0
1081.038221490404,63.0,6.0,0.0,3.0,0.0,22.0
1081.338221490404,63.0,6.0,0.0,3.0,0.0,22.0
1081.339032301215,63.0,6.0,0.0,3.0,0.0,22.0
1081.639032301215,63.0,6.0,0.0,3.0,0.0,22.0
1081.6398431120258,63.0,6.0,0.0,3.0,0.0,22.0
1081.9398431120258,63.0,6.0,0.0,3.0,0.0,22.0
1081.9406539228366,63.0,6.0,0.0,3.0,0.0,22.0
1082.2406539228366,63.0,6.0,0.0,3.0,0.0,22.0
1082.2414647336475,63.0,6.0,0.0,3.0,0.0,22.0
1082.5414647336474,63.0,6.0,0.0,3.0,0.0,22.0
1082.5422755444583,63.0,6.0,0.0,3.0,0.0,22.0
1082.8422755444583,63.0,6.0,0.0,3.0,0.0,22.0
1082.8430863552692,63.0,6.0,0.0,3.0,0.0,22.0
1083.1430863552691,63.0,6.0,0.0,3.0,0.0,22.0
1083.14389716608,63.0,6.0,0.0,3.0,0.0,22.0
1083.44389716608,63.0,6.0,0.0,3.0,0.0,22.0
1083.4447079768909,63.0,6.0,0.0,3.0,0.0,22.0
1083.7447079768908,63.0,6.0,0.0,3.0,0.0,22.0
1083.7455187877017,63.0,6.0,0.0,3.0,0.0,22.0
1084.0455187877017,63.0,6.0,0.0,3.0,0.0,22.0
1084.0463295985126,63.0,6.0,0.0,3.0,0.0,22.0
1084.3463295985125,63.0,6.0,0.0,3.0,0.0,22.0
1084.3471404093234,63.0,6.0,0.0,3.0,0.0,22.0
1084.6471404093234,63.0,6.0,0.0,3.0,0.0,22.0
1084.6479512201342,63.0,6.0,0.0,3.0,0.0,22.0
1084.9479512201342,63.0,6.0,0.0,3.0,0.0,22.0
1084.948762030945,63.0,6.0,0.0,3.0,0.0,22.0
1085.248762030945,63.0,6.0,0.0,3.0,0.0,22.0
1085.249572841756,63.0,6.0,0.0,3.0,0.0,22.0
1085.549572841756,63.0,6.0,0.0,3.0,0.0,22.0
1085.5503836525668,63.0,6.0,0.0,3.0,0.0,22.0
1085.8503836525667,63.0,6.0,0.0,3.0,0.0,22.0
1085.8511944633776,63.0,6.0,0.0,3.0,0.0,22.0
1086.1511944633776,63.0,6.0,0.0,3.0,0.0,22.0
1086.1520052741885,63.0,6.0,0.0,3.0,0.0,22.0
1086.4520052741884,63.0,6.0,0.0,3.0,0.0,22.0
1086.4528160849993,63.0,6.0,0.0,3.0,0.0,22.0
1086.7528160849993,63.0,6.0,0.0,3.0,0.0,22.0
1086.7536268958102,63.0,6.0,0.0,3.0,0.0,22.0
1087.05362689581,63.0,6.0,0.0,3.0,0.0,22.0
1087.054437706621,63.0,6.0,0.0,3.0,0.0,22.0
1087.354437706621,63.0,6.0,0.0,3.0,0.0,22.0
1087.3552485174318,63.0,6.0,0.0,3.0,0.0,22.0
1087.6552485174318,63.0,6.0,0.0,3.0,0.0,22.0
1087.6560593282427,63.0,6.0,0.0,3.0,0.0,22.0
1087.9560593282426,63.0,6.0,0.0,3.0,0.0,22.0
1087.9568701390535,63.0,6.0,0.0,3.0,0.0,22.0
1088.2568701390535,63.0,6.0,0.0,3.0,0.0,22.0
1088.2576809498644,63.0,6.0,0.0,3.0,0.0,22.0
1088.5576809498643,63.0,6.0,0.0,3.0,0.0,22.0
1088.5584917606752,63.0,6.0,0.0,3.0,0.0,22.0
1088.8584917606752,63.0,6.0,0.0,3.0,0.0,22.0
1088.859302571486,63.0,6.0,0.0,3.0,0.0,22.0
1089.159302571486,63.0,6.0,0.0,3.0,0.0,22.0
1089.160113382297,63.0,6.0,0.0,3.0,0.0,22.0
1089.4601133822969,63.0,6.0,0.0,3.0,0.0,22.0
1089.4609241931078,62.0,6.0,0.0,3.0,0.0,22.0
1089.7609241931077,62.0,6.0,0.0,3.0,0.0,22.0
1089.7617136667918,62.0,6.0,0.0,3.0,0.0,22.0
1090.0617136667918,62.0,6.0,0.0,3.0,0.0,22.0
1090.0625031404759,62.0,6.0,0.0,3.0,0.0,22.0
1090.3625031404758,62.0,6.0,0.0,3.0,0.0,22.0
1090.36329261416,62.0,6.0,0.0,3.0,0.0,22.0
1090.66329261416,62.0,6.0,0.0,3.0,0.0,22.0
1090.664082087844,62.0,6.0,0.0,3.0,0.0,22.0
1090.964082087844,62.0,6.0,0.0,3.0,0.0,22.0
1090.964871561528,62.0,6.0,0.0,3.0,0.0,22.0
1091.264871561528,62.0,6.0,0.0,3.0,0.0,22.0
1091.2656610352121,62.0,6.0,0.0,3.0,0.0,22.0
1091.565661035212,62.0,6.0,0.0,3.0,0.0,22.0
1091.5664505088962,62.0,6.0,0.0,3.0,0.0,22.0
1091.8664505088962,62.0,6.0,0.0,3.0,0.0,22.0
1091.8672399825803,62.0,6.0,0.0,3.0,0.0,22.0
1092.1672399825802,62.0,6.0,0.0,3.0,0.0,22.0
1092.1680294562643,62.0,6.0,0.0,3.0,0.0,22.0
1092.4680294562643,62.0,6.0,0.0,3.0,0.0,22.0
1092.4688189299484,62.0,6.0,0.0,3.0,0.0,22.0
1092.7688189299483,62.0,6.0,0.0,3.0,0.0,22.0
1092.7696084036324,62.0,6.0,0.0,3.0,0.0,22.0
1093.0696084036324,62.0,6.0,0.0,3.0,0.0,22.0
1093.0703978773165,62.0,6.0,0.0,3.0,0.0,22.0
1093.3703978773165,62.0,6.0,0.0,3.0,0.0,22.0
1093.3711873510006,62.0,6.0,0.0,3.0,0.0,22.0
1093.6711873510005,62.0,6.0,0.0,3.0,0.0,22.0
1093.6719768246846,62.0,6.0,0.0,3.0,0.0,22.0
1093.9719768246846,62.0,6.0,0.0,3.0,0.0,22.0
1093.9727662983687,62.0,6.0,0.0,3.0,0.0,22.0
1094.2727662983687,62.0,6.0,0.0,3.0,0.0,22.0
1094.2735557720528,63.0,6.0,0.0,3.0,0.0,22.0
1094.5735557720527,63.0,6.0,0.0,3.0,0.0,22.0
1094.5743665828636,63.0,6.0,0.0,3.0,0.0,22.0
1094.8743665828636,63.0,6.0,0.0,3.0,0.0,22.0
1094.8751773936744,63.0,6.0,0.0,3.0,0.0,22.0
1095.1751773936744,63.0,6.0,0.0,3.0,0.0,22.0
1095.1759882044853,63.0,6.0,0.0,3.0,0.0,22.0
1095.4759882044852,63.0,6.0,0.0,3.0,0.0,22.0
1095.4767990152961,63.0,6.0,0.0,3.0,0.0,22.0
1095.776799015296,63.0,6.0,0.0,3.0,0.0,22.0
1095.777609826107,63.0,6.0,0.0,3.0,0.0,22.0
1096.077609826107,63.0,6.0,0.0,3.0,0.0,22.0
1096.0784206369178,63.0,6.0,0.0,3.0,0.0,22.0
1096.3784206369178,63.0,6.0,0.0,3.0,0.0,22.0
1096.3792314477287,63.0,6.0,0.0,3.0,0.0,22.0
1096.6792314477286,63.0,6.0,0.0,3.0,0.0,22.0
1096.6800422585395,63.0,6.0,0.0,3.0,0.0,22.0
1096.9800422585395,63.0,6.0,0.0,3.0,0.0,22.0
1096.9808530693504,63.0,6.0,0.0,3.0,0.0,22.0
1097.2808530693503,63.0,6.0,0.0,3.0,0.0,22.0
1097.2816638801612,63.0,6.0,0.0,3.0,0.0,22.0
1097.5816638801612,63.0,6.0,0.0,3.0,0.0,22.0
1097.582474690972,64.0,6.0,0.0,3.0,0.0,22.0
1097.882474690972,64.0,6.0,0.0,3.0,0.0,22.0
1097.8833080243053,64.0,6.0,0.0,3.0,0.0,22.0
1098.1833080243052,64.0,6.0,0.0,3.0,0.0,22.0
1098.1841413576385,64.0,6.0,0.0,3.0,0.0,22.0
1098.4841413576385,64.0,6.0,0.0,3.0,0.0,22.0
1098.4849746909717,64.0,6.0,0.0,3.0,0.0,22.0
1098.7849746909717,64.0,6.0,0.0,3.0,0.0,22.0
1098.785808024305,64.0,6.0,0.0,3.0,0.0,22.0
1099.085808024305,64.0,6.0,0.0,3.0,0.0,22.0
1099.0866413576382,64.0,6.0,0.0,3.0,0.0,22.0
1099.3866413576382,64.0,6.0,0.0,3.0,0.0,22.0
1099.3874746909714,64.0,6.0,0.0,3.0,0.0,22.0
1099.6874746909714,64.0,6.0,0.0,3.0,0.0,22.0
1099.6883080243047,64.0,6.0,0.0,3.0,0.0,22.0
1099.9883080243046,64.0,6.0,0.0,3.0,0.0,22.0
1099.989141357638,64.0,6.0,0.0,3.0,0.0,22.0
1100.2891413576378,64.0,6.0,0.0,3.0,0.0,22.0
1100.2899746909711,64.0,6.0,0.0,3.0,0.0,22.0
1100.589974690971,64.0,6.0,0.0,3.0,0.0,22.0
1100.5908080243044,64.0,6.0,0.0,3.0,0.0,22.0
1100.8908080243043,64.0,6.0,0.0,3.0,0.0,22.0
1100.8916413576376,64.0,6.0,0.0,3.0,0.0,22.0
1101.1916413576375,64.0,6.0,0.0,3.0,0.0,22.0
1101.1924746909708,64.0,6.0,0.0,3.0,0.0,22.0
1101.4924746909708,64.0,6.0,0.0,3.0,0.0,22.0
1101.493308024304,64.0,6.0,0.0,3.0,0.0,22.0
1101.793308024304,64.0,6.0,0.0,3.0,0.0,22.0
1101.7941413576373,64.0,6.0,0.0,3.0,0.0,22.0
1102.0941413576372,64.0,6.0,0.0,3.0,0.0,22.0
1102.0949746909705,64.0,6.0,0.0,3.0,0.0,22.0
1102.3949746909705,64.0,6.0,0.0,3.0,0.0,22.0
1102.3958080243037,64.0,6.0,0.0,3.0,0.0,22.0
1102.6958080243037,64.0,6.0,0.0,3.0,0.0,22.0
1102.696641357637,64.0,7.0,0.0,3.0,0.0,22.0
1102.996641357637,64.0,7.0,0.0,3.0,0.0,22.0
1102.9974746909702,64.0,7.0,0.0,3.0,0.0,22.0
1103.2974746909701,64.0,7.0,0.0,3.0,0.0,22.0
1103.2983080243034,64.0,7.0,0.0,3.0,0.0,22.0
1103.5983080243034,64.0,7.0,0.0,3.0,0.0,22.0
1103.5991413576367,64.0,7.0,0.0,3.0,0.0,22.0
1103.8991413576366,64.0,7.0,0.0,3.0,0.0,22.0
1103.8999746909699,64.0,7.0,0.0,3.0,0.0,22.0
1104.1999746909698,64.0,7.0,0.0,3.0,0.0,22.0
1104.2008080243031,64.0,7.0,0.0,3.0,0.0,22.0
1104.500808024303,64.0,7.0,0.0,3.0,0.0,22.0
1104.5016413576363,64.0,7.0,0.0,3.0,0.0,22.0
1104.8016413576363,64.0,7.0,0.0,3.0,0.0,22.0
1104.8024746909696,64.0,7.0,0.0,3.0,0.0,22.0
1105.1024746909695,64.0,7.0,0.0,3.0,0.0,22.0
1105.1033080243028,64.0,7.0,0.0,3.0,0.0,22.0
1105.4033080243028,64.0,7.0,0.0,3.0,0.0,22.0
1105.404141357636,64.0,7.0,0.0,3.0,0.0,22.0
1105.704141357636,64.0,7.0,0.0,3.0,0.0,22.0
1105.7049746909693,64.0,7.0,0.0,3.0,0.0,22.0
1106.0049746909692,64.0,7.0,0.0,3.0,0.0,22.0
1106.0058080243025,63.0,7.0,0.0,3.0,0.0,22.0
1106.3058080243025,63.0,7.0,0.0,3.0,0.0,22.0
1106.3066188351133,63.0,7.0,0.0,3.0,0.0,22.0
1106.6066188351133,63.0,7.0,0.0,3.0,0.0,22.0
1106.6074296459242,63.0,7.0,0.0,3.0,0.0,22.0
1106.9074296459241,63.0,7.0,0.0,3.0,0.0,22.0
1106.908240456735,64.0,7.0,0.0,3.0,0.0,22.0
1107.208240456735,64.0,7.0,0.0,3.0,0.0,22.0
1107.2090737900683,64.0,7.0,0.0,3.0,0.0,22.0
1107.5090737900682,64.0,7.0,0.0,3.0,0.0,22.0
1107.5099071234015,64.0,7.0,0.0,3.0,0.0,22.0
1107.8099071234014,64.0,7.0,0.0,3.0,0.0,22.0
1107.8107404567347,64.0,7.0,0.0,3.0,0.0,22.0
1108.1107404567347,64.0,7.0,0.0,3.0,0.0,22.0
1108.111573790068,64.0,7.0,0.0,3.0,0.0,22.0
1108.411573790068,64.0,7.0,0.0,3.0,0.0,22.0
1108.4124071234012,64.0,7.0,0.0,3.0,0.0,22.0
1108.7124071234011,64.0,7.0,0.0,3.0,0.0,22.0
1108.7132404567344,64.0,7.0,0.0,3.0,0.0,22.0
1109.0132404567344,64.0,7.0,0.0,3.0,0.0,22.0
1109.0140737900676,64.0,7.0,0.0,3.0,0.0,22.0
1109.3140737900676,64.0,7.0,0.0,3.0,0.0,22.0
1109.3149071234009,64.0,7.0,0.0,3.0,0.0,22.0
1109.6149071234008,64.0,7.0,0.0,3.0,0.0,22.0
1109.615740456734,64.0,7.0,0.0,3.0,0.0,22.0
1109.915740456734,64.0,7.0,0.0,3.0,0.0,22.0
1109.9165737900673,64.0,7.0,0.0,3.0,0.0,22.0
1110.2165737900673,64.0,7.0,0.0,3.0,0.0,22.0
1110.2174071234006,64.0,7.0,0.0,3.0,0.0,22.0
1110.5174071234005,64.0,7.0,0.0,3.0,0.0,22.0
1110.5182404567338,64.0,7.0,0.0,3.0,0.0,22.0
1110.8182404567337,64.0,7.0,0.0,3.0,0.0,22.0
1110.819073790067,64.0,7.0,0.0,3.0,0.0,22.0
1111.119073790067,64.0,7.0,0.0,3.0,0.0,22.0
1111.1199071234003,64.0,7.0,0.0,3.0,0.0,22.0
1111.4199071234002,64.0,7.0,0.0,3.0,0.0,22.0
1111.4207404567335,64.0,7.0,0.0,3.0,0.0,22.0
1111.7207404567334,64.0,7.0,0.0,3.0,0.0,22.0
1111.7215737900667,64.0,7.0,0.0,3.0,0.0,22.0
1112.0215737900667,64.0,7.0,0.0,3.0,0.0,22.0
1112.0224071234,64.0,7.0,0.0,3.0,0.0,22.0
1112.3224071234,64.0,7.0,0.0,3.0,0.0,22.0
1112.3232404567332,64.0,7.0,0.0,3.0,0.0,22.0
1112.6232404567331,64.0,7.0,0.0,3.0,0.0,22.0
1112.6240737900664,64.0,7.0,0.0,3.0,0.0,22.0
1112.9240737900664,64.0,7.0,0.0,3.0,0.0,22.0
1112.9249071233996,64.0,7.0,0.0,3.0,0.0,22.0
1113.2249071233996,64.0,7.0,0.0,3.0,0.0,22.0
1113.2257404567329,64.0,7.0,0.0,3.0,0.0,22.0
1113.5257404567328,64.0,7.0,0.0,3.0,0.0,22.0
1113.526573790066,64.0,7.0,0.0,3.0,0.0,22.0
1113.826573790066,64.0,7.0,0.0,3.0,0.0,22.0
1113.8274071233993,64.0,7.0,0.0,3.0,0.0,22.0
1114.1274071233993,64.0,7.0,0.0,3.0,0.0,22.0
1114.1282404567326,64.0,7.0,0.0,3.0,0.0,22.0
1114.4282404567325,64.0,7.0,0.0,3.0,0.0,22.0
1114.4290737900658,64.0,7.0,0.0,3.0,0.0,22.0
1114.7290737900657,64.0,7.0,0.0,3.0,0.0,22.0
1114.729907123399,64.0,7.0,0.0,3.0,0.0,22.0
1115.029907123399,64.0,7.0,0.0,3.0,0.0,22.0
1115.0307404567322,64.0,7.0,0.0,3.0,0.0,22.0
1115.3307404567322,64.0,7.0,0.0,3.0,0.0,22.0
1115.3315737900655,64.0,7.0,0.0,3.0,0.0,22.0
1115.6315737900654,64.0,7.0,0.0,3.0,0.0,22.0
1115.6324071233987,64.0,7.0,0.0,3.0,0.0,22.0
1115.9324071233987,64.0,7.0,0.0,3.0,0.0,22.0
1115.933240456732,64.0,7.0,0.0,3.0,0.0,22.0
1116.233240456732,64.0,7.0,0.0,3.0,0.0,22.0
1116.2340737900652,64.0,7.0,0.0,3.0,0.0,22.0
1116.5340737900651,64.0,7.0,0.0,3.0,0.0,22.0
1116.5349071233984,64.0,7.0,0.0,3.0,0.0,22.0
1116.8349071233984,64.0,7.0,0.0,3.0,0.0,22.0
1116.8357404567316,64.0,7.0,0.0,3.0,0.0,22.0
1117.1357404567316,64.0,7.0,0.0,3.0,0.0,22.0
1117.1365737900649,64.0,7.0,0.0,3.0,0.0,22.0
1117.4365737900648,64.0,7.0,0.0,3.0,0.0,22.0
1117.437407123398,64.0,7.0,0.0,3.0,0.0,22.0
1117.737407123398,64.0,7.0,0.0,3.0,0.0,22.0
1117.7382404567313,64.0,7.0,0.0,3.0,0.0,22.0
1118.0382404567313,64.0,7.0,0.0,3.0,0.0,22.0
1118.0390737900645,64.0,7.0,0.0,3.0,0.0,22.0
1118.3390737900645,64.0,7.0,0.0,3.0,0.0,22.0
1118.3399071233978,64.0,7.0,0.0,3.0,0.0,22.0
1118.6399071233977,64.0,7.0,0.0,3.0,0.0,22.0
1118.640740456731,64.0,7.0,0.0,3.0,0.0,22.0
1118.940740456731,64.0,7.0,0.0,3.0,0.0,22.0
1118.9415737900642,64.0,7.0,0.0,8.0,0.0,22.0
1119.2415737900642,64.0,7.0,0.0,8.0,0.0,22.0
1119.2424071233975,64.0,7.0,0.0,8.0,0.0,22.0
1119.5424071233974,64.0,7.0,0.0,8.0,0.0,22.0
1119.5432404567307,64.0,7.0,0.0,8.0,0.0,22.0
1119.8432404567307,64.0,7.0,0.0,8.0,0.0,22.0
1119.844073790064,64.0,7.0,0.0,8.0,0.0,22.0
1120.1440737900639,64.0,7.0,0.0,8.0,0.0,22.0
1120.1449071233972,64.0,7.0,0.0,8.0,0.0,22.0
1120.4449071233971,64.0,7.0,0.0,8.0,0.0,22.0
1120.4457404567304,64.0,7.0,0.0,8.0,0.0,22.0
1120.7457404567303,64.0,7.0,0.0,8.0,0.0,22.0
1120.7465737900636,64.0,7.0,0.0,8.0,0.0,22.0
1121.0465737900636,64.0,7.0,0.0,8.0,0.0,22.0
1121.0474071233969,64.0,7.0,0.0,8.0,0.0,22.0
1121.3474071233968,64.0,7.0,0.0,8.0,0.0,22.0
1121.34824045673,64.0,7.0,0.0,8.0,0.0,22.0
1121.64824045673,64.0,7.0,0.0,8.0,0.0,22.0
1121.6490737900633,64.0,7.0,0.0,8.0,0.0,22.0
1121.9490737900633,64.0,7.0,0.0,8.0,0.0,22.0
1121.9499071233965,64.0,7.0,0.0,8.0,0.0,22.0
1122.2499071233965,64.0,7.0,0.0,8.0,0.0,22.0
1122.2507404567298,64.0,7.0,0.0,8.0,0.0,22.0
1122.5507404567297,64.0,7.0,0.0,8.0,0.0,22.0
1122.551573790063,64.0,7.0,0.0,8.0,0.0,22.0
1122.851573790063,64.0,7.0,0.0,8.0,0.0,22.0
1122.8524071233962,64.0,7.0,0.0,8.0,0.0,22.0
1123.1524071233962,64.0,7.0,0.0,8.0,0.0,22.0
1123.1532404567295,64.0,7.0,0.0,8.0,0.0,22.0
1123.4532404567294,64.0,7.0,0.0,8.0,0.0,22.0
1123.4540737900627,64.0,7.0,0.0,8.0,0.0,22.0
1123.7540737900626,64.0,7.0,0.0,8.0,0.0,22.0
1123.754907123396,64.0,7.0,0.0,8.0,0.0,22.0
1124.0549071233959,64.0,7.0,0.0,8.0,0.0,22.0
1124.0557404567292,64.0,7.0,0.0,8.0,0.0,22.0
1124.355740456729,64.0,7.0,0.0,8.0,0.0,22.0
1124.3565737900624,64.0,7.0,0.0,8.0,0.0,22.0
1124.6565737900623,64.0,7.0,0.0,8.0,0.0,22.0
1124.6574071233956,64.0,7.0,0.0,8.0,0.0,22.0
1124.9574071233956,64.0,7.0,0.0,8.0,0.0,22.0
1124.9582404567288,64.0,7.0,0.0,8.0,0.0,22.0
1125.2582404567288,64.0,7.0,0.0,8.0,0.0,22.0
1125.259073790062,64.0,7.0,0.0,8.0,0.0,22.0
1125.559073790062,64.0,7.0,0.0,8.0,0.0,22.0
1125.5599071233953,64.0,7.0,0.0,8.0,0.0,22.0
1125.8599071233953,64.0,7.0,0.0,8.0,0.0,22.0
1125.8607404567285,64.0,7.0,0.0,8.0,0.0,22.0
1126.1607404567285,64.0,7.0,0.0,8.0,0.0,22.0
1126.1615737900618,64.0,7.0,0.0,8.0,0.0,22.0
1126.4615737900617,64.0,7.0,0.0,8.0,0.0,22.0
1126.462407123395,64.0,7.0,0.0,8.0,0.0,22.0
1126.762407123395,64.0,7.0,0.0,8.0,0.0,22.0
1126.7632404567282,64.0,7.0,0.0,8.0,0.0,22.0
1127.0632404567282,64.0,7.0,0.0,8.0,0.0,22.0
1127.0640737900615,64.0,7.0,0.0,8.0,0.0,22.0
1127.3640737900614,64.0,7.0,0.0,8.0,0.0,22.0
1127.3649071233947,64.0,7.0,0.0,8.0,0.0,22.0
1127.6649071233946,64.0,7.0,0.0,8.0,0.0,22.0
1127.665740456728,64.0,7.0,0.0,8.0,0.0,22.0
1127.9657404567279,64.0,7.0,0.0,8.0,0.0,22.0
1127.9665737900611,64.0,7.0,0.0,8.0,0.0,22.0
1128.266573790061,64.0,7.0,0.0,8.0,0.0,22.0
1128.2674071233944,64.0,7.0,0.0,8.0,0.0,22.0
1128.5674071233943,64.0,7.0,0.0,8.0,0.0,22.0
1128.5682404567276,64.0,7.0,0.0,8.0,0.0,22.0
1128.8682404567276,64.0,7.0,0.0,8.0,0.0,22.0
1128.8690737900608,64.0,7.0,0.0,8.0,0.0,22.0
1129.1690737900608,64.0,7.0,0.0,8.0,0.0,22.0
1129.169907123394,64.0,7.0,0.0,8.0,0.0,22.0
1129.469907123394,64.0,7.0,0.0,8.0,0.0,22.0
1129.4707404567273,64.0,7.0,0.0,8.0,0.0,22.0
1129.7707404567273,64.0,7.0,0.0,8.0,0.0,22.0
1129.7715737900605,64.0,7.0,0.0,8.0,0.0,22.0
1130.0715737900605,64.0,7.0,0.0,8.0,0.0,22.0
1130.0724071233938,64.0,7.0,0.0,8.0,0.0,22.0
1130.3724071233937,64.0,7.0,0.0,8.0,0.0,22.0
1130.373240456727,64.0,7.0,0.0,8.0,0.0,22.0
1130.673240456727,64.0,7.0,0.0,8.0,0.0,22.0
1130.6740737900602,64.0,7.0,0.0,8.0,0.0,22.0
1130.9740737900602,64.0,7.0,0.0,8.0,0.0,22.0
1130.9749071233935,64.0,7.0,0.0,8.0,0.0,22.0
1131.2749071233934,64.0,7.0,0.0,8.0,0.0,22.0
1131.2757404567267,64.0,7.0,0.0,8.0,0.0,22.0
1131.5757404567266,64.0,7.0,0.0,8.0,0.0,22.0
1131.57657379006,64.0,7.0,0.0,8.0,0.0,22.0
1131.8765737900599,64.0,7.0,0.0,8.0,0.0,22.0
1131.8774071233931,64.0,7.0,0.0,8.0,0.0,22.0
1132.177407123393,64.0,7.0,0.0,8.0,0.0,22.0
1132.1782404567264,64.0,7.0,0.0,8.0,0.0,22.0
1132.4782404567263,64.0,7.0,0.0,8.0,0.0,22.0
1132.4790737900596,64.0,7.0,0.0,8.0,0.0,22.0
1132.7790737900596,64.0,7.0,0.0,8.0,0.0,22.0
1132.7799071233928,64.0,7.0,0.0,8.0,0.0,22.0
1133.0799071233928,64.0,7.0,0.0,8.0,0.0,22.0
1133.080740456726,64.0,7.0,0.0,6.0,0.0,23.0
1133.380740456726,64.0,7.0,0.0,6.0,0.0,23.0
1133.3815737900593,64.0,7.0,0.0,6.0,0.0,23.0
1133.6815737900592,64.0,7.0,0.0,6.0,0.0,23.0
1133.6824071233925,64.0,7.0,0.0,6.0,0.0,23.0
1133.9824071233925,64.0,7.0,0.0,6.0,0.0,23.0
1133.9832404567258,64.0,7.0,0.0,4.0,0.0,24.0
1134.2832404567257,64.0,7.0,0.0,4.0,0.0,24.0
1134.284073790059,64.0,7.0,0.0,4.0,0.0,24.0
1134.584073790059,64.0,7.0,0.0,4.0,0.0,24.0
1134.5849071233922,64.0,7.0,0.0,4.0,0.0,24.0
1134.8849071233922,64.0,7.0,0.0,4.0,0.0,24.0
1134.8857404567254,64.0,7.0,0.0,4.0,0.0,24.0
1135.1857404567254,64.0,7.0,0.0,4.0,0.0,24.0
1135.1865737900587,64.0,7.0,0.0,4.0,0.0,24.0
1135.4865737900586,64.0,7.0,0.0,4.0,0.0,24.0
1135.487407123392,64.0,7.0,0.0,4.0,0.0,24.0
1135.7874071233919,64.0,7.0,0.0,4.0,0.0,24.0
1135.7882404567251,64.0,7.0,0.0,2.0,0.0,25.0
1136.088240456725,64.0,7.0,0.0,2.0,0.0,25.0
1136.0890737900584,64.0,7.0,0.0,2.0,0.0,25.0
1136.3890737900583,64.0,7.0,0.0,2.0,0.0,25.0
1136.3899071233916,64.0,7.0,0.0,2.0,0.0,25.0
1136.6899071233915,64.0,7.0,0.0,2.0,0.0,25.0
1136.6907404567248,64.0,7.0,0.0,2.0,0.0,25.0
1136.9907404567248,64.0,7.0,0.0,2.0,0.0,25.0
1136.991573790058,64.0,7.0,0.0,2.0,0.0,25.0
1137.291573790058,64.0,7.0,0.0,2.0,0.0,25.0
1137.2924071233913,64.0,7.0,0.0,2.0,0.0,25.0
1137.5924071233912,64.0,7.0,0.0,2.0,0.0,25.0
1137.5932404567245,64.0,7.0,0.0,2.0,0.0,25.0
1137.8932404567245,64.0,7.0,0.0,2.0,0.0,25.0
1137.8940737900577,64.0,7.0,0.0,2.0,0.0,25.0
1138.1940737900577,64.0,7.0,0.0,2.0,0.0,25.0
1138.194907123391,64.0,7.0,0.0,2.0,0.0,25.0
1138.494907123391,64.0,7.0,0.0,2.0,0.0,25.0
1138.4957404567242,64.0,7.0,0.0,2.0,0.0,25.0
1138.7957404567242,64.0,7.0,0.0,2.0,0.0,25.0
1138.7965737900574,64.0,7.0,0.0,2.0,0.0,25.0
1139.0965737900574,64.0,7.0,0.0,2.0,0.0,25.0
1139.0974071233907,64.0,7.0,0.0,2.0,0.0,25.0
1139.3974071233906,64.0,7.0,0.0,2.0,0.0,25.0
1139.398240456724,64.0,7.0,0.0,2.0,0.0,25.0
1139.6982404567239,64.0,7.0,0.0,2.0,0.0,25.0
1139.6990737900571,64.0,7.0,0.0,2.0,0.0,25.0
1139.999073790057,64.0,7.0,0.0,2.0,0.0,25.0
1139.9999071233904,64.0,7.0,0.0,2.0,0.0,25.0
1140.2999071233903,64.0,7.0,0.0,2.0,0.0,25.0
1140.3007404567236,64.0,7.0,0.0,2.0,0.0,25.0
1140.6007404567235,64.0,7.0,0.0,2.0,0.0,25.0
1140.6015737900568,64.0,7.0,0.0,2.0,0.0,25.0
1140.9015737900568,64.0,7.0,0.0,2.0,0.0,25.0
1140.90240712339,64.0,7.0,0.0,2.0,0.0,25.0
1141.20240712339,64.0,7.0,0.0,2.0,0.0,25.0
1141.2032404567233,64.0,7.0,0.0,2.0,0.0,25.0
1141.5032404567232,64.0,7.0,0.0,2.0,0.0,25.0
1141.5040737900565,64.0,7.0,0.0,2.0,0.0,25.0
1141.8040737900565,64.0,7.0,0.0,2.0,0.0,25.0
1141.8049071233897,65.0,7.0,0.0,2.0,0.0,25.0
1142.1049071233897,65.0,7.0,0.0,2.0,0.0,25.0
1142.1057642662468,65.0,7.0,0.0,2.0,0.0,25.0
1142.4057642662467,65.0,7.0,0.0,2.0,0.0,25.0
1142.4066214091038,65.0,7.0,0.0,2.0,0.0,25.0
1142.7066214091037,65.0,7.0,0.0,2.0,0.0,25.0
1142.7074785519608,65.0,7.0,0.0,2.0,0.0,25.0
1143.0074785519607,65.0,7.0,0.0,2.0,0.0,25.0
1143.0083356948178,65.0,7.0,0.0,2.0,0.0,25.0
1143.3083356948177,65.0,7.0,0.0,2.0,0.0,25.0
1143.3091928376748,65.0,7.0,0.0,2.0,0.0,25.0
1143.6091928376748,65.0,7.0,0.0,2.0,0.0,25.0
1143.6100499805318,65.0,7.0,0.0,2.0,0.0,25.0
1143.9100499805318,65.0,7.0,0.0,2.0,0.0,25.0
1143.9109071233888,65.0,7.0,0.0,2.0,0.0,25.0
1144.2109071233888,65.0,7.0,0.0,2.0,0.0,25.0
1144.2117642662458,65.0,7.0,0.0,2.0,0.0,25.0
1144.5117642662458,65.0,7.0,0.0,2.0,0.0,25.0
1144.5126214091028,65.0,7.0,0.0,2.0,0.0,25.0
1144.8126214091028,65.0,7.0,0.0,2.0,0.0,25.0
1144.8134785519599,65.0,7.0,0.0,2.0,0.0,25.0
1145.1134785519598,65.0,7.0,0.0,2.0,0.0,25.0
1145.1143356948169,65.0,7.0,0.0,2.0,0.0,25.0
1145.4143356948168,65.0,7.0,0.0,2.0,0.0,25.0
1145.4151928376739,65.0,7.0,0.0,2.0,0.0,25.0
1145.7151928376738,65.0,7.0,0.0,2.0,0.0,25.0
1145.716049980531,65.0,7.0,0.0,0.0,0.0,26.0
1146.0160499805309,65.0,7.0,0.0,0.0,0.0,26.0
1146.016907123388,65.0,7.0,0.0,0.0,0.0,26.0
1146.3169071233879,65.0,7.0,0.0,0.0,0.0,26.0
1146.317764266245,65.0,7.0,0.0,0.0,0.0,26.0
1146.6177642662449,65.0,7.0,0.0,0.0,0.0,26.0
1146.618621409102,65.0,7.0,0.0,0.0,0.0,26.0
1146.918621409102,65.0,7.0,0.0,0.0,0.0,26.0
1146.919478551959,65.0,7.0,0.0,0.0,0.0,26.0
1147.219478551959,65.0,7.0,0.0,0.0,0.0,26.0
1147.220335694816,65.0,7.0,0.0,0.0,0.0,26.0
1147.520335694816,65.0,7.0,0.0,0.0,0.0,26.0
1147.521192837673,65.0,7.0,0.0,0.0,0.0,26.0
1147.821192837673,65.0,7.0,0.0,0.0,0.0,26.0
1147.82204998053,65.0,7.0,0.0,0.0,0.0,26.0
1148.12204998053,65.0,7.0,0.0,0.0,0.0,26.0
1148.122907123387,65.0,7.0,0.0,0.0,0.0,26.0
1148.422907123387,65.0,7.0,0.0,0.0,0.0,26.0
1148.423764266244,65.0,7.0,0.0,0.0,0.0,26.0
1148.723764266244,65.0,7.0,0.0,0.0,0.0,26.0
1148.724621409101,65.0,7.0,0.0,0.0,0.0,26.0
1149.024621409101,65.0,7.0,0.0,0.0,0.0,26.0
1149.025478551958,65.0,7.0,0.0,0.0,0.0,26.0
1149.325478551958,65.0,7.0,0.0,0.0,0.0,26.0
1149.326335694815,65.0,7.0,0.0,0.0,0.0,26.0
1149.626335694815,65.0,7.0,0.0,0.0,0.0,26.0
1149.627192837672,65.0,7.0,0.0,0.0,0.0,26.0
1149.927192837672,65.0,7.0,0.0,0.0,0.0,26.0
1149.928049980529,65.0,7.0,0.0,0.0,0.0,26.0
1150.228049980529,65.0,7.0,0.0,0.0,0.0,26.0
1150.228907123386,65.0,7.0,0.0,0.0,0.0,26.0
1150.528907123386,65.0,7.0,0.0,0.0,0.0,26.0
1150.529764266243,65.0,7.0,0.0,0.0,0.0,26.0
1150.829764266243,65.0,7.0,0.0,0.0,0.0,26.0
1150.8306214091,65.0,7.0,0.0,0.0,0.0,26.0
1151.1306214091,65.0,7.0,0.0,0.0,0.0,26.0
1151.1314785519571,65.0,7.0,0.0,0.0,0.0,26.0
1151.431478551957,65.0,7.0,0.0,0.0,0.0,26.0
1151.4323356948141,65.0,7.0,0.0,0.0,0.0,26.0
1151.732335694814,65.0,7.0,0.0,0.0,0.0,26.0
1151.7331928376711,65.0,7.0,0.0,0.0,0.0,26.0
1152.033192837671,65.0,7.0,0.0,0.0,0.0,26.0
1152.0340499805282,66.0,7.0,0.0,0.0,0.0,26.0
1152.334049980528,66.0,7.0,0.0,0.0,0.0,26.0
1152.3349323334694,66.0,7.0,0.0,0.0,0.0,26.0
1152.6349323334694,66.0,7.0,0.0,0.0,0.0,26.0
1152.6358146864106,66.0,7.0,0.0,0.0,0.0,26.0
1152.9358146864106,66.0,7.0,0.0,0.0,0.0,26.0
1152.9366970393519,66.0,7.0,0.0,0.0,0.0,26.0
1153.2366970393518,66.0,7.0,0.0,0.0,0.0,26.0
1153.2375793922931,66.0,7.0,0.0,0.0,0.0,26.0
1153.537579392293,66.0,7.0,0.0,0.0,0.0,26.0
1153.5384617452344,66.0,7.0,0.0,0.0,0.0,26.0
1153.8384617452343,66.0,7.0,0.0,0.0,0.0,26.0
1153.8393440981756,66.0,7.0,0.0,0.0,0.0,26.0
1154.1393440981756,66.0,7.0,0.0,0.0,0.0,26.0
1154.1402264511169,66.0,7.0,0.0,0.0,0.0,26.0
1154.4402264511168,66.0,7.0,0.0,0.0,0.0,26.0
1154.441108804058,66.0,7.0,0.0,0.0,0.0,26.0
1154.741108804058,66.0,7.0,0.0,0.0,0.0,26.0
1154.7419911569993,66.0,7.0,0.0,0.0,0.0,26.0
1155.0419911569993,66.0,7.0,0.0,0.0,0.0,26.0
1155.0428735099406,67.0,7.0,0.0,0.0,0.0,26.0
1155.3428735099405,67.0,7.0,0.0,0.0,0.0,26.0
1155.3437690323285,67.0,7.0,0.0,0.0,0.0,26.0
1155.6437690323285,67.0,7.0,0.0,0.0,0.0,26.0
1155.6446645547164,67.0,7.0,0.0,0.0,0.0,26.0
1155.9446645547164,67.0,7.0,0.0,0.0,0.0,26.0
1155.9455600771043,67.0,7.0,0.0,0.0,0.0,26.0
1156.2455600771043,67.0,7.0,0.0,0.0,0.0,26.0
1156.2464555994923,67.0,7.0,0.0,0.0,0.0,26.0
1156.5464555994922,67.0,7.0,0.0,0.0,0.0,26.0
1156.5473511218802,67.0,7.0,0.0,0.0,0.0,26.0
1156.8473511218801,67.0,7.0,0.0,0.0,0.0,26.0
1156.848246644268,67.0,7.0,0.0,0.0,0.0,26.0
1157.148246644268,67.0,7.0,0.0,0.0,0.0,26.0
1157.149142166656,67.0,7.0,0.0,0.0,0.0,26.0
1157.449142166656,67.0,7.0,0.0,0.0,0.0,26.0
1157.450037689044,67.0,7.0,0.0,0.0,0.0,26.0
1157.750037689044,67.0,7.0,0.0,0.0,0.0,26.0
1157.7509332114319,67.0,7.0,0.0,0.0,0.0,26.0
1158.0509332114318,67.0,7.0,0.0,0.0,0.0,26.0
1158.0518287338198,67.0,7.0,0.0,0.0,0.0,26.0
1158.3518287338197,67.0,7.0,0.0,0.0,0.0,26.0
1158.3527242562077,67.0,7.0,0.0,0.0,0.0,26.0
1158.6527242562076,67.0,7.0,0.0,0.0,0.0,26.0
1158.6536197785956,66.0,7.0,0.0,0.0,0.0,26.0
1158.9536197785956,66.0,7.0,0.0,0.0,0.0,26.0
1158.9545021315369,66.0,7.0,0.0,0.0,0.0,26.0
1159.2545021315368,66.0,7.0,0.0,0.0,0.0,26.0
1159.255384484478,66.0,7.0,0.0,0.0,0.0,26.0
1159.555384484478,66.0,7.0,0.0,0.0,0.0,26.0
1159.5562668374193,66.0,7.0,0.0,0.0,0.0,26.0
1159.8562668374193,66.0,7.0,0.0,0.0,0.0,26.0
1159.8571491903606,66.0,7.0,0.0,0.0,0.0,26.0
1160.1571491903605,66.0,7.0,0.0,0.0,0.0,26.0
1160.1580315433018,66.0,7.0,0.0,0.0,0.0,26.0
1160.4580315433018,66.0,7.0,0.0,0.0,0.0,26.0
1160.458913896243,66.0,7.0,0.0,0.0,0.0,26.0
1160.758913896243,66.0,7.0,0.0,0.0,0.0,26.0
1160.7597962491843,66.0,7.0,0.0,0.0,0.0,26.0
1161.0597962491843,66.0,7.0,0.0,0.0,0.0,26.0
1161.0606786021256,66.0,7.0,0.0,0.0,0.0,26.0
1161.3606786021255,66.0,7.0,0.0,0.0,0.0,26.0
1161.3615609550668,66.0,7.0,0.0,0.0,0.0,26.0
1161.6615609550668,66.0,7.0,0.0,0.0,0.0,26.0
1161.662443308008,66.0,7.0,0.0,0.0,0.0,26.0
1161.962443308008,66.0,7.0,0.0,0.0,0.0,26.0
1161.9633256609493,66.0,7.0,0.0,0.0,0.0,26.0
1162.2633256609492,66.0,7.0,0.0,0.0,0.0,26.0
1162.2642080138905,66.0,7.0,0.0,0.0,0.0,26.0
1162.5642080138905,66.0,7.0,0.0,0.0,0.0,26.0
1162.5650903668318,66.0,7.0,0.0,0.0,0.0,26.0
1162.8650903668317,66.0,7.0,0.0,0.0,0.0,26.0
1162.865972719773,66.0,7.0,0.0,0.0,0.0,26.0
1163.165972719773,66.0,7.0,0.0,0.0,0.0,26.0
1163.1668550727143,66.0,7.0,0.0,0.0,0.0,26.0
1163.4668550727142,66.0,7.0,0.0,0.0,0.0,26.0
1163.4677374256555,66.0,7.0,0.0,0.0,0.0,26.0
1163.7677374256555,66.0,7.0,0.0,0.0,0.0,26.0
1163.7686197785968,66.0,7.0,0.0,0.0,0.0,26.0
1164.0686197785967,66.0,7.0,0.0,0.0,0.0,26.0
1164.069502131538,66.0,7.0,0.0,0.0,0.0,26.0
1164.369502131538,66.0,7.0,0.0,0.0,0.0,26.0
1164.3703844844792,66.0,7.0,0.0,0.0,0.0,26.0
1164.6703844844792,66.0,7.0,0.0,0.0,0.0,26.0
1164.6712668374205,66.0,7.0,0.0,0.0,0.0,26.0
1164.9712668374204,66.0,7.0,0.0,0.0,0.0,26.0
1164.9721491903617,66.0,7.0,0.0,0.0,0.0,26.0
1165.2721491903617,66.0,7.0,0.0,0.0,0.0,26.0
1165.273031543303,66.0,7.0,0.0,0.0,0.0,26.0
1165.573031543303,66.0,7.0,0.0,0.0,0.0,26.0
1165.5739138962442,66.0,7.0,0.0,0.0,0.0,26.0
1165.8739138962442,66.0,7.0,0.0,0.0,0.0,26.0
1165.8747962491855,66.0,7.0,0.0,0.0,0.0,26.0
1166.1747962491854,66.0,7.0,0.0,0.0,0.0,26.0
1166.1756786021267,66.0,7.0,0.0,0.0,0.0,26.0
1166.4756786021267,66.0,7.0,0.0,0.0,0.0,26.0
1166.476560955068,66.0,7.0,0.0,0.0,0.0,26.0
1166.776560955068,66.0,7.0,0.0,0.0,0.0,26.0
1166.7774433080092,66.0,7.0,0.0,0.0,0.0,26.0
1167.0774433080092,66.0,7.0,0.0,0.0,0.0,26.0
1167.0783256609504,67.0,7.0,0.0,0.0,0.0,26.0
1167.3783256609504,67.0,7.0,0.0,0.0,0.0,26.0
1167.3792211833384,67.0,7.0,0.0,0.0,0.0,26.0
1167.6792211833383,67.0,7.0,0.0,0.0,0.0,26.0
1167.6801167057263,67.0,7.0,0.0,0.0,0.0,26.0
1167.9801167057262,67.0,7.0,0.0,0.0,0.0,26.0
1167.9810122281142,67.0,7.0,0.0,0.0,0.0,26.0
1168.2810122281142,67.0,7.0,0.0,0.0,0.0,26.0
1168.2819077505021,67.0,7.0,0.0,0.0,0.0,26.0
1168.581907750502,67.0,7.0,0.0,0.0,0.0,26.0
1168.58280327289,67.0,7.0,0.0,0.0,0.0,26.0
1168.88280327289,67.0,7.0,0.0,0.0,0.0,26.0
1168.883698795278,67.0,7.0,0.0,0.0,0.0,26.0
1169.183698795278,67.0,7.0,0.0,0.0,0.0,26.0
1169.1845943176659,67.0,7.0,0.0,0.0,0.0,26.0
1169.4845943176658,67.0,7.0,0.0,0.0,0.0,26.0
1169.4854898400538,67.0,7.0,0.0,0.0,0.0,26.0
1169.7854898400537,67.0,7.0,0.0,0.0,0.0,26.0
1169.7863853624417,67.0,7.0,0.0,0.0,0.0,26.0
1170.0863853624417,67.0,7.0,0.0,0.0,0.0,26.0
1170.0872808848296,67.0,7.0,0.0,0.0,0.0,26.0
1170.3872808848296,67.0,7.0,0.0,0.0,0.0,26.0
1170.3881764072175,67.0,7.0,0.0,0.0,0.0,26.0
1170.6881764072175,67.0,7.0,0.0,0.0,0.0,26.0
1170.6890719296055,67.0,7.0,0.0,0.0,0.0,26.0
1170.9890719296054,67.0,7.0,0.0,0.0,0.0,26.0
1170.9899674519934,67.0,7.0,0.0,0.0,0.0,26.0
1171.2899674519933,67.0,7.0,0.0,0.0,0.0,26.0
1171.2908629743813,67.0,7.0,0.0,0.0,0.0,26.0
1171.5908629743813,67.0,7.0,0.0,0.0,0.0,26.0
1171.5917584967692,67.0,7.0,0.0,0.0,0.0,26.0
1171.8917584967692,67.0,7.0,0.0,0.0,0.0,26.0
1171.8926540191571,67.0,7.0,0.0,0.0,0.0,26.0
1172.192654019157,67.0,7.0,0.0,0.0,0.0,26.0
1172.193549541545,67.0,7.0,0.0,0.0,0.0,26.0
1172.493549541545,67.0,7.0,0.0,0.0,0.0,26.0
1172.494445063933,67.0,7.0,0.0,0.0,0.0,26.0
1172.794445063933,67.0,7.0,0.0,0.0,0.0,26.0
1172.795340586321,67.0,7.0,0.0,0.0,0.0,26.0
1173.0953405863208,67.0,7.0,0.0,0.0,0.0,26.0
1173.0962361087088,67.0,7.0,0.0,0.0,0.0,26.0
1173.3962361087088,67.0,7.0,0.0,0.0,0.0,26.0
1173.3971316310967,67.0,7.0,0.0,0.0,0.0,26.0
1173.6971316310967,67.0,7.0,0.0,0.0,0.0,26.0
1173.6980271534846,67.0,7.0,0.0,0.0,0.0,26.0
1173.9980271534846,67.0,7.0,0.0,0.0,0.0,26.0
1173.9989226758726,67.0,7.0,0.0,0.0,0.0,26.0
1174.2989226758725,67.0,7.0,0.0,0.0,0.0,26.0
1174.2998181982605,67.0,7.0,0.0,0.0,0.0,26.0
1174.5998181982604,67.0,7.0,0.0,0.0,0.0,26.0
1174.6007137206484,67.0,7.0,0.0,0.0,0.0,26.0
1174.9007137206484,67.0,7.0,0.0,0.0,0.0,26.0
1174.9016092430363,67.0,7.0,0.0,0.0,0.0,26.0
1175.2016092430363,67.0,7.0,0.0,0.0,0.0,26.0
1175.2025047654242,67.0,7.0,0.0,0.0,0.0,26.0
1175.5025047654242,67.0,7.0,0.0,0.0,0.0,26.0
1175.5034002878122,67.0,7.0,0.0,0.0,0.0,26.0
1175.803400287812,67.0,7.0,0.0,0.0,0.0,26.0
1175.8042958102,67.0,7.0,0.0,0.0,0.0,26.0
1176.1042958102,67.0,7.0,0.0,0.0,0.0,26.0
1176.105191332588,67.0,7.0,0.0,0.0,0.0,26.0
1176.405191332588,67.0,7.0,0.0,0.0,0.0,26.0
1176.406086854976,67.0,7.0,0.0,0.0,0.0,26.0
1176.7060868549759,67.0,7.0,0.0,0.0,0.0,26.0
1176.7069823773638,67.0,7.0,0.0,0.0,0.0,26.0
1177.0069823773638,67.0,7.0,0.0,0.0,0.0,26.0
1177.0078778997517,67.0,7.0,0.0,0.0,0.0,26.0
1177.3078778997517,67.0,7.0,0.0,0.0,0.0,26.0
1177.3087734221397,67.0,7.0,0.0,0.0,0.0,26.0
1177.6087734221396,67.0,7.0,0.0,0.0,0.0,26.0
1177.6096689445276,67.0,7.0,0.0,0.0,0.0,26.0
1177.9096689445275,67.0,7.0,0.0,0.0,0.0,26.0
1177.9105644669155,67.0,7.0,0.0,0.0,0.0,26.0
1178.2105644669155,67.0,7.0,0.0,0.0,0.0,26.0
1178.2114599893034,67.0,7.0,0.0,0.0,0.0,26.0
1178.5114599893034,67.0,7.0,0.0,0.0,0.0,26.0
1178.5123555116913,67.0,7.0,0.0,0.0,0.0,26.0
1178.8123555116913,67.0,7.0,0.0,0.0,0.0,26.0
1178.8132510340793,67.0,7.0,0.0,0.0,0.0,26.0
1179.1132510340792,67.0,7.0,0.0,0.0,0.0,26.0
1179.1141465564672,67.0,7.0,0.0,0.0,0.0,26.0
1179.4141465564671,67.0,7.0,0.0,0.0,0.0,26.0
1179.415042078855,67.0,7.0,0.0,0.0,0.0,26.0
1179.715042078855,67.0,7.0,0.0,0.0,0.0,26.0
1179.715937601243,67.0,7.0,0.0,0.0,0.0,26.0
1180.015937601243,67.0,7.0,0.0,0.0,0.0,26.0
1180.016833123631,67.0,7.0,0.0,0.0,0.0,26.0
1180.3168331236309,67.0,7.0,0.0,0.0,0.0,26.0
1180.3177286460188,67.0,7.0,0.0,0.0,0.0,26.0
1180.6177286460188,67.0,7.0,0.0,0.0,0.0,26.0
1180.6186241684068,67.0,7.0,0.0,0.0,0.0,26.0
1180.9186241684067,67.0,7.0,0.0,0.0,0.0,26.0
1180.9195196907947,67.0,7.0,0.0,0.0,0.0,26.0
1181.2195196907946,67.0,7.0,0.0,0.0,0.0,26.0
1181.2204152131826,67.0,7.0,0.0,0.0,0.0,26.0
1181.5204152131826,67.0,7.0,0.0,0.0,0.0,26.0
1181.5213107355705,67.0,7.0,0.0,0.0,0.0,26.0
1181.8213107355705,67.0,7.0,0.0,0.0,0.0,26.0
1181.8222062579584,67.0,7.0,0.0,0.0,0.0,26.0
1182.1222062579584,67.0,7.0,0.0,0.0,0.0,26.0
1182.1231017803464,67.0,7.0,0.0,0.0,0.0,26.0
1182.4231017803463,67.0,7.0,0.0,0.0,0.0,26.0
1182.4239973027343,67.0,7.0,0.0,0.0,0.0,26.0
1182.7239973027342,67.0,7.0,0.0,0.0,0.0,26.0
1182.7248928251222,67.0,7.0,0.0,0.0,0.0,26.0
1183.0248928251222,67.0,7.0,0.0,0.0,0.0,26.0
1183.0257883475101,67.0,7.0,0.0,0.0,0.0,26.0
1183.32578834751,67.0,7.0,0.0,0.0,0.0,26.0
1183.326683869898,67.0,7.0,0.0,0.0,0.0,26.0
1183.626683869898,67.0,7.0,0.0,0.0,0.0,26.0
1183.627579392286,67.0,7.0,0.0,0.0,0.0,26.0
1183.927579392286,67.0,7.0,0.0,0.0,0.0,26.0
1183.9284749146739,67.0,7.0,0.0,0.0,0.0,26.0
1184.2284749146738,67.0,7.0,0.0,0.0,0.0,26.0
1184.2293704370618,67.0,7.0,0.0,0.0,0.0,26.0
1184.5293704370617,67.0,7.0,0.0,0.0,0.0,26.0
1184.5302659594497,67.0,7.0,0.0,0.0,0.0,26.0
1184.8302659594497,67.0,7.0,0.0,0.0,0.0,26.0
1184.8311614818376,67.0,7.0,0.0,0.0,0.0,26.0
1185.1311614818376,67.0,7.0,0.0,0.0,0.0,26.0
1185.1320570042255,67.0,7.0,0.0,0.0,0.0,26.0
1185.4320570042255,67.0,7.0,0.0,0.0,0.0,26.0
1185.4329525266135,67.0,7.0,0.0,0.0,0.0,26.0
1185.7329525266134,67.0,7.0,0.0,0.0,0.0,26.0
1185.7338480490014,67.0,7.0,0.0,0.0,0.0,26.0
1186.0338480490013,67.0,7.0,0.0,0.0,0.0,26.0
1186.0347435713893,67.0,7.0,0.0,0.0,0.0,26.0
1186.3347435713893,67.0,7.0,0.0,0.0,0.0,26.0
1186.3356390937772,67.0,7.0,0.0,0.0,0.0,26.0
1186.6356390937772,67.0,7.0,0.0,0.0,0.0,26.0
1186.6365346161651,67.0,7.0,0.0,0.0,0.0,26.0
1186.936534616165,67.0,7.0,0.0,0.0,0.0,26.0
1186.937430138553,67.0,7.0,0.0,0.0,0.0,26.0
1187.237430138553,67.0,7.0,0.0,0.0,0.0,26.0
1187.238325660941,67.0,7.0,0.0,0.0,0.0,26.0
1187.538325660941,67.0,7.0,0.0,0.0,0.0,26.0
1187.539221183329,67.0,7.0,0.0,0.0,0.0,26.0
1187.8392211833288,67.0,7.0,0.0,0.0,0.0,26.0
1187.8401167057168,67.0,7.0,0.0,0.0,0.0,26.0
1188.1401167057168,67.0,7.0,0.0,0.0,0.0,26.0
1188.1410122281047,67.0,7.0,0.0,0.0,0.0,26.0
1188.4410122281047,67.0,7.0,0.0,0.0,0.0,26.0
1188.4419077504926,67.0,7.0,0.0,0.0,0.0,26.0
1188.7419077504926,67.0,7.0,0.0,0.0,0.0,26.0
1188.7428032728806,67.0,7.0,0.0,0.0,0.0,26.0
1189.0428032728805,67.0,7.0,0.0,0.0,0.0,26.0
1189.0436987952685,67.0,7.0,0.0,0.0,0.0,26.0
1189.3436987952684,67.0,7.0,0.0,0.0,0.0,26.0
1189.3445943176564,67.0,7.0,0.0,0.0,0.0,26.0
1189.6445943176564,67.0,7.0,0.0,0.0,0.0,26.0
1189.6454898400443,67.0,7.0,0.0,0.0,0.0,26.0
1189.9454898400443,67.0,7.0,0.0,0.0,0.0,26.0
1189.9463853624322,67.0,7.0,0.0,0.0,0.0,26.0
1190.2463853624322,67.0,7.0,0.0,0.0,0.0,26.0
1190.2472808848202,67.0,7.0,0.0,0.0,0.0,26.0
1190.54728088482,67.0,7.0,0.0,0.0,0.0,26.0
1190.548176407208,67.0,7.0,0.0,0.0,0.0,26.0
1190.848176407208,67.0,7.0,0.0,0.0,0.0,26.0
1190.849071929596,67.0,7.0,0.0,0.0,0.0,26.0
1191.149071929596,67.0,7.0,0.0,0.0,0.0,26.0
1191.149967451984,67.0,7.0,0.0,0.0,0.0,26.0
1191.4499674519839,67.0,7.0,0.0,0.0,0.0,26.0
1191.4508629743718,67.0,7.0,0.0,0.0,0.0,26.0
1191.7508629743718,67.0,7.0,0.0,0.0,0.0,26.0
1191.7517584967597,67.0,7.0,0.0,0.0,0.0,26.0
1192.0517584967597,67.0,7.0,0.0,0.0,0.0,26.0
1192.0526540191477,67.0,7.0,0.0,0.0,0.0,26.0
1192.3526540191476,67.0,7.0,0.0,0.0,0.0,26.0
1192.3535495415356,67.0,7.0,0.0,0.0,0.0,26.0
1192.6535495415355,67.0,7.0,0.0,0.0,0.0,26.0
1192.6544450639235,67.0,7.0,0.0,0.0,0.0,26.0
1192.9544450639235,67.0,7.0,0.0,0.0,0.0,26.0
1192.9553405863114,67.0,7.0,0.0,0.0,0.0,26.0
1193.2553405863114,67.0,7.0,0.0,0.0,0.0,26.0
1193.2562361086993,67.0,7.0,0.0,0.0,0.0,26.0
1193.5562361086993,67.0,7.0,0.0,0.0,0.0,26.0
1193.5571316310873,67.0,7.0,0.0,0.0,0.0,26.0
1193.8571316310872,67.0,7.0,0.0,0.0,0.0,26.0
1193.8580271534752,67.0,7.0,0.0,0.0,0.0,26.0
1194.1580271534751,67.0,7.0,0.0,0.0,0.0,26.0
1194.158922675863,67.0,7.0,0.0,0.0,0.0,26.0
1194.458922675863,67.0,7.0,0.0,0.0,0.0,26.0
1194.459818198251,67.0,7.0,0.0,0.0,0.0,26.0
1194.759818198251,67.0,7.0,0.0,0.0,0.0,26.0
1194.760713720639,67.0,7.0,0.0,0.0,0.0,26.0
1195.060713720639,67.0,7.0,0.0,0.0,0.0,26.0
1195.0616092430269,67.0,7.0,0.0,0.0,0.0,26.0
1195.3616092430268,67.0,7.0,0.0,0.0,0.0,26.0
1195.3625047654148,67.0,7.0,0.0,0.0,0.0,26.0
1195.6625047654147,67.0,7.0,0.0,0.0,0.0,26.0
1195.6634002878027,67.0,7.0,0.0,0.0,0.0,26.0
1195.9634002878026,67.0,7.0,0.0,0.0,0.0,26.0
1195.9642958101906,67.0,7.0,0.0,0.0,0.0,26.0
1196.2642958101906,67.0,7.0,0.0,0.0,0.0,26.0
1196.2651913325785,67.0,7.0,0.0,0.0,0.0,26.0
1196.5651913325785,67.0,7.0,0.0,0.0,0.0,26.0
1196.5660868549664,67.0,7.0,0.0,0.0,0.0,26.0
1196.8660868549664,67.0,7.0,0.0,0.0,0.0,26.0
1196.8669823773544,67.0,7.0,0.0,0.0,0.0,26.0
1197.1669823773543,67.0,7.0,0.0,0.0,0.0,26.0
1197.1678778997423,67.0,7.0,0.0,0.0,0.0,26.0
1197.4678778997422,67.0,7.0,0.0,0.0,0.0,26.0
1197.4687734221302,67.0,7.0,0.0,0.0,0.0,26.0
1197.7687734221302,67.0,7.0,0.0,0.0,0.0,26.0
1197.7696689445181,67.0,7.0,0.0,0.0,0.0,26.0
1198.069668944518,67.0,7.0,0.0,0.0,0.0,26.0
1198.070564466906,67.0,7.0,0.0,0.0,0.0,26.0
1198.370564466906,67.0,7.0,0.0,0.0,0.0,26.0
1198.371459989294,67.0,7.0,0.0,0.0,0.0,26.0
1198.671459989294,67.0,7.0,0.0,0.0,0.0,26.0
1198.6723555116819,67.0,7.0,0.0,0.0,0.0,26.0
1198.9723555116818,67.0,7.0,0.0,0.0,0.0,26.0
1198.9732510340698,68.0,7.0,0.0,0.0,0.0,26.0
1199.2732510340697,68.0,7.0,0.0,0.0,0.0,26.0
1199.274133387011,68.0,7.0,0.0,0.0,0.0,26.0
1199.574133387011,68.0,7.0,0.0,0.0,0.0,26.0
1199.5750157399523,68.0,7.0,0.0,0.0,0.0,26.0
1199.8750157399522,68.0,7.0,0.0,0.0,0.0,26.0
1199.8758980928935,68.0,7.0,0.0,0.0,0.0,26.0
1200.1758980928935,68.0,7.0,0.0,0.0,0.0,26.0
1200.1767804458348,68.0,7.0,0.0,0.0,0.0,26.0
1200.4767804458347,68.0,7.0,0.0,0.0,0.0,26.0
1200.477662798776,68.0,7.0,0.0,0.0,0.0,26.0
1200.777662798776,68.0,7.0,0.0,0.0,0.0,26.0
1200.7785451517173,68.0,7.0,0.0,0.0,0.0,26.0
1201.0785451517172,68.0,7.0,0.0,0.0,0.0,26.0
1201.0794275046585,68.0,7.0,0.0,0.0,0.0,26.0
1201.3794275046585,68.0,7.0,0.0,0.0,0.0,26.0
1201.3803098575997,68.0,7.0,0.0,0.0,0.0,26.0
1201.6803098575997,68.0,7.0,0.0,0.0,0.0,26.0
1201.681192210541,68.0,7.0,0.0,0.0,0.0,26.0
1201.981192210541,68.0,7.0,0.0,0.0,0.0,26.0
1201.9820745634822,68.0,7.0,0.0,0.0,0.0,26.0
1202.2820745634822,68.0,7.0,0.0,0.0,0.0,26.0
1202.2829569164235,68.0,7.0,0.0,0.0,0.0,26.0
1202.5829569164234,68.0,7.0,0.0,0.0,0.0,26.0
1202.5838392693647,68.0,7.0,0.0,0.0,0.0,26.0
1202.8838392693647,68.0,7.0,0.0,0.0,0.0,26.0
1202.884721622306,68.0,7.0,0.0,0.0,0.0,26.0
1203.184721622306,68.0,7.0,0.0,0.0,0.0,26.0
1203.1856039752472,68.0,7.0,0.0,0.0,0.0,26.0
1203.4856039752472,68.0,7.0,0.0,0.0,0.0,26.0
1203.4864863281884,68.0,7.0,0.0,0.0,0.0,26.0
1203.7864863281884,68.0,7.0,0.0,0.0,0.0,26.0
1203.7873686811297,68.0,7.0,0.0,0.0,0.0,26.0
1204.0873686811296,68.0,7.0,0.0,0.0,0.0,26.0
1204.088251034071,68.0,7.0,0.0,0.0,0.0,26.0
1204.388251034071,68.0,7.0,0.0,0.0,0.0,26.0
1204.3891333870122,68.0,7.0,0.0,0.0,0.0,26.0
1204.6891333870121,68.0,7.0,0.0,0.0,0.0,26.0
1204.6900157399534,68.0,7.0,0.0,0.0,0.0,26.0
1204.9900157399534,68.0,7.0,0.0,0.0,0.0,26.0
1204.9908980928947,68.0,7.0,0.0,0.0,0.0,26.0
1205.2908980928946,68.0,7.0,0.0,0.0,0.0,26.0
1205.291780445836,68.0,7.0,0.0,0.0,0.0,26.0
1205.5917804458359,68.0,7.0,0.0,0.0,0.0,26.0
1205.5926627987772,68.0,7.0,0.0,0.0,0.0,26.0
1205.892662798777,68.0,7.0,0.0,0.0,0.0,26.0
1205.8935451517184,68.0,7.0,0.0,0.0,0.0,26.0
1206.1935451517184,68.0,7.0,0.0,0.0,0.0,26.0
1206.1944275046596,68.0,7.0,0.0,0.0,0.0,26.0
1206.4944275046596,68.0,7.0,0.0,0.0,0.0,26.0
1206.495309857601,68.0,7.0,0.0,0.0,0.0,26.0
1206.7953098576008,68.0,7.0,0.0,0.0,0.0,26.0
1206.7961922105421,68.0,7.0,0.0,0.0,0.0,26.0
1207.096192210542,68.0,7.0,0.0,0.0,0.0,26.0
1207.0970745634834,68.0,7.0,0.0,0.0,0.0,26.0
1207.3970745634833,68.0,7.0,0.0,0.0,0.0,26.0
1207.3979569164246,68.0,7.0,0.0,0.0,0.0,26.0
1207.6979569164246,68.0,7.0,0.0,0.0,0.0,26.0
1207.6988392693659,68.0,7.0,0.0,0.0,0.0,26.0
1207.9988392693658,68.0,7.0,0.0,0.0,0.0,26.0
1207.999721622307,68.0,7.0,0.0,0.0,0.0,26.0
1208.299721622307,68.0,7.0,0.0,0.0,0.0,26.0
1208.3006039752484,68.0,7.0,0.0,0.0,0.0,26.0
1208.6006039752483,68.0,7.0,0.0,0.0,0.0,26.0
1208.6014863281896,68.0,7.0,0.0,0.0,0.0,26.0
1208.9014863281895,68.0,7.0,0.0,0.0,0.0,26.0
1208.9023686811308,68.0,7.0,0.0,0.0,0.0,26.0
1209.2023686811308,68.0,7.0,0.0,0.0,0.0,26.0
1209.203251034072,68.0,7.0,0.0,0.0,0.0,26.0
1209.503251034072,68.0,7.0,0.0,0.0,0.0,26.0
1209.5041333870133,68.0,7.0,0.0,0.0,0.0,26.0
1209.8041333870133,68.0,7.0,0.0,0.0,0.0,26.0
1209.8050157399546,68.0,7.0,0.0,0.0,0.0,26.0
1210.1050157399545,68.0,7.0,0.0,0.0,0.0,26.0
1210.1058980928958,68.0,7.0,0.0,0.0,0.0,26.0
1210.4058980928958,68.0,7.0,0.0,0.0,0.0,26.0
1210.406780445837,68.0,7.0,0.0,0.0,0.0,26.0
1210.706780445837,68.0,7.0,0.0,0.0,0.0,26.0
1210.7076627987783,68.0,7.0,0.0,0.0,0.0,26.0
1211.0076627987783,68.0,7.0,0.0,0.0,0.0,26.0
1211.0085451517195,68.0,7.0,0.0,0.0,0.0,26.0
1211.3085451517195,68.0,7.0,0.0,0.0,0.0,26.0
1211.3094275046608,68.0,7.0,0.0,0.0,0.0,26.0
1211.6094275046607,68.0,7.0,0.0,0.0,0.0,26.0
1211.610309857602,69.0,7.0,0.0,0.0,0.0,26.0
1211.910309857602,69.0,7.0,0.0,0.0,0.0,26.0
1211.9111794228195,69.0,7.0,0.0,0.0,0.0,26.0
1212.2111794228194,69.0,7.0,0.0,0.0,0.0,26.0
1212.212048988037,69.0,7.0,0.0,0.0,0.0,26.0
1212.512048988037,69.0,7.0,0.0,0.0,0.0,26.0
1212.5129185532544,70.0,7.0,0.0,0.0,0.0,26.0
1212.8129185532543,70.0,7.0,0.0,0.0,0.0,26.0
1212.8137756961114,70.0,7.0,0.0,0.0,0.0,26.0
1213.1137756961114,70.0,7.0,0.0,0.0,0.0,26.0
1213.1146328389684,70.0,7.0,0.0,0.0,0.0,26.0
1213.4146328389684,70.0,7.0,0.0,0.0,0.0,26.0
1213.4154899818254,70.0,7.0,0.0,0.0,0.0,26.0
1213.7154899818254,70.0,7.0,0.0,0.0,0.0,26.0
1213.7163471246824,70.0,7.0,0.0,0.0,0.0,26.0
1214.0163471246824,70.0,7.0,0.0,0.0,0.0,26.0
1214.0172042675395,70.0,7.0,0.0,0.0,0.0,26.0
1214.3172042675394,70.0,7.0,0.0,0.0,0.0,26.0
1214.3180614103965,70.0,7.0,0.0,0.0,0.0,26.0
1214.6180614103964,70.0,7.0,0.0,0.0,0.0,26.0
1214.6189185532535,70.0,7.0,0.0,0.0,0.0,26.0
1214.9189185532534,70.0,7.0,0.0,0.0,0.0,26.0
1214.9197756961105,70.0,7.0,0.0,0.0,0.0,26.0
1215.2197756961104,70.0,7.0,0.0,0.0,0.0,26.0
1215.2206328389675,70.0,7.0,0.0,0.0,0.0,26.0
1215.5206328389675,70.0,7.0,0.0,0.0,0.0,26.0
1215.5214899818245,70.0,7.0,0.0,0.0,0.0,26.0
1215.8214899818245,70.0,7.0,0.0,0.0,0.0,26.0
1215.8223471246815,70.0,7.0,0.0,0.0,0.0,26.0
1216.1223471246815,70.0,7.0,0.0,0.0,0.0,26.0
1216.1232042675385,70.0,7.0,0.0,0.0,0.0,26.0
1216.4232042675385,70.0,7.0,0.0,0.0,0.0,26.0
1216.4240614103956,70.0,7.0,0.0,0.0,0.0,26.0
1216.7240614103955,70.0,7.0,0.0,0.0,0.0,26.0
1216.7249185532526,70.0,7.0,0.0,0.0,0.0,26.0
1217.0249185532525,70.0,7.0,0.0,0.0,0.0,26.0
1217.0257756961096,70.0,7.0,0.0,0.0,0.0,26.0
1217.3257756961095,70.0,7.0,0.0,0.0,0.0,26.0
1217.3266328389666,70.0,7.0,0.0,0.0,0.0,26.0
1217.6266328389665,70.0,7.0,0.0,0.0,0.0,26.0
1217.6274899818236,70.0,7.0,0.0,0.0,0.0,26.0
1217.9274899818236,70.0,7.0,0.0,0.0,0.0,26.0
1217.9283471246806,70.0,7.0,0.0,0.0,0.0,26.0
1218.2283471246806,70.0,7.0,0.0,0.0,0.0,26.0
1218.2292042675376,70.0,7.0,0.0,0.0,0.0,26.0
1218.5292042675376,70.0,7.0,0.0,0.0,0.0,26.0
1218.5300614103946,70.0,7.0,0.0,0.0,0.0,26.0
1218.8300614103946,70.0,7.0,0.0,0.0,0.0,26.0
1218.8309185532516,70.0,7.0,0.0,0.0,0.0,26.0
1219.1309185532516,70.0,7.0,0.0,0.0,0.0,26.0
1219.1317756961087,70.0,7.0,0.0,0.0,0.0,26.0
1219.4317756961086,70.0,7.0,0.0,0.0,0.0,26.0
1219.4326328389657,70.0,7.0,0.0,0.0,0.0,26.0
1219.7326328389656,70.0,7.0,0.0,0.0,0.0,26.0
1219.7334899818227,70.0,7.0,0.0,0.0,0.0,26.0
1220.0334899818226,70.0,7.0,0.0,0.0,0.0,26.0
1220.0343471246797,70.0,7.0,0.0,0.0,0.0,26.0
1220.3343471246797,70.0,7.0,0.0,0.0,0.0,26.0
1220.3352042675367,70.0,7.0,0.0,0.0,0.0,26.0
1220.6352042675367,70.0,7.0,0.0,0.0,0.0,26.0
1220.6360614103937,70.0,7.0,0.0,0.0,0.0,26.0
1220.9360614103937,70.0,7.0,0.0,0.0,0.0,26.0
1220.9369185532507,70.0,7.0,0.0,0.0,0.0,26.0
1221.2369185532507,70.0,7.0,0.0,0.0,0.0,26.0
1221.2377756961077,70.0,7.0,0.0,0.0,0.0,26.0
1221.5377756961077,70.0,7.0,0.0,0.0,0.0,26.0
1221.5386328389648,70.0,7.0,0.0,0.0,0.0,26.0
1221.8386328389647,70.0,7.0,0.0,0.0,0.0,26.0
1221.8394899818218,70.0,7.0,0.0,0.0,0.0,26.0
1222.1394899818217,70.0,7.0,0.0,0.0,0.0,26.0
1222.1403471246788,70.0,7.0,0.0,0.0,0.0,26.0
1222.4403471246787,70.0,7.0,0.0,0.0,0.0,26.0
1222.4412042675358,71.0,7.0,0.0,0.0,0.0,26.0
1222.7412042675357,71.0,7.0,0.0,0.0,0.0,26.0
1222.7420493379582,71.0,7.0,0.0,0.0,0.0,26.0
1223.0420493379581,71.0,7.0,0.0,0.0,0.0,26.0
1223.0428944083806,71.0,7.0,0.0,0.0,0.0,26.0
1223.3428944083805,71.0,7.0,0.0,0.0,0.0,26.0
1223.343739478803,71.0,7.0,0.0,0.0,0.0,26.0
1223.643739478803,71.0,7.0,0.0,0.0,0.0,26.0
1223.6445845492253,71.0,7.0,0.0,0.0,0.0,26.0
1223.9445845492253,71.0,7.0,0.0,0.0,0.0,26.0
1223.9454296196477,71.0,7.0,0.0,0.0,0.0,26.0
1224.2454296196477,71.0,7.0,0.0,0.0,0.0,26.0
1224.24627469007,71.0,7.0,0.0,0.0,0.0,26.0
1224.54627469007,71.0,7.0,0.0,0.0,0.0,26.0
1224.5471197604925,71.0,7.0,0.0,0.0,0.0,26.0
1224.8471197604924,71.0,7.0,0.0,0.0,0.0,26.0
1224.8479648309149,71.0,7.0,0.0,0.0,0.0,26.0
1225.1479648309148,71.0,7.0,0.0,0.0,0.0,26.0
1225.1488099013372,71.0,6.0,0.0,0.0,0.0,26.0
1225.4488099013372,71.0,6.0,0.0,0.0,0.0,26.0
1225.4496549717596,71.0,6.0,0.0,0.0,0.0,26.0
1225.7496549717596,71.0,6.0,0.0,0.0,0.0,26.0
1225.750500042182,71.0,6.0,0.0,0.0,0.0,26.0
1226.050500042182,71.0,6.0,0.0,0.0,0.0,26.0
1226.0513451126044,71.0,6.0,0.0,0.0,0.0,26.0
1226.3513451126043,71.0,6.0,0.0,0.0,0.0,26.0
1226.3521901830268,71.0,6.0,0.0,0.0,0.0,26.0
1226.6521901830267,71.0,6.0,0.0,0.0,0.0,26.0
1226.6530352534492,71.0,6.0,0.0,0.0,0.0,26.0
1226.9530352534491,71.0,6.0,0.0,0.0,0.0,26.0
1226.9538803238715,71.0,6.0,0.0,0.0,0.0,26.0
1227.2538803238715,71.0,6.0,0.0,0.0,0.0,26.0
1227.254725394294,72.0,6.0,0.0,0.0,0.0,26.0
1227.5547253942939,72.0,6.0,0.0,0.0,0.0,26.0
1227.5555587276272,72.0,6.0,0.0,0.0,0.0,26.0
1227.855558727627,72.0,6.0,0.0,0.0,0.0,26.0
1227.8563920609604,72.0,6.0,0.0,0.0,0.0,26.0
1228.1563920609603,72.0,6.0,0.0,0.0,0.0,26.0
1228.1572253942936,72.0,6.0,0.0,0.0,0.0,26.0
1228.4572253942936,72.0,6.0,0.0,0.0,0.0,26.0
1228.4580587276268,72.0,6.0,0.0,0.0,0.0,26.0
1228.7580587276268,72.0,6.0,0.0,0.0,0.0,26.0
1228.75889206096,72.0,6.0,0.0,0.0,0.0,26.0
1229.05889206096,72.0,6.0,0.0,0.0,0.0,26.0
1229.0597253942933,72.0,6.0,0.0,0.0,0.0,26.0
1229.3597253942933,72.0,6.0,0.0,0.0,0.0,26.0
1229.3605587276265,72.0,6.0,0.0,0.0,0.0,26.0
1229.6605587276265,72.0,6.0,0.0,0.0,0.0,26.0
1229.6613920609598,72.0,6.0,0.0,0.0,0.0,26.0
1229.9613920609597,72.0,6.0,0.0,0.0,0.0,26.0
1229.962225394293,72.0,6.0,0.0,0.0,0.0,26.0
1230.262225394293,72.0,6.0,0.0,0.0,0.0,26.0
1230.2630587276262,72.0,6.0,0.0,0.0,0.0,26.0
1230.5630587276262,72.0,6.0,0.0,0.0,0.0,26.0
1230.5638920609595,72.0,6.0,0.0,0.0,0.0,26.0
1230.8638920609594,72.0,6.0,0.0,0.0,0.0,26.0
1230.8647253942927,72.0,6.0,0.0,0.0,0.0,26.0
1231.1647253942926,72.0,6.0,0.0,0.0,0.0,26.0
1231.165558727626,72.0,6.0,0.0,0.0,0.0,26.0
1231.4655587276259,72.0,6.0,0.0,0.0,0.0,26.0
1231.4663920609592,72.0,6.0,0.0,0.0,0.0,26.0
1231.766392060959,72.0,6.0,0.0,0.0,0.0,26.0
1231.7672253942924,72.0,6.0,0.0,0.0,0.0,26.0
1232.0672253942923,72.0,6.0,0.0,0.0,0.0,26.0
1232.0680587276256,72.0,6.0,0.0,0.0,0.0,26.0
1232.3680587276256,72.0,6.0,0.0,0.0,0.0,26.0
1232.3688920609588,72.0,6.0,0.0,0.0,0.0,26.0
1232.6688920609588,72.0,6.0,0.0,0.0,0.0,26.0
1232.669725394292,72.0,6.0,0.0,0.0,0.0,26.0
1232.969725394292,72.0,6.0,0.0,0.0,0.0,26.0
1232.9705587276253,72.0,6.0,0.0,0.0,0.0,26.0
1233.2705587276253,72.0,6.0,0.0,0.0,0.0,26.0
1233.2713920609585,72.0,6.0,0.0,0.0,0.0,26.0
1233.5713920609585,72.0,6.0,0.0,0.0,0.0,26.0
1233.5722253942918,72.0,6.0,0.0,0.0,0.0,26.0
1233.8722253942917,72.0,6.0,0.0,0.0,0.0,26.0
1233.873058727625,72.0,6.0,0.0,0.0,0.0,26.0
1234.173058727625,72.0,6.0,0.0,0.0,0.0,26.0
1234.1738920609582,72.0,6.0,0.0,0.0,0.0,26.0
1234.4738920609582,72.0,6.0,0.0,0.0,0.0,26.0
1234.4747253942915,72.0,6.0,0.0,0.0,0.0,26.0
1234.7747253942914,72.0,6.0,0.0,0.0,0.0,26.0
1234.7755587276247,72.0,6.0,0.0,0.0,0.0,26.0
1235.0755587276246,72.0,6.0,0.0,0.0,0.0,26.0
1235.076392060958,72.0,6.0,0.0,0.0,0.0,26.0
1235.3763920609579,72.0,6.0,0.0,0.0,0.0,26.0
1235.3772253942911,72.0,6.0,0.0,0.0,0.0,26.0
1235.677225394291,72.0,6.0,0.0,0.0,0.0,26.0
1235.6780587276244,72.0,6.0,0.0,0.0,0.0,26.0
1235.9780587276243,72.0,6.0,0.0,0.0,0.0,26.0
1235.9788920609576,72.0,6.0,0.0,0.0,0.0,26.0
1236.2788920609576,72.0,6.0,0.0,0.0,0.0,26.0
1236.2797253942908,72.0,6.0,0.0,0.0,0.0,26.0
1236.5797253942908,72.0,6.0,0.0,0.0,0.0,26.0
1236.580558727624,72.0,6.0,0.0,0.0,0.0,26.0
1236.880558727624,72.0,6.0,0.0,0.0,0.0,26.0
1236.8813920609573,72.0,6.0,0.0,0.0,0.0,26.0
1237.1813920609573,72.0,6.0,0.0,0.0,0.0,26.0
1237.1822253942905,72.0,6.0,0.0,0.0,0.0,26.0
1237.4822253942905,72.0,6.0,0.0,0.0,0.0,26.0
1237.4830587276238,72.0,6.0,0.0,0.0,0.0,26.0
1237.7830587276237,72.0,6.0,0.0,0.0,0.0,26.0
1237.783892060957,72.0,6.0,0.0,0.0,0.0,26.0
1238.083892060957,72.0,6.0,0.0,0.0,0.0,26.0
1238.0847253942902,72.0,6.0,0.0,0.0,0.0,26.0
1238.3847253942902,72.0,6.0,0.0,0.0,0.0,26.0
1238.3855587276234,72.0,6.0,0.0,0.0,0.0,26.0
1238.6855587276234,72.0,6.0,0.0,0.0,0.0,26.0
1238.6863920609567,72.0,6.0,0.0,0.0,0.0,26.0
1238.9863920609566,72.0,6.0,0.0,0.0,0.0,26.0
1238.98722539429,72.0,6.0,0.0,0.0,0.0,26.0
1239.2872253942899,72.0,6.0,0.0,0.0,0.0,26.0
1239.2880587276231,72.0,6.0,0.0,0.0,0.0,26.0
1239.588058727623,72.0,6.0,0.0,0.0,0.0,26.0
1239.5888920609564,72.0,6.0,0.0,0.0,0.0,26.0
1239.8888920609563,72.0,6.0,0.0,0.0,0.0,26.0
1239.8897253942896,72.0,6.0,0.0,0.0,0.0,26.0
1240.1897253942896,72.0,6.0,0.0,0.0,0.0,26.0
1240.1905587276228,72.0,6.0,0.0,0.0,0.0,26.0
1240.4905587276228,72.0,6.0,0.0,0.0,0.0,26.0
1240.491392060956,72.0,6.0,0.0,0.0,0.0,26.0
1240.791392060956,72.0,6.0,0.0,0.0,0.0,26.0
1240.7922253942893,72.0,6.0,0.0,0.0,0.0,26.0
1241.0922253942892,72.0,6.0,0.0,0.0,0.0,26.0
1241.0930587276225,72.0,6.0,0.0,0.0,0.0,26.0
1241.3930587276225,72.0,6.0,0.0,0.0,0.0,26.0
1241.3938920609557,72.0,6.0,0.0,0.0,0.0,26.0
1241.6938920609557,72.0,6.0,0.0,0.0,0.0,26.0
1241.694725394289,72.0,6.0,0.0,0.0,0.0,26.0
1241.994725394289,72.0,6.0,0.0,0.0,0.0,26.0
1241.9955587276222,72.0,6.0,0.0,0.0,0.0,26.0
1242.2955587276222,72.0,6.0,0.0,0.0,0.0,26.0
1242.2963920609554,72.0,6.0,0.0,0.0,0.0,26.0
1242.5963920609554,72.0,6.0,0.0,0.0,0.0,26.0
1242.5972253942887,72.0,6.0,0.0,0.0,0.0,26.0
1242.8972253942886,72.0,6.0,0.0,0.0,0.0,26.0
1242.898058727622,72.0,6.0,0.0,0.0,0.0,26.0
1243.1980587276219,72.0,6.0,0.0,0.0,0.0,26.0
1243.1988920609551,72.0,6.0,0.0,0.0,0.0,26.0
1243.498892060955,72.0,6.0,0.0,0.0,0.0,26.0
1243.4997253942884,72.0,6.0,0.0,0.0,0.0,26.0
1243.7997253942883,72.0,6.0,0.0,0.0,0.0,26.0
1243.8005587276216,72.0,6.0,0.0,0.0,0.0,26.0
1244.1005587276215,72.0,6.0,0.0,0.0,0.0,26.0
1244.1013920609548,72.0,6.0,0.0,0.0,0.0,26.0
1244.4013920609548,72.0,6.0,0.0,0.0,0.0,26.0
1244.402225394288,72.0,6.0,0.0,0.0,0.0,26.0
1244.702225394288,72.0,6.0,0.0,0.0,0.0,26.0
1244.7030587276213,72.0,6.0,0.0,0.0,0.0,26.0
1245.0030587276212,72.0,6.0,0.0,0.0,0.0,26.0
1245.0038920609545,72.0,6.0,0.0,0.0,0.0,26.0
1245.3038920609545,72.0,6.0,0.0,0.0,0.0,26.0
1245.3047253942877,72.0,6.0,0.0,0.0,0.0,26.0
1245.6047253942877,72.0,6.0,0.0,0.0,0.0,26.0
1245.605558727621,72.0,6.0,0.0,0.0,0.0,26.0
1245.905558727621,72.0,6.0,0.0,0.0,0.0,26.0
1245.9063920609542,72.0,6.0,0.0,0.0,0.0,26.0
1246.2063920609542,72.0,6.0,0.0,0.0,0.0,26.0
1246.2072253942874,72.0,6.0,0.0,0.0,0.0,26.0
1246.5072253942874,72.0,6.0,0.0,0.0,0.0,26.0
1246.5080587276207,72.0,6.0,0.0,0.0,0.0,26.0
1246.8080587276206,72.0,6.0,0.0,0.0,0.0,26.0
1246.808892060954,72.0,6.0,0.0,0.0,0.0,26.0
1247.1088920609538,72.0,6.0,0.0,0.0,0.0,26.0
1247.1097253942871,72.0,6.0,0.0,0.0,0.0,26.0
1247.409725394287,72.0,6.0,0.0,0.0,0.0,26.0
1247.4105587276204,72.0,6.0,0.0,0.0,0.0,26.0
1247.7105587276203,72.0,6.0,0.0,0.0,0.0,26.0
1247.7113920609536,72.0,6.0,0.0,0.0,0.0,26.0
1248.0113920609535,72.0,6.0,0.0,0.0,0.0,26.0
1248.0122253942868,72.0,6.0,0.0,0.0,0.0,26.0
1248.3122253942868,72.0,6.0,0.0,0.0,0.0,26.0
1248.31305872762,72.0,6.0,0.0,0.0,0.0,26.0
1248.61305872762,72.0,6.0,0.0,0.0,0.0,26.0
1248.6138920609533,72.0,6.0,0.0,0.0,0.0,26.0
1248.9138920609532,72.0,6.0,0.0,0.0,0.0,26.0
1248.9147253942865,72.0,6.0,0.0,0.0,0.0,26.0
1249.2147253942865,72.0,6.0,0.0,0.0,0.0,26.0
1249.2155587276197,72.0,6.0,0.0,0.0,0.0,26.0
1249.5155587276197,72.0,6.0,0.0,0.0,0.0,26.0
1249.516392060953,72.0,6.0,0.0,0.0,0.0,26.0
1249.816392060953,72.0,6.0,0.0,0.0,0.0,26.0
1249.8172253942862,72.0,6.0,0.0,0.0,0.0,26.0
1250.1172253942862,72.0,6.0,0.0,0.0,0.0,26.0
1250.1180587276194,72.0,6.0,0.0,0.0,0.0,26.0
1250.4180587276194,72.0,6.0,0.0,0.0,0.0,26.0
1250.4188920609527,72.0,6.0,0.0,0.0,0.0,26.0
1250.7188920609526,72.0,6.0,0.0,0.0,0.0,26.0
1250.719725394286,71.0,6.0,0.0,0.0,0.0,26.0
1251.0197253942858,71.0,6.0,0.0,0.0,0.0,26.0
1251.0205704647083,71.0,6.0,0.0,0.0,0.0,26.0
1251.3205704647082,71.0,6.0,0.0,0.0,0.0,26.0
1251.3214155351307,71.0,6.0,0.0,0.0,0.0,26.0
1251.6214155351306,71.0,6.0,0.0,0.0,0.0,26.0
1251.622260605553,71.0,6.0,0.0,0.0,0.0,26.0
1251.922260605553,71.0,6.0,0.0,0.0,0.0,26.0
1251.9231056759754,71.0,6.0,0.0,0.0,0.0,26.0
1252.2231056759754,71.0,6.0,0.0,0.0,0.0,26.0
1252.2239507463978,71.0,6.0,0.0,0.0,0.0,26.0
1252.5239507463978,71.0,6.0,0.0,0.0,0.0,26.0
1252.5247958168202,71.0,6.0,0.0,0.0,0.0,26.0
1252.8247958168201,71.0,6.0,0.0,0.0,0.0,26.0
1252.8256408872426,71.0,6.0,0.0,0.0,0.0,26.0
1253.1256408872425,71.0,6.0,0.0,0.0,0.0,26.0
1253.126485957665,71.0,6.0,0.0,0.0,0.0,26.0
1253.426485957665,71.0,6.0,0.0,0.0,0.0,26.0
1253.4273310280873,71.0,6.0,0.0,0.0,0.0,26.0
1253.7273310280873,71.0,6.0,0.0,0.0,0.0,26.0
1253.7281760985097,71.0,6.0,0.0,0.0,0.0,26.0
1254.0281760985097,71.0,6.0,0.0,0.0,0.0,26.0
1254.029021168932,71.0,6.0,0.0,0.0,0.0,26.0
1254.329021168932,71.0,6.0,0.0,0.0,0.0,26.0
1254.3298662393545,71.0,6.0,0.0,0.0,0.0,26.0
1254.6298662393544,71.0,6.0,0.0,0.0,0.0,26.0
1254.6307113097769,71.0,6.0,0.0,0.0,0.0,26.0
1254.9307113097768,71.0,6.0,0.0,0.0,0.0,26.0
1254.9315563801993,71.0,6.0,0.0,0.0,0.0,26.0
1255.2315563801992,71.0,6.0,0.0,0.0,0.0,26.0
1255.2324014506216,71.0,6.0,0.0,0.0,0.0,26.0
1255.5324014506216,71.0,6.0,0.0,0.0,0.0,26.0
1255.533246521044,71.0,6.0,0.0,0.0,0.0,26.0
1255.833246521044,71.0,6.0,0.0,0.0,0.0,26.0
1255.8340915914664,71.0,6.0,0.0,0.0,0.0,26.0
1256.1340915914664,71.0,6.0,0.0,0.0,0.0,26.0
1256.1349366618888,71.0,6.0,0.0,0.0,0.0,26.0
1256.4349366618887,71.0,6.0,0.0,0.0,0.0,26.0
1256.4357817323112,71.0,6.0,0.0,0.0,0.0,26.0
1256.7357817323111,71.0,6.0,0.0,0.0,0.0,26.0
1256.7366268027336,71.0,6.0,0.0,0.0,0.0,26.0
1257.0366268027335,71.0,6.0,0.0,0.0,0.0,26.0
1257.037471873156,71.0,6.0,0.0,0.0,0.0,26.0
1257.337471873156,71.0,6.0,0.0,0.0,0.0,26.0
1257.3383169435783,71.0,6.0,0.0,0.0,0.0,26.0
1257.6383169435783,71.0,6.0,0.0,0.0,0.0,26.0
1257.6391620140007,71.0,6.0,0.0,0.0,0.0,26.0
1257.9391620140007,71.0,6.0,0.0,0.0,0.0,26.0
1257.940007084423,71.0,6.0,0.0,0.0,0.0,26.0
1258.240007084423,71.0,6.0,0.0,0.0,0.0,26.0
1258.2408521548455,71.0,6.0,0.0,0.0,0.0,26.0
1258.5408521548454,71.0,6.0,0.0,0.0,0.0,26.0
1258.5416972252679,71.0,6.0,0.0,0.0,0.0,26.0
1258.8416972252678,71.0,6.0,0.0,0.0,0.0,26.0
1258.8425422956902,71.0,6.0,0.0,0.0,0.0,26.0
1259.1425422956902,71.0,6.0,0.0,0.0,0.0,26.0
1259.1433873661126,71.0,6.0,0.0,0.0,0.0,26.0
1259.4433873661126,71.0,6.0,0.0,0.0,0.0,26.0
1259.444232436535,71.0,6.0,0.0,0.0,0.0,26.0
1259.744232436535,71.0,6.0,0.0,0.0,0.0,26.0
1259.7450775069574,71.0,6.0,0.0,0.0,0.0,26.0
1260.0450775069573,71.0,6.0,0.0,0.0,0.0,26.0
1260.0459225773798,71.0,6.0,0.0,0.0,0.0,26.0
1260.3459225773797,71.0,6.0,0.0,0.0,0.0,26.0
1260.3467676478022,71.0,6.0,0.0,0.0,0.0,26.0
1260.646767647802,71.0,6.0,0.0,0.0,0.0,26.0
1260.6476127182245,71.0,6.0,0.0,0.0,0.0,26.0
1260.9476127182245,71.0,6.0,0.0,0.0,0.0,26.0
1260.948457788647,71.0,6.0,0.0,0.0,0.0,26.0
1261.2484577886469,71.0,6.0,0.0,0.0,0.0,26.0
1261.2493028590693,71.0,6.0,0.0,0.0,0.0,26.0
1261.5493028590693,71.0,6.0,0.0,0.0,0.0,26.0
1261.5501479294917,71.0,6.0,0.0,0.0,0.0,26.0
1261.8501479294916,71.0,6.0,0.0,0.0,0.0,26.0
1261.850992999914,71.0,6.0,0.0,0.0,0.0,26.0
1262.150992999914,71.0,6.0,0.0,0.0,0.0,26.0
1262.1518380703365,71.0,6.0,0.0,0.0,0.0,26.0
1262.4518380703364,71.0,6.0,0.0,0.0,0.0,26.0
1262.4526831407588,71.0,6.0,0.0,0.0,0.0,26.0
1262.7526831407588,71.0,6.0,0.0,0.0,0.0,26.0
1262.7535282111812,71.0,6.0,0.0,0.0,0.0,26.0
1263.0535282111812,71.0,6.0,0.0,0.0,0.0,26.0
1263.0543732816036,71.0,6.0,0.0,0.0,0.0,26.0
1263.3543732816036,71.0,6.0,0.0,0.0,0.0,26.0
1263.355218352026,71.0,6.0,0.0,0.0,0.0,26.0
1263.655218352026,71.0,6.0,0.0,0.0,0.0,26.0
1263.6560634224484,71.0,6.0,0.0,0.0,0.0,26.0
1263.9560634224483,71.0,6.0,0.0,0.0,0.0,26.0
1263.9569084928708,71.0,6.0,0.0,0.0,0.0,26.0
1264.2569084928707,71.0,6.0,0.0,0.0,0.0,26.0
1264.2577535632931,71.0,6.0,0.0,0.0,0.0,26.0
1264.557753563293,71.0,6.0,0.0,0.0,0.0,26.0
1264.5585986337155,71.0,6.0,0.0,0.0,0.0,26.0
1264.8585986337155,71.0,6.0,0.0,0.0,0.0,26.0
1264.859443704138,71.0,6.0,0.0,0.0,0.0,26.0
1265.1594437041379,71.0,6.0,0.0,0.0,0.0,26.0
1265.1602887745603,71.0,6.0,0.0,0.0,0.0,26.0
1265.4602887745602,71.0,6.0,0.0,0.0,0.0,26.0
1265.4611338449827,71.0,6.0,0.0,0.0,0.0,26.0
1265.7611338449826,71.0,6.0,0.0,0.0,0.0,26.0
1265.761978915405,71.0,6.0,0.0,0.0,0.0,26.0
1266.061978915405,71.0,6.0,0.0,0.0,0.0,26.0
1266.0628239858274,71.0,6.0,0.0,0.0,0.0,26.0
1266.3628239858274,71.0,6.0,0.0,0.0,0.0,26.0
1266.3636690562498,71.0,6.0,0.0,0.0,0.0,26.0
1266.6636690562498,71.0,6.0,0.0,0.0,0.0,26.0
1266.6645141266722,71.0,6.0,0.0,0.0,0.0,26.0
1266.9645141266722,71.0,6.0,0.0,0.0,0.0,26.0
1266.9653591970946,71.0,6.0,0.0,0.0,0.0,26.0
1267.2653591970945,71.0,6.0,0.0,0.0,0.0,26.0
1267.266204267517,71.0,6.0,0.0,0.0,0.0,26.0
1267.566204267517,71.0,6.0,0.0,0.0,0.0,26.0
1267.5670493379394,71.0,6.0,0.0,0.0,0.0,26.0
1267.8670493379393,71.0,6.0,0.0,0.0,0.0,26.0
1267.8678944083617,71.0,6.0,0.0,0.0,0.0,26.0
1268.1678944083617,71.0,6.0,0.0,0.0,0.0,26.0
1268.1687394787841,71.0,6.0,0.0,0.0,0.0,26.0
1268.468739478784,71.0,6.0,0.0,0.0,0.0,26.0
1268.4695845492065,71.0,6.0,0.0,0.0,0.0,26.0
1268.7695845492065,71.0,6.0,0.0,0.0,0.0,26.0
1268.7704296196289,71.0,6.0,0.0,0.0,0.0,26.0
1269.0704296196288,71.0,6.0,0.0,0.0,0.0,26.0
1269.0712746900513,71.0,6.0,0.0,0.0,0.0,26.0
1269.3712746900512,71.0,6.0,0.0,0.0,0.0,26.0
1269.3721197604737,71.0,6.0,0.0,0.0,0.0,26.0
1269.6721197604736,71.0,6.0,0.0,0.0,0.0,26.0
1269.672964830896,71.0,6.0,0.0,0.0,0.0,26.0
1269.972964830896,71.0,6.0,0.0,0.0,0.0,26.0
1269.9738099013184,72.0,6.0,0.0,0.0,0.0,26.0
1270.2738099013184,72.0,6.0,0.0,0.0,0.0,26.0
1270.2746432346516,72.0,6.0,0.0,0.0,0.0,26.0
1270.5746432346516,72.0,6.0,0.0,0.0,0.0,26.0
1270.5754765679849,72.0,6.0,0.0,0.0,0.0,26.0
1270.8754765679848,72.0,6.0,0.0,0.0,0.0,26.0
1270.876309901318,72.0,6.0,0.0,0.0,0.0,26.0
1271.176309901318,72.0,6.0,0.0,0.0,0.0,26.0
1271.1771432346513,72.0,6.0,0.0,0.0,0.0,26.0
1271.4771432346513,72.0,6.0,0.0,0.0,0.0,26.0
1271.4779765679846,72.0,6.0,0.0,0.0,0.0,26.0
1271.7779765679845,72.0,6.0,0.0,0.0,0.0,26.0
1271.7788099013178,72.0,6.0,0.0,0.0,0.0,26.0
1272.0788099013178,72.0,6.0,0.0,0.0,0.0,26.0
1272.079643234651,72.0,6.0,0.0,0.0,0.0,26.0
1272.379643234651,72.0,6.0,0.0,0.0,0.0,26.0
1272.3804765679843,72.0,6.0,0.0,0.0,0.0,26.0
1272.6804765679842,72.0,6.0,0.0,0.0,0.0,26.0
1272.6813099013175,72.0,6.0,0.0,0.0,0.0,26.0
1272.9813099013174,72.0,6.0,0.0,0.0,0.0,26.0
1272.9821432346507,72.0,6.0,0.0,0.0,0.0,26.0
1273.2821432346507,72.0,6.0,0.0,0.0,0.0,26.0
1273.282976567984,72.0,6.0,0.0,0.0,0.0,26.0
1273.582976567984,72.0,6.0,0.0,0.0,0.0,26.0
1273.5838099013172,72.0,6.0,0.0,0.0,0.0,26.0
1273.8838099013171,72.0,6.0,0.0,0.0,0.0,26.0
1273.8846432346504,72.0,6.0,0.0,0.0,0.0,26.0
1274.1846432346504,72.0,6.0,0.0,0.0,0.0,26.0
1274.1854765679836,72.0,6.0,0.0,0.0,0.0,26.0
1274.4854765679836,72.0,6.0,0.0,0.0,0.0,26.0
1274.4863099013169,72.0,6.0,0.0,0.0,0.0,26.0
1274.7863099013168,72.0,6.0,0.0,0.0,0.0,26.0
1274.78714323465,72.0,6.0,0.0,0.0,0.0,26.0
1275.08714323465,72.0,6.0,0.0,0.0,0.0,26.0
1275.0879765679833,72.0,6.0,0.0,0.0,0.0,26.0
1275.3879765679833,72.0,6.0,0.0,0.0,0.0,26.0
1275.3888099013166,72.0,6.0,0.0,0.0,0.0,26.0
1275.6888099013165,72.0,6.0,0.0,0.0,0.0,26.0
1275.6896432346498,72.0,6.0,0.0,0.0,0.0,26.0
1275.9896432346497,72.0,6.0,0.0,0.0,0.0,26.0
1275.990476567983,72.0,6.0,0.0,0.0,0.0,26.0
1276.290476567983,72.0,6.0,0.0,0.0,0.0,26.0
1276.2913099013163,72.0,6.0,0.0,0.0,0.0,26.0
1276.5913099013162,72.0,6.0,0.0,0.0,0.0,26.0
1276.5921432346495,72.0,6.0,0.0,0.0,0.0,26.0
1276.8921432346494,72.0,6.0,0.0,0.0,0.0,26.0
1276.8929765679827,72.0,6.0,0.0,0.0,0.0,26.0
1277.1929765679827,72.0,6.0,0.0,0.0,0.0,26.0
1277.193809901316,72.0,6.0,0.0,0.0,0.0,26.0
1277.493809901316,72.0,6.0,0.0,0.0,0.0,26.0
1277.4946432346492,72.0,6.0,0.0,0.0,0.0,26.0
1277.7946432346491,72.0,6.0,0.0,0.0,0.0,26.0
1277.7954765679824,72.0,6.0,0.0,0.0,0.0,26.0
1278.0954765679824,72.0,6.0,0.0,0.0,0.0,26.0
1278.0963099013156,72.0,6.0,0.0,0.0,0.0,26.0
1278.3963099013156,72.0,6.0,0.0,0.0,0.0,26.0
1278.3971432346489,72.0,6.0,0.0,0.0,0.0,26.0
1278.6971432346488,72.0,6.0,0.0,0.0,0.0,26.0
1278.697976567982,72.0,6.0,0.0,0.0,0.0,26.0
1278.997976567982,72.0,6.0,0.0,0.0,0.0,26.0
1278.9988099013153,72.0,6.0,0.0,0.0,0.0,26.0
1279.2988099013153,72.0,6.0,0.0,0.0,0.0,26.0
1279.2996432346486,72.0,6.0,0.0,0.0,0.0,26.0
1279.5996432346485,72.0,6.0,0.0,0.0,0.0,26.0
1279.6004765679818,72.0,6.0,0.0,0.0,0.0,26.0
1279.9004765679817,72.0,6.0,0.0,0.0,0.0,26.0
1279.901309901315,72.0,6.0,0.0,0.0,0.0,26.0
1280.201309901315,72.0,6.0,0.0,0.0,0.0,26.0
1280.2021432346482,72.0,6.0,0.0,0.0,0.0,26.0
1280.5021432346482,72.0,6.0,0.0,0.0,0.0,26.0
1280.5029765679815,72.0,6.0,0.0,0.0,0.0,26.0
1280.8029765679814,72.0,6.0,0.0,0.0,0.0,26.0
1280.8038099013147,72.0,6.0,0.0,0.0,0.0,26.0
1281.1038099013147,72.0,6.0,0.0,0.0,0.0,26.0
1281.104643234648,72.0,6.0,0.0,0.0,0.0,26.0
1281.404643234648,72.0,6.0,0.0,0.0,0.0,26.0
1281.4054765679812,72.0,6.0,0.0,0.0,0.0,26.0
1281.7054765679811,72.0,6.0,0.0,0.0,0.0,26.0
1281.7063099013144,72.0,6.0,0.0,0.0,0.0,26.0
1282.0063099013144,72.0,6.0,0.0,0.0,0.0,26.0
1282.0071432346476,72.0,6.0,0.0,0.0,0.0,26.0
1282.3071432346476,72.0,6.0,0.0,0.0,0.0,26.0
1282.3079765679809,72.0,6.0,0.0,0.0,0.0,26.0
1282.6079765679808,72.0,6.0,0.0,0.0,0.0,26.0
1282.608809901314,72.0,6.0,0.0,0.0,0.0,26.0
1282.908809901314,72.0,6.0,0.0,0.0,0.0,26.0
1282.9096432346473,72.0,6.0,0.0,0.0,0.0,26.0
1283.2096432346473,72.0,6.0,0.0,0.0,0.0,26.0
1283.2104765679805,72.0,6.0,0.0,0.0,0.0,26.0
1283.5104765679805,72.0,6.0,0.0,0.0,0.0,26.0
1283.5113099013138,72.0,6.0,0.0,0.0,0.0,26.0
1283.8113099013137,72.0,6.0,0.0,0.0,0.0,26.0
1283.812143234647,72.0,6.0,0.0,0.0,0.0,26.0
1284.112143234647,72.0,6.0,0.0,0.0,0.0,26.0
1284.1129765679802,72.0,6.0,0.0,0.0,0.0,26.0
1284.4129765679802,72.0,6.0,0.0,0.0,0.0,26.0
1284.4138099013135,72.0,6.0,0.0,0.0,0.0,26.0
1284.7138099013134,72.0,6.0,0.0,0.0,0.0,26.0
1284.7146432346467,72.0,6.0,0.0,0.0,0.0,26.0
1285.0146432346467,72.0,6.0,0.0,0.0,0.0,26.0
1285.01547656798,72.0,6.0,0.0,0.0,0.0,26.0
1285.3154765679799,72.0,6.0,0.0,0.0,0.0,26.0
1285.3163099013132,72.0,6.0,0.0,0.0,0.0,26.0
1285.6163099013131,72.0,6.0,0.0,0.0,0.0,26.0
1285.6171432346464,73.0,6.0,0.0,0.0,0.0,26.0
1285.9171432346463,73.0,6.0,0.0,0.0,0.0,26.0
1285.9179651524546,73.0,6.0,0.0,0.0,0.0,26.0
1286.2179651524546,73.0,6.0,0.0,0.0,0.0,26.0
1286.2187870702628,73.0,6.0,0.0,0.0,0.0,26.0
1286.5187870702628,73.0,6.0,0.0,0.0,0.0,26.0
1286.519608988071,73.0,6.0,0.0,0.0,0.0,26.0
1286.819608988071,73.0,6.0,0.0,0.0,0.0,26.0
1286.8204309058792,73.0,6.0,0.0,0.0,0.0,26.0
1287.1204309058792,73.0,6.0,0.0,0.0,0.0,26.0
1287.1212528236874,73.0,6.0,0.0,0.0,0.0,26.0
1287.4212528236874,73.0,6.0,0.0,0.0,0.0,26.0
1287.4220747414956,73.0,6.0,0.0,0.0,0.0,26.0
1287.7220747414956,73.0,6.0,0.0,0.0,0.0,26.0
1287.7228966593038,73.0,6.0,0.0,0.0,0.0,26.0
1288.0228966593038,73.0,6.0,0.0,0.0,0.0,26.0
1288.023718577112,73.0,6.0,0.0,0.0,0.0,26.0
1288.323718577112,73.0,6.0,0.0,0.0,0.0,26.0
1288.3245404949203,73.0,6.0,0.0,0.0,0.0,26.0
1288.6245404949202,73.0,6.0,0.0,0.0,0.0,26.0
1288.6253624127285,73.0,6.0,0.0,0.0,0.0,26.0
1288.9253624127284,73.0,6.0,0.0,0.0,0.0,26.0
1288.9261843305367,73.0,6.0,0.0,0.0,0.0,26.0
1289.2261843305366,73.0,6.0,0.0,0.0,0.0,26.0
1289.2270062483449,73.0,6.0,0.0,0.0,0.0,26.0
1289.5270062483448,73.0,6.0,0.0,0.0,0.0,26.0
1289.527828166153,73.0,6.0,0.0,0.0,0.0,26.0
1289.827828166153,73.0,6.0,0.0,0.0,0.0,26.0
1289.8286500839613,73.0,6.0,0.0,0.0,0.0,26.0
1290.1286500839612,73.0,6.0,0.0,0.0,0.0,26.0
1290.1294720017695,73.0,6.0,0.0,0.0,0.0,26.0
1290.4294720017695,73.0,6.0,0.0,0.0,0.0,26.0
1290.4302939195777,73.0,6.0,0.0,0.0,0.0,26.0
1290.7302939195777,73.0,6.0,0.0,0.0,0.0,26.0
1290.731115837386,73.0,6.0,0.0,0.0,0.0,26.0
1291.0311158373859,73.0,6.0,0.0,0.0,0.0,26.0
1291.0319377551941,73.0,6.0,0.0,0.0,0.0,26.0
1291.331937755194,73.0,6.0,0.0,0.0,0.0,26.0
1291.3327596730023,73.0,6.0,0.0,0.0,0.0,26.0
1291.6327596730023,73.0,6.0,0.0,0.0,0.0,26.0
1291.6335815908105,73.0,6.0,0.0,0.0,0.0,26.0
1291.9335815908105,73.0,6.0,0.0,0.0,0.0,26.0
1291.9344035086187,73.0,6.0,0.0,0.0,0.0,26.0
1292.2344035086187,73.0,6.0,0.0,0.0,0.0,26.0
1292.235225426427,73.0,6.0,0.0,0.0,0.0,26.0
1292.535225426427,73.0,6.0,0.0,0.0,0.0,26.0
1292.5360473442352,73.0,6.0,0.0,0.0,0.0,26.0
1292.836047344235,73.0,6.0,0.0,0.0,0.0,26.0
1292.8368692620434,73.0,6.0,0.0,0.0,0.0,26.0
1293.1368692620433,73.0,6.0,0.0,0.0,0.0,26.0
1293.1376911798516,73.0,6.0,0.0,0.0,0.0,26.0
1293.4376911798515,73.0,6.0,0.0,0.0,0.0,26.0
1293.4385130976598,73.0,6.0,0.0,0.0,0.0,26.0
1293.7385130976597,73.0,6.0,0.0,0.0,0.0,26.0
1293.739335015468,73.0,6.0,0.0,0.0,0.0,26.0
1294.039335015468,73.0,6.0,0.0,0.0,0.0,26.0
1294.0401569332762,73.0,6.0,0.0,0.0,0.0,26.0
1294.3401569332761,73.0,6.0,0.0,0.0,0.0,26.0
1294.3409788510844,73.0,6.0,0.0,0.0,0.0,26.0
1294.6409788510844,73.0,6.0,0.0,0.0,0.0,26.0
1294.6418007688926,73.0,6.0,0.0,0.0,0.0,26.0
1294.9418007688926,73.0,6.0,0.0,0.0,0.0,26.0
1294.9426226867008,74.0,6.0,0.0,0.0,0.0,26.0
1295.2426226867008,74.0,6.0,0.0,0.0,0.0,26.0
1295.2434334975117,74.0,6.0,0.0,0.0,0.0,26.0
1295.5434334975116,74.0,6.0,0.0,0.0,0.0,26.0
1295.5442443083225,74.0,6.0,0.0,0.0,0.0,26.0
1295.8442443083225,74.0,6.0,0.0,0.0,0.0,26.0
1295.8450551191333,74.0,6.0,0.0,0.0,0.0,26.0
1296.1450551191333,74.0,6.0,0.0,0.0,0.0,26.0
1296.1458659299442,74.0,6.0,0.0,0.0,0.0,26.0
1296.4458659299441,74.0,6.0,0.0,0.0,0.0,26.0
1296.446676740755,74.0,6.0,0.0,0.0,0.0,26.0
1296.746676740755,74.0,6.0,0.0,0.0,0.0,26.0
1296.7474875515659,74.0,6.0,0.0,0.0,0.0,26.0
1297.0474875515658,74.0,6.0,0.0,0.0,0.0,26.0
1297.0482983623767,74.0,6.0,0.0,0.0,0.0,26.0
1297.3482983623767,74.0,6.0,0.0,0.0,0.0,26.0
1297.3491091731876,74.0,6.0,0.0,0.0,0.0,26.0
1297.6491091731875,74.0,6.0,0.0,0.0,0.0,26.0
1297.6499199839984,74.0,6.0,0.0,0.0,0.0,26.0
1297.9499199839984,74.0,6.0,0.0,0.0,0.0,26.0
1297.9507307948093,74.0,6.0,0.0,0.0,0.0,26.0
1298.2507307948092,74.0,6.0,0.0,0.0,0.0,26.0
1298.25154160562,74.0,6.0,0.0,0.0,0.0,26.0
1298.55154160562,74.0,6.0,0.0,0.0,0.0,26.0
1298.552352416431,74.0,6.0,0.0,0.0,0.0,26.0
1298.852352416431,74.0,6.0,0.0,0.0,0.0,26.0
1298.8531632272418,74.0,6.0,0.0,0.0,0.0,26.0
1299.1531632272417,74.0,6.0,0.0,0.0,0.0,26.0
1299.1539740380526,74.0,6.0,0.0,0.0,0.0,26.0
1299.4539740380526,74.0,6.0,0.0,0.0,0.0,26.0
1299.4547848488635,73.0,6.0,0.0,0.0,0.0,26.0
1299.7547848488634,73.0,6.0,0.0,0.0,0.0,26.0
1299.7556067666717,73.0,6.0,0.0,0.0,0.0,26.0
1300.0556067666716,73.0,6.0,0.0,0.0,0.0,26.0
1300.05642868448,73.0,6.0,0.0,0.0,0.0,26.0
1300.3564286844799,73.0,6.0,0.0,0.0,0.0,26.0
1300.357250602288,73.0,6.0,0.0,0.0,0.0,26.0
1300.657250602288,73.0,6.0,0.0,0.0,0.0,26.0
1300.6580725200963,73.0,6.0,0.0,0.0,0.0,26.0
1300.9580725200963,73.0,6.0,0.0,0.0,0.0,26.0
1300.9588944379045,73.0,6.0,0.0,0.0,0.0,26.0
1301.2588944379045,73.0,6.0,0.0,0.0,0.0,26.0
1301.2597163557127,73.0,6.0,0.0,5.0,0.0,26.0
1301.5597163557127,73.0,6.0,0.0,5.0,0.0,26.0
1301.560538273521,73.0,6.0,0.0,5.0,0.0,26.0
1301.860538273521,73.0,6.0,0.0,5.0,0.0,26.0
1301.8613601913291,73.0,6.0,0.0,5.0,0.0,26.0
1302.161360191329,73.0,6.0,0.0,5.0,0.0,26.0
1302.1621821091373,73.0,6.0,0.0,5.0,0.0,26.0
1302.4621821091373,73.0,6.0,0.0,5.0,0.0,26.0
1302.4630040269456,73.0,6.0,0.0,5.0,0.0,26.0
1302.7630040269455,73.0,6.0,0.0,5.0,0.0,26.0
1302.7638259447538,73.0,6.0,0.0,5.0,0.0,26.0
1303.0638259447537,73.0,6.0,0.0,5.0,0.0,26.0
1303.064647862562,73.0,6.0,0.0,5.0,0.0,26.0
1303.364647862562,73.0,6.0,0.0,5.0,0.0,26.0
1303.3654697803702,73.0,6.0,0.0,5.0,0.0,26.0
1303.6654697803701,73.0,6.0,0.0,5.0,0.0,26.0
1303.6662916981784,73.0,6.0,0.0,5.0,0.0,26.0
1303.9662916981783,73.0,6.0,0.0,5.0,0.0,26.0
1303.9671136159866,73.0,6.0,0.0,5.0,0.0,26.0
1304.2671136159865,73.0,6.0,0.0,5.0,0.0,26.0
1304.2679355337948,73.0,6.0,0.0,5.0,0.0,26.0
1304.5679355337948,73.0,6.0,0.0,5.0,0.0,26.0
1304.568757451603,73.0,6.0,0.0,5.0,0.0,26.0
1304.868757451603,73.0,6.0,0.0,5.0,0.0,26.0
1304.8695793694112,73.0,6.0,0.0,5.0,0.0,26.0
1305.1695793694112,73.0,6.0,0.0,5.0,0.0,26.0
1305.1704012872194,73.0,6.0,0.0,5.0,0.0,26.0
1305.4704012872194,73.0,6.0,0.0,5.0,0.0,26.0
1305.4712232050276,73.0,6.0,0.0,5.0,0.0,26.0
1305.7712232050276,73.0,6.0,0.0,5.0,0.0,26.0
1305.7720451228358,73.0,6.0,0.0,5.0,0.0,26.0
1306.0720451228358,73.0,6.0,0.0,5.0,0.0,26.0
1306.072867040644,73.0,6.0,0.0,5.0,0.0,26.0
1306.372867040644,73.0,6.0,0.0,5.0,0.0,26.0
1306.3736889584522,73.0,6.0,0.0,5.0,0.0,26.0
1306.6736889584522,73.0,6.0,0.0,5.0,0.0,26.0
1306.6745108762605,73.0,6.0,0.0,5.0,0.0,26.0
1306.9745108762604,73.0,6.0,0.0,5.0,0.0,26.0
1306.9753327940687,73.0,6.0,0.0,5.0,0.0,26.0
1307.2753327940686,73.0,6.0,0.0,5.0,0.0,26.0
1307.2761547118769,73.0,6.0,0.0,5.0,0.0,26.0
1307.5761547118768,73.0,6.0,0.0,5.0,0.0,26.0
1307.576976629685,73.0,6.0,0.0,5.0,0.0,26.0
1307.876976629685,73.0,6.0,0.0,5.0,0.0,26.0
1307.8777985474933,72.0,6.0,0.0,5.0,0.0,26.0
1308.1777985474932,72.0,6.0,0.0,5.0,0.0,26.0
1308.1786318808265,72.0,6.0,0.0,5.0,0.0,26.0
1308.4786318808265,72.0,6.0,0.0,5.0,0.0,26.0
1308.4794652141597,72.0,6.0,0.0,5.0,0.0,26.0
1308.7794652141597,72.0,6.0,0.0,5.0,0.0,26.0
1308.780298547493,72.0,6.0,0.0,5.0,0.0,26.0
1309.080298547493,72.0,6.0,0.0,5.0,0.0,26.0
1309.0811318808262,72.0,6.0,0.0,5.0,0.0,26.0
1309.3811318808262,72.0,6.0,0.0,5.0,0.0,26.0
1309.3819652141594,72.0,6.0,0.0,5.0,0.0,26.0
1309.6819652141594,72.0,6.0,0.0,5.0,0.0,26.0
1309.6827985474927,72.0,6.0,0.0,5.0,0.0,26.0
1309.9827985474926,72.0,6.0,0.0,5.0,0.0,26.0
1309.983631880826,72.0,6.0,0.0,5.0,0.0,26.0
1310.2836318808259,72.0,6.0,0.0,5.0,0.0,26.0
1310.2844652141591,72.0,6.0,0.0,5.0,0.0,26.0
1310.584465214159,72.0,6.0,0.0,5.0,0.0,26.0
1310.5852985474924,72.0,6.0,0.0,5.0,0.0,26.0
1310.8852985474923,72.0,6.0,0.0,5.0,0.0,26.0
1310.8861318808256,72.0,6.0,0.0,5.0,0.0,26.0
1311.1861318808255,72.0,6.0,0.0,5.0,0.0,26.0
1311.1869652141588,72.0,6.0,0.0,5.0,0.0,26.0
1311.4869652141588,72.0,6.0,0.0,5.0,0.0,26.0
1311.487798547492,72.0,6.0,0.0,5.0,0.0,26.0
1311.787798547492,72.0,6.0,0.0,5.0,0.0,26.0
1311.7886318808253,72.0,6.0,0.0,5.0,0.0,26.0
1312.0886318808252,72.0,6.0,0.0,5.0,0.0,26.0
1312.0894652141585,72.0,6.0,0.0,5.0,0.0,26.0
1312.3894652141585,72.0,6.0,0.0,5.0,0.0,26.0
1312.3902985474917,72.0,6.0,0.0,5.0,0.0,26.0
1312.6902985474917,72.0,6.0,0.0,5.0,0.0,26.0
1312.691131880825,72.0,6.0,0.0,5.0,0.0,26.0
1312.991131880825,72.0,6.0,0.0,5.0,0.0,26.0
1312.9919652141582,72.0,6.0,0.0,5.0,0.0,26.0
1313.2919652141582,72.0,6.0,0.0,5.0,0.0,26.0
1313.2927985474914,72.0,6.0,0.0,5.0,0.0,26.0
1313.5927985474914,72.0,6.0,0.0,5.0,0.0,26.0
1313.5936318808247,72.0,6.0,0.0,5.0,0.0,26.0
1313.8936318808246,72.0,6.0,0.0,5.0,0.0,26.0
1313.894465214158,72.0,6.0,0.0,5.0,0.0,26.0
1314.1944652141578,72.0,6.0,0.0,5.0,0.0,26.0
1314.1952985474911,72.0,6.0,0.0,5.0,0.0,26.0
1314.495298547491,72.0,6.0,0.0,5.0,0.0,26.0
1314.4961318808244,72.0,6.0,0.0,5.0,0.0,26.0
1314.7961318808243,72.0,6.0,0.0,5.0,0.0,26.0
1314.7969652141576,72.0,6.0,0.0,5.0,0.0,26.0
1315.0969652141575,72.0,6.0,0.0,5.0,0.0,26.0
1315.0977985474908,73.0,6.0,0.0,5.0,0.0,26.0
1315.3977985474908,73.0,6.0,0.0,5.0,0.0,26.0
1315.398620465299,73.0,6.0,0.0,5.0,0.0,26.0
1315.698620465299,73.0,6.0,0.0,5.0,0.0,26.0
1315.6994423831072,73.0,6.0,0.0,5.0,0.0,26.0
1315.9994423831072,73.0,6.0,0.0,5.0,0.0,26.0
1316.0002643009154,73.0,6.0,0.0,5.0,0.0,26.0
1316.3002643009154,73.0,6.0,0.0,5.0,0.0,26.0
1316.3010862187236,73.0,6.0,0.0,5.0,0.0,26.0
1316.6010862187236,73.0,6.0,0.0,5.0,0.0,26.0
1316.6019081365318,73.0,6.0,0.0,5.0,0.0,26.0
1316.9019081365318,73.0,6.0,0.0,5.0,0.0,26.0
1316.90273005434,73.0,6.0,0.0,5.0,0.0,26.0
1317.20273005434,73.0,6.0,0.0,5.0,0.0,26.0
1317.2035519721483,73.0,6.0,0.0,5.0,0.0,26.0
1317.5035519721482,73.0,6.0,0.0,5.0,0.0,26.0
1317.5043738899565,73.0,6.0,0.0,5.0,0.0,26.0
1317.8043738899564,73.0,6.0,0.0,5.0,0.0,26.0
1317.8051958077647,73.0,6.0,0.0,5.0,0.0,26.0
1318.1051958077646,73.0,6.0,0.0,5.0,0.0,26.0
1318.1060177255729,73.0,6.0,0.0,5.0,0.0,26.0
1318.4060177255728,73.0,6.0,0.0,5.0,0.0,26.0
1318.406839643381,73.0,6.0,0.0,5.0,0.0,26.0
1318.706839643381,73.0,6.0,0.0,5.0,0.0,26.0
1318.7076615611893,73.0,6.0,0.0,5.0,0.0,26.0
1319.0076615611893,73.0,6.0,0.0,5.0,0.0,26.0
1319.0084834789975,73.0,6.0,0.0,5.0,0.0,26.0
1319.3084834789975,73.0,6.0,0.0,5.0,0.0,26.0
1319.3093053968057,73.0,6.0,0.0,5.0,0.0,26.0
1319.6093053968057,73.0,6.0,0.0,5.0,0.0,26.0
1319.610127314614,73.0,6.0,0.0,5.0,0.0,26.0
1319.9101273146139,73.0,6.0,0.0,5.0,0.0,26.0
1319.9109492324221,73.0,6.0,0.0,5.0,0.0,26.0
1320.210949232422,73.0,6.0,0.0,5.0,0.0,26.0
1320.2117711502303,73.0,6.0,0.0,5.0,0.0,26.0
1320.5117711502303,73.0,6.0,0.0,5.0,0.0,26.0
1320.5125930680385,73.0,6.0,0.0,5.0,0.0,26.0
1320.8125930680385,73.0,6.0,0.0,5.0,0.0,26.0
1320.8134149858467,73.0,6.0,0.0,5.0,0.0,26.0
1321.1134149858467,73.0,6.0,0.0,5.0,0.0,26.0
1321.114236903655,73.0,6.0,0.0,5.0,0.0,26.0
1321.414236903655,73.0,6.0,0.0,5.0,0.0,26.0
1321.4150588214632,73.0,6.0,0.0,5.0,0.0,26.0
1321.7150588214631,73.0,6.0,0.0,5.0,0.0,26.0
1321.7158807392714,73.0,6.0,0.0,5.0,0.0,26.0
1322.0158807392713,73.0,6.0,0.0,5.0,0.0,26.0
1322.0167026570796,73.0,6.0,0.0,5.0,0.0,26.0
1322.3167026570795,73.0,6.0,0.0,5.0,0.0,26.0
1322.3175245748878,73.0,6.0,0.0,5.0,0.0,26.0
1322.6175245748877,73.0,6.0,0.0,5.0,0.0,26.0
1322.618346492696,73.0,6.0,0.0,5.0,0.0,26.0
1322.918346492696,73.0,6.0,0.0,5.0,0.0,26.0
1322.9191684105042,73.0,6.0,0.0,5.0,0.0,26.0
1323.2191684105042,73.0,6.0,0.0,5.0,0.0,26.0
1323.2199903283124,73.0,6.0,0.0,5.0,0.0,26.0
1323.5199903283124,73.0,6.0,0.0,5.0,0.0,26.0
1323.5208122461206,73.0,6.0,0.0,5.0,0.0,26.0
1323.8208122461206,73.0,6.0,0.0,5.0,0.0,26.0
1323.8216341639288,73.0,6.0,0.0,5.0,0.0,26.0
1324.1216341639288,73.0,6.0,0.0,5.0,0.0,26.0
1324.122456081737,73.0,6.0,0.0,5.0,0.0,26.0
1324.422456081737,73.0,6.0,0.0,5.0,0.0,26.0
1324.4232779995452,73.0,6.0,0.0,5.0,0.0,26.0
1324.7232779995452,73.0,6.0,0.0,5.0,0.0,26.0
1324.7240999173534,73.0,6.0,0.0,5.0,0.0,26.0
1325.0240999173534,73.0,6.0,0.0,5.0,0.0,26.0
1325.0249218351616,73.0,6.0,0.0,5.0,0.0,26.0
1325.3249218351616,73.0,6.0,0.0,5.0,0.0,26.0
1325.3257437529699,73.0,6.0,0.0,5.0,0.0,26.0
1325.6257437529698,73.0,6.0,0.0,5.0,0.0,26.0
1325.626565670778,73.0,6.0,0.0,5.0,0.0,26.0
1325.926565670778,73.0,6.0,0.0,5.0,0.0,26.0
1325.9273875885863,73.0,6.0,0.0,5.0,0.0,26.0
1326.2273875885862,73.0,6.0,0.0,5.0,0.0,26.0
1326.2282095063945,73.0,6.0,0.0,5.0,0.0,26.0
1326.5282095063944,73.0,6.0,0.0,5.0,0.0,26.0
1326.5290314242027,73.0,6.0,0.0,5.0,0.0,26.0
1326.8290314242026,73.0,6.0,0.0,5.0,0.0,26.0
1326.829853342011,73.0,6.0,0.0,5.0,0.0,26.0
1327.1298533420108,73.0,6.0,0.0,5.0,0.0,26.0
1327.130675259819,73.0,6.0,0.0,5.0,0.0,26.0
1327.430675259819,73.0,6.0,0.0,5.0,0.0,26.0
1327.4314971776273,73.0,6.0,0.0,5.0,0.0,26.0
1327.7314971776273,73.0,6.0,0.0,5.0,0.0,26.0
1327.7323190954355,73.0,6.0,0.0,5.0,0.0,26.0
1328.0323190954355,73.0,6.0,0.0,5.0,0.0,26.0
1328.0331410132437,73.0,6.0,0.0,5.0,0.0,26.0
1328.3331410132437,73.0,6.0,0.0,5.0,0.0,26.0
1328.333962931052,73.0,6.0,0.0,5.0,0.0,26.0
1328.6339629310519,73.0,6.0,0.0,5.0,0.0,26.0
1328.6347848488601,73.0,6.0,0.0,5.0,0.0,26.0
1328.93478484886,73.0,6.0,0.0,5.0,0.0,26.0
1328.9356067666683,73.0,6.0,0.0,5.0,0.0,26.0
1329.2356067666683,73.0,6.0,0.0,5.0,0.0,26.0
1329.2364286844766,73.0,6.0,0.0,5.0,0.0,26.0
1329.5364286844765,73.0,6.0,0.0,5.0,0.0,26.0
1329.5372506022848,73.0,6.0,0.0,5.0,0.0,26.0
1329.8372506022847,73.0,6.0,0.0,5.0,0.0,26.0
1329.838072520093,73.0,6.0,0.0,5.0,0.0,26.0
1330.138072520093,73.0,6.0,0.0,5.0,0.0,26.0
1330.1388944379012,73.0,6.0,0.0,5.0,0.0,26.0
1330.4388944379011,73.0,6.0,0.0,5.0,0.0,26.0
1330.4397163557094,73.0,6.0,0.0,5.0,0.0,26.0
1330.7397163557093,73.0,6.0,0.0,5.0,0.0,26.0
1330.7405382735176,73.0,6.0,0.0,5.0,0.0,26.0
1331.0405382735175,73.0,6.0,0.0,5.0,0.0,26.0
1331.0413601913258,74.0,6.0,0.0,5.0,0.0,26.0
1331.3413601913257,74.0,6.0,0.0,5.0,0.0,26.0
1331.3421710021366,74.0,6.0,0.0,5.0,0.0,26.0
1331.6421710021366,74.0,6.0,0.0,5.0,0.0,26.0
1331.6429818129475,74.0,6.0,0.0,5.0,0.0,26.0
1331.9429818129474,74.0,6.0,0.0,5.0,0.0,26.0
1331.9437926237583,74.0,6.0,0.0,5.0,0.0,26.0
1332.2437926237583,74.0,6.0,0.0,5.0,0.0,26.0
1332.2446034345692,74.0,6.0,0.0,5.0,0.0,26.0
1332.5446034345691,74.0,6.0,0.0,5.0,0.0,26.0
1332.54541424538,74.0,6.0,0.0,5.0,0.0,26.0
1332.84541424538,74.0,6.0,0.0,5.0,0.0,26.0
1332.8462250561909,74.0,6.0,0.0,5.0,0.0,26.0
1333.1462250561908,74.0,6.0,0.0,5.0,0.0,26.0
1333.1470358670017,74.0,6.0,0.0,5.0,0.0,26.0
1333.4470358670017,74.0,6.0,0.0,5.0,0.0,26.0
1333.4478466778125,74.0,6.0,0.0,5.0,0.0,26.0
1333.7478466778125,74.0,6.0,0.0,5.0,0.0,26.0
1333.7486574886234,74.0,6.0,0.0,5.0,0.0,26.0
1334.0486574886233,74.0,6.0,0.0,5.0,0.0,26.0
1334.0494682994342,74.0,6.0,0.0,5.0,0.0,26.0
1334.3494682994342,74.0,6.0,0.0,5.0,0.0,26.0
1334.350279110245,74.0,6.0,0.0,5.0,0.0,26.0
1334.650279110245,74.0,6.0,0.0,5.0,0.0,26.0
1334.651089921056,74.0,6.0,0.0,5.0,0.0,26.0
1334.9510899210559,74.0,6.0,0.0,5.0,0.0,26.0
1334.9519007318668,74.0,6.0,0.0,5.0,0.0,26.0
1335.2519007318667,74.0,6.0,0.0,5.0,0.0,26.0
1335.2527115426776,74.0,6.0,0.0,5.0,0.0,26.0
1335.5527115426776,74.0,6.0,0.0,5.0,0.0,26.0
1335.5535223534885,74.0,6.0,0.0,5.0,0.0,26.0
1335.8535223534884,74.0,6.0,0.0,5.0,0.0,26.0
1335.8543331642993,74.0,6.0,0.0,5.0,0.0,26.0
1336.1543331642993,74.0,6.0,0.0,5.0,0.0,26.0
1336.1551439751101,74.0,6.0,0.0,5.0,0.0,26.0
1336.45514397511,74.0,6.0,0.0,5.0,0.0,26.0
1336.455954785921,74.0,6.0,0.0,5.0,0.0,26.0
1336.755954785921,74.0,6.0,0.0,5.0,0.0,26.0
1336.7567655967318,74.0,6.0,0.0,5.0,0.0,26.0
1337.0567655967318,74.0,6.0,0.0,5.0,0.0,26.0
1337.0575764075427,74.0,6.0,0.0,5.0,0.0,26.0
1337.3575764075426,74.0,6.0,0.0,5.0,0.0,26.0
1337.3583872183535,74.0,6.0,0.0,5.0,0.0,26.0
1337.6583872183535,74.0,6.0,0.0,5.0,0.0,26.0
1337.6591980291644,74.0,6.0,0.0,5.0,0.0,26.0
1337.9591980291643,74.0,6.0,0.0,5.0,0.0,26.0
1337.9600088399752,74.0,6.0,0.0,5.0,0.0,26.0
1338.2600088399752,74.0,6.0,0.0,5.0,0.0,26.0
1338.260819650786,74.0,6.0,0.0,5.0,0.0,26.0
1338.560819650786,74.0,6.0,0.0,5.0,0.0,26.0
1338.561630461597,74.0,6.0,0.0,5.0,0.0,26.0
1338.8616304615969,74.0,6.0,0.0,5.0,0.0,26.0
1338.8624412724078,74.0,6.0,0.0,5.0,0.0,26.0
1339.1624412724077,74.0,6.0,0.0,5.0,0.0,26.0
1339.1632520832186,75.0,6.0,0.0,5.0,0.0,26.0
1339.4632520832185,75.0,6.0,0.0,5.0,0.0,26.0
1339.4640520832186,75.0,6.0,0.0,5.0,0.0,26.0
1339.7640520832185,75.0,6.0,0.0,5.0,0.0,26.0
1339.7648520832186,75.0,6.0,0.0,5.0,0.0,26.0
1340.0648520832185,75.0,6.0,0.0,5.0,0.0,26.0
1340.0656520832185,75.0,6.0,0.0,5.0,0.0,26.0
1340.3656520832185,75.0,6.0,0.0,5.0,0.0,26.0
1340.3664520832185,75.0,6.0,0.0,5.0,0.0,26.0
1340.6664520832185,75.0,6.0,0.0,5.0,0.0,26.0
1340.6672520832185,75.0,6.0,0.0,5.0,0.0,26.0
1340.9672520832185,75.0,6.0,0.0,5.0,0.0,26.0
1340.9680520832185,75.0,6.0,0.0,5.0,0.0,26.0
1341.2680520832184,75.0,6.0,0.0,5.0,0.0,26.0
1341.2688520832185,75.0,6.0,0.0,5.0,0.0,26.0
1341.5688520832184,75.0,6.0,0.0,5.0,0.0,26.0
1341.5696520832184,75.0,6.0,0.0,5.0,0.0,26.0
1341.8696520832184,75.0,6.0,0.0,5.0,0.0,26.0
1341.8704520832184,75.0,6.0,0.0,5.0,0.0,26.0
1342.1704520832184,75.0,6.0,0.0,5.0,0.0,26.0
1342.1712520832184,75.0,6.0,0.0,5.0,0.0,26.0
1342.4712520832184,75.0,6.0,0.0,5.0,0.0,26.0
1342.4720520832184,75.0,6.0,0.0,5.0,0.0,26.0
1342.7720520832183,75.0,6.0,0.0,5.0,0.0,26.0
1342.7728520832184,75.0,6.0,0.0,5.0,0.0,26.0
1343.0728520832183,75.0,6.0,0.0,5.0,0.0,26.0
1343.0736520832183,75.0,6.0,0.0,5.0,0.0,26.0
1343.3736520832183,75.0,6.0,0.0,5.0,0.0,26.0
1343.3744520832183,76.0,6.0,0.0,5.0,0.0,26.0
1343.6744520832183,76.0,6.0,0.0,5.0,0.0,26.0
1343.6752415569024,76.0,6.0,0.0,5.0,0.0,26.0
1343.9752415569023,76.0,6.0,0.0,5.0,0.0,26.0
1343.9760310305865,76.0,6.0,0.0,5.0,0.0,26.0
1344.2760310305864,76.0,6.0,0.0,5.0,0.0,26.0
1344.2768205042705,76.0,6.0,0.0,5.0,0.0,26.0
1344.5768205042705,76.0,6.0,0.0,5.0,0.0,26.0
1344.5776099779546,76.0,6.0,0.0,5.0,0.0,26.0
1344.8776099779545,76.0,6.0,0.0,5.0,0.0,26.0
1344.8783994516386,76.0,6.0,0.0,5.0,0.0,26.0
1345.1783994516386,76.0,6.0,0.0,5.0,0.0,26.0
1345.1791889253227,76.0,6.0,0.0,5.0,0.0,26.0
1345.4791889253227,76.0,6.0,0.0,5.0,0.0,26.0
1345.4799783990068,76.0,6.0,0.0,5.0,0.0,26.0
1345.7799783990067,76.0,6.0,0.0,5.0,0.0,26.0
1345.7807678726908,76.0,6.0,0.0,5.0,0.0,26.0
1346.0807678726908,76.0,6.0,0.0,5.0,0.0,26.0
1346.081557346375,76.0,6.0,0.0,5.0,0.0,26.0
1346.3815573463748,76.0,6.0,0.0,5.0,0.0,26.0
1346.382346820059,76.0,6.0,0.0,5.0,0.0,26.0
1346.682346820059,76.0,6.0,0.0,5.0,0.0,26.0
1346.683136293743,76.0,6.0,0.0,5.0,0.0,26.0
1346.983136293743,76.0,6.0,0.0,5.0,0.0,26.0
1346.983925767427,76.0,6.0,0.0,5.0,0.0,26.0
1347.283925767427,76.0,6.0,0.0,5.0,0.0,26.0
1347.2847152411111,76.0,6.0,0.0,5.0,0.0,26.0
1347.584715241111,76.0,6.0,0.0,5.0,0.0,26.0
1347.5855047147952,76.0,6.0,0.0,5.0,0.0,26.0
1347.8855047147952,76.0,6.0,0.0,5.0,0.0,26.0
1347.8862941884793,76.0,6.0,0.0,5.0,0.0,26.0
1348.1862941884792,76.0,6.0,0.0,5.0,0.0,26.0
1348.1870836621633,76.0,6.0,0.0,5.0,0.0,26.0
1348.4870836621633,76.0,6.0,0.0,5.0,0.0,26.0
1348.4878731358474,77.0,6.0,0.0,5.0,0.0,26.0
1348.7878731358473,77.0,6.0,0.0,5.0,0.0,26.0
1348.7886523566265,77.0,6.0,0.0,5.0,0.0,26.0
1349.0886523566264,77.0,6.0,0.0,5.0,0.0,26.0
1349.0894315774055,77.0,6.0,0.0,5.0,0.0,26.0
1349.3894315774055,77.0,6.0,0.0,5.0,0.0,26.0
1349.3902107981846,77.0,6.0,0.0,5.0,0.0,26.0
1349.6902107981846,77.0,6.0,0.0,5.0,0.0,26.0
1349.6909900189637,77.0,6.0,0.0,5.0,0.0,26.0
1349.9909900189637,77.0,6.0,0.0,5.0,0.0,26.0
1349.9917692397428,77.0,6.0,0.0,5.0,0.0,26.0
1350.2917692397427,77.0,6.0,0.0,5.0,0.0,26.0
1350.2925484605219,77.0,6.0,0.0,5.0,0.0,26.0
1350.5925484605218,77.0,6.0,0.0,5.0,0.0,26.0
1350.593327681301,77.0,6.0,0.0,5.0,0.0,26.0
1350.893327681301,77.0,6.0,0.0,5.0,0.0,26.0
1350.89410690208,77.0,6.0,0.0,5.0,0.0,26.0
1351.19410690208,77.0,6.0,0.0,5.0,0.0,26.0
1351.194886122859,77.0,6.0,0.0,5.0,0.0,26.0
1351.494886122859,77.0,6.0,0.0,5.0,0.0,26.0
1351.4956653436382,77.0,6.0,0.0,5.0,0.0,26.0
1351.7956653436381,77.0,6.0,0.0,5.0,0.0,26.0
1351.7964445644172,77.0,6.0,0.0,5.0,0.0,26.0
1352.0964445644172,77.0,6.0,0.0,5.0,0.0,26.0
1352.0972237851963,77.0,6.0,0.0,5.0,0.0,26.0
1352.3972237851963,77.0,6.0,0.0,5.0,0.0,26.0
1352.3980030059754,77.0,6.0,0.0,5.0,0.0,26.0
1352.6980030059754,77.0,6.0,0.0,5.0,0.0,26.0
1352.6987822267545,77.0,6.0,0.0,5.0,0.0,26.0
1352.9987822267544,77.0,6.0,0.0,5.0,0.0,26.0
1352.9995614475336,77.0,6.0,0.0,5.0,0.0,26.0
1353.2995614475335,77.0,6.0,0.0,5.0,0.0,26.0
1353.3003406683126,77.0,6.0,0.0,5.0,0.0,26.0
1353.6003406683126,77.0,6.0,0.0,5.0,0.0,26.0
1353.6011198890917,77.0,6.0,0.0,5.0,0.0,26.0
1353.9011198890917,77.0,6.0,0.0,5.0,0.0,26.0
1353.9018991098708,77.0,6.0,0.0,5.0,0.0,26.0
1354.2018991098707,77.0,6.0,0.0,5.0,0.0,26.0
1354.2026783306499,77.0,6.0,0.0,5.0,0.0,26.0
1354.5026783306498,77.0,6.0,0.0,5.0,0.0,26.0
1354.503457551429,77.0,6.0,0.0,5.0,0.0,26.0
1354.803457551429,77.0,6.0,0.0,5.0,0.0,26.0
1354.804236772208,77.0,6.0,0.0,5.0,0.0,26.0
1355.104236772208,77.0,6.0,0.0,5.0,0.0,26.0
1355.105015992987,78.0,6.0,0.0,5.0,0.0,26.0
1355.405015992987,78.0,6.0,0.0,5.0,0.0,26.0
1355.4057852237563,78.0,6.0,0.0,5.0,0.0,26.0
1355.7057852237563,78.0,6.0,0.0,5.0,0.0,26.0
1355.7065544545255,78.0,6.0,0.0,3.0,0.0,27.0
1356.0065544545255,78.0,6.0,0.0,3.0,0.0,27.0
1356.0073236852948,79.0,6.0,0.0,3.0,0.0,27.0
1356.3073236852947,79.0,6.0,0.0,3.0,0.0,27.0
1356.3080831789655,79.0,6.0,0.0,3.0,0.0,27.0
1356.6080831789654,79.0,6.0,0.0,3.0,0.0,27.0
1356.6088426726362,79.0,6.0,0.0,3.0,0.0,27.0
1356.9088426726362,79.0,6.0,0.0,3.0,0.0,27.0
1356.909602166307,79.0,6.0,0.0,3.0,0.0,27.0
1357.209602166307,79.0,6.0,0.0,3.0,0.0,27.0
1357.2103616599777,79.0,6.0,0.0,3.0,0.0,27.0
1357.5103616599777,79.0,6.0,0.0,3.0,0.0,27.0
1357.5111211536484,79.0,6.0,0.0,3.0,0.0,27.0
1357.8111211536484,79.0,6.0,0.0,3.0,0.0,27.0
1357.8118806473192,79.0,6.0,0.0,3.0,0.0,27.0
1358.1118806473191,79.0,6.0,0.0,3.0,0.0,27.0
1358.11264014099,79.0,6.0,0.0,8.0,0.0,27.0
1358.4126401409899,79.0,6.0,0.0,8.0,0.0,27.0
1358.4133996346607,79.0,6.0,0.0,8.0,0.0,27.0
1358.7133996346606,79.0,6.0,0.0,8.0,0.0,27.0
1358.7141591283314,79.0,6.0,0.0,8.0,0.0,27.0
1359.0141591283314,79.0,6.0,0.0,8.0,0.0,27.0
1359.0149186220021,79.0,6.0,0.0,8.0,0.0,27.0
1359.314918622002,79.0,6.0,0.0,8.0,0.0,27.0
1359.3156781156729,79.0,6.0,0.0,8.0,0.0,27.0
1359.6156781156728,79.0,6.0,0.0,8.0,0.0,27.0
1359.6164376093436,79.0,6.0,0.0,8.0,0.0,27.0
1359.9164376093436,79.0,6.0,0.0,8.0,0.0,27.0
1359.9171971030144,79.0,6.0,0.0,8.0,0.0,27.0
1360.2171971030143,79.0,6.0,0.0,8.0,0.0,27.0
1360.217956596685,79.0,6.0,0.0,8.0,0.0,27.0
1360.517956596685,79.0,6.0,0.0,8.0,0.0,27.0
1360.5187160903558,79.0,6.0,0.0,8.0,0.0,27.0
1360.8187160903558,79.0,6.0,0.0,8.0,0.0,27.0
1360.8194755840266,79.0,6.0,0.0,8.0,0.0,27.0
1361.1194755840265,79.0,6.0,0.0,8.0,0.0,27.0
1361.1202350776973,79.0,6.0,0.0,8.0,0.0,27.0
1361.4202350776973,79.0,6.0,0.0,8.0,0.0,27.0
1361.420994571368,79.0,6.0,0.0,8.0,0.0,27.0
1361.720994571368,79.0,6.0,0.0,8.0,0.0,27.0
1361.7217540650388,79.0,6.0,0.0,8.0,0.0,27.0
1362.0217540650387,79.0,6.0,0.0,8.0,0.0,27.0
1362.0225135587095,79.0,6.0,0.0,8.0,0.0,27.0
1362.3225135587095,79.0,6.0,0.0,8.0,0.0,27.0
1362.3232730523803,79.0,6.0,0.0,8.0,0.0,27.0
1362.6232730523802,79.0,6.0,0.0,8.0,0.0,27.0
1362.624032546051,79.0,6.0,0.0,8.0,0.0,27.0
1362.924032546051,79.0,6.0,0.0,8.0,0.0,27.0
1362.9247920397218,79.0,6.0,0.0,8.0,0.0,27.0
1363.2247920397217,79.0,6.0,0.0,8.0,0.0,27.0
1363.2255515333925,79.0,6.0,0.0,8.0,0.0,27.0
1363.5255515333924,79.0,6.0,0.0,8.0,0.0,27.0
1363.5263110270632,79.0,6.0,0.0,8.0,0.0,27.0
1363.8263110270632,79.0,6.0,0.0,8.0,0.0,27.0
1363.827070520734,79.0,6.0,0.0,8.0,0.0,27.0
1364.127070520734,79.0,6.0,0.0,8.0,0.0,27.0
1364.1278300144047,79.0,6.0,0.0,8.0,0.0,27.0
1364.4278300144047,79.0,6.0,0.0,8.0,0.0,27.0
1364.4285895080754,79.0,6.0,0.0,8.0,0.0,27.0
1364.7285895080754,79.0,6.0,0.0,8.0,0.0,27.0
1364.7293490017462,79.0,6.0,0.0,8.0,0.0,27.0
1365.0293490017461,79.0,6.0,0.0,8.0,0.0,27.0
1365.030108495417,79.0,6.0,0.0,8.0,0.0,27.0
1365.3301084954169,79.0,6.0,0.0,8.0,0.0,27.0
1365.3308679890877,79.0,6.0,0.0,8.0,0.0,27.0
1365.6308679890876,79.0,6.0,0.0,8.0,0.0,27.0
1365.6316274827584,79.0,6.0,0.0,8.0,0.0,27.0
1365.9316274827584,79.0,6.0,0.0,8.0,0.0,27.0
1365.9323869764291,79.0,6.0,0.0,8.0,0.0,27.0
1366.232386976429,79.0,6.0,0.0,8.0,0.0,27.0
1366.2331464700999,79.0,6.0,0.0,8.0,0.0,27.0
1366.5331464700998,79.0,6.0,0.0,8.0,0.0,27.0
1366.5339059637706,79.0,6.0,0.0,8.0,0.0,27.0
1366.8339059637706,79.0,6.0,0.0,8.0,0.0,27.0
1366.8346654574414,79.0,6.0,0.0,8.0,0.0,27.0
1367.1346654574413,79.0,6.0,0.0,8.0,0.0,27.0
1367.135424951112,79.0,6.0,0.0,8.0,0.0,27.0
1367.435424951112,79.0,6.0,0.0,8.0,0.0,27.0
1367.4361844447828,79.0,6.0,0.0,8.0,0.0,27.0
1367.7361844447828,79.0,6.0,0.0,8.0,0.0,27.0
1367.7369439384536,79.0,6.0,0.0,8.0,0.0,27.0
1368.0369439384535,79.0,6.0,0.0,8.0,0.0,27.0
1368.0377034321243,79.0,6.0,0.0,8.0,0.0,27.0
1368.3377034321243,79.0,6.0,0.0,8.0,0.0,27.0
1368.338462925795,79.0,6.0,0.0,8.0,0.0,27.0
1368.638462925795,79.0,6.0,0.0,8.0,0.0,27.0
1368.6392224194658,79.0,6.0,0.0,8.0,0.0,27.0
1368.9392224194658,79.0,6.0,0.0,8.0,0.0,27.0
1368.9399819131365,79.0,6.0,0.0,8.0,0.0,27.0
1369.2399819131365,79.0,6.0,0.0,8.0,0.0,27.0
1369.2407414068073,78.0,6.0,0.0,8.0,0.0,27.0
1369.5407414068072,78.0,6.0,0.0,8.0,0.0,27.0
1369.5415106375765,78.0,6.0,0.0,8.0,0.0,27.0
1369.8415106375764,78.0,6.0,0.0,8.0,0.0,27.0
1369.8422798683457,78.0,6.0,0.0,8.0,0.0,27.0
1370.1422798683457,78.0,6.0,0.0,8.0,0.0,27.0
1370.143049099115,78.0,6.0,0.0,8.0,0.0,27.0
1370.443049099115,78.0,6.0,0.0,8.0,0.0,27.0
1370.4438183298842,78.0,6.0,0.0,8.0,0.0,27.0
1370.743818329884,78.0,6.0,0.0,8.0,0.0,27.0
1370.7445875606534,78.0,6.0,0.0,8.0,0.0,27.0
1371.0445875606533,78.0,6.0,0.0,8.0,0.0,27.0
1371.0453567914226,78.0,6.0,0.0,8.0,0.0,27.0
1371.3453567914225,78.0,6.0,0.0,8.0,0.0,27.0
1371.3461260221918,78.0,6.0,0.0,8.0,0.0,27.0
1371.6461260221918,78.0,6.0,0.0,8.0,0.0,27.0
1371.646895252961,78.0,6.0,0.0,8.0,0.0,27.0
1371.946895252961,78.0,6.0,0.0,8.0,0.0,27.0
1371.9476644837303,78.0,6.0,0.0,8.0,0.0,27.0
1372.2476644837302,78.0,6.0,0.0,8.0,0.0,27.0
1372.2484337144995,78.0,6.0,0.0,8.0,0.0,27.0
1372.5484337144994,78.0,6.0,0.0,8.0,0.0,27.0
1372.5492029452687,78.0,6.0,0.0,8.0,0.0,27.0
1372.8492029452686,78.0,6.0,0.0,8.0,0.0,27.0
1372.849972176038,78.0,6.0,0.0,8.0,0.0,27.0
1373.1499721760379,78.0,6.0,0.0,8.0,0.0,27.0
1373.1507414068071,78.0,6.0,0.0,8.0,0.0,27.0
1373.450741406807,78.0,6.0,0.0,8.0,0.0,27.0
1373.4515106375763,78.0,6.0,0.0,8.0,0.0,27.0
1373.7515106375763,78.0,6.0,0.0,8.0,0.0,27.0
1373.7522798683456,78.0,6.0,0.0,8.0,0.0,27.0
1374.0522798683455,78.0,6.0,0.0,8.0,0.0,27.0
1374.0530490991148,78.0,6.0,0.0,8.0,0.0,27.0
1374.3530490991147,78.0,6.0,0.0,8.0,0.0,27.0
1374.353818329884,78.0,6.0,0.0,8.0,0.0,27.0
1374.653818329884,78.0,6.0,0.0,8.0,0.0,27.0
1374.6545875606532,78.0,6.0,0.0,8.0,0.0,27.0
1374.9545875606532,78.0,6.0,0.0,8.0,0.0,27.0
1374.9553567914224,78.0,6.0,0.0,8.0,0.0,27.0
1375.2553567914224,78.0,6.0,0.0,8.0,0.0,27.0
1375.2561260221917,78.0,6.0,0.0,6.0,0.0,28.0
1375.5561260221916,78.0,6.0,0.0,6.0,0.0,28.0
1375.5568952529609,78.0,6.0,0.0,6.0,0.0,28.0
1375.8568952529608,78.0,6.0,0.0,6.0,0.0,28.0
1375.85766448373,78.0,6.0,0.0,6.0,0.0,28.0
1376.15766448373,78.0,6.0,0.0,6.0,0.0,28.0
1376.1584337144993,78.0,6.0,0.0,4.0,0.0,29.0
1376.4584337144993,78.0,6.0,0.0,4.0,0.0,29.0
1376.4592029452685,78.0,6.0,0.0,4.0,0.0,29.0
1376.7592029452685,78.0,6.0,0.0,4.0,0.0,29.0
1376.7599721760378,78.0,6.0,0.0,4.0,0.0,29.0
1377.0599721760377,78.0,6.0,0.0,4.0,0.0,29.0
1377.060741406807,78.0,6.0,0.0,4.0,0.0,29.0
1377.360741406807,78.0,6.0,0.0,4.0,0.0,29.0
1377.3615106375762,78.0,6.0,0.0,4.0,0.0,29.0
1377.6615106375762,78.0,6.0,0.0,4.0,0.0,29.0
1377.6622798683454,78.0,6.0,0.0,4.0,0.0,29.0
1377.9622798683454,78.0,6.0,0.0,4.0,0.0,29.0
1377.9630490991146,78.0,6.0,0.0,4.0,0.0,29.0
1378.2630490991146,78.0,6.0,0.0,4.0,0.0,29.0
1378.2638183298839,78.0,6.0,0.0,4.0,0.0,29.0
1378.5638183298838,78.0,6.0,0.0,4.0,0.0,29.0
1378.564587560653,78.0,6.0,0.0,4.0,0.0,29.0
1378.864587560653,78.0,6.0,0.0,4.0,0.0,29.0
1378.8653567914223,78.0,6.0,0.0,4.0,0.0,29.0
1379.1653567914223,78.0,6.0,0.0,4.0,0.0,29.0
1379.1661260221915,79.0,6.0,0.0,4.0,0.0,29.0
1379.4661260221915,79.0,6.0,0.0,4.0,0.0,29.0
1379.4668855158623,79.0,6.0,0.0,4.0,0.0,29.0
1379.7668855158622,79.0,6.0,0.0,4.0,0.0,29.0
1379.767645009533,79.0,6.0,0.0,4.0,0.0,29.0
1380.067645009533,79.0,6.0,0.0,4.0,0.0,29.0
1380.0684045032037,79.0,6.0,0.0,4.0,0.0,29.0
1380.3684045032037,79.0,6.0,0.0,4.0,0.0,29.0
1380.3691639968745,79.0,6.0,0.0,4.0,0.0,29.0
1380.6691639968744,79.0,6.0,0.0,4.0,0.0,29.0
1380.6699234905452,79.0,6.0,0.0,4.0,0.0,29.0
1380.9699234905452,79.0,6.0,0.0,4.0,0.0,29.0
1380.970682984216,79.0,6.0,0.0,4.0,0.0,29.0
1381.270682984216,79.0,6.0,0.0,4.0,0.0,29.0
1381.2714424778867,79.0,6.0,0.0,4.0,0.0,29.0
1381.5714424778866,79.0,6.0,0.0,4.0,0.0,29.0
1381.5722019715574,79.0,6.0,0.0,4.0,0.0,29.0
1381.8722019715574,79.0,6.0,0.0,4.0,0.0,29.0
1381.8729614652282,79.0,6.0,0.0,4.0,0.0,29.0
1382.1729614652281,79.0,6.0,0.0,4.0,0.0,29.0
1382.173720958899,79.0,6.0,0.0,4.0,0.0,29.0
1382.4737209588989,79.0,6.0,0.0,4.0,0.0,29.0
1382.4744804525697,79.0,6.0,0.0,4.0,0.0,29.0
1382.7744804525696,79.0,6.0,0.0,4.0,0.0,29.0
1382.7752399462404,79.0,6.0,0.0,4.0,0.0,29.0
1383.0752399462403,79.0,6.0,0.0,4.0,0.0,29.0
1383.0759994399111,79.0,6.0,0.0,4.0,0.0,29.0
1383.375999439911,79.0,6.0,0.0,4.0,0.0,29.0
1383.3767589335819,79.0,6.0,0.0,4.0,0.0,29.0
1383.6767589335818,79.0,6.0,0.0,4.0,0.0,29.0
1383.6775184272526,79.0,6.0,0.0,4.0,0.0,29.0
1383.9775184272526,79.0,6.0,0.0,4.0,0.0,29.0
1383.9782779209233,79.0,6.0,0.0,4.0,0.0,29.0
1384.2782779209233,79.0,6.0,0.0,4.0,0.0,29.0
1384.279037414594,79.0,6.0,0.0,4.0,0.0,29.0
1384.579037414594,79.0,6.0,0.0,4.0,0.0,29.0
1384.5797969082648,79.0,6.0,0.0,9.0,0.0,29.0
1384.8797969082648,79.0,6.0,0.0,9.0,0.0,29.0
1384.8805376490054,79.0,6.0,0.0,9.0,0.0,29.0
1385.1805376490054,79.0,6.0,0.0,9.0,0.0,29.0
1385.181278389746,79.0,6.0,0.0,9.0,0.0,29.0
1385.481278389746,79.0,6.0,0.0,9.0,0.0,29.0
1385.4820191304866,79.0,6.0,0.0,9.0,0.0,29.0
1385.7820191304866,79.0,6.0,0.0,9.0,0.0,29.0
1385.7827598712272,79.0,6.0,0.0,9.0,0.0,29.0
1386.0827598712272,79.0,6.0,0.0,9.0,0.0,29.0
1386.0835006119678,79.0,6.0,0.0,9.0,0.0,29.0
1386.3835006119677,79.0,6.0,0.0,9.0,0.0,29.0
1386.3842413527084,79.0,6.0,0.0,9.0,0.0,29.0
1386.6842413527083,79.0,6.0,0.0,9.0,0.0,29.0
1386.684982093449,79.0,6.0,0.0,9.0,0.0,29.0
1386.984982093449,79.0,6.0,0.0,9.0,0.0,29.0
1386.9857228341896,79.0,6.0,0.0,9.0,0.0,29.0
1387.2857228341895,79.0,6.0,0.0,9.0,0.0,29.0
1387.2864635749302,79.0,6.0,0.0,9.0,0.0,29.0
1387.5864635749301,79.0,6.0,0.0,9.0,0.0,29.0
1387.5872043156708,79.0,6.0,0.0,9.0,0.0,29.0
1387.8872043156707,79.0,6.0,0.0,9.0,0.0,29.0
1387.8879450564114,79.0,6.0,0.0,9.0,0.0,29.0
1388.1879450564113,79.0,6.0,0.0,9.0,0.0,29.0
1388.188685797152,79.0,6.0,0.0,9.0,0.0,29.0
1388.488685797152,79.0,6.0,0.0,9.0,0.0,29.0
1388.4894265378925,79.0,6.0,0.0,9.0,0.0,29.0
1388.7894265378925,79.0,6.0,0.0,9.0,0.0,29.0
1388.7901672786331,79.0,6.0,0.0,9.0,0.0,29.0
1389.090167278633,79.0,6.0,0.0,9.0,0.0,29.0
1389.0909080193737,79.0,6.0,0.0,9.0,0.0,29.0
1389.3909080193737,79.0,6.0,0.0,9.0,0.0,29.0
1389.3916487601143,79.0,6.0,0.0,9.0,0.0,29.0
1389.6916487601143,79.0,6.0,0.0,9.0,0.0,29.0
1389.692389500855,79.0,6.0,0.0,9.0,0.0,29.0
1389.9923895008549,79.0,6.0,0.0,9.0,0.0,29.0
1389.9931302415955,79.0,6.0,0.0,9.0,0.0,29.0
1390.2931302415955,79.0,6.0,0.0,9.0,0.0,29.0
1390.293870982336,79.0,6.0,0.0,9.0,0.0,29.0
1390.593870982336,79.0,6.0,0.0,9.0,0.0,29.0
1390.5946117230767,79.0,6.0,0.0,7.0,0.0,30.0
1390.8946117230767,79.0,6.0,0.0,7.0,0.0,30.0
1390.8953712167474,79.0,6.0,0.0,7.0,0.0,30.0
1391.1953712167474,79.0,6.0,0.0,7.0,0.0,30.0
1391.1961307104182,79.0,6.0,0.0,7.0,0.0,30.0
1391.4961307104181,79.0,6.0,0.0,7.0,0.0,30.0
1391.496890204089,79.0,6.0,0.0,7.0,0.0,30.0
1391.7968902040889,79.0,6.0,0.0,7.0,0.0,30.0
1391.7976496977597,79.0,6.0,0.0,7.0,0.0,30.0
1392.0976496977596,79.0,6.0,0.0,7.0,0.0,30.0
1392.0984091914304,79.0,6.0,0.0,7.0,0.0,30.0
1392.3984091914303,79.0,6.0,0.0,7.0,0.0,30.0
1392.3991686851011,79.0,6.0,0.0,7.0,0.0,30.0
1392.699168685101,79.0,6.0,0.0,7.0,0.0,30.0
1392.6999281787719,79.0,6.0,0.0,7.0,0.0,30.0
1392.9999281787718,79.0,6.0,0.0,7.0,0.0,30.0
1393.0006876724426,79.0,6.0,0.0,7.0,0.0,30.0
1393.3006876724426,79.0,6.0,0.0,7.0,0.0,30.0
1393.3014471661133,78.0,6.0,0.0,7.0,0.0,30.0
1393.6014471661133,78.0,6.0,0.0,7.0,0.0,30.0
1393.6022163968826,78.0,6.0,0.0,7.0,0.0,30.0
1393.9022163968825,78.0,6.0,0.0,7.0,0.0,30.0
1393.9029856276518,78.0,6.0,0.0,7.0,0.0,30.0
1394.2029856276517,78.0,6.0,0.0,7.0,0.0,30.0
1394.203754858421,78.0,6.0,0.0,7.0,0.0,30.0
1394.503754858421,78.0,6.0,0.0,7.0,0.0,30.0
1394.5045240891902,78.0,6.0,0.0,7.0,0.0,30.0
1394.8045240891902,78.0,6.0,0.0,7.0,0.0,30.0
1394.8052933199594,78.0,6.0,0.0,7.0,0.0,30.0
1395.1052933199594,78.0,6.0,0.0,7.0,0.0,30.0
1395.1060625507287,78.0,6.0,0.0,7.0,0.0,30.0
1395.4060625507286,78.0,6.0,0.0,7.0,0.0,30.0
1395.4068317814979,78.0,6.0,0.0,7.0,0.0,30.0
1395.7068317814978,78.0,6.0,0.0,7.0,0.0,30.0
1395.707601012267,78.0,6.0,0.0,7.0,0.0,30.0
1396.007601012267,78.0,6.0,0.0,7.0,0.0,30.0
1396.0083702430363,78.0,6.0,0.0,7.0,0.0,30.0
1396.3083702430363,78.0,6.0,0.0,7.0,0.0,30.0
1396.3091394738055,78.0,6.0,0.0,7.0,0.0,30.0
1396.6091394738055,78.0,6.0,0.0,7.0,0.0,30.0
1396.6099087045748,78.0,6.0,0.0,7.0,0.0,30.0
1396.9099087045747,78.0,6.0,0.0,7.0,0.0,30.0
1396.910677935344,78.0,6.0,0.0,7.0,0.0,30.0
1397.210677935344,78.0,6.0,0.0,7.0,0.0,30.0
1397.2114471661132,78.0,6.0,0.0,7.0,0.0,30.0
1397.5114471661132,78.0,6.0,0.0,7.0,0.0,30.0
1397.5122163968824,78.0,6.0,0.0,7.0,0.0,30.0
1397.8122163968824,78.0,6.0,0.0,7.0,0.0,30.0
1397.8129856276516,78.0,6.0,0.0,7.0,0.0,30.0
1398.1129856276516,78.0,6.0,0.0,7.0,0.0,30.0
1398.1137548584209,78.0,6.0,0.0,7.0,0.0,30.0
1398.4137548584208,78.0,6.0,0.0,7.0,0.0,30.0
1398.41452408919,78.0,6.0,0.0,7.0,0.0,30.0
1398.71452408919,78.0,6.0,0.0,7.0,0.0,30.0
1398.7152933199593,78.0,6.0,0.0,7.0,0.0,30.0
1399.0152933199593,78.0,6.0,0.0,7.0,0.0,30.0
1399.0160625507285,78.0,6.0,0.0,7.0,0.0,30.0
1399.3160625507285,78.0,6.0,0.0,7.0,0.0,30.0
1399.3168317814977,78.0,6.0,0.0,7.0,0.0,30.0
1399.6168317814977,78.0,6.0,0.0,7.0,0.0,30.0
1399.617601012267,78.0,6.0,0.0,7.0,0.0,30.0
1399.917601012267,78.0,6.0,0.0,7.0,0.0,30.0
1399.9183702430362,78.0,6.0,0.0,7.0,0.0,30.0
1400.2183702430361,78.0,6.0,0.0,7.0,0.0,30.0
1400.2191394738054,78.0,6.0,0.0,7.0,0.0,30.0
1400.5191394738054,78.0,6.0,0.0,7.0,0.0,30.0
1400.5199087045746,78.0,6.0,0.0,7.0,0.0,30.0
1400.8199087045746,78.0,6.0,0.0,7.0,0.0,30.0
1400.8206779353438,78.0,6.0,0.0,7.0,0.0,30.0
1401.1206779353438,78.0,6.0,0.0,7.0,0.0,30.0
1401.121447166113,78.0,6.0,0.0,7.0,0.0,30.0
1401.421447166113,78.0,6.0,0.0,7.0,0.0,30.0
1401.4222163968823,78.0,6.0,0.0,7.0,0.0,30.0
1401.7222163968822,78.0,6.0,0.0,7.0,0.0,30.0
1401.7229856276515,79.0,6.0,0.0,7.0,0.0,30.0
1402.0229856276515,79.0,6.0,0.0,7.0,0.0,30.0
1402.0237451213222,79.0,6.0,0.0,7.0,0.0,30.0
1402.3237451213222,79.0,6.0,0.0,7.0,0.0,30.0
1402.324504614993,79.0,6.0,0.0,7.0,0.0,30.0
1402.624504614993,79.0,6.0,0.0,7.0,0.0,30.0
1402.6252641086637,79.0,6.0,0.0,7.0,0.0,30.0
1402.9252641086637,79.0,6.0,0.0,7.0,0.0,30.0
1402.9260236023345,79.0,6.0,0.0,7.0,0.0,30.0
1403.2260236023344,79.0,6.0,0.0,7.0,0.0,30.0
1403.2267830960052,79.0,6.0,0.0,7.0,0.0,30.0
1403.5267830960051,79.0,6.0,0.0,7.0,0.0,30.0
1403.527542589676,79.0,6.0,0.0,7.0,0.0,30.0
1403.8275425896759,79.0,6.0,0.0,7.0,0.0,30.0
1403.8283020833467,79.0,6.0,0.0,7.0,0.0,30.0
1404.1283020833466,79.0,6.0,0.0,7.0,0.0,30.0
1404.1290615770174,79.0,6.0,0.0,7.0,0.0,30.0
1404.4290615770174,79.0,6.0,0.0,7.0,0.0,30.0
1404.4298210706881,79.0,6.0,0.0,7.0,0.0,30.0
1404.729821070688,79.0,6.0,0.0,7.0,0.0,30.0
1404.730580564359,79.0,6.0,0.0,7.0,0.0,30.0
1405.0305805643588,79.0,6.0,0.0,7.0,0.0,30.0
1405.0313400580296,79.0,6.0,0.0,7.0,0.0,30.0
1405.3313400580296,79.0,6.0,0.0,7.0,0.0,30.0
1405.3320995517004,79.0,6.0,0.0,7.0,0.0,30.0
1405.6320995517003,79.0,6.0,0.0,7.0,0.0,30.0
1405.632859045371,79.0,6.0,0.0,7.0,0.0,30.0
1405.932859045371,79.0,6.0,0.0,7.0,0.0,30.0
1405.9336185390418,79.0,6.0,0.0,7.0,0.0,30.0
1406.2336185390418,79.0,6.0,0.0,7.0,0.0,30.0
1406.2343780327126,79.0,6.0,0.0,7.0,0.0,30.0
1406.5343780327125,79.0,6.0,0.0,7.0,0.0,30.0
1406.5351375263833,79.0,6.0,0.0,7.0,0.0,30.0
1406.8351375263833,79.0,6.0,0.0,7.0,0.0,30.0
1406.835897020054,79.0,6.0,0.0,7.0,0.0,30.0
1407.135897020054,79.0,6.0,0.0,7.0,0.0,30.0
1407.1366565137248,79.0,6.0,0.0,7.0,0.0,30.0
1407.4366565137248,79.0,6.0,0.0,7.0,0.0,30.0
1407.4374160073955,79.0,6.0,0.0,7.0,0.0,30.0
1407.7374160073955,79.0,6.0,0.0,7.0,0.0,30.0
1407.7381755010663,79.0,6.0,0.0,7.0,0.0,30.0
1408.0381755010662,79.0,6.0,0.0,7.0,0.0,30.0
1408.038934994737,79.0,6.0,0.0,7.0,0.0,30.0
1408.338934994737,79.0,6.0,0.0,7.0,0.0,30.0
1408.3396944884078,79.0,6.0,0.0,7.0,0.0,30.0
1408.6396944884077,79.0,6.0,0.0,7.0,0.0,30.0
1408.6404539820785,79.0,6.0,0.0,7.0,0.0,30.0
1408.9404539820785,79.0,6.0,0.0,7.0,0.0,30.0
1408.9412134757492,79.0,6.0,0.0,7.0,0.0,30.0
1409.2412134757492,79.0,6.0,0.0,7.0,0.0,30.0
1409.24197296942,79.0,6.0,0.0,7.0,0.0,30.0
1409.54197296942,79.0,6.0,0.0,7.0,0.0,30.0
1409.5427324630907,79.0,6.0,0.0,7.0,0.0,30.0
1409.8427324630907,79.0,6.0,0.0,7.0,0.0,30.0
1409.8434919567615,79.0,6.0,0.0,7.0,0.0,30.0
1410.1434919567614,79.0,6.0,0.0,7.0,0.0,30.0
1410.1442514504322,79.0,6.0,0.0,7.0,0.0,30.0
1410.4442514504321,79.0,6.0,0.0,7.0,0.0,30.0
1410.445010944103,79.0,6.0,0.0,7.0,0.0,30.0
1410.745010944103,79.0,6.0,0.0,7.0,0.0,30.0
1410.7457704377737,79.0,6.0,0.0,7.0,0.0,30.0
1411.0457704377736,79.0,6.0,0.0,7.0,0.0,30.0
1411.0465299314444,79.0,6.0,0.0,7.0,0.0,30.0
1411.3465299314444,79.0,6.0,0.0,7.0,0.0,30.0
1411.3472894251152,79.0,6.0,0.0,7.0,0.0,30.0
1411.647289425115,79.0,6.0,0.0,7.0,0.0,30.0
1411.648048918786,79.0,6.0,0.0,7.0,0.0,30.0
1411.9480489187858,79.0,6.0,0.0,7.0,0.0,30.0
1411.9488084124566,79.0,6.0,0.0,7.0,0.0,30.0
1412.2488084124566,79.0,6.0,0.0,7.0,0.0,30.0
1412.2495679061274,79.0,6.0,0.0,7.0,0.0,30.0
1412.5495679061273,79.0,6.0,0.0,7.0,0.0,30.0
1412.550327399798,79.0,6.0,0.0,7.0,0.0,30.0
1412.850327399798,79.0,6.0,0.0,7.0,0.0,30.0
1412.8510868934688,79.0,7.0,0.0,7.0,0.0,30.0
1413.1510868934688,79.0,7.0,0.0,7.0,0.0,30.0
1413.1518463871396,79.0,7.0,0.0,7.0,0.0,30.0
1413.4518463871395,79.0,7.0,0.0,7.0,0.0,30.0
1413.4526058808103,79.0,7.0,0.0,7.0,0.0,30.0
1413.7526058808103,79.0,7.0,0.0,7.0,0.0,30.0
1413.753365374481,79.0,7.0,0.0,7.0,0.0,30.0
1414.053365374481,79.0,7.0,0.0,7.0,0.0,30.0
1414.0541248681518,79.0,7.0,0.0,7.0,0.0,30.0
1414.3541248681518,79.0,7.0,0.0,7.0,0.0,30.0
1414.3548843618225,79.0,7.0,0.0,7.0,0.0,30.0
1414.6548843618225,79.0,7.0,0.0,7.0,0.0,30.0
1414.6556438554933,79.0,7.0,0.0,7.0,0.0,30.0
1414.9556438554932,79.0,7.0,0.0,7.0,0.0,30.0
1414.956403349164,79.0,7.0,0.0,7.0,0.0,30.0
1415.256403349164,79.0,7.0,0.0,7.0,0.0,30.0
1415.2571628428348,79.0,7.0,0.0,7.0,0.0,30.0
1415.5571628428347,79.0,7.0,0.0,7.0,0.0,30.0
1415.5579223365055,79.0,7.0,0.0,7.0,0.0,30.0
1415.8579223365055,79.0,7.0,0.0,7.0,0.0,30.0
1415.8586818301762,79.0,7.0,0.0,7.0,0.0,30.0
1416.1586818301762,79.0,7.0,0.0,7.0,0.0,30.0
1416.159441323847,79.0,7.0,0.0,7.0,0.0,30.0
1416.459441323847,79.0,7.0,0.0,7.0,0.0,30.0
1416.4602008175177,79.0,7.0,0.0,7.0,0.0,30.0
1416.7602008175177,79.0,7.0,0.0,7.0,0.0,30.0
1416.7609603111885,79.0,7.0,0.0,7.0,0.0,30.0
1417.0609603111884,79.0,7.0,0.0,7.0,0.0,30.0
1417.0617198048592,79.0,7.0,0.0,7.0,0.0,30.0
1417.3617198048591,79.0,7.0,0.0,7.0,0.0,30.0
1417.36247929853,79.0,7.0,0.0,7.0,0.0,30.0
1417.66247929853,79.0,7.0,0.0,7.0,0.0,30.0
1417.6632387922007,79.0,7.0,0.0,7.0,0.0,30.0
1417.9632387922006,79.0,7.0,0.0,7.0,0.0,30.0
1417.9639982858714,78.0,7.0,0.0,7.0,0.0,30.0
1418.2639982858714,78.0,7.0,0.0,7.0,0.0,30.0
1418.2647675166406,78.0,7.0,0.0,7.0,0.0,30.0
1418.5647675166406,78.0,7.0,0.0,7.0,0.0,30.0
1418.5655367474099,78.0,7.0,0.0,7.0,0.0,30.0
1418.8655367474098,78.0,7.0,0.0,7.0,0.0,30.0
1418.866305978179,78.0,7.0,0.0,7.0,0.0,30.0
1419.166305978179,78.0,7.0,0.0,7.0,0.0,30.0
1419.1670752089483,78.0,7.0,0.0,7.0,0.0,30.0
1419.4670752089482,78.0,7.0,0.0,7.0,0.0,30.0
1419.4678444397175,78.0,7.0,0.0,7.0,0.0,30.0
1419.7678444397175,78.0,7.0,0.0,7.0,0.0,30.0
1419.7686136704867,78.0,7.0,0.0,7.0,0.0,30.0
1420.0686136704867,78.0,7.0,0.0,7.0,0.0,30.0
1420.069382901256,78.0,7.0,0.0,7.0,0.0,30.0
1420.369382901256,78.0,7.0,0.0,7.0,0.0,30.0
1420.3701521320252,78.0,7.0,0.0,7.0,0.0,30.0
1420.6701521320251,78.0,7.0,0.0,7.0,0.0,30.0
1420.6709213627944,78.0,7.0,0.0,7.0,0.0,30.0
1420.9709213627943,78.0,7.0,0.0,7.0,0.0,30.0
1420.9716905935636,78.0,7.0,0.0,7.0,0.0,30.0
1421.2716905935636,78.0,7.0,0.0,7.0,0.0,30.0
1421.2724598243328,78.0,7.0,0.0,7.0,0.0,30.0
1421.5724598243328,78.0,7.0,0.0,7.0,0.0,30.0
1421.573229055102,78.0,7.0,0.0,7.0,0.0,30.0
1421.873229055102,78.0,7.0,0.0,7.0,0.0,30.0
1421.8739982858713,78.0,7.0,0.0,7.0,0.0,30.0
1422.1739982858712,78.0,7.0,0.0,7.0,0.0,30.0
1422.1747675166405,78.0,7.0,0.0,7.0,0.0,30.0
1422.4747675166404,78.0,7.0,0.0,7.0,0.0,30.0
1422.4755367474097,78.0,7.0,0.0,7.0,0.0,30.0
1422.7755367474097,78.0,7.0,0.0,7.0,0.0,30.0
1422.776305978179,78.0,7.0,0.0,7.0,0.0,30.0
1423.0763059781789,78.0,7.0,0.0,7.0,0.0,30.0
1423.0770752089481,78.0,7.0,0.0,7.0,0.0,30.0
1423.377075208948,78.0,7.0,0.0,7.0,0.0,30.0
1423.3778444397174,78.0,7.0,0.0,7.0,0.0,30.0
1423.6778444397173,78.0,7.0,0.0,7.0,0.0,30.0
1423.6786136704866,78.0,7.0,0.0,7.0,0.0,30.0
1423.9786136704865,78.0,7.0,0.0,7.0,0.0,30.0
1423.9793829012558,78.0,7.0,0.0,7.0,0.0,30.0
1424.2793829012558,78.0,7.0,0.0,7.0,0.0,30.0
1424.280152132025,78.0,7.0,0.0,7.0,0.0,30.0
1424.580152132025,78.0,7.0,0.0,7.0,0.0,30.0
1424.5809213627942,78.0,7.0,0.0,7.0,0.0,30.0
1424.8809213627942,78.0,7.0,0.0,7.0,0.0,30.0
1424.8816905935635,78.0,7.0,0.0,7.0,0.0,30.0
1425.1816905935634,78.0,7.0,0.0,7.0,0.0,30.0
1425.1824598243327,78.0,7.0,0.0,7.0,0.0,30.0
1425.4824598243326,78.0,7.0,0.0,7.0,0.0,30.0
1425.483229055102,78.0,7.0,0.0,7.0,0.0,30.0
1425.7832290551019,78.0,7.0,0.0,7.0,0.0,30.0
1425.7839982858711,78.0,7.0,0.0,7.0,0.0,30.0
1426.083998285871,78.0,7.0,0.0,7.0,0.0,30.0
1426.0847675166403,78.0,7.0,0.0,7.0,0.0,30.0
1426.3847675166403,78.0,7.0,0.0,7.0,0.0,30.0
1426.3855367474096,78.0,7.0,0.0,7.0,0.0,30.0
1426.6855367474095,78.0,7.0,0.0,7.0,0.0,30.0
1426.6863059781788,78.0,7.0,0.0,7.0,0.0,30.0
1426.9863059781787,78.0,7.0,0.0,7.0,0.0,30.0
1426.987075208948,78.0,7.0,0.0,7.0,0.0,30.0
1427.287075208948,78.0,7.0,0.0,7.0,0.0,30.0
1427.2878444397172,78.0,7.0,0.0,7.0,0.0,30.0
1427.5878444397172,78.0,7.0,0.0,7.0,0.0,30.0
1427.5886136704864,78.0,7.0,0.0,7.0,0.0,30.0
1427.8886136704864,78.0,7.0,0.0,7.0,0.0,30.0
1427.8893829012557,78.0,7.0,0.0,7.0,0.0,30.0
1428.1893829012556,78.0,7.0,0.0,7.0,0.0,30.0
1428.1901521320249,78.0,7.0,0.0,7.0,0.0,30.0
1428.4901521320248,78.0,7.0,0.0,7.0,0.0,30.0
1428.490921362794,78.0,7.0,0.0,7.0,0.0,30.0
1428.790921362794,78.0,7.0,0.0,7.0,0.0,30.0
1428.7916905935633,78.0,7.0,0.0,7.0,0.0,30.0
1429.0916905935633,78.0,7.0,0.0,7.0,0.0,30.0
1429.0924598243325,78.0,7.0,0.0,7.0,0.0,30.0
1429.3924598243325,78.0,7.0,0.0,7.0,0.0,30.0
1429.3932290551018,78.0,7.0,0.0,7.0,0.0,30.0
1429.6932290551017,78.0,7.0,0.0,7.0,0.0,30.0
1429.693998285871,78.0,7.0,0.0,7.0,0.0,30.0
1429.993998285871,78.0,7.0,0.0,7.0,0.0,30.0
1429.9947675166402,78.0,7.0,0.0,7.0,0.0,30.0
1430.2947675166401,78.0,7.0,0.0,7.0,0.0,30.0
1430.2955367474094,78.0,7.0,0.0,7.0,0.0,30.0
1430.5955367474094,78.0,7.0,0.0,7.0,0.0,30.0
1430.5963059781786,78.0,7.0,0.0,7.0,0.0,30.0
1430.8963059781786,78.0,7.0,0.0,7.0,0.0,30.0
1430.8970752089479,78.0,7.0,0.0,7.0,0.0,30.0
1431.1970752089478,78.0,7.0,0.0,7.0,0.0,30.0
1431.197844439717,78.0,7.0,0.0,7.0,0.0,30.0
1431.497844439717,78.0,7.0,0.0,7.0,0.0,30.0
1431.4986136704863,78.0,7.0,0.0,7.0,0.0,30.0
1431.7986136704862,78.0,7.0,0.0,7.0,0.0,30.0
1431.7993829012555,78.0,7.0,0.0,7.0,0.0,30.0
1432.0993829012555,78.0,7.0,0.0,7.0,0.0,30.0
1432.1001521320247,78.0,7.0,0.0,7.0,0.0,30.0
1432.4001521320247,78.0,7.0,0.0,7.0,0.0,30.0
1432.400921362794,78.0,7.0,0.0,7.0,0.0,30.0
1432.700921362794,78.0,7.0,0.0,7.0,0.0,30.0
1432.7016905935632,78.0,7.0,0.0,7.0,0.0,30.0
1433.0016905935631,78.0,7.0,0.0,7.0,0.0,30.0
1433.0024598243324,78.0,7.0,0.0,7.0,0.0,30.0
1433.3024598243323,78.0,7.0,0.0,7.0,0.0,30.0
1433.3032290551016,78.0,7.0,0.0,7.0,0.0,30.0
1433.6032290551016,78.0,7.0,0.0,7.0,0.0,30.0
1433.6039982858708,78.0,7.0,0.0,7.0,0.0,30.0
1433.9039982858708,78.0,7.0,0.0,7.0,0.0,30.0
1433.90476751664,78.0,7.0,0.0,7.0,0.0,30.0
1434.20476751664,78.0,7.0,0.0,7.0,0.0,30.0
1434.2055367474093,78.0,7.0,0.0,7.0,0.0,30.0
1434.5055367474092,78.0,7.0,0.0,7.0,0.0,30.0
1434.5063059781785,78.0,7.0,0.0,7.0,0.0,30.0
1434.8063059781784,78.0,7.0,0.0,7.0,0.0,30.0
1434.8070752089477,78.0,7.0,0.0,7.0,0.0,30.0
1435.1070752089477,78.0,7.0,0.0,7.0,0.0,30.0
1435.107844439717,78.0,7.0,0.0,7.0,0.0,30.0
1435.4078444397169,78.0,7.0,0.0,7.0,0.0,30.0
1435.4086136704861,78.0,7.0,0.0,7.0,0.0,30.0
1435.708613670486,78.0,7.0,0.0,7.0,0.0,30.0
1435.7093829012554,78.0,7.0,0.0,7.0,0.0,30.0
1436.0093829012553,78.0,7.0,0.0,7.0,0.0,30.0
1436.0101521320246,78.0,7.0,0.0,7.0,0.0,30.0
1436.3101521320245,78.0,7.0,0.0,7.0,0.0,30.0
1436.3109213627938,78.0,7.0,0.0,7.0,0.0,30.0
1436.6109213627938,78.0,7.0,0.0,7.0,0.0,30.0
1436.611690593563,78.0,7.0,0.0,7.0,0.0,30.0
1436.911690593563,78.0,7.0,0.0,7.0,0.0,30.0
1436.9124598243322,78.0,7.0,0.0,7.0,0.0,30.0
1437.2124598243322,78.0,7.0,0.0,7.0,0.0,30.0
1437.2132290551015,78.0,7.0,0.0,7.0,0.0,30.0
1437.5132290551014,78.0,7.0,0.0,7.0,0.0,30.0
1437.5139982858707,78.0,7.0,0.0,7.0,0.0,30.0
1437.8139982858706,78.0,7.0,0.0,7.0,0.0,30.0
1437.81476751664,78.0,7.0,0.0,5.0,0.0,31.0
1438.1147675166399,78.0,7.0,0.0,5.0,0.0,31.0
1438.1155367474091,78.0,7.0,0.0,5.0,0.0,31.0
1438.415536747409,78.0,7.0,0.0,5.0,0.0,31.0
1438.4163059781783,78.0,7.0,0.0,5.0,0.0,31.0
1438.7163059781783,78.0,7.0,0.0,5.0,0.0,31.0
1438.7170752089476,78.0,7.0,0.0,5.0,0.0,31.0
1439.0170752089475,78.0,7.0,0.0,5.0,0.0,31.0
1439.0178444397168,78.0,7.0,0.0,5.0,0.0,31.0
1439.3178444397167,78.0,7.0,0.0,5.0,0.0,31.0
1439.318613670486,78.0,7.0,0.0,5.0,0.0,31.0
1439.618613670486,78.0,7.0,0.0,5.0,0.0,31.0
1439.6193829012552,78.0,7.0,0.0,5.0,0.0,31.0
1439.9193829012552,78.0,7.0,0.0,5.0,0.0,31.0
1439.9201521320244,78.0,7.0,0.0,5.0,0.0,31.0
1440.2201521320244,78.0,7.0,0.0,5.0,0.0,31.0
1440.2209213627937,78.0,7.0,0.0,5.0,0.0,31.0
1440.5209213627936,78.0,7.0,0.0,5.0,0.0,31.0
1440.5216905935629,78.0,7.0,0.0,5.0,0.0,31.0
1440.8216905935628,78.0,7.0,0.0,5.0,0.0,31.0
1440.822459824332,78.0,7.0,0.0,5.0,0.0,31.0
1441.122459824332,78.0,7.0,0.0,5.0,0.0,31.0
1441.1232290551013,78.0,7.0,0.0,5.0,0.0,31.0
1441.4232290551013,78.0,7.0,0.0,5.0,0.0,31.0
1441.4239982858705,78.0,7.0,0.0,5.0,0.0,31.0
1441.7239982858705,78.0,7.0,0.0,5.0,0.0,31.0
1441.7247675166398,78.0,7.0,0.0,5.0,0.0,31.0
1442.0247675166397,78.0,7.0,0.0,5.0,0.0,31.0
1442.025536747409,78.0,7.0,0.0,5.0,0.0,31.0
1442.325536747409,78.0,7.0,0.0,5.0,0.0,31.0
1442.3263059781782,78.0,7.0,0.0,5.0,0.0,31.0
1442.6263059781782,78.0,7.0,0.0,5.0,0.0,31.0
1442.6270752089474,78.0,7.0,0.0,5.0,0.0,31.0
1442.9270752089474,78.0,7.0,0.0,5.0,0.0,31.0
1442.9278444397166,78.0,7.0,0.0,5.0,0.0,31.0
1443.2278444397166,78.0,7.0,0.0,5.0,0.0,31.0
1443.2286136704859,78.0,7.0,0.0,5.0,0.0,31.0
1443.5286136704858,78.0,7.0,0.0,5.0,0.0,31.0
1443.529382901255,78.0,7.0,0.0,5.0,0.0,31.0
1443.829382901255,78.0,7.0,0.0,5.0,0.0,31.0
1443.8301521320243,78.0,7.0,0.0,5.0,0.0,31.0
1444.1301521320243,78.0,7.0,0.0,5.0,0.0,31.0
1444.1309213627935,78.0,7.0,0.0,5.0,0.0,31.0
1444.4309213627935,78.0,7.0,0.0,5.0,0.0,31.0
1444.4316905935627,78.0,7.0,0.0,5.0,0.0,31.0
1444.7316905935627,78.0,7.0,0.0,5.0,0.0,31.0
1444.732459824332,78.0,7.0,0.0,5.0,0.0,31.0
1445.032459824332,78.0,7.0,0.0,5.0,0.0,31.0
1445.0332290551012,78.0,7.0,0.0,5.0,0.0,31.0
1445.3332290551011,78.0,7.0,0.0,5.0,0.0,31.0
1445.3339982858704,78.0,7.0,0.0,5.0,0.0,31.0
1445.6339982858703,78.0,7.0,0.0,5.0,0.0,31.0
1445.6347675166396,78.0,7.0,0.0,5.0,0.0,31.0
1445.9347675166396,78.0,7.0,0.0,5.0,0.0,31.0
1445.9355367474088,78.0,7.0,0.0,5.0,0.0,31.0
1446.2355367474088,78.0,7.0,0.0,5.0,0.0,31.0
1446.236305978178,78.0,7.0,0.0,5.0,0.0,31.0
1446.536305978178,78.0,7.0,0.0,5.0,0.0,31.0
1446.5370752089473,78.0,7.0,0.0,5.0,0.0,31.0
1446.8370752089472,78.0,7.0,0.0,5.0,0.0,31.0
1446.8378444397165,78.0,7.0,0.0,5.0,0.0,31.0
1447.1378444397164,78.0,7.0,0.0,5.0,0.0,31.0
1447.1386136704857,78.0,7.0,0.0,5.0,0.0,31.0
1447.4386136704857,78.0,7.0,0.0,5.0,0.0,31.0
1447.439382901255,78.0,7.0,0.0,5.0,0.0,31.0
1447.7393829012549,78.0,7.0,0.0,5.0,0.0,31.0
1447.7401521320241,78.0,7.0,0.0,5.0,0.0,31.0
1448.040152132024,78.0,7.0,0.0,5.0,0.0,31.0
1448.0409213627934,78.0,7.0,0.0,5.0,0.0,31.0
1448.3409213627933,78.0,7.0,0.0,5.0,0.0,31.0
1448.3416905935626,78.0,7.0,0.0,5.0,0.0,31.0
1448.6416905935625,78.0,7.0,0.0,5.0,0.0,31.0
1448.6424598243318,78.0,7.0,0.0,5.0,0.0,31.0
1448.9424598243318,78.0,7.0,0.0,5.0,0.0,31.0
1448.943229055101,78.0,7.0,0.0,5.0,0.0,31.0
1449.243229055101,78.0,7.0,0.0,5.0,0.0,31.0
1449.2439982858702,78.0,7.0,0.0,5.0,0.0,31.0
1449.5439982858702,78.0,7.0,0.0,5.0,0.0,31.0
1449.5447675166395,78.0,7.0,0.0,5.0,0.0,31.0
1449.8447675166394,78.0,7.0,0.0,5.0,0.0,31.0
1449.8455367474087,78.0,7.0,0.0,5.0,0.0,31.0
1450.1455367474086,78.0,7.0,0.0,5.0,0.0,31.0
1450.146305978178,78.0,7.0,0.0,5.0,0.0,31.0
1450.4463059781779,78.0,7.0,0.0,5.0,0.0,31.0
1450.4470752089471,78.0,7.0,0.0,5.0,0.0,31.0
1450.747075208947,78.0,7.0,0.0,5.0,0.0,31.0
1450.7478444397163,78.0,7.0,0.0,5.0,0.0,31.0
1451.0478444397163,78.0,7.0,0.0,5.0,0.0,31.0
1451.0486136704856,78.0,7.0,0.0,5.0,0.0,31.0
1451.3486136704855,78.0,7.0,0.0,5.0,0.0,31.0
1451.3493829012548,78.0,7.0,0.0,5.0,0.0,31.0
1451.6493829012547,78.0,7.0,0.0,5.0,0.0,31.0
1451.650152132024,78.0,7.0,0.0,5.0,0.0,31.0
1451.950152132024,78.0,7.0,0.0,5.0,0.0,31.0
1451.9509213627932,78.0,7.0,0.0,5.0,0.0,31.0
1452.2509213627932,78.0,7.0,0.0,5.0,0.0,31.0
1452.2516905935624,78.0,7.0,0.0,5.0,0.0,31.0
1452.5516905935624,78.0,7.0,0.0,5.0,0.0,31.0
1452.5524598243317,79.0,7.0,0.0,5.0,0.0,31.0
1452.8524598243316,79.0,7.0,0.0,5.0,0.0,31.0
1452.8532193180024,79.0,7.0,0.0,5.0,0.0,31.0
1453.1532193180024,79.0,7.0,0.0,5.0,0.0,31.0
1453.1539788116731,79.0,7.0,0.0,5.0,0.0,31.0
1453.453978811673,79.0,7.0,0.0,5.0,0.0,31.0
1453.4547383053439,79.0,7.0,0.0,5.0,0.0,31.0
1453.7547383053438,79.0,7.0,0.0,5.0,0.0,31.0
1453.7554977990146,79.0,7.0,0.0,5.0,0.0,31.0
1454.0554977990146,79.0,7.0,0.0,5.0,0.0,31.0
1454.0562572926854,79.0,7.0,0.0,5.0,0.0,31.0
1454.3562572926853,79.0,7.0,0.0,5.0,0.0,31.0
1454.357016786356,79.0,7.0,0.0,5.0,0.0,31.0
1454.657016786356,79.0,7.0,0.0,5.0,0.0,31.0
1454.6577762800268,79.0,7.0,0.0,5.0,0.0,31.0
1454.9577762800268,79.0,7.0,0.0,5.0,0.0,31.0
1454.9585357736976,79.0,7.0,0.0,5.0,0.0,31.0
1455.2585357736975,79.0,7.0,0.0,5.0,0.0,31.0
1455.2592952673683,79.0,7.0,0.0,5.0,0.0,31.0
1455.5592952673683,79.0,7.0,0.0,5.0,0.0,31.0
1455.560054761039,79.0,7.0,0.0,5.0,0.0,31.0
1455.860054761039,79.0,7.0,0.0,5.0,0.0,31.0
1455.8608142547098,79.0,7.0,0.0,5.0,0.0,31.0
1456.1608142547097,79.0,7.0,0.0,5.0,0.0,31.0
1456.1615737483805,79.0,7.0,0.0,5.0,0.0,31.0
1456.4615737483805,79.0,7.0,0.0,5.0,0.0,31.0
1456.4623332420513,79.0,7.0,0.0,5.0,0.0,31.0
1456.7623332420512,79.0,7.0,0.0,5.0,0.0,31.0
1456.763092735722,79.0,7.0,0.0,5.0,0.0,31.0
1457.063092735722,79.0,7.0,0.0,5.0,0.0,31.0
1457.0638522293928,79.0,7.0,0.0,5.0,0.0,31.0
1457.3638522293927,79.0,7.0,0.0,5.0,0.0,31.0
1457.3646117230635,79.0,7.0,0.0,5.0,0.0,31.0
1457.6646117230634,79.0,7.0,0.0,5.0,0.0,31.0
1457.6653712167342,79.0,7.0,0.0,5.0,0.0,31.0
1457.9653712167342,79.0,7.0,0.0,5.0,0.0,31.0
1457.966130710405,79.0,7.0,0.0,5.0,0.0,31.0
1458.266130710405,79.0,7.0,0.0,5.0,0.0,31.0
1458.2668902040757,79.0,7.0,0.0,5.0,0.0,31.0
1458.5668902040757,79.0,7.0,0.0,5.0,0.0,31.0
1458.5676496977464,79.0,7.0,0.0,5.0,0.0,31.0
1458.8676496977464,79.0,7.0,0.0,5.0,0.0,31.0
1458.8684091914172,79.0,7.0,0.0,5.0,0.0,31.0
1459.1684091914171,79.0,7.0,0.0,5.0,0.0,31.0
1459.169168685088,79.0,7.0,0.0,5.0,0.0,31.0
1459.4691686850879,79.0,7.0,0.0,5.0,0.0,31.0
1459.4699281787587,79.0,7.0,0.0,5.0,0.0,31.0
1459.7699281787586,79.0,7.0,0.0,5.0,0.0,31.0
1459.7706876724294,79.0,7.0,0.0,5.0,0.0,31.0
1460.0706876724294,79.0,7.0,0.0,5.0,0.0,31.0
1460.0714471661001,79.0,7.0,0.0,5.0,0.0,31.0
1460.3714471661,79.0,7.0,0.0,5.0,0.0,31.0
1460.3722066597709,79.0,7.0,0.0,5.0,0.0,31.0
1460.6722066597708,79.0,7.0,0.0,5.0,0.0,31.0
1460.6729661534416,79.0,7.0,0.0,5.0,0.0,31.0
1460.9729661534416,79.0,7.0,0.0,5.0,0.0,31.0
1460.9737256471124,79.0,7.0,0.0,5.0,0.0,31.0
1461.2737256471123,79.0,7.0,0.0,5.0,0.0,31.0
1461.274485140783,79.0,7.0,0.0,5.0,0.0,31.0
1461.574485140783,79.0,7.0,0.0,5.0,0.0,31.0
1461.5752446344538,79.0,7.0,0.0,5.0,0.0,31.0
1461.8752446344538,79.0,7.0,0.0,5.0,0.0,31.0
1461.8760041281246,79.0,7.0,0.0,5.0,0.0,31.0
1462.1760041281245,79.0,7.0,0.0,5.0,0.0,31.0
1462.1767636217953,79.0,7.0,0.0,5.0,0.0,31.0
1462.4767636217953,79.0,7.0,0.0,5.0,0.0,31.0
1462.477523115466,79.0,7.0,0.0,5.0,0.0,31.0
1462.777523115466,79.0,7.0,0.0,5.0,0.0,31.0
1462.7782826091368,79.0,7.0,0.0,5.0,0.0,31.0
1463.0782826091367,79.0,7.0,0.0,5.0,0.0,31.0
1463.0790421028075,79.0,7.0,0.0,5.0,0.0,31.0
1463.3790421028075,79.0,7.0,0.0,5.0,0.0,31.0
1463.3798015964783,79.0,7.0,0.0,5.0,0.0,31.0
1463.6798015964782,79.0,7.0,0.0,5.0,0.0,31.0
1463.680561090149,79.0,7.0,0.0,5.0,0.0,31.0
1463.980561090149,79.0,7.0,0.0,5.0,0.0,31.0
1463.9813205838198,79.0,7.0,0.0,5.0,0.0,31.0
1464.2813205838197,79.0,7.0,0.0,5.0,0.0,31.0
1464.2820800774905,79.0,7.0,0.0,5.0,0.0,31.0
1464.5820800774904,79.0,7.0,0.0,5.0,0.0,31.0
1464.5828395711612,79.0,7.0,0.0,5.0,0.0,31.0
1464.8828395711612,79.0,7.0,0.0,5.0,0.0,31.0
1464.883599064832,79.0,7.0,0.0,5.0,0.0,31.0
1465.183599064832,79.0,7.0,0.0,5.0,0.0,31.0
1465.1843585585027,79.0,7.0,0.0,5.0,0.0,31.0
1465.4843585585027,79.0,7.0,0.0,5.0,0.0,31.0
1465.4851180521734,79.0,7.0,0.0,5.0,0.0,31.0
1465.7851180521734,79.0,7.0,0.0,5.0,0.0,31.0
1465.7858775458442,79.0,7.0,0.0,5.0,0.0,31.0
1466.0858775458441,79.0,7.0,0.0,5.0,0.0,31.0
1466.086637039515,79.0,7.0,0.0,5.0,0.0,31.0
1466.3866370395149,79.0,7.0,0.0,5.0,0.0,31.0
1466.3873965331857,79.0,7.0,0.0,5.0,0.0,31.0
1466.6873965331856,79.0,7.0,0.0,5.0,0.0,31.0
1466.6881560268564,79.0,7.0,0.0,5.0,0.0,31.0
1466.9881560268564,79.0,7.0,0.0,5.0,0.0,31.0
1466.9889155205271,79.0,7.0,0.0,5.0,0.0,31.0
1467.288915520527,79.0,7.0,0.0,5.0,0.0,31.0
1467.2896750141979,79.0,7.0,0.0,5.0,0.0,31.0
1467.5896750141978,79.0,7.0,0.0,5.0,0.0,31.0
1467.5904345078686,79.0,7.0,0.0,5.0,0.0,31.0
1467.8904345078686,79.0,7.0,0.0,5.0,0.0,31.0
1467.8911940015394,79.0,7.0,0.0,5.0,0.0,31.0
1468.1911940015393,79.0,7.0,0.0,5.0,0.0,31.0
1468.19195349521,79.0,7.0,0.0,5.0,0.0,31.0
1468.49195349521,79.0,7.0,0.0,5.0,0.0,31.0
1468.4927129888808,79.0,7.0,0.0,5.0,0.0,31.0
1468.7927129888808,79.0,7.0,0.0,5.0,0.0,31.0
1468.7934724825516,79.0,7.0,0.0,5.0,0.0,31.0
1469.0934724825515,79.0,7.0,0.0,5.0,0.0,31.0
1469.0942319762223,79.0,7.0,0.0,5.0,0.0,31.0
1469.3942319762223,79.0,7.0,0.0,5.0,0.0,31.0
1469.394991469893,79.0,7.0,0.0,5.0,0.0,31.0
1469.694991469893,79.0,7.0,0.0,5.0,0.0,31.0
1469.6957509635638,79.0,7.0,0.0,5.0,0.0,31.0
1469.9957509635638,79.0,7.0,0.0,5.0,0.0,31.0
1469.9965104572345,79.0,7.0,0.0,5.0,0.0,31.0
1470.2965104572345,79.0,7.0,0.0,5.0,0.0,31.0
1470.2972699509053,79.0,7.0,0.0,5.0,0.0,31.0
1470.5972699509052,79.0,7.0,0.0,5.0,0.0,31.0
1470.598029444576,79.0,7.0,0.0,5.0,0.0,31.0
1470.898029444576,79.0,7.0,0.0,5.0,0.0,31.0
1470.8987889382468,79.0,7.0,0.0,5.0,0.0,31.0
1471.1987889382467,79.0,7.0,0.0,5.0,0.0,31.0
1471.1995484319175,79.0,7.0,0.0,5.0,0.0,31.0
1471.4995484319174,79.0,7.0,0.0,5.0,0.0,31.0
1471.5003079255882,79.0,7.0,0.0,5.0,0.0,31.0
1471.8003079255882,79.0,7.0,0.0,5.0,0.0,31.0
1471.801067419259,79.0,7.0,0.0,5.0,0.0,31.0
1472.101067419259,79.0,7.0,0.0,5.0,0.0,31.0
1472.1018269129297,79.0,7.0,0.0,5.0,0.0,31.0
1472.4018269129297,79.0,7.0,0.0,5.0,0.0,31.0
1472.4025864066004,79.0,7.0,0.0,5.0,0.0,31.0
1472.7025864066004,79.0,7.0,0.0,5.0,0.0,31.0
1472.7033459002712,79.0,7.0,0.0,5.0,0.0,31.0
1473.0033459002711,79.0,7.0,0.0,5.0,0.0,31.0
1473.004105393942,79.0,7.0,0.0,5.0,0.0,31.0
1473.3041053939419,79.0,7.0,0.0,5.0,0.0,31.0
1473.3048648876127,79.0,7.0,0.0,5.0,0.0,31.0
1473.6048648876126,79.0,7.0,0.0,5.0,0.0,31.0
1473.6056243812834,79.0,7.0,0.0,5.0,0.0,31.0
1473.9056243812834,79.0,7.0,0.0,5.0,0.0,31.0
1473.9063838749541,79.0,7.0,0.0,5.0,0.0,31.0
1474.206383874954,79.0,7.0,0.0,5.0,0.0,31.0
1474.2071433686249,79.0,7.0,0.0,5.0,0.0,31.0
1474.5071433686248,79.0,7.0,0.0,5.0,0.0,31.0
1474.5079028622956,79.0,7.0,0.0,5.0,0.0,31.0
1474.8079028622956,79.0,7.0,0.0,5.0,0.0,31.0
1474.8086623559664,79.0,7.0,0.0,5.0,0.0,31.0
1475.1086623559663,79.0,7.0,0.0,5.0,0.0,31.0
1475.109421849637,79.0,7.0,0.0,5.0,0.0,31.0
1475.409421849637,79.0,7.0,0.0,5.0,0.0,31.0
1475.4101813433078,79.0,7.0,0.0,5.0,0.0,31.0
1475.7101813433078,79.0,7.0,0.0,5.0,0.0,31.0
1475.7109408369786,79.0,7.0,0.0,5.0,0.0,31.0
1476.0109408369785,79.0,7.0,0.0,5.0,0.0,31.0
1476.0117003306493,79.0,7.0,0.0,5.0,0.0,31.0
1476.3117003306493,79.0,7.0,0.0,5.0,0.0,31.0
1476.31245982432,79.0,7.0,0.0,5.0,0.0,31.0
1476.61245982432,79.0,7.0,0.0,5.0,0.0,31.0
1476.6132193179908,79.0,7.0,0.0,5.0,0.0,31.0
1476.9132193179908,79.0,7.0,0.0,5.0,0.0,31.0
1476.9139788116615,79.0,7.0,0.0,3.0,0.0,32.0
1477.2139788116615,79.0,7.0,0.0,3.0,0.0,32.0
1477.2147383053323,79.0,7.0,0.0,3.0,0.0,32.0
1477.5147383053322,79.0,7.0,0.0,3.0,0.0,32.0
1477.515497799003,79.0,7.0,0.0,3.0,0.0,32.0
1477.815497799003,79.0,7.0,0.0,3.0,0.0,32.0
1477.8162572926738,79.0,7.0,0.0,3.0,0.0,32.0
1478.1162572926737,79.0,7.0,0.0,3.0,0.0,32.0
1478.1170167863445,79.0,7.0,0.0,3.0,0.0,32.0
1478.4170167863444,79.0,7.0,0.0,3.0,0.0,32.0
1478.4177762800152,79.0,7.0,0.0,3.0,0.0,32.0
1478.7177762800152,79.0,7.0,0.0,3.0,0.0,32.0
1478.718535773686,79.0,7.0,0.0,3.0,0.0,32.0
1479.018535773686,79.0,7.0,0.0,3.0,0.0,32.0
1479.0192952673567,79.0,7.0,0.0,3.0,0.0,32.0
1479.3192952673567,79.0,7.0,0.0,3.0,0.0,32.0
1479.3200547610274,79.0,7.0,0.0,3.0,0.0,32.0
1479.6200547610274,79.0,7.0,0.0,3.0,0.0,32.0
1479.6208142546982,79.0,7.0,0.0,3.0,0.0,32.0
1479.9208142546981,79.0,7.0,0.0,3.0,0.0,32.0
1479.921573748369,79.0,7.0,0.0,3.0,0.0,32.0
1480.2215737483689,79.0,7.0,0.0,3.0,0.0,32.0
1480.2223332420397,79.0,7.0,0.0,3.0,0.0,32.0
1480.5223332420396,79.0,7.0,0.0,3.0,0.0,32.0
1480.5230927357104,79.0,7.0,0.0,3.0,0.0,32.0
1480.8230927357104,79.0,7.0,0.0,3.0,0.0,32.0
1480.8238522293811,79.0,7.0,0.0,3.0,0.0,32.0
1481.123852229381,79.0,7.0,0.0,3.0,0.0,32.0
1481.1246117230519,79.0,7.0,0.0,3.0,0.0,32.0
1481.4246117230518,79.0,7.0,0.0,3.0,0.0,32.0
1481.4253712167226,79.0,7.0,0.0,3.0,0.0,32.0
1481.7253712167226,79.0,7.0,0.0,3.0,0.0,32.0
1481.7261307103934,79.0,7.0,0.0,3.0,0.0,32.0
1482.0261307103933,79.0,7.0,0.0,3.0,0.0,32.0
1482.026890204064,79.0,7.0,0.0,3.0,0.0,32.0
1482.326890204064,79.0,7.0,0.0,3.0,0.0,32.0
1482.3276496977348,79.0,7.0,0.0,3.0,0.0,32.0
1482.6276496977348,79.0,7.0,0.0,3.0,0.0,32.0
1482.6284091914056,79.0,7.0,0.0,3.0,0.0,32.0
1482.9284091914055,79.0,7.0,0.0,3.0,0.0,32.0
1482.9291686850763,79.0,7.0,0.0,3.0,0.0,32.0
1483.2291686850763,79.0,7.0,0.0,3.0,0.0,32.0
1483.229928178747,79.0,7.0,0.0,3.0,0.0,32.0
1483.529928178747,79.0,7.0,0.0,3.0,0.0,32.0
1483.5306876724178,78.0,7.0,0.0,3.0,0.0,32.0
1483.8306876724178,78.0,7.0,0.0,3.0,0.0,32.0
1483.831456903187,78.0,7.0,0.0,3.0,0.0,32.0
1484.131456903187,78.0,7.0,0.0,3.0,0.0,32.0
1484.1322261339562,78.0,7.0,0.0,3.0,0.0,32.0
1484.4322261339562,78.0,7.0,0.0,3.0,0.0,32.0
1484.4329953647255,78.0,7.0,0.0,3.0,0.0,32.0
1484.7329953647254,78.0,7.0,0.0,3.0,0.0,32.0
1484.7337645954947,78.0,7.0,0.0,3.0,0.0,32.0
1485.0337645954946,78.0,7.0,0.0,3.0,0.0,32.0
1485.034533826264,78.0,7.0,0.0,3.0,0.0,32.0
1485.3345338262639,78.0,7.0,0.0,3.0,0.0,32.0
1485.3353030570331,78.0,7.0,0.0,3.0,0.0,32.0
1485.635303057033,78.0,7.0,0.0,3.0,0.0,32.0
1485.6360722878023,78.0,7.0,0.0,3.0,0.0,32.0
1485.9360722878023,78.0,7.0,0.0,3.0,0.0,32.0
1485.9368415185716,78.0,7.0,0.0,3.0,0.0,32.0
1486.2368415185715,78.0,7.0,0.0,3.0,0.0,32.0
1486.2376107493408,78.0,7.0,0.0,3.0,0.0,32.0
1486.5376107493407,78.0,7.0,0.0,3.0,0.0,32.0
1486.53837998011,78.0,7.0,0.0,3.0,0.0,32.0
1486.83837998011,78.0,7.0,0.0,3.0,0.0,32.0
1486.8391492108792,78.0,7.0,0.0,3.0,0.0,32.0
1487.1391492108792,78.0,7.0,0.0,3.0,0.0,32.0
1487.1399184416484,78.0,7.0,0.0,3.0,0.0,32.0
1487.4399184416484,78.0,7.0,0.0,3.0,0.0,32.0
1487.4406876724177,78.0,7.0,0.0,3.0,0.0,32.0
1487.7406876724176,78.0,7.0,0.0,3.0,0.0,32.0
1487.7414569031869,78.0,7.0,0.0,3.0,0.0,32.0
1488.0414569031868,78.0,7.0,0.0,3.0,0.0,32.0
1488.042226133956,78.0,7.0,0.0,3.0,0.0,32.0
1488.342226133956,78.0,7.0,0.0,3.0,0.0,32.0
1488.3429953647253,78.0,7.0,0.0,3.0,0.0,32.0
1488.6429953647253,78.0,7.0,0.0,3.0,0.0,32.0
1488.6437645954945,78.0,7.0,0.0,3.0,0.0,32.0
1488.9437645954945,78.0,7.0,0.0,3.0,0.0,32.0
1488.9445338262638,78.0,7.0,0.0,3.0,0.0,32.0
1489.2445338262637,78.0,7.0,0.0,3.0,0.0,32.0
1489.245303057033,78.0,7.0,0.0,3.0,0.0,32.0
1489.545303057033,78.0,7.0,0.0,3.0,0.0,32.0
1489.5460722878022,78.0,7.0,0.0,3.0,0.0,32.0
1489.8460722878021,78.0,7.0,0.0,3.0,0.0,32.0
1489.8468415185714,78.0,7.0,0.0,3.0,0.0,32.0
1490.1468415185714,78.0,7.0,0.0,3.0,0.0,32.0
1490.1476107493406,78.0,7.0,0.0,3.0,0.0,32.0
1490.4476107493406,78.0,7.0,0.0,3.0,0.0,32.0
1490.4483799801098,78.0,7.0,0.0,3.0,0.0,32.0
1490.7483799801098,78.0,7.0,0.0,3.0,0.0,32.0
1490.749149210879,78.0,7.0,0.0,3.0,0.0,32.0
1491.049149210879,78.0,7.0,0.0,3.0,0.0,32.0
1491.0499184416483,78.0,7.0,0.0,3.0,0.0,32.0
1491.3499184416482,78.0,7.0,0.0,3.0,0.0,32.0
1491.3506876724175,78.0,7.0,0.0,3.0,0.0,32.0
1491.6506876724175,78.0,7.0,0.0,3.0,0.0,32.0
1491.6514569031867,78.0,7.0,0.0,3.0,0.0,32.0
1491.9514569031867,78.0,7.0,0.0,3.0,0.0,32.0
1491.952226133956,78.0,7.0,0.0,3.0,0.0,32.0
1492.252226133956,78.0,7.0,0.0,3.0,0.0,32.0
1492.2529953647252,78.0,7.0,0.0,3.0,0.0,32.0
1492.5529953647251,78.0,7.0,0.0,3.0,0.0,32.0
1492.5537645954944,78.0,7.0,0.0,3.0,0.0,32.0
1492.8537645954943,78.0,7.0,0.0,3.0,0.0,32.0
1492.8545338262636,79.0,7.0,0.0,8.0,0.0,32.0
1493.1545338262636,79.0,7.0,0.0,8.0,0.0,32.0
1493.1552933199343,79.0,7.0,0.0,8.0,0.0,32.0
1493.4552933199343,79.0,7.0,0.0,8.0,0.0,32.0
1493.456052813605,79.0,7.0,0.0,8.0,0.0,32.0
1493.756052813605,79.0,7.0,0.0,8.0,0.0,32.0
1493.7568123072758,79.0,7.0,0.0,8.0,0.0,32.0
1494.0568123072758,79.0,7.0,0.0,8.0,0.0,32.0
1494.0575718009466,78.0,7.0,0.0,8.0,0.0,32.0
1494.3575718009465,78.0,7.0,0.0,8.0,0.0,32.0
1494.3583410317158,78.0,7.0,0.0,8.0,0.0,32.0
1494.6583410317157,78.0,7.0,0.0,8.0,0.0,32.0
1494.659110262485,78.0,7.0,0.0,8.0,0.0,32.0
1494.959110262485,78.0,7.0,0.0,8.0,0.0,32.0
1494.9598794932542,78.0,7.0,0.0,8.0,0.0,32.0
1495.2598794932542,78.0,7.0,0.0,8.0,0.0,32.0
1495.2606487240234,78.0,7.0,0.0,8.0,0.0,32.0
1495.5606487240234,78.0,7.0,0.0,8.0,0.0,32.0
1495.5614179547927,78.0,7.0,0.0,8.0,0.0,32.0
1495.8614179547926,78.0,7.0,0.0,8.0,0.0,32.0
1495.8621871855619,78.0,7.0,0.0,8.0,0.0,32.0
1496.1621871855618,78.0,7.0,0.0,8.0,0.0,32.0
1496.162956416331,78.0,7.0,0.0,8.0,0.0,32.0
1496.462956416331,78.0,7.0,0.0,8.0,0.0,32.0
1496.4637256471003,78.0,7.0,0.0,8.0,0.0,32.0
1496.7637256471003,78.0,7.0,0.0,8.0,0.0,32.0
1496.7644948778695,78.0,7.0,0.0,8.0,0.0,32.0
1497.0644948778695,78.0,7.0,0.0,8.0,0.0,32.0
1497.0652641086388,78.0,7.0,0.0,8.0,0.0,32.0
1497.3652641086387,78.0,7.0,0.0,8.0,0.0,32.0
1497.366033339408,78.0,7.0,0.0,8.0,0.0,32.0
1497.666033339408,78.0,7.0,0.0,8.0,0.0,32.0
1497.6668025701772,78.0,7.0,0.0,8.0,0.0,32.0
1497.9668025701772,78.0,7.0,0.0,8.0,0.0,32.0
1497.9675718009464,78.0,7.0,0.0,8.0,0.0,32.0
1498.2675718009464,78.0,7.0,0.0,8.0,0.0,32.0
1498.2683410317156,78.0,7.0,0.0,8.0,0.0,32.0
1498.5683410317156,78.0,7.0,0.0,8.0,0.0,32.0
1498.5691102624849,78.0,7.0,0.0,8.0,0.0,32.0
1498.8691102624848,78.0,7.0,0.0,8.0,0.0,32.0
1498.869879493254,78.0,7.0,0.0,8.0,0.0,32.0
1499.169879493254,78.0,7.0,0.0,8.0,0.0,32.0
1499.1706487240233,78.0,7.0,0.0,8.0,0.0,32.0
1499.4706487240232,78.0,7.0,0.0,8.0,0.0,32.0
1499.4714179547925,78.0,7.0,0.0,8.0,0.0,32.0
1499.7714179547925,78.0,7.0,0.0,8.0,0.0,32.0
1499.7721871855617,78.0,7.0,0.0,8.0,0.0,32.0
1500.0721871855617,78.0,7.0,0.0,8.0,0.0,32.0
1500.072956416331,78.0,7.0,0.0,8.0,0.0,32.0
1500.372956416331,78.0,7.0,0.0,8.0,0.0,32.0
1500.3737256471002,78.0,7.0,0.0,8.0,0.0,32.0
1500.6737256471001,78.0,7.0,0.0,8.0,0.0,32.0
1500.6744948778694,78.0,7.0,0.0,8.0,0.0,32.0
1500.9744948778693,78.0,7.0,0.0,8.0,0.0,32.0
1500.9752641086386,79.0,7.0,0.0,8.0,0.0,32.0
1501.2752641086386,79.0,7.0,0.0,8.0,0.0,32.0
1501.2760236023094,79.0,7.0,0.0,8.0,0.0,32.0
1501.5760236023093,79.0,7.0,0.0,8.0,0.0,32.0
1501.57678309598,79.0,7.0,0.0,8.0,0.0,32.0
1501.87678309598,79.0,7.0,0.0,8.0,0.0,32.0
1501.8775425896508,79.0,7.0,0.0,8.0,0.0,32.0
1502.1775425896508,79.0,7.0,0.0,8.0,0.0,32.0
1502.1783020833216,79.0,7.0,0.0,8.0,0.0,32.0
1502.4783020833215,79.0,7.0,0.0,8.0,0.0,32.0
1502.4790615769923,79.0,7.0,0.0,8.0,0.0,32.0
1502.7790615769923,79.0,7.0,0.0,8.0,0.0,32.0
1502.779821070663,79.0,7.0,0.0,8.0,0.0,32.0
1503.079821070663,79.0,7.0,0.0,8.0,0.0,32.0
1503.0805805643338,79.0,7.0,0.0,8.0,0.0,32.0
1503.3805805643337,79.0,7.0,0.0,8.0,0.0,32.0
1503.3813400580045,79.0,7.0,0.0,8.0,0.0,32.0
1503.6813400580045,79.0,7.0,0.0,8.0,0.0,32.0
1503.6820995516753,79.0,7.0,0.0,8.0,0.0,32.0
1503.9820995516752,79.0,7.0,0.0,8.0,0.0,32.0
1503.982859045346,79.0,7.0,0.0,8.0,0.0,32.0
1504.282859045346,79.0,7.0,0.0,8.0,0.0,32.0
1504.2836185390167,79.0,7.0,0.0,8.0,0.0,32.0
1504.5836185390167,79.0,7.0,0.0,8.0,0.0,32.0
1504.5843780326875,79.0,7.0,0.0,8.0,0.0,32.0
1504.8843780326874,79.0,7.0,0.0,8.0,0.0,32.0
1504.8851375263582,79.0,7.0,0.0,8.0,0.0,32.0
1505.1851375263582,79.0,7.0,0.0,8.0,0.0,32.0
1505.185897020029,79.0,7.0,0.0,8.0,0.0,32.0
1505.485897020029,79.0,7.0,0.0,8.0,0.0,32.0
1505.4866565136997,79.0,7.0,0.0,8.0,0.0,32.0
1505.7866565136997,79.0,7.0,0.0,8.0,0.0,32.0
1505.7874160073704,79.0,7.0,0.0,8.0,0.0,32.0
1506.0874160073704,79.0,7.0,0.0,8.0,0.0,32.0
1506.0881755010412,79.0,7.0,0.0,8.0,0.0,32.0
1506.3881755010411,79.0,7.0,0.0,8.0,0.0,32.0
1506.388934994712,79.0,7.0,0.0,8.0,0.0,32.0
1506.6889349947119,79.0,7.0,0.0,8.0,0.0,32.0
1506.6896944883827,79.0,7.0,0.0,8.0,0.0,32.0
1506.9896944883826,79.0,7.0,0.0,8.0,0.0,32.0
1506.9904539820534,79.0,7.0,0.0,8.0,0.0,32.0
1507.2904539820534,79.0,7.0,0.0,8.0,0.0,32.0
1507.2912134757241,79.0,7.0,0.0,8.0,0.0,32.0
1507.591213475724,79.0,7.0,0.0,8.0,0.0,32.0
1507.5919729693949,79.0,7.0,0.0,8.0,0.0,32.0
1507.8919729693948,79.0,7.0,0.0,8.0,0.0,32.0
1507.8927324630656,80.0,7.0,0.0,8.0,0.0,32.0
1508.1927324630656,80.0,7.0,0.0,8.0,0.0,32.0
1508.1934824630655,80.0,7.0,0.0,8.0,0.0,32.0
1508.4934824630654,80.0,7.0,0.0,8.0,0.0,32.0
1508.4942324630654,80.0,7.0,0.0,8.0,0.0,32.0
1508.7942324630653,80.0,7.0,0.0,8.0,0.0,32.0
1508.7949824630653,80.0,7.0,0.0,8.0,0.0,32.0
1509.0949824630652,80.0,7.0,0.0,8.0,0.0,32.0
1509.0957324630651,80.0,7.0,0.0,8.0,0.0,32.0
1509.395732463065,80.0,7.0,0.0,8.0,0.0,32.0
1509.396482463065,80.0,7.0,0.0,8.0,0.0,32.0
1509.696482463065,80.0,7.0,0.0,8.0,0.0,32.0
1509.697232463065,80.0,7.0,0.0,8.0,0.0,32.0
1509.9972324630648,80.0,7.0,0.0,8.0,0.0,32.0
1509.9979824630648,80.0,7.0,0.0,8.0,0.0,32.0
1510.2979824630647,80.0,7.0,0.0,8.0,0.0,32.0
1510.2987324630647,80.0,7.0,0.0,8.0,0.0,32.0
1510.5987324630646,80.0,7.0,0.0,8.0,0.0,32.0
1510.5994824630645,80.0,7.0,0.0,8.0,0.0,32.0
1510.8994824630645,80.0,7.0,0.0,8.0,0.0,32.0
1510.9002324630644,80.0,7.0,0.0,8.0,0.0,32.0
1511.2002324630644,80.0,7.0,0.0,8.0,0.0,32.0
1511.2009824630643,80.0,7.0,0.0,8.0,0.0,32.0
1511.5009824630642,80.0,7.0,0.0,8.0,0.0,32.0
1511.5017324630642,80.0,7.0,0.0,8.0,0.0,32.0
1511.8017324630641,80.0,7.0,0.0,8.0,0.0,32.0
1511.802482463064,80.0,7.0,0.0,8.0,0.0,32.0
1512.102482463064,80.0,7.0,0.0,8.0,0.0,32.0
1512.103232463064,80.0,7.0,0.0,8.0,0.0,32.0
1512.403232463064,80.0,7.0,0.0,8.0,0.0,32.0
1512.4039824630638,80.0,7.0,0.0,8.0,0.0,32.0
1512.7039824630638,80.0,7.0,0.0,8.0,0.0,32.0
1512.7047324630637,80.0,7.0,0.0,8.0,0.0,32.0
1513.0047324630636,80.0,7.0,0.0,8.0,0.0,32.0
1513.0054824630636,80.0,7.0,0.0,8.0,0.0,32.0
1513.3054824630635,80.0,7.0,0.0,8.0,0.0,32.0
1513.3062324630635,80.0,7.0,0.0,8.0,0.0,32.0
1513.6062324630634,80.0,7.0,0.0,8.0,0.0,32.0
1513.6069824630633,80.0,7.0,0.0,8.0,0.0,32.0
1513.9069824630633,80.0,7.0,0.0,8.0,0.0,32.0
1513.9077324630632,80.0,7.0,0.0,8.0,0.0,32.0
1514.2077324630632,80.0,7.0,0.0,8.0,0.0,32.0
1514.208482463063,80.0,7.0,0.0,8.0,0.0,32.0
1514.508482463063,80.0,7.0,0.0,8.0,0.0,32.0
1514.509232463063,80.0,7.0,0.0,8.0,0.0,32.0
1514.809232463063,80.0,7.0,0.0,8.0,0.0,32.0
1514.8099824630629,80.0,7.0,0.0,8.0,0.0,32.0
1515.1099824630628,80.0,7.0,0.0,8.0,0.0,32.0
1515.1107324630627,80.0,7.0,0.0,8.0,0.0,32.0
1515.4107324630627,80.0,7.0,0.0,8.0,0.0,32.0
1515.4114824630626,80.0,7.0,0.0,8.0,0.0,32.0
1515.7114824630626,80.0,7.0,0.0,8.0,0.0,32.0
1515.7122324630625,80.0,7.0,0.0,8.0,0.0,32.0
1516.0122324630624,80.0,7.0,0.0,8.0,0.0,32.0
1516.0129824630624,80.0,7.0,0.0,8.0,0.0,32.0
1516.3129824630623,80.0,7.0,0.0,8.0,0.0,32.0
1516.3137324630623,80.0,7.0,0.0,8.0,0.0,32.0
1516.6137324630622,80.0,7.0,0.0,8.0,0.0,32.0
1516.6144824630621,80.0,7.0,0.0,8.0,0.0,32.0
1516.914482463062,80.0,7.0,0.0,8.0,0.0,32.0
1516.915232463062,80.0,7.0,0.0,8.0,0.0,32.0
1517.215232463062,80.0,7.0,0.0,8.0,0.0,32.0
1517.215982463062,80.0,7.0,0.0,8.0,0.0,32.0
1517.5159824630618,80.0,7.0,0.0,8.0,0.0,32.0
1517.5167324630618,80.0,7.0,0.0,8.0,0.0,32.0
1517.8167324630617,80.0,7.0,0.0,8.0,0.0,32.0
1517.8174824630617,80.0,7.0,0.0,8.0,0.0,32.0
1518.1174824630616,80.0,7.0,0.0,8.0,0.0,32.0
1518.1182324630615,80.0,7.0,0.0,8.0,0.0,32.0
1518.4182324630615,80.0,7.0,0.0,8.0,0.0,32.0
1518.4189824630614,80.0,7.0,0.0,8.0,0.0,32.0
1518.7189824630614,80.0,7.0,0.0,8.0,0.0,32.0
1518.7197324630613,80.0,7.0,0.0,8.0,0.0,32.0
1519.0197324630612,80.0,7.0,0.0,8.0,0.0,32.0
1519.0204824630612,80.0,7.0,0.0,8.0,0.0,32.0
1519.3204824630611,80.0,7.0,0.0,8.0,0.0,32.0
1519.321232463061,80.0,7.0,0.0,8.0,0.0,32.0
1519.621232463061,80.0,7.0,0.0,8.0,0.0,32.0
1519.621982463061,80.0,7.0,0.0,8.0,0.0,32.0
1519.9219824630609,80.0,7.0,0.0,8.0,0.0,32.0
1519.9227324630608,80.0,7.0,0.0,8.0,0.0,32.0
1520.2227324630608,80.0,7.0,0.0,8.0,0.0,32.0
1520.2234824630607,80.0,7.0,0.0,8.0,0.0,32.0
1520.5234824630606,80.0,7.0,0.0,8.0,0.0,32.0
1520.5242324630606,80.0,7.0,0.0,8.0,0.0,32.0
1520.8242324630605,80.0,7.0,0.0,8.0,0.0,32.0
1520.8249824630605,80.0,7.0,0.0,8.0,0.0,32.0
1521.1249824630604,80.0,7.0,0.0,8.0,0.0,32.0
1521.1257324630603,80.0,7.0,0.0,8.0,0.0,32.0
1521.4257324630603,80.0,7.0,0.0,8.0,0.0,32.0
1521.4264824630602,80.0,7.0,0.0,8.0,0.0,32.0
1521.7264824630602,80.0,7.0,0.0,8.0,0.0,32.0
1521.72723246306,80.0,7.0,0.0,8.0,0.0,32.0
1522.02723246306,80.0,7.0,0.0,8.0,0.0,32.0
1522.02798246306,80.0,7.0,0.0,8.0,0.0,32.0
1522.32798246306,80.0,7.0,0.0,8.0,0.0,32.0
1522.3287324630599,80.0,7.0,0.0,8.0,0.0,32.0
1522.6287324630598,80.0,7.0,0.0,8.0,0.0,32.0
1522.6294824630597,80.0,7.0,0.0,8.0,0.0,32.0
1522.9294824630597,80.0,7.0,0.0,8.0,0.0,32.0
1522.9302324630596,80.0,7.0,0.0,8.0,0.0,32.0
1523.2302324630596,80.0,7.0,0.0,8.0,0.0,32.0
1523.2309824630595,81.0,7.0,0.0,8.0,0.0,32.0
1523.5309824630594,81.0,7.0,0.0,8.0,0.0,32.0
1523.5317232038,81.0,7.0,0.0,8.0,0.0,32.0
1523.8317232038,81.0,7.0,0.0,8.0,0.0,32.0
1523.8324639445407,81.0,7.0,0.0,6.0,0.0,33.0
1524.1324639445406,81.0,7.0,0.0,6.0,0.0,33.0
1524.1332046852813,81.0,7.0,0.0,6.0,0.0,33.0
1524.4332046852812,81.0,7.0,0.0,6.0,0.0,33.0
1524.4339454260219,81.0,7.0,0.0,6.0,0.0,33.0
1524.7339454260218,81.0,7.0,0.0,6.0,0.0,33.0
1524.7346861667625,81.0,7.0,0.0,6.0,0.0,33.0
1525.0346861667624,81.0,7.0,0.0,6.0,0.0,33.0
1525.035426907503,81.0,7.0,0.0,6.0,0.0,33.0
1525.335426907503,81.0,7.0,0.0,6.0,0.0,33.0
1525.3361676482436,81.0,7.0,0.0,6.0,0.0,33.0
1525.6361676482436,81.0,7.0,0.0,6.0,0.0,33.0
1525.6369083889842,81.0,7.0,0.0,6.0,0.0,33.0
1525.9369083889842,81.0,7.0,0.0,6.0,0.0,33.0
1525.9376491297248,81.0,7.0,0.0,6.0,0.0,33.0
1526.2376491297248,81.0,7.0,0.0,6.0,0.0,33.0
1526.2383898704654,81.0,7.0,0.0,6.0,0.0,33.0
1526.5383898704654,81.0,7.0,0.0,6.0,0.0,33.0
1526.539130611206,81.0,7.0,0.0,6.0,0.0,33.0
1526.839130611206,81.0,7.0,0.0,6.0,0.0,33.0
1526.8398713519466,81.0,7.0,0.0,6.0,0.0,33.0
1527.1398713519466,81.0,7.0,0.0,6.0,0.0,33.0
1527.1406120926872,81.0,7.0,0.0,6.0,0.0,33.0
1527.4406120926872,81.0,7.0,0.0,6.0,0.0,33.0
1527.4413528334278,81.0,7.0,0.0,6.0,0.0,33.0
1527.7413528334278,81.0,7.0,0.0,6.0,0.0,33.0
1527.7420935741684,81.0,7.0,0.0,6.0,0.0,33.0
1528.0420935741683,81.0,7.0,0.0,6.0,0.0,33.0
1528.042834314909,81.0,7.0,0.0,6.0,0.0,33.0
1528.342834314909,81.0,7.0,0.0,6.0,0.0,33.0
1528.3435750556496,81.0,7.0,0.0,6.0,0.0,33.0
1528.6435750556495,81.0,7.0,0.0,6.0,0.0,33.0
1528.6443157963902,81.0,7.0,0.0,6.0,0.0,33.0
1528.9443157963901,81.0,7.0,0.0,6.0,0.0,33.0
1528.9450565371308,81.0,7.0,0.0,6.0,0.0,33.0
1529.2450565371307,81.0,7.0,0.0,6.0,0.0,33.0
1529.2457972778714,81.0,7.0,0.0,6.0,0.0,33.0
1529.5457972778713,81.0,7.0,0.0,6.0,0.0,33.0
1529.546538018612,81.0,7.0,0.0,6.0,0.0,33.0
1529.846538018612,81.0,7.0,0.0,6.0,0.0,33.0
1529.8472787593525,81.0,7.0,0.0,6.0,0.0,33.0
1530.1472787593525,81.0,7.0,0.0,6.0,0.0,33.0
1530.1480195000931,81.0,7.0,0.0,6.0,0.0,33.0
1530.448019500093,81.0,7.0,0.0,6.0,0.0,33.0
1530.4487602408337,81.0,7.0,0.0,6.0,0.0,33.0
1530.7487602408337,81.0,7.0,0.0,6.0,0.0,33.0
1530.7495009815743,81.0,7.0,0.0,6.0,0.0,33.0
1531.0495009815743,81.0,7.0,0.0,6.0,0.0,33.0
1531.050241722315,81.0,7.0,0.0,6.0,0.0,33.0
1531.3502417223149,81.0,7.0,0.0,6.0,0.0,33.0
1531.3509824630555,81.0,7.0,0.0,6.0,0.0,33.0
1531.6509824630555,81.0,7.0,0.0,6.0,0.0,33.0
1531.651723203796,81.0,7.0,0.0,6.0,0.0,33.0
1531.951723203796,81.0,7.0,0.0,6.0,0.0,33.0
1531.9524639445367,81.0,7.0,0.0,4.0,0.0,34.0
1532.2524639445367,81.0,7.0,0.0,4.0,0.0,34.0
1532.2532046852773,81.0,7.0,0.0,4.0,0.0,34.0
1532.5532046852773,81.0,7.0,0.0,4.0,0.0,34.0
1532.553945426018,81.0,7.0,0.0,4.0,0.0,34.0
1532.8539454260178,81.0,7.0,0.0,4.0,0.0,34.0
1532.8546861667585,81.0,7.0,0.0,4.0,0.0,34.0
1533.1546861667584,81.0,7.0,0.0,4.0,0.0,34.0
1533.155426907499,81.0,7.0,0.0,4.0,0.0,34.0
1533.455426907499,81.0,7.0,0.0,4.0,0.0,34.0
1533.4561676482397,81.0,7.0,0.0,4.0,0.0,34.0
1533.7561676482396,81.0,7.0,0.0,4.0,0.0,34.0
1533.7569083889803,81.0,7.0,0.0,4.0,0.0,34.0
1534.0569083889802,81.0,7.0,0.0,4.0,0.0,34.0
1534.0576491297209,81.0,7.0,0.0,4.0,0.0,34.0
1534.3576491297208,81.0,7.0,0.0,4.0,0.0,34.0
1534.3583898704615,81.0,7.0,0.0,4.0,0.0,34.0
1534.6583898704614,81.0,7.0,0.0,4.0,0.0,34.0
1534.659130611202,81.0,7.0,0.0,4.0,0.0,34.0
1534.959130611202,81.0,7.0,0.0,4.0,0.0,34.0
1534.9598713519426,81.0,7.0,0.0,4.0,0.0,34.0
1535.2598713519426,81.0,7.0,0.0,4.0,0.0,34.0
1535.2606120926832,81.0,7.0,0.0,4.0,0.0,34.0
1535.5606120926832,81.0,7.0,0.0,4.0,0.0,34.0
1535.5613528334238,81.0,7.0,0.0,4.0,0.0,34.0
1535.8613528334238,81.0,7.0,0.0,4.0,0.0,34.0
1535.8620935741644,82.0,7.0,0.0,4.0,0.0,34.0
1536.1620935741644,82.0,7.0,0.0,4.0,0.0,34.0
1536.1628252814814,82.0,7.0,0.0,4.0,0.0,34.0
1536.4628252814814,82.0,7.0,0.0,4.0,0.0,34.0
1536.4635569887985,82.0,7.0,0.0,4.0,0.0,34.0
1536.7635569887984,82.0,7.0,0.0,4.0,0.0,34.0
1536.7642886961155,82.0,7.0,0.0,4.0,0.0,34.0
1537.0642886961155,82.0,7.0,0.0,4.0,0.0,34.0
1537.0650204034325,82.0,7.0,0.0,4.0,0.0,34.0
1537.3650204034325,82.0,7.0,0.0,4.0,0.0,34.0
1537.3657521107496,82.0,7.0,0.0,4.0,0.0,34.0
1537.6657521107495,82.0,7.0,0.0,4.0,0.0,34.0
1537.6664838180666,82.0,7.0,0.0,4.0,0.0,34.0
1537.9664838180665,82.0,7.0,0.0,4.0,0.0,34.0
1537.9672155253836,82.0,7.0,0.0,4.0,0.0,34.0
1538.2672155253836,82.0,7.0,0.0,4.0,0.0,34.0
1538.2679472327006,82.0,7.0,0.0,4.0,0.0,34.0
1538.5679472327006,82.0,7.0,0.0,4.0,0.0,34.0
1538.5686789400177,82.0,7.0,0.0,4.0,0.0,34.0
1538.8686789400176,82.0,7.0,0.0,4.0,0.0,34.0
1538.8694106473347,82.0,7.0,0.0,4.0,0.0,34.0
1539.1694106473346,82.0,7.0,0.0,4.0,0.0,34.0
1539.1701423546517,82.0,7.0,0.0,4.0,0.0,34.0
1539.4701423546517,82.0,7.0,0.0,4.0,0.0,34.0
1539.4708740619687,82.0,7.0,0.0,4.0,0.0,34.0
1539.7708740619687,82.0,7.0,0.0,4.0,0.0,34.0
1539.7716057692858,82.0,7.0,0.0,4.0,0.0,34.0
1540.0716057692857,82.0,7.0,0.0,4.0,0.0,34.0
1540.0723374766028,82.0,7.0,0.0,4.0,0.0,34.0
1540.3723374766028,82.0,7.0,0.0,4.0,0.0,34.0
1540.3730691839198,82.0,7.0,0.0,4.0,0.0,34.0
1540.6730691839198,82.0,7.0,0.0,4.0,0.0,34.0
1540.6738008912369,82.0,7.0,0.0,4.0,0.0,34.0
1540.9738008912368,82.0,7.0,0.0,4.0,0.0,34.0
1540.9745325985539,82.0,7.0,0.0,4.0,0.0,34.0
1541.2745325985538,82.0,7.0,0.0,4.0,0.0,34.0
1541.275264305871,82.0,7.0,0.0,4.0,0.0,34.0
1541.5752643058709,82.0,7.0,0.0,4.0,0.0,34.0
1541.575996013188,82.0,7.0,0.0,4.0,0.0,34.0
1541.875996013188,82.0,7.0,0.0,4.0,0.0,34.0
1541.876727720505,82.0,7.0,0.0,4.0,0.0,34.0
1542.176727720505,82.0,7.0,0.0,4.0,0.0,34.0
1542.177459427822,82.0,7.0,0.0,4.0,0.0,34.0
1542.477459427822,82.0,7.0,0.0,4.0,0.0,34.0
1542.478191135139,82.0,7.0,0.0,4.0,0.0,34.0
1542.778191135139,82.0,7.0,0.0,4.0,0.0,34.0
1542.778922842456,82.0,7.0,0.0,4.0,0.0,34.0
1543.078922842456,82.0,7.0,0.0,4.0,0.0,34.0
1543.079654549773,82.0,7.0,0.0,4.0,0.0,34.0
1543.379654549773,82.0,7.0,0.0,4.0,0.0,34.0
1543.38038625709,82.0,7.0,0.0,4.0,0.0,34.0
1543.68038625709,82.0,7.0,0.0,4.0,0.0,34.0
1543.6811179644071,82.0,7.0,0.0,4.0,0.0,34.0
1543.981117964407,82.0,7.0,0.0,4.0,0.0,34.0
1543.9818496717241,82.0,7.0,0.0,4.0,0.0,34.0
1544.281849671724,82.0,7.0,0.0,4.0,0.0,34.0
1544.2825813790412,82.0,7.0,0.0,4.0,0.0,34.0
1544.5825813790411,82.0,7.0,0.0,4.0,0.0,34.0
1544.5833130863582,82.0,7.0,0.0,4.0,0.0,34.0
1544.8833130863582,82.0,7.0,0.0,4.0,0.0,34.0
1544.8840447936752,82.0,7.0,0.0,4.0,0.0,34.0
1545.1840447936752,82.0,7.0,0.0,4.0,0.0,34.0
1545.1847765009923,82.0,7.0,0.0,4.0,0.0,34.0
1545.4847765009922,82.0,7.0,0.0,4.0,0.0,34.0
1545.4855082083093,82.0,7.0,0.0,4.0,0.0,34.0
1545.7855082083092,82.0,7.0,0.0,4.0,0.0,34.0
1545.7862399156263,82.0,7.0,0.0,4.0,0.0,34.0
1546.0862399156263,82.0,7.0,0.0,4.0,0.0,34.0
1546.0869716229433,82.0,7.0,0.0,4.0,0.0,34.0
1546.3869716229433,82.0,7.0,0.0,4.0,0.0,34.0
1546.3877033302604,82.0,7.0,0.0,4.0,0.0,34.0
1546.6877033302603,82.0,7.0,0.0,4.0,0.0,34.0
1546.6884350375774,82.0,7.0,0.0,4.0,0.0,34.0
1546.9884350375773,82.0,7.0,0.0,4.0,0.0,34.0
1546.9891667448944,82.0,7.0,0.0,4.0,0.0,34.0
1547.2891667448944,82.0,7.0,0.0,4.0,0.0,34.0
1547.2898984522114,82.0,7.0,0.0,4.0,0.0,34.0
1547.5898984522114,82.0,7.0,0.0,4.0,0.0,34.0
1547.5906301595285,82.0,7.0,0.0,4.0,0.0,34.0
1547.8906301595284,82.0,7.0,0.0,4.0,0.0,34.0
1547.8913618668455,82.0,7.0,0.0,4.0,0.0,34.0
1548.1913618668455,82.0,7.0,0.0,4.0,0.0,34.0
1548.1920935741625,82.0,7.0,0.0,4.0,0.0,34.0
1548.4920935741625,82.0,7.0,0.0,4.0,0.0,34.0
1548.4928252814796,82.0,7.0,0.0,4.0,0.0,34.0
1548.7928252814795,82.0,7.0,0.0,4.0,0.0,34.0
1548.7935569887966,82.0,7.0,0.0,4.0,0.0,34.0
1549.0935569887965,82.0,7.0,0.0,4.0,0.0,34.0
1549.0942886961136,82.0,7.0,0.0,4.0,0.0,34.0
1549.3942886961136,82.0,7.0,0.0,4.0,0.0,34.0
1549.3950204034306,82.0,7.0,0.0,4.0,0.0,34.0
1549.6950204034306,82.0,7.0,0.0,4.0,0.0,34.0
1549.6957521107477,82.0,7.0,0.0,4.0,0.0,34.0
1549.9957521107476,82.0,7.0,0.0,4.0,0.0,34.0
1549.9964838180647,82.0,7.0,0.0,4.0,0.0,34.0
1550.2964838180646,82.0,7.0,0.0,4.0,0.0,34.0
1550.2972155253817,82.0,7.0,0.0,4.0,0.0,34.0
1550.5972155253817,82.0,7.0,0.0,4.0,0.0,34.0
1550.5979472326987,82.0,7.0,0.0,4.0,0.0,34.0
1550.8979472326987,82.0,7.0,0.0,4.0,0.0,34.0
1550.8986789400158,82.0,7.0,0.0,4.0,0.0,34.0
1551.1986789400157,82.0,7.0,0.0,4.0,0.0,34.0
1551.1994106473328,82.0,7.0,0.0,4.0,0.0,34.0
1551.4994106473328,82.0,7.0,0.0,4.0,0.0,34.0
1551.5001423546498,82.0,7.0,0.0,4.0,0.0,34.0
1551.8001423546498,82.0,7.0,0.0,4.0,0.0,34.0
1551.8008740619669,82.0,7.0,0.0,4.0,0.0,34.0
1552.1008740619668,82.0,7.0,0.0,4.0,0.0,34.0
1552.1016057692839,82.0,7.0,0.0,4.0,0.0,34.0
1552.4016057692838,82.0,7.0,0.0,4.0,0.0,34.0
1552.402337476601,82.0,7.0,0.0,4.0,0.0,34.0
1552.7023374766009,82.0,7.0,0.0,4.0,0.0,34.0
1552.703069183918,82.0,7.0,0.0,4.0,0.0,34.0
1553.003069183918,82.0,7.0,0.0,4.0,0.0,34.0
1553.003800891235,82.0,7.0,0.0,4.0,0.0,34.0
1553.303800891235,82.0,7.0,0.0,4.0,0.0,34.0
1553.304532598552,82.0,7.0,0.0,4.0,0.0,34.0
1553.604532598552,82.0,7.0,0.0,4.0,0.0,34.0
1553.605264305869,82.0,7.0,0.0,4.0,0.0,34.0
1553.905264305869,82.0,7.0,0.0,4.0,0.0,34.0
1553.905996013186,82.0,7.0,0.0,4.0,0.0,34.0
1554.205996013186,82.0,7.0,0.0,4.0,0.0,34.0
1554.206727720503,82.0,7.0,0.0,4.0,0.0,34.0
1554.506727720503,82.0,7.0,0.0,4.0,0.0,34.0
1554.50745942782,82.0,7.0,0.0,4.0,0.0,34.0
1554.80745942782,82.0,7.0,0.0,4.0,0.0,34.0
1554.8081911351371,82.0,7.0,0.0,4.0,0.0,34.0
1555.108191135137,82.0,7.0,0.0,4.0,0.0,34.0
1555.1089228424541,82.0,7.0,0.0,4.0,0.0,34.0
1555.408922842454,82.0,7.0,0.0,4.0,0.0,34.0
1555.4096545497712,82.0,7.0,0.0,4.0,0.0,34.0
1555.7096545497711,82.0,7.0,0.0,4.0,0.0,34.0
1555.7103862570882,82.0,7.0,0.0,4.0,0.0,34.0
1556.0103862570882,82.0,7.0,0.0,4.0,0.0,34.0
1556.0111179644052,82.0,7.0,0.0,4.0,0.0,34.0
1556.3111179644052,82.0,7.0,0.0,4.0,0.0,34.0
1556.3118496717223,82.0,7.0,0.0,4.0,0.0,34.0
1556.6118496717222,82.0,7.0,0.0,4.0,0.0,34.0
1556.6125813790393,82.0,7.0,0.0,4.0,0.0,34.0
1556.9125813790392,82.0,7.0,0.0,4.0,0.0,34.0
1556.9133130863563,82.0,7.0,0.0,4.0,0.0,34.0
1557.2133130863563,82.0,7.0,0.0,4.0,0.0,34.0
1557.2140447936733,82.0,7.0,0.0,4.0,0.0,34.0
1557.5140447936733,82.0,7.0,0.0,4.0,0.0,34.0
1557.5147765009904,82.0,7.0,0.0,4.0,0.0,34.0
1557.8147765009903,82.0,7.0,0.0,4.0,0.0,34.0
1557.8155082083074,82.0,7.0,0.0,4.0,0.0,34.0
1558.1155082083073,82.0,7.0,0.0,4.0,0.0,34.0
1558.1162399156244,82.0,7.0,0.0,4.0,0.0,34.0
1558.4162399156244,82.0,7.0,0.0,4.0,0.0,34.0
1558.4169716229414,82.0,7.0,0.0,4.0,0.0,34.0
1558.7169716229414,82.0,7.0,0.0,4.0,0.0,34.0
1558.7177033302585,82.0,7.0,0.0,4.0,0.0,34.0
1559.0177033302584,82.0,7.0,0.0,4.0,0.0,34.0
1559.0184350375755,82.0,7.0,0.0,4.0,0.0,34.0
1559.3184350375755,82.0,7.0,0.0,4.0,0.0,34.0
1559.3191667448925,82.0,7.0,0.0,4.0,0.0,34.0
1559.6191667448925,82.0,7.0,0.0,4.0,0.0,34.0
1559.6198984522096,82.0,7.0,0.0,4.0,0.0,34.0
1559.9198984522095,82.0,7.0,0.0,4.0,0.0,34.0
1559.9206301595266,82.0,7.0,0.0,4.0,0.0,34.0
1560.2206301595265,82.0,7.0,0.0,4.0,0.0,34.0
1560.2213618668436,82.0,7.0,0.0,4.0,0.0,34.0
1560.5213618668436,82.0,7.0,0.0,4.0,0.0,34.0
1560.5220935741606,82.0,7.0,0.0,4.0,0.0,34.0
1560.8220935741606,82.0,7.0,0.0,4.0,0.0,34.0
1560.8228252814777,82.0,7.0,0.0,4.0,0.0,34.0
1561.1228252814776,82.0,7.0,0.0,4.0,0.0,34.0
1561.1235569887947,82.0,7.0,0.0,4.0,0.0,34.0
1561.4235569887946,82.0,7.0,0.0,4.0,0.0,34.0
1561.4242886961117,82.0,7.0,0.0,4.0,0.0,34.0
1561.7242886961117,82.0,7.0,0.0,4.0,0.0,34.0
1561.7250204034287,82.0,7.0,0.0,4.0,0.0,34.0
1562.0250204034287,82.0,7.0,0.0,4.0,0.0,34.0
1562.0257521107458,82.0,7.0,0.0,4.0,0.0,34.0
1562.3257521107457,82.0,7.0,0.0,4.0,0.0,34.0
1562.3264838180628,82.0,7.0,0.0,4.0,0.0,34.0
1562.6264838180628,82.0,7.0,0.0,4.0,0.0,34.0
1562.6272155253798,82.0,7.0,0.0,4.0,0.0,34.0
1562.9272155253798,82.0,7.0,0.0,4.0,0.0,34.0
1562.9279472326969,82.0,7.0,0.0,4.0,0.0,34.0
1563.2279472326968,82.0,7.0,0.0,4.0,0.0,34.0
1563.2286789400139,82.0,7.0,0.0,4.0,0.0,34.0
1563.5286789400138,82.0,7.0,0.0,4.0,0.0,34.0
1563.529410647331,82.0,7.0,0.0,4.0,0.0,34.0
1563.8294106473309,82.0,7.0,0.0,4.0,0.0,34.0
1563.830142354648,82.0,7.0,0.0,4.0,0.0,34.0
1564.130142354648,82.0,7.0,0.0,4.0,0.0,34.0
1564.130874061965,83.0,7.0,0.0,4.0,0.0,34.0
1564.430874061965,83.0,7.0,0.0,4.0,0.0,34.0
1564.4315969535312,83.0,7.0,0.0,4.0,0.0,34.0
1564.7315969535312,83.0,7.0,0.0,4.0,0.0,34.0
1564.7323198450974,83.0,7.0,0.0,4.0,0.0,34.0
1565.0323198450974,83.0,7.0,0.0,4.0,0.0,34.0
1565.0330427366637,83.0,7.0,0.0,4.0,0.0,34.0
1565.3330427366636,83.0,7.0,0.0,4.0,0.0,34.0
1565.33376562823,83.0,8.0,0.0,4.0,0.0,34.0
1565.6337656282299,83.0,8.0,0.0,4.0,0.0,34.0
1565.6344885197962,83.0,8.0,0.0,4.0,0.0,34.0
1565.934488519796,83.0,8.0,0.0,4.0,0.0,34.0
1565.9352114113624,83.0,8.0,0.0,4.0,0.0,34.0
1566.2352114113623,83.0,8.0,0.0,4.0,0.0,34.0
1566.2359343029286,83.0,8.0,0.0,4.0,0.0,34.0
1566.5359343029286,83.0,8.0,0.0,4.0,0.0,34.0
1566.5366571944949,83.0,8.0,0.0,4.0,0.0,34.0
1566.8366571944948,83.0,8.0,0.0,4.0,0.0,34.0
1566.837380086061,84.0,8.0,0.0,4.0,0.0,34.0
1567.137380086061,84.0,8.0,0.0,4.0,0.0,34.0
1567.1380943717754,84.0,8.0,0.0,4.0,0.0,34.0
1567.4380943717754,84.0,8.0,0.0,4.0,0.0,34.0
1567.4388086574897,84.0,8.0,0.0,4.0,0.0,34.0
1567.7388086574897,84.0,8.0,0.0,4.0,0.0,34.0
1567.739522943204,84.0,8.0,0.0,4.0,0.0,34.0
1568.039522943204,84.0,8.0,0.0,4.0,0.0,34.0
1568.0402372289184,84.0,8.0,0.0,4.0,0.0,34.0
1568.3402372289183,84.0,8.0,0.0,4.0,0.0,34.0
1568.3409515146327,84.0,8.0,0.0,4.0,0.0,34.0
1568.6409515146327,84.0,8.0,0.0,4.0,0.0,34.0
1568.641665800347,84.0,8.0,0.0,4.0,0.0,34.0
1568.941665800347,84.0,8.0,0.0,4.0,0.0,34.0
1568.9423800860613,84.0,8.0,0.0,4.0,0.0,34.0
1569.2423800860613,84.0,8.0,0.0,4.0,0.0,34.0
1569.2430943717757,84.0,8.0,0.0,4.0,0.0,34.0
1569.5430943717756,84.0,8.0,0.0,4.0,0.0,34.0
1569.54380865749,84.0,8.0,0.0,4.0,0.0,34.0
1569.84380865749,84.0,8.0,0.0,4.0,0.0,34.0
1569.8445229432043,84.0,8.0,0.0,4.0,0.0,34.0
1570.1445229432043,84.0,8.0,0.0,4.0,0.0,34.0
1570.1452372289186,84.0,8.0,0.0,4.0,0.0,34.0
1570.4452372289186,84.0,8.0,0.0,4.0,0.0,34.0
1570.445951514633,84.0,8.0,0.0,4.0,0.0,34.0
1570.745951514633,84.0,8.0,0.0,4.0,0.0,34.0
1570.7466658003473,84.0,8.0,0.0,4.0,0.0,34.0
1571.0466658003472,84.0,8.0,0.0,4.0,0.0,34.0
1571.0473800860616,84.0,8.0,0.0,4.0,0.0,34.0
1571.3473800860615,84.0,8.0,0.0,4.0,0.0,34.0
1571.348094371776,84.0,8.0,0.0,4.0,0.0,34.0
1571.6480943717759,84.0,8.0,0.0,4.0,0.0,34.0
1571.6488086574902,84.0,8.0,0.0,4.0,0.0,34.0
1571.9488086574902,84.0,8.0,0.0,4.0,0.0,34.0
1571.9495229432046,84.0,8.0,0.0,4.0,0.0,34.0
1572.2495229432045,84.0,8.0,0.0,4.0,0.0,34.0
1572.2502372289189,84.0,8.0,0.0,4.0,0.0,34.0
1572.5502372289188,84.0,8.0,0.0,4.0,0.0,34.0
1572.5509515146332,84.0,8.0,0.0,4.0,0.0,34.0
1572.8509515146332,84.0,8.0,0.0,4.0,0.0,34.0
1572.8516658003475,84.0,8.0,0.0,4.0,0.0,34.0
1573.1516658003475,84.0,8.0,0.0,4.0,0.0,34.0
1573.1523800860618,84.0,8.0,0.0,4.0,0.0,34.0
1573.4523800860618,84.0,8.0,0.0,4.0,0.0,34.0
1573.4530943717762,84.0,8.0,0.0,4.0,0.0,34.0
1573.7530943717761,84.0,8.0,0.0,4.0,0.0,34.0
1573.7538086574905,84.0,8.0,0.0,4.0,0.0,34.0
1574.0538086574904,84.0,8.0,0.0,4.0,0.0,34.0
1574.0545229432048,84.0,8.0,0.0,4.0,0.0,34.0
1574.3545229432048,84.0,8.0,0.0,4.0,0.0,34.0
1574.3552372289191,84.0,8.0,0.0,2.0,0.0,35.0
1574.655237228919,84.0,8.0,0.0,2.0,0.0,35.0
1574.6559515146334,84.0,8.0,0.0,2.0,0.0,35.0
1574.9559515146334,84.0,8.0,0.0,2.0,0.0,35.0
1574.9566658003478,84.0,8.0,0.0,2.0,0.0,35.0
1575.2566658003477,84.0,8.0,0.0,2.0,0.0,35.0
1575.257380086062,84.0,8.0,0.0,2.0,0.0,35.0
1575.557380086062,84.0,8.0,0.0,2.0,0.0,35.0
1575.5580943717764,84.0,8.0,0.0,2.0,0.0,35.0
1575.8580943717764,84.0,8.0,0.0,2.0,0.0,35.0
1575.8588086574907,84.0,8.0,0.0,2.0,0.0,35.0
1576.1588086574907,84.0,8.0,0.0,2.0,0.0,35.0
1576.159522943205,84.0,8.0,0.0,2.0,0.0,35.0
1576.459522943205,84.0,8.0,0.0,2.0,0.0,35.0
1576.4602372289194,84.0,8.0,0.0,2.0,0.0,35.0
1576.7602372289193,84.0,8.0,0.0,2.0,0.0,35.0
1576.7609515146337,84.0,8.0,0.0,2.0,0.0,35.0
1577.0609515146336,84.0,8.0,0.0,2.0,0.0,35.0
1577.061665800348,84.0,8.0,0.0,2.0,0.0,35.0
1577.361665800348,84.0,8.0,0.0,2.0,0.0,35.0
1577.3623800860623,84.0,8.0,0.0,2.0,0.0,35.0
1577.6623800860623,84.0,8.0,0.0,2.0,0.0,35.0
1577.6630943717767,84.0,8.0,0.0,2.0,0.0,35.0
1577.9630943717766,84.0,8.0,0.0,2.0,0.0,35.0
1577.963808657491,84.0,8.0,0.0,2.0,0.0,35.0
1578.263808657491,84.0,8.0,0.0,2.0,0.0,35.0
1578.2645229432053,84.0,8.0,0.0,2.0,0.0,35.0
1578.5645229432052,84.0,8.0,0.0,2.0,0.0,35.0
1578.5652372289196,84.0,8.0,0.0,2.0,0.0,35.0
1578.8652372289196,84.0,8.0,0.0,2.0,0.0,35.0
1578.865951514634,84.0,8.0,0.0,2.0,0.0,35.0
1579.165951514634,84.0,8.0,0.0,2.0,0.0,35.0
1579.1666658003483,84.0,8.0,0.0,2.0,0.0,35.0
1579.4666658003482,84.0,8.0,0.0,2.0,0.0,35.0
1579.4673800860626,84.0,8.0,0.0,2.0,0.0,35.0
1579.7673800860625,84.0,8.0,0.0,2.0,0.0,35.0
1579.768094371777,83.0,8.0,0.0,2.0,0.0,35.0
1580.0680943717769,83.0,8.0,0.0,2.0,0.0,35.0
1580.0688172633431,83.0,8.0,0.0,2.0,0.0,35.0
1580.368817263343,83.0,8.0,0.0,2.0,0.0,35.0
1580.3695401549094,83.0,8.0,0.0,2.0,0.0,35.0
1580.6695401549093,83.0,8.0,0.0,2.0,0.0,35.0
1580.6702630464756,83.0,8.0,0.0,2.0,0.0,35.0
1580.9702630464756,83.0,8.0,0.0,2.0,0.0,35.0
1580.9709859380418,83.0,8.0,0.0,2.0,0.0,35.0
1581.2709859380418,83.0,8.0,0.0,2.0,0.0,35.0
1581.271708829608,83.0,8.0,0.0,2.0,0.0,35.0
1581.571708829608,83.0,8.0,0.0,2.0,0.0,35.0
1581.5724317211743,83.0,8.0,0.0,2.0,0.0,35.0
1581.8724317211743,83.0,8.0,0.0,2.0,0.0,35.0
1581.8731546127406,83.0,8.0,0.0,2.0,0.0,35.0
1582.1731546127405,83.0,8.0,0.0,2.0,0.0,35.0
1582.1738775043068,83.0,8.0,0.0,2.0,0.0,35.0
1582.4738775043068,83.0,8.0,0.0,2.0,0.0,35.0
1582.474600395873,83.0,8.0,0.0,2.0,0.0,35.0
1582.774600395873,83.0,8.0,0.0,2.0,0.0,35.0
1582.7753232874393,83.0,8.0,0.0,2.0,0.0,35.0
1583.0753232874392,83.0,8.0,0.0,2.0,0.0,35.0
1583.0760461790055,83.0,8.0,0.0,2.0,0.0,35.0
1583.3760461790055,83.0,8.0,0.0,2.0,0.0,35.0
1583.3767690705718,83.0,8.0,0.0,2.0,0.0,35.0
1583.6767690705717,83.0,8.0,0.0,2.0,0.0,35.0
1583.677491962138,83.0,8.0,0.0,2.0,0.0,35.0
1583.977491962138,83.0,8.0,0.0,2.0,0.0,35.0
1583.9782148537042,82.0,8.0,0.0,2.0,0.0,35.0
1584.2782148537042,82.0,8.0,0.0,2.0,0.0,35.0
1584.2789465610213,82.0,8.0,0.0,2.0,0.0,35.0
1584.5789465610212,82.0,8.0,0.0,2.0,0.0,35.0
1584.5796782683383,82.0,8.0,0.0,2.0,0.0,35.0
1584.8796782683382,82.0,8.0,0.0,2.0,0.0,35.0
1584.8804099756553,82.0,8.0,0.0,2.0,0.0,35.0
1585.1804099756553,82.0,8.0,0.0,2.0,0.0,35.0
1585.1811416829723,82.0,8.0,0.0,2.0,0.0,35.0
1585.4811416829723,82.0,8.0,0.0,2.0,0.0,35.0
1585.4818733902894,82.0,8.0,0.0,2.0,0.0,35.0
1585.7818733902893,82.0,8.0,0.0,2.0,0.0,35.0
1585.7826050976064,82.0,8.0,0.0,2.0,0.0,35.0
1586.0826050976063,82.0,8.0,0.0,2.0,0.0,35.0
1586.0833368049234,82.0,8.0,0.0,2.0,0.0,35.0
1586.3833368049234,82.0,8.0,0.0,2.0,0.0,35.0
1586.3840685122404,82.0,8.0,0.0,2.0,0.0,35.0
1586.6840685122404,82.0,8.0,0.0,2.0,0.0,35.0
1586.6848002195575,82.0,8.0,0.0,2.0,0.0,35.0
1586.9848002195574,82.0,8.0,0.0,2.0,0.0,35.0
1586.9855319268745,82.0,8.0,0.0,2.0,0.0,35.0
1587.2855319268745,82.0,8.0,0.0,2.0,0.0,35.0
1587.2862636341915,82.0,8.0,0.0,2.0,0.0,35.0
1587.5862636341915,82.0,8.0,0.0,2.0,0.0,35.0
1587.5869953415086,82.0,8.0,0.0,2.0,0.0,35.0
1587.8869953415085,82.0,8.0,0.0,2.0,0.0,35.0
1587.8877270488256,82.0,8.0,0.0,2.0,0.0,35.0
1588.1877270488255,82.0,8.0,0.0,2.0,0.0,35.0
1588.1884587561426,82.0,8.0,0.0,2.0,0.0,35.0
1588.4884587561426,82.0,8.0,0.0,2.0,0.0,35.0
1588.4891904634596,82.0,8.0,0.0,2.0,0.0,35.0
1588.7891904634596,82.0,8.0,0.0,2.0,0.0,35.0
1588.7899221707767,82.0,8.0,0.0,2.0,0.0,35.0
1589.0899221707766,82.0,8.0,0.0,2.0,0.0,35.0
1589.0906538780937,82.0,8.0,0.0,2.0,0.0,35.0
1589.3906538780936,82.0,8.0,0.0,2.0,0.0,35.0
1589.3913855854107,82.0,8.0,0.0,2.0,0.0,35.0
1589.6913855854107,82.0,8.0,0.0,2.0,0.0,35.0
1589.6921172927277,82.0,8.0,0.0,2.0,0.0,35.0
1589.9921172927277,82.0,8.0,0.0,2.0,0.0,35.0
1589.9928490000448,82.0,8.0,0.0,2.0,0.0,35.0
1590.2928490000447,82.0,8.0,0.0,2.0,0.0,35.0
1590.2935807073618,82.0,8.0,0.0,2.0,0.0,35.0
1590.5935807073618,82.0,8.0,0.0,2.0,0.0,35.0
1590.5943124146788,82.0,8.0,0.0,2.0,0.0,35.0
1590.8943124146788,82.0,8.0,0.0,2.0,0.0,35.0
1590.8950441219959,82.0,8.0,0.0,2.0,0.0,35.0
1591.1950441219958,82.0,8.0,0.0,2.0,0.0,35.0
1591.1957758293129,82.0,8.0,0.0,2.0,0.0,35.0
1591.4957758293128,82.0,8.0,0.0,2.0,0.0,35.0
1591.49650753663,82.0,8.0,0.0,2.0,0.0,35.0
1591.7965075366299,82.0,8.0,0.0,2.0,0.0,35.0
1591.797239243947,82.0,8.0,0.0,2.0,0.0,35.0
1592.097239243947,82.0,8.0,0.0,2.0,0.0,35.0
1592.097970951264,82.0,8.0,0.0,2.0,0.0,35.0
1592.397970951264,82.0,8.0,0.0,2.0,0.0,35.0
1592.398702658581,82.0,8.0,0.0,2.0,0.0,35.0
1592.698702658581,82.0,8.0,0.0,2.0,0.0,35.0
1592.699434365898,82.0,8.0,0.0,2.0,0.0,35.0
1592.999434365898,82.0,8.0,0.0,2.0,0.0,35.0
1593.000166073215,82.0,8.0,0.0,2.0,0.0,35.0
1593.300166073215,82.0,8.0,0.0,2.0,0.0,35.0
1593.300897780532,82.0,8.0,0.0,2.0,0.0,35.0
1593.600897780532,82.0,8.0,0.0,2.0,0.0,35.0
1593.601629487849,82.0,8.0,0.0,2.0,0.0,35.0
1593.901629487849,82.0,8.0,0.0,2.0,0.0,35.0
1593.9023611951661,82.0,8.0,0.0,2.0,0.0,35.0
1594.202361195166,82.0,8.0,0.0,2.0,0.0,35.0
1594.2030929024831,82.0,8.0,0.0,2.0,0.0,35.0
1594.503092902483,82.0,8.0,0.0,2.0,0.0,35.0
1594.5038246098002,82.0,8.0,0.0,2.0,0.0,35.0
1594.8038246098001,82.0,8.0,0.0,2.0,0.0,35.0
1594.8045563171172,82.0,8.0,0.0,2.0,0.0,35.0
1595.1045563171172,82.0,8.0,0.0,2.0,0.0,35.0
1595.1052880244342,82.0,8.0,0.0,2.0,0.0,35.0
1595.4052880244342,82.0,8.0,0.0,2.0,0.0,35.0
1595.4060197317513,82.0,8.0,0.0,2.0,0.0,35.0
1595.7060197317512,82.0,8.0,0.0,2.0,0.0,35.0
1595.7067514390683,83.0,8.0,0.0,2.0,0.0,35.0
1596.0067514390682,83.0,8.0,0.0,2.0,0.0,35.0
1596.0074743306345,83.0,8.0,0.0,2.0,0.0,35.0
1596.3074743306345,83.0,8.0,0.0,2.0,0.0,35.0
1596.3081972222008,83.0,8.0,0.0,2.0,0.0,35.0
1596.6081972222007,83.0,8.0,0.0,2.0,0.0,35.0
1596.608920113767,83.0,8.0,0.0,2.0,0.0,35.0
1596.908920113767,83.0,8.0,0.0,2.0,0.0,35.0
1596.9096430053332,83.0,8.0,0.0,2.0,0.0,35.0
1597.2096430053332,83.0,8.0,0.0,2.0,0.0,35.0
1597.2103658968995,83.0,8.0,0.0,2.0,0.0,35.0
1597.5103658968994,83.0,8.0,0.0,2.0,0.0,35.0
1597.5110887884657,83.0,8.0,0.0,2.0,0.0,35.0
1597.8110887884657,83.0,8.0,0.0,2.0,0.0,35.0
1597.811811680032,83.0,8.0,0.0,2.0,0.0,35.0
1598.111811680032,83.0,8.0,0.0,2.0,0.0,35.0
1598.1125345715982,83.0,8.0,0.0,2.0,0.0,35.0
1598.4125345715981,83.0,8.0,0.0,2.0,0.0,35.0
1598.4132574631644,83.0,8.0,0.0,2.0,0.0,35.0
1598.7132574631644,83.0,8.0,0.0,2.0,0.0,35.0
1598.7139803547307,83.0,8.0,0.0,2.0,0.0,35.0
1599.0139803547306,83.0,8.0,0.0,2.0,0.0,35.0
1599.014703246297,83.0,8.0,0.0,2.0,0.0,35.0
1599.3147032462969,83.0,8.0,0.0,2.0,0.0,35.0
1599.3154261378631,83.0,8.0,0.0,2.0,0.0,35.0
1599.615426137863,83.0,8.0,0.0,2.0,0.0,35.0
1599.6161490294294,83.0,8.0,0.0,2.0,0.0,35.0
1599.9161490294293,83.0,8.0,0.0,2.0,0.0,35.0
1599.9168719209956,83.0,8.0,0.0,2.0,0.0,35.0
1600.2168719209956,83.0,8.0,0.0,2.0,0.0,35.0
1600.2175948125619,83.0,8.0,0.0,2.0,0.0,35.0
1600.5175948125618,83.0,8.0,0.0,2.0,0.0,35.0
1600.518317704128,83.0,8.0,0.0,2.0,0.0,35.0
1600.818317704128,83.0,8.0,0.0,2.0,0.0,35.0
1600.8190405956943,83.0,8.0,0.0,2.0,0.0,35.0
1601.1190405956943,83.0,8.0,0.0,2.0,0.0,35.0
1601.1197634872606,83.0,8.0,0.0,2.0,0.0,35.0
1601.4197634872605,83.0,8.0,0.0,2.0,0.0,35.0
1601.4204863788268,83.0,8.0,0.0,2.0,0.0,35.0
1601.7204863788268,83.0,8.0,0.0,2.0,0.0,35.0
1601.721209270393,83.0,8.0,0.0,2.0,0.0,35.0
1602.021209270393,83.0,8.0,0.0,2.0,0.0,35.0
1602.0219321619593,83.0,8.0,0.0,2.0,0.0,35.0
1602.3219321619592,83.0,8.0,0.0,2.0,0.0,35.0
1602.3226550535255,83.0,8.0,0.0,2.0,0.0,35.0
1602.6226550535255,83.0,8.0,0.0,2.0,0.0,35.0
1602.6233779450918,83.0,8.0,0.0,2.0,0.0,35.0
1602.9233779450917,83.0,8.0,0.0,2.0,0.0,35.0
1602.924100836658,83.0,8.0,0.0,2.0,0.0,35.0
1603.224100836658,83.0,8.0,0.0,2.0,0.0,35.0
1603.2248237282242,83.0,8.0,0.0,2.0,0.0,35.0
1603.5248237282242,83.0,8.0,0.0,2.0,0.0,35.0
1603.5255466197905,83.0,8.0,0.0,2.0,0.0,35.0
1603.8255466197904,83.0,8.0,0.0,2.0,0.0,35.0
1603.8262695113567,83.0,8.0,0.0,2.0,0.0,35.0
1604.1262695113567,83.0,8.0,0.0,2.0,0.0,35.0
1604.126992402923,83.0,8.0,0.0,2.0,0.0,35.0
1604.426992402923,83.0,8.0,0.0,2.0,0.0,35.0
1604.4277152944892,83.0,8.0,0.0,2.0,0.0,35.0
1604.7277152944891,83.0,8.0,0.0,2.0,0.0,35.0
1604.7284381860554,83.0,8.0,0.0,2.0,0.0,35.0
1605.0284381860554,83.0,8.0,0.0,2.0,0.0,35.0
1605.0291610776217,83.0,8.0,0.0,2.0,0.0,35.0
1605.3291610776216,83.0,8.0,0.0,2.0,0.0,35.0
1605.329883969188,83.0,8.0,0.0,2.0,0.0,35.0
1605.6298839691879,83.0,8.0,0.0,2.0,0.0,35.0
1605.6306068607541,83.0,8.0,0.0,2.0,0.0,35.0
1605.930606860754,83.0,8.0,0.0,2.0,0.0,35.0
1605.9313297523204,83.0,8.0,0.0,2.0,0.0,35.0
1606.2313297523203,83.0,8.0,0.0,2.0,0.0,35.0
1606.2320526438866,83.0,8.0,0.0,2.0,0.0,35.0
1606.5320526438866,83.0,8.0,0.0,2.0,0.0,35.0
1606.5327755354529,82.0,8.0,0.0,2.0,0.0,35.0
1606.8327755354528,82.0,8.0,0.0,2.0,0.0,35.0
1606.8335072427699,82.0,8.0,0.0,2.0,0.0,35.0
1607.1335072427698,82.0,8.0,0.0,2.0,0.0,35.0
1607.134238950087,82.0,8.0,0.0,2.0,0.0,35.0
1607.4342389500869,82.0,8.0,0.0,2.0,0.0,35.0
1607.434970657404,82.0,8.0,0.0,2.0,0.0,35.0
1607.734970657404,82.0,8.0,0.0,2.0,0.0,35.0
1607.735702364721,82.0,8.0,0.0,2.0,0.0,35.0
1608.035702364721,82.0,8.0,0.0,2.0,0.0,35.0
1608.036434072038,82.0,8.0,0.0,2.0,0.0,35.0
1608.336434072038,82.0,8.0,0.0,2.0,0.0,35.0
1608.337165779355,82.0,8.0,0.0,2.0,0.0,35.0
1608.637165779355,82.0,8.0,0.0,2.0,0.0,35.0
1608.637897486672,82.0,8.0,0.0,2.0,0.0,35.0
1608.937897486672,82.0,8.0,0.0,2.0,0.0,35.0
1608.938629193989,82.0,8.0,0.0,2.0,0.0,35.0
1609.238629193989,82.0,8.0,0.0,2.0,0.0,35.0
1609.239360901306,82.0,8.0,0.0,2.0,0.0,35.0
1609.539360901306,82.0,8.0,0.0,2.0,0.0,35.0
1609.5400926086231,82.0,8.0,0.0,2.0,0.0,35.0
1609.840092608623,82.0,8.0,0.0,2.0,0.0,35.0
1609.8408243159402,82.0,8.0,0.0,2.0,0.0,35.0
1610.14082431594,82.0,8.0,0.0,2.0,0.0,35.0
1610.1415560232572,82.0,8.0,0.0,2.0,0.0,35.0
1610.4415560232571,82.0,8.0,0.0,2.0,0.0,35.0
1610.4422877305742,82.0,8.0,0.0,2.0,0.0,35.0
1610.7422877305742,82.0,8.0,0.0,2.0,0.0,35.0
1610.7430194378912,82.0,8.0,0.0,2.0,0.0,35.0
1611.0430194378912,82.0,8.0,0.0,2.0,0.0,35.0
1611.0437511452083,82.0,8.0,0.0,2.0,0.0,35.0
1611.3437511452082,82.0,8.0,0.0,2.0,0.0,35.0
1611.3444828525253,82.0,8.0,0.0,2.0,0.0,35.0
1611.6444828525252,82.0,8.0,0.0,2.0,0.0,35.0
1611.6452145598423,82.0,8.0,0.0,2.0,0.0,35.0
1611.9452145598423,82.0,8.0,0.0,2.0,0.0,35.0
1611.9459462671593,82.0,8.0,0.0,2.0,0.0,35.0
1612.2459462671593,82.0,8.0,0.0,2.0,0.0,35.0
1612.2466779744764,82.0,8.0,0.0,2.0,0.0,35.0
1612.5466779744763,82.0,8.0,0.0,2.0,0.0,35.0
1612.5474096817934,82.0,8.0,0.0,2.0,0.0,35.0
1612.8474096817934,82.0,8.0,0.0,2.0,0.0,35.0
1612.8481413891104,82.0,8.0,0.0,2.0,0.0,35.0
1613.1481413891104,82.0,8.0,0.0,2.0,0.0,35.0
1613.1488730964275,82.0,8.0,0.0,2.0,0.0,35.0
1613.4488730964274,82.0,8.0,0.0,2.0,0.0,35.0
1613.4496048037445,82.0,8.0,0.0,2.0,0.0,35.0
1613.7496048037444,82.0,8.0,0.0,2.0,0.0,35.0
1613.7503365110615,82.0,8.0,0.0,2.0,0.0,35.0
1614.0503365110615,82.0,8.0,0.0,2.0,0.0,35.0
1614.0510682183785,82.0,8.0,0.0,2.0,0.0,35.0
1614.3510682183785,82.0,8.0,0.0,2.0,0.0,35.0
1614.3517999256956,82.0,8.0,0.0,2.0,0.0,35.0
1614.6517999256955,82.0,8.0,0.0,2.0,0.0,35.0
1614.6525316330126,82.0,8.0,0.0,2.0,0.0,35.0
1614.9525316330125,82.0,8.0,0.0,2.0,0.0,35.0
1614.9532633403296,82.0,8.0,0.0,2.0,0.0,35.0
1615.2532633403296,82.0,8.0,0.0,2.0,0.0,35.0
1615.2539950476466,82.0,8.0,0.0,2.0,0.0,35.0
1615.5539950476466,82.0,8.0,0.0,2.0,0.0,35.0
1615.5547267549637,82.0,8.0,0.0,2.0,0.0,35.0
1615.8547267549636,82.0,8.0,0.0,2.0,0.0,35.0
1615.8554584622807,82.0,8.0,0.0,2.0,0.0,35.0
1616.1554584622806,82.0,8.0,0.0,2.0,0.0,35.0
1616.1561901695977,82.0,8.0,0.0,2.0,0.0,35.0
1616.4561901695977,82.0,8.0,0.0,2.0,0.0,35.0
1616.4569218769147,83.0,8.0,0.0,2.0,0.0,35.0
1616.7569218769147,83.0,8.0,0.0,2.0,0.0,35.0
1616.757644768481,83.0,8.0,0.0,2.0,0.0,35.0
1617.057644768481,83.0,8.0,0.0,2.0,0.0,35.0
1617.0583676600472,83.0,8.0,0.0,2.0,0.0,35.0
1617.3583676600472,83.0,8.0,0.0,2.0,0.0,35.0
1617.3590905516135,83.0,8.0,0.0,2.0,0.0,35.0
1617.6590905516134,83.0,8.0,0.0,2.0,0.0,35.0
1617.6598134431797,83.0,8.0,0.0,2.0,0.0,35.0
1617.9598134431797,83.0,8.0,0.0,2.0,0.0,35.0
1617.960536334746,83.0,8.0,0.0,2.0,0.0,35.0
1618.260536334746,83.0,8.0,0.0,2.0,0.0,35.0
1618.2612592263122,83.0,8.0,0.0,2.0,0.0,35.0
1618.5612592263121,83.0,8.0,0.0,2.0,0.0,35.0
1618.5619821178784,83.0,7.0,0.0,2.0,0.0,35.0
1618.8619821178784,83.0,7.0,0.0,2.0,0.0,35.0
1618.8627050094447,83.0,7.0,0.0,7.0,0.0,35.0
1619.1627050094446,83.0,7.0,0.0,7.0,0.0,35.0
1619.163427901011,83.0,7.0,0.0,7.0,0.0,35.0
1619.4634279010108,83.0,7.0,0.0,7.0,0.0,35.0
1619.4641507925771,83.0,7.0,0.0,7.0,0.0,35.0
1619.764150792577,83.0,7.0,0.0,7.0,0.0,35.0
1619.7648736841434,83.0,7.0,0.0,7.0,0.0,35.0
1620.0648736841433,83.0,7.0,0.0,7.0,0.0,35.0
1620.0655965757096,83.0,7.0,0.0,7.0,0.0,35.0
1620.3655965757096,83.0,7.0,0.0,7.0,0.0,35.0
1620.3663194672758,83.0,7.0,0.0,7.0,0.0,35.0
1620.6663194672758,83.0,7.0,0.0,7.0,0.0,35.0
1620.667042358842,83.0,7.0,0.0,7.0,0.0,35.0
1620.967042358842,83.0,7.0,0.0,7.0,0.0,35.0
1620.9677652504083,83.0,7.0,0.0,7.0,0.0,35.0
1621.2677652504083,83.0,7.0,0.0,7.0,0.0,35.0
1621.2684881419746,83.0,7.0,0.0,7.0,0.0,35.0
1621.5684881419745,83.0,7.0,0.0,7.0,0.0,35.0
1621.5692110335408,83.0,7.0,0.0,7.0,0.0,35.0
1621.8692110335408,83.0,7.0,0.0,7.0,0.0,35.0
1621.869933925107,83.0,7.0,0.0,7.0,0.0,35.0
1622.169933925107,83.0,7.0,0.0,7.0,0.0,35.0
1622.1706568166733,83.0,7.0,0.0,7.0,0.0,35.0
1622.4706568166732,83.0,7.0,0.0,7.0,0.0,35.0
1622.4713797082395,83.0,7.0,0.0,7.0,0.0,35.0
1622.7713797082395,83.0,7.0,0.0,7.0,0.0,35.0
1622.7721025998057,83.0,7.0,0.0,7.0,0.0,35.0
1623.0721025998057,83.0,7.0,0.0,7.0,0.0,35.0
1623.072825491372,83.0,7.0,0.0,7.0,0.0,35.0
1623.372825491372,83.0,7.0,0.0,7.0,0.0,35.0
1623.3735483829382,83.0,7.0,0.0,7.0,0.0,35.0
1623.6735483829382,83.0,7.0,0.0,7.0,0.0,35.0
1623.6742712745045,83.0,7.0,0.0,7.0,0.0,35.0
1623.9742712745044,83.0,7.0,0.0,7.0,0.0,35.0
1623.9749941660707,83.0,7.0,0.0,7.0,0.0,35.0
1624.2749941660707,83.0,7.0,0.0,7.0,0.0,35.0
1624.275717057637,83.0,7.0,0.0,7.0,0.0,35.0
1624.575717057637,83.0,7.0,0.0,7.0,0.0,35.0
1624.5764399492032,83.0,7.0,0.0,7.0,0.0,35.0
1624.8764399492031,83.0,7.0,0.0,7.0,0.0,35.0
1624.8771628407694,83.0,7.0,0.0,7.0,0.0,35.0
1625.1771628407694,83.0,7.0,0.0,7.0,0.0,35.0
1625.1778857323357,83.0,7.0,0.0,7.0,0.0,35.0
1625.4778857323356,83.0,7.0,0.0,7.0,0.0,35.0
1625.478608623902,83.0,7.0,0.0,7.0,0.0,35.0
1625.7786086239018,83.0,7.0,0.0,7.0,0.0,35.0
1625.7793315154681,83.0,7.0,0.0,7.0,0.0,35.0
1626.079331515468,83.0,7.0,0.0,7.0,0.0,35.0
1626.0800544070344,83.0,7.0,0.0,7.0,0.0,35.0
1626.3800544070343,83.0,7.0,0.0,7.0,0.0,35.0
1626.3807772986006,83.0,7.0,0.0,7.0,0.0,35.0
1626.6807772986006,83.0,7.0,0.0,7.0,0.0,35.0
1626.6815001901668,83.0,7.0,0.0,7.0,0.0,35.0
1626.9815001901668,83.0,7.0,0.0,7.0,0.0,35.0
1626.982223081733,83.0,7.0,0.0,7.0,0.0,35.0
1627.282223081733,83.0,7.0,0.0,7.0,0.0,35.0
1627.2829459732993,83.0,7.0,0.0,7.0,0.0,35.0
1627.5829459732993,83.0,7.0,0.0,7.0,0.0,35.0
1627.5836688648656,83.0,7.0,0.0,7.0,0.0,35.0
1627.8836688648655,83.0,7.0,0.0,7.0,0.0,35.0
1627.8843917564318,83.0,7.0,0.0,5.0,0.0,36.0
1628.1843917564318,83.0,7.0,0.0,5.0,0.0,36.0
1628.185114647998,83.0,7.0,0.0,5.0,0.0,36.0
1628.485114647998,83.0,7.0,0.0,5.0,0.0,36.0
1628.4858375395643,83.0,7.0,0.0,5.0,0.0,36.0
1628.7858375395642,83.0,7.0,0.0,5.0,0.0,36.0
1628.7865604311305,83.0,7.0,0.0,5.0,0.0,36.0
1629.0865604311305,83.0,7.0,0.0,5.0,0.0,36.0
1629.0872833226967,83.0,7.0,0.0,5.0,0.0,36.0
1629.3872833226967,83.0,7.0,0.0,5.0,0.0,36.0
1629.388006214263,83.0,7.0,0.0,5.0,0.0,36.0
1629.688006214263,83.0,7.0,0.0,5.0,0.0,36.0
1629.6887291058292,83.0,7.0,0.0,5.0,0.0,36.0
1629.9887291058292,83.0,7.0,0.0,5.0,0.0,36.0
1629.9894519973955,83.0,7.0,0.0,5.0,0.0,36.0
1630.2894519973954,83.0,7.0,0.0,5.0,0.0,36.0
1630.2901748889617,83.0,7.0,0.0,5.0,0.0,36.0
1630.5901748889617,83.0,7.0,0.0,5.0,0.0,36.0
1630.590897780528,83.0,7.0,0.0,5.0,0.0,36.0
1630.890897780528,83.0,7.0,0.0,5.0,0.0,36.0
1630.8916206720942,83.0,7.0,0.0,5.0,0.0,36.0
1631.1916206720941,83.0,7.0,0.0,5.0,0.0,36.0
1631.1923435636604,83.0,7.0,0.0,5.0,0.0,36.0
1631.4923435636604,83.0,7.0,0.0,5.0,0.0,36.0
1631.4930664552267,83.0,7.0,0.0,5.0,0.0,36.0
1631.7930664552266,83.0,7.0,0.0,5.0,0.0,36.0
1631.793789346793,83.0,7.0,0.0,5.0,0.0,36.0
1632.0937893467928,83.0,7.0,0.0,5.0,0.0,36.0
1632.0945122383591,83.0,7.0,0.0,5.0,0.0,36.0
1632.394512238359,83.0,7.0,0.0,5.0,0.0,36.0
1632.3952351299254,83.0,7.0,0.0,5.0,0.0,36.0
1632.6952351299253,83.0,7.0,0.0,5.0,0.0,36.0
1632.6959580214916,83.0,7.0,0.0,5.0,0.0,36.0
1632.9959580214916,83.0,7.0,0.0,5.0,0.0,36.0
1632.9966809130578,83.0,7.0,0.0,5.0,0.0,36.0
1633.2966809130578,83.0,7.0,0.0,5.0,0.0,36.0
1633.297403804624,83.0,7.0,0.0,5.0,0.0,36.0
1633.597403804624,83.0,7.0,0.0,5.0,0.0,36.0
1633.5981266961903,83.0,7.0,0.0,5.0,0.0,36.0
1633.8981266961903,83.0,7.0,0.0,5.0,0.0,36.0
1633.8988495877566,83.0,7.0,0.0,5.0,0.0,36.0
1634.1988495877565,83.0,7.0,0.0,5.0,0.0,36.0
1634.1995724793228,83.0,7.0,0.0,5.0,0.0,35.0
1634.4995724793228,83.0,7.0,0.0,5.0,0.0,35.0
1634.500295370889,83.0,7.0,0.0,5.0,0.0,35.0
1634.800295370889,83.0,7.0,0.0,5.0,0.0,35.0
1634.8010182624553,83.0,7.0,0.0,5.0,0.0,35.0
1635.1010182624552,83.0,7.0,0.0,5.0,0.0,35.0
1635.1017411540215,83.0,7.0,0.0,5.0,0.0,35.0
1635.4017411540215,83.0,7.0,0.0,5.0,0.0,35.0
1635.4024640455877,83.0,7.0,0.0,5.0,0.0,35.0
1635.7024640455877,83.0,7.0,0.0,5.0,0.0,35.0
1635.703186937154,83.0,7.0,0.0,5.0,0.0,35.0
1636.003186937154,83.0,7.0,0.0,5.0,0.0,35.0
1636.0039098287202,83.0,7.0,0.0,5.0,0.0,35.0
1636.3039098287202,83.0,7.0,0.0,5.0,0.0,35.0
1636.3046327202865,83.0,7.0,0.0,5.0,0.0,35.0
1636.6046327202864,83.0,7.0,0.0,5.0,0.0,35.0
1636.6053556118527,83.0,7.0,0.0,5.0,0.0,35.0
1636.9053556118527,83.0,7.0,0.0,5.0,0.0,35.0
1636.906078503419,83.0,7.0,0.0,5.0,0.0,35.0
1637.206078503419,83.0,7.0,0.0,5.0,0.0,35.0
1637.2068013949852,83.0,7.0,0.0,5.0,0.0,35.0
1637.5068013949851,83.0,7.0,0.0,5.0,0.0,35.0
1637.5075242865514,83.0,7.0,0.0,5.0,0.0,35.0
1637.8075242865514,83.0,7.0,0.0,5.0,0.0,35.0
1637.8082471781177,83.0,7.0,0.0,5.0,0.0,35.0
1638.1082471781176,83.0,7.0,0.0,5.0,0.0,35.0
1638.108970069684,83.0,7.0,0.0,5.0,0.0,35.0
1638.4089700696838,83.0,7.0,0.0,5.0,0.0,35.0
1638.4096929612501,83.0,7.0,0.0,5.0,0.0,35.0
1638.70969296125,83.0,7.0,0.0,5.0,0.0,35.0
1638.7104158528164,83.0,7.0,0.0,5.0,0.0,35.0
1639.0104158528163,83.0,7.0,0.0,5.0,0.0,35.0
1639.0111387443826,83.0,7.0,0.0,5.0,0.0,35.0
1639.3111387443826,83.0,7.0,0.0,5.0,0.0,35.0
1639.3118616359488,83.0,7.0,0.0,5.0,0.0,35.0
1639.6118616359488,83.0,7.0,0.0,5.0,0.0,35.0
1639.612584527515,83.0,7.0,0.0,5.0,0.0,35.0
1639.912584527515,83.0,7.0,0.0,5.0,0.0,35.0
1639.9133074190813,83.0,7.0,0.0,5.0,0.0,35.0
1640.2133074190813,83.0,7.0,0.0,5.0,0.0,35.0
1640.2140303106476,83.0,7.0,0.0,5.0,0.0,35.0
1640.5140303106475,83.0,7.0,0.0,5.0,0.0,35.0
1640.5147532022138,83.0,7.0,0.0,5.0,0.0,35.0
1640.8147532022138,83.0,7.0,0.0,5.0,0.0,35.0
1640.81547609378,83.0,7.0,0.0,5.0,0.0,35.0
1641.11547609378,83.0,7.0,0.0,5.0,0.0,35.0
1641.1161989853463,83.0,7.0,0.0,5.0,0.0,35.0
1641.4161989853462,83.0,7.0,0.0,5.0,0.0,35.0
1641.4169218769125,83.0,7.0,0.0,5.0,0.0,35.0
1641.7169218769125,83.0,7.0,0.0,5.0,0.0,35.0
1641.7176447684787,83.0,7.0,0.0,5.0,0.0,35.0
1642.0176447684787,83.0,7.0,0.0,5.0,0.0,35.0
1642.018367660045,83.0,7.0,0.0,5.0,0.0,35.0
1642.318367660045,83.0,7.0,0.0,5.0,0.0,35.0
1642.3190905516112,83.0,7.0,0.0,5.0,0.0,35.0
1642.6190905516112,83.0,7.0,0.0,5.0,0.0,35.0
1642.6198134431775,83.0,7.0,0.0,5.0,0.0,35.0
1642.9198134431774,83.0,7.0,0.0,5.0,0.0,35.0
1642.9205363347437,83.0,7.0,0.0,5.0,0.0,35.0
1643.2205363347437,83.0,7.0,0.0,5.0,0.0,35.0
1643.22125922631,83.0,7.0,0.0,5.0,0.0,35.0
1643.52125922631,83.0,7.0,0.0,5.0,0.0,35.0
1643.5219821178762,83.0,7.0,0.0,5.0,0.0,35.0
1643.8219821178761,83.0,7.0,0.0,5.0,0.0,35.0
1643.8227050094424,83.0,7.0,0.0,5.0,0.0,35.0
1644.1227050094424,83.0,7.0,0.0,5.0,0.0,35.0
1644.1234279010087,83.0,7.0,0.0,5.0,0.0,35.0
1644.4234279010086,83.0,7.0,0.0,5.0,0.0,35.0
1644.424150792575,83.0,7.0,0.0,5.0,0.0,35.0
1644.7241507925748,83.0,7.0,0.0,5.0,0.0,35.0
1644.7248736841411,83.0,7.0,0.0,5.0,0.0,35.0
1645.024873684141,83.0,7.0,0.0,5.0,0.0,35.0
1645.0255965757074,83.0,7.0,0.0,5.0,0.0,35.0
1645.3255965757073,83.0,7.0,0.0,5.0,0.0,35.0
1645.3263194672736,83.0,7.0,0.0,5.0,0.0,35.0
1645.6263194672736,83.0,7.0,0.0,5.0,0.0,35.0
1645.6270423588398,83.0,7.0,0.0,5.0,0.0,35.0
1645.9270423588398,83.0,7.0,0.0,5.0,0.0,35.0
1645.927765250406,83.0,7.0,0.0,5.0,0.0,35.0
1646.227765250406,83.0,7.0,0.0,5.0,0.0,35.0
1646.2284881419723,83.0,7.0,0.0,5.0,0.0,35.0
1646.5284881419723,83.0,7.0,0.0,5.0,0.0,35.0
1646.5292110335386,83.0,7.0,0.0,5.0,0.0,35.0
1646.8292110335385,83.0,7.0,0.0,5.0,0.0,35.0
1646.8299339251048,83.0,7.0,0.0,5.0,0.0,35.0
1647.1299339251048,83.0,7.0,0.0,5.0,0.0,35.0
1647.130656816671,83.0,7.0,0.0,5.0,0.0,35.0
1647.430656816671,83.0,7.0,0.0,5.0,0.0,35.0
1647.4313797082373,83.0,7.0,0.0,5.0,0.0,35.0
1647.7313797082372,83.0,7.0,0.0,5.0,0.0,35.0
1647.7321025998035,83.0,7.0,0.0,5.0,0.0,35.0
1648.0321025998035,83.0,7.0,0.0,5.0,0.0,35.0
1648.0328254913697,84.0,7.0,0.0,5.0,0.0,35.0
1648.3328254913697,84.0,7.0,0.0,5.0,0.0,35.0
1648.333539777084,84.0,7.0,0.0,5.0,0.0,35.0
1648.633539777084,84.0,7.0,0.0,5.0,0.0,35.0
1648.6342540627984,84.0,7.0,0.0,5.0,0.0,35.0
1648.9342540627983,84.0,7.0,0.0,5.0,0.0,35.0
1648.9349683485127,84.0,7.0,0.0,5.0,0.0,35.0
1649.2349683485127,84.0,7.0,0.0,5.0,0.0,35.0
1649.235682634227,84.0,7.0,0.0,5.0,0.0,35.0
1649.535682634227,84.0,7.0,0.0,5.0,0.0,35.0
1649.5363969199414,84.0,7.0,0.0,5.0,0.0,35.0
1649.8363969199413,84.0,7.0,0.0,5.0,0.0,35.0
1649.8371112056557,84.0,7.0,0.0,5.0,0.0,35.0
1650.1371112056556,84.0,7.0,0.0,5.0,0.0,35.0
1650.13782549137,84.0,7.0,0.0,5.0,0.0,35.0
1650.43782549137,84.0,7.0,0.0,5.0,0.0,35.0
1650.4385397770843,84.0,7.0,0.0,5.0,0.0,35.0
1650.7385397770843,84.0,7.0,0.0,5.0,0.0,35.0
1650.7392540627986,84.0,7.0,0.0,5.0,0.0,35.0
1651.0392540627986,84.0,7.0,0.0,5.0,0.0,35.0
1651.039968348513,84.0,7.0,0.0,5.0,0.0,35.0
1651.339968348513,84.0,7.0,0.0,5.0,0.0,35.0
1651.3406826342273,84.0,7.0,0.0,5.0,0.0,35.0
1651.6406826342272,84.0,7.0,0.0,5.0,0.0,35.0
1651.6413969199416,84.0,7.0,0.0,5.0,0.0,35.0
1651.9413969199416,84.0,7.0,0.0,5.0,0.0,35.0
1651.942111205656,84.0,7.0,0.0,5.0,0.0,35.0
1652.2421112056559,84.0,7.0,0.0,5.0,0.0,35.0
1652.2428254913702,84.0,7.0,0.0,5.0,0.0,35.0
1652.5428254913702,84.0,7.0,0.0,5.0,0.0,35.0
1652.5435397770846,84.0,7.0,0.0,5.0,0.0,35.0
1652.8435397770845,84.0,7.0,0.0,5.0,0.0,35.0
1652.8442540627989,84.0,7.0,0.0,5.0,0.0,35.0
1653.1442540627988,84.0,7.0,0.0,5.0,0.0,35.0
1653.1449683485132,84.0,7.0,0.0,3.0,0.0,36.0
1653.4449683485132,84.0,7.0,0.0,3.0,0.0,36.0
1653.4456826342275,84.0,7.0,0.0,3.0,0.0,36.0
1653.7456826342275,84.0,7.0,0.0,3.0,0.0,36.0
1653.7463969199418,84.0,7.0,0.0,3.0,0.0,36.0
1654.0463969199418,84.0,7.0,0.0,3.0,0.0,36.0
1654.0471112056562,84.0,7.0,0.0,3.0,0.0,36.0
1654.3471112056561,84.0,7.0,0.0,3.0,0.0,36.0
1654.3478254913705,84.0,7.0,0.0,3.0,0.0,36.0
1654.6478254913704,84.0,7.0,0.0,3.0,0.0,36.0
1654.6485397770848,84.0,7.0,0.0,3.0,0.0,36.0
1654.9485397770848,84.0,7.0,0.0,3.0,0.0,36.0
1654.9492540627991,84.0,7.0,0.0,3.0,0.0,36.0
1655.249254062799,84.0,7.0,0.0,3.0,0.0,36.0
1655.2499683485134,84.0,7.0,0.0,3.0,0.0,36.0
1655.5499683485134,84.0,7.0,0.0,3.0,0.0,36.0
1655.5506826342278,84.0,7.0,0.0,3.0,0.0,36.0
1655.8506826342277,84.0,7.0,0.0,3.0,0.0,36.0
1655.851396919942,84.0,7.0,0.0,3.0,0.0,36.0
1656.151396919942,84.0,7.0,0.0,3.0,0.0,36.0
1656.1521112056564,84.0,7.0,0.0,3.0,0.0,36.0
1656.4521112056564,84.0,7.0,0.0,3.0,0.0,36.0
1656.4528254913707,84.0,7.0,0.0,3.0,0.0,36.0
1656.7528254913707,84.0,7.0,0.0,3.0,0.0,36.0
1656.753539777085,84.0,7.0,0.0,3.0,0.0,36.0
1657.053539777085,84.0,7.0,0.0,3.0,0.0,36.0
1657.0542540627994,84.0,7.0,0.0,3.0,0.0,36.0
1657.3542540627993,84.0,7.0,0.0,3.0,0.0,36.0
1657.3549683485137,84.0,7.0,0.0,3.0,0.0,36.0
1657.6549683485136,84.0,7.0,0.0,3.0,0.0,36.0
1657.655682634228,84.0,7.0,0.0,3.0,0.0,36.0
1657.955682634228,84.0,7.0,0.0,3.0,0.0,36.0
1657.9563969199423,84.0,7.0,0.0,3.0,0.0,36.0
1658.2563969199423,84.0,7.0,0.0,3.0,0.0,36.0
1658.2571112056567,84.0,7.0,0.0,3.0,0.0,36.0
1658.5571112056566,84.0,7.0,0.0,3.0,0.0,36.0
1658.557825491371,84.0,7.0,0.0,3.0,0.0,36.0
1658.857825491371,84.0,7.0,0.0,3.0,0.0,36.0
1658.8585397770853,84.0,7.0,0.0,3.0,0.0,36.0
1659.1585397770853,84.0,7.0,0.0,3.0,0.0,36.0
1659.1592540627996,84.0,7.0,0.0,3.0,0.0,36.0
1659.4592540627996,84.0,7.0,0.0,3.0,0.0,36.0
1659.459968348514,84.0,7.0,0.0,3.0,0.0,36.0
1659.759968348514,84.0,7.0,0.0,3.0,0.0,36.0
1659.7606826342283,84.0,7.0,0.0,3.0,0.0,36.0
1660.0606826342282,84.0,7.0,0.0,3.0,0.0,36.0
1660.0613969199426,84.0,7.0,0.0,3.0,0.0,36.0
1660.3613969199425,84.0,7.0,0.0,3.0,0.0,36.0
1660.362111205657,84.0,7.0,0.0,3.0,0.0,36.0
1660.6621112056569,84.0,7.0,0.0,3.0,0.0,36.0
1660.6628254913712,84.0,7.0,0.0,3.0,0.0,36.0
1660.9628254913712,84.0,7.0,0.0,3.0,0.0,36.0
1660.9635397770855,84.0,7.0,0.0,3.0,0.0,36.0
1661.2635397770855,84.0,7.0,0.0,3.0,0.0,36.0
1661.2642540627999,84.0,7.0,0.0,3.0,0.0,36.0
1661.5642540627998,84.0,7.0,0.0,3.0,0.0,36.0
1661.5649683485142,84.0,7.0,0.0,3.0,0.0,36.0
1661.8649683485141,84.0,7.0,0.0,3.0,0.0,36.0
1661.8656826342285,84.0,7.0,0.0,3.0,0.0,36.0
1662.1656826342285,84.0,7.0,0.0,3.0,0.0,36.0
1662.1663969199428,84.0,7.0,0.0,3.0,0.0,36.0
1662.4663969199428,84.0,7.0,0.0,3.0,0.0,36.0
1662.4671112056571,84.0,7.0,0.0,3.0,0.0,36.0
1662.767111205657,84.0,7.0,0.0,3.0,0.0,36.0
1662.7678254913715,84.0,7.0,0.0,3.0,0.0,36.0
1663.0678254913714,84.0,7.0,0.0,3.0,0.0,36.0
1663.0685397770858,84.0,7.0,0.0,3.0,0.0,36.0
1663.3685397770857,84.0,7.0,0.0,3.0,0.0,36.0
1663.3692540628,84.0,7.0,0.0,3.0,0.0,36.0
1663.6692540628,84.0,7.0,0.0,3.0,0.0,36.0
1663.6699683485144,84.0,7.0,0.0,3.0,0.0,36.0
1663.9699683485144,84.0,7.0,0.0,3.0,0.0,36.0
1663.9706826342288,84.0,7.0,0.0,3.0,0.0,36.0
1664.2706826342287,84.0,7.0,0.0,3.0,0.0,36.0
1664.271396919943,84.0,7.0,0.0,3.0,0.0,36.0
1664.571396919943,84.0,7.0,0.0,3.0,0.0,36.0
1664.5721112056574,84.0,7.0,0.0,3.0,0.0,36.0
1664.8721112056573,84.0,7.0,0.0,3.0,0.0,36.0
1664.8728254913717,84.0,7.0,0.0,3.0,0.0,36.0
1665.1728254913717,84.0,7.0,0.0,3.0,0.0,36.0
1665.173539777086,84.0,7.0,0.0,3.0,0.0,36.0
1665.473539777086,84.0,7.0,0.0,3.0,0.0,36.0
1665.4742540628004,84.0,7.0,0.0,3.0,0.0,36.0
1665.7742540628003,84.0,7.0,0.0,3.0,0.0,36.0
1665.7749683485147,84.0,7.0,0.0,3.0,0.0,36.0
1666.0749683485146,84.0,7.0,0.0,3.0,0.0,36.0
1666.075682634229,84.0,7.0,0.0,3.0,0.0,36.0
1666.375682634229,84.0,7.0,0.0,3.0,0.0,36.0
1666.3763969199433,84.0,7.0,0.0,3.0,0.0,36.0
1666.6763969199433,84.0,7.0,0.0,3.0,0.0,36.0
1666.6771112056576,85.0,7.0,0.0,3.0,0.0,36.0
1666.9771112056576,85.0,7.0,0.0,3.0,0.0,36.0
1666.9778170880106,85.0,7.0,0.0,3.0,0.0,36.0
1667.2778170880106,85.0,7.0,0.0,3.0,0.0,36.0
1667.2785229703636,85.0,7.0,0.0,3.0,0.0,36.0
1667.5785229703636,85.0,7.0,0.0,3.0,0.0,36.0
1667.5792288527166,85.0,7.0,0.0,3.0,0.0,36.0
1667.8792288527166,85.0,7.0,0.0,3.0,0.0,36.0
1667.8799347350696,85.0,7.0,0.0,3.0,0.0,36.0
1668.1799347350695,85.0,7.0,0.0,3.0,0.0,36.0
1668.1806406174226,85.0,7.0,0.0,3.0,0.0,36.0
1668.4806406174225,85.0,7.0,0.0,3.0,0.0,36.0
1668.4813464997756,85.0,7.0,0.0,3.0,0.0,36.0
1668.7813464997755,85.0,7.0,0.0,3.0,0.0,36.0
1668.7820523821285,85.0,7.0,0.0,3.0,0.0,36.0
1669.0820523821285,85.0,7.0,0.0,3.0,0.0,36.0
1669.0827582644815,85.0,7.0,0.0,3.0,0.0,36.0
1669.3827582644815,85.0,7.0,0.0,3.0,0.0,36.0
1669.3834641468345,85.0,7.0,0.0,3.0,0.0,36.0
1669.6834641468345,85.0,7.0,0.0,3.0,0.0,36.0
1669.6841700291875,85.0,7.0,0.0,3.0,0.0,36.0
1669.9841700291875,85.0,7.0,0.0,3.0,0.0,36.0
1669.9848759115405,85.0,7.0,0.0,3.0,0.0,36.0
1670.2848759115404,85.0,7.0,0.0,3.0,0.0,36.0
1670.2855817938935,85.0,7.0,0.0,3.0,0.0,36.0
1670.5855817938934,85.0,7.0,0.0,3.0,0.0,36.0
1670.5862876762465,85.0,7.0,0.0,3.0,0.0,36.0
1670.8862876762464,85.0,7.0,0.0,3.0,0.0,36.0
1670.8869935585994,85.0,7.0,0.0,3.0,0.0,36.0
1671.1869935585994,85.0,7.0,0.0,3.0,0.0,36.0
1671.1876994409524,85.0,7.0,0.0,3.0,0.0,36.0
1671.4876994409524,85.0,7.0,0.0,3.0,0.0,36.0
1671.4884053233054,85.0,7.0,0.0,3.0,0.0,36.0
1671.7884053233054,85.0,7.0,0.0,3.0,0.0,36.0
1671.7891112056584,85.0,7.0,0.0,3.0,0.0,36.0
1672.0891112056584,85.0,7.0,0.0,3.0,0.0,36.0
1672.0898170880114,85.0,7.0,0.0,3.0,0.0,36.0
1672.3898170880113,85.0,7.0,0.0,3.0,0.0,36.0
1672.3905229703644,85.0,7.0,0.0,3.0,0.0,36.0
1672.6905229703643,85.0,7.0,0.0,3.0,0.0,36.0
1672.6912288527174,85.0,7.0,0.0,3.0,0.0,36.0
1672.9912288527173,85.0,7.0,0.0,3.0,0.0,36.0
1672.9919347350703,85.0,7.0,0.0,3.0,0.0,36.0
1673.2919347350703,85.0,7.0,0.0,3.0,0.0,36.0
1673.2926406174233,85.0,7.0,0.0,3.0,0.0,36.0
1673.5926406174233,85.0,7.0,0.0,3.0,0.0,36.0
1673.5933464997763,85.0,7.0,0.0,3.0,0.0,36.0
1673.8933464997763,85.0,7.0,0.0,3.0,0.0,36.0
1673.8940523821293,85.0,7.0,0.0,3.0,0.0,36.0
1674.1940523821293,85.0,7.0,0.0,3.0,0.0,36.0
1674.1947582644823,85.0,7.0,0.0,3.0,0.0,36.0
1674.4947582644822,85.0,7.0,0.0,3.0,0.0,36.0
1674.4954641468353,85.0,7.0,0.0,3.0,0.0,36.0
1674.7954641468352,85.0,7.0,0.0,3.0,0.0,36.0
1674.7961700291883,85.0,7.0,0.0,3.0,0.0,36.0
1675.0961700291882,85.0,7.0,0.0,3.0,0.0,36.0
1675.0968759115412,85.0,7.0,0.0,3.0,0.0,36.0
1675.3968759115412,85.0,7.0,0.0,3.0,0.0,36.0
1675.3975817938942,86.0,7.0,0.0,3.0,0.0,36.0
1675.6975817938942,86.0,7.0,0.0,3.0,0.0,36.0
1675.6982794683129,86.0,7.0,0.0,3.0,0.0,36.0
1675.9982794683128,86.0,7.0,0.0,3.0,0.0,36.0
1675.9989771427315,86.0,7.0,0.0,3.0,0.0,36.0
1676.2989771427315,86.0,7.0,0.0,3.0,0.0,36.0
1676.2996748171502,86.0,7.0,0.0,3.0,0.0,36.0
1676.5996748171501,86.0,7.0,0.0,3.0,0.0,36.0
1676.6003724915688,86.0,7.0,0.0,3.0,0.0,36.0
1676.9003724915688,86.0,7.0,0.0,3.0,0.0,36.0
1676.9010701659874,86.0,7.0,0.0,3.0,0.0,36.0
1677.2010701659874,86.0,7.0,0.0,3.0,0.0,36.0
1677.201767840406,86.0,7.0,0.0,3.0,0.0,36.0
1677.501767840406,86.0,7.0,0.0,3.0,0.0,36.0
1677.5024655148247,86.0,7.0,0.0,3.0,0.0,36.0
1677.8024655148247,86.0,7.0,0.0,3.0,0.0,36.0
1677.8031631892434,86.0,7.0,0.0,3.0,0.0,36.0
1678.1031631892433,86.0,7.0,0.0,3.0,0.0,36.0
1678.103860863662,86.0,7.0,0.0,3.0,0.0,36.0
1678.403860863662,86.0,7.0,0.0,3.0,0.0,36.0
1678.4045585380807,86.0,7.0,0.0,3.0,0.0,36.0
1678.7045585380806,86.0,7.0,0.0,3.0,0.0,36.0
1678.7052562124993,86.0,7.0,0.0,3.0,0.0,36.0
1679.0052562124993,86.0,7.0,0.0,3.0,0.0,36.0
1679.005953886918,86.0,7.0,0.0,3.0,0.0,36.0
1679.305953886918,86.0,7.0,0.0,3.0,0.0,36.0
1679.3066515613366,86.0,7.0,0.0,3.0,0.0,36.0
1679.6066515613365,86.0,7.0,0.0,3.0,0.0,36.0
1679.6073492357552,86.0,7.0,0.0,3.0,0.0,36.0
1679.9073492357552,86.0,7.0,0.0,3.0,0.0,36.0
1679.9080469101739,86.0,7.0,0.0,3.0,0.0,36.0
1680.2080469101738,86.0,7.0,0.0,3.0,0.0,36.0
1680.2087445845925,86.0,7.0,0.0,3.0,0.0,36.0
1680.5087445845925,86.0,7.0,0.0,3.0,0.0,36.0
1680.5094422590112,86.0,7.0,0.0,3.0,0.0,36.0
1680.8094422590111,86.0,7.0,0.0,3.0,0.0,36.0
1680.8101399334298,86.0,7.0,0.0,3.0,0.0,36.0
1681.1101399334298,86.0,7.0,0.0,3.0,0.0,36.0
1681.1108376078485,86.0,7.0,0.0,3.0,0.0,36.0
1681.4108376078484,86.0,7.0,0.0,3.0,0.0,36.0
1681.411535282267,86.0,7.0,0.0,3.0,0.0,36.0
1681.711535282267,86.0,7.0,0.0,3.0,0.0,36.0
1681.7122329566857,86.0,7.0,0.0,3.0,0.0,36.0
1682.0122329566857,86.0,7.0,0.0,3.0,0.0,36.0
1682.0129306311044,86.0,7.0,0.0,3.0,0.0,36.0
1682.3129306311043,86.0,7.0,0.0,3.0,0.0,36.0
1682.313628305523,86.0,7.0,0.0,3.0,0.0,36.0
1682.613628305523,86.0,7.0,0.0,3.0,0.0,36.0
1682.6143259799417,86.0,7.0,0.0,3.0,0.0,36.0
1682.9143259799416,86.0,7.0,0.0,3.0,0.0,36.0
1682.9150236543603,86.0,7.0,0.0,3.0,0.0,36.0
1683.2150236543603,86.0,7.0,0.0,3.0,0.0,36.0
1683.215721328779,86.0,7.0,0.0,3.0,0.0,36.0
1683.515721328779,86.0,7.0,0.0,3.0,0.0,36.0
1683.5164190031976,86.0,7.0,0.0,3.0,0.0,36.0
1683.8164190031976,86.0,7.0,0.0,3.0,0.0,36.0
1683.8171166776162,86.0,7.0,0.0,3.0,0.0,36.0
1684.1171166776162,86.0,7.0,0.0,3.0,0.0,36.0
1684.1178143520349,86.0,7.0,0.0,3.0,0.0,36.0
1684.4178143520348,86.0,7.0,0.0,3.0,0.0,36.0
1684.4185120264535,86.0,7.0,0.0,3.0,0.0,36.0
1684.7185120264535,86.0,7.0,0.0,3.0,0.0,36.0
1684.7192097008722,86.0,7.0,0.0,3.0,0.0,36.0
1685.0192097008721,86.0,7.0,0.0,3.0,0.0,36.0
1685.0199073752908,86.0,7.0,0.0,3.0,0.0,36.0
1685.3199073752908,86.0,7.0,0.0,3.0,0.0,36.0
1685.3206050497095,86.0,7.0,0.0,3.0,0.0,36.0
1685.6206050497094,86.0,7.0,0.0,3.0,0.0,36.0
1685.621302724128,86.0,7.0,0.0,3.0,0.0,36.0
1685.921302724128,86.0,7.0,0.0,3.0,0.0,36.0
1685.9220003985467,86.0,7.0,0.0,3.0,0.0,36.0
1686.2220003985467,86.0,7.0,0.0,3.0,0.0,36.0
1686.2226980729654,86.0,7.0,0.0,3.0,0.0,36.0
1686.5226980729653,86.0,7.0,0.0,3.0,0.0,36.0
1686.523395747384,86.0,7.0,0.0,3.0,0.0,36.0
1686.823395747384,86.0,7.0,0.0,3.0,0.0,36.0
1686.8240934218027,86.0,7.0,0.0,3.0,0.0,36.0
1687.1240934218026,86.0,7.0,0.0,3.0,0.0,36.0
1687.1247910962213,86.0,7.0,0.0,3.0,0.0,36.0
1687.4247910962213,86.0,7.0,0.0,3.0,0.0,36.0
1687.42548877064,86.0,7.0,0.0,3.0,0.0,36.0
1687.72548877064,86.0,7.0,0.0,3.0,0.0,36.0
1687.7261864450586,86.0,7.0,0.0,3.0,0.0,36.0
1688.0261864450586,86.0,7.0,0.0,3.0,0.0,36.0
1688.0268841194772,86.0,7.0,0.0,3.0,0.0,36.0
1688.3268841194772,86.0,7.0,0.0,3.0,0.0,36.0
1688.327581793896,86.0,7.0,0.0,3.0,0.0,36.0
1688.6275817938958,86.0,7.0,0.0,3.0,0.0,36.0
1688.6282794683145,86.0,7.0,0.0,3.0,0.0,36.0
1688.9282794683145,86.0,7.0,0.0,3.0,0.0,36.0
1688.9289771427332,86.0,7.0,0.0,3.0,0.0,36.0
1689.2289771427331,86.0,7.0,0.0,3.0,0.0,36.0
1689.2296748171518,86.0,7.0,0.0,3.0,0.0,36.0
1689.5296748171518,86.0,7.0,0.0,3.0,0.0,36.0
1689.5303724915705,86.0,7.0,0.0,3.0,0.0,36.0
1689.8303724915704,86.0,7.0,0.0,3.0,0.0,36.0
1689.831070165989,86.0,7.0,0.0,3.0,0.0,36.0
1690.131070165989,86.0,7.0,0.0,3.0,0.0,36.0
1690.1317678404077,86.0,7.0,0.0,3.0,0.0,36.0
1690.4317678404077,86.0,7.0,0.0,3.0,0.0,36.0
1690.4324655148264,86.0,7.0,0.0,3.0,0.0,36.0
1690.7324655148263,86.0,7.0,0.0,3.0,0.0,36.0
1690.733163189245,86.0,7.0,0.0,3.0,0.0,36.0
1691.033163189245,86.0,7.0,0.0,3.0,0.0,36.0
1691.0338608636637,86.0,7.0,0.0,3.0,0.0,36.0
1691.3338608636636,86.0,7.0,0.0,3.0,0.0,36.0
1691.3345585380823,86.0,7.0,0.0,3.0,0.0,36.0
1691.6345585380823,86.0,7.0,0.0,3.0,0.0,36.0
1691.635256212501,86.0,7.0,0.0,3.0,0.0,36.0
1691.935256212501,86.0,7.0,0.0,3.0,0.0,36.0
1691.9359538869196,86.0,7.0,0.0,3.0,0.0,36.0
1692.2359538869196,86.0,7.0,0.0,3.0,0.0,36.0
1692.2366515613382,86.0,7.0,0.0,3.0,0.0,36.0
1692.5366515613382,86.0,7.0,0.0,3.0,0.0,36.0
1692.537349235757,86.0,7.0,0.0,3.0,0.0,36.0
1692.8373492357568,86.0,7.0,0.0,3.0,0.0,36.0
1692.8380469101755,86.0,7.0,0.0,3.0,0.0,36.0
1693.1380469101755,86.0,7.0,0.0,3.0,0.0,36.0
1693.1387445845942,86.0,7.0,0.0,3.0,0.0,36.0
1693.4387445845941,86.0,7.0,0.0,3.0,0.0,36.0
1693.4394422590128,86.0,7.0,0.0,3.0,0.0,36.0
1693.7394422590128,86.0,7.0,0.0,3.0,0.0,36.0
1693.7401399334315,86.0,7.0,0.0,3.0,0.0,36.0
1694.0401399334314,86.0,7.0,0.0,3.0,0.0,36.0
1694.04083760785,86.0,7.0,0.0,3.0,0.0,36.0
1694.34083760785,86.0,7.0,0.0,3.0,0.0,36.0
1694.3415352822688,86.0,7.0,0.0,3.0,0.0,36.0
1694.6415352822687,86.0,7.0,0.0,3.0,0.0,36.0
1694.6422329566874,86.0,7.0,0.0,3.0,0.0,36.0
1694.9422329566873,86.0,7.0,0.0,3.0,0.0,36.0
1694.942930631106,86.0,7.0,0.0,3.0,0.0,36.0
1695.242930631106,86.0,7.0,0.0,3.0,0.0,36.0
1695.2436283055247,86.0,7.0,0.0,3.0,0.0,36.0
1695.5436283055246,86.0,7.0,0.0,3.0,0.0,36.0
1695.5443259799433,86.0,7.0,0.0,3.0,0.0,36.0
1695.8443259799433,86.0,7.0,0.0,3.0,0.0,36.0
1695.845023654362,86.0,7.0,0.0,3.0,0.0,36.0
1696.145023654362,86.0,7.0,0.0,3.0,0.0,36.0
1696.1457213287806,86.0,7.0,0.0,3.0,0.0,36.0
1696.4457213287806,86.0,7.0,0.0,3.0,0.0,36.0
1696.4464190031993,86.0,7.0,0.0,3.0,0.0,36.0
1696.7464190031992,86.0,7.0,0.0,3.0,0.0,36.0
1696.747116677618,86.0,7.0,0.0,3.0,0.0,36.0
1697.0471166776179,86.0,7.0,0.0,3.0,0.0,36.0
1697.0478143520365,86.0,7.0,0.0,3.0,0.0,36.0
1697.3478143520365,86.0,7.0,0.0,3.0,0.0,36.0
1697.3485120264552,86.0,7.0,0.0,3.0,0.0,36.0
1697.6485120264551,86.0,7.0,0.0,3.0,0.0,36.0
1697.6492097008738,86.0,7.0,0.0,3.0,0.0,36.0
1697.9492097008738,86.0,7.0,0.0,3.0,0.0,36.0
1697.9499073752925,86.0,7.0,0.0,3.0,0.0,36.0
1698.2499073752924,86.0,7.0,0.0,3.0,0.0,36.0
1698.250605049711,86.0,7.0,0.0,3.0,0.0,36.0
1698.550605049711,86.0,7.0,0.0,3.0,0.0,36.0
1698.5513027241298,86.0,7.0,0.0,3.0,0.0,36.0
1698.8513027241297,86.0,7.0,0.0,3.0,0.0,36.0
1698.8520003985484,86.0,7.0,0.0,3.0,0.0,36.0
1699.1520003985484,86.0,7.0,0.0,3.0,0.0,36.0
1699.152698072967,86.0,7.0,0.0,3.0,0.0,36.0
1699.452698072967,86.0,7.0,0.0,3.0,0.0,36.0
1699.4533957473857,86.0,7.0,0.0,3.0,0.0,36.0
1699.7533957473856,86.0,7.0,0.0,3.0,0.0,36.0
1699.7540934218043,86.0,7.0,0.0,3.0,0.0,36.0
1700.0540934218043,86.0,7.0,0.0,3.0,0.0,36.0
1700.054791096223,86.0,7.0,0.0,3.0,0.0,36.0
1700.354791096223,86.0,7.0,0.0,3.0,0.0,36.0
1700.3554887706416,86.0,7.0,0.0,3.0,0.0,36.0
1700.6554887706416,86.0,7.0,0.0,3.0,0.0,36.0
1700.6561864450603,86.0,7.0,0.0,3.0,0.0,36.0
1700.9561864450602,86.0,7.0,0.0,3.0,0.0,36.0
1700.956884119479,86.0,7.0,0.0,3.0,0.0,36.0
1701.2568841194789,86.0,7.0,0.0,3.0,0.0,36.0
1701.2575817938975,86.0,7.0,0.0,3.0,0.0,36.0
1701.5575817938975,86.0,7.0,0.0,3.0,0.0,36.0
1701.5582794683162,86.0,7.0,0.0,3.0,0.0,36.0
1701.8582794683161,86.0,7.0,0.0,3.0,0.0,36.0
1701.8589771427348,86.0,7.0,0.0,3.0,0.0,36.0
1702.1589771427348,86.0,7.0,0.0,3.0,0.0,36.0
1702.1596748171535,86.0,7.0,0.0,3.0,0.0,36.0
1702.4596748171534,86.0,7.0,0.0,3.0,0.0,36.0
1702.4603724915721,86.0,7.0,0.0,3.0,0.0,36.0
1702.760372491572,86.0,7.0,0.0,3.0,0.0,36.0
1702.7610701659908,86.0,7.0,0.0,3.0,0.0,36.0
1703.0610701659907,86.0,7.0,0.0,3.0,0.0,36.0
1703.0617678404094,85.0,7.0,0.0,3.0,0.0,36.0
1703.3617678404094,85.0,7.0,0.0,3.0,0.0,36.0
1703.3624737227624,85.0,7.0,0.0,3.0,0.0,36.0
1703.6624737227623,85.0,7.0,0.0,3.0,0.0,36.0
1703.6631796051154,85.0,7.0,0.0,3.0,0.0,36.0
1703.9631796051153,85.0,7.0,0.0,3.0,0.0,36.0
1703.9638854874684,85.0,7.0,0.0,3.0,0.0,36.0
1704.2638854874683,85.0,7.0,0.0,3.0,0.0,36.0
1704.2645913698213,85.0,7.0,0.0,3.0,0.0,36.0
1704.5645913698213,85.0,7.0,0.0,3.0,0.0,36.0
1704.5652972521743,85.0,7.0,0.0,3.0,0.0,36.0
1704.8652972521743,85.0,7.0,0.0,3.0,0.0,36.0
1704.8660031345273,85.0,7.0,0.0,3.0,0.0,36.0
1705.1660031345273,85.0,7.0,0.0,3.0,0.0,36.0
1705.1667090168803,85.0,7.0,0.0,3.0,0.0,36.0
1705.4667090168803,85.0,7.0,0.0,3.0,0.0,36.0
1705.4674148992333,85.0,7.0,0.0,3.0,0.0,36.0
1705.7674148992332,85.0,7.0,0.0,3.0,0.0,36.0
1705.7681207815863,85.0,7.0,0.0,3.0,0.0,36.0
1706.0681207815862,85.0,7.0,0.0,3.0,0.0,36.0
1706.0688266639393,85.0,7.0,0.0,3.0,0.0,36.0
1706.3688266639392,85.0,7.0,0.0,3.0,0.0,36.0
1706.3695325462922,85.0,7.0,0.0,3.0,0.0,36.0
1706.6695325462922,85.0,7.0,0.0,3.0,0.0,36.0
1706.6702384286452,85.0,7.0,0.0,3.0,0.0,36.0
1706.9702384286452,85.0,7.0,0.0,3.0,0.0,36.0
1706.9709443109982,85.0,7.0,0.0,3.0,0.0,36.0
1707.2709443109982,85.0,7.0,0.0,3.0,0.0,36.0
1707.2716501933512,85.0,7.0,0.0,3.0,0.0,36.0
1707.5716501933512,85.0,7.0,0.0,3.0,0.0,36.0
1707.5723560757042,85.0,7.0,0.0,3.0,0.0,36.0
1707.8723560757041,85.0,7.0,0.0,3.0,0.0,36.0
1707.8730619580572,85.0,7.0,0.0,3.0,0.0,36.0
1708.1730619580571,85.0,7.0,0.0,3.0,0.0,36.0
1708.1737678404102,85.0,7.0,0.0,3.0,0.0,36.0
1708.4737678404101,85.0,7.0,0.0,3.0,0.0,36.0
1708.4744737227632,85.0,7.0,0.0,3.0,0.0,36.0
1708.774473722763,85.0,7.0,0.0,3.0,0.0,36.0
1708.7751796051161,85.0,7.0,0.0,3.0,0.0,36.0
1709.075179605116,85.0,7.0,0.0,3.0,0.0,36.0
1709.0758854874691,85.0,7.0,0.0,3.0,0.0,36.0
1709.375885487469,85.0,7.0,0.0,3.0,0.0,36.0
1709.376591369822,85.0,7.0,0.0,3.0,0.0,36.0
1709.676591369822,85.0,7.0,0.0,3.0,0.0,36.0
1709.677297252175,85.0,7.0,0.0,3.0,0.0,36.0
1709.977297252175,85.0,7.0,0.0,3.0,0.0,36.0
1709.978003134528,85.0,7.0,0.0,3.0,0.0,36.0
1710.278003134528,85.0,7.0,0.0,3.0,0.0,36.0
1710.278709016881,85.0,7.0,0.0,3.0,0.0,36.0
1710.578709016881,85.0,7.0,0.0,3.0,0.0,36.0
1710.579414899234,85.0,7.0,0.0,3.0,0.0,36.0
1710.879414899234,85.0,7.0,0.0,3.0,0.0,36.0
1710.880120781587,85.0,7.0,0.0,3.0,0.0,36.0
1711.180120781587,85.0,7.0,0.0,3.0,0.0,36.0
1711.18082666394,85.0,7.0,0.0,3.0,0.0,36.0
1711.48082666394,85.0,7.0,0.0,3.0,0.0,36.0
1711.481532546293,85.0,7.0,0.0,3.0,0.0,36.0
1711.781532546293,85.0,7.0,0.0,3.0,0.0,36.0
1711.782238428646,85.0,7.0,0.0,3.0,0.0,36.0
1712.082238428646,85.0,7.0,0.0,3.0,0.0,36.0
1712.082944310999,85.0,7.0,0.0,3.0,0.0,36.0
1712.382944310999,85.0,7.0,0.0,3.0,0.0,36.0
1712.383650193352,85.0,7.0,0.0,3.0,0.0,36.0
1712.683650193352,85.0,7.0,0.0,3.0,0.0,36.0
1712.684356075705,85.0,7.0,0.0,3.0,0.0,36.0
1712.984356075705,85.0,7.0,0.0,3.0,0.0,36.0
1712.985061958058,85.0,7.0,0.0,3.0,0.0,36.0
1713.285061958058,85.0,7.0,0.0,3.0,0.0,36.0
1713.285767840411,85.0,7.0,0.0,3.0,0.0,36.0
1713.5857678404109,85.0,7.0,0.0,3.0,0.0,36.0
1713.586473722764,85.0,7.0,0.0,3.0,0.0,36.0
1713.8864737227639,85.0,7.0,0.0,3.0,0.0,36.0
1713.887179605117,85.0,7.0,0.0,3.0,0.0,36.0
1714.1871796051169,85.0,7.0,0.0,3.0,0.0,36.0
1714.1878854874699,85.0,7.0,0.0,3.0,0.0,36.0
1714.4878854874698,85.0,7.0,0.0,3.0,0.0,36.0
1714.4885913698229,85.0,7.0,0.0,3.0,0.0,36.0
1714.7885913698228,85.0,7.0,0.0,3.0,0.0,36.0
1714.7892972521759,85.0,7.0,0.0,3.0,0.0,36.0
1715.0892972521758,85.0,7.0,0.0,3.0,0.0,36.0
1715.0900031345288,85.0,7.0,0.0,3.0,0.0,36.0
1715.3900031345288,85.0,7.0,0.0,3.0,0.0,36.0
1715.3907090168818,85.0,7.0,0.0,3.0,0.0,36.0
1715.6907090168818,85.0,7.0,0.0,3.0,0.0,36.0
1715.6914148992348,85.0,7.0,0.0,3.0,0.0,36.0
1715.9914148992348,85.0,7.0,0.0,3.0,0.0,36.0
1715.9921207815878,85.0,7.0,0.0,3.0,0.0,36.0
1716.2921207815878,85.0,7.0,0.0,3.0,0.0,36.0
1716.2928266639408,85.0,7.0,0.0,3.0,0.0,36.0
1716.5928266639407,85.0,7.0,0.0,3.0,0.0,36.0
1716.5935325462938,85.0,7.0,0.0,3.0,0.0,36.0
1716.8935325462937,85.0,7.0,0.0,3.0,0.0,36.0
1716.8942384286468,85.0,7.0,0.0,3.0,0.0,36.0
1717.1942384286467,85.0,7.0,0.0,3.0,0.0,36.0
1717.1949443109997,85.0,7.0,0.0,3.0,0.0,36.0
1717.4949443109997,85.0,7.0,0.0,3.0,0.0,36.0
1717.4956501933527,85.0,7.0,0.0,3.0,0.0,36.0
1717.7956501933527,85.0,7.0,0.0,3.0,0.0,36.0
1717.7963560757057,85.0,7.0,0.0,3.0,0.0,36.0
1718.0963560757057,85.0,7.0,0.0,3.0,0.0,36.0
1718.0970619580587,85.0,7.0,0.0,3.0,0.0,36.0
1718.3970619580587,85.0,7.0,0.0,3.0,0.0,36.0
1718.3977678404117,85.0,7.0,0.0,3.0,0.0,36.0
1718.6977678404116,85.0,7.0,0.0,3.0,0.0,36.0
1718.6984737227647,85.0,7.0,0.0,3.0,0.0,36.0
1718.9984737227646,85.0,7.0,0.0,3.0,0.0,36.0
1718.9991796051177,85.0,7.0,0.0,3.0,0.0,36.0
1719.2991796051176,85.0,7.0,0.0,3.0,0.0,36.0
1719.2998854874706,85.0,7.0,0.0,3.0,0.0,36.0
1719.5998854874706,85.0,7.0,0.0,3.0,0.0,36.0
1719.6005913698236,85.0,7.0,0.0,3.0,0.0,36.0
1719.9005913698236,85.0,7.0,0.0,3.0,0.0,36.0
1719.9012972521766,85.0,7.0,0.0,3.0,0.0,36.0
1720.2012972521766,85.0,7.0,0.0,3.0,0.0,36.0
1720.2020031345296,85.0,7.0,0.0,3.0,0.0,36.0
1720.5020031345296,85.0,7.0,0.0,3.0,0.0,36.0
1720.5027090168826,85.0,7.0,0.0,3.0,0.0,36.0
1720.8027090168825,85.0,7.0,0.0,3.0,0.0,36.0
1720.8034148992356,85.0,7.0,0.0,3.0,0.0,36.0
1721.1034148992355,85.0,7.0,0.0,3.0,0.0,36.0
1721.1041207815886,85.0,7.0,0.0,3.0,0.0,36.0
1721.4041207815885,85.0,7.0,0.0,3.0,0.0,36.0
1721.4048266639415,85.0,7.0,0.0,3.0,0.0,36.0
1721.7048266639415,85.0,7.0,0.0,3.0,0.0,36.0
1721.7055325462945,85.0,7.0,0.0,3.0,0.0,36.0
1722.0055325462945,85.0,7.0,0.0,3.0,0.0,36.0
1722.0062384286475,85.0,7.0,0.0,3.0,0.0,36.0
1722.3062384286475,85.0,7.0,0.0,3.0,0.0,36.0
1722.3069443110005,85.0,7.0,0.0,3.0,0.0,36.0
1722.6069443110005,85.0,7.0,0.0,3.0,0.0,36.0
1722.6076501933535,85.0,7.0,0.0,3.0,0.0,36.0
1722.9076501933534,85.0,7.0,0.0,3.0,0.0,36.0
1722.9083560757065,86.0,7.0,0.0,3.0,0.0,36.0
1723.2083560757064,86.0,7.0,0.0,3.0,0.0,36.0
1723.2090537501251,86.0,7.0,0.0,3.0,0.0,36.0
1723.509053750125,86.0,7.0,0.0,3.0,0.0,36.0
1723.5097514245438,86.0,7.0,0.0,3.0,0.0,36.0
1723.8097514245437,86.0,7.0,0.0,3.0,0.0,36.0
1723.8104490989624,86.0,7.0,0.0,3.0,0.0,36.0
1724.1104490989624,86.0,7.0,0.0,3.0,0.0,36.0
1724.111146773381,86.0,7.0,0.0,3.0,0.0,36.0
1724.411146773381,86.0,7.0,0.0,3.0,0.0,36.0
1724.4118444477997,86.0,7.0,0.0,3.0,0.0,36.0
1724.7118444477996,86.0,7.0,0.0,3.0,0.0,36.0
1724.7125421222183,86.0,7.0,0.0,3.0,0.0,36.0
1725.0125421222183,86.0,7.0,0.0,3.0,0.0,36.0
1725.013239796637,86.0,7.0,0.0,3.0,0.0,36.0
1725.313239796637,86.0,7.0,0.0,3.0,0.0,36.0
1725.3139374710556,86.0,7.0,0.0,3.0,0.0,36.0
1725.6139374710556,86.0,7.0,0.0,3.0,0.0,36.0
1725.6146351454743,86.0,7.0,0.0,3.0,0.0,36.0
1725.9146351454742,86.0,7.0,0.0,3.0,0.0,36.0
1725.915332819893,86.0,7.0,0.0,3.0,0.0,36.0
1726.2153328198929,86.0,7.0,0.0,3.0,0.0,36.0
1726.2160304943116,86.0,7.0,0.0,3.0,0.0,36.0
1726.5160304943115,86.0,7.0,0.0,3.0,0.0,36.0
1726.5167281687302,86.0,7.0,0.0,3.0,0.0,36.0
1726.8167281687302,86.0,7.0,0.0,3.0,0.0,36.0
1726.8174258431488,86.0,7.0,0.0,3.0,0.0,36.0
1727.1174258431488,86.0,7.0,0.0,3.0,0.0,36.0
1727.1181235175675,86.0,7.0,0.0,3.0,0.0,36.0
1727.4181235175674,86.0,7.0,0.0,3.0,0.0,36.0
1727.4188211919861,86.0,7.0,0.0,3.0,0.0,36.0
1727.718821191986,86.0,7.0,0.0,3.0,0.0,36.0
1727.7195188664048,86.0,7.0,0.0,3.0,0.0,36.0
1728.0195188664047,86.0,7.0,0.0,3.0,0.0,36.0
1728.0202165408234,86.0,7.0,0.0,3.0,0.0,36.0
1728.3202165408234,86.0,7.0,0.0,3.0,0.0,36.0
1728.320914215242,86.0,7.0,0.0,3.0,0.0,36.0
1728.620914215242,86.0,7.0,0.0,3.0,0.0,36.0
1728.6216118896607,86.0,7.0,0.0,3.0,0.0,36.0
1728.9216118896607,86.0,7.0,0.0,3.0,0.0,36.0
1728.9223095640793,86.0,7.0,0.0,3.0,0.0,36.0
1729.2223095640793,86.0,7.0,0.0,3.0,0.0,36.0
1729.223007238498,86.0,7.0,0.0,3.0,0.0,36.0
1729.523007238498,86.0,7.0,0.0,3.0,0.0,36.0
1729.5237049129166,86.0,7.0,0.0,3.0,0.0,36.0
1729.8237049129166,86.0,7.0,0.0,3.0,0.0,36.0
1729.8244025873353,86.0,7.0,0.0,3.0,0.0,36.0
1730.1244025873352,86.0,7.0,0.0,3.0,0.0,36.0
1730.125100261754,86.0,7.0,0.0,3.0,0.0,36.0
1730.4251002617539,86.0,7.0,0.0,3.0,0.0,36.0
1730.4257979361726,86.0,7.0,0.0,3.0,0.0,36.0
1730.7257979361725,86.0,7.0,0.0,3.0,0.0,36.0
1730.7264956105912,86.0,7.0,0.0,3.0,0.0,36.0
1731.0264956105912,86.0,7.0,0.0,3.0,0.0,36.0
1731.0271932850098,85.0,7.0,0.0,3.0,0.0,36.0
1731.3271932850098,85.0,7.0,0.0,3.0,0.0,36.0
1731.3278991673628,85.0,7.0,0.0,3.0,0.0,36.0
1731.6278991673628,85.0,7.0,0.0,3.0,0.0,36.0
1731.6286050497158,85.0,7.0,0.0,3.0,0.0,36.0
1731.9286050497158,85.0,7.0,0.0,3.0,0.0,36.0
1731.9293109320688,85.0,7.0,0.0,3.0,0.0,36.0
1732.2293109320688,85.0,7.0,0.0,3.0,0.0,36.0
1732.2300168144218,85.0,7.0,0.0,3.0,0.0,36.0
1732.5300168144217,85.0,7.0,0.0,3.0,0.0,36.0
1732.5307226967748,85.0,7.0,0.0,3.0,0.0,36.0
1732.8307226967747,85.0,7.0,0.0,3.0,0.0,36.0
1732.8314285791278,85.0,7.0,0.0,3.0,0.0,36.0
1733.1314285791277,85.0,7.0,0.0,3.0,0.0,36.0
1733.1321344614807,85.0,7.0,0.0,3.0,0.0,36.0
1733.4321344614807,85.0,7.0,0.0,3.0,0.0,36.0
1733.4328403438337,85.0,7.0,0.0,3.0,0.0,36.0
1733.7328403438337,85.0,7.0,0.0,3.0,0.0,36.0
1733.7335462261867,85.0,7.0,0.0,3.0,0.0,36.0
1734.0335462261867,85.0,7.0,0.0,3.0,0.0,36.0
1734.0342521085397,85.0,7.0,0.0,3.0,0.0,36.0
1734.3342521085397,85.0,7.0,0.0,3.0,0.0,36.0
1734.3349579908927,85.0,7.0,0.0,3.0,0.0,36.0
1734.6349579908926,85.0,7.0,0.0,3.0,0.0,36.0
1734.6356638732457,85.0,7.0,0.0,3.0,0.0,36.0
1734.9356638732456,85.0,7.0,0.0,3.0,0.0,36.0
1734.9363697555987,85.0,7.0,0.0,3.0,0.0,36.0
1735.2363697555986,85.0,7.0,0.0,3.0,0.0,36.0
1735.2370756379516,85.0,7.0,0.0,3.0,0.0,36.0
1735.5370756379516,85.0,7.0,0.0,3.0,0.0,36.0
1735.5377815203046,85.0,7.0,0.0,3.0,0.0,36.0
1735.8377815203046,85.0,7.0,0.0,3.0,0.0,36.0
1735.8384874026576,85.0,7.0,0.0,3.0,0.0,36.0
1736.1384874026576,85.0,7.0,0.0,3.0,0.0,36.0
1736.1391932850106,85.0,7.0,0.0,3.0,0.0,36.0
1736.4391932850106,85.0,7.0,0.0,3.0,0.0,36.0
1736.4398991673636,85.0,7.0,0.0,3.0,0.0,36.0
1736.7398991673635,85.0,7.0,0.0,3.0,0.0,36.0
1736.7406050497166,85.0,7.0,0.0,3.0,0.0,36.0
1737.0406050497165,85.0,7.0,0.0,3.0,0.0,36.0
1737.0413109320696,85.0,7.0,0.0,3.0,0.0,36.0
1737.3413109320695,85.0,7.0,0.0,3.0,0.0,36.0
1737.3420168144225,84.0,7.0,0.0,3.0,0.0,36.0
1737.6420168144225,84.0,7.0,0.0,3.0,0.0,36.0
1737.6427311001369,84.0,7.0,0.0,3.0,0.0,36.0
1737.9427311001368,84.0,7.0,0.0,3.0,0.0,36.0
1737.9434453858512,84.0,7.0,0.0,3.0,0.0,36.0
1738.2434453858511,84.0,7.0,0.0,3.0,0.0,36.0
1738.2441596715655,84.0,7.0,0.0,3.0,0.0,36.0
1738.5441596715655,84.0,7.0,0.0,3.0,0.0,36.0
1738.5448739572798,84.0,7.0,0.0,3.0,0.0,36.0
1738.8448739572798,84.0,7.0,0.0,3.0,0.0,36.0
1738.8455882429942,84.0,7.0,0.0,3.0,0.0,36.0
1739.145588242994,84.0,7.0,0.0,3.0,0.0,36.0
1739.1463025287085,84.0,7.0,0.0,3.0,0.0,36.0
1739.4463025287084,84.0,7.0,0.0,3.0,0.0,36.0
1739.4470168144228,84.0,7.0,0.0,3.0,0.0,36.0
1739.7470168144228,84.0,7.0,0.0,3.0,0.0,36.0
1739.7477311001371,84.0,7.0,0.0,3.0,0.0,36.0
1740.047731100137,84.0,7.0,0.0,3.0,0.0,36.0
1740.0484453858514,84.0,7.0,0.0,3.0,0.0,36.0
1740.3484453858514,84.0,7.0,0.0,3.0,0.0,36.0
1740.3491596715658,84.0,7.0,0.0,3.0,0.0,36.0
1740.6491596715657,84.0,7.0,0.0,3.0,0.0,36.0
1740.64987395728,85.0,7.0,0.0,3.0,0.0,36.0
1740.94987395728,85.0,7.0,0.0,3.0,0.0,36.0
1740.950579839633,85.0,7.0,0.0,3.0,0.0,36.0
1741.250579839633,85.0,7.0,0.0,3.0,0.0,36.0
1741.251285721986,85.0,7.0,0.0,3.0,0.0,36.0
1741.551285721986,85.0,7.0,0.0,3.0,0.0,36.0
1741.551991604339,85.0,7.0,0.0,3.0,0.0,36.0
1741.851991604339,85.0,7.0,0.0,3.0,0.0,36.0
1741.852697486692,85.0,7.0,0.0,3.0,0.0,36.0
1742.152697486692,85.0,7.0,0.0,3.0,0.0,36.0
1742.153403369045,85.0,7.0,0.0,3.0,0.0,36.0
1742.453403369045,85.0,7.0,0.0,3.0,0.0,36.0
1742.454109251398,85.0,7.0,0.0,3.0,0.0,36.0
1742.754109251398,85.0,7.0,0.0,3.0,0.0,36.0
1742.754815133751,85.0,7.0,0.0,3.0,0.0,36.0
1743.054815133751,85.0,7.0,0.0,3.0,0.0,36.0
1743.055521016104,85.0,7.0,0.0,3.0,0.0,36.0
1743.355521016104,85.0,7.0,0.0,3.0,0.0,36.0
1743.356226898457,85.0,7.0,0.0,3.0,0.0,36.0
1743.656226898457,85.0,7.0,0.0,3.0,0.0,36.0
1743.65693278081,85.0,7.0,0.0,3.0,0.0,36.0
1743.95693278081,85.0,7.0,0.0,3.0,0.0,36.0
1743.957638663163,85.0,7.0,0.0,3.0,0.0,36.0
1744.2576386631629,85.0,7.0,0.0,3.0,0.0,36.0
1744.258344545516,85.0,7.0,0.0,3.0,0.0,36.0
1744.5583445455159,85.0,7.0,0.0,3.0,0.0,36.0
1744.559050427869,85.0,7.0,0.0,3.0,0.0,36.0
1744.8590504278689,85.0,7.0,0.0,3.0,0.0,36.0
1744.8597563102219,85.0,7.0,0.0,3.0,0.0,36.0
1745.1597563102218,85.0,7.0,0.0,3.0,0.0,36.0
1745.1604621925749,85.0,7.0,0.0,3.0,0.0,36.0
1745.4604621925748,85.0,7.0,0.0,3.0,0.0,36.0
1745.4611680749279,85.0,7.0,0.0,3.0,0.0,36.0
1745.7611680749278,85.0,7.0,0.0,3.0,0.0,36.0
1745.7618739572808,85.0,7.0,0.0,3.0,0.0,36.0
1746.0618739572808,85.0,7.0,0.0,3.0,0.0,36.0
1746.0625798396338,85.0,7.0,0.0,3.0,0.0,36.0
1746.3625798396338,85.0,7.0,0.0,3.0,0.0,36.0
1746.3632857219868,85.0,7.0,0.0,3.0,0.0,36.0
1746.6632857219868,85.0,7.0,0.0,3.0,0.0,36.0
1746.6639916043398,85.0,7.0,0.0,3.0,0.0,36.0
1746.9639916043398,85.0,7.0,0.0,3.0,0.0,36.0
1746.9646974866928,85.0,7.0,0.0,3.0,0.0,36.0
1747.2646974866927,85.0,7.0,0.0,3.0,0.0,36.0
1747.2654033690458,85.0,7.0,0.0,3.0,0.0,36.0
1747.5654033690457,85.0,7.0,0.0,3.0,0.0,36.0
1747.5661092513988,85.0,7.0,0.0,3.0,0.0,36.0
1747.8661092513987,85.0,7.0,0.0,3.0,0.0,36.0
1747.8668151337517,85.0,7.0,0.0,3.0,0.0,36.0
1748.1668151337517,85.0,7.0,0.0,3.0,0.0,36.0
1748.1675210161047,85.0,7.0,0.0,3.0,0.0,36.0
1748.4675210161047,85.0,7.0,0.0,3.0,0.0,36.0
1748.4682268984577,85.0,7.0,0.0,3.0,0.0,36.0
1748.7682268984577,85.0,7.0,0.0,3.0,0.0,36.0
1748.7689327808107,85.0,7.0,0.0,3.0,0.0,36.0
1749.0689327808107,85.0,7.0,0.0,3.0,0.0,36.0
1749.0696386631637,85.0,7.0,0.0,3.0,0.0,36.0
1749.3696386631636,85.0,7.0,0.0,3.0,0.0,36.0
1749.3703445455167,85.0,7.0,0.0,3.0,0.0,36.0
1749.6703445455166,85.0,7.0,0.0,3.0,0.0,36.0
1749.6710504278697,85.0,7.0,0.0,3.0,0.0,36.0
1749.9710504278696,85.0,7.0,0.0,3.0,0.0,36.0
1749.9717563102226,85.0,7.0,0.0,3.0,0.0,36.0
1750.2717563102226,85.0,7.0,0.0,3.0,0.0,36.0
1750.2724621925756,85.0,7.0,0.0,3.0,0.0,36.0
1750.5724621925756,85.0,7.0,0.0,3.0,0.0,36.0
1750.5731680749286,85.0,7.0,0.0,3.0,0.0,36.0
1750.8731680749286,85.0,7.0,0.0,3.0,0.0,36.0
1750.8738739572816,85.0,7.0,0.0,3.0,0.0,36.0
1751.1738739572816,85.0,7.0,0.0,3.0,0.0,36.0
1751.1745798396346,85.0,7.0,0.0,3.0,0.0,36.0
1751.4745798396345,85.0,7.0,0.0,3.0,0.0,36.0
1751.4752857219876,85.0,7.0,0.0,3.0,0.0,36.0
1751.7752857219875,85.0,7.0,0.0,3.0,0.0,36.0
1751.7759916043406,85.0,7.0,0.0,3.0,0.0,36.0
1752.0759916043405,85.0,7.0,0.0,3.0,0.0,36.0
1752.0766974866935,85.0,7.0,0.0,3.0,0.0,36.0
1752.3766974866935,85.0,7.0,0.0,3.0,0.0,36.0
1752.3774033690465,85.0,7.0,0.0,3.0,0.0,36.0
1752.6774033690465,85.0,7.0,0.0,3.0,0.0,36.0
1752.6781092513995,85.0,7.0,0.0,3.0,0.0,36.0
1752.9781092513995,85.0,7.0,0.0,3.0,0.0,36.0
1752.9788151337525,85.0,7.0,0.0,3.0,0.0,36.0
1753.2788151337525,85.0,7.0,0.0,3.0,0.0,36.0
1753.2795210161055,85.0,7.0,0.0,3.0,0.0,36.0
1753.5795210161054,85.0,7.0,0.0,3.0,0.0,36.0
1753.5802268984585,85.0,7.0,0.0,3.0,0.0,36.0
1753.8802268984584,85.0,7.0,0.0,3.0,0.0,36.0
1753.8809327808115,85.0,7.0,0.0,3.0,0.0,36.0
1754.1809327808114,85.0,7.0,0.0,3.0,0.0,36.0
1754.1816386631644,85.0,7.0,0.0,3.0,0.0,36.0
1754.4816386631644,85.0,7.0,0.0,3.0,0.0,36.0
1754.4823445455174,85.0,7.0,0.0,3.0,0.0,36.0
1754.7823445455174,85.0,7.0,0.0,3.0,0.0,36.0
1754.7830504278704,85.0,7.0,0.0,3.0,0.0,36.0
1755.0830504278704,85.0,7.0,0.0,3.0,0.0,36.0
1755.0837563102234,85.0,7.0,0.0,3.0,0.0,36.0
1755.3837563102234,85.0,7.0,0.0,3.0,0.0,36.0
1755.3844621925764,85.0,7.0,0.0,3.0,0.0,36.0
1755.6844621925763,85.0,7.0,0.0,3.0,0.0,36.0
1755.6851680749294,85.0,7.0,0.0,3.0,0.0,36.0
1755.9851680749293,85.0,7.0,0.0,3.0,0.0,36.0
1755.9858739572824,85.0,7.0,0.0,3.0,0.0,36.0
1756.2858739572823,85.0,7.0,0.0,3.0,0.0,36.0
1756.2865798396354,85.0,7.0,0.0,3.0,0.0,36.0
1756.5865798396353,85.0,7.0,0.0,3.0,0.0,36.0
1756.5872857219883,85.0,7.0,0.0,3.0,0.0,36.0
1756.8872857219883,85.0,7.0,0.0,3.0,0.0,36.0
1756.8879916043413,85.0,7.0,0.0,3.0,0.0,36.0
1757.1879916043413,85.0,7.0,0.0,3.0,0.0,36.0
1757.1886974866943,85.0,7.0,0.0,3.0,0.0,36.0
1757.4886974866943,85.0,7.0,0.0,3.0,0.0,36.0
1757.4894033690473,85.0,7.0,0.0,3.0,0.0,36.0
1757.7894033690472,85.0,7.0,0.0,3.0,0.0,36.0
1757.7901092514003,85.0,7.0,0.0,3.0,0.0,36.0
1758.0901092514002,85.0,7.0,0.0,3.0,0.0,36.0
1758.0908151337533,85.0,7.0,0.0,3.0,0.0,36.0
1758.3908151337532,85.0,7.0,0.0,3.0,0.0,36.0
1758.3915210161063,85.0,7.0,0.0,3.0,0.0,36.0
1758.6915210161062,85.0,7.0,0.0,3.0,0.0,36.0
1758.6922268984592,85.0,7.0,0.0,3.0,0.0,36.0
1758.9922268984592,85.0,7.0,0.0,3.0,0.0,36.0
1758.9929327808122,85.0,7.0,0.0,3.0,0.0,36.0
1759.2929327808122,85.0,7.0,0.0,3.0,0.0,36.0
1759.2936386631652,85.0,7.0,0.0,3.0,0.0,36.0
1759.5936386631652,85.0,7.0,0.0,3.0,0.0,36.0
1759.5943445455182,85.0,7.0,0.0,3.0,0.0,36.0
1759.8943445455182,85.0,7.0,0.0,3.0,0.0,36.0
1759.8950504278712,85.0,7.0,0.0,3.0,0.0,36.0
1760.1950504278711,85.0,7.0,0.0,3.0,0.0,36.0
1760.1957563102242,85.0,7.0,0.0,3.0,0.0,36.0
1760.4957563102241,85.0,7.0,0.0,3.0,0.0,36.0
1760.4964621925772,85.0,7.0,0.0,3.0,0.0,36.0
1760.796462192577,85.0,7.0,0.0,3.0,0.0,36.0
1760.7971680749301,85.0,7.0,0.0,3.0,0.0,36.0
1761.09716807493,85.0,7.0,0.0,3.0,0.0,36.0
1761.0978739572831,85.0,7.0,0.0,3.0,0.0,36.0
1761.397873957283,85.0,7.0,0.0,3.0,0.0,36.0
1761.398579839636,85.0,7.0,0.0,3.0,0.0,36.0
1761.698579839636,85.0,7.0,0.0,3.0,0.0,36.0
1761.699285721989,85.0,7.0,0.0,3.0,0.0,36.0
1761.999285721989,85.0,7.0,0.0,3.0,0.0,36.0
1761.999991604342,85.0,7.0,0.0,3.0,0.0,36.0
1762.299991604342,85.0,7.0,0.0,3.0,0.0,36.0
1762.300697486695,85.0,7.0,0.0,3.0,0.0,36.0
1762.600697486695,85.0,7.0,0.0,3.0,0.0,36.0
1762.601403369048,85.0,7.0,0.0,3.0,0.0,36.0
1762.901403369048,85.0,7.0,0.0,3.0,0.0,36.0
1762.902109251401,85.0,7.0,0.0,3.0,0.0,36.0
1763.202109251401,85.0,7.0,0.0,3.0,0.0,36.0
1763.202815133754,85.0,7.0,0.0,3.0,0.0,36.0
1763.502815133754,85.0,7.0,0.0,3.0,0.0,36.0
1763.503521016107,85.0,7.0,0.0,3.0,0.0,36.0
1763.803521016107,85.0,7.0,0.0,3.0,0.0,36.0
1763.80422689846,85.0,7.0,0.0,3.0,0.0,35.0
1764.10422689846,85.0,7.0,0.0,3.0,0.0,35.0
1764.104932780813,85.0,7.0,0.0,3.0,0.0,35.0
1764.404932780813,85.0,7.0,0.0,3.0,0.0,35.0
1764.405638663166,85.0,7.0,0.0,3.0,0.0,35.0
1764.705638663166,85.0,7.0,0.0,3.0,0.0,35.0
1764.706344545519,85.0,7.0,0.0,3.0,0.0,35.0
1765.006344545519,85.0,7.0,0.0,3.0,0.0,35.0
1765.007050427872,85.0,7.0,0.0,3.0,0.0,35.0
1765.307050427872,85.0,7.0,0.0,3.0,0.0,35.0
1765.307756310225,85.0,7.0,0.0,3.0,0.0,35.0
1765.6077563102249,85.0,7.0,0.0,3.0,0.0,35.0
1765.608462192578,85.0,7.0,0.0,3.0,0.0,35.0
1765.9084621925779,85.0,7.0,0.0,3.0,0.0,35.0
1765.909168074931,85.0,7.0,0.0,3.0,0.0,35.0
1766.2091680749309,85.0,7.0,0.0,3.0,0.0,35.0
1766.209873957284,85.0,7.0,0.0,3.0,0.0,35.0
1766.5098739572838,85.0,7.0,0.0,3.0,0.0,35.0
1766.5105798396369,85.0,7.0,0.0,3.0,0.0,35.0
1766.8105798396368,85.0,7.0,0.0,3.0,0.0,35.0
1766.8112857219899,85.0,7.0,0.0,3.0,0.0,35.0
1767.1112857219898,85.0,7.0,0.0,3.0,0.0,35.0
1767.1119916043428,85.0,7.0,0.0,3.0,0.0,35.0
1767.4119916043428,85.0,7.0,0.0,3.0,0.0,35.0
1767.4126974866958,85.0,7.0,0.0,3.0,0.0,35.0
1767.7126974866958,85.0,7.0,0.0,3.0,0.0,35.0
1767.7134033690488,85.0,7.0,0.0,3.0,0.0,35.0
1768.0134033690488,85.0,7.0,0.0,3.0,0.0,35.0
1768.0141092514018,85.0,7.0,0.0,3.0,0.0,35.0
1768.3141092514018,85.0,7.0,0.0,3.0,0.0,35.0
1768.3148151337548,85.0,7.0,0.0,3.0,0.0,35.0
1768.6148151337547,85.0,7.0,0.0,3.0,0.0,35.0
1768.6155210161078,85.0,7.0,0.0,3.0,0.0,35.0
1768.9155210161077,85.0,7.0,0.0,3.0,0.0,35.0
1768.9162268984608,85.0,7.0,0.0,3.0,0.0,35.0
1769.2162268984607,85.0,7.0,0.0,3.0,0.0,35.0
1769.2169327808137,85.0,7.0,0.0,3.0,0.0,35.0
1769.5169327808137,85.0,7.0,0.0,3.0,0.0,35.0
1769.5176386631667,85.0,7.0,0.0,3.0,0.0,35.0
1769.8176386631667,85.0,7.0,0.0,3.0,0.0,35.0
1769.8183445455197,85.0,7.0,0.0,3.0,0.0,35.0
1770.1183445455197,85.0,7.0,0.0,3.0,0.0,35.0
1770.1190504278727,85.0,7.0,0.0,3.0,0.0,35.0
1770.4190504278727,85.0,7.0,0.0,3.0,0.0,35.0
1770.4197563102257,85.0,7.0,0.0,3.0,0.0,35.0
1770.7197563102256,85.0,7.0,0.0,3.0,0.0,35.0
1770.7204621925787,85.0,7.0,0.0,3.0,0.0,35.0
1771.0204621925786,85.0,7.0,0.0,3.0,0.0,35.0
1771.0211680749317,85.0,7.0,0.0,3.0,0.0,35.0
1771.3211680749316,85.0,7.0,0.0,3.0,0.0,35.0
1771.3218739572847,85.0,7.0,0.0,1.0,0.0,36.0
1771.6218739572846,85.0,7.0,0.0,1.0,0.0,36.0
1771.6225798396376,85.0,7.0,0.0,1.0,0.0,36.0
1771.9225798396376,85.0,7.0,0.0,1.0,0.0,36.0
1771.9232857219906,85.0,7.0,0.0,1.0,0.0,36.0
1772.2232857219906,85.0,7.0,0.0,1.0,0.0,36.0
1772.2239916043436,86.0,7.0,0.0,1.0,0.0,36.0
1772.5239916043436,86.0,7.0,0.0,1.0,0.0,36.0
1772.5246892787623,86.0,7.0,0.0,1.0,0.0,36.0
1772.8246892787622,86.0,7.0,0.0,1.0,0.0,36.0
1772.825386953181,86.0,7.0,0.0,1.0,0.0,36.0
1773.1253869531809,86.0,7.0,0.0,1.0,0.0,36.0
1773.1260846275995,86.0,7.0,0.0,1.0,0.0,36.0
1773.4260846275995,86.0,7.0,0.0,1.0,0.0,36.0
1773.4267823020182,86.0,7.0,0.0,1.0,0.0,36.0
1773.7267823020181,86.0,7.0,0.0,1.0,0.0,36.0
1773.7274799764368,86.0,7.0,0.0,1.0,0.0,36.0
1774.0274799764368,86.0,7.0,0.0,1.0,0.0,36.0
1774.0281776508555,86.0,7.0,0.0,1.0,0.0,36.0
1774.3281776508554,86.0,7.0,0.0,1.0,0.0,36.0
1774.328875325274,86.0,7.0,0.0,1.0,0.0,36.0
1774.628875325274,86.0,7.0,0.0,1.0,0.0,36.0
1774.6295729996928,86.0,7.0,0.0,1.0,0.0,36.0
1774.9295729996927,86.0,7.0,0.0,1.0,0.0,36.0
1774.9302706741114,86.0,7.0,0.0,1.0,0.0,36.0
1775.2302706741114,86.0,7.0,0.0,1.0,0.0,36.0
1775.23096834853,86.0,7.0,0.0,1.0,0.0,36.0
1775.53096834853,86.0,7.0,0.0,1.0,0.0,36.0
1775.5316660229487,86.0,7.0,0.0,1.0,0.0,36.0
1775.8316660229486,86.0,7.0,0.0,1.0,0.0,36.0
1775.8323636973673,86.0,7.0,0.0,1.0,0.0,36.0
1776.1323636973673,86.0,7.0,0.0,1.0,0.0,36.0
1776.133061371786,86.0,7.0,0.0,1.0,0.0,36.0
1776.433061371786,86.0,7.0,0.0,1.0,0.0,36.0
1776.4337590462046,86.0,7.0,0.0,1.0,0.0,36.0
1776.7337590462046,86.0,7.0,0.0,1.0,0.0,36.0
1776.7344567206233,86.0,7.0,0.0,1.0,0.0,36.0
1777.0344567206232,86.0,7.0,0.0,1.0,0.0,36.0
1777.035154395042,86.0,7.0,0.0,1.0,0.0,36.0
1777.3351543950419,86.0,7.0,0.0,1.0,0.0,36.0
1777.3358520694605,86.0,7.0,0.0,1.0,0.0,36.0
1777.6358520694605,86.0,7.0,0.0,1.0,0.0,36.0
1777.6365497438792,86.0,7.0,0.0,1.0,0.0,36.0
1777.9365497438791,86.0,7.0,0.0,1.0,0.0,36.0
1777.9372474182978,86.0,7.0,0.0,1.0,0.0,36.0
1778.2372474182978,86.0,7.0,0.0,1.0,0.0,36.0
1778.2379450927165,86.0,7.0,0.0,1.0,0.0,36.0
1778.5379450927164,86.0,7.0,0.0,1.0,0.0,36.0
1778.5386427671351,86.0,7.0,0.0,1.0,0.0,36.0
1778.838642767135,86.0,7.0,0.0,1.0,0.0,36.0
1778.8393404415538,86.0,7.0,0.0,1.0,0.0,36.0
1779.1393404415537,86.0,7.0,0.0,1.0,0.0,36.0
1779.1400381159724,86.0,7.0,0.0,1.0,0.0,36.0
1779.4400381159724,86.0,7.0,0.0,1.0,0.0,36.0
1779.440735790391,87.0,7.0,0.0,1.0,0.0,36.0
1779.740735790391,87.0,7.0,0.0,1.0,0.0,36.0
1779.7414254455634,87.0,7.0,0.0,1.0,0.0,36.0
1780.0414254455634,87.0,7.0,0.0,1.0,0.0,36.0
1780.0421151007358,87.0,7.0,0.0,1.0,0.0,36.0
1780.3421151007358,87.0,7.0,0.0,1.0,0.0,36.0
1780.3428047559082,87.0,7.0,0.0,1.0,0.0,36.0
1780.6428047559082,87.0,7.0,0.0,1.0,0.0,36.0
1780.6434944110806,86.0,7.0,0.0,1.0,0.0,36.0
1780.9434944110806,86.0,7.0,0.0,1.0,0.0,36.0
1780.9441920854993,86.0,7.0,0.0,1.0,0.0,36.0
1781.2441920854992,86.0,7.0,0.0,1.0,0.0,36.0
1781.244889759918,86.0,7.0,0.0,1.0,0.0,36.0
1781.5448897599179,86.0,7.0,0.0,1.0,0.0,36.0
1781.5455874343365,86.0,7.0,0.0,1.0,0.0,36.0
1781.8455874343365,86.0,7.0,0.0,1.0,0.0,36.0
1781.8462851087552,86.0,7.0,0.0,1.0,0.0,36.0
1782.1462851087551,86.0,7.0,0.0,1.0,0.0,36.0
1782.1469827831738,86.0,7.0,0.0,1.0,0.0,36.0
1782.4469827831738,86.0,7.0,0.0,1.0,0.0,36.0
1782.4476804575925,86.0,7.0,0.0,1.0,0.0,36.0
1782.7476804575924,86.0,7.0,0.0,1.0,0.0,36.0
1782.748378132011,86.0,7.0,0.0,1.0,0.0,36.0
1783.048378132011,86.0,7.0,0.0,1.0,0.0,36.0
1783.0490758064298,86.0,7.0,0.0,1.0,0.0,36.0
1783.3490758064297,86.0,7.0,0.0,1.0,0.0,36.0
1783.3497734808484,86.0,7.0,0.0,1.0,0.0,36.0
1783.6497734808484,86.0,7.0,0.0,1.0,0.0,36.0
1783.650471155267,86.0,7.0,0.0,1.0,0.0,36.0
1783.950471155267,86.0,7.0,0.0,1.0,0.0,36.0
1783.9511688296857,86.0,7.0,0.0,1.0,0.0,36.0
1784.2511688296856,86.0,7.0,0.0,1.0,0.0,36.0
1784.2518665041043,86.0,7.0,0.0,1.0,0.0,36.0
1784.5518665041043,86.0,7.0,0.0,1.0,0.0,36.0
1784.552564178523,86.0,7.0,0.0,1.0,0.0,36.0
1784.852564178523,86.0,7.0,0.0,1.0,0.0,36.0
1784.8532618529416,86.0,7.0,0.0,1.0,0.0,36.0
1785.1532618529416,86.0,7.0,0.0,1.0,0.0,36.0
1785.1539595273603,86.0,7.0,0.0,1.0,0.0,36.0
1785.4539595273602,86.0,7.0,0.0,1.0,0.0,36.0
1785.454657201779,86.0,7.0,0.0,1.0,0.0,36.0
1785.7546572017789,86.0,7.0,0.0,1.0,0.0,36.0
1785.7553548761975,86.0,7.0,0.0,1.0,0.0,36.0
1786.0553548761975,86.0,7.0,0.0,1.0,0.0,36.0
1786.0560525506162,86.0,7.0,0.0,1.0,0.0,36.0
1786.3560525506161,86.0,7.0,0.0,1.0,0.0,36.0
1786.3567502250348,86.0,7.0,0.0,1.0,0.0,36.0
1786.6567502250348,86.0,7.0,0.0,1.0,0.0,36.0
1786.6574478994535,86.0,7.0,0.0,1.0,0.0,36.0
1786.9574478994534,86.0,7.0,0.0,1.0,0.0,36.0
1786.9581455738721,86.0,7.0,0.0,1.0,0.0,36.0
1787.258145573872,86.0,7.0,0.0,1.0,0.0,36.0
1787.2588432482908,86.0,7.0,0.0,1.0,0.0,36.0
1787.5588432482907,86.0,7.0,0.0,1.0,0.0,36.0
1787.5595409227094,86.0,7.0,0.0,1.0,0.0,36.0
1787.8595409227094,86.0,7.0,0.0,1.0,0.0,36.0
1787.860238597128,86.0,7.0,0.0,1.0,0.0,36.0
1788.160238597128,86.0,7.0,0.0,1.0,0.0,36.0
1788.1609362715467,86.0,7.0,0.0,1.0,0.0,36.0
1788.4609362715466,86.0,7.0,0.0,1.0,0.0,36.0
1788.4616339459653,86.0,7.0,0.0,1.0,0.0,36.0
1788.7616339459653,86.0,7.0,0.0,1.0,0.0,36.0
1788.762331620384,86.0,7.0,0.0,1.0,0.0,36.0
1789.062331620384,86.0,7.0,0.0,1.0,0.0,36.0
1789.0630292948026,86.0,7.0,0.0,1.0,0.0,36.0
1789.3630292948026,86.0,7.0,0.0,1.0,0.0,36.0
1789.3637269692213,87.0,7.0,0.0,1.0,0.0,36.0
1789.6637269692212,87.0,7.0,0.0,1.0,0.0,36.0
1789.6644166243937,87.0,7.0,0.0,1.0,0.0,36.0
1789.9644166243936,87.0,7.0,0.0,1.0,0.0,36.0
1789.965106279566,87.0,7.0,0.0,1.0,0.0,36.0
1790.265106279566,87.0,7.0,0.0,1.0,0.0,36.0
1790.2657959347384,87.0,7.0,0.0,1.0,0.0,36.0
1790.5657959347384,87.0,7.0,0.0,1.0,0.0,36.0
1790.5664855899108,87.0,7.0,0.0,1.0,0.0,36.0
1790.8664855899108,87.0,7.0,0.0,1.0,0.0,36.0
1790.8671752450832,88.0,7.0,0.0,1.0,0.0,36.0
1791.1671752450832,88.0,7.0,0.0,1.0,0.0,36.0
1791.167857063265,88.0,7.0,0.0,1.0,0.0,36.0
1791.467857063265,88.0,7.0,0.0,1.0,0.0,36.0
1791.4685388814469,88.0,7.0,0.0,1.0,0.0,36.0
1791.7685388814468,88.0,7.0,0.0,1.0,0.0,36.0
1791.7692206996287,88.0,7.0,0.0,1.0,0.0,36.0
1792.0692206996287,88.0,7.0,0.0,1.0,0.0,36.0
1792.0699025178105,88.0,7.0,0.0,1.0,0.0,36.0
1792.3699025178105,88.0,7.0,0.0,1.0,0.0,36.0
1792.3705843359924,88.0,7.0,0.0,1.0,0.0,36.0
1792.6705843359923,88.0,7.0,0.0,1.0,0.0,36.0
1792.6712661541742,88.0,7.0,0.0,1.0,0.0,36.0
1792.9712661541741,88.0,7.0,0.0,1.0,0.0,36.0
1792.971947972356,88.0,7.0,0.0,1.0,0.0,36.0
1793.271947972356,88.0,7.0,0.0,1.0,0.0,36.0
1793.2726297905378,88.0,7.0,0.0,1.0,0.0,36.0
1793.5726297905378,88.0,7.0,0.0,1.0,0.0,36.0
1793.5733116087197,88.0,7.0,0.0,1.0,0.0,36.0
1793.8733116087196,88.0,7.0,0.0,1.0,0.0,36.0
1793.8739934269015,88.0,7.0,0.0,1.0,0.0,36.0
1794.1739934269015,88.0,7.0,0.0,1.0,0.0,36.0
1794.1746752450833,88.0,7.0,0.0,1.0,0.0,36.0
1794.4746752450833,88.0,7.0,0.0,1.0,0.0,36.0
1794.4753570632652,88.0,7.0,0.0,1.0,0.0,36.0
1794.7753570632651,88.0,7.0,0.0,1.0,0.0,36.0
1794.776038881447,88.0,7.0,0.0,1.0,0.0,36.0
1795.076038881447,88.0,7.0,0.0,1.0,0.0,36.0
1795.0767206996288,88.0,7.0,0.0,1.0,0.0,36.0
1795.3767206996288,88.0,7.0,0.0,1.0,0.0,36.0
1795.3774025178107,88.0,7.0,0.0,1.0,0.0,36.0
1795.6774025178106,88.0,7.0,0.0,1.0,0.0,36.0
1795.6780843359925,88.0,7.0,0.0,1.0,0.0,36.0
1795.9780843359924,88.0,7.0,0.0,1.0,0.0,36.0
1795.9787661541743,88.0,7.0,0.0,1.0,0.0,36.0
1796.2787661541743,88.0,7.0,0.0,1.0,0.0,36.0
1796.2794479723561,88.0,7.0,0.0,1.0,0.0,36.0
1796.579447972356,88.0,7.0,0.0,1.0,0.0,36.0
1796.580129790538,88.0,7.0,0.0,1.0,0.0,36.0
1796.880129790538,88.0,7.0,0.0,1.0,0.0,36.0
1796.8808116087198,88.0,7.0,0.0,1.0,0.0,36.0
1797.1808116087198,88.0,7.0,0.0,1.0,0.0,36.0
1797.1814934269016,88.0,7.0,0.0,1.0,0.0,36.0
1797.4814934269016,88.0,7.0,0.0,1.0,0.0,36.0
1797.4821752450835,88.0,7.0,0.0,1.0,0.0,36.0
1797.7821752450834,88.0,7.0,0.0,1.0,0.0,36.0
1797.7828570632653,88.0,7.0,0.0,1.0,0.0,36.0
1798.0828570632652,88.0,7.0,0.0,1.0,0.0,36.0
1798.083538881447,88.0,7.0,0.0,1.0,0.0,36.0
1798.383538881447,88.0,7.0,0.0,1.0,0.0,36.0
1798.384220699629,88.0,7.0,0.0,1.0,0.0,36.0
1798.684220699629,88.0,7.0,0.0,1.0,0.0,36.0
1798.6849025178108,88.0,7.0,0.0,1.0,0.0,36.0
1798.9849025178107,88.0,7.0,0.0,1.0,0.0,36.0
1798.9855843359926,88.0,7.0,0.0,1.0,0.0,36.0
1799.2855843359926,88.0,7.0,0.0,1.0,0.0,36.0
1799.2862661541744,88.0,7.0,0.0,1.0,0.0,36.0
1799.5862661541744,88.0,7.0,0.0,1.0,0.0,36.0
1799.5869479723563,88.0,7.0,0.0,1.0,0.0,36.0
1799.8869479723562,88.0,7.0,0.0,1.0,0.0,36.0
1799.887629790538,88.0,7.0,0.0,1.0,0.0,36.0
1800.187629790538,88.0,7.0,0.0,1.0,0.0,36.0
1800.18831160872,88.0,7.0,0.0,1.0,0.0,36.0
1800.4883116087199,88.0,7.0,0.0,1.0,0.0,36.0
1800.4889934269017,88.0,7.0,0.0,1.0,0.0,36.0
1800.7889934269017,88.0,7.0,0.0,1.0,0.0,36.0
1800.7896752450836,88.0,7.0,0.0,1.0,0.0,36.0
1801.0896752450835,88.0,7.0,0.0,1.0,0.0,36.0
1801.0903570632654,88.0,7.0,0.0,1.0,0.0,36.0
1801.3903570632654,88.0,7.0,0.0,1.0,0.0,36.0
1801.3910388814472,88.0,7.0,0.0,1.0,0.0,36.0
1801.6910388814472,88.0,7.0,0.0,1.0,0.0,36.0
1801.691720699629,88.0,7.0,0.0,1.0,0.0,36.0
1801.991720699629,88.0,7.0,0.0,1.0,0.0,36.0
1801.992402517811,88.0,7.0,0.0,1.0,0.0,36.0
1802.2924025178108,88.0,7.0,0.0,1.0,0.0,36.0
1802.2930843359927,88.0,7.0,0.0,1.0,0.0,36.0
1802.5930843359927,88.0,7.0,0.0,1.0,0.0,36.0
1802.5937661541745,88.0,7.0,0.0,1.0,0.0,36.0
1802.8937661541745,88.0,7.0,0.0,1.0,0.0,36.0
1802.8944479723564,88.0,7.0,0.0,1.0,0.0,36.0
1803.1944479723563,88.0,7.0,0.0,1.0,0.0,36.0
1803.1951297905382,88.0,7.0,0.0,1.0,0.0,36.0
1803.4951297905382,88.0,7.0,0.0,1.0,0.0,36.0
1803.49581160872,88.0,7.0,0.0,1.0,0.0,36.0
1803.79581160872,88.0,7.0,0.0,1.0,0.0,36.0
1803.7964934269019,88.0,7.0,0.0,1.0,0.0,36.0
1804.0964934269018,88.0,7.0,0.0,1.0,0.0,36.0
1804.0971752450837,88.0,7.0,0.0,1.0,0.0,36.0
1804.3971752450836,88.0,7.0,0.0,1.0,0.0,36.0
1804.3978570632655,88.0,7.0,0.0,1.0,0.0,36.0
1804.6978570632655,88.0,7.0,0.0,1.0,0.0,36.0
1804.6985388814473,88.0,7.0,0.0,1.0,0.0,36.0
1804.9985388814473,88.0,7.0,0.0,1.0,0.0,36.0
1804.9992206996292,88.0,7.0,0.0,1.0,0.0,36.0
1805.2992206996291,88.0,7.0,0.0,1.0,0.0,36.0
1805.299902517811,88.0,7.0,0.0,1.0,0.0,36.0
1805.599902517811,88.0,7.0,0.0,1.0,0.0,36.0
1805.6005843359928,88.0,7.0,0.0,1.0,0.0,36.0
1805.9005843359928,88.0,7.0,0.0,1.0,0.0,36.0
1805.9012661541747,88.0,7.0,0.0,1.0,0.0,36.0
1806.2012661541746,88.0,7.0,0.0,1.0,0.0,36.0
1806.2019479723565,88.0,7.0,0.0,1.0,0.0,36.0
1806.5019479723564,88.0,7.0,0.0,1.0,0.0,36.0
1806.5026297905383,88.0,7.0,0.0,1.0,0.0,36.0
1806.8026297905383,88.0,7.0,0.0,1.0,0.0,36.0
1806.8033116087202,88.0,7.0,0.0,1.0,0.0,36.0
1807.10331160872,88.0,7.0,0.0,1.0,0.0,36.0
1807.103993426902,88.0,7.0,0.0,1.0,0.0,36.0
1807.403993426902,88.0,7.0,0.0,1.0,0.0,36.0
1807.4046752450838,88.0,7.0,0.0,1.0,0.0,36.0
1807.7046752450838,88.0,7.0,0.0,1.0,0.0,36.0
1807.7053570632656,88.0,7.0,0.0,1.0,0.0,36.0
1808.0053570632656,88.0,7.0,0.0,1.0,0.0,36.0
1808.0060388814475,88.0,7.0,0.0,1.0,0.0,36.0
1808.3060388814474,88.0,7.0,0.0,1.0,0.0,36.0
1808.3067206996293,88.0,7.0,0.0,1.0,0.0,36.0
1808.6067206996292,88.0,7.0,0.0,1.0,0.0,36.0
1808.6074025178111,88.0,7.0,0.0,1.0,0.0,36.0
1808.907402517811,88.0,7.0,0.0,1.0,0.0,36.0
1808.908084335993,88.0,7.0,0.0,1.0,0.0,36.0
1809.208084335993,88.0,7.0,0.0,1.0,0.0,36.0
1809.2087661541748,88.0,7.0,0.0,1.0,0.0,36.0
1809.5087661541747,88.0,7.0,0.0,1.0,0.0,36.0
1809.5094479723566,88.0,7.0,0.0,1.0,0.0,36.0
1809.8094479723566,88.0,7.0,0.0,1.0,0.0,36.0
1809.8101297905384,88.0,7.0,0.0,1.0,0.0,36.0
1810.1101297905384,88.0,7.0,0.0,1.0,0.0,36.0
1810.1108116087203,88.0,7.0,0.0,1.0,0.0,36.0
1810.4108116087202,88.0,7.0,0.0,1.0,0.0,36.0
1810.411493426902,88.0,7.0,0.0,1.0,0.0,36.0
1810.711493426902,88.0,7.0,0.0,1.0,0.0,36.0
1810.712175245084,88.0,7.0,0.0,1.0,0.0,36.0
1811.0121752450839,88.0,7.0,0.0,1.0,0.0,36.0
1811.0128570632658,88.0,7.0,0.0,1.0,0.0,36.0
1811.3128570632657,88.0,7.0,0.0,1.0,0.0,36.0
1811.3135388814476,88.0,7.0,0.0,1.0,0.0,36.0
1811.6135388814475,88.0,7.0,0.0,1.0,0.0,36.0
1811.6142206996294,88.0,7.0,0.0,1.0,0.0,36.0
1811.9142206996294,88.0,7.0,0.0,1.0,0.0,36.0
1811.9149025178112,88.0,7.0,0.0,1.0,0.0,36.0
1812.2149025178112,88.0,7.0,0.0,1.0,0.0,36.0
1812.215584335993,88.0,7.0,0.0,1.0,0.0,36.0
1812.515584335993,88.0,7.0,0.0,1.0,0.0,36.0
1812.516266154175,88.0,7.0,0.0,1.0,0.0,36.0
1812.8162661541749,88.0,7.0,0.0,1.0,0.0,36.0
1812.8169479723567,88.0,7.0,0.0,1.0,0.0,36.0
1813.1169479723567,88.0,7.0,0.0,1.0,0.0,36.0
1813.1176297905386,88.0,7.0,0.0,1.0,0.0,36.0
1813.4176297905385,88.0,7.0,0.0,1.0,0.0,36.0
1813.4183116087204,88.0,7.0,0.0,1.0,0.0,36.0
1813.7183116087203,88.0,7.0,0.0,1.0,0.0,36.0
1813.7189934269022,88.0,7.0,0.0,1.0,0.0,36.0
1814.0189934269022,88.0,7.0,0.0,1.0,0.0,36.0
1814.019675245084,88.0,7.0,0.0,1.0,0.0,36.0
1814.319675245084,88.0,7.0,0.0,1.0,0.0,36.0
1814.3203570632659,88.0,7.0,0.0,1.0,0.0,36.0
1814.6203570632658,88.0,7.0,0.0,1.0,0.0,36.0
1814.6210388814477,88.0,7.0,0.0,1.0,0.0,36.0
1814.9210388814477,88.0,7.0,0.0,1.0,0.0,36.0
1814.9217206996295,88.0,7.0,0.0,1.0,0.0,36.0
1815.2217206996295,88.0,7.0,0.0,1.0,0.0,36.0
1815.2224025178114,88.0,7.0,0.0,1.0,0.0,36.0
1815.5224025178113,88.0,7.0,0.0,1.0,0.0,36.0
1815.5230843359932,88.0,7.0,0.0,1.0,0.0,36.0
1815.8230843359931,88.0,7.0,0.0,1.0,0.0,36.0
1815.823766154175,88.0,7.0,0.0,1.0,0.0,36.0
1816.123766154175,88.0,7.0,0.0,1.0,0.0,36.0
1816.1244479723568,88.0,7.0,0.0,1.0,0.0,36.0
1816.4244479723568,88.0,7.0,0.0,1.0,0.0,36.0
1816.4251297905387,88.0,7.0,0.0,1.0,0.0,36.0
1816.7251297905386,88.0,7.0,0.0,1.0,0.0,36.0
1816.7258116087205,88.0,7.0,0.0,1.0,0.0,36.0
1817.0258116087205,88.0,7.0,0.0,1.0,0.0,36.0
1817.0264934269023,88.0,7.0,0.0,1.0,0.0,36.0
1817.3264934269023,88.0,7.0,0.0,1.0,0.0,36.0
1817.3271752450842,88.0,7.0,0.0,1.0,0.0,36.0
1817.6271752450841,88.0,7.0,0.0,1.0,0.0,36.0
1817.627857063266,88.0,7.0,0.0,1.0,0.0,36.0
1817.927857063266,88.0,7.0,0.0,1.0,0.0,36.0
1817.9285388814478,88.0,7.0,0.0,1.0,0.0,36.0
1818.2285388814478,88.0,7.0,0.0,1.0,0.0,36.0
1818.2292206996296,88.0,7.0,0.0,1.0,0.0,36.0
1818.5292206996296,88.0,7.0,0.0,1.0,0.0,36.0
1818.5299025178115,88.0,7.0,0.0,1.0,0.0,36.0
1818.8299025178114,88.0,7.0,0.0,1.0,0.0,36.0
1818.8305843359933,88.0,7.0,0.0,1.0,0.0,36.0
1819.1305843359933,88.0,7.0,0.0,1.0,0.0,36.0
1819.1312661541751,88.0,7.0,0.0,1.0,0.0,36.0
1819.431266154175,88.0,7.0,0.0,1.0,0.0,36.0
1819.431947972357,88.0,7.0,0.0,1.0,0.0,36.0
1819.731947972357,88.0,7.0,0.0,1.0,0.0,36.0
1819.7326297905388,88.0,7.0,0.0,1.0,0.0,36.0
1820.0326297905387,88.0,7.0,0.0,1.0,0.0,36.0
1820.0333116087206,88.0,7.0,0.0,1.0,0.0,36.0
1820.3333116087206,88.0,7.0,0.0,1.0,0.0,36.0
1820.3339934269025,88.0,7.0,0.0,1.0,0.0,36.0
1820.6339934269024,88.0,7.0,0.0,1.0,0.0,36.0
1820.6346752450843,88.0,7.0,0.0,1.0,0.0,36.0
1820.9346752450842,88.0,7.0,0.0,1.0,0.0,36.0
1820.935357063266,88.0,7.0,0.0,1.0,0.0,36.0
1821.235357063266,88.0,7.0,0.0,1.0,0.0,36.0
1821.236038881448,88.0,7.0,0.0,1.0,0.0,36.0
1821.536038881448,88.0,7.0,0.0,1.0,0.0,36.0
1821.5367206996298,88.0,7.0,0.0,1.0,0.0,36.0
1821.8367206996297,88.0,7.0,0.0,1.0,0.0,36.0
1821.8374025178116,88.0,7.0,0.0,1.0,0.0,36.0
1822.1374025178116,88.0,7.0,0.0,1.0,0.0,36.0
1822.1380843359934,88.0,7.0,0.0,1.0,0.0,36.0
1822.4380843359934,88.0,7.0,0.0,1.0,0.0,36.0
1822.4387661541753,88.0,7.0,0.0,1.0,0.0,36.0
1822.7387661541752,88.0,7.0,0.0,1.0,0.0,36.0
1822.739447972357,88.0,7.0,0.0,1.0,0.0,36.0
1823.039447972357,88.0,7.0,0.0,1.0,0.0,36.0
1823.040129790539,88.0,7.0,0.0,1.0,0.0,36.0
1823.3401297905389,88.0,7.0,0.0,1.0,0.0,36.0
1823.3408116087207,88.0,7.0,0.0,1.0,0.0,36.0
1823.6408116087207,88.0,7.0,0.0,1.0,0.0,36.0
1823.6414934269026,88.0,7.0,0.0,1.0,0.0,36.0
1823.9414934269025,88.0,7.0,0.0,1.0,0.0,36.0
1823.9421752450844,88.0,7.0,0.0,1.0,0.0,36.0
1824.2421752450844,88.0,7.0,0.0,1.0,0.0,36.0
1824.2428570632662,88.0,7.0,0.0,1.0,0.0,36.0
1824.5428570632662,88.0,7.0,0.0,1.0,0.0,36.0
1824.543538881448,88.0,7.0,0.0,1.0,0.0,36.0
1824.843538881448,88.0,7.0,0.0,1.0,0.0,36.0
1824.84422069963,88.0,7.0,0.0,1.0,0.0,36.0
1825.1442206996298,88.0,7.0,0.0,1.0,0.0,36.0
1825.1449025178117,88.0,7.0,0.0,1.0,0.0,36.0
1825.4449025178117,88.0,7.0,0.0,1.0,0.0,36.0
1825.4455843359935,88.0,7.0,0.0,1.0,0.0,36.0
1825.7455843359935,88.0,7.0,0.0,1.0,0.0,36.0
1825.7462661541754,88.0,7.0,0.0,1.0,0.0,36.0
1826.0462661541753,88.0,7.0,0.0,1.0,0.0,36.0
1826.0469479723572,88.0,7.0,0.0,1.0,0.0,36.0
1826.3469479723572,88.0,7.0,0.0,1.0,0.0,36.0
1826.347629790539,88.0,7.0,0.0,1.0,0.0,36.0
1826.647629790539,88.0,7.0,0.0,1.0,0.0,36.0
1826.6483116087209,88.0,7.0,0.0,1.0,0.0,36.0
1826.9483116087208,88.0,7.0,0.0,1.0,0.0,36.0
1826.9489934269027,88.0,7.0,0.0,1.0,0.0,36.0
1827.2489934269026,88.0,7.0,0.0,1.0,0.0,36.0
1827.2496752450845,88.0,7.0,0.0,1.0,0.0,36.0
1827.5496752450845,88.0,7.0,0.0,1.0,0.0,36.0
1827.5503570632663,88.0,7.0,0.0,1.0,0.0,36.0
1827.8503570632663,88.0,7.0,0.0,1.0,0.0,36.0
1827.8510388814482,88.0,7.0,0.0,1.0,0.0,36.0
1828.1510388814481,88.0,7.0,0.0,1.0,0.0,36.0
1828.15172069963,88.0,7.0,0.0,1.0,0.0,36.0
1828.45172069963,88.0,7.0,0.0,1.0,0.0,36.0
1828.4524025178118,88.0,7.0,0.0,1.0,0.0,36.0
1828.7524025178118,88.0,7.0,0.0,1.0,0.0,36.0
1828.7530843359937,88.0,7.0,0.0,1.0,0.0,36.0
1829.0530843359936,88.0,7.0,0.0,1.0,0.0,36.0
1829.0537661541755,88.0,7.0,0.0,1.0,0.0,36.0
1829.3537661541754,88.0,7.0,0.0,1.0,0.0,36.0
1829.3544479723573,88.0,7.0,0.0,1.0,0.0,36.0
1829.6544479723573,88.0,7.0,0.0,1.0,0.0,36.0
1829.6551297905391,88.0,7.0,0.0,1.0,0.0,36.0
1829.955129790539,88.0,7.0,0.0,1.0,0.0,36.0
1829.955811608721,88.0,7.0,0.0,1.0,0.0,36.0
1830.255811608721,88.0,7.0,0.0,1.0,0.0,36.0
1830.2564934269028,88.0,7.0,0.0,1.0,0.0,36.0
1830.5564934269028,88.0,7.0,0.0,1.0,0.0,36.0
1830.5571752450846,88.0,7.0,0.0,1.0,0.0,36.0
1830.8571752450846,88.0,7.0,0.0,1.0,0.0,36.0
1830.8578570632665,88.0,7.0,0.0,1.0,0.0,36.0
1831.1578570632664,88.0,7.0,0.0,1.0,0.0,36.0
1831.1585388814483,88.0,7.0,0.0,1.0,0.0,36.0
1831.4585388814482,88.0,7.0,0.0,1.0,0.0,36.0
1831.4592206996301,88.0,7.0,0.0,1.0,0.0,36.0
1831.75922069963,88.0,7.0,0.0,1.0,0.0,36.0
1831.759902517812,88.0,7.0,0.0,1.0,0.0,36.0
1832.059902517812,88.0,7.0,0.0,1.0,0.0,36.0
1832.0605843359938,88.0,7.0,0.0,1.0,0.0,36.0
1832.3605843359937,88.0,7.0,0.0,1.0,0.0,36.0
1832.3612661541756,88.0,7.0,0.0,1.0,0.0,36.0
1832.6612661541756,88.0,7.0,0.0,1.0,0.0,36.0
1832.6619479723574,88.0,7.0,0.0,1.0,0.0,36.0
1832.9619479723574,88.0,7.0,0.0,1.0,0.0,36.0
1832.9626297905393,88.0,7.0,0.0,1.0,0.0,36.0
1833.2626297905392,88.0,7.0,0.0,1.0,0.0,36.0
1833.263311608721,88.0,7.0,0.0,1.0,0.0,36.0
1833.563311608721,88.0,7.0,0.0,1.0,0.0,36.0
1833.563993426903,88.0,7.0,0.0,1.0,0.0,36.0
1833.8639934269029,88.0,7.0,0.0,1.0,0.0,36.0
1833.8646752450848,88.0,7.0,0.0,1.0,0.0,36.0
1834.1646752450847,88.0,7.0,0.0,1.0,0.0,36.0
1834.1653570632666,88.0,7.0,0.0,1.0,0.0,36.0
1834.4653570632665,88.0,7.0,0.0,1.0,0.0,36.0
1834.4660388814484,88.0,7.0,0.0,1.0,0.0,36.0
1834.7660388814484,88.0,7.0,0.0,1.0,0.0,36.0
1834.7667206996302,88.0,7.0,0.0,1.0,0.0,36.0
1835.0667206996302,88.0,7.0,0.0,1.0,0.0,36.0
1835.067402517812,88.0,7.0,0.0,1.0,0.0,36.0
1835.367402517812,88.0,7.0,0.0,1.0,0.0,36.0
1835.368084335994,88.0,7.0,0.0,1.0,0.0,36.0
1835.6680843359939,88.0,7.0,0.0,1.0,0.0,36.0
1835.6687661541757,88.0,7.0,0.0,1.0,0.0,36.0
1835.9687661541757,88.0,7.0,0.0,1.0,0.0,36.0
1835.9694479723576,88.0,7.0,0.0,1.0,0.0,36.0
1836.2694479723575,88.0,7.0,0.0,1.0,0.0,36.0
1836.2701297905394,88.0,7.0,0.0,1.0,0.0,36.0
1836.5701297905393,88.0,7.0,0.0,1.0,0.0,36.0
1836.5708116087212,88.0,7.0,0.0,1.0,0.0,36.0
1836.8708116087212,88.0,7.0,0.0,1.0,0.0,36.0
1836.871493426903,88.0,7.0,0.0,1.0,0.0,36.0
1837.171493426903,88.0,7.0,0.0,1.0,0.0,36.0
1837.1721752450849,88.0,7.0,0.0,1.0,0.0,36.0
1837.4721752450848,88.0,7.0,0.0,1.0,0.0,36.0
1837.4728570632667,88.0,7.0,0.0,1.0,0.0,36.0
1837.7728570632667,88.0,7.0,0.0,1.0,0.0,36.0
1837.7735388814485,88.0,7.0,0.0,1.0,0.0,36.0
1838.0735388814485,88.0,7.0,0.0,1.0,0.0,36.0
1838.0742206996304,88.0,7.0,0.0,1.0,0.0,36.0
1838.3742206996303,88.0,7.0,0.0,1.0,0.0,36.0
1838.3749025178122,88.0,7.0,0.0,1.0,0.0,36.0
1838.6749025178121,88.0,7.0,0.0,1.0,0.0,36.0
1838.675584335994,88.0,7.0,0.0,1.0,0.0,36.0
1838.975584335994,88.0,7.0,0.0,1.0,0.0,36.0
1838.9762661541758,88.0,7.0,0.0,1.0,0.0,36.0
1839.2762661541758,88.0,7.0,0.0,1.0,0.0,36.0
1839.2769479723577,88.0,7.0,0.0,1.0,0.0,36.0
1839.5769479723576,88.0,7.0,0.0,1.0,0.0,36.0
1839.5776297905395,88.0,7.0,0.0,1.0,0.0,36.0
1839.8776297905395,88.0,7.0,0.0,1.0,0.0,36.0
1839.8783116087213,88.0,7.0,0.0,1.0,0.0,36.0
1840.1783116087213,88.0,7.0,0.0,1.0,0.0,36.0
1840.1789934269032,88.0,7.0,0.0,1.0,0.0,36.0
1840.4789934269031,88.0,7.0,0.0,1.0,0.0,36.0
1840.479675245085,88.0,7.0,0.0,1.0,0.0,36.0
1840.779675245085,88.0,7.0,0.0,1.0,0.0,36.0
1840.7803570632668,88.0,7.0,0.0,1.0,0.0,36.0
1841.0803570632668,88.0,7.0,0.0,1.0,0.0,36.0
1841.0810388814486,88.0,7.0,0.0,1.0,0.0,36.0
1841.3810388814486,88.0,7.0,0.0,1.0,0.0,36.0
1841.3817206996305,88.0,7.0,0.0,1.0,0.0,36.0
1841.6817206996304,88.0,7.0,0.0,1.0,0.0,36.0
1841.6824025178123,88.0,7.0,0.0,1.0,0.0,36.0
1841.9824025178123,88.0,7.0,0.0,1.0,0.0,36.0
1841.9830843359941,88.0,7.0,0.0,1.0,0.0,36.0
1842.283084335994,88.0,7.0,0.0,1.0,0.0,36.0
1842.283766154176,88.0,7.0,0.0,1.0,0.0,36.0
1842.583766154176,88.0,7.0,0.0,1.0,0.0,36.0
1842.5844479723578,88.0,7.0,0.0,1.0,0.0,36.0
1842.8844479723577,88.0,7.0,0.0,1.0,0.0,36.0
1842.8851297905396,88.0,7.0,0.0,1.0,0.0,36.0
1843.1851297905396,88.0,7.0,0.0,1.0,0.0,36.0
1843.1858116087215,88.0,7.0,0.0,1.0,0.0,36.0
1843.4858116087214,88.0,7.0,0.0,1.0,0.0,36.0
1843.4864934269033,88.0,7.0,0.0,1.0,0.0,36.0
1843.7864934269032,88.0,7.0,0.0,1.0,0.0,36.0
1843.787175245085,88.0,7.0,0.0,1.0,0.0,36.0
1844.087175245085,88.0,7.0,0.0,1.0,0.0,36.0
1844.087857063267,88.0,7.0,0.0,1.0,0.0,36.0
1844.387857063267,88.0,7.0,0.0,1.0,0.0,36.0
1844.3885388814488,88.0,7.0,0.0,1.0,0.0,36.0
1844.6885388814487,88.0,7.0,0.0,1.0,0.0,36.0
1844.6892206996306,88.0,7.0,0.0,1.0,0.0,36.0
1844.9892206996306,88.0,7.0,0.0,1.0,0.0,36.0
1844.9899025178124,88.0,7.0,0.0,1.0,0.0,36.0
1845.2899025178124,88.0,7.0,0.0,1.0,0.0,36.0
1845.2905843359943,88.0,7.0,0.0,1.0,0.0,36.0
1845.5905843359942,88.0,7.0,0.0,1.0,0.0,36.0
1845.591266154176,88.0,7.0,0.0,1.0,0.0,36.0
1845.891266154176,88.0,7.0,0.0,1.0,0.0,36.0
1845.891947972358,88.0,7.0,0.0,1.0,0.0,36.0
1846.1919479723579,88.0,7.0,0.0,1.0,0.0,36.0
1846.1926297905397,88.0,7.0,0.0,1.0,0.0,36.0
1846.4926297905397,88.0,7.0,0.0,1.0,0.0,36.0
1846.4933116087216,88.0,7.0,0.0,1.0,0.0,36.0
1846.7933116087215,88.0,7.0,0.0,1.0,0.0,36.0
1846.7939934269034,88.0,7.0,0.0,1.0,0.0,36.0
1847.0939934269034,88.0,7.0,0.0,1.0,0.0,36.0
1847.0946752450852,88.0,7.0,0.0,1.0,0.0,36.0
1847.3946752450852,88.0,7.0,0.0,1.0,0.0,36.0
1847.395357063267,88.0,7.0,0.0,1.0,0.0,36.0
1847.695357063267,88.0,7.0,0.0,1.0,0.0,36.0
1847.6960388814489,88.0,7.0,0.0,1.0,0.0,36.0
1847.9960388814488,88.0,7.0,0.0,1.0,0.0,36.0
1847.9967206996307,88.0,7.0,0.0,1.0,0.0,36.0
1848.2967206996307,88.0,7.0,0.0,1.0,0.0,36.0
1848.2974025178125,88.0,7.0,0.0,1.0,0.0,36.0
1848.5974025178125,88.0,7.0,0.0,1.0,0.0,36.0
1848.5980843359944,88.0,7.0,0.0,1.0,0.0,36.0
1848.8980843359943,88.0,7.0,0.0,1.0,0.0,36.0
1848.8987661541762,88.0,7.0,0.0,1.0,0.0,36.0
1849.1987661541762,88.0,7.0,0.0,1.0,0.0,36.0
1849.199447972358,88.0,7.0,0.0,1.0,0.0,36.0
1849.499447972358,88.0,7.0,0.0,1.0,0.0,36.0
1849.5001297905399,88.0,7.0,0.0,1.0,0.0,36.0
1849.8001297905398,88.0,7.0,0.0,1.0,0.0,36.0
1849.8008116087217,88.0,7.0,0.0,1.0,0.0,36.0
1850.1008116087216,88.0,7.0,0.0,1.0,0.0,36.0
1850.1014934269035,88.0,7.0,0.0,1.0,0.0,36.0
1850.4014934269035,88.0,7.0,0.0,1.0,0.0,36.0
1850.4021752450853,88.0,7.0,0.0,1.0,0.0,36.0
1850.7021752450853,88.0,7.0,0.0,1.0,0.0,36.0
1850.7028570632672,88.0,7.0,0.0,1.0,0.0,36.0
1851.0028570632671,88.0,7.0,0.0,1.0,0.0,36.0
1851.003538881449,88.0,7.0,0.0,1.0,0.0,36.0
1851.303538881449,88.0,7.0,0.0,1.0,0.0,36.0
1851.3042206996308,88.0,7.0,0.0,1.0,0.0,36.0
1851.6042206996308,88.0,7.0,0.0,1.0,0.0,36.0
1851.6049025178127,88.0,7.0,0.0,1.0,0.0,36.0
1851.9049025178126,88.0,7.0,0.0,1.0,0.0,36.0
1851.9055843359945,88.0,7.0,0.0,1.0,0.0,36.0
1852.2055843359944,88.0,7.0,0.0,1.0,0.0,36.0
1852.2062661541763,88.0,7.0,0.0,1.0,0.0,36.0
1852.5062661541763,88.0,7.0,0.0,1.0,0.0,36.0
1852.5069479723581,88.0,7.0,0.0,1.0,0.0,36.0
1852.806947972358,88.0,7.0,0.0,1.0,0.0,36.0
1852.80762979054,88.0,7.0,0.0,1.0,0.0,36.0
1853.10762979054,88.0,7.0,0.0,1.0,0.0,36.0
1853.1083116087218,88.0,7.0,0.0,1.0,0.0,36.0
1853.4083116087218,88.0,7.0,0.0,1.0,0.0,36.0
1853.4089934269036,88.0,7.0,0.0,1.0,0.0,36.0
1853.7089934269036,88.0,7.0,0.0,1.0,0.0,36.0
1853.7096752450855,88.0,7.0,0.0,1.0,0.0,36.0
1854.0096752450854,88.0,7.0,0.0,1.0,0.0,36.0
1854.0103570632673,87.0,7.0,0.0,1.0,0.0,36.0
1854.3103570632672,87.0,7.0,0.0,1.0,0.0,36.0
1854.3110467184397,87.0,7.0,0.0,1.0,0.0,36.0
1854.6110467184396,87.0,7.0,0.0,1.0,0.0,36.0
1854.611736373612,87.0,7.0,0.0,1.0,0.0,36.0
1854.911736373612,87.0,7.0,0.0,1.0,0.0,36.0
1854.9124260287845,87.0,7.0,0.0,1.0,0.0,36.0
1855.2124260287844,87.0,7.0,0.0,1.0,0.0,36.0
1855.2131156839569,87.0,7.0,0.0,1.0,0.0,36.0
1855.5131156839568,87.0,7.0,0.0,1.0,0.0,36.0
1855.5138053391292,87.0,7.0,0.0,1.0,0.0,36.0
1855.8138053391292,87.0,7.0,0.0,1.0,0.0,36.0
1855.8144949943016,87.0,7.0,0.0,1.0,0.0,36.0
1856.1144949943016,87.0,7.0,0.0,1.0,0.0,36.0
1856.115184649474,87.0,7.0,0.0,1.0,0.0,36.0
1856.415184649474,87.0,7.0,0.0,1.0,0.0,36.0
1856.4158743046464,87.0,7.0,0.0,1.0,0.0,36.0
1856.7158743046464,87.0,7.0,0.0,1.0,0.0,36.0
1856.7165639598188,87.0,7.0,0.0,1.0,0.0,36.0
1857.0165639598188,87.0,7.0,0.0,1.0,0.0,36.0
1857.0172536149912,87.0,7.0,0.0,1.0,0.0,36.0
1857.3172536149912,87.0,7.0,0.0,1.0,0.0,36.0
1857.3179432701636,87.0,7.0,0.0,1.0,0.0,36.0
1857.6179432701636,87.0,7.0,0.0,1.0,0.0,36.0
1857.618632925336,87.0,7.0,0.0,1.0,0.0,36.0
1857.918632925336,87.0,7.0,0.0,1.0,0.0,36.0
1857.9193225805084,87.0,7.0,0.0,1.0,0.0,36.0
1858.2193225805083,87.0,7.0,0.0,1.0,0.0,36.0
1858.2200122356808,87.0,7.0,0.0,1.0,0.0,36.0
1858.5200122356807,87.0,7.0,0.0,1.0,0.0,36.0
1858.5207018908532,87.0,7.0,0.0,1.0,0.0,36.0
1858.8207018908531,87.0,7.0,0.0,1.0,0.0,36.0
1858.8213915460256,87.0,7.0,0.0,1.0,0.0,36.0
1859.1213915460255,87.0,7.0,0.0,1.0,0.0,36.0
1859.122081201198,87.0,7.0,0.0,1.0,0.0,36.0
1859.422081201198,87.0,7.0,0.0,1.0,0.0,36.0
1859.4227708563703,87.0,7.0,0.0,1.0,0.0,36.0
1859.7227708563703,87.0,7.0,0.0,1.0,0.0,36.0
1859.7234605115427,87.0,7.0,0.0,1.0,0.0,36.0
1860.0234605115427,87.0,7.0,0.0,1.0,0.0,36.0
1860.0241501667151,87.0,7.0,0.0,1.0,0.0,36.0
1860.324150166715,87.0,7.0,0.0,1.0,0.0,36.0
1860.3248398218875,87.0,7.0,0.0,1.0,0.0,36.0
1860.6248398218875,87.0,7.0,0.0,1.0,0.0,36.0
1860.62552947706,87.0,7.0,0.0,1.0,0.0,36.0
1860.9255294770599,87.0,7.0,0.0,1.0,0.0,36.0
1860.9262191322323,87.0,7.0,0.0,1.0,0.0,36.0
1861.2262191322322,87.0,7.0,0.0,1.0,0.0,36.0
1861.2269087874047,87.0,7.0,0.0,1.0,0.0,36.0
1861.5269087874046,87.0,7.0,0.0,1.0,0.0,36.0
1861.527598442577,87.0,7.0,0.0,1.0,0.0,36.0
1861.827598442577,87.0,7.0,0.0,1.0,0.0,36.0
1861.8282880977495,87.0,7.0,0.0,1.0,0.0,36.0
1862.1282880977494,87.0,7.0,0.0,1.0,0.0,36.0
1862.1289777529219,87.0,7.0,0.0,1.0,0.0,36.0
1862.4289777529218,87.0,7.0,0.0,1.0,0.0,36.0
1862.4296674080942,87.0,7.0,0.0,1.0,0.0,36.0
1862.7296674080942,87.0,7.0,0.0,1.0,0.0,36.0
1862.7303570632666,87.0,7.0,0.0,1.0,0.0,36.0
1863.0303570632666,87.0,7.0,0.0,1.0,0.0,36.0
1863.031046718439,87.0,7.0,0.0,1.0,0.0,36.0
1863.331046718439,87.0,7.0,0.0,1.0,0.0,36.0
1863.3317363736114,87.0,7.0,0.0,1.0,0.0,36.0
1863.6317363736114,87.0,7.0,0.0,1.0,0.0,36.0
1863.6324260287838,87.0,7.0,0.0,1.0,0.0,36.0
1863.9324260287838,87.0,7.0,0.0,1.0,0.0,36.0
1863.9331156839562,87.0,7.0,0.0,1.0,0.0,36.0
1864.2331156839562,87.0,7.0,0.0,1.0,0.0,36.0
1864.2338053391286,87.0,7.0,0.0,1.0,0.0,36.0
1864.5338053391285,87.0,7.0,0.0,1.0,0.0,36.0
1864.534494994301,87.0,7.0,0.0,1.0,0.0,36.0
1864.834494994301,87.0,7.0,0.0,1.0,0.0,36.0
1864.8351846494734,87.0,7.0,0.0,1.0,0.0,36.0
1865.1351846494733,87.0,7.0,0.0,1.0,0.0,36.0
1865.1358743046458,87.0,7.0,0.0,1.0,0.0,36.0
1865.4358743046457,87.0,7.0,0.0,1.0,0.0,36.0
1865.4365639598182,87.0,7.0,0.0,1.0,0.0,36.0
1865.736563959818,87.0,7.0,0.0,1.0,0.0,36.0
1865.7372536149905,87.0,7.0,0.0,1.0,0.0,36.0
1866.0372536149905,87.0,7.0,0.0,1.0,0.0,36.0
1866.037943270163,87.0,7.0,0.0,1.0,0.0,36.0
1866.337943270163,87.0,7.0,0.0,1.0,0.0,36.0
1866.3386329253353,87.0,7.0,0.0,1.0,0.0,36.0
1866.6386329253353,87.0,7.0,0.0,1.0,0.0,36.0
1866.6393225805077,87.0,7.0,0.0,1.0,0.0,36.0
1866.9393225805077,87.0,7.0,0.0,1.0,0.0,36.0
1866.9400122356801,87.0,7.0,0.0,1.0,0.0,36.0
1867.24001223568,87.0,7.0,0.0,1.0,0.0,36.0
1867.2407018908525,87.0,7.0,0.0,1.0,0.0,36.0
1867.5407018908525,87.0,7.0,0.0,1.0,0.0,36.0
1867.541391546025,87.0,7.0,0.0,1.0,0.0,36.0
1867.8413915460249,87.0,7.0,0.0,1.0,0.0,36.0
1867.8420812011973,87.0,7.0,0.0,1.0,0.0,36.0
1868.1420812011972,87.0,7.0,0.0,1.0,0.0,36.0
1868.1427708563697,87.0,7.0,0.0,1.0,0.0,36.0
1868.4427708563696,87.0,7.0,0.0,1.0,0.0,36.0
1868.443460511542,87.0,7.0,0.0,1.0,0.0,36.0
1868.743460511542,87.0,7.0,0.0,1.0,0.0,36.0
1868.7441501667145,87.0,7.0,0.0,1.0,0.0,36.0
1869.0441501667144,87.0,7.0,0.0,1.0,0.0,36.0
1869.0448398218869,87.0,7.0,0.0,1.0,0.0,36.0
1869.3448398218868,87.0,7.0,0.0,1.0,0.0,36.0
1869.3455294770592,87.0,7.0,0.0,1.0,0.0,36.0
1869.6455294770592,87.0,7.0,0.0,1.0,0.0,36.0
1869.6462191322316,87.0,7.0,0.0,1.0,0.0,36.0
1869.9462191322316,87.0,7.0,0.0,1.0,0.0,36.0
1869.946908787404,87.0,7.0,0.0,1.0,0.0,36.0
1870.246908787404,87.0,7.0,0.0,1.0,0.0,36.0
1870.2475984425764,87.0,7.0,0.0,1.0,0.0,36.0
1870.5475984425764,87.0,7.0,0.0,1.0,0.0,36.0
1870.5482880977488,87.0,7.0,0.0,1.0,0.0,36.0
1870.8482880977488,87.0,7.0,0.0,1.0,0.0,36.0
1870.8489777529212,87.0,7.0,0.0,1.0,0.0,36.0
1871.1489777529212,87.0,7.0,0.0,1.0,0.0,36.0
1871.1496674080936,87.0,7.0,0.0,1.0,0.0,36.0
1871.4496674080935,87.0,7.0,0.0,1.0,0.0,36.0
1871.450357063266,87.0,7.0,0.0,1.0,0.0,36.0
1871.750357063266,87.0,7.0,0.0,1.0,0.0,36.0
1871.7510467184384,87.0,7.0,0.0,1.0,0.0,36.0
1872.0510467184383,87.0,7.0,0.0,1.0,0.0,36.0
1872.0517363736108,87.0,7.0,0.0,1.0,0.0,36.0
1872.3517363736107,87.0,7.0,0.0,1.0,0.0,36.0
1872.3524260287832,87.0,7.0,0.0,1.0,0.0,36.0
1872.652426028783,87.0,7.0,0.0,1.0,0.0,36.0
1872.6531156839555,87.0,7.0,0.0,1.0,0.0,36.0
1872.9531156839555,87.0,7.0,0.0,1.0,0.0,36.0
1872.953805339128,87.0,7.0,0.0,1.0,0.0,36.0
1873.253805339128,87.0,7.0,0.0,1.0,0.0,36.0
1873.2544949943003,87.0,7.0,0.0,1.0,0.0,36.0
1873.5544949943003,87.0,7.0,0.0,1.0,0.0,36.0
1873.5551846494727,87.0,7.0,0.0,1.0,0.0,36.0
1873.8551846494727,87.0,7.0,0.0,1.0,0.0,36.0
1873.855874304645,87.0,7.0,0.0,1.0,0.0,36.0
1874.155874304645,87.0,7.0,0.0,1.0,0.0,36.0
1874.1565639598175,87.0,7.0,0.0,1.0,0.0,36.0
1874.4565639598175,87.0,7.0,0.0,1.0,0.0,36.0
1874.45725361499,87.0,7.0,0.0,1.0,0.0,36.0
1874.7572536149898,87.0,7.0,0.0,1.0,0.0,36.0
1874.7579432701623,87.0,7.0,0.0,1.0,0.0,36.0
1875.0579432701622,87.0,7.0,0.0,1.0,0.0,36.0
1875.0586329253347,87.0,7.0,0.0,1.0,0.0,36.0
1875.3586329253346,87.0,7.0,0.0,1.0,0.0,36.0
1875.359322580507,87.0,7.0,0.0,1.0,0.0,36.0
1875.659322580507,87.0,7.0,0.0,1.0,0.0,36.0
1875.6600122356795,87.0,7.0,0.0,1.0,0.0,36.0
1875.9600122356794,87.0,7.0,0.0,1.0,0.0,36.0
1875.9607018908519,87.0,7.0,0.0,1.0,0.0,36.0
1876.2607018908518,87.0,7.0,0.0,1.0,0.0,36.0
1876.2613915460242,87.0,7.0,0.0,1.0,0.0,36.0
1876.5613915460242,87.0,7.0,0.0,1.0,0.0,36.0
1876.5620812011966,87.0,7.0,0.0,1.0,0.0,36.0
1876.8620812011966,87.0,7.0,0.0,1.0,0.0,36.0
1876.862770856369,87.0,7.0,0.0,1.0,0.0,36.0
1877.162770856369,87.0,7.0,0.0,1.0,0.0,36.0
1877.1634605115414,87.0,7.0,0.0,1.0,0.0,36.0
1877.4634605115414,87.0,7.0,0.0,1.0,0.0,36.0
1877.4641501667138,87.0,7.0,0.0,1.0,0.0,36.0
1877.7641501667138,87.0,7.0,0.0,1.0,0.0,36.0
1877.7648398218862,87.0,7.0,0.0,1.0,0.0,36.0
1878.0648398218862,87.0,7.0,0.0,1.0,0.0,36.0
1878.0655294770586,87.0,7.0,0.0,1.0,0.0,36.0
1878.3655294770585,87.0,7.0,0.0,1.0,0.0,36.0
1878.366219132231,87.0,7.0,0.0,1.0,0.0,36.0
1878.666219132231,87.0,7.0,0.0,1.0,0.0,36.0
1878.6669087874034,87.0,7.0,0.0,1.0,0.0,36.0
1878.9669087874033,87.0,7.0,0.0,1.0,0.0,36.0
1878.9675984425758,87.0,7.0,0.0,1.0,0.0,36.0
1879.2675984425757,87.0,7.0,0.0,1.0,0.0,36.0
1879.2682880977482,87.0,7.0,0.0,1.0,0.0,36.0
1879.568288097748,87.0,7.0,0.0,1.0,0.0,36.0
1879.5689777529205,87.0,7.0,0.0,1.0,0.0,36.0
1879.8689777529205,87.0,7.0,0.0,1.0,0.0,36.0
1879.869667408093,87.0,7.0,0.0,1.0,0.0,36.0
1880.169667408093,87.0,7.0,0.0,1.0,0.0,36.0
1880.1703570632653,87.0,7.0,0.0,1.0,0.0,36.0
1880.4703570632653,87.0,7.0,0.0,1.0,0.0,36.0
1880.4710467184377,87.0,7.0,0.0,6.0,0.0,36.0
1880.7710467184377,87.0,7.0,0.0,6.0,0.0,36.0
1880.77173637361,87.0,7.0,0.0,6.0,0.0,36.0
1881.07173637361,87.0,7.0,0.0,6.0,0.0,36.0
1881.0724260287825,87.0,7.0,0.0,6.0,0.0,36.0
1881.3724260287825,87.0,7.0,0.0,6.0,0.0,36.0
1881.373115683955,87.0,7.0,0.0,6.0,0.0,36.0
1881.6731156839548,87.0,7.0,0.0,6.0,0.0,36.0
1881.6738053391273,87.0,7.0,0.0,6.0,0.0,36.0
1881.9738053391272,87.0,7.0,0.0,6.0,0.0,36.0
1881.9744949942997,87.0,7.0,0.0,6.0,0.0,36.0
1882.2744949942996,87.0,7.0,0.0,6.0,0.0,36.0
1882.275184649472,87.0,7.0,0.0,6.0,0.0,36.0
1882.575184649472,87.0,7.0,0.0,6.0,0.0,36.0
1882.5758743046445,87.0,7.0,0.0,6.0,0.0,36.0
1882.8758743046444,87.0,7.0,0.0,6.0,0.0,36.0
1882.8765639598168,87.0,7.0,0.0,6.0,0.0,36.0
1883.1765639598168,87.0,7.0,0.0,6.0,0.0,36.0
1883.1772536149892,87.0,7.0,0.0,6.0,0.0,36.0
1883.4772536149892,87.0,7.0,0.0,6.0,0.0,36.0
1883.4779432701616,87.0,7.0,0.0,6.0,0.0,36.0
1883.7779432701616,87.0,7.0,0.0,6.0,0.0,36.0
1883.778632925334,87.0,7.0,0.0,6.0,0.0,36.0
1884.078632925334,87.0,7.0,0.0,6.0,0.0,36.0
1884.0793225805064,87.0,7.0,0.0,6.0,0.0,36.0
1884.3793225805064,87.0,7.0,0.0,6.0,0.0,36.0
1884.3800122356788,87.0,7.0,0.0,6.0,0.0,36.0
1884.6800122356788,87.0,7.0,0.0,6.0,0.0,36.0
1884.6807018908512,87.0,7.0,0.0,6.0,0.0,36.0
1884.9807018908512,87.0,7.0,0.0,6.0,0.0,36.0
1884.9813915460236,87.0,7.0,0.0,6.0,0.0,36.0
1885.2813915460235,87.0,7.0,0.0,6.0,0.0,36.0
1885.282081201196,87.0,8.0,0.0,6.0,0.0,36.0
1885.582081201196,87.0,8.0,0.0,6.0,0.0,36.0
1885.5827708563684,87.0,8.0,0.0,6.0,0.0,36.0
1885.8827708563683,87.0,8.0,0.0,6.0,0.0,36.0
1885.8834605115408,88.0,8.0,0.0,6.0,0.0,36.0
1886.1834605115407,88.0,8.0,0.0,6.0,0.0,36.0
1886.1841423297226,88.0,8.0,0.0,6.0,0.0,36.0
1886.4841423297225,88.0,8.0,0.0,6.0,0.0,36.0
1886.4848241479044,88.0,8.0,0.0,6.0,0.0,36.0
1886.7848241479044,88.0,8.0,0.0,6.0,0.0,36.0
1886.7855059660862,88.0,8.0,0.0,6.0,0.0,36.0
1887.0855059660862,88.0,8.0,0.0,6.0,0.0,36.0
1887.086187784268,88.0,8.0,0.0,6.0,0.0,36.0
1887.386187784268,88.0,8.0,0.0,6.0,0.0,36.0
1887.38686960245,88.0,8.0,0.0,6.0,0.0,36.0
1887.6868696024499,88.0,8.0,0.0,6.0,0.0,36.0
1887.6875514206317,88.0,8.0,0.0,6.0,0.0,36.0
1887.9875514206317,88.0,8.0,0.0,6.0,0.0,36.0
1887.9882332388136,88.0,8.0,0.0,6.0,0.0,36.0
1888.2882332388135,88.0,8.0,0.0,6.0,0.0,36.0
1888.2889150569954,88.0,8.0,0.0,6.0,0.0,36.0
1888.5889150569953,88.0,8.0,0.0,6.0,0.0,36.0
1888.5895968751772,88.0,8.0,0.0,6.0,0.0,36.0
1888.8895968751772,88.0,8.0,0.0,6.0,0.0,36.0
1888.890278693359,88.0,8.0,0.0,6.0,0.0,36.0
1889.190278693359,88.0,8.0,0.0,6.0,0.0,36.0
1889.1909605115409,87.0,8.0,0.0,6.0,0.0,36.0
1889.4909605115408,87.0,8.0,0.0,6.0,0.0,36.0
1889.4916501667133,87.0,8.0,0.0,6.0,0.0,36.0
1889.7916501667132,87.0,8.0,0.0,6.0,0.0,36.0
1889.7923398218857,87.0,8.0,0.0,6.0,0.0,36.0
1890.0923398218856,87.0,8.0,0.0,6.0,0.0,36.0
1890.093029477058,87.0,8.0,0.0,6.0,0.0,36.0
1890.393029477058,87.0,8.0,0.0,6.0,0.0,36.0
1890.3937191322304,87.0,8.0,0.0,6.0,0.0,36.0
1890.6937191322304,87.0,8.0,0.0,6.0,0.0,36.0
1890.6944087874028,87.0,8.0,0.0,6.0,0.0,36.0
1890.9944087874028,87.0,8.0,0.0,6.0,0.0,36.0
1890.9950984425752,87.0,8.0,0.0,6.0,0.0,36.0
1891.2950984425752,87.0,8.0,0.0,6.0,0.0,36.0
1891.2957880977476,87.0,8.0,0.0,6.0,0.0,36.0
1891.5957880977476,87.0,8.0,0.0,6.0,0.0,36.0
1891.59647775292,87.0,8.0,0.0,6.0,0.0,36.0
1891.89647775292,87.0,8.0,0.0,6.0,0.0,36.0
1891.8971674080924,87.0,8.0,0.0,6.0,0.0,36.0
1892.1971674080924,87.0,8.0,0.0,6.0,0.0,36.0
1892.1978570632648,87.0,8.0,0.0,6.0,0.0,36.0
1892.4978570632647,87.0,8.0,0.0,6.0,0.0,36.0
1892.4985467184372,87.0,8.0,0.0,6.0,0.0,36.0
1892.7985467184371,87.0,8.0,0.0,6.0,0.0,36.0
1892.7992363736096,87.0,8.0,0.0,6.0,0.0,36.0
1893.0992363736095,87.0,8.0,0.0,6.0,0.0,36.0
1893.099926028782,87.0,8.0,0.0,6.0,0.0,36.0
1893.399926028782,87.0,8.0,0.0,6.0,0.0,36.0
1893.4006156839544,87.0,8.0,0.0,6.0,0.0,36.0
1893.7006156839543,87.0,8.0,0.0,6.0,0.0,36.0
1893.7013053391267,87.0,8.0,0.0,6.0,0.0,36.0
1894.0013053391267,87.0,8.0,0.0,6.0,0.0,36.0
1894.0019949942991,87.0,8.0,0.0,6.0,0.0,36.0
1894.301994994299,87.0,8.0,0.0,6.0,0.0,36.0
1894.3026846494715,87.0,8.0,0.0,6.0,0.0,36.0
1894.6026846494715,87.0,8.0,0.0,6.0,0.0,36.0
1894.603374304644,87.0,8.0,0.0,6.0,0.0,36.0
1894.9033743046439,87.0,8.0,0.0,6.0,0.0,36.0
1894.9040639598163,87.0,8.0,0.0,6.0,0.0,36.0
1895.2040639598163,87.0,8.0,0.0,6.0,0.0,36.0
1895.2047536149887,87.0,8.0,0.0,6.0,0.0,36.0
1895.5047536149887,87.0,8.0,0.0,6.0,0.0,36.0
1895.505443270161,87.0,8.0,0.0,6.0,0.0,36.0
1895.805443270161,87.0,8.0,0.0,6.0,0.0,36.0
1895.8061329253335,87.0,8.0,0.0,6.0,0.0,36.0
1896.1061329253334,87.0,8.0,0.0,6.0,0.0,36.0
1896.1068225805059,87.0,8.0,0.0,6.0,0.0,36.0
1896.4068225805058,87.0,8.0,0.0,6.0,0.0,36.0
1896.4075122356783,87.0,8.0,0.0,6.0,0.0,36.0
1896.7075122356782,87.0,8.0,0.0,6.0,0.0,36.0
1896.7082018908507,87.0,8.0,0.0,6.0,0.0,36.0
1897.0082018908506,87.0,8.0,0.0,6.0,0.0,36.0
1897.008891546023,87.0,8.0,0.0,6.0,0.0,36.0
1897.308891546023,87.0,8.0,0.0,6.0,0.0,36.0
1897.3095812011954,87.0,8.0,0.0,6.0,0.0,36.0
1897.6095812011954,87.0,8.0,0.0,6.0,0.0,36.0
1897.6102708563678,87.0,8.0,0.0,6.0,0.0,36.0
1897.9102708563678,87.0,8.0,0.0,6.0,0.0,36.0
1897.9109605115402,87.0,8.0,0.0,6.0,0.0,36.0
1898.2109605115402,87.0,8.0,0.0,6.0,0.0,36.0
1898.2116501667126,87.0,8.0,0.0,4.0,0.0,37.0
1898.5116501667126,87.0,8.0,0.0,4.0,0.0,37.0
1898.512339821885,87.0,8.0,0.0,4.0,0.0,37.0
1898.812339821885,87.0,8.0,0.0,4.0,0.0,37.0
1898.8130294770574,87.0,8.0,0.0,4.0,0.0,37.0
1899.1130294770574,87.0,8.0,0.0,4.0,0.0,37.0
1899.1137191322298,87.0,8.0,0.0,4.0,0.0,37.0
1899.4137191322297,87.0,8.0,0.0,4.0,0.0,37.0
1899.4144087874022,87.0,8.0,0.0,4.0,0.0,37.0
1899.7144087874021,87.0,8.0,0.0,4.0,0.0,37.0
1899.7150984425746,87.0,8.0,0.0,4.0,0.0,37.0
1900.0150984425745,87.0,8.0,0.0,4.0,0.0,37.0
1900.015788097747,87.0,8.0,0.0,4.0,0.0,37.0
1900.315788097747,87.0,8.0,0.0,4.0,0.0,37.0
1900.3164777529194,87.0,8.0,0.0,4.0,0.0,37.0
1900.6164777529193,87.0,8.0,0.0,4.0,0.0,37.0
1900.6171674080917,87.0,8.0,0.0,4.0,0.0,37.0
1900.9171674080917,87.0,8.0,0.0,4.0,0.0,37.0
1900.9178570632641,87.0,8.0,0.0,4.0,0.0,37.0
1901.217857063264,87.0,8.0,0.0,4.0,0.0,37.0
1901.2185467184365,87.0,8.0,0.0,4.0,0.0,37.0
1901.5185467184365,87.0,8.0,0.0,4.0,0.0,37.0
1901.519236373609,87.0,8.0,0.0,4.0,0.0,37.0
1901.8192363736089,87.0,8.0,0.0,4.0,0.0,37.0
1901.8199260287813,87.0,8.0,0.0,4.0,0.0,37.0
1902.1199260287813,87.0,8.0,0.0,4.0,0.0,37.0
1902.1206156839537,87.0,8.0,0.0,4.0,0.0,37.0
1902.4206156839537,87.0,8.0,0.0,4.0,0.0,37.0
1902.421305339126,87.0,8.0,0.0,4.0,0.0,37.0
1902.721305339126,87.0,8.0,0.0,4.0,0.0,37.0
1902.7219949942985,87.0,8.0,0.0,4.0,0.0,37.0
1903.0219949942984,87.0,8.0,0.0,4.0,0.0,37.0
1903.0226846494709,87.0,8.0,0.0,4.0,0.0,37.0
1903.3226846494708,87.0,8.0,0.0,4.0,0.0,37.0
1903.3233743046433,87.0,8.0,0.0,4.0,0.0,37.0
1903.6233743046432,87.0,8.0,0.0,4.0,0.0,37.0
1903.6240639598157,87.0,8.0,0.0,4.0,0.0,37.0
1903.9240639598156,87.0,8.0,0.0,4.0,0.0,37.0
1903.924753614988,87.0,8.0,0.0,4.0,0.0,37.0
1904.224753614988,87.0,8.0,0.0,4.0,0.0,37.0
1904.2254432701604,87.0,8.0,0.0,4.0,0.0,37.0
1904.5254432701604,87.0,8.0,0.0,4.0,0.0,37.0
1904.5261329253328,87.0,8.0,0.0,4.0,0.0,37.0
1904.8261329253328,87.0,8.0,0.0,4.0,0.0,37.0
1904.8268225805052,87.0,8.0,0.0,4.0,0.0,37.0
1905.1268225805052,87.0,8.0,0.0,4.0,0.0,37.0
1905.1275122356776,87.0,8.0,0.0,4.0,0.0,37.0
1905.4275122356776,87.0,8.0,0.0,4.0,0.0,37.0
1905.42820189085,87.0,8.0,0.0,4.0,0.0,37.0
1905.72820189085,87.0,8.0,0.0,4.0,0.0,37.0
1905.7288915460224,87.0,8.0,0.0,4.0,0.0,37.0
1906.0288915460224,87.0,8.0,0.0,4.0,0.0,37.0
1906.0295812011948,87.0,8.0,0.0,4.0,0.0,37.0
1906.3295812011947,87.0,8.0,0.0,4.0,0.0,37.0
1906.3302708563672,87.0,8.0,0.0,4.0,0.0,37.0
1906.6302708563671,87.0,8.0,0.0,4.0,0.0,37.0
1906.6309605115396,87.0,8.0,0.0,4.0,0.0,37.0
1906.9309605115395,87.0,8.0,0.0,4.0,0.0,37.0
1906.931650166712,87.0,8.0,0.0,4.0,0.0,37.0
1907.231650166712,87.0,8.0,0.0,4.0,0.0,37.0
1907.2323398218844,87.0,8.0,0.0,4.0,0.0,37.0
1907.5323398218843,87.0,8.0,0.0,4.0,0.0,37.0
1907.5330294770567,87.0,8.0,0.0,4.0,0.0,37.0
1907.8330294770567,87.0,8.0,0.0,4.0,0.0,37.0
1907.8337191322291,88.0,8.0,0.0,4.0,0.0,37.0
1908.133719132229,88.0,8.0,0.0,4.0,0.0,37.0
1908.134400950411,88.0,8.0,0.0,4.0,0.0,37.0
1908.434400950411,88.0,8.0,0.0,4.0,0.0,37.0
1908.4350827685928,88.0,8.0,0.0,4.0,0.0,37.0
1908.7350827685927,88.0,8.0,0.0,4.0,0.0,37.0
1908.7357645867746,88.0,8.0,0.0,4.0,0.0,37.0
1909.0357645867746,88.0,8.0,0.0,4.0,0.0,37.0
1909.0364464049565,88.0,8.0,0.0,4.0,0.0,37.0
1909.3364464049564,88.0,8.0,0.0,4.0,0.0,37.0
1909.3371282231383,88.0,8.0,0.0,4.0,0.0,37.0
1909.6371282231382,88.0,8.0,0.0,4.0,0.0,37.0
1909.63781004132,88.0,8.0,0.0,4.0,0.0,37.0
1909.93781004132,88.0,8.0,0.0,4.0,0.0,37.0
1909.938491859502,88.0,8.0,0.0,4.0,0.0,37.0
1910.238491859502,88.0,8.0,0.0,4.0,0.0,37.0
1910.2391736776838,88.0,8.0,0.0,4.0,0.0,37.0
1910.5391736776837,88.0,8.0,0.0,4.0,0.0,37.0
1910.5398554958656,88.0,8.0,0.0,4.0,0.0,37.0
1910.8398554958655,88.0,8.0,0.0,4.0,0.0,37.0
1910.8405373140474,88.0,8.0,0.0,4.0,0.0,37.0
1911.1405373140474,88.0,8.0,0.0,4.0,0.0,37.0
1911.1412191322293,88.0,8.0,0.0,4.0,0.0,37.0
1911.4412191322292,88.0,8.0,0.0,4.0,0.0,37.0
1911.441900950411,88.0,8.0,0.0,4.0,0.0,37.0
1911.741900950411,88.0,8.0,0.0,4.0,0.0,37.0
1911.742582768593,88.0,8.0,0.0,4.0,0.0,37.0
1912.0425827685929,88.0,8.0,0.0,4.0,0.0,37.0
1912.0432645867747,88.0,8.0,0.0,4.0,0.0,37.0
1912.3432645867747,88.0,8.0,0.0,4.0,0.0,37.0
1912.3439464049566,88.0,8.0,0.0,4.0,0.0,37.0
1912.6439464049565,88.0,8.0,0.0,4.0,0.0,37.0
1912.6446282231384,88.0,8.0,0.0,4.0,0.0,37.0
1912.9446282231384,88.0,8.0,0.0,4.0,0.0,37.0
1912.9453100413202,88.0,8.0,0.0,4.0,0.0,37.0
1913.2453100413202,88.0,8.0,0.0,4.0,0.0,37.0
1913.245991859502,88.0,8.0,0.0,4.0,0.0,37.0
1913.545991859502,88.0,8.0,0.0,4.0,0.0,37.0
1913.5466736776839,88.0,8.0,0.0,4.0,0.0,37.0
1913.8466736776838,88.0,8.0,0.0,4.0,0.0,37.0
1913.8473554958657,88.0,8.0,0.0,4.0,0.0,37.0
1914.1473554958657,88.0,8.0,0.0,4.0,0.0,37.0
1914.1480373140475,88.0,8.0,0.0,4.0,0.0,37.0
1914.4480373140475,88.0,8.0,0.0,4.0,0.0,37.0
1914.4487191322294,88.0,8.0,0.0,4.0,0.0,37.0
1914.7487191322293,88.0,8.0,0.0,4.0,0.0,37.0
1914.7494009504112,88.0,8.0,0.0,4.0,0.0,37.0
1915.0494009504112,88.0,8.0,0.0,4.0,0.0,37.0
1915.050082768593,88.0,8.0,0.0,4.0,0.0,37.0
1915.350082768593,88.0,8.0,0.0,4.0,0.0,37.0
1915.3507645867749,88.0,8.0,0.0,4.0,0.0,37.0
1915.6507645867748,88.0,8.0,0.0,4.0,0.0,37.0
1915.6514464049567,88.0,8.0,0.0,4.0,0.0,37.0
1915.9514464049566,88.0,8.0,0.0,4.0,0.0,37.0
1915.9521282231385,88.0,8.0,0.0,4.0,0.0,37.0
1916.2521282231385,88.0,8.0,0.0,4.0,0.0,37.0
1916.2528100413203,88.0,8.0,0.0,4.0,0.0,37.0
1916.5528100413203,88.0,8.0,0.0,4.0,0.0,37.0
1916.5534918595022,88.0,8.0,0.0,4.0,0.0,37.0
1916.8534918595021,88.0,8.0,0.0,4.0,0.0,37.0
1916.854173677684,88.0,8.0,0.0,4.0,0.0,37.0
1917.154173677684,88.0,8.0,0.0,4.0,0.0,37.0
1917.1548554958658,88.0,8.0,0.0,4.0,0.0,37.0
1917.4548554958658,88.0,8.0,0.0,4.0,0.0,37.0
1917.4555373140477,88.0,8.0,0.0,4.0,0.0,37.0
1917.7555373140476,88.0,8.0,0.0,4.0,0.0,37.0
1917.7562191322295,88.0,8.0,0.0,4.0,0.0,37.0
1918.0562191322294,88.0,8.0,0.0,4.0,0.0,37.0
1918.0569009504113,88.0,8.0,0.0,4.0,0.0,37.0
1918.3569009504113,88.0,8.0,0.0,4.0,0.0,37.0
1918.3575827685931,88.0,8.0,0.0,4.0,0.0,37.0
1918.657582768593,88.0,8.0,0.0,4.0,0.0,37.0
1918.658264586775,88.0,8.0,0.0,4.0,0.0,37.0
1918.958264586775,88.0,8.0,0.0,4.0,0.0,37.0
1918.9589464049568,88.0,8.0,0.0,4.0,0.0,37.0
1919.2589464049568,88.0,8.0,0.0,4.0,0.0,37.0
1919.2596282231386,88.0,8.0,0.0,4.0,0.0,37.0
1919.5596282231386,88.0,8.0,0.0,4.0,0.0,37.0
1919.5603100413205,88.0,8.0,0.0,4.0,0.0,37.0
1919.8603100413204,88.0,8.0,0.0,4.0,0.0,37.0
1919.8609918595023,88.0,8.0,0.0,4.0,0.0,37.0
1920.1609918595022,88.0,8.0,0.0,4.0,0.0,37.0
1920.1616736776841,88.0,8.0,0.0,4.0,0.0,37.0
1920.461673677684,88.0,8.0,0.0,4.0,0.0,37.0
1920.462355495866,88.0,8.0,0.0,4.0,0.0,37.0
1920.762355495866,88.0,8.0,0.0,4.0,0.0,37.0
1920.7630373140478,88.0,8.0,0.0,4.0,0.0,37.0
1921.0630373140477,88.0,8.0,0.0,4.0,0.0,37.0
1921.0637191322296,88.0,8.0,0.0,4.0,0.0,37.0
1921.3637191322296,88.0,8.0,0.0,4.0,0.0,37.0
1921.3644009504114,88.0,8.0,0.0,4.0,0.0,37.0
1921.6644009504114,88.0,8.0,0.0,4.0,0.0,37.0
1921.6650827685933,88.0,8.0,0.0,4.0,0.0,37.0
1921.9650827685932,88.0,8.0,0.0,4.0,0.0,37.0
1921.965764586775,88.0,8.0,0.0,4.0,0.0,37.0
1922.265764586775,88.0,8.0,0.0,4.0,0.0,37.0
1922.266446404957,88.0,8.0,0.0,4.0,0.0,37.0
1922.5664464049569,88.0,8.0,0.0,4.0,0.0,37.0
1922.5671282231388,88.0,8.0,0.0,4.0,0.0,37.0
1922.8671282231387,88.0,8.0,0.0,4.0,0.0,37.0
1922.8678100413206,88.0,8.0,0.0,4.0,0.0,37.0
1923.1678100413205,88.0,8.0,0.0,4.0,0.0,37.0
1923.1684918595024,88.0,8.0,0.0,4.0,0.0,37.0
1923.4684918595024,88.0,8.0,0.0,4.0,0.0,37.0
1923.4691736776842,88.0,8.0,0.0,4.0,0.0,37.0
1923.7691736776842,88.0,8.0,0.0,4.0,0.0,37.0
1923.769855495866,88.0,8.0,0.0,4.0,0.0,37.0
1924.069855495866,88.0,8.0,0.0,4.0,0.0,37.0
1924.070537314048,88.0,8.0,0.0,4.0,0.0,37.0
1924.3705373140479,88.0,8.0,0.0,4.0,0.0,37.0
1924.3712191322297,88.0,8.0,0.0,4.0,0.0,37.0
1924.6712191322297,88.0,8.0,0.0,4.0,0.0,37.0
1924.6719009504116,88.0,8.0,0.0,4.0,0.0,37.0
1924.9719009504115,88.0,8.0,0.0,4.0,0.0,37.0
1924.9725827685934,88.0,8.0,0.0,4.0,0.0,37.0
1925.2725827685933,88.0,8.0,0.0,4.0,0.0,37.0
1925.2732645867752,88.0,8.0,0.0,4.0,0.0,37.0
1925.5732645867752,88.0,8.0,0.0,4.0,0.0,37.0
1925.573946404957,88.0,8.0,0.0,4.0,0.0,37.0
1925.873946404957,88.0,8.0,0.0,4.0,0.0,37.0
1925.8746282231389,88.0,8.0,0.0,4.0,0.0,37.0
1926.1746282231388,88.0,8.0,0.0,4.0,0.0,37.0
1926.1753100413207,88.0,8.0,0.0,4.0,0.0,37.0
1926.4753100413207,88.0,8.0,0.0,4.0,0.0,37.0
1926.4759918595025,88.0,8.0,0.0,4.0,0.0,37.0
1926.7759918595025,88.0,8.0,0.0,4.0,0.0,37.0
1926.7766736776844,88.0,8.0,0.0,4.0,0.0,37.0
1927.0766736776843,88.0,8.0,0.0,4.0,0.0,37.0
1927.0773554958662,88.0,8.0,0.0,4.0,0.0,37.0
1927.3773554958661,88.0,8.0,0.0,4.0,0.0,37.0
1927.378037314048,88.0,8.0,0.0,4.0,0.0,37.0
1927.678037314048,88.0,8.0,0.0,4.0,0.0,37.0
1927.6787191322298,88.0,8.0,0.0,4.0,0.0,37.0
1927.9787191322298,88.0,8.0,0.0,4.0,0.0,37.0
1927.9794009504117,88.0,8.0,0.0,4.0,0.0,37.0
1928.2794009504116,88.0,8.0,0.0,4.0,0.0,37.0
1928.2800827685935,88.0,8.0,0.0,4.0,0.0,37.0
1928.5800827685935,88.0,8.0,0.0,4.0,0.0,37.0
1928.5807645867753,88.0,8.0,0.0,4.0,0.0,37.0
1928.8807645867753,88.0,8.0,0.0,4.0,0.0,37.0
1928.8814464049572,88.0,8.0,0.0,4.0,0.0,37.0
1929.1814464049571,88.0,8.0,0.0,4.0,0.0,37.0
1929.182128223139,88.0,8.0,0.0,4.0,0.0,37.0
1929.482128223139,88.0,8.0,0.0,4.0,0.0,37.0
1929.4828100413208,88.0,8.0,0.0,4.0,0.0,37.0
1929.7828100413208,88.0,8.0,0.0,4.0,0.0,37.0
1929.7834918595026,88.0,8.0,0.0,4.0,0.0,37.0
1930.0834918595026,88.0,8.0,0.0,4.0,0.0,37.0
1930.0841736776845,88.0,8.0,0.0,4.0,0.0,37.0
1930.3841736776844,88.0,8.0,0.0,4.0,0.0,37.0
1930.3848554958663,88.0,8.0,0.0,4.0,0.0,37.0
1930.6848554958663,88.0,8.0,0.0,4.0,0.0,37.0
1930.6855373140481,88.0,8.0,0.0,4.0,0.0,37.0
1930.985537314048,88.0,8.0,0.0,4.0,0.0,37.0
1930.98621913223,88.0,8.0,0.0,4.0,0.0,37.0
1931.28621913223,88.0,8.0,0.0,4.0,0.0,37.0
1931.2869009504118,88.0,8.0,0.0,4.0,0.0,37.0
1931.5869009504117,88.0,8.0,0.0,4.0,0.0,37.0
1931.5875827685936,88.0,8.0,0.0,4.0,0.0,37.0
1931.8875827685936,88.0,8.0,0.0,4.0,0.0,37.0
1931.8882645867754,88.0,8.0,0.0,4.0,0.0,37.0
1932.1882645867754,88.0,8.0,0.0,4.0,0.0,37.0
1932.1889464049573,88.0,8.0,0.0,4.0,0.0,37.0
1932.4889464049572,88.0,8.0,0.0,4.0,0.0,37.0
1932.489628223139,88.0,8.0,0.0,4.0,0.0,37.0
1932.789628223139,88.0,8.0,0.0,4.0,0.0,37.0
1932.790310041321,88.0,8.0,0.0,4.0,0.0,37.0
1933.090310041321,88.0,8.0,0.0,4.0,0.0,37.0
1933.0909918595028,88.0,8.0,0.0,4.0,0.0,37.0
1933.3909918595027,88.0,8.0,0.0,4.0,0.0,37.0
1933.3916736776846,88.0,8.0,0.0,4.0,0.0,37.0
1933.6916736776845,88.0,8.0,0.0,4.0,0.0,37.0
1933.6923554958664,88.0,8.0,0.0,9.0,0.0,37.0
1933.9923554958664,88.0,8.0,0.0,9.0,0.0,37.0
1933.9930373140483,88.0,8.0,0.0,9.0,0.0,37.0
1934.2930373140482,88.0,8.0,0.0,9.0,0.0,37.0
1934.29371913223,88.0,8.0,0.0,9.0,0.0,37.0
1934.59371913223,88.0,8.0,0.0,9.0,0.0,37.0
1934.594400950412,88.0,8.0,0.0,9.0,0.0,37.0
1934.8944009504119,88.0,8.0,0.0,9.0,0.0,37.0
1934.8950827685937,88.0,8.0,0.0,9.0,0.0,37.0
1935.1950827685937,88.0,8.0,0.0,9.0,0.0,37.0
1935.1957645867756,88.0,8.0,0.0,9.0,0.0,37.0
1935.4957645867755,88.0,8.0,0.0,9.0,0.0,37.0
1935.4964464049574,88.0,8.0,0.0,9.0,0.0,37.0
1935.7964464049574,88.0,8.0,0.0,9.0,0.0,37.0
1935.7971282231392,88.0,8.0,0.0,9.0,0.0,37.0
1936.0971282231392,88.0,8.0,0.0,9.0,0.0,37.0
1936.097810041321,88.0,8.0,0.0,9.0,0.0,37.0
1936.397810041321,88.0,8.0,0.0,9.0,0.0,37.0
1936.3984918595029,88.0,8.0,0.0,9.0,0.0,37.0
1936.6984918595028,88.0,8.0,0.0,9.0,0.0,37.0
1936.6991736776847,87.0,8.0,0.0,9.0,0.0,37.0
1936.9991736776847,87.0,8.0,0.0,9.0,0.0,37.0
1936.999863332857,87.0,8.0,0.0,9.0,0.0,37.0
1937.299863332857,87.0,8.0,0.0,9.0,0.0,37.0
1937.3005529880295,87.0,8.0,0.0,9.0,0.0,37.0
1937.6005529880294,87.0,8.0,0.0,9.0,0.0,37.0
1937.6012426432019,87.0,8.0,0.0,9.0,0.0,37.0
1937.9012426432018,87.0,8.0,0.0,9.0,0.0,37.0
1937.9019322983743,87.0,8.0,0.0,9.0,0.0,37.0
1938.2019322983742,87.0,8.0,0.0,9.0,0.0,37.0
1938.2026219535467,87.0,8.0,0.0,9.0,0.0,37.0
1938.5026219535466,87.0,8.0,0.0,9.0,0.0,37.0
1938.503311608719,87.0,8.0,0.0,9.0,0.0,37.0
1938.803311608719,87.0,8.0,0.0,9.0,0.0,37.0
1938.8040012638915,87.0,8.0,0.0,9.0,0.0,37.0
1939.1040012638914,87.0,8.0,0.0,9.0,0.0,37.0
1939.1046909190638,87.0,8.0,0.0,9.0,0.0,37.0
1939.4046909190638,87.0,8.0,0.0,9.0,0.0,37.0
1939.4053805742362,87.0,8.0,0.0,9.0,0.0,37.0
1939.7053805742362,87.0,8.0,0.0,9.0,0.0,37.0
1939.7060702294086,87.0,8.0,0.0,9.0,0.0,37.0
1940.0060702294086,87.0,8.0,0.0,9.0,0.0,37.0
1940.006759884581,87.0,8.0,0.0,9.0,0.0,37.0
1940.306759884581,87.0,8.0,0.0,9.0,0.0,37.0
1940.3074495397534,87.0,8.0,0.0,9.0,0.0,37.0
1940.6074495397534,87.0,8.0,0.0,9.0,0.0,37.0
1940.6081391949258,87.0,8.0,0.0,9.0,0.0,37.0
1940.9081391949258,87.0,8.0,0.0,9.0,0.0,37.0
1940.9088288500982,87.0,8.0,0.0,9.0,0.0,37.0
1941.2088288500981,87.0,8.0,0.0,9.0,0.0,37.0
1941.2095185052706,87.0,8.0,0.0,9.0,0.0,37.0
1941.5095185052705,87.0,8.0,0.0,9.0,0.0,37.0
1941.510208160443,87.0,8.0,0.0,9.0,0.0,37.0
1941.810208160443,87.0,8.0,0.0,9.0,0.0,37.0
1941.8108978156154,87.0,8.0,0.0,9.0,0.0,37.0
1942.1108978156153,87.0,8.0,0.0,9.0,0.0,37.0
1942.1115874707878,87.0,8.0,0.0,9.0,0.0,37.0
1942.4115874707877,87.0,8.0,0.0,9.0,0.0,37.0
1942.4122771259601,87.0,8.0,0.0,9.0,0.0,37.0
1942.71227712596,87.0,8.0,0.0,9.0,0.0,37.0
1942.7129667811325,87.0,8.0,0.0,9.0,0.0,37.0
1943.0129667811325,87.0,8.0,0.0,9.0,0.0,37.0
1943.013656436305,87.0,8.0,0.0,9.0,0.0,37.0
1943.3136564363049,87.0,8.0,0.0,9.0,0.0,37.0
1943.3143460914773,87.0,8.0,0.0,9.0,0.0,37.0
1943.6143460914773,87.0,8.0,0.0,9.0,0.0,37.0
1943.6150357466497,87.0,8.0,0.0,9.0,0.0,37.0
1943.9150357466497,87.0,8.0,0.0,9.0,0.0,37.0
1943.915725401822,87.0,8.0,0.0,9.0,0.0,37.0
1944.215725401822,87.0,8.0,0.0,9.0,0.0,37.0
1944.2164150569945,87.0,8.0,0.0,9.0,0.0,37.0
1944.5164150569944,87.0,8.0,0.0,9.0,0.0,37.0
1944.5171047121669,87.0,8.0,0.0,9.0,0.0,37.0
1944.8171047121668,87.0,8.0,0.0,9.0,0.0,37.0
1944.8177943673393,87.0,8.0,0.0,7.0,0.0,38.0
1945.1177943673392,87.0,8.0,0.0,7.0,0.0,38.0
1945.1184840225117,87.0,8.0,0.0,7.0,0.0,38.0
1945.4184840225116,87.0,8.0,0.0,7.0,0.0,38.0
1945.419173677684,87.0,8.0,0.0,7.0,0.0,38.0
1945.719173677684,87.0,8.0,0.0,7.0,0.0,38.0
1945.7198633328564,87.0,8.0,0.0,7.0,0.0,38.0
1946.0198633328564,87.0,8.0,0.0,7.0,0.0,38.0
1946.0205529880288,87.0,8.0,0.0,7.0,0.0,38.0
1946.3205529880288,87.0,8.0,0.0,7.0,0.0,38.0
1946.3212426432012,87.0,8.0,0.0,7.0,0.0,38.0
1946.6212426432012,87.0,8.0,0.0,7.0,0.0,38.0
1946.6219322983736,87.0,8.0,0.0,7.0,0.0,38.0
1946.9219322983736,87.0,8.0,0.0,7.0,0.0,38.0
1946.922621953546,87.0,8.0,0.0,7.0,0.0,38.0
1947.222621953546,87.0,8.0,0.0,7.0,0.0,38.0
1947.2233116087184,87.0,8.0,0.0,7.0,0.0,38.0
1947.5233116087184,87.0,8.0,0.0,7.0,0.0,38.0
1947.5240012638908,87.0,8.0,0.0,7.0,0.0,38.0
1947.8240012638908,87.0,8.0,0.0,7.0,0.0,38.0
1947.8246909190632,87.0,8.0,0.0,7.0,0.0,38.0
1948.1246909190631,87.0,8.0,0.0,7.0,0.0,38.0
1948.1253805742356,87.0,8.0,0.0,7.0,0.0,38.0
1948.4253805742355,87.0,8.0,0.0,7.0,0.0,38.0
1948.426070229408,87.0,8.0,0.0,7.0,0.0,38.0
1948.726070229408,87.0,8.0,0.0,7.0,0.0,38.0
1948.7267598845804,87.0,8.0,0.0,7.0,0.0,38.0
1949.0267598845803,87.0,8.0,0.0,7.0,0.0,38.0
1949.0274495397528,87.0,8.0,0.0,7.0,0.0,38.0
1949.3274495397527,87.0,8.0,0.0,7.0,0.0,38.0
1949.3281391949251,87.0,8.0,0.0,12.0,0.0,38.0
1949.628139194925,87.0,8.0,0.0,12.0,0.0,38.0
1949.6285558615918,87.0,8.0,0.0,12.0,0.0,38.0
1949.9285558615918,87.0,8.0,0.0,12.0,0.0,38.0
1949.9289725282586,87.0,8.0,0.0,12.0,0.0,38.0
1950.2289725282585,87.0,8.0,0.0,12.0,0.0,38.0
1950.2293891949253,87.0,8.0,0.0,12.0,0.0,38.0
1950.5293891949252,87.0,8.0,0.0,12.0,0.0,38.0
1950.529805861592,87.0,8.0,0.0,12.0,0.0,38.0
1950.829805861592,87.0,8.0,0.0,12.0,0.0,38.0
1950.8302225282587,87.0,8.0,0.0,12.0,0.0,38.0
1951.1302225282586,87.0,8.0,0.0,12.0,0.0,38.0
1951.1306391949254,87.0,8.0,0.0,12.0,0.0,38.0
1951.4306391949253,87.0,8.0,0.0,12.0,0.0,38.0
1951.431055861592,87.0,8.0,0.0,12.0,0.0,38.0
1951.731055861592,87.0,8.0,0.0,12.0,0.0,38.0
1951.7314725282588,87.0,8.0,0.0,12.0,0.0,38.0
1952.0314725282587,87.0,8.0,0.0,12.0,0.0,38.0
1952.0318891949255,87.0,8.0,0.0,12.0,0.0,38.0
1952.3318891949255,87.0,8.0,0.0,12.0,0.0,38.0
1952.3323058615922,87.0,8.0,0.0,12.0,0.0,38.0
1952.6323058615922,87.0,8.0,0.0,12.0,0.0,38.0
1952.632722528259,87.0,8.0,0.0,12.0,0.0,38.0
1952.9327225282589,87.0,8.0,0.0,12.0,0.0,38.0
1952.9331391949256,87.0,8.0,0.0,12.0,0.0,38.0
1953.2331391949256,87.0,8.0,0.0,12.0,0.0,38.0
1953.2335558615923,87.0,8.0,0.0,12.0,0.0,38.0
1953.5335558615923,87.0,8.0,0.0,12.0,0.0,38.0
1953.533972528259,87.0,8.0,0.0,12.0,0.0,38.0
1953.833972528259,87.0,8.0,0.0,12.0,0.0,38.0
1953.8343891949257,87.0,8.0,0.0,12.0,0.0,38.0
1954.1343891949257,87.0,8.0,0.0,12.0,0.0,38.0
1954.1348058615924,87.0,8.0,0.0,12.0,0.0,38.0
1954.4348058615924,87.0,8.0,0.0,12.0,0.0,38.0
1954.4352225282591,87.0,8.0,0.0,12.0,0.0,38.0
1954.735222528259,87.0,8.0,0.0,12.0,0.0,38.0
1954.7356391949259,87.0,8.0,0.0,12.0,0.0,38.0
1955.0356391949258,87.0,8.0,0.0,12.0,0.0,38.0
1955.0360558615926,87.0,8.0,0.0,12.0,0.0,38.0
1955.3360558615925,87.0,8.0,0.0,12.0,0.0,38.0
1955.3364725282593,87.0,8.0,0.0,12.0,0.0,38.0
1955.6364725282592,87.0,8.0,0.0,12.0,0.0,38.0
1955.636889194926,87.0,8.0,0.0,12.0,0.0,38.0
1955.936889194926,87.0,8.0,0.0,12.0,0.0,38.0
1955.9373058615927,87.0,8.0,0.0,12.0,0.0,38.0
1956.2373058615926,87.0,8.0,0.0,12.0,0.0,38.0
1956.2377225282594,87.0,8.0,0.0,12.0,0.0,38.0
1956.5377225282593,87.0,8.0,0.0,12.0,0.0,38.0
1956.538139194926,87.0,8.0,0.0,12.0,0.0,38.0
1956.838139194926,87.0,8.0,0.0,12.0,0.0,38.0
1956.8385558615928,87.0,8.0,0.0,12.0,0.0,38.0
1957.1385558615927,87.0,8.0,0.0,12.0,0.0,38.0
1957.1389725282595,87.0,8.0,0.0,12.0,0.0,38.0
1957.4389725282595,87.0,8.0,0.0,12.0,0.0,38.0
1957.4393891949262,87.0,8.0,0.0,12.0,0.0,38.0
1957.7393891949262,87.0,8.0,0.0,12.0,0.0,38.0
1957.739805861593,87.0,8.0,0.0,12.0,0.0,38.0
1958.0398058615929,87.0,8.0,0.0,12.0,0.0,38.0
1958.0402225282596,87.0,8.0,0.0,12.0,0.0,38.0
1958.3402225282596,87.0,8.0,0.0,12.0,0.0,38.0
1958.3406391949263,87.0,8.0,0.0,12.0,0.0,38.0
1958.6406391949263,87.0,8.0,0.0,12.0,0.0,38.0
1958.641055861593,87.0,8.0,0.0,10.0,0.0,39.0
1958.941055861593,87.0,8.0,0.0,10.0,0.0,39.0
1958.941655861593,87.0,8.0,0.0,10.0,0.0,39.0
1959.241655861593,87.0,8.0,0.0,10.0,0.0,39.0
1959.242255861593,87.0,8.0,0.0,10.0,0.0,39.0
1959.542255861593,87.0,8.0,0.0,10.0,0.0,39.0
1959.5428558615931,87.0,8.0,0.0,10.0,0.0,39.0
1959.842855861593,87.0,8.0,0.0,10.0,0.0,39.0
1959.8434558615932,87.0,8.0,0.0,10.0,0.0,39.0
1960.143455861593,87.0,8.0,0.0,10.0,0.0,39.0
1960.1440558615932,87.0,8.0,0.0,10.0,0.0,39.0
1960.4440558615931,87.0,8.0,0.0,10.0,0.0,39.0
1960.4446558615932,87.0,8.0,0.0,10.0,0.0,39.0
1960.7446558615932,87.0,8.0,0.0,10.0,0.0,39.0
1960.7452558615933,87.0,8.0,0.0,10.0,0.0,39.0
1961.0452558615932,87.0,8.0,0.0,10.0,0.0,39.0
1961.0458558615933,87.0,8.0,0.0,10.0,0.0,39.0
1961.3458558615932,87.0,8.0,0.0,10.0,0.0,39.0
1961.3464558615933,87.0,8.0,0.0,10.0,0.0,39.0
1961.6464558615933,87.0,8.0,0.0,10.0,0.0,39.0
1961.6470558615933,87.0,8.0,0.0,10.0,0.0,39.0
1961.9470558615933,87.0,8.0,0.0,10.0,0.0,39.0
1961.9476558615934,87.0,8.0,0.0,8.0,0.0,40.0
1962.2476558615933,87.0,8.0,0.0,8.0,0.0,40.0
1962.2483455167658,87.0,8.0,0.0,8.0,0.0,40.0
1962.5483455167657,87.0,8.0,0.0,8.0,0.0,40.0
1962.5490351719382,87.0,8.0,0.0,8.0,0.0,40.0
1962.849035171938,87.0,8.0,0.0,8.0,0.0,40.0
1962.8497248271105,87.0,8.0,0.0,8.0,0.0,40.0
1963.1497248271105,87.0,8.0,0.0,8.0,0.0,40.0
1963.150414482283,87.0,8.0,0.0,8.0,0.0,40.0
1963.450414482283,87.0,8.0,0.0,8.0,0.0,40.0
1963.4511041374553,87.0,8.0,0.0,8.0,0.0,40.0
1963.7511041374553,87.0,8.0,0.0,8.0,0.0,40.0
1963.7517937926277,87.0,8.0,0.0,8.0,0.0,40.0
1964.0517937926277,87.0,8.0,0.0,8.0,0.0,40.0
1964.0524834478001,87.0,8.0,0.0,8.0,0.0,40.0
1964.3524834478,87.0,8.0,0.0,8.0,0.0,40.0
1964.3531731029725,87.0,8.0,0.0,8.0,0.0,40.0
1964.6531731029725,87.0,8.0,0.0,8.0,0.0,40.0
1964.653862758145,87.0,8.0,0.0,8.0,0.0,40.0
1964.9538627581449,87.0,8.0,0.0,8.0,0.0,40.0
1964.9545524133173,87.0,8.0,0.0,8.0,0.0,40.0
1965.2545524133172,87.0,8.0,0.0,8.0,0.0,40.0
1965.2552420684897,87.0,8.0,0.0,8.0,0.0,40.0
1965.5552420684896,87.0,8.0,0.0,8.0,0.0,40.0
1965.555931723662,87.0,8.0,0.0,8.0,0.0,40.0
1965.855931723662,87.0,8.0,0.0,8.0,0.0,40.0
1965.8566213788345,87.0,8.0,0.0,8.0,0.0,40.0
1966.1566213788344,87.0,8.0,0.0,8.0,0.0,40.0
1966.1573110340069,87.0,8.0,0.0,8.0,0.0,40.0
1966.4573110340068,87.0,8.0,0.0,8.0,0.0,40.0
1966.4580006891792,87.0,8.0,0.0,8.0,0.0,40.0
1966.7580006891792,87.0,8.0,0.0,8.0,0.0,40.0
1966.7586903443516,87.0,8.0,0.0,8.0,0.0,40.0
1967.0586903443516,87.0,8.0,0.0,8.0,0.0,40.0
1967.059379999524,87.0,8.0,0.0,8.0,0.0,40.0
1967.359379999524,87.0,8.0,0.0,8.0,0.0,40.0
1967.3600696546964,87.0,8.0,0.0,8.0,0.0,40.0
1967.6600696546964,87.0,8.0,0.0,8.0,0.0,40.0
1967.6607593098688,87.0,8.0,0.0,8.0,0.0,40.0
1967.9607593098688,87.0,8.0,0.0,8.0,0.0,40.0
1967.9614489650412,87.0,8.0,0.0,8.0,0.0,40.0
1968.2614489650412,87.0,8.0,0.0,8.0,0.0,40.0
1968.2621386202136,87.0,8.0,0.0,8.0,0.0,40.0
1968.5621386202135,87.0,8.0,0.0,8.0,0.0,40.0
1968.562828275386,87.0,8.0,0.0,8.0,0.0,40.0
1968.862828275386,87.0,8.0,0.0,8.0,0.0,40.0
1968.8635179305584,87.0,8.0,0.0,8.0,0.0,40.0
1969.1635179305583,87.0,8.0,0.0,8.0,0.0,40.0
1969.1642075857308,87.0,8.0,0.0,8.0,0.0,40.0
1969.4642075857307,87.0,8.0,0.0,8.0,0.0,40.0
1969.4648972409032,87.0,8.0,0.0,8.0,0.0,40.0
1969.764897240903,87.0,8.0,0.0,8.0,0.0,40.0
1969.7655868960755,87.0,8.0,0.0,8.0,0.0,40.0
1970.0655868960755,87.0,8.0,0.0,8.0,0.0,40.0
1970.066276551248,87.0,8.0,0.0,8.0,0.0,40.0
1970.366276551248,87.0,8.0,0.0,8.0,0.0,40.0
1970.3669662064203,87.0,8.0,0.0,8.0,0.0,40.0
1970.6669662064203,87.0,8.0,0.0,8.0,0.0,40.0
1970.6676558615927,87.0,8.0,0.0,8.0,0.0,40.0
1970.9676558615927,87.0,8.0,0.0,8.0,0.0,40.0
1970.968345516765,87.0,8.0,0.0,8.0,0.0,40.0
1971.268345516765,87.0,8.0,0.0,8.0,0.0,40.0
1971.2690351719375,87.0,8.0,0.0,8.0,0.0,40.0
1971.5690351719375,87.0,8.0,0.0,8.0,0.0,40.0
1971.56972482711,87.0,8.0,0.0,8.0,0.0,40.0
1971.8697248271098,87.0,8.0,0.0,8.0,0.0,40.0
1971.8704144822823,87.0,8.0,0.0,8.0,0.0,40.0
1972.1704144822822,87.0,8.0,0.0,8.0,0.0,40.0
1972.1711041374547,87.0,8.0,0.0,8.0,0.0,40.0
1972.4711041374546,87.0,8.0,0.0,8.0,0.0,40.0
1972.471793792627,87.0,8.0,0.0,8.0,0.0,40.0
1972.771793792627,87.0,8.0,0.0,8.0,0.0,40.0
1972.7724834477995,87.0,8.0,0.0,8.0,0.0,40.0
1973.0724834477994,87.0,8.0,0.0,8.0,0.0,40.0
1973.0731731029719,87.0,8.0,0.0,8.0,0.0,40.0
1973.3731731029718,87.0,8.0,0.0,8.0,0.0,40.0
1973.3738627581442,87.0,8.0,0.0,8.0,0.0,40.0
1973.6738627581442,87.0,8.0,0.0,8.0,0.0,40.0
1973.6745524133166,87.0,8.0,0.0,8.0,0.0,40.0
1973.9745524133166,87.0,8.0,0.0,8.0,0.0,40.0
1973.975242068489,87.0,8.0,0.0,8.0,0.0,40.0
1974.275242068489,87.0,8.0,0.0,8.0,0.0,40.0
1974.2759317236614,87.0,8.0,0.0,8.0,0.0,40.0
1974.5759317236614,87.0,8.0,0.0,8.0,0.0,40.0
1974.5766213788338,87.0,8.0,0.0,8.0,0.0,40.0
1974.8766213788338,87.0,8.0,0.0,8.0,0.0,40.0
1974.8773110340062,87.0,8.0,0.0,8.0,0.0,40.0
1975.1773110340062,87.0,8.0,0.0,8.0,0.0,40.0
1975.1780006891786,87.0,8.0,0.0,8.0,0.0,40.0
1975.4780006891785,87.0,8.0,0.0,8.0,0.0,40.0
1975.478690344351,87.0,8.0,0.0,8.0,0.0,40.0
1975.778690344351,87.0,8.0,0.0,8.0,0.0,40.0
1975.7793799995234,87.0,8.0,0.0,8.0,0.0,40.0
1976.0793799995233,87.0,8.0,0.0,8.0,0.0,40.0
1976.0800696546958,87.0,8.0,0.0,8.0,0.0,40.0
1976.3800696546957,87.0,8.0,0.0,8.0,0.0,40.0
1976.3807593098682,87.0,8.0,0.0,8.0,0.0,40.0
1976.680759309868,87.0,8.0,0.0,8.0,0.0,40.0
1976.6814489650405,87.0,8.0,0.0,8.0,0.0,40.0
1976.9814489650405,87.0,8.0,0.0,8.0,0.0,40.0
1976.982138620213,87.0,8.0,0.0,8.0,0.0,40.0
1977.282138620213,87.0,8.0,0.0,8.0,0.0,40.0
1977.2828282753853,87.0,8.0,0.0,8.0,0.0,40.0
1977.5828282753853,87.0,8.0,0.0,8.0,0.0,40.0
1977.5835179305577,87.0,8.0,0.0,8.0,0.0,40.0
1977.8835179305577,87.0,8.0,0.0,8.0,0.0,40.0
1977.88420758573,87.0,8.0,0.0,8.0,0.0,40.0
1978.18420758573,87.0,8.0,0.0,8.0,0.0,40.0
1978.1848972409025,87.0,8.0,0.0,8.0,0.0,40.0
1978.4848972409025,87.0,8.0,0.0,8.0,0.0,40.0
1978.485586896075,87.0,8.0,0.0,8.0,0.0,40.0
1978.7855868960748,87.0,8.0,0.0,8.0,0.0,40.0
1978.7862765512473,87.0,8.0,0.0,8.0,0.0,40.0
1979.0862765512472,87.0,8.0,0.0,8.0,0.0,40.0
1979.0869662064197,87.0,8.0,0.0,8.0,0.0,40.0
1979.3869662064196,87.0,8.0,0.0,8.0,0.0,40.0
1979.387655861592,87.0,8.0,0.0,8.0,0.0,40.0
1979.687655861592,87.0,8.0,0.0,8.0,0.0,40.0
1979.6883455167645,87.0,8.0,0.0,8.0,0.0,40.0
1979.9883455167644,87.0,8.0,0.0,8.0,0.0,40.0
1979.9890351719368,87.0,8.0,0.0,8.0,0.0,40.0
1980.2890351719368,87.0,8.0,0.0,8.0,0.0,40.0
1980.2897248271092,87.0,8.0,0.0,8.0,0.0,40.0
1980.5897248271092,87.0,8.0,0.0,8.0,0.0,40.0
1980.5904144822816,87.0,8.0,0.0,8.0,0.0,40.0
1980.8904144822816,87.0,8.0,0.0,8.0,0.0,40.0
1980.891104137454,87.0,8.0,0.0,8.0,0.0,40.0
1981.191104137454,87.0,8.0,0.0,8.0,0.0,40.0
1981.1917937926264,87.0,8.0,0.0,8.0,0.0,40.0
1981.4917937926264,87.0,8.0,0.0,8.0,0.0,40.0
1981.4924834477988,87.0,8.0,0.0,8.0,0.0,40.0
1981.7924834477988,87.0,8.0,0.0,8.0,0.0,40.0
1981.7931731029712,87.0,8.0,0.0,8.0,0.0,40.0
1982.0931731029712,87.0,8.0,0.0,8.0,0.0,40.0
1982.0938627581436,87.0,8.0,0.0,8.0,0.0,40.0
1982.3938627581435,87.0,8.0,0.0,8.0,0.0,40.0
1982.394552413316,87.0,8.0,0.0,8.0,0.0,40.0
1982.694552413316,87.0,8.0,0.0,8.0,0.0,40.0
1982.6952420684884,87.0,8.0,0.0,8.0,0.0,40.0
1982.9952420684883,87.0,8.0,0.0,8.0,0.0,40.0
1982.9959317236608,87.0,8.0,0.0,8.0,0.0,40.0
1983.2959317236607,87.0,8.0,0.0,8.0,0.0,40.0
1983.2966213788332,87.0,8.0,0.0,8.0,0.0,40.0
1983.596621378833,87.0,8.0,0.0,8.0,0.0,40.0
1983.5973110340055,87.0,8.0,0.0,8.0,0.0,40.0
1983.8973110340055,87.0,8.0,0.0,8.0,0.0,40.0
1983.898000689178,87.0,8.0,0.0,8.0,0.0,40.0
1984.198000689178,87.0,8.0,0.0,8.0,0.0,40.0
1984.1986903443503,87.0,8.0,0.0,8.0,0.0,40.0
1984.4986903443503,87.0,8.0,0.0,8.0,0.0,40.0
1984.4993799995227,87.0,8.0,0.0,8.0,0.0,40.0
1984.7993799995227,87.0,8.0,0.0,8.0,0.0,40.0
1984.800069654695,87.0,8.0,0.0,8.0,0.0,40.0
1985.100069654695,87.0,8.0,0.0,8.0,0.0,40.0
1985.1007593098675,87.0,8.0,0.0,8.0,0.0,40.0
1985.4007593098675,87.0,8.0,0.0,8.0,0.0,40.0
1985.40144896504,87.0,8.0,0.0,8.0,0.0,40.0
1985.7014489650398,87.0,8.0,0.0,8.0,0.0,40.0
1985.7021386202123,87.0,8.0,0.0,8.0,0.0,40.0
1986.0021386202122,87.0,8.0,0.0,8.0,0.0,40.0
1986.0028282753847,87.0,8.0,0.0,8.0,0.0,40.0
1986.3028282753846,87.0,8.0,0.0,8.0,0.0,40.0
1986.303517930557,87.0,8.0,0.0,8.0,0.0,40.0
1986.603517930557,87.0,8.0,0.0,8.0,0.0,40.0
1986.6042075857295,87.0,8.0,0.0,8.0,0.0,40.0
1986.9042075857294,87.0,8.0,0.0,8.0,0.0,40.0
1986.9048972409018,87.0,8.0,0.0,8.0,0.0,40.0
1987.2048972409018,87.0,8.0,0.0,8.0,0.0,40.0
1987.2055868960742,87.0,8.0,0.0,8.0,0.0,40.0
1987.5055868960742,87.0,8.0,0.0,8.0,0.0,40.0
1987.5062765512466,87.0,8.0,0.0,6.0,0.0,41.0
1987.8062765512466,87.0,8.0,0.0,6.0,0.0,41.0
1987.806966206419,87.0,8.0,0.0,6.0,0.0,41.0
1988.106966206419,87.0,8.0,0.0,6.0,0.0,41.0
1988.1076558615914,87.0,8.0,0.0,6.0,0.0,41.0
1988.4076558615914,87.0,8.0,0.0,6.0,0.0,41.0
1988.4083455167638,87.0,8.0,0.0,6.0,0.0,41.0
1988.7083455167638,87.0,8.0,0.0,6.0,0.0,41.0
1988.7090351719362,87.0,8.0,0.0,6.0,0.0,41.0
1989.0090351719361,87.0,8.0,0.0,6.0,0.0,41.0
1989.0097248271086,87.0,8.0,0.0,6.0,0.0,41.0
1989.3097248271085,87.0,8.0,0.0,6.0,0.0,41.0
1989.310414482281,87.0,8.0,0.0,6.0,0.0,41.0
1989.610414482281,87.0,8.0,0.0,6.0,0.0,41.0
1989.6111041374534,87.0,8.0,0.0,6.0,0.0,41.0
1989.9111041374533,87.0,8.0,0.0,6.0,0.0,41.0
1989.9117937926258,87.0,8.0,0.0,6.0,0.0,41.0
1990.2117937926257,87.0,8.0,0.0,6.0,0.0,41.0
1990.2124834477981,87.0,8.0,0.0,6.0,0.0,41.0
1990.512483447798,87.0,8.0,0.0,6.0,0.0,41.0
1990.5131731029705,87.0,8.0,0.0,6.0,0.0,41.0
1990.8131731029705,87.0,8.0,0.0,6.0,0.0,41.0
1990.813862758143,87.0,8.0,0.0,6.0,0.0,41.0
1991.113862758143,87.0,8.0,0.0,6.0,0.0,41.0
1991.1145524133153,87.0,8.0,0.0,6.0,0.0,41.0
1991.4145524133153,87.0,8.0,0.0,6.0,0.0,41.0
1991.4152420684877,87.0,8.0,0.0,6.0,0.0,41.0
1991.7152420684877,87.0,8.0,0.0,6.0,0.0,41.0
1991.71593172366,88.0,8.0,0.0,6.0,0.0,41.0
1992.01593172366,88.0,8.0,0.0,6.0,0.0,41.0
1992.016613541842,88.0,8.0,0.0,6.0,0.0,41.0
1992.316613541842,88.0,8.0,0.0,6.0,0.0,41.0
1992.3172953600238,88.0,8.0,0.0,6.0,0.0,41.0
1992.6172953600237,88.0,8.0,0.0,6.0,0.0,41.0
1992.6179771782056,88.0,8.0,0.0,6.0,0.0,41.0
1992.9179771782055,88.0,8.0,0.0,6.0,0.0,41.0
1992.9186589963874,88.0,8.0,0.0,6.0,0.0,41.0
1993.2186589963874,88.0,8.0,0.0,6.0,0.0,41.0
1993.2193408145693,88.0,8.0,0.0,6.0,0.0,41.0
1993.5193408145692,88.0,8.0,0.0,6.0,0.0,41.0
1993.520022632751,88.0,8.0,0.0,6.0,0.0,41.0
1993.820022632751,88.0,8.0,0.0,6.0,0.0,41.0
1993.820704450933,88.0,8.0,0.0,6.0,0.0,41.0
1994.1207044509329,88.0,8.0,0.0,6.0,0.0,41.0
1994.1213862691147,88.0,8.0,0.0,6.0,0.0,41.0
1994.4213862691147,88.0,8.0,0.0,6.0,0.0,41.0
1994.4220680872966,88.0,8.0,0.0,6.0,0.0,41.0
1994.7220680872965,88.0,8.0,0.0,6.0,0.0,41.0
1994.7227499054784,88.0,8.0,0.0,6.0,0.0,41.0
1995.0227499054783,88.0,8.0,0.0,6.0,0.0,41.0
1995.0234317236602,88.0,8.0,0.0,6.0,0.0,41.0
1995.3234317236602,88.0,8.0,0.0,6.0,0.0,41.0
1995.324113541842,88.0,8.0,0.0,6.0,0.0,41.0
1995.624113541842,88.0,8.0,0.0,6.0,0.0,41.0
1995.6247953600239,88.0,8.0,0.0,6.0,0.0,41.0
1995.9247953600238,88.0,8.0,0.0,6.0,0.0,41.0
1995.9254771782057,88.0,8.0,0.0,6.0,0.0,41.0
1996.2254771782057,88.0,8.0,0.0,6.0,0.0,41.0
1996.2261589963875,88.0,8.0,0.0,6.0,0.0,41.0
1996.5261589963875,88.0,8.0,0.0,6.0,0.0,41.0
1996.5268408145694,88.0,8.0,0.0,6.0,0.0,41.0
1996.8268408145693,88.0,8.0,0.0,6.0,0.0,41.0
1996.8275226327512,88.0,8.0,0.0,6.0,0.0,41.0
1997.1275226327512,88.0,8.0,0.0,6.0,0.0,41.0
1997.128204450933,88.0,8.0,0.0,6.0,0.0,41.0
1997.428204450933,88.0,8.0,0.0,6.0,0.0,41.0
1997.4288862691149,88.0,8.0,0.0,6.0,0.0,41.0
1997.7288862691148,88.0,8.0,0.0,6.0,0.0,41.0
1997.7295680872967,88.0,8.0,0.0,6.0,0.0,41.0
1998.0295680872966,88.0,8.0,0.0,6.0,0.0,41.0
1998.0302499054785,88.0,8.0,0.0,6.0,0.0,41.0
1998.3302499054785,88.0,8.0,0.0,6.0,0.0,41.0
1998.3309317236603,88.0,8.0,0.0,6.0,0.0,41.0
1998.6309317236603,88.0,8.0,0.0,6.0,0.0,41.0
1998.6316135418422,88.0,8.0,0.0,6.0,0.0,41.0
1998.9316135418421,88.0,8.0,0.0,6.0,0.0,41.0
1998.932295360024,88.0,8.0,0.0,6.0,0.0,41.0
1999.232295360024,88.0,8.0,0.0,6.0,0.0,41.0
1999.2329771782058,88.0,8.0,0.0,6.0,0.0,41.0
1999.5329771782058,88.0,8.0,0.0,6.0,0.0,41.0
1999.5336589963877,88.0,8.0,0.0,4.0,0.0,42.0
1999.8336589963876,88.0,8.0,0.0,4.0,0.0,42.0
1999.8343408145695,88.0,8.0,0.0,4.0,0.0,42.0
2000.1343408145694,88.0,8.0,0.0,4.0,0.0,42.0
2000.1350226327513,88.0,8.0,0.0,4.0,0.0,42.0
2000.4350226327513,88.0,8.0,0.0,4.0,0.0,42.0
2000.4357044509331,88.0,8.0,0.0,4.0,0.0,42.0
2000.735704450933,88.0,8.0,0.0,4.0,0.0,42.0
2000.736386269115,88.0,8.0,0.0,4.0,0.0,42.0
2001.036386269115,88.0,8.0,0.0,4.0,0.0,42.0
2001.0370680872968,88.0,8.0,0.0,4.0,0.0,42.0
2001.3370680872968,88.0,8.0,0.0,4.0,0.0,42.0
2001.3377499054786,88.0,8.0,0.0,4.0,0.0,42.0
2001.6377499054786,88.0,8.0,0.0,4.0,0.0,42.0
2001.6384317236605,88.0,8.0,0.0,4.0,0.0,42.0
2001.9384317236604,88.0,8.0,0.0,4.0,0.0,42.0
2001.9391135418423,88.0,8.0,0.0,4.0,0.0,42.0
2002.2391135418422,88.0,8.0,0.0,4.0,0.0,42.0
2002.2397953600241,88.0,8.0,0.0,4.0,0.0,42.0
2002.539795360024,88.0,8.0,0.0,4.0,0.0,42.0
2002.540477178206,88.0,8.0,0.0,4.0,0.0,42.0
2002.840477178206,88.0,8.0,0.0,4.0,0.0,42.0
2002.8411589963878,88.0,8.0,0.0,4.0,0.0,42.0
2003.1411589963877,88.0,8.0,0.0,4.0,0.0,42.0
2003.1418408145696,88.0,8.0,0.0,4.0,0.0,42.0
2003.4418408145696,88.0,8.0,0.0,4.0,0.0,42.0
2003.4425226327514,88.0,8.0,0.0,4.0,0.0,42.0
2003.7425226327514,88.0,8.0,0.0,4.0,0.0,42.0
2003.7432044509333,88.0,8.0,0.0,4.0,0.0,42.0
2004.0432044509332,88.0,8.0,0.0,4.0,0.0,42.0
2004.043886269115,88.0,8.0,0.0,4.0,0.0,42.0
2004.343886269115,88.0,8.0,0.0,4.0,0.0,42.0
2004.344568087297,88.0,8.0,0.0,4.0,0.0,42.0
2004.6445680872969,88.0,8.0,0.0,4.0,0.0,42.0
2004.6452499054787,88.0,8.0,0.0,4.0,0.0,42.0
2004.9452499054787,88.0,8.0,0.0,4.0,0.0,42.0
2004.9459317236606,88.0,8.0,0.0,4.0,0.0,42.0
2005.2459317236605,88.0,8.0,0.0,4.0,0.0,42.0
2005.2466135418424,88.0,8.0,0.0,4.0,0.0,42.0
2005.5466135418424,88.0,8.0,0.0,4.0,0.0,42.0
2005.5472953600242,88.0,8.0,0.0,4.0,0.0,42.0
2005.8472953600242,88.0,8.0,0.0,4.0,0.0,42.0
2005.847977178206,88.0,8.0,0.0,4.0,0.0,42.0
2006.147977178206,88.0,8.0,0.0,4.0,0.0,42.0
2006.148658996388,88.0,8.0,0.0,4.0,0.0,42.0
2006.4486589963878,88.0,8.0,0.0,4.0,0.0,42.0
2006.4493408145697,88.0,8.0,0.0,4.0,0.0,42.0
2006.7493408145697,88.0,8.0,0.0,4.0,0.0,42.0
2006.7500226327516,88.0,8.0,0.0,4.0,0.0,42.0
2007.0500226327515,88.0,8.0,0.0,4.0,0.0,42.0
2007.0507044509334,88.0,8.0,0.0,4.0,0.0,42.0
2007.3507044509333,88.0,8.0,0.0,4.0,0.0,42.0
2007.3513862691152,88.0,8.0,0.0,4.0,0.0,42.0
2007.6513862691152,88.0,8.0,0.0,4.0,0.0,42.0
2007.652068087297,88.0,8.0,0.0,4.0,0.0,42.0
2007.952068087297,88.0,8.0,0.0,4.0,0.0,42.0
2007.9527499054789,88.0,8.0,0.0,4.0,0.0,42.0
2008.2527499054788,88.0,8.0,0.0,4.0,0.0,42.0
2008.2534317236607,88.0,8.0,0.0,4.0,0.0,42.0
2008.5534317236607,88.0,8.0,0.0,4.0,0.0,42.0
2008.5541135418425,88.0,8.0,0.0,4.0,0.0,42.0
2008.8541135418425,88.0,8.0,0.0,4.0,0.0,42.0
2008.8547953600244,88.0,8.0,0.0,4.0,0.0,42.0
2009.1547953600243,88.0,8.0,0.0,4.0,0.0,42.0
2009.1554771782062,88.0,8.0,0.0,4.0,0.0,42.0
2009.4554771782061,88.0,8.0,0.0,4.0,0.0,42.0
2009.456158996388,88.0,8.0,0.0,4.0,0.0,42.0
2009.756158996388,88.0,8.0,0.0,4.0,0.0,42.0
2009.7568408145698,88.0,8.0,0.0,4.0,0.0,42.0
2010.0568408145698,88.0,8.0,0.0,4.0,0.0,42.0
2010.0575226327517,88.0,8.0,0.0,4.0,0.0,42.0
2010.3575226327516,88.0,8.0,0.0,4.0,0.0,42.0
2010.3582044509335,88.0,8.0,0.0,4.0,0.0,42.0
2010.6582044509335,88.0,8.0,0.0,4.0,0.0,42.0
2010.6588862691153,88.0,8.0,0.0,4.0,0.0,42.0
2010.9588862691153,88.0,8.0,0.0,4.0,0.0,42.0
2010.9595680872972,88.0,8.0,0.0,4.0,0.0,42.0
2011.259568087297,88.0,8.0,0.0,4.0,0.0,42.0
2011.260249905479,88.0,8.0,0.0,4.0,0.0,42.0
2011.560249905479,88.0,8.0,0.0,4.0,0.0,42.0
2011.5609317236608,88.0,8.0,0.0,4.0,0.0,42.0
2011.8609317236608,88.0,8.0,0.0,4.0,0.0,42.0
2011.8616135418426,88.0,8.0,0.0,4.0,0.0,42.0
2012.1616135418426,88.0,8.0,0.0,4.0,0.0,42.0
2012.1622953600245,88.0,8.0,0.0,4.0,0.0,42.0
2012.4622953600244,88.0,8.0,0.0,4.0,0.0,42.0
2012.4629771782063,88.0,8.0,0.0,4.0,0.0,42.0
2012.7629771782063,88.0,8.0,0.0,4.0,0.0,42.0
2012.7636589963881,88.0,8.0,0.0,4.0,0.0,42.0
2013.063658996388,88.0,8.0,0.0,4.0,0.0,42.0
2013.06434081457,88.0,8.0,0.0,4.0,0.0,42.0
2013.36434081457,88.0,8.0,0.0,4.0,0.0,42.0
2013.3650226327518,88.0,8.0,0.0,4.0,0.0,42.0
2013.6650226327517,88.0,8.0,0.0,4.0,0.0,42.0
2013.6657044509336,88.0,8.0,0.0,4.0,0.0,42.0
2013.9657044509336,88.0,8.0,0.0,4.0,0.0,42.0
2013.9663862691154,88.0,8.0,0.0,4.0,0.0,42.0
2014.2663862691154,88.0,8.0,0.0,4.0,0.0,42.0
2014.2670680872973,88.0,8.0,0.0,4.0,0.0,42.0
2014.5670680872972,88.0,8.0,0.0,4.0,0.0,42.0
2014.567749905479,88.0,8.0,0.0,4.0,0.0,42.0
2014.867749905479,88.0,8.0,0.0,4.0,0.0,42.0
2014.868431723661,88.0,8.0,0.0,4.0,0.0,42.0
2015.168431723661,88.0,8.0,0.0,4.0,0.0,42.0
2015.1691135418428,88.0,8.0,0.0,4.0,0.0,42.0
2015.4691135418427,88.0,8.0,0.0,4.0,0.0,42.0
2015.4697953600246,88.0,8.0,0.0,4.0,0.0,42.0
2015.7697953600245,88.0,8.0,0.0,4.0,0.0,42.0
2015.7704771782064,88.0,8.0,0.0,4.0,0.0,42.0
2016.0704771782064,88.0,8.0,0.0,4.0,0.0,42.0
2016.0711589963882,88.0,8.0,0.0,4.0,0.0,42.0
2016.3711589963882,88.0,8.0,0.0,4.0,0.0,42.0
2016.37184081457,88.0,8.0,0.0,4.0,0.0,42.0
2016.67184081457,88.0,8.0,0.0,4.0,0.0,42.0
2016.672522632752,88.0,8.0,0.0,4.0,0.0,42.0
2016.9725226327519,88.0,8.0,0.0,4.0,0.0,42.0
2016.9732044509337,88.0,8.0,0.0,4.0,0.0,42.0
2017.2732044509337,88.0,8.0,0.0,4.0,0.0,42.0
2017.2738862691156,88.0,8.0,0.0,4.0,0.0,42.0
2017.5738862691155,88.0,8.0,0.0,4.0,0.0,42.0
2017.5745680872974,88.0,8.0,0.0,4.0,0.0,42.0
2017.8745680872973,88.0,8.0,0.0,4.0,0.0,42.0
2017.8752499054792,88.0,8.0,0.0,4.0,0.0,42.0
2018.1752499054792,88.0,8.0,0.0,4.0,0.0,42.0
2018.175931723661,88.0,8.0,0.0,4.0,0.0,42.0
2018.475931723661,88.0,8.0,0.0,4.0,0.0,42.0
2018.4766135418429,88.0,8.0,0.0,4.0,0.0,42.0
2018.7766135418428,88.0,8.0,0.0,4.0,0.0,42.0
2018.7772953600247,88.0,8.0,0.0,4.0,0.0,42.0
2019.0772953600247,88.0,8.0,0.0,4.0,0.0,42.0
2019.0779771782065,88.0,8.0,0.0,4.0,0.0,42.0
2019.3779771782065,88.0,8.0,0.0,4.0,0.0,42.0
2019.3786589963884,88.0,8.0,0.0,4.0,0.0,42.0
2019.6786589963883,88.0,8.0,0.0,4.0,0.0,42.0
2019.6793408145702,88.0,8.0,0.0,4.0,0.0,42.0
2019.9793408145702,88.0,8.0,0.0,4.0,0.0,42.0
2019.980022632752,88.0,8.0,0.0,4.0,0.0,42.0
2020.280022632752,88.0,8.0,0.0,4.0,0.0,42.0
2020.2807044509339,88.0,8.0,0.0,4.0,0.0,42.0
2020.5807044509338,88.0,8.0,0.0,4.0,0.0,42.0
2020.5813862691157,88.0,8.0,0.0,4.0,0.0,42.0
2020.8813862691156,88.0,8.0,0.0,4.0,0.0,42.0
2020.8820680872975,88.0,8.0,0.0,4.0,0.0,42.0
2021.1820680872975,88.0,8.0,0.0,4.0,0.0,42.0
2021.1827499054793,88.0,8.0,0.0,4.0,0.0,42.0
2021.4827499054793,88.0,8.0,0.0,4.0,0.0,42.0
2021.4834317236612,88.0,8.0,0.0,4.0,0.0,42.0
2021.7834317236611,88.0,8.0,0.0,4.0,0.0,42.0
2021.784113541843,88.0,8.0,0.0,4.0,0.0,42.0
2022.084113541843,88.0,8.0,0.0,4.0,0.0,42.0
2022.0847953600248,88.0,8.0,0.0,4.0,0.0,42.0
2022.3847953600248,88.0,8.0,0.0,4.0,0.0,42.0
2022.3854771782067,88.0,8.0,0.0,4.0,0.0,42.0
2022.6854771782066,88.0,8.0,0.0,4.0,0.0,42.0
2022.6861589963885,88.0,8.0,0.0,4.0,0.0,42.0
2022.9861589963884,88.0,8.0,0.0,4.0,0.0,42.0
2022.9868408145703,88.0,8.0,0.0,4.0,0.0,42.0
2023.2868408145703,88.0,8.0,0.0,4.0,0.0,42.0
2023.2875226327521,88.0,8.0,0.0,4.0,0.0,42.0
2023.587522632752,88.0,8.0,0.0,4.0,0.0,42.0
2023.588204450934,88.0,8.0,0.0,4.0,0.0,42.0
2023.888204450934,88.0,8.0,0.0,4.0,0.0,42.0
2023.8888862691158,88.0,8.0,0.0,4.0,0.0,42.0
2024.1888862691158,88.0,8.0,0.0,4.0,0.0,42.0
2024.1895680872976,88.0,8.0,0.0,4.0,0.0,42.0
2024.4895680872976,88.0,8.0,0.0,4.0,0.0,42.0
2024.4902499054795,87.0,8.0,0.0,4.0,0.0,42.0
2024.7902499054794,87.0,8.0,0.0,4.0,0.0,42.0
2024.7909395606519,87.0,8.0,0.0,4.0,0.0,42.0
2025.0909395606518,87.0,8.0,0.0,4.0,0.0,42.0
2025.0916292158242,87.0,8.0,0.0,4.0,0.0,42.0
2025.3916292158242,87.0,8.0,0.0,4.0,0.0,42.0
2025.3923188709966,87.0,8.0,0.0,4.0,0.0,42.0
2025.6923188709966,87.0,8.0,0.0,4.0,0.0,42.0
2025.693008526169,87.0,8.0,0.0,4.0,0.0,42.0
2025.993008526169,87.0,8.0,0.0,4.0,0.0,42.0
2025.9936981813414,87.0,8.0,0.0,4.0,0.0,42.0
2026.2936981813414,87.0,8.0,0.0,4.0,0.0,42.0
2026.2943878365138,87.0,8.0,0.0,4.0,0.0,42.0
2026.5943878365138,87.0,8.0,0.0,4.0,0.0,42.0
2026.5950774916862,87.0,8.0,0.0,4.0,0.0,42.0
2026.8950774916862,87.0,8.0,0.0,4.0,0.0,42.0
2026.8957671468586,87.0,8.0,0.0,4.0,0.0,42.0
2027.1957671468585,87.0,8.0,0.0,4.0,0.0,42.0
2027.196456802031,87.0,8.0,0.0,4.0,0.0,42.0
2027.496456802031,87.0,8.0,0.0,4.0,0.0,42.0
2027.4971464572034,87.0,8.0,0.0,4.0,0.0,42.0
2027.7971464572033,87.0,8.0,0.0,4.0,0.0,42.0
2027.7978361123758,87.0,8.0,0.0,4.0,0.0,42.0
2028.0978361123757,87.0,8.0,0.0,4.0,0.0,42.0
2028.0985257675482,87.0,8.0,0.0,2.0,0.0,43.0
2028.398525767548,87.0,8.0,0.0,2.0,0.0,43.0
2028.3992154227205,87.0,8.0,0.0,2.0,0.0,43.0
2028.6992154227205,87.0,8.0,0.0,2.0,0.0,43.0
2028.699905077893,87.0,8.0,0.0,2.0,0.0,43.0
2028.999905077893,87.0,8.0,0.0,2.0,0.0,43.0
2029.0005947330653,87.0,8.0,0.0,2.0,0.0,43.0
2029.3005947330653,87.0,8.0,0.0,2.0,0.0,43.0
2029.3012843882377,87.0,8.0,0.0,2.0,0.0,43.0
2029.6012843882377,87.0,8.0,0.0,2.0,0.0,43.0
2029.60197404341,87.0,8.0,0.0,2.0,0.0,43.0
2029.90197404341,87.0,8.0,0.0,2.0,0.0,43.0
2029.9026636985825,87.0,8.0,0.0,2.0,0.0,43.0
2030.2026636985825,87.0,8.0,0.0,2.0,0.0,43.0
2030.203353353755,87.0,8.0,0.0,2.0,0.0,43.0
2030.5033533537548,87.0,8.0,0.0,2.0,0.0,43.0
2030.5040430089273,87.0,8.0,0.0,2.0,0.0,43.0
2030.8040430089272,87.0,8.0,0.0,2.0,0.0,43.0
2030.8047326640997,87.0,8.0,0.0,2.0,0.0,43.0
2031.1047326640996,87.0,8.0,0.0,2.0,0.0,43.0
2031.105422319272,87.0,8.0,0.0,2.0,0.0,43.0
2031.405422319272,87.0,8.0,0.0,2.0,0.0,43.0
2031.4061119744445,87.0,8.0,0.0,2.0,0.0,43.0
2031.7061119744444,87.0,8.0,0.0,2.0,0.0,43.0
2031.7068016296168,87.0,8.0,0.0,2.0,0.0,43.0
2032.0068016296168,87.0,8.0,0.0,2.0,0.0,43.0
2032.0074912847892,87.0,8.0,0.0,2.0,0.0,43.0
2032.3074912847892,87.0,8.0,0.0,2.0,0.0,43.0
2032.3081809399616,88.0,8.0,0.0,2.0,0.0,43.0
2032.6081809399616,88.0,8.0,0.0,2.0,0.0,43.0
2032.6088627581435,88.0,8.0,0.0,2.0,0.0,43.0
2032.9088627581434,88.0,8.0,0.0,2.0,0.0,43.0
2032.9095445763253,88.0,8.0,0.0,2.0,0.0,43.0
2033.2095445763252,88.0,8.0,0.0,2.0,0.0,43.0
2033.2102263945071,88.0,8.0,0.0,2.0,0.0,43.0
2033.510226394507,88.0,8.0,0.0,2.0,0.0,43.0
2033.510908212689,88.0,8.0,0.0,2.0,0.0,43.0
2033.810908212689,88.0,8.0,0.0,2.0,0.0,43.0
2033.8115900308708,88.0,8.0,0.0,2.0,0.0,43.0
2034.1115900308707,88.0,8.0,0.0,2.0,0.0,43.0
2034.1122718490526,88.0,8.0,0.0,2.0,0.0,43.0
2034.4122718490526,88.0,8.0,0.0,2.0,0.0,43.0
2034.4129536672344,88.0,8.0,0.0,2.0,0.0,43.0
2034.7129536672344,88.0,8.0,0.0,2.0,0.0,43.0
2034.7136354854163,88.0,8.0,0.0,2.0,0.0,43.0
2035.0136354854162,88.0,8.0,0.0,2.0,0.0,43.0
2035.014317303598,88.0,8.0,0.0,2.0,0.0,43.0
2035.314317303598,88.0,8.0,0.0,2.0,0.0,43.0
2035.31499912178,88.0,8.0,0.0,2.0,0.0,43.0
2035.6149991217799,88.0,8.0,0.0,2.0,0.0,43.0
2035.6156809399617,88.0,8.0,0.0,2.0,0.0,43.0
2035.9156809399617,88.0,8.0,0.0,2.0,0.0,43.0
2035.9163627581436,88.0,8.0,0.0,2.0,0.0,43.0
2036.2163627581435,88.0,8.0,0.0,2.0,0.0,43.0
2036.2170445763254,88.0,8.0,0.0,2.0,0.0,43.0
2036.5170445763254,88.0,8.0,0.0,2.0,0.0,43.0
2036.5177263945072,88.0,8.0,0.0,2.0,0.0,43.0
2036.8177263945072,88.0,8.0,0.0,2.0,0.0,43.0
2036.818408212689,88.0,8.0,0.0,2.0,0.0,43.0
2037.118408212689,88.0,8.0,0.0,2.0,0.0,43.0
2037.119090030871,88.0,8.0,0.0,2.0,0.0,43.0
2037.4190900308708,88.0,8.0,0.0,2.0,0.0,43.0
2037.4197718490527,88.0,8.0,0.0,2.0,0.0,43.0
2037.7197718490527,88.0,8.0,0.0,2.0,0.0,43.0
2037.7204536672346,88.0,8.0,0.0,2.0,0.0,42.0
2038.0204536672345,88.0,8.0,0.0,2.0,0.0,42.0
2038.0211354854164,88.0,8.0,0.0,2.0,0.0,42.0
2038.3211354854163,88.0,8.0,0.0,2.0,0.0,42.0
2038.3218173035982,88.0,8.0,0.0,2.0,0.0,42.0
2038.6218173035982,88.0,8.0,0.0,2.0,0.0,42.0
2038.62249912178,88.0,8.0,0.0,2.0,0.0,42.0
2038.92249912178,88.0,8.0,0.0,2.0,0.0,42.0
2038.9231809399619,88.0,8.0,0.0,2.0,0.0,42.0
2039.2231809399618,88.0,8.0,0.0,2.0,0.0,42.0
2039.2238627581437,88.0,8.0,0.0,2.0,0.0,42.0
2039.5238627581437,88.0,8.0,0.0,2.0,0.0,42.0
2039.5245445763255,88.0,8.0,0.0,2.0,0.0,42.0
2039.8245445763255,88.0,8.0,0.0,2.0,0.0,42.0
2039.8252263945074,88.0,8.0,0.0,2.0,0.0,42.0
2040.1252263945073,88.0,8.0,0.0,2.0,0.0,42.0
2040.1259082126892,88.0,8.0,0.0,2.0,0.0,42.0
2040.4259082126891,88.0,8.0,0.0,2.0,0.0,42.0
2040.426590030871,88.0,8.0,0.0,2.0,0.0,42.0
2040.726590030871,88.0,8.0,0.0,2.0,0.0,42.0
2040.7272718490528,88.0,8.0,0.0,2.0,0.0,42.0
2041.0272718490528,88.0,8.0,0.0,2.0,0.0,42.0
2041.0279536672347,88.0,8.0,0.0,2.0,0.0,42.0
2041.3279536672346,88.0,8.0,0.0,2.0,0.0,42.0
2041.3286354854165,88.0,8.0,0.0,2.0,0.0,42.0
2041.6286354854165,88.0,8.0,0.0,2.0,0.0,42.0
2041.6293173035983,88.0,8.0,0.0,2.0,0.0,42.0
2041.9293173035983,88.0,8.0,0.0,2.0,0.0,42.0
2041.9299991217802,88.0,8.0,0.0,2.0,0.0,42.0
2042.22999912178,88.0,8.0,0.0,2.0,0.0,42.0
2042.230680939962,88.0,8.0,0.0,2.0,0.0,42.0
2042.530680939962,88.0,8.0,0.0,2.0,0.0,42.0
2042.5313627581438,88.0,8.0,0.0,2.0,0.0,42.0
2042.8313627581438,88.0,8.0,0.0,2.0,0.0,42.0
2042.8320445763256,88.0,8.0,0.0,2.0,0.0,42.0
2043.1320445763256,88.0,8.0,0.0,2.0,0.0,42.0
2043.1327263945075,88.0,8.0,0.0,2.0,0.0,42.0
2043.4327263945074,88.0,8.0,0.0,2.0,0.0,42.0
2043.4334082126893,88.0,8.0,0.0,2.0,0.0,42.0
2043.7334082126893,88.0,8.0,0.0,2.0,0.0,42.0
2043.7340900308711,88.0,8.0,0.0,2.0,0.0,42.0
2044.034090030871,88.0,8.0,0.0,2.0,0.0,42.0
2044.034771849053,88.0,8.0,0.0,2.0,0.0,42.0
2044.334771849053,88.0,8.0,0.0,2.0,0.0,42.0
2044.3354536672348,88.0,8.0,0.0,2.0,0.0,42.0
2044.6354536672347,88.0,8.0,0.0,2.0,0.0,42.0
2044.6361354854166,88.0,8.0,0.0,2.0,0.0,42.0
2044.9361354854166,88.0,8.0,0.0,2.0,0.0,42.0
2044.9368173035984,88.0,8.0,0.0,2.0,0.0,42.0
2045.2368173035984,88.0,8.0,0.0,2.0,0.0,42.0
2045.2374991217803,88.0,8.0,0.0,2.0,0.0,42.0
2045.5374991217802,88.0,8.0,0.0,2.0,0.0,42.0
2045.538180939962,88.0,8.0,0.0,2.0,0.0,42.0
2045.838180939962,88.0,8.0,0.0,2.0,0.0,42.0
2045.838862758144,88.0,8.0,0.0,2.0,0.0,42.0
2046.138862758144,88.0,8.0,0.0,2.0,0.0,42.0
2046.1395445763258,88.0,8.0,0.0,2.0,0.0,42.0
2046.4395445763257,88.0,8.0,0.0,2.0,0.0,42.0
2046.4402263945076,88.0,8.0,0.0,2.0,0.0,42.0
2046.7402263945075,88.0,8.0,0.0,2.0,0.0,42.0
2046.7409082126894,88.0,8.0,0.0,2.0,0.0,42.0
2047.0409082126894,88.0,8.0,0.0,2.0,0.0,42.0
2047.0415900308712,88.0,8.0,0.0,2.0,0.0,42.0
2047.3415900308712,88.0,8.0,0.0,2.0,0.0,42.0
2047.342271849053,88.0,8.0,0.0,2.0,0.0,42.0
2047.642271849053,88.0,8.0,0.0,2.0,0.0,42.0
2047.642953667235,88.0,8.0,0.0,2.0,0.0,42.0
2047.9429536672349,88.0,8.0,0.0,2.0,0.0,42.0
2047.9436354854167,88.0,8.0,0.0,2.0,0.0,42.0
2048.2436354854167,88.0,8.0,0.0,2.0,0.0,42.0
2048.2443173035986,88.0,8.0,0.0,2.0,0.0,42.0
2048.5443173035987,88.0,8.0,0.0,2.0,0.0,42.0
2048.5449991217806,88.0,8.0,0.0,2.0,0.0,42.0
2048.844999121781,88.0,8.0,0.0,2.0,0.0,42.0
2048.8456809399627,88.0,8.0,0.0,2.0,0.0,42.0
2049.145680939963,88.0,8.0,0.0,2.0,0.0,42.0
2049.1463627581447,87.0,8.0,0.0,2.0,0.0,42.0
2049.446362758145,87.0,8.0,0.0,2.0,0.0,42.0
2049.447052413317,87.0,8.0,0.0,2.0,0.0,42.0
2049.7470524133173,87.0,8.0,0.0,2.0,0.0,42.0
2049.7477420684895,87.0,8.0,0.0,2.0,0.0,42.0
2050.0477420684897,87.0,8.0,0.0,2.0,0.0,42.0
2050.048431723662,87.0,8.0,0.0,2.0,0.0,42.0
2050.348431723662,87.0,8.0,0.0,2.0,0.0,42.0
2050.3491213788343,87.0,8.0,0.0,2.0,0.0,42.0
2050.6491213788345,87.0,8.0,0.0,2.0,0.0,42.0
2050.6498110340067,87.0,8.0,0.0,2.0,0.0,42.0
2050.949811034007,87.0,8.0,0.0,2.0,0.0,42.0
2050.950500689179,87.0,8.0,0.0,2.0,0.0,42.0
2051.2505006891793,87.0,8.0,0.0,2.0,0.0,42.0
2051.2511903443515,87.0,8.0,0.0,2.0,0.0,42.0
2051.5511903443517,87.0,8.0,0.0,2.0,0.0,42.0
2051.551879999524,87.0,8.0,0.0,2.0,0.0,42.0
2051.851879999524,87.0,8.0,0.0,2.0,0.0,42.0
2051.8525696546963,87.0,8.0,0.0,2.0,0.0,42.0
2052.1525696546964,87.0,8.0,0.0,2.0,0.0,42.0
2052.1532593098686,87.0,8.0,0.0,2.0,0.0,42.0
2052.453259309869,87.0,8.0,0.0,2.0,0.0,42.0
2052.453948965041,87.0,8.0,0.0,2.0,0.0,42.0
2052.753948965041,87.0,8.0,0.0,2.0,0.0,42.0
2052.7546386202134,87.0,8.0,0.0,2.0,0.0,42.0
2053.0546386202136,87.0,8.0,0.0,2.0,0.0,42.0
2053.055328275386,87.0,8.0,0.0,2.0,0.0,42.0
2053.355328275386,87.0,8.0,0.0,2.0,0.0,42.0
2053.356017930558,87.0,8.0,0.0,2.0,0.0,42.0
2053.6560179305584,87.0,8.0,0.0,2.0,0.0,42.0
2053.6567075857306,87.0,8.0,0.0,2.0,0.0,42.0
2053.956707585731,87.0,8.0,0.0,2.0,0.0,42.0
2053.957397240903,87.0,8.0,0.0,2.0,0.0,42.0
2054.257397240903,87.0,8.0,0.0,2.0,0.0,42.0
2054.2580868960754,87.0,8.0,0.0,2.0,0.0,42.0
2054.5580868960756,87.0,8.0,0.0,2.0,0.0,42.0
2054.558776551248,87.0,8.0,0.0,2.0,0.0,42.0
2054.858776551248,87.0,8.0,0.0,2.0,0.0,42.0
2054.85946620642,87.0,8.0,0.0,2.0,0.0,42.0
2055.1594662064203,87.0,8.0,0.0,2.0,0.0,42.0
2055.1601558615926,87.0,8.0,0.0,2.0,0.0,42.0
2055.4601558615927,87.0,8.0,0.0,2.0,0.0,42.0
2055.460845516765,87.0,8.0,0.0,2.0,0.0,42.0
2055.760845516765,87.0,8.0,0.0,2.0,0.0,42.0
2055.7615351719373,87.0,8.0,0.0,2.0,0.0,42.0
2056.0615351719375,87.0,8.0,0.0,2.0,0.0,42.0
2056.0622248271097,87.0,8.0,0.0,2.0,0.0,42.0
2056.36222482711,87.0,8.0,0.0,2.0,0.0,42.0
2056.362914482282,88.0,8.0,0.0,2.0,0.0,42.0
2056.6629144822823,88.0,8.0,0.0,2.0,0.0,42.0
2056.663596300464,88.0,8.0,0.0,2.0,0.0,42.0
2056.9635963004644,88.0,8.0,0.0,2.0,0.0,42.0
2056.9642781186462,88.0,8.0,0.0,2.0,0.0,42.0
2057.2642781186464,88.0,8.0,0.0,2.0,0.0,42.0
2057.2649599368283,88.0,8.0,0.0,2.0,0.0,42.0
2057.5649599368285,88.0,8.0,0.0,2.0,0.0,42.0
2057.5656417550103,88.0,8.0,0.0,2.0,0.0,42.0
2057.8656417550105,88.0,8.0,0.0,2.0,0.0,42.0
2057.8663235731924,88.0,8.0,0.0,2.0,0.0,42.0
2058.1663235731926,88.0,8.0,0.0,2.0,0.0,42.0
2058.1670053913745,88.0,8.0,0.0,2.0,0.0,42.0
2058.4670053913746,88.0,8.0,0.0,2.0,0.0,42.0
2058.4676872095565,88.0,8.0,0.0,2.0,0.0,42.0
2058.7676872095567,88.0,8.0,0.0,2.0,0.0,42.0
2058.7683690277386,88.0,8.0,0.0,2.0,0.0,42.0
2059.0683690277388,88.0,8.0,0.0,2.0,0.0,42.0
2059.0690508459206,88.0,8.0,0.0,2.0,0.0,42.0
2059.369050845921,88.0,8.0,0.0,2.0,0.0,42.0
2059.3697326641027,88.0,8.0,0.0,2.0,0.0,42.0
2059.669732664103,88.0,8.0,0.0,2.0,0.0,42.0
2059.6704144822847,88.0,8.0,0.0,2.0,0.0,42.0
2059.970414482285,88.0,8.0,0.0,2.0,0.0,42.0
2059.971096300467,88.0,8.0,0.0,2.0,0.0,42.0
2060.271096300467,88.0,8.0,0.0,2.0,0.0,42.0
2060.271778118649,88.0,8.0,0.0,2.0,0.0,42.0
2060.571778118649,88.0,8.0,0.0,2.0,0.0,42.0
2060.572459936831,88.0,8.0,0.0,2.0,0.0,42.0
2060.872459936831,88.0,8.0,0.0,2.0,0.0,42.0
2060.873141755013,88.0,8.0,0.0,2.0,0.0,42.0
2061.173141755013,88.0,8.0,0.0,2.0,0.0,42.0
2061.173823573195,88.0,8.0,0.0,2.0,0.0,42.0
2061.473823573195,88.0,8.0,0.0,2.0,0.0,42.0
2061.474505391377,88.0,8.0,0.0,2.0,0.0,42.0
2061.7745053913773,88.0,8.0,0.0,2.0,0.0,42.0
2061.775187209559,88.0,8.0,0.0,2.0,0.0,42.0
2062.0751872095593,88.0,8.0,0.0,2.0,0.0,42.0
2062.075869027741,88.0,8.0,0.0,2.0,0.0,42.0
2062.3758690277414,88.0,8.0,0.0,2.0,0.0,42.0
2062.3765508459232,88.0,8.0,0.0,2.0,0.0,42.0
2062.6765508459234,88.0,8.0,0.0,2.0,0.0,42.0
2062.6772326641053,88.0,8.0,0.0,2.0,0.0,42.0
2062.9772326641055,88.0,8.0,0.0,2.0,0.0,42.0
2062.9779144822874,88.0,8.0,0.0,2.0,0.0,42.0
2063.2779144822875,88.0,8.0,0.0,2.0,0.0,42.0
2063.2785963004694,88.0,8.0,0.0,2.0,0.0,42.0
2063.5785963004696,88.0,8.0,0.0,2.0,0.0,42.0
2063.5792781186515,88.0,8.0,0.0,2.0,0.0,42.0
2063.8792781186517,88.0,8.0,0.0,2.0,0.0,42.0
2063.8799599368335,88.0,8.0,0.0,2.0,0.0,42.0
2064.1799599368337,88.0,8.0,0.0,2.0,0.0,42.0
2064.1806417550156,88.0,8.0,0.0,2.0,0.0,42.0
2064.4806417550158,88.0,8.0,0.0,2.0,0.0,42.0
2064.4813235731976,88.0,8.0,0.0,2.0,0.0,42.0
2064.781323573198,88.0,8.0,0.0,2.0,0.0,42.0
2064.7820053913797,88.0,8.0,0.0,2.0,0.0,42.0
2065.08200539138,88.0,8.0,0.0,2.0,0.0,42.0
2065.0826872095618,88.0,8.0,0.0,2.0,0.0,42.0
2065.382687209562,88.0,8.0,0.0,2.0,0.0,42.0
2065.383369027744,88.0,8.0,0.0,2.0,0.0,42.0
2065.683369027744,88.0,8.0,0.0,2.0,0.0,42.0
2065.684050845926,88.0,8.0,0.0,2.0,0.0,42.0
2065.984050845926,88.0,8.0,0.0,2.0,0.0,42.0
2065.984732664108,88.0,8.0,0.0,2.0,0.0,42.0
2066.284732664108,88.0,8.0,0.0,2.0,0.0,42.0
2066.28541448229,88.0,8.0,0.0,2.0,0.0,42.0
2066.58541448229,88.0,8.0,0.0,2.0,0.0,42.0
2066.586096300472,88.0,8.0,0.0,2.0,0.0,42.0
2066.886096300472,88.0,8.0,0.0,2.0,0.0,42.0
2066.886778118654,88.0,8.0,0.0,2.0,0.0,42.0
2067.1867781186543,88.0,8.0,0.0,2.0,0.0,42.0
2067.187459936836,88.0,8.0,0.0,2.0,0.0,42.0
2067.4874599368363,88.0,8.0,0.0,2.0,0.0,42.0
2067.488141755018,88.0,8.0,0.0,2.0,0.0,42.0
2067.7881417550184,88.0,8.0,0.0,2.0,0.0,42.0
2067.7888235732003,88.0,8.0,0.0,2.0,0.0,42.0
2068.0888235732004,88.0,8.0,0.0,2.0,0.0,42.0
2068.0895053913823,88.0,8.0,0.0,2.0,0.0,42.0
2068.3895053913825,88.0,8.0,0.0,2.0,0.0,42.0
2068.3901872095644,88.0,8.0,0.0,2.0,0.0,42.0
2068.6901872095646,88.0,8.0,0.0,2.0,0.0,42.0
2068.6908690277464,88.0,8.0,0.0,2.0,0.0,42.0
2068.9908690277466,88.0,8.0,0.0,2.0,0.0,42.0
2068.9915508459285,88.0,8.0,0.0,2.0,0.0,42.0
2069.2915508459287,88.0,8.0,0.0,2.0,0.0,42.0
2069.2922326641105,88.0,8.0,0.0,2.0,0.0,42.0
2069.5922326641107,88.0,8.0,0.0,2.0,0.0,42.0
2069.5929144822926,88.0,8.0,0.0,2.0,0.0,42.0
2069.892914482293,88.0,8.0,0.0,2.0,0.0,42.0
2069.8935963004747,88.0,8.0,0.0,2.0,0.0,42.0
2070.193596300475,88.0,8.0,0.0,2.0,0.0,42.0
2070.1942781186567,88.0,8.0,0.0,2.0,0.0,42.0
2070.494278118657,88.0,8.0,0.0,2.0,0.0,42.0
2070.4949599368388,88.0,8.0,0.0,2.0,0.0,42.0
2070.794959936839,88.0,8.0,0.0,2.0,0.0,42.0
2070.795641755021,88.0,8.0,0.0,2.0,0.0,42.0
2071.095641755021,88.0,8.0,0.0,2.0,0.0,42.0
2071.096323573203,88.0,8.0,0.0,2.0,0.0,42.0
2071.396323573203,88.0,8.0,0.0,2.0,0.0,42.0
2071.397005391385,88.0,9.0,0.0,2.0,0.0,42.0
2071.697005391385,88.0,9.0,0.0,2.0,0.0,42.0
2071.697687209567,88.0,9.0,0.0,2.0,0.0,42.0
2071.997687209567,88.0,9.0,0.0,2.0,0.0,42.0
2071.998369027749,88.0,9.0,0.0,2.0,0.0,42.0
2072.2983690277492,88.0,9.0,0.0,2.0,0.0,42.0
2072.299050845931,88.0,9.0,0.0,2.0,0.0,42.0
2072.5990508459313,88.0,9.0,0.0,2.0,0.0,42.0
2072.599732664113,88.0,9.0,0.0,2.0,0.0,42.0
2072.8997326641133,88.0,9.0,0.0,2.0,0.0,42.0
2072.900414482295,88.0,9.0,0.0,2.0,0.0,42.0
2073.2004144822954,88.0,9.0,0.0,2.0,0.0,42.0
2073.2010963004773,88.0,9.0,0.0,2.0,0.0,42.0
2073.5010963004775,88.0,9.0,0.0,2.0,0.0,42.0
2073.5017781186593,88.0,9.0,0.0,2.0,0.0,42.0
2073.8017781186595,88.0,9.0,0.0,2.0,0.0,42.0
2073.8024599368414,88.0,9.0,0.0,2.0,0.0,42.0
2074.1024599368416,88.0,9.0,0.0,2.0,0.0,42.0
2074.1031417550234,88.0,9.0,0.0,2.0,0.0,42.0
2074.4031417550236,88.0,9.0,0.0,2.0,0.0,42.0
2074.4038235732055,88.0,9.0,0.0,2.0,0.0,42.0
2074.7038235732057,88.0,9.0,0.0,2.0,0.0,42.0
2074.7045053913876,88.0,9.0,0.0,2.0,0.0,42.0
2075.0045053913877,88.0,9.0,0.0,2.0,0.0,42.0
2075.0051872095696,88.0,9.0,0.0,2.0,0.0,42.0
2075.30518720957,88.0,9.0,0.0,2.0,0.0,42.0
2075.3058690277517,88.0,9.0,0.0,2.0,0.0,42.0
2075.605869027752,88.0,9.0,0.0,2.0,0.0,42.0
2075.6065508459337,88.0,9.0,0.0,2.0,0.0,42.0
2075.906550845934,88.0,9.0,0.0,2.0,0.0,42.0
2075.907232664116,88.0,9.0,0.0,2.0,0.0,42.0
2076.207232664116,88.0,9.0,0.0,2.0,0.0,42.0
2076.207914482298,88.0,9.0,0.0,2.0,0.0,42.0
2076.507914482298,88.0,9.0,0.0,2.0,0.0,42.0
2076.50859630048,88.0,9.0,0.0,2.0,0.0,42.0
2076.80859630048,88.0,9.0,0.0,2.0,0.0,42.0
2076.809278118662,88.0,9.0,0.0,2.0,0.0,42.0
2077.109278118662,88.0,9.0,0.0,2.0,0.0,42.0
2077.109959936844,88.0,9.0,0.0,2.0,0.0,42.0
2077.409959936844,88.0,9.0,0.0,2.0,0.0,42.0
2077.410641755026,88.0,9.0,0.0,2.0,0.0,42.0
2077.7106417550262,88.0,9.0,0.0,2.0,0.0,42.0
2077.711323573208,88.0,9.0,0.0,2.0,0.0,42.0
2078.0113235732083,88.0,9.0,0.0,2.0,0.0,42.0
2078.01200539139,89.0,9.0,0.0,2.0,0.0,42.0
2078.3120053913904,89.0,9.0,0.0,2.0,0.0,42.0
2078.3126795486937,89.0,9.0,0.0,2.0,0.0,42.0
2078.612679548694,89.0,9.0,0.0,2.0,0.0,42.0
2078.6133537059973,89.0,9.0,0.0,2.0,0.0,42.0
2078.9133537059975,89.0,9.0,0.0,2.0,0.0,42.0
2078.914027863301,89.0,9.0,0.0,2.0,0.0,42.0
2079.214027863301,89.0,9.0,0.0,2.0,0.0,42.0
2079.2147020206044,89.0,9.0,0.0,2.0,0.0,42.0
2079.5147020206045,89.0,9.0,0.0,2.0,0.0,42.0
2079.515376177908,89.0,9.0,0.0,2.0,0.0,42.0
2079.815376177908,89.0,9.0,0.0,2.0,0.0,42.0
2079.8160503352115,89.0,9.0,0.0,2.0,0.0,42.0
2080.1160503352116,89.0,9.0,0.0,2.0,0.0,42.0
2080.116724492515,89.0,9.0,0.0,2.0,0.0,42.0
2080.416724492515,89.0,9.0,0.0,2.0,0.0,42.0
2080.4173986498186,89.0,9.0,0.0,2.0,0.0,42.0
2080.7173986498187,89.0,9.0,0.0,2.0,0.0,42.0
2080.718072807122,89.0,9.0,0.0,2.0,0.0,42.0
2081.0180728071223,89.0,9.0,0.0,2.0,0.0,42.0
2081.0187469644256,89.0,9.0,0.0,2.0,0.0,42.0
2081.318746964426,89.0,9.0,0.0,2.0,0.0,42.0
2081.319421121729,89.0,9.0,0.0,2.0,0.0,42.0
2081.6194211217294,89.0,9.0,0.0,2.0,0.0,42.0
2081.6200952790327,89.0,9.0,0.0,2.0,0.0,42.0
2081.920095279033,89.0,9.0,0.0,2.0,0.0,42.0
2081.9207694363363,89.0,9.0,0.0,2.0,0.0,42.0
2082.2207694363365,89.0,9.0,0.0,2.0,0.0,42.0
2082.22144359364,89.0,9.0,0.0,2.0,0.0,42.0
2082.52144359364,89.0,9.0,0.0,2.0,0.0,42.0
2082.5221177509434,89.0,9.0,0.0,2.0,0.0,42.0
2082.8221177509436,89.0,9.0,0.0,2.0,0.0,42.0
2082.822791908247,89.0,9.0,0.0,2.0,0.0,42.0
2083.122791908247,89.0,9.0,0.0,2.0,0.0,42.0
2083.1234660655505,89.0,9.0,0.0,2.0,0.0,42.0
2083.4234660655507,89.0,9.0,0.0,2.0,0.0,42.0
2083.424140222854,89.0,9.0,0.0,2.0,0.0,42.0
2083.724140222854,89.0,9.0,0.0,2.0,0.0,42.0
2083.7248143801576,89.0,9.0,0.0,2.0,0.0,42.0
2084.0248143801577,89.0,9.0,0.0,2.0,0.0,42.0
2084.025488537461,89.0,9.0,0.0,2.0,0.0,42.0
2084.3254885374613,89.0,9.0,0.0,2.0,0.0,42.0
2084.3261626947647,89.0,9.0,0.0,2.0,0.0,42.0
2084.626162694765,89.0,9.0,0.0,2.0,0.0,42.0
2084.626836852068,89.0,9.0,0.0,2.0,0.0,42.0
2084.9268368520684,89.0,9.0,0.0,2.0,0.0,42.0
2084.9275110093718,89.0,9.0,0.0,2.0,0.0,42.0
2085.227511009372,89.0,9.0,0.0,2.0,0.0,42.0
2085.2281851666753,89.0,9.0,0.0,7.0,0.0,42.0
2085.5281851666755,89.0,9.0,0.0,7.0,0.0,42.0
2085.528859323979,89.0,9.0,0.0,7.0,0.0,42.0
2085.828859323979,89.0,9.0,0.0,7.0,0.0,42.0
2085.8295334812824,89.0,9.0,0.0,7.0,0.0,42.0
2086.1295334812826,89.0,9.0,0.0,7.0,0.0,42.0
2086.130207638586,89.0,9.0,0.0,7.0,0.0,42.0
2086.430207638586,89.0,9.0,0.0,7.0,0.0,42.0
2086.4308817958895,89.0,9.0,0.0,7.0,0.0,42.0
2086.7308817958897,89.0,9.0,0.0,7.0,0.0,42.0
2086.731555953193,89.0,9.0,0.0,7.0,0.0,42.0
2087.031555953193,89.0,9.0,0.0,7.0,0.0,42.0
2087.0322301104966,89.0,9.0,0.0,7.0,0.0,42.0
2087.3322301104968,89.0,9.0,0.0,7.0,0.0,42.0
2087.3329042678,89.0,9.0,0.0,7.0,0.0,42.0
2087.6329042678003,89.0,9.0,0.0,7.0,0.0,42.0
2087.6335784251037,89.0,9.0,0.0,7.0,0.0,42.0
2087.933578425104,89.0,9.0,0.0,7.0,0.0,42.0
2087.934252582407,89.0,9.0,0.0,7.0,0.0,42.0
2088.2342525824074,89.0,9.0,0.0,7.0,0.0,42.0
2088.2349267397108,89.0,9.0,0.0,7.0,0.0,42.0
2088.534926739711,89.0,9.0,0.0,7.0,0.0,42.0
2088.5356008970143,89.0,9.0,0.0,7.0,0.0,42.0
2088.8356008970145,89.0,9.0,0.0,7.0,0.0,42.0
2088.836275054318,89.0,9.0,0.0,7.0,0.0,42.0
2089.136275054318,89.0,9.0,0.0,7.0,0.0,42.0
2089.1369492116214,89.0,9.0,0.0,7.0,0.0,42.0
2089.4369492116216,89.0,9.0,0.0,7.0,0.0,42.0
2089.437623368925,89.0,9.0,0.0,7.0,0.0,42.0
2089.737623368925,89.0,9.0,0.0,7.0,0.0,42.0
2089.7382975262285,89.0,9.0,0.0,7.0,0.0,42.0
2090.0382975262287,89.0,9.0,0.0,7.0,0.0,42.0
2090.038971683532,89.0,9.0,0.0,7.0,0.0,42.0
2090.3389716835322,89.0,9.0,0.0,7.0,0.0,42.0
2090.3396458408356,89.0,9.0,0.0,7.0,0.0,42.0
2090.639645840836,89.0,9.0,0.0,7.0,0.0,42.0
2090.640319998139,89.0,9.0,0.0,3.0,0.0,44.0
2090.9403199981393,89.0,9.0,0.0,3.0,0.0,44.0
2090.9409941554427,89.0,9.0,0.0,3.0,0.0,44.0
2091.240994155443,89.0,9.0,0.0,3.0,0.0,44.0
2091.2416683127462,89.0,9.0,0.0,3.0,0.0,44.0
2091.5416683127464,89.0,9.0,0.0,3.0,0.0,44.0
2091.54234247005,89.0,9.0,0.0,3.0,0.0,44.0
2091.84234247005,89.0,9.0,0.0,3.0,0.0,44.0
2091.8430166273533,89.0,9.0,0.0,3.0,0.0,44.0
2092.1430166273535,89.0,9.0,0.0,3.0,0.0,44.0
2092.143690784657,89.0,9.0,0.0,3.0,0.0,44.0
2092.443690784657,89.0,9.0,0.0,3.0,0.0,44.0
2092.4443649419604,89.0,9.0,0.0,3.0,0.0,44.0
2092.7443649419606,89.0,9.0,0.0,3.0,0.0,44.0
2092.745039099264,89.0,9.0,0.0,3.0,0.0,44.0
2093.045039099264,89.0,9.0,0.0,3.0,0.0,44.0
2093.0457132565675,89.0,9.0,0.0,3.0,0.0,44.0
2093.3457132565677,89.0,9.0,0.0,3.0,0.0,44.0
2093.346387413871,89.0,9.0,0.0,3.0,0.0,44.0
2093.6463874138713,89.0,9.0,0.0,3.0,0.0,44.0
2093.6470615711746,89.0,9.0,0.0,3.0,0.0,44.0
2093.947061571175,89.0,9.0,0.0,3.0,0.0,44.0
2093.947735728478,89.0,9.0,0.0,3.0,0.0,44.0
2094.2477357284783,89.0,9.0,0.0,3.0,0.0,44.0
2094.2484098857817,89.0,9.0,0.0,3.0,0.0,44.0
2094.548409885782,89.0,9.0,0.0,3.0,0.0,44.0
2094.5490840430853,89.0,9.0,0.0,3.0,0.0,44.0
2094.8490840430854,89.0,9.0,0.0,3.0,0.0,44.0
2094.849758200389,89.0,9.0,0.0,3.0,0.0,44.0
2095.149758200389,89.0,9.0,0.0,3.0,0.0,44.0
2095.1504323576924,89.0,9.0,0.0,3.0,0.0,44.0
2095.4504323576925,89.0,9.0,0.0,3.0,0.0,44.0
2095.451106514996,89.0,9.0,0.0,3.0,0.0,44.0
2095.751106514996,89.0,9.0,0.0,3.0,0.0,44.0
2095.7517806722994,89.0,9.0,0.0,3.0,0.0,44.0
2096.0517806722996,89.0,9.0,0.0,3.0,0.0,44.0
2096.052454829603,89.0,9.0,0.0,3.0,0.0,44.0
2096.352454829603,89.0,9.0,0.0,3.0,0.0,44.0
2096.3531289869065,89.0,9.0,0.0,3.0,0.0,44.0
2096.6531289869067,89.0,9.0,0.0,3.0,0.0,44.0
2096.65380314421,88.0,9.0,0.0,3.0,0.0,44.0
2096.9538031442103,88.0,9.0,0.0,3.0,0.0,44.0
2096.954484962392,88.0,9.0,0.0,3.0,0.0,44.0
2097.2544849623923,88.0,9.0,0.0,3.0,0.0,44.0
2097.255166780574,88.0,9.0,0.0,3.0,0.0,44.0
2097.5551667805744,88.0,9.0,0.0,3.0,0.0,44.0
2097.5558485987563,88.0,9.0,0.0,3.0,0.0,44.0
2097.8558485987564,88.0,9.0,0.0,3.0,0.0,44.0
2097.8565304169383,88.0,9.0,0.0,3.0,0.0,44.0
2098.1565304169385,88.0,9.0,0.0,3.0,0.0,44.0
2098.1572122351204,88.0,9.0,0.0,3.0,0.0,44.0
2098.4572122351206,88.0,9.0,0.0,3.0,0.0,44.0
2098.4578940533024,88.0,9.0,0.0,3.0,0.0,44.0
2098.7578940533026,88.0,9.0,0.0,3.0,0.0,44.0
2098.7585758714845,88.0,9.0,0.0,3.0,0.0,44.0
2099.0585758714847,88.0,9.0,0.0,3.0,0.0,44.0
2099.0592576896665,88.0,9.0,0.0,3.0,0.0,44.0
2099.3592576896667,88.0,9.0,0.0,3.0,0.0,44.0
2099.3599395078486,88.0,9.0,0.0,3.0,0.0,44.0
2099.659939507849,88.0,9.0,0.0,3.0,0.0,44.0
2099.6606213260307,88.0,9.0,0.0,3.0,0.0,44.0
2099.960621326031,88.0,9.0,0.0,3.0,0.0,44.0
2099.9613031442127,88.0,9.0,0.0,3.0,0.0,44.0
2100.261303144213,88.0,9.0,0.0,3.0,0.0,44.0
2100.2619849623948,88.0,9.0,0.0,3.0,0.0,44.0
2100.561984962395,88.0,9.0,0.0,3.0,0.0,44.0
2100.562666780577,88.0,9.0,0.0,3.0,0.0,44.0
2100.862666780577,88.0,9.0,0.0,3.0,0.0,44.0
2100.863348598759,88.0,9.0,0.0,3.0,0.0,44.0
2101.163348598759,88.0,9.0,0.0,3.0,0.0,44.0
2101.164030416941,88.0,9.0,0.0,3.0,0.0,44.0
2101.464030416941,88.0,9.0,0.0,3.0,0.0,44.0
2101.464712235123,88.0,9.0,0.0,3.0,0.0,44.0
2101.764712235123,88.0,9.0,0.0,3.0,0.0,44.0
2101.765394053305,88.0,9.0,0.0,3.0,0.0,44.0
2102.065394053305,88.0,9.0,0.0,3.0,0.0,44.0
2102.066075871487,88.0,9.0,0.0,3.0,0.0,44.0
2102.3660758714873,88.0,9.0,0.0,3.0,0.0,44.0
2102.366757689669,88.0,9.0,0.0,3.0,0.0,44.0
2102.6667576896693,88.0,9.0,0.0,3.0,0.0,44.0
2102.667439507851,88.0,9.0,0.0,3.0,0.0,44.0
2102.9674395078514,88.0,9.0,0.0,3.0,0.0,44.0
2102.9681213260333,88.0,9.0,0.0,3.0,0.0,44.0
2103.2681213260335,88.0,9.0,0.0,3.0,0.0,44.0
2103.2688031442153,88.0,9.0,0.0,3.0,0.0,44.0
2103.5688031442155,88.0,9.0,0.0,3.0,0.0,44.0
2103.5694849623974,88.0,9.0,0.0,3.0,0.0,44.0
2103.8694849623976,88.0,9.0,0.0,3.0,0.0,44.0
2103.8701667805794,88.0,9.0,0.0,3.0,0.0,44.0
2104.1701667805796,88.0,9.0,0.0,3.0,0.0,44.0
2104.1708485987615,88.0,9.0,0.0,3.0,0.0,44.0
2104.4708485987617,88.0,9.0,0.0,3.0,0.0,44.0
2104.4715304169436,88.0,9.0,0.0,3.0,0.0,44.0
2104.7715304169437,88.0,9.0,0.0,3.0,0.0,44.0
2104.7722122351256,88.0,9.0,0.0,3.0,0.0,44.0
2105.072212235126,88.0,9.0,0.0,3.0,0.0,44.0
2105.0728940533077,88.0,9.0,0.0,3.0,0.0,44.0
2105.372894053308,88.0,9.0,0.0,3.0,0.0,44.0
2105.3735758714897,88.0,9.0,0.0,3.0,0.0,44.0
2105.67357587149,88.0,9.0,0.0,3.0,0.0,44.0
2105.674257689672,88.0,9.0,0.0,3.0,0.0,44.0
2105.974257689672,88.0,9.0,0.0,3.0,0.0,44.0
2105.974939507854,88.0,9.0,0.0,3.0,0.0,44.0
2106.274939507854,88.0,9.0,0.0,3.0,0.0,44.0
2106.275621326036,88.0,9.0,0.0,3.0,0.0,44.0
2106.575621326036,88.0,9.0,0.0,3.0,0.0,44.0
2106.576303144218,88.0,9.0,0.0,3.0,0.0,44.0
2106.876303144218,88.0,9.0,0.0,3.0,0.0,44.0
2106.8769849624,88.0,9.0,0.0,3.0,0.0,44.0
2107.1769849624,88.0,9.0,0.0,3.0,0.0,44.0
2107.177666780582,88.0,9.0,0.0,3.0,0.0,44.0
2107.4776667805822,88.0,9.0,0.0,3.0,0.0,44.0
2107.478348598764,88.0,9.0,0.0,3.0,0.0,44.0
2107.7783485987643,88.0,9.0,0.0,3.0,0.0,44.0
2107.779030416946,88.0,9.0,0.0,3.0,0.0,44.0
2108.0790304169464,88.0,9.0,0.0,3.0,0.0,44.0
2108.079712235128,88.0,9.0,0.0,3.0,0.0,44.0
2108.3797122351284,88.0,9.0,0.0,3.0,0.0,44.0
2108.3803940533103,88.0,9.0,0.0,3.0,0.0,44.0
2108.6803940533105,88.0,9.0,0.0,3.0,0.0,44.0
2108.6810758714923,88.0,9.0,0.0,3.0,0.0,44.0
2108.9810758714925,88.0,9.0,0.0,3.0,0.0,44.0
2108.9817576896744,88.0,9.0,0.0,3.0,0.0,44.0
2109.2817576896746,88.0,9.0,0.0,3.0,0.0,44.0
2109.2824395078565,88.0,9.0,0.0,3.0,0.0,44.0
2109.5824395078566,88.0,9.0,0.0,3.0,0.0,44.0
2109.5831213260385,88.0,9.0,0.0,3.0,0.0,44.0
2109.8831213260387,88.0,9.0,0.0,3.0,0.0,44.0
2109.8838031442206,88.0,9.0,0.0,3.0,0.0,44.0
2110.1838031442207,88.0,9.0,0.0,3.0,0.0,44.0
2110.1844849624026,87.0,9.0,0.0,3.0,0.0,44.0
2110.484484962403,87.0,9.0,0.0,3.0,0.0,44.0
2110.485174617575,87.0,9.0,0.0,3.0,0.0,44.0
2110.785174617575,87.0,9.0,0.0,3.0,0.0,44.0
2110.7858642727474,87.0,9.0,0.0,3.0,0.0,44.0
2111.0858642727476,87.0,9.0,0.0,3.0,0.0,44.0
2111.08655392792,87.0,9.0,0.0,3.0,0.0,44.0
2111.38655392792,87.0,9.0,0.0,3.0,0.0,44.0
2111.387243583092,87.0,9.0,0.0,3.0,0.0,44.0
2111.6872435830924,87.0,9.0,0.0,3.0,0.0,44.0
2111.6879332382646,87.0,9.0,0.0,3.0,0.0,44.0
2111.9879332382648,87.0,9.0,0.0,3.0,0.0,44.0
2111.988622893437,87.0,9.0,0.0,3.0,0.0,44.0
2112.288622893437,87.0,9.0,0.0,3.0,0.0,44.0
2112.2893125486094,87.0,9.0,0.0,3.0,0.0,44.0
2112.5893125486095,87.0,9.0,0.0,3.0,0.0,44.0
2112.5900022037818,87.0,9.0,0.0,3.0,0.0,44.0
2112.890002203782,87.0,9.0,0.0,3.0,0.0,44.0
2112.890691858954,86.0,9.0,0.0,3.0,0.0,44.0
2113.1906918589543,86.0,9.0,0.0,3.0,0.0,44.0
2113.191389533373,86.0,9.0,0.0,3.0,0.0,44.0
2113.491389533373,86.0,9.0,0.0,3.0,0.0,44.0
2113.4920872077914,87.0,9.0,0.0,3.0,0.0,44.0
2113.7920872077916,87.0,9.0,0.0,3.0,0.0,44.0
2113.792776862964,87.0,9.0,0.0,3.0,0.0,44.0
2114.092776862964,87.0,9.0,0.0,3.0,0.0,44.0
2114.093466518136,87.0,9.0,0.0,3.0,0.0,44.0
2114.3934665181364,87.0,9.0,0.0,3.0,0.0,44.0
2114.3941561733086,87.0,9.0,0.0,3.0,0.0,44.0
2114.694156173309,87.0,9.0,0.0,3.0,0.0,44.0
2114.694845828481,87.0,9.0,0.0,3.0,0.0,44.0
2114.994845828481,87.0,9.0,0.0,3.0,0.0,44.0
2114.9955354836534,87.0,9.0,0.0,3.0,0.0,44.0
2115.2955354836536,87.0,9.0,0.0,3.0,0.0,44.0
2115.296225138826,87.0,9.0,0.0,3.0,0.0,44.0
2115.596225138826,87.0,9.0,0.0,3.0,0.0,44.0
2115.596914793998,87.0,9.0,0.0,3.0,0.0,44.0
2115.8969147939983,87.0,9.0,0.0,3.0,0.0,44.0
2115.8976044491706,87.0,9.0,0.0,3.0,0.0,44.0
2116.1976044491707,87.0,9.0,0.0,3.0,0.0,44.0
2116.198294104343,87.0,9.0,0.0,3.0,0.0,44.0
2116.498294104343,87.0,9.0,0.0,3.0,0.0,44.0
2116.4989837595153,87.0,9.0,0.0,3.0,0.0,44.0
2116.7989837595155,87.0,9.0,0.0,3.0,0.0,44.0
2116.7996734146877,87.0,9.0,0.0,3.0,0.0,44.0
2117.099673414688,87.0,9.0,0.0,3.0,0.0,44.0
2117.10036306986,87.0,9.0,0.0,3.0,0.0,44.0
2117.4003630698603,87.0,9.0,0.0,3.0,0.0,44.0
2117.4010527250325,87.0,9.0,0.0,3.0,0.0,44.0
2117.7010527250327,87.0,9.0,0.0,3.0,0.0,44.0
2117.701742380205,87.0,9.0,0.0,3.0,0.0,44.0
2118.001742380205,87.0,9.0,0.0,3.0,0.0,44.0
2118.0024320353773,87.0,9.0,0.0,3.0,0.0,44.0
2118.3024320353775,87.0,9.0,0.0,3.0,0.0,44.0
2118.3031216905497,87.0,9.0,0.0,3.0,0.0,44.0
2118.60312169055,87.0,9.0,0.0,3.0,0.0,44.0
2118.603811345722,87.0,9.0,0.0,3.0,0.0,44.0
2118.9038113457223,87.0,9.0,0.0,3.0,0.0,44.0
2118.9045010008945,87.0,9.0,0.0,3.0,0.0,44.0
2119.2045010008947,87.0,9.0,0.0,3.0,0.0,44.0
2119.205190656067,87.0,9.0,0.0,3.0,0.0,44.0
2119.505190656067,87.0,9.0,0.0,3.0,0.0,44.0
2119.5058803112393,87.0,9.0,0.0,3.0,0.0,44.0
2119.8058803112394,87.0,9.0,0.0,3.0,0.0,44.0
2119.8065699664116,87.0,9.0,0.0,3.0,0.0,44.0
2120.106569966412,87.0,9.0,0.0,3.0,0.0,44.0
2120.107259621584,87.0,9.0,0.0,3.0,0.0,44.0
2120.407259621584,87.0,9.0,0.0,3.0,0.0,44.0
2120.4079492767564,87.0,9.0,0.0,3.0,0.0,44.0
2120.7079492767566,87.0,9.0,0.0,3.0,0.0,44.0
2120.708638931929,87.0,9.0,0.0,3.0,0.0,44.0
2121.008638931929,87.0,9.0,0.0,3.0,0.0,44.0
2121.009328587101,87.0,9.0,0.0,3.0,0.0,44.0
2121.3093285871014,87.0,9.0,0.0,3.0,0.0,44.0
2121.3100182422736,87.0,9.0,0.0,3.0,0.0,44.0
2121.610018242274,87.0,9.0,0.0,3.0,0.0,44.0
2121.610707897446,87.0,9.0,0.0,3.0,0.0,44.0
2121.910707897446,87.0,9.0,0.0,3.0,0.0,44.0
2121.9113975526184,87.0,9.0,0.0,3.0,0.0,44.0
2122.2113975526186,87.0,9.0,0.0,3.0,0.0,44.0
2122.212087207791,87.0,9.0,0.0,3.0,0.0,44.0
2122.512087207791,87.0,9.0,0.0,3.0,0.0,44.0
2122.512776862963,87.0,9.0,0.0,3.0,0.0,44.0
2122.8127768629633,87.0,9.0,0.0,3.0,0.0,44.0
2122.8134665181356,87.0,9.0,0.0,3.0,0.0,44.0
2123.1134665181357,87.0,9.0,0.0,3.0,0.0,44.0
2123.114156173308,87.0,9.0,0.0,3.0,0.0,44.0
2123.414156173308,87.0,9.0,0.0,3.0,0.0,44.0
2123.4148458284803,87.0,9.0,0.0,3.0,0.0,44.0
2123.7148458284805,87.0,9.0,0.0,3.0,0.0,44.0
2123.7155354836527,87.0,9.0,0.0,3.0,0.0,44.0
2124.015535483653,87.0,9.0,0.0,3.0,0.0,44.0
2124.016225138825,87.0,9.0,0.0,3.0,0.0,44.0
2124.3162251388253,87.0,9.0,0.0,3.0,0.0,44.0
2124.3169147939975,87.0,9.0,0.0,3.0,0.0,44.0
2124.6169147939977,87.0,9.0,0.0,3.0,0.0,44.0
2124.61760444917,87.0,9.0,0.0,3.0,0.0,44.0
2124.91760444917,87.0,9.0,0.0,3.0,0.0,44.0
2124.9182941043423,87.0,9.0,0.0,3.0,0.0,44.0
2125.2182941043425,87.0,9.0,0.0,3.0,0.0,44.0
2125.2189837595147,87.0,9.0,0.0,3.0,0.0,44.0
2125.518983759515,87.0,9.0,0.0,3.0,0.0,44.0
2125.519673414687,87.0,9.0,0.0,3.0,0.0,44.0
2125.8196734146873,87.0,9.0,0.0,3.0,0.0,44.0
2125.8203630698595,87.0,9.0,0.0,3.0,0.0,44.0
2126.1203630698596,87.0,9.0,0.0,3.0,0.0,44.0
2126.121052725032,87.0,9.0,0.0,3.0,0.0,44.0
2126.421052725032,87.0,9.0,0.0,3.0,0.0,44.0
2126.4217423802043,87.0,9.0,0.0,3.0,0.0,44.0
2126.7217423802044,87.0,9.0,0.0,3.0,0.0,44.0
2126.7224320353766,87.0,9.0,0.0,3.0,0.0,44.0
2127.022432035377,87.0,9.0,0.0,3.0,0.0,44.0
2127.023121690549,87.0,9.0,0.0,3.0,0.0,44.0
2127.323121690549,87.0,9.0,0.0,3.0,0.0,44.0
2127.3238113457214,87.0,9.0,0.0,3.0,0.0,44.0
2127.6238113457216,87.0,9.0,0.0,3.0,0.0,44.0
2127.624501000894,87.0,9.0,0.0,3.0,0.0,44.0
2127.924501000894,87.0,9.0,0.0,3.0,0.0,44.0
2127.925190656066,87.0,9.0,0.0,3.0,0.0,44.0
2128.2251906560664,87.0,9.0,0.0,3.0,0.0,44.0
2128.2258803112386,87.0,9.0,0.0,3.0,0.0,44.0
2128.525880311239,87.0,9.0,0.0,3.0,0.0,44.0
2128.526569966411,87.0,9.0,0.0,3.0,0.0,44.0
2128.826569966411,87.0,9.0,0.0,3.0,0.0,44.0
2128.8272596215834,87.0,9.0,0.0,3.0,0.0,44.0
2129.1272596215836,87.0,9.0,0.0,3.0,0.0,44.0
2129.1279492767558,87.0,9.0,0.0,3.0,0.0,44.0
2129.427949276756,87.0,9.0,0.0,3.0,0.0,44.0
2129.428638931928,87.0,9.0,0.0,3.0,0.0,44.0
2129.7286389319283,87.0,9.0,0.0,3.0,0.0,44.0
2129.7293285871006,87.0,9.0,0.0,3.0,0.0,44.0
2130.0293285871007,87.0,9.0,0.0,3.0,0.0,44.0
2130.030018242273,87.0,9.0,0.0,3.0,0.0,44.0
2130.330018242273,87.0,9.0,0.0,3.0,0.0,44.0
2130.3307078974453,87.0,9.0,0.0,3.0,0.0,44.0
2130.6307078974455,87.0,9.0,0.0,3.0,0.0,44.0
2130.6313975526177,87.0,9.0,0.0,3.0,0.0,44.0
2130.931397552618,87.0,9.0,0.0,3.0,0.0,44.0
2130.93208720779,87.0,9.0,0.0,3.0,0.0,44.0
2131.2320872077903,87.0,9.0,0.0,3.0,0.0,44.0
2131.2327768629625,87.0,9.0,0.0,3.0,0.0,44.0
2131.5327768629627,87.0,9.0,0.0,3.0,0.0,44.0
2131.533466518135,87.0,9.0,0.0,3.0,0.0,44.0
2131.833466518135,87.0,9.0,0.0,3.0,0.0,44.0
2131.8341561733073,87.0,9.0,0.0,3.0,0.0,44.0
2132.1341561733075,87.0,9.0,0.0,3.0,0.0,44.0
2132.1348458284797,87.0,9.0,0.0,3.0,0.0,44.0
2132.43484582848,87.0,9.0,0.0,3.0,0.0,44.0
2132.435535483652,87.0,9.0,0.0,3.0,0.0,44.0
2132.7355354836523,87.0,9.0,0.0,3.0,0.0,44.0
2132.7362251388245,87.0,9.0,0.0,3.0,0.0,44.0
2133.0362251388246,87.0,9.0,0.0,3.0,0.0,44.0
2133.036914793997,87.0,9.0,0.0,3.0,0.0,44.0
2133.336914793997,87.0,9.0,0.0,3.0,0.0,44.0
2133.3376044491692,87.0,9.0,0.0,3.0,0.0,44.0
2133.6376044491694,87.0,9.0,0.0,3.0,0.0,44.0
2133.6382941043416,87.0,9.0,0.0,3.0,0.0,44.0
2133.938294104342,87.0,9.0,0.0,3.0,0.0,44.0
2133.938983759514,87.0,9.0,0.0,3.0,0.0,44.0
2134.238983759514,87.0,9.0,0.0,3.0,0.0,44.0
2134.2396734146864,87.0,9.0,0.0,3.0,0.0,44.0
2134.5396734146866,87.0,9.0,0.0,3.0,0.0,44.0
2134.540363069859,87.0,9.0,0.0,3.0,0.0,44.0
2134.840363069859,87.0,9.0,0.0,3.0,0.0,44.0
2134.841052725031,87.0,9.0,0.0,3.0,0.0,44.0
2135.1410527250314,87.0,9.0,0.0,3.0,0.0,44.0
2135.1417423802036,87.0,9.0,0.0,3.0,0.0,44.0
2135.441742380204,87.0,9.0,0.0,3.0,0.0,44.0
2135.442432035376,87.0,9.0,0.0,3.0,0.0,44.0
2135.742432035376,87.0,9.0,0.0,3.0,0.0,44.0
2135.7431216905484,87.0,9.0,0.0,3.0,0.0,44.0
2136.0431216905486,87.0,9.0,0.0,3.0,0.0,44.0
2136.0438113457208,87.0,9.0,0.0,3.0,0.0,44.0
2136.343811345721,87.0,9.0,0.0,3.0,0.0,44.0
2136.344501000893,87.0,9.0,0.0,3.0,0.0,44.0
2136.6445010008933,87.0,9.0,0.0,3.0,0.0,44.0
2136.6451906560656,87.0,9.0,0.0,3.0,0.0,44.0
2136.9451906560657,87.0,9.0,0.0,3.0,0.0,44.0
2136.945880311238,87.0,9.0,0.0,3.0,0.0,44.0
2137.245880311238,87.0,9.0,0.0,3.0,0.0,44.0
2137.2465699664103,87.0,9.0,0.0,3.0,0.0,44.0
2137.5465699664105,87.0,9.0,0.0,3.0,0.0,44.0
2137.5472596215827,87.0,9.0,0.0,3.0,0.0,44.0
2137.847259621583,87.0,9.0,0.0,3.0,0.0,44.0
2137.847949276755,87.0,9.0,0.0,3.0,0.0,44.0
2138.1479492767553,87.0,9.0,0.0,3.0,0.0,44.0
2138.1486389319275,87.0,9.0,0.0,3.0,0.0,44.0
2138.4486389319277,87.0,9.0,0.0,3.0,0.0,44.0
2138.4493285871,87.0,9.0,0.0,3.0,0.0,44.0
2138.7493285871,87.0,9.0,0.0,3.0,0.0,44.0
2138.7500182422723,87.0,9.0,0.0,3.0,0.0,44.0
2139.0500182422725,87.0,9.0,0.0,3.0,0.0,44.0
2139.0507078974447,87.0,9.0,0.0,3.0,0.0,44.0
2139.350707897445,87.0,9.0,0.0,3.0,0.0,44.0
2139.351397552617,87.0,9.0,0.0,3.0,0.0,44.0
2139.6513975526173,87.0,9.0,0.0,3.0,0.0,44.0
2139.6520872077895,87.0,9.0,0.0,3.0,0.0,44.0
2139.9520872077896,87.0,9.0,0.0,3.0,0.0,44.0
2139.952776862962,87.0,9.0,0.0,3.0,0.0,44.0
2140.252776862962,87.0,9.0,0.0,3.0,0.0,44.0
2140.2534665181342,87.0,9.0,0.0,3.0,0.0,44.0
2140.5534665181344,87.0,9.0,0.0,3.0,0.0,44.0
2140.5541561733066,87.0,9.0,0.0,3.0,0.0,44.0
2140.854156173307,87.0,9.0,0.0,3.0,0.0,44.0
2140.854845828479,87.0,9.0,0.0,3.0,0.0,44.0
2141.154845828479,87.0,9.0,0.0,3.0,0.0,44.0
2141.1555354836514,87.0,9.0,0.0,3.0,0.0,44.0
2141.4555354836516,87.0,9.0,0.0,3.0,0.0,44.0
2141.456225138824,87.0,9.0,0.0,3.0,0.0,44.0
2141.756225138824,87.0,9.0,0.0,3.0,0.0,44.0
2141.756914793996,87.0,9.0,0.0,3.0,0.0,44.0
2142.0569147939964,87.0,9.0,0.0,3.0,0.0,44.0
2142.0576044491686,87.0,9.0,0.0,3.0,0.0,44.0
2142.357604449169,87.0,9.0,0.0,3.0,0.0,44.0
2142.358294104341,87.0,9.0,0.0,3.0,0.0,44.0
2142.658294104341,87.0,9.0,0.0,3.0,0.0,44.0
2142.6589837595134,87.0,9.0,0.0,3.0,0.0,44.0
2142.9589837595136,87.0,9.0,0.0,3.0,0.0,44.0
2142.9596734146858,87.0,9.0,0.0,3.0,0.0,44.0
2143.259673414686,87.0,9.0,0.0,3.0,0.0,44.0
2143.260363069858,87.0,9.0,0.0,3.0,0.0,44.0
2143.5603630698583,87.0,9.0,0.0,3.0,0.0,44.0
2143.5610527250305,87.0,9.0,0.0,3.0,0.0,44.0
2143.8610527250307,87.0,9.0,0.0,3.0,0.0,44.0
2143.861742380203,87.0,9.0,0.0,3.0,0.0,44.0
2144.161742380203,87.0,9.0,0.0,3.0,0.0,44.0
2144.1624320353753,87.0,9.0,0.0,3.0,0.0,44.0
2144.4624320353755,87.0,9.0,0.0,3.0,0.0,44.0
2144.4631216905477,87.0,9.0,0.0,3.0,0.0,44.0
2144.763121690548,87.0,9.0,0.0,3.0,0.0,44.0
2144.76381134572,87.0,9.0,0.0,3.0,0.0,44.0
2145.0638113457203,87.0,9.0,0.0,3.0,0.0,44.0
2145.0645010008925,87.0,9.0,0.0,3.0,0.0,44.0
2145.3645010008927,87.0,9.0,0.0,3.0,0.0,44.0
2145.365190656065,87.0,9.0,0.0,3.0,0.0,44.0
2145.665190656065,87.0,9.0,0.0,3.0,0.0,44.0
2145.6658803112373,87.0,9.0,0.0,3.0,0.0,44.0
2145.9658803112375,87.0,9.0,0.0,3.0,0.0,44.0
2145.9665699664097,87.0,9.0,0.0,3.0,0.0,44.0
2146.26656996641,87.0,9.0,0.0,3.0,0.0,44.0
2146.267259621582,87.0,9.0,0.0,3.0,0.0,44.0
2146.5672596215823,87.0,9.0,0.0,3.0,0.0,44.0
2146.5679492767545,87.0,9.0,0.0,3.0,0.0,44.0
2146.8679492767546,87.0,9.0,0.0,3.0,0.0,44.0
2146.868638931927,87.0,9.0,0.0,3.0,0.0,44.0
2147.168638931927,87.0,9.0,0.0,3.0,0.0,44.0
2147.1693285870992,87.0,9.0,0.0,3.0,0.0,44.0
2147.4693285870994,87.0,9.0,0.0,3.0,0.0,44.0
2147.4700182422716,87.0,9.0,0.0,3.0,0.0,44.0
2147.770018242272,87.0,9.0,0.0,3.0,0.0,44.0
2147.770707897444,87.0,9.0,0.0,3.0,0.0,44.0
2148.070707897444,87.0,9.0,0.0,3.0,0.0,44.0
2148.0713975526164,87.0,9.0,0.0,3.0,0.0,44.0
2148.3713975526166,87.0,9.0,0.0,3.0,0.0,44.0
2148.372087207789,87.0,9.0,0.0,3.0,0.0,44.0
2148.672087207789,87.0,9.0,0.0,3.0,0.0,44.0
2148.672776862961,87.0,9.0,0.0,3.0,0.0,44.0
2148.9727768629614,87.0,9.0,0.0,3.0,0.0,44.0
2148.9734665181336,87.0,9.0,0.0,3.0,0.0,44.0
2149.273466518134,87.0,9.0,0.0,3.0,0.0,44.0
2149.274156173306,87.0,9.0,0.0,3.0,0.0,44.0
2149.574156173306,87.0,9.0,0.0,3.0,0.0,44.0
2149.5748458284784,87.0,9.0,0.0,3.0,0.0,44.0
2149.8748458284786,87.0,9.0,0.0,3.0,0.0,44.0
2149.8755354836508,87.0,9.0,0.0,3.0,0.0,44.0
2150.175535483651,87.0,9.0,0.0,3.0,0.0,44.0
2150.176225138823,87.0,9.0,0.0,3.0,0.0,44.0
2150.4762251388233,87.0,9.0,0.0,3.0,0.0,44.0
2150.4769147939955,87.0,9.0,0.0,3.0,0.0,44.0
2150.7769147939957,87.0,9.0,0.0,3.0,0.0,44.0
2150.777604449168,87.0,9.0,0.0,3.0,0.0,44.0
2151.077604449168,87.0,9.0,0.0,3.0,0.0,44.0
2151.0782941043403,87.0,9.0,0.0,8.0,0.0,44.0
2151.3782941043405,87.0,9.0,0.0,8.0,0.0,44.0
2151.3789837595127,87.0,9.0,0.0,8.0,0.0,44.0
2151.678983759513,87.0,9.0,0.0,8.0,0.0,44.0
2151.679673414685,87.0,9.0,0.0,6.0,0.0,45.0
2151.9796734146853,87.0,9.0,0.0,6.0,0.0,45.0
2151.9803630698575,87.0,9.0,0.0,6.0,0.0,45.0
2152.2803630698577,87.0,9.0,0.0,6.0,0.0,45.0
2152.28105272503,87.0,9.0,0.0,6.0,0.0,45.0
2152.58105272503,87.0,9.0,0.0,6.0,0.0,45.0
2152.5817423802023,87.0,9.0,0.0,6.0,0.0,45.0
2152.8817423802025,87.0,9.0,0.0,6.0,0.0,45.0
2152.8824320353747,87.0,9.0,0.0,6.0,0.0,45.0
2153.182432035375,87.0,9.0,0.0,6.0,0.0,45.0
2153.183121690547,87.0,9.0,0.0,6.0,0.0,45.0
2153.4831216905473,87.0,9.0,0.0,6.0,0.0,45.0
2153.4838113457195,87.0,9.0,0.0,6.0,0.0,45.0
2153.7838113457196,87.0,9.0,0.0,6.0,0.0,45.0
2153.784501000892,87.0,9.0,0.0,6.0,0.0,45.0
2154.084501000892,87.0,9.0,0.0,6.0,0.0,45.0
2154.0851906560642,87.0,9.0,0.0,6.0,0.0,45.0
2154.3851906560644,87.0,9.0,0.0,6.0,0.0,45.0
2154.3858803112366,87.0,9.0,0.0,6.0,0.0,45.0
2154.685880311237,87.0,9.0,0.0,6.0,0.0,45.0
2154.686569966409,87.0,9.0,0.0,6.0,0.0,45.0
2154.986569966409,87.0,9.0,0.0,6.0,0.0,45.0
2154.9872596215814,87.0,9.0,0.0,6.0,0.0,45.0
2155.2872596215816,87.0,9.0,0.0,6.0,0.0,45.0
2155.287949276754,87.0,9.0,5.0,6.0,0.0,45.0
2155.587949276754,87.0,9.0,5.0,6.0,0.0,45.0
2155.588638931926,87.0,9.0,5.0,6.0,0.0,45.0
2155.8886389319264,87.0,9.0,5.0,6.0,0.0,45.0
2155.8893285870986,87.0,9.0,5.0,6.0,0.0,45.0
2156.1893285870988,87.0,9.0,5.0,6.0,0.0,45.0
2156.190018242271,87.0,9.0,5.0,6.0,0.0,45.0
2156.490018242271,87.0,9.0,5.0,6.0,0.0,45.0
2156.4907078974434,87.0,9.0,5.0,6.0,0.0,45.0
2156.7907078974436,87.0,9.0,5.0,6.0,0.0,45.0
2156.7913975526158,87.0,9.0,5.0,6.0,0.0,45.0
2157.091397552616,87.0,9.0,5.0,6.0,0.0,45.0
2157.092087207788,87.0,9.0,5.0,6.0,0.0,45.0
2157.3920872077883,87.0,9.0,5.0,6.0,0.0,45.0
2157.3927768629605,87.0,9.0,5.0,6.0,0.0,45.0
2157.6927768629607,87.0,9.0,5.0,6.0,0.0,45.0
2157.693466518133,87.0,9.0,5.0,6.0,0.0,45.0
2157.993466518133,87.0,9.0,5.0,6.0,0.0,45.0
2157.9941561733053,87.0,9.0,5.0,6.0,0.0,45.0
2158.2941561733055,87.0,9.0,5.0,6.0,0.0,45.0
2158.2948458284777,87.0,9.0,5.0,4.0,0.0,46.0
2158.594845828478,87.0,9.0,5.0,4.0,0.0,46.0
2158.59553548365,87.0,9.0,5.0,4.0,0.0,46.0
2158.8955354836503,87.0,9.0,5.0,4.0,0.0,46.0
2158.8962251388225,87.0,9.0,5.0,4.0,0.0,46.0
2159.1962251388227,87.0,9.0,5.0,4.0,0.0,46.0
2159.196914793995,87.0,9.0,5.0,4.0,0.0,46.0
2159.496914793995,87.0,9.0,5.0,4.0,0.0,46.0
2159.4976044491673,87.0,9.0,5.0,4.0,0.0,46.0
2159.7976044491675,87.0,9.0,5.0,4.0,0.0,46.0
2159.7982941043397,87.0,9.0,5.0,4.0,0.0,46.0
2160.09829410434,87.0,9.0,5.0,4.0,0.0,46.0
2160.098983759512,87.0,9.0,5.0,4.0,0.0,46.0
2160.3989837595122,87.0,9.0,5.0,4.0,0.0,46.0
2160.3996734146845,87.0,9.0,5.0,4.0,0.0,46.0
2160.6996734146846,87.0,9.0,5.0,4.0,0.0,46.0
2160.700363069857,87.0,9.0,5.0,4.0,0.0,46.0
2161.000363069857,87.0,9.0,5.0,4.0,0.0,46.0
2161.0010527250292,87.0,9.0,5.0,4.0,0.0,46.0
2161.3010527250294,87.0,9.0,5.0,4.0,0.0,46.0
2161.3017423802016,87.0,9.0,5.0,4.0,0.0,46.0
2161.601742380202,87.0,9.0,5.0,4.0,0.0,46.0
2161.602432035374,87.0,9.0,5.0,4.0,0.0,46.0
2161.902432035374,87.0,9.0,5.0,4.0,0.0,46.0
2161.9031216905464,87.0,9.0,5.0,4.0,0.0,46.0
2162.2031216905466,87.0,9.0,5.0,4.0,0.0,46.0
2162.203811345719,87.0,9.0,5.0,4.0,0.0,46.0
2162.503811345719,87.0,9.0,5.0,4.0,0.0,46.0
2162.504501000891,87.0,9.0,5.0,4.0,0.0,46.0
2162.8045010008914,87.0,9.0,5.0,4.0,0.0,46.0
2162.8051906560636,87.0,9.0,5.0,4.0,0.0,46.0
2163.1051906560638,87.0,9.0,5.0,4.0,0.0,46.0
2163.105880311236,87.0,9.0,5.0,4.0,0.0,46.0
2163.405880311236,87.0,9.0,5.0,4.0,0.0,46.0
2163.4065699664084,87.0,9.0,5.0,4.0,0.0,46.0
2163.7065699664086,87.0,9.0,5.0,4.0,0.0,46.0
2163.7072596215808,87.0,9.0,5.0,4.0,0.0,46.0
2164.007259621581,87.0,9.0,5.0,4.0,0.0,46.0
2164.007949276753,87.0,9.0,5.0,4.0,0.0,46.0
2164.3079492767533,87.0,9.0,5.0,4.0,0.0,46.0
2164.3086389319255,88.0,9.0,5.0,4.0,0.0,46.0
2164.6086389319257,88.0,9.0,5.0,4.0,0.0,46.0
2164.6093207501076,88.0,9.0,5.0,4.0,0.0,46.0
2164.909320750108,88.0,9.0,5.0,4.0,0.0,46.0
2164.9100025682897,88.0,9.0,5.0,4.0,0.0,46.0
2165.21000256829,88.0,9.0,5.0,4.0,0.0,46.0
2165.2106843864717,88.0,9.0,5.0,4.0,0.0,46.0
2165.510684386472,88.0,9.0,5.0,4.0,0.0,46.0
2165.5113662046538,88.0,9.0,5.0,4.0,0.0,46.0
2165.811366204654,88.0,9.0,5.0,4.0,0.0,46.0
2165.812048022836,88.0,9.0,5.0,4.0,0.0,46.0
2166.112048022836,88.0,9.0,5.0,4.0,0.0,46.0
2166.112729841018,88.0,9.0,5.0,4.0,0.0,46.0
2166.412729841018,88.0,9.0,5.0,4.0,0.0,46.0
2166.4134116592,88.0,9.0,5.0,4.0,0.0,46.0
2166.7134116592,88.0,9.0,5.0,4.0,0.0,46.0
2166.714093477382,88.0,9.0,5.0,4.0,0.0,46.0
2167.014093477382,88.0,9.0,5.0,4.0,0.0,46.0
2167.014775295564,88.0,9.0,5.0,4.0,0.0,46.0
2167.3147752955642,88.0,9.0,5.0,4.0,0.0,46.0
2167.315457113746,88.0,9.0,5.0,4.0,0.0,46.0
2167.6154571137463,88.0,9.0,5.0,4.0,0.0,46.0
2167.616138931928,88.0,9.0,5.0,4.0,0.0,46.0
2167.9161389319283,88.0,9.0,5.0,4.0,0.0,46.0
2167.91682075011,88.0,9.0,5.0,4.0,0.0,46.0
2168.2168207501104,88.0,9.0,5.0,4.0,0.0,46.0
2168.2175025682923,88.0,9.0,5.0,4.0,0.0,46.0
2168.5175025682925,88.0,9.0,5.0,4.0,0.0,46.0
2168.5181843864743,88.0,9.0,5.0,4.0,0.0,46.0
2168.8181843864745,88.0,9.0,5.0,4.0,0.0,46.0
2168.8188662046564,88.0,9.0,5.0,9.0,0.0,46.0
2169.1188662046566,88.0,9.0,5.0,9.0,0.0,46.0
2169.1195480228384,88.0,9.0,5.0,9.0,0.0,46.0
2169.4195480228386,88.0,9.0,5.0,9.0,0.0,46.0
2169.4202298410205,88.0,9.0,5.0,9.0,0.0,46.0
2169.7202298410207,88.0,9.0,5.0,9.0,0.0,46.0
2169.7209116592026,88.0,9.0,5.0,9.0,0.0,46.0
2170.0209116592027,88.0,9.0,5.0,9.0,0.0,46.0
2170.0215934773846,88.0,9.0,5.0,9.0,0.0,46.0
2170.321593477385,88.0,9.0,5.0,9.0,0.0,46.0
2170.3222752955667,88.0,9.0,5.0,9.0,0.0,46.0
2170.622275295567,88.0,9.0,5.0,9.0,0.0,46.0
2170.6229571137487,89.0,9.0,5.0,9.0,0.0,46.0
2170.922957113749,89.0,9.0,5.0,9.0,0.0,46.0
2170.9236312710523,89.0,9.0,5.0,9.0,0.0,46.0
2171.2236312710525,89.0,9.0,5.0,9.0,0.0,46.0
2171.224305428356,89.0,9.0,5.0,9.0,0.0,46.0
2171.524305428356,89.0,9.0,5.0,9.0,0.0,46.0
2171.5249795856594,89.0,9.0,5.0,9.0,0.0,46.0
2171.8249795856595,89.0,9.0,5.0,9.0,0.0,46.0
2171.825653742963,89.0,9.0,5.0,9.0,0.0,46.0
2172.125653742963,89.0,9.0,5.0,9.0,0.0,46.0
2172.1263279002665,89.0,9.0,5.0,9.0,0.0,46.0
2172.4263279002666,89.0,9.0,5.0,9.0,0.0,46.0
2172.42700205757,89.0,9.0,5.0,9.0,0.0,46.0
2172.72700205757,89.0,9.0,5.0,9.0,0.0,46.0
2172.7276762148736,89.0,9.0,5.0,14.0,0.0,46.0
2173.0276762148737,89.0,9.0,5.0,14.0,0.0,46.0
2173.0279823373226,89.0,9.0,5.0,14.0,0.0,46.0
2173.3279823373227,89.0,9.0,5.0,14.0,0.0,46.0
2173.3282884597716,89.0,9.0,5.0,14.0,0.0,46.0
2173.6282884597717,89.0,9.0,5.0,14.0,0.0,46.0
2173.6285945822206,89.0,9.0,5.0,14.0,0.0,46.0
2173.9285945822207,89.0,9.0,5.0,14.0,0.0,46.0
2173.9289007046696,89.0,9.0,5.0,14.0,0.0,46.0
2174.2289007046697,89.0,9.0,5.0,14.0,0.0,46.0
2174.2292068271186,89.0,9.0,5.0,14.0,0.0,46.0
2174.5292068271187,89.0,9.0,5.0,14.0,0.0,46.0
2174.5295129495676,89.0,9.0,5.0,14.0,0.0,46.0
2174.8295129495677,89.0,9.0,5.0,14.0,0.0,46.0
2174.8298190720166,89.0,9.0,5.0,14.0,0.0,46.0
2175.1298190720167,89.0,9.0,5.0,14.0,0.0,46.0
2175.1301251944656,89.0,9.0,5.0,14.0,0.0,46.0
2175.4301251944657,89.0,9.0,5.0,14.0,0.0,46.0
2175.4304313169146,89.0,9.0,5.0,14.0,0.0,46.0
2175.7304313169147,89.0,9.0,5.0,14.0,0.0,46.0
2175.7307374393636,89.0,9.0,5.0,14.0,0.0,46.0
2176.0307374393637,89.0,9.0,5.0,14.0,0.0,46.0
2176.0310435618126,89.0,9.0,5.0,14.0,0.0,46.0
2176.3310435618127,89.0,9.0,5.0,14.0,0.0,46.0
2176.3313496842616,89.0,9.0,5.0,14.0,0.0,46.0
2176.6313496842617,89.0,9.0,5.0,14.0,0.0,46.0
2176.6316558067106,89.0,9.0,5.0,14.0,0.0,46.0
2176.9316558067108,89.0,9.0,5.0,14.0,0.0,46.0
2176.9319619291596,89.0,9.0,5.0,14.0,0.0,46.0
2177.2319619291598,89.0,9.0,5.0,14.0,0.0,46.0
2177.2322680516086,89.0,9.0,5.0,14.0,0.0,46.0
2177.5322680516088,89.0,9.0,5.0,14.0,0.0,46.0
2177.5325741740576,89.0,9.0,5.0,14.0,0.0,46.0
2177.8325741740578,89.0,9.0,5.0,14.0,0.0,46.0
2177.8328802965066,89.0,9.0,5.0,14.0,0.0,46.0
2178.1328802965068,89.0,9.0,5.0,14.0,0.0,46.0
2178.1331864189556,89.0,9.0,5.0,14.0,0.0,46.0
2178.4331864189558,89.0,9.0,5.0,14.0,0.0,46.0
2178.4334925414046,89.0,9.0,5.0,14.0,0.0,46.0
2178.7334925414048,89.0,9.0,5.0,14.0,0.0,46.0
2178.7337986638536,89.0,9.0,5.0,14.0,0.0,46.0
2179.0337986638538,89.0,9.0,5.0,14.0,0.0,46.0
2179.0341047863026,89.0,9.0,5.0,14.0,0.0,46.0
2179.3341047863028,89.0,9.0,5.0,14.0,0.0,46.0
2179.3344109087516,89.0,9.0,5.0,14.0,0.0,46.0
2179.6344109087518,89.0,9.0,5.0,14.0,0.0,46.0
2179.6347170312006,89.0,9.0,5.0,14.0,0.0,46.0
2179.9347170312008,89.0,9.0,5.0,14.0,0.0,46.0
2179.9350231536496,89.0,9.0,5.0,14.0,0.0,46.0
2180.2350231536498,89.0,9.0,5.0,14.0,0.0,46.0
2180.2353292760986,89.0,9.0,5.0,14.0,0.0,46.0
2180.5353292760988,89.0,9.0,5.0,14.0,0.0,46.0
2180.5356353985476,89.0,9.0,5.0,14.0,0.0,46.0
2180.8356353985478,89.0,9.0,5.0,14.0,0.0,46.0
2180.8359415209966,89.0,9.0,5.0,14.0,0.0,46.0
2181.1359415209968,89.0,9.0,5.0,14.0,0.0,46.0
2181.1362476434456,89.0,9.0,5.0,14.0,0.0,46.0
2181.4362476434458,89.0,9.0,5.0,14.0,0.0,46.0
2181.4365537658946,89.0,9.0,5.0,14.0,0.0,46.0
2181.7365537658948,89.0,9.0,5.0,14.0,0.0,46.0
2181.7368598883436,89.0,9.0,5.0,14.0,0.0,46.0
2182.0368598883438,89.0,9.0,5.0,14.0,0.0,46.0
2182.0371660107926,89.0,9.0,5.0,14.0,0.0,46.0
2182.3371660107928,89.0,9.0,5.0,14.0,0.0,46.0
2182.3374721332416,89.0,9.0,5.0,14.0,0.0,46.0
2182.6374721332418,89.0,9.0,5.0,14.0,0.0,46.0
2182.6377782556906,89.0,9.0,5.0,14.0,0.0,46.0
2182.937778255691,89.0,9.0,5.0,14.0,0.0,46.0
2182.9380843781396,89.0,9.0,5.0,14.0,0.0,46.0
2183.23808437814,89.0,9.0,5.0,14.0,0.0,46.0
2183.2383905005886,89.0,9.0,5.0,14.0,0.0,46.0
2183.538390500589,89.0,9.0,5.0,14.0,0.0,46.0
2183.5386966230376,89.0,9.0,5.0,14.0,0.0,46.0
2183.838696623038,89.0,9.0,5.0,14.0,0.0,46.0
2183.8390027454866,89.0,9.0,5.0,14.0,0.0,46.0
2184.139002745487,89.0,9.0,5.0,14.0,0.0,46.0
2184.1393088679356,89.0,9.0,5.0,14.0,0.0,46.0
2184.439308867936,89.0,9.0,5.0,14.0,0.0,46.0
2184.4396149903846,89.0,9.0,5.0,14.0,0.0,46.0
2184.739614990385,89.0,9.0,5.0,14.0,0.0,46.0
2184.7399211128336,89.0,9.0,5.0,14.0,0.0,46.0
2185.039921112834,89.0,9.0,5.0,14.0,0.0,46.0
2185.0402272352826,89.0,9.0,5.0,14.0,0.0,46.0
2185.340227235283,89.0,9.0,5.0,14.0,0.0,46.0
2185.3405333577316,89.0,9.0,5.0,14.0,0.0,46.0
2185.640533357732,89.0,9.0,5.0,14.0,0.0,46.0
2185.6408394801806,89.0,9.0,5.0,14.0,0.0,46.0
2185.940839480181,89.0,9.0,5.0,14.0,0.0,46.0
2185.9411456026296,89.0,9.0,5.0,14.0,0.0,46.0
2186.24114560263,89.0,9.0,5.0,14.0,0.0,46.0
2186.2414517250786,89.0,9.0,5.0,14.0,0.0,46.0
2186.541451725079,89.0,9.0,5.0,14.0,0.0,46.0
2186.5417578475276,89.0,9.0,5.0,14.0,0.0,46.0
2186.841757847528,89.0,9.0,5.0,14.0,0.0,46.0
2186.8420639699766,89.0,9.0,5.0,14.0,0.0,46.0
2187.142063969977,89.0,9.0,5.0,14.0,0.0,46.0
2187.1423700924256,89.0,9.0,5.0,14.0,0.0,46.0
2187.442370092426,89.0,9.0,5.0,14.0,0.0,46.0
2187.4426762148746,89.0,9.0,5.0,14.0,0.0,46.0
2187.742676214875,89.0,9.0,5.0,14.0,0.0,46.0
2187.7429823373236,89.0,9.0,5.0,14.0,0.0,46.0
2188.042982337324,89.0,9.0,5.0,14.0,0.0,46.0
2188.0432884597726,89.0,9.0,5.0,14.0,0.0,46.0
2188.343288459773,89.0,9.0,5.0,14.0,0.0,46.0
2188.3435945822216,89.0,9.0,5.0,14.0,0.0,46.0
2188.643594582222,89.0,9.0,5.0,14.0,0.0,46.0
2188.6439007046706,89.0,9.0,5.0,14.0,0.0,46.0
2188.943900704671,89.0,9.0,5.0,14.0,0.0,46.0
2188.9442068271196,89.0,9.0,5.0,14.0,0.0,46.0
2189.24420682712,89.0,9.0,5.0,14.0,0.0,46.0
2189.2445129495686,89.0,9.0,5.0,14.0,0.0,46.0
2189.544512949569,89.0,9.0,5.0,14.0,0.0,46.0
2189.5448190720176,89.0,9.0,5.0,14.0,0.0,46.0
2189.844819072018,89.0,9.0,5.0,14.0,0.0,46.0
2189.8451251944666,89.0,9.0,5.0,14.0,0.0,46.0
2190.145125194467,89.0,9.0,5.0,14.0,0.0,46.0
2190.1454313169156,89.0,9.0,5.0,14.0,0.0,46.0
2190.445431316916,89.0,9.0,5.0,14.0,0.0,46.0
2190.4457374393646,89.0,9.0,5.0,14.0,0.0,46.0
2190.745737439365,89.0,9.0,5.0,14.0,0.0,46.0
2190.7460435618136,89.0,9.0,5.0,14.0,0.0,46.0
2191.046043561814,89.0,9.0,5.0,14.0,0.0,46.0
2191.0463496842626,89.0,9.0,5.0,14.0,0.0,46.0
2191.346349684263,89.0,9.0,5.0,14.0,0.0,46.0
2191.3466558067116,89.0,9.0,5.0,14.0,0.0,46.0
2191.646655806712,89.0,9.0,5.0,14.0,0.0,46.0
2191.6469619291606,89.0,9.0,5.0,14.0,0.0,46.0
2191.946961929161,89.0,9.0,5.0,14.0,0.0,46.0
2191.9472680516096,89.0,9.0,5.0,14.0,0.0,46.0
2192.24726805161,89.0,9.0,5.0,14.0,0.0,46.0
2192.2475741740586,89.0,9.0,5.0,14.0,0.0,46.0
2192.547574174059,89.0,9.0,5.0,14.0,0.0,46.0
2192.5478802965076,89.0,9.0,5.0,14.0,0.0,46.0
2192.847880296508,89.0,9.0,5.0,14.0,0.0,46.0
2192.8481864189566,89.0,9.0,5.0,14.0,0.0,46.0
2193.148186418957,89.0,9.0,5.0,14.0,0.0,46.0
2193.1484925414056,89.0,9.0,5.0,14.0,0.0,46.0
2193.448492541406,89.0,9.0,5.0,14.0,0.0,46.0
2193.4487986638546,89.0,9.0,5.0,14.0,0.0,46.0
2193.748798663855,89.0,9.0,5.0,14.0,0.0,46.0
2193.7491047863036,89.0,9.0,5.0,14.0,0.0,46.0
2194.049104786304,89.0,9.0,5.0,14.0,0.0,46.0
2194.0494109087526,89.0,9.0,5.0,14.0,0.0,46.0
2194.349410908753,89.0,9.0,5.0,14.0,0.0,46.0
2194.3497170312016,89.0,9.0,5.0,14.0,0.0,46.0
2194.649717031202,89.0,9.0,5.0,14.0,0.0,46.0
2194.6500231536506,89.0,9.0,5.0,14.0,0.0,46.0
2194.950023153651,89.0,9.0,5.0,14.0,0.0,46.0
2194.9503292760996,89.0,9.0,5.0,14.0,0.0,46.0
2195.2503292761,89.0,9.0,5.0,14.0,0.0,46.0
2195.2506353985486,89.0,9.0,5.0,14.0,0.0,46.0
2195.550635398549,89.0,9.0,5.0,14.0,0.0,46.0
2195.5509415209976,89.0,9.0,5.0,14.0,0.0,46.0
2195.850941520998,89.0,9.0,5.0,14.0,0.0,46.0
2195.8512476434466,89.0,9.0,5.0,14.0,0.0,46.0
2196.151247643447,89.0,9.0,5.0,14.0,0.0,46.0
2196.1515537658956,89.0,9.0,5.0,14.0,0.0,46.0
2196.451553765896,89.0,9.0,5.0,14.0,0.0,46.0
2196.4518598883446,89.0,9.0,5.0,14.0,0.0,46.0
2196.751859888345,89.0,9.0,5.0,14.0,0.0,46.0
2196.7521660107936,89.0,9.0,5.0,14.0,0.0,46.0
2197.052166010794,89.0,9.0,5.0,14.0,0.0,46.0
2197.0524721332426,89.0,9.0,5.0,14.0,0.0,46.0
2197.352472133243,89.0,9.0,5.0,14.0,0.0,46.0
2197.3527782556916,89.0,9.0,5.0,14.0,0.0,46.0
2197.652778255692,89.0,9.0,5.0,14.0,0.0,46.0
2197.6530843781406,89.0,9.0,5.0,14.0,0.0,46.0
2197.953084378141,89.0,9.0,5.0,14.0,0.0,46.0
2197.9533905005896,89.0,9.0,5.0,14.0,0.0,46.0
2198.25339050059,89.0,9.0,5.0,14.0,0.0,46.0
2198.2536966230386,89.0,9.0,5.0,14.0,0.0,46.0
2198.553696623039,89.0,9.0,5.0,14.0,0.0,46.0
2198.5540027454877,89.0,9.0,5.0,14.0,0.0,46.0
2198.854002745488,89.0,9.0,5.0,14.0,0.0,46.0
2198.8543088679367,89.0,9.0,5.0,14.0,0.0,46.0
2199.154308867937,89.0,9.0,5.0,14.0,0.0,46.0
2199.1546149903857,89.0,9.0,5.0,14.0,0.0,46.0
2199.454614990386,89.0,9.0,5.0,14.0,0.0,46.0
2199.4549211128347,89.0,9.0,5.0,14.0,0.0,46.0
2199.754921112835,89.0,9.0,5.0,14.0,0.0,46.0
2199.7552272352837,89.0,9.0,5.0,14.0,0.0,46.0
2200.055227235284,89.0,9.0,5.0,14.0,0.0,46.0
2200.0555333577327,89.0,9.0,5.0,14.0,0.0,46.0
2200.355533357733,89.0,9.0,5.0,14.0,0.0,46.0
2200.3558394801817,89.0,9.0,5.0,14.0,0.0,46.0
2200.655839480182,89.0,9.0,5.0,14.0,0.0,46.0
2200.6561456026307,89.0,9.0,5.0,14.0,0.0,46.0
2200.956145602631,89.0,9.0,5.0,14.0,0.0,46.0
2200.9564517250797,89.0,9.0,5.0,14.0,0.0,46.0
2201.25645172508,89.0,9.0,5.0,14.0,0.0,46.0
2201.2567578475287,89.0,9.0,5.0,12.0,0.0,47.0
2201.556757847529,89.0,9.0,5.0,12.0,0.0,47.0
2201.5571745141956,89.0,9.0,5.0,12.0,0.0,47.0
2201.857174514196,89.0,9.0,5.0,12.0,0.0,47.0
2201.8575911808625,89.0,9.0,5.0,12.0,0.0,47.0
2202.1575911808627,89.0,9.0,5.0,12.0,0.0,47.0
2202.1580078475295,89.0,9.0,5.0,12.0,0.0,47.0
2202.4580078475296,89.0,9.0,5.0,12.0,0.0,47.0
2202.4584245141964,89.0,9.0,5.0,12.0,0.0,47.0
2202.7584245141966,89.0,9.0,5.0,12.0,0.0,47.0
2202.7588411808633,89.0,9.0,5.0,12.0,0.0,47.0
2203.0588411808635,89.0,9.0,5.0,12.0,0.0,47.0
2203.0592578475303,89.0,9.0,5.0,12.0,0.0,47.0
2203.3592578475304,89.0,9.0,5.0,12.0,0.0,47.0
2203.359674514197,89.0,9.0,5.0,12.0,0.0,47.0
2203.6596745141974,89.0,9.0,5.0,12.0,0.0,47.0
2203.660091180864,89.0,9.0,5.0,12.0,0.0,47.0
2203.9600911808643,89.0,9.0,5.0,12.0,0.0,47.0
2203.960507847531,89.0,9.0,5.0,12.0,0.0,47.0
2204.2605078475312,89.0,9.0,5.0,12.0,0.0,47.0
2204.260924514198,89.0,9.0,5.0,12.0,0.0,47.0
2204.560924514198,89.0,9.0,5.0,12.0,0.0,47.0
2204.561341180865,89.0,9.0,5.0,12.0,0.0,47.0
2204.861341180865,89.0,9.0,5.0,12.0,0.0,47.0
2204.861757847532,89.0,9.0,5.0,12.0,0.0,47.0
2205.161757847532,89.0,9.0,5.0,12.0,0.0,47.0
2205.162174514199,89.0,9.0,5.0,12.0,0.0,47.0
2205.462174514199,89.0,9.0,5.0,12.0,0.0,47.0
2205.4625911808657,89.0,9.0,5.0,12.0,0.0,47.0
2205.762591180866,89.0,9.0,5.0,12.0,0.0,47.0
2205.7630078475327,89.0,9.0,5.0,12.0,0.0,47.0
2206.063007847533,89.0,9.0,5.0,12.0,0.0,47.0
2206.0634245141996,89.0,9.0,5.0,12.0,0.0,47.0
2206.3634245142,89.0,9.0,5.0,12.0,0.0,47.0
2206.3638411808665,89.0,9.0,5.0,12.0,0.0,47.0
2206.6638411808667,89.0,9.0,5.0,12.0,0.0,47.0
2206.6642578475335,89.0,9.0,5.0,12.0,0.0,47.0
2206.9642578475336,89.0,9.0,5.0,12.0,0.0,47.0
2206.9646745142004,89.0,9.0,5.0,12.0,0.0,47.0
2207.2646745142006,89.0,9.0,5.0,12.0,0.0,47.0
2207.2650911808673,89.0,9.0,5.0,12.0,0.0,47.0
2207.5650911808675,89.0,9.0,5.0,12.0,0.0,47.0
2207.5655078475343,89.0,9.0,5.0,12.0,0.0,47.0
2207.8655078475344,89.0,9.0,5.0,12.0,0.0,47.0
2207.865924514201,89.0,9.0,5.0,12.0,0.0,47.0
2208.1659245142014,89.0,9.0,5.0,12.0,0.0,47.0
2208.166341180868,89.0,9.0,5.0,12.0,0.0,47.0
2208.4663411808683,89.0,9.0,5.0,12.0,0.0,47.0
2208.466757847535,89.0,9.0,5.0,12.0,0.0,47.0
2208.7667578475352,89.0,9.0,5.0,12.0,0.0,47.0
2208.767174514202,89.0,9.0,5.0,12.0,0.0,47.0
2209.067174514202,89.0,9.0,5.0,12.0,0.0,47.0
2209.067591180869,89.0,9.0,5.0,12.0,0.0,47.0
2209.367591180869,89.0,9.0,5.0,12.0,0.0,47.0
2209.368007847536,89.0,9.0,5.0,12.0,0.0,47.0
2209.668007847536,89.0,9.0,5.0,12.0,0.0,47.0
2209.668424514203,89.0,9.0,5.0,12.0,0.0,47.0
2209.968424514203,89.0,9.0,5.0,12.0,0.0,47.0
2209.9688411808697,89.0,9.0,5.0,12.0,0.0,47.0
2210.26884118087,89.0,9.0,5.0,12.0,0.0,47.0
2210.2692578475367,89.0,9.0,5.0,12.0,0.0,47.0
2210.569257847537,89.0,9.0,5.0,12.0,0.0,47.0
2210.5696745142036,89.0,9.0,5.0,12.0,0.0,47.0
2210.869674514204,89.0,9.0,5.0,12.0,0.0,47.0
2210.8700911808705,89.0,9.0,5.0,12.0,0.0,47.0
2211.1700911808707,89.0,9.0,5.0,12.0,0.0,47.0
2211.1705078475375,89.0,9.0,5.0,12.0,0.0,47.0
2211.4705078475376,89.0,9.0,5.0,12.0,0.0,47.0
2211.4709245142044,89.0,9.0,5.0,12.0,0.0,47.0
2211.7709245142046,89.0,9.0,5.0,12.0,0.0,47.0
2211.7713411808713,89.0,9.0,5.0,12.0,0.0,47.0
2212.0713411808715,89.0,9.0,5.0,12.0,0.0,47.0
2212.0717578475383,89.0,9.0,5.0,12.0,0.0,47.0
2212.3717578475384,89.0,9.0,5.0,12.0,0.0,47.0
2212.372174514205,89.0,9.0,5.0,12.0,0.0,47.0
2212.6721745142054,89.0,9.0,5.0,12.0,0.0,47.0
2212.672591180872,89.0,9.0,5.0,12.0,0.0,47.0
2212.9725911808723,89.0,9.0,5.0,12.0,0.0,47.0
2212.973007847539,89.0,9.0,5.0,12.0,0.0,47.0
2213.2730078475392,89.0,9.0,5.0,12.0,0.0,47.0
2213.273424514206,89.0,9.0,5.0,12.0,0.0,47.0
2213.573424514206,89.0,9.0,5.0,12.0,0.0,47.0
2213.573841180873,89.0,9.0,5.0,12.0,0.0,47.0
2213.873841180873,89.0,9.0,5.0,12.0,0.0,47.0
2213.87425784754,89.0,9.0,5.0,12.0,0.0,47.0
2214.17425784754,89.0,9.0,5.0,12.0,0.0,47.0
2214.174674514207,89.0,9.0,5.0,12.0,0.0,47.0
2214.474674514207,89.0,9.0,5.0,12.0,0.0,47.0
2214.4750911808737,89.0,9.0,5.0,12.0,0.0,47.0
2214.775091180874,89.0,9.0,5.0,12.0,0.0,47.0
2214.7755078475407,89.0,9.0,5.0,12.0,0.0,47.0
2215.075507847541,89.0,9.0,5.0,12.0,0.0,47.0
2215.0759245142076,89.0,9.0,5.0,12.0,0.0,47.0
2215.375924514208,89.0,9.0,5.0,12.0,0.0,47.0
2215.3763411808745,89.0,9.0,5.0,12.0,0.0,47.0
2215.6763411808747,89.0,9.0,5.0,12.0,0.0,47.0
2215.6767578475415,89.0,9.0,5.0,12.0,0.0,47.0
2215.9767578475416,89.0,9.0,5.0,12.0,0.0,47.0
2215.9771745142084,89.0,9.0,5.0,12.0,0.0,47.0
2216.2771745142086,89.0,9.0,5.0,12.0,0.0,47.0
2216.2775911808753,89.0,9.0,5.0,12.0,0.0,47.0
2216.5775911808755,89.0,9.0,5.0,12.0,0.0,47.0
2216.5780078475423,89.0,9.0,5.0,12.0,0.0,47.0
2216.8780078475424,89.0,9.0,5.0,12.0,0.0,47.0
2216.878424514209,89.0,9.0,5.0,12.0,0.0,47.0
2217.1784245142094,89.0,9.0,5.0,12.0,0.0,47.0
2217.178841180876,89.0,9.0,5.0,12.0,0.0,47.0
2217.4788411808763,89.0,9.0,5.0,12.0,0.0,47.0
2217.479257847543,89.0,9.0,5.0,12.0,0.0,47.0
2217.7792578475432,89.0,9.0,5.0,12.0,0.0,47.0
2217.77967451421,89.0,9.0,5.0,12.0,0.0,47.0
2218.07967451421,89.0,9.0,5.0,12.0,0.0,47.0
2218.080091180877,89.0,9.0,5.0,12.0,0.0,47.0
2218.380091180877,89.0,9.0,5.0,12.0,0.0,47.0
2218.380507847544,89.0,9.0,5.0,12.0,0.0,47.0
2218.680507847544,89.0,9.0,5.0,12.0,0.0,47.0
2218.680924514211,89.0,9.0,5.0,12.0,0.0,47.0
2218.980924514211,89.0,9.0,5.0,12.0,0.0,47.0
2218.9813411808777,89.0,9.0,5.0,12.0,0.0,47.0
2219.281341180878,89.0,9.0,5.0,12.0,0.0,47.0
2219.2817578475447,89.0,9.0,5.0,12.0,0.0,47.0
2219.581757847545,89.0,9.0,5.0,12.0,0.0,47.0
2219.5821745142116,89.0,9.0,5.0,12.0,0.0,47.0
2219.882174514212,89.0,9.0,5.0,12.0,0.0,47.0
2219.8825911808785,89.0,9.0,5.0,12.0,0.0,47.0
2220.1825911808787,89.0,9.0,5.0,12.0,0.0,47.0
2220.1830078475455,89.0,9.0,5.0,12.0,0.0,47.0
2220.4830078475457,89.0,9.0,5.0,12.0,0.0,47.0
2220.4834245142124,89.0,9.0,5.0,12.0,0.0,47.0
2220.7834245142126,89.0,9.0,5.0,12.0,0.0,47.0
2220.7838411808793,89.0,9.0,5.0,12.0,0.0,47.0
2221.0838411808795,89.0,9.0,5.0,12.0,0.0,47.0
2221.0842578475463,89.0,9.0,5.0,12.0,0.0,47.0
2221.3842578475465,89.0,9.0,5.0,12.0,0.0,47.0
2221.384674514213,89.0,9.0,5.0,10.0,0.0,48.0
2221.6846745142134,89.0,9.0,5.0,10.0,0.0,48.0
2221.6852745142132,89.0,9.0,5.0,10.0,0.0,48.0
2221.9852745142134,89.0,9.0,5.0,10.0,0.0,48.0
2221.9858745142133,89.0,9.0,5.0,10.0,0.0,48.0
2222.2858745142134,89.0,9.0,5.0,10.0,0.0,48.0
2222.2864745142133,89.0,9.0,5.0,10.0,0.0,48.0
2222.5864745142135,89.0,9.0,5.0,10.0,0.0,48.0
2222.5870745142133,89.0,9.0,5.0,10.0,0.0,48.0
2222.8870745142135,89.0,9.0,5.0,10.0,0.0,48.0
2222.8876745142134,89.0,9.0,5.0,10.0,0.0,48.0
2223.1876745142135,89.0,9.0,5.0,10.0,0.0,48.0
2223.1882745142134,89.0,9.0,5.0,10.0,0.0,48.0
2223.4882745142136,89.0,9.0,5.0,10.0,0.0,48.0
2223.4888745142134,89.0,9.0,5.0,10.0,0.0,48.0
2223.7888745142136,89.0,9.0,5.0,10.0,0.0,48.0
2223.7894745142135,89.0,9.0,5.0,10.0,0.0,48.0
2224.0894745142136,89.0,9.0,5.0,10.0,0.0,48.0
2224.0900745142135,89.0,9.0,5.0,10.0,0.0,48.0
2224.3900745142137,89.0,9.0,5.0,10.0,0.0,48.0
2224.3906745142135,89.0,9.0,5.0,8.0,0.0,49.0
2224.6906745142137,89.0,9.0,5.0,8.0,0.0,49.0
2224.691348671517,89.0,9.0,5.0,8.0,0.0,49.0
2224.9913486715172,89.0,9.0,5.0,8.0,0.0,49.0
2224.9920228288206,89.0,9.0,5.0,8.0,0.0,49.0
2225.292022828821,89.0,9.0,5.0,8.0,0.0,49.0
2225.292696986124,89.0,9.0,5.0,8.0,0.0,49.0
2225.5926969861243,89.0,9.0,5.0,8.0,0.0,49.0
2225.5933711434277,89.0,9.0,5.0,8.0,0.0,49.0
2225.893371143428,89.0,9.0,5.0,8.0,0.0,49.0
2225.8940453007312,89.0,9.0,5.0,8.0,0.0,49.0
2226.1940453007314,89.0,9.0,5.0,8.0,0.0,49.0
2226.194719458035,89.0,9.0,5.0,8.0,0.0,49.0
2226.494719458035,89.0,9.0,5.0,8.0,0.0,49.0
2226.4953936153383,89.0,9.0,5.0,8.0,0.0,49.0
2226.7953936153385,89.0,9.0,5.0,8.0,0.0,49.0
2226.796067772642,89.0,9.0,5.0,8.0,0.0,49.0
2227.096067772642,89.0,9.0,5.0,8.0,0.0,49.0
2227.0967419299454,89.0,9.0,5.0,8.0,0.0,49.0
2227.3967419299456,89.0,9.0,5.0,8.0,0.0,49.0
2227.397416087249,89.0,9.0,5.0,8.0,0.0,49.0
2227.697416087249,89.0,9.0,5.0,8.0,0.0,49.0
2227.6980902445525,89.0,9.0,5.0,8.0,0.0,49.0
2227.9980902445527,89.0,9.0,5.0,8.0,0.0,49.0
2227.998764401856,89.0,9.0,5.0,8.0,0.0,49.0
2228.2987644018563,89.0,9.0,5.0,8.0,0.0,49.0
2228.2994385591596,89.0,9.0,5.0,8.0,0.0,49.0
2228.59943855916,89.0,9.0,5.0,8.0,0.0,49.0
2228.600112716463,89.0,9.0,5.0,8.0,0.0,49.0
2228.9001127164634,89.0,9.0,5.0,8.0,0.0,49.0
2228.9007868737667,89.0,9.0,5.0,8.0,0.0,49.0
2229.200786873767,89.0,9.0,5.0,8.0,0.0,49.0
2229.2014610310703,89.0,9.0,5.0,8.0,0.0,49.0
2229.5014610310704,89.0,9.0,5.0,8.0,0.0,49.0
2229.502135188374,89.0,9.0,5.0,8.0,0.0,49.0
2229.802135188374,89.0,9.0,5.0,8.0,0.0,49.0
2229.8028093456774,89.0,9.0,5.0,8.0,0.0,49.0
2230.1028093456775,89.0,9.0,5.0,8.0,0.0,49.0
2230.103483502981,89.0,9.0,5.0,8.0,0.0,49.0
2230.403483502981,89.0,9.0,5.0,8.0,0.0,49.0
2230.4041576602845,89.0,9.0,5.0,8.0,0.0,49.0
2230.7041576602846,89.0,9.0,5.0,8.0,0.0,49.0
2230.704831817588,89.0,9.0,5.0,8.0,0.0,49.0
2231.004831817588,89.0,9.0,5.0,8.0,0.0,49.0
2231.0055059748915,89.0,9.0,5.0,8.0,0.0,49.0
2231.3055059748917,89.0,9.0,5.0,8.0,0.0,49.0
2231.306180132195,90.0,9.0,5.0,8.0,0.0,49.0
2231.6061801321953,90.0,9.0,5.0,8.0,0.0,49.0
2231.606846798862,90.0,9.0,5.0,8.0,0.0,49.0
2231.9068467988623,90.0,9.0,5.0,8.0,0.0,49.0
2231.907513465529,90.0,9.0,5.0,8.0,0.0,49.0
2232.2075134655292,90.0,9.0,5.0,8.0,0.0,49.0
2232.208180132196,90.0,9.0,5.0,8.0,0.0,49.0
2232.5081801321962,90.0,9.0,5.0,8.0,0.0,49.0
2232.508846798863,90.0,9.0,5.0,8.0,0.0,49.0
2232.808846798863,90.0,9.0,5.0,8.0,0.0,49.0
2232.80951346553,90.0,9.0,5.0,8.0,0.0,49.0
2233.10951346553,90.0,9.0,5.0,8.0,0.0,49.0
2233.110180132197,91.0,9.0,5.0,8.0,0.0,49.0
2233.410180132197,91.0,9.0,5.0,8.0,0.0,49.0
2233.4108394728564,91.0,9.0,5.0,8.0,0.0,49.0
2233.7108394728566,91.0,9.0,5.0,8.0,0.0,49.0
2233.711498813516,91.0,9.0,5.0,8.0,0.0,49.0
2234.011498813516,91.0,9.0,5.0,8.0,0.0,49.0
2234.0121581541753,91.0,9.0,5.0,8.0,0.0,49.0
2234.3121581541754,91.0,9.0,5.0,8.0,0.0,49.0
2234.3128174948347,91.0,9.0,5.0,8.0,0.0,49.0
2234.612817494835,91.0,9.0,5.0,8.0,0.0,49.0
2234.613476835494,91.0,9.0,5.0,8.0,0.0,49.0
2234.9134768354943,91.0,9.0,5.0,8.0,0.0,49.0
2234.9141361761535,91.0,9.0,5.0,8.0,0.0,49.0
2235.2141361761537,91.0,9.0,5.0,8.0,0.0,49.0
2235.214795516813,91.0,9.0,5.0,8.0,0.0,49.0
2235.514795516813,91.0,9.0,5.0,8.0,0.0,49.0
2235.5154548574724,91.0,9.0,5.0,8.0,0.0,49.0
2235.8154548574726,91.0,9.0,5.0,8.0,0.0,49.0
2235.816114198132,91.0,9.0,5.0,8.0,0.0,49.0
2236.116114198132,91.0,9.0,5.0,8.0,0.0,49.0
2236.116773538791,91.0,9.0,5.0,8.0,0.0,49.0
2236.4167735387914,91.0,9.0,5.0,8.0,0.0,49.0
2236.4174328794506,91.0,9.0,5.0,8.0,0.0,49.0
2236.717432879451,91.0,9.0,5.0,8.0,0.0,49.0
2236.71809222011,91.0,9.0,5.0,6.0,0.0,50.0
2237.0180922201102,91.0,9.0,5.0,6.0,0.0,50.0
2237.0187515607695,91.0,9.0,5.0,6.0,0.0,50.0
2237.3187515607697,91.0,9.0,5.0,6.0,0.0,50.0
2237.319410901429,91.0,9.0,5.0,6.0,0.0,50.0
2237.619410901429,91.0,9.0,5.0,6.0,0.0,50.0
2237.6200702420883,91.0,9.0,5.0,6.0,0.0,50.0
2237.9200702420885,91.0,9.0,5.0,6.0,0.0,50.0
2237.9207295827478,91.0,9.0,5.0,6.0,0.0,50.0
2238.220729582748,91.0,9.0,5.0,6.0,0.0,50.0
2238.221388923407,91.0,9.0,5.0,6.0,0.0,50.0
2238.5213889234074,91.0,9.0,5.0,6.0,0.0,50.0
2238.5220482640666,91.0,9.0,5.0,6.0,0.0,50.0
2238.822048264067,91.0,9.0,5.0,6.0,0.0,50.0
2238.822707604726,91.0,9.0,5.0,6.0,0.0,50.0
2239.122707604726,91.0,9.0,5.0,6.0,0.0,50.0
2239.1233669453854,91.0,9.0,5.0,6.0,0.0,50.0
2239.4233669453856,91.0,9.0,5.0,6.0,0.0,50.0
2239.424026286045,91.0,9.0,5.0,6.0,0.0,50.0
2239.724026286045,91.0,9.0,5.0,6.0,0.0,50.0
2239.7246856267043,91.0,9.0,5.0,6.0,0.0,50.0
2240.0246856267045,91.0,9.0,5.0,6.0,0.0,50.0
2240.0253449673637,91.0,9.0,5.0,6.0,0.0,50.0
2240.325344967364,91.0,9.0,5.0,6.0,0.0,50.0
2240.326004308023,91.0,9.0,5.0,6.0,0.0,50.0
2240.6260043080233,91.0,9.0,5.0,6.0,0.0,50.0
2240.6266636486826,91.0,9.0,5.0,6.0,0.0,50.0
2240.9266636486827,91.0,9.0,5.0,6.0,0.0,50.0
2240.927322989342,91.0,9.0,5.0,6.0,0.0,50.0
2241.227322989342,91.0,9.0,5.0,6.0,0.0,50.0
2241.2279823300014,90.0,9.0,5.0,6.0,0.0,50.0
2241.5279823300016,90.0,9.0,5.0,6.0,0.0,50.0
2241.5286489966684,90.0,9.0,5.0,6.0,0.0,50.0
2241.8286489966686,90.0,9.0,5.0,6.0,0.0,50.0
2241.8293156633354,90.0,9.0,5.0,6.0,0.0,50.0
2242.1293156633355,90.0,9.0,5.0,6.0,0.0,50.0
2242.1299823300023,90.0,9.0,5.0,6.0,0.0,50.0
2242.4299823300025,90.0,9.0,5.0,6.0,0.0,50.0
2242.4306489966693,90.0,9.0,5.0,6.0,0.0,50.0
2242.7306489966695,90.0,9.0,5.0,6.0,0.0,50.0
2242.7313156633363,90.0,9.0,5.0,6.0,0.0,50.0
2243.0313156633365,90.0,9.0,5.0,6.0,0.0,50.0
2243.0319823300033,90.0,9.0,5.0,6.0,0.0,50.0
2243.3319823300035,90.0,9.0,5.0,6.0,0.0,50.0
2243.3326489966703,90.0,9.0,5.0,6.0,0.0,50.0
2243.6326489966705,90.0,9.0,5.0,6.0,0.0,50.0
2243.6333156633373,90.0,9.0,5.0,6.0,0.0,50.0
2243.9333156633375,90.0,9.0,5.0,6.0,0.0,50.0
2243.9339823300043,90.0,9.0,5.0,6.0,0.0,50.0
2244.2339823300044,90.0,9.0,5.0,6.0,0.0,50.0
2244.2346489966712,90.0,9.0,5.0,6.0,0.0,50.0
2244.5346489966714,90.0,9.0,5.0,6.0,0.0,50.0
2244.535315663338,90.0,9.0,5.0,6.0,0.0,50.0
2244.8353156633384,90.0,9.0,5.0,6.0,0.0,50.0
2244.835982330005,90.0,9.0,5.0,6.0,0.0,50.0
2245.1359823300054,90.0,9.0,5.0,6.0,0.0,50.0
2245.136648996672,90.0,9.0,5.0,6.0,0.0,50.0
2245.4366489966724,90.0,9.0,5.0,6.0,0.0,50.0
2245.437315663339,90.0,9.0,5.0,6.0,0.0,50.0
2245.7373156633394,90.0,9.0,5.0,6.0,0.0,50.0
2245.737982330006,90.0,9.0,5.0,6.0,0.0,50.0
2246.0379823300063,90.0,9.0,5.0,6.0,0.0,50.0
2246.038648996673,90.0,9.0,5.0,6.0,0.0,50.0
2246.3386489966733,90.0,9.0,5.0,6.0,0.0,50.0
2246.33931566334,90.0,9.0,5.0,6.0,0.0,50.0
2246.6393156633403,90.0,9.0,5.0,6.0,0.0,50.0
2246.639982330007,90.0,9.0,5.0,6.0,0.0,50.0
2246.9399823300073,90.0,9.0,5.0,6.0,0.0,50.0
2246.940648996674,90.0,9.0,5.0,6.0,0.0,50.0
2247.2406489966743,90.0,9.0,5.0,6.0,0.0,50.0
2247.241315663341,90.0,9.0,5.0,6.0,0.0,50.0
2247.5413156633413,90.0,9.0,5.0,6.0,0.0,50.0
2247.541982330008,90.0,9.0,5.0,6.0,0.0,50.0
2247.8419823300082,90.0,9.0,5.0,6.0,0.0,50.0
2247.842648996675,90.0,9.0,5.0,6.0,0.0,50.0
2248.1426489966752,90.0,9.0,5.0,6.0,0.0,50.0
2248.143315663342,90.0,9.0,5.0,6.0,0.0,50.0
2248.443315663342,90.0,9.0,5.0,6.0,0.0,50.0
2248.443982330009,90.0,9.0,5.0,6.0,0.0,50.0
2248.743982330009,90.0,9.0,5.0,6.0,0.0,50.0
2248.744648996676,90.0,9.0,5.0,6.0,0.0,50.0
2249.044648996676,90.0,9.0,5.0,6.0,0.0,50.0
2249.045315663343,90.0,9.0,5.0,6.0,0.0,50.0
2249.345315663343,90.0,9.0,5.0,6.0,0.0,50.0
2249.34598233001,90.0,9.0,5.0,6.0,0.0,50.0
2249.64598233001,90.0,9.0,5.0,6.0,0.0,50.0
2249.646648996677,90.0,9.0,5.0,6.0,0.0,50.0
2249.946648996677,90.0,9.0,5.0,6.0,0.0,50.0
2249.947315663344,90.0,9.0,5.0,6.0,0.0,50.0
2250.247315663344,90.0,9.0,5.0,6.0,0.0,50.0
2250.247982330011,90.0,9.0,5.0,6.0,0.0,50.0
2250.547982330011,90.0,9.0,5.0,6.0,0.0,50.0
2250.548648996678,90.0,9.0,5.0,6.0,0.0,50.0
2250.848648996678,90.0,9.0,5.0,6.0,0.0,50.0
2250.849315663345,90.0,9.0,5.0,6.0,0.0,50.0
2251.149315663345,90.0,9.0,5.0,6.0,0.0,50.0
2251.149982330012,90.0,9.0,5.0,6.0,0.0,50.0
2251.449982330012,90.0,9.0,5.0,6.0,0.0,50.0
2251.450648996679,90.0,9.0,5.0,6.0,0.0,50.0
2251.750648996679,90.0,9.0,5.0,6.0,0.0,50.0
2251.751315663346,90.0,9.0,5.0,6.0,0.0,50.0
2252.051315663346,90.0,9.0,5.0,6.0,0.0,50.0
2252.051982330013,90.0,9.0,5.0,6.0,0.0,50.0
2252.351982330013,90.0,9.0,5.0,6.0,0.0,50.0
2252.35264899668,90.0,9.0,5.0,6.0,0.0,50.0
2252.65264899668,90.0,9.0,5.0,6.0,0.0,50.0
2252.653315663347,90.0,9.0,5.0,6.0,0.0,50.0
2252.953315663347,90.0,9.0,5.0,6.0,0.0,50.0
2252.953982330014,90.0,9.0,5.0,6.0,0.0,50.0
2253.253982330014,90.0,9.0,5.0,6.0,0.0,50.0
2253.2546489966808,90.0,9.0,3.0,6.0,1.0,50.0
2253.554648996681,90.0,9.0,3.0,6.0,1.0,50.0
2253.5553156633478,90.0,9.0,3.0,6.0,1.0,50.0
2253.855315663348,90.0,9.0,3.0,6.0,1.0,50.0
2253.8559823300147,90.0,9.0,3.0,6.0,1.0,50.0
2254.155982330015,90.0,9.0,3.0,6.0,1.0,50.0
2254.1566489966817,90.0,9.0,3.0,6.0,1.0,50.0
2254.456648996682,90.0,9.0,3.0,6.0,1.0,50.0
2254.4573156633487,90.0,9.0,3.0,6.0,1.0,50.0
2254.757315663349,90.0,9.0,3.0,6.0,1.0,50.0
2254.7579823300157,91.0,9.0,3.0,6.0,1.0,50.0
2255.057982330016,91.0,9.0,3.0,6.0,1.0,50.0
2255.058641670675,91.0,9.0,3.0,6.0,1.0,50.0
2255.3586416706753,91.0,9.0,3.0,6.0,1.0,50.0
2255.3593010113345,91.0,9.0,3.0,6.0,1.0,50.0
2255.6593010113347,91.0,9.0,3.0,6.0,1.0,50.0
2255.659960351994,91.0,9.0,3.0,6.0,1.0,50.0
2255.959960351994,91.0,9.0,3.0,6.0,1.0,50.0
2255.9606196926534,91.0,9.0,3.0,6.0,1.0,50.0
2256.2606196926536,91.0,9.0,3.0,6.0,1.0,50.0
2256.261279033313,91.0,9.0,3.0,6.0,1.0,50.0
2256.561279033313,91.0,9.0,3.0,6.0,1.0,50.0
2256.561938373972,90.0,9.0,3.0,6.0,1.0,50.0
2256.8619383739724,90.0,9.0,3.0,6.0,1.0,50.0
2256.862605040639,90.0,9.0,3.0,6.0,1.0,50.0
2257.1626050406394,90.0,9.0,3.0,6.0,1.0,50.0
2257.163271707306,90.0,9.0,3.0,6.0,1.0,50.0
2257.4632717073064,90.0,9.0,3.0,6.0,1.0,50.0
2257.463938373973,90.0,9.0,3.0,6.0,1.0,50.0
2257.7639383739734,90.0,9.0,3.0,6.0,1.0,50.0
2257.76460504064,90.0,9.0,3.0,6.0,1.0,50.0
2258.0646050406403,90.0,9.0,3.0,6.0,1.0,50.0
2258.065271707307,90.0,9.0,3.0,6.0,1.0,50.0
2258.3652717073073,90.0,9.0,3.0,6.0,1.0,50.0
2258.365938373974,90.0,9.0,3.0,6.0,1.0,50.0
2258.6659383739743,90.0,9.0,3.0,6.0,1.0,50.0
2258.666605040641,90.0,9.0,3.0,6.0,1.0,50.0
2258.9666050406413,90.0,9.0,3.0,6.0,1.0,50.0
2258.967271707308,90.0,9.0,3.0,6.0,1.0,50.0
2259.2672717073083,90.0,9.0,3.0,6.0,1.0,50.0
2259.267938373975,90.0,9.0,3.0,6.0,1.0,50.0
2259.5679383739753,90.0,9.0,3.0,6.0,1.0,50.0
2259.568605040642,90.0,9.0,3.0,6.0,1.0,50.0
2259.8686050406423,90.0,9.0,3.0,6.0,1.0,50.0
2259.869271707309,90.0,9.0,3.0,6.0,1.0,50.0
2260.1692717073092,90.0,9.0,3.0,6.0,1.0,50.0
2260.169938373976,90.0,9.0,3.0,6.0,1.0,50.0
2260.469938373976,90.0,9.0,3.0,6.0,1.0,50.0
2260.470605040643,90.0,9.0,3.0,6.0,1.0,50.0
2260.770605040643,90.0,9.0,3.0,6.0,1.0,50.0
2260.77127170731,90.0,9.0,3.0,6.0,0.0,50.0
2261.07127170731,90.0,9.0,3.0,6.0,0.0,50.0
2261.071938373977,90.0,9.0,3.0,6.0,0.0,50.0
2261.371938373977,90.0,9.0,3.0,6.0,0.0,50.0
2261.372605040644,90.0,9.0,3.0,6.0,0.0,50.0
2261.672605040644,90.0,9.0,3.0,6.0,0.0,50.0
2261.673271707311,90.0,9.0,3.0,6.0,0.0,50.0
2261.973271707311,90.0,9.0,3.0,6.0,0.0,50.0
2261.973938373978,90.0,9.0,3.0,6.0,0.0,50.0
2262.273938373978,90.0,9.0,3.0,6.0,0.0,50.0
2262.274605040645,90.0,9.0,3.0,6.0,0.0,50.0
2262.574605040645,90.0,9.0,3.0,6.0,0.0,50.0
2262.575271707312,90.0,9.0,3.0,6.0,0.0,50.0
2262.875271707312,90.0,9.0,3.0,6.0,0.0,50.0
2262.875938373979,90.0,9.0,3.0,6.0,0.0,50.0
2263.175938373979,90.0,9.0,3.0,6.0,0.0,50.0
2263.176605040646,90.0,9.0,3.0,6.0,0.0,50.0
2263.476605040646,90.0,9.0,3.0,6.0,0.0,50.0
2263.477271707313,90.0,9.0,3.0,6.0,0.0,50.0
2263.777271707313,90.0,9.0,3.0,6.0,0.0,50.0
2263.77793837398,90.0,9.0,3.0,6.0,0.0,50.0
2264.07793837398,90.0,9.0,3.0,6.0,0.0,50.0
2264.078605040647,90.0,9.0,3.0,6.0,0.0,50.0
2264.378605040647,90.0,9.0,3.0,6.0,0.0,50.0
2264.379271707314,90.0,9.0,3.0,6.0,0.0,50.0
2264.679271707314,90.0,9.0,3.0,6.0,0.0,50.0
2264.679938373981,90.0,9.0,3.0,6.0,0.0,50.0
2264.979938373981,90.0,9.0,3.0,6.0,0.0,50.0
2264.980605040648,90.0,9.0,3.0,6.0,0.0,50.0
2265.280605040648,90.0,9.0,3.0,6.0,0.0,50.0
2265.2812717073148,90.0,9.0,3.0,6.0,0.0,50.0
2265.581271707315,90.0,9.0,3.0,6.0,0.0,50.0
2265.5819383739818,90.0,9.0,3.0,6.0,0.0,50.0
2265.881938373982,90.0,9.0,3.0,6.0,0.0,50.0
2265.8826050406487,90.0,9.0,3.0,6.0,0.0,50.0
2266.182605040649,90.0,9.0,3.0,6.0,0.0,50.0
2266.1832717073157,90.0,9.0,3.0,6.0,0.0,50.0
2266.483271707316,90.0,9.0,3.0,6.0,0.0,50.0
2266.4839383739827,90.0,9.0,3.0,6.0,0.0,50.0
2266.783938373983,90.0,9.0,3.0,6.0,0.0,50.0
2266.7846050406497,89.0,9.0,3.0,6.0,0.0,50.0
2267.08460504065,89.0,9.0,3.0,6.0,0.0,50.0
2267.0852791979532,89.0,9.0,3.0,6.0,0.0,50.0
2267.3852791979534,89.0,9.0,3.0,6.0,0.0,50.0
2267.385953355257,89.0,9.0,3.0,4.0,0.0,51.0
2267.685953355257,89.0,9.0,3.0,4.0,0.0,51.0
2267.6866275125603,89.0,9.0,3.0,4.0,0.0,51.0
2267.9866275125605,89.0,9.0,3.0,4.0,0.0,51.0
2267.987301669864,89.0,9.0,3.0,4.0,0.0,51.0
2268.287301669864,89.0,9.0,3.0,4.0,0.0,51.0
2268.2879758271674,89.0,9.0,3.0,4.0,0.0,51.0
2268.5879758271676,89.0,9.0,3.0,4.0,0.0,51.0
2268.588649984471,89.0,9.0,3.0,4.0,0.0,51.0
2268.888649984471,89.0,9.0,3.0,4.0,0.0,51.0
2268.8893241417745,89.0,9.0,3.0,4.0,0.0,51.0
2269.1893241417747,89.0,9.0,3.0,4.0,0.0,51.0
2269.189998299078,89.0,9.0,3.0,4.0,0.0,51.0
2269.4899982990783,89.0,9.0,3.0,4.0,0.0,51.0
2269.4906724563816,89.0,9.0,3.0,4.0,0.0,51.0
2269.790672456382,89.0,9.0,3.0,4.0,0.0,51.0
2269.791346613685,89.0,9.0,3.0,4.0,0.0,51.0
2270.0913466136853,89.0,9.0,3.0,4.0,0.0,51.0
2270.0920207709887,89.0,9.0,3.0,4.0,0.0,51.0
2270.392020770989,89.0,9.0,3.0,4.0,0.0,51.0
2270.3926949282923,89.0,9.0,3.0,4.0,0.0,51.0
2270.6926949282924,89.0,9.0,3.0,4.0,0.0,51.0
2270.693369085596,89.0,9.0,3.0,4.0,0.0,51.0
2270.993369085596,89.0,9.0,3.0,4.0,0.0,51.0
2270.9940432428994,89.0,9.0,3.0,4.0,0.0,51.0
2271.2940432428995,89.0,9.0,3.0,4.0,0.0,51.0
2271.294717400203,89.0,9.0,3.0,4.0,0.0,51.0
2271.594717400203,89.0,9.0,3.0,4.0,0.0,51.0
2271.5953915575064,88.0,9.0,3.0,4.0,0.0,51.0
2271.8953915575066,88.0,9.0,3.0,4.0,0.0,51.0
2271.8960733756885,88.0,9.0,3.0,4.0,0.0,51.0
2272.1960733756887,88.0,9.0,3.0,4.0,0.0,51.0
2272.1967551938706,88.0,9.0,3.0,4.0,0.0,51.0
2272.4967551938707,88.0,9.0,3.0,4.0,0.0,51.0
2272.4974370120526,88.0,9.0,3.0,4.0,0.0,51.0
2272.797437012053,88.0,9.0,3.0,4.0,0.0,51.0
2272.7981188302347,88.0,9.0,3.0,4.0,0.0,51.0
2273.098118830235,88.0,9.0,3.0,4.0,0.0,51.0
2273.0988006484167,88.0,9.0,3.0,4.0,0.0,51.0
2273.398800648417,88.0,9.0,3.0,4.0,0.0,51.0
2273.399482466599,88.0,9.0,3.0,4.0,0.0,51.0
2273.699482466599,88.0,9.0,3.0,4.0,0.0,51.0
2273.700164284781,88.0,9.0,3.0,4.0,0.0,51.0
2274.000164284781,88.0,9.0,3.0,4.0,0.0,51.0
2274.000846102963,88.0,9.0,3.0,4.0,0.0,51.0
2274.300846102963,88.0,9.0,3.0,4.0,0.0,51.0
2274.301527921145,88.0,9.0,3.0,4.0,0.0,51.0
2274.601527921145,88.0,9.0,3.0,4.0,0.0,51.0
2274.602209739327,88.0,9.0,3.0,4.0,0.0,51.0
2274.902209739327,88.0,9.0,3.0,4.0,0.0,51.0
2274.902891557509,88.0,9.0,3.0,4.0,0.0,51.0
2275.2028915575092,88.0,9.0,3.0,4.0,0.0,51.0
2275.203573375691,88.0,9.0,3.0,4.0,0.0,51.0
2275.5035733756913,88.0,9.0,3.0,4.0,0.0,51.0
2275.504255193873,88.0,9.0,3.0,4.0,0.0,51.0
2275.8042551938734,88.0,9.0,3.0,4.0,0.0,51.0
2275.8049370120552,88.0,9.0,3.0,4.0,0.0,51.0
2276.1049370120554,88.0,9.0,3.0,4.0,0.0,51.0
2276.1056188302373,88.0,9.0,3.0,4.0,0.0,51.0
2276.4056188302375,88.0,9.0,3.0,4.0,0.0,51.0
2276.4063006484193,88.0,9.0,3.0,4.0,0.0,51.0
2276.7063006484195,88.0,9.0,3.0,4.0,0.0,51.0
2276.7069824666014,88.0,9.0,3.0,4.0,0.0,51.0
2277.0069824666016,88.0,9.0,3.0,4.0,0.0,51.0
2277.0076642847835,88.0,9.0,3.0,4.0,0.0,51.0
2277.3076642847836,88.0,9.0,3.0,4.0,0.0,51.0
2277.3083461029655,88.0,9.0,3.0,4.0,0.0,51.0
2277.6083461029657,88.0,9.0,3.0,4.0,0.0,51.0
2277.6090279211476,88.0,9.0,3.0,4.0,0.0,51.0
2277.9090279211478,88.0,9.0,3.0,4.0,0.0,51.0
2277.9097097393296,88.0,9.0,3.0,4.0,0.0,51.0
2278.20970973933,88.0,9.0,3.0,4.0,0.0,51.0
2278.2103915575117,88.0,9.0,3.0,4.0,0.0,51.0
2278.510391557512,88.0,9.0,3.0,4.0,0.0,51.0
2278.5110733756937,88.0,9.0,3.0,4.0,0.0,51.0
2278.811073375694,88.0,9.0,3.0,4.0,0.0,51.0
2278.811755193876,88.0,9.0,3.0,4.0,0.0,51.0
2279.111755193876,88.0,9.0,3.0,4.0,0.0,51.0
2279.112437012058,88.0,9.0,3.0,4.0,0.0,51.0
2279.412437012058,88.0,9.0,3.0,4.0,0.0,51.0
2279.41311883024,88.0,9.0,3.0,4.0,0.0,51.0
2279.71311883024,88.0,9.0,3.0,4.0,0.0,51.0
2279.713800648422,88.0,9.0,3.0,4.0,0.0,51.0
2280.013800648422,88.0,9.0,3.0,4.0,0.0,51.0
2280.014482466604,88.0,9.0,3.0,4.0,0.0,51.0
2280.314482466604,88.0,9.0,3.0,4.0,0.0,51.0
2280.315164284786,88.0,9.0,3.0,4.0,0.0,51.0
2280.6151642847863,88.0,9.0,3.0,4.0,0.0,51.0
2280.615846102968,88.0,9.0,3.0,4.0,0.0,51.0
2280.9158461029683,88.0,9.0,3.0,4.0,0.0,51.0
2280.91652792115,88.0,9.0,3.0,4.0,0.0,51.0
2281.2165279211504,88.0,9.0,3.0,4.0,0.0,51.0
2281.2172097393322,89.0,9.0,3.0,4.0,0.0,51.0
2281.5172097393324,89.0,9.0,3.0,4.0,0.0,51.0
2281.517883896636,89.0,9.0,3.0,4.0,0.0,51.0
2281.817883896636,89.0,9.0,3.0,4.0,0.0,51.0
2281.8185580539393,89.0,9.0,3.0,4.0,0.0,51.0
2282.1185580539395,89.0,9.0,3.0,4.0,0.0,51.0
2282.119232211243,89.0,9.0,3.0,4.0,0.0,51.0
2282.419232211243,89.0,9.0,3.0,4.0,0.0,51.0
2282.4199063685464,89.0,9.0,3.0,4.0,0.0,51.0
2282.7199063685466,89.0,9.0,3.0,4.0,0.0,51.0
2282.72058052585,89.0,9.0,3.0,4.0,0.0,51.0
2283.02058052585,89.0,9.0,3.0,4.0,0.0,51.0
2283.0212546831535,89.0,9.0,3.0,4.0,0.0,51.0
2283.3212546831537,89.0,9.0,3.0,4.0,0.0,51.0
2283.321928840457,89.0,9.0,3.0,4.0,0.0,51.0
2283.6219288404573,89.0,9.0,3.0,4.0,0.0,51.0
2283.6226029977606,89.0,9.0,3.0,4.0,0.0,51.0
2283.922602997761,89.0,9.0,3.0,4.0,0.0,51.0
2283.923277155064,89.0,9.0,3.0,4.0,0.0,51.0
2284.2232771550644,89.0,9.0,3.0,4.0,0.0,51.0
2284.2239513123677,89.0,9.0,3.0,4.0,0.0,51.0
2284.523951312368,89.0,9.0,3.0,4.0,0.0,51.0
2284.5246254696713,89.0,9.0,3.0,4.0,0.0,51.0
2284.8246254696714,89.0,9.0,3.0,4.0,0.0,51.0
2284.825299626975,89.0,9.0,3.0,4.0,0.0,51.0
2285.125299626975,89.0,9.0,3.0,4.0,0.0,51.0
2285.1259737842784,89.0,9.0,3.0,4.0,0.0,51.0
2285.4259737842785,89.0,9.0,3.0,4.0,0.0,51.0
2285.426647941582,89.0,9.0,3.0,4.0,0.0,51.0
2285.726647941582,89.0,9.0,3.0,4.0,0.0,51.0
2285.7273220988855,89.0,9.0,3.0,4.0,0.0,51.0
2286.0273220988856,89.0,9.0,3.0,4.0,0.0,51.0
2286.027996256189,89.0,9.0,3.0,4.0,0.0,51.0
2286.327996256189,89.0,9.0,3.0,4.0,0.0,51.0
2286.3286704134925,89.0,9.0,3.0,4.0,0.0,51.0
2286.6286704134927,89.0,9.0,3.0,4.0,0.0,51.0
2286.629344570796,89.0,9.0,3.0,4.0,0.0,51.0
2286.9293445707963,89.0,9.0,3.0,4.0,0.0,51.0
2286.9300187280996,89.0,9.0,3.0,4.0,0.0,51.0
2287.2300187281,89.0,9.0,3.0,4.0,0.0,51.0
2287.230692885403,89.0,9.0,3.0,4.0,0.0,51.0
2287.5306928854034,89.0,9.0,3.0,4.0,0.0,51.0
2287.5313670427067,89.0,9.0,3.0,4.0,0.0,51.0
2287.831367042707,89.0,9.0,3.0,4.0,0.0,51.0
2287.8320412000103,89.0,9.0,3.0,4.0,0.0,51.0
2288.1320412000105,89.0,9.0,3.0,4.0,0.0,51.0
2288.132715357314,89.0,9.0,3.0,4.0,0.0,51.0
2288.432715357314,89.0,9.0,3.0,4.0,0.0,51.0
2288.4333895146174,89.0,9.0,3.0,4.0,0.0,51.0
2288.7333895146176,89.0,9.0,3.0,4.0,0.0,51.0
2288.734063671921,89.0,9.0,3.0,4.0,0.0,51.0
2289.034063671921,89.0,9.0,3.0,4.0,0.0,51.0
2289.0347378292245,89.0,9.0,3.0,4.0,0.0,51.0
2289.3347378292247,89.0,9.0,3.0,4.0,0.0,51.0
2289.335411986528,89.0,9.0,3.0,4.0,0.0,51.0
2289.635411986528,89.0,9.0,3.0,4.0,0.0,51.0
2289.6360861438316,89.0,9.0,3.0,4.0,0.0,51.0
2289.9360861438317,89.0,9.0,3.0,4.0,0.0,51.0
2289.936760301135,89.0,9.0,3.0,4.0,0.0,51.0
2290.2367603011353,89.0,9.0,3.0,4.0,0.0,51.0
2290.2374344584387,89.0,9.0,3.0,4.0,0.0,51.0
2290.537434458439,89.0,9.0,3.0,4.0,0.0,51.0
2290.538108615742,89.0,9.0,3.0,4.0,0.0,51.0
2290.8381086157424,89.0,9.0,3.0,4.0,0.0,51.0
2290.8387827730458,89.0,9.0,3.0,4.0,0.0,51.0
2291.138782773046,89.0,9.0,3.0,4.0,0.0,51.0
2291.1394569303493,89.0,9.0,3.0,4.0,0.0,51.0
2291.4394569303495,89.0,9.0,3.0,4.0,0.0,51.0
2291.440131087653,89.0,9.0,3.0,4.0,0.0,51.0
2291.740131087653,89.0,9.0,3.0,4.0,0.0,51.0
2291.7408052449564,89.0,9.0,3.0,4.0,0.0,51.0
2292.0408052449566,89.0,9.0,3.0,4.0,0.0,51.0
2292.04147940226,88.0,9.0,3.0,4.0,0.0,51.0
2292.34147940226,88.0,9.0,3.0,4.0,0.0,51.0
2292.342161220442,88.0,9.0,3.0,4.0,0.0,51.0
2292.642161220442,88.0,9.0,3.0,4.0,0.0,51.0
2292.642843038624,88.0,9.0,3.0,4.0,0.0,51.0
2292.9428430386242,88.0,9.0,3.0,4.0,0.0,51.0
2292.943524856806,88.0,9.0,3.0,4.0,0.0,51.0
2293.2435248568063,88.0,9.0,3.0,4.0,0.0,51.0
2293.244206674988,88.0,9.0,3.0,4.0,0.0,51.0
2293.5442066749883,88.0,9.0,3.0,4.0,0.0,51.0
2293.54488849317,88.0,9.0,3.0,4.0,0.0,51.0
2293.8448884931704,88.0,9.0,3.0,4.0,0.0,51.0
2293.8455703113523,88.0,9.0,3.0,4.0,0.0,51.0
2294.1455703113525,88.0,9.0,3.0,4.0,0.0,51.0
2294.1462521295343,88.0,9.0,3.0,4.0,0.0,51.0
2294.4462521295345,88.0,9.0,3.0,4.0,0.0,51.0
2294.4469339477164,88.0,9.0,3.0,4.0,0.0,51.0
2294.7469339477166,88.0,9.0,3.0,4.0,0.0,51.0
2294.7476157658984,88.0,9.0,3.0,4.0,0.0,51.0
2295.0476157658986,88.0,9.0,3.0,4.0,0.0,51.0
2295.0482975840805,88.0,9.0,3.0,4.0,0.0,51.0
2295.3482975840807,88.0,9.0,3.0,4.0,0.0,51.0
2295.3489794022626,88.0,9.0,3.0,4.0,0.0,51.0
2295.6489794022627,88.0,9.0,3.0,4.0,0.0,51.0
2295.6496612204446,88.0,9.0,3.0,4.0,0.0,51.0
2295.949661220445,88.0,9.0,3.0,4.0,0.0,51.0
2295.9503430386267,88.0,9.0,3.0,4.0,0.0,51.0
2296.250343038627,88.0,9.0,3.0,4.0,0.0,51.0
2296.2510248568087,88.0,9.0,3.0,4.0,0.0,51.0
2296.551024856809,88.0,9.0,3.0,4.0,0.0,51.0
2296.551706674991,88.0,9.0,3.0,4.0,0.0,51.0
2296.851706674991,88.0,9.0,3.0,4.0,0.0,51.0
2296.852388493173,88.0,9.0,3.0,4.0,0.0,51.0
2297.152388493173,88.0,9.0,3.0,4.0,0.0,51.0
2297.153070311355,88.0,9.0,3.0,4.0,0.0,51.0
2297.453070311355,88.0,9.0,3.0,4.0,0.0,51.0
2297.453752129537,88.0,9.0,3.0,4.0,0.0,51.0
2297.753752129537,88.0,9.0,3.0,4.0,0.0,51.0
2297.754433947719,88.0,9.0,3.0,4.0,0.0,51.0
2298.054433947719,88.0,9.0,3.0,4.0,0.0,51.0
2298.055115765901,88.0,9.0,3.0,4.0,0.0,51.0
2298.3551157659012,88.0,9.0,3.0,4.0,0.0,51.0
2298.355797584083,88.0,9.0,3.0,4.0,0.0,51.0
2298.6557975840833,88.0,9.0,3.0,4.0,0.0,51.0
2298.656479402265,88.0,9.0,3.0,4.0,0.0,51.0
2298.9564794022654,88.0,9.0,3.0,4.0,0.0,51.0
2298.9571612204472,88.0,9.0,3.0,4.0,0.0,51.0
2299.2571612204474,88.0,9.0,3.0,4.0,0.0,51.0
2299.2578430386293,88.0,9.0,3.0,4.0,0.0,51.0
2299.5578430386295,88.0,9.0,3.0,4.0,0.0,51.0
2299.5585248568113,88.0,9.0,3.0,4.0,0.0,51.0
2299.8585248568115,88.0,9.0,3.0,4.0,0.0,51.0
2299.8592066749934,88.0,9.0,3.0,4.0,0.0,51.0
2300.1592066749936,88.0,9.0,3.0,4.0,0.0,51.0
2300.1598884931755,88.0,9.0,3.0,4.0,0.0,51.0
2300.4598884931756,88.0,9.0,3.0,4.0,0.0,51.0
2300.4605703113575,89.0,9.0,3.0,4.0,0.0,51.0
2300.7605703113577,89.0,9.0,3.0,4.0,0.0,51.0
2300.761244468661,89.0,9.0,3.0,4.0,0.0,51.0
2301.0612444686612,89.0,9.0,3.0,4.0,0.0,51.0
2301.0619186259646,89.0,9.0,3.0,4.0,0.0,51.0
2301.361918625965,89.0,9.0,3.0,4.0,0.0,51.0
2301.362592783268,89.0,9.0,3.0,4.0,0.0,51.0
2301.6625927832683,89.0,9.0,3.0,4.0,0.0,51.0
2301.6632669405717,89.0,9.0,3.0,4.0,0.0,51.0
2301.963266940572,89.0,9.0,3.0,4.0,0.0,51.0
2301.9639410978752,89.0,9.0,3.0,4.0,0.0,51.0
2302.2639410978754,89.0,9.0,3.0,4.0,0.0,51.0
2302.264615255179,89.0,9.0,3.0,4.0,0.0,51.0
2302.564615255179,89.0,9.0,3.0,4.0,0.0,51.0
2302.5652894124823,89.0,9.0,3.0,4.0,0.0,51.0
2302.8652894124825,89.0,9.0,3.0,4.0,0.0,51.0
2302.865963569786,89.0,9.0,3.0,4.0,0.0,51.0
2303.165963569786,89.0,9.0,3.0,4.0,0.0,51.0
2303.1666377270894,89.0,9.0,3.0,4.0,0.0,51.0
2303.4666377270896,89.0,9.0,3.0,4.0,0.0,51.0
2303.467311884393,89.0,9.0,3.0,4.0,0.0,51.0
2303.767311884393,89.0,9.0,3.0,4.0,0.0,51.0
2303.7679860416965,89.0,9.0,3.0,4.0,0.0,51.0
2304.0679860416967,89.0,9.0,3.0,4.0,0.0,51.0
2304.068660199,89.0,9.0,3.0,4.0,0.0,51.0
2304.3686601990003,89.0,9.0,3.0,4.0,0.0,51.0
2304.3693343563036,88.0,9.0,3.0,4.0,0.0,51.0
2304.669334356304,88.0,9.0,3.0,4.0,0.0,51.0
2304.6700161744857,88.0,9.0,3.0,4.0,0.0,51.0
2304.970016174486,88.0,9.0,3.0,4.0,0.0,51.0
2304.9706979926677,88.0,9.0,3.0,4.0,0.0,51.0
2305.270697992668,88.0,9.0,3.0,4.0,0.0,51.0
2305.27137981085,88.0,9.0,3.0,4.0,0.0,51.0
2305.57137981085,88.0,9.0,3.0,4.0,0.0,51.0
2305.572061629032,88.0,9.0,3.0,4.0,0.0,51.0
2305.872061629032,88.0,9.0,3.0,4.0,0.0,51.0
2305.872743447214,88.0,9.0,3.0,4.0,0.0,51.0
2306.172743447214,88.0,9.0,3.0,4.0,0.0,51.0
2306.173425265396,88.0,9.0,3.0,4.0,0.0,51.0
2306.473425265396,88.0,9.0,3.0,4.0,0.0,51.0
2306.474107083578,88.0,9.0,3.0,4.0,0.0,51.0
2306.774107083578,88.0,9.0,3.0,4.0,0.0,51.0
2306.77478890176,88.0,9.0,3.0,4.0,0.0,51.0
2307.0747889017603,88.0,9.0,3.0,4.0,0.0,51.0
2307.075470719942,88.0,9.0,3.0,4.0,0.0,51.0
2307.3754707199423,88.0,9.0,3.0,4.0,0.0,51.0
2307.376152538124,88.0,9.0,3.0,4.0,0.0,51.0
2307.6761525381244,88.0,9.0,3.0,4.0,0.0,51.0
2307.6768343563062,88.0,9.0,3.0,4.0,0.0,51.0
2307.9768343563064,88.0,9.0,3.0,4.0,0.0,51.0
2307.9775161744883,88.0,9.0,3.0,4.0,0.0,51.0
2308.2775161744885,88.0,9.0,3.0,4.0,0.0,51.0
2308.2781979926704,88.0,9.0,3.0,4.0,0.0,51.0
2308.5781979926705,88.0,9.0,3.0,4.0,0.0,51.0
2308.5788798108524,88.0,9.0,3.0,4.0,0.0,51.0
2308.8788798108526,88.0,9.0,3.0,4.0,0.0,51.0
2308.8795616290345,88.0,9.0,3.0,4.0,0.0,51.0
2309.1795616290347,88.0,9.0,3.0,4.0,0.0,51.0
2309.1802434472165,88.0,9.0,3.0,4.0,0.0,51.0
2309.4802434472167,88.0,9.0,3.0,4.0,0.0,51.0
2309.4809252653986,88.0,9.0,3.0,4.0,0.0,51.0
2309.7809252653988,88.0,9.0,3.0,4.0,0.0,51.0
2309.7816070835806,88.0,9.0,3.0,4.0,0.0,51.0
2310.081607083581,88.0,9.0,3.0,4.0,0.0,51.0
2310.0822889017627,88.0,9.0,3.0,4.0,0.0,51.0
2310.382288901763,88.0,9.0,3.0,4.0,0.0,51.0
2310.3829707199448,88.0,9.0,3.0,4.0,0.0,51.0
2310.682970719945,88.0,9.0,3.0,4.0,0.0,51.0
2310.683652538127,88.0,9.0,3.0,4.0,0.0,51.0
2310.983652538127,88.0,9.0,3.0,4.0,0.0,51.0
2310.984334356309,88.0,9.0,3.0,4.0,0.0,51.0
2311.284334356309,88.0,9.0,3.0,4.0,0.0,51.0
2311.285016174491,88.0,9.0,3.0,4.0,0.0,51.0
2311.585016174491,88.0,9.0,3.0,4.0,0.0,51.0
2311.585697992673,88.0,9.0,3.0,4.0,0.0,51.0
2311.885697992673,88.0,9.0,3.0,4.0,0.0,51.0
2311.886379810855,88.0,9.0,3.0,4.0,0.0,51.0
2312.186379810855,88.0,9.0,3.0,4.0,0.0,51.0
2312.187061629037,88.0,9.0,3.0,4.0,0.0,51.0
2312.4870616290373,88.0,9.0,3.0,4.0,0.0,51.0
2312.487743447219,88.0,9.0,3.0,4.0,0.0,51.0
2312.7877434472193,88.0,9.0,3.0,4.0,0.0,51.0
2312.788425265401,88.0,9.0,3.0,4.0,0.0,51.0
2313.0884252654014,88.0,9.0,3.0,4.0,0.0,51.0
2313.0891070835833,88.0,9.0,3.0,4.0,0.0,51.0
2313.3891070835834,88.0,9.0,3.0,4.0,0.0,51.0
2313.3897889017653,88.0,9.0,3.0,4.0,0.0,51.0
2313.6897889017655,88.0,9.0,3.0,4.0,0.0,51.0
2313.6904707199474,88.0,9.0,3.0,4.0,0.0,51.0
2313.9904707199476,88.0,9.0,3.0,4.0,0.0,51.0
2313.9911525381294,88.0,9.0,3.0,4.0,0.0,51.0
2314.2911525381296,88.0,9.0,3.0,4.0,0.0,51.0
2314.2918343563115,88.0,9.0,3.0,4.0,0.0,51.0
2314.5918343563117,88.0,9.0,3.0,4.0,0.0,51.0
2314.5925161744935,88.0,9.0,3.0,4.0,0.0,51.0
2314.8925161744937,88.0,9.0,3.0,4.0,0.0,51.0
2314.8931979926756,88.0,9.0,3.0,4.0,0.0,51.0
2315.193197992676,88.0,9.0,3.0,4.0,0.0,51.0
2315.1938798108577,88.0,9.0,3.0,4.0,0.0,51.0
2315.493879810858,88.0,9.0,3.0,4.0,0.0,51.0
2315.4945616290397,88.0,9.0,3.0,4.0,0.0,51.0
2315.79456162904,88.0,9.0,3.0,4.0,0.0,51.0
2315.7952434472218,88.0,9.0,3.0,4.0,0.0,51.0
2316.095243447222,88.0,9.0,3.0,4.0,0.0,51.0
2316.095925265404,88.0,9.0,3.0,4.0,0.0,51.0
2316.395925265404,88.0,9.0,3.0,4.0,0.0,51.0
2316.396607083586,88.0,9.0,3.0,4.0,0.0,51.0
2316.696607083586,88.0,9.0,3.0,4.0,0.0,51.0
2316.697288901768,88.0,9.0,3.0,4.0,0.0,51.0
2316.997288901768,88.0,9.0,3.0,4.0,0.0,51.0
2316.99797071995,88.0,9.0,3.0,4.0,0.0,51.0
2317.29797071995,88.0,9.0,3.0,4.0,0.0,51.0
2317.298652538132,88.0,9.0,3.0,4.0,0.0,51.0
2317.5986525381322,88.0,9.0,3.0,4.0,0.0,51.0
2317.599334356314,88.0,9.0,3.0,4.0,0.0,51.0
2317.8993343563143,88.0,9.0,3.0,4.0,0.0,51.0
2317.900016174496,88.0,9.0,3.0,4.0,0.0,51.0
2318.2000161744963,88.0,9.0,3.0,4.0,0.0,51.0
2318.200697992678,88.0,9.0,3.0,4.0,0.0,51.0
2318.5006979926784,88.0,9.0,3.0,4.0,0.0,51.0
2318.5013798108603,88.0,9.0,3.0,4.0,0.0,51.0
2318.8013798108605,88.0,9.0,3.0,4.0,0.0,51.0
2318.8020616290423,88.0,9.0,3.0,4.0,0.0,51.0
2319.1020616290425,88.0,9.0,3.0,4.0,0.0,51.0
2319.1027434472244,88.0,9.0,3.0,4.0,0.0,51.0
2319.4027434472246,88.0,9.0,3.0,4.0,0.0,51.0
2319.4034252654064,88.0,9.0,3.0,2.0,0.0,52.0
2319.7034252654066,88.0,9.0,3.0,2.0,0.0,52.0
2319.7041070835885,88.0,9.0,3.0,2.0,0.0,52.0
2320.0041070835887,88.0,9.0,3.0,2.0,0.0,52.0
2320.0047889017706,88.0,9.0,3.0,2.0,0.0,52.0
2320.3047889017707,88.0,9.0,3.0,2.0,0.0,52.0
2320.3054707199526,88.0,9.0,3.0,2.0,0.0,52.0
2320.605470719953,88.0,9.0,3.0,2.0,0.0,52.0
2320.6061525381347,88.0,9.0,3.0,2.0,0.0,52.0
2320.906152538135,88.0,9.0,3.0,2.0,0.0,52.0
2320.9068343563167,88.0,9.0,3.0,2.0,0.0,52.0
2321.206834356317,88.0,9.0,3.0,2.0,0.0,52.0
2321.207516174499,88.0,9.0,3.0,2.0,0.0,52.0
2321.507516174499,88.0,9.0,3.0,2.0,0.0,52.0
2321.508197992681,88.0,9.0,3.0,2.0,0.0,52.0
2321.808197992681,88.0,9.0,3.0,2.0,0.0,52.0
2321.808879810863,88.0,9.0,3.0,2.0,0.0,52.0
2322.108879810863,88.0,9.0,3.0,2.0,0.0,52.0
2322.109561629045,88.0,9.0,3.0,2.0,0.0,52.0
2322.409561629045,88.0,9.0,3.0,2.0,0.0,52.0
2322.410243447227,88.0,9.0,3.0,2.0,0.0,52.0
2322.710243447227,88.0,9.0,3.0,2.0,0.0,52.0
2322.710925265409,88.0,9.0,3.0,2.0,0.0,52.0
2323.0109252654092,88.0,9.0,3.0,2.0,0.0,52.0
2323.011607083591,88.0,9.0,3.0,2.0,0.0,52.0
2323.3116070835913,88.0,9.0,3.0,2.0,0.0,52.0
2323.312288901773,88.0,9.0,3.0,2.0,0.0,52.0
2323.6122889017734,88.0,9.0,3.0,2.0,0.0,52.0
2323.6129707199552,88.0,9.0,3.0,2.0,0.0,52.0
2323.9129707199554,88.0,9.0,3.0,2.0,0.0,52.0
2323.9136525381373,88.0,9.0,3.0,2.0,0.0,52.0
2324.2136525381375,88.0,9.0,3.0,2.0,0.0,52.0
2324.2143343563193,88.0,9.0,3.0,2.0,0.0,52.0
2324.5143343563195,88.0,9.0,3.0,2.0,0.0,52.0
2324.5150161745014,88.0,9.0,3.0,2.0,0.0,52.0
2324.8150161745016,88.0,9.0,3.0,2.0,0.0,52.0
2324.8156979926835,88.0,9.0,3.0,2.0,0.0,52.0
2325.1156979926836,88.0,9.0,3.0,2.0,0.0,52.0
2325.1163798108655,88.0,9.0,3.0,2.0,0.0,52.0
2325.4163798108657,88.0,9.0,3.0,2.0,0.0,52.0
2325.4170616290476,88.0,9.0,3.0,2.0,0.0,52.0
2325.7170616290477,88.0,9.0,3.0,2.0,0.0,52.0
2325.7177434472296,88.0,9.0,3.0,2.0,0.0,52.0
2326.01774344723,88.0,9.0,3.0,2.0,0.0,52.0
2326.0184252654117,88.0,9.0,3.0,2.0,0.0,52.0
2326.318425265412,88.0,9.0,3.0,2.0,0.0,52.0
2326.3191070835937,89.0,9.0,3.0,2.0,0.0,52.0
2326.619107083594,89.0,9.0,3.0,2.0,0.0,52.0
2326.6197812408973,89.0,9.0,3.0,2.0,0.0,52.0
2326.9197812408975,89.0,9.0,3.0,2.0,0.0,52.0
2326.920455398201,89.0,9.0,3.0,2.0,0.0,52.0
2327.220455398201,89.0,9.0,3.0,2.0,0.0,52.0
2327.2211295555044,89.0,9.0,3.0,2.0,0.0,52.0
2327.5211295555046,89.0,9.0,3.0,2.0,0.0,52.0
2327.521803712808,89.0,9.0,3.0,2.0,0.0,52.0
2327.821803712808,89.0,9.0,3.0,2.0,0.0,52.0
2327.8224778701115,89.0,9.0,3.0,2.0,0.0,52.0
2328.1224778701117,89.0,9.0,3.0,2.0,0.0,52.0
2328.123152027415,89.0,9.0,3.0,2.0,0.0,52.0
2328.423152027415,89.0,9.0,3.0,2.0,0.0,52.0
2328.4238261847186,89.0,9.0,3.0,2.0,0.0,52.0
2328.7238261847187,89.0,9.0,3.0,2.0,0.0,52.0
2328.724500342022,89.0,9.0,3.0,2.0,0.0,52.0
2329.0245003420223,89.0,9.0,3.0,2.0,0.0,52.0
2329.0251744993257,89.0,9.0,3.0,2.0,0.0,52.0
2329.325174499326,89.0,9.0,3.0,2.0,0.0,52.0
2329.325848656629,89.0,9.0,3.0,2.0,0.0,52.0
2329.6258486566294,89.0,9.0,3.0,2.0,0.0,52.0
2329.6265228139328,89.0,9.0,3.0,2.0,0.0,52.0
2329.926522813933,89.0,9.0,3.0,2.0,0.0,52.0
2329.9271969712363,89.0,9.0,3.0,2.0,0.0,52.0
2330.2271969712365,89.0,9.0,3.0,2.0,0.0,52.0
2330.22787112854,89.0,9.0,3.0,2.0,0.0,52.0
2330.52787112854,89.0,9.0,3.0,2.0,0.0,52.0
2330.5285452858434,89.0,9.0,3.0,2.0,0.0,52.0
2330.8285452858436,89.0,9.0,3.0,2.0,0.0,52.0
2330.829219443147,89.0,9.0,3.0,2.0,0.0,52.0
2331.129219443147,89.0,9.0,3.0,2.0,0.0,52.0
2331.1298936004505,89.0,9.0,3.0,2.0,0.0,52.0
2331.4298936004507,89.0,9.0,3.0,2.0,0.0,52.0
2331.430567757754,89.0,9.0,3.0,2.0,0.0,52.0
2331.730567757754,89.0,9.0,3.0,2.0,0.0,52.0
2331.7312419150576,89.0,9.0,3.0,2.0,0.0,52.0
2332.0312419150578,89.0,9.0,3.0,2.0,0.0,52.0
2332.031916072361,89.0,9.0,3.0,2.0,0.0,52.0
2332.3319160723613,89.0,9.0,3.0,2.0,0.0,52.0
2332.3325902296647,89.0,9.0,3.0,2.0,0.0,52.0
2332.632590229665,89.0,9.0,3.0,2.0,0.0,52.0
2332.633264386968,89.0,9.0,3.0,2.0,0.0,52.0
2332.9332643869684,89.0,9.0,3.0,2.0,0.0,52.0
2332.9339385442718,89.0,9.0,3.0,2.0,0.0,52.0
2333.233938544272,89.0,9.0,3.0,2.0,0.0,52.0
2333.2346127015753,89.0,9.0,3.0,2.0,0.0,52.0
2333.5346127015755,89.0,9.0,3.0,2.0,0.0,52.0
2333.535286858879,89.0,9.0,3.0,2.0,0.0,52.0
2333.835286858879,89.0,9.0,3.0,2.0,0.0,52.0
2333.8359610161824,89.0,9.0,3.0,2.0,0.0,52.0
2334.1359610161826,89.0,9.0,3.0,2.0,0.0,52.0
2334.136635173486,89.0,9.0,3.0,2.0,0.0,52.0
2334.436635173486,89.0,9.0,3.0,2.0,0.0,52.0
2334.4373093307895,89.0,9.0,3.0,2.0,0.0,52.0
2334.7373093307897,89.0,9.0,3.0,2.0,0.0,52.0
2334.737983488093,89.0,9.0,3.0,2.0,0.0,52.0
2335.0379834880932,89.0,9.0,3.0,2.0,0.0,52.0
2335.0386576453966,89.0,9.0,3.0,2.0,0.0,52.0
2335.338657645397,89.0,9.0,3.0,2.0,0.0,52.0
2335.3393318027,89.0,9.0,3.0,2.0,0.0,52.0
2335.6393318027003,89.0,9.0,3.0,2.0,0.0,52.0
2335.6400059600037,89.0,9.0,3.0,2.0,0.0,52.0
2335.940005960004,89.0,9.0,3.0,2.0,0.0,52.0
2335.9406801173072,89.0,9.0,3.0,2.0,0.0,52.0
2336.2406801173074,89.0,9.0,3.0,2.0,0.0,52.0
2336.241354274611,89.0,9.0,3.0,2.0,0.0,52.0
2336.541354274611,89.0,9.0,3.0,2.0,0.0,52.0
2336.5420284319143,89.0,9.0,3.0,2.0,0.0,52.0
2336.8420284319145,89.0,9.0,3.0,2.0,0.0,52.0
2336.842702589218,89.0,9.0,3.0,2.0,0.0,52.0
2337.142702589218,89.0,9.0,3.0,2.0,0.0,52.0
2337.1433767465214,89.0,9.0,3.0,2.0,0.0,52.0
2337.4433767465216,89.0,9.0,3.0,2.0,0.0,52.0
2337.444050903825,89.0,9.0,3.0,2.0,0.0,52.0
2337.744050903825,89.0,9.0,3.0,2.0,0.0,52.0
2337.7447250611285,89.0,9.0,3.0,2.0,0.0,52.0
2338.0447250611287,89.0,9.0,3.0,2.0,0.0,52.0
2338.045399218432,89.0,9.0,3.0,2.0,0.0,52.0
2338.3453992184322,89.0,9.0,3.0,2.0,0.0,52.0
2338.3460733757356,89.0,9.0,3.0,2.0,0.0,52.0
2338.646073375736,89.0,9.0,3.0,2.0,0.0,52.0
2338.646747533039,89.0,9.0,3.0,2.0,0.0,52.0
2338.9467475330393,89.0,9.0,3.0,2.0,0.0,52.0
2338.9474216903427,89.0,9.0,3.0,2.0,0.0,52.0
2339.247421690343,89.0,9.0,3.0,2.0,0.0,52.0
2339.2480958476463,89.0,9.0,3.0,2.0,0.0,52.0
2339.5480958476464,89.0,9.0,3.0,2.0,0.0,52.0
2339.54877000495,89.0,9.0,3.0,2.0,0.0,52.0
2339.84877000495,89.0,9.0,3.0,2.0,0.0,52.0
2339.8494441622533,89.0,9.0,3.0,2.0,0.0,52.0
2340.1494441622535,89.0,9.0,3.0,2.0,0.0,52.0
2340.150118319557,89.0,9.0,3.0,2.0,0.0,52.0
2340.450118319557,89.0,9.0,3.0,2.0,0.0,52.0
2340.4507924768604,89.0,9.0,3.0,2.0,0.0,52.0
2340.7507924768606,89.0,9.0,3.0,2.0,0.0,52.0
2340.751466634164,89.0,9.0,3.0,2.0,0.0,52.0
2341.051466634164,89.0,9.0,3.0,2.0,0.0,52.0
2341.0521407914675,89.0,9.0,3.0,2.0,0.0,52.0
2341.3521407914677,89.0,9.0,3.0,2.0,0.0,52.0
2341.352814948771,89.0,9.0,3.0,2.0,0.0,52.0
2341.6528149487713,89.0,9.0,3.0,2.0,0.0,52.0
2341.6534891060746,89.0,9.0,3.0,2.0,0.0,52.0
2341.953489106075,89.0,9.0,3.0,2.0,0.0,52.0
2341.954163263378,89.0,9.0,3.0,2.0,0.0,52.0
2342.2541632633784,89.0,9.0,3.0,2.0,0.0,52.0
2342.2548374206817,89.0,9.0,3.0,2.0,0.0,52.0
2342.554837420682,89.0,9.0,3.0,2.0,0.0,52.0
2342.5555115779853,89.0,9.0,3.0,2.0,0.0,52.0
2342.8555115779855,89.0,9.0,3.0,2.0,0.0,52.0
2342.856185735289,89.0,9.0,3.0,2.0,0.0,52.0
2343.156185735289,89.0,9.0,3.0,2.0,0.0,52.0
2343.1568598925924,89.0,9.0,3.0,2.0,0.0,52.0
2343.4568598925925,89.0,9.0,3.0,2.0,0.0,52.0
2343.457534049896,89.0,9.0,3.0,2.0,0.0,52.0
2343.757534049896,89.0,9.0,3.0,2.0,0.0,52.0
2343.7582082071995,89.0,9.0,3.0,2.0,0.0,52.0
2344.0582082071996,89.0,9.0,3.0,2.0,0.0,52.0
2344.058882364503,89.0,9.0,3.0,2.0,0.0,52.0
2344.358882364503,89.0,9.0,3.0,2.0,0.0,52.0
2344.3595565218066,89.0,9.0,3.0,2.0,0.0,52.0
2344.6595565218067,89.0,9.0,3.0,2.0,0.0,52.0
2344.66023067911,89.0,9.0,3.0,2.0,0.0,52.0
2344.9602306791103,89.0,9.0,3.0,2.0,0.0,52.0
2344.9609048364136,89.0,9.0,3.0,2.0,0.0,52.0
2345.260904836414,89.0,9.0,3.0,2.0,0.0,52.0
2345.261578993717,89.0,9.0,3.0,2.0,0.0,52.0
2345.5615789937174,89.0,9.0,3.0,2.0,0.0,52.0
2345.5622531510207,89.0,9.0,3.0,2.0,0.0,52.0
2345.862253151021,89.0,9.0,3.0,2.0,0.0,52.0
2345.8629273083243,89.0,9.0,3.0,2.0,0.0,52.0
2346.1629273083245,89.0,9.0,3.0,2.0,0.0,52.0
2346.163601465628,89.0,9.0,3.0,2.0,0.0,52.0
2346.463601465628,89.0,9.0,3.0,2.0,0.0,52.0
2346.4642756229314,89.0,9.0,3.0,2.0,0.0,52.0
2346.7642756229316,89.0,9.0,3.0,2.0,0.0,52.0
2346.764949780235,89.0,9.0,3.0,2.0,0.0,52.0
2347.064949780235,89.0,9.0,3.0,2.0,0.0,52.0
2347.0656239375385,89.0,9.0,3.0,2.0,0.0,52.0
2347.3656239375387,89.0,9.0,3.0,2.0,0.0,52.0
2347.366298094842,89.0,9.0,3.0,0.0,0.0,53.0
2347.666298094842,89.0,9.0,3.0,0.0,0.0,53.0
2347.6669722521456,89.0,9.0,3.0,0.0,0.0,53.0
2347.9669722521458,89.0,9.0,3.0,0.0,0.0,53.0
2347.967646409449,89.0,9.0,3.0,0.0,0.0,53.0
2348.2676464094493,89.0,9.0,3.0,0.0,0.0,53.0
2348.2683205667527,89.0,9.0,3.0,0.0,0.0,53.0
2348.568320566753,89.0,9.0,3.0,0.0,0.0,53.0
2348.568994724056,89.0,9.0,3.0,0.0,0.0,53.0
2348.8689947240564,89.0,9.0,3.0,0.0,0.0,53.0
2348.8696688813598,89.0,9.0,3.0,0.0,0.0,53.0
2349.16966888136,89.0,9.0,3.0,0.0,0.0,53.0
2349.1703430386633,89.0,9.0,3.0,0.0,0.0,53.0
2349.4703430386635,89.0,9.0,3.0,0.0,0.0,53.0
2349.471017195967,89.0,9.0,3.0,0.0,0.0,53.0
2349.771017195967,89.0,9.0,3.0,0.0,0.0,53.0
2349.7716913532704,89.0,9.0,3.0,0.0,0.0,53.0
2350.0716913532706,89.0,9.0,3.0,0.0,0.0,53.0
2350.072365510574,89.0,9.0,3.0,0.0,0.0,53.0
2350.372365510574,89.0,9.0,3.0,0.0,0.0,53.0
2350.3730396678775,89.0,9.0,3.0,0.0,0.0,53.0
2350.6730396678777,89.0,9.0,3.0,0.0,0.0,53.0
2350.673713825181,89.0,9.0,3.0,0.0,0.0,53.0
2350.973713825181,89.0,9.0,3.0,0.0,0.0,53.0
2350.9743879824846,89.0,9.0,3.0,0.0,0.0,53.0
2351.2743879824848,89.0,9.0,3.0,0.0,0.0,53.0
2351.275062139788,89.0,9.0,3.0,0.0,0.0,53.0
2351.5750621397883,89.0,9.0,3.0,0.0,0.0,53.0
2351.5757362970917,89.0,9.0,3.0,0.0,0.0,53.0
2351.875736297092,89.0,9.0,3.0,0.0,0.0,53.0
2351.876410454395,89.0,9.0,3.0,0.0,0.0,53.0
2352.1764104543954,89.0,9.0,3.0,0.0,0.0,53.0
2352.177084611699,89.0,9.0,3.0,0.0,0.0,53.0
2352.477084611699,89.0,9.0,3.0,0.0,0.0,53.0
2352.4777587690023,89.0,9.0,3.0,0.0,0.0,53.0
2352.7777587690025,89.0,9.0,3.0,0.0,0.0,53.0
2352.778432926306,88.0,9.0,3.0,0.0,0.0,53.0
2353.078432926306,88.0,9.0,3.0,0.0,0.0,53.0
2353.079114744488,88.0,9.0,3.0,0.0,0.0,53.0
2353.379114744488,88.0,9.0,3.0,0.0,0.0,53.0
2353.37979656267,88.0,9.0,3.0,0.0,0.0,53.0
2353.67979656267,88.0,9.0,3.0,0.0,0.0,53.0
2353.680478380852,88.0,9.0,3.0,0.0,0.0,53.0
2353.980478380852,88.0,9.0,3.0,0.0,0.0,53.0
2353.981160199034,88.0,9.0,3.0,0.0,0.0,53.0
2354.2811601990343,88.0,9.0,3.0,0.0,0.0,53.0
2354.281842017216,88.0,9.0,3.0,0.0,0.0,53.0
2354.5818420172163,88.0,9.0,3.0,0.0,0.0,53.0
2354.582523835398,88.0,9.0,3.0,0.0,0.0,53.0
2354.8825238353984,88.0,9.0,3.0,0.0,0.0,53.0
2354.8832056535803,88.0,9.0,3.0,0.0,0.0,53.0
2355.1832056535804,88.0,9.0,3.0,0.0,0.0,53.0
2355.1838874717623,88.0,9.0,3.0,0.0,0.0,53.0
2355.4838874717625,88.0,9.0,3.0,0.0,0.0,53.0
2355.4845692899444,88.0,9.0,3.0,0.0,0.0,53.0
2355.7845692899446,88.0,9.0,3.0,0.0,0.0,53.0
2355.7852511081264,88.0,9.0,3.0,0.0,0.0,53.0
2356.0852511081266,88.0,9.0,3.0,0.0,0.0,53.0
2356.0859329263085,88.0,9.0,3.0,0.0,0.0,53.0
2356.3859329263087,88.0,9.0,3.0,0.0,0.0,53.0
2356.3866147444905,88.0,9.0,3.0,0.0,0.0,53.0
2356.6866147444907,88.0,9.0,3.0,0.0,0.0,53.0
2356.6872965626726,88.0,9.0,3.0,0.0,0.0,53.0
2356.987296562673,88.0,9.0,3.0,0.0,0.0,53.0
2356.9879783808547,88.0,9.0,3.0,0.0,0.0,53.0
2357.287978380855,88.0,9.0,3.0,0.0,0.0,53.0
2357.2886601990367,88.0,9.0,3.0,0.0,0.0,53.0
2357.588660199037,88.0,9.0,3.0,0.0,0.0,53.0
2357.5893420172188,88.0,9.0,3.0,0.0,0.0,53.0
2357.889342017219,88.0,9.0,3.0,0.0,0.0,53.0
2357.890023835401,88.0,9.0,3.0,0.0,0.0,53.0
2358.190023835401,88.0,9.0,3.0,0.0,0.0,53.0
2358.190705653583,88.0,9.0,3.0,0.0,0.0,53.0
2358.490705653583,88.0,9.0,3.0,0.0,0.0,53.0
2358.491387471765,88.0,9.0,3.0,0.0,0.0,53.0
2358.791387471765,88.0,9.0,3.0,0.0,0.0,53.0
2358.792069289947,88.0,9.0,3.0,0.0,0.0,53.0
2359.092069289947,88.0,9.0,3.0,0.0,0.0,53.0
2359.092751108129,88.0,9.0,3.0,0.0,0.0,53.0
2359.3927511081292,88.0,9.0,3.0,0.0,0.0,53.0
2359.393432926311,88.0,9.0,3.0,0.0,0.0,53.0
2359.6934329263113,88.0,9.0,3.0,0.0,0.0,53.0
2359.694114744493,88.0,9.0,3.0,0.0,0.0,53.0
2359.9941147444933,88.0,9.0,3.0,0.0,0.0,53.0
2359.994796562675,87.0,9.0,3.0,0.0,0.0,53.0
2360.2947965626754,87.0,9.0,3.0,0.0,0.0,53.0
2360.2954862178476,87.0,9.0,3.0,0.0,0.0,53.0
2360.595486217848,87.0,9.0,3.0,0.0,0.0,53.0
2360.59617587302,87.0,9.0,3.0,0.0,0.0,53.0
2360.89617587302,87.0,9.0,3.0,0.0,0.0,53.0
2360.8968655281924,87.0,9.0,3.0,0.0,0.0,53.0
2361.1968655281926,87.0,9.0,3.0,0.0,0.0,53.0
2361.197555183365,87.0,9.0,3.0,0.0,0.0,53.0
2361.497555183365,87.0,9.0,3.0,0.0,0.0,53.0
2361.498244838537,87.0,9.0,3.0,0.0,0.0,53.0
2361.7982448385374,87.0,9.0,3.0,0.0,0.0,53.0
2361.7989344937096,87.0,9.0,3.0,0.0,0.0,53.0
2362.0989344937097,87.0,9.0,3.0,0.0,0.0,53.0
2362.099624148882,87.0,9.0,3.0,0.0,0.0,53.0
2362.399624148882,87.0,9.0,3.0,0.0,0.0,53.0
2362.4003138040543,87.0,9.0,3.0,0.0,0.0,53.0
2362.7003138040545,87.0,9.0,3.0,0.0,0.0,53.0
2362.7010034592267,87.0,9.0,3.0,0.0,0.0,53.0
2363.001003459227,87.0,9.0,3.0,0.0,0.0,53.0
2363.001693114399,87.0,9.0,3.0,0.0,0.0,53.0
2363.3016931143993,87.0,9.0,3.0,0.0,0.0,53.0
2363.3023827695715,87.0,9.0,3.0,0.0,0.0,53.0
2363.6023827695717,87.0,9.0,3.0,0.0,0.0,53.0
2363.603072424744,87.0,9.0,3.0,0.0,0.0,53.0
2363.903072424744,87.0,9.0,3.0,0.0,0.0,53.0
2363.9037620799163,87.0,9.0,3.0,0.0,0.0,53.0
2364.2037620799165,87.0,9.0,3.0,0.0,0.0,53.0
2364.2044517350887,87.0,9.0,3.0,0.0,0.0,53.0
2364.504451735089,87.0,9.0,3.0,0.0,0.0,53.0
2364.505141390261,87.0,9.0,3.0,0.0,0.0,53.0
2364.8051413902613,87.0,9.0,3.0,0.0,0.0,53.0
2364.8058310454335,87.0,9.0,3.0,0.0,0.0,53.0
2365.1058310454337,87.0,9.0,3.0,0.0,0.0,53.0
2365.106520700606,87.0,9.0,3.0,0.0,0.0,53.0
2365.406520700606,87.0,9.0,3.0,0.0,0.0,53.0
2365.4072103557783,87.0,9.0,3.0,0.0,0.0,53.0
2365.7072103557784,87.0,9.0,3.0,0.0,0.0,53.0
2365.7079000109507,87.0,9.0,3.0,0.0,0.0,53.0
2366.007900010951,87.0,9.0,3.0,0.0,0.0,53.0
2366.008589666123,87.0,9.0,3.0,0.0,0.0,53.0
2366.308589666123,87.0,9.0,3.0,0.0,0.0,53.0
2366.3092793212954,87.0,9.0,3.0,0.0,0.0,53.0
2366.6092793212956,87.0,9.0,3.0,0.0,0.0,53.0
2366.609968976468,87.0,9.0,3.0,0.0,0.0,53.0
2366.909968976468,87.0,9.0,3.0,0.0,0.0,53.0
2366.91065863164,87.0,9.0,3.0,0.0,0.0,53.0
2367.2106586316404,87.0,9.0,3.0,0.0,0.0,53.0
2367.2113482868126,87.0,9.0,3.0,0.0,0.0,53.0
2367.511348286813,87.0,9.0,3.0,0.0,0.0,53.0
2367.512037941985,87.0,9.0,3.0,0.0,0.0,53.0
2367.812037941985,87.0,9.0,3.0,0.0,0.0,53.0
2367.8127275971574,87.0,9.0,3.0,0.0,0.0,53.0
2368.1127275971576,87.0,9.0,3.0,0.0,0.0,53.0
2368.11341725233,87.0,9.0,3.0,0.0,0.0,53.0
2368.41341725233,87.0,9.0,3.0,0.0,0.0,53.0
2368.414106907502,87.0,9.0,3.0,0.0,0.0,53.0
2368.7141069075024,87.0,9.0,3.0,0.0,0.0,53.0
2368.7147965626746,87.0,9.0,3.0,0.0,0.0,53.0
2369.0147965626747,87.0,9.0,3.0,0.0,0.0,53.0
2369.015486217847,87.0,9.0,3.0,0.0,0.0,53.0
2369.315486217847,87.0,9.0,3.0,0.0,0.0,53.0
2369.3161758730193,87.0,9.0,3.0,0.0,0.0,53.0
2369.6161758730195,87.0,9.0,3.0,0.0,0.0,53.0
2369.6168655281917,87.0,9.0,3.0,0.0,0.0,53.0
2369.916865528192,87.0,9.0,3.0,0.0,0.0,53.0
2369.917555183364,87.0,9.0,3.0,0.0,0.0,53.0
2370.2175551833643,87.0,9.0,3.0,0.0,0.0,53.0
2370.2182448385365,87.0,9.0,3.0,0.0,0.0,53.0
2370.5182448385367,87.0,9.0,3.0,0.0,0.0,53.0
2370.518934493709,87.0,9.0,3.0,0.0,0.0,53.0
2370.818934493709,87.0,9.0,3.0,0.0,0.0,53.0
2370.8196241488813,87.0,9.0,3.0,0.0,0.0,53.0
2371.1196241488815,87.0,9.0,3.0,0.0,0.0,53.0
2371.1203138040537,87.0,9.0,3.0,0.0,0.0,53.0
2371.420313804054,87.0,9.0,3.0,0.0,0.0,53.0
2371.421003459226,87.0,9.0,3.0,0.0,0.0,53.0
2371.7210034592263,87.0,9.0,3.0,0.0,0.0,53.0
2371.7216931143985,87.0,9.0,3.0,0.0,0.0,53.0
2372.0216931143987,87.0,9.0,3.0,0.0,0.0,53.0
2372.022382769571,87.0,9.0,3.0,0.0,0.0,53.0
2372.322382769571,87.0,9.0,3.0,0.0,0.0,53.0
2372.3230724247433,87.0,9.0,3.0,0.0,0.0,53.0
2372.6230724247434,87.0,9.0,3.0,0.0,0.0,53.0
2372.6237620799157,87.0,9.0,3.0,0.0,0.0,53.0
2372.923762079916,87.0,9.0,3.0,0.0,0.0,53.0
2372.924451735088,87.0,9.0,3.0,0.0,0.0,53.0
2373.224451735088,87.0,9.0,3.0,0.0,0.0,53.0
2373.2251413902604,87.0,9.0,3.0,0.0,0.0,53.0
2373.5251413902606,87.0,9.0,3.0,0.0,0.0,53.0
2373.525831045433,87.0,9.0,3.0,0.0,0.0,53.0
2373.825831045433,87.0,9.0,3.0,0.0,0.0,53.0
2373.826520700605,87.0,9.0,3.0,0.0,0.0,53.0
2374.1265207006054,87.0,9.0,3.0,0.0,0.0,53.0
2374.1272103557776,87.0,9.0,3.0,0.0,0.0,53.0
2374.427210355778,87.0,9.0,3.0,0.0,0.0,53.0
2374.42790001095,87.0,9.0,3.0,0.0,0.0,53.0
2374.72790001095,87.0,9.0,3.0,0.0,0.0,53.0
2374.7285896661224,87.0,9.0,3.0,0.0,0.0,53.0
2375.0285896661226,87.0,9.0,3.0,0.0,0.0,53.0
2375.029279321295,87.0,9.0,3.0,0.0,0.0,53.0
2375.329279321295,87.0,9.0,3.0,0.0,0.0,53.0
2375.329968976467,87.0,9.0,3.0,0.0,0.0,53.0
2375.6299689764674,87.0,9.0,3.0,0.0,0.0,53.0
2375.6306586316396,87.0,9.0,3.0,0.0,0.0,53.0
2375.9306586316397,87.0,9.0,3.0,0.0,0.0,53.0
2375.931348286812,87.0,9.0,3.0,0.0,0.0,53.0
2376.231348286812,87.0,9.0,3.0,0.0,0.0,53.0
2376.2320379419843,87.0,9.0,3.0,0.0,0.0,53.0
2376.5320379419845,87.0,9.0,3.0,0.0,0.0,53.0
2376.5327275971567,87.0,9.0,3.0,0.0,0.0,53.0
2376.832727597157,87.0,9.0,3.0,0.0,0.0,53.0
2376.833417252329,87.0,9.0,3.0,0.0,0.0,53.0
2377.1334172523293,87.0,9.0,3.0,0.0,0.0,53.0
2377.1341069075015,87.0,9.0,3.0,0.0,0.0,53.0
2377.4341069075017,87.0,9.0,3.0,0.0,0.0,53.0
2377.434796562674,87.0,9.0,3.0,0.0,0.0,53.0
2377.734796562674,87.0,9.0,3.0,0.0,0.0,53.0
2377.7354862178463,87.0,9.0,3.0,0.0,0.0,53.0
2378.0354862178465,87.0,9.0,3.0,0.0,0.0,53.0
2378.0361758730187,87.0,9.0,3.0,0.0,0.0,53.0
2378.336175873019,87.0,9.0,3.0,0.0,0.0,53.0
2378.336865528191,87.0,9.0,3.0,0.0,0.0,53.0
2378.6368655281913,87.0,9.0,3.0,0.0,0.0,53.0
2378.6375551833635,87.0,9.0,3.0,0.0,0.0,53.0
2378.9375551833637,87.0,9.0,3.0,0.0,0.0,53.0
2378.938244838536,87.0,9.0,3.0,0.0,0.0,53.0
2379.238244838536,87.0,9.0,3.0,0.0,0.0,53.0
2379.2389344937083,87.0,9.0,3.0,0.0,0.0,53.0
2379.5389344937084,87.0,9.0,3.0,0.0,0.0,53.0
2379.5396241488806,87.0,9.0,3.0,0.0,0.0,53.0
2379.839624148881,87.0,9.0,3.0,0.0,0.0,53.0
2379.840313804053,87.0,9.0,3.0,0.0,0.0,53.0
2380.140313804053,87.0,9.0,3.0,0.0,0.0,53.0
2380.1410034592254,87.0,9.0,3.0,0.0,0.0,53.0
2380.4410034592256,87.0,9.0,3.0,0.0,0.0,53.0
2380.441693114398,87.0,9.0,3.0,0.0,0.0,53.0
2380.741693114398,87.0,9.0,3.0,0.0,0.0,53.0
2380.74238276957,87.0,9.0,3.0,0.0,0.0,53.0
2381.0423827695704,87.0,9.0,3.0,0.0,0.0,53.0
2381.0430724247426,87.0,9.0,3.0,0.0,0.0,53.0
2381.343072424743,87.0,9.0,3.0,0.0,0.0,53.0
2381.343762079915,87.0,9.0,3.0,0.0,0.0,53.0
2381.643762079915,87.0,9.0,3.0,0.0,0.0,53.0
2381.6444517350874,87.0,9.0,3.0,0.0,0.0,53.0
2381.9444517350876,87.0,9.0,3.0,0.0,0.0,53.0
2381.94514139026,87.0,9.0,3.0,0.0,0.0,53.0
2382.24514139026,87.0,9.0,3.0,0.0,0.0,53.0
2382.245831045432,87.0,9.0,3.0,0.0,0.0,53.0
2382.5458310454324,87.0,9.0,3.0,0.0,0.0,53.0
2382.5465207006046,87.0,9.0,3.0,0.0,0.0,53.0
2382.8465207006047,87.0,9.0,3.0,0.0,0.0,53.0
2382.847210355777,87.0,9.0,3.0,0.0,0.0,53.0
2383.147210355777,87.0,9.0,3.0,0.0,0.0,53.0
2383.1479000109493,87.0,9.0,3.0,0.0,0.0,53.0
2383.4479000109495,87.0,9.0,3.0,0.0,0.0,53.0
2383.4485896661217,87.0,9.0,3.0,0.0,0.0,53.0
2383.748589666122,87.0,9.0,3.0,0.0,0.0,53.0
2383.749279321294,87.0,9.0,3.0,0.0,0.0,53.0
2384.0492793212943,87.0,9.0,3.0,0.0,0.0,53.0
2384.0499689764665,87.0,9.0,3.0,0.0,0.0,53.0
2384.3499689764667,87.0,9.0,3.0,0.0,0.0,53.0
2384.350658631639,87.0,9.0,3.0,0.0,0.0,53.0
2384.650658631639,87.0,9.0,3.0,0.0,0.0,53.0
2384.6513482868113,87.0,9.0,3.0,0.0,0.0,53.0
2384.9513482868115,87.0,9.0,3.0,0.0,0.0,53.0
2384.9520379419837,87.0,9.0,3.0,0.0,0.0,53.0
2385.252037941984,87.0,9.0,3.0,0.0,0.0,53.0
2385.252727597156,87.0,9.0,3.0,0.0,0.0,53.0
2385.5527275971563,87.0,9.0,3.0,0.0,0.0,53.0
2385.5534172523285,87.0,9.0,3.0,0.0,0.0,53.0
2385.8534172523287,87.0,9.0,3.0,0.0,0.0,53.0
2385.854106907501,87.0,9.0,3.0,0.0,0.0,53.0
2386.154106907501,87.0,9.0,3.0,0.0,0.0,53.0
2386.1547965626733,87.0,9.0,3.0,0.0,0.0,53.0
2386.4547965626734,87.0,9.0,3.0,0.0,0.0,53.0
2386.4554862178456,87.0,9.0,3.0,0.0,0.0,53.0
2386.755486217846,87.0,9.0,3.0,0.0,0.0,53.0
2386.756175873018,87.0,9.0,3.0,0.0,0.0,53.0
2387.056175873018,87.0,9.0,3.0,0.0,0.0,53.0
2387.0568655281904,87.0,9.0,3.0,0.0,0.0,53.0
2387.3568655281906,87.0,9.0,3.0,0.0,0.0,53.0
2387.357555183363,87.0,9.0,3.0,0.0,0.0,53.0
2387.657555183363,87.0,9.0,3.0,0.0,0.0,53.0
2387.658244838535,87.0,9.0,3.0,0.0,0.0,53.0
2387.9582448385354,87.0,9.0,3.0,0.0,0.0,53.0
2387.9589344937076,87.0,9.0,3.0,0.0,0.0,53.0
2388.258934493708,87.0,9.0,3.0,0.0,0.0,53.0
2388.25962414888,87.0,9.0,3.0,0.0,0.0,53.0
2388.55962414888,87.0,9.0,3.0,0.0,0.0,53.0
2388.5603138040524,87.0,9.0,3.0,0.0,0.0,53.0
2388.8603138040526,87.0,9.0,3.0,0.0,0.0,53.0
2388.861003459225,87.0,9.0,3.0,0.0,0.0,53.0
2389.161003459225,87.0,9.0,3.0,0.0,0.0,53.0
2389.161693114397,87.0,9.0,3.0,0.0,0.0,53.0
2389.4616931143973,87.0,9.0,3.0,0.0,0.0,53.0
2389.4623827695696,87.0,9.0,3.0,0.0,0.0,53.0
2389.7623827695697,87.0,9.0,3.0,0.0,0.0,53.0
2389.763072424742,87.0,9.0,3.0,0.0,0.0,53.0
2390.063072424742,87.0,9.0,3.0,0.0,0.0,53.0
2390.0637620799143,87.0,9.0,3.0,0.0,0.0,53.0
2390.3637620799145,87.0,9.0,3.0,0.0,0.0,53.0
2390.3644517350867,87.0,9.0,3.0,0.0,0.0,53.0
2390.664451735087,87.0,9.0,3.0,0.0,0.0,53.0
2390.665141390259,87.0,9.0,3.0,0.0,0.0,53.0
2390.9651413902593,87.0,9.0,3.0,0.0,0.0,53.0
2390.9658310454315,87.0,9.0,3.0,0.0,0.0,53.0
2391.2658310454317,87.0,9.0,3.0,0.0,0.0,53.0
2391.266520700604,87.0,9.0,3.0,0.0,0.0,53.0
2391.566520700604,87.0,9.0,3.0,0.0,0.0,53.0
2391.5672103557763,87.0,9.0,3.0,0.0,0.0,53.0
2391.8672103557765,87.0,9.0,3.0,0.0,0.0,53.0
2391.8679000109487,87.0,9.0,3.0,0.0,0.0,53.0
2392.167900010949,87.0,9.0,3.0,0.0,0.0,53.0
2392.168589666121,87.0,9.0,3.0,0.0,0.0,53.0
2392.4685896661213,87.0,9.0,3.0,0.0,0.0,53.0
2392.4692793212935,87.0,9.0,3.0,0.0,0.0,53.0
2392.7692793212937,87.0,9.0,3.0,0.0,0.0,53.0
2392.769968976466,87.0,9.0,3.0,0.0,0.0,53.0
2393.069968976466,87.0,9.0,3.0,0.0,0.0,53.0
2393.0706586316383,87.0,9.0,3.0,0.0,0.0,53.0
2393.3706586316384,87.0,9.0,3.0,0.0,0.0,53.0
2393.3713482868106,87.0,9.0,3.0,0.0,0.0,53.0
2393.671348286811,87.0,9.0,3.0,0.0,0.0,53.0
2393.672037941983,87.0,9.0,3.0,0.0,0.0,53.0
2393.972037941983,87.0,9.0,3.0,0.0,0.0,53.0
2393.9727275971554,87.0,9.0,3.0,0.0,0.0,53.0
2394.2727275971556,87.0,9.0,3.0,0.0,0.0,53.0
2394.273417252328,87.0,9.0,3.0,0.0,0.0,53.0
2394.573417252328,87.0,9.0,3.0,0.0,0.0,53.0
2394.5741069075,87.0,9.0,3.0,0.0,0.0,53.0
2394.8741069075004,87.0,9.0,3.0,0.0,0.0,53.0
2394.8747965626726,87.0,9.0,3.0,0.0,0.0,53.0
2395.174796562673,87.0,9.0,3.0,0.0,0.0,53.0
2395.175486217845,87.0,9.0,3.0,0.0,0.0,53.0
2395.475486217845,87.0,9.0,3.0,0.0,0.0,53.0
2395.4761758730174,87.0,9.0,3.0,0.0,0.0,53.0
2395.7761758730176,87.0,9.0,3.0,0.0,0.0,53.0
2395.77686552819,87.0,9.0,3.0,0.0,0.0,53.0
2396.07686552819,87.0,9.0,3.0,0.0,0.0,53.0
2396.077555183362,87.0,9.0,3.0,0.0,0.0,53.0
2396.3775551833623,87.0,9.0,3.0,0.0,0.0,53.0
2396.3782448385346,87.0,9.0,3.0,0.0,0.0,53.0
2396.6782448385347,87.0,9.0,3.0,0.0,0.0,53.0
2396.678934493707,86.0,9.0,3.0,0.0,0.0,53.0
2396.978934493707,86.0,9.0,3.0,0.0,0.0,53.0
2396.9796321681256,86.0,9.0,3.0,0.0,0.0,53.0
2397.2796321681258,86.0,9.0,3.0,0.0,0.0,53.0
2397.2803298425442,86.0,9.0,3.0,0.0,0.0,53.0
2397.5803298425444,86.0,9.0,3.0,0.0,0.0,53.0
2397.581027516963,86.0,9.0,3.0,0.0,0.0,53.0
2397.881027516963,86.0,9.0,3.0,0.0,0.0,53.0
2397.8817251913815,86.0,9.0,3.0,0.0,0.0,53.0
2398.1817251913817,86.0,9.0,3.0,0.0,0.0,53.0
2398.1824228658,86.0,9.0,3.0,0.0,0.0,53.0
2398.4824228658003,86.0,9.0,3.0,0.0,0.0,53.0
2398.483120540219,86.0,9.0,3.0,0.0,0.0,53.0
2398.783120540219,86.0,9.0,3.0,0.0,0.0,53.0
2398.7838182146374,85.0,9.0,3.0,0.0,0.0,53.0
2399.0838182146376,85.0,9.0,3.0,0.0,0.0,53.0
2399.0845240969907,85.0,9.0,3.0,0.0,0.0,53.0
2399.384524096991,85.0,9.0,3.0,0.0,0.0,53.0
2399.385229979344,85.0,9.0,3.0,0.0,0.0,53.0
2399.685229979344,85.0,9.0,3.0,0.0,0.0,53.0
2399.685935861697,85.0,9.0,3.0,0.0,0.0,53.0
2399.9859358616973,85.0,9.0,3.0,0.0,0.0,53.0
2399.9866417440503,85.0,9.0,3.0,0.0,0.0,53.0
2400.2866417440505,85.0,9.0,3.0,0.0,0.0,53.0
2400.2873476264035,85.0,9.0,3.0,0.0,0.0,53.0
2400.5873476264037,85.0,9.0,3.0,0.0,0.0,53.0
2400.5880535087567,85.0,9.0,3.0,0.0,0.0,53.0
2400.888053508757,85.0,9.0,3.0,0.0,0.0,53.0
2400.88875939111,85.0,9.0,3.0,0.0,0.0,53.0
2401.18875939111,85.0,9.0,3.0,0.0,0.0,53.0
2401.189465273463,85.0,9.0,3.0,0.0,0.0,53.0
2401.4894652734633,85.0,9.0,3.0,0.0,0.0,53.0
2401.4901711558164,85.0,9.0,3.0,0.0,0.0,53.0
2401.7901711558166,85.0,9.0,3.0,0.0,0.0,53.0
2401.7908770381696,85.0,9.0,3.0,0.0,0.0,53.0
2402.0908770381698,85.0,9.0,3.0,0.0,0.0,53.0
2402.091582920523,85.0,9.0,3.0,0.0,0.0,53.0
2402.391582920523,85.0,9.0,3.0,0.0,0.0,53.0
2402.392288802876,85.0,9.0,3.0,0.0,0.0,53.0
2402.692288802876,85.0,9.0,3.0,0.0,0.0,53.0
2402.692994685229,85.0,9.0,3.0,0.0,0.0,53.0
2402.9929946852294,85.0,9.0,3.0,0.0,0.0,53.0
2402.9937005675824,85.0,9.0,3.0,0.0,0.0,53.0
2403.2937005675826,85.0,9.0,3.0,0.0,0.0,53.0
2403.2944064499357,85.0,9.0,3.0,0.0,0.0,53.0
2403.594406449936,85.0,9.0,3.0,0.0,0.0,53.0
2403.595112332289,86.0,9.0,3.0,0.0,0.0,53.0
2403.895112332289,86.0,9.0,3.0,0.0,0.0,53.0
2403.8958100067075,86.0,9.0,3.0,0.0,0.0,53.0
2404.1958100067077,86.0,9.0,3.0,0.0,0.0,53.0
2404.196507681126,86.0,9.0,3.0,0.0,0.0,53.0
2404.4965076811263,86.0,9.0,3.0,0.0,0.0,53.0
2404.497205355545,86.0,9.0,3.0,0.0,0.0,53.0
2404.797205355545,86.0,9.0,3.0,0.0,0.0,53.0
2404.7979030299634,86.0,9.0,3.0,0.0,0.0,53.0
2405.0979030299636,86.0,9.0,3.0,0.0,0.0,53.0
2405.098600704382,87.0,9.0,3.0,0.0,0.0,53.0
2405.3986007043823,87.0,9.0,3.0,0.0,0.0,53.0
2405.3992903595545,87.0,9.0,3.0,0.0,0.0,53.0
2405.6992903595547,87.0,9.0,3.0,0.0,0.0,53.0
2405.699980014727,87.0,9.0,3.0,0.0,0.0,53.0
2405.999980014727,87.0,9.0,3.0,0.0,0.0,53.0
2406.0006696698993,87.0,9.0,3.0,0.0,0.0,53.0
2406.3006696698994,87.0,9.0,3.0,0.0,0.0,53.0
2406.3013593250716,87.0,9.0,3.0,0.0,0.0,53.0
2406.601359325072,87.0,9.0,3.0,0.0,0.0,53.0
2406.602048980244,87.0,9.0,3.0,0.0,0.0,53.0
2406.902048980244,87.0,9.0,3.0,0.0,0.0,53.0
2406.9027386354164,87.0,9.0,3.0,0.0,0.0,53.0
2407.2027386354166,87.0,9.0,3.0,0.0,0.0,53.0
2407.203428290589,87.0,9.0,3.0,0.0,0.0,53.0
2407.503428290589,87.0,9.0,3.0,0.0,0.0,53.0
2407.504117945761,87.0,9.0,3.0,0.0,0.0,53.0
2407.8041179457614,87.0,9.0,3.0,0.0,0.0,53.0
2407.8048076009336,87.0,9.0,3.0,5.0,0.0,53.0
2408.104807600934,87.0,9.0,3.0,5.0,0.0,53.0
2408.105497256106,87.0,9.0,3.0,5.0,0.0,53.0
2408.405497256106,87.0,9.0,3.0,5.0,0.0,53.0
2408.4061869112784,87.0,9.0,3.0,5.0,0.0,53.0
2408.7061869112786,87.0,9.0,3.0,5.0,0.0,53.0
2408.706876566451,87.0,9.0,3.0,5.0,0.0,53.0
2409.006876566451,87.0,9.0,3.0,5.0,0.0,53.0
2409.007566221623,87.0,9.0,3.0,5.0,0.0,53.0
2409.3075662216233,87.0,9.0,3.0,5.0,0.0,53.0
2409.3082558767956,87.0,9.0,3.0,5.0,0.0,53.0
2409.6082558767957,87.0,9.0,3.0,5.0,0.0,53.0
2409.608945531968,87.0,9.0,3.0,5.0,0.0,53.0
2409.908945531968,87.0,9.0,3.0,5.0,0.0,53.0
2409.9096351871403,87.0,9.0,3.0,5.0,0.0,53.0
2410.2096351871405,87.0,9.0,3.0,5.0,0.0,53.0
2410.2103248423127,87.0,9.0,3.0,5.0,0.0,53.0
2410.510324842313,87.0,9.0,3.0,5.0,0.0,53.0
2410.511014497485,87.0,9.0,3.0,5.0,0.0,53.0
2410.8110144974853,87.0,9.0,3.0,5.0,0.0,53.0
2410.8117041526575,87.0,9.0,3.0,5.0,0.0,53.0
2411.1117041526577,87.0,9.0,3.0,5.0,0.0,53.0
2411.11239380783,87.0,9.0,3.0,5.0,0.0,53.0
2411.41239380783,87.0,9.0,3.0,5.0,0.0,53.0
2411.4130834630023,87.0,9.0,3.0,5.0,0.0,53.0
2411.7130834630025,87.0,9.0,3.0,5.0,0.0,53.0
2411.7137731181747,87.0,9.0,3.0,5.0,0.0,53.0
2412.013773118175,87.0,9.0,3.0,5.0,0.0,53.0
2412.014462773347,87.0,9.0,3.0,5.0,0.0,53.0
2412.3144627733473,87.0,9.0,3.0,5.0,0.0,53.0
2412.3151524285195,87.0,9.0,3.0,5.0,0.0,53.0
2412.6151524285197,87.0,9.0,3.0,5.0,0.0,53.0
2412.615842083692,87.0,9.0,3.0,5.0,0.0,53.0
2412.915842083692,87.0,9.0,3.0,5.0,0.0,53.0
2412.9165317388643,87.0,9.0,3.0,5.0,0.0,53.0
2413.2165317388644,87.0,9.0,3.0,5.0,0.0,53.0
2413.2172213940366,87.0,9.0,3.0,5.0,0.0,53.0
2413.517221394037,87.0,9.0,3.0,5.0,0.0,53.0
2413.517911049209,87.0,9.0,3.0,5.0,0.0,53.0
2413.817911049209,87.0,9.0,3.0,5.0,0.0,53.0
2413.8186007043814,87.0,9.0,3.0,5.0,0.0,53.0
2414.1186007043816,87.0,9.0,3.0,5.0,0.0,53.0
2414.119290359554,87.0,9.0,3.0,5.0,0.0,53.0
2414.419290359554,87.0,9.0,3.0,5.0,0.0,53.0
2414.419980014726,87.0,9.0,3.0,5.0,0.0,53.0
2414.7199800147264,87.0,9.0,3.0,5.0,0.0,53.0
2414.7206696698986,87.0,9.0,3.0,5.0,0.0,53.0
2415.020669669899,87.0,9.0,3.0,5.0,0.0,53.0
2415.021359325071,87.0,9.0,3.0,5.0,0.0,53.0
2415.321359325071,87.0,9.0,3.0,5.0,0.0,53.0
2415.3220489802434,87.0,9.0,3.0,5.0,0.0,53.0
2415.6220489802436,87.0,9.0,3.0,5.0,0.0,53.0
2415.6227386354158,87.0,9.0,3.0,5.0,0.0,53.0
2415.922738635416,87.0,9.0,3.0,5.0,0.0,53.0
2415.923428290588,87.0,9.0,3.0,5.0,0.0,53.0
2416.2234282905883,87.0,9.0,3.0,5.0,0.0,53.0
2416.2241179457606,87.0,9.0,3.0,5.0,0.0,53.0
2416.5241179457607,87.0,9.0,3.0,5.0,0.0,53.0
2416.524807600933,87.0,9.0,3.0,5.0,0.0,53.0
2416.824807600933,87.0,9.0,3.0,5.0,0.0,53.0
2416.8254972561053,87.0,9.0,3.0,5.0,0.0,53.0
2417.1254972561055,87.0,9.0,3.0,5.0,0.0,53.0
2417.1261869112777,87.0,9.0,3.0,5.0,0.0,53.0
2417.426186911278,87.0,9.0,3.0,5.0,0.0,53.0
2417.42687656645,87.0,9.0,3.0,5.0,0.0,53.0
2417.7268765664503,87.0,9.0,3.0,5.0,0.0,53.0
2417.7275662216225,87.0,9.0,3.0,5.0,0.0,53.0
2418.0275662216227,87.0,9.0,3.0,5.0,0.0,53.0
2418.028255876795,87.0,9.0,3.0,5.0,0.0,53.0
2418.328255876795,87.0,9.0,3.0,5.0,0.0,53.0
2418.3289455319673,87.0,9.0,3.0,5.0,0.0,53.0
2418.6289455319675,87.0,9.0,3.0,5.0,0.0,53.0
2418.6296351871397,87.0,9.0,3.0,5.0,0.0,53.0
2418.92963518714,87.0,9.0,3.0,5.0,0.0,53.0
2418.930324842312,87.0,9.0,3.0,5.0,0.0,53.0
2419.2303248423123,87.0,9.0,3.0,5.0,0.0,53.0
2419.2310144974845,87.0,9.0,3.0,5.0,0.0,53.0
2419.5310144974846,87.0,9.0,3.0,5.0,0.0,53.0
2419.531704152657,87.0,9.0,3.0,5.0,0.0,53.0
2419.831704152657,87.0,9.0,3.0,5.0,0.0,53.0
2419.8323938078292,87.0,9.0,3.0,5.0,0.0,53.0
2420.1323938078294,87.0,9.0,3.0,5.0,0.0,53.0
2420.1330834630016,87.0,9.0,3.0,5.0,0.0,53.0
2420.433083463002,87.0,9.0,3.0,5.0,0.0,53.0
2420.433773118174,87.0,9.0,3.0,5.0,0.0,53.0
2420.733773118174,87.0,9.0,3.0,5.0,0.0,53.0
2420.7344627733464,87.0,9.0,3.0,5.0,0.0,53.0
2421.0344627733466,87.0,9.0,3.0,5.0,0.0,53.0
2421.035152428519,87.0,9.0,3.0,5.0,0.0,53.0
2421.335152428519,87.0,9.0,3.0,5.0,0.0,53.0
2421.335842083691,87.0,9.0,3.0,5.0,0.0,53.0
2421.6358420836914,87.0,9.0,3.0,5.0,0.0,53.0
2421.6365317388636,87.0,9.0,3.0,5.0,0.0,53.0
2421.936531738864,87.0,9.0,3.0,5.0,0.0,53.0
2421.937221394036,87.0,9.0,3.0,5.0,0.0,53.0
2422.237221394036,87.0,9.0,3.0,5.0,0.0,53.0
2422.2379110492084,87.0,9.0,3.0,5.0,0.0,53.0
2422.5379110492086,87.0,9.0,3.0,5.0,0.0,53.0
2422.5386007043808,87.0,9.0,3.0,5.0,0.0,53.0
2422.838600704381,87.0,9.0,3.0,5.0,0.0,53.0
2422.839290359553,87.0,9.0,3.0,5.0,0.0,53.0
2423.1392903595533,87.0,9.0,3.0,5.0,0.0,53.0
2423.1399800147256,87.0,9.0,3.0,5.0,0.0,53.0
2423.4399800147257,87.0,9.0,3.0,5.0,0.0,53.0
2423.440669669898,87.0,9.0,3.0,5.0,0.0,53.0
2423.740669669898,87.0,9.0,3.0,5.0,0.0,53.0
2423.7413593250703,87.0,9.0,3.0,5.0,0.0,53.0
2424.0413593250705,87.0,9.0,3.0,5.0,0.0,53.0
2424.0420489802427,87.0,9.0,3.0,5.0,0.0,53.0
2424.342048980243,87.0,9.0,3.0,5.0,0.0,53.0
2424.342738635415,87.0,9.0,3.0,5.0,0.0,53.0
2424.6427386354153,87.0,9.0,3.0,5.0,0.0,53.0
2424.6434282905875,87.0,9.0,3.0,5.0,0.0,53.0
2424.9434282905877,87.0,9.0,3.0,5.0,0.0,53.0
2424.94411794576,87.0,9.0,3.0,5.0,0.0,53.0
2425.24411794576,87.0,9.0,3.0,5.0,0.0,53.0
2425.2448076009323,87.0,9.0,3.0,5.0,0.0,53.0
2425.5448076009325,87.0,9.0,3.0,5.0,0.0,53.0
2425.5454972561047,87.0,9.0,3.0,5.0,0.0,53.0
2425.845497256105,87.0,9.0,3.0,5.0,0.0,53.0
2425.846186911277,87.0,9.0,3.0,5.0,0.0,53.0
2426.1461869112773,87.0,9.0,3.0,5.0,0.0,53.0
2426.1468765664495,87.0,9.0,3.0,5.0,0.0,53.0
2426.4468765664496,87.0,9.0,3.0,5.0,0.0,53.0
2426.447566221622,87.0,9.0,3.0,5.0,0.0,53.0
2426.747566221622,87.0,9.0,3.0,5.0,0.0,53.0
2426.7482558767942,87.0,9.0,3.0,5.0,0.0,53.0
2427.0482558767944,87.0,9.0,3.0,5.0,0.0,53.0
2427.0489455319666,87.0,9.0,3.0,5.0,0.0,53.0
2427.348945531967,87.0,9.0,3.0,5.0,0.0,53.0
2427.349635187139,87.0,9.0,3.0,5.0,0.0,53.0
2427.649635187139,87.0,9.0,3.0,5.0,0.0,53.0
2427.6503248423114,87.0,9.0,3.0,5.0,0.0,53.0
2427.9503248423116,87.0,9.0,3.0,5.0,0.0,53.0
2427.951014497484,87.0,9.0,3.0,5.0,0.0,53.0
2428.251014497484,87.0,9.0,3.0,5.0,0.0,53.0
2428.251704152656,87.0,9.0,3.0,5.0,0.0,53.0
2428.5517041526564,87.0,9.0,3.0,5.0,0.0,53.0
2428.5523938078286,87.0,9.0,3.0,5.0,0.0,53.0
2428.852393807829,87.0,9.0,3.0,5.0,0.0,53.0
2428.853083463001,87.0,9.0,3.0,5.0,0.0,53.0
2429.153083463001,87.0,9.0,3.0,5.0,0.0,53.0
2429.1537731181734,87.0,9.0,3.0,5.0,0.0,53.0
2429.4537731181736,87.0,9.0,3.0,5.0,0.0,53.0
2429.4544627733458,87.0,9.0,3.0,5.0,0.0,53.0
2429.754462773346,87.0,9.0,3.0,5.0,0.0,53.0
2429.755152428518,87.0,9.0,3.0,5.0,0.0,53.0
2430.0551524285183,87.0,9.0,3.0,5.0,0.0,53.0
2430.0558420836905,87.0,9.0,3.0,5.0,0.0,53.0
2430.3558420836907,87.0,9.0,3.0,5.0,0.0,53.0
2430.356531738863,87.0,9.0,3.0,5.0,0.0,53.0
2430.656531738863,87.0,9.0,3.0,5.0,0.0,53.0
2430.6572213940353,87.0,9.0,3.0,5.0,0.0,53.0
2430.9572213940355,87.0,9.0,3.0,5.0,0.0,53.0
2430.9579110492077,87.0,9.0,3.0,5.0,0.0,53.0
2431.257911049208,87.0,9.0,3.0,5.0,0.0,53.0
2431.25860070438,87.0,9.0,3.0,5.0,0.0,53.0
2431.5586007043803,87.0,9.0,3.0,5.0,0.0,53.0
2431.5592903595525,87.0,9.0,3.0,5.0,0.0,53.0
2431.8592903595527,87.0,9.0,3.0,5.0,0.0,53.0
2431.859980014725,87.0,9.0,3.0,5.0,0.0,53.0
2432.159980014725,87.0,9.0,3.0,5.0,0.0,53.0
2432.1606696698973,87.0,9.0,3.0,5.0,0.0,53.0
2432.4606696698975,87.0,9.0,3.0,5.0,0.0,53.0
2432.4613593250697,87.0,9.0,3.0,5.0,0.0,53.0
2432.76135932507,87.0,9.0,3.0,5.0,0.0,53.0
2432.762048980242,87.0,9.0,3.0,5.0,0.0,53.0
2433.0620489802423,87.0,9.0,3.0,5.0,0.0,53.0
2433.0627386354145,87.0,9.0,3.0,5.0,0.0,53.0
2433.3627386354146,87.0,9.0,3.0,5.0,0.0,53.0
2433.363428290587,87.0,9.0,3.0,5.0,0.0,53.0
2433.663428290587,87.0,9.0,3.0,5.0,0.0,53.0
2433.6641179457592,87.0,9.0,3.0,5.0,0.0,53.0
2433.9641179457594,87.0,9.0,3.0,5.0,0.0,53.0
2433.9648076009316,87.0,9.0,3.0,5.0,0.0,53.0
2434.264807600932,87.0,9.0,3.0,5.0,0.0,53.0
2434.265497256104,87.0,9.0,3.0,5.0,0.0,53.0
2434.565497256104,87.0,9.0,3.0,5.0,0.0,53.0
2434.5661869112764,87.0,9.0,3.0,5.0,0.0,53.0
2434.8661869112766,87.0,9.0,3.0,5.0,0.0,53.0
2434.866876566449,87.0,9.0,3.0,3.0,0.0,54.0
2435.166876566449,87.0,9.0,3.0,3.0,0.0,54.0
2435.167566221621,87.0,9.0,3.0,3.0,0.0,54.0
2435.4675662216214,87.0,9.0,3.0,3.0,0.0,54.0
2435.4682558767936,87.0,9.0,3.0,3.0,0.0,54.0
2435.768255876794,87.0,9.0,3.0,3.0,0.0,54.0
2435.768945531966,87.0,9.0,3.0,3.0,0.0,54.0
2436.068945531966,87.0,9.0,3.0,3.0,0.0,54.0
2436.0696351871384,87.0,9.0,3.0,3.0,0.0,54.0
2436.3696351871386,87.0,9.0,3.0,3.0,0.0,54.0
2436.3703248423108,87.0,9.0,3.0,3.0,0.0,54.0
2436.670324842311,87.0,9.0,3.0,3.0,0.0,54.0
2436.671014497483,87.0,9.0,3.0,3.0,0.0,54.0
2436.9710144974833,87.0,9.0,3.0,3.0,0.0,54.0
2436.9717041526555,87.0,9.0,3.0,3.0,0.0,54.0
2437.2717041526557,87.0,9.0,3.0,3.0,0.0,54.0
2437.272393807828,87.0,9.0,3.0,3.0,0.0,54.0
2437.572393807828,87.0,9.0,3.0,3.0,0.0,54.0
2437.5730834630003,87.0,9.0,3.0,3.0,0.0,54.0
2437.8730834630005,87.0,9.0,3.0,3.0,0.0,54.0
2437.8737731181727,87.0,9.0,3.0,3.0,0.0,54.0
2438.173773118173,87.0,9.0,3.0,3.0,0.0,54.0
2438.174462773345,87.0,9.0,3.0,3.0,0.0,54.0
2438.4744627733453,87.0,9.0,3.0,3.0,0.0,54.0
2438.4751524285175,87.0,9.0,3.0,3.0,0.0,54.0
2438.7751524285177,87.0,9.0,3.0,3.0,0.0,54.0
2438.77584208369,87.0,9.0,3.0,3.0,0.0,54.0
2439.07584208369,87.0,9.0,3.0,3.0,0.0,54.0
2439.0765317388623,87.0,9.0,3.0,3.0,0.0,54.0
2439.3765317388625,87.0,9.0,3.0,3.0,0.0,54.0
2439.3772213940347,87.0,9.0,3.0,3.0,0.0,54.0
2439.677221394035,87.0,9.0,3.0,3.0,0.0,54.0
2439.677911049207,86.0,9.0,3.0,3.0,0.0,54.0
2439.9779110492073,86.0,9.0,3.0,3.0,0.0,54.0
2439.9786087236257,86.0,9.0,3.0,3.0,0.0,54.0
2440.278608723626,86.0,9.0,3.0,3.0,0.0,54.0
2440.2793063980444,86.0,9.0,3.0,3.0,0.0,54.0
2440.5793063980445,86.0,9.0,3.0,3.0,0.0,54.0
2440.580004072463,86.0,9.0,3.0,3.0,0.0,54.0
2440.880004072463,86.0,9.0,3.0,3.0,0.0,54.0
2440.8807017468816,86.0,9.0,3.0,3.0,0.0,54.0
2441.180701746882,86.0,9.0,3.0,3.0,0.0,54.0
2441.1813994213003,86.0,9.0,3.0,3.0,0.0,54.0
2441.4813994213005,86.0,9.0,3.0,3.0,0.0,54.0
2441.482097095719,87.0,9.0,3.0,3.0,0.0,54.0
2441.782097095719,87.0,9.0,3.0,3.0,0.0,54.0
2441.7827867508913,87.0,9.0,3.0,3.0,0.0,54.0
2442.0827867508915,87.0,9.0,3.0,3.0,0.0,54.0
2442.0834764060637,87.0,9.0,3.0,3.0,0.0,54.0
2442.383476406064,87.0,9.0,3.0,3.0,0.0,54.0
2442.384166061236,87.0,9.0,3.0,3.0,0.0,54.0
2442.6841660612363,87.0,9.0,3.0,3.0,0.0,54.0
2442.6848557164085,87.0,9.0,3.0,3.0,0.0,54.0
2442.9848557164087,87.0,9.0,3.0,3.0,0.0,54.0
2442.985545371581,87.0,9.0,3.0,3.0,0.0,54.0
2443.285545371581,87.0,9.0,3.0,3.0,0.0,54.0
2443.2862350267533,87.0,9.0,3.0,3.0,0.0,54.0
2443.5862350267535,87.0,9.0,3.0,3.0,0.0,54.0
2443.5869246819257,87.0,9.0,3.0,3.0,0.0,54.0
2443.886924681926,87.0,9.0,3.0,3.0,0.0,54.0
2443.887614337098,87.0,9.0,3.0,3.0,0.0,54.0
2444.1876143370982,87.0,9.0,3.0,3.0,0.0,54.0
2444.1883039922704,87.0,9.0,3.0,3.0,0.0,54.0
2444.4883039922706,87.0,9.0,3.0,3.0,0.0,54.0
2444.488993647443,87.0,9.0,3.0,3.0,0.0,54.0
2444.788993647443,87.0,9.0,3.0,3.0,0.0,54.0
2444.7896833026152,87.0,9.0,3.0,3.0,0.0,54.0
2445.0896833026154,87.0,9.0,3.0,3.0,0.0,54.0
2445.0903729577876,87.0,9.0,3.0,3.0,0.0,54.0
2445.390372957788,87.0,9.0,3.0,3.0,0.0,54.0
2445.39106261296,87.0,9.0,3.0,3.0,0.0,54.0
2445.69106261296,87.0,9.0,3.0,3.0,0.0,54.0
2445.6917522681324,87.0,9.0,3.0,3.0,0.0,54.0
2445.9917522681326,87.0,9.0,3.0,3.0,0.0,54.0
2445.992441923305,87.0,9.0,3.0,3.0,0.0,54.0
2446.292441923305,87.0,9.0,3.0,3.0,0.0,54.0
2446.293131578477,87.0,9.0,3.0,3.0,0.0,54.0
2446.5931315784774,87.0,9.0,3.0,3.0,0.0,54.0
2446.5938212336496,87.0,9.0,3.0,3.0,0.0,54.0
2446.8938212336498,87.0,9.0,3.0,3.0,0.0,54.0
2446.894510888822,87.0,9.0,3.0,3.0,0.0,54.0
2447.194510888822,87.0,9.0,3.0,3.0,0.0,54.0
2447.1952005439944,87.0,9.0,3.0,3.0,0.0,54.0
2447.4952005439945,87.0,9.0,3.0,3.0,0.0,54.0
2447.4958901991668,87.0,9.0,3.0,3.0,0.0,54.0
2447.795890199167,87.0,9.0,3.0,3.0,0.0,54.0
2447.796579854339,87.0,9.0,3.0,3.0,0.0,54.0
2448.0965798543393,87.0,9.0,3.0,3.0,0.0,54.0
2448.0972695095115,87.0,9.0,3.0,3.0,0.0,54.0
2448.3972695095117,87.0,9.0,3.0,3.0,0.0,54.0
2448.397959164684,87.0,9.0,3.0,3.0,0.0,54.0
2448.697959164684,87.0,9.0,3.0,3.0,0.0,54.0
2448.6986488198563,87.0,9.0,3.0,3.0,0.0,54.0
2448.9986488198565,87.0,9.0,3.0,3.0,0.0,54.0
2448.9993384750287,87.0,9.0,3.0,3.0,0.0,54.0
2449.299338475029,87.0,9.0,3.0,3.0,0.0,54.0
2449.300028130201,87.0,9.0,3.0,3.0,0.0,54.0
2449.6000281302013,87.0,9.0,3.0,3.0,0.0,54.0
2449.6007177853735,87.0,9.0,3.0,3.0,0.0,54.0
2449.9007177853737,87.0,9.0,3.0,3.0,0.0,54.0
2449.901407440546,87.0,9.0,3.0,3.0,0.0,54.0
2450.201407440546,87.0,9.0,3.0,3.0,0.0,54.0
2450.2020970957183,87.0,9.0,3.0,3.0,0.0,54.0
2450.5020970957185,87.0,9.0,3.0,3.0,0.0,54.0
2450.5027867508907,87.0,9.0,3.0,3.0,0.0,54.0
2450.802786750891,87.0,9.0,3.0,3.0,0.0,54.0
2450.803476406063,87.0,9.0,3.0,3.0,0.0,54.0
2451.1034764060632,87.0,9.0,3.0,3.0,0.0,54.0
2451.1041660612354,87.0,9.0,3.0,3.0,0.0,54.0
2451.4041660612356,87.0,9.0,3.0,3.0,0.0,54.0
2451.404855716408,87.0,9.0,3.0,3.0,0.0,54.0
2451.704855716408,87.0,9.0,3.0,3.0,0.0,54.0
2451.7055453715802,87.0,9.0,3.0,3.0,0.0,54.0
2452.0055453715804,87.0,9.0,3.0,3.0,0.0,54.0
2452.0062350267526,87.0,9.0,3.0,3.0,0.0,54.0
2452.306235026753,87.0,9.0,3.0,3.0,0.0,54.0
2452.306924681925,88.0,9.0,3.0,3.0,0.0,54.0
2452.606924681925,88.0,9.0,3.0,3.0,0.0,54.0
2452.607606500107,88.0,9.0,3.0,3.0,0.0,54.0
2452.9076065001072,88.0,9.0,3.0,3.0,0.0,54.0
2452.908288318289,88.0,9.0,3.0,3.0,0.0,54.0
2453.2082883182893,88.0,9.0,3.0,3.0,0.0,54.0
2453.208970136471,88.0,9.0,3.0,3.0,0.0,54.0
2453.5089701364714,88.0,9.0,3.0,3.0,0.0,54.0
2453.5096519546532,88.0,9.0,3.0,3.0,0.0,54.0
2453.8096519546534,88.0,9.0,3.0,3.0,0.0,54.0
2453.8103337728353,88.0,9.0,3.0,3.0,0.0,54.0
2454.1103337728355,88.0,9.0,3.0,3.0,0.0,54.0
2454.1110155910173,88.0,9.0,3.0,3.0,0.0,54.0
2454.4110155910175,88.0,9.0,3.0,3.0,0.0,54.0
2454.4116974091994,88.0,9.0,3.0,3.0,0.0,54.0
2454.7116974091996,88.0,9.0,3.0,3.0,0.0,54.0
2454.7123792273815,88.0,9.0,3.0,3.0,0.0,54.0
2455.0123792273816,88.0,9.0,3.0,3.0,0.0,54.0
2455.0130610455635,88.0,9.0,3.0,3.0,0.0,54.0
2455.3130610455637,88.0,9.0,3.0,3.0,0.0,54.0
2455.3137428637456,88.0,9.0,3.0,3.0,0.0,54.0
2455.6137428637458,88.0,9.0,3.0,3.0,0.0,54.0
2455.6144246819276,87.0,9.0,3.0,3.0,0.0,54.0
2455.914424681928,87.0,9.0,3.0,3.0,0.0,54.0
2455.9151143371,87.0,9.0,3.0,3.0,0.0,54.0
2456.2151143371,87.0,9.0,3.0,3.0,0.0,54.0
2456.2158039922724,87.0,9.0,3.0,3.0,0.0,54.0
2456.5158039922726,87.0,9.0,3.0,3.0,0.0,54.0
2456.516493647445,87.0,9.0,3.0,3.0,0.0,54.0
2456.816493647445,87.0,9.0,3.0,3.0,0.0,54.0
2456.817183302617,87.0,9.0,3.0,3.0,0.0,54.0
2457.1171833026174,87.0,9.0,3.0,3.0,0.0,54.0
2457.1178729577896,87.0,9.0,3.0,3.0,0.0,54.0
2457.4178729577898,87.0,9.0,3.0,3.0,0.0,54.0
2457.418562612962,87.0,9.0,3.0,3.0,0.0,54.0
2457.718562612962,87.0,9.0,3.0,3.0,0.0,54.0
2457.7192522681344,87.0,9.0,3.0,3.0,0.0,54.0
2458.0192522681346,87.0,9.0,3.0,3.0,0.0,54.0
2458.0199419233068,87.0,9.0,3.0,3.0,0.0,54.0
2458.319941923307,87.0,9.0,3.0,3.0,0.0,54.0
2458.320631578479,87.0,9.0,3.0,3.0,0.0,54.0
2458.6206315784793,87.0,9.0,3.0,3.0,0.0,54.0
2458.6213212336515,87.0,9.0,3.0,3.0,0.0,54.0
2458.9213212336517,87.0,9.0,3.0,3.0,0.0,54.0
2458.922010888824,87.0,9.0,3.0,3.0,0.0,54.0
2459.222010888824,87.0,9.0,3.0,3.0,0.0,54.0
2459.2227005439963,87.0,9.0,3.0,3.0,0.0,54.0
2459.5227005439965,87.0,9.0,3.0,3.0,0.0,54.0
2459.5233901991687,87.0,9.0,3.0,3.0,0.0,54.0
2459.823390199169,87.0,9.0,3.0,3.0,0.0,54.0
2459.824079854341,87.0,9.0,3.0,3.0,0.0,54.0
2460.1240798543413,87.0,9.0,3.0,3.0,0.0,54.0
2460.1247695095135,87.0,9.0,3.0,3.0,0.0,54.0
2460.4247695095137,87.0,9.0,3.0,3.0,0.0,54.0
2460.425459164686,87.0,9.0,3.0,3.0,0.0,54.0
2460.725459164686,87.0,9.0,3.0,3.0,0.0,54.0
2460.7261488198583,87.0,9.0,3.0,3.0,0.0,54.0
2461.0261488198585,87.0,9.0,3.0,3.0,0.0,54.0
2461.0268384750307,87.0,9.0,3.0,3.0,0.0,54.0
2461.326838475031,87.0,9.0,3.0,3.0,0.0,54.0
2461.327528130203,87.0,9.0,3.0,3.0,0.0,54.0
2461.6275281302032,87.0,9.0,3.0,3.0,0.0,54.0
2461.6282177853755,87.0,9.0,3.0,3.0,0.0,54.0
2461.9282177853756,87.0,9.0,3.0,3.0,0.0,54.0
2461.928907440548,87.0,9.0,3.0,3.0,0.0,54.0
2462.228907440548,87.0,9.0,3.0,3.0,0.0,54.0
2462.2295970957202,87.0,9.0,3.0,3.0,0.0,54.0
2462.5295970957204,87.0,9.0,3.0,3.0,0.0,54.0
2462.5302867508926,87.0,9.0,3.0,3.0,0.0,54.0
2462.830286750893,87.0,9.0,3.0,3.0,0.0,54.0
2462.830976406065,87.0,9.0,3.0,3.0,0.0,54.0
2463.130976406065,87.0,9.0,3.0,3.0,0.0,54.0
2463.1316660612374,87.0,9.0,3.0,3.0,0.0,54.0
2463.4316660612376,87.0,9.0,3.0,3.0,0.0,54.0
2463.43235571641,87.0,9.0,3.0,3.0,0.0,54.0
2463.73235571641,87.0,9.0,3.0,3.0,0.0,54.0
2463.733045371582,87.0,9.0,3.0,3.0,0.0,54.0
2464.0330453715824,87.0,9.0,3.0,3.0,0.0,54.0
2464.0337350267546,87.0,9.0,3.0,3.0,0.0,54.0
2464.3337350267548,87.0,9.0,3.0,3.0,0.0,54.0
2464.334424681927,87.0,9.0,3.0,3.0,0.0,54.0
2464.634424681927,87.0,9.0,3.0,3.0,0.0,54.0
2464.6351143370994,87.0,9.0,3.0,3.0,0.0,54.0
2464.9351143370995,87.0,9.0,3.0,3.0,0.0,54.0
2464.9358039922718,87.0,9.0,3.0,3.0,0.0,54.0
2465.235803992272,87.0,9.0,3.0,3.0,0.0,54.0
2465.236493647444,87.0,9.0,3.0,3.0,0.0,54.0
2465.5364936474443,87.0,9.0,3.0,3.0,0.0,54.0
2465.5371833026165,87.0,9.0,3.0,3.0,0.0,54.0
2465.8371833026167,87.0,9.0,3.0,3.0,0.0,54.0
2465.837872957789,87.0,9.0,3.0,3.0,0.0,54.0
2466.137872957789,87.0,9.0,3.0,3.0,0.0,54.0
2466.1385626129613,87.0,9.0,3.0,3.0,0.0,54.0
2466.4385626129615,87.0,9.0,3.0,3.0,0.0,54.0
2466.4392522681337,87.0,9.0,3.0,3.0,0.0,54.0
2466.739252268134,87.0,9.0,3.0,3.0,0.0,54.0
2466.739941923306,87.0,9.0,3.0,3.0,0.0,54.0
2467.0399419233063,87.0,9.0,3.0,3.0,0.0,54.0
2467.0406315784785,87.0,9.0,3.0,3.0,0.0,54.0
2467.3406315784787,87.0,9.0,3.0,3.0,0.0,54.0
2467.341321233651,87.0,9.0,3.0,3.0,0.0,54.0
2467.641321233651,87.0,9.0,3.0,3.0,0.0,54.0
2467.6420108888233,87.0,9.0,3.0,3.0,0.0,54.0
2467.9420108888235,87.0,9.0,3.0,3.0,0.0,54.0
2467.9427005439957,87.0,9.0,3.0,3.0,0.0,54.0
2468.242700543996,87.0,9.0,3.0,3.0,0.0,54.0
2468.243390199168,87.0,9.0,3.0,3.0,0.0,54.0
2468.5433901991682,87.0,9.0,3.0,3.0,0.0,54.0
2468.5440798543405,87.0,9.0,3.0,3.0,0.0,54.0
2468.8440798543406,87.0,9.0,3.0,3.0,0.0,54.0
2468.844769509513,87.0,9.0,3.0,3.0,0.0,54.0
2469.144769509513,87.0,9.0,3.0,3.0,0.0,54.0
2469.1454591646852,87.0,9.0,3.0,3.0,0.0,54.0
2469.4454591646854,87.0,9.0,3.0,3.0,0.0,54.0
2469.4461488198576,87.0,9.0,3.0,3.0,0.0,54.0
2469.746148819858,87.0,9.0,3.0,3.0,0.0,54.0
2469.74683847503,87.0,9.0,3.0,3.0,0.0,54.0
2470.04683847503,87.0,9.0,3.0,3.0,0.0,54.0
2470.0475281302024,87.0,9.0,3.0,3.0,0.0,54.0
2470.3475281302026,87.0,9.0,3.0,3.0,0.0,54.0
2470.348217785375,87.0,9.0,3.0,3.0,0.0,54.0
2470.648217785375,87.0,9.0,3.0,3.0,0.0,54.0
2470.648907440547,87.0,9.0,3.0,3.0,0.0,54.0
2470.9489074405474,87.0,9.0,3.0,3.0,0.0,54.0
2470.9495970957196,87.0,9.0,3.0,3.0,0.0,54.0
2471.2495970957198,87.0,9.0,3.0,3.0,0.0,54.0
2471.250286750892,87.0,9.0,3.0,3.0,0.0,54.0
2471.550286750892,87.0,9.0,3.0,3.0,0.0,54.0
2471.5509764060644,87.0,9.0,3.0,3.0,0.0,54.0
2471.8509764060645,87.0,9.0,3.0,3.0,0.0,54.0
2471.8516660612368,87.0,9.0,3.0,3.0,0.0,54.0
2472.151666061237,87.0,9.0,3.0,3.0,0.0,54.0
2472.152355716409,87.0,9.0,3.0,3.0,0.0,54.0
2472.4523557164093,87.0,9.0,3.0,3.0,0.0,54.0
2472.4530453715815,87.0,9.0,3.0,3.0,0.0,54.0
2472.7530453715817,87.0,9.0,3.0,3.0,0.0,54.0
2472.753735026754,87.0,9.0,3.0,3.0,0.0,54.0
2473.053735026754,87.0,9.0,3.0,3.0,0.0,54.0
2473.0544246819263,87.0,9.0,3.0,3.0,0.0,54.0
2473.3544246819265,87.0,9.0,3.0,3.0,0.0,54.0
2473.3551143370987,87.0,9.0,3.0,3.0,0.0,54.0
2473.655114337099,87.0,9.0,3.0,3.0,0.0,54.0
2473.655803992271,87.0,9.0,3.0,3.0,0.0,54.0
2473.9558039922713,87.0,9.0,3.0,3.0,0.0,54.0
2473.9564936474435,87.0,9.0,1.0,3.0,1.0,54.0
2474.2564936474437,87.0,9.0,1.0,3.0,1.0,54.0
2474.257183302616,87.0,9.0,1.0,3.0,1.0,54.0
2474.557183302616,87.0,9.0,1.0,3.0,1.0,54.0
2474.5578729577883,87.0,9.0,1.0,3.0,1.0,54.0
2474.8578729577885,87.0,9.0,1.0,3.0,1.0,54.0
2474.8585626129607,87.0,9.0,1.0,3.0,1.0,54.0
2475.158562612961,87.0,9.0,1.0,3.0,1.0,54.0
2475.159252268133,87.0,9.0,1.0,3.0,1.0,54.0
2475.4592522681332,87.0,9.0,1.0,3.0,1.0,54.0
2475.4599419233055,87.0,9.0,1.0,3.0,1.0,54.0
2475.7599419233056,87.0,9.0,1.0,3.0,1.0,54.0
2475.760631578478,87.0,9.0,1.0,3.0,1.0,54.0
2476.060631578478,87.0,9.0,1.0,3.0,1.0,54.0
2476.0613212336502,87.0,9.0,1.0,3.0,1.0,54.0
2476.3613212336504,87.0,9.0,1.0,3.0,1.0,54.0
2476.3620108888226,87.0,9.0,1.0,3.0,1.0,54.0
2476.662010888823,87.0,9.0,1.0,3.0,1.0,54.0
2476.662700543995,87.0,9.0,1.0,3.0,1.0,54.0
2476.962700543995,87.0,9.0,1.0,3.0,1.0,54.0
2476.9633901991674,87.0,9.0,1.0,3.0,1.0,54.0
2477.2633901991676,87.0,9.0,1.0,3.0,1.0,54.0
2477.26407985434,87.0,9.0,1.0,3.0,1.0,54.0
2477.56407985434,87.0,9.0,1.0,3.0,1.0,54.0
2477.564769509512,87.0,9.0,1.0,3.0,1.0,54.0
2477.8647695095124,87.0,9.0,1.0,3.0,1.0,54.0
2477.8654591646846,88.0,10.0,1.0,3.0,1.0,54.0
2478.1654591646848,88.0,10.0,1.0,3.0,1.0,54.0
2478.1661409828666,88.0,10.0,1.0,3.0,1.0,54.0
2478.466140982867,88.0,10.0,1.0,3.0,1.0,54.0
2478.4668228010487,88.0,10.0,1.0,3.0,1.0,54.0
2478.766822801049,88.0,10.0,1.0,3.0,1.0,54.0
2478.7675046192307,88.0,10.0,1.0,3.0,1.0,54.0
2479.067504619231,88.0,10.0,1.0,3.0,1.0,54.0
2479.068186437413,88.0,10.0,1.0,3.0,1.0,54.0
2479.368186437413,88.0,10.0,1.0,3.0,1.0,54.0
2479.368868255595,88.0,10.0,1.0,3.0,1.0,54.0
2479.668868255595,88.0,10.0,1.0,3.0,1.0,54.0
2479.669550073777,88.0,10.0,1.0,3.0,1.0,54.0
2479.969550073777,88.0,10.0,1.0,3.0,1.0,54.0
2479.970231891959,88.0,10.0,1.0,3.0,1.0,54.0
2480.270231891959,88.0,10.0,1.0,3.0,1.0,54.0
2480.270913710141,88.0,10.0,1.0,3.0,1.0,54.0
2480.570913710141,88.0,10.0,1.0,3.0,1.0,54.0
2480.571595528323,88.0,10.0,1.0,3.0,1.0,54.0
2480.8715955283233,88.0,10.0,1.0,3.0,1.0,54.0
2480.872277346505,88.0,10.0,1.0,3.0,1.0,54.0
2481.1722773465053,88.0,10.0,1.0,3.0,1.0,54.0
2481.172959164687,88.0,10.0,1.0,3.0,1.0,54.0
2481.4729591646874,88.0,10.0,1.0,3.0,1.0,54.0
2481.4736409828693,88.0,10.0,1.0,3.0,1.0,54.0
2481.7736409828694,88.0,10.0,1.0,3.0,1.0,54.0
2481.7743228010513,88.0,10.0,1.0,3.0,1.0,54.0
2482.0743228010515,88.0,10.0,1.0,3.0,1.0,54.0
2482.0750046192334,88.0,10.0,1.0,3.0,1.0,54.0
2482.3750046192336,88.0,10.0,1.0,3.0,1.0,54.0
2482.3756864374154,88.0,10.0,1.0,3.0,1.0,54.0
2482.6756864374156,88.0,10.0,1.0,3.0,1.0,54.0
2482.6763682555975,88.0,10.0,1.0,3.0,1.0,54.0
2482.9763682555977,88.0,10.0,1.0,3.0,1.0,54.0
2482.9770500737795,88.0,10.0,1.0,3.0,1.0,54.0
2483.2770500737797,88.0,10.0,1.0,3.0,1.0,54.0
2483.2777318919616,88.0,10.0,1.0,3.0,1.0,54.0
2483.577731891962,88.0,10.0,1.0,3.0,1.0,54.0
2483.5784137101436,88.0,10.0,1.0,3.0,1.0,54.0
2483.878413710144,88.0,10.0,1.0,3.0,1.0,54.0
2483.8790955283257,88.0,10.0,1.0,3.0,1.0,54.0
2484.179095528326,88.0,10.0,1.0,3.0,1.0,54.0
2484.1797773465078,88.0,10.0,1.0,3.0,1.0,54.0
2484.479777346508,88.0,10.0,1.0,3.0,1.0,54.0
2484.48045916469,88.0,10.0,1.0,3.0,1.0,54.0
2484.78045916469,88.0,10.0,1.0,3.0,1.0,54.0
2484.781140982872,88.0,10.0,1.0,3.0,1.0,54.0
2485.081140982872,88.0,10.0,1.0,3.0,1.0,54.0
2485.081822801054,88.0,10.0,1.0,3.0,1.0,54.0
2485.381822801054,88.0,10.0,1.0,3.0,1.0,54.0
2485.382504619236,88.0,10.0,1.0,3.0,1.0,54.0
2485.682504619236,88.0,10.0,1.0,3.0,1.0,54.0
2485.683186437418,88.0,10.0,1.0,3.0,1.0,54.0
2485.983186437418,88.0,10.0,1.0,3.0,1.0,54.0
2485.9838682556,88.0,10.0,1.0,3.0,1.0,54.0
2486.2838682556003,88.0,10.0,1.0,3.0,1.0,54.0
2486.284550073782,88.0,10.0,1.0,3.0,1.0,54.0
2486.5845500737823,88.0,10.0,1.0,3.0,1.0,54.0
2486.585231891964,88.0,10.0,1.0,3.0,1.0,54.0
2486.8852318919644,88.0,10.0,1.0,3.0,1.0,54.0
2486.8859137101463,88.0,10.0,1.0,3.0,1.0,54.0
2487.1859137101465,88.0,10.0,1.0,3.0,1.0,54.0
2487.1865955283283,88.0,10.0,1.0,3.0,1.0,54.0
2487.4865955283285,88.0,10.0,1.0,3.0,1.0,54.0
2487.4872773465104,88.0,10.0,1.0,3.0,1.0,54.0
2487.7872773465106,88.0,10.0,1.0,3.0,1.0,54.0
2487.7879591646924,88.0,10.0,1.0,3.0,1.0,54.0
2488.0879591646926,88.0,10.0,1.0,3.0,1.0,54.0
2488.0886409828745,88.0,10.0,1.0,3.0,1.0,54.0
2488.3886409828747,88.0,10.0,1.0,3.0,1.0,54.0
2488.3893228010566,88.0,10.0,1.0,3.0,1.0,54.0
2488.6893228010567,88.0,10.0,1.0,3.0,1.0,54.0
2488.6900046192386,88.0,10.0,1.0,3.0,1.0,54.0
2488.990004619239,88.0,10.0,1.0,3.0,1.0,54.0
2488.9906864374207,88.0,10.0,1.0,3.0,1.0,54.0
2489.290686437421,88.0,10.0,1.0,3.0,1.0,54.0
2489.2913682556027,88.0,10.0,1.0,3.0,1.0,54.0
2489.591368255603,88.0,10.0,1.0,3.0,1.0,54.0
2489.592050073785,88.0,10.0,1.0,3.0,1.0,54.0
2489.892050073785,88.0,10.0,1.0,3.0,1.0,54.0
2489.892731891967,88.0,10.0,1.0,3.0,1.0,54.0
2490.192731891967,88.0,10.0,1.0,3.0,1.0,54.0
2490.193413710149,88.0,10.0,1.0,3.0,1.0,54.0
2490.493413710149,88.0,10.0,1.0,3.0,1.0,54.0
2490.494095528331,88.0,10.0,1.0,3.0,1.0,54.0
2490.794095528331,88.0,10.0,1.0,3.0,1.0,54.0
2490.794777346513,88.0,10.0,1.0,3.0,1.0,54.0
2491.094777346513,88.0,10.0,1.0,3.0,1.0,54.0
2491.095459164695,88.0,10.0,1.0,3.0,1.0,54.0
2491.3954591646952,88.0,10.0,1.0,3.0,1.0,54.0
2491.396140982877,88.0,10.0,1.0,3.0,1.0,54.0
2491.6961409828773,88.0,10.0,1.0,3.0,1.0,54.0
2491.696822801059,88.0,10.0,1.0,3.0,1.0,54.0
2491.9968228010594,88.0,10.0,1.0,3.0,1.0,54.0
2491.997504619241,88.0,10.0,1.0,3.0,1.0,54.0
2492.2975046192414,88.0,10.0,1.0,3.0,1.0,54.0
2492.2981864374233,88.0,10.0,1.0,3.0,1.0,54.0
2492.5981864374235,88.0,10.0,1.0,3.0,1.0,54.0
2492.5988682556053,88.0,10.0,1.0,3.0,1.0,54.0
2492.8988682556055,88.0,10.0,1.0,3.0,1.0,54.0
2492.8995500737874,88.0,10.0,1.0,3.0,1.0,54.0
2493.1995500737876,88.0,10.0,1.0,3.0,1.0,54.0
2493.2002318919695,88.0,10.0,1.0,3.0,1.0,54.0
2493.5002318919696,88.0,10.0,1.0,3.0,1.0,54.0
2493.5009137101515,88.0,10.0,1.0,3.0,1.0,54.0
2493.8009137101517,88.0,10.0,1.0,3.0,1.0,54.0
2493.8015955283336,88.0,10.0,1.0,3.0,1.0,54.0
2494.1015955283337,88.0,10.0,1.0,3.0,1.0,54.0
2494.1022773465156,88.0,10.0,1.0,3.0,1.0,54.0
2494.402277346516,88.0,10.0,1.0,3.0,1.0,54.0
2494.4029591646977,88.0,10.0,1.0,3.0,1.0,54.0
2494.702959164698,88.0,10.0,1.0,3.0,1.0,54.0
2494.7036409828797,88.0,10.0,1.0,3.0,1.0,54.0
2495.00364098288,88.0,10.0,1.0,3.0,1.0,54.0
2495.004322801062,88.0,10.0,1.0,3.0,1.0,54.0
2495.304322801062,88.0,10.0,1.0,3.0,1.0,54.0
2495.305004619244,88.0,10.0,1.0,3.0,1.0,54.0
2495.605004619244,88.0,10.0,1.0,3.0,1.0,54.0
2495.605686437426,88.0,10.0,1.0,3.0,1.0,54.0
2495.905686437426,88.0,10.0,1.0,3.0,1.0,54.0
2495.906368255608,88.0,10.0,1.0,3.0,1.0,54.0
2496.206368255608,88.0,10.0,1.0,3.0,1.0,54.0
2496.20705007379,88.0,10.0,1.0,3.0,1.0,54.0
2496.50705007379,88.0,10.0,1.0,3.0,1.0,54.0
2496.507731891972,88.0,10.0,1.0,3.0,1.0,54.0
2496.8077318919723,88.0,10.0,1.0,3.0,1.0,54.0
2496.808413710154,88.0,10.0,1.0,3.0,1.0,54.0
2497.1084137101543,88.0,10.0,1.0,3.0,1.0,54.0
2497.109095528336,88.0,10.0,1.0,3.0,1.0,54.0
2497.4090955283364,88.0,10.0,1.0,3.0,1.0,54.0
2497.4097773465182,88.0,10.0,1.0,3.0,1.0,54.0
2497.7097773465184,88.0,10.0,1.0,3.0,1.0,54.0
2497.7104591647003,88.0,10.0,1.0,3.0,1.0,54.0
2498.0104591647005,88.0,10.0,1.0,3.0,1.0,54.0
2498.0111409828824,88.0,10.0,1.0,3.0,1.0,54.0
2498.3111409828825,88.0,10.0,1.0,3.0,1.0,54.0
2498.3118228010644,88.0,10.0,1.0,3.0,1.0,54.0
2498.6118228010646,88.0,10.0,1.0,3.0,1.0,54.0
2498.6125046192465,88.0,10.0,1.0,3.0,1.0,54.0
2498.9125046192466,88.0,10.0,1.0,3.0,1.0,54.0
2498.9131864374285,88.0,10.0,1.0,3.0,1.0,54.0
2499.2131864374287,88.0,10.0,1.0,3.0,1.0,54.0
2499.2138682556106,88.0,10.0,1.0,3.0,1.0,54.0
2499.5138682556108,88.0,10.0,1.0,3.0,1.0,54.0
2499.5145500737926,88.0,10.0,1.0,3.0,1.0,54.0
2499.814550073793,88.0,10.0,1.0,3.0,1.0,54.0
2499.8152318919747,88.0,10.0,1.0,3.0,1.0,54.0
2500.115231891975,88.0,10.0,1.0,3.0,1.0,54.0
2500.1159137101567,88.0,10.0,1.0,3.0,1.0,54.0
2500.415913710157,88.0,10.0,1.0,3.0,1.0,54.0
2500.416595528339,88.0,10.0,1.0,3.0,1.0,54.0
2500.716595528339,88.0,10.0,1.0,3.0,1.0,54.0
2500.717277346521,88.0,10.0,1.0,3.0,1.0,54.0
2501.017277346521,88.0,10.0,1.0,3.0,1.0,54.0
2501.017959164703,88.0,10.0,1.0,3.0,1.0,54.0
2501.317959164703,88.0,10.0,1.0,3.0,1.0,54.0
2501.318640982885,88.0,10.0,1.0,3.0,1.0,54.0
2501.618640982885,88.0,10.0,1.0,3.0,1.0,54.0
2501.619322801067,88.0,10.0,1.0,3.0,1.0,54.0
2501.919322801067,88.0,10.0,1.0,3.0,1.0,54.0
2501.920004619249,88.0,10.0,1.0,3.0,1.0,54.0
2502.2200046192493,88.0,10.0,1.0,3.0,1.0,54.0
2502.220686437431,88.0,10.0,1.0,3.0,1.0,54.0
2502.5206864374313,88.0,10.0,1.0,3.0,1.0,54.0
2502.521368255613,88.0,10.0,1.0,3.0,0.0,54.0
2502.8213682556134,88.0,10.0,1.0,3.0,0.0,54.0
2502.8220500737953,88.0,10.0,1.0,3.0,0.0,54.0
2503.1220500737954,88.0,10.0,1.0,3.0,0.0,54.0
2503.1227318919773,88.0,10.0,1.0,3.0,0.0,54.0
2503.4227318919775,88.0,10.0,1.0,3.0,0.0,54.0
2503.4234137101594,88.0,10.0,1.0,3.0,0.0,54.0
2503.7234137101595,88.0,10.0,1.0,3.0,0.0,54.0
2503.7240955283414,88.0,10.0,1.0,3.0,0.0,54.0
2504.0240955283416,88.0,10.0,1.0,3.0,0.0,54.0
2504.0247773465235,88.0,10.0,1.0,3.0,0.0,54.0
2504.3247773465237,88.0,10.0,1.0,3.0,0.0,54.0
2504.3254591647055,88.0,10.0,1.0,3.0,0.0,54.0
2504.6254591647057,88.0,10.0,1.0,3.0,0.0,54.0
2504.6261409828876,88.0,10.0,1.0,3.0,0.0,54.0
2504.926140982888,88.0,10.0,1.0,3.0,0.0,54.0
2504.9268228010696,88.0,10.0,1.0,3.0,0.0,54.0
2505.22682280107,88.0,10.0,1.0,3.0,0.0,54.0
2505.2275046192517,88.0,10.0,1.0,3.0,0.0,54.0
2505.527504619252,88.0,10.0,1.0,3.0,0.0,54.0
2505.5281864374338,88.0,10.0,1.0,3.0,0.0,54.0
2505.828186437434,88.0,10.0,1.0,3.0,0.0,54.0
2505.828868255616,88.0,10.0,1.0,3.0,0.0,54.0
2506.128868255616,88.0,10.0,1.0,3.0,0.0,54.0
2506.129550073798,88.0,10.0,1.0,3.0,0.0,54.0
2506.429550073798,88.0,10.0,1.0,3.0,0.0,54.0
2506.43023189198,88.0,10.0,1.0,3.0,0.0,54.0
2506.73023189198,88.0,10.0,1.0,3.0,0.0,54.0
2506.730913710162,88.0,10.0,1.0,3.0,0.0,54.0
2507.030913710162,88.0,10.0,1.0,3.0,0.0,54.0
2507.031595528344,88.0,10.0,1.0,3.0,0.0,54.0
2507.331595528344,88.0,10.0,1.0,3.0,0.0,54.0
2507.332277346526,88.0,10.0,1.0,3.0,0.0,54.0
2507.6322773465263,88.0,10.0,1.0,3.0,0.0,54.0
2507.632959164708,88.0,10.0,1.0,3.0,0.0,54.0
2507.9329591647083,88.0,10.0,1.0,3.0,0.0,54.0
2507.93364098289,88.0,10.0,1.0,3.0,0.0,54.0
2508.2336409828904,88.0,10.0,1.0,3.0,0.0,54.0
2508.2343228010723,88.0,10.0,1.0,3.0,0.0,54.0
2508.5343228010724,88.0,10.0,1.0,3.0,0.0,54.0
2508.5350046192543,88.0,10.0,1.0,3.0,0.0,54.0
2508.8350046192545,88.0,10.0,1.0,3.0,0.0,54.0
2508.8356864374364,88.0,10.0,1.0,3.0,0.0,54.0
2509.1356864374366,88.0,10.0,1.0,3.0,0.0,54.0
2509.1363682556184,88.0,10.0,1.0,3.0,0.0,54.0
2509.4363682556186,88.0,10.0,1.0,3.0,0.0,54.0
2509.4370500738005,88.0,10.0,1.0,3.0,0.0,54.0
2509.7370500738007,88.0,10.0,1.0,3.0,0.0,54.0
2509.7377318919825,88.0,10.0,1.0,3.0,0.0,54.0
2510.0377318919827,88.0,10.0,1.0,3.0,0.0,54.0
2510.0384137101646,88.0,10.0,1.0,3.0,0.0,54.0
2510.338413710165,88.0,10.0,1.0,3.0,0.0,54.0
2510.3390955283467,88.0,10.0,1.0,3.0,0.0,54.0
2510.639095528347,88.0,10.0,1.0,3.0,0.0,54.0
2510.6397773465287,88.0,10.0,1.0,3.0,0.0,54.0
2510.939777346529,88.0,10.0,1.0,3.0,0.0,54.0
2510.940459164711,88.0,10.0,1.0,3.0,0.0,54.0
2511.240459164711,88.0,10.0,1.0,3.0,0.0,54.0
2511.241140982893,88.0,10.0,1.0,3.0,0.0,54.0
2511.541140982893,88.0,10.0,1.0,3.0,0.0,54.0
2511.541822801075,88.0,10.0,1.0,3.0,0.0,54.0
2511.841822801075,88.0,10.0,1.0,3.0,0.0,54.0
2511.842504619257,88.0,10.0,1.0,3.0,0.0,54.0
2512.142504619257,88.0,10.0,1.0,3.0,0.0,54.0
2512.143186437439,88.0,10.0,1.0,3.0,0.0,54.0
2512.443186437439,88.0,10.0,1.0,3.0,0.0,54.0
2512.443868255621,88.0,10.0,1.0,3.0,0.0,54.0
2512.7438682556212,88.0,10.0,1.0,3.0,0.0,54.0
2512.744550073803,88.0,10.0,1.0,3.0,0.0,54.0
2513.0445500738033,88.0,10.0,1.0,3.0,0.0,54.0
2513.045231891985,88.0,10.0,1.0,3.0,0.0,54.0
2513.3452318919853,88.0,10.0,1.0,3.0,0.0,54.0
2513.345913710167,88.0,10.0,1.0,3.0,0.0,54.0
2513.6459137101674,88.0,10.0,1.0,3.0,0.0,54.0
2513.6465955283493,88.0,10.0,1.0,3.0,0.0,54.0
2513.9465955283495,88.0,10.0,1.0,3.0,0.0,54.0
2513.9472773465313,88.0,10.0,1.0,3.0,0.0,54.0
2514.2472773465315,88.0,10.0,1.0,3.0,0.0,54.0
2514.2479591647134,88.0,10.0,1.0,3.0,0.0,54.0
2514.5479591647136,88.0,10.0,1.0,3.0,0.0,54.0
2514.5486409828954,87.0,10.0,1.0,3.0,0.0,54.0
2514.8486409828956,87.0,10.0,1.0,3.0,0.0,54.0
2514.849330638068,87.0,10.0,1.0,3.0,0.0,54.0
2515.149330638068,87.0,10.0,1.0,3.0,0.0,54.0
2515.1500202932402,87.0,10.0,1.0,3.0,0.0,54.0
2515.4500202932404,87.0,10.0,1.0,3.0,0.0,54.0
2515.4507099484126,87.0,10.0,1.0,3.0,0.0,54.0
2515.750709948413,87.0,10.0,1.0,3.0,0.0,54.0
2515.751399603585,87.0,10.0,1.0,3.0,0.0,54.0
2516.051399603585,87.0,10.0,1.0,3.0,0.0,54.0
2516.0520892587574,87.0,10.0,1.0,3.0,0.0,54.0
2516.3520892587576,87.0,10.0,1.0,3.0,0.0,54.0
2516.35277891393,87.0,10.0,1.0,3.0,0.0,54.0
2516.65277891393,87.0,10.0,1.0,3.0,0.0,54.0
2516.653468569102,87.0,10.0,1.0,3.0,0.0,54.0
2516.9534685691024,87.0,10.0,1.0,3.0,0.0,54.0
2516.9541582242746,86.0,10.0,1.0,3.0,0.0,54.0
2517.2541582242748,86.0,10.0,1.0,3.0,0.0,54.0
2517.254855898693,86.0,10.0,1.0,3.0,0.0,54.0
2517.5548558986934,86.0,10.0,1.0,3.0,0.0,54.0
2517.555553573112,86.0,10.0,1.0,3.0,0.0,54.0
2517.855553573112,86.0,10.0,1.0,3.0,0.0,54.0
2517.8562512475305,86.0,10.0,1.0,3.0,0.0,54.0
2518.1562512475307,86.0,10.0,1.0,3.0,0.0,54.0
2518.156948921949,86.0,10.0,1.0,3.0,0.0,54.0
2518.4569489219493,86.0,10.0,1.0,3.0,0.0,54.0
2518.457646596368,86.0,10.0,1.0,3.0,0.0,54.0
2518.757646596368,86.0,10.0,1.0,3.0,0.0,54.0
2518.7583442707864,86.0,10.0,1.0,3.0,0.0,54.0
2519.0583442707866,86.0,10.0,1.0,3.0,0.0,54.0
2519.059041945205,86.0,10.0,1.0,8.0,0.0,54.0
2519.3590419452053,86.0,10.0,1.0,8.0,0.0,54.0
2519.3597396196237,86.0,10.0,1.0,8.0,0.0,54.0
2519.659739619624,86.0,10.0,1.0,8.0,0.0,54.0
2519.6604372940424,86.0,10.0,1.0,8.0,0.0,54.0
2519.9604372940425,86.0,10.0,1.0,8.0,0.0,54.0
2519.961134968461,86.0,10.0,1.0,8.0,0.0,54.0
2520.261134968461,86.0,10.0,1.0,8.0,0.0,54.0
2520.2618326428797,86.0,10.0,1.0,8.0,0.0,54.0
2520.56183264288,86.0,10.0,1.0,8.0,0.0,54.0
2520.5625303172983,86.0,10.0,1.0,8.0,0.0,54.0
2520.8625303172985,86.0,10.0,1.0,8.0,0.0,54.0
2520.863227991717,86.0,10.0,1.0,8.0,0.0,54.0
2521.163227991717,86.0,10.0,1.0,8.0,0.0,54.0
2521.1639256661356,86.0,10.0,1.0,8.0,0.0,54.0
2521.4639256661358,86.0,10.0,1.0,8.0,0.0,54.0
2521.464623340554,86.0,10.0,1.0,8.0,0.0,54.0
2521.7646233405544,86.0,10.0,1.0,8.0,0.0,54.0
2521.765321014973,86.0,10.0,1.0,8.0,0.0,54.0
2522.065321014973,86.0,10.0,1.0,8.0,0.0,54.0
2522.0660186893915,86.0,10.0,1.0,8.0,0.0,54.0
2522.3660186893917,86.0,10.0,1.0,8.0,0.0,54.0
2522.36671636381,86.0,10.0,1.0,8.0,0.0,54.0
2522.6667163638103,86.0,10.0,1.0,8.0,0.0,54.0
2522.667414038229,86.0,10.0,1.0,8.0,0.0,54.0
2522.967414038229,86.0,10.0,1.0,8.0,0.0,54.0
2522.9681117126474,86.0,10.0,1.0,8.0,0.0,54.0
2523.2681117126476,86.0,10.0,1.0,8.0,0.0,54.0
2523.268809387066,86.0,10.0,1.0,8.0,0.0,54.0
2523.5688093870663,86.0,10.0,1.0,8.0,0.0,54.0
2523.5695070614847,86.0,10.0,1.0,8.0,0.0,54.0
2523.869507061485,86.0,10.0,1.0,8.0,0.0,54.0
2523.8702047359034,86.0,10.0,1.0,8.0,0.0,54.0
2524.1702047359036,86.0,10.0,1.0,8.0,0.0,54.0
2524.170902410322,86.0,10.0,1.0,8.0,0.0,54.0
2524.470902410322,86.0,10.0,1.0,8.0,0.0,54.0
2524.4716000847407,86.0,10.0,1.0,8.0,0.0,54.0
2524.771600084741,86.0,10.0,1.0,8.0,0.0,54.0
2524.7722977591593,86.0,10.0,1.0,8.0,0.0,54.0
2525.0722977591595,86.0,10.0,1.0,8.0,0.0,54.0
2525.072995433578,86.0,10.0,1.0,8.0,0.0,54.0
2525.372995433578,86.0,10.0,1.0,8.0,0.0,54.0
2525.3736931079966,86.0,10.0,1.0,8.0,0.0,54.0
2525.6736931079968,86.0,10.0,1.0,8.0,0.0,54.0
2525.6743907824152,86.0,10.0,1.0,8.0,0.0,54.0
2525.9743907824154,86.0,10.0,1.0,8.0,0.0,54.0
2525.975088456834,86.0,10.0,1.0,8.0,0.0,54.0
2526.275088456834,86.0,10.0,1.0,8.0,0.0,54.0
2526.2757861312525,86.0,10.0,1.0,8.0,0.0,54.0
2526.5757861312527,86.0,10.0,1.0,8.0,0.0,54.0
2526.576483805671,86.0,10.0,1.0,8.0,0.0,54.0
2526.8764838056713,86.0,10.0,1.0,8.0,0.0,54.0
2526.87718148009,86.0,10.0,1.0,8.0,0.0,54.0
2527.17718148009,86.0,10.0,1.0,8.0,0.0,54.0
2527.1778791545084,86.0,10.0,1.0,8.0,0.0,54.0
2527.4778791545086,86.0,10.0,1.0,8.0,0.0,54.0
2527.478576828927,86.0,10.0,1.0,8.0,0.0,54.0
2527.7785768289273,86.0,10.0,1.0,8.0,0.0,54.0
2527.7792745033457,86.0,10.0,1.0,8.0,0.0,54.0
2528.079274503346,86.0,10.0,1.0,8.0,0.0,54.0
2528.0799721777644,86.0,10.0,1.0,8.0,0.0,54.0
2528.3799721777646,86.0,10.0,1.0,8.0,0.0,54.0
2528.380669852183,86.0,10.0,1.0,6.0,0.0,55.0
2528.680669852183,86.0,10.0,1.0,6.0,0.0,55.0
2528.6813675266017,86.0,10.0,1.0,6.0,0.0,55.0
2528.981367526602,86.0,10.0,1.0,6.0,0.0,55.0
2528.9820652010203,86.0,10.0,1.0,6.0,0.0,55.0
2529.2820652010205,86.0,10.0,1.0,6.0,0.0,55.0
2529.282762875439,86.0,10.0,1.0,6.0,0.0,55.0
2529.582762875439,86.0,10.0,1.0,6.0,0.0,55.0
2529.5834605498576,86.0,10.0,1.0,6.0,0.0,55.0
2529.883460549858,86.0,10.0,1.0,6.0,0.0,55.0
2529.8841582242762,86.0,10.0,1.0,6.0,0.0,55.0
2530.1841582242764,86.0,10.0,1.0,6.0,0.0,55.0
2530.184855898695,86.0,10.0,1.0,6.0,0.0,55.0
2530.484855898695,86.0,10.0,1.0,6.0,0.0,55.0
2530.4855535731135,86.0,10.0,1.0,6.0,0.0,55.0
2530.7855535731137,86.0,10.0,1.0,6.0,0.0,55.0
2530.786251247532,86.0,10.0,1.0,6.0,0.0,55.0
2531.0862512475323,86.0,10.0,1.0,6.0,0.0,55.0
2531.086948921951,86.0,10.0,1.0,6.0,0.0,55.0
2531.386948921951,86.0,10.0,1.0,6.0,0.0,55.0
2531.3876465963694,86.0,10.0,1.0,6.0,0.0,55.0
2531.6876465963696,86.0,10.0,1.0,6.0,0.0,55.0
2531.688344270788,86.0,10.0,1.0,6.0,0.0,55.0
2531.9883442707883,86.0,10.0,1.0,6.0,0.0,55.0
2531.9890419452067,86.0,10.0,1.0,6.0,0.0,55.0
2532.289041945207,86.0,10.0,1.0,6.0,0.0,55.0
2532.2897396196254,86.0,10.0,1.0,6.0,0.0,55.0
2532.5897396196256,86.0,10.0,1.0,6.0,0.0,55.0
2532.590437294044,86.0,10.0,1.0,6.0,0.0,55.0
2532.890437294044,86.0,10.0,1.0,6.0,0.0,55.0
2532.8911349684627,86.0,10.0,1.0,6.0,0.0,55.0
2533.191134968463,86.0,10.0,1.0,6.0,0.0,55.0
2533.1918326428813,86.0,10.0,1.0,6.0,0.0,55.0
2533.4918326428815,86.0,10.0,1.0,6.0,0.0,55.0
2533.4925303173,86.0,10.0,1.0,6.0,0.0,55.0
2533.7925303173,86.0,10.0,1.0,6.0,0.0,55.0
2533.7932279917186,86.0,10.0,1.0,6.0,0.0,55.0
2534.093227991719,86.0,10.0,1.0,6.0,0.0,55.0
2534.0939256661372,86.0,10.0,1.0,6.0,0.0,55.0
2534.3939256661374,86.0,10.0,1.0,6.0,0.0,55.0
2534.394623340556,86.0,10.0,1.0,6.0,0.0,55.0
2534.694623340556,86.0,10.0,1.0,6.0,0.0,55.0
2534.6953210149745,86.0,10.0,1.0,6.0,0.0,55.0
2534.9953210149747,86.0,10.0,1.0,6.0,0.0,55.0
2534.996018689393,86.0,10.0,1.0,6.0,0.0,55.0
2535.2960186893933,86.0,10.0,1.0,6.0,0.0,55.0
2535.296716363812,86.0,10.0,1.0,6.0,0.0,55.0
2535.596716363812,86.0,10.0,1.0,6.0,0.0,55.0
2535.5974140382305,86.0,10.0,1.0,6.0,0.0,55.0
2535.8974140382306,86.0,10.0,1.0,6.0,0.0,55.0
2535.898111712649,86.0,10.0,1.0,6.0,0.0,55.0
2536.1981117126493,86.0,10.0,1.0,6.0,0.0,55.0
2536.1988093870677,86.0,10.0,1.0,6.0,0.0,55.0
2536.498809387068,86.0,10.0,1.0,6.0,0.0,55.0
2536.4995070614864,86.0,10.0,1.0,6.0,0.0,55.0
2536.7995070614866,86.0,10.0,1.0,6.0,0.0,55.0
2536.800204735905,86.0,10.0,1.0,6.0,0.0,55.0
2537.100204735905,86.0,10.0,1.0,6.0,0.0,55.0
2537.1009024103237,86.0,10.0,1.0,6.0,0.0,55.0
2537.400902410324,86.0,10.0,1.0,6.0,0.0,55.0
2537.4016000847423,85.0,10.0,1.0,6.0,0.0,55.0
2537.7016000847425,85.0,10.0,1.0,6.0,0.0,55.0
2537.7023059670955,85.0,10.0,1.0,6.0,0.0,55.0
2538.0023059670957,85.0,10.0,1.0,6.0,0.0,55.0
2538.0030118494487,85.0,10.0,1.0,6.0,0.0,55.0
2538.303011849449,85.0,10.0,1.0,6.0,0.0,55.0
2538.303717731802,85.0,10.0,1.0,6.0,0.0,55.0
2538.603717731802,85.0,10.0,1.0,6.0,0.0,55.0
2538.604423614155,85.0,10.0,1.0,6.0,0.0,55.0
2538.9044236141553,85.0,10.0,1.0,6.0,0.0,55.0
2538.9051294965084,85.0,10.0,1.0,6.0,0.0,55.0
2539.2051294965086,85.0,10.0,1.0,6.0,0.0,55.0
2539.2058353788616,85.0,10.0,1.0,6.0,0.0,55.0
2539.505835378862,85.0,10.0,1.0,6.0,0.0,55.0
2539.506541261215,85.0,10.0,1.0,6.0,0.0,55.0
2539.806541261215,85.0,10.0,1.0,6.0,0.0,55.0
2539.807247143568,85.0,10.0,1.0,6.0,0.0,55.0
2540.107247143568,85.0,10.0,1.0,6.0,0.0,55.0
2540.1079530259212,85.0,10.0,1.0,6.0,0.0,55.0
2540.4079530259214,85.0,10.0,1.0,6.0,0.0,55.0
2540.4086589082744,85.0,10.0,1.0,6.0,0.0,55.0
2540.7086589082746,85.0,10.0,1.0,6.0,0.0,55.0
2540.7093647906277,85.0,10.0,1.0,6.0,0.0,55.0
2541.009364790628,85.0,10.0,1.0,6.0,0.0,55.0
2541.010070672981,85.0,10.0,1.0,6.0,0.0,55.0
2541.310070672981,85.0,10.0,1.0,6.0,0.0,55.0
2541.310776555334,85.0,10.0,1.0,6.0,0.0,55.0
2541.6107765553343,85.0,10.0,1.0,6.0,0.0,55.0
2541.6114824376873,85.0,10.0,1.0,6.0,0.0,55.0
2541.9114824376875,85.0,10.0,1.0,6.0,0.0,55.0
2541.9121883200405,85.0,10.0,1.0,6.0,0.0,55.0
2542.2121883200407,85.0,10.0,1.0,6.0,0.0,55.0
2542.2128942023937,85.0,10.0,1.0,6.0,0.0,55.0
2542.512894202394,85.0,10.0,1.0,6.0,0.0,55.0
2542.513600084747,85.0,10.0,1.0,6.0,0.0,55.0
2542.813600084747,85.0,10.0,1.0,6.0,0.0,55.0
2542.8143059671,85.0,10.0,1.0,6.0,0.0,55.0
2543.1143059671003,85.0,10.0,1.0,6.0,0.0,55.0
2543.1150118494534,85.0,10.0,1.0,6.0,0.0,55.0
2543.4150118494535,85.0,10.0,1.0,6.0,0.0,55.0
2543.4157177318066,85.0,10.0,1.0,6.0,0.0,55.0
2543.7157177318068,85.0,10.0,1.0,6.0,0.0,55.0
2543.71642361416,85.0,10.0,1.0,6.0,0.0,55.0
2544.01642361416,85.0,10.0,1.0,6.0,0.0,55.0
2544.017129496513,85.0,10.0,1.0,6.0,0.0,55.0
2544.317129496513,85.0,10.0,1.0,6.0,0.0,55.0
2544.317835378866,85.0,10.0,1.0,6.0,0.0,55.0
2544.6178353788664,85.0,10.0,1.0,6.0,0.0,55.0
2544.6185412612194,85.0,10.0,1.0,6.0,0.0,55.0
2544.9185412612196,85.0,10.0,1.0,6.0,0.0,55.0
2544.9192471435726,85.0,10.0,1.0,6.0,0.0,55.0
2545.219247143573,85.0,10.0,1.0,6.0,0.0,55.0
2545.219953025926,86.0,10.0,1.0,6.0,0.0,55.0
2545.519953025926,86.0,10.0,1.0,6.0,0.0,55.0
2545.5206507003445,86.0,10.0,1.0,6.0,0.0,55.0
2545.8206507003447,86.0,10.0,1.0,6.0,0.0,55.0
2545.821348374763,86.0,10.0,1.0,6.0,0.0,55.0
2546.1213483747633,86.0,10.0,1.0,6.0,0.0,55.0
2546.122046049182,86.0,10.0,1.0,6.0,0.0,55.0
2546.422046049182,86.0,10.0,1.0,6.0,0.0,55.0
2546.4227437236004,86.0,10.0,1.0,6.0,0.0,55.0
2546.7227437236006,86.0,10.0,1.0,6.0,0.0,55.0
2546.723441398019,86.0,10.0,1.0,6.0,0.0,55.0
2547.0234413980193,86.0,10.0,1.0,6.0,0.0,55.0
2547.0241390724377,86.0,10.0,1.0,6.0,0.0,55.0
2547.324139072438,86.0,10.0,1.0,6.0,0.0,55.0
2547.3248367468564,86.0,10.0,1.0,6.0,0.0,55.0
2547.6248367468565,86.0,10.0,1.0,6.0,0.0,55.0
2547.625534421275,86.0,10.0,1.0,6.0,0.0,55.0
2547.925534421275,86.0,10.0,1.0,6.0,0.0,55.0
2547.9262320956936,86.0,10.0,1.0,6.0,0.0,55.0
2548.226232095694,86.0,10.0,1.0,6.0,0.0,55.0
2548.2269297701123,86.0,10.0,1.0,6.0,0.0,55.0
2548.5269297701125,86.0,10.0,1.0,6.0,0.0,55.0
2548.527627444531,86.0,10.0,1.0,6.0,0.0,55.0
2548.827627444531,86.0,10.0,1.0,6.0,0.0,55.0
2548.8283251189496,86.0,10.0,1.0,6.0,0.0,55.0
2549.1283251189498,86.0,10.0,1.0,6.0,0.0,55.0
2549.129022793368,86.0,10.0,1.0,6.0,0.0,55.0
2549.4290227933684,86.0,10.0,1.0,6.0,0.0,55.0
2549.429720467787,86.0,10.0,1.0,6.0,0.0,55.0
2549.729720467787,86.0,10.0,1.0,6.0,0.0,55.0
2549.7304181422055,86.0,10.0,1.0,6.0,0.0,55.0
2550.0304181422057,86.0,10.0,1.0,6.0,0.0,55.0
2550.031115816624,86.0,10.0,1.0,6.0,0.0,55.0
2550.3311158166243,86.0,10.0,1.0,6.0,0.0,55.0
2550.331813491043,86.0,10.0,1.0,6.0,0.0,55.0
2550.631813491043,86.0,10.0,1.0,6.0,0.0,55.0
2550.6325111654614,86.0,10.0,1.0,6.0,0.0,55.0
2550.9325111654616,86.0,10.0,1.0,6.0,0.0,55.0
2550.93320883988,86.0,10.0,1.0,6.0,0.0,55.0
2551.2332088398803,86.0,10.0,1.0,6.0,0.0,55.0
2551.2339065142987,86.0,10.0,1.0,6.0,0.0,55.0
2551.533906514299,86.0,10.0,1.0,6.0,0.0,55.0
2551.5346041887174,86.0,10.0,1.0,6.0,0.0,55.0
2551.8346041887175,86.0,10.0,1.0,6.0,0.0,55.0
2551.835301863136,86.0,10.0,1.0,6.0,0.0,55.0
2552.135301863136,86.0,10.0,1.0,6.0,0.0,55.0
2552.1359995375547,86.0,10.0,1.0,6.0,0.0,55.0
2552.435999537555,86.0,10.0,1.0,6.0,0.0,55.0
2552.4366972119733,86.0,10.0,1.0,6.0,0.0,55.0
2552.7366972119735,86.0,10.0,1.0,6.0,0.0,55.0
2552.737394886392,86.0,10.0,1.0,6.0,0.0,55.0
2553.037394886392,86.0,10.0,1.0,6.0,0.0,55.0
2553.0380925608106,86.0,10.0,1.0,6.0,0.0,55.0
2553.3380925608108,86.0,10.0,1.0,6.0,0.0,55.0
2553.338790235229,86.0,10.0,1.0,6.0,0.0,55.0
2553.6387902352294,86.0,10.0,1.0,6.0,0.0,55.0
2553.639487909648,86.0,10.0,1.0,6.0,0.0,55.0
2553.939487909648,86.0,10.0,1.0,6.0,0.0,55.0
2553.9401855840665,85.0,10.0,1.0,6.0,0.0,55.0
2554.2401855840667,85.0,10.0,1.0,6.0,0.0,55.0
2554.2408914664197,85.0,10.0,1.0,6.0,0.0,55.0
2554.54089146642,85.0,10.0,1.0,6.0,0.0,55.0
2554.541597348773,85.0,10.0,1.0,6.0,0.0,55.0
2554.841597348773,85.0,10.0,1.0,6.0,0.0,55.0
2554.842303231126,85.0,10.0,1.0,6.0,0.0,55.0
2555.1423032311263,85.0,10.0,1.0,6.0,0.0,55.0
2555.1430091134794,85.0,10.0,1.0,6.0,0.0,55.0
2555.4430091134795,85.0,10.0,1.0,6.0,0.0,55.0
2555.4437149958326,85.0,10.0,1.0,6.0,0.0,55.0
2555.7437149958328,85.0,10.0,1.0,6.0,0.0,55.0
2555.744420878186,85.0,10.0,1.0,6.0,0.0,55.0
2556.044420878186,85.0,10.0,1.0,6.0,0.0,55.0
2556.045126760539,85.0,10.0,1.0,6.0,0.0,55.0
2556.345126760539,85.0,10.0,1.0,6.0,0.0,55.0
2556.345832642892,85.0,10.0,1.0,6.0,0.0,55.0
2556.6458326428924,85.0,10.0,1.0,6.0,0.0,55.0
2556.6465385252454,85.0,10.0,1.0,6.0,0.0,55.0
2556.9465385252456,85.0,10.0,1.0,6.0,0.0,55.0
2556.9472444075986,85.0,10.0,1.0,6.0,0.0,55.0
2557.247244407599,85.0,10.0,1.0,6.0,0.0,55.0
2557.247950289952,85.0,10.0,1.0,6.0,0.0,55.0
2557.547950289952,85.0,10.0,1.0,6.0,0.0,55.0
2557.548656172305,85.0,10.0,1.0,6.0,0.0,55.0
2557.8486561723053,85.0,10.0,1.0,6.0,0.0,55.0
2557.8493620546583,85.0,10.0,1.0,6.0,0.0,55.0
2558.1493620546585,85.0,10.0,1.0,6.0,0.0,55.0
2558.1500679370115,85.0,10.0,1.0,6.0,0.0,55.0
2558.4500679370117,85.0,10.0,1.0,6.0,0.0,55.0
2558.4507738193647,85.0,10.0,1.0,6.0,0.0,55.0
2558.750773819365,85.0,10.0,1.0,6.0,0.0,55.0
2558.751479701718,85.0,10.0,1.0,6.0,0.0,55.0
2559.051479701718,85.0,10.0,1.0,6.0,0.0,55.0
2559.052185584071,85.0,10.0,1.0,6.0,0.0,55.0
2559.3521855840713,85.0,10.0,1.0,6.0,0.0,55.0
2559.3528914664244,85.0,10.0,1.0,6.0,0.0,55.0
2559.6528914664245,85.0,10.0,1.0,6.0,0.0,55.0
2559.6535973487776,85.0,10.0,1.0,4.0,0.0,56.0
2559.9535973487777,85.0,10.0,1.0,4.0,0.0,56.0
2559.954303231131,85.0,10.0,1.0,4.0,0.0,56.0
2560.254303231131,85.0,10.0,1.0,4.0,0.0,56.0
2560.255009113484,85.0,10.0,1.0,4.0,0.0,56.0
2560.555009113484,85.0,10.0,1.0,4.0,0.0,56.0
2560.555714995837,86.0,10.0,1.0,4.0,0.0,56.0
2560.8557149958374,86.0,10.0,1.0,4.0,0.0,56.0
2560.856412670256,86.0,10.0,1.0,4.0,0.0,56.0
2561.156412670256,86.0,10.0,1.0,4.0,0.0,56.0
2561.1571103446745,86.0,10.0,1.0,4.0,0.0,56.0
2561.4571103446747,86.0,10.0,1.0,4.0,0.0,56.0
2561.457808019093,86.0,10.0,1.0,4.0,0.0,56.0
2561.7578080190933,86.0,10.0,1.0,4.0,0.0,56.0
2561.758505693512,86.0,10.0,1.0,4.0,0.0,56.0
2562.058505693512,86.0,10.0,1.0,4.0,0.0,56.0
2562.0592033679304,86.0,10.0,1.0,4.0,0.0,56.0
2562.3592033679306,86.0,10.0,1.0,4.0,0.0,56.0
2562.359901042349,86.0,10.0,1.0,4.0,0.0,56.0
2562.6599010423492,86.0,10.0,1.0,4.0,0.0,56.0
2562.6605987167677,86.0,10.0,1.0,4.0,0.0,56.0
2562.960598716768,86.0,10.0,1.0,4.0,0.0,56.0
2562.9612963911864,86.0,10.0,1.0,4.0,0.0,56.0
2563.2612963911865,86.0,10.0,1.0,4.0,0.0,56.0
2563.261994065605,86.0,10.0,1.0,4.0,0.0,56.0
2563.561994065605,86.0,10.0,1.0,4.0,0.0,56.0
2563.5626917400236,86.0,10.0,1.0,4.0,0.0,56.0
2563.862691740024,86.0,10.0,1.0,4.0,0.0,56.0
2563.8633894144423,85.0,10.0,1.0,4.0,0.0,56.0
2564.1633894144425,85.0,10.0,1.0,4.0,0.0,56.0
2564.1640952967955,85.0,10.0,1.0,4.0,0.0,56.0
2564.4640952967957,85.0,10.0,1.0,4.0,0.0,56.0
2564.4648011791487,85.0,10.0,1.0,4.0,0.0,56.0
2564.764801179149,85.0,10.0,1.0,4.0,0.0,56.0
2564.765507061502,85.0,10.0,1.0,4.0,0.0,56.0
2565.065507061502,85.0,10.0,1.0,4.0,0.0,56.0
2565.066212943855,85.0,10.0,1.0,4.0,0.0,56.0
2565.3662129438553,85.0,10.0,1.0,4.0,0.0,56.0
2565.3669188262083,85.0,10.0,1.0,4.0,0.0,56.0
2565.6669188262085,85.0,10.0,1.0,4.0,0.0,56.0
2565.6676247085616,86.0,10.0,1.0,4.0,0.0,56.0
2565.9676247085617,86.0,10.0,1.0,4.0,0.0,56.0
2565.96832238298,86.0,10.0,1.0,4.0,0.0,56.0
2566.2683223829804,86.0,10.0,1.0,4.0,0.0,56.0
2566.269020057399,86.0,10.0,1.0,4.0,0.0,56.0
2566.569020057399,86.0,10.0,1.0,4.0,0.0,56.0
2566.5697177318175,86.0,10.0,1.0,4.0,0.0,56.0
2566.8697177318177,86.0,10.0,1.0,4.0,0.0,56.0
2566.870415406236,86.0,10.0,1.0,4.0,0.0,56.0
2567.1704154062363,86.0,10.0,1.0,4.0,0.0,56.0
2567.171113080655,86.0,10.0,1.0,4.0,0.0,56.0
2567.471113080655,86.0,10.0,1.0,4.0,0.0,56.0
2567.4718107550734,86.0,10.0,1.0,4.0,0.0,56.0
2567.7718107550736,86.0,10.0,1.0,4.0,0.0,56.0
2567.772508429492,86.0,10.0,1.0,4.0,0.0,56.0
2568.0725084294922,86.0,10.0,1.0,4.0,0.0,56.0
2568.0732061039107,86.0,10.0,1.0,4.0,0.0,56.0
2568.373206103911,86.0,10.0,1.0,4.0,0.0,56.0
2568.3739037783293,86.0,10.0,1.0,4.0,0.0,56.0
2568.6739037783295,86.0,10.0,1.0,4.0,0.0,56.0
2568.674601452748,86.0,10.0,1.0,4.0,0.0,56.0
2568.974601452748,86.0,10.0,1.0,4.0,0.0,56.0
2568.9752991271666,86.0,10.0,1.0,4.0,0.0,56.0
2569.275299127167,86.0,10.0,1.0,4.0,0.0,56.0
2569.2759968015853,86.0,10.0,1.0,4.0,0.0,56.0
2569.5759968015855,86.0,10.0,1.0,4.0,0.0,56.0
2569.576694476004,86.0,10.0,1.0,4.0,0.0,56.0
2569.876694476004,86.0,10.0,1.0,4.0,0.0,56.0
2569.8773921504226,86.0,10.0,1.0,4.0,0.0,56.0
2570.1773921504227,86.0,10.0,1.0,4.0,0.0,56.0
2570.178089824841,86.0,10.0,1.0,4.0,0.0,56.0
2570.4780898248414,86.0,10.0,1.0,4.0,0.0,56.0
2570.47878749926,86.0,10.0,1.0,4.0,0.0,56.0
2570.77878749926,86.0,10.0,1.0,4.0,0.0,56.0
2570.7794851736785,86.0,10.0,1.0,4.0,0.0,56.0
2571.0794851736787,86.0,10.0,1.0,4.0,0.0,56.0
2571.080182848097,86.0,10.0,1.0,4.0,0.0,56.0
2571.3801828480973,86.0,10.0,1.0,4.0,0.0,56.0
2571.380880522516,86.0,10.0,1.0,4.0,0.0,56.0
2571.680880522516,86.0,10.0,1.0,4.0,0.0,56.0
2571.6815781969344,86.0,10.0,1.0,4.0,0.0,56.0
2571.9815781969346,86.0,10.0,1.0,4.0,0.0,56.0
2571.982275871353,86.0,10.0,1.0,4.0,0.0,56.0
2572.2822758713532,86.0,10.0,1.0,4.0,0.0,56.0
2572.2829735457717,86.0,10.0,1.0,2.0,0.0,57.0
2572.582973545772,86.0,10.0,1.0,2.0,0.0,57.0
2572.5836712201904,86.0,10.0,1.0,2.0,0.0,57.0
2572.8836712201905,86.0,10.0,1.0,2.0,0.0,57.0
2572.884368894609,86.0,10.0,1.0,2.0,0.0,57.0
2573.184368894609,86.0,10.0,1.0,2.0,0.0,57.0
2573.1850665690276,86.0,10.0,1.0,2.0,0.0,57.0
2573.485066569028,86.0,10.0,1.0,2.0,0.0,57.0
2573.4857642434463,86.0,10.0,1.0,2.0,0.0,57.0
2573.7857642434465,86.0,10.0,1.0,2.0,0.0,57.0
2573.786461917865,86.0,10.0,1.0,2.0,0.0,57.0
2574.086461917865,86.0,10.0,1.0,2.0,0.0,57.0
2574.0871595922836,86.0,10.0,1.0,2.0,0.0,57.0
2574.3871595922838,86.0,10.0,1.0,2.0,0.0,57.0
2574.387857266702,86.0,10.0,1.0,2.0,0.0,57.0
2574.6878572667024,86.0,10.0,1.0,2.0,0.0,57.0
2574.688554941121,86.0,10.0,1.0,2.0,0.0,57.0
2574.988554941121,86.0,10.0,1.0,2.0,0.0,57.0
2574.9892526155395,86.0,10.0,1.0,2.0,0.0,57.0
2575.2892526155397,86.0,10.0,1.0,2.0,0.0,57.0
2575.289950289958,86.0,10.0,1.0,2.0,0.0,57.0
2575.5899502899583,86.0,10.0,1.0,2.0,0.0,57.0
2575.590647964377,86.0,10.0,1.0,2.0,0.0,57.0
2575.890647964377,86.0,10.0,1.0,2.0,0.0,57.0
2575.8913456387954,86.0,10.0,1.0,2.0,0.0,57.0
2576.1913456387956,86.0,10.0,1.0,2.0,0.0,57.0
2576.192043313214,86.0,10.0,1.0,2.0,0.0,57.0
2576.4920433132143,86.0,10.0,1.0,2.0,0.0,57.0
2576.4927409876327,86.0,10.0,1.0,2.0,0.0,57.0
2576.792740987633,86.0,10.0,1.0,2.0,0.0,57.0
2576.7934386620514,86.0,10.0,1.0,2.0,0.0,57.0
2577.0934386620515,86.0,10.0,1.0,2.0,0.0,57.0
2577.09413633647,87.0,10.0,1.0,2.0,0.0,57.0
2577.39413633647,87.0,10.0,1.0,2.0,0.0,57.0
2577.3948259916424,87.0,10.0,1.0,2.0,0.0,57.0
2577.6948259916426,87.0,10.0,1.0,2.0,0.0,57.0
2577.695515646815,87.0,10.0,1.0,2.0,0.0,57.0
2577.995515646815,87.0,10.0,1.0,2.0,0.0,57.0
2577.996205301987,87.0,10.0,1.0,2.0,0.0,57.0
2578.2962053019874,87.0,10.0,1.0,2.0,0.0,57.0
2578.2968949571596,87.0,10.0,1.0,2.0,0.0,57.0
2578.5968949571597,87.0,10.0,1.0,2.0,0.0,57.0
2578.597584612332,87.0,10.0,1.0,2.0,0.0,57.0
2578.897584612332,87.0,10.0,1.0,2.0,0.0,57.0
2578.8982742675043,87.0,10.0,1.0,2.0,0.0,57.0
2579.1982742675045,87.0,10.0,1.0,2.0,0.0,57.0
2579.1989639226767,87.0,10.0,1.0,2.0,0.0,57.0
2579.498963922677,87.0,10.0,1.0,2.0,0.0,57.0
2579.499653577849,87.0,10.0,1.0,2.0,0.0,57.0
2579.7996535778493,87.0,10.0,1.0,2.0,0.0,57.0
2579.8003432330215,87.0,10.0,1.0,2.0,0.0,57.0
2580.1003432330217,87.0,10.0,1.0,2.0,0.0,57.0
2580.101032888194,87.0,10.0,1.0,2.0,0.0,57.0
2580.401032888194,87.0,10.0,1.0,2.0,0.0,57.0
2580.4017225433663,87.0,10.0,1.0,2.0,0.0,57.0
2580.7017225433665,87.0,10.0,1.0,2.0,0.0,57.0
2580.7024121985387,87.0,10.0,1.0,2.0,0.0,57.0
2581.002412198539,87.0,10.0,1.0,2.0,0.0,57.0
2581.003101853711,87.0,10.0,1.0,2.0,0.0,57.0
2581.3031018537113,87.0,10.0,1.0,2.0,0.0,57.0
2581.3037915088835,87.0,10.0,1.0,2.0,0.0,57.0
2581.6037915088837,87.0,10.0,1.0,2.0,0.0,57.0
2581.604481164056,87.0,10.0,1.0,2.0,0.0,57.0
2581.904481164056,87.0,10.0,1.0,2.0,0.0,57.0
2581.9051708192283,87.0,10.0,1.0,2.0,0.0,57.0
2582.2051708192284,87.0,10.0,1.0,2.0,0.0,57.0
2582.2058604744007,87.0,10.0,1.0,2.0,0.0,57.0
2582.505860474401,87.0,10.0,1.0,2.0,0.0,57.0
2582.506550129573,87.0,10.0,1.0,2.0,0.0,57.0
2582.806550129573,87.0,10.0,1.0,2.0,0.0,57.0
2582.8072397847454,87.0,10.0,1.0,2.0,0.0,57.0
2583.1072397847456,87.0,10.0,1.0,2.0,0.0,57.0
2583.107929439918,87.0,10.0,1.0,7.0,0.0,57.0
2583.407929439918,87.0,10.0,1.0,7.0,0.0,57.0
2583.40861909509,87.0,10.0,1.0,7.0,0.0,57.0
2583.7086190950904,87.0,10.0,1.0,7.0,0.0,57.0
2583.7093087502626,87.0,10.0,1.0,7.0,0.0,57.0
2584.009308750263,87.0,10.0,1.0,7.0,0.0,57.0
2584.009998405435,87.0,10.0,1.0,7.0,0.0,57.0
2584.309998405435,87.0,10.0,1.0,7.0,0.0,57.0
2584.3106880606074,87.0,10.0,1.0,7.0,0.0,57.0
2584.6106880606076,87.0,10.0,1.0,7.0,0.0,57.0
2584.61137771578,87.0,10.0,1.0,7.0,0.0,57.0
2584.91137771578,87.0,10.0,1.0,7.0,0.0,57.0
2584.912067370952,87.0,10.0,1.0,7.0,0.0,57.0
2585.2120673709524,87.0,10.0,1.0,7.0,0.0,57.0
2585.2127570261246,87.0,10.0,1.0,7.0,0.0,57.0
2585.5127570261247,87.0,10.0,1.0,7.0,0.0,57.0
2585.513446681297,87.0,10.0,1.0,7.0,0.0,57.0
2585.813446681297,87.0,10.0,1.0,7.0,0.0,57.0
2585.8141363364693,87.0,10.0,1.0,7.0,0.0,57.0
2586.1141363364695,87.0,10.0,1.0,7.0,0.0,57.0
2586.1148259916417,87.0,10.0,1.0,7.0,0.0,57.0
2586.414825991642,87.0,10.0,1.0,7.0,0.0,57.0
2586.415515646814,87.0,10.0,1.0,7.0,0.0,57.0
2586.7155156468143,87.0,10.0,1.0,7.0,0.0,57.0
2586.7162053019865,88.0,10.0,1.0,7.0,0.0,57.0
2587.0162053019867,88.0,10.0,1.0,7.0,0.0,57.0
2587.0168871201686,88.0,10.0,1.0,7.0,0.0,57.0
2587.3168871201688,88.0,10.0,1.0,7.0,0.0,57.0
2587.3175689383506,88.0,10.0,1.0,5.0,0.0,58.0
2587.617568938351,88.0,10.0,1.0,5.0,0.0,58.0
2587.6182507565327,88.0,10.0,1.0,5.0,0.0,58.0
2587.918250756533,88.0,10.0,1.0,5.0,0.0,58.0
2587.9189325747147,88.0,10.0,1.0,5.0,0.0,58.0
2588.218932574715,88.0,10.0,1.0,5.0,0.0,58.0
2588.219614392897,88.0,10.0,1.0,5.0,0.0,58.0
2588.519614392897,88.0,10.0,1.0,5.0,0.0,58.0
2588.520296211079,88.0,10.0,1.0,5.0,0.0,58.0
2588.820296211079,88.0,10.0,1.0,5.0,0.0,58.0
2588.820978029261,88.0,10.0,1.0,5.0,0.0,58.0
2589.120978029261,88.0,10.0,1.0,5.0,0.0,58.0
2589.121659847443,88.0,10.0,1.0,5.0,0.0,58.0
2589.421659847443,88.0,10.0,1.0,5.0,0.0,58.0
2589.422341665625,88.0,10.0,1.0,5.0,0.0,58.0
2589.722341665625,88.0,10.0,1.0,5.0,0.0,58.0
2589.723023483807,88.0,10.0,1.0,5.0,0.0,58.0
2590.0230234838073,88.0,10.0,1.0,5.0,0.0,58.0
2590.023705301989,88.0,10.0,1.0,5.0,0.0,58.0
2590.3237053019893,88.0,10.0,1.0,5.0,0.0,58.0
2590.324387120171,88.0,10.0,1.0,5.0,0.0,58.0
2590.6243871201714,88.0,10.0,1.0,5.0,0.0,58.0
2590.6250689383533,88.0,10.0,1.0,5.0,0.0,58.0
2590.9250689383534,88.0,10.0,1.0,5.0,0.0,58.0
2590.9257507565353,88.0,10.0,1.0,5.0,0.0,58.0
2591.2257507565355,88.0,10.0,1.0,5.0,0.0,58.0
2591.2264325747174,88.0,10.0,1.0,5.0,0.0,58.0
2591.5264325747175,88.0,10.0,1.0,5.0,0.0,58.0
2591.5271143928994,88.0,10.0,1.0,5.0,0.0,58.0
2591.8271143928996,88.0,10.0,1.0,5.0,0.0,58.0
2591.8277962110815,88.0,10.0,1.0,5.0,0.0,58.0
2592.1277962110817,88.0,10.0,1.0,5.0,0.0,58.0
2592.1284780292635,88.0,10.0,1.0,5.0,0.0,58.0
2592.4284780292637,88.0,10.0,1.0,5.0,0.0,58.0
2592.4291598474456,88.0,10.0,1.0,5.0,0.0,58.0
2592.7291598474458,88.0,10.0,1.0,5.0,0.0,58.0
2592.7298416656276,88.0,10.0,1.0,5.0,0.0,58.0
2593.029841665628,88.0,10.0,1.0,5.0,0.0,58.0
2593.0305234838097,88.0,10.0,1.0,5.0,0.0,58.0
2593.33052348381,88.0,10.0,1.0,5.0,0.0,58.0
2593.3312053019918,88.0,10.0,1.0,5.0,0.0,58.0
2593.631205301992,88.0,10.0,1.0,5.0,0.0,58.0
2593.631887120174,88.0,10.0,1.0,5.0,0.0,58.0
2593.931887120174,88.0,10.0,1.0,5.0,0.0,58.0
2593.932568938356,88.0,10.0,1.0,5.0,0.0,58.0
2594.232568938356,88.0,10.0,1.0,5.0,0.0,58.0
2594.233250756538,88.0,10.0,1.0,5.0,0.0,58.0
2594.533250756538,88.0,10.0,1.0,5.0,0.0,58.0
2594.53393257472,89.0,10.0,1.0,5.0,0.0,58.0
2594.83393257472,89.0,10.0,1.0,5.0,0.0,58.0
2594.8346067320235,89.0,10.0,1.0,5.0,0.0,58.0
2595.1346067320237,89.0,10.0,1.0,5.0,0.0,58.0
2595.135280889327,89.0,10.0,1.0,5.0,0.0,58.0
2595.4352808893273,89.0,10.0,1.0,5.0,0.0,58.0
2595.4359550466306,89.0,10.0,1.0,5.0,0.0,58.0
2595.735955046631,89.0,10.0,1.0,5.0,0.0,58.0
2595.736629203934,89.0,10.0,1.0,5.0,0.0,58.0
2596.0366292039344,89.0,10.0,1.0,5.0,0.0,58.0
2596.0373033612377,89.0,10.0,1.0,5.0,0.0,58.0
2596.337303361238,89.0,10.0,1.0,5.0,0.0,58.0
2596.3379775185413,89.0,10.0,1.0,5.0,0.0,58.0
2596.6379775185414,89.0,10.0,1.0,5.0,0.0,58.0
2596.638651675845,89.0,10.0,1.0,5.0,0.0,58.0
2596.938651675845,89.0,10.0,1.0,5.0,0.0,58.0
2596.9393258331484,89.0,10.0,1.0,5.0,0.0,58.0
2597.2393258331485,89.0,10.0,1.0,5.0,0.0,58.0
2597.239999990452,89.0,10.0,1.0,5.0,0.0,58.0
2597.539999990452,89.0,10.0,1.0,5.0,0.0,58.0
2597.5406741477555,89.0,10.0,1.0,5.0,0.0,58.0
2597.8406741477556,89.0,10.0,1.0,5.0,0.0,58.0
2597.841348305059,89.0,10.0,1.0,5.0,0.0,58.0
2598.141348305059,89.0,10.0,1.0,5.0,0.0,58.0
2598.1420224623625,89.0,10.0,1.0,5.0,0.0,58.0
2598.4420224623627,89.0,10.0,1.0,5.0,0.0,58.0
2598.442696619666,89.0,10.0,1.0,5.0,0.0,58.0
2598.7426966196663,89.0,10.0,1.0,5.0,0.0,58.0
2598.7433707769696,89.0,10.0,1.0,3.0,0.0,59.0
2599.04337077697,89.0,10.0,1.0,3.0,0.0,59.0
2599.044044934273,89.0,10.0,1.0,3.0,0.0,59.0
2599.3440449342734,89.0,10.0,1.0,3.0,0.0,59.0
2599.3447190915767,89.0,10.0,1.0,3.0,0.0,59.0
2599.644719091577,89.0,10.0,1.0,3.0,0.0,59.0
2599.6453932488803,89.0,10.0,1.0,3.0,0.0,59.0
2599.9453932488805,89.0,10.0,1.0,3.0,0.0,59.0
2599.946067406184,89.0,10.0,1.0,3.0,0.0,59.0
2600.246067406184,89.0,10.0,1.0,3.0,0.0,59.0
2600.2467415634874,89.0,10.0,1.0,3.0,0.0,59.0
2600.5467415634876,89.0,10.0,1.0,3.0,0.0,59.0
2600.547415720791,89.0,10.0,1.0,3.0,0.0,59.0
2600.847415720791,89.0,10.0,1.0,3.0,0.0,59.0
2600.8480898780945,89.0,10.0,1.0,3.0,0.0,59.0
2601.1480898780947,89.0,10.0,1.0,3.0,0.0,59.0
2601.148764035398,89.0,10.0,1.0,3.0,0.0,59.0
2601.448764035398,89.0,10.0,1.0,3.0,0.0,59.0
2601.4494381927016,89.0,10.0,1.0,3.0,0.0,59.0
2601.7494381927017,89.0,10.0,1.0,3.0,0.0,59.0
2601.750112350005,89.0,10.0,1.0,3.0,0.0,59.0
2602.0501123500053,89.0,10.0,1.0,3.0,0.0,59.0
2602.0507865073087,89.0,10.0,1.0,3.0,0.0,59.0
2602.350786507309,89.0,10.0,1.0,3.0,0.0,59.0
2602.351460664612,89.0,10.0,1.0,3.0,0.0,59.0
2602.6514606646124,89.0,10.0,1.0,3.0,0.0,59.0
2602.6521348219158,89.0,10.0,1.0,3.0,0.0,59.0
2602.952134821916,89.0,10.0,1.0,3.0,0.0,59.0
2602.9528089792193,89.0,10.0,1.0,3.0,0.0,59.0
2603.2528089792195,89.0,10.0,1.0,3.0,0.0,59.0
2603.253483136523,89.0,10.0,1.0,3.0,0.0,59.0
2603.553483136523,89.0,10.0,1.0,3.0,0.0,59.0
2603.5541572938264,89.0,10.0,1.0,3.0,0.0,59.0
2603.8541572938266,89.0,10.0,1.0,3.0,0.0,59.0
2603.85483145113,89.0,10.0,1.0,3.0,0.0,59.0
2604.15483145113,89.0,10.0,1.0,3.0,0.0,59.0
2604.1555056084335,89.0,10.0,1.0,3.0,0.0,59.0
2604.4555056084337,89.0,10.0,1.0,3.0,0.0,59.0
2604.456179765737,89.0,10.0,1.0,3.0,0.0,59.0
2604.756179765737,89.0,10.0,1.0,3.0,0.0,59.0
2604.7568539230406,89.0,10.0,1.0,3.0,0.0,59.0
2605.0568539230408,89.0,10.0,1.0,3.0,0.0,59.0
2605.057528080344,89.0,10.0,1.0,3.0,0.0,59.0
2605.3575280803443,89.0,10.0,1.0,3.0,0.0,59.0
2605.3582022376477,89.0,10.0,1.0,3.0,0.0,59.0
2605.658202237648,89.0,10.0,1.0,3.0,0.0,59.0
2605.658876394951,89.0,10.0,1.0,3.0,0.0,59.0
2605.9588763949514,89.0,10.0,1.0,3.0,0.0,59.0
2605.9595505522548,89.0,10.0,1.0,3.0,0.0,59.0
2606.259550552255,89.0,10.0,1.0,3.0,0.0,59.0
2606.2602247095583,89.0,10.0,1.0,3.0,0.0,59.0
2606.5602247095585,89.0,10.0,1.0,3.0,0.0,59.0
2606.560898866862,89.0,10.0,1.0,3.0,0.0,59.0
2606.860898866862,89.0,10.0,1.0,3.0,0.0,59.0
2606.8615730241654,89.0,10.0,1.0,3.0,0.0,59.0
2607.1615730241656,89.0,10.0,1.0,3.0,0.0,59.0
2607.162247181469,89.0,10.0,1.0,3.0,0.0,59.0
2607.462247181469,89.0,10.0,1.0,3.0,0.0,59.0
2607.4629213387725,89.0,10.0,1.0,3.0,0.0,59.0
2607.7629213387727,89.0,10.0,1.0,3.0,0.0,59.0
2607.763595496076,89.0,10.0,1.0,3.0,0.0,59.0
2608.0635954960762,89.0,10.0,1.0,3.0,0.0,59.0
2608.0642696533796,89.0,10.0,1.0,3.0,0.0,59.0
2608.36426965338,89.0,10.0,1.0,3.0,0.0,59.0
2608.364943810683,89.0,10.0,1.0,3.0,0.0,59.0
2608.6649438106833,89.0,10.0,1.0,3.0,0.0,59.0
2608.6656179679867,89.0,10.0,1.0,3.0,0.0,59.0
2608.965617967987,89.0,10.0,1.0,3.0,0.0,59.0
2608.9662921252902,89.0,10.0,1.0,3.0,0.0,59.0
2609.2662921252904,89.0,10.0,1.0,3.0,0.0,59.0
2609.266966282594,89.0,10.0,1.0,3.0,0.0,59.0
2609.566966282594,89.0,10.0,1.0,3.0,0.0,59.0
2609.5676404398973,89.0,10.0,1.0,3.0,0.0,59.0
2609.8676404398975,89.0,10.0,1.0,3.0,0.0,59.0
2609.868314597201,89.0,10.0,1.0,3.0,0.0,59.0
2610.168314597201,89.0,10.0,1.0,3.0,0.0,59.0
2610.1689887545044,89.0,10.0,1.0,3.0,0.0,59.0
2610.4689887545046,89.0,10.0,1.0,3.0,0.0,59.0
2610.469662911808,89.0,10.0,1.0,3.0,0.0,59.0
2610.769662911808,89.0,10.0,1.0,3.0,0.0,59.0
2610.7703370691115,89.0,10.0,1.0,3.0,0.0,59.0
2611.0703370691117,89.0,10.0,1.0,3.0,0.0,59.0
2611.071011226415,89.0,10.0,1.0,3.0,0.0,59.0
2611.3710112264152,89.0,10.0,1.0,3.0,0.0,59.0
2611.3716853837186,89.0,10.0,1.0,3.0,0.0,59.0
2611.671685383719,89.0,10.0,1.0,3.0,0.0,59.0
2611.672359541022,89.0,10.0,1.0,3.0,0.0,59.0
2611.9723595410223,89.0,10.0,1.0,3.0,0.0,59.0
2611.9730336983257,89.0,10.0,1.0,3.0,0.0,59.0
2612.273033698326,89.0,10.0,1.0,3.0,0.0,59.0
2612.2737078556293,89.0,10.0,1.0,3.0,0.0,59.0
2612.5737078556294,89.0,10.0,1.0,3.0,0.0,59.0
2612.574382012933,89.0,10.0,1.0,3.0,0.0,59.0
2612.874382012933,89.0,10.0,1.0,3.0,0.0,59.0
2612.8750561702363,89.0,10.0,1.0,3.0,0.0,59.0
2613.1750561702365,89.0,10.0,1.0,3.0,0.0,59.0
2613.17573032754,89.0,10.0,1.0,3.0,0.0,59.0
2613.47573032754,89.0,10.0,1.0,3.0,0.0,59.0
2613.4764044848434,89.0,10.0,1.0,3.0,0.0,59.0
2613.7764044848436,89.0,10.0,1.0,3.0,0.0,59.0
2613.777078642147,89.0,10.0,1.0,3.0,0.0,59.0
2614.077078642147,89.0,10.0,1.0,3.0,0.0,59.0
2614.0777527994505,89.0,10.0,1.0,3.0,0.0,59.0
2614.3777527994507,89.0,10.0,1.0,3.0,0.0,59.0
2614.378426956754,89.0,10.0,1.0,3.0,0.0,59.0
2614.6784269567543,89.0,10.0,1.0,3.0,0.0,59.0
2614.6791011140576,89.0,10.0,1.0,3.0,0.0,59.0
2614.979101114058,89.0,10.0,1.0,3.0,0.0,59.0
2614.979775271361,89.0,10.0,1.0,3.0,0.0,59.0
2615.2797752713614,89.0,10.0,1.0,3.0,0.0,59.0
2615.2804494286647,89.0,10.0,1.0,3.0,0.0,59.0
2615.580449428665,89.0,10.0,1.0,3.0,0.0,59.0
2615.5811235859683,89.0,10.0,1.0,3.0,0.0,59.0
2615.8811235859685,89.0,10.0,1.0,3.0,0.0,59.0
2615.881797743272,89.0,10.0,1.0,3.0,0.0,59.0
2616.181797743272,89.0,10.0,1.0,3.0,0.0,59.0
2616.1824719005754,89.0,10.0,1.0,3.0,0.0,59.0
2616.4824719005755,89.0,10.0,1.0,3.0,0.0,59.0
2616.483146057879,89.0,10.0,1.0,3.0,0.0,59.0
2616.783146057879,89.0,10.0,1.0,3.0,0.0,59.0
2616.7838202151825,89.0,10.0,1.0,3.0,0.0,59.0
2617.0838202151826,89.0,10.0,1.0,3.0,0.0,59.0
2617.084494372486,89.0,10.0,1.0,3.0,0.0,59.0
2617.384494372486,89.0,10.0,1.0,3.0,0.0,59.0
2617.3851685297896,89.0,10.0,1.0,3.0,0.0,59.0
2617.6851685297897,89.0,10.0,1.0,3.0,0.0,59.0
2617.685842687093,89.0,10.0,1.0,3.0,0.0,59.0
2617.9858426870933,89.0,10.0,1.0,3.0,0.0,59.0
2617.9865168443966,89.0,10.0,1.0,3.0,0.0,59.0
2618.286516844397,89.0,10.0,1.0,3.0,0.0,59.0
2618.2871910017,89.0,10.0,1.0,3.0,0.0,59.0
2618.5871910017004,89.0,10.0,1.0,3.0,0.0,59.0
2618.5878651590037,89.0,10.0,1.0,3.0,0.0,59.0
2618.887865159004,89.0,10.0,1.0,3.0,0.0,59.0
2618.8885393163073,89.0,10.0,1.0,3.0,0.0,59.0
2619.1885393163075,89.0,10.0,1.0,3.0,0.0,59.0
2619.189213473611,89.0,10.0,1.0,3.0,0.0,59.0
2619.489213473611,89.0,10.0,1.0,3.0,0.0,59.0
2619.4898876309144,89.0,10.0,1.0,3.0,0.0,59.0
2619.7898876309146,89.0,10.0,1.0,3.0,0.0,59.0
2619.790561788218,89.0,10.0,1.0,3.0,0.0,59.0
2620.090561788218,89.0,10.0,1.0,3.0,0.0,59.0
2620.0912359455215,89.0,10.0,1.0,3.0,0.0,59.0
2620.3912359455217,89.0,10.0,1.0,3.0,0.0,59.0
2620.391910102825,89.0,10.0,1.0,3.0,0.0,59.0
2620.691910102825,89.0,10.0,1.0,3.0,0.0,59.0
2620.6925842601286,89.0,10.0,1.0,3.0,0.0,59.0
2620.9925842601288,89.0,10.0,1.0,3.0,0.0,59.0
2620.993258417432,89.0,10.0,1.0,3.0,0.0,59.0
2621.2932584174323,89.0,10.0,1.0,3.0,0.0,59.0
2621.2939325747357,89.0,10.0,1.0,3.0,0.0,59.0
2621.593932574736,89.0,10.0,1.0,3.0,0.0,59.0
2621.594606732039,89.0,10.0,1.0,3.0,0.0,59.0
2621.8946067320394,89.0,10.0,1.0,3.0,0.0,59.0
2621.8952808893428,89.0,10.0,1.0,3.0,0.0,59.0
2622.195280889343,89.0,10.0,1.0,3.0,0.0,59.0
2622.1959550466463,89.0,10.0,1.0,3.0,0.0,59.0
2622.4959550466465,89.0,10.0,1.0,3.0,0.0,59.0
2622.49662920395,89.0,10.0,1.0,3.0,0.0,59.0
2622.79662920395,89.0,10.0,1.0,3.0,0.0,59.0
2622.7973033612534,89.0,10.0,1.0,3.0,0.0,59.0
2623.0973033612536,89.0,10.0,1.0,3.0,0.0,59.0
2623.097977518557,89.0,10.0,1.0,3.0,0.0,59.0
2623.397977518557,89.0,10.0,1.0,3.0,0.0,59.0
2623.3986516758605,89.0,10.0,1.0,3.0,0.0,59.0
2623.6986516758607,89.0,10.0,1.0,3.0,0.0,59.0
2623.699325833164,89.0,10.0,1.0,3.0,0.0,59.0
2623.999325833164,89.0,10.0,1.0,3.0,0.0,59.0
2623.9999999904676,89.0,10.0,1.0,3.0,0.0,59.0
2624.2999999904678,89.0,10.0,1.0,3.0,0.0,59.0
2624.300674147771,89.0,10.0,1.0,3.0,0.0,59.0
2624.6006741477713,89.0,10.0,1.0,3.0,0.0,59.0
2624.6013483050747,89.0,10.0,1.0,3.0,0.0,59.0
2624.901348305075,89.0,10.0,1.0,3.0,0.0,59.0
2624.902022462378,89.0,10.0,1.0,3.0,0.0,59.0
2625.2020224623784,89.0,10.0,1.0,3.0,0.0,59.0
2625.202696619682,89.0,10.0,1.0,3.0,0.0,59.0
2625.502696619682,89.0,10.0,1.0,3.0,0.0,59.0
2625.5033707769853,89.0,10.0,1.0,3.0,0.0,59.0
2625.8033707769855,89.0,10.0,1.0,3.0,0.0,59.0
2625.804044934289,89.0,10.0,1.0,3.0,0.0,59.0
2626.104044934289,89.0,10.0,1.0,3.0,0.0,59.0
2626.1047190915924,89.0,10.0,1.0,3.0,0.0,59.0
2626.4047190915926,89.0,10.0,1.0,3.0,0.0,59.0
2626.405393248896,89.0,10.0,1.0,3.0,0.0,59.0
2626.705393248896,89.0,10.0,1.0,3.0,0.0,59.0
2626.7060674061995,89.0,10.0,1.0,3.0,0.0,59.0
2627.0060674061997,89.0,10.0,1.0,3.0,0.0,59.0
2627.006741563503,89.0,10.0,1.0,3.0,0.0,59.0
2627.3067415635032,89.0,10.0,1.0,3.0,0.0,59.0
2627.3074157208066,89.0,10.0,1.0,3.0,0.0,59.0
2627.607415720807,89.0,10.0,1.0,3.0,0.0,59.0
2627.60808987811,89.0,10.0,1.0,3.0,0.0,59.0
2627.9080898781103,89.0,10.0,1.0,3.0,0.0,59.0
2627.9087640354137,89.0,10.0,1.0,3.0,0.0,59.0
2628.208764035414,89.0,10.0,1.0,3.0,0.0,59.0
2628.2094381927172,89.0,10.0,1.0,3.0,0.0,59.0
2628.5094381927174,89.0,10.0,1.0,3.0,0.0,59.0
2628.510112350021,89.0,10.0,1.0,3.0,0.0,59.0
2628.810112350021,89.0,10.0,1.0,3.0,0.0,59.0
2628.8107865073243,89.0,10.0,1.0,3.0,0.0,59.0
2629.1107865073245,89.0,10.0,1.0,3.0,0.0,59.0
2629.111460664628,89.0,10.0,1.0,1.0,0.0,60.0
2629.411460664628,89.0,10.0,1.0,1.0,0.0,60.0
2629.4121348219314,89.0,10.0,1.0,1.0,0.0,60.0
2629.7121348219316,89.0,10.0,1.0,1.0,0.0,60.0
2629.712808979235,89.0,10.0,1.0,1.0,0.0,60.0
2630.012808979235,89.0,10.0,1.0,1.0,0.0,60.0
2630.0134831365385,89.0,10.0,1.0,1.0,0.0,60.0
2630.3134831365387,89.0,10.0,1.0,1.0,0.0,60.0
2630.314157293842,89.0,10.0,1.0,1.0,0.0,60.0
2630.6141572938423,89.0,10.0,1.0,1.0,0.0,60.0
2630.6148314511456,89.0,10.0,1.0,1.0,0.0,60.0
2630.914831451146,89.0,10.0,1.0,1.0,0.0,60.0
2630.915505608449,89.0,10.0,1.0,1.0,0.0,60.0
2631.2155056084493,89.0,10.0,1.0,1.0,0.0,60.0
2631.2161797657527,89.0,10.0,1.0,1.0,0.0,60.0
2631.516179765753,89.0,10.0,1.0,1.0,0.0,60.0
2631.5168539230563,89.0,10.0,1.0,1.0,0.0,60.0
2631.8168539230564,89.0,10.0,1.0,1.0,0.0,60.0
2631.81752808036,89.0,10.0,1.0,1.0,0.0,60.0
2632.11752808036,89.0,10.0,1.0,1.0,0.0,60.0
2632.1182022376634,89.0,10.0,1.0,1.0,0.0,60.0
2632.4182022376635,89.0,10.0,1.0,1.0,0.0,60.0
2632.418876394967,89.0,10.0,1.0,1.0,0.0,60.0
2632.718876394967,89.0,10.0,1.0,1.0,0.0,60.0
2632.7195505522704,89.0,10.0,1.0,1.0,0.0,60.0
2633.0195505522706,89.0,10.0,1.0,1.0,0.0,60.0
2633.020224709574,89.0,10.0,1.0,1.0,0.0,60.0
2633.320224709574,89.0,10.0,1.0,1.0,0.0,60.0
2633.3208988668775,89.0,10.0,1.0,1.0,0.0,60.0
2633.6208988668777,89.0,10.0,1.0,1.0,0.0,60.0
2633.621573024181,89.0,10.0,1.0,1.0,0.0,60.0
2633.9215730241813,89.0,10.0,1.0,1.0,0.0,60.0
2633.9222471814846,89.0,10.0,1.0,1.0,0.0,60.0
2634.222247181485,89.0,10.0,1.0,1.0,0.0,60.0
2634.222921338788,89.0,10.0,1.0,1.0,0.0,60.0
2634.5229213387884,89.0,10.0,1.0,1.0,0.0,60.0
2634.5235954960917,89.0,10.0,1.0,1.0,0.0,60.0
2634.823595496092,89.0,10.0,1.0,1.0,0.0,60.0
2634.8242696533953,89.0,10.0,1.0,1.0,0.0,60.0
2635.1242696533955,89.0,10.0,1.0,1.0,0.0,60.0
2635.124943810699,90.0,10.0,1.0,1.0,0.0,60.0
2635.424943810699,90.0,10.0,1.0,1.0,0.0,60.0
2635.425610477366,90.0,10.0,1.0,1.0,0.0,60.0
2635.725610477366,90.0,10.0,1.0,1.0,0.0,60.0
2635.726277144033,90.0,10.0,1.0,1.0,0.0,60.0
2636.026277144033,90.0,10.0,1.0,1.0,0.0,60.0
2636.0269438107,90.0,10.0,1.0,1.0,0.0,60.0
2636.3269438107,90.0,10.0,1.0,1.0,0.0,60.0
2636.3276104773668,90.0,10.0,1.0,1.0,0.0,60.0
2636.627610477367,90.0,10.0,1.0,1.0,0.0,60.0
2636.6282771440337,90.0,10.0,1.0,1.0,0.0,60.0
2636.928277144034,90.0,10.0,1.0,1.0,0.0,60.0
2636.9289438107007,90.0,10.0,1.0,1.0,0.0,60.0
2637.228943810701,90.0,10.0,1.0,1.0,0.0,60.0
2637.2296104773677,90.0,10.0,1.0,1.0,0.0,60.0
2637.529610477368,90.0,10.0,1.0,1.0,0.0,60.0
2637.5302771440347,90.0,10.0,1.0,1.0,0.0,60.0
2637.830277144035,90.0,10.0,1.0,1.0,0.0,60.0
2637.8309438107017,90.0,10.0,1.0,1.0,0.0,60.0
2638.130943810702,90.0,10.0,1.0,1.0,0.0,60.0
2638.1316104773687,90.0,10.0,1.0,1.0,0.0,60.0
2638.431610477369,90.0,10.0,1.0,1.0,0.0,60.0
2638.4322771440357,90.0,10.0,1.0,1.0,0.0,60.0
2638.732277144036,90.0,10.0,1.0,1.0,0.0,60.0
2638.7329438107026,90.0,10.0,1.0,1.0,0.0,60.0
2639.032943810703,90.0,10.0,1.0,1.0,0.0,60.0
2639.0336104773696,90.0,10.0,1.0,1.0,0.0,60.0
2639.33361047737,90.0,10.0,1.0,1.0,0.0,60.0
2639.3342771440366,90.0,10.0,1.0,1.0,0.0,60.0
2639.634277144037,90.0,10.0,1.0,1.0,0.0,60.0
2639.6349438107036,90.0,10.0,1.0,1.0,0.0,60.0
2639.9349438107038,90.0,10.0,1.0,1.0,0.0,60.0
2639.9356104773706,90.0,10.0,1.0,1.0,0.0,60.0
2640.2356104773708,90.0,10.0,1.0,1.0,0.0,60.0
2640.2362771440376,90.0,10.0,1.0,1.0,0.0,60.0
2640.5362771440377,90.0,10.0,1.0,1.0,0.0,60.0
2640.5369438107045,90.0,10.0,1.0,1.0,0.0,60.0
2640.8369438107047,90.0,10.0,1.0,1.0,0.0,60.0
2640.8376104773715,90.0,10.0,1.0,1.0,0.0,60.0
2641.1376104773717,90.0,10.0,1.0,1.0,0.0,60.0
2641.1382771440385,90.0,10.0,1.0,1.0,0.0,60.0
2641.4382771440387,90.0,10.0,1.0,1.0,0.0,60.0
2641.4389438107055,90.0,10.0,1.0,1.0,0.0,60.0
2641.7389438107057,90.0,10.0,1.0,1.0,0.0,60.0
2641.7396104773725,91.0,10.0,1.0,1.0,0.0,60.0
2642.0396104773727,91.0,10.0,1.0,1.0,0.0,60.0
2642.040269818032,91.0,10.0,1.0,1.0,0.0,60.0
2642.340269818032,91.0,10.0,1.0,1.0,0.0,60.0
2642.3409291586913,91.0,10.0,1.0,1.0,0.0,60.0
2642.6409291586915,91.0,10.0,1.0,1.0,0.0,60.0
2642.6415884993507,91.0,10.0,1.0,1.0,0.0,60.0
2642.941588499351,91.0,10.0,1.0,1.0,0.0,60.0
2642.94224784001,91.0,10.0,1.0,1.0,0.0,60.0
2643.2422478400104,91.0,10.0,1.0,1.0,0.0,60.0
2643.2429071806696,91.0,10.0,1.0,1.0,0.0,60.0
2643.5429071806698,91.0,10.0,1.0,1.0,0.0,60.0
2643.543566521329,91.0,10.0,1.0,1.0,0.0,60.0
2643.843566521329,91.0,10.0,1.0,1.0,0.0,60.0
2643.8442258619884,91.0,10.0,1.0,1.0,0.0,60.0
2644.1442258619886,91.0,10.0,1.0,1.0,0.0,60.0
2644.144885202648,91.0,10.0,1.0,1.0,0.0,60.0
2644.444885202648,91.0,10.0,1.0,1.0,0.0,60.0
2644.4455445433073,91.0,10.0,1.0,1.0,0.0,60.0
2644.7455445433075,91.0,10.0,1.0,1.0,0.0,60.0
2644.7462038839667,91.0,10.0,1.0,1.0,0.0,60.0
2645.046203883967,91.0,10.0,1.0,1.0,0.0,60.0
2645.046863224626,91.0,10.0,1.0,1.0,0.0,60.0
2645.3468632246263,91.0,10.0,1.0,1.0,0.0,60.0
2645.3475225652855,91.0,10.0,1.0,1.0,0.0,60.0
2645.6475225652857,91.0,10.0,1.0,1.0,0.0,60.0
2645.648181905945,91.0,10.0,1.0,1.0,0.0,60.0
2645.948181905945,91.0,10.0,1.0,1.0,0.0,60.0
2645.9488412466044,91.0,10.0,1.0,1.0,0.0,60.0
2646.2488412466046,91.0,10.0,1.0,1.0,0.0,60.0
2646.249500587264,91.0,10.0,1.0,1.0,0.0,60.0
2646.549500587264,91.0,10.0,1.0,1.0,0.0,60.0
2646.5501599279232,91.0,10.0,1.0,1.0,0.0,60.0
2646.8501599279234,91.0,10.0,1.0,1.0,0.0,60.0
2646.8508192685827,91.0,10.0,1.0,1.0,0.0,60.0
2647.150819268583,91.0,10.0,1.0,1.0,0.0,60.0
2647.151478609242,91.0,10.0,1.0,1.0,0.0,60.0
2647.4514786092423,91.0,10.0,1.0,1.0,0.0,60.0
2647.4521379499015,91.0,10.0,1.0,1.0,0.0,60.0
2647.7521379499017,91.0,10.0,1.0,1.0,0.0,60.0
2647.752797290561,91.0,10.0,1.0,1.0,0.0,60.0
2648.052797290561,91.0,10.0,1.0,1.0,0.0,60.0
2648.0534566312203,91.0,10.0,1.0,1.0,0.0,60.0
2648.3534566312205,91.0,10.0,1.0,1.0,0.0,60.0
2648.3541159718798,91.0,10.0,1.0,1.0,0.0,60.0
2648.65411597188,91.0,10.0,1.0,1.0,0.0,60.0
2648.654775312539,91.0,10.0,1.0,1.0,0.0,60.0
2648.9547753125394,91.0,10.0,1.0,1.0,0.0,60.0
2648.9554346531986,91.0,10.0,1.0,1.0,0.0,60.0
2649.255434653199,91.0,10.0,1.0,1.0,0.0,60.0
2649.256093993858,91.0,10.0,1.0,1.0,0.0,60.0
2649.556093993858,91.0,10.0,1.0,1.0,0.0,60.0
2649.5567533345175,91.0,10.0,1.0,1.0,0.0,60.0
2649.8567533345176,91.0,10.0,1.0,1.0,0.0,60.0
2649.857412675177,91.0,10.0,1.0,1.0,0.0,60.0
2650.157412675177,91.0,10.0,1.0,1.0,0.0,60.0
2650.1580720158363,91.0,10.0,1.0,1.0,0.0,60.0
2650.4580720158365,91.0,10.0,1.0,1.0,0.0,60.0
2650.4587313564957,91.0,10.0,1.0,1.0,0.0,60.0
2650.758731356496,91.0,10.0,1.0,1.0,0.0,60.0
2650.759390697155,91.0,10.0,1.0,1.0,0.0,60.0
2651.0593906971553,91.0,10.0,1.0,1.0,0.0,60.0
2651.0600500378146,91.0,10.0,1.0,1.0,0.0,60.0
2651.3600500378147,91.0,10.0,1.0,1.0,0.0,60.0
2651.360709378474,91.0,10.0,1.0,1.0,0.0,60.0
2651.660709378474,91.0,10.0,1.0,1.0,0.0,60.0
2651.6613687191334,91.0,10.0,1.0,1.0,0.0,60.0
2651.9613687191336,91.0,10.0,1.0,1.0,0.0,60.0
2651.962028059793,91.0,10.0,1.0,1.0,0.0,60.0
2652.262028059793,91.0,10.0,1.0,1.0,0.0,60.0
2652.2626874004523,92.0,10.0,1.0,1.0,0.0,60.0
2652.5626874004524,92.0,10.0,1.0,1.0,0.0,60.0
2652.5633395743653,92.0,10.0,1.0,1.0,0.0,60.0
2652.8633395743655,92.0,10.0,1.0,1.0,0.0,60.0
2652.8639917482783,92.0,10.0,1.0,1.0,0.0,60.0
2653.1639917482785,92.0,10.0,1.0,1.0,0.0,60.0
2653.1646439221913,92.0,10.0,1.0,1.0,0.0,60.0
2653.4646439221915,92.0,10.0,1.0,1.0,0.0,60.0
2653.4652960961043,92.0,10.0,1.0,1.0,0.0,60.0
2653.7652960961045,92.0,10.0,1.0,1.0,0.0,60.0
2653.7659482700174,92.0,10.0,1.0,1.0,0.0,60.0
2654.0659482700175,92.0,10.0,1.0,1.0,0.0,60.0
2654.0666004439304,92.0,10.0,1.0,1.0,0.0,60.0
2654.3666004439306,92.0,10.0,1.0,1.0,0.0,60.0
2654.3672526178434,92.0,10.0,1.0,1.0,0.0,60.0
2654.6672526178436,92.0,10.0,1.0,1.0,0.0,60.0
2654.6679047917564,92.0,10.0,1.0,1.0,0.0,60.0
2654.9679047917566,92.0,10.0,1.0,1.0,0.0,60.0
2654.9685569656694,92.0,10.0,1.0,1.0,0.0,60.0
2655.2685569656696,92.0,10.0,1.0,1.0,0.0,60.0
2655.2692091395825,92.0,10.0,1.0,1.0,0.0,60.0
2655.5692091395827,92.0,10.0,1.0,1.0,0.0,60.0
2655.5698613134955,92.0,10.0,1.0,1.0,0.0,60.0
2655.8698613134957,92.0,10.0,1.0,1.0,0.0,60.0
2655.8705134874085,92.0,10.0,1.0,1.0,0.0,60.0
2656.1705134874087,92.0,10.0,1.0,1.0,0.0,60.0
2656.1711656613215,92.0,10.0,1.0,1.0,0.0,60.0
2656.4711656613217,92.0,10.0,1.0,1.0,0.0,60.0
2656.4718178352346,92.0,10.0,1.0,1.0,0.0,60.0
2656.7718178352347,92.0,10.0,1.0,1.0,0.0,60.0
2656.7724700091476,92.0,10.0,1.0,1.0,0.0,60.0
2657.0724700091478,92.0,10.0,1.0,1.0,0.0,60.0
2657.0731221830606,92.0,10.0,1.0,1.0,0.0,60.0
2657.373122183061,92.0,10.0,1.0,1.0,0.0,60.0
2657.3737743569736,92.0,10.0,1.0,1.0,0.0,60.0
2657.673774356974,92.0,10.0,1.0,1.0,0.0,60.0
2657.6744265308866,92.0,10.0,1.0,1.0,0.0,60.0
2657.974426530887,92.0,10.0,1.0,1.0,0.0,60.0
2657.9750787047997,92.0,10.0,1.0,1.0,0.0,60.0
2658.2750787048,92.0,10.0,1.0,1.0,0.0,60.0
2658.2757308787127,92.0,10.0,1.0,1.0,0.0,60.0
2658.575730878713,92.0,10.0,1.0,1.0,0.0,60.0
2658.5763830526257,92.0,10.0,1.0,1.0,0.0,60.0
2658.876383052626,92.0,10.0,1.0,1.0,0.0,60.0
2658.8770352265387,92.0,10.0,1.0,1.0,0.0,60.0
2659.177035226539,92.0,10.0,1.0,1.0,0.0,60.0
2659.1776874004518,92.0,10.0,1.0,1.0,0.0,60.0
2659.477687400452,92.0,10.0,1.0,1.0,0.0,60.0
2659.478339574365,92.0,10.0,1.0,1.0,0.0,60.0
2659.778339574365,92.0,10.0,1.0,1.0,0.0,60.0
2659.778991748278,92.0,10.0,1.0,1.0,0.0,60.0
2660.078991748278,92.0,10.0,1.0,1.0,0.0,60.0
2660.079643922191,92.0,10.0,1.0,1.0,0.0,60.0
2660.379643922191,92.0,10.0,1.0,1.0,0.0,60.0
2660.380296096104,92.0,10.0,1.0,1.0,0.0,60.0
2660.680296096104,92.0,10.0,1.0,1.0,0.0,60.0
2660.680948270017,92.0,10.0,1.0,1.0,0.0,60.0
2660.980948270017,92.0,10.0,1.0,1.0,0.0,60.0
2660.98160044393,92.0,10.0,1.0,1.0,0.0,60.0
2661.28160044393,92.0,10.0,1.0,1.0,0.0,60.0
2661.282252617843,92.0,10.0,1.0,1.0,0.0,60.0
2661.582252617843,92.0,10.0,1.0,1.0,0.0,60.0
2661.582904791756,92.0,10.0,1.0,1.0,0.0,60.0
2661.882904791756,92.0,10.0,1.0,1.0,0.0,60.0
2661.883556965669,92.0,10.0,1.0,1.0,0.0,60.0
2662.183556965669,92.0,10.0,1.0,1.0,0.0,60.0
2662.184209139582,92.0,10.0,1.0,1.0,0.0,60.0
2662.484209139582,92.0,10.0,1.0,1.0,0.0,60.0
2662.484861313495,92.0,10.0,1.0,1.0,0.0,60.0
2662.784861313495,92.0,10.0,1.0,1.0,0.0,60.0
2662.785513487408,92.0,10.0,1.0,1.0,0.0,60.0
2663.085513487408,92.0,10.0,1.0,1.0,0.0,60.0
2663.086165661321,92.0,10.0,1.0,1.0,0.0,60.0
2663.3861656613212,92.0,10.0,1.0,1.0,0.0,60.0
2663.386817835234,92.0,10.0,1.0,1.0,0.0,60.0
2663.6868178352343,92.0,10.0,1.0,1.0,0.0,60.0
2663.687470009147,92.0,10.0,1.0,1.0,0.0,60.0
2663.9874700091473,92.0,10.0,1.0,1.0,0.0,60.0
2663.98812218306,92.0,10.0,1.0,1.0,0.0,60.0
2664.2881221830603,92.0,10.0,1.0,1.0,0.0,60.0
2664.288774356973,92.0,10.0,1.0,1.0,0.0,60.0
2664.5887743569733,92.0,10.0,1.0,1.0,0.0,60.0
2664.589426530886,92.0,10.0,1.0,1.0,0.0,60.0
2664.8894265308863,92.0,10.0,1.0,1.0,0.0,60.0
2664.890078704799,92.0,10.0,1.0,1.0,0.0,60.0
2665.1900787047994,92.0,10.0,1.0,1.0,0.0,60.0
2665.190730878712,92.0,10.0,1.0,1.0,0.0,60.0
2665.4907308787124,92.0,10.0,1.0,1.0,0.0,60.0
2665.491383052625,92.0,10.0,1.0,1.0,0.0,60.0
2665.7913830526254,92.0,10.0,1.0,1.0,0.0,60.0
2665.7920352265382,92.0,10.0,1.0,1.0,0.0,60.0
2666.0920352265384,92.0,10.0,1.0,1.0,0.0,60.0
2666.0926874004513,92.0,10.0,1.0,1.0,0.0,60.0
2666.3926874004515,92.0,10.0,1.0,1.0,0.0,60.0
2666.3933395743643,92.0,10.0,1.0,1.0,0.0,60.0
2666.6933395743645,92.0,10.0,1.0,1.0,0.0,60.0
2666.6939917482773,92.0,10.0,1.0,1.0,0.0,60.0
2666.9939917482775,92.0,10.0,1.0,1.0,0.0,60.0
2666.9946439221903,92.0,10.0,1.0,1.0,0.0,60.0
2667.2946439221905,92.0,10.0,1.0,1.0,0.0,60.0
2667.2952960961034,92.0,10.0,1.0,1.0,0.0,60.0
2667.5952960961035,92.0,10.0,1.0,1.0,0.0,60.0
2667.5959482700164,92.0,10.0,1.0,1.0,0.0,60.0
2667.8959482700166,92.0,10.0,1.0,1.0,0.0,60.0
2667.8966004439294,92.0,10.0,1.0,1.0,0.0,60.0
2668.1966004439296,92.0,10.0,1.0,1.0,0.0,60.0
2668.1972526178424,92.0,10.0,1.0,1.0,0.0,60.0
2668.4972526178426,92.0,10.0,1.0,1.0,0.0,60.0
2668.4979047917554,92.0,10.0,1.0,1.0,0.0,60.0
2668.7979047917556,92.0,10.0,1.0,1.0,0.0,60.0
2668.7985569656685,92.0,10.0,1.0,1.0,0.0,60.0
2669.0985569656686,92.0,10.0,1.0,1.0,0.0,60.0
2669.0992091395815,92.0,10.0,1.0,1.0,0.0,60.0
2669.3992091395817,92.0,10.0,1.0,1.0,0.0,60.0
2669.3998613134945,92.0,10.0,1.0,1.0,0.0,60.0
2669.6998613134947,92.0,10.0,1.0,1.0,0.0,60.0
2669.7005134874075,92.0,10.0,1.0,1.0,0.0,60.0
2670.0005134874077,92.0,10.0,1.0,1.0,0.0,60.0
2670.0011656613206,92.0,10.0,1.0,1.0,0.0,60.0
2670.3011656613207,92.0,10.0,1.0,1.0,0.0,60.0
2670.3018178352336,92.0,10.0,1.0,1.0,0.0,60.0
2670.6018178352338,92.0,10.0,1.0,1.0,0.0,60.0
2670.6024700091466,92.0,10.0,1.0,1.0,0.0,60.0
2670.902470009147,92.0,10.0,1.0,1.0,0.0,60.0
2670.9031221830596,92.0,10.0,1.0,1.0,0.0,60.0
2671.20312218306,92.0,10.0,1.0,1.0,0.0,60.0
2671.2037743569726,92.0,10.0,1.0,1.0,0.0,60.0
2671.503774356973,92.0,10.0,1.0,1.0,0.0,60.0
2671.5044265308857,92.0,10.0,1.0,1.0,0.0,60.0
2671.804426530886,92.0,10.0,1.0,1.0,0.0,60.0
2671.8050787047987,92.0,10.0,1.0,1.0,0.0,60.0
2672.105078704799,92.0,10.0,1.0,1.0,0.0,60.0
2672.1057308787117,92.0,10.0,1.0,1.0,0.0,60.0
2672.405730878712,92.0,10.0,1.0,1.0,0.0,60.0
2672.4063830526247,92.0,10.0,1.0,1.0,0.0,60.0
2672.706383052625,92.0,10.0,1.0,1.0,0.0,60.0
2672.7070352265378,92.0,10.0,1.0,1.0,0.0,60.0
2673.007035226538,92.0,10.0,1.0,1.0,0.0,60.0
2673.007687400451,92.0,10.0,1.0,1.0,0.0,60.0
2673.307687400451,92.0,10.0,1.0,1.0,0.0,60.0
2673.308339574364,92.0,10.0,1.0,1.0,0.0,60.0
2673.608339574364,92.0,10.0,1.0,1.0,0.0,60.0
2673.608991748277,92.0,10.0,1.0,1.0,0.0,60.0
2673.908991748277,92.0,10.0,1.0,1.0,0.0,60.0
2673.90964392219,92.0,10.0,1.0,1.0,0.0,60.0
2674.20964392219,92.0,10.0,1.0,1.0,0.0,60.0
2674.210296096103,92.0,10.0,1.0,1.0,0.0,60.0
2674.510296096103,92.0,10.0,1.0,1.0,0.0,60.0
2674.510948270016,92.0,10.0,1.0,1.0,0.0,60.0
2674.810948270016,92.0,10.0,1.0,1.0,0.0,60.0
2674.811600443929,92.0,10.0,1.0,1.0,0.0,60.0
2675.111600443929,92.0,10.0,1.0,1.0,0.0,60.0
2675.112252617842,92.0,10.0,1.0,1.0,0.0,60.0
2675.412252617842,92.0,10.0,1.0,1.0,0.0,60.0
2675.412904791755,92.0,10.0,1.0,1.0,0.0,60.0
2675.712904791755,92.0,10.0,1.0,1.0,0.0,60.0
2675.713556965668,92.0,10.0,1.0,1.0,0.0,60.0
2676.013556965668,92.0,10.0,1.0,1.0,0.0,60.0
2676.014209139581,92.0,10.0,1.0,1.0,0.0,60.0
2676.314209139581,92.0,10.0,1.0,1.0,0.0,60.0
2676.314861313494,92.0,10.0,1.0,1.0,0.0,60.0
2676.614861313494,92.0,10.0,1.0,1.0,0.0,60.0
2676.615513487407,92.0,10.0,1.0,1.0,0.0,60.0
2676.915513487407,92.0,10.0,1.0,1.0,0.0,60.0
2676.91616566132,92.0,10.0,1.0,1.0,0.0,60.0
2677.2161656613202,92.0,10.0,1.0,1.0,0.0,60.0
2677.216817835233,92.0,10.0,1.0,1.0,0.0,60.0
2677.5168178352333,92.0,10.0,1.0,1.0,0.0,60.0
2677.517470009146,92.0,10.0,1.0,1.0,0.0,60.0
2677.8174700091463,92.0,10.0,1.0,1.0,0.0,60.0
2677.818122183059,92.0,10.0,1.0,1.0,0.0,60.0
2678.1181221830593,92.0,10.0,1.0,1.0,0.0,60.0
2678.118774356972,92.0,10.0,1.0,1.0,0.0,60.0
2678.4187743569723,92.0,10.0,1.0,1.0,0.0,60.0
2678.419426530885,92.0,10.0,1.0,1.0,0.0,60.0
2678.7194265308854,92.0,10.0,1.0,1.0,0.0,60.0
2678.720078704798,92.0,10.0,1.0,1.0,0.0,60.0
2679.0200787047984,92.0,10.0,1.0,1.0,0.0,60.0
2679.020730878711,92.0,10.0,1.0,1.0,0.0,60.0
2679.3207308787114,92.0,10.0,1.0,1.0,0.0,60.0
2679.3213830526242,92.0,10.0,1.0,1.0,0.0,60.0
2679.6213830526244,92.0,10.0,1.0,1.0,0.0,60.0
2679.6220352265373,92.0,10.0,1.0,1.0,0.0,60.0
2679.9220352265374,92.0,10.0,1.0,1.0,0.0,60.0
2679.9226874004503,92.0,10.0,1.0,1.0,0.0,60.0
2680.2226874004505,92.0,10.0,1.0,1.0,0.0,60.0
2680.2233395743633,92.0,10.0,1.0,1.0,0.0,60.0
2680.5233395743635,92.0,10.0,1.0,1.0,0.0,60.0
2680.5239917482763,92.0,10.0,1.0,1.0,0.0,60.0
2680.8239917482765,92.0,10.0,1.0,1.0,0.0,60.0
2680.8246439221894,92.0,10.0,1.0,1.0,0.0,60.0
2681.1246439221895,92.0,10.0,1.0,1.0,0.0,60.0
2681.1252960961024,92.0,10.0,1.0,1.0,0.0,60.0
2681.4252960961026,92.0,10.0,1.0,1.0,0.0,60.0
2681.4259482700154,92.0,10.0,1.0,1.0,0.0,60.0
2681.7259482700156,92.0,10.0,1.0,1.0,0.0,60.0
2681.7266004439284,92.0,10.0,1.0,1.0,0.0,60.0
2682.0266004439286,92.0,10.0,1.0,1.0,0.0,60.0
2682.0272526178414,92.0,10.0,1.0,1.0,0.0,60.0
2682.3272526178416,92.0,10.0,1.0,1.0,0.0,60.0
2682.3279047917545,92.0,10.0,1.0,1.0,0.0,60.0
2682.6279047917546,92.0,10.0,1.0,1.0,0.0,60.0
2682.6285569656675,92.0,10.0,1.0,1.0,0.0,60.0
2682.9285569656677,92.0,10.0,1.0,1.0,0.0,60.0
2682.9292091395805,92.0,10.0,1.0,1.0,0.0,60.0
2683.2292091395807,92.0,10.0,1.0,1.0,0.0,60.0
2683.2298613134935,92.0,10.0,1.0,1.0,0.0,60.0
2683.5298613134937,92.0,10.0,1.0,1.0,0.0,60.0
2683.5305134874066,92.0,10.0,1.0,1.0,0.0,60.0
2683.8305134874067,92.0,10.0,1.0,1.0,0.0,60.0
2683.8311656613196,92.0,10.0,1.0,1.0,0.0,60.0
2684.1311656613198,92.0,10.0,1.0,1.0,0.0,60.0
2684.1318178352326,92.0,10.0,1.0,1.0,0.0,59.0
2684.431817835233,92.0,10.0,1.0,1.0,0.0,59.0
2684.4324700091456,92.0,10.0,1.0,1.0,0.0,59.0
2684.732470009146,92.0,10.0,1.0,1.0,0.0,59.0
2684.7331221830586,92.0,10.0,1.0,1.0,0.0,59.0
2685.033122183059,92.0,10.0,1.0,1.0,0.0,59.0
2685.0337743569717,92.0,10.0,1.0,1.0,0.0,59.0
2685.333774356972,92.0,10.0,1.0,1.0,0.0,59.0
2685.3344265308847,92.0,10.0,1.0,1.0,0.0,59.0
2685.634426530885,92.0,10.0,1.0,1.0,0.0,59.0
2685.6350787047977,92.0,10.0,1.0,1.0,0.0,59.0
2685.935078704798,92.0,10.0,1.0,1.0,0.0,59.0
2685.9357308787107,92.0,10.0,1.0,1.0,0.0,59.0
2686.235730878711,92.0,10.0,1.0,1.0,0.0,59.0
2686.2363830526238,92.0,10.0,1.0,1.0,0.0,59.0
2686.536383052624,92.0,10.0,1.0,1.0,0.0,59.0
2686.537035226537,92.0,10.0,1.0,1.0,0.0,59.0
2686.837035226537,92.0,10.0,1.0,1.0,0.0,59.0
2686.83768740045,92.0,10.0,1.0,1.0,0.0,59.0
2687.13768740045,92.0,10.0,1.0,1.0,0.0,59.0
2687.138339574363,92.0,10.0,1.0,1.0,0.0,59.0
2687.438339574363,92.0,10.0,1.0,1.0,0.0,59.0
2687.438991748276,92.0,10.0,1.0,1.0,0.0,59.0
2687.738991748276,92.0,10.0,1.0,1.0,0.0,59.0
2687.739643922189,92.0,10.0,1.0,1.0,0.0,59.0
2688.039643922189,92.0,10.0,1.0,1.0,0.0,59.0
2688.040296096102,92.0,10.0,1.0,1.0,0.0,59.0
2688.340296096102,92.0,10.0,1.0,1.0,0.0,59.0
2688.340948270015,92.0,10.0,1.0,1.0,0.0,59.0
2688.640948270015,92.0,10.0,1.0,1.0,0.0,59.0
2688.641600443928,92.0,10.0,1.0,1.0,0.0,59.0
2688.941600443928,92.0,10.0,1.0,1.0,0.0,59.0
2688.942252617841,92.0,10.0,1.0,1.0,0.0,59.0
2689.242252617841,92.0,10.0,1.0,1.0,0.0,59.0
2689.242904791754,92.0,10.0,1.0,1.0,0.0,59.0
2689.542904791754,92.0,10.0,1.0,1.0,0.0,59.0
2689.543556965667,92.0,10.0,1.0,1.0,0.0,59.0
2689.843556965667,92.0,10.0,1.0,1.0,0.0,59.0
2689.84420913958,92.0,10.0,1.0,1.0,0.0,59.0
2690.14420913958,92.0,10.0,1.0,1.0,0.0,59.0
2690.144861313493,92.0,10.0,1.0,1.0,0.0,59.0
2690.444861313493,92.0,10.0,1.0,1.0,0.0,59.0
2690.445513487406,92.0,10.0,1.0,1.0,0.0,59.0
2690.7455134874062,92.0,10.0,1.0,1.0,0.0,59.0
2690.746165661319,92.0,10.0,1.0,1.0,0.0,59.0
2691.0461656613193,92.0,10.0,1.0,1.0,0.0,59.0
2691.046817835232,92.0,10.0,1.0,1.0,0.0,59.0
2691.3468178352323,92.0,10.0,1.0,1.0,0.0,59.0
2691.347470009145,92.0,10.0,1.0,1.0,0.0,59.0
2691.6474700091453,92.0,10.0,1.0,1.0,0.0,59.0
2691.648122183058,92.0,10.0,1.0,1.0,0.0,59.0
2691.9481221830583,92.0,10.0,1.0,1.0,0.0,59.0
2691.948774356971,92.0,10.0,1.0,1.0,0.0,59.0
2692.2487743569714,92.0,10.0,1.0,1.0,0.0,59.0
2692.249426530884,92.0,10.0,1.0,1.0,0.0,59.0
2692.5494265308844,92.0,10.0,1.0,1.0,0.0,59.0
2692.550078704797,92.0,10.0,1.0,1.0,0.0,59.0
2692.8500787047974,92.0,10.0,1.0,1.0,0.0,59.0
2692.8507308787102,92.0,10.0,1.0,1.0,0.0,59.0
2693.1507308787104,92.0,10.0,1.0,1.0,0.0,59.0
2693.1513830526233,92.0,10.0,1.0,1.0,0.0,59.0
2693.4513830526234,92.0,10.0,1.0,1.0,0.0,59.0
2693.4520352265363,92.0,10.0,1.0,1.0,0.0,59.0
2693.7520352265365,92.0,10.0,1.0,1.0,0.0,59.0
2693.7526874004493,92.0,10.0,1.0,1.0,0.0,59.0
2694.0526874004495,92.0,10.0,1.0,1.0,0.0,59.0
2694.0533395743623,92.0,10.0,1.0,1.0,0.0,59.0
2694.3533395743625,92.0,10.0,1.0,1.0,0.0,59.0
2694.3539917482753,92.0,10.0,1.0,1.0,0.0,59.0
2694.6539917482755,92.0,10.0,1.0,1.0,0.0,59.0
2694.6546439221884,92.0,10.0,1.0,1.0,0.0,59.0
2694.9546439221886,92.0,10.0,1.0,1.0,0.0,59.0
2694.9552960961014,92.0,10.0,1.0,1.0,0.0,59.0
2695.2552960961016,92.0,10.0,1.0,1.0,0.0,59.0
2695.2559482700144,92.0,10.0,1.0,1.0,0.0,59.0
2695.5559482700146,92.0,10.0,1.0,1.0,0.0,59.0
2695.5566004439274,92.0,10.0,1.0,1.0,0.0,59.0
2695.8566004439276,92.0,10.0,1.0,1.0,0.0,59.0
2695.8572526178405,92.0,10.0,1.0,1.0,0.0,59.0
2696.1572526178406,92.0,10.0,1.0,1.0,0.0,59.0
2696.1579047917535,92.0,10.0,1.0,1.0,0.0,59.0
2696.4579047917537,92.0,10.0,1.0,1.0,0.0,59.0
2696.4585569656665,92.0,10.0,1.0,1.0,0.0,59.0
2696.7585569656667,92.0,10.0,1.0,1.0,0.0,59.0
2696.7592091395795,92.0,10.0,1.0,1.0,0.0,59.0
2697.0592091395797,92.0,10.0,1.0,1.0,0.0,59.0
2697.0598613134925,92.0,10.0,1.0,1.0,0.0,59.0
2697.3598613134927,92.0,10.0,1.0,1.0,0.0,59.0
2697.3605134874056,92.0,10.0,1.0,1.0,0.0,59.0
2697.6605134874058,92.0,10.0,1.0,1.0,0.0,59.0
2697.6611656613186,92.0,10.0,1.0,1.0,0.0,59.0
2697.961165661319,92.0,10.0,1.0,1.0,0.0,59.0
2697.9618178352316,92.0,10.0,1.0,1.0,0.0,59.0
2698.261817835232,92.0,10.0,1.0,1.0,0.0,59.0
2698.2624700091446,92.0,10.0,1.0,1.0,0.0,59.0
2698.562470009145,92.0,10.0,1.0,1.0,0.0,59.0
2698.5631221830577,92.0,10.0,1.0,1.0,0.0,59.0
2698.863122183058,92.0,10.0,1.0,1.0,0.0,59.0
2698.8637743569707,92.0,10.0,1.0,1.0,0.0,59.0
2699.163774356971,92.0,10.0,1.0,1.0,0.0,59.0
2699.1644265308837,92.0,10.0,1.0,1.0,0.0,59.0
2699.464426530884,92.0,10.0,1.0,1.0,0.0,59.0
2699.4650787047967,92.0,10.0,1.0,1.0,0.0,59.0
2699.765078704797,92.0,10.0,1.0,1.0,0.0,59.0
2699.7657308787097,92.0,10.0,1.0,1.0,0.0,59.0
2700.06573087871,92.0,10.0,1.0,1.0,0.0,59.0
2700.0663830526228,92.0,10.0,1.0,1.0,0.0,59.0
2700.366383052623,92.0,10.0,1.0,1.0,0.0,59.0
2700.367035226536,92.0,10.0,1.0,1.0,0.0,59.0
2700.667035226536,92.0,10.0,1.0,1.0,0.0,59.0
2700.667687400449,92.0,10.0,1.0,1.0,0.0,59.0
2700.967687400449,92.0,10.0,1.0,1.0,0.0,59.0
2700.968339574362,92.0,10.0,1.0,1.0,0.0,59.0
2701.268339574362,92.0,10.0,1.0,1.0,0.0,59.0
2701.268991748275,92.0,10.0,1.0,1.0,0.0,59.0
2701.568991748275,92.0,10.0,1.0,1.0,0.0,59.0
2701.569643922188,92.0,10.0,1.0,1.0,0.0,59.0
2701.869643922188,92.0,10.0,1.0,1.0,0.0,59.0
2701.870296096101,92.0,10.0,1.0,1.0,0.0,59.0
2702.170296096101,92.0,10.0,1.0,1.0,0.0,59.0
2702.170948270014,92.0,10.0,1.0,1.0,0.0,59.0
2702.470948270014,92.0,10.0,1.0,1.0,0.0,59.0
2702.471600443927,92.0,10.0,1.0,1.0,0.0,59.0
2702.771600443927,92.0,10.0,1.0,1.0,0.0,59.0
2702.77225261784,92.0,10.0,1.0,1.0,0.0,59.0
2703.07225261784,92.0,10.0,1.0,1.0,0.0,59.0
2703.072904791753,92.0,10.0,1.0,1.0,0.0,59.0
2703.372904791753,92.0,10.0,1.0,1.0,0.0,59.0
2703.373556965666,92.0,10.0,1.0,1.0,0.0,59.0
2703.673556965666,92.0,10.0,1.0,1.0,0.0,59.0
2703.674209139579,92.0,10.0,1.0,1.0,0.0,59.0
2703.974209139579,92.0,10.0,1.0,1.0,0.0,59.0
2703.974861313492,92.0,10.0,1.0,1.0,0.0,59.0
2704.2748613134922,92.0,10.0,1.0,1.0,0.0,59.0
2704.275513487405,92.0,10.0,1.0,1.0,0.0,59.0
2704.5755134874053,92.0,10.0,1.0,1.0,0.0,59.0
2704.576165661318,92.0,10.0,1.0,1.0,0.0,59.0
2704.8761656613183,92.0,10.0,1.0,1.0,0.0,59.0
2704.876817835231,92.0,10.0,1.0,1.0,0.0,59.0
2705.1768178352313,92.0,10.0,1.0,1.0,0.0,59.0
2705.177470009144,92.0,10.0,1.0,1.0,0.0,59.0
2705.4774700091443,92.0,10.0,1.0,1.0,0.0,59.0
2705.478122183057,92.0,10.0,1.0,1.0,0.0,59.0
2705.7781221830573,92.0,10.0,1.0,1.0,0.0,59.0
2705.77877435697,92.0,10.0,1.0,1.0,0.0,59.0
2706.0787743569704,92.0,10.0,1.0,1.0,0.0,59.0
2706.079426530883,92.0,10.0,1.0,1.0,0.0,59.0
2706.3794265308834,92.0,10.0,1.0,1.0,0.0,59.0
2706.3800787047962,92.0,10.0,1.0,1.0,0.0,59.0
2706.6800787047964,92.0,10.0,1.0,1.0,0.0,59.0
2706.6807308787093,92.0,10.0,1.0,1.0,0.0,59.0
2706.9807308787094,92.0,10.0,1.0,1.0,0.0,59.0
2706.9813830526223,92.0,10.0,1.0,1.0,0.0,59.0
2707.2813830526225,92.0,10.0,1.0,1.0,0.0,59.0
2707.2820352265353,92.0,10.0,1.0,1.0,0.0,59.0
2707.5820352265355,92.0,10.0,1.0,1.0,0.0,59.0
2707.5826874004483,92.0,10.0,1.0,1.0,0.0,59.0
2707.8826874004485,92.0,10.0,1.0,1.0,0.0,59.0
2707.8833395743613,92.0,10.0,1.0,1.0,0.0,59.0
2708.1833395743615,92.0,10.0,1.0,1.0,0.0,59.0
2708.1839917482744,92.0,10.0,1.0,1.0,0.0,59.0
2708.4839917482745,92.0,10.0,1.0,1.0,0.0,59.0
2708.4846439221874,92.0,10.0,1.0,1.0,0.0,59.0
2708.7846439221876,92.0,10.0,1.0,1.0,0.0,59.0
2708.7852960961004,92.0,10.0,1.0,1.0,0.0,59.0
2709.0852960961006,92.0,10.0,1.0,1.0,0.0,59.0
2709.0859482700134,92.0,10.0,1.0,1.0,0.0,59.0
2709.3859482700136,92.0,10.0,1.0,1.0,0.0,59.0
2709.3866004439265,92.0,10.0,1.0,1.0,0.0,59.0
2709.6866004439266,92.0,10.0,1.0,1.0,0.0,59.0
2709.6872526178395,92.0,10.0,1.0,1.0,0.0,59.0
2709.9872526178397,92.0,10.0,1.0,1.0,0.0,59.0
2709.9879047917525,92.0,10.0,1.0,1.0,0.0,59.0
2710.2879047917527,92.0,10.0,1.0,1.0,0.0,59.0
2710.2885569656655,91.0,10.0,1.0,1.0,0.0,59.0
2710.5885569656657,91.0,10.0,1.0,1.0,0.0,59.0
2710.589216306325,91.0,10.0,1.0,1.0,0.0,59.0
2710.889216306325,91.0,10.0,1.0,1.0,0.0,59.0
2710.8898756469844,91.0,10.0,1.0,1.0,0.0,59.0
2711.1898756469845,91.0,10.0,1.0,1.0,0.0,59.0
2711.190534987644,91.0,10.0,1.0,1.0,0.0,59.0
2711.490534987644,91.0,10.0,1.0,1.0,0.0,59.0
2711.491194328303,91.0,10.0,1.0,1.0,0.0,59.0
2711.7911943283034,91.0,10.0,1.0,1.0,0.0,59.0
2711.7918536689626,91.0,10.0,1.0,1.0,0.0,59.0
2712.091853668963,91.0,10.0,1.0,1.0,0.0,59.0
2712.092513009622,92.0,10.0,1.0,1.0,0.0,59.0
2712.3925130096222,92.0,10.0,1.0,1.0,0.0,59.0
2712.393165183535,92.0,10.0,1.0,1.0,0.0,59.0
2712.6931651835353,92.0,10.0,1.0,1.0,0.0,59.0
2712.693817357448,92.0,10.0,1.0,1.0,0.0,59.0
2712.9938173574483,92.0,10.0,1.0,1.0,0.0,59.0
2712.994469531361,92.0,10.0,1.0,1.0,0.0,59.0
2713.2944695313613,92.0,10.0,1.0,1.0,0.0,59.0
2713.295121705274,92.0,10.0,1.0,1.0,0.0,59.0
2713.5951217052743,92.0,10.0,1.0,1.0,0.0,59.0
2713.595773879187,92.0,10.0,1.0,1.0,0.0,59.0
2713.8957738791873,92.0,10.0,1.0,1.0,0.0,59.0
2713.8964260531,92.0,10.0,1.0,1.0,0.0,59.0
2714.1964260531004,92.0,10.0,1.0,1.0,0.0,59.0
2714.197078227013,92.0,10.0,1.0,1.0,0.0,59.0
2714.4970782270134,92.0,10.0,1.0,1.0,0.0,59.0
2714.4977304009262,92.0,10.0,1.0,1.0,0.0,59.0
2714.7977304009264,92.0,10.0,1.0,1.0,0.0,59.0
2714.7983825748393,91.0,10.0,1.0,1.0,0.0,59.0
2715.0983825748394,91.0,10.0,1.0,1.0,0.0,59.0
2715.0990419154987,91.0,10.0,1.0,1.0,0.0,59.0
2715.399041915499,91.0,10.0,1.0,1.0,0.0,59.0
2715.399701256158,91.0,10.0,1.0,1.0,0.0,59.0
2715.6997012561583,91.0,10.0,1.0,1.0,0.0,59.0
2715.7003605968175,91.0,10.0,1.0,1.0,0.0,59.0
2716.0003605968177,91.0,10.0,1.0,1.0,0.0,59.0
2716.001019937477,91.0,10.0,1.0,1.0,0.0,59.0
2716.301019937477,91.0,10.0,1.0,1.0,0.0,59.0
2716.3016792781364,91.0,10.0,1.0,1.0,0.0,59.0
2716.6016792781365,91.0,10.0,1.0,1.0,0.0,59.0
2716.602338618796,91.0,10.0,1.0,1.0,0.0,59.0
2716.902338618796,91.0,10.0,1.0,1.0,0.0,59.0
2716.902997959455,91.0,10.0,1.0,1.0,0.0,59.0
2717.2029979594554,91.0,10.0,1.0,1.0,0.0,59.0
2717.2036573001146,91.0,10.0,1.0,1.0,0.0,59.0
2717.503657300115,91.0,10.0,1.0,1.0,0.0,59.0
2717.504316640774,91.0,10.0,1.0,1.0,0.0,59.0
2717.8043166407742,91.0,10.0,1.0,1.0,0.0,59.0
2717.8049759814335,91.0,10.0,1.0,1.0,0.0,59.0
2718.1049759814337,91.0,10.0,1.0,1.0,0.0,59.0
2718.105635322093,91.0,10.0,1.0,1.0,0.0,59.0
2718.405635322093,91.0,10.0,1.0,1.0,0.0,59.0
2718.4062946627523,91.0,10.0,1.0,1.0,0.0,59.0
2718.7062946627525,91.0,10.0,1.0,1.0,0.0,59.0
2718.7069540034117,91.0,10.0,1.0,1.0,0.0,59.0
2719.006954003412,91.0,10.0,1.0,1.0,0.0,59.0
2719.007613344071,91.0,10.0,1.0,1.0,0.0,59.0
2719.3076133440713,91.0,10.0,1.0,1.0,0.0,59.0
2719.3082726847306,91.0,10.0,1.0,1.0,0.0,59.0
2719.6082726847308,91.0,10.0,1.0,1.0,0.0,59.0
2719.60893202539,91.0,10.0,1.0,1.0,0.0,59.0
2719.90893202539,91.0,10.0,1.0,1.0,0.0,59.0
2719.9095913660494,91.0,10.0,1.0,1.0,0.0,59.0
2720.2095913660496,91.0,10.0,1.0,1.0,0.0,59.0
2720.210250706709,91.0,10.0,1.0,1.0,0.0,59.0
2720.510250706709,91.0,10.0,1.0,1.0,0.0,59.0
2720.5109100473683,91.0,10.0,1.0,1.0,0.0,59.0
2720.8109100473685,91.0,10.0,1.0,1.0,0.0,59.0
2720.8115693880277,91.0,10.0,1.0,1.0,0.0,59.0
2721.111569388028,91.0,10.0,1.0,1.0,0.0,59.0
2721.112228728687,91.0,10.0,1.0,1.0,0.0,59.0
2721.4122287286873,91.0,10.0,1.0,1.0,0.0,59.0
2721.4128880693465,91.0,10.0,1.0,1.0,0.0,59.0
2721.7128880693467,91.0,10.0,1.0,1.0,0.0,59.0
2721.713547410006,91.0,10.0,1.0,1.0,0.0,59.0
2722.013547410006,91.0,10.0,1.0,1.0,0.0,59.0
2722.0142067506654,91.0,10.0,1.0,1.0,0.0,59.0
2722.3142067506656,91.0,10.0,1.0,1.0,0.0,59.0
2722.314866091325,91.0,10.0,1.0,1.0,0.0,59.0
2722.614866091325,91.0,10.0,1.0,1.0,0.0,59.0
2722.615525431984,91.0,10.0,1.0,1.0,0.0,59.0
2722.9155254319844,91.0,10.0,1.0,1.0,0.0,59.0
2722.9161847726436,91.0,10.0,1.0,1.0,0.0,59.0
2723.216184772644,91.0,10.0,1.0,1.0,0.0,59.0
2723.216844113303,91.0,10.0,1.0,1.0,0.0,59.0
2723.5168441133033,91.0,10.0,1.0,1.0,0.0,59.0
2723.5175034539625,91.0,10.0,1.0,1.0,0.0,59.0
2723.8175034539627,91.0,10.0,1.0,1.0,0.0,59.0
2723.818162794622,91.0,10.0,1.0,1.0,0.0,59.0
2724.118162794622,91.0,10.0,1.0,1.0,0.0,59.0
2724.1188221352813,91.0,10.0,1.0,1.0,0.0,59.0
2724.4188221352815,91.0,10.0,1.0,1.0,0.0,59.0
2724.4194814759408,91.0,10.0,1.0,1.0,0.0,59.0
2724.719481475941,91.0,10.0,1.0,1.0,0.0,59.0
2724.7201408166,91.0,10.0,1.0,1.0,0.0,59.0
2725.0201408166004,91.0,10.0,1.0,1.0,0.0,59.0
2725.0208001572596,91.0,10.0,1.0,1.0,0.0,59.0
2725.32080015726,91.0,10.0,1.0,1.0,0.0,59.0
2725.321459497919,91.0,10.0,1.0,1.0,0.0,59.0
2725.621459497919,91.0,10.0,1.0,1.0,0.0,59.0
2725.6221188385784,91.0,10.0,1.0,1.0,0.0,59.0
2725.9221188385786,91.0,10.0,1.0,1.0,0.0,59.0
2725.922778179238,91.0,10.0,1.0,1.0,0.0,59.0
2726.222778179238,91.0,10.0,1.0,1.0,0.0,59.0
2726.2234375198973,91.0,10.0,1.0,1.0,0.0,59.0
2726.5234375198975,91.0,10.0,1.0,1.0,0.0,59.0
2726.5240968605567,91.0,10.0,1.0,1.0,0.0,59.0
2726.824096860557,91.0,10.0,1.0,1.0,0.0,59.0
2726.824756201216,91.0,10.0,1.0,1.0,0.0,59.0
2727.1247562012163,91.0,10.0,1.0,1.0,0.0,59.0
2727.1254155418756,91.0,10.0,1.0,1.0,0.0,59.0
2727.4254155418757,91.0,10.0,1.0,1.0,0.0,59.0
2727.426074882535,91.0,10.0,1.0,1.0,0.0,59.0
2727.726074882535,91.0,10.0,1.0,1.0,0.0,59.0
2727.7267342231944,91.0,10.0,1.0,1.0,0.0,59.0
2728.0267342231946,91.0,10.0,1.0,1.0,0.0,59.0
2728.027393563854,91.0,10.0,1.0,1.0,0.0,59.0
2728.327393563854,91.0,10.0,1.0,1.0,0.0,59.0
2728.3280529045132,91.0,10.0,1.0,1.0,0.0,59.0
2728.6280529045134,91.0,10.0,1.0,1.0,0.0,59.0
2728.6287122451727,91.0,10.0,1.0,1.0,0.0,59.0
2728.928712245173,91.0,10.0,1.0,1.0,0.0,59.0
2728.929371585832,91.0,10.0,1.0,1.0,0.0,59.0
2729.2293715858323,91.0,10.0,1.0,1.0,0.0,59.0
2729.2300309264915,91.0,10.0,1.0,1.0,0.0,59.0
2729.5300309264917,91.0,10.0,1.0,1.0,0.0,59.0
2729.530690267151,91.0,10.0,1.0,1.0,0.0,59.0
2729.830690267151,91.0,10.0,1.0,1.0,0.0,59.0
2729.8313496078104,91.0,10.0,1.0,1.0,0.0,59.0
2730.1313496078105,91.0,10.0,1.0,1.0,0.0,59.0
2730.13200894847,91.0,10.0,1.0,1.0,0.0,59.0
2730.43200894847,91.0,10.0,1.0,1.0,0.0,59.0
2730.432668289129,91.0,10.0,1.0,1.0,0.0,59.0
2730.7326682891294,91.0,10.0,1.0,1.0,0.0,59.0
2730.7333276297886,91.0,10.0,1.0,1.0,0.0,59.0
2731.033327629789,91.0,10.0,1.0,1.0,0.0,59.0
2731.033986970448,91.0,10.0,1.0,1.0,0.0,59.0
2731.333986970448,91.0,10.0,1.0,1.0,0.0,59.0
2731.3346463111075,91.0,10.0,1.0,1.0,0.0,59.0
2731.6346463111076,91.0,10.0,1.0,1.0,0.0,59.0
2731.635305651767,91.0,10.0,1.0,1.0,0.0,59.0
2731.935305651767,91.0,10.0,1.0,1.0,0.0,59.0
2731.9359649924263,91.0,10.0,1.0,1.0,0.0,59.0
2732.2359649924265,91.0,10.0,1.0,1.0,0.0,59.0
2732.2366243330857,91.0,10.0,1.0,1.0,0.0,59.0
2732.536624333086,91.0,10.0,1.0,1.0,0.0,59.0
2732.537283673745,91.0,10.0,1.0,1.0,0.0,59.0
2732.8372836737453,91.0,10.0,1.0,1.0,0.0,59.0
2732.8379430144046,90.0,10.0,1.0,1.0,0.0,59.0
2733.1379430144048,90.0,10.0,1.0,1.0,0.0,59.0
2733.1386096810716,90.0,10.0,1.0,1.0,0.0,59.0
2733.4386096810717,90.0,10.0,1.0,1.0,0.0,59.0
2733.4392763477385,90.0,10.0,1.0,1.0,0.0,59.0
2733.7392763477387,90.0,10.0,1.0,1.0,0.0,59.0
2733.7399430144055,90.0,10.0,1.0,1.0,0.0,59.0
2734.0399430144057,90.0,10.0,1.0,1.0,0.0,59.0
2734.0406096810725,90.0,10.0,1.0,1.0,0.0,59.0
2734.3406096810727,90.0,10.0,1.0,1.0,0.0,59.0
2734.3412763477395,90.0,10.0,1.0,1.0,0.0,59.0
2734.6412763477397,90.0,10.0,1.0,1.0,0.0,59.0
2734.6419430144065,90.0,10.0,1.0,1.0,0.0,59.0
2734.9419430144067,90.0,10.0,1.0,1.0,0.0,59.0
2734.9426096810735,90.0,10.0,1.0,1.0,0.0,59.0
2735.2426096810736,90.0,10.0,1.0,1.0,0.0,59.0
2735.2432763477404,90.0,10.0,1.0,1.0,0.0,59.0
2735.5432763477406,90.0,10.0,1.0,1.0,0.0,59.0
2735.5439430144074,90.0,10.0,1.0,1.0,0.0,59.0
2735.8439430144076,90.0,10.0,1.0,1.0,0.0,59.0
2735.8446096810744,90.0,10.0,1.0,1.0,0.0,59.0
2736.1446096810746,90.0,10.0,1.0,1.0,0.0,59.0
2736.1452763477414,90.0,10.0,1.0,1.0,0.0,59.0
2736.4452763477416,90.0,10.0,1.0,1.0,0.0,59.0
2736.4459430144084,90.0,10.0,1.0,1.0,0.0,59.0
2736.7459430144086,90.0,10.0,1.0,1.0,0.0,59.0
2736.7466096810754,90.0,10.0,1.0,1.0,0.0,59.0
2737.0466096810756,90.0,10.0,1.0,1.0,0.0,59.0
2737.0472763477424,90.0,10.0,1.0,1.0,0.0,59.0
2737.3472763477425,90.0,10.0,1.0,1.0,0.0,59.0
2737.3479430144093,90.0,10.0,1.0,1.0,0.0,59.0
2737.6479430144095,90.0,10.0,1.0,1.0,0.0,59.0
2737.6486096810763,90.0,10.0,1.0,1.0,0.0,59.0
2737.9486096810765,90.0,10.0,1.0,1.0,0.0,59.0
2737.9492763477433,90.0,10.0,1.0,1.0,0.0,59.0
2738.2492763477435,90.0,10.0,1.0,1.0,0.0,59.0
2738.2499430144103,90.0,10.0,1.0,1.0,0.0,59.0
2738.5499430144105,90.0,10.0,1.0,1.0,0.0,59.0
2738.5506096810773,90.0,10.0,1.0,1.0,0.0,59.0
2738.8506096810775,90.0,10.0,1.0,1.0,0.0,59.0
2738.8512763477443,90.0,10.0,1.0,1.0,0.0,59.0
2739.1512763477444,90.0,10.0,1.0,1.0,0.0,59.0
2739.1519430144112,90.0,10.0,1.0,1.0,0.0,59.0
2739.4519430144114,90.0,10.0,1.0,1.0,0.0,59.0
2739.4526096810782,90.0,10.0,1.0,1.0,0.0,59.0
2739.7526096810784,90.0,10.0,1.0,1.0,0.0,59.0
2739.753276347745,91.0,10.0,1.0,1.0,0.0,59.0
2740.0532763477454,91.0,10.0,1.0,1.0,0.0,59.0
2740.0539356884046,91.0,10.0,1.0,1.0,0.0,59.0
2740.353935688405,91.0,10.0,1.0,1.0,0.0,59.0
2740.354595029064,91.0,10.0,1.0,1.0,0.0,59.0
2740.6545950290642,91.0,10.0,1.0,1.0,0.0,59.0
2740.6552543697235,91.0,10.0,1.0,1.0,0.0,59.0
2740.9552543697237,91.0,10.0,1.0,1.0,0.0,59.0
2740.955913710383,91.0,10.0,1.0,1.0,0.0,59.0
2741.255913710383,91.0,10.0,1.0,1.0,0.0,59.0
2741.2565730510423,91.0,10.0,1.0,1.0,0.0,59.0
2741.5565730510425,91.0,10.0,1.0,1.0,0.0,59.0
2741.5572323917017,91.0,10.0,1.0,1.0,0.0,59.0
2741.857232391702,91.0,10.0,1.0,1.0,0.0,59.0
2741.857891732361,91.0,10.0,1.0,1.0,0.0,59.0
2742.1578917323613,91.0,10.0,1.0,1.0,0.0,59.0
2742.1585510730206,91.0,10.0,1.0,1.0,0.0,59.0
2742.4585510730208,91.0,10.0,1.0,1.0,0.0,59.0
2742.45921041368,91.0,10.0,1.0,1.0,0.0,59.0
2742.75921041368,91.0,10.0,1.0,1.0,0.0,59.0
2742.7598697543394,91.0,10.0,1.0,1.0,0.0,59.0
2743.0598697543396,91.0,10.0,1.0,1.0,0.0,59.0
2743.060529094999,91.0,10.0,1.0,1.0,0.0,59.0
2743.360529094999,91.0,10.0,1.0,1.0,0.0,59.0
2743.3611884356583,91.0,10.0,1.0,1.0,0.0,59.0
2743.6611884356585,91.0,10.0,1.0,1.0,0.0,59.0
2743.6618477763177,91.0,10.0,1.0,1.0,0.0,59.0
2743.961847776318,91.0,10.0,1.0,1.0,0.0,59.0
2743.962507116977,91.0,10.0,1.0,1.0,0.0,59.0
2744.2625071169773,91.0,10.0,1.0,1.0,0.0,59.0
2744.2631664576365,91.0,10.0,1.0,1.0,0.0,59.0
2744.5631664576367,91.0,10.0,1.0,1.0,0.0,59.0
2744.563825798296,91.0,10.0,1.0,1.0,0.0,59.0
2744.863825798296,91.0,10.0,1.0,1.0,0.0,59.0
2744.8644851389554,91.0,10.0,1.0,1.0,0.0,59.0
2745.1644851389556,91.0,10.0,1.0,1.0,0.0,59.0
2745.165144479615,91.0,10.0,1.0,1.0,0.0,59.0
2745.465144479615,91.0,10.0,1.0,1.0,0.0,59.0
2745.4658038202742,91.0,10.0,1.0,1.0,0.0,59.0
2745.7658038202744,91.0,10.0,1.0,1.0,0.0,59.0
2745.7664631609337,91.0,10.0,1.0,1.0,0.0,59.0
2746.066463160934,91.0,10.0,1.0,1.0,0.0,59.0
2746.067122501593,91.0,10.0,1.0,1.0,0.0,59.0
2746.3671225015933,91.0,10.0,1.0,1.0,0.0,59.0
2746.3677818422525,91.0,10.0,1.0,1.0,0.0,59.0
2746.6677818422527,91.0,10.0,1.0,1.0,0.0,59.0
2746.668441182912,91.0,10.0,1.0,1.0,0.0,59.0
2746.968441182912,91.0,10.0,1.0,1.0,0.0,59.0
2746.9691005235713,91.0,10.0,1.0,1.0,0.0,59.0
2747.2691005235715,91.0,10.0,1.0,1.0,0.0,59.0
2747.2697598642308,91.0,10.0,1.0,1.0,0.0,59.0
2747.569759864231,91.0,10.0,1.0,1.0,0.0,59.0
2747.57041920489,91.0,10.0,1.0,1.0,0.0,59.0
2747.8704192048904,91.0,10.0,1.0,1.0,0.0,59.0
2747.8710785455496,91.0,10.0,1.0,1.0,0.0,59.0
2748.17107854555,91.0,10.0,1.0,1.0,0.0,59.0
2748.171737886209,91.0,10.0,1.0,1.0,0.0,59.0
2748.471737886209,91.0,10.0,1.0,1.0,0.0,59.0
2748.4723972268685,91.0,10.0,1.0,1.0,0.0,59.0
2748.7723972268686,91.0,10.0,1.0,1.0,0.0,59.0
2748.773056567528,91.0,10.0,1.0,1.0,0.0,59.0
2749.073056567528,91.0,10.0,1.0,1.0,0.0,59.0
2749.0737159081873,91.0,10.0,1.0,1.0,0.0,59.0
2749.3737159081875,91.0,10.0,1.0,1.0,0.0,59.0
2749.3743752488467,91.0,10.0,1.0,1.0,0.0,59.0
2749.674375248847,91.0,10.0,1.0,1.0,0.0,59.0
2749.675034589506,91.0,10.0,1.0,1.0,0.0,59.0
2749.9750345895063,91.0,10.0,1.0,1.0,0.0,59.0
2749.9756939301656,91.0,10.0,1.0,1.0,0.0,59.0
2750.2756939301657,91.0,10.0,1.0,1.0,0.0,59.0
2750.276353270825,91.0,10.0,1.0,1.0,0.0,59.0
2750.576353270825,91.0,10.0,1.0,1.0,0.0,59.0
2750.5770126114844,91.0,10.0,1.0,1.0,0.0,59.0
2750.8770126114846,91.0,10.0,1.0,1.0,0.0,59.0
2750.877671952144,91.0,10.0,1.0,1.0,0.0,59.0
2751.177671952144,91.0,10.0,1.0,1.0,0.0,59.0
2751.1783312928033,91.0,10.0,1.0,1.0,0.0,59.0
2751.4783312928034,91.0,10.0,1.0,1.0,0.0,59.0
2751.4789906334627,91.0,10.0,1.0,1.0,0.0,59.0
2751.778990633463,91.0,10.0,1.0,1.0,0.0,59.0
2751.779649974122,91.0,10.0,1.0,1.0,0.0,59.0
2752.0796499741223,91.0,10.0,1.0,1.0,0.0,59.0
2752.0803093147815,91.0,10.0,1.0,1.0,0.0,59.0
2752.3803093147817,91.0,10.0,1.0,1.0,0.0,59.0
2752.380968655441,91.0,10.0,1.0,1.0,0.0,59.0
2752.680968655441,91.0,10.0,1.0,1.0,0.0,59.0
2752.6816279961004,91.0,10.0,1.0,1.0,0.0,59.0
2752.9816279961005,91.0,10.0,1.0,1.0,0.0,59.0
2752.98228733676,91.0,10.0,1.0,1.0,0.0,59.0
2753.28228733676,91.0,10.0,1.0,1.0,0.0,59.0
2753.282946677419,91.0,10.0,1.0,1.0,0.0,59.0
2753.5829466774194,91.0,10.0,1.0,1.0,0.0,59.0
2753.5836060180786,91.0,10.0,1.0,1.0,0.0,59.0
2753.883606018079,91.0,10.0,1.0,1.0,0.0,59.0
2753.884265358738,91.0,10.0,1.0,1.0,0.0,59.0
2754.1842653587382,91.0,10.0,1.0,1.0,0.0,59.0
2754.1849246993975,91.0,10.0,1.0,1.0,0.0,59.0
2754.4849246993977,91.0,10.0,1.0,1.0,0.0,59.0
2754.485584040057,91.0,10.0,1.0,1.0,0.0,59.0
2754.785584040057,91.0,10.0,1.0,1.0,0.0,59.0
2754.7862433807163,91.0,10.0,1.0,1.0,0.0,59.0
2755.0862433807165,91.0,10.0,1.0,1.0,0.0,59.0
2755.0869027213757,91.0,10.0,1.0,1.0,0.0,59.0
2755.386902721376,91.0,10.0,1.0,1.0,0.0,59.0
2755.387562062035,91.0,10.0,1.0,1.0,0.0,59.0
2755.6875620620353,91.0,10.0,1.0,1.0,0.0,59.0
2755.6882214026946,91.0,10.0,1.0,1.0,0.0,59.0
2755.9882214026948,91.0,10.0,1.0,1.0,0.0,59.0
2755.988880743354,91.0,10.0,1.0,1.0,0.0,59.0
2756.288880743354,91.0,10.0,1.0,1.0,0.0,59.0
2756.2895400840134,91.0,10.0,1.0,1.0,0.0,59.0
2756.5895400840136,91.0,10.0,1.0,1.0,0.0,59.0
2756.590199424673,91.0,10.0,1.0,1.0,0.0,59.0
2756.890199424673,91.0,10.0,1.0,1.0,0.0,59.0
2756.8908587653323,91.0,10.0,1.0,1.0,0.0,59.0
2757.1908587653325,91.0,10.0,1.0,1.0,0.0,59.0
2757.1915181059917,91.0,10.0,1.0,1.0,0.0,59.0
2757.491518105992,91.0,10.0,1.0,1.0,0.0,59.0
2757.492177446651,91.0,10.0,1.0,1.0,0.0,59.0
2757.7921774466513,91.0,10.0,1.0,1.0,0.0,59.0
2757.7928367873105,91.0,10.0,1.0,1.0,0.0,59.0
2758.0928367873107,91.0,10.0,1.0,1.0,0.0,59.0
2758.09349612797,91.0,10.0,1.0,1.0,0.0,59.0
2758.39349612797,91.0,10.0,1.0,1.0,0.0,59.0
2758.3941554686294,91.0,10.0,1.0,1.0,0.0,59.0
2758.6941554686296,91.0,10.0,1.0,1.0,0.0,59.0
2758.694814809289,91.0,10.0,1.0,1.0,0.0,59.0
2758.994814809289,91.0,10.0,1.0,1.0,0.0,59.0
2758.995474149948,91.0,10.0,1.0,1.0,0.0,59.0
2759.2954741499484,91.0,10.0,1.0,1.0,0.0,59.0
2759.2961334906076,91.0,10.0,1.0,1.0,0.0,59.0
2759.596133490608,91.0,10.0,1.0,1.0,0.0,59.0
2759.596792831267,91.0,10.0,1.0,1.0,0.0,59.0
2759.8967928312672,91.0,10.0,1.0,1.0,0.0,59.0
2759.8974521719265,91.0,10.0,1.0,1.0,0.0,59.0
2760.1974521719267,91.0,10.0,1.0,1.0,0.0,59.0
2760.198111512586,91.0,10.0,1.0,1.0,0.0,59.0
2760.498111512586,91.0,10.0,1.0,1.0,0.0,59.0
2760.4987708532453,91.0,10.0,1.0,1.0,0.0,59.0
2760.7987708532455,91.0,10.0,1.0,1.0,0.0,59.0
2760.7994301939048,91.0,10.0,1.0,1.0,0.0,59.0
2761.099430193905,91.0,10.0,1.0,1.0,0.0,59.0
2761.100089534564,91.0,10.0,1.0,1.0,0.0,59.0
2761.4000895345644,91.0,10.0,1.0,1.0,0.0,59.0
2761.4007488752236,91.0,10.0,1.0,1.0,0.0,59.0
2761.700748875224,91.0,10.0,1.0,1.0,0.0,59.0
2761.701408215883,91.0,10.0,1.0,1.0,0.0,59.0
2762.001408215883,91.0,10.0,1.0,1.0,0.0,59.0
2762.0020675565424,91.0,10.0,1.0,1.0,0.0,59.0
2762.3020675565426,91.0,10.0,1.0,1.0,0.0,59.0
2762.302726897202,91.0,10.0,1.0,1.0,0.0,59.0
2762.602726897202,91.0,10.0,1.0,1.0,0.0,59.0
2762.6033862378613,91.0,10.0,1.0,1.0,0.0,59.0
2762.9033862378615,91.0,10.0,1.0,1.0,0.0,59.0
2762.9040455785207,91.0,10.0,1.0,1.0,0.0,59.0
2763.204045578521,91.0,10.0,1.0,1.0,0.0,59.0
2763.20470491918,91.0,10.0,1.0,1.0,0.0,59.0
2763.5047049191803,91.0,10.0,1.0,1.0,0.0,59.0
2763.5053642598396,91.0,10.0,1.0,1.0,0.0,59.0
2763.8053642598397,91.0,10.0,1.0,1.0,0.0,59.0
2763.806023600499,91.0,10.0,1.0,1.0,0.0,59.0
2764.106023600499,91.0,10.0,1.0,1.0,0.0,59.0
2764.1066829411584,91.0,10.0,1.0,1.0,0.0,59.0
2764.4066829411586,91.0,10.0,1.0,1.0,0.0,59.0
2764.407342281818,91.0,10.0,1.0,1.0,0.0,59.0
2764.707342281818,91.0,10.0,1.0,1.0,0.0,59.0
2764.7080016224772,91.0,10.0,1.0,1.0,0.0,59.0
2765.0080016224774,91.0,10.0,1.0,1.0,0.0,59.0
2765.0086609631367,91.0,10.0,1.0,1.0,0.0,59.0
2765.308660963137,91.0,10.0,1.0,1.0,0.0,59.0
2765.309320303796,91.0,10.0,1.0,1.0,0.0,59.0
2765.6093203037963,91.0,10.0,1.0,1.0,0.0,59.0
2765.6099796444555,91.0,10.0,1.0,1.0,0.0,59.0
2765.9099796444557,91.0,10.0,1.0,1.0,0.0,59.0
2765.910638985115,91.0,10.0,1.0,1.0,0.0,59.0
2766.210638985115,91.0,10.0,1.0,1.0,0.0,59.0
2766.2112983257744,91.0,10.0,1.0,1.0,0.0,59.0
2766.5112983257745,91.0,10.0,1.0,1.0,0.0,59.0
2766.511957666434,91.0,10.0,1.0,1.0,0.0,59.0
2766.811957666434,91.0,10.0,1.0,1.0,0.0,59.0
2766.812617007093,91.0,10.0,1.0,1.0,0.0,59.0
2767.1126170070934,91.0,10.0,1.0,1.0,0.0,59.0
2767.1132763477526,91.0,10.0,1.0,1.0,0.0,59.0
2767.413276347753,91.0,10.0,1.0,1.0,0.0,59.0
2767.413935688412,91.0,10.0,1.0,1.0,0.0,59.0
2767.713935688412,91.0,10.0,1.0,1.0,0.0,59.0
2767.7145950290715,91.0,10.0,1.0,1.0,0.0,59.0
2768.0145950290716,91.0,10.0,1.0,1.0,0.0,59.0
2768.015254369731,91.0,10.0,1.0,1.0,0.0,59.0
2768.315254369731,91.0,10.0,1.0,1.0,0.0,59.0
2768.3159137103903,91.0,10.0,1.0,1.0,0.0,59.0
2768.6159137103905,91.0,10.0,1.0,1.0,0.0,59.0
2768.6165730510497,91.0,10.0,1.0,1.0,0.0,59.0
2768.91657305105,91.0,10.0,1.0,1.0,0.0,59.0
2768.917232391709,91.0,10.0,1.0,1.0,0.0,59.0
2769.2172323917093,91.0,10.0,1.0,1.0,0.0,59.0
2769.2178917323686,91.0,10.0,1.0,1.0,0.0,59.0
2769.5178917323688,91.0,10.0,1.0,1.0,0.0,59.0
2769.518551073028,91.0,10.0,1.0,1.0,0.0,59.0
2769.818551073028,91.0,10.0,1.0,1.0,0.0,59.0
2769.8192104136874,91.0,10.0,1.0,1.0,0.0,59.0
2770.1192104136876,91.0,10.0,1.0,1.0,0.0,59.0
2770.119869754347,91.0,10.0,1.0,1.0,0.0,59.0
2770.419869754347,91.0,10.0,1.0,1.0,0.0,59.0
2770.4205290950063,91.0,10.0,1.0,1.0,0.0,59.0
2770.7205290950064,91.0,10.0,1.0,1.0,0.0,59.0
2770.7211884356657,91.0,10.0,1.0,1.0,0.0,59.0
2771.021188435666,91.0,10.0,1.0,1.0,0.0,59.0
2771.021847776325,91.0,10.0,1.0,1.0,0.0,59.0
2771.3218477763253,91.0,10.0,1.0,1.0,0.0,59.0
2771.3225071169845,91.0,10.0,1.0,1.0,0.0,59.0
2771.6225071169847,91.0,10.0,1.0,1.0,0.0,59.0
2771.623166457644,91.0,10.0,1.0,1.0,0.0,59.0
2771.923166457644,91.0,10.0,1.0,1.0,0.0,59.0
2771.9238257983034,91.0,10.0,1.0,1.0,0.0,59.0
2772.2238257983036,91.0,10.0,1.0,1.0,0.0,59.0
2772.224485138963,90.0,10.0,1.0,1.0,0.0,59.0
2772.524485138963,90.0,10.0,1.0,1.0,0.0,59.0
2772.52515180563,90.0,10.0,1.0,1.0,0.0,59.0
2772.82515180563,90.0,10.0,1.0,1.0,0.0,59.0
2772.8258184722968,90.0,10.0,1.0,1.0,0.0,59.0
2773.125818472297,90.0,10.0,1.0,1.0,0.0,59.0
2773.1264851389637,90.0,10.0,1.0,1.0,0.0,59.0
2773.426485138964,90.0,10.0,1.0,1.0,0.0,59.0
2773.4271518056307,90.0,10.0,1.0,1.0,0.0,59.0
2773.727151805631,90.0,10.0,1.0,1.0,0.0,59.0
2773.7278184722977,90.0,10.0,1.0,1.0,0.0,59.0
2774.027818472298,90.0,10.0,1.0,1.0,0.0,59.0
2774.0284851389647,90.0,10.0,1.0,1.0,0.0,59.0
2774.328485138965,90.0,10.0,1.0,1.0,0.0,59.0
2774.3291518056317,90.0,10.0,1.0,1.0,0.0,59.0
2774.629151805632,90.0,10.0,1.0,1.0,0.0,59.0
2774.6298184722987,90.0,10.0,1.0,1.0,0.0,59.0
2774.929818472299,90.0,10.0,1.0,1.0,0.0,59.0
2774.9304851389657,90.0,10.0,1.0,1.0,0.0,59.0
2775.230485138966,90.0,10.0,1.0,1.0,0.0,59.0
2775.2311518056326,90.0,10.0,1.0,1.0,0.0,59.0
2775.531151805633,90.0,10.0,1.0,1.0,0.0,59.0
2775.5318184722996,90.0,10.0,1.0,1.0,0.0,59.0
2775.8318184723,90.0,10.0,1.0,1.0,0.0,59.0
2775.8324851389666,90.0,10.0,1.0,1.0,0.0,59.0
2776.132485138967,90.0,10.0,1.0,1.0,0.0,59.0
2776.1331518056336,90.0,10.0,1.0,1.0,0.0,59.0
2776.4331518056338,90.0,10.0,1.0,1.0,0.0,59.0
2776.4338184723006,90.0,10.0,1.0,1.0,0.0,59.0
2776.7338184723008,90.0,10.0,1.0,1.0,0.0,59.0
2776.7344851389676,90.0,10.0,1.0,1.0,0.0,59.0
2777.0344851389677,90.0,10.0,1.0,1.0,0.0,59.0
2777.0351518056345,90.0,10.0,1.0,1.0,0.0,59.0
2777.3351518056347,90.0,10.0,1.0,1.0,0.0,59.0
2777.3358184723015,90.0,10.0,1.0,1.0,0.0,59.0
2777.6358184723017,90.0,10.0,1.0,1.0,0.0,59.0
2777.6364851389685,90.0,10.0,1.0,1.0,0.0,59.0
2777.9364851389687,90.0,10.0,1.0,1.0,0.0,59.0
2777.9371518056355,90.0,10.0,1.0,1.0,0.0,59.0
2778.2371518056357,90.0,10.0,1.0,1.0,0.0,59.0
2778.2378184723025,90.0,10.0,1.0,1.0,0.0,59.0
2778.5378184723027,90.0,10.0,1.0,1.0,0.0,59.0
2778.5384851389695,90.0,10.0,1.0,1.0,0.0,59.0
2778.8384851389696,90.0,10.0,1.0,1.0,0.0,59.0
2778.8391518056364,90.0,10.0,1.0,1.0,0.0,59.0
2779.1391518056366,90.0,10.0,1.0,1.0,0.0,59.0
2779.1398184723034,90.0,10.0,1.0,1.0,0.0,59.0
2779.4398184723036,90.0,10.0,1.0,1.0,0.0,59.0
2779.4404851389704,90.0,10.0,1.0,1.0,0.0,59.0
2779.7404851389706,90.0,10.0,1.0,1.0,0.0,59.0
2779.7411518056374,90.0,10.0,1.0,1.0,0.0,59.0
2780.0411518056376,90.0,10.0,1.0,1.0,0.0,59.0
2780.0418184723044,90.0,10.0,1.0,1.0,0.0,59.0
2780.3418184723046,90.0,10.0,1.0,1.0,0.0,59.0
2780.3424851389714,90.0,10.0,1.0,1.0,0.0,59.0
2780.6424851389716,90.0,10.0,1.0,1.0,0.0,59.0
2780.6431518056384,90.0,10.0,1.0,1.0,0.0,59.0
2780.9431518056385,90.0,10.0,1.0,1.0,0.0,59.0
2780.9438184723053,90.0,10.0,1.0,1.0,0.0,59.0
2781.2438184723055,90.0,10.0,1.0,1.0,0.0,59.0
2781.2444851389723,90.0,10.0,1.0,1.0,0.0,59.0
2781.5444851389725,90.0,10.0,1.0,1.0,0.0,59.0
2781.5451518056393,90.0,10.0,1.0,1.0,0.0,59.0
2781.8451518056395,90.0,10.0,1.0,1.0,0.0,59.0
2781.8458184723063,90.0,10.0,1.0,1.0,0.0,59.0
2782.1458184723065,90.0,10.0,1.0,1.0,0.0,59.0
2782.1464851389733,90.0,10.0,1.0,1.0,0.0,59.0
2782.4464851389735,90.0,10.0,1.0,1.0,0.0,59.0
2782.4471518056403,90.0,10.0,1.0,1.0,0.0,59.0
2782.7471518056404,90.0,10.0,1.0,1.0,0.0,59.0
2782.7478184723072,90.0,10.0,1.0,1.0,0.0,59.0
2783.0478184723074,90.0,10.0,1.0,1.0,0.0,59.0
2783.0484851389742,90.0,10.0,1.0,1.0,0.0,59.0
2783.3484851389744,90.0,10.0,1.0,1.0,0.0,59.0
2783.349151805641,90.0,10.0,1.0,1.0,0.0,59.0
2783.6491518056414,90.0,10.0,1.0,1.0,0.0,59.0
2783.649818472308,90.0,10.0,1.0,1.0,0.0,59.0
2783.9498184723084,90.0,10.0,1.0,1.0,0.0,59.0
2783.950485138975,90.0,10.0,1.0,1.0,0.0,59.0
2784.2504851389754,90.0,10.0,1.0,1.0,0.0,59.0
2784.251151805642,89.0,10.0,1.0,1.0,0.0,59.0
2784.5511518056423,89.0,10.0,1.0,1.0,0.0,59.0
2784.5518259629457,89.0,10.0,1.0,1.0,0.0,59.0
2784.851825962946,89.0,10.0,1.0,1.0,0.0,59.0
2784.8525001202493,89.0,10.0,1.0,1.0,0.0,59.0
2785.1525001202494,89.0,10.0,1.0,1.0,0.0,59.0
2785.153174277553,89.0,10.0,1.0,1.0,0.0,59.0
2785.453174277553,89.0,10.0,1.0,1.0,0.0,59.0
2785.4538484348564,89.0,10.0,1.0,1.0,0.0,59.0
2785.7538484348565,89.0,10.0,1.0,1.0,0.0,59.0
2785.75452259216,89.0,10.0,1.0,1.0,0.0,59.0
2786.05452259216,89.0,10.0,1.0,1.0,0.0,59.0
2786.0551967494634,89.0,10.0,1.0,1.0,0.0,59.0
2786.3551967494636,89.0,10.0,1.0,1.0,0.0,59.0
2786.355870906767,89.0,10.0,1.0,1.0,0.0,59.0
2786.655870906767,89.0,10.0,1.0,1.0,0.0,59.0
2786.6565450640705,89.0,10.0,1.0,1.0,0.0,59.0
2786.9565450640707,89.0,10.0,1.0,1.0,0.0,59.0
2786.957219221374,89.0,10.0,1.0,1.0,0.0,59.0
2787.2572192213743,89.0,10.0,1.0,1.0,0.0,59.0
2787.2578933786776,89.0,10.0,1.0,1.0,0.0,59.0
2787.557893378678,89.0,10.0,1.0,1.0,0.0,59.0
2787.558567535981,89.0,10.0,1.0,1.0,0.0,59.0
2787.8585675359814,89.0,10.0,1.0,1.0,0.0,59.0
2787.8592416932847,89.0,10.0,1.0,1.0,0.0,59.0
2788.159241693285,89.0,10.0,1.0,1.0,0.0,59.0
2788.1599158505883,89.0,10.0,1.0,1.0,0.0,59.0
2788.4599158505885,89.0,10.0,1.0,1.0,0.0,59.0
2788.460590007892,89.0,10.0,1.0,1.0,0.0,59.0
2788.760590007892,89.0,10.0,1.0,1.0,0.0,59.0
2788.7612641651954,89.0,10.0,1.0,1.0,0.0,59.0
2789.0612641651956,89.0,10.0,1.0,1.0,0.0,59.0
2789.061938322499,89.0,10.0,1.0,1.0,0.0,59.0
2789.361938322499,89.0,10.0,1.0,1.0,0.0,59.0
2789.3626124798025,89.0,10.0,1.0,1.0,0.0,59.0
2789.6626124798026,89.0,10.0,1.0,1.0,0.0,59.0
2789.663286637106,89.0,10.0,1.0,1.0,0.0,59.0
2789.963286637106,89.0,10.0,1.0,1.0,0.0,59.0
2789.9639607944096,89.0,10.0,1.0,1.0,0.0,59.0
2790.2639607944097,89.0,10.0,1.0,1.0,0.0,59.0
2790.264634951713,89.0,10.0,1.0,1.0,0.0,59.0
2790.5646349517133,89.0,10.0,1.0,1.0,0.0,59.0
2790.5653091090167,89.0,10.0,1.0,1.0,0.0,59.0
2790.865309109017,89.0,10.0,1.0,1.0,0.0,59.0
2790.86598326632,89.0,10.0,1.0,1.0,0.0,59.0
2791.1659832663204,89.0,10.0,1.0,1.0,0.0,59.0
2791.1666574236237,89.0,10.0,1.0,1.0,0.0,59.0
2791.466657423624,89.0,10.0,1.0,1.0,0.0,59.0
2791.4673315809273,89.0,10.0,1.0,1.0,0.0,59.0
2791.7673315809275,89.0,10.0,1.0,1.0,0.0,59.0
2791.768005738231,89.0,10.0,1.0,1.0,0.0,59.0
2792.068005738231,89.0,10.0,1.0,1.0,0.0,59.0
2792.0686798955344,89.0,10.0,1.0,1.0,0.0,59.0
2792.3686798955346,89.0,10.0,1.0,1.0,0.0,59.0
2792.369354052838,89.0,10.0,1.0,1.0,0.0,59.0
2792.669354052838,89.0,10.0,1.0,1.0,0.0,59.0
2792.6700282101415,89.0,10.0,1.0,1.0,0.0,59.0
2792.9700282101417,89.0,10.0,1.0,1.0,0.0,59.0
2792.970702367445,89.0,10.0,1.0,1.0,0.0,59.0
2793.270702367445,89.0,10.0,1.0,1.0,0.0,59.0
2793.2713765247486,89.0,10.0,1.0,1.0,0.0,59.0
2793.5713765247488,89.0,10.0,1.0,1.0,0.0,59.0
2793.572050682052,89.0,10.0,1.0,1.0,0.0,59.0
2793.8720506820523,89.0,10.0,1.0,1.0,0.0,59.0
2793.8727248393557,89.0,10.0,1.0,1.0,0.0,59.0
2794.172724839356,89.0,10.0,1.0,1.0,0.0,59.0
2794.173398996659,89.0,10.0,1.0,1.0,0.0,59.0
2794.4733989966594,89.0,10.0,1.0,1.0,0.0,59.0
2794.4740731539628,89.0,10.0,1.0,1.0,0.0,59.0
2794.774073153963,89.0,10.0,1.0,1.0,0.0,59.0
2794.7747473112663,89.0,10.0,1.0,1.0,0.0,59.0
2795.0747473112665,89.0,10.0,1.0,1.0,0.0,59.0
2795.07542146857,89.0,10.0,1.0,1.0,0.0,59.0
2795.37542146857,89.0,10.0,1.0,1.0,0.0,59.0
2795.3760956258734,89.0,10.0,1.0,1.0,0.0,59.0
2795.6760956258736,89.0,10.0,1.0,1.0,0.0,59.0
2795.676769783177,89.0,10.0,1.0,1.0,0.0,59.0
2795.976769783177,89.0,10.0,1.0,1.0,0.0,59.0
2795.9774439404805,89.0,10.0,1.0,1.0,0.0,59.0
2796.2774439404807,89.0,10.0,1.0,1.0,0.0,59.0
2796.278118097784,89.0,10.0,1.0,1.0,0.0,59.0
2796.578118097784,89.0,10.0,1.0,1.0,0.0,59.0
2796.5787922550876,89.0,10.0,1.0,1.0,0.0,59.0
2796.878792255088,89.0,10.0,1.0,1.0,0.0,59.0
2796.879466412391,89.0,10.0,1.0,1.0,0.0,59.0
2797.1794664123913,89.0,10.0,1.0,1.0,0.0,59.0
2797.1801405696947,89.0,10.0,1.0,1.0,0.0,59.0
2797.480140569695,89.0,10.0,1.0,1.0,0.0,59.0
2797.4808147269982,89.0,10.0,1.0,1.0,0.0,59.0
2797.7808147269984,89.0,10.0,1.0,1.0,0.0,59.0
2797.781488884302,89.0,10.0,1.0,1.0,0.0,59.0
2798.081488884302,89.0,10.0,1.0,1.0,0.0,59.0
2798.0821630416053,89.0,10.0,1.0,1.0,0.0,59.0
2798.3821630416055,89.0,10.0,1.0,1.0,0.0,59.0
2798.382837198909,89.0,10.0,1.0,1.0,0.0,59.0
2798.682837198909,89.0,10.0,1.0,1.0,0.0,59.0
2798.6835113562124,89.0,10.0,1.0,1.0,0.0,59.0
2798.9835113562126,89.0,10.0,1.0,1.0,0.0,59.0
2798.984185513516,89.0,10.0,1.0,1.0,0.0,59.0
2799.284185513516,89.0,10.0,1.0,1.0,0.0,59.0
2799.2848596708195,89.0,10.0,1.0,1.0,0.0,59.0
2799.5848596708197,89.0,10.0,1.0,1.0,0.0,59.0
2799.585533828123,89.0,10.0,1.0,1.0,0.0,59.0
2799.8855338281232,89.0,10.0,1.0,1.0,0.0,59.0
2799.8862079854266,89.0,10.0,1.0,1.0,0.0,59.0
2800.186207985427,89.0,10.0,1.0,1.0,0.0,59.0
2800.18688214273,89.0,10.0,1.0,1.0,0.0,59.0
2800.4868821427303,89.0,10.0,1.0,1.0,0.0,59.0
2800.4875563000337,89.0,10.0,1.0,1.0,0.0,59.0
2800.787556300034,89.0,10.0,1.0,1.0,0.0,59.0
2800.7882304573372,90.0,10.0,1.0,1.0,0.0,59.0
2801.0882304573374,90.0,10.0,1.0,1.0,0.0,59.0
2801.0888971240042,90.0,10.0,1.0,1.0,0.0,59.0
2801.3888971240044,90.0,10.0,1.0,1.0,0.0,59.0
2801.389563790671,90.0,10.0,1.0,1.0,0.0,59.0
2801.6895637906714,90.0,10.0,1.0,1.0,0.0,59.0
2801.690230457338,90.0,10.0,1.0,1.0,0.0,59.0
2801.9902304573384,90.0,10.0,1.0,1.0,0.0,59.0
2801.990897124005,90.0,10.0,1.0,1.0,0.0,59.0
2802.2908971240054,90.0,10.0,1.0,1.0,0.0,59.0
2802.291563790672,90.0,10.0,1.0,1.0,0.0,59.0
2802.5915637906724,90.0,10.0,1.0,1.0,0.0,59.0
2802.592230457339,90.0,10.0,1.0,1.0,0.0,59.0
2802.8922304573393,90.0,10.0,1.0,1.0,0.0,59.0
2802.892897124006,90.0,10.0,1.0,1.0,0.0,59.0
2803.1928971240063,90.0,10.0,1.0,1.0,0.0,59.0
2803.193563790673,90.0,10.0,1.0,1.0,0.0,59.0
2803.4935637906733,90.0,10.0,1.0,1.0,0.0,59.0
2803.49423045734,90.0,10.0,1.0,1.0,0.0,59.0
2803.7942304573403,90.0,10.0,1.0,1.0,0.0,59.0
2803.794897124007,90.0,10.0,1.0,1.0,0.0,59.0
2804.0948971240073,90.0,10.0,1.0,1.0,0.0,59.0
2804.095563790674,90.0,10.0,1.0,1.0,0.0,59.0
2804.3955637906743,90.0,10.0,1.0,1.0,0.0,59.0
2804.396230457341,90.0,10.0,1.0,1.0,0.0,59.0
2804.6962304573412,90.0,10.0,1.0,1.0,0.0,59.0
2804.696897124008,90.0,10.0,1.0,1.0,0.0,59.0
2804.9968971240082,90.0,10.0,1.0,1.0,0.0,59.0
2804.997563790675,90.0,10.0,1.0,1.0,0.0,59.0
2805.297563790675,90.0,10.0,1.0,1.0,0.0,59.0
2805.298230457342,90.0,10.0,1.0,1.0,0.0,59.0
2805.598230457342,90.0,10.0,1.0,1.0,0.0,59.0
2805.598897124009,90.0,10.0,1.0,1.0,0.0,59.0
2805.898897124009,90.0,10.0,1.0,1.0,0.0,59.0
2805.899563790676,90.0,10.0,1.0,1.0,0.0,59.0
2806.199563790676,90.0,10.0,1.0,1.0,0.0,59.0
2806.200230457343,90.0,10.0,1.0,1.0,0.0,59.0
2806.500230457343,90.0,10.0,1.0,1.0,0.0,59.0
2806.50089712401,90.0,10.0,1.0,1.0,0.0,59.0
2806.80089712401,90.0,10.0,1.0,1.0,0.0,59.0
2806.801563790677,90.0,10.0,1.0,1.0,0.0,59.0
2807.101563790677,90.0,10.0,1.0,1.0,0.0,59.0
2807.102230457344,90.0,10.0,1.0,1.0,0.0,59.0
2807.402230457344,90.0,10.0,1.0,1.0,0.0,59.0
2807.402897124011,90.0,10.0,1.0,1.0,0.0,59.0
2807.702897124011,90.0,10.0,1.0,1.0,0.0,59.0
2807.703563790678,90.0,10.0,1.0,1.0,0.0,59.0
2808.003563790678,90.0,10.0,1.0,1.0,0.0,59.0
2808.004230457345,90.0,10.0,1.0,1.0,0.0,59.0
2808.304230457345,90.0,10.0,1.0,1.0,0.0,59.0
2808.304897124012,90.0,10.0,1.0,1.0,0.0,59.0
2808.604897124012,90.0,10.0,1.0,1.0,0.0,59.0
2808.605563790679,90.0,10.0,1.0,1.0,0.0,59.0
2808.905563790679,90.0,10.0,1.0,1.0,0.0,59.0
2808.906230457346,90.0,10.0,1.0,1.0,0.0,59.0
2809.206230457346,90.0,10.0,1.0,1.0,0.0,59.0
2809.206897124013,90.0,10.0,1.0,1.0,0.0,59.0
2809.506897124013,90.0,10.0,1.0,1.0,0.0,59.0
2809.50756379068,90.0,10.0,1.0,1.0,0.0,59.0
2809.80756379068,90.0,10.0,1.0,1.0,0.0,59.0
2809.808230457347,90.0,10.0,1.0,1.0,0.0,59.0
2810.108230457347,90.0,10.0,1.0,1.0,0.0,59.0
2810.1088971240138,90.0,10.0,1.0,1.0,0.0,59.0
2810.408897124014,90.0,10.0,1.0,1.0,0.0,59.0
2810.4095637906807,90.0,10.0,1.0,1.0,0.0,59.0
2810.709563790681,90.0,10.0,1.0,1.0,0.0,59.0
2810.7102304573477,90.0,10.0,1.0,1.0,0.0,59.0
2811.010230457348,90.0,10.0,1.0,1.0,0.0,59.0
2811.0108971240147,90.0,10.0,1.0,1.0,0.0,59.0
2811.310897124015,90.0,10.0,1.0,1.0,0.0,59.0
2811.3115637906817,90.0,10.0,1.0,1.0,0.0,59.0
2811.611563790682,90.0,10.0,1.0,1.0,0.0,59.0
2811.6122304573487,90.0,10.0,1.0,1.0,0.0,59.0
2811.912230457349,90.0,10.0,1.0,1.0,0.0,59.0
2811.9128971240157,90.0,10.0,1.0,1.0,0.0,59.0
2812.212897124016,90.0,10.0,1.0,1.0,0.0,59.0
2812.2135637906827,90.0,10.0,1.0,1.0,0.0,59.0
2812.513563790683,90.0,10.0,1.0,1.0,0.0,59.0
2812.5142304573496,90.0,10.0,1.0,1.0,0.0,59.0
2812.81423045735,90.0,10.0,1.0,1.0,0.0,59.0
2812.8148971240166,90.0,10.0,1.0,1.0,0.0,59.0
2813.114897124017,90.0,10.0,1.0,1.0,0.0,59.0
2813.1155637906836,90.0,10.0,1.0,1.0,0.0,59.0
2813.415563790684,90.0,10.0,1.0,1.0,0.0,59.0
2813.4162304573506,90.0,10.0,1.0,1.0,0.0,59.0
2813.716230457351,90.0,10.0,1.0,1.0,0.0,59.0
2813.7168971240176,89.0,10.0,1.0,1.0,0.0,59.0
2814.0168971240178,89.0,10.0,1.0,1.0,0.0,59.0
2814.017571281321,89.0,10.0,1.0,1.0,0.0,59.0
2814.3175712813213,89.0,10.0,1.0,1.0,0.0,59.0
2814.3182454386247,89.0,10.0,1.0,1.0,0.0,59.0
2814.618245438625,89.0,10.0,1.0,1.0,0.0,59.0
2814.618919595928,88.0,10.0,1.0,1.0,0.0,59.0
2814.9189195959284,88.0,10.0,1.0,1.0,0.0,59.0
2814.9196014141103,88.0,10.0,1.0,1.0,0.0,59.0
2815.2196014141105,88.0,10.0,1.0,1.0,0.0,59.0
2815.2202832322923,88.0,10.0,1.0,1.0,0.0,59.0
2815.5202832322925,88.0,10.0,1.0,1.0,0.0,59.0
2815.5209650504744,88.0,10.0,1.0,1.0,0.0,59.0
2815.8209650504746,88.0,10.0,1.0,1.0,0.0,59.0
2815.8216468686564,88.0,10.0,1.0,1.0,0.0,59.0
2816.1216468686566,88.0,10.0,1.0,1.0,0.0,59.0
2816.1223286868385,88.0,10.0,1.0,1.0,0.0,59.0
2816.4223286868387,88.0,10.0,1.0,1.0,0.0,59.0
2816.4230105050206,88.0,10.0,1.0,1.0,0.0,59.0
2816.7230105050207,88.0,10.0,1.0,1.0,0.0,59.0
2816.7236923232026,88.0,10.0,1.0,1.0,0.0,59.0
2817.023692323203,88.0,10.0,1.0,1.0,0.0,59.0
2817.0243741413847,88.0,10.0,1.0,1.0,0.0,59.0
2817.324374141385,88.0,10.0,1.0,1.0,0.0,59.0
2817.3250559595667,88.0,10.0,1.0,1.0,0.0,59.0
2817.625055959567,88.0,10.0,1.0,1.0,0.0,59.0
2817.625737777749,88.0,10.0,1.0,1.0,0.0,59.0
2817.925737777749,88.0,10.0,1.0,1.0,0.0,59.0
2817.926419595931,88.0,10.0,1.0,1.0,0.0,59.0
2818.226419595931,88.0,10.0,1.0,1.0,0.0,59.0
2818.227101414113,88.0,10.0,1.0,1.0,0.0,59.0
2818.527101414113,88.0,10.0,1.0,1.0,0.0,59.0
2818.527783232295,88.0,10.0,1.0,1.0,0.0,59.0
2818.827783232295,88.0,10.0,1.0,1.0,0.0,59.0
2818.828465050477,88.0,10.0,1.0,1.0,0.0,59.0
2819.128465050477,88.0,10.0,1.0,1.0,0.0,59.0
2819.129146868659,88.0,10.0,1.0,1.0,0.0,59.0
2819.4291468686592,88.0,10.0,1.0,1.0,0.0,59.0
2819.429828686841,88.0,10.0,1.0,1.0,0.0,59.0
2819.7298286868413,88.0,10.0,1.0,1.0,0.0,59.0
2819.730510505023,88.0,10.0,1.0,1.0,0.0,59.0
2820.0305105050234,88.0,10.0,1.0,1.0,0.0,59.0
2820.0311923232052,88.0,10.0,1.0,1.0,0.0,59.0
2820.3311923232054,88.0,10.0,1.0,1.0,0.0,59.0
2820.3318741413873,88.0,10.0,1.0,1.0,0.0,59.0
2820.6318741413875,88.0,10.0,1.0,1.0,0.0,59.0
2820.6325559595693,88.0,10.0,1.0,1.0,0.0,59.0
2820.9325559595695,88.0,10.0,1.0,1.0,0.0,59.0
2820.9332377777514,88.0,10.0,1.0,1.0,0.0,59.0
2821.2332377777516,88.0,10.0,1.0,1.0,0.0,59.0
2821.2339195959335,88.0,10.0,1.0,1.0,0.0,59.0
2821.5339195959336,88.0,10.0,1.0,1.0,0.0,59.0
2821.5346014141155,88.0,10.0,1.0,1.0,0.0,59.0
2821.8346014141157,88.0,10.0,1.0,1.0,0.0,59.0
2821.8352832322976,88.0,10.0,1.0,1.0,0.0,59.0
2822.1352832322978,88.0,10.0,1.0,1.0,0.0,59.0
2822.1359650504796,88.0,10.0,1.0,1.0,0.0,59.0
2822.43596505048,88.0,10.0,1.0,1.0,0.0,59.0
2822.4366468686617,88.0,10.0,1.0,1.0,0.0,59.0
2822.736646868662,88.0,10.0,1.0,1.0,0.0,59.0
2822.7373286868437,88.0,10.0,1.0,1.0,0.0,59.0
2823.037328686844,88.0,10.0,1.0,1.0,0.0,59.0
2823.038010505026,88.0,10.0,1.0,1.0,0.0,59.0
2823.338010505026,88.0,10.0,1.0,1.0,0.0,59.0
2823.338692323208,88.0,10.0,1.0,1.0,0.0,59.0
2823.638692323208,88.0,10.0,1.0,1.0,0.0,59.0
2823.63937414139,88.0,10.0,1.0,1.0,0.0,59.0
2823.93937414139,88.0,10.0,1.0,1.0,0.0,59.0
2823.940055959572,88.0,10.0,1.0,1.0,0.0,59.0
2824.240055959572,88.0,10.0,1.0,1.0,0.0,59.0
2824.240737777754,88.0,10.0,1.0,1.0,0.0,59.0
2824.540737777754,88.0,10.0,1.0,1.0,0.0,59.0
2824.541419595936,88.0,10.0,1.0,1.0,0.0,59.0
2824.8414195959363,88.0,10.0,1.0,1.0,0.0,59.0
2824.842101414118,88.0,10.0,1.0,1.0,0.0,59.0
2825.1421014141183,88.0,10.0,1.0,1.0,0.0,59.0
2825.1427832323,88.0,10.0,1.0,1.0,0.0,59.0
2825.4427832323004,88.0,10.0,1.0,1.0,0.0,59.0
2825.4434650504822,88.0,10.0,1.0,1.0,0.0,59.0
2825.7434650504824,88.0,10.0,1.0,1.0,0.0,59.0
2825.7441468686643,88.0,10.0,1.0,1.0,0.0,59.0
2826.0441468686645,88.0,10.0,1.0,1.0,0.0,59.0
2826.0448286868464,88.0,10.0,1.0,1.0,0.0,59.0
2826.3448286868465,88.0,10.0,1.0,1.0,0.0,59.0
2826.3455105050284,88.0,10.0,1.0,1.0,0.0,59.0
2826.6455105050286,88.0,10.0,1.0,1.0,0.0,59.0
2826.6461923232105,88.0,10.0,1.0,1.0,0.0,59.0
2826.9461923232107,88.0,10.0,1.0,1.0,0.0,59.0
2826.9468741413925,88.0,10.0,1.0,1.0,0.0,59.0
2827.2468741413927,88.0,10.0,1.0,1.0,0.0,59.0
2827.2475559595746,88.0,10.0,1.0,1.0,0.0,59.0
2827.5475559595748,88.0,10.0,1.0,1.0,0.0,59.0
2827.5482377777566,88.0,10.0,1.0,1.0,0.0,59.0
2827.848237777757,88.0,10.0,1.0,1.0,0.0,59.0
2827.8489195959387,89.0,10.0,1.0,1.0,0.0,59.0
2828.148919595939,89.0,10.0,1.0,1.0,0.0,59.0
2828.1495937532422,89.0,10.0,1.0,1.0,0.0,59.0
2828.4495937532424,89.0,10.0,1.0,1.0,0.0,59.0
2828.450267910546,89.0,10.0,1.0,1.0,0.0,59.0
2828.750267910546,89.0,10.0,1.0,1.0,0.0,59.0
2828.7509420678493,89.0,10.0,1.0,1.0,0.0,59.0
2829.0509420678495,89.0,10.0,1.0,1.0,0.0,59.0
2829.051616225153,89.0,10.0,1.0,1.0,0.0,59.0
2829.351616225153,89.0,10.0,1.0,1.0,0.0,59.0
2829.3522903824564,89.0,10.0,1.0,1.0,0.0,59.0
2829.6522903824566,89.0,10.0,1.0,1.0,0.0,59.0
2829.65296453976,89.0,10.0,1.0,1.0,0.0,59.0
2829.95296453976,89.0,10.0,1.0,1.0,0.0,59.0
2829.9536386970635,89.0,10.0,1.0,1.0,0.0,59.0
2830.2536386970637,89.0,10.0,1.0,1.0,0.0,59.0
2830.254312854367,89.0,10.0,1.0,1.0,0.0,59.0
2830.5543128543673,89.0,10.0,1.0,1.0,0.0,59.0
2830.5549870116706,89.0,10.0,1.0,1.0,0.0,59.0
2830.854987011671,89.0,10.0,1.0,1.0,0.0,59.0
2830.855661168974,89.0,10.0,1.0,1.0,0.0,59.0
2831.1556611689743,89.0,10.0,1.0,1.0,0.0,59.0
2831.1563353262777,89.0,10.0,1.0,1.0,0.0,59.0
2831.456335326278,89.0,10.0,1.0,1.0,0.0,59.0
2831.4570094835813,89.0,10.0,1.0,1.0,0.0,59.0
2831.7570094835814,89.0,10.0,1.0,1.0,0.0,59.0
2831.757683640885,89.0,10.0,1.0,1.0,0.0,59.0
2832.057683640885,89.0,10.0,1.0,1.0,0.0,59.0
2832.0583577981884,89.0,10.0,1.0,1.0,0.0,59.0
2832.3583577981885,89.0,10.0,1.0,1.0,0.0,59.0
2832.359031955492,89.0,10.0,1.0,1.0,0.0,59.0
2832.659031955492,89.0,10.0,1.0,1.0,0.0,59.0
2832.6597061127954,89.0,10.0,1.0,1.0,0.0,59.0
2832.9597061127956,89.0,10.0,1.0,1.0,0.0,59.0
2832.960380270099,89.0,10.0,1.0,1.0,0.0,59.0
2833.260380270099,89.0,10.0,1.0,1.0,0.0,59.0
2833.2610544274025,89.0,10.0,1.0,1.0,0.0,59.0
2833.5610544274027,89.0,10.0,1.0,1.0,0.0,59.0
2833.561728584706,89.0,10.0,1.0,1.0,0.0,59.0
2833.8617285847063,89.0,10.0,1.0,1.0,0.0,59.0
2833.8624027420096,89.0,10.0,1.0,1.0,0.0,59.0
2834.16240274201,89.0,10.0,1.0,1.0,0.0,59.0
2834.163076899313,89.0,10.0,1.0,1.0,0.0,59.0
2834.4630768993134,89.0,10.0,1.0,1.0,0.0,59.0
2834.4637510566167,89.0,10.0,1.0,1.0,0.0,59.0
2834.763751056617,89.0,10.0,1.0,1.0,0.0,59.0
2834.7644252139203,89.0,10.0,1.0,1.0,0.0,59.0
2835.0644252139205,89.0,10.0,1.0,1.0,0.0,59.0
2835.065099371224,89.0,10.0,1.0,1.0,0.0,59.0
2835.365099371224,89.0,10.0,1.0,1.0,0.0,59.0
2835.3657735285274,89.0,10.0,1.0,1.0,0.0,59.0
2835.6657735285276,89.0,10.0,1.0,1.0,0.0,59.0
2835.666447685831,89.0,10.0,1.0,1.0,0.0,59.0
2835.966447685831,89.0,10.0,1.0,1.0,0.0,59.0
2835.9671218431345,89.0,10.0,1.0,1.0,0.0,59.0
2836.2671218431346,89.0,10.0,1.0,1.0,0.0,59.0
2836.267796000438,89.0,10.0,1.0,1.0,0.0,59.0
2836.567796000438,89.0,10.0,1.0,1.0,0.0,59.0
2836.5684701577416,89.0,10.0,1.0,1.0,0.0,59.0
2836.8684701577417,89.0,10.0,1.0,1.0,0.0,59.0
2836.869144315045,89.0,10.0,1.0,1.0,0.0,59.0
2837.1691443150453,89.0,10.0,1.0,1.0,0.0,59.0
2837.1698184723487,89.0,10.0,1.0,1.0,0.0,59.0
2837.469818472349,89.0,10.0,1.0,1.0,0.0,59.0
2837.470492629652,89.0,10.0,1.0,1.0,0.0,59.0
2837.7704926296524,89.0,10.0,1.0,1.0,0.0,59.0
2837.7711667869557,89.0,10.0,1.0,1.0,0.0,59.0
2838.071166786956,89.0,10.0,1.0,1.0,0.0,59.0
2838.0718409442593,89.0,10.0,1.0,1.0,0.0,59.0
2838.3718409442595,89.0,10.0,1.0,1.0,0.0,59.0
2838.372515101563,89.0,10.0,1.0,1.0,0.0,59.0
2838.672515101563,89.0,10.0,1.0,1.0,0.0,59.0
2838.6731892588664,89.0,10.0,1.0,1.0,0.0,59.0
2838.9731892588666,89.0,10.0,1.0,1.0,0.0,59.0
2838.97386341617,89.0,10.0,1.0,1.0,0.0,59.0
2839.27386341617,89.0,10.0,1.0,1.0,0.0,59.0
2839.2745375734735,89.0,10.0,1.0,1.0,0.0,59.0
2839.5745375734737,89.0,10.0,1.0,1.0,0.0,59.0
2839.575211730777,89.0,10.0,1.0,1.0,0.0,59.0
2839.875211730777,89.0,10.0,1.0,1.0,0.0,59.0
2839.8758858880806,89.0,10.0,1.0,1.0,0.0,59.0
2840.1758858880808,89.0,10.0,1.0,1.0,0.0,59.0
2840.176560045384,89.0,10.0,1.0,1.0,0.0,59.0
2840.4765600453843,89.0,10.0,1.0,1.0,0.0,59.0
2840.4772342026877,89.0,10.0,1.0,1.0,0.0,59.0
2840.777234202688,89.0,10.0,1.0,1.0,0.0,59.0
2840.777908359991,89.0,10.0,1.0,1.0,0.0,59.0
2841.0779083599914,89.0,10.0,1.0,1.0,0.0,59.0
2841.0785825172948,89.0,10.0,1.0,1.0,0.0,59.0
2841.378582517295,89.0,10.0,1.0,1.0,0.0,59.0
2841.3792566745983,89.0,10.0,1.0,1.0,0.0,59.0
2841.6792566745985,89.0,10.0,1.0,1.0,0.0,59.0
2841.679930831902,89.0,10.0,1.0,1.0,0.0,59.0
2841.979930831902,89.0,10.0,1.0,1.0,0.0,59.0
2841.9806049892054,89.0,10.0,1.0,1.0,0.0,59.0
2842.2806049892056,89.0,10.0,1.0,1.0,0.0,59.0
2842.281279146509,89.0,10.0,1.0,1.0,0.0,59.0
2842.581279146509,89.0,10.0,1.0,1.0,0.0,59.0
2842.5819533038125,89.0,10.0,1.0,1.0,0.0,59.0
2842.8819533038127,89.0,10.0,1.0,1.0,0.0,59.0
2842.882627461116,89.0,10.0,1.0,1.0,0.0,59.0
2843.182627461116,89.0,10.0,1.0,1.0,0.0,59.0
2843.1833016184196,89.0,10.0,1.0,1.0,0.0,59.0
2843.48330161842,89.0,10.0,1.0,1.0,0.0,59.0
2843.483975775723,89.0,10.0,1.0,1.0,0.0,59.0
2843.7839757757233,89.0,10.0,1.0,1.0,0.0,59.0
2843.7846499330267,89.0,10.0,1.0,1.0,0.0,59.0
2844.084649933027,89.0,10.0,1.0,1.0,0.0,59.0
2844.0853240903302,89.0,10.0,1.0,1.0,0.0,59.0
2844.3853240903304,89.0,10.0,1.0,1.0,0.0,59.0
2844.385998247634,89.0,10.0,1.0,1.0,0.0,59.0
2844.685998247634,89.0,10.0,1.0,1.0,0.0,59.0
2844.6866724049373,89.0,10.0,1.0,1.0,0.0,59.0
2844.9866724049375,89.0,10.0,1.0,1.0,0.0,59.0
2844.987346562241,89.0,10.0,1.0,1.0,0.0,59.0
2845.287346562241,89.0,10.0,1.0,1.0,0.0,59.0
2845.2880207195444,89.0,10.0,1.0,1.0,0.0,59.0
2845.5880207195446,89.0,10.0,1.0,1.0,0.0,59.0
2845.588694876848,89.0,10.0,1.0,1.0,0.0,59.0
2845.888694876848,89.0,10.0,1.0,1.0,0.0,59.0
2845.8893690341515,89.0,10.0,1.0,1.0,0.0,59.0
2846.1893690341517,89.0,10.0,1.0,1.0,0.0,59.0
2846.190043191455,89.0,10.0,1.0,1.0,0.0,59.0
2846.4900431914552,89.0,10.0,1.0,1.0,0.0,59.0
2846.4907173487586,89.0,10.0,1.0,1.0,0.0,59.0
2846.790717348759,89.0,10.0,1.0,1.0,0.0,59.0
2846.791391506062,89.0,10.0,1.0,1.0,0.0,59.0
2847.0913915060623,89.0,10.0,1.0,1.0,0.0,59.0
2847.0920656633657,89.0,10.0,1.0,1.0,0.0,59.0
2847.392065663366,89.0,10.0,1.0,1.0,0.0,59.0
2847.3927398206692,90.0,10.0,1.0,1.0,0.0,59.0
2847.6927398206694,90.0,10.0,1.0,1.0,0.0,59.0
2847.6934064873362,90.0,10.0,1.0,1.0,0.0,59.0
2847.9934064873364,90.0,10.0,1.0,1.0,0.0,59.0
2847.994073154003,90.0,10.0,1.0,1.0,0.0,59.0
2848.2940731540034,90.0,10.0,1.0,1.0,0.0,59.0
2848.29473982067,90.0,10.0,1.0,1.0,0.0,59.0
2848.5947398206704,90.0,10.0,1.0,1.0,0.0,59.0
2848.595406487337,90.0,10.0,1.0,1.0,0.0,59.0
2848.8954064873374,90.0,10.0,1.0,1.0,0.0,59.0
2848.896073154004,90.0,10.0,1.0,1.0,0.0,59.0
2849.1960731540044,90.0,10.0,1.0,1.0,0.0,59.0
2849.196739820671,90.0,10.0,1.0,1.0,0.0,59.0
2849.4967398206713,90.0,10.0,1.0,1.0,0.0,59.0
2849.497406487338,90.0,10.0,1.0,1.0,0.0,59.0
2849.7974064873383,90.0,10.0,1.0,1.0,0.0,59.0
2849.798073154005,90.0,10.0,1.0,1.0,0.0,59.0
2850.0980731540053,90.0,10.0,1.0,1.0,0.0,59.0
2850.098739820672,90.0,10.0,1.0,1.0,0.0,59.0
2850.3987398206723,90.0,10.0,1.0,1.0,0.0,59.0
2850.399406487339,90.0,10.0,1.0,1.0,0.0,59.0
2850.6994064873393,90.0,10.0,1.0,1.0,0.0,59.0
2850.700073154006,90.0,10.0,1.0,1.0,0.0,59.0
2851.0000731540063,90.0,10.0,1.0,1.0,0.0,59.0
2851.000739820673,90.0,10.0,1.0,1.0,0.0,59.0
2851.3007398206732,90.0,10.0,1.0,1.0,0.0,59.0
2851.30140648734,90.0,10.0,1.0,1.0,0.0,59.0
2851.6014064873402,90.0,10.0,1.0,1.0,0.0,59.0
2851.602073154007,90.0,10.0,1.0,1.0,0.0,59.0
2851.902073154007,90.0,10.0,1.0,1.0,0.0,59.0
2851.902739820674,90.0,10.0,1.0,6.0,0.0,59.0
2852.202739820674,90.0,10.0,1.0,6.0,0.0,59.0
2852.203406487341,90.0,10.0,1.0,6.0,0.0,59.0
2852.503406487341,90.0,10.0,1.0,6.0,0.0,59.0
2852.504073154008,90.0,10.0,1.0,6.0,0.0,59.0
2852.804073154008,90.0,10.0,1.0,6.0,0.0,59.0
2852.804739820675,90.0,10.0,1.0,11.0,0.0,59.0
2853.104739820675,90.0,10.0,1.0,11.0,0.0,59.0
2853.105235688444,90.0,10.0,1.0,11.0,0.0,59.0
2853.405235688444,90.0,10.0,1.0,11.0,0.0,59.0
2853.4057315562127,90.0,10.0,1.0,11.0,0.0,59.0
2853.705731556213,90.0,10.0,1.0,11.0,0.0,59.0
2853.7062274239815,90.0,10.0,1.0,11.0,0.0,59.0
2854.0062274239817,90.0,10.0,1.0,11.0,0.0,59.0
2854.0067232917504,90.0,10.0,1.0,11.0,0.0,59.0
2854.3067232917506,90.0,10.0,1.0,11.0,0.0,59.0
2854.3072191595193,90.0,10.0,1.0,11.0,0.0,59.0
2854.6072191595194,90.0,10.0,1.0,11.0,0.0,59.0
2854.607715027288,90.0,10.0,1.0,11.0,0.0,59.0
2854.9077150272883,90.0,10.0,1.0,11.0,0.0,59.0
2854.908210895057,90.0,10.0,1.0,11.0,0.0,59.0
2855.208210895057,90.0,10.0,1.0,11.0,0.0,59.0
2855.208706762826,90.0,10.0,1.0,11.0,0.0,59.0
2855.508706762826,90.0,10.0,1.0,11.0,0.0,59.0
2855.5092026305947,90.0,10.0,1.0,11.0,0.0,59.0
2855.809202630595,90.0,10.0,1.0,11.0,0.0,59.0
2855.8096984983636,90.0,10.0,1.0,11.0,0.0,59.0
2856.1096984983637,90.0,10.0,1.0,11.0,0.0,59.0
2856.1101943661324,90.0,10.0,1.0,11.0,0.0,59.0
2856.4101943661326,90.0,10.0,1.0,11.0,0.0,59.0
2856.4106902339013,90.0,10.0,1.0,11.0,0.0,59.0
2856.7106902339015,90.0,10.0,1.0,11.0,0.0,59.0
2856.71118610167,90.0,10.0,1.0,11.0,0.0,59.0
2857.0111861016703,90.0,10.0,1.0,11.0,0.0,59.0
2857.011681969439,90.0,10.0,1.0,11.0,0.0,59.0
2857.311681969439,90.0,10.0,1.0,11.0,0.0,59.0
2857.312177837208,90.0,10.0,1.0,11.0,0.0,59.0
2857.612177837208,90.0,10.0,1.0,11.0,0.0,59.0
2857.6126737049767,90.0,10.0,1.0,11.0,0.0,59.0
2857.912673704977,90.0,10.0,1.0,11.0,0.0,59.0
2857.9131695727456,90.0,10.0,1.0,9.0,0.0,60.0
2858.2131695727458,90.0,10.0,1.0,9.0,0.0,60.0
2858.2138362394126,90.0,10.0,1.0,9.0,0.0,60.0
2858.5138362394127,90.0,10.0,1.0,9.0,0.0,60.0
2858.5145029060795,90.0,10.0,1.0,9.0,0.0,60.0
2858.8145029060797,90.0,10.0,1.0,9.0,0.0,60.0
2858.8151695727465,90.0,10.0,1.0,9.0,0.0,60.0
2859.1151695727467,90.0,10.0,1.0,9.0,0.0,60.0
2859.1158362394135,90.0,10.0,1.0,9.0,0.0,60.0
2859.4158362394137,90.0,10.0,1.0,9.0,0.0,60.0
2859.4165029060805,90.0,10.0,1.0,9.0,0.0,60.0
2859.7165029060807,90.0,10.0,1.0,9.0,0.0,60.0
2859.7171695727475,90.0,10.0,1.0,9.0,0.0,60.0
2860.0171695727477,90.0,10.0,1.0,9.0,0.0,60.0
2860.0178362394145,90.0,10.0,1.0,9.0,0.0,60.0
2860.3178362394146,90.0,10.0,1.0,9.0,0.0,60.0
2860.3185029060814,90.0,10.0,1.0,9.0,0.0,60.0
2860.6185029060816,90.0,10.0,1.0,9.0,0.0,60.0
2860.6191695727484,90.0,10.0,1.0,9.0,0.0,60.0
2860.9191695727486,90.0,10.0,1.0,9.0,0.0,60.0
2860.9198362394154,90.0,10.0,1.0,9.0,0.0,60.0
2861.2198362394156,90.0,10.0,1.0,9.0,0.0,60.0
2861.2205029060824,90.0,10.0,1.0,9.0,0.0,60.0
2861.5205029060826,90.0,10.0,1.0,9.0,0.0,60.0
2861.5211695727494,90.0,10.0,1.0,9.0,0.0,60.0
2861.8211695727496,90.0,10.0,1.0,9.0,0.0,60.0
2861.8218362394164,90.0,10.0,1.0,9.0,0.0,60.0
2862.1218362394166,90.0,10.0,1.0,9.0,0.0,60.0
2862.1225029060834,90.0,10.0,1.0,9.0,0.0,60.0
2862.4225029060835,90.0,10.0,1.0,9.0,0.0,60.0
2862.4231695727503,90.0,10.0,1.0,9.0,0.0,60.0
2862.7231695727505,90.0,10.0,1.0,9.0,0.0,60.0
2862.7238362394173,90.0,10.0,1.0,9.0,0.0,60.0
2863.0238362394175,90.0,10.0,1.0,9.0,0.0,60.0
2863.0245029060843,90.0,10.0,1.0,9.0,0.0,60.0
2863.3245029060845,90.0,10.0,1.0,9.0,0.0,60.0
2863.3251695727513,90.0,10.0,1.0,9.0,0.0,60.0
2863.6251695727515,90.0,10.0,1.0,9.0,0.0,60.0
2863.6258362394183,90.0,10.0,1.0,9.0,0.0,60.0
2863.9258362394185,90.0,10.0,1.0,9.0,0.0,60.0
2863.9265029060853,90.0,10.0,1.0,9.0,0.0,60.0
2864.2265029060854,90.0,10.0,1.0,9.0,0.0,60.0
2864.2271695727522,90.0,10.0,1.0,9.0,0.0,60.0
2864.5271695727524,90.0,10.0,1.0,9.0,0.0,60.0
2864.5278362394192,90.0,10.0,1.0,9.0,0.0,60.0
2864.8278362394194,90.0,10.0,1.0,9.0,0.0,60.0
2864.828502906086,90.0,10.0,1.0,9.0,0.0,60.0
2865.1285029060864,90.0,10.0,1.0,9.0,0.0,60.0
2865.129169572753,90.0,10.0,1.0,9.0,0.0,60.0
2865.4291695727534,90.0,10.0,1.0,9.0,0.0,60.0
2865.42983623942,90.0,10.0,1.0,9.0,0.0,60.0
2865.7298362394204,90.0,10.0,1.0,9.0,0.0,60.0
2865.730502906087,90.0,10.0,1.0,9.0,0.0,60.0
2866.0305029060873,90.0,10.0,1.0,9.0,0.0,60.0
2866.031169572754,90.0,10.0,1.0,9.0,0.0,60.0
2866.3311695727543,90.0,10.0,1.0,9.0,0.0,60.0
2866.331836239421,90.0,10.0,1.0,9.0,0.0,60.0
2866.6318362394213,90.0,10.0,1.0,9.0,0.0,60.0
2866.632502906088,90.0,10.0,1.0,9.0,0.0,60.0
2866.9325029060883,90.0,10.0,1.0,9.0,0.0,60.0
2866.933169572755,90.0,10.0,1.0,9.0,0.0,60.0
2867.2331695727553,90.0,10.0,1.0,9.0,0.0,60.0
2867.233836239422,90.0,10.0,1.0,9.0,0.0,60.0
2867.5338362394223,90.0,10.0,1.0,9.0,0.0,60.0
2867.534502906089,90.0,10.0,1.0,9.0,0.0,60.0
2867.8345029060893,90.0,10.0,1.0,9.0,0.0,60.0
2867.835169572756,90.0,10.0,1.0,9.0,0.0,60.0
2868.1351695727562,90.0,10.0,1.0,9.0,0.0,60.0
2868.135836239423,90.0,10.0,1.0,9.0,0.0,60.0
2868.435836239423,90.0,10.0,1.0,9.0,0.0,60.0
2868.43650290609,90.0,10.0,1.0,9.0,0.0,60.0
2868.73650290609,90.0,10.0,1.0,9.0,0.0,60.0
2868.737169572757,90.0,10.0,1.0,9.0,0.0,60.0
2869.037169572757,90.0,10.0,1.0,9.0,0.0,60.0
2869.037836239424,90.0,10.0,1.0,9.0,0.0,60.0
2869.337836239424,90.0,10.0,1.0,9.0,0.0,60.0
2869.338502906091,90.0,10.0,1.0,9.0,0.0,60.0
2869.638502906091,90.0,10.0,1.0,9.0,0.0,60.0
2869.639169572758,90.0,10.0,1.0,9.0,0.0,60.0
2869.939169572758,90.0,10.0,1.0,9.0,0.0,60.0
2869.939836239425,90.0,10.0,1.0,9.0,0.0,60.0
2870.239836239425,90.0,10.0,1.0,9.0,0.0,60.0
2870.240502906092,90.0,10.0,1.0,9.0,0.0,60.0
2870.540502906092,90.0,10.0,1.0,9.0,0.0,60.0
2870.541169572759,90.0,10.0,1.0,9.0,0.0,60.0
2870.841169572759,90.0,10.0,1.0,9.0,0.0,60.0
2870.841836239426,90.0,10.0,1.0,9.0,0.0,60.0
2871.141836239426,90.0,10.0,1.0,9.0,0.0,60.0
2871.142502906093,90.0,10.0,1.0,9.0,0.0,60.0
2871.442502906093,90.0,10.0,1.0,9.0,0.0,60.0
2871.44316957276,90.0,10.0,1.0,9.0,0.0,60.0
2871.74316957276,90.0,10.0,1.0,9.0,0.0,60.0
2871.743836239427,90.0,10.0,1.0,9.0,0.0,60.0
2872.043836239427,90.0,10.0,1.0,9.0,0.0,60.0
2872.044502906094,90.0,10.0,1.0,9.0,0.0,60.0
2872.344502906094,90.0,10.0,1.0,9.0,0.0,60.0
2872.345169572761,90.0,10.0,1.0,9.0,0.0,60.0
2872.645169572761,90.0,10.0,1.0,9.0,0.0,60.0
2872.645836239428,90.0,10.0,1.0,9.0,0.0,60.0
2872.945836239428,90.0,10.0,1.0,9.0,0.0,60.0
2872.946502906095,90.0,10.0,1.0,9.0,0.0,60.0
2873.246502906095,90.0,10.0,1.0,9.0,0.0,60.0
2873.247169572762,90.0,10.0,1.0,9.0,0.0,60.0
2873.547169572762,90.0,10.0,1.0,9.0,0.0,60.0
2873.5478362394288,89.0,10.0,1.0,9.0,0.0,60.0
2873.847836239429,89.0,10.0,1.0,9.0,0.0,60.0
2873.8485103967323,89.0,10.0,1.0,9.0,0.0,60.0
2874.1485103967325,89.0,10.0,1.0,9.0,0.0,60.0
2874.149184554036,89.0,10.0,1.0,9.0,0.0,60.0
2874.449184554036,89.0,10.0,1.0,9.0,0.0,60.0
2874.4498587113394,89.0,10.0,1.0,9.0,0.0,60.0
2874.7498587113396,89.0,10.0,1.0,9.0,0.0,60.0
2874.750532868643,88.0,10.0,1.0,9.0,0.0,60.0
2875.050532868643,88.0,10.0,1.0,9.0,0.0,60.0
2875.051214686825,88.0,10.0,1.0,9.0,0.0,60.0
2875.351214686825,88.0,10.0,1.0,9.0,0.0,60.0
2875.351896505007,88.0,10.0,1.0,9.0,0.0,60.0
2875.6518965050072,88.0,10.0,1.0,9.0,0.0,60.0
2875.652578323189,88.0,10.0,1.0,9.0,0.0,60.0
2875.9525783231893,88.0,10.0,1.0,9.0,0.0,60.0
2875.953260141371,88.0,10.0,1.0,7.0,0.0,61.0
2876.2532601413714,88.0,10.0,1.0,7.0,0.0,61.0
2876.2539419595532,88.0,10.0,1.0,7.0,0.0,61.0
2876.5539419595534,88.0,10.0,1.0,7.0,0.0,61.0
2876.5546237777353,88.0,10.0,1.0,7.0,0.0,61.0
2876.8546237777355,88.0,10.0,1.0,7.0,0.0,61.0
2876.8553055959173,88.0,10.0,1.0,7.0,0.0,61.0
2877.1553055959175,88.0,10.0,1.0,7.0,0.0,61.0
2877.1559874140994,88.0,10.0,1.0,7.0,0.0,61.0
2877.4559874140996,88.0,10.0,1.0,7.0,0.0,61.0
2877.4566692322815,88.0,10.0,1.0,7.0,0.0,61.0
2877.7566692322816,88.0,10.0,1.0,7.0,0.0,61.0
2877.7573510504635,88.0,10.0,1.0,7.0,0.0,61.0
2878.0573510504637,88.0,10.0,1.0,7.0,0.0,61.0
2878.0580328686456,88.0,10.0,1.0,7.0,0.0,61.0
2878.3580328686458,88.0,10.0,1.0,7.0,0.0,61.0
2878.3587146868276,88.0,10.0,1.0,7.0,0.0,61.0
2878.658714686828,88.0,10.0,1.0,7.0,0.0,61.0
2878.6593965050097,88.0,10.0,1.0,7.0,0.0,61.0
2878.95939650501,88.0,10.0,1.0,7.0,0.0,61.0
2878.9600783231917,88.0,10.0,1.0,7.0,0.0,61.0
2879.260078323192,88.0,10.0,1.0,7.0,0.0,61.0
2879.260760141374,88.0,10.0,1.0,7.0,0.0,61.0
2879.560760141374,88.0,10.0,1.0,7.0,0.0,61.0
2879.561441959556,88.0,10.0,1.0,7.0,0.0,61.0
2879.861441959556,88.0,10.0,1.0,7.0,0.0,61.0
2879.862123777738,88.0,10.0,1.0,7.0,0.0,61.0
2880.162123777738,88.0,10.0,1.0,7.0,0.0,61.0
2880.16280559592,88.0,10.0,1.0,7.0,0.0,61.0
2880.46280559592,88.0,10.0,1.0,7.0,0.0,61.0
2880.463487414102,88.0,10.0,1.0,7.0,0.0,61.0
2880.763487414102,88.0,10.0,1.0,7.0,0.0,61.0
2880.764169232284,88.0,10.0,1.0,7.0,0.0,61.0
2881.0641692322843,88.0,10.0,1.0,7.0,0.0,61.0
2881.064851050466,88.0,10.0,1.0,7.0,0.0,61.0
2881.3648510504663,88.0,10.0,1.0,7.0,0.0,61.0
2881.365532868648,88.0,10.0,1.0,7.0,0.0,61.0
2881.6655328686484,88.0,10.0,1.0,7.0,0.0,61.0
2881.6662146868302,88.0,10.0,1.0,7.0,0.0,61.0
2881.9662146868304,88.0,10.0,1.0,7.0,0.0,61.0
2881.9668965050123,88.0,10.0,1.0,7.0,0.0,61.0
2882.2668965050125,88.0,10.0,1.0,7.0,0.0,61.0
2882.2675783231944,88.0,10.0,1.0,7.0,0.0,61.0
2882.5675783231945,88.0,10.0,1.0,7.0,0.0,61.0
2882.5682601413764,88.0,10.0,1.0,7.0,0.0,61.0
2882.8682601413766,88.0,10.0,1.0,7.0,0.0,61.0
2882.8689419595585,88.0,10.0,1.0,7.0,0.0,61.0
2883.1689419595587,88.0,10.0,1.0,7.0,0.0,61.0
2883.1696237777405,88.0,10.0,1.0,7.0,0.0,61.0
2883.4696237777407,88.0,10.0,1.0,7.0,0.0,61.0
2883.4703055959226,88.0,10.0,1.0,7.0,0.0,61.0
2883.7703055959228,88.0,10.0,1.0,7.0,0.0,61.0
2883.7709874141046,88.0,10.0,1.0,7.0,0.0,61.0
2884.070987414105,88.0,10.0,1.0,7.0,0.0,61.0
2884.0716692322867,88.0,10.0,1.0,7.0,0.0,61.0
2884.371669232287,88.0,10.0,1.0,7.0,0.0,61.0
2884.3723510504688,88.0,10.0,1.0,7.0,0.0,61.0
2884.672351050469,88.0,10.0,1.0,7.0,0.0,61.0
2884.673032868651,88.0,10.0,1.0,7.0,0.0,61.0
2884.973032868651,88.0,10.0,1.0,7.0,0.0,61.0
2884.973714686833,88.0,10.0,1.0,7.0,0.0,61.0
2885.273714686833,88.0,10.0,1.0,7.0,0.0,61.0
2885.274396505015,88.0,10.0,1.0,7.0,0.0,61.0
2885.574396505015,88.0,10.0,1.0,7.0,0.0,61.0
2885.575078323197,88.0,10.0,1.0,7.0,0.0,61.0
2885.875078323197,88.0,10.0,1.0,7.0,0.0,61.0
2885.875760141379,88.0,10.0,1.0,7.0,0.0,61.0
2886.175760141379,88.0,10.0,1.0,7.0,0.0,61.0
2886.176441959561,88.0,10.0,1.0,7.0,0.0,61.0
2886.4764419595613,88.0,10.0,1.0,7.0,0.0,61.0
2886.477123777743,88.0,10.0,1.0,7.0,0.0,61.0
2886.7771237777433,88.0,10.0,1.0,7.0,0.0,61.0
2886.777805595925,88.0,10.0,1.0,7.0,0.0,61.0
2887.0778055959254,88.0,10.0,1.0,7.0,0.0,61.0
2887.0784874141073,88.0,10.0,1.0,7.0,0.0,61.0
2887.3784874141074,88.0,10.0,1.0,7.0,0.0,61.0
2887.3791692322893,88.0,10.0,1.0,7.0,0.0,61.0
2887.6791692322895,88.0,10.0,1.0,7.0,0.0,61.0
2887.6798510504714,88.0,10.0,1.0,7.0,0.0,61.0
2887.9798510504716,88.0,10.0,1.0,7.0,0.0,61.0
2887.9805328686534,88.0,10.0,1.0,7.0,0.0,61.0
2888.2805328686536,88.0,10.0,1.0,7.0,0.0,61.0
2888.2812146868355,88.0,10.0,1.0,7.0,0.0,61.0
2888.5812146868357,88.0,10.0,1.0,7.0,0.0,61.0
2888.5818965050175,88.0,10.0,1.0,7.0,0.0,61.0
2888.8818965050177,88.0,10.0,1.0,7.0,0.0,61.0
2888.8825783231996,88.0,10.0,1.0,7.0,0.0,61.0
2889.1825783232,88.0,10.0,1.0,7.0,0.0,61.0
2889.1832601413817,88.0,10.0,1.0,7.0,0.0,61.0
2889.483260141382,88.0,10.0,1.0,7.0,0.0,61.0
2889.4839419595637,88.0,10.0,1.0,7.0,0.0,61.0
2889.783941959564,88.0,10.0,1.0,7.0,0.0,61.0
2889.7846237777458,88.0,10.0,1.0,7.0,0.0,61.0
2890.084623777746,88.0,10.0,1.0,7.0,0.0,61.0
2890.085305595928,88.0,10.0,1.0,7.0,0.0,61.0
2890.385305595928,88.0,10.0,1.0,7.0,0.0,61.0
2890.38598741411,88.0,10.0,1.0,7.0,0.0,61.0
2890.68598741411,88.0,10.0,1.0,7.0,0.0,61.0
2890.686669232292,88.0,10.0,1.0,7.0,0.0,61.0
2890.986669232292,88.0,10.0,1.0,7.0,0.0,61.0
2890.987351050474,88.0,10.0,1.0,7.0,0.0,61.0
2891.287351050474,88.0,10.0,1.0,7.0,0.0,61.0
2891.288032868656,88.0,10.0,1.0,7.0,0.0,61.0
2891.5880328686562,88.0,10.0,1.0,7.0,0.0,61.0
2891.588714686838,88.0,10.0,1.0,7.0,0.0,61.0
2891.8887146868383,88.0,10.0,1.0,7.0,0.0,61.0
2891.88939650502,88.0,10.0,1.0,7.0,0.0,61.0
2892.1893965050203,88.0,10.0,1.0,7.0,0.0,61.0
2892.190078323202,88.0,10.0,1.0,7.0,0.0,61.0
2892.4900783232024,88.0,10.0,1.0,7.0,0.0,61.0
2892.4907601413843,88.0,10.0,1.0,7.0,0.0,61.0
2892.7907601413845,88.0,10.0,1.0,7.0,0.0,61.0
2892.7914419595663,88.0,10.0,1.0,7.0,0.0,61.0
2893.0914419595665,88.0,10.0,1.0,7.0,0.0,61.0
2893.0921237777484,88.0,10.0,1.0,7.0,0.0,61.0
2893.3921237777486,88.0,10.0,1.0,7.0,0.0,61.0
2893.3928055959304,88.0,10.0,1.0,7.0,0.0,61.0
2893.6928055959306,88.0,10.0,1.0,7.0,0.0,61.0
2893.6934874141125,88.0,10.0,1.0,7.0,0.0,61.0
2893.9934874141127,88.0,10.0,1.0,7.0,0.0,61.0
2893.9941692322946,88.0,10.0,1.0,7.0,0.0,61.0
2894.2941692322947,88.0,10.0,1.0,7.0,0.0,61.0
2894.2948510504766,88.0,10.0,1.0,7.0,0.0,61.0
2894.594851050477,88.0,10.0,1.0,7.0,0.0,61.0
2894.5955328686587,88.0,10.0,1.0,7.0,0.0,61.0
2894.895532868659,88.0,10.0,1.0,7.0,0.0,61.0
2894.8962146868407,88.0,10.0,1.0,7.0,0.0,61.0
2895.196214686841,88.0,10.0,1.0,7.0,0.0,61.0
2895.196896505023,88.0,10.0,1.0,7.0,0.0,61.0
2895.496896505023,88.0,10.0,1.0,7.0,0.0,61.0
2895.497578323205,88.0,10.0,1.0,7.0,0.0,61.0
2895.797578323205,88.0,10.0,1.0,7.0,0.0,61.0
2895.798260141387,88.0,10.0,1.0,7.0,0.0,61.0
2896.098260141387,88.0,10.0,1.0,7.0,0.0,61.0
2896.098941959569,88.0,10.0,1.0,7.0,0.0,61.0
2896.398941959569,88.0,10.0,1.0,7.0,0.0,61.0
2896.399623777751,88.0,10.0,1.0,7.0,0.0,61.0
2896.699623777751,88.0,10.0,1.0,7.0,0.0,61.0
2896.700305595933,88.0,10.0,1.0,7.0,0.0,61.0
2897.0003055959332,88.0,10.0,1.0,7.0,0.0,61.0
2897.000987414115,88.0,10.0,1.0,7.0,0.0,61.0
2897.3009874141153,88.0,10.0,1.0,7.0,0.0,61.0
2897.301669232297,88.0,10.0,1.0,7.0,0.0,61.0
2897.6016692322974,88.0,10.0,1.0,7.0,0.0,61.0
2897.6023510504792,88.0,10.0,1.0,7.0,0.0,61.0
2897.9023510504794,88.0,10.0,1.0,7.0,0.0,61.0
2897.9030328686613,88.0,10.0,1.0,7.0,0.0,61.0
2898.2030328686615,88.0,10.0,1.0,7.0,0.0,61.0
2898.2037146868433,88.0,10.0,1.0,7.0,0.0,61.0
2898.5037146868435,88.0,10.0,1.0,7.0,0.0,61.0
2898.5043965050254,88.0,10.0,1.0,5.0,0.0,62.0
2898.8043965050256,88.0,10.0,1.0,5.0,0.0,62.0
2898.8050783232075,88.0,10.0,1.0,5.0,0.0,62.0
2899.1050783232076,88.0,10.0,1.0,5.0,0.0,62.0
2899.1057601413895,88.0,10.0,1.0,5.0,0.0,62.0
2899.4057601413897,88.0,10.0,1.0,5.0,0.0,62.0
2899.4064419595716,88.0,10.0,1.0,5.0,0.0,62.0
2899.7064419595717,88.0,10.0,1.0,5.0,0.0,62.0
2899.7071237777536,88.0,10.0,1.0,5.0,0.0,62.0
2900.007123777754,88.0,10.0,1.0,5.0,0.0,62.0
2900.0078055959357,88.0,10.0,1.0,5.0,0.0,62.0
2900.307805595936,88.0,10.0,1.0,5.0,0.0,62.0
2900.3084874141177,88.0,10.0,1.0,5.0,0.0,62.0
2900.608487414118,88.0,10.0,1.0,5.0,0.0,62.0
2900.6091692323,88.0,10.0,1.0,5.0,0.0,62.0
2900.9091692323,88.0,10.0,1.0,5.0,0.0,62.0
2900.909851050482,88.0,10.0,1.0,5.0,0.0,62.0
2901.209851050482,88.0,10.0,1.0,5.0,0.0,62.0
2901.210532868664,88.0,10.0,1.0,5.0,0.0,62.0
2901.510532868664,88.0,10.0,1.0,5.0,0.0,62.0
2901.511214686846,88.0,10.0,1.0,5.0,0.0,62.0
2901.811214686846,88.0,10.0,1.0,5.0,0.0,62.0
2901.811896505028,88.0,10.0,1.0,5.0,0.0,62.0
2902.111896505028,88.0,10.0,1.0,5.0,0.0,62.0
2902.11257832321,88.0,10.0,1.0,5.0,0.0,62.0
2902.4125783232103,88.0,10.0,1.0,5.0,0.0,62.0
2902.413260141392,88.0,10.0,1.0,5.0,0.0,62.0
2902.7132601413923,88.0,10.0,1.0,5.0,0.0,62.0
2902.713941959574,88.0,10.0,1.0,5.0,0.0,62.0
2903.0139419595744,88.0,10.0,1.0,5.0,0.0,62.0
2903.0146237777562,88.0,10.0,1.0,5.0,0.0,62.0
2903.3146237777564,88.0,10.0,1.0,5.0,0.0,62.0
2903.3153055959383,88.0,10.0,1.0,5.0,0.0,62.0
2903.6153055959385,88.0,10.0,1.0,5.0,0.0,62.0
2903.6159874141204,88.0,10.0,1.0,5.0,0.0,62.0
2903.9159874141205,88.0,10.0,1.0,5.0,0.0,62.0
2903.9166692323024,88.0,10.0,1.0,5.0,0.0,62.0
2904.2166692323026,88.0,10.0,1.0,5.0,0.0,62.0
2904.2173510504845,88.0,10.0,1.0,5.0,0.0,62.0
2904.5173510504846,88.0,10.0,1.0,5.0,0.0,62.0
2904.5180328686665,88.0,10.0,1.0,5.0,0.0,62.0
2904.8180328686667,88.0,10.0,1.0,5.0,0.0,62.0
2904.8187146868486,88.0,10.0,1.0,5.0,0.0,62.0
2905.1187146868488,88.0,10.0,1.0,5.0,0.0,62.0
2905.1193965050306,88.0,10.0,1.0,5.0,0.0,62.0
2905.419396505031,88.0,10.0,1.0,5.0,0.0,62.0
2905.4200783232127,88.0,10.0,1.0,5.0,0.0,62.0
2905.720078323213,88.0,10.0,1.0,5.0,0.0,62.0
2905.7207601413947,88.0,10.0,1.0,5.0,0.0,62.0
2906.020760141395,88.0,10.0,1.0,5.0,0.0,62.0
2906.021441959577,88.0,10.0,1.0,5.0,0.0,62.0
2906.321441959577,88.0,10.0,1.0,5.0,0.0,62.0
2906.322123777759,88.0,10.0,1.0,5.0,0.0,62.0
2906.622123777759,88.0,10.0,1.0,5.0,0.0,62.0
2906.622805595941,88.0,10.0,1.0,5.0,0.0,62.0
2906.922805595941,88.0,10.0,1.0,5.0,0.0,62.0
2906.923487414123,88.0,10.0,1.0,5.0,0.0,62.0
2907.223487414123,88.0,10.0,1.0,5.0,0.0,62.0
2907.224169232305,88.0,10.0,1.0,5.0,0.0,62.0
2907.524169232305,88.0,10.0,1.0,5.0,0.0,62.0
2907.524851050487,88.0,10.0,1.0,5.0,0.0,62.0
2907.8248510504873,88.0,10.0,1.0,5.0,0.0,62.0
2907.825532868669,88.0,10.0,1.0,5.0,0.0,62.0
2908.1255328686693,88.0,10.0,1.0,5.0,0.0,62.0
2908.126214686851,88.0,10.0,1.0,5.0,0.0,62.0
2908.4262146868514,88.0,10.0,1.0,5.0,0.0,62.0
2908.4268965050333,88.0,10.0,1.0,5.0,0.0,62.0
2908.7268965050334,88.0,10.0,1.0,5.0,0.0,62.0
2908.7275783232153,88.0,10.0,1.0,5.0,0.0,62.0
2909.0275783232155,88.0,10.0,1.0,5.0,0.0,62.0
2909.0282601413974,88.0,10.0,1.0,5.0,0.0,62.0
2909.3282601413975,88.0,10.0,1.0,5.0,0.0,62.0
2909.3289419595794,88.0,10.0,1.0,5.0,0.0,62.0
2909.6289419595796,88.0,10.0,1.0,5.0,0.0,62.0
2909.6296237777615,88.0,10.0,1.0,5.0,0.0,62.0
2909.9296237777617,88.0,10.0,1.0,5.0,0.0,62.0
2909.9303055959435,88.0,10.0,1.0,5.0,0.0,62.0
2910.2303055959437,88.0,10.0,1.0,5.0,0.0,62.0
2910.2309874141256,88.0,10.0,1.0,5.0,0.0,62.0
2910.530987414126,88.0,10.0,1.0,5.0,0.0,62.0
2910.5316692323076,88.0,10.0,1.0,5.0,0.0,62.0
2910.831669232308,88.0,10.0,1.0,5.0,0.0,62.0
2910.8323510504897,88.0,10.0,1.0,5.0,0.0,62.0
2911.13235105049,88.0,10.0,1.0,5.0,0.0,62.0
2911.1330328686718,88.0,10.0,1.0,5.0,0.0,62.0
2911.433032868672,88.0,10.0,1.0,5.0,0.0,62.0
2911.433714686854,88.0,10.0,1.0,5.0,0.0,62.0
2911.733714686854,88.0,10.0,1.0,5.0,0.0,62.0
2911.734396505036,88.0,10.0,1.0,5.0,0.0,62.0
2912.034396505036,88.0,10.0,1.0,5.0,0.0,62.0
2912.035078323218,88.0,10.0,1.0,5.0,0.0,62.0
2912.335078323218,88.0,10.0,1.0,5.0,0.0,62.0
2912.3357601414,88.0,10.0,1.0,5.0,0.0,62.0
2912.6357601414,88.0,10.0,1.0,5.0,0.0,62.0
2912.636441959582,88.0,10.0,1.0,5.0,0.0,62.0
2912.936441959582,88.0,10.0,1.0,5.0,0.0,62.0
2912.937123777764,88.0,10.0,1.0,5.0,0.0,62.0
2913.2371237777643,88.0,10.0,1.0,5.0,0.0,62.0
2913.237805595946,88.0,10.0,1.0,5.0,0.0,62.0
2913.5378055959463,88.0,10.0,1.0,5.0,0.0,62.0
2913.538487414128,88.0,10.0,1.0,5.0,0.0,62.0
2913.8384874141284,88.0,10.0,1.0,5.0,0.0,62.0
2913.8391692323103,88.0,10.0,1.0,5.0,0.0,62.0
2914.1391692323105,88.0,10.0,1.0,5.0,0.0,62.0
2914.1398510504923,88.0,10.0,1.0,5.0,0.0,62.0
2914.4398510504925,88.0,10.0,1.0,5.0,0.0,62.0
2914.4405328686744,88.0,10.0,1.0,5.0,0.0,62.0
2914.7405328686746,88.0,10.0,1.0,5.0,0.0,62.0
2914.7412146868564,88.0,10.0,1.0,5.0,0.0,62.0
2915.0412146868566,88.0,10.0,1.0,5.0,0.0,62.0
2915.0418965050385,88.0,10.0,1.0,5.0,0.0,62.0
2915.3418965050387,88.0,10.0,1.0,5.0,0.0,62.0
2915.3425783232206,88.0,10.0,1.0,5.0,0.0,62.0
2915.6425783232207,88.0,10.0,1.0,5.0,0.0,62.0
2915.6432601414026,88.0,10.0,1.0,5.0,0.0,62.0
2915.943260141403,88.0,10.0,1.0,5.0,0.0,62.0
2915.9439419595847,88.0,10.0,1.0,5.0,0.0,62.0
2916.243941959585,88.0,10.0,1.0,5.0,0.0,62.0
2916.2446237777667,88.0,10.0,1.0,5.0,0.0,62.0
2916.544623777767,88.0,10.0,1.0,5.0,0.0,62.0
2916.545305595949,88.0,10.0,1.0,5.0,0.0,62.0
2916.845305595949,88.0,10.0,1.0,5.0,0.0,62.0
2916.845987414131,88.0,10.0,1.0,5.0,0.0,62.0
2917.145987414131,88.0,10.0,1.0,5.0,0.0,62.0
2917.146669232313,88.0,10.0,1.0,5.0,0.0,62.0
2917.446669232313,88.0,10.0,1.0,5.0,0.0,62.0
2917.447351050495,88.0,10.0,1.0,5.0,0.0,62.0
2917.747351050495,88.0,10.0,1.0,5.0,0.0,62.0
2917.748032868677,88.0,10.0,1.0,5.0,0.0,62.0
2918.048032868677,88.0,10.0,1.0,5.0,0.0,62.0
2918.048714686859,88.0,10.0,1.0,5.0,0.0,62.0
2918.3487146868592,88.0,10.0,1.0,5.0,0.0,62.0
2918.349396505041,88.0,10.0,1.0,5.0,0.0,62.0
2918.6493965050413,88.0,10.0,1.0,5.0,0.0,62.0
2918.650078323223,88.0,10.0,1.0,5.0,0.0,62.0
2918.9500783232234,88.0,10.0,1.0,5.0,0.0,62.0
2918.950760141405,88.0,10.0,1.0,5.0,0.0,62.0
2919.2507601414054,88.0,10.0,1.0,5.0,0.0,62.0
2919.2514419595873,88.0,10.0,1.0,5.0,0.0,62.0
2919.5514419595875,88.0,10.0,1.0,5.0,0.0,62.0
2919.5521237777693,88.0,10.0,1.0,5.0,0.0,62.0
2919.8521237777695,88.0,10.0,1.0,5.0,0.0,62.0
2919.8528055959514,88.0,10.0,1.0,5.0,0.0,62.0
2920.1528055959516,88.0,10.0,1.0,5.0,0.0,62.0
2920.1534874141335,88.0,10.0,1.0,5.0,0.0,62.0
2920.4534874141336,88.0,10.0,1.0,5.0,0.0,62.0
2920.4541692323155,88.0,10.0,1.0,5.0,0.0,62.0
2920.7541692323157,88.0,10.0,1.0,5.0,0.0,62.0
2920.7548510504976,88.0,10.0,1.0,5.0,0.0,62.0
2921.0548510504977,88.0,10.0,1.0,5.0,0.0,62.0
2921.0555328686796,88.0,10.0,1.0,5.0,0.0,62.0
2921.35553286868,88.0,10.0,1.0,5.0,0.0,62.0
2921.3562146868617,88.0,10.0,1.0,5.0,0.0,62.0
2921.656214686862,88.0,10.0,1.0,5.0,0.0,62.0
2921.6568965050437,88.0,10.0,1.0,5.0,0.0,62.0
2921.956896505044,88.0,10.0,1.0,5.0,0.0,62.0
2921.957578323226,88.0,10.0,1.0,5.0,0.0,62.0
2922.257578323226,88.0,10.0,1.0,5.0,0.0,62.0
2922.258260141408,88.0,10.0,1.0,5.0,0.0,62.0
2922.558260141408,88.0,10.0,1.0,5.0,0.0,62.0
2922.55894195959,88.0,10.0,1.0,5.0,0.0,62.0
2922.85894195959,88.0,10.0,1.0,5.0,0.0,62.0
2922.859623777772,88.0,10.0,1.0,5.0,0.0,62.0
2923.159623777772,88.0,10.0,1.0,5.0,0.0,62.0
2923.160305595954,88.0,10.0,1.0,5.0,0.0,62.0
2923.460305595954,88.0,10.0,1.0,5.0,0.0,62.0
2923.460987414136,88.0,10.0,1.0,5.0,0.0,62.0
2923.7609874141363,88.0,10.0,1.0,5.0,0.0,62.0
2923.761669232318,88.0,10.0,1.0,5.0,0.0,62.0
2924.0616692323183,88.0,10.0,1.0,5.0,0.0,62.0
2924.0623510505,88.0,10.0,1.0,5.0,0.0,62.0
2924.3623510505004,88.0,10.0,1.0,5.0,0.0,62.0
2924.3630328686822,88.0,10.0,1.0,5.0,0.0,62.0
2924.6630328686824,88.0,10.0,1.0,5.0,0.0,62.0
2924.6637146868643,88.0,10.0,1.0,5.0,0.0,62.0
2924.9637146868645,88.0,10.0,1.0,5.0,0.0,62.0
2924.9643965050464,88.0,10.0,1.0,5.0,0.0,62.0
2925.2643965050465,88.0,10.0,1.0,5.0,0.0,62.0
2925.2650783232284,88.0,10.0,1.0,5.0,0.0,62.0
2925.5650783232286,88.0,10.0,1.0,5.0,0.0,62.0
2925.5657601414105,88.0,10.0,1.0,5.0,0.0,62.0
2925.8657601414106,88.0,10.0,1.0,5.0,0.0,62.0
2925.8664419595925,88.0,10.0,1.0,5.0,0.0,62.0
2926.1664419595927,88.0,10.0,1.0,5.0,0.0,62.0
2926.1671237777746,88.0,10.0,1.0,5.0,0.0,62.0
2926.4671237777748,88.0,10.0,1.0,5.0,0.0,62.0
2926.4678055959566,88.0,10.0,1.0,5.0,0.0,62.0
2926.767805595957,88.0,10.0,1.0,5.0,0.0,62.0
2926.7684874141387,88.0,10.0,1.0,5.0,0.0,62.0
2927.068487414139,88.0,10.0,1.0,5.0,0.0,62.0
2927.0691692323207,88.0,10.0,1.0,5.0,0.0,62.0
2927.369169232321,88.0,10.0,1.0,5.0,0.0,62.0
2927.369851050503,88.0,10.0,1.0,5.0,0.0,62.0
2927.669851050503,88.0,10.0,1.0,5.0,0.0,62.0
2927.670532868685,88.0,10.0,1.0,5.0,0.0,62.0
2927.970532868685,88.0,10.0,1.0,5.0,0.0,62.0
2927.971214686867,88.0,10.0,1.0,5.0,0.0,62.0
2928.271214686867,88.0,10.0,1.0,5.0,0.0,62.0
2928.271896505049,88.0,10.0,1.0,5.0,0.0,62.0
2928.571896505049,88.0,10.0,1.0,5.0,0.0,62.0
2928.572578323231,88.0,10.0,1.0,5.0,0.0,62.0
2928.872578323231,88.0,10.0,1.0,5.0,0.0,62.0
2928.873260141413,88.0,10.0,1.0,5.0,0.0,62.0
2929.1732601414133,88.0,10.0,1.0,5.0,0.0,62.0
2929.173941959595,88.0,10.0,1.0,5.0,0.0,62.0
2929.4739419595953,88.0,10.0,1.0,5.0,0.0,62.0
2929.474623777777,88.0,10.0,1.0,5.0,0.0,62.0
2929.7746237777774,88.0,10.0,1.0,5.0,0.0,62.0
2929.7753055959593,88.0,10.0,1.0,5.0,0.0,62.0
2930.0753055959594,88.0,10.0,1.0,5.0,0.0,62.0
2930.0759874141413,88.0,10.0,1.0,5.0,0.0,62.0
2930.3759874141415,88.0,10.0,1.0,5.0,0.0,62.0
2930.3766692323234,88.0,10.0,1.0,5.0,0.0,62.0
2930.6766692323235,88.0,10.0,1.0,5.0,0.0,62.0
2930.6773510505054,88.0,10.0,1.0,5.0,0.0,62.0
2930.9773510505056,88.0,10.0,1.0,5.0,0.0,62.0
2930.9780328686875,88.0,10.0,1.0,5.0,0.0,62.0
2931.2780328686877,88.0,10.0,1.0,5.0,0.0,62.0
2931.2787146868695,88.0,10.0,1.0,5.0,0.0,62.0
2931.5787146868697,88.0,10.0,1.0,5.0,0.0,62.0
2931.5793965050516,88.0,10.0,1.0,5.0,0.0,62.0
2931.879396505052,88.0,10.0,1.0,5.0,0.0,62.0
2931.8800783232336,88.0,10.0,1.0,5.0,0.0,62.0
2932.180078323234,88.0,10.0,1.0,5.0,0.0,62.0
2932.1807601414157,88.0,10.0,1.0,5.0,0.0,62.0
2932.480760141416,88.0,10.0,1.0,5.0,0.0,62.0
2932.4814419595978,88.0,10.0,1.0,10.0,0.0,62.0
2932.781441959598,88.0,10.0,1.0,10.0,0.0,62.0
2932.782041959598,88.0,10.0,1.0,10.0,0.0,62.0
2933.082041959598,88.0,10.0,1.0,10.0,0.0,62.0
2933.082641959598,88.0,10.0,1.0,10.0,0.0,62.0
2933.382641959598,88.0,10.0,1.0,10.0,0.0,62.0
2933.383241959598,88.0,10.0,1.0,10.0,0.0,62.0
2933.683241959598,88.0,10.0,1.0,10.0,0.0,62.0
2933.683841959598,88.0,10.0,1.0,10.0,0.0,62.0
2933.983841959598,88.0,10.0,1.0,10.0,0.0,62.0
2933.984441959598,88.0,10.0,1.0,10.0,0.0,62.0
2934.284441959598,88.0,10.0,1.0,10.0,0.0,62.0
2934.285041959598,88.0,10.0,1.0,10.0,0.0,62.0
2934.585041959598,88.0,10.0,1.0,10.0,0.0,62.0
2934.585641959598,88.0,10.0,1.0,10.0,0.0,62.0
2934.885641959598,88.0,10.0,1.0,10.0,0.0,62.0
2934.886241959598,88.0,10.0,1.0,10.0,0.0,62.0
2935.186241959598,88.0,10.0,1.0,10.0,0.0,62.0
2935.186841959598,88.0,10.0,1.0,10.0,0.0,62.0
2935.486841959598,88.0,10.0,1.0,10.0,0.0,62.0
2935.487441959598,88.0,10.0,1.0,10.0,0.0,62.0
2935.7874419595983,88.0,10.0,1.0,10.0,0.0,62.0
2935.788041959598,88.0,10.0,1.0,10.0,0.0,62.0
2936.0880419595983,88.0,10.0,1.0,10.0,0.0,62.0
2936.088641959598,88.0,10.0,1.0,10.0,0.0,62.0
2936.3886419595983,88.0,10.0,1.0,10.0,0.0,62.0
2936.389241959598,88.0,10.0,1.0,10.0,0.0,62.0
2936.6892419595983,88.0,10.0,1.0,10.0,0.0,62.0
2936.689841959598,88.0,10.0,1.0,10.0,0.0,62.0
2936.9898419595984,88.0,10.0,1.0,10.0,0.0,62.0
2936.9904419595982,88.0,10.0,1.0,10.0,0.0,62.0
2937.2904419595984,88.0,10.0,1.0,10.0,0.0,62.0
2937.2910419595983,88.0,10.0,1.0,10.0,0.0,62.0
2937.5910419595984,88.0,10.0,1.0,10.0,0.0,62.0
2937.5916419595983,88.0,10.0,1.0,10.0,0.0,62.0
2937.8916419595985,88.0,10.0,1.0,10.0,0.0,62.0
2937.8922419595983,88.0,10.0,1.0,10.0,0.0,62.0
2938.1922419595985,88.0,10.0,1.0,10.0,0.0,62.0
2938.1928419595984,88.0,10.0,1.0,10.0,0.0,62.0
2938.4928419595985,88.0,10.0,1.0,10.0,0.0,62.0
2938.4934419595984,88.0,10.0,1.0,10.0,0.0,62.0
2938.7934419595986,88.0,10.0,1.0,10.0,0.0,62.0
2938.7940419595984,88.0,10.0,1.0,8.0,0.0,63.0
2939.0940419595986,88.0,10.0,1.0,8.0,0.0,63.0
2939.0947237777805,88.0,10.0,1.0,8.0,0.0,63.0
2939.3947237777807,88.0,10.0,1.0,8.0,0.0,63.0
2939.3954055959625,88.0,10.0,1.0,8.0,0.0,63.0
2939.6954055959627,88.0,10.0,1.0,8.0,0.0,63.0
2939.6960874141446,88.0,10.0,1.0,8.0,0.0,63.0
2939.9960874141448,88.0,10.0,1.0,8.0,0.0,63.0
2939.9967692323266,88.0,10.0,1.0,8.0,0.0,63.0
2940.296769232327,88.0,10.0,1.0,8.0,0.0,63.0
2940.2974510505087,88.0,10.0,1.0,8.0,0.0,63.0
2940.597451050509,88.0,10.0,1.0,8.0,0.0,63.0
2940.5981328686908,88.0,10.0,1.0,8.0,0.0,63.0
2940.898132868691,88.0,10.0,1.0,8.0,0.0,63.0
2940.898814686873,88.0,10.0,1.0,8.0,0.0,63.0
2941.198814686873,88.0,10.0,1.0,8.0,0.0,63.0
2941.199496505055,88.0,10.0,1.0,8.0,0.0,63.0
2941.499496505055,88.0,10.0,1.0,8.0,0.0,63.0
2941.500178323237,88.0,10.0,1.0,8.0,0.0,63.0
2941.800178323237,88.0,10.0,1.0,8.0,0.0,63.0
2941.800860141419,88.0,10.0,1.0,8.0,0.0,63.0
2942.100860141419,88.0,10.0,1.0,8.0,0.0,63.0
2942.101541959601,88.0,10.0,1.0,8.0,0.0,63.0
2942.401541959601,88.0,10.0,1.0,8.0,0.0,63.0
2942.402223777783,88.0,10.0,1.0,8.0,0.0,63.0
2942.7022237777833,88.0,10.0,1.0,8.0,0.0,63.0
2942.702905595965,89.0,10.0,1.0,8.0,0.0,63.0
2943.0029055959653,89.0,10.0,1.0,8.0,0.0,63.0
2943.0035797532687,89.0,10.0,1.0,8.0,0.0,63.0
2943.303579753269,89.0,10.0,1.0,8.0,0.0,63.0
2943.3042539105722,89.0,10.0,1.0,8.0,0.0,63.0
2943.6042539105724,89.0,10.0,1.0,8.0,0.0,63.0
2943.604928067876,89.0,10.0,1.0,8.0,0.0,63.0
2943.904928067876,89.0,10.0,1.0,8.0,0.0,63.0
2943.9056022251793,89.0,10.0,1.0,8.0,0.0,63.0
2944.2056022251795,89.0,10.0,1.0,8.0,0.0,63.0
2944.206276382483,89.0,10.0,1.0,8.0,0.0,63.0
2944.506276382483,89.0,10.0,1.0,8.0,0.0,63.0
2944.5069505397864,89.0,10.0,1.0,8.0,0.0,63.0
2944.8069505397866,89.0,10.0,1.0,8.0,0.0,63.0
2944.80762469709,88.0,10.0,1.0,8.0,0.0,63.0
2945.10762469709,88.0,10.0,1.0,8.0,0.0,63.0
2945.108306515272,88.0,10.0,1.0,8.0,0.0,63.0
2945.408306515272,88.0,10.0,1.0,8.0,0.0,63.0
2945.408988333454,88.0,10.0,1.0,8.0,0.0,63.0
2945.7089883334543,88.0,10.0,1.0,8.0,0.0,63.0
2945.709670151636,88.0,10.0,1.0,8.0,0.0,63.0
2946.0096701516363,88.0,10.0,1.0,8.0,0.0,63.0
2946.010351969818,88.0,10.0,1.0,8.0,0.0,63.0
2946.3103519698184,88.0,10.0,1.0,8.0,0.0,63.0
2946.3110337880003,88.0,10.0,1.0,8.0,0.0,63.0
2946.6110337880004,88.0,10.0,1.0,8.0,0.0,63.0
2946.6117156061823,88.0,10.0,1.0,8.0,0.0,63.0
2946.9117156061825,88.0,10.0,1.0,8.0,0.0,63.0
2946.9123974243644,88.0,10.0,1.0,8.0,0.0,63.0
2947.2123974243646,88.0,10.0,1.0,8.0,0.0,63.0
2947.2130792425464,88.0,10.0,1.0,8.0,0.0,63.0
2947.5130792425466,88.0,10.0,1.0,8.0,0.0,63.0
2947.5137610607285,88.0,10.0,1.0,6.0,0.0,64.0
2947.8137610607287,88.0,10.0,1.0,6.0,0.0,64.0
2947.8144428789105,88.0,10.0,1.0,6.0,0.0,64.0
2948.1144428789107,88.0,10.0,1.0,6.0,0.0,64.0
2948.1151246970926,89.0,10.0,1.0,6.0,0.0,64.0
2948.415124697093,89.0,10.0,1.0,6.0,0.0,64.0
2948.415798854396,89.0,10.0,1.0,6.0,0.0,64.0
2948.7157988543963,89.0,10.0,1.0,6.0,0.0,64.0
2948.7164730116997,89.0,10.0,1.0,6.0,0.0,64.0
2949.0164730117,89.0,10.0,1.0,6.0,0.0,64.0
2949.0171471690032,89.0,10.0,1.0,6.0,0.0,64.0
2949.3171471690034,89.0,10.0,1.0,6.0,0.0,64.0
2949.317821326307,89.0,10.0,1.0,6.0,0.0,64.0
2949.617821326307,89.0,10.0,1.0,6.0,0.0,64.0
2949.6184954836103,89.0,10.0,1.0,6.0,0.0,64.0
2949.9184954836105,89.0,10.0,1.0,6.0,0.0,64.0
2949.919169640914,89.0,10.0,1.0,6.0,0.0,64.0
2950.219169640914,89.0,10.0,1.0,6.0,0.0,64.0
2950.2198437982174,89.0,10.0,1.0,6.0,0.0,64.0
2950.5198437982176,89.0,10.0,1.0,6.0,0.0,64.0
2950.520517955521,89.0,10.0,1.0,6.0,0.0,64.0
2950.820517955521,89.0,10.0,1.0,6.0,0.0,64.0
2950.8211921128245,89.0,10.0,1.0,6.0,0.0,64.0
2951.1211921128247,89.0,10.0,1.0,6.0,0.0,64.0
2951.121866270128,89.0,10.0,1.0,6.0,0.0,64.0
2951.4218662701282,89.0,10.0,1.0,6.0,0.0,64.0
2951.4225404274316,89.0,10.0,1.0,6.0,0.0,64.0
2951.722540427432,89.0,10.0,1.0,6.0,0.0,64.0
2951.723214584735,89.0,10.0,1.0,6.0,0.0,64.0
2952.0232145847353,89.0,10.0,1.0,6.0,0.0,64.0
2952.0238887420387,89.0,10.0,1.0,6.0,0.0,64.0
2952.323888742039,89.0,10.0,1.0,6.0,0.0,64.0
2952.3245628993423,89.0,10.0,1.0,6.0,0.0,64.0
2952.6245628993424,89.0,10.0,1.0,6.0,0.0,64.0
2952.625237056646,89.0,10.0,1.0,6.0,0.0,64.0
2952.925237056646,89.0,10.0,1.0,6.0,0.0,64.0
2952.9259112139493,89.0,10.0,1.0,6.0,0.0,64.0
2953.2259112139495,89.0,10.0,1.0,6.0,0.0,64.0
2953.226585371253,89.0,10.0,1.0,6.0,0.0,64.0
2953.526585371253,89.0,10.0,1.0,6.0,0.0,64.0
2953.5272595285564,89.0,10.0,1.0,6.0,0.0,64.0
2953.8272595285566,89.0,10.0,1.0,6.0,0.0,64.0
2953.82793368586,89.0,10.0,1.0,6.0,0.0,64.0
2954.12793368586,89.0,10.0,1.0,6.0,0.0,64.0
2954.1286078431635,89.0,10.0,1.0,6.0,0.0,64.0
2954.4286078431637,89.0,10.0,1.0,6.0,0.0,64.0
2954.429282000467,89.0,10.0,1.0,6.0,0.0,64.0
2954.7292820004673,89.0,10.0,1.0,6.0,0.0,64.0
2954.7299561577706,89.0,10.0,1.0,6.0,0.0,64.0
2955.029956157771,89.0,10.0,1.0,6.0,0.0,64.0
2955.030630315074,89.0,10.0,1.0,6.0,0.0,64.0
2955.3306303150744,89.0,10.0,1.0,6.0,0.0,64.0
2955.3313044723777,89.0,10.0,1.0,6.0,0.0,64.0
2955.631304472378,89.0,10.0,1.0,6.0,0.0,64.0
2955.6319786296813,89.0,10.0,1.0,6.0,0.0,64.0
2955.9319786296815,89.0,10.0,1.0,6.0,0.0,64.0
2955.932652786985,89.0,10.0,1.0,6.0,0.0,64.0
2956.232652786985,89.0,10.0,1.0,6.0,0.0,64.0
2956.2333269442884,89.0,10.0,1.0,6.0,0.0,64.0
2956.5333269442885,89.0,10.0,1.0,6.0,0.0,64.0
2956.534001101592,89.0,10.0,1.0,6.0,0.0,63.0
2956.834001101592,89.0,10.0,1.0,6.0,0.0,63.0
2956.8346752588955,89.0,10.0,1.0,6.0,0.0,63.0
2957.1346752588956,89.0,10.0,1.0,6.0,0.0,63.0
2957.135349416199,89.0,10.0,1.0,6.0,0.0,63.0
2957.435349416199,89.0,10.0,1.0,6.0,0.0,63.0
2957.4360235735026,89.0,10.0,1.0,6.0,0.0,63.0
2957.7360235735027,89.0,10.0,1.0,6.0,0.0,63.0
2957.736697730806,89.0,10.0,1.0,6.0,0.0,63.0
2958.0366977308063,89.0,10.0,1.0,6.0,0.0,63.0
2958.0373718881096,89.0,10.0,1.0,6.0,0.0,63.0
2958.33737188811,89.0,10.0,1.0,6.0,0.0,63.0
2958.338046045413,89.0,10.0,1.0,6.0,0.0,63.0
2958.6380460454134,89.0,10.0,1.0,6.0,0.0,63.0
2958.6387202027167,89.0,10.0,1.0,6.0,0.0,63.0
2958.938720202717,89.0,10.0,1.0,6.0,0.0,63.0
2958.9393943600203,89.0,10.0,1.0,6.0,0.0,63.0
2959.2393943600205,89.0,10.0,1.0,6.0,0.0,63.0
2959.240068517324,89.0,10.0,1.0,6.0,0.0,63.0
2959.540068517324,89.0,10.0,1.0,6.0,0.0,63.0
2959.5407426746274,89.0,10.0,1.0,6.0,0.0,63.0
2959.8407426746276,89.0,10.0,1.0,6.0,0.0,63.0
2959.841416831931,90.0,10.0,1.0,6.0,0.0,63.0
2960.141416831931,90.0,10.0,1.0,6.0,0.0,63.0
2960.142083498598,90.0,10.0,1.0,6.0,0.0,63.0
2960.442083498598,90.0,10.0,1.0,6.0,0.0,63.0
2960.442750165265,90.0,10.0,1.0,6.0,0.0,63.0
2960.742750165265,90.0,10.0,1.0,6.0,0.0,63.0
2960.743416831932,90.0,10.0,1.0,6.0,0.0,63.0
2961.043416831932,90.0,10.0,1.0,6.0,0.0,63.0
2961.044083498599,90.0,10.0,1.0,6.0,0.0,63.0
2961.344083498599,90.0,10.0,1.0,6.0,0.0,63.0
2961.344750165266,90.0,10.0,1.0,6.0,0.0,63.0
2961.644750165266,90.0,10.0,1.0,6.0,0.0,63.0
2961.645416831933,90.0,10.0,1.0,6.0,0.0,63.0
2961.945416831933,90.0,10.0,1.0,6.0,0.0,63.0
2961.9460834986,90.0,10.0,1.0,6.0,0.0,63.0
2962.2460834986,90.0,10.0,1.0,6.0,0.0,63.0
2962.246750165267,90.0,10.0,1.0,6.0,0.0,63.0
2962.546750165267,90.0,10.0,1.0,6.0,0.0,63.0
2962.547416831934,90.0,10.0,1.0,6.0,0.0,63.0
2962.847416831934,90.0,10.0,1.0,6.0,0.0,63.0
2962.8480834986008,90.0,10.0,1.0,6.0,0.0,63.0
2963.148083498601,90.0,10.0,1.0,6.0,0.0,63.0
2963.1487501652678,90.0,10.0,1.0,6.0,0.0,63.0
2963.448750165268,90.0,10.0,1.0,6.0,0.0,63.0
2963.4494168319347,90.0,10.0,1.0,6.0,0.0,63.0
2963.749416831935,90.0,10.0,1.0,6.0,0.0,63.0
2963.7500834986017,90.0,10.0,1.0,6.0,0.0,63.0
2964.050083498602,90.0,10.0,1.0,6.0,0.0,63.0
2964.0507501652687,90.0,10.0,1.0,6.0,0.0,63.0
2964.350750165269,90.0,10.0,1.0,6.0,0.0,63.0
2964.3514168319357,90.0,10.0,1.0,6.0,0.0,63.0
2964.651416831936,90.0,10.0,1.0,6.0,0.0,63.0
2964.6520834986027,90.0,10.0,1.0,6.0,0.0,63.0
2964.952083498603,90.0,10.0,1.0,6.0,0.0,63.0
2964.9527501652697,90.0,10.0,1.0,6.0,0.0,63.0
2965.25275016527,90.0,10.0,1.0,6.0,0.0,63.0
2965.2534168319366,90.0,10.0,1.0,6.0,0.0,63.0
2965.553416831937,90.0,10.0,1.0,6.0,0.0,63.0
2965.5540834986036,90.0,10.0,1.0,6.0,0.0,63.0
2965.854083498604,90.0,10.0,1.0,6.0,0.0,63.0
2965.8547501652706,90.0,10.0,1.0,6.0,0.0,63.0
2966.154750165271,90.0,10.0,1.0,6.0,0.0,63.0
2966.1554168319376,90.0,10.0,1.0,6.0,0.0,63.0
2966.455416831938,90.0,10.0,1.0,6.0,0.0,63.0
2966.4560834986046,90.0,10.0,1.0,6.0,0.0,63.0
2966.7560834986048,90.0,10.0,1.0,6.0,0.0,63.0
2966.7567501652716,90.0,10.0,1.0,6.0,0.0,63.0
2967.0567501652718,90.0,10.0,1.0,6.0,0.0,63.0
2967.0574168319386,90.0,10.0,1.0,6.0,0.0,63.0
2967.3574168319387,90.0,10.0,1.0,6.0,0.0,63.0
2967.3580834986055,90.0,10.0,1.0,6.0,0.0,63.0
2967.6580834986057,90.0,10.0,1.0,6.0,0.0,63.0
2967.6587501652725,90.0,10.0,1.0,6.0,0.0,63.0
2967.9587501652727,90.0,10.0,1.0,6.0,0.0,63.0
2967.9594168319395,90.0,10.0,1.0,6.0,0.0,63.0
2968.2594168319397,90.0,10.0,1.0,6.0,0.0,63.0
2968.2600834986065,90.0,10.0,1.0,6.0,0.0,63.0
2968.5600834986067,90.0,10.0,1.0,6.0,0.0,63.0
2968.5607501652735,90.0,10.0,1.0,6.0,0.0,63.0
2968.8607501652737,90.0,10.0,1.0,6.0,0.0,63.0
2968.8614168319405,90.0,10.0,1.0,6.0,0.0,63.0
2969.1614168319406,90.0,10.0,1.0,6.0,0.0,63.0
2969.1620834986074,90.0,10.0,1.0,6.0,0.0,63.0
2969.4620834986076,90.0,10.0,1.0,6.0,0.0,63.0
2969.4627501652744,90.0,10.0,1.0,6.0,0.0,63.0
2969.7627501652746,90.0,10.0,1.0,6.0,0.0,63.0
2969.7634168319414,90.0,10.0,1.0,6.0,0.0,63.0
2970.0634168319416,90.0,10.0,1.0,6.0,0.0,63.0
2970.0640834986084,90.0,10.0,1.0,6.0,0.0,63.0
2970.3640834986086,90.0,10.0,1.0,6.0,0.0,63.0
2970.3647501652754,91.0,10.0,1.0,6.0,0.0,63.0
2970.6647501652756,91.0,10.0,1.0,6.0,0.0,63.0
2970.665409505935,91.0,10.0,1.0,6.0,0.0,63.0
2970.965409505935,91.0,10.0,1.0,6.0,0.0,63.0
2970.966068846594,91.0,10.0,1.0,6.0,0.0,63.0
2971.2660688465944,91.0,10.0,1.0,6.0,0.0,63.0
2971.2667281872536,91.0,10.0,1.0,6.0,0.0,63.0
2971.566728187254,91.0,10.0,1.0,6.0,0.0,63.0
2971.567387527913,91.0,10.0,1.0,6.0,0.0,63.0
2971.8673875279133,91.0,10.0,1.0,6.0,0.0,63.0
2971.8680468685725,91.0,10.0,1.0,6.0,0.0,63.0
2972.1680468685727,91.0,10.0,1.0,6.0,0.0,63.0
2972.168706209232,91.0,10.0,1.0,6.0,0.0,63.0
2972.468706209232,91.0,10.0,1.0,6.0,0.0,63.0
2972.4693655498913,91.0,10.0,1.0,6.0,0.0,63.0
2972.7693655498915,91.0,10.0,1.0,6.0,0.0,63.0
2972.7700248905508,91.0,10.0,1.0,6.0,0.0,63.0
2973.070024890551,91.0,10.0,1.0,6.0,0.0,63.0
2973.07068423121,91.0,10.0,1.0,6.0,0.0,63.0
2973.3706842312104,91.0,10.0,1.0,6.0,0.0,63.0
2973.3713435718696,91.0,10.0,1.0,6.0,0.0,63.0
2973.67134357187,91.0,10.0,1.0,6.0,0.0,63.0
2973.672002912529,91.0,10.0,1.0,6.0,0.0,63.0
2973.972002912529,91.0,10.0,1.0,6.0,0.0,63.0
2973.9726622531884,91.0,10.0,1.0,6.0,0.0,63.0
2974.2726622531886,91.0,10.0,1.0,6.0,0.0,63.0
2974.273321593848,91.0,10.0,1.0,6.0,0.0,63.0
2974.573321593848,91.0,10.0,1.0,6.0,0.0,63.0
2974.5739809345073,91.0,10.0,1.0,6.0,0.0,63.0
2974.8739809345075,91.0,10.0,1.0,6.0,0.0,63.0
2974.8746402751667,91.0,10.0,1.0,6.0,0.0,63.0
2975.174640275167,91.0,10.0,1.0,6.0,0.0,63.0
2975.175299615826,91.0,10.0,1.0,6.0,0.0,63.0
2975.4752996158263,91.0,10.0,1.0,6.0,0.0,63.0
2975.4759589564856,91.0,10.0,1.0,6.0,0.0,63.0
2975.7759589564857,91.0,10.0,1.0,6.0,0.0,63.0
2975.776618297145,91.0,10.0,1.0,6.0,0.0,63.0
2976.076618297145,91.0,10.0,1.0,6.0,0.0,63.0
2976.0772776378044,91.0,10.0,1.0,6.0,0.0,63.0
2976.3772776378046,91.0,10.0,1.0,6.0,0.0,63.0
2976.377936978464,91.0,10.0,1.0,6.0,0.0,63.0
2976.677936978464,91.0,10.0,1.0,6.0,0.0,63.0
2976.6785963191232,91.0,10.0,1.0,6.0,0.0,63.0
2976.9785963191234,91.0,10.0,1.0,6.0,0.0,63.0
2976.9792556597827,91.0,10.0,1.0,6.0,0.0,63.0
2977.279255659783,91.0,10.0,1.0,6.0,0.0,63.0
2977.279915000442,91.0,10.0,1.0,6.0,0.0,63.0
2977.5799150004423,91.0,10.0,1.0,6.0,0.0,63.0
2977.5805743411015,91.0,10.0,1.0,6.0,0.0,63.0
2977.8805743411017,91.0,10.0,1.0,6.0,0.0,63.0
2977.881233681761,91.0,10.0,1.0,6.0,0.0,63.0
2978.181233681761,91.0,10.0,1.0,6.0,0.0,63.0
2978.1818930224204,91.0,10.0,1.0,6.0,0.0,63.0
2978.4818930224205,91.0,10.0,1.0,6.0,0.0,63.0
2978.48255236308,91.0,10.0,1.0,6.0,0.0,63.0
2978.78255236308,91.0,10.0,1.0,6.0,0.0,63.0
2978.783211703739,91.0,10.0,1.0,6.0,0.0,63.0
2979.0832117037394,91.0,10.0,1.0,6.0,0.0,63.0
2979.0838710443986,91.0,10.0,1.0,6.0,0.0,63.0
2979.383871044399,91.0,10.0,1.0,6.0,0.0,63.0
2979.384530385058,91.0,10.0,1.0,6.0,0.0,63.0
2979.684530385058,91.0,10.0,1.0,6.0,0.0,63.0
2979.6851897257175,91.0,10.0,1.0,6.0,0.0,63.0
2979.9851897257176,91.0,10.0,1.0,6.0,0.0,63.0
2979.985849066377,91.0,10.0,1.0,11.0,0.0,63.0
2980.285849066377,91.0,10.0,1.0,11.0,0.0,63.0
2980.2863449341457,91.0,10.0,1.0,11.0,0.0,63.0
2980.586344934146,91.0,10.0,1.0,11.0,0.0,63.0
2980.5868408019146,91.0,10.0,1.0,11.0,0.0,63.0
2980.886840801915,91.0,10.0,1.0,11.0,0.0,63.0
2980.8873366696835,91.0,10.0,1.0,11.0,0.0,63.0
2981.1873366696836,91.0,10.0,1.0,11.0,0.0,63.0
2981.1878325374523,91.0,10.0,1.0,11.0,0.0,63.0
2981.4878325374525,91.0,10.0,1.0,11.0,0.0,63.0
2981.488328405221,91.0,10.0,1.0,11.0,0.0,63.0
2981.7883284052214,91.0,10.0,1.0,11.0,0.0,63.0
2981.78882427299,91.0,10.0,1.0,11.0,0.0,63.0
2982.08882427299,91.0,10.0,1.0,11.0,0.0,63.0
2982.089320140759,91.0,10.0,1.0,9.0,0.0,64.0
2982.389320140759,91.0,10.0,1.0,9.0,0.0,64.0
2982.3899794814183,91.0,10.0,1.0,9.0,0.0,64.0
2982.6899794814185,91.0,10.0,1.0,9.0,0.0,64.0
2982.6906388220777,91.0,10.0,1.0,9.0,0.0,64.0
2982.990638822078,91.0,10.0,1.0,9.0,0.0,64.0
2982.991298162737,91.0,10.0,1.0,9.0,0.0,64.0
2983.2912981627373,91.0,10.0,1.0,9.0,0.0,64.0
2983.2919575033966,91.0,10.0,1.0,9.0,0.0,64.0
2983.5919575033968,91.0,10.0,1.0,9.0,0.0,64.0
2983.592616844056,91.0,10.0,1.0,9.0,0.0,64.0
2983.892616844056,91.0,10.0,1.0,9.0,0.0,64.0
2983.8932761847154,91.0,10.0,1.0,9.0,0.0,64.0
2984.1932761847156,91.0,10.0,1.0,9.0,0.0,64.0
2984.193935525375,91.0,10.0,1.0,9.0,0.0,64.0
2984.493935525375,91.0,10.0,1.0,9.0,0.0,64.0
2984.4945948660343,91.0,10.0,1.0,9.0,0.0,64.0
2984.7945948660345,91.0,10.0,1.0,9.0,0.0,64.0
2984.7952542066937,91.0,10.0,1.0,9.0,0.0,64.0
2985.095254206694,91.0,10.0,1.0,9.0,0.0,64.0
2985.095913547353,91.0,10.0,1.0,9.0,0.0,64.0
2985.3959135473533,91.0,10.0,1.0,9.0,0.0,64.0
2985.3965728880125,91.0,10.0,1.0,9.0,0.0,64.0
2985.6965728880127,91.0,10.0,1.0,9.0,0.0,64.0
2985.697232228672,91.0,10.0,1.0,9.0,0.0,64.0
2985.997232228672,91.0,10.0,1.0,9.0,0.0,64.0
2985.9978915693314,91.0,10.0,1.0,7.0,0.0,65.0
2986.2978915693316,91.0,10.0,1.0,7.0,0.0,65.0
2986.298550909991,91.0,10.0,1.0,7.0,0.0,65.0
2986.598550909991,91.0,10.0,1.0,7.0,0.0,65.0
2986.5992102506502,91.0,10.0,1.0,7.0,0.0,65.0
2986.8992102506504,91.0,10.0,1.0,7.0,0.0,65.0
2986.8998695913097,91.0,10.0,1.0,7.0,0.0,65.0
2987.19986959131,91.0,10.0,1.0,7.0,0.0,65.0
2987.200528931969,91.0,10.0,1.0,7.0,0.0,65.0
2987.5005289319693,91.0,10.0,1.0,7.0,0.0,65.0
2987.5011882726285,91.0,10.0,1.0,7.0,0.0,65.0
2987.8011882726287,91.0,10.0,1.0,7.0,0.0,65.0
2987.801847613288,91.0,10.0,1.0,7.0,0.0,65.0
2988.101847613288,91.0,10.0,1.0,7.0,0.0,65.0
2988.1025069539473,91.0,10.0,1.0,7.0,0.0,65.0
2988.4025069539475,91.0,10.0,1.0,7.0,0.0,65.0
2988.4031662946068,91.0,10.0,1.0,7.0,0.0,65.0
2988.703166294607,91.0,10.0,1.0,7.0,0.0,65.0
2988.703825635266,91.0,10.0,1.0,7.0,0.0,65.0
2989.0038256352664,91.0,10.0,1.0,7.0,0.0,65.0
2989.0044849759256,91.0,10.0,1.0,7.0,0.0,65.0
2989.304484975926,91.0,10.0,1.0,7.0,0.0,65.0
2989.305144316585,91.0,10.0,1.0,7.0,0.0,65.0
2989.605144316585,91.0,10.0,1.0,7.0,0.0,65.0
2989.6058036572445,91.0,10.0,1.0,7.0,0.0,65.0
2989.9058036572446,91.0,10.0,1.0,7.0,0.0,65.0
2989.906462997904,91.0,10.0,1.0,7.0,0.0,65.0
2990.206462997904,91.0,10.0,1.0,7.0,0.0,65.0
2990.2071223385633,91.0,10.0,1.0,7.0,0.0,65.0
2990.5071223385635,91.0,10.0,1.0,7.0,0.0,65.0
2990.5077816792227,91.0,10.0,1.0,7.0,0.0,65.0
2990.807781679223,91.0,10.0,1.0,7.0,0.0,65.0
2990.808441019882,91.0,10.0,1.0,7.0,0.0,65.0
2991.1084410198823,91.0,10.0,1.0,7.0,0.0,65.0
2991.1091003605416,91.0,10.0,1.0,7.0,0.0,65.0
2991.4091003605417,91.0,10.0,1.0,7.0,0.0,65.0
2991.409759701201,91.0,10.0,1.0,7.0,0.0,65.0
2991.709759701201,91.0,10.0,1.0,7.0,0.0,65.0
2991.7104190418604,91.0,10.0,1.0,7.0,0.0,65.0
2992.0104190418606,91.0,10.0,1.0,7.0,0.0,65.0
2992.01107838252,91.0,10.0,1.0,7.0,0.0,65.0
2992.31107838252,91.0,10.0,1.0,7.0,0.0,65.0
2992.3117377231792,91.0,10.0,1.0,7.0,0.0,65.0
2992.6117377231794,91.0,10.0,1.0,7.0,0.0,65.0
2992.6123970638387,91.0,10.0,1.0,7.0,0.0,65.0
2992.912397063839,91.0,10.0,1.0,7.0,0.0,65.0
2992.913056404498,91.0,10.0,1.0,7.0,0.0,65.0
2993.2130564044983,91.0,10.0,1.0,7.0,0.0,65.0
2993.2137157451575,91.0,10.0,1.0,7.0,0.0,65.0
2993.5137157451577,91.0,10.0,1.0,7.0,0.0,65.0
2993.514375085817,91.0,10.0,1.0,7.0,0.0,65.0
2993.814375085817,91.0,10.0,1.0,7.0,0.0,65.0
2993.8150344264764,91.0,10.0,1.0,7.0,0.0,65.0
2994.1150344264765,91.0,10.0,1.0,7.0,0.0,65.0
2994.115693767136,91.0,10.0,1.0,7.0,0.0,65.0
2994.415693767136,91.0,10.0,1.0,7.0,0.0,65.0
2994.416353107795,91.0,10.0,1.0,7.0,0.0,65.0
2994.7163531077954,91.0,10.0,1.0,7.0,0.0,65.0
2994.7170124484546,91.0,10.0,1.0,7.0,0.0,65.0
2995.017012448455,91.0,10.0,1.0,7.0,0.0,65.0
2995.017671789114,91.0,10.0,1.0,7.0,0.0,65.0
2995.3176717891142,91.0,10.0,1.0,7.0,0.0,65.0
2995.3183311297735,91.0,10.0,1.0,7.0,0.0,65.0
2995.6183311297737,91.0,10.0,1.0,7.0,0.0,65.0
2995.618990470433,91.0,10.0,1.0,7.0,0.0,65.0
2995.918990470433,91.0,10.0,1.0,7.0,0.0,65.0
2995.9196498110923,91.0,10.0,1.0,7.0,0.0,65.0
2996.2196498110925,91.0,10.0,1.0,7.0,0.0,65.0
2996.2203091517517,91.0,10.0,1.0,7.0,0.0,65.0
2996.520309151752,91.0,10.0,1.0,7.0,0.0,65.0
2996.520968492411,91.0,10.0,1.0,7.0,0.0,65.0
2996.8209684924113,91.0,10.0,1.0,7.0,0.0,65.0
2996.8216278330706,91.0,10.0,1.0,7.0,0.0,65.0
2997.1216278330708,91.0,10.0,1.0,7.0,0.0,65.0
2997.12228717373,91.0,10.0,1.0,7.0,0.0,65.0
2997.42228717373,91.0,10.0,1.0,7.0,0.0,65.0
2997.4229465143894,91.0,10.0,1.0,7.0,0.0,65.0
2997.7229465143896,91.0,10.0,1.0,7.0,0.0,65.0
2997.723605855049,91.0,10.0,1.0,7.0,0.0,65.0
2998.023605855049,91.0,10.0,1.0,7.0,0.0,65.0
2998.0242651957083,91.0,10.0,1.0,7.0,0.0,65.0
2998.3242651957084,91.0,10.0,1.0,7.0,0.0,65.0
2998.3249245363677,91.0,10.0,1.0,7.0,0.0,65.0
2998.624924536368,91.0,10.0,1.0,7.0,0.0,65.0
2998.625583877027,91.0,10.0,1.0,7.0,0.0,65.0
2998.9255838770273,91.0,10.0,1.0,7.0,0.0,65.0
2998.9262432176865,91.0,10.0,1.0,7.0,0.0,65.0
2999.2262432176867,91.0,10.0,1.0,7.0,0.0,65.0
2999.226902558346,91.0,10.0,1.0,7.0,0.0,65.0
2999.526902558346,91.0,10.0,1.0,7.0,0.0,65.0
2999.5275618990054,91.0,10.0,1.0,7.0,0.0,65.0
2999.8275618990056,91.0,10.0,1.0,7.0,0.0,65.0
2999.828221239665,91.0,10.0,1.0,7.0,0.0,65.0
3000.128221239665,91.0,10.0,1.0,7.0,0.0,65.0
3000.128880580324,91.0,10.0,1.0,7.0,0.0,65.0
