time,P14,P21,P3,P6,P7,P8
0.0,0.0,0,0,0,0,0
0.3,0.0,0,0,0,0,0
0.306,0.0,0,0,0,0,0
0.606,0.0,0,0,0,0,0
0.612,0.0,0,0,0,0,0
0.9119999999999999,0.0,0,0,0,0,0
0.9179999999999999,0.0,0,0,0,0,0
1.218,0.0,0,0,0,0,0
1.224,0.0,0,0,0,0,0
1.524,0.0,0,0,0,0,0
1.53,0.0,0,0,0,0,0
1.83,0.0,0,0,0,0,0
1.836,0.0,0,0,0,0,0
2.136,0.0,0,0,0,0,0
2.142,0.0,0,0,0,0,0
2.4419999999999997,0.0,0,0,0,0,0
2.4479999999999995,0.0,0,0,0,0,0
2.7479999999999993,0.0,0,0,0,0,0
2.753999999999999,0.0,0,0,0,0,0
3.053999999999999,0.0,0,0,0,0,0
3.0599999999999987,0.0,0,0,0,0,0
3.3599999999999985,0.0,0,0,0,0,0
3.3659999999999983,0.0,0,0,0,0,0
3.665999999999998,0.0,0,0,0,0,0
3.671999999999998,0.0,0,0,0,0,0
3.9719999999999978,0.0,0,0,0,0,0
3.9779999999999975,0.0,0,0,0,0,0
4.277999999999998,0.0,0,0,0,0,0
4.283999999999998,0.0,0,0,0,0,0
4.583999999999998,0.0,0,0,0,0,0
4.589999999999998,0.0,0,0,0,0,0
4.889999999999998,0.0,0,0,0,0,0
4.895999999999998,0.0,0,0,0,0,0
5.195999999999998,0.0,0,0,0,0,0
5.201999999999998,0.0,0,0,0,0,0
5.501999999999998,0.0,0,0,0,0,0
5.507999999999998,0.0,0,0,0,0,0
5.807999999999998,0.0,0,0,0,0,0
5.813999999999998,0.0,0,0,0,0,0
6.113999999999998,0.0,0,0,0,0,0
6.119999999999998,0.0,0,0,0,0,0
6.419999999999998,0.0,0,0,0,0,0
6.425999999999998,0.0,0,0,0,0,0
6.725999999999998,0.0,0,0,0,0,0
6.731999999999998,0.0,0,0,0,0,0
7.031999999999998,0.0,0,0,0,0,0
7.0379999999999985,0.0,0,0,0,0,0
7.337999999999998,0.0,0,0,0,0,0
7.3439999999999985,0.0,0,0,0,0,0
7.643999999999998,0.0,0,0,0,0,0
7.649999999999999,0.0,0,0,0,0,0
7.949999999999998,0.0,0,0,0,0,0
7.955999999999999,0.0,0,0,0,0,0
8.255999999999998,0.0,0,0,0,0,0
8.261999999999999,0.0,0,0,0,0,0
8.562,0.0,0,0,0,0,0
8.568,0.0,0,0,0,0,0
8.868,0.0,0,0,0,0,0
8.874,0.0,0,0,0,0,0
9.174000000000001,0.0,0,0,0,0,0
9.180000000000001,0.0,0,0,0,0,0
9.480000000000002,0.0,0,0,0,0,0
9.486000000000002,0.0,0,0,0,0,0
9.786000000000003,0.0,0,0,0,0,0
9.792000000000003,0.0,0,0,0,0,0
10.092000000000004,0.0,0,0,0,0,0
10.098000000000004,0.0,0,0,0,0,0
10.398000000000005,0.0,0,0,0,0,0
10.404000000000005,0.0,0,0,0,0,0
10.704000000000006,0.0,0,0,0,0,0
10.710000000000006,0.0,0,0,0,0,0
11.010000000000007,0.0,0,0,0,0,0
11.016000000000007,0.0,0,0,0,0,0
11.316000000000008,0.0,0,0,0,0,0
11.322000000000008,0.0,0,0,0,0,0
11.622000000000009,0.0,0,0,0,0,0
11.628000000000009,0.0,0,0,0,0,0
11.92800000000001,0.0,0,0,0,0,0
11.93400000000001,0.0,0,0,0,0,0
12.23400000000001,0.0,0,0,0,0,0
12.24000000000001,0.0,0,0,0,0,0
12.540000000000012,0.0,0,0,0,0,0
12.546000000000012,0.0,0,0,0,0,0
12.846000000000013,0.0,0,0,0,0,0
12.852000000000013,0.0,0,0,0,0,0
13.152000000000013,0.0,0,0,0,0,0
13.156000000000013,0.0,0,0,5.0,0,0
13.456000000000014,0.0,0,0,5.0,0,0
13.458400000000013,0.0,0,0,5.0,0,0
13.758400000000014,0.0,0,0,5.0,0,0
13.760800000000014,0.0,0,0,5.0,0,0
14.060800000000015,0.0,0,0,5.0,0,0
14.063200000000014,0.0,0,0,5.0,0,0
14.363200000000015,0.0,0,0,5.0,0,0
14.365600000000015,0.0,0,0,5.0,0,0
14.665600000000016,0.0,0,0,5.0,0,0
14.668000000000015,0.0,0,0,5.0,0,0
14.968000000000016,0.0,0,0,5.0,0,0
14.970400000000016,0.0,0,0,5.0,0,0
15.270400000000016,0.0,0,0,5.0,0,0
15.272800000000016,0.0,0,0,5.0,0,0
15.572800000000017,0.0,0,0,5.0,0,0
15.575200000000017,0.0,0,0,5.0,0,0
15.875200000000017,0.0,0,0,5.0,0,0
15.877600000000017,0.0,0,0,5.0,0,0
16.177600000000016,0.0,0,0,5.0,0,0
16.180000000000017,0.0,0,0,5.0,0,0
16.480000000000018,0.0,0,0,5.0,0,0
16.48240000000002,0.0,0,0,5.0,0,0
16.78240000000002,0.0,0,0,5.0,0,0
16.784800000000022,0.0,0,0,5.0,0,0
17.084800000000023,0.0,0,0,5.0,0,0
17.087200000000024,0.0,0,0,5.0,0,0
17.387200000000025,0.0,0,0,5.0,0,0
17.389600000000026,0.0,0,0,5.0,0,0
17.689600000000027,0.0,0,0,5.0,0,0
17.69200000000003,0.0,0,0,5.0,0,0
17.99200000000003,0.0,0,0,5.0,0,0
17.99440000000003,0.0,0,0,5.0,0,0
18.29440000000003,0.0,0,0,5.0,0,0
18.296800000000033,0.0,0,0,5.0,0,0
18.596800000000034,0.0,0,0,5.0,0,0
18.599200000000035,0.0,0,0,5.0,0,0
18.899200000000036,0.0,0,0,5.0,0,0
18.901600000000037,0.0,0,0,5.0,0,0
19.201600000000038,0.0,0,0,5.0,0,0
19.20400000000004,0.0,0,0,5.0,0,0
19.50400000000004,0.0,0,0,5.0,0,0
19.506400000000042,0.0,0,0,5.0,0,0
19.806400000000043,0.0,0,0,5.0,0,0
19.808800000000044,0.0,0,0,5.0,0,0
20.108800000000045,0.0,0,0,5.0,0,0
20.111200000000046,0.0,0,0,5.0,0,0
20.411200000000047,0.0,0,0,5.0,0,0
20.41360000000005,0.0,0,0,5.0,0,0
20.71360000000005,0.0,0,0,5.0,0,0
20.71600000000005,0.0,0,0,5.0,0,0
21.01600000000005,0.0,0,0,5.0,0,0
21.018400000000053,0.0,0,0,5.0,0,0
21.318400000000054,0.0,0,0,5.0,0,0
21.320800000000055,0.0,0,0,5.0,0,0
21.620800000000056,0.0,0,0,5.0,0,0
21.623200000000057,0.0,0,0,5.0,0,0
21.923200000000058,0.0,0,0,5.0,0,0
21.92560000000006,0.0,0,0,5.0,0,0
22.22560000000006,0.0,0,0,5.0,0,0
22.228000000000062,0.0,0,0,5.0,0,0
22.528000000000063,0.0,0,0,5.0,0,0
22.530400000000064,0.0,0,0,5.0,0,0
22.830400000000065,0.0,0,0,5.0,0,0
22.832800000000066,0.0,0,0,5.0,0,0
23.132800000000067,0.0,0,0,5.0,0,0
23.13520000000007,0.0,0,0,5.0,0,0
23.43520000000007,0.0,0,0,5.0,0,0
23.43760000000007,0.0,0,0,5.0,0,0
23.73760000000007,0.0,0,0,5.0,0,0
23.740000000000073,0.0,0,0,5.0,0,0
24.040000000000074,0.0,0,0,5.0,0,0
24.042400000000075,0.0,0,0,5.0,0,0
24.342400000000076,0.0,0,0,5.0,0,0
24.344800000000077,0.0,0,0,5.0,0,0
24.644800000000078,0.0,0,0,5.0,0,0
24.64720000000008,0.0,0,0,5.0,0,0
24.94720000000008,0.0,0,0,5.0,0,0
24.949600000000082,0.0,0,0,5.0,0,0
25.249600000000083,0.0,0,0,5.0,0,0
25.252000000000084,0.0,0,0,5.0,0,0
25.552000000000085,0.0,0,0,5.0,0,0
25.554400000000086,0.0,0,0,5.0,0,0
25.854400000000087,0.0,0,0,5.0,0,0
25.85680000000009,0.0,0,0,5.0,0,0
26.15680000000009,0.0,0,0,5.0,0,0
26.15920000000009,0.0,0,0,5.0,0,0
26.45920000000009,0.0,0,0,5.0,0,0
26.461600000000093,0.0,0,0,5.0,0,0
26.761600000000094,0.0,0,0,5.0,0,0
26.764000000000095,0.0,0,0,5.0,0,0
27.064000000000096,0.0,0,0,5.0,0,0
27.066400000000097,0.0,0,0,5.0,0,0
27.366400000000098,0.0,0,0,5.0,0,0
27.3688000000001,0.0,0,0,5.0,0,0
27.6688000000001,0.0,0,0,5.0,0,0
27.671200000000102,0.0,0,0,5.0,0,0
27.971200000000103,0.0,0,0,5.0,0,0
27.973600000000104,0.0,0,0,5.0,0,0
28.273600000000105,0.0,0,0,5.0,0,0
28.276000000000106,0.0,0,0,5.0,0,0
28.576000000000107,0.0,0,0,5.0,0,0
28.57840000000011,0.0,0,0,5.0,0,0
28.87840000000011,0.0,0,0,5.0,0,0
28.88080000000011,0.0,0,0,5.0,0,0
29.18080000000011,0.0,0,0,5.0,0,0
29.183200000000113,0.0,0,0,5.0,0,0
29.483200000000114,0.0,0,0,5.0,0,0
29.485600000000115,0.0,0,0,5.0,0,0
29.785600000000116,0.0,0,0,5.0,0,0
29.788000000000117,0.0,0,0,5.0,0,0
30.088000000000118,0.0,0,0,5.0,0,0
30.09040000000012,0.0,0,0,5.0,0,0
30.39040000000012,0.0,0,0,5.0,0,0
30.392800000000122,0.0,0,0,5.0,0,0
30.692800000000123,0.0,0,0,5.0,0,0
30.695200000000124,0.0,0,0,5.0,0,0
30.995200000000125,0.0,0,0,5.0,0,0
30.997600000000126,0.0,0,0,5.0,0,0
31.297600000000127,0.0,0,0,5.0,0,0
31.30000000000013,0.0,0,0,5.0,0,0
31.60000000000013,0.0,0,0,5.0,0,0
31.60240000000013,0.0,0,0,5.0,0,0
31.90240000000013,0.0,0,0,5.0,0,0
31.904800000000133,0.0,0,0,5.0,0,0
32.204800000000134,0.0,0,0,5.0,0,0
32.207200000000135,0.0,0,0,5.0,0,0
32.50720000000013,0.0,0,0,5.0,0,0
32.509600000000134,0.0,0,0,5.0,0,0
32.80960000000013,0.0,0,0,5.0,0,0
32.81200000000013,0.0,0,0,5.0,0,0
33.11200000000013,0.0,0,0,5.0,0,0
33.11440000000013,0.0,0,0,5.0,0,0
33.41440000000013,0.0,0,0,5.0,0,0
33.41680000000013,0.0,0,0,5.0,0,0
33.71680000000013,0.0,0,0,5.0,0,0
33.71920000000013,0.0,0,0,5.0,0,0
34.019200000000126,0.0,0,0,5.0,0,0
34.02160000000013,0.0,0,0,5.0,0,0
34.321600000000124,0.0,0,0,5.0,0,0
34.324000000000126,0.0,0,0,5.0,0,0
34.62400000000012,0.0,0,0,5.0,0,0
34.626400000000125,0.0,0,0,5.0,0,0
34.92640000000012,0.0,0,0,5.0,0,0
34.92880000000012,0.0,0,0,5.0,0,0
35.22880000000012,0.0,0,0,5.0,0,0
35.23120000000012,0.0,0,0,5.0,0,0
35.53120000000012,0.0,0,0,5.0,0,0
35.53360000000012,0.0,0,0,5.0,0,0
35.83360000000012,0.0,0,0,5.0,0,0
35.83600000000012,0.0,0,0,5.0,0,0
36.13600000000012,0.0,0,0,5.0,0,0
36.13840000000012,0.0,0,0,5.0,0,0
36.438400000000115,0.0,0,0,5.0,0,0
36.44080000000012,0.0,0,0,5.0,0,0
36.740800000000114,0.0,0,0,5.0,0,0
36.743200000000115,0.0,0,0,5.0,0,0
37.04320000000011,0.0,0,0,5.0,0,0
37.045600000000114,0.0,0,0,5.0,0,0
37.34560000000011,0.0,0,0,5.0,0,0
37.34800000000011,0.0,0,0,5.0,0,0
37.64800000000011,0.0,0,0,5.0,0,0
37.65040000000011,0.0,0,0,5.0,0,0
37.95040000000011,0.0,0,0,5.0,0,0
37.95280000000011,0.0,0,0,5.0,0,0
38.25280000000011,0.0,0,0,5.0,0,0
38.25520000000011,0.0,0,0,5.0,0,0
38.555200000000106,0.0,0,0,5.0,0,0
38.55760000000011,0.0,0,0,5.0,0,0
38.857600000000105,0.0,0,0,5.0,0,0
38.860000000000106,0.0,0,0,5.0,0,0
39.1600000000001,0.0,0,0,5.0,0,0
39.162400000000105,0.0,0,0,5.0,0,0
39.4624000000001,0.0,0,0,5.0,0,0
39.4648000000001,0.0,0,0,5.0,0,0
39.7648000000001,0.0,0,0,5.0,0,0
39.7672000000001,0.0,0,0,5.0,0,0
40.0672000000001,0.0,0,0,5.0,0,0
40.0696000000001,0.0,0,0,5.0,0,0
40.3696000000001,0.0,0,0,5.0,0,0
40.3720000000001,0.0,0,0,5.0,0,0
40.6720000000001,0.0,0,0,5.0,0,0
40.6744000000001,0.0,0,0,5.0,0,0
40.974400000000095,0.0,0,0,5.0,0,0
40.9768000000001,0.0,0,0,5.0,0,0
41.276800000000094,0.0,0,0,5.0,0,0
41.279200000000095,0.0,0,0,5.0,0,0
41.57920000000009,0.0,0,0,5.0,0,0
41.581600000000094,0.0,0,0,5.0,0,0
41.88160000000009,0.0,0,0,5.0,0,0
41.88400000000009,0.0,0,0,5.0,0,0
42.18400000000009,0.0,0,0,5.0,0,0
42.18640000000009,0.0,0,0,5.0,0,0
42.48640000000009,0.0,0,0,5.0,0,0
42.48880000000009,0.0,0,0,5.0,0,0
42.78880000000009,0.0,0,0,5.0,0,0
42.79120000000009,0.0,0,0,5.0,0,0
43.091200000000086,0.0,0,0,5.0,0,0
43.09360000000009,0.0,0,0,5.0,0,0
43.393600000000085,0.0,0,0,5.0,0,0
43.396000000000086,0.0,0,0,5.0,0,0
43.69600000000008,0.0,0,0,5.0,0,0
43.698400000000085,0.0,0,0,5.0,0,0
43.99840000000008,0.0,0,0,5.0,0,0
44.00080000000008,0.0,0,0,5.0,0,0
44.30080000000008,0.0,0,0,5.0,0,0
44.30320000000008,0.0,0,0,5.0,0,0
44.60320000000008,0.0,0,0,5.0,0,0
44.60560000000008,0.0,0,0,5.0,0,0
44.90560000000008,0.0,0,0,5.0,0,0
44.90800000000008,0.0,0,0,5.0,0,0
45.20800000000008,0.0,0,0,5.0,0,0
45.21040000000008,0.0,0,0,5.0,0,0
45.510400000000075,0.0,0,0,5.0,0,0
45.51280000000008,0.0,0,0,5.0,0,0
45.812800000000074,0.0,0,0,5.0,0,0
45.815200000000075,0.0,0,0,5.0,0,0
46.11520000000007,0.0,0,0,5.0,0,0
46.117600000000074,0.0,0,0,5.0,0,0
46.41760000000007,0.0,0,0,5.0,0,0
46.42000000000007,0.0,0,0,5.0,0,0
46.72000000000007,0.0,0,0,5.0,0,0
46.72240000000007,0.0,0,0,5.0,0,0
47.02240000000007,0.0,0,0,5.0,0,0
47.02480000000007,0.0,0,0,5.0,0,0
47.32480000000007,0.0,0,0,5.0,0,0
47.32720000000007,0.0,0,0,5.0,0,0
47.627200000000066,0.0,0,0,5.0,0,0
47.62960000000007,0.0,0,0,5.0,0,0
47.929600000000065,0.0,0,0,5.0,0,0
47.932000000000066,0.0,0,0,5.0,0,0
48.23200000000006,0.0,0,0,5.0,0,0
48.234400000000065,0.0,0,0,5.0,0,0
48.53440000000006,0.0,0,0,5.0,0,0
48.53680000000006,0.0,0,0,5.0,0,0
48.83680000000006,0.0,0,0,5.0,0,0
48.83920000000006,0.0,0,0,5.0,0,0
49.13920000000006,0.0,0,0,5.0,0,0
49.14160000000006,0.0,0,0,5.0,0,0
49.44160000000006,0.0,0,0,5.0,0,0
49.44400000000006,0.0,0,0,5.0,0,0
49.74400000000006,0.0,0,0,5.0,0,0
49.74640000000006,0.0,0,0,5.0,0,0
50.046400000000055,0.0,0,0,5.0,0,0
50.04880000000006,0.0,0,0,5.0,0,0
50.348800000000054,0.0,0,0,5.0,0,0
50.351200000000055,0.0,0,0,5.0,0,0
50.65120000000005,0.0,0,0,5.0,0,0
50.653600000000054,0.0,0,0,5.0,0,0
50.95360000000005,0.0,0,0,5.0,0,0
50.95600000000005,0.0,0,0,5.0,0,0
51.25600000000005,0.0,0,0,5.0,0,0
51.25840000000005,0.0,0,0,5.0,0,0
51.55840000000005,0.0,0,0,5.0,0,0
51.56080000000005,0.0,0,0,5.0,0,0
51.86080000000005,0.0,0,0,5.0,0,0
51.86320000000005,0.0,0,0,5.0,0,0
52.163200000000046,0.0,0,0,5.0,0,0
52.16560000000005,0.0,0,0,5.0,0,0
52.465600000000045,0.0,0,0,5.0,0,0
52.468000000000046,0.0,0,0,5.0,0,0
52.76800000000004,0.0,0,0,5.0,0,0
52.770400000000045,0.0,0,0,5.0,0,0
53.07040000000004,0.0,0,0,5.0,0,0
53.07280000000004,0.0,0,0,5.0,0,0
53.37280000000004,0.0,0,0,5.0,0,0
53.37520000000004,0.0,0,0,5.0,0,0
53.67520000000004,0.0,0,0,5.0,0,0
53.67760000000004,0.0,0,0,5.0,0,0
53.97760000000004,0.0,0,0,5.0,0,0
53.98000000000004,0.0,0,0,5.0,0,0
54.28000000000004,0.0,0,0,5.0,0,0
54.28240000000004,0.0,0,0,5.0,0,0
54.582400000000035,0.0,0,0,5.0,0,0
54.58480000000004,0.0,0,0,5.0,0,0
54.884800000000034,0.0,0,0,5.0,0,0
54.887200000000036,0.0,0,0,5.0,0,0
55.18720000000003,0.0,0,0,5.0,0,0
55.189600000000034,0.0,0,0,5.0,0,0
55.48960000000003,0.0,0,0,5.0,0,0
55.49200000000003,0.0,0,0,5.0,0,0
55.79200000000003,0.0,0,0,5.0,0,0
55.79440000000003,0.0,0,0,5.0,0,0
56.09440000000003,0.0,0,0,5.0,0,0
56.09680000000003,0.0,0,0,5.0,0,0
56.39680000000003,0.0,0,0,5.0,0,0
56.39920000000003,0.0,0,0,5.0,0,0
56.699200000000026,0.0,0,0,5.0,0,0
56.70160000000003,0.0,0,0,5.0,0,0
57.001600000000025,0.0,0,0,5.0,0,0
57.004000000000026,0.0,0,0,5.0,0,0
57.30400000000002,0.0,0,0,5.0,0,0
57.306400000000025,0.0,0,0,5.0,0,0
57.60640000000002,0.0,0,0,5.0,0,0
57.60880000000002,0.0,0,0,5.0,0,0
57.90880000000002,0.0,0,0,5.0,0,0
57.91120000000002,0.0,0,0,5.0,0,0
58.21120000000002,0.0,0,0,5.0,0,0
58.21360000000002,0.0,0,0,5.0,0,0
58.51360000000002,0.0,0,0,5.0,0,0
58.51600000000002,0.0,0,0,5.0,0,0
58.81600000000002,0.0,0,0,5.0,0,0
58.81840000000002,0.0,0,0,5.0,0,0
59.118400000000015,0.0,0,0,5.0,0,0
59.12080000000002,0.0,0,0,5.0,0,0
59.420800000000014,0.0,0,0,5.0,0,0
59.423200000000016,0.0,0,0,5.0,0,0
59.72320000000001,0.0,0,0,5.0,0,0
59.725600000000014,0.0,0,0,5.0,0,0
60.02560000000001,0.0,0,0,5.0,0,0
60.02800000000001,0.0,0,0,5.0,0,0
60.32800000000001,0.0,0,0,5.0,0,0
60.33040000000001,0.0,0,0,5.0,0,0
60.63040000000001,0.0,0,0,5.0,0,0
60.63280000000001,0.0,0,0,5.0,0,0
60.93280000000001,0.0,0,0,5.0,0,0
60.93520000000001,0.0,0,0,5.0,0,0
61.235200000000006,0.0,0,0,5.0,0,0
61.23760000000001,0.0,0,0,5.0,0,0
61.537600000000005,0.0,0,0,5.0,0,0
61.540000000000006,0.0,0,0,5.0,0,0
61.84,0.0,0,0,5.0,0,0
61.842400000000005,0.0,0,0,5.0,0,0
62.1424,0.0,0,0,5.0,0,0
62.144800000000004,0.0,0,0,5.0,0,0
62.4448,0.0,0,0,5.0,0,0
62.4472,0.0,0,0,5.0,0,0
62.7472,0.0,0,0,5.0,0,0
62.7496,0.0,0,0,5.0,0,0
63.0496,0.0,0,0,5.0,0,0
63.052,0.0,0,0,5.0,0,0
63.352,0.0,0,0,5.0,0,0
63.3544,0.0,0,0,5.0,0,0
63.654399999999995,0.0,0,0,5.0,0,0
63.6568,0.0,0,0,5.0,0,0
63.956799999999994,0.0,0,0,5.0,0,0
63.959199999999996,0.0,0,0,5.0,0,0
64.25919999999999,0.0,0,0,5.0,0,0
64.26159999999999,0.0,0,0,5.0,0,0
64.56159999999998,0.0,0,0,5.0,0,0
64.56399999999998,0.0,0,0,5.0,0,0
64.86399999999998,0.0,0,0,5.0,0,0
64.86639999999997,0.0,0,0,5.0,0,0
65.16639999999997,0.0,0,0,5.0,0,0
65.16879999999996,0.0,0,0,5.0,0,0
65.46879999999996,0.0,0,0,5.0,0,0
65.47119999999995,0.0,0,0,5.0,0,0
65.77119999999995,0.0,0,0,5.0,0,0
65.77359999999994,0.0,0,0,5.0,0,0
66.07359999999994,0.0,0,0,5.0,0,0
66.07599999999994,0.0,0,0,5.0,0,0
66.37599999999993,0.0,0,0,5.0,0,0
66.37839999999993,0.0,0,0,5.0,0,0
66.67839999999993,0.0,0,0,5.0,0,0
66.68079999999992,0.0,0,0,5.0,0,0
66.98079999999992,0.0,0,0,5.0,0,0
66.98319999999991,0.0,0,0,5.0,0,0
67.28319999999991,0.0,0,0,5.0,0,0
67.2855999999999,0.0,0,0,5.0,0,0
67.5855999999999,0.0,0,0,5.0,0,0
67.5879999999999,0.0,0,5.0,5.0,0,0
67.88799999999989,0.0,0,5.0,5.0,0,0
67.89039999999989,0.0,0,5.0,5.0,0,0
68.19039999999988,0.0,0,5.0,5.0,0,0
68.19279999999988,0.0,0,5.0,5.0,0,0
68.49279999999987,0.0,0,5.0,5.0,0,0
68.49519999999987,0.0,0,5.0,3.0,0,1.0
68.79519999999987,0.0,0,5.0,3.0,0,1.0
68.79759999999986,0.0,0,3.0,3.0,1.0,1.0
69.09759999999986,0.0,0,3.0,3.0,1.0,1.0
69.10359999999986,0.0,0,3.0,3.0,1.0,1.0
69.40359999999986,0.0,0,3.0,3.0,1.0,1.0
69.40419999999986,0.0,0,3.0,3.0,1.0,1.0
69.70419999999986,0.0,0,3.0,3.0,1.0,1.0
69.70479999999986,0.0,0,3.0,3.0,1.0,1.0
70.00479999999986,0.0,0,3.0,3.0,1.0,1.0
70.00539999999987,0.0,0,3.0,3.0,1.0,1.0
70.30539999999986,0.0,0,3.0,3.0,1.0,1.0
70.30599999999987,0.0,0,3.0,3.0,1.0,1.0
70.60599999999987,0.0,0,3.0,3.0,1.0,1.0
70.60659999999987,0.0,0,3.0,3.0,1.0,1.0
70.90659999999987,0.0,0,3.0,3.0,1.0,1.0
70.90719999999988,0.0,0,3.0,3.0,1.0,1.0
71.20719999999987,0.0,0,3.0,3.0,1.0,1.0
71.20779999999988,0.0,0,3.0,3.0,1.0,1.0
71.50779999999988,0.0,0,3.0,3.0,1.0,1.0
71.50839999999988,0.0,0,3.0,3.0,1.0,1.0
71.80839999999988,0.0,0,3.0,3.0,1.0,1.0
71.80899999999988,0.0,0,3.0,3.0,1.0,1.0
72.10899999999988,0.0,0,3.0,3.0,1.0,1.0
72.10959999999989,0.0,0,3.0,3.0,1.0,1.0
72.40959999999988,0.0,0,3.0,3.0,1.0,1.0
72.41019999999989,0.0,0,3.0,3.0,1.0,1.0
72.71019999999989,0.0,0,3.0,3.0,1.0,1.0
72.71079999999989,1.0,0,3.0,3.0,1.0,1.0
73.01079999999989,1.0,0,3.0,3.0,1.0,1.0
73.01140606060595,1.0,0,3.0,3.0,1.0,1.0
73.31140606060595,1.0,0,3.0,3.0,1.0,1.0
73.312012121212,1.0,0,3.0,3.0,1.0,1.0
73.612012121212,1.0,0,3.0,3.0,1.0,1.0
73.61261818181806,1.0,0,3.0,3.0,1.0,1.0
73.91261818181806,1.0,0,3.0,3.0,1.0,1.0
73.91322424242412,1.0,0,3.0,3.0,1.0,1.0
74.21322424242412,1.0,0,3.0,3.0,1.0,1.0
74.21383030303018,1.0,0,3.0,3.0,1.0,1.0
74.51383030303018,1.0,0,3.0,3.0,1.0,1.0
74.51443636363624,1.0,0,3.0,3.0,1.0,1.0
74.81443636363623,1.0,0,3.0,3.0,1.0,1.0
74.8150424242423,1.0,0,3.0,3.0,1.0,1.0
75.11504242424229,1.0,0,3.0,3.0,1.0,1.0
75.11564848484835,1.0,0,3.0,3.0,1.0,1.0
75.41564848484835,1.0,0,3.0,3.0,1.0,1.0
75.41625454545441,1.0,0,3.0,3.0,1.0,1.0
75.7162545454544,1.0,0,3.0,3.0,1.0,1.0
75.71686060606046,1.0,0,3.0,3.0,1.0,1.0
76.01686060606046,1.0,0,3.0,3.0,1.0,1.0
76.01746666666652,1.0,0,3.0,3.0,1.0,1.0
76.31746666666652,1.0,0,3.0,3.0,1.0,1.0
76.31807272727258,1.0,0,3.0,3.0,1.0,1.0
76.61807272727258,1.0,0,3.0,3.0,1.0,1.0
76.61867878787864,1.0,0,3.0,3.0,1.0,1.0
76.91867878787863,1.0,0,3.0,3.0,1.0,1.0
76.9192848484847,1.0,0,3.0,3.0,1.0,1.0
77.21928484848469,1.0,0,3.0,3.0,1.0,1.0
77.21989090909075,1.0,0,3.0,3.0,1.0,1.0
77.51989090909075,1.0,0,3.0,3.0,1.0,1.0
77.52049696969681,1.0,0,1.0,3.0,2.0,1.0
77.8204969696968,1.0,0,1.0,3.0,2.0,1.0
77.82110303030287,1.0,0,1.0,3.0,2.0,1.0
78.12110303030286,1.0,0,1.0,3.0,2.0,1.0
78.12170909090892,1.0,0,1.0,3.0,2.0,1.0
78.42170909090892,1.0,0,1.0,3.0,2.0,1.0
78.42231515151498,1.0,0,1.0,3.0,2.0,1.0
78.72231515151498,1.0,0,1.0,3.0,2.0,1.0
78.72292121212104,1.0,0,1.0,3.0,2.0,1.0
79.02292121212103,1.0,0,1.0,3.0,2.0,1.0
79.0235272727271,1.0,0,1.0,3.0,2.0,1.0
79.32352727272709,1.0,0,1.0,3.0,2.0,1.0
79.32413333333315,1.0,0,1.0,3.0,2.0,1.0
79.62413333333315,1.0,0,1.0,3.0,2.0,1.0
79.62473939393921,1.0,0,1.0,3.0,2.0,1.0
79.9247393939392,1.0,0,1.0,3.0,2.0,1.0
79.92534545454527,2.0,0,1.0,3.0,2.0,1.0
80.22534545454526,2.0,0,1.0,3.0,2.0,1.0
80.22595769944323,2.0,0,1.0,3.0,2.0,1.0
80.52595769944323,2.0,0,1.0,3.0,2.0,1.0
80.52656994434119,2.0,0,1.0,3.0,2.0,1.0
80.82656994434119,2.0,0,1.0,3.0,2.0,1.0
80.82718218923915,2.0,0,1.0,3.0,2.0,1.0
81.12718218923915,2.0,0,1.0,3.0,2.0,1.0
81.12779443413712,2.0,0,1.0,3.0,2.0,1.0
81.42779443413711,2.0,0,1.0,3.0,2.0,1.0
81.42840667903508,2.0,0,1.0,3.0,2.0,1.0
81.72840667903507,2.0,0,1.0,3.0,2.0,1.0
81.72901892393304,2.0,0,1.0,3.0,2.0,1.0
82.02901892393304,2.0,0,1.0,3.0,2.0,1.0
82.029631168831,3.0,0,1.0,3.0,2.0,1.0
82.329631168831,3.0,0,1.0,3.0,2.0,1.0
82.33024972553203,3.0,0,1.0,3.0,2.0,1.0
82.63024972553202,3.0,0,1.0,3.0,2.0,1.0
82.63086828223305,3.0,0,1.0,3.0,2.0,1.0
82.93086828223305,3.0,0,1.0,3.0,2.0,1.0
82.93148683893408,3.0,0,1.0,3.0,2.0,1.0
83.23148683893407,3.0,0,1.0,3.0,2.0,1.0
83.2321053956351,3.0,0,1.0,3.0,2.0,1.0
83.5321053956351,3.0,0,1.0,3.0,2.0,1.0
83.53272395233613,3.0,0,1.0,3.0,2.0,1.0
83.83272395233612,3.0,0,1.0,3.0,2.0,1.0
83.83334250903715,3.0,0,1.0,3.0,2.0,1.0
84.13334250903715,3.0,0,1.0,3.0,2.0,1.0
84.13396106573818,3.0,0,1.0,3.0,2.0,1.0
84.43396106573817,3.0,0,1.0,3.0,2.0,1.0
84.4345796224392,3.0,0,1.0,3.0,2.0,1.0
84.7345796224392,3.0,0,1.0,3.0,2.0,1.0
84.73519817914023,3.0,0,1.0,3.0,2.0,1.0
85.03519817914022,3.0,0,1.0,3.0,2.0,1.0
85.03581673584125,3.0,0,1.0,3.0,2.0,1.0
85.33581673584125,3.0,0,1.0,3.0,2.0,1.0
85.33643529254228,3.0,0,1.0,3.0,2.0,1.0
85.63643529254227,3.0,0,1.0,3.0,2.0,1.0
85.6370538492433,3.0,0,1.0,3.0,2.0,1.0
85.9370538492433,3.0,0,1.0,3.0,2.0,1.0
85.93767240594433,3.0,0,1.0,3.0,2.0,1.0
86.23767240594432,3.0,0,1.0,3.0,2.0,1.0
86.23829096264535,3.0,0,1.0,3.0,2.0,1.0
86.53829096264535,3.0,0,1.0,3.0,2.0,1.0
86.53890951934638,3.0,0,1.0,3.0,2.0,1.0
86.83890951934637,3.0,0,1.0,3.0,2.0,1.0
86.8395280760474,3.0,0,1.0,3.0,2.0,1.0
87.1395280760474,3.0,0,1.0,3.0,2.0,1.0
87.14014663274843,3.0,0,1.0,3.0,2.0,1.0
87.44014663274842,3.0,0,1.0,3.0,2.0,1.0
87.44076518944945,3.0,0,1.0,3.0,2.0,1.0
87.74076518944945,3.0,0,1.0,3.0,2.0,1.0
87.74138374615048,3.0,0,1.0,3.0,2.0,1.0
88.04138374615047,3.0,0,1.0,3.0,2.0,1.0
88.0420023028515,3.0,0,1.0,3.0,2.0,1.0
88.3420023028515,3.0,0,1.0,3.0,2.0,1.0
88.34262085955253,3.0,0,1.0,3.0,2.0,1.0
88.64262085955252,3.0,0,1.0,3.0,2.0,1.0
88.64323941625355,3.0,0,1.0,3.0,2.0,1.0
88.94323941625355,3.0,0,1.0,3.0,2.0,1.0
88.94385797295458,3.0,0,1.0,3.0,2.0,1.0
89.24385797295457,3.0,0,1.0,3.0,2.0,1.0
89.2444765296556,2.0,0,1.0,3.0,2.0,1.0
89.5444765296556,2.0,0,1.0,3.0,2.0,1.0
89.54508877455356,2.0,0,1.0,3.0,2.0,1.0
89.84508877455356,2.0,0,1.0,3.0,2.0,1.0
89.84570101945152,2.0,0,1.0,3.0,2.0,1.0
90.14570101945152,2.0,0,1.0,3.0,2.0,1.0
90.14631326434949,2.0,0,1.0,3.0,2.0,1.0
90.44631326434948,2.0,0,1.0,3.0,2.0,1.0
90.44692550924745,2.0,0,1.0,3.0,2.0,1.0
90.74692550924745,2.0,0,1.0,3.0,2.0,1.0
90.74753775414541,2.0,0,1.0,3.0,2.0,1.0
91.04753775414541,2.0,0,1.0,3.0,2.0,1.0
91.04814999904337,2.0,0,1.0,3.0,2.0,1.0
91.34814999904337,2.0,0,1.0,3.0,2.0,1.0
91.34876224394134,2.0,0,1.0,3.0,2.0,1.0
91.64876224394133,2.0,0,1.0,3.0,2.0,1.0
91.6493744888393,2.0,0,1.0,3.0,2.0,1.0
91.9493744888393,2.0,0,1.0,3.0,2.0,1.0
91.94998673373726,2.0,0,1.0,3.0,2.0,1.0
92.24998673373726,2.0,0,1.0,3.0,2.0,1.0
92.25059897863522,2.0,0,1.0,3.0,2.0,1.0
92.55059897863522,2.0,0,1.0,3.0,2.0,1.0
92.55121122353319,2.0,0,1.0,3.0,2.0,1.0
92.85121122353318,2.0,0,1.0,3.0,2.0,1.0
92.85182346843115,2.0,0,1.0,3.0,2.0,1.0
93.15182346843115,2.0,0,1.0,3.0,2.0,1.0
93.15243571332911,2.0,0,1.0,3.0,2.0,1.0
93.45243571332911,2.0,0,1.0,3.0,2.0,1.0
93.45304795822707,2.0,0,1.0,3.0,2.0,1.0
93.75304795822707,2.0,0,1.0,3.0,2.0,1.0
93.75366020312504,2.0,0,1.0,3.0,2.0,1.0
94.05366020312503,2.0,0,1.0,3.0,2.0,1.0
94.054272448023,2.0,0,1.0,3.0,2.0,1.0
94.354272448023,2.0,0,1.0,3.0,2.0,1.0
94.35488469292096,2.0,0,1.0,3.0,2.0,1.0
94.65488469292096,2.0,0,1.0,3.0,2.0,1.0
94.65549693781892,2.0,0,1.0,3.0,2.0,1.0
94.95549693781892,2.0,0,1.0,3.0,2.0,1.0
94.95610918271689,2.0,0,1.0,3.0,2.0,1.0
95.25610918271688,2.0,0,1.0,3.0,2.0,1.0
95.25672142761485,2.0,0,1.0,3.0,2.0,1.0
95.55672142761485,2.0,0,1.0,3.0,2.0,1.0
95.55733367251281,2.0,0,1.0,3.0,2.0,1.0
95.85733367251281,2.0,0,1.0,3.0,2.0,1.0
95.85794591741077,2.0,0,1.0,3.0,2.0,1.0
96.15794591741077,2.0,0,1.0,3.0,2.0,1.0
96.15855816230874,2.0,0,1.0,3.0,2.0,1.0
96.45855816230873,2.0,0,1.0,3.0,2.0,1.0
96.4591704072067,2.0,0,1.0,3.0,2.0,1.0
96.7591704072067,2.0,0,1.0,3.0,2.0,1.0
96.75978265210466,2.0,0,1.0,3.0,2.0,1.0
97.05978265210466,2.0,0,1.0,3.0,2.0,1.0
97.06039489700262,2.0,0,1.0,3.0,2.0,1.0
97.36039489700262,2.0,0,1.0,3.0,2.0,1.0
97.36100714190059,2.0,0,1.0,3.0,2.0,1.0
97.66100714190058,2.0,0,1.0,3.0,2.0,1.0
97.66161938679855,3.0,0,1.0,3.0,2.0,1.0
97.96161938679855,3.0,0,1.0,3.0,2.0,1.0
97.96223794349957,3.0,0,1.0,3.0,2.0,1.0
98.26223794349957,3.0,0,1.0,3.0,2.0,1.0
98.2628565002006,3.0,0,1.0,3.0,2.0,1.0
98.5628565002006,3.0,0,1.0,3.0,2.0,1.0
98.56347505690162,3.0,0,1.0,3.0,2.0,1.0
98.86347505690162,3.0,0,1.0,3.0,2.0,1.0
98.86409361360265,3.0,0,1.0,3.0,2.0,1.0
99.16409361360265,3.0,0,1.0,3.0,2.0,1.0
99.16471217030367,3.0,0,1.0,3.0,2.0,1.0
99.46471217030367,3.0,0,1.0,3.0,2.0,1.0
99.4653307270047,3.0,0,1.0,3.0,2.0,1.0
99.7653307270047,3.0,0,1.0,3.0,2.0,1.0
99.76594928370572,3.0,0,1.0,3.0,2.0,1.0
100.06594928370572,3.0,0,1.0,3.0,2.0,1.0
100.06656784040675,3.0,0,1.0,3.0,2.0,1.0
100.36656784040674,3.0,0,1.0,3.0,2.0,1.0
100.36718639710777,3.0,0,1.0,3.0,2.0,1.0
100.66718639710777,3.0,0,1.0,3.0,2.0,1.0
100.6678049538088,3.0,0,1.0,3.0,2.0,1.0
100.9678049538088,3.0,0,1.0,3.0,2.0,1.0
100.96842351050982,3.0,0,1.0,3.0,2.0,1.0
101.26842351050982,3.0,0,1.0,3.0,2.0,1.0
101.26904206721085,3.0,0,1.0,3.0,2.0,1.0
101.56904206721084,3.0,0,1.0,3.0,2.0,1.0
101.56966062391187,3.0,0,1.0,3.0,2.0,1.0
101.86966062391187,3.0,0,1.0,3.0,2.0,1.0
101.8702791806129,3.0,0,1.0,3.0,2.0,1.0
102.1702791806129,3.0,0,1.0,3.0,2.0,1.0
102.17089773731392,3.0,0,1.0,3.0,2.0,1.0
102.47089773731392,3.0,0,1.0,3.0,2.0,1.0
102.47151629401495,3.0,0,1.0,3.0,2.0,1.0
102.77151629401494,3.0,0,1.0,3.0,2.0,1.0
102.77213485071597,3.0,0,1.0,3.0,2.0,1.0
103.07213485071597,3.0,0,1.0,3.0,2.0,1.0
103.072753407417,3.0,0,1.0,3.0,2.0,1.0
103.372753407417,3.0,0,1.0,3.0,2.0,1.0
103.37337196411802,3.0,0,1.0,3.0,2.0,1.0
103.67337196411802,3.0,0,1.0,3.0,2.0,1.0
103.67399052081905,3.0,0,1.0,3.0,2.0,1.0
103.97399052081904,3.0,0,1.0,3.0,2.0,1.0
103.97460907752007,3.0,0,1.0,3.0,2.0,1.0
104.27460907752007,3.0,0,1.0,3.0,2.0,1.0
104.2752276342211,3.0,0,1.0,3.0,2.0,1.0
104.5752276342211,3.0,0,1.0,3.0,2.0,1.0
104.57584619092212,3.0,0,1.0,3.0,2.0,1.0
104.87584619092212,3.0,0,1.0,3.0,2.0,1.0
104.87646474762315,3.0,0,1.0,3.0,2.0,1.0
105.17646474762314,3.0,0,1.0,3.0,2.0,1.0
105.17708330432417,3.0,0,1.0,3.0,2.0,1.0
105.47708330432417,3.0,0,1.0,3.0,2.0,1.0
105.4777018610252,3.0,0,1.0,3.0,2.0,1.0
105.7777018610252,3.0,0,1.0,3.0,2.0,1.0
105.77832041772622,3.0,0,1.0,3.0,2.0,1.0
106.07832041772622,3.0,0,1.0,3.0,2.0,1.0
106.07893897442725,3.0,0,1.0,3.0,2.0,1.0
106.37893897442724,3.0,0,1.0,3.0,2.0,1.0
106.37955753112827,3.0,0,1.0,3.0,2.0,1.0
106.67955753112827,3.0,0,1.0,3.0,2.0,1.0
106.6801760878293,3.0,0,1.0,3.0,2.0,1.0
106.98017608782929,3.0,0,1.0,3.0,2.0,1.0
106.98079464453032,3.0,0,1.0,3.0,2.0,1.0
107.28079464453032,3.0,0,1.0,3.0,2.0,1.0
107.28141320123135,3.0,0,1.0,3.0,2.0,1.0
107.58141320123134,3.0,0,1.0,3.0,2.0,1.0
107.58203175793237,3.0,0,1.0,3.0,2.0,1.0
107.88203175793237,3.0,0,1.0,3.0,2.0,1.0
107.8826503146334,3.0,0,1.0,3.0,2.0,1.0
108.18265031463339,3.0,0,1.0,3.0,2.0,1.0
108.18326887133442,3.0,0,1.0,3.0,2.0,1.0
108.48326887133442,3.0,0,1.0,3.0,2.0,1.0
108.48388742803544,3.0,0,1.0,3.0,2.0,1.0
108.78388742803544,3.0,0,1.0,3.0,2.0,1.0
108.78450598473647,3.0,0,1.0,3.0,2.0,1.0
109.08450598473647,3.0,0,1.0,3.0,2.0,1.0
109.0851245414375,3.0,0,1.0,3.0,2.0,1.0
109.38512454143749,3.0,0,1.0,3.0,2.0,1.0
109.38574309813852,3.0,0,1.0,3.0,2.0,1.0
109.68574309813852,3.0,0,1.0,3.0,2.0,1.0
109.68636165483954,3.0,0,1.0,3.0,2.0,1.0
109.98636165483954,3.0,0,1.0,3.0,2.0,1.0
109.98698021154057,3.0,0,1.0,3.0,2.0,1.0
110.28698021154057,3.0,0,1.0,3.0,2.0,1.0
110.2875987682416,3.0,0,1.0,3.0,2.0,1.0
110.58759876824159,3.0,0,1.0,3.0,2.0,1.0
110.58821732494262,3.0,0,1.0,3.0,2.0,1.0
110.88821732494262,3.0,0,1.0,3.0,2.0,1.0
110.88883588164364,3.0,0,1.0,3.0,2.0,1.0
111.18883588164364,3.0,0,1.0,3.0,2.0,1.0
111.18945443834467,3.0,0,1.0,3.0,2.0,1.0
111.48945443834467,3.0,0,1.0,3.0,2.0,1.0
111.4900729950457,3.0,0,1.0,3.0,2.0,1.0
111.79007299504569,3.0,0,1.0,3.0,2.0,1.0
111.79069155174672,3.0,0,1.0,3.0,2.0,1.0
112.09069155174672,3.0,0,1.0,3.0,2.0,1.0
112.09131010844774,3.0,0,1.0,3.0,2.0,1.0
112.39131010844774,3.0,0,1.0,3.0,2.0,1.0
112.39192866514877,3.0,0,1.0,3.0,2.0,1.0
112.69192866514877,3.0,0,1.0,3.0,2.0,1.0
112.6925472218498,3.0,0,1.0,3.0,2.0,1.0
112.99254722184979,3.0,0,1.0,3.0,2.0,1.0
112.99316577855082,3.0,0,1.0,3.0,2.0,1.0
113.29316577855082,3.0,0,1.0,3.0,2.0,1.0
113.29378433525184,3.0,1.0,1.0,3.0,2.0,1.0
113.59378433525184,3.0,1.0,1.0,3.0,2.0,1.0
113.59440289195287,3.0,1.0,1.0,3.0,2.0,1.0
113.89440289195286,3.0,1.0,1.0,3.0,2.0,1.0
113.89502144865389,3.0,1.0,1.0,3.0,2.0,1.0
114.19502144865389,3.0,1.0,1.0,3.0,2.0,1.0
114.19564000535492,3.0,1.0,1.0,3.0,2.0,1.0
114.49564000535491,3.0,1.0,1.0,3.0,2.0,1.0
114.49625856205594,3.0,1.0,1.0,3.0,2.0,1.0
114.79625856205594,3.0,1.0,1.0,3.0,2.0,1.0
114.79687711875697,3.0,1.0,1.0,3.0,2.0,1.0
115.09687711875696,3.0,1.0,1.0,3.0,2.0,1.0
115.09749567545799,3.0,1.0,1.0,3.0,2.0,1.0
115.39749567545799,3.0,1.0,1.0,3.0,2.0,1.0
115.39811423215902,3.0,1.0,1.0,3.0,2.0,1.0
115.69811423215901,3.0,1.0,1.0,3.0,2.0,1.0
115.69873278886004,3.0,1.0,1.0,3.0,2.0,1.0
115.99873278886004,3.0,1.0,1.0,3.0,2.0,1.0
115.99935134556107,3.0,1.0,1.0,3.0,2.0,1.0
116.29935134556106,3.0,1.0,1.0,3.0,2.0,1.0
116.29996990226209,3.0,1.0,1.0,3.0,2.0,1.0
116.59996990226209,3.0,1.0,1.0,3.0,2.0,1.0
116.60058845896312,3.0,1.0,1.0,3.0,2.0,1.0
116.90058845896311,3.0,1.0,1.0,3.0,2.0,1.0
116.90120701566414,3.0,1.0,1.0,3.0,2.0,1.0
117.20120701566414,3.0,1.0,1.0,3.0,2.0,1.0
117.20182557236517,3.0,1.0,1.0,3.0,2.0,1.0
117.50182557236516,3.0,1.0,1.0,3.0,2.0,1.0
117.50244412906619,3.0,1.0,1.0,3.0,2.0,1.0
117.80244412906619,3.0,1.0,1.0,3.0,2.0,1.0
117.80306268576722,3.0,1.0,1.0,3.0,2.0,1.0
118.10306268576721,3.0,1.0,1.0,3.0,2.0,1.0
118.10368124246824,3.0,1.0,1.0,3.0,2.0,1.0
118.40368124246824,3.0,1.0,1.0,3.0,2.0,1.0
118.40429979916927,4.0,1.0,1.0,3.0,2.0,1.0
118.70429979916926,4.0,1.0,1.0,3.0,2.0,1.0
118.70492479916926,4.0,1.0,1.0,3.0,2.0,1.0
119.00492479916926,4.0,1.0,1.0,3.0,2.0,1.0
119.00554979916926,4.0,1.0,1.0,3.0,2.0,1.0
119.30554979916926,4.0,1.0,1.0,3.0,2.0,1.0
119.30617479916926,4.0,1.0,1.0,3.0,2.0,1.0
119.60617479916925,4.0,1.0,1.0,3.0,2.0,1.0
119.60679979916925,4.0,1.0,1.0,3.0,2.0,1.0
119.90679979916925,4.0,1.0,1.0,3.0,2.0,1.0
119.90742479916925,4.0,1.0,1.0,3.0,2.0,1.0
120.20742479916925,4.0,1.0,1.0,3.0,2.0,1.0
120.20804979916925,4.0,1.0,1.0,3.0,2.0,1.0
120.50804979916924,4.0,1.0,1.0,3.0,2.0,1.0
120.50867479916924,4.0,1.0,1.0,3.0,2.0,1.0
120.80867479916924,4.0,1.0,1.0,3.0,2.0,1.0
120.80929979916924,5.0,1.0,1.0,3.0,2.0,1.0
121.10929979916924,5.0,1.0,1.0,3.0,2.0,1.0
121.1099313781166,5.0,1.0,1.0,3.0,2.0,1.0
121.4099313781166,5.0,1.0,1.0,3.0,2.0,1.0
121.41056295706396,5.0,1.0,1.0,3.0,2.0,1.0
121.71056295706396,5.0,1.0,1.0,3.0,2.0,1.0
121.71119453601132,5.0,1.0,1.0,3.0,2.0,1.0
122.01119453601132,5.0,1.0,1.0,3.0,2.0,1.0
122.01182611495868,5.0,1.0,1.0,3.0,2.0,1.0
122.31182611495868,5.0,1.0,1.0,3.0,2.0,1.0
122.31245769390604,5.0,1.0,1.0,3.0,2.0,1.0
122.61245769390604,5.0,1.0,1.0,3.0,2.0,1.0
122.6130892728534,5.0,1.0,1.0,3.0,2.0,1.0
122.9130892728534,5.0,1.0,1.0,3.0,2.0,1.0
122.91372085180076,5.0,1.0,1.0,3.0,2.0,1.0
123.21372085180076,5.0,1.0,1.0,3.0,2.0,1.0
123.21435243074812,5.0,1.0,1.0,3.0,2.0,1.0
123.51435243074812,5.0,1.0,1.0,3.0,2.0,1.0
123.51498400969548,5.0,1.0,1.0,3.0,2.0,1.0
123.81498400969548,5.0,1.0,1.0,3.0,2.0,1.0
123.81561558864284,5.0,1.0,1.0,3.0,2.0,1.0
124.11561558864284,5.0,1.0,1.0,3.0,2.0,1.0
124.1162471675902,5.0,1.0,1.0,3.0,2.0,1.0
124.4162471675902,5.0,1.0,1.0,3.0,2.0,1.0
124.41687874653756,5.0,1.0,1.0,3.0,2.0,1.0
124.71687874653756,5.0,1.0,1.0,3.0,2.0,1.0
124.71751032548492,5.0,1.0,1.0,3.0,2.0,1.0
125.01751032548492,5.0,1.0,1.0,3.0,2.0,1.0
125.01814190443228,5.0,1.0,1.0,3.0,2.0,1.0
125.31814190443228,5.0,1.0,1.0,3.0,2.0,1.0
125.31877348337964,5.0,1.0,1.0,3.0,2.0,1.0
125.61877348337964,5.0,1.0,1.0,3.0,2.0,1.0
125.619405062327,5.0,1.0,1.0,3.0,2.0,1.0
125.919405062327,5.0,1.0,1.0,3.0,2.0,1.0
125.92003664127436,5.0,1.0,1.0,3.0,2.0,1.0
126.22003664127436,5.0,1.0,1.0,3.0,2.0,1.0
126.22066822022173,5.0,1.0,1.0,3.0,2.0,1.0
126.52066822022172,5.0,1.0,1.0,3.0,2.0,1.0
126.52129979916909,5.0,1.0,1.0,3.0,2.0,1.0
126.82129979916908,5.0,1.0,1.0,3.0,2.0,1.0
126.82193137811645,5.0,1.0,1.0,3.0,2.0,1.0
127.12193137811644,5.0,1.0,1.0,3.0,2.0,1.0
127.1225629570638,5.0,1.0,1.0,3.0,2.0,1.0
127.4225629570638,5.0,1.0,1.0,3.0,2.0,1.0
127.42319453601117,5.0,1.0,1.0,3.0,2.0,1.0
127.72319453601116,5.0,1.0,1.0,3.0,2.0,1.0
127.72382611495853,5.0,1.0,1.0,3.0,2.0,1.0
128.02382611495852,5.0,1.0,1.0,3.0,2.0,1.0
128.0244576939059,5.0,1.0,1.0,3.0,2.0,1.0
128.3244576939059,5.0,1.0,1.0,3.0,2.0,1.0
128.3250892728533,5.0,1.0,1.0,3.0,2.0,1.0
128.6250892728533,5.0,1.0,1.0,3.0,2.0,1.0
128.62572085180068,5.0,1.0,1.0,3.0,2.0,1.0
128.9257208518007,5.0,1.0,1.0,3.0,2.0,1.0
128.92635243074807,5.0,1.0,1.0,3.0,2.0,1.0
129.22635243074808,5.0,1.0,1.0,3.0,2.0,1.0
129.22698400969546,5.0,1.0,1.0,3.0,2.0,1.0
129.52698400969547,5.0,1.0,1.0,3.0,2.0,1.0
129.52761558864285,5.0,1.0,1.0,3.0,2.0,1.0
129.82761558864286,5.0,1.0,1.0,3.0,2.0,1.0
129.82824716759023,5.0,1.0,1.0,3.0,2.0,1.0
130.12824716759025,5.0,1.0,1.0,3.0,2.0,1.0
130.12887874653762,6.0,1.0,1.0,3.0,2.0,1.0
130.42887874653763,6.0,1.0,1.0,3.0,2.0,1.0
130.42951704440998,6.0,1.0,1.0,3.0,2.0,1.0
130.72951704441,6.0,1.0,1.0,3.0,2.0,1.0
130.73015534228233,6.0,1.0,1.0,3.0,2.0,1.0
131.03015534228234,6.0,1.0,1.0,3.0,2.0,1.0
131.03079364015468,6.0,1.0,1.0,3.0,2.0,1.0
131.3307936401547,6.0,1.0,1.0,3.0,2.0,1.0
131.33143193802704,6.0,1.0,1.0,3.0,2.0,1.0
131.63143193802705,6.0,1.0,1.0,3.0,2.0,1.0
131.6320702358994,6.0,1.0,1.0,3.0,2.0,1.0
131.9320702358994,6.0,1.0,1.0,3.0,2.0,1.0
131.93270853377174,6.0,1.0,1.0,3.0,2.0,1.0
132.23270853377176,6.0,1.0,1.0,3.0,2.0,1.0
132.2333468316441,6.0,1.0,1.0,3.0,2.0,1.0
132.5333468316441,6.0,1.0,1.0,3.0,2.0,1.0
132.53398512951645,6.0,1.0,1.0,3.0,2.0,1.0
132.83398512951646,6.0,1.0,1.0,3.0,2.0,1.0
132.8346234273888,6.0,1.0,1.0,3.0,2.0,1.0
133.13462342738882,6.0,1.0,1.0,3.0,2.0,1.0
133.13526172526116,6.0,1.0,1.0,3.0,2.0,1.0
133.43526172526117,6.0,1.0,1.0,3.0,2.0,1.0
133.4359000231335,6.0,1.0,1.0,3.0,2.0,1.0
133.73590002313352,6.0,1.0,1.0,3.0,2.0,1.0
133.73653832100587,6.0,1.0,1.0,3.0,2.0,1.0
134.03653832100588,6.0,1.0,1.0,3.0,2.0,1.0
134.03717661887822,6.0,1.0,1.0,3.0,2.0,1.0
134.33717661887823,6.0,1.0,1.0,3.0,2.0,1.0
134.33781491675057,6.0,1.0,1.0,3.0,2.0,1.0
134.63781491675059,6.0,1.0,1.0,3.0,2.0,1.0
134.63845321462293,6.0,1.0,1.0,3.0,2.0,1.0
134.93845321462294,6.0,1.0,1.0,3.0,2.0,1.0
134.93909151249528,6.0,1.0,1.0,3.0,2.0,1.0
135.2390915124953,6.0,1.0,1.0,3.0,2.0,1.0
135.23972981036763,6.0,1.0,1.0,3.0,2.0,1.0
135.53972981036765,6.0,1.0,1.0,3.0,2.0,1.0
135.54036810824,6.0,1.0,1.0,3.0,2.0,1.0
135.84036810824,6.0,1.0,1.0,3.0,2.0,1.0
135.84100640611234,6.0,1.0,1.0,3.0,2.0,1.0
136.14100640611235,6.0,1.0,1.0,3.0,2.0,1.0
136.1416447039847,6.0,1.0,1.0,3.0,2.0,1.0
136.4416447039847,6.0,1.0,1.0,3.0,2.0,1.0
136.44228300185705,6.0,1.0,1.0,3.0,2.0,1.0
136.74228300185706,6.0,1.0,1.0,3.0,2.0,1.0
136.7429212997294,6.0,1.0,1.0,3.0,2.0,1.0
137.04292129972941,6.0,1.0,1.0,3.0,2.0,1.0
137.04355959760176,6.0,1.0,1.0,3.0,2.0,1.0
137.34355959760177,6.0,1.0,1.0,3.0,2.0,1.0
137.3441978954741,6.0,1.0,1.0,3.0,2.0,1.0
137.64419789547412,6.0,1.0,1.0,3.0,2.0,1.0
137.64483619334646,6.0,1.0,1.0,3.0,2.0,1.0
137.94483619334648,6.0,1.0,1.0,3.0,2.0,1.0
137.94547449121882,6.0,1.0,1.0,3.0,2.0,1.0
138.24547449121883,6.0,1.0,1.0,3.0,2.0,1.0
138.24611278909117,6.0,1.0,1.0,3.0,2.0,1.0
138.54611278909118,6.0,1.0,1.0,3.0,2.0,1.0
138.54675108696352,6.0,1.0,1.0,3.0,2.0,1.0
138.84675108696354,6.0,1.0,1.0,3.0,2.0,1.0
138.84738938483588,6.0,1.0,1.0,3.0,2.0,1.0
139.1473893848359,6.0,1.0,1.0,3.0,2.0,1.0
139.14802768270823,6.0,1.0,1.0,3.0,2.0,1.0
139.44802768270824,6.0,1.0,1.0,3.0,2.0,1.0
139.44866598058059,6.0,1.0,1.0,3.0,2.0,1.0
139.7486659805806,6.0,1.0,1.0,3.0,2.0,1.0
139.74930427845294,6.0,1.0,1.0,3.0,2.0,1.0
140.04930427845295,6.0,1.0,1.0,3.0,2.0,1.0
140.0499425763253,6.0,1.0,1.0,3.0,2.0,1.0
140.3499425763253,6.0,1.0,1.0,3.0,2.0,1.0
140.35058087419765,6.0,1.0,1.0,3.0,2.0,1.0
140.65058087419766,6.0,1.0,1.0,3.0,2.0,1.0
140.65121917207,6.0,1.0,1.0,3.0,2.0,1.0
140.95121917207,6.0,1.0,1.0,3.0,2.0,1.0
140.95185746994235,6.0,1.0,1.0,3.0,2.0,1.0
141.25185746994237,6.0,1.0,1.0,3.0,2.0,1.0
141.2524957678147,6.0,1.0,1.0,3.0,2.0,1.0
141.55249576781472,6.0,1.0,1.0,3.0,2.0,1.0
141.55313406568706,6.0,1.0,1.0,3.0,2.0,1.0
141.85313406568707,6.0,1.0,1.0,3.0,2.0,1.0
141.85377236355941,6.0,1.0,1.0,3.0,2.0,1.0
142.15377236355943,6.0,1.0,1.0,3.0,2.0,1.0
142.15441066143177,6.0,1.0,1.0,3.0,2.0,1.0
142.45441066143178,6.0,1.0,1.0,3.0,2.0,1.0
142.45504895930412,6.0,1.0,1.0,3.0,2.0,1.0
142.75504895930413,6.0,1.0,1.0,3.0,2.0,1.0
142.75568725717648,6.0,1.0,1.0,3.0,2.0,1.0
143.0556872571765,6.0,1.0,1.0,3.0,2.0,1.0
143.05632555504883,6.0,1.0,1.0,3.0,2.0,1.0
143.35632555504884,6.0,1.0,1.0,3.0,2.0,1.0
143.35696385292118,6.0,1.0,1.0,3.0,2.0,1.0
143.6569638529212,6.0,1.0,1.0,3.0,2.0,1.0
143.65760215079354,6.0,1.0,1.0,3.0,2.0,1.0
143.95760215079355,6.0,1.0,1.0,3.0,2.0,1.0
143.9582404486659,6.0,1.0,1.0,3.0,2.0,1.0
144.2582404486659,6.0,1.0,1.0,3.0,2.0,1.0
144.25887874653824,6.0,1.0,1.0,3.0,2.0,1.0
144.55887874653826,6.0,1.0,1.0,3.0,2.0,1.0
144.5595170444106,6.0,1.0,1.0,3.0,2.0,1.0
144.8595170444106,6.0,1.0,1.0,3.0,2.0,1.0
144.86015534228295,6.0,1.0,1.0,3.0,2.0,1.0
145.16015534228296,6.0,1.0,1.0,3.0,2.0,1.0
145.1607936401553,6.0,1.0,1.0,3.0,2.0,1.0
145.46079364015532,6.0,1.0,1.0,3.0,2.0,1.0
145.46143193802766,6.0,1.0,1.0,3.0,2.0,1.0
145.76143193802767,6.0,1.0,1.0,3.0,2.0,1.0
145.7620702359,6.0,1.0,1.0,3.0,2.0,1.0
146.06207023590002,6.0,1.0,1.0,3.0,2.0,1.0
146.06270853377237,6.0,1.0,1.0,3.0,2.0,1.0
146.36270853377238,6.0,1.0,1.0,3.0,2.0,1.0
146.36334683164472,6.0,1.0,1.0,3.0,2.0,1.0
146.66334683164473,6.0,1.0,1.0,3.0,2.0,1.0
146.66398512951707,6.0,1.0,1.0,3.0,2.0,1.0
146.96398512951708,6.0,1.0,1.0,3.0,2.0,1.0
146.96462342738943,6.0,1.0,1.0,3.0,2.0,1.0
147.26462342738944,6.0,1.0,1.0,3.0,2.0,1.0
147.26526172526178,6.0,1.0,1.0,3.0,2.0,1.0
147.5652617252618,6.0,1.0,1.0,3.0,2.0,1.0
147.56590002313413,6.0,1.0,1.0,3.0,2.0,1.0
147.86590002313415,6.0,1.0,1.0,3.0,2.0,1.0
147.8665383210065,6.0,1.0,1.0,3.0,2.0,1.0
148.1665383210065,6.0,1.0,1.0,3.0,2.0,1.0
148.16717661887884,6.0,1.0,1.0,3.0,2.0,1.0
148.46717661887885,6.0,1.0,1.0,3.0,2.0,1.0
148.4678149167512,6.0,1.0,1.0,3.0,2.0,1.0
148.7678149167512,6.0,1.0,1.0,3.0,2.0,1.0
148.76845321462355,6.0,1.0,1.0,3.0,2.0,1.0
149.06845321462356,6.0,1.0,1.0,3.0,2.0,1.0
149.0690915124959,6.0,1.0,1.0,3.0,2.0,1.0
149.3690915124959,6.0,1.0,1.0,3.0,2.0,1.0
149.36972981036826,6.0,1.0,1.0,3.0,2.0,1.0
149.66972981036827,6.0,1.0,1.0,3.0,2.0,1.0
149.6703681082406,6.0,1.0,1.0,3.0,2.0,1.0
149.97036810824062,6.0,1.0,1.0,3.0,2.0,1.0
149.97100640611296,6.0,1.0,1.0,3.0,2.0,1.0
150.27100640611297,6.0,1.0,1.0,3.0,2.0,1.0
150.27164470398532,6.0,1.0,1.0,3.0,2.0,1.0
150.57164470398533,6.0,1.0,1.0,3.0,2.0,1.0
150.57228300185767,6.0,1.0,1.0,3.0,2.0,1.0
150.87228300185768,6.0,1.0,1.0,3.0,2.0,1.0
150.87292129973002,6.0,1.0,1.0,3.0,2.0,1.0
151.17292129973004,6.0,1.0,1.0,3.0,2.0,1.0
151.17355959760238,6.0,1.0,1.0,3.0,2.0,1.0
151.4735595976024,6.0,1.0,1.0,3.0,2.0,1.0
151.47419789547473,6.0,1.0,1.0,3.0,2.0,1.0
151.77419789547474,6.0,1.0,1.0,3.0,2.0,1.0
151.77483619334708,6.0,1.0,1.0,3.0,2.0,1.0
152.0748361933471,6.0,1.0,1.0,3.0,2.0,1.0
152.07547449121944,6.0,1.0,1.0,3.0,2.0,1.0
152.37547449121945,6.0,1.0,1.0,3.0,2.0,1.0
152.3761127890918,6.0,1.0,1.0,3.0,2.0,1.0
152.6761127890918,6.0,1.0,1.0,3.0,2.0,1.0
152.67675108696415,6.0,1.0,1.0,3.0,2.0,1.0
152.97675108696416,6.0,1.0,1.0,3.0,2.0,1.0
152.9773893848365,6.0,1.0,1.0,3.0,2.0,1.0
153.2773893848365,6.0,1.0,1.0,3.0,2.0,1.0
153.27802768270885,6.0,1.0,1.0,3.0,2.0,1.0
153.57802768270886,6.0,1.0,1.0,3.0,2.0,1.0
153.5786659805812,6.0,1.0,1.0,3.0,2.0,1.0
153.87866598058122,6.0,1.0,1.0,3.0,2.0,1.0
153.87930427845356,6.0,1.0,1.0,3.0,2.0,1.0
154.17930427845357,6.0,1.0,1.0,3.0,2.0,1.0
154.1799425763259,6.0,1.0,1.0,3.0,2.0,1.0
154.47994257632593,6.0,1.0,1.0,3.0,2.0,1.0
154.48058087419827,6.0,1.0,1.0,3.0,2.0,1.0
154.78058087419828,6.0,1.0,1.0,3.0,2.0,1.0
154.78121917207062,6.0,1.0,1.0,3.0,2.0,1.0
155.08121917207063,6.0,1.0,1.0,3.0,2.0,1.0
155.08185746994297,6.0,1.0,1.0,3.0,2.0,1.0
155.381857469943,6.0,1.0,1.0,3.0,2.0,1.0
155.38249576781533,6.0,1.0,1.0,3.0,2.0,1.0
155.68249576781534,6.0,1.0,1.0,3.0,2.0,1.0
155.68313406568768,6.0,1.0,1.0,3.0,2.0,1.0
155.9831340656877,6.0,1.0,1.0,3.0,2.0,1.0
155.98377236356004,6.0,1.0,1.0,3.0,2.0,1.0
156.28377236356005,6.0,1.0,1.0,3.0,2.0,1.0
156.2844106614324,6.0,1.0,1.0,3.0,2.0,1.0
156.5844106614324,6.0,1.0,1.0,3.0,2.0,1.0
156.58504895930474,6.0,1.0,1.0,3.0,2.0,1.0
156.88504895930475,6.0,1.0,1.0,3.0,2.0,1.0
156.8856872571771,6.0,1.0,1.0,3.0,2.0,1.0
157.1856872571771,6.0,1.0,1.0,3.0,2.0,1.0
157.18632555504945,6.0,1.0,1.0,3.0,2.0,1.0
157.48632555504946,6.0,1.0,1.0,3.0,2.0,1.0
157.4869638529218,6.0,1.0,1.0,3.0,2.0,1.0
157.78696385292182,6.0,1.0,1.0,3.0,2.0,1.0
157.78760215079416,6.0,1.0,1.0,3.0,2.0,1.0
158.08760215079417,6.0,1.0,1.0,3.0,2.0,1.0
158.0882404486665,6.0,1.0,1.0,3.0,2.0,1.0
158.38824044866652,6.0,1.0,1.0,3.0,2.0,1.0
158.38887874653886,6.0,1.0,1.0,3.0,2.0,1.0
158.68887874653888,6.0,1.0,1.0,3.0,2.0,1.0
158.68951704441122,6.0,1.0,1.0,3.0,2.0,1.0
158.98951704441123,6.0,1.0,1.0,3.0,2.0,1.0
158.99015534228357,6.0,1.0,1.0,3.0,2.0,1.0
159.29015534228358,6.0,1.0,1.0,3.0,2.0,1.0
159.29079364015593,6.0,1.0,1.0,3.0,2.0,1.0
159.59079364015594,6.0,1.0,1.0,3.0,2.0,1.0
159.59143193802828,6.0,1.0,1.0,3.0,2.0,1.0
159.8914319380283,6.0,1.0,1.0,3.0,2.0,1.0
159.89207023590063,6.0,1.0,1.0,3.0,2.0,1.0
160.19207023590064,6.0,1.0,1.0,3.0,2.0,1.0
160.192708533773,6.0,1.0,1.0,3.0,2.0,1.0
160.492708533773,6.0,1.0,1.0,3.0,2.0,1.0
160.49334683164534,6.0,1.0,1.0,3.0,2.0,1.0
160.79334683164535,6.0,1.0,1.0,3.0,2.0,1.0
160.7939851295177,6.0,1.0,1.0,3.0,2.0,1.0
161.0939851295177,6.0,1.0,1.0,3.0,2.0,1.0
161.09462342739005,6.0,1.0,1.0,3.0,2.0,1.0
161.39462342739006,6.0,1.0,1.0,3.0,2.0,1.0
161.3952617252624,6.0,1.0,1.0,3.0,2.0,1.0
161.6952617252624,6.0,1.0,1.0,3.0,2.0,1.0
161.69590002313475,6.0,1.0,1.0,3.0,2.0,1.0
161.99590002313477,6.0,1.0,1.0,3.0,2.0,1.0
161.9965383210071,6.0,1.0,1.0,3.0,2.0,1.0
162.29653832100712,6.0,1.0,1.0,3.0,2.0,1.0
162.29717661887946,6.0,1.0,1.0,3.0,2.0,1.0
162.59717661887947,6.0,1.0,1.0,3.0,2.0,1.0
162.59781491675182,6.0,1.0,1.0,3.0,2.0,1.0
162.89781491675183,6.0,1.0,1.0,3.0,2.0,1.0
162.89845321462417,6.0,1.0,1.0,3.0,2.0,1.0
163.19845321462418,6.0,1.0,1.0,3.0,2.0,1.0
163.19909151249652,6.0,1.0,1.0,3.0,2.0,1.0
163.49909151249653,6.0,1.0,1.0,3.0,2.0,1.0
163.49972981036888,6.0,1.0,1.0,3.0,2.0,1.0
163.7997298103689,6.0,1.0,1.0,3.0,2.0,1.0
163.80036810824123,6.0,1.0,1.0,3.0,2.0,1.0
164.10036810824124,6.0,1.0,1.0,3.0,2.0,1.0
164.10100640611358,6.0,1.0,1.0,3.0,2.0,1.0
164.4010064061136,6.0,1.0,1.0,3.0,2.0,1.0
164.40164470398594,6.0,1.0,1.0,3.0,2.0,1.0
164.70164470398595,6.0,1.0,1.0,3.0,2.0,1.0
164.7022830018583,6.0,1.0,1.0,3.0,2.0,1.0
165.0022830018583,6.0,1.0,1.0,3.0,2.0,1.0
165.00292129973064,6.0,1.0,1.0,3.0,2.0,1.0
165.30292129973066,6.0,1.0,1.0,3.0,2.0,1.0
165.303559597603,6.0,1.0,1.0,3.0,2.0,1.0
165.603559597603,6.0,1.0,1.0,3.0,2.0,1.0
165.60419789547535,6.0,1.0,1.0,3.0,2.0,1.0
165.90419789547536,6.0,1.0,1.0,3.0,2.0,1.0
165.9048361933477,6.0,1.0,1.0,3.0,2.0,1.0
166.20483619334772,6.0,1.0,1.0,3.0,2.0,1.0
166.20547449122006,6.0,1.0,1.0,3.0,2.0,1.0
166.50547449122007,6.0,1.0,1.0,3.0,2.0,1.0
166.5061127890924,6.0,1.0,1.0,3.0,2.0,1.0
166.80611278909242,6.0,1.0,1.0,3.0,2.0,1.0
166.80675108696477,7.0,1.0,1.0,3.0,2.0,1.0
167.10675108696478,7.0,1.0,1.0,3.0,2.0,1.0
167.1073962482551,7.0,1.0,1.0,3.0,2.0,1.0
167.4073962482551,7.0,1.0,1.0,3.0,2.0,1.0
167.40804140954543,7.0,1.0,1.0,3.0,2.0,1.0
167.70804140954544,7.0,1.0,1.0,3.0,2.0,1.0
167.70868657083577,7.0,1.0,1.0,3.0,2.0,1.0
168.00868657083578,7.0,1.0,1.0,3.0,2.0,1.0
168.0093317321261,7.0,1.0,1.0,3.0,2.0,1.0
168.3093317321261,7.0,1.0,1.0,3.0,2.0,1.0
168.30997689341643,7.0,1.0,1.0,3.0,2.0,1.0
168.60997689341644,7.0,1.0,1.0,3.0,2.0,1.0
168.61062205470677,7.0,1.0,1.0,3.0,2.0,1.0
168.91062205470678,7.0,1.0,1.0,3.0,2.0,1.0
168.9112672159971,7.0,1.0,1.0,3.0,2.0,1.0
169.2112672159971,7.0,1.0,1.0,3.0,2.0,1.0
169.21191237728743,7.0,1.0,1.0,3.0,2.0,1.0
169.51191237728744,7.0,1.0,1.0,3.0,2.0,1.0
169.51255753857777,7.0,1.0,1.0,3.0,2.0,1.0
169.81255753857778,7.0,1.0,1.0,3.0,2.0,1.0
169.8132026998681,7.0,1.0,1.0,3.0,2.0,1.0
170.1132026998681,7.0,1.0,1.0,3.0,2.0,1.0
170.11384786115843,7.0,1.0,1.0,3.0,2.0,1.0
170.41384786115844,7.0,1.0,1.0,3.0,2.0,1.0
170.41449302244877,7.0,1.0,1.0,3.0,2.0,1.0
170.71449302244878,7.0,1.0,1.0,3.0,2.0,1.0
170.7151381837391,7.0,1.0,1.0,3.0,2.0,1.0
171.0151381837391,7.0,1.0,1.0,3.0,2.0,1.0
171.01578334502943,7.0,1.0,1.0,3.0,2.0,1.0
171.31578334502944,7.0,1.0,1.0,3.0,2.0,1.0
171.31642850631977,7.0,1.0,1.0,3.0,2.0,1.0
171.61642850631978,7.0,1.0,1.0,3.0,2.0,1.0
171.6170736676101,7.0,1.0,1.0,3.0,2.0,1.0
171.9170736676101,7.0,1.0,1.0,3.0,2.0,1.0
171.91771882890043,7.0,1.0,1.0,3.0,2.0,1.0
172.21771882890044,7.0,1.0,1.0,3.0,2.0,1.0
172.21836399019077,7.0,1.0,1.0,3.0,2.0,1.0
172.51836399019078,7.0,1.0,1.0,3.0,2.0,1.0
172.5190091514811,7.0,1.0,1.0,3.0,2.0,1.0
172.8190091514811,7.0,1.0,1.0,3.0,2.0,1.0
172.81965431277143,7.0,1.0,1.0,3.0,2.0,1.0
173.11965431277144,7.0,1.0,1.0,3.0,2.0,1.0
173.12029947406177,7.0,1.0,1.0,3.0,2.0,1.0
173.42029947406178,7.0,1.0,1.0,3.0,2.0,1.0
173.4209446353521,7.0,1.0,1.0,3.0,2.0,1.0
173.7209446353521,7.0,1.0,1.0,3.0,2.0,1.0
173.72158979664243,7.0,1.0,1.0,3.0,2.0,1.0
174.02158979664244,7.0,1.0,1.0,3.0,2.0,1.0
174.02223495793277,7.0,1.0,1.0,3.0,2.0,1.0
174.32223495793278,7.0,1.0,1.0,3.0,2.0,1.0
174.3228801192231,7.0,1.0,1.0,3.0,2.0,1.0
174.6228801192231,7.0,1.0,1.0,3.0,2.0,1.0
174.62352528051343,7.0,1.0,1.0,3.0,2.0,1.0
174.92352528051345,7.0,1.0,1.0,3.0,2.0,1.0
174.92417044180377,7.0,1.0,1.0,3.0,2.0,1.0
175.22417044180378,7.0,1.0,1.0,3.0,2.0,1.0
175.2248156030941,7.0,1.0,1.0,3.0,2.0,1.0
175.5248156030941,7.0,1.0,1.0,3.0,2.0,1.0
175.52546076438443,7.0,1.0,1.0,3.0,2.0,1.0
175.82546076438445,7.0,1.0,1.0,3.0,2.0,1.0
175.82610592567477,7.0,1.0,1.0,3.0,2.0,1.0
176.12610592567478,7.0,1.0,1.0,3.0,2.0,1.0
176.1267510869651,7.0,1.0,1.0,3.0,2.0,1.0
176.4267510869651,7.0,1.0,1.0,3.0,2.0,1.0
176.42739624825543,7.0,1.0,1.0,3.0,2.0,1.0
176.72739624825545,7.0,1.0,1.0,3.0,2.0,1.0
176.72804140954577,7.0,1.0,1.0,3.0,2.0,1.0
177.02804140954578,7.0,1.0,1.0,3.0,2.0,1.0
177.0286865708361,7.0,1.0,1.0,3.0,2.0,1.0
177.3286865708361,7.0,1.0,1.0,3.0,2.0,1.0
177.32933173212643,7.0,1.0,1.0,3.0,2.0,1.0
177.62933173212645,7.0,1.0,1.0,3.0,2.0,1.0
177.62997689341677,7.0,1.0,1.0,3.0,2.0,1.0
177.92997689341678,7.0,1.0,1.0,3.0,2.0,1.0
177.9306220547071,7.0,1.0,1.0,3.0,2.0,1.0
178.2306220547071,7.0,1.0,1.0,3.0,2.0,1.0
178.23126721599743,7.0,1.0,1.0,3.0,2.0,1.0
178.53126721599745,7.0,1.0,1.0,3.0,2.0,1.0
178.53191237728777,7.0,1.0,1.0,3.0,2.0,1.0
178.83191237728778,7.0,1.0,1.0,3.0,2.0,1.0
178.8325575385781,7.0,1.0,1.0,3.0,2.0,1.0
179.1325575385781,7.0,1.0,1.0,3.0,2.0,1.0
179.13320269986843,7.0,1.0,1.0,3.0,2.0,1.0
179.43320269986845,7.0,1.0,1.0,3.0,2.0,1.0
179.43384786115877,7.0,1.0,1.0,3.0,2.0,1.0
179.73384786115878,7.0,1.0,1.0,3.0,2.0,1.0
179.7344930224491,7.0,1.0,1.0,3.0,2.0,1.0
180.0344930224491,7.0,1.0,1.0,3.0,2.0,1.0
180.03513818373943,7.0,1.0,6.0,3.0,2.0,1.0
180.33513818373945,7.0,1.0,6.0,3.0,2.0,1.0
180.33578334502977,7.0,1.0,6.0,3.0,2.0,1.0
180.63578334502978,7.0,1.0,6.0,3.0,2.0,1.0
180.6364285063201,7.0,1.0,6.0,3.0,2.0,1.0
180.9364285063201,7.0,1.0,6.0,3.0,2.0,1.0
180.93707366761043,7.0,1.0,6.0,3.0,2.0,1.0
181.23707366761045,7.0,1.0,6.0,3.0,2.0,1.0
181.23771882890077,7.0,1.0,6.0,3.0,2.0,1.0
181.53771882890078,7.0,1.0,6.0,3.0,2.0,1.0
181.5383639901911,7.0,1.0,6.0,3.0,2.0,1.0
181.8383639901911,7.0,1.0,6.0,3.0,2.0,1.0
181.83900915148143,7.0,1.0,6.0,3.0,2.0,1.0
182.13900915148145,7.0,1.0,6.0,3.0,2.0,1.0
182.13965431277177,7.0,1.0,6.0,3.0,2.0,1.0
182.43965431277178,7.0,1.0,6.0,3.0,2.0,1.0
182.4402994740621,7.0,1.0,6.0,3.0,2.0,1.0
182.7402994740621,7.0,1.0,6.0,3.0,2.0,1.0
182.74094463535243,7.0,1.0,6.0,3.0,2.0,1.0
183.04094463535245,7.0,1.0,6.0,3.0,2.0,1.0
183.04158979664277,7.0,1.0,6.0,3.0,2.0,1.0
183.34158979664278,7.0,1.0,6.0,3.0,2.0,1.0
183.3422349579331,7.0,1.0,6.0,3.0,2.0,1.0
183.6422349579331,7.0,1.0,6.0,3.0,2.0,1.0
183.64288011922343,7.0,1.0,6.0,3.0,2.0,1.0
183.94288011922345,7.0,1.0,6.0,3.0,2.0,1.0
183.94352528051377,7.0,1.0,6.0,3.0,2.0,1.0
184.24352528051378,7.0,1.0,6.0,3.0,2.0,1.0
184.2441704418041,7.0,1.0,6.0,3.0,2.0,1.0
184.5441704418041,7.0,1.0,6.0,3.0,2.0,1.0
184.54481560309443,7.0,1.0,6.0,3.0,2.0,1.0
184.84481560309445,7.0,1.0,6.0,3.0,2.0,1.0
184.84546076438477,7.0,1.0,6.0,3.0,2.0,1.0
185.14546076438478,7.0,1.0,6.0,3.0,2.0,1.0
185.1461059256751,7.0,1.0,6.0,3.0,2.0,1.0
185.4461059256751,7.0,1.0,6.0,3.0,2.0,1.0
185.44675108696543,7.0,1.0,6.0,3.0,2.0,1.0
185.74675108696545,7.0,1.0,6.0,3.0,2.0,1.0
185.74739624825577,7.0,1.0,6.0,3.0,2.0,1.0
186.04739624825578,7.0,1.0,6.0,3.0,2.0,1.0
186.0480414095461,7.0,1.0,6.0,3.0,2.0,1.0
186.3480414095461,7.0,1.0,6.0,3.0,2.0,1.0
186.34868657083643,8.0,1.0,6.0,3.0,2.0,1.0
186.64868657083645,8.0,1.0,6.0,3.0,2.0,1.0
186.64933874474949,8.0,1.0,6.0,3.0,2.0,1.0
186.9493387447495,8.0,1.0,6.0,3.0,2.0,1.0
186.94999091866254,8.0,1.0,6.0,3.0,2.0,1.0
187.24999091866255,8.0,1.0,6.0,3.0,2.0,1.0
187.2506430925756,8.0,1.0,6.0,3.0,2.0,1.0
187.5506430925756,8.0,1.0,6.0,3.0,2.0,1.0
187.55129526648864,8.0,1.0,6.0,3.0,2.0,1.0
187.85129526648865,8.0,1.0,6.0,3.0,2.0,1.0
187.8519474404017,8.0,1.0,6.0,3.0,2.0,1.0
188.1519474404017,8.0,1.0,6.0,3.0,2.0,1.0
188.15259961431474,8.0,1.0,6.0,3.0,2.0,1.0
188.45259961431475,8.0,1.0,6.0,3.0,2.0,1.0
188.4532517882278,8.0,1.0,6.0,3.0,2.0,1.0
188.7532517882278,8.0,1.0,6.0,3.0,2.0,1.0
188.75390396214084,8.0,1.0,6.0,3.0,2.0,1.0
189.05390396214085,8.0,1.0,6.0,3.0,2.0,1.0
189.0545561360539,8.0,1.0,6.0,3.0,2.0,1.0
189.3545561360539,8.0,1.0,6.0,3.0,2.0,1.0
189.35520830996694,8.0,1.0,6.0,3.0,2.0,1.0
189.65520830996695,8.0,1.0,6.0,3.0,2.0,1.0
189.65586048388,8.0,1.0,6.0,3.0,2.0,1.0
189.95586048388,8.0,1.0,6.0,3.0,2.0,1.0
189.95651265779304,8.0,1.0,6.0,3.0,2.0,1.0
190.25651265779305,8.0,1.0,6.0,3.0,2.0,1.0
190.2571648317061,8.0,1.0,6.0,3.0,2.0,1.0
190.5571648317061,8.0,1.0,6.0,3.0,2.0,1.0
190.55781700561914,8.0,1.0,6.0,3.0,2.0,1.0
190.85781700561915,8.0,1.0,6.0,3.0,2.0,1.0
190.8584691795322,8.0,1.0,6.0,3.0,2.0,1.0
191.1584691795322,8.0,1.0,6.0,3.0,2.0,1.0
191.15912135344524,8.0,1.0,6.0,3.0,2.0,1.0
191.45912135344525,8.0,1.0,6.0,3.0,2.0,1.0
191.4597735273583,8.0,1.0,6.0,3.0,2.0,1.0
191.7597735273583,8.0,1.0,6.0,3.0,2.0,1.0
191.76042570127134,8.0,1.0,6.0,3.0,2.0,1.0
192.06042570127136,8.0,1.0,6.0,3.0,2.0,1.0
192.0610778751844,8.0,1.0,6.0,3.0,2.0,1.0
192.3610778751844,8.0,1.0,6.0,3.0,2.0,1.0
192.36173004909745,8.0,1.0,6.0,3.0,2.0,1.0
192.66173004909746,8.0,1.0,6.0,3.0,2.0,1.0
192.6623822230105,9.0,1.0,6.0,3.0,2.0,1.0
192.9623822230105,9.0,1.0,6.0,3.0,2.0,1.0
192.96304156366986,9.0,1.0,6.0,3.0,2.0,1.0
193.26304156366987,9.0,1.0,6.0,3.0,2.0,1.0
193.26370090432923,10.0,1.0,6.0,3.0,2.0,1.0
193.56370090432924,10.0,1.0,6.0,3.0,2.0,1.0
193.5643675709959,10.0,1.0,6.0,3.0,2.0,1.0
193.8643675709959,10.0,1.0,6.0,3.0,2.0,1.0
193.86503423766257,10.0,1.0,6.0,3.0,2.0,1.0
194.16503423766258,10.0,1.0,6.0,3.0,2.0,1.0
194.16570090432924,10.0,1.0,6.0,3.0,2.0,1.0
194.46570090432925,10.0,1.0,6.0,3.0,2.0,1.0
194.4663675709959,10.0,1.0,6.0,3.0,2.0,1.0
194.76636757099593,10.0,1.0,6.0,3.0,2.0,1.0
194.76703423766259,10.0,1.0,6.0,3.0,2.0,1.0
195.0670342376626,10.0,1.0,6.0,3.0,2.0,1.0
195.06770090432926,10.0,1.0,6.0,3.0,2.0,1.0
195.36770090432927,10.0,1.0,6.0,3.0,2.0,1.0
195.36836757099593,11.0,1.0,6.0,3.0,2.0,1.0
195.66836757099594,11.0,1.0,6.0,3.0,2.0,1.0
195.6690417282993,11.0,1.0,6.0,3.0,2.0,1.0
195.96904172829932,11.0,1.0,6.0,3.0,2.0,1.0
195.96971588560268,11.0,1.0,6.0,3.0,2.0,1.0
196.2697158856027,11.0,1.0,6.0,3.0,2.0,1.0
196.27039004290606,11.0,1.0,6.0,3.0,2.0,1.0
196.57039004290607,11.0,1.0,6.0,3.0,2.0,1.0
196.57106420020943,11.0,1.0,6.0,3.0,2.0,1.0
196.87106420020945,11.0,1.0,6.0,3.0,2.0,1.0
196.8717383575128,11.0,1.0,6.0,3.0,2.0,1.0
197.17173835751282,11.0,1.0,6.0,3.0,2.0,1.0
197.1724125148162,11.0,1.0,6.0,3.0,2.0,1.0
197.4724125148162,11.0,1.0,6.0,3.0,2.0,1.0
197.47308667211956,11.0,1.0,6.0,3.0,2.0,1.0
197.77308667211958,11.0,1.0,6.0,3.0,2.0,1.0
197.77376082942294,11.0,1.0,6.0,3.0,2.0,1.0
198.07376082942295,11.0,1.0,6.0,3.0,2.0,1.0
198.07443498672632,11.0,1.0,6.0,3.0,2.0,1.0
198.37443498672633,11.0,1.0,6.0,3.0,2.0,1.0
198.3751091440297,11.0,1.0,6.0,3.0,2.0,1.0
198.6751091440297,11.0,1.0,6.0,3.0,2.0,1.0
198.67578330133307,11.0,1.0,6.0,3.0,2.0,1.0
198.97578330133308,11.0,1.0,6.0,3.0,2.0,1.0
198.97645745863645,11.0,1.0,6.0,3.0,2.0,1.0
199.27645745863646,11.0,1.0,6.0,3.0,2.0,1.0
199.27713161593982,11.0,1.0,6.0,3.0,2.0,1.0
199.57713161593983,11.0,1.0,6.0,3.0,2.0,1.0
199.5778057732432,12.0,1.0,6.0,3.0,2.0,1.0
199.8778057732432,12.0,1.0,6.0,3.0,2.0,1.0
199.87848759142503,12.0,1.0,6.0,3.0,2.0,1.0
200.17848759142504,12.0,1.0,6.0,3.0,2.0,1.0
200.17916940960686,12.0,1.0,6.0,3.0,2.0,1.0
200.47916940960687,12.0,1.0,6.0,3.0,2.0,1.0
200.47985122778869,13.0,1.0,6.0,3.0,2.0,1.0
200.7798512277887,13.0,1.0,6.0,3.0,2.0,1.0
200.7805408829611,13.0,1.0,6.0,3.0,2.0,1.0
201.08054088296112,13.0,1.0,6.0,3.0,2.0,1.0
201.08123053813352,13.0,1.0,6.0,3.0,2.0,1.0
201.38123053813354,13.0,1.0,6.0,3.0,2.0,1.0
201.38192019330594,13.0,1.0,6.0,3.0,2.0,1.0
201.68192019330596,13.0,1.0,6.0,3.0,2.0,1.0
201.68260984847836,13.0,1.0,6.0,3.0,2.0,1.0
201.98260984847838,13.0,1.0,6.0,3.0,2.0,1.0
201.98329950365078,13.0,1.0,6.0,3.0,2.0,1.0
202.2832995036508,13.0,1.0,6.0,3.0,2.0,1.0
202.2839891588232,13.0,1.0,6.0,3.0,2.0,1.0
202.58398915882321,13.0,1.0,6.0,3.0,2.0,1.0
202.58467881399562,13.0,1.0,6.0,3.0,2.0,1.0
202.88467881399563,13.0,1.0,6.0,3.0,2.0,1.0
202.88536846916804,13.0,1.0,6.0,3.0,2.0,1.0
203.18536846916805,13.0,1.0,6.0,3.0,2.0,1.0
203.18605812434046,13.0,1.0,6.0,3.0,2.0,1.0
203.48605812434047,13.0,1.0,6.0,3.0,2.0,1.0
203.48674777951288,13.0,1.0,6.0,3.0,2.0,1.0
203.7867477795129,13.0,1.0,6.0,3.0,2.0,1.0
203.7874374346853,13.0,1.0,6.0,3.0,2.0,1.0
204.0874374346853,13.0,1.0,6.0,3.0,2.0,1.0
204.08812708985772,13.0,1.0,6.0,3.0,2.0,1.0
204.38812708985773,13.0,1.0,6.0,3.0,2.0,1.0
204.38881674503014,13.0,1.0,6.0,3.0,2.0,1.0
204.68881674503015,13.0,1.0,6.0,3.0,2.0,1.0
204.68950640020256,13.0,1.0,6.0,3.0,2.0,1.0
204.98950640020257,13.0,1.0,6.0,3.0,2.0,1.0
204.99019605537498,13.0,1.0,6.0,3.0,2.0,1.0
205.290196055375,13.0,1.0,6.0,3.0,2.0,1.0
205.2908857105474,13.0,1.0,6.0,3.0,2.0,1.0
205.5908857105474,13.0,1.0,6.0,3.0,2.0,1.0
205.59157536571982,13.0,1.0,6.0,3.0,2.0,1.0
205.89157536571983,13.0,1.0,6.0,3.0,2.0,1.0
205.89226502089224,13.0,1.0,6.0,3.0,2.0,1.0
206.19226502089225,13.0,1.0,6.0,3.0,2.0,1.0
206.19295467606466,13.0,1.0,6.0,3.0,2.0,1.0
206.49295467606467,13.0,1.0,6.0,3.0,2.0,1.0
206.49364433123708,13.0,1.0,6.0,3.0,2.0,1.0
206.7936443312371,13.0,1.0,6.0,3.0,2.0,1.0
206.7943339864095,13.0,1.0,6.0,3.0,2.0,1.0
207.0943339864095,13.0,1.0,6.0,3.0,2.0,1.0
207.09502364158192,13.0,1.0,6.0,3.0,2.0,1.0
207.39502364158193,13.0,1.0,6.0,3.0,2.0,1.0
207.39571329675434,13.0,1.0,6.0,3.0,2.0,1.0
207.69571329675435,13.0,1.0,6.0,3.0,2.0,1.0
207.69640295192676,13.0,1.0,6.0,3.0,2.0,1.0
207.99640295192677,13.0,1.0,6.0,3.0,2.0,1.0
207.99709260709918,13.0,1.0,6.0,3.0,2.0,1.0
208.2970926070992,13.0,1.0,6.0,3.0,2.0,1.0
208.2977822622716,13.0,1.0,6.0,3.0,2.0,1.0
208.5977822622716,13.0,1.0,6.0,3.0,2.0,1.0
208.59847191744402,13.0,1.0,6.0,3.0,2.0,1.0
208.89847191744403,13.0,1.0,6.0,3.0,2.0,1.0
208.89916157261644,13.0,1.0,6.0,3.0,2.0,1.0
209.19916157261645,13.0,1.0,6.0,3.0,2.0,1.0
209.19985122778886,13.0,1.0,6.0,3.0,2.0,1.0
209.49985122778887,13.0,1.0,6.0,3.0,2.0,1.0
209.50054088296127,13.0,1.0,6.0,3.0,2.0,1.0
209.8005408829613,13.0,1.0,6.0,3.0,2.0,1.0
209.8012305381337,13.0,1.0,6.0,3.0,2.0,1.0
210.1012305381337,13.0,1.0,6.0,3.0,2.0,1.0
210.1019201933061,13.0,1.0,6.0,3.0,2.0,1.0
210.40192019330613,13.0,1.0,6.0,3.0,2.0,1.0
210.40260984847853,13.0,1.0,6.0,3.0,2.0,1.0
210.70260984847855,13.0,1.0,6.0,3.0,2.0,1.0
210.70329950365095,13.0,1.0,6.0,3.0,2.0,1.0
211.00329950365096,13.0,1.0,6.0,3.0,2.0,1.0
211.00398915882337,13.0,1.0,6.0,3.0,2.0,1.0
211.30398915882338,13.0,1.0,6.0,3.0,2.0,1.0
211.3046788139958,14.0,1.0,6.0,3.0,2.0,1.0
211.6046788139958,14.0,1.0,6.0,3.0,2.0,1.0
211.6053764884144,14.0,1.0,6.0,3.0,2.0,1.0
211.90537648841442,14.0,1.0,6.0,3.0,2.0,1.0
211.90607416283302,14.0,1.0,6.0,3.0,2.0,1.0
212.20607416283303,14.0,1.0,6.0,3.0,2.0,1.0
212.20677183725164,14.0,1.0,6.0,3.0,2.0,1.0
212.50677183725165,14.0,1.0,6.0,3.0,2.0,1.0
212.50746951167025,14.0,1.0,6.0,3.0,2.0,1.0
212.80746951167026,14.0,1.0,6.0,3.0,2.0,1.0
212.80816718608887,14.0,1.0,6.0,3.0,2.0,1.0
213.10816718608888,14.0,1.0,6.0,3.0,2.0,1.0
213.10886486050748,14.0,1.0,6.0,3.0,2.0,1.0
213.4088648605075,14.0,1.0,6.0,3.0,2.0,1.0
213.4095625349261,14.0,1.0,6.0,3.0,2.0,1.0
213.7095625349261,14.0,1.0,6.0,3.0,2.0,1.0
213.7102602093447,14.0,1.0,6.0,3.0,2.0,1.0
214.01026020934472,14.0,1.0,6.0,3.0,2.0,1.0
214.01095788376333,14.0,1.0,6.0,3.0,2.0,1.0
214.31095788376334,14.0,1.0,6.0,3.0,2.0,1.0
214.31165555818194,14.0,1.0,6.0,3.0,2.0,1.0
214.61165555818195,14.0,1.0,6.0,3.0,2.0,1.0
214.61235323260055,14.0,1.0,6.0,3.0,2.0,1.0
214.91235323260057,14.0,1.0,6.0,3.0,2.0,1.0
214.91305090701917,14.0,1.0,6.0,3.0,2.0,1.0
215.21305090701918,14.0,1.0,6.0,3.0,2.0,1.0
215.21374858143778,14.0,1.0,6.0,3.0,2.0,1.0
215.5137485814378,14.0,1.0,6.0,3.0,2.0,1.0
215.5144462558564,14.0,1.0,6.0,3.0,2.0,1.0
215.8144462558564,14.0,1.0,6.0,3.0,2.0,1.0
215.815143930275,14.0,1.0,6.0,3.0,2.0,1.0
216.11514393027502,14.0,1.0,6.0,3.0,2.0,1.0
216.11584160469363,14.0,1.0,6.0,3.0,2.0,1.0
216.41584160469364,14.0,1.0,6.0,3.0,2.0,1.0
216.41653927911224,14.0,1.0,6.0,3.0,1.0,1.0
216.71653927911225,14.0,1.0,6.0,3.0,1.0,1.0
216.71723695353086,14.0,1.0,6.0,1.0,1.0,2.0
217.01723695353087,14.0,1.0,6.0,1.0,1.0,2.0
217.01793462794947,14.0,1.0,6.0,1.0,1.0,2.0
217.31793462794948,14.0,1.0,6.0,1.0,1.0,2.0
217.3186323023681,14.0,1.0,6.0,1.0,1.0,2.0
217.6186323023681,14.0,1.0,6.0,1.0,1.0,2.0
217.6193299767867,14.0,1.0,6.0,1.0,1.0,2.0
217.9193299767867,14.0,1.0,6.0,1.0,1.0,2.0
217.92002765120532,14.0,1.0,6.0,1.0,1.0,2.0
218.22002765120533,14.0,1.0,6.0,1.0,1.0,2.0
218.22072532562393,14.0,1.0,6.0,1.0,1.0,2.0
218.52072532562394,14.0,1.0,6.0,1.0,1.0,2.0
218.52142300004255,14.0,1.0,6.0,1.0,1.0,2.0
218.82142300004256,14.0,1.0,6.0,1.0,1.0,2.0
218.82212067446116,14.0,1.0,6.0,1.0,1.0,2.0
219.12212067446117,14.0,1.0,6.0,1.0,1.0,2.0
219.12281834887978,14.0,1.0,6.0,1.0,1.0,2.0
219.4228183488798,14.0,1.0,6.0,1.0,1.0,2.0
219.4235160232984,15.0,1.0,6.0,1.0,1.0,2.0
219.7235160232984,15.0,1.0,6.0,1.0,1.0,2.0
219.72422190565135,15.0,1.0,6.0,1.0,1.0,2.0
220.02422190565136,15.0,1.0,6.0,1.0,1.0,2.0
220.0249277880043,16.0,1.0,6.0,1.0,1.0,2.0
220.32492778800432,16.0,1.0,6.0,1.0,1.0,2.0
220.3256420737186,16.0,1.0,6.0,1.0,1.0,2.0
220.6256420737186,16.0,1.0,6.0,1.0,1.0,2.0
220.6263563594329,16.0,1.0,6.0,1.0,1.0,2.0
220.9263563594329,16.0,1.0,6.0,1.0,1.0,2.0
220.92707064514718,16.0,1.0,6.0,1.0,1.0,2.0
221.2270706451472,16.0,1.0,6.0,1.0,1.0,2.0
221.22778493086147,16.0,1.0,6.0,1.0,1.0,2.0
221.5277849308615,16.0,1.0,6.0,1.0,1.0,2.0
221.52849921657577,16.0,1.0,6.0,1.0,1.0,2.0
221.82849921657578,16.0,1.0,6.0,1.0,1.0,2.0
221.82921350229006,16.0,1.0,6.0,1.0,1.0,2.0
222.12921350229007,16.0,1.0,6.0,1.0,1.0,2.0
222.12992778800435,16.0,1.0,6.0,1.0,1.0,2.0
222.42992778800436,16.0,1.0,6.0,1.0,1.0,2.0
222.43064207371864,16.0,1.0,6.0,1.0,1.0,2.0
222.73064207371866,16.0,1.0,6.0,1.0,1.0,2.0
222.73135635943294,16.0,1.0,6.0,1.0,1.0,2.0
223.03135635943295,16.0,1.0,6.0,1.0,1.0,2.0
223.03207064514723,16.0,1.0,6.0,1.0,1.0,2.0
223.33207064514724,16.0,1.0,6.0,1.0,1.0,2.0
223.33278493086152,16.0,1.0,6.0,1.0,1.0,2.0
223.63278493086153,16.0,1.0,6.0,1.0,1.0,2.0
223.6334992165758,16.0,1.0,6.0,1.0,1.0,2.0
223.93349921657583,16.0,1.0,6.0,1.0,1.0,2.0
223.9342135022901,16.0,1.0,6.0,1.0,1.0,2.0
224.23421350229012,16.0,1.0,6.0,1.0,1.0,2.0
224.2349277880044,16.0,1.0,6.0,1.0,1.0,2.0
224.5349277880044,16.0,1.0,6.0,1.0,1.0,2.0
224.5356420737187,16.0,1.0,6.0,1.0,1.0,2.0
224.8356420737187,16.0,1.0,6.0,1.0,1.0,2.0
224.83635635943298,16.0,1.0,6.0,1.0,1.0,2.0
225.136356359433,16.0,1.0,6.0,1.0,1.0,2.0
225.13707064514728,16.0,1.0,6.0,1.0,1.0,2.0
225.4370706451473,16.0,1.0,6.0,1.0,1.0,2.0
225.43778493086157,16.0,1.0,6.0,1.0,1.0,2.0
225.73778493086158,16.0,1.0,6.0,1.0,1.0,2.0
225.73849921657586,16.0,1.0,6.0,1.0,1.0,2.0
226.03849921657587,16.0,1.0,6.0,1.0,1.0,2.0
226.03921350229015,16.0,1.0,6.0,1.0,1.0,2.0
226.33921350229016,16.0,1.0,6.0,1.0,1.0,2.0
226.33992778800445,16.0,1.0,6.0,1.0,1.0,2.0
226.63992778800446,16.0,1.0,6.0,1.0,1.0,2.0
226.64064207371874,16.0,1.0,6.0,1.0,1.0,2.0
226.94064207371875,16.0,1.0,6.0,1.0,1.0,2.0
226.94135635943303,16.0,1.0,6.0,1.0,1.0,2.0
227.24135635943304,16.0,1.0,6.0,1.0,1.0,2.0
227.24207064514732,16.0,1.0,6.0,1.0,1.0,2.0
227.54207064514733,16.0,1.0,6.0,1.0,1.0,2.0
227.54278493086161,16.0,1.0,6.0,1.0,1.0,2.0
227.84278493086163,16.0,1.0,6.0,1.0,1.0,2.0
227.8434992165759,16.0,1.0,6.0,1.0,1.0,2.0
228.14349921657592,16.0,1.0,6.0,1.0,1.0,2.0
228.1442135022902,16.0,1.0,6.0,1.0,1.0,2.0
228.4442135022902,16.0,1.0,6.0,1.0,1.0,2.0
228.4449277880045,16.0,1.0,6.0,1.0,1.0,2.0
228.7449277880045,16.0,1.0,6.0,1.0,1.0,2.0
228.74564207371878,16.0,1.0,6.0,1.0,1.0,2.0
229.0456420737188,16.0,1.0,6.0,1.0,1.0,2.0
229.04635635943308,17.0,1.0,6.0,1.0,1.0,2.0
229.3463563594331,17.0,1.0,6.0,1.0,1.0,2.0
229.34707925099934,17.0,1.0,6.0,1.0,1.0,2.0
229.64707925099935,17.0,1.0,6.0,1.0,1.0,2.0
229.6478021425656,17.0,1.0,6.0,1.0,1.0,2.0
229.94780214256562,17.0,1.0,6.0,1.0,1.0,2.0
229.94852503413188,17.0,1.0,6.0,1.0,1.0,2.0
230.2485250341319,17.0,1.0,6.0,1.0,1.0,2.0
230.24924792569814,17.0,1.0,6.0,1.0,1.0,2.0
230.54924792569815,17.0,1.0,6.0,1.0,1.0,2.0
230.5499708172644,17.0,1.0,6.0,1.0,1.0,2.0
230.84997081726442,17.0,1.0,6.0,1.0,1.0,2.0
230.85069370883068,17.0,1.0,6.0,1.0,1.0,2.0
231.1506937088307,17.0,1.0,6.0,1.0,1.0,2.0
231.15141660039694,17.0,1.0,6.0,1.0,1.0,2.0
231.45141660039695,17.0,1.0,6.0,1.0,1.0,2.0
231.4521394919632,17.0,1.0,6.0,1.0,1.0,2.0
231.75213949196322,17.0,1.0,6.0,1.0,1.0,2.0
231.75286238352948,17.0,1.0,6.0,1.0,1.0,2.0
232.0528623835295,17.0,1.0,6.0,1.0,1.0,2.0
232.05358527509574,17.0,1.0,6.0,1.0,1.0,2.0
232.35358527509575,17.0,1.0,6.0,1.0,1.0,2.0
232.354308166662,17.0,1.0,6.0,1.0,1.0,2.0
232.65430816666202,17.0,1.0,6.0,1.0,1.0,2.0
232.65503105822827,17.0,1.0,6.0,1.0,1.0,2.0
232.9550310582283,17.0,1.0,6.0,1.0,1.0,2.0
232.95575394979454,17.0,1.0,6.0,1.0,1.0,2.0
233.25575394979455,17.0,1.0,6.0,1.0,1.0,2.0
233.2564768413608,17.0,1.0,6.0,1.0,1.0,2.0
233.55647684136082,17.0,1.0,6.0,1.0,1.0,2.0
233.55719973292707,17.0,1.0,6.0,1.0,1.0,2.0
233.85719973292709,17.0,1.0,6.0,1.0,1.0,2.0
233.85792262449334,17.0,1.0,6.0,1.0,1.0,2.0
234.15792262449335,17.0,1.0,6.0,1.0,1.0,2.0
234.1586455160596,17.0,1.0,6.0,1.0,1.0,2.0
234.45864551605962,17.0,1.0,6.0,1.0,1.0,2.0
234.45936840762587,17.0,1.0,6.0,1.0,1.0,2.0
234.75936840762589,17.0,1.0,6.0,1.0,1.0,2.0
234.76009129919214,17.0,1.0,6.0,1.0,1.0,2.0
235.06009129919215,17.0,1.0,6.0,1.0,1.0,2.0
235.0608141907584,17.0,1.0,6.0,1.0,1.0,2.0
235.36081419075842,17.0,1.0,6.0,1.0,1.0,2.0
235.36153708232467,17.0,1.0,6.0,1.0,1.0,2.0
235.66153708232468,17.0,1.0,6.0,1.0,1.0,2.0
235.66225997389094,17.0,1.0,6.0,1.0,1.0,2.0
235.96225997389095,17.0,1.0,6.0,1.0,1.0,2.0
235.9629828654572,17.0,1.0,6.0,1.0,1.0,2.0
236.26298286545722,17.0,1.0,6.0,1.0,1.0,2.0
236.26370575702347,17.0,1.0,6.0,1.0,1.0,2.0
236.56370575702348,17.0,1.0,6.0,1.0,1.0,2.0
236.56442864858974,17.0,1.0,6.0,1.0,1.0,2.0
236.86442864858975,17.0,1.0,6.0,1.0,1.0,2.0
236.865151540156,17.0,1.0,6.0,1.0,1.0,2.0
237.16515154015602,17.0,1.0,6.0,1.0,1.0,2.0
237.16587443172227,17.0,1.0,6.0,1.0,1.0,2.0
237.46587443172228,17.0,1.0,6.0,1.0,1.0,2.0
237.46659732328854,18.0,1.0,6.0,1.0,1.0,2.0
237.76659732328855,18.0,1.0,6.0,1.0,1.0,2.0
237.76732903060562,18.0,1.0,6.0,1.0,1.0,2.0
238.06732903060563,18.0,1.0,6.0,1.0,1.0,2.0
238.0680607379227,18.0,1.0,6.0,1.0,1.0,2.0
238.36806073792272,18.0,1.0,6.0,1.0,1.0,2.0
238.3687924452398,18.0,1.0,6.0,1.0,1.0,2.0
238.6687924452398,18.0,1.0,6.0,1.0,1.0,2.0
238.66952415255687,18.0,1.0,6.0,1.0,1.0,2.0
238.9695241525569,18.0,1.0,6.0,1.0,1.0,2.0
238.97025585987396,18.0,1.0,4.0,1.0,2.0,2.0
239.27025585987397,18.0,1.0,4.0,1.0,2.0,2.0
239.27098756719104,18.0,1.0,4.0,1.0,2.0,2.0
239.57098756719105,18.0,1.0,4.0,1.0,2.0,2.0
239.57171927450813,18.0,1.0,4.0,1.0,2.0,2.0
239.87171927450814,18.0,1.0,4.0,1.0,2.0,2.0
239.8724509818252,18.0,1.0,4.0,1.0,2.0,2.0
240.17245098182522,18.0,1.0,4.0,1.0,2.0,2.0
240.1731826891423,18.0,1.0,4.0,1.0,2.0,2.0
240.4731826891423,18.0,1.0,4.0,1.0,2.0,2.0
240.47391439645938,18.0,1.0,4.0,1.0,2.0,2.0
240.7739143964594,18.0,1.0,4.0,1.0,2.0,2.0
240.77464610377646,18.0,1.0,4.0,1.0,2.0,2.0
241.07464610377647,18.0,1.0,4.0,1.0,2.0,2.0
241.07537781109355,18.0,1.0,4.0,1.0,2.0,2.0
241.37537781109356,18.0,1.0,4.0,1.0,2.0,2.0
241.37610951841063,18.0,1.0,4.0,1.0,2.0,2.0
241.67610951841064,18.0,1.0,4.0,1.0,2.0,2.0
241.6768412257277,18.0,1.0,4.0,1.0,2.0,2.0
241.97684122572772,18.0,1.0,4.0,1.0,2.0,2.0
241.9775729330448,18.0,1.0,4.0,1.0,2.0,2.0
242.2775729330448,18.0,1.0,4.0,1.0,2.0,2.0
242.27830464036188,18.0,1.0,4.0,1.0,2.0,2.0
242.5783046403619,18.0,1.0,4.0,1.0,2.0,2.0
242.57903634767897,18.0,1.0,4.0,1.0,2.0,2.0
242.87903634767898,18.0,1.0,4.0,1.0,2.0,2.0
242.87976805499605,18.0,1.0,4.0,1.0,2.0,2.0
243.17976805499606,18.0,1.0,4.0,1.0,2.0,2.0
243.18049976231313,18.0,1.0,4.0,1.0,2.0,2.0
243.48049976231314,18.0,1.0,4.0,1.0,2.0,2.0
243.48123146963022,18.0,1.0,4.0,1.0,2.0,2.0
243.78123146963023,18.0,1.0,4.0,1.0,2.0,2.0
243.7819631769473,18.0,1.0,4.0,1.0,2.0,2.0
244.0819631769473,18.0,1.0,4.0,1.0,2.0,2.0
244.08269488426438,18.0,1.0,4.0,1.0,2.0,2.0
244.3826948842644,18.0,1.0,4.0,1.0,2.0,2.0
244.38342659158147,18.0,1.0,4.0,1.0,2.0,2.0
244.68342659158148,18.0,1.0,4.0,1.0,2.0,2.0
244.68415829889855,18.0,1.0,4.0,1.0,2.0,2.0
244.98415829889856,18.0,1.0,4.0,1.0,2.0,2.0
244.98489000621564,18.0,1.0,4.0,1.0,2.0,2.0
245.28489000621565,18.0,1.0,4.0,1.0,2.0,2.0
245.28562171353272,18.0,1.0,4.0,1.0,2.0,2.0
245.58562171353273,18.0,1.0,4.0,1.0,2.0,2.0
245.5863534208498,18.0,1.0,4.0,1.0,2.0,2.0
245.88635342084982,18.0,1.0,4.0,1.0,2.0,2.0
245.8870851281669,18.0,1.0,4.0,1.0,2.0,2.0
246.1870851281669,18.0,1.0,4.0,1.0,2.0,2.0
246.18781683548397,18.0,1.0,4.0,1.0,2.0,2.0
246.48781683548398,18.0,1.0,4.0,1.0,2.0,2.0
246.48854854280106,18.0,1.0,4.0,1.0,2.0,2.0
246.78854854280107,18.0,1.0,4.0,1.0,2.0,2.0
246.78928025011814,18.0,1.0,4.0,1.0,2.0,2.0
247.08928025011815,18.0,1.0,4.0,1.0,2.0,2.0
247.09001195743522,18.0,1.0,4.0,1.0,2.0,2.0
247.39001195743523,18.0,1.0,4.0,1.0,2.0,2.0
247.3907436647523,18.0,1.0,4.0,1.0,2.0,2.0
247.69074366475232,18.0,1.0,4.0,1.0,2.0,2.0
247.6914753720694,18.0,1.0,4.0,1.0,2.0,2.0
247.9914753720694,18.0,1.0,4.0,1.0,2.0,2.0
247.99220707938647,18.0,1.0,4.0,1.0,2.0,2.0
248.2922070793865,18.0,1.0,4.0,1.0,2.0,2.0
248.29293878670356,18.0,1.0,4.0,1.0,2.0,2.0
248.59293878670357,18.0,1.0,4.0,1.0,2.0,2.0
248.59367049402064,18.0,1.0,4.0,1.0,2.0,2.0
248.89367049402065,18.0,1.0,4.0,1.0,2.0,2.0
248.89440220133773,18.0,1.0,4.0,1.0,2.0,2.0
249.19440220133774,18.0,1.0,4.0,1.0,2.0,2.0
249.1951339086548,18.0,1.0,4.0,1.0,2.0,2.0
249.49513390865482,18.0,1.0,4.0,1.0,2.0,2.0
249.4958656159719,18.0,2.0,4.0,1.0,2.0,2.0
249.7958656159719,18.0,2.0,4.0,1.0,2.0,2.0
249.79659732328898,18.0,2.0,4.0,1.0,2.0,2.0
250.096597323289,18.0,2.0,4.0,1.0,2.0,2.0
250.09732903060606,19.0,2.0,4.0,1.0,2.0,2.0
250.39732903060607,19.0,2.0,4.0,1.0,2.0,2.0
250.39806977134683,19.0,2.0,4.0,1.0,2.0,2.0
250.69806977134684,19.0,2.0,4.0,1.0,2.0,2.0
250.6988105120876,19.0,2.0,4.0,1.0,2.0,2.0
250.9988105120876,19.0,2.0,4.0,1.0,2.0,2.0
250.99955125282835,19.0,2.0,4.0,1.0,2.0,2.0
251.29955125282837,19.0,2.0,4.0,1.0,2.0,2.0
251.30029199356912,19.0,2.0,4.0,1.0,2.0,2.0
251.60029199356913,19.0,2.0,4.0,1.0,2.0,2.0
251.60103273430988,19.0,2.0,4.0,1.0,2.0,2.0
251.9010327343099,19.0,2.0,4.0,1.0,2.0,2.0
251.90177347505065,19.0,2.0,4.0,1.0,2.0,2.0
252.20177347505066,19.0,2.0,4.0,1.0,2.0,2.0
252.2025142157914,19.0,2.0,4.0,1.0,2.0,2.0
252.50251421579142,19.0,2.0,4.0,1.0,2.0,2.0
252.50325495653217,19.0,2.0,4.0,1.0,2.0,2.0
252.8032549565322,19.0,2.0,4.0,1.0,2.0,2.0
252.80399569727294,19.0,2.0,4.0,1.0,2.0,2.0
253.10399569727295,19.0,2.0,4.0,1.0,2.0,2.0
253.1047364380137,19.0,2.0,4.0,1.0,2.0,2.0
253.4047364380137,19.0,2.0,4.0,1.0,2.0,2.0
253.40547717875447,19.0,2.0,4.0,1.0,2.0,2.0
253.70547717875448,19.0,2.0,4.0,1.0,2.0,2.0
253.70621791949523,19.0,2.0,4.0,1.0,2.0,2.0
254.00621791949524,19.0,2.0,4.0,1.0,2.0,2.0
254.006958660236,19.0,2.0,4.0,1.0,2.0,2.0
254.306958660236,19.0,2.0,4.0,1.0,2.0,2.0
254.30769940097676,19.0,2.0,4.0,1.0,2.0,2.0
254.60769940097677,19.0,2.0,4.0,1.0,2.0,2.0
254.60844014171752,19.0,2.0,4.0,1.0,2.0,2.0
254.90844014171753,19.0,2.0,4.0,1.0,2.0,2.0
254.9091808824583,20.0,2.0,4.0,1.0,2.0,2.0
255.2091808824583,20.0,2.0,4.0,1.0,2.0,2.0
255.2099308824583,20.0,2.0,4.0,1.0,2.0,2.0
255.50993088245832,20.0,2.0,4.0,1.0,2.0,2.0
255.51068088245833,20.0,2.0,4.0,1.0,2.0,2.0
255.81068088245834,20.0,2.0,4.0,1.0,2.0,2.0
255.81143088245835,20.0,2.0,4.0,1.0,2.0,2.0
256.11143088245836,20.0,2.0,4.0,1.0,2.0,2.0
256.11218088245835,20.0,2.0,4.0,1.0,2.0,2.0
256.41218088245836,20.0,2.0,4.0,1.0,2.0,2.0
256.41293088245834,20.0,2.0,4.0,1.0,2.0,2.0
256.71293088245835,20.0,2.0,4.0,1.0,2.0,2.0
256.71368088245833,20.0,2.0,4.0,1.0,2.0,2.0
257.01368088245835,20.0,2.0,4.0,1.0,2.0,2.0
257.0144308824583,20.0,2.0,4.0,1.0,2.0,2.0
257.31443088245834,20.0,2.0,4.0,1.0,2.0,2.0
257.3151808824583,20.0,2.0,4.0,1.0,2.0,2.0
257.61518088245833,20.0,2.0,4.0,1.0,2.0,2.0
257.6159308824583,20.0,2.0,4.0,1.0,2.0,2.0
257.9159308824583,20.0,2.0,4.0,1.0,2.0,2.0
257.9166808824583,20.0,2.0,4.0,1.0,2.0,2.0
258.2166808824583,20.0,2.0,4.0,1.0,2.0,2.0
258.2174308824583,20.0,2.0,4.0,1.0,2.0,2.0
258.5174308824583,20.0,2.0,4.0,1.0,2.0,2.0
258.5181808824583,20.0,2.0,4.0,1.0,2.0,2.0
258.8181808824583,20.0,2.0,4.0,1.0,2.0,2.0
258.8189308824583,20.0,2.0,4.0,1.0,2.0,2.0
259.1189308824583,20.0,2.0,4.0,1.0,2.0,2.0
259.1196808824583,20.0,2.0,4.0,1.0,2.0,2.0
259.4196808824583,20.0,2.0,4.0,1.0,2.0,2.0
259.4204308824583,20.0,2.0,4.0,1.0,2.0,2.0
259.7204308824583,20.0,2.0,4.0,1.0,2.0,2.0
259.72118088245827,20.0,2.0,4.0,1.0,2.0,2.0
260.0211808824583,20.0,2.0,4.0,1.0,2.0,2.0
260.02193088245826,20.0,2.0,4.0,1.0,2.0,2.0
260.3219308824583,20.0,2.0,4.0,1.0,2.0,2.0
260.32268088245826,20.0,2.0,4.0,1.0,2.0,2.0
260.62268088245827,20.0,2.0,4.0,1.0,2.0,2.0
260.62343088245825,20.0,2.0,4.0,1.0,2.0,2.0
260.92343088245826,20.0,2.0,4.0,1.0,2.0,2.0
260.92418088245824,20.0,2.0,4.0,1.0,2.0,2.0
261.22418088245826,20.0,2.0,4.0,1.0,2.0,2.0
261.22493088245824,20.0,2.0,4.0,1.0,2.0,2.0
261.52493088245825,20.0,2.0,4.0,1.0,2.0,2.0
261.52568088245823,20.0,2.0,4.0,1.0,2.0,2.0
261.82568088245824,20.0,2.0,4.0,1.0,2.0,2.0
261.8264308824582,20.0,2.0,4.0,1.0,2.0,2.0
262.12643088245824,20.0,2.0,4.0,1.0,2.0,2.0
262.1271808824582,20.0,2.0,4.0,1.0,2.0,2.0
262.42718088245823,20.0,2.0,4.0,1.0,2.0,2.0
262.4279308824582,20.0,2.0,4.0,1.0,2.0,2.0
262.7279308824582,20.0,2.0,4.0,1.0,2.0,2.0
262.7286808824582,20.0,2.0,4.0,1.0,2.0,2.0
263.0286808824582,20.0,2.0,4.0,1.0,2.0,2.0
263.0294308824582,20.0,2.0,4.0,1.0,2.0,2.0
263.3294308824582,20.0,2.0,4.0,1.0,2.0,2.0
263.3301808824582,20.0,2.0,4.0,1.0,1.0,2.0
263.6301808824582,20.0,2.0,4.0,1.0,1.0,2.0
263.6309308824582,20.0,2.0,4.0,1.0,1.0,2.0
263.9309308824582,20.0,2.0,4.0,1.0,1.0,2.0
263.9316808824582,20.0,2.0,4.0,1.0,1.0,2.0
264.2316808824582,20.0,2.0,4.0,1.0,1.0,2.0
264.2324308824582,20.0,2.0,4.0,1.0,1.0,2.0
264.5324308824582,20.0,2.0,4.0,1.0,1.0,2.0
264.53318088245817,20.0,2.0,4.0,1.0,1.0,2.0
264.8331808824582,20.0,2.0,4.0,1.0,1.0,2.0
264.83393088245816,20.0,2.0,4.0,1.0,1.0,2.0
265.1339308824582,20.0,2.0,4.0,1.0,1.0,2.0
265.13468088245816,20.0,2.0,4.0,1.0,1.0,2.0
265.43468088245817,20.0,2.0,4.0,1.0,1.0,2.0
265.43543088245815,20.0,2.0,4.0,1.0,1.0,2.0
265.73543088245816,20.0,2.0,4.0,1.0,1.0,2.0
265.73618088245814,20.0,2.0,4.0,1.0,1.0,2.0
266.03618088245815,20.0,2.0,4.0,1.0,1.0,2.0
266.03693088245814,20.0,2.0,4.0,1.0,1.0,2.0
266.33693088245815,20.0,2.0,4.0,1.0,1.0,2.0
266.33768088245813,20.0,2.0,4.0,1.0,1.0,2.0
266.63768088245814,20.0,2.0,4.0,1.0,1.0,2.0
266.6384308824581,20.0,2.0,4.0,1.0,1.0,2.0
266.93843088245814,20.0,2.0,4.0,1.0,1.0,2.0
266.9391808824581,20.0,2.0,4.0,1.0,1.0,2.0
267.23918088245813,20.0,2.0,4.0,1.0,1.0,2.0
267.2399308824581,20.0,2.0,4.0,1.0,1.0,2.0
267.5399308824581,20.0,2.0,4.0,1.0,1.0,2.0
267.5406808824581,20.0,2.0,4.0,1.0,1.0,2.0
267.8406808824581,20.0,2.0,4.0,1.0,1.0,2.0
267.8414308824581,20.0,2.0,4.0,1.0,1.0,2.0
268.1414308824581,20.0,2.0,4.0,1.0,1.0,2.0
268.1421808824581,20.0,2.0,4.0,1.0,1.0,2.0
268.4421808824581,20.0,2.0,4.0,1.0,1.0,2.0
268.4429308824581,20.0,2.0,4.0,1.0,1.0,2.0
268.7429308824581,20.0,2.0,4.0,1.0,1.0,2.0
268.7436808824581,20.0,2.0,4.0,1.0,1.0,2.0
269.0436808824581,20.0,2.0,4.0,1.0,1.0,2.0
269.0444308824581,20.0,2.0,4.0,1.0,1.0,2.0
269.3444308824581,20.0,2.0,4.0,1.0,1.0,2.0
269.34518088245807,20.0,2.0,4.0,1.0,1.0,2.0
269.6451808824581,20.0,2.0,4.0,1.0,1.0,2.0
269.64593088245806,20.0,2.0,4.0,1.0,1.0,2.0
269.9459308824581,20.0,2.0,4.0,1.0,1.0,2.0
269.94668088245805,20.0,2.0,4.0,1.0,1.0,2.0
270.24668088245807,20.0,2.0,4.0,1.0,1.0,2.0
270.24743088245805,20.0,2.0,4.0,1.0,1.0,2.0
270.54743088245806,20.0,2.0,4.0,1.0,1.0,2.0
270.54818088245804,20.0,2.0,4.0,1.0,1.0,2.0
270.84818088245805,20.0,2.0,4.0,1.0,1.0,2.0
270.84893088245803,20.0,2.0,4.0,1.0,1.0,2.0
271.14893088245805,20.0,2.0,4.0,1.0,1.0,2.0
271.14968088245803,20.0,2.0,4.0,1.0,1.0,2.0
271.44968088245804,20.0,2.0,4.0,1.0,1.0,2.0
271.450430882458,20.0,2.0,4.0,1.0,1.0,2.0
271.75043088245803,20.0,2.0,4.0,1.0,1.0,2.0
271.751180882458,20.0,2.0,4.0,1.0,1.0,2.0
272.051180882458,20.0,2.0,4.0,1.0,1.0,2.0
272.051930882458,20.0,2.0,4.0,1.0,1.0,2.0
272.351930882458,20.0,2.0,4.0,1.0,1.0,2.0
272.352680882458,20.0,2.0,4.0,1.0,1.0,2.0
272.652680882458,20.0,2.0,4.0,1.0,1.0,2.0
272.653430882458,20.0,2.0,4.0,1.0,1.0,2.0
272.953430882458,20.0,2.0,4.0,1.0,1.0,2.0
272.954180882458,20.0,2.0,4.0,1.0,1.0,2.0
273.254180882458,20.0,2.0,4.0,1.0,1.0,2.0
273.254930882458,20.0,2.0,4.0,1.0,1.0,2.0
273.554930882458,20.0,2.0,4.0,1.0,1.0,2.0
273.555680882458,20.0,2.0,4.0,1.0,1.0,2.0
273.855680882458,20.0,2.0,4.0,1.0,1.0,2.0
273.85643088245797,20.0,2.0,4.0,1.0,1.0,2.0
274.156430882458,20.0,2.0,4.0,1.0,1.0,2.0
274.15718088245796,20.0,2.0,4.0,1.0,1.0,2.0
274.457180882458,20.0,2.0,4.0,1.0,1.0,2.0
274.45793088245796,20.0,2.0,4.0,1.0,1.0,2.0
274.75793088245797,20.0,2.0,4.0,1.0,1.0,2.0
274.75868088245795,20.0,2.0,4.0,1.0,1.0,2.0
275.05868088245796,20.0,2.0,4.0,1.0,1.0,2.0
275.05943088245795,20.0,2.0,2.0,1.0,2.0,2.0
275.35943088245796,20.0,2.0,2.0,1.0,2.0,2.0
275.36018088245794,20.0,2.0,2.0,1.0,2.0,2.0
275.66018088245795,20.0,2.0,2.0,1.0,2.0,2.0
275.66093088245793,20.0,2.0,2.0,1.0,2.0,2.0
275.96093088245794,20.0,2.0,2.0,1.0,2.0,2.0
275.9616808824579,20.0,2.0,2.0,1.0,2.0,2.0
276.26168088245794,20.0,2.0,2.0,1.0,2.0,2.0
276.2624308824579,20.0,2.0,2.0,1.0,2.0,2.0
276.56243088245793,20.0,2.0,2.0,1.0,2.0,2.0
276.5631808824579,20.0,2.0,2.0,1.0,2.0,2.0
276.8631808824579,20.0,2.0,2.0,1.0,2.0,2.0
276.8639308824579,20.0,2.0,2.0,1.0,2.0,2.0
277.1639308824579,20.0,2.0,2.0,1.0,2.0,2.0
277.1646808824579,20.0,2.0,2.0,1.0,2.0,2.0
277.4646808824579,20.0,2.0,2.0,1.0,2.0,2.0
277.4654308824579,20.0,2.0,2.0,1.0,2.0,2.0
277.7654308824579,20.0,2.0,2.0,1.0,2.0,2.0
277.7661808824579,20.0,2.0,2.0,1.0,2.0,2.0
278.0661808824579,20.0,2.0,2.0,1.0,2.0,2.0
278.0669308824579,20.0,2.0,2.0,1.0,2.0,2.0
278.3669308824579,20.0,2.0,2.0,1.0,2.0,2.0
278.3676808824579,20.0,2.0,2.0,1.0,2.0,2.0
278.6676808824579,20.0,2.0,2.0,1.0,2.0,2.0
278.66843088245787,20.0,2.0,2.0,1.0,2.0,2.0
278.9684308824579,20.0,2.0,2.0,1.0,2.0,2.0
278.96918088245786,20.0,2.0,2.0,1.0,2.0,2.0
279.2691808824579,20.0,2.0,2.0,1.0,2.0,2.0
279.26993088245786,20.0,2.0,2.0,1.0,2.0,2.0
279.56993088245787,20.0,2.0,2.0,1.0,2.0,2.0
279.57068088245785,20.0,2.0,2.0,1.0,2.0,2.0
279.87068088245786,20.0,2.0,2.0,1.0,2.0,2.0
279.87143088245784,20.0,2.0,2.0,1.0,2.0,2.0
280.17143088245786,20.0,2.0,2.0,1.0,2.0,2.0
280.17218088245784,20.0,2.0,2.0,1.0,2.0,2.0
280.47218088245785,20.0,2.0,2.0,1.0,2.0,2.0
280.47293088245783,20.0,2.0,2.0,1.0,2.0,2.0
280.77293088245784,20.0,2.0,2.0,1.0,2.0,2.0
280.7736808824578,20.0,2.0,2.0,1.0,2.0,2.0
281.07368088245784,20.0,2.0,2.0,1.0,2.0,2.0
281.0744308824578,20.0,2.0,2.0,1.0,2.0,2.0
281.37443088245783,20.0,2.0,2.0,1.0,2.0,2.0
281.3751808824578,20.0,2.0,2.0,1.0,2.0,2.0
281.6751808824578,20.0,2.0,2.0,1.0,2.0,2.0
281.6759308824578,20.0,2.0,2.0,1.0,2.0,2.0
281.9759308824578,20.0,2.0,2.0,1.0,2.0,2.0
281.9766808824578,20.0,2.0,2.0,1.0,2.0,2.0
282.2766808824578,20.0,2.0,2.0,1.0,2.0,2.0
282.2774308824578,20.0,2.0,2.0,1.0,2.0,2.0
282.5774308824578,20.0,2.0,2.0,1.0,2.0,2.0
282.5781808824578,21.0,2.0,2.0,1.0,2.0,2.0
282.8781808824578,21.0,2.0,2.0,1.0,2.0,2.0
282.8789403761287,22.0,2.0,2.0,1.0,2.0,2.0
283.1789403761287,22.0,2.0,2.0,1.0,2.0,2.0
283.1797096068979,22.0,2.0,2.0,1.0,2.0,2.0
283.4797096068979,22.0,2.0,2.0,1.0,2.0,2.0
283.48047883766714,22.0,2.0,2.0,1.0,2.0,2.0
283.78047883766715,22.0,2.0,2.0,1.0,2.0,2.0
283.78124806843635,22.0,2.0,2.0,1.0,2.0,2.0
284.08124806843637,22.0,2.0,2.0,1.0,2.0,2.0
284.0820172992056,22.0,2.0,2.0,1.0,2.0,2.0
284.3820172992056,22.0,2.0,2.0,1.0,2.0,2.0
284.3827865299748,22.0,2.0,2.0,1.0,2.0,2.0
284.6827865299748,22.0,2.0,2.0,1.0,2.0,2.0
284.683555760744,23.0,2.0,2.0,1.0,2.0,2.0
284.983555760744,23.0,2.0,2.0,1.0,2.0,2.0
284.98433498152326,23.0,2.0,2.0,1.0,2.0,2.0
285.2843349815233,23.0,2.0,2.0,1.0,2.0,2.0
285.2851142023025,23.0,2.0,2.0,1.0,2.0,2.0
285.5851142023025,23.0,2.0,2.0,1.0,2.0,2.0
285.58589342308176,23.0,2.0,2.0,1.0,2.0,2.0
285.88589342308177,23.0,2.0,2.0,1.0,2.0,2.0
285.886672643861,23.0,2.0,2.0,1.0,2.0,2.0
286.186672643861,23.0,2.0,2.0,1.0,2.0,2.0
286.18745186464025,23.0,2.0,2.0,1.0,2.0,2.0
286.48745186464026,23.0,2.0,2.0,1.0,2.0,2.0
286.4882310854195,23.0,2.0,2.0,1.0,2.0,2.0
286.7882310854195,23.0,2.0,2.0,1.0,2.0,2.0
286.78901030619875,23.0,2.0,2.0,1.0,2.0,2.0
287.08901030619876,23.0,2.0,2.0,1.0,2.0,2.0
287.089789526978,23.0,2.0,2.0,1.0,2.0,2.0
287.389789526978,23.0,2.0,2.0,1.0,2.0,2.0
287.39056874775724,23.0,2.0,2.0,1.0,2.0,2.0
287.69056874775725,23.0,2.0,2.0,1.0,2.0,2.0
287.6913479685365,23.0,2.0,2.0,1.0,2.0,2.0
287.9913479685365,23.0,2.0,2.0,1.0,2.0,2.0
287.99212718931574,23.0,2.0,2.0,1.0,2.0,2.0
288.29212718931575,23.0,2.0,2.0,1.0,2.0,2.0
288.292906410095,23.0,2.0,2.0,1.0,2.0,2.0
288.592906410095,23.0,2.0,2.0,1.0,2.0,2.0
288.59368563087423,23.0,2.0,2.0,1.0,2.0,2.0
288.89368563087424,23.0,2.0,2.0,1.0,2.0,2.0
288.8944648516535,23.0,2.0,2.0,1.0,2.0,2.0
289.1944648516535,23.0,2.0,2.0,1.0,2.0,2.0
289.19524407243273,24.0,2.0,2.0,1.0,2.0,2.0
289.49524407243274,24.0,2.0,2.0,1.0,2.0,2.0
289.49603354611696,24.0,2.0,2.0,1.0,2.0,2.0
289.796033546117,24.0,2.0,2.0,1.0,2.0,2.0
289.7968230198012,24.0,2.0,2.0,1.0,2.0,2.0
290.0968230198012,24.0,2.0,2.0,1.0,2.0,2.0
290.0976124934854,24.0,2.0,2.0,1.0,2.0,2.0
290.39761249348544,24.0,2.0,2.0,1.0,2.0,2.0
290.39840196716966,24.0,2.0,2.0,1.0,2.0,2.0
290.6984019671697,24.0,2.0,2.0,1.0,2.0,2.0
290.6991914408539,24.0,2.0,2.0,1.0,2.0,2.0
290.9991914408539,24.0,2.0,2.0,1.0,2.0,2.0
290.9999809145381,24.0,2.0,2.0,1.0,2.0,2.0
291.29998091453814,24.0,2.0,2.0,1.0,2.0,2.0
291.30077038822236,24.0,2.0,2.0,1.0,2.0,2.0
291.6007703882224,24.0,2.0,2.0,1.0,2.0,2.0
291.6015598619066,24.0,2.0,2.0,1.0,2.0,2.0
291.9015598619066,24.0,2.0,2.0,1.0,2.0,2.0
291.9023493355908,24.0,2.0,2.0,1.0,2.0,2.0
292.20234933559084,24.0,2.0,2.0,1.0,2.0,2.0
292.20313880927506,24.0,2.0,2.0,1.0,2.0,2.0
292.5031388092751,24.0,2.0,2.0,1.0,2.0,2.0
292.5039282829593,24.0,2.0,2.0,1.0,2.0,2.0
292.8039282829593,24.0,2.0,2.0,1.0,2.0,2.0
292.8047177566435,24.0,2.0,2.0,1.0,2.0,2.0
293.10471775664354,24.0,2.0,2.0,1.0,2.0,2.0
293.10550723032776,24.0,2.0,2.0,1.0,2.0,2.0
293.40550723032777,24.0,2.0,2.0,1.0,2.0,2.0
293.406296704012,24.0,2.0,2.0,1.0,2.0,2.0
293.706296704012,24.0,2.0,2.0,1.0,2.0,2.0
293.7070861776962,24.0,2.0,2.0,1.0,2.0,2.0
294.00708617769624,24.0,2.0,2.0,1.0,2.0,2.0
294.00787565138046,24.0,2.0,2.0,1.0,2.0,2.0
294.30787565138047,24.0,2.0,2.0,1.0,2.0,2.0
294.3086651250647,24.0,2.0,2.0,1.0,2.0,2.0
294.6086651250647,24.0,2.0,2.0,1.0,2.0,2.0
294.6094545987489,24.0,2.0,2.0,1.0,2.0,2.0
294.90945459874894,24.0,2.0,2.0,1.0,2.0,2.0
294.91024407243316,24.0,2.0,2.0,1.0,1.0,2.0
295.21024407243317,24.0,2.0,2.0,1.0,1.0,2.0
295.2110335461174,24.0,2.0,2.0,1.0,1.0,2.0
295.5110335461174,24.0,2.0,2.0,1.0,1.0,2.0
295.5118230198016,24.0,2.0,2.0,1.0,1.0,2.0
295.81182301980164,24.0,2.0,2.0,1.0,1.0,2.0
295.81261249348586,24.0,2.0,2.0,1.0,1.0,2.0
296.11261249348587,24.0,2.0,2.0,1.0,1.0,2.0
296.1134019671701,24.0,2.0,2.0,1.0,1.0,2.0
296.4134019671701,24.0,2.0,2.0,1.0,1.0,2.0
296.4141914408543,24.0,2.0,2.0,1.0,1.0,2.0
296.71419144085434,24.0,2.0,2.0,1.0,1.0,2.0
296.71498091453856,24.0,2.0,2.0,1.0,1.0,2.0
297.01498091453857,24.0,2.0,2.0,1.0,1.0,2.0
297.0157703882228,24.0,2.0,2.0,1.0,1.0,2.0
297.3157703882228,24.0,2.0,2.0,1.0,1.0,2.0
297.316559861907,24.0,2.0,2.0,1.0,1.0,2.0
297.61655986190704,24.0,2.0,2.0,1.0,1.0,2.0
297.61734933559126,24.0,2.0,2.0,1.0,1.0,2.0
297.91734933559127,24.0,2.0,2.0,1.0,1.0,2.0
297.9181388092755,24.0,2.0,2.0,1.0,1.0,2.0
298.2181388092755,24.0,2.0,2.0,1.0,1.0,2.0
298.2189282829597,24.0,2.0,2.0,1.0,1.0,2.0
298.51892828295973,24.0,2.0,2.0,1.0,1.0,2.0
298.51971775664396,24.0,2.0,2.0,1.0,1.0,2.0
298.81971775664397,24.0,2.0,2.0,1.0,1.0,2.0
298.8205072303282,24.0,2.0,2.0,1.0,1.0,2.0
299.1205072303282,24.0,2.0,2.0,1.0,1.0,2.0
299.1212967040124,24.0,2.0,2.0,1.0,1.0,2.0
299.42129670401243,24.0,2.0,2.0,1.0,1.0,2.0
299.42208617769666,24.0,2.0,2.0,1.0,1.0,2.0
299.72208617769667,24.0,2.0,2.0,1.0,1.0,2.0
299.7228756513809,24.0,2.0,2.0,1.0,1.0,2.0
300.0228756513809,24.0,2.0,2.0,1.0,1.0,2.0
300.0236651250651,24.0,2.0,2.0,1.0,1.0,2.0
300.32366512506513,24.0,2.0,2.0,1.0,1.0,2.0
300.32445459874936,24.0,2.0,2.0,1.0,1.0,2.0
300.62445459874937,24.0,2.0,2.0,1.0,1.0,2.0
300.6252440724336,24.0,2.0,2.0,1.0,1.0,2.0
300.9252440724336,24.0,2.0,2.0,1.0,1.0,2.0
300.9260335461178,24.0,2.0,2.0,1.0,1.0,2.0
301.22603354611783,24.0,2.0,2.0,1.0,1.0,2.0
301.22682301980205,24.0,2.0,2.0,1.0,1.0,2.0
301.52682301980207,24.0,2.0,2.0,1.0,1.0,2.0
301.5276124934863,24.0,2.0,2.0,1.0,1.0,2.0
301.8276124934863,24.0,2.0,2.0,1.0,1.0,2.0
301.8284019671705,24.0,2.0,2.0,1.0,1.0,2.0
302.12840196717053,24.0,2.0,2.0,1.0,1.0,2.0
302.12919144085475,24.0,2.0,2.0,1.0,1.0,2.0
302.42919144085477,24.0,2.0,2.0,1.0,1.0,2.0
302.429980914539,24.0,2.0,2.0,1.0,1.0,2.0
302.729980914539,24.0,2.0,2.0,1.0,1.0,2.0
302.7307703882232,24.0,2.0,2.0,1.0,1.0,2.0
303.03077038822323,24.0,2.0,2.0,1.0,1.0,2.0
303.03155986190745,24.0,2.0,2.0,1.0,1.0,2.0
303.33155986190746,24.0,2.0,2.0,1.0,1.0,2.0
303.3323493355917,24.0,2.0,2.0,1.0,1.0,2.0
303.6323493355917,24.0,2.0,2.0,1.0,1.0,2.0
303.6331388092759,24.0,2.0,2.0,1.0,1.0,2.0
303.93313880927593,24.0,2.0,2.0,1.0,1.0,2.0
303.93392828296015,24.0,2.0,2.0,1.0,1.0,2.0
304.23392828296016,24.0,2.0,2.0,1.0,1.0,2.0
304.2347177566444,24.0,2.0,2.0,1.0,1.0,2.0
304.5347177566444,24.0,2.0,2.0,1.0,1.0,2.0
304.5355072303286,24.0,2.0,2.0,1.0,1.0,2.0
304.83550723032863,24.0,2.0,2.0,1.0,1.0,2.0
304.83629670401285,24.0,2.0,2.0,1.0,1.0,2.0
305.13629670401286,24.0,2.0,2.0,1.0,1.0,2.0
305.1370861776971,24.0,2.0,2.0,1.0,1.0,2.0
305.4370861776971,24.0,2.0,2.0,1.0,1.0,2.0
305.4378756513813,24.0,2.0,2.0,1.0,1.0,2.0
305.73787565138133,24.0,2.0,2.0,1.0,1.0,2.0
305.73866512506555,24.0,2.0,2.0,1.0,1.0,2.0
306.03866512506556,24.0,2.0,2.0,1.0,1.0,2.0
306.0394545987498,24.0,2.0,2.0,1.0,1.0,2.0
306.3394545987498,24.0,2.0,2.0,1.0,1.0,2.0
306.340244072434,25.0,2.0,2.0,1.0,1.0,2.0
306.64024407243403,25.0,2.0,2.0,1.0,1.0,2.0
306.64104407243406,25.0,2.0,2.0,1.0,1.0,2.0
306.94104407243407,25.0,2.0,2.0,1.0,1.0,2.0
306.9418440724341,25.0,2.0,2.0,1.0,1.0,2.0
307.2418440724341,25.0,2.0,2.0,1.0,1.0,2.0
307.24264407243413,25.0,2.0,2.0,1.0,1.0,2.0
307.54264407243414,25.0,2.0,2.0,1.0,1.0,2.0
307.54344407243417,25.0,2.0,2.0,1.0,1.0,2.0
307.8434440724342,25.0,2.0,2.0,1.0,1.0,2.0
307.8442440724342,25.0,2.0,2.0,1.0,1.0,2.0
308.1442440724342,25.0,2.0,2.0,1.0,1.0,2.0
308.14504407243425,25.0,2.0,2.0,1.0,1.0,2.0
308.44504407243426,25.0,2.0,2.0,1.0,1.0,2.0
308.4458440724343,25.0,2.0,2.0,1.0,1.0,2.0
308.7458440724343,25.0,2.0,2.0,1.0,1.0,2.0
308.7466440724343,25.0,2.0,2.0,1.0,1.0,2.0
309.04664407243433,25.0,2.0,2.0,1.0,1.0,2.0
309.04744407243436,25.0,2.0,2.0,1.0,1.0,2.0
309.34744407243437,25.0,2.0,2.0,1.0,1.0,2.0
309.3482440724344,25.0,2.0,2.0,1.0,1.0,2.0
309.6482440724344,25.0,2.0,2.0,1.0,1.0,2.0
309.64904407243444,25.0,2.0,2.0,1.0,1.0,2.0
309.94904407243445,25.0,2.0,2.0,1.0,1.0,2.0
309.9498440724345,25.0,2.0,2.0,1.0,1.0,2.0
310.2498440724345,25.0,2.0,2.0,1.0,1.0,2.0
310.2506440724345,25.0,2.0,2.0,1.0,1.0,2.0
310.5506440724345,25.0,2.0,2.0,1.0,1.0,2.0
310.55144407243455,25.0,2.0,2.0,1.0,1.0,2.0
310.85144407243456,25.0,2.0,2.0,1.0,1.0,2.0
310.8522440724346,25.0,2.0,2.0,1.0,1.0,2.0
311.1522440724346,25.0,2.0,2.0,1.0,1.0,2.0
311.1530440724346,25.0,2.0,2.0,1.0,1.0,2.0
311.45304407243464,25.0,2.0,2.0,1.0,1.0,2.0
311.45384407243466,25.0,2.0,2.0,1.0,1.0,2.0
311.7538440724347,25.0,2.0,2.0,1.0,1.0,2.0
311.7546440724347,25.0,2.0,2.0,1.0,1.0,2.0
312.0546440724347,25.0,2.0,2.0,1.0,1.0,2.0
312.05544407243474,25.0,2.0,2.0,1.0,1.0,2.0
312.35544407243475,25.0,2.0,2.0,1.0,1.0,2.0
312.3562440724348,25.0,2.0,2.0,1.0,1.0,2.0
312.6562440724348,25.0,2.0,2.0,1.0,1.0,2.0
312.6570440724348,25.0,2.0,2.0,1.0,1.0,2.0
312.9570440724348,25.0,2.0,2.0,1.0,1.0,2.0
312.95784407243485,25.0,2.0,2.0,1.0,1.0,2.0
313.25784407243486,25.0,2.0,2.0,1.0,1.0,2.0
313.2586440724349,25.0,2.0,2.0,1.0,1.0,2.0
313.5586440724349,25.0,2.0,2.0,1.0,1.0,2.0
313.5594440724349,25.0,2.0,2.0,1.0,1.0,2.0
313.85944407243494,25.0,2.0,2.0,1.0,1.0,2.0
313.86024407243497,25.0,2.0,2.0,1.0,1.0,2.0
314.160244072435,25.0,2.0,2.0,1.0,1.0,2.0
314.161044072435,25.0,2.0,2.0,1.0,1.0,2.0
314.461044072435,25.0,2.0,2.0,1.0,1.0,2.0
314.46184407243504,25.0,2.0,2.0,1.0,1.0,2.0
314.76184407243505,25.0,2.0,2.0,1.0,1.0,2.0
314.7626440724351,25.0,2.0,2.0,1.0,1.0,2.0
315.0626440724351,25.0,2.0,2.0,1.0,1.0,2.0
315.0634440724351,25.0,2.0,2.0,1.0,1.0,2.0
315.36344407243513,25.0,2.0,2.0,1.0,1.0,2.0
315.36424407243516,25.0,2.0,2.0,1.0,1.0,2.0
315.66424407243517,25.0,2.0,2.0,1.0,1.0,2.0
315.6650440724352,25.0,2.0,2.0,1.0,1.0,2.0
315.9650440724352,25.0,2.0,2.0,1.0,1.0,2.0
315.96584407243523,25.0,2.0,2.0,1.0,1.0,2.0
316.26584407243524,25.0,2.0,2.0,1.0,1.0,2.0
316.26664407243527,25.0,2.0,2.0,1.0,1.0,2.0
316.5666440724353,25.0,2.0,2.0,1.0,1.0,2.0
316.5674440724353,25.0,2.0,2.0,1.0,1.0,2.0
316.8674440724353,25.0,2.0,2.0,1.0,1.0,2.0
316.86824407243535,25.0,2.0,2.0,1.0,1.0,2.0
317.16824407243536,25.0,2.0,2.0,1.0,1.0,2.0
317.1690440724354,25.0,2.0,2.0,1.0,1.0,2.0
317.4690440724354,25.0,2.0,2.0,1.0,1.0,2.0
317.4698440724354,25.0,2.0,2.0,1.0,1.0,2.0
317.76984407243543,25.0,2.0,2.0,1.0,1.0,2.0
317.77064407243546,25.0,2.0,2.0,1.0,1.0,2.0
318.07064407243547,25.0,2.0,2.0,1.0,1.0,2.0
318.0714440724355,25.0,2.0,2.0,1.0,1.0,2.0
318.3714440724355,25.0,2.0,2.0,1.0,1.0,2.0
318.37224407243554,25.0,2.0,2.0,1.0,1.0,2.0
318.67224407243555,25.0,2.0,2.0,1.0,1.0,2.0
318.6730440724356,25.0,2.0,2.0,1.0,1.0,2.0
318.9730440724356,25.0,2.0,2.0,1.0,1.0,2.0
318.9738440724356,25.0,2.0,2.0,1.0,1.0,2.0
319.2738440724356,25.0,2.0,2.0,1.0,1.0,2.0
319.27464407243565,25.0,2.0,2.0,1.0,1.0,2.0
319.57464407243566,25.0,2.0,2.0,1.0,1.0,2.0
319.5754440724357,25.0,2.0,2.0,1.0,1.0,2.0
319.8754440724357,25.0,2.0,2.0,1.0,1.0,2.0
319.8762440724357,25.0,2.0,2.0,1.0,1.0,2.0
320.17624407243574,25.0,2.0,2.0,1.0,1.0,2.0
320.17704407243576,25.0,2.0,2.0,1.0,1.0,2.0
320.4770440724358,25.0,2.0,2.0,1.0,1.0,2.0
320.4778440724358,25.0,2.0,2.0,1.0,1.0,2.0
320.7778440724358,25.0,2.0,2.0,1.0,1.0,2.0
320.77864407243584,25.0,2.0,2.0,1.0,1.0,2.0
321.07864407243585,25.0,2.0,2.0,1.0,1.0,2.0
321.0794440724359,25.0,2.0,2.0,1.0,1.0,2.0
321.3794440724359,25.0,2.0,2.0,1.0,1.0,2.0
321.3802440724359,25.0,2.0,2.0,1.0,1.0,2.0
321.6802440724359,25.0,2.0,2.0,1.0,1.0,2.0
321.68104407243595,26.0,2.0,2.0,1.0,1.0,2.0
321.98104407243596,26.0,2.0,2.0,1.0,1.0,2.0
321.9818548832468,26.0,2.0,2.0,1.0,1.0,2.0
322.2818548832468,26.0,2.0,2.0,1.0,1.0,2.0
322.28266569405764,26.0,2.0,2.0,1.0,1.0,2.0
322.58266569405765,26.0,2.0,2.0,1.0,1.0,2.0
322.5834765048685,26.0,2.0,2.0,1.0,1.0,2.0
322.8834765048685,26.0,2.0,2.0,1.0,1.0,2.0
322.88428731567933,26.0,2.0,2.0,1.0,1.0,2.0
323.18428731567934,26.0,2.0,2.0,1.0,1.0,2.0
323.1850981264902,26.0,2.0,2.0,1.0,1.0,2.0
323.4850981264902,26.0,2.0,2.0,1.0,1.0,2.0
323.485908937301,26.0,2.0,2.0,1.0,1.0,2.0
323.78590893730103,26.0,2.0,2.0,1.0,1.0,2.0
323.78671974811186,26.0,2.0,2.0,1.0,1.0,2.0
324.0867197481119,26.0,2.0,2.0,1.0,1.0,2.0
324.0875305589227,26.0,2.0,2.0,1.0,1.0,2.0
324.3875305589227,26.0,2.0,2.0,1.0,1.0,2.0
324.38834136973355,26.0,2.0,2.0,1.0,1.0,2.0
324.68834136973356,26.0,2.0,2.0,1.0,1.0,2.0
324.6891521805444,26.0,2.0,2.0,1.0,1.0,2.0
324.9891521805444,26.0,2.0,2.0,1.0,1.0,2.0
324.98996299135524,26.0,2.0,2.0,1.0,1.0,2.0
325.28996299135525,26.0,2.0,2.0,1.0,1.0,2.0
325.2907738021661,26.0,2.0,2.0,1.0,1.0,2.0
325.5907738021661,26.0,2.0,2.0,1.0,1.0,2.0
325.59158461297693,26.0,2.0,2.0,1.0,1.0,2.0
325.89158461297694,26.0,2.0,2.0,1.0,1.0,2.0
325.8923954237878,26.0,2.0,2.0,1.0,1.0,2.0
326.1923954237878,26.0,2.0,2.0,1.0,1.0,2.0
326.1932062345986,26.0,2.0,2.0,1.0,1.0,2.0
326.49320623459863,26.0,2.0,2.0,1.0,1.0,2.0
326.49401704540946,26.0,2.0,2.0,1.0,1.0,2.0
326.7940170454095,26.0,2.0,2.0,1.0,1.0,2.0
326.7948278562203,26.0,2.0,2.0,1.0,1.0,2.0
327.0948278562203,26.0,2.0,2.0,1.0,1.0,2.0
327.09563866703115,26.0,2.0,2.0,1.0,1.0,2.0
327.39563866703116,26.0,2.0,2.0,1.0,1.0,2.0
327.396449477842,26.0,2.0,2.0,1.0,1.0,2.0
327.696449477842,26.0,2.0,2.0,1.0,1.0,2.0
327.69726028865284,26.0,2.0,2.0,1.0,1.0,2.0
327.99726028865285,26.0,2.0,2.0,1.0,1.0,2.0
327.9980710994637,27.0,2.0,2.0,1.0,1.0,2.0
328.2980710994637,27.0,2.0,2.0,1.0,1.0,2.0
328.2988930172719,27.0,2.0,2.0,1.0,1.0,2.0
328.5988930172719,27.0,2.0,2.0,1.0,1.0,2.0
328.5997149350801,27.0,2.0,2.0,1.0,1.0,2.0
328.8997149350801,27.0,2.0,2.0,1.0,1.0,2.0
328.9005368528883,27.0,2.0,2.0,1.0,1.0,2.0
329.2005368528883,27.0,2.0,2.0,1.0,1.0,2.0
329.2013587706965,27.0,2.0,2.0,1.0,1.0,2.0
329.5013587706965,27.0,2.0,2.0,1.0,1.0,2.0
329.5021806885047,27.0,2.0,2.0,1.0,1.0,2.0
329.80218068850473,27.0,2.0,2.0,1.0,1.0,2.0
329.80300260631293,27.0,2.0,2.0,1.0,1.0,2.0
330.10300260631294,27.0,2.0,2.0,1.0,1.0,2.0
330.10382452412114,27.0,2.0,2.0,1.0,1.0,2.0
330.40382452412115,27.0,2.0,2.0,1.0,1.0,2.0
330.40464644192934,27.0,2.0,2.0,1.0,1.0,2.0
330.70464644192936,27.0,2.0,2.0,1.0,1.0,2.0
330.70546835973755,27.0,2.0,2.0,1.0,1.0,2.0
331.00546835973756,27.0,2.0,2.0,1.0,1.0,2.0
331.00629027754576,27.0,2.0,2.0,1.0,1.0,2.0
331.30629027754577,27.0,2.0,2.0,1.0,1.0,2.0
331.30711219535397,27.0,2.0,2.0,1.0,1.0,2.0
331.607112195354,27.0,2.0,2.0,1.0,1.0,2.0
331.6079341131622,27.0,2.0,2.0,1.0,1.0,2.0
331.9079341131622,27.0,2.0,2.0,1.0,1.0,2.0
331.9087560309704,27.0,2.0,2.0,1.0,1.0,2.0
332.2087560309704,27.0,2.0,2.0,1.0,1.0,2.0
332.2095779487786,27.0,2.0,2.0,1.0,1.0,2.0
332.5095779487786,27.0,2.0,2.0,1.0,1.0,2.0
332.5103998665868,27.0,2.0,2.0,1.0,1.0,2.0
332.8103998665868,27.0,2.0,2.0,1.0,1.0,2.0
332.811221784395,27.0,2.0,2.0,1.0,1.0,2.0
333.111221784395,27.0,2.0,2.0,1.0,1.0,2.0
333.1120437022032,27.0,2.0,2.0,1.0,1.0,2.0
333.4120437022032,27.0,2.0,2.0,1.0,1.0,2.0
333.4128656200114,27.0,2.0,2.0,1.0,1.0,2.0
333.7128656200114,27.0,2.0,2.0,1.0,1.0,2.0
333.7136875378196,27.0,2.0,2.0,1.0,1.0,2.0
334.01368753781964,27.0,2.0,2.0,1.0,1.0,2.0
334.01450945562783,27.0,2.0,2.0,1.0,1.0,2.0
334.31450945562784,27.0,2.0,2.0,1.0,1.0,2.0
334.31533137343604,27.0,2.0,2.0,1.0,1.0,2.0
334.61533137343605,27.0,2.0,2.0,1.0,1.0,2.0
334.61615329124425,28.0,2.0,2.0,1.0,1.0,2.0
334.91615329124426,28.0,2.0,2.0,1.0,1.0,2.0
334.9169866245776,28.0,2.0,2.0,1.0,1.0,2.0
335.2169866245776,28.0,2.0,2.0,1.0,1.0,2.0
335.21781995791093,28.0,2.0,2.0,1.0,1.0,2.0
335.51781995791094,28.0,2.0,2.0,1.0,1.0,2.0
335.5186532912443,28.0,2.0,2.0,1.0,1.0,2.0
335.8186532912443,28.0,2.0,2.0,1.0,1.0,2.0
335.8194866245776,28.0,2.0,2.0,1.0,1.0,2.0
336.11948662457763,28.0,2.0,2.0,1.0,1.0,2.0
336.12031995791097,28.0,2.0,2.0,1.0,1.0,2.0
336.420319957911,28.0,2.0,2.0,1.0,1.0,2.0
336.4211532912443,28.0,2.0,2.0,1.0,1.0,2.0
336.7211532912443,28.0,2.0,2.0,1.0,1.0,2.0
336.72198662457765,27.0,2.0,2.0,1.0,1.0,2.0
337.02198662457766,27.0,2.0,2.0,1.0,1.0,2.0
337.02280854238586,27.0,2.0,2.0,1.0,1.0,2.0
337.32280854238587,27.0,2.0,2.0,1.0,1.0,2.0
337.32363046019407,27.0,2.0,2.0,1.0,1.0,2.0
337.6236304601941,27.0,2.0,2.0,1.0,1.0,2.0
337.6244523780023,27.0,2.0,2.0,1.0,1.0,2.0
337.9244523780023,27.0,2.0,2.0,1.0,1.0,2.0
337.9252742958105,27.0,2.0,2.0,1.0,1.0,2.0
338.2252742958105,27.0,2.0,2.0,1.0,1.0,2.0
338.2260962136187,27.0,2.0,2.0,1.0,1.0,2.0
338.5260962136187,27.0,2.0,2.0,1.0,1.0,2.0
338.5269181314269,27.0,2.0,2.0,1.0,1.0,2.0
338.8269181314269,27.0,2.0,2.0,1.0,1.0,2.0
338.8277400492351,27.0,2.0,2.0,1.0,1.0,2.0
339.1277400492351,27.0,2.0,2.0,1.0,1.0,2.0
339.1285619670433,27.0,2.0,2.0,1.0,1.0,2.0
339.4285619670433,27.0,2.0,2.0,1.0,1.0,2.0
339.4293838848515,27.0,2.0,2.0,1.0,1.0,2.0
339.72938388485153,27.0,2.0,2.0,1.0,1.0,2.0
339.7302058026597,27.0,2.0,2.0,1.0,1.0,2.0
340.03020580265974,27.0,2.0,2.0,1.0,1.0,2.0
340.03102772046793,27.0,2.0,2.0,1.0,1.0,2.0
340.33102772046794,27.0,2.0,2.0,1.0,1.0,2.0
340.33184963827614,27.0,2.0,2.0,1.0,1.0,2.0
340.63184963827615,27.0,2.0,2.0,1.0,1.0,2.0
340.63267155608435,28.0,2.0,2.0,1.0,1.0,2.0
340.93267155608436,28.0,2.0,2.0,1.0,1.0,2.0
340.9335048894177,28.0,2.0,2.0,1.0,1.0,2.0
341.2335048894177,28.0,2.0,2.0,1.0,1.0,2.0
341.23433822275103,28.0,2.0,2.0,1.0,1.0,2.0
341.53433822275105,28.0,2.0,2.0,1.0,1.0,2.0
341.5351715560844,28.0,2.0,2.0,1.0,1.0,2.0
341.8351715560844,28.0,2.0,2.0,1.0,1.0,2.0
341.8360048894177,28.0,2.0,2.0,1.0,1.0,2.0
342.13600488941773,28.0,2.0,2.0,1.0,1.0,2.0
342.13683822275107,29.0,2.0,2.0,1.0,1.0,2.0
342.4368382227511,29.0,2.0,2.0,1.0,1.0,2.0
342.4376832931736,29.0,2.0,2.0,1.0,1.0,2.0
342.73768329317363,29.0,2.0,2.0,1.0,1.0,2.0
342.7385283635962,30.0,2.0,2.0,1.0,1.0,2.0
343.0385283635962,30.0,2.0,2.0,1.0,1.0,2.0
343.0393855064533,30.0,2.0,2.0,1.0,1.0,2.0
343.3393855064533,30.0,2.0,2.0,1.0,1.0,2.0
343.3402426493104,30.0,2.0,2.0,1.0,1.0,2.0
343.64024264931044,30.0,2.0,2.0,1.0,1.0,2.0
343.64109979216755,30.0,2.0,2.0,1.0,1.0,2.0
343.94109979216756,30.0,2.0,2.0,1.0,1.0,2.0
343.9419569350247,30.0,2.0,2.0,1.0,1.0,2.0
344.2419569350247,30.0,2.0,2.0,1.0,1.0,2.0
344.2428140778818,30.0,2.0,2.0,1.0,1.0,2.0
344.5428140778818,30.0,2.0,2.0,1.0,1.0,2.0
344.54367122073893,30.0,2.0,2.0,1.0,1.0,2.0
344.84367122073894,30.0,2.0,2.0,1.0,1.0,2.0
344.84452836359605,30.0,2.0,2.0,1.0,1.0,2.0
345.14452836359607,30.0,2.0,2.0,1.0,1.0,2.0
345.1453855064532,30.0,2.0,2.0,1.0,1.0,2.0
345.4453855064532,30.0,2.0,2.0,1.0,1.0,2.0
345.4462426493103,30.0,2.0,2.0,1.0,1.0,2.0
345.7462426493103,30.0,2.0,2.0,1.0,1.0,2.0
345.74709979216743,30.0,2.0,2.0,1.0,1.0,2.0
346.04709979216744,30.0,2.0,2.0,1.0,1.0,2.0
346.04795693502456,29.0,2.0,2.0,1.0,1.0,2.0
346.34795693502457,29.0,2.0,2.0,1.0,1.0,2.0
346.3488020054471,29.0,2.0,2.0,1.0,1.0,2.0
346.6488020054471,29.0,2.0,2.0,1.0,1.0,2.0
346.64964707586967,29.0,2.0,2.0,1.0,1.0,2.0
346.9496470758697,29.0,2.0,2.0,1.0,1.0,2.0
346.9504921462922,30.0,2.0,2.0,1.0,1.0,2.0
347.25049214629223,30.0,2.0,2.0,1.0,1.0,2.0
347.25134928914935,30.0,2.0,2.0,1.0,1.0,2.0
347.55134928914936,30.0,2.0,2.0,1.0,1.0,2.0
347.55220643200647,30.0,2.0,2.0,1.0,1.0,2.0
347.8522064320065,30.0,2.0,2.0,1.0,1.0,2.0
347.8530635748636,30.0,2.0,2.0,1.0,1.0,2.0
348.1530635748636,30.0,2.0,2.0,1.0,1.0,2.0
348.1539207177207,30.0,2.0,2.0,1.0,1.0,2.0
348.45392071772073,30.0,2.0,2.0,1.0,1.0,2.0
348.45477786057785,30.0,2.0,2.0,1.0,1.0,2.0
348.75477786057786,30.0,2.0,2.0,1.0,1.0,2.0
348.755635003435,30.0,2.0,2.0,1.0,1.0,2.0
349.055635003435,30.0,2.0,2.0,1.0,1.0,2.0
349.0564921462921,30.0,2.0,2.0,1.0,1.0,2.0
349.3564921462921,30.0,2.0,2.0,1.0,1.0,2.0
349.3573492891492,30.0,2.0,2.0,1.0,1.0,2.0
349.65734928914924,30.0,2.0,2.0,1.0,1.0,2.0
349.65820643200635,31.0,2.0,2.0,1.0,1.0,2.0
349.95820643200636,31.0,2.0,2.0,1.0,1.0,2.0
349.95907599722375,31.0,2.0,2.0,1.0,1.0,2.0
350.25907599722376,31.0,2.0,2.0,1.0,1.0,2.0
350.25994556244115,31.0,2.0,2.0,1.0,1.0,2.0
350.55994556244116,31.0,2.0,2.0,1.0,1.0,2.0
350.56081512765854,31.0,2.0,2.0,1.0,1.0,2.0
350.86081512765855,31.0,2.0,2.0,1.0,1.0,2.0
350.86168469287594,31.0,2.0,2.0,1.0,1.0,2.0
351.16168469287595,31.0,2.0,2.0,1.0,1.0,2.0
351.16255425809334,31.0,2.0,2.0,1.0,1.0,2.0
351.46255425809335,31.0,2.0,2.0,1.0,1.0,2.0
351.46342382331073,31.0,2.0,2.0,1.0,1.0,2.0
351.76342382331075,31.0,2.0,2.0,1.0,1.0,2.0
351.76429338852813,31.0,2.0,2.0,1.0,1.0,2.0
352.06429338852814,31.0,2.0,2.0,1.0,1.0,2.0
352.0651629537455,31.0,2.0,2.0,1.0,1.0,2.0
352.36516295374554,31.0,2.0,2.0,1.0,1.0,2.0
352.3660325189629,31.0,2.0,2.0,1.0,1.0,2.0
352.66603251896294,31.0,2.0,2.0,1.0,1.0,2.0
352.6669020841803,31.0,2.0,2.0,1.0,1.0,2.0
352.96690208418033,31.0,2.0,2.0,1.0,1.0,2.0
352.9677716493977,31.0,2.0,2.0,1.0,1.0,2.0
353.26777164939773,31.0,2.0,2.0,1.0,1.0,2.0
353.2686412146151,31.0,2.0,2.0,1.0,1.0,2.0
353.5686412146151,31.0,2.0,2.0,1.0,1.0,2.0
353.5695107798325,31.0,2.0,2.0,1.0,1.0,2.0
353.8695107798325,31.0,2.0,2.0,1.0,1.0,2.0
353.8703803450499,31.0,2.0,2.0,1.0,1.0,2.0
354.1703803450499,31.0,2.0,2.0,1.0,1.0,2.0
354.1712499102673,31.0,2.0,2.0,1.0,1.0,2.0
354.4712499102673,31.0,2.0,2.0,1.0,1.0,2.0
354.4721194754847,31.0,2.0,2.0,1.0,1.0,2.0
354.7721194754847,31.0,2.0,2.0,1.0,1.0,2.0
354.7729890407021,31.0,2.0,2.0,1.0,1.0,2.0
355.0729890407021,31.0,2.0,2.0,1.0,1.0,2.0
355.0738586059195,31.0,2.0,2.0,1.0,1.0,2.0
355.3738586059195,31.0,2.0,2.0,1.0,1.0,2.0
355.3747281711369,31.0,2.0,2.0,1.0,1.0,2.0
355.6747281711369,31.0,2.0,2.0,1.0,1.0,2.0
355.6755977363543,32.0,2.0,2.0,1.0,1.0,2.0
355.9755977363543,32.0,2.0,2.0,1.0,1.0,2.0
355.9764800892955,33.0,2.0,2.0,1.0,1.0,2.0
356.2764800892955,33.0,2.0,2.0,1.0,1.0,2.0
356.27737561168357,33.0,2.0,2.0,1.0,1.0,2.0
356.5773756116836,33.0,2.0,2.0,1.0,1.0,2.0
356.57827113407166,33.0,2.0,2.0,1.0,1.0,2.0
356.87827113407167,33.0,2.0,2.0,1.0,1.0,2.0
356.87916665645974,33.0,2.0,2.0,1.0,1.0,2.0
357.17916665645976,33.0,2.0,2.0,1.0,1.0,2.0
357.18006217884783,33.0,2.0,2.0,1.0,1.0,2.0
357.48006217884785,33.0,2.0,2.0,1.0,1.0,2.0
357.4809577012359,33.0,2.0,2.0,1.0,1.0,2.0
357.78095770123593,33.0,2.0,2.0,1.0,1.0,2.0
357.781853223624,33.0,2.0,2.0,1.0,1.0,2.0
358.081853223624,33.0,2.0,2.0,1.0,1.0,2.0
358.0827487460121,33.0,2.0,2.0,1.0,1.0,2.0
358.3827487460121,33.0,2.0,2.0,1.0,1.0,2.0
358.3836442684002,33.0,2.0,2.0,1.0,1.0,2.0
358.6836442684002,33.0,2.0,2.0,1.0,1.0,2.0
358.6845397907883,33.0,2.0,2.0,1.0,1.0,2.0
358.9845397907883,33.0,2.0,2.0,1.0,1.0,2.0
358.98543531317637,33.0,2.0,2.0,1.0,1.0,2.0
359.2854353131764,33.0,2.0,2.0,1.0,1.0,2.0
359.28633083556446,33.0,2.0,2.0,1.0,1.0,2.0
359.58633083556447,33.0,2.0,2.0,1.0,1.0,2.0
359.58722635795255,33.0,2.0,2.0,1.0,1.0,2.0
359.88722635795256,33.0,2.0,2.0,1.0,1.0,2.0
359.88812188034063,33.0,2.0,2.0,1.0,1.0,2.0
360.18812188034065,33.0,2.0,2.0,1.0,1.0,2.0
360.1890174027287,33.0,2.0,2.0,1.0,1.0,2.0
360.48901740272873,33.0,2.0,2.0,1.0,1.0,2.0
360.4899129251168,33.0,2.0,2.0,1.0,1.0,2.0
360.7899129251168,33.0,2.0,2.0,1.0,1.0,2.0
360.7908084475049,33.0,2.0,2.0,1.0,1.0,2.0
361.0908084475049,33.0,2.0,2.0,1.0,1.0,2.0
361.091703969893,33.0,2.0,2.0,1.0,1.0,2.0
361.391703969893,33.0,2.0,2.0,1.0,1.0,2.0
361.3925994922811,33.0,2.0,2.0,1.0,1.0,2.0
361.6925994922811,33.0,2.0,2.0,1.0,1.0,2.0
361.69349501466917,33.0,2.0,2.0,1.0,1.0,2.0
361.9934950146692,33.0,2.0,2.0,1.0,1.0,2.0
361.99439053705726,33.0,2.0,2.0,1.0,1.0,2.0
362.29439053705727,33.0,2.0,2.0,1.0,1.0,2.0
362.29528605944535,33.0,2.0,2.0,1.0,1.0,2.0
362.59528605944536,33.0,2.0,2.0,1.0,1.0,2.0
362.59618158183343,33.0,2.0,2.0,1.0,1.0,2.0
362.89618158183345,33.0,2.0,2.0,1.0,1.0,2.0
362.8970771042215,33.0,2.0,2.0,1.0,1.0,2.0
363.19707710422153,33.0,2.0,2.0,1.0,1.0,2.0
363.1979726266096,33.0,2.0,2.0,1.0,1.0,2.0
363.4979726266096,33.0,2.0,2.0,1.0,1.0,2.0
363.4988681489977,33.0,2.0,2.0,1.0,1.0,2.0
363.7988681489977,33.0,2.0,2.0,1.0,1.0,2.0
363.7997636713858,33.0,2.0,2.0,1.0,1.0,2.0
364.0997636713858,33.0,2.0,2.0,1.0,1.0,2.0
364.1006591937739,33.0,2.0,2.0,1.0,1.0,2.0
364.4006591937739,33.0,2.0,2.0,1.0,1.0,2.0
364.40155471616197,33.0,2.0,2.0,1.0,1.0,2.0
364.701554716162,33.0,2.0,2.0,1.0,1.0,2.0
364.70245023855006,33.0,2.0,2.0,1.0,1.0,2.0
365.00245023855007,33.0,2.0,2.0,1.0,1.0,2.0
365.00334576093815,33.0,2.0,2.0,1.0,1.0,2.0
365.30334576093816,33.0,2.0,2.0,1.0,1.0,2.0
365.30424128332623,33.0,2.0,2.0,1.0,1.0,2.0
365.60424128332625,33.0,2.0,2.0,1.0,1.0,2.0
365.6051368057143,33.0,2.0,2.0,1.0,1.0,2.0
365.90513680571433,33.0,2.0,2.0,1.0,1.0,2.0
365.9060323281024,33.0,2.0,2.0,1.0,1.0,2.0
366.2060323281024,33.0,2.0,2.0,1.0,1.0,2.0
366.2069278504905,33.0,2.0,2.0,1.0,1.0,2.0
366.5069278504905,33.0,2.0,2.0,1.0,1.0,2.0
366.5078233728786,33.0,2.0,2.0,1.0,1.0,2.0
366.8078233728786,33.0,2.0,2.0,1.0,1.0,2.0
366.8087188952667,33.0,2.0,2.0,1.0,1.0,2.0
367.1087188952667,33.0,2.0,2.0,1.0,1.0,2.0
367.10961441765477,33.0,2.0,2.0,1.0,1.0,2.0
367.4096144176548,33.0,2.0,2.0,1.0,1.0,2.0
367.41050994004286,33.0,2.0,2.0,1.0,1.0,2.0
367.71050994004287,33.0,2.0,2.0,1.0,1.0,2.0
367.71140546243095,33.0,2.0,2.0,1.0,1.0,2.0
368.01140546243096,33.0,2.0,2.0,1.0,1.0,2.0
368.01230098481903,33.0,2.0,2.0,1.0,1.0,2.0
368.31230098481905,33.0,2.0,2.0,1.0,1.0,2.0
368.3131965072071,33.0,2.0,2.0,1.0,1.0,2.0
368.61319650720714,33.0,2.0,2.0,1.0,1.0,2.0
368.6140920295952,33.0,2.0,2.0,1.0,1.0,2.0
368.9140920295952,33.0,2.0,2.0,1.0,1.0,2.0
368.9149875519833,33.0,2.0,2.0,1.0,1.0,2.0
369.2149875519833,33.0,2.0,2.0,1.0,1.0,2.0
369.2158830743714,33.0,2.0,2.0,1.0,1.0,2.0
369.5158830743714,33.0,2.0,2.0,1.0,1.0,2.0
369.5167785967595,33.0,2.0,2.0,1.0,1.0,2.0
369.8167785967595,33.0,2.0,2.0,1.0,1.0,2.0
369.81767411914757,33.0,2.0,2.0,1.0,1.0,2.0
370.1176741191476,33.0,2.0,2.0,1.0,1.0,2.0
370.11856964153566,33.0,2.0,2.0,1.0,1.0,2.0
370.41856964153567,33.0,2.0,2.0,1.0,1.0,2.0
370.41946516392375,33.0,2.0,2.0,1.0,1.0,2.0
370.71946516392376,33.0,2.0,2.0,1.0,1.0,2.0
370.72036068631184,33.0,2.0,2.0,1.0,1.0,2.0
371.02036068631185,33.0,2.0,2.0,1.0,1.0,2.0
371.0212562086999,33.0,2.0,2.0,1.0,1.0,2.0
371.32125620869994,33.0,2.0,2.0,1.0,1.0,2.0
371.322151731088,33.0,2.0,2.0,1.0,1.0,2.0
371.622151731088,33.0,2.0,2.0,1.0,1.0,2.0
371.6230472534761,33.0,2.0,2.0,1.0,1.0,2.0
371.9230472534761,33.0,2.0,2.0,1.0,1.0,2.0
371.9239427758642,33.0,2.0,2.0,1.0,1.0,2.0
372.2239427758642,33.0,2.0,2.0,1.0,1.0,2.0
372.2248382982523,33.0,2.0,2.0,1.0,1.0,2.0
372.5248382982523,33.0,2.0,2.0,1.0,1.0,2.0
372.52573382064037,33.0,2.0,2.0,1.0,1.0,2.0
372.8257338206404,33.0,2.0,2.0,1.0,1.0,2.0
372.82662934302846,33.0,2.0,2.0,1.0,1.0,2.0
373.12662934302847,33.0,2.0,2.0,1.0,1.0,2.0
373.12752486541655,33.0,2.0,2.0,1.0,1.0,2.0
373.42752486541656,33.0,2.0,2.0,1.0,1.0,2.0
373.42842038780464,33.0,2.0,2.0,1.0,1.0,2.0
373.72842038780465,33.0,2.0,2.0,1.0,1.0,2.0
373.7293159101927,33.0,2.0,2.0,1.0,1.0,2.0
374.02931591019274,33.0,2.0,2.0,1.0,1.0,2.0
374.0302114325808,33.0,2.0,2.0,1.0,1.0,2.0
374.3302114325808,33.0,2.0,2.0,1.0,1.0,2.0
374.3311069549689,33.0,2.0,2.0,1.0,1.0,2.0
374.6311069549689,33.0,2.0,2.0,1.0,1.0,2.0
374.632002477357,33.0,2.0,2.0,1.0,1.0,2.0
374.932002477357,33.0,2.0,2.0,1.0,1.0,2.0
374.9328979997451,33.0,2.0,2.0,1.0,1.0,2.0
375.2328979997451,33.0,2.0,2.0,1.0,1.0,2.0
375.23379352213317,33.0,2.0,2.0,1.0,1.0,2.0
375.5337935221332,33.0,2.0,2.0,1.0,1.0,2.0
375.53468904452126,33.0,2.0,2.0,1.0,1.0,2.0
375.83468904452127,33.0,2.0,2.0,1.0,1.0,2.0
375.83558456690935,33.0,2.0,2.0,1.0,1.0,2.0
376.13558456690936,33.0,2.0,2.0,1.0,1.0,2.0
376.13648008929744,33.0,2.0,2.0,1.0,1.0,2.0
376.43648008929745,33.0,2.0,2.0,1.0,1.0,2.0
376.4373756116855,33.0,2.0,2.0,1.0,1.0,2.0
376.73737561168554,33.0,2.0,2.0,1.0,1.0,2.0
376.7382711340736,33.0,2.0,2.0,1.0,1.0,2.0
377.0382711340736,33.0,2.0,2.0,1.0,1.0,2.0
377.0391666564617,33.0,2.0,2.0,1.0,1.0,2.0
377.3391666564617,33.0,2.0,2.0,1.0,1.0,2.0
377.3400621788498,33.0,2.0,2.0,1.0,1.0,2.0
377.6400621788498,33.0,2.0,2.0,1.0,1.0,2.0
377.6409577012379,33.0,2.0,2.0,1.0,1.0,2.0
377.9409577012379,33.0,2.0,2.0,1.0,1.0,2.0
377.94185322362597,33.0,2.0,2.0,1.0,1.0,2.0
378.241853223626,33.0,2.0,2.0,1.0,1.0,2.0
378.24274874601406,33.0,2.0,2.0,1.0,1.0,2.0
378.54274874601407,33.0,2.0,2.0,1.0,1.0,2.0
378.54364426840215,33.0,2.0,2.0,1.0,1.0,2.0
378.84364426840216,33.0,2.0,2.0,1.0,1.0,2.0
378.84453979079024,33.0,2.0,2.0,1.0,1.0,2.0
379.14453979079025,33.0,2.0,2.0,1.0,1.0,2.0
379.1454353131783,33.0,2.0,2.0,1.0,1.0,2.0
379.44543531317834,33.0,2.0,2.0,1.0,1.0,2.0
379.4463308355664,33.0,2.0,2.0,1.0,1.0,2.0
379.7463308355664,33.0,2.0,2.0,1.0,1.0,2.0
379.7472263579545,33.0,2.0,2.0,1.0,1.0,2.0
380.0472263579545,33.0,2.0,2.0,1.0,1.0,2.0
380.0481218803426,33.0,2.0,2.0,1.0,1.0,2.0
380.3481218803426,33.0,2.0,2.0,1.0,1.0,2.0
380.3490174027307,33.0,2.0,2.0,1.0,1.0,2.0
380.6490174027307,33.0,2.0,2.0,1.0,1.0,2.0
380.64991292511877,33.0,2.0,2.0,1.0,1.0,2.0
380.9499129251188,33.0,2.0,2.0,1.0,1.0,2.0
380.95080844750686,33.0,2.0,2.0,1.0,1.0,2.0
381.25080844750687,33.0,2.0,2.0,1.0,1.0,2.0
381.25170396989495,33.0,2.0,2.0,1.0,1.0,2.0
381.55170396989496,33.0,2.0,2.0,1.0,1.0,2.0
381.55259949228304,33.0,2.0,2.0,1.0,1.0,2.0
381.85259949228305,33.0,2.0,2.0,1.0,1.0,2.0
381.8534950146711,33.0,2.0,2.0,1.0,1.0,2.0
382.15349501467114,33.0,2.0,2.0,1.0,1.0,2.0
382.1543905370592,33.0,2.0,2.0,1.0,1.0,2.0
382.4543905370592,33.0,2.0,2.0,1.0,1.0,2.0
382.4552860594473,33.0,2.0,2.0,1.0,1.0,2.0
382.7552860594473,33.0,2.0,2.0,1.0,1.0,2.0
382.7561815818354,33.0,2.0,2.0,1.0,1.0,2.0
383.0561815818354,33.0,2.0,2.0,1.0,1.0,2.0
383.0570771042235,33.0,2.0,2.0,1.0,1.0,2.0
383.3570771042235,33.0,2.0,2.0,1.0,1.0,2.0
383.35797262661157,33.0,2.0,2.0,1.0,1.0,2.0
383.6579726266116,33.0,2.0,2.0,1.0,1.0,2.0
383.65886814899966,33.0,2.0,2.0,1.0,1.0,2.0
383.95886814899967,33.0,2.0,2.0,1.0,1.0,2.0
383.95976367138775,33.0,2.0,2.0,1.0,1.0,2.0
384.25976367138776,33.0,2.0,2.0,1.0,1.0,2.0
384.26065919377584,33.0,2.0,2.0,1.0,0.0,2.0
384.56065919377585,33.0,2.0,2.0,1.0,0.0,2.0
384.5615547161639,33.0,2.0,2.0,1.0,0.0,2.0
384.86155471616394,33.0,2.0,2.0,1.0,0.0,2.0
384.862450238552,33.0,2.0,2.0,1.0,0.0,2.0
385.162450238552,33.0,2.0,2.0,1.0,0.0,2.0
385.1633457609401,33.0,2.0,2.0,1.0,0.0,2.0
385.4633457609401,33.0,2.0,2.0,1.0,0.0,2.0
385.4642412833282,33.0,2.0,2.0,1.0,0.0,2.0
385.7642412833282,33.0,2.0,2.0,1.0,0.0,2.0
385.7651368057163,33.0,2.0,2.0,1.0,0.0,2.0
386.0651368057163,33.0,2.0,2.0,1.0,0.0,2.0
386.06603232810437,33.0,2.0,2.0,1.0,0.0,2.0
386.3660323281044,33.0,2.0,2.0,1.0,0.0,2.0
386.36692785049246,34.0,2.0,2.0,1.0,0.0,2.0
386.66692785049247,34.0,2.0,2.0,1.0,0.0,2.0
386.66783694140156,34.0,2.0,2.0,1.0,0.0,2.0
386.9678369414016,34.0,2.0,2.0,1.0,0.0,2.0
386.96874603231066,34.0,2.0,2.0,1.0,0.0,2.0
387.2687460323107,34.0,2.0,2.0,1.0,0.0,2.0
387.26965512321976,34.0,2.0,2.0,1.0,0.0,2.0
387.5696551232198,34.0,2.0,2.0,1.0,0.0,2.0
387.57056421412886,34.0,2.0,2.0,1.0,0.0,2.0
387.8705642141289,34.0,2.0,2.0,1.0,0.0,2.0
387.87147330503797,34.0,2.0,2.0,1.0,0.0,2.0
388.171473305038,34.0,2.0,2.0,1.0,0.0,2.0
388.17238239594707,34.0,2.0,2.0,1.0,0.0,2.0
388.4723823959471,34.0,2.0,2.0,1.0,0.0,2.0
388.47329148685617,34.0,2.0,2.0,1.0,0.0,2.0
388.7732914868562,34.0,2.0,2.0,1.0,0.0,2.0
388.77420057776527,34.0,2.0,2.0,1.0,0.0,2.0
389.0742005777653,34.0,2.0,2.0,1.0,0.0,2.0
389.0751096686744,34.0,2.0,2.0,1.0,0.0,2.0
389.3751096686744,34.0,2.0,2.0,1.0,0.0,2.0
389.3760187595835,34.0,2.0,2.0,1.0,0.0,2.0
389.6760187595835,34.0,2.0,2.0,1.0,0.0,2.0
389.6769278504926,34.0,2.0,2.0,1.0,0.0,2.0
389.9769278504926,34.0,2.0,2.0,1.0,0.0,2.0
389.9778369414017,34.0,2.0,2.0,1.0,0.0,2.0
390.2778369414017,34.0,2.0,2.0,1.0,0.0,2.0
390.2787460323108,34.0,2.0,2.0,1.0,0.0,2.0
390.5787460323108,34.0,2.0,2.0,1.0,0.0,2.0
390.5796551232199,34.0,2.0,2.0,6.0,0.0,2.0
390.8796551232199,34.0,2.0,2.0,6.0,0.0,2.0
390.880564214129,34.0,2.0,2.0,6.0,0.0,2.0
391.180564214129,34.0,2.0,2.0,6.0,0.0,2.0
391.1814733050381,34.0,2.0,0.0,6.0,1.0,2.0
391.4814733050381,34.0,2.0,0.0,6.0,1.0,2.0
391.4823823959472,34.0,2.0,0.0,6.0,1.0,2.0
391.7823823959472,34.0,2.0,0.0,6.0,1.0,2.0
391.7832914868563,34.0,2.0,0.0,6.0,1.0,2.0
392.0832914868563,34.0,2.0,0.0,6.0,1.0,2.0
392.0842005777654,34.0,2.0,0.0,6.0,1.0,2.0
392.3842005777654,34.0,2.0,0.0,6.0,1.0,2.0
392.3851096686745,34.0,2.0,0.0,6.0,1.0,2.0
392.6851096686745,34.0,2.0,0.0,6.0,1.0,2.0
392.6860187595836,34.0,2.0,0.0,6.0,1.0,2.0
392.9860187595836,34.0,2.0,0.0,6.0,1.0,2.0
392.9869278504927,34.0,2.0,0.0,6.0,1.0,2.0
393.2869278504927,34.0,2.0,0.0,6.0,1.0,2.0
393.2878369414018,34.0,2.0,0.0,6.0,1.0,2.0
393.5878369414018,34.0,2.0,0.0,6.0,1.0,2.0
393.5887460323109,34.0,2.0,0.0,6.0,1.0,2.0
393.8887460323109,34.0,2.0,0.0,6.0,1.0,2.0
393.88965512322,34.0,2.0,0.0,6.0,1.0,2.0
394.18965512322,34.0,2.0,0.0,6.0,1.0,2.0
394.1905642141291,34.0,2.0,0.0,6.0,1.0,2.0
394.4905642141291,34.0,2.0,0.0,6.0,1.0,2.0
394.4914733050382,34.0,2.0,0.0,6.0,1.0,2.0
394.7914733050382,34.0,2.0,0.0,6.0,1.0,2.0
394.7923823959473,34.0,2.0,0.0,6.0,1.0,2.0
395.0923823959473,34.0,2.0,0.0,6.0,1.0,2.0
395.0932914868564,34.0,2.0,0.0,6.0,1.0,2.0
395.3932914868564,34.0,2.0,0.0,6.0,1.0,2.0
395.3942005777655,34.0,2.0,0.0,6.0,1.0,2.0
395.6942005777655,34.0,2.0,0.0,6.0,1.0,2.0
395.6951096686746,34.0,2.0,0.0,6.0,1.0,2.0
395.9951096686746,34.0,2.0,0.0,6.0,1.0,2.0
395.9960187595837,34.0,2.0,0.0,6.0,1.0,2.0
396.2960187595837,34.0,2.0,0.0,6.0,1.0,2.0
396.2969278504928,34.0,2.0,0.0,6.0,1.0,2.0
396.5969278504928,34.0,2.0,0.0,6.0,1.0,2.0
396.5978369414019,34.0,2.0,0.0,6.0,1.0,2.0
396.8978369414019,34.0,2.0,0.0,6.0,1.0,2.0
396.898746032311,34.0,2.0,0.0,6.0,1.0,2.0
397.198746032311,34.0,2.0,0.0,6.0,1.0,2.0
397.1996551232201,34.0,2.0,0.0,6.0,1.0,2.0
397.4996551232201,34.0,2.0,0.0,6.0,1.0,2.0
397.5005642141292,34.0,2.0,0.0,6.0,1.0,2.0
397.8005642141292,34.0,2.0,0.0,6.0,1.0,2.0
397.8014733050383,34.0,2.0,0.0,6.0,1.0,2.0
398.1014733050383,34.0,2.0,0.0,6.0,1.0,2.0
398.1023823959474,34.0,2.0,0.0,6.0,1.0,2.0
398.4023823959474,34.0,2.0,0.0,6.0,1.0,2.0
398.4032914868565,34.0,2.0,0.0,6.0,1.0,2.0
398.70329148685653,34.0,2.0,0.0,6.0,1.0,2.0
398.7042005777656,34.0,2.0,0.0,6.0,1.0,2.0
399.00420057776563,34.0,2.0,0.0,6.0,1.0,2.0
399.0051096686747,34.0,2.0,0.0,6.0,1.0,2.0
399.30510966867473,34.0,2.0,0.0,6.0,1.0,2.0
399.3060187595838,34.0,2.0,0.0,6.0,1.0,2.0
399.60601875958383,34.0,2.0,0.0,6.0,1.0,2.0
399.6069278504929,34.0,2.0,0.0,6.0,1.0,2.0
399.90692785049293,34.0,2.0,0.0,6.0,1.0,2.0
399.907836941402,34.0,2.0,0.0,6.0,1.0,2.0
400.20783694140204,34.0,2.0,0.0,6.0,1.0,2.0
400.2087460323111,34.0,2.0,0.0,6.0,1.0,2.0
400.50874603231114,34.0,2.0,0.0,6.0,1.0,2.0
400.5096551232202,34.0,2.0,0.0,6.0,1.0,2.0
400.80965512322024,34.0,2.0,0.0,6.0,1.0,2.0
400.81056421412933,34.0,2.0,0.0,6.0,1.0,2.0
401.11056421412934,34.0,2.0,0.0,6.0,1.0,2.0
401.11147330503843,34.0,2.0,0.0,6.0,1.0,2.0
401.41147330503844,34.0,2.0,0.0,6.0,1.0,2.0
401.41238239594753,34.0,2.0,0.0,6.0,1.0,2.0
401.71238239594754,34.0,2.0,0.0,6.0,1.0,2.0
401.71329148685663,34.0,2.0,0.0,6.0,1.0,2.0
402.01329148685664,34.0,2.0,0.0,6.0,1.0,2.0
402.01420057776573,34.0,2.0,0.0,6.0,1.0,2.0
402.31420057776575,34.0,2.0,0.0,6.0,1.0,2.0
402.31510966867484,34.0,2.0,0.0,6.0,1.0,2.0
402.61510966867485,34.0,2.0,0.0,6.0,1.0,2.0
402.61601875958394,34.0,2.0,0.0,6.0,1.0,2.0
402.91601875958395,34.0,2.0,0.0,6.0,1.0,2.0
402.91692785049304,34.0,2.0,0.0,6.0,1.0,2.0
403.21692785049305,34.0,2.0,0.0,6.0,1.0,2.0
403.21783694140214,34.0,2.0,0.0,4.0,1.0,3.0
403.51783694140215,34.0,2.0,0.0,4.0,1.0,3.0
403.51874603231124,34.0,2.0,0.0,4.0,1.0,3.0
403.81874603231125,34.0,2.0,0.0,4.0,1.0,3.0
403.81965512322034,35.0,2.0,0.0,4.0,1.0,3.0
404.11965512322035,35.0,2.0,0.0,4.0,1.0,3.0
404.1205782001434,35.0,2.0,0.0,4.0,1.0,3.0
404.42057820014344,35.0,2.0,0.0,4.0,1.0,3.0
404.4215012770665,35.0,2.0,0.0,4.0,1.0,3.0
404.7215012770665,35.0,2.0,0.0,4.0,1.0,3.0
404.7224243539896,35.0,2.0,0.0,4.0,1.0,3.0
405.0224243539896,35.0,2.0,0.0,4.0,1.0,3.0
405.0233474309127,35.0,2.0,0.0,4.0,1.0,3.0
405.3233474309127,35.0,2.0,0.0,4.0,1.0,3.0
405.32427050783576,35.0,2.0,0.0,4.0,1.0,3.0
405.6242705078358,35.0,2.0,0.0,4.0,1.0,3.0
405.62519358475885,35.0,2.0,0.0,4.0,1.0,3.0
405.92519358475886,35.0,2.0,0.0,4.0,1.0,3.0
405.92611666168193,35.0,2.0,0.0,4.0,1.0,3.0
406.22611666168194,35.0,2.0,0.0,4.0,1.0,3.0
406.227039738605,35.0,2.0,0.0,4.0,1.0,3.0
406.527039738605,35.0,2.0,0.0,4.0,1.0,3.0
406.5279628155281,35.0,2.0,0.0,4.0,1.0,3.0
406.8279628155281,35.0,2.0,0.0,4.0,1.0,3.0
406.8288858924512,35.0,2.0,0.0,4.0,1.0,3.0
407.1288858924512,35.0,2.0,0.0,4.0,1.0,3.0
407.12980896937427,36.0,2.0,0.0,4.0,1.0,3.0
407.4298089693743,36.0,2.0,0.0,4.0,1.0,3.0
407.4307464693743,36.0,2.0,0.0,4.0,1.0,3.0
407.7307464693743,36.0,2.0,0.0,4.0,1.0,3.0
407.73168396937433,36.0,2.0,0.0,4.0,1.0,3.0
408.03168396937434,36.0,2.0,0.0,4.0,1.0,3.0
408.03262146937436,36.0,2.0,0.0,4.0,1.0,3.0
408.3326214693744,36.0,2.0,0.0,4.0,1.0,3.0
408.3335589693744,36.0,2.0,0.0,4.0,1.0,3.0
408.6335589693744,36.0,2.0,0.0,4.0,1.0,3.0
408.6344964693744,36.0,2.0,0.0,4.0,1.0,3.0
408.93449646937444,36.0,2.0,0.0,4.0,1.0,3.0
408.93543396937446,36.0,2.0,0.0,4.0,1.0,3.0
409.23543396937447,36.0,2.0,0.0,4.0,1.0,3.0
409.2363714693745,36.0,2.0,0.0,4.0,1.0,3.0
409.5363714693745,36.0,2.0,0.0,4.0,1.0,3.0
409.5373089693745,36.0,2.0,0.0,4.0,1.0,3.0
409.83730896937453,36.0,2.0,0.0,4.0,1.0,3.0
409.83824646937455,36.0,2.0,0.0,4.0,1.0,3.0
410.13824646937456,36.0,2.0,0.0,4.0,1.0,3.0
410.1391839693746,36.0,2.0,0.0,4.0,1.0,3.0
410.4391839693746,36.0,2.0,0.0,4.0,1.0,3.0
410.4401214693746,36.0,2.0,0.0,4.0,1.0,3.0
410.7401214693746,36.0,2.0,0.0,4.0,1.0,3.0
410.74105896937465,36.0,2.0,0.0,4.0,1.0,3.0
411.04105896937466,36.0,2.0,0.0,4.0,1.0,3.0
411.0419964693747,36.0,2.0,0.0,4.0,1.0,3.0
411.3419964693747,36.0,2.0,0.0,4.0,1.0,3.0
411.3429339693747,36.0,2.0,0.0,4.0,1.0,3.0
411.6429339693747,36.0,2.0,0.0,4.0,1.0,3.0
411.64387146937474,36.0,2.0,0.0,4.0,1.0,3.0
411.94387146937476,36.0,2.0,0.0,4.0,1.0,3.0
411.9448089693748,36.0,2.0,0.0,4.0,1.0,3.0
412.2448089693748,36.0,2.0,0.0,4.0,1.0,3.0
412.2457464693748,36.0,2.0,0.0,4.0,1.0,3.0
412.5457464693748,36.0,2.0,0.0,4.0,1.0,3.0
412.54668396937484,36.0,2.0,0.0,4.0,1.0,3.0
412.84668396937485,36.0,2.0,0.0,4.0,1.0,3.0
412.8476214693749,36.0,2.0,0.0,4.0,1.0,3.0
413.1476214693749,36.0,2.0,0.0,4.0,1.0,3.0
413.1485589693749,36.0,2.0,0.0,4.0,1.0,3.0
413.4485589693749,36.0,2.0,0.0,4.0,1.0,3.0
413.44949646937494,36.0,2.0,0.0,4.0,1.0,3.0
413.74949646937495,36.0,2.0,0.0,4.0,1.0,3.0
413.75043396937497,37.0,2.0,0.0,4.0,1.0,3.0
414.050433969375,37.0,2.0,0.0,4.0,1.0,3.0
414.05138635032733,37.0,2.0,0.0,4.0,1.0,3.0
414.35138635032735,37.0,2.0,0.0,4.0,1.0,3.0
414.3523387312797,37.0,2.0,0.0,4.0,1.0,3.0
414.6523387312797,37.0,2.0,0.0,4.0,1.0,3.0
414.65329111223207,37.0,2.0,0.0,4.0,1.0,3.0
414.9532911122321,37.0,2.0,0.0,4.0,1.0,3.0
414.95424349318444,37.0,2.0,0.0,4.0,1.0,3.0
415.25424349318445,37.0,2.0,0.0,4.0,1.0,3.0
415.2551958741368,37.0,2.0,0.0,2.0,1.0,4.0
415.5551958741368,37.0,2.0,0.0,2.0,1.0,4.0
415.55614825508917,37.0,2.0,0.0,2.0,1.0,4.0
415.8561482550892,37.0,2.0,0.0,2.0,1.0,4.0
415.85710063604154,37.0,2.0,0.0,2.0,1.0,4.0
416.15710063604155,37.0,2.0,0.0,2.0,1.0,4.0
416.1580530169939,37.0,2.0,0.0,2.0,1.0,4.0
416.4580530169939,37.0,2.0,0.0,2.0,1.0,4.0
416.45900539794627,37.0,2.0,0.0,2.0,1.0,4.0
416.7590053979463,37.0,2.0,0.0,2.0,1.0,4.0
416.75995777889864,37.0,2.0,0.0,2.0,1.0,4.0
417.05995777889865,37.0,2.0,0.0,2.0,1.0,4.0
417.060910159851,37.0,2.0,0.0,2.0,1.0,4.0
417.360910159851,37.0,2.0,0.0,2.0,1.0,4.0
417.3618625408034,37.0,2.0,0.0,2.0,1.0,4.0
417.6618625408034,37.0,2.0,0.0,2.0,1.0,4.0
417.66281492175574,37.0,2.0,0.0,2.0,1.0,4.0
417.96281492175575,37.0,2.0,0.0,2.0,1.0,4.0
417.9637673027081,37.0,2.0,0.0,2.0,1.0,4.0
418.2637673027081,37.0,2.0,0.0,2.0,1.0,4.0
418.2647196836605,37.0,2.0,0.0,2.0,1.0,4.0
418.5647196836605,37.0,2.0,0.0,2.0,1.0,4.0
418.56567206461284,37.0,2.0,0.0,2.0,1.0,4.0
418.86567206461285,37.0,2.0,0.0,2.0,1.0,4.0
418.8666244455652,37.0,2.0,0.0,2.0,1.0,4.0
419.1666244455652,37.0,2.0,0.0,2.0,1.0,4.0
419.1675768265176,37.0,2.0,0.0,2.0,1.0,4.0
419.4675768265176,37.0,2.0,0.0,2.0,1.0,4.0
419.46852920746994,37.0,2.0,0.0,2.0,1.0,4.0
419.76852920746995,37.0,2.0,0.0,2.0,1.0,4.0
419.7694815884223,37.0,2.0,0.0,2.0,1.0,4.0
420.0694815884223,37.0,2.0,0.0,2.0,1.0,4.0
420.0704339693747,37.0,2.0,0.0,2.0,1.0,4.0
420.3704339693747,37.0,2.0,0.0,2.0,1.0,4.0
420.37138635032704,37.0,2.0,0.0,2.0,1.0,4.0
420.67138635032705,37.0,2.0,0.0,2.0,1.0,4.0
420.6723387312794,37.0,2.0,0.0,2.0,1.0,4.0
420.9723387312794,37.0,2.0,0.0,2.0,1.0,4.0
420.9732911122318,37.0,2.0,0.0,2.0,1.0,4.0
421.2732911122318,37.0,2.0,0.0,2.0,1.0,4.0
421.27424349318414,37.0,2.0,0.0,2.0,1.0,4.0
421.57424349318416,37.0,2.0,0.0,2.0,1.0,4.0
421.5751958741365,37.0,2.0,0.0,2.0,1.0,4.0
421.8751958741365,37.0,2.0,0.0,2.0,1.0,4.0
421.8761482550889,37.0,2.0,0.0,2.0,1.0,4.0
422.1761482550889,37.0,2.0,0.0,2.0,1.0,4.0
422.17710063604125,37.0,2.0,0.0,2.0,1.0,4.0
422.47710063604126,37.0,2.0,0.0,2.0,1.0,4.0
422.4780530169936,37.0,2.0,0.0,2.0,1.0,4.0
422.7780530169936,37.0,2.0,0.0,2.0,1.0,4.0
422.779005397946,37.0,2.0,0.0,2.0,1.0,4.0
423.079005397946,37.0,2.0,0.0,2.0,1.0,4.0
423.07995777889835,37.0,2.0,0.0,2.0,1.0,4.0
423.37995777889836,37.0,2.0,0.0,2.0,1.0,4.0
423.3809101598507,37.0,2.0,0.0,2.0,1.0,4.0
423.6809101598507,37.0,2.0,0.0,2.0,1.0,4.0
423.6818625408031,37.0,2.0,0.0,2.0,1.0,4.0
423.9818625408031,37.0,2.0,0.0,2.0,1.0,4.0
423.98281492175545,37.0,2.0,0.0,2.0,1.0,4.0
424.28281492175546,37.0,2.0,0.0,2.0,1.0,4.0
424.2837673027078,37.0,2.0,0.0,2.0,1.0,4.0
424.5837673027078,37.0,2.0,0.0,2.0,1.0,4.0
424.5847196836602,37.0,2.0,0.0,2.0,1.0,4.0
424.8847196836602,37.0,2.0,0.0,2.0,1.0,4.0
424.88567206461255,37.0,2.0,0.0,2.0,1.0,4.0
425.18567206461256,37.0,2.0,0.0,2.0,1.0,4.0
425.1866244455649,37.0,2.0,0.0,2.0,1.0,4.0
425.4866244455649,37.0,2.0,0.0,2.0,1.0,4.0
425.4875768265173,37.0,2.0,0.0,2.0,1.0,4.0
425.7875768265173,37.0,2.0,0.0,2.0,1.0,4.0
425.78852920746965,37.0,2.0,0.0,2.0,1.0,4.0
426.08852920746966,37.0,2.0,0.0,2.0,1.0,4.0
426.089481588422,37.0,2.0,0.0,2.0,1.0,4.0
426.38948158842203,37.0,2.0,0.0,2.0,1.0,4.0
426.3904339693744,37.0,2.0,0.0,2.0,1.0,4.0
426.6904339693744,37.0,2.0,0.0,2.0,1.0,4.0
426.69138635032675,37.0,2.0,0.0,2.0,1.0,4.0
426.99138635032676,37.0,2.0,0.0,2.0,1.0,4.0
426.9923387312791,37.0,2.0,0.0,2.0,1.0,4.0
427.29233873127913,37.0,2.0,0.0,2.0,1.0,4.0
427.2932911122315,37.0,2.0,0.0,2.0,1.0,4.0
427.5932911122315,37.0,2.0,0.0,2.0,1.0,4.0
427.59424349318385,37.0,2.0,0.0,2.0,1.0,4.0
427.89424349318386,37.0,2.0,0.0,2.0,1.0,4.0
427.8951958741362,37.0,2.0,0.0,2.0,1.0,4.0
428.19519587413623,37.0,2.0,0.0,2.0,1.0,4.0
428.1961482550886,37.0,2.0,0.0,2.0,1.0,4.0
428.4961482550886,37.0,2.0,0.0,2.0,1.0,4.0
428.49710063604095,37.0,2.0,0.0,2.0,1.0,4.0
428.79710063604097,37.0,2.0,0.0,2.0,1.0,4.0
428.7980530169933,37.0,2.0,0.0,2.0,1.0,4.0
429.09805301699333,37.0,2.0,0.0,2.0,1.0,4.0
429.0990053979457,37.0,2.0,0.0,2.0,1.0,4.0
429.3990053979457,37.0,2.0,0.0,2.0,1.0,4.0
429.39995777889806,37.0,2.0,0.0,2.0,1.0,4.0
429.69995777889807,37.0,2.0,0.0,2.0,1.0,4.0
429.7009101598504,37.0,2.0,0.0,2.0,1.0,4.0
430.00091015985043,37.0,2.0,0.0,2.0,1.0,4.0
430.0018625408028,37.0,2.0,0.0,2.0,1.0,4.0
430.3018625408028,37.0,2.0,0.0,2.0,1.0,4.0
430.30281492175516,37.0,2.0,0.0,2.0,1.0,4.0
430.60281492175517,37.0,2.0,0.0,2.0,1.0,4.0
430.6037673027075,37.0,2.0,0.0,2.0,1.0,4.0
430.90376730270754,37.0,2.0,0.0,2.0,1.0,4.0
430.9047196836599,37.0,2.0,0.0,2.0,1.0,4.0
431.2047196836599,37.0,2.0,0.0,2.0,1.0,4.0
431.20567206461226,37.0,2.0,0.0,2.0,1.0,4.0
431.50567206461227,37.0,2.0,0.0,2.0,1.0,4.0
431.5066244455646,37.0,2.0,0.0,2.0,1.0,4.0
431.80662444556464,37.0,2.0,0.0,2.0,1.0,4.0
431.807576826517,37.0,2.0,0.0,2.0,0.0,4.0
432.107576826517,37.0,2.0,0.0,2.0,0.0,4.0
432.10852920746936,37.0,2.0,0.0,2.0,0.0,4.0
432.40852920746937,37.0,2.0,0.0,2.0,0.0,4.0
432.4094815884217,37.0,2.0,0.0,2.0,0.0,4.0
432.70948158842174,37.0,2.0,0.0,2.0,0.0,4.0
432.7104339693741,37.0,2.0,0.0,2.0,0.0,4.0
433.0104339693741,37.0,2.0,0.0,2.0,0.0,4.0
433.01138635032646,37.0,2.0,0.0,2.0,0.0,4.0
433.3113863503265,37.0,2.0,0.0,2.0,0.0,4.0
433.3123387312788,37.0,2.0,0.0,2.0,0.0,4.0
433.61233873127884,37.0,2.0,0.0,2.0,0.0,4.0
433.6132911122312,37.0,2.0,0.0,2.0,0.0,4.0
433.9132911122312,37.0,2.0,0.0,2.0,0.0,4.0
433.91424349318356,37.0,2.0,0.0,2.0,0.0,4.0
434.2142434931836,37.0,2.0,0.0,2.0,0.0,4.0
434.21519587413593,37.0,2.0,0.0,2.0,0.0,4.0
434.51519587413594,37.0,2.0,0.0,2.0,0.0,4.0
434.5161482550883,37.0,2.0,0.0,2.0,0.0,4.0
434.8161482550883,37.0,2.0,0.0,2.0,0.0,4.0
434.81710063604066,37.0,2.0,0.0,2.0,0.0,4.0
435.1171006360407,37.0,2.0,0.0,2.0,0.0,4.0
435.11805301699303,37.0,2.0,0.0,2.0,0.0,4.0
435.41805301699304,37.0,2.0,0.0,2.0,0.0,4.0
435.4190053979454,37.0,2.0,0.0,2.0,0.0,4.0
435.7190053979454,37.0,2.0,0.0,2.0,0.0,4.0
435.71995777889776,37.0,2.0,0.0,2.0,0.0,4.0
436.0199577788978,37.0,2.0,0.0,2.0,0.0,4.0
436.02091015985013,37.0,2.0,0.0,2.0,0.0,4.0
436.32091015985014,37.0,2.0,0.0,2.0,0.0,4.0
436.3218625408025,37.0,2.0,0.0,2.0,0.0,4.0
436.6218625408025,37.0,2.0,0.0,2.0,0.0,4.0
436.62281492175487,37.0,2.0,0.0,2.0,0.0,4.0
436.9228149217549,37.0,2.0,0.0,2.0,0.0,4.0
436.92376730270723,37.0,2.0,0.0,2.0,0.0,4.0
437.22376730270724,37.0,2.0,0.0,2.0,0.0,4.0
437.2247196836596,37.0,2.0,0.0,2.0,0.0,4.0
437.5247196836596,37.0,2.0,0.0,2.0,0.0,4.0
437.52567206461197,37.0,2.0,0.0,2.0,0.0,4.0
437.825672064612,37.0,2.0,0.0,2.0,0.0,4.0
437.82662444556433,37.0,2.0,0.0,2.0,0.0,4.0
438.12662444556435,37.0,2.0,0.0,2.0,0.0,4.0
438.1275768265167,37.0,2.0,0.0,2.0,0.0,4.0
438.4275768265167,37.0,2.0,0.0,2.0,0.0,4.0
438.42852920746907,37.0,2.0,0.0,2.0,0.0,4.0
438.7285292074691,37.0,2.0,0.0,2.0,0.0,4.0
438.72948158842144,38.0,2.0,0.0,2.0,0.0,4.0
439.02948158842145,38.0,2.0,0.0,2.0,0.0,4.0
439.03044933035693,38.0,2.0,0.0,2.0,0.0,4.0
439.33044933035694,38.0,2.0,0.0,2.0,0.0,4.0
439.3314170722924,38.0,2.0,0.0,2.0,0.0,4.0
439.63141707229244,38.0,2.0,0.0,2.0,0.0,4.0
439.6323848142279,38.0,2.0,0.0,2.0,0.0,4.0
439.93238481422793,38.0,2.0,0.0,2.0,0.0,4.0
439.9333525561634,39.0,2.0,0.0,2.0,0.0,4.0
440.2333525561634,39.0,2.0,0.0,2.0,0.0,4.0
440.2343361627208,39.0,2.0,0.0,2.0,0.0,4.0
440.5343361627208,39.0,2.0,0.0,2.0,0.0,4.0
440.5353197692782,39.0,2.0,0.0,2.0,0.0,4.0
440.8353197692782,39.0,2.0,0.0,2.0,0.0,4.0
440.8363033758356,39.0,2.0,0.0,2.0,0.0,4.0
441.1363033758356,39.0,2.0,0.0,2.0,0.0,4.0
441.137286982393,39.0,2.0,0.0,2.0,0.0,4.0
441.437286982393,39.0,2.0,0.0,2.0,0.0,4.0
441.4382705889504,39.0,2.0,0.0,2.0,0.0,4.0
441.7382705889504,39.0,2.0,0.0,2.0,0.0,4.0
441.7392541955078,39.0,2.0,0.0,2.0,0.0,4.0
442.0392541955078,39.0,2.0,0.0,2.0,0.0,4.0
442.0402378020652,39.0,2.0,0.0,2.0,0.0,4.0
442.3402378020652,39.0,2.0,0.0,2.0,0.0,4.0
442.3412214086226,39.0,2.0,0.0,2.0,0.0,4.0
442.6412214086226,39.0,2.0,0.0,2.0,0.0,4.0
442.64220501517997,39.0,2.0,0.0,2.0,0.0,4.0
442.94220501518,39.0,2.0,0.0,2.0,0.0,4.0
442.94318862173736,39.0,2.0,0.0,2.0,0.0,4.0
443.2431886217374,39.0,2.0,0.0,2.0,0.0,4.0
443.24417222829476,39.0,2.0,0.0,2.0,0.0,4.0
443.54417222829477,39.0,2.0,0.0,2.0,0.0,4.0
443.54515583485215,39.0,2.0,0.0,2.0,0.0,4.0
443.84515583485216,39.0,2.0,0.0,2.0,0.0,4.0
443.84613944140955,39.0,2.0,0.0,2.0,0.0,4.0
444.14613944140956,39.0,2.0,0.0,2.0,0.0,4.0
444.14712304796694,39.0,2.0,0.0,2.0,0.0,4.0
444.44712304796695,39.0,2.0,0.0,2.0,0.0,4.0
444.44810665452434,39.0,2.0,0.0,2.0,0.0,4.0
444.74810665452435,39.0,2.0,0.0,2.0,0.0,4.0
444.74909026108173,39.0,2.0,0.0,2.0,0.0,4.0
445.04909026108174,39.0,2.0,0.0,2.0,0.0,4.0
445.0500738676391,39.0,2.0,0.0,2.0,0.0,4.0
445.35007386763914,39.0,2.0,0.0,2.0,0.0,4.0
445.3510574741965,39.0,2.0,0.0,2.0,0.0,4.0
445.65105747419653,39.0,2.0,0.0,2.0,0.0,4.0
445.6520410807539,39.0,2.0,0.0,2.0,0.0,4.0
445.95204108075393,39.0,2.0,0.0,2.0,0.0,4.0
445.9530246873113,39.0,2.0,0.0,2.0,0.0,4.0
446.2530246873113,39.0,2.0,0.0,2.0,0.0,4.0
446.2540082938687,39.0,2.0,0.0,2.0,0.0,4.0
446.5540082938687,39.0,2.0,0.0,2.0,0.0,4.0
446.5549919004261,39.0,2.0,0.0,2.0,0.0,4.0
446.8549919004261,39.0,2.0,0.0,2.0,0.0,4.0
446.8559755069835,39.0,2.0,0.0,2.0,0.0,4.0
447.1559755069835,39.0,2.0,0.0,2.0,0.0,4.0
447.1569591135409,39.0,2.0,0.0,2.0,0.0,4.0
447.4569591135409,39.0,2.0,0.0,2.0,0.0,4.0
447.4579427200983,39.0,2.0,0.0,2.0,0.0,4.0
447.7579427200983,39.0,2.0,0.0,2.0,0.0,4.0
447.7589263266557,39.0,2.0,0.0,2.0,0.0,4.0
448.0589263266557,39.0,2.0,0.0,2.0,0.0,4.0
448.0599099332131,39.0,2.0,0.0,2.0,0.0,4.0
448.3599099332131,39.0,2.0,0.0,2.0,0.0,4.0
448.3608935397705,39.0,2.0,0.0,2.0,0.0,4.0
448.6608935397705,39.0,2.0,0.0,2.0,0.0,4.0
448.66187714632787,39.0,2.0,0.0,2.0,0.0,4.0
448.9618771463279,39.0,2.0,0.0,2.0,0.0,4.0
448.96286075288526,39.0,2.0,0.0,2.0,0.0,4.0
449.2628607528853,39.0,2.0,0.0,2.0,0.0,4.0
449.26384435944266,39.0,2.0,0.0,2.0,0.0,4.0
449.56384435944267,39.0,2.0,0.0,2.0,0.0,4.0
449.56482796600005,39.0,2.0,0.0,2.0,0.0,4.0
449.86482796600006,39.0,2.0,0.0,2.0,0.0,4.0
449.86581157255745,39.0,2.0,0.0,2.0,0.0,4.0
450.16581157255746,39.0,2.0,0.0,2.0,0.0,4.0
450.16679517911484,39.0,2.0,0.0,2.0,0.0,4.0
450.46679517911485,39.0,2.0,0.0,2.0,0.0,4.0
450.46777878567224,39.0,2.0,0.0,2.0,0.0,4.0
450.76777878567225,39.0,2.0,0.0,2.0,0.0,4.0
450.76876239222963,39.0,2.0,0.0,2.0,0.0,4.0
451.06876239222964,39.0,2.0,0.0,2.0,0.0,4.0
451.069745998787,39.0,2.0,0.0,2.0,0.0,4.0
451.36974599878704,39.0,2.0,0.0,2.0,0.0,4.0
451.3707296053444,39.0,2.0,0.0,2.0,0.0,4.0
451.67072960534443,39.0,2.0,0.0,2.0,0.0,4.0
451.6717132119018,39.0,2.0,0.0,2.0,0.0,4.0
451.97171321190183,39.0,2.0,0.0,2.0,0.0,4.0
451.9726968184592,39.0,2.0,0.0,2.0,0.0,4.0
452.2726968184592,39.0,2.0,0.0,2.0,0.0,4.0
452.2736804250166,39.0,2.0,0.0,2.0,0.0,4.0
452.5736804250166,39.0,2.0,0.0,2.0,0.0,4.0
452.574664031574,39.0,2.0,0.0,2.0,0.0,4.0
452.874664031574,39.0,2.0,0.0,2.0,0.0,4.0
452.8756476381314,39.0,2.0,0.0,2.0,0.0,4.0
453.1756476381314,39.0,2.0,0.0,2.0,0.0,4.0
453.1766312446888,39.0,2.0,0.0,2.0,0.0,4.0
453.4766312446888,39.0,2.0,0.0,2.0,0.0,4.0
453.4776148512462,39.0,2.0,0.0,2.0,0.0,4.0
453.7776148512462,39.0,2.0,0.0,2.0,0.0,4.0
453.7785984578036,39.0,2.0,0.0,2.0,0.0,4.0
454.0785984578036,39.0,2.0,0.0,2.0,0.0,4.0
454.079582064361,39.0,2.0,0.0,2.0,0.0,4.0
454.379582064361,39.0,2.0,0.0,2.0,0.0,4.0
454.3805656709184,39.0,2.0,0.0,2.0,0.0,4.0
454.6805656709184,39.0,2.0,0.0,2.0,0.0,4.0
454.68154927747577,39.0,2.0,0.0,2.0,0.0,4.0
454.9815492774758,39.0,2.0,0.0,2.0,0.0,4.0
454.98253288403316,39.0,2.0,0.0,2.0,0.0,4.0
455.2825328840332,39.0,2.0,0.0,2.0,0.0,4.0
455.28351649059056,39.0,2.0,0.0,2.0,0.0,4.0
455.58351649059057,39.0,2.0,0.0,2.0,0.0,4.0
455.58450009714795,39.0,2.0,0.0,2.0,0.0,4.0
455.88450009714796,39.0,2.0,0.0,2.0,0.0,4.0
455.88548370370535,39.0,2.0,0.0,2.0,0.0,4.0
456.18548370370536,39.0,2.0,0.0,2.0,0.0,4.0
456.18646731026274,39.0,2.0,0.0,2.0,0.0,4.0
456.48646731026275,39.0,2.0,0.0,2.0,0.0,4.0
456.48745091682014,39.0,2.0,0.0,2.0,0.0,4.0
456.78745091682015,39.0,2.0,0.0,2.0,0.0,4.0
456.78843452337753,39.0,2.0,0.0,2.0,0.0,4.0
457.08843452337754,39.0,2.0,0.0,2.0,0.0,4.0
457.0894181299349,39.0,2.0,0.0,2.0,0.0,4.0
457.38941812993494,39.0,2.0,0.0,2.0,0.0,4.0
457.3904017364923,39.0,2.0,0.0,2.0,0.0,4.0
457.69040173649233,39.0,2.0,0.0,2.0,0.0,4.0
457.6913853430497,39.0,2.0,0.0,2.0,0.0,4.0
457.9913853430497,39.0,2.0,0.0,2.0,0.0,4.0
457.9923689496071,39.0,2.0,0.0,2.0,0.0,4.0
458.2923689496071,39.0,2.0,0.0,2.0,0.0,4.0
458.2933525561645,39.0,2.0,0.0,2.0,0.0,4.0
458.5933525561645,39.0,2.0,0.0,2.0,0.0,4.0
458.5943361627219,39.0,2.0,0.0,2.0,0.0,4.0
458.8943361627219,39.0,2.0,0.0,2.0,0.0,4.0
458.8953197692793,39.0,2.0,0.0,2.0,0.0,4.0
459.1953197692793,39.0,2.0,0.0,2.0,0.0,4.0
459.1963033758367,39.0,2.0,0.0,2.0,0.0,4.0
459.4963033758367,39.0,2.0,0.0,2.0,0.0,4.0
459.4972869823941,39.0,2.0,0.0,2.0,0.0,4.0
459.7972869823941,39.0,2.0,0.0,2.0,0.0,4.0
459.7982705889515,39.0,2.0,0.0,2.0,0.0,4.0
460.0982705889515,39.0,2.0,0.0,2.0,0.0,4.0
460.0992541955089,39.0,2.0,0.0,2.0,0.0,4.0
460.3992541955089,39.0,2.0,0.0,2.0,0.0,4.0
460.4002378020663,39.0,2.0,0.0,2.0,0.0,4.0
460.7002378020663,39.0,2.0,0.0,2.0,0.0,4.0
460.70122140862367,39.0,2.0,0.0,2.0,0.0,4.0
461.0012214086237,39.0,2.0,0.0,2.0,0.0,4.0
461.00220501518106,39.0,2.0,0.0,2.0,0.0,4.0
461.3022050151811,39.0,2.0,0.0,2.0,0.0,4.0
461.30318862173846,39.0,2.0,0.0,2.0,0.0,4.0
461.60318862173847,39.0,2.0,0.0,2.0,0.0,4.0
461.60417222829585,39.0,2.0,0.0,2.0,0.0,4.0
461.90417222829586,39.0,2.0,0.0,2.0,0.0,4.0
461.90515583485325,39.0,2.0,0.0,2.0,0.0,4.0
462.20515583485326,39.0,2.0,0.0,2.0,0.0,4.0
462.20613944141064,39.0,2.0,0.0,2.0,0.0,4.0
462.50613944141065,39.0,2.0,0.0,2.0,0.0,4.0
462.50712304796804,39.0,2.0,0.0,2.0,0.0,4.0
462.80712304796805,39.0,2.0,0.0,2.0,0.0,4.0
462.80810665452543,39.0,2.0,0.0,2.0,0.0,4.0
463.10810665452544,39.0,2.0,0.0,2.0,0.0,4.0
463.1090902610828,39.0,2.0,0.0,2.0,0.0,4.0
463.40909026108284,39.0,2.0,0.0,2.0,0.0,4.0
463.4100738676402,39.0,2.0,0.0,2.0,0.0,4.0
463.71007386764023,39.0,2.0,0.0,2.0,0.0,4.0
463.7110574741976,39.0,2.0,0.0,2.0,0.0,4.0
464.0110574741976,39.0,2.0,0.0,2.0,0.0,4.0
464.012041080755,39.0,2.0,0.0,2.0,0.0,4.0
464.312041080755,39.0,2.0,0.0,2.0,0.0,4.0
464.3130246873124,39.0,2.0,0.0,2.0,0.0,4.0
464.6130246873124,39.0,2.0,0.0,2.0,0.0,4.0
464.6140082938698,39.0,2.0,0.0,2.0,0.0,4.0
464.9140082938698,39.0,2.0,0.0,2.0,0.0,4.0
464.9149919004272,39.0,2.0,0.0,2.0,0.0,4.0
465.2149919004272,39.0,2.0,0.0,2.0,0.0,4.0
465.2159755069846,39.0,2.0,0.0,2.0,0.0,4.0
465.5159755069846,39.0,2.0,0.0,2.0,0.0,4.0
465.516959113542,39.0,2.0,0.0,2.0,0.0,4.0
465.816959113542,39.0,2.0,0.0,2.0,0.0,4.0
465.8179427200994,40.0,2.0,0.0,2.0,0.0,4.0
466.1179427200994,40.0,2.0,0.0,2.0,0.0,4.0
466.11894272009937,40.0,2.0,0.0,2.0,0.0,4.0
466.4189427200994,40.0,2.0,0.0,2.0,0.0,4.0
466.41994272009936,40.0,2.0,0.0,2.0,0.0,4.0
466.71994272009937,40.0,2.0,0.0,2.0,0.0,4.0
466.72094272009934,40.0,2.0,0.0,2.0,0.0,4.0
467.02094272009936,40.0,2.0,0.0,2.0,0.0,4.0
467.02194272009933,40.0,2.0,0.0,2.0,0.0,4.0
467.32194272009934,40.0,2.0,0.0,2.0,0.0,4.0
467.3229427200993,40.0,2.0,0.0,2.0,0.0,4.0
467.62294272009933,40.0,2.0,0.0,2.0,0.0,4.0
467.6239427200993,40.0,2.0,0.0,2.0,0.0,4.0
467.9239427200993,40.0,2.0,0.0,2.0,0.0,4.0
467.9249427200993,40.0,2.0,0.0,2.0,0.0,4.0
468.2249427200993,40.0,2.0,0.0,2.0,0.0,4.0
468.2259427200993,40.0,2.0,0.0,2.0,0.0,4.0
468.5259427200993,40.0,2.0,0.0,2.0,0.0,4.0
468.52694272009927,40.0,2.0,0.0,2.0,0.0,4.0
468.8269427200993,40.0,2.0,0.0,2.0,0.0,4.0
468.82794272009926,40.0,2.0,0.0,2.0,0.0,4.0
469.12794272009927,40.0,2.0,0.0,2.0,0.0,4.0
469.12894272009925,40.0,2.0,0.0,2.0,0.0,4.0
469.42894272009926,40.0,2.0,0.0,2.0,0.0,4.0
469.42994272009923,40.0,2.0,0.0,2.0,0.0,4.0
469.72994272009925,40.0,2.0,0.0,2.0,0.0,4.0
469.7309427200992,40.0,2.0,0.0,2.0,0.0,4.0
470.03094272009923,40.0,2.0,0.0,2.0,0.0,4.0
470.0319427200992,40.0,2.0,0.0,2.0,0.0,4.0
470.3319427200992,40.0,2.0,0.0,2.0,0.0,4.0
470.3329427200992,40.0,2.0,0.0,2.0,0.0,4.0
470.6329427200992,40.0,2.0,0.0,2.0,0.0,4.0
470.6339427200992,40.0,2.0,0.0,2.0,0.0,4.0
470.9339427200992,40.0,2.0,0.0,2.0,0.0,4.0
470.9349427200992,41.0,2.0,0.0,2.0,0.0,4.0
471.2349427200992,41.0,2.0,0.0,2.0,0.0,4.0
471.2359596692517,41.0,2.0,0.0,2.0,0.0,4.0
471.5359596692517,41.0,2.0,0.0,2.0,0.0,4.0
471.53697661840425,41.0,2.0,0.0,2.0,0.0,4.0
471.83697661840426,41.0,2.0,0.0,2.0,0.0,4.0
471.8379935675568,41.0,2.0,0.0,2.0,0.0,4.0
472.1379935675568,41.0,2.0,0.0,2.0,0.0,4.0
472.13901051670933,41.0,2.0,0.0,2.0,0.0,4.0
472.43901051670935,41.0,2.0,0.0,2.0,0.0,4.0
472.4400274658619,41.0,2.0,0.0,2.0,0.0,4.0
472.7400274658619,41.0,2.0,0.0,2.0,0.0,4.0
472.7410444150144,41.0,2.0,0.0,2.0,0.0,4.0
473.0410444150144,41.0,2.0,0.0,2.0,0.0,4.0
473.04206136416695,41.0,2.0,0.0,2.0,0.0,4.0
473.34206136416697,41.0,2.0,0.0,2.0,0.0,4.0
473.3430783133195,41.0,2.0,0.0,2.0,0.0,4.0
473.6430783133195,41.0,2.0,0.0,2.0,0.0,4.0
473.64409526247204,41.0,2.0,0.0,2.0,0.0,4.0
473.94409526247205,41.0,2.0,0.0,2.0,0.0,4.0
473.9451122116246,41.0,2.0,0.0,2.0,0.0,4.0
474.2451122116246,41.0,2.0,0.0,2.0,0.0,4.0
474.2461291607771,41.0,2.0,0.0,2.0,0.0,4.0
474.5461291607771,41.0,2.0,0.0,2.0,0.0,4.0
474.54714610992966,41.0,2.0,0.0,2.0,0.0,4.0
474.84714610992967,41.0,2.0,0.0,2.0,0.0,4.0
474.8481630590822,41.0,2.0,0.0,2.0,0.0,4.0
475.1481630590822,41.0,2.0,0.0,2.0,0.0,4.0
475.14918000823474,41.0,2.0,0.0,2.0,0.0,4.0
475.44918000823475,41.0,2.0,0.0,2.0,0.0,4.0
475.4501969573873,41.0,2.0,0.0,2.0,0.0,4.0
475.7501969573873,41.0,2.0,0.0,2.0,0.0,4.0
475.7512139065398,41.0,2.0,0.0,2.0,0.0,4.0
476.05121390653983,41.0,2.0,0.0,2.0,0.0,4.0
476.05223085569236,41.0,2.0,0.0,2.0,0.0,4.0
476.35223085569237,41.0,2.0,0.0,2.0,0.0,4.0
476.3532478048449,41.0,2.0,0.0,2.0,0.0,4.0
476.6532478048449,41.0,2.0,0.0,2.0,0.0,4.0
476.65426475399744,41.0,2.0,0.0,2.0,0.0,4.0
476.95426475399745,41.0,2.0,0.0,2.0,0.0,4.0
476.95528170315,41.0,2.0,0.0,2.0,0.0,4.0
477.25528170315,41.0,2.0,0.0,2.0,0.0,4.0
477.2562986523025,41.0,2.0,0.0,2.0,0.0,4.0
477.55629865230253,41.0,2.0,0.0,2.0,0.0,4.0
477.55731560145506,41.0,2.0,0.0,2.0,0.0,4.0
477.85731560145507,41.0,2.0,0.0,2.0,0.0,4.0
477.8583325506076,42.0,2.0,0.0,2.0,0.0,4.0
478.1583325506076,42.0,2.0,0.0,2.0,0.0,4.0
478.1593670333662,42.0,2.0,0.0,2.0,0.0,4.0
478.4593670333662,42.0,2.0,0.0,2.0,0.0,4.0
478.4604015161248,42.0,2.0,0.0,2.0,0.0,4.0
478.76040151612483,42.0,2.0,0.0,2.0,0.0,4.0
478.7614359988834,42.0,2.0,0.0,2.0,0.0,4.0
479.06143599888344,42.0,2.0,0.0,2.0,0.0,4.0
479.06247048164204,42.0,2.0,0.0,2.0,0.0,4.0
479.36247048164205,42.0,2.0,0.0,2.0,0.0,4.0
479.36350496440065,42.0,2.0,0.0,2.0,0.0,4.0
479.66350496440066,42.0,2.0,0.0,2.0,0.0,4.0
479.66453944715926,42.0,2.0,0.0,2.0,0.0,4.0
479.96453944715927,42.0,2.0,0.0,2.0,0.0,4.0
479.96557392991787,42.0,2.0,0.0,2.0,0.0,4.0
480.2655739299179,42.0,2.0,0.0,2.0,0.0,4.0
480.2666084126765,42.0,2.0,0.0,2.0,0.0,4.0
480.5666084126765,42.0,2.0,0.0,2.0,0.0,4.0
480.5676428954351,42.0,2.0,0.0,2.0,0.0,4.0
480.8676428954351,42.0,2.0,0.0,2.0,0.0,4.0
480.8686773781937,42.0,2.0,0.0,2.0,0.0,4.0
481.1686773781937,42.0,2.0,0.0,2.0,0.0,4.0
481.1697118609523,42.0,2.0,0.0,2.0,0.0,4.0
481.4697118609523,42.0,2.0,0.0,2.0,0.0,4.0
481.4707463437109,42.0,2.0,0.0,2.0,0.0,4.0
481.7707463437109,42.0,2.0,0.0,2.0,0.0,4.0
481.7717808264695,42.0,2.0,0.0,7.0,0.0,4.0
482.07178082646953,42.0,2.0,0.0,7.0,0.0,4.0
482.07281530922813,42.0,2.0,0.0,7.0,0.0,4.0
482.37281530922814,42.0,2.0,0.0,7.0,0.0,4.0
482.37384979198674,42.0,2.0,0.0,7.0,0.0,4.0
482.67384979198675,42.0,2.0,0.0,7.0,0.0,4.0
482.67488427474535,43.0,2.0,0.0,7.0,0.0,4.0
482.97488427474536,43.0,2.0,0.0,7.0,0.0,4.0
482.9759369063243,43.0,2.0,0.0,7.0,0.0,4.0
483.2759369063243,43.0,2.0,0.0,7.0,0.0,4.0
483.27698953790326,43.0,2.0,0.0,7.0,0.0,4.0
483.5769895379033,43.0,2.0,0.0,7.0,0.0,4.0
483.5780421694822,43.0,2.0,0.0,7.0,0.0,4.0
483.8780421694822,43.0,2.0,0.0,7.0,0.0,4.0
483.87909480106117,43.0,2.0,0.0,7.0,0.0,4.0
484.1790948010612,43.0,2.0,0.0,7.0,0.0,4.0
484.1801474326401,43.0,2.0,0.0,7.0,0.0,4.0
484.48014743264014,43.0,2.0,0.0,7.0,0.0,4.0
484.4812000642191,43.0,2.0,0.0,7.0,0.0,4.0
484.7812000642191,43.0,2.0,0.0,7.0,0.0,4.0
484.78225269579804,43.0,2.0,0.0,7.0,0.0,4.0
485.08225269579805,43.0,2.0,0.0,7.0,0.0,4.0
485.083305327377,43.0,2.0,0.0,7.0,0.0,4.0
485.383305327377,43.0,2.0,0.0,7.0,0.0,4.0
485.38435795895595,43.0,2.0,0.0,7.0,0.0,4.0
485.68435795895596,43.0,2.0,0.0,7.0,0.0,4.0
485.6854105905349,43.0,2.0,0.0,7.0,0.0,4.0
485.9854105905349,43.0,2.0,0.0,7.0,0.0,4.0
485.98646322211385,43.0,2.0,0.0,7.0,0.0,4.0
486.28646322211387,43.0,2.0,0.0,7.0,0.0,4.0
486.2875158536928,43.0,2.0,0.0,7.0,0.0,4.0
486.5875158536928,43.0,2.0,0.0,7.0,0.0,4.0
486.58856848527176,43.0,2.0,0.0,7.0,0.0,4.0
486.8885684852718,43.0,2.0,0.0,7.0,0.0,4.0
486.8896211168507,43.0,2.0,0.0,7.0,0.0,4.0
487.18962111685073,43.0,2.0,0.0,7.0,0.0,4.0
487.1906737484297,43.0,2.0,0.0,7.0,0.0,4.0
487.4906737484297,43.0,2.0,0.0,7.0,0.0,4.0
487.49172638000863,43.0,2.0,0.0,7.0,0.0,4.0
487.79172638000864,43.0,2.0,0.0,7.0,0.0,4.0
487.7927790115876,43.0,2.0,0.0,7.0,0.0,4.0
488.0927790115876,43.0,2.0,0.0,7.0,0.0,4.0
488.09383164316654,43.0,2.0,0.0,7.0,0.0,4.0
488.39383164316655,43.0,2.0,0.0,7.0,0.0,4.0
488.3948842747455,43.0,2.0,0.0,7.0,0.0,4.0
488.6948842747455,43.0,2.0,0.0,7.0,0.0,4.0
488.69593690632445,43.0,2.0,0.0,7.0,0.0,4.0
488.99593690632446,43.0,2.0,0.0,7.0,0.0,4.0
488.9969895379034,42.0,2.0,0.0,7.0,0.0,4.0
489.2969895379034,42.0,2.0,0.0,7.0,0.0,4.0
489.298024020662,42.0,2.0,0.0,7.0,0.0,4.0
489.598024020662,42.0,2.0,0.0,7.0,0.0,4.0
489.5990585034206,42.0,2.0,0.0,7.0,0.0,4.0
489.89905850342063,42.0,2.0,0.0,7.0,0.0,4.0
489.90009298617923,42.0,2.0,0.0,7.0,0.0,4.0
490.20009298617924,42.0,2.0,0.0,7.0,0.0,4.0
490.20112746893784,42.0,2.0,0.0,5.0,0.0,5.0
490.50112746893785,42.0,2.0,0.0,5.0,0.0,5.0
490.50216195169645,42.0,2.0,0.0,5.0,0.0,5.0
490.80216195169646,42.0,2.0,0.0,5.0,0.0,5.0
490.80319643445506,42.0,2.0,0.0,5.0,0.0,5.0
491.10319643445507,42.0,2.0,0.0,5.0,0.0,5.0
491.10423091721367,42.0,2.0,0.0,5.0,0.0,5.0
491.4042309172137,42.0,2.0,0.0,5.0,0.0,5.0
491.4052653999723,42.0,2.0,0.0,5.0,0.0,5.0
491.7052653999723,42.0,2.0,0.0,5.0,0.0,5.0
491.7062998827309,42.0,2.0,0.0,5.0,0.0,5.0
492.0062998827309,42.0,2.0,0.0,5.0,0.0,5.0
492.0073343654895,42.0,2.0,0.0,5.0,0.0,5.0
492.3073343654895,42.0,2.0,0.0,5.0,0.0,5.0
492.3083688482481,42.0,2.0,0.0,5.0,0.0,5.0
492.6083688482481,42.0,2.0,0.0,5.0,0.0,5.0
492.6094033310067,42.0,2.0,0.0,5.0,0.0,5.0
492.90940333100673,42.0,2.0,0.0,5.0,0.0,5.0
492.9104378137653,42.0,2.0,0.0,5.0,0.0,5.0
493.21043781376534,42.0,2.0,0.0,5.0,0.0,5.0
493.21147229652394,42.0,2.0,0.0,5.0,0.0,5.0
493.51147229652395,42.0,2.0,0.0,5.0,0.0,5.0
493.51250677928255,42.0,2.0,0.0,5.0,0.0,5.0
493.81250677928256,42.0,2.0,0.0,5.0,0.0,5.0
493.81354126204116,42.0,2.0,0.0,5.0,0.0,5.0
494.11354126204117,42.0,2.0,0.0,5.0,0.0,5.0
494.11457574479977,42.0,2.0,0.0,5.0,0.0,5.0
494.4145757447998,42.0,2.0,0.0,5.0,0.0,5.0
494.4156102275584,42.0,2.0,0.0,5.0,0.0,5.0
494.7156102275584,42.0,2.0,0.0,5.0,0.0,5.0
494.716644710317,42.0,2.0,0.0,5.0,0.0,5.0
495.016644710317,42.0,2.0,0.0,5.0,0.0,5.0
495.0176791930756,42.0,2.0,0.0,5.0,0.0,5.0
495.3176791930756,42.0,2.0,0.0,5.0,0.0,5.0
495.3187136758342,42.0,2.0,0.0,5.0,0.0,5.0
495.6187136758342,42.0,2.0,0.0,5.0,0.0,5.0
495.6197481585928,42.0,2.0,0.0,5.0,0.0,5.0
495.9197481585928,42.0,2.0,0.0,5.0,0.0,5.0
495.9207826413514,42.0,2.0,0.0,5.0,0.0,5.0
496.22078264135143,42.0,2.0,0.0,5.0,0.0,5.0
496.22181712411003,42.0,2.0,0.0,5.0,0.0,5.0
496.52181712411004,42.0,2.0,0.0,5.0,0.0,5.0
496.52285160686864,42.0,2.0,0.0,5.0,0.0,5.0
496.82285160686865,42.0,2.0,0.0,5.0,0.0,5.0
496.82388608962725,42.0,2.0,0.0,5.0,0.0,5.0
497.12388608962726,42.0,2.0,0.0,5.0,0.0,5.0
497.12492057238586,42.0,2.0,0.0,5.0,0.0,5.0
497.4249205723859,42.0,2.0,0.0,5.0,0.0,5.0
497.42595505514447,42.0,2.0,0.0,5.0,0.0,5.0
497.7259550551445,42.0,2.0,0.0,5.0,0.0,5.0
497.7269895379031,42.0,2.0,0.0,5.0,0.0,5.0
498.0269895379031,42.0,2.0,0.0,5.0,0.0,5.0
498.0280240206617,42.0,2.0,0.0,5.0,0.0,5.0
498.3280240206617,42.0,2.0,0.0,5.0,0.0,5.0
498.3290585034203,42.0,2.0,0.0,5.0,0.0,5.0
498.6290585034203,42.0,2.0,0.0,5.0,0.0,5.0
498.6300929861789,42.0,2.0,0.0,5.0,0.0,5.0
498.9300929861789,42.0,2.0,0.0,5.0,0.0,5.0
498.9311274689375,42.0,2.0,0.0,5.0,0.0,5.0
499.23112746893753,42.0,2.0,0.0,5.0,0.0,5.0
499.2321619516961,42.0,2.0,0.0,5.0,0.0,5.0
499.53216195169614,42.0,2.0,0.0,5.0,0.0,5.0
499.53319643445474,42.0,2.0,0.0,5.0,0.0,5.0
499.83319643445475,42.0,2.0,0.0,5.0,0.0,5.0
499.83423091721335,42.0,2.0,0.0,5.0,0.0,5.0
500.13423091721336,42.0,2.0,0.0,5.0,0.0,5.0
500.13526539997196,42.0,2.0,0.0,5.0,0.0,5.0
500.43526539997197,42.0,2.0,0.0,5.0,0.0,5.0
500.43629988273057,42.0,2.0,0.0,3.0,0.0,6.0
500.7362998827306,42.0,2.0,0.0,3.0,0.0,6.0
500.7373343654892,42.0,2.0,0.0,3.0,0.0,6.0
501.0373343654892,42.0,2.0,0.0,3.0,0.0,6.0
501.0383688482478,42.0,2.0,0.0,3.0,0.0,6.0
501.3383688482478,42.0,2.0,0.0,3.0,0.0,6.0
501.3394033310064,42.0,2.0,0.0,3.0,0.0,6.0
501.6394033310064,42.0,2.0,0.0,3.0,0.0,6.0
501.640437813765,42.0,2.0,0.0,3.0,0.0,6.0
501.940437813765,42.0,2.0,0.0,3.0,0.0,6.0
501.9414722965236,42.0,2.0,0.0,3.0,0.0,6.0
502.2414722965236,42.0,2.0,0.0,3.0,0.0,6.0
502.2425067792822,42.0,2.0,0.0,3.0,0.0,6.0
502.54250677928223,42.0,2.0,0.0,3.0,0.0,6.0
502.54354126204083,42.0,2.0,0.0,3.0,0.0,6.0
502.84354126204084,42.0,2.0,0.0,3.0,0.0,6.0
502.84457574479944,42.0,2.0,0.0,3.0,0.0,6.0
503.14457574479945,42.0,2.0,0.0,3.0,0.0,6.0
503.14561022755805,42.0,2.0,0.0,3.0,0.0,6.0
503.44561022755806,42.0,2.0,0.0,3.0,0.0,6.0
503.44664471031666,42.0,2.0,0.0,3.0,0.0,6.0
503.7466447103167,42.0,2.0,0.0,3.0,0.0,6.0
503.74767919307527,42.0,2.0,0.0,3.0,0.0,6.0
504.0476791930753,42.0,2.0,0.0,3.0,0.0,6.0
504.0487136758339,42.0,2.0,0.0,3.0,0.0,6.0
504.3487136758339,42.0,2.0,0.0,3.0,0.0,6.0
504.3497481585925,42.0,2.0,0.0,3.0,0.0,6.0
504.6497481585925,42.0,2.0,0.0,3.0,0.0,6.0
504.6507826413511,42.0,2.0,0.0,3.0,0.0,6.0
504.9507826413511,42.0,2.0,0.0,3.0,0.0,6.0
504.9518171241097,42.0,2.0,0.0,3.0,0.0,6.0
505.2518171241097,42.0,2.0,0.0,3.0,0.0,6.0
505.2528516068683,42.0,2.0,0.0,3.0,0.0,6.0
505.55285160686833,42.0,2.0,0.0,3.0,0.0,6.0
505.55388608962693,42.0,2.0,0.0,3.0,0.0,6.0
505.85388608962694,42.0,2.0,0.0,3.0,0.0,6.0
505.85492057238554,42.0,2.0,0.0,3.0,0.0,6.0
506.15492057238555,42.0,2.0,0.0,3.0,0.0,6.0
506.15595505514415,42.0,2.0,0.0,3.0,0.0,6.0
506.45595505514416,42.0,2.0,0.0,3.0,0.0,6.0
506.45698953790276,42.0,2.0,0.0,3.0,0.0,6.0
506.75698953790277,42.0,2.0,0.0,3.0,0.0,6.0
506.75802402066137,42.0,2.0,0.0,3.0,0.0,6.0
507.0580240206614,42.0,2.0,0.0,3.0,0.0,6.0
507.05905850342,42.0,2.0,0.0,3.0,0.0,6.0
507.35905850342,42.0,2.0,0.0,3.0,0.0,6.0
507.3600929861786,42.0,2.0,0.0,3.0,0.0,6.0
507.6600929861786,42.0,2.0,0.0,3.0,0.0,6.0
507.6611274689372,42.0,2.0,0.0,3.0,0.0,6.0
507.9611274689372,42.0,2.0,0.0,3.0,0.0,6.0
507.9621619516958,43.0,2.0,0.0,3.0,0.0,6.0
508.2621619516958,43.0,2.0,0.0,3.0,0.0,6.0
508.26321458327476,43.0,2.0,0.0,3.0,0.0,6.0
508.56321458327477,43.0,2.0,0.0,3.0,0.0,6.0
508.5642672148537,43.0,2.0,0.0,3.0,0.0,6.0
508.8642672148537,43.0,2.0,0.0,3.0,0.0,6.0
508.86531984643267,43.0,2.0,0.0,3.0,0.0,6.0
509.1653198464327,43.0,2.0,0.0,3.0,0.0,6.0
509.1663724780116,43.0,2.0,0.0,3.0,0.0,6.0
509.46637247801164,43.0,2.0,0.0,3.0,0.0,6.0
509.4674251095906,43.0,2.0,0.0,3.0,0.0,6.0
509.7674251095906,43.0,2.0,0.0,3.0,0.0,6.0
509.76847774116953,43.0,2.0,0.0,3.0,0.0,6.0
510.06847774116954,43.0,2.0,0.0,3.0,0.0,6.0
510.0695303727485,43.0,2.0,0.0,3.0,0.0,6.0
510.3695303727485,43.0,2.0,0.0,3.0,0.0,6.0
510.37058300432744,43.0,2.0,0.0,3.0,0.0,6.0
510.67058300432745,43.0,2.0,0.0,3.0,0.0,6.0
510.6716356359064,43.0,2.0,0.0,3.0,0.0,6.0
510.9716356359064,43.0,2.0,0.0,3.0,0.0,6.0
510.97268826748535,43.0,2.0,0.0,3.0,0.0,6.0
511.27268826748536,43.0,2.0,0.0,3.0,0.0,6.0
511.2737408990643,43.0,2.0,0.0,3.0,0.0,6.0
511.5737408990643,43.0,2.0,0.0,3.0,0.0,6.0
511.57479353064326,43.0,2.0,0.0,3.0,0.0,6.0
511.8747935306433,43.0,2.0,0.0,3.0,0.0,6.0
511.8758461622222,43.0,2.0,0.0,3.0,0.0,6.0
512.1758461622222,43.0,2.0,0.0,3.0,0.0,6.0
512.1768987938012,43.0,2.0,0.0,1.0,0.0,7.0
512.4768987938012,43.0,2.0,0.0,1.0,0.0,7.0
512.4779514253802,43.0,2.0,0.0,1.0,0.0,7.0
512.7779514253801,43.0,2.0,0.0,1.0,0.0,7.0
512.7790040569591,43.0,2.0,0.0,1.0,0.0,7.0
513.0790040569591,43.0,2.0,0.0,1.0,0.0,7.0
513.0800566885381,43.0,2.0,0.0,1.0,0.0,7.0
513.380056688538,43.0,2.0,0.0,1.0,0.0,7.0
513.381109320117,43.0,2.0,0.0,1.0,0.0,7.0
513.681109320117,43.0,2.0,0.0,1.0,0.0,7.0
513.682161951696,43.0,2.0,0.0,1.0,0.0,7.0
513.982161951696,43.0,2.0,0.0,1.0,0.0,7.0
513.983214583275,43.0,2.0,0.0,1.0,0.0,7.0
514.2832145832749,43.0,2.0,0.0,1.0,0.0,7.0
514.2842672148539,43.0,2.0,0.0,1.0,0.0,7.0
514.5842672148539,43.0,2.0,0.0,1.0,0.0,7.0
514.5853198464329,43.0,2.0,0.0,1.0,0.0,7.0
514.8853198464328,43.0,2.0,0.0,1.0,0.0,7.0
514.8863724780118,43.0,2.0,0.0,1.0,0.0,7.0
515.1863724780118,43.0,2.0,0.0,1.0,0.0,7.0
515.1874251095908,43.0,2.0,0.0,1.0,0.0,7.0
515.4874251095907,43.0,2.0,0.0,1.0,0.0,7.0
515.4884777411697,43.0,2.0,0.0,1.0,0.0,7.0
515.7884777411697,43.0,2.0,0.0,1.0,0.0,7.0
515.7895303727487,43.0,2.0,0.0,1.0,0.0,7.0
516.0895303727486,43.0,2.0,0.0,1.0,0.0,7.0
516.0905830043276,43.0,2.0,0.0,1.0,0.0,7.0
516.3905830043276,43.0,2.0,0.0,1.0,0.0,7.0
516.3916356359066,43.0,2.0,0.0,1.0,0.0,7.0
516.6916356359066,43.0,2.0,0.0,1.0,0.0,7.0
516.6926882674856,43.0,2.0,0.0,1.0,0.0,7.0
516.9926882674855,43.0,2.0,0.0,1.0,0.0,7.0
516.9937408990645,43.0,2.0,0.0,1.0,0.0,7.0
517.2937408990645,43.0,2.0,0.0,1.0,0.0,7.0
517.2947935306435,43.0,2.0,0.0,1.0,0.0,7.0
517.5947935306434,43.0,2.0,0.0,1.0,0.0,7.0
517.5958461622224,43.0,2.0,0.0,1.0,0.0,7.0
517.8958461622224,43.0,2.0,0.0,1.0,0.0,7.0
517.8968987938014,43.0,2.0,0.0,1.0,0.0,7.0
518.1968987938013,43.0,2.0,0.0,1.0,0.0,7.0
518.1979514253803,43.0,2.0,0.0,1.0,0.0,7.0
518.4979514253803,43.0,2.0,0.0,1.0,0.0,7.0
518.4990040569593,43.0,2.0,0.0,1.0,0.0,7.0
518.7990040569592,43.0,2.0,0.0,1.0,0.0,7.0
518.8000566885382,43.0,2.0,0.0,1.0,0.0,7.0
519.1000566885382,43.0,2.0,0.0,1.0,0.0,7.0
519.1011093201172,43.0,2.0,0.0,1.0,0.0,7.0
519.4011093201171,43.0,2.0,0.0,1.0,0.0,7.0
519.4021619516961,43.0,2.0,0.0,1.0,0.0,7.0
519.7021619516961,43.0,2.0,0.0,1.0,0.0,7.0
519.7032145832751,43.0,2.0,0.0,1.0,0.0,7.0
520.003214583275,43.0,2.0,0.0,1.0,0.0,7.0
520.004267214854,43.0,2.0,0.0,1.0,0.0,7.0
520.304267214854,43.0,2.0,0.0,1.0,0.0,7.0
520.305319846433,43.0,2.0,0.0,1.0,0.0,7.0
520.605319846433,43.0,2.0,0.0,1.0,0.0,7.0
520.606372478012,43.0,2.0,0.0,1.0,0.0,7.0
520.9063724780119,43.0,2.0,0.0,1.0,0.0,7.0
520.9074251095909,43.0,2.0,0.0,1.0,0.0,7.0
521.2074251095909,43.0,2.0,0.0,1.0,0.0,7.0
521.2084777411699,43.0,2.0,0.0,1.0,0.0,7.0
521.5084777411698,43.0,2.0,0.0,1.0,0.0,7.0
521.5095303727488,43.0,2.0,0.0,1.0,0.0,7.0
521.8095303727488,43.0,2.0,0.0,1.0,0.0,7.0
521.8105830043278,43.0,2.0,0.0,1.0,0.0,7.0
522.1105830043277,43.0,2.0,0.0,1.0,0.0,7.0
522.1116356359067,43.0,2.0,0.0,1.0,0.0,7.0
522.4116356359067,43.0,2.0,0.0,1.0,0.0,7.0
522.4126882674857,43.0,2.0,0.0,1.0,0.0,7.0
522.7126882674856,43.0,2.0,0.0,1.0,0.0,7.0
522.7137408990646,43.0,2.0,0.0,1.0,0.0,7.0
523.0137408990646,43.0,2.0,0.0,1.0,0.0,7.0
523.0147935306436,43.0,2.0,0.0,1.0,0.0,7.0
523.3147935306436,43.0,2.0,0.0,1.0,0.0,7.0
523.3158461622226,43.0,2.0,0.0,1.0,0.0,7.0
523.6158461622225,43.0,2.0,0.0,1.0,0.0,7.0
523.6168987938015,43.0,2.0,0.0,1.0,0.0,7.0
523.9168987938015,43.0,2.0,0.0,1.0,0.0,7.0
523.9179514253805,43.0,2.0,0.0,1.0,0.0,7.0
524.2179514253804,43.0,2.0,0.0,1.0,0.0,7.0
524.2190040569594,43.0,2.0,0.0,1.0,0.0,7.0
524.5190040569594,43.0,2.0,0.0,1.0,0.0,7.0
524.5200566885384,43.0,2.0,0.0,1.0,0.0,7.0
524.8200566885383,43.0,2.0,0.0,1.0,0.0,7.0
524.8211093201173,43.0,2.0,0.0,1.0,0.0,7.0
525.1211093201173,43.0,2.0,0.0,1.0,0.0,7.0
525.1221619516963,43.0,2.0,0.0,1.0,0.0,7.0
525.4221619516962,43.0,2.0,0.0,1.0,0.0,7.0
525.4232145832752,43.0,2.0,0.0,1.0,0.0,7.0
525.7232145832752,43.0,2.0,0.0,1.0,0.0,7.0
525.7242672148542,43.0,2.0,0.0,1.0,0.0,7.0
526.0242672148541,43.0,2.0,0.0,1.0,0.0,7.0
526.0253198464331,43.0,2.0,0.0,1.0,0.0,7.0
526.3253198464331,43.0,2.0,0.0,1.0,0.0,7.0
526.3263724780121,43.0,2.0,0.0,1.0,0.0,7.0
526.6263724780121,43.0,2.0,0.0,1.0,0.0,7.0
526.6274251095911,43.0,2.0,0.0,1.0,0.0,7.0
526.927425109591,43.0,2.0,0.0,1.0,0.0,7.0
526.92847774117,43.0,2.0,0.0,1.0,0.0,7.0
527.22847774117,43.0,2.0,0.0,1.0,0.0,7.0
527.229530372749,43.0,2.0,0.0,1.0,0.0,7.0
527.5295303727489,43.0,2.0,0.0,1.0,0.0,7.0
527.5305830043279,43.0,2.0,0.0,1.0,0.0,7.0
527.8305830043279,43.0,2.0,0.0,1.0,0.0,7.0
527.8316356359069,43.0,2.0,0.0,1.0,0.0,7.0
528.1316356359068,43.0,2.0,0.0,1.0,0.0,7.0
528.1326882674858,43.0,2.0,0.0,1.0,0.0,7.0
528.4326882674858,43.0,2.0,0.0,1.0,0.0,7.0
528.4337408990648,43.0,2.0,0.0,1.0,0.0,7.0
528.7337408990647,43.0,2.0,0.0,1.0,0.0,7.0
528.7347935306437,43.0,2.0,0.0,1.0,0.0,7.0
529.0347935306437,43.0,2.0,0.0,1.0,0.0,7.0
529.0358461622227,43.0,2.0,0.0,1.0,0.0,7.0
529.3358461622227,43.0,2.0,0.0,1.0,0.0,7.0
529.3368987938017,43.0,2.0,0.0,1.0,0.0,7.0
529.6368987938016,43.0,2.0,0.0,1.0,0.0,7.0
529.6379514253806,43.0,2.0,0.0,1.0,0.0,7.0
529.9379514253806,43.0,2.0,0.0,1.0,0.0,7.0
529.9390040569596,43.0,2.0,0.0,1.0,0.0,7.0
530.2390040569595,43.0,2.0,0.0,1.0,0.0,7.0
530.2400566885385,43.0,2.0,0.0,1.0,0.0,7.0
530.5400566885385,43.0,2.0,0.0,1.0,0.0,7.0
530.5411093201175,43.0,2.0,0.0,1.0,0.0,7.0
530.8411093201174,43.0,2.0,0.0,1.0,0.0,7.0
530.8421619516964,43.0,2.0,0.0,1.0,0.0,7.0
531.1421619516964,43.0,2.0,0.0,1.0,0.0,7.0
531.1432145832754,43.0,2.0,0.0,1.0,0.0,7.0
531.4432145832753,43.0,2.0,0.0,1.0,0.0,7.0
531.4442672148543,44.0,2.0,0.0,1.0,0.0,7.0
531.7442672148543,44.0,2.0,0.0,1.0,0.0,7.0
531.7453386434257,44.0,2.0,0.0,1.0,0.0,7.0
532.0453386434257,44.0,2.0,0.0,1.0,0.0,7.0
532.0464100719971,44.0,2.0,0.0,1.0,0.0,7.0
532.3464100719971,44.0,2.0,0.0,1.0,0.0,7.0
532.3474815005685,44.0,2.0,0.0,1.0,0.0,7.0
532.6474815005685,44.0,2.0,0.0,1.0,0.0,7.0
532.6485529291399,44.0,2.0,0.0,1.0,0.0,7.0
532.9485529291399,44.0,2.0,0.0,1.0,0.0,7.0
532.9496243577113,44.0,2.0,0.0,1.0,0.0,7.0
533.2496243577112,44.0,2.0,0.0,1.0,0.0,7.0
533.2506957862827,44.0,2.0,0.0,1.0,0.0,7.0
533.5506957862826,44.0,2.0,0.0,1.0,0.0,7.0
533.5517672148541,44.0,2.0,0.0,1.0,0.0,7.0
533.851767214854,44.0,2.0,0.0,1.0,0.0,7.0
533.8528386434255,44.0,2.0,0.0,1.0,0.0,7.0
534.1528386434254,44.0,2.0,0.0,1.0,0.0,7.0
534.1539100719968,44.0,2.0,0.0,1.0,0.0,7.0
534.4539100719968,44.0,2.0,0.0,1.0,0.0,7.0
534.4549815005682,44.0,2.0,0.0,1.0,0.0,7.0
534.7549815005682,44.0,2.0,0.0,1.0,0.0,7.0
534.7560529291396,44.0,2.0,0.0,1.0,0.0,7.0
535.0560529291396,44.0,2.0,0.0,1.0,0.0,7.0
535.057124357711,44.0,2.0,0.0,1.0,0.0,7.0
535.357124357711,44.0,2.0,0.0,1.0,0.0,7.0
535.3581957862824,44.0,2.0,0.0,1.0,0.0,7.0
535.6581957862824,44.0,2.0,0.0,1.0,0.0,7.0
535.6592672148538,44.0,2.0,0.0,1.0,0.0,7.0
535.9592672148538,44.0,2.0,0.0,1.0,0.0,7.0
535.9603386434252,45.0,2.0,0.0,1.0,0.0,7.0
536.2603386434251,45.0,2.0,0.0,1.0,0.0,7.0
536.261429552516,45.0,2.0,0.0,1.0,0.0,7.0
536.561429552516,45.0,2.0,0.0,1.0,0.0,7.0
536.5625204616068,45.0,2.0,0.0,1.0,0.0,7.0
536.8625204616068,45.0,2.0,0.0,1.0,0.0,7.0
536.8636113706976,45.0,2.0,0.0,1.0,0.0,7.0
537.1636113706976,45.0,2.0,0.0,1.0,0.0,7.0
537.1647022797885,45.0,2.0,0.0,1.0,0.0,7.0
537.4647022797884,45.0,2.0,0.0,1.0,0.0,7.0
537.4657931888793,45.0,2.0,0.0,1.0,0.0,7.0
537.7657931888792,45.0,2.0,0.0,1.0,0.0,7.0
537.7668840979701,45.0,2.0,0.0,1.0,0.0,7.0
538.06688409797,45.0,2.0,0.0,1.0,0.0,7.0
538.0679750070609,45.0,2.0,0.0,1.0,0.0,7.0
538.3679750070609,45.0,2.0,0.0,1.0,0.0,7.0
538.3690659161517,45.0,2.0,0.0,1.0,0.0,7.0
538.6690659161517,45.0,2.0,0.0,1.0,0.0,7.0
538.6701568252425,45.0,2.0,0.0,1.0,0.0,7.0
538.9701568252425,45.0,2.0,0.0,1.0,0.0,7.0
538.9712477343334,45.0,2.0,0.0,1.0,0.0,7.0
539.2712477343333,45.0,2.0,0.0,1.0,0.0,7.0
539.2723386434242,45.0,2.0,0.0,1.0,0.0,7.0
539.5723386434241,45.0,2.0,0.0,1.0,0.0,7.0
539.573429552515,45.0,2.0,0.0,1.0,0.0,7.0
539.873429552515,45.0,2.0,0.0,1.0,0.0,7.0
539.8745204616058,45.0,2.0,0.0,1.0,0.0,7.0
540.1745204616058,45.0,2.0,0.0,1.0,0.0,7.0
540.1756113706966,45.0,2.0,0.0,1.0,0.0,7.0
540.4756113706966,45.0,2.0,0.0,1.0,0.0,7.0
540.4767022797874,45.0,2.0,0.0,1.0,0.0,7.0
540.7767022797874,45.0,2.0,0.0,1.0,0.0,7.0
540.7777931888783,45.0,2.0,0.0,1.0,0.0,7.0
541.0777931888782,45.0,2.0,0.0,1.0,0.0,7.0
541.0788840979691,45.0,2.0,0.0,1.0,0.0,7.0
541.378884097969,45.0,2.0,0.0,1.0,0.0,7.0
541.3799750070599,46.0,2.0,0.0,1.0,0.0,7.0
541.6799750070599,46.0,2.0,0.0,1.0,0.0,7.0
541.6810861181709,46.0,2.0,0.0,1.0,0.0,7.0
541.9810861181709,46.0,2.0,0.0,1.0,0.0,7.0
541.982197229282,46.0,2.0,0.0,1.0,0.0,7.0
542.2821972292819,46.0,2.0,0.0,1.0,0.0,7.0
542.283308340393,46.0,2.0,0.0,1.0,0.0,7.0
542.5833083403929,46.0,2.0,0.0,1.0,0.0,7.0
542.584419451504,46.0,2.0,0.0,1.0,0.0,7.0
542.884419451504,46.0,2.0,0.0,1.0,0.0,7.0
542.885530562615,46.0,2.0,0.0,1.0,0.0,7.0
543.185530562615,46.0,2.0,0.0,1.0,0.0,7.0
543.1866416737261,46.0,2.0,0.0,1.0,0.0,7.0
543.486641673726,46.0,2.0,0.0,1.0,0.0,7.0
543.4877527848371,46.0,2.0,0.0,1.0,0.0,7.0
543.787752784837,46.0,2.0,0.0,1.0,0.0,7.0
543.7888638959481,46.0,2.0,0.0,1.0,0.0,7.0
544.0888638959481,46.0,2.0,0.0,1.0,0.0,7.0
544.0899750070591,46.0,2.0,0.0,1.0,0.0,7.0
544.3899750070591,46.0,2.0,0.0,1.0,0.0,7.0
544.3910861181702,46.0,2.0,0.0,1.0,0.0,7.0
544.6910861181701,46.0,2.0,0.0,1.0,0.0,7.0
544.6921972292812,46.0,2.0,0.0,1.0,0.0,7.0
544.9921972292811,46.0,2.0,0.0,1.0,0.0,7.0
544.9933083403922,46.0,2.0,0.0,1.0,0.0,7.0
545.2933083403922,46.0,2.0,0.0,1.0,0.0,7.0
545.2944194515032,46.0,2.0,0.0,1.0,0.0,7.0
545.5944194515032,46.0,2.0,0.0,1.0,0.0,7.0
545.5955305626143,46.0,2.0,0.0,1.0,0.0,7.0
545.8955305626142,46.0,2.0,0.0,1.0,0.0,7.0
545.8966416737253,46.0,2.0,0.0,1.0,0.0,7.0
546.1966416737253,46.0,2.0,0.0,1.0,0.0,7.0
546.1977527848363,46.0,2.0,0.0,1.0,0.0,7.0
546.4977527848363,46.0,2.0,0.0,1.0,0.0,7.0
546.4988638959474,46.0,2.0,0.0,1.0,0.0,7.0
546.7988638959473,46.0,2.0,0.0,1.0,0.0,7.0
546.7999750070584,46.0,2.0,0.0,1.0,0.0,7.0
547.0999750070583,46.0,2.0,0.0,1.0,0.0,7.0
547.1010861181694,46.0,2.0,0.0,1.0,0.0,7.0
547.4010861181694,46.0,2.0,0.0,1.0,0.0,7.0
547.4021972292804,46.0,2.0,0.0,1.0,0.0,7.0
547.7021972292804,46.0,2.0,0.0,1.0,0.0,7.0
547.7033083403915,46.0,2.0,0.0,1.0,0.0,7.0
548.0033083403914,46.0,2.0,0.0,1.0,0.0,7.0
548.0044194515025,46.0,2.0,0.0,1.0,0.0,7.0
548.3044194515024,46.0,2.0,0.0,1.0,0.0,7.0
548.3055305626135,46.0,2.0,0.0,1.0,0.0,7.0
548.6055305626135,46.0,2.0,0.0,1.0,0.0,7.0
548.6066416737245,46.0,2.0,0.0,1.0,0.0,7.0
548.9066416737245,46.0,2.0,0.0,1.0,0.0,7.0
548.9077527848356,46.0,2.0,0.0,1.0,0.0,7.0
549.2077527848355,46.0,2.0,0.0,1.0,0.0,7.0
549.2088638959466,46.0,2.0,0.0,1.0,0.0,7.0
549.5088638959465,46.0,2.0,0.0,1.0,0.0,7.0
549.5099750070576,46.0,2.0,0.0,1.0,0.0,7.0
549.8099750070576,46.0,2.0,0.0,1.0,0.0,7.0
549.8110861181686,46.0,2.0,0.0,1.0,0.0,7.0
550.1110861181686,46.0,2.0,0.0,1.0,0.0,7.0
550.1121972292797,46.0,2.0,0.0,1.0,0.0,7.0
550.4121972292796,46.0,2.0,0.0,1.0,0.0,7.0
550.4133083403907,46.0,2.0,0.0,1.0,0.0,7.0
550.7133083403907,46.0,2.0,0.0,1.0,0.0,7.0
550.7144194515017,46.0,2.0,0.0,1.0,0.0,7.0
551.0144194515017,46.0,2.0,0.0,1.0,0.0,7.0
551.0155305626128,46.0,2.0,0.0,1.0,0.0,7.0
551.3155305626127,46.0,2.0,0.0,1.0,0.0,7.0
551.3166416737238,46.0,2.0,0.0,1.0,0.0,7.0
551.6166416737237,46.0,2.0,0.0,1.0,0.0,7.0
551.6177527848348,46.0,2.0,0.0,1.0,0.0,7.0
551.9177527848348,46.0,2.0,0.0,1.0,0.0,7.0
551.9188638959458,46.0,2.0,0.0,1.0,0.0,7.0
552.2188638959458,46.0,2.0,0.0,1.0,0.0,7.0
552.2199750070569,46.0,2.0,0.0,1.0,0.0,7.0
552.5199750070568,46.0,2.0,0.0,1.0,0.0,7.0
552.5210861181679,46.0,2.0,0.0,1.0,0.0,7.0
552.8210861181678,46.0,2.0,0.0,1.0,0.0,7.0
552.8221972292789,46.0,2.0,0.0,1.0,0.0,7.0
553.1221972292789,46.0,2.0,0.0,1.0,0.0,7.0
553.1233083403899,46.0,2.0,0.0,1.0,0.0,7.0
553.4233083403899,46.0,2.0,0.0,1.0,0.0,7.0
553.424419451501,46.0,2.0,0.0,1.0,0.0,7.0
553.7244194515009,46.0,2.0,0.0,1.0,0.0,7.0
553.725530562612,46.0,2.0,0.0,1.0,0.0,7.0
554.025530562612,46.0,2.0,0.0,1.0,0.0,7.0
554.026641673723,46.0,2.0,0.0,1.0,0.0,7.0
554.326641673723,46.0,2.0,0.0,1.0,0.0,7.0
554.327752784834,46.0,2.0,0.0,1.0,0.0,7.0
554.627752784834,46.0,2.0,0.0,1.0,0.0,7.0
554.6288638959451,46.0,2.0,0.0,1.0,0.0,7.0
554.928863895945,46.0,2.0,0.0,1.0,0.0,7.0
554.9299750070561,46.0,2.0,0.0,1.0,0.0,7.0
555.229975007056,46.0,2.0,0.0,1.0,0.0,7.0
555.2310861181671,46.0,2.0,0.0,1.0,0.0,7.0
555.5310861181671,46.0,2.0,0.0,1.0,0.0,7.0
555.5321972292782,46.0,2.0,0.0,1.0,0.0,7.0
555.8321972292781,46.0,2.0,0.0,1.0,0.0,7.0
555.8333083403892,46.0,2.0,0.0,1.0,0.0,7.0
556.1333083403891,46.0,2.0,0.0,1.0,0.0,7.0
556.1344194515002,46.0,2.0,0.0,1.0,0.0,7.0
556.4344194515002,46.0,2.0,0.0,1.0,0.0,7.0
556.4355305626112,46.0,2.0,0.0,1.0,0.0,7.0
556.7355305626112,46.0,2.0,0.0,1.0,0.0,7.0
556.7366416737223,46.0,2.0,0.0,1.0,0.0,7.0
557.0366416737222,46.0,2.0,0.0,1.0,0.0,7.0
557.0377527848333,46.0,2.0,0.0,1.0,0.0,7.0
557.3377527848332,46.0,2.0,0.0,1.0,0.0,7.0
557.3388638959443,46.0,2.0,0.0,1.0,0.0,7.0
557.6388638959443,46.0,2.0,0.0,1.0,0.0,7.0
557.6399750070553,46.0,2.0,0.0,1.0,0.0,7.0
557.9399750070553,46.0,2.0,0.0,1.0,0.0,7.0
557.9410861181664,46.0,2.0,0.0,1.0,0.0,7.0
558.2410861181663,46.0,2.0,0.0,1.0,0.0,7.0
558.2421972292774,46.0,2.0,0.0,1.0,0.0,7.0
558.5421972292773,46.0,2.0,0.0,1.0,0.0,7.0
558.5433083403884,46.0,2.0,0.0,1.0,0.0,7.0
558.8433083403884,46.0,2.0,0.0,1.0,0.0,7.0
558.8444194514994,46.0,2.0,0.0,1.0,0.0,7.0
559.1444194514994,46.0,2.0,0.0,1.0,0.0,7.0
559.1455305626105,46.0,2.0,0.0,1.0,0.0,7.0
559.4455305626104,46.0,2.0,0.0,1.0,0.0,7.0
559.4466416737215,46.0,2.0,0.0,1.0,0.0,7.0
559.7466416737215,46.0,2.0,0.0,1.0,0.0,7.0
559.7477527848325,46.0,2.0,0.0,1.0,0.0,7.0
560.0477527848325,46.0,2.0,0.0,1.0,0.0,7.0
560.0488638959436,46.0,2.0,0.0,1.0,0.0,7.0
560.3488638959435,46.0,2.0,0.0,1.0,0.0,7.0
560.3499750070546,46.0,2.0,0.0,1.0,0.0,7.0
560.6499750070545,46.0,2.0,0.0,1.0,0.0,7.0
560.6510861181656,46.0,2.0,0.0,1.0,0.0,7.0
560.9510861181656,46.0,2.0,0.0,1.0,0.0,7.0
560.9521972292766,47.0,2.0,0.0,1.0,0.0,7.0
561.2521972292766,47.0,2.0,0.0,1.0,0.0,7.0
561.2533293047483,47.0,2.0,0.0,1.0,0.0,7.0
561.5533293047482,47.0,2.0,0.0,1.0,0.0,7.0
561.5544613802199,47.0,2.0,0.0,1.0,0.0,7.0
561.8544613802198,47.0,2.0,0.0,1.0,0.0,7.0
561.8555934556915,47.0,2.0,0.0,1.0,0.0,7.0
562.1555934556915,47.0,2.0,0.0,1.0,0.0,7.0
562.1567255311631,47.0,2.0,0.0,1.0,0.0,7.0
562.4567255311631,47.0,2.0,0.0,1.0,0.0,7.0
562.4578576066348,47.0,2.0,0.0,1.0,0.0,7.0
562.7578576066347,47.0,2.0,0.0,1.0,0.0,7.0
562.7589896821064,47.0,2.0,0.0,1.0,0.0,7.0
563.0589896821064,47.0,2.0,0.0,1.0,0.0,7.0
563.060121757578,47.0,2.0,0.0,1.0,0.0,7.0
563.360121757578,47.0,2.0,0.0,1.0,0.0,7.0
563.3612538330497,47.0,2.0,0.0,1.0,0.0,7.0
563.6612538330496,47.0,2.0,0.0,1.0,0.0,7.0
563.6623859085213,47.0,2.0,0.0,1.0,0.0,7.0
563.9623859085212,47.0,2.0,0.0,1.0,0.0,7.0
563.9635179839929,47.0,2.0,0.0,1.0,0.0,7.0
564.2635179839929,47.0,2.0,0.0,1.0,0.0,7.0
564.2646500594645,47.0,2.0,0.0,1.0,0.0,7.0
564.5646500594645,47.0,2.0,0.0,1.0,0.0,7.0
564.5657821349362,47.0,2.0,0.0,1.0,0.0,7.0
564.8657821349361,47.0,2.0,0.0,1.0,0.0,7.0
564.8669142104078,47.0,2.0,0.0,1.0,0.0,7.0
565.1669142104078,47.0,2.0,0.0,1.0,0.0,7.0
565.1680462858794,47.0,2.0,0.0,1.0,0.0,7.0
565.4680462858794,47.0,2.0,0.0,1.0,0.0,7.0
565.469178361351,47.0,2.0,0.0,1.0,0.0,7.0
565.769178361351,47.0,2.0,0.0,1.0,0.0,7.0
565.7703104368227,47.0,2.0,0.0,1.0,0.0,7.0
566.0703104368226,47.0,2.0,0.0,1.0,0.0,7.0
566.0714425122943,47.0,2.0,0.0,1.0,0.0,7.0
566.3714425122943,47.0,2.0,0.0,1.0,0.0,7.0
566.3725745877659,47.0,2.0,0.0,1.0,0.0,7.0
566.6725745877659,47.0,2.0,0.0,1.0,0.0,7.0
566.6737066632376,47.0,2.0,0.0,1.0,0.0,7.0
566.9737066632375,47.0,2.0,0.0,1.0,0.0,7.0
566.9748387387092,47.0,2.0,0.0,1.0,0.0,7.0
567.2748387387091,47.0,2.0,0.0,1.0,0.0,7.0
567.2759708141808,48.0,2.0,0.0,1.0,0.0,7.0
567.5759708141808,48.0,2.0,0.0,1.0,0.0,7.0
567.5771246603347,48.0,2.0,0.0,1.0,0.0,7.0
567.8771246603346,48.0,2.0,0.0,1.0,0.0,7.0
567.8782785064885,48.0,2.0,0.0,1.0,0.0,7.0
568.1782785064885,48.0,2.0,0.0,1.0,0.0,7.0
568.1794323526424,49.0,2.0,0.0,1.0,0.0,7.0
568.4794323526423,49.0,2.0,0.0,1.0,0.0,7.0
568.4806088232306,49.0,2.0,0.0,1.0,0.0,7.0
568.7806088232305,49.0,2.0,0.0,1.0,0.0,7.0
568.7817852938188,49.0,2.0,0.0,1.0,0.0,7.0
569.0817852938187,49.0,2.0,0.0,1.0,0.0,7.0
569.082961764407,49.0,2.0,0.0,1.0,0.0,7.0
569.3829617644069,49.0,2.0,0.0,1.0,0.0,7.0
569.3841382349951,49.0,2.0,0.0,1.0,0.0,7.0
569.6841382349951,49.0,2.0,0.0,1.0,0.0,7.0
569.6853147055833,49.0,2.0,0.0,1.0,0.0,7.0
569.9853147055833,49.0,2.0,0.0,1.0,0.0,7.0
569.9864911761715,49.0,2.0,0.0,1.0,0.0,7.0
570.2864911761715,49.0,2.0,0.0,1.0,0.0,7.0
570.2876676467597,49.0,2.0,0.0,1.0,0.0,7.0
570.5876676467597,49.0,2.0,0.0,1.0,0.0,7.0
570.5888441173479,49.0,2.0,0.0,1.0,0.0,7.0
570.8888441173478,49.0,2.0,0.0,1.0,0.0,7.0
570.8900205879361,49.0,2.0,0.0,1.0,0.0,7.0
571.190020587936,49.0,2.0,0.0,1.0,0.0,7.0
571.1911970585243,49.0,2.0,0.0,1.0,0.0,7.0
571.4911970585242,49.0,2.0,0.0,1.0,0.0,7.0
571.4923735291125,50.0,2.0,0.0,1.0,0.0,7.0
571.7923735291124,50.0,2.0,0.0,1.0,0.0,7.0
571.7935735291125,50.0,2.0,0.0,1.0,0.0,7.0
572.0935735291124,50.0,2.0,0.0,1.0,0.0,7.0
572.0947735291124,50.0,2.0,0.0,1.0,0.0,7.0
572.3947735291124,50.0,2.0,0.0,1.0,0.0,7.0
572.3959735291124,50.0,2.0,0.0,1.0,0.0,7.0
572.6959735291124,50.0,2.0,0.0,1.0,0.0,7.0
572.6971735291124,50.0,2.0,0.0,1.0,0.0,7.0
572.9971735291124,50.0,2.0,0.0,1.0,0.0,7.0
572.9983735291124,50.0,2.0,0.0,1.0,0.0,7.0
573.2983735291124,50.0,2.0,0.0,1.0,0.0,7.0
573.2995735291124,50.0,2.0,0.0,1.0,0.0,7.0
573.5995735291124,50.0,2.0,0.0,1.0,0.0,7.0
573.6007735291124,50.0,2.0,0.0,1.0,0.0,7.0
573.9007735291124,50.0,2.0,0.0,1.0,0.0,7.0
573.9019735291124,50.0,2.0,0.0,1.0,0.0,7.0
574.2019735291124,50.0,2.0,0.0,1.0,0.0,7.0
574.2031735291124,50.0,2.0,0.0,1.0,0.0,7.0
574.5031735291124,50.0,2.0,0.0,1.0,0.0,7.0
574.5043735291124,50.0,2.0,0.0,1.0,0.0,7.0
574.8043735291124,50.0,2.0,0.0,1.0,0.0,7.0
574.8055735291124,50.0,2.0,0.0,1.0,0.0,7.0
575.1055735291123,50.0,2.0,0.0,1.0,0.0,7.0
575.1067735291124,50.0,2.0,0.0,1.0,0.0,7.0
575.4067735291123,50.0,2.0,0.0,1.0,0.0,7.0
575.4079735291124,50.0,2.0,0.0,1.0,0.0,7.0
575.7079735291123,50.0,2.0,0.0,1.0,0.0,7.0
575.7091735291124,50.0,2.0,0.0,1.0,0.0,7.0
576.0091735291123,50.0,2.0,0.0,1.0,0.0,7.0
576.0103735291124,50.0,2.0,0.0,1.0,0.0,7.0
576.3103735291123,50.0,2.0,0.0,1.0,0.0,7.0
576.3115735291124,50.0,2.0,0.0,1.0,0.0,7.0
576.6115735291123,50.0,2.0,0.0,1.0,0.0,7.0
576.6127735291124,50.0,2.0,0.0,1.0,0.0,7.0
576.9127735291123,50.0,2.0,0.0,1.0,0.0,7.0
576.9139735291124,50.0,2.0,0.0,1.0,0.0,7.0
577.2139735291123,50.0,2.0,0.0,1.0,0.0,7.0
577.2151735291123,50.0,2.0,0.0,1.0,0.0,7.0
577.5151735291123,50.0,2.0,0.0,1.0,0.0,7.0
577.5163735291123,50.0,2.0,0.0,1.0,0.0,7.0
577.8163735291123,50.0,2.0,0.0,1.0,0.0,7.0
577.8175735291123,50.0,2.0,0.0,1.0,0.0,7.0
578.1175735291123,50.0,2.0,0.0,1.0,0.0,7.0
578.1187735291123,50.0,2.0,0.0,1.0,0.0,7.0
578.4187735291123,50.0,2.0,0.0,1.0,0.0,7.0
578.4199735291123,50.0,2.0,0.0,1.0,0.0,7.0
578.7199735291123,50.0,2.0,0.0,1.0,0.0,7.0
578.7211735291123,50.0,2.0,0.0,1.0,0.0,7.0
579.0211735291123,50.0,2.0,0.0,1.0,0.0,7.0
579.0223735291123,51.0,2.0,0.0,1.0,0.0,7.0
579.3223735291123,51.0,2.0,0.0,1.0,0.0,7.0
579.3235499997005,51.0,2.0,0.0,1.0,0.0,7.0
579.6235499997005,51.0,2.0,0.0,1.0,0.0,7.0
579.6247264702887,51.0,2.0,0.0,1.0,0.0,7.0
579.9247264702886,51.0,2.0,0.0,1.0,0.0,7.0
579.9259029408769,51.0,2.0,0.0,1.0,0.0,7.0
580.2259029408768,51.0,2.0,0.0,1.0,0.0,7.0
580.2270794114651,51.0,2.0,0.0,1.0,0.0,7.0
580.527079411465,51.0,2.0,0.0,1.0,0.0,7.0
580.5282558820533,51.0,2.0,0.0,1.0,0.0,7.0
580.8282558820532,51.0,2.0,0.0,1.0,0.0,7.0
580.8294323526414,51.0,2.0,0.0,1.0,0.0,7.0
581.1294323526414,51.0,2.0,0.0,1.0,0.0,7.0
581.1306088232296,51.0,2.0,0.0,1.0,0.0,7.0
581.4306088232296,51.0,2.0,0.0,1.0,0.0,7.0
581.4317852938178,51.0,2.0,0.0,1.0,0.0,7.0
581.7317852938178,51.0,2.0,0.0,1.0,0.0,7.0
581.732961764406,51.0,2.0,0.0,1.0,0.0,7.0
582.032961764406,51.0,2.0,0.0,1.0,0.0,7.0
582.0341382349942,51.0,2.0,0.0,1.0,0.0,7.0
582.3341382349942,51.0,2.0,0.0,1.0,0.0,7.0
582.3353147055824,51.0,2.0,0.0,1.0,0.0,7.0
582.6353147055823,51.0,2.0,0.0,1.0,0.0,7.0
582.6364911761706,51.0,2.0,0.0,1.0,0.0,7.0
582.9364911761705,51.0,2.0,0.0,1.0,0.0,7.0
582.9376676467588,51.0,2.0,0.0,1.0,0.0,7.0
583.2376676467587,51.0,2.0,0.0,1.0,0.0,7.0
583.238844117347,51.0,2.0,0.0,1.0,0.0,7.0
583.5388441173469,51.0,2.0,0.0,1.0,0.0,7.0
583.5400205879351,51.0,2.0,0.0,1.0,0.0,7.0
583.8400205879351,51.0,2.0,0.0,1.0,0.0,7.0
583.8411970585233,51.0,2.0,0.0,1.0,0.0,7.0
584.1411970585233,51.0,2.0,0.0,1.0,0.0,7.0
584.1423735291115,51.0,2.0,0.0,1.0,0.0,7.0
584.4423735291115,51.0,2.0,0.0,1.0,0.0,7.0
584.4435499996997,51.0,2.0,0.0,1.0,0.0,7.0
584.7435499996997,51.0,2.0,0.0,1.0,0.0,7.0
584.7447264702879,51.0,2.0,0.0,1.0,0.0,7.0
585.0447264702879,51.0,2.0,0.0,1.0,0.0,7.0
585.0459029408761,51.0,2.0,0.0,1.0,0.0,7.0
585.345902940876,51.0,2.0,0.0,1.0,0.0,7.0
585.3470794114643,51.0,2.0,0.0,1.0,0.0,7.0
585.6470794114642,51.0,2.0,0.0,1.0,0.0,7.0
585.6482558820525,51.0,2.0,0.0,1.0,0.0,7.0
585.9482558820524,51.0,2.0,0.0,1.0,0.0,7.0
585.9494323526407,51.0,2.0,0.0,1.0,0.0,7.0
586.2494323526406,51.0,2.0,0.0,1.0,0.0,7.0
586.2506088232288,51.0,2.0,0.0,1.0,0.0,7.0
586.5506088232288,51.0,2.0,0.0,1.0,0.0,7.0
586.551785293817,51.0,2.0,0.0,1.0,0.0,7.0
586.851785293817,51.0,2.0,0.0,1.0,0.0,7.0
586.8529617644052,51.0,2.0,0.0,1.0,0.0,7.0
587.1529617644052,51.0,2.0,0.0,1.0,0.0,7.0
587.1541382349934,51.0,2.0,0.0,1.0,0.0,7.0
587.4541382349934,51.0,2.0,0.0,1.0,0.0,7.0
587.4553147055816,51.0,2.0,0.0,1.0,0.0,7.0
587.7553147055816,51.0,2.0,0.0,1.0,0.0,7.0
587.7564911761698,51.0,2.0,0.0,1.0,0.0,7.0
588.0564911761697,51.0,2.0,0.0,1.0,0.0,7.0
588.057667646758,51.0,2.0,0.0,1.0,0.0,7.0
588.3576676467579,51.0,2.0,0.0,1.0,0.0,7.0
588.3588441173462,51.0,2.0,0.0,1.0,0.0,7.0
588.6588441173461,51.0,2.0,0.0,1.0,0.0,7.0
588.6600205879344,51.0,2.0,0.0,1.0,0.0,7.0
588.9600205879343,51.0,2.0,0.0,1.0,0.0,7.0
588.9611970585225,51.0,2.0,0.0,1.0,0.0,7.0
589.2611970585225,51.0,2.0,0.0,1.0,0.0,7.0
589.2623735291107,51.0,2.0,0.0,1.0,0.0,7.0
589.5623735291107,51.0,2.0,0.0,1.0,0.0,7.0
589.5635499996989,51.0,2.0,0.0,1.0,0.0,7.0
589.8635499996989,51.0,2.0,0.0,1.0,0.0,7.0
589.8647264702871,51.0,2.0,0.0,1.0,0.0,7.0
590.1647264702871,51.0,2.0,0.0,1.0,0.0,7.0
590.1659029408753,51.0,2.0,0.0,1.0,0.0,7.0
590.4659029408753,51.0,2.0,0.0,1.0,0.0,7.0
590.4670794114635,51.0,2.0,0.0,1.0,0.0,7.0
590.7670794114634,51.0,2.0,0.0,1.0,0.0,7.0
590.7682558820517,51.0,2.0,0.0,1.0,0.0,7.0
591.0682558820516,51.0,2.0,0.0,1.0,0.0,7.0
591.0694323526399,51.0,2.0,0.0,1.0,0.0,7.0
591.3694323526398,51.0,2.0,0.0,1.0,0.0,7.0
591.370608823228,51.0,2.0,0.0,1.0,0.0,7.0
591.670608823228,51.0,2.0,0.0,1.0,0.0,7.0
591.6717852938162,51.0,2.0,0.0,1.0,0.0,7.0
591.9717852938162,51.0,2.0,0.0,1.0,0.0,7.0
591.9729617644044,51.0,2.0,0.0,1.0,0.0,7.0
592.2729617644044,51.0,2.0,0.0,1.0,0.0,7.0
592.2741382349926,51.0,2.0,0.0,1.0,0.0,7.0
592.5741382349926,51.0,2.0,0.0,1.0,0.0,7.0
592.5753147055808,51.0,2.0,0.0,1.0,0.0,7.0
592.8753147055808,51.0,2.0,0.0,1.0,0.0,7.0
592.876491176169,51.0,2.0,0.0,1.0,0.0,7.0
593.176491176169,51.0,2.0,0.0,1.0,0.0,7.0
593.1776676467572,51.0,2.0,0.0,1.0,0.0,7.0
593.4776676467571,51.0,2.0,0.0,1.0,0.0,7.0
593.4788441173454,51.0,2.0,0.0,1.0,0.0,7.0
593.7788441173453,51.0,2.0,0.0,1.0,0.0,7.0
593.7800205879336,51.0,2.0,0.0,1.0,0.0,7.0
594.0800205879335,51.0,2.0,0.0,1.0,0.0,7.0
594.0811970585218,51.0,2.0,0.0,1.0,0.0,7.0
594.3811970585217,51.0,2.0,0.0,1.0,0.0,7.0
594.3823735291099,51.0,2.0,0.0,1.0,0.0,7.0
594.6823735291099,51.0,2.0,0.0,1.0,0.0,7.0
594.6835499996981,51.0,2.0,0.0,1.0,0.0,7.0
594.9835499996981,51.0,2.0,0.0,1.0,0.0,7.0
594.9847264702863,51.0,2.0,0.0,1.0,0.0,7.0
595.2847264702863,51.0,2.0,0.0,1.0,0.0,7.0
595.2859029408745,51.0,2.0,0.0,1.0,0.0,7.0
595.5859029408745,51.0,2.0,0.0,1.0,0.0,7.0
595.5870794114627,51.0,2.0,0.0,1.0,0.0,7.0
595.8870794114627,51.0,2.0,0.0,1.0,0.0,7.0
595.8882558820509,51.0,2.0,0.0,1.0,0.0,7.0
596.1882558820508,51.0,2.0,0.0,1.0,0.0,7.0
596.1894323526391,51.0,2.0,0.0,1.0,0.0,7.0
596.489432352639,51.0,2.0,0.0,1.0,0.0,7.0
596.4906088232273,52.0,2.0,0.0,1.0,0.0,7.0
596.7906088232272,52.0,2.0,0.0,1.0,0.0,7.0
596.7917626693811,52.0,2.0,0.0,1.0,0.0,7.0
597.0917626693811,52.0,2.0,0.0,1.0,0.0,7.0
597.092916515535,52.0,2.0,0.0,1.0,0.0,7.0
597.3929165155349,52.0,2.0,0.0,1.0,0.0,7.0
597.3940703616888,52.0,2.0,0.0,1.0,0.0,7.0
597.6940703616888,52.0,2.0,0.0,1.0,0.0,7.0
597.6952242078427,52.0,2.0,0.0,1.0,0.0,7.0
597.9952242078426,52.0,2.0,0.0,1.0,0.0,7.0
597.9963780539965,52.0,2.0,0.0,1.0,0.0,7.0
598.2963780539965,52.0,2.0,0.0,1.0,0.0,7.0
598.2975319001504,52.0,2.0,0.0,1.0,0.0,7.0
598.5975319001503,52.0,2.0,0.0,1.0,0.0,7.0
598.5986857463042,52.0,2.0,0.0,1.0,0.0,7.0
598.8986857463042,52.0,2.0,0.0,1.0,0.0,7.0
598.8998395924581,52.0,2.0,0.0,1.0,0.0,7.0
599.199839592458,52.0,2.0,0.0,1.0,0.0,7.0
599.2009934386119,52.0,2.0,0.0,1.0,0.0,7.0
599.5009934386119,52.0,2.0,0.0,1.0,0.0,7.0
599.5021472847658,52.0,2.0,0.0,1.0,0.0,7.0
599.8021472847657,52.0,2.0,0.0,1.0,0.0,7.0
599.8033011309196,52.0,2.0,0.0,1.0,0.0,7.0
600.1033011309196,52.0,2.0,0.0,1.0,0.0,7.0
600.1044549770735,52.0,2.0,0.0,1.0,0.0,7.0
600.4044549770734,52.0,2.0,0.0,1.0,0.0,7.0
600.4056088232273,52.0,2.0,0.0,1.0,0.0,7.0
600.7056088232273,52.0,2.0,0.0,1.0,0.0,7.0
600.7067626693812,52.0,2.0,0.0,1.0,0.0,7.0
601.0067626693811,52.0,2.0,0.0,1.0,0.0,7.0
601.007916515535,52.0,2.0,0.0,1.0,0.0,7.0
601.307916515535,52.0,2.0,0.0,1.0,0.0,7.0
601.3090703616889,52.0,2.0,0.0,1.0,0.0,7.0
601.6090703616889,52.0,2.0,0.0,1.0,0.0,7.0
601.6102242078427,52.0,2.0,0.0,1.0,0.0,7.0
601.9102242078427,52.0,2.0,0.0,1.0,0.0,7.0
601.9113780539966,52.0,2.0,0.0,1.0,0.0,7.0
602.2113780539966,52.0,2.0,0.0,1.0,0.0,7.0
602.2125319001505,52.0,2.0,0.0,1.0,0.0,7.0
602.5125319001504,52.0,2.0,0.0,1.0,0.0,7.0
602.5136857463043,53.0,2.0,0.0,1.0,0.0,7.0
602.8136857463043,53.0,2.0,0.0,1.0,0.0,7.0
602.8148178217759,53.0,2.0,0.0,1.0,0.0,7.0
603.1148178217759,53.0,2.0,0.0,1.0,0.0,7.0
603.1159498972476,53.0,2.0,0.0,1.0,0.0,7.0
603.4159498972475,53.0,2.0,0.0,1.0,0.0,7.0
603.4170819727192,53.0,2.0,0.0,1.0,0.0,7.0
603.7170819727191,53.0,2.0,0.0,1.0,0.0,7.0
603.7182140481908,53.0,2.0,0.0,1.0,0.0,7.0
604.0182140481908,53.0,2.0,0.0,1.0,0.0,7.0
604.0193461236624,53.0,2.0,0.0,1.0,0.0,7.0
604.3193461236624,53.0,2.0,0.0,1.0,0.0,7.0
604.3204781991341,53.0,2.0,0.0,1.0,0.0,7.0
604.620478199134,53.0,2.0,0.0,1.0,0.0,7.0
604.6216102746057,53.0,2.0,0.0,1.0,0.0,7.0
604.9216102746057,53.0,2.0,0.0,1.0,0.0,7.0
604.9227423500773,53.0,2.0,0.0,1.0,0.0,7.0
605.2227423500773,53.0,2.0,0.0,1.0,0.0,7.0
605.223874425549,53.0,2.0,0.0,1.0,0.0,7.0
605.5238744255489,53.0,2.0,0.0,1.0,0.0,7.0
605.5250065010206,53.0,2.0,0.0,1.0,0.0,7.0
605.8250065010205,53.0,2.0,0.0,1.0,0.0,7.0
605.8261385764922,53.0,2.0,0.0,1.0,0.0,7.0
606.1261385764922,53.0,2.0,0.0,1.0,0.0,7.0
606.1272706519638,53.0,2.0,0.0,1.0,0.0,7.0
606.4272706519638,53.0,2.0,0.0,1.0,0.0,7.0
606.4284027274355,53.0,2.0,0.0,1.0,0.0,7.0
606.7284027274354,53.0,2.0,0.0,1.0,0.0,7.0
606.7295348029071,53.0,2.0,0.0,1.0,0.0,7.0
607.029534802907,53.0,2.0,0.0,1.0,0.0,7.0
607.0306668783787,53.0,2.0,0.0,1.0,0.0,7.0
607.3306668783787,53.0,2.0,0.0,1.0,0.0,7.0
607.3317989538504,53.0,2.0,0.0,1.0,0.0,7.0
607.6317989538503,53.0,2.0,0.0,1.0,0.0,7.0
607.632931029322,53.0,2.0,0.0,1.0,0.0,7.0
607.9329310293219,53.0,2.0,0.0,1.0,0.0,7.0
607.9340631047936,53.0,2.0,0.0,1.0,0.0,7.0
608.2340631047936,53.0,2.0,0.0,1.0,0.0,7.0
608.2351951802652,53.0,2.0,0.0,1.0,0.0,7.0
608.5351951802652,53.0,2.0,0.0,1.0,0.0,7.0
608.5363272557369,53.0,2.0,0.0,1.0,0.0,7.0
608.8363272557368,53.0,2.0,0.0,1.0,0.0,7.0
608.8374593312085,53.0,2.0,0.0,1.0,0.0,7.0
609.1374593312084,53.0,2.0,0.0,1.0,0.0,7.0
609.1385914066801,54.0,2.0,0.0,1.0,0.0,7.0
609.4385914066801,54.0,2.0,0.0,1.0,0.0,7.0
609.4397025177911,54.0,2.0,0.0,1.0,0.0,7.0
609.7397025177911,54.0,2.0,0.0,1.0,0.0,7.0
609.7408136289022,54.0,2.0,0.0,1.0,0.0,7.0
610.0408136289021,54.0,2.0,0.0,1.0,0.0,7.0
610.0419247400132,54.0,2.0,0.0,1.0,0.0,7.0
610.3419247400132,54.0,2.0,0.0,1.0,0.0,7.0
610.3430358511242,54.0,2.0,0.0,1.0,0.0,7.0
610.6430358511242,54.0,2.0,0.0,1.0,0.0,7.0
610.6441469622353,54.0,2.0,0.0,1.0,0.0,7.0
610.9441469622352,54.0,2.0,0.0,1.0,0.0,7.0
610.9452580733463,54.0,2.0,0.0,1.0,0.0,7.0
611.2452580733462,54.0,2.0,0.0,1.0,0.0,7.0
611.2463691844573,54.0,2.0,0.0,1.0,0.0,7.0
611.5463691844573,54.0,2.0,0.0,1.0,0.0,7.0
611.5474802955683,54.0,2.0,0.0,1.0,0.0,7.0
611.8474802955683,54.0,2.0,0.0,1.0,0.0,7.0
611.8485914066794,54.0,2.0,0.0,1.0,0.0,7.0
612.1485914066793,54.0,2.0,0.0,1.0,0.0,7.0
612.1497025177904,54.0,2.0,0.0,1.0,0.0,7.0
612.4497025177903,54.0,2.0,0.0,1.0,0.0,7.0
612.4508136289014,54.0,2.0,0.0,1.0,0.0,7.0
612.7508136289014,54.0,2.0,0.0,1.0,0.0,7.0
612.7519247400124,54.0,2.0,0.0,1.0,0.0,7.0
613.0519247400124,54.0,2.0,0.0,1.0,0.0,7.0
613.0530358511235,54.0,2.0,0.0,1.0,0.0,7.0
613.3530358511234,54.0,2.0,0.0,1.0,0.0,7.0
613.3541469622345,54.0,2.0,0.0,1.0,0.0,6.0
613.6541469622344,54.0,2.0,0.0,1.0,0.0,6.0
613.6552580733455,54.0,2.0,0.0,1.0,0.0,6.0
613.9552580733455,54.0,2.0,0.0,1.0,0.0,6.0
613.9563691844565,54.0,2.0,0.0,1.0,0.0,6.0
614.2563691844565,54.0,2.0,0.0,1.0,0.0,6.0
614.2574802955676,54.0,2.0,0.0,1.0,0.0,6.0
614.5574802955675,54.0,2.0,0.0,1.0,0.0,6.0
614.5585914066786,54.0,2.0,0.0,1.0,0.0,6.0
614.8585914066786,54.0,2.0,0.0,1.0,0.0,6.0
614.8597025177896,54.0,2.0,0.0,1.0,0.0,6.0
615.1597025177896,54.0,2.0,0.0,1.0,0.0,6.0
615.1608136289007,54.0,2.0,0.0,1.0,0.0,6.0
615.4608136289006,54.0,2.0,0.0,1.0,0.0,6.0
615.4619247400117,55.0,2.0,0.0,1.0,0.0,6.0
615.7619247400116,55.0,2.0,0.0,1.0,0.0,6.0
615.7630156491025,55.0,2.0,0.0,1.0,0.0,6.0
616.0630156491025,55.0,2.0,0.0,1.0,0.0,6.0
616.0641065581933,55.0,2.0,0.0,1.0,0.0,6.0
616.3641065581933,55.0,2.0,0.0,1.0,0.0,6.0
616.3651974672841,55.0,2.0,0.0,1.0,0.0,6.0
616.6651974672841,55.0,2.0,0.0,1.0,0.0,6.0
616.666288376375,55.0,2.0,0.0,1.0,0.0,6.0
616.9662883763749,55.0,2.0,0.0,1.0,0.0,6.0
616.9673792854658,55.0,2.0,0.0,1.0,0.0,6.0
617.2673792854657,55.0,2.0,0.0,1.0,0.0,6.0
617.2684701945566,55.0,2.0,0.0,1.0,0.0,6.0
617.5684701945565,55.0,2.0,0.0,1.0,0.0,6.0
617.5695611036474,55.0,2.0,0.0,1.0,0.0,6.0
617.8695611036474,55.0,2.0,0.0,1.0,0.0,6.0
617.8706520127382,55.0,2.0,0.0,1.0,0.0,6.0
618.1706520127382,55.0,2.0,0.0,1.0,0.0,6.0
618.171742921829,55.0,2.0,0.0,1.0,0.0,6.0
618.471742921829,55.0,2.0,0.0,1.0,0.0,6.0
618.4728338309199,55.0,2.0,0.0,1.0,0.0,6.0
618.7728338309198,55.0,2.0,0.0,1.0,0.0,6.0
618.7739247400107,55.0,2.0,0.0,1.0,0.0,6.0
619.0739247400106,55.0,2.0,0.0,1.0,0.0,6.0
619.0750156491015,55.0,2.0,0.0,1.0,0.0,6.0
619.3750156491014,55.0,2.0,0.0,1.0,0.0,6.0
619.3761065581923,55.0,2.0,0.0,1.0,0.0,6.0
619.6761065581923,55.0,2.0,0.0,1.0,0.0,6.0
619.6771974672831,55.0,2.0,0.0,1.0,0.0,6.0
619.9771974672831,55.0,2.0,0.0,1.0,0.0,6.0
619.9782883763739,55.0,2.0,0.0,1.0,0.0,6.0
620.2782883763739,55.0,2.0,0.0,1.0,0.0,6.0
620.2793792854648,55.0,2.0,0.0,1.0,0.0,6.0
620.5793792854647,55.0,2.0,0.0,1.0,0.0,6.0
620.5804701945556,55.0,2.0,0.0,1.0,0.0,6.0
620.8804701945555,55.0,2.0,0.0,1.0,0.0,6.0
620.8815611036464,55.0,2.0,0.0,1.0,0.0,6.0
621.1815611036463,55.0,2.0,0.0,1.0,0.0,6.0
621.1826520127372,55.0,2.0,0.0,1.0,0.0,6.0
621.4826520127372,55.0,2.0,0.0,1.0,0.0,6.0
621.483742921828,55.0,2.0,0.0,1.0,0.0,6.0
621.783742921828,55.0,2.0,0.0,1.0,0.0,6.0
621.7848338309188,55.0,2.0,0.0,1.0,0.0,6.0
622.0848338309188,55.0,2.0,0.0,1.0,0.0,6.0
622.0859247400097,55.0,2.0,0.0,1.0,0.0,6.0
622.3859247400096,55.0,2.0,0.0,1.0,0.0,6.0
622.3870156491005,55.0,2.0,0.0,1.0,0.0,6.0
622.6870156491004,55.0,2.0,0.0,1.0,0.0,6.0
622.6881065581913,55.0,2.0,0.0,1.0,0.0,6.0
622.9881065581912,55.0,2.0,0.0,1.0,0.0,6.0
622.9891974672821,55.0,2.0,0.0,1.0,0.0,6.0
623.2891974672821,55.0,2.0,0.0,1.0,0.0,6.0
623.2902883763729,55.0,2.0,0.0,1.0,0.0,6.0
623.5902883763729,55.0,2.0,0.0,1.0,0.0,6.0
623.5913792854637,55.0,2.0,0.0,1.0,0.0,6.0
623.8913792854637,55.0,2.0,0.0,1.0,0.0,6.0
623.8924701945546,55.0,2.0,0.0,1.0,0.0,6.0
624.1924701945545,55.0,2.0,0.0,1.0,0.0,6.0
624.1935611036454,55.0,2.0,0.0,1.0,0.0,6.0
624.4935611036453,55.0,2.0,0.0,1.0,0.0,6.0
624.4946520127362,55.0,2.0,0.0,1.0,0.0,6.0
624.7946520127362,55.0,2.0,0.0,1.0,0.0,6.0
624.795742921827,55.0,2.0,0.0,1.0,0.0,6.0
625.095742921827,55.0,2.0,0.0,1.0,0.0,6.0
625.0968338309178,55.0,2.0,0.0,1.0,0.0,6.0
625.3968338309178,55.0,2.0,0.0,1.0,0.0,6.0
625.3979247400086,55.0,2.0,0.0,1.0,0.0,6.0
625.6979247400086,55.0,2.0,0.0,1.0,0.0,6.0
625.6990156490995,55.0,2.0,0.0,1.0,0.0,6.0
625.9990156490994,55.0,2.0,0.0,1.0,0.0,6.0
626.0001065581903,55.0,2.0,0.0,1.0,0.0,6.0
626.3001065581902,55.0,2.0,0.0,1.0,0.0,6.0
626.3011974672811,55.0,2.0,0.0,1.0,0.0,6.0
626.601197467281,55.0,2.0,0.0,1.0,0.0,6.0
626.6022883763719,55.0,2.0,0.0,1.0,0.0,6.0
626.9022883763719,55.0,2.0,0.0,1.0,0.0,6.0
626.9033792854627,55.0,2.0,0.0,1.0,0.0,6.0
627.2033792854627,55.0,2.0,0.0,1.0,0.0,6.0
627.2044701945536,55.0,2.0,0.0,1.0,0.0,6.0
627.5044701945535,55.0,2.0,0.0,1.0,0.0,6.0
627.5055611036444,55.0,2.0,0.0,1.0,0.0,6.0
627.8055611036443,55.0,2.0,0.0,1.0,0.0,6.0
627.8066520127352,55.0,2.0,0.0,1.0,0.0,6.0
628.1066520127351,55.0,2.0,0.0,1.0,0.0,6.0
628.107742921826,55.0,2.0,0.0,1.0,0.0,6.0
628.407742921826,55.0,2.0,0.0,1.0,0.0,6.0
628.4088338309168,55.0,2.0,0.0,1.0,0.0,6.0
628.7088338309168,55.0,2.0,0.0,1.0,0.0,6.0
628.7099247400076,55.0,2.0,0.0,1.0,0.0,6.0
629.0099247400076,55.0,2.0,0.0,1.0,0.0,6.0
629.0110156490985,55.0,2.0,0.0,1.0,0.0,6.0
629.3110156490984,55.0,2.0,0.0,1.0,0.0,6.0
629.3121065581893,55.0,2.0,0.0,1.0,0.0,6.0
629.6121065581892,55.0,2.0,0.0,1.0,0.0,6.0
629.6131974672801,55.0,2.0,0.0,1.0,0.0,6.0
629.91319746728,55.0,2.0,0.0,1.0,0.0,6.0
629.9142883763709,55.0,2.0,0.0,1.0,0.0,6.0
630.2142883763709,55.0,2.0,0.0,1.0,0.0,6.0
630.2153792854617,55.0,2.0,0.0,1.0,0.0,6.0
630.5153792854617,55.0,2.0,0.0,1.0,0.0,6.0
630.5164701945525,55.0,2.0,0.0,1.0,0.0,6.0
630.8164701945525,55.0,2.0,0.0,1.0,0.0,6.0
630.8175611036434,55.0,2.0,0.0,1.0,0.0,6.0
631.1175611036433,55.0,2.0,0.0,1.0,0.0,6.0
631.1186520127342,55.0,2.0,0.0,1.0,0.0,6.0
631.4186520127341,55.0,2.0,0.0,1.0,0.0,6.0
631.419742921825,55.0,2.0,0.0,1.0,0.0,6.0
631.719742921825,55.0,2.0,0.0,1.0,0.0,6.0
631.7208338309158,55.0,2.0,0.0,1.0,0.0,6.0
632.0208338309158,55.0,2.0,0.0,1.0,0.0,6.0
632.0219247400066,55.0,2.0,0.0,1.0,0.0,6.0
632.3219247400066,55.0,2.0,0.0,1.0,0.0,6.0
632.3230156490974,55.0,2.0,0.0,1.0,0.0,6.0
632.6230156490974,55.0,2.0,0.0,1.0,0.0,6.0
632.6241065581883,55.0,2.0,0.0,1.0,0.0,6.0
632.9241065581882,55.0,2.0,0.0,1.0,0.0,6.0
632.9251974672791,55.0,2.0,0.0,1.0,0.0,6.0
633.225197467279,55.0,2.0,0.0,1.0,0.0,6.0
633.2262883763699,55.0,2.0,0.0,1.0,0.0,6.0
633.5262883763698,55.0,2.0,0.0,1.0,0.0,6.0
633.5273792854607,55.0,2.0,0.0,1.0,0.0,6.0
633.8273792854607,55.0,2.0,0.0,1.0,0.0,6.0
633.8284701945515,55.0,2.0,0.0,1.0,0.0,6.0
634.1284701945515,55.0,2.0,0.0,1.0,0.0,6.0
634.1295611036423,55.0,2.0,0.0,1.0,0.0,6.0
634.4295611036423,55.0,2.0,0.0,1.0,0.0,6.0
634.4306520127332,55.0,2.0,0.0,1.0,0.0,6.0
634.7306520127331,55.0,2.0,0.0,1.0,0.0,6.0
634.731742921824,55.0,2.0,0.0,1.0,0.0,6.0
635.0317429218239,55.0,2.0,0.0,1.0,0.0,6.0
635.0328338309148,55.0,2.0,0.0,1.0,0.0,6.0
635.3328338309148,55.0,2.0,0.0,1.0,0.0,6.0
635.3339247400056,55.0,2.0,0.0,1.0,0.0,6.0
635.6339247400056,55.0,2.0,0.0,1.0,0.0,6.0
635.6350156490964,55.0,2.0,0.0,1.0,0.0,6.0
635.9350156490964,55.0,2.0,0.0,1.0,0.0,6.0
635.9361065581872,55.0,2.0,0.0,1.0,0.0,6.0
636.2361065581872,55.0,2.0,0.0,1.0,0.0,6.0
636.2371974672781,55.0,2.0,0.0,1.0,0.0,6.0
636.537197467278,55.0,2.0,0.0,1.0,0.0,6.0
636.5382883763689,55.0,2.0,0.0,1.0,0.0,6.0
636.8382883763688,55.0,2.0,0.0,1.0,0.0,6.0
636.8393792854597,55.0,2.0,0.0,1.0,0.0,6.0
637.1393792854597,55.0,2.0,0.0,1.0,0.0,6.0
637.1404701945505,55.0,2.0,0.0,1.0,0.0,6.0
637.4404701945505,55.0,2.0,0.0,1.0,0.0,6.0
637.4415611036413,56.0,2.0,0.0,1.0,0.0,6.0
637.7415611036413,56.0,2.0,0.0,1.0,0.0,6.0
637.7426325322127,56.0,2.0,0.0,1.0,0.0,6.0
638.0426325322127,56.0,2.0,0.0,1.0,0.0,6.0
638.0437039607841,56.0,2.0,0.0,1.0,0.0,6.0
638.3437039607841,56.0,2.0,0.0,1.0,0.0,6.0
638.3447753893555,56.0,2.0,0.0,1.0,0.0,6.0
638.6447753893555,56.0,2.0,0.0,1.0,0.0,6.0
638.6458468179269,56.0,2.0,0.0,1.0,0.0,6.0
638.9458468179268,56.0,2.0,0.0,1.0,0.0,6.0
638.9469182464983,56.0,2.0,0.0,1.0,0.0,6.0
639.2469182464982,56.0,2.0,0.0,1.0,0.0,6.0
639.2479896750697,56.0,2.0,0.0,1.0,0.0,6.0
639.5479896750696,56.0,2.0,0.0,1.0,0.0,6.0
639.5490611036411,56.0,2.0,0.0,1.0,0.0,6.0
639.849061103641,56.0,2.0,0.0,1.0,0.0,6.0
639.8501325322125,56.0,2.0,0.0,1.0,0.0,6.0
640.1501325322124,56.0,2.0,0.0,1.0,0.0,6.0
640.1512039607838,56.0,2.0,0.0,1.0,0.0,6.0
640.4512039607838,56.0,2.0,0.0,1.0,0.0,6.0
640.4522753893552,56.0,2.0,0.0,1.0,0.0,6.0
640.7522753893552,56.0,2.0,0.0,1.0,0.0,6.0
640.7533468179266,56.0,2.0,0.0,1.0,0.0,6.0
641.0533468179266,56.0,2.0,0.0,1.0,0.0,6.0
641.054418246498,57.0,2.0,0.0,1.0,0.0,6.0
641.354418246498,57.0,2.0,0.0,1.0,0.0,6.0
641.355470878077,57.0,2.0,0.0,1.0,0.0,6.0
641.6554708780769,57.0,2.0,0.0,1.0,0.0,6.0
641.6565235096559,57.0,2.0,0.0,1.0,0.0,6.0
641.9565235096559,57.0,2.0,0.0,1.0,0.0,6.0
641.9575761412349,57.0,2.0,0.0,1.0,0.0,6.0
642.2575761412348,57.0,2.0,0.0,1.0,0.0,6.0
642.2586287728138,57.0,2.0,0.0,1.0,0.0,6.0
642.5586287728138,57.0,2.0,0.0,1.0,0.0,6.0
642.5596814043928,57.0,2.0,0.0,1.0,0.0,6.0
642.8596814043927,57.0,2.0,0.0,1.0,0.0,6.0
642.8607340359717,57.0,2.0,0.0,1.0,0.0,6.0
643.1607340359717,57.0,2.0,0.0,1.0,0.0,6.0
643.1617866675507,57.0,2.0,0.0,1.0,0.0,6.0
643.4617866675507,57.0,2.0,0.0,1.0,0.0,6.0
643.4628392991297,57.0,2.0,0.0,1.0,0.0,6.0
643.7628392991296,57.0,2.0,0.0,1.0,0.0,6.0
643.7638919307086,57.0,2.0,0.0,1.0,0.0,6.0
644.0638919307086,57.0,2.0,0.0,1.0,0.0,6.0
644.0649445622876,57.0,2.0,0.0,1.0,0.0,6.0
644.3649445622875,57.0,2.0,0.0,1.0,0.0,6.0
644.3659971938665,57.0,2.0,0.0,1.0,0.0,6.0
644.6659971938665,57.0,2.0,0.0,1.0,0.0,6.0
644.6670498254455,57.0,2.0,0.0,1.0,0.0,6.0
644.9670498254454,57.0,2.0,0.0,1.0,0.0,6.0
644.9681024570244,57.0,2.0,0.0,1.0,0.0,6.0
645.2681024570244,57.0,2.0,0.0,1.0,0.0,6.0
645.2691550886034,57.0,2.0,0.0,1.0,0.0,6.0
645.5691550886033,57.0,2.0,0.0,1.0,0.0,6.0
645.5702077201823,57.0,2.0,0.0,1.0,0.0,6.0
645.8702077201823,57.0,2.0,0.0,1.0,0.0,6.0
645.8712603517613,57.0,2.0,0.0,1.0,0.0,6.0
646.1712603517612,57.0,2.0,0.0,1.0,0.0,6.0
646.1723129833402,57.0,2.0,0.0,1.0,0.0,6.0
646.4723129833402,57.0,2.0,0.0,1.0,0.0,6.0
646.4733656149192,57.0,2.0,0.0,1.0,0.0,6.0
646.7733656149192,57.0,2.0,0.0,1.0,0.0,6.0
646.7744182464982,57.0,2.0,0.0,1.0,0.0,6.0
647.0744182464981,57.0,2.0,0.0,1.0,0.0,6.0
647.0754708780771,57.0,2.0,0.0,1.0,0.0,6.0
647.3754708780771,57.0,2.0,0.0,1.0,0.0,6.0
647.3765235096561,57.0,2.0,0.0,1.0,0.0,6.0
647.676523509656,57.0,2.0,0.0,1.0,0.0,6.0
647.677576141235,57.0,2.0,0.0,1.0,0.0,6.0
647.977576141235,57.0,2.0,0.0,1.0,0.0,6.0
647.978628772814,57.0,2.0,0.0,1.0,0.0,6.0
648.2786287728139,57.0,2.0,0.0,1.0,0.0,6.0
648.2796814043929,57.0,2.0,0.0,1.0,0.0,6.0
648.5796814043929,57.0,2.0,0.0,1.0,0.0,6.0
648.5807340359719,58.0,2.0,0.0,1.0,0.0,6.0
648.8807340359718,58.0,2.0,0.0,1.0,0.0,6.0
648.8817685187305,58.0,2.0,0.0,1.0,0.0,6.0
649.1817685187305,58.0,2.0,0.0,1.0,0.0,6.0
649.1828030014891,58.0,2.0,0.0,1.0,0.0,6.0
649.4828030014891,58.0,2.0,0.0,1.0,0.0,6.0
649.4838374842477,58.0,2.0,0.0,1.0,0.0,6.0
649.7838374842477,58.0,2.0,0.0,1.0,0.0,6.0
649.7848719670063,58.0,2.0,0.0,1.0,0.0,6.0
650.0848719670063,58.0,2.0,0.0,1.0,0.0,6.0
650.0859064497649,58.0,2.0,0.0,1.0,0.0,6.0
650.3859064497649,58.0,2.0,0.0,1.0,0.0,6.0
650.3869409325235,58.0,2.0,0.0,6.0,0.0,6.0
650.6869409325235,58.0,2.0,0.0,6.0,0.0,6.0
650.6879754152822,58.0,2.0,0.0,6.0,0.0,6.0
650.9879754152821,58.0,2.0,0.0,6.0,0.0,6.0
650.9890098980408,58.0,2.0,0.0,6.0,0.0,6.0
651.2890098980407,58.0,2.0,0.0,6.0,0.0,6.0
651.2900443807994,58.0,2.0,0.0,6.0,0.0,6.0
651.5900443807993,58.0,2.0,0.0,6.0,0.0,6.0
651.591078863558,58.0,2.0,0.0,6.0,0.0,6.0
651.8910788635579,58.0,2.0,0.0,6.0,0.0,6.0
651.8921133463166,58.0,2.0,0.0,6.0,0.0,6.0
652.1921133463165,58.0,2.0,0.0,6.0,0.0,6.0
652.1931478290752,58.0,2.0,0.0,6.0,0.0,6.0
652.4931478290752,58.0,2.0,0.0,6.0,0.0,6.0
652.4941823118338,58.0,2.0,0.0,6.0,0.0,6.0
652.7941823118338,58.0,2.0,0.0,6.0,0.0,6.0
652.7952167945924,58.0,2.0,0.0,6.0,0.0,6.0
653.0952167945924,58.0,2.0,0.0,6.0,0.0,6.0
653.096251277351,58.0,2.0,0.0,6.0,0.0,6.0
653.396251277351,58.0,2.0,0.0,6.0,0.0,6.0
653.3972857601096,58.0,2.0,0.0,6.0,0.0,6.0
653.6972857601096,58.0,2.0,0.0,6.0,0.0,6.0
653.6983202428682,58.0,2.0,0.0,6.0,0.0,6.0
653.9983202428682,58.0,2.0,0.0,6.0,0.0,6.0
653.9993547256269,58.0,2.0,0.0,6.0,0.0,6.0
654.2993547256268,58.0,2.0,0.0,6.0,0.0,6.0
654.3003892083855,58.0,2.0,0.0,6.0,0.0,6.0
654.6003892083854,58.0,2.0,0.0,6.0,0.0,6.0
654.6014236911441,58.0,2.0,0.0,6.0,0.0,6.0
654.901423691144,58.0,2.0,0.0,6.0,0.0,6.0
654.9024581739027,58.0,2.0,0.0,6.0,0.0,6.0
655.2024581739026,58.0,2.0,0.0,6.0,0.0,6.0
655.2034926566613,58.0,2.0,0.0,6.0,0.0,6.0
655.5034926566613,58.0,2.0,0.0,6.0,0.0,6.0
655.5045271394199,58.0,2.0,0.0,6.0,0.0,6.0
655.8045271394199,58.0,2.0,0.0,6.0,0.0,6.0
655.8055616221785,58.0,2.0,0.0,6.0,0.0,6.0
656.1055616221785,58.0,2.0,0.0,6.0,0.0,6.0
656.1065961049371,58.0,2.0,0.0,6.0,0.0,6.0
656.4065961049371,58.0,2.0,0.0,6.0,0.0,6.0
656.4076305876957,58.0,2.0,0.0,6.0,0.0,6.0
656.7076305876957,58.0,2.0,0.0,6.0,0.0,6.0
656.7086650704543,58.0,2.0,0.0,6.0,0.0,6.0
657.0086650704543,58.0,2.0,0.0,6.0,0.0,6.0
657.009699553213,58.0,2.0,0.0,6.0,0.0,6.0
657.3096995532129,58.0,2.0,0.0,6.0,0.0,6.0
657.3107340359716,58.0,2.0,0.0,6.0,0.0,6.0
657.6107340359715,58.0,2.0,0.0,6.0,0.0,6.0
657.6117685187302,58.0,2.0,0.0,6.0,0.0,6.0
657.9117685187301,58.0,2.0,0.0,6.0,0.0,6.0
657.9128030014888,58.0,2.0,0.0,6.0,0.0,6.0
658.2128030014887,58.0,2.0,0.0,6.0,0.0,6.0
658.2138374842474,58.0,2.0,0.0,6.0,0.0,6.0
658.5138374842473,58.0,2.0,0.0,6.0,0.0,6.0
658.514871967006,58.0,2.0,0.0,6.0,0.0,6.0
658.814871967006,58.0,2.0,0.0,6.0,0.0,6.0
658.8159064497646,58.0,2.0,0.0,6.0,0.0,6.0
659.1159064497646,58.0,2.0,0.0,6.0,0.0,6.0
659.1169409325232,58.0,2.0,0.0,6.0,0.0,6.0
659.4169409325232,58.0,2.0,0.0,6.0,0.0,6.0
659.4179754152818,58.0,2.0,0.0,6.0,0.0,6.0
659.7179754152818,58.0,2.0,0.0,6.0,0.0,6.0
659.7190098980404,58.0,2.0,0.0,6.0,0.0,6.0
660.0190098980404,58.0,2.0,0.0,6.0,0.0,6.0
660.020044380799,58.0,2.0,0.0,6.0,0.0,6.0
660.320044380799,58.0,2.0,0.0,6.0,0.0,6.0
660.3210788635577,58.0,2.0,0.0,6.0,0.0,6.0
660.6210788635576,58.0,2.0,0.0,6.0,0.0,6.0
660.6221133463163,58.0,2.0,0.0,6.0,0.0,6.0
660.9221133463162,58.0,2.0,0.0,6.0,0.0,6.0
660.9231478290749,58.0,2.0,0.0,6.0,0.0,6.0
661.2231478290748,58.0,2.0,0.0,6.0,0.0,6.0
661.2241823118335,58.0,2.0,0.0,6.0,0.0,6.0
661.5241823118334,58.0,2.0,0.0,6.0,0.0,6.0
661.5252167945921,58.0,2.0,0.0,6.0,0.0,6.0
661.825216794592,58.0,2.0,0.0,6.0,0.0,6.0
661.8262512773507,58.0,2.0,0.0,6.0,0.0,6.0
662.1262512773507,58.0,2.0,0.0,6.0,0.0,6.0
662.1272857601093,58.0,2.0,0.0,6.0,0.0,6.0
662.4272857601093,58.0,2.0,0.0,6.0,0.0,6.0
662.4283202428679,58.0,2.0,0.0,6.0,0.0,6.0
662.7283202428679,58.0,2.0,0.0,6.0,0.0,6.0
662.7293547256265,58.0,2.0,0.0,6.0,0.0,6.0
663.0293547256265,58.0,2.0,0.0,6.0,0.0,6.0
663.0303892083851,58.0,2.0,0.0,6.0,0.0,6.0
663.3303892083851,58.0,2.0,0.0,6.0,0.0,6.0
663.3314236911438,58.0,2.0,0.0,6.0,0.0,6.0
663.6314236911437,58.0,2.0,0.0,6.0,0.0,6.0
663.6324581739024,58.0,2.0,0.0,6.0,0.0,6.0
663.9324581739023,58.0,2.0,0.0,6.0,0.0,6.0
663.933492656661,58.0,2.0,0.0,6.0,0.0,6.0
664.2334926566609,58.0,2.0,0.0,6.0,0.0,6.0
664.2345271394196,58.0,2.0,0.0,6.0,0.0,6.0
664.5345271394195,58.0,2.0,0.0,6.0,0.0,6.0
664.5355616221782,58.0,2.0,0.0,6.0,0.0,6.0
664.8355616221781,58.0,2.0,0.0,6.0,0.0,6.0
664.8365961049368,58.0,2.0,0.0,6.0,0.0,6.0
665.1365961049368,58.0,2.0,0.0,6.0,0.0,6.0
665.1376305876954,58.0,2.0,0.0,6.0,0.0,6.0
665.4376305876954,58.0,2.0,0.0,6.0,0.0,6.0
665.438665070454,58.0,2.0,0.0,6.0,0.0,6.0
665.738665070454,58.0,2.0,0.0,6.0,0.0,6.0
665.7396995532126,58.0,2.0,0.0,6.0,0.0,6.0
666.0396995532126,58.0,2.0,0.0,6.0,0.0,6.0
666.0407340359712,58.0,2.0,0.0,6.0,0.0,6.0
666.3407340359712,58.0,2.0,0.0,6.0,0.0,6.0
666.3417685187299,58.0,2.0,0.0,6.0,0.0,6.0
666.6417685187298,58.0,2.0,0.0,6.0,0.0,6.0
666.6428030014885,58.0,2.0,0.0,6.0,0.0,6.0
666.9428030014884,58.0,2.0,0.0,6.0,0.0,6.0
666.9438374842471,58.0,2.0,0.0,6.0,0.0,6.0
667.243837484247,58.0,2.0,0.0,6.0,0.0,6.0
667.2448719670057,58.0,2.0,0.0,6.0,0.0,6.0
667.5448719670056,58.0,2.0,0.0,6.0,0.0,6.0
667.5459064497643,58.0,2.0,0.0,6.0,0.0,6.0
667.8459064497642,58.0,2.0,0.0,6.0,0.0,6.0
667.8469409325229,58.0,2.0,0.0,4.0,0.0,7.0
668.1469409325229,58.0,2.0,0.0,4.0,0.0,7.0
668.1479754152815,58.0,2.0,0.0,4.0,0.0,7.0
668.4479754152815,58.0,2.0,0.0,4.0,0.0,7.0
668.4490098980401,58.0,2.0,0.0,4.0,0.0,7.0
668.7490098980401,58.0,2.0,0.0,4.0,0.0,7.0
668.7500443807987,58.0,2.0,0.0,4.0,0.0,7.0
669.0500443807987,58.0,2.0,0.0,4.0,0.0,7.0
669.0510788635573,58.0,2.0,0.0,4.0,0.0,7.0
669.3510788635573,58.0,2.0,0.0,4.0,0.0,7.0
669.352113346316,58.0,2.0,0.0,4.0,0.0,7.0
669.6521133463159,58.0,2.0,0.0,4.0,0.0,7.0
669.6531478290746,58.0,2.0,0.0,4.0,0.0,7.0
669.9531478290745,58.0,2.0,0.0,4.0,0.0,7.0
669.9541823118332,58.0,2.0,0.0,4.0,0.0,7.0
670.2541823118331,58.0,2.0,0.0,4.0,0.0,7.0
670.2552167945918,58.0,2.0,0.0,4.0,0.0,7.0
670.5552167945917,58.0,2.0,0.0,4.0,0.0,7.0
670.5562512773504,58.0,2.0,0.0,4.0,0.0,7.0
670.8562512773503,58.0,2.0,0.0,4.0,0.0,7.0
670.857285760109,58.0,2.0,0.0,4.0,0.0,7.0
671.157285760109,58.0,2.0,0.0,4.0,0.0,7.0
671.1583202428676,58.0,2.0,0.0,4.0,0.0,7.0
671.4583202428676,58.0,2.0,0.0,4.0,0.0,7.0
671.4593547256262,58.0,2.0,0.0,4.0,0.0,7.0
671.7593547256262,58.0,2.0,0.0,4.0,0.0,7.0
671.7603892083848,58.0,2.0,0.0,4.0,0.0,7.0
672.0603892083848,58.0,2.0,0.0,4.0,0.0,7.0
672.0614236911434,58.0,2.0,0.0,4.0,0.0,7.0
672.3614236911434,58.0,2.0,0.0,4.0,0.0,7.0
672.362458173902,58.0,2.0,0.0,4.0,0.0,7.0
672.662458173902,58.0,2.0,0.0,4.0,0.0,7.0
672.6634926566607,58.0,2.0,0.0,4.0,0.0,7.0
672.9634926566606,58.0,2.0,0.0,4.0,0.0,7.0
672.9645271394193,58.0,2.0,0.0,4.0,0.0,7.0
673.2645271394192,58.0,2.0,0.0,4.0,0.0,7.0
673.2655616221779,58.0,2.0,0.0,4.0,0.0,7.0
673.5655616221778,58.0,2.0,0.0,4.0,0.0,7.0
673.5665961049365,58.0,2.0,0.0,4.0,0.0,7.0
673.8665961049364,58.0,2.0,0.0,4.0,0.0,7.0
673.8676305876951,58.0,2.0,0.0,4.0,0.0,7.0
674.167630587695,58.0,2.0,0.0,4.0,0.0,7.0
674.1686650704537,58.0,2.0,0.0,4.0,0.0,7.0
674.4686650704537,58.0,2.0,0.0,4.0,0.0,7.0
674.4696995532123,58.0,2.0,0.0,4.0,0.0,7.0
674.7696995532123,58.0,2.0,0.0,4.0,0.0,7.0
674.7707340359709,58.0,2.0,0.0,4.0,0.0,7.0
675.0707340359709,58.0,2.0,0.0,4.0,0.0,7.0
675.0717685187295,58.0,2.0,0.0,4.0,0.0,7.0
675.3717685187295,58.0,2.0,0.0,4.0,0.0,7.0
675.3728030014881,58.0,2.0,0.0,4.0,0.0,7.0
675.6728030014881,58.0,2.0,0.0,4.0,0.0,7.0
675.6738374842467,58.0,2.0,0.0,4.0,0.0,7.0
675.9738374842467,58.0,2.0,0.0,4.0,0.0,7.0
675.9748719670054,58.0,2.0,0.0,4.0,0.0,7.0
676.2748719670053,58.0,2.0,0.0,4.0,0.0,7.0
676.275906449764,58.0,2.0,0.0,4.0,0.0,7.0
676.5759064497639,58.0,2.0,0.0,4.0,0.0,7.0
676.5769409325226,58.0,2.0,0.0,4.0,0.0,7.0
676.8769409325225,58.0,2.0,0.0,4.0,0.0,7.0
676.8779754152812,58.0,2.0,0.0,4.0,0.0,7.0
677.1779754152811,58.0,2.0,0.0,4.0,0.0,7.0
677.1790098980398,58.0,2.0,0.0,4.0,0.0,7.0
677.4790098980397,58.0,2.0,0.0,4.0,0.0,7.0
677.4800443807984,58.0,2.0,0.0,4.0,0.0,7.0
677.7800443807984,58.0,2.0,0.0,4.0,0.0,7.0
677.781078863557,58.0,2.0,0.0,4.0,0.0,7.0
678.081078863557,58.0,2.0,0.0,4.0,0.0,7.0
678.0821133463156,58.0,2.0,0.0,4.0,0.0,7.0
678.3821133463156,58.0,2.0,0.0,4.0,0.0,7.0
678.3831478290742,58.0,2.0,0.0,4.0,0.0,7.0
678.6831478290742,58.0,2.0,0.0,4.0,0.0,7.0
678.6841823118328,58.0,2.0,0.0,4.0,0.0,7.0
678.9841823118328,58.0,2.0,0.0,4.0,0.0,7.0
678.9852167945915,58.0,2.0,0.0,4.0,0.0,7.0
679.2852167945914,58.0,2.0,0.0,4.0,0.0,7.0
679.2862512773501,58.0,2.0,0.0,4.0,0.0,7.0
679.58625127735,58.0,2.0,0.0,4.0,0.0,7.0
679.5872857601087,58.0,2.0,0.0,4.0,0.0,7.0
679.8872857601086,58.0,2.0,0.0,4.0,0.0,7.0
679.8883202428673,58.0,2.0,0.0,4.0,0.0,7.0
680.1883202428672,58.0,2.0,0.0,4.0,0.0,7.0
680.1893547256259,58.0,2.0,0.0,4.0,0.0,7.0
680.4893547256258,58.0,2.0,0.0,4.0,0.0,7.0
680.4903892083845,59.0,2.0,0.0,4.0,0.0,7.0
680.7903892083845,59.0,2.0,0.0,4.0,0.0,7.0
680.791406157537,59.0,2.0,0.0,4.0,0.0,7.0
681.091406157537,59.0,2.0,0.0,4.0,0.0,7.0
681.0924231066896,59.0,2.0,0.0,4.0,0.0,7.0
681.3924231066895,59.0,2.0,0.0,4.0,0.0,7.0
681.3934400558421,59.0,2.0,0.0,4.0,0.0,7.0
681.6934400558421,59.0,2.0,0.0,4.0,0.0,7.0
681.6944570049947,59.0,2.0,0.0,4.0,0.0,7.0
681.9944570049946,59.0,2.0,0.0,4.0,0.0,7.0
681.9954739541472,59.0,2.0,0.0,4.0,0.0,7.0
682.2954739541472,59.0,2.0,0.0,4.0,0.0,7.0
682.2964909032997,59.0,2.0,0.0,4.0,0.0,7.0
682.5964909032997,59.0,2.0,0.0,4.0,0.0,7.0
682.5975078524523,59.0,2.0,0.0,4.0,0.0,7.0
682.8975078524522,59.0,2.0,0.0,4.0,0.0,7.0
682.8985248016048,59.0,2.0,0.0,4.0,0.0,7.0
683.1985248016048,59.0,2.0,0.0,4.0,0.0,7.0
683.1995417507574,59.0,2.0,0.0,4.0,0.0,7.0
683.4995417507573,59.0,2.0,0.0,4.0,0.0,7.0
683.5005586999099,59.0,2.0,0.0,4.0,0.0,7.0
683.8005586999099,59.0,2.0,0.0,4.0,0.0,7.0
683.8015756490624,60.0,2.0,0.0,4.0,0.0,7.0
684.1015756490624,60.0,2.0,0.0,4.0,0.0,7.0
684.1025756490624,60.0,2.0,0.0,4.0,0.0,7.0
684.4025756490623,60.0,2.0,0.0,4.0,0.0,7.0
684.4035756490623,60.0,2.0,0.0,4.0,0.0,7.0
684.7035756490623,60.0,2.0,0.0,4.0,0.0,7.0
684.7045756490622,60.0,2.0,0.0,4.0,0.0,7.0
685.0045756490622,60.0,2.0,0.0,4.0,0.0,7.0
685.0055756490622,60.0,2.0,0.0,4.0,0.0,7.0
685.3055756490621,60.0,2.0,0.0,4.0,0.0,7.0
685.3065756490621,60.0,2.0,0.0,3.0,0.0,7.0
685.606575649062,60.0,2.0,0.0,3.0,0.0,7.0
685.607575649062,60.0,2.0,0.0,3.0,0.0,7.0
685.907575649062,60.0,2.0,0.0,3.0,0.0,7.0
685.908575649062,60.0,2.0,0.0,3.0,0.0,7.0
686.2085756490619,60.0,2.0,0.0,3.0,0.0,7.0
686.2095756490619,60.0,2.0,0.0,3.0,0.0,7.0
686.5095756490618,60.0,2.0,0.0,3.0,0.0,7.0
686.5105756490618,60.0,2.0,0.0,3.0,0.0,7.0
686.8105756490618,60.0,2.0,0.0,3.0,0.0,7.0
686.8115756490618,60.0,2.0,0.0,3.0,0.0,7.0
687.1115756490617,60.0,2.0,0.0,3.0,0.0,7.0
687.1125756490617,60.0,2.0,0.0,3.0,0.0,7.0
687.4125756490616,60.0,2.0,0.0,3.0,0.0,7.0
687.4135756490616,60.0,2.0,0.0,3.0,0.0,7.0
687.7135756490616,60.0,2.0,0.0,3.0,0.0,7.0
687.7145756490615,60.0,2.0,0.0,3.0,0.0,7.0
688.0145756490615,60.0,2.0,0.0,3.0,0.0,7.0
688.0155756490615,60.0,2.0,0.0,3.0,0.0,7.0
688.3155756490614,60.0,2.0,0.0,3.0,0.0,7.0
688.3165756490614,60.0,2.0,0.0,3.0,0.0,7.0
688.6165756490614,60.0,2.0,0.0,3.0,0.0,7.0
688.6175756490613,60.0,2.0,0.0,3.0,0.0,7.0
688.9175756490613,60.0,2.0,0.0,3.0,0.0,7.0
688.9185756490613,60.0,2.0,0.0,3.0,0.0,7.0
689.2185756490612,60.0,2.0,0.0,3.0,0.0,7.0
689.2195756490612,60.0,2.0,0.0,3.0,0.0,7.0
689.5195756490612,60.0,2.0,0.0,3.0,0.0,7.0
689.5205756490611,60.0,2.0,0.0,3.0,0.0,7.0
689.8205756490611,60.0,2.0,0.0,3.0,0.0,7.0
689.8215756490611,60.0,2.0,0.0,3.0,0.0,7.0
690.121575649061,60.0,2.0,0.0,3.0,0.0,7.0
690.122575649061,60.0,2.0,0.0,3.0,0.0,7.0
690.422575649061,60.0,2.0,0.0,3.0,0.0,7.0
690.4235756490609,60.0,2.0,0.0,3.0,0.0,7.0
690.7235756490609,60.0,2.0,0.0,3.0,0.0,7.0
690.7245756490609,61.0,2.0,0.0,3.0,0.0,7.0
691.0245756490608,61.0,2.0,0.0,3.0,0.0,7.0
691.0255592556182,61.0,2.0,0.0,3.0,0.0,7.0
691.3255592556181,61.0,2.0,0.0,3.0,0.0,7.0
691.3265428621755,61.0,2.0,0.0,3.0,0.0,7.0
691.6265428621755,61.0,2.0,0.0,3.0,0.0,7.0
691.6275264687329,61.0,2.0,0.0,3.0,0.0,7.0
691.9275264687328,61.0,2.0,0.0,3.0,0.0,7.0
691.9285100752902,60.0,2.0,0.0,3.0,0.0,7.0
692.2285100752902,60.0,2.0,0.0,3.0,0.0,7.0
692.2295100752901,60.0,2.0,0.0,3.0,0.0,7.0
692.5295100752901,60.0,2.0,0.0,3.0,0.0,7.0
692.5305100752901,60.0,2.0,0.0,3.0,0.0,7.0
692.83051007529,60.0,2.0,0.0,3.0,0.0,7.0
692.83151007529,60.0,2.0,0.0,3.0,0.0,7.0
693.13151007529,60.0,2.0,0.0,3.0,0.0,7.0
693.1325100752899,60.0,2.0,0.0,3.0,0.0,7.0
693.4325100752899,60.0,2.0,0.0,3.0,0.0,7.0
693.4335100752899,60.0,2.0,0.0,3.0,0.0,7.0
693.7335100752898,60.0,2.0,0.0,3.0,0.0,7.0
693.7345100752898,60.0,2.0,0.0,3.0,0.0,7.0
694.0345100752897,60.0,2.0,0.0,3.0,0.0,7.0
694.0355100752897,60.0,2.0,0.0,3.0,0.0,7.0
694.3355100752897,60.0,2.0,0.0,3.0,0.0,7.0
694.3365100752897,60.0,2.0,0.0,3.0,0.0,7.0
694.6365100752896,60.0,2.0,0.0,3.0,0.0,7.0
694.6375100752896,60.0,2.0,0.0,3.0,0.0,7.0
694.9375100752895,60.0,2.0,0.0,3.0,0.0,7.0
694.9385100752895,60.0,2.0,0.0,3.0,0.0,7.0
695.2385100752895,60.0,2.0,0.0,3.0,0.0,7.0
695.2395100752894,60.0,2.0,0.0,3.0,0.0,7.0
695.5395100752894,60.0,2.0,0.0,3.0,0.0,7.0
695.5405100752894,60.0,2.0,0.0,3.0,0.0,7.0
695.8405100752893,60.0,2.0,0.0,3.0,0.0,7.0
695.8415100752893,60.0,2.0,0.0,3.0,0.0,7.0
696.1415100752893,60.0,2.0,0.0,3.0,0.0,7.0
696.1425100752892,60.0,2.0,0.0,3.0,0.0,7.0
696.4425100752892,60.0,2.0,0.0,3.0,0.0,7.0
696.4435100752892,60.0,2.0,0.0,3.0,0.0,7.0
696.7435100752891,60.0,2.0,0.0,3.0,0.0,7.0
696.7445100752891,60.0,2.0,0.0,3.0,0.0,7.0
697.044510075289,60.0,2.0,0.0,3.0,0.0,7.0
697.045510075289,60.0,2.0,0.0,3.0,0.0,7.0
697.345510075289,60.0,2.0,0.0,3.0,0.0,7.0
697.346510075289,60.0,2.0,0.0,3.0,0.0,7.0
697.6465100752889,60.0,2.0,0.0,3.0,0.0,7.0
697.6475100752889,60.0,2.0,0.0,3.0,0.0,7.0
697.9475100752888,60.0,2.0,0.0,3.0,0.0,7.0
697.9485100752888,60.0,2.0,0.0,3.0,0.0,7.0
698.2485100752888,60.0,2.0,0.0,3.0,0.0,7.0
698.2495100752888,60.0,2.0,0.0,3.0,0.0,7.0
698.5495100752887,60.0,2.0,0.0,3.0,0.0,7.0
698.5505100752887,60.0,2.0,0.0,3.0,0.0,7.0
698.8505100752886,60.0,2.0,0.0,3.0,0.0,7.0
698.8515100752886,60.0,2.0,0.0,3.0,0.0,7.0
699.1515100752886,60.0,2.0,0.0,3.0,0.0,7.0
699.1525100752885,60.0,2.0,0.0,3.0,0.0,7.0
699.4525100752885,60.0,2.0,0.0,3.0,0.0,7.0
699.4535100752885,60.0,2.0,0.0,3.0,0.0,7.0
699.7535100752884,60.0,2.0,0.0,3.0,0.0,7.0
699.7545100752884,60.0,2.0,0.0,3.0,0.0,7.0
700.0545100752884,60.0,2.0,0.0,3.0,0.0,7.0
700.0555100752883,60.0,2.0,0.0,3.0,0.0,7.0
700.3555100752883,60.0,2.0,0.0,3.0,0.0,7.0
700.3565100752883,60.0,2.0,0.0,3.0,0.0,7.0
700.6565100752882,60.0,2.0,0.0,3.0,0.0,7.0
700.6575100752882,60.0,2.0,0.0,3.0,0.0,7.0
700.9575100752882,60.0,2.0,0.0,3.0,0.0,7.0
700.9585100752881,60.0,2.0,0.0,3.0,0.0,7.0
701.2585100752881,60.0,2.0,0.0,3.0,0.0,7.0
701.2595100752881,60.0,2.0,0.0,3.0,0.0,7.0
701.559510075288,60.0,2.0,0.0,3.0,0.0,7.0
701.560510075288,60.0,2.0,0.0,3.0,0.0,7.0
701.860510075288,60.0,2.0,0.0,3.0,0.0,7.0
701.8615100752879,60.0,2.0,0.0,3.0,0.0,7.0
702.1615100752879,60.0,2.0,0.0,3.0,0.0,7.0
702.1625100752879,60.0,2.0,0.0,3.0,0.0,7.0
702.4625100752878,60.0,2.0,0.0,3.0,0.0,7.0
702.4635100752878,60.0,2.0,0.0,3.0,0.0,7.0
702.7635100752877,60.0,2.0,0.0,3.0,0.0,7.0
702.7645100752877,60.0,2.0,0.0,3.0,0.0,7.0
703.0645100752877,60.0,2.0,0.0,3.0,0.0,7.0
703.0655100752876,60.0,2.0,0.0,3.0,0.0,7.0
703.3655100752876,60.0,2.0,0.0,3.0,0.0,7.0
703.3665100752876,60.0,2.0,0.0,3.0,0.0,7.0
703.6665100752875,60.0,2.0,0.0,3.0,0.0,7.0
703.6675100752875,60.0,2.0,0.0,3.0,0.0,7.0
703.9675100752875,60.0,2.0,0.0,3.0,0.0,7.0
703.9685100752874,60.0,2.0,0.0,3.0,0.0,7.0
704.2685100752874,60.0,2.0,0.0,3.0,0.0,7.0
704.2695100752874,60.0,2.0,0.0,3.0,0.0,7.0
704.5695100752873,60.0,2.0,0.0,3.0,0.0,7.0
704.5705100752873,60.0,2.0,0.0,3.0,0.0,7.0
704.8705100752873,60.0,2.0,0.0,3.0,0.0,7.0
704.8715100752872,60.0,2.0,0.0,3.0,0.0,7.0
705.1715100752872,60.0,2.0,0.0,3.0,0.0,7.0
705.1725100752872,60.0,2.0,0.0,3.0,0.0,7.0
705.4725100752871,60.0,2.0,0.0,3.0,0.0,7.0
705.4735100752871,60.0,2.0,0.0,3.0,0.0,7.0
705.773510075287,60.0,2.0,0.0,3.0,0.0,7.0
705.774510075287,60.0,2.0,0.0,3.0,0.0,7.0
706.074510075287,60.0,2.0,0.0,3.0,0.0,7.0
706.075510075287,60.0,2.0,0.0,3.0,0.0,7.0
706.3755100752869,60.0,2.0,0.0,3.0,0.0,7.0
706.3765100752869,60.0,2.0,0.0,3.0,0.0,7.0
706.6765100752868,60.0,2.0,0.0,3.0,0.0,7.0
706.6775100752868,60.0,2.0,0.0,3.0,0.0,7.0
706.9775100752868,60.0,2.0,0.0,3.0,0.0,7.0
706.9785100752867,60.0,2.0,0.0,3.0,0.0,7.0
707.2785100752867,60.0,2.0,0.0,3.0,0.0,7.0
707.2795100752867,60.0,2.0,0.0,3.0,0.0,7.0
707.5795100752866,60.0,2.0,0.0,3.0,0.0,7.0
707.5805100752866,60.0,2.0,0.0,3.0,0.0,7.0
707.8805100752866,60.0,2.0,0.0,3.0,0.0,7.0
707.8815100752865,60.0,2.0,0.0,3.0,0.0,7.0
708.1815100752865,60.0,2.0,0.0,3.0,0.0,7.0
708.1825100752865,60.0,2.0,0.0,3.0,0.0,7.0
708.4825100752864,60.0,2.0,0.0,3.0,0.0,7.0
708.4835100752864,60.0,2.0,0.0,3.0,0.0,7.0
708.7835100752864,60.0,2.0,0.0,3.0,0.0,7.0
708.7845100752863,60.0,2.0,0.0,3.0,0.0,7.0
709.0845100752863,60.0,2.0,0.0,3.0,0.0,7.0
709.0855100752863,60.0,2.0,0.0,3.0,0.0,7.0
709.3855100752862,60.0,2.0,0.0,3.0,0.0,7.0
709.3865100752862,60.0,2.0,0.0,3.0,0.0,7.0
709.6865100752862,60.0,2.0,0.0,3.0,0.0,7.0
709.6875100752861,60.0,2.0,0.0,3.0,0.0,7.0
709.9875100752861,60.0,2.0,0.0,3.0,0.0,7.0
709.9885100752861,60.0,2.0,0.0,3.0,0.0,7.0
710.288510075286,60.0,2.0,0.0,3.0,0.0,7.0
710.289510075286,60.0,2.0,0.0,3.0,0.0,7.0
710.589510075286,60.0,2.0,0.0,3.0,0.0,7.0
710.5905100752859,60.0,2.0,0.0,3.0,0.0,7.0
710.8905100752859,60.0,2.0,0.0,3.0,0.0,7.0
710.8915100752859,60.0,2.0,0.0,3.0,0.0,7.0
711.1915100752858,60.0,2.0,0.0,3.0,0.0,7.0
711.1925100752858,60.0,2.0,0.0,3.0,0.0,7.0
711.4925100752857,60.0,2.0,0.0,3.0,0.0,7.0
711.4935100752857,60.0,2.0,0.0,3.0,0.0,7.0
711.7935100752857,60.0,2.0,0.0,3.0,0.0,7.0
711.7945100752856,60.0,2.0,0.0,3.0,0.0,7.0
712.0945100752856,60.0,2.0,0.0,3.0,0.0,7.0
712.0955100752856,60.0,2.0,0.0,3.0,0.0,7.0
712.3955100752855,60.0,2.0,0.0,3.0,0.0,7.0
712.3965100752855,60.0,2.0,0.0,3.0,0.0,7.0
712.6965100752855,60.0,2.0,0.0,3.0,0.0,7.0
712.6975100752854,61.0,2.0,0.0,3.0,0.0,7.0
712.9975100752854,61.0,2.0,0.0,3.0,0.0,7.0
712.9984936818428,61.0,2.0,0.0,3.0,0.0,7.0
713.2984936818427,61.0,2.0,0.0,3.0,0.0,7.0
713.2994772884001,61.0,2.0,0.0,3.0,0.0,7.0
713.5994772884001,61.0,2.0,0.0,3.0,0.0,7.0
713.6004608949575,61.0,2.0,0.0,3.0,0.0,7.0
713.9004608949574,61.0,2.0,0.0,3.0,0.0,7.0
713.9014445015148,61.0,2.0,0.0,3.0,0.0,7.0
714.2014445015147,61.0,2.0,0.0,3.0,0.0,7.0
714.2024281080721,61.0,2.0,0.0,3.0,0.0,7.0
714.5024281080721,61.0,2.0,0.0,3.0,0.0,7.0
714.5034117146295,61.0,2.0,0.0,3.0,0.0,7.0
714.8034117146294,61.0,2.0,0.0,3.0,0.0,7.0
714.8043953211868,61.0,2.0,0.0,3.0,0.0,7.0
715.1043953211868,61.0,2.0,0.0,3.0,0.0,7.0
715.1053789277441,61.0,2.0,0.0,3.0,0.0,7.0
715.4053789277441,61.0,2.0,0.0,3.0,0.0,7.0
715.4063625343015,61.0,2.0,0.0,3.0,0.0,7.0
715.7063625343014,61.0,2.0,0.0,3.0,0.0,7.0
715.7073461408588,61.0,2.0,0.0,3.0,0.0,7.0
716.0073461408588,61.0,2.0,0.0,3.0,0.0,7.0
716.0083297474162,61.0,2.0,0.0,3.0,0.0,7.0
716.3083297474161,61.0,2.0,0.0,3.0,0.0,7.0
716.3093133539735,61.0,2.0,0.0,3.0,0.0,7.0
716.6093133539734,61.0,2.0,0.0,3.0,0.0,7.0
716.6102969605308,61.0,2.0,0.0,3.0,0.0,7.0
716.9102969605308,61.0,2.0,0.0,3.0,0.0,7.0
716.9112805670882,61.0,2.0,0.0,3.0,0.0,7.0
717.2112805670881,61.0,2.0,0.0,3.0,0.0,7.0
717.2122641736455,61.0,2.0,0.0,3.0,0.0,7.0
717.5122641736455,61.0,2.0,0.0,3.0,0.0,7.0
717.5132477802028,61.0,2.0,0.0,3.0,0.0,7.0
717.8132477802028,61.0,2.0,0.0,3.0,0.0,7.0
717.8142313867602,61.0,2.0,0.0,3.0,0.0,7.0
718.1142313867601,61.0,2.0,0.0,3.0,0.0,7.0
718.1152149933175,61.0,2.0,0.0,3.0,0.0,7.0
718.4152149933175,61.0,2.0,0.0,3.0,0.0,7.0
718.4161985998749,61.0,2.0,0.0,3.0,0.0,7.0
718.7161985998748,61.0,2.0,0.0,3.0,0.0,7.0
718.7171822064322,61.0,2.0,0.0,3.0,0.0,7.0
719.0171822064322,61.0,2.0,0.0,3.0,0.0,7.0
719.0181658129895,61.0,2.0,0.0,3.0,0.0,7.0
719.3181658129895,61.0,2.0,0.0,3.0,0.0,7.0
719.3191494195469,61.0,2.0,0.0,3.0,0.0,7.0
719.6191494195468,61.0,2.0,0.0,3.0,0.0,7.0
719.6201330261042,61.0,2.0,0.0,3.0,0.0,7.0
719.9201330261042,61.0,2.0,0.0,3.0,0.0,7.0
719.9211166326616,61.0,2.0,0.0,3.0,0.0,7.0
720.2211166326615,61.0,2.0,0.0,3.0,0.0,7.0
720.2221002392189,61.0,2.0,0.0,3.0,0.0,7.0
720.5221002392188,61.0,2.0,0.0,3.0,0.0,7.0
720.5230838457762,61.0,2.0,0.0,3.0,0.0,7.0
720.8230838457762,61.0,2.0,0.0,3.0,0.0,7.0
720.8240674523336,61.0,2.0,0.0,3.0,0.0,7.0
721.1240674523335,61.0,2.0,0.0,3.0,0.0,7.0
721.1250510588909,61.0,2.0,0.0,3.0,0.0,7.0
721.4250510588909,61.0,2.0,0.0,3.0,0.0,7.0
721.4260346654482,61.0,2.0,0.0,1.0,0.0,8.0
721.7260346654482,61.0,2.0,0.0,1.0,0.0,8.0
721.7270182720056,61.0,2.0,0.0,1.0,0.0,8.0
722.0270182720055,61.0,2.0,0.0,1.0,0.0,8.0
722.0280018785629,61.0,2.0,0.0,1.0,0.0,8.0
722.3280018785629,61.0,2.0,0.0,1.0,0.0,8.0
722.3289854851203,61.0,2.0,0.0,1.0,0.0,8.0
722.6289854851202,61.0,2.0,0.0,1.0,0.0,8.0
722.6299690916776,61.0,2.0,0.0,1.0,0.0,8.0
722.9299690916775,61.0,2.0,0.0,1.0,0.0,8.0
722.9309526982349,61.0,2.0,0.0,1.0,0.0,8.0
723.2309526982349,61.0,2.0,0.0,1.0,0.0,8.0
723.2319363047923,61.0,2.0,0.0,1.0,0.0,8.0
723.5319363047922,61.0,2.0,0.0,1.0,0.0,8.0
723.5329199113496,61.0,2.0,0.0,1.0,0.0,8.0
723.8329199113496,61.0,2.0,0.0,1.0,0.0,8.0
723.833903517907,61.0,2.0,0.0,1.0,0.0,8.0
724.1339035179069,61.0,2.0,0.0,1.0,0.0,8.0
724.1348871244643,61.0,2.0,0.0,1.0,0.0,8.0
724.4348871244642,61.0,2.0,0.0,1.0,0.0,8.0
724.4358707310216,61.0,2.0,0.0,1.0,0.0,8.0
724.7358707310216,61.0,2.0,0.0,1.0,0.0,8.0
724.736854337579,61.0,2.0,0.0,1.0,0.0,8.0
725.0368543375789,61.0,2.0,0.0,1.0,0.0,8.0
725.0378379441363,62.0,2.0,0.0,1.0,0.0,8.0
725.3378379441363,62.0,2.0,0.0,1.0,0.0,8.0
725.3388056860717,62.0,2.0,0.0,1.0,0.0,8.0
725.6388056860717,62.0,2.0,0.0,1.0,0.0,8.0
725.6397734280072,62.0,2.0,0.0,1.0,0.0,8.0
725.9397734280071,62.0,2.0,0.0,1.0,0.0,8.0
725.9407411699426,62.0,2.0,0.0,1.0,0.0,8.0
726.2407411699426,62.0,2.0,0.0,1.0,0.0,8.0
726.241708911878,62.0,2.0,0.0,1.0,0.0,8.0
726.541708911878,62.0,2.0,0.0,1.0,0.0,8.0
726.5426766538135,62.0,2.0,0.0,1.0,0.0,8.0
726.8426766538134,62.0,2.0,0.0,1.0,0.0,8.0
726.8436443957489,63.0,2.0,0.0,1.0,0.0,8.0
727.1436443957489,63.0,2.0,0.0,1.0,0.0,8.0
727.1445967767013,63.0,2.0,0.0,1.0,0.0,8.0
727.4445967767012,63.0,2.0,0.0,1.0,0.0,8.0
727.4455491576537,63.0,2.0,0.0,1.0,0.0,8.0
727.7455491576536,63.0,2.0,0.0,1.0,0.0,8.0
727.746501538606,63.0,2.0,0.0,1.0,0.0,8.0
728.046501538606,63.0,2.0,0.0,1.0,0.0,8.0
728.0474539195584,63.0,2.0,0.0,1.0,0.0,8.0
728.3474539195583,63.0,2.0,0.0,1.0,0.0,8.0
728.3484063005108,63.0,2.0,0.0,1.0,0.0,8.0
728.6484063005107,63.0,2.0,0.0,1.0,0.0,8.0
728.6493586814631,63.0,2.0,0.0,1.0,0.0,8.0
728.9493586814631,63.0,2.0,0.0,1.0,0.0,8.0
728.9503110624155,63.0,2.0,0.0,1.0,0.0,8.0
729.2503110624154,63.0,2.0,0.0,1.0,0.0,8.0
729.2512634433679,63.0,2.0,0.0,1.0,0.0,8.0
729.5512634433678,63.0,2.0,0.0,1.0,0.0,8.0
729.5522158243202,63.0,2.0,0.0,1.0,0.0,8.0
729.8522158243202,63.0,2.0,0.0,1.0,0.0,8.0
729.8531682052726,63.0,2.0,0.0,1.0,0.0,8.0
730.1531682052726,63.0,2.0,0.0,1.0,0.0,8.0
730.154120586225,63.0,2.0,0.0,1.0,0.0,8.0
730.4541205862249,63.0,2.0,0.0,1.0,0.0,8.0
730.4550729671773,63.0,2.0,0.0,1.0,0.0,8.0
730.7550729671773,63.0,2.0,0.0,1.0,0.0,8.0
730.7560253481297,63.0,2.0,0.0,1.0,0.0,8.0
731.0560253481297,63.0,2.0,0.0,1.0,0.0,8.0
731.0569777290821,63.0,2.0,0.0,1.0,0.0,8.0
731.356977729082,63.0,2.0,0.0,1.0,0.0,8.0
731.3579301100344,63.0,2.0,0.0,1.0,0.0,8.0
731.6579301100344,63.0,2.0,0.0,1.0,0.0,8.0
731.6588824909868,63.0,2.0,0.0,1.0,0.0,8.0
731.9588824909868,63.0,2.0,0.0,1.0,0.0,8.0
731.9598348719392,63.0,2.0,0.0,1.0,0.0,8.0
732.2598348719391,63.0,2.0,0.0,1.0,0.0,8.0
732.2607872528915,63.0,2.0,0.0,1.0,0.0,8.0
732.5607872528915,63.0,2.0,0.0,1.0,0.0,8.0
732.5617396338439,63.0,2.0,0.0,1.0,0.0,8.0
732.8617396338439,63.0,2.0,0.0,1.0,0.0,8.0
732.8626920147963,63.0,2.0,0.0,1.0,0.0,8.0
733.1626920147962,63.0,2.0,0.0,1.0,0.0,8.0
733.1636443957486,63.0,2.0,0.0,1.0,0.0,8.0
733.4636443957486,63.0,2.0,0.0,1.0,0.0,8.0
733.464596776701,63.0,2.0,0.0,1.0,0.0,8.0
733.764596776701,63.0,2.0,0.0,1.0,0.0,8.0
733.7655491576534,63.0,2.0,0.0,1.0,0.0,8.0
734.0655491576533,63.0,2.0,0.0,1.0,0.0,8.0
734.0665015386057,64.0,2.0,0.0,1.0,0.0,8.0
734.3665015386057,64.0,2.0,0.0,1.0,0.0,8.0
734.3674390386057,64.0,2.0,0.0,1.0,0.0,8.0
734.6674390386056,64.0,2.0,0.0,1.0,0.0,8.0
734.6683765386056,64.0,2.0,0.0,1.0,0.0,8.0
734.9683765386055,64.0,2.0,0.0,1.0,0.0,8.0
734.9693140386055,65.0,2.0,0.0,1.0,0.0,8.0
735.2693140386054,65.0,2.0,0.0,1.0,0.0,8.0
735.2702371155285,65.0,2.0,0.0,1.0,0.0,8.0
735.5702371155285,65.0,2.0,0.0,1.0,0.0,8.0
735.5711601924515,65.0,2.0,0.0,1.0,0.0,8.0
735.8711601924515,65.0,2.0,0.0,1.0,0.0,8.0
735.8720832693746,65.0,2.0,0.0,1.0,0.0,8.0
736.1720832693745,65.0,2.0,0.0,1.0,0.0,8.0
736.1730063462976,65.0,2.0,0.0,1.0,0.0,8.0
736.4730063462976,65.0,2.0,0.0,1.0,0.0,8.0
736.4739294232206,65.0,2.0,0.0,1.0,0.0,8.0
736.7739294232206,65.0,2.0,0.0,1.0,0.0,8.0
736.7748525001437,65.0,2.0,0.0,1.0,0.0,8.0
737.0748525001436,65.0,2.0,0.0,1.0,0.0,8.0
737.0757755770667,65.0,2.0,0.0,1.0,0.0,8.0
737.3757755770666,65.0,2.0,0.0,1.0,0.0,8.0
737.3766986539897,65.0,2.0,0.0,1.0,0.0,8.0
737.6766986539897,65.0,2.0,0.0,1.0,0.0,8.0
737.6776217309127,65.0,2.0,0.0,1.0,0.0,8.0
737.9776217309127,65.0,2.0,0.0,1.0,0.0,8.0
737.9785448078358,65.0,2.0,0.0,1.0,0.0,8.0
738.2785448078357,65.0,2.0,0.0,1.0,0.0,8.0
738.2794678847588,65.0,2.0,0.0,1.0,0.0,8.0
738.5794678847587,65.0,2.0,0.0,1.0,0.0,8.0
738.5803909616818,65.0,2.0,0.0,1.0,0.0,8.0
738.8803909616818,65.0,2.0,0.0,1.0,0.0,8.0
738.8813140386048,65.0,2.0,0.0,1.0,0.0,8.0
739.1813140386048,65.0,2.0,0.0,1.0,0.0,8.0
739.1822371155279,65.0,2.0,0.0,1.0,0.0,8.0
739.4822371155278,65.0,2.0,0.0,1.0,0.0,8.0
739.4831601924509,65.0,2.0,0.0,1.0,0.0,8.0
739.7831601924509,65.0,2.0,0.0,1.0,0.0,8.0
739.7840832693739,65.0,2.0,0.0,1.0,0.0,8.0
740.0840832693739,65.0,2.0,0.0,1.0,0.0,8.0
740.085006346297,65.0,2.0,0.0,1.0,0.0,8.0
740.3850063462969,65.0,2.0,0.0,1.0,0.0,8.0
740.38592942322,65.0,2.0,0.0,1.0,0.0,8.0
740.6859294232199,65.0,2.0,0.0,1.0,0.0,8.0
740.686852500143,65.0,2.0,0.0,1.0,0.0,8.0
740.986852500143,65.0,2.0,0.0,1.0,0.0,8.0
740.987775577066,65.0,2.0,0.0,1.0,0.0,8.0
741.287775577066,65.0,2.0,0.0,1.0,0.0,8.0
741.2886986539891,65.0,2.0,0.0,1.0,0.0,8.0
741.588698653989,65.0,2.0,0.0,1.0,0.0,8.0
741.5896217309121,65.0,2.0,0.0,1.0,0.0,8.0
741.889621730912,65.0,2.0,0.0,1.0,0.0,8.0
741.8905448078351,65.0,2.0,0.0,1.0,0.0,8.0
742.1905448078351,65.0,2.0,0.0,1.0,0.0,8.0
742.1914678847581,65.0,2.0,0.0,1.0,0.0,8.0
742.4914678847581,65.0,2.0,0.0,1.0,0.0,8.0
742.4923909616812,65.0,2.0,0.0,1.0,0.0,8.0
742.7923909616811,65.0,2.0,0.0,1.0,0.0,8.0
742.7933140386042,65.0,2.0,0.0,1.0,0.0,8.0
743.0933140386041,65.0,2.0,0.0,1.0,0.0,8.0
743.0942371155272,65.0,2.0,0.0,1.0,0.0,8.0
743.3942371155272,65.0,2.0,0.0,1.0,0.0,8.0
743.3951601924502,65.0,2.0,0.0,1.0,0.0,8.0
743.6951601924502,65.0,2.0,0.0,1.0,0.0,8.0
743.6960832693733,65.0,2.0,0.0,1.0,0.0,8.0
743.9960832693732,65.0,2.0,0.0,1.0,0.0,8.0
743.9970063462963,65.0,2.0,0.0,1.0,0.0,8.0
744.2970063462963,65.0,2.0,0.0,1.0,0.0,8.0
744.2979294232193,65.0,2.0,0.0,1.0,0.0,8.0
744.5979294232193,65.0,2.0,0.0,1.0,0.0,8.0
744.5988525001424,65.0,2.0,0.0,1.0,0.0,8.0
744.8988525001423,65.0,2.0,0.0,1.0,0.0,8.0
744.8997755770654,65.0,2.0,0.0,1.0,0.0,8.0
745.1997755770653,65.0,2.0,0.0,1.0,0.0,8.0
745.2006986539884,65.0,2.0,0.0,1.0,0.0,8.0
745.5006986539884,65.0,2.0,0.0,1.0,0.0,8.0
745.5016217309114,65.0,2.0,0.0,1.0,0.0,8.0
745.8016217309114,65.0,2.0,0.0,1.0,0.0,8.0
745.8025448078345,65.0,2.0,0.0,1.0,0.0,8.0
746.1025448078344,65.0,2.0,0.0,1.0,0.0,8.0
746.1034678847575,65.0,2.0,0.0,1.0,0.0,8.0
746.4034678847574,65.0,2.0,0.0,1.0,0.0,8.0
746.4043909616805,65.0,2.0,0.0,1.0,0.0,8.0
746.7043909616805,65.0,2.0,0.0,1.0,0.0,8.0
746.7053140386035,65.0,2.0,0.0,1.0,0.0,8.0
747.0053140386035,65.0,2.0,0.0,1.0,0.0,8.0
747.0062371155266,65.0,2.0,0.0,1.0,0.0,8.0
747.3062371155265,65.0,2.0,0.0,1.0,0.0,8.0
747.3071601924496,65.0,2.0,0.0,1.0,0.0,8.0
747.6071601924496,65.0,2.0,0.0,1.0,0.0,8.0
747.6080832693726,65.0,2.0,0.0,1.0,0.0,8.0
747.9080832693726,65.0,2.0,0.0,1.0,0.0,8.0
747.9090063462957,65.0,2.0,0.0,1.0,0.0,8.0
748.2090063462956,65.0,2.0,0.0,1.0,0.0,8.0
748.2099294232187,65.0,2.0,0.0,1.0,0.0,8.0
748.5099294232186,65.0,2.0,0.0,1.0,0.0,8.0
748.5108525001417,65.0,2.0,0.0,1.0,0.0,8.0
748.8108525001417,65.0,2.0,0.0,1.0,0.0,8.0
748.8117755770647,65.0,2.0,0.0,1.0,0.0,8.0
749.1117755770647,65.0,2.0,0.0,1.0,0.0,8.0
749.1126986539878,65.0,2.0,0.0,1.0,0.0,8.0
749.4126986539877,65.0,2.0,0.0,1.0,0.0,8.0
749.4136217309108,65.0,2.0,0.0,1.0,0.0,8.0
749.7136217309107,65.0,2.0,0.0,1.0,0.0,8.0
749.7145448078338,65.0,2.0,0.0,1.0,0.0,8.0
750.0145448078338,65.0,2.0,0.0,1.0,0.0,8.0
750.0154678847568,65.0,2.0,0.0,1.0,0.0,8.0
750.3154678847568,65.0,2.0,0.0,1.0,0.0,8.0
750.3163909616799,65.0,2.0,0.0,1.0,0.0,8.0
750.6163909616798,65.0,2.0,0.0,1.0,0.0,8.0
750.6173140386029,65.0,2.0,0.0,1.0,0.0,8.0
750.9173140386029,65.0,2.0,0.0,1.0,0.0,8.0
750.9182371155259,65.0,2.0,0.0,1.0,0.0,8.0
751.2182371155259,65.0,2.0,0.0,1.0,0.0,8.0
751.219160192449,65.0,2.0,0.0,1.0,0.0,8.0
751.5191601924489,65.0,2.0,0.0,1.0,0.0,8.0
751.520083269372,65.0,2.0,0.0,1.0,0.0,8.0
751.8200832693719,65.0,2.0,0.0,1.0,0.0,8.0
751.821006346295,65.0,2.0,0.0,1.0,0.0,8.0
752.121006346295,65.0,2.0,0.0,1.0,0.0,8.0
752.121929423218,64.0,2.0,0.0,1.0,0.0,8.0
752.421929423218,64.0,2.0,0.0,1.0,0.0,8.0
752.422866923218,64.0,2.0,0.0,1.0,0.0,8.0
752.7228669232179,64.0,2.0,0.0,1.0,0.0,8.0
752.7238044232179,64.0,2.0,0.0,1.0,0.0,8.0
753.0238044232178,64.0,2.0,0.0,1.0,0.0,8.0
753.0247419232178,64.0,2.0,0.0,1.0,0.0,8.0
753.3247419232177,64.0,2.0,0.0,1.0,0.0,8.0
753.3256794232177,64.0,2.0,0.0,1.0,0.0,8.0
753.6256794232177,64.0,2.0,0.0,1.0,0.0,8.0
753.6266169232176,64.0,2.0,0.0,1.0,0.0,8.0
753.9266169232176,64.0,2.0,0.0,1.0,0.0,8.0
753.9275544232175,64.0,2.0,0.0,1.0,0.0,8.0
754.2275544232175,64.0,2.0,0.0,1.0,0.0,8.0
754.2284919232175,64.0,2.0,0.0,1.0,0.0,8.0
754.5284919232174,64.0,2.0,0.0,1.0,0.0,8.0
754.5294294232174,64.0,2.0,0.0,1.0,0.0,8.0
754.8294294232173,64.0,2.0,0.0,1.0,0.0,8.0
754.8303669232173,64.0,2.0,0.0,1.0,0.0,8.0
755.1303669232173,64.0,2.0,0.0,1.0,0.0,8.0
755.1313044232172,64.0,2.0,0.0,1.0,0.0,8.0
755.4313044232172,64.0,2.0,0.0,1.0,0.0,8.0
755.4322419232171,64.0,2.0,0.0,1.0,0.0,8.0
755.7322419232171,64.0,2.0,0.0,1.0,0.0,8.0
755.733179423217,64.0,2.0,0.0,1.0,0.0,8.0
756.033179423217,64.0,2.0,0.0,1.0,0.0,8.0
756.034116923217,64.0,2.0,0.0,1.0,0.0,8.0
756.3341169232169,64.0,2.0,0.0,1.0,0.0,8.0
756.3350544232169,64.0,2.0,0.0,1.0,0.0,8.0
756.6350544232168,64.0,2.0,0.0,1.0,0.0,8.0
756.6359919232168,64.0,2.0,0.0,1.0,0.0,8.0
756.9359919232168,64.0,2.0,0.0,1.0,0.0,8.0
756.9369294232167,64.0,2.0,0.0,1.0,0.0,8.0
757.2369294232167,64.0,2.0,0.0,1.0,0.0,8.0
757.2378669232166,64.0,2.0,0.0,1.0,0.0,8.0
757.5378669232166,64.0,2.0,0.0,1.0,0.0,8.0
757.5388044232166,64.0,2.0,0.0,1.0,0.0,8.0
757.8388044232165,64.0,2.0,0.0,1.0,0.0,8.0
757.8397419232165,64.0,2.0,0.0,1.0,0.0,8.0
758.1397419232164,64.0,2.0,0.0,1.0,0.0,8.0
758.1406794232164,64.0,2.0,0.0,1.0,0.0,8.0
758.4406794232164,64.0,2.0,0.0,1.0,0.0,8.0
758.4416169232163,64.0,2.0,0.0,1.0,0.0,8.0
758.7416169232163,64.0,2.0,0.0,1.0,0.0,8.0
758.7425544232162,64.0,2.0,0.0,1.0,0.0,8.0
759.0425544232162,64.0,2.0,0.0,1.0,0.0,8.0
759.0434919232162,64.0,2.0,0.0,1.0,0.0,8.0
759.3434919232161,64.0,2.0,0.0,1.0,0.0,8.0
759.3444294232161,64.0,2.0,0.0,1.0,0.0,8.0
759.644429423216,64.0,2.0,0.0,1.0,0.0,8.0
759.645366923216,64.0,2.0,0.0,1.0,0.0,8.0
759.9453669232159,64.0,2.0,0.0,1.0,0.0,8.0
759.9463044232159,64.0,2.0,0.0,1.0,0.0,8.0
760.2463044232159,64.0,2.0,0.0,1.0,0.0,8.0
760.2472419232158,64.0,2.0,0.0,1.0,0.0,8.0
760.5472419232158,64.0,2.0,0.0,1.0,0.0,8.0
760.5481794232157,64.0,2.0,0.0,1.0,0.0,8.0
760.8481794232157,64.0,2.0,0.0,1.0,0.0,8.0
760.8491169232157,64.0,2.0,0.0,1.0,0.0,8.0
761.1491169232156,64.0,2.0,0.0,1.0,0.0,8.0
761.1500544232156,64.0,2.0,0.0,1.0,0.0,8.0
761.4500544232155,64.0,2.0,0.0,1.0,0.0,8.0
761.4509919232155,64.0,2.0,0.0,1.0,0.0,8.0
761.7509919232155,64.0,2.0,0.0,1.0,0.0,8.0
761.7519294232154,64.0,2.0,0.0,1.0,0.0,8.0
762.0519294232154,64.0,2.0,0.0,1.0,0.0,8.0
762.0528669232153,64.0,2.0,0.0,1.0,0.0,8.0
762.3528669232153,64.0,2.0,0.0,1.0,0.0,8.0
762.3538044232153,64.0,2.0,0.0,1.0,0.0,8.0
762.6538044232152,64.0,2.0,0.0,1.0,0.0,8.0
762.6547419232152,64.0,2.0,0.0,1.0,0.0,8.0
762.9547419232151,64.0,2.0,0.0,1.0,0.0,8.0
762.9556794232151,64.0,2.0,0.0,1.0,0.0,8.0
763.255679423215,64.0,2.0,0.0,1.0,0.0,8.0
763.256616923215,64.0,2.0,0.0,1.0,0.0,8.0
763.556616923215,64.0,2.0,0.0,1.0,0.0,8.0
763.5575544232149,64.0,2.0,0.0,1.0,0.0,8.0
763.8575544232149,64.0,2.0,0.0,1.0,0.0,8.0
763.8584919232148,64.0,2.0,0.0,1.0,0.0,8.0
764.1584919232148,64.0,2.0,0.0,1.0,0.0,8.0
764.1594294232148,64.0,2.0,0.0,1.0,0.0,8.0
764.4594294232147,64.0,2.0,0.0,1.0,0.0,8.0
764.4603669232147,64.0,2.0,0.0,1.0,0.0,8.0
764.7603669232146,64.0,2.0,0.0,1.0,0.0,8.0
764.7613044232146,64.0,2.0,0.0,1.0,0.0,8.0
765.0613044232146,64.0,2.0,0.0,1.0,0.0,8.0
765.0622419232145,64.0,2.0,0.0,1.0,0.0,8.0
765.3622419232145,64.0,2.0,0.0,1.0,0.0,8.0
765.3631794232144,64.0,2.0,0.0,1.0,0.0,8.0
765.6631794232144,64.0,2.0,0.0,1.0,0.0,8.0
765.6641169232144,64.0,2.0,0.0,1.0,0.0,8.0
765.9641169232143,64.0,2.0,0.0,1.0,0.0,8.0
765.9650544232143,64.0,2.0,0.0,1.0,0.0,8.0
766.2650544232142,64.0,2.0,0.0,1.0,0.0,8.0
766.2659919232142,64.0,2.0,0.0,1.0,0.0,8.0
766.5659919232141,64.0,2.0,0.0,1.0,0.0,8.0
766.5669294232141,64.0,2.0,0.0,1.0,0.0,8.0
766.8669294232141,64.0,2.0,0.0,1.0,0.0,8.0
766.867866923214,64.0,2.0,0.0,1.0,0.0,8.0
767.167866923214,64.0,2.0,0.0,1.0,0.0,8.0
767.1688044232139,64.0,2.0,0.0,1.0,0.0,8.0
767.4688044232139,64.0,2.0,0.0,1.0,0.0,8.0
767.4697419232139,64.0,2.0,0.0,1.0,0.0,8.0
767.7697419232138,64.0,2.0,0.0,1.0,0.0,8.0
767.7706794232138,64.0,2.0,0.0,1.0,0.0,8.0
768.0706794232137,64.0,2.0,0.0,1.0,0.0,8.0
768.0716169232137,64.0,2.0,0.0,1.0,0.0,8.0
768.3716169232137,64.0,2.0,0.0,1.0,0.0,8.0
768.3725544232136,64.0,2.0,0.0,1.0,0.0,8.0
768.6725544232136,64.0,2.0,0.0,1.0,0.0,8.0
768.6734919232135,64.0,2.0,0.0,1.0,0.0,8.0
768.9734919232135,64.0,2.0,0.0,1.0,0.0,8.0
768.9744294232135,64.0,2.0,0.0,1.0,0.0,8.0
769.2744294232134,64.0,2.0,0.0,1.0,0.0,8.0
769.2753669232134,64.0,2.0,0.0,1.0,0.0,8.0
769.5753669232133,64.0,2.0,0.0,1.0,0.0,8.0
769.5763044232133,64.0,2.0,0.0,1.0,0.0,8.0
769.8763044232132,64.0,2.0,0.0,1.0,0.0,8.0
769.8772419232132,64.0,2.0,0.0,1.0,0.0,8.0
770.1772419232132,64.0,2.0,0.0,1.0,0.0,8.0
770.1781794232131,64.0,2.0,0.0,1.0,0.0,8.0
770.4781794232131,64.0,2.0,0.0,1.0,0.0,8.0
770.479116923213,64.0,2.0,0.0,1.0,0.0,8.0
770.779116923213,64.0,2.0,0.0,1.0,0.0,8.0
770.780054423213,64.0,2.0,0.0,1.0,0.0,8.0
771.0800544232129,64.0,2.0,0.0,1.0,0.0,8.0
771.0809919232129,64.0,2.0,0.0,1.0,0.0,8.0
771.3809919232128,64.0,2.0,0.0,1.0,0.0,8.0
771.3819294232128,64.0,2.0,0.0,1.0,0.0,8.0
771.6819294232128,64.0,2.0,0.0,1.0,0.0,8.0
771.6828669232127,64.0,2.0,0.0,1.0,0.0,8.0
771.9828669232127,64.0,2.0,0.0,1.0,0.0,8.0
771.9838044232126,64.0,2.0,0.0,1.0,0.0,8.0
772.2838044232126,64.0,2.0,0.0,1.0,0.0,8.0
772.2847419232126,64.0,2.0,0.0,1.0,0.0,8.0
772.5847419232125,64.0,2.0,0.0,1.0,0.0,8.0
772.5856794232125,64.0,2.0,0.0,1.0,0.0,8.0
772.8856794232124,64.0,2.0,0.0,1.0,0.0,8.0
772.8866169232124,64.0,2.0,0.0,1.0,0.0,8.0
773.1866169232123,64.0,2.0,0.0,1.0,0.0,8.0
773.1875544232123,64.0,2.0,0.0,1.0,0.0,8.0
773.4875544232123,64.0,2.0,0.0,1.0,0.0,8.0
773.4884919232122,64.0,2.0,0.0,1.0,0.0,8.0
773.7884919232122,64.0,2.0,0.0,1.0,0.0,8.0
773.7894294232121,64.0,2.0,0.0,1.0,0.0,8.0
774.0894294232121,64.0,2.0,0.0,1.0,0.0,8.0
774.0903669232121,64.0,2.0,0.0,1.0,0.0,8.0
774.390366923212,64.0,2.0,0.0,1.0,0.0,8.0
774.391304423212,64.0,2.0,0.0,1.0,0.0,8.0
774.6913044232119,64.0,2.0,0.0,1.0,0.0,8.0
774.6922419232119,64.0,2.0,0.0,1.0,0.0,8.0
774.9922419232119,64.0,2.0,0.0,1.0,0.0,8.0
774.9931794232118,64.0,2.0,0.0,1.0,0.0,8.0
775.2931794232118,64.0,2.0,0.0,1.0,0.0,8.0
775.2941169232117,64.0,2.0,0.0,1.0,0.0,8.0
775.5941169232117,64.0,2.0,0.0,1.0,0.0,8.0
775.5950544232116,64.0,2.0,0.0,1.0,0.0,8.0
775.8950544232116,64.0,2.0,0.0,1.0,0.0,8.0
775.8959919232116,64.0,2.0,0.0,1.0,0.0,8.0
776.1959919232115,64.0,2.0,0.0,1.0,0.0,8.0
776.1969294232115,64.0,2.0,0.0,1.0,0.0,8.0
776.4969294232114,64.0,2.0,0.0,1.0,0.0,8.0
776.4978669232114,64.0,2.0,0.0,1.0,0.0,8.0
776.7978669232114,64.0,2.0,0.0,1.0,0.0,8.0
776.7988044232113,64.0,2.0,0.0,1.0,0.0,8.0
777.0988044232113,64.0,2.0,0.0,1.0,0.0,8.0
777.0997419232112,64.0,2.0,0.0,1.0,0.0,8.0
777.3997419232112,64.0,2.0,0.0,1.0,0.0,8.0
777.4006794232112,64.0,2.0,0.0,1.0,0.0,8.0
777.7006794232111,64.0,2.0,0.0,1.0,0.0,8.0
777.7016169232111,64.0,2.0,0.0,1.0,0.0,8.0
778.001616923211,64.0,2.0,0.0,1.0,0.0,8.0
778.002554423211,64.0,2.0,0.0,1.0,0.0,8.0
778.302554423211,64.0,2.0,0.0,1.0,0.0,8.0
778.3034919232109,64.0,2.0,0.0,1.0,0.0,8.0
778.6034919232109,64.0,2.0,0.0,1.0,0.0,8.0
778.6044294232108,64.0,2.0,0.0,1.0,0.0,8.0
778.9044294232108,64.0,2.0,0.0,1.0,0.0,8.0
778.9053669232107,64.0,2.0,0.0,1.0,0.0,8.0
779.2053669232107,64.0,2.0,0.0,1.0,0.0,8.0
779.2063044232107,64.0,2.0,0.0,1.0,0.0,8.0
779.5063044232106,64.0,2.0,0.0,1.0,0.0,8.0
779.5072419232106,64.0,2.0,0.0,1.0,0.0,8.0
779.8072419232105,64.0,2.0,0.0,1.0,0.0,8.0
779.8081794232105,64.0,2.0,0.0,1.0,0.0,8.0
780.1081794232105,64.0,2.0,0.0,1.0,0.0,8.0
780.1091169232104,64.0,2.0,0.0,1.0,0.0,8.0
780.4091169232104,64.0,2.0,0.0,1.0,0.0,8.0
780.4100544232103,64.0,2.0,0.0,1.0,0.0,8.0
780.7100544232103,64.0,2.0,0.0,1.0,0.0,8.0
780.7109919232103,64.0,2.0,0.0,1.0,0.0,8.0
781.0109919232102,64.0,2.0,0.0,1.0,0.0,8.0
781.0119294232102,64.0,2.0,0.0,1.0,0.0,8.0
781.3119294232101,64.0,2.0,0.0,1.0,0.0,8.0
781.3128669232101,64.0,2.0,0.0,1.0,0.0,8.0
781.61286692321,64.0,2.0,0.0,1.0,0.0,8.0
781.61380442321,64.0,2.0,0.0,1.0,0.0,8.0
781.91380442321,64.0,2.0,0.0,1.0,0.0,8.0
781.9147419232099,64.0,2.0,0.0,1.0,0.0,8.0
782.2147419232099,64.0,2.0,0.0,1.0,0.0,8.0
782.2156794232098,64.0,2.0,0.0,1.0,0.0,8.0
782.5156794232098,64.0,2.0,0.0,1.0,0.0,8.0
782.5166169232098,64.0,2.0,0.0,1.0,0.0,8.0
782.8166169232097,64.0,2.0,0.0,1.0,0.0,8.0
782.8175544232097,64.0,2.0,0.0,1.0,0.0,8.0
783.1175544232096,64.0,2.0,0.0,1.0,0.0,8.0
783.1184919232096,64.0,2.0,0.0,1.0,0.0,8.0
783.4184919232096,64.0,2.0,0.0,1.0,0.0,8.0
783.4194294232095,64.0,2.0,0.0,1.0,0.0,8.0
783.7194294232095,64.0,2.0,0.0,1.0,0.0,8.0
783.7203669232094,64.0,2.0,0.0,1.0,0.0,8.0
784.0203669232094,64.0,2.0,0.0,1.0,0.0,8.0
784.0213044232094,64.0,2.0,0.0,1.0,0.0,8.0
784.3213044232093,64.0,2.0,0.0,1.0,0.0,8.0
784.3222419232093,64.0,2.0,0.0,1.0,0.0,8.0
784.6222419232092,64.0,2.0,0.0,1.0,0.0,8.0
784.6231794232092,64.0,2.0,0.0,1.0,0.0,8.0
784.9231794232091,64.0,2.0,0.0,1.0,0.0,8.0
784.9241169232091,64.0,2.0,0.0,1.0,0.0,8.0
785.2241169232091,64.0,2.0,0.0,1.0,0.0,8.0
785.225054423209,64.0,2.0,0.0,1.0,0.0,8.0
785.525054423209,64.0,2.0,0.0,1.0,0.0,8.0
785.525991923209,64.0,2.0,0.0,1.0,0.0,8.0
785.8259919232089,64.0,2.0,0.0,1.0,0.0,8.0
785.8269294232089,64.0,2.0,0.0,1.0,0.0,8.0
786.1269294232088,64.0,2.0,0.0,1.0,0.0,8.0
786.1278669232088,64.0,2.0,0.0,1.0,0.0,8.0
786.4278669232087,64.0,2.0,0.0,1.0,0.0,8.0
786.4288044232087,64.0,2.0,0.0,1.0,0.0,8.0
786.7288044232087,64.0,2.0,0.0,1.0,0.0,8.0
786.7297419232086,64.0,2.0,0.0,1.0,0.0,8.0
787.0297419232086,64.0,2.0,0.0,1.0,0.0,8.0
787.0306794232085,64.0,2.0,0.0,1.0,0.0,8.0
787.3306794232085,64.0,2.0,0.0,1.0,0.0,8.0
787.3316169232085,64.0,2.0,0.0,1.0,0.0,8.0
787.6316169232084,64.0,2.0,0.0,1.0,0.0,8.0
787.6325544232084,64.0,2.0,0.0,1.0,0.0,8.0
787.9325544232083,64.0,2.0,0.0,1.0,0.0,8.0
787.9334919232083,64.0,2.0,0.0,1.0,0.0,8.0
788.2334919232082,64.0,2.0,0.0,1.0,0.0,8.0
788.2344294232082,64.0,2.0,0.0,1.0,0.0,8.0
788.5344294232082,64.0,2.0,0.0,1.0,0.0,8.0
788.5353669232081,64.0,2.0,0.0,1.0,0.0,8.0
788.8353669232081,64.0,2.0,0.0,1.0,0.0,8.0
788.836304423208,64.0,2.0,0.0,1.0,0.0,8.0
789.136304423208,64.0,2.0,0.0,1.0,0.0,8.0
789.137241923208,64.0,2.0,0.0,1.0,0.0,8.0
789.4372419232079,64.0,2.0,0.0,1.0,0.0,8.0
789.4381794232079,64.0,2.0,0.0,1.0,0.0,8.0
789.7381794232078,64.0,2.0,0.0,1.0,0.0,8.0
789.7391169232078,64.0,2.0,0.0,1.0,0.0,8.0
790.0391169232078,64.0,2.0,0.0,1.0,0.0,8.0
790.0400544232077,64.0,2.0,0.0,1.0,0.0,8.0
790.3400544232077,64.0,2.0,0.0,1.0,0.0,8.0
790.3409919232076,64.0,2.0,0.0,1.0,0.0,8.0
790.6409919232076,64.0,2.0,0.0,1.0,0.0,8.0
790.6419294232076,64.0,2.0,0.0,1.0,0.0,8.0
790.9419294232075,64.0,2.0,0.0,1.0,0.0,8.0
790.9428669232075,64.0,2.0,0.0,1.0,0.0,8.0
791.2428669232074,64.0,2.0,0.0,1.0,0.0,8.0
791.2438044232074,64.0,2.0,0.0,1.0,0.0,8.0
791.5438044232073,64.0,2.0,0.0,1.0,0.0,8.0
791.5447419232073,64.0,2.0,0.0,1.0,0.0,8.0
791.8447419232073,64.0,2.0,0.0,1.0,0.0,8.0
791.8456794232072,64.0,2.0,0.0,1.0,0.0,8.0
792.1456794232072,64.0,2.0,0.0,1.0,0.0,8.0
792.1466169232071,64.0,2.0,0.0,1.0,0.0,8.0
792.4466169232071,64.0,2.0,0.0,1.0,0.0,8.0
792.4475544232071,64.0,2.0,0.0,1.0,0.0,8.0
792.747554423207,64.0,2.0,0.0,1.0,0.0,8.0
792.748491923207,64.0,2.0,0.0,1.0,0.0,8.0
793.0484919232069,64.0,2.0,0.0,1.0,0.0,8.0
793.0494294232069,64.0,2.0,0.0,1.0,0.0,8.0
793.3494294232069,64.0,2.0,0.0,1.0,0.0,8.0
793.3503669232068,64.0,2.0,0.0,1.0,0.0,8.0
793.6503669232068,64.0,2.0,0.0,1.0,0.0,8.0
793.6513044232067,64.0,2.0,0.0,1.0,0.0,8.0
793.9513044232067,64.0,2.0,0.0,1.0,0.0,8.0
793.9522419232067,64.0,2.0,0.0,1.0,0.0,8.0
794.2522419232066,64.0,2.0,0.0,1.0,0.0,8.0
794.2531794232066,64.0,2.0,0.0,1.0,0.0,8.0
794.5531794232065,64.0,2.0,0.0,1.0,0.0,8.0
794.5541169232065,64.0,2.0,0.0,1.0,0.0,8.0
794.8541169232064,64.0,2.0,0.0,1.0,0.0,8.0
794.8550544232064,64.0,2.0,0.0,1.0,0.0,8.0
795.1550544232064,64.0,2.0,0.0,1.0,0.0,8.0
795.1559919232063,64.0,2.0,0.0,1.0,0.0,8.0
795.4559919232063,64.0,2.0,0.0,1.0,0.0,8.0
795.4569294232062,64.0,2.0,0.0,1.0,0.0,8.0
795.7569294232062,64.0,2.0,0.0,1.0,0.0,8.0
795.7578669232062,64.0,2.0,0.0,1.0,0.0,8.0
796.0578669232061,64.0,2.0,0.0,1.0,0.0,8.0
796.0588044232061,64.0,2.0,0.0,1.0,0.0,8.0
796.358804423206,64.0,2.0,0.0,1.0,0.0,8.0
796.359741923206,64.0,2.0,0.0,1.0,0.0,8.0
796.659741923206,64.0,2.0,0.0,1.0,0.0,8.0
796.6606794232059,64.0,2.0,0.0,1.0,0.0,8.0
796.9606794232059,64.0,2.0,0.0,1.0,0.0,8.0
796.9616169232058,64.0,2.0,0.0,1.0,0.0,8.0
797.2616169232058,64.0,2.0,0.0,1.0,0.0,8.0
797.2625544232058,64.0,2.0,0.0,1.0,0.0,8.0
797.5625544232057,64.0,2.0,0.0,1.0,0.0,8.0
797.5634919232057,64.0,2.0,0.0,1.0,0.0,8.0
797.8634919232056,64.0,2.0,0.0,1.0,0.0,8.0
797.8644294232056,64.0,2.0,0.0,1.0,0.0,8.0
798.1644294232055,64.0,2.0,0.0,1.0,0.0,8.0
798.1653669232055,64.0,2.0,0.0,1.0,0.0,8.0
798.4653669232055,64.0,2.0,0.0,1.0,0.0,8.0
798.4663044232054,64.0,2.0,0.0,1.0,0.0,8.0
798.7663044232054,64.0,2.0,0.0,1.0,0.0,8.0
798.7672419232053,65.0,2.0,0.0,1.0,0.0,8.0
799.0672419232053,65.0,2.0,0.0,1.0,0.0,8.0
799.0681650001284,65.0,2.0,0.0,1.0,0.0,8.0
799.3681650001283,65.0,2.0,0.0,1.0,0.0,8.0
799.3690880770514,65.0,2.0,0.0,1.0,0.0,8.0
799.6690880770514,65.0,2.0,0.0,1.0,0.0,8.0
799.6700111539744,65.0,2.0,0.0,1.0,0.0,8.0
799.9700111539744,65.0,2.0,0.0,1.0,0.0,8.0
799.9709342308975,65.0,2.0,0.0,1.0,0.0,8.0
800.2709342308974,65.0,2.0,0.0,1.0,0.0,8.0
800.2718573078205,65.0,2.0,0.0,1.0,0.0,8.0
800.5718573078204,65.0,2.0,0.0,1.0,0.0,8.0
800.5727803847435,65.0,2.0,0.0,1.0,0.0,8.0
800.8727803847435,65.0,2.0,0.0,1.0,0.0,8.0
800.8737034616665,65.0,2.0,0.0,1.0,0.0,8.0
801.1737034616665,65.0,2.0,0.0,1.0,0.0,8.0
801.1746265385896,65.0,2.0,0.0,1.0,0.0,8.0
801.4746265385895,65.0,2.0,0.0,1.0,0.0,8.0
801.4755496155126,65.0,2.0,0.0,1.0,0.0,8.0
801.7755496155125,65.0,2.0,0.0,1.0,0.0,8.0
801.7764726924356,65.0,2.0,0.0,1.0,0.0,8.0
802.0764726924356,65.0,2.0,0.0,1.0,0.0,8.0
802.0773957693586,65.0,2.0,0.0,1.0,0.0,8.0
802.3773957693586,65.0,2.0,0.0,1.0,0.0,8.0
802.3783188462817,65.0,2.0,0.0,1.0,0.0,8.0
802.6783188462816,65.0,2.0,0.0,1.0,0.0,8.0
802.6792419232047,65.0,2.0,0.0,1.0,0.0,8.0
802.9792419232047,65.0,2.0,0.0,1.0,0.0,8.0
802.9801650001277,65.0,2.0,0.0,1.0,0.0,8.0
803.2801650001277,65.0,2.0,0.0,1.0,0.0,8.0
803.2810880770508,65.0,2.0,0.0,1.0,0.0,8.0
803.5810880770507,65.0,2.0,0.0,1.0,0.0,8.0
803.5820111539738,65.0,2.0,0.0,1.0,0.0,8.0
803.8820111539737,65.0,2.0,0.0,1.0,0.0,8.0
803.8829342308968,65.0,2.0,0.0,1.0,0.0,8.0
804.1829342308968,65.0,2.0,0.0,1.0,0.0,8.0
804.1838573078198,65.0,2.0,0.0,1.0,0.0,8.0
804.4838573078198,65.0,2.0,0.0,1.0,0.0,8.0
804.4847803847429,65.0,2.0,0.0,1.0,0.0,8.0
804.7847803847428,65.0,2.0,0.0,1.0,0.0,8.0
804.7857034616659,65.0,2.0,0.0,1.0,0.0,8.0
805.0857034616658,65.0,2.0,0.0,1.0,0.0,8.0
805.0866265385889,65.0,2.0,0.0,1.0,0.0,8.0
805.3866265385889,65.0,2.0,0.0,1.0,0.0,8.0
805.387549615512,65.0,2.0,0.0,1.0,0.0,8.0
805.6875496155119,65.0,2.0,0.0,1.0,0.0,8.0
805.688472692435,65.0,2.0,0.0,1.0,0.0,8.0
805.9884726924349,65.0,2.0,0.0,1.0,0.0,8.0
805.989395769358,65.0,2.0,0.0,1.0,0.0,8.0
806.289395769358,65.0,2.0,0.0,1.0,0.0,8.0
806.290318846281,65.0,2.0,0.0,1.0,0.0,8.0
806.590318846281,65.0,2.0,0.0,1.0,0.0,8.0
806.591241923204,65.0,2.0,0.0,1.0,0.0,8.0
806.891241923204,65.0,2.0,0.0,1.0,0.0,8.0
806.8921650001271,65.0,2.0,0.0,1.0,0.0,8.0
807.192165000127,65.0,2.0,0.0,1.0,0.0,8.0
807.1930880770501,65.0,2.0,0.0,1.0,0.0,8.0
807.4930880770501,65.0,2.0,0.0,1.0,0.0,8.0
807.4940111539731,65.0,2.0,0.0,1.0,0.0,8.0
807.7940111539731,65.0,2.0,0.0,1.0,0.0,8.0
807.7949342308962,65.0,2.0,0.0,1.0,0.0,8.0
808.0949342308961,65.0,2.0,0.0,1.0,0.0,8.0
808.0958573078192,65.0,2.0,0.0,1.0,0.0,8.0
808.3958573078191,65.0,2.0,0.0,1.0,0.0,8.0
808.3967803847422,65.0,2.0,0.0,1.0,0.0,8.0
808.6967803847422,65.0,2.0,0.0,1.0,0.0,8.0
808.6977034616652,65.0,2.0,0.0,6.0,0.0,8.0
808.9977034616652,65.0,2.0,0.0,6.0,0.0,8.0
808.9986265385883,65.0,2.0,0.0,6.0,0.0,8.0
809.2986265385882,65.0,2.0,0.0,6.0,0.0,8.0
809.2995496155113,65.0,2.0,0.0,6.0,0.0,8.0
809.5995496155113,65.0,2.0,0.0,6.0,0.0,8.0
809.6004726924343,65.0,2.0,0.0,6.0,0.0,8.0
809.9004726924343,65.0,2.0,0.0,6.0,0.0,8.0
809.9013957693574,65.0,2.0,0.0,6.0,0.0,8.0
810.2013957693573,65.0,2.0,0.0,6.0,0.0,8.0
810.2023188462804,65.0,2.0,0.0,6.0,0.0,8.0
810.5023188462803,65.0,2.0,0.0,6.0,0.0,8.0
810.5032419232034,65.0,2.0,0.0,6.0,0.0,8.0
810.8032419232034,65.0,2.0,0.0,6.0,0.0,8.0
810.8041650001264,65.0,2.0,0.0,6.0,0.0,8.0
811.1041650001264,65.0,2.0,0.0,6.0,0.0,8.0
811.1050880770495,65.0,2.0,0.0,6.0,0.0,8.0
811.4050880770494,65.0,2.0,0.0,6.0,0.0,8.0
811.4060111539725,65.0,2.0,0.0,6.0,0.0,8.0
811.7060111539724,65.0,2.0,0.0,6.0,0.0,8.0
811.7069342308955,65.0,2.0,0.0,6.0,0.0,8.0
812.0069342308955,65.0,2.0,0.0,6.0,0.0,8.0
812.0078573078185,65.0,2.0,0.0,6.0,0.0,8.0
812.3078573078185,65.0,2.0,0.0,6.0,0.0,8.0
812.3087803847416,65.0,2.0,0.0,6.0,0.0,8.0
812.6087803847415,65.0,2.0,0.0,6.0,0.0,8.0
812.6097034616646,65.0,2.0,0.0,6.0,0.0,8.0
812.9097034616645,65.0,2.0,0.0,6.0,0.0,8.0
812.9106265385876,65.0,2.0,0.0,6.0,0.0,8.0
813.2106265385876,65.0,2.0,0.0,6.0,0.0,8.0
813.2115496155106,65.0,2.0,0.0,6.0,0.0,8.0
813.5115496155106,65.0,2.0,0.0,6.0,0.0,8.0
813.5124726924337,65.0,2.0,0.0,6.0,0.0,8.0
813.8124726924336,65.0,2.0,0.0,6.0,0.0,8.0
813.8133957693567,65.0,2.0,0.0,6.0,0.0,8.0
814.1133957693567,65.0,2.0,0.0,6.0,0.0,8.0
814.1143188462797,65.0,2.0,0.0,6.0,0.0,8.0
814.4143188462797,65.0,2.0,0.0,6.0,0.0,8.0
814.4152419232028,65.0,2.0,0.0,6.0,0.0,8.0
814.7152419232027,65.0,2.0,0.0,6.0,0.0,8.0
814.7161650001258,65.0,2.0,0.0,6.0,0.0,8.0
815.0161650001257,65.0,2.0,0.0,6.0,0.0,8.0
815.0170880770488,65.0,2.0,0.0,6.0,0.0,8.0
815.3170880770488,65.0,2.0,0.0,6.0,0.0,8.0
815.3180111539718,64.0,2.0,0.0,6.0,0.0,8.0
815.6180111539718,64.0,2.0,0.0,6.0,0.0,8.0
815.6189486539718,64.0,2.0,0.0,6.0,0.0,8.0
815.9189486539717,64.0,2.0,0.0,6.0,0.0,8.0
815.9198861539717,64.0,2.0,0.0,6.0,0.0,8.0
816.2198861539716,64.0,2.0,0.0,6.0,0.0,8.0
816.2208236539716,64.0,2.0,0.0,6.0,0.0,8.0
816.5208236539715,64.0,2.0,0.0,6.0,0.0,8.0
816.5217611539715,64.0,2.0,0.0,6.0,0.0,8.0
816.8217611539715,64.0,2.0,0.0,6.0,0.0,8.0
816.8226986539714,64.0,2.0,0.0,6.0,0.0,8.0
817.1226986539714,64.0,2.0,0.0,6.0,0.0,8.0
817.1236361539713,65.0,2.0,0.0,6.0,0.0,8.0
817.4236361539713,65.0,2.0,0.0,6.0,0.0,8.0
817.4245592308944,65.0,2.0,0.0,6.0,0.0,8.0
817.7245592308943,65.0,2.0,0.0,6.0,0.0,8.0
817.7254823078174,65.0,2.0,0.0,6.0,0.0,8.0
818.0254823078174,65.0,2.0,0.0,6.0,0.0,8.0
818.0264053847404,65.0,2.0,0.0,6.0,0.0,8.0
818.3264053847404,65.0,2.0,0.0,6.0,0.0,8.0
818.3273284616635,65.0,2.0,0.0,6.0,0.0,8.0
818.6273284616634,65.0,2.0,0.0,6.0,0.0,8.0
818.6282515385865,65.0,2.0,0.0,6.0,0.0,8.0
818.9282515385864,65.0,2.0,0.0,6.0,0.0,8.0
818.9291746155095,65.0,2.0,0.0,6.0,0.0,8.0
819.2291746155095,65.0,2.0,0.0,6.0,0.0,8.0
819.2300976924325,65.0,2.0,0.0,6.0,0.0,8.0
819.5300976924325,65.0,2.0,0.0,6.0,0.0,8.0
819.5310207693556,65.0,2.0,0.0,6.0,0.0,8.0
819.8310207693555,65.0,2.0,0.0,6.0,0.0,8.0
819.8319438462786,65.0,2.0,0.0,6.0,0.0,8.0
820.1319438462785,65.0,2.0,0.0,6.0,0.0,8.0
820.1328669232016,65.0,2.0,0.0,6.0,0.0,8.0
820.4328669232016,65.0,2.0,0.0,6.0,0.0,8.0
820.4337900001246,65.0,2.0,0.0,6.0,0.0,8.0
820.7337900001246,65.0,2.0,0.0,6.0,0.0,8.0
820.7347130770477,65.0,2.0,0.0,6.0,0.0,8.0
821.0347130770476,65.0,2.0,0.0,6.0,0.0,8.0
821.0356361539707,65.0,2.0,0.0,6.0,0.0,8.0
821.3356361539707,65.0,2.0,0.0,6.0,0.0,8.0
821.3365592308937,65.0,2.0,0.0,6.0,0.0,8.0
821.6365592308937,65.0,2.0,0.0,6.0,0.0,8.0
821.6374823078168,65.0,2.0,0.0,6.0,0.0,8.0
821.9374823078167,65.0,2.0,0.0,6.0,0.0,8.0
821.9384053847398,65.0,2.0,0.0,6.0,0.0,8.0
822.2384053847397,65.0,2.0,0.0,6.0,0.0,8.0
822.2393284616628,65.0,2.0,0.0,6.0,0.0,8.0
822.5393284616628,65.0,2.0,0.0,6.0,0.0,8.0
822.5402515385858,65.0,2.0,0.0,6.0,0.0,8.0
822.8402515385858,65.0,2.0,0.0,6.0,0.0,8.0
822.8411746155089,65.0,2.0,0.0,6.0,0.0,8.0
823.1411746155088,65.0,2.0,0.0,6.0,0.0,8.0
823.1420976924319,66.0,2.0,0.0,6.0,0.0,8.0
823.4420976924318,66.0,2.0,0.0,6.0,0.0,8.0
823.4430067833409,66.0,2.0,0.0,6.0,0.0,8.0
823.7430067833409,66.0,2.0,0.0,6.0,0.0,8.0
823.74391587425,66.0,2.0,0.0,6.0,0.0,8.0
824.0439158742499,66.0,2.0,0.0,6.0,0.0,8.0
824.044824965159,66.0,2.0,0.0,6.0,0.0,8.0
824.344824965159,66.0,2.0,0.0,6.0,0.0,8.0
824.3457340560681,66.0,2.0,0.0,6.0,0.0,8.0
824.645734056068,66.0,2.0,0.0,6.0,0.0,8.0
824.6466431469771,66.0,2.0,0.0,6.0,0.0,8.0
824.9466431469771,66.0,2.0,0.0,6.0,0.0,8.0
824.9475522378862,66.0,2.0,0.0,6.0,0.0,8.0
825.2475522378861,66.0,2.0,0.0,6.0,0.0,8.0
825.2484613287952,66.0,2.0,0.0,6.0,0.0,8.0
825.5484613287952,66.0,2.0,0.0,6.0,0.0,8.0
825.5493704197042,66.0,2.0,0.0,6.0,0.0,8.0
825.8493704197042,66.0,2.0,0.0,6.0,0.0,8.0
825.8502795106133,66.0,2.0,0.0,6.0,0.0,8.0
826.1502795106132,66.0,2.0,0.0,6.0,0.0,8.0
826.1511886015223,66.0,2.0,0.0,6.0,0.0,8.0
826.4511886015223,66.0,2.0,0.0,6.0,0.0,8.0
826.4520976924314,66.0,2.0,0.0,6.0,0.0,8.0
826.7520976924313,66.0,2.0,0.0,6.0,0.0,8.0
826.7530067833404,66.0,2.0,0.0,6.0,0.0,8.0
827.0530067833404,66.0,2.0,0.0,6.0,0.0,8.0
827.0539158742495,66.0,2.0,0.0,6.0,0.0,8.0
827.3539158742494,66.0,2.0,0.0,6.0,0.0,8.0
827.3548249651585,66.0,2.0,0.0,6.0,0.0,8.0
827.6548249651585,66.0,2.0,0.0,6.0,0.0,8.0
827.6557340560676,66.0,2.0,0.0,6.0,0.0,8.0
827.9557340560675,66.0,2.0,0.0,6.0,0.0,8.0
827.9566431469766,66.0,2.0,0.0,6.0,0.0,8.0
828.2566431469766,66.0,2.0,0.0,6.0,0.0,8.0
828.2575522378856,66.0,2.0,0.0,6.0,0.0,8.0
828.5575522378856,66.0,2.0,0.0,6.0,0.0,8.0
828.5584613287947,66.0,2.0,0.0,6.0,0.0,8.0
828.8584613287946,66.0,2.0,0.0,6.0,0.0,8.0
828.8593704197037,66.0,2.0,0.0,6.0,0.0,8.0
829.1593704197037,66.0,2.0,0.0,6.0,0.0,8.0
829.1602795106128,66.0,2.0,0.0,6.0,0.0,8.0
829.4602795106127,66.0,2.0,0.0,6.0,0.0,8.0
829.4611886015218,66.0,2.0,0.0,6.0,0.0,8.0
829.7611886015218,66.0,2.0,0.0,6.0,0.0,8.0
829.7620976924309,66.0,2.0,0.0,6.0,0.0,8.0
830.0620976924308,66.0,2.0,0.0,6.0,0.0,8.0
830.0630067833399,65.0,2.0,0.0,6.0,0.0,8.0
830.3630067833399,65.0,2.0,0.0,6.0,0.0,8.0
830.3639298602629,65.0,2.0,0.0,6.0,0.0,8.0
830.6639298602629,65.0,2.0,0.0,6.0,0.0,8.0
830.664852937186,65.0,2.0,0.0,6.0,0.0,8.0
830.9648529371859,65.0,2.0,0.0,6.0,0.0,8.0
830.965776014109,65.0,2.0,0.0,6.0,0.0,8.0
831.265776014109,65.0,2.0,0.0,6.0,0.0,8.0
831.266699091032,65.0,2.0,0.0,6.0,0.0,8.0
831.566699091032,65.0,2.0,0.0,6.0,0.0,8.0
831.567622167955,65.0,2.0,0.0,6.0,0.0,8.0
831.867622167955,65.0,2.0,0.0,6.0,0.0,8.0
831.8685452448781,65.0,2.0,0.0,6.0,0.0,8.0
832.168545244878,65.0,2.0,0.0,6.0,0.0,8.0
832.1694683218011,65.0,2.0,0.0,6.0,0.0,8.0
832.4694683218011,65.0,2.0,0.0,6.0,0.0,8.0
832.4703913987241,65.0,2.0,0.0,6.0,0.0,8.0
832.7703913987241,65.0,2.0,0.0,6.0,0.0,8.0
832.7713144756472,65.0,2.0,0.0,6.0,0.0,8.0
833.0713144756471,65.0,2.0,0.0,6.0,0.0,8.0
833.0722375525702,65.0,2.0,0.0,6.0,0.0,8.0
833.3722375525701,65.0,2.0,0.0,6.0,0.0,8.0
833.3731606294932,65.0,2.0,0.0,6.0,0.0,8.0
833.6731606294932,65.0,2.0,0.0,6.0,0.0,8.0
833.6740837064162,65.0,2.0,0.0,6.0,0.0,8.0
833.9740837064162,65.0,2.0,0.0,6.0,0.0,8.0
833.9750067833393,65.0,2.0,0.0,6.0,0.0,8.0
834.2750067833392,65.0,2.0,0.0,6.0,0.0,8.0
834.2759298602623,65.0,2.0,0.0,6.0,0.0,8.0
834.5759298602622,65.0,2.0,0.0,6.0,0.0,8.0
834.5768529371853,65.0,2.0,0.0,6.0,0.0,8.0
834.8768529371853,65.0,2.0,0.0,6.0,0.0,8.0
834.8777760141083,65.0,2.0,0.0,6.0,0.0,8.0
835.1777760141083,65.0,2.0,0.0,6.0,0.0,8.0
835.1786990910314,65.0,2.0,0.0,6.0,0.0,8.0
835.4786990910313,65.0,2.0,0.0,6.0,0.0,8.0
835.4796221679544,65.0,2.0,0.0,6.0,0.0,8.0
835.7796221679544,65.0,2.0,0.0,6.0,0.0,8.0
835.7805452448774,65.0,2.0,0.0,6.0,0.0,8.0
836.0805452448774,65.0,2.0,0.0,6.0,0.0,8.0
836.0814683218005,65.0,2.0,0.0,6.0,0.0,8.0
836.3814683218004,65.0,2.0,0.0,6.0,0.0,8.0
836.3823913987235,65.0,2.0,0.0,6.0,0.0,8.0
836.6823913987234,65.0,2.0,0.0,6.0,0.0,8.0
836.6833144756465,65.0,2.0,0.0,6.0,0.0,8.0
836.9833144756465,65.0,2.0,0.0,6.0,0.0,8.0
836.9842375525695,65.0,2.0,0.0,6.0,0.0,8.0
837.2842375525695,65.0,2.0,0.0,6.0,0.0,8.0
837.2851606294926,65.0,2.0,0.0,6.0,0.0,8.0
837.5851606294925,65.0,2.0,0.0,6.0,0.0,8.0
837.5860837064156,65.0,2.0,0.0,4.0,0.0,9.0
837.8860837064155,65.0,2.0,0.0,4.0,0.0,9.0
837.8870067833386,65.0,2.0,0.0,4.0,0.0,9.0
838.1870067833386,65.0,2.0,0.0,4.0,0.0,9.0
838.1879298602616,65.0,2.0,0.0,4.0,0.0,9.0
838.4879298602616,65.0,2.0,0.0,4.0,0.0,9.0
838.4888529371847,65.0,2.0,0.0,4.0,0.0,9.0
838.7888529371846,65.0,2.0,0.0,4.0,0.0,9.0
838.7897760141077,65.0,2.0,0.0,4.0,0.0,9.0
839.0897760141077,65.0,2.0,0.0,4.0,0.0,9.0
839.0906990910307,65.0,2.0,0.0,4.0,0.0,9.0
839.3906990910307,65.0,2.0,0.0,4.0,0.0,9.0
839.3916221679538,65.0,2.0,0.0,4.0,0.0,9.0
839.6916221679537,65.0,2.0,0.0,4.0,0.0,9.0
839.6925452448768,65.0,2.0,0.0,4.0,0.0,9.0
839.9925452448767,65.0,2.0,0.0,4.0,0.0,9.0
839.9934683217998,65.0,2.0,0.0,4.0,0.0,9.0
840.2934683217998,65.0,2.0,0.0,4.0,0.0,9.0
840.2943913987228,65.0,2.0,0.0,4.0,0.0,9.0
840.5943913987228,65.0,2.0,0.0,4.0,0.0,9.0
840.5953144756459,65.0,2.0,0.0,4.0,0.0,9.0
840.8953144756458,65.0,2.0,0.0,4.0,0.0,9.0
840.8962375525689,65.0,2.0,0.0,4.0,0.0,9.0
841.1962375525688,65.0,2.0,0.0,4.0,0.0,9.0
841.1971606294919,65.0,2.0,0.0,4.0,0.0,9.0
841.4971606294919,65.0,2.0,0.0,4.0,0.0,9.0
841.498083706415,65.0,2.0,0.0,4.0,0.0,9.0
841.7980837064149,65.0,2.0,0.0,4.0,0.0,9.0
841.799006783338,64.0,2.0,0.0,4.0,0.0,9.0
842.0990067833379,64.0,2.0,0.0,4.0,0.0,9.0
842.0999442833379,64.0,2.0,0.0,4.0,0.0,9.0
842.3999442833378,64.0,2.0,0.0,4.0,0.0,9.0
842.4008817833378,64.0,2.0,0.0,4.0,0.0,9.0
842.7008817833378,64.0,2.0,0.0,4.0,0.0,9.0
842.7018192833377,64.0,2.0,0.0,4.0,0.0,9.0
843.0018192833377,64.0,2.0,0.0,4.0,0.0,9.0
843.0027567833376,64.0,2.0,0.0,4.0,0.0,9.0
843.3027567833376,64.0,2.0,0.0,4.0,0.0,9.0
843.3036942833376,64.0,2.0,0.0,4.0,0.0,9.0
843.6036942833375,64.0,2.0,0.0,4.0,0.0,9.0
843.6046317833375,64.0,2.0,0.0,4.0,0.0,9.0
843.9046317833374,64.0,2.0,0.0,4.0,0.0,9.0
843.9055692833374,64.0,2.0,0.0,4.0,0.0,9.0
844.2055692833374,64.0,2.0,0.0,4.0,0.0,9.0
844.2065067833373,64.0,2.0,0.0,4.0,0.0,9.0
844.5065067833373,64.0,2.0,0.0,4.0,0.0,9.0
844.5074442833372,64.0,2.0,0.0,4.0,0.0,9.0
844.8074442833372,64.0,2.0,0.0,4.0,0.0,9.0
844.8083817833372,64.0,2.0,0.0,4.0,0.0,9.0
845.1083817833371,64.0,2.0,0.0,4.0,0.0,9.0
845.1093192833371,64.0,2.0,0.0,4.0,0.0,9.0
845.409319283337,64.0,2.0,0.0,4.0,0.0,9.0
845.410256783337,64.0,2.0,0.0,4.0,0.0,9.0
845.710256783337,64.0,2.0,0.0,4.0,0.0,9.0
845.7111942833369,64.0,2.0,0.0,4.0,0.0,9.0
846.0111942833369,64.0,2.0,0.0,4.0,0.0,9.0
846.0121317833368,64.0,2.0,0.0,4.0,0.0,9.0
846.3121317833368,64.0,2.0,0.0,4.0,0.0,9.0
846.3130692833367,64.0,2.0,0.0,4.0,0.0,9.0
846.6130692833367,64.0,2.0,0.0,4.0,0.0,9.0
846.6140067833367,64.0,2.0,0.0,4.0,0.0,9.0
846.9140067833366,64.0,2.0,0.0,4.0,0.0,9.0
846.9149442833366,64.0,2.0,0.0,4.0,0.0,9.0
847.2149442833365,64.0,2.0,0.0,4.0,0.0,9.0
847.2158817833365,64.0,2.0,0.0,4.0,0.0,9.0
847.5158817833365,64.0,2.0,0.0,4.0,0.0,9.0
847.5168192833364,64.0,2.0,0.0,4.0,0.0,9.0
847.8168192833364,64.0,2.0,0.0,4.0,0.0,9.0
847.8177567833363,64.0,2.0,0.0,4.0,0.0,9.0
848.1177567833363,64.0,2.0,0.0,4.0,0.0,9.0
848.1186942833363,64.0,2.0,0.0,4.0,0.0,9.0
848.4186942833362,64.0,2.0,0.0,4.0,0.0,9.0
848.4196317833362,64.0,2.0,0.0,4.0,0.0,9.0
848.7196317833361,64.0,2.0,0.0,4.0,0.0,9.0
848.7205692833361,64.0,2.0,0.0,4.0,0.0,9.0
849.020569283336,64.0,2.0,0.0,4.0,0.0,9.0
849.021506783336,64.0,2.0,0.0,4.0,0.0,9.0
849.321506783336,64.0,2.0,0.0,4.0,0.0,9.0
849.3224442833359,64.0,2.0,0.0,4.0,0.0,9.0
849.6224442833359,64.0,2.0,0.0,4.0,0.0,9.0
849.6233817833358,64.0,2.0,0.0,4.0,0.0,9.0
849.9233817833358,64.0,2.0,0.0,4.0,0.0,9.0
849.9243192833358,64.0,2.0,0.0,4.0,0.0,9.0
850.2243192833357,64.0,2.0,0.0,4.0,0.0,9.0
850.2252567833357,64.0,2.0,0.0,4.0,0.0,9.0
850.5252567833356,64.0,2.0,0.0,4.0,0.0,9.0
850.5261942833356,64.0,2.0,0.0,4.0,0.0,9.0
850.8261942833356,64.0,2.0,0.0,4.0,0.0,9.0
850.8271317833355,64.0,2.0,0.0,4.0,0.0,9.0
851.1271317833355,64.0,2.0,0.0,4.0,0.0,9.0
851.1280692833354,64.0,2.0,0.0,4.0,0.0,9.0
851.4280692833354,64.0,2.0,0.0,4.0,0.0,9.0
851.4290067833354,64.0,2.0,0.0,4.0,0.0,9.0
851.7290067833353,64.0,2.0,0.0,4.0,0.0,9.0
851.7299442833353,64.0,2.0,0.0,4.0,0.0,9.0
852.0299442833352,64.0,2.0,0.0,4.0,0.0,9.0
852.0308817833352,64.0,2.0,0.0,4.0,0.0,9.0
852.3308817833351,64.0,2.0,0.0,4.0,0.0,9.0
852.3318192833351,64.0,2.0,0.0,4.0,0.0,9.0
852.6318192833351,64.0,2.0,0.0,4.0,0.0,9.0
852.632756783335,64.0,2.0,0.0,4.0,0.0,9.0
852.932756783335,64.0,2.0,0.0,4.0,0.0,9.0
852.933694283335,64.0,2.0,0.0,4.0,0.0,9.0
853.2336942833349,64.0,2.0,0.0,4.0,0.0,9.0
853.2346317833349,64.0,2.0,0.0,4.0,0.0,9.0
853.5346317833348,64.0,2.0,0.0,4.0,0.0,9.0
853.5355692833348,64.0,2.0,0.0,4.0,0.0,9.0
853.8355692833347,64.0,2.0,0.0,4.0,0.0,9.0
853.8365067833347,64.0,2.0,0.0,4.0,0.0,9.0
854.1365067833347,64.0,2.0,0.0,4.0,0.0,9.0
854.1374442833346,64.0,2.0,0.0,4.0,0.0,9.0
854.4374442833346,64.0,2.0,0.0,4.0,0.0,9.0
854.4383817833345,64.0,2.0,0.0,4.0,0.0,9.0
854.7383817833345,64.0,2.0,0.0,4.0,0.0,9.0
854.7393192833345,64.0,2.0,0.0,4.0,0.0,9.0
855.0393192833344,64.0,2.0,0.0,4.0,0.0,9.0
855.0402567833344,64.0,2.0,0.0,4.0,0.0,9.0
855.3402567833343,64.0,2.0,0.0,4.0,0.0,9.0
855.3411942833343,64.0,2.0,0.0,4.0,0.0,9.0
855.6411942833342,64.0,2.0,0.0,4.0,0.0,9.0
855.6421317833342,64.0,2.0,0.0,4.0,0.0,9.0
855.9421317833342,64.0,2.0,0.0,4.0,0.0,9.0
855.9430692833341,64.0,2.0,0.0,4.0,0.0,9.0
856.2430692833341,64.0,2.0,0.0,4.0,0.0,9.0
856.244006783334,64.0,2.0,0.0,4.0,0.0,9.0
856.544006783334,64.0,2.0,0.0,4.0,0.0,9.0
856.544944283334,64.0,2.0,0.0,4.0,0.0,9.0
856.8449442833339,64.0,2.0,0.0,4.0,0.0,9.0
856.8458817833339,64.0,2.0,0.0,4.0,0.0,9.0
857.1458817833338,64.0,2.0,0.0,4.0,0.0,9.0
857.1468192833338,64.0,2.0,0.0,4.0,0.0,9.0
857.4468192833338,64.0,2.0,0.0,4.0,0.0,9.0
857.4477567833337,64.0,2.0,0.0,4.0,0.0,9.0
857.7477567833337,64.0,2.0,0.0,4.0,0.0,9.0
857.7486942833336,64.0,2.0,0.0,4.0,0.0,9.0
858.0486942833336,64.0,2.0,0.0,4.0,0.0,9.0
858.0496317833336,64.0,2.0,0.0,4.0,0.0,9.0
858.3496317833335,64.0,2.0,0.0,4.0,0.0,9.0
858.3505692833335,64.0,2.0,0.0,4.0,0.0,9.0
858.6505692833334,64.0,2.0,0.0,4.0,0.0,9.0
858.6515067833334,64.0,2.0,0.0,2.0,0.0,10.0
858.9515067833333,64.0,2.0,0.0,2.0,0.0,10.0
858.9524442833333,64.0,2.0,0.0,2.0,0.0,10.0
859.2524442833333,64.0,2.0,0.0,2.0,0.0,10.0
859.2533817833332,64.0,2.0,0.0,2.0,0.0,10.0
859.5533817833332,64.0,2.0,0.0,2.0,0.0,10.0
859.5543192833331,64.0,2.0,0.0,2.0,0.0,10.0
859.8543192833331,64.0,2.0,0.0,2.0,0.0,10.0
859.8552567833331,64.0,2.0,0.0,2.0,0.0,10.0
860.155256783333,64.0,2.0,0.0,2.0,0.0,10.0
860.156194283333,64.0,2.0,0.0,2.0,0.0,10.0
860.4561942833329,64.0,2.0,0.0,2.0,0.0,10.0
860.4571317833329,64.0,2.0,0.0,2.0,0.0,10.0
860.7571317833329,64.0,2.0,0.0,2.0,0.0,10.0
860.7580692833328,64.0,2.0,0.0,2.0,0.0,10.0
861.0580692833328,64.0,2.0,0.0,2.0,0.0,10.0
861.0590067833327,64.0,2.0,0.0,2.0,0.0,10.0
861.3590067833327,64.0,2.0,0.0,2.0,0.0,10.0
861.3599442833327,64.0,2.0,0.0,2.0,0.0,10.0
861.6599442833326,64.0,2.0,0.0,2.0,0.0,10.0
861.6608817833326,64.0,2.0,0.0,2.0,0.0,10.0
861.9608817833325,64.0,2.0,0.0,2.0,0.0,10.0
861.9618192833325,64.0,2.0,0.0,2.0,0.0,10.0
862.2618192833324,64.0,2.0,0.0,2.0,0.0,10.0
862.2627567833324,64.0,2.0,0.0,2.0,0.0,10.0
862.5627567833324,64.0,2.0,0.0,2.0,0.0,10.0
862.5636942833323,64.0,2.0,0.0,2.0,0.0,10.0
862.8636942833323,64.0,2.0,0.0,2.0,0.0,10.0
862.8646317833322,64.0,2.0,0.0,2.0,0.0,10.0
863.1646317833322,64.0,2.0,0.0,2.0,0.0,10.0
863.1655692833322,64.0,2.0,0.0,2.0,0.0,10.0
863.4655692833321,64.0,2.0,0.0,2.0,0.0,10.0
863.4665067833321,64.0,2.0,0.0,2.0,0.0,10.0
863.766506783332,64.0,2.0,0.0,2.0,0.0,10.0
863.767444283332,64.0,2.0,0.0,2.0,0.0,10.0
864.067444283332,64.0,2.0,0.0,2.0,0.0,10.0
864.0683817833319,64.0,2.0,0.0,2.0,0.0,10.0
864.3683817833319,64.0,2.0,0.0,2.0,0.0,10.0
864.3693192833318,64.0,2.0,0.0,2.0,0.0,10.0
864.6693192833318,64.0,2.0,0.0,2.0,0.0,10.0
864.6702567833318,64.0,2.0,0.0,2.0,0.0,10.0
864.9702567833317,64.0,2.0,0.0,2.0,0.0,10.0
864.9711942833317,64.0,2.0,0.0,2.0,0.0,10.0
865.2711942833316,64.0,2.0,0.0,2.0,0.0,10.0
865.2721317833316,64.0,2.0,0.0,2.0,0.0,10.0
865.5721317833315,64.0,2.0,0.0,2.0,0.0,10.0
865.5730692833315,64.0,2.0,0.0,2.0,0.0,10.0
865.8730692833315,64.0,2.0,0.0,2.0,0.0,10.0
865.8740067833314,64.0,2.0,0.0,2.0,0.0,10.0
866.1740067833314,64.0,2.0,0.0,2.0,0.0,10.0
866.1749442833313,64.0,2.0,0.0,2.0,0.0,10.0
866.4749442833313,64.0,2.0,0.0,2.0,0.0,10.0
866.4758817833313,64.0,2.0,0.0,2.0,0.0,10.0
866.7758817833312,64.0,2.0,0.0,2.0,0.0,10.0
866.7768192833312,64.0,2.0,0.0,2.0,0.0,10.0
867.0768192833311,64.0,2.0,0.0,2.0,0.0,10.0
867.0777567833311,64.0,2.0,0.0,2.0,0.0,10.0
867.377756783331,64.0,2.0,0.0,2.0,0.0,10.0
867.378694283331,64.0,2.0,0.0,2.0,0.0,10.0
867.678694283331,64.0,2.0,0.0,2.0,0.0,10.0
867.6796317833309,64.0,2.0,0.0,2.0,0.0,10.0
867.9796317833309,64.0,2.0,0.0,2.0,0.0,10.0
867.9805692833309,64.0,2.0,0.0,2.0,0.0,10.0
868.2805692833308,64.0,2.0,0.0,2.0,0.0,10.0
868.2815067833308,64.0,2.0,0.0,2.0,0.0,10.0
868.5815067833307,64.0,2.0,0.0,2.0,0.0,10.0
868.5824442833307,64.0,2.0,0.0,2.0,0.0,10.0
868.8824442833306,64.0,2.0,0.0,2.0,0.0,10.0
868.8833817833306,64.0,2.0,0.0,2.0,0.0,10.0
869.1833817833306,64.0,2.0,0.0,2.0,0.0,10.0
869.1843192833305,64.0,2.0,0.0,2.0,0.0,10.0
869.4843192833305,64.0,2.0,0.0,2.0,0.0,10.0
869.4852567833304,64.0,2.0,0.0,2.0,0.0,10.0
869.7852567833304,64.0,2.0,0.0,2.0,0.0,10.0
869.7861942833304,64.0,2.0,0.0,2.0,0.0,10.0
870.0861942833303,64.0,2.0,0.0,2.0,0.0,10.0
870.0871317833303,64.0,2.0,0.0,2.0,0.0,10.0
870.3871317833302,64.0,2.0,0.0,2.0,0.0,10.0
870.3880692833302,65.0,2.0,0.0,2.0,0.0,10.0
870.6880692833302,65.0,2.0,0.0,2.0,0.0,10.0
870.6889923602532,66.0,2.0,0.0,2.0,0.0,10.0
870.9889923602532,66.0,2.0,0.0,2.0,0.0,10.0
870.9899014511623,66.0,2.0,0.0,2.0,0.0,10.0
871.2899014511622,66.0,2.0,0.0,2.0,0.0,10.0
871.2908105420713,66.0,2.0,0.0,2.0,0.0,10.0
871.5908105420713,66.0,2.0,0.0,2.0,0.0,10.0
871.5917196329804,66.0,2.0,0.0,2.0,0.0,10.0
871.8917196329803,66.0,2.0,0.0,2.0,0.0,10.0
871.8926287238894,66.0,2.0,0.0,2.0,0.0,10.0
872.1926287238894,66.0,2.0,0.0,2.0,0.0,10.0
872.1935378147984,66.0,2.0,0.0,2.0,0.0,10.0
872.4935378147984,66.0,2.0,0.0,2.0,0.0,10.0
872.4944469057075,66.0,2.0,0.0,2.0,0.0,10.0
872.7944469057074,66.0,2.0,0.0,2.0,0.0,10.0
872.7953559966165,66.0,2.0,0.0,2.0,0.0,10.0
873.0953559966165,66.0,2.0,0.0,2.0,0.0,10.0
873.0962650875256,66.0,2.0,0.0,2.0,0.0,10.0
873.3962650875255,66.0,2.0,0.0,2.0,0.0,10.0
873.3971741784346,66.0,2.0,0.0,2.0,0.0,10.0
873.6971741784346,66.0,2.0,0.0,2.0,0.0,10.0
873.6980832693437,66.0,2.0,0.0,2.0,0.0,10.0
873.9980832693436,66.0,2.0,0.0,2.0,0.0,10.0
873.9989923602527,66.0,2.0,0.0,2.0,0.0,10.0
874.2989923602527,66.0,2.0,0.0,2.0,0.0,10.0
874.2999014511618,66.0,2.0,0.0,2.0,0.0,10.0
874.5999014511617,66.0,2.0,0.0,2.0,0.0,10.0
874.6008105420708,66.0,2.0,0.0,2.0,0.0,10.0
874.9008105420708,66.0,2.0,0.0,2.0,0.0,10.0
874.9017196329798,66.0,2.0,0.0,2.0,0.0,10.0
875.2017196329798,66.0,2.0,0.0,2.0,0.0,10.0
875.2026287238889,66.0,2.0,0.0,2.0,0.0,10.0
875.5026287238888,66.0,2.0,0.0,2.0,0.0,10.0
875.5035378147979,66.0,2.0,0.0,2.0,0.0,10.0
875.8035378147979,66.0,2.0,0.0,2.0,0.0,10.0
875.804446905707,66.0,3.0,0.0,0.0,0.0,11.0
876.1044469057069,66.0,3.0,0.0,0.0,0.0,11.0
876.105355996616,66.0,3.0,0.0,0.0,0.0,11.0
876.405355996616,66.0,3.0,0.0,0.0,0.0,11.0
876.4062650875251,66.0,3.0,0.0,0.0,0.0,11.0
876.706265087525,66.0,3.0,0.0,0.0,0.0,11.0
876.7071741784341,66.0,3.0,0.0,0.0,0.0,11.0
877.0071741784341,66.0,3.0,0.0,0.0,0.0,11.0
877.0080832693432,66.0,3.0,0.0,0.0,0.0,11.0
877.3080832693431,66.0,3.0,0.0,0.0,0.0,11.0
877.3089923602522,66.0,3.0,0.0,0.0,0.0,11.0
877.6089923602522,66.0,3.0,0.0,0.0,0.0,11.0
877.6099014511612,66.0,3.0,0.0,0.0,0.0,11.0
877.9099014511612,66.0,3.0,0.0,0.0,0.0,11.0
877.9108105420703,66.0,3.0,0.0,0.0,0.0,11.0
878.2108105420702,66.0,3.0,0.0,0.0,0.0,11.0
878.2117196329793,67.0,3.0,0.0,0.0,0.0,11.0
878.5117196329793,67.0,3.0,0.0,0.0,0.0,11.0
878.5126151553674,67.0,3.0,0.0,0.0,0.0,11.0
878.8126151553673,67.0,3.0,0.0,0.0,0.0,11.0
878.8135106777554,67.0,3.0,0.0,0.0,0.0,11.0
879.1135106777554,67.0,3.0,0.0,0.0,0.0,11.0
879.1144062001434,67.0,3.0,0.0,0.0,0.0,11.0
879.4144062001434,67.0,3.0,0.0,0.0,0.0,11.0
879.4153017225315,67.0,3.0,0.0,0.0,0.0,11.0
879.7153017225314,67.0,3.0,0.0,0.0,0.0,11.0
879.7161972449195,67.0,3.0,0.0,0.0,0.0,11.0
880.0161972449195,67.0,3.0,0.0,0.0,0.0,11.0
880.0170927673075,67.0,3.0,0.0,0.0,0.0,11.0
880.3170927673075,67.0,3.0,0.0,0.0,0.0,11.0
880.3179882896956,67.0,3.0,0.0,0.0,0.0,11.0
880.6179882896955,67.0,3.0,0.0,0.0,0.0,11.0
880.6188838120836,67.0,3.0,0.0,0.0,0.0,11.0
880.9188838120835,67.0,3.0,0.0,0.0,0.0,11.0
880.9197793344716,67.0,3.0,0.0,0.0,0.0,11.0
881.2197793344716,67.0,3.0,0.0,0.0,0.0,11.0
881.2206748568597,67.0,3.0,0.0,0.0,0.0,11.0
881.5206748568596,67.0,3.0,0.0,0.0,0.0,11.0
881.5215703792477,67.0,3.0,0.0,0.0,0.0,11.0
881.8215703792476,67.0,3.0,0.0,0.0,0.0,11.0
881.8224659016357,67.0,3.0,0.0,0.0,0.0,11.0
882.1224659016357,67.0,3.0,0.0,0.0,0.0,11.0
882.1233614240238,67.0,3.0,0.0,0.0,0.0,11.0
882.4233614240237,67.0,3.0,0.0,0.0,0.0,11.0
882.4242569464118,67.0,3.0,0.0,0.0,0.0,11.0
882.7242569464117,67.0,3.0,0.0,0.0,0.0,11.0
882.7251524687998,67.0,3.0,0.0,0.0,0.0,11.0
883.0251524687998,67.0,3.0,0.0,0.0,0.0,11.0
883.0260479911879,67.0,3.0,0.0,0.0,0.0,11.0
883.3260479911878,67.0,3.0,0.0,0.0,0.0,11.0
883.3269435135759,67.0,3.0,0.0,0.0,0.0,11.0
883.6269435135758,67.0,3.0,0.0,0.0,0.0,11.0
883.6278390359639,67.0,3.0,0.0,0.0,0.0,11.0
883.9278390359639,67.0,3.0,0.0,0.0,0.0,11.0
883.928734558352,67.0,3.0,0.0,0.0,0.0,11.0
884.2287345583519,67.0,3.0,0.0,0.0,0.0,11.0
884.22963008074,67.0,3.0,0.0,0.0,0.0,11.0
884.5296300807399,67.0,3.0,0.0,0.0,0.0,11.0
884.530525603128,67.0,3.0,0.0,0.0,0.0,11.0
884.830525603128,67.0,3.0,0.0,0.0,0.0,11.0
884.831421125516,67.0,3.0,0.0,0.0,0.0,11.0
885.131421125516,67.0,3.0,0.0,0.0,0.0,11.0
885.1323166479041,67.0,3.0,0.0,0.0,0.0,11.0
885.432316647904,67.0,3.0,0.0,0.0,0.0,11.0
885.4332121702921,67.0,3.0,0.0,0.0,0.0,11.0
885.7332121702921,67.0,3.0,0.0,0.0,0.0,11.0
885.7341076926801,67.0,3.0,0.0,0.0,0.0,11.0
886.0341076926801,67.0,3.0,0.0,0.0,0.0,11.0
886.0350032150682,67.0,3.0,0.0,0.0,0.0,11.0
886.3350032150681,67.0,3.0,0.0,0.0,0.0,11.0
886.3358987374562,67.0,3.0,0.0,0.0,0.0,11.0
886.6358987374562,67.0,3.0,0.0,0.0,0.0,11.0
886.6367942598442,67.0,3.0,0.0,0.0,0.0,11.0
886.9367942598442,67.0,3.0,0.0,0.0,0.0,11.0
886.9376897822323,67.0,3.0,0.0,0.0,0.0,11.0
887.2376897822322,67.0,3.0,0.0,0.0,0.0,11.0
887.2385853046203,67.0,3.0,0.0,0.0,0.0,11.0
887.5385853046203,67.0,3.0,0.0,0.0,0.0,11.0
887.5394808270083,67.0,3.0,0.0,0.0,0.0,11.0
887.8394808270083,67.0,3.0,0.0,0.0,0.0,11.0
887.8403763493964,67.0,3.0,0.0,0.0,0.0,11.0
888.1403763493963,67.0,3.0,0.0,0.0,0.0,11.0
888.1412718717844,67.0,3.0,0.0,0.0,0.0,11.0
888.4412718717844,67.0,3.0,0.0,0.0,0.0,11.0
888.4421673941724,67.0,3.0,0.0,0.0,0.0,11.0
888.7421673941724,67.0,3.0,0.0,0.0,0.0,11.0
888.7430629165605,67.0,3.0,0.0,0.0,0.0,11.0
889.0430629165604,67.0,3.0,0.0,0.0,0.0,11.0
889.0439584389485,67.0,3.0,0.0,0.0,0.0,11.0
889.3439584389484,67.0,3.0,0.0,0.0,0.0,11.0
889.3448539613365,67.0,3.0,0.0,0.0,0.0,11.0
889.6448539613365,67.0,3.0,0.0,0.0,0.0,11.0
889.6457494837246,67.0,3.0,0.0,0.0,0.0,11.0
889.9457494837245,67.0,3.0,0.0,0.0,0.0,11.0
889.9466450061126,67.0,3.0,0.0,0.0,0.0,11.0
890.2466450061125,67.0,3.0,0.0,0.0,0.0,11.0
890.2475405285006,67.0,3.0,0.0,0.0,0.0,11.0
890.5475405285006,67.0,3.0,0.0,0.0,0.0,11.0
890.5484360508887,67.0,3.0,0.0,0.0,0.0,11.0
890.8484360508886,67.0,3.0,0.0,0.0,0.0,11.0
890.8493315732767,67.0,3.0,0.0,0.0,0.0,11.0
891.1493315732766,67.0,3.0,0.0,0.0,0.0,11.0
891.1502270956647,67.0,3.0,0.0,0.0,0.0,11.0
891.4502270956647,67.0,3.0,0.0,0.0,0.0,11.0
891.4511226180528,67.0,3.0,0.0,0.0,0.0,11.0
891.7511226180527,67.0,3.0,0.0,0.0,0.0,11.0
891.7520181404408,67.0,3.0,0.0,0.0,0.0,11.0
892.0520181404407,67.0,3.0,0.0,0.0,0.0,11.0
892.0529136628288,67.0,3.0,0.0,0.0,0.0,11.0
892.3529136628288,67.0,3.0,0.0,0.0,0.0,11.0
892.3538091852168,67.0,3.0,0.0,0.0,0.0,11.0
892.6538091852168,67.0,3.0,0.0,0.0,0.0,11.0
892.6547047076049,67.0,3.0,0.0,0.0,0.0,11.0
892.9547047076048,67.0,3.0,0.0,0.0,0.0,11.0
892.9556002299929,67.0,3.0,0.0,0.0,0.0,11.0
893.2556002299929,67.0,3.0,0.0,0.0,0.0,11.0
893.2564957523809,67.0,3.0,0.0,0.0,0.0,11.0
893.5564957523809,67.0,3.0,0.0,0.0,0.0,11.0
893.557391274769,67.0,3.0,0.0,0.0,0.0,11.0
893.8573912747689,67.0,3.0,0.0,0.0,0.0,11.0
893.858286797157,67.0,3.0,0.0,0.0,0.0,11.0
894.158286797157,67.0,3.0,0.0,0.0,0.0,11.0
894.159182319545,67.0,3.0,0.0,0.0,0.0,11.0
894.459182319545,67.0,3.0,0.0,0.0,0.0,11.0
894.4600778419331,67.0,3.0,0.0,0.0,0.0,11.0
894.760077841933,67.0,3.0,0.0,0.0,0.0,11.0
894.7609733643211,67.0,3.0,0.0,0.0,0.0,11.0
895.0609733643211,67.0,3.0,0.0,0.0,0.0,11.0
895.0618688867091,67.0,3.0,0.0,0.0,0.0,11.0
895.3618688867091,67.0,3.0,0.0,0.0,0.0,11.0
895.3627644090972,67.0,3.0,0.0,0.0,0.0,11.0
895.6627644090971,67.0,3.0,0.0,0.0,0.0,11.0
895.6636599314852,67.0,3.0,0.0,0.0,0.0,11.0
895.9636599314852,67.0,3.0,0.0,0.0,0.0,11.0
895.9645554538732,67.0,3.0,0.0,0.0,0.0,11.0
896.2645554538732,67.0,3.0,0.0,0.0,0.0,11.0
896.2654509762613,67.0,3.0,0.0,0.0,0.0,11.0
896.5654509762612,67.0,3.0,0.0,0.0,0.0,11.0
896.5663464986493,67.0,3.0,0.0,0.0,0.0,11.0
896.8663464986492,67.0,3.0,0.0,0.0,0.0,11.0
896.8672420210373,67.0,3.0,0.0,0.0,0.0,11.0
897.1672420210373,67.0,3.0,0.0,0.0,0.0,11.0
897.1681375434254,67.0,3.0,0.0,0.0,0.0,11.0
897.4681375434253,67.0,3.0,0.0,0.0,0.0,11.0
897.4690330658134,67.0,3.0,0.0,0.0,0.0,11.0
897.7690330658133,67.0,3.0,0.0,0.0,0.0,11.0
897.7699285882014,67.0,3.0,0.0,0.0,0.0,11.0
898.0699285882014,67.0,3.0,0.0,0.0,0.0,11.0
898.0708241105895,67.0,3.0,0.0,0.0,0.0,11.0
898.3708241105894,67.0,3.0,0.0,0.0,0.0,11.0
898.3717196329775,67.0,3.0,0.0,0.0,0.0,11.0
898.6717196329774,67.0,3.0,0.0,0.0,0.0,11.0
898.6726151553655,67.0,3.0,0.0,0.0,0.0,11.0
898.9726151553655,67.0,3.0,0.0,0.0,0.0,11.0
898.9735106777536,67.0,3.0,0.0,5.0,0.0,11.0
899.2735106777535,67.0,3.0,0.0,5.0,0.0,11.0
899.2744062001416,67.0,3.0,0.0,5.0,0.0,11.0
899.5744062001415,67.0,3.0,0.0,5.0,0.0,11.0
899.5753017225296,67.0,3.0,0.0,5.0,0.0,11.0
899.8753017225296,67.0,3.0,0.0,5.0,0.0,11.0
899.8761972449176,67.0,3.0,0.0,5.0,0.0,11.0
900.1761972449176,67.0,3.0,0.0,5.0,0.0,11.0
900.1770927673057,67.0,3.0,0.0,5.0,0.0,11.0
900.4770927673056,67.0,3.0,0.0,5.0,0.0,11.0
900.4779882896937,67.0,3.0,0.0,5.0,0.0,11.0
900.7779882896937,67.0,3.0,0.0,5.0,0.0,11.0
900.7788838120817,67.0,3.0,0.0,5.0,0.0,11.0
901.0788838120817,67.0,3.0,0.0,5.0,0.0,11.0
901.0797793344698,67.0,3.0,0.0,5.0,0.0,11.0
901.3797793344697,67.0,3.0,0.0,5.0,0.0,11.0
901.3806748568578,67.0,3.0,0.0,5.0,0.0,11.0
901.6806748568578,67.0,3.0,0.0,5.0,0.0,11.0
901.6815703792458,67.0,3.0,0.0,5.0,0.0,11.0
901.9815703792458,67.0,3.0,0.0,5.0,0.0,11.0
901.9824659016339,67.0,3.0,0.0,5.0,0.0,11.0
902.2824659016338,67.0,3.0,0.0,5.0,0.0,11.0
902.2833614240219,67.0,3.0,0.0,5.0,0.0,11.0
902.5833614240219,67.0,3.0,0.0,5.0,0.0,11.0
902.5842569464099,67.0,3.0,0.0,5.0,0.0,11.0
902.8842569464099,67.0,3.0,0.0,5.0,0.0,11.0
902.885152468798,67.0,3.0,0.0,5.0,0.0,11.0
903.1851524687979,67.0,3.0,0.0,5.0,0.0,11.0
903.186047991186,67.0,3.0,0.0,5.0,0.0,11.0
903.486047991186,67.0,3.0,0.0,5.0,0.0,11.0
903.486943513574,67.0,3.0,0.0,5.0,0.0,11.0
903.786943513574,67.0,3.0,0.0,5.0,0.0,11.0
903.7878390359621,67.0,3.0,0.0,5.0,0.0,11.0
904.087839035962,67.0,3.0,0.0,5.0,0.0,11.0
904.0887345583501,67.0,3.0,0.0,5.0,0.0,11.0
904.38873455835,67.0,3.0,0.0,5.0,0.0,11.0
904.3896300807381,67.0,3.0,0.0,5.0,0.0,11.0
904.6896300807381,67.0,3.0,0.0,5.0,0.0,11.0
904.6905256031262,67.0,3.0,0.0,5.0,0.0,11.0
904.9905256031261,67.0,3.0,0.0,5.0,0.0,11.0
904.9914211255142,67.0,3.0,0.0,5.0,0.0,11.0
905.2914211255141,67.0,3.0,0.0,5.0,0.0,11.0
905.2923166479022,67.0,3.0,0.0,5.0,0.0,11.0
905.5923166479022,67.0,3.0,0.0,5.0,0.0,11.0
905.5932121702903,67.0,3.0,0.0,5.0,0.0,11.0
905.8932121702902,67.0,3.0,0.0,5.0,0.0,11.0
905.8941076926783,67.0,3.0,0.0,5.0,0.0,11.0
906.1941076926782,67.0,3.0,0.0,5.0,0.0,11.0
906.1950032150663,67.0,3.0,0.0,5.0,0.0,11.0
906.4950032150663,67.0,3.0,0.0,5.0,0.0,11.0
906.4958987374544,67.0,3.0,0.0,5.0,0.0,11.0
906.7958987374543,67.0,3.0,0.0,5.0,0.0,11.0
906.7967942598424,67.0,3.0,0.0,5.0,0.0,11.0
907.0967942598423,67.0,3.0,0.0,5.0,0.0,11.0
907.0976897822304,67.0,3.0,0.0,5.0,0.0,11.0
907.3976897822304,67.0,3.0,0.0,5.0,0.0,11.0
907.3985853046185,68.0,3.0,0.0,5.0,0.0,11.0
907.6985853046184,68.0,3.0,0.0,5.0,0.0,11.0
907.6994676575596,68.0,3.0,0.0,5.0,0.0,11.0
907.9994676575595,68.0,3.0,0.0,5.0,0.0,11.0
908.0003500105007,68.0,3.0,0.0,5.0,0.0,11.0
908.3003500105007,68.0,3.0,0.0,5.0,0.0,11.0
908.3012323634418,68.0,3.0,0.0,5.0,0.0,11.0
908.6012323634418,68.0,3.0,0.0,5.0,0.0,11.0
908.602114716383,68.0,3.0,0.0,5.0,0.0,11.0
908.9021147163829,68.0,3.0,0.0,5.0,0.0,11.0
908.9029970693241,68.0,3.0,0.0,5.0,0.0,11.0
909.202997069324,68.0,3.0,0.0,5.0,0.0,11.0
909.2038794222652,68.0,3.0,0.0,5.0,0.0,11.0
909.5038794222652,68.0,3.0,0.0,5.0,0.0,11.0
909.5047617752064,68.0,3.0,0.0,5.0,0.0,11.0
909.8047617752063,68.0,3.0,0.0,5.0,0.0,11.0
909.8056441281475,68.0,3.0,0.0,5.0,0.0,11.0
910.1056441281474,68.0,3.0,0.0,5.0,0.0,11.0
910.1065264810886,68.0,3.0,0.0,5.0,0.0,11.0
910.4065264810886,68.0,3.0,0.0,5.0,0.0,11.0
910.4074088340298,68.0,3.0,0.0,5.0,0.0,11.0
910.7074088340297,68.0,3.0,0.0,5.0,0.0,11.0
910.7082911869709,68.0,3.0,0.0,5.0,0.0,11.0
911.0082911869708,68.0,3.0,0.0,5.0,0.0,11.0
911.009173539912,68.0,3.0,0.0,5.0,0.0,11.0
911.309173539912,68.0,3.0,0.0,5.0,0.0,11.0
911.3100558928531,68.0,3.0,0.0,5.0,0.0,11.0
911.6100558928531,68.0,3.0,0.0,5.0,0.0,11.0
911.6109382457943,68.0,3.0,0.0,5.0,0.0,11.0
911.9109382457942,68.0,3.0,0.0,5.0,0.0,11.0
911.9118205987354,68.0,3.0,0.0,5.0,0.0,11.0
912.2118205987354,68.0,3.0,0.0,5.0,0.0,11.0
912.2127029516765,68.0,3.0,0.0,5.0,0.0,11.0
912.5127029516765,68.0,3.0,0.0,5.0,0.0,11.0
912.5135853046177,68.0,3.0,0.0,5.0,0.0,11.0
912.8135853046176,68.0,3.0,0.0,5.0,0.0,11.0
912.8144676575588,68.0,3.0,0.0,5.0,0.0,11.0
913.1144676575587,68.0,3.0,0.0,5.0,0.0,11.0
913.1153500104999,68.0,3.0,0.0,5.0,0.0,11.0
913.4153500104999,68.0,3.0,0.0,5.0,0.0,11.0
913.416232363441,68.0,3.0,0.0,5.0,0.0,11.0
913.716232363441,68.0,3.0,0.0,5.0,0.0,11.0
913.7171147163822,68.0,3.0,0.0,5.0,0.0,11.0
914.0171147163821,68.0,3.0,0.0,5.0,0.0,11.0
914.0179970693233,68.0,3.0,0.0,5.0,0.0,11.0
914.3179970693233,68.0,3.0,0.0,5.0,0.0,11.0
914.3188794222644,68.0,3.0,0.0,5.0,0.0,11.0
914.6188794222644,68.0,3.0,0.0,5.0,0.0,11.0
914.6197617752056,68.0,3.0,0.0,5.0,0.0,11.0
914.9197617752055,68.0,3.0,0.0,5.0,0.0,11.0
914.9206441281467,68.0,3.0,0.0,5.0,0.0,11.0
915.2206441281467,68.0,3.0,0.0,5.0,0.0,11.0
915.2215264810878,68.0,3.0,0.0,5.0,0.0,11.0
915.5215264810878,68.0,3.0,0.0,5.0,0.0,11.0
915.522408834029,68.0,3.0,0.0,5.0,0.0,11.0
915.8224088340289,68.0,3.0,0.0,5.0,0.0,11.0
915.8232911869701,68.0,3.0,0.0,5.0,0.0,11.0
916.12329118697,68.0,3.0,0.0,5.0,0.0,11.0
916.1241735399112,68.0,3.0,0.0,5.0,0.0,11.0
916.4241735399112,68.0,3.0,0.0,5.0,0.0,11.0
916.4250558928524,68.0,3.0,0.0,5.0,0.0,11.0
916.7250558928523,68.0,3.0,0.0,5.0,0.0,11.0
916.7259382457935,68.0,3.0,0.0,5.0,0.0,11.0
917.0259382457934,68.0,3.0,0.0,5.0,0.0,11.0
917.0268205987346,68.0,3.0,0.0,5.0,0.0,11.0
917.3268205987346,68.0,3.0,0.0,5.0,0.0,11.0
917.3277029516757,68.0,3.0,0.0,5.0,0.0,11.0
917.6277029516757,68.0,3.0,0.0,5.0,0.0,11.0
917.6285853046169,68.0,3.0,0.0,5.0,0.0,11.0
917.9285853046168,68.0,3.0,0.0,5.0,0.0,11.0
917.929467657558,68.0,3.0,0.0,5.0,0.0,11.0
918.229467657558,68.0,3.0,0.0,5.0,0.0,11.0
918.2303500104991,68.0,3.0,0.0,5.0,0.0,11.0
918.5303500104991,68.0,3.0,0.0,5.0,0.0,11.0
918.5312323634403,68.0,3.0,0.0,5.0,0.0,11.0
918.8312323634402,68.0,3.0,0.0,5.0,0.0,11.0
918.8321147163814,68.0,3.0,0.0,5.0,0.0,11.0
919.1321147163814,68.0,3.0,0.0,5.0,0.0,11.0
919.1329970693225,68.0,3.0,0.0,5.0,0.0,11.0
919.4329970693225,68.0,3.0,0.0,5.0,0.0,11.0
919.4338794222637,68.0,3.0,0.0,5.0,0.0,11.0
919.7338794222636,68.0,3.0,0.0,5.0,0.0,11.0
919.7347617752048,68.0,3.0,0.0,5.0,0.0,11.0
920.0347617752047,68.0,3.0,0.0,5.0,0.0,11.0
920.0356441281459,68.0,3.0,0.0,5.0,0.0,11.0
920.3356441281459,68.0,3.0,0.0,5.0,0.0,11.0
920.336526481087,68.0,3.0,0.0,5.0,0.0,11.0
920.636526481087,68.0,3.0,0.0,5.0,0.0,11.0
920.6374088340282,68.0,3.0,0.0,5.0,0.0,11.0
920.9374088340281,68.0,3.0,0.0,5.0,0.0,11.0
920.9382911869693,68.0,3.0,0.0,5.0,0.0,11.0
921.2382911869693,68.0,3.0,0.0,5.0,0.0,11.0
921.2391735399104,68.0,3.0,0.0,5.0,0.0,11.0
921.5391735399104,68.0,3.0,0.0,5.0,0.0,11.0
921.5400558928516,68.0,3.0,0.0,5.0,0.0,11.0
921.8400558928515,68.0,3.0,0.0,5.0,0.0,11.0
921.8409382457927,69.0,3.0,0.0,5.0,0.0,11.0
922.1409382457927,69.0,3.0,0.0,5.0,0.0,11.0
922.14180781101,69.0,3.0,0.0,5.0,0.0,11.0
922.44180781101,69.0,3.0,0.0,5.0,0.0,11.0
922.4426773762274,69.0,3.0,0.0,5.0,0.0,11.0
922.7426773762273,69.0,3.0,0.0,5.0,0.0,11.0
922.7435469414447,69.0,3.0,0.0,5.0,0.0,11.0
923.0435469414447,69.0,3.0,0.0,5.0,0.0,11.0
923.0444165066621,69.0,3.0,0.0,5.0,0.0,11.0
923.344416506662,69.0,3.0,0.0,5.0,0.0,11.0
923.3452860718794,69.0,3.0,0.0,5.0,0.0,11.0
923.6452860718794,69.0,3.0,0.0,5.0,0.0,11.0
923.6461556370967,69.0,3.0,0.0,5.0,0.0,11.0
923.9461556370967,69.0,3.0,0.0,5.0,0.0,11.0
923.9470252023141,69.0,3.0,0.0,5.0,0.0,11.0
924.247025202314,69.0,3.0,0.0,5.0,0.0,11.0
924.2478947675314,69.0,3.0,0.0,5.0,0.0,11.0
924.5478947675314,69.0,3.0,0.0,5.0,0.0,11.0
924.5487643327488,69.0,3.0,0.0,5.0,0.0,11.0
924.8487643327487,69.0,3.0,0.0,5.0,0.0,11.0
924.8496338979661,69.0,3.0,0.0,5.0,0.0,11.0
925.149633897966,69.0,3.0,0.0,5.0,0.0,11.0
925.1505034631834,69.0,3.0,0.0,5.0,0.0,11.0
925.4505034631834,69.0,3.0,0.0,5.0,0.0,11.0
925.4513730284008,69.0,3.0,0.0,5.0,0.0,11.0
925.7513730284007,69.0,3.0,0.0,5.0,0.0,11.0
925.7522425936181,69.0,3.0,0.0,5.0,0.0,11.0
926.0522425936181,69.0,3.0,0.0,5.0,0.0,11.0
926.0531121588355,69.0,3.0,0.0,5.0,0.0,11.0
926.3531121588354,69.0,3.0,0.0,5.0,0.0,11.0
926.3539817240528,69.0,3.0,0.0,5.0,0.0,11.0
926.6539817240528,69.0,3.0,0.0,5.0,0.0,11.0
926.6548512892701,69.0,3.0,0.0,5.0,0.0,11.0
926.9548512892701,69.0,3.0,0.0,5.0,0.0,11.0
926.9557208544875,69.0,3.0,0.0,5.0,0.0,11.0
927.2557208544874,69.0,3.0,0.0,5.0,0.0,11.0
927.2565904197048,69.0,3.0,0.0,5.0,0.0,11.0
927.5565904197048,69.0,3.0,0.0,5.0,0.0,11.0
927.5574599849222,69.0,3.0,0.0,5.0,0.0,11.0
927.8574599849221,69.0,3.0,0.0,5.0,0.0,11.0
927.8583295501395,69.0,3.0,0.0,5.0,0.0,11.0
928.1583295501395,69.0,3.0,0.0,5.0,0.0,11.0
928.1591991153568,69.0,3.0,0.0,5.0,0.0,11.0
928.4591991153568,69.0,3.0,0.0,5.0,0.0,11.0
928.4600686805742,69.0,3.0,0.0,5.0,0.0,11.0
928.7600686805741,69.0,3.0,0.0,5.0,0.0,11.0
928.7609382457915,69.0,3.0,0.0,5.0,0.0,11.0
929.0609382457915,69.0,3.0,0.0,5.0,0.0,11.0
929.0618078110089,69.0,3.0,0.0,5.0,0.0,11.0
929.3618078110088,69.0,3.0,0.0,5.0,0.0,11.0
929.3626773762262,69.0,3.0,0.0,5.0,0.0,11.0
929.6626773762262,69.0,3.0,0.0,5.0,0.0,11.0
929.6635469414435,69.0,3.0,0.0,5.0,0.0,11.0
929.9635469414435,69.0,3.0,0.0,5.0,0.0,11.0
929.9644165066609,69.0,3.0,0.0,5.0,0.0,11.0
930.2644165066608,69.0,3.0,0.0,5.0,0.0,11.0
930.2652860718782,69.0,3.0,0.0,5.0,0.0,11.0
930.5652860718782,69.0,3.0,0.0,5.0,0.0,11.0
930.5661556370956,69.0,3.0,0.0,5.0,0.0,11.0
930.8661556370955,69.0,3.0,0.0,5.0,0.0,11.0
930.8670252023129,69.0,3.0,0.0,5.0,0.0,11.0
931.1670252023129,69.0,3.0,0.0,5.0,0.0,11.0
931.1678947675302,69.0,3.0,0.0,5.0,0.0,11.0
931.4678947675302,69.0,3.0,0.0,5.0,0.0,11.0
931.4687643327476,69.0,3.0,0.0,5.0,0.0,11.0
931.7687643327475,69.0,3.0,0.0,5.0,0.0,11.0
931.7696338979649,69.0,3.0,0.0,5.0,0.0,11.0
932.0696338979649,69.0,3.0,0.0,5.0,0.0,11.0
932.0705034631823,69.0,3.0,0.0,5.0,0.0,11.0
932.3705034631822,69.0,3.0,0.0,5.0,0.0,11.0
932.3713730283996,69.0,3.0,0.0,5.0,0.0,11.0
932.6713730283996,69.0,3.0,0.0,5.0,0.0,11.0
932.6722425936169,69.0,3.0,0.0,5.0,0.0,11.0
932.9722425936169,69.0,3.0,0.0,5.0,0.0,11.0
932.9731121588343,69.0,3.0,0.0,5.0,0.0,11.0
933.2731121588342,69.0,3.0,0.0,5.0,0.0,11.0
933.2739817240516,69.0,3.0,0.0,5.0,0.0,11.0
933.5739817240516,69.0,3.0,0.0,5.0,0.0,11.0
933.574851289269,69.0,3.0,0.0,5.0,0.0,11.0
933.8748512892689,69.0,3.0,0.0,5.0,0.0,11.0
933.8757208544863,69.0,3.0,0.0,5.0,0.0,11.0
934.1757208544863,69.0,3.0,0.0,5.0,0.0,11.0
934.1765904197036,69.0,3.0,0.0,5.0,0.0,11.0
934.4765904197036,69.0,3.0,0.0,5.0,0.0,11.0
934.477459984921,69.0,3.0,0.0,5.0,0.0,11.0
934.7774599849209,69.0,3.0,0.0,5.0,0.0,11.0
934.7783295501383,69.0,3.0,0.0,5.0,0.0,11.0
935.0783295501383,69.0,3.0,0.0,5.0,0.0,11.0
935.0791991153557,69.0,3.0,0.0,5.0,0.0,11.0
935.3791991153556,69.0,3.0,0.0,5.0,0.0,11.0
935.380068680573,70.0,3.0,0.0,5.0,0.0,11.0
935.680068680573,70.0,3.0,0.0,5.0,0.0,11.0
935.6809258234301,70.0,3.0,0.0,5.0,0.0,11.0
935.9809258234301,70.0,3.0,0.0,5.0,0.0,11.0
935.9817829662873,70.0,3.0,0.0,5.0,0.0,11.0
936.2817829662872,70.0,3.0,0.0,5.0,0.0,11.0
936.2826401091444,70.0,3.0,0.0,5.0,0.0,11.0
936.5826401091443,70.0,3.0,0.0,5.0,0.0,11.0
936.5834972520015,70.0,3.0,0.0,5.0,0.0,11.0
936.8834972520015,70.0,3.0,0.0,5.0,0.0,11.0
936.8843543948586,70.0,3.0,0.0,5.0,0.0,11.0
937.1843543948586,70.0,3.0,0.0,5.0,0.0,11.0
937.1852115377158,70.0,3.0,0.0,5.0,0.0,11.0
937.4852115377157,70.0,3.0,0.0,5.0,0.0,11.0
937.4860686805729,70.0,3.0,0.0,5.0,0.0,11.0
937.7860686805728,70.0,3.0,0.0,5.0,0.0,11.0
937.78692582343,70.0,3.0,0.0,5.0,0.0,11.0
938.08692582343,70.0,3.0,0.0,5.0,0.0,11.0
938.0877829662871,70.0,3.0,0.0,5.0,0.0,11.0
938.3877829662871,70.0,3.0,0.0,5.0,0.0,11.0
938.3886401091443,70.0,3.0,0.0,5.0,0.0,11.0
938.6886401091442,70.0,3.0,0.0,5.0,0.0,11.0
938.6894972520014,70.0,3.0,0.0,5.0,0.0,11.0
938.9894972520013,70.0,3.0,0.0,5.0,0.0,11.0
938.9903543948585,70.0,3.0,0.0,5.0,0.0,11.0
939.2903543948585,70.0,3.0,0.0,5.0,0.0,11.0
939.2912115377156,70.0,3.0,0.0,5.0,0.0,11.0
939.5912115377156,70.0,3.0,0.0,5.0,0.0,11.0
939.5920686805728,70.0,3.0,0.0,5.0,0.0,11.0
939.8920686805727,70.0,3.0,0.0,5.0,0.0,11.0
939.8929258234299,70.0,3.0,0.0,5.0,0.0,11.0
940.1929258234298,70.0,3.0,0.0,5.0,0.0,11.0
940.193782966287,70.0,3.0,0.0,5.0,0.0,11.0
940.493782966287,70.0,3.0,0.0,5.0,0.0,11.0
940.4946401091441,70.0,3.0,0.0,5.0,0.0,11.0
940.7946401091441,70.0,3.0,0.0,5.0,0.0,11.0
940.7954972520013,70.0,3.0,0.0,5.0,0.0,11.0
941.0954972520012,70.0,3.0,0.0,5.0,0.0,11.0
941.0963543948584,70.0,3.0,0.0,5.0,0.0,11.0
941.3963543948583,70.0,3.0,0.0,5.0,0.0,11.0
941.3972115377155,70.0,3.0,0.0,5.0,0.0,11.0
941.6972115377155,70.0,3.0,0.0,5.0,0.0,11.0
941.6980686805726,70.0,3.0,0.0,5.0,0.0,11.0
941.9980686805726,70.0,3.0,0.0,5.0,0.0,11.0
941.9989258234298,70.0,3.0,0.0,5.0,0.0,11.0
942.2989258234297,70.0,3.0,0.0,5.0,0.0,11.0
942.2997829662869,70.0,3.0,0.0,5.0,0.0,11.0
942.5997829662869,70.0,3.0,0.0,5.0,0.0,11.0
942.600640109144,70.0,3.0,0.0,5.0,0.0,11.0
942.900640109144,70.0,3.0,0.0,5.0,0.0,11.0
942.9014972520011,70.0,3.0,0.0,5.0,0.0,11.0
943.2014972520011,70.0,3.0,0.0,5.0,0.0,11.0
943.2023543948583,70.0,3.0,0.0,5.0,0.0,11.0
943.5023543948582,70.0,3.0,0.0,5.0,0.0,11.0
943.5032115377154,70.0,3.0,0.0,5.0,0.0,11.0
943.8032115377154,70.0,3.0,0.0,5.0,0.0,11.0
943.8040686805725,70.0,3.0,0.0,5.0,0.0,11.0
944.1040686805725,70.0,3.0,0.0,5.0,0.0,11.0
944.1049258234297,70.0,3.0,0.0,3.0,0.0,12.0
944.4049258234296,70.0,3.0,0.0,3.0,0.0,12.0
944.4057829662868,70.0,3.0,0.0,3.0,0.0,12.0
944.7057829662867,70.0,3.0,0.0,3.0,0.0,12.0
944.7066401091439,70.0,3.0,0.0,3.0,0.0,12.0
945.0066401091439,70.0,3.0,0.0,3.0,0.0,12.0
945.007497252001,70.0,3.0,0.0,3.0,0.0,12.0
945.307497252001,70.0,3.0,0.0,3.0,0.0,12.0
945.3083543948582,70.0,3.0,0.0,3.0,0.0,12.0
945.6083543948581,70.0,3.0,0.0,3.0,0.0,12.0
945.6092115377153,70.0,3.0,0.0,3.0,0.0,12.0
945.9092115377152,70.0,3.0,0.0,3.0,0.0,12.0
945.9100686805724,70.0,3.0,0.0,3.0,0.0,12.0
946.2100686805724,70.0,3.0,0.0,3.0,0.0,12.0
946.2109258234295,70.0,3.0,0.0,3.0,0.0,12.0
946.5109258234295,70.0,3.0,0.0,3.0,0.0,12.0
946.5117829662867,70.0,3.0,0.0,3.0,0.0,12.0
946.8117829662866,70.0,3.0,0.0,3.0,0.0,12.0
946.8126401091438,70.0,3.0,0.0,3.0,0.0,12.0
947.1126401091437,70.0,3.0,0.0,3.0,0.0,12.0
947.1134972520009,70.0,3.0,0.0,3.0,0.0,12.0
947.4134972520009,70.0,3.0,0.0,3.0,0.0,12.0
947.414354394858,70.0,3.0,0.0,3.0,0.0,12.0
947.714354394858,70.0,3.0,0.0,3.0,0.0,12.0
947.7152115377152,70.0,3.0,0.0,3.0,0.0,12.0
948.0152115377151,70.0,3.0,0.0,3.0,0.0,12.0
948.0160686805723,70.0,3.0,0.0,3.0,0.0,12.0
948.3160686805722,70.0,3.0,0.0,3.0,0.0,12.0
948.3169258234294,70.0,3.0,0.0,3.0,0.0,12.0
948.6169258234294,70.0,3.0,0.0,3.0,0.0,12.0
948.6177829662865,70.0,3.0,0.0,3.0,0.0,12.0
948.9177829662865,70.0,3.0,0.0,3.0,0.0,12.0
948.9186401091437,70.0,3.0,0.0,3.0,0.0,12.0
949.2186401091436,70.0,3.0,0.0,3.0,0.0,12.0
949.2194972520008,70.0,3.0,0.0,3.0,0.0,12.0
949.5194972520007,70.0,3.0,0.0,3.0,0.0,12.0
949.5203543948579,70.0,3.0,0.0,3.0,0.0,12.0
949.8203543948579,70.0,3.0,0.0,3.0,0.0,12.0
949.821211537715,70.0,3.0,0.0,3.0,0.0,12.0
950.121211537715,70.0,3.0,0.0,3.0,0.0,12.0
950.1220686805722,70.0,3.0,0.0,3.0,0.0,12.0
950.4220686805721,70.0,3.0,0.0,3.0,0.0,12.0
950.4229258234293,70.0,3.0,0.0,3.0,0.0,12.0
950.7229258234293,70.0,3.0,0.0,3.0,0.0,12.0
950.7237829662864,70.0,3.0,0.0,3.0,0.0,12.0
951.0237829662864,70.0,3.0,0.0,3.0,0.0,12.0
951.0246401091435,70.0,3.0,0.0,3.0,0.0,12.0
951.3246401091435,70.0,3.0,0.0,3.0,0.0,12.0
951.3254972520007,70.0,3.0,0.0,3.0,0.0,12.0
951.6254972520006,70.0,3.0,0.0,3.0,0.0,12.0
951.6263543948578,70.0,3.0,0.0,3.0,0.0,12.0
951.9263543948578,70.0,3.0,0.0,3.0,0.0,12.0
951.9272115377149,70.0,3.0,0.0,3.0,0.0,12.0
952.2272115377149,70.0,3.0,0.0,3.0,0.0,12.0
952.228068680572,70.0,3.0,0.0,3.0,0.0,12.0
952.528068680572,70.0,3.0,0.0,3.0,0.0,12.0
952.5289258234292,70.0,3.0,0.0,3.0,0.0,12.0
952.8289258234291,70.0,3.0,0.0,3.0,0.0,12.0
952.8297829662863,70.0,3.0,0.0,3.0,0.0,12.0
953.1297829662863,70.0,3.0,0.0,3.0,0.0,12.0
953.1306401091434,70.0,3.0,0.0,3.0,0.0,12.0
953.4306401091434,70.0,3.0,0.0,3.0,0.0,12.0
953.4314972520006,70.0,3.0,0.0,3.0,0.0,12.0
953.7314972520005,70.0,3.0,0.0,3.0,0.0,12.0
953.7323543948577,70.0,3.0,0.0,3.0,0.0,12.0
954.0323543948576,70.0,3.0,0.0,3.0,0.0,12.0
954.0332115377148,70.0,3.0,0.0,3.0,0.0,12.0
954.3332115377148,70.0,3.0,0.0,3.0,0.0,12.0
954.3340686805719,70.0,3.0,0.0,3.0,0.0,12.0
954.6340686805719,70.0,3.0,0.0,3.0,0.0,12.0
954.6349258234291,70.0,3.0,0.0,3.0,0.0,12.0
954.934925823429,70.0,3.0,0.0,3.0,0.0,12.0
954.9357829662862,70.0,3.0,0.0,3.0,0.0,12.0
955.2357829662861,70.0,3.0,0.0,3.0,0.0,12.0
955.2366401091433,70.0,3.0,0.0,3.0,0.0,12.0
955.5366401091433,70.0,3.0,0.0,3.0,0.0,12.0
955.5374972520004,70.0,3.0,0.0,3.0,0.0,12.0
955.8374972520004,70.0,3.0,0.0,3.0,0.0,12.0
955.8383543948576,70.0,3.0,0.0,3.0,0.0,12.0
956.1383543948575,70.0,3.0,0.0,3.0,0.0,12.0
956.1392115377147,70.0,3.0,0.0,3.0,0.0,12.0
956.4392115377146,70.0,3.0,0.0,3.0,0.0,12.0
956.4400686805718,70.0,3.0,0.0,3.0,0.0,12.0
956.7400686805718,70.0,3.0,0.0,3.0,0.0,12.0
956.7409258234289,70.0,3.0,0.0,3.0,0.0,12.0
957.0409258234289,70.0,3.0,0.0,3.0,0.0,12.0
957.0417829662861,70.0,3.0,0.0,3.0,0.0,12.0
957.341782966286,70.0,3.0,0.0,3.0,0.0,12.0
957.3426401091432,70.0,3.0,0.0,3.0,0.0,12.0
957.6426401091431,70.0,3.0,0.0,3.0,0.0,12.0
957.6434972520003,70.0,3.0,0.0,3.0,0.0,12.0
957.9434972520003,70.0,3.0,0.0,3.0,0.0,12.0
957.9443543948574,70.0,3.0,0.0,3.0,0.0,12.0
958.2443543948574,70.0,3.0,0.0,3.0,0.0,12.0
958.2452115377146,70.0,3.0,0.0,3.0,0.0,12.0
958.5452115377145,70.0,3.0,0.0,3.0,0.0,12.0
958.5460686805717,70.0,3.0,0.0,3.0,0.0,12.0
958.8460686805716,70.0,3.0,0.0,3.0,0.0,12.0
958.8469258234288,70.0,3.0,0.0,3.0,0.0,12.0
959.1469258234288,70.0,3.0,0.0,3.0,0.0,12.0
959.147782966286,70.0,3.0,0.0,3.0,0.0,12.0
959.4477829662859,70.0,3.0,0.0,3.0,0.0,12.0
959.4486401091431,70.0,3.0,0.0,3.0,0.0,12.0
959.748640109143,70.0,3.0,0.0,3.0,0.0,12.0
959.7494972520002,70.0,3.0,0.0,3.0,0.0,12.0
960.0494972520002,70.0,3.0,0.0,3.0,0.0,12.0
960.0503543948573,70.0,3.0,0.0,3.0,0.0,12.0
960.3503543948573,70.0,3.0,0.0,3.0,0.0,12.0
960.3512115377144,71.0,3.0,0.0,3.0,0.0,12.0
960.6512115377144,71.0,3.0,0.0,3.0,0.0,12.0
960.652056608137,71.0,3.0,0.0,3.0,0.0,12.0
960.9520566081369,71.0,3.0,0.0,3.0,0.0,12.0
960.9529016785594,71.0,3.0,0.0,3.0,0.0,12.0
961.2529016785594,71.0,3.0,0.0,3.0,0.0,12.0
961.2537467489819,71.0,3.0,0.0,3.0,0.0,12.0
961.5537467489819,71.0,3.0,0.0,3.0,0.0,12.0
961.5545918194044,71.0,3.0,0.0,3.0,0.0,12.0
961.8545918194044,71.0,3.0,0.0,3.0,0.0,12.0
961.8554368898269,71.0,3.0,0.0,3.0,0.0,12.0
962.1554368898269,71.0,3.0,0.0,3.0,0.0,12.0
962.1562819602494,71.0,3.0,0.0,3.0,0.0,12.0
962.4562819602494,71.0,3.0,0.0,3.0,0.0,12.0
962.4571270306719,71.0,3.0,0.0,3.0,0.0,12.0
962.7571270306719,71.0,3.0,0.0,3.0,0.0,12.0
962.7579721010944,71.0,3.0,0.0,3.0,0.0,12.0
963.0579721010944,71.0,3.0,0.0,3.0,0.0,12.0
963.0588171715169,71.0,3.0,0.0,3.0,0.0,12.0
963.3588171715169,71.0,3.0,0.0,3.0,0.0,12.0
963.3596622419394,71.0,3.0,0.0,3.0,0.0,12.0
963.6596622419394,71.0,3.0,0.0,3.0,0.0,12.0
963.6605073123619,71.0,3.0,0.0,3.0,0.0,12.0
963.9605073123619,71.0,3.0,0.0,3.0,0.0,12.0
963.9613523827844,71.0,3.0,0.0,3.0,0.0,12.0
964.2613523827844,71.0,3.0,0.0,3.0,0.0,12.0
964.2621974532069,71.0,3.0,0.0,3.0,0.0,12.0
964.5621974532069,71.0,3.0,0.0,3.0,0.0,12.0
964.5630425236294,71.0,3.0,0.0,3.0,0.0,12.0
964.8630425236294,71.0,3.0,0.0,3.0,0.0,12.0
964.8638875940519,71.0,3.0,0.0,3.0,0.0,12.0
965.1638875940519,71.0,3.0,0.0,3.0,0.0,12.0
965.1647326644744,71.0,3.0,0.0,3.0,0.0,12.0
965.4647326644744,71.0,3.0,0.0,3.0,0.0,12.0
965.4655777348969,71.0,3.0,0.0,3.0,0.0,12.0
965.7655777348969,71.0,3.0,0.0,3.0,0.0,12.0
965.7664228053194,71.0,3.0,0.0,3.0,0.0,12.0
966.0664228053193,71.0,3.0,0.0,3.0,0.0,12.0
966.0672678757419,71.0,3.0,0.0,3.0,0.0,12.0
966.3672678757418,71.0,3.0,0.0,3.0,0.0,12.0
966.3681129461644,71.0,3.0,0.0,3.0,0.0,12.0
966.6681129461643,71.0,3.0,0.0,3.0,0.0,12.0
966.6689580165869,71.0,3.0,0.0,3.0,0.0,12.0
966.9689580165868,71.0,3.0,0.0,3.0,0.0,12.0
966.9698030870094,71.0,3.0,0.0,3.0,0.0,12.0
967.2698030870093,71.0,3.0,0.0,3.0,0.0,12.0
967.2706481574319,71.0,3.0,0.0,3.0,0.0,12.0
967.5706481574318,71.0,3.0,0.0,3.0,0.0,12.0
967.5714932278544,71.0,3.0,0.0,3.0,0.0,12.0
967.8714932278543,71.0,3.0,0.0,3.0,0.0,12.0
967.8723382982769,71.0,3.0,0.0,3.0,0.0,12.0
968.1723382982768,71.0,3.0,0.0,3.0,0.0,12.0
968.1731833686994,71.0,3.0,0.0,3.0,0.0,12.0
968.4731833686993,71.0,3.0,0.0,3.0,0.0,12.0
968.4740284391219,71.0,3.0,0.0,3.0,0.0,12.0
968.7740284391218,71.0,3.0,0.0,3.0,0.0,12.0
968.7748735095444,71.0,3.0,0.0,3.0,0.0,12.0
969.0748735095443,71.0,3.0,0.0,3.0,0.0,12.0
969.0757185799669,71.0,3.0,0.0,3.0,0.0,12.0
969.3757185799668,71.0,3.0,0.0,3.0,0.0,12.0
969.3765636503894,71.0,3.0,0.0,3.0,0.0,12.0
969.6765636503893,71.0,3.0,0.0,3.0,0.0,12.0
969.6774087208119,71.0,3.0,0.0,3.0,0.0,12.0
969.9774087208118,71.0,3.0,0.0,3.0,0.0,12.0
969.9782537912344,71.0,3.0,0.0,3.0,0.0,12.0
970.2782537912343,71.0,3.0,0.0,3.0,0.0,12.0
970.2790988616568,71.0,3.0,0.0,3.0,0.0,12.0
970.5790988616568,71.0,3.0,0.0,3.0,0.0,12.0
970.5799439320793,71.0,3.0,0.0,3.0,0.0,12.0
970.8799439320793,71.0,3.0,0.0,3.0,0.0,12.0
970.8807890025018,71.0,3.0,0.0,3.0,0.0,12.0
971.1807890025018,71.0,3.0,0.0,3.0,0.0,12.0
971.1816340729243,71.0,3.0,0.0,3.0,0.0,12.0
971.4816340729243,71.0,3.0,0.0,3.0,0.0,12.0
971.4824791433468,71.0,3.0,0.0,3.0,0.0,12.0
971.7824791433468,71.0,3.0,0.0,3.0,0.0,12.0
971.7833242137693,71.0,3.0,0.0,3.0,0.0,12.0
972.0833242137693,71.0,3.0,0.0,3.0,0.0,12.0
972.0841692841918,71.0,3.0,0.0,3.0,0.0,12.0
972.3841692841918,71.0,3.0,0.0,3.0,0.0,12.0
972.3850143546143,71.0,3.0,0.0,3.0,0.0,12.0
972.6850143546143,71.0,3.0,0.0,3.0,0.0,12.0
972.6858594250368,71.0,3.0,0.0,3.0,0.0,12.0
972.9858594250368,71.0,3.0,0.0,3.0,0.0,12.0
972.9867044954593,71.0,3.0,0.0,3.0,0.0,12.0
973.2867044954593,71.0,3.0,0.0,3.0,0.0,12.0
973.2875495658818,71.0,3.0,0.0,3.0,0.0,12.0
973.5875495658818,71.0,3.0,0.0,3.0,0.0,12.0
973.5883946363043,71.0,3.0,0.0,3.0,0.0,12.0
973.8883946363043,71.0,3.0,0.0,3.0,0.0,12.0
973.8892397067268,71.0,3.0,0.0,3.0,0.0,12.0
974.1892397067268,71.0,3.0,0.0,3.0,0.0,12.0
974.1900847771493,71.0,3.0,0.0,3.0,0.0,12.0
974.4900847771493,71.0,3.0,0.0,3.0,0.0,12.0
974.4909298475718,71.0,3.0,0.0,3.0,0.0,12.0
974.7909298475718,71.0,3.0,0.0,3.0,0.0,12.0
974.7917749179943,71.0,3.0,0.0,3.0,0.0,12.0
975.0917749179943,71.0,3.0,0.0,3.0,0.0,12.0
975.0926199884168,71.0,3.0,0.0,3.0,0.0,12.0
975.3926199884168,71.0,3.0,0.0,3.0,0.0,12.0
975.3934650588393,71.0,3.0,0.0,3.0,0.0,12.0
975.6934650588393,71.0,3.0,0.0,3.0,0.0,12.0
975.6943101292618,71.0,3.0,0.0,3.0,0.0,12.0
975.9943101292617,71.0,3.0,0.0,3.0,0.0,12.0
975.9951551996843,71.0,3.0,0.0,3.0,0.0,12.0
976.2951551996842,71.0,3.0,0.0,3.0,0.0,12.0
976.2960002701068,71.0,3.0,0.0,3.0,0.0,12.0
976.5960002701067,71.0,3.0,0.0,3.0,0.0,12.0
976.5968453405293,71.0,3.0,0.0,3.0,0.0,12.0
976.8968453405292,71.0,3.0,0.0,3.0,0.0,12.0
976.8976904109518,71.0,3.0,0.0,3.0,0.0,12.0
977.1976904109517,71.0,3.0,0.0,3.0,0.0,12.0
977.1985354813743,71.0,3.0,0.0,3.0,0.0,12.0
977.4985354813742,71.0,3.0,0.0,3.0,0.0,12.0
977.4993805517968,71.0,3.0,0.0,3.0,0.0,12.0
977.7993805517967,71.0,3.0,0.0,3.0,0.0,12.0
977.8002256222193,71.0,3.0,0.0,3.0,0.0,12.0
978.1002256222192,71.0,3.0,0.0,3.0,0.0,12.0
978.1010706926418,71.0,3.0,0.0,3.0,0.0,12.0
978.4010706926417,71.0,3.0,0.0,3.0,0.0,12.0
978.4019157630643,71.0,3.0,0.0,3.0,0.0,12.0
978.7019157630642,71.0,3.0,0.0,3.0,0.0,12.0
978.7027608334868,71.0,3.0,0.0,3.0,0.0,12.0
979.0027608334867,71.0,3.0,0.0,3.0,0.0,12.0
979.0036059039093,71.0,3.0,0.0,3.0,0.0,12.0
979.3036059039092,71.0,3.0,0.0,3.0,0.0,12.0
979.3044509743318,71.0,3.0,0.0,3.0,0.0,12.0
979.6044509743317,71.0,3.0,0.0,3.0,0.0,12.0
979.6052960447543,71.0,3.0,0.0,3.0,0.0,12.0
979.9052960447542,71.0,3.0,0.0,3.0,0.0,12.0
979.9061411151768,71.0,3.0,0.0,3.0,0.0,12.0
980.2061411151767,71.0,3.0,0.0,3.0,0.0,12.0
980.2069861855992,71.0,3.0,0.0,3.0,0.0,12.0
980.5069861855992,71.0,3.0,0.0,3.0,0.0,12.0
980.5078312560217,71.0,3.0,0.0,3.0,0.0,12.0
980.8078312560217,71.0,3.0,0.0,3.0,0.0,12.0
980.8086763264442,71.0,3.0,0.0,3.0,0.0,12.0
981.1086763264442,71.0,3.0,0.0,3.0,0.0,12.0
981.1095213968667,71.0,3.0,0.0,3.0,0.0,12.0
981.4095213968667,71.0,3.0,0.0,3.0,0.0,12.0
981.4103664672892,71.0,3.0,0.0,3.0,0.0,12.0
981.7103664672892,71.0,3.0,0.0,3.0,0.0,12.0
981.7112115377117,71.0,3.0,0.0,3.0,0.0,12.0
982.0112115377117,71.0,3.0,0.0,3.0,0.0,12.0
982.0120566081342,71.0,3.0,0.0,3.0,0.0,12.0
982.3120566081342,71.0,3.0,0.0,3.0,0.0,12.0
982.3129016785567,71.0,3.0,0.0,3.0,0.0,12.0
982.6129016785567,71.0,3.0,0.0,3.0,0.0,12.0
982.6137467489792,71.0,3.0,0.0,3.0,0.0,12.0
982.9137467489792,71.0,3.0,0.0,3.0,0.0,12.0
982.9145918194017,71.0,3.0,0.0,3.0,0.0,12.0
983.2145918194017,71.0,3.0,0.0,3.0,0.0,12.0
983.2154368898242,71.0,3.0,0.0,3.0,0.0,12.0
983.5154368898242,71.0,3.0,0.0,3.0,0.0,12.0
983.5162819602467,71.0,3.0,0.0,3.0,0.0,12.0
983.8162819602467,71.0,3.0,0.0,3.0,0.0,12.0
983.8171270306692,71.0,3.0,0.0,3.0,0.0,12.0
984.1171270306692,71.0,3.0,0.0,3.0,0.0,12.0
984.1179721010917,71.0,3.0,0.0,3.0,0.0,12.0
984.4179721010917,71.0,3.0,0.0,3.0,0.0,12.0
984.4188171715142,71.0,3.0,0.0,3.0,0.0,12.0
984.7188171715142,71.0,3.0,0.0,3.0,0.0,12.0
984.7196622419367,71.0,3.0,0.0,3.0,0.0,12.0
985.0196622419367,71.0,3.0,0.0,3.0,0.0,12.0
985.0205073123592,71.0,3.0,0.0,3.0,0.0,12.0
985.3205073123592,71.0,3.0,0.0,3.0,0.0,12.0
985.3213523827817,71.0,3.0,0.0,3.0,0.0,12.0
985.6213523827817,71.0,3.0,0.0,3.0,0.0,12.0
985.6221974532042,71.0,3.0,0.0,3.0,0.0,12.0
985.9221974532041,71.0,3.0,0.0,3.0,0.0,12.0
985.9230425236267,71.0,3.0,0.0,3.0,0.0,12.0
986.2230425236266,71.0,3.0,0.0,3.0,0.0,12.0
986.2238875940492,71.0,3.0,0.0,3.0,0.0,12.0
986.5238875940491,71.0,3.0,0.0,3.0,0.0,12.0
986.5247326644717,71.0,3.0,0.0,3.0,0.0,12.0
986.8247326644716,71.0,3.0,0.0,3.0,0.0,12.0
986.8255777348942,71.0,3.0,0.0,3.0,0.0,12.0
987.1255777348941,71.0,3.0,0.0,3.0,0.0,12.0
987.1264228053167,71.0,3.0,0.0,3.0,0.0,12.0
987.4264228053166,71.0,3.0,0.0,3.0,0.0,12.0
987.4272678757392,71.0,4.0,0.0,3.0,0.0,12.0
987.7272678757391,71.0,4.0,0.0,3.0,0.0,12.0
987.7281129461617,71.0,4.0,0.0,3.0,0.0,12.0
988.0281129461616,71.0,4.0,0.0,3.0,0.0,12.0
988.0289580165842,71.0,4.0,0.0,3.0,0.0,12.0
988.3289580165841,71.0,4.0,0.0,3.0,0.0,12.0
988.3298030870067,71.0,4.0,0.0,3.0,0.0,12.0
988.6298030870066,71.0,4.0,0.0,3.0,0.0,12.0
988.6306481574292,71.0,4.0,0.0,3.0,0.0,12.0
988.9306481574291,71.0,4.0,0.0,3.0,0.0,12.0
988.9314932278517,71.0,4.0,0.0,3.0,0.0,12.0
989.2314932278516,71.0,4.0,0.0,3.0,0.0,12.0
989.2323382982742,70.0,4.0,0.0,3.0,0.0,12.0
989.5323382982741,70.0,4.0,0.0,3.0,0.0,12.0
989.5331954411313,70.0,4.0,0.0,3.0,0.0,12.0
989.8331954411312,70.0,4.0,0.0,3.0,0.0,12.0
989.8340525839884,70.0,4.0,0.0,3.0,0.0,12.0
990.1340525839884,70.0,4.0,0.0,3.0,0.0,12.0
990.1349097268455,70.0,4.0,0.0,3.0,0.0,12.0
990.4349097268455,70.0,4.0,0.0,3.0,0.0,12.0
990.4357668697027,70.0,4.0,0.0,3.0,0.0,12.0
990.7357668697026,70.0,4.0,0.0,3.0,0.0,12.0
990.7366240125598,70.0,4.0,0.0,3.0,0.0,12.0
991.0366240125597,70.0,4.0,0.0,3.0,0.0,12.0
991.0374811554169,70.0,4.0,0.0,3.0,0.0,12.0
991.3374811554169,70.0,4.0,0.0,3.0,0.0,12.0
991.338338298274,70.0,4.0,0.0,3.0,0.0,12.0
991.638338298274,70.0,4.0,0.0,3.0,0.0,12.0
991.6391954411312,70.0,4.0,0.0,3.0,0.0,12.0
991.9391954411311,70.0,4.0,0.0,3.0,0.0,12.0
991.9400525839883,71.0,4.0,0.0,3.0,0.0,12.0
992.2400525839882,71.0,4.0,0.0,3.0,0.0,12.0
992.2408976544108,71.0,4.0,0.0,3.0,0.0,12.0
992.5408976544107,71.0,4.0,0.0,3.0,0.0,12.0
992.5417427248333,71.0,4.0,0.0,3.0,0.0,12.0
992.8417427248332,71.0,4.0,0.0,3.0,0.0,12.0
992.8425877952558,71.0,4.0,0.0,3.0,0.0,12.0
993.1425877952557,71.0,4.0,0.0,3.0,0.0,12.0
993.1434328656783,72.0,4.0,0.0,3.0,0.0,12.0
993.4434328656782,72.0,4.0,0.0,3.0,0.0,12.0
993.4442661990116,72.0,4.0,0.0,3.0,0.0,12.0
993.7442661990116,72.0,4.0,0.0,3.0,0.0,12.0
993.745099532345,72.0,4.0,0.0,3.0,0.0,12.0
994.0450995323449,72.0,4.0,0.0,3.0,0.0,12.0
994.0459328656783,72.0,4.0,0.0,3.0,0.0,12.0
994.3459328656783,72.0,4.0,0.0,3.0,0.0,12.0
994.3467661990117,72.0,4.0,0.0,3.0,0.0,12.0
994.6467661990116,72.0,4.0,0.0,3.0,0.0,12.0
994.647599532345,72.0,4.0,0.0,3.0,0.0,12.0
994.947599532345,72.0,4.0,0.0,3.0,0.0,12.0
994.9484328656783,72.0,4.0,0.0,3.0,0.0,12.0
995.2484328656783,72.0,4.0,0.0,3.0,0.0,12.0
995.2492661990117,72.0,4.0,0.0,3.0,0.0,12.0
995.5492661990116,72.0,4.0,0.0,3.0,0.0,12.0
995.550099532345,72.0,4.0,0.0,3.0,0.0,12.0
995.850099532345,72.0,4.0,0.0,3.0,0.0,12.0
995.8509328656784,72.0,4.0,0.0,3.0,0.0,12.0
996.1509328656783,72.0,4.0,0.0,3.0,0.0,12.0
996.1517661990117,72.0,4.0,0.0,3.0,0.0,12.0
996.4517661990117,72.0,4.0,0.0,3.0,0.0,12.0
996.4525995323451,72.0,4.0,0.0,3.0,0.0,12.0
996.752599532345,72.0,4.0,0.0,3.0,0.0,12.0
996.7534328656784,72.0,4.0,0.0,3.0,0.0,12.0
997.0534328656784,72.0,4.0,0.0,3.0,0.0,12.0
997.0542661990117,72.0,4.0,0.0,3.0,0.0,12.0
997.3542661990117,72.0,4.0,0.0,3.0,0.0,12.0
997.3550995323451,72.0,4.0,0.0,3.0,0.0,12.0
997.655099532345,72.0,4.0,0.0,3.0,0.0,12.0
997.6559328656784,72.0,4.0,0.0,3.0,0.0,12.0
997.9559328656784,72.0,4.0,0.0,3.0,0.0,12.0
997.9567661990118,72.0,4.0,0.0,3.0,0.0,12.0
998.2567661990117,72.0,4.0,0.0,3.0,0.0,12.0
998.2575995323451,72.0,4.0,0.0,3.0,0.0,12.0
998.5575995323451,72.0,4.0,0.0,3.0,0.0,12.0
998.5584328656785,72.0,4.0,0.0,3.0,0.0,12.0
998.8584328656784,72.0,4.0,0.0,3.0,0.0,12.0
998.8592661990118,72.0,4.0,0.0,3.0,0.0,12.0
999.1592661990118,72.0,4.0,0.0,3.0,0.0,12.0
999.1600995323452,72.0,4.0,0.0,3.0,0.0,12.0
999.4600995323451,72.0,4.0,0.0,3.0,0.0,12.0
999.4609328656785,72.0,4.0,0.0,3.0,0.0,12.0
999.7609328656785,72.0,4.0,0.0,3.0,0.0,12.0
999.7617661990118,72.0,4.0,0.0,3.0,0.0,12.0
1000.0617661990118,72.0,4.0,0.0,3.0,0.0,12.0
1000.0625995323452,72.0,4.0,0.0,3.0,0.0,12.0
1000.3625995323451,72.0,4.0,0.0,3.0,0.0,12.0
1000.3634328656785,72.0,4.0,0.0,3.0,0.0,12.0
1000.6634328656785,72.0,4.0,0.0,3.0,0.0,12.0
1000.6642661990119,72.0,4.0,0.0,3.0,0.0,12.0
1000.9642661990118,72.0,4.0,0.0,3.0,0.0,12.0
1000.9650995323452,72.0,4.0,0.0,3.0,0.0,12.0
1001.2650995323452,72.0,4.0,0.0,3.0,0.0,12.0
1001.2659328656786,72.0,4.0,0.0,3.0,0.0,12.0
1001.5659328656785,72.0,4.0,0.0,3.0,0.0,12.0
1001.5667661990119,72.0,4.0,0.0,3.0,0.0,12.0
1001.8667661990119,72.0,4.0,0.0,3.0,0.0,12.0
1001.8675995323453,72.0,4.0,0.0,3.0,0.0,12.0
1002.1675995323452,72.0,4.0,0.0,3.0,0.0,12.0
1002.1684328656786,72.0,4.0,0.0,3.0,0.0,12.0
1002.4684328656786,72.0,4.0,0.0,3.0,0.0,12.0
1002.4692661990119,72.0,4.0,0.0,3.0,0.0,12.0
1002.7692661990119,72.0,4.0,0.0,3.0,0.0,12.0
1002.7700995323453,72.0,4.0,0.0,3.0,0.0,12.0
1003.0700995323452,72.0,4.0,0.0,3.0,0.0,12.0
1003.0709328656786,72.0,4.0,0.0,3.0,0.0,12.0
1003.3709328656786,72.0,4.0,0.0,3.0,0.0,12.0
1003.371766199012,72.0,4.0,0.0,3.0,0.0,12.0
1003.6717661990119,72.0,4.0,0.0,3.0,0.0,12.0
1003.6725995323453,72.0,4.0,0.0,3.0,0.0,12.0
1003.9725995323453,72.0,4.0,0.0,3.0,0.0,12.0
1003.9734328656787,72.0,4.0,0.0,3.0,0.0,12.0
1004.2734328656786,72.0,4.0,0.0,3.0,0.0,12.0
1004.274266199012,72.0,4.0,0.0,8.0,0.0,12.0
1004.574266199012,72.0,4.0,0.0,8.0,0.0,12.0
1004.5750995323453,72.0,4.0,0.0,8.0,0.0,12.0
1004.8750995323453,72.0,4.0,0.0,8.0,0.0,12.0
1004.8759328656787,72.0,4.0,0.0,8.0,0.0,12.0
1005.1759328656786,72.0,4.0,0.0,8.0,0.0,12.0
1005.176766199012,72.0,4.0,0.0,6.0,0.0,13.0
1005.476766199012,72.0,4.0,0.0,6.0,0.0,13.0
1005.4775995323454,72.0,4.0,0.0,6.0,0.0,13.0
1005.7775995323453,72.0,4.0,0.0,6.0,0.0,13.0
1005.7784328656787,72.0,4.0,0.0,6.0,0.0,13.0
1006.0784328656787,72.0,4.0,0.0,6.0,0.0,13.0
1006.0792661990121,72.0,4.0,0.0,6.0,0.0,13.0
1006.379266199012,72.0,4.0,0.0,6.0,0.0,13.0
1006.3800995323454,72.0,4.0,0.0,6.0,0.0,13.0
1006.6800995323454,72.0,4.0,0.0,6.0,0.0,13.0
1006.6809328656788,72.0,4.0,0.0,6.0,0.0,13.0
1006.9809328656787,72.0,4.0,0.0,6.0,0.0,13.0
1006.9817661990121,72.0,4.0,0.0,6.0,0.0,13.0
1007.281766199012,72.0,4.0,0.0,6.0,0.0,13.0
1007.2825995323454,72.0,4.0,0.0,6.0,0.0,13.0
1007.5825995323454,72.0,4.0,0.0,6.0,0.0,13.0
1007.5834328656788,72.0,4.0,0.0,6.0,0.0,13.0
1007.8834328656787,72.0,4.0,0.0,6.0,0.0,13.0
1007.8842661990121,72.0,4.0,0.0,6.0,0.0,13.0
1008.1842661990121,72.0,4.0,0.0,6.0,0.0,13.0
1008.1850995323455,72.0,4.0,0.0,4.0,0.0,14.0
1008.4850995323454,72.0,4.0,0.0,4.0,0.0,14.0
1008.4859328656788,72.0,4.0,0.0,4.0,0.0,14.0
1008.7859328656788,72.0,4.0,0.0,4.0,0.0,14.0
1008.7867661990122,72.0,4.0,0.0,4.0,0.0,14.0
1009.0867661990121,72.0,4.0,0.0,4.0,0.0,14.0
1009.0875995323455,72.0,4.0,0.0,4.0,0.0,14.0
1009.3875995323455,72.0,4.0,0.0,4.0,0.0,14.0
1009.3884328656789,72.0,4.0,0.0,4.0,0.0,14.0
1009.6884328656788,72.0,4.0,0.0,4.0,0.0,14.0
1009.6892661990122,72.0,4.0,0.0,4.0,0.0,14.0
1009.9892661990121,72.0,4.0,0.0,4.0,0.0,14.0
1009.9900995323455,72.0,4.0,0.0,4.0,0.0,14.0
1010.2900995323455,72.0,4.0,0.0,4.0,0.0,14.0
1010.2909328656789,72.0,4.0,0.0,4.0,0.0,14.0
1010.5909328656788,72.0,4.0,0.0,4.0,0.0,14.0
1010.5917661990122,72.0,4.0,0.0,4.0,0.0,14.0
1010.8917661990122,72.0,4.0,0.0,4.0,0.0,14.0
1010.8925995323456,72.0,4.0,0.0,4.0,0.0,14.0
1011.1925995323455,72.0,4.0,0.0,4.0,0.0,14.0
1011.1934328656789,72.0,4.0,0.0,4.0,0.0,14.0
1011.4934328656789,72.0,4.0,0.0,4.0,0.0,14.0
1011.4942661990123,72.0,4.0,0.0,4.0,0.0,14.0
1011.7942661990122,72.0,4.0,0.0,4.0,0.0,14.0
1011.7950995323456,72.0,4.0,0.0,4.0,0.0,14.0
1012.0950995323456,72.0,4.0,0.0,4.0,0.0,14.0
1012.095932865679,72.0,4.0,0.0,4.0,0.0,14.0
1012.3959328656789,72.0,4.0,0.0,4.0,0.0,14.0
1012.3967661990123,72.0,4.0,0.0,4.0,0.0,14.0
1012.6967661990122,72.0,4.0,0.0,4.0,0.0,14.0
1012.6975995323456,72.0,4.0,0.0,4.0,0.0,14.0
1012.9975995323456,72.0,4.0,0.0,4.0,0.0,14.0
1012.998432865679,72.0,4.0,0.0,4.0,0.0,14.0
1013.2984328656789,72.0,4.0,0.0,4.0,0.0,14.0
1013.2992661990123,72.0,4.0,0.0,4.0,0.0,14.0
1013.5992661990123,72.0,4.0,0.0,4.0,0.0,14.0
1013.6000995323457,72.0,4.0,0.0,4.0,0.0,14.0
1013.9000995323456,72.0,4.0,0.0,4.0,0.0,14.0
1013.900932865679,72.0,4.0,0.0,4.0,0.0,14.0
1014.200932865679,72.0,4.0,0.0,4.0,0.0,14.0
1014.2017661990124,72.0,4.0,0.0,4.0,0.0,14.0
1014.5017661990123,72.0,4.0,0.0,4.0,0.0,14.0
1014.5025995323457,72.0,4.0,0.0,4.0,0.0,14.0
1014.8025995323457,72.0,4.0,0.0,4.0,0.0,14.0
1014.803432865679,72.0,4.0,0.0,4.0,0.0,14.0
1015.103432865679,72.0,4.0,0.0,4.0,0.0,14.0
1015.1042661990124,72.0,4.0,0.0,4.0,0.0,14.0
1015.4042661990123,72.0,4.0,0.0,4.0,0.0,14.0
1015.4050995323457,72.0,4.0,0.0,4.0,0.0,14.0
1015.7050995323457,72.0,4.0,0.0,4.0,0.0,14.0
1015.7059328656791,72.0,4.0,0.0,4.0,0.0,14.0
1016.005932865679,72.0,4.0,0.0,4.0,0.0,14.0
1016.0067661990124,72.0,4.0,0.0,4.0,0.0,14.0
1016.3067661990124,72.0,4.0,0.0,4.0,0.0,14.0
1016.3075995323458,72.0,4.0,0.0,4.0,0.0,14.0
1016.6075995323457,72.0,4.0,0.0,4.0,0.0,14.0
1016.6084328656791,72.0,4.0,0.0,4.0,0.0,14.0
1016.9084328656791,72.0,4.0,0.0,4.0,0.0,14.0
1016.9092661990124,72.0,4.0,0.0,4.0,0.0,14.0
1017.2092661990124,72.0,4.0,0.0,4.0,0.0,14.0
1017.2100995323458,72.0,4.0,0.0,4.0,0.0,14.0
1017.5100995323457,72.0,4.0,0.0,4.0,0.0,14.0
1017.5109328656791,72.0,4.0,0.0,4.0,0.0,14.0
1017.8109328656791,72.0,4.0,0.0,4.0,0.0,14.0
1017.8117661990125,72.0,4.0,0.0,4.0,0.0,14.0
1018.1117661990124,72.0,4.0,0.0,4.0,0.0,14.0
1018.1125995323458,72.0,4.0,0.0,4.0,0.0,14.0
1018.4125995323458,72.0,4.0,0.0,4.0,0.0,14.0
1018.4134328656792,72.0,4.0,0.0,4.0,0.0,14.0
1018.7134328656791,72.0,4.0,0.0,4.0,0.0,14.0
1018.7142661990125,72.0,4.0,0.0,4.0,0.0,14.0
1019.0142661990125,72.0,4.0,0.0,4.0,0.0,14.0
1019.0150995323459,72.0,4.0,0.0,4.0,0.0,14.0
1019.3150995323458,72.0,4.0,0.0,4.0,0.0,14.0
1019.3159328656792,72.0,4.0,0.0,4.0,0.0,14.0
1019.6159328656792,72.0,4.0,0.0,4.0,0.0,14.0
1019.6167661990125,72.0,4.0,0.0,4.0,0.0,14.0
1019.9167661990125,72.0,4.0,0.0,4.0,0.0,14.0
1019.9175995323459,72.0,4.0,0.0,4.0,0.0,14.0
1020.2175995323458,72.0,4.0,0.0,4.0,0.0,14.0
1020.2184328656792,72.0,4.0,0.0,4.0,0.0,14.0
1020.5184328656792,72.0,4.0,0.0,4.0,0.0,14.0
1020.5192661990126,72.0,4.0,0.0,4.0,0.0,14.0
1020.8192661990125,72.0,4.0,0.0,4.0,0.0,14.0
1020.8200995323459,72.0,4.0,0.0,4.0,0.0,14.0
1021.1200995323459,72.0,4.0,0.0,4.0,0.0,14.0
1021.1209328656793,72.0,4.0,0.0,4.0,0.0,14.0
1021.4209328656792,72.0,4.0,0.0,4.0,0.0,14.0
1021.4217661990126,72.0,4.0,0.0,4.0,0.0,14.0
1021.7217661990126,72.0,4.0,0.0,4.0,0.0,14.0
1021.722599532346,72.0,4.0,0.0,4.0,0.0,14.0
1022.0225995323459,72.0,4.0,0.0,4.0,0.0,14.0
1022.0234328656793,72.0,4.0,0.0,4.0,0.0,14.0
1022.3234328656793,72.0,4.0,0.0,4.0,0.0,14.0
1022.3242661990126,72.0,4.0,0.0,4.0,0.0,14.0
1022.6242661990126,72.0,4.0,0.0,4.0,0.0,14.0
1022.625099532346,72.0,4.0,0.0,4.0,0.0,14.0
1022.9250995323459,72.0,4.0,0.0,4.0,0.0,14.0
1022.9259328656793,72.0,4.0,0.0,4.0,0.0,14.0
1023.2259328656793,72.0,4.0,0.0,4.0,0.0,14.0
1023.2267661990127,72.0,4.0,0.0,4.0,0.0,14.0
1023.5267661990126,72.0,4.0,0.0,4.0,0.0,14.0
1023.527599532346,72.0,4.0,0.0,4.0,0.0,14.0
1023.827599532346,72.0,4.0,0.0,4.0,0.0,14.0
1023.8284328656794,72.0,4.0,0.0,4.0,0.0,14.0
1024.1284328656793,72.0,4.0,0.0,4.0,0.0,14.0
1024.1292661990126,72.0,4.0,0.0,4.0,0.0,14.0
1024.4292661990125,72.0,4.0,0.0,4.0,0.0,14.0
1024.4300995323458,72.0,4.0,0.0,4.0,0.0,14.0
1024.7300995323458,72.0,4.0,0.0,4.0,0.0,14.0
1024.730932865679,72.0,4.0,0.0,4.0,0.0,14.0
1025.030932865679,72.0,4.0,0.0,4.0,0.0,14.0
1025.0317661990123,72.0,4.0,0.0,4.0,0.0,14.0
1025.3317661990122,72.0,4.0,0.0,4.0,0.0,14.0
1025.3325995323455,72.0,4.0,0.0,4.0,0.0,14.0
1025.6325995323455,72.0,4.0,0.0,4.0,0.0,14.0
1025.6334328656787,72.0,4.0,0.0,4.0,0.0,14.0
1025.9334328656787,72.0,4.0,0.0,4.0,0.0,14.0
1025.934266199012,72.0,4.0,0.0,4.0,0.0,14.0
1026.234266199012,72.0,4.0,0.0,4.0,0.0,14.0
1026.2350995323452,72.0,4.0,0.0,4.0,0.0,14.0
1026.5350995323452,72.0,4.0,0.0,4.0,0.0,14.0
1026.5359328656784,72.0,4.0,0.0,2.0,0.0,15.0
1026.8359328656784,72.0,4.0,0.0,2.0,0.0,15.0
1026.8367661990117,72.0,4.0,0.0,2.0,0.0,15.0
1027.1367661990116,72.0,4.0,0.0,2.0,0.0,15.0
1027.137599532345,72.0,4.0,0.0,2.0,0.0,15.0
1027.4375995323448,72.0,4.0,0.0,2.0,0.0,15.0
1027.4384328656781,72.0,4.0,0.0,2.0,0.0,15.0
1027.738432865678,72.0,4.0,0.0,2.0,0.0,15.0
1027.7392661990114,72.0,4.0,0.0,2.0,0.0,15.0
1028.0392661990113,72.0,4.0,0.0,2.0,0.0,15.0
1028.0400995323446,72.0,4.0,0.0,2.0,0.0,15.0
1028.3400995323445,72.0,4.0,0.0,2.0,0.0,15.0
1028.3409328656778,72.0,4.0,0.0,2.0,0.0,15.0
1028.6409328656778,72.0,4.0,0.0,2.0,0.0,15.0
1028.641766199011,72.0,4.0,0.0,2.0,0.0,15.0
1028.941766199011,72.0,4.0,0.0,2.0,0.0,15.0
1028.9425995323443,72.0,4.0,0.0,2.0,0.0,15.0
1029.2425995323442,72.0,4.0,0.0,2.0,0.0,15.0
1029.2434328656775,72.0,4.0,0.0,2.0,0.0,15.0
1029.5434328656775,72.0,4.0,0.0,2.0,0.0,15.0
1029.5442661990107,72.0,4.0,0.0,2.0,0.0,15.0
1029.8442661990107,72.0,4.0,0.0,2.0,0.0,15.0
1029.845099532344,72.0,4.0,0.0,2.0,0.0,15.0
1030.145099532344,72.0,4.0,0.0,2.0,0.0,15.0
1030.1459328656772,72.0,4.0,0.0,2.0,0.0,15.0
1030.4459328656772,72.0,4.0,0.0,2.0,0.0,15.0
1030.4467661990104,72.0,4.0,0.0,2.0,0.0,15.0
1030.7467661990104,72.0,4.0,0.0,2.0,0.0,15.0
1030.7475995323437,72.0,4.0,0.0,2.0,0.0,15.0
1031.0475995323436,72.0,4.0,0.0,2.0,0.0,15.0
1031.048432865677,72.0,4.0,0.0,2.0,0.0,15.0
1031.3484328656768,72.0,4.0,0.0,2.0,0.0,15.0
1031.3492661990101,72.0,4.0,0.0,2.0,0.0,15.0
1031.64926619901,72.0,4.0,0.0,2.0,0.0,15.0
1031.6500995323433,72.0,4.0,0.0,2.0,0.0,15.0
1031.9500995323433,72.0,4.0,0.0,2.0,0.0,15.0
1031.9509328656766,72.0,4.0,0.0,2.0,0.0,15.0
1032.2509328656765,72.0,4.0,0.0,2.0,0.0,15.0
1032.2517661990098,72.0,4.0,0.0,2.0,0.0,15.0
1032.5517661990098,72.0,4.0,0.0,2.0,0.0,15.0
1032.552599532343,72.0,4.0,0.0,2.0,0.0,15.0
1032.852599532343,72.0,4.0,0.0,2.0,0.0,15.0
1032.8534328656763,72.0,4.0,0.0,2.0,0.0,15.0
1033.1534328656762,72.0,4.0,0.0,2.0,0.0,15.0
1033.1542661990095,72.0,4.0,0.0,2.0,0.0,15.0
1033.4542661990095,72.0,4.0,0.0,2.0,0.0,15.0
1033.4550995323427,72.0,4.0,0.0,2.0,0.0,15.0
1033.7550995323427,72.0,4.0,0.0,2.0,0.0,15.0
1033.755932865676,72.0,4.0,0.0,2.0,0.0,15.0
1034.055932865676,72.0,4.0,0.0,2.0,0.0,15.0
1034.0567661990092,72.0,4.0,0.0,2.0,0.0,15.0
1034.3567661990091,72.0,4.0,0.0,2.0,0.0,15.0
1034.3575995323424,72.0,4.0,0.0,2.0,0.0,15.0
1034.6575995323424,72.0,4.0,0.0,2.0,0.0,15.0
1034.6584328656756,72.0,4.0,0.0,2.0,0.0,15.0
1034.9584328656756,72.0,4.0,0.0,2.0,0.0,15.0
1034.9592661990089,72.0,4.0,0.0,2.0,0.0,15.0
1035.2592661990088,72.0,4.0,0.0,2.0,0.0,15.0
1035.260099532342,72.0,4.0,0.0,2.0,0.0,15.0
1035.560099532342,72.0,4.0,0.0,2.0,0.0,15.0
1035.5609328656753,72.0,4.0,0.0,2.0,0.0,15.0
1035.8609328656753,72.0,4.0,0.0,2.0,0.0,15.0
1035.8617661990086,72.0,4.0,0.0,2.0,0.0,15.0
1036.1617661990085,72.0,4.0,0.0,2.0,0.0,15.0
1036.1625995323418,72.0,4.0,0.0,2.0,0.0,15.0
1036.4625995323418,72.0,4.0,0.0,2.0,0.0,15.0
1036.463432865675,72.0,4.0,0.0,2.0,0.0,15.0
1036.763432865675,72.0,4.0,0.0,2.0,0.0,15.0
1036.7642661990083,72.0,4.0,0.0,2.0,0.0,15.0
1037.0642661990082,72.0,4.0,0.0,2.0,0.0,15.0
1037.0650995323415,72.0,4.0,0.0,2.0,0.0,15.0
1037.3650995323414,72.0,4.0,0.0,2.0,0.0,15.0
1037.3659328656747,72.0,4.0,0.0,2.0,0.0,15.0
1037.6659328656747,72.0,4.0,0.0,2.0,0.0,15.0
1037.666766199008,72.0,4.0,0.0,2.0,0.0,15.0
1037.966766199008,72.0,4.0,0.0,2.0,0.0,15.0
1037.9675995323412,72.0,4.0,0.0,2.0,0.0,15.0
1038.2675995323411,72.0,4.0,0.0,2.0,0.0,15.0
1038.2684328656744,72.0,4.0,0.0,2.0,0.0,15.0
1038.5684328656744,72.0,4.0,0.0,2.0,0.0,15.0
1038.5692661990076,72.0,4.0,0.0,2.0,0.0,15.0
1038.8692661990076,72.0,4.0,0.0,2.0,0.0,15.0
1038.8700995323409,72.0,4.0,0.0,2.0,0.0,15.0
1039.1700995323408,72.0,4.0,0.0,2.0,0.0,15.0
1039.170932865674,72.0,4.0,0.0,2.0,0.0,15.0
1039.470932865674,72.0,4.0,0.0,2.0,0.0,15.0
1039.4717661990073,72.0,4.0,0.0,2.0,0.0,15.0
1039.7717661990073,72.0,4.0,0.0,2.0,0.0,15.0
1039.7725995323406,72.0,4.0,0.0,2.0,0.0,15.0
1040.0725995323405,72.0,4.0,0.0,2.0,0.0,15.0
1040.0734328656738,72.0,4.0,0.0,2.0,0.0,15.0
1040.3734328656737,72.0,4.0,0.0,2.0,0.0,15.0
1040.374266199007,72.0,4.0,0.0,2.0,0.0,15.0
1040.674266199007,72.0,4.0,0.0,2.0,0.0,15.0
1040.6750995323403,72.0,4.0,0.0,2.0,0.0,15.0
1040.9750995323402,72.0,4.0,0.0,2.0,0.0,15.0
1040.9759328656735,72.0,4.0,0.0,2.0,0.0,15.0
1041.2759328656734,72.0,4.0,0.0,2.0,0.0,15.0
1041.2767661990067,72.0,4.0,0.0,2.0,0.0,15.0
1041.5767661990067,72.0,4.0,0.0,2.0,0.0,15.0
1041.57759953234,72.0,4.0,0.0,2.0,0.0,15.0
1041.87759953234,72.0,4.0,0.0,2.0,0.0,15.0
1041.8784328656732,72.0,4.0,0.0,2.0,0.0,15.0
1042.1784328656731,72.0,4.0,0.0,2.0,0.0,15.0
1042.1792661990064,72.0,4.0,0.0,2.0,0.0,15.0
1042.4792661990064,72.0,4.0,0.0,2.0,0.0,15.0
1042.4800995323396,72.0,4.0,0.0,2.0,0.0,15.0
1042.7800995323396,72.0,4.0,0.0,2.0,0.0,15.0
1042.7809328656729,72.0,4.0,0.0,2.0,0.0,15.0
1043.0809328656728,72.0,4.0,0.0,2.0,0.0,15.0
1043.081766199006,72.0,4.0,0.0,2.0,0.0,15.0
1043.381766199006,72.0,4.0,0.0,2.0,0.0,15.0
1043.3825995323393,72.0,4.0,0.0,2.0,0.0,15.0
1043.6825995323393,72.0,4.0,0.0,2.0,0.0,15.0
1043.6834328656726,72.0,4.0,0.0,2.0,0.0,15.0
1043.9834328656725,72.0,4.0,0.0,2.0,0.0,15.0
1043.9842661990058,72.0,4.0,0.0,2.0,0.0,15.0
1044.2842661990057,72.0,4.0,0.0,2.0,0.0,15.0
1044.285099532339,72.0,4.0,0.0,2.0,0.0,15.0
1044.585099532339,72.0,4.0,0.0,2.0,0.0,15.0
1044.5859328656722,72.0,4.0,0.0,2.0,0.0,15.0
1044.8859328656722,72.0,4.0,0.0,2.0,0.0,15.0
1044.8867661990055,72.0,4.0,0.0,2.0,0.0,15.0
1045.1867661990054,72.0,4.0,0.0,2.0,0.0,15.0
1045.1875995323387,72.0,4.0,0.0,2.0,0.0,15.0
1045.4875995323387,72.0,4.0,0.0,2.0,0.0,15.0
1045.488432865672,72.0,4.0,0.0,2.0,0.0,15.0
1045.788432865672,72.0,4.0,0.0,2.0,0.0,15.0
1045.7892661990052,72.0,4.0,0.0,2.0,0.0,15.0
1046.0892661990051,72.0,4.0,0.0,2.0,0.0,15.0
1046.0900995323384,72.0,4.0,0.0,2.0,0.0,15.0
1046.3900995323384,72.0,4.0,0.0,2.0,0.0,15.0
1046.3909328656716,72.0,4.0,0.0,2.0,0.0,15.0
1046.6909328656716,72.0,4.0,0.0,2.0,0.0,15.0
1046.6917661990049,72.0,4.0,0.0,2.0,0.0,15.0
1046.9917661990048,72.0,4.0,0.0,2.0,0.0,15.0
1046.992599532338,72.0,4.0,0.0,2.0,0.0,15.0
1047.292599532338,72.0,4.0,0.0,2.0,0.0,15.0
1047.2934328656713,72.0,4.0,0.0,2.0,0.0,15.0
1047.5934328656713,72.0,4.0,0.0,2.0,0.0,15.0
1047.5942661990046,72.0,4.0,0.0,2.0,0.0,15.0
1047.8942661990045,72.0,4.0,0.0,2.0,0.0,15.0
1047.8950995323378,72.0,4.0,0.0,2.0,0.0,15.0
1048.1950995323377,72.0,4.0,0.0,2.0,0.0,15.0
1048.195932865671,72.0,4.0,0.0,2.0,0.0,15.0
1048.495932865671,72.0,4.0,0.0,2.0,0.0,15.0
1048.4967661990042,72.0,4.0,0.0,2.0,0.0,15.0
1048.7967661990042,72.0,4.0,0.0,2.0,0.0,15.0
1048.7975995323375,72.0,4.0,0.0,2.0,0.0,15.0
1049.0975995323374,72.0,4.0,0.0,2.0,0.0,15.0
1049.0984328656707,72.0,4.0,0.0,2.0,0.0,15.0
1049.3984328656707,72.0,4.0,0.0,2.0,0.0,15.0
1049.399266199004,72.0,4.0,0.0,2.0,0.0,15.0
1049.699266199004,72.0,4.0,0.0,2.0,0.0,15.0
1049.7000995323372,72.0,4.0,0.0,2.0,0.0,15.0
1050.0000995323371,72.0,4.0,0.0,2.0,0.0,15.0
1050.0009328656704,72.0,4.0,0.0,2.0,0.0,15.0
1050.3009328656703,72.0,4.0,0.0,2.0,0.0,15.0
1050.3017661990036,72.0,4.0,0.0,2.0,0.0,15.0
1050.6017661990036,72.0,4.0,0.0,2.0,0.0,15.0
1050.6025995323369,72.0,4.0,0.0,2.0,0.0,15.0
1050.9025995323368,72.0,4.0,0.0,2.0,0.0,15.0
1050.90343286567,72.0,4.0,0.0,2.0,0.0,15.0
1051.20343286567,72.0,4.0,0.0,2.0,0.0,15.0
1051.2042661990033,72.0,4.0,0.0,2.0,0.0,15.0
1051.5042661990033,72.0,4.0,0.0,2.0,0.0,15.0
1051.5050995323365,72.0,4.0,0.0,2.0,0.0,15.0
1051.8050995323365,72.0,4.0,0.0,2.0,0.0,15.0
1051.8059328656698,72.0,4.0,0.0,2.0,0.0,15.0
1052.1059328656697,72.0,4.0,0.0,2.0,0.0,15.0
1052.106766199003,72.0,4.0,0.0,2.0,0.0,15.0
1052.406766199003,72.0,4.0,0.0,2.0,0.0,15.0
1052.4075995323362,72.0,4.0,0.0,2.0,0.0,15.0
1052.7075995323362,72.0,4.0,0.0,2.0,0.0,15.0
1052.7084328656695,72.0,4.0,0.0,2.0,0.0,15.0
1053.0084328656694,72.0,4.0,0.0,2.0,0.0,15.0
1053.0092661990027,72.0,4.0,0.0,2.0,0.0,15.0
1053.3092661990026,72.0,4.0,0.0,2.0,0.0,15.0
1053.310099532336,72.0,4.0,0.0,2.0,0.0,15.0
1053.6100995323359,72.0,4.0,0.0,2.0,0.0,15.0
1053.6109328656692,72.0,4.0,0.0,2.0,0.0,15.0
1053.910932865669,72.0,4.0,0.0,2.0,0.0,15.0
1053.9117661990024,72.0,4.0,0.0,2.0,0.0,15.0
1054.2117661990023,72.0,4.0,0.0,2.0,0.0,15.0
1054.2125995323356,72.0,4.0,0.0,2.0,0.0,15.0
1054.5125995323356,72.0,4.0,0.0,2.0,0.0,15.0
1054.5134328656688,72.0,4.0,0.0,2.0,0.0,15.0
1054.8134328656688,72.0,4.0,0.0,2.0,0.0,15.0
1054.814266199002,72.0,4.0,0.0,2.0,0.0,15.0
1055.114266199002,72.0,4.0,0.0,2.0,0.0,15.0
1055.1150995323353,72.0,4.0,0.0,2.0,0.0,15.0
1055.4150995323353,72.0,4.0,0.0,2.0,0.0,15.0
1055.4159328656685,72.0,4.0,0.0,2.0,0.0,15.0
1055.7159328656685,72.0,4.0,0.0,2.0,0.0,15.0
1055.7167661990018,72.0,4.0,0.0,2.0,0.0,15.0
1056.0167661990017,72.0,4.0,0.0,2.0,0.0,15.0
1056.017599532335,72.0,4.0,0.0,2.0,0.0,15.0
1056.317599532335,72.0,4.0,0.0,2.0,0.0,15.0
1056.3184328656682,72.0,4.0,0.0,2.0,0.0,15.0
1056.6184328656682,72.0,4.0,0.0,2.0,0.0,15.0
1056.6192661990015,72.0,4.0,0.0,2.0,0.0,15.0
1056.9192661990014,72.0,4.0,0.0,2.0,0.0,15.0
1056.9200995323347,72.0,4.0,0.0,2.0,0.0,15.0
1057.2200995323346,72.0,4.0,0.0,2.0,0.0,15.0
1057.220932865668,72.0,4.0,0.0,2.0,0.0,15.0
1057.5209328656679,72.0,4.0,0.0,2.0,0.0,15.0
1057.5217661990011,72.0,4.0,0.0,2.0,0.0,15.0
1057.821766199001,72.0,4.0,0.0,2.0,0.0,15.0
1057.8225995323344,72.0,4.0,0.0,2.0,0.0,15.0
1058.1225995323343,72.0,4.0,0.0,2.0,0.0,15.0
1058.1234328656676,72.0,4.0,0.0,2.0,0.0,15.0
1058.4234328656676,72.0,4.0,0.0,2.0,0.0,15.0
1058.4242661990008,72.0,4.0,0.0,2.0,0.0,15.0
1058.7242661990008,72.0,4.0,0.0,2.0,0.0,15.0
1058.725099532334,72.0,4.0,0.0,2.0,0.0,15.0
1059.025099532334,72.0,4.0,0.0,2.0,0.0,15.0
1059.0259328656673,72.0,4.0,0.0,2.0,0.0,15.0
1059.3259328656673,72.0,4.0,0.0,2.0,0.0,15.0
1059.3267661990005,72.0,4.0,0.0,2.0,0.0,15.0
1059.6267661990005,72.0,4.0,0.0,2.0,0.0,15.0
1059.6275995323338,72.0,4.0,0.0,2.0,0.0,15.0
1059.9275995323337,72.0,4.0,0.0,2.0,0.0,15.0
1059.928432865667,72.0,4.0,0.0,2.0,0.0,15.0
1060.228432865667,72.0,4.0,0.0,2.0,0.0,15.0
1060.2292661990002,72.0,4.0,0.0,2.0,0.0,15.0
1060.5292661990002,72.0,4.0,0.0,2.0,0.0,15.0
1060.5300995323335,72.0,4.0,0.0,2.0,0.0,15.0
1060.8300995323334,72.0,4.0,0.0,2.0,0.0,15.0
1060.8309328656667,72.0,4.0,0.0,2.0,0.0,15.0
1061.1309328656666,72.0,4.0,0.0,2.0,0.0,15.0
1061.131766199,72.0,4.0,0.0,2.0,0.0,15.0
1061.4317661989999,72.0,4.0,0.0,2.0,0.0,15.0
1061.4325995323331,72.0,4.0,0.0,2.0,0.0,15.0
1061.732599532333,72.0,4.0,0.0,2.0,0.0,15.0
1061.7334328656664,72.0,4.0,0.0,2.0,0.0,15.0
1062.0334328656663,72.0,4.0,0.0,2.0,0.0,15.0
1062.0342661989996,72.0,4.0,0.0,2.0,0.0,15.0
1062.3342661989996,72.0,4.0,0.0,2.0,0.0,15.0
1062.3350995323328,72.0,4.0,0.0,2.0,0.0,15.0
1062.6350995323328,72.0,4.0,0.0,2.0,0.0,15.0
1062.635932865666,72.0,4.0,0.0,2.0,0.0,15.0
1062.935932865666,72.0,4.0,0.0,2.0,0.0,15.0
1062.9367661989993,72.0,4.0,0.0,2.0,0.0,15.0
1063.2367661989992,72.0,4.0,0.0,2.0,0.0,15.0
1063.2375995323325,72.0,4.0,0.0,2.0,0.0,15.0
1063.5375995323325,72.0,4.0,0.0,2.0,0.0,15.0
1063.5384328656658,72.0,4.0,0.0,2.0,0.0,15.0
1063.8384328656657,72.0,4.0,0.0,2.0,0.0,15.0
1063.839266198999,72.0,4.0,0.0,2.0,0.0,15.0
1064.139266198999,72.0,4.0,0.0,2.0,0.0,15.0
1064.1400995323322,72.0,4.0,0.0,2.0,0.0,15.0
1064.4400995323322,72.0,4.0,0.0,2.0,0.0,15.0
1064.4409328656654,72.0,4.0,0.0,2.0,0.0,15.0
1064.7409328656654,72.0,4.0,0.0,2.0,0.0,15.0
1064.7417661989987,72.0,4.0,0.0,2.0,0.0,15.0
1065.0417661989986,72.0,4.0,0.0,2.0,0.0,15.0
1065.042599532332,72.0,4.0,0.0,2.0,0.0,15.0
1065.3425995323319,72.0,4.0,0.0,2.0,0.0,15.0
1065.3434328656651,72.0,4.0,0.0,2.0,0.0,15.0
1065.643432865665,72.0,4.0,0.0,2.0,0.0,15.0
1065.6442661989984,72.0,4.0,0.0,2.0,0.0,15.0
1065.9442661989983,72.0,4.0,0.0,2.0,0.0,15.0
1065.9450995323316,72.0,4.0,0.0,2.0,0.0,15.0
1066.2450995323316,72.0,4.0,0.0,2.0,0.0,15.0
1066.2459328656648,72.0,4.0,0.0,2.0,0.0,15.0
1066.5459328656648,72.0,4.0,0.0,2.0,0.0,15.0
1066.546766198998,72.0,4.0,0.0,2.0,0.0,15.0
1066.846766198998,72.0,4.0,0.0,2.0,0.0,15.0
1066.8475995323313,72.0,4.0,0.0,2.0,0.0,15.0
1067.1475995323312,72.0,4.0,0.0,2.0,0.0,15.0
1067.1484328656645,72.0,4.0,0.0,2.0,0.0,15.0
1067.4484328656645,72.0,4.0,0.0,2.0,0.0,15.0
1067.4492661989977,72.0,4.0,0.0,2.0,0.0,15.0
1067.7492661989977,72.0,4.0,0.0,2.0,0.0,15.0
1067.750099532331,72.0,4.0,0.0,2.0,0.0,15.0
1068.050099532331,72.0,4.0,0.0,2.0,0.0,15.0
1068.0509328656642,72.0,4.0,0.0,2.0,0.0,15.0
1068.3509328656642,72.0,4.0,0.0,2.0,0.0,15.0
1068.3517661989974,72.0,4.0,0.0,2.0,0.0,15.0
1068.6517661989974,72.0,4.0,0.0,2.0,0.0,15.0
1068.6525995323307,72.0,4.0,0.0,2.0,0.0,15.0
1068.9525995323306,72.0,4.0,0.0,2.0,0.0,15.0
1068.953432865664,72.0,4.0,0.0,2.0,0.0,15.0
1069.2534328656639,72.0,4.0,0.0,2.0,0.0,15.0
1069.2542661989971,72.0,4.0,0.0,2.0,0.0,15.0
1069.554266198997,72.0,4.0,0.0,2.0,0.0,15.0
1069.5550995323304,72.0,4.0,0.0,2.0,0.0,15.0
1069.8550995323303,72.0,4.0,0.0,2.0,0.0,15.0
1069.8559328656636,72.0,4.0,0.0,2.0,0.0,15.0
1070.1559328656635,72.0,4.0,0.0,2.0,0.0,15.0
1070.1567661989968,72.0,4.0,0.0,2.0,0.0,15.0
1070.4567661989968,72.0,4.0,0.0,2.0,0.0,15.0
1070.45759953233,72.0,4.0,0.0,2.0,0.0,15.0
1070.75759953233,72.0,4.0,0.0,2.0,0.0,15.0
1070.7584328656633,72.0,4.0,0.0,2.0,0.0,15.0
1071.0584328656632,72.0,4.0,0.0,2.0,0.0,15.0
1071.0592661989965,72.0,4.0,0.0,2.0,0.0,15.0
1071.3592661989965,72.0,4.0,0.0,2.0,0.0,15.0
1071.3600995323297,72.0,4.0,0.0,2.0,0.0,15.0
1071.6600995323297,72.0,4.0,0.0,2.0,0.0,15.0
1071.660932865663,72.0,4.0,0.0,2.0,0.0,15.0
1071.960932865663,72.0,4.0,0.0,2.0,0.0,15.0
1071.9617661989962,72.0,4.0,0.0,2.0,0.0,15.0
1072.2617661989962,72.0,4.0,0.0,2.0,0.0,15.0
1072.2625995323294,72.0,4.0,0.0,2.0,0.0,15.0
1072.5625995323294,72.0,4.0,0.0,2.0,0.0,15.0
1072.5634328656627,72.0,4.0,0.0,2.0,0.0,15.0
1072.8634328656626,72.0,4.0,0.0,2.0,0.0,15.0
1072.864266198996,72.0,4.0,0.0,2.0,0.0,15.0
1073.1642661989958,72.0,4.0,0.0,2.0,0.0,15.0
1073.1650995323291,72.0,4.0,0.0,2.0,0.0,15.0
1073.465099532329,72.0,4.0,0.0,2.0,0.0,15.0
1073.4659328656624,72.0,4.0,0.0,2.0,0.0,15.0
1073.7659328656623,72.0,4.0,0.0,2.0,0.0,15.0
1073.7667661989956,72.0,4.0,0.0,2.0,0.0,15.0
1074.0667661989955,72.0,4.0,0.0,2.0,0.0,15.0
1074.0675995323288,72.0,4.0,0.0,2.0,0.0,15.0
1074.3675995323288,72.0,4.0,0.0,2.0,0.0,15.0
1074.368432865662,72.0,4.0,0.0,2.0,0.0,15.0
1074.668432865662,72.0,4.0,0.0,2.0,0.0,15.0
1074.6692661989953,72.0,4.0,0.0,2.0,0.0,15.0
1074.9692661989952,72.0,4.0,0.0,2.0,0.0,15.0
1074.9700995323285,72.0,4.0,0.0,2.0,0.0,15.0
1075.2700995323285,72.0,4.0,0.0,2.0,0.0,15.0
1075.2709328656617,72.0,4.0,0.0,2.0,0.0,15.0
1075.5709328656617,72.0,4.0,0.0,2.0,0.0,15.0
1075.571766198995,72.0,4.0,0.0,2.0,0.0,15.0
1075.871766198995,72.0,4.0,0.0,2.0,0.0,15.0
1075.8725995323282,72.0,4.0,0.0,2.0,0.0,15.0
1076.1725995323281,72.0,4.0,0.0,2.0,0.0,15.0
1076.1734328656614,72.0,4.0,0.0,2.0,0.0,15.0
1076.4734328656614,72.0,4.0,0.0,2.0,0.0,15.0
1076.4742661989947,72.0,4.0,0.0,2.0,0.0,15.0
1076.7742661989946,72.0,4.0,0.0,2.0,0.0,15.0
1076.7750995323279,72.0,4.0,0.0,2.0,0.0,15.0
1077.0750995323278,72.0,4.0,0.0,2.0,0.0,15.0
1077.0759328656611,72.0,4.0,0.0,2.0,0.0,15.0
1077.375932865661,72.0,4.0,0.0,2.0,0.0,15.0
1077.3767661989943,72.0,4.0,0.0,2.0,0.0,15.0
1077.6767661989943,72.0,4.0,0.0,2.0,0.0,15.0
1077.6775995323276,72.0,4.0,0.0,2.0,0.0,15.0
1077.9775995323275,72.0,4.0,0.0,2.0,0.0,15.0
1077.9784328656608,72.0,4.0,0.0,2.0,0.0,15.0
1078.2784328656608,72.0,4.0,0.0,2.0,0.0,15.0
1078.279266198994,72.0,4.0,0.0,2.0,0.0,15.0
1078.579266198994,72.0,4.0,0.0,2.0,0.0,15.0
1078.5800995323273,72.0,4.0,0.0,2.0,0.0,15.0
1078.8800995323272,72.0,4.0,0.0,2.0,0.0,15.0
1078.8809328656605,72.0,4.0,0.0,2.0,0.0,15.0
1079.1809328656605,72.0,4.0,0.0,2.0,0.0,15.0
1079.1817661989937,72.0,4.0,0.0,2.0,0.0,15.0
1079.4817661989937,72.0,4.0,0.0,2.0,0.0,15.0
1079.482599532327,73.0,4.0,0.0,2.0,0.0,15.0
1079.782599532327,73.0,4.0,0.0,2.0,0.0,15.0
1079.7834214501352,73.0,4.0,0.0,2.0,0.0,15.0
1080.0834214501351,73.0,4.0,0.0,2.0,0.0,15.0
1080.0842433679434,73.0,4.0,0.0,2.0,0.0,15.0
1080.3842433679433,73.0,4.0,0.0,2.0,0.0,15.0
1080.3850652857516,73.0,4.0,0.0,2.0,0.0,15.0
1080.6850652857515,73.0,4.0,0.0,2.0,0.0,15.0
1080.6858872035598,73.0,4.0,0.0,2.0,0.0,15.0
1080.9858872035597,73.0,4.0,0.0,2.0,0.0,15.0
1080.986709121368,73.0,4.0,0.0,2.0,0.0,15.0
1081.286709121368,73.0,4.0,0.0,2.0,0.0,15.0
1081.2875310391762,73.0,4.0,0.0,2.0,0.0,15.0
1081.5875310391762,73.0,4.0,0.0,2.0,0.0,15.0
1081.5883529569844,73.0,4.0,0.0,2.0,0.0,15.0
1081.8883529569844,73.0,4.0,0.0,2.0,0.0,15.0
1081.8891748747926,73.0,4.0,0.0,2.0,0.0,15.0
1082.1891748747926,73.0,4.0,0.0,2.0,0.0,15.0
1082.1899967926008,73.0,4.0,0.0,2.0,0.0,15.0
1082.4899967926008,73.0,4.0,0.0,2.0,0.0,15.0
1082.490818710409,73.0,4.0,0.0,2.0,0.0,15.0
1082.790818710409,73.0,4.0,0.0,2.0,0.0,15.0
1082.7916406282172,73.0,4.0,0.0,2.0,0.0,15.0
1083.0916406282172,73.0,4.0,0.0,2.0,0.0,15.0
1083.0924625460254,73.0,4.0,0.0,2.0,0.0,15.0
1083.3924625460254,73.0,4.0,0.0,2.0,0.0,15.0
1083.3932844638337,73.0,4.0,0.0,2.0,0.0,15.0
1083.6932844638336,73.0,4.0,0.0,2.0,0.0,15.0
1083.6941063816419,73.0,4.0,0.0,2.0,0.0,15.0
1083.9941063816418,73.0,4.0,0.0,2.0,0.0,15.0
1083.99492829945,73.0,4.0,0.0,2.0,0.0,15.0
1084.29492829945,73.0,4.0,0.0,2.0,0.0,15.0
1084.2957502172583,73.0,4.0,0.0,2.0,0.0,15.0
1084.5957502172582,73.0,4.0,0.0,2.0,0.0,15.0
1084.5965721350665,73.0,4.0,0.0,2.0,0.0,15.0
1084.8965721350664,73.0,4.0,0.0,2.0,0.0,15.0
1084.8973940528747,73.0,4.0,0.0,2.0,0.0,15.0
1085.1973940528746,73.0,4.0,0.0,2.0,0.0,15.0
1085.198215970683,73.0,4.0,0.0,2.0,0.0,15.0
1085.4982159706828,73.0,4.0,0.0,2.0,0.0,15.0
1085.499037888491,73.0,4.0,0.0,2.0,0.0,15.0
1085.799037888491,73.0,4.0,0.0,2.0,0.0,15.0
1085.7998598062993,73.0,4.0,0.0,2.0,0.0,15.0
1086.0998598062993,73.0,4.0,0.0,2.0,0.0,15.0
1086.1006817241075,73.0,4.0,0.0,2.0,0.0,15.0
1086.4006817241075,73.0,4.0,0.0,2.0,0.0,15.0
1086.4015036419157,73.0,4.0,0.0,2.0,0.0,15.0
1086.7015036419157,73.0,4.0,0.0,2.0,0.0,15.0
1086.702325559724,73.0,4.0,0.0,2.0,0.0,15.0
1087.0023255597239,73.0,4.0,0.0,2.0,0.0,15.0
1087.0031474775321,73.0,4.0,0.0,2.0,0.0,15.0
1087.303147477532,73.0,4.0,0.0,2.0,0.0,15.0
1087.3039693953403,73.0,4.0,0.0,2.0,0.0,15.0
1087.6039693953403,73.0,4.0,0.0,2.0,0.0,15.0
1087.6047913131486,73.0,4.0,0.0,2.0,0.0,15.0
1087.9047913131485,73.0,4.0,0.0,2.0,0.0,15.0
1087.9056132309568,73.0,4.0,0.0,2.0,0.0,15.0
1088.2056132309567,73.0,4.0,0.0,2.0,0.0,15.0
1088.206435148765,73.0,4.0,0.0,2.0,0.0,15.0
1088.506435148765,73.0,4.0,0.0,2.0,0.0,15.0
1088.5072570665732,73.0,4.0,0.0,2.0,0.0,15.0
1088.8072570665731,73.0,4.0,0.0,2.0,0.0,15.0
1088.8080789843814,73.0,4.0,0.0,2.0,0.0,15.0
1089.1080789843813,73.0,4.0,0.0,2.0,0.0,15.0
1089.1089009021896,73.0,4.0,0.0,2.0,0.0,15.0
1089.4089009021895,73.0,4.0,0.0,2.0,0.0,15.0
1089.4097228199978,73.0,4.0,0.0,2.0,0.0,15.0
1089.7097228199978,73.0,4.0,0.0,2.0,0.0,15.0
1089.710544737806,73.0,4.0,0.0,2.0,0.0,15.0
1090.010544737806,73.0,4.0,0.0,2.0,0.0,15.0
1090.0113666556142,73.0,4.0,0.0,2.0,0.0,15.0
1090.3113666556142,73.0,4.0,0.0,2.0,0.0,15.0
1090.3121885734224,73.0,4.0,0.0,2.0,0.0,15.0
1090.6121885734224,73.0,4.0,0.0,2.0,0.0,15.0
1090.6130104912306,73.0,4.0,0.0,2.0,0.0,15.0
1090.9130104912306,73.0,4.0,0.0,2.0,0.0,15.0
1090.9138324090388,72.0,4.0,0.0,2.0,0.0,15.0
1091.2138324090388,72.0,4.0,0.0,2.0,0.0,15.0
1091.214665742372,72.0,4.0,0.0,2.0,0.0,15.0
1091.514665742372,72.0,4.0,0.0,2.0,0.0,15.0
1091.5154990757053,72.0,4.0,0.0,2.0,0.0,15.0
1091.8154990757052,72.0,4.0,0.0,2.0,0.0,15.0
1091.8163324090385,72.0,4.0,0.0,2.0,0.0,15.0
1092.1163324090385,72.0,4.0,0.0,2.0,0.0,15.0
1092.1171657423718,72.0,4.0,0.0,2.0,0.0,15.0
1092.4171657423717,72.0,4.0,0.0,2.0,0.0,15.0
1092.417999075705,72.0,4.0,0.0,2.0,0.0,15.0
1092.717999075705,72.0,4.0,0.0,2.0,0.0,15.0
1092.7188324090382,72.0,4.0,0.0,2.0,0.0,15.0
1093.0188324090382,72.0,4.0,0.0,2.0,0.0,15.0
1093.0196657423714,72.0,4.0,0.0,2.0,0.0,15.0
1093.3196657423714,72.0,4.0,0.0,2.0,0.0,15.0
1093.3204990757047,72.0,4.0,0.0,2.0,0.0,15.0
1093.6204990757046,72.0,4.0,0.0,2.0,0.0,15.0
1093.621332409038,72.0,4.0,0.0,2.0,0.0,15.0
1093.9213324090379,72.0,4.0,0.0,2.0,0.0,15.0
1093.9221657423711,72.0,4.0,0.0,2.0,0.0,15.0
1094.222165742371,72.0,4.0,0.0,2.0,0.0,15.0
1094.2229990757044,72.0,4.0,0.0,2.0,0.0,15.0
1094.5229990757043,72.0,4.0,0.0,2.0,0.0,15.0
1094.5238324090376,72.0,4.0,0.0,2.0,0.0,15.0
1094.8238324090375,72.0,4.0,0.0,2.0,0.0,15.0
1094.8246657423708,72.0,4.0,0.0,2.0,0.0,15.0
1095.1246657423708,72.0,4.0,0.0,2.0,0.0,15.0
1095.125499075704,72.0,4.0,0.0,2.0,0.0,15.0
1095.425499075704,72.0,4.0,0.0,2.0,0.0,15.0
1095.4263324090373,72.0,4.0,0.0,2.0,0.0,15.0
1095.7263324090372,72.0,4.0,0.0,2.0,0.0,15.0
1095.7271657423705,72.0,4.0,0.0,2.0,0.0,15.0
1096.0271657423705,72.0,4.0,0.0,2.0,0.0,15.0
1096.0279990757037,72.0,4.0,0.0,2.0,0.0,15.0
1096.3279990757037,72.0,4.0,0.0,2.0,0.0,15.0
1096.328832409037,72.0,4.0,0.0,2.0,0.0,15.0
1096.628832409037,72.0,4.0,0.0,2.0,0.0,15.0
1096.6296657423702,72.0,4.0,0.0,2.0,0.0,15.0
1096.9296657423702,72.0,4.0,0.0,2.0,0.0,15.0
1096.9304990757034,72.0,4.0,0.0,2.0,0.0,15.0
1097.2304990757034,72.0,4.0,0.0,2.0,0.0,15.0
1097.2313324090367,72.0,4.0,0.0,2.0,0.0,15.0
1097.5313324090366,72.0,4.0,0.0,2.0,0.0,15.0
1097.53216574237,72.0,4.0,0.0,2.0,0.0,15.0
1097.8321657423699,72.0,4.0,0.0,2.0,0.0,15.0
1097.8329990757031,72.0,4.0,0.0,2.0,0.0,15.0
1098.132999075703,72.0,4.0,0.0,2.0,0.0,15.0
1098.1338324090364,72.0,4.0,0.0,2.0,0.0,15.0
1098.4338324090363,72.0,4.0,0.0,2.0,0.0,15.0
1098.4346657423696,72.0,4.0,0.0,2.0,0.0,15.0
1098.7346657423695,72.0,4.0,0.0,2.0,0.0,15.0
1098.7354990757028,72.0,4.0,0.0,2.0,0.0,15.0
1099.0354990757028,72.0,4.0,0.0,2.0,0.0,15.0
1099.036332409036,72.0,4.0,0.0,2.0,0.0,15.0
1099.336332409036,72.0,4.0,0.0,2.0,0.0,15.0
1099.3371657423693,72.0,4.0,0.0,2.0,0.0,15.0
1099.6371657423692,72.0,4.0,0.0,2.0,0.0,15.0
1099.6379990757025,72.0,4.0,0.0,2.0,0.0,15.0
1099.9379990757025,72.0,4.0,0.0,2.0,0.0,15.0
1099.9388324090357,72.0,4.0,0.0,2.0,0.0,15.0
1100.2388324090357,72.0,4.0,0.0,2.0,0.0,15.0
1100.239665742369,72.0,4.0,0.0,2.0,0.0,15.0
1100.539665742369,72.0,4.0,0.0,2.0,0.0,15.0
1100.5404990757022,72.0,4.0,0.0,2.0,0.0,15.0
1100.8404990757022,72.0,4.0,0.0,2.0,0.0,15.0
1100.8413324090354,72.0,4.0,0.0,2.0,0.0,15.0
1101.1413324090354,72.0,4.0,0.0,2.0,0.0,15.0
1101.1421657423687,72.0,4.0,0.0,2.0,0.0,15.0
1101.4421657423686,72.0,4.0,0.0,2.0,0.0,15.0
1101.442999075702,72.0,4.0,0.0,2.0,0.0,15.0
1101.7429990757018,72.0,4.0,0.0,2.0,0.0,15.0
1101.7438324090351,72.0,4.0,0.0,2.0,0.0,15.0
1102.043832409035,72.0,4.0,0.0,2.0,0.0,15.0
1102.0446657423684,72.0,4.0,0.0,2.0,0.0,15.0
1102.3446657423683,72.0,4.0,0.0,2.0,0.0,15.0
1102.3454990757016,72.0,4.0,0.0,2.0,0.0,15.0
1102.6454990757015,72.0,4.0,0.0,2.0,0.0,15.0
1102.6463324090348,72.0,4.0,0.0,2.0,0.0,15.0
1102.9463324090348,72.0,4.0,0.0,2.0,0.0,15.0
1102.947165742368,72.0,4.0,0.0,2.0,0.0,15.0
1103.247165742368,72.0,4.0,0.0,2.0,0.0,15.0
1103.2479990757013,72.0,4.0,0.0,2.0,0.0,15.0
1103.5479990757012,72.0,4.0,0.0,2.0,0.0,15.0
1103.5488324090345,72.0,4.0,0.0,2.0,0.0,15.0
1103.8488324090345,72.0,4.0,0.0,2.0,0.0,15.0
1103.8496657423677,72.0,4.0,0.0,2.0,0.0,15.0
1104.1496657423677,72.0,4.0,0.0,2.0,0.0,15.0
1104.150499075701,72.0,4.0,0.0,2.0,0.0,15.0
1104.450499075701,72.0,4.0,0.0,2.0,0.0,15.0
1104.4513324090342,72.0,4.0,0.0,2.0,0.0,15.0
1104.7513324090341,72.0,4.0,0.0,2.0,0.0,15.0
1104.7521657423674,72.0,4.0,0.0,2.0,0.0,15.0
1105.0521657423674,72.0,4.0,0.0,2.0,0.0,15.0
1105.0529990757007,72.0,4.0,0.0,2.0,0.0,15.0
1105.3529990757006,72.0,4.0,0.0,2.0,0.0,15.0
1105.3538324090339,72.0,4.0,0.0,2.0,0.0,15.0
1105.6538324090338,72.0,4.0,0.0,2.0,0.0,15.0
1105.6546657423671,72.0,4.0,0.0,2.0,0.0,15.0
1105.954665742367,72.0,4.0,0.0,2.0,0.0,15.0
1105.9554990757003,72.0,4.0,0.0,2.0,0.0,15.0
1106.2554990757003,72.0,4.0,0.0,2.0,0.0,15.0
1106.2563324090336,72.0,4.0,0.0,2.0,0.0,15.0
1106.5563324090335,72.0,4.0,0.0,2.0,0.0,15.0
1106.5571657423668,72.0,4.0,0.0,2.0,0.0,15.0
1106.8571657423668,72.0,4.0,0.0,2.0,0.0,15.0
1106.8579990757,72.0,4.0,0.0,2.0,0.0,15.0
1107.1579990757,72.0,4.0,0.0,2.0,0.0,15.0
1107.1588324090333,72.0,4.0,0.0,2.0,0.0,15.0
1107.4588324090332,72.0,4.0,0.0,2.0,0.0,15.0
1107.4596657423665,72.0,4.0,0.0,2.0,0.0,15.0
1107.7596657423665,72.0,4.0,0.0,2.0,0.0,15.0
1107.7604990756997,72.0,4.0,0.0,2.0,0.0,15.0
1108.0604990756997,72.0,4.0,0.0,2.0,0.0,15.0
1108.061332409033,72.0,4.0,0.0,2.0,0.0,15.0
1108.361332409033,72.0,4.0,0.0,2.0,0.0,15.0
1108.3621657423662,72.0,4.0,0.0,2.0,0.0,15.0
1108.6621657423661,72.0,4.0,0.0,2.0,0.0,15.0
1108.6629990756994,72.0,4.0,0.0,2.0,0.0,15.0
1108.9629990756994,72.0,4.0,0.0,2.0,0.0,15.0
1108.9638324090326,72.0,4.0,0.0,2.0,0.0,15.0
1109.2638324090326,72.0,4.0,0.0,2.0,0.0,15.0
1109.2646657423659,72.0,4.0,0.0,2.0,0.0,15.0
1109.5646657423658,72.0,4.0,0.0,2.0,0.0,15.0
1109.565499075699,72.0,4.0,0.0,2.0,0.0,15.0
1109.865499075699,72.0,4.0,0.0,2.0,0.0,15.0
1109.8663324090323,72.0,4.0,0.0,2.0,0.0,15.0
1110.1663324090323,72.0,4.0,0.0,2.0,0.0,15.0
1110.1671657423656,72.0,4.0,0.0,2.0,0.0,15.0
1110.4671657423655,72.0,4.0,0.0,2.0,0.0,15.0
1110.4679990756988,72.0,4.0,0.0,2.0,0.0,15.0
1110.7679990756988,72.0,4.0,0.0,2.0,0.0,15.0
1110.768832409032,72.0,4.0,0.0,2.0,0.0,15.0
1111.068832409032,72.0,4.0,0.0,2.0,0.0,15.0
1111.0696657423653,72.0,4.0,0.0,2.0,0.0,15.0
1111.3696657423652,72.0,4.0,0.0,2.0,0.0,15.0
1111.3704990756985,72.0,4.0,0.0,2.0,0.0,15.0
1111.6704990756984,72.0,4.0,0.0,2.0,0.0,15.0
1111.6713324090317,72.0,4.0,0.0,2.0,0.0,15.0
1111.9713324090317,72.0,4.0,0.0,2.0,0.0,15.0
1111.972165742365,71.0,4.0,0.0,2.0,0.0,15.0
1112.272165742365,71.0,4.0,0.0,2.0,0.0,15.0
1112.2730108127873,71.0,4.0,0.0,2.0,0.0,15.0
1112.5730108127873,71.0,4.0,0.0,2.0,0.0,15.0
1112.5738558832097,71.0,4.0,0.0,2.0,0.0,15.0
1112.8738558832097,71.0,4.0,0.0,2.0,0.0,15.0
1112.874700953632,71.0,4.0,0.0,2.0,0.0,15.0
1113.174700953632,71.0,4.0,0.0,2.0,0.0,15.0
1113.1755460240545,71.0,4.0,0.0,2.0,0.0,15.0
1113.4755460240544,71.0,4.0,0.0,2.0,0.0,15.0
1113.4763910944769,71.0,4.0,0.0,2.0,0.0,15.0
1113.7763910944768,71.0,4.0,0.0,2.0,0.0,15.0
1113.7772361648993,71.0,4.0,0.0,2.0,0.0,15.0
1114.0772361648992,71.0,4.0,0.0,2.0,0.0,15.0
1114.0780812353216,71.0,4.0,0.0,2.0,0.0,15.0
1114.3780812353216,71.0,4.0,0.0,2.0,0.0,15.0
1114.378926305744,71.0,4.0,0.0,2.0,0.0,15.0
1114.678926305744,71.0,4.0,0.0,2.0,0.0,15.0
1114.6797713761664,71.0,4.0,0.0,2.0,0.0,15.0
1114.9797713761664,71.0,4.0,0.0,2.0,0.0,15.0
1114.9806164465888,71.0,4.0,0.0,2.0,0.0,15.0
1115.2806164465887,71.0,4.0,0.0,2.0,0.0,15.0
1115.2814615170112,71.0,4.0,0.0,2.0,0.0,15.0
1115.5814615170111,71.0,4.0,0.0,2.0,0.0,15.0
1115.5823065874335,71.0,4.0,0.0,2.0,0.0,15.0
1115.8823065874335,71.0,4.0,0.0,2.0,0.0,15.0
1115.883151657856,71.0,4.0,0.0,2.0,0.0,15.0
1116.183151657856,71.0,4.0,0.0,2.0,0.0,15.0
1116.1839967282783,71.0,4.0,0.0,2.0,0.0,15.0
1116.4839967282783,71.0,4.0,0.0,2.0,0.0,15.0
1116.4848417987007,71.0,4.0,0.0,2.0,0.0,15.0
1116.7848417987007,71.0,4.0,0.0,2.0,0.0,15.0
1116.785686869123,71.0,4.0,0.0,2.0,0.0,15.0
1117.085686869123,71.0,4.0,0.0,2.0,0.0,15.0
1117.0865319395455,72.0,4.0,0.0,2.0,0.0,15.0
1117.3865319395454,72.0,4.0,0.0,2.0,0.0,15.0
1117.3873652728787,72.0,4.0,0.0,2.0,0.0,15.0
1117.6873652728787,72.0,4.0,0.0,2.0,0.0,15.0
1117.688198606212,73.0,4.0,0.0,2.0,0.0,15.0
1117.9881986062119,73.0,4.0,0.0,2.0,0.0,15.0
1117.9890205240201,73.0,4.0,0.0,2.0,0.0,15.0
1118.28902052402,73.0,4.0,0.0,2.0,0.0,15.0
1118.2898424418283,73.0,4.0,0.0,2.0,0.0,15.0
1118.5898424418283,73.0,4.0,0.0,2.0,0.0,15.0
1118.5906643596365,73.0,4.0,0.0,2.0,0.0,15.0
1118.8906643596365,73.0,4.0,0.0,2.0,0.0,15.0
1118.8914862774448,73.0,4.0,0.0,2.0,0.0,15.0
1119.1914862774447,73.0,4.0,0.0,2.0,0.0,15.0
1119.192308195253,73.0,4.0,0.0,2.0,0.0,15.0
1119.492308195253,73.0,4.0,0.0,2.0,0.0,15.0
1119.4931301130612,73.0,4.0,0.0,2.0,0.0,15.0
1119.7931301130611,73.0,4.0,0.0,2.0,0.0,15.0
1119.7939520308694,73.0,4.0,0.0,2.0,0.0,15.0
1120.0939520308693,73.0,4.0,0.0,2.0,0.0,15.0
1120.0947739486776,73.0,4.0,0.0,2.0,0.0,15.0
1120.3947739486775,73.0,4.0,0.0,2.0,0.0,15.0
1120.3955958664858,73.0,4.0,0.0,2.0,0.0,15.0
1120.6955958664857,73.0,4.0,0.0,2.0,0.0,15.0
1120.696417784294,73.0,4.0,0.0,2.0,0.0,15.0
1120.996417784294,73.0,4.0,0.0,2.0,0.0,15.0
1120.9972397021022,73.0,4.0,0.0,2.0,0.0,15.0
1121.2972397021022,73.0,4.0,0.0,2.0,0.0,15.0
1121.2980616199104,73.0,4.0,0.0,2.0,0.0,15.0
1121.5980616199104,73.0,4.0,0.0,2.0,0.0,15.0
1121.5988835377186,73.0,4.0,0.0,2.0,0.0,15.0
1121.8988835377186,73.0,4.0,0.0,2.0,0.0,15.0
1121.8997054555268,73.0,4.0,0.0,2.0,0.0,15.0
1122.1997054555268,73.0,4.0,0.0,2.0,0.0,15.0
1122.200527373335,73.0,4.0,0.0,2.0,0.0,15.0
1122.500527373335,73.0,4.0,0.0,2.0,0.0,15.0
1122.5013492911432,73.0,4.0,0.0,2.0,0.0,15.0
1122.8013492911432,73.0,4.0,0.0,2.0,0.0,15.0
1122.8021712089514,73.0,4.0,0.0,2.0,0.0,15.0
1123.1021712089514,73.0,4.0,0.0,2.0,0.0,15.0
1123.1029931267597,73.0,4.0,0.0,2.0,0.0,15.0
1123.4029931267596,73.0,4.0,0.0,2.0,0.0,15.0
1123.4038150445679,73.0,4.0,0.0,2.0,0.0,15.0
1123.7038150445678,73.0,4.0,0.0,2.0,0.0,15.0
1123.704636962376,73.0,4.0,0.0,2.0,0.0,15.0
1124.004636962376,73.0,4.0,0.0,2.0,0.0,15.0
1124.0054588801843,73.0,4.0,0.0,2.0,0.0,15.0
1124.3054588801842,73.0,4.0,0.0,2.0,0.0,15.0
1124.3062807979925,73.0,4.0,0.0,2.0,0.0,15.0
1124.6062807979924,73.0,4.0,0.0,2.0,0.0,15.0
1124.6071027158007,73.0,4.0,0.0,2.0,0.0,15.0
1124.9071027158006,73.0,4.0,0.0,2.0,0.0,15.0
1124.907924633609,73.0,4.0,0.0,2.0,0.0,15.0
1125.2079246336089,73.0,4.0,0.0,2.0,0.0,15.0
1125.208746551417,73.0,4.0,0.0,2.0,0.0,15.0
1125.508746551417,73.0,4.0,0.0,2.0,0.0,15.0
1125.5095684692253,73.0,4.0,0.0,2.0,0.0,15.0
1125.8095684692253,73.0,4.0,0.0,2.0,0.0,15.0
1125.8103903870335,73.0,4.0,0.0,2.0,0.0,15.0
1126.1103903870335,73.0,4.0,0.0,2.0,0.0,15.0
1126.1112123048417,73.0,4.0,0.0,2.0,0.0,15.0
1126.4112123048417,73.0,4.0,0.0,2.0,0.0,15.0
1126.41203422265,73.0,4.0,0.0,2.0,0.0,15.0
1126.71203422265,73.0,4.0,0.0,2.0,0.0,15.0
1126.7128561404581,74.0,4.0,0.0,2.0,0.0,15.0
1127.012856140458,74.0,4.0,0.0,2.0,0.0,15.0
1127.013666951269,74.0,4.0,0.0,2.0,0.0,15.0
1127.313666951269,74.0,4.0,0.0,2.0,0.0,15.0
1127.3144777620798,74.0,4.0,0.0,2.0,0.0,15.0
1127.6144777620798,74.0,4.0,0.0,2.0,0.0,15.0
1127.6152885728907,74.0,4.0,0.0,2.0,0.0,15.0
1127.9152885728906,74.0,4.0,0.0,2.0,0.0,15.0
1127.9160993837015,74.0,4.0,0.0,2.0,0.0,15.0
1128.2160993837015,74.0,4.0,0.0,2.0,0.0,15.0
1128.2169101945124,74.0,4.0,0.0,2.0,0.0,15.0
1128.5169101945123,74.0,4.0,0.0,2.0,0.0,15.0
1128.5177210053232,74.0,4.0,0.0,2.0,0.0,15.0
1128.8177210053232,74.0,4.0,0.0,2.0,0.0,15.0
1128.818531816134,74.0,4.0,0.0,2.0,0.0,15.0
1129.118531816134,74.0,4.0,0.0,2.0,0.0,15.0
1129.119342626945,74.0,4.0,0.0,2.0,0.0,15.0
1129.4193426269449,74.0,4.0,0.0,2.0,0.0,15.0
1129.4201534377557,74.0,4.0,0.0,2.0,0.0,15.0
1129.7201534377557,74.0,4.0,0.0,2.0,0.0,15.0
1129.7209642485666,74.0,4.0,0.0,2.0,0.0,15.0
1130.0209642485665,74.0,4.0,0.0,2.0,0.0,15.0
1130.0217750593774,74.0,4.0,0.0,2.0,0.0,15.0
1130.3217750593774,74.0,4.0,0.0,2.0,0.0,15.0
1130.3225858701883,74.0,4.0,0.0,2.0,0.0,15.0
1130.6225858701882,74.0,4.0,0.0,2.0,0.0,15.0
1130.6233966809991,74.0,4.0,0.0,2.0,0.0,15.0
1130.923396680999,74.0,4.0,0.0,2.0,0.0,15.0
1130.92420749181,74.0,4.0,0.0,2.0,0.0,15.0
1131.22420749181,74.0,4.0,0.0,2.0,0.0,15.0
1131.2250183026208,74.0,4.0,0.0,2.0,0.0,15.0
1131.5250183026208,74.0,4.0,0.0,2.0,0.0,15.0
1131.5258291134317,74.0,4.0,0.0,2.0,0.0,15.0
1131.8258291134316,74.0,4.0,0.0,2.0,0.0,15.0
1131.8266399242425,74.0,4.0,0.0,2.0,0.0,15.0
1132.1266399242425,74.0,4.0,0.0,2.0,0.0,15.0
1132.1274507350533,74.0,4.0,0.0,2.0,0.0,15.0
1132.4274507350533,74.0,4.0,0.0,2.0,0.0,15.0
1132.4282615458642,75.0,4.0,0.0,2.0,0.0,15.0
1132.7282615458641,75.0,4.0,0.0,2.0,0.0,15.0
1132.7290615458642,75.0,4.0,0.0,2.0,0.0,15.0
1133.0290615458641,75.0,4.0,0.0,2.0,0.0,15.0
1133.0298615458642,75.0,4.0,0.0,2.0,0.0,15.0
1133.329861545864,75.0,4.0,0.0,2.0,0.0,15.0
1133.3306615458641,75.0,4.0,0.0,2.0,0.0,15.0
1133.630661545864,75.0,4.0,0.0,2.0,0.0,15.0
1133.631461545864,75.0,4.0,0.0,2.0,0.0,15.0
1133.931461545864,75.0,4.0,0.0,2.0,0.0,15.0
1133.932261545864,75.0,4.0,0.0,2.0,0.0,15.0
1134.232261545864,75.0,4.0,0.0,2.0,0.0,15.0
1134.233061545864,75.0,4.0,0.0,2.0,0.0,15.0
1134.533061545864,75.0,4.0,0.0,2.0,0.0,15.0
1134.533861545864,75.0,5.0,0.0,2.0,0.0,15.0
1134.833861545864,75.0,5.0,0.0,2.0,0.0,15.0
1134.834661545864,75.0,5.0,0.0,2.0,0.0,15.0
1135.134661545864,75.0,5.0,0.0,2.0,0.0,15.0
1135.135461545864,75.0,5.0,0.0,2.0,0.0,15.0
1135.435461545864,75.0,5.0,0.0,2.0,0.0,15.0
1135.436261545864,75.0,5.0,0.0,2.0,0.0,15.0
1135.736261545864,75.0,5.0,0.0,2.0,0.0,15.0
1135.737061545864,75.0,5.0,0.0,2.0,0.0,15.0
1136.037061545864,75.0,5.0,0.0,2.0,0.0,15.0
1136.037861545864,75.0,5.0,0.0,2.0,0.0,15.0
1136.337861545864,75.0,5.0,0.0,2.0,0.0,15.0
1136.338661545864,75.0,5.0,0.0,2.0,0.0,15.0
1136.638661545864,75.0,5.0,0.0,2.0,0.0,15.0
1136.639461545864,75.0,5.0,0.0,2.0,0.0,15.0
1136.9394615458639,75.0,5.0,0.0,2.0,0.0,15.0
1136.940261545864,75.0,5.0,0.0,2.0,0.0,15.0
1137.2402615458639,75.0,5.0,0.0,2.0,0.0,15.0
1137.2410615458639,75.0,5.0,0.0,2.0,0.0,15.0
1137.5410615458638,75.0,5.0,0.0,2.0,0.0,15.0
1137.5418615458639,75.0,5.0,0.0,2.0,0.0,15.0
1137.8418615458638,75.0,5.0,0.0,2.0,0.0,15.0
1137.8426615458638,75.0,5.0,0.0,2.0,0.0,15.0
1138.1426615458638,75.0,5.0,0.0,2.0,0.0,15.0
1138.1434615458638,75.0,5.0,0.0,2.0,0.0,15.0
1138.4434615458638,75.0,5.0,0.0,2.0,0.0,15.0
1138.4442615458638,75.0,5.0,0.0,2.0,0.0,15.0
1138.7442615458638,75.0,5.0,0.0,2.0,0.0,15.0
1138.7450615458638,75.0,5.0,0.0,2.0,0.0,15.0
1139.0450615458637,75.0,5.0,0.0,2.0,0.0,15.0
1139.0458615458638,75.0,5.0,0.0,2.0,0.0,15.0
1139.3458615458637,75.0,5.0,0.0,2.0,0.0,15.0
1139.3466615458638,75.0,5.0,0.0,2.0,0.0,15.0
1139.6466615458637,75.0,5.0,0.0,2.0,0.0,15.0
1139.6474615458637,75.0,5.0,0.0,2.0,0.0,15.0
1139.9474615458637,75.0,5.0,0.0,2.0,0.0,15.0
1139.9482615458637,75.0,5.0,0.0,2.0,0.0,15.0
1140.2482615458637,75.0,5.0,0.0,2.0,0.0,15.0
1140.2490615458637,75.0,5.0,0.0,2.0,0.0,15.0
1140.5490615458637,75.0,5.0,0.0,2.0,0.0,15.0
1140.5498615458637,75.0,5.0,0.0,2.0,0.0,15.0
1140.8498615458636,75.0,5.0,0.0,2.0,0.0,15.0
1140.8506615458637,75.0,5.0,0.0,2.0,0.0,15.0
1141.1506615458636,75.0,5.0,0.0,2.0,0.0,15.0
1141.1514615458636,75.0,5.0,0.0,2.0,0.0,15.0
1141.4514615458636,75.0,5.0,0.0,2.0,0.0,15.0
1141.4522615458636,75.0,5.0,0.0,2.0,0.0,15.0
1141.7522615458636,75.0,5.0,0.0,2.0,0.0,15.0
1141.7530615458636,75.0,5.0,0.0,2.0,0.0,15.0
1142.0530615458636,75.0,5.0,0.0,2.0,0.0,15.0
1142.0538615458636,75.0,5.0,0.0,2.0,0.0,15.0
1142.3538615458635,75.0,5.0,0.0,2.0,0.0,15.0
1142.3546615458636,75.0,5.0,0.0,2.0,0.0,15.0
1142.6546615458635,75.0,5.0,0.0,2.0,0.0,15.0
1142.6554615458635,75.0,5.0,0.0,2.0,0.0,15.0
1142.9554615458635,75.0,5.0,0.0,2.0,0.0,15.0
1142.9562615458635,75.0,5.0,0.0,7.0,0.0,15.0
1143.2562615458635,75.0,5.0,0.0,7.0,0.0,15.0
1143.2570615458635,75.0,5.0,0.0,7.0,0.0,15.0
1143.5570615458635,75.0,5.0,0.0,7.0,0.0,15.0
1143.5578615458635,75.0,5.0,0.0,7.0,0.0,15.0
1143.8578615458634,75.0,5.0,0.0,7.0,0.0,15.0
1143.8586615458635,75.0,5.0,0.0,7.0,0.0,15.0
1144.1586615458634,75.0,5.0,0.0,7.0,0.0,15.0
1144.1594615458635,75.0,5.0,0.0,7.0,0.0,15.0
1144.4594615458634,75.0,5.0,0.0,7.0,0.0,15.0
1144.4602615458634,75.0,5.0,0.0,7.0,0.0,15.0
1144.7602615458634,75.0,5.0,0.0,7.0,0.0,15.0
1144.7610615458634,75.0,5.0,0.0,7.0,0.0,15.0
1145.0610615458634,75.0,5.0,0.0,7.0,0.0,15.0
1145.0618615458634,76.0,5.0,0.0,7.0,0.0,15.0
1145.3618615458633,76.0,5.0,0.0,7.0,0.0,15.0
1145.3626510195475,76.0,5.0,0.0,7.0,0.0,15.0
1145.6626510195474,76.0,5.0,0.0,7.0,0.0,15.0
1145.6634404932315,76.0,5.0,0.0,7.0,0.0,15.0
1145.9634404932315,76.0,5.0,0.0,7.0,0.0,15.0
1145.9642299669156,76.0,5.0,0.0,7.0,0.0,15.0
1146.2642299669155,76.0,5.0,0.0,7.0,0.0,15.0
1146.2650194405996,76.0,5.0,0.0,7.0,0.0,15.0
1146.5650194405996,76.0,5.0,0.0,7.0,0.0,15.0
1146.5658089142837,76.0,5.0,0.0,7.0,0.0,15.0
1146.8658089142837,76.0,5.0,0.0,7.0,0.0,15.0
1146.8665983879678,76.0,5.0,0.0,7.0,0.0,15.0
1147.1665983879677,76.0,5.0,0.0,7.0,0.0,15.0
1147.1673878616518,76.0,5.0,0.0,7.0,0.0,15.0
1147.4673878616518,76.0,5.0,0.0,7.0,0.0,15.0
1147.468177335336,76.0,5.0,0.0,7.0,0.0,15.0
1147.7681773353358,76.0,5.0,0.0,7.0,0.0,15.0
1147.76896680902,76.0,5.0,0.0,7.0,0.0,15.0
1148.06896680902,76.0,5.0,0.0,7.0,0.0,15.0
1148.069756282704,76.0,5.0,0.0,7.0,0.0,15.0
1148.369756282704,76.0,5.0,0.0,7.0,0.0,15.0
1148.370545756388,77.0,5.0,0.0,5.0,0.0,16.0
1148.670545756388,77.0,5.0,0.0,5.0,0.0,16.0
1148.6713249771672,77.0,5.0,0.0,5.0,0.0,16.0
1148.9713249771671,77.0,5.0,0.0,5.0,0.0,16.0
1148.9721041979462,77.0,5.0,0.0,5.0,0.0,16.0
1149.2721041979462,77.0,5.0,0.0,5.0,0.0,16.0
1149.2728834187253,77.0,5.0,0.0,5.0,0.0,16.0
1149.5728834187253,77.0,5.0,0.0,5.0,0.0,16.0
1149.5736626395044,77.0,5.0,0.0,5.0,0.0,16.0
1149.8736626395043,77.0,5.0,0.0,5.0,0.0,16.0
1149.8744418602835,77.0,5.0,0.0,5.0,0.0,16.0
1150.1744418602834,77.0,5.0,0.0,5.0,0.0,16.0
1150.1752210810625,77.0,5.0,0.0,5.0,0.0,16.0
1150.4752210810625,77.0,5.0,0.0,5.0,0.0,16.0
1150.4760003018416,77.0,5.0,0.0,5.0,0.0,16.0
1150.7760003018416,77.0,5.0,0.0,5.0,0.0,16.0
1150.7767795226207,77.0,5.0,0.0,5.0,0.0,16.0
1151.0767795226207,77.0,5.0,0.0,5.0,0.0,16.0
1151.0775587433998,77.0,5.0,0.0,5.0,0.0,16.0
1151.3775587433997,77.0,5.0,0.0,5.0,0.0,16.0
1151.3783379641789,77.0,5.0,0.0,5.0,0.0,16.0
1151.6783379641788,77.0,5.0,0.0,5.0,0.0,16.0
1151.679117184958,77.0,5.0,0.0,5.0,0.0,16.0
1151.9791171849579,77.0,5.0,0.0,5.0,0.0,16.0
1151.979896405737,77.0,5.0,0.0,5.0,0.0,16.0
1152.279896405737,77.0,5.0,0.0,5.0,0.0,16.0
1152.280675626516,77.0,5.0,0.0,5.0,0.0,16.0
1152.580675626516,77.0,5.0,0.0,5.0,0.0,16.0
1152.5814548472952,77.0,5.0,0.0,5.0,0.0,16.0
1152.8814548472951,77.0,5.0,0.0,5.0,0.0,16.0
1152.8822340680742,77.0,5.0,0.0,5.0,0.0,16.0
1153.1822340680742,77.0,5.0,0.0,5.0,0.0,16.0
1153.1830132888533,77.0,5.0,0.0,5.0,0.0,16.0
1153.4830132888533,77.0,5.0,0.0,5.0,0.0,16.0
1153.4837925096324,77.0,5.0,0.0,5.0,0.0,16.0
1153.7837925096323,77.0,5.0,0.0,5.0,0.0,16.0
1153.7845717304115,77.0,5.0,0.0,5.0,0.0,16.0
1154.0845717304114,77.0,5.0,0.0,5.0,0.0,16.0
1154.0853509511905,77.0,5.0,0.0,5.0,0.0,16.0
1154.3853509511905,77.0,5.0,0.0,5.0,0.0,16.0
1154.3861301719696,77.0,5.0,0.0,5.0,0.0,16.0
1154.6861301719696,77.0,5.0,0.0,5.0,0.0,16.0
1154.6869093927487,77.0,5.0,0.0,5.0,0.0,16.0
1154.9869093927487,77.0,5.0,0.0,5.0,0.0,16.0
1154.9876886135278,77.0,5.0,0.0,5.0,0.0,16.0
1155.2876886135277,77.0,5.0,0.0,5.0,0.0,16.0
1155.2884678343069,77.0,5.0,0.0,5.0,0.0,16.0
1155.5884678343068,77.0,5.0,0.0,5.0,0.0,16.0
1155.589247055086,77.0,5.0,0.0,5.0,0.0,16.0
1155.889247055086,77.0,5.0,0.0,5.0,0.0,16.0
1155.890026275865,77.0,5.0,0.0,5.0,0.0,16.0
1156.190026275865,77.0,5.0,0.0,5.0,0.0,16.0
1156.190805496644,77.0,5.0,0.0,5.0,0.0,16.0
1156.490805496644,77.0,5.0,0.0,5.0,0.0,16.0
1156.4915847174232,77.0,5.0,0.0,5.0,0.0,16.0
1156.7915847174231,77.0,5.0,0.0,5.0,0.0,16.0
1156.7923639382022,77.0,5.0,0.0,5.0,0.0,16.0
1157.0923639382022,77.0,5.0,0.0,5.0,0.0,16.0
1157.0931431589813,77.0,5.0,0.0,5.0,0.0,16.0
1157.3931431589813,77.0,5.0,0.0,5.0,0.0,16.0
1157.3939223797604,77.0,5.0,0.0,5.0,0.0,16.0
1157.6939223797604,77.0,5.0,0.0,5.0,0.0,16.0
1157.6947016005395,77.0,5.0,0.0,5.0,0.0,16.0
1157.9947016005394,77.0,5.0,0.0,5.0,0.0,16.0
1157.9954808213186,77.0,5.0,0.0,5.0,0.0,16.0
1158.2954808213185,77.0,5.0,0.0,5.0,0.0,16.0
1158.2962600420976,77.0,5.0,0.0,5.0,0.0,16.0
1158.5962600420976,77.0,5.0,0.0,5.0,0.0,16.0
1158.5970392628767,77.0,5.0,0.0,5.0,0.0,16.0
1158.8970392628767,77.0,5.0,0.0,5.0,0.0,16.0
1158.8978184836558,77.0,5.0,0.0,5.0,0.0,16.0
1159.1978184836557,77.0,5.0,0.0,5.0,0.0,16.0
1159.1985977044349,77.0,5.0,0.0,5.0,0.0,16.0
1159.4985977044348,77.0,5.0,0.0,5.0,0.0,16.0
1159.499376925214,77.0,5.0,0.0,5.0,0.0,16.0
1159.799376925214,77.0,5.0,0.0,5.0,0.0,16.0
1159.800156145993,77.0,5.0,0.0,5.0,0.0,16.0
1160.100156145993,77.0,5.0,0.0,5.0,0.0,16.0
1160.100935366772,77.0,5.0,0.0,5.0,0.0,16.0
1160.400935366772,77.0,5.0,0.0,5.0,0.0,16.0
1160.4017145875512,77.0,5.0,0.0,5.0,0.0,16.0
1160.7017145875511,77.0,5.0,0.0,5.0,0.0,16.0
1160.7024938083302,77.0,5.0,0.0,5.0,0.0,16.0
1161.0024938083302,77.0,5.0,0.0,5.0,0.0,16.0
1161.0032730291093,77.0,5.0,0.0,5.0,0.0,16.0
1161.3032730291093,77.0,5.0,0.0,5.0,0.0,16.0
1161.3040522498884,77.0,5.0,0.0,5.0,0.0,16.0
1161.6040522498884,77.0,5.0,0.0,5.0,0.0,16.0
1161.6048314706675,77.0,5.0,0.0,5.0,0.0,16.0
1161.9048314706674,77.0,5.0,0.0,5.0,0.0,16.0
1161.9056106914466,77.0,5.0,0.0,5.0,0.0,16.0
1162.2056106914465,77.0,5.0,0.0,5.0,0.0,16.0
1162.2063899122256,77.0,5.0,0.0,5.0,0.0,16.0
1162.5063899122256,77.0,5.0,0.0,5.0,0.0,16.0
1162.5071691330047,77.0,5.0,0.0,5.0,0.0,16.0
1162.8071691330047,77.0,5.0,0.0,5.0,0.0,16.0
1162.8079483537838,77.0,5.0,0.0,5.0,0.0,16.0
1163.1079483537837,77.0,5.0,0.0,5.0,0.0,16.0
1163.1087275745629,77.0,5.0,0.0,5.0,0.0,16.0
1163.4087275745628,77.0,5.0,0.0,5.0,0.0,16.0
1163.409506795342,77.0,5.0,0.0,5.0,0.0,16.0
1163.709506795342,77.0,5.0,0.0,5.0,0.0,16.0
1163.710286016121,77.0,5.0,0.0,5.0,0.0,16.0
1164.010286016121,77.0,5.0,0.0,5.0,0.0,16.0
1164.0110652369,77.0,5.0,0.0,5.0,0.0,16.0
1164.3110652369,77.0,5.0,0.0,5.0,0.0,16.0
1164.3118444576792,77.0,5.0,0.0,5.0,0.0,16.0
1164.6118444576791,77.0,5.0,0.0,5.0,0.0,16.0
1164.6126236784582,77.0,5.0,0.0,5.0,0.0,16.0
1164.9126236784582,77.0,5.0,0.0,5.0,0.0,16.0
1164.9134028992373,76.0,5.0,0.0,3.0,0.0,17.0
1165.2134028992373,76.0,5.0,0.0,3.0,0.0,17.0
1165.2141923729214,76.0,5.0,0.0,3.0,0.0,17.0
1165.5141923729213,76.0,5.0,0.0,3.0,0.0,17.0
1165.5149818466055,76.0,5.0,0.0,3.0,0.0,17.0
1165.8149818466054,76.0,5.0,0.0,3.0,0.0,17.0
1165.8157713202895,76.0,5.0,0.0,3.0,0.0,17.0
1166.1157713202895,76.0,5.0,0.0,3.0,0.0,17.0
1166.1165607939736,76.0,5.0,0.0,3.0,0.0,17.0
1166.4165607939735,76.0,5.0,0.0,3.0,0.0,17.0
1166.4173502676576,76.0,5.0,0.0,3.0,0.0,17.0
1166.7173502676576,76.0,5.0,0.0,3.0,0.0,17.0
1166.7181397413417,76.0,5.0,0.0,3.0,0.0,17.0
1167.0181397413417,76.0,5.0,0.0,3.0,0.0,17.0
1167.0189292150258,76.0,5.0,0.0,3.0,0.0,17.0
1167.3189292150257,76.0,5.0,0.0,3.0,0.0,17.0
1167.3197186887098,76.0,5.0,0.0,3.0,0.0,17.0
1167.6197186887098,76.0,5.0,0.0,3.0,0.0,17.0
1167.620508162394,76.0,5.0,0.0,3.0,0.0,17.0
1167.9205081623938,76.0,5.0,0.0,3.0,0.0,17.0
1167.921297636078,76.0,5.0,0.0,3.0,0.0,17.0
1168.221297636078,76.0,5.0,0.0,3.0,0.0,17.0
1168.222087109762,76.0,5.0,0.0,3.0,0.0,17.0
1168.522087109762,76.0,5.0,0.0,3.0,0.0,17.0
1168.522876583446,76.0,5.0,0.0,3.0,0.0,17.0
1168.822876583446,76.0,5.0,0.0,3.0,0.0,17.0
1168.8236660571301,76.0,5.0,0.0,3.0,0.0,17.0
1169.12366605713,76.0,5.0,0.0,3.0,0.0,17.0
1169.1244555308142,76.0,5.0,0.0,3.0,0.0,17.0
1169.4244555308142,76.0,5.0,0.0,3.0,0.0,17.0
1169.4252450044983,76.0,5.0,0.0,3.0,0.0,17.0
1169.7252450044982,76.0,5.0,0.0,3.0,0.0,17.0
1169.7260344781823,76.0,5.0,0.0,3.0,0.0,17.0
1170.0260344781823,76.0,5.0,0.0,3.0,0.0,17.0
1170.0268239518664,76.0,5.0,0.0,3.0,0.0,17.0
1170.3268239518663,76.0,5.0,0.0,3.0,0.0,17.0
1170.3276134255505,76.0,5.0,0.0,3.0,0.0,17.0
1170.6276134255504,76.0,5.0,0.0,3.0,0.0,17.0
1170.6284028992345,76.0,5.0,0.0,3.0,0.0,17.0
1170.9284028992345,76.0,5.0,0.0,3.0,0.0,17.0
1170.9291923729186,75.0,5.0,0.0,3.0,0.0,17.0
1171.2291923729185,75.0,5.0,0.0,3.0,0.0,17.0
1171.2299923729186,75.0,5.0,0.0,3.0,0.0,17.0
1171.5299923729185,75.0,5.0,0.0,3.0,0.0,17.0
1171.5307923729185,75.0,5.0,0.0,3.0,0.0,17.0
1171.8307923729185,75.0,5.0,0.0,3.0,0.0,17.0
1171.8315923729185,75.0,5.0,0.0,3.0,0.0,17.0
1172.1315923729185,75.0,5.0,0.0,3.0,0.0,17.0
1172.1323923729185,75.0,5.0,0.0,3.0,0.0,17.0
1172.4323923729185,75.0,5.0,0.0,3.0,0.0,17.0
1172.4331923729185,75.0,5.0,0.0,3.0,0.0,17.0
1172.7331923729184,75.0,5.0,0.0,3.0,0.0,17.0
1172.7339923729185,75.0,5.0,0.0,3.0,0.0,17.0
1173.0339923729184,75.0,5.0,0.0,3.0,0.0,17.0
1173.0347923729184,75.0,5.0,0.0,3.0,0.0,17.0
1173.3347923729184,75.0,5.0,0.0,3.0,0.0,17.0
1173.3355923729184,75.0,5.0,0.0,3.0,0.0,17.0
1173.6355923729184,75.0,5.0,0.0,3.0,0.0,17.0
1173.6363923729184,75.0,5.0,0.0,3.0,0.0,17.0
1173.9363923729184,75.0,5.0,0.0,3.0,0.0,17.0
1173.9371923729184,74.0,5.0,0.0,3.0,0.0,17.0
1174.2371923729183,74.0,5.0,0.0,3.0,0.0,17.0
1174.2380031837292,74.0,5.0,0.0,3.0,0.0,17.0
1174.5380031837292,74.0,5.0,0.0,3.0,0.0,17.0
1174.53881399454,74.0,5.0,0.0,3.0,0.0,17.0
1174.83881399454,74.0,5.0,0.0,3.0,0.0,17.0
1174.839624805351,74.0,5.0,0.0,3.0,0.0,17.0
1175.1396248053509,74.0,5.0,0.0,3.0,0.0,17.0
1175.1404356161618,74.0,5.0,0.0,3.0,0.0,17.0
1175.4404356161617,74.0,5.0,0.0,3.0,0.0,17.0
1175.4412464269726,74.0,5.0,0.0,3.0,0.0,17.0
1175.7412464269726,74.0,5.0,0.0,3.0,0.0,17.0
1175.7420572377835,74.0,5.0,0.0,3.0,0.0,17.0
1176.0420572377834,74.0,5.0,0.0,3.0,0.0,17.0
1176.0428680485943,74.0,5.0,0.0,3.0,0.0,17.0
1176.3428680485943,74.0,5.0,0.0,3.0,0.0,17.0
1176.3436788594051,74.0,5.0,0.0,3.0,0.0,17.0
1176.643678859405,74.0,5.0,0.0,3.0,0.0,17.0
1176.644489670216,74.0,5.0,0.0,3.0,0.0,17.0
1176.944489670216,74.0,5.0,0.0,3.0,0.0,17.0
1176.9453004810268,74.0,5.0,0.0,3.0,0.0,17.0
1177.2453004810268,74.0,5.0,0.0,3.0,0.0,17.0
1177.2461112918377,74.0,5.0,0.0,3.0,0.0,17.0
1177.5461112918376,74.0,5.0,0.0,3.0,0.0,17.0
1177.5469221026485,74.0,5.0,0.0,3.0,0.0,17.0
1177.8469221026485,74.0,5.0,0.0,3.0,0.0,17.0
1177.8477329134594,74.0,5.0,0.0,3.0,0.0,17.0
1178.1477329134593,74.0,5.0,0.0,3.0,0.0,17.0
1178.1485437242702,74.0,5.0,0.0,3.0,0.0,17.0
1178.4485437242702,74.0,5.0,0.0,3.0,0.0,17.0
1178.449354535081,74.0,5.0,0.0,3.0,0.0,17.0
1178.749354535081,74.0,5.0,0.0,3.0,0.0,17.0
1178.750165345892,74.0,5.0,0.0,3.0,0.0,17.0
1179.0501653458919,74.0,5.0,0.0,3.0,0.0,17.0
1179.0509761567027,74.0,5.0,0.0,3.0,0.0,17.0
1179.3509761567027,74.0,5.0,0.0,3.0,0.0,17.0
1179.3517869675136,74.0,5.0,0.0,3.0,0.0,17.0
1179.6517869675135,74.0,5.0,0.0,3.0,0.0,17.0
1179.6525977783244,74.0,5.0,0.0,3.0,0.0,17.0
1179.9525977783244,74.0,5.0,0.0,3.0,0.0,17.0
1179.9534085891353,74.0,5.0,0.0,3.0,0.0,17.0
1180.2534085891352,74.0,5.0,0.0,3.0,0.0,17.0
1180.2542193999461,74.0,5.0,0.0,3.0,0.0,17.0
1180.554219399946,74.0,5.0,0.0,3.0,0.0,17.0
1180.555030210757,74.0,5.0,0.0,3.0,0.0,17.0
1180.855030210757,74.0,5.0,0.0,3.0,0.0,17.0
1180.8558410215678,74.0,5.0,0.0,3.0,0.0,17.0
1181.1558410215678,74.0,5.0,0.0,3.0,0.0,17.0
1181.1566518323787,74.0,5.0,0.0,3.0,0.0,17.0
1181.4566518323786,74.0,5.0,0.0,3.0,0.0,17.0
1181.4574626431895,74.0,5.0,0.0,3.0,0.0,17.0
1181.7574626431895,74.0,5.0,0.0,3.0,0.0,17.0
1181.7582734540003,74.0,5.0,0.0,3.0,0.0,17.0
1182.0582734540003,74.0,5.0,0.0,3.0,0.0,17.0
1182.0590842648112,74.0,5.0,0.0,3.0,0.0,17.0
1182.3590842648111,74.0,5.0,0.0,3.0,0.0,17.0
1182.359895075622,74.0,5.0,0.0,1.0,0.0,18.0
1182.659895075622,74.0,5.0,0.0,1.0,0.0,18.0
1182.6607058864329,74.0,5.0,0.0,1.0,0.0,18.0
1182.9607058864328,74.0,5.0,0.0,1.0,0.0,18.0
1182.9615166972437,74.0,5.0,0.0,1.0,0.0,18.0
1183.2615166972437,74.0,5.0,0.0,1.0,0.0,18.0
1183.2623275080546,74.0,5.0,0.0,1.0,0.0,18.0
1183.5623275080545,74.0,5.0,0.0,1.0,0.0,18.0
1183.5631383188654,74.0,5.0,0.0,1.0,0.0,18.0
1183.8631383188654,74.0,5.0,0.0,1.0,0.0,18.0
1183.8639491296763,74.0,5.0,0.0,1.0,0.0,18.0
1184.1639491296762,74.0,5.0,0.0,1.0,0.0,18.0
1184.164759940487,74.0,5.0,0.0,1.0,0.0,18.0
1184.464759940487,74.0,5.0,0.0,1.0,0.0,18.0
1184.465570751298,74.0,5.0,0.0,1.0,0.0,18.0
1184.765570751298,74.0,5.0,0.0,1.0,0.0,18.0
1184.7663815621088,74.0,5.0,0.0,1.0,0.0,18.0
1185.0663815621087,74.0,5.0,0.0,1.0,0.0,18.0
1185.0671923729196,74.0,5.0,0.0,1.0,0.0,18.0
1185.3671923729196,74.0,5.0,0.0,1.0,0.0,18.0
1185.3680031837305,74.0,5.0,0.0,1.0,0.0,18.0
1185.6680031837304,74.0,5.0,0.0,1.0,0.0,18.0
1185.6688139945413,74.0,5.0,0.0,1.0,0.0,18.0
1185.9688139945413,74.0,5.0,0.0,1.0,0.0,18.0
1185.9696248053522,74.0,5.0,0.0,1.0,0.0,18.0
1186.2696248053521,74.0,5.0,0.0,1.0,0.0,18.0
1186.270435616163,74.0,5.0,0.0,1.0,0.0,18.0
1186.570435616163,74.0,5.0,0.0,1.0,0.0,18.0
1186.5712464269739,74.0,5.0,0.0,1.0,0.0,18.0
1186.8712464269738,74.0,5.0,0.0,1.0,0.0,18.0
1186.8720572377847,74.0,5.0,0.0,1.0,0.0,18.0
1187.1720572377847,74.0,5.0,0.0,1.0,0.0,18.0
1187.1728680485955,74.0,5.0,0.0,1.0,0.0,18.0
1187.4728680485955,74.0,5.0,0.0,1.0,0.0,18.0
1187.4736788594064,74.0,5.0,0.0,1.0,0.0,18.0
1187.7736788594063,74.0,5.0,0.0,1.0,0.0,18.0
1187.7744896702172,74.0,5.0,0.0,1.0,0.0,18.0
1188.0744896702172,74.0,5.0,0.0,1.0,0.0,18.0
1188.075300481028,74.0,5.0,0.0,1.0,0.0,18.0
1188.375300481028,74.0,5.0,0.0,1.0,0.0,18.0
1188.376111291839,74.0,5.0,0.0,1.0,0.0,18.0
1188.6761112918389,74.0,5.0,0.0,1.0,0.0,18.0
1188.6769221026498,74.0,5.0,0.0,1.0,0.0,18.0
1188.9769221026497,74.0,5.0,0.0,1.0,0.0,18.0
1188.9777329134606,74.0,5.0,0.0,1.0,0.0,18.0
1189.2777329134606,74.0,5.0,0.0,1.0,0.0,18.0
1189.2785437242715,74.0,5.0,0.0,1.0,0.0,18.0
1189.5785437242714,74.0,5.0,0.0,1.0,0.0,18.0
1189.5793545350823,74.0,5.0,0.0,1.0,0.0,18.0
1189.8793545350823,74.0,5.0,0.0,1.0,0.0,18.0
1189.8801653458931,74.0,5.0,0.0,1.0,0.0,18.0
1190.180165345893,74.0,5.0,0.0,1.0,0.0,18.0
1190.180976156704,74.0,5.0,0.0,1.0,0.0,18.0
1190.480976156704,74.0,5.0,0.0,1.0,0.0,18.0
1190.4817869675148,74.0,5.0,0.0,1.0,0.0,18.0
1190.7817869675148,74.0,5.0,0.0,1.0,0.0,18.0
1190.7825977783257,74.0,5.0,0.0,1.0,0.0,18.0
1191.0825977783256,74.0,5.0,0.0,1.0,0.0,18.0
1191.0834085891365,74.0,5.0,0.0,1.0,0.0,18.0
1191.3834085891365,74.0,5.0,0.0,1.0,0.0,18.0
1191.3842193999474,74.0,5.0,0.0,1.0,0.0,18.0
1191.6842193999473,74.0,5.0,0.0,1.0,0.0,18.0
1191.6850302107582,74.0,5.0,0.0,1.0,0.0,18.0
1191.9850302107582,74.0,5.0,0.0,1.0,0.0,18.0
1191.985841021569,74.0,5.0,0.0,1.0,0.0,18.0
1192.285841021569,74.0,5.0,0.0,1.0,0.0,18.0
1192.28665183238,74.0,5.0,0.0,1.0,0.0,18.0
1192.5866518323799,74.0,5.0,0.0,1.0,0.0,18.0
1192.5874626431907,74.0,5.0,0.0,1.0,0.0,18.0
1192.8874626431907,74.0,5.0,0.0,1.0,0.0,18.0
1192.8882734540016,74.0,5.0,0.0,1.0,0.0,18.0
1193.1882734540015,74.0,5.0,0.0,1.0,0.0,18.0
1193.1890842648124,74.0,5.0,0.0,1.0,0.0,18.0
1193.4890842648124,74.0,5.0,0.0,1.0,0.0,18.0
1193.4898950756233,74.0,5.0,0.0,1.0,0.0,18.0
1193.7898950756232,74.0,5.0,0.0,1.0,0.0,18.0
1193.7907058864341,74.0,5.0,0.0,1.0,0.0,18.0
1194.090705886434,74.0,5.0,0.0,1.0,0.0,18.0
1194.091516697245,74.0,5.0,0.0,1.0,0.0,18.0
1194.391516697245,74.0,5.0,0.0,1.0,0.0,18.0
1194.3923275080558,74.0,5.0,0.0,1.0,0.0,18.0
1194.6923275080558,74.0,5.0,0.0,1.0,0.0,18.0
1194.6931383188667,74.0,5.0,0.0,1.0,0.0,18.0
1194.9931383188666,74.0,5.0,0.0,1.0,0.0,18.0
1194.9939491296775,74.0,5.0,0.0,1.0,0.0,18.0
1195.2939491296775,74.0,5.0,0.0,1.0,0.0,18.0
1195.2947599404883,74.0,5.0,0.0,1.0,0.0,18.0
1195.5947599404883,74.0,5.0,0.0,1.0,0.0,18.0
1195.5955707512992,74.0,5.0,0.0,1.0,0.0,18.0
1195.8955707512991,74.0,5.0,0.0,1.0,0.0,18.0
1195.89638156211,74.0,5.0,0.0,1.0,0.0,18.0
1196.19638156211,74.0,5.0,0.0,1.0,0.0,18.0
1196.1971923729209,74.0,5.0,0.0,1.0,0.0,18.0
1196.4971923729208,74.0,5.0,0.0,1.0,0.0,18.0
1196.4980031837317,74.0,5.0,0.0,1.0,0.0,18.0
1196.7980031837317,74.0,5.0,0.0,1.0,0.0,18.0
1196.7988139945426,74.0,5.0,0.0,1.0,0.0,18.0
1197.0988139945425,74.0,5.0,0.0,1.0,0.0,18.0
1197.0996248053534,74.0,5.0,0.0,1.0,0.0,18.0
1197.3996248053534,74.0,5.0,0.0,1.0,0.0,18.0
1197.4004356161643,74.0,5.0,0.0,1.0,0.0,18.0
1197.7004356161642,74.0,5.0,0.0,1.0,0.0,18.0
1197.701246426975,74.0,5.0,0.0,1.0,0.0,18.0
1198.001246426975,74.0,5.0,0.0,1.0,0.0,18.0
1198.002057237786,74.0,5.0,0.0,1.0,0.0,18.0
1198.302057237786,74.0,5.0,0.0,1.0,0.0,18.0
1198.3028680485968,74.0,5.0,0.0,1.0,0.0,18.0
1198.6028680485967,74.0,5.0,0.0,1.0,0.0,18.0
1198.6036788594076,74.0,5.0,0.0,1.0,0.0,18.0
1198.9036788594076,74.0,5.0,0.0,1.0,0.0,18.0
1198.9044896702185,74.0,5.0,0.0,1.0,0.0,18.0
1199.2044896702184,74.0,5.0,0.0,1.0,0.0,18.0
1199.2053004810293,74.0,5.0,0.0,1.0,0.0,18.0
1199.5053004810293,74.0,5.0,0.0,1.0,0.0,18.0
1199.5061112918402,74.0,5.0,0.0,1.0,0.0,18.0
1199.8061112918401,74.0,5.0,0.0,1.0,0.0,18.0
1199.806922102651,74.0,5.0,0.0,1.0,0.0,18.0
1200.106922102651,74.0,5.0,0.0,1.0,0.0,18.0
1200.1077329134619,74.0,5.0,0.0,1.0,0.0,18.0
1200.4077329134618,74.0,5.0,0.0,1.0,0.0,18.0
1200.4085437242727,74.0,5.0,0.0,1.0,0.0,18.0
1200.7085437242727,74.0,5.0,0.0,1.0,0.0,18.0
1200.7093545350835,74.0,5.0,0.0,1.0,0.0,18.0
1201.0093545350835,74.0,5.0,0.0,1.0,0.0,18.0
1201.0101653458944,74.0,5.0,0.0,1.0,0.0,18.0
1201.3101653458943,74.0,5.0,0.0,1.0,0.0,18.0
1201.3109761567052,74.0,5.0,0.0,1.0,0.0,18.0
1201.6109761567052,74.0,5.0,0.0,1.0,0.0,18.0
1201.611786967516,74.0,5.0,0.0,1.0,0.0,18.0
1201.911786967516,74.0,5.0,0.0,1.0,0.0,18.0
1201.912597778327,74.0,5.0,0.0,1.0,0.0,18.0
1202.2125977783269,74.0,5.0,0.0,1.0,0.0,18.0
1202.2134085891378,74.0,5.0,0.0,1.0,0.0,18.0
1202.5134085891377,74.0,5.0,0.0,1.0,0.0,18.0
1202.5142193999486,74.0,5.0,0.0,1.0,0.0,18.0
1202.8142193999486,74.0,5.0,0.0,1.0,0.0,18.0
1202.8150302107595,74.0,5.0,0.0,1.0,0.0,18.0
1203.1150302107594,74.0,5.0,0.0,1.0,0.0,18.0
1203.1158410215703,74.0,5.0,0.0,1.0,0.0,18.0
1203.4158410215703,74.0,5.0,0.0,1.0,0.0,18.0
1203.4166518323811,74.0,5.0,0.0,1.0,0.0,18.0
1203.716651832381,74.0,5.0,0.0,1.0,0.0,18.0
1203.717462643192,74.0,5.0,0.0,1.0,0.0,18.0
1204.017462643192,74.0,5.0,0.0,1.0,0.0,18.0
1204.0182734540028,74.0,5.0,0.0,1.0,0.0,18.0
1204.3182734540028,74.0,5.0,0.0,1.0,0.0,18.0
1204.3190842648137,74.0,5.0,0.0,1.0,0.0,18.0
1204.6190842648136,74.0,5.0,0.0,1.0,0.0,18.0
1204.6198950756245,74.0,5.0,0.0,1.0,0.0,18.0
1204.9198950756245,74.0,5.0,0.0,1.0,0.0,18.0
1204.9207058864354,74.0,5.0,0.0,1.0,0.0,18.0
1205.2207058864353,74.0,5.0,0.0,1.0,0.0,18.0
1205.2215166972462,74.0,5.0,0.0,1.0,0.0,18.0
1205.5215166972462,74.0,5.0,0.0,1.0,0.0,18.0
1205.522327508057,74.0,5.0,0.0,1.0,0.0,18.0
1205.822327508057,74.0,5.0,0.0,1.0,0.0,18.0
1205.823138318868,74.0,5.0,0.0,1.0,0.0,18.0
1206.1231383188679,74.0,5.0,0.0,1.0,0.0,18.0
1206.1239491296787,74.0,5.0,0.0,1.0,0.0,18.0
1206.4239491296787,74.0,5.0,0.0,1.0,0.0,18.0
1206.4247599404896,74.0,5.0,0.0,1.0,0.0,18.0
1206.7247599404895,74.0,5.0,0.0,1.0,0.0,18.0
1206.7255707513004,74.0,5.0,0.0,1.0,0.0,18.0
1207.0255707513004,74.0,5.0,0.0,1.0,0.0,18.0
1207.0263815621113,74.0,5.0,0.0,1.0,0.0,18.0
1207.3263815621112,74.0,5.0,0.0,1.0,0.0,18.0
1207.3271923729221,74.0,5.0,0.0,1.0,0.0,18.0
1207.627192372922,74.0,5.0,0.0,1.0,0.0,18.0
1207.628003183733,74.0,5.0,0.0,1.0,0.0,18.0
1207.928003183733,74.0,5.0,0.0,1.0,0.0,18.0
1207.9288139945438,74.0,5.0,0.0,1.0,0.0,18.0
1208.2288139945438,74.0,5.0,0.0,1.0,0.0,18.0
1208.2296248053547,75.0,5.0,0.0,1.0,0.0,18.0
1208.5296248053546,75.0,5.0,0.0,1.0,0.0,18.0
1208.5304248053546,75.0,5.0,0.0,1.0,0.0,18.0
1208.8304248053546,75.0,5.0,0.0,1.0,0.0,18.0
1208.8312248053546,75.0,5.0,0.0,1.0,0.0,18.0
1209.1312248053546,75.0,5.0,0.0,1.0,0.0,18.0
1209.1320248053546,75.0,5.0,0.0,1.0,0.0,18.0
1209.4320248053546,75.0,5.0,0.0,1.0,0.0,18.0
1209.4328248053546,75.0,5.0,0.0,1.0,0.0,18.0
1209.7328248053545,75.0,5.0,0.0,1.0,0.0,18.0
1209.7336248053546,75.0,5.0,0.0,1.0,0.0,18.0
1210.0336248053545,75.0,5.0,0.0,1.0,0.0,18.0
1210.0344248053545,75.0,5.0,0.0,1.0,0.0,18.0
1210.3344248053545,75.0,5.0,0.0,1.0,0.0,18.0
1210.3352248053545,75.0,5.0,0.0,1.0,0.0,18.0
1210.6352248053545,75.0,5.0,0.0,1.0,0.0,18.0
1210.6360248053545,75.0,5.0,0.0,1.0,0.0,18.0
1210.9360248053545,75.0,5.0,0.0,1.0,0.0,18.0
1210.9368248053545,75.0,5.0,0.0,1.0,0.0,18.0
1211.2368248053544,75.0,5.0,0.0,1.0,0.0,18.0
1211.2376248053545,75.0,5.0,0.0,1.0,0.0,18.0
1211.5376248053544,75.0,5.0,0.0,1.0,0.0,18.0
1211.5384248053545,75.0,5.0,0.0,1.0,0.0,18.0
1211.8384248053544,75.0,5.0,0.0,1.0,0.0,18.0
1211.8392248053544,75.0,5.0,0.0,1.0,0.0,18.0
1212.1392248053544,75.0,5.0,0.0,1.0,0.0,18.0
1212.1400248053544,75.0,5.0,0.0,1.0,0.0,18.0
1212.4400248053544,75.0,5.0,0.0,1.0,0.0,18.0
1212.4408248053544,75.0,5.0,0.0,1.0,0.0,18.0
1212.7408248053544,75.0,5.0,0.0,1.0,0.0,18.0
1212.7416248053544,75.0,5.0,0.0,1.0,0.0,18.0
1213.0416248053543,75.0,5.0,0.0,1.0,0.0,18.0
1213.0424248053544,75.0,5.0,0.0,1.0,0.0,18.0
1213.3424248053543,75.0,5.0,0.0,1.0,0.0,18.0
1213.3432248053543,75.0,5.0,0.0,1.0,0.0,18.0
1213.6432248053543,75.0,5.0,0.0,1.0,0.0,18.0
1213.6440248053543,75.0,5.0,0.0,1.0,0.0,18.0
1213.9440248053543,75.0,5.0,0.0,1.0,0.0,18.0
1213.9448248053543,75.0,5.0,0.0,1.0,0.0,18.0
1214.2448248053543,75.0,5.0,0.0,1.0,0.0,18.0
1214.2456248053543,75.0,5.0,0.0,1.0,0.0,18.0
1214.5456248053542,75.0,5.0,0.0,1.0,0.0,18.0
1214.5464248053543,75.0,5.0,0.0,1.0,0.0,18.0
1214.8464248053542,75.0,5.0,0.0,1.0,0.0,18.0
1214.8472248053542,75.0,5.0,0.0,1.0,0.0,18.0
1215.1472248053542,75.0,5.0,0.0,1.0,0.0,18.0
1215.1480248053542,75.0,5.0,0.0,1.0,0.0,18.0
1215.4480248053542,75.0,5.0,0.0,1.0,0.0,18.0
1215.4488248053542,75.0,5.0,0.0,1.0,0.0,18.0
1215.7488248053542,75.0,5.0,0.0,1.0,0.0,18.0
1215.7496248053542,75.0,5.0,0.0,1.0,0.0,18.0
1216.0496248053541,75.0,5.0,0.0,1.0,0.0,18.0
1216.0504248053542,75.0,5.0,0.0,1.0,0.0,18.0
1216.3504248053541,75.0,5.0,0.0,1.0,0.0,18.0
1216.3512248053541,75.0,5.0,0.0,1.0,0.0,18.0
1216.651224805354,75.0,5.0,0.0,1.0,0.0,18.0
1216.6520248053541,75.0,5.0,0.0,1.0,0.0,18.0
1216.952024805354,75.0,5.0,0.0,1.0,0.0,18.0
1216.952824805354,75.0,5.0,0.0,1.0,0.0,18.0
1217.252824805354,75.0,5.0,0.0,1.0,0.0,18.0
1217.253624805354,75.0,5.0,0.0,1.0,0.0,18.0
1217.553624805354,75.0,5.0,0.0,1.0,0.0,18.0
1217.554424805354,75.0,5.0,0.0,1.0,0.0,18.0
1217.854424805354,75.0,5.0,0.0,1.0,0.0,18.0
1217.855224805354,75.0,5.0,0.0,1.0,0.0,18.0
1218.155224805354,75.0,5.0,0.0,1.0,0.0,18.0
1218.156024805354,75.0,5.0,0.0,1.0,0.0,18.0
1218.456024805354,75.0,5.0,0.0,1.0,0.0,18.0
1218.456824805354,75.0,5.0,0.0,1.0,0.0,18.0
1218.756824805354,75.0,5.0,0.0,1.0,0.0,18.0
1218.757624805354,75.0,5.0,0.0,1.0,0.0,18.0
1219.057624805354,75.0,5.0,0.0,1.0,0.0,18.0
1219.058424805354,75.0,5.0,0.0,1.0,0.0,18.0
1219.358424805354,75.0,5.0,0.0,1.0,0.0,18.0
1219.359224805354,75.0,5.0,0.0,1.0,0.0,18.0
1219.659224805354,75.0,5.0,0.0,1.0,0.0,18.0
1219.660024805354,75.0,5.0,0.0,1.0,0.0,18.0
1219.960024805354,75.0,5.0,0.0,1.0,0.0,18.0
1219.960824805354,75.0,5.0,0.0,1.0,0.0,18.0
1220.2608248053539,75.0,5.0,0.0,1.0,0.0,18.0
1220.261624805354,75.0,5.0,0.0,1.0,0.0,18.0
1220.5616248053539,75.0,5.0,0.0,1.0,0.0,18.0
1220.5624248053539,75.0,5.0,0.0,1.0,0.0,18.0
1220.8624248053538,75.0,5.0,0.0,1.0,0.0,18.0
1220.8632248053539,75.0,5.0,0.0,1.0,0.0,18.0
1221.1632248053538,75.0,5.0,0.0,1.0,0.0,18.0
1221.1640248053538,75.0,5.0,0.0,1.0,0.0,18.0
1221.4640248053538,75.0,5.0,0.0,1.0,0.0,18.0
1221.4648248053538,75.0,5.0,0.0,1.0,0.0,18.0
1221.7648248053538,75.0,5.0,0.0,1.0,0.0,18.0
1221.7656248053538,75.0,5.0,0.0,1.0,0.0,18.0
1222.0656248053538,75.0,5.0,0.0,1.0,0.0,18.0
1222.0664248053538,75.0,5.0,0.0,1.0,0.0,18.0
1222.3664248053537,75.0,5.0,0.0,1.0,0.0,18.0
1222.3672248053538,75.0,5.0,0.0,1.0,0.0,18.0
1222.6672248053537,75.0,5.0,0.0,1.0,0.0,18.0
1222.6680248053538,75.0,5.0,0.0,1.0,0.0,18.0
1222.9680248053537,75.0,5.0,0.0,1.0,0.0,18.0
1222.9688248053537,75.0,5.0,0.0,1.0,0.0,18.0
1223.2688248053537,75.0,5.0,0.0,1.0,0.0,18.0
1223.2696248053537,75.0,5.0,0.0,1.0,0.0,18.0
1223.5696248053537,75.0,5.0,0.0,1.0,0.0,18.0
1223.5704248053537,75.0,5.0,0.0,1.0,0.0,18.0
1223.8704248053537,75.0,5.0,0.0,1.0,0.0,18.0
1223.8712248053537,75.0,5.0,0.0,1.0,0.0,18.0
1224.1712248053536,75.0,5.0,0.0,1.0,0.0,18.0
1224.1720248053537,75.0,5.0,0.0,1.0,0.0,18.0
1224.4720248053536,75.0,5.0,0.0,1.0,0.0,18.0
1224.4728248053536,75.0,5.0,0.0,1.0,0.0,18.0
1224.7728248053536,75.0,5.0,0.0,1.0,0.0,18.0
1224.7736248053536,75.0,5.0,0.0,1.0,0.0,18.0
1225.0736248053536,75.0,5.0,0.0,1.0,0.0,18.0
1225.0744248053536,75.0,5.0,0.0,1.0,0.0,18.0
1225.3744248053536,75.0,5.0,0.0,1.0,0.0,18.0
1225.3752248053536,75.0,5.0,0.0,1.0,0.0,18.0
1225.6752248053535,75.0,5.0,0.0,1.0,0.0,18.0
1225.6760248053536,75.0,5.0,0.0,1.0,0.0,18.0
1225.9760248053535,75.0,5.0,0.0,1.0,0.0,18.0
1225.9768248053535,75.0,5.0,0.0,1.0,0.0,18.0
1226.2768248053535,75.0,5.0,0.0,1.0,0.0,18.0
1226.2776248053535,75.0,5.0,0.0,1.0,0.0,18.0
1226.5776248053535,75.0,5.0,0.0,1.0,0.0,18.0
1226.5784248053535,75.0,5.0,0.0,1.0,0.0,18.0
1226.8784248053535,75.0,5.0,0.0,1.0,0.0,18.0
1226.8792248053535,75.0,5.0,0.0,1.0,0.0,18.0
1227.1792248053534,75.0,5.0,0.0,1.0,0.0,18.0
1227.1800248053535,75.0,5.0,0.0,1.0,0.0,18.0
1227.4800248053534,75.0,5.0,0.0,1.0,0.0,18.0
1227.4808248053534,75.0,5.0,0.0,1.0,0.0,18.0
1227.7808248053534,75.0,5.0,0.0,1.0,0.0,18.0
1227.7816248053534,75.0,5.0,0.0,1.0,0.0,18.0
1228.0816248053534,75.0,5.0,0.0,1.0,0.0,18.0
1228.0824248053534,75.0,5.0,0.0,1.0,0.0,18.0
1228.3824248053534,75.0,5.0,0.0,1.0,0.0,18.0
1228.3832248053534,75.0,5.0,0.0,1.0,0.0,18.0
1228.6832248053533,75.0,5.0,0.0,1.0,0.0,18.0
1228.6840248053534,75.0,5.0,0.0,1.0,0.0,18.0
1228.9840248053533,75.0,5.0,0.0,1.0,0.0,18.0
1228.9848248053534,75.0,5.0,0.0,1.0,0.0,18.0
1229.2848248053533,75.0,5.0,0.0,1.0,0.0,18.0
1229.2856248053533,75.0,5.0,0.0,1.0,0.0,18.0
1229.5856248053533,75.0,5.0,0.0,1.0,0.0,18.0
1229.5864248053533,75.0,5.0,0.0,1.0,0.0,18.0
1229.8864248053533,75.0,5.0,0.0,1.0,0.0,18.0
1229.8872248053533,75.0,5.0,0.0,1.0,0.0,18.0
1230.1872248053533,75.0,5.0,0.0,1.0,0.0,18.0
1230.1880248053533,75.0,5.0,0.0,1.0,0.0,18.0
1230.4880248053532,75.0,5.0,0.0,1.0,0.0,18.0
1230.4888248053533,75.0,5.0,0.0,1.0,0.0,18.0
1230.7888248053532,75.0,5.0,0.0,1.0,0.0,18.0
1230.7896248053532,75.0,5.0,0.0,1.0,0.0,18.0
1231.0896248053532,75.0,5.0,0.0,1.0,0.0,18.0
1231.0904248053532,75.0,5.0,0.0,1.0,0.0,18.0
1231.3904248053532,75.0,5.0,0.0,1.0,0.0,18.0
1231.3912248053532,75.0,5.0,0.0,1.0,0.0,18.0
1231.6912248053532,75.0,5.0,0.0,1.0,0.0,18.0
1231.6920248053532,75.0,5.0,0.0,1.0,0.0,18.0
1231.9920248053531,75.0,5.0,0.0,1.0,0.0,18.0
1231.9928248053532,75.0,4.0,0.0,1.0,0.0,18.0
1232.2928248053531,75.0,4.0,0.0,1.0,0.0,18.0
1232.2936248053531,75.0,4.0,0.0,1.0,0.0,18.0
1232.593624805353,75.0,4.0,0.0,1.0,0.0,18.0
1232.5944248053531,75.0,4.0,0.0,1.0,0.0,18.0
1232.894424805353,75.0,4.0,0.0,1.0,0.0,18.0
1232.895224805353,75.0,4.0,0.0,1.0,0.0,18.0
1233.195224805353,75.0,4.0,0.0,1.0,0.0,18.0
1233.196024805353,75.0,4.0,0.0,1.0,0.0,18.0
1233.496024805353,75.0,4.0,0.0,1.0,0.0,18.0
1233.496824805353,75.0,4.0,0.0,1.0,0.0,18.0
1233.796824805353,75.0,4.0,0.0,1.0,0.0,18.0
1233.797624805353,75.0,4.0,0.0,1.0,0.0,18.0
1234.097624805353,75.0,4.0,0.0,1.0,0.0,18.0
1234.098424805353,75.0,4.0,0.0,1.0,0.0,18.0
1234.398424805353,75.0,4.0,0.0,1.0,0.0,18.0
1234.399224805353,75.0,4.0,0.0,1.0,0.0,18.0
1234.699224805353,75.0,4.0,0.0,1.0,0.0,18.0
1234.700024805353,75.0,4.0,0.0,1.0,0.0,18.0
1235.000024805353,75.0,4.0,0.0,1.0,0.0,18.0
1235.000824805353,75.0,4.0,0.0,1.0,0.0,18.0
1235.300824805353,75.0,4.0,0.0,1.0,0.0,18.0
1235.301624805353,75.0,4.0,0.0,1.0,0.0,18.0
1235.601624805353,75.0,4.0,0.0,1.0,0.0,18.0
1235.602424805353,75.0,4.0,0.0,1.0,0.0,18.0
1235.902424805353,75.0,4.0,0.0,1.0,0.0,18.0
1235.903224805353,75.0,4.0,0.0,1.0,0.0,18.0
1236.2032248053529,75.0,4.0,0.0,1.0,0.0,18.0
1236.204024805353,75.0,4.0,0.0,1.0,0.0,18.0
1236.5040248053529,75.0,4.0,0.0,1.0,0.0,18.0
1236.5048248053529,75.0,4.0,0.0,1.0,0.0,18.0
1236.8048248053528,75.0,4.0,0.0,1.0,0.0,18.0
1236.8056248053529,75.0,4.0,0.0,1.0,0.0,18.0
1237.1056248053528,75.0,4.0,0.0,1.0,0.0,18.0
1237.1064248053528,75.0,4.0,0.0,1.0,0.0,18.0
1237.4064248053528,75.0,4.0,0.0,1.0,0.0,18.0
1237.4072248053528,75.0,4.0,0.0,1.0,0.0,18.0
1237.7072248053528,75.0,4.0,0.0,1.0,0.0,18.0
1237.7080248053528,75.0,4.0,0.0,1.0,0.0,18.0
1238.0080248053528,75.0,4.0,0.0,1.0,0.0,18.0
1238.0088248053528,75.0,4.0,0.0,1.0,0.0,18.0
1238.3088248053527,75.0,4.0,0.0,1.0,0.0,18.0
1238.3096248053528,75.0,4.0,0.0,1.0,0.0,18.0
1238.6096248053527,75.0,4.0,0.0,1.0,0.0,18.0
1238.6104248053527,75.0,4.0,0.0,1.0,0.0,18.0
1238.9104248053527,75.0,4.0,0.0,1.0,0.0,18.0
1238.9112248053527,75.0,4.0,0.0,1.0,0.0,18.0
1239.2112248053527,75.0,4.0,0.0,1.0,0.0,18.0
1239.2120248053527,75.0,4.0,0.0,1.0,0.0,18.0
1239.5120248053527,75.0,4.0,0.0,1.0,0.0,18.0
1239.5128248053527,75.0,4.0,0.0,1.0,0.0,18.0
1239.8128248053526,75.0,4.0,0.0,1.0,0.0,18.0
1239.8136248053527,75.0,4.0,0.0,1.0,0.0,18.0
1240.1136248053526,75.0,4.0,0.0,1.0,0.0,18.0
1240.1144248053527,75.0,4.0,0.0,1.0,0.0,18.0
1240.4144248053526,75.0,4.0,0.0,1.0,0.0,18.0
1240.4152248053526,75.0,4.0,0.0,6.0,0.0,18.0
1240.7152248053526,75.0,4.0,0.0,6.0,0.0,18.0
1240.7160248053526,75.0,4.0,0.0,6.0,0.0,18.0
1241.0160248053526,75.0,4.0,0.0,6.0,0.0,18.0
1241.0168248053526,75.0,4.0,0.0,6.0,0.0,18.0
1241.3168248053526,75.0,4.0,0.0,6.0,0.0,18.0
1241.3176248053526,75.0,4.0,0.0,6.0,0.0,18.0
1241.6176248053525,75.0,4.0,0.0,6.0,0.0,18.0
1241.6184248053526,75.0,4.0,0.0,6.0,0.0,18.0
1241.9184248053525,75.0,4.0,0.0,6.0,0.0,18.0
1241.9192248053525,75.0,4.0,0.0,6.0,0.0,18.0
1242.2192248053525,75.0,4.0,0.0,6.0,0.0,18.0
1242.2200248053525,75.0,4.0,0.0,6.0,0.0,18.0
1242.5200248053525,75.0,4.0,0.0,6.0,0.0,18.0
1242.5208248053525,75.0,4.0,0.0,6.0,0.0,18.0
1242.8208248053525,75.0,4.0,0.0,6.0,0.0,18.0
1242.8216248053525,75.0,4.0,0.0,6.0,0.0,18.0
1243.1216248053524,75.0,4.0,0.0,6.0,0.0,18.0
1243.1224248053525,75.0,4.0,0.0,6.0,0.0,18.0
1243.4224248053524,75.0,4.0,0.0,6.0,0.0,18.0
1243.4232248053524,75.0,4.0,0.0,6.0,0.0,18.0
1243.7232248053524,75.0,4.0,0.0,6.0,0.0,18.0
1243.7240248053524,75.0,4.0,0.0,6.0,0.0,18.0
1244.0240248053524,75.0,4.0,0.0,6.0,0.0,18.0
1244.0248248053524,75.0,4.0,0.0,6.0,0.0,18.0
1244.3248248053524,75.0,4.0,0.0,6.0,0.0,18.0
1244.3256248053524,75.0,4.0,0.0,6.0,0.0,18.0
1244.6256248053523,75.0,4.0,0.0,6.0,0.0,18.0
1244.6264248053524,75.0,4.0,0.0,6.0,0.0,18.0
1244.9264248053523,75.0,4.0,0.0,6.0,0.0,18.0
1244.9272248053524,75.0,4.0,0.0,6.0,0.0,18.0
1245.2272248053523,75.0,4.0,0.0,6.0,0.0,18.0
1245.2280248053523,75.0,4.0,0.0,6.0,0.0,18.0
1245.5280248053523,75.0,4.0,0.0,6.0,0.0,18.0
1245.5288248053523,75.0,4.0,0.0,6.0,0.0,18.0
1245.8288248053523,75.0,4.0,0.0,6.0,0.0,18.0
1245.8296248053523,75.0,4.0,0.0,6.0,0.0,18.0
1246.1296248053523,75.0,4.0,0.0,6.0,0.0,18.0
1246.1304248053523,75.0,4.0,0.0,6.0,0.0,18.0
1246.4304248053522,75.0,4.0,0.0,6.0,0.0,18.0
1246.4312248053523,75.0,4.0,0.0,6.0,0.0,18.0
1246.7312248053522,75.0,4.0,0.0,6.0,0.0,18.0
1246.7320248053522,75.0,4.0,0.0,6.0,0.0,18.0
1247.0320248053522,75.0,4.0,0.0,6.0,0.0,18.0
1247.0328248053522,75.0,4.0,0.0,6.0,0.0,18.0
1247.3328248053522,75.0,4.0,0.0,6.0,0.0,18.0
1247.3336248053522,75.0,4.0,0.0,6.0,0.0,18.0
1247.6336248053522,75.0,4.0,0.0,6.0,0.0,18.0
1247.6344248053522,75.0,4.0,0.0,6.0,0.0,18.0
1247.9344248053521,75.0,4.0,0.0,6.0,0.0,18.0
1247.9352248053522,75.0,4.0,0.0,6.0,0.0,18.0
1248.2352248053521,75.0,4.0,0.0,6.0,0.0,18.0
1248.2360248053521,75.0,4.0,0.0,6.0,0.0,18.0
1248.536024805352,75.0,4.0,0.0,6.0,0.0,18.0
1248.5368248053521,75.0,4.0,0.0,6.0,0.0,18.0
1248.836824805352,75.0,4.0,0.0,6.0,0.0,18.0
1248.837624805352,75.0,4.0,0.0,6.0,0.0,18.0
1249.137624805352,75.0,4.0,0.0,6.0,0.0,18.0
1249.138424805352,75.0,4.0,0.0,6.0,0.0,18.0
1249.438424805352,75.0,4.0,0.0,6.0,0.0,18.0
1249.439224805352,74.0,4.0,0.0,6.0,0.0,18.0
1249.739224805352,74.0,4.0,0.0,6.0,0.0,18.0
1249.740035616163,74.0,4.0,0.0,6.0,0.0,18.0
1250.0400356161629,74.0,4.0,0.0,6.0,0.0,18.0
1250.0408464269738,74.0,4.0,0.0,6.0,0.0,18.0
1250.3408464269737,74.0,4.0,0.0,6.0,0.0,18.0
1250.3416572377846,74.0,4.0,0.0,6.0,0.0,18.0
1250.6416572377846,74.0,4.0,0.0,6.0,0.0,18.0
1250.6424680485954,74.0,4.0,0.0,6.0,0.0,18.0
1250.9424680485954,74.0,4.0,0.0,6.0,0.0,18.0
1250.9432788594063,74.0,4.0,0.0,6.0,0.0,18.0
1251.2432788594062,74.0,4.0,0.0,6.0,0.0,18.0
1251.2440896702171,74.0,4.0,0.0,6.0,0.0,18.0
1251.544089670217,74.0,4.0,0.0,6.0,0.0,18.0
1251.544900481028,74.0,4.0,0.0,6.0,0.0,18.0
1251.844900481028,74.0,4.0,0.0,6.0,0.0,18.0
1251.8457112918388,74.0,4.0,0.0,6.0,0.0,18.0
1252.1457112918388,74.0,4.0,0.0,6.0,0.0,18.0
1252.1465221026497,74.0,4.0,0.0,6.0,0.0,18.0
1252.4465221026496,74.0,4.0,0.0,6.0,0.0,18.0
1252.4473329134605,74.0,4.0,0.0,6.0,0.0,18.0
1252.7473329134605,74.0,4.0,0.0,6.0,0.0,18.0
1252.7481437242714,74.0,4.0,0.0,6.0,0.0,18.0
1253.0481437242713,74.0,4.0,0.0,6.0,0.0,18.0
1253.0489545350822,74.0,4.0,0.0,6.0,0.0,18.0
1253.3489545350822,74.0,4.0,0.0,6.0,0.0,18.0
1253.349765345893,74.0,4.0,0.0,6.0,0.0,18.0
1253.649765345893,74.0,4.0,0.0,6.0,0.0,18.0
1253.650576156704,74.0,4.0,0.0,6.0,0.0,18.0
1253.9505761567038,74.0,4.0,0.0,6.0,0.0,18.0
1253.9513869675147,74.0,4.0,0.0,6.0,0.0,18.0
1254.2513869675147,74.0,4.0,0.0,6.0,0.0,18.0
1254.2521977783256,74.0,4.0,0.0,6.0,0.0,18.0
1254.5521977783255,74.0,4.0,0.0,6.0,0.0,18.0
1254.5530085891364,75.0,4.0,0.0,6.0,0.0,18.0
1254.8530085891364,75.0,4.0,0.0,6.0,0.0,18.0
1254.8538085891364,75.0,4.0,0.0,6.0,0.0,18.0
1255.1538085891364,75.0,4.0,0.0,6.0,0.0,18.0
1255.1546085891364,75.0,4.0,0.0,6.0,0.0,18.0
1255.4546085891363,75.0,4.0,0.0,6.0,0.0,18.0
1255.4554085891364,75.0,4.0,0.0,6.0,0.0,18.0
1255.7554085891363,75.0,4.0,0.0,6.0,0.0,18.0
1255.7562085891363,75.0,4.0,0.0,6.0,0.0,18.0
1256.0562085891363,75.0,4.0,0.0,6.0,0.0,18.0
1256.0570085891363,75.0,4.0,0.0,6.0,0.0,18.0
1256.3570085891363,75.0,4.0,0.0,6.0,0.0,18.0
1256.3578085891363,75.0,4.0,0.0,6.0,0.0,18.0
1256.6578085891363,75.0,4.0,0.0,6.0,0.0,18.0
1256.6586085891363,75.0,4.0,0.0,6.0,0.0,18.0
1256.9586085891362,75.0,4.0,0.0,6.0,0.0,18.0
1256.9594085891363,75.0,4.0,0.0,4.0,0.0,19.0
1257.2594085891362,75.0,4.0,0.0,4.0,0.0,19.0
1257.2602085891363,75.0,4.0,0.0,4.0,0.0,19.0
1257.5602085891362,75.0,4.0,0.0,4.0,0.0,19.0
1257.5610085891362,75.0,4.0,0.0,4.0,0.0,19.0
1257.8610085891362,75.0,4.0,0.0,4.0,0.0,19.0
1257.8618085891362,75.0,4.0,0.0,4.0,0.0,19.0
1258.1618085891362,75.0,4.0,0.0,4.0,0.0,19.0
1258.1626085891362,75.0,4.0,0.0,4.0,0.0,19.0
1258.4626085891362,75.0,4.0,0.0,4.0,0.0,19.0
1258.4634085891362,75.0,4.0,0.0,4.0,0.0,19.0
1258.7634085891361,75.0,4.0,0.0,4.0,0.0,19.0
1258.7642085891362,75.0,4.0,0.0,4.0,0.0,19.0
1259.0642085891361,75.0,4.0,0.0,4.0,0.0,19.0
1259.0650085891361,75.0,4.0,0.0,4.0,0.0,19.0
1259.365008589136,75.0,4.0,0.0,4.0,0.0,19.0
1259.3658085891361,75.0,4.0,0.0,4.0,0.0,19.0
1259.665808589136,75.0,4.0,0.0,4.0,0.0,19.0
1259.666608589136,75.0,4.0,0.0,4.0,0.0,19.0
1259.966608589136,75.0,4.0,0.0,4.0,0.0,19.0
1259.967408589136,74.0,4.0,0.0,4.0,0.0,19.0
1260.267408589136,74.0,4.0,0.0,4.0,0.0,19.0
1260.268219399947,74.0,4.0,0.0,4.0,0.0,19.0
1260.5682193999469,74.0,4.0,0.0,4.0,0.0,19.0
1260.5690302107578,74.0,4.0,0.0,4.0,0.0,19.0
1260.8690302107577,74.0,4.0,0.0,4.0,0.0,19.0
1260.8698410215686,74.0,4.0,0.0,4.0,0.0,19.0
1261.1698410215686,74.0,4.0,0.0,4.0,0.0,19.0
1261.1706518323795,74.0,4.0,0.0,4.0,0.0,19.0
1261.4706518323794,74.0,4.0,0.0,4.0,0.0,19.0
1261.4714626431903,74.0,4.0,0.0,4.0,0.0,19.0
1261.7714626431903,74.0,4.0,0.0,4.0,0.0,19.0
1261.7722734540012,74.0,4.0,0.0,4.0,0.0,19.0
1262.072273454001,74.0,4.0,0.0,4.0,0.0,19.0
1262.073084264812,74.0,4.0,0.0,4.0,0.0,19.0
1262.373084264812,74.0,4.0,0.0,4.0,0.0,19.0
1262.3738950756228,74.0,4.0,0.0,4.0,0.0,19.0
1262.6738950756228,74.0,4.0,0.0,4.0,0.0,19.0
1262.6747058864337,74.0,4.0,0.0,4.0,0.0,19.0
1262.9747058864336,74.0,4.0,0.0,4.0,0.0,19.0
1262.9755166972445,74.0,4.0,0.0,4.0,0.0,19.0
1263.2755166972445,74.0,4.0,0.0,4.0,0.0,19.0
1263.2763275080554,74.0,4.0,0.0,4.0,0.0,19.0
1263.5763275080553,74.0,4.0,0.0,4.0,0.0,19.0
1263.5771383188662,74.0,4.0,0.0,4.0,0.0,19.0
1263.8771383188662,74.0,4.0,0.0,4.0,0.0,19.0
1263.877949129677,74.0,4.0,0.0,4.0,0.0,19.0
1264.177949129677,74.0,4.0,0.0,4.0,0.0,19.0
1264.178759940488,74.0,4.0,0.0,4.0,0.0,19.0
1264.4787599404879,74.0,4.0,0.0,4.0,0.0,19.0
1264.4795707512988,74.0,4.0,0.0,4.0,0.0,19.0
1264.7795707512987,74.0,4.0,0.0,4.0,0.0,19.0
1264.7803815621096,74.0,4.0,0.0,4.0,0.0,19.0
1265.0803815621096,74.0,4.0,0.0,4.0,0.0,19.0
1265.0811923729204,74.0,4.0,0.0,4.0,0.0,19.0
1265.3811923729204,74.0,4.0,0.0,4.0,0.0,19.0
1265.3820031837313,74.0,4.0,0.0,4.0,0.0,19.0
1265.6820031837312,74.0,4.0,0.0,4.0,0.0,19.0
1265.6828139945421,74.0,4.0,0.0,4.0,0.0,19.0
1265.982813994542,74.0,4.0,0.0,4.0,0.0,19.0
1265.983624805353,74.0,4.0,0.0,4.0,0.0,19.0
1266.283624805353,74.0,4.0,0.0,4.0,0.0,19.0
1266.2844356161638,74.0,4.0,0.0,4.0,0.0,19.0
1266.5844356161638,74.0,4.0,0.0,4.0,0.0,19.0
1266.5852464269747,74.0,4.0,0.0,4.0,0.0,19.0
1266.8852464269746,74.0,4.0,0.0,4.0,0.0,19.0
1266.8860572377855,74.0,4.0,0.0,4.0,0.0,19.0
1267.1860572377855,74.0,4.0,0.0,4.0,0.0,19.0
1267.1868680485964,74.0,4.0,0.0,4.0,0.0,19.0
1267.4868680485963,74.0,4.0,0.0,4.0,0.0,19.0
1267.4876788594072,74.0,4.0,0.0,4.0,0.0,19.0
1267.7876788594072,74.0,4.0,0.0,4.0,0.0,19.0
1267.788489670218,74.0,4.0,0.0,4.0,0.0,19.0
1268.088489670218,74.0,4.0,0.0,4.0,0.0,19.0
1268.0893004810289,74.0,4.0,0.0,4.0,0.0,19.0
1268.3893004810288,74.0,4.0,0.0,4.0,0.0,19.0
1268.3901112918397,74.0,4.0,0.0,4.0,0.0,19.0
1268.6901112918397,74.0,4.0,0.0,4.0,0.0,19.0
1268.6909221026506,74.0,4.0,0.0,4.0,0.0,19.0
1268.9909221026505,74.0,4.0,0.0,4.0,0.0,19.0
1268.9917329134614,74.0,4.0,0.0,4.0,0.0,19.0
1269.2917329134614,74.0,4.0,0.0,4.0,0.0,19.0
1269.2925437242723,74.0,4.0,0.0,4.0,0.0,19.0
1269.5925437242722,74.0,4.0,0.0,4.0,0.0,19.0
1269.593354535083,74.0,4.0,0.0,4.0,0.0,19.0
1269.893354535083,74.0,4.0,0.0,4.0,0.0,19.0
1269.894165345894,74.0,4.0,0.0,4.0,0.0,19.0
1270.194165345894,74.0,4.0,0.0,4.0,0.0,19.0
1270.1949761567048,74.0,4.0,0.0,4.0,0.0,19.0
1270.4949761567048,74.0,4.0,0.0,4.0,0.0,19.0
1270.4957869675156,74.0,4.0,0.0,4.0,0.0,19.0
1270.7957869675156,74.0,4.0,0.0,4.0,0.0,19.0
1270.7965977783265,74.0,4.0,0.0,4.0,0.0,19.0
1271.0965977783264,74.0,4.0,0.0,4.0,0.0,19.0
1271.0974085891373,74.0,4.0,0.0,4.0,0.0,19.0
1271.3974085891373,74.0,4.0,0.0,4.0,0.0,19.0
1271.3982193999482,74.0,4.0,0.0,4.0,0.0,19.0
1271.6982193999481,74.0,4.0,0.0,4.0,0.0,19.0
1271.699030210759,74.0,4.0,0.0,4.0,0.0,19.0
1271.999030210759,74.0,4.0,0.0,4.0,0.0,19.0
1271.9998410215699,74.0,4.0,0.0,4.0,0.0,19.0
1272.2998410215698,74.0,4.0,0.0,4.0,0.0,19.0
1272.3006518323807,74.0,4.0,0.0,4.0,0.0,19.0
1272.6006518323807,74.0,4.0,0.0,4.0,0.0,19.0
1272.6014626431916,74.0,4.0,0.0,4.0,0.0,19.0
1272.9014626431915,74.0,4.0,0.0,4.0,0.0,19.0
1272.9022734540024,74.0,4.0,0.0,4.0,0.0,19.0
1273.2022734540024,74.0,4.0,0.0,4.0,0.0,19.0
1273.2030842648132,74.0,4.0,0.0,4.0,0.0,19.0
1273.5030842648132,74.0,4.0,0.0,4.0,0.0,19.0
1273.503895075624,74.0,4.0,0.0,4.0,0.0,19.0
1273.803895075624,74.0,4.0,0.0,4.0,0.0,19.0
1273.804705886435,74.0,4.0,0.0,4.0,0.0,19.0
1274.1047058864349,74.0,4.0,0.0,4.0,0.0,19.0
1274.1055166972458,74.0,4.0,0.0,4.0,0.0,19.0
1274.4055166972457,74.0,4.0,0.0,4.0,0.0,19.0
1274.4063275080566,74.0,4.0,0.0,4.0,0.0,19.0
1274.7063275080566,74.0,4.0,0.0,4.0,0.0,19.0
1274.7071383188675,74.0,4.0,0.0,4.0,0.0,19.0
1275.0071383188674,74.0,4.0,0.0,4.0,0.0,19.0
1275.0079491296783,74.0,4.0,0.0,4.0,0.0,19.0
1275.3079491296783,74.0,4.0,0.0,4.0,0.0,19.0
1275.3087599404892,74.0,4.0,0.0,4.0,0.0,19.0
1275.608759940489,74.0,4.0,0.0,4.0,0.0,19.0
1275.6095707513,74.0,4.0,0.0,4.0,0.0,19.0
1275.9095707513,74.0,4.0,0.0,4.0,0.0,19.0
1275.9103815621108,73.0,4.0,0.0,4.0,0.0,19.0
1276.2103815621108,73.0,4.0,0.0,4.0,0.0,19.0
1276.211203479919,73.0,4.0,0.0,4.0,0.0,19.0
1276.511203479919,73.0,4.0,0.0,4.0,0.0,19.0
1276.5120253977273,73.0,4.0,0.0,4.0,0.0,19.0
1276.8120253977272,73.0,4.0,0.0,4.0,0.0,19.0
1276.8128473155355,73.0,4.0,0.0,4.0,0.0,19.0
1277.1128473155354,73.0,4.0,0.0,4.0,0.0,19.0
1277.1136692333437,73.0,4.0,0.0,4.0,0.0,19.0
1277.4136692333436,73.0,4.0,0.0,4.0,0.0,19.0
1277.4144911511519,73.0,4.0,0.0,4.0,0.0,19.0
1277.7144911511518,73.0,4.0,0.0,4.0,0.0,19.0
1277.71531306896,73.0,4.0,0.0,4.0,0.0,19.0
1278.01531306896,73.0,4.0,0.0,4.0,0.0,19.0
1278.0161349867683,73.0,4.0,0.0,4.0,0.0,19.0
1278.3161349867682,73.0,4.0,0.0,4.0,0.0,19.0
1278.3169569045765,73.0,4.0,0.0,4.0,0.0,19.0
1278.6169569045765,73.0,4.0,0.0,4.0,0.0,19.0
1278.6177788223847,73.0,4.0,0.0,4.0,0.0,19.0
1278.9177788223847,73.0,4.0,0.0,4.0,0.0,19.0
1278.918600740193,73.0,4.0,0.0,4.0,0.0,19.0
1279.2186007401929,73.0,4.0,0.0,4.0,0.0,19.0
1279.2194226580011,73.0,4.0,0.0,4.0,0.0,19.0
1279.519422658001,73.0,4.0,0.0,4.0,0.0,19.0
1279.5202445758093,73.0,4.0,0.0,4.0,0.0,19.0
1279.8202445758093,73.0,4.0,0.0,4.0,0.0,19.0
1279.8210664936175,73.0,4.0,0.0,4.0,0.0,19.0
1280.1210664936175,73.0,4.0,0.0,4.0,0.0,19.0
1280.1218884114257,73.0,4.0,0.0,4.0,0.0,19.0
1280.4218884114257,73.0,4.0,0.0,4.0,0.0,19.0
1280.422710329234,73.0,4.0,0.0,4.0,0.0,19.0
1280.722710329234,73.0,4.0,0.0,4.0,0.0,19.0
1280.7235322470422,73.0,4.0,0.0,4.0,0.0,19.0
1281.023532247042,73.0,4.0,0.0,4.0,0.0,19.0
1281.0243541648504,73.0,4.0,0.0,4.0,0.0,19.0
1281.3243541648503,73.0,4.0,0.0,4.0,0.0,19.0
1281.3251760826586,73.0,4.0,0.0,4.0,0.0,19.0
1281.6251760826585,73.0,4.0,0.0,4.0,0.0,19.0
1281.6259980004668,73.0,4.0,0.0,4.0,0.0,19.0
1281.9259980004667,73.0,4.0,0.0,4.0,0.0,19.0
1281.926819918275,73.0,4.0,0.0,4.0,0.0,19.0
1282.226819918275,73.0,4.0,0.0,4.0,0.0,19.0
1282.2276418360832,73.0,4.0,0.0,4.0,0.0,19.0
1282.5276418360831,73.0,4.0,0.0,4.0,0.0,19.0
1282.5284637538914,73.0,4.0,0.0,4.0,0.0,19.0
1282.8284637538914,73.0,4.0,0.0,4.0,0.0,19.0
1282.8292856716996,73.0,4.0,0.0,4.0,0.0,19.0
1283.1292856716996,73.0,4.0,0.0,4.0,0.0,19.0
1283.1301075895078,73.0,4.0,0.0,4.0,0.0,19.0
1283.4301075895078,73.0,4.0,0.0,4.0,0.0,19.0
1283.430929507316,73.0,4.0,0.0,4.0,0.0,19.0
1283.730929507316,73.0,4.0,0.0,4.0,0.0,19.0
1283.7317514251242,73.0,4.0,0.0,4.0,0.0,19.0
1284.0317514251242,73.0,4.0,0.0,4.0,0.0,19.0
1284.0325733429324,73.0,4.0,0.0,4.0,0.0,19.0
1284.3325733429324,73.0,4.0,0.0,4.0,0.0,19.0
1284.3333952607406,73.0,4.0,0.0,4.0,0.0,19.0
1284.6333952607406,73.0,4.0,0.0,4.0,0.0,19.0
1284.6342171785489,73.0,4.0,0.0,4.0,0.0,19.0
1284.9342171785488,73.0,4.0,0.0,4.0,0.0,19.0
1284.935039096357,73.0,4.0,0.0,4.0,0.0,19.0
1285.235039096357,73.0,4.0,0.0,4.0,0.0,19.0
1285.2358610141653,73.0,4.0,0.0,4.0,0.0,19.0
1285.5358610141652,73.0,4.0,0.0,4.0,0.0,19.0
1285.5366829319735,73.0,4.0,0.0,4.0,0.0,19.0
1285.8366829319734,73.0,4.0,0.0,4.0,0.0,19.0
1285.8375048497817,73.0,4.0,0.0,4.0,0.0,19.0
1286.1375048497816,73.0,4.0,0.0,4.0,0.0,19.0
1286.13832676759,73.0,4.0,0.0,2.0,0.0,20.0
1286.4383267675898,73.0,4.0,0.0,2.0,0.0,20.0
1286.439148685398,73.0,4.0,0.0,2.0,0.0,20.0
1286.739148685398,73.0,4.0,0.0,2.0,0.0,20.0
1286.7399706032063,73.0,4.0,0.0,2.0,0.0,20.0
1287.0399706032063,73.0,4.0,0.0,2.0,0.0,20.0
1287.0407925210145,73.0,4.0,0.0,2.0,0.0,20.0
1287.3407925210145,73.0,4.0,0.0,2.0,0.0,20.0
1287.3416144388227,73.0,4.0,0.0,2.0,0.0,20.0
1287.6416144388227,73.0,4.0,0.0,2.0,0.0,20.0
1287.642436356631,73.0,4.0,0.0,2.0,0.0,20.0
1287.9424363566309,73.0,4.0,0.0,2.0,0.0,20.0
1287.9432582744391,73.0,4.0,0.0,2.0,0.0,20.0
1288.243258274439,73.0,4.0,0.0,2.0,0.0,20.0
1288.2440801922473,73.0,4.0,0.0,2.0,0.0,20.0
1288.5440801922473,73.0,4.0,0.0,2.0,0.0,20.0
1288.5449021100555,73.0,4.0,0.0,2.0,0.0,20.0
1288.8449021100555,73.0,4.0,0.0,2.0,0.0,20.0
1288.8457240278638,73.0,4.0,0.0,2.0,0.0,20.0
1289.1457240278637,73.0,4.0,0.0,2.0,0.0,20.0
1289.146545945672,73.0,4.0,0.0,2.0,0.0,20.0
1289.446545945672,73.0,4.0,0.0,2.0,0.0,20.0
1289.4473678634802,73.0,4.0,0.0,2.0,0.0,20.0
1289.7473678634801,73.0,4.0,0.0,2.0,0.0,20.0
1289.7481897812884,73.0,4.0,0.0,2.0,0.0,20.0
1290.0481897812883,73.0,4.0,0.0,2.0,0.0,20.0
1290.0490116990966,73.0,4.0,0.0,2.0,0.0,20.0
1290.3490116990965,73.0,4.0,0.0,2.0,0.0,20.0
1290.3498336169048,73.0,4.0,0.0,2.0,0.0,20.0
1290.6498336169047,73.0,4.0,0.0,2.0,0.0,20.0
1290.650655534713,73.0,4.0,0.0,2.0,0.0,20.0
1290.950655534713,73.0,4.0,0.0,2.0,0.0,20.0
1290.9514774525212,73.0,4.0,0.0,2.0,0.0,20.0
1291.2514774525212,73.0,4.0,0.0,2.0,0.0,20.0
1291.2522993703294,73.0,4.0,0.0,2.0,0.0,20.0
1291.5522993703294,73.0,4.0,0.0,2.0,0.0,20.0
1291.5531212881376,73.0,4.0,0.0,2.0,0.0,20.0
1291.8531212881376,73.0,4.0,0.0,2.0,0.0,20.0
1291.8539432059458,73.0,4.0,0.0,2.0,0.0,20.0
1292.1539432059458,73.0,4.0,0.0,2.0,0.0,20.0
1292.154765123754,73.0,4.0,0.0,2.0,0.0,20.0
1292.454765123754,73.0,4.0,0.0,2.0,0.0,20.0
1292.4555870415622,73.0,4.0,0.0,2.0,0.0,20.0
1292.7555870415622,73.0,4.0,0.0,2.0,0.0,20.0
1292.7564089593704,73.0,4.0,0.0,2.0,0.0,20.0
1293.0564089593704,73.0,4.0,0.0,2.0,0.0,20.0
1293.0572308771787,73.0,4.0,0.0,2.0,0.0,20.0
1293.3572308771786,73.0,4.0,0.0,2.0,0.0,20.0
1293.3580527949869,73.0,4.0,0.0,2.0,0.0,20.0
1293.6580527949868,73.0,4.0,0.0,2.0,0.0,20.0
1293.658874712795,73.0,4.0,0.0,2.0,0.0,20.0
1293.958874712795,73.0,4.0,0.0,2.0,0.0,20.0
1293.9596966306033,73.0,4.0,0.0,2.0,0.0,20.0
1294.2596966306032,73.0,4.0,0.0,2.0,0.0,20.0
1294.2605185484115,73.0,4.0,0.0,2.0,0.0,20.0
1294.5605185484114,73.0,4.0,0.0,2.0,0.0,20.0
1294.5613404662197,73.0,4.0,0.0,2.0,0.0,20.0
1294.8613404662196,73.0,4.0,0.0,2.0,0.0,20.0
1294.862162384028,73.0,4.0,0.0,2.0,0.0,20.0
1295.1621623840279,73.0,4.0,0.0,2.0,0.0,20.0
1295.162984301836,73.0,4.0,0.0,2.0,0.0,20.0
1295.462984301836,73.0,4.0,0.0,2.0,0.0,20.0
1295.4638062196443,73.0,4.0,0.0,2.0,0.0,20.0
1295.7638062196443,73.0,4.0,0.0,2.0,0.0,20.0
1295.7646281374525,73.0,4.0,0.0,2.0,0.0,20.0
1296.0646281374525,73.0,4.0,0.0,2.0,0.0,20.0
1296.0654500552607,73.0,4.0,0.0,2.0,0.0,20.0
1296.3654500552607,73.0,4.0,0.0,2.0,0.0,20.0
1296.366271973069,73.0,4.0,0.0,2.0,0.0,20.0
1296.666271973069,73.0,4.0,0.0,2.0,0.0,20.0
1296.6670938908771,73.0,4.0,0.0,2.0,0.0,20.0
1296.967093890877,73.0,4.0,0.0,2.0,0.0,20.0
1296.9679158086853,73.0,4.0,0.0,2.0,0.0,20.0
1297.2679158086853,73.0,4.0,0.0,2.0,0.0,20.0
1297.2687377264936,73.0,4.0,0.0,2.0,0.0,20.0
1297.5687377264935,73.0,4.0,0.0,2.0,0.0,20.0
1297.5695596443018,73.0,4.0,0.0,2.0,0.0,20.0
1297.8695596443017,73.0,4.0,0.0,2.0,0.0,20.0
1297.87038156211,73.0,4.0,0.0,2.0,0.0,20.0
1298.17038156211,73.0,4.0,0.0,2.0,0.0,20.0
1298.1712034799182,73.0,4.0,0.0,2.0,0.0,20.0
1298.4712034799181,73.0,4.0,0.0,2.0,0.0,20.0
1298.4720253977264,73.0,4.0,0.0,2.0,0.0,20.0
1298.7720253977263,73.0,4.0,0.0,2.0,0.0,20.0
1298.7728473155346,73.0,4.0,0.0,2.0,0.0,20.0
1299.0728473155345,73.0,4.0,0.0,2.0,0.0,20.0
1299.0736692333428,73.0,4.0,0.0,2.0,0.0,20.0
1299.3736692333428,73.0,4.0,0.0,2.0,0.0,20.0
1299.374491151151,73.0,4.0,0.0,2.0,0.0,20.0
1299.674491151151,73.0,4.0,0.0,2.0,0.0,20.0
1299.6753130689592,73.0,4.0,0.0,2.0,0.0,20.0
1299.9753130689592,73.0,4.0,0.0,2.0,0.0,20.0
1299.9761349867674,73.0,4.0,0.0,2.0,0.0,20.0
1300.2761349867674,73.0,4.0,0.0,2.0,0.0,20.0
1300.2769569045756,73.0,4.0,0.0,2.0,0.0,20.0
1300.5769569045756,73.0,4.0,0.0,2.0,0.0,20.0
1300.5777788223838,73.0,4.0,0.0,2.0,0.0,20.0
1300.8777788223838,73.0,4.0,0.0,2.0,0.0,20.0
1300.878600740192,73.0,4.0,0.0,2.0,0.0,20.0
1301.178600740192,73.0,4.0,0.0,2.0,0.0,20.0
1301.1794226580002,73.0,4.0,0.0,2.0,0.0,20.0
1301.4794226580002,73.0,4.0,0.0,2.0,0.0,20.0
1301.4802445758085,73.0,4.0,0.0,2.0,0.0,20.0
1301.7802445758084,73.0,4.0,0.0,2.0,0.0,20.0
1301.7810664936167,73.0,4.0,0.0,2.0,0.0,20.0
1302.0810664936166,73.0,4.0,0.0,2.0,0.0,20.0
1302.0818884114249,73.0,4.0,0.0,2.0,0.0,20.0
1302.3818884114248,73.0,4.0,0.0,2.0,0.0,20.0
1302.382710329233,73.0,4.0,0.0,2.0,0.0,20.0
1302.682710329233,73.0,4.0,0.0,2.0,0.0,20.0
1302.6835322470413,73.0,4.0,0.0,2.0,0.0,20.0
1302.9835322470412,73.0,4.0,0.0,2.0,0.0,20.0
1302.9843541648495,73.0,4.0,0.0,2.0,0.0,20.0
1303.2843541648494,73.0,4.0,0.0,2.0,0.0,20.0
1303.2851760826577,73.0,4.0,0.0,2.0,0.0,20.0
1303.5851760826577,73.0,4.0,0.0,2.0,0.0,20.0
1303.585998000466,73.0,4.0,0.0,2.0,0.0,20.0
1303.8859980004659,73.0,4.0,0.0,2.0,0.0,20.0
1303.886819918274,73.0,4.0,0.0,2.0,0.0,20.0
1304.186819918274,73.0,4.0,0.0,2.0,0.0,20.0
1304.1876418360823,73.0,4.0,0.0,2.0,0.0,20.0
1304.4876418360823,73.0,4.0,0.0,2.0,0.0,20.0
1304.4884637538905,73.0,4.0,0.0,2.0,0.0,20.0
1304.7884637538905,73.0,4.0,0.0,2.0,0.0,20.0
1304.7892856716987,73.0,4.0,0.0,2.0,0.0,20.0
1305.0892856716987,73.0,4.0,0.0,2.0,0.0,20.0
1305.090107589507,73.0,4.0,0.0,2.0,0.0,20.0
1305.390107589507,73.0,4.0,0.0,2.0,0.0,20.0
1305.3909295073151,73.0,4.0,0.0,2.0,0.0,20.0
1305.690929507315,73.0,4.0,0.0,2.0,0.0,20.0
1305.6917514251234,73.0,4.0,0.0,2.0,0.0,20.0
1305.9917514251233,73.0,4.0,0.0,2.0,0.0,20.0
1305.9925733429316,73.0,4.0,0.0,2.0,0.0,20.0
1306.2925733429315,73.0,4.0,0.0,2.0,0.0,20.0
1306.2933952607398,73.0,4.0,0.0,2.0,0.0,20.0
1306.5933952607397,73.0,4.0,0.0,2.0,0.0,20.0
1306.594217178548,73.0,4.0,0.0,2.0,0.0,20.0
1306.894217178548,73.0,4.0,0.0,2.0,0.0,20.0
1306.8950390963562,73.0,4.0,0.0,2.0,0.0,20.0
1307.1950390963561,73.0,4.0,0.0,2.0,0.0,20.0
1307.1958610141644,73.0,4.0,0.0,2.0,0.0,20.0
1307.4958610141643,73.0,4.0,0.0,2.0,0.0,20.0
1307.4966829319726,73.0,4.0,0.0,2.0,0.0,20.0
1307.7966829319726,73.0,4.0,0.0,2.0,0.0,20.0
1307.7975048497808,73.0,4.0,0.0,2.0,0.0,20.0
1308.0975048497808,73.0,4.0,0.0,2.0,0.0,20.0
1308.098326767589,73.0,4.0,0.0,2.0,0.0,20.0
1308.398326767589,73.0,4.0,0.0,2.0,0.0,20.0
1308.3991486853972,73.0,4.0,0.0,2.0,0.0,20.0
1308.6991486853972,73.0,4.0,0.0,2.0,0.0,20.0
1308.6999706032054,73.0,4.0,0.0,2.0,0.0,20.0
1308.9999706032054,73.0,4.0,0.0,2.0,0.0,20.0
1309.0007925210136,73.0,4.0,0.0,2.0,0.0,20.0
1309.3007925210136,73.0,4.0,0.0,2.0,0.0,20.0
1309.3016144388218,73.0,4.0,0.0,2.0,0.0,20.0
1309.6016144388218,73.0,4.0,0.0,2.0,0.0,20.0
1309.60243635663,73.0,4.0,0.0,2.0,0.0,20.0
1309.90243635663,73.0,4.0,0.0,2.0,0.0,20.0
1309.9032582744383,73.0,4.0,0.0,2.0,0.0,20.0
1310.2032582744382,73.0,4.0,0.0,2.0,0.0,20.0
1310.2040801922465,73.0,4.0,0.0,2.0,0.0,20.0
1310.5040801922464,73.0,4.0,0.0,2.0,0.0,20.0
1310.5049021100547,73.0,4.0,0.0,2.0,0.0,20.0
1310.8049021100546,73.0,4.0,0.0,2.0,0.0,20.0
1310.8057240278629,73.0,4.0,0.0,2.0,0.0,20.0
1311.1057240278628,73.0,4.0,0.0,2.0,0.0,20.0
1311.106545945671,73.0,4.0,0.0,2.0,0.0,20.0
1311.406545945671,73.0,4.0,0.0,2.0,0.0,20.0
1311.4073678634793,73.0,4.0,0.0,2.0,0.0,20.0
1311.7073678634792,73.0,4.0,0.0,2.0,0.0,20.0
1311.7081897812875,73.0,4.0,0.0,2.0,0.0,20.0
1312.0081897812875,73.0,4.0,0.0,2.0,0.0,20.0
1312.0090116990957,73.0,4.0,0.0,2.0,0.0,20.0
1312.3090116990957,73.0,4.0,0.0,2.0,0.0,20.0
1312.309833616904,74.0,4.0,0.0,2.0,0.0,20.0
1312.6098336169039,74.0,4.0,0.0,2.0,0.0,20.0
1312.6106444277148,74.0,4.0,0.0,2.0,0.0,20.0
1312.9106444277147,74.0,4.0,0.0,2.0,0.0,20.0
1312.9114552385256,74.0,4.0,0.0,2.0,0.0,20.0
1313.2114552385256,74.0,4.0,0.0,2.0,0.0,20.0
1313.2122660493364,74.0,4.0,0.0,2.0,0.0,20.0
1313.5122660493364,74.0,4.0,0.0,2.0,0.0,20.0
1313.5130768601473,74.0,4.0,0.0,2.0,0.0,20.0
1313.8130768601472,74.0,4.0,0.0,2.0,0.0,20.0
1313.8138876709581,74.0,4.0,0.0,2.0,0.0,20.0
1314.113887670958,74.0,4.0,0.0,2.0,0.0,20.0
1314.114698481769,74.0,4.0,0.0,2.0,0.0,20.0
1314.414698481769,74.0,4.0,0.0,2.0,0.0,20.0
1314.4155092925798,74.0,4.0,0.0,2.0,0.0,20.0
1314.7155092925798,74.0,4.0,0.0,2.0,0.0,20.0
1314.7163201033907,74.0,4.0,0.0,2.0,0.0,20.0
1315.0163201033906,74.0,4.0,0.0,2.0,0.0,20.0
1315.0171309142015,74.0,4.0,0.0,2.0,0.0,20.0
1315.3171309142015,74.0,4.0,0.0,2.0,0.0,20.0
1315.3179417250124,74.0,4.0,0.0,2.0,0.0,20.0
1315.6179417250123,74.0,4.0,0.0,2.0,0.0,20.0
1315.6187525358232,74.0,4.0,0.0,2.0,0.0,20.0
1315.9187525358232,74.0,4.0,0.0,2.0,0.0,20.0
1315.919563346634,74.0,4.0,0.0,2.0,0.0,20.0
1316.219563346634,74.0,4.0,0.0,2.0,0.0,20.0
1316.220374157445,75.0,4.0,0.0,2.0,0.0,20.0
1316.5203741574448,75.0,4.0,0.0,2.0,0.0,20.0
1316.5211741574449,75.0,4.0,0.0,2.0,0.0,20.0
1316.8211741574448,75.0,4.0,0.0,2.0,0.0,20.0
1316.8219741574449,75.0,4.0,0.0,2.0,0.0,20.0
1317.1219741574448,75.0,4.0,0.0,2.0,0.0,20.0
1317.1227741574448,75.0,4.0,0.0,2.0,0.0,20.0
1317.4227741574448,75.0,4.0,0.0,2.0,0.0,20.0
1317.4235741574448,75.0,4.0,0.0,2.0,0.0,20.0
1317.7235741574448,75.0,4.0,0.0,2.0,0.0,20.0
1317.7243741574448,75.0,4.0,0.0,2.0,0.0,20.0
1318.0243741574448,75.0,4.0,0.0,2.0,0.0,20.0
1318.0251741574448,75.0,4.0,0.0,2.0,0.0,20.0
1318.3251741574447,75.0,4.0,0.0,2.0,0.0,20.0
1318.3259741574448,75.0,4.0,0.0,2.0,0.0,20.0
1318.6259741574447,75.0,4.0,0.0,2.0,0.0,20.0
1318.6267741574447,74.0,4.0,0.0,2.0,0.0,20.0
1318.9267741574447,74.0,4.0,0.0,2.0,0.0,20.0
1318.9275849682556,74.0,4.0,0.0,2.0,0.0,20.0
1319.2275849682555,74.0,4.0,0.0,2.0,0.0,20.0
1319.2283957790664,75.0,4.0,0.0,2.0,0.0,20.0
1319.5283957790664,75.0,4.0,0.0,2.0,0.0,20.0
1319.5291957790664,75.0,4.0,0.0,2.0,0.0,20.0
1319.8291957790664,75.0,4.0,0.0,2.0,0.0,20.0
1319.8299957790664,75.0,4.0,0.0,2.0,0.0,20.0
1320.1299957790663,75.0,4.0,0.0,2.0,0.0,20.0
1320.1307957790664,75.0,4.0,0.0,2.0,0.0,20.0
1320.4307957790663,75.0,4.0,0.0,2.0,0.0,20.0
1320.4315957790664,75.0,4.0,0.0,2.0,0.0,20.0
1320.7315957790663,75.0,4.0,0.0,2.0,0.0,20.0
1320.7323957790663,75.0,4.0,0.0,2.0,0.0,20.0
1321.0323957790663,75.0,4.0,0.0,2.0,0.0,20.0
1321.0331957790663,74.0,4.0,0.0,2.0,0.0,20.0
1321.3331957790663,74.0,4.0,0.0,2.0,0.0,20.0
1321.3340065898772,74.0,4.0,0.0,2.0,0.0,20.0
1321.6340065898771,74.0,4.0,0.0,2.0,0.0,20.0
1321.634817400688,74.0,4.0,0.0,2.0,0.0,20.0
1321.934817400688,74.0,4.0,0.0,2.0,0.0,20.0
1321.9356282114989,74.0,4.0,0.0,2.0,0.0,20.0
1322.2356282114988,74.0,4.0,0.0,2.0,0.0,20.0
1322.2364390223097,74.0,4.0,0.0,2.0,0.0,20.0
1322.5364390223097,74.0,4.0,0.0,2.0,0.0,20.0
1322.5372498331205,74.0,4.0,0.0,2.0,0.0,20.0
1322.8372498331205,74.0,4.0,0.0,2.0,0.0,20.0
1322.8380606439314,74.0,4.0,0.0,2.0,0.0,20.0
1323.1380606439313,74.0,4.0,0.0,2.0,0.0,20.0
1323.1388714547422,74.0,4.0,0.0,2.0,0.0,20.0
1323.4388714547422,74.0,4.0,0.0,2.0,0.0,20.0
1323.439682265553,74.0,4.0,0.0,2.0,0.0,20.0
1323.739682265553,74.0,4.0,0.0,2.0,0.0,20.0
1323.740493076364,74.0,4.0,0.0,2.0,0.0,20.0
1324.0404930763639,74.0,4.0,0.0,2.0,0.0,20.0
1324.0413038871748,74.0,4.0,0.0,2.0,0.0,20.0
1324.3413038871747,74.0,4.0,0.0,2.0,0.0,20.0
1324.3421146979856,74.0,4.0,0.0,2.0,0.0,20.0
1324.6421146979856,74.0,4.0,0.0,2.0,0.0,20.0
1324.6429255087965,74.0,4.0,0.0,2.0,0.0,20.0
1324.9429255087964,74.0,4.0,0.0,2.0,0.0,20.0
1324.9437363196073,74.0,4.0,0.0,2.0,0.0,20.0
1325.2437363196073,74.0,4.0,0.0,2.0,0.0,20.0
1325.2445471304181,74.0,4.0,0.0,2.0,0.0,20.0
1325.544547130418,74.0,4.0,0.0,2.0,0.0,20.0
1325.545357941229,74.0,4.0,0.0,2.0,0.0,20.0
1325.845357941229,74.0,4.0,0.0,2.0,0.0,20.0
1325.8461687520398,74.0,4.0,0.0,2.0,0.0,20.0
1326.1461687520398,74.0,4.0,0.0,2.0,0.0,20.0
1326.1469795628507,74.0,4.0,0.0,2.0,0.0,20.0
1326.4469795628506,74.0,4.0,0.0,2.0,0.0,20.0
1326.4477903736615,74.0,4.0,0.0,2.0,0.0,20.0
1326.7477903736615,74.0,4.0,0.0,2.0,0.0,20.0
1326.7486011844724,74.0,4.0,0.0,2.0,0.0,20.0
1327.0486011844723,74.0,4.0,0.0,2.0,0.0,20.0
1327.0494119952832,74.0,4.0,0.0,2.0,0.0,20.0
1327.3494119952832,74.0,4.0,0.0,2.0,0.0,20.0
1327.350222806094,74.0,4.0,0.0,2.0,0.0,20.0
1327.650222806094,74.0,4.0,0.0,2.0,0.0,20.0
1327.651033616905,74.0,4.0,0.0,2.0,0.0,20.0
1327.9510336169049,74.0,4.0,0.0,2.0,0.0,20.0
1327.9518444277157,74.0,4.0,0.0,2.0,0.0,20.0
1328.2518444277157,74.0,4.0,0.0,2.0,0.0,20.0
1328.2526552385266,74.0,4.0,0.0,2.0,0.0,20.0
1328.5526552385265,74.0,4.0,0.0,2.0,0.0,20.0
1328.5534660493374,74.0,4.0,0.0,2.0,0.0,20.0
1328.8534660493374,74.0,4.0,0.0,2.0,0.0,20.0
1328.8542768601483,74.0,4.0,0.0,2.0,0.0,20.0
1329.1542768601482,74.0,4.0,0.0,2.0,0.0,20.0
1329.1550876709591,74.0,4.0,0.0,2.0,0.0,20.0
1329.455087670959,74.0,4.0,0.0,2.0,0.0,20.0
1329.45589848177,74.0,4.0,0.0,2.0,0.0,20.0
1329.75589848177,74.0,4.0,0.0,2.0,0.0,20.0
1329.7567092925808,74.0,4.0,0.0,2.0,0.0,20.0
1330.0567092925808,74.0,4.0,0.0,2.0,0.0,20.0
1330.0575201033917,74.0,4.0,0.0,2.0,0.0,20.0
1330.3575201033916,74.0,4.0,0.0,2.0,0.0,20.0
1330.3583309142025,74.0,4.0,0.0,2.0,0.0,20.0
1330.6583309142025,74.0,4.0,0.0,2.0,0.0,20.0
1330.6591417250133,74.0,4.0,0.0,2.0,0.0,20.0
1330.9591417250133,74.0,4.0,0.0,2.0,0.0,20.0
1330.9599525358242,74.0,4.0,0.0,2.0,0.0,20.0
1331.2599525358241,74.0,4.0,0.0,2.0,0.0,20.0
1331.260763346635,74.0,4.0,0.0,2.0,0.0,20.0
1331.560763346635,74.0,4.0,0.0,2.0,0.0,20.0
1331.5615741574459,74.0,4.0,0.0,2.0,0.0,20.0
1331.8615741574458,74.0,4.0,0.0,2.0,0.0,20.0
1331.8623849682567,74.0,4.0,0.0,2.0,0.0,20.0
1332.1623849682567,74.0,4.0,0.0,2.0,0.0,20.0
1332.1631957790676,74.0,4.0,0.0,2.0,0.0,20.0
1332.4631957790675,74.0,4.0,0.0,2.0,0.0,20.0
1332.4640065898784,74.0,4.0,0.0,2.0,0.0,20.0
1332.7640065898784,74.0,4.0,0.0,2.0,0.0,20.0
1332.7648174006893,74.0,4.0,0.0,2.0,0.0,20.0
1333.0648174006892,74.0,4.0,0.0,2.0,0.0,20.0
1333.0656282115,74.0,4.0,0.0,2.0,0.0,20.0
1333.3656282115,74.0,4.0,0.0,2.0,0.0,20.0
1333.366439022311,74.0,4.0,0.0,2.0,0.0,20.0
1333.666439022311,74.0,4.0,0.0,2.0,0.0,20.0
1333.6672498331218,74.0,4.0,0.0,2.0,0.0,20.0
1333.9672498331217,74.0,4.0,0.0,2.0,0.0,20.0
1333.9680606439326,74.0,4.0,0.0,2.0,0.0,20.0
1334.2680606439326,74.0,4.0,0.0,2.0,0.0,20.0
1334.2688714547435,74.0,4.0,0.0,2.0,0.0,20.0
1334.5688714547434,74.0,4.0,0.0,2.0,0.0,20.0
1334.5696822655543,74.0,4.0,0.0,2.0,0.0,20.0
1334.8696822655543,74.0,4.0,0.0,2.0,0.0,20.0
1334.8704930763652,74.0,4.0,0.0,2.0,0.0,20.0
1335.1704930763651,74.0,4.0,0.0,2.0,0.0,20.0
1335.171303887176,74.0,4.0,0.0,2.0,0.0,20.0
1335.471303887176,74.0,4.0,0.0,2.0,0.0,20.0
1335.4721146979869,74.0,4.0,0.0,2.0,0.0,20.0
1335.7721146979868,74.0,4.0,0.0,2.0,0.0,20.0
1335.7729255087977,74.0,4.0,0.0,2.0,0.0,20.0
1336.0729255087977,74.0,4.0,0.0,2.0,0.0,20.0
1336.0737363196085,74.0,4.0,0.0,7.0,0.0,20.0
1336.3737363196085,74.0,4.0,0.0,7.0,0.0,20.0
1336.3745471304194,74.0,4.0,0.0,7.0,0.0,20.0
1336.6745471304193,74.0,4.0,0.0,7.0,0.0,20.0
1336.6753579412302,74.0,4.0,0.0,7.0,0.0,20.0
1336.9753579412302,74.0,4.0,0.0,7.0,0.0,20.0
1336.976168752041,74.0,4.0,0.0,7.0,0.0,20.0
1337.276168752041,74.0,4.0,0.0,7.0,0.0,20.0
1337.276979562852,74.0,4.0,0.0,7.0,0.0,20.0
1337.5769795628519,74.0,4.0,0.0,7.0,0.0,20.0
1337.5777903736628,74.0,4.0,0.0,7.0,0.0,20.0
1337.8777903736627,74.0,4.0,0.0,7.0,0.0,20.0
1337.8786011844736,74.0,4.0,0.0,7.0,0.0,20.0
1338.1786011844736,74.0,4.0,0.0,7.0,0.0,20.0
1338.1794119952845,74.0,4.0,0.0,7.0,0.0,20.0
1338.4794119952844,74.0,4.0,0.0,7.0,0.0,20.0
1338.4802228060953,74.0,4.0,0.0,7.0,0.0,20.0
1338.7802228060953,74.0,4.0,0.0,7.0,0.0,20.0
1338.7810336169061,74.0,4.0,0.0,7.0,0.0,20.0
1339.081033616906,74.0,4.0,0.0,7.0,0.0,20.0
1339.081844427717,74.0,4.0,0.0,7.0,0.0,20.0
1339.381844427717,74.0,4.0,0.0,7.0,0.0,20.0
1339.3826552385278,74.0,4.0,0.0,7.0,0.0,20.0
1339.6826552385278,74.0,4.0,0.0,7.0,0.0,20.0
1339.6834660493387,74.0,4.0,0.0,7.0,0.0,20.0
1339.9834660493386,74.0,4.0,0.0,7.0,0.0,20.0
1339.9842768601495,74.0,4.0,0.0,7.0,0.0,20.0
1340.2842768601495,74.0,4.0,0.0,7.0,0.0,20.0
1340.2850876709604,74.0,4.0,0.0,7.0,0.0,20.0
1340.5850876709603,74.0,4.0,0.0,7.0,0.0,20.0
1340.5858984817712,74.0,4.0,0.0,7.0,0.0,20.0
1340.8858984817712,74.0,4.0,0.0,7.0,0.0,20.0
1340.886709292582,74.0,4.0,0.0,7.0,0.0,20.0
1341.186709292582,74.0,4.0,0.0,7.0,0.0,20.0
1341.187520103393,74.0,4.0,0.0,7.0,0.0,20.0
1341.4875201033929,74.0,4.0,0.0,7.0,0.0,20.0
1341.4883309142037,74.0,4.0,0.0,7.0,0.0,20.0
1341.7883309142037,74.0,4.0,0.0,7.0,0.0,20.0
1341.7891417250146,74.0,4.0,0.0,7.0,0.0,20.0
1342.0891417250145,74.0,4.0,0.0,7.0,0.0,20.0
1342.0899525358254,74.0,4.0,0.0,7.0,0.0,20.0
1342.3899525358254,74.0,4.0,0.0,7.0,0.0,20.0
1342.3907633466363,74.0,4.0,0.0,7.0,0.0,20.0
1342.6907633466362,74.0,4.0,0.0,7.0,0.0,20.0
1342.6915741574471,74.0,4.0,0.0,7.0,0.0,20.0
1342.991574157447,74.0,4.0,0.0,7.0,0.0,20.0
1342.992384968258,74.0,4.0,0.0,7.0,0.0,20.0
1343.292384968258,74.0,4.0,0.0,7.0,0.0,20.0
1343.2931957790688,74.0,4.0,0.0,7.0,0.0,20.0
1343.5931957790688,74.0,4.0,0.0,7.0,0.0,20.0
1343.5940065898797,74.0,4.0,0.0,7.0,0.0,20.0
1343.8940065898796,74.0,4.0,0.0,7.0,0.0,20.0
1343.8948174006905,74.0,4.0,0.0,7.0,0.0,20.0
1344.1948174006905,74.0,4.0,0.0,7.0,0.0,20.0
1344.1956282115013,74.0,4.0,0.0,7.0,0.0,20.0
1344.4956282115013,74.0,4.0,0.0,7.0,0.0,20.0
1344.4964390223122,74.0,4.0,0.0,7.0,0.0,20.0
1344.7964390223121,74.0,4.0,0.0,7.0,0.0,20.0
1344.797249833123,74.0,4.0,0.0,7.0,0.0,20.0
1345.097249833123,74.0,4.0,0.0,7.0,0.0,20.0
1345.0980606439339,74.0,4.0,0.0,7.0,0.0,20.0
1345.3980606439338,74.0,4.0,0.0,7.0,0.0,20.0
1345.3988714547447,74.0,4.0,0.0,7.0,0.0,20.0
1345.6988714547447,74.0,4.0,0.0,7.0,0.0,20.0
1345.6996822655556,74.0,4.0,0.0,7.0,0.0,20.0
1345.9996822655555,74.0,4.0,0.0,7.0,0.0,20.0
1346.0004930763664,74.0,4.0,0.0,7.0,0.0,20.0
1346.3004930763664,74.0,4.0,0.0,7.0,0.0,20.0
1346.3013038871773,74.0,4.0,0.0,7.0,0.0,20.0
1346.6013038871772,74.0,4.0,0.0,7.0,0.0,20.0
1346.602114697988,74.0,4.0,0.0,7.0,0.0,20.0
1346.902114697988,74.0,4.0,0.0,7.0,0.0,20.0
1346.902925508799,74.0,4.0,0.0,7.0,0.0,20.0
1347.202925508799,74.0,4.0,0.0,7.0,0.0,20.0
1347.2037363196098,74.0,4.0,0.0,7.0,0.0,20.0
1347.5037363196097,74.0,4.0,0.0,7.0,0.0,20.0
1347.5045471304206,74.0,4.0,0.0,7.0,0.0,20.0
1347.8045471304206,74.0,4.0,0.0,7.0,0.0,20.0
1347.8053579412315,74.0,4.0,0.0,7.0,0.0,20.0
1348.1053579412314,74.0,4.0,0.0,7.0,0.0,20.0
1348.1061687520423,74.0,4.0,0.0,7.0,0.0,20.0
1348.4061687520423,74.0,4.0,0.0,7.0,0.0,20.0
1348.4069795628532,74.0,4.0,0.0,7.0,0.0,20.0
1348.7069795628531,74.0,4.0,0.0,7.0,0.0,20.0
1348.707790373664,74.0,4.0,0.0,7.0,0.0,20.0
1349.007790373664,74.0,4.0,0.0,7.0,0.0,20.0
1349.0086011844749,74.0,4.0,0.0,7.0,0.0,20.0
1349.3086011844748,74.0,4.0,0.0,7.0,0.0,20.0
1349.3094119952857,74.0,4.0,0.0,7.0,0.0,20.0
1349.6094119952857,74.0,4.0,0.0,7.0,0.0,20.0
1349.6102228060965,75.0,4.0,0.0,7.0,0.0,20.0
1349.9102228060965,75.0,4.0,0.0,7.0,0.0,20.0
1349.9110228060965,75.0,4.0,0.0,7.0,0.0,20.0
1350.2110228060965,75.0,4.0,0.0,7.0,0.0,20.0
1350.2118228060965,75.0,4.0,0.0,7.0,0.0,20.0
1350.5118228060965,75.0,4.0,0.0,7.0,0.0,20.0
1350.5126228060965,74.0,4.0,0.0,7.0,0.0,20.0
1350.8126228060964,74.0,4.0,0.0,7.0,0.0,20.0
1350.8134336169073,75.0,4.0,0.0,7.0,0.0,20.0
1351.1134336169073,75.0,4.0,0.0,7.0,0.0,20.0
1351.1142336169073,75.0,4.0,0.0,7.0,0.0,20.0
1351.4142336169073,75.0,4.0,0.0,7.0,0.0,20.0
1351.4150336169073,75.0,4.0,0.0,7.0,0.0,20.0
1351.7150336169072,75.0,4.0,0.0,7.0,0.0,20.0
1351.7158336169073,75.0,4.0,0.0,7.0,0.0,20.0
1352.0158336169072,75.0,4.0,0.0,7.0,0.0,20.0
1352.0166336169073,75.0,4.0,0.0,7.0,0.0,20.0
1352.3166336169072,75.0,4.0,0.0,7.0,0.0,20.0
1352.3174336169072,75.0,4.0,0.0,7.0,0.0,20.0
1352.6174336169072,75.0,4.0,0.0,7.0,0.0,20.0
1352.6182336169072,74.0,4.0,0.0,7.0,0.0,20.0
1352.9182336169072,74.0,4.0,0.0,7.0,0.0,20.0
1352.919044427718,74.0,4.0,0.0,7.0,0.0,20.0
1353.219044427718,74.0,4.0,0.0,7.0,0.0,20.0
1353.219855238529,74.0,4.0,0.0,7.0,0.0,20.0
1353.5198552385289,74.0,4.0,0.0,7.0,0.0,20.0
1353.5206660493398,74.0,4.0,0.0,7.0,0.0,20.0
1353.8206660493397,74.0,4.0,0.0,7.0,0.0,20.0
1353.8214768601506,74.0,4.0,0.0,7.0,0.0,20.0
1354.1214768601506,74.0,4.0,0.0,7.0,0.0,20.0
1354.1222876709614,74.0,4.0,0.0,7.0,0.0,20.0
1354.4222876709614,74.0,4.0,0.0,7.0,0.0,20.0
1354.4230984817723,74.0,4.0,0.0,7.0,0.0,20.0
1354.7230984817722,74.0,4.0,0.0,7.0,0.0,20.0
1354.7239092925831,74.0,4.0,0.0,7.0,0.0,20.0
1355.023909292583,74.0,4.0,0.0,7.0,0.0,20.0
1355.024720103394,74.0,4.0,0.0,7.0,0.0,20.0
1355.324720103394,74.0,4.0,0.0,7.0,0.0,20.0
1355.3255309142048,74.0,4.0,0.0,7.0,0.0,20.0
1355.6255309142048,74.0,4.0,0.0,7.0,0.0,20.0
1355.6263417250157,74.0,4.0,0.0,7.0,0.0,20.0
1355.9263417250156,74.0,4.0,0.0,7.0,0.0,20.0
1355.9271525358265,74.0,4.0,0.0,7.0,0.0,20.0
1356.2271525358265,74.0,4.0,0.0,7.0,0.0,20.0
1356.2279633466374,74.0,4.0,0.0,7.0,0.0,20.0
1356.5279633466373,74.0,4.0,0.0,7.0,0.0,20.0
1356.5287741574482,74.0,4.0,0.0,7.0,0.0,20.0
1356.8287741574482,74.0,4.0,0.0,7.0,0.0,20.0
1356.829584968259,74.0,4.0,0.0,7.0,0.0,20.0
1357.129584968259,74.0,4.0,0.0,7.0,0.0,20.0
1357.1303957790699,74.0,4.0,0.0,7.0,0.0,20.0
1357.4303957790698,74.0,4.0,0.0,7.0,0.0,20.0
1357.4312065898807,74.0,4.0,0.0,7.0,0.0,20.0
1357.7312065898807,74.0,4.0,0.0,7.0,0.0,20.0
1357.7320174006916,74.0,4.0,0.0,7.0,0.0,20.0
1358.0320174006915,74.0,4.0,0.0,7.0,0.0,20.0
1358.0328282115024,74.0,4.0,0.0,7.0,0.0,20.0
1358.3328282115024,74.0,4.0,0.0,7.0,0.0,20.0
1358.3336390223133,74.0,4.0,0.0,7.0,0.0,20.0
1358.6336390223132,74.0,4.0,0.0,7.0,0.0,20.0
1358.634449833124,74.0,4.0,0.0,7.0,0.0,20.0
1358.934449833124,74.0,4.0,0.0,7.0,0.0,20.0
1358.935260643935,74.0,4.0,0.0,7.0,0.0,20.0
1359.235260643935,74.0,4.0,0.0,7.0,0.0,20.0
1359.2360714547458,74.0,4.0,0.0,7.0,0.0,20.0
1359.5360714547458,74.0,4.0,0.0,7.0,0.0,20.0
1359.5368822655566,74.0,4.0,0.0,7.0,0.0,20.0
1359.8368822655566,74.0,4.0,0.0,7.0,0.0,20.0
1359.8376930763675,74.0,4.0,0.0,7.0,0.0,20.0
1360.1376930763674,74.0,4.0,0.0,7.0,0.0,20.0
1360.1385038871783,74.0,4.0,0.0,7.0,0.0,20.0
1360.4385038871783,74.0,4.0,0.0,7.0,0.0,20.0
1360.4393146979892,74.0,4.0,0.0,7.0,0.0,20.0
1360.7393146979891,74.0,4.0,0.0,7.0,0.0,20.0
1360.7401255088,74.0,4.0,0.0,7.0,0.0,20.0
1361.0401255088,74.0,4.0,0.0,7.0,0.0,20.0
1361.0409363196109,74.0,4.0,0.0,7.0,0.0,20.0
1361.3409363196108,74.0,4.0,0.0,7.0,0.0,20.0
1361.3417471304217,74.0,4.0,0.0,7.0,0.0,20.0
1361.6417471304217,74.0,4.0,0.0,7.0,0.0,20.0
1361.6425579412326,74.0,4.0,0.0,7.0,0.0,20.0
1361.9425579412325,74.0,4.0,0.0,7.0,0.0,20.0
1361.9433687520434,74.0,4.0,0.0,7.0,0.0,20.0
1362.2433687520434,74.0,4.0,0.0,7.0,0.0,20.0
1362.2441795628542,74.0,4.0,0.0,7.0,0.0,20.0
1362.5441795628542,74.0,4.0,0.0,7.0,0.0,20.0
1362.544990373665,74.0,4.0,0.0,7.0,0.0,20.0
1362.844990373665,74.0,4.0,0.0,7.0,0.0,20.0
1362.845801184476,74.0,4.0,0.0,7.0,0.0,20.0
1363.1458011844759,74.0,4.0,0.0,7.0,0.0,20.0
1363.1466119952868,74.0,4.0,0.0,7.0,0.0,20.0
1363.4466119952867,74.0,4.0,0.0,7.0,0.0,20.0
1363.4474228060976,74.0,4.0,0.0,7.0,0.0,20.0
1363.7474228060976,74.0,4.0,0.0,7.0,0.0,20.0
1363.7482336169085,74.0,4.0,0.0,5.0,0.0,21.0
1364.0482336169084,74.0,4.0,0.0,5.0,0.0,21.0
1364.0490444277193,74.0,4.0,0.0,5.0,0.0,21.0
1364.3490444277193,74.0,4.0,0.0,5.0,0.0,21.0
1364.3498552385302,74.0,4.0,0.0,5.0,0.0,21.0
1364.64985523853,74.0,4.0,0.0,5.0,0.0,21.0
1364.650666049341,74.0,4.0,0.0,5.0,0.0,21.0
1364.950666049341,74.0,4.0,0.0,5.0,0.0,21.0
1364.9514768601518,74.0,4.0,5.0,5.0,0.0,21.0
1365.2514768601518,74.0,4.0,5.0,5.0,0.0,21.0
1365.2522876709627,74.0,4.0,5.0,5.0,0.0,21.0
1365.5522876709626,74.0,4.0,5.0,5.0,0.0,21.0
1365.5530984817735,74.0,4.0,5.0,5.0,0.0,21.0
1365.8530984817735,74.0,4.0,5.0,5.0,0.0,21.0
1365.8539092925844,74.0,4.0,5.0,5.0,0.0,21.0
1366.1539092925843,74.0,4.0,5.0,5.0,0.0,21.0
1366.1547201033952,74.0,4.0,5.0,5.0,0.0,21.0
1366.4547201033952,74.0,4.0,5.0,5.0,0.0,21.0
1366.455530914206,74.0,4.0,5.0,5.0,0.0,21.0
1366.755530914206,74.0,4.0,5.0,5.0,0.0,21.0
1366.756341725017,74.0,4.0,5.0,5.0,0.0,21.0
1367.0563417250169,74.0,4.0,5.0,5.0,0.0,21.0
1367.0571525358278,74.0,4.0,5.0,5.0,0.0,21.0
1367.3571525358277,74.0,4.0,5.0,5.0,0.0,21.0
1367.3579633466386,74.0,4.0,5.0,5.0,0.0,21.0
1367.6579633466386,74.0,4.0,5.0,5.0,0.0,21.0
1367.6587741574494,74.0,4.0,5.0,5.0,0.0,21.0
1367.9587741574494,74.0,4.0,5.0,5.0,0.0,21.0
1367.9595849682603,74.0,4.0,5.0,5.0,0.0,21.0
1368.2595849682602,74.0,4.0,5.0,5.0,0.0,21.0
1368.2603957790711,74.0,4.0,5.0,5.0,0.0,21.0
1368.560395779071,74.0,4.0,5.0,5.0,0.0,21.0
1368.561206589882,74.0,4.0,5.0,5.0,0.0,21.0
1368.861206589882,74.0,4.0,5.0,5.0,0.0,21.0
1368.8620174006928,74.0,4.0,5.0,5.0,0.0,21.0
1369.1620174006928,74.0,4.0,5.0,5.0,0.0,21.0
1369.1628282115037,74.0,4.0,5.0,5.0,0.0,21.0
1369.4628282115036,74.0,4.0,5.0,5.0,0.0,21.0
1369.4636390223145,74.0,4.0,5.0,5.0,0.0,21.0
1369.7636390223145,74.0,4.0,5.0,5.0,0.0,21.0
1369.7644498331254,74.0,4.0,5.0,5.0,0.0,21.0
1370.0644498331253,74.0,4.0,5.0,5.0,0.0,21.0
1370.0652606439362,74.0,4.0,5.0,5.0,0.0,21.0
1370.3652606439362,74.0,4.0,5.0,5.0,0.0,21.0
1370.366071454747,74.0,4.0,5.0,5.0,0.0,21.0
1370.666071454747,74.0,4.0,5.0,5.0,0.0,21.0
1370.666882265558,74.0,4.0,5.0,5.0,0.0,21.0
1370.9668822655578,74.0,4.0,5.0,5.0,0.0,21.0
1370.9676930763687,74.0,4.0,5.0,5.0,0.0,21.0
1371.2676930763687,74.0,4.0,5.0,5.0,0.0,21.0
1371.2685038871796,74.0,4.0,5.0,5.0,0.0,21.0
1371.5685038871795,74.0,4.0,5.0,5.0,0.0,21.0
1371.5693146979904,74.0,4.0,5.0,5.0,0.0,21.0
1371.8693146979904,74.0,4.0,5.0,5.0,0.0,21.0
1371.8701255088013,74.0,4.0,5.0,5.0,0.0,21.0
1372.1701255088012,74.0,4.0,5.0,5.0,0.0,21.0
1372.170936319612,74.0,4.0,5.0,5.0,0.0,21.0
1372.470936319612,74.0,4.0,5.0,5.0,0.0,21.0
1372.471747130423,74.0,4.0,5.0,5.0,0.0,21.0
1372.771747130423,74.0,4.0,5.0,5.0,0.0,21.0
1372.7725579412338,74.0,4.0,5.0,5.0,0.0,21.0
1373.0725579412338,74.0,4.0,5.0,5.0,0.0,21.0
1373.0733687520446,74.0,4.0,5.0,5.0,0.0,21.0
1373.3733687520446,74.0,4.0,5.0,5.0,0.0,21.0
1373.3741795628555,73.0,4.0,5.0,5.0,0.0,21.0
1373.6741795628554,73.0,4.0,5.0,5.0,0.0,21.0
1373.6750014806637,73.0,4.0,5.0,5.0,0.0,21.0
1373.9750014806636,73.0,4.0,5.0,5.0,0.0,21.0
1373.975823398472,73.0,4.0,5.0,5.0,0.0,21.0
1374.2758233984719,73.0,4.0,5.0,5.0,0.0,21.0
1374.27664531628,73.0,4.0,5.0,5.0,0.0,21.0
1374.57664531628,73.0,4.0,5.0,5.0,0.0,21.0
1374.5774672340883,73.0,4.0,5.0,5.0,0.0,21.0
1374.8774672340883,73.0,4.0,5.0,5.0,0.0,21.0
1374.8782891518965,73.0,4.0,5.0,5.0,0.0,21.0
1375.1782891518965,73.0,4.0,5.0,5.0,0.0,21.0
1375.1791110697047,73.0,4.0,5.0,5.0,0.0,21.0
1375.4791110697047,73.0,4.0,5.0,5.0,0.0,21.0
1375.479932987513,73.0,4.0,5.0,5.0,0.0,21.0
1375.779932987513,73.0,4.0,5.0,5.0,0.0,21.0
1375.7807549053211,73.0,4.0,5.0,5.0,0.0,21.0
1376.080754905321,73.0,4.0,5.0,5.0,0.0,21.0
1376.0815768231294,73.0,4.0,5.0,5.0,0.0,21.0
1376.3815768231293,73.0,4.0,5.0,5.0,0.0,21.0
1376.3823987409376,73.0,4.0,5.0,5.0,0.0,21.0
1376.6823987409375,73.0,4.0,5.0,5.0,0.0,21.0
1376.6832206587458,73.0,4.0,5.0,5.0,0.0,21.0
1376.9832206587457,73.0,4.0,5.0,5.0,0.0,21.0
1376.984042576554,73.0,4.0,5.0,5.0,0.0,21.0
1377.284042576554,73.0,4.0,5.0,5.0,0.0,21.0
1377.2848644943622,73.0,4.0,5.0,5.0,0.0,21.0
1377.5848644943621,73.0,4.0,5.0,5.0,0.0,21.0
1377.5856864121704,73.0,4.0,5.0,5.0,0.0,21.0
1377.8856864121703,73.0,4.0,5.0,5.0,0.0,21.0
1377.8865083299786,73.0,4.0,5.0,5.0,0.0,21.0
1378.1865083299786,73.0,4.0,5.0,5.0,0.0,21.0
1378.1873302477868,73.0,4.0,5.0,5.0,0.0,21.0
1378.4873302477868,73.0,4.0,5.0,5.0,0.0,21.0
1378.488152165595,73.0,4.0,5.0,5.0,0.0,21.0
1378.788152165595,73.0,4.0,5.0,5.0,0.0,21.0
1378.7889740834032,73.0,4.0,5.0,5.0,0.0,21.0
1379.0889740834032,73.0,4.0,5.0,5.0,0.0,21.0
1379.0897960012114,73.0,4.0,5.0,5.0,0.0,21.0
1379.3897960012114,73.0,4.0,5.0,5.0,0.0,21.0
1379.3906179190196,73.0,4.0,5.0,5.0,0.0,21.0
1379.6906179190196,73.0,4.0,5.0,5.0,0.0,21.0
1379.6914398368278,73.0,4.0,5.0,5.0,0.0,21.0
1379.9914398368278,73.0,4.0,5.0,5.0,0.0,21.0
1379.992261754636,73.0,4.0,5.0,5.0,0.0,21.0
1380.292261754636,73.0,4.0,5.0,5.0,0.0,21.0
1380.2930836724443,73.0,4.0,5.0,5.0,0.0,21.0
1380.5930836724442,73.0,4.0,5.0,5.0,0.0,21.0
1380.5939055902525,73.0,4.0,5.0,5.0,0.0,21.0
1380.8939055902524,73.0,4.0,5.0,5.0,0.0,21.0
1380.8947275080607,73.0,4.0,5.0,5.0,0.0,21.0
1381.1947275080606,73.0,4.0,5.0,5.0,0.0,21.0
1381.1955494258689,74.0,4.0,5.0,5.0,0.0,21.0
1381.4955494258688,74.0,4.0,5.0,5.0,0.0,21.0
1381.4963602366797,74.0,4.0,5.0,5.0,0.0,21.0
1381.7963602366797,74.0,4.0,5.0,5.0,0.0,21.0
1381.7971710474906,74.0,4.0,5.0,5.0,0.0,21.0
1382.0971710474905,74.0,4.0,5.0,5.0,0.0,21.0
1382.0979818583014,74.0,4.0,5.0,5.0,0.0,21.0
1382.3979818583014,74.0,4.0,5.0,5.0,0.0,21.0
1382.3987926691123,74.0,4.0,5.0,5.0,0.0,21.0
1382.6987926691122,74.0,4.0,5.0,5.0,0.0,21.0
1382.699603479923,74.0,4.0,3.0,5.0,1.0,21.0
1382.999603479923,74.0,4.0,3.0,5.0,1.0,21.0
1383.000414290734,74.0,4.0,3.0,5.0,1.0,21.0
1383.300414290734,74.0,4.0,3.0,5.0,1.0,21.0
1383.3012251015448,74.0,4.0,3.0,5.0,1.0,21.0
1383.6012251015447,74.0,4.0,3.0,5.0,1.0,21.0
1383.6020359123556,75.0,4.0,3.0,5.0,1.0,21.0
1383.9020359123556,75.0,4.0,3.0,5.0,1.0,21.0
1383.9028359123556,75.0,4.0,3.0,5.0,0.0,21.0
1384.2028359123556,75.0,4.0,3.0,5.0,0.0,21.0
1384.2036359123556,75.0,4.0,3.0,5.0,0.0,21.0
1384.5036359123555,75.0,4.0,3.0,5.0,0.0,21.0
1384.5044359123556,75.0,4.0,3.0,5.0,0.0,21.0
1384.8044359123555,75.0,4.0,3.0,5.0,0.0,21.0
1384.8052359123556,75.0,4.0,3.0,5.0,0.0,21.0
1385.1052359123555,75.0,4.0,3.0,5.0,0.0,21.0
1385.1060359123555,75.0,4.0,3.0,5.0,0.0,21.0
1385.4060359123555,75.0,4.0,3.0,5.0,0.0,21.0
1385.4068359123555,75.0,4.0,3.0,5.0,0.0,21.0
1385.7068359123555,75.0,4.0,3.0,5.0,0.0,21.0
1385.7076359123555,75.0,4.0,3.0,5.0,0.0,21.0
1386.0076359123555,75.0,4.0,3.0,5.0,0.0,21.0
1386.0084359123555,75.0,4.0,3.0,5.0,0.0,21.0
1386.3084359123554,75.0,4.0,3.0,5.0,0.0,21.0
1386.3092359123555,75.0,4.0,3.0,5.0,0.0,21.0
1386.6092359123554,75.0,4.0,3.0,5.0,0.0,21.0
1386.6100359123554,75.0,4.0,3.0,5.0,0.0,21.0
1386.9100359123554,75.0,4.0,3.0,5.0,0.0,21.0
1386.9108359123554,75.0,4.0,3.0,5.0,0.0,21.0
1387.2108359123554,75.0,4.0,3.0,5.0,0.0,21.0
1387.2116359123554,75.0,4.0,3.0,5.0,0.0,21.0
1387.5116359123554,75.0,4.0,3.0,5.0,0.0,21.0
1387.5124359123554,75.0,4.0,3.0,3.0,0.0,22.0
1387.8124359123553,75.0,4.0,3.0,3.0,0.0,22.0
1387.8132359123554,75.0,4.0,3.0,3.0,0.0,22.0
1388.1132359123553,75.0,4.0,3.0,3.0,0.0,22.0
1388.1140359123553,75.0,4.0,3.0,3.0,0.0,22.0
1388.4140359123553,75.0,4.0,3.0,3.0,0.0,22.0
1388.4148359123553,75.0,4.0,3.0,3.0,0.0,22.0
1388.7148359123553,75.0,4.0,3.0,3.0,0.0,22.0
1388.7156359123553,75.0,4.0,3.0,3.0,0.0,22.0
1389.0156359123553,75.0,4.0,3.0,3.0,0.0,22.0
1389.0164359123553,75.0,4.0,3.0,3.0,0.0,22.0
1389.3164359123552,75.0,4.0,3.0,3.0,0.0,22.0
1389.3172359123553,75.0,4.0,3.0,3.0,0.0,22.0
1389.6172359123552,75.0,4.0,3.0,3.0,0.0,22.0
1389.6180359123553,75.0,4.0,3.0,3.0,0.0,22.0
1389.9180359123552,75.0,4.0,3.0,3.0,0.0,22.0
1389.9188359123552,75.0,4.0,3.0,3.0,0.0,22.0
1390.2188359123552,75.0,4.0,3.0,3.0,0.0,22.0
1390.2196359123552,75.0,4.0,3.0,3.0,0.0,22.0
1390.5196359123552,75.0,4.0,3.0,3.0,0.0,22.0
1390.5204359123552,75.0,4.0,3.0,3.0,0.0,22.0
1390.8204359123552,75.0,4.0,3.0,3.0,0.0,22.0
1390.8212359123552,75.0,4.0,3.0,3.0,0.0,22.0
1391.1212359123551,75.0,4.0,3.0,3.0,0.0,22.0
1391.1220359123552,75.0,4.0,3.0,3.0,0.0,22.0
1391.422035912355,75.0,4.0,3.0,3.0,0.0,22.0
1391.4228359123551,75.0,4.0,3.0,3.0,0.0,22.0
1391.722835912355,75.0,4.0,3.0,3.0,0.0,22.0
1391.7236359123551,75.0,4.0,3.0,3.0,0.0,22.0
1392.023635912355,75.0,4.0,3.0,3.0,0.0,22.0
1392.024435912355,75.0,4.0,3.0,3.0,0.0,22.0
1392.324435912355,75.0,4.0,3.0,3.0,0.0,22.0
1392.325235912355,75.0,4.0,3.0,3.0,0.0,22.0
1392.625235912355,75.0,4.0,3.0,3.0,0.0,22.0
1392.626035912355,75.0,4.0,3.0,3.0,0.0,22.0
1392.926035912355,75.0,4.0,3.0,3.0,0.0,22.0
1392.926835912355,75.0,4.0,3.0,3.0,0.0,22.0
1393.226835912355,75.0,4.0,3.0,3.0,0.0,22.0
1393.227635912355,75.0,4.0,3.0,3.0,0.0,22.0
1393.527635912355,75.0,4.0,3.0,3.0,0.0,22.0
1393.528435912355,75.0,4.0,3.0,3.0,0.0,22.0
1393.828435912355,75.0,4.0,3.0,3.0,0.0,22.0
1393.829235912355,75.0,4.0,3.0,3.0,0.0,22.0
1394.129235912355,75.0,4.0,3.0,3.0,0.0,22.0
1394.130035912355,75.0,4.0,3.0,3.0,0.0,22.0
1394.430035912355,75.0,4.0,3.0,3.0,0.0,22.0
1394.430835912355,75.0,4.0,3.0,3.0,0.0,22.0
1394.730835912355,75.0,4.0,3.0,3.0,0.0,22.0
1394.731635912355,75.0,4.0,3.0,3.0,0.0,22.0
1395.031635912355,75.0,4.0,3.0,3.0,0.0,22.0
1395.032435912355,75.0,4.0,3.0,3.0,0.0,22.0
1395.3324359123549,75.0,4.0,3.0,3.0,0.0,22.0
1395.333235912355,75.0,4.0,3.0,3.0,0.0,22.0
1395.6332359123548,75.0,4.0,3.0,3.0,0.0,22.0
1395.6340359123549,75.0,4.0,3.0,3.0,0.0,22.0
1395.9340359123548,75.0,4.0,3.0,3.0,0.0,22.0
1395.9348359123549,75.0,4.0,3.0,3.0,0.0,22.0
1396.2348359123548,75.0,4.0,3.0,3.0,0.0,22.0
1396.2356359123548,75.0,4.0,3.0,3.0,0.0,22.0
1396.5356359123548,75.0,4.0,3.0,3.0,0.0,22.0
1396.5364359123548,75.0,4.0,3.0,3.0,0.0,22.0
1396.8364359123548,75.0,4.0,3.0,3.0,0.0,22.0
1396.8372359123548,75.0,4.0,3.0,3.0,0.0,22.0
1397.1372359123548,75.0,4.0,3.0,3.0,0.0,22.0
1397.1380359123548,75.0,4.0,3.0,3.0,0.0,22.0
1397.4380359123547,75.0,4.0,3.0,3.0,0.0,22.0
1397.4388359123548,75.0,4.0,3.0,3.0,0.0,22.0
1397.7388359123547,75.0,4.0,3.0,3.0,0.0,22.0
1397.7396359123547,75.0,4.0,3.0,3.0,0.0,22.0
1398.0396359123547,75.0,4.0,3.0,3.0,0.0,22.0
1398.0404359123547,75.0,4.0,3.0,3.0,0.0,22.0
1398.3404359123547,75.0,4.0,3.0,3.0,0.0,22.0
1398.3412359123547,75.0,4.0,3.0,3.0,0.0,22.0
1398.6412359123547,75.0,4.0,3.0,3.0,0.0,22.0
1398.6420359123547,75.0,4.0,3.0,3.0,0.0,22.0
1398.9420359123546,75.0,4.0,3.0,3.0,0.0,22.0
1398.9428359123547,75.0,4.0,3.0,3.0,0.0,22.0
1399.2428359123546,75.0,4.0,3.0,3.0,0.0,22.0
1399.2436359123546,75.0,4.0,3.0,3.0,0.0,22.0
1399.5436359123546,75.0,4.0,3.0,3.0,0.0,22.0
1399.5444359123546,75.0,4.0,3.0,3.0,0.0,22.0
1399.8444359123546,75.0,4.0,3.0,3.0,0.0,22.0
1399.8452359123546,75.0,4.0,3.0,3.0,0.0,22.0
1400.1452359123546,75.0,4.0,3.0,3.0,0.0,22.0
1400.1460359123546,75.0,4.0,3.0,3.0,0.0,22.0
1400.4460359123545,75.0,4.0,3.0,3.0,0.0,22.0
1400.4468359123546,75.0,4.0,3.0,3.0,0.0,22.0
1400.7468359123545,75.0,4.0,3.0,3.0,0.0,22.0
1400.7476359123546,75.0,4.0,3.0,3.0,0.0,22.0
1401.0476359123545,75.0,4.0,3.0,3.0,0.0,22.0
1401.0484359123545,75.0,4.0,3.0,3.0,0.0,22.0
1401.3484359123545,75.0,4.0,3.0,3.0,0.0,22.0
1401.3492359123545,75.0,4.0,3.0,3.0,0.0,22.0
1401.6492359123545,75.0,4.0,3.0,3.0,0.0,22.0
1401.6500359123545,75.0,4.0,3.0,3.0,0.0,22.0
1401.9500359123545,75.0,4.0,3.0,3.0,0.0,22.0
1401.9508359123545,75.0,4.0,3.0,3.0,0.0,22.0
1402.2508359123544,75.0,4.0,3.0,3.0,0.0,22.0
1402.2516359123545,75.0,4.0,3.0,3.0,0.0,22.0
1402.5516359123544,75.0,4.0,3.0,3.0,0.0,22.0
1402.5524359123544,75.0,4.0,3.0,3.0,0.0,22.0
1402.8524359123544,75.0,4.0,3.0,3.0,0.0,22.0
1402.8532359123544,75.0,4.0,3.0,3.0,0.0,22.0
1403.1532359123544,75.0,4.0,3.0,3.0,0.0,22.0
1403.1540359123544,75.0,4.0,3.0,3.0,0.0,22.0
1403.4540359123544,75.0,4.0,3.0,3.0,0.0,22.0
1403.4548359123544,75.0,4.0,3.0,3.0,0.0,22.0
1403.7548359123543,75.0,4.0,3.0,3.0,0.0,22.0
1403.7556359123544,75.0,4.0,3.0,3.0,0.0,22.0
1404.0556359123543,75.0,4.0,3.0,3.0,0.0,22.0
1404.0564359123543,75.0,4.0,3.0,3.0,0.0,22.0
1404.3564359123543,75.0,4.0,3.0,3.0,0.0,22.0
1404.3572359123543,75.0,4.0,3.0,3.0,0.0,22.0
1404.6572359123543,75.0,4.0,3.0,3.0,0.0,22.0
1404.6580359123543,75.0,4.0,3.0,3.0,0.0,22.0
1404.9580359123543,75.0,4.0,3.0,3.0,0.0,22.0
1404.9588359123543,75.0,4.0,3.0,3.0,0.0,22.0
1405.2588359123542,75.0,4.0,3.0,3.0,0.0,22.0
1405.2596359123543,76.0,4.0,3.0,3.0,0.0,22.0
1405.5596359123542,76.0,4.0,3.0,3.0,0.0,22.0
1405.5604253860383,76.0,4.0,3.0,3.0,0.0,22.0
1405.8604253860383,76.0,4.0,3.0,3.0,0.0,22.0
1405.8612148597224,76.0,4.0,3.0,3.0,0.0,22.0
1406.1612148597223,76.0,4.0,3.0,3.0,0.0,22.0
1406.1620043334065,77.0,4.0,3.0,3.0,0.0,22.0
1406.4620043334064,77.0,4.0,3.0,3.0,0.0,22.0
1406.4627835541855,77.0,4.0,3.0,3.0,0.0,22.0
1406.7627835541855,77.0,4.0,3.0,3.0,0.0,22.0
1406.7635627749646,77.0,4.0,3.0,3.0,0.0,22.0
1407.0635627749646,77.0,4.0,3.0,3.0,0.0,22.0
1407.0643419957437,77.0,4.0,3.0,3.0,0.0,22.0
1407.3643419957436,77.0,4.0,3.0,3.0,0.0,22.0
1407.3651212165228,77.0,4.0,3.0,3.0,0.0,22.0
1407.6651212165227,77.0,4.0,3.0,3.0,0.0,22.0
1407.6659004373018,77.0,4.0,3.0,3.0,0.0,22.0
1407.9659004373018,77.0,4.0,3.0,3.0,0.0,22.0
1407.966679658081,77.0,4.0,3.0,3.0,0.0,22.0
1408.2666796580809,77.0,4.0,3.0,3.0,0.0,22.0
1408.26745887886,77.0,4.0,3.0,3.0,0.0,22.0
1408.56745887886,77.0,4.0,3.0,3.0,0.0,22.0
1408.568238099639,77.0,4.0,3.0,3.0,0.0,22.0
1408.868238099639,77.0,4.0,3.0,3.0,0.0,22.0
1408.8690173204182,77.0,4.0,3.0,3.0,0.0,22.0
1409.169017320418,77.0,4.0,3.0,3.0,0.0,22.0
1409.1697965411972,77.0,4.0,3.0,3.0,0.0,22.0
1409.4697965411972,77.0,4.0,3.0,3.0,0.0,22.0
1409.4705757619763,77.0,4.0,3.0,3.0,0.0,22.0
1409.7705757619763,77.0,4.0,3.0,3.0,0.0,22.0
1409.7713549827554,77.0,4.0,3.0,3.0,0.0,22.0
1410.0713549827553,77.0,4.0,3.0,3.0,0.0,22.0
1410.0721342035345,77.0,4.0,3.0,3.0,0.0,22.0
1410.3721342035344,77.0,4.0,3.0,3.0,0.0,22.0
1410.3729134243135,77.0,4.0,3.0,3.0,0.0,22.0
1410.6729134243135,77.0,4.0,3.0,3.0,0.0,22.0
1410.6736926450926,77.0,4.0,3.0,3.0,0.0,22.0
1410.9736926450926,77.0,4.0,3.0,3.0,0.0,22.0
1410.9744718658717,77.0,4.0,3.0,3.0,0.0,22.0
1411.2744718658716,77.0,4.0,3.0,3.0,0.0,22.0
1411.2752510866508,77.0,4.0,3.0,3.0,0.0,22.0
1411.5752510866507,77.0,4.0,3.0,3.0,0.0,22.0
1411.5760303074298,77.0,4.0,3.0,3.0,0.0,22.0
1411.8760303074298,77.0,4.0,3.0,3.0,0.0,22.0
1411.876809528209,77.0,4.0,3.0,3.0,0.0,22.0
1412.1768095282089,77.0,4.0,3.0,3.0,0.0,22.0
1412.177588748988,77.0,4.0,3.0,3.0,0.0,22.0
1412.477588748988,77.0,4.0,3.0,3.0,0.0,22.0
1412.478367969767,77.0,4.0,3.0,3.0,0.0,22.0
1412.778367969767,77.0,4.0,3.0,3.0,0.0,22.0
1412.7791471905462,77.0,4.0,3.0,3.0,0.0,22.0
1413.079147190546,77.0,4.0,3.0,3.0,0.0,22.0
1413.0799264113252,77.0,4.0,3.0,3.0,0.0,22.0
1413.3799264113252,77.0,4.0,3.0,3.0,0.0,22.0
1413.3807056321043,77.0,4.0,3.0,3.0,0.0,22.0
1413.6807056321043,77.0,4.0,3.0,3.0,0.0,22.0
1413.6814848528834,77.0,4.0,3.0,3.0,0.0,22.0
1413.9814848528833,77.0,4.0,3.0,3.0,0.0,22.0
1413.9822640736625,77.0,4.0,3.0,3.0,0.0,22.0
1414.2822640736624,77.0,4.0,3.0,3.0,0.0,22.0
1414.2830432944415,77.0,4.0,3.0,3.0,0.0,22.0
1414.5830432944415,77.0,4.0,3.0,3.0,0.0,22.0
1414.5838225152206,77.0,4.0,3.0,3.0,0.0,22.0
1414.8838225152206,77.0,4.0,3.0,3.0,0.0,22.0
1414.8846017359997,77.0,4.0,3.0,3.0,0.0,22.0
1415.1846017359996,77.0,4.0,3.0,3.0,0.0,22.0
1415.1853809567788,77.0,4.0,3.0,3.0,0.0,22.0
1415.4853809567787,77.0,4.0,3.0,3.0,0.0,22.0
1415.4861601775578,77.0,4.0,3.0,3.0,0.0,22.0
1415.7861601775578,77.0,4.0,3.0,3.0,0.0,22.0
1415.786939398337,77.0,4.0,3.0,3.0,0.0,22.0
1416.0869393983369,77.0,4.0,3.0,3.0,0.0,22.0
1416.087718619116,77.0,4.0,3.0,3.0,0.0,22.0
1416.387718619116,77.0,4.0,3.0,3.0,0.0,22.0
1416.388497839895,77.0,4.0,3.0,3.0,0.0,22.0
1416.688497839895,77.0,4.0,3.0,3.0,0.0,22.0
1416.6892770606742,77.0,4.0,3.0,3.0,0.0,22.0
1416.989277060674,77.0,4.0,3.0,3.0,0.0,22.0
1416.9900562814532,77.0,4.0,3.0,3.0,0.0,22.0
1417.2900562814532,77.0,4.0,3.0,3.0,0.0,22.0
1417.2908355022323,77.0,4.0,3.0,3.0,0.0,22.0
1417.5908355022323,77.0,4.0,3.0,3.0,0.0,22.0
1417.5916147230114,77.0,4.0,3.0,3.0,0.0,22.0
1417.8916147230113,77.0,4.0,3.0,3.0,0.0,22.0
1417.8923939437905,77.0,4.0,3.0,3.0,0.0,22.0
1418.1923939437904,77.0,4.0,3.0,3.0,0.0,22.0
1418.1931731645695,77.0,4.0,3.0,3.0,0.0,22.0
1418.4931731645695,77.0,4.0,3.0,3.0,0.0,22.0
1418.4939523853486,77.0,4.0,3.0,3.0,0.0,22.0
1418.7939523853486,77.0,4.0,3.0,3.0,0.0,22.0
1418.7947316061277,77.0,4.0,3.0,3.0,0.0,22.0
1419.0947316061277,77.0,4.0,3.0,3.0,0.0,22.0
1419.0955108269068,77.0,4.0,3.0,3.0,0.0,22.0
1419.3955108269067,77.0,4.0,3.0,3.0,0.0,22.0
1419.3962900476859,77.0,4.0,3.0,3.0,0.0,22.0
1419.6962900476858,77.0,4.0,3.0,3.0,0.0,22.0
1419.697069268465,77.0,4.0,3.0,3.0,0.0,22.0
1419.9970692684649,77.0,4.0,3.0,3.0,0.0,22.0
1419.997848489244,77.0,4.0,3.0,3.0,0.0,22.0
1420.297848489244,77.0,4.0,3.0,3.0,0.0,22.0
1420.298627710023,77.0,4.0,3.0,3.0,0.0,22.0
1420.598627710023,77.0,4.0,3.0,3.0,0.0,22.0
1420.5994069308022,77.0,4.0,3.0,3.0,0.0,22.0
1420.8994069308021,77.0,4.0,3.0,3.0,0.0,22.0
1420.9001861515812,77.0,4.0,3.0,3.0,0.0,22.0
1421.2001861515812,77.0,4.0,3.0,3.0,0.0,22.0
1421.2009653723603,77.0,4.0,3.0,3.0,0.0,22.0
1421.5009653723603,77.0,4.0,3.0,3.0,0.0,22.0
1421.5017445931394,77.0,4.0,3.0,3.0,0.0,22.0
1421.8017445931393,77.0,4.0,3.0,3.0,0.0,22.0
1421.8025238139185,77.0,4.0,3.0,3.0,0.0,22.0
1422.1025238139184,77.0,4.0,3.0,3.0,0.0,22.0
1422.1033030346975,77.0,4.0,3.0,3.0,0.0,22.0
1422.4033030346975,77.0,4.0,3.0,3.0,0.0,22.0
1422.4040822554766,77.0,4.0,3.0,3.0,0.0,22.0
1422.7040822554766,77.0,4.0,3.0,3.0,0.0,22.0
1422.7048614762557,77.0,4.0,3.0,3.0,0.0,22.0
1423.0048614762557,77.0,4.0,3.0,3.0,0.0,22.0
1423.0056406970348,77.0,4.0,3.0,3.0,0.0,22.0
1423.3056406970347,77.0,4.0,3.0,3.0,0.0,22.0
1423.3064199178139,77.0,4.0,3.0,3.0,0.0,22.0
1423.6064199178138,77.0,4.0,3.0,3.0,0.0,22.0
1423.607199138593,77.0,4.0,3.0,3.0,0.0,22.0
1423.907199138593,77.0,4.0,3.0,3.0,0.0,22.0
1423.907978359372,77.0,4.0,3.0,3.0,0.0,22.0
1424.207978359372,77.0,4.0,3.0,3.0,0.0,22.0
1424.208757580151,77.0,4.0,3.0,3.0,0.0,22.0
1424.508757580151,77.0,4.0,3.0,3.0,0.0,22.0
1424.5095368009302,77.0,4.0,3.0,3.0,0.0,22.0
1424.8095368009301,77.0,4.0,3.0,3.0,0.0,22.0
1424.8103160217092,77.0,4.0,3.0,3.0,0.0,22.0
1425.1103160217092,77.0,4.0,3.0,3.0,0.0,22.0
1425.1110952424883,77.0,4.0,3.0,1.0,0.0,23.0
1425.4110952424883,77.0,4.0,3.0,1.0,0.0,23.0
1425.4118744632674,77.0,4.0,3.0,1.0,0.0,23.0
1425.7118744632673,77.0,4.0,3.0,1.0,0.0,23.0
1425.7126536840465,77.0,4.0,3.0,1.0,0.0,23.0
1426.0126536840464,77.0,4.0,3.0,1.0,0.0,23.0
1426.0134329048255,77.0,4.0,3.0,1.0,0.0,23.0
1426.3134329048255,77.0,4.0,3.0,1.0,0.0,23.0
1426.3142121256046,77.0,4.0,3.0,1.0,0.0,23.0
1426.6142121256046,77.0,4.0,3.0,1.0,0.0,23.0
1426.6149913463837,77.0,4.0,3.0,1.0,0.0,23.0
1426.9149913463837,77.0,4.0,3.0,1.0,0.0,23.0
1426.9157705671628,77.0,4.0,3.0,1.0,0.0,23.0
1427.2157705671627,77.0,4.0,3.0,1.0,0.0,23.0
1427.2165497879419,77.0,4.0,3.0,1.0,0.0,23.0
1427.5165497879418,77.0,4.0,3.0,1.0,0.0,23.0
1427.517329008721,77.0,4.0,3.0,1.0,0.0,23.0
1427.817329008721,77.0,4.0,3.0,1.0,0.0,23.0
1427.8181082295,77.0,4.0,3.0,1.0,0.0,23.0
1428.1181082295,77.0,4.0,3.0,1.0,0.0,23.0
1428.118887450279,77.0,4.0,3.0,1.0,0.0,23.0
1428.418887450279,77.0,4.0,3.0,1.0,0.0,23.0
1428.4196666710582,77.0,4.0,3.0,1.0,0.0,23.0
1428.7196666710581,77.0,4.0,3.0,1.0,0.0,23.0
1428.7204458918372,77.0,4.0,3.0,1.0,0.0,23.0
1429.0204458918372,77.0,4.0,3.0,1.0,0.0,23.0
1429.0212251126163,77.0,4.0,3.0,1.0,0.0,23.0
1429.3212251126163,77.0,4.0,3.0,1.0,0.0,23.0
1429.3220043333954,77.0,4.0,3.0,1.0,0.0,23.0
1429.6220043333954,77.0,4.0,3.0,1.0,0.0,23.0
1429.6227835541745,77.0,4.0,3.0,1.0,0.0,23.0
1429.9227835541744,77.0,4.0,3.0,1.0,0.0,23.0
1429.9235627749536,77.0,4.0,3.0,1.0,0.0,23.0
1430.2235627749535,77.0,4.0,3.0,1.0,0.0,23.0
1430.2243419957326,77.0,4.0,3.0,1.0,0.0,23.0
1430.5243419957326,77.0,4.0,3.0,1.0,0.0,23.0
1430.5251212165117,77.0,4.0,3.0,1.0,0.0,23.0
1430.8251212165117,77.0,4.0,3.0,1.0,0.0,23.0
1430.8259004372908,77.0,4.0,3.0,1.0,0.0,23.0
1431.1259004372907,77.0,4.0,3.0,1.0,0.0,23.0
1431.1266796580699,77.0,4.0,3.0,1.0,0.0,23.0
1431.4266796580698,77.0,4.0,3.0,1.0,0.0,23.0
1431.427458878849,77.0,4.0,3.0,1.0,0.0,23.0
1431.727458878849,77.0,4.0,3.0,1.0,0.0,23.0
1431.728238099628,77.0,4.0,3.0,1.0,0.0,23.0
1432.028238099628,77.0,4.0,3.0,1.0,0.0,23.0
1432.029017320407,77.0,4.0,3.0,1.0,0.0,23.0
1432.329017320407,77.0,4.0,3.0,1.0,0.0,23.0
1432.3297965411862,77.0,4.0,3.0,1.0,0.0,23.0
1432.6297965411861,77.0,4.0,3.0,1.0,0.0,23.0
1432.6305757619652,77.0,4.0,3.0,1.0,0.0,23.0
1432.9305757619652,77.0,4.0,3.0,1.0,0.0,23.0
1432.9313549827443,77.0,4.0,3.0,1.0,0.0,23.0
1433.2313549827443,77.0,4.0,3.0,1.0,0.0,23.0
1433.2321342035234,77.0,4.0,3.0,1.0,0.0,23.0
1433.5321342035234,77.0,4.0,3.0,1.0,0.0,23.0
1433.5329134243025,77.0,4.0,3.0,1.0,0.0,23.0
1433.8329134243024,77.0,4.0,3.0,1.0,0.0,23.0
1433.8336926450816,77.0,4.0,3.0,1.0,0.0,23.0
1434.1336926450815,77.0,4.0,3.0,1.0,0.0,23.0
1434.1344718658606,77.0,4.0,3.0,1.0,0.0,23.0
1434.4344718658606,77.0,4.0,3.0,1.0,0.0,23.0
1434.4352510866397,77.0,4.0,3.0,1.0,0.0,23.0
1434.7352510866397,77.0,4.0,3.0,1.0,0.0,23.0
1434.7360303074188,77.0,4.0,3.0,1.0,0.0,23.0
1435.0360303074187,77.0,4.0,3.0,1.0,0.0,23.0
1435.0368095281979,77.0,4.0,3.0,1.0,0.0,23.0
1435.3368095281978,77.0,4.0,3.0,1.0,0.0,23.0
1435.337588748977,77.0,4.0,3.0,1.0,0.0,23.0
1435.637588748977,77.0,4.0,3.0,1.0,0.0,23.0
1435.638367969756,77.0,4.0,3.0,1.0,0.0,23.0
1435.938367969756,77.0,4.0,3.0,1.0,0.0,23.0
1435.939147190535,77.0,4.0,3.0,1.0,0.0,23.0
1436.239147190535,77.0,4.0,3.0,1.0,0.0,23.0
1436.2399264113142,77.0,4.0,3.0,1.0,0.0,23.0
1436.5399264113141,77.0,4.0,3.0,1.0,0.0,23.0
1436.5407056320932,77.0,4.0,3.0,1.0,0.0,23.0
1436.8407056320932,77.0,4.0,3.0,1.0,0.0,23.0
1436.8414848528723,78.0,4.0,3.0,1.0,0.0,23.0
1437.1414848528723,78.0,4.0,3.0,1.0,0.0,23.0
1437.1422540836415,78.0,4.0,3.0,1.0,0.0,23.0
1437.4422540836415,78.0,4.0,3.0,1.0,0.0,23.0
1437.4430233144108,78.0,4.0,3.0,1.0,0.0,23.0
1437.7430233144107,78.0,4.0,3.0,1.0,0.0,23.0
1437.74379254518,78.0,4.0,3.0,1.0,0.0,23.0
1438.04379254518,78.0,4.0,3.0,1.0,0.0,23.0
1438.0445617759492,78.0,4.0,3.0,1.0,0.0,23.0
1438.3445617759492,78.0,4.0,3.0,1.0,0.0,23.0
1438.3453310067184,77.0,4.0,3.0,1.0,0.0,23.0
1438.6453310067184,77.0,4.0,3.0,1.0,0.0,23.0
1438.6461102274975,76.0,4.0,3.0,1.0,0.0,23.0
1438.9461102274975,76.0,4.0,3.0,1.0,0.0,23.0
1438.9468997011816,76.0,4.0,3.0,1.0,0.0,23.0
1439.2468997011815,76.0,4.0,3.0,1.0,0.0,23.0
1439.2476891748656,76.0,4.0,3.0,1.0,0.0,23.0
1439.5476891748656,76.0,4.0,3.0,1.0,0.0,23.0
1439.5484786485497,76.0,4.0,3.0,1.0,0.0,23.0
1439.8484786485496,76.0,4.0,3.0,1.0,0.0,23.0
1439.8492681222338,76.0,4.0,3.0,1.0,0.0,23.0
1440.1492681222337,76.0,4.0,3.0,1.0,0.0,23.0
1440.1500575959178,76.0,4.0,3.0,1.0,0.0,23.0
1440.4500575959178,76.0,4.0,3.0,1.0,0.0,23.0
1440.4508470696019,76.0,4.0,3.0,1.0,0.0,23.0
1440.7508470696018,76.0,4.0,3.0,1.0,0.0,23.0
1440.751636543286,76.0,4.0,3.0,1.0,0.0,23.0
1441.051636543286,76.0,4.0,3.0,1.0,0.0,23.0
1441.05242601697,76.0,4.0,3.0,1.0,0.0,23.0
1441.35242601697,76.0,4.0,3.0,1.0,0.0,23.0
1441.353215490654,76.0,4.0,3.0,1.0,0.0,23.0
1441.653215490654,76.0,4.0,3.0,1.0,0.0,23.0
1441.6540049643381,76.0,4.0,3.0,1.0,0.0,23.0
1441.954004964338,76.0,4.0,3.0,1.0,0.0,23.0
1441.9547944380222,76.0,4.0,3.0,1.0,0.0,23.0
1442.2547944380221,76.0,4.0,3.0,1.0,0.0,23.0
1442.2555839117063,76.0,4.0,3.0,1.0,0.0,23.0
1442.5555839117062,76.0,4.0,3.0,1.0,0.0,23.0
1442.5563733853903,76.0,4.0,3.0,1.0,0.0,23.0
1442.8563733853903,76.0,4.0,3.0,1.0,0.0,23.0
1442.8571628590744,76.0,4.0,3.0,1.0,0.0,23.0
1443.1571628590743,76.0,4.0,3.0,1.0,0.0,23.0
1443.1579523327584,76.0,4.0,3.0,1.0,0.0,23.0
1443.4579523327584,76.0,4.0,3.0,1.0,0.0,23.0
1443.4587418064425,76.0,4.0,3.0,1.0,0.0,23.0
1443.7587418064425,76.0,4.0,3.0,1.0,0.0,23.0
1443.7595312801266,76.0,4.0,3.0,1.0,0.0,23.0
1444.0595312801265,76.0,4.0,3.0,1.0,0.0,23.0
1444.0603207538106,76.0,4.0,3.0,1.0,0.0,23.0
1444.3603207538106,76.0,4.0,3.0,1.0,0.0,23.0
1444.3611102274947,76.0,4.0,3.0,1.0,0.0,23.0
1444.6611102274946,76.0,4.0,3.0,1.0,0.0,23.0
1444.6618997011788,76.0,4.0,3.0,1.0,0.0,23.0
1444.9618997011787,76.0,4.0,3.0,1.0,0.0,23.0
1444.9626891748628,76.0,4.0,3.0,1.0,0.0,23.0
1445.2626891748628,76.0,4.0,3.0,1.0,0.0,23.0
1445.2634786485469,76.0,4.0,3.0,1.0,0.0,23.0
1445.5634786485468,76.0,4.0,3.0,1.0,0.0,23.0
1445.564268122231,76.0,4.0,3.0,1.0,0.0,23.0
1445.864268122231,76.0,4.0,3.0,1.0,0.0,23.0
1445.865057595915,76.0,4.0,3.0,1.0,0.0,23.0
1446.165057595915,76.0,4.0,3.0,1.0,0.0,23.0
1446.165847069599,76.0,4.0,3.0,1.0,0.0,23.0
1446.465847069599,76.0,4.0,3.0,1.0,0.0,23.0
1446.4666365432831,76.0,4.0,3.0,1.0,0.0,23.0
1446.766636543283,76.0,4.0,3.0,1.0,0.0,23.0
1446.7674260169672,77.0,4.0,3.0,1.0,0.0,23.0
1447.0674260169671,77.0,4.0,3.0,1.0,0.0,23.0
1447.0682052377463,77.0,4.0,3.0,1.0,0.0,23.0
1447.3682052377462,77.0,4.0,3.0,1.0,0.0,23.0
1447.3689844585253,77.0,4.0,3.0,1.0,0.0,23.0
1447.6689844585253,77.0,4.0,3.0,1.0,0.0,23.0
1447.6697636793044,77.0,4.0,3.0,1.0,0.0,23.0
1447.9697636793044,77.0,4.0,3.0,1.0,0.0,23.0
1447.9705429000835,77.0,4.0,3.0,1.0,0.0,23.0
1448.2705429000835,77.0,4.0,3.0,1.0,0.0,23.0
1448.2713221208626,77.0,4.0,3.0,1.0,0.0,23.0
1448.5713221208625,77.0,4.0,3.0,1.0,0.0,23.0
1448.5721013416417,77.0,4.0,3.0,1.0,0.0,23.0
1448.8721013416416,77.0,4.0,3.0,1.0,0.0,23.0
1448.8728805624207,77.0,4.0,3.0,1.0,0.0,23.0
1449.1728805624207,77.0,4.0,3.0,1.0,0.0,23.0
1449.1736597831998,77.0,4.0,3.0,1.0,0.0,23.0
1449.4736597831998,77.0,4.0,3.0,1.0,0.0,23.0
1449.474439003979,77.0,4.0,3.0,1.0,0.0,23.0
1449.7744390039788,77.0,4.0,3.0,1.0,0.0,23.0
1449.775218224758,77.0,4.0,3.0,1.0,0.0,23.0
1450.075218224758,77.0,4.0,3.0,1.0,0.0,23.0
1450.075997445537,77.0,4.0,3.0,1.0,0.0,23.0
1450.375997445537,77.0,4.0,3.0,1.0,0.0,23.0
1450.3767766663161,77.0,4.0,3.0,1.0,0.0,23.0
1450.676776666316,77.0,4.0,3.0,1.0,0.0,23.0
1450.6775558870952,77.0,4.0,3.0,1.0,0.0,23.0
1450.9775558870951,77.0,4.0,3.0,1.0,0.0,23.0
1450.9783351078743,77.0,4.0,3.0,1.0,0.0,23.0
1451.2783351078742,77.0,4.0,3.0,1.0,0.0,23.0
1451.2791143286533,77.0,4.0,3.0,1.0,0.0,23.0
1451.5791143286533,77.0,4.0,3.0,1.0,0.0,23.0
1451.5798935494324,77.0,4.0,3.0,1.0,0.0,23.0
1451.8798935494324,77.0,4.0,3.0,1.0,0.0,23.0
1451.8806727702115,77.0,4.0,3.0,1.0,0.0,23.0
1452.1806727702115,77.0,4.0,3.0,1.0,0.0,23.0
1452.1814519909906,77.0,4.0,3.0,1.0,0.0,23.0
1452.4814519909905,77.0,4.0,3.0,1.0,0.0,23.0
1452.4822312117697,77.0,4.0,3.0,1.0,0.0,23.0
1452.7822312117696,77.0,4.0,3.0,1.0,0.0,23.0
1452.7830104325487,77.0,4.0,3.0,1.0,0.0,23.0
1453.0830104325487,77.0,4.0,3.0,1.0,0.0,23.0
1453.0837896533278,77.0,4.0,3.0,1.0,0.0,23.0
1453.3837896533278,77.0,4.0,3.0,1.0,0.0,23.0
1453.384568874107,77.0,4.0,3.0,1.0,0.0,23.0
1453.6845688741068,77.0,4.0,3.0,1.0,0.0,23.0
1453.685348094886,77.0,4.0,3.0,1.0,0.0,23.0
1453.985348094886,77.0,4.0,3.0,1.0,0.0,23.0
1453.986127315665,77.0,4.0,3.0,1.0,0.0,23.0
1454.286127315665,77.0,4.0,3.0,1.0,0.0,23.0
1454.2869065364441,77.0,4.0,3.0,1.0,0.0,23.0
1454.586906536444,77.0,4.0,3.0,1.0,0.0,23.0
1454.5876857572232,77.0,4.0,3.0,1.0,0.0,23.0
1454.8876857572232,77.0,4.0,3.0,1.0,0.0,23.0
1454.8884649780023,77.0,4.0,3.0,1.0,0.0,23.0
1455.1884649780022,77.0,4.0,3.0,1.0,0.0,23.0
1455.1892441987814,77.0,4.0,3.0,1.0,0.0,23.0
1455.4892441987813,77.0,4.0,3.0,1.0,0.0,23.0
1455.4900234195604,77.0,4.0,3.0,1.0,0.0,23.0
1455.7900234195604,77.0,4.0,3.0,1.0,0.0,23.0
1455.7908026403395,77.0,4.0,3.0,1.0,0.0,23.0
1456.0908026403395,77.0,4.0,3.0,1.0,0.0,23.0
1456.0915818611186,77.0,4.0,3.0,1.0,0.0,23.0
1456.3915818611185,77.0,4.0,3.0,1.0,0.0,23.0
1456.3923610818977,77.0,4.0,3.0,1.0,0.0,23.0
1456.6923610818976,77.0,4.0,3.0,1.0,0.0,23.0
1456.6931403026767,77.0,4.0,3.0,1.0,0.0,23.0
1456.9931403026767,77.0,4.0,3.0,1.0,0.0,23.0
1456.9939195234558,77.0,4.0,3.0,1.0,0.0,23.0
1457.2939195234558,77.0,4.0,3.0,1.0,0.0,23.0
1457.294698744235,77.0,4.0,3.0,1.0,0.0,23.0
1457.5946987442348,77.0,4.0,3.0,1.0,0.0,23.0
1457.595477965014,77.0,4.0,3.0,1.0,0.0,23.0
1457.895477965014,77.0,4.0,3.0,1.0,0.0,23.0
1457.896257185793,77.0,4.0,3.0,1.0,0.0,23.0
1458.196257185793,77.0,4.0,3.0,1.0,0.0,23.0
1458.1970364065721,77.0,4.0,3.0,1.0,0.0,23.0
1458.497036406572,77.0,4.0,3.0,1.0,0.0,23.0
1458.4978156273512,77.0,4.0,3.0,1.0,0.0,23.0
1458.7978156273512,77.0,4.0,3.0,1.0,0.0,23.0
1458.7985948481303,77.0,4.0,3.0,1.0,0.0,23.0
1459.0985948481302,77.0,4.0,3.0,1.0,0.0,23.0
1459.0993740689094,77.0,4.0,3.0,1.0,0.0,23.0
1459.3993740689093,77.0,4.0,3.0,1.0,0.0,23.0
1459.4001532896884,77.0,4.0,3.0,1.0,0.0,23.0
1459.7001532896884,77.0,4.0,3.0,1.0,0.0,23.0
1459.7009325104675,77.0,4.0,3.0,1.0,0.0,23.0
1460.0009325104675,77.0,4.0,3.0,1.0,0.0,23.0
1460.0017117312466,77.0,4.0,3.0,1.0,0.0,23.0
1460.3017117312465,77.0,4.0,3.0,1.0,0.0,23.0
1460.3024909520257,77.0,4.0,3.0,1.0,0.0,23.0
1460.6024909520256,77.0,4.0,3.0,1.0,0.0,23.0
1460.6032701728047,77.0,4.0,3.0,1.0,0.0,23.0
1460.9032701728047,77.0,4.0,3.0,1.0,0.0,23.0
1460.9040493935838,77.0,4.0,3.0,1.0,0.0,23.0
1461.2040493935838,77.0,4.0,3.0,1.0,0.0,23.0
1461.204828614363,77.0,4.0,3.0,1.0,0.0,23.0
1461.5048286143629,77.0,4.0,3.0,1.0,0.0,23.0
1461.505607835142,77.0,4.0,3.0,1.0,0.0,23.0
1461.805607835142,77.0,4.0,3.0,1.0,0.0,23.0
1461.806387055921,77.0,4.0,3.0,1.0,0.0,23.0
1462.106387055921,77.0,4.0,3.0,1.0,0.0,23.0
1462.1071662767001,77.0,4.0,3.0,1.0,0.0,23.0
1462.4071662767,77.0,4.0,3.0,1.0,0.0,23.0
1462.4079454974792,77.0,4.0,3.0,1.0,0.0,23.0
1462.7079454974792,77.0,4.0,3.0,1.0,0.0,23.0
1462.7087247182583,77.0,4.0,3.0,1.0,0.0,23.0
1463.0087247182582,77.0,4.0,3.0,1.0,0.0,23.0
1463.0095039390374,77.0,4.0,3.0,1.0,0.0,23.0
1463.3095039390373,77.0,4.0,3.0,1.0,0.0,23.0
1463.3102831598164,77.0,4.0,3.0,1.0,0.0,23.0
1463.6102831598164,77.0,4.0,3.0,1.0,0.0,23.0
1463.6110623805955,77.0,4.0,3.0,1.0,0.0,23.0
1463.9110623805955,77.0,4.0,3.0,1.0,0.0,23.0
1463.9118416013746,77.0,4.0,3.0,1.0,0.0,23.0
1464.2118416013745,77.0,4.0,3.0,1.0,0.0,23.0
1464.2126208221537,77.0,4.0,3.0,1.0,0.0,23.0
1464.5126208221536,77.0,4.0,3.0,1.0,0.0,23.0
1464.5134000429327,77.0,4.0,3.0,1.0,0.0,23.0
1464.8134000429327,77.0,4.0,3.0,1.0,0.0,23.0
1464.8141792637118,77.0,4.0,3.0,1.0,0.0,23.0
1465.1141792637118,77.0,4.0,3.0,1.0,0.0,23.0
1465.114958484491,77.0,4.0,3.0,1.0,0.0,23.0
1465.4149584844909,77.0,4.0,3.0,1.0,0.0,23.0
1465.41573770527,77.0,4.0,3.0,1.0,0.0,23.0
1465.71573770527,77.0,4.0,3.0,1.0,0.0,23.0
1465.716516926049,77.0,4.0,3.0,1.0,0.0,23.0
1466.016516926049,77.0,4.0,3.0,1.0,0.0,23.0
1466.0172961468281,77.0,4.0,3.0,1.0,0.0,23.0
1466.317296146828,77.0,4.0,3.0,1.0,0.0,23.0
1466.3180753676072,77.0,4.0,3.0,1.0,0.0,23.0
1466.6180753676072,77.0,4.0,3.0,1.0,0.0,23.0
1466.6188545883863,77.0,4.0,3.0,1.0,0.0,23.0
1466.9188545883862,77.0,4.0,3.0,1.0,0.0,23.0
1466.9196338091654,77.0,4.0,3.0,1.0,0.0,23.0
1467.2196338091653,77.0,4.0,3.0,1.0,0.0,23.0
1467.2204130299444,77.0,4.0,3.0,1.0,0.0,23.0
1467.5204130299444,77.0,4.0,3.0,1.0,0.0,23.0
1467.5211922507235,77.0,4.0,3.0,1.0,0.0,23.0
1467.8211922507235,77.0,4.0,3.0,1.0,0.0,23.0
1467.8219714715026,77.0,4.0,3.0,1.0,0.0,23.0
1468.1219714715025,77.0,4.0,3.0,1.0,0.0,23.0
1468.1227506922817,77.0,4.0,3.0,1.0,0.0,23.0
1468.4227506922816,77.0,4.0,3.0,1.0,0.0,23.0
1468.4235299130607,77.0,4.0,3.0,1.0,0.0,23.0
1468.7235299130607,77.0,4.0,3.0,1.0,0.0,23.0
1468.7243091338398,77.0,4.0,3.0,1.0,0.0,23.0
1469.0243091338398,77.0,4.0,3.0,1.0,0.0,23.0
1469.025088354619,77.0,4.0,3.0,1.0,0.0,23.0
1469.3250883546189,77.0,4.0,3.0,1.0,0.0,23.0
1469.325867575398,77.0,4.0,3.0,1.0,0.0,23.0
1469.625867575398,77.0,4.0,3.0,1.0,0.0,23.0
1469.626646796177,77.0,4.0,3.0,1.0,0.0,23.0
1469.926646796177,77.0,4.0,3.0,1.0,0.0,23.0
1469.9274260169561,77.0,4.0,3.0,1.0,0.0,23.0
1470.227426016956,77.0,4.0,3.0,1.0,0.0,23.0
1470.2282052377352,77.0,4.0,3.0,1.0,0.0,23.0
1470.5282052377352,77.0,4.0,3.0,1.0,0.0,23.0
1470.5289844585143,77.0,4.0,3.0,1.0,0.0,23.0
1470.8289844585142,77.0,4.0,3.0,1.0,0.0,23.0
1470.8297636792934,77.0,4.0,3.0,1.0,0.0,23.0
1471.1297636792933,77.0,4.0,3.0,1.0,0.0,23.0
1471.1305429000724,77.0,4.0,3.0,1.0,0.0,23.0
1471.4305429000724,77.0,4.0,3.0,1.0,0.0,23.0
1471.4313221208515,77.0,4.0,3.0,1.0,0.0,23.0
1471.7313221208515,77.0,4.0,3.0,1.0,0.0,23.0
1471.7321013416306,77.0,4.0,3.0,1.0,0.0,23.0
1472.0321013416306,77.0,4.0,3.0,1.0,0.0,23.0
1472.0328805624097,77.0,4.0,3.0,1.0,0.0,23.0
1472.3328805624096,77.0,4.0,3.0,1.0,0.0,23.0
1472.3336597831888,77.0,4.0,3.0,1.0,0.0,23.0
1472.6336597831887,77.0,4.0,3.0,1.0,0.0,23.0
1472.6344390039678,77.0,4.0,3.0,1.0,0.0,23.0
1472.9344390039678,77.0,4.0,3.0,1.0,0.0,23.0
1472.935218224747,77.0,4.0,3.0,1.0,0.0,23.0
1473.2352182247469,77.0,4.0,3.0,1.0,0.0,23.0
1473.235997445526,77.0,4.0,3.0,1.0,0.0,23.0
1473.535997445526,77.0,4.0,3.0,1.0,0.0,23.0
1473.536776666305,77.0,4.0,3.0,1.0,0.0,23.0
1473.836776666305,77.0,4.0,3.0,1.0,0.0,23.0
1473.8375558870841,77.0,4.0,3.0,1.0,0.0,23.0
1474.137555887084,77.0,4.0,3.0,1.0,0.0,23.0
1474.1383351078632,77.0,4.0,3.0,1.0,0.0,23.0
1474.4383351078632,77.0,4.0,3.0,1.0,0.0,23.0
1474.4391143286423,77.0,4.0,3.0,1.0,0.0,23.0
1474.7391143286422,77.0,4.0,3.0,1.0,0.0,23.0
1474.7398935494214,77.0,4.0,3.0,1.0,0.0,23.0
1475.0398935494213,77.0,4.0,3.0,1.0,0.0,23.0
1475.0406727702004,77.0,4.0,3.0,1.0,0.0,23.0
1475.3406727702004,77.0,4.0,3.0,1.0,0.0,23.0
1475.3414519909795,77.0,4.0,3.0,1.0,0.0,23.0
1475.6414519909795,77.0,4.0,3.0,1.0,0.0,23.0
1475.6422312117586,77.0,4.0,3.0,1.0,0.0,23.0
1475.9422312117586,77.0,4.0,3.0,1.0,0.0,23.0
1475.9430104325377,77.0,4.0,3.0,1.0,0.0,23.0
1476.2430104325376,77.0,4.0,3.0,1.0,0.0,23.0
1476.2437896533168,77.0,4.0,3.0,1.0,0.0,23.0
1476.5437896533167,77.0,4.0,3.0,1.0,0.0,23.0
1476.5445688740958,77.0,4.0,3.0,1.0,0.0,23.0
1476.8445688740958,77.0,4.0,3.0,1.0,0.0,23.0
1476.845348094875,77.0,4.0,3.0,1.0,0.0,23.0
1477.1453480948749,77.0,4.0,3.0,1.0,0.0,23.0
1477.146127315654,77.0,4.0,3.0,1.0,0.0,23.0
1477.446127315654,77.0,4.0,3.0,1.0,0.0,23.0
1477.446906536433,77.0,4.0,3.0,1.0,0.0,23.0
1477.746906536433,77.0,4.0,3.0,1.0,0.0,23.0
1477.7476857572121,77.0,4.0,3.0,1.0,0.0,23.0
1478.047685757212,77.0,4.0,3.0,1.0,0.0,23.0
1478.0484649779912,77.0,4.0,3.0,1.0,0.0,23.0
1478.3484649779912,77.0,4.0,3.0,1.0,0.0,23.0
1478.3492441987703,77.0,4.0,3.0,1.0,0.0,23.0
1478.6492441987702,77.0,4.0,3.0,1.0,0.0,23.0
1478.6500234195494,77.0,4.0,3.0,1.0,0.0,23.0
1478.9500234195493,77.0,4.0,3.0,1.0,0.0,23.0
1478.9508026403284,77.0,4.0,3.0,1.0,0.0,23.0
1479.2508026403284,77.0,4.0,3.0,1.0,0.0,23.0
1479.2515818611075,77.0,4.0,3.0,1.0,0.0,23.0
1479.5515818611075,77.0,4.0,3.0,1.0,0.0,23.0
1479.5523610818866,77.0,4.0,3.0,1.0,0.0,23.0
1479.8523610818866,77.0,4.0,3.0,1.0,0.0,23.0
1479.8531403026657,77.0,4.0,3.0,1.0,0.0,23.0
1480.1531403026656,77.0,4.0,3.0,1.0,0.0,23.0
1480.1539195234448,77.0,4.0,3.0,1.0,0.0,23.0
1480.4539195234447,77.0,4.0,3.0,1.0,0.0,23.0
1480.4546987442238,77.0,4.0,3.0,1.0,0.0,23.0
1480.7546987442238,77.0,4.0,3.0,1.0,0.0,23.0
1480.755477965003,77.0,4.0,3.0,1.0,0.0,23.0
1481.0554779650029,77.0,4.0,3.0,1.0,0.0,23.0
1481.056257185782,77.0,4.0,3.0,1.0,0.0,23.0
1481.356257185782,77.0,4.0,3.0,1.0,0.0,23.0
1481.357036406561,77.0,4.0,3.0,1.0,0.0,23.0
1481.657036406561,77.0,4.0,3.0,1.0,0.0,23.0
1481.6578156273401,77.0,4.0,3.0,1.0,0.0,23.0
1481.95781562734,77.0,4.0,3.0,1.0,0.0,23.0
1481.9585948481192,77.0,4.0,3.0,1.0,0.0,23.0
1482.2585948481192,77.0,4.0,3.0,1.0,0.0,23.0
1482.2593740688983,77.0,4.0,3.0,1.0,0.0,23.0
1482.5593740688983,77.0,4.0,3.0,1.0,0.0,23.0
1482.5601532896774,77.0,4.0,3.0,1.0,0.0,23.0
1482.8601532896773,77.0,4.0,3.0,1.0,0.0,23.0
1482.8609325104565,77.0,4.0,3.0,1.0,0.0,23.0
1483.1609325104564,77.0,4.0,3.0,1.0,0.0,23.0
1483.1617117312355,77.0,4.0,3.0,1.0,0.0,23.0
1483.4617117312355,77.0,4.0,3.0,1.0,0.0,23.0
1483.4624909520146,77.0,4.0,3.0,1.0,0.0,23.0
1483.7624909520146,77.0,4.0,3.0,1.0,0.0,23.0
1483.7632701727937,77.0,4.0,3.0,1.0,0.0,23.0
1484.0632701727936,77.0,4.0,3.0,1.0,0.0,23.0
1484.0640493935728,77.0,4.0,3.0,1.0,0.0,23.0
1484.3640493935727,77.0,4.0,3.0,1.0,0.0,23.0
1484.3648286143518,77.0,4.0,3.0,1.0,0.0,23.0
1484.6648286143518,77.0,4.0,3.0,1.0,0.0,23.0
1484.665607835131,77.0,4.0,3.0,1.0,0.0,23.0
1484.9656078351309,77.0,4.0,3.0,1.0,0.0,23.0
1484.96638705591,77.0,4.0,3.0,1.0,0.0,23.0
1485.26638705591,77.0,4.0,3.0,1.0,0.0,23.0
1485.267166276689,77.0,4.0,3.0,1.0,0.0,23.0
1485.567166276689,77.0,4.0,3.0,1.0,0.0,23.0
1485.5679454974681,77.0,4.0,3.0,1.0,0.0,23.0
1485.867945497468,77.0,4.0,3.0,1.0,0.0,23.0
1485.8687247182472,77.0,4.0,3.0,1.0,0.0,23.0
1486.1687247182472,77.0,4.0,3.0,1.0,0.0,23.0
1486.1695039390263,77.0,4.0,3.0,1.0,0.0,23.0
1486.4695039390263,77.0,4.0,3.0,1.0,0.0,23.0
1486.4702831598054,77.0,4.0,3.0,1.0,0.0,23.0
1486.7702831598053,77.0,4.0,3.0,1.0,0.0,23.0
1486.7710623805845,77.0,4.0,3.0,1.0,0.0,23.0
1487.0710623805844,77.0,4.0,3.0,1.0,0.0,23.0
1487.0718416013635,77.0,4.0,3.0,1.0,0.0,23.0
1487.3718416013635,77.0,4.0,3.0,1.0,0.0,23.0
1487.3726208221426,77.0,4.0,3.0,1.0,0.0,23.0
1487.6726208221426,77.0,4.0,3.0,1.0,0.0,23.0
1487.6734000429217,77.0,4.0,3.0,1.0,0.0,23.0
1487.9734000429216,77.0,4.0,3.0,1.0,0.0,23.0
1487.9741792637008,77.0,4.0,3.0,1.0,0.0,23.0
1488.2741792637007,77.0,4.0,3.0,1.0,0.0,23.0
1488.2749584844798,77.0,4.0,3.0,1.0,0.0,23.0
1488.5749584844798,77.0,4.0,3.0,1.0,0.0,23.0
1488.575737705259,77.0,4.0,3.0,1.0,0.0,23.0
1488.8757377052589,77.0,4.0,3.0,1.0,0.0,23.0
1488.876516926038,77.0,4.0,3.0,1.0,0.0,23.0
1489.176516926038,77.0,4.0,3.0,1.0,0.0,23.0
1489.177296146817,77.0,4.0,3.0,1.0,0.0,23.0
1489.477296146817,77.0,4.0,3.0,1.0,0.0,23.0
1489.4780753675961,77.0,4.0,3.0,1.0,0.0,23.0
1489.778075367596,77.0,4.0,3.0,1.0,0.0,23.0
1489.7788545883752,77.0,4.0,3.0,1.0,0.0,23.0
1490.0788545883752,77.0,4.0,3.0,1.0,0.0,23.0
1490.0796338091543,77.0,4.0,3.0,1.0,0.0,23.0
1490.3796338091543,77.0,4.0,3.0,1.0,0.0,23.0
1490.3804130299334,77.0,5.0,3.0,1.0,0.0,23.0
1490.6804130299333,77.0,5.0,3.0,1.0,0.0,23.0
1490.6811922507125,77.0,5.0,3.0,1.0,0.0,23.0
1490.9811922507124,77.0,5.0,3.0,1.0,0.0,23.0
1490.9819714714915,77.0,5.0,3.0,1.0,0.0,23.0
1491.2819714714915,77.0,5.0,3.0,1.0,0.0,23.0
1491.2827506922706,77.0,5.0,3.0,1.0,0.0,23.0
1491.5827506922706,77.0,5.0,3.0,1.0,0.0,23.0
1491.5835299130497,77.0,5.0,3.0,1.0,0.0,23.0
1491.8835299130496,77.0,5.0,3.0,1.0,0.0,23.0
1491.8843091338288,77.0,5.0,3.0,1.0,0.0,23.0
1492.1843091338287,77.0,5.0,3.0,1.0,0.0,23.0
1492.1850883546078,77.0,5.0,3.0,1.0,0.0,23.0
1492.4850883546078,77.0,5.0,3.0,1.0,0.0,23.0
1492.485867575387,77.0,5.0,3.0,1.0,0.0,23.0
1492.7858675753869,77.0,5.0,3.0,1.0,0.0,23.0
1492.786646796166,77.0,5.0,3.0,1.0,0.0,23.0
1493.086646796166,77.0,5.0,3.0,1.0,0.0,23.0
1493.087426016945,77.0,5.0,3.0,1.0,0.0,23.0
1493.387426016945,77.0,5.0,3.0,1.0,0.0,23.0
1493.3882052377242,77.0,5.0,3.0,1.0,0.0,23.0
1493.688205237724,77.0,5.0,3.0,1.0,0.0,23.0
1493.6889844585032,77.0,5.0,3.0,1.0,0.0,23.0
1493.9889844585032,77.0,5.0,3.0,1.0,0.0,23.0
1493.9897636792823,77.0,5.0,3.0,1.0,0.0,23.0
1494.2897636792823,77.0,5.0,3.0,1.0,0.0,23.0
1494.2905429000614,77.0,5.0,3.0,1.0,0.0,23.0
1494.5905429000613,77.0,5.0,3.0,1.0,0.0,23.0
1494.5913221208405,77.0,5.0,3.0,1.0,0.0,23.0
1494.8913221208404,77.0,5.0,3.0,1.0,0.0,23.0
1494.8921013416195,77.0,5.0,3.0,1.0,0.0,23.0
1495.1921013416195,77.0,5.0,3.0,1.0,0.0,23.0
1495.1928805623986,77.0,5.0,3.0,1.0,0.0,23.0
1495.4928805623986,77.0,5.0,3.0,1.0,0.0,23.0
1495.4936597831777,77.0,5.0,3.0,1.0,0.0,23.0
1495.7936597831776,77.0,5.0,3.0,1.0,0.0,23.0
1495.7944390039568,77.0,5.0,3.0,1.0,0.0,23.0
1496.0944390039567,77.0,5.0,3.0,1.0,0.0,23.0
1496.0952182247358,77.0,5.0,3.0,1.0,0.0,23.0
1496.3952182247358,77.0,5.0,3.0,1.0,0.0,23.0
1496.395997445515,77.0,5.0,3.0,1.0,0.0,23.0
1496.6959974455149,77.0,5.0,3.0,1.0,0.0,23.0
1496.696776666294,77.0,5.0,3.0,1.0,0.0,23.0
1496.996776666294,77.0,5.0,3.0,1.0,0.0,23.0
1496.997555887073,77.0,5.0,3.0,1.0,0.0,23.0
1497.297555887073,77.0,5.0,3.0,1.0,0.0,23.0
1497.2983351078522,77.0,5.0,3.0,1.0,0.0,23.0
1497.598335107852,77.0,5.0,3.0,1.0,0.0,23.0
1497.5991143286312,77.0,5.0,3.0,1.0,0.0,23.0
1497.8991143286312,77.0,5.0,3.0,1.0,0.0,23.0
1497.8998935494103,77.0,5.0,3.0,1.0,0.0,23.0
1498.1998935494103,77.0,5.0,3.0,1.0,0.0,23.0
1498.2006727701894,77.0,5.0,3.0,1.0,0.0,23.0
1498.5006727701893,77.0,5.0,3.0,1.0,0.0,23.0
1498.5014519909685,77.0,5.0,3.0,1.0,0.0,23.0
1498.8014519909684,77.0,5.0,3.0,1.0,0.0,23.0
1498.8022312117475,77.0,5.0,3.0,1.0,0.0,23.0
1499.1022312117475,77.0,5.0,3.0,1.0,0.0,23.0
1499.1030104325266,77.0,5.0,3.0,1.0,0.0,23.0
1499.4030104325266,77.0,5.0,3.0,1.0,0.0,23.0
1499.4037896533057,77.0,5.0,3.0,1.0,0.0,23.0
1499.7037896533056,77.0,5.0,3.0,1.0,0.0,23.0
1499.7045688740848,77.0,5.0,3.0,1.0,0.0,23.0
1500.0045688740847,77.0,5.0,3.0,1.0,0.0,23.0
1500.0053480948638,77.0,5.0,3.0,1.0,0.0,23.0
1500.3053480948638,77.0,5.0,3.0,1.0,0.0,23.0
1500.306127315643,77.0,5.0,3.0,1.0,0.0,23.0
1500.6061273156429,77.0,5.0,3.0,1.0,0.0,23.0
1500.606906536422,77.0,5.0,3.0,1.0,0.0,23.0
1500.906906536422,77.0,5.0,3.0,1.0,0.0,23.0
1500.907685757201,77.0,5.0,3.0,1.0,0.0,23.0
1501.207685757201,77.0,5.0,3.0,1.0,0.0,23.0
1501.2084649779802,77.0,5.0,3.0,1.0,0.0,23.0
1501.50846497798,77.0,5.0,3.0,1.0,0.0,23.0
1501.5092441987592,77.0,5.0,3.0,1.0,0.0,23.0
1501.8092441987592,77.0,5.0,3.0,1.0,0.0,23.0
1501.8100234195383,77.0,5.0,3.0,1.0,0.0,23.0
1502.1100234195383,77.0,5.0,3.0,1.0,0.0,23.0
1502.1108026403174,77.0,5.0,3.0,1.0,0.0,23.0
1502.4108026403173,77.0,5.0,3.0,1.0,0.0,23.0
1502.4115818610965,77.0,5.0,3.0,1.0,0.0,23.0
1502.7115818610964,77.0,5.0,3.0,1.0,0.0,23.0
1502.7123610818755,77.0,5.0,3.0,1.0,0.0,23.0
1503.0123610818755,77.0,5.0,3.0,1.0,0.0,23.0
1503.0131403026546,77.0,5.0,3.0,1.0,0.0,23.0
1503.3131403026546,77.0,5.0,3.0,1.0,0.0,23.0
1503.3139195234337,77.0,5.0,3.0,1.0,0.0,23.0
1503.6139195234337,77.0,5.0,3.0,1.0,0.0,23.0
1503.6146987442128,77.0,5.0,3.0,1.0,0.0,23.0
1503.9146987442127,77.0,5.0,3.0,1.0,0.0,23.0
1503.9154779649919,77.0,5.0,3.0,1.0,0.0,23.0
1504.2154779649918,77.0,5.0,3.0,1.0,0.0,23.0
1504.216257185771,77.0,5.0,3.0,1.0,0.0,23.0
1504.5162571857709,77.0,5.0,3.0,1.0,0.0,23.0
1504.51703640655,77.0,5.0,3.0,1.0,0.0,23.0
1504.81703640655,77.0,5.0,3.0,1.0,0.0,23.0
1504.817815627329,77.0,5.0,3.0,1.0,0.0,23.0
1505.117815627329,77.0,5.0,3.0,1.0,0.0,23.0
1505.1185948481082,77.0,5.0,3.0,1.0,0.0,23.0
1505.4185948481081,77.0,5.0,3.0,1.0,0.0,23.0
1505.4193740688872,77.0,5.0,3.0,1.0,0.0,23.0
1505.7193740688872,77.0,5.0,3.0,1.0,0.0,23.0
1505.7201532896663,77.0,5.0,3.0,1.0,0.0,23.0
1506.0201532896663,77.0,5.0,3.0,1.0,0.0,23.0
1506.0209325104454,77.0,5.0,3.0,1.0,0.0,23.0
1506.3209325104453,77.0,5.0,3.0,1.0,0.0,23.0
1506.3217117312245,77.0,5.0,3.0,1.0,0.0,23.0
1506.6217117312244,77.0,5.0,3.0,1.0,0.0,23.0
1506.6224909520035,77.0,5.0,3.0,1.0,0.0,23.0
1506.9224909520035,77.0,5.0,3.0,1.0,0.0,23.0
1506.9232701727826,77.0,5.0,3.0,1.0,0.0,23.0
1507.2232701727826,77.0,5.0,3.0,1.0,0.0,23.0
1507.2240493935617,77.0,5.0,3.0,1.0,0.0,23.0
1507.5240493935617,77.0,5.0,3.0,1.0,0.0,23.0
1507.5248286143408,77.0,5.0,3.0,1.0,0.0,23.0
1507.8248286143407,77.0,5.0,3.0,1.0,0.0,23.0
1507.8256078351199,77.0,5.0,3.0,1.0,0.0,23.0
1508.1256078351198,77.0,5.0,3.0,1.0,0.0,23.0
1508.126387055899,77.0,5.0,3.0,1.0,0.0,23.0
1508.4263870558989,77.0,5.0,3.0,1.0,0.0,23.0
1508.427166276678,76.0,5.0,3.0,1.0,0.0,23.0
1508.727166276678,76.0,5.0,3.0,1.0,0.0,23.0
1508.727955750362,76.0,5.0,3.0,1.0,0.0,23.0
1509.027955750362,76.0,5.0,3.0,1.0,0.0,23.0
1509.0287452240461,76.0,5.0,3.0,1.0,0.0,23.0
1509.328745224046,76.0,5.0,3.0,1.0,0.0,23.0
1509.3295346977302,76.0,5.0,3.0,1.0,0.0,23.0
1509.6295346977302,76.0,5.0,3.0,1.0,0.0,23.0
1509.6303241714143,76.0,5.0,3.0,1.0,0.0,23.0
1509.9303241714142,76.0,5.0,3.0,1.0,0.0,23.0
1509.9311136450983,76.0,5.0,3.0,1.0,0.0,23.0
1510.2311136450983,76.0,5.0,3.0,1.0,0.0,23.0
1510.2319031187824,76.0,5.0,3.0,1.0,0.0,23.0
1510.5319031187823,76.0,5.0,3.0,1.0,0.0,23.0
1510.5326925924664,76.0,5.0,3.0,1.0,0.0,23.0
1510.8326925924664,76.0,5.0,3.0,1.0,0.0,23.0
1510.8334820661505,76.0,5.0,3.0,1.0,0.0,23.0
1511.1334820661505,76.0,5.0,3.0,1.0,0.0,23.0
1511.1342715398346,76.0,5.0,3.0,1.0,0.0,23.0
1511.4342715398345,76.0,5.0,3.0,1.0,0.0,23.0
1511.4350610135186,76.0,5.0,3.0,1.0,0.0,23.0
1511.7350610135186,76.0,5.0,3.0,1.0,0.0,23.0
1511.7358504872027,76.0,5.0,3.0,1.0,0.0,23.0
1512.0358504872027,76.0,5.0,3.0,1.0,0.0,23.0
1512.0366399608868,76.0,5.0,3.0,1.0,0.0,23.0
1512.3366399608867,76.0,5.0,3.0,1.0,0.0,23.0
1512.3374294345708,76.0,5.0,3.0,1.0,0.0,23.0
1512.6374294345708,76.0,5.0,3.0,1.0,0.0,23.0
1512.6382189082549,76.0,5.0,3.0,1.0,0.0,23.0
1512.9382189082548,76.0,5.0,3.0,1.0,0.0,23.0
1512.939008381939,76.0,5.0,3.0,1.0,0.0,23.0
1513.239008381939,76.0,5.0,3.0,1.0,0.0,23.0
1513.239797855623,76.0,5.0,3.0,1.0,0.0,23.0
1513.539797855623,76.0,5.0,3.0,1.0,0.0,23.0
1513.540587329307,76.0,5.0,3.0,1.0,0.0,23.0
1513.840587329307,76.0,5.0,3.0,1.0,0.0,23.0
1513.8413768029911,76.0,5.0,3.0,1.0,0.0,23.0
1514.141376802991,76.0,5.0,3.0,1.0,0.0,23.0
1514.1421662766752,76.0,5.0,3.0,1.0,0.0,23.0
1514.4421662766752,76.0,5.0,3.0,1.0,0.0,23.0
1514.4429557503593,76.0,5.0,3.0,1.0,0.0,23.0
1514.7429557503592,76.0,5.0,3.0,1.0,0.0,23.0
1514.7437452240433,76.0,5.0,3.0,1.0,0.0,23.0
1515.0437452240433,76.0,5.0,3.0,1.0,0.0,23.0
1515.0445346977274,76.0,5.0,3.0,1.0,0.0,23.0
1515.3445346977273,76.0,5.0,3.0,1.0,0.0,23.0
1515.3453241714114,76.0,5.0,3.0,1.0,0.0,23.0
1515.6453241714114,76.0,5.0,3.0,1.0,0.0,23.0
1515.6461136450955,76.0,5.0,3.0,1.0,0.0,23.0
1515.9461136450955,76.0,5.0,3.0,1.0,0.0,23.0
1515.9469031187796,76.0,5.0,3.0,1.0,0.0,23.0
1516.2469031187795,76.0,5.0,3.0,1.0,0.0,23.0
1516.2476925924636,76.0,5.0,3.0,1.0,0.0,23.0
1516.5476925924636,76.0,5.0,3.0,1.0,0.0,23.0
1516.5484820661477,76.0,5.0,3.0,1.0,0.0,23.0
1516.8484820661477,76.0,5.0,3.0,1.0,0.0,23.0
1516.8492715398318,76.0,5.0,3.0,1.0,0.0,23.0
1517.1492715398317,76.0,5.0,3.0,1.0,0.0,23.0
1517.1500610135158,76.0,5.0,3.0,1.0,0.0,23.0
1517.4500610135158,76.0,5.0,3.0,1.0,0.0,23.0
1517.4508504872,76.0,5.0,3.0,1.0,0.0,23.0
1517.7508504871998,76.0,5.0,3.0,1.0,0.0,23.0
1517.751639960884,76.0,5.0,3.0,1.0,0.0,23.0
1518.051639960884,76.0,5.0,3.0,1.0,0.0,23.0
1518.052429434568,76.0,5.0,3.0,1.0,0.0,23.0
1518.352429434568,76.0,5.0,3.0,1.0,0.0,23.0
1518.353218908252,76.0,5.0,3.0,1.0,0.0,23.0
1518.653218908252,76.0,5.0,3.0,1.0,0.0,23.0
1518.6540083819361,76.0,5.0,3.0,1.0,0.0,23.0
1518.954008381936,76.0,5.0,3.0,1.0,0.0,23.0
1518.9547978556202,76.0,5.0,3.0,1.0,0.0,23.0
1519.2547978556202,76.0,5.0,3.0,1.0,0.0,23.0
1519.2555873293043,76.0,5.0,3.0,1.0,0.0,23.0
1519.5555873293042,76.0,5.0,3.0,1.0,0.0,23.0
1519.5563768029883,76.0,5.0,3.0,1.0,0.0,23.0
1519.8563768029883,76.0,5.0,3.0,1.0,0.0,23.0
1519.8571662766724,76.0,5.0,3.0,1.0,0.0,23.0
1520.1571662766723,76.0,5.0,3.0,1.0,0.0,23.0
1520.1579557503565,76.0,5.0,3.0,1.0,0.0,23.0
1520.4579557503564,76.0,5.0,3.0,1.0,0.0,23.0
1520.4587452240405,76.0,5.0,3.0,1.0,0.0,23.0
1520.7587452240405,76.0,5.0,3.0,1.0,0.0,23.0
1520.7595346977246,76.0,5.0,3.0,1.0,0.0,23.0
1521.0595346977245,76.0,5.0,3.0,1.0,0.0,23.0
1521.0603241714086,76.0,5.0,3.0,1.0,0.0,23.0
1521.3603241714086,76.0,5.0,3.0,1.0,0.0,23.0
1521.3611136450927,76.0,5.0,3.0,1.0,0.0,23.0
1521.6611136450927,76.0,5.0,3.0,1.0,0.0,23.0
1521.6619031187768,76.0,5.0,3.0,1.0,0.0,23.0
1521.9619031187767,76.0,5.0,3.0,1.0,0.0,23.0
1521.9626925924608,76.0,5.0,3.0,1.0,0.0,23.0
1522.2626925924608,76.0,5.0,3.0,1.0,0.0,23.0
1522.263482066145,76.0,5.0,3.0,1.0,0.0,23.0
1522.5634820661448,76.0,5.0,3.0,1.0,0.0,23.0
1522.564271539829,76.0,5.0,3.0,1.0,0.0,23.0
1522.864271539829,76.0,5.0,3.0,1.0,0.0,23.0
1522.865061013513,76.0,5.0,3.0,1.0,0.0,23.0
1523.165061013513,76.0,5.0,3.0,1.0,0.0,23.0
1523.165850487197,76.0,5.0,3.0,1.0,0.0,23.0
1523.465850487197,76.0,5.0,3.0,1.0,0.0,23.0
1523.4666399608811,76.0,5.0,3.0,1.0,0.0,23.0
1523.766639960881,76.0,5.0,3.0,1.0,0.0,23.0
1523.7674294345652,76.0,5.0,3.0,1.0,0.0,23.0
1524.0674294345652,76.0,5.0,3.0,1.0,0.0,23.0
1524.0682189082493,76.0,5.0,3.0,1.0,0.0,23.0
1524.3682189082492,76.0,5.0,3.0,1.0,0.0,23.0
1524.3690083819333,76.0,5.0,3.0,1.0,0.0,23.0
1524.6690083819333,76.0,5.0,3.0,1.0,0.0,23.0
1524.6697978556174,76.0,5.0,3.0,1.0,0.0,23.0
1524.9697978556173,76.0,5.0,3.0,1.0,0.0,23.0
1524.9705873293015,76.0,5.0,3.0,1.0,0.0,23.0
1525.2705873293014,76.0,5.0,3.0,1.0,0.0,23.0
1525.2713768029855,76.0,5.0,3.0,1.0,0.0,23.0
1525.5713768029855,76.0,5.0,3.0,1.0,0.0,23.0
1525.5721662766696,76.0,5.0,3.0,1.0,0.0,23.0
1525.8721662766695,76.0,5.0,3.0,1.0,0.0,23.0
1525.8729557503536,76.0,5.0,3.0,1.0,0.0,23.0
1526.1729557503536,76.0,5.0,3.0,1.0,0.0,23.0
1526.1737452240377,76.0,5.0,3.0,1.0,0.0,23.0
1526.4737452240377,76.0,5.0,3.0,1.0,0.0,23.0
1526.4745346977218,76.0,5.0,3.0,1.0,0.0,23.0
1526.7745346977217,76.0,5.0,3.0,1.0,0.0,23.0
1526.7753241714058,76.0,5.0,3.0,1.0,0.0,23.0
1527.0753241714058,76.0,5.0,3.0,1.0,0.0,23.0
1527.07611364509,76.0,5.0,3.0,1.0,0.0,23.0
1527.3761136450898,76.0,5.0,3.0,1.0,0.0,23.0
1527.376903118774,76.0,5.0,3.0,1.0,0.0,23.0
1527.676903118774,76.0,5.0,3.0,1.0,0.0,23.0
1527.677692592458,76.0,5.0,3.0,1.0,0.0,23.0
1527.977692592458,76.0,5.0,3.0,1.0,0.0,23.0
1527.978482066142,76.0,5.0,3.0,1.0,0.0,23.0
1528.278482066142,76.0,5.0,3.0,1.0,0.0,23.0
1528.2792715398261,76.0,5.0,3.0,1.0,0.0,23.0
1528.579271539826,76.0,5.0,3.0,1.0,0.0,23.0
1528.5800610135102,76.0,5.0,3.0,1.0,0.0,23.0
1528.8800610135102,76.0,5.0,3.0,1.0,0.0,23.0
1528.8808504871943,76.0,5.0,3.0,1.0,0.0,23.0
1529.1808504871942,76.0,5.0,3.0,1.0,0.0,23.0
1529.1816399608783,76.0,5.0,3.0,1.0,0.0,23.0
1529.4816399608783,76.0,5.0,3.0,1.0,0.0,23.0
1529.4824294345624,76.0,5.0,3.0,1.0,0.0,23.0
1529.7824294345623,76.0,5.0,3.0,1.0,0.0,23.0
1529.7832189082465,76.0,5.0,3.0,1.0,0.0,23.0
1530.0832189082464,76.0,5.0,3.0,1.0,0.0,23.0
1530.0840083819305,76.0,5.0,3.0,1.0,0.0,23.0
1530.3840083819305,76.0,5.0,3.0,1.0,0.0,23.0
1530.3847978556146,76.0,5.0,3.0,1.0,0.0,23.0
1530.6847978556145,76.0,5.0,3.0,1.0,0.0,23.0
1530.6855873292986,76.0,5.0,3.0,1.0,0.0,23.0
1530.9855873292986,76.0,5.0,3.0,1.0,0.0,23.0
1530.9863768029827,76.0,5.0,3.0,1.0,0.0,23.0
1531.2863768029827,76.0,5.0,3.0,1.0,0.0,23.0
1531.2871662766668,76.0,5.0,3.0,1.0,0.0,23.0
1531.5871662766667,76.0,5.0,3.0,1.0,0.0,23.0
1531.5879557503508,76.0,5.0,3.0,1.0,0.0,23.0
1531.8879557503508,76.0,5.0,3.0,1.0,0.0,23.0
1531.888745224035,76.0,5.0,3.0,1.0,0.0,23.0
1532.1887452240348,76.0,5.0,3.0,1.0,0.0,23.0
1532.189534697719,76.0,5.0,3.0,1.0,0.0,23.0
1532.489534697719,76.0,5.0,3.0,1.0,0.0,23.0
1532.490324171403,76.0,5.0,3.0,1.0,0.0,23.0
1532.790324171403,76.0,5.0,3.0,1.0,0.0,23.0
1532.791113645087,76.0,5.0,3.0,1.0,0.0,23.0
1533.091113645087,76.0,5.0,3.0,1.0,0.0,23.0
1533.0919031187711,76.0,5.0,3.0,1.0,0.0,23.0
1533.391903118771,76.0,5.0,3.0,1.0,0.0,23.0
1533.3926925924552,76.0,5.0,3.0,1.0,0.0,23.0
1533.6926925924552,76.0,5.0,3.0,1.0,0.0,23.0
1533.6934820661393,76.0,5.0,3.0,1.0,0.0,23.0
1533.9934820661392,76.0,5.0,3.0,1.0,0.0,23.0
1533.9942715398233,76.0,5.0,3.0,1.0,0.0,23.0
1534.2942715398233,76.0,5.0,3.0,1.0,0.0,23.0
1534.2950610135074,76.0,5.0,3.0,1.0,0.0,23.0
1534.5950610135073,76.0,5.0,3.0,1.0,0.0,23.0
1534.5958504871915,76.0,5.0,3.0,1.0,0.0,23.0
1534.8958504871914,76.0,5.0,3.0,1.0,0.0,23.0
1534.8966399608755,76.0,5.0,3.0,1.0,0.0,23.0
1535.1966399608755,76.0,5.0,3.0,1.0,0.0,23.0
1535.1974294345596,76.0,5.0,3.0,1.0,0.0,23.0
1535.4974294345595,76.0,5.0,3.0,1.0,0.0,23.0
1535.4982189082436,76.0,5.0,3.0,1.0,0.0,23.0
1535.7982189082436,76.0,5.0,3.0,1.0,0.0,23.0
1535.7990083819277,76.0,5.0,3.0,1.0,0.0,23.0
1536.0990083819277,76.0,5.0,3.0,1.0,0.0,23.0
1536.0997978556118,76.0,5.0,3.0,1.0,0.0,23.0
1536.3997978556117,76.0,5.0,3.0,1.0,0.0,23.0
1536.4005873292958,76.0,5.0,3.0,1.0,0.0,23.0
1536.7005873292958,76.0,5.0,3.0,1.0,0.0,23.0
1536.70137680298,76.0,5.0,3.0,1.0,0.0,23.0
1537.0013768029798,76.0,5.0,3.0,1.0,0.0,23.0
1537.002166276664,76.0,5.0,3.0,1.0,0.0,23.0
1537.302166276664,76.0,5.0,3.0,1.0,0.0,23.0
1537.302955750348,76.0,5.0,3.0,1.0,0.0,23.0
1537.602955750348,76.0,5.0,3.0,1.0,0.0,23.0
1537.603745224032,76.0,5.0,3.0,1.0,0.0,23.0
1537.903745224032,76.0,5.0,3.0,1.0,0.0,23.0
1537.9045346977161,76.0,5.0,3.0,1.0,0.0,23.0
1538.204534697716,76.0,5.0,3.0,1.0,0.0,23.0
1538.2053241714002,76.0,5.0,3.0,1.0,0.0,23.0
1538.5053241714002,76.0,5.0,3.0,1.0,0.0,23.0
1538.5061136450843,76.0,5.0,3.0,1.0,0.0,23.0
1538.8061136450842,76.0,5.0,3.0,1.0,0.0,23.0
1538.8069031187683,76.0,5.0,3.0,1.0,0.0,23.0
1539.1069031187683,76.0,5.0,3.0,1.0,0.0,23.0
1539.1076925924524,76.0,5.0,3.0,1.0,0.0,23.0
1539.4076925924523,76.0,5.0,3.0,1.0,0.0,23.0
1539.4084820661365,76.0,5.0,3.0,1.0,0.0,23.0
1539.7084820661364,76.0,5.0,3.0,1.0,0.0,23.0
1539.7092715398205,76.0,5.0,3.0,1.0,0.0,23.0
1540.0092715398205,76.0,5.0,3.0,1.0,0.0,23.0
1540.0100610135046,76.0,5.0,3.0,1.0,0.0,23.0
1540.3100610135045,76.0,5.0,3.0,1.0,0.0,23.0
1540.3108504871886,76.0,5.0,3.0,1.0,0.0,23.0
1540.6108504871886,76.0,5.0,3.0,1.0,0.0,23.0
1540.6116399608727,76.0,5.0,3.0,1.0,0.0,23.0
1540.9116399608727,76.0,5.0,3.0,1.0,0.0,23.0
1540.9124294345568,76.0,5.0,3.0,1.0,0.0,23.0
1541.2124294345567,76.0,5.0,3.0,1.0,0.0,23.0
1541.2132189082408,76.0,5.0,3.0,1.0,0.0,23.0
1541.5132189082408,76.0,5.0,3.0,1.0,0.0,23.0
1541.514008381925,76.0,5.0,3.0,1.0,0.0,23.0
1541.8140083819249,76.0,5.0,3.0,1.0,0.0,23.0
1541.814797855609,76.0,5.0,3.0,1.0,0.0,23.0
1542.114797855609,76.0,5.0,3.0,1.0,0.0,23.0
1542.115587329293,76.0,5.0,3.0,1.0,0.0,23.0
1542.415587329293,76.0,5.0,3.0,1.0,0.0,23.0
1542.416376802977,76.0,5.0,3.0,1.0,0.0,23.0
1542.716376802977,76.0,5.0,3.0,1.0,0.0,23.0
1542.7171662766611,76.0,5.0,3.0,1.0,0.0,23.0
1543.017166276661,76.0,5.0,3.0,1.0,0.0,23.0
1543.0179557503452,76.0,5.0,3.0,1.0,0.0,23.0
1543.3179557503452,76.0,5.0,3.0,1.0,0.0,23.0
1543.3187452240293,76.0,5.0,3.0,1.0,0.0,23.0
1543.6187452240292,76.0,5.0,3.0,1.0,0.0,23.0
1543.6195346977133,76.0,5.0,3.0,1.0,0.0,23.0
1543.9195346977133,76.0,5.0,3.0,1.0,0.0,23.0
1543.9203241713974,75.0,5.0,3.0,1.0,0.0,23.0
1544.2203241713974,75.0,5.0,3.0,1.0,0.0,23.0
1544.2211241713974,75.0,5.0,3.0,1.0,0.0,23.0
1544.5211241713973,75.0,5.0,3.0,1.0,0.0,23.0
1544.5219241713974,75.0,5.0,3.0,1.0,0.0,23.0
1544.8219241713973,75.0,5.0,3.0,1.0,0.0,23.0
1544.8227241713973,75.0,5.0,3.0,1.0,0.0,23.0
1545.1227241713973,75.0,5.0,3.0,1.0,0.0,23.0
1545.1235241713973,75.0,5.0,3.0,1.0,0.0,23.0
1545.4235241713973,75.0,5.0,3.0,1.0,0.0,23.0
1545.4243241713973,75.0,5.0,3.0,1.0,0.0,23.0
1545.7243241713973,75.0,5.0,3.0,1.0,0.0,23.0
1545.7251241713973,75.0,5.0,3.0,1.0,0.0,23.0
1546.0251241713972,75.0,5.0,3.0,1.0,0.0,23.0
1546.0259241713973,75.0,5.0,3.0,1.0,0.0,23.0
1546.3259241713972,75.0,5.0,3.0,1.0,0.0,23.0
1546.3267241713972,75.0,5.0,3.0,1.0,0.0,23.0
1546.6267241713972,75.0,5.0,3.0,1.0,0.0,23.0
1546.6275241713972,75.0,5.0,3.0,1.0,0.0,23.0
1546.9275241713972,75.0,5.0,3.0,1.0,0.0,23.0
1546.9283241713972,75.0,5.0,3.0,1.0,0.0,23.0
1547.2283241713972,75.0,5.0,3.0,1.0,0.0,23.0
1547.2291241713972,75.0,5.0,3.0,1.0,0.0,23.0
1547.5291241713971,75.0,5.0,3.0,1.0,0.0,23.0
1547.5299241713972,75.0,5.0,3.0,1.0,0.0,23.0
1547.8299241713971,75.0,5.0,3.0,1.0,0.0,23.0
1547.8307241713972,75.0,5.0,3.0,1.0,0.0,23.0
1548.130724171397,75.0,5.0,3.0,1.0,0.0,23.0
1548.1315241713971,75.0,5.0,3.0,1.0,0.0,23.0
1548.431524171397,75.0,5.0,3.0,1.0,0.0,23.0
1548.432324171397,75.0,5.0,3.0,1.0,0.0,23.0
1548.732324171397,75.0,5.0,3.0,1.0,0.0,23.0
1548.733124171397,75.0,5.0,3.0,1.0,0.0,23.0
1549.033124171397,75.0,5.0,3.0,1.0,0.0,23.0
1549.033924171397,75.0,5.0,3.0,1.0,0.0,23.0
1549.333924171397,75.0,5.0,3.0,1.0,0.0,23.0
1549.334724171397,75.0,5.0,3.0,1.0,0.0,23.0
1549.634724171397,75.0,5.0,3.0,1.0,0.0,23.0
1549.635524171397,75.0,5.0,3.0,1.0,0.0,23.0
1549.935524171397,75.0,5.0,3.0,1.0,0.0,23.0
1549.936324171397,75.0,5.0,3.0,1.0,0.0,23.0
1550.236324171397,75.0,5.0,3.0,1.0,0.0,23.0
1550.237124171397,75.0,5.0,3.0,1.0,0.0,23.0
1550.537124171397,75.0,5.0,3.0,1.0,0.0,23.0
1550.537924171397,75.0,5.0,3.0,1.0,0.0,23.0
1550.837924171397,75.0,5.0,3.0,1.0,0.0,23.0
1550.838724171397,75.0,5.0,3.0,1.0,0.0,23.0
1551.138724171397,75.0,5.0,3.0,1.0,0.0,23.0
1551.139524171397,75.0,5.0,3.0,1.0,0.0,23.0
1551.439524171397,75.0,5.0,3.0,1.0,0.0,23.0
1551.440324171397,75.0,5.0,3.0,1.0,0.0,23.0
1551.7403241713969,75.0,5.0,3.0,1.0,0.0,23.0
1551.741124171397,75.0,5.0,3.0,1.0,0.0,23.0
1552.0411241713969,75.0,5.0,3.0,1.0,0.0,23.0
1552.0419241713969,75.0,5.0,3.0,1.0,0.0,23.0
1552.3419241713968,75.0,5.0,3.0,1.0,0.0,23.0
1552.3427241713969,75.0,5.0,3.0,1.0,0.0,23.0
1552.6427241713968,75.0,5.0,3.0,1.0,0.0,23.0
1552.6435241713968,75.0,5.0,3.0,1.0,0.0,23.0
1552.9435241713968,75.0,5.0,3.0,1.0,0.0,23.0
1552.9443241713968,75.0,5.0,3.0,1.0,0.0,23.0
1553.2443241713968,75.0,5.0,3.0,1.0,0.0,23.0
1553.2451241713968,75.0,5.0,3.0,1.0,0.0,23.0
1553.5451241713968,75.0,5.0,3.0,1.0,0.0,23.0
1553.5459241713968,75.0,5.0,3.0,1.0,0.0,23.0
1553.8459241713967,75.0,5.0,3.0,1.0,0.0,23.0
1553.8467241713968,74.0,5.0,3.0,1.0,0.0,23.0
1554.1467241713967,74.0,5.0,3.0,1.0,0.0,23.0
1554.1475349822076,74.0,5.0,3.0,1.0,0.0,23.0
1554.4475349822076,74.0,5.0,3.0,1.0,0.0,23.0
1554.4483457930185,74.0,5.0,3.0,1.0,0.0,23.0
1554.7483457930184,74.0,5.0,3.0,1.0,0.0,23.0
1554.7491566038293,74.0,5.0,3.0,1.0,0.0,23.0
1555.0491566038293,74.0,5.0,3.0,1.0,0.0,23.0
1555.0499674146402,74.0,5.0,3.0,1.0,0.0,23.0
1555.34996741464,74.0,5.0,3.0,1.0,0.0,23.0
1555.350778225451,74.0,5.0,3.0,1.0,0.0,23.0
1555.650778225451,74.0,5.0,3.0,1.0,0.0,23.0
1555.6515890362618,74.0,5.0,3.0,1.0,0.0,23.0
1555.9515890362618,74.0,5.0,3.0,1.0,0.0,23.0
1555.9523998470727,74.0,5.0,3.0,1.0,0.0,23.0
1556.2523998470726,74.0,5.0,3.0,1.0,0.0,23.0
1556.2532106578835,74.0,5.0,3.0,1.0,0.0,23.0
1556.5532106578835,74.0,5.0,3.0,1.0,0.0,23.0
1556.5540214686944,74.0,5.0,3.0,1.0,0.0,23.0
1556.8540214686943,74.0,5.0,3.0,1.0,0.0,23.0
1556.8548322795052,74.0,5.0,3.0,1.0,0.0,23.0
1557.1548322795052,74.0,5.0,3.0,1.0,0.0,23.0
1557.155643090316,74.0,5.0,3.0,1.0,0.0,23.0
1557.455643090316,74.0,5.0,3.0,1.0,0.0,23.0
1557.456453901127,74.0,5.0,3.0,1.0,0.0,23.0
1557.7564539011269,74.0,5.0,3.0,1.0,0.0,23.0
1557.7572647119378,74.0,5.0,3.0,1.0,0.0,23.0
1558.0572647119377,74.0,5.0,3.0,1.0,0.0,23.0
1558.0580755227486,74.0,5.0,3.0,1.0,0.0,23.0
1558.3580755227485,74.0,5.0,3.0,1.0,0.0,23.0
1558.3588863335594,74.0,5.0,3.0,1.0,0.0,23.0
1558.6588863335594,74.0,5.0,3.0,1.0,0.0,23.0
1558.6596971443703,74.0,5.0,3.0,1.0,0.0,23.0
1558.9596971443702,74.0,5.0,3.0,1.0,0.0,23.0
1558.9605079551811,74.0,5.0,3.0,1.0,0.0,23.0
1559.260507955181,74.0,5.0,3.0,1.0,0.0,23.0
1559.261318765992,74.0,5.0,3.0,1.0,0.0,23.0
1559.561318765992,74.0,5.0,3.0,1.0,0.0,23.0
1559.5621295768028,74.0,5.0,3.0,1.0,0.0,23.0
1559.8621295768028,74.0,5.0,3.0,1.0,0.0,23.0
1559.8629403876137,74.0,5.0,3.0,1.0,0.0,23.0
1560.1629403876136,74.0,5.0,3.0,1.0,0.0,23.0
1560.1637511984245,74.0,5.0,3.0,1.0,0.0,23.0
1560.4637511984245,74.0,5.0,3.0,1.0,0.0,23.0
1560.4645620092354,74.0,5.0,3.0,1.0,0.0,23.0
1560.7645620092353,74.0,5.0,3.0,1.0,0.0,23.0
1560.7653728200462,74.0,5.0,3.0,1.0,0.0,23.0
1561.0653728200462,74.0,5.0,3.0,1.0,0.0,23.0
1561.066183630857,74.0,5.0,3.0,1.0,0.0,23.0
1561.366183630857,74.0,5.0,3.0,1.0,0.0,23.0
1561.3669944416679,74.0,5.0,3.0,1.0,0.0,23.0
1561.6669944416678,74.0,5.0,3.0,1.0,0.0,23.0
1561.6678052524787,75.0,5.0,3.0,1.0,0.0,23.0
1561.9678052524787,75.0,5.0,3.0,1.0,0.0,23.0
1561.9686052524787,75.0,5.0,3.0,1.0,0.0,23.0
1562.2686052524787,75.0,5.0,3.0,1.0,0.0,23.0
1562.2694052524787,75.0,5.0,3.0,1.0,0.0,23.0
1562.5694052524786,75.0,5.0,3.0,1.0,0.0,23.0
1562.5702052524787,75.0,5.0,3.0,1.0,0.0,23.0
1562.8702052524786,75.0,5.0,3.0,1.0,0.0,23.0
1562.8710052524787,76.0,5.0,3.0,1.0,0.0,23.0
1563.1710052524786,76.0,5.0,3.0,1.0,0.0,23.0
1563.1717947261627,76.0,5.0,3.0,1.0,0.0,23.0
1563.4717947261627,76.0,5.0,3.0,1.0,0.0,23.0
1563.4725841998468,76.0,5.0,3.0,1.0,0.0,23.0
1563.7725841998467,76.0,5.0,3.0,1.0,0.0,23.0
1563.7733736735308,76.0,5.0,3.0,1.0,0.0,23.0
1564.0733736735308,76.0,5.0,3.0,1.0,0.0,23.0
1564.074163147215,76.0,5.0,3.0,1.0,0.0,23.0
1564.3741631472149,76.0,5.0,3.0,1.0,0.0,23.0
1564.374952620899,76.0,5.0,3.0,1.0,0.0,23.0
1564.674952620899,76.0,5.0,3.0,1.0,0.0,23.0
1564.675742094583,76.0,5.0,3.0,1.0,0.0,23.0
1564.975742094583,76.0,5.0,3.0,1.0,0.0,23.0
1564.976531568267,76.0,5.0,3.0,1.0,0.0,23.0
1565.276531568267,76.0,5.0,3.0,1.0,0.0,23.0
1565.2773210419512,76.0,5.0,3.0,1.0,0.0,23.0
1565.577321041951,76.0,5.0,3.0,1.0,0.0,23.0
1565.5781105156352,76.0,5.0,3.0,1.0,0.0,23.0
1565.8781105156352,76.0,5.0,3.0,1.0,0.0,23.0
1565.8788999893193,76.0,5.0,3.0,1.0,0.0,23.0
1566.1788999893192,76.0,5.0,3.0,1.0,0.0,23.0
1566.1796894630033,76.0,5.0,3.0,1.0,0.0,23.0
1566.4796894630033,76.0,5.0,3.0,1.0,0.0,23.0
1566.4804789366874,76.0,5.0,3.0,1.0,0.0,23.0
1566.7804789366874,76.0,5.0,3.0,1.0,0.0,23.0
1566.7812684103715,76.0,5.0,3.0,1.0,0.0,23.0
1567.0812684103714,76.0,5.0,3.0,1.0,0.0,23.0
1567.0820578840555,76.0,5.0,3.0,1.0,0.0,23.0
1567.3820578840555,76.0,5.0,3.0,1.0,0.0,23.0
1567.3828473577396,76.0,5.0,3.0,1.0,0.0,23.0
1567.6828473577395,76.0,5.0,3.0,1.0,0.0,23.0
1567.6836368314237,76.0,5.0,3.0,1.0,0.0,23.0
1567.9836368314236,76.0,5.0,3.0,1.0,0.0,23.0
1567.9844263051077,76.0,5.0,3.0,1.0,0.0,23.0
1568.2844263051077,76.0,5.0,3.0,1.0,0.0,23.0
1568.2852157787918,76.0,5.0,3.0,1.0,0.0,23.0
1568.5852157787917,76.0,5.0,3.0,1.0,0.0,23.0
1568.5860052524758,76.0,5.0,3.0,1.0,0.0,23.0
1568.8860052524758,76.0,5.0,3.0,1.0,0.0,23.0
1568.88679472616,76.0,5.0,3.0,1.0,0.0,23.0
1569.1867947261599,76.0,5.0,3.0,1.0,0.0,23.0
1569.187584199844,76.0,5.0,3.0,1.0,0.0,23.0
1569.487584199844,76.0,5.0,3.0,1.0,0.0,23.0
1569.488373673528,76.0,5.0,3.0,1.0,0.0,23.0
1569.788373673528,76.0,5.0,3.0,1.0,0.0,23.0
1569.789163147212,76.0,5.0,3.0,1.0,0.0,23.0
1570.089163147212,76.0,5.0,3.0,1.0,0.0,23.0
1570.0899526208962,76.0,5.0,3.0,1.0,0.0,23.0
1570.389952620896,76.0,5.0,3.0,1.0,0.0,23.0
1570.3907420945802,76.0,5.0,3.0,1.0,0.0,23.0
1570.6907420945802,76.0,5.0,3.0,1.0,0.0,23.0
1570.6915315682643,76.0,5.0,3.0,1.0,0.0,23.0
1570.9915315682642,76.0,5.0,3.0,1.0,0.0,23.0
1570.9923210419483,76.0,5.0,3.0,1.0,0.0,23.0
1571.2923210419483,76.0,5.0,3.0,1.0,0.0,23.0
1571.2931105156324,76.0,5.0,3.0,1.0,0.0,23.0
1571.5931105156324,76.0,5.0,3.0,1.0,0.0,23.0
1571.5938999893165,76.0,5.0,3.0,1.0,0.0,23.0
1571.8938999893164,76.0,5.0,3.0,1.0,0.0,23.0
1571.8946894630005,76.0,5.0,3.0,1.0,0.0,23.0
1572.1946894630005,76.0,5.0,3.0,1.0,0.0,23.0
1572.1954789366846,76.0,5.0,3.0,1.0,0.0,23.0
1572.4954789366845,76.0,5.0,3.0,1.0,0.0,23.0
1572.4962684103687,76.0,5.0,3.0,1.0,0.0,23.0
1572.7962684103686,76.0,5.0,3.0,1.0,0.0,23.0
1572.7970578840527,76.0,5.0,3.0,1.0,0.0,23.0
1573.0970578840527,76.0,5.0,3.0,1.0,0.0,23.0
1573.0978473577368,76.0,5.0,3.0,1.0,0.0,23.0
1573.3978473577367,76.0,5.0,3.0,1.0,0.0,23.0
1573.3986368314208,76.0,5.0,3.0,1.0,0.0,23.0
1573.6986368314208,76.0,5.0,3.0,1.0,0.0,23.0
1573.699426305105,76.0,5.0,3.0,1.0,0.0,23.0
1573.9994263051049,76.0,5.0,3.0,1.0,0.0,23.0
1574.000215778789,76.0,5.0,3.0,1.0,0.0,23.0
1574.300215778789,76.0,5.0,3.0,1.0,0.0,23.0
1574.301005252473,76.0,5.0,3.0,1.0,0.0,23.0
1574.601005252473,76.0,5.0,3.0,1.0,0.0,23.0
1574.601794726157,76.0,5.0,3.0,1.0,0.0,23.0
1574.901794726157,76.0,5.0,3.0,1.0,0.0,23.0
1574.9025841998412,76.0,5.0,3.0,1.0,0.0,23.0
1575.202584199841,76.0,5.0,3.0,1.0,0.0,23.0
1575.2033736735252,76.0,5.0,3.0,1.0,0.0,23.0
1575.5033736735252,76.0,5.0,3.0,1.0,0.0,23.0
1575.5041631472093,76.0,5.0,3.0,1.0,0.0,23.0
1575.8041631472092,76.0,5.0,3.0,1.0,0.0,23.0
1575.8049526208933,76.0,5.0,3.0,1.0,0.0,23.0
1576.1049526208933,76.0,5.0,3.0,1.0,0.0,23.0
1576.1057420945774,76.0,5.0,3.0,1.0,0.0,23.0
1576.4057420945774,76.0,5.0,3.0,1.0,0.0,23.0
1576.4065315682615,76.0,5.0,3.0,1.0,0.0,23.0
1576.7065315682614,76.0,5.0,3.0,1.0,0.0,23.0
1576.7073210419455,76.0,5.0,3.0,1.0,0.0,23.0
1577.0073210419455,76.0,5.0,3.0,1.0,0.0,23.0
1577.0081105156296,76.0,5.0,3.0,1.0,0.0,23.0
1577.3081105156296,76.0,5.0,3.0,1.0,0.0,23.0
1577.3088999893137,76.0,5.0,3.0,1.0,0.0,23.0
1577.6088999893136,76.0,5.0,3.0,1.0,0.0,23.0
1577.6096894629977,76.0,5.0,3.0,1.0,0.0,23.0
1577.9096894629977,76.0,5.0,3.0,1.0,0.0,23.0
1577.9104789366818,76.0,5.0,3.0,1.0,0.0,23.0
1578.2104789366817,76.0,5.0,3.0,1.0,0.0,23.0
1578.2112684103658,76.0,5.0,3.0,1.0,0.0,23.0
1578.5112684103658,76.0,5.0,3.0,1.0,0.0,23.0
1578.51205788405,76.0,5.0,3.0,1.0,0.0,23.0
1578.8120578840499,76.0,5.0,3.0,1.0,0.0,23.0
1578.812847357734,76.0,5.0,3.0,1.0,0.0,23.0
1579.112847357734,76.0,5.0,3.0,1.0,0.0,23.0
1579.113636831418,76.0,5.0,3.0,1.0,0.0,23.0
1579.413636831418,76.0,5.0,3.0,1.0,0.0,23.0
1579.414426305102,76.0,5.0,3.0,1.0,0.0,23.0
1579.714426305102,76.0,5.0,3.0,1.0,0.0,23.0
1579.7152157787862,76.0,5.0,3.0,1.0,0.0,23.0
1580.0152157787861,76.0,5.0,3.0,1.0,0.0,23.0
1580.0160052524702,76.0,5.0,3.0,1.0,0.0,23.0
1580.3160052524702,76.0,5.0,3.0,1.0,0.0,23.0
1580.3167947261543,76.0,5.0,3.0,1.0,0.0,23.0
1580.6167947261542,76.0,5.0,3.0,1.0,0.0,23.0
1580.6175841998383,76.0,5.0,3.0,1.0,0.0,23.0
1580.9175841998383,76.0,5.0,3.0,1.0,0.0,23.0
1580.9183736735224,76.0,5.0,3.0,1.0,0.0,23.0
1581.2183736735224,76.0,5.0,3.0,1.0,0.0,23.0
1581.2191631472065,76.0,5.0,3.0,1.0,0.0,23.0
1581.5191631472064,76.0,5.0,3.0,1.0,0.0,23.0
1581.5199526208905,76.0,5.0,3.0,1.0,0.0,23.0
1581.8199526208905,76.0,5.0,3.0,1.0,0.0,23.0
1581.8207420945746,76.0,5.0,3.0,1.0,0.0,23.0
1582.1207420945746,76.0,5.0,3.0,1.0,0.0,23.0
1582.1215315682587,76.0,5.0,3.0,1.0,0.0,23.0
1582.4215315682586,76.0,5.0,3.0,1.0,0.0,23.0
1582.4223210419427,76.0,5.0,3.0,1.0,0.0,23.0
1582.7223210419427,76.0,5.0,3.0,1.0,0.0,23.0
1582.7231105156268,76.0,5.0,3.0,1.0,0.0,23.0
1583.0231105156267,76.0,5.0,3.0,1.0,0.0,23.0
1583.0238999893108,76.0,5.0,3.0,1.0,0.0,23.0
1583.3238999893108,76.0,5.0,3.0,1.0,0.0,23.0
1583.324689462995,76.0,5.0,3.0,1.0,0.0,23.0
1583.6246894629949,76.0,5.0,3.0,1.0,0.0,23.0
1583.625478936679,76.0,5.0,3.0,1.0,0.0,23.0
1583.925478936679,76.0,5.0,3.0,1.0,0.0,23.0
1583.926268410363,76.0,5.0,3.0,1.0,0.0,23.0
1584.226268410363,76.0,5.0,3.0,1.0,0.0,23.0
1584.227057884047,76.0,5.0,3.0,1.0,0.0,23.0
1584.527057884047,76.0,5.0,3.0,1.0,0.0,23.0
1584.5278473577312,76.0,5.0,3.0,1.0,0.0,23.0
1584.8278473577311,76.0,5.0,3.0,1.0,0.0,23.0
1584.8286368314152,76.0,5.0,3.0,1.0,0.0,23.0
1585.1286368314152,76.0,5.0,3.0,1.0,0.0,23.0
1585.1294263050993,76.0,5.0,3.0,1.0,0.0,23.0
1585.4294263050992,76.0,5.0,3.0,1.0,0.0,23.0
1585.4302157787833,76.0,5.0,3.0,1.0,0.0,23.0
1585.7302157787833,76.0,5.0,3.0,1.0,0.0,23.0
1585.7310052524674,76.0,5.0,3.0,1.0,0.0,23.0
1586.0310052524674,76.0,5.0,3.0,1.0,0.0,23.0
1586.0317947261515,76.0,5.0,3.0,1.0,0.0,23.0
1586.3317947261514,76.0,5.0,3.0,1.0,0.0,23.0
1586.3325841998355,76.0,5.0,3.0,1.0,0.0,23.0
1586.6325841998355,76.0,5.0,3.0,1.0,0.0,23.0
1586.6333736735196,76.0,5.0,3.0,1.0,0.0,23.0
1586.9333736735196,76.0,5.0,3.0,1.0,0.0,23.0
1586.9341631472037,76.0,5.0,3.0,1.0,0.0,23.0
1587.2341631472036,76.0,5.0,3.0,1.0,0.0,23.0
1587.2349526208877,76.0,5.0,3.0,1.0,0.0,23.0
1587.5349526208877,76.0,5.0,3.0,1.0,0.0,23.0
1587.5357420945718,76.0,5.0,3.0,1.0,0.0,23.0
1587.8357420945717,76.0,5.0,3.0,1.0,0.0,23.0
1587.8365315682559,76.0,5.0,3.0,1.0,0.0,23.0
1588.1365315682558,76.0,5.0,3.0,1.0,0.0,23.0
1588.13732104194,76.0,5.0,3.0,1.0,0.0,23.0
1588.4373210419399,76.0,5.0,3.0,1.0,0.0,23.0
1588.438110515624,76.0,5.0,3.0,1.0,0.0,23.0
1588.738110515624,76.0,5.0,3.0,1.0,0.0,23.0
1588.738899989308,76.0,5.0,3.0,1.0,0.0,23.0
1589.038899989308,76.0,5.0,3.0,1.0,0.0,23.0
1589.039689462992,76.0,5.0,3.0,1.0,0.0,23.0
1589.339689462992,76.0,5.0,3.0,1.0,0.0,23.0
1589.3404789366762,76.0,5.0,3.0,1.0,0.0,23.0
1589.6404789366761,76.0,5.0,3.0,1.0,0.0,23.0
1589.6412684103602,76.0,5.0,3.0,1.0,0.0,23.0
1589.9412684103602,76.0,5.0,3.0,1.0,0.0,23.0
1589.9420578840443,76.0,5.0,3.0,1.0,0.0,23.0
1590.2420578840442,76.0,5.0,3.0,1.0,0.0,23.0
1590.2428473577284,76.0,5.0,3.0,1.0,0.0,23.0
1590.5428473577283,76.0,5.0,3.0,1.0,0.0,23.0
1590.5436368314124,76.0,5.0,3.0,1.0,0.0,23.0
1590.8436368314124,76.0,5.0,3.0,1.0,0.0,23.0
1590.8444263050965,76.0,5.0,3.0,1.0,0.0,23.0
1591.1444263050964,76.0,5.0,3.0,1.0,0.0,23.0
1591.1452157787805,76.0,5.0,3.0,1.0,0.0,23.0
1591.4452157787805,76.0,5.0,3.0,1.0,0.0,23.0
1591.4460052524646,76.0,5.0,3.0,1.0,0.0,23.0
1591.7460052524646,76.0,5.0,3.0,1.0,0.0,23.0
1591.7467947261487,76.0,5.0,3.0,1.0,0.0,23.0
1592.0467947261486,76.0,5.0,3.0,1.0,0.0,23.0
1592.0475841998327,76.0,5.0,3.0,1.0,0.0,23.0
1592.3475841998327,76.0,5.0,3.0,1.0,0.0,23.0
1592.3483736735168,76.0,5.0,3.0,1.0,0.0,23.0
1592.6483736735167,76.0,5.0,3.0,1.0,0.0,23.0
1592.6491631472009,76.0,5.0,3.0,1.0,0.0,23.0
1592.9491631472008,76.0,5.0,3.0,1.0,0.0,23.0
1592.949952620885,76.0,5.0,3.0,1.0,0.0,23.0
1593.2499526208849,76.0,5.0,3.0,1.0,0.0,23.0
1593.250742094569,76.0,5.0,3.0,1.0,0.0,23.0
1593.550742094569,76.0,5.0,3.0,1.0,0.0,23.0
1593.551531568253,76.0,5.0,3.0,1.0,0.0,23.0
1593.851531568253,76.0,5.0,3.0,1.0,0.0,23.0
1593.852321041937,76.0,5.0,3.0,1.0,0.0,23.0
1594.152321041937,76.0,5.0,3.0,1.0,0.0,23.0
1594.1531105156212,76.0,5.0,3.0,1.0,0.0,23.0
1594.4531105156211,76.0,5.0,3.0,1.0,0.0,23.0
1594.4538999893052,76.0,5.0,3.0,1.0,0.0,23.0
1594.7538999893052,76.0,5.0,3.0,1.0,0.0,23.0
1594.7546894629893,76.0,5.0,3.0,1.0,0.0,23.0
1595.0546894629892,76.0,5.0,3.0,1.0,0.0,23.0
1595.0554789366734,76.0,5.0,3.0,1.0,0.0,23.0
1595.3554789366733,76.0,5.0,3.0,1.0,0.0,23.0
1595.3562684103574,76.0,5.0,3.0,1.0,0.0,23.0
1595.6562684103574,76.0,5.0,3.0,1.0,0.0,23.0
1595.6570578840415,76.0,5.0,3.0,1.0,0.0,23.0
1595.9570578840414,76.0,5.0,3.0,1.0,0.0,23.0
1595.9578473577255,76.0,5.0,3.0,1.0,0.0,23.0
1596.2578473577255,76.0,5.0,3.0,1.0,0.0,23.0
1596.2586368314096,76.0,5.0,3.0,1.0,0.0,23.0
1596.5586368314096,76.0,5.0,3.0,1.0,0.0,23.0
1596.5594263050937,76.0,5.0,3.0,1.0,0.0,23.0
1596.8594263050936,76.0,5.0,3.0,1.0,0.0,23.0
1596.8602157787777,76.0,5.0,3.0,1.0,0.0,23.0
1597.1602157787777,76.0,5.0,3.0,1.0,0.0,23.0
1597.1610052524618,76.0,5.0,3.0,1.0,0.0,23.0
1597.4610052524617,76.0,5.0,3.0,1.0,0.0,23.0
1597.4617947261459,76.0,5.0,3.0,1.0,0.0,23.0
1597.7617947261458,76.0,5.0,3.0,1.0,0.0,23.0
1597.76258419983,76.0,5.0,3.0,1.0,0.0,23.0
1598.0625841998299,76.0,5.0,3.0,1.0,0.0,23.0
1598.063373673514,76.0,5.0,3.0,1.0,0.0,23.0
1598.363373673514,76.0,5.0,3.0,1.0,0.0,23.0
1598.364163147198,76.0,5.0,3.0,1.0,0.0,23.0
1598.664163147198,76.0,5.0,3.0,1.0,0.0,23.0
1598.664952620882,76.0,5.0,3.0,1.0,0.0,23.0
1598.964952620882,76.0,5.0,3.0,1.0,0.0,23.0
1598.9657420945662,77.0,5.0,3.0,1.0,0.0,23.0
1599.2657420945661,77.0,5.0,3.0,1.0,0.0,23.0
1599.2665213153452,77.0,5.0,3.0,1.0,0.0,23.0
1599.5665213153452,77.0,5.0,3.0,1.0,0.0,23.0
1599.5673005361243,77.0,5.0,3.0,1.0,0.0,23.0
1599.8673005361243,77.0,5.0,3.0,1.0,0.0,23.0
1599.8680797569034,77.0,5.0,3.0,1.0,0.0,23.0
1600.1680797569034,77.0,5.0,3.0,1.0,0.0,23.0
1600.1688589776825,77.0,5.0,3.0,1.0,0.0,23.0
1600.4688589776824,77.0,5.0,3.0,1.0,0.0,23.0
1600.4696381984616,78.0,5.0,3.0,1.0,0.0,23.0
1600.7696381984615,78.0,5.0,3.0,1.0,0.0,23.0
1600.7704074292308,78.0,5.0,3.0,1.0,0.0,23.0
1601.0704074292307,78.0,5.0,3.0,1.0,0.0,23.0
1601.07117666,78.0,5.0,3.0,1.0,0.0,23.0
1601.37117666,78.0,5.0,3.0,1.0,0.0,23.0
1601.3719458907692,78.0,5.0,3.0,1.0,0.0,23.0
1601.6719458907692,78.0,5.0,3.0,1.0,0.0,23.0
1601.6727151215384,78.0,5.0,3.0,1.0,0.0,23.0
1601.9727151215384,78.0,5.0,3.0,1.0,0.0,23.0
1601.9734843523077,78.0,5.0,3.0,1.0,0.0,23.0
1602.2734843523076,78.0,5.0,3.0,1.0,0.0,23.0
1602.2742535830769,78.0,5.0,3.0,1.0,0.0,23.0
1602.5742535830768,78.0,5.0,3.0,1.0,0.0,23.0
1602.575022813846,78.0,5.0,3.0,1.0,0.0,23.0
1602.875022813846,78.0,5.0,3.0,1.0,0.0,23.0
1602.8757920446153,78.0,5.0,3.0,1.0,0.0,23.0
1603.1757920446153,78.0,5.0,3.0,1.0,0.0,23.0
1603.1765612753845,78.0,5.0,3.0,1.0,0.0,23.0
1603.4765612753845,78.0,5.0,3.0,1.0,0.0,23.0
1603.4773305061537,78.0,5.0,3.0,1.0,0.0,23.0
1603.7773305061537,78.0,5.0,3.0,1.0,0.0,23.0
1603.778099736923,78.0,5.0,3.0,1.0,0.0,23.0
1604.078099736923,78.0,5.0,3.0,1.0,0.0,23.0
1604.0788689676922,78.0,5.0,3.0,1.0,0.0,23.0
1604.3788689676921,78.0,5.0,3.0,1.0,0.0,23.0
1604.3796381984614,78.0,5.0,3.0,1.0,0.0,23.0
1604.6796381984614,78.0,5.0,3.0,1.0,0.0,23.0
1604.6804074292306,78.0,5.0,3.0,1.0,0.0,23.0
1604.9804074292306,78.0,5.0,3.0,1.0,0.0,23.0
1604.9811766599998,78.0,5.0,3.0,1.0,0.0,23.0
1605.2811766599998,78.0,5.0,3.0,1.0,0.0,23.0
1605.281945890769,78.0,5.0,3.0,1.0,0.0,23.0
1605.581945890769,78.0,5.0,3.0,1.0,0.0,23.0
1605.5827151215383,78.0,5.0,3.0,1.0,0.0,23.0
1605.8827151215382,78.0,5.0,3.0,1.0,0.0,23.0
1605.8834843523075,78.0,5.0,3.0,1.0,0.0,23.0
1606.1834843523075,78.0,5.0,3.0,1.0,0.0,23.0
1606.1842535830767,78.0,5.0,3.0,1.0,0.0,23.0
1606.4842535830767,78.0,5.0,3.0,1.0,0.0,23.0
1606.485022813846,78.0,5.0,3.0,1.0,0.0,23.0
1606.785022813846,78.0,5.0,3.0,1.0,0.0,23.0
1606.7857920446152,78.0,5.0,3.0,1.0,0.0,23.0
1607.0857920446151,78.0,5.0,3.0,1.0,0.0,23.0
1607.0865612753844,78.0,5.0,3.0,1.0,0.0,23.0
1607.3865612753843,78.0,5.0,3.0,1.0,0.0,23.0
1607.3873305061536,78.0,5.0,3.0,1.0,0.0,23.0
1607.6873305061536,78.0,5.0,3.0,1.0,0.0,23.0
1607.6880997369228,78.0,5.0,3.0,1.0,0.0,23.0
1607.9880997369228,78.0,5.0,3.0,1.0,0.0,23.0
1607.988868967692,78.0,5.0,3.0,1.0,0.0,23.0
1608.288868967692,78.0,5.0,3.0,1.0,0.0,23.0
1608.2896381984613,78.0,5.0,3.0,1.0,0.0,23.0
1608.5896381984612,78.0,5.0,3.0,1.0,0.0,23.0
1608.5904074292305,78.0,5.0,3.0,1.0,0.0,23.0
1608.8904074292304,78.0,5.0,3.0,1.0,0.0,23.0
1608.8911766599997,78.0,5.0,3.0,1.0,0.0,23.0
1609.1911766599997,78.0,5.0,3.0,1.0,0.0,23.0
1609.191945890769,78.0,5.0,3.0,1.0,0.0,23.0
1609.4919458907689,78.0,5.0,3.0,1.0,0.0,23.0
1609.4927151215381,78.0,5.0,3.0,1.0,0.0,23.0
1609.792715121538,78.0,5.0,3.0,1.0,0.0,23.0
1609.7934843523074,78.0,5.0,3.0,1.0,0.0,23.0
1610.0934843523073,78.0,5.0,3.0,1.0,0.0,23.0
1610.0942535830766,78.0,5.0,3.0,1.0,0.0,23.0
1610.3942535830765,78.0,5.0,3.0,1.0,0.0,23.0
1610.3950228138458,78.0,5.0,3.0,1.0,0.0,23.0
1610.6950228138458,78.0,5.0,3.0,1.0,0.0,23.0
1610.695792044615,78.0,5.0,3.0,1.0,0.0,23.0
1610.995792044615,78.0,5.0,3.0,1.0,0.0,23.0
1610.9965612753842,78.0,5.0,3.0,1.0,0.0,23.0
1611.2965612753842,78.0,5.0,3.0,1.0,0.0,23.0
1611.2973305061535,78.0,5.0,3.0,1.0,0.0,23.0
1611.5973305061534,78.0,5.0,3.0,1.0,0.0,23.0
1611.5980997369227,78.0,5.0,3.0,1.0,0.0,23.0
1611.8980997369226,78.0,5.0,3.0,1.0,0.0,23.0
1611.898868967692,78.0,5.0,3.0,1.0,0.0,23.0
1612.1988689676919,78.0,5.0,3.0,1.0,0.0,23.0
1612.1996381984611,78.0,5.0,1.0,1.0,0.0,23.0
1612.499638198461,78.0,5.0,1.0,1.0,0.0,23.0
1612.5004074292303,78.0,5.0,1.0,1.0,0.0,23.0
1612.8004074292303,78.0,5.0,1.0,1.0,0.0,23.0
1612.8011766599996,78.0,5.0,1.0,1.0,0.0,23.0
1613.1011766599995,78.0,5.0,1.0,1.0,0.0,23.0
1613.1019458907688,78.0,5.0,1.0,1.0,0.0,23.0
1613.4019458907687,78.0,5.0,1.0,1.0,0.0,23.0
1613.402715121538,78.0,5.0,1.0,1.0,0.0,23.0
1613.702715121538,78.0,5.0,1.0,1.0,0.0,23.0
1613.7034843523072,78.0,5.0,1.0,1.0,0.0,23.0
1614.0034843523072,78.0,5.0,1.0,1.0,0.0,23.0
1614.0042535830764,78.0,5.0,1.0,1.0,0.0,23.0
1614.3042535830764,78.0,5.0,1.0,1.0,0.0,23.0
1614.3050228138457,78.0,5.0,1.0,1.0,0.0,23.0
1614.6050228138456,78.0,5.0,1.0,1.0,0.0,23.0
1614.6057920446149,78.0,5.0,1.0,1.0,0.0,23.0
1614.9057920446148,78.0,5.0,1.0,1.0,0.0,23.0
1614.906561275384,78.0,5.0,1.0,1.0,0.0,23.0
1615.206561275384,78.0,5.0,1.0,1.0,0.0,23.0
1615.2073305061533,78.0,5.0,1.0,1.0,0.0,23.0
1615.5073305061533,78.0,5.0,1.0,1.0,0.0,23.0
1615.5080997369225,78.0,5.0,1.0,1.0,0.0,23.0
1615.8080997369225,78.0,5.0,1.0,1.0,0.0,23.0
1615.8088689676918,78.0,5.0,1.0,1.0,0.0,23.0
1616.1088689676917,78.0,5.0,1.0,1.0,0.0,23.0
1616.109638198461,78.0,5.0,1.0,1.0,0.0,23.0
1616.409638198461,78.0,5.0,1.0,1.0,0.0,23.0
1616.4104074292302,78.0,5.0,1.0,1.0,0.0,23.0
1616.7104074292301,78.0,5.0,1.0,1.0,0.0,23.0
1616.7111766599994,78.0,5.0,1.0,1.0,0.0,23.0
1617.0111766599994,78.0,5.0,1.0,1.0,0.0,23.0
1617.0119458907686,78.0,5.0,1.0,1.0,0.0,23.0
1617.3119458907686,78.0,5.0,1.0,1.0,0.0,23.0
1617.3127151215378,78.0,5.0,1.0,1.0,0.0,23.0
1617.6127151215378,78.0,5.0,1.0,1.0,0.0,23.0
1617.613484352307,78.0,5.0,1.0,1.0,0.0,23.0
1617.913484352307,78.0,5.0,1.0,1.0,0.0,23.0
1617.9142535830763,78.0,5.0,1.0,1.0,0.0,23.0
1618.2142535830762,78.0,5.0,1.0,1.0,0.0,23.0
1618.2150228138455,78.0,5.0,1.0,1.0,0.0,23.0
1618.5150228138455,78.0,5.0,1.0,1.0,0.0,23.0
1618.5157920446147,78.0,5.0,1.0,1.0,0.0,23.0
1618.8157920446147,78.0,5.0,1.0,1.0,0.0,23.0
1618.816561275384,78.0,5.0,1.0,1.0,0.0,23.0
1619.116561275384,78.0,5.0,1.0,1.0,0.0,23.0
1619.1173305061532,78.0,5.0,1.0,1.0,0.0,23.0
1619.4173305061531,78.0,5.0,1.0,1.0,0.0,23.0
1619.4180997369224,77.0,5.0,1.0,1.0,0.0,23.0
1619.7180997369223,77.0,5.0,1.0,1.0,0.0,23.0
1619.7188789577015,77.0,5.0,1.0,1.0,0.0,23.0
1620.0188789577014,77.0,5.0,1.0,1.0,0.0,23.0
1620.0196581784805,77.0,5.0,1.0,1.0,0.0,23.0
1620.3196581784805,77.0,5.0,1.0,1.0,0.0,23.0
1620.3204373992596,77.0,5.0,1.0,1.0,0.0,23.0
1620.6204373992596,77.0,5.0,1.0,1.0,0.0,23.0
1620.6212166200387,77.0,5.0,1.0,1.0,0.0,23.0
1620.9212166200386,77.0,5.0,1.0,1.0,0.0,23.0
1620.9219958408178,77.0,5.0,1.0,1.0,0.0,23.0
1621.2219958408177,77.0,5.0,1.0,1.0,0.0,23.0
1621.2227750615968,77.0,5.0,1.0,1.0,0.0,23.0
1621.5227750615968,77.0,5.0,1.0,1.0,0.0,23.0
1621.523554282376,77.0,5.0,1.0,1.0,0.0,23.0
1621.8235542823759,77.0,5.0,1.0,1.0,0.0,23.0
1621.824333503155,77.0,5.0,1.0,1.0,0.0,23.0
1622.124333503155,77.0,5.0,1.0,1.0,0.0,23.0
1622.125112723934,77.0,5.0,1.0,1.0,0.0,23.0
1622.425112723934,77.0,5.0,1.0,1.0,0.0,23.0
1622.4258919447132,77.0,5.0,1.0,1.0,0.0,23.0
1622.725891944713,77.0,5.0,1.0,1.0,0.0,23.0
1622.7266711654922,77.0,5.0,1.0,1.0,0.0,23.0
1623.0266711654922,77.0,5.0,1.0,1.0,0.0,23.0
1623.0274503862713,77.0,5.0,1.0,1.0,0.0,23.0
1623.3274503862713,77.0,5.0,1.0,1.0,0.0,23.0
1623.3282296070504,77.0,5.0,1.0,1.0,0.0,23.0
1623.6282296070503,77.0,5.0,1.0,1.0,0.0,23.0
1623.6290088278295,77.0,5.0,1.0,1.0,0.0,23.0
1623.9290088278294,77.0,5.0,1.0,1.0,0.0,23.0
1623.9297880486085,77.0,5.0,1.0,1.0,0.0,23.0
1624.2297880486085,77.0,5.0,1.0,1.0,0.0,23.0
1624.2305672693876,77.0,5.0,1.0,1.0,0.0,23.0
1624.5305672693876,77.0,5.0,1.0,1.0,0.0,23.0
1624.5313464901667,77.0,5.0,1.0,1.0,0.0,23.0
1624.8313464901667,77.0,5.0,1.0,1.0,0.0,23.0
1624.8321257109458,77.0,5.0,1.0,1.0,0.0,23.0
1625.1321257109457,77.0,5.0,1.0,1.0,0.0,23.0
1625.1329049317249,77.0,5.0,1.0,1.0,0.0,23.0
1625.4329049317248,77.0,5.0,1.0,1.0,0.0,23.0
1625.433684152504,77.0,5.0,1.0,1.0,0.0,23.0
1625.7336841525039,77.0,5.0,1.0,1.0,0.0,23.0
1625.734463373283,77.0,5.0,1.0,1.0,0.0,23.0
1626.034463373283,77.0,5.0,1.0,1.0,0.0,23.0
1626.035242594062,77.0,5.0,1.0,1.0,0.0,23.0
1626.335242594062,77.0,5.0,1.0,1.0,0.0,23.0
1626.3360218148412,77.0,5.0,1.0,1.0,0.0,23.0
1626.6360218148411,77.0,5.0,1.0,1.0,0.0,23.0
1626.6368010356202,77.0,5.0,1.0,1.0,0.0,23.0
1626.9368010356202,77.0,5.0,1.0,1.0,0.0,23.0
1626.9375802563993,77.0,5.0,1.0,1.0,0.0,23.0
1627.2375802563993,77.0,5.0,1.0,1.0,0.0,23.0
1627.2383594771784,77.0,5.0,1.0,1.0,0.0,23.0
1627.5383594771783,77.0,5.0,1.0,1.0,0.0,23.0
1627.5391386979575,77.0,5.0,1.0,1.0,0.0,23.0
1627.8391386979574,77.0,5.0,1.0,1.0,0.0,23.0
1627.8399179187365,77.0,5.0,1.0,1.0,0.0,23.0
1628.1399179187365,77.0,5.0,1.0,1.0,0.0,23.0
1628.1406971395156,77.0,5.0,1.0,1.0,0.0,23.0
1628.4406971395156,77.0,5.0,1.0,1.0,0.0,23.0
1628.4414763602947,77.0,5.0,1.0,1.0,0.0,23.0
1628.7414763602947,77.0,5.0,1.0,1.0,0.0,23.0
1628.7422555810738,77.0,5.0,1.0,1.0,0.0,23.0
1629.0422555810737,77.0,5.0,1.0,1.0,0.0,23.0
1629.0430348018529,77.0,5.0,1.0,1.0,0.0,23.0
1629.3430348018528,77.0,5.0,1.0,1.0,0.0,23.0
1629.343814022632,77.0,5.0,1.0,1.0,0.0,23.0
1629.643814022632,77.0,5.0,1.0,1.0,0.0,23.0
1629.644593243411,77.0,5.0,1.0,1.0,0.0,23.0
1629.944593243411,77.0,5.0,1.0,1.0,0.0,23.0
1629.94537246419,77.0,5.0,1.0,1.0,0.0,23.0
1630.24537246419,77.0,5.0,1.0,1.0,0.0,23.0
1630.2461516849692,77.0,5.0,1.0,1.0,0.0,23.0
1630.5461516849691,77.0,5.0,1.0,1.0,0.0,23.0
1630.5469309057482,77.0,5.0,1.0,1.0,0.0,23.0
1630.8469309057482,77.0,5.0,1.0,1.0,0.0,23.0
1630.8477101265273,77.0,5.0,1.0,1.0,0.0,23.0
1631.1477101265273,77.0,5.0,1.0,1.0,0.0,23.0
1631.1484893473064,77.0,5.0,1.0,1.0,0.0,23.0
1631.4484893473063,77.0,5.0,1.0,1.0,0.0,23.0
1631.4492685680855,77.0,5.0,1.0,1.0,0.0,23.0
1631.7492685680854,77.0,5.0,1.0,1.0,0.0,23.0
1631.7500477888645,78.0,5.0,1.0,1.0,0.0,23.0
1632.0500477888645,78.0,5.0,1.0,1.0,0.0,23.0
1632.0508170196338,78.0,5.0,1.0,1.0,0.0,23.0
1632.3508170196337,78.0,5.0,1.0,1.0,0.0,23.0
1632.351586250403,78.0,5.0,1.0,1.0,0.0,23.0
1632.651586250403,78.0,5.0,1.0,1.0,0.0,23.0
1632.6523554811722,78.0,5.0,1.0,1.0,0.0,23.0
1632.9523554811722,78.0,5.0,1.0,1.0,0.0,23.0
1632.9531247119414,78.0,5.0,1.0,1.0,0.0,23.0
1633.2531247119414,78.0,5.0,1.0,1.0,0.0,23.0
1633.2538939427106,78.0,5.0,1.0,1.0,0.0,23.0
1633.5538939427106,78.0,5.0,1.0,1.0,0.0,23.0
1633.5546631734799,78.0,5.0,1.0,1.0,0.0,23.0
1633.8546631734798,78.0,5.0,1.0,1.0,0.0,23.0
1633.855432404249,78.0,5.0,1.0,1.0,0.0,23.0
1634.155432404249,78.0,5.0,1.0,1.0,0.0,23.0
1634.1562016350183,78.0,5.0,1.0,1.0,0.0,23.0
1634.4562016350183,78.0,5.0,1.0,1.0,0.0,23.0
1634.4569708657875,78.0,5.0,1.0,1.0,0.0,23.0
1634.7569708657875,78.0,5.0,1.0,1.0,0.0,23.0
1634.7577400965567,78.0,5.0,1.0,1.0,0.0,23.0
1635.0577400965567,78.0,5.0,1.0,1.0,0.0,23.0
1635.058509327326,78.0,5.0,1.0,1.0,0.0,23.0
1635.358509327326,78.0,5.0,1.0,1.0,0.0,23.0
1635.3592785580952,78.0,5.0,1.0,1.0,0.0,23.0
1635.6592785580951,78.0,5.0,1.0,1.0,0.0,23.0
1635.6600477888644,78.0,5.0,1.0,1.0,0.0,23.0
1635.9600477888644,78.0,5.0,1.0,1.0,0.0,23.0
1635.9608170196336,78.0,5.0,1.0,1.0,0.0,23.0
1636.2608170196336,78.0,5.0,1.0,1.0,0.0,23.0
1636.2615862504028,78.0,5.0,1.0,1.0,0.0,23.0
1636.5615862504028,78.0,5.0,1.0,1.0,0.0,23.0
1636.562355481172,78.0,5.0,1.0,1.0,0.0,23.0
1636.862355481172,78.0,5.0,1.0,1.0,0.0,23.0
1636.8631247119413,78.0,5.0,1.0,1.0,0.0,23.0
1637.1631247119412,78.0,5.0,1.0,1.0,0.0,23.0
1637.1638939427105,78.0,5.0,1.0,1.0,0.0,23.0
1637.4638939427105,78.0,5.0,1.0,1.0,0.0,23.0
1637.4646631734797,78.0,5.0,1.0,1.0,0.0,23.0
1637.7646631734797,78.0,5.0,1.0,1.0,0.0,23.0
1637.765432404249,78.0,5.0,1.0,1.0,0.0,23.0
1638.065432404249,78.0,5.0,1.0,1.0,0.0,23.0
1638.0662016350182,78.0,5.0,1.0,1.0,0.0,23.0
1638.3662016350181,78.0,5.0,1.0,1.0,0.0,23.0
1638.3669708657874,78.0,5.0,1.0,1.0,0.0,23.0
1638.6669708657873,78.0,5.0,1.0,1.0,0.0,23.0
1638.6677400965566,78.0,5.0,1.0,1.0,0.0,23.0
1638.9677400965566,78.0,5.0,1.0,1.0,0.0,23.0
1638.9685093273258,78.0,5.0,1.0,1.0,0.0,23.0
1639.2685093273258,78.0,5.0,1.0,1.0,0.0,23.0
1639.269278558095,78.0,5.0,1.0,1.0,0.0,23.0
1639.569278558095,78.0,5.0,1.0,1.0,0.0,23.0
1639.5700477888643,78.0,5.0,1.0,1.0,0.0,23.0
1639.8700477888642,78.0,5.0,1.0,1.0,0.0,23.0
1639.8708170196335,78.0,5.0,1.0,1.0,0.0,23.0
1640.1708170196334,78.0,5.0,1.0,1.0,0.0,23.0
1640.1715862504027,78.0,5.0,1.0,1.0,0.0,23.0
1640.4715862504027,78.0,5.0,1.0,1.0,0.0,23.0
1640.472355481172,78.0,5.0,1.0,1.0,0.0,23.0
1640.7723554811719,78.0,5.0,1.0,1.0,0.0,23.0
1640.7731247119411,78.0,5.0,1.0,1.0,0.0,23.0
1641.073124711941,78.0,5.0,1.0,1.0,0.0,23.0
1641.0738939427104,78.0,5.0,1.0,1.0,0.0,23.0
1641.3738939427103,78.0,5.0,1.0,1.0,0.0,23.0
1641.3746631734796,78.0,5.0,1.0,1.0,0.0,23.0
1641.6746631734795,78.0,5.0,1.0,1.0,0.0,23.0
1641.6754324042488,78.0,5.0,1.0,1.0,0.0,23.0
1641.9754324042487,78.0,5.0,1.0,1.0,0.0,23.0
1641.976201635018,78.0,5.0,1.0,1.0,0.0,23.0
1642.276201635018,78.0,5.0,1.0,1.0,0.0,23.0
1642.2769708657872,78.0,5.0,1.0,1.0,0.0,23.0
1642.5769708657872,78.0,5.0,1.0,1.0,0.0,23.0
1642.5777400965565,78.0,5.0,1.0,1.0,0.0,23.0
1642.8777400965564,78.0,5.0,1.0,1.0,0.0,23.0
1642.8785093273257,78.0,5.0,1.0,1.0,0.0,23.0
1643.1785093273256,78.0,5.0,1.0,1.0,0.0,23.0
1643.179278558095,78.0,5.0,1.0,1.0,0.0,23.0
1643.4792785580948,78.0,5.0,1.0,1.0,0.0,23.0
1643.480047788864,78.0,5.0,1.0,1.0,0.0,23.0
1643.780047788864,78.0,5.0,1.0,1.0,0.0,23.0
1643.7808170196333,78.0,5.0,1.0,1.0,0.0,23.0
1644.0808170196333,78.0,5.0,1.0,1.0,0.0,23.0
1644.0815862504026,78.0,5.0,1.0,1.0,0.0,23.0
1644.3815862504025,78.0,5.0,1.0,1.0,0.0,23.0
1644.3823554811718,78.0,5.0,1.0,1.0,0.0,23.0
1644.6823554811717,78.0,5.0,1.0,1.0,0.0,23.0
1644.683124711941,78.0,5.0,1.0,1.0,0.0,23.0
1644.983124711941,78.0,5.0,1.0,1.0,0.0,23.0
1644.9838939427102,78.0,5.0,1.0,1.0,0.0,23.0
1645.2838939427102,78.0,5.0,1.0,1.0,0.0,23.0
1645.2846631734794,78.0,5.0,1.0,1.0,0.0,23.0
1645.5846631734794,78.0,5.0,1.0,1.0,0.0,23.0
1645.5854324042486,78.0,5.0,1.0,1.0,0.0,23.0
1645.8854324042486,78.0,5.0,1.0,1.0,0.0,23.0
1645.8862016350179,78.0,5.0,1.0,1.0,0.0,23.0
1646.1862016350178,78.0,5.0,1.0,1.0,0.0,23.0
1646.186970865787,78.0,5.0,1.0,1.0,0.0,23.0
1646.486970865787,78.0,5.0,1.0,1.0,0.0,23.0
1646.4877400965563,78.0,5.0,1.0,1.0,0.0,23.0
1646.7877400965563,78.0,5.0,1.0,1.0,0.0,23.0
1646.7885093273255,78.0,5.0,1.0,1.0,0.0,23.0
1647.0885093273255,78.0,5.0,1.0,1.0,0.0,23.0
1647.0892785580947,78.0,5.0,1.0,1.0,0.0,23.0
1647.3892785580947,78.0,5.0,1.0,1.0,0.0,23.0
1647.390047788864,78.0,5.0,1.0,1.0,0.0,23.0
1647.690047788864,78.0,5.0,1.0,1.0,0.0,23.0
1647.6908170196332,78.0,5.0,1.0,1.0,0.0,23.0
1647.9908170196331,78.0,5.0,1.0,1.0,0.0,23.0
1647.9915862504024,78.0,5.0,1.0,1.0,0.0,23.0
1648.2915862504024,78.0,5.0,1.0,1.0,0.0,23.0
1648.2923554811716,78.0,5.0,1.0,1.0,0.0,23.0
1648.5923554811716,78.0,5.0,1.0,1.0,0.0,23.0
1648.5931247119408,78.0,5.0,1.0,1.0,0.0,23.0
1648.8931247119408,78.0,5.0,1.0,1.0,0.0,23.0
1648.89389394271,78.0,5.0,1.0,1.0,0.0,23.0
1649.19389394271,78.0,5.0,1.0,1.0,0.0,23.0
1649.1946631734793,78.0,5.0,1.0,1.0,0.0,23.0
1649.4946631734792,78.0,5.0,1.0,1.0,0.0,23.0
1649.4954324042485,78.0,5.0,1.0,1.0,0.0,23.0
1649.7954324042485,78.0,5.0,1.0,1.0,0.0,23.0
1649.7962016350177,78.0,5.0,1.0,1.0,0.0,23.0
1650.0962016350177,78.0,5.0,1.0,1.0,0.0,23.0
1650.096970865787,78.0,5.0,1.0,6.0,0.0,23.0
1650.396970865787,78.0,5.0,1.0,6.0,0.0,23.0
1650.3977400965562,78.0,5.0,1.0,6.0,0.0,23.0
1650.6977400965561,78.0,5.0,1.0,6.0,0.0,23.0
1650.6985093273254,78.0,5.0,1.0,6.0,0.0,23.0
1650.9985093273253,78.0,5.0,1.0,6.0,0.0,23.0
1650.9992785580946,78.0,5.0,1.0,6.0,0.0,23.0
1651.2992785580946,78.0,5.0,1.0,6.0,0.0,23.0
1651.3000477888638,78.0,5.0,1.0,6.0,0.0,23.0
1651.6000477888638,78.0,5.0,1.0,6.0,0.0,23.0
1651.600817019633,78.0,5.0,1.0,6.0,0.0,23.0
1651.900817019633,78.0,5.0,1.0,6.0,0.0,23.0
1651.9015862504023,78.0,5.0,1.0,6.0,0.0,23.0
1652.2015862504022,78.0,5.0,1.0,6.0,0.0,23.0
1652.2023554811715,78.0,5.0,1.0,6.0,0.0,23.0
1652.5023554811714,78.0,5.0,1.0,6.0,0.0,23.0
1652.5031247119407,78.0,5.0,1.0,6.0,0.0,23.0
1652.8031247119407,78.0,5.0,1.0,6.0,0.0,23.0
1652.80389394271,78.0,5.0,1.0,6.0,0.0,23.0
1653.1038939427099,78.0,5.0,1.0,6.0,0.0,23.0
1653.1046631734791,79.0,5.0,1.0,6.0,0.0,23.0
1653.404663173479,79.0,5.0,1.0,6.0,0.0,23.0
1653.4054226671499,79.0,5.0,1.0,6.0,0.0,23.0
1653.7054226671498,79.0,5.0,1.0,6.0,0.0,23.0
1653.7061821608206,79.0,5.0,1.0,6.0,0.0,23.0
1654.0061821608206,79.0,5.0,1.0,6.0,0.0,23.0
1654.0069416544914,79.0,5.0,1.0,6.0,0.0,23.0
1654.3069416544913,79.0,5.0,1.0,6.0,0.0,23.0
1654.307701148162,79.0,5.0,1.0,6.0,0.0,23.0
1654.607701148162,79.0,5.0,1.0,6.0,0.0,23.0
1654.6084606418328,79.0,5.0,1.0,6.0,0.0,23.0
1654.9084606418328,79.0,5.0,1.0,6.0,0.0,23.0
1654.9092201355036,79.0,5.0,1.0,6.0,0.0,23.0
1655.2092201355035,79.0,5.0,1.0,6.0,0.0,23.0
1655.2099796291743,79.0,5.0,1.0,6.0,0.0,23.0
1655.5099796291743,79.0,5.0,1.0,6.0,0.0,23.0
1655.510739122845,79.0,5.0,1.0,6.0,0.0,23.0
1655.810739122845,79.0,5.0,1.0,6.0,0.0,23.0
1655.8114986165158,79.0,5.0,1.0,6.0,0.0,23.0
1656.1114986165157,79.0,5.0,1.0,6.0,0.0,23.0
1656.1122581101865,79.0,5.0,1.0,6.0,0.0,23.0
1656.4122581101865,79.0,5.0,1.0,6.0,0.0,23.0
1656.4130176038573,79.0,5.0,1.0,6.0,0.0,23.0
1656.7130176038572,79.0,5.0,1.0,6.0,0.0,23.0
1656.713777097528,79.0,5.0,1.0,6.0,0.0,23.0
1657.013777097528,79.0,5.0,1.0,6.0,0.0,23.0
1657.0145365911987,79.0,5.0,1.0,6.0,0.0,23.0
1657.3145365911987,79.0,5.0,1.0,6.0,0.0,23.0
1657.3152960848695,79.0,5.0,1.0,6.0,0.0,23.0
1657.6152960848694,79.0,5.0,1.0,6.0,0.0,23.0
1657.6160555785402,79.0,5.0,1.0,6.0,0.0,23.0
1657.9160555785402,79.0,5.0,1.0,6.0,0.0,23.0
1657.916815072211,79.0,5.0,1.0,6.0,0.0,23.0
1658.216815072211,79.0,5.0,1.0,6.0,0.0,23.0
1658.2175745658817,79.0,5.0,1.0,6.0,0.0,23.0
1658.5175745658817,79.0,5.0,1.0,6.0,0.0,23.0
1658.5183340595524,79.0,5.0,1.0,6.0,0.0,23.0
1658.8183340595524,79.0,5.0,1.0,6.0,0.0,23.0
1658.8190935532232,79.0,5.0,1.0,6.0,0.0,23.0
1659.1190935532231,79.0,5.0,1.0,6.0,0.0,23.0
1659.119853046894,79.0,5.0,1.0,6.0,0.0,23.0
1659.4198530468939,79.0,5.0,1.0,6.0,0.0,23.0
1659.4206125405647,78.0,5.0,1.0,6.0,0.0,23.0
1659.7206125405646,78.0,5.0,1.0,6.0,0.0,23.0
1659.7213817713339,78.0,5.0,1.0,6.0,0.0,23.0
1660.0213817713338,78.0,5.0,1.0,6.0,0.0,23.0
1660.022151002103,79.0,5.0,1.0,6.0,0.0,23.0
1660.322151002103,79.0,5.0,1.0,6.0,0.0,23.0
1660.3229104957738,79.0,5.0,1.0,6.0,0.0,23.0
1660.6229104957738,79.0,5.0,1.0,6.0,0.0,23.0
1660.6236699894446,79.0,5.0,1.0,6.0,0.0,23.0
1660.9236699894445,79.0,5.0,1.0,6.0,0.0,23.0
1660.9244294831153,79.0,5.0,1.0,6.0,0.0,23.0
1661.2244294831153,79.0,5.0,1.0,6.0,0.0,23.0
1661.225188976786,79.0,5.0,1.0,6.0,0.0,23.0
1661.525188976786,79.0,5.0,1.0,6.0,0.0,23.0
1661.5259484704568,79.0,5.0,1.0,6.0,0.0,23.0
1661.8259484704568,79.0,5.0,1.0,6.0,0.0,23.0
1661.8267079641275,79.0,5.0,1.0,6.0,0.0,23.0
1662.1267079641275,79.0,5.0,1.0,6.0,0.0,23.0
1662.1274674577983,79.0,5.0,1.0,6.0,0.0,23.0
1662.4274674577982,79.0,5.0,1.0,6.0,0.0,23.0
1662.428226951469,79.0,5.0,1.0,6.0,0.0,23.0
1662.728226951469,79.0,5.0,1.0,6.0,0.0,23.0
1662.7289864451398,79.0,5.0,1.0,6.0,0.0,23.0
1663.0289864451397,79.0,5.0,1.0,6.0,0.0,23.0
1663.0297459388105,79.0,5.0,1.0,6.0,0.0,23.0
1663.3297459388104,79.0,5.0,1.0,6.0,0.0,23.0
1663.3305054324812,79.0,5.0,1.0,6.0,0.0,23.0
1663.6305054324812,79.0,5.0,1.0,6.0,0.0,23.0
1663.631264926152,79.0,5.0,1.0,6.0,0.0,23.0
1663.931264926152,79.0,5.0,1.0,6.0,0.0,23.0
1663.9320244198227,79.0,5.0,1.0,6.0,0.0,23.0
1664.2320244198227,79.0,5.0,1.0,6.0,0.0,23.0
1664.2327839134934,79.0,5.0,1.0,6.0,0.0,23.0
1664.5327839134934,79.0,5.0,1.0,6.0,0.0,23.0
1664.5335434071642,79.0,5.0,1.0,6.0,0.0,23.0
1664.8335434071641,79.0,5.0,1.0,6.0,0.0,23.0
1664.834302900835,79.0,5.0,1.0,6.0,0.0,23.0
1665.1343029008349,79.0,5.0,1.0,6.0,0.0,23.0
1665.1350623945057,79.0,5.0,1.0,6.0,0.0,23.0
1665.4350623945056,79.0,5.0,1.0,6.0,0.0,23.0
1665.4358218881764,79.0,5.0,1.0,6.0,0.0,23.0
1665.7358218881764,79.0,5.0,1.0,6.0,0.0,23.0
1665.7365813818471,79.0,5.0,1.0,6.0,0.0,23.0
1666.036581381847,79.0,5.0,1.0,6.0,0.0,23.0
1666.0373408755179,79.0,5.0,1.0,6.0,0.0,23.0
1666.3373408755178,79.0,5.0,1.0,6.0,0.0,23.0
1666.3381003691886,79.0,5.0,1.0,6.0,0.0,23.0
1666.6381003691886,79.0,5.0,1.0,6.0,0.0,23.0
1666.6388598628594,79.0,5.0,1.0,6.0,0.0,23.0
1666.9388598628593,79.0,5.0,1.0,6.0,0.0,23.0
1666.93961935653,79.0,5.0,1.0,6.0,0.0,23.0
1667.23961935653,79.0,5.0,1.0,6.0,0.0,23.0
1667.2403788502008,79.0,5.0,1.0,6.0,0.0,23.0
1667.5403788502008,79.0,5.0,1.0,6.0,0.0,23.0
1667.5411383438716,79.0,5.0,1.0,6.0,0.0,23.0
1667.8411383438715,79.0,5.0,1.0,6.0,0.0,23.0
1667.8418978375423,79.0,5.0,1.0,6.0,0.0,23.0
1668.1418978375423,79.0,5.0,1.0,6.0,0.0,23.0
1668.142657331213,79.0,5.0,1.0,6.0,0.0,23.0
1668.442657331213,79.0,5.0,1.0,6.0,0.0,23.0
1668.4434168248838,79.0,5.0,1.0,6.0,0.0,23.0
1668.7434168248838,79.0,5.0,1.0,6.0,0.0,23.0
1668.7441763185545,79.0,5.0,1.0,6.0,0.0,23.0
1669.0441763185545,79.0,5.0,1.0,6.0,0.0,23.0
1669.0449358122253,79.0,5.0,1.0,6.0,0.0,23.0
1669.3449358122252,79.0,5.0,1.0,6.0,0.0,23.0
1669.345695305896,79.0,5.0,1.0,6.0,0.0,23.0
1669.645695305896,79.0,5.0,1.0,6.0,0.0,23.0
1669.6464547995668,79.0,5.0,1.0,6.0,0.0,23.0
1669.9464547995667,79.0,5.0,1.0,6.0,0.0,23.0
1669.9472142932375,79.0,5.0,1.0,6.0,0.0,23.0
1670.2472142932374,79.0,5.0,1.0,6.0,0.0,23.0
1670.2479737869082,79.0,5.0,1.0,6.0,0.0,23.0
1670.5479737869082,79.0,5.0,1.0,6.0,0.0,23.0
1670.548733280579,79.0,5.0,1.0,6.0,0.0,23.0
1670.848733280579,79.0,5.0,1.0,6.0,0.0,23.0
1670.8494927742497,79.0,5.0,1.0,6.0,0.0,23.0
1671.1494927742497,79.0,5.0,1.0,6.0,0.0,23.0
1671.1502522679205,79.0,5.0,1.0,6.0,0.0,23.0
1671.4502522679204,79.0,5.0,1.0,6.0,0.0,23.0
1671.4510117615912,79.0,5.0,1.0,6.0,0.0,23.0
1671.7510117615911,79.0,5.0,1.0,6.0,0.0,23.0
1671.751771255262,79.0,5.0,1.0,6.0,0.0,23.0
1672.0517712552619,79.0,5.0,1.0,6.0,0.0,23.0
1672.0525307489327,79.0,5.0,1.0,6.0,0.0,23.0
1672.3525307489326,79.0,5.0,1.0,6.0,0.0,23.0
1672.3532902426034,79.0,5.0,1.0,6.0,0.0,23.0
1672.6532902426034,79.0,5.0,1.0,6.0,0.0,23.0
1672.6540497362741,80.0,5.0,1.0,6.0,0.0,23.0
1672.954049736274,80.0,5.0,1.0,6.0,0.0,23.0
1672.954799736274,80.0,5.0,1.0,6.0,0.0,23.0
1673.254799736274,80.0,5.0,1.0,6.0,0.0,23.0
1673.255549736274,80.0,5.0,1.0,6.0,0.0,23.0
1673.5555497362739,80.0,5.0,1.0,6.0,0.0,23.0
1673.5562997362738,80.0,5.0,1.0,6.0,0.0,23.0
1673.8562997362737,80.0,5.0,1.0,6.0,0.0,23.0
1673.8570497362737,80.0,5.0,1.0,6.0,0.0,23.0
1674.1570497362736,80.0,5.0,1.0,6.0,0.0,23.0
1674.1577997362735,80.0,5.0,1.0,6.0,0.0,23.0
1674.4577997362735,80.0,5.0,1.0,6.0,0.0,23.0
1674.4585497362734,80.0,5.0,1.0,6.0,0.0,23.0
1674.7585497362734,80.0,5.0,1.0,6.0,0.0,23.0
1674.7592997362733,80.0,5.0,1.0,6.0,0.0,23.0
1675.0592997362733,80.0,5.0,1.0,6.0,0.0,23.0
1675.0600497362732,80.0,5.0,1.0,6.0,0.0,23.0
1675.3600497362731,80.0,5.0,1.0,6.0,0.0,23.0
1675.360799736273,80.0,5.0,1.0,6.0,0.0,23.0
1675.660799736273,80.0,5.0,1.0,6.0,0.0,23.0
1675.661549736273,80.0,5.0,1.0,6.0,0.0,23.0
1675.961549736273,80.0,5.0,1.0,6.0,0.0,23.0
1675.9622997362728,80.0,5.0,1.0,6.0,0.0,23.0
1676.2622997362728,80.0,5.0,1.0,6.0,0.0,23.0
1676.2630497362727,80.0,5.0,1.0,6.0,0.0,23.0
1676.5630497362727,80.0,5.0,1.0,6.0,0.0,23.0
1676.5637997362726,80.0,5.0,1.0,6.0,0.0,23.0
1676.8637997362725,80.0,5.0,1.0,6.0,0.0,23.0
1676.8645497362725,80.0,5.0,1.0,6.0,0.0,23.0
1677.1645497362724,80.0,5.0,1.0,6.0,0.0,23.0
1677.1652997362723,80.0,5.0,1.0,6.0,0.0,23.0
1677.4652997362723,80.0,5.0,1.0,6.0,0.0,23.0
1677.4660497362722,80.0,5.0,1.0,6.0,0.0,23.0
1677.7660497362722,80.0,5.0,1.0,6.0,0.0,23.0
1677.766799736272,80.0,5.0,1.0,6.0,0.0,23.0
1678.066799736272,80.0,5.0,1.0,6.0,0.0,23.0
1678.067549736272,80.0,5.0,1.0,6.0,0.0,23.0
1678.367549736272,80.0,5.0,1.0,6.0,0.0,23.0
1678.3682997362719,80.0,5.0,1.0,6.0,0.0,23.0
1678.6682997362718,80.0,5.0,1.0,6.0,0.0,23.0
1678.6690497362717,80.0,5.0,1.0,6.0,0.0,23.0
1678.9690497362717,80.0,5.0,1.0,6.0,0.0,23.0
1678.9697997362716,80.0,5.0,1.0,6.0,0.0,23.0
1679.2697997362716,80.0,5.0,1.0,6.0,0.0,23.0
1679.2705497362715,80.0,5.0,1.0,6.0,0.0,23.0
1679.5705497362715,80.0,5.0,1.0,6.0,0.0,23.0
1679.5712997362714,80.0,5.0,1.0,6.0,0.0,23.0
1679.8712997362713,80.0,5.0,1.0,6.0,0.0,23.0
1679.8720497362713,80.0,5.0,1.0,6.0,0.0,23.0
1680.1720497362712,80.0,5.0,1.0,6.0,0.0,23.0
1680.1727997362711,80.0,5.0,1.0,6.0,0.0,23.0
1680.472799736271,80.0,5.0,1.0,6.0,0.0,23.0
1680.473549736271,80.0,5.0,1.0,6.0,0.0,23.0
1680.773549736271,80.0,5.0,1.0,6.0,0.0,23.0
1680.774299736271,80.0,5.0,1.0,6.0,0.0,23.0
1681.0742997362709,80.0,5.0,1.0,6.0,0.0,23.0
1681.0750497362708,80.0,5.0,1.0,6.0,0.0,23.0
1681.3750497362707,80.0,5.0,1.0,6.0,0.0,23.0
1681.3757997362707,80.0,5.0,1.0,6.0,0.0,23.0
1681.6757997362706,80.0,5.0,1.0,6.0,0.0,23.0
1681.6765497362705,80.0,5.0,1.0,6.0,0.0,23.0
1681.9765497362705,80.0,5.0,1.0,6.0,0.0,23.0
1681.9772997362704,80.0,5.0,1.0,6.0,0.0,23.0
1682.2772997362704,80.0,5.0,1.0,6.0,0.0,23.0
1682.2780497362703,80.0,5.0,1.0,6.0,0.0,23.0
1682.5780497362703,80.0,5.0,1.0,6.0,0.0,23.0
1682.5787997362702,80.0,5.0,1.0,6.0,0.0,23.0
1682.8787997362701,80.0,5.0,1.0,6.0,0.0,23.0
1682.87954973627,80.0,5.0,1.0,6.0,0.0,23.0
1683.17954973627,80.0,5.0,1.0,6.0,0.0,23.0
1683.18029973627,80.0,5.0,1.0,6.0,0.0,23.0
1683.48029973627,80.0,5.0,1.0,6.0,0.0,23.0
1683.4810497362698,80.0,5.0,1.0,6.0,0.0,23.0
1683.7810497362698,80.0,5.0,1.0,6.0,0.0,23.0
1683.7817997362697,80.0,5.0,1.0,6.0,0.0,23.0
1684.0817997362697,80.0,5.0,1.0,6.0,0.0,23.0
1684.0825497362696,80.0,5.0,1.0,6.0,0.0,23.0
1684.3825497362695,80.0,5.0,1.0,6.0,0.0,23.0
1684.3832997362695,80.0,5.0,1.0,6.0,0.0,23.0
1684.6832997362694,80.0,5.0,1.0,6.0,0.0,23.0
1684.6840497362693,80.0,5.0,1.0,6.0,0.0,23.0
1684.9840497362693,80.0,5.0,1.0,6.0,0.0,23.0
1684.9847997362692,80.0,5.0,1.0,6.0,0.0,23.0
1685.2847997362692,80.0,5.0,1.0,6.0,0.0,23.0
1685.285549736269,80.0,5.0,1.0,6.0,0.0,23.0
1685.585549736269,80.0,5.0,1.0,6.0,0.0,23.0
1685.586299736269,80.0,5.0,1.0,6.0,0.0,23.0
1685.886299736269,80.0,5.0,1.0,6.0,0.0,23.0
1685.8870497362689,80.0,5.0,1.0,6.0,0.0,23.0
1686.1870497362688,80.0,5.0,1.0,6.0,0.0,23.0
1686.1877997362687,80.0,5.0,1.0,6.0,0.0,23.0
1686.4877997362687,80.0,5.0,1.0,6.0,0.0,23.0
1686.4885497362686,80.0,5.0,1.0,6.0,0.0,23.0
1686.7885497362686,80.0,5.0,1.0,6.0,0.0,23.0
1686.7892997362685,80.0,5.0,1.0,6.0,0.0,23.0
1687.0892997362685,80.0,5.0,1.0,6.0,0.0,23.0
1687.0900497362684,80.0,5.0,1.0,6.0,0.0,23.0
1687.3900497362683,80.0,5.0,1.0,6.0,0.0,23.0
1687.3907997362683,80.0,5.0,1.0,6.0,0.0,23.0
1687.6907997362682,80.0,5.0,1.0,6.0,0.0,23.0
1687.6915497362681,80.0,5.0,1.0,6.0,0.0,23.0
1687.991549736268,80.0,5.0,1.0,6.0,0.0,23.0
1687.992299736268,81.0,5.0,1.0,6.0,0.0,23.0
1688.292299736268,81.0,5.0,1.0,6.0,0.0,23.0
1688.2930404770086,81.0,5.0,1.0,6.0,0.0,23.0
1688.5930404770086,81.0,5.0,1.0,6.0,0.0,23.0
1688.5937812177492,81.0,5.0,1.0,6.0,0.0,23.0
1688.8937812177492,81.0,5.0,1.0,6.0,0.0,23.0
1688.8945219584898,81.0,5.0,1.0,6.0,0.0,23.0
1689.1945219584898,81.0,5.0,1.0,6.0,0.0,23.0
1689.1952626992304,81.0,5.0,1.0,6.0,0.0,23.0
1689.4952626992304,81.0,5.0,1.0,6.0,0.0,23.0
1689.496003439971,81.0,5.0,1.0,6.0,0.0,23.0
1689.796003439971,81.0,5.0,1.0,6.0,0.0,23.0
1689.7967441807116,81.0,5.0,1.0,6.0,0.0,23.0
1690.0967441807115,81.0,5.0,1.0,6.0,0.0,23.0
1690.0974849214522,81.0,5.0,1.0,6.0,0.0,23.0
1690.3974849214521,81.0,5.0,1.0,6.0,0.0,23.0
1690.3982256621928,81.0,5.0,1.0,6.0,0.0,23.0
1690.6982256621927,81.0,5.0,1.0,6.0,0.0,23.0
1690.6989664029334,81.0,5.0,1.0,6.0,0.0,23.0
1690.9989664029333,81.0,5.0,1.0,6.0,0.0,23.0
1690.999707143674,81.0,5.0,1.0,6.0,0.0,23.0
1691.299707143674,81.0,5.0,1.0,6.0,0.0,23.0
1691.3004478844146,81.0,5.0,1.0,6.0,0.0,23.0
1691.6004478844145,81.0,5.0,1.0,6.0,0.0,23.0
1691.6011886251551,81.0,5.0,1.0,6.0,0.0,23.0
1691.901188625155,81.0,5.0,1.0,6.0,0.0,23.0
1691.9019293658957,81.0,5.0,1.0,6.0,0.0,23.0
1692.2019293658957,81.0,5.0,1.0,6.0,0.0,23.0
1692.2026701066363,81.0,5.0,1.0,6.0,0.0,23.0
1692.5026701066363,81.0,5.0,1.0,6.0,0.0,23.0
1692.503410847377,81.0,5.0,1.0,6.0,0.0,23.0
1692.8034108473769,81.0,5.0,1.0,6.0,0.0,23.0
1692.8041515881175,81.0,5.0,1.0,6.0,0.0,23.0
1693.1041515881175,81.0,5.0,1.0,6.0,0.0,23.0
1693.104892328858,81.0,5.0,1.0,6.0,0.0,23.0
1693.404892328858,81.0,5.0,1.0,6.0,0.0,23.0
1693.4056330695987,81.0,5.0,1.0,6.0,0.0,23.0
1693.7056330695987,81.0,5.0,1.0,6.0,0.0,23.0
1693.7063738103393,81.0,5.0,1.0,6.0,0.0,23.0
1694.0063738103393,81.0,5.0,1.0,6.0,0.0,23.0
1694.00711455108,81.0,5.0,1.0,6.0,0.0,23.0
1694.3071145510798,81.0,5.0,1.0,6.0,0.0,23.0
1694.3078552918205,81.0,5.0,1.0,6.0,0.0,23.0
1694.6078552918204,81.0,5.0,1.0,6.0,0.0,23.0
1694.608596032561,81.0,5.0,1.0,6.0,0.0,23.0
1694.908596032561,81.0,5.0,1.0,6.0,0.0,23.0
1694.9093367733017,81.0,5.0,1.0,6.0,0.0,23.0
1695.2093367733016,81.0,5.0,1.0,6.0,0.0,23.0
1695.2100775140423,81.0,5.0,1.0,6.0,0.0,23.0
1695.5100775140422,81.0,5.0,1.0,6.0,0.0,23.0
1695.5108182547829,81.0,5.0,1.0,6.0,0.0,23.0
1695.8108182547828,81.0,5.0,1.0,6.0,0.0,23.0
1695.8115589955235,81.0,5.0,1.0,6.0,0.0,23.0
1696.1115589955234,81.0,5.0,1.0,6.0,0.0,23.0
1696.112299736264,81.0,5.0,1.0,6.0,0.0,23.0
1696.412299736264,81.0,5.0,1.0,6.0,0.0,23.0
1696.4130404770046,81.0,5.0,1.0,6.0,0.0,23.0
1696.7130404770046,81.0,5.0,1.0,6.0,0.0,23.0
1696.7137812177452,81.0,5.0,1.0,6.0,0.0,23.0
1697.0137812177452,81.0,5.0,1.0,6.0,0.0,23.0
1697.0145219584858,81.0,5.0,1.0,6.0,0.0,23.0
1697.3145219584858,81.0,5.0,1.0,6.0,0.0,23.0
1697.3152626992264,81.0,5.0,1.0,6.0,0.0,23.0
1697.6152626992264,81.0,5.0,1.0,6.0,0.0,23.0
1697.616003439967,81.0,5.0,1.0,6.0,0.0,23.0
1697.916003439967,81.0,5.0,1.0,6.0,0.0,23.0
1697.9167441807076,81.0,5.0,1.0,6.0,0.0,23.0
1698.2167441807076,81.0,5.0,1.0,6.0,0.0,23.0
1698.2174849214482,81.0,5.0,1.0,6.0,0.0,23.0
1698.5174849214482,81.0,5.0,1.0,6.0,0.0,23.0
1698.5182256621888,81.0,5.0,1.0,6.0,0.0,23.0
1698.8182256621888,81.0,5.0,1.0,6.0,0.0,23.0
1698.8189664029294,81.0,5.0,1.0,6.0,0.0,23.0
1699.1189664029293,81.0,5.0,1.0,6.0,0.0,23.0
1699.11970714367,81.0,5.0,1.0,6.0,0.0,23.0
1699.41970714367,81.0,5.0,1.0,6.0,0.0,23.0
1699.4204478844106,81.0,5.0,1.0,6.0,0.0,23.0
1699.7204478844105,81.0,5.0,1.0,6.0,0.0,23.0
1699.7211886251512,81.0,5.0,1.0,6.0,0.0,23.0
1700.0211886251511,81.0,5.0,1.0,6.0,0.0,23.0
1700.0219293658918,81.0,5.0,1.0,6.0,0.0,23.0
1700.3219293658917,81.0,5.0,1.0,6.0,0.0,23.0
1700.3226701066324,81.0,5.0,1.0,6.0,0.0,23.0
1700.6226701066323,81.0,5.0,1.0,6.0,0.0,23.0
1700.623410847373,81.0,5.0,1.0,6.0,0.0,23.0
1700.923410847373,81.0,5.0,1.0,6.0,0.0,23.0
1700.9241515881135,81.0,5.0,1.0,6.0,0.0,23.0
1701.2241515881135,81.0,5.0,1.0,6.0,0.0,23.0
1701.2248923288541,81.0,5.0,1.0,6.0,0.0,23.0
1701.524892328854,81.0,5.0,1.0,6.0,0.0,23.0
1701.5256330695947,81.0,5.0,1.0,6.0,0.0,23.0
1701.8256330695947,81.0,5.0,1.0,6.0,0.0,23.0
1701.8263738103353,81.0,5.0,1.0,6.0,0.0,23.0
1702.1263738103353,81.0,5.0,1.0,6.0,0.0,23.0
1702.127114551076,81.0,5.0,1.0,6.0,0.0,23.0
1702.4271145510759,81.0,5.0,1.0,6.0,0.0,23.0
1702.4278552918165,81.0,5.0,1.0,6.0,0.0,23.0
1702.7278552918165,81.0,5.0,1.0,6.0,0.0,23.0
1702.728596032557,81.0,5.0,1.0,6.0,0.0,23.0
1703.028596032557,81.0,5.0,1.0,6.0,0.0,23.0
1703.0293367732977,81.0,5.0,1.0,6.0,0.0,23.0
1703.3293367732977,81.0,5.0,1.0,6.0,0.0,23.0
1703.3300775140383,81.0,5.0,1.0,6.0,0.0,23.0
1703.6300775140382,81.0,5.0,1.0,6.0,0.0,23.0
1703.630818254779,81.0,5.0,1.0,6.0,0.0,23.0
1703.9308182547788,81.0,5.0,1.0,6.0,0.0,23.0
1703.9315589955195,81.0,5.0,1.0,6.0,0.0,23.0
1704.2315589955194,81.0,5.0,1.0,6.0,0.0,23.0
1704.23229973626,81.0,5.0,1.0,6.0,0.0,23.0
1704.53229973626,81.0,5.0,1.0,6.0,0.0,23.0
1704.5330404770007,81.0,5.0,1.0,6.0,0.0,23.0
1704.8330404770006,81.0,5.0,1.0,6.0,0.0,23.0
1704.8337812177413,81.0,5.0,1.0,6.0,0.0,23.0
1705.1337812177412,81.0,5.0,1.0,6.0,0.0,23.0
1705.1345219584819,82.0,5.0,1.0,6.0,0.0,23.0
1705.4345219584818,82.0,5.0,1.0,6.0,0.0,23.0
1705.4352536657989,82.0,5.0,1.0,6.0,0.0,23.0
1705.7352536657988,82.0,5.0,1.0,6.0,0.0,23.0
1705.735985373116,82.0,5.0,1.0,6.0,0.0,23.0
1706.0359853731159,82.0,5.0,1.0,6.0,0.0,23.0
1706.036717080433,82.0,5.0,1.0,6.0,0.0,23.0
1706.336717080433,82.0,5.0,1.0,6.0,0.0,23.0
1706.33744878775,82.0,5.0,1.0,6.0,0.0,23.0
1706.63744878775,82.0,5.0,1.0,6.0,0.0,23.0
1706.638180495067,82.0,5.0,1.0,6.0,0.0,23.0
1706.938180495067,82.0,5.0,1.0,6.0,0.0,23.0
1706.938912202384,82.0,5.0,1.0,6.0,0.0,23.0
1707.238912202384,82.0,5.0,1.0,6.0,0.0,23.0
1707.239643909701,82.0,5.0,1.0,6.0,0.0,23.0
1707.539643909701,82.0,5.0,1.0,6.0,0.0,23.0
1707.540375617018,82.0,5.0,1.0,6.0,0.0,23.0
1707.840375617018,82.0,5.0,1.0,6.0,0.0,23.0
1707.841107324335,82.0,5.0,1.0,6.0,0.0,23.0
1708.141107324335,82.0,5.0,1.0,6.0,0.0,23.0
1708.1418390316521,82.0,5.0,1.0,6.0,0.0,23.0
1708.441839031652,82.0,5.0,1.0,6.0,0.0,23.0
1708.4425707389692,82.0,5.0,1.0,6.0,0.0,23.0
1708.742570738969,82.0,5.0,1.0,6.0,0.0,23.0
1708.7433024462862,82.0,5.0,1.0,6.0,0.0,23.0
1709.0433024462861,82.0,5.0,1.0,6.0,0.0,23.0
1709.0440341536032,82.0,5.0,1.0,6.0,0.0,23.0
1709.3440341536032,82.0,5.0,1.0,6.0,0.0,23.0
1709.3447658609202,82.0,5.0,1.0,6.0,0.0,23.0
1709.6447658609202,82.0,5.0,1.0,6.0,0.0,23.0
1709.6454975682373,82.0,5.0,1.0,6.0,0.0,23.0
1709.9454975682372,82.0,5.0,1.0,6.0,0.0,23.0
1709.9462292755543,82.0,5.0,1.0,6.0,0.0,23.0
1710.2462292755542,82.0,5.0,1.0,6.0,0.0,23.0
1710.2469609828713,82.0,5.0,1.0,6.0,0.0,23.0
1710.5469609828713,82.0,5.0,1.0,6.0,0.0,23.0
1710.5476926901883,82.0,5.0,1.0,6.0,0.0,23.0
1710.8476926901883,82.0,5.0,1.0,6.0,0.0,23.0
1710.8484243975054,82.0,5.0,1.0,6.0,0.0,23.0
1711.1484243975053,82.0,5.0,1.0,6.0,0.0,23.0
1711.1491561048224,82.0,5.0,1.0,6.0,0.0,23.0
1711.4491561048224,82.0,5.0,1.0,6.0,0.0,23.0
1711.4498878121394,82.0,5.0,1.0,6.0,0.0,23.0
1711.7498878121394,82.0,5.0,1.0,6.0,0.0,23.0
1711.7506195194564,82.0,5.0,1.0,6.0,0.0,23.0
1712.0506195194564,82.0,5.0,1.0,6.0,0.0,23.0
1712.0513512267735,82.0,5.0,1.0,6.0,0.0,23.0
1712.3513512267734,82.0,5.0,1.0,6.0,0.0,23.0
1712.3520829340905,82.0,5.0,1.0,6.0,0.0,23.0
1712.6520829340905,82.0,5.0,1.0,6.0,0.0,23.0
1712.6528146414075,82.0,5.0,1.0,6.0,0.0,23.0
1712.9528146414075,82.0,5.0,1.0,6.0,0.0,23.0
1712.9535463487246,82.0,5.0,1.0,6.0,0.0,23.0
1713.2535463487245,82.0,5.0,1.0,6.0,0.0,23.0
1713.2542780560416,82.0,5.0,1.0,6.0,0.0,23.0
1713.5542780560415,82.0,5.0,1.0,6.0,0.0,23.0
1713.5550097633586,82.0,5.0,1.0,6.0,0.0,23.0
1713.8550097633586,82.0,5.0,1.0,6.0,0.0,23.0
1713.8557414706756,82.0,5.0,1.0,6.0,0.0,23.0
1714.1557414706756,82.0,5.0,1.0,6.0,0.0,23.0
1714.1564731779927,82.0,5.0,1.0,6.0,0.0,23.0
1714.4564731779926,82.0,5.0,1.0,6.0,0.0,23.0
1714.4572048853097,82.0,5.0,1.0,6.0,0.0,23.0
1714.7572048853096,82.0,5.0,1.0,6.0,0.0,23.0
1714.7579365926267,82.0,5.0,1.0,6.0,0.0,23.0
1715.0579365926267,82.0,5.0,1.0,6.0,0.0,23.0
1715.0586682999437,82.0,5.0,1.0,6.0,0.0,23.0
1715.3586682999437,82.0,5.0,1.0,6.0,0.0,23.0
1715.3594000072608,82.0,5.0,1.0,6.0,0.0,23.0
1715.6594000072607,82.0,5.0,1.0,6.0,0.0,23.0
1715.6601317145778,82.0,5.0,1.0,6.0,0.0,23.0
1715.9601317145778,82.0,5.0,1.0,6.0,0.0,23.0
1715.9608634218948,82.0,5.0,1.0,6.0,0.0,23.0
1716.2608634218948,82.0,5.0,1.0,6.0,0.0,23.0
1716.2615951292119,82.0,5.0,1.0,6.0,0.0,23.0
1716.5615951292118,82.0,5.0,1.0,6.0,0.0,23.0
1716.5623268365289,82.0,5.0,1.0,6.0,0.0,23.0
1716.8623268365288,82.0,5.0,1.0,6.0,0.0,23.0
1716.863058543846,82.0,5.0,1.0,6.0,0.0,23.0
1717.1630585438459,82.0,5.0,1.0,6.0,0.0,23.0
1717.163790251163,82.0,5.0,1.0,6.0,0.0,23.0
1717.463790251163,82.0,5.0,1.0,6.0,0.0,23.0
1717.46452195848,82.0,5.0,1.0,6.0,0.0,23.0
1717.76452195848,82.0,5.0,1.0,6.0,0.0,23.0
1717.765253665797,82.0,5.0,1.0,6.0,0.0,23.0
1718.065253665797,82.0,5.0,1.0,6.0,0.0,23.0
1718.065985373114,82.0,5.0,1.0,6.0,0.0,23.0
1718.365985373114,82.0,5.0,1.0,6.0,0.0,23.0
1718.366717080431,82.0,5.0,1.0,6.0,0.0,23.0
1718.666717080431,82.0,5.0,1.0,6.0,0.0,23.0
1718.667448787748,82.0,5.0,1.0,6.0,0.0,23.0
1718.967448787748,82.0,5.0,1.0,6.0,0.0,23.0
1718.968180495065,82.0,5.0,1.0,4.0,0.0,24.0
1719.268180495065,82.0,5.0,1.0,4.0,0.0,24.0
1719.2689122023821,82.0,5.0,1.0,4.0,0.0,24.0
1719.568912202382,82.0,5.0,1.0,4.0,0.0,24.0
1719.5696439096992,82.0,5.0,1.0,4.0,0.0,24.0
1719.869643909699,82.0,5.0,1.0,4.0,0.0,24.0
1719.8703756170162,82.0,5.0,1.0,4.0,0.0,24.0
1720.1703756170161,82.0,5.0,1.0,4.0,0.0,24.0
1720.1711073243332,82.0,5.0,1.0,4.0,0.0,24.0
1720.4711073243332,82.0,5.0,1.0,4.0,0.0,24.0
1720.4718390316502,82.0,5.0,1.0,4.0,0.0,24.0
1720.7718390316502,82.0,5.0,1.0,4.0,0.0,24.0
1720.7725707389673,82.0,5.0,1.0,4.0,0.0,24.0
1721.0725707389672,82.0,5.0,1.0,4.0,0.0,24.0
1721.0733024462843,82.0,5.0,1.0,4.0,0.0,24.0
1721.3733024462842,82.0,5.0,1.0,4.0,0.0,24.0
1721.3740341536013,82.0,5.0,1.0,4.0,0.0,24.0
1721.6740341536013,82.0,5.0,1.0,4.0,0.0,24.0
1721.6747658609183,82.0,5.0,1.0,4.0,0.0,24.0
1721.9747658609183,82.0,5.0,1.0,4.0,0.0,24.0
1721.9754975682354,82.0,5.0,1.0,4.0,0.0,24.0
1722.2754975682353,82.0,5.0,1.0,4.0,0.0,24.0
1722.2762292755524,82.0,5.0,1.0,4.0,0.0,24.0
1722.5762292755524,82.0,5.0,1.0,4.0,0.0,24.0
1722.5769609828694,82.0,5.0,1.0,4.0,0.0,24.0
1722.8769609828694,82.0,5.0,1.0,4.0,0.0,24.0
1722.8776926901864,82.0,5.0,1.0,4.0,0.0,24.0
1723.1776926901864,82.0,5.0,1.0,4.0,0.0,24.0
1723.1784243975035,82.0,5.0,1.0,4.0,0.0,24.0
1723.4784243975034,82.0,5.0,1.0,4.0,0.0,24.0
1723.4791561048205,82.0,5.0,1.0,4.0,0.0,24.0
1723.7791561048205,82.0,5.0,1.0,4.0,0.0,24.0
1723.7798878121375,82.0,5.0,1.0,4.0,0.0,24.0
1724.0798878121375,82.0,5.0,1.0,4.0,0.0,24.0
1724.0806195194546,82.0,5.0,1.0,4.0,0.0,24.0
1724.3806195194545,82.0,5.0,1.0,4.0,0.0,24.0
1724.3813512267716,82.0,5.0,1.0,4.0,0.0,24.0
1724.6813512267715,82.0,5.0,1.0,4.0,0.0,24.0
1724.6820829340886,82.0,5.0,1.0,4.0,0.0,23.0
1724.9820829340886,82.0,5.0,1.0,4.0,0.0,23.0
1724.9828146414056,82.0,5.0,1.0,4.0,0.0,23.0
1725.2828146414056,82.0,5.0,1.0,4.0,0.0,23.0
1725.2835463487227,82.0,5.0,1.0,4.0,0.0,23.0
1725.5835463487226,82.0,5.0,1.0,4.0,0.0,23.0
1725.5842780560397,82.0,5.0,1.0,4.0,0.0,23.0
1725.8842780560396,82.0,5.0,1.0,4.0,0.0,23.0
1725.8850097633567,82.0,5.0,1.0,4.0,0.0,23.0
1726.1850097633567,82.0,5.0,1.0,4.0,0.0,23.0
1726.1857414706737,82.0,5.0,1.0,4.0,0.0,23.0
1726.4857414706737,82.0,5.0,1.0,4.0,0.0,23.0
1726.4864731779908,82.0,5.0,1.0,4.0,0.0,23.0
1726.7864731779907,82.0,5.0,1.0,4.0,0.0,23.0
1726.7872048853078,82.0,5.0,1.0,4.0,0.0,23.0
1727.0872048853078,82.0,5.0,1.0,4.0,0.0,23.0
1727.0879365926248,82.0,5.0,1.0,4.0,0.0,23.0
1727.3879365926248,82.0,5.0,1.0,4.0,0.0,23.0
1727.3886682999419,82.0,5.0,1.0,4.0,0.0,23.0
1727.6886682999418,82.0,5.0,1.0,4.0,0.0,23.0
1727.6894000072589,82.0,5.0,1.0,4.0,0.0,23.0
1727.9894000072588,82.0,5.0,1.0,4.0,0.0,23.0
1727.990131714576,82.0,5.0,1.0,4.0,0.0,23.0
1728.2901317145759,82.0,5.0,1.0,4.0,0.0,23.0
1728.290863421893,82.0,5.0,1.0,4.0,0.0,23.0
1728.590863421893,82.0,5.0,1.0,4.0,0.0,23.0
1728.59159512921,82.0,5.0,1.0,4.0,0.0,23.0
1728.89159512921,82.0,5.0,1.0,4.0,0.0,23.0
1728.892326836527,82.0,5.0,1.0,4.0,0.0,23.0
1729.192326836527,82.0,5.0,1.0,4.0,0.0,23.0
1729.193058543844,82.0,5.0,1.0,4.0,0.0,23.0
1729.493058543844,82.0,5.0,1.0,4.0,0.0,23.0
1729.493790251161,82.0,5.0,1.0,4.0,0.0,23.0
1729.793790251161,82.0,5.0,1.0,4.0,0.0,23.0
1729.794521958478,82.0,5.0,1.0,4.0,0.0,23.0
1730.094521958478,82.0,5.0,1.0,4.0,0.0,23.0
1730.095253665795,82.0,5.0,1.0,4.0,0.0,23.0
1730.395253665795,82.0,5.0,1.0,4.0,0.0,23.0
1730.3959853731121,82.0,5.0,1.0,4.0,0.0,23.0
1730.695985373112,82.0,5.0,1.0,4.0,0.0,23.0
1730.6967170804292,82.0,5.0,1.0,4.0,0.0,23.0
1730.996717080429,82.0,5.0,1.0,4.0,0.0,23.0
1730.9974487877462,82.0,5.0,1.0,4.0,0.0,23.0
1731.2974487877461,82.0,5.0,1.0,4.0,0.0,23.0
1731.2981804950632,82.0,5.0,1.0,4.0,0.0,23.0
1731.5981804950632,82.0,5.0,1.0,4.0,0.0,23.0
1731.5989122023802,82.0,5.0,1.0,4.0,0.0,23.0
1731.8989122023802,82.0,5.0,1.0,4.0,0.0,23.0
1731.8996439096973,82.0,5.0,1.0,4.0,0.0,23.0
1732.1996439096972,82.0,5.0,1.0,4.0,0.0,23.0
1732.2003756170143,82.0,5.0,1.0,4.0,0.0,23.0
1732.5003756170142,82.0,5.0,1.0,4.0,0.0,23.0
1732.5011073243313,82.0,5.0,1.0,4.0,0.0,23.0
1732.8011073243313,82.0,5.0,1.0,4.0,0.0,23.0
1732.8018390316483,82.0,5.0,1.0,4.0,0.0,23.0
1733.1018390316483,82.0,5.0,1.0,4.0,0.0,23.0
1733.1025707389654,82.0,5.0,1.0,4.0,0.0,23.0
1733.4025707389653,82.0,5.0,1.0,4.0,0.0,23.0
1733.4033024462824,82.0,5.0,1.0,4.0,0.0,23.0
1733.7033024462824,82.0,5.0,1.0,4.0,0.0,23.0
1733.7040341535994,82.0,5.0,1.0,4.0,0.0,23.0
1734.0040341535994,82.0,5.0,1.0,4.0,0.0,23.0
1734.0047658609165,82.0,5.0,1.0,4.0,0.0,23.0
1734.3047658609164,82.0,5.0,1.0,4.0,0.0,23.0
1734.3054975682335,82.0,5.0,1.0,4.0,0.0,23.0
1734.6054975682334,82.0,5.0,1.0,4.0,0.0,23.0
1734.6062292755505,82.0,5.0,1.0,4.0,0.0,23.0
1734.9062292755505,82.0,5.0,1.0,4.0,0.0,23.0
1734.9069609828675,82.0,5.0,1.0,4.0,0.0,23.0
1735.2069609828675,82.0,5.0,1.0,4.0,0.0,23.0
1735.2076926901846,82.0,5.0,1.0,4.0,0.0,23.0
1735.5076926901845,82.0,5.0,1.0,4.0,0.0,23.0
1735.5084243975016,82.0,5.0,1.0,4.0,0.0,23.0
1735.8084243975015,82.0,5.0,1.0,4.0,0.0,23.0
1735.8091561048186,82.0,5.0,1.0,4.0,0.0,23.0
1736.1091561048186,82.0,5.0,1.0,4.0,0.0,23.0
1736.1098878121356,82.0,5.0,1.0,4.0,0.0,23.0
1736.4098878121356,82.0,5.0,1.0,4.0,0.0,23.0
1736.4106195194527,82.0,5.0,1.0,4.0,0.0,23.0
1736.7106195194526,82.0,5.0,1.0,4.0,0.0,23.0
1736.7113512267697,82.0,5.0,1.0,4.0,0.0,23.0
1737.0113512267696,82.0,5.0,1.0,4.0,0.0,23.0
1737.0120829340867,82.0,5.0,1.0,4.0,0.0,23.0
1737.3120829340867,82.0,5.0,1.0,4.0,0.0,23.0
1737.3128146414037,82.0,5.0,1.0,4.0,0.0,23.0
1737.6128146414037,82.0,5.0,1.0,4.0,0.0,23.0
1737.6135463487208,82.0,5.0,1.0,4.0,0.0,23.0
1737.9135463487207,82.0,5.0,1.0,4.0,0.0,23.0
1737.9142780560378,82.0,5.0,1.0,4.0,0.0,23.0
1738.2142780560378,82.0,5.0,1.0,4.0,0.0,23.0
1738.2150097633548,82.0,5.0,1.0,4.0,0.0,23.0
1738.5150097633548,82.0,5.0,1.0,4.0,0.0,23.0
1738.5157414706719,82.0,5.0,1.0,4.0,0.0,23.0
1738.8157414706718,82.0,5.0,1.0,4.0,0.0,23.0
1738.8164731779889,82.0,5.0,1.0,4.0,0.0,23.0
1739.1164731779888,82.0,5.0,1.0,4.0,0.0,23.0
1739.117204885306,82.0,5.0,1.0,4.0,0.0,23.0
1739.4172048853059,82.0,5.0,1.0,4.0,0.0,23.0
1739.417936592623,82.0,5.0,1.0,4.0,0.0,23.0
1739.717936592623,82.0,5.0,1.0,4.0,0.0,23.0
1739.71866829994,82.0,5.0,1.0,4.0,0.0,23.0
1740.01866829994,82.0,5.0,1.0,4.0,0.0,23.0
1740.019400007257,82.0,5.0,1.0,4.0,0.0,23.0
1740.319400007257,82.0,5.0,1.0,4.0,0.0,23.0
1740.320131714574,82.0,5.0,1.0,4.0,0.0,23.0
1740.620131714574,82.0,5.0,1.0,4.0,0.0,23.0
1740.620863421891,82.0,5.0,1.0,4.0,0.0,23.0
1740.920863421891,82.0,5.0,1.0,4.0,0.0,23.0
1740.921595129208,82.0,5.0,1.0,4.0,0.0,23.0
1741.221595129208,82.0,5.0,1.0,4.0,0.0,23.0
1741.222326836525,82.0,5.0,1.0,4.0,0.0,23.0
1741.522326836525,82.0,5.0,1.0,4.0,0.0,23.0
1741.5230585438421,82.0,5.0,1.0,4.0,0.0,23.0
1741.823058543842,82.0,5.0,1.0,4.0,0.0,23.0
1741.8237902511592,82.0,5.0,1.0,4.0,0.0,23.0
1742.123790251159,82.0,5.0,1.0,4.0,0.0,23.0
1742.1245219584762,82.0,5.0,1.0,4.0,0.0,23.0
1742.4245219584761,82.0,5.0,1.0,4.0,0.0,23.0
1742.4252536657932,82.0,5.0,1.0,4.0,0.0,23.0
1742.7252536657932,82.0,5.0,1.0,4.0,0.0,23.0
1742.7259853731102,82.0,5.0,1.0,4.0,0.0,23.0
1743.0259853731102,82.0,5.0,1.0,4.0,0.0,23.0
1743.0267170804273,82.0,5.0,1.0,4.0,0.0,23.0
1743.3267170804272,82.0,5.0,1.0,4.0,0.0,23.0
1743.3274487877443,82.0,5.0,1.0,4.0,0.0,23.0
1743.6274487877442,82.0,5.0,1.0,4.0,0.0,23.0
1743.6281804950613,82.0,5.0,1.0,4.0,0.0,23.0
1743.9281804950613,82.0,5.0,1.0,4.0,0.0,23.0
1743.9289122023783,82.0,5.0,1.0,4.0,0.0,23.0
1744.2289122023783,82.0,5.0,1.0,4.0,0.0,23.0
1744.2296439096954,82.0,5.0,1.0,4.0,0.0,23.0
1744.5296439096953,82.0,5.0,1.0,4.0,0.0,23.0
1744.5303756170124,82.0,5.0,1.0,4.0,0.0,23.0
1744.8303756170124,82.0,5.0,1.0,4.0,0.0,23.0
1744.8311073243294,82.0,5.0,1.0,4.0,0.0,23.0
1745.1311073243294,82.0,5.0,1.0,4.0,0.0,23.0
1745.1318390316465,82.0,5.0,1.0,4.0,0.0,23.0
1745.4318390316464,82.0,5.0,1.0,4.0,0.0,23.0
1745.4325707389635,82.0,5.0,1.0,4.0,0.0,23.0
1745.7325707389634,82.0,5.0,1.0,4.0,0.0,23.0
1745.7333024462805,82.0,5.0,1.0,4.0,0.0,23.0
1746.0333024462805,82.0,5.0,1.0,4.0,0.0,23.0
1746.0340341535975,82.0,5.0,1.0,4.0,0.0,23.0
1746.3340341535975,82.0,5.0,1.0,4.0,0.0,23.0
1746.3347658609146,82.0,5.0,1.0,4.0,0.0,23.0
1746.6347658609145,82.0,5.0,1.0,4.0,0.0,23.0
1746.6354975682316,82.0,5.0,1.0,4.0,0.0,23.0
1746.9354975682315,82.0,5.0,1.0,4.0,0.0,23.0
1746.9362292755486,82.0,5.0,1.0,4.0,0.0,23.0
1747.2362292755486,82.0,5.0,1.0,4.0,0.0,23.0
1747.2369609828656,82.0,5.0,1.0,4.0,0.0,23.0
1747.5369609828656,82.0,5.0,1.0,4.0,0.0,23.0
1747.5376926901827,82.0,5.0,1.0,4.0,0.0,23.0
1747.8376926901826,82.0,5.0,1.0,4.0,0.0,23.0
1747.8384243974997,82.0,5.0,1.0,4.0,0.0,23.0
1748.1384243974996,82.0,5.0,1.0,4.0,0.0,23.0
1748.1391561048167,82.0,5.0,1.0,4.0,0.0,23.0
1748.4391561048167,82.0,5.0,1.0,4.0,0.0,23.0
1748.4398878121337,82.0,5.0,1.0,4.0,0.0,23.0
1748.7398878121337,82.0,5.0,1.0,4.0,0.0,23.0
1748.7406195194508,82.0,5.0,1.0,4.0,0.0,23.0
1749.0406195194507,82.0,5.0,1.0,4.0,0.0,23.0
1749.0413512267678,82.0,5.0,1.0,4.0,0.0,23.0
1749.3413512267678,82.0,5.0,1.0,4.0,0.0,23.0
1749.3420829340848,82.0,5.0,1.0,4.0,0.0,23.0
1749.6420829340848,82.0,5.0,1.0,4.0,0.0,23.0
1749.6428146414019,82.0,5.0,1.0,4.0,0.0,23.0
1749.9428146414018,82.0,5.0,1.0,4.0,0.0,23.0
1749.9435463487189,82.0,5.0,1.0,4.0,0.0,23.0
1750.2435463487188,82.0,5.0,1.0,4.0,0.0,23.0
1750.244278056036,83.0,5.0,1.0,4.0,0.0,23.0
1750.5442780560359,83.0,5.0,1.0,4.0,0.0,23.0
1750.5450009476021,83.0,5.0,1.0,4.0,0.0,23.0
1750.845000947602,83.0,5.0,1.0,4.0,0.0,23.0
1750.8457238391684,83.0,5.0,1.0,4.0,0.0,23.0
1751.1457238391683,83.0,5.0,1.0,4.0,0.0,23.0
1751.1464467307346,83.0,5.0,1.0,4.0,0.0,23.0
1751.4464467307346,83.0,5.0,1.0,4.0,0.0,23.0
1751.4471696223009,83.0,5.0,1.0,4.0,0.0,23.0
1751.7471696223008,83.0,5.0,1.0,4.0,0.0,23.0
1751.747892513867,83.0,5.0,1.0,4.0,0.0,23.0
1752.047892513867,83.0,5.0,1.0,4.0,0.0,23.0
1752.0486154054333,83.0,5.0,1.0,4.0,0.0,23.0
1752.3486154054333,83.0,5.0,1.0,4.0,0.0,23.0
1752.3493382969996,83.0,5.0,1.0,4.0,0.0,23.0
1752.6493382969995,83.0,5.0,1.0,4.0,0.0,23.0
1752.6500611885658,83.0,5.0,1.0,4.0,0.0,23.0
1752.9500611885658,83.0,5.0,1.0,4.0,0.0,23.0
1752.950784080132,83.0,5.0,1.0,4.0,0.0,23.0
1753.250784080132,83.0,5.0,1.0,4.0,0.0,23.0
1753.2515069716983,83.0,5.0,1.0,4.0,0.0,23.0
1753.5515069716982,83.0,5.0,1.0,4.0,0.0,23.0
1753.5522298632645,83.0,5.0,1.0,4.0,0.0,23.0
1753.8522298632645,83.0,5.0,1.0,4.0,0.0,23.0
1753.8529527548308,83.0,5.0,1.0,4.0,0.0,23.0
1754.1529527548307,83.0,5.0,1.0,4.0,0.0,23.0
1754.153675646397,83.0,5.0,1.0,4.0,0.0,23.0
1754.453675646397,83.0,5.0,1.0,4.0,0.0,23.0
1754.4543985379632,83.0,5.0,1.0,4.0,0.0,23.0
1754.7543985379632,83.0,5.0,1.0,4.0,0.0,23.0
1754.7551214295295,83.0,5.0,1.0,4.0,0.0,23.0
1755.0551214295294,83.0,5.0,1.0,4.0,0.0,23.0
1755.0558443210957,83.0,5.0,1.0,4.0,0.0,23.0
1755.3558443210957,83.0,5.0,1.0,4.0,0.0,23.0
1755.356567212662,83.0,5.0,1.0,4.0,0.0,23.0
1755.656567212662,83.0,5.0,1.0,4.0,0.0,23.0
1755.6572901042282,83.0,5.0,1.0,4.0,0.0,23.0
1755.9572901042282,83.0,5.0,1.0,4.0,0.0,23.0
1755.9580129957944,83.0,5.0,1.0,4.0,0.0,23.0
1756.2580129957944,83.0,5.0,1.0,4.0,0.0,23.0
1756.2587358873607,84.0,5.0,1.0,4.0,0.0,23.0
1756.5587358873606,84.0,5.0,1.0,4.0,0.0,23.0
1756.559450173075,84.0,5.0,1.0,4.0,0.0,23.0
1756.859450173075,84.0,5.0,1.0,4.0,0.0,23.0
1756.8601644587893,84.0,5.0,1.0,4.0,0.0,23.0
1757.1601644587893,84.0,5.0,1.0,4.0,0.0,23.0
1757.1608787445036,84.0,5.0,1.0,4.0,0.0,23.0
1757.4608787445036,84.0,5.0,1.0,4.0,0.0,23.0
1757.461593030218,84.0,5.0,1.0,4.0,0.0,23.0
1757.761593030218,84.0,5.0,1.0,4.0,0.0,23.0
1757.7623073159323,84.0,5.0,1.0,4.0,0.0,23.0
1758.0623073159322,84.0,5.0,1.0,4.0,0.0,23.0
1758.0630216016466,84.0,5.0,1.0,4.0,0.0,23.0
1758.3630216016466,84.0,5.0,1.0,4.0,0.0,23.0
1758.363735887361,84.0,5.0,1.0,4.0,0.0,23.0
1758.6637358873609,84.0,5.0,1.0,4.0,0.0,23.0
1758.6644501730752,84.0,5.0,1.0,4.0,0.0,23.0
1758.9644501730752,84.0,5.0,1.0,4.0,0.0,23.0
1758.9651644587896,84.0,5.0,1.0,4.0,0.0,23.0
1759.2651644587895,84.0,5.0,1.0,4.0,0.0,23.0
1759.2658787445039,84.0,5.0,1.0,4.0,0.0,23.0
1759.5658787445038,84.0,5.0,1.0,4.0,0.0,23.0
1759.5665930302182,84.0,5.0,1.0,4.0,0.0,23.0
1759.8665930302182,84.0,5.0,1.0,4.0,0.0,23.0
1759.8673073159325,84.0,5.0,1.0,4.0,0.0,23.0
1760.1673073159325,84.0,5.0,1.0,4.0,0.0,23.0
1760.1680216016468,84.0,5.0,1.0,4.0,0.0,23.0
1760.4680216016468,84.0,5.0,1.0,4.0,0.0,23.0
1760.4687358873612,84.0,5.0,1.0,4.0,0.0,23.0
1760.7687358873611,84.0,5.0,1.0,4.0,0.0,23.0
1760.7694501730755,84.0,5.0,1.0,4.0,0.0,23.0
1761.0694501730754,84.0,5.0,1.0,4.0,0.0,23.0
1761.0701644587898,84.0,5.0,1.0,4.0,0.0,23.0
1761.3701644587898,84.0,5.0,1.0,4.0,0.0,23.0
1761.3708787445041,84.0,5.0,1.0,4.0,0.0,23.0
1761.670878744504,84.0,5.0,1.0,4.0,0.0,23.0
1761.6715930302184,84.0,5.0,1.0,4.0,0.0,23.0
1761.9715930302184,84.0,5.0,1.0,4.0,0.0,23.0
1761.9723073159328,84.0,5.0,1.0,4.0,0.0,23.0
1762.2723073159327,84.0,5.0,1.0,4.0,0.0,23.0
1762.273021601647,84.0,5.0,1.0,2.0,0.0,24.0
1762.573021601647,84.0,5.0,1.0,2.0,0.0,24.0
1762.5737358873614,84.0,5.0,1.0,2.0,0.0,24.0
1762.8737358873614,84.0,5.0,1.0,2.0,0.0,24.0
1762.8744501730757,84.0,5.0,1.0,2.0,0.0,24.0
1763.1744501730757,84.0,5.0,1.0,2.0,0.0,24.0
1763.17516445879,84.0,5.0,1.0,2.0,0.0,24.0
1763.47516445879,84.0,5.0,1.0,2.0,0.0,24.0
1763.4758787445044,84.0,5.0,1.0,2.0,0.0,24.0
1763.7758787445043,84.0,5.0,1.0,2.0,0.0,24.0
1763.7765930302187,84.0,5.0,1.0,2.0,0.0,24.0
1764.0765930302186,84.0,5.0,1.0,2.0,0.0,24.0
1764.077307315933,84.0,5.0,1.0,2.0,0.0,24.0
1764.377307315933,84.0,5.0,1.0,2.0,0.0,24.0
1764.3780216016473,84.0,5.0,1.0,2.0,0.0,24.0
1764.6780216016473,84.0,5.0,1.0,2.0,0.0,24.0
1764.6787358873617,84.0,5.0,1.0,2.0,0.0,24.0
1764.9787358873616,84.0,5.0,1.0,2.0,0.0,24.0
1764.979450173076,84.0,5.0,1.0,2.0,0.0,24.0
1765.279450173076,84.0,5.0,1.0,2.0,0.0,24.0
1765.2801644587903,84.0,5.0,1.0,2.0,0.0,24.0
1765.5801644587903,84.0,5.0,1.0,2.0,0.0,24.0
1765.5808787445046,84.0,5.0,1.0,2.0,0.0,24.0
1765.8808787445046,84.0,5.0,1.0,2.0,0.0,24.0
1765.881593030219,84.0,5.0,1.0,2.0,0.0,24.0
1766.181593030219,84.0,5.0,1.0,2.0,0.0,24.0
1766.1823073159333,84.0,5.0,1.0,2.0,0.0,24.0
1766.4823073159332,84.0,5.0,1.0,2.0,0.0,24.0
1766.4830216016476,84.0,5.0,1.0,2.0,0.0,24.0
1766.7830216016475,84.0,5.0,1.0,2.0,0.0,24.0
1766.783735887362,84.0,5.0,1.0,2.0,0.0,24.0
1767.0837358873619,84.0,5.0,1.0,2.0,0.0,24.0
1767.0844501730762,84.0,5.0,1.0,2.0,0.0,24.0
1767.3844501730762,84.0,5.0,1.0,2.0,0.0,24.0
1767.3851644587905,84.0,5.0,1.0,2.0,0.0,24.0
1767.6851644587905,84.0,5.0,1.0,2.0,0.0,24.0
1767.6858787445049,84.0,5.0,1.0,2.0,0.0,24.0
1767.9858787445048,84.0,5.0,1.0,2.0,0.0,24.0
1767.9865930302192,84.0,5.0,1.0,2.0,0.0,24.0
1768.2865930302191,84.0,5.0,1.0,2.0,0.0,24.0
1768.2873073159335,84.0,5.0,1.0,2.0,0.0,24.0
1768.5873073159335,84.0,5.0,1.0,2.0,0.0,24.0
1768.5880216016478,84.0,5.0,1.0,2.0,0.0,24.0
1768.8880216016478,84.0,5.0,1.0,2.0,0.0,24.0
1768.8887358873621,84.0,5.0,1.0,2.0,0.0,24.0
1769.188735887362,84.0,5.0,1.0,2.0,0.0,24.0
1769.1894501730765,84.0,5.0,1.0,2.0,0.0,24.0
1769.4894501730764,84.0,5.0,1.0,2.0,0.0,24.0
1769.4901644587908,84.0,5.0,1.0,2.0,0.0,24.0
1769.7901644587907,84.0,5.0,1.0,2.0,0.0,24.0
1769.790878744505,84.0,5.0,1.0,2.0,0.0,24.0
1770.090878744505,84.0,5.0,1.0,2.0,0.0,24.0
1770.0915930302194,84.0,5.0,1.0,2.0,0.0,24.0
1770.3915930302194,84.0,5.0,1.0,2.0,0.0,24.0
1770.3923073159337,84.0,5.0,1.0,2.0,0.0,24.0
1770.6923073159337,84.0,5.0,1.0,2.0,0.0,24.0
1770.693021601648,84.0,5.0,1.0,2.0,0.0,24.0
1770.993021601648,84.0,5.0,1.0,2.0,0.0,24.0
1770.9937358873624,84.0,5.0,1.0,2.0,0.0,24.0
1771.2937358873623,84.0,5.0,1.0,2.0,0.0,24.0
1771.2944501730767,84.0,5.0,1.0,2.0,0.0,24.0
1771.5944501730767,84.0,5.0,1.0,2.0,0.0,24.0
1771.595164458791,84.0,5.0,1.0,2.0,0.0,24.0
1771.895164458791,84.0,5.0,1.0,2.0,0.0,24.0
1771.8958787445054,84.0,5.0,1.0,2.0,0.0,24.0
1772.1958787445053,84.0,5.0,1.0,2.0,0.0,24.0
1772.1965930302197,84.0,5.0,1.0,2.0,0.0,24.0
1772.4965930302196,84.0,5.0,1.0,2.0,0.0,24.0
1772.497307315934,84.0,5.0,1.0,2.0,0.0,24.0
1772.797307315934,84.0,5.0,1.0,2.0,0.0,24.0
1772.7980216016483,84.0,5.0,1.0,2.0,0.0,24.0
1773.0980216016483,84.0,5.0,1.0,2.0,0.0,24.0
1773.0987358873626,84.0,5.0,1.0,2.0,0.0,24.0
1773.3987358873626,84.0,5.0,1.0,2.0,0.0,24.0
1773.399450173077,84.0,5.0,1.0,2.0,0.0,24.0
1773.699450173077,84.0,5.0,1.0,2.0,0.0,24.0
1773.7001644587913,84.0,5.0,1.0,2.0,0.0,24.0
1774.0001644587912,84.0,5.0,1.0,2.0,0.0,24.0
1774.0008787445056,84.0,5.0,1.0,2.0,0.0,24.0
1774.3008787445056,84.0,5.0,1.0,2.0,0.0,24.0
1774.30159303022,84.0,5.0,1.0,2.0,0.0,24.0
1774.6015930302199,84.0,5.0,1.0,2.0,0.0,24.0
1774.6023073159342,84.0,5.0,1.0,2.0,0.0,24.0
1774.9023073159342,84.0,5.0,1.0,2.0,0.0,24.0
1774.9030216016486,84.0,5.0,1.0,2.0,0.0,24.0
1775.2030216016485,84.0,5.0,1.0,2.0,0.0,24.0
1775.2037358873629,84.0,5.0,1.0,2.0,0.0,24.0
1775.5037358873628,84.0,5.0,1.0,2.0,0.0,24.0
1775.5044501730772,84.0,5.0,1.0,2.0,0.0,24.0
1775.8044501730772,84.0,5.0,1.0,2.0,0.0,24.0
1775.8051644587915,84.0,5.0,1.0,2.0,0.0,24.0
1776.1051644587915,84.0,5.0,1.0,2.0,0.0,24.0
1776.1058787445058,84.0,5.0,1.0,2.0,0.0,24.0
1776.4058787445058,84.0,5.0,1.0,2.0,0.0,24.0
1776.4065930302202,84.0,5.0,1.0,2.0,0.0,24.0
1776.7065930302201,84.0,5.0,1.0,2.0,0.0,24.0
1776.7073073159345,84.0,5.0,1.0,2.0,0.0,24.0
1777.0073073159344,84.0,5.0,1.0,2.0,0.0,24.0
1777.0080216016488,84.0,5.0,1.0,2.0,0.0,24.0
1777.3080216016488,84.0,5.0,1.0,2.0,0.0,24.0
1777.3087358873631,84.0,5.0,1.0,2.0,0.0,24.0
1777.608735887363,84.0,5.0,1.0,2.0,0.0,24.0
1777.6094501730774,84.0,5.0,1.0,2.0,0.0,24.0
1777.9094501730774,84.0,5.0,1.0,2.0,0.0,24.0
1777.9101644587918,84.0,5.0,1.0,2.0,0.0,24.0
1778.2101644587917,84.0,5.0,1.0,2.0,0.0,24.0
1778.210878744506,84.0,5.0,1.0,2.0,0.0,24.0
1778.510878744506,84.0,5.0,1.0,2.0,0.0,24.0
1778.5115930302204,84.0,5.0,1.0,2.0,0.0,24.0
1778.8115930302204,84.0,5.0,1.0,2.0,0.0,24.0
1778.8123073159347,84.0,5.0,1.0,2.0,0.0,24.0
1779.1123073159347,84.0,5.0,1.0,2.0,0.0,24.0
1779.113021601649,84.0,5.0,1.0,2.0,0.0,24.0
1779.413021601649,84.0,5.0,1.0,2.0,0.0,24.0
1779.4137358873634,85.0,5.0,1.0,2.0,0.0,24.0
1779.7137358873633,85.0,5.0,1.0,2.0,0.0,24.0
1779.7144417697164,85.0,5.0,1.0,2.0,0.0,24.0
1780.0144417697163,85.0,5.0,1.0,2.0,0.0,24.0
1780.0151476520693,85.0,5.0,1.0,2.0,0.0,24.0
1780.3151476520693,85.0,5.0,1.0,2.0,0.0,24.0
1780.3158535344223,85.0,5.0,1.0,2.0,0.0,24.0
1780.6158535344223,85.0,5.0,1.0,2.0,0.0,24.0
1780.6165594167753,85.0,5.0,1.0,2.0,0.0,24.0
1780.9165594167753,85.0,5.0,1.0,2.0,0.0,24.0
1780.9172652991283,85.0,5.0,1.0,2.0,0.0,24.0
1781.2172652991283,85.0,5.0,1.0,2.0,0.0,24.0
1781.2179711814813,85.0,5.0,1.0,2.0,0.0,24.0
1781.5179711814812,85.0,5.0,1.0,2.0,0.0,24.0
1781.5186770638343,85.0,5.0,1.0,2.0,0.0,24.0
1781.8186770638342,85.0,5.0,1.0,2.0,0.0,24.0
1781.8193829461873,85.0,5.0,1.0,2.0,0.0,24.0
1782.1193829461872,85.0,5.0,1.0,2.0,0.0,24.0
1782.1200888285402,85.0,5.0,1.0,2.0,0.0,24.0
1782.4200888285402,85.0,5.0,1.0,2.0,0.0,24.0
1782.4207947108932,85.0,5.0,1.0,2.0,0.0,24.0
1782.7207947108932,85.0,5.0,1.0,2.0,0.0,24.0
1782.7215005932462,85.0,5.0,1.0,2.0,0.0,24.0
1783.0215005932462,85.0,5.0,1.0,2.0,0.0,24.0
1783.0222064755992,85.0,5.0,1.0,2.0,0.0,24.0
1783.3222064755992,85.0,5.0,1.0,2.0,0.0,24.0
1783.3229123579522,85.0,5.0,1.0,2.0,0.0,24.0
1783.6229123579521,85.0,5.0,1.0,2.0,0.0,24.0
1783.6236182403052,85.0,5.0,1.0,2.0,0.0,24.0
1783.9236182403051,85.0,5.0,1.0,2.0,0.0,24.0
1783.9243241226582,85.0,5.0,1.0,2.0,0.0,24.0
1784.2243241226581,85.0,5.0,1.0,2.0,0.0,24.0
1784.2250300050111,85.0,5.0,1.0,2.0,0.0,24.0
1784.525030005011,85.0,5.0,1.0,2.0,0.0,24.0
1784.5257358873641,85.0,5.0,1.0,2.0,0.0,24.0
1784.825735887364,85.0,5.0,1.0,2.0,0.0,24.0
1784.8264417697171,85.0,5.0,1.0,2.0,0.0,24.0
1785.126441769717,85.0,5.0,1.0,2.0,0.0,24.0
1785.12714765207,85.0,5.0,1.0,2.0,0.0,24.0
1785.42714765207,85.0,5.0,1.0,2.0,0.0,24.0
1785.427853534423,85.0,5.0,1.0,2.0,0.0,24.0
1785.727853534423,85.0,5.0,1.0,2.0,0.0,24.0
1785.728559416776,85.0,5.0,1.0,2.0,0.0,24.0
1786.028559416776,85.0,5.0,1.0,2.0,0.0,24.0
1786.029265299129,85.0,5.0,1.0,2.0,0.0,24.0
1786.329265299129,85.0,5.0,1.0,2.0,0.0,24.0
1786.329971181482,85.0,5.0,1.0,2.0,0.0,24.0
1786.629971181482,85.0,5.0,1.0,2.0,0.0,24.0
1786.630677063835,85.0,5.0,1.0,2.0,0.0,24.0
1786.930677063835,85.0,5.0,1.0,2.0,0.0,24.0
1786.931382946188,85.0,5.0,1.0,2.0,0.0,24.0
1787.231382946188,85.0,5.0,1.0,2.0,0.0,24.0
1787.232088828541,85.0,5.0,1.0,2.0,0.0,24.0
1787.532088828541,85.0,5.0,1.0,2.0,0.0,24.0
1787.532794710894,85.0,5.0,1.0,2.0,0.0,24.0
1787.832794710894,85.0,5.0,1.0,2.0,0.0,24.0
1787.833500593247,85.0,5.0,1.0,2.0,0.0,24.0
1788.133500593247,85.0,5.0,1.0,2.0,0.0,24.0
1788.1342064756,85.0,5.0,1.0,2.0,0.0,24.0
1788.4342064756,85.0,5.0,1.0,2.0,0.0,24.0
1788.434912357953,85.0,5.0,1.0,2.0,0.0,24.0
1788.734912357953,85.0,5.0,1.0,2.0,0.0,24.0
1788.735618240306,85.0,5.0,1.0,2.0,0.0,24.0
1789.035618240306,85.0,5.0,1.0,2.0,0.0,24.0
1789.036324122659,85.0,5.0,1.0,2.0,0.0,24.0
1789.3363241226589,85.0,5.0,1.0,2.0,0.0,24.0
1789.337030005012,85.0,5.0,1.0,2.0,0.0,24.0
1789.6370300050119,85.0,5.0,1.0,2.0,0.0,24.0
1789.637735887365,85.0,5.0,1.0,2.0,0.0,24.0
1789.9377358873649,85.0,5.0,1.0,2.0,0.0,24.0
1789.9384417697179,85.0,5.0,1.0,2.0,0.0,24.0
1790.2384417697178,85.0,5.0,1.0,2.0,0.0,24.0
1790.2391476520709,85.0,5.0,1.0,2.0,0.0,24.0
1790.5391476520708,85.0,5.0,1.0,2.0,0.0,24.0
1790.5398535344239,85.0,5.0,1.0,2.0,0.0,24.0
1790.8398535344238,85.0,5.0,1.0,2.0,0.0,24.0
1790.8405594167768,85.0,5.0,1.0,2.0,0.0,24.0
1791.1405594167768,85.0,5.0,1.0,2.0,0.0,24.0
1791.1412652991298,85.0,5.0,1.0,2.0,0.0,24.0
1791.4412652991298,85.0,5.0,1.0,2.0,0.0,24.0
1791.4419711814828,85.0,5.0,1.0,2.0,0.0,24.0
1791.7419711814828,85.0,5.0,1.0,2.0,0.0,24.0
1791.7426770638358,85.0,5.0,1.0,2.0,0.0,24.0
1792.0426770638358,85.0,5.0,1.0,2.0,0.0,24.0
1792.0433829461888,85.0,5.0,1.0,2.0,0.0,24.0
1792.3433829461887,85.0,5.0,1.0,2.0,0.0,24.0
1792.3440888285418,85.0,5.0,1.0,2.0,0.0,24.0
1792.6440888285417,85.0,5.0,1.0,2.0,0.0,24.0
1792.6447947108948,85.0,5.0,1.0,2.0,0.0,24.0
1792.9447947108947,85.0,5.0,1.0,2.0,0.0,24.0
1792.9455005932477,85.0,5.0,1.0,2.0,0.0,24.0
1793.2455005932477,85.0,5.0,1.0,2.0,0.0,24.0
1793.2462064756007,85.0,5.0,1.0,2.0,0.0,24.0
1793.5462064756007,85.0,5.0,1.0,2.0,0.0,24.0
1793.5469123579537,85.0,5.0,1.0,2.0,0.0,24.0
1793.8469123579537,85.0,5.0,1.0,2.0,0.0,24.0
1793.8476182403067,85.0,5.0,1.0,2.0,0.0,24.0
1794.1476182403067,85.0,5.0,1.0,2.0,0.0,24.0
1794.1483241226597,85.0,5.0,1.0,2.0,0.0,24.0
1794.4483241226596,85.0,5.0,1.0,2.0,0.0,24.0
1794.4490300050127,85.0,5.0,1.0,2.0,0.0,24.0
1794.7490300050126,85.0,5.0,1.0,2.0,0.0,24.0
1794.7497358873657,85.0,5.0,1.0,2.0,0.0,24.0
1795.0497358873656,85.0,5.0,1.0,2.0,0.0,24.0
1795.0504417697186,85.0,5.0,1.0,2.0,0.0,24.0
1795.3504417697186,85.0,5.0,1.0,2.0,0.0,24.0
1795.3511476520716,85.0,5.0,1.0,2.0,0.0,24.0
1795.6511476520716,85.0,5.0,1.0,2.0,0.0,24.0
1795.6518535344246,85.0,5.0,1.0,2.0,0.0,24.0
1795.9518535344246,85.0,5.0,1.0,2.0,0.0,24.0
1795.9525594167776,85.0,5.0,1.0,2.0,0.0,24.0
1796.2525594167776,85.0,5.0,1.0,2.0,0.0,24.0
1796.2532652991306,85.0,5.0,1.0,2.0,0.0,24.0
1796.5532652991305,85.0,5.0,1.0,2.0,0.0,24.0
1796.5539711814836,85.0,5.0,1.0,2.0,0.0,24.0
1796.8539711814835,85.0,5.0,1.0,2.0,0.0,24.0
1796.8546770638366,85.0,5.0,1.0,2.0,0.0,24.0
1797.1546770638365,85.0,5.0,1.0,2.0,0.0,24.0
1797.1553829461895,85.0,5.0,1.0,2.0,0.0,24.0
1797.4553829461895,85.0,5.0,1.0,2.0,0.0,24.0
1797.4560888285425,85.0,5.0,1.0,2.0,0.0,24.0
1797.7560888285425,85.0,5.0,1.0,2.0,0.0,24.0
1797.7567947108955,85.0,5.0,1.0,2.0,0.0,24.0
1798.0567947108955,85.0,5.0,1.0,2.0,0.0,24.0
1798.0575005932485,85.0,5.0,1.0,2.0,0.0,24.0
1798.3575005932485,85.0,5.0,1.0,2.0,0.0,24.0
1798.3582064756015,85.0,5.0,1.0,2.0,0.0,24.0
1798.6582064756014,85.0,5.0,1.0,2.0,0.0,24.0
1798.6589123579545,85.0,5.0,1.0,2.0,0.0,24.0
1798.9589123579544,85.0,5.0,1.0,2.0,0.0,24.0
1798.9596182403075,85.0,5.0,1.0,2.0,0.0,24.0
1799.2596182403074,85.0,5.0,1.0,2.0,0.0,24.0
1799.2603241226604,85.0,5.0,1.0,2.0,0.0,24.0
1799.5603241226604,85.0,5.0,1.0,2.0,0.0,24.0
1799.5610300050134,85.0,5.0,1.0,2.0,0.0,24.0
1799.8610300050134,85.0,5.0,1.0,2.0,0.0,24.0
1799.8617358873664,85.0,5.0,1.0,2.0,0.0,24.0
1800.1617358873664,85.0,5.0,1.0,2.0,0.0,24.0
1800.1624417697194,85.0,5.0,1.0,2.0,0.0,24.0
1800.4624417697194,85.0,5.0,1.0,2.0,0.0,24.0
1800.4631476520724,85.0,5.0,1.0,2.0,0.0,24.0
1800.7631476520723,85.0,5.0,1.0,2.0,0.0,24.0
1800.7638535344254,85.0,5.0,1.0,2.0,0.0,24.0
1801.0638535344253,85.0,5.0,1.0,2.0,0.0,24.0
1801.0645594167784,85.0,5.0,1.0,2.0,0.0,24.0
1801.3645594167783,85.0,5.0,1.0,2.0,0.0,24.0
1801.3652652991314,85.0,5.0,1.0,2.0,0.0,24.0
1801.6652652991313,85.0,5.0,1.0,2.0,0.0,24.0
1801.6659711814843,85.0,5.0,1.0,2.0,0.0,24.0
1801.9659711814843,85.0,5.0,1.0,2.0,0.0,24.0
1801.9666770638373,85.0,5.0,1.0,2.0,0.0,24.0
1802.2666770638373,85.0,5.0,1.0,2.0,0.0,24.0
1802.2673829461903,85.0,5.0,1.0,2.0,0.0,24.0
1802.5673829461903,85.0,5.0,1.0,2.0,0.0,24.0
1802.5680888285433,85.0,5.0,1.0,2.0,0.0,24.0
1802.8680888285433,85.0,5.0,1.0,2.0,0.0,24.0
1802.8687947108963,85.0,5.0,1.0,2.0,0.0,24.0
1803.1687947108962,85.0,5.0,1.0,2.0,0.0,24.0
1803.1695005932493,85.0,5.0,1.0,2.0,0.0,24.0
1803.4695005932492,85.0,5.0,1.0,2.0,0.0,24.0
1803.4702064756023,85.0,5.0,1.0,2.0,0.0,24.0
1803.7702064756022,85.0,5.0,1.0,2.0,0.0,24.0
1803.7709123579552,85.0,5.0,1.0,2.0,0.0,24.0
1804.0709123579552,85.0,5.0,1.0,2.0,0.0,24.0
1804.0716182403082,85.0,5.0,1.0,2.0,0.0,24.0
1804.3716182403082,85.0,5.0,1.0,2.0,0.0,24.0
1804.3723241226612,85.0,5.0,1.0,2.0,0.0,24.0
1804.6723241226612,85.0,5.0,1.0,2.0,0.0,24.0
1804.6730300050142,85.0,5.0,1.0,2.0,0.0,24.0
1804.9730300050142,85.0,5.0,1.0,2.0,0.0,24.0
1804.9737358873672,85.0,5.0,1.0,2.0,0.0,24.0
1805.2737358873671,85.0,5.0,1.0,2.0,0.0,24.0
1805.2744417697202,85.0,5.0,1.0,2.0,0.0,24.0
1805.5744417697201,85.0,5.0,1.0,2.0,0.0,24.0
1805.5751476520732,85.0,5.0,1.0,2.0,0.0,24.0
1805.875147652073,85.0,5.0,1.0,2.0,0.0,24.0
1805.8758535344261,85.0,5.0,1.0,2.0,0.0,24.0
1806.175853534426,85.0,5.0,1.0,2.0,0.0,24.0
1806.1765594167791,85.0,5.0,1.0,2.0,0.0,24.0
1806.476559416779,85.0,5.0,1.0,2.0,0.0,24.0
1806.4772652991321,85.0,5.0,1.0,2.0,0.0,24.0
1806.777265299132,85.0,5.0,1.0,2.0,0.0,24.0
1806.777971181485,85.0,5.0,1.0,2.0,0.0,24.0
1807.077971181485,85.0,5.0,1.0,2.0,0.0,24.0
1807.078677063838,85.0,5.0,1.0,2.0,0.0,24.0
1807.378677063838,85.0,5.0,1.0,2.0,0.0,24.0
1807.379382946191,85.0,5.0,1.0,2.0,0.0,24.0
1807.679382946191,85.0,5.0,1.0,2.0,0.0,24.0
1807.680088828544,85.0,5.0,1.0,2.0,0.0,24.0
1807.980088828544,85.0,5.0,1.0,2.0,0.0,24.0
1807.980794710897,85.0,5.0,1.0,2.0,0.0,24.0
1808.280794710897,85.0,5.0,1.0,2.0,0.0,24.0
1808.28150059325,85.0,5.0,1.0,2.0,0.0,24.0
1808.58150059325,85.0,5.0,1.0,2.0,0.0,24.0
1808.582206475603,85.0,5.0,1.0,2.0,0.0,24.0
1808.882206475603,85.0,5.0,1.0,2.0,0.0,24.0
1808.882912357956,85.0,5.0,1.0,2.0,0.0,24.0
1809.182912357956,85.0,5.0,1.0,2.0,0.0,24.0
1809.183618240309,85.0,5.0,1.0,2.0,0.0,24.0
1809.483618240309,85.0,5.0,1.0,2.0,0.0,24.0
1809.484324122662,85.0,5.0,1.0,2.0,0.0,24.0
1809.784324122662,85.0,5.0,1.0,2.0,0.0,24.0
1809.785030005015,85.0,5.0,1.0,2.0,0.0,24.0
1810.085030005015,85.0,5.0,1.0,2.0,0.0,24.0
1810.085735887368,85.0,5.0,1.0,2.0,0.0,24.0
1810.385735887368,85.0,5.0,1.0,2.0,0.0,24.0
1810.386441769721,85.0,5.0,1.0,2.0,0.0,24.0
1810.686441769721,85.0,5.0,1.0,2.0,0.0,24.0
1810.687147652074,85.0,5.0,1.0,2.0,0.0,24.0
1810.9871476520739,85.0,5.0,1.0,2.0,0.0,24.0
1810.987853534427,85.0,5.0,1.0,2.0,0.0,24.0
1811.2878535344269,85.0,5.0,1.0,2.0,0.0,24.0
1811.28855941678,85.0,5.0,1.0,2.0,0.0,24.0
1811.5885594167798,85.0,5.0,1.0,2.0,0.0,24.0
1811.5892652991329,85.0,5.0,1.0,2.0,0.0,24.0
1811.8892652991328,85.0,5.0,1.0,2.0,0.0,24.0
1811.8899711814859,85.0,5.0,1.0,2.0,0.0,24.0
1812.1899711814858,85.0,5.0,1.0,2.0,0.0,24.0
1812.1906770638388,85.0,5.0,1.0,2.0,0.0,24.0
1812.4906770638388,85.0,5.0,1.0,2.0,0.0,24.0
1812.4913829461918,85.0,5.0,1.0,2.0,0.0,24.0
1812.7913829461918,85.0,5.0,1.0,2.0,0.0,24.0
1812.7920888285448,85.0,5.0,1.0,2.0,0.0,24.0
1813.0920888285448,85.0,5.0,1.0,2.0,0.0,24.0
1813.0927947108978,85.0,5.0,1.0,2.0,0.0,24.0
1813.3927947108978,85.0,5.0,1.0,2.0,0.0,24.0
1813.3935005932508,85.0,5.0,1.0,2.0,0.0,24.0
1813.6935005932507,85.0,5.0,1.0,2.0,0.0,24.0
1813.6942064756038,85.0,5.0,1.0,2.0,0.0,24.0
1813.9942064756037,85.0,5.0,1.0,2.0,0.0,24.0
1813.9949123579568,85.0,5.0,1.0,2.0,0.0,24.0
1814.2949123579567,85.0,5.0,1.0,2.0,0.0,24.0
1814.2956182403098,85.0,5.0,1.0,2.0,0.0,24.0
1814.5956182403097,85.0,5.0,1.0,2.0,0.0,24.0
1814.5963241226627,85.0,5.0,1.0,2.0,0.0,24.0
1814.8963241226627,85.0,5.0,1.0,2.0,0.0,24.0
1814.8970300050157,86.0,5.0,1.0,2.0,0.0,24.0
1815.1970300050157,86.0,5.0,1.0,2.0,0.0,24.0
1815.1977276794344,86.0,5.0,1.0,2.0,0.0,24.0
1815.4977276794343,86.0,5.0,1.0,2.0,0.0,24.0
1815.498425353853,86.0,5.0,1.0,2.0,0.0,24.0
1815.798425353853,86.0,5.0,1.0,2.0,0.0,24.0
1815.7991230282717,86.0,5.0,1.0,2.0,0.0,24.0
1816.0991230282716,86.0,5.0,1.0,2.0,0.0,24.0
1816.0998207026903,86.0,5.0,1.0,2.0,0.0,24.0
1816.3998207026902,86.0,5.0,1.0,2.0,0.0,24.0
1816.400518377109,86.0,5.0,1.0,2.0,0.0,24.0
1816.700518377109,86.0,5.0,1.0,2.0,0.0,24.0
1816.7012160515276,86.0,5.0,1.0,2.0,0.0,24.0
1817.0012160515275,86.0,5.0,1.0,2.0,0.0,24.0
1817.0019137259462,86.0,5.0,1.0,2.0,0.0,24.0
1817.3019137259462,86.0,5.0,1.0,2.0,0.0,24.0
1817.3026114003649,86.0,5.0,1.0,2.0,0.0,24.0
1817.6026114003648,86.0,5.0,1.0,2.0,0.0,24.0
1817.6033090747835,86.0,5.0,1.0,2.0,0.0,24.0
1817.9033090747835,86.0,5.0,1.0,2.0,0.0,24.0
1817.9040067492022,86.0,5.0,1.0,2.0,0.0,24.0
1818.204006749202,86.0,5.0,1.0,2.0,0.0,24.0
1818.2047044236208,86.0,5.0,1.0,2.0,0.0,24.0
1818.5047044236208,86.0,5.0,1.0,2.0,0.0,24.0
1818.5054020980394,86.0,5.0,1.0,2.0,0.0,24.0
1818.8054020980394,86.0,5.0,1.0,2.0,0.0,24.0
1818.806099772458,86.0,5.0,1.0,2.0,0.0,24.0
1819.106099772458,86.0,5.0,1.0,2.0,0.0,24.0
1819.1067974468767,86.0,5.0,1.0,2.0,0.0,24.0
1819.4067974468767,86.0,5.0,1.0,2.0,0.0,24.0
1819.4074951212954,86.0,5.0,1.0,2.0,0.0,24.0
1819.7074951212953,86.0,5.0,1.0,2.0,0.0,24.0
1819.708192795714,86.0,5.0,1.0,2.0,0.0,24.0
1820.008192795714,86.0,5.0,1.0,2.0,0.0,24.0
1820.0088904701327,86.0,5.0,1.0,2.0,0.0,24.0
1820.3088904701326,86.0,5.0,1.0,2.0,0.0,24.0
1820.3095881445513,86.0,5.0,1.0,2.0,0.0,24.0
1820.6095881445513,86.0,5.0,1.0,2.0,0.0,24.0
1820.61028581897,86.0,5.0,1.0,2.0,0.0,24.0
1820.91028581897,86.0,5.0,1.0,2.0,0.0,24.0
1820.9109834933886,86.0,5.0,1.0,2.0,0.0,24.0
1821.2109834933885,86.0,5.0,1.0,2.0,0.0,24.0
1821.2116811678072,86.0,5.0,1.0,2.0,0.0,24.0
1821.5116811678072,86.0,5.0,1.0,2.0,0.0,24.0
1821.5123788422259,86.0,5.0,1.0,2.0,0.0,24.0
1821.8123788422258,86.0,5.0,1.0,2.0,0.0,24.0
1821.8130765166445,86.0,5.0,1.0,2.0,0.0,24.0
1822.1130765166445,86.0,5.0,1.0,2.0,0.0,24.0
1822.1137741910632,86.0,5.0,1.0,2.0,0.0,24.0
1822.413774191063,86.0,5.0,1.0,2.0,0.0,24.0
1822.4144718654818,86.0,5.0,1.0,2.0,0.0,24.0
1822.7144718654818,86.0,5.0,1.0,2.0,0.0,24.0
1822.7151695399004,86.0,5.0,1.0,2.0,0.0,24.0
1823.0151695399004,86.0,5.0,1.0,2.0,0.0,24.0
1823.015867214319,86.0,5.0,1.0,2.0,0.0,24.0
1823.315867214319,86.0,5.0,1.0,2.0,0.0,24.0
1823.3165648887377,86.0,5.0,1.0,2.0,0.0,24.0
1823.6165648887377,86.0,5.0,1.0,2.0,0.0,24.0
1823.6172625631564,86.0,5.0,1.0,2.0,0.0,24.0
1823.9172625631563,86.0,5.0,1.0,2.0,0.0,24.0
1823.917960237575,86.0,5.0,1.0,2.0,0.0,24.0
1824.217960237575,86.0,5.0,1.0,2.0,0.0,24.0
1824.2186579119937,86.0,5.0,1.0,2.0,0.0,24.0
1824.5186579119936,86.0,5.0,1.0,2.0,0.0,24.0
1824.5193555864123,86.0,5.0,1.0,2.0,0.0,24.0
1824.8193555864123,86.0,5.0,1.0,2.0,0.0,24.0
1824.820053260831,86.0,5.0,1.0,2.0,0.0,24.0
1825.120053260831,86.0,5.0,1.0,2.0,0.0,24.0
1825.1207509352496,86.0,5.0,1.0,2.0,0.0,24.0
1825.4207509352495,86.0,5.0,1.0,2.0,0.0,24.0
1825.4214486096682,86.0,5.0,1.0,2.0,0.0,24.0
1825.7214486096682,86.0,5.0,1.0,2.0,0.0,24.0
1825.7221462840869,86.0,5.0,1.0,2.0,0.0,24.0
1826.0221462840868,86.0,5.0,1.0,2.0,0.0,24.0
1826.0228439585055,86.0,5.0,1.0,2.0,0.0,24.0
1826.3228439585055,86.0,5.0,1.0,2.0,0.0,24.0
1826.3235416329242,86.0,5.0,1.0,2.0,0.0,24.0
1826.6235416329241,86.0,5.0,1.0,2.0,0.0,24.0
1826.6242393073428,86.0,5.0,1.0,2.0,0.0,24.0
1826.9242393073428,86.0,5.0,1.0,2.0,0.0,24.0
1826.9249369817614,86.0,5.0,1.0,2.0,0.0,24.0
1827.2249369817614,86.0,5.0,1.0,2.0,0.0,24.0
1827.22563465618,86.0,5.0,1.0,2.0,0.0,24.0
1827.52563465618,86.0,5.0,1.0,2.0,0.0,24.0
1827.5263323305987,86.0,5.0,1.0,2.0,0.0,24.0
1827.8263323305987,86.0,5.0,1.0,2.0,0.0,24.0
1827.8270300050174,86.0,5.0,1.0,2.0,0.0,24.0
1828.1270300050173,86.0,5.0,1.0,2.0,0.0,24.0
1828.127727679436,86.0,5.0,1.0,2.0,0.0,24.0
1828.427727679436,86.0,5.0,1.0,2.0,0.0,24.0
1828.4284253538547,86.0,5.0,1.0,2.0,0.0,24.0
1828.7284253538546,86.0,5.0,1.0,2.0,0.0,24.0
1828.7291230282733,86.0,5.0,1.0,2.0,0.0,24.0
1829.0291230282733,86.0,5.0,1.0,2.0,0.0,24.0
1829.029820702692,86.0,5.0,1.0,2.0,0.0,24.0
1829.329820702692,86.0,5.0,1.0,2.0,0.0,24.0
1829.3305183771106,86.0,5.0,1.0,2.0,0.0,24.0
1829.6305183771105,86.0,5.0,1.0,2.0,0.0,24.0
1829.6312160515292,86.0,5.0,1.0,2.0,0.0,24.0
1829.9312160515292,86.0,5.0,1.0,2.0,0.0,24.0
1829.9319137259479,86.0,5.0,1.0,2.0,0.0,24.0
1830.2319137259478,86.0,5.0,1.0,2.0,0.0,24.0
1830.2326114003665,86.0,5.0,1.0,2.0,0.0,24.0
1830.5326114003665,86.0,5.0,1.0,2.0,0.0,24.0
1830.5333090747852,86.0,5.0,1.0,2.0,0.0,24.0
1830.8333090747851,86.0,5.0,1.0,2.0,0.0,24.0
1830.8340067492038,86.0,5.0,1.0,2.0,0.0,24.0
1831.1340067492038,86.0,5.0,1.0,2.0,0.0,24.0
1831.1347044236225,87.0,5.0,1.0,2.0,0.0,24.0
1831.4347044236224,87.0,5.0,1.0,2.0,0.0,24.0
1831.4353940787948,87.0,5.0,1.0,2.0,0.0,24.0
1831.7353940787948,87.0,5.0,1.0,2.0,0.0,24.0
1831.7360837339672,87.0,5.0,1.0,2.0,0.0,24.0
1832.0360837339672,87.0,5.0,1.0,2.0,0.0,24.0
1832.0367733891396,87.0,5.0,1.0,2.0,0.0,24.0
1832.3367733891396,87.0,5.0,1.0,2.0,0.0,24.0
1832.337463044312,87.0,5.0,1.0,2.0,0.0,24.0
1832.637463044312,87.0,5.0,1.0,2.0,0.0,24.0
1832.6381526994844,87.0,5.0,1.0,2.0,0.0,24.0
1832.9381526994844,87.0,5.0,1.0,2.0,0.0,24.0
1832.9388423546568,87.0,5.0,1.0,2.0,0.0,24.0
1833.2388423546568,87.0,5.0,1.0,2.0,0.0,24.0
1833.2395320098292,87.0,5.0,1.0,2.0,0.0,24.0
1833.5395320098291,87.0,5.0,1.0,2.0,0.0,24.0
1833.5402216650016,87.0,5.0,1.0,2.0,0.0,24.0
1833.8402216650015,87.0,5.0,1.0,2.0,0.0,24.0
1833.840911320174,87.0,5.0,1.0,2.0,0.0,24.0
1834.140911320174,87.0,5.0,1.0,2.0,0.0,24.0
1834.1416009753464,87.0,5.0,1.0,2.0,0.0,24.0
1834.4416009753463,87.0,5.0,1.0,2.0,0.0,24.0
1834.4422906305188,87.0,5.0,1.0,2.0,0.0,24.0
1834.7422906305187,87.0,5.0,1.0,2.0,0.0,24.0
1834.7429802856911,87.0,5.0,1.0,2.0,0.0,24.0
1835.042980285691,87.0,5.0,1.0,2.0,0.0,24.0
1835.0436699408635,87.0,5.0,1.0,2.0,0.0,24.0
1835.3436699408635,87.0,5.0,1.0,2.0,0.0,24.0
1835.344359596036,87.0,5.0,1.0,2.0,0.0,24.0
1835.6443595960359,87.0,5.0,1.0,2.0,0.0,24.0
1835.6450492512083,87.0,5.0,1.0,2.0,0.0,24.0
1835.9450492512083,87.0,5.0,1.0,2.0,0.0,24.0
1835.9457389063807,87.0,5.0,1.0,2.0,0.0,24.0
1836.2457389063807,87.0,5.0,1.0,2.0,0.0,24.0
1836.246428561553,87.0,5.0,1.0,2.0,0.0,24.0
1836.546428561553,87.0,5.0,1.0,2.0,0.0,24.0
1836.5471182167255,87.0,5.0,1.0,2.0,0.0,24.0
1836.8471182167254,87.0,5.0,1.0,2.0,0.0,24.0
1836.8478078718979,87.0,5.0,1.0,2.0,0.0,24.0
1837.1478078718978,87.0,5.0,1.0,2.0,0.0,24.0
1837.1484975270703,87.0,5.0,1.0,2.0,0.0,24.0
1837.4484975270702,87.0,5.0,1.0,2.0,0.0,24.0
1837.4491871822427,87.0,5.0,1.0,2.0,0.0,24.0
1837.7491871822426,87.0,5.0,1.0,2.0,0.0,24.0
1837.749876837415,87.0,5.0,1.0,2.0,0.0,24.0
1838.049876837415,87.0,5.0,1.0,2.0,0.0,24.0
1838.0505664925874,87.0,5.0,1.0,2.0,0.0,24.0
1838.3505664925874,87.0,5.0,1.0,2.0,0.0,24.0
1838.3512561477598,87.0,5.0,1.0,2.0,0.0,24.0
1838.6512561477598,87.0,5.0,1.0,2.0,0.0,24.0
1838.6519458029322,87.0,5.0,1.0,2.0,0.0,24.0
1838.9519458029322,87.0,5.0,1.0,2.0,0.0,24.0
1838.9526354581046,87.0,5.0,1.0,2.0,0.0,24.0
1839.2526354581046,87.0,5.0,1.0,2.0,0.0,24.0
1839.253325113277,87.0,5.0,1.0,2.0,0.0,24.0
1839.553325113277,87.0,5.0,1.0,2.0,0.0,24.0
1839.5540147684494,87.0,5.0,1.0,2.0,0.0,24.0
1839.8540147684494,87.0,5.0,1.0,2.0,0.0,24.0
1839.8547044236218,87.0,5.0,1.0,2.0,0.0,24.0
1840.1547044236218,87.0,5.0,1.0,2.0,0.0,24.0
1840.1553940787942,87.0,5.0,1.0,2.0,0.0,24.0
1840.4553940787941,87.0,5.0,1.0,2.0,0.0,24.0
1840.4560837339666,87.0,5.0,1.0,2.0,0.0,24.0
1840.7560837339665,87.0,5.0,1.0,2.0,0.0,24.0
1840.756773389139,87.0,5.0,1.0,2.0,0.0,24.0
1841.056773389139,87.0,5.0,1.0,2.0,0.0,24.0
1841.0574630443114,87.0,5.0,1.0,2.0,0.0,24.0
1841.3574630443113,87.0,5.0,1.0,2.0,0.0,24.0
1841.3581526994838,87.0,5.0,1.0,2.0,0.0,24.0
1841.6581526994837,87.0,5.0,1.0,2.0,0.0,24.0
1841.6588423546561,87.0,5.0,1.0,2.0,0.0,24.0
1841.958842354656,87.0,5.0,1.0,2.0,0.0,24.0
1841.9595320098285,87.0,5.0,1.0,2.0,0.0,24.0
1842.2595320098285,87.0,5.0,1.0,2.0,0.0,24.0
1842.260221665001,87.0,5.0,1.0,2.0,0.0,24.0
1842.5602216650009,87.0,5.0,1.0,2.0,0.0,24.0
1842.5609113201733,87.0,5.0,1.0,2.0,0.0,24.0
1842.8609113201733,87.0,5.0,1.0,2.0,0.0,24.0
1842.8616009753457,87.0,5.0,1.0,2.0,0.0,24.0
1843.1616009753457,87.0,5.0,1.0,2.0,0.0,24.0
1843.162290630518,87.0,5.0,1.0,2.0,0.0,24.0
1843.462290630518,87.0,5.0,1.0,2.0,0.0,24.0
1843.4629802856905,87.0,5.0,1.0,2.0,0.0,24.0
1843.7629802856904,87.0,5.0,1.0,2.0,0.0,24.0
1843.7636699408629,87.0,5.0,1.0,2.0,0.0,24.0
1844.0636699408628,87.0,5.0,1.0,2.0,0.0,24.0
1844.0643595960353,87.0,5.0,1.0,2.0,0.0,24.0
1844.3643595960352,87.0,5.0,1.0,2.0,0.0,24.0
1844.3650492512077,87.0,5.0,1.0,2.0,0.0,24.0
1844.6650492512076,87.0,5.0,1.0,2.0,0.0,24.0
1844.66573890638,87.0,5.0,1.0,2.0,0.0,24.0
1844.96573890638,87.0,5.0,1.0,2.0,0.0,24.0
1844.9664285615524,87.0,5.0,1.0,2.0,0.0,24.0
1845.2664285615524,87.0,5.0,1.0,2.0,0.0,24.0
1845.2671182167248,87.0,5.0,1.0,2.0,0.0,24.0
1845.5671182167248,87.0,5.0,1.0,2.0,0.0,24.0
1845.5678078718972,87.0,5.0,1.0,2.0,0.0,24.0
1845.8678078718972,87.0,5.0,1.0,2.0,0.0,24.0
1845.8684975270696,87.0,5.0,1.0,2.0,0.0,24.0
1846.1684975270696,87.0,5.0,1.0,2.0,0.0,24.0
1846.169187182242,87.0,5.0,1.0,2.0,0.0,24.0
1846.469187182242,87.0,5.0,1.0,2.0,0.0,24.0
1846.4698768374144,87.0,5.0,1.0,2.0,0.0,24.0
1846.7698768374144,87.0,5.0,1.0,2.0,0.0,24.0
1846.7705664925868,87.0,5.0,1.0,2.0,0.0,24.0
1847.0705664925867,87.0,5.0,1.0,2.0,0.0,24.0
1847.0712561477592,87.0,5.0,1.0,2.0,0.0,24.0
1847.3712561477591,87.0,5.0,1.0,2.0,0.0,24.0
1847.3719458029316,87.0,5.0,1.0,2.0,0.0,24.0
1847.6719458029315,87.0,5.0,1.0,2.0,0.0,24.0
1847.672635458104,87.0,5.0,1.0,2.0,0.0,24.0
1847.972635458104,87.0,5.0,1.0,2.0,0.0,24.0
1847.9733251132764,87.0,5.0,1.0,2.0,0.0,24.0
1848.2733251132763,87.0,5.0,1.0,2.0,0.0,24.0
1848.2740147684488,87.0,5.0,1.0,2.0,0.0,24.0
1848.5740147684487,87.0,5.0,1.0,2.0,0.0,24.0
1848.5747044236211,87.0,5.0,1.0,2.0,0.0,24.0
1848.874704423621,87.0,5.0,1.0,2.0,0.0,24.0
1848.8753940787935,87.0,5.0,1.0,2.0,0.0,24.0
1849.1753940787935,87.0,5.0,1.0,2.0,0.0,24.0
1849.176083733966,87.0,5.0,1.0,2.0,0.0,24.0
1849.4760837339659,87.0,5.0,1.0,2.0,0.0,24.0
1849.4767733891383,87.0,5.0,1.0,2.0,0.0,24.0
1849.7767733891383,87.0,5.0,1.0,2.0,0.0,24.0
1849.7774630443107,87.0,5.0,1.0,2.0,0.0,24.0
1850.0774630443107,87.0,5.0,1.0,2.0,0.0,24.0
1850.078152699483,87.0,5.0,1.0,2.0,0.0,24.0
1850.378152699483,87.0,5.0,1.0,2.0,0.0,24.0
1850.3788423546555,87.0,5.0,1.0,2.0,0.0,24.0
1850.6788423546554,87.0,5.0,1.0,2.0,0.0,24.0
1850.6795320098279,87.0,5.0,1.0,2.0,0.0,24.0
1850.9795320098278,87.0,5.0,1.0,2.0,0.0,24.0
1850.9802216650003,87.0,5.0,1.0,2.0,0.0,24.0
1851.2802216650002,87.0,5.0,1.0,2.0,0.0,24.0
1851.2809113201727,87.0,5.0,1.0,2.0,0.0,24.0
1851.5809113201726,87.0,5.0,1.0,2.0,0.0,24.0
1851.581600975345,87.0,5.0,1.0,2.0,0.0,24.0
1851.881600975345,87.0,5.0,1.0,2.0,0.0,24.0
1851.8822906305174,87.0,5.0,1.0,2.0,0.0,24.0
1852.1822906305174,87.0,5.0,1.0,2.0,0.0,24.0
1852.1829802856898,87.0,5.0,1.0,2.0,0.0,24.0
1852.4829802856898,87.0,5.0,1.0,2.0,0.0,24.0
1852.4836699408622,87.0,5.0,1.0,2.0,0.0,24.0
1852.7836699408622,87.0,5.0,1.0,2.0,0.0,24.0
1852.7843595960346,87.0,5.0,1.0,2.0,0.0,24.0
1853.0843595960346,87.0,5.0,1.0,2.0,0.0,24.0
1853.085049251207,87.0,5.0,1.0,2.0,0.0,24.0
1853.385049251207,87.0,5.0,1.0,2.0,0.0,24.0
1853.3857389063794,87.0,5.0,1.0,2.0,0.0,24.0
1853.6857389063794,87.0,5.0,1.0,2.0,0.0,24.0
1853.6864285615518,87.0,5.0,1.0,2.0,0.0,24.0
1853.9864285615517,87.0,5.0,1.0,2.0,0.0,24.0
1853.9871182167242,87.0,5.0,1.0,2.0,0.0,24.0
1854.2871182167241,87.0,5.0,1.0,2.0,0.0,24.0
1854.2878078718966,87.0,5.0,1.0,2.0,0.0,24.0
1854.5878078718965,87.0,5.0,1.0,2.0,0.0,24.0
1854.588497527069,87.0,5.0,1.0,2.0,0.0,24.0
1854.888497527069,87.0,5.0,1.0,2.0,0.0,24.0
1854.8891871822414,87.0,5.0,1.0,2.0,0.0,24.0
1855.1891871822413,87.0,5.0,1.0,2.0,0.0,24.0
1855.1898768374137,87.0,5.0,1.0,2.0,0.0,24.0
1855.4898768374137,87.0,5.0,1.0,2.0,0.0,24.0
1855.4905664925861,87.0,5.0,1.0,2.0,0.0,24.0
1855.790566492586,87.0,5.0,1.0,2.0,0.0,24.0
1855.7912561477585,87.0,5.0,1.0,2.0,0.0,24.0
1856.0912561477585,87.0,5.0,1.0,2.0,0.0,24.0
1856.091945802931,87.0,5.0,1.0,2.0,0.0,24.0
1856.3919458029309,87.0,5.0,1.0,2.0,0.0,24.0
1856.3926354581033,87.0,5.0,1.0,2.0,0.0,24.0
1856.6926354581033,87.0,5.0,1.0,2.0,0.0,24.0
1856.6933251132757,87.0,5.0,1.0,2.0,0.0,24.0
1856.9933251132757,87.0,5.0,1.0,2.0,0.0,24.0
1856.994014768448,87.0,5.0,1.0,2.0,0.0,24.0
1857.294014768448,87.0,5.0,1.0,2.0,0.0,24.0
1857.2947044236205,87.0,5.0,1.0,2.0,0.0,24.0
1857.5947044236204,87.0,5.0,1.0,2.0,0.0,24.0
1857.5953940787929,87.0,5.0,1.0,2.0,0.0,24.0
1857.8953940787928,87.0,5.0,1.0,2.0,0.0,24.0
1857.8960837339653,87.0,5.0,1.0,2.0,0.0,24.0
1858.1960837339652,87.0,5.0,1.0,2.0,0.0,24.0
1858.1967733891377,87.0,5.0,1.0,2.0,0.0,24.0
1858.4967733891376,87.0,5.0,1.0,2.0,0.0,24.0
1858.49746304431,87.0,5.0,1.0,2.0,0.0,24.0
1858.79746304431,87.0,5.0,1.0,2.0,0.0,24.0
1858.7981526994824,87.0,5.0,1.0,2.0,0.0,24.0
1859.0981526994824,87.0,5.0,1.0,2.0,0.0,24.0
1859.0988423546548,87.0,5.0,1.0,2.0,0.0,24.0
1859.3988423546548,87.0,5.0,1.0,2.0,0.0,24.0
1859.3995320098272,87.0,5.0,1.0,2.0,0.0,24.0
1859.6995320098272,87.0,5.0,1.0,2.0,0.0,24.0
1859.7002216649996,87.0,5.0,1.0,2.0,0.0,24.0
1860.0002216649996,87.0,5.0,1.0,2.0,0.0,24.0
1860.000911320172,87.0,5.0,1.0,2.0,0.0,24.0
1860.300911320172,87.0,5.0,1.0,2.0,0.0,24.0
1860.3016009753444,87.0,5.0,1.0,2.0,0.0,24.0
1860.6016009753444,87.0,5.0,1.0,2.0,0.0,24.0
1860.6022906305168,87.0,5.0,1.0,2.0,0.0,24.0
1860.9022906305167,87.0,5.0,1.0,2.0,0.0,24.0
1860.9029802856892,87.0,5.0,1.0,2.0,0.0,24.0
1861.2029802856891,87.0,5.0,1.0,2.0,0.0,24.0
1861.2036699408616,87.0,5.0,1.0,2.0,0.0,24.0
1861.5036699408615,87.0,5.0,1.0,2.0,0.0,24.0
1861.504359596034,87.0,5.0,1.0,2.0,0.0,24.0
1861.804359596034,87.0,5.0,1.0,2.0,0.0,24.0
1861.8050492512064,87.0,5.0,1.0,2.0,0.0,24.0
1862.1050492512063,87.0,5.0,1.0,2.0,0.0,24.0
1862.1057389063787,87.0,5.0,1.0,2.0,0.0,24.0
1862.4057389063787,87.0,5.0,1.0,2.0,0.0,24.0
1862.4064285615511,87.0,5.0,1.0,2.0,0.0,24.0
1862.706428561551,87.0,5.0,1.0,2.0,0.0,24.0
1862.7071182167235,87.0,5.0,1.0,2.0,0.0,24.0
1863.0071182167235,87.0,5.0,1.0,2.0,0.0,24.0
1863.007807871896,87.0,5.0,1.0,2.0,0.0,24.0
1863.3078078718959,87.0,5.0,1.0,2.0,0.0,24.0
1863.3084975270683,87.0,5.0,1.0,2.0,0.0,24.0
1863.6084975270683,87.0,5.0,1.0,2.0,0.0,24.0
1863.6091871822407,87.0,5.0,1.0,2.0,0.0,24.0
1863.9091871822407,87.0,5.0,1.0,2.0,0.0,24.0
1863.909876837413,87.0,5.0,1.0,2.0,0.0,24.0
1864.209876837413,87.0,5.0,1.0,2.0,0.0,24.0
1864.2105664925855,87.0,5.0,1.0,2.0,0.0,24.0
1864.5105664925854,87.0,5.0,1.0,2.0,0.0,24.0
1864.5112561477579,87.0,5.0,1.0,2.0,0.0,24.0
1864.8112561477578,87.0,5.0,1.0,2.0,0.0,24.0
1864.8119458029303,87.0,5.0,1.0,2.0,0.0,24.0
1865.1119458029302,87.0,5.0,1.0,2.0,0.0,24.0
1865.1126354581027,87.0,5.0,1.0,2.0,0.0,24.0
1865.4126354581026,87.0,5.0,1.0,2.0,0.0,24.0
1865.413325113275,87.0,5.0,1.0,2.0,0.0,24.0
1865.713325113275,87.0,5.0,1.0,2.0,0.0,24.0
1865.7140147684474,87.0,5.0,1.0,2.0,0.0,24.0
1866.0140147684474,87.0,5.0,1.0,2.0,0.0,24.0
1866.0147044236198,87.0,5.0,1.0,2.0,0.0,24.0
1866.3147044236198,87.0,5.0,1.0,2.0,0.0,24.0
1866.3153940787922,87.0,5.0,1.0,2.0,0.0,24.0
1866.6153940787922,87.0,5.0,1.0,2.0,0.0,24.0
1866.6160837339646,87.0,5.0,1.0,2.0,0.0,24.0
1866.9160837339646,87.0,5.0,1.0,2.0,0.0,24.0
1866.916773389137,87.0,5.0,1.0,2.0,0.0,24.0
1867.216773389137,87.0,5.0,1.0,2.0,0.0,24.0
1867.2174630443094,87.0,5.0,1.0,2.0,0.0,24.0
1867.5174630443094,87.0,5.0,1.0,2.0,0.0,24.0
1867.5181526994818,87.0,5.0,1.0,2.0,0.0,24.0
1867.8181526994817,87.0,5.0,1.0,2.0,0.0,24.0
1867.8188423546542,87.0,5.0,1.0,2.0,0.0,24.0
1868.1188423546541,87.0,5.0,1.0,2.0,0.0,24.0
1868.1195320098266,87.0,5.0,1.0,2.0,0.0,24.0
1868.4195320098265,87.0,5.0,1.0,2.0,0.0,24.0
1868.420221664999,87.0,5.0,1.0,2.0,0.0,24.0
1868.720221664999,87.0,5.0,1.0,2.0,0.0,24.0
1868.7209113201714,87.0,5.0,1.0,2.0,0.0,24.0
1869.0209113201713,87.0,5.0,1.0,2.0,0.0,24.0
1869.0216009753437,87.0,5.0,1.0,2.0,0.0,24.0
1869.3216009753437,87.0,5.0,1.0,2.0,0.0,24.0
1869.3222906305161,87.0,5.0,1.0,2.0,0.0,24.0
1869.622290630516,87.0,5.0,1.0,2.0,0.0,24.0
1869.6229802856885,87.0,5.0,1.0,2.0,0.0,24.0
1869.9229802856885,87.0,5.0,1.0,2.0,0.0,24.0
1869.923669940861,87.0,5.0,1.0,2.0,0.0,24.0
1870.2236699408609,87.0,5.0,1.0,2.0,0.0,24.0
1870.2243595960333,87.0,5.0,1.0,2.0,0.0,24.0
1870.5243595960333,87.0,5.0,1.0,2.0,0.0,24.0
1870.5250492512057,87.0,5.0,1.0,2.0,0.0,24.0
1870.8250492512057,87.0,5.0,1.0,2.0,0.0,24.0
1870.825738906378,87.0,5.0,1.0,2.0,0.0,24.0
1871.125738906378,87.0,5.0,1.0,2.0,0.0,24.0
1871.1264285615505,87.0,5.0,1.0,2.0,0.0,24.0
1871.4264285615504,87.0,5.0,1.0,2.0,0.0,24.0
1871.4271182167229,87.0,5.0,1.0,2.0,0.0,24.0
1871.7271182167228,87.0,5.0,1.0,2.0,0.0,24.0
1871.7278078718953,87.0,5.0,1.0,2.0,0.0,24.0
1872.0278078718952,87.0,5.0,1.0,2.0,0.0,24.0
1872.0284975270677,87.0,5.0,1.0,2.0,0.0,24.0
1872.3284975270676,87.0,5.0,1.0,2.0,0.0,24.0
1872.32918718224,87.0,5.0,1.0,2.0,0.0,24.0
1872.62918718224,87.0,5.0,1.0,2.0,0.0,24.0
1872.6298768374124,87.0,5.0,1.0,2.0,0.0,24.0
1872.9298768374124,87.0,5.0,1.0,2.0,0.0,24.0
1872.9305664925848,87.0,5.0,1.0,2.0,0.0,24.0
1873.2305664925848,87.0,5.0,1.0,2.0,0.0,24.0
1873.2312561477572,87.0,5.0,1.0,2.0,0.0,24.0
1873.5312561477572,87.0,5.0,1.0,2.0,0.0,24.0
1873.5319458029296,87.0,5.0,1.0,2.0,0.0,24.0
1873.8319458029296,87.0,5.0,1.0,2.0,0.0,24.0
1873.832635458102,87.0,5.0,1.0,2.0,0.0,24.0
1874.132635458102,87.0,5.0,1.0,2.0,0.0,24.0
1874.1333251132744,87.0,5.0,1.0,2.0,0.0,24.0
1874.4333251132743,87.0,5.0,1.0,2.0,0.0,24.0
1874.4340147684468,87.0,5.0,1.0,2.0,0.0,24.0
1874.7340147684467,87.0,5.0,1.0,2.0,0.0,24.0
1874.7347044236192,87.0,5.0,1.0,2.0,0.0,24.0
1875.0347044236191,87.0,5.0,1.0,2.0,0.0,24.0
1875.0353940787916,87.0,5.0,1.0,2.0,0.0,24.0
1875.3353940787915,87.0,5.0,1.0,2.0,0.0,24.0
1875.336083733964,87.0,5.0,1.0,2.0,0.0,24.0
1875.636083733964,87.0,5.0,1.0,2.0,0.0,24.0
1875.6367733891364,87.0,5.0,1.0,2.0,0.0,24.0
1875.9367733891363,87.0,5.0,1.0,2.0,0.0,24.0
1875.9374630443087,87.0,5.0,1.0,2.0,0.0,24.0
1876.2374630443087,87.0,5.0,1.0,2.0,0.0,24.0
1876.2381526994811,87.0,5.0,1.0,2.0,0.0,24.0
1876.538152699481,87.0,5.0,1.0,2.0,0.0,24.0
1876.5388423546535,87.0,5.0,1.0,2.0,0.0,24.0
1876.8388423546535,87.0,5.0,1.0,2.0,0.0,24.0
1876.839532009826,87.0,5.0,1.0,2.0,0.0,24.0
1877.1395320098259,87.0,5.0,1.0,2.0,0.0,24.0
1877.1402216649983,87.0,5.0,1.0,2.0,0.0,24.0
1877.4402216649983,87.0,5.0,1.0,2.0,0.0,24.0
1877.4409113201707,87.0,5.0,1.0,2.0,0.0,24.0
1877.7409113201707,87.0,5.0,1.0,2.0,0.0,24.0
1877.741600975343,87.0,5.0,1.0,2.0,0.0,24.0
1878.041600975343,87.0,5.0,1.0,2.0,0.0,24.0
1878.0422906305155,87.0,5.0,1.0,2.0,0.0,24.0
1878.3422906305154,87.0,5.0,1.0,2.0,0.0,24.0
1878.3429802856879,87.0,5.0,1.0,2.0,0.0,24.0
1878.6429802856878,87.0,5.0,1.0,2.0,0.0,24.0
1878.6436699408603,87.0,5.0,1.0,2.0,0.0,24.0
1878.9436699408602,87.0,5.0,1.0,2.0,0.0,24.0
1878.9443595960327,87.0,5.0,1.0,2.0,0.0,24.0
1879.2443595960326,87.0,5.0,1.0,2.0,0.0,24.0
1879.245049251205,87.0,5.0,1.0,2.0,0.0,24.0
1879.545049251205,87.0,5.0,1.0,2.0,0.0,24.0
1879.5457389063774,87.0,5.0,1.0,2.0,0.0,24.0
1879.8457389063774,87.0,5.0,1.0,2.0,0.0,24.0
1879.8464285615498,87.0,5.0,1.0,2.0,0.0,24.0
1880.1464285615498,87.0,5.0,1.0,2.0,0.0,24.0
1880.1471182167222,87.0,5.0,1.0,2.0,0.0,24.0
1880.4471182167222,87.0,5.0,1.0,2.0,0.0,24.0
1880.4478078718946,87.0,5.0,1.0,2.0,0.0,24.0
1880.7478078718946,87.0,5.0,1.0,2.0,0.0,24.0
1880.748497527067,87.0,5.0,1.0,2.0,0.0,24.0
1881.048497527067,87.0,5.0,1.0,2.0,0.0,24.0
1881.0491871822394,87.0,5.0,1.0,2.0,0.0,24.0
1881.3491871822393,87.0,5.0,1.0,2.0,0.0,24.0
1881.3498768374118,87.0,5.0,1.0,2.0,0.0,24.0
1881.6498768374117,87.0,5.0,1.0,2.0,0.0,24.0
1881.6505664925842,87.0,5.0,1.0,2.0,0.0,24.0
1881.9505664925841,87.0,5.0,1.0,2.0,0.0,24.0
1881.9512561477566,87.0,5.0,1.0,2.0,0.0,24.0
1882.2512561477565,87.0,5.0,1.0,2.0,0.0,24.0
1882.251945802929,87.0,5.0,1.0,2.0,0.0,24.0
1882.551945802929,87.0,5.0,1.0,2.0,0.0,24.0
1882.5526354581013,87.0,5.0,1.0,2.0,0.0,24.0
1882.8526354581013,87.0,5.0,1.0,2.0,0.0,24.0
1882.8533251132737,87.0,5.0,1.0,2.0,0.0,24.0
1883.1533251132737,87.0,5.0,1.0,2.0,0.0,24.0
1883.1540147684461,87.0,5.0,1.0,2.0,0.0,24.0
1883.454014768446,87.0,5.0,1.0,2.0,0.0,24.0
1883.4547044236185,87.0,5.0,1.0,2.0,0.0,24.0
1883.7547044236185,87.0,5.0,1.0,2.0,0.0,24.0
1883.755394078791,87.0,5.0,1.0,2.0,0.0,24.0
1884.0553940787909,87.0,5.0,1.0,2.0,0.0,24.0
1884.0560837339633,87.0,5.0,1.0,2.0,0.0,24.0
1884.3560837339633,87.0,5.0,1.0,2.0,0.0,24.0
1884.3567733891357,87.0,5.0,1.0,2.0,0.0,24.0
1884.6567733891357,87.0,5.0,1.0,2.0,0.0,24.0
1884.657463044308,87.0,5.0,1.0,2.0,0.0,24.0
1884.957463044308,87.0,5.0,1.0,2.0,0.0,24.0
1884.9581526994805,87.0,5.0,1.0,2.0,0.0,24.0
1885.2581526994804,87.0,5.0,1.0,2.0,0.0,24.0
1885.2588423546529,87.0,5.0,1.0,2.0,0.0,24.0
1885.5588423546528,87.0,5.0,1.0,2.0,0.0,24.0
1885.5595320098253,87.0,5.0,1.0,2.0,0.0,24.0
1885.8595320098252,87.0,5.0,1.0,2.0,0.0,24.0
1885.8602216649977,87.0,5.0,1.0,2.0,0.0,24.0
1886.1602216649976,87.0,5.0,1.0,2.0,0.0,24.0
1886.16091132017,87.0,5.0,1.0,2.0,0.0,24.0
1886.46091132017,87.0,5.0,1.0,2.0,0.0,24.0
1886.4616009753424,87.0,5.0,1.0,2.0,0.0,24.0
1886.7616009753424,87.0,5.0,1.0,2.0,0.0,24.0
1886.7622906305148,87.0,5.0,1.0,2.0,0.0,24.0
1887.0622906305148,87.0,5.0,1.0,2.0,0.0,24.0
1887.0629802856872,87.0,5.0,1.0,2.0,0.0,24.0
1887.3629802856872,87.0,5.0,1.0,2.0,0.0,24.0
1887.3636699408596,87.0,5.0,1.0,2.0,0.0,24.0
1887.6636699408596,87.0,5.0,1.0,2.0,0.0,24.0
1887.664359596032,87.0,5.0,1.0,2.0,0.0,24.0
1887.964359596032,87.0,5.0,1.0,2.0,0.0,24.0
1887.9650492512044,87.0,5.0,1.0,2.0,0.0,24.0
1888.2650492512043,87.0,5.0,1.0,2.0,0.0,24.0
1888.2657389063768,87.0,5.0,1.0,2.0,0.0,24.0
1888.5657389063767,87.0,5.0,1.0,2.0,0.0,24.0
1888.5664285615492,87.0,5.0,1.0,2.0,0.0,24.0
1888.8664285615491,87.0,5.0,1.0,2.0,0.0,24.0
1888.8671182167216,87.0,5.0,1.0,2.0,0.0,24.0
1889.1671182167215,87.0,5.0,1.0,2.0,0.0,24.0
1889.167807871894,87.0,5.0,1.0,2.0,0.0,24.0
1889.467807871894,87.0,5.0,1.0,2.0,0.0,24.0
1889.4684975270663,87.0,5.0,1.0,2.0,0.0,24.0
1889.7684975270663,87.0,5.0,1.0,2.0,0.0,24.0
1889.7691871822387,87.0,5.0,1.0,2.0,0.0,24.0
1890.0691871822387,87.0,5.0,1.0,2.0,0.0,24.0
1890.0698768374111,87.0,5.0,1.0,2.0,0.0,24.0
1890.369876837411,87.0,5.0,1.0,2.0,0.0,24.0
1890.3705664925835,87.0,5.0,1.0,2.0,0.0,24.0
1890.6705664925835,87.0,5.0,1.0,2.0,0.0,24.0
1890.671256147756,87.0,5.0,1.0,2.0,0.0,24.0
1890.9712561477559,87.0,5.0,1.0,2.0,0.0,24.0
1890.9719458029283,87.0,5.0,1.0,2.0,0.0,24.0
1891.2719458029283,87.0,5.0,1.0,2.0,0.0,24.0
1891.2726354581007,87.0,5.0,1.0,2.0,0.0,24.0
1891.5726354581006,87.0,5.0,1.0,2.0,0.0,24.0
1891.573325113273,87.0,5.0,1.0,2.0,0.0,24.0
1891.873325113273,87.0,5.0,1.0,2.0,0.0,24.0
1891.8740147684455,87.0,5.0,1.0,2.0,0.0,24.0
1892.1740147684454,87.0,5.0,1.0,2.0,0.0,24.0
1892.1747044236179,87.0,5.0,1.0,2.0,0.0,24.0
1892.4747044236178,87.0,5.0,1.0,2.0,0.0,24.0
1892.4753940787903,87.0,5.0,1.0,2.0,0.0,24.0
1892.7753940787902,87.0,5.0,1.0,2.0,0.0,24.0
1892.7760837339627,87.0,5.0,1.0,2.0,0.0,24.0
1893.0760837339626,87.0,5.0,1.0,2.0,0.0,24.0
1893.076773389135,87.0,5.0,1.0,2.0,0.0,24.0
1893.376773389135,87.0,5.0,1.0,2.0,0.0,24.0
1893.3774630443074,87.0,5.0,1.0,2.0,0.0,24.0
1893.6774630443074,87.0,5.0,1.0,2.0,0.0,24.0
1893.6781526994798,87.0,5.0,1.0,2.0,0.0,24.0
1893.9781526994798,87.0,5.0,1.0,2.0,0.0,24.0
1893.9788423546522,87.0,5.0,1.0,2.0,0.0,24.0
1894.2788423546522,87.0,5.0,1.0,2.0,0.0,24.0
1894.2795320098246,87.0,5.0,1.0,2.0,0.0,24.0
1894.5795320098246,87.0,5.0,1.0,2.0,0.0,24.0
1894.580221664997,87.0,5.0,1.0,2.0,0.0,24.0
1894.880221664997,87.0,5.0,1.0,2.0,0.0,24.0
1894.8809113201694,87.0,5.0,1.0,2.0,0.0,24.0
1895.1809113201693,87.0,5.0,1.0,2.0,0.0,24.0
1895.1816009753418,87.0,5.0,1.0,2.0,0.0,24.0
1895.4816009753417,87.0,5.0,1.0,2.0,0.0,24.0
1895.4822906305142,87.0,5.0,1.0,2.0,0.0,24.0
1895.7822906305141,87.0,5.0,1.0,2.0,0.0,24.0
1895.7829802856866,87.0,5.0,1.0,2.0,0.0,24.0
1896.0829802856865,87.0,5.0,1.0,2.0,0.0,24.0
1896.083669940859,87.0,5.0,1.0,2.0,0.0,24.0
1896.383669940859,87.0,5.0,1.0,2.0,0.0,24.0
1896.3843595960313,87.0,5.0,1.0,2.0,0.0,24.0
1896.6843595960313,87.0,5.0,1.0,2.0,0.0,24.0
1896.6850492512037,87.0,5.0,1.0,2.0,0.0,24.0
1896.9850492512037,87.0,5.0,1.0,2.0,0.0,24.0
1896.9857389063761,87.0,5.0,1.0,2.0,0.0,24.0
1897.285738906376,87.0,5.0,1.0,2.0,0.0,24.0
1897.2864285615485,87.0,5.0,1.0,2.0,0.0,24.0
1897.5864285615485,87.0,5.0,1.0,2.0,0.0,24.0
1897.587118216721,87.0,5.0,1.0,2.0,0.0,24.0
1897.8871182167209,87.0,5.0,1.0,2.0,0.0,24.0
1897.8878078718933,87.0,5.0,1.0,2.0,0.0,24.0
1898.1878078718933,87.0,5.0,1.0,2.0,0.0,24.0
1898.1884975270657,87.0,5.0,1.0,2.0,0.0,24.0
1898.4884975270656,87.0,5.0,1.0,2.0,0.0,24.0
1898.489187182238,87.0,5.0,1.0,2.0,0.0,24.0
1898.789187182238,87.0,5.0,1.0,2.0,0.0,24.0
1898.7898768374105,87.0,5.0,1.0,2.0,0.0,24.0
1899.0898768374104,87.0,5.0,1.0,2.0,0.0,24.0
1899.0905664925829,87.0,5.0,1.0,2.0,0.0,24.0
1899.3905664925828,87.0,5.0,1.0,2.0,0.0,24.0
1899.3912561477553,87.0,5.0,1.0,2.0,0.0,24.0
1899.6912561477552,87.0,5.0,1.0,2.0,0.0,24.0
1899.6919458029276,87.0,5.0,1.0,2.0,0.0,24.0
1899.9919458029276,87.0,5.0,1.0,2.0,0.0,24.0
1899.9926354581,87.0,5.0,1.0,2.0,0.0,24.0
1900.2926354581,87.0,5.0,1.0,2.0,0.0,24.0
1900.2933251132724,87.0,5.0,1.0,2.0,0.0,24.0
1900.5933251132724,87.0,5.0,1.0,2.0,0.0,24.0
1900.5940147684448,87.0,5.0,1.0,2.0,0.0,24.0
1900.8940147684448,87.0,5.0,1.0,2.0,0.0,24.0
1900.8947044236172,87.0,5.0,1.0,2.0,0.0,24.0
1901.1947044236172,87.0,5.0,1.0,2.0,0.0,24.0
1901.1953940787896,87.0,5.0,1.0,2.0,0.0,24.0
1901.4953940787896,87.0,5.0,1.0,2.0,0.0,24.0
1901.496083733962,87.0,5.0,1.0,2.0,0.0,24.0
1901.796083733962,87.0,5.0,1.0,2.0,0.0,24.0
1901.7967733891344,87.0,5.0,1.0,2.0,0.0,24.0
1902.0967733891343,87.0,5.0,1.0,2.0,0.0,24.0
1902.0974630443068,87.0,5.0,1.0,2.0,0.0,24.0
1902.3974630443067,87.0,5.0,1.0,2.0,0.0,24.0
1902.3981526994792,87.0,5.0,1.0,2.0,0.0,24.0
1902.6981526994791,87.0,5.0,1.0,2.0,0.0,24.0
1902.6988423546516,87.0,5.0,1.0,2.0,0.0,24.0
1902.9988423546515,87.0,5.0,1.0,2.0,0.0,24.0
1902.999532009824,87.0,5.0,1.0,2.0,0.0,24.0
1903.299532009824,87.0,5.0,1.0,2.0,0.0,24.0
1903.3002216649963,87.0,5.0,1.0,2.0,0.0,24.0
1903.6002216649963,87.0,5.0,1.0,2.0,0.0,24.0
1903.6009113201687,87.0,5.0,1.0,2.0,0.0,24.0
1903.9009113201687,87.0,5.0,1.0,2.0,0.0,24.0
1903.9016009753411,87.0,5.0,1.0,2.0,0.0,24.0
1904.201600975341,87.0,5.0,1.0,2.0,0.0,24.0
1904.2022906305135,87.0,5.0,1.0,2.0,0.0,24.0
1904.5022906305135,87.0,5.0,1.0,2.0,0.0,24.0
1904.502980285686,87.0,5.0,1.0,2.0,0.0,24.0
1904.8029802856859,87.0,5.0,1.0,2.0,0.0,24.0
1904.8036699408583,87.0,5.0,1.0,2.0,0.0,24.0
1905.1036699408583,87.0,5.0,1.0,2.0,0.0,24.0
1905.1043595960307,87.0,5.0,1.0,2.0,0.0,24.0
1905.4043595960306,87.0,5.0,1.0,2.0,0.0,24.0
1905.405049251203,87.0,5.0,1.0,2.0,0.0,24.0
1905.705049251203,87.0,5.0,1.0,2.0,0.0,24.0
1905.7057389063755,87.0,5.0,1.0,2.0,0.0,24.0
1906.0057389063754,87.0,5.0,1.0,2.0,0.0,24.0
1906.0064285615479,87.0,5.0,1.0,2.0,0.0,24.0
1906.3064285615478,87.0,5.0,1.0,2.0,0.0,24.0
1906.3071182167203,87.0,5.0,1.0,2.0,0.0,24.0
1906.6071182167202,87.0,5.0,1.0,2.0,0.0,24.0
1906.6078078718926,87.0,5.0,1.0,2.0,0.0,24.0
1906.9078078718926,87.0,5.0,1.0,2.0,0.0,24.0
1906.908497527065,87.0,5.0,1.0,2.0,0.0,24.0
1907.208497527065,87.0,5.0,1.0,2.0,0.0,24.0
1907.2091871822374,87.0,5.0,1.0,2.0,0.0,24.0
1907.5091871822374,87.0,5.0,1.0,2.0,0.0,24.0
1907.5098768374098,87.0,5.0,1.0,2.0,0.0,24.0
1907.8098768374098,87.0,5.0,1.0,2.0,0.0,24.0
1907.8105664925822,87.0,5.0,1.0,2.0,0.0,24.0
1908.1105664925822,87.0,5.0,1.0,2.0,0.0,24.0
1908.1112561477546,87.0,5.0,1.0,2.0,0.0,24.0
1908.4112561477546,87.0,5.0,1.0,2.0,0.0,24.0
1908.411945802927,87.0,5.0,1.0,2.0,0.0,24.0
1908.711945802927,87.0,5.0,1.0,2.0,0.0,24.0
1908.7126354580994,87.0,5.0,1.0,2.0,0.0,24.0
1909.0126354580993,87.0,5.0,1.0,2.0,0.0,24.0
1909.0133251132718,87.0,5.0,1.0,2.0,0.0,24.0
1909.3133251132717,87.0,5.0,1.0,2.0,0.0,24.0
1909.3140147684442,87.0,5.0,1.0,2.0,0.0,24.0
1909.6140147684441,87.0,5.0,1.0,2.0,0.0,24.0
1909.6147044236166,87.0,5.0,1.0,2.0,0.0,24.0
1909.9147044236165,87.0,5.0,1.0,2.0,0.0,24.0
1909.915394078789,87.0,5.0,1.0,2.0,0.0,24.0
1910.215394078789,87.0,5.0,1.0,2.0,0.0,24.0
1910.2160837339613,87.0,5.0,1.0,2.0,0.0,24.0
1910.5160837339613,87.0,5.0,1.0,2.0,0.0,24.0
1910.5167733891337,87.0,5.0,1.0,2.0,0.0,24.0
1910.8167733891337,87.0,5.0,1.0,2.0,0.0,24.0
1910.8174630443061,87.0,5.0,1.0,2.0,0.0,24.0
1911.117463044306,87.0,5.0,1.0,2.0,0.0,24.0
1911.1181526994785,87.0,5.0,1.0,2.0,0.0,24.0
1911.4181526994785,87.0,5.0,1.0,2.0,0.0,24.0
1911.418842354651,87.0,5.0,1.0,2.0,0.0,24.0
1911.7188423546509,87.0,5.0,1.0,2.0,0.0,24.0
1911.7195320098233,87.0,5.0,1.0,2.0,0.0,24.0
1912.0195320098233,87.0,5.0,1.0,2.0,0.0,24.0
1912.0202216649957,87.0,5.0,1.0,2.0,0.0,24.0
1912.3202216649956,87.0,5.0,1.0,2.0,0.0,24.0
1912.320911320168,87.0,5.0,1.0,2.0,0.0,24.0
1912.620911320168,87.0,5.0,1.0,2.0,0.0,24.0
1912.6216009753405,87.0,5.0,1.0,2.0,0.0,24.0
1912.9216009753404,87.0,5.0,1.0,2.0,0.0,24.0
1912.9222906305129,87.0,5.0,1.0,2.0,0.0,24.0
1913.2222906305128,87.0,5.0,1.0,2.0,0.0,24.0
1913.2229802856853,87.0,5.0,1.0,2.0,0.0,24.0
1913.5229802856852,87.0,5.0,1.0,2.0,0.0,24.0
1913.5236699408576,87.0,5.0,1.0,2.0,0.0,24.0
1913.8236699408576,87.0,5.0,1.0,2.0,0.0,24.0
1913.82435959603,87.0,5.0,1.0,2.0,0.0,24.0
1914.12435959603,87.0,5.0,1.0,2.0,0.0,24.0
1914.1250492512024,87.0,5.0,1.0,2.0,0.0,24.0
1914.4250492512024,87.0,5.0,1.0,2.0,0.0,24.0
1914.4257389063748,87.0,5.0,1.0,2.0,0.0,24.0
1914.7257389063748,87.0,5.0,1.0,2.0,0.0,24.0
1914.7264285615472,87.0,5.0,1.0,2.0,0.0,24.0
1915.0264285615472,87.0,5.0,1.0,2.0,0.0,24.0
1915.0271182167196,87.0,5.0,1.0,2.0,0.0,24.0
1915.3271182167196,87.0,5.0,1.0,2.0,0.0,24.0
1915.327807871892,87.0,5.0,1.0,2.0,0.0,24.0
1915.627807871892,87.0,5.0,1.0,2.0,0.0,24.0
1915.6284975270644,87.0,5.0,1.0,2.0,0.0,24.0
1915.9284975270643,87.0,5.0,1.0,2.0,0.0,24.0
1915.9291871822368,87.0,5.0,1.0,2.0,0.0,24.0
1916.2291871822367,87.0,5.0,1.0,2.0,0.0,24.0
1916.2298768374092,87.0,5.0,1.0,2.0,0.0,24.0
1916.5298768374091,87.0,5.0,1.0,2.0,0.0,24.0
1916.5305664925816,87.0,5.0,1.0,2.0,0.0,24.0
1916.8305664925815,87.0,5.0,1.0,2.0,0.0,24.0
1916.831256147754,87.0,5.0,1.0,2.0,0.0,24.0
1917.131256147754,87.0,5.0,1.0,2.0,0.0,24.0
1917.1319458029263,87.0,5.0,1.0,2.0,0.0,24.0
1917.4319458029263,87.0,5.0,1.0,2.0,0.0,24.0
1917.4326354580987,87.0,5.0,1.0,2.0,0.0,24.0
1917.7326354580987,87.0,5.0,1.0,2.0,0.0,24.0
1917.7333251132711,87.0,5.0,1.0,2.0,0.0,24.0
1918.033325113271,87.0,5.0,1.0,2.0,0.0,24.0
1918.0340147684435,87.0,5.0,1.0,2.0,0.0,24.0
1918.3340147684435,87.0,5.0,1.0,2.0,0.0,24.0
1918.334704423616,87.0,5.0,1.0,2.0,0.0,24.0
1918.6347044236159,87.0,5.0,1.0,2.0,0.0,24.0
1918.6353940787883,87.0,5.0,1.0,2.0,0.0,24.0
1918.9353940787882,87.0,5.0,1.0,2.0,0.0,24.0
1918.9360837339607,87.0,5.0,1.0,2.0,0.0,24.0
1919.2360837339606,87.0,5.0,1.0,2.0,0.0,24.0
1919.236773389133,87.0,5.0,1.0,2.0,0.0,24.0
1919.536773389133,87.0,5.0,1.0,2.0,0.0,24.0
1919.5374630443055,87.0,5.0,1.0,2.0,0.0,24.0
1919.8374630443054,87.0,5.0,1.0,2.0,0.0,24.0
1919.8381526994779,87.0,5.0,1.0,2.0,0.0,24.0
1920.1381526994778,87.0,5.0,1.0,2.0,0.0,24.0
1920.1388423546503,87.0,5.0,1.0,2.0,0.0,24.0
1920.4388423546502,87.0,5.0,1.0,2.0,0.0,24.0
1920.4395320098226,87.0,5.0,1.0,2.0,0.0,24.0
1920.7395320098226,87.0,5.0,1.0,2.0,0.0,24.0
1920.740221664995,87.0,5.0,1.0,2.0,0.0,24.0
1921.040221664995,87.0,5.0,1.0,2.0,0.0,24.0
1921.0409113201674,87.0,5.0,1.0,2.0,0.0,24.0
1921.3409113201674,87.0,5.0,1.0,2.0,0.0,24.0
1921.3416009753398,87.0,5.0,1.0,2.0,0.0,24.0
1921.6416009753398,87.0,5.0,1.0,2.0,0.0,24.0
1921.6422906305122,87.0,5.0,1.0,2.0,0.0,24.0
1921.9422906305122,87.0,5.0,1.0,2.0,0.0,24.0
1921.9429802856846,87.0,5.0,1.0,2.0,0.0,24.0
1922.2429802856846,87.0,5.0,1.0,2.0,0.0,24.0
1922.243669940857,87.0,5.0,1.0,2.0,0.0,24.0
1922.543669940857,87.0,5.0,1.0,2.0,0.0,24.0
1922.5443595960294,87.0,5.0,1.0,2.0,0.0,24.0
1922.8443595960293,87.0,5.0,1.0,2.0,0.0,24.0
1922.8450492512018,87.0,5.0,1.0,2.0,0.0,24.0
1923.1450492512017,87.0,5.0,1.0,2.0,0.0,24.0
1923.1457389063742,87.0,5.0,1.0,2.0,0.0,24.0
1923.4457389063741,87.0,5.0,1.0,2.0,0.0,24.0
1923.4464285615466,87.0,5.0,1.0,2.0,0.0,24.0
1923.7464285615465,87.0,5.0,1.0,2.0,0.0,24.0
1923.747118216719,87.0,5.0,1.0,2.0,0.0,24.0
1924.047118216719,87.0,5.0,1.0,2.0,0.0,24.0
1924.0478078718913,87.0,5.0,1.0,2.0,0.0,24.0
1924.3478078718913,87.0,5.0,1.0,2.0,0.0,24.0
1924.3484975270637,87.0,5.0,1.0,2.0,0.0,24.0
1924.6484975270637,87.0,5.0,1.0,2.0,0.0,24.0
1924.6491871822361,87.0,5.0,1.0,2.0,0.0,24.0
1924.949187182236,87.0,5.0,1.0,2.0,0.0,24.0
1924.9498768374085,87.0,5.0,1.0,2.0,0.0,24.0
1925.2498768374085,87.0,5.0,1.0,2.0,0.0,24.0
1925.250566492581,87.0,6.0,1.0,2.0,0.0,24.0
1925.5505664925809,87.0,6.0,1.0,2.0,0.0,24.0
1925.5512561477533,87.0,6.0,1.0,2.0,0.0,24.0
1925.8512561477532,87.0,6.0,1.0,2.0,0.0,24.0
1925.8519458029257,87.0,6.0,1.0,2.0,0.0,24.0
1926.1519458029256,87.0,6.0,1.0,2.0,0.0,24.0
1926.152635458098,87.0,6.0,1.0,2.0,0.0,24.0
1926.452635458098,87.0,6.0,1.0,2.0,0.0,24.0
1926.4533251132705,87.0,6.0,1.0,2.0,0.0,24.0
1926.7533251132704,87.0,6.0,1.0,2.0,0.0,24.0
1926.7540147684429,87.0,6.0,1.0,2.0,0.0,24.0
1927.0540147684428,87.0,6.0,1.0,2.0,0.0,24.0
1927.0547044236152,87.0,6.0,1.0,2.0,0.0,24.0
1927.3547044236152,87.0,6.0,1.0,2.0,0.0,24.0
1927.3553940787876,87.0,6.0,1.0,2.0,0.0,24.0
1927.6553940787876,87.0,6.0,1.0,2.0,0.0,24.0
1927.65608373396,87.0,6.0,1.0,2.0,0.0,24.0
1927.95608373396,87.0,6.0,1.0,2.0,0.0,24.0
1927.9567733891324,87.0,6.0,1.0,2.0,0.0,24.0
1928.2567733891324,87.0,6.0,1.0,2.0,0.0,24.0
1928.2574630443048,87.0,6.0,1.0,2.0,0.0,24.0
1928.5574630443048,87.0,6.0,1.0,2.0,0.0,24.0
1928.5581526994772,86.0,6.0,1.0,2.0,0.0,24.0
1928.8581526994772,86.0,6.0,1.0,2.0,0.0,24.0
1928.8588503738958,86.0,6.0,1.0,2.0,0.0,24.0
1929.1588503738958,86.0,6.0,1.0,2.0,0.0,24.0
1929.1595480483145,86.0,6.0,1.0,2.0,0.0,24.0
1929.4595480483144,86.0,6.0,1.0,2.0,0.0,24.0
1929.4602457227331,86.0,6.0,1.0,2.0,0.0,24.0
1929.760245722733,86.0,6.0,1.0,2.0,0.0,24.0
1929.7609433971518,86.0,6.0,1.0,2.0,0.0,24.0
1930.0609433971517,86.0,6.0,1.0,2.0,0.0,24.0
1930.0616410715704,86.0,6.0,1.0,2.0,0.0,24.0
1930.3616410715704,86.0,6.0,1.0,2.0,0.0,24.0
1930.362338745989,86.0,6.0,1.0,2.0,0.0,24.0
1930.662338745989,86.0,6.0,1.0,2.0,0.0,24.0
1930.6630364204077,86.0,6.0,1.0,2.0,0.0,24.0
1930.9630364204077,86.0,6.0,1.0,2.0,0.0,24.0
1930.9637340948263,86.0,6.0,1.0,2.0,0.0,24.0
1931.2637340948263,86.0,6.0,1.0,2.0,0.0,24.0
1931.264431769245,86.0,6.0,1.0,2.0,0.0,24.0
1931.564431769245,86.0,6.0,1.0,2.0,0.0,24.0
1931.5651294436636,86.0,6.0,1.0,2.0,0.0,24.0
1931.8651294436636,86.0,6.0,1.0,2.0,0.0,24.0
1931.8658271180823,86.0,6.0,1.0,2.0,0.0,24.0
1932.1658271180822,86.0,6.0,1.0,2.0,0.0,24.0
1932.166524792501,86.0,6.0,1.0,2.0,0.0,24.0
1932.4665247925009,86.0,6.0,1.0,2.0,0.0,24.0
1932.4672224669196,86.0,6.0,1.0,2.0,0.0,24.0
1932.7672224669195,86.0,6.0,1.0,2.0,0.0,24.0
1932.7679201413382,86.0,6.0,1.0,2.0,0.0,24.0
1933.0679201413382,86.0,6.0,1.0,2.0,0.0,24.0
1933.0686178157569,86.0,6.0,1.0,2.0,0.0,24.0
1933.3686178157568,86.0,6.0,1.0,2.0,0.0,24.0
1933.3693154901755,86.0,6.0,1.0,2.0,0.0,24.0
1933.6693154901754,86.0,6.0,1.0,2.0,0.0,24.0
1933.6700131645941,86.0,6.0,1.0,2.0,0.0,24.0
1933.970013164594,86.0,6.0,1.0,2.0,0.0,24.0
1933.9707108390128,86.0,6.0,1.0,2.0,0.0,24.0
1934.2707108390127,86.0,6.0,1.0,2.0,0.0,24.0
1934.2714085134314,86.0,6.0,1.0,2.0,0.0,24.0
1934.5714085134314,86.0,6.0,1.0,2.0,0.0,24.0
1934.57210618785,86.0,6.0,1.0,2.0,0.0,24.0
1934.87210618785,86.0,6.0,1.0,2.0,0.0,24.0
1934.8728038622687,86.0,6.0,1.0,2.0,0.0,24.0
1935.1728038622687,86.0,6.0,1.0,2.0,0.0,24.0
1935.1735015366874,86.0,6.0,1.0,2.0,0.0,24.0
1935.4735015366873,86.0,6.0,1.0,2.0,0.0,24.0
1935.474199211106,86.0,6.0,1.0,2.0,0.0,24.0
1935.774199211106,86.0,6.0,1.0,2.0,0.0,24.0
1935.7748968855246,86.0,6.0,1.0,2.0,0.0,24.0
1936.0748968855246,86.0,6.0,1.0,2.0,0.0,24.0
1936.0755945599433,86.0,6.0,1.0,2.0,0.0,24.0
1936.3755945599432,86.0,6.0,1.0,2.0,0.0,24.0
1936.376292234362,86.0,6.0,1.0,2.0,0.0,24.0
1936.6762922343619,86.0,6.0,1.0,2.0,0.0,24.0
1936.6769899087806,86.0,6.0,1.0,2.0,0.0,24.0
1936.9769899087805,86.0,6.0,1.0,2.0,0.0,24.0
1936.9776875831992,86.0,6.0,1.0,2.0,0.0,24.0
1937.2776875831992,86.0,6.0,1.0,2.0,0.0,24.0
1937.2783852576179,86.0,6.0,1.0,2.0,0.0,24.0
1937.5783852576178,86.0,6.0,1.0,2.0,0.0,24.0
1937.5790829320365,86.0,6.0,1.0,2.0,0.0,24.0
1937.8790829320365,86.0,6.0,1.0,2.0,0.0,24.0
1937.8797806064551,86.0,6.0,1.0,2.0,0.0,24.0
1938.179780606455,86.0,6.0,1.0,2.0,0.0,24.0
1938.1804782808738,86.0,6.0,1.0,2.0,0.0,24.0
1938.4804782808737,86.0,6.0,1.0,2.0,0.0,24.0
1938.4811759552924,85.0,6.0,1.0,2.0,0.0,24.0
1938.7811759552924,85.0,6.0,1.0,2.0,0.0,24.0
1938.7818818376454,85.0,6.0,1.0,2.0,0.0,24.0
1939.0818818376454,85.0,6.0,1.0,2.0,0.0,24.0
1939.0825877199984,85.0,6.0,1.0,2.0,0.0,24.0
1939.3825877199984,85.0,6.0,1.0,2.0,0.0,24.0
1939.3832936023514,84.0,6.0,1.0,2.0,0.0,24.0
1939.6832936023513,84.0,6.0,1.0,2.0,0.0,24.0
1939.6840078880657,84.0,6.0,6.0,2.0,0.0,24.0
1939.9840078880657,84.0,6.0,6.0,2.0,0.0,24.0
1939.98472217378,84.0,6.0,6.0,2.0,0.0,24.0
1940.28472217378,84.0,6.0,6.0,2.0,0.0,24.0
1940.2854364594943,84.0,6.0,6.0,2.0,0.0,24.0
1940.5854364594943,84.0,6.0,6.0,2.0,0.0,24.0
1940.5861507452087,84.0,6.0,6.0,2.0,0.0,24.0
1940.8861507452086,84.0,6.0,6.0,2.0,0.0,24.0
1940.886865030923,84.0,6.0,6.0,2.0,0.0,24.0
1941.186865030923,84.0,6.0,6.0,2.0,0.0,24.0
1941.1875793166373,84.0,6.0,6.0,2.0,0.0,24.0
1941.4875793166373,84.0,6.0,6.0,2.0,0.0,24.0
1941.4882936023516,84.0,6.0,6.0,2.0,0.0,24.0
1941.7882936023516,84.0,6.0,6.0,2.0,0.0,24.0
1941.789007888066,84.0,6.0,6.0,2.0,0.0,24.0
1942.089007888066,84.0,6.0,6.0,2.0,0.0,24.0
1942.0897221737803,84.0,6.0,6.0,2.0,0.0,24.0
1942.3897221737802,84.0,6.0,6.0,2.0,0.0,24.0
1942.3904364594946,84.0,6.0,6.0,2.0,0.0,24.0
1942.6904364594945,84.0,6.0,6.0,2.0,0.0,24.0
1942.691150745209,84.0,6.0,6.0,2.0,0.0,24.0
1942.9911507452089,84.0,6.0,6.0,2.0,0.0,24.0
1942.9918650309232,84.0,6.0,6.0,2.0,0.0,24.0
1943.2918650309232,84.0,6.0,6.0,2.0,0.0,24.0
1943.2925793166376,84.0,6.0,6.0,2.0,0.0,24.0
1943.5925793166375,84.0,6.0,6.0,2.0,0.0,24.0
1943.5932936023519,84.0,6.0,6.0,2.0,0.0,24.0
1943.8932936023518,84.0,6.0,6.0,2.0,0.0,24.0
1943.8940078880662,84.0,6.0,6.0,2.0,0.0,24.0
1944.1940078880662,84.0,6.0,6.0,2.0,0.0,24.0
1944.1947221737805,84.0,6.0,6.0,2.0,0.0,24.0
1944.4947221737805,84.0,6.0,6.0,2.0,0.0,24.0
1944.4954364594948,84.0,6.0,6.0,2.0,0.0,24.0
1944.7954364594948,84.0,6.0,6.0,2.0,0.0,24.0
1944.7961507452092,85.0,6.0,6.0,2.0,0.0,24.0
1945.0961507452091,85.0,6.0,6.0,2.0,0.0,24.0
1945.0968566275621,85.0,6.0,6.0,2.0,0.0,24.0
1945.396856627562,85.0,6.0,6.0,2.0,0.0,24.0
1945.3975625099151,85.0,6.0,6.0,2.0,0.0,24.0
1945.697562509915,85.0,6.0,6.0,2.0,0.0,24.0
1945.6982683922681,85.0,6.0,6.0,2.0,0.0,24.0
1945.998268392268,85.0,6.0,6.0,2.0,0.0,24.0
1945.998974274621,85.0,6.0,6.0,2.0,0.0,24.0
1946.298974274621,85.0,6.0,6.0,2.0,0.0,24.0
1946.299680156974,85.0,6.0,6.0,2.0,0.0,24.0
1946.599680156974,85.0,6.0,6.0,2.0,0.0,24.0
1946.600386039327,85.0,6.0,6.0,2.0,0.0,24.0
1946.900386039327,85.0,6.0,6.0,2.0,0.0,24.0
1946.90109192168,85.0,6.0,6.0,2.0,0.0,24.0
1947.20109192168,85.0,6.0,6.0,2.0,0.0,24.0
1947.201797804033,85.0,6.0,6.0,2.0,0.0,24.0
1947.501797804033,85.0,6.0,6.0,2.0,0.0,24.0
1947.502503686386,85.0,6.0,6.0,2.0,0.0,24.0
1947.802503686386,85.0,6.0,6.0,2.0,0.0,24.0
1947.803209568739,85.0,6.0,6.0,2.0,0.0,24.0
1948.103209568739,85.0,6.0,6.0,2.0,0.0,24.0
1948.103915451092,85.0,6.0,6.0,2.0,0.0,24.0
1948.403915451092,85.0,6.0,6.0,2.0,0.0,24.0
1948.404621333445,85.0,6.0,6.0,2.0,0.0,24.0
1948.704621333445,85.0,6.0,6.0,2.0,0.0,24.0
1948.705327215798,85.0,6.0,6.0,2.0,0.0,24.0
1949.005327215798,85.0,6.0,6.0,2.0,0.0,24.0
1949.006033098151,85.0,6.0,6.0,2.0,0.0,24.0
1949.306033098151,85.0,6.0,6.0,2.0,0.0,24.0
1949.306738980504,85.0,6.0,6.0,2.0,0.0,24.0
1949.606738980504,85.0,6.0,6.0,2.0,0.0,24.0
1949.607444862857,85.0,6.0,6.0,2.0,0.0,24.0
1949.907444862857,85.0,6.0,6.0,2.0,0.0,24.0
1949.90815074521,84.0,6.0,6.0,2.0,0.0,24.0
1950.2081507452099,84.0,6.0,6.0,2.0,0.0,24.0
1950.2088650309242,84.0,6.0,6.0,2.0,0.0,24.0
1950.5088650309242,84.0,6.0,6.0,2.0,0.0,24.0
1950.5095793166386,84.0,6.0,6.0,2.0,0.0,24.0
1950.8095793166385,84.0,6.0,6.0,2.0,0.0,24.0
1950.8102936023529,84.0,6.0,4.0,2.0,1.0,24.0
1951.1102936023528,84.0,6.0,4.0,2.0,1.0,24.0
1951.1110078880672,84.0,6.0,4.0,2.0,1.0,24.0
1951.4110078880672,84.0,6.0,4.0,2.0,1.0,24.0
1951.4117221737815,84.0,6.0,4.0,2.0,0.0,24.0
1951.7117221737815,84.0,6.0,4.0,2.0,0.0,24.0
1951.7124364594958,84.0,6.0,4.0,2.0,0.0,24.0
1952.0124364594958,84.0,6.0,4.0,2.0,0.0,24.0
1952.0131507452102,84.0,6.0,4.0,2.0,0.0,24.0
1952.3131507452101,84.0,6.0,4.0,2.0,0.0,24.0
1952.3138650309245,84.0,6.0,4.0,2.0,0.0,24.0
1952.6138650309244,84.0,6.0,4.0,2.0,0.0,24.0
1952.6145793166388,84.0,6.0,4.0,2.0,0.0,24.0
1952.9145793166388,84.0,6.0,4.0,2.0,0.0,24.0
1952.9152936023531,84.0,6.0,4.0,2.0,0.0,24.0
1953.215293602353,84.0,6.0,4.0,2.0,0.0,24.0
1953.2160078880675,84.0,6.0,4.0,2.0,0.0,24.0
1953.5160078880674,84.0,6.0,4.0,2.0,0.0,24.0
1953.5167221737818,84.0,6.0,4.0,2.0,0.0,24.0
1953.8167221737817,84.0,6.0,4.0,2.0,0.0,24.0
1953.817436459496,84.0,6.0,4.0,2.0,0.0,24.0
1954.117436459496,84.0,6.0,4.0,2.0,0.0,24.0
1954.1181507452104,84.0,6.0,4.0,2.0,0.0,24.0
1954.4181507452104,84.0,6.0,4.0,2.0,0.0,24.0
1954.4188650309247,84.0,6.0,4.0,2.0,0.0,24.0
1954.7188650309247,84.0,6.0,4.0,2.0,0.0,24.0
1954.719579316639,84.0,6.0,4.0,2.0,0.0,24.0
1955.019579316639,84.0,6.0,4.0,2.0,0.0,24.0
1955.0202936023534,84.0,6.0,4.0,2.0,0.0,24.0
1955.3202936023533,84.0,6.0,4.0,2.0,0.0,24.0
1955.3210078880677,84.0,6.0,4.0,2.0,0.0,24.0
1955.6210078880677,84.0,6.0,4.0,2.0,0.0,24.0
1955.621722173782,84.0,6.0,4.0,2.0,0.0,24.0
1955.921722173782,84.0,6.0,4.0,2.0,0.0,24.0
1955.9224364594963,84.0,6.0,4.0,2.0,0.0,24.0
1956.2224364594963,84.0,6.0,4.0,2.0,0.0,24.0
1956.2231507452107,84.0,6.0,4.0,2.0,0.0,24.0
1956.5231507452106,84.0,6.0,4.0,2.0,0.0,24.0
1956.523865030925,84.0,6.0,4.0,2.0,0.0,24.0
1956.823865030925,84.0,6.0,4.0,2.0,0.0,24.0
1956.8245793166393,84.0,6.0,4.0,2.0,0.0,24.0
1957.1245793166393,84.0,6.0,4.0,2.0,0.0,24.0
1957.1252936023536,84.0,6.0,4.0,2.0,0.0,24.0
1957.4252936023536,84.0,6.0,4.0,2.0,0.0,24.0
1957.426007888068,84.0,6.0,4.0,2.0,0.0,24.0
1957.726007888068,84.0,6.0,4.0,2.0,0.0,24.0
1957.7267221737823,84.0,6.0,4.0,2.0,0.0,24.0
1958.0267221737822,84.0,6.0,4.0,2.0,0.0,24.0
1958.0274364594966,84.0,6.0,4.0,2.0,0.0,24.0
1958.3274364594965,84.0,6.0,4.0,2.0,0.0,24.0
1958.328150745211,84.0,6.0,4.0,7.0,0.0,24.0
1958.6281507452109,84.0,6.0,4.0,7.0,0.0,24.0
1958.6288650309252,84.0,6.0,4.0,7.0,0.0,24.0
1958.9288650309252,84.0,6.0,4.0,7.0,0.0,24.0
1958.9295793166395,84.0,6.0,4.0,7.0,0.0,24.0
1959.2295793166395,84.0,6.0,4.0,7.0,0.0,24.0
1959.2302936023539,84.0,6.0,4.0,7.0,0.0,24.0
1959.5302936023538,84.0,6.0,4.0,7.0,0.0,24.0
1959.5310078880682,84.0,6.0,4.0,7.0,0.0,24.0
1959.8310078880681,84.0,6.0,4.0,7.0,0.0,24.0
1959.8317221737825,84.0,6.0,4.0,7.0,0.0,24.0
1960.1317221737825,84.0,6.0,4.0,7.0,0.0,24.0
1960.1324364594968,84.0,6.0,4.0,7.0,0.0,24.0
1960.4324364594968,84.0,6.0,4.0,7.0,0.0,24.0
1960.4331507452112,84.0,6.0,4.0,7.0,0.0,24.0
1960.733150745211,84.0,6.0,4.0,7.0,0.0,24.0
1960.7338650309255,84.0,6.0,4.0,7.0,0.0,24.0
1961.0338650309254,84.0,6.0,4.0,7.0,0.0,24.0
1961.0345793166398,84.0,6.0,4.0,7.0,0.0,24.0
1961.3345793166397,84.0,6.0,4.0,7.0,0.0,24.0
1961.335293602354,84.0,6.0,4.0,7.0,0.0,24.0
1961.635293602354,84.0,6.0,4.0,7.0,0.0,24.0
1961.6360078880684,84.0,6.0,4.0,7.0,0.0,24.0
1961.9360078880684,84.0,6.0,4.0,7.0,0.0,24.0
1961.9367221737828,84.0,6.0,4.0,7.0,0.0,24.0
1962.2367221737827,84.0,6.0,4.0,7.0,0.0,24.0
1962.237436459497,84.0,6.0,4.0,5.0,0.0,25.0
1962.537436459497,84.0,6.0,4.0,5.0,0.0,25.0
1962.5381507452114,84.0,6.0,4.0,5.0,0.0,25.0
1962.8381507452114,84.0,6.0,4.0,5.0,0.0,25.0
1962.8388650309257,84.0,6.0,4.0,5.0,0.0,25.0
1963.1388650309257,84.0,6.0,4.0,5.0,0.0,25.0
1963.13957931664,84.0,6.0,4.0,5.0,0.0,25.0
1963.43957931664,84.0,6.0,4.0,5.0,0.0,25.0
1963.4402936023544,84.0,6.0,4.0,5.0,0.0,25.0
1963.7402936023543,84.0,6.0,4.0,5.0,0.0,25.0
1963.7410078880687,83.0,6.0,4.0,5.0,0.0,25.0
1964.0410078880686,83.0,6.0,4.0,5.0,0.0,25.0
1964.041730779635,83.0,6.0,4.0,5.0,0.0,25.0
1964.3417307796349,83.0,6.0,4.0,5.0,0.0,25.0
1964.3424536712012,83.0,6.0,4.0,5.0,0.0,25.0
1964.642453671201,83.0,6.0,4.0,5.0,0.0,25.0
1964.6431765627674,83.0,6.0,4.0,5.0,0.0,25.0
1964.9431765627673,83.0,6.0,4.0,5.0,0.0,25.0
1964.9438994543336,83.0,6.0,4.0,5.0,0.0,25.0
1965.2438994543336,83.0,6.0,4.0,5.0,0.0,25.0
1965.2446223458999,83.0,6.0,4.0,5.0,0.0,25.0
1965.5446223458998,83.0,6.0,4.0,5.0,0.0,25.0
1965.545345237466,83.0,6.0,4.0,5.0,0.0,25.0
1965.845345237466,83.0,6.0,4.0,5.0,0.0,25.0
1965.8460681290323,83.0,6.0,4.0,5.0,0.0,25.0
1966.1460681290323,83.0,6.0,4.0,5.0,0.0,25.0
1966.1467910205986,83.0,6.0,4.0,5.0,0.0,25.0
1966.4467910205985,83.0,6.0,4.0,5.0,0.0,25.0
1966.4475139121648,83.0,6.0,4.0,5.0,0.0,25.0
1966.7475139121648,83.0,6.0,4.0,5.0,0.0,25.0
1966.748236803731,83.0,6.0,4.0,5.0,0.0,25.0
1967.048236803731,83.0,6.0,4.0,5.0,0.0,25.0
1967.0489596952973,83.0,6.0,4.0,5.0,0.0,25.0
1967.3489596952973,83.0,6.0,4.0,5.0,0.0,25.0
1967.3496825868635,83.0,6.0,4.0,5.0,0.0,25.0
1967.6496825868635,83.0,6.0,4.0,5.0,0.0,25.0
1967.6504054784298,83.0,6.0,4.0,5.0,0.0,25.0
1967.9504054784297,83.0,6.0,4.0,5.0,0.0,25.0
1967.951128369996,83.0,6.0,4.0,5.0,0.0,25.0
1968.251128369996,83.0,6.0,4.0,5.0,0.0,25.0
1968.2518512615623,83.0,6.0,4.0,5.0,0.0,25.0
1968.5518512615622,83.0,6.0,4.0,5.0,0.0,25.0
1968.5525741531285,83.0,6.0,4.0,5.0,0.0,25.0
1968.8525741531284,83.0,6.0,4.0,5.0,0.0,25.0
1968.8532970446947,83.0,6.0,4.0,5.0,0.0,25.0
1969.1532970446947,83.0,6.0,4.0,5.0,0.0,25.0
1969.154019936261,83.0,6.0,4.0,5.0,0.0,25.0
1969.454019936261,83.0,6.0,4.0,5.0,0.0,25.0
1969.4547428278272,83.0,6.0,4.0,5.0,0.0,25.0
1969.7547428278272,83.0,6.0,4.0,5.0,0.0,25.0
1969.7554657193934,83.0,6.0,4.0,5.0,0.0,25.0
1970.0554657193934,83.0,6.0,4.0,5.0,0.0,25.0
1970.0561886109597,83.0,6.0,4.0,5.0,0.0,25.0
1970.3561886109596,83.0,6.0,4.0,5.0,0.0,25.0
1970.356911502526,83.0,6.0,4.0,5.0,0.0,25.0
1970.6569115025259,83.0,6.0,4.0,5.0,0.0,25.0
1970.6576343940922,83.0,6.0,4.0,5.0,0.0,25.0
1970.957634394092,83.0,6.0,4.0,5.0,0.0,25.0
1970.9583572856584,83.0,6.0,4.0,5.0,0.0,25.0
1971.2583572856583,83.0,6.0,4.0,5.0,0.0,25.0
1971.2590801772246,83.0,6.0,4.0,5.0,0.0,25.0
1971.5590801772246,83.0,6.0,4.0,5.0,0.0,25.0
1971.5598030687909,83.0,6.0,4.0,5.0,0.0,25.0
1971.8598030687908,83.0,6.0,4.0,5.0,0.0,25.0
1971.860525960357,83.0,6.0,4.0,5.0,0.0,25.0
1972.160525960357,83.0,6.0,4.0,5.0,0.0,25.0
1972.1612488519233,83.0,6.0,4.0,5.0,0.0,25.0
1972.4612488519233,83.0,6.0,4.0,5.0,0.0,25.0
1972.4619717434896,83.0,6.0,4.0,5.0,0.0,25.0
1972.7619717434895,83.0,6.0,4.0,5.0,0.0,25.0
1972.7626946350558,83.0,6.0,4.0,5.0,0.0,25.0
1973.0626946350558,83.0,6.0,4.0,5.0,0.0,25.0
1973.063417526622,83.0,6.0,4.0,5.0,0.0,25.0
1973.363417526622,83.0,6.0,4.0,5.0,0.0,25.0
1973.3641404181883,83.0,6.0,4.0,5.0,0.0,25.0
1973.6641404181883,83.0,6.0,4.0,5.0,0.0,25.0
1973.6648633097545,83.0,6.0,4.0,5.0,0.0,25.0
1973.9648633097545,83.0,6.0,4.0,5.0,0.0,25.0
1973.9655862013208,83.0,6.0,4.0,5.0,0.0,25.0
1974.2655862013207,83.0,6.0,4.0,5.0,0.0,25.0
1974.266309092887,83.0,6.0,4.0,5.0,0.0,25.0
1974.566309092887,83.0,6.0,4.0,5.0,0.0,25.0
1974.5670319844533,83.0,6.0,4.0,5.0,0.0,25.0
1974.8670319844532,83.0,6.0,4.0,5.0,0.0,25.0
1974.8677548760195,83.0,6.0,4.0,5.0,0.0,25.0
1975.1677548760194,83.0,6.0,4.0,5.0,0.0,25.0
1975.1684777675857,83.0,6.0,4.0,5.0,0.0,25.0
1975.4684777675857,83.0,6.0,4.0,5.0,0.0,25.0
1975.469200659152,83.0,6.0,4.0,5.0,0.0,25.0
1975.769200659152,83.0,6.0,4.0,5.0,0.0,25.0
1975.7699235507182,84.0,6.0,4.0,5.0,0.0,25.0
1976.0699235507182,84.0,6.0,4.0,5.0,0.0,25.0
1976.0706378364325,84.0,6.0,4.0,5.0,0.0,25.0
1976.3706378364325,84.0,6.0,4.0,5.0,0.0,25.0
1976.3713521221468,84.0,6.0,4.0,5.0,0.0,25.0
1976.6713521221468,84.0,6.0,4.0,5.0,0.0,25.0
1976.6720664078612,84.0,6.0,4.0,5.0,0.0,25.0
1976.9720664078611,84.0,6.0,4.0,5.0,0.0,25.0
1976.9727806935755,83.0,6.0,4.0,5.0,0.0,25.0
1977.2727806935754,83.0,6.0,4.0,5.0,0.0,25.0
1977.2735035851417,83.0,6.0,4.0,5.0,0.0,25.0
1977.5735035851417,83.0,6.0,4.0,5.0,0.0,25.0
1977.574226476708,83.0,6.0,4.0,5.0,0.0,25.0
1977.874226476708,83.0,6.0,4.0,5.0,0.0,25.0
1977.8749493682742,83.0,6.0,4.0,5.0,0.0,25.0
1978.1749493682742,83.0,6.0,4.0,5.0,0.0,25.0
1978.1756722598404,83.0,6.0,4.0,5.0,0.0,25.0
1978.4756722598404,83.0,6.0,4.0,5.0,0.0,25.0
1978.4763951514067,83.0,6.0,4.0,5.0,0.0,25.0
1978.7763951514066,83.0,6.0,4.0,5.0,0.0,25.0
1978.777118042973,83.0,6.0,4.0,5.0,0.0,25.0
1979.0771180429729,83.0,6.0,4.0,5.0,0.0,25.0
1979.0778409345392,83.0,6.0,4.0,5.0,0.0,25.0
1979.377840934539,83.0,6.0,4.0,5.0,0.0,25.0
1979.3785638261054,83.0,6.0,4.0,5.0,0.0,25.0
1979.6785638261053,83.0,6.0,4.0,5.0,0.0,25.0
1979.6792867176716,83.0,6.0,4.0,5.0,0.0,25.0
1979.9792867176716,83.0,6.0,4.0,5.0,0.0,25.0
1979.9800096092379,83.0,6.0,4.0,5.0,0.0,25.0
1980.2800096092378,83.0,6.0,4.0,5.0,0.0,25.0
1980.280732500804,83.0,6.0,4.0,10.0,0.0,25.0
1980.580732500804,83.0,6.0,4.0,10.0,0.0,25.0
1980.5813325008041,83.0,6.0,4.0,10.0,0.0,25.0
1980.881332500804,83.0,6.0,4.0,10.0,0.0,25.0
1980.8819325008042,83.0,6.0,4.0,10.0,0.0,25.0
1981.1819325008041,83.0,6.0,4.0,10.0,0.0,25.0
1981.1825325008042,83.0,6.0,4.0,10.0,0.0,25.0
1981.4825325008042,83.0,6.0,4.0,10.0,0.0,25.0
1981.4831325008042,83.0,6.0,4.0,10.0,0.0,25.0
1981.7831325008042,83.0,6.0,4.0,10.0,0.0,25.0
1981.7837325008043,83.0,6.0,4.0,10.0,0.0,25.0
1982.0837325008042,83.0,6.0,4.0,10.0,0.0,25.0
1982.0843325008043,83.0,6.0,4.0,10.0,0.0,25.0
1982.3843325008042,83.0,6.0,4.0,10.0,0.0,25.0
1982.3849325008043,83.0,6.0,4.0,10.0,0.0,25.0
1982.6849325008043,83.0,6.0,4.0,10.0,0.0,25.0
1982.6855325008044,83.0,6.0,4.0,10.0,0.0,25.0
1982.9855325008043,83.0,6.0,4.0,10.0,0.0,25.0
1982.9861325008044,83.0,6.0,4.0,10.0,0.0,25.0
1983.2861325008043,83.0,6.0,4.0,10.0,0.0,25.0
1983.2867325008044,83.0,6.0,4.0,10.0,0.0,25.0
1983.5867325008044,83.0,6.0,4.0,10.0,0.0,25.0
1983.5873325008045,83.0,6.0,4.0,10.0,0.0,25.0
1983.8873325008044,83.0,6.0,4.0,10.0,0.0,25.0
1983.8879325008045,83.0,6.0,2.0,10.0,0.0,25.0
1984.1879325008044,83.0,6.0,2.0,10.0,0.0,25.0
1984.1885325008045,83.0,6.0,2.0,10.0,0.0,25.0
1984.4885325008045,83.0,6.0,2.0,10.0,0.0,25.0
1984.4891325008045,83.0,6.0,2.0,10.0,0.0,25.0
1984.7891325008045,83.0,6.0,2.0,10.0,0.0,25.0
1984.7897325008046,83.0,6.0,2.0,10.0,0.0,25.0
1985.0897325008045,83.0,6.0,2.0,10.0,0.0,25.0
1985.0903325008046,83.0,6.0,2.0,10.0,0.0,25.0
1985.3903325008046,83.0,6.0,2.0,10.0,0.0,25.0
1985.3909325008046,83.0,6.0,2.0,10.0,0.0,25.0
1985.6909325008046,83.0,6.0,2.0,10.0,0.0,25.0
1985.6915325008047,83.0,6.0,2.0,10.0,0.0,25.0
1985.9915325008046,83.0,6.0,2.0,10.0,0.0,25.0
1985.9921325008047,83.0,6.0,2.0,10.0,0.0,25.0
1986.2921325008047,83.0,6.0,2.0,10.0,0.0,25.0
1986.2927325008047,83.0,6.0,2.0,10.0,0.0,25.0
1986.5927325008047,83.0,6.0,2.0,10.0,0.0,25.0
1986.5933325008048,83.0,6.0,2.0,10.0,0.0,25.0
1986.8933325008047,83.0,6.0,2.0,10.0,0.0,25.0
1986.8939325008048,83.0,6.0,2.0,10.0,0.0,25.0
1987.1939325008047,83.0,6.0,2.0,10.0,0.0,25.0
1987.1945325008048,83.0,6.0,2.0,10.0,0.0,25.0
1987.4945325008048,83.0,6.0,2.0,10.0,0.0,25.0
1987.4951325008049,83.0,6.0,2.0,10.0,0.0,25.0
1987.7951325008048,83.0,6.0,2.0,10.0,0.0,25.0
1987.795732500805,83.0,6.0,2.0,10.0,0.0,25.0
1988.0957325008048,83.0,6.0,2.0,10.0,0.0,25.0
1988.096332500805,84.0,6.0,2.0,10.0,0.0,25.0
1988.3963325008049,84.0,6.0,2.0,10.0,0.0,25.0
1988.396932500805,84.0,6.0,2.0,10.0,0.0,25.0
1988.696932500805,84.0,6.0,2.0,10.0,0.0,25.0
1988.697532500805,85.0,6.0,2.0,10.0,0.0,25.0
1988.997532500805,85.0,6.0,2.0,10.0,0.0,25.0
1988.998132500805,85.0,6.0,2.0,10.0,0.0,25.0
1989.298132500805,85.0,6.0,2.0,10.0,0.0,25.0
1989.298732500805,85.0,6.0,2.0,10.0,0.0,25.0
1989.598732500805,85.0,6.0,2.0,10.0,0.0,25.0
1989.599332500805,85.0,6.0,2.0,10.0,0.0,25.0
1989.899332500805,85.0,6.0,2.0,10.0,0.0,25.0
1989.899932500805,85.0,6.0,2.0,10.0,0.0,25.0
1990.199932500805,85.0,6.0,2.0,10.0,0.0,25.0
1990.2005325008051,85.0,6.0,2.0,10.0,0.0,25.0
1990.500532500805,85.0,6.0,2.0,10.0,0.0,25.0
1990.5011325008052,85.0,6.0,2.0,10.0,0.0,25.0
1990.8011325008051,85.0,6.0,2.0,10.0,0.0,25.0
1990.8017325008052,85.0,6.0,2.0,10.0,0.0,25.0
1991.1017325008052,85.0,6.0,2.0,10.0,0.0,25.0
1991.1023325008052,85.0,6.0,2.0,10.0,0.0,25.0
1991.4023325008052,85.0,6.0,2.0,10.0,0.0,25.0
1991.4029325008053,85.0,6.0,2.0,10.0,0.0,25.0
1991.7029325008052,85.0,6.0,2.0,10.0,0.0,25.0
1991.7035325008053,85.0,6.0,2.0,10.0,0.0,25.0
1992.0035325008052,85.0,6.0,2.0,10.0,0.0,25.0
1992.0041325008053,85.0,6.0,2.0,10.0,0.0,25.0
1992.3041325008053,85.0,6.0,2.0,10.0,0.0,25.0
1992.3047325008054,85.0,6.0,2.0,10.0,0.0,25.0
1992.6047325008053,85.0,6.0,2.0,10.0,0.0,25.0
1992.6053325008054,85.0,6.0,2.0,10.0,0.0,25.0
1992.9053325008053,85.0,6.0,2.0,10.0,0.0,25.0
1992.9059325008054,85.0,6.0,2.0,10.0,0.0,25.0
1993.2059325008054,85.0,6.0,2.0,10.0,0.0,25.0
1993.2065325008055,85.0,6.0,2.0,10.0,0.0,25.0
1993.5065325008054,85.0,6.0,2.0,10.0,0.0,25.0
1993.5071325008055,85.0,6.0,2.0,10.0,0.0,25.0
1993.8071325008054,85.0,6.0,2.0,10.0,0.0,25.0
1993.8077325008055,85.0,6.0,2.0,10.0,0.0,25.0
1994.1077325008055,85.0,6.0,2.0,10.0,0.0,25.0
1994.1083325008055,85.0,6.0,2.0,10.0,0.0,25.0
1994.4083325008055,85.0,6.0,2.0,10.0,0.0,25.0
1994.4089325008056,85.0,6.0,2.0,10.0,0.0,25.0
1994.7089325008055,85.0,6.0,2.0,10.0,0.0,25.0
1994.7095325008056,85.0,6.0,2.0,10.0,0.0,25.0
1995.0095325008056,85.0,6.0,2.0,10.0,0.0,25.0
1995.0101325008056,85.0,6.0,2.0,10.0,0.0,25.0
1995.3101325008056,85.0,6.0,2.0,10.0,0.0,25.0
1995.3107325008057,85.0,6.0,2.0,10.0,0.0,25.0
1995.6107325008056,85.0,6.0,2.0,10.0,0.0,25.0
1995.6113325008057,85.0,6.0,2.0,8.0,0.0,26.0
1995.9113325008057,85.0,6.0,2.0,8.0,0.0,26.0
1995.9120383831587,85.0,6.0,2.0,8.0,0.0,26.0
1996.2120383831586,85.0,6.0,2.0,8.0,0.0,26.0
1996.2127442655117,85.0,6.0,2.0,8.0,0.0,26.0
1996.5127442655116,85.0,6.0,2.0,8.0,0.0,26.0
1996.5134501478647,85.0,6.0,2.0,8.0,0.0,26.0
1996.8134501478646,85.0,6.0,2.0,8.0,0.0,26.0
1996.8141560302176,85.0,6.0,2.0,8.0,0.0,26.0
1997.1141560302176,85.0,6.0,2.0,8.0,0.0,26.0
1997.1148619125706,85.0,6.0,2.0,8.0,0.0,26.0
1997.4148619125706,85.0,6.0,2.0,8.0,0.0,26.0
1997.4155677949236,85.0,6.0,2.0,8.0,0.0,26.0
1997.7155677949236,85.0,6.0,2.0,8.0,0.0,26.0
1997.7162736772766,85.0,6.0,2.0,8.0,0.0,26.0
1998.0162736772766,85.0,6.0,2.0,8.0,0.0,26.0
1998.0169795596296,85.0,6.0,2.0,8.0,0.0,26.0
1998.3169795596295,85.0,6.0,2.0,8.0,0.0,26.0
1998.3176854419826,85.0,6.0,2.0,8.0,0.0,26.0
1998.6176854419825,85.0,6.0,2.0,8.0,0.0,26.0
1998.6183913243356,85.0,6.0,2.0,8.0,0.0,26.0
1998.9183913243355,85.0,6.0,2.0,8.0,0.0,26.0
1998.9190972066885,85.0,6.0,2.0,8.0,0.0,26.0
1999.2190972066885,85.0,6.0,2.0,8.0,0.0,26.0
1999.2198030890415,85.0,6.0,2.0,8.0,0.0,26.0
1999.5198030890415,85.0,6.0,2.0,8.0,0.0,26.0
1999.5205089713945,85.0,6.0,2.0,8.0,0.0,26.0
1999.8205089713945,85.0,6.0,2.0,8.0,0.0,26.0
1999.8212148537475,85.0,6.0,2.0,8.0,0.0,26.0
2000.1212148537475,85.0,6.0,2.0,8.0,0.0,26.0
2000.1219207361005,85.0,6.0,2.0,8.0,0.0,26.0
2000.4219207361004,85.0,6.0,2.0,8.0,0.0,26.0
2000.4226266184535,85.0,6.0,2.0,8.0,0.0,26.0
2000.7226266184534,85.0,6.0,2.0,8.0,0.0,26.0
2000.7233325008065,85.0,6.0,2.0,8.0,0.0,26.0
2001.0233325008064,85.0,6.0,2.0,8.0,0.0,26.0
2001.0240383831594,85.0,6.0,2.0,8.0,0.0,26.0
2001.3240383831594,85.0,6.0,2.0,8.0,0.0,26.0
2001.3247442655124,85.0,6.0,2.0,8.0,0.0,26.0
2001.6247442655124,85.0,6.0,2.0,8.0,0.0,26.0
2001.6254501478654,85.0,6.0,2.0,8.0,0.0,26.0
2001.9254501478654,85.0,6.0,2.0,8.0,0.0,26.0
2001.9261560302184,85.0,6.0,2.0,8.0,0.0,26.0
2002.2261560302184,85.0,6.0,2.0,8.0,0.0,26.0
2002.2268619125714,85.0,6.0,2.0,8.0,0.0,26.0
2002.5268619125713,85.0,6.0,2.0,8.0,0.0,26.0
2002.5275677949244,85.0,6.0,2.0,8.0,0.0,26.0
2002.8275677949243,85.0,6.0,2.0,8.0,0.0,26.0
2002.8282736772774,85.0,6.0,2.0,8.0,0.0,26.0
2003.1282736772773,85.0,6.0,2.0,8.0,0.0,26.0
2003.1289795596304,86.0,6.0,2.0,8.0,0.0,26.0
2003.4289795596303,86.0,6.0,2.0,8.0,0.0,26.0
2003.429677234049,86.0,6.0,2.0,8.0,0.0,26.0
2003.729677234049,86.0,6.0,2.0,8.0,0.0,26.0
2003.7303749084676,86.0,6.0,2.0,8.0,0.0,26.0
2004.0303749084676,86.0,6.0,2.0,8.0,0.0,26.0
2004.0310725828863,86.0,6.0,2.0,8.0,0.0,26.0
2004.3310725828862,86.0,6.0,2.0,8.0,0.0,26.0
2004.331770257305,86.0,6.0,2.0,8.0,0.0,26.0
2004.6317702573049,86.0,6.0,2.0,8.0,0.0,26.0
2004.6324679317236,86.0,6.0,2.0,8.0,0.0,26.0
2004.9324679317235,86.0,6.0,2.0,8.0,0.0,26.0
2004.9331656061422,86.0,6.0,2.0,8.0,0.0,26.0
2005.2331656061422,86.0,6.0,2.0,8.0,0.0,26.0
2005.2338632805609,86.0,6.0,2.0,8.0,0.0,26.0
2005.5338632805608,86.0,6.0,2.0,8.0,0.0,26.0
2005.5345609549795,86.0,6.0,2.0,8.0,0.0,26.0
2005.8345609549795,86.0,6.0,2.0,8.0,0.0,26.0
2005.8352586293981,86.0,6.0,2.0,8.0,0.0,26.0
2006.135258629398,86.0,6.0,2.0,8.0,0.0,26.0
2006.1359563038168,86.0,6.0,2.0,8.0,0.0,26.0
2006.4359563038167,86.0,6.0,2.0,8.0,0.0,26.0
2006.4366539782354,86.0,6.0,2.0,8.0,0.0,26.0
2006.7366539782354,86.0,6.0,2.0,8.0,0.0,26.0
2006.737351652654,86.0,6.0,2.0,8.0,0.0,26.0
2007.037351652654,86.0,6.0,2.0,8.0,0.0,26.0
2007.0380493270727,86.0,6.0,2.0,8.0,0.0,26.0
2007.3380493270727,86.0,6.0,2.0,8.0,0.0,26.0
2007.3387470014914,86.0,6.0,2.0,8.0,0.0,26.0
2007.6387470014913,86.0,6.0,2.0,8.0,0.0,26.0
2007.63944467591,86.0,6.0,2.0,8.0,0.0,26.0
2007.93944467591,86.0,6.0,2.0,8.0,0.0,26.0
2007.9401423503286,86.0,6.0,2.0,8.0,0.0,26.0
2008.2401423503286,86.0,6.0,2.0,8.0,0.0,26.0
2008.2408400247473,86.0,6.0,2.0,8.0,0.0,26.0
2008.5408400247472,86.0,6.0,2.0,8.0,0.0,26.0
2008.541537699166,86.0,6.0,2.0,8.0,0.0,26.0
2008.8415376991659,86.0,6.0,2.0,8.0,0.0,26.0
2008.8422353735846,86.0,6.0,2.0,8.0,0.0,26.0
2009.1422353735845,86.0,6.0,2.0,8.0,0.0,26.0
2009.1429330480032,86.0,6.0,2.0,8.0,0.0,26.0
2009.4429330480032,86.0,6.0,2.0,8.0,0.0,26.0
2009.4436307224219,86.0,6.0,2.0,8.0,0.0,26.0
2009.7436307224218,86.0,6.0,2.0,8.0,0.0,26.0
2009.7443283968405,86.0,6.0,2.0,8.0,0.0,26.0
2010.0443283968405,86.0,6.0,2.0,8.0,0.0,26.0
2010.0450260712591,86.0,6.0,2.0,8.0,0.0,26.0
2010.345026071259,86.0,6.0,2.0,8.0,0.0,26.0
2010.3457237456778,86.0,6.0,2.0,8.0,0.0,26.0
2010.6457237456777,86.0,6.0,2.0,8.0,0.0,26.0
2010.6464214200964,86.0,6.0,2.0,8.0,0.0,26.0
2010.9464214200964,86.0,6.0,2.0,8.0,0.0,26.0
2010.947119094515,86.0,6.0,2.0,8.0,0.0,26.0
2011.247119094515,86.0,6.0,2.0,8.0,0.0,26.0
2011.2478167689337,86.0,6.0,2.0,8.0,0.0,26.0
2011.5478167689337,86.0,6.0,2.0,8.0,0.0,26.0
2011.5485144433524,86.0,6.0,2.0,8.0,0.0,26.0
2011.8485144433523,86.0,6.0,2.0,8.0,0.0,26.0
2011.849212117771,86.0,6.0,2.0,8.0,0.0,26.0
2012.149212117771,86.0,6.0,2.0,8.0,0.0,26.0
2012.1499097921896,86.0,6.0,2.0,8.0,0.0,26.0
2012.4499097921896,86.0,6.0,2.0,8.0,0.0,26.0
2012.4506074666083,86.0,6.0,2.0,8.0,0.0,26.0
2012.7506074666082,86.0,6.0,2.0,8.0,0.0,26.0
2012.751305141027,86.0,6.0,2.0,8.0,0.0,26.0
2013.051305141027,86.0,6.0,2.0,8.0,0.0,26.0
2013.0520028154456,86.0,6.0,2.0,8.0,0.0,26.0
2013.3520028154455,86.0,6.0,2.0,8.0,0.0,26.0
2013.3527004898642,86.0,6.0,2.0,8.0,0.0,26.0
2013.6527004898642,86.0,6.0,2.0,8.0,0.0,26.0
2013.6533981642829,86.0,6.0,2.0,8.0,0.0,26.0
2013.9533981642828,86.0,6.0,2.0,8.0,0.0,26.0
2013.9540958387015,86.0,6.0,2.0,8.0,0.0,26.0
2014.2540958387015,86.0,6.0,2.0,8.0,0.0,26.0
2014.2547935131201,86.0,6.0,2.0,8.0,0.0,26.0
2014.55479351312,86.0,6.0,2.0,8.0,0.0,26.0
2014.5554911875388,86.0,6.0,2.0,8.0,0.0,26.0
2014.8554911875387,86.0,6.0,2.0,8.0,0.0,26.0
2014.8561888619574,86.0,6.0,2.0,8.0,0.0,26.0
2015.1561888619574,86.0,6.0,2.0,8.0,0.0,26.0
2015.156886536376,86.0,6.0,2.0,6.0,0.0,27.0
2015.456886536376,86.0,6.0,2.0,6.0,0.0,27.0
2015.4575842107947,86.0,6.0,2.0,6.0,0.0,27.0
2015.7575842107947,86.0,6.0,2.0,6.0,0.0,27.0
2015.7582818852134,86.0,6.0,2.0,6.0,0.0,27.0
2016.0582818852133,86.0,6.0,2.0,6.0,0.0,27.0
2016.058979559632,86.0,6.0,2.0,6.0,0.0,27.0
2016.358979559632,86.0,6.0,2.0,6.0,0.0,27.0
2016.3596772340507,86.0,6.0,2.0,6.0,0.0,27.0
2016.6596772340506,86.0,6.0,2.0,6.0,0.0,27.0
2016.6603749084693,86.0,6.0,2.0,6.0,0.0,27.0
2016.9603749084692,86.0,6.0,2.0,6.0,0.0,27.0
2016.961072582888,86.0,6.0,2.0,6.0,0.0,27.0
2017.261072582888,86.0,6.0,2.0,6.0,0.0,27.0
2017.2617702573066,86.0,6.0,2.0,6.0,0.0,27.0
2017.5617702573065,86.0,6.0,2.0,6.0,0.0,27.0
2017.5624679317252,86.0,6.0,2.0,6.0,0.0,27.0
2017.8624679317252,86.0,6.0,2.0,6.0,0.0,27.0
2017.8631656061439,86.0,6.0,2.0,6.0,0.0,27.0
2018.1631656061438,86.0,6.0,2.0,6.0,0.0,27.0
2018.1638632805625,86.0,6.0,2.0,6.0,0.0,27.0
2018.4638632805625,86.0,6.0,2.0,6.0,0.0,27.0
2018.4645609549812,86.0,6.0,2.0,6.0,0.0,27.0
2018.764560954981,86.0,6.0,2.0,6.0,0.0,27.0
2018.7652586293998,86.0,6.0,2.0,6.0,0.0,27.0
2019.0652586293998,86.0,6.0,2.0,6.0,0.0,27.0
2019.0659563038184,86.0,6.0,2.0,6.0,0.0,27.0
2019.3659563038184,86.0,6.0,2.0,6.0,0.0,27.0
2019.366653978237,86.0,6.0,2.0,6.0,0.0,27.0
2019.666653978237,86.0,6.0,2.0,6.0,0.0,27.0
2019.6673516526557,86.0,6.0,2.0,6.0,0.0,27.0
2019.9673516526557,86.0,6.0,2.0,6.0,0.0,27.0
2019.9680493270744,86.0,6.0,2.0,6.0,0.0,27.0
2020.2680493270743,86.0,6.0,2.0,6.0,0.0,27.0
2020.268747001493,86.0,6.0,2.0,6.0,0.0,27.0
2020.568747001493,86.0,6.0,2.0,6.0,0.0,27.0
2020.5694446759117,86.0,6.0,2.0,6.0,0.0,27.0
2020.8694446759116,86.0,6.0,2.0,6.0,0.0,27.0
2020.8701423503303,86.0,6.0,2.0,6.0,0.0,27.0
2021.1701423503303,86.0,6.0,2.0,6.0,0.0,27.0
2021.170840024749,86.0,6.0,2.0,6.0,0.0,27.0
2021.470840024749,86.0,6.0,2.0,6.0,0.0,27.0
2021.4715376991676,86.0,6.0,2.0,6.0,0.0,27.0
2021.7715376991675,86.0,6.0,2.0,6.0,0.0,27.0
2021.7722353735862,86.0,6.0,2.0,6.0,0.0,27.0
2022.0722353735862,86.0,6.0,2.0,6.0,0.0,27.0
2022.0729330480049,86.0,6.0,2.0,6.0,0.0,27.0
2022.3729330480048,86.0,6.0,2.0,6.0,0.0,27.0
2022.3736307224235,86.0,6.0,2.0,6.0,0.0,27.0
2022.6736307224235,86.0,6.0,2.0,6.0,0.0,27.0
2022.6743283968422,86.0,6.0,2.0,6.0,0.0,27.0
2022.974328396842,86.0,6.0,2.0,6.0,0.0,27.0
2022.9750260712608,86.0,6.0,2.0,6.0,0.0,27.0
2023.2750260712608,86.0,6.0,2.0,6.0,0.0,27.0
2023.2757237456794,86.0,6.0,2.0,6.0,0.0,27.0
2023.5757237456794,86.0,6.0,2.0,6.0,0.0,27.0
2023.576421420098,86.0,6.0,2.0,6.0,0.0,27.0
2023.876421420098,86.0,6.0,2.0,6.0,0.0,27.0
2023.8771190945167,86.0,6.0,2.0,6.0,0.0,27.0
2024.1771190945167,86.0,6.0,2.0,6.0,0.0,27.0
2024.1778167689354,86.0,6.0,2.0,6.0,0.0,27.0
2024.4778167689353,86.0,6.0,2.0,6.0,0.0,27.0
2024.478514443354,86.0,6.0,2.0,6.0,0.0,27.0
2024.778514443354,86.0,6.0,2.0,6.0,0.0,27.0
2024.7792121177727,86.0,6.0,2.0,6.0,0.0,27.0
2025.0792121177726,86.0,6.0,2.0,6.0,0.0,27.0
2025.0799097921913,86.0,6.0,2.0,6.0,0.0,27.0
2025.3799097921913,86.0,6.0,2.0,6.0,0.0,27.0
2025.38060746661,86.0,6.0,2.0,6.0,0.0,27.0
2025.68060746661,86.0,6.0,2.0,6.0,0.0,27.0
2025.6813051410286,86.0,6.0,2.0,6.0,0.0,27.0
2025.9813051410285,86.0,6.0,2.0,6.0,0.0,27.0
2025.9820028154472,86.0,6.0,2.0,6.0,0.0,27.0
2026.2820028154472,86.0,6.0,2.0,6.0,0.0,27.0
2026.2827004898659,86.0,6.0,2.0,6.0,0.0,27.0
2026.5827004898658,86.0,6.0,2.0,6.0,0.0,27.0
2026.5833981642845,86.0,6.0,2.0,6.0,0.0,27.0
2026.8833981642845,86.0,6.0,2.0,6.0,0.0,27.0
2026.8840958387032,86.0,6.0,2.0,6.0,0.0,27.0
2027.1840958387031,86.0,6.0,2.0,6.0,0.0,27.0
2027.1847935131218,86.0,6.0,2.0,6.0,0.0,27.0
2027.4847935131218,86.0,6.0,2.0,6.0,0.0,27.0
2027.4854911875404,86.0,6.0,2.0,6.0,0.0,27.0
2027.7854911875404,86.0,6.0,2.0,6.0,0.0,27.0
2027.786188861959,86.0,6.0,2.0,6.0,0.0,27.0
2028.086188861959,86.0,6.0,2.0,6.0,0.0,27.0
2028.0868865363777,86.0,6.0,2.0,6.0,0.0,27.0
2028.3868865363777,86.0,6.0,2.0,6.0,0.0,27.0
2028.3875842107964,86.0,6.0,2.0,6.0,0.0,27.0
2028.6875842107963,86.0,6.0,2.0,6.0,0.0,27.0
2028.688281885215,86.0,6.0,2.0,6.0,0.0,27.0
2028.988281885215,86.0,6.0,2.0,6.0,0.0,27.0
2028.9889795596337,86.0,6.0,2.0,6.0,0.0,27.0
2029.2889795596336,86.0,6.0,2.0,6.0,0.0,27.0
2029.2896772340523,86.0,6.0,2.0,6.0,0.0,27.0
2029.5896772340523,86.0,6.0,2.0,6.0,0.0,27.0
2029.590374908471,86.0,6.0,2.0,6.0,0.0,27.0
2029.890374908471,86.0,6.0,2.0,6.0,0.0,27.0
2029.8910725828896,86.0,6.0,2.0,6.0,0.0,27.0
2030.1910725828895,86.0,6.0,2.0,6.0,0.0,27.0
2030.1917702573082,86.0,6.0,2.0,6.0,0.0,27.0
2030.4917702573082,86.0,6.0,2.0,6.0,0.0,27.0
2030.4924679317269,86.0,6.0,2.0,6.0,0.0,27.0
2030.7924679317268,86.0,6.0,2.0,6.0,0.0,27.0
2030.7931656061455,86.0,6.0,2.0,6.0,0.0,27.0
2031.0931656061455,86.0,6.0,2.0,6.0,0.0,27.0
2031.0938632805642,85.0,6.0,2.0,6.0,0.0,27.0
2031.3938632805641,85.0,6.0,2.0,6.0,0.0,27.0
2031.3945691629172,85.0,6.0,2.0,6.0,0.0,27.0
2031.694569162917,85.0,6.0,2.0,6.0,0.0,27.0
2031.6952750452701,85.0,6.0,2.0,6.0,0.0,27.0
2031.99527504527,85.0,6.0,2.0,6.0,0.0,27.0
2031.9959809276231,85.0,6.0,2.0,6.0,0.0,27.0
2032.295980927623,85.0,6.0,2.0,6.0,0.0,27.0
2032.296686809976,85.0,6.0,2.0,6.0,0.0,27.0
2032.596686809976,85.0,6.0,2.0,6.0,0.0,27.0
2032.597392692329,85.0,6.0,2.0,6.0,0.0,27.0
2032.897392692329,85.0,6.0,2.0,6.0,0.0,27.0
2032.898098574682,85.0,6.0,2.0,6.0,0.0,27.0
2033.198098574682,85.0,6.0,2.0,6.0,0.0,27.0
2033.198804457035,85.0,6.0,2.0,6.0,0.0,27.0
2033.498804457035,85.0,6.0,2.0,6.0,0.0,27.0
2033.499510339388,85.0,6.0,2.0,6.0,0.0,27.0
2033.799510339388,85.0,6.0,2.0,6.0,0.0,27.0
2033.800216221741,85.0,6.0,2.0,6.0,0.0,27.0
2034.100216221741,85.0,6.0,2.0,6.0,0.0,27.0
2034.100922104094,85.0,6.0,2.0,11.0,0.0,27.0
2034.400922104094,85.0,6.0,2.0,11.0,0.0,27.0
2034.4014179718627,85.0,6.0,2.0,11.0,0.0,27.0
2034.7014179718626,85.0,6.0,2.0,11.0,0.0,27.0
2034.7019138396313,85.0,6.0,2.0,11.0,0.0,27.0
2035.0019138396312,85.0,6.0,2.0,11.0,0.0,27.0
2035.0024097074,85.0,6.0,2.0,11.0,0.0,27.0
2035.3024097073999,85.0,6.0,2.0,11.0,0.0,27.0
2035.3029055751686,85.0,6.0,2.0,11.0,0.0,27.0
2035.6029055751685,85.0,6.0,2.0,11.0,0.0,27.0
2035.6034014429372,85.0,6.0,2.0,11.0,0.0,27.0
2035.9034014429371,85.0,6.0,2.0,11.0,0.0,27.0
2035.9038973107058,85.0,6.0,2.0,11.0,0.0,27.0
2036.2038973107058,85.0,6.0,2.0,11.0,0.0,27.0
2036.2043931784744,85.0,6.0,2.0,11.0,0.0,27.0
2036.5043931784744,85.0,6.0,2.0,11.0,0.0,27.0
2036.504889046243,85.0,6.0,2.0,11.0,0.0,27.0
2036.804889046243,85.0,6.0,2.0,11.0,0.0,27.0
2036.8053849140117,85.0,6.0,2.0,11.0,0.0,27.0
2037.1053849140117,85.0,6.0,2.0,11.0,0.0,27.0
2037.1058807817803,85.0,6.0,2.0,11.0,0.0,27.0
2037.4058807817803,85.0,6.0,2.0,11.0,0.0,27.0
2037.406376649549,85.0,6.0,2.0,11.0,0.0,27.0
2037.706376649549,85.0,6.0,2.0,11.0,0.0,27.0
2037.7068725173176,85.0,6.0,2.0,11.0,0.0,27.0
2038.0068725173176,85.0,6.0,2.0,11.0,0.0,27.0
2038.0073683850862,85.0,6.0,2.0,11.0,0.0,27.0
2038.3073683850862,85.0,6.0,2.0,11.0,0.0,27.0
2038.3078642528549,85.0,6.0,2.0,11.0,0.0,27.0
2038.6078642528548,85.0,6.0,2.0,11.0,0.0,27.0
2038.6083601206235,85.0,6.0,2.0,11.0,0.0,27.0
2038.9083601206235,85.0,6.0,2.0,11.0,0.0,27.0
2038.9088559883921,85.0,6.0,2.0,11.0,0.0,27.0
2039.208855988392,85.0,6.0,2.0,11.0,0.0,27.0
2039.2093518561608,85.0,6.0,2.0,11.0,0.0,27.0
2039.5093518561607,85.0,6.0,2.0,11.0,0.0,27.0
2039.5098477239294,85.0,6.0,2.0,11.0,0.0,27.0
2039.8098477239294,85.0,6.0,2.0,11.0,0.0,27.0
2039.810343591698,85.0,6.0,2.0,11.0,0.0,27.0
2040.110343591698,85.0,6.0,2.0,11.0,0.0,27.0
2040.1108394594667,85.0,6.0,2.0,11.0,0.0,27.0
2040.4108394594666,85.0,6.0,2.0,11.0,0.0,27.0
2040.4113353272353,85.0,6.0,2.0,11.0,0.0,27.0
2040.7113353272352,85.0,6.0,2.0,11.0,0.0,27.0
2040.711831195004,85.0,6.0,2.0,11.0,0.0,27.0
2041.0118311950039,85.0,6.0,2.0,11.0,0.0,27.0
2041.0123270627726,85.0,6.0,2.0,11.0,0.0,27.0
2041.3123270627725,85.0,6.0,2.0,11.0,0.0,27.0
2041.3128229305412,85.0,6.0,2.0,11.0,0.0,27.0
2041.6128229305411,85.0,6.0,2.0,11.0,0.0,27.0
2041.6133187983098,85.0,6.0,2.0,11.0,0.0,27.0
2041.9133187983098,85.0,6.0,2.0,11.0,0.0,27.0
2041.9138146660785,85.0,6.0,2.0,11.0,0.0,27.0
2042.2138146660784,85.0,6.0,2.0,11.0,0.0,27.0
2042.214310533847,85.0,6.0,2.0,11.0,0.0,27.0
2042.514310533847,85.0,6.0,2.0,11.0,0.0,27.0
2042.5148064016157,85.0,6.0,2.0,11.0,0.0,27.0
2042.8148064016157,85.0,6.0,2.0,11.0,0.0,27.0
2042.8153022693843,85.0,6.0,2.0,11.0,0.0,27.0
2043.1153022693843,85.0,6.0,2.0,11.0,0.0,27.0
2043.115798137153,85.0,6.0,2.0,11.0,0.0,27.0
2043.415798137153,85.0,6.0,2.0,11.0,0.0,27.0
2043.4162940049216,85.0,6.0,2.0,11.0,0.0,27.0
2043.7162940049216,85.0,6.0,2.0,11.0,0.0,27.0
2043.7167898726902,85.0,6.0,2.0,11.0,0.0,27.0
2044.0167898726902,85.0,6.0,2.0,11.0,0.0,27.0
2044.0172857404589,85.0,6.0,2.0,11.0,0.0,27.0
2044.3172857404588,85.0,6.0,2.0,11.0,0.0,27.0
2044.3177816082275,85.0,6.0,2.0,11.0,0.0,27.0
2044.6177816082275,85.0,6.0,2.0,11.0,0.0,27.0
2044.6182774759961,85.0,6.0,2.0,11.0,0.0,27.0
2044.918277475996,85.0,6.0,2.0,11.0,0.0,27.0
2044.9187733437648,85.0,6.0,2.0,11.0,0.0,27.0
2045.2187733437647,85.0,6.0,2.0,11.0,0.0,27.0
2045.2192692115334,85.0,6.0,2.0,11.0,0.0,27.0
2045.5192692115334,85.0,6.0,2.0,11.0,0.0,27.0
2045.519765079302,85.0,6.0,2.0,11.0,0.0,27.0
2045.819765079302,85.0,6.0,2.0,11.0,0.0,27.0
2045.8202609470707,85.0,6.0,2.0,11.0,0.0,27.0
2046.1202609470706,85.0,6.0,2.0,11.0,0.0,27.0
2046.1207568148393,85.0,6.0,2.0,11.0,0.0,27.0
2046.4207568148393,85.0,6.0,2.0,11.0,0.0,27.0
2046.421252682608,85.0,6.0,2.0,11.0,0.0,27.0
2046.7212526826079,85.0,6.0,2.0,11.0,0.0,27.0
2046.7217485503766,85.0,6.0,2.0,11.0,0.0,27.0
2047.0217485503765,85.0,6.0,2.0,11.0,0.0,27.0
2047.0222444181452,85.0,6.0,2.0,11.0,0.0,27.0
2047.3222444181451,85.0,6.0,2.0,11.0,0.0,27.0
2047.3227402859138,85.0,6.0,2.0,11.0,0.0,27.0
2047.6227402859138,85.0,6.0,2.0,11.0,0.0,27.0
2047.6232361536825,85.0,6.0,2.0,11.0,0.0,27.0
2047.9232361536824,85.0,6.0,2.0,11.0,0.0,27.0
2047.923732021451,85.0,6.0,2.0,9.0,0.0,28.0
2048.2237320214513,85.0,6.0,2.0,9.0,0.0,28.0
2048.2244379038043,85.0,6.0,2.0,9.0,0.0,28.0
2048.5244379038045,85.0,6.0,2.0,9.0,0.0,28.0
2048.5251437861575,85.0,6.0,2.0,9.0,0.0,28.0
2048.8251437861577,85.0,6.0,2.0,9.0,0.0,28.0
2048.8258496685107,85.0,6.0,2.0,9.0,0.0,28.0
2049.125849668511,85.0,6.0,2.0,9.0,0.0,28.0
2049.126555550864,85.0,6.0,2.0,9.0,0.0,28.0
2049.426555550864,85.0,6.0,2.0,9.0,0.0,28.0
2049.427261433217,85.0,6.0,2.0,9.0,0.0,28.0
2049.7272614332173,85.0,6.0,2.0,9.0,0.0,28.0
2049.7279673155704,85.0,6.0,2.0,9.0,0.0,28.0
2050.0279673155705,85.0,6.0,2.0,9.0,0.0,28.0
2050.0286731979236,85.0,6.0,2.0,9.0,0.0,28.0
2050.3286731979238,85.0,6.0,2.0,9.0,0.0,28.0
2050.329379080277,85.0,6.0,2.0,9.0,0.0,28.0
2050.629379080277,85.0,6.0,2.0,9.0,0.0,28.0
2050.63008496263,85.0,6.0,2.0,9.0,0.0,28.0
2050.93008496263,85.0,6.0,2.0,9.0,0.0,28.0
2050.930790844983,85.0,6.0,2.0,9.0,0.0,28.0
2051.2307908449834,85.0,6.0,2.0,9.0,0.0,28.0
2051.2314967273364,85.0,6.0,2.0,9.0,0.0,28.0
2051.5314967273366,85.0,6.0,2.0,9.0,0.0,28.0
2051.5322026096896,85.0,6.0,2.0,9.0,0.0,28.0
2051.83220260969,85.0,6.0,2.0,9.0,0.0,28.0
2051.832908492043,85.0,6.0,2.0,9.0,0.0,28.0
2052.132908492043,85.0,6.0,2.0,9.0,0.0,28.0
2052.133614374396,85.0,6.0,2.0,9.0,0.0,28.0
2052.4336143743963,85.0,6.0,2.0,9.0,0.0,28.0
2052.4343202567493,85.0,6.0,2.0,9.0,0.0,28.0
2052.7343202567495,85.0,6.0,2.0,9.0,0.0,28.0
2052.7350261391025,85.0,6.0,2.0,9.0,0.0,28.0
2053.0350261391027,85.0,6.0,2.0,9.0,0.0,28.0
2053.0357320214557,85.0,6.0,2.0,9.0,0.0,28.0
2053.335732021456,85.0,6.0,2.0,9.0,0.0,28.0
2053.336437903809,85.0,6.0,2.0,9.0,0.0,28.0
2053.636437903809,85.0,6.0,2.0,9.0,0.0,28.0
2053.637143786162,85.0,6.0,2.0,9.0,0.0,28.0
2053.9371437861623,85.0,6.0,2.0,9.0,0.0,28.0
2053.9378496685154,85.0,6.0,2.0,9.0,0.0,28.0
2054.2378496685155,85.0,6.0,2.0,9.0,0.0,28.0
2054.2385555508686,85.0,6.0,2.0,9.0,0.0,28.0
2054.5385555508688,85.0,6.0,2.0,9.0,0.0,28.0
2054.539261433222,85.0,6.0,2.0,9.0,0.0,28.0
2054.839261433222,85.0,6.0,2.0,9.0,0.0,28.0
2054.839967315575,84.0,6.0,2.0,9.0,0.0,28.0
2055.139967315575,84.0,6.0,2.0,9.0,0.0,28.0
2055.1406816012895,84.0,6.0,2.0,9.0,0.0,28.0
2055.4406816012897,84.0,6.0,2.0,9.0,0.0,28.0
2055.441395887004,84.0,6.0,2.0,9.0,0.0,28.0
2055.7413958870043,84.0,6.0,2.0,9.0,0.0,28.0
2055.7421101727186,84.0,6.0,2.0,9.0,0.0,28.0
2056.042110172719,84.0,6.0,2.0,9.0,0.0,28.0
2056.042824458433,84.0,6.0,2.0,9.0,0.0,28.0
2056.3428244584334,84.0,6.0,2.0,9.0,0.0,28.0
2056.3435387441477,84.0,6.0,2.0,9.0,0.0,28.0
2056.643538744148,84.0,6.0,2.0,9.0,0.0,28.0
2056.6442530298623,84.0,6.0,2.0,9.0,0.0,28.0
2056.9442530298625,84.0,6.0,2.0,9.0,0.0,28.0
2056.944967315577,84.0,6.0,2.0,9.0,0.0,28.0
2057.244967315577,84.0,6.0,2.0,9.0,0.0,28.0
2057.2456816012914,84.0,6.0,2.0,9.0,0.0,28.0
2057.5456816012916,84.0,6.0,2.0,9.0,0.0,28.0
2057.546395887006,84.0,6.0,2.0,9.0,0.0,28.0
2057.846395887006,84.0,6.0,2.0,9.0,0.0,28.0
2057.8471101727205,84.0,6.0,2.0,9.0,0.0,28.0
2058.1471101727207,84.0,6.0,2.0,9.0,0.0,28.0
2058.147824458435,84.0,6.0,2.0,9.0,0.0,28.0
2058.447824458435,84.0,6.0,2.0,9.0,0.0,28.0
2058.4485387441496,84.0,6.0,2.0,9.0,0.0,28.0
2058.7485387441498,84.0,6.0,2.0,9.0,0.0,28.0
2058.749253029864,84.0,6.0,2.0,9.0,0.0,28.0
2059.0492530298643,84.0,6.0,2.0,9.0,0.0,28.0
2059.0499673155787,84.0,6.0,2.0,9.0,0.0,28.0
2059.349967315579,84.0,6.0,2.0,9.0,0.0,28.0
2059.350681601293,84.0,6.0,2.0,9.0,0.0,28.0
2059.6506816012934,84.0,6.0,2.0,9.0,0.0,28.0
2059.6513958870078,84.0,6.0,2.0,9.0,0.0,28.0
2059.951395887008,84.0,6.0,2.0,9.0,0.0,28.0
2059.9521101727223,84.0,6.0,2.0,7.0,0.0,29.0
2060.2521101727225,84.0,6.0,2.0,7.0,0.0,29.0
2060.252824458437,84.0,6.0,2.0,7.0,0.0,29.0
2060.552824458437,84.0,6.0,2.0,7.0,0.0,29.0
2060.5535387441514,84.0,6.0,2.0,5.0,0.0,30.0
2060.8535387441516,84.0,6.0,2.0,5.0,0.0,30.0
2060.854253029866,84.0,6.0,2.0,5.0,0.0,30.0
2061.154253029866,84.0,6.0,2.0,5.0,0.0,30.0
2061.1549673155805,84.0,6.0,2.0,5.0,0.0,30.0
2061.4549673155807,84.0,6.0,2.0,5.0,0.0,30.0
2061.455681601295,84.0,6.0,2.0,5.0,0.0,30.0
2061.7556816012952,84.0,6.0,2.0,5.0,0.0,30.0
2061.7563958870096,84.0,6.0,2.0,5.0,0.0,30.0
2062.05639588701,84.0,6.0,2.0,5.0,0.0,30.0
2062.057110172724,84.0,6.0,2.0,5.0,0.0,30.0
2062.3571101727243,84.0,6.0,2.0,5.0,0.0,30.0
2062.3578244584387,84.0,6.0,2.0,5.0,0.0,30.0
2062.657824458439,84.0,6.0,2.0,5.0,0.0,30.0
2062.6585387441532,84.0,6.0,2.0,5.0,0.0,30.0
2062.9585387441534,84.0,6.0,2.0,5.0,0.0,30.0
2062.959253029868,84.0,6.0,2.0,5.0,0.0,30.0
2063.259253029868,84.0,6.0,2.0,5.0,0.0,30.0
2063.2599673155823,84.0,6.0,2.0,5.0,0.0,30.0
2063.5599673155825,84.0,6.0,2.0,5.0,0.0,30.0
2063.560681601297,84.0,6.0,2.0,5.0,0.0,30.0
2063.860681601297,84.0,6.0,2.0,5.0,0.0,30.0
2063.8613958870114,84.0,6.0,2.0,5.0,0.0,30.0
2064.1613958870116,84.0,6.0,2.0,5.0,0.0,30.0
2064.162110172726,84.0,6.0,2.0,5.0,0.0,30.0
2064.462110172726,84.0,6.0,2.0,5.0,0.0,30.0
2064.4628244584405,84.0,6.0,2.0,5.0,0.0,30.0
2064.7628244584407,84.0,6.0,2.0,5.0,0.0,30.0
2064.763538744155,84.0,6.0,2.0,5.0,0.0,30.0
2065.0635387441553,84.0,6.0,2.0,5.0,0.0,30.0
2065.0642530298696,84.0,6.0,2.0,5.0,0.0,30.0
2065.36425302987,84.0,6.0,2.0,5.0,0.0,30.0
2065.364967315584,84.0,6.0,2.0,5.0,0.0,30.0
2065.6649673155844,84.0,6.0,2.0,5.0,0.0,30.0
2065.6656816012987,84.0,6.0,2.0,5.0,0.0,30.0
2065.965681601299,84.0,6.0,2.0,5.0,0.0,30.0
2065.9663958870133,84.0,6.0,2.0,5.0,0.0,30.0
2066.2663958870135,84.0,6.0,2.0,5.0,0.0,30.0
2066.267110172728,84.0,6.0,2.0,5.0,0.0,30.0
2066.567110172728,84.0,6.0,2.0,5.0,0.0,30.0
2066.5678244584424,84.0,6.0,2.0,5.0,0.0,30.0
2066.8678244584426,84.0,6.0,2.0,5.0,0.0,30.0
2066.868538744157,84.0,6.0,2.0,5.0,0.0,30.0
2067.168538744157,84.0,6.0,2.0,5.0,0.0,30.0
2067.1692530298715,84.0,6.0,2.0,5.0,0.0,30.0
2067.4692530298717,84.0,6.0,2.0,5.0,0.0,30.0
2067.469967315586,84.0,6.0,2.0,5.0,0.0,30.0
2067.769967315586,84.0,6.0,2.0,5.0,0.0,30.0
2067.7706816013006,84.0,6.0,2.0,5.0,0.0,30.0
2068.0706816013007,84.0,6.0,2.0,5.0,0.0,30.0
2068.071395887015,84.0,6.0,2.0,5.0,0.0,30.0
2068.3713958870153,84.0,6.0,2.0,5.0,0.0,30.0
2068.3721101727297,84.0,6.0,2.0,5.0,0.0,30.0
2068.67211017273,84.0,6.0,2.0,5.0,0.0,30.0
2068.672824458444,84.0,6.0,2.0,5.0,0.0,30.0
2068.9728244584444,84.0,6.0,2.0,5.0,0.0,30.0
2068.9735387441588,84.0,6.0,2.0,5.0,0.0,30.0
2069.273538744159,84.0,6.0,2.0,5.0,0.0,30.0
2069.2742530298733,84.0,6.0,2.0,5.0,0.0,30.0
2069.5742530298735,84.0,6.0,2.0,5.0,0.0,30.0
2069.574967315588,84.0,6.0,2.0,5.0,0.0,30.0
2069.874967315588,84.0,6.0,2.0,5.0,0.0,30.0
2069.8756816013024,84.0,6.0,2.0,5.0,0.0,30.0
2070.1756816013026,84.0,6.0,2.0,5.0,0.0,30.0
2070.176395887017,84.0,6.0,2.0,5.0,0.0,30.0
2070.476395887017,84.0,6.0,2.0,5.0,0.0,30.0
2070.4771101727315,84.0,6.0,2.0,5.0,0.0,29.0
2070.7771101727317,84.0,6.0,2.0,5.0,0.0,29.0
2070.777824458446,84.0,6.0,2.0,5.0,0.0,29.0
2071.0778244584462,84.0,6.0,2.0,5.0,0.0,29.0
2071.0785387441606,84.0,6.0,2.0,5.0,0.0,29.0
2071.378538744161,84.0,6.0,2.0,5.0,0.0,29.0
2071.379253029875,84.0,6.0,2.0,5.0,0.0,29.0
2071.6792530298753,84.0,6.0,2.0,5.0,0.0,29.0
2071.6799673155897,84.0,6.0,2.0,5.0,0.0,29.0
2071.97996731559,84.0,6.0,2.0,5.0,0.0,29.0
2071.9806816013042,84.0,6.0,2.0,5.0,0.0,29.0
2072.2806816013044,84.0,6.0,2.0,5.0,0.0,29.0
2072.281395887019,84.0,6.0,2.0,5.0,0.0,29.0
2072.581395887019,84.0,6.0,2.0,5.0,0.0,29.0
2072.5821101727333,84.0,6.0,2.0,5.0,0.0,29.0
2072.8821101727335,84.0,6.0,2.0,5.0,0.0,29.0
2072.882824458448,84.0,6.0,2.0,5.0,0.0,29.0
2073.182824458448,84.0,6.0,2.0,5.0,0.0,29.0
2073.1835387441624,84.0,6.0,2.0,5.0,0.0,29.0
2073.4835387441626,84.0,6.0,2.0,5.0,0.0,29.0
2073.484253029877,84.0,6.0,2.0,5.0,0.0,29.0
2073.784253029877,84.0,6.0,2.0,5.0,0.0,29.0
2073.7849673155915,84.0,6.0,2.0,10.0,0.0,29.0
2074.0849673155917,84.0,6.0,2.0,10.0,0.0,29.0
2074.0855673155916,84.0,6.0,2.0,10.0,0.0,29.0
2074.3855673155917,84.0,6.0,2.0,10.0,0.0,29.0
2074.3861673155916,84.0,6.0,2.0,10.0,0.0,29.0
2074.686167315592,84.0,6.0,2.0,10.0,0.0,29.0
2074.6867673155916,84.0,6.0,2.0,10.0,0.0,29.0
2074.986767315592,84.0,6.0,2.0,10.0,0.0,29.0
2074.9873673155917,84.0,6.0,2.0,10.0,0.0,29.0
2075.287367315592,84.0,6.0,2.0,10.0,0.0,29.0
2075.2879673155917,84.0,6.0,2.0,10.0,0.0,29.0
2075.587967315592,84.0,6.0,2.0,10.0,0.0,29.0
2075.5885673155917,84.0,6.0,2.0,10.0,0.0,29.0
2075.888567315592,84.0,6.0,2.0,10.0,0.0,29.0
2075.8891673155917,84.0,6.0,2.0,10.0,0.0,29.0
2076.189167315592,84.0,6.0,2.0,10.0,0.0,29.0
2076.189767315592,84.0,6.0,2.0,10.0,0.0,29.0
2076.489767315592,84.0,6.0,2.0,10.0,0.0,29.0
2076.490367315592,84.0,6.0,2.0,10.0,0.0,29.0
2076.790367315592,84.0,6.0,2.0,10.0,0.0,29.0
2076.790967315592,84.0,6.0,2.0,10.0,0.0,29.0
2077.090967315592,84.0,6.0,2.0,10.0,0.0,29.0
2077.091567315592,84.0,6.0,2.0,10.0,0.0,29.0
2077.391567315592,84.0,6.0,2.0,10.0,0.0,29.0
2077.392167315592,84.0,6.0,2.0,10.0,0.0,29.0
2077.692167315592,84.0,6.0,2.0,10.0,0.0,29.0
2077.692767315592,84.0,6.0,2.0,10.0,0.0,29.0
2077.992767315592,84.0,6.0,2.0,10.0,0.0,29.0
2077.993367315592,84.0,6.0,2.0,10.0,0.0,29.0
2078.293367315592,84.0,6.0,2.0,10.0,0.0,29.0
2078.293967315592,84.0,6.0,2.0,10.0,0.0,29.0
2078.593967315592,84.0,6.0,2.0,10.0,0.0,29.0
2078.594567315592,84.0,6.0,2.0,10.0,0.0,29.0
2078.894567315592,84.0,6.0,2.0,10.0,0.0,29.0
2078.895167315592,84.0,6.0,2.0,10.0,0.0,29.0
2079.1951673155922,84.0,6.0,2.0,10.0,0.0,29.0
2079.195767315592,84.0,6.0,2.0,10.0,0.0,29.0
2079.4957673155923,84.0,6.0,2.0,10.0,0.0,29.0
2079.496367315592,84.0,6.0,2.0,10.0,0.0,29.0
2079.7963673155923,84.0,6.0,2.0,10.0,0.0,29.0
2079.796967315592,84.0,6.0,2.0,10.0,0.0,29.0
2080.0969673155923,84.0,6.0,2.0,10.0,0.0,29.0
2080.097567315592,84.0,6.0,2.0,10.0,0.0,29.0
2080.3975673155924,84.0,6.0,2.0,10.0,0.0,29.0
2080.398167315592,84.0,6.0,2.0,10.0,0.0,29.0
2080.6981673155924,84.0,6.0,2.0,10.0,0.0,29.0
2080.6987673155922,84.0,6.0,2.0,10.0,0.0,29.0
2080.9987673155924,84.0,6.0,2.0,10.0,0.0,29.0
2080.9993673155923,84.0,6.0,2.0,10.0,0.0,29.0
2081.2993673155925,84.0,6.0,2.0,10.0,0.0,29.0
2081.2999673155923,84.0,6.0,2.0,10.0,0.0,29.0
2081.5999673155925,84.0,6.0,2.0,10.0,0.0,29.0
2081.6005673155923,84.0,6.0,2.0,10.0,0.0,29.0
2081.9005673155925,84.0,6.0,2.0,10.0,0.0,29.0
2081.9011673155924,84.0,6.0,2.0,10.0,0.0,29.0
2082.2011673155926,84.0,6.0,2.0,10.0,0.0,29.0
2082.2017673155924,84.0,6.0,2.0,10.0,0.0,29.0
2082.5017673155926,84.0,6.0,2.0,10.0,0.0,29.0
2082.5023673155924,84.0,6.0,2.0,10.0,0.0,29.0
2082.8023673155926,84.0,6.0,2.0,10.0,0.0,29.0
2082.8029673155925,84.0,6.0,2.0,10.0,0.0,29.0
2083.1029673155927,84.0,6.0,2.0,10.0,0.0,29.0
2083.1035673155925,84.0,6.0,2.0,10.0,0.0,29.0
2083.4035673155927,84.0,6.0,2.0,10.0,0.0,29.0
2083.4041673155925,84.0,6.0,2.0,10.0,0.0,29.0
2083.7041673155927,84.0,6.0,2.0,10.0,0.0,29.0
2083.7047673155926,84.0,6.0,2.0,10.0,0.0,29.0
2084.0047673155927,84.0,6.0,2.0,10.0,0.0,29.0
2084.0053673155926,84.0,6.0,2.0,10.0,0.0,29.0
2084.305367315593,84.0,6.0,2.0,10.0,0.0,29.0
2084.3059673155926,84.0,6.0,2.0,10.0,0.0,29.0
2084.605967315593,84.0,6.0,2.0,10.0,0.0,29.0
2084.6065673155927,84.0,6.0,2.0,10.0,0.0,29.0
2084.906567315593,84.0,6.0,2.0,10.0,0.0,29.0
2084.9071673155927,84.0,6.0,2.0,10.0,0.0,29.0
2085.207167315593,84.0,6.0,2.0,10.0,0.0,29.0
2085.2077673155927,84.0,6.0,2.0,10.0,0.0,29.0
2085.507767315593,84.0,6.0,2.0,10.0,0.0,29.0
2085.5083673155927,84.0,6.0,2.0,10.0,0.0,29.0
2085.808367315593,84.0,6.0,2.0,10.0,0.0,29.0
2085.808967315593,84.0,6.0,2.0,10.0,0.0,29.0
2086.108967315593,84.0,6.0,2.0,10.0,0.0,29.0
2086.109567315593,84.0,6.0,2.0,10.0,0.0,29.0
2086.409567315593,84.0,6.0,2.0,10.0,0.0,29.0
2086.410167315593,84.0,6.0,2.0,10.0,0.0,29.0
2086.710167315593,84.0,6.0,2.0,10.0,0.0,29.0
2086.710767315593,84.0,6.0,2.0,10.0,0.0,29.0
2087.010767315593,84.0,6.0,2.0,10.0,0.0,29.0
2087.011367315593,84.0,6.0,2.0,10.0,0.0,29.0
2087.311367315593,84.0,6.0,2.0,10.0,0.0,29.0
2087.311967315593,84.0,6.0,2.0,10.0,0.0,29.0
2087.611967315593,84.0,6.0,2.0,10.0,0.0,29.0
2087.612567315593,84.0,6.0,2.0,10.0,0.0,29.0
2087.912567315593,84.0,6.0,2.0,10.0,0.0,29.0
2087.913167315593,84.0,6.0,2.0,10.0,0.0,29.0
2088.213167315593,84.0,6.0,2.0,10.0,0.0,29.0
2088.213767315593,84.0,6.0,2.0,10.0,0.0,29.0
2088.513767315593,84.0,6.0,2.0,10.0,0.0,29.0
2088.514367315593,84.0,6.0,2.0,8.0,0.0,30.0
2088.8143673155932,84.0,6.0,2.0,8.0,0.0,30.0
2088.8150816013076,84.0,6.0,2.0,8.0,0.0,30.0
2089.115081601308,84.0,6.0,2.0,8.0,0.0,30.0
2089.115795887022,84.0,6.0,2.0,8.0,0.0,30.0
2089.4157958870223,84.0,6.0,2.0,8.0,0.0,30.0
2089.4165101727367,84.0,6.0,2.0,8.0,0.0,30.0
2089.716510172737,84.0,6.0,2.0,8.0,0.0,30.0
2089.7172244584513,84.0,6.0,2.0,8.0,0.0,30.0
2090.0172244584514,84.0,6.0,2.0,8.0,0.0,30.0
2090.017938744166,84.0,6.0,2.0,8.0,0.0,30.0
2090.317938744166,84.0,6.0,2.0,8.0,0.0,30.0
2090.3186530298804,84.0,6.0,2.0,8.0,0.0,30.0
2090.6186530298805,84.0,6.0,2.0,8.0,0.0,30.0
2090.619367315595,84.0,6.0,2.0,8.0,0.0,30.0
2090.919367315595,84.0,6.0,2.0,8.0,0.0,30.0
2090.9200816013094,84.0,6.0,2.0,8.0,0.0,30.0
2091.2200816013096,84.0,6.0,2.0,8.0,0.0,30.0
2091.220795887024,84.0,6.0,2.0,8.0,0.0,30.0
2091.520795887024,84.0,6.0,2.0,8.0,0.0,30.0
2091.5215101727385,84.0,6.0,2.0,8.0,0.0,30.0
2091.8215101727387,84.0,6.0,2.0,8.0,0.0,30.0
2091.822224458453,84.0,6.0,2.0,8.0,0.0,30.0
2092.1222244584533,84.0,6.0,2.0,8.0,0.0,30.0
2092.1229387441676,84.0,6.0,2.0,8.0,0.0,30.0
2092.422938744168,84.0,6.0,2.0,8.0,0.0,30.0
2092.423653029882,84.0,6.0,2.0,8.0,0.0,30.0
2092.7236530298824,84.0,6.0,2.0,8.0,0.0,30.0
2092.7243673155967,84.0,6.0,2.0,8.0,0.0,30.0
2093.024367315597,84.0,6.0,2.0,8.0,0.0,30.0
2093.0250816013113,84.0,6.0,2.0,8.0,0.0,30.0
2093.3250816013115,84.0,6.0,2.0,8.0,0.0,30.0
2093.325795887026,84.0,6.0,2.0,8.0,0.0,30.0
2093.625795887026,84.0,6.0,2.0,8.0,0.0,30.0
2093.6265101727404,84.0,6.0,2.0,8.0,0.0,30.0
2093.9265101727406,84.0,6.0,2.0,8.0,0.0,30.0
2093.927224458455,84.0,6.0,2.0,8.0,0.0,30.0
2094.227224458455,84.0,6.0,2.0,8.0,0.0,30.0
2094.2279387441695,84.0,6.0,2.0,8.0,0.0,30.0
2094.5279387441697,84.0,6.0,2.0,8.0,0.0,30.0
2094.528653029884,84.0,6.0,2.0,8.0,0.0,30.0
2094.828653029884,84.0,6.0,2.0,8.0,0.0,30.0
2094.8293673155986,84.0,6.0,2.0,8.0,0.0,30.0
2095.1293673155988,84.0,6.0,2.0,8.0,0.0,30.0
2095.130081601313,84.0,6.0,2.0,8.0,0.0,30.0
2095.4300816013133,84.0,6.0,2.0,8.0,0.0,30.0
2095.4307958870277,84.0,6.0,2.0,8.0,0.0,30.0
2095.730795887028,84.0,6.0,2.0,8.0,0.0,30.0
2095.731510172742,83.0,6.0,2.0,8.0,0.0,30.0
2096.0315101727424,83.0,6.0,2.0,8.0,0.0,30.0
2096.0322330643085,83.0,6.0,2.0,8.0,0.0,30.0
2096.3322330643086,83.0,6.0,2.0,8.0,0.0,30.0
2096.3329559558747,83.0,6.0,2.0,8.0,0.0,30.0
2096.632955955875,83.0,6.0,2.0,8.0,0.0,30.0
2096.633678847441,83.0,6.0,2.0,8.0,0.0,30.0
2096.933678847441,83.0,6.0,2.0,8.0,0.0,30.0
2096.934401739007,83.0,6.0,2.0,8.0,0.0,30.0
2097.2344017390074,83.0,6.0,2.0,8.0,0.0,30.0
2097.2351246305734,83.0,6.0,2.0,8.0,0.0,30.0
2097.5351246305736,83.0,6.0,2.0,8.0,0.0,30.0
2097.5358475221396,83.0,6.0,2.0,8.0,0.0,30.0
2097.83584752214,83.0,6.0,2.0,8.0,0.0,30.0
2097.836570413706,83.0,6.0,2.0,8.0,0.0,30.0
2098.136570413706,83.0,6.0,2.0,8.0,0.0,30.0
2098.137293305272,83.0,6.0,2.0,8.0,0.0,30.0
2098.4372933052723,83.0,6.0,2.0,8.0,0.0,30.0
2098.4380161968384,83.0,6.0,2.0,8.0,0.0,30.0
2098.7380161968385,83.0,6.0,2.0,8.0,0.0,30.0
2098.7387390884046,83.0,6.0,2.0,8.0,0.0,30.0
2099.038739088405,83.0,6.0,2.0,8.0,0.0,30.0
2099.039461979971,83.0,6.0,2.0,8.0,0.0,30.0
2099.339461979971,83.0,6.0,2.0,8.0,0.0,30.0
2099.340184871537,83.0,6.0,2.0,8.0,0.0,30.0
2099.6401848715373,83.0,6.0,2.0,8.0,0.0,30.0
2099.6409077631033,83.0,6.0,2.0,8.0,0.0,30.0
2099.9409077631035,83.0,6.0,2.0,8.0,0.0,30.0
2099.9416306546696,83.0,6.0,2.0,8.0,0.0,30.0
2100.2416306546697,83.0,6.0,2.0,8.0,0.0,30.0
2100.242353546236,83.0,6.0,2.0,8.0,0.0,30.0
2100.542353546236,83.0,6.0,2.0,8.0,0.0,30.0
2100.543076437802,83.0,6.0,2.0,8.0,0.0,30.0
2100.843076437802,83.0,6.0,2.0,8.0,0.0,30.0
2100.8437993293683,83.0,6.0,2.0,8.0,0.0,30.0
2101.1437993293684,83.0,6.0,2.0,8.0,0.0,30.0
2101.1445222209345,83.0,6.0,2.0,8.0,0.0,30.0
2101.4445222209347,83.0,6.0,2.0,8.0,0.0,30.0
2101.4452451125007,83.0,6.0,2.0,8.0,0.0,30.0
2101.745245112501,83.0,6.0,2.0,8.0,0.0,30.0
2101.745968004067,83.0,6.0,2.0,8.0,0.0,30.0
2102.045968004067,83.0,6.0,2.0,8.0,0.0,30.0
2102.046690895633,83.0,7.0,2.0,8.0,0.0,30.0
2102.3466908956334,83.0,7.0,2.0,8.0,0.0,30.0
2102.3474137871995,83.0,7.0,2.0,8.0,0.0,30.0
2102.6474137871996,83.0,7.0,2.0,8.0,0.0,30.0
2102.6481366787657,83.0,7.0,2.0,8.0,0.0,30.0
2102.948136678766,83.0,7.0,2.0,8.0,0.0,30.0
2102.948859570332,83.0,7.0,2.0,8.0,0.0,30.0
2103.248859570332,83.0,7.0,2.0,8.0,0.0,30.0
2103.249582461898,83.0,7.0,2.0,8.0,0.0,30.0
2103.5495824618984,83.0,7.0,2.0,8.0,0.0,30.0
2103.5503053534644,83.0,7.0,2.0,8.0,0.0,30.0
2103.8503053534646,83.0,7.0,2.0,8.0,0.0,30.0
2103.8510282450306,83.0,7.0,2.0,8.0,0.0,30.0
2104.151028245031,83.0,7.0,2.0,8.0,0.0,30.0
2104.151751136597,83.0,7.0,2.0,8.0,0.0,30.0
2104.451751136597,83.0,7.0,2.0,8.0,0.0,30.0
2104.452474028163,83.0,7.0,2.0,8.0,0.0,30.0
2104.7524740281633,83.0,7.0,2.0,8.0,0.0,30.0
2104.7531969197294,83.0,7.0,2.0,8.0,0.0,30.0
2105.0531969197295,83.0,7.0,2.0,8.0,0.0,30.0
2105.0539198112956,83.0,7.0,2.0,8.0,0.0,30.0
2105.353919811296,83.0,7.0,2.0,8.0,0.0,30.0
2105.354642702862,83.0,7.0,2.0,8.0,0.0,30.0
2105.654642702862,83.0,7.0,2.0,8.0,0.0,30.0
2105.655365594428,83.0,7.0,2.0,8.0,0.0,30.0
2105.9553655944283,83.0,7.0,2.0,8.0,0.0,30.0
2105.9560884859943,83.0,7.0,2.0,8.0,0.0,30.0
2106.2560884859945,83.0,7.0,2.0,8.0,0.0,30.0
2106.2568113775606,83.0,7.0,2.0,8.0,0.0,30.0
2106.5568113775607,83.0,7.0,2.0,8.0,0.0,30.0
2106.557534269127,83.0,7.0,2.0,8.0,0.0,30.0
2106.857534269127,83.0,7.0,2.0,8.0,0.0,30.0
2106.858257160693,83.0,7.0,2.0,8.0,0.0,30.0
2107.158257160693,83.0,7.0,2.0,8.0,0.0,30.0
2107.1589800522593,83.0,7.0,2.0,8.0,0.0,30.0
2107.4589800522594,83.0,7.0,2.0,8.0,0.0,30.0
2107.4597029438255,83.0,7.0,2.0,8.0,0.0,30.0
2107.7597029438257,83.0,7.0,2.0,8.0,0.0,30.0
2107.7604258353917,83.0,7.0,2.0,8.0,0.0,30.0
2108.060425835392,83.0,7.0,2.0,8.0,0.0,30.0
2108.061148726958,83.0,7.0,0.0,8.0,1.0,30.0
2108.361148726958,83.0,7.0,0.0,8.0,1.0,30.0
2108.361871618524,83.0,7.0,0.0,8.0,1.0,30.0
2108.6618716185244,83.0,7.0,0.0,8.0,1.0,30.0
2108.6625945100905,83.0,7.0,0.0,8.0,1.0,30.0
2108.9625945100906,83.0,7.0,0.0,8.0,1.0,30.0
2108.9633174016567,83.0,7.0,0.0,8.0,1.0,30.0
2109.263317401657,83.0,7.0,0.0,8.0,1.0,30.0
2109.264040293223,83.0,7.0,0.0,8.0,1.0,30.0
2109.564040293223,83.0,7.0,0.0,8.0,1.0,30.0
2109.564763184789,83.0,7.0,0.0,8.0,0.0,30.0
2109.8647631847894,83.0,7.0,0.0,8.0,0.0,30.0
2109.8654860763554,83.0,7.0,0.0,8.0,0.0,30.0
2110.1654860763556,83.0,7.0,0.0,8.0,0.0,30.0
2110.1662089679216,83.0,7.0,0.0,8.0,0.0,30.0
2110.466208967922,83.0,7.0,0.0,8.0,0.0,30.0
2110.466931859488,83.0,7.0,0.0,8.0,0.0,30.0
2110.766931859488,83.0,7.0,0.0,8.0,0.0,30.0
2110.767654751054,83.0,7.0,0.0,8.0,0.0,30.0
2111.0676547510543,83.0,7.0,0.0,8.0,0.0,30.0
2111.0683776426204,83.0,7.0,0.0,8.0,0.0,30.0
2111.3683776426205,83.0,7.0,0.0,8.0,0.0,30.0
2111.3691005341866,83.0,7.0,0.0,8.0,0.0,30.0
2111.669100534187,83.0,7.0,0.0,8.0,0.0,30.0
2111.669823425753,83.0,7.0,0.0,8.0,0.0,30.0
2111.969823425753,83.0,7.0,0.0,8.0,0.0,30.0
2111.970546317319,83.0,7.0,0.0,8.0,0.0,30.0
2112.2705463173193,83.0,7.0,0.0,8.0,0.0,30.0
2112.2712692088853,83.0,7.0,0.0,8.0,0.0,30.0
2112.5712692088855,83.0,7.0,0.0,8.0,0.0,30.0
2112.5719921004516,83.0,7.0,0.0,8.0,0.0,30.0
2112.8719921004517,83.0,7.0,0.0,8.0,0.0,30.0
2112.872714992018,83.0,7.0,0.0,8.0,0.0,30.0
2113.172714992018,83.0,7.0,0.0,8.0,0.0,30.0
2113.173437883584,83.0,7.0,0.0,8.0,0.0,30.0
2113.473437883584,83.0,7.0,0.0,8.0,0.0,30.0
2113.4741607751503,83.0,7.0,0.0,8.0,0.0,30.0
2113.7741607751504,83.0,7.0,0.0,8.0,0.0,30.0
2113.7748836667165,83.0,7.0,0.0,8.0,0.0,30.0
2114.0748836667167,83.0,7.0,0.0,8.0,0.0,30.0
2114.0756065582827,83.0,7.0,0.0,8.0,0.0,30.0
2114.375606558283,83.0,7.0,0.0,8.0,0.0,30.0
2114.376329449849,83.0,7.0,0.0,8.0,0.0,30.0
2114.676329449849,83.0,7.0,0.0,8.0,0.0,30.0
2114.677052341415,83.0,7.0,0.0,8.0,0.0,30.0
2114.9770523414154,83.0,7.0,0.0,8.0,0.0,30.0
2114.9777752329815,83.0,7.0,0.0,8.0,0.0,30.0
2115.2777752329816,83.0,7.0,0.0,8.0,0.0,30.0
2115.2784981245477,83.0,7.0,0.0,8.0,0.0,30.0
2115.578498124548,83.0,7.0,0.0,8.0,0.0,30.0
2115.579221016114,83.0,7.0,0.0,8.0,0.0,30.0
2115.879221016114,83.0,7.0,0.0,8.0,0.0,30.0
2115.87994390768,83.0,7.0,0.0,8.0,0.0,30.0
2116.1799439076804,83.0,7.0,0.0,8.0,0.0,30.0
2116.1806667992464,83.0,7.0,0.0,8.0,0.0,30.0
2116.4806667992466,83.0,7.0,0.0,8.0,0.0,30.0
2116.4813896908126,83.0,7.0,0.0,8.0,0.0,30.0
2116.781389690813,83.0,7.0,0.0,8.0,0.0,30.0
2116.782112582379,83.0,7.0,0.0,8.0,0.0,30.0
2117.082112582379,83.0,7.0,0.0,8.0,0.0,30.0
2117.082835473945,83.0,7.0,0.0,8.0,0.0,30.0
2117.3828354739453,83.0,7.0,0.0,8.0,0.0,30.0
2117.3835583655114,83.0,7.0,0.0,8.0,0.0,30.0
2117.6835583655115,83.0,7.0,0.0,8.0,0.0,30.0
2117.6842812570776,83.0,7.0,0.0,8.0,0.0,30.0
2117.984281257078,83.0,7.0,0.0,8.0,0.0,30.0
2117.985004148644,83.0,7.0,0.0,8.0,0.0,30.0
2118.285004148644,83.0,7.0,0.0,8.0,0.0,30.0
2118.28572704021,83.0,7.0,0.0,8.0,0.0,30.0
2118.5857270402103,83.0,7.0,0.0,8.0,0.0,30.0
2118.5864499317763,83.0,7.0,0.0,8.0,0.0,30.0
2118.8864499317765,83.0,7.0,0.0,8.0,0.0,30.0
2118.8871728233426,83.0,7.0,0.0,8.0,0.0,30.0
2119.1871728233427,83.0,7.0,0.0,8.0,0.0,30.0
2119.187895714909,83.0,7.0,0.0,8.0,0.0,30.0
2119.487895714909,83.0,7.0,0.0,8.0,0.0,30.0
2119.488618606475,83.0,7.0,0.0,8.0,0.0,30.0
2119.788618606475,83.0,7.0,0.0,8.0,0.0,30.0
2119.7893414980413,83.0,7.0,0.0,8.0,0.0,30.0
2120.0893414980414,83.0,7.0,0.0,8.0,0.0,30.0
2120.0900643896075,83.0,7.0,0.0,8.0,0.0,30.0
2120.3900643896077,83.0,7.0,0.0,8.0,0.0,30.0
2120.3907872811737,83.0,7.0,0.0,8.0,0.0,30.0
2120.690787281174,83.0,7.0,0.0,8.0,0.0,30.0
2120.69151017274,83.0,7.0,0.0,8.0,0.0,30.0
2120.99151017274,83.0,7.0,0.0,8.0,0.0,30.0
2120.992233064306,83.0,7.0,0.0,8.0,0.0,30.0
2121.2922330643064,83.0,7.0,0.0,8.0,0.0,30.0
2121.2929559558725,83.0,7.0,0.0,8.0,0.0,30.0
2121.5929559558726,83.0,7.0,0.0,8.0,0.0,30.0
2121.5936788474387,83.0,7.0,0.0,8.0,0.0,30.0
2121.893678847439,83.0,7.0,0.0,8.0,0.0,30.0
2121.894401739005,83.0,7.0,0.0,8.0,0.0,30.0
2122.194401739005,83.0,7.0,0.0,8.0,0.0,30.0
2122.195124630571,83.0,7.0,0.0,8.0,0.0,30.0
2122.4951246305714,83.0,7.0,0.0,8.0,0.0,30.0
2122.4958475221374,83.0,7.0,0.0,8.0,0.0,30.0
2122.7958475221376,83.0,7.0,0.0,8.0,0.0,30.0
2122.7965704137036,83.0,7.0,0.0,8.0,0.0,30.0
2123.096570413704,83.0,7.0,0.0,8.0,0.0,30.0
2123.09729330527,83.0,7.0,0.0,8.0,0.0,30.0
2123.39729330527,83.0,7.0,0.0,8.0,0.0,30.0
2123.398016196836,83.0,7.0,0.0,8.0,0.0,30.0
2123.6980161968363,83.0,7.0,0.0,8.0,0.0,30.0
2123.6987390884024,83.0,7.0,0.0,8.0,0.0,30.0
2123.9987390884025,83.0,7.0,0.0,8.0,0.0,30.0
2123.9994619799686,83.0,7.0,0.0,8.0,0.0,30.0
2124.299461979969,83.0,7.0,0.0,8.0,0.0,30.0
2124.300184871535,83.0,7.0,0.0,8.0,0.0,30.0
2124.600184871535,83.0,7.0,0.0,8.0,0.0,30.0
2124.600907763101,83.0,7.0,0.0,8.0,0.0,30.0
2124.9009077631013,83.0,7.0,0.0,8.0,0.0,30.0
2124.9016306546673,83.0,7.0,0.0,8.0,0.0,30.0
2125.2016306546675,83.0,7.0,0.0,8.0,0.0,30.0
2125.2023535462336,83.0,7.0,0.0,8.0,0.0,30.0
2125.5023535462337,83.0,7.0,0.0,8.0,0.0,30.0
2125.5030764378,83.0,7.0,0.0,8.0,0.0,30.0
2125.8030764378,83.0,7.0,0.0,8.0,0.0,30.0
2125.803799329366,83.0,7.0,0.0,8.0,0.0,30.0
2126.103799329366,83.0,7.0,0.0,8.0,0.0,30.0
2126.1045222209323,83.0,7.0,0.0,6.0,0.0,31.0
2126.4045222209324,83.0,7.0,0.0,6.0,0.0,31.0
2126.4052451124985,83.0,7.0,0.0,6.0,0.0,31.0
2126.7052451124987,83.0,7.0,0.0,6.0,0.0,31.0
2126.7059680040647,83.0,7.0,0.0,6.0,0.0,31.0
2127.005968004065,83.0,7.0,0.0,6.0,0.0,31.0
2127.006690895631,83.0,7.0,0.0,6.0,0.0,31.0
2127.306690895631,83.0,7.0,0.0,6.0,0.0,31.0
2127.307413787197,83.0,7.0,0.0,6.0,0.0,31.0
2127.6074137871974,83.0,7.0,0.0,6.0,0.0,31.0
2127.6081366787635,83.0,7.0,0.0,6.0,0.0,31.0
2127.9081366787636,83.0,7.0,0.0,6.0,0.0,31.0
2127.9088595703297,83.0,7.0,0.0,6.0,0.0,31.0
2128.20885957033,83.0,7.0,0.0,6.0,0.0,31.0
2128.209582461896,83.0,7.0,0.0,6.0,0.0,31.0
2128.509582461896,83.0,7.0,0.0,6.0,0.0,31.0
2128.510305353462,83.0,7.0,0.0,6.0,0.0,31.0
2128.8103053534624,83.0,7.0,0.0,6.0,0.0,31.0
2128.8110282450284,83.0,7.0,0.0,6.0,0.0,31.0
2129.1110282450286,83.0,7.0,0.0,6.0,0.0,31.0
2129.1117511365946,83.0,7.0,0.0,6.0,0.0,31.0
2129.411751136595,83.0,7.0,0.0,6.0,0.0,31.0
2129.412474028161,83.0,7.0,0.0,6.0,0.0,31.0
2129.712474028161,83.0,7.0,0.0,6.0,0.0,31.0
2129.713196919727,83.0,7.0,0.0,6.0,0.0,31.0
2130.0131969197273,83.0,7.0,0.0,6.0,0.0,31.0
2130.0139198112934,83.0,7.0,0.0,6.0,0.0,31.0
2130.3139198112935,83.0,7.0,0.0,6.0,0.0,31.0
2130.3146427028596,83.0,7.0,0.0,6.0,0.0,31.0
2130.61464270286,83.0,7.0,0.0,6.0,0.0,31.0
2130.615365594426,83.0,7.0,0.0,6.0,0.0,31.0
2130.915365594426,83.0,7.0,0.0,6.0,0.0,31.0
2130.916088485992,83.0,7.0,0.0,6.0,0.0,31.0
2131.2160884859923,83.0,7.0,0.0,6.0,0.0,31.0
2131.2168113775583,83.0,7.0,0.0,6.0,0.0,31.0
2131.5168113775585,83.0,7.0,0.0,6.0,0.0,31.0
2131.5175342691246,83.0,7.0,0.0,6.0,0.0,31.0
2131.8175342691247,83.0,7.0,0.0,6.0,0.0,31.0
2131.818257160691,83.0,7.0,0.0,6.0,0.0,31.0
2132.118257160691,83.0,7.0,0.0,6.0,0.0,31.0
2132.118980052257,83.0,7.0,0.0,6.0,0.0,31.0
2132.418980052257,83.0,7.0,0.0,6.0,0.0,31.0
2132.4197029438233,83.0,7.0,0.0,6.0,0.0,31.0
2132.7197029438234,83.0,7.0,0.0,6.0,0.0,31.0
2132.7204258353895,83.0,7.0,0.0,6.0,0.0,31.0
2133.0204258353897,83.0,7.0,0.0,6.0,0.0,31.0
2133.0211487269557,83.0,7.0,0.0,6.0,0.0,31.0
2133.321148726956,83.0,7.0,0.0,6.0,0.0,31.0
2133.321871618522,83.0,7.0,0.0,6.0,0.0,31.0
2133.621871618522,83.0,7.0,0.0,6.0,0.0,31.0
2133.622594510088,83.0,7.0,0.0,6.0,0.0,31.0
2133.9225945100884,83.0,7.0,0.0,6.0,0.0,31.0
2133.9233174016545,83.0,7.0,0.0,6.0,0.0,31.0
2134.2233174016546,83.0,7.0,0.0,6.0,0.0,31.0
2134.2240402932207,83.0,7.0,0.0,6.0,0.0,31.0
2134.524040293221,83.0,7.0,0.0,6.0,0.0,31.0
2134.524763184787,83.0,7.0,0.0,6.0,0.0,31.0
2134.824763184787,83.0,7.0,0.0,6.0,0.0,31.0
2134.825486076353,83.0,7.0,0.0,6.0,0.0,31.0
2135.1254860763534,83.0,7.0,0.0,6.0,0.0,31.0
2135.1262089679194,83.0,7.0,0.0,6.0,0.0,31.0
2135.4262089679196,83.0,7.0,0.0,6.0,0.0,31.0
2135.4269318594856,83.0,7.0,0.0,6.0,0.0,31.0
2135.726931859486,83.0,7.0,0.0,6.0,0.0,31.0
2135.727654751052,83.0,7.0,0.0,6.0,0.0,31.0
2136.027654751052,83.0,7.0,0.0,6.0,0.0,31.0
2136.028377642618,83.0,7.0,0.0,6.0,0.0,31.0
2136.3283776426183,83.0,7.0,0.0,6.0,0.0,31.0
2136.3291005341844,83.0,7.0,0.0,6.0,0.0,31.0
2136.6291005341845,83.0,7.0,0.0,6.0,0.0,31.0
2136.6298234257506,83.0,7.0,0.0,6.0,0.0,31.0
2136.929823425751,83.0,7.0,0.0,6.0,0.0,31.0
2136.930546317317,83.0,7.0,0.0,6.0,0.0,31.0
2137.230546317317,83.0,7.0,0.0,6.0,0.0,31.0
2137.231269208883,83.0,7.0,0.0,6.0,0.0,31.0
2137.5312692088833,83.0,7.0,0.0,6.0,0.0,31.0
2137.5319921004493,83.0,7.0,0.0,6.0,0.0,31.0
2137.8319921004495,83.0,7.0,0.0,6.0,0.0,31.0
2137.8327149920156,83.0,7.0,0.0,6.0,0.0,31.0
2138.1327149920157,83.0,7.0,0.0,6.0,0.0,31.0
2138.133437883582,83.0,7.0,0.0,6.0,0.0,31.0
2138.433437883582,83.0,7.0,0.0,6.0,0.0,31.0
2138.434160775148,83.0,7.0,0.0,6.0,0.0,31.0
2138.734160775148,83.0,7.0,0.0,6.0,0.0,31.0
2138.7348836667143,83.0,7.0,0.0,6.0,0.0,31.0
2139.0348836667144,83.0,7.0,0.0,6.0,0.0,31.0
2139.0356065582805,83.0,7.0,0.0,6.0,0.0,31.0
2139.3356065582807,83.0,7.0,0.0,6.0,0.0,31.0
2139.3363294498467,83.0,7.0,0.0,6.0,0.0,31.0
2139.636329449847,83.0,7.0,0.0,6.0,0.0,31.0
2139.637052341413,83.0,7.0,0.0,6.0,0.0,31.0
2139.937052341413,83.0,7.0,0.0,6.0,0.0,31.0
2139.937775232979,83.0,7.0,0.0,6.0,0.0,31.0
2140.2377752329794,83.0,7.0,0.0,6.0,0.0,31.0
2140.2384981245455,83.0,7.0,0.0,6.0,0.0,31.0
2140.5384981245456,83.0,7.0,0.0,6.0,0.0,31.0
2140.5392210161117,83.0,7.0,0.0,6.0,0.0,31.0
2140.839221016112,83.0,7.0,0.0,6.0,0.0,31.0
2140.839943907678,83.0,7.0,0.0,6.0,0.0,31.0
2141.139943907678,83.0,7.0,0.0,6.0,0.0,31.0
2141.140666799244,83.0,7.0,0.0,6.0,0.0,31.0
2141.4406667992444,83.0,7.0,0.0,6.0,0.0,31.0
2141.4413896908104,83.0,7.0,0.0,6.0,0.0,31.0
2141.7413896908106,83.0,7.0,0.0,6.0,0.0,31.0
2141.7421125823766,83.0,7.0,0.0,6.0,0.0,31.0
2142.042112582377,83.0,7.0,0.0,6.0,0.0,31.0
2142.042835473943,83.0,7.0,0.0,6.0,0.0,31.0
2142.342835473943,83.0,7.0,0.0,6.0,0.0,31.0
2142.343558365509,83.0,7.0,0.0,6.0,0.0,31.0
2142.6435583655093,83.0,7.0,0.0,6.0,0.0,31.0
2142.6442812570754,83.0,7.0,0.0,6.0,0.0,31.0
2142.9442812570755,83.0,7.0,0.0,6.0,0.0,31.0
2142.9450041486416,83.0,7.0,0.0,6.0,0.0,31.0
2143.245004148642,83.0,7.0,0.0,6.0,0.0,31.0
2143.245727040208,83.0,7.0,0.0,6.0,0.0,31.0
2143.545727040208,83.0,7.0,0.0,6.0,0.0,31.0
2143.546449931774,83.0,7.0,0.0,6.0,0.0,31.0
2143.8464499317743,83.0,7.0,0.0,6.0,0.0,31.0
2143.8471728233403,83.0,7.0,0.0,6.0,0.0,31.0
2144.1471728233405,83.0,7.0,0.0,6.0,0.0,31.0
2144.1478957149066,83.0,7.0,0.0,6.0,0.0,31.0
2144.4478957149067,83.0,7.0,0.0,6.0,0.0,31.0
2144.448618606473,83.0,7.0,0.0,6.0,0.0,31.0
2144.748618606473,83.0,7.0,0.0,6.0,0.0,31.0
2144.749341498039,83.0,7.0,0.0,6.0,0.0,31.0
2145.049341498039,83.0,7.0,0.0,6.0,0.0,31.0
2145.0500643896053,83.0,7.0,0.0,6.0,0.0,31.0
2145.3500643896054,83.0,7.0,0.0,6.0,0.0,31.0
2145.3507872811715,83.0,7.0,0.0,6.0,0.0,31.0
2145.6507872811717,83.0,7.0,0.0,6.0,0.0,31.0
2145.6515101727377,83.0,7.0,0.0,6.0,0.0,31.0
2145.951510172738,83.0,7.0,0.0,6.0,0.0,31.0
2145.952233064304,83.0,7.0,0.0,6.0,0.0,31.0
2146.252233064304,83.0,7.0,0.0,6.0,0.0,31.0
2146.25295595587,83.0,7.0,0.0,6.0,0.0,31.0
2146.5529559558704,83.0,7.0,0.0,6.0,0.0,31.0
2146.5536788474365,83.0,7.0,0.0,6.0,0.0,31.0
2146.8536788474366,83.0,7.0,0.0,6.0,0.0,31.0
2146.8544017390027,83.0,7.0,0.0,6.0,0.0,31.0
2147.154401739003,83.0,7.0,0.0,6.0,0.0,31.0
2147.155124630569,83.0,7.0,0.0,6.0,0.0,31.0
2147.455124630569,83.0,7.0,0.0,6.0,0.0,31.0
2147.455847522135,83.0,7.0,0.0,6.0,0.0,31.0
2147.7558475221354,83.0,7.0,0.0,6.0,0.0,31.0
2147.7565704137014,83.0,7.0,0.0,6.0,0.0,31.0
2148.0565704137016,83.0,7.0,0.0,6.0,0.0,31.0
2148.0572933052676,83.0,7.0,0.0,6.0,0.0,31.0
2148.357293305268,83.0,7.0,0.0,6.0,0.0,31.0
2148.358016196834,83.0,7.0,0.0,6.0,0.0,31.0
2148.658016196834,83.0,7.0,0.0,6.0,0.0,31.0
2148.6587390884,83.0,7.0,0.0,6.0,0.0,31.0
2148.9587390884003,83.0,7.0,0.0,6.0,0.0,31.0
2148.9594619799664,83.0,7.0,0.0,6.0,0.0,31.0
2149.2594619799665,83.0,7.0,0.0,6.0,0.0,31.0
2149.2601848715326,83.0,7.0,0.0,6.0,0.0,31.0
2149.560184871533,83.0,7.0,0.0,6.0,0.0,31.0
2149.560907763099,83.0,7.0,0.0,6.0,0.0,31.0
2149.860907763099,83.0,7.0,0.0,6.0,0.0,31.0
2149.861630654665,83.0,7.0,0.0,6.0,0.0,31.0
2150.1616306546653,83.0,7.0,0.0,6.0,0.0,31.0
2150.1623535462313,83.0,7.0,0.0,6.0,0.0,31.0
2150.4623535462315,83.0,7.0,0.0,6.0,0.0,31.0
2150.4630764377976,83.0,7.0,0.0,6.0,0.0,31.0
2150.7630764377977,83.0,7.0,0.0,6.0,0.0,31.0
2150.763799329364,83.0,7.0,0.0,6.0,0.0,31.0
2151.063799329364,83.0,7.0,0.0,6.0,0.0,31.0
2151.06452222093,83.0,7.0,0.0,6.0,0.0,31.0
2151.36452222093,83.0,7.0,0.0,6.0,0.0,31.0
2151.3652451124963,83.0,7.0,0.0,6.0,0.0,31.0
2151.6652451124965,83.0,7.0,0.0,6.0,0.0,31.0
2151.6659680040625,83.0,7.0,0.0,6.0,0.0,31.0
2151.9659680040627,83.0,7.0,0.0,6.0,0.0,31.0
2151.9666908956287,83.0,7.0,0.0,6.0,0.0,31.0
2152.266690895629,83.0,7.0,0.0,6.0,0.0,31.0
2152.267413787195,83.0,7.0,0.0,6.0,0.0,31.0
2152.567413787195,83.0,7.0,0.0,6.0,0.0,31.0
2152.568136678761,83.0,7.0,0.0,6.0,0.0,31.0
2152.8681366787614,83.0,7.0,0.0,6.0,0.0,31.0
2152.8688595703275,83.0,7.0,0.0,6.0,0.0,31.0
2153.1688595703276,83.0,7.0,0.0,6.0,0.0,31.0
2153.1695824618937,83.0,7.0,0.0,6.0,0.0,31.0
2153.469582461894,83.0,7.0,0.0,6.0,0.0,31.0
2153.47030535346,83.0,7.0,0.0,6.0,0.0,31.0
2153.77030535346,83.0,7.0,0.0,6.0,0.0,31.0
2153.771028245026,83.0,7.0,0.0,6.0,0.0,31.0
2154.0710282450264,83.0,7.0,0.0,6.0,0.0,31.0
2154.0717511365924,83.0,7.0,0.0,6.0,0.0,31.0
2154.3717511365926,83.0,7.0,0.0,6.0,0.0,31.0
2154.3724740281586,83.0,7.0,0.0,6.0,0.0,31.0
2154.672474028159,83.0,7.0,0.0,6.0,0.0,31.0
2154.673196919725,83.0,7.0,0.0,6.0,0.0,31.0
2154.973196919725,83.0,7.0,0.0,6.0,0.0,31.0
2154.973919811291,83.0,7.0,0.0,6.0,0.0,31.0
2155.2739198112913,83.0,7.0,0.0,6.0,0.0,31.0
2155.2746427028574,83.0,7.0,0.0,6.0,0.0,31.0
2155.5746427028575,83.0,7.0,0.0,6.0,0.0,31.0
2155.5753655944236,83.0,7.0,0.0,6.0,0.0,31.0
2155.875365594424,83.0,7.0,0.0,6.0,0.0,31.0
2155.87608848599,83.0,7.0,0.0,6.0,0.0,31.0
2156.17608848599,83.0,7.0,0.0,6.0,0.0,31.0
2156.176811377556,83.0,7.0,0.0,6.0,0.0,31.0
2156.4768113775563,83.0,7.0,0.0,6.0,0.0,31.0
2156.4775342691223,83.0,7.0,0.0,6.0,0.0,31.0
2156.7775342691225,83.0,7.0,0.0,6.0,0.0,31.0
2156.7782571606886,83.0,7.0,0.0,6.0,0.0,31.0
2157.0782571606887,83.0,7.0,0.0,6.0,0.0,31.0
2157.078980052255,83.0,7.0,0.0,6.0,0.0,31.0
2157.378980052255,83.0,7.0,0.0,6.0,0.0,31.0
2157.379702943821,83.0,7.0,0.0,6.0,0.0,31.0
2157.679702943821,83.0,7.0,0.0,6.0,0.0,31.0
2157.6804258353873,83.0,7.0,0.0,6.0,0.0,31.0
2157.9804258353875,83.0,7.0,0.0,6.0,0.0,31.0
2157.9811487269535,83.0,7.0,0.0,6.0,0.0,31.0
2158.2811487269537,83.0,7.0,0.0,6.0,0.0,31.0
2158.2818716185197,83.0,7.0,0.0,6.0,0.0,31.0
2158.58187161852,83.0,7.0,0.0,6.0,0.0,31.0
2158.582594510086,83.0,7.0,0.0,6.0,0.0,31.0
2158.882594510086,83.0,7.0,0.0,6.0,0.0,31.0
2158.883317401652,83.0,7.0,0.0,6.0,0.0,31.0
2159.1833174016524,83.0,7.0,0.0,6.0,0.0,31.0
2159.1840402932185,83.0,7.0,0.0,6.0,0.0,31.0
2159.4840402932186,83.0,7.0,0.0,6.0,0.0,31.0
2159.4847631847847,83.0,7.0,0.0,6.0,0.0,31.0
2159.784763184785,83.0,7.0,0.0,6.0,0.0,31.0
2159.785486076351,83.0,7.0,0.0,6.0,0.0,31.0
2160.085486076351,83.0,7.0,0.0,6.0,0.0,31.0
2160.086208967917,83.0,7.0,0.0,6.0,0.0,31.0
2160.3862089679174,83.0,7.0,0.0,6.0,0.0,31.0
2160.3869318594834,83.0,7.0,0.0,6.0,0.0,31.0
2160.6869318594836,83.0,7.0,0.0,6.0,0.0,31.0
2160.6876547510496,83.0,7.0,0.0,6.0,0.0,31.0
2160.98765475105,83.0,7.0,0.0,6.0,0.0,31.0
2160.988377642616,83.0,7.0,0.0,6.0,0.0,31.0
2161.288377642616,83.0,7.0,0.0,6.0,0.0,31.0
2161.289100534182,83.0,7.0,0.0,6.0,0.0,31.0
2161.5891005341823,83.0,7.0,0.0,6.0,0.0,31.0
2161.5898234257484,83.0,7.0,0.0,6.0,0.0,31.0
2161.8898234257485,83.0,7.0,0.0,6.0,0.0,31.0
2161.8905463173146,83.0,7.0,0.0,6.0,0.0,31.0
2162.190546317315,83.0,7.0,0.0,6.0,0.0,31.0
2162.191269208881,83.0,7.0,0.0,6.0,0.0,31.0
2162.491269208881,83.0,7.0,0.0,6.0,0.0,31.0
2162.491992100447,83.0,7.0,0.0,6.0,0.0,31.0
2162.7919921004473,83.0,7.0,0.0,6.0,0.0,31.0
2162.7927149920133,83.0,7.0,0.0,6.0,0.0,31.0
2163.0927149920135,83.0,7.0,0.0,6.0,0.0,31.0
2163.0934378835796,83.0,7.0,0.0,6.0,0.0,31.0
2163.3934378835797,83.0,7.0,0.0,6.0,0.0,31.0
2163.394160775146,83.0,7.0,0.0,6.0,0.0,31.0
2163.694160775146,83.0,7.0,0.0,6.0,0.0,31.0
2163.694883666712,83.0,7.0,0.0,6.0,0.0,31.0
2163.994883666712,83.0,7.0,0.0,6.0,0.0,31.0
2163.9956065582783,83.0,7.0,0.0,6.0,0.0,31.0
2164.2956065582785,83.0,7.0,0.0,6.0,0.0,31.0
2164.2963294498445,83.0,7.0,0.0,6.0,0.0,31.0
2164.5963294498447,83.0,7.0,0.0,6.0,0.0,31.0
2164.5970523414107,83.0,7.0,0.0,6.0,0.0,31.0
2164.897052341411,83.0,7.0,0.0,6.0,0.0,31.0
2164.897775232977,83.0,7.0,0.0,6.0,0.0,31.0
2165.197775232977,83.0,7.0,0.0,6.0,0.0,31.0
2165.198498124543,83.0,7.0,0.0,6.0,0.0,31.0
2165.4984981245434,83.0,7.0,0.0,6.0,0.0,31.0
2165.4992210161095,83.0,7.0,0.0,6.0,0.0,31.0
2165.7992210161096,83.0,7.0,0.0,6.0,0.0,31.0
2165.7999439076757,82.0,7.0,0.0,6.0,0.0,31.0
2166.099943907676,82.0,7.0,0.0,6.0,0.0,31.0
2166.100675614993,82.0,7.0,0.0,6.0,0.0,31.0
2166.4006756149934,82.0,7.0,0.0,6.0,0.0,31.0
2166.4014073223107,82.0,7.0,0.0,6.0,0.0,31.0
2166.701407322311,82.0,7.0,0.0,6.0,0.0,31.0
2166.702139029628,82.0,7.0,0.0,6.0,0.0,31.0
2167.0021390296283,82.0,7.0,0.0,6.0,0.0,31.0
2167.0028707369456,82.0,7.0,0.0,6.0,0.0,31.0
2167.302870736946,82.0,7.0,0.0,6.0,0.0,31.0
2167.303602444263,82.0,7.0,0.0,6.0,0.0,31.0
2167.6036024442633,82.0,7.0,0.0,6.0,0.0,31.0
2167.6043341515806,82.0,7.0,0.0,6.0,0.0,31.0
2167.9043341515808,82.0,7.0,0.0,6.0,0.0,31.0
2167.905065858898,82.0,7.0,0.0,6.0,0.0,31.0
2168.2050658588983,82.0,7.0,0.0,6.0,0.0,31.0
2168.2057975662156,82.0,7.0,0.0,6.0,0.0,31.0
2168.5057975662157,82.0,7.0,0.0,6.0,0.0,31.0
2168.506529273533,82.0,7.0,0.0,6.0,0.0,31.0
2168.806529273533,82.0,7.0,0.0,6.0,0.0,31.0
2168.8072609808505,82.0,7.0,0.0,6.0,0.0,31.0
2169.1072609808507,82.0,7.0,0.0,6.0,0.0,31.0
2169.107992688168,82.0,7.0,0.0,6.0,0.0,31.0
2169.407992688168,82.0,7.0,0.0,6.0,0.0,31.0
2169.4087243954855,82.0,7.0,0.0,6.0,0.0,31.0
2169.7087243954857,82.0,7.0,0.0,6.0,0.0,31.0
2169.709456102803,82.0,7.0,0.0,6.0,0.0,31.0
2170.009456102803,82.0,7.0,0.0,6.0,0.0,31.0
2170.0101878101204,82.0,7.0,0.0,6.0,0.0,31.0
2170.3101878101206,82.0,7.0,0.0,6.0,0.0,31.0
2170.310919517438,82.0,7.0,0.0,6.0,0.0,31.0
2170.610919517438,82.0,7.0,0.0,6.0,0.0,31.0
2170.6116512247554,82.0,7.0,0.0,6.0,0.0,31.0
2170.9116512247556,82.0,7.0,0.0,6.0,0.0,31.0
2170.912382932073,82.0,7.0,0.0,6.0,0.0,31.0
2171.212382932073,82.0,7.0,0.0,6.0,0.0,31.0
2171.2131146393904,82.0,7.0,0.0,6.0,0.0,31.0
2171.5131146393906,82.0,7.0,0.0,6.0,0.0,31.0
2171.513846346708,82.0,7.0,0.0,6.0,0.0,31.0
2171.813846346708,82.0,7.0,0.0,6.0,0.0,31.0
2171.8145780540253,82.0,7.0,0.0,6.0,0.0,31.0
2172.1145780540255,82.0,7.0,0.0,6.0,0.0,31.0
2172.115309761343,82.0,7.0,0.0,6.0,0.0,31.0
2172.415309761343,82.0,7.0,0.0,6.0,0.0,31.0
2172.4160414686603,82.0,7.0,0.0,6.0,0.0,31.0
2172.7160414686605,82.0,7.0,0.0,6.0,0.0,31.0
2172.716773175978,82.0,7.0,0.0,6.0,0.0,31.0
2173.016773175978,82.0,7.0,0.0,6.0,0.0,31.0
2173.0175048832953,82.0,7.0,0.0,6.0,0.0,31.0
2173.3175048832954,82.0,7.0,0.0,6.0,0.0,31.0
2173.3182365906127,82.0,7.0,0.0,6.0,0.0,31.0
2173.618236590613,82.0,7.0,0.0,6.0,0.0,31.0
2173.61896829793,82.0,7.0,0.0,6.0,0.0,31.0
2173.9189682979304,82.0,7.0,0.0,6.0,0.0,31.0
2173.9197000052477,82.0,7.0,0.0,6.0,0.0,31.0
2174.219700005248,82.0,7.0,0.0,6.0,0.0,31.0
2174.220431712565,82.0,7.0,0.0,6.0,0.0,31.0
2174.5204317125654,82.0,7.0,0.0,6.0,0.0,31.0
2174.5211634198827,82.0,7.0,0.0,6.0,0.0,31.0
2174.821163419883,82.0,7.0,0.0,6.0,0.0,31.0
2174.8218951272,82.0,7.0,0.0,6.0,0.0,31.0
2175.1218951272003,82.0,7.0,0.0,6.0,0.0,31.0
2175.1226268345176,82.0,7.0,0.0,4.0,0.0,32.0
2175.422626834518,82.0,7.0,0.0,4.0,0.0,32.0
2175.423358541835,82.0,7.0,0.0,4.0,0.0,32.0
2175.7233585418353,82.0,7.0,0.0,4.0,0.0,32.0
2175.7240902491526,82.0,7.0,0.0,4.0,0.0,32.0
2176.024090249153,82.0,7.0,0.0,4.0,0.0,32.0
2176.02482195647,82.0,7.0,0.0,4.0,0.0,32.0
2176.3248219564703,82.0,7.0,0.0,4.0,0.0,32.0
2176.3255536637876,83.0,7.0,0.0,4.0,0.0,32.0
2176.6255536637877,83.0,7.0,0.0,4.0,0.0,32.0
2176.626276555354,83.0,7.0,0.0,4.0,0.0,32.0
2176.926276555354,83.0,7.0,0.0,4.0,0.0,32.0
2176.92699944692,83.0,7.0,0.0,4.0,0.0,32.0
2177.22699944692,83.0,7.0,0.0,4.0,0.0,32.0
2177.2277223384863,83.0,7.0,0.0,4.0,0.0,32.0
2177.5277223384865,83.0,7.0,0.0,4.0,0.0,32.0
2177.5284452300525,83.0,7.0,0.0,4.0,0.0,32.0
2177.8284452300527,83.0,7.0,0.0,4.0,0.0,32.0
2177.8291681216187,83.0,7.0,0.0,4.0,0.0,32.0
2178.129168121619,83.0,7.0,0.0,4.0,0.0,32.0
2178.129891013185,83.0,7.0,0.0,4.0,0.0,32.0
2178.429891013185,83.0,7.0,0.0,4.0,0.0,32.0
2178.430613904751,83.0,7.0,0.0,4.0,0.0,32.0
2178.7306139047514,83.0,7.0,0.0,4.0,0.0,32.0
2178.7313367963175,83.0,7.0,0.0,4.0,0.0,32.0
2179.0313367963176,83.0,7.0,0.0,4.0,0.0,32.0
2179.0320596878837,83.0,7.0,0.0,4.0,0.0,32.0
2179.332059687884,83.0,7.0,0.0,4.0,0.0,32.0
2179.33278257945,83.0,7.0,0.0,4.0,0.0,32.0
2179.63278257945,83.0,7.0,0.0,4.0,0.0,32.0
2179.633505471016,83.0,7.0,0.0,4.0,0.0,32.0
2179.9335054710164,83.0,7.0,0.0,4.0,0.0,32.0
2179.9342283625824,83.0,7.0,0.0,4.0,0.0,32.0
2180.2342283625826,83.0,7.0,0.0,4.0,0.0,32.0
2180.2349512541487,83.0,7.0,0.0,4.0,0.0,32.0
2180.534951254149,83.0,7.0,0.0,4.0,0.0,32.0
2180.535674145715,83.0,7.0,0.0,4.0,0.0,32.0
2180.835674145715,83.0,7.0,0.0,4.0,0.0,32.0
2180.836397037281,83.0,7.0,0.0,4.0,0.0,32.0
2181.1363970372813,83.0,7.0,0.0,4.0,0.0,32.0
2181.1371199288474,83.0,7.0,0.0,4.0,0.0,32.0
2181.4371199288476,83.0,7.0,0.0,4.0,0.0,32.0
2181.4378428204136,83.0,7.0,0.0,4.0,0.0,32.0
2181.737842820414,83.0,7.0,0.0,4.0,0.0,32.0
2181.73856571198,83.0,7.0,0.0,4.0,0.0,32.0
2182.03856571198,83.0,7.0,0.0,4.0,0.0,32.0
2182.039288603546,83.0,7.0,0.0,4.0,0.0,32.0
2182.3392886035463,83.0,7.0,0.0,4.0,0.0,32.0
2182.3400114951123,83.0,7.0,0.0,4.0,0.0,32.0
2182.6400114951125,83.0,7.0,0.0,4.0,0.0,32.0
2182.6407343866786,83.0,7.0,0.0,4.0,0.0,32.0
2182.9407343866787,83.0,7.0,0.0,4.0,0.0,32.0
2182.941457278245,83.0,7.0,0.0,4.0,0.0,32.0
2183.241457278245,83.0,7.0,0.0,4.0,0.0,32.0
2183.242180169811,83.0,7.0,0.0,4.0,0.0,32.0
2183.542180169811,83.0,7.0,0.0,4.0,0.0,32.0
2183.5429030613773,83.0,7.0,0.0,4.0,0.0,32.0
2183.8429030613775,83.0,7.0,0.0,4.0,0.0,32.0
2183.8436259529435,83.0,7.0,0.0,4.0,0.0,32.0
2184.1436259529437,83.0,7.0,0.0,4.0,0.0,32.0
2184.1443488445098,83.0,7.0,0.0,4.0,0.0,32.0
2184.44434884451,83.0,7.0,0.0,4.0,0.0,32.0
2184.445071736076,83.0,7.0,0.0,4.0,0.0,32.0
2184.745071736076,83.0,7.0,0.0,4.0,0.0,32.0
2184.745794627642,83.0,7.0,0.0,4.0,0.0,32.0
2185.0457946276424,83.0,7.0,0.0,4.0,0.0,32.0
2185.0465175192085,83.0,7.0,0.0,4.0,0.0,32.0
2185.3465175192086,83.0,7.0,0.0,4.0,0.0,32.0
2185.3472404107747,83.0,7.0,0.0,4.0,0.0,32.0
2185.647240410775,83.0,7.0,0.0,4.0,0.0,32.0
2185.647963302341,83.0,7.0,0.0,4.0,0.0,32.0
2185.947963302341,83.0,7.0,0.0,4.0,0.0,32.0
2185.948686193907,83.0,7.0,0.0,4.0,0.0,32.0
2186.2486861939074,83.0,7.0,0.0,4.0,0.0,32.0
2186.2494090854734,83.0,7.0,0.0,4.0,0.0,32.0
2186.5494090854736,83.0,7.0,0.0,4.0,0.0,32.0
2186.5501319770397,83.0,7.0,0.0,4.0,0.0,32.0
2186.85013197704,83.0,7.0,0.0,4.0,0.0,32.0
2186.850854868606,83.0,7.0,0.0,4.0,0.0,32.0
2187.150854868606,83.0,7.0,0.0,4.0,0.0,32.0
2187.151577760172,83.0,7.0,0.0,4.0,0.0,32.0
2187.4515777601723,83.0,7.0,0.0,4.0,0.0,32.0
2187.4523006517384,84.0,7.0,0.0,4.0,0.0,32.0
2187.7523006517386,84.0,7.0,0.0,4.0,0.0,32.0
2187.753014937453,84.0,7.0,0.0,4.0,0.0,32.0
2188.053014937453,84.0,7.0,0.0,4.0,0.0,32.0
2188.0537292231675,84.0,7.0,0.0,4.0,0.0,32.0
2188.3537292231676,84.0,7.0,0.0,4.0,0.0,32.0
2188.354443508882,84.0,7.0,0.0,4.0,0.0,32.0
2188.654443508882,84.0,7.0,0.0,4.0,0.0,32.0
2188.6551577945966,84.0,7.0,0.0,4.0,0.0,32.0
2188.9551577945967,84.0,7.0,0.0,4.0,0.0,32.0
2188.955872080311,84.0,7.0,0.0,4.0,0.0,32.0
2189.2558720803113,84.0,7.0,0.0,4.0,0.0,32.0
2189.2565863660257,84.0,7.0,0.0,4.0,0.0,32.0
2189.556586366026,84.0,7.0,0.0,4.0,0.0,32.0
2189.55730065174,84.0,7.0,0.0,4.0,0.0,32.0
2189.8573006517404,84.0,7.0,0.0,4.0,0.0,32.0
2189.8580149374548,84.0,7.0,0.0,4.0,0.0,32.0
2190.158014937455,84.0,7.0,0.0,4.0,0.0,32.0
2190.1587292231693,84.0,7.0,0.0,4.0,0.0,32.0
2190.4587292231695,84.0,7.0,0.0,4.0,0.0,32.0
2190.459443508884,84.0,7.0,0.0,4.0,0.0,32.0
2190.759443508884,84.0,7.0,0.0,4.0,0.0,32.0
2190.7601577945984,84.0,7.0,0.0,4.0,0.0,32.0
2191.0601577945986,84.0,7.0,0.0,4.0,0.0,32.0
2191.060872080313,84.0,7.0,0.0,4.0,0.0,32.0
2191.360872080313,84.0,7.0,0.0,4.0,0.0,32.0
2191.3615863660275,84.0,7.0,0.0,4.0,0.0,32.0
2191.6615863660277,84.0,7.0,0.0,4.0,0.0,32.0
2191.662300651742,84.0,7.0,0.0,4.0,0.0,32.0
2191.962300651742,84.0,7.0,0.0,4.0,0.0,32.0
2191.9630149374566,84.0,7.0,0.0,4.0,0.0,32.0
2192.263014937457,84.0,7.0,0.0,4.0,0.0,32.0
2192.263729223171,84.0,7.0,0.0,4.0,0.0,32.0
2192.5637292231713,84.0,7.0,0.0,4.0,0.0,32.0
2192.5644435088857,84.0,7.0,0.0,4.0,0.0,32.0
2192.864443508886,84.0,7.0,0.0,4.0,0.0,32.0
2192.8651577946002,84.0,7.0,0.0,4.0,0.0,32.0
2193.1651577946004,84.0,7.0,0.0,4.0,0.0,32.0
2193.165872080315,84.0,7.0,0.0,4.0,0.0,32.0
2193.465872080315,84.0,7.0,0.0,4.0,0.0,32.0
2193.4665863660293,84.0,7.0,0.0,4.0,0.0,32.0
2193.7665863660295,84.0,7.0,0.0,4.0,0.0,32.0
2193.767300651744,84.0,7.0,0.0,4.0,0.0,32.0
2194.067300651744,84.0,7.0,0.0,4.0,0.0,32.0
2194.0680149374584,84.0,7.0,0.0,4.0,0.0,32.0
2194.3680149374586,84.0,7.0,0.0,4.0,0.0,32.0
2194.368729223173,84.0,7.0,0.0,4.0,0.0,32.0
2194.668729223173,84.0,7.0,0.0,4.0,0.0,32.0
2194.6694435088875,84.0,7.0,0.0,4.0,0.0,32.0
2194.9694435088877,84.0,7.0,0.0,4.0,0.0,32.0
2194.970157794602,84.0,7.0,0.0,4.0,0.0,32.0
2195.2701577946023,84.0,7.0,0.0,4.0,0.0,32.0
2195.2708720803166,84.0,7.0,0.0,4.0,0.0,32.0
2195.570872080317,84.0,7.0,0.0,4.0,0.0,32.0
2195.571586366031,84.0,7.0,0.0,4.0,0.0,32.0
2195.8715863660314,84.0,7.0,0.0,4.0,0.0,32.0
2195.8723006517457,84.0,7.0,0.0,4.0,0.0,32.0
2196.172300651746,84.0,7.0,0.0,4.0,0.0,32.0
2196.1730149374603,84.0,7.0,0.0,4.0,0.0,32.0
2196.4730149374604,84.0,7.0,0.0,4.0,0.0,32.0
2196.473729223175,84.0,7.0,0.0,4.0,0.0,32.0
2196.773729223175,84.0,7.0,0.0,4.0,0.0,32.0
2196.7744435088894,84.0,7.0,0.0,4.0,0.0,32.0
2197.0744435088895,84.0,7.0,0.0,4.0,0.0,32.0
2197.075157794604,84.0,7.0,0.0,4.0,0.0,32.0
2197.375157794604,84.0,7.0,0.0,4.0,0.0,32.0
2197.3758720803185,84.0,7.0,0.0,4.0,0.0,32.0
2197.6758720803186,84.0,7.0,0.0,4.0,0.0,32.0
2197.676586366033,84.0,7.0,0.0,4.0,0.0,32.0
2197.976586366033,84.0,7.0,0.0,4.0,0.0,32.0
2197.9773006517476,84.0,7.0,0.0,4.0,0.0,32.0
2198.2773006517477,84.0,7.0,0.0,4.0,0.0,32.0
2198.278014937462,84.0,7.0,0.0,4.0,0.0,32.0
2198.5780149374623,84.0,7.0,0.0,4.0,0.0,32.0
2198.5787292231767,84.0,7.0,0.0,4.0,0.0,32.0
2198.878729223177,84.0,7.0,0.0,4.0,0.0,32.0
2198.879443508891,84.0,7.0,0.0,4.0,0.0,32.0
2199.1794435088914,84.0,7.0,0.0,4.0,0.0,32.0
2199.1801577946057,84.0,7.0,0.0,4.0,0.0,32.0
2199.480157794606,84.0,7.0,0.0,4.0,0.0,32.0
2199.4808720803203,84.0,7.0,0.0,4.0,0.0,32.0
2199.7808720803205,84.0,7.0,0.0,4.0,0.0,32.0
2199.781586366035,84.0,7.0,0.0,4.0,0.0,32.0
2200.081586366035,84.0,7.0,0.0,4.0,0.0,32.0
2200.0823006517494,84.0,7.0,0.0,2.0,0.0,33.0
2200.3823006517496,84.0,7.0,0.0,2.0,0.0,33.0
2200.383014937464,84.0,7.0,0.0,2.0,0.0,33.0
2200.683014937464,84.0,7.0,0.0,2.0,0.0,33.0
2200.6837292231785,84.0,7.0,0.0,2.0,0.0,33.0
2200.9837292231787,84.0,7.0,0.0,2.0,0.0,33.0
2200.984443508893,84.0,7.0,0.0,2.0,0.0,33.0
2201.284443508893,84.0,7.0,0.0,2.0,0.0,33.0
2201.2851577946076,84.0,7.0,0.0,2.0,0.0,33.0
2201.5851577946078,84.0,7.0,0.0,2.0,0.0,33.0
2201.585872080322,84.0,7.0,0.0,2.0,0.0,33.0
2201.8858720803223,84.0,7.0,0.0,2.0,0.0,33.0
2201.8865863660367,84.0,7.0,0.0,2.0,0.0,33.0
2202.186586366037,84.0,7.0,0.0,2.0,0.0,33.0
2202.1873006517512,84.0,7.0,0.0,2.0,0.0,33.0
2202.4873006517514,84.0,7.0,0.0,2.0,0.0,33.0
2202.488014937466,84.0,7.0,0.0,2.0,0.0,33.0
2202.788014937466,84.0,7.0,0.0,2.0,0.0,33.0
2202.7887292231803,84.0,7.0,0.0,2.0,0.0,33.0
2203.0887292231805,84.0,7.0,0.0,2.0,0.0,33.0
2203.089443508895,84.0,7.0,0.0,2.0,0.0,33.0
2203.389443508895,84.0,7.0,0.0,2.0,0.0,33.0
2203.3901577946094,84.0,7.0,0.0,2.0,0.0,33.0
2203.6901577946096,84.0,7.0,0.0,2.0,0.0,33.0
2203.690872080324,84.0,7.0,0.0,2.0,0.0,33.0
2203.990872080324,84.0,7.0,0.0,2.0,0.0,33.0
2203.9915863660385,84.0,7.0,0.0,2.0,0.0,33.0
2204.2915863660387,84.0,7.0,0.0,2.0,0.0,33.0
2204.292300651753,84.0,7.0,0.0,2.0,0.0,33.0
2204.5923006517532,84.0,7.0,0.0,2.0,0.0,33.0
2204.5930149374676,84.0,7.0,0.0,2.0,0.0,33.0
2204.893014937468,84.0,7.0,0.0,2.0,0.0,33.0
2204.893729223182,84.0,7.0,0.0,2.0,0.0,33.0
2205.1937292231823,84.0,7.0,0.0,2.0,0.0,33.0
2205.1944435088967,84.0,7.0,0.0,2.0,0.0,33.0
2205.494443508897,84.0,7.0,0.0,2.0,0.0,33.0
2205.4951577946113,84.0,7.0,0.0,2.0,0.0,33.0
2205.7951577946114,84.0,7.0,0.0,2.0,0.0,33.0
2205.795872080326,84.0,7.0,0.0,2.0,0.0,33.0
2206.095872080326,84.0,7.0,0.0,2.0,0.0,33.0
2206.0965863660404,84.0,7.0,0.0,2.0,0.0,33.0
2206.3965863660405,84.0,7.0,0.0,2.0,0.0,33.0
2206.397300651755,84.0,7.0,0.0,2.0,0.0,33.0
2206.697300651755,84.0,7.0,0.0,2.0,0.0,33.0
2206.6980149374695,84.0,7.0,0.0,2.0,0.0,33.0
2206.9980149374696,84.0,7.0,0.0,2.0,0.0,33.0
2206.998729223184,84.0,7.0,0.0,2.0,0.0,33.0
2207.298729223184,84.0,7.0,0.0,2.0,0.0,33.0
2207.2994435088985,84.0,7.0,0.0,2.0,0.0,33.0
2207.5994435088987,84.0,7.0,0.0,2.0,0.0,33.0
2207.600157794613,84.0,7.0,0.0,2.0,0.0,33.0
2207.9001577946133,84.0,7.0,0.0,2.0,0.0,33.0
2207.9008720803276,84.0,7.0,0.0,2.0,0.0,33.0
2208.200872080328,84.0,7.0,0.0,2.0,0.0,33.0
2208.201586366042,84.0,7.0,0.0,2.0,0.0,33.0
2208.5015863660424,84.0,7.0,0.0,2.0,0.0,33.0
2208.5023006517567,84.0,7.0,0.0,2.0,0.0,33.0
2208.802300651757,84.0,7.0,0.0,2.0,0.0,33.0
2208.8030149374713,84.0,7.0,0.0,2.0,0.0,33.0
2209.1030149374715,84.0,7.0,0.0,2.0,0.0,33.0
2209.103729223186,84.0,7.0,0.0,2.0,0.0,33.0
2209.403729223186,84.0,7.0,0.0,2.0,0.0,33.0
2209.4044435089004,84.0,7.0,0.0,2.0,0.0,33.0
2209.7044435089006,84.0,7.0,0.0,2.0,0.0,33.0
2209.705157794615,84.0,7.0,0.0,2.0,0.0,33.0
2210.005157794615,84.0,7.0,0.0,2.0,0.0,33.0
2210.0058720803295,84.0,7.0,0.0,2.0,0.0,33.0
2210.3058720803297,84.0,7.0,0.0,2.0,0.0,33.0
2210.306586366044,84.0,7.0,0.0,2.0,0.0,33.0
2210.606586366044,84.0,7.0,0.0,2.0,0.0,33.0
2210.6073006517586,84.0,7.0,0.0,2.0,0.0,33.0
2210.9073006517588,84.0,7.0,0.0,2.0,0.0,33.0
2210.908014937473,84.0,7.0,0.0,2.0,0.0,33.0
2211.2080149374733,84.0,7.0,0.0,2.0,0.0,33.0
2211.2087292231877,84.0,7.0,0.0,2.0,0.0,33.0
2211.508729223188,84.0,7.0,0.0,2.0,0.0,33.0
2211.509443508902,84.0,7.0,0.0,2.0,0.0,33.0
2211.8094435089024,84.0,7.0,0.0,2.0,0.0,33.0
2211.8101577946168,84.0,7.0,0.0,2.0,0.0,33.0
2212.110157794617,84.0,7.0,0.0,2.0,0.0,33.0
2212.1108720803313,84.0,7.0,0.0,2.0,0.0,33.0
2212.4108720803315,84.0,7.0,0.0,2.0,0.0,33.0
2212.411586366046,84.0,7.0,0.0,2.0,0.0,33.0
2212.711586366046,84.0,7.0,0.0,2.0,0.0,33.0
2212.7123006517604,84.0,7.0,0.0,2.0,0.0,33.0
2213.0123006517606,84.0,7.0,0.0,2.0,0.0,33.0
2213.013014937475,84.0,7.0,0.0,2.0,0.0,33.0
2213.313014937475,84.0,7.0,0.0,2.0,0.0,33.0
2213.3137292231895,84.0,7.0,0.0,2.0,0.0,33.0
2213.6137292231897,84.0,7.0,0.0,2.0,0.0,33.0
2213.614443508904,84.0,7.0,0.0,2.0,0.0,33.0
2213.9144435089042,84.0,7.0,0.0,2.0,0.0,33.0
2213.9151577946186,84.0,7.0,0.0,2.0,0.0,33.0
2214.215157794619,84.0,7.0,0.0,2.0,0.0,33.0
2214.215872080333,84.0,7.0,0.0,2.0,0.0,33.0
2214.5158720803333,84.0,7.0,0.0,2.0,0.0,33.0
2214.5165863660477,84.0,7.0,0.0,2.0,0.0,33.0
2214.816586366048,84.0,7.0,0.0,2.0,0.0,33.0
2214.8173006517623,84.0,7.0,0.0,2.0,0.0,33.0
2215.1173006517624,84.0,7.0,0.0,2.0,0.0,33.0
2215.118014937477,84.0,7.0,0.0,2.0,0.0,33.0
2215.418014937477,84.0,7.0,0.0,2.0,0.0,33.0
2215.4187292231913,84.0,7.0,0.0,2.0,0.0,33.0
2215.7187292231915,84.0,7.0,0.0,2.0,0.0,33.0
2215.719443508906,84.0,7.0,0.0,2.0,0.0,33.0
2216.019443508906,84.0,7.0,0.0,2.0,0.0,33.0
2216.0201577946204,84.0,7.0,0.0,2.0,0.0,33.0
2216.3201577946206,84.0,7.0,0.0,2.0,0.0,33.0
2216.320872080335,84.0,7.0,0.0,2.0,0.0,33.0
2216.620872080335,84.0,7.0,0.0,2.0,0.0,33.0
2216.6215863660495,84.0,7.0,0.0,2.0,0.0,33.0
2216.9215863660497,84.0,7.0,0.0,2.0,0.0,33.0
2216.922300651764,85.0,7.0,0.0,2.0,0.0,33.0
2217.2223006517643,85.0,7.0,0.0,2.0,0.0,33.0
2217.2230065341173,85.0,7.0,0.0,2.0,0.0,33.0
2217.5230065341175,85.0,7.0,0.0,2.0,0.0,33.0
2217.5237124164705,85.0,7.0,0.0,2.0,0.0,33.0
2217.8237124164707,85.0,7.0,0.0,2.0,0.0,33.0
2217.8244182988237,85.0,7.0,0.0,2.0,0.0,33.0
2218.124418298824,85.0,7.0,0.0,2.0,0.0,33.0
2218.125124181177,85.0,7.0,0.0,2.0,0.0,33.0
2218.425124181177,85.0,7.0,0.0,2.0,0.0,33.0
2218.42583006353,85.0,7.0,0.0,2.0,0.0,33.0
2218.7258300635303,85.0,7.0,0.0,2.0,0.0,33.0
2218.7265359458834,85.0,7.0,0.0,2.0,0.0,33.0
2219.0265359458836,85.0,7.0,0.0,2.0,0.0,33.0
2219.0272418282366,85.0,7.0,0.0,2.0,0.0,33.0
2219.3272418282368,85.0,7.0,0.0,2.0,0.0,33.0
2219.32794771059,85.0,7.0,0.0,2.0,0.0,33.0
2219.62794771059,85.0,7.0,0.0,2.0,0.0,33.0
2219.628653592943,85.0,7.0,0.0,2.0,0.0,33.0
2219.928653592943,85.0,7.0,0.0,2.0,0.0,33.0
2219.929359475296,85.0,7.0,0.0,2.0,0.0,33.0
2220.2293594752964,85.0,7.0,0.0,2.0,0.0,33.0
2220.2300653576494,85.0,7.0,0.0,2.0,0.0,33.0
2220.5300653576496,85.0,7.0,0.0,2.0,0.0,33.0
2220.5307712400027,85.0,7.0,0.0,2.0,0.0,33.0
2220.830771240003,85.0,7.0,0.0,2.0,0.0,33.0
2220.831477122356,85.0,7.0,0.0,2.0,0.0,33.0
2221.131477122356,85.0,7.0,0.0,2.0,0.0,33.0
2221.132183004709,85.0,7.0,0.0,2.0,0.0,33.0
2221.4321830047093,85.0,7.0,0.0,2.0,0.0,33.0
2221.4328888870623,85.0,7.0,0.0,2.0,0.0,33.0
2221.7328888870625,85.0,7.0,0.0,2.0,0.0,33.0
2221.7335947694155,85.0,7.0,0.0,2.0,0.0,33.0
2222.0335947694157,85.0,7.0,0.0,2.0,0.0,33.0
2222.0343006517687,85.0,7.0,0.0,2.0,0.0,33.0
2222.334300651769,85.0,7.0,0.0,2.0,0.0,33.0
2222.335006534122,85.0,7.0,0.0,2.0,0.0,33.0
2222.635006534122,85.0,7.0,0.0,2.0,0.0,33.0
2222.635712416475,85.0,7.0,0.0,2.0,0.0,33.0
2222.9357124164753,85.0,7.0,0.0,2.0,0.0,33.0
2222.9364182988284,85.0,7.0,0.0,2.0,0.0,33.0
2223.2364182988285,85.0,7.0,0.0,2.0,0.0,33.0
2223.2371241811816,85.0,7.0,0.0,2.0,0.0,33.0
2223.5371241811818,85.0,7.0,0.0,2.0,0.0,33.0
2223.537830063535,85.0,7.0,0.0,2.0,0.0,33.0
2223.837830063535,85.0,7.0,0.0,2.0,0.0,33.0
2223.838535945888,85.0,7.0,0.0,2.0,0.0,33.0
2224.138535945888,85.0,7.0,0.0,2.0,0.0,33.0
2224.139241828241,85.0,7.0,0.0,2.0,0.0,33.0
2224.4392418282414,85.0,7.0,0.0,2.0,0.0,33.0
2224.4399477105944,85.0,7.0,0.0,2.0,0.0,33.0
2224.7399477105946,85.0,7.0,0.0,2.0,0.0,33.0
2224.7406535929476,85.0,7.0,0.0,2.0,0.0,33.0
2225.040653592948,85.0,7.0,0.0,2.0,0.0,33.0
2225.041359475301,85.0,7.0,0.0,2.0,0.0,33.0
2225.341359475301,85.0,7.0,0.0,2.0,0.0,33.0
2225.342065357654,85.0,7.0,0.0,2.0,0.0,33.0
2225.6420653576542,85.0,7.0,0.0,2.0,0.0,33.0
2225.6427712400073,86.0,7.0,0.0,2.0,0.0,33.0
2225.9427712400075,86.0,7.0,0.0,2.0,0.0,33.0
2225.943468914426,86.0,7.0,0.0,2.0,0.0,33.0
2226.243468914426,86.0,7.0,0.0,2.0,0.0,33.0
2226.2441665888446,86.0,7.0,0.0,2.0,0.0,33.0
2226.5441665888447,86.0,7.0,0.0,2.0,0.0,33.0
2226.544864263263,86.0,7.0,0.0,2.0,0.0,33.0
2226.8448642632634,86.0,7.0,0.0,2.0,0.0,33.0
2226.845561937682,86.0,7.0,0.0,2.0,0.0,33.0
2227.145561937682,86.0,7.0,0.0,2.0,0.0,33.0
2227.1462596121005,86.0,7.0,0.0,2.0,0.0,33.0
2227.4462596121007,86.0,7.0,0.0,2.0,0.0,33.0
2227.446957286519,86.0,7.0,0.0,2.0,0.0,33.0
2227.7469572865193,86.0,7.0,0.0,2.0,0.0,33.0
2227.747654960938,86.0,7.0,0.0,2.0,0.0,33.0
2228.047654960938,86.0,7.0,0.0,2.0,0.0,33.0
2228.0483526353564,86.0,7.0,0.0,2.0,0.0,33.0
2228.3483526353566,86.0,7.0,0.0,2.0,0.0,33.0
2228.349050309775,86.0,7.0,0.0,2.0,0.0,33.0
2228.6490503097752,86.0,7.0,0.0,2.0,0.0,33.0
2228.6497479841937,86.0,7.0,0.0,2.0,0.0,33.0
2228.949747984194,86.0,7.0,0.0,2.0,0.0,33.0
2228.9504456586124,86.0,7.0,0.0,2.0,0.0,33.0
2229.2504456586125,86.0,7.0,0.0,2.0,0.0,33.0
2229.251143333031,86.0,7.0,0.0,2.0,0.0,33.0
2229.551143333031,86.0,7.0,0.0,2.0,0.0,33.0
2229.5518410074496,86.0,7.0,0.0,2.0,0.0,33.0
2229.85184100745,86.0,7.0,0.0,2.0,0.0,33.0
2229.8525386818683,86.0,7.0,0.0,2.0,0.0,33.0
2230.1525386818685,86.0,7.0,0.0,2.0,0.0,33.0
2230.153236356287,86.0,7.0,0.0,2.0,0.0,33.0
2230.453236356287,86.0,7.0,0.0,2.0,0.0,33.0
2230.4539340307056,86.0,7.0,0.0,2.0,0.0,33.0
2230.7539340307058,86.0,7.0,0.0,2.0,0.0,33.0
2230.754631705124,86.0,7.0,0.0,2.0,0.0,33.0
2231.0546317051244,86.0,7.0,0.0,2.0,0.0,33.0
2231.055329379543,86.0,7.0,0.0,2.0,0.0,33.0
2231.355329379543,86.0,7.0,0.0,2.0,0.0,33.0
2231.3560270539615,86.0,7.0,0.0,2.0,0.0,33.0
2231.6560270539617,86.0,7.0,0.0,2.0,0.0,33.0
2231.65672472838,86.0,7.0,0.0,2.0,0.0,33.0
2231.9567247283803,86.0,7.0,0.0,2.0,0.0,33.0
2231.957422402799,86.0,7.0,0.0,2.0,0.0,33.0
2232.257422402799,86.0,7.0,0.0,2.0,0.0,33.0
2232.2581200772174,86.0,7.0,0.0,2.0,0.0,33.0
2232.5581200772176,86.0,7.0,0.0,2.0,0.0,33.0
2232.558817751636,86.0,7.0,0.0,2.0,0.0,33.0
2232.8588177516363,86.0,7.0,0.0,2.0,0.0,33.0
2232.8595154260547,86.0,7.0,0.0,2.0,0.0,33.0
2233.159515426055,86.0,7.0,0.0,2.0,0.0,33.0
2233.1602131004734,86.0,7.0,0.0,2.0,0.0,33.0
2233.4602131004735,86.0,7.0,0.0,2.0,0.0,33.0
2233.460910774892,86.0,7.0,0.0,2.0,0.0,33.0
2233.760910774892,86.0,7.0,0.0,2.0,0.0,33.0
2233.7616084493106,86.0,7.0,0.0,2.0,0.0,33.0
2234.061608449311,86.0,7.0,0.0,2.0,0.0,33.0
2234.0623061237293,86.0,7.0,0.0,2.0,0.0,33.0
2234.3623061237295,86.0,7.0,0.0,2.0,0.0,33.0
2234.363003798148,86.0,7.0,0.0,2.0,0.0,33.0
2234.663003798148,86.0,7.0,0.0,2.0,0.0,33.0
2234.6637014725666,86.0,7.0,0.0,2.0,0.0,33.0
2234.9637014725668,86.0,7.0,0.0,2.0,0.0,33.0
2234.964399146985,86.0,7.0,0.0,2.0,0.0,33.0
2235.2643991469854,86.0,7.0,0.0,2.0,0.0,33.0
2235.265096821404,86.0,7.0,0.0,2.0,0.0,33.0
2235.565096821404,86.0,7.0,0.0,2.0,0.0,33.0
2235.5657944958225,86.0,7.0,0.0,2.0,0.0,33.0
2235.8657944958227,86.0,7.0,0.0,2.0,0.0,33.0
2235.866492170241,86.0,7.0,0.0,2.0,0.0,33.0
2236.1664921702413,86.0,7.0,0.0,2.0,0.0,33.0
2236.16718984466,86.0,7.0,0.0,2.0,0.0,33.0
2236.46718984466,86.0,7.0,0.0,2.0,0.0,33.0
2236.4678875190784,86.0,7.0,0.0,2.0,0.0,33.0
2236.7678875190786,86.0,7.0,0.0,2.0,0.0,33.0
2236.768585193497,86.0,7.0,0.0,2.0,0.0,33.0
2237.0685851934973,86.0,7.0,0.0,2.0,0.0,33.0
2237.0692828679157,86.0,7.0,0.0,2.0,0.0,33.0
2237.369282867916,86.0,7.0,0.0,2.0,0.0,33.0
2237.3699805423344,86.0,7.0,0.0,2.0,0.0,33.0
2237.6699805423345,86.0,7.0,0.0,2.0,0.0,33.0
2237.670678216753,86.0,7.0,0.0,2.0,0.0,33.0
2237.970678216753,86.0,7.0,0.0,2.0,0.0,33.0
2237.9713758911716,86.0,7.0,0.0,2.0,0.0,33.0
2238.271375891172,86.0,7.0,0.0,2.0,0.0,33.0
2238.2720735655903,86.0,7.0,0.0,2.0,0.0,33.0
2238.5720735655905,86.0,7.0,0.0,2.0,0.0,33.0
2238.572771240009,86.0,7.0,0.0,2.0,0.0,33.0
2238.872771240009,86.0,7.0,0.0,2.0,0.0,33.0
2238.8734689144276,86.0,7.0,0.0,2.0,0.0,33.0
2239.1734689144278,86.0,7.0,0.0,2.0,0.0,33.0
2239.174166588846,86.0,7.0,0.0,2.0,0.0,33.0
2239.4741665888464,86.0,7.0,0.0,2.0,0.0,33.0
2239.474864263265,86.0,7.0,0.0,2.0,0.0,33.0
2239.774864263265,86.0,7.0,0.0,2.0,0.0,33.0
2239.7755619376835,86.0,7.0,0.0,2.0,0.0,33.0
2240.0755619376837,86.0,7.0,0.0,2.0,0.0,33.0
2240.076259612102,86.0,7.0,0.0,2.0,0.0,33.0
2240.3762596121023,86.0,7.0,0.0,2.0,0.0,33.0
2240.376957286521,86.0,7.0,0.0,2.0,0.0,33.0
2240.676957286521,86.0,7.0,0.0,2.0,0.0,33.0
2240.6776549609394,86.0,7.0,0.0,2.0,0.0,33.0
2240.9776549609396,86.0,7.0,0.0,2.0,0.0,33.0
2240.978352635358,86.0,7.0,0.0,2.0,0.0,33.0
2241.2783526353583,86.0,7.0,0.0,2.0,0.0,33.0
2241.2790503097767,86.0,7.0,0.0,2.0,0.0,33.0
2241.579050309777,86.0,7.0,0.0,2.0,0.0,33.0
2241.5797479841954,86.0,7.0,0.0,2.0,0.0,33.0
2241.8797479841955,86.0,7.0,0.0,2.0,0.0,33.0
2241.880445658614,86.0,7.0,0.0,2.0,0.0,33.0
2242.180445658614,86.0,7.0,0.0,2.0,0.0,33.0
2242.1811433330327,86.0,7.0,0.0,2.0,0.0,33.0
2242.481143333033,86.0,7.0,0.0,2.0,0.0,33.0
2242.4818410074513,86.0,7.0,0.0,2.0,0.0,33.0
2242.7818410074515,86.0,7.0,0.0,2.0,0.0,33.0
2242.78253868187,86.0,7.0,0.0,2.0,0.0,33.0
2243.08253868187,86.0,7.0,0.0,2.0,0.0,33.0
2243.0832363562886,86.0,7.0,0.0,2.0,0.0,33.0
2243.3832363562888,86.0,7.0,0.0,2.0,0.0,33.0
2243.383934030707,86.0,7.0,0.0,2.0,0.0,33.0
2243.6839340307074,86.0,7.0,0.0,2.0,0.0,33.0
2243.684631705126,86.0,7.0,0.0,2.0,0.0,33.0
2243.984631705126,86.0,7.0,0.0,2.0,0.0,33.0
2243.9853293795445,86.0,7.0,0.0,2.0,0.0,33.0
2244.2853293795447,86.0,7.0,0.0,2.0,0.0,33.0
2244.286027053963,86.0,7.0,0.0,2.0,0.0,33.0
2244.5860270539633,86.0,7.0,0.0,2.0,0.0,33.0
2244.586724728382,86.0,7.0,0.0,2.0,0.0,33.0
2244.886724728382,86.0,7.0,0.0,2.0,0.0,33.0
2244.8874224028004,86.0,7.0,0.0,2.0,0.0,33.0
2245.1874224028006,86.0,7.0,0.0,2.0,0.0,33.0
2245.188120077219,86.0,7.0,0.0,2.0,0.0,33.0
2245.4881200772193,86.0,7.0,0.0,2.0,0.0,33.0
2245.4888177516377,86.0,7.0,0.0,2.0,0.0,33.0
2245.788817751638,86.0,7.0,0.0,2.0,0.0,33.0
2245.7895154260564,86.0,7.0,0.0,2.0,0.0,33.0
2246.0895154260566,86.0,7.0,0.0,2.0,0.0,33.0
2246.090213100475,86.0,7.0,0.0,2.0,0.0,33.0
2246.390213100475,86.0,7.0,0.0,2.0,0.0,33.0
2246.3909107748937,86.0,7.0,0.0,2.0,0.0,33.0
2246.690910774894,86.0,7.0,0.0,2.0,0.0,33.0
2246.6916084493123,86.0,7.0,0.0,2.0,0.0,33.0
2246.9916084493125,86.0,7.0,0.0,2.0,0.0,33.0
2246.992306123731,86.0,7.0,0.0,2.0,0.0,33.0
2247.292306123731,86.0,7.0,0.0,2.0,0.0,33.0
2247.2930037981496,86.0,7.0,0.0,2.0,0.0,33.0
2247.5930037981498,86.0,7.0,0.0,2.0,0.0,33.0
2247.5937014725682,86.0,7.0,0.0,2.0,0.0,33.0
2247.8937014725684,86.0,7.0,0.0,2.0,0.0,33.0
2247.894399146987,86.0,7.0,0.0,2.0,0.0,33.0
2248.194399146987,86.0,7.0,0.0,2.0,0.0,33.0
2248.1950968214055,86.0,7.0,0.0,2.0,0.0,33.0
2248.4950968214057,86.0,7.0,0.0,2.0,0.0,33.0
2248.495794495824,86.0,7.0,0.0,2.0,0.0,33.0
2248.7957944958243,86.0,7.0,0.0,2.0,0.0,33.0
2248.796492170243,86.0,7.0,0.0,2.0,0.0,33.0
2249.096492170243,86.0,7.0,0.0,2.0,0.0,33.0
2249.0971898446614,86.0,7.0,0.0,2.0,0.0,33.0
2249.3971898446616,86.0,7.0,0.0,2.0,0.0,33.0
2249.39788751908,86.0,7.0,0.0,2.0,0.0,33.0
2249.6978875190803,86.0,7.0,0.0,2.0,0.0,33.0
2249.6985851934987,86.0,7.0,0.0,2.0,0.0,33.0
2249.998585193499,86.0,7.0,0.0,2.0,0.0,33.0
2249.9992828679174,86.0,7.0,0.0,2.0,0.0,33.0
2250.2992828679176,86.0,7.0,0.0,2.0,0.0,33.0
2250.299980542336,86.0,7.0,0.0,2.0,0.0,33.0
2250.599980542336,86.0,7.0,0.0,2.0,0.0,33.0
2250.6006782167547,86.0,7.0,0.0,2.0,0.0,33.0
2250.900678216755,86.0,7.0,0.0,2.0,0.0,33.0
2250.9013758911733,86.0,7.0,0.0,2.0,0.0,33.0
2251.2013758911735,86.0,7.0,0.0,2.0,0.0,33.0
2251.202073565592,86.0,7.0,0.0,2.0,0.0,33.0
2251.502073565592,86.0,7.0,0.0,2.0,0.0,33.0
2251.5027712400106,86.0,7.0,0.0,2.0,0.0,33.0
2251.8027712400108,86.0,7.0,0.0,2.0,0.0,33.0
2251.8034689144292,86.0,7.0,0.0,2.0,0.0,33.0
2252.1034689144294,86.0,7.0,0.0,2.0,0.0,33.0
2252.104166588848,86.0,7.0,0.0,2.0,0.0,33.0
2252.404166588848,86.0,7.0,0.0,2.0,0.0,33.0
2252.4048642632665,86.0,7.0,0.0,2.0,0.0,33.0
2252.7048642632667,86.0,7.0,0.0,2.0,0.0,33.0
2252.705561937685,86.0,7.0,0.0,2.0,0.0,33.0
2253.0055619376853,86.0,7.0,0.0,2.0,0.0,33.0
2253.006259612104,86.0,7.0,0.0,2.0,0.0,33.0
2253.306259612104,86.0,7.0,0.0,2.0,0.0,33.0
2253.3069572865224,86.0,7.0,0.0,2.0,0.0,33.0
2253.6069572865226,86.0,7.0,0.0,2.0,0.0,33.0
2253.607654960941,86.0,7.0,0.0,2.0,0.0,33.0
2253.9076549609413,86.0,7.0,0.0,2.0,0.0,33.0
2253.9083526353597,86.0,7.0,0.0,2.0,0.0,33.0
2254.20835263536,86.0,7.0,0.0,2.0,0.0,33.0
2254.2090503097784,86.0,7.0,0.0,2.0,0.0,33.0
2254.5090503097786,86.0,7.0,0.0,2.0,0.0,33.0
2254.509747984197,86.0,7.0,0.0,2.0,0.0,33.0
2254.809747984197,86.0,7.0,0.0,2.0,0.0,33.0
2254.8104456586157,86.0,7.0,0.0,2.0,0.0,33.0
2255.110445658616,86.0,7.0,0.0,2.0,0.0,33.0
2255.1111433330343,86.0,7.0,0.0,2.0,0.0,33.0
2255.4111433330345,86.0,7.0,0.0,2.0,0.0,33.0
2255.411841007453,86.0,7.0,0.0,2.0,0.0,33.0
2255.711841007453,86.0,7.0,0.0,2.0,0.0,33.0
2255.7125386818716,86.0,7.0,0.0,2.0,0.0,33.0
2256.012538681872,86.0,7.0,0.0,2.0,0.0,33.0
2256.0132363562902,86.0,7.0,0.0,2.0,0.0,33.0
2256.3132363562904,86.0,7.0,0.0,2.0,0.0,33.0
2256.313934030709,86.0,7.0,0.0,2.0,0.0,33.0
2256.613934030709,86.0,7.0,0.0,2.0,0.0,33.0
2256.6146317051275,86.0,7.0,0.0,2.0,0.0,33.0
2256.9146317051277,86.0,7.0,0.0,2.0,0.0,33.0
2256.915329379546,86.0,7.0,0.0,2.0,0.0,33.0
2257.2153293795463,86.0,7.0,0.0,2.0,0.0,33.0
2257.216027053965,86.0,7.0,0.0,2.0,0.0,33.0
2257.516027053965,86.0,7.0,0.0,2.0,0.0,33.0
2257.5167247283835,86.0,7.0,0.0,2.0,0.0,33.0
2257.8167247283836,86.0,7.0,0.0,2.0,0.0,33.0
2257.817422402802,86.0,7.0,0.0,2.0,0.0,33.0
2258.1174224028023,86.0,7.0,0.0,2.0,0.0,33.0
2258.1181200772207,86.0,7.0,0.0,2.0,0.0,33.0
2258.418120077221,86.0,7.0,0.0,2.0,0.0,33.0
2258.4188177516394,86.0,7.0,0.0,2.0,0.0,33.0
2258.7188177516396,86.0,7.0,0.0,2.0,0.0,33.0
2258.719515426058,86.0,7.0,0.0,2.0,0.0,33.0
2259.019515426058,86.0,7.0,0.0,2.0,0.0,33.0
2259.0202131004767,86.0,7.0,0.0,2.0,0.0,33.0
2259.320213100477,86.0,7.0,0.0,2.0,0.0,33.0
2259.3209107748953,86.0,7.0,0.0,2.0,0.0,33.0
2259.6209107748955,86.0,7.0,0.0,2.0,0.0,33.0
2259.621608449314,87.0,7.0,0.0,2.0,0.0,33.0
2259.921608449314,87.0,7.0,0.0,2.0,0.0,33.0
2259.9222981044863,87.0,7.0,0.0,2.0,0.0,33.0
2260.2222981044865,87.0,7.0,0.0,2.0,0.0,33.0
2260.2229877596587,87.0,7.0,0.0,2.0,0.0,33.0
2260.522987759659,87.0,7.0,0.0,2.0,0.0,33.0
2260.523677414831,87.0,7.0,0.0,2.0,0.0,33.0
2260.8236774148313,87.0,7.0,0.0,2.0,0.0,33.0
2260.8243670700035,87.0,7.0,0.0,2.0,0.0,33.0
2261.1243670700037,87.0,7.0,0.0,2.0,0.0,33.0
2261.125056725176,87.0,7.0,0.0,2.0,0.0,33.0
2261.425056725176,87.0,7.0,0.0,2.0,0.0,33.0
2261.4257463803483,87.0,7.0,0.0,2.0,0.0,33.0
2261.7257463803485,87.0,7.0,0.0,2.0,0.0,33.0
2261.7264360355207,87.0,7.0,0.0,2.0,0.0,33.0
2262.026436035521,87.0,7.0,0.0,2.0,0.0,33.0
2262.027125690693,87.0,7.0,0.0,2.0,0.0,33.0
2262.3271256906933,87.0,7.0,0.0,2.0,0.0,33.0
2262.3278153458655,87.0,7.0,0.0,2.0,0.0,33.0
2262.6278153458657,87.0,7.0,0.0,2.0,0.0,33.0
2262.628505001038,87.0,7.0,0.0,2.0,0.0,33.0
2262.928505001038,87.0,7.0,0.0,2.0,0.0,33.0
2262.9291946562103,87.0,7.0,0.0,2.0,0.0,33.0
2263.2291946562104,87.0,7.0,0.0,2.0,0.0,33.0
2263.2298843113826,87.0,7.0,0.0,2.0,0.0,33.0
2263.529884311383,87.0,7.0,0.0,2.0,0.0,33.0
2263.530573966555,87.0,7.0,0.0,2.0,0.0,33.0
2263.830573966555,87.0,7.0,0.0,2.0,0.0,33.0
2263.8312636217274,87.0,7.0,0.0,2.0,0.0,33.0
2264.1312636217276,87.0,7.0,0.0,2.0,0.0,33.0
2264.1319532769,87.0,7.0,0.0,2.0,0.0,33.0
2264.4319532769,87.0,7.0,0.0,2.0,0.0,33.0
2264.432642932072,87.0,7.0,0.0,2.0,0.0,33.0
2264.7326429320724,87.0,7.0,0.0,2.0,0.0,33.0
2264.7333325872446,87.0,7.0,0.0,2.0,0.0,33.0
2265.033332587245,87.0,7.0,0.0,2.0,0.0,33.0
2265.034022242417,87.0,7.0,0.0,2.0,0.0,33.0
2265.334022242417,87.0,7.0,0.0,2.0,0.0,33.0
2265.3347118975894,87.0,7.0,0.0,2.0,0.0,33.0
2265.6347118975896,87.0,7.0,0.0,2.0,0.0,33.0
2265.635401552762,87.0,7.0,0.0,2.0,0.0,33.0
2265.935401552762,87.0,7.0,0.0,2.0,0.0,33.0
2265.936091207934,87.0,7.0,0.0,2.0,0.0,33.0
2266.2360912079344,87.0,7.0,0.0,2.0,0.0,33.0
2266.2367808631066,87.0,7.0,0.0,2.0,0.0,33.0
2266.5367808631067,87.0,7.0,0.0,2.0,0.0,33.0
2266.537470518279,87.0,7.0,0.0,2.0,0.0,33.0
2266.837470518279,87.0,7.0,0.0,2.0,0.0,33.0
2266.8381601734513,87.0,7.0,0.0,2.0,0.0,33.0
2267.1381601734515,87.0,7.0,0.0,2.0,0.0,33.0
2267.1388498286237,87.0,7.0,0.0,2.0,0.0,33.0
2267.438849828624,87.0,7.0,0.0,2.0,0.0,33.0
2267.439539483796,87.0,7.0,0.0,2.0,0.0,33.0
2267.7395394837963,87.0,7.0,0.0,2.0,0.0,33.0
2267.7402291389685,87.0,7.0,0.0,2.0,0.0,33.0
2268.0402291389687,87.0,7.0,0.0,2.0,0.0,33.0
2268.040918794141,87.0,7.0,0.0,2.0,0.0,33.0
2268.340918794141,87.0,7.0,0.0,2.0,0.0,33.0
2268.3416084493133,87.0,7.0,0.0,2.0,0.0,33.0
2268.6416084493135,87.0,7.0,0.0,2.0,0.0,33.0
2268.6422981044857,87.0,7.0,0.0,2.0,0.0,33.0
2268.942298104486,87.0,7.0,0.0,2.0,0.0,33.0
2268.942987759658,87.0,7.0,0.0,2.0,0.0,33.0
2269.2429877596583,87.0,7.0,0.0,2.0,0.0,33.0
2269.2436774148305,87.0,7.0,0.0,2.0,0.0,33.0
2269.5436774148307,87.0,7.0,0.0,2.0,0.0,33.0
2269.544367070003,87.0,7.0,0.0,2.0,0.0,33.0
2269.844367070003,87.0,7.0,0.0,2.0,0.0,33.0
2269.8450567251753,87.0,7.0,0.0,2.0,0.0,33.0
2270.1450567251754,87.0,7.0,0.0,2.0,0.0,33.0
2270.1457463803476,87.0,7.0,0.0,2.0,0.0,33.0
2270.445746380348,87.0,7.0,0.0,2.0,0.0,33.0
2270.44643603552,87.0,7.0,0.0,2.0,0.0,33.0
2270.74643603552,87.0,7.0,0.0,2.0,0.0,33.0
2270.7471256906924,87.0,7.0,0.0,2.0,0.0,33.0
2271.0471256906926,87.0,7.0,0.0,2.0,0.0,33.0
2271.047815345865,87.0,7.0,0.0,2.0,0.0,33.0
2271.347815345865,87.0,7.0,0.0,2.0,0.0,33.0
2271.348505001037,87.0,7.0,0.0,2.0,0.0,33.0
2271.6485050010374,87.0,7.0,0.0,2.0,0.0,33.0
2271.6491946562096,87.0,7.0,0.0,2.0,0.0,33.0
2271.94919465621,87.0,7.0,0.0,2.0,0.0,33.0
2271.949884311382,87.0,7.0,0.0,2.0,0.0,33.0
2272.249884311382,87.0,7.0,0.0,2.0,0.0,33.0
2272.2505739665544,87.0,7.0,0.0,2.0,0.0,33.0
2272.5505739665546,87.0,7.0,0.0,2.0,0.0,33.0
2272.551263621727,87.0,7.0,0.0,2.0,0.0,33.0
2272.851263621727,87.0,7.0,0.0,2.0,0.0,33.0
2272.851953276899,87.0,7.0,0.0,2.0,0.0,33.0
2273.1519532768993,87.0,7.0,0.0,2.0,0.0,33.0
2273.1526429320716,87.0,7.0,0.0,2.0,0.0,33.0
2273.4526429320717,87.0,7.0,0.0,2.0,0.0,33.0
2273.453332587244,87.0,7.0,0.0,2.0,0.0,33.0
2273.753332587244,87.0,7.0,0.0,2.0,0.0,33.0
2273.7540222424163,87.0,7.0,0.0,2.0,0.0,33.0
2274.0540222424165,87.0,7.0,0.0,2.0,0.0,33.0
2274.0547118975887,87.0,7.0,0.0,2.0,0.0,33.0
2274.354711897589,87.0,7.0,0.0,2.0,0.0,33.0
2274.355401552761,87.0,7.0,0.0,2.0,0.0,33.0
2274.6554015527613,87.0,7.0,0.0,2.0,0.0,33.0
2274.6560912079335,87.0,7.0,0.0,2.0,0.0,33.0
2274.9560912079337,87.0,7.0,0.0,2.0,0.0,33.0
2274.956780863106,87.0,7.0,0.0,2.0,0.0,33.0
2275.256780863106,87.0,7.0,0.0,2.0,0.0,33.0
2275.2574705182783,87.0,7.0,0.0,2.0,0.0,33.0
2275.5574705182785,87.0,7.0,0.0,2.0,0.0,33.0
2275.5581601734507,87.0,7.0,0.0,2.0,0.0,33.0
2275.858160173451,87.0,7.0,0.0,2.0,0.0,33.0
2275.858849828623,87.0,7.0,0.0,2.0,0.0,33.0
2276.1588498286233,87.0,7.0,0.0,2.0,0.0,33.0
2276.1595394837955,87.0,7.0,0.0,2.0,0.0,33.0
2276.4595394837957,87.0,7.0,0.0,2.0,0.0,33.0
2276.460229138968,87.0,7.0,0.0,2.0,0.0,33.0
2276.760229138968,87.0,7.0,0.0,2.0,0.0,33.0
2276.7609187941403,87.0,7.0,0.0,2.0,0.0,33.0
2277.0609187941404,87.0,7.0,0.0,2.0,0.0,33.0
2277.0616084493126,87.0,7.0,0.0,2.0,0.0,33.0
2277.361608449313,87.0,7.0,0.0,2.0,0.0,33.0
2277.362298104485,87.0,7.0,0.0,2.0,0.0,33.0
2277.662298104485,87.0,7.0,0.0,2.0,0.0,33.0
2277.6629877596574,87.0,7.0,0.0,2.0,0.0,33.0
2277.9629877596576,87.0,7.0,0.0,2.0,0.0,33.0
2277.96367741483,87.0,7.0,0.0,2.0,0.0,33.0
2278.26367741483,87.0,7.0,0.0,2.0,0.0,33.0
2278.264367070002,87.0,7.0,0.0,2.0,0.0,33.0
2278.5643670700024,87.0,7.0,0.0,2.0,0.0,33.0
2278.5650567251746,87.0,7.0,0.0,2.0,0.0,33.0
2278.865056725175,87.0,7.0,0.0,2.0,0.0,33.0
2278.865746380347,87.0,7.0,0.0,2.0,0.0,33.0
2279.165746380347,87.0,7.0,0.0,2.0,0.0,33.0
2279.1664360355194,87.0,7.0,0.0,2.0,0.0,33.0
2279.4664360355196,87.0,7.0,0.0,2.0,0.0,33.0
2279.467125690692,87.0,7.0,0.0,2.0,0.0,33.0
2279.767125690692,87.0,7.0,0.0,2.0,0.0,33.0
2279.767815345864,87.0,7.0,0.0,2.0,0.0,33.0
2280.0678153458643,87.0,7.0,0.0,2.0,0.0,33.0
2280.0685050010366,87.0,7.0,0.0,2.0,0.0,33.0
2280.3685050010367,87.0,7.0,0.0,2.0,0.0,33.0
2280.369194656209,87.0,7.0,0.0,2.0,0.0,33.0
2280.669194656209,87.0,7.0,0.0,2.0,0.0,33.0
2280.6698843113813,87.0,7.0,0.0,2.0,0.0,33.0
2280.9698843113815,87.0,7.0,0.0,2.0,0.0,33.0
2280.9705739665537,87.0,7.0,0.0,2.0,0.0,33.0
2281.270573966554,87.0,7.0,0.0,2.0,0.0,33.0
2281.271263621726,87.0,7.0,0.0,2.0,0.0,33.0
2281.5712636217263,87.0,7.0,0.0,2.0,0.0,33.0
2281.5719532768985,87.0,7.0,0.0,2.0,0.0,33.0
2281.8719532768987,87.0,7.0,0.0,2.0,0.0,33.0
2281.872642932071,87.0,7.0,0.0,2.0,0.0,33.0
2282.172642932071,87.0,7.0,0.0,2.0,0.0,33.0
2282.1733325872433,87.0,7.0,0.0,2.0,0.0,33.0
2282.4733325872435,87.0,7.0,0.0,2.0,0.0,33.0
2282.4740222424157,87.0,7.0,0.0,2.0,0.0,33.0
2282.774022242416,87.0,7.0,0.0,2.0,0.0,33.0
2282.774711897588,87.0,7.0,0.0,2.0,0.0,33.0
2283.0747118975883,87.0,7.0,0.0,2.0,0.0,33.0
2283.0754015527605,87.0,7.0,0.0,2.0,0.0,33.0
2283.3754015527606,87.0,7.0,0.0,2.0,0.0,33.0
2283.376091207933,87.0,7.0,0.0,2.0,0.0,33.0
2283.676091207933,87.0,7.0,0.0,2.0,0.0,33.0
2283.6767808631053,87.0,7.0,0.0,2.0,0.0,33.0
2283.9767808631054,87.0,7.0,0.0,2.0,0.0,33.0
2283.9774705182776,87.0,7.0,0.0,2.0,0.0,33.0
2284.277470518278,87.0,7.0,0.0,2.0,0.0,33.0
2284.27816017345,87.0,7.0,0.0,2.0,0.0,33.0
2284.57816017345,87.0,7.0,0.0,2.0,0.0,33.0
2284.5788498286224,87.0,7.0,0.0,2.0,0.0,33.0
2284.8788498286226,87.0,7.0,0.0,2.0,0.0,33.0
2284.879539483795,87.0,7.0,0.0,2.0,0.0,33.0
2285.179539483795,87.0,7.0,0.0,2.0,0.0,33.0
2285.180229138967,87.0,7.0,0.0,2.0,0.0,33.0
2285.4802291389674,87.0,7.0,0.0,2.0,0.0,33.0
2285.4809187941396,87.0,7.0,0.0,2.0,0.0,33.0
2285.78091879414,87.0,7.0,0.0,2.0,0.0,33.0
2285.781608449312,87.0,7.0,0.0,2.0,0.0,33.0
2286.081608449312,87.0,7.0,0.0,2.0,0.0,33.0
2286.0822981044844,87.0,7.0,0.0,2.0,0.0,33.0
2286.3822981044846,87.0,7.0,0.0,2.0,0.0,33.0
2286.3829877596568,87.0,7.0,0.0,2.0,0.0,33.0
2286.682987759657,87.0,7.0,0.0,2.0,0.0,33.0
2286.683677414829,87.0,7.0,0.0,2.0,0.0,33.0
2286.9836774148293,87.0,7.0,0.0,2.0,0.0,33.0
2286.9843670700016,87.0,7.0,0.0,2.0,0.0,33.0
2287.2843670700017,87.0,7.0,0.0,2.0,0.0,33.0
2287.285056725174,87.0,7.0,0.0,2.0,0.0,33.0
2287.585056725174,87.0,7.0,0.0,2.0,0.0,33.0
2287.5857463803463,87.0,7.0,0.0,2.0,0.0,33.0
2287.8857463803465,87.0,7.0,0.0,2.0,0.0,33.0
2287.8864360355187,87.0,7.0,0.0,2.0,0.0,33.0
2288.186436035519,87.0,7.0,0.0,2.0,0.0,33.0
2288.187125690691,87.0,7.0,0.0,2.0,0.0,33.0
2288.4871256906913,87.0,7.0,0.0,2.0,0.0,33.0
2288.4878153458635,87.0,7.0,0.0,2.0,0.0,33.0
2288.7878153458637,87.0,7.0,0.0,2.0,0.0,33.0
2288.788505001036,87.0,7.0,0.0,2.0,0.0,33.0
2289.088505001036,87.0,7.0,0.0,2.0,0.0,33.0
2289.0891946562083,87.0,7.0,0.0,2.0,0.0,33.0
2289.3891946562085,87.0,7.0,0.0,2.0,0.0,33.0
2289.3898843113807,87.0,7.0,0.0,2.0,0.0,33.0
2289.689884311381,87.0,7.0,0.0,2.0,0.0,33.0
2289.690573966553,87.0,7.0,0.0,2.0,0.0,33.0
2289.9905739665533,87.0,7.0,0.0,2.0,0.0,33.0
2289.9912636217255,87.0,7.0,0.0,2.0,0.0,33.0
2290.2912636217256,87.0,7.0,0.0,2.0,0.0,33.0
2290.291953276898,87.0,7.0,0.0,2.0,0.0,33.0
2290.591953276898,87.0,7.0,0.0,2.0,0.0,33.0
2290.5926429320702,87.0,7.0,0.0,2.0,0.0,33.0
2290.8926429320704,87.0,7.0,0.0,2.0,0.0,33.0
2290.8933325872426,87.0,7.0,0.0,2.0,0.0,33.0
2291.193332587243,87.0,7.0,0.0,2.0,0.0,33.0
2291.194022242415,87.0,7.0,0.0,2.0,0.0,33.0
2291.494022242415,87.0,7.0,0.0,2.0,0.0,33.0
2291.4947118975874,87.0,7.0,0.0,2.0,0.0,33.0
2291.7947118975876,87.0,7.0,0.0,2.0,0.0,33.0
2291.79540155276,87.0,7.0,0.0,2.0,0.0,33.0
2292.09540155276,87.0,7.0,0.0,2.0,0.0,33.0
2292.096091207932,87.0,7.0,0.0,2.0,0.0,33.0
2292.3960912079324,87.0,7.0,0.0,2.0,0.0,33.0
2292.3967808631046,87.0,7.0,0.0,2.0,0.0,33.0
2292.696780863105,87.0,7.0,0.0,2.0,0.0,33.0
2292.697470518277,87.0,7.0,0.0,2.0,0.0,33.0
2292.997470518277,87.0,7.0,0.0,2.0,0.0,33.0
2292.9981601734494,87.0,7.0,0.0,2.0,0.0,33.0
2293.2981601734496,87.0,7.0,0.0,2.0,0.0,33.0
2293.2988498286218,87.0,7.0,0.0,2.0,0.0,33.0
2293.598849828622,87.0,7.0,0.0,2.0,0.0,33.0
2293.599539483794,87.0,7.0,0.0,2.0,0.0,33.0
2293.8995394837943,87.0,7.0,0.0,2.0,0.0,33.0
2293.9002291389666,87.0,7.0,0.0,2.0,0.0,33.0
2294.2002291389667,87.0,7.0,0.0,2.0,0.0,33.0
2294.200918794139,87.0,7.0,0.0,2.0,0.0,33.0
2294.500918794139,87.0,7.0,0.0,2.0,0.0,33.0
2294.5016084493113,87.0,7.0,0.0,2.0,0.0,33.0
2294.8016084493115,87.0,7.0,0.0,2.0,0.0,33.0
2294.8022981044837,87.0,7.0,0.0,2.0,0.0,33.0
2295.102298104484,87.0,7.0,0.0,2.0,0.0,33.0
2295.102987759656,87.0,7.0,0.0,2.0,0.0,33.0
2295.4029877596563,87.0,7.0,0.0,2.0,0.0,33.0
2295.4036774148285,87.0,7.0,0.0,2.0,0.0,33.0
2295.7036774148287,87.0,7.0,0.0,2.0,0.0,33.0
2295.704367070001,87.0,7.0,0.0,2.0,0.0,33.0
2296.004367070001,87.0,7.0,0.0,2.0,0.0,33.0
2296.0050567251733,87.0,7.0,0.0,2.0,0.0,33.0
2296.3050567251735,87.0,7.0,0.0,2.0,0.0,33.0
2296.3057463803457,87.0,7.0,0.0,2.0,0.0,33.0
2296.605746380346,87.0,7.0,0.0,2.0,0.0,33.0
2296.606436035518,87.0,7.0,0.0,2.0,0.0,33.0
2296.9064360355183,87.0,7.0,0.0,2.0,0.0,33.0
2296.9071256906905,87.0,7.0,0.0,2.0,0.0,33.0
2297.2071256906906,87.0,7.0,0.0,2.0,0.0,33.0
2297.207815345863,87.0,7.0,0.0,2.0,0.0,33.0
2297.507815345863,87.0,7.0,0.0,2.0,0.0,33.0
2297.5085050010352,87.0,7.0,0.0,2.0,0.0,33.0
2297.8085050010354,87.0,7.0,0.0,2.0,0.0,33.0
2297.8091946562076,87.0,7.0,0.0,2.0,0.0,33.0
2298.109194656208,87.0,7.0,0.0,2.0,0.0,33.0
2298.10988431138,87.0,7.0,0.0,2.0,0.0,33.0
2298.40988431138,87.0,7.0,0.0,2.0,0.0,33.0
2298.4105739665524,87.0,7.0,0.0,2.0,0.0,33.0
2298.7105739665526,87.0,7.0,0.0,2.0,0.0,33.0
2298.711263621725,87.0,7.0,0.0,2.0,0.0,33.0
2299.011263621725,87.0,7.0,0.0,2.0,0.0,33.0
2299.011953276897,87.0,7.0,0.0,2.0,0.0,33.0
2299.3119532768974,87.0,7.0,0.0,2.0,0.0,33.0
2299.3126429320696,87.0,7.0,0.0,2.0,0.0,33.0
2299.61264293207,87.0,7.0,0.0,2.0,0.0,33.0
2299.613332587242,87.0,7.0,0.0,2.0,0.0,33.0
2299.913332587242,87.0,7.0,0.0,2.0,0.0,33.0
2299.9140222424144,87.0,7.0,0.0,2.0,0.0,33.0
2300.2140222424146,87.0,7.0,0.0,2.0,0.0,33.0
2300.2147118975868,87.0,7.0,0.0,2.0,0.0,33.0
2300.514711897587,87.0,7.0,0.0,2.0,0.0,33.0
2300.515401552759,87.0,7.0,0.0,2.0,0.0,33.0
2300.8154015527593,87.0,7.0,0.0,2.0,0.0,33.0
2300.8160912079315,87.0,7.0,0.0,2.0,0.0,33.0
2301.1160912079317,87.0,7.0,0.0,2.0,0.0,33.0
2301.116780863104,87.0,7.0,0.0,2.0,0.0,33.0
2301.416780863104,87.0,7.0,0.0,2.0,0.0,33.0
2301.4174705182763,87.0,7.0,0.0,2.0,0.0,33.0
2301.7174705182765,87.0,7.0,0.0,2.0,0.0,33.0
2301.7181601734487,87.0,7.0,0.0,2.0,0.0,33.0
2302.018160173449,87.0,7.0,0.0,2.0,0.0,33.0
2302.018849828621,87.0,7.0,0.0,2.0,0.0,33.0
2302.3188498286213,87.0,7.0,0.0,2.0,0.0,33.0
2302.3195394837935,87.0,7.0,0.0,2.0,0.0,33.0
2302.6195394837937,87.0,7.0,0.0,2.0,0.0,33.0
2302.620229138966,87.0,7.0,0.0,2.0,0.0,33.0
2302.920229138966,87.0,7.0,0.0,2.0,0.0,33.0
2302.9209187941383,87.0,7.0,0.0,2.0,0.0,33.0
2303.2209187941385,87.0,7.0,0.0,2.0,0.0,33.0
2303.2216084493107,87.0,7.0,0.0,2.0,0.0,33.0
2303.521608449311,87.0,7.0,0.0,2.0,0.0,33.0
2303.522298104483,87.0,7.0,0.0,2.0,0.0,33.0
2303.8222981044833,87.0,7.0,0.0,2.0,0.0,33.0
2303.8229877596555,87.0,7.0,0.0,2.0,0.0,33.0
2304.1229877596556,87.0,7.0,0.0,2.0,0.0,33.0
2304.123677414828,87.0,7.0,0.0,2.0,0.0,33.0
2304.423677414828,87.0,7.0,0.0,2.0,0.0,33.0
2304.4243670700002,87.0,7.0,0.0,2.0,0.0,33.0
2304.7243670700004,87.0,7.0,0.0,2.0,0.0,33.0
2304.7250567251726,87.0,7.0,0.0,2.0,0.0,33.0
2305.025056725173,87.0,7.0,0.0,2.0,0.0,33.0
2305.025746380345,87.0,7.0,0.0,2.0,0.0,33.0
2305.325746380345,87.0,7.0,0.0,2.0,0.0,33.0
2305.3264360355174,87.0,7.0,0.0,2.0,0.0,33.0
2305.6264360355176,87.0,7.0,0.0,2.0,0.0,33.0
2305.62712569069,87.0,7.0,0.0,2.0,0.0,33.0
2305.92712569069,87.0,7.0,0.0,2.0,0.0,33.0
2305.927815345862,87.0,7.0,0.0,2.0,0.0,33.0
2306.2278153458624,87.0,7.0,0.0,2.0,0.0,33.0
2306.2285050010346,87.0,7.0,0.0,2.0,0.0,33.0
2306.528505001035,87.0,7.0,0.0,2.0,0.0,33.0
2306.529194656207,87.0,7.0,0.0,2.0,0.0,33.0
2306.829194656207,87.0,7.0,0.0,2.0,0.0,33.0
2306.8298843113794,87.0,7.0,0.0,2.0,0.0,33.0
2307.1298843113796,87.0,7.0,0.0,2.0,0.0,33.0
2307.1305739665518,87.0,7.0,0.0,2.0,0.0,33.0
2307.430573966552,87.0,7.0,0.0,2.0,0.0,33.0
2307.431263621724,87.0,7.0,0.0,2.0,0.0,33.0
2307.7312636217243,87.0,7.0,0.0,2.0,0.0,33.0
2307.7319532768965,87.0,7.0,0.0,2.0,0.0,33.0
2308.0319532768967,87.0,7.0,0.0,2.0,0.0,33.0
2308.032642932069,87.0,7.0,0.0,2.0,0.0,33.0
2308.332642932069,87.0,7.0,0.0,2.0,0.0,33.0
2308.3333325872413,87.0,7.0,0.0,2.0,0.0,33.0
2308.6333325872415,87.0,7.0,0.0,2.0,0.0,33.0
2308.6340222424137,87.0,7.0,0.0,2.0,0.0,33.0
2308.934022242414,87.0,7.0,0.0,2.0,0.0,33.0
2308.934711897586,87.0,7.0,0.0,2.0,0.0,33.0
2309.2347118975863,87.0,7.0,0.0,2.0,0.0,33.0
2309.2354015527585,87.0,7.0,0.0,2.0,0.0,33.0
2309.5354015527587,87.0,7.0,0.0,2.0,0.0,33.0
2309.536091207931,87.0,7.0,0.0,2.0,0.0,33.0
2309.836091207931,87.0,7.0,0.0,2.0,0.0,33.0
2309.8367808631033,87.0,7.0,0.0,2.0,0.0,33.0
2310.1367808631035,87.0,7.0,0.0,2.0,0.0,33.0
2310.1374705182757,87.0,7.0,0.0,2.0,0.0,33.0
2310.437470518276,87.0,7.0,0.0,2.0,0.0,33.0
2310.438160173448,87.0,7.0,0.0,2.0,0.0,33.0
2310.7381601734483,87.0,7.0,0.0,2.0,0.0,33.0
2310.7388498286205,87.0,7.0,0.0,2.0,0.0,33.0
2311.0388498286206,87.0,7.0,0.0,2.0,0.0,33.0
2311.039539483793,87.0,7.0,0.0,2.0,0.0,33.0
2311.339539483793,87.0,7.0,0.0,2.0,0.0,33.0
2311.3402291389652,87.0,7.0,0.0,2.0,0.0,33.0
2311.6402291389654,87.0,7.0,0.0,2.0,0.0,33.0
2311.6409187941376,87.0,7.0,0.0,2.0,0.0,33.0
2311.940918794138,87.0,7.0,0.0,2.0,0.0,33.0
2311.94160844931,87.0,7.0,0.0,2.0,0.0,33.0
2312.24160844931,87.0,7.0,0.0,2.0,0.0,33.0
2312.2422981044824,87.0,7.0,0.0,2.0,0.0,33.0
2312.5422981044826,87.0,7.0,0.0,2.0,0.0,33.0
2312.542987759655,87.0,7.0,0.0,2.0,0.0,33.0
2312.842987759655,87.0,7.0,0.0,2.0,0.0,33.0
2312.843677414827,87.0,7.0,0.0,2.0,0.0,33.0
2313.1436774148274,87.0,7.0,0.0,2.0,0.0,33.0
2313.1443670699996,87.0,7.0,0.0,2.0,0.0,33.0
2313.4443670699998,87.0,7.0,0.0,2.0,0.0,33.0
2313.445056725172,87.0,7.0,0.0,2.0,0.0,33.0
2313.745056725172,87.0,7.0,0.0,2.0,0.0,33.0
2313.7457463803444,87.0,7.0,0.0,2.0,0.0,33.0
2314.0457463803446,87.0,7.0,0.0,2.0,0.0,33.0
2314.0464360355168,87.0,7.0,0.0,2.0,0.0,33.0
2314.346436035517,87.0,7.0,0.0,2.0,0.0,33.0
2314.347125690689,87.0,7.0,0.0,2.0,0.0,33.0
2314.6471256906893,87.0,7.0,0.0,2.0,0.0,33.0
2314.6478153458615,87.0,7.0,0.0,2.0,0.0,33.0
2314.9478153458617,87.0,7.0,0.0,2.0,0.0,33.0
2314.948505001034,87.0,7.0,0.0,2.0,0.0,33.0
2315.248505001034,87.0,7.0,0.0,2.0,0.0,33.0
2315.2491946562063,87.0,7.0,0.0,2.0,0.0,33.0
2315.5491946562065,87.0,7.0,0.0,2.0,0.0,33.0
2315.5498843113787,87.0,7.0,0.0,2.0,0.0,33.0
2315.849884311379,87.0,7.0,0.0,2.0,0.0,33.0
2315.850573966551,87.0,7.0,0.0,2.0,0.0,33.0
2316.1505739665513,87.0,7.0,0.0,2.0,0.0,33.0
2316.1512636217235,87.0,7.0,0.0,2.0,0.0,33.0
2316.4512636217237,87.0,7.0,0.0,2.0,0.0,33.0
2316.451953276896,87.0,7.0,0.0,2.0,0.0,33.0
2316.751953276896,87.0,7.0,0.0,2.0,0.0,33.0
2316.7526429320683,87.0,7.0,0.0,2.0,0.0,33.0
2317.0526429320685,87.0,7.0,0.0,2.0,0.0,33.0
2317.0533325872407,87.0,7.0,0.0,2.0,0.0,33.0
2317.353332587241,87.0,7.0,0.0,2.0,0.0,33.0
2317.354022242413,87.0,7.0,0.0,2.0,0.0,33.0
2317.6540222424132,87.0,7.0,0.0,2.0,0.0,33.0
2317.6547118975855,87.0,7.0,0.0,2.0,0.0,33.0
2317.9547118975856,87.0,7.0,0.0,2.0,0.0,33.0
2317.955401552758,87.0,7.0,0.0,2.0,0.0,33.0
2318.255401552758,87.0,7.0,0.0,2.0,0.0,33.0
2318.2560912079302,87.0,7.0,0.0,2.0,0.0,33.0
2318.5560912079304,87.0,7.0,0.0,2.0,0.0,33.0
2318.5567808631026,87.0,7.0,0.0,2.0,0.0,33.0
2318.856780863103,87.0,7.0,0.0,2.0,0.0,33.0
2318.857470518275,87.0,7.0,0.0,2.0,0.0,33.0
2319.157470518275,87.0,7.0,0.0,2.0,0.0,33.0
2319.1581601734474,87.0,7.0,0.0,2.0,0.0,33.0
2319.4581601734476,87.0,7.0,0.0,2.0,0.0,33.0
2319.45884982862,87.0,7.0,0.0,2.0,0.0,33.0
2319.75884982862,87.0,7.0,0.0,2.0,0.0,33.0
2319.759539483792,87.0,7.0,0.0,2.0,0.0,33.0
2320.0595394837924,87.0,7.0,0.0,2.0,0.0,33.0
2320.0602291389646,87.0,7.0,0.0,2.0,0.0,33.0
2320.3602291389648,87.0,7.0,0.0,2.0,0.0,33.0
2320.360918794137,87.0,7.0,0.0,2.0,0.0,33.0
2320.660918794137,87.0,7.0,0.0,2.0,0.0,33.0
2320.6616084493094,87.0,7.0,0.0,2.0,0.0,33.0
2320.9616084493096,87.0,7.0,0.0,2.0,0.0,33.0
2320.9622981044818,87.0,7.0,0.0,2.0,0.0,33.0
2321.262298104482,87.0,7.0,0.0,2.0,0.0,33.0
2321.262987759654,87.0,7.0,0.0,2.0,0.0,33.0
2321.5629877596543,87.0,7.0,0.0,2.0,0.0,33.0
2321.5636774148265,87.0,7.0,0.0,2.0,0.0,33.0
2321.8636774148267,87.0,7.0,0.0,2.0,0.0,33.0
2321.864367069999,87.0,7.0,0.0,2.0,0.0,33.0
2322.164367069999,87.0,7.0,0.0,2.0,0.0,33.0
2322.1650567251713,86.0,7.0,0.0,2.0,0.0,33.0
2322.4650567251715,86.0,7.0,0.0,2.0,0.0,33.0
2322.46575439959,86.0,7.0,0.0,2.0,0.0,33.0
2322.76575439959,86.0,7.0,0.0,2.0,0.0,33.0
2322.7664520740086,86.0,7.0,0.0,2.0,0.0,33.0
2323.066452074009,86.0,7.0,0.0,2.0,0.0,33.0
2323.0671497484273,86.0,7.0,0.0,2.0,0.0,33.0
2323.3671497484274,86.0,7.0,0.0,2.0,0.0,33.0
2323.367847422846,86.0,7.0,0.0,2.0,0.0,33.0
2323.667847422846,86.0,7.0,0.0,2.0,0.0,33.0
2323.6685450972645,86.0,7.0,0.0,2.0,0.0,33.0
2323.9685450972647,86.0,7.0,0.0,2.0,0.0,33.0
2323.969242771683,86.0,7.0,0.0,2.0,0.0,33.0
2324.2692427716834,86.0,7.0,0.0,2.0,0.0,33.0
2324.269940446102,86.0,7.0,0.0,2.0,0.0,33.0
2324.569940446102,86.0,7.0,0.0,2.0,0.0,33.0
2324.5706381205205,86.0,7.0,0.0,2.0,0.0,33.0
2324.8706381205207,86.0,7.0,0.0,2.0,0.0,33.0
2324.871335794939,86.0,7.0,0.0,2.0,0.0,33.0
2325.1713357949393,86.0,7.0,0.0,2.0,0.0,33.0
2325.1720334693578,86.0,7.0,0.0,2.0,0.0,33.0
2325.472033469358,86.0,7.0,0.0,2.0,0.0,33.0
2325.4727311437764,86.0,7.0,0.0,2.0,0.0,33.0
2325.7727311437766,86.0,7.0,0.0,2.0,0.0,33.0
2325.773428818195,86.0,7.0,0.0,2.0,0.0,33.0
2326.073428818195,86.0,7.0,0.0,2.0,0.0,33.0
2326.0741264926137,86.0,7.0,0.0,2.0,0.0,33.0
2326.374126492614,86.0,7.0,0.0,2.0,0.0,33.0
2326.3748241670323,86.0,7.0,0.0,2.0,0.0,33.0
2326.6748241670325,86.0,7.0,0.0,2.0,0.0,33.0
2326.675521841451,86.0,7.0,0.0,2.0,0.0,33.0
2326.975521841451,86.0,7.0,0.0,2.0,0.0,33.0
2326.9762195158696,86.0,7.0,0.0,2.0,0.0,33.0
2327.27621951587,86.0,7.0,0.0,2.0,0.0,33.0
2327.2769171902883,86.0,7.0,0.0,2.0,0.0,33.0
2327.5769171902884,86.0,7.0,0.0,2.0,0.0,33.0
2327.577614864707,86.0,7.0,0.0,2.0,0.0,33.0
2327.877614864707,86.0,7.0,0.0,2.0,0.0,33.0
2327.8783125391255,87.0,7.0,0.0,2.0,0.0,33.0
2328.1783125391257,87.0,7.0,0.0,2.0,0.0,33.0
2328.179002194298,87.0,7.0,0.0,2.0,0.0,33.0
2328.479002194298,87.0,7.0,0.0,2.0,0.0,33.0
2328.4796918494703,87.0,7.0,0.0,2.0,0.0,33.0
2328.7796918494705,87.0,7.0,0.0,2.0,0.0,33.0
2328.7803815046427,87.0,7.0,0.0,2.0,0.0,33.0
2329.080381504643,87.0,7.0,0.0,2.0,0.0,33.0
2329.081071159815,87.0,7.0,0.0,2.0,0.0,33.0
2329.3810711598153,87.0,7.0,0.0,2.0,0.0,33.0
2329.3817608149875,87.0,7.0,0.0,2.0,0.0,33.0
2329.6817608149877,87.0,7.0,0.0,2.0,0.0,33.0
2329.68245047016,87.0,7.0,0.0,2.0,0.0,33.0
2329.98245047016,87.0,7.0,0.0,2.0,0.0,33.0
2329.9831401253323,87.0,7.0,0.0,2.0,0.0,33.0
2330.2831401253325,87.0,7.0,0.0,2.0,0.0,33.0
2330.2838297805047,87.0,7.0,0.0,2.0,0.0,33.0
2330.583829780505,87.0,7.0,0.0,2.0,0.0,33.0
2330.584519435677,87.0,7.0,0.0,2.0,0.0,33.0
2330.8845194356772,87.0,7.0,0.0,2.0,0.0,33.0
2330.8852090908495,87.0,7.0,0.0,2.0,0.0,33.0
2331.1852090908496,87.0,7.0,0.0,2.0,0.0,33.0
2331.185898746022,87.0,7.0,0.0,2.0,0.0,33.0
2331.485898746022,87.0,7.0,0.0,2.0,0.0,33.0
2331.4865884011942,87.0,7.0,0.0,2.0,0.0,33.0
2331.7865884011944,87.0,7.0,0.0,2.0,0.0,33.0
2331.7872780563666,87.0,7.0,0.0,2.0,0.0,33.0
2332.087278056367,87.0,7.0,0.0,2.0,0.0,33.0
2332.087967711539,87.0,7.0,0.0,2.0,0.0,33.0
2332.387967711539,87.0,7.0,0.0,2.0,0.0,33.0
2332.3886573667114,87.0,7.0,0.0,2.0,0.0,33.0
2332.6886573667116,87.0,7.0,0.0,2.0,0.0,33.0
2332.689347021884,87.0,7.0,0.0,2.0,0.0,33.0
2332.989347021884,87.0,7.0,0.0,2.0,0.0,33.0
2332.990036677056,87.0,7.0,0.0,2.0,0.0,32.0
2333.2900366770564,87.0,7.0,0.0,2.0,0.0,32.0
2333.2907263322286,87.0,7.0,0.0,2.0,0.0,32.0
2333.5907263322288,87.0,7.0,0.0,2.0,0.0,32.0
2333.591415987401,87.0,7.0,0.0,2.0,0.0,32.0
2333.891415987401,87.0,7.0,0.0,2.0,0.0,32.0
2333.8921056425734,87.0,7.0,0.0,2.0,0.0,32.0
2334.1921056425736,87.0,7.0,0.0,2.0,0.0,32.0
2334.1927952977458,87.0,7.0,0.0,2.0,0.0,32.0
2334.492795297746,87.0,7.0,0.0,2.0,0.0,32.0
2334.493484952918,87.0,7.0,0.0,2.0,0.0,32.0
2334.7934849529183,87.0,7.0,0.0,2.0,0.0,32.0
2334.7941746080905,87.0,7.0,0.0,2.0,0.0,32.0
2335.0941746080907,87.0,7.0,0.0,2.0,0.0,32.0
2335.094864263263,87.0,7.0,0.0,2.0,0.0,32.0
2335.394864263263,87.0,7.0,0.0,2.0,0.0,32.0
2335.3955539184353,87.0,7.0,0.0,2.0,0.0,32.0
2335.6955539184355,87.0,7.0,0.0,2.0,0.0,32.0
2335.6962435736077,87.0,7.0,0.0,2.0,0.0,32.0
2335.996243573608,87.0,7.0,0.0,2.0,0.0,32.0
2335.99693322878,87.0,7.0,0.0,2.0,0.0,32.0
2336.2969332287803,87.0,7.0,0.0,2.0,0.0,32.0
2336.2976228839525,87.0,7.0,0.0,2.0,0.0,32.0
2336.5976228839527,87.0,7.0,0.0,2.0,0.0,32.0
2336.598312539125,87.0,7.0,0.0,2.0,0.0,32.0
2336.898312539125,87.0,7.0,0.0,2.0,0.0,32.0
2336.8990021942973,87.0,7.0,0.0,2.0,0.0,32.0
2337.1990021942975,87.0,7.0,0.0,2.0,0.0,32.0
2337.1996918494697,87.0,7.0,0.0,2.0,0.0,32.0
2337.49969184947,87.0,7.0,0.0,2.0,0.0,32.0
2337.500381504642,87.0,7.0,0.0,2.0,0.0,32.0
2337.8003815046422,87.0,7.0,0.0,2.0,0.0,32.0
2337.8010711598145,87.0,7.0,0.0,2.0,0.0,32.0
2338.1010711598146,87.0,7.0,0.0,2.0,0.0,32.0
2338.101760814987,87.0,7.0,0.0,2.0,0.0,32.0
2338.401760814987,87.0,7.0,0.0,2.0,0.0,32.0
2338.4024504701592,87.0,7.0,0.0,2.0,0.0,32.0
2338.7024504701594,87.0,7.0,0.0,2.0,0.0,32.0
2338.7031401253316,87.0,7.0,0.0,2.0,0.0,32.0
2339.003140125332,87.0,7.0,0.0,2.0,0.0,32.0
2339.003829780504,87.0,7.0,0.0,2.0,0.0,32.0
2339.303829780504,87.0,7.0,0.0,2.0,0.0,32.0
2339.3045194356764,87.0,7.0,0.0,2.0,0.0,32.0
2339.6045194356766,87.0,7.0,0.0,2.0,0.0,32.0
2339.605209090849,88.0,7.0,0.0,2.0,0.0,32.0
2339.905209090849,88.0,7.0,0.0,2.0,0.0,32.0
2339.905890909031,88.0,7.0,0.0,2.0,0.0,32.0
2340.205890909031,88.0,7.0,0.0,2.0,0.0,32.0
2340.206572727213,88.0,7.0,0.0,2.0,0.0,32.0
2340.506572727213,88.0,7.0,0.0,2.0,0.0,32.0
2340.507254545395,88.0,7.0,0.0,2.0,0.0,32.0
2340.807254545395,88.0,7.0,0.0,2.0,0.0,32.0
2340.807936363577,88.0,7.0,0.0,2.0,0.0,32.0
2341.107936363577,88.0,7.0,0.0,2.0,0.0,32.0
2341.108618181759,88.0,7.0,0.0,2.0,0.0,32.0
2341.4086181817593,88.0,7.0,0.0,2.0,0.0,32.0
2341.409299999941,88.0,7.0,0.0,2.0,0.0,32.0
2341.7092999999413,88.0,7.0,0.0,2.0,0.0,32.0
2341.709981818123,88.0,7.0,0.0,2.0,0.0,32.0
2342.0099818181234,88.0,7.0,0.0,2.0,0.0,32.0
2342.0106636363053,88.0,7.0,0.0,2.0,0.0,32.0
2342.3106636363054,88.0,7.0,0.0,2.0,0.0,32.0
2342.3113454544873,89.0,7.0,0.0,2.0,0.0,32.0
2342.6113454544875,89.0,7.0,0.0,2.0,0.0,32.0
2342.612019611791,89.0,7.0,0.0,2.0,0.0,32.0
2342.912019611791,89.0,7.0,0.0,2.0,0.0,32.0
2342.9126937690944,89.0,7.0,0.0,2.0,0.0,32.0
2343.2126937690946,89.0,7.0,0.0,2.0,0.0,32.0
2343.213367926398,89.0,7.0,0.0,2.0,0.0,32.0
2343.513367926398,89.0,7.0,0.0,2.0,0.0,32.0
2343.5140420837015,89.0,7.0,0.0,2.0,0.0,32.0
2343.8140420837017,89.0,7.0,0.0,2.0,0.0,32.0
2343.814716241005,89.0,7.0,0.0,2.0,0.0,32.0
2344.114716241005,89.0,7.0,0.0,2.0,0.0,32.0
2344.1153903983086,89.0,7.0,0.0,2.0,0.0,32.0
2344.415390398309,89.0,7.0,0.0,2.0,0.0,32.0
2344.416064555612,89.0,7.0,0.0,2.0,0.0,32.0
2344.7160645556123,89.0,7.0,0.0,2.0,0.0,32.0
2344.7167387129157,89.0,7.0,0.0,2.0,0.0,32.0
2345.016738712916,89.0,7.0,0.0,2.0,0.0,32.0
2345.0174128702192,89.0,7.0,0.0,2.0,0.0,32.0
2345.3174128702194,89.0,7.0,0.0,2.0,0.0,32.0
2345.318087027523,89.0,7.0,0.0,2.0,0.0,32.0
2345.618087027523,89.0,7.0,0.0,2.0,0.0,32.0
2345.6187611848263,89.0,7.0,0.0,2.0,0.0,32.0
2345.9187611848265,89.0,7.0,0.0,2.0,0.0,32.0
2345.91943534213,89.0,7.0,0.0,2.0,0.0,32.0
2346.21943534213,89.0,7.0,0.0,2.0,0.0,32.0
2346.2201094994334,89.0,7.0,0.0,2.0,0.0,32.0
2346.5201094994336,89.0,7.0,0.0,2.0,0.0,32.0
2346.520783656737,89.0,7.0,0.0,2.0,0.0,32.0
2346.820783656737,89.0,7.0,0.0,2.0,0.0,32.0
2346.8214578140405,89.0,7.0,0.0,2.0,0.0,32.0
2347.1214578140407,89.0,7.0,0.0,2.0,0.0,32.0
2347.122131971344,89.0,7.0,0.0,2.0,0.0,32.0
2347.4221319713442,89.0,7.0,0.0,2.0,0.0,32.0
2347.4228061286476,88.0,7.0,0.0,2.0,0.0,32.0
2347.722806128648,88.0,7.0,0.0,2.0,0.0,32.0
2347.7234879468297,88.0,7.0,0.0,2.0,0.0,32.0
2348.02348794683,88.0,7.0,0.0,2.0,0.0,32.0
2348.0241697650117,88.0,7.0,0.0,2.0,0.0,32.0
2348.324169765012,88.0,7.0,0.0,2.0,0.0,32.0
2348.324851583194,88.0,7.0,0.0,2.0,0.0,32.0
2348.624851583194,88.0,7.0,0.0,2.0,0.0,32.0
2348.625533401376,88.0,7.0,0.0,2.0,0.0,32.0
2348.925533401376,88.0,7.0,0.0,2.0,0.0,32.0
2348.926215219558,88.0,7.0,0.0,2.0,0.0,32.0
2349.226215219558,88.0,7.0,0.0,2.0,0.0,32.0
2349.22689703774,88.0,7.0,0.0,2.0,0.0,32.0
2349.52689703774,88.0,7.0,0.0,2.0,0.0,32.0
2349.527578855922,88.0,7.0,0.0,2.0,0.0,32.0
2349.827578855922,88.0,7.0,0.0,2.0,0.0,32.0
2349.828260674104,88.0,7.0,0.0,2.0,0.0,32.0
2350.1282606741042,88.0,7.0,0.0,2.0,0.0,32.0
2350.128942492286,88.0,7.0,0.0,2.0,0.0,32.0
2350.4289424922863,88.0,7.0,0.0,2.0,0.0,32.0
2350.429624310468,88.0,7.0,0.0,2.0,0.0,32.0
2350.7296243104684,88.0,7.0,0.0,2.0,0.0,32.0
2350.73030612865,88.0,7.0,0.0,2.0,0.0,32.0
2351.0303061286504,88.0,7.0,0.0,2.0,0.0,32.0
2351.0309879468323,88.0,7.0,0.0,2.0,0.0,32.0
2351.3309879468325,88.0,7.0,0.0,2.0,0.0,32.0
2351.3316697650143,88.0,7.0,0.0,2.0,0.0,32.0
2351.6316697650145,88.0,7.0,0.0,2.0,0.0,32.0
2351.6323515831964,88.0,7.0,0.0,2.0,0.0,32.0
2351.9323515831966,88.0,7.0,0.0,2.0,0.0,32.0
2351.9330334013785,88.0,7.0,0.0,2.0,0.0,32.0
2352.2330334013786,88.0,7.0,0.0,2.0,0.0,32.0
2352.2337152195605,88.0,7.0,0.0,2.0,0.0,32.0
2352.5337152195607,88.0,7.0,0.0,2.0,0.0,32.0
2352.5343970377426,88.0,7.0,0.0,2.0,0.0,32.0
2352.8343970377427,88.0,7.0,0.0,2.0,0.0,32.0
2352.8350788559246,88.0,7.0,0.0,2.0,0.0,32.0
2353.135078855925,88.0,7.0,0.0,2.0,0.0,32.0
2353.1357606741067,88.0,7.0,0.0,2.0,0.0,32.0
2353.435760674107,88.0,7.0,0.0,2.0,0.0,32.0
2353.4364424922887,88.0,7.0,0.0,2.0,0.0,32.0
2353.736442492289,88.0,7.0,0.0,2.0,0.0,32.0
2353.737124310471,88.0,7.0,0.0,2.0,0.0,32.0
2354.037124310471,88.0,7.0,0.0,2.0,0.0,32.0
2354.037806128653,88.0,7.0,0.0,2.0,0.0,32.0
2354.337806128653,88.0,7.0,0.0,2.0,0.0,32.0
2354.338487946835,88.0,7.0,0.0,2.0,0.0,32.0
2354.638487946835,88.0,7.0,0.0,2.0,0.0,32.0
2354.639169765017,88.0,7.0,0.0,2.0,0.0,32.0
2354.939169765017,88.0,7.0,0.0,2.0,0.0,32.0
2354.939851583199,88.0,7.0,0.0,2.0,0.0,32.0
2355.239851583199,88.0,7.0,0.0,2.0,0.0,32.0
2355.240533401381,88.0,7.0,0.0,2.0,0.0,32.0
2355.5405334013813,88.0,7.0,0.0,2.0,0.0,32.0
2355.541215219563,88.0,7.0,0.0,2.0,0.0,32.0
2355.8412152195633,88.0,7.0,0.0,2.0,0.0,32.0
2355.841897037745,88.0,7.0,0.0,2.0,0.0,32.0
2356.1418970377454,88.0,7.0,0.0,2.0,0.0,32.0
2356.1425788559272,88.0,7.0,0.0,2.0,0.0,32.0
2356.4425788559274,88.0,7.0,0.0,2.0,0.0,32.0
2356.4432606741093,88.0,7.0,0.0,2.0,0.0,32.0
2356.7432606741095,88.0,7.0,0.0,2.0,0.0,32.0
2356.7439424922914,88.0,7.0,0.0,2.0,0.0,32.0
2357.0439424922915,88.0,7.0,0.0,2.0,0.0,32.0
2357.0446243104734,88.0,7.0,0.0,2.0,0.0,32.0
2357.3446243104736,88.0,7.0,0.0,2.0,0.0,32.0
2357.3453061286555,88.0,7.0,0.0,2.0,0.0,32.0
2357.6453061286556,88.0,7.0,0.0,2.0,0.0,32.0
2357.6459879468375,88.0,7.0,0.0,2.0,0.0,32.0
2357.9459879468377,88.0,7.0,0.0,2.0,0.0,32.0
2357.9466697650196,88.0,7.0,0.0,2.0,0.0,32.0
2358.2466697650198,88.0,7.0,0.0,2.0,0.0,32.0
2358.2473515832016,88.0,7.0,0.0,2.0,0.0,32.0
2358.547351583202,88.0,7.0,0.0,2.0,0.0,32.0
2358.5480334013837,88.0,7.0,0.0,2.0,0.0,32.0
2358.848033401384,88.0,7.0,0.0,2.0,0.0,32.0
2358.8487152195657,88.0,7.0,0.0,2.0,0.0,32.0
2359.148715219566,88.0,7.0,0.0,2.0,0.0,32.0
2359.149397037748,88.0,7.0,0.0,2.0,0.0,32.0
2359.449397037748,88.0,7.0,0.0,2.0,0.0,32.0
2359.45007885593,88.0,7.0,0.0,2.0,0.0,32.0
2359.75007885593,88.0,7.0,0.0,2.0,0.0,32.0
2359.750760674112,88.0,7.0,0.0,2.0,0.0,32.0
2360.050760674112,88.0,7.0,0.0,2.0,0.0,32.0
2360.051442492294,88.0,7.0,0.0,2.0,0.0,32.0
2360.351442492294,88.0,7.0,0.0,2.0,0.0,32.0
2360.352124310476,88.0,7.0,0.0,2.0,0.0,32.0
2360.652124310476,88.0,7.0,0.0,2.0,0.0,32.0
2360.652806128658,88.0,7.0,0.0,2.0,0.0,32.0
2360.9528061286583,88.0,7.0,0.0,2.0,0.0,32.0
2360.95348794684,88.0,7.0,0.0,2.0,0.0,32.0
2361.2534879468403,88.0,7.0,0.0,2.0,0.0,32.0
2361.254169765022,88.0,7.0,0.0,2.0,0.0,32.0
2361.5541697650224,88.0,7.0,0.0,2.0,0.0,32.0
2361.5548515832043,88.0,7.0,0.0,2.0,0.0,32.0
2361.8548515832044,88.0,7.0,0.0,2.0,0.0,32.0
2361.8555334013863,88.0,7.0,0.0,2.0,0.0,32.0
2362.1555334013865,88.0,7.0,0.0,2.0,0.0,32.0
2362.1562152195684,88.0,7.0,0.0,2.0,0.0,32.0
2362.4562152195685,88.0,7.0,0.0,2.0,0.0,32.0
2362.4568970377504,88.0,7.0,0.0,2.0,0.0,32.0
2362.7568970377506,88.0,7.0,0.0,2.0,0.0,32.0
2362.7575788559325,88.0,7.0,0.0,2.0,0.0,32.0
2363.0575788559327,88.0,7.0,0.0,2.0,0.0,32.0
2363.0582606741145,88.0,7.0,0.0,2.0,0.0,32.0
2363.3582606741147,88.0,7.0,0.0,2.0,0.0,32.0
2363.3589424922966,88.0,7.0,0.0,2.0,0.0,32.0
2363.658942492297,88.0,7.0,0.0,2.0,0.0,32.0
2363.6596243104786,88.0,7.0,0.0,2.0,0.0,32.0
2363.959624310479,88.0,7.0,0.0,2.0,0.0,32.0
2363.9603061286607,88.0,7.0,0.0,2.0,0.0,32.0
2364.260306128661,88.0,7.0,0.0,2.0,0.0,32.0
2364.2609879468428,88.0,7.0,0.0,2.0,0.0,32.0
2364.560987946843,88.0,7.0,0.0,2.0,0.0,32.0
2364.561669765025,88.0,7.0,0.0,2.0,0.0,32.0
2364.861669765025,88.0,7.0,0.0,2.0,0.0,32.0
2364.862351583207,88.0,7.0,0.0,2.0,0.0,32.0
2365.162351583207,88.0,7.0,0.0,2.0,0.0,32.0
2365.163033401389,88.0,7.0,0.0,2.0,0.0,32.0
2365.463033401389,88.0,7.0,0.0,2.0,0.0,32.0
2365.463715219571,88.0,7.0,0.0,2.0,0.0,32.0
2365.763715219571,88.0,7.0,0.0,2.0,0.0,32.0
2365.764397037753,88.0,7.0,0.0,2.0,0.0,32.0
2366.064397037753,88.0,7.0,0.0,2.0,0.0,32.0
2366.065078855935,88.0,7.0,0.0,2.0,0.0,32.0
2366.3650788559353,88.0,7.0,0.0,2.0,0.0,32.0
2366.365760674117,88.0,7.0,0.0,2.0,0.0,32.0
2366.6657606741173,88.0,7.0,0.0,2.0,0.0,32.0
2366.666442492299,88.0,7.0,0.0,2.0,0.0,32.0
2366.9664424922994,88.0,7.0,0.0,2.0,0.0,32.0
2366.9671243104813,88.0,7.0,0.0,2.0,0.0,32.0
2367.2671243104814,88.0,7.0,0.0,2.0,0.0,32.0
2367.2678061286633,88.0,7.0,0.0,2.0,0.0,32.0
2367.5678061286635,88.0,7.0,0.0,2.0,0.0,32.0
2367.5684879468454,88.0,7.0,0.0,2.0,0.0,32.0
2367.8684879468456,88.0,7.0,0.0,2.0,0.0,32.0
2367.8691697650274,88.0,7.0,0.0,2.0,0.0,32.0
2368.1691697650276,88.0,7.0,0.0,2.0,0.0,32.0
2368.1698515832095,88.0,7.0,0.0,2.0,0.0,32.0
2368.4698515832097,88.0,7.0,0.0,2.0,0.0,32.0
2368.4705334013915,88.0,7.0,0.0,2.0,0.0,32.0
2368.7705334013917,88.0,7.0,0.0,2.0,0.0,32.0
2368.7712152195736,88.0,7.0,0.0,2.0,0.0,32.0
2369.071215219574,88.0,7.0,0.0,2.0,0.0,32.0
2369.0718970377557,88.0,7.0,0.0,2.0,0.0,32.0
2369.371897037756,88.0,7.0,0.0,2.0,0.0,32.0
2369.3725788559377,88.0,7.0,0.0,2.0,0.0,32.0
2369.672578855938,88.0,7.0,0.0,2.0,0.0,32.0
2369.67326067412,88.0,7.0,0.0,2.0,0.0,32.0
2369.97326067412,88.0,7.0,0.0,2.0,0.0,32.0
2369.973942492302,88.0,7.0,0.0,2.0,0.0,32.0
2370.273942492302,88.0,7.0,0.0,2.0,0.0,32.0
2370.274624310484,88.0,7.0,0.0,2.0,0.0,32.0
2370.574624310484,88.0,7.0,0.0,2.0,0.0,32.0
2370.575306128666,88.0,7.0,0.0,2.0,0.0,32.0
2370.875306128666,88.0,7.0,0.0,2.0,0.0,32.0
2370.875987946848,88.0,7.0,0.0,2.0,0.0,32.0
2371.175987946848,88.0,7.0,0.0,2.0,0.0,32.0
2371.17666976503,88.0,7.0,0.0,2.0,0.0,32.0
2371.4766697650302,88.0,7.0,0.0,2.0,0.0,32.0
2371.477351583212,88.0,7.0,0.0,2.0,0.0,32.0
2371.7773515832123,88.0,7.0,0.0,2.0,0.0,32.0
2371.778033401394,88.0,7.0,0.0,2.0,0.0,32.0
2372.0780334013944,88.0,7.0,0.0,2.0,0.0,32.0
2372.078715219576,88.0,7.0,0.0,2.0,0.0,32.0
2372.3787152195764,88.0,7.0,0.0,2.0,0.0,32.0
2372.3793970377583,88.0,7.0,0.0,2.0,0.0,32.0
2372.6793970377585,88.0,7.0,0.0,2.0,0.0,32.0
2372.6800788559403,88.0,7.0,0.0,2.0,0.0,32.0
2372.9800788559405,88.0,7.0,0.0,2.0,0.0,32.0
2372.9807606741224,88.0,7.0,0.0,2.0,0.0,32.0
2373.2807606741226,88.0,7.0,0.0,2.0,0.0,32.0
2373.2814424923044,88.0,7.0,0.0,2.0,0.0,32.0
2373.5814424923046,88.0,7.0,0.0,2.0,0.0,32.0
2373.5821243104865,88.0,7.0,0.0,2.0,0.0,32.0
2373.8821243104867,88.0,7.0,0.0,2.0,0.0,32.0
2373.8828061286686,88.0,7.0,0.0,2.0,0.0,32.0
2374.1828061286687,88.0,7.0,0.0,2.0,0.0,32.0
2374.1834879468506,88.0,7.0,0.0,2.0,0.0,32.0
2374.483487946851,88.0,7.0,0.0,2.0,0.0,32.0
2374.4841697650327,88.0,7.0,0.0,2.0,0.0,32.0
2374.784169765033,88.0,7.0,0.0,2.0,0.0,32.0
2374.7848515832147,88.0,7.0,0.0,2.0,0.0,32.0
2375.084851583215,88.0,7.0,0.0,2.0,0.0,32.0
2375.085533401397,88.0,7.0,0.0,2.0,0.0,32.0
2375.385533401397,88.0,7.0,0.0,2.0,0.0,32.0
2375.386215219579,89.0,7.0,0.0,2.0,0.0,32.0
2375.686215219579,89.0,7.0,0.0,2.0,0.0,32.0
2375.6868893768824,89.0,7.0,0.0,2.0,0.0,32.0
2375.9868893768826,89.0,7.0,0.0,2.0,0.0,32.0
2375.987563534186,89.0,7.0,0.0,2.0,0.0,32.0
2376.287563534186,89.0,7.0,0.0,2.0,0.0,32.0
2376.2882376914895,89.0,7.0,0.0,2.0,0.0,32.0
2376.5882376914897,89.0,7.0,0.0,2.0,0.0,32.0
2376.588911848793,89.0,7.0,0.0,2.0,0.0,32.0
2376.888911848793,89.0,7.0,0.0,2.0,0.0,32.0
2376.8895860060966,89.0,7.0,0.0,2.0,0.0,32.0
2377.1895860060968,89.0,7.0,0.0,2.0,0.0,32.0
2377.1902601634,89.0,7.0,0.0,2.0,0.0,32.0
2377.4902601634003,89.0,7.0,0.0,2.0,0.0,32.0
2377.4909343207037,89.0,7.0,0.0,2.0,0.0,32.0
2377.790934320704,89.0,7.0,0.0,2.0,0.0,32.0
2377.791608478007,89.0,7.0,0.0,2.0,0.0,32.0
2378.0916084780074,89.0,7.0,0.0,2.0,0.0,32.0
2378.0922826353108,89.0,7.0,0.0,2.0,0.0,32.0
2378.392282635311,89.0,7.0,0.0,2.0,0.0,32.0
2378.3929567926143,89.0,7.0,0.0,2.0,0.0,32.0
2378.6929567926145,89.0,7.0,0.0,2.0,0.0,32.0
2378.693630949918,89.0,7.0,0.0,2.0,0.0,32.0
2378.993630949918,89.0,7.0,0.0,2.0,0.0,32.0
2378.9943051072214,89.0,7.0,0.0,2.0,0.0,32.0
2379.2943051072216,89.0,7.0,0.0,2.0,0.0,32.0
2379.294979264525,89.0,7.0,0.0,2.0,0.0,32.0
2379.594979264525,89.0,7.0,0.0,2.0,0.0,32.0
2379.5956534218285,89.0,7.0,0.0,2.0,0.0,32.0
2379.8956534218287,89.0,7.0,0.0,2.0,0.0,32.0
2379.896327579132,89.0,7.0,0.0,2.0,0.0,32.0
2380.1963275791322,89.0,7.0,0.0,2.0,0.0,32.0
2380.1970017364356,89.0,6.0,0.0,2.0,0.0,32.0
2380.497001736436,89.0,6.0,0.0,2.0,0.0,32.0
2380.497675893739,89.0,6.0,0.0,2.0,0.0,32.0
2380.7976758937393,89.0,6.0,0.0,2.0,0.0,32.0
2380.7983500510427,89.0,6.0,0.0,2.0,0.0,32.0
2381.098350051043,89.0,6.0,0.0,2.0,0.0,32.0
2381.0990242083462,89.0,6.0,0.0,2.0,0.0,32.0
2381.3990242083464,89.0,6.0,0.0,2.0,0.0,32.0
2381.39969836565,89.0,6.0,0.0,2.0,0.0,32.0
2381.69969836565,89.0,6.0,0.0,2.0,0.0,32.0
2381.7003725229533,89.0,6.0,0.0,2.0,0.0,32.0
2382.0003725229535,89.0,6.0,0.0,2.0,0.0,32.0
2382.001046680257,89.0,6.0,0.0,2.0,0.0,32.0
2382.301046680257,89.0,6.0,0.0,2.0,0.0,32.0
2382.3017208375604,89.0,6.0,0.0,2.0,0.0,32.0
2382.6017208375606,89.0,6.0,0.0,2.0,0.0,32.0
2382.602394994864,89.0,6.0,0.0,2.0,0.0,32.0
2382.902394994864,89.0,6.0,0.0,2.0,0.0,32.0
2382.9030691521675,89.0,6.0,0.0,2.0,0.0,32.0
2383.2030691521677,89.0,6.0,0.0,2.0,0.0,32.0
2383.203743309471,89.0,6.0,0.0,2.0,0.0,32.0
2383.5037433094712,89.0,6.0,0.0,2.0,0.0,32.0
2383.5044174667746,89.0,6.0,0.0,2.0,0.0,32.0
2383.804417466775,89.0,6.0,0.0,2.0,0.0,32.0
2383.805091624078,89.0,6.0,0.0,2.0,0.0,32.0
2384.1050916240783,89.0,6.0,0.0,2.0,0.0,32.0
2384.1057657813817,89.0,6.0,0.0,2.0,0.0,32.0
2384.405765781382,89.0,6.0,0.0,2.0,0.0,32.0
2384.4064399386853,89.0,6.0,0.0,2.0,0.0,32.0
2384.7064399386854,89.0,6.0,0.0,2.0,0.0,32.0
2384.707114095989,89.0,6.0,0.0,2.0,0.0,32.0
2385.007114095989,89.0,6.0,0.0,2.0,0.0,32.0
2385.0077882532923,89.0,6.0,0.0,2.0,0.0,32.0
2385.3077882532925,89.0,6.0,0.0,2.0,0.0,32.0
2385.308462410596,89.0,6.0,0.0,2.0,0.0,32.0
2385.608462410596,89.0,6.0,0.0,2.0,0.0,32.0
2385.6091365678994,89.0,6.0,0.0,2.0,0.0,32.0
2385.9091365678996,89.0,6.0,0.0,2.0,0.0,32.0
2385.909810725203,89.0,6.0,0.0,2.0,0.0,32.0
2386.209810725203,89.0,6.0,0.0,2.0,0.0,32.0
2386.2104848825065,89.0,6.0,0.0,2.0,0.0,32.0
2386.5104848825067,89.0,6.0,0.0,2.0,0.0,32.0
2386.51115903981,89.0,6.0,0.0,2.0,0.0,32.0
2386.8111590398103,89.0,6.0,0.0,2.0,0.0,32.0
2386.8118331971136,89.0,6.0,0.0,2.0,0.0,32.0
2387.111833197114,89.0,6.0,0.0,2.0,0.0,32.0
2387.112507354417,89.0,6.0,0.0,2.0,0.0,32.0
2387.4125073544174,89.0,6.0,0.0,2.0,0.0,32.0
2387.4131815117207,89.0,6.0,0.0,2.0,0.0,32.0
2387.713181511721,89.0,6.0,0.0,2.0,0.0,32.0
2387.7138556690243,89.0,6.0,0.0,2.0,0.0,32.0
2388.0138556690245,89.0,6.0,0.0,2.0,0.0,32.0
2388.014529826328,89.0,6.0,0.0,2.0,0.0,32.0
2388.314529826328,89.0,6.0,0.0,2.0,0.0,32.0
2388.3152039836314,89.0,6.0,0.0,2.0,0.0,32.0
2388.6152039836315,89.0,6.0,0.0,2.0,0.0,32.0
2388.615878140935,89.0,6.0,0.0,2.0,0.0,32.0
2388.915878140935,89.0,6.0,0.0,2.0,0.0,32.0
2388.9165522982385,89.0,6.0,0.0,2.0,0.0,32.0
2389.2165522982386,89.0,6.0,0.0,2.0,0.0,32.0
2389.217226455542,89.0,6.0,0.0,2.0,0.0,32.0
2389.517226455542,89.0,6.0,0.0,2.0,0.0,32.0
2389.5179006128456,89.0,6.0,0.0,2.0,0.0,32.0
2389.8179006128457,89.0,6.0,0.0,2.0,0.0,32.0
2389.818574770149,90.0,6.0,0.0,2.0,0.0,32.0
2390.1185747701493,90.0,6.0,0.0,2.0,0.0,32.0
2390.119241436816,90.0,6.0,0.0,2.0,0.0,32.0
2390.4192414368163,90.0,6.0,0.0,2.0,0.0,32.0
2390.419908103483,90.0,6.0,0.0,2.0,0.0,32.0
2390.7199081034832,90.0,6.0,0.0,2.0,0.0,32.0
2390.72057477015,90.0,6.0,0.0,2.0,0.0,32.0
2391.0205747701502,90.0,6.0,0.0,2.0,0.0,32.0
2391.021241436817,90.0,6.0,0.0,2.0,0.0,32.0
2391.321241436817,90.0,6.0,0.0,2.0,0.0,32.0
2391.321908103484,90.0,6.0,0.0,2.0,0.0,32.0
2391.621908103484,90.0,6.0,0.0,2.0,0.0,32.0
2391.622574770151,90.0,6.0,0.0,2.0,0.0,32.0
2391.922574770151,90.0,6.0,0.0,2.0,0.0,32.0
2391.923241436818,90.0,6.0,0.0,2.0,0.0,32.0
2392.223241436818,90.0,6.0,0.0,2.0,0.0,32.0
2392.223908103485,90.0,6.0,0.0,2.0,0.0,32.0
2392.523908103485,90.0,6.0,0.0,2.0,0.0,32.0
2392.524574770152,90.0,6.0,0.0,2.0,0.0,32.0
2392.824574770152,90.0,6.0,0.0,2.0,0.0,32.0
2392.825241436819,90.0,6.0,0.0,2.0,0.0,32.0
2393.125241436819,90.0,6.0,0.0,2.0,0.0,32.0
2393.125908103486,90.0,6.0,0.0,2.0,0.0,32.0
2393.425908103486,90.0,6.0,0.0,2.0,0.0,32.0
2393.426574770153,90.0,6.0,0.0,2.0,0.0,32.0
2393.726574770153,90.0,6.0,0.0,2.0,0.0,32.0
2393.72724143682,90.0,6.0,0.0,2.0,0.0,32.0
2394.02724143682,90.0,6.0,0.0,2.0,0.0,32.0
2394.027908103487,90.0,6.0,0.0,2.0,0.0,32.0
2394.327908103487,90.0,6.0,0.0,2.0,0.0,32.0
2394.328574770154,90.0,6.0,0.0,2.0,0.0,32.0
2394.628574770154,90.0,6.0,0.0,2.0,0.0,32.0
2394.629241436821,90.0,6.0,0.0,2.0,0.0,32.0
2394.929241436821,90.0,6.0,0.0,2.0,0.0,32.0
2394.929908103488,90.0,6.0,0.0,2.0,0.0,32.0
2395.229908103488,90.0,6.0,0.0,2.0,0.0,32.0
2395.230574770155,90.0,6.0,0.0,2.0,0.0,32.0
2395.530574770155,90.0,6.0,0.0,2.0,0.0,32.0
2395.531241436822,90.0,6.0,0.0,2.0,0.0,32.0
2395.831241436822,90.0,6.0,0.0,2.0,0.0,32.0
2395.831908103489,89.0,6.0,0.0,2.0,0.0,32.0
2396.131908103489,89.0,6.0,0.0,2.0,0.0,32.0
2396.1325822607923,89.0,6.0,0.0,2.0,0.0,32.0
2396.4325822607925,89.0,6.0,0.0,2.0,0.0,32.0
2396.433256418096,89.0,6.0,0.0,2.0,0.0,32.0
2396.733256418096,89.0,6.0,0.0,2.0,0.0,32.0
2396.7339305753994,89.0,6.0,0.0,2.0,0.0,32.0
2397.0339305753996,89.0,6.0,0.0,2.0,0.0,32.0
2397.034604732703,89.0,6.0,0.0,2.0,0.0,32.0
2397.334604732703,89.0,6.0,0.0,2.0,0.0,32.0
2397.3352788900065,89.0,6.0,0.0,2.0,0.0,32.0
2397.6352788900067,89.0,6.0,0.0,2.0,0.0,32.0
2397.63595304731,89.0,6.0,0.0,2.0,0.0,32.0
2397.9359530473102,89.0,6.0,0.0,2.0,0.0,32.0
2397.9366272046136,89.0,6.0,0.0,2.0,0.0,32.0
2398.236627204614,89.0,6.0,0.0,2.0,0.0,32.0
2398.237301361917,89.0,6.0,0.0,2.0,0.0,32.0
2398.5373013619173,89.0,6.0,0.0,2.0,0.0,32.0
2398.5379755192207,89.0,6.0,0.0,2.0,0.0,32.0
2398.837975519221,89.0,6.0,0.0,2.0,0.0,32.0
2398.8386496765243,89.0,6.0,0.0,2.0,0.0,32.0
2399.1386496765244,89.0,6.0,0.0,2.0,0.0,32.0
2399.139323833828,89.0,6.0,0.0,2.0,0.0,32.0
2399.439323833828,89.0,6.0,0.0,2.0,0.0,32.0
2399.4399979911313,89.0,6.0,0.0,2.0,0.0,32.0
2399.7399979911315,89.0,6.0,0.0,2.0,0.0,32.0
2399.740672148435,89.0,6.0,0.0,2.0,0.0,32.0
2400.040672148435,89.0,6.0,0.0,2.0,0.0,32.0
2400.0413463057384,89.0,6.0,0.0,2.0,0.0,32.0
2400.3413463057386,89.0,6.0,0.0,2.0,0.0,32.0
2400.342020463042,89.0,6.0,0.0,2.0,0.0,32.0
2400.642020463042,89.0,6.0,0.0,2.0,0.0,32.0
2400.6426946203455,89.0,6.0,0.0,2.0,0.0,32.0
2400.9426946203457,89.0,6.0,0.0,2.0,0.0,32.0
2400.943368777649,89.0,6.0,0.0,2.0,0.0,32.0
2401.2433687776493,89.0,6.0,0.0,2.0,0.0,32.0
2401.2440429349526,89.0,6.0,0.0,2.0,0.0,32.0
2401.544042934953,89.0,6.0,0.0,2.0,0.0,32.0
2401.544717092256,89.0,6.0,0.0,2.0,0.0,32.0
2401.8447170922564,89.0,6.0,0.0,2.0,0.0,32.0
2401.8453912495597,89.0,6.0,0.0,2.0,0.0,32.0
2402.14539124956,89.0,6.0,0.0,2.0,0.0,32.0
2402.1460654068633,89.0,6.0,0.0,2.0,0.0,32.0
2402.4460654068635,89.0,6.0,0.0,2.0,0.0,32.0
2402.446739564167,89.0,6.0,0.0,2.0,0.0,32.0
2402.746739564167,89.0,6.0,0.0,2.0,0.0,32.0
2402.7474137214704,89.0,6.0,0.0,2.0,0.0,32.0
2403.0474137214705,89.0,6.0,0.0,2.0,0.0,32.0
2403.048087878774,89.0,6.0,0.0,2.0,0.0,32.0
2403.348087878774,89.0,6.0,0.0,2.0,0.0,32.0
2403.3487620360775,89.0,6.0,0.0,2.0,0.0,32.0
2403.6487620360776,89.0,6.0,0.0,2.0,0.0,32.0
2403.649436193381,89.0,6.0,0.0,2.0,0.0,32.0
2403.949436193381,89.0,6.0,0.0,2.0,0.0,32.0
2403.9501103506846,89.0,6.0,0.0,2.0,0.0,32.0
2404.2501103506847,89.0,6.0,0.0,2.0,0.0,32.0
2404.250784507988,89.0,6.0,0.0,2.0,0.0,32.0
2404.5507845079883,89.0,6.0,0.0,2.0,0.0,32.0
2404.5514586652916,89.0,6.0,0.0,2.0,0.0,32.0
2404.851458665292,89.0,6.0,0.0,2.0,0.0,32.0
2404.852132822595,89.0,6.0,0.0,2.0,0.0,32.0
2405.1521328225954,89.0,6.0,0.0,2.0,0.0,32.0
2405.1528069798987,89.0,6.0,0.0,2.0,0.0,32.0
2405.452806979899,89.0,6.0,0.0,2.0,0.0,32.0
2405.4534811372023,89.0,6.0,0.0,2.0,0.0,32.0
2405.7534811372025,89.0,6.0,0.0,2.0,0.0,32.0
2405.754155294506,89.0,6.0,0.0,2.0,0.0,32.0
2406.054155294506,89.0,6.0,0.0,2.0,0.0,32.0
2406.0548294518094,89.0,6.0,0.0,2.0,0.0,32.0
2406.3548294518096,89.0,6.0,0.0,2.0,0.0,32.0
2406.355503609113,89.0,6.0,0.0,2.0,0.0,32.0
2406.655503609113,89.0,6.0,0.0,2.0,0.0,32.0
2406.6561777664165,89.0,6.0,0.0,2.0,0.0,32.0
2406.9561777664167,89.0,6.0,0.0,2.0,0.0,32.0
2406.95685192372,89.0,6.0,0.0,2.0,0.0,32.0
2407.25685192372,89.0,6.0,0.0,2.0,0.0,32.0
2407.2575260810236,89.0,6.0,0.0,2.0,0.0,32.0
2407.5575260810238,89.0,6.0,0.0,2.0,0.0,32.0
2407.558200238327,89.0,6.0,0.0,2.0,0.0,32.0
2407.8582002383273,89.0,6.0,0.0,2.0,0.0,32.0
2407.8588743956307,89.0,6.0,0.0,2.0,0.0,32.0
2408.158874395631,89.0,6.0,0.0,2.0,0.0,32.0
2408.159548552934,89.0,6.0,0.0,2.0,0.0,32.0
2408.4595485529344,89.0,6.0,0.0,2.0,0.0,32.0
2408.4602227102378,89.0,6.0,0.0,2.0,0.0,32.0
2408.760222710238,89.0,6.0,0.0,2.0,0.0,32.0
2408.7608968675413,89.0,6.0,0.0,2.0,0.0,32.0
2409.0608968675415,89.0,6.0,0.0,2.0,0.0,32.0
2409.061571024845,89.0,6.0,0.0,2.0,0.0,32.0
2409.361571024845,89.0,6.0,0.0,2.0,0.0,32.0
2409.3622451821484,89.0,6.0,0.0,2.0,0.0,32.0
2409.6622451821486,89.0,6.0,0.0,2.0,0.0,32.0
2409.662919339452,89.0,6.0,0.0,2.0,0.0,32.0
2409.962919339452,89.0,6.0,0.0,2.0,0.0,32.0
2409.9635934967555,89.0,6.0,0.0,2.0,0.0,32.0
2410.2635934967557,89.0,6.0,0.0,2.0,0.0,32.0
2410.264267654059,89.0,6.0,0.0,2.0,0.0,32.0
2410.564267654059,89.0,6.0,0.0,2.0,0.0,32.0
2410.5649418113626,89.0,6.0,0.0,2.0,0.0,32.0
2410.8649418113628,89.0,6.0,0.0,2.0,0.0,32.0
2410.865615968666,89.0,6.0,0.0,2.0,0.0,32.0
2411.1656159686663,89.0,6.0,0.0,2.0,0.0,32.0
2411.1662901259697,89.0,6.0,0.0,2.0,0.0,32.0
2411.46629012597,89.0,6.0,0.0,2.0,0.0,32.0
2411.4669642832732,89.0,6.0,0.0,2.0,0.0,32.0
2411.7669642832734,89.0,6.0,0.0,2.0,0.0,32.0
2411.767638440577,89.0,6.0,0.0,2.0,0.0,32.0
2412.067638440577,89.0,6.0,0.0,2.0,0.0,32.0
2412.0683125978803,89.0,6.0,0.0,2.0,0.0,32.0
2412.3683125978805,89.0,6.0,0.0,2.0,0.0,32.0
2412.368986755184,89.0,6.0,0.0,2.0,0.0,32.0
2412.668986755184,89.0,6.0,0.0,2.0,0.0,32.0
2412.6696609124874,89.0,6.0,0.0,2.0,0.0,32.0
2412.9696609124876,89.0,6.0,0.0,2.0,0.0,32.0
2412.970335069791,89.0,6.0,0.0,2.0,0.0,32.0
2413.270335069791,89.0,6.0,0.0,2.0,0.0,32.0
2413.2710092270945,89.0,6.0,0.0,2.0,0.0,32.0
2413.5710092270947,89.0,6.0,0.0,2.0,0.0,32.0
2413.571683384398,89.0,6.0,0.0,2.0,0.0,32.0
2413.8716833843982,89.0,6.0,0.0,2.0,0.0,32.0
2413.8723575417016,89.0,6.0,0.0,2.0,0.0,32.0
2414.172357541702,89.0,6.0,0.0,2.0,0.0,32.0
2414.173031699005,89.0,6.0,0.0,2.0,0.0,32.0
2414.4730316990053,89.0,6.0,0.0,2.0,0.0,32.0
2414.4737058563087,89.0,6.0,0.0,2.0,0.0,32.0
2414.773705856309,89.0,6.0,0.0,2.0,0.0,32.0
2414.7743800136122,89.0,6.0,0.0,2.0,0.0,32.0
2415.0743800136124,89.0,6.0,0.0,2.0,0.0,32.0
2415.075054170916,89.0,6.0,0.0,2.0,0.0,32.0
2415.375054170916,89.0,6.0,0.0,2.0,0.0,32.0
2415.3757283282193,89.0,6.0,0.0,2.0,0.0,32.0
2415.6757283282195,89.0,6.0,0.0,2.0,0.0,32.0
2415.676402485523,89.0,6.0,0.0,2.0,0.0,32.0
2415.976402485523,89.0,6.0,0.0,2.0,0.0,32.0
2415.9770766428264,89.0,6.0,0.0,2.0,0.0,32.0
2416.2770766428266,89.0,6.0,0.0,2.0,0.0,32.0
2416.27775080013,89.0,6.0,0.0,2.0,0.0,32.0
2416.57775080013,89.0,6.0,0.0,2.0,0.0,32.0
2416.5784249574335,89.0,6.0,0.0,2.0,0.0,32.0
2416.8784249574337,89.0,6.0,0.0,2.0,0.0,32.0
2416.879099114737,89.0,6.0,0.0,2.0,0.0,32.0
2417.1790991147373,89.0,6.0,0.0,2.0,0.0,32.0
2417.1797732720406,89.0,6.0,0.0,2.0,0.0,32.0
2417.479773272041,89.0,6.0,0.0,2.0,0.0,32.0
2417.480447429344,89.0,6.0,0.0,2.0,0.0,32.0
2417.7804474293443,89.0,6.0,0.0,2.0,0.0,32.0
2417.7811215866477,89.0,6.0,0.0,2.0,0.0,32.0
2418.081121586648,89.0,6.0,0.0,2.0,0.0,32.0
2418.0817957439513,89.0,6.0,0.0,2.0,0.0,32.0
2418.3817957439514,89.0,6.0,0.0,2.0,0.0,32.0
2418.382469901255,89.0,6.0,0.0,2.0,0.0,32.0
2418.682469901255,89.0,6.0,0.0,2.0,0.0,32.0
2418.6831440585584,89.0,6.0,0.0,2.0,0.0,32.0
2418.9831440585585,89.0,6.0,0.0,2.0,0.0,32.0
2418.983818215862,89.0,6.0,0.0,2.0,0.0,32.0
2419.283818215862,89.0,6.0,0.0,2.0,0.0,32.0
2419.2844923731654,89.0,6.0,0.0,2.0,0.0,32.0
2419.5844923731656,89.0,6.0,0.0,2.0,0.0,32.0
2419.585166530469,89.0,6.0,0.0,2.0,0.0,32.0
2419.885166530469,89.0,6.0,0.0,2.0,0.0,32.0
2419.8858406877725,89.0,6.0,0.0,2.0,0.0,32.0
2420.1858406877727,89.0,6.0,0.0,2.0,0.0,32.0
2420.186514845076,89.0,6.0,0.0,2.0,0.0,32.0
2420.4865148450763,89.0,6.0,0.0,2.0,0.0,32.0
2420.4871890023796,89.0,6.0,0.0,2.0,0.0,32.0
2420.78718900238,89.0,6.0,0.0,2.0,0.0,32.0
2420.787863159683,89.0,6.0,0.0,2.0,0.0,32.0
2421.0878631596834,89.0,6.0,0.0,2.0,0.0,32.0
2421.0885373169867,89.0,6.0,0.0,2.0,0.0,32.0
2421.388537316987,89.0,6.0,0.0,2.0,0.0,32.0
2421.3892114742903,89.0,6.0,0.0,2.0,0.0,32.0
2421.6892114742905,89.0,6.0,0.0,2.0,0.0,32.0
2421.689885631594,89.0,6.0,0.0,2.0,0.0,32.0
2421.989885631594,89.0,6.0,0.0,2.0,0.0,32.0
2421.9905597888974,89.0,6.0,0.0,2.0,0.0,32.0
2422.2905597888976,89.0,6.0,0.0,2.0,0.0,32.0
2422.291233946201,89.0,6.0,0.0,2.0,0.0,32.0
2422.591233946201,89.0,6.0,0.0,2.0,0.0,32.0
2422.5919081035045,89.0,6.0,0.0,2.0,0.0,32.0
2422.8919081035046,89.0,6.0,0.0,2.0,0.0,32.0
2422.892582260808,89.0,6.0,0.0,2.0,0.0,32.0
2423.192582260808,89.0,6.0,0.0,2.0,0.0,32.0
2423.1932564181116,89.0,6.0,0.0,2.0,0.0,32.0
2423.4932564181117,89.0,6.0,0.0,2.0,0.0,32.0
2423.493930575415,89.0,6.0,0.0,2.0,0.0,32.0
2423.7939305754153,89.0,6.0,0.0,2.0,0.0,32.0
2423.7946047327187,89.0,6.0,0.0,2.0,0.0,32.0
2424.094604732719,89.0,6.0,0.0,2.0,0.0,32.0
2424.095278890022,89.0,6.0,0.0,2.0,0.0,32.0
2424.3952788900224,89.0,6.0,0.0,2.0,0.0,32.0
2424.3959530473257,89.0,6.0,0.0,2.0,0.0,32.0
2424.695953047326,89.0,6.0,0.0,2.0,0.0,32.0
2424.6966272046293,89.0,6.0,0.0,2.0,0.0,32.0
2424.9966272046295,89.0,6.0,0.0,2.0,0.0,32.0
2424.997301361933,89.0,6.0,0.0,2.0,0.0,32.0
2425.297301361933,89.0,6.0,0.0,2.0,0.0,32.0
2425.2979755192364,89.0,6.0,0.0,2.0,0.0,32.0
2425.5979755192366,89.0,6.0,0.0,2.0,0.0,32.0
2425.59864967654,89.0,6.0,0.0,2.0,0.0,32.0
2425.89864967654,89.0,6.0,0.0,2.0,0.0,32.0
2425.8993238338435,89.0,6.0,0.0,2.0,0.0,32.0
2426.1993238338437,89.0,6.0,0.0,2.0,0.0,32.0
2426.199997991147,89.0,6.0,0.0,2.0,0.0,32.0
2426.499997991147,89.0,6.0,0.0,2.0,0.0,32.0
2426.5006721484506,89.0,6.0,0.0,2.0,0.0,32.0
2426.8006721484508,89.0,6.0,0.0,2.0,0.0,32.0
2426.801346305754,89.0,6.0,0.0,2.0,0.0,32.0
2427.1013463057543,89.0,6.0,0.0,2.0,0.0,32.0
2427.1020204630577,89.0,6.0,0.0,2.0,0.0,32.0
2427.402020463058,89.0,6.0,0.0,2.0,0.0,32.0
2427.402694620361,89.0,6.0,0.0,2.0,0.0,32.0
2427.7026946203614,89.0,6.0,0.0,2.0,0.0,32.0
2427.7033687776648,89.0,6.0,0.0,2.0,0.0,32.0
2428.003368777665,89.0,6.0,0.0,2.0,0.0,32.0
2428.0040429349683,89.0,6.0,0.0,2.0,0.0,32.0
2428.3040429349685,89.0,6.0,0.0,2.0,0.0,32.0
2428.304717092272,89.0,6.0,0.0,2.0,0.0,32.0
2428.604717092272,89.0,6.0,0.0,2.0,0.0,32.0
2428.6053912495754,89.0,6.0,0.0,2.0,0.0,32.0
2428.9053912495756,89.0,6.0,0.0,2.0,0.0,32.0
2428.906065406879,89.0,6.0,0.0,2.0,0.0,32.0
2429.206065406879,89.0,6.0,0.0,2.0,0.0,32.0
2429.2067395641825,89.0,6.0,0.0,2.0,0.0,32.0
2429.5067395641827,89.0,6.0,0.0,2.0,0.0,32.0
2429.507413721486,90.0,6.0,0.0,2.0,0.0,32.0
2429.8074137214862,90.0,6.0,0.0,2.0,0.0,32.0
2429.808080388153,90.0,6.0,0.0,2.0,0.0,32.0
2430.108080388153,90.0,6.0,0.0,2.0,0.0,32.0
2430.10874705482,90.0,6.0,0.0,2.0,0.0,32.0
2430.40874705482,90.0,6.0,0.0,2.0,0.0,32.0
2430.409413721487,90.0,6.0,0.0,2.0,0.0,32.0
2430.709413721487,90.0,6.0,0.0,2.0,0.0,32.0
2430.710080388154,90.0,6.0,0.0,2.0,0.0,32.0
2431.010080388154,90.0,6.0,0.0,2.0,0.0,32.0
2431.010747054821,90.0,6.0,0.0,2.0,0.0,32.0
2431.310747054821,90.0,6.0,0.0,2.0,0.0,32.0
2431.311413721488,90.0,6.0,0.0,2.0,0.0,32.0
2431.611413721488,90.0,6.0,0.0,2.0,0.0,32.0
2431.612080388155,90.0,6.0,0.0,2.0,0.0,32.0
2431.912080388155,90.0,6.0,0.0,2.0,0.0,32.0
2431.912747054822,90.0,6.0,0.0,2.0,0.0,32.0
2432.212747054822,90.0,6.0,0.0,2.0,0.0,32.0
2432.213413721489,90.0,6.0,0.0,2.0,0.0,32.0
2432.513413721489,90.0,6.0,0.0,2.0,0.0,32.0
2432.514080388156,90.0,6.0,0.0,2.0,0.0,32.0
2432.814080388156,90.0,6.0,0.0,2.0,0.0,32.0
2432.814747054823,90.0,6.0,0.0,2.0,0.0,32.0
2433.114747054823,90.0,6.0,0.0,2.0,0.0,32.0
2433.11541372149,90.0,6.0,0.0,2.0,0.0,32.0
2433.41541372149,90.0,6.0,0.0,2.0,0.0,32.0
2433.416080388157,90.0,6.0,0.0,2.0,0.0,32.0
2433.716080388157,90.0,6.0,0.0,2.0,0.0,32.0
2433.716747054824,90.0,6.0,0.0,2.0,0.0,32.0
2434.016747054824,90.0,6.0,0.0,2.0,0.0,32.0
2434.017413721491,90.0,6.0,0.0,2.0,0.0,32.0
2434.317413721491,90.0,6.0,0.0,2.0,0.0,32.0
2434.318080388158,90.0,6.0,0.0,2.0,0.0,32.0
2434.618080388158,90.0,6.0,0.0,2.0,0.0,32.0
2434.618747054825,90.0,6.0,0.0,2.0,0.0,32.0
2434.918747054825,90.0,6.0,0.0,2.0,0.0,32.0
2434.9194137214918,90.0,6.0,0.0,2.0,0.0,32.0
2435.219413721492,90.0,6.0,0.0,2.0,0.0,32.0
2435.2200803881587,90.0,6.0,0.0,2.0,0.0,32.0
2435.520080388159,90.0,6.0,0.0,2.0,0.0,32.0
2435.5207470548257,90.0,6.0,0.0,2.0,0.0,32.0
2435.820747054826,90.0,6.0,0.0,2.0,0.0,32.0
2435.8214137214927,90.0,6.0,0.0,2.0,0.0,32.0
2436.121413721493,90.0,6.0,0.0,2.0,0.0,32.0
2436.1220803881597,90.0,6.0,0.0,2.0,0.0,32.0
2436.42208038816,90.0,6.0,0.0,2.0,0.0,32.0
2436.4227470548267,90.0,6.0,0.0,2.0,0.0,32.0
2436.722747054827,90.0,6.0,0.0,2.0,0.0,32.0
2436.7234137214937,90.0,6.0,0.0,2.0,0.0,32.0
2437.023413721494,90.0,6.0,0.0,2.0,0.0,32.0
2437.0240803881607,90.0,6.0,0.0,2.0,0.0,32.0
2437.324080388161,90.0,6.0,0.0,2.0,0.0,32.0
2437.3247470548276,90.0,6.0,0.0,2.0,0.0,32.0
2437.624747054828,90.0,6.0,0.0,2.0,0.0,32.0
2437.6254137214946,90.0,6.0,0.0,2.0,0.0,32.0
2437.925413721495,90.0,6.0,0.0,2.0,0.0,32.0
2437.9260803881616,90.0,6.0,0.0,2.0,0.0,32.0
2438.226080388162,90.0,6.0,0.0,2.0,0.0,32.0
2438.2267470548286,90.0,6.0,0.0,2.0,0.0,32.0
2438.526747054829,90.0,6.0,0.0,2.0,0.0,32.0
2438.5274137214956,90.0,6.0,0.0,2.0,0.0,32.0
2438.8274137214958,90.0,6.0,0.0,2.0,0.0,32.0
2438.8280803881626,90.0,6.0,0.0,2.0,0.0,32.0
2439.1280803881627,90.0,6.0,0.0,2.0,0.0,32.0
2439.1287470548295,90.0,6.0,0.0,2.0,0.0,32.0
2439.4287470548297,90.0,6.0,0.0,2.0,0.0,32.0
2439.4294137214965,90.0,6.0,0.0,2.0,0.0,32.0
2439.7294137214967,90.0,6.0,0.0,2.0,0.0,32.0
2439.7300803881635,90.0,6.0,0.0,2.0,0.0,32.0
2440.0300803881637,90.0,6.0,0.0,2.0,0.0,32.0
2440.0307470548305,90.0,6.0,0.0,2.0,0.0,32.0
2440.3307470548307,90.0,6.0,0.0,2.0,0.0,32.0
2440.3314137214975,90.0,6.0,0.0,2.0,0.0,32.0
2440.6314137214977,90.0,6.0,0.0,2.0,0.0,32.0
2440.6320803881645,90.0,6.0,0.0,2.0,0.0,32.0
2440.9320803881646,90.0,6.0,0.0,2.0,0.0,32.0
2440.9327470548315,90.0,6.0,0.0,2.0,0.0,32.0
2441.2327470548316,90.0,6.0,0.0,2.0,0.0,32.0
2441.2334137214984,90.0,6.0,0.0,2.0,0.0,32.0
2441.5334137214986,90.0,6.0,0.0,2.0,0.0,32.0
2441.5340803881654,90.0,6.0,0.0,2.0,0.0,32.0
2441.8340803881656,90.0,6.0,0.0,2.0,0.0,32.0
2441.8347470548324,90.0,6.0,0.0,2.0,0.0,32.0
2442.1347470548326,90.0,6.0,0.0,2.0,0.0,32.0
2442.1354137214994,90.0,6.0,0.0,2.0,0.0,32.0
2442.4354137214996,90.0,6.0,0.0,2.0,0.0,32.0
2442.4360803881664,90.0,6.0,0.0,2.0,0.0,32.0
2442.7360803881666,90.0,6.0,0.0,2.0,0.0,32.0
2442.7367470548334,90.0,6.0,0.0,2.0,0.0,32.0
2443.0367470548335,90.0,6.0,0.0,2.0,0.0,32.0
2443.0374137215003,90.0,6.0,0.0,2.0,0.0,32.0
2443.3374137215005,90.0,6.0,0.0,2.0,0.0,32.0
2443.3380803881673,90.0,6.0,0.0,2.0,0.0,32.0
2443.6380803881675,90.0,6.0,0.0,2.0,0.0,32.0
2443.6387470548343,90.0,6.0,0.0,2.0,0.0,32.0
2443.9387470548345,90.0,6.0,0.0,2.0,0.0,32.0
2443.9394137215013,90.0,6.0,0.0,2.0,0.0,32.0
2444.2394137215015,90.0,6.0,0.0,2.0,0.0,32.0
2444.2400803881683,90.0,6.0,0.0,2.0,0.0,32.0
2444.5400803881685,90.0,6.0,0.0,2.0,0.0,32.0
2444.5407470548353,90.0,6.0,0.0,2.0,0.0,32.0
2444.8407470548354,90.0,6.0,0.0,2.0,0.0,32.0
2444.8414137215022,90.0,6.0,0.0,2.0,0.0,32.0
2445.1414137215024,90.0,6.0,0.0,2.0,0.0,32.0
2445.1420803881692,90.0,6.0,0.0,2.0,0.0,32.0
2445.4420803881694,90.0,6.0,0.0,2.0,0.0,32.0
2445.442747054836,90.0,6.0,0.0,2.0,0.0,32.0
2445.7427470548364,90.0,6.0,0.0,2.0,0.0,32.0
2445.743413721503,90.0,6.0,0.0,2.0,0.0,32.0
2446.0434137215034,90.0,6.0,0.0,2.0,0.0,32.0
2446.04408038817,90.0,6.0,0.0,2.0,0.0,32.0
2446.3440803881704,90.0,6.0,0.0,2.0,0.0,32.0
2446.344747054837,90.0,6.0,0.0,2.0,0.0,32.0
2446.6447470548374,90.0,6.0,0.0,2.0,0.0,32.0
2446.645413721504,90.0,6.0,0.0,2.0,0.0,32.0
2446.9454137215043,90.0,6.0,0.0,2.0,0.0,32.0
2446.946080388171,90.0,6.0,0.0,2.0,0.0,32.0
2447.2460803881713,90.0,6.0,0.0,2.0,0.0,32.0
2447.246747054838,90.0,6.0,0.0,2.0,0.0,32.0
2447.5467470548383,90.0,6.0,0.0,2.0,0.0,32.0
2447.547413721505,90.0,6.0,0.0,2.0,0.0,32.0
2447.8474137215053,90.0,6.0,0.0,2.0,0.0,32.0
2447.848080388172,90.0,6.0,0.0,2.0,0.0,32.0
2448.1480803881723,90.0,6.0,0.0,2.0,0.0,32.0
2448.148747054839,90.0,6.0,0.0,2.0,0.0,32.0
2448.4487470548393,90.0,6.0,0.0,2.0,0.0,32.0
2448.449413721506,90.0,6.0,0.0,2.0,0.0,32.0
2448.7494137215062,90.0,6.0,0.0,2.0,0.0,32.0
2448.750080388173,90.0,6.0,0.0,2.0,0.0,32.0
2449.0500803881732,90.0,6.0,0.0,2.0,0.0,32.0
2449.05074705484,90.0,6.0,0.0,2.0,0.0,32.0
2449.35074705484,90.0,6.0,0.0,2.0,0.0,32.0
2449.351413721507,90.0,6.0,0.0,2.0,0.0,32.0
2449.651413721507,90.0,6.0,0.0,2.0,0.0,32.0
2449.652080388174,90.0,6.0,0.0,2.0,0.0,32.0
2449.952080388174,90.0,6.0,0.0,2.0,0.0,32.0
2449.952747054841,90.0,6.0,0.0,2.0,0.0,32.0
2450.252747054841,90.0,6.0,0.0,2.0,0.0,32.0
2450.253413721508,90.0,6.0,0.0,2.0,0.0,32.0
2450.553413721508,90.0,6.0,0.0,2.0,0.0,32.0
2450.554080388175,90.0,6.0,0.0,2.0,0.0,32.0
2450.854080388175,90.0,6.0,0.0,2.0,0.0,32.0
2450.854747054842,90.0,6.0,0.0,2.0,0.0,32.0
2451.154747054842,90.0,6.0,0.0,2.0,0.0,32.0
2451.155413721509,90.0,6.0,0.0,2.0,0.0,32.0
2451.455413721509,90.0,6.0,0.0,2.0,0.0,32.0
2451.456080388176,90.0,6.0,0.0,2.0,0.0,32.0
2451.756080388176,90.0,6.0,0.0,2.0,0.0,32.0
2451.756747054843,90.0,6.0,0.0,2.0,0.0,32.0
2452.056747054843,90.0,6.0,0.0,2.0,0.0,32.0
2452.05741372151,90.0,6.0,0.0,2.0,0.0,32.0
2452.35741372151,90.0,6.0,0.0,2.0,0.0,32.0
2452.358080388177,90.0,6.0,0.0,2.0,0.0,32.0
2452.658080388177,90.0,6.0,0.0,2.0,0.0,32.0
2452.658747054844,90.0,6.0,0.0,2.0,0.0,32.0
2452.958747054844,90.0,6.0,0.0,2.0,0.0,32.0
2452.959413721511,90.0,6.0,0.0,2.0,0.0,32.0
2453.259413721511,90.0,6.0,0.0,2.0,0.0,32.0
2453.260080388178,90.0,6.0,0.0,2.0,0.0,32.0
2453.560080388178,90.0,6.0,0.0,2.0,0.0,32.0
2453.560747054845,90.0,6.0,0.0,2.0,0.0,32.0
2453.860747054845,90.0,6.0,0.0,2.0,0.0,32.0
2453.861413721512,90.0,6.0,0.0,2.0,0.0,32.0
2454.161413721512,90.0,6.0,0.0,2.0,0.0,32.0
2454.1620803881788,90.0,6.0,0.0,2.0,0.0,32.0
2454.462080388179,90.0,6.0,0.0,2.0,0.0,32.0
2454.4627470548457,90.0,6.0,0.0,2.0,0.0,32.0
2454.762747054846,90.0,6.0,0.0,2.0,0.0,32.0
2454.7634137215127,90.0,6.0,0.0,2.0,0.0,32.0
2455.063413721513,90.0,6.0,0.0,2.0,0.0,32.0
2455.0640803881797,90.0,6.0,0.0,2.0,0.0,32.0
2455.36408038818,90.0,6.0,0.0,2.0,0.0,32.0
2455.3647470548467,90.0,6.0,0.0,2.0,0.0,32.0
2455.664747054847,90.0,6.0,0.0,2.0,0.0,32.0
2455.6654137215137,90.0,6.0,0.0,2.0,0.0,32.0
2455.965413721514,90.0,6.0,0.0,2.0,0.0,32.0
2455.9660803881807,90.0,6.0,0.0,2.0,0.0,32.0
2456.266080388181,90.0,6.0,0.0,2.0,0.0,32.0
2456.2667470548477,90.0,6.0,0.0,2.0,0.0,32.0
2456.566747054848,90.0,6.0,0.0,2.0,0.0,32.0
2456.5674137215146,90.0,6.0,0.0,2.0,0.0,32.0
2456.867413721515,90.0,6.0,0.0,2.0,0.0,32.0
2456.8680803881816,90.0,6.0,0.0,2.0,0.0,32.0
2457.168080388182,90.0,6.0,0.0,2.0,0.0,32.0
2457.1687470548486,90.0,6.0,0.0,2.0,0.0,32.0
2457.468747054849,90.0,6.0,0.0,2.0,0.0,32.0
2457.4694137215156,90.0,6.0,0.0,2.0,0.0,32.0
2457.769413721516,90.0,6.0,0.0,2.0,0.0,32.0
2457.7700803881826,90.0,6.0,0.0,2.0,0.0,32.0
2458.0700803881828,90.0,6.0,0.0,2.0,0.0,32.0
2458.0707470548496,90.0,6.0,0.0,2.0,0.0,32.0
2458.3707470548497,90.0,6.0,0.0,2.0,0.0,32.0
2458.3714137215165,90.0,6.0,0.0,2.0,0.0,32.0
2458.6714137215167,90.0,6.0,0.0,2.0,0.0,32.0
2458.6720803881835,90.0,6.0,0.0,2.0,0.0,32.0
2458.9720803881837,90.0,6.0,0.0,2.0,0.0,32.0
2458.9727470548505,90.0,6.0,0.0,2.0,0.0,32.0
2459.2727470548507,90.0,6.0,0.0,2.0,0.0,32.0
2459.2734137215175,90.0,6.0,0.0,2.0,0.0,32.0
2459.5734137215177,90.0,6.0,0.0,2.0,0.0,32.0
2459.5740803881845,90.0,6.0,0.0,2.0,0.0,32.0
2459.8740803881847,90.0,6.0,0.0,2.0,0.0,32.0
2459.8747470548515,90.0,6.0,0.0,2.0,0.0,32.0
2460.1747470548517,90.0,6.0,0.0,2.0,0.0,32.0
2460.1754137215185,90.0,6.0,0.0,2.0,0.0,32.0
2460.4754137215186,90.0,6.0,0.0,2.0,0.0,32.0
2460.4760803881854,90.0,6.0,0.0,2.0,0.0,32.0
2460.7760803881856,90.0,6.0,0.0,2.0,0.0,32.0
2460.7767470548524,90.0,6.0,0.0,2.0,0.0,32.0
2461.0767470548526,90.0,6.0,0.0,2.0,0.0,32.0
2461.0774137215194,90.0,6.0,0.0,2.0,0.0,32.0
2461.3774137215196,90.0,6.0,0.0,2.0,0.0,32.0
2461.3780803881864,90.0,6.0,0.0,2.0,0.0,32.0
2461.6780803881866,90.0,6.0,0.0,2.0,0.0,32.0
2461.6787470548534,90.0,6.0,0.0,2.0,0.0,32.0
2461.9787470548536,90.0,6.0,0.0,2.0,0.0,32.0
2461.9794137215204,90.0,6.0,0.0,2.0,0.0,32.0
2462.2794137215205,90.0,6.0,0.0,2.0,0.0,32.0
2462.2800803881873,90.0,6.0,0.0,2.0,0.0,32.0
2462.5800803881875,90.0,6.0,0.0,2.0,0.0,32.0
2462.5807470548543,91.0,6.0,0.0,2.0,0.0,32.0
2462.8807470548545,91.0,6.0,0.0,2.0,0.0,32.0
2462.8814063955137,91.0,6.0,0.0,2.0,0.0,32.0
2463.181406395514,91.0,6.0,0.0,2.0,0.0,32.0
2463.182065736173,91.0,6.0,0.0,2.0,0.0,32.0
2463.4820657361734,91.0,6.0,0.0,2.0,0.0,32.0
2463.4827250768326,91.0,6.0,0.0,2.0,0.0,32.0
2463.782725076833,91.0,6.0,0.0,2.0,0.0,32.0
2463.783384417492,91.0,6.0,0.0,2.0,0.0,32.0
2464.083384417492,91.0,6.0,0.0,2.0,0.0,32.0
2464.0840437581514,91.0,6.0,0.0,2.0,0.0,32.0
2464.3840437581516,91.0,6.0,0.0,2.0,0.0,32.0
2464.384703098811,92.0,6.0,0.0,2.0,0.0,32.0
2464.684703098811,92.0,6.0,0.0,2.0,0.0,32.0
2464.685355272724,92.0,6.0,0.0,2.0,0.0,32.0
2464.985355272724,92.0,6.0,0.0,2.0,0.0,32.0
2464.986007446637,92.0,6.0,0.0,2.0,0.0,32.0
2465.286007446637,92.0,6.0,0.0,2.0,0.0,32.0
2465.28665962055,92.0,6.0,0.0,2.0,0.0,32.0
2465.58665962055,92.0,6.0,0.0,2.0,0.0,32.0
2465.587311794463,92.0,6.0,0.0,2.0,0.0,32.0
2465.887311794463,92.0,6.0,0.0,2.0,0.0,32.0
2465.887963968376,92.0,6.0,0.0,2.0,0.0,32.0
2466.187963968376,92.0,6.0,0.0,2.0,0.0,32.0
2466.188616142289,92.0,6.0,0.0,2.0,0.0,32.0
2466.488616142289,92.0,6.0,0.0,2.0,0.0,32.0
2466.489268316202,92.0,6.0,0.0,2.0,0.0,32.0
2466.789268316202,92.0,6.0,0.0,2.0,0.0,32.0
2466.789920490115,92.0,6.0,0.0,2.0,0.0,32.0
2467.089920490115,92.0,6.0,0.0,2.0,0.0,32.0
2467.090572664028,92.0,6.0,0.0,2.0,0.0,32.0
2467.3905726640282,92.0,6.0,0.0,2.0,0.0,32.0
2467.391224837941,92.0,6.0,0.0,2.0,0.0,32.0
2467.6912248379413,92.0,6.0,0.0,2.0,0.0,32.0
2467.691877011854,92.0,6.0,0.0,2.0,0.0,32.0
2467.9918770118543,92.0,6.0,0.0,2.0,0.0,32.0
2467.992529185767,92.0,6.0,0.0,2.0,0.0,32.0
2468.2925291857673,92.0,6.0,0.0,2.0,0.0,32.0
2468.29318135968,92.0,6.0,0.0,2.0,0.0,32.0
2468.5931813596803,92.0,6.0,0.0,2.0,0.0,32.0
2468.593833533593,92.0,6.0,0.0,2.0,0.0,32.0
2468.8938335335934,92.0,6.0,0.0,2.0,0.0,32.0
2468.894485707506,92.0,6.0,0.0,2.0,0.0,32.0
2469.1944857075064,92.0,6.0,0.0,2.0,0.0,32.0
2469.195137881419,92.0,6.0,0.0,2.0,0.0,32.0
2469.4951378814194,92.0,6.0,0.0,2.0,0.0,32.0
2469.4957900553322,92.0,6.0,0.0,2.0,0.0,32.0
2469.7957900553324,92.0,6.0,0.0,2.0,0.0,32.0
2469.7964422292453,92.0,6.0,0.0,2.0,0.0,32.0
2470.0964422292454,92.0,6.0,0.0,2.0,0.0,32.0
2470.0970944031583,92.0,6.0,0.0,2.0,0.0,32.0
2470.3970944031585,92.0,6.0,0.0,2.0,0.0,32.0
2470.3977465770713,92.0,6.0,0.0,2.0,0.0,32.0
2470.6977465770715,92.0,6.0,0.0,2.0,0.0,32.0
2470.6983987509843,92.0,6.0,0.0,2.0,0.0,32.0
2470.9983987509845,92.0,6.0,0.0,2.0,0.0,32.0
2470.9990509248973,92.0,6.0,0.0,2.0,0.0,32.0
2471.2990509248975,92.0,6.0,0.0,2.0,0.0,32.0
2471.2997030988104,92.0,6.0,0.0,2.0,0.0,32.0
2471.5997030988106,92.0,6.0,0.0,2.0,0.0,32.0
2471.6003552727234,92.0,6.0,0.0,2.0,0.0,32.0
2471.9003552727236,92.0,6.0,0.0,2.0,0.0,32.0
2471.9010074466364,92.0,6.0,0.0,2.0,0.0,32.0
2472.2010074466366,92.0,6.0,0.0,2.0,0.0,32.0
2472.2016596205494,92.0,6.0,0.0,2.0,0.0,32.0
2472.5016596205496,92.0,6.0,0.0,2.0,0.0,32.0
2472.5023117944625,92.0,6.0,0.0,2.0,0.0,32.0
2472.8023117944626,92.0,6.0,0.0,2.0,0.0,32.0
2472.8029639683755,92.0,6.0,0.0,2.0,0.0,32.0
2473.1029639683757,92.0,6.0,0.0,2.0,0.0,32.0
2473.1036161422885,92.0,6.0,0.0,2.0,0.0,32.0
2473.4036161422887,92.0,6.0,0.0,2.0,0.0,32.0
2473.4042683162015,92.0,6.0,0.0,2.0,0.0,32.0
2473.7042683162017,92.0,6.0,0.0,2.0,0.0,32.0
2473.7049204901145,92.0,6.0,0.0,2.0,0.0,32.0
2474.0049204901147,92.0,6.0,0.0,2.0,0.0,32.0
2474.0055726640276,92.0,6.0,0.0,2.0,0.0,32.0
2474.3055726640277,92.0,6.0,0.0,2.0,0.0,32.0
2474.3062248379406,92.0,6.0,0.0,2.0,0.0,32.0
2474.6062248379408,92.0,6.0,0.0,2.0,0.0,32.0
2474.6068770118536,92.0,6.0,0.0,2.0,0.0,32.0
2474.906877011854,92.0,6.0,0.0,2.0,0.0,32.0
2474.9075291857666,92.0,6.0,0.0,2.0,0.0,32.0
2475.207529185767,92.0,6.0,0.0,2.0,0.0,32.0
2475.2081813596797,91.0,6.0,0.0,2.0,0.0,32.0
2475.50818135968,91.0,6.0,0.0,2.0,0.0,32.0
2475.508840700339,91.0,6.0,0.0,2.0,0.0,32.0
2475.8088407003393,91.0,6.0,0.0,2.0,0.0,32.0
2475.8095000409985,91.0,6.0,0.0,2.0,0.0,32.0
2476.1095000409987,91.0,6.0,0.0,2.0,0.0,32.0
2476.110159381658,91.0,6.0,0.0,2.0,0.0,32.0
2476.410159381658,91.0,6.0,0.0,2.0,0.0,32.0
2476.4108187223173,91.0,6.0,0.0,2.0,0.0,32.0
2476.7108187223175,91.0,6.0,0.0,2.0,0.0,32.0
2476.7114780629768,91.0,6.0,0.0,2.0,0.0,32.0
2477.011478062977,91.0,6.0,0.0,2.0,0.0,32.0
2477.012137403636,91.0,6.0,0.0,2.0,0.0,32.0
2477.3121374036364,91.0,6.0,0.0,2.0,0.0,32.0
2477.3127967442956,91.0,6.0,0.0,2.0,0.0,32.0
2477.612796744296,91.0,6.0,0.0,2.0,0.0,32.0
2477.613456084955,91.0,6.0,0.0,2.0,0.0,32.0
2477.913456084955,91.0,6.0,0.0,2.0,0.0,32.0
2477.9141154256145,91.0,6.0,0.0,2.0,0.0,32.0
2478.2141154256146,91.0,6.0,0.0,2.0,0.0,32.0
2478.214774766274,91.0,6.0,0.0,2.0,0.0,32.0
2478.514774766274,91.0,6.0,0.0,2.0,0.0,32.0
2478.5154341069333,91.0,6.0,0.0,2.0,0.0,32.0
2478.8154341069335,91.0,6.0,0.0,2.0,0.0,32.0
2478.8160934475927,91.0,6.0,0.0,2.0,0.0,32.0
2479.116093447593,91.0,6.0,0.0,2.0,0.0,32.0
2479.116752788252,91.0,6.0,0.0,2.0,0.0,32.0
2479.4167527882523,91.0,6.0,0.0,2.0,0.0,32.0
2479.4174121289116,91.0,6.0,0.0,2.0,0.0,32.0
2479.7174121289117,91.0,6.0,0.0,2.0,0.0,32.0
2479.718071469571,91.0,6.0,0.0,2.0,0.0,32.0
2480.018071469571,91.0,6.0,0.0,2.0,0.0,32.0
2480.0187308102304,91.0,6.0,0.0,2.0,0.0,32.0
2480.3187308102306,91.0,6.0,0.0,2.0,0.0,32.0
2480.31939015089,91.0,6.0,0.0,2.0,0.0,32.0
2480.61939015089,91.0,6.0,0.0,2.0,0.0,32.0
2480.6200494915493,92.0,6.0,0.0,2.0,0.0,32.0
2480.9200494915494,92.0,6.0,0.0,2.0,0.0,32.0
2480.9207016654623,92.0,6.0,0.0,2.0,0.0,32.0
2481.2207016654625,92.0,6.0,0.0,2.0,0.0,32.0
2481.2213538393753,92.0,6.0,0.0,2.0,0.0,32.0
2481.5213538393755,92.0,6.0,0.0,2.0,0.0,32.0
2481.5220060132883,92.0,6.0,0.0,2.0,0.0,32.0
2481.8220060132885,92.0,6.0,0.0,2.0,0.0,32.0
2481.8226581872013,92.0,6.0,0.0,2.0,0.0,32.0
2482.1226581872015,92.0,6.0,0.0,2.0,0.0,32.0
2482.1233103611144,92.0,6.0,0.0,2.0,0.0,32.0
2482.4233103611145,92.0,6.0,0.0,2.0,0.0,32.0
2482.4239625350274,92.0,6.0,0.0,2.0,0.0,32.0
2482.7239625350276,92.0,6.0,0.0,2.0,0.0,32.0
2482.7246147089404,92.0,6.0,0.0,2.0,0.0,32.0
2483.0246147089406,92.0,6.0,0.0,2.0,0.0,32.0
2483.0252668828534,92.0,6.0,0.0,2.0,0.0,32.0
2483.3252668828536,92.0,6.0,0.0,2.0,0.0,32.0
2483.3259190567665,92.0,6.0,0.0,2.0,0.0,32.0
2483.6259190567666,92.0,6.0,0.0,2.0,0.0,32.0
2483.6265712306795,92.0,6.0,0.0,2.0,0.0,32.0
2483.9265712306797,92.0,6.0,0.0,2.0,0.0,32.0
2483.9272234045925,92.0,6.0,0.0,2.0,0.0,32.0
2484.2272234045927,92.0,6.0,0.0,2.0,0.0,32.0
2484.2278755785055,92.0,6.0,0.0,2.0,0.0,32.0
2484.5278755785057,92.0,6.0,0.0,2.0,0.0,32.0
2484.5285277524185,92.0,6.0,0.0,2.0,0.0,32.0
2484.8285277524187,92.0,6.0,0.0,2.0,0.0,32.0
2484.8291799263316,92.0,6.0,0.0,2.0,0.0,32.0
2485.1291799263317,92.0,6.0,0.0,2.0,0.0,32.0
2485.1298321002446,92.0,6.0,0.0,2.0,0.0,32.0
2485.4298321002448,92.0,6.0,0.0,2.0,0.0,32.0
2485.4304842741576,92.0,6.0,0.0,2.0,0.0,32.0
2485.730484274158,92.0,6.0,0.0,2.0,0.0,32.0
2485.7311364480706,92.0,6.0,0.0,2.0,0.0,32.0
2486.031136448071,92.0,6.0,0.0,2.0,0.0,32.0
2486.0317886219837,92.0,6.0,0.0,2.0,0.0,32.0
2486.331788621984,92.0,6.0,0.0,2.0,0.0,32.0
2486.3324407958967,92.0,6.0,0.0,2.0,0.0,32.0
2486.632440795897,92.0,6.0,0.0,2.0,0.0,32.0
2486.6330929698097,92.0,6.0,0.0,2.0,0.0,32.0
2486.93309296981,92.0,6.0,0.0,2.0,0.0,32.0
2486.9337451437227,92.0,6.0,0.0,2.0,0.0,32.0
2487.233745143723,92.0,6.0,0.0,2.0,0.0,32.0
2487.2343973176357,92.0,6.0,0.0,2.0,0.0,32.0
2487.534397317636,92.0,6.0,0.0,2.0,0.0,32.0
2487.5350494915488,92.0,6.0,0.0,2.0,0.0,32.0
2487.835049491549,92.0,6.0,0.0,2.0,0.0,32.0
2487.835701665462,92.0,6.0,0.0,2.0,0.0,32.0
2488.135701665462,92.0,6.0,0.0,2.0,0.0,32.0
2488.136353839375,92.0,6.0,0.0,2.0,0.0,32.0
2488.436353839375,92.0,6.0,0.0,2.0,0.0,32.0
2488.437006013288,92.0,6.0,0.0,2.0,0.0,32.0
2488.737006013288,92.0,6.0,0.0,2.0,0.0,32.0
2488.737658187201,92.0,6.0,0.0,2.0,0.0,32.0
2489.037658187201,92.0,6.0,0.0,2.0,0.0,32.0
2489.038310361114,92.0,6.0,0.0,2.0,0.0,32.0
2489.338310361114,92.0,6.0,0.0,2.0,0.0,32.0
2489.338962535027,92.0,6.0,0.0,2.0,0.0,32.0
2489.638962535027,92.0,6.0,0.0,2.0,0.0,32.0
2489.63961470894,92.0,6.0,0.0,2.0,0.0,32.0
2489.93961470894,92.0,6.0,0.0,2.0,0.0,32.0
2489.940266882853,92.0,6.0,0.0,2.0,0.0,32.0
2490.240266882853,92.0,6.0,0.0,2.0,0.0,32.0
2490.240919056766,92.0,6.0,0.0,2.0,0.0,32.0
2490.540919056766,92.0,6.0,0.0,2.0,0.0,32.0
2490.541571230679,92.0,6.0,0.0,2.0,0.0,32.0
2490.841571230679,92.0,6.0,0.0,2.0,0.0,32.0
2490.842223404592,92.0,6.0,0.0,2.0,0.0,32.0
2491.142223404592,92.0,6.0,0.0,2.0,0.0,32.0
2491.142875578505,92.0,6.0,0.0,2.0,0.0,32.0
2491.442875578505,92.0,6.0,0.0,2.0,0.0,32.0
2491.443527752418,92.0,6.0,0.0,2.0,0.0,32.0
2491.7435277524182,92.0,6.0,0.0,2.0,0.0,32.0
2491.744179926331,92.0,6.0,0.0,2.0,0.0,32.0
2492.0441799263313,92.0,6.0,0.0,2.0,0.0,32.0
2492.044832100244,92.0,6.0,0.0,2.0,0.0,32.0
2492.3448321002443,92.0,6.0,0.0,2.0,0.0,32.0
2492.345484274157,92.0,6.0,0.0,2.0,0.0,32.0
2492.6454842741573,92.0,6.0,0.0,2.0,0.0,32.0
2492.64613644807,92.0,6.0,0.0,2.0,0.0,32.0
2492.9461364480703,92.0,6.0,0.0,2.0,0.0,32.0
2492.946788621983,92.0,6.0,0.0,2.0,0.0,32.0
2493.2467886219833,92.0,6.0,0.0,2.0,0.0,32.0
2493.247440795896,92.0,6.0,0.0,2.0,0.0,32.0
2493.5474407958964,92.0,6.0,0.0,2.0,0.0,32.0
2493.548092969809,92.0,6.0,0.0,7.0,0.0,32.0
2493.8480929698094,92.0,6.0,0.0,7.0,0.0,32.0
2493.848745143722,92.0,6.0,0.0,7.0,0.0,32.0
2494.1487451437224,92.0,6.0,0.0,7.0,0.0,32.0
2494.1493973176352,92.0,6.0,0.0,7.0,0.0,32.0
2494.4493973176354,92.0,6.0,0.0,7.0,0.0,32.0
2494.4500494915483,92.0,6.0,0.0,7.0,0.0,32.0
2494.7500494915485,92.0,6.0,0.0,7.0,0.0,32.0
2494.7507016654613,92.0,6.0,0.0,7.0,0.0,32.0
2495.0507016654615,92.0,6.0,0.0,7.0,0.0,32.0
2495.0513538393743,92.0,6.0,0.0,7.0,0.0,32.0
2495.3513538393745,92.0,6.0,0.0,7.0,0.0,32.0
2495.3520060132873,92.0,6.0,0.0,7.0,0.0,32.0
2495.6520060132875,92.0,6.0,0.0,7.0,0.0,32.0
2495.6526581872004,92.0,6.0,0.0,7.0,0.0,32.0
2495.9526581872005,92.0,6.0,0.0,7.0,0.0,32.0
2495.9533103611134,92.0,6.0,0.0,7.0,0.0,32.0
2496.2533103611136,92.0,6.0,0.0,7.0,0.0,32.0
2496.2539625350264,92.0,6.0,0.0,7.0,0.0,32.0
2496.5539625350266,92.0,6.0,0.0,7.0,0.0,32.0
2496.5546147089394,92.0,6.0,0.0,7.0,0.0,32.0
2496.8546147089396,92.0,6.0,0.0,7.0,0.0,32.0
2496.8552668828524,92.0,6.0,0.0,7.0,0.0,32.0
2497.1552668828526,92.0,6.0,0.0,7.0,0.0,32.0
2497.1559190567655,92.0,6.0,0.0,7.0,0.0,32.0
2497.4559190567657,92.0,6.0,0.0,7.0,0.0,32.0
2497.4565712306785,92.0,6.0,0.0,7.0,0.0,32.0
2497.7565712306787,92.0,6.0,0.0,7.0,0.0,32.0
2497.7572234045915,92.0,6.0,0.0,7.0,0.0,32.0
2498.0572234045917,92.0,6.0,0.0,7.0,0.0,32.0
2498.0578755785045,92.0,6.0,0.0,7.0,0.0,32.0
2498.3578755785047,92.0,6.0,0.0,7.0,0.0,32.0
2498.3585277524176,92.0,6.0,0.0,7.0,0.0,32.0
2498.6585277524177,92.0,6.0,0.0,7.0,0.0,32.0
2498.6591799263306,92.0,6.0,0.0,7.0,0.0,32.0
2498.9591799263308,92.0,6.0,0.0,7.0,0.0,32.0
2498.9598321002436,92.0,6.0,0.0,7.0,0.0,32.0
2499.259832100244,92.0,6.0,0.0,7.0,0.0,32.0
2499.2604842741566,92.0,6.0,0.0,7.0,0.0,32.0
2499.560484274157,92.0,6.0,0.0,7.0,0.0,32.0
2499.5611364480696,92.0,6.0,0.0,7.0,0.0,32.0
2499.86113644807,92.0,6.0,0.0,7.0,0.0,32.0
2499.8617886219827,92.0,6.0,0.0,7.0,0.0,32.0
2500.161788621983,92.0,6.0,0.0,7.0,0.0,32.0
2500.1624407958957,92.0,6.0,0.0,7.0,0.0,32.0
2500.462440795896,92.0,6.0,0.0,7.0,0.0,32.0
2500.4630929698087,92.0,6.0,0.0,7.0,0.0,32.0
2500.763092969809,92.0,6.0,0.0,7.0,0.0,32.0
2500.7637451437217,92.0,6.0,0.0,7.0,0.0,32.0
2501.063745143722,92.0,6.0,0.0,7.0,0.0,32.0
2501.0643973176348,92.0,6.0,0.0,7.0,0.0,32.0
2501.364397317635,92.0,6.0,0.0,7.0,0.0,32.0
2501.365049491548,92.0,6.0,0.0,7.0,0.0,32.0
2501.665049491548,92.0,6.0,0.0,7.0,0.0,32.0
2501.665701665461,92.0,6.0,0.0,7.0,0.0,32.0
2501.965701665461,92.0,6.0,0.0,7.0,0.0,32.0
2501.966353839374,92.0,6.0,0.0,7.0,0.0,32.0
2502.266353839374,92.0,6.0,0.0,7.0,0.0,32.0
2502.267006013287,92.0,6.0,0.0,7.0,0.0,32.0
2502.567006013287,92.0,6.0,0.0,7.0,0.0,32.0
2502.5676581872,92.0,6.0,0.0,7.0,0.0,32.0
2502.8676581872,92.0,6.0,0.0,7.0,0.0,32.0
2502.868310361113,92.0,6.0,0.0,7.0,0.0,32.0
2503.168310361113,92.0,6.0,0.0,7.0,0.0,32.0
2503.168962535026,92.0,6.0,0.0,7.0,0.0,32.0
2503.468962535026,92.0,6.0,0.0,7.0,0.0,32.0
2503.469614708939,92.0,6.0,0.0,7.0,0.0,32.0
2503.769614708939,92.0,6.0,0.0,7.0,0.0,32.0
2503.770266882852,92.0,6.0,0.0,7.0,0.0,32.0
2504.070266882852,92.0,6.0,0.0,7.0,0.0,32.0
2504.070919056765,92.0,6.0,0.0,7.0,0.0,32.0
2504.370919056765,92.0,6.0,0.0,7.0,0.0,32.0
2504.371571230678,92.0,6.0,0.0,7.0,0.0,32.0
2504.671571230678,92.0,6.0,0.0,7.0,0.0,32.0
2504.672223404591,92.0,6.0,0.0,7.0,0.0,32.0
2504.972223404591,92.0,6.0,0.0,7.0,0.0,32.0
2504.972875578504,92.0,6.0,0.0,7.0,0.0,32.0
2505.272875578504,92.0,6.0,0.0,7.0,0.0,32.0
2505.273527752417,92.0,6.0,0.0,7.0,0.0,32.0
2505.5735277524172,92.0,6.0,0.0,7.0,0.0,32.0
2505.57417992633,92.0,6.0,0.0,7.0,0.0,32.0
2505.8741799263303,92.0,6.0,0.0,7.0,0.0,32.0
2505.874832100243,92.0,6.0,0.0,7.0,0.0,32.0
2506.1748321002433,92.0,6.0,0.0,7.0,0.0,32.0
2506.175484274156,92.0,6.0,0.0,7.0,0.0,32.0
2506.4754842741563,92.0,6.0,0.0,7.0,0.0,32.0
2506.476136448069,92.0,6.0,0.0,7.0,0.0,32.0
2506.7761364480693,92.0,6.0,0.0,7.0,0.0,32.0
2506.776788621982,92.0,6.0,0.0,7.0,0.0,32.0
2507.0767886219824,92.0,6.0,0.0,7.0,0.0,32.0
2507.077440795895,92.0,6.0,0.0,7.0,0.0,32.0
2507.3774407958954,92.0,6.0,0.0,7.0,0.0,32.0
2507.378092969808,92.0,6.0,0.0,7.0,0.0,32.0
2507.6780929698084,92.0,6.0,0.0,7.0,0.0,32.0
2507.6787451437212,92.0,6.0,0.0,7.0,0.0,32.0
2507.9787451437214,92.0,6.0,0.0,7.0,0.0,32.0
2507.9793973176343,92.0,6.0,0.0,7.0,0.0,32.0
2508.2793973176344,92.0,6.0,0.0,7.0,0.0,32.0
2508.2800494915473,92.0,6.0,0.0,7.0,0.0,32.0
2508.5800494915475,92.0,6.0,0.0,7.0,0.0,32.0
2508.5807016654603,92.0,6.0,0.0,7.0,0.0,32.0
2508.8807016654605,92.0,6.0,0.0,7.0,0.0,32.0
2508.8813538393733,92.0,6.0,0.0,7.0,0.0,32.0
2509.1813538393735,92.0,6.0,0.0,7.0,0.0,32.0
2509.1820060132864,92.0,6.0,0.0,7.0,0.0,32.0
2509.4820060132865,92.0,6.0,0.0,7.0,0.0,32.0
2509.4826581871994,92.0,6.0,0.0,7.0,0.0,32.0
2509.7826581871996,92.0,6.0,0.0,7.0,0.0,32.0
2509.7833103611124,92.0,6.0,0.0,7.0,0.0,32.0
2510.0833103611126,92.0,6.0,0.0,7.0,0.0,32.0
2510.0839625350254,92.0,6.0,0.0,7.0,0.0,32.0
2510.3839625350256,92.0,6.0,0.0,7.0,0.0,32.0
2510.3846147089384,92.0,6.0,0.0,7.0,0.0,32.0
2510.6846147089386,92.0,6.0,0.0,7.0,0.0,32.0
2510.6852668828515,92.0,6.0,0.0,7.0,0.0,32.0
2510.9852668828516,92.0,6.0,0.0,7.0,0.0,32.0
2510.9859190567645,92.0,6.0,0.0,7.0,0.0,32.0
2511.2859190567647,92.0,6.0,0.0,7.0,0.0,32.0
2511.2865712306775,92.0,6.0,0.0,7.0,0.0,32.0
2511.5865712306777,92.0,6.0,0.0,7.0,0.0,32.0
2511.5872234045905,92.0,6.0,0.0,7.0,0.0,32.0
2511.8872234045907,92.0,6.0,0.0,7.0,0.0,32.0
2511.8878755785036,92.0,6.0,0.0,7.0,0.0,32.0
2512.1878755785037,92.0,6.0,0.0,7.0,0.0,32.0
2512.1885277524166,92.0,6.0,0.0,7.0,0.0,32.0
2512.4885277524168,92.0,6.0,0.0,7.0,0.0,32.0
2512.4891799263296,92.0,6.0,0.0,7.0,0.0,32.0
2512.78917992633,92.0,6.0,0.0,7.0,0.0,32.0
2512.7898321002426,92.0,6.0,0.0,7.0,0.0,32.0
2513.089832100243,92.0,6.0,0.0,7.0,0.0,32.0
2513.0904842741556,92.0,6.0,0.0,7.0,0.0,32.0
2513.390484274156,92.0,6.0,0.0,7.0,0.0,32.0
2513.3911364480687,92.0,6.0,0.0,7.0,0.0,32.0
2513.691136448069,92.0,6.0,0.0,7.0,0.0,32.0
2513.6917886219817,92.0,6.0,0.0,7.0,0.0,32.0
2513.991788621982,92.0,6.0,0.0,7.0,0.0,32.0
2513.9924407958947,92.0,6.0,0.0,7.0,0.0,32.0
2514.292440795895,92.0,6.0,0.0,7.0,0.0,32.0
2514.2930929698077,92.0,6.0,0.0,7.0,0.0,32.0
2514.593092969808,92.0,6.0,0.0,7.0,0.0,32.0
2514.5937451437208,92.0,6.0,0.0,7.0,0.0,32.0
2514.893745143721,92.0,6.0,0.0,7.0,0.0,32.0
2514.894397317634,92.0,6.0,0.0,7.0,0.0,32.0
2515.194397317634,92.0,6.0,0.0,7.0,0.0,32.0
2515.195049491547,92.0,6.0,0.0,7.0,0.0,32.0
2515.495049491547,92.0,6.0,0.0,7.0,0.0,32.0
2515.49570166546,92.0,6.0,0.0,7.0,0.0,32.0
2515.79570166546,92.0,6.0,0.0,7.0,0.0,32.0
2515.796353839373,92.0,6.0,0.0,7.0,0.0,32.0
2516.096353839373,92.0,6.0,0.0,7.0,0.0,32.0
2516.097006013286,92.0,6.0,0.0,7.0,0.0,32.0
2516.397006013286,92.0,6.0,0.0,7.0,0.0,32.0
2516.397658187199,92.0,6.0,0.0,7.0,0.0,32.0
2516.697658187199,92.0,6.0,0.0,7.0,0.0,32.0
2516.698310361112,92.0,6.0,0.0,7.0,0.0,32.0
2516.998310361112,92.0,6.0,0.0,7.0,0.0,32.0
2516.998962535025,92.0,6.0,0.0,7.0,0.0,32.0
2517.298962535025,92.0,6.0,0.0,7.0,0.0,32.0
2517.299614708938,92.0,6.0,0.0,7.0,0.0,32.0
2517.599614708938,92.0,6.0,0.0,7.0,0.0,32.0
2517.600266882851,92.0,6.0,0.0,7.0,0.0,32.0
2517.900266882851,92.0,6.0,0.0,7.0,0.0,32.0
2517.900919056764,92.0,6.0,0.0,7.0,0.0,32.0
2518.200919056764,92.0,6.0,0.0,7.0,0.0,32.0
2518.201571230677,92.0,6.0,0.0,7.0,0.0,32.0
2518.501571230677,92.0,6.0,0.0,7.0,0.0,32.0
2518.50222340459,92.0,6.0,0.0,7.0,0.0,32.0
2518.80222340459,92.0,6.0,0.0,7.0,0.0,32.0
2518.802875578503,92.0,6.0,0.0,7.0,0.0,32.0
2519.1028755785032,92.0,6.0,0.0,7.0,0.0,32.0
2519.103527752416,92.0,6.0,0.0,7.0,0.0,32.0
2519.4035277524163,92.0,6.0,0.0,7.0,0.0,32.0
2519.404179926329,92.0,6.0,0.0,7.0,0.0,32.0
2519.7041799263293,92.0,6.0,0.0,7.0,0.0,32.0
2519.704832100242,92.0,6.0,0.0,7.0,0.0,32.0
2520.0048321002423,92.0,6.0,0.0,7.0,0.0,32.0
2520.005484274155,92.0,6.0,0.0,7.0,0.0,32.0
2520.3054842741553,92.0,6.0,0.0,7.0,0.0,32.0
2520.306136448068,92.0,6.0,0.0,7.0,0.0,32.0
2520.6061364480684,92.0,6.0,0.0,7.0,0.0,32.0
2520.606788621981,92.0,6.0,0.0,7.0,0.0,32.0
2520.9067886219814,92.0,6.0,0.0,7.0,0.0,32.0
2520.907440795894,92.0,6.0,0.0,7.0,0.0,32.0
2521.2074407958944,92.0,6.0,0.0,7.0,0.0,32.0
2521.2080929698072,92.0,6.0,0.0,7.0,0.0,32.0
2521.5080929698074,92.0,6.0,0.0,7.0,0.0,32.0
2521.5087451437203,92.0,6.0,0.0,7.0,0.0,32.0
2521.8087451437204,92.0,6.0,0.0,7.0,0.0,32.0
2521.8093973176333,92.0,6.0,0.0,7.0,0.0,32.0
2522.1093973176335,92.0,6.0,0.0,7.0,0.0,32.0
2522.1100494915463,92.0,6.0,0.0,7.0,0.0,32.0
2522.4100494915465,92.0,6.0,0.0,7.0,0.0,32.0
2522.4107016654593,92.0,6.0,0.0,7.0,0.0,32.0
2522.7107016654595,92.0,6.0,0.0,7.0,0.0,32.0
2522.7113538393724,92.0,6.0,0.0,7.0,0.0,32.0
2523.0113538393725,92.0,6.0,0.0,7.0,0.0,32.0
2523.0120060132854,92.0,6.0,0.0,7.0,0.0,32.0
2523.3120060132856,92.0,6.0,0.0,7.0,0.0,32.0
2523.3126581871984,91.0,6.0,0.0,7.0,0.0,32.0
2523.6126581871986,91.0,6.0,0.0,7.0,0.0,32.0
2523.613317527858,91.0,6.0,0.0,7.0,0.0,32.0
2523.913317527858,91.0,6.0,0.0,7.0,0.0,32.0
2523.9139768685172,91.0,6.0,0.0,7.0,0.0,32.0
2524.2139768685174,91.0,6.0,0.0,7.0,0.0,32.0
2524.2146362091767,91.0,6.0,0.0,7.0,0.0,32.0
2524.514636209177,91.0,6.0,0.0,7.0,0.0,32.0
2524.515295549836,91.0,6.0,0.0,7.0,0.0,32.0
2524.8152955498363,91.0,6.0,0.0,7.0,0.0,32.0
2524.8159548904955,91.0,6.0,0.0,7.0,0.0,32.0
2525.1159548904957,91.0,6.0,0.0,7.0,0.0,32.0
2525.116614231155,91.0,6.0,0.0,7.0,0.0,32.0
2525.416614231155,91.0,6.0,0.0,7.0,0.0,32.0
2525.4172735718143,91.0,6.0,0.0,7.0,0.0,32.0
2525.7172735718145,91.0,6.0,0.0,7.0,0.0,32.0
2525.7179329124738,91.0,6.0,0.0,7.0,0.0,32.0
2526.017932912474,91.0,6.0,0.0,7.0,0.0,32.0
2526.018592253133,91.0,6.0,0.0,7.0,0.0,32.0
2526.3185922531334,91.0,6.0,0.0,7.0,0.0,32.0
2526.3192515937926,91.0,6.0,0.0,7.0,0.0,32.0
2526.619251593793,91.0,6.0,0.0,7.0,0.0,32.0
2526.619910934452,91.0,6.0,0.0,7.0,0.0,32.0
2526.919910934452,91.0,6.0,0.0,7.0,0.0,32.0
2526.9205702751115,91.0,6.0,0.0,7.0,0.0,32.0
2527.2205702751116,91.0,6.0,0.0,7.0,0.0,32.0
2527.221229615771,91.0,6.0,0.0,7.0,0.0,32.0
2527.521229615771,91.0,6.0,0.0,7.0,0.0,32.0
2527.5218889564303,91.0,6.0,0.0,7.0,0.0,32.0
2527.8218889564305,91.0,6.0,0.0,7.0,0.0,32.0
2527.8225482970897,91.0,6.0,0.0,7.0,0.0,32.0
2528.12254829709,91.0,6.0,0.0,7.0,0.0,32.0
2528.123207637749,91.0,6.0,0.0,7.0,0.0,32.0
2528.4232076377493,91.0,6.0,0.0,7.0,0.0,32.0
2528.4238669784086,91.0,6.0,0.0,7.0,0.0,32.0
2528.7238669784088,91.0,6.0,0.0,7.0,0.0,32.0
2528.724526319068,91.0,6.0,0.0,7.0,0.0,32.0
2529.024526319068,91.0,6.0,0.0,7.0,0.0,32.0
2529.0251856597274,91.0,6.0,0.0,7.0,0.0,32.0
2529.3251856597276,91.0,6.0,0.0,7.0,0.0,32.0
2529.325845000387,91.0,6.0,0.0,7.0,0.0,32.0
2529.625845000387,91.0,6.0,0.0,7.0,0.0,32.0
2529.6265043410463,91.0,6.0,0.0,7.0,0.0,32.0
2529.9265043410464,91.0,6.0,0.0,7.0,0.0,32.0
2529.9271636817057,91.0,6.0,0.0,7.0,0.0,32.0
2530.227163681706,91.0,6.0,0.0,7.0,0.0,32.0
2530.227823022365,91.0,6.0,0.0,7.0,0.0,32.0
2530.5278230223653,91.0,6.0,0.0,7.0,0.0,32.0
2530.5284823630245,91.0,6.0,0.0,7.0,0.0,32.0
2530.8284823630247,91.0,6.0,0.0,7.0,0.0,32.0
2530.829141703684,91.0,6.0,0.0,7.0,0.0,32.0
2531.129141703684,91.0,6.0,0.0,7.0,0.0,32.0
2531.1298010443434,91.0,6.0,0.0,7.0,0.0,32.0
2531.4298010443435,91.0,6.0,0.0,7.0,0.0,32.0
2531.430460385003,91.0,6.0,0.0,7.0,0.0,32.0
2531.730460385003,91.0,6.0,0.0,7.0,0.0,32.0
2531.731119725662,91.0,6.0,0.0,7.0,0.0,32.0
2532.0311197256624,91.0,6.0,0.0,7.0,0.0,32.0
2532.0317790663216,91.0,6.0,0.0,7.0,0.0,32.0
2532.331779066322,91.0,6.0,0.0,7.0,0.0,32.0
2532.332438406981,91.0,6.0,0.0,7.0,0.0,32.0
2532.6324384069812,91.0,6.0,0.0,7.0,0.0,32.0
2532.6330977476405,91.0,6.0,0.0,7.0,0.0,32.0
2532.9330977476407,91.0,6.0,0.0,7.0,0.0,32.0
2532.9337570883,91.0,6.0,0.0,7.0,0.0,32.0
2533.2337570883,91.0,6.0,0.0,7.0,0.0,32.0
2533.2344164289593,91.0,6.0,0.0,7.0,0.0,32.0
2533.5344164289595,91.0,6.0,0.0,7.0,0.0,32.0
2533.5350757696187,91.0,6.0,0.0,7.0,0.0,32.0
2533.835075769619,91.0,6.0,0.0,7.0,0.0,32.0
2533.835735110278,91.0,6.0,0.0,7.0,0.0,32.0
2534.1357351102783,91.0,6.0,0.0,7.0,0.0,32.0
2534.1363944509376,91.0,6.0,0.0,7.0,0.0,32.0
2534.4363944509378,91.0,6.0,0.0,7.0,0.0,32.0
2534.437053791597,91.0,6.0,0.0,7.0,0.0,32.0
2534.737053791597,91.0,6.0,0.0,7.0,0.0,32.0
2534.7377131322564,91.0,6.0,0.0,7.0,0.0,32.0
2535.0377131322566,91.0,6.0,0.0,7.0,0.0,32.0
2535.038372472916,91.0,6.0,0.0,7.0,0.0,32.0
2535.338372472916,91.0,6.0,0.0,7.0,0.0,32.0
2535.3390318135753,91.0,6.0,0.0,7.0,0.0,32.0
2535.6390318135755,91.0,6.0,0.0,7.0,0.0,32.0
2535.6396911542347,91.0,6.0,0.0,7.0,0.0,32.0
2535.939691154235,91.0,6.0,0.0,7.0,0.0,32.0
2535.940350494894,91.0,6.0,0.0,7.0,0.0,32.0
2536.2403504948943,91.0,6.0,0.0,7.0,0.0,32.0
2536.2410098355535,91.0,6.0,0.0,7.0,0.0,32.0
2536.5410098355537,91.0,6.0,0.0,7.0,0.0,32.0
2536.541669176213,91.0,6.0,0.0,7.0,0.0,32.0
2536.841669176213,91.0,6.0,0.0,7.0,0.0,32.0
2536.8423285168724,91.0,6.0,0.0,7.0,0.0,32.0
2537.1423285168726,91.0,6.0,0.0,7.0,0.0,32.0
2537.142987857532,91.0,6.0,0.0,7.0,0.0,32.0
2537.442987857532,91.0,6.0,0.0,7.0,0.0,32.0
2537.4436471981912,91.0,6.0,0.0,7.0,0.0,32.0
2537.7436471981914,91.0,6.0,0.0,7.0,0.0,32.0
2537.7443065388507,91.0,6.0,0.0,7.0,0.0,32.0
2538.044306538851,91.0,6.0,0.0,7.0,0.0,32.0
2538.04496587951,91.0,6.0,0.0,7.0,0.0,32.0
2538.3449658795103,91.0,6.0,0.0,7.0,0.0,32.0
2538.3456252201695,91.0,6.0,0.0,7.0,0.0,32.0
2538.6456252201697,91.0,6.0,0.0,7.0,0.0,32.0
2538.646284560829,91.0,6.0,0.0,7.0,0.0,32.0
2538.946284560829,91.0,6.0,0.0,7.0,0.0,32.0
2538.9469439014883,91.0,6.0,0.0,7.0,0.0,32.0
2539.2469439014885,91.0,6.0,0.0,7.0,0.0,32.0
2539.2476032421478,91.0,6.0,0.0,7.0,0.0,32.0
2539.547603242148,91.0,6.0,0.0,7.0,0.0,32.0
2539.548262582807,91.0,6.0,0.0,7.0,0.0,32.0
2539.8482625828074,91.0,6.0,0.0,7.0,0.0,32.0
2539.8489219234666,91.0,6.0,0.0,7.0,0.0,32.0
2540.148921923467,91.0,6.0,0.0,7.0,0.0,32.0
2540.149581264126,91.0,6.0,0.0,7.0,0.0,32.0
2540.449581264126,91.0,6.0,0.0,7.0,0.0,32.0
2540.4502406047854,91.0,6.0,0.0,7.0,0.0,32.0
2540.7502406047856,91.0,6.0,0.0,7.0,0.0,32.0
2540.750899945445,91.0,6.0,0.0,7.0,0.0,32.0
2541.050899945445,91.0,6.0,0.0,7.0,0.0,32.0
2541.0515592861043,91.0,6.0,0.0,7.0,0.0,32.0
2541.3515592861045,91.0,6.0,0.0,7.0,0.0,32.0
2541.3522186267637,91.0,6.0,0.0,7.0,0.0,32.0
2541.652218626764,91.0,6.0,0.0,7.0,0.0,32.0
2541.652877967423,91.0,6.0,0.0,7.0,0.0,32.0
2541.9528779674233,91.0,6.0,0.0,7.0,0.0,32.0
2541.9535373080826,91.0,6.0,0.0,7.0,0.0,32.0
2542.2535373080827,91.0,6.0,0.0,7.0,0.0,32.0
2542.254196648742,91.0,6.0,0.0,7.0,0.0,32.0
2542.554196648742,91.0,6.0,0.0,7.0,0.0,32.0
2542.5548559894014,91.0,6.0,0.0,7.0,0.0,32.0
2542.8548559894016,91.0,6.0,0.0,7.0,0.0,32.0
2542.855515330061,91.0,6.0,0.0,7.0,0.0,32.0
2543.155515330061,91.0,6.0,0.0,7.0,0.0,32.0
2543.1561746707202,91.0,6.0,0.0,7.0,0.0,32.0
2543.4561746707204,91.0,6.0,0.0,7.0,0.0,32.0
2543.4568340113797,91.0,6.0,0.0,7.0,0.0,32.0
2543.75683401138,91.0,6.0,0.0,7.0,0.0,32.0
2543.757493352039,91.0,6.0,0.0,7.0,0.0,32.0
2544.0574933520393,91.0,6.0,0.0,7.0,0.0,32.0
2544.0581526926985,91.0,6.0,0.0,7.0,0.0,32.0
2544.3581526926987,91.0,6.0,0.0,7.0,0.0,32.0
2544.358812033358,91.0,6.0,0.0,7.0,0.0,32.0
2544.658812033358,91.0,6.0,0.0,7.0,0.0,32.0
2544.6594713740174,91.0,6.0,0.0,7.0,0.0,32.0
2544.9594713740175,91.0,6.0,0.0,7.0,0.0,32.0
2544.960130714677,91.0,6.0,0.0,7.0,0.0,32.0
2545.260130714677,91.0,6.0,0.0,7.0,0.0,32.0
2545.260790055336,90.0,6.0,0.0,7.0,0.0,32.0
2545.5607900553364,90.0,6.0,0.0,7.0,0.0,32.0
2545.561456722003,90.0,6.0,0.0,7.0,0.0,32.0
2545.8614567220034,90.0,6.0,0.0,7.0,0.0,32.0
2545.86212338867,90.0,6.0,0.0,7.0,0.0,32.0
2546.1621233886704,90.0,6.0,0.0,7.0,0.0,32.0
2546.162790055337,90.0,6.0,0.0,7.0,0.0,32.0
2546.4627900553373,90.0,6.0,0.0,7.0,0.0,32.0
2546.463456722004,90.0,6.0,0.0,7.0,0.0,32.0
2546.7634567220043,90.0,6.0,0.0,7.0,0.0,32.0
2546.764123388671,90.0,6.0,0.0,7.0,0.0,32.0
2547.0641233886713,90.0,6.0,0.0,7.0,0.0,32.0
2547.064790055338,90.0,6.0,0.0,7.0,0.0,32.0
2547.3647900553383,90.0,6.0,0.0,7.0,0.0,32.0
2547.365456722005,90.0,6.0,0.0,7.0,0.0,32.0
2547.6654567220053,90.0,6.0,0.0,7.0,0.0,32.0
2547.666123388672,90.0,6.0,0.0,7.0,0.0,32.0
2547.9661233886723,90.0,6.0,0.0,7.0,0.0,32.0
2547.966790055339,90.0,6.0,0.0,7.0,0.0,32.0
2548.2667900553392,90.0,6.0,0.0,7.0,0.0,32.0
2548.267456722006,90.0,6.0,0.0,7.0,0.0,32.0
2548.567456722006,90.0,6.0,0.0,7.0,0.0,32.0
2548.568123388673,90.0,6.0,0.0,7.0,0.0,32.0
2548.868123388673,90.0,6.0,0.0,7.0,0.0,32.0
2548.86879005534,90.0,6.0,0.0,7.0,0.0,32.0
2549.16879005534,90.0,6.0,0.0,7.0,0.0,32.0
2549.169456722007,90.0,6.0,0.0,7.0,0.0,32.0
2549.469456722007,90.0,6.0,0.0,7.0,0.0,32.0
2549.470123388674,90.0,6.0,0.0,7.0,0.0,32.0
2549.770123388674,90.0,6.0,0.0,7.0,0.0,32.0
2549.770790055341,90.0,6.0,0.0,7.0,0.0,32.0
2550.070790055341,90.0,6.0,0.0,7.0,0.0,32.0
2550.071456722008,90.0,6.0,0.0,7.0,0.0,32.0
2550.371456722008,90.0,6.0,0.0,7.0,0.0,32.0
2550.372123388675,90.0,6.0,0.0,7.0,0.0,32.0
2550.672123388675,90.0,6.0,0.0,7.0,0.0,32.0
2550.672790055342,90.0,6.0,0.0,7.0,0.0,32.0
2550.972790055342,90.0,6.0,0.0,7.0,0.0,32.0
2550.973456722009,90.0,6.0,0.0,7.0,0.0,32.0
2551.273456722009,90.0,6.0,0.0,7.0,0.0,32.0
2551.274123388676,90.0,6.0,0.0,7.0,0.0,32.0
2551.574123388676,90.0,6.0,0.0,7.0,0.0,32.0
2551.574790055343,90.0,6.0,0.0,7.0,0.0,32.0
2551.874790055343,90.0,6.0,0.0,7.0,0.0,32.0
2551.87545672201,90.0,6.0,0.0,7.0,0.0,32.0
2552.17545672201,90.0,6.0,0.0,7.0,0.0,32.0
2552.176123388677,90.0,6.0,0.0,7.0,0.0,32.0
2552.476123388677,90.0,6.0,0.0,7.0,0.0,32.0
2552.476790055344,90.0,6.0,0.0,7.0,0.0,32.0
2552.776790055344,90.0,6.0,0.0,7.0,0.0,32.0
2552.777456722011,90.0,6.0,0.0,7.0,0.0,32.0
2553.077456722011,90.0,6.0,0.0,7.0,0.0,32.0
2553.078123388678,90.0,6.0,0.0,7.0,0.0,32.0
2553.378123388678,90.0,6.0,0.0,7.0,0.0,32.0
2553.378790055345,90.0,6.0,0.0,5.0,0.0,33.0
2553.678790055345,90.0,6.0,0.0,5.0,0.0,33.0
2553.6794567220118,90.0,6.0,0.0,5.0,0.0,33.0
2553.979456722012,90.0,6.0,0.0,5.0,0.0,33.0
2553.9801233886787,90.0,6.0,0.0,5.0,0.0,33.0
2554.280123388679,90.0,6.0,0.0,5.0,0.0,33.0
2554.2807900553457,90.0,6.0,0.0,5.0,0.0,33.0
2554.580790055346,90.0,6.0,0.0,5.0,0.0,33.0
2554.5814567220127,90.0,6.0,0.0,5.0,0.0,33.0
2554.881456722013,90.0,6.0,0.0,5.0,0.0,33.0
2554.8821233886797,90.0,6.0,0.0,5.0,0.0,33.0
2555.18212338868,90.0,6.0,0.0,5.0,0.0,33.0
2555.1827900553467,90.0,6.0,0.0,5.0,0.0,33.0
2555.482790055347,90.0,6.0,0.0,5.0,0.0,33.0
2555.4834567220137,90.0,6.0,0.0,5.0,0.0,33.0
2555.783456722014,90.0,6.0,0.0,5.0,0.0,33.0
2555.7841233886807,90.0,6.0,0.0,5.0,0.0,33.0
2556.084123388681,90.0,6.0,0.0,5.0,0.0,33.0
2556.0847900553476,90.0,6.0,0.0,5.0,0.0,33.0
2556.384790055348,90.0,6.0,0.0,5.0,0.0,33.0
2556.3854567220146,90.0,6.0,0.0,5.0,0.0,33.0
2556.685456722015,90.0,6.0,0.0,5.0,0.0,33.0
2556.6861233886816,90.0,6.0,0.0,5.0,0.0,33.0
2556.986123388682,90.0,6.0,0.0,5.0,0.0,33.0
2556.9867900553486,90.0,6.0,0.0,5.0,0.0,33.0
2557.286790055349,90.0,6.0,0.0,5.0,0.0,33.0
2557.2874567220156,90.0,6.0,0.0,5.0,0.0,33.0
2557.5874567220158,90.0,6.0,0.0,5.0,0.0,33.0
2557.5881233886826,90.0,6.0,0.0,5.0,0.0,33.0
2557.8881233886827,90.0,6.0,0.0,5.0,0.0,33.0
2557.8887900553495,90.0,6.0,0.0,5.0,0.0,33.0
2558.1887900553497,90.0,6.0,0.0,5.0,0.0,33.0
2558.1894567220165,90.0,6.0,0.0,5.0,0.0,33.0
2558.4894567220167,90.0,6.0,0.0,5.0,0.0,33.0
2558.4901233886835,90.0,6.0,0.0,5.0,0.0,33.0
2558.7901233886837,90.0,6.0,0.0,5.0,0.0,33.0
2558.7907900553505,90.0,6.0,0.0,5.0,0.0,33.0
2559.0907900553507,90.0,6.0,0.0,5.0,0.0,33.0
2559.0914567220175,90.0,6.0,0.0,5.0,0.0,33.0
2559.3914567220177,90.0,6.0,0.0,5.0,0.0,33.0
2559.3921233886845,90.0,6.0,0.0,5.0,0.0,33.0
2559.6921233886846,90.0,6.0,0.0,5.0,0.0,33.0
2559.6927900553515,90.0,6.0,0.0,5.0,0.0,33.0
2559.9927900553516,90.0,6.0,0.0,5.0,0.0,33.0
2559.9934567220184,90.0,6.0,0.0,5.0,0.0,33.0
2560.2934567220186,90.0,6.0,0.0,5.0,0.0,33.0
2560.2941233886854,90.0,6.0,0.0,5.0,0.0,33.0
2560.5941233886856,90.0,6.0,0.0,5.0,0.0,33.0
2560.5947900553524,90.0,6.0,0.0,5.0,0.0,33.0
2560.8947900553526,90.0,6.0,0.0,5.0,0.0,33.0
2560.8954567220194,90.0,6.0,0.0,5.0,0.0,33.0
2561.1954567220196,90.0,6.0,0.0,5.0,0.0,33.0
2561.1961233886864,90.0,6.0,0.0,5.0,0.0,33.0
2561.4961233886866,90.0,6.0,0.0,5.0,0.0,33.0
2561.4967900553534,90.0,6.0,0.0,5.0,0.0,33.0
2561.7967900553535,90.0,6.0,0.0,5.0,0.0,33.0
2561.7974567220203,90.0,6.0,0.0,5.0,0.0,33.0
2562.0974567220205,90.0,6.0,0.0,5.0,0.0,33.0
2562.0981233886873,90.0,6.0,0.0,5.0,0.0,33.0
2562.3981233886875,90.0,6.0,0.0,5.0,0.0,33.0
2562.3987900553543,90.0,6.0,0.0,5.0,0.0,33.0
2562.6987900553545,90.0,6.0,0.0,5.0,0.0,33.0
2562.6994567220213,90.0,6.0,0.0,5.0,0.0,33.0
2562.9994567220215,90.0,6.0,0.0,5.0,0.0,33.0
2563.0001233886883,90.0,6.0,0.0,5.0,0.0,33.0
2563.3001233886885,90.0,6.0,0.0,5.0,0.0,33.0
2563.3007900553553,90.0,6.0,0.0,5.0,0.0,33.0
2563.6007900553554,90.0,6.0,0.0,5.0,0.0,33.0
2563.6014567220222,90.0,6.0,0.0,5.0,0.0,33.0
2563.9014567220224,90.0,6.0,0.0,5.0,0.0,33.0
2563.9021233886892,90.0,6.0,0.0,5.0,0.0,33.0
2564.2021233886894,90.0,6.0,0.0,5.0,0.0,33.0
2564.202790055356,90.0,6.0,0.0,5.0,0.0,33.0
2564.5027900553564,90.0,6.0,0.0,5.0,0.0,33.0
2564.503456722023,90.0,6.0,0.0,5.0,0.0,33.0
2564.8034567220234,90.0,6.0,0.0,5.0,0.0,33.0
2564.80412338869,90.0,6.0,0.0,5.0,0.0,33.0
2565.1041233886904,90.0,6.0,0.0,5.0,0.0,33.0
2565.104790055357,90.0,6.0,0.0,5.0,0.0,33.0
2565.4047900553574,90.0,6.0,0.0,5.0,0.0,33.0
2565.405456722024,90.0,6.0,0.0,5.0,0.0,33.0
2565.7054567220243,90.0,6.0,0.0,5.0,0.0,33.0
2565.706123388691,90.0,6.0,0.0,5.0,0.0,33.0
2566.0061233886913,90.0,6.0,0.0,5.0,0.0,33.0
2566.006790055358,90.0,6.0,0.0,5.0,0.0,33.0
2566.3067900553583,90.0,6.0,0.0,5.0,0.0,33.0
2566.307456722025,90.0,6.0,0.0,5.0,0.0,33.0
2566.6074567220253,90.0,6.0,0.0,5.0,0.0,33.0
2566.608123388692,90.0,6.0,0.0,5.0,0.0,33.0
2566.9081233886923,90.0,6.0,0.0,5.0,0.0,33.0
2566.908790055359,90.0,6.0,0.0,5.0,0.0,33.0
2567.2087900553593,90.0,6.0,0.0,5.0,0.0,33.0
2567.209456722026,90.0,6.0,0.0,5.0,0.0,33.0
2567.5094567220262,90.0,6.0,0.0,5.0,0.0,33.0
2567.510123388693,90.0,6.0,0.0,5.0,0.0,33.0
2567.8101233886932,90.0,6.0,0.0,5.0,0.0,33.0
2567.81079005536,90.0,6.0,0.0,5.0,0.0,33.0
2568.11079005536,90.0,6.0,0.0,5.0,0.0,33.0
2568.111456722027,90.0,6.0,0.0,5.0,0.0,33.0
2568.411456722027,90.0,6.0,0.0,5.0,0.0,33.0
2568.412123388694,90.0,6.0,0.0,5.0,0.0,33.0
2568.712123388694,90.0,6.0,0.0,5.0,0.0,33.0
2568.712790055361,90.0,6.0,0.0,5.0,0.0,33.0
2569.012790055361,90.0,6.0,0.0,5.0,0.0,33.0
2569.013456722028,90.0,6.0,0.0,5.0,0.0,33.0
2569.313456722028,90.0,6.0,0.0,5.0,0.0,33.0
2569.314123388695,90.0,6.0,0.0,5.0,0.0,33.0
2569.614123388695,90.0,6.0,0.0,5.0,0.0,33.0
2569.614790055362,90.0,6.0,0.0,5.0,0.0,33.0
2569.914790055362,90.0,6.0,0.0,5.0,0.0,33.0
2569.915456722029,90.0,6.0,0.0,5.0,0.0,33.0
2570.215456722029,90.0,6.0,0.0,5.0,0.0,33.0
2570.216123388696,90.0,6.0,0.0,5.0,0.0,33.0
2570.516123388696,90.0,6.0,0.0,5.0,0.0,33.0
2570.516790055363,90.0,6.0,0.0,5.0,0.0,33.0
2570.816790055363,90.0,6.0,0.0,5.0,0.0,33.0
2570.81745672203,90.0,6.0,0.0,5.0,0.0,33.0
2571.11745672203,90.0,6.0,0.0,5.0,0.0,33.0
2571.118123388697,90.0,6.0,0.0,5.0,0.0,33.0
2571.418123388697,90.0,6.0,0.0,5.0,0.0,33.0
2571.418790055364,90.0,6.0,0.0,5.0,0.0,33.0
2571.718790055364,90.0,6.0,0.0,5.0,0.0,33.0
2571.719456722031,90.0,6.0,0.0,5.0,0.0,33.0
2572.019456722031,90.0,6.0,0.0,5.0,0.0,33.0
2572.020123388698,90.0,6.0,0.0,5.0,0.0,33.0
2572.320123388698,90.0,6.0,0.0,5.0,0.0,33.0
2572.320790055365,90.0,6.0,0.0,5.0,0.0,33.0
2572.620790055365,90.0,6.0,0.0,5.0,0.0,33.0
2572.621456722032,90.0,6.0,0.0,5.0,0.0,33.0
2572.921456722032,90.0,6.0,0.0,5.0,0.0,33.0
2572.9221233886988,90.0,6.0,0.0,5.0,0.0,33.0
2573.222123388699,90.0,6.0,0.0,5.0,0.0,33.0
2573.2227900553657,90.0,6.0,0.0,5.0,0.0,33.0
2573.522790055366,90.0,6.0,0.0,5.0,0.0,33.0
2573.5234567220327,90.0,6.0,0.0,5.0,0.0,33.0
2573.823456722033,90.0,6.0,0.0,5.0,0.0,33.0
2573.8241233886997,90.0,6.0,0.0,5.0,0.0,33.0
2574.1241233887,90.0,6.0,0.0,5.0,0.0,33.0
2574.1247900553667,90.0,6.0,0.0,5.0,0.0,33.0
2574.424790055367,90.0,6.0,0.0,5.0,0.0,33.0
2574.4254567220337,90.0,6.0,0.0,5.0,0.0,33.0
2574.725456722034,90.0,6.0,0.0,5.0,0.0,33.0
2574.7261233887007,90.0,6.0,0.0,5.0,0.0,33.0
2575.026123388701,90.0,6.0,0.0,5.0,0.0,33.0
2575.0267900553677,90.0,6.0,0.0,5.0,0.0,33.0
2575.326790055368,90.0,6.0,0.0,5.0,0.0,33.0
2575.3274567220346,90.0,6.0,0.0,5.0,0.0,33.0
2575.627456722035,90.0,6.0,0.0,5.0,0.0,33.0
2575.6281233887016,90.0,6.0,0.0,5.0,0.0,33.0
2575.928123388702,90.0,6.0,0.0,5.0,0.0,33.0
2575.9287900553686,90.0,6.0,0.0,5.0,0.0,33.0
2576.228790055369,90.0,6.0,0.0,5.0,0.0,33.0
2576.2294567220356,90.0,6.0,0.0,5.0,0.0,33.0
2576.529456722036,90.0,6.0,0.0,5.0,0.0,33.0
2576.5301233887026,90.0,6.0,0.0,5.0,0.0,33.0
2576.8301233887028,90.0,6.0,0.0,5.0,0.0,33.0
2576.8307900553696,90.0,6.0,0.0,5.0,0.0,33.0
2577.1307900553697,90.0,6.0,0.0,5.0,0.0,33.0
2577.1314567220365,90.0,6.0,0.0,5.0,0.0,33.0
2577.4314567220367,90.0,6.0,0.0,5.0,0.0,33.0
2577.4321233887035,90.0,6.0,0.0,5.0,0.0,33.0
2577.7321233887037,90.0,6.0,0.0,5.0,0.0,33.0
2577.7327900553705,90.0,6.0,0.0,5.0,0.0,33.0
2578.0327900553707,90.0,6.0,0.0,5.0,0.0,33.0
2578.0334567220375,90.0,6.0,0.0,5.0,0.0,33.0
2578.3334567220377,90.0,6.0,0.0,5.0,0.0,33.0
2578.3341233887045,90.0,6.0,0.0,5.0,0.0,33.0
2578.6341233887047,90.0,6.0,0.0,5.0,0.0,33.0
2578.6347900553715,90.0,6.0,0.0,5.0,0.0,33.0
2578.9347900553716,90.0,6.0,0.0,5.0,0.0,33.0
2578.9354567220385,90.0,6.0,0.0,5.0,0.0,33.0
2579.2354567220386,90.0,6.0,0.0,5.0,0.0,33.0
2579.2361233887054,90.0,6.0,0.0,5.0,0.0,33.0
2579.5361233887056,90.0,6.0,0.0,5.0,0.0,33.0
2579.5367900553724,90.0,6.0,0.0,5.0,0.0,33.0
2579.8367900553726,90.0,6.0,0.0,5.0,0.0,33.0
2579.8374567220394,90.0,6.0,0.0,5.0,0.0,33.0
2580.1374567220396,90.0,6.0,0.0,5.0,0.0,33.0
2580.1381233887064,90.0,6.0,0.0,5.0,0.0,33.0
2580.4381233887066,90.0,6.0,0.0,5.0,0.0,33.0
2580.4387900553734,90.0,6.0,0.0,5.0,0.0,33.0
2580.7387900553736,90.0,6.0,0.0,5.0,0.0,33.0
2580.7394567220404,90.0,6.0,0.0,5.0,0.0,33.0
2581.0394567220405,90.0,6.0,0.0,5.0,0.0,33.0
2581.0401233887073,90.0,6.0,0.0,5.0,0.0,33.0
2581.3401233887075,90.0,6.0,0.0,5.0,0.0,33.0
2581.3407900553743,90.0,6.0,0.0,5.0,0.0,33.0
2581.6407900553745,90.0,6.0,0.0,5.0,0.0,33.0
2581.6414567220413,90.0,6.0,0.0,5.0,0.0,33.0
2581.9414567220415,90.0,6.0,0.0,5.0,0.0,33.0
2581.9421233887083,90.0,6.0,0.0,5.0,0.0,33.0
2582.2421233887085,90.0,6.0,0.0,5.0,0.0,33.0
2582.2427900553753,90.0,6.0,0.0,5.0,0.0,33.0
2582.5427900553755,90.0,6.0,0.0,5.0,0.0,33.0
2582.5434567220423,90.0,6.0,0.0,5.0,0.0,33.0
2582.8434567220424,90.0,6.0,0.0,5.0,0.0,33.0
2582.8441233887092,90.0,6.0,0.0,5.0,0.0,33.0
2583.1441233887094,90.0,6.0,0.0,5.0,0.0,33.0
2583.1447900553762,91.0,6.0,0.0,5.0,0.0,33.0
2583.4447900553764,91.0,6.0,0.0,5.0,0.0,33.0
2583.4454493960357,91.0,6.0,0.0,5.0,0.0,33.0
2583.745449396036,91.0,6.0,0.0,5.0,0.0,33.0
2583.746108736695,91.0,6.0,0.0,5.0,0.0,33.0
2584.0461087366953,91.0,6.0,0.0,5.0,0.0,33.0
2584.0467680773545,91.0,6.0,0.0,5.0,0.0,33.0
2584.3467680773547,91.0,6.0,0.0,5.0,0.0,33.0
2584.347427418014,91.0,6.0,0.0,5.0,0.0,33.0
2584.647427418014,91.0,6.0,0.0,5.0,0.0,33.0
2584.6480867586733,91.0,6.0,0.0,5.0,0.0,33.0
2584.9480867586735,91.0,6.0,0.0,5.0,0.0,33.0
2584.9487460993328,91.0,6.0,0.0,5.0,0.0,33.0
2585.248746099333,91.0,6.0,0.0,5.0,0.0,33.0
2585.249405439992,91.0,6.0,0.0,5.0,0.0,33.0
2585.5494054399924,91.0,6.0,0.0,5.0,0.0,33.0
2585.5500647806516,91.0,6.0,0.0,5.0,0.0,33.0
2585.850064780652,91.0,6.0,0.0,5.0,0.0,33.0
2585.850724121311,91.0,6.0,0.0,5.0,0.0,33.0
2586.150724121311,91.0,6.0,0.0,5.0,0.0,33.0
2586.1513834619705,91.0,6.0,0.0,5.0,0.0,33.0
2586.4513834619706,91.0,6.0,0.0,5.0,0.0,33.0
2586.45204280263,91.0,6.0,0.0,5.0,0.0,33.0
2586.75204280263,91.0,6.0,0.0,5.0,0.0,33.0
2586.7527021432893,91.0,6.0,0.0,5.0,0.0,33.0
2587.0527021432895,91.0,6.0,0.0,5.0,0.0,33.0
2587.0533614839487,91.0,6.0,0.0,5.0,0.0,33.0
2587.353361483949,91.0,6.0,0.0,5.0,0.0,33.0
2587.354020824608,91.0,6.0,0.0,5.0,0.0,33.0
2587.6540208246083,91.0,6.0,0.0,5.0,0.0,33.0
2587.6546801652676,91.0,6.0,0.0,5.0,0.0,33.0
2587.9546801652677,91.0,6.0,0.0,5.0,0.0,33.0
2587.955339505927,91.0,6.0,0.0,5.0,0.0,33.0
2588.255339505927,91.0,6.0,0.0,5.0,0.0,33.0
2588.2559988465864,91.0,6.0,0.0,5.0,0.0,33.0
2588.5559988465866,91.0,6.0,0.0,5.0,0.0,33.0
2588.556658187246,91.0,6.0,0.0,5.0,0.0,33.0
2588.856658187246,91.0,6.0,0.0,5.0,0.0,33.0
2588.8573175279053,91.0,6.0,0.0,5.0,0.0,33.0
2589.1573175279054,91.0,6.0,0.0,5.0,0.0,33.0
2589.1579768685647,91.0,6.0,0.0,5.0,0.0,33.0
2589.457976868565,91.0,6.0,0.0,5.0,0.0,33.0
2589.458636209224,91.0,6.0,0.0,5.0,0.0,33.0
2589.7586362092243,91.0,6.0,0.0,5.0,0.0,33.0
2589.7592955498835,91.0,6.0,0.0,5.0,0.0,33.0
2590.0592955498837,91.0,6.0,0.0,5.0,0.0,33.0
2590.059954890543,91.0,6.0,0.0,5.0,0.0,33.0
2590.359954890543,91.0,6.0,0.0,5.0,0.0,33.0
2590.3606142312024,91.0,6.0,0.0,5.0,0.0,33.0
2590.6606142312025,91.0,6.0,0.0,5.0,0.0,33.0
2590.661273571862,91.0,6.0,0.0,5.0,0.0,33.0
2590.961273571862,91.0,6.0,0.0,5.0,0.0,33.0
2590.961932912521,91.0,6.0,0.0,5.0,0.0,33.0
2591.2619329125214,91.0,6.0,0.0,5.0,0.0,33.0
2591.2625922531806,91.0,6.0,0.0,5.0,0.0,33.0
2591.562592253181,91.0,6.0,0.0,5.0,0.0,33.0
2591.56325159384,91.0,6.0,0.0,5.0,0.0,33.0
2591.8632515938402,91.0,6.0,0.0,5.0,0.0,33.0
2591.8639109344995,91.0,6.0,0.0,5.0,0.0,33.0
2592.1639109344997,91.0,6.0,0.0,5.0,0.0,33.0
2592.164570275159,91.0,6.0,0.0,5.0,0.0,33.0
2592.464570275159,91.0,6.0,0.0,5.0,0.0,33.0
2592.4652296158183,91.0,6.0,0.0,5.0,0.0,33.0
2592.7652296158185,91.0,6.0,0.0,5.0,0.0,33.0
2592.7658889564777,91.0,6.0,0.0,5.0,0.0,33.0
2593.065888956478,91.0,6.0,0.0,5.0,0.0,33.0
2593.066548297137,91.0,6.0,0.0,5.0,0.0,33.0
2593.3665482971373,91.0,6.0,0.0,5.0,0.0,33.0
2593.3672076377966,91.0,6.0,0.0,5.0,0.0,33.0
2593.6672076377968,91.0,6.0,0.0,5.0,0.0,33.0
2593.667866978456,91.0,6.0,0.0,5.0,0.0,33.0
2593.967866978456,91.0,6.0,0.0,5.0,0.0,33.0
2593.9685263191154,91.0,6.0,0.0,5.0,0.0,33.0
2594.2685263191156,91.0,6.0,0.0,5.0,0.0,33.0
2594.269185659775,91.0,6.0,0.0,5.0,0.0,33.0
2594.569185659775,91.0,6.0,0.0,5.0,0.0,33.0
2594.5698450004343,91.0,6.0,0.0,5.0,0.0,33.0
2594.8698450004345,91.0,6.0,0.0,5.0,0.0,33.0
2594.8705043410937,91.0,6.0,0.0,5.0,0.0,33.0
2595.170504341094,91.0,6.0,0.0,5.0,0.0,33.0
2595.171163681753,91.0,6.0,0.0,5.0,0.0,33.0
2595.4711636817533,91.0,6.0,0.0,5.0,0.0,33.0
2595.4718230224125,91.0,6.0,0.0,5.0,0.0,33.0
2595.7718230224127,91.0,6.0,0.0,5.0,0.0,33.0
2595.772482363072,91.0,6.0,0.0,5.0,0.0,33.0
2596.072482363072,91.0,6.0,0.0,5.0,0.0,33.0
2596.0731417037314,91.0,6.0,0.0,5.0,0.0,33.0
2596.3731417037316,91.0,6.0,0.0,5.0,0.0,33.0
2596.373801044391,91.0,6.0,0.0,5.0,0.0,33.0
2596.673801044391,91.0,6.0,0.0,5.0,0.0,33.0
2596.67446038505,91.0,6.0,0.0,5.0,0.0,33.0
2596.9744603850504,91.0,6.0,0.0,5.0,0.0,33.0
2596.9751197257096,91.0,6.0,0.0,5.0,0.0,33.0
2597.27511972571,91.0,6.0,0.0,5.0,0.0,33.0
2597.275779066369,91.0,6.0,0.0,5.0,0.0,33.0
2597.5757790663693,91.0,6.0,0.0,5.0,0.0,33.0
2597.5764384070285,91.0,6.0,0.0,5.0,0.0,33.0
2597.8764384070287,91.0,6.0,0.0,5.0,0.0,33.0
2597.877097747688,91.0,6.0,0.0,5.0,0.0,33.0
2598.177097747688,91.0,6.0,0.0,5.0,0.0,33.0
2598.1777570883473,91.0,6.0,0.0,5.0,0.0,33.0
2598.4777570883475,91.0,6.0,0.0,5.0,0.0,33.0
2598.4784164290068,91.0,6.0,0.0,5.0,0.0,33.0
2598.778416429007,91.0,6.0,0.0,5.0,0.0,33.0
2598.779075769666,91.0,6.0,0.0,5.0,0.0,33.0
2599.0790757696664,91.0,6.0,0.0,5.0,0.0,33.0
2599.0797351103256,91.0,6.0,0.0,5.0,0.0,33.0
2599.379735110326,91.0,6.0,0.0,5.0,0.0,33.0
2599.380394450985,91.0,6.0,0.0,5.0,0.0,33.0
2599.680394450985,91.0,6.0,0.0,5.0,0.0,33.0
2599.6810537916444,91.0,6.0,0.0,5.0,0.0,33.0
2599.9810537916446,91.0,6.0,0.0,5.0,0.0,33.0
2599.981713132304,91.0,6.0,0.0,5.0,0.0,33.0
2600.281713132304,91.0,6.0,0.0,5.0,0.0,33.0
2600.2823724729633,91.0,6.0,0.0,5.0,0.0,33.0
2600.5823724729635,91.0,6.0,0.0,5.0,0.0,33.0
2600.5830318136227,91.0,6.0,0.0,5.0,0.0,33.0
2600.883031813623,91.0,6.0,0.0,5.0,0.0,33.0
2600.883691154282,91.0,6.0,0.0,5.0,0.0,33.0
2601.1836911542823,91.0,6.0,0.0,5.0,0.0,33.0
2601.1843504949416,91.0,6.0,0.0,5.0,0.0,33.0
2601.4843504949417,91.0,6.0,0.0,5.0,0.0,33.0
2601.485009835601,91.0,6.0,0.0,5.0,0.0,33.0
2601.785009835601,91.0,6.0,0.0,5.0,0.0,33.0
2601.7856691762604,91.0,6.0,0.0,5.0,0.0,33.0
2602.0856691762606,91.0,6.0,0.0,5.0,0.0,33.0
2602.08632851692,91.0,6.0,0.0,5.0,0.0,33.0
2602.38632851692,91.0,6.0,0.0,5.0,0.0,33.0
2602.3869878575792,91.0,6.0,0.0,5.0,0.0,33.0
2602.6869878575794,91.0,6.0,0.0,5.0,0.0,33.0
2602.6876471982387,91.0,6.0,0.0,5.0,0.0,33.0
2602.987647198239,91.0,6.0,0.0,5.0,0.0,33.0
2602.988306538898,91.0,6.0,0.0,5.0,0.0,33.0
2603.2883065388983,91.0,6.0,0.0,5.0,0.0,33.0
2603.2889658795575,91.0,6.0,0.0,5.0,0.0,33.0
2603.5889658795577,91.0,6.0,0.0,5.0,0.0,33.0
2603.589625220217,91.0,6.0,0.0,5.0,0.0,33.0
2603.889625220217,91.0,6.0,0.0,5.0,0.0,33.0
2603.8902845608764,91.0,6.0,0.0,5.0,0.0,33.0
2604.1902845608765,91.0,6.0,0.0,5.0,0.0,33.0
2604.190943901536,91.0,6.0,0.0,5.0,0.0,33.0
2604.490943901536,91.0,6.0,0.0,5.0,0.0,33.0
2604.491603242195,91.0,6.0,0.0,5.0,0.0,33.0
2604.7916032421954,91.0,6.0,0.0,5.0,0.0,33.0
2604.7922625828546,91.0,6.0,0.0,5.0,0.0,33.0
2605.092262582855,91.0,6.0,0.0,5.0,0.0,33.0
2605.092921923514,91.0,6.0,0.0,5.0,0.0,33.0
2605.392921923514,91.0,6.0,0.0,5.0,0.0,33.0
2605.3935812641735,91.0,6.0,0.0,5.0,0.0,33.0
2605.6935812641736,91.0,6.0,0.0,5.0,0.0,33.0
2605.694240604833,91.0,6.0,0.0,5.0,0.0,33.0
2605.994240604833,91.0,6.0,0.0,5.0,0.0,33.0
2605.9948999454923,91.0,6.0,0.0,5.0,0.0,33.0
2606.2948999454925,91.0,6.0,0.0,5.0,0.0,33.0
2606.2955592861517,91.0,6.0,0.0,5.0,0.0,33.0
2606.595559286152,91.0,6.0,0.0,5.0,0.0,33.0
2606.596218626811,91.0,6.0,0.0,5.0,0.0,33.0
2606.8962186268113,91.0,6.0,0.0,5.0,0.0,33.0
2606.8968779674706,91.0,6.0,0.0,5.0,0.0,33.0
2607.1968779674708,91.0,6.0,0.0,5.0,0.0,33.0
2607.19753730813,91.0,6.0,0.0,5.0,0.0,33.0
2607.49753730813,91.0,6.0,0.0,5.0,0.0,33.0
2607.4981966487894,91.0,6.0,0.0,5.0,0.0,33.0
2607.7981966487896,91.0,6.0,0.0,5.0,0.0,33.0
2607.798855989449,91.0,6.0,0.0,5.0,0.0,33.0
2608.098855989449,91.0,6.0,0.0,5.0,0.0,33.0
2608.0995153301083,91.0,6.0,0.0,5.0,0.0,33.0
2608.3995153301084,91.0,6.0,0.0,5.0,0.0,33.0
2608.4001746707677,91.0,6.0,0.0,5.0,0.0,33.0
2608.700174670768,91.0,6.0,0.0,5.0,0.0,33.0
2608.700834011427,91.0,6.0,0.0,5.0,0.0,33.0
2609.0008340114273,91.0,6.0,0.0,5.0,0.0,33.0
2609.0014933520865,91.0,6.0,0.0,5.0,0.0,33.0
2609.3014933520867,91.0,6.0,0.0,5.0,0.0,33.0
2609.302152692746,91.0,6.0,0.0,5.0,0.0,33.0
2609.602152692746,91.0,6.0,0.0,5.0,0.0,33.0
2609.6028120334054,91.0,6.0,0.0,5.0,0.0,33.0
2609.9028120334056,91.0,6.0,0.0,5.0,0.0,33.0
2609.903471374065,91.0,6.0,0.0,5.0,0.0,33.0
2610.203471374065,91.0,6.0,0.0,5.0,0.0,33.0
2610.204130714724,91.0,6.0,0.0,5.0,0.0,33.0
2610.5041307147244,91.0,6.0,0.0,5.0,0.0,33.0
2610.5047900553836,91.0,6.0,0.0,5.0,0.0,33.0
2610.804790055384,91.0,6.0,0.0,5.0,0.0,33.0
2610.805449396043,91.0,6.0,0.0,5.0,0.0,33.0
2611.1054493960432,91.0,6.0,0.0,5.0,0.0,33.0
2611.1061087367025,91.0,6.0,0.0,5.0,0.0,33.0
2611.4061087367027,91.0,6.0,0.0,5.0,0.0,33.0
2611.406768077362,91.0,6.0,0.0,5.0,0.0,33.0
2611.706768077362,91.0,6.0,0.0,5.0,0.0,33.0
2611.7074274180213,91.0,6.0,0.0,5.0,0.0,33.0
2612.0074274180215,91.0,6.0,0.0,5.0,0.0,33.0
2612.0080867586807,91.0,6.0,0.0,5.0,0.0,33.0
2612.308086758681,91.0,6.0,0.0,5.0,0.0,33.0
2612.30874609934,91.0,6.0,0.0,5.0,0.0,33.0
2612.6087460993404,91.0,6.0,0.0,5.0,0.0,33.0
2612.6094054399996,91.0,6.0,0.0,5.0,0.0,33.0
2612.90940544,91.0,6.0,0.0,5.0,0.0,33.0
2612.910064780659,91.0,6.0,0.0,5.0,0.0,33.0
2613.210064780659,91.0,6.0,0.0,5.0,0.0,33.0
2613.2107241213184,91.0,6.0,0.0,5.0,0.0,33.0
2613.5107241213186,91.0,6.0,0.0,5.0,0.0,33.0
2613.511383461978,91.0,6.0,0.0,5.0,0.0,33.0
2613.811383461978,91.0,6.0,0.0,5.0,0.0,33.0
2613.8120428026373,91.0,6.0,0.0,5.0,0.0,33.0
2614.1120428026375,91.0,6.0,0.0,5.0,0.0,33.0
2614.1127021432967,91.0,6.0,0.0,5.0,0.0,33.0
2614.412702143297,91.0,6.0,0.0,5.0,0.0,33.0
2614.413361483956,91.0,6.0,0.0,5.0,0.0,33.0
2614.7133614839563,91.0,6.0,0.0,5.0,0.0,33.0
2614.7140208246155,91.0,6.0,0.0,5.0,0.0,33.0
2615.0140208246157,91.0,6.0,0.0,5.0,0.0,33.0
2615.014680165275,91.0,6.0,0.0,5.0,0.0,33.0
2615.314680165275,91.0,6.0,0.0,5.0,0.0,33.0
2615.3153395059344,91.0,6.0,0.0,5.0,0.0,33.0
2615.6153395059346,91.0,6.0,0.0,5.0,0.0,33.0
2615.615998846594,91.0,6.0,0.0,5.0,0.0,33.0
2615.915998846594,91.0,6.0,0.0,5.0,0.0,33.0
2615.9166581872532,91.0,6.0,0.0,5.0,0.0,33.0
2616.2166581872534,91.0,6.0,0.0,5.0,0.0,33.0
2616.2173175279127,91.0,6.0,0.0,5.0,0.0,33.0
2616.517317527913,91.0,6.0,0.0,5.0,0.0,33.0
2616.517976868572,91.0,6.0,0.0,5.0,0.0,33.0
2616.8179768685723,91.0,6.0,0.0,5.0,0.0,33.0
2616.8186362092315,91.0,6.0,0.0,5.0,0.0,33.0
2617.1186362092317,91.0,6.0,0.0,5.0,0.0,33.0
2617.119295549891,91.0,6.0,0.0,5.0,0.0,33.0
2617.419295549891,91.0,6.0,0.0,5.0,0.0,33.0
2617.4199548905503,91.0,6.0,0.0,5.0,0.0,33.0
2617.7199548905505,91.0,6.0,0.0,5.0,0.0,33.0
2617.7206142312098,91.0,6.0,0.0,5.0,0.0,33.0
2618.02061423121,91.0,6.0,0.0,5.0,0.0,33.0
2618.021273571869,91.0,6.0,0.0,5.0,0.0,33.0
2618.3212735718694,91.0,6.0,0.0,5.0,0.0,33.0
2618.3219329125286,91.0,6.0,0.0,5.0,0.0,33.0
2618.621932912529,91.0,6.0,0.0,5.0,0.0,33.0
2618.622592253188,91.0,6.0,0.0,5.0,0.0,33.0
2618.922592253188,91.0,6.0,0.0,5.0,0.0,33.0
2618.9232515938475,91.0,6.0,0.0,5.0,0.0,33.0
2619.2232515938476,91.0,6.0,0.0,5.0,0.0,33.0
2619.223910934507,91.0,6.0,0.0,5.0,0.0,33.0
2619.523910934507,91.0,6.0,0.0,5.0,0.0,33.0
2619.5245702751663,91.0,6.0,0.0,5.0,0.0,33.0
2619.8245702751665,91.0,6.0,0.0,5.0,0.0,33.0
2619.8252296158257,91.0,6.0,0.0,5.0,0.0,33.0
2620.125229615826,91.0,6.0,0.0,5.0,0.0,33.0
2620.125888956485,91.0,6.0,0.0,5.0,0.0,33.0
2620.4258889564853,91.0,6.0,0.0,5.0,0.0,33.0
2620.4265482971446,91.0,6.0,0.0,5.0,0.0,33.0
2620.7265482971447,91.0,6.0,0.0,5.0,0.0,33.0
2620.727207637804,91.0,6.0,0.0,5.0,0.0,33.0
2621.027207637804,91.0,6.0,0.0,5.0,0.0,33.0
2621.0278669784634,91.0,6.0,0.0,5.0,0.0,33.0
2621.3278669784636,91.0,6.0,0.0,5.0,0.0,33.0
2621.328526319123,91.0,6.0,0.0,5.0,0.0,33.0
2621.628526319123,91.0,6.0,0.0,5.0,0.0,33.0
2621.6291856597823,91.0,6.0,0.0,5.0,0.0,33.0
2621.9291856597824,91.0,6.0,0.0,5.0,0.0,33.0
2621.9298450004417,91.0,6.0,0.0,5.0,0.0,33.0
2622.229845000442,91.0,6.0,0.0,5.0,0.0,33.0
2622.230504341101,91.0,6.0,0.0,5.0,0.0,33.0
2622.5305043411013,91.0,6.0,0.0,5.0,0.0,33.0
2622.5311636817605,91.0,6.0,0.0,5.0,0.0,33.0
2622.8311636817607,91.0,6.0,0.0,5.0,0.0,33.0
2622.83182302242,91.0,6.0,0.0,5.0,0.0,33.0
2623.13182302242,91.0,6.0,0.0,5.0,0.0,33.0
2623.1324823630794,91.0,6.0,0.0,5.0,0.0,33.0
2623.4324823630795,91.0,6.0,0.0,5.0,0.0,33.0
2623.433141703739,91.0,6.0,0.0,5.0,0.0,33.0
2623.733141703739,91.0,6.0,0.0,5.0,0.0,33.0
2623.733801044398,91.0,6.0,0.0,5.0,0.0,33.0
2624.0338010443984,91.0,6.0,0.0,5.0,0.0,33.0
2624.0344603850576,91.0,6.0,0.0,5.0,0.0,33.0
2624.334460385058,91.0,6.0,0.0,5.0,0.0,33.0
2624.335119725717,91.0,6.0,0.0,5.0,0.0,33.0
2624.6351197257172,91.0,6.0,0.0,5.0,0.0,33.0
2624.6357790663765,91.0,6.0,0.0,5.0,0.0,33.0
2624.9357790663767,91.0,6.0,0.0,5.0,0.0,33.0
2624.936438407036,91.0,6.0,0.0,5.0,0.0,33.0
2625.236438407036,91.0,6.0,0.0,5.0,0.0,33.0
2625.2370977476953,91.0,6.0,0.0,5.0,0.0,33.0
2625.5370977476955,91.0,6.0,0.0,5.0,0.0,33.0
2625.5377570883547,91.0,6.0,0.0,5.0,0.0,33.0
2625.837757088355,91.0,6.0,0.0,5.0,0.0,33.0
2625.838416429014,91.0,6.0,0.0,5.0,0.0,33.0
2626.1384164290143,91.0,6.0,0.0,5.0,0.0,33.0
2626.1390757696736,91.0,6.0,0.0,5.0,0.0,33.0
2626.4390757696738,91.0,6.0,0.0,5.0,0.0,33.0
2626.439735110333,91.0,6.0,0.0,5.0,0.0,33.0
2626.739735110333,91.0,6.0,0.0,5.0,0.0,33.0
2626.7403944509924,91.0,6.0,0.0,5.0,0.0,33.0
2627.0403944509926,91.0,6.0,0.0,5.0,0.0,33.0
2627.041053791652,91.0,6.0,0.0,5.0,0.0,33.0
2627.341053791652,91.0,6.0,0.0,5.0,0.0,33.0
2627.3417131323113,91.0,6.0,0.0,5.0,0.0,33.0
2627.6417131323115,91.0,6.0,0.0,5.0,0.0,33.0
2627.6423724729707,91.0,6.0,0.0,5.0,0.0,33.0
2627.942372472971,91.0,6.0,0.0,5.0,0.0,33.0
2627.94303181363,91.0,6.0,0.0,5.0,0.0,33.0
2628.2430318136303,91.0,6.0,0.0,5.0,0.0,33.0
2628.2436911542895,91.0,6.0,0.0,5.0,0.0,33.0
2628.5436911542897,91.0,6.0,0.0,5.0,0.0,33.0
2628.544350494949,91.0,6.0,0.0,5.0,0.0,33.0
2628.844350494949,91.0,6.0,0.0,5.0,0.0,33.0
2628.8450098356084,91.0,6.0,0.0,5.0,0.0,33.0
2629.1450098356086,91.0,6.0,0.0,5.0,0.0,33.0
2629.145669176268,91.0,6.0,0.0,5.0,0.0,33.0
2629.445669176268,91.0,6.0,0.0,5.0,0.0,33.0
2629.446328516927,91.0,6.0,0.0,5.0,0.0,33.0
2629.7463285169274,91.0,6.0,0.0,5.0,0.0,33.0
2629.7469878575866,91.0,6.0,0.0,5.0,0.0,33.0
2630.046987857587,91.0,6.0,0.0,5.0,0.0,33.0
2630.047647198246,91.0,6.0,0.0,5.0,0.0,33.0
2630.3476471982462,91.0,6.0,0.0,5.0,0.0,33.0
2630.3483065389055,91.0,6.0,0.0,5.0,0.0,33.0
2630.6483065389057,91.0,6.0,0.0,5.0,0.0,33.0
2630.648965879565,91.0,6.0,0.0,5.0,0.0,33.0
2630.948965879565,91.0,6.0,0.0,5.0,0.0,33.0
2630.9496252202243,91.0,6.0,0.0,5.0,0.0,33.0
2631.2496252202245,91.0,6.0,0.0,5.0,0.0,33.0
2631.2502845608838,91.0,6.0,0.0,5.0,0.0,33.0
2631.550284560884,91.0,6.0,0.0,5.0,0.0,33.0
2631.550943901543,91.0,6.0,0.0,5.0,0.0,33.0
2631.8509439015434,91.0,6.0,0.0,5.0,0.0,33.0
2631.8516032422026,91.0,6.0,0.0,5.0,0.0,33.0
2632.151603242203,91.0,6.0,0.0,5.0,0.0,33.0
2632.152262582862,91.0,6.0,0.0,5.0,0.0,33.0
2632.452262582862,91.0,6.0,0.0,5.0,0.0,33.0
2632.4529219235214,91.0,6.0,0.0,5.0,0.0,33.0
2632.7529219235216,91.0,6.0,0.0,5.0,0.0,33.0
2632.753581264181,91.0,6.0,0.0,5.0,0.0,33.0
2633.053581264181,91.0,6.0,0.0,5.0,0.0,33.0
2633.0542406048403,91.0,6.0,0.0,5.0,0.0,33.0
2633.3542406048405,91.0,6.0,0.0,5.0,0.0,33.0
2633.3548999454997,91.0,6.0,0.0,5.0,0.0,33.0
2633.6548999455,91.0,6.0,0.0,5.0,0.0,33.0
2633.655559286159,91.0,6.0,0.0,5.0,0.0,33.0
2633.9555592861593,91.0,6.0,0.0,5.0,0.0,33.0
2633.9562186268186,91.0,6.0,0.0,5.0,0.0,33.0
2634.2562186268187,91.0,6.0,0.0,5.0,0.0,33.0
2634.256877967478,91.0,6.0,0.0,5.0,0.0,33.0
2634.556877967478,91.0,6.0,0.0,5.0,0.0,33.0
2634.5575373081374,91.0,6.0,0.0,5.0,0.0,33.0
2634.8575373081376,91.0,6.0,0.0,5.0,0.0,33.0
2634.858196648797,91.0,6.0,0.0,5.0,0.0,33.0
2635.158196648797,91.0,6.0,0.0,5.0,0.0,33.0
2635.1588559894562,91.0,6.0,0.0,5.0,0.0,33.0
2635.4588559894564,91.0,6.0,0.0,5.0,0.0,33.0
2635.4595153301157,91.0,6.0,0.0,5.0,0.0,33.0
2635.759515330116,91.0,6.0,0.0,5.0,0.0,33.0
2635.760174670775,91.0,6.0,0.0,5.0,0.0,33.0
2636.0601746707753,91.0,6.0,0.0,5.0,0.0,33.0
2636.0608340114345,91.0,6.0,0.0,5.0,0.0,33.0
2636.3608340114347,91.0,6.0,0.0,5.0,0.0,33.0
2636.361493352094,91.0,6.0,0.0,5.0,0.0,33.0
2636.661493352094,91.0,6.0,0.0,5.0,0.0,33.0
2636.6621526927534,91.0,6.0,0.0,5.0,0.0,33.0
2636.9621526927535,91.0,6.0,0.0,5.0,0.0,33.0
2636.962812033413,91.0,6.0,0.0,5.0,0.0,33.0
2637.262812033413,91.0,6.0,0.0,5.0,0.0,33.0
2637.263471374072,91.0,6.0,0.0,5.0,0.0,33.0
2637.5634713740724,91.0,6.0,0.0,5.0,0.0,33.0
2637.5641307147316,91.0,6.0,0.0,5.0,0.0,33.0
2637.864130714732,91.0,6.0,0.0,5.0,0.0,33.0
2637.864790055391,91.0,6.0,0.0,5.0,0.0,33.0
2638.164790055391,91.0,6.0,0.0,5.0,0.0,33.0
2638.1654493960505,91.0,6.0,0.0,5.0,0.0,33.0
2638.4654493960506,91.0,6.0,0.0,5.0,0.0,33.0
2638.46610873671,91.0,6.0,0.0,5.0,0.0,33.0
2638.76610873671,91.0,6.0,0.0,5.0,0.0,33.0
2638.7667680773693,91.0,6.0,0.0,5.0,0.0,33.0
2639.0667680773695,91.0,6.0,0.0,5.0,0.0,33.0
2639.0674274180287,91.0,6.0,0.0,5.0,0.0,33.0
2639.367427418029,91.0,6.0,0.0,5.0,0.0,33.0
2639.368086758688,91.0,6.0,0.0,5.0,0.0,33.0
2639.6680867586883,91.0,6.0,0.0,5.0,0.0,33.0
2639.6687460993476,91.0,6.0,0.0,5.0,0.0,33.0
2639.9687460993478,91.0,6.0,0.0,5.0,0.0,33.0
2639.969405440007,91.0,6.0,0.0,5.0,0.0,33.0
2640.269405440007,91.0,6.0,0.0,5.0,0.0,33.0
2640.2700647806664,91.0,6.0,0.0,5.0,0.0,33.0
2640.5700647806666,91.0,6.0,0.0,5.0,0.0,33.0
2640.570724121326,91.0,6.0,0.0,5.0,0.0,33.0
2640.870724121326,91.0,6.0,0.0,5.0,0.0,33.0
2640.8713834619853,91.0,6.0,0.0,5.0,0.0,33.0
2641.1713834619854,91.0,6.0,0.0,5.0,0.0,33.0
2641.1720428026447,91.0,6.0,0.0,5.0,0.0,33.0
2641.472042802645,91.0,6.0,0.0,5.0,0.0,33.0
2641.472702143304,91.0,6.0,0.0,5.0,0.0,33.0
2641.7727021433043,91.0,6.0,0.0,5.0,0.0,33.0
2641.7733614839635,91.0,6.0,0.0,5.0,0.0,33.0
2642.0733614839637,91.0,6.0,0.0,5.0,0.0,33.0
2642.074020824623,91.0,6.0,0.0,5.0,0.0,33.0
2642.374020824623,91.0,6.0,0.0,5.0,0.0,33.0
2642.3746801652824,91.0,6.0,0.0,5.0,0.0,33.0
2642.6746801652826,91.0,6.0,0.0,5.0,0.0,33.0
2642.675339505942,91.0,6.0,0.0,5.0,0.0,33.0
2642.975339505942,91.0,6.0,0.0,5.0,0.0,33.0
2642.975998846601,91.0,6.0,0.0,5.0,0.0,33.0
2643.2759988466014,91.0,6.0,0.0,5.0,0.0,33.0
2643.2766581872606,91.0,6.0,0.0,5.0,0.0,33.0
2643.576658187261,91.0,6.0,0.0,5.0,0.0,33.0
2643.57731752792,91.0,6.0,0.0,5.0,0.0,33.0
2643.8773175279202,91.0,6.0,0.0,5.0,0.0,33.0
2643.8779768685795,91.0,6.0,0.0,5.0,0.0,33.0
2644.1779768685797,91.0,6.0,0.0,5.0,0.0,33.0
2644.178636209239,91.0,6.0,0.0,5.0,0.0,33.0
2644.478636209239,91.0,6.0,0.0,5.0,0.0,33.0
2644.4792955498983,91.0,6.0,0.0,5.0,0.0,33.0
2644.7792955498985,91.0,6.0,0.0,5.0,0.0,33.0
2644.7799548905577,91.0,6.0,0.0,5.0,0.0,33.0
2645.079954890558,91.0,6.0,0.0,5.0,0.0,33.0
2645.080614231217,91.0,6.0,0.0,5.0,0.0,33.0
2645.3806142312174,91.0,6.0,0.0,5.0,0.0,33.0
2645.3812735718766,91.0,6.0,0.0,5.0,0.0,33.0
2645.6812735718768,91.0,6.0,0.0,5.0,0.0,33.0
2645.681932912536,91.0,6.0,0.0,5.0,0.0,33.0
2645.981932912536,91.0,6.0,0.0,5.0,0.0,33.0
2645.9825922531954,91.0,6.0,0.0,5.0,0.0,33.0
2646.2825922531956,91.0,6.0,0.0,5.0,0.0,33.0
2646.283251593855,91.0,6.0,0.0,5.0,0.0,33.0
2646.583251593855,91.0,6.0,0.0,5.0,0.0,33.0
2646.5839109345143,91.0,6.0,0.0,5.0,0.0,33.0
2646.8839109345145,91.0,6.0,0.0,5.0,0.0,33.0
2646.8845702751737,91.0,6.0,0.0,5.0,0.0,33.0
2647.184570275174,91.0,6.0,0.0,5.0,0.0,33.0
2647.185229615833,91.0,6.0,0.0,5.0,0.0,33.0
2647.4852296158333,91.0,6.0,0.0,5.0,0.0,33.0
2647.4858889564925,91.0,6.0,0.0,5.0,0.0,33.0
2647.7858889564927,91.0,6.0,0.0,5.0,0.0,33.0
2647.786548297152,91.0,6.0,0.0,5.0,0.0,33.0
2648.086548297152,91.0,6.0,0.0,5.0,0.0,33.0
2648.0872076378114,91.0,6.0,0.0,5.0,0.0,33.0
2648.3872076378116,91.0,6.0,0.0,5.0,0.0,33.0
2648.387866978471,91.0,6.0,0.0,5.0,0.0,33.0
2648.687866978471,91.0,6.0,0.0,5.0,0.0,33.0
2648.6885263191302,91.0,6.0,0.0,5.0,0.0,33.0
2648.9885263191304,91.0,6.0,0.0,5.0,0.0,33.0
2648.9891856597897,91.0,6.0,0.0,5.0,0.0,33.0
2649.28918565979,91.0,6.0,0.0,5.0,0.0,33.0
2649.289845000449,91.0,6.0,0.0,5.0,0.0,33.0
2649.5898450004493,91.0,6.0,0.0,5.0,0.0,33.0
2649.5905043411085,91.0,6.0,0.0,5.0,0.0,33.0
2649.8905043411087,91.0,6.0,0.0,5.0,0.0,33.0
2649.891163681768,91.0,6.0,0.0,5.0,0.0,33.0
2650.191163681768,91.0,6.0,0.0,5.0,0.0,33.0
2650.1918230224273,91.0,6.0,0.0,5.0,0.0,33.0
2650.4918230224275,91.0,6.0,0.0,5.0,0.0,33.0
2650.4924823630868,91.0,6.0,0.0,5.0,0.0,33.0
2650.792482363087,91.0,6.0,0.0,5.0,0.0,33.0
2650.793141703746,91.0,6.0,0.0,5.0,0.0,33.0
2651.0931417037464,91.0,6.0,0.0,5.0,0.0,33.0
2651.0938010444056,91.0,6.0,0.0,5.0,0.0,33.0
2651.393801044406,91.0,6.0,0.0,5.0,0.0,33.0
2651.394460385065,91.0,6.0,0.0,5.0,0.0,33.0
2651.694460385065,91.0,6.0,0.0,5.0,0.0,33.0
2651.6951197257245,91.0,6.0,0.0,5.0,0.0,33.0
2651.9951197257246,91.0,6.0,0.0,5.0,0.0,33.0
2651.995779066384,91.0,6.0,0.0,5.0,0.0,33.0
2652.295779066384,91.0,6.0,0.0,5.0,0.0,33.0
2652.2964384070433,91.0,6.0,0.0,5.0,0.0,33.0
2652.5964384070435,91.0,6.0,0.0,5.0,0.0,33.0
2652.5970977477027,91.0,6.0,0.0,5.0,0.0,33.0
2652.897097747703,91.0,6.0,0.0,5.0,0.0,33.0
2652.897757088362,91.0,6.0,0.0,5.0,0.0,33.0
2653.1977570883623,91.0,6.0,0.0,5.0,0.0,33.0
2653.1984164290216,91.0,6.0,0.0,5.0,0.0,33.0
2653.4984164290217,91.0,6.0,0.0,5.0,0.0,33.0
2653.499075769681,91.0,6.0,0.0,5.0,0.0,33.0
2653.799075769681,91.0,6.0,0.0,5.0,0.0,33.0
2653.7997351103404,91.0,6.0,0.0,5.0,0.0,33.0
2654.0997351103406,91.0,6.0,0.0,5.0,0.0,33.0
2654.100394451,91.0,6.0,0.0,5.0,0.0,33.0
2654.400394451,91.0,6.0,0.0,5.0,0.0,33.0
2654.4010537916593,91.0,6.0,0.0,5.0,0.0,33.0
2654.7010537916594,91.0,6.0,0.0,5.0,0.0,33.0
2654.7017131323187,91.0,6.0,0.0,5.0,0.0,33.0
2655.001713132319,91.0,6.0,0.0,5.0,0.0,33.0
2655.002372472978,91.0,6.0,0.0,5.0,0.0,33.0
2655.3023724729783,91.0,6.0,0.0,5.0,0.0,33.0
2655.3030318136375,91.0,6.0,0.0,5.0,0.0,33.0
2655.6030318136377,91.0,6.0,0.0,5.0,0.0,33.0
2655.603691154297,91.0,6.0,0.0,5.0,0.0,33.0
2655.903691154297,91.0,6.0,0.0,5.0,0.0,33.0
2655.9043504949564,91.0,6.0,0.0,5.0,0.0,33.0
2656.2043504949565,91.0,6.0,0.0,5.0,0.0,33.0
2656.205009835616,91.0,6.0,0.0,5.0,0.0,33.0
2656.505009835616,91.0,6.0,0.0,5.0,0.0,33.0
2656.505669176275,91.0,6.0,0.0,5.0,0.0,33.0
2656.8056691762754,91.0,6.0,0.0,5.0,0.0,33.0
2656.8063285169346,91.0,6.0,0.0,5.0,0.0,33.0
2657.106328516935,91.0,6.0,0.0,5.0,0.0,33.0
2657.106987857594,91.0,6.0,0.0,5.0,0.0,33.0
2657.4069878575942,91.0,6.0,0.0,5.0,0.0,33.0
2657.4076471982535,91.0,6.0,0.0,5.0,0.0,33.0
2657.7076471982537,91.0,6.0,0.0,5.0,0.0,33.0
2657.708306538913,91.0,6.0,0.0,5.0,0.0,33.0
2658.008306538913,91.0,6.0,0.0,5.0,0.0,33.0
2658.0089658795723,91.0,6.0,0.0,5.0,0.0,33.0
2658.3089658795725,91.0,6.0,0.0,5.0,0.0,33.0
2658.3096252202317,91.0,6.0,0.0,5.0,0.0,33.0
2658.609625220232,91.0,6.0,0.0,5.0,0.0,33.0
2658.610284560891,91.0,6.0,0.0,5.0,0.0,33.0
2658.9102845608913,91.0,6.0,0.0,5.0,0.0,33.0
2658.9109439015506,91.0,6.0,0.0,5.0,0.0,33.0
2659.2109439015508,91.0,6.0,0.0,5.0,0.0,33.0
2659.21160324221,91.0,6.0,0.0,5.0,0.0,33.0
2659.51160324221,91.0,6.0,0.0,5.0,0.0,33.0
2659.5122625828694,91.0,6.0,0.0,5.0,0.0,33.0
2659.8122625828696,91.0,6.0,0.0,5.0,0.0,33.0
2659.812921923529,91.0,6.0,0.0,5.0,0.0,33.0
2660.112921923529,91.0,6.0,0.0,5.0,0.0,33.0
2660.1135812641883,91.0,6.0,0.0,5.0,0.0,33.0
2660.4135812641885,91.0,6.0,0.0,5.0,0.0,33.0
2660.4142406048477,91.0,6.0,0.0,5.0,0.0,33.0
2660.714240604848,91.0,6.0,0.0,5.0,0.0,33.0
2660.714899945507,91.0,6.0,0.0,5.0,0.0,33.0
2661.0148999455073,91.0,6.0,0.0,5.0,0.0,33.0
2661.0155592861665,91.0,6.0,0.0,5.0,0.0,33.0
2661.3155592861667,91.0,6.0,0.0,5.0,0.0,33.0
2661.316218626826,91.0,6.0,0.0,5.0,0.0,33.0
2661.616218626826,91.0,6.0,0.0,5.0,0.0,33.0
2661.6168779674854,91.0,6.0,0.0,5.0,0.0,33.0
2661.9168779674856,91.0,6.0,0.0,5.0,0.0,33.0
2661.917537308145,91.0,6.0,0.0,5.0,0.0,33.0
2662.217537308145,91.0,6.0,0.0,5.0,0.0,33.0
2662.218196648804,91.0,6.0,0.0,5.0,0.0,33.0
2662.5181966488044,91.0,6.0,0.0,5.0,0.0,33.0
2662.5188559894636,91.0,6.0,0.0,5.0,0.0,33.0
2662.818855989464,91.0,6.0,0.0,5.0,0.0,33.0
2662.819515330123,91.0,6.0,0.0,5.0,0.0,33.0
2663.1195153301232,91.0,6.0,0.0,5.0,0.0,33.0
2663.1201746707825,91.0,6.0,0.0,5.0,0.0,33.0
2663.4201746707827,91.0,6.0,0.0,5.0,0.0,33.0
2663.420834011442,91.0,6.0,0.0,5.0,0.0,33.0
2663.720834011442,91.0,6.0,0.0,5.0,0.0,33.0
2663.7214933521013,91.0,6.0,0.0,5.0,0.0,33.0
2664.0214933521015,91.0,6.0,0.0,5.0,0.0,33.0
2664.0221526927608,91.0,6.0,0.0,5.0,0.0,33.0
2664.322152692761,91.0,6.0,0.0,5.0,0.0,33.0
2664.32281203342,91.0,6.0,0.0,5.0,0.0,33.0
2664.6228120334204,91.0,6.0,0.0,5.0,0.0,33.0
2664.6234713740796,91.0,6.0,0.0,5.0,0.0,33.0
2664.92347137408,91.0,6.0,0.0,5.0,0.0,33.0
2664.924130714739,91.0,6.0,0.0,5.0,0.0,33.0
2665.224130714739,91.0,6.0,0.0,5.0,0.0,33.0
2665.2247900553984,91.0,6.0,0.0,5.0,0.0,33.0
2665.5247900553986,91.0,6.0,0.0,5.0,0.0,33.0
2665.525449396058,90.0,6.0,0.0,5.0,0.0,33.0
2665.825449396058,90.0,6.0,0.0,5.0,0.0,33.0
2665.826116062725,90.0,6.0,0.0,5.0,0.0,33.0
2666.126116062725,90.0,6.0,0.0,5.0,0.0,33.0
2666.126782729392,90.0,6.0,0.0,5.0,0.0,33.0
2666.426782729392,90.0,6.0,0.0,5.0,0.0,33.0
2666.427449396059,90.0,6.0,0.0,5.0,0.0,33.0
2666.727449396059,90.0,6.0,0.0,5.0,0.0,33.0
2666.728116062726,90.0,6.0,0.0,5.0,0.0,33.0
2667.028116062726,90.0,6.0,0.0,5.0,0.0,33.0
2667.028782729393,90.0,6.0,0.0,5.0,0.0,33.0
2667.328782729393,90.0,6.0,0.0,5.0,0.0,33.0
2667.3294493960598,90.0,6.0,0.0,5.0,0.0,33.0
2667.62944939606,90.0,6.0,0.0,5.0,0.0,33.0
2667.6301160627268,90.0,6.0,0.0,5.0,0.0,33.0
2667.930116062727,90.0,6.0,0.0,5.0,0.0,33.0
2667.9307827293937,90.0,6.0,0.0,5.0,0.0,33.0
2668.230782729394,90.0,6.0,0.0,5.0,0.0,33.0
2668.2314493960607,90.0,6.0,0.0,5.0,0.0,33.0
2668.531449396061,90.0,6.0,0.0,5.0,0.0,33.0
2668.5321160627277,90.0,6.0,0.0,5.0,0.0,33.0
2668.832116062728,90.0,6.0,0.0,5.0,0.0,33.0
2668.8327827293947,90.0,6.0,0.0,5.0,0.0,33.0
2669.132782729395,90.0,6.0,0.0,5.0,0.0,33.0
2669.1334493960617,90.0,6.0,0.0,5.0,0.0,33.0
2669.433449396062,90.0,6.0,0.0,5.0,0.0,33.0
2669.4341160627287,90.0,6.0,0.0,5.0,0.0,33.0
2669.734116062729,90.0,6.0,0.0,5.0,0.0,33.0
2669.7347827293956,90.0,6.0,0.0,5.0,0.0,33.0
2670.034782729396,90.0,6.0,0.0,5.0,0.0,33.0
2670.0354493960626,90.0,6.0,0.0,5.0,0.0,33.0
2670.335449396063,90.0,6.0,0.0,5.0,0.0,33.0
2670.3361160627296,90.0,6.0,0.0,5.0,0.0,33.0
2670.63611606273,90.0,6.0,0.0,5.0,0.0,33.0
2670.6367827293966,90.0,6.0,0.0,5.0,0.0,33.0
2670.936782729397,90.0,6.0,0.0,5.0,0.0,33.0
2670.9374493960636,90.0,6.0,0.0,5.0,0.0,33.0
2671.2374493960638,90.0,6.0,0.0,5.0,0.0,33.0
2671.2381160627306,90.0,6.0,0.0,5.0,0.0,33.0
2671.5381160627308,90.0,6.0,0.0,5.0,0.0,33.0
2671.5387827293976,90.0,6.0,0.0,5.0,0.0,33.0
2671.8387827293977,90.0,6.0,0.0,5.0,0.0,33.0
2671.8394493960645,90.0,6.0,0.0,5.0,0.0,33.0
2672.1394493960647,90.0,6.0,0.0,5.0,0.0,33.0
2672.1401160627315,90.0,6.0,0.0,5.0,0.0,33.0
2672.4401160627317,90.0,6.0,0.0,5.0,0.0,33.0
2672.4407827293985,90.0,6.0,0.0,5.0,0.0,33.0
2672.7407827293987,90.0,6.0,0.0,5.0,0.0,33.0
2672.7414493960655,90.0,6.0,0.0,5.0,0.0,33.0
2673.0414493960657,90.0,6.0,0.0,5.0,0.0,33.0
2673.0421160627325,90.0,6.0,0.0,5.0,0.0,33.0
2673.3421160627327,90.0,6.0,0.0,5.0,0.0,33.0
2673.3427827293995,90.0,6.0,0.0,5.0,0.0,33.0
2673.6427827293996,90.0,6.0,0.0,5.0,0.0,33.0
2673.6434493960664,90.0,6.0,0.0,5.0,0.0,33.0
2673.9434493960666,90.0,6.0,0.0,5.0,0.0,33.0
2673.9441160627334,90.0,6.0,0.0,5.0,0.0,33.0
2674.2441160627336,90.0,6.0,0.0,5.0,0.0,33.0
2674.2447827294004,90.0,6.0,0.0,5.0,0.0,33.0
2674.5447827294006,90.0,6.0,0.0,5.0,0.0,33.0
2674.5454493960674,90.0,6.0,0.0,5.0,0.0,33.0
2674.8454493960676,90.0,6.0,0.0,5.0,0.0,33.0
2674.8461160627344,90.0,6.0,0.0,5.0,0.0,33.0
2675.1461160627346,90.0,6.0,0.0,5.0,0.0,33.0
2675.1467827294014,90.0,6.0,0.0,5.0,0.0,33.0
2675.4467827294015,90.0,6.0,0.0,5.0,0.0,33.0
2675.4474493960684,90.0,6.0,0.0,5.0,0.0,33.0
2675.7474493960685,90.0,6.0,0.0,5.0,0.0,33.0
2675.7481160627353,90.0,6.0,0.0,5.0,0.0,33.0
2676.0481160627355,90.0,6.0,0.0,5.0,0.0,33.0
2676.0487827294023,90.0,6.0,0.0,5.0,0.0,33.0
2676.3487827294025,90.0,6.0,0.0,5.0,0.0,33.0
2676.3494493960693,90.0,6.0,0.0,5.0,0.0,33.0
2676.6494493960695,90.0,6.0,0.0,5.0,0.0,33.0
2676.6501160627363,90.0,6.0,0.0,5.0,0.0,33.0
2676.9501160627365,90.0,6.0,0.0,5.0,0.0,33.0
2676.9507827294033,90.0,6.0,0.0,5.0,0.0,33.0
2677.2507827294035,90.0,6.0,0.0,5.0,0.0,33.0
2677.2514493960703,90.0,6.0,0.0,5.0,0.0,33.0
2677.5514493960704,90.0,6.0,0.0,5.0,0.0,33.0
2677.5521160627372,90.0,6.0,0.0,5.0,0.0,33.0
2677.8521160627374,90.0,6.0,0.0,5.0,0.0,33.0
2677.852782729404,90.0,6.0,0.0,5.0,0.0,33.0
2678.1527827294044,90.0,6.0,0.0,5.0,0.0,33.0
2678.153449396071,90.0,6.0,0.0,5.0,0.0,33.0
2678.4534493960714,90.0,6.0,0.0,5.0,0.0,33.0
2678.454116062738,90.0,6.0,0.0,5.0,0.0,33.0
2678.7541160627384,90.0,6.0,0.0,5.0,0.0,33.0
2678.754782729405,90.0,6.0,0.0,5.0,0.0,33.0
2679.0547827294054,90.0,6.0,0.0,5.0,0.0,33.0
2679.055449396072,90.0,6.0,0.0,5.0,0.0,33.0
2679.3554493960723,90.0,6.0,0.0,5.0,0.0,33.0
2679.356116062739,90.0,6.0,0.0,5.0,0.0,33.0
2679.6561160627393,90.0,6.0,0.0,5.0,0.0,33.0
2679.656782729406,90.0,6.0,0.0,5.0,0.0,33.0
2679.9567827294063,90.0,6.0,0.0,5.0,0.0,33.0
2679.957449396073,90.0,6.0,0.0,5.0,0.0,33.0
2680.2574493960733,90.0,6.0,0.0,5.0,0.0,33.0
2680.25811606274,90.0,6.0,0.0,5.0,0.0,33.0
2680.5581160627403,90.0,6.0,0.0,5.0,0.0,33.0
2680.558782729407,90.0,6.0,0.0,5.0,0.0,33.0
2680.8587827294073,90.0,6.0,0.0,5.0,0.0,33.0
2680.859449396074,90.0,6.0,0.0,5.0,0.0,33.0
2681.1594493960743,90.0,6.0,0.0,5.0,0.0,33.0
2681.160116062741,90.0,6.0,0.0,5.0,0.0,33.0
2681.4601160627412,90.0,6.0,0.0,5.0,0.0,33.0
2681.460782729408,90.0,6.0,0.0,5.0,0.0,33.0
2681.760782729408,90.0,6.0,0.0,5.0,0.0,33.0
2681.761449396075,90.0,6.0,0.0,5.0,0.0,33.0
2682.061449396075,90.0,6.0,0.0,5.0,0.0,33.0
2682.062116062742,90.0,6.0,0.0,5.0,0.0,33.0
2682.362116062742,90.0,6.0,0.0,5.0,0.0,33.0
2682.362782729409,90.0,6.0,0.0,5.0,0.0,33.0
2682.662782729409,90.0,6.0,0.0,5.0,0.0,33.0
2682.663449396076,90.0,6.0,0.0,5.0,0.0,33.0
2682.963449396076,90.0,6.0,0.0,5.0,0.0,33.0
2682.964116062743,90.0,6.0,0.0,5.0,0.0,33.0
2683.264116062743,90.0,6.0,0.0,5.0,0.0,33.0
2683.26478272941,90.0,6.0,0.0,5.0,0.0,33.0
2683.56478272941,90.0,6.0,0.0,5.0,0.0,33.0
2683.565449396077,90.0,6.0,0.0,5.0,0.0,33.0
2683.865449396077,90.0,6.0,0.0,5.0,0.0,33.0
2683.866116062744,90.0,6.0,0.0,5.0,0.0,33.0
2684.166116062744,90.0,6.0,0.0,5.0,0.0,33.0
2684.166782729411,90.0,6.0,0.0,5.0,0.0,33.0
2684.466782729411,90.0,6.0,0.0,5.0,0.0,33.0
2684.467449396078,90.0,6.0,0.0,5.0,0.0,33.0
2684.767449396078,90.0,6.0,0.0,5.0,0.0,33.0
2684.768116062745,90.0,6.0,0.0,5.0,0.0,33.0
2685.068116062745,90.0,6.0,0.0,5.0,0.0,33.0
2685.068782729412,90.0,6.0,0.0,5.0,0.0,33.0
2685.368782729412,90.0,6.0,0.0,5.0,0.0,33.0
2685.369449396079,90.0,6.0,0.0,5.0,0.0,33.0
2685.669449396079,90.0,6.0,0.0,5.0,0.0,33.0
2685.670116062746,90.0,6.0,0.0,5.0,0.0,33.0
2685.970116062746,90.0,6.0,0.0,5.0,0.0,33.0
2685.970782729413,90.0,6.0,0.0,5.0,0.0,33.0
2686.270782729413,90.0,6.0,0.0,5.0,0.0,33.0
2686.27144939608,90.0,6.0,0.0,5.0,0.0,33.0
2686.57144939608,90.0,6.0,0.0,5.0,0.0,33.0
2686.5721160627468,90.0,6.0,0.0,5.0,0.0,33.0
2686.872116062747,90.0,6.0,0.0,5.0,0.0,33.0
2686.8727827294138,90.0,6.0,0.0,5.0,0.0,33.0
2687.172782729414,90.0,6.0,0.0,5.0,0.0,33.0
2687.1734493960807,90.0,6.0,0.0,5.0,0.0,33.0
2687.473449396081,90.0,6.0,0.0,5.0,0.0,33.0
2687.4741160627477,90.0,6.0,0.0,5.0,0.0,33.0
2687.774116062748,90.0,6.0,0.0,5.0,0.0,33.0
2687.7747827294147,90.0,6.0,0.0,5.0,0.0,33.0
2688.074782729415,90.0,6.0,0.0,5.0,0.0,33.0
2688.0754493960817,90.0,6.0,0.0,5.0,0.0,33.0
2688.375449396082,90.0,6.0,0.0,5.0,0.0,33.0
2688.3761160627487,90.0,6.0,0.0,5.0,0.0,33.0
2688.676116062749,90.0,6.0,0.0,5.0,0.0,33.0
2688.6767827294157,90.0,6.0,0.0,5.0,0.0,33.0
2688.976782729416,90.0,6.0,0.0,5.0,0.0,33.0
2688.9774493960826,90.0,6.0,0.0,5.0,0.0,33.0
2689.277449396083,90.0,6.0,0.0,5.0,0.0,33.0
2689.2781160627496,90.0,6.0,0.0,5.0,0.0,33.0
2689.57811606275,90.0,6.0,0.0,5.0,0.0,33.0
2689.5787827294166,90.0,6.0,0.0,5.0,0.0,33.0
2689.878782729417,90.0,6.0,0.0,5.0,0.0,33.0
2689.8794493960836,90.0,6.0,0.0,5.0,0.0,33.0
2690.179449396084,90.0,6.0,0.0,5.0,0.0,33.0
2690.1801160627506,90.0,6.0,0.0,5.0,0.0,33.0
2690.4801160627508,90.0,6.0,0.0,5.0,0.0,33.0
2690.4807827294176,90.0,6.0,0.0,5.0,0.0,33.0
2690.7807827294178,90.0,6.0,0.0,5.0,0.0,33.0
2690.7814493960846,90.0,6.0,0.0,5.0,0.0,33.0
2691.0814493960847,90.0,6.0,0.0,5.0,0.0,33.0
2691.0821160627515,90.0,6.0,0.0,5.0,0.0,33.0
2691.3821160627517,90.0,6.0,0.0,5.0,0.0,33.0
2691.3827827294185,90.0,6.0,0.0,5.0,0.0,33.0
2691.6827827294187,90.0,6.0,0.0,5.0,0.0,33.0
2691.6834493960855,90.0,6.0,0.0,5.0,0.0,33.0
2691.9834493960857,90.0,6.0,0.0,5.0,0.0,33.0
2691.9841160627525,90.0,6.0,0.0,5.0,0.0,33.0
2692.2841160627527,90.0,6.0,0.0,5.0,0.0,33.0
2692.2847827294195,90.0,6.0,0.0,5.0,0.0,33.0
2692.5847827294197,90.0,6.0,0.0,5.0,0.0,33.0
2692.5854493960865,90.0,6.0,0.0,5.0,0.0,33.0
2692.8854493960866,90.0,6.0,0.0,5.0,0.0,33.0
2692.8861160627534,90.0,6.0,0.0,5.0,0.0,33.0
2693.1861160627536,90.0,6.0,0.0,5.0,0.0,33.0
2693.1867827294204,90.0,6.0,0.0,3.0,0.0,34.0
2693.4867827294206,90.0,6.0,0.0,3.0,0.0,34.0
2693.4874493960874,90.0,6.0,0.0,3.0,0.0,34.0
2693.7874493960876,90.0,6.0,0.0,3.0,0.0,34.0
2693.7881160627544,90.0,6.0,0.0,3.0,0.0,34.0
2694.0881160627546,90.0,6.0,0.0,3.0,0.0,34.0
2694.0887827294214,90.0,6.0,0.0,3.0,0.0,34.0
2694.3887827294216,90.0,6.0,0.0,3.0,0.0,34.0
2694.3894493960884,90.0,6.0,0.0,3.0,0.0,34.0
2694.6894493960885,90.0,6.0,0.0,3.0,0.0,34.0
2694.6901160627554,90.0,6.0,0.0,3.0,0.0,34.0
2694.9901160627555,90.0,6.0,0.0,3.0,0.0,34.0
2694.9907827294223,90.0,6.0,0.0,3.0,0.0,34.0
2695.2907827294225,90.0,6.0,0.0,3.0,0.0,34.0
2695.2914493960893,90.0,6.0,0.0,3.0,0.0,34.0
2695.5914493960895,90.0,6.0,0.0,3.0,0.0,34.0
2695.5921160627563,90.0,6.0,0.0,3.0,0.0,34.0
2695.8921160627565,90.0,6.0,0.0,3.0,0.0,34.0
2695.8927827294233,90.0,6.0,0.0,3.0,0.0,34.0
2696.1927827294235,90.0,6.0,0.0,3.0,0.0,34.0
2696.1934493960903,90.0,6.0,0.0,3.0,0.0,34.0
2696.4934493960905,90.0,6.0,0.0,3.0,0.0,34.0
2696.4941160627573,90.0,6.0,0.0,3.0,0.0,34.0
2696.7941160627574,90.0,6.0,0.0,3.0,0.0,34.0
2696.7947827294242,90.0,6.0,0.0,3.0,0.0,34.0
2697.0947827294244,90.0,6.0,0.0,3.0,0.0,34.0
2697.095449396091,90.0,6.0,0.0,3.0,0.0,34.0
2697.3954493960914,90.0,6.0,0.0,3.0,0.0,34.0
2697.396116062758,90.0,6.0,0.0,3.0,0.0,34.0
2697.6961160627584,90.0,6.0,0.0,3.0,0.0,34.0
2697.696782729425,90.0,6.0,0.0,3.0,0.0,34.0
2697.9967827294254,90.0,6.0,0.0,3.0,0.0,34.0
2697.997449396092,90.0,6.0,0.0,3.0,0.0,34.0
2698.2974493960924,90.0,6.0,0.0,3.0,0.0,34.0
2698.298116062759,90.0,6.0,0.0,3.0,0.0,34.0
2698.5981160627593,90.0,6.0,0.0,3.0,0.0,34.0
2698.598782729426,90.0,6.0,0.0,3.0,0.0,34.0
2698.8987827294263,90.0,6.0,0.0,3.0,0.0,34.0
2698.899449396093,90.0,6.0,0.0,3.0,0.0,34.0
2699.1994493960933,90.0,6.0,0.0,3.0,0.0,34.0
2699.20011606276,90.0,6.0,0.0,3.0,0.0,34.0
2699.5001160627603,90.0,6.0,0.0,3.0,0.0,34.0
2699.500782729427,90.0,6.0,0.0,3.0,0.0,34.0
2699.8007827294273,90.0,6.0,0.0,3.0,0.0,34.0
2699.801449396094,90.0,6.0,0.0,3.0,0.0,34.0
2700.1014493960943,90.0,6.0,0.0,3.0,0.0,34.0
2700.102116062761,90.0,6.0,0.0,3.0,0.0,34.0
2700.4021160627613,90.0,6.0,0.0,3.0,0.0,34.0
2700.402782729428,90.0,6.0,0.0,3.0,0.0,34.0
2700.7027827294282,90.0,6.0,0.0,3.0,0.0,34.0
2700.703449396095,90.0,6.0,0.0,3.0,0.0,34.0
2701.003449396095,90.0,6.0,0.0,3.0,0.0,34.0
2701.004116062762,90.0,6.0,0.0,3.0,0.0,34.0
2701.304116062762,90.0,6.0,0.0,3.0,0.0,34.0
2701.304782729429,90.0,6.0,0.0,3.0,0.0,34.0
2701.604782729429,90.0,6.0,0.0,3.0,0.0,34.0
2701.605449396096,90.0,6.0,0.0,3.0,0.0,34.0
2701.905449396096,90.0,6.0,0.0,3.0,0.0,34.0
2701.906116062763,90.0,6.0,0.0,3.0,0.0,34.0
2702.206116062763,90.0,6.0,0.0,3.0,0.0,34.0
2702.20678272943,90.0,6.0,0.0,3.0,0.0,34.0
2702.50678272943,90.0,6.0,0.0,3.0,0.0,34.0
2702.507449396097,90.0,6.0,0.0,3.0,0.0,34.0
2702.807449396097,90.0,6.0,0.0,3.0,0.0,34.0
2702.808116062764,90.0,6.0,0.0,3.0,0.0,34.0
2703.108116062764,90.0,6.0,0.0,3.0,0.0,34.0
2703.108782729431,90.0,6.0,0.0,3.0,0.0,34.0
2703.408782729431,90.0,6.0,0.0,3.0,0.0,34.0
2703.409449396098,90.0,6.0,0.0,3.0,0.0,34.0
2703.709449396098,90.0,6.0,0.0,3.0,0.0,34.0
2703.710116062765,90.0,6.0,0.0,3.0,0.0,34.0
2704.010116062765,90.0,6.0,0.0,3.0,0.0,34.0
2704.010782729432,90.0,6.0,0.0,3.0,0.0,34.0
2704.310782729432,90.0,6.0,0.0,3.0,0.0,34.0
2704.311449396099,90.0,6.0,0.0,3.0,0.0,34.0
2704.611449396099,90.0,6.0,0.0,3.0,0.0,34.0
2704.612116062766,90.0,6.0,0.0,3.0,0.0,34.0
2704.912116062766,90.0,6.0,0.0,3.0,0.0,34.0
2704.912782729433,90.0,6.0,0.0,3.0,0.0,34.0
2705.212782729433,90.0,6.0,0.0,3.0,0.0,34.0
2705.2134493961,90.0,6.0,0.0,3.0,0.0,34.0
2705.5134493961,90.0,6.0,0.0,3.0,0.0,34.0
2705.514116062767,90.0,6.0,0.0,3.0,0.0,34.0
2705.814116062767,90.0,6.0,0.0,3.0,0.0,34.0
2705.814782729434,90.0,6.0,0.0,3.0,0.0,34.0
2706.114782729434,90.0,6.0,0.0,3.0,0.0,34.0
2706.1154493961008,90.0,6.0,0.0,3.0,0.0,34.0
2706.415449396101,90.0,6.0,0.0,3.0,0.0,34.0
2706.4161160627677,90.0,6.0,0.0,3.0,0.0,34.0
2706.716116062768,90.0,6.0,0.0,3.0,0.0,34.0
2706.7167827294347,90.0,6.0,0.0,3.0,0.0,34.0
2707.016782729435,90.0,6.0,0.0,3.0,0.0,34.0
2707.0174493961017,90.0,6.0,0.0,3.0,0.0,34.0
2707.317449396102,90.0,6.0,0.0,3.0,0.0,34.0
2707.3181160627687,90.0,6.0,0.0,3.0,0.0,34.0
2707.618116062769,90.0,6.0,0.0,3.0,0.0,34.0
2707.6187827294357,90.0,6.0,0.0,3.0,0.0,34.0
2707.918782729436,90.0,6.0,0.0,3.0,0.0,34.0
2707.9194493961027,90.0,6.0,0.0,3.0,0.0,34.0
2708.219449396103,90.0,6.0,0.0,3.0,0.0,34.0
2708.2201160627696,90.0,6.0,0.0,3.0,0.0,34.0
2708.52011606277,90.0,6.0,0.0,3.0,0.0,34.0
2708.5207827294366,90.0,6.0,0.0,3.0,0.0,34.0
2708.820782729437,90.0,6.0,0.0,3.0,0.0,34.0
2708.8214493961036,90.0,6.0,0.0,3.0,0.0,34.0
2709.121449396104,90.0,6.0,0.0,3.0,0.0,34.0
2709.1221160627706,90.0,6.0,0.0,3.0,0.0,34.0
2709.422116062771,90.0,6.0,0.0,3.0,0.0,34.0
2709.4227827294376,90.0,6.0,0.0,3.0,0.0,34.0
2709.7227827294378,90.0,6.0,0.0,3.0,0.0,34.0
2709.7234493961046,90.0,6.0,0.0,3.0,0.0,34.0
2710.0234493961048,90.0,6.0,0.0,3.0,0.0,34.0
2710.0241160627716,90.0,6.0,0.0,3.0,0.0,34.0
2710.3241160627717,90.0,6.0,0.0,3.0,0.0,34.0
2710.3247827294385,90.0,6.0,0.0,3.0,0.0,34.0
2710.6247827294387,90.0,6.0,0.0,3.0,0.0,34.0
2710.6254493961055,90.0,6.0,0.0,3.0,0.0,34.0
2710.9254493961057,90.0,6.0,0.0,3.0,0.0,34.0
2710.9261160627725,90.0,6.0,0.0,3.0,0.0,34.0
2711.2261160627727,90.0,6.0,0.0,3.0,0.0,34.0
2711.2267827294395,90.0,6.0,0.0,3.0,0.0,34.0
2711.5267827294397,90.0,6.0,0.0,3.0,0.0,34.0
2711.5274493961065,90.0,6.0,0.0,3.0,0.0,34.0
2711.8274493961067,90.0,6.0,0.0,3.0,0.0,34.0
2711.8281160627735,90.0,6.0,0.0,3.0,0.0,34.0
2712.1281160627736,90.0,6.0,0.0,3.0,0.0,34.0
2712.1287827294404,90.0,6.0,0.0,3.0,0.0,34.0
2712.4287827294406,90.0,6.0,0.0,3.0,0.0,34.0
2712.4294493961074,90.0,6.0,0.0,3.0,0.0,34.0
2712.7294493961076,90.0,6.0,0.0,3.0,0.0,34.0
2712.7301160627744,90.0,6.0,0.0,3.0,0.0,34.0
2713.0301160627746,90.0,6.0,0.0,3.0,0.0,34.0
2713.0307827294414,90.0,6.0,0.0,3.0,0.0,34.0
2713.3307827294416,90.0,6.0,0.0,3.0,0.0,34.0
2713.3314493961084,90.0,6.0,0.0,3.0,0.0,34.0
2713.6314493961086,90.0,6.0,0.0,3.0,0.0,34.0
2713.6321160627754,90.0,6.0,0.0,3.0,0.0,34.0
2713.9321160627755,90.0,6.0,0.0,3.0,0.0,34.0
2713.9327827294424,90.0,6.0,0.0,3.0,0.0,34.0
2714.2327827294425,90.0,6.0,0.0,3.0,0.0,34.0
2714.2334493961093,90.0,6.0,0.0,3.0,0.0,34.0
2714.5334493961095,90.0,6.0,0.0,3.0,0.0,34.0
2714.5341160627763,90.0,6.0,0.0,3.0,0.0,34.0
2714.8341160627765,90.0,6.0,0.0,3.0,0.0,34.0
2714.8347827294433,90.0,6.0,0.0,3.0,0.0,34.0
2715.1347827294435,90.0,6.0,0.0,3.0,0.0,34.0
2715.1354493961103,90.0,6.0,0.0,3.0,0.0,34.0
2715.4354493961105,90.0,6.0,0.0,3.0,0.0,34.0
2715.4361160627773,90.0,6.0,0.0,3.0,0.0,34.0
2715.7361160627775,90.0,6.0,0.0,3.0,0.0,34.0
2715.7367827294443,90.0,6.0,0.0,3.0,0.0,34.0
2716.0367827294444,90.0,6.0,0.0,3.0,0.0,34.0
2716.0374493961112,90.0,6.0,0.0,3.0,0.0,34.0
2716.3374493961114,90.0,6.0,0.0,3.0,0.0,34.0
2716.338116062778,90.0,6.0,0.0,3.0,0.0,34.0
2716.6381160627784,90.0,6.0,0.0,3.0,0.0,34.0
2716.638782729445,90.0,6.0,0.0,3.0,0.0,34.0
2716.9387827294454,90.0,6.0,0.0,3.0,0.0,34.0
2716.939449396112,90.0,6.0,0.0,3.0,0.0,34.0
2717.2394493961124,90.0,6.0,0.0,3.0,0.0,34.0
2717.240116062779,90.0,6.0,0.0,3.0,0.0,34.0
2717.5401160627794,90.0,6.0,0.0,3.0,0.0,34.0
2717.540782729446,90.0,6.0,0.0,3.0,0.0,34.0
2717.8407827294463,90.0,6.0,0.0,3.0,0.0,34.0
2717.841449396113,90.0,6.0,0.0,3.0,0.0,34.0
2718.1414493961133,90.0,6.0,0.0,3.0,0.0,34.0
2718.14211606278,90.0,6.0,0.0,3.0,0.0,34.0
2718.4421160627803,90.0,6.0,0.0,3.0,0.0,34.0
2718.442782729447,90.0,6.0,0.0,3.0,0.0,34.0
2718.7427827294473,90.0,6.0,0.0,3.0,0.0,34.0
2718.743449396114,90.0,6.0,0.0,3.0,0.0,34.0
2719.0434493961143,90.0,6.0,0.0,3.0,0.0,34.0
2719.044116062781,90.0,6.0,0.0,3.0,0.0,34.0
2719.3441160627813,90.0,6.0,0.0,3.0,0.0,34.0
2719.344782729448,90.0,6.0,0.0,3.0,0.0,34.0
2719.6447827294483,90.0,6.0,0.0,3.0,0.0,34.0
2719.645449396115,90.0,6.0,0.0,3.0,0.0,34.0
2719.9454493961152,90.0,6.0,0.0,3.0,0.0,34.0
2719.946116062782,90.0,6.0,0.0,3.0,0.0,34.0
2720.246116062782,90.0,6.0,0.0,3.0,0.0,34.0
2720.246782729449,90.0,6.0,0.0,3.0,0.0,34.0
2720.546782729449,90.0,6.0,0.0,3.0,0.0,34.0
2720.547449396116,90.0,6.0,0.0,3.0,0.0,34.0
2720.847449396116,90.0,6.0,0.0,3.0,0.0,34.0
2720.848116062783,90.0,6.0,0.0,3.0,0.0,34.0
2721.148116062783,90.0,6.0,0.0,3.0,0.0,34.0
2721.14878272945,90.0,6.0,0.0,3.0,0.0,34.0
2721.44878272945,90.0,6.0,0.0,3.0,0.0,34.0
2721.449449396117,90.0,6.0,0.0,3.0,0.0,34.0
2721.749449396117,90.0,6.0,0.0,3.0,0.0,34.0
2721.750116062784,90.0,6.0,0.0,3.0,0.0,34.0
2722.050116062784,90.0,6.0,0.0,3.0,0.0,34.0
2722.050782729451,90.0,6.0,0.0,3.0,0.0,34.0
2722.350782729451,90.0,6.0,0.0,3.0,0.0,34.0
2722.351449396118,90.0,6.0,0.0,3.0,0.0,34.0
2722.651449396118,90.0,6.0,0.0,3.0,0.0,34.0
2722.652116062785,90.0,6.0,0.0,3.0,0.0,34.0
2722.952116062785,90.0,6.0,0.0,3.0,0.0,34.0
2722.952782729452,90.0,6.0,0.0,3.0,0.0,34.0
2723.252782729452,90.0,6.0,0.0,3.0,0.0,34.0
2723.253449396119,90.0,6.0,0.0,3.0,0.0,34.0
2723.553449396119,90.0,6.0,0.0,3.0,0.0,34.0
2723.554116062786,90.0,6.0,0.0,3.0,0.0,34.0
2723.854116062786,90.0,6.0,0.0,3.0,0.0,34.0
2723.854782729453,90.0,6.0,0.0,3.0,0.0,34.0
2724.154782729453,90.0,6.0,0.0,3.0,0.0,34.0
2724.15544939612,90.0,6.0,0.0,3.0,0.0,34.0
2724.45544939612,90.0,6.0,0.0,3.0,0.0,34.0
2724.456116062787,90.0,6.0,0.0,3.0,0.0,34.0
2724.756116062787,90.0,6.0,0.0,3.0,0.0,34.0
2724.756782729454,90.0,6.0,0.0,3.0,0.0,34.0
2725.056782729454,90.0,6.0,0.0,3.0,0.0,34.0
2725.057449396121,90.0,6.0,0.0,3.0,0.0,34.0
2725.357449396121,90.0,6.0,0.0,3.0,0.0,34.0
2725.3581160627878,90.0,6.0,0.0,3.0,0.0,34.0
2725.658116062788,90.0,6.0,0.0,3.0,0.0,34.0
2725.6587827294547,90.0,6.0,0.0,3.0,0.0,34.0
2725.958782729455,90.0,6.0,0.0,3.0,0.0,34.0
2725.9594493961217,90.0,6.0,0.0,3.0,0.0,34.0
2726.259449396122,90.0,6.0,0.0,3.0,0.0,34.0
2726.2601160627887,90.0,6.0,0.0,3.0,0.0,34.0
2726.560116062789,90.0,6.0,0.0,3.0,0.0,34.0
2726.5607827294557,90.0,6.0,0.0,3.0,0.0,34.0
2726.860782729456,90.0,6.0,0.0,3.0,0.0,34.0
2726.8614493961227,90.0,6.0,0.0,3.0,0.0,34.0
2727.161449396123,90.0,6.0,0.0,3.0,0.0,34.0
2727.1621160627897,90.0,6.0,0.0,3.0,0.0,34.0
2727.46211606279,90.0,6.0,0.0,3.0,0.0,34.0
2727.4627827294566,90.0,6.0,0.0,3.0,0.0,34.0
2727.762782729457,90.0,6.0,0.0,3.0,0.0,34.0
2727.7634493961236,90.0,6.0,0.0,3.0,0.0,34.0
2728.063449396124,90.0,6.0,0.0,3.0,0.0,34.0
2728.0641160627906,90.0,6.0,0.0,3.0,0.0,34.0
2728.364116062791,90.0,6.0,0.0,3.0,0.0,34.0
2728.3647827294576,90.0,6.0,0.0,3.0,0.0,34.0
2728.664782729458,90.0,6.0,0.0,3.0,0.0,34.0
2728.6654493961246,90.0,6.0,0.0,3.0,0.0,34.0
2728.9654493961248,90.0,6.0,0.0,3.0,0.0,34.0
2728.9661160627916,90.0,6.0,0.0,3.0,0.0,34.0
2729.2661160627918,90.0,6.0,0.0,3.0,0.0,34.0
2729.2667827294586,90.0,6.0,0.0,3.0,0.0,34.0
2729.5667827294587,90.0,6.0,0.0,3.0,0.0,34.0
2729.5674493961255,90.0,6.0,0.0,3.0,0.0,34.0
2729.8674493961257,90.0,6.0,0.0,3.0,0.0,34.0
2729.8681160627925,90.0,6.0,0.0,3.0,0.0,34.0
2730.1681160627927,90.0,6.0,0.0,3.0,0.0,34.0
2730.1687827294595,90.0,6.0,0.0,3.0,0.0,34.0
2730.4687827294597,90.0,6.0,0.0,3.0,0.0,34.0
2730.4694493961265,90.0,6.0,0.0,3.0,0.0,34.0
2730.7694493961267,90.0,6.0,0.0,3.0,0.0,34.0
2730.7701160627935,90.0,6.0,0.0,3.0,0.0,34.0
2731.0701160627937,90.0,6.0,0.0,3.0,0.0,34.0
2731.0707827294605,90.0,6.0,0.0,3.0,0.0,34.0
2731.3707827294606,90.0,6.0,0.0,3.0,0.0,34.0
2731.3714493961274,90.0,6.0,0.0,3.0,0.0,34.0
2731.6714493961276,90.0,6.0,0.0,3.0,0.0,34.0
2731.6721160627944,90.0,6.0,0.0,3.0,0.0,34.0
2731.9721160627946,90.0,6.0,0.0,3.0,0.0,34.0
2731.9727827294614,90.0,6.0,0.0,3.0,0.0,34.0
2732.2727827294616,90.0,6.0,0.0,3.0,0.0,34.0
2732.2734493961284,90.0,6.0,0.0,3.0,0.0,34.0
2732.5734493961286,90.0,6.0,0.0,3.0,0.0,34.0
2732.5741160627954,90.0,6.0,0.0,3.0,0.0,34.0
2732.8741160627956,90.0,6.0,0.0,3.0,0.0,34.0
2732.8747827294624,90.0,6.0,0.0,3.0,0.0,34.0
2733.1747827294625,90.0,6.0,0.0,3.0,0.0,34.0
2733.1754493961294,90.0,6.0,0.0,3.0,0.0,34.0
2733.4754493961295,90.0,6.0,0.0,3.0,0.0,34.0
2733.4761160627963,90.0,6.0,0.0,3.0,0.0,34.0
2733.7761160627965,90.0,6.0,0.0,3.0,0.0,34.0
2733.7767827294633,90.0,6.0,0.0,3.0,0.0,34.0
2734.0767827294635,90.0,6.0,0.0,3.0,0.0,34.0
2734.0774493961303,90.0,6.0,0.0,3.0,0.0,34.0
2734.3774493961305,90.0,6.0,0.0,3.0,0.0,34.0
2734.3781160627973,90.0,6.0,0.0,3.0,0.0,34.0
2734.6781160627975,90.0,6.0,0.0,3.0,0.0,34.0
2734.6787827294643,90.0,6.0,0.0,3.0,0.0,34.0
2734.9787827294645,90.0,6.0,0.0,3.0,0.0,34.0
2734.9794493961313,90.0,6.0,0.0,3.0,0.0,34.0
2735.2794493961314,90.0,6.0,0.0,3.0,0.0,34.0
2735.2801160627982,90.0,6.0,0.0,3.0,0.0,34.0
2735.5801160627984,90.0,6.0,0.0,3.0,0.0,34.0
2735.580782729465,90.0,6.0,0.0,3.0,0.0,34.0
2735.8807827294654,90.0,6.0,0.0,3.0,0.0,34.0
2735.881449396132,90.0,6.0,0.0,3.0,0.0,34.0
2736.1814493961324,90.0,6.0,0.0,3.0,0.0,34.0
2736.182116062799,90.0,6.0,0.0,3.0,0.0,34.0
2736.4821160627994,90.0,6.0,0.0,3.0,0.0,34.0
2736.482782729466,90.0,6.0,0.0,3.0,0.0,34.0
2736.7827827294664,90.0,6.0,0.0,3.0,0.0,34.0
2736.783449396133,90.0,6.0,0.0,3.0,0.0,34.0
2737.0834493961333,90.0,6.0,0.0,3.0,0.0,34.0
2737.0841160628,90.0,6.0,0.0,3.0,0.0,34.0
2737.3841160628003,90.0,6.0,0.0,3.0,0.0,34.0
2737.384782729467,90.0,6.0,0.0,3.0,0.0,34.0
2737.6847827294673,90.0,6.0,0.0,3.0,0.0,34.0
2737.685449396134,90.0,6.0,0.0,3.0,0.0,34.0
2737.9854493961343,90.0,6.0,0.0,3.0,0.0,34.0
2737.986116062801,90.0,6.0,0.0,3.0,0.0,34.0
2738.2861160628013,90.0,6.0,0.0,3.0,0.0,34.0
2738.286782729468,90.0,6.0,0.0,3.0,0.0,34.0
2738.5867827294683,90.0,6.0,0.0,3.0,0.0,34.0
2738.587449396135,90.0,6.0,0.0,3.0,0.0,34.0
2738.8874493961353,90.0,6.0,0.0,3.0,0.0,34.0
2738.888116062802,90.0,6.0,0.0,3.0,0.0,34.0
2739.1881160628022,90.0,6.0,0.0,3.0,0.0,34.0
2739.188782729469,90.0,6.0,0.0,3.0,0.0,34.0
2739.488782729469,90.0,6.0,0.0,3.0,0.0,34.0
2739.489449396136,90.0,6.0,0.0,3.0,0.0,34.0
2739.789449396136,90.0,6.0,0.0,3.0,0.0,34.0
2739.790116062803,90.0,6.0,0.0,3.0,0.0,34.0
2740.090116062803,90.0,6.0,0.0,3.0,0.0,34.0
2740.09078272947,90.0,6.0,0.0,3.0,0.0,34.0
2740.39078272947,90.0,6.0,0.0,3.0,0.0,34.0
2740.391449396137,90.0,6.0,0.0,3.0,0.0,34.0
2740.691449396137,90.0,6.0,0.0,3.0,0.0,34.0
2740.692116062804,90.0,6.0,0.0,3.0,0.0,34.0
2740.992116062804,90.0,6.0,0.0,3.0,0.0,34.0
2740.992782729471,90.0,6.0,0.0,3.0,0.0,34.0
2741.292782729471,90.0,6.0,0.0,3.0,0.0,34.0
2741.293449396138,90.0,6.0,0.0,3.0,0.0,34.0
2741.593449396138,90.0,6.0,0.0,3.0,0.0,34.0
2741.594116062805,90.0,6.0,0.0,3.0,0.0,34.0
2741.894116062805,90.0,6.0,0.0,3.0,0.0,34.0
2741.894782729472,90.0,6.0,0.0,3.0,0.0,34.0
2742.194782729472,90.0,6.0,0.0,3.0,0.0,34.0
2742.195449396139,90.0,6.0,0.0,3.0,0.0,34.0
2742.495449396139,90.0,6.0,0.0,3.0,0.0,34.0
2742.496116062806,90.0,6.0,0.0,3.0,0.0,34.0
2742.796116062806,90.0,6.0,0.0,3.0,0.0,34.0
2742.796782729473,90.0,6.0,0.0,3.0,0.0,34.0
2743.096782729473,90.0,6.0,0.0,3.0,0.0,34.0
2743.09744939614,90.0,6.0,0.0,3.0,0.0,34.0
2743.39744939614,90.0,6.0,0.0,3.0,0.0,34.0
2743.398116062807,90.0,6.0,0.0,3.0,0.0,34.0
2743.698116062807,90.0,6.0,0.0,3.0,0.0,34.0
2743.698782729474,90.0,6.0,0.0,3.0,0.0,34.0
2743.998782729474,90.0,6.0,0.0,3.0,0.0,34.0
2743.999449396141,90.0,6.0,0.0,3.0,0.0,34.0
2744.299449396141,90.0,6.0,0.0,3.0,0.0,34.0
2744.300116062808,90.0,6.0,0.0,3.0,0.0,34.0
2744.600116062808,90.0,6.0,0.0,3.0,0.0,34.0
2744.6007827294748,90.0,6.0,0.0,3.0,0.0,34.0
2744.900782729475,90.0,6.0,0.0,3.0,0.0,34.0
2744.9014493961417,90.0,6.0,0.0,3.0,0.0,34.0
2745.201449396142,90.0,6.0,0.0,3.0,0.0,34.0
2745.2021160628087,90.0,6.0,0.0,3.0,0.0,34.0
2745.502116062809,90.0,6.0,0.0,3.0,0.0,34.0
2745.5027827294757,90.0,6.0,0.0,3.0,0.0,34.0
2745.802782729476,90.0,6.0,0.0,3.0,0.0,34.0
2745.8034493961427,90.0,6.0,0.0,3.0,0.0,34.0
2746.103449396143,90.0,6.0,0.0,3.0,0.0,34.0
2746.1041160628097,90.0,6.0,0.0,3.0,0.0,34.0
2746.40411606281,90.0,6.0,0.0,3.0,0.0,34.0
2746.4047827294767,90.0,6.0,0.0,3.0,0.0,34.0
2746.704782729477,90.0,6.0,0.0,3.0,0.0,34.0
2746.7054493961436,90.0,6.0,0.0,3.0,0.0,34.0
2747.005449396144,90.0,6.0,0.0,3.0,0.0,34.0
2747.0061160628106,90.0,6.0,0.0,3.0,0.0,34.0
2747.306116062811,90.0,6.0,0.0,3.0,0.0,34.0
2747.3067827294776,90.0,6.0,0.0,3.0,0.0,34.0
2747.606782729478,90.0,6.0,0.0,3.0,0.0,34.0
2747.6074493961446,90.0,6.0,0.0,3.0,0.0,34.0
2747.907449396145,90.0,6.0,0.0,3.0,0.0,34.0
2747.9081160628116,89.0,6.0,0.0,3.0,0.0,34.0
2748.2081160628118,89.0,6.0,0.0,3.0,0.0,34.0
2748.208790220115,89.0,6.0,0.0,3.0,0.0,34.0
2748.5087902201153,89.0,6.0,0.0,3.0,0.0,34.0
2748.5094643774187,89.0,6.0,0.0,3.0,0.0,34.0
2748.809464377419,89.0,6.0,0.0,3.0,0.0,34.0
2748.8101385347222,89.0,6.0,0.0,3.0,0.0,34.0
2749.1101385347224,89.0,6.0,0.0,3.0,0.0,34.0
2749.110812692026,88.0,6.0,0.0,3.0,0.0,34.0
2749.410812692026,88.0,6.0,0.0,3.0,0.0,34.0
2749.411494510208,88.0,6.0,0.0,3.0,0.0,34.0
2749.711494510208,88.0,6.0,0.0,3.0,0.0,34.0
2749.71217632839,88.0,6.0,0.0,3.0,0.0,34.0
2750.01217632839,88.0,6.0,0.0,3.0,0.0,34.0
2750.012858146572,88.0,6.0,0.0,3.0,0.0,34.0
2750.312858146572,88.0,6.0,0.0,3.0,0.0,34.0
2750.313539964754,88.0,6.0,0.0,3.0,0.0,34.0
2750.613539964754,88.0,6.0,0.0,3.0,0.0,34.0
2750.614221782936,88.0,6.0,0.0,3.0,0.0,34.0
2750.9142217829362,88.0,6.0,0.0,3.0,0.0,34.0
2750.914903601118,88.0,6.0,0.0,3.0,0.0,34.0
2751.2149036011183,88.0,6.0,0.0,3.0,0.0,34.0
2751.2155854193,88.0,6.0,0.0,3.0,0.0,34.0
2751.5155854193004,88.0,6.0,0.0,3.0,0.0,34.0
2751.516267237482,88.0,6.0,0.0,3.0,0.0,34.0
2751.8162672374824,88.0,6.0,0.0,3.0,0.0,34.0
2751.8169490556643,88.0,6.0,0.0,3.0,0.0,34.0
2752.1169490556645,88.0,6.0,0.0,3.0,0.0,34.0
2752.1176308738463,88.0,6.0,0.0,3.0,0.0,34.0
2752.4176308738465,88.0,6.0,0.0,3.0,0.0,34.0
2752.4183126920284,88.0,6.0,0.0,3.0,0.0,34.0
2752.7183126920286,88.0,6.0,0.0,3.0,0.0,34.0
2752.7189945102105,88.0,6.0,0.0,3.0,0.0,34.0
2753.0189945102106,88.0,6.0,0.0,3.0,0.0,34.0
2753.0196763283925,88.0,6.0,0.0,3.0,0.0,34.0
2753.3196763283927,88.0,6.0,0.0,3.0,0.0,34.0
2753.3203581465746,88.0,6.0,0.0,3.0,0.0,34.0
2753.6203581465747,88.0,6.0,0.0,3.0,0.0,34.0
2753.6210399647566,88.0,6.0,0.0,3.0,0.0,34.0
2753.921039964757,88.0,6.0,0.0,3.0,0.0,34.0
2753.9217217829387,88.0,6.0,0.0,3.0,0.0,34.0
2754.221721782939,88.0,6.0,0.0,3.0,0.0,34.0
2754.2224036011207,88.0,6.0,0.0,3.0,0.0,34.0
2754.522403601121,88.0,6.0,0.0,3.0,0.0,34.0
2754.523085419303,88.0,6.0,0.0,3.0,0.0,34.0
2754.823085419303,88.0,6.0,0.0,3.0,0.0,34.0
2754.823767237485,88.0,6.0,0.0,3.0,0.0,34.0
2755.123767237485,88.0,6.0,0.0,3.0,0.0,34.0
2755.124449055667,88.0,6.0,0.0,3.0,0.0,34.0
2755.424449055667,88.0,6.0,0.0,3.0,0.0,34.0
2755.425130873849,88.0,6.0,0.0,3.0,0.0,34.0
2755.725130873849,88.0,6.0,0.0,3.0,0.0,34.0
2755.725812692031,88.0,6.0,0.0,3.0,0.0,34.0
2756.025812692031,88.0,6.0,0.0,3.0,0.0,34.0
2756.026494510213,88.0,6.0,0.0,3.0,0.0,34.0
2756.3264945102133,88.0,6.0,0.0,3.0,0.0,34.0
2756.327176328395,88.0,6.0,0.0,3.0,0.0,34.0
2756.6271763283953,88.0,6.0,0.0,3.0,0.0,34.0
2756.627858146577,88.0,6.0,0.0,3.0,0.0,34.0
2756.9278581465774,88.0,6.0,0.0,3.0,0.0,34.0
2756.9285399647592,88.0,6.0,0.0,3.0,0.0,34.0
2757.2285399647594,88.0,6.0,0.0,3.0,0.0,34.0
2757.2292217829413,88.0,6.0,0.0,3.0,0.0,34.0
2757.5292217829415,88.0,6.0,0.0,3.0,0.0,34.0
2757.5299036011234,88.0,6.0,0.0,3.0,0.0,34.0
2757.8299036011235,88.0,6.0,0.0,3.0,0.0,34.0
2757.8305854193054,88.0,6.0,0.0,3.0,0.0,34.0
2758.1305854193056,88.0,6.0,0.0,3.0,0.0,34.0
2758.1312672374875,88.0,6.0,0.0,3.0,0.0,34.0
2758.4312672374876,88.0,6.0,0.0,3.0,0.0,34.0
2758.4319490556695,88.0,6.0,0.0,3.0,0.0,34.0
2758.7319490556697,88.0,6.0,0.0,3.0,0.0,34.0
2758.7326308738516,88.0,6.0,0.0,3.0,0.0,34.0
2759.0326308738518,88.0,6.0,0.0,3.0,0.0,34.0
2759.0333126920336,88.0,6.0,0.0,3.0,0.0,34.0
2759.333312692034,88.0,6.0,0.0,3.0,0.0,34.0
2759.3339945102157,88.0,6.0,0.0,3.0,0.0,34.0
2759.633994510216,88.0,6.0,0.0,3.0,0.0,34.0
2759.6346763283977,88.0,6.0,0.0,3.0,0.0,34.0
2759.934676328398,88.0,6.0,0.0,3.0,0.0,34.0
2759.93535814658,88.0,6.0,0.0,3.0,0.0,34.0
2760.23535814658,88.0,6.0,0.0,3.0,0.0,34.0
2760.236039964762,88.0,6.0,0.0,3.0,0.0,34.0
2760.536039964762,88.0,6.0,0.0,3.0,0.0,34.0
2760.536721782944,88.0,6.0,0.0,3.0,0.0,34.0
2760.836721782944,88.0,6.0,0.0,3.0,0.0,34.0
2760.837403601126,88.0,6.0,0.0,3.0,0.0,34.0
2761.137403601126,88.0,6.0,0.0,3.0,0.0,34.0
2761.138085419308,88.0,6.0,0.0,3.0,0.0,34.0
2761.438085419308,88.0,6.0,0.0,3.0,0.0,34.0
2761.43876723749,88.0,6.0,0.0,3.0,0.0,34.0
2761.7387672374903,88.0,6.0,0.0,3.0,0.0,34.0
2761.739449055672,88.0,6.0,0.0,3.0,0.0,34.0
2762.0394490556723,88.0,6.0,0.0,3.0,0.0,34.0
2762.040130873854,88.0,6.0,0.0,3.0,0.0,34.0
2762.3401308738544,88.0,6.0,0.0,3.0,0.0,34.0
2762.3408126920363,88.0,6.0,0.0,3.0,0.0,34.0
2762.6408126920364,88.0,6.0,0.0,3.0,0.0,34.0
2762.6414945102183,88.0,6.0,0.0,3.0,0.0,34.0
2762.9414945102185,88.0,6.0,0.0,3.0,0.0,34.0
2762.9421763284004,88.0,6.0,0.0,3.0,0.0,34.0
2763.2421763284005,88.0,6.0,0.0,3.0,0.0,34.0
2763.2428581465824,88.0,6.0,0.0,3.0,0.0,34.0
2763.5428581465826,88.0,6.0,0.0,3.0,0.0,34.0
2763.5435399647645,88.0,6.0,0.0,3.0,0.0,34.0
2763.8435399647647,88.0,6.0,0.0,3.0,0.0,34.0
2763.8442217829465,88.0,6.0,0.0,3.0,0.0,34.0
2764.1442217829467,88.0,6.0,0.0,3.0,0.0,34.0
2764.1449036011286,88.0,6.0,0.0,3.0,0.0,34.0
2764.4449036011288,88.0,6.0,0.0,3.0,0.0,34.0
2764.4455854193106,88.0,6.0,0.0,3.0,0.0,34.0
2764.745585419311,88.0,6.0,0.0,3.0,0.0,34.0
2764.7462672374927,88.0,6.0,0.0,3.0,0.0,34.0
2765.046267237493,88.0,6.0,0.0,3.0,0.0,34.0
2765.0469490556748,88.0,6.0,0.0,3.0,0.0,34.0
2765.346949055675,88.0,6.0,0.0,3.0,0.0,34.0
2765.347630873857,88.0,6.0,0.0,3.0,0.0,34.0
2765.647630873857,88.0,6.0,0.0,3.0,0.0,34.0
2765.648312692039,88.0,6.0,0.0,3.0,0.0,34.0
2765.948312692039,88.0,6.0,0.0,3.0,0.0,34.0
2765.948994510221,88.0,6.0,0.0,3.0,0.0,34.0
2766.248994510221,88.0,6.0,0.0,3.0,0.0,34.0
2766.249676328403,88.0,6.0,0.0,3.0,0.0,34.0
2766.549676328403,88.0,6.0,0.0,3.0,0.0,34.0
2766.550358146585,88.0,6.0,0.0,3.0,0.0,34.0
2766.850358146585,88.0,6.0,0.0,3.0,0.0,34.0
2766.851039964767,88.0,6.0,0.0,3.0,0.0,34.0
2767.1510399647673,88.0,6.0,0.0,3.0,0.0,34.0
2767.151721782949,88.0,6.0,0.0,3.0,0.0,34.0
2767.4517217829493,88.0,6.0,0.0,3.0,0.0,34.0
2767.452403601131,88.0,6.0,0.0,3.0,0.0,34.0
2767.7524036011314,88.0,6.0,0.0,3.0,0.0,34.0
2767.7530854193133,88.0,6.0,0.0,3.0,0.0,34.0
2768.0530854193134,88.0,6.0,0.0,3.0,0.0,34.0
2768.0537672374953,88.0,6.0,0.0,3.0,0.0,34.0
2768.3537672374955,88.0,6.0,0.0,3.0,0.0,34.0
2768.3544490556774,88.0,6.0,0.0,3.0,0.0,34.0
2768.6544490556776,88.0,6.0,0.0,3.0,0.0,34.0
2768.6551308738594,88.0,6.0,0.0,3.0,0.0,34.0
2768.9551308738596,88.0,6.0,0.0,3.0,0.0,34.0
2768.9558126920415,88.0,6.0,0.0,3.0,0.0,34.0
2769.2558126920417,88.0,6.0,0.0,3.0,0.0,34.0
2769.2564945102235,88.0,6.0,0.0,3.0,0.0,34.0
2769.5564945102237,88.0,6.0,0.0,3.0,0.0,34.0
2769.5571763284056,88.0,6.0,0.0,3.0,0.0,34.0
2769.857176328406,88.0,6.0,0.0,3.0,0.0,34.0
2769.8578581465877,88.0,6.0,0.0,3.0,0.0,34.0
2770.157858146588,88.0,6.0,0.0,3.0,0.0,34.0
2770.1585399647697,88.0,6.0,0.0,3.0,0.0,34.0
2770.45853996477,88.0,6.0,0.0,3.0,0.0,34.0
2770.4592217829518,88.0,6.0,0.0,3.0,0.0,34.0
2770.759221782952,88.0,6.0,0.0,3.0,0.0,34.0
2770.759903601134,88.0,6.0,0.0,3.0,0.0,34.0
2771.059903601134,88.0,6.0,0.0,3.0,0.0,34.0
2771.060585419316,88.0,6.0,0.0,3.0,0.0,34.0
2771.360585419316,88.0,6.0,0.0,3.0,0.0,34.0
2771.361267237498,88.0,6.0,0.0,3.0,0.0,34.0
2771.661267237498,88.0,6.0,0.0,3.0,0.0,34.0
2771.66194905568,88.0,6.0,0.0,3.0,0.0,34.0
2771.96194905568,88.0,6.0,0.0,3.0,0.0,34.0
2771.962630873862,88.0,6.0,0.0,3.0,0.0,34.0
2772.2626308738622,88.0,6.0,0.0,3.0,0.0,34.0
2772.263312692044,88.0,6.0,0.0,3.0,0.0,34.0
2772.5633126920443,88.0,6.0,0.0,3.0,0.0,34.0
2772.563994510226,88.0,6.0,0.0,3.0,0.0,34.0
2772.8639945102263,88.0,6.0,0.0,3.0,0.0,34.0
2772.864676328408,88.0,6.0,0.0,3.0,0.0,34.0
2773.1646763284084,88.0,6.0,0.0,3.0,0.0,34.0
2773.1653581465903,88.0,6.0,0.0,3.0,0.0,34.0
2773.4653581465905,88.0,6.0,0.0,3.0,0.0,34.0
2773.4660399647723,88.0,6.0,0.0,3.0,0.0,34.0
2773.7660399647725,88.0,6.0,0.0,3.0,0.0,34.0
2773.7667217829544,88.0,6.0,0.0,3.0,0.0,34.0
2774.0667217829546,88.0,6.0,0.0,3.0,0.0,34.0
2774.0674036011364,88.0,6.0,0.0,3.0,0.0,34.0
2774.3674036011366,88.0,6.0,0.0,3.0,0.0,34.0
2774.3680854193185,88.0,6.0,0.0,3.0,0.0,34.0
2774.6680854193187,88.0,6.0,0.0,3.0,0.0,34.0
2774.6687672375006,88.0,6.0,0.0,3.0,0.0,34.0
2774.9687672375007,88.0,6.0,0.0,3.0,0.0,34.0
2774.9694490556826,88.0,6.0,0.0,3.0,0.0,34.0
2775.269449055683,88.0,6.0,0.0,3.0,0.0,34.0
2775.2701308738647,88.0,6.0,0.0,3.0,0.0,34.0
2775.570130873865,88.0,6.0,0.0,3.0,0.0,34.0
2775.5708126920467,88.0,6.0,0.0,3.0,0.0,34.0
2775.870812692047,88.0,6.0,0.0,3.0,0.0,34.0
2775.871494510229,88.0,6.0,0.0,3.0,0.0,34.0
2776.171494510229,88.0,6.0,0.0,3.0,0.0,34.0
2776.172176328411,88.0,6.0,0.0,3.0,0.0,34.0
2776.472176328411,88.0,6.0,0.0,3.0,0.0,34.0
2776.472858146593,88.0,6.0,0.0,3.0,0.0,34.0
2776.772858146593,88.0,6.0,0.0,3.0,0.0,34.0
2776.773539964775,88.0,6.0,0.0,3.0,0.0,34.0
2777.073539964775,88.0,6.0,0.0,3.0,0.0,34.0
2777.074221782957,88.0,6.0,0.0,3.0,0.0,34.0
2777.374221782957,88.0,6.0,0.0,3.0,0.0,34.0
2777.374903601139,88.0,6.0,0.0,3.0,0.0,34.0
2777.6749036011392,88.0,6.0,0.0,3.0,0.0,34.0
2777.675585419321,88.0,6.0,0.0,3.0,0.0,34.0
2777.9755854193213,88.0,6.0,0.0,3.0,0.0,34.0
2777.976267237503,89.0,6.0,0.0,3.0,0.0,34.0
2778.2762672375034,89.0,6.0,0.0,3.0,0.0,34.0
2778.2769413948067,89.0,6.0,0.0,3.0,0.0,34.0
2778.576941394807,89.0,6.0,0.0,3.0,0.0,34.0
2778.5776155521103,89.0,6.0,0.0,3.0,0.0,34.0
2778.8776155521105,89.0,6.0,0.0,3.0,0.0,34.0
2778.878289709414,89.0,6.0,0.0,3.0,0.0,34.0
2779.178289709414,89.0,6.0,0.0,3.0,0.0,34.0
2779.1789638667174,89.0,6.0,0.0,3.0,0.0,34.0
2779.4789638667175,89.0,6.0,0.0,3.0,0.0,34.0
2779.479638024021,89.0,6.0,0.0,3.0,0.0,34.0
2779.779638024021,89.0,6.0,0.0,3.0,0.0,34.0
2779.7803121813245,89.0,6.0,0.0,3.0,0.0,34.0
2780.0803121813246,89.0,6.0,0.0,3.0,0.0,34.0
2780.080986338628,89.0,6.0,0.0,3.0,0.0,34.0
2780.380986338628,89.0,6.0,0.0,3.0,0.0,34.0
2780.3816604959316,89.0,6.0,0.0,3.0,0.0,34.0
2780.6816604959317,89.0,6.0,0.0,3.0,0.0,34.0
2780.682334653235,89.0,6.0,0.0,3.0,0.0,34.0
2780.9823346532353,89.0,6.0,0.0,3.0,0.0,34.0
2780.9830088105386,89.0,6.0,0.0,3.0,0.0,34.0
2781.283008810539,89.0,6.0,0.0,3.0,0.0,34.0
2781.283682967842,89.0,6.0,0.0,3.0,0.0,34.0
2781.5836829678424,89.0,6.0,0.0,3.0,0.0,34.0
2781.5843571251457,89.0,6.0,0.0,3.0,0.0,34.0
2781.884357125146,89.0,6.0,0.0,3.0,0.0,34.0
2781.8850312824493,89.0,6.0,0.0,3.0,0.0,34.0
2782.1850312824495,89.0,6.0,0.0,3.0,0.0,34.0
2782.185705439753,89.0,6.0,0.0,3.0,0.0,34.0
2782.485705439753,89.0,6.0,0.0,3.0,0.0,34.0
2782.4863795970564,89.0,6.0,0.0,3.0,0.0,34.0
2782.7863795970566,89.0,6.0,0.0,3.0,0.0,34.0
2782.78705375436,89.0,6.0,0.0,3.0,0.0,34.0
2783.08705375436,89.0,6.0,0.0,3.0,0.0,34.0
2783.0877279116635,89.0,6.0,0.0,3.0,0.0,34.0
2783.3877279116637,89.0,6.0,0.0,3.0,0.0,34.0
2783.388402068967,89.0,6.0,0.0,3.0,0.0,34.0
2783.688402068967,89.0,6.0,0.0,3.0,0.0,34.0
2783.6890762262706,89.0,6.0,0.0,3.0,0.0,34.0
2783.9890762262708,89.0,6.0,0.0,3.0,0.0,34.0
2783.989750383574,89.0,6.0,0.0,3.0,0.0,34.0
2784.2897503835743,89.0,6.0,0.0,3.0,0.0,34.0
2784.2904245408777,89.0,6.0,0.0,3.0,0.0,34.0
2784.590424540878,89.0,6.0,0.0,3.0,0.0,34.0
2784.591098698181,89.0,6.0,0.0,3.0,0.0,34.0
2784.8910986981814,89.0,6.0,0.0,3.0,0.0,34.0
2784.8917728554848,89.0,6.0,0.0,3.0,0.0,34.0
2785.191772855485,89.0,6.0,0.0,3.0,0.0,34.0
2785.1924470127883,89.0,6.0,0.0,1.0,0.0,35.0
2785.4924470127885,89.0,6.0,0.0,1.0,0.0,35.0
2785.493121170092,89.0,6.0,0.0,1.0,0.0,35.0
2785.793121170092,89.0,6.0,0.0,1.0,0.0,35.0
2785.7937953273954,89.0,6.0,0.0,1.0,0.0,35.0
2786.0937953273956,89.0,6.0,0.0,1.0,0.0,35.0
2786.094469484699,89.0,6.0,0.0,1.0,0.0,35.0
2786.394469484699,89.0,6.0,0.0,1.0,0.0,35.0
2786.3951436420025,89.0,6.0,0.0,1.0,0.0,35.0
2786.6951436420027,89.0,6.0,0.0,1.0,0.0,35.0
2786.695817799306,89.0,6.0,0.0,1.0,0.0,35.0
2786.995817799306,89.0,6.0,0.0,1.0,0.0,35.0
2786.9964919566096,89.0,6.0,0.0,1.0,0.0,35.0
2787.2964919566098,89.0,6.0,0.0,1.0,0.0,35.0
2787.297166113913,89.0,6.0,0.0,1.0,0.0,35.0
2787.5971661139133,89.0,6.0,0.0,1.0,0.0,35.0
2787.5978402712167,89.0,6.0,0.0,1.0,0.0,35.0
2787.897840271217,89.0,6.0,0.0,1.0,0.0,35.0
2787.8985144285202,89.0,6.0,0.0,1.0,0.0,35.0
2788.1985144285204,89.0,6.0,0.0,1.0,0.0,35.0
2788.199188585824,89.0,6.0,0.0,1.0,0.0,35.0
2788.499188585824,89.0,6.0,0.0,1.0,0.0,35.0
2788.4998627431273,89.0,6.0,0.0,1.0,0.0,35.0
2788.7998627431275,89.0,6.0,0.0,1.0,0.0,35.0
2788.800536900431,89.0,6.0,0.0,1.0,0.0,35.0
2789.100536900431,89.0,6.0,0.0,1.0,0.0,35.0
2789.1012110577344,89.0,6.0,0.0,1.0,0.0,35.0
2789.4012110577346,89.0,6.0,0.0,1.0,0.0,35.0
2789.401885215038,89.0,6.0,0.0,1.0,0.0,35.0
2789.701885215038,89.0,6.0,0.0,1.0,0.0,35.0
2789.7025593723415,89.0,6.0,0.0,1.0,0.0,35.0
2790.0025593723417,89.0,6.0,0.0,1.0,0.0,35.0
2790.003233529645,89.0,6.0,0.0,1.0,0.0,35.0
2790.3032335296452,89.0,6.0,0.0,1.0,0.0,35.0
2790.3039076869486,89.0,6.0,0.0,1.0,0.0,35.0
2790.603907686949,89.0,6.0,0.0,1.0,0.0,35.0
2790.604581844252,89.0,6.0,0.0,1.0,0.0,35.0
2790.9045818442523,89.0,6.0,0.0,1.0,0.0,35.0
2790.9052560015557,89.0,6.0,0.0,1.0,0.0,35.0
2791.205256001556,89.0,6.0,0.0,1.0,0.0,35.0
2791.2059301588592,89.0,6.0,0.0,1.0,0.0,35.0
2791.5059301588594,89.0,6.0,0.0,1.0,0.0,35.0
2791.506604316163,89.0,6.0,0.0,1.0,0.0,35.0
2791.806604316163,89.0,6.0,0.0,1.0,0.0,35.0
2791.8072784734663,89.0,6.0,0.0,1.0,0.0,35.0
2792.1072784734665,89.0,6.0,0.0,1.0,0.0,35.0
2792.10795263077,89.0,6.0,0.0,1.0,0.0,35.0
2792.40795263077,89.0,6.0,0.0,1.0,0.0,35.0
2792.4086267880734,89.0,6.0,0.0,1.0,0.0,35.0
2792.7086267880736,89.0,6.0,0.0,1.0,0.0,35.0
2792.709300945377,88.0,6.0,0.0,1.0,0.0,35.0
2793.009300945377,88.0,6.0,0.0,1.0,0.0,35.0
2793.009982763559,88.0,6.0,0.0,1.0,0.0,35.0
2793.309982763559,88.0,6.0,0.0,1.0,0.0,35.0
2793.310664581741,88.0,6.0,0.0,1.0,0.0,35.0
2793.6106645817413,88.0,6.0,0.0,1.0,0.0,35.0
2793.611346399923,88.0,6.0,0.0,1.0,0.0,35.0
2793.9113463999233,88.0,6.0,0.0,1.0,0.0,35.0
2793.912028218105,88.0,6.0,0.0,1.0,0.0,35.0
2794.2120282181054,88.0,6.0,0.0,1.0,0.0,35.0
2794.2127100362873,88.0,6.0,0.0,1.0,0.0,35.0
2794.5127100362874,88.0,6.0,0.0,1.0,0.0,35.0
2794.5133918544693,88.0,6.0,0.0,1.0,0.0,35.0
2794.8133918544695,88.0,6.0,0.0,1.0,0.0,35.0
2794.8140736726514,88.0,6.0,0.0,1.0,0.0,35.0
2795.1140736726516,88.0,6.0,0.0,1.0,0.0,35.0
2795.1147554908334,88.0,6.0,0.0,1.0,0.0,35.0
2795.4147554908336,88.0,6.0,0.0,1.0,0.0,35.0
2795.4154373090155,88.0,6.0,0.0,1.0,0.0,35.0
2795.7154373090157,88.0,6.0,0.0,1.0,0.0,35.0
2795.7161191271975,88.0,6.0,0.0,1.0,0.0,35.0
2796.0161191271977,88.0,6.0,0.0,1.0,0.0,35.0
2796.0168009453796,88.0,6.0,0.0,1.0,0.0,35.0
2796.31680094538,88.0,6.0,0.0,1.0,0.0,35.0
2796.3174827635617,88.0,6.0,0.0,1.0,0.0,35.0
2796.617482763562,88.0,6.0,0.0,1.0,0.0,35.0
2796.6181645817437,88.0,6.0,0.0,1.0,0.0,35.0
2796.918164581744,88.0,6.0,0.0,1.0,0.0,35.0
2796.9188463999258,88.0,6.0,0.0,1.0,0.0,35.0
2797.218846399926,88.0,6.0,0.0,1.0,0.0,35.0
2797.219528218108,88.0,6.0,0.0,1.0,0.0,35.0
2797.519528218108,88.0,6.0,0.0,1.0,0.0,35.0
2797.52021003629,88.0,6.0,0.0,1.0,0.0,35.0
2797.82021003629,88.0,6.0,0.0,1.0,0.0,35.0
2797.820891854472,88.0,6.0,0.0,1.0,0.0,35.0
2798.120891854472,88.0,6.0,0.0,1.0,0.0,35.0
2798.121573672654,88.0,6.0,0.0,1.0,0.0,35.0
2798.421573672654,88.0,6.0,0.0,1.0,0.0,35.0
2798.422255490836,88.0,6.0,0.0,1.0,0.0,35.0
2798.7222554908362,88.0,6.0,0.0,1.0,0.0,35.0
2798.722937309018,88.0,6.0,0.0,1.0,0.0,35.0
2799.0229373090183,88.0,6.0,0.0,1.0,0.0,35.0
2799.0236191272,88.0,6.0,0.0,1.0,0.0,35.0
2799.3236191272003,88.0,6.0,0.0,1.0,0.0,35.0
2799.324300945382,88.0,6.0,0.0,1.0,0.0,35.0
2799.6243009453824,88.0,6.0,0.0,1.0,0.0,35.0
2799.6249827635643,88.0,6.0,0.0,1.0,0.0,35.0
2799.9249827635645,88.0,6.0,0.0,1.0,0.0,35.0
2799.9256645817463,88.0,6.0,0.0,1.0,0.0,35.0
2800.2256645817465,88.0,6.0,0.0,1.0,0.0,35.0
2800.2263463999284,88.0,6.0,0.0,1.0,0.0,35.0
2800.5263463999286,88.0,6.0,0.0,1.0,0.0,35.0
2800.5270282181104,88.0,6.0,0.0,1.0,0.0,35.0
2800.8270282181106,88.0,6.0,0.0,1.0,0.0,35.0
2800.8277100362925,88.0,6.0,0.0,1.0,0.0,35.0
2801.1277100362927,88.0,6.0,0.0,1.0,0.0,35.0
2801.1283918544746,88.0,6.0,0.0,1.0,0.0,35.0
2801.4283918544747,88.0,6.0,0.0,1.0,0.0,35.0
2801.4290736726566,88.0,6.0,0.0,1.0,0.0,35.0
2801.729073672657,88.0,6.0,0.0,1.0,0.0,35.0
2801.7297554908387,88.0,6.0,0.0,1.0,0.0,35.0
2802.029755490839,88.0,6.0,0.0,1.0,0.0,35.0
2802.0304373090207,88.0,6.0,0.0,1.0,0.0,35.0
2802.330437309021,88.0,6.0,0.0,1.0,0.0,35.0
2802.331119127203,88.0,6.0,0.0,1.0,0.0,35.0
2802.631119127203,88.0,6.0,0.0,1.0,0.0,35.0
2802.631800945385,88.0,6.0,0.0,1.0,0.0,35.0
2802.931800945385,88.0,6.0,0.0,1.0,0.0,35.0
2802.932482763567,88.0,6.0,0.0,1.0,0.0,35.0
2803.232482763567,88.0,6.0,0.0,1.0,0.0,35.0
2803.233164581749,88.0,6.0,0.0,1.0,0.0,35.0
2803.533164581749,88.0,6.0,0.0,1.0,0.0,35.0
2803.533846399931,88.0,6.0,0.0,1.0,0.0,35.0
2803.833846399931,88.0,6.0,0.0,1.0,0.0,35.0
2803.834528218113,88.0,6.0,0.0,1.0,0.0,35.0
2804.1345282181132,88.0,6.0,0.0,1.0,0.0,35.0
2804.135210036295,88.0,6.0,0.0,1.0,0.0,35.0
2804.4352100362953,88.0,6.0,0.0,1.0,0.0,35.0
2804.435891854477,88.0,6.0,0.0,1.0,0.0,35.0
2804.7358918544774,88.0,6.0,0.0,1.0,0.0,35.0
2804.7365736726592,88.0,6.0,0.0,1.0,0.0,35.0
2805.0365736726594,88.0,6.0,0.0,1.0,0.0,35.0
2805.0372554908413,88.0,6.0,0.0,1.0,0.0,35.0
2805.3372554908415,88.0,6.0,0.0,1.0,0.0,35.0
2805.3379373090233,88.0,6.0,0.0,1.0,0.0,35.0
2805.6379373090235,88.0,6.0,0.0,1.0,0.0,35.0
2805.6386191272054,88.0,6.0,0.0,1.0,0.0,35.0
2805.9386191272056,88.0,6.0,0.0,1.0,0.0,35.0
2805.9393009453875,88.0,6.0,0.0,1.0,0.0,35.0
2806.2393009453876,88.0,6.0,0.0,1.0,0.0,35.0
2806.2399827635695,88.0,6.0,0.0,1.0,0.0,35.0
2806.5399827635697,88.0,6.0,0.0,1.0,0.0,35.0
2806.5406645817516,88.0,6.0,0.0,1.0,0.0,35.0
2806.8406645817518,88.0,6.0,0.0,1.0,0.0,35.0
2806.8413463999336,88.0,6.0,0.0,1.0,0.0,35.0
2807.141346399934,88.0,6.0,0.0,1.0,0.0,35.0
2807.1420282181157,88.0,6.0,0.0,1.0,0.0,35.0
2807.442028218116,88.0,6.0,0.0,1.0,0.0,35.0
2807.4427100362977,89.0,6.0,0.0,1.0,0.0,35.0
2807.742710036298,89.0,6.0,0.0,1.0,0.0,35.0
2807.7433841936013,89.0,6.0,0.0,6.0,0.0,35.0
2808.0433841936015,89.0,6.0,0.0,6.0,0.0,35.0
2808.044058350905,89.0,6.0,0.0,6.0,0.0,35.0
2808.344058350905,89.0,6.0,0.0,6.0,0.0,35.0
2808.3447325082084,89.0,6.0,0.0,6.0,0.0,35.0
2808.6447325082086,89.0,6.0,0.0,6.0,0.0,35.0
2808.645406665512,89.0,6.0,0.0,6.0,0.0,35.0
2808.945406665512,89.0,6.0,0.0,6.0,0.0,35.0
2808.9460808228155,89.0,6.0,0.0,6.0,0.0,35.0
2809.2460808228157,89.0,6.0,0.0,6.0,0.0,35.0
2809.246754980119,89.0,6.0,0.0,6.0,0.0,35.0
2809.546754980119,89.0,6.0,0.0,6.0,0.0,35.0
2809.5474291374226,89.0,6.0,0.0,6.0,0.0,35.0
2809.8474291374228,89.0,6.0,0.0,6.0,0.0,35.0
2809.848103294726,89.0,6.0,0.0,6.0,0.0,35.0
2810.1481032947263,89.0,6.0,0.0,6.0,0.0,35.0
2810.1487774520297,89.0,6.0,0.0,6.0,0.0,35.0
2810.44877745203,89.0,6.0,0.0,6.0,0.0,35.0
2810.449451609333,89.0,6.0,0.0,6.0,0.0,35.0
2810.7494516093334,89.0,6.0,0.0,6.0,0.0,35.0
2810.7501257666368,89.0,6.0,0.0,6.0,0.0,35.0
2811.050125766637,89.0,6.0,0.0,6.0,0.0,35.0
2811.0507999239403,89.0,6.0,0.0,6.0,0.0,35.0
2811.3507999239405,89.0,6.0,0.0,6.0,0.0,35.0
2811.351474081244,89.0,6.0,0.0,6.0,0.0,35.0
2811.651474081244,89.0,6.0,0.0,6.0,0.0,35.0
2811.6521482385474,89.0,6.0,0.0,6.0,0.0,35.0
2811.9521482385476,89.0,6.0,0.0,6.0,0.0,35.0
2811.952822395851,89.0,6.0,0.0,6.0,0.0,35.0
2812.252822395851,89.0,6.0,0.0,6.0,0.0,35.0
2812.2534965531545,89.0,6.0,0.0,6.0,0.0,35.0
2812.5534965531547,89.0,6.0,0.0,6.0,0.0,35.0
2812.554170710458,89.0,6.0,0.0,6.0,0.0,35.0
2812.854170710458,89.0,6.0,0.0,6.0,0.0,35.0
2812.8548448677616,89.0,6.0,0.0,6.0,0.0,35.0
2813.1548448677618,89.0,6.0,0.0,6.0,0.0,35.0
2813.155519025065,89.0,6.0,0.0,6.0,0.0,35.0
2813.4555190250653,89.0,6.0,0.0,6.0,0.0,35.0
2813.4561931823687,89.0,6.0,0.0,6.0,0.0,35.0
2813.756193182369,89.0,6.0,0.0,6.0,0.0,35.0
2813.756867339672,89.0,6.0,0.0,6.0,0.0,35.0
2814.0568673396724,89.0,6.0,0.0,6.0,0.0,35.0
2814.057541496976,89.0,6.0,0.0,6.0,0.0,35.0
2814.357541496976,89.0,6.0,0.0,6.0,0.0,35.0
2814.3582156542793,89.0,6.0,0.0,6.0,0.0,35.0
2814.6582156542795,89.0,6.0,0.0,6.0,0.0,35.0
2814.658889811583,89.0,6.0,0.0,6.0,0.0,35.0
2814.958889811583,89.0,6.0,0.0,6.0,0.0,35.0
2814.9595639688864,89.0,6.0,0.0,6.0,0.0,35.0
2815.2595639688866,89.0,6.0,0.0,6.0,0.0,35.0
2815.26023812619,89.0,6.0,0.0,6.0,0.0,35.0
2815.56023812619,89.0,6.0,0.0,6.0,0.0,35.0
2815.5609122834935,89.0,6.0,0.0,6.0,0.0,35.0
2815.8609122834937,89.0,6.0,0.0,6.0,0.0,35.0
2815.861586440797,89.0,6.0,0.0,6.0,0.0,35.0
2816.1615864407972,89.0,6.0,0.0,6.0,0.0,35.0
2816.1622605981006,89.0,6.0,0.0,6.0,0.0,35.0
2816.462260598101,89.0,6.0,0.0,6.0,0.0,35.0
2816.462934755404,89.0,6.0,0.0,6.0,0.0,35.0
2816.7629347554043,89.0,6.0,0.0,6.0,0.0,35.0
2816.7636089127077,89.0,6.0,0.0,6.0,0.0,35.0
2817.063608912708,89.0,6.0,0.0,6.0,0.0,35.0
2817.0642830700112,89.0,6.0,0.0,6.0,0.0,35.0
2817.3642830700114,89.0,6.0,0.0,6.0,0.0,35.0
2817.364957227315,89.0,6.0,0.0,6.0,0.0,35.0
2817.664957227315,89.0,6.0,0.0,6.0,0.0,35.0
2817.6656313846183,89.0,6.0,0.0,6.0,0.0,35.0
2817.9656313846185,89.0,6.0,0.0,6.0,0.0,35.0
2817.966305541922,89.0,6.0,0.0,6.0,0.0,35.0
2818.266305541922,89.0,6.0,0.0,6.0,0.0,35.0
2818.2669796992254,89.0,6.0,0.0,6.0,0.0,35.0
2818.5669796992256,89.0,6.0,0.0,6.0,0.0,35.0
2818.567653856529,89.0,6.0,0.0,6.0,0.0,35.0
2818.867653856529,89.0,6.0,0.0,6.0,0.0,35.0
2818.8683280138325,89.0,6.0,0.0,6.0,0.0,35.0
2819.1683280138327,89.0,6.0,0.0,6.0,0.0,35.0
2819.169002171136,89.0,6.0,0.0,6.0,0.0,35.0
2819.4690021711363,89.0,6.0,0.0,6.0,0.0,35.0
2819.4696763284396,89.0,6.0,0.0,4.0,0.0,36.0
2819.76967632844,89.0,6.0,0.0,4.0,0.0,36.0
2819.770350485743,89.0,6.0,0.0,4.0,0.0,36.0
2820.0703504857433,89.0,6.0,0.0,4.0,0.0,36.0
2820.0710246430467,89.0,6.0,0.0,4.0,0.0,36.0
2820.371024643047,89.0,6.0,0.0,4.0,0.0,36.0
2820.3716988003503,89.0,6.0,0.0,4.0,0.0,36.0
2820.6716988003504,89.0,6.0,0.0,4.0,0.0,36.0
2820.672372957654,89.0,6.0,0.0,4.0,0.0,36.0
2820.972372957654,89.0,6.0,0.0,4.0,0.0,36.0
2820.9730471149574,89.0,6.0,0.0,4.0,0.0,36.0
2821.2730471149575,89.0,6.0,0.0,4.0,0.0,36.0
2821.273721272261,89.0,6.0,0.0,4.0,0.0,36.0
2821.573721272261,89.0,6.0,0.0,4.0,0.0,36.0
2821.5743954295644,89.0,6.0,0.0,4.0,0.0,36.0
2821.8743954295646,89.0,6.0,0.0,4.0,0.0,36.0
2821.875069586868,89.0,6.0,0.0,4.0,0.0,36.0
2822.175069586868,89.0,6.0,0.0,4.0,0.0,36.0
2822.1757437441715,89.0,6.0,0.0,4.0,0.0,36.0
2822.4757437441717,89.0,6.0,0.0,4.0,0.0,36.0
2822.476417901475,89.0,6.0,0.0,4.0,0.0,36.0
2822.7764179014753,89.0,6.0,0.0,4.0,0.0,36.0
2822.7770920587786,89.0,6.0,0.0,4.0,0.0,36.0
2823.077092058779,89.0,6.0,0.0,4.0,0.0,36.0
2823.077766216082,89.0,6.0,0.0,4.0,0.0,36.0
2823.3777662160824,89.0,6.0,0.0,4.0,0.0,36.0
2823.3784403733857,89.0,6.0,0.0,4.0,0.0,36.0
2823.678440373386,89.0,6.0,0.0,4.0,0.0,36.0
2823.6791145306893,89.0,6.0,0.0,4.0,0.0,36.0
2823.9791145306895,89.0,6.0,0.0,4.0,0.0,36.0
2823.979788687993,89.0,6.0,0.0,4.0,0.0,36.0
2824.279788687993,89.0,6.0,0.0,4.0,0.0,36.0
2824.2804628452964,89.0,6.0,0.0,4.0,0.0,36.0
2824.5804628452966,89.0,6.0,0.0,4.0,0.0,36.0
2824.5811370026,89.0,6.0,0.0,4.0,0.0,36.0
2824.8811370026,89.0,6.0,0.0,4.0,0.0,36.0
2824.8818111599035,89.0,6.0,0.0,4.0,0.0,36.0
2825.1818111599036,89.0,6.0,0.0,4.0,0.0,36.0
2825.182485317207,89.0,6.0,0.0,4.0,0.0,36.0
2825.482485317207,89.0,6.0,0.0,4.0,0.0,36.0
2825.4831594745106,89.0,6.0,0.0,4.0,0.0,36.0
2825.7831594745107,89.0,6.0,0.0,4.0,0.0,36.0
2825.783833631814,89.0,6.0,0.0,4.0,0.0,36.0
2826.0838336318143,89.0,6.0,0.0,4.0,0.0,36.0
2826.0845077891177,89.0,6.0,0.0,4.0,0.0,36.0
2826.384507789118,89.0,6.0,0.0,4.0,0.0,36.0
2826.385181946421,89.0,6.0,0.0,4.0,0.0,36.0
2826.6851819464214,89.0,6.0,0.0,4.0,0.0,36.0
2826.6858561037247,89.0,6.0,0.0,4.0,0.0,36.0
2826.985856103725,89.0,6.0,0.0,4.0,0.0,36.0
2826.9865302610283,89.0,6.0,0.0,4.0,0.0,36.0
2827.2865302610285,89.0,6.0,0.0,4.0,0.0,36.0
2827.287204418332,89.0,6.0,0.0,4.0,0.0,36.0
2827.587204418332,89.0,6.0,0.0,4.0,0.0,36.0
2827.5878785756354,89.0,6.0,0.0,4.0,0.0,36.0
2827.8878785756356,89.0,6.0,0.0,4.0,0.0,36.0
2827.888552732939,89.0,6.0,0.0,4.0,0.0,36.0
2828.188552732939,89.0,6.0,0.0,4.0,0.0,36.0
2828.1892268902425,89.0,6.0,0.0,4.0,0.0,36.0
2828.4892268902427,89.0,6.0,0.0,4.0,0.0,36.0
2828.489901047546,89.0,6.0,0.0,4.0,0.0,36.0
2828.789901047546,89.0,6.0,0.0,4.0,0.0,36.0
2828.7905752048496,89.0,6.0,0.0,4.0,0.0,36.0
2829.0905752048498,89.0,6.0,0.0,4.0,0.0,36.0
2829.091249362153,89.0,6.0,0.0,4.0,0.0,36.0
2829.3912493621533,89.0,6.0,0.0,4.0,0.0,36.0
2829.3919235194567,89.0,6.0,0.0,4.0,0.0,36.0
2829.691923519457,89.0,6.0,0.0,4.0,0.0,36.0
2829.69259767676,89.0,6.0,0.0,4.0,0.0,36.0
2829.9925976767604,89.0,6.0,0.0,4.0,0.0,36.0
2829.9932718340638,89.0,6.0,0.0,4.0,0.0,36.0
2830.293271834064,89.0,6.0,0.0,4.0,0.0,36.0
2830.2939459913673,89.0,6.0,0.0,4.0,0.0,36.0
2830.5939459913675,89.0,6.0,0.0,4.0,0.0,36.0
2830.594620148671,89.0,6.0,0.0,4.0,0.0,36.0
2830.894620148671,89.0,6.0,0.0,4.0,0.0,36.0
2830.8952943059744,89.0,6.0,0.0,4.0,0.0,36.0
2831.1952943059746,89.0,6.0,0.0,4.0,0.0,36.0
2831.195968463278,89.0,6.0,0.0,4.0,0.0,36.0
2831.495968463278,89.0,6.0,0.0,4.0,0.0,36.0
2831.4966426205815,89.0,6.0,0.0,4.0,0.0,36.0
2831.7966426205817,89.0,6.0,0.0,4.0,0.0,36.0
2831.797316777885,89.0,6.0,0.0,4.0,0.0,36.0
2832.097316777885,89.0,6.0,0.0,4.0,0.0,36.0
2832.0979909351886,90.0,6.0,0.0,4.0,0.0,36.0
2832.397990935189,90.0,6.0,0.0,4.0,0.0,36.0
2832.3986576018556,90.0,6.0,0.0,4.0,0.0,36.0
2832.6986576018558,90.0,6.0,0.0,4.0,0.0,36.0
2832.6993242685226,90.0,6.0,0.0,4.0,0.0,36.0
2832.9993242685227,90.0,6.0,0.0,4.0,0.0,36.0
2832.9999909351895,90.0,6.0,0.0,4.0,0.0,36.0
2833.2999909351897,90.0,6.0,0.0,4.0,0.0,36.0
2833.3006576018565,90.0,6.0,0.0,4.0,0.0,36.0
2833.6006576018567,90.0,6.0,0.0,4.0,0.0,36.0
2833.6013242685235,90.0,6.0,0.0,4.0,0.0,36.0
2833.9013242685237,90.0,6.0,0.0,4.0,0.0,36.0
2833.9019909351905,90.0,6.0,0.0,4.0,0.0,36.0
2834.2019909351907,90.0,6.0,0.0,4.0,0.0,36.0
2834.2026576018575,90.0,6.0,0.0,4.0,0.0,36.0
2834.5026576018577,90.0,6.0,0.0,4.0,0.0,36.0
2834.5033242685245,90.0,6.0,0.0,4.0,0.0,36.0
2834.8033242685246,90.0,6.0,0.0,4.0,0.0,36.0
2834.8039909351915,90.0,6.0,0.0,4.0,0.0,36.0
2835.1039909351916,90.0,6.0,0.0,4.0,0.0,36.0
2835.1046576018584,90.0,6.0,0.0,4.0,0.0,36.0
2835.4046576018586,90.0,6.0,0.0,4.0,0.0,36.0
2835.4053242685254,90.0,6.0,0.0,4.0,0.0,36.0
2835.7053242685256,90.0,6.0,0.0,4.0,0.0,36.0
2835.7059909351924,90.0,6.0,0.0,4.0,0.0,36.0
2836.0059909351926,90.0,6.0,0.0,4.0,0.0,36.0
2836.0066576018594,90.0,6.0,0.0,4.0,0.0,36.0
2836.3066576018596,90.0,6.0,0.0,4.0,0.0,36.0
2836.3073242685264,90.0,6.0,0.0,4.0,0.0,36.0
2836.6073242685266,90.0,6.0,0.0,4.0,0.0,36.0
2836.6079909351934,90.0,6.0,0.0,4.0,0.0,36.0
2836.9079909351935,90.0,6.0,0.0,4.0,0.0,36.0
2836.9086576018603,90.0,6.0,0.0,4.0,0.0,36.0
2837.2086576018605,90.0,6.0,0.0,4.0,0.0,36.0
2837.2093242685273,90.0,6.0,0.0,4.0,0.0,36.0
2837.5093242685275,90.0,6.0,0.0,4.0,0.0,36.0
2837.5099909351943,90.0,6.0,0.0,4.0,0.0,36.0
2837.8099909351945,90.0,6.0,0.0,4.0,0.0,36.0
2837.8106576018613,90.0,6.0,0.0,4.0,0.0,36.0
2838.1106576018615,90.0,6.0,0.0,4.0,0.0,36.0
2838.1113242685283,90.0,6.0,0.0,4.0,0.0,36.0
2838.4113242685285,90.0,6.0,0.0,4.0,0.0,36.0
2838.4119909351953,90.0,6.0,0.0,4.0,0.0,36.0
2838.7119909351954,90.0,6.0,0.0,4.0,0.0,36.0
2838.7126576018622,90.0,6.0,0.0,4.0,0.0,36.0
2839.0126576018624,90.0,6.0,0.0,4.0,0.0,36.0
2839.0133242685292,90.0,6.0,0.0,4.0,0.0,36.0
2839.3133242685294,90.0,6.0,0.0,4.0,0.0,36.0
2839.313990935196,90.0,6.0,0.0,4.0,0.0,36.0
2839.6139909351964,90.0,6.0,0.0,4.0,0.0,36.0
2839.614657601863,90.0,6.0,0.0,4.0,0.0,36.0
2839.9146576018634,90.0,6.0,0.0,4.0,0.0,36.0
2839.91532426853,90.0,6.0,0.0,4.0,0.0,36.0
2840.2153242685304,90.0,6.0,0.0,4.0,0.0,36.0
2840.215990935197,90.0,6.0,0.0,4.0,0.0,36.0
2840.5159909351974,90.0,6.0,0.0,4.0,0.0,36.0
2840.516657601864,90.0,6.0,0.0,4.0,0.0,36.0
2840.8166576018643,90.0,6.0,0.0,4.0,0.0,36.0
2840.817324268531,90.0,6.0,0.0,4.0,0.0,36.0
2841.1173242685313,90.0,6.0,0.0,4.0,0.0,36.0
2841.117990935198,90.0,6.0,0.0,4.0,0.0,36.0
2841.4179909351983,90.0,6.0,0.0,4.0,0.0,36.0
2841.418657601865,90.0,6.0,0.0,4.0,0.0,36.0
2841.7186576018653,90.0,6.0,0.0,4.0,0.0,36.0
2841.719324268532,90.0,6.0,0.0,4.0,0.0,36.0
2842.0193242685323,90.0,6.0,0.0,4.0,0.0,36.0
2842.019990935199,90.0,6.0,0.0,4.0,0.0,36.0
2842.3199909351993,90.0,6.0,0.0,4.0,0.0,36.0
2842.320657601866,90.0,6.0,0.0,4.0,0.0,36.0
2842.6206576018662,90.0,6.0,0.0,4.0,0.0,36.0
2842.621324268533,90.0,6.0,0.0,4.0,0.0,36.0
2842.921324268533,90.0,6.0,0.0,4.0,0.0,36.0
2842.9219909352,90.0,6.0,0.0,4.0,0.0,36.0
2843.2219909352,90.0,6.0,0.0,4.0,0.0,36.0
2843.222657601867,90.0,6.0,0.0,4.0,0.0,36.0
2843.522657601867,90.0,6.0,0.0,4.0,0.0,36.0
2843.523324268534,90.0,6.0,0.0,4.0,0.0,36.0
2843.823324268534,90.0,6.0,0.0,4.0,0.0,36.0
2843.823990935201,90.0,6.0,0.0,4.0,0.0,36.0
2844.123990935201,90.0,6.0,0.0,4.0,0.0,36.0
2844.124657601868,90.0,6.0,0.0,4.0,0.0,36.0
2844.424657601868,90.0,6.0,0.0,4.0,0.0,36.0
2844.425324268535,90.0,6.0,0.0,4.0,0.0,36.0
2844.725324268535,90.0,6.0,0.0,4.0,0.0,36.0
2844.725990935202,90.0,6.0,0.0,4.0,0.0,36.0
2845.025990935202,90.0,6.0,0.0,4.0,0.0,36.0
2845.026657601869,90.0,6.0,0.0,4.0,0.0,36.0
2845.326657601869,90.0,6.0,0.0,4.0,0.0,36.0
2845.327324268536,90.0,6.0,0.0,4.0,0.0,36.0
2845.627324268536,90.0,6.0,0.0,4.0,0.0,36.0
2845.627990935203,90.0,6.0,0.0,4.0,0.0,36.0
2845.927990935203,90.0,6.0,0.0,4.0,0.0,36.0
2845.92865760187,90.0,6.0,0.0,4.0,0.0,36.0
2846.22865760187,90.0,6.0,0.0,4.0,0.0,36.0
2846.229324268537,90.0,6.0,0.0,4.0,0.0,36.0
2846.529324268537,90.0,6.0,0.0,4.0,0.0,36.0
2846.529990935204,90.0,6.0,0.0,4.0,0.0,36.0
2846.829990935204,90.0,6.0,0.0,4.0,0.0,36.0
2846.830657601871,90.0,6.0,0.0,4.0,0.0,36.0
2847.130657601871,90.0,6.0,0.0,4.0,0.0,36.0
2847.131324268538,90.0,6.0,0.0,4.0,0.0,36.0
2847.431324268538,90.0,6.0,0.0,4.0,0.0,36.0
2847.431990935205,90.0,6.0,0.0,4.0,0.0,36.0
2847.731990935205,90.0,6.0,0.0,4.0,0.0,36.0
2847.732657601872,90.0,6.0,0.0,4.0,0.0,36.0
2848.032657601872,90.0,6.0,0.0,4.0,0.0,36.0
2848.0333242685388,90.0,6.0,0.0,4.0,0.0,36.0
2848.333324268539,90.0,6.0,0.0,4.0,0.0,36.0
2848.3339909352057,90.0,6.0,0.0,4.0,0.0,36.0
2848.633990935206,90.0,6.0,0.0,4.0,0.0,36.0
2848.6346576018727,90.0,6.0,0.0,4.0,0.0,36.0
2848.934657601873,90.0,6.0,0.0,4.0,0.0,36.0
2848.9353242685397,90.0,6.0,0.0,4.0,0.0,36.0
2849.23532426854,90.0,6.0,0.0,4.0,0.0,36.0
2849.2359909352067,90.0,6.0,0.0,4.0,0.0,36.0
2849.535990935207,90.0,6.0,0.0,4.0,0.0,36.0
2849.5366576018737,90.0,6.0,0.0,4.0,0.0,36.0
2849.836657601874,90.0,6.0,0.0,4.0,0.0,36.0
2849.8373242685407,90.0,6.0,0.0,4.0,0.0,36.0
2850.137324268541,90.0,6.0,0.0,4.0,0.0,36.0
2850.1379909352077,90.0,6.0,0.0,4.0,0.0,36.0
2850.437990935208,90.0,6.0,0.0,4.0,0.0,36.0
2850.4386576018746,90.0,6.0,0.0,4.0,0.0,36.0
2850.738657601875,90.0,6.0,0.0,4.0,0.0,36.0
2850.7393242685416,90.0,6.0,0.0,4.0,0.0,36.0
2851.039324268542,90.0,6.0,0.0,4.0,0.0,36.0
2851.0399909352086,90.0,6.0,0.0,4.0,0.0,36.0
2851.339990935209,90.0,6.0,0.0,4.0,0.0,36.0
2851.3406576018756,90.0,6.0,0.0,4.0,0.0,36.0
2851.640657601876,90.0,6.0,0.0,4.0,0.0,36.0
2851.6413242685426,90.0,6.0,0.0,4.0,0.0,36.0
2851.9413242685428,90.0,6.0,0.0,4.0,0.0,36.0
2851.9419909352096,90.0,6.0,0.0,4.0,0.0,36.0
2852.2419909352097,90.0,6.0,0.0,4.0,0.0,36.0
2852.2426576018765,90.0,6.0,0.0,4.0,0.0,36.0
2852.5426576018767,90.0,6.0,0.0,4.0,0.0,36.0
2852.5433242685435,90.0,6.0,0.0,4.0,0.0,36.0
2852.8433242685437,90.0,6.0,0.0,4.0,0.0,36.0
2852.8439909352105,90.0,6.0,0.0,4.0,0.0,36.0
2853.1439909352107,90.0,6.0,0.0,4.0,0.0,36.0
2853.1446576018775,90.0,6.0,0.0,4.0,0.0,36.0
2853.4446576018777,90.0,6.0,0.0,4.0,0.0,36.0
2853.4453242685445,90.0,6.0,0.0,4.0,0.0,36.0
2853.7453242685447,90.0,6.0,0.0,4.0,0.0,36.0
2853.7459909352115,90.0,6.0,0.0,4.0,0.0,36.0
2854.0459909352116,90.0,6.0,0.0,4.0,0.0,36.0
2854.0466576018785,90.0,6.0,0.0,4.0,0.0,36.0
2854.3466576018786,90.0,6.0,0.0,4.0,0.0,36.0
2854.3473242685454,90.0,6.0,0.0,4.0,0.0,36.0
2854.6473242685456,90.0,6.0,0.0,4.0,0.0,36.0
2854.6479909352124,90.0,6.0,0.0,4.0,0.0,36.0
2854.9479909352126,90.0,6.0,0.0,4.0,0.0,36.0
2854.9486576018794,90.0,6.0,0.0,4.0,0.0,36.0
2855.2486576018796,90.0,6.0,0.0,4.0,0.0,36.0
2855.2493242685464,90.0,6.0,0.0,4.0,0.0,36.0
2855.5493242685466,90.0,6.0,0.0,4.0,0.0,36.0
2855.5499909352134,90.0,6.0,0.0,4.0,0.0,36.0
2855.8499909352136,90.0,6.0,0.0,4.0,0.0,36.0
2855.8506576018804,90.0,6.0,0.0,4.0,0.0,36.0
2856.1506576018805,90.0,6.0,0.0,4.0,0.0,36.0
2856.1513242685473,90.0,6.0,0.0,4.0,0.0,36.0
2856.4513242685475,90.0,6.0,0.0,4.0,0.0,36.0
2856.4519909352143,90.0,6.0,0.0,4.0,0.0,36.0
2856.7519909352145,90.0,6.0,0.0,4.0,0.0,36.0
2856.7526576018813,90.0,6.0,0.0,4.0,0.0,36.0
2857.0526576018815,90.0,6.0,0.0,4.0,0.0,36.0
2857.0533242685483,90.0,6.0,0.0,2.0,0.0,37.0
2857.3533242685485,90.0,6.0,0.0,2.0,0.0,37.0
2857.3539909352153,89.0,6.0,0.0,2.0,0.0,37.0
2857.6539909352155,89.0,6.0,0.0,2.0,0.0,37.0
2857.654665092519,89.0,6.0,0.0,2.0,0.0,37.0
2857.954665092519,89.0,6.0,0.0,2.0,0.0,37.0
2857.9553392498224,89.0,6.0,0.0,2.0,0.0,37.0
2858.2553392498226,89.0,6.0,0.0,2.0,0.0,37.0
2858.256013407126,89.0,6.0,0.0,2.0,0.0,37.0
2858.556013407126,89.0,6.0,0.0,2.0,0.0,37.0
2858.5566875644295,89.0,6.0,0.0,2.0,0.0,37.0
2858.8566875644296,89.0,6.0,0.0,2.0,0.0,37.0
2858.857361721733,89.0,6.0,0.0,2.0,0.0,37.0
2859.157361721733,89.0,6.0,0.0,2.0,0.0,37.0
2859.1580358790366,89.0,6.0,0.0,2.0,0.0,37.0
2859.4580358790367,89.0,6.0,0.0,2.0,0.0,37.0
2859.45871003634,89.0,6.0,0.0,2.0,0.0,37.0
2859.7587100363403,89.0,6.0,0.0,2.0,0.0,37.0
2859.7593841936437,89.0,6.0,0.0,2.0,0.0,37.0
2860.059384193644,89.0,6.0,0.0,2.0,0.0,37.0
2860.060058350947,89.0,6.0,0.0,2.0,0.0,37.0
2860.3600583509474,89.0,6.0,0.0,2.0,0.0,37.0
2860.3607325082507,89.0,6.0,0.0,2.0,0.0,37.0
2860.660732508251,89.0,6.0,0.0,2.0,0.0,37.0
2860.6614066655543,89.0,6.0,0.0,2.0,0.0,37.0
2860.9614066655545,89.0,6.0,0.0,2.0,0.0,37.0
2860.962080822858,89.0,6.0,0.0,2.0,0.0,37.0
2861.262080822858,89.0,6.0,0.0,2.0,0.0,37.0
2861.2627549801614,89.0,6.0,0.0,2.0,0.0,37.0
2861.5627549801616,89.0,6.0,0.0,2.0,0.0,37.0
2861.563429137465,89.0,6.0,0.0,2.0,0.0,37.0
2861.863429137465,89.0,6.0,0.0,2.0,0.0,37.0
2861.8641032947685,89.0,6.0,0.0,2.0,0.0,37.0
2862.1641032947687,89.0,6.0,0.0,2.0,0.0,37.0
2862.164777452072,89.0,6.0,0.0,2.0,0.0,37.0
2862.464777452072,89.0,6.0,0.0,2.0,0.0,37.0
2862.4654516093756,89.0,6.0,0.0,2.0,0.0,37.0
2862.7654516093758,89.0,6.0,0.0,2.0,0.0,37.0
2862.766125766679,89.0,6.0,0.0,2.0,0.0,37.0
2863.0661257666793,89.0,6.0,0.0,2.0,0.0,37.0
2863.0667999239827,89.0,6.0,0.0,2.0,0.0,37.0
2863.366799923983,89.0,6.0,0.0,2.0,0.0,37.0
2863.367474081286,89.0,6.0,0.0,2.0,0.0,37.0
2863.6674740812864,89.0,6.0,0.0,2.0,0.0,37.0
2863.6681482385898,89.0,6.0,0.0,2.0,0.0,37.0
2863.96814823859,89.0,6.0,0.0,2.0,0.0,37.0
2863.9688223958933,89.0,6.0,0.0,2.0,0.0,37.0
2864.2688223958935,89.0,6.0,0.0,2.0,0.0,37.0
2864.269496553197,89.0,6.0,0.0,2.0,0.0,37.0
2864.569496553197,89.0,6.0,0.0,2.0,0.0,37.0
2864.5701707105004,89.0,6.0,0.0,2.0,0.0,37.0
2864.8701707105006,89.0,6.0,0.0,2.0,0.0,37.0
2864.870844867804,89.0,6.0,0.0,2.0,0.0,37.0
2865.170844867804,89.0,6.0,0.0,2.0,0.0,37.0
2865.1715190251075,89.0,6.0,0.0,2.0,0.0,37.0
2865.4715190251077,89.0,6.0,0.0,2.0,0.0,37.0
2865.472193182411,89.0,6.0,0.0,2.0,0.0,37.0
2865.7721931824112,89.0,6.0,0.0,2.0,0.0,37.0
2865.7728673397146,89.0,6.0,0.0,2.0,0.0,37.0
2866.072867339715,89.0,6.0,0.0,2.0,0.0,37.0
2866.073541497018,89.0,6.0,0.0,2.0,0.0,37.0
2866.3735414970183,89.0,6.0,0.0,2.0,0.0,37.0
2866.3742156543217,89.0,6.0,0.0,2.0,0.0,37.0
2866.674215654322,89.0,6.0,0.0,2.0,0.0,37.0
2866.6748898116252,89.0,6.0,0.0,2.0,0.0,37.0
2866.9748898116254,89.0,6.0,0.0,2.0,0.0,37.0
2866.975563968929,89.0,6.0,0.0,2.0,0.0,37.0
2867.275563968929,89.0,6.0,0.0,2.0,0.0,37.0
2867.2762381262323,89.0,6.0,0.0,7.0,0.0,37.0
2867.5762381262325,89.0,6.0,0.0,7.0,0.0,37.0
2867.576912283536,89.0,6.0,0.0,7.0,0.0,37.0
2867.876912283536,89.0,6.0,0.0,7.0,0.0,37.0
2867.8775864408394,89.0,6.0,0.0,7.0,0.0,37.0
2868.1775864408396,89.0,6.0,0.0,7.0,0.0,37.0
2868.178260598143,89.0,6.0,0.0,7.0,0.0,37.0
2868.478260598143,89.0,6.0,0.0,7.0,0.0,37.0
2868.4789347554465,89.0,6.0,0.0,7.0,0.0,37.0
2868.7789347554467,89.0,6.0,0.0,7.0,0.0,37.0
2868.77960891275,89.0,6.0,0.0,7.0,0.0,37.0
2869.0796089127502,89.0,6.0,0.0,7.0,0.0,37.0
2869.0802830700536,89.0,6.0,0.0,7.0,0.0,37.0
2869.380283070054,89.0,6.0,0.0,7.0,0.0,37.0
2869.380957227357,89.0,6.0,0.0,7.0,0.0,37.0
2869.6809572273573,89.0,6.0,0.0,7.0,0.0,37.0
2869.6816313846607,89.0,6.0,0.0,7.0,0.0,37.0
2869.981631384661,89.0,6.0,0.0,7.0,0.0,37.0
2869.9823055419643,89.0,6.0,0.0,7.0,0.0,37.0
2870.2823055419644,89.0,6.0,0.0,7.0,0.0,37.0
2870.282979699268,89.0,6.0,0.0,7.0,0.0,37.0
2870.582979699268,89.0,6.0,0.0,7.0,0.0,37.0
2870.5836538565713,89.0,6.0,0.0,7.0,0.0,37.0
2870.8836538565715,89.0,6.0,0.0,7.0,0.0,37.0
2870.884328013875,89.0,6.0,0.0,7.0,0.0,37.0
2871.184328013875,89.0,6.0,0.0,7.0,0.0,37.0
2871.1850021711784,89.0,6.0,0.0,7.0,0.0,37.0
2871.4850021711786,89.0,6.0,0.0,7.0,0.0,37.0
2871.485676328482,89.0,6.0,0.0,7.0,0.0,37.0
2871.785676328482,89.0,6.0,0.0,7.0,0.0,37.0
2871.7863504857855,89.0,6.0,0.0,7.0,0.0,37.0
2872.0863504857857,89.0,6.0,0.0,7.0,0.0,37.0
2872.087024643089,89.0,6.0,0.0,7.0,0.0,37.0
2872.3870246430893,89.0,6.0,0.0,7.0,0.0,37.0
2872.3876988003926,89.0,6.0,0.0,7.0,0.0,37.0
2872.687698800393,89.0,6.0,0.0,7.0,0.0,37.0
2872.688372957696,89.0,6.0,0.0,7.0,0.0,37.0
2872.9883729576964,89.0,6.0,0.0,7.0,0.0,37.0
2872.9890471149997,89.0,6.0,0.0,7.0,0.0,37.0
2873.289047115,89.0,6.0,0.0,7.0,0.0,37.0
2873.2897212723033,89.0,6.0,0.0,7.0,0.0,37.0
2873.5897212723034,89.0,6.0,0.0,7.0,0.0,37.0
2873.590395429607,89.0,6.0,0.0,7.0,0.0,37.0
2873.890395429607,89.0,6.0,0.0,7.0,0.0,37.0
2873.8910695869104,89.0,6.0,0.0,7.0,0.0,37.0
2874.1910695869105,89.0,6.0,0.0,7.0,0.0,37.0
2874.191743744214,89.0,6.0,0.0,7.0,0.0,37.0
2874.491743744214,89.0,6.0,0.0,7.0,0.0,37.0
2874.4924179015175,89.0,6.0,0.0,7.0,0.0,37.0
2874.7924179015176,89.0,6.0,0.0,7.0,0.0,37.0
2874.793092058821,89.0,6.0,0.0,7.0,0.0,37.0
2875.093092058821,89.0,6.0,0.0,7.0,0.0,37.0
2875.0937662161245,89.0,6.0,0.0,7.0,0.0,37.0
2875.3937662161247,89.0,6.0,0.0,7.0,0.0,37.0
2875.394440373428,89.0,6.0,0.0,7.0,0.0,37.0
2875.6944403734283,89.0,6.0,0.0,7.0,0.0,37.0
2875.6951145307316,89.0,6.0,0.0,7.0,0.0,37.0
2875.995114530732,89.0,6.0,0.0,7.0,0.0,37.0
2875.995788688035,89.0,6.0,0.0,7.0,0.0,37.0
2876.2957886880354,89.0,6.0,0.0,7.0,0.0,37.0
2876.2964628453387,89.0,6.0,0.0,7.0,0.0,37.0
2876.596462845339,89.0,6.0,0.0,7.0,0.0,37.0
2876.5971370026423,89.0,6.0,0.0,7.0,0.0,37.0
2876.8971370026425,89.0,6.0,0.0,7.0,0.0,37.0
2876.897811159946,89.0,6.0,0.0,7.0,0.0,37.0
2877.197811159946,89.0,6.0,0.0,7.0,0.0,37.0
2877.1984853172494,89.0,6.0,0.0,7.0,0.0,37.0
2877.4984853172496,89.0,6.0,0.0,7.0,0.0,37.0
2877.499159474553,89.0,6.0,0.0,7.0,0.0,37.0
2877.799159474553,89.0,6.0,0.0,7.0,0.0,37.0
2877.7998336318565,89.0,6.0,0.0,7.0,0.0,37.0
2878.0998336318567,89.0,6.0,0.0,7.0,0.0,37.0
2878.10050778916,89.0,6.0,0.0,7.0,0.0,37.0
2878.40050778916,89.0,6.0,0.0,7.0,0.0,37.0
2878.4011819464636,89.0,6.0,0.0,7.0,0.0,37.0
2878.7011819464637,89.0,6.0,0.0,7.0,0.0,37.0
2878.701856103767,89.0,6.0,0.0,7.0,0.0,37.0
2879.0018561037673,89.0,6.0,0.0,7.0,0.0,37.0
2879.0025302610707,89.0,6.0,0.0,5.0,0.0,38.0
2879.302530261071,89.0,6.0,0.0,5.0,0.0,38.0
2879.303204418374,89.0,6.0,0.0,5.0,0.0,38.0
2879.6032044183744,89.0,6.0,0.0,5.0,0.0,38.0
2879.6038785756778,89.0,6.0,0.0,5.0,0.0,38.0
2879.903878575678,89.0,6.0,0.0,5.0,0.0,38.0
2879.9045527329813,89.0,6.0,0.0,5.0,0.0,38.0
2880.2045527329815,89.0,6.0,0.0,5.0,0.0,38.0
2880.205226890285,89.0,6.0,0.0,5.0,0.0,38.0
2880.505226890285,89.0,6.0,0.0,5.0,0.0,38.0
2880.5059010475884,89.0,6.0,0.0,5.0,0.0,38.0
2880.8059010475886,89.0,6.0,0.0,5.0,0.0,38.0
2880.806575204892,89.0,6.0,0.0,5.0,0.0,38.0
2881.106575204892,89.0,6.0,0.0,5.0,0.0,38.0
2881.1072493621955,89.0,6.0,0.0,5.0,0.0,38.0
2881.4072493621957,89.0,6.0,0.0,5.0,0.0,38.0
2881.407923519499,89.0,6.0,0.0,5.0,0.0,38.0
2881.707923519499,89.0,6.0,0.0,5.0,0.0,38.0
2881.7085976768026,89.0,6.0,0.0,5.0,0.0,38.0
2882.0085976768028,89.0,6.0,0.0,5.0,0.0,38.0
2882.009271834106,88.0,6.0,0.0,5.0,0.0,38.0
2882.3092718341063,88.0,6.0,0.0,5.0,0.0,38.0
2882.309953652288,88.0,6.0,0.0,5.0,0.0,38.0
2882.6099536522884,88.0,6.0,0.0,5.0,0.0,38.0
2882.6106354704702,88.0,6.0,0.0,5.0,0.0,38.0
2882.9106354704704,88.0,6.0,0.0,5.0,0.0,38.0
2882.9113172886523,88.0,6.0,0.0,5.0,0.0,38.0
2883.2113172886525,88.0,6.0,0.0,5.0,0.0,38.0
2883.2119991068344,88.0,6.0,0.0,5.0,0.0,38.0
2883.5119991068345,88.0,6.0,0.0,5.0,0.0,38.0
2883.5126809250164,88.0,6.0,0.0,5.0,0.0,38.0
2883.8126809250166,88.0,6.0,0.0,5.0,0.0,38.0
2883.8133627431985,88.0,6.0,0.0,5.0,0.0,38.0
2884.1133627431986,88.0,6.0,0.0,5.0,0.0,38.0
2884.1140445613805,88.0,6.0,0.0,5.0,0.0,38.0
2884.4140445613807,88.0,6.0,0.0,5.0,0.0,38.0
2884.4147263795626,88.0,6.0,0.0,5.0,0.0,38.0
2884.7147263795628,88.0,6.0,0.0,5.0,0.0,38.0
2884.7154081977446,88.0,6.0,0.0,5.0,0.0,38.0
2885.015408197745,88.0,6.0,0.0,5.0,0.0,38.0
2885.0160900159267,88.0,6.0,0.0,5.0,0.0,38.0
2885.316090015927,88.0,6.0,0.0,5.0,0.0,38.0
2885.3167718341087,88.0,6.0,0.0,5.0,0.0,38.0
2885.616771834109,88.0,6.0,0.0,5.0,0.0,38.0
2885.617453652291,88.0,6.0,0.0,5.0,0.0,38.0
2885.917453652291,88.0,6.0,0.0,5.0,0.0,38.0
2885.918135470473,88.0,6.0,0.0,5.0,0.0,38.0
2886.218135470473,88.0,6.0,0.0,5.0,0.0,38.0
2886.218817288655,88.0,6.0,0.0,5.0,0.0,38.0
2886.518817288655,88.0,6.0,0.0,5.0,0.0,38.0
2886.519499106837,88.0,6.0,0.0,5.0,0.0,38.0
2886.819499106837,88.0,6.0,0.0,5.0,0.0,38.0
2886.820180925019,88.0,6.0,0.0,5.0,0.0,38.0
2887.120180925019,88.0,6.0,0.0,5.0,0.0,38.0
2887.120862743201,88.0,6.0,0.0,5.0,0.0,38.0
2887.4208627432013,88.0,6.0,0.0,5.0,0.0,38.0
2887.421544561383,88.0,6.0,0.0,5.0,0.0,38.0
2887.7215445613833,88.0,6.0,0.0,5.0,0.0,38.0
2887.722226379565,88.0,6.0,0.0,5.0,0.0,38.0
2888.0222263795654,88.0,6.0,0.0,5.0,0.0,38.0
2888.0229081977473,88.0,6.0,0.0,5.0,0.0,38.0
2888.3229081977474,88.0,6.0,0.0,5.0,0.0,38.0
2888.3235900159293,88.0,6.0,0.0,5.0,0.0,38.0
2888.6235900159295,88.0,6.0,0.0,5.0,0.0,38.0
2888.6242718341114,88.0,6.0,0.0,5.0,0.0,38.0
2888.9242718341116,88.0,6.0,0.0,5.0,0.0,38.0
2888.9249536522934,88.0,6.0,0.0,5.0,0.0,38.0
2889.2249536522936,88.0,6.0,0.0,5.0,0.0,38.0
2889.2256354704755,88.0,6.0,0.0,5.0,0.0,38.0
2889.5256354704757,88.0,6.0,0.0,5.0,0.0,38.0
2889.5263172886575,88.0,6.0,0.0,5.0,0.0,38.0
2889.8263172886577,88.0,6.0,0.0,5.0,0.0,38.0
2889.8269991068396,88.0,6.0,0.0,5.0,0.0,38.0
2890.12699910684,88.0,6.0,0.0,5.0,0.0,38.0
2890.1276809250217,88.0,6.0,0.0,5.0,0.0,38.0
2890.427680925022,88.0,6.0,0.0,5.0,0.0,38.0
2890.4283627432037,88.0,6.0,0.0,5.0,0.0,38.0
2890.728362743204,88.0,6.0,0.0,5.0,0.0,38.0
2890.7290445613858,88.0,6.0,0.0,5.0,0.0,38.0
2891.029044561386,88.0,6.0,0.0,5.0,0.0,38.0
2891.029726379568,88.0,6.0,0.0,5.0,0.0,38.0
2891.329726379568,88.0,6.0,0.0,5.0,0.0,38.0
2891.33040819775,88.0,6.0,0.0,5.0,0.0,38.0
2891.63040819775,88.0,6.0,0.0,5.0,0.0,38.0
2891.631090015932,88.0,6.0,0.0,5.0,0.0,38.0
2891.931090015932,88.0,6.0,0.0,5.0,0.0,38.0
2891.931771834114,88.0,6.0,0.0,3.0,0.0,39.0
2892.231771834114,88.0,6.0,0.0,3.0,0.0,39.0
2892.232453652296,88.0,6.0,0.0,3.0,0.0,39.0
2892.532453652296,88.0,6.0,0.0,3.0,0.0,39.0
2892.533135470478,88.0,6.0,0.0,3.0,0.0,39.0
2892.8331354704783,88.0,6.0,0.0,3.0,0.0,39.0
2892.83381728866,88.0,6.0,0.0,3.0,0.0,39.0
2893.1338172886603,88.0,6.0,0.0,3.0,0.0,39.0
2893.134499106842,88.0,6.0,0.0,3.0,0.0,39.0
2893.4344991068424,88.0,6.0,0.0,3.0,0.0,39.0
2893.4351809250243,88.0,6.0,0.0,3.0,0.0,39.0
2893.7351809250245,88.0,6.0,0.0,3.0,0.0,39.0
2893.7358627432063,88.0,6.0,0.0,3.0,0.0,39.0
2894.0358627432065,88.0,6.0,0.0,3.0,0.0,39.0
2894.0365445613884,88.0,6.0,0.0,3.0,0.0,39.0
2894.3365445613886,88.0,6.0,0.0,3.0,0.0,39.0
2894.3372263795704,88.0,6.0,0.0,3.0,0.0,39.0
2894.6372263795706,88.0,6.0,0.0,3.0,0.0,39.0
2894.6379081977525,88.0,6.0,0.0,3.0,0.0,39.0
2894.9379081977527,88.0,6.0,0.0,3.0,0.0,39.0
2894.9385900159346,88.0,6.0,0.0,3.0,0.0,39.0
2895.2385900159347,88.0,6.0,0.0,3.0,0.0,39.0
2895.2392718341166,88.0,6.0,0.0,3.0,0.0,39.0
2895.539271834117,88.0,6.0,0.0,3.0,0.0,39.0
2895.5399536522987,88.0,6.0,0.0,3.0,0.0,39.0
2895.839953652299,88.0,6.0,0.0,3.0,0.0,39.0
2895.8406354704807,88.0,6.0,0.0,3.0,0.0,39.0
2896.140635470481,88.0,6.0,0.0,3.0,0.0,39.0
2896.141317288663,88.0,6.0,0.0,3.0,0.0,39.0
2896.441317288663,88.0,6.0,0.0,3.0,0.0,39.0
2896.441999106845,88.0,6.0,0.0,3.0,0.0,39.0
2896.741999106845,88.0,6.0,0.0,3.0,0.0,39.0
2896.742680925027,88.0,6.0,0.0,3.0,0.0,39.0
2897.042680925027,88.0,6.0,0.0,3.0,0.0,39.0
2897.043362743209,88.0,6.0,0.0,3.0,0.0,39.0
2897.343362743209,88.0,6.0,0.0,3.0,0.0,39.0
2897.344044561391,88.0,6.0,0.0,3.0,0.0,39.0
2897.644044561391,88.0,6.0,0.0,3.0,0.0,39.0
2897.644726379573,88.0,6.0,0.0,3.0,0.0,39.0
2897.9447263795732,88.0,6.0,0.0,3.0,0.0,39.0
2897.945408197755,88.0,6.0,0.0,3.0,0.0,39.0
2898.2454081977553,88.0,6.0,0.0,3.0,0.0,39.0
2898.246090015937,88.0,6.0,0.0,3.0,0.0,39.0
2898.5460900159374,88.0,6.0,0.0,3.0,0.0,39.0
2898.546771834119,88.0,6.0,0.0,3.0,0.0,39.0
2898.8467718341194,88.0,6.0,0.0,3.0,0.0,39.0
2898.8474536523013,88.0,6.0,0.0,3.0,0.0,39.0
2899.1474536523015,88.0,6.0,0.0,3.0,0.0,39.0
2899.1481354704833,88.0,6.0,0.0,3.0,0.0,39.0
2899.4481354704835,88.0,6.0,0.0,3.0,0.0,39.0
2899.4488172886654,88.0,6.0,0.0,3.0,0.0,39.0
2899.7488172886656,88.0,6.0,0.0,3.0,0.0,39.0
2899.7494991068475,88.0,6.0,0.0,3.0,0.0,39.0
2900.0494991068476,88.0,6.0,0.0,3.0,0.0,39.0
2900.0501809250295,88.0,6.0,0.0,3.0,0.0,39.0
2900.3501809250297,88.0,6.0,0.0,3.0,0.0,39.0
2900.3508627432116,88.0,6.0,0.0,3.0,0.0,39.0
2900.6508627432117,88.0,6.0,0.0,3.0,0.0,39.0
2900.6515445613936,88.0,6.0,0.0,3.0,0.0,39.0
2900.951544561394,88.0,6.0,0.0,3.0,0.0,39.0
2900.9522263795757,88.0,6.0,0.0,3.0,0.0,39.0
2901.252226379576,88.0,6.0,0.0,3.0,0.0,39.0
2901.2529081977577,88.0,6.0,0.0,3.0,0.0,39.0
2901.552908197758,88.0,6.0,0.0,3.0,0.0,39.0
2901.55359001594,88.0,6.0,0.0,3.0,0.0,39.0
2901.85359001594,88.0,6.0,0.0,3.0,0.0,39.0
2901.854271834122,88.0,6.0,0.0,3.0,0.0,39.0
2902.154271834122,88.0,6.0,0.0,3.0,0.0,39.0
2902.154953652304,88.0,6.0,0.0,3.0,0.0,39.0
2902.454953652304,88.0,6.0,0.0,3.0,0.0,39.0
2902.455635470486,88.0,6.0,0.0,3.0,0.0,39.0
2902.755635470486,88.0,6.0,0.0,3.0,0.0,39.0
2902.756317288668,88.0,6.0,0.0,3.0,0.0,39.0
2903.056317288668,88.0,6.0,0.0,3.0,0.0,39.0
2903.05699910685,88.0,6.0,0.0,3.0,0.0,39.0
2903.3569991068503,88.0,6.0,0.0,3.0,0.0,39.0
2903.357680925032,88.0,6.0,0.0,3.0,0.0,39.0
2903.6576809250323,88.0,6.0,0.0,3.0,0.0,39.0
2903.658362743214,88.0,6.0,0.0,3.0,0.0,39.0
2903.9583627432144,88.0,6.0,0.0,3.0,0.0,39.0
2903.9590445613962,88.0,6.0,0.0,3.0,0.0,39.0
2904.2590445613964,88.0,6.0,0.0,3.0,0.0,39.0
2904.2597263795783,88.0,6.0,0.0,3.0,0.0,39.0
2904.5597263795785,88.0,6.0,0.0,3.0,0.0,39.0
2904.5604081977604,88.0,6.0,0.0,3.0,0.0,39.0
2904.8604081977605,88.0,6.0,0.0,3.0,0.0,39.0
2904.8610900159424,88.0,6.0,0.0,3.0,0.0,39.0
2905.1610900159426,88.0,6.0,0.0,3.0,0.0,39.0
2905.1617718341245,88.0,6.0,0.0,3.0,0.0,39.0
2905.4617718341246,88.0,6.0,0.0,3.0,0.0,39.0
2905.4624536523065,88.0,6.0,0.0,3.0,0.0,39.0
2905.7624536523067,88.0,6.0,0.0,3.0,0.0,39.0
2905.7631354704886,88.0,6.0,0.0,3.0,0.0,39.0
2906.0631354704888,88.0,6.0,0.0,3.0,0.0,39.0
2906.0638172886706,88.0,6.0,0.0,3.0,0.0,39.0
2906.363817288671,88.0,6.0,0.0,3.0,0.0,39.0
2906.3644991068527,88.0,6.0,0.0,3.0,0.0,39.0
2906.664499106853,88.0,6.0,0.0,3.0,0.0,39.0
2906.6651809250347,88.0,6.0,0.0,3.0,0.0,39.0
2906.965180925035,88.0,6.0,0.0,3.0,0.0,39.0
2906.965862743217,88.0,6.0,0.0,3.0,0.0,39.0
2907.265862743217,88.0,6.0,0.0,3.0,0.0,39.0
2907.266544561399,88.0,6.0,0.0,3.0,0.0,39.0
2907.566544561399,88.0,6.0,0.0,3.0,0.0,39.0
2907.567226379581,88.0,6.0,0.0,3.0,0.0,39.0
2907.867226379581,88.0,6.0,0.0,3.0,0.0,39.0
2907.867908197763,88.0,6.0,0.0,3.0,0.0,39.0
2908.167908197763,88.0,6.0,0.0,3.0,0.0,39.0
2908.168590015945,88.0,6.0,0.0,3.0,0.0,39.0
2908.468590015945,88.0,6.0,0.0,3.0,0.0,39.0
2908.469271834127,88.0,6.0,0.0,3.0,0.0,39.0
2908.7692718341273,88.0,6.0,0.0,3.0,0.0,39.0
2908.769953652309,88.0,6.0,0.0,3.0,0.0,39.0
2909.0699536523093,88.0,6.0,0.0,3.0,0.0,39.0
2909.070635470491,88.0,6.0,0.0,3.0,0.0,39.0
2909.3706354704914,88.0,6.0,0.0,3.0,0.0,39.0
2909.3713172886733,88.0,6.0,0.0,3.0,0.0,39.0
2909.6713172886734,88.0,6.0,0.0,3.0,0.0,39.0
2909.6719991068553,88.0,6.0,0.0,3.0,0.0,39.0
2909.9719991068555,88.0,6.0,0.0,3.0,0.0,39.0
2909.9726809250374,88.0,6.0,0.0,3.0,0.0,39.0
2910.2726809250375,88.0,6.0,0.0,3.0,0.0,39.0
2910.2733627432194,88.0,6.0,0.0,3.0,0.0,39.0
2910.5733627432196,88.0,6.0,0.0,3.0,0.0,39.0
2910.5740445614015,88.0,6.0,0.0,3.0,0.0,39.0
2910.8740445614017,88.0,6.0,0.0,3.0,0.0,39.0
2910.8747263795835,88.0,6.0,0.0,3.0,0.0,39.0
2911.1747263795837,88.0,6.0,0.0,3.0,0.0,39.0
2911.1754081977656,88.0,6.0,0.0,3.0,0.0,39.0
2911.475408197766,88.0,6.0,0.0,3.0,0.0,39.0
2911.4760900159476,88.0,6.0,0.0,3.0,0.0,39.0
2911.776090015948,88.0,6.0,0.0,3.0,0.0,39.0
2911.7767718341297,88.0,6.0,0.0,3.0,0.0,39.0
2912.07677183413,88.0,6.0,0.0,3.0,0.0,39.0
2912.0774536523118,88.0,6.0,0.0,3.0,0.0,39.0
2912.377453652312,88.0,6.0,0.0,3.0,0.0,39.0
2912.378135470494,88.0,6.0,0.0,3.0,0.0,39.0
2912.678135470494,88.0,6.0,0.0,3.0,0.0,39.0
2912.678817288676,88.0,6.0,0.0,3.0,0.0,39.0
2912.978817288676,88.0,6.0,0.0,3.0,0.0,39.0
2912.979499106858,88.0,6.0,0.0,3.0,0.0,39.0
2913.279499106858,88.0,6.0,0.0,3.0,0.0,39.0
2913.28018092504,88.0,6.0,0.0,3.0,0.0,39.0
2913.58018092504,88.0,6.0,0.0,3.0,0.0,39.0
2913.580862743222,88.0,6.0,0.0,3.0,0.0,39.0
2913.880862743222,88.0,6.0,0.0,3.0,0.0,39.0
2913.881544561404,88.0,6.0,0.0,3.0,0.0,39.0
2914.1815445614043,88.0,6.0,0.0,3.0,0.0,39.0
2914.182226379586,88.0,6.0,0.0,3.0,0.0,39.0
2914.4822263795863,88.0,6.0,0.0,3.0,0.0,39.0
2914.482908197768,88.0,6.0,0.0,3.0,0.0,39.0
2914.7829081977684,88.0,6.0,0.0,3.0,0.0,39.0
2914.7835900159503,88.0,6.0,0.0,3.0,0.0,39.0
2915.0835900159504,88.0,6.0,0.0,3.0,0.0,39.0
2915.0842718341323,88.0,6.0,0.0,3.0,0.0,39.0
2915.3842718341325,88.0,6.0,0.0,3.0,0.0,39.0
2915.3849536523144,88.0,6.0,0.0,3.0,0.0,39.0
2915.6849536523146,88.0,6.0,0.0,3.0,0.0,39.0
2915.6856354704964,88.0,6.0,0.0,3.0,0.0,39.0
2915.9856354704966,88.0,6.0,0.0,3.0,0.0,39.0
2915.9863172886785,88.0,6.0,0.0,3.0,0.0,39.0
2916.2863172886787,88.0,6.0,0.0,3.0,0.0,39.0
2916.2869991068605,88.0,6.0,0.0,3.0,0.0,39.0
2916.5869991068607,88.0,6.0,0.0,3.0,0.0,39.0
2916.5876809250426,88.0,6.0,0.0,3.0,0.0,39.0
2916.887680925043,88.0,6.0,0.0,3.0,0.0,39.0
2916.8883627432247,88.0,6.0,0.0,3.0,0.0,39.0
2917.188362743225,88.0,6.0,0.0,3.0,0.0,39.0
2917.1890445614067,88.0,6.0,0.0,3.0,0.0,39.0
2917.489044561407,88.0,6.0,0.0,3.0,0.0,39.0
2917.489726379589,88.0,6.0,0.0,3.0,0.0,39.0
2917.789726379589,88.0,6.0,0.0,3.0,0.0,39.0
2917.790408197771,88.0,6.0,0.0,3.0,0.0,39.0
2918.090408197771,88.0,6.0,0.0,3.0,0.0,39.0
2918.091090015953,88.0,6.0,0.0,3.0,0.0,39.0
2918.391090015953,88.0,6.0,0.0,3.0,0.0,39.0
2918.391771834135,88.0,6.0,0.0,3.0,0.0,39.0
2918.691771834135,88.0,6.0,0.0,3.0,0.0,39.0
2918.692453652317,88.0,6.0,0.0,3.0,0.0,39.0
2918.992453652317,88.0,6.0,0.0,3.0,0.0,39.0
2918.993135470499,88.0,6.0,0.0,3.0,0.0,39.0
2919.2931354704992,88.0,6.0,0.0,3.0,0.0,39.0
2919.293817288681,88.0,6.0,0.0,3.0,0.0,39.0
2919.5938172886813,88.0,6.0,0.0,3.0,0.0,39.0
2919.594499106863,88.0,6.0,0.0,3.0,0.0,39.0
2919.8944991068633,88.0,6.0,0.0,3.0,0.0,39.0
2919.895180925045,88.0,6.0,0.0,3.0,0.0,39.0
2920.1951809250454,88.0,6.0,0.0,3.0,0.0,39.0
2920.1958627432273,88.0,6.0,0.0,3.0,0.0,39.0
2920.4958627432275,88.0,6.0,0.0,3.0,0.0,39.0
2920.4965445614093,88.0,6.0,0.0,3.0,0.0,39.0
2920.7965445614095,88.0,6.0,0.0,3.0,0.0,39.0
2920.7972263795914,88.0,6.0,0.0,3.0,0.0,39.0
2921.0972263795916,88.0,6.0,0.0,3.0,0.0,39.0
2921.0979081977734,88.0,6.0,0.0,3.0,0.0,39.0
2921.3979081977736,88.0,6.0,0.0,3.0,0.0,39.0
2921.3985900159555,88.0,6.0,0.0,3.0,0.0,39.0
2921.6985900159557,88.0,6.0,0.0,3.0,0.0,39.0
2921.6992718341376,88.0,6.0,0.0,3.0,0.0,39.0
2921.9992718341377,88.0,6.0,0.0,3.0,0.0,39.0
2921.9999536523196,88.0,6.0,0.0,3.0,0.0,39.0
2922.29995365232,88.0,6.0,0.0,3.0,0.0,39.0
2922.3006354705017,88.0,6.0,0.0,3.0,0.0,39.0
2922.600635470502,88.0,6.0,0.0,3.0,0.0,39.0
2922.6013172886837,88.0,6.0,0.0,3.0,0.0,39.0
2922.901317288684,88.0,6.0,0.0,3.0,0.0,39.0
2922.901999106866,88.0,6.0,0.0,3.0,0.0,39.0
2923.201999106866,88.0,6.0,0.0,3.0,0.0,39.0
2923.202680925048,88.0,6.0,0.0,3.0,0.0,39.0
2923.502680925048,88.0,6.0,0.0,3.0,0.0,39.0
2923.50336274323,88.0,6.0,0.0,3.0,0.0,39.0
2923.80336274323,88.0,6.0,0.0,3.0,0.0,39.0
2923.804044561412,88.0,6.0,0.0,3.0,0.0,39.0
2924.104044561412,88.0,6.0,0.0,3.0,0.0,39.0
2924.104726379594,88.0,6.0,0.0,3.0,0.0,39.0
2924.404726379594,88.0,6.0,0.0,3.0,0.0,39.0
2924.405408197776,88.0,6.0,0.0,3.0,0.0,39.0
2924.7054081977763,88.0,6.0,0.0,3.0,0.0,39.0
2924.706090015958,88.0,6.0,0.0,3.0,0.0,39.0
2925.0060900159583,88.0,6.0,0.0,3.0,0.0,39.0
2925.00677183414,88.0,6.0,0.0,3.0,0.0,39.0
2925.3067718341404,88.0,6.0,0.0,3.0,0.0,39.0
2925.3074536523222,88.0,6.0,0.0,3.0,0.0,39.0
2925.6074536523224,88.0,6.0,0.0,3.0,0.0,39.0
2925.6081354705043,88.0,6.0,0.0,3.0,0.0,39.0
2925.9081354705045,88.0,6.0,0.0,3.0,0.0,39.0
2925.9088172886864,88.0,6.0,0.0,3.0,0.0,39.0
2926.2088172886865,88.0,6.0,0.0,3.0,0.0,39.0
2926.2094991068684,88.0,6.0,0.0,3.0,0.0,39.0
2926.5094991068686,88.0,6.0,0.0,3.0,0.0,39.0
2926.5101809250505,88.0,6.0,0.0,3.0,0.0,39.0
2926.8101809250506,88.0,6.0,0.0,3.0,0.0,39.0
2926.8108627432325,88.0,6.0,0.0,3.0,0.0,39.0
2927.1108627432327,88.0,6.0,0.0,3.0,0.0,39.0
2927.1115445614146,88.0,6.0,0.0,3.0,0.0,39.0
2927.4115445614148,88.0,6.0,0.0,3.0,0.0,39.0
2927.4122263795966,88.0,6.0,0.0,3.0,0.0,39.0
2927.712226379597,88.0,6.0,0.0,3.0,0.0,39.0
2927.7129081977787,88.0,6.0,0.0,3.0,0.0,39.0
2928.012908197779,88.0,6.0,0.0,3.0,0.0,39.0
2928.0135900159607,88.0,6.0,0.0,3.0,0.0,39.0
2928.313590015961,88.0,6.0,0.0,3.0,0.0,39.0
2928.314271834143,88.0,6.0,0.0,3.0,0.0,39.0
2928.614271834143,88.0,6.0,0.0,3.0,0.0,39.0
2928.614953652325,88.0,6.0,0.0,3.0,0.0,39.0
2928.914953652325,88.0,6.0,0.0,3.0,0.0,39.0
2928.915635470507,88.0,6.0,0.0,3.0,0.0,39.0
2929.215635470507,88.0,6.0,0.0,3.0,0.0,39.0
2929.216317288689,88.0,6.0,0.0,3.0,0.0,39.0
2929.516317288689,88.0,6.0,0.0,3.0,0.0,39.0
2929.516999106871,88.0,6.0,0.0,3.0,0.0,39.0
2929.816999106871,88.0,6.0,0.0,3.0,0.0,39.0
2929.817680925053,88.0,6.0,0.0,3.0,0.0,39.0
2930.1176809250533,88.0,6.0,0.0,3.0,0.0,39.0
2930.118362743235,88.0,6.0,0.0,3.0,0.0,39.0
2930.4183627432353,88.0,6.0,0.0,3.0,0.0,39.0
2930.419044561417,88.0,6.0,0.0,3.0,0.0,39.0
2930.7190445614174,88.0,6.0,0.0,3.0,0.0,39.0
2930.7197263795993,88.0,6.0,0.0,3.0,0.0,39.0
2931.0197263795994,88.0,6.0,0.0,3.0,0.0,39.0
2931.0204081977813,88.0,6.0,0.0,3.0,0.0,39.0
2931.3204081977815,88.0,6.0,0.0,3.0,0.0,39.0
2931.3210900159634,88.0,6.0,0.0,3.0,0.0,39.0
2931.6210900159635,88.0,6.0,0.0,3.0,0.0,39.0
2931.6217718341454,88.0,6.0,0.0,3.0,0.0,39.0
2931.9217718341456,88.0,6.0,0.0,3.0,0.0,39.0
2931.9224536523275,88.0,6.0,0.0,3.0,0.0,39.0
2932.2224536523277,88.0,6.0,0.0,3.0,0.0,39.0
2932.2231354705095,88.0,6.0,0.0,3.0,0.0,39.0
2932.5231354705097,88.0,6.0,0.0,3.0,0.0,39.0
2932.5238172886916,88.0,6.0,0.0,3.0,0.0,39.0
2932.8238172886918,88.0,6.0,0.0,3.0,0.0,39.0
2932.8244991068736,88.0,6.0,0.0,3.0,0.0,39.0
2933.124499106874,88.0,6.0,0.0,3.0,0.0,39.0
2933.1251809250557,88.0,6.0,0.0,3.0,0.0,39.0
2933.425180925056,88.0,6.0,0.0,3.0,0.0,39.0
2933.4258627432378,88.0,6.0,0.0,3.0,0.0,39.0
2933.725862743238,88.0,6.0,0.0,3.0,0.0,39.0
2933.72654456142,88.0,6.0,0.0,3.0,0.0,39.0
2934.02654456142,88.0,6.0,0.0,3.0,0.0,39.0
2934.027226379602,88.0,6.0,0.0,3.0,0.0,39.0
2934.327226379602,88.0,6.0,0.0,3.0,0.0,39.0
2934.327908197784,88.0,6.0,0.0,3.0,0.0,39.0
2934.627908197784,88.0,6.0,0.0,3.0,0.0,39.0
2934.628590015966,88.0,6.0,0.0,3.0,0.0,39.0
2934.928590015966,88.0,6.0,0.0,3.0,0.0,39.0
2934.929271834148,88.0,6.0,0.0,3.0,0.0,39.0
2935.229271834148,88.0,6.0,0.0,3.0,0.0,39.0
2935.22995365233,88.0,6.0,0.0,3.0,0.0,39.0
2935.5299536523303,88.0,6.0,0.0,3.0,0.0,39.0
2935.530635470512,88.0,6.0,0.0,3.0,0.0,39.0
2935.8306354705123,88.0,6.0,0.0,3.0,0.0,39.0
2935.831317288694,88.0,6.0,0.0,3.0,0.0,39.0
2936.1313172886944,88.0,6.0,0.0,3.0,0.0,39.0
2936.1319991068763,88.0,6.0,0.0,3.0,0.0,39.0
2936.4319991068764,88.0,6.0,0.0,3.0,0.0,39.0
2936.4326809250583,88.0,6.0,0.0,3.0,0.0,39.0
2936.7326809250585,88.0,6.0,0.0,3.0,0.0,39.0
2936.7333627432404,88.0,6.0,0.0,3.0,0.0,39.0
2937.0333627432406,88.0,6.0,0.0,3.0,0.0,39.0
2937.0340445614224,88.0,6.0,0.0,3.0,0.0,39.0
2937.3340445614226,88.0,6.0,0.0,3.0,0.0,39.0
2937.3347263796045,88.0,6.0,0.0,3.0,0.0,39.0
2937.6347263796047,88.0,6.0,0.0,3.0,0.0,39.0
2937.6354081977865,88.0,6.0,0.0,3.0,0.0,39.0
2937.9354081977867,88.0,6.0,0.0,3.0,0.0,39.0
2937.9360900159686,88.0,6.0,0.0,3.0,0.0,39.0
2938.236090015969,88.0,6.0,0.0,3.0,0.0,39.0
2938.2367718341507,88.0,6.0,0.0,3.0,0.0,39.0
2938.536771834151,88.0,6.0,0.0,3.0,0.0,39.0
2938.5374536523327,88.0,6.0,0.0,3.0,0.0,39.0
2938.837453652333,88.0,6.0,0.0,3.0,0.0,39.0
2938.8381354705148,88.0,6.0,0.0,3.0,0.0,39.0
2939.138135470515,88.0,6.0,0.0,3.0,0.0,39.0
2939.138817288697,88.0,6.0,0.0,3.0,0.0,39.0
2939.438817288697,88.0,6.0,0.0,3.0,0.0,39.0
2939.439499106879,88.0,6.0,0.0,3.0,0.0,39.0
2939.739499106879,88.0,6.0,0.0,3.0,0.0,39.0
2939.740180925061,88.0,6.0,0.0,3.0,0.0,39.0
2940.040180925061,88.0,6.0,0.0,3.0,0.0,39.0
2940.040862743243,88.0,6.0,0.0,3.0,0.0,39.0
2940.340862743243,88.0,6.0,0.0,3.0,0.0,39.0
2940.341544561425,88.0,6.0,0.0,3.0,0.0,39.0
2940.6415445614252,88.0,6.0,0.0,3.0,0.0,39.0
2940.642226379607,88.0,6.0,0.0,3.0,0.0,39.0
2940.9422263796073,88.0,6.0,0.0,3.0,0.0,39.0
2940.942908197789,88.0,6.0,0.0,3.0,0.0,39.0
2941.2429081977893,88.0,6.0,0.0,3.0,0.0,39.0
2941.243590015971,88.0,6.0,0.0,3.0,0.0,39.0
2941.5435900159714,88.0,6.0,0.0,3.0,0.0,39.0
2941.5442718341533,88.0,6.0,0.0,3.0,0.0,39.0
2941.8442718341535,88.0,6.0,0.0,3.0,0.0,39.0
2941.8449536523353,88.0,6.0,0.0,3.0,0.0,39.0
2942.1449536523355,88.0,6.0,0.0,3.0,0.0,39.0
2942.1456354705174,88.0,6.0,0.0,3.0,0.0,39.0
2942.4456354705176,88.0,6.0,0.0,3.0,0.0,39.0
2942.4463172886994,88.0,6.0,0.0,3.0,0.0,39.0
2942.7463172886996,88.0,6.0,0.0,3.0,0.0,39.0
2942.7469991068815,88.0,6.0,0.0,3.0,0.0,39.0
2943.0469991068817,88.0,6.0,0.0,3.0,0.0,39.0
2943.0476809250636,88.0,6.0,0.0,3.0,0.0,39.0
2943.3476809250637,88.0,6.0,0.0,3.0,0.0,39.0
2943.3483627432456,88.0,6.0,0.0,3.0,0.0,39.0
2943.648362743246,88.0,6.0,0.0,3.0,0.0,39.0
2943.6490445614277,88.0,6.0,0.0,3.0,0.0,39.0
2943.949044561428,88.0,6.0,0.0,3.0,0.0,39.0
2943.9497263796097,88.0,6.0,0.0,3.0,0.0,39.0
2944.24972637961,88.0,6.0,0.0,3.0,0.0,39.0
2944.250408197792,88.0,6.0,0.0,3.0,0.0,39.0
2944.550408197792,88.0,6.0,0.0,3.0,0.0,39.0
2944.551090015974,88.0,6.0,0.0,3.0,0.0,39.0
2944.851090015974,88.0,6.0,0.0,3.0,0.0,39.0
2944.851771834156,88.0,6.0,0.0,3.0,0.0,39.0
2945.151771834156,88.0,6.0,0.0,3.0,0.0,39.0
2945.152453652338,88.0,6.0,0.0,3.0,0.0,39.0
2945.452453652338,88.0,6.0,0.0,3.0,0.0,39.0
2945.45313547052,88.0,6.0,0.0,3.0,0.0,39.0
2945.75313547052,88.0,6.0,0.0,3.0,0.0,39.0
2945.753817288702,88.0,6.0,0.0,3.0,0.0,39.0
2946.0538172887022,88.0,6.0,0.0,3.0,0.0,39.0
2946.054499106884,88.0,6.0,0.0,3.0,0.0,39.0
2946.3544991068843,88.0,6.0,0.0,3.0,0.0,39.0
2946.355180925066,88.0,6.0,0.0,3.0,0.0,39.0
2946.6551809250664,88.0,6.0,0.0,3.0,0.0,39.0
2946.6558627432482,88.0,6.0,0.0,3.0,0.0,39.0
2946.9558627432484,88.0,6.0,0.0,3.0,0.0,39.0
2946.9565445614303,88.0,6.0,0.0,3.0,0.0,39.0
2947.2565445614305,88.0,6.0,0.0,3.0,0.0,39.0
2947.2572263796123,88.0,6.0,0.0,3.0,0.0,39.0
2947.5572263796125,88.0,6.0,0.0,3.0,0.0,39.0
2947.5579081977944,88.0,6.0,0.0,3.0,0.0,39.0
2947.8579081977946,88.0,6.0,0.0,3.0,0.0,39.0
2947.8585900159765,88.0,6.0,0.0,3.0,0.0,39.0
2948.1585900159766,88.0,6.0,0.0,3.0,0.0,39.0
2948.1592718341585,88.0,6.0,0.0,3.0,0.0,39.0
2948.4592718341587,88.0,6.0,0.0,3.0,0.0,39.0
2948.4599536523406,88.0,6.0,0.0,3.0,0.0,39.0
2948.7599536523408,88.0,6.0,0.0,3.0,0.0,39.0
2948.7606354705226,88.0,6.0,0.0,3.0,0.0,39.0
2949.060635470523,88.0,6.0,0.0,3.0,0.0,39.0
2949.0613172887047,88.0,6.0,0.0,3.0,0.0,39.0
2949.361317288705,88.0,6.0,0.0,3.0,0.0,39.0
2949.3619991068867,88.0,6.0,0.0,3.0,0.0,39.0
2949.661999106887,88.0,6.0,0.0,3.0,0.0,39.0
2949.662680925069,88.0,6.0,0.0,3.0,0.0,39.0
2949.962680925069,88.0,6.0,0.0,3.0,0.0,39.0
2949.963362743251,88.0,6.0,0.0,3.0,0.0,39.0
2950.263362743251,88.0,6.0,0.0,3.0,0.0,39.0
2950.264044561433,88.0,6.0,0.0,3.0,0.0,39.0
2950.564044561433,88.0,6.0,0.0,3.0,0.0,39.0
2950.564726379615,88.0,6.0,0.0,3.0,0.0,39.0
2950.864726379615,88.0,6.0,0.0,3.0,0.0,39.0
2950.865408197797,88.0,6.0,0.0,3.0,0.0,39.0
2951.165408197797,88.0,6.0,0.0,3.0,0.0,39.0
2951.166090015979,88.0,6.0,0.0,3.0,0.0,39.0
2951.4660900159793,88.0,6.0,0.0,3.0,0.0,39.0
2951.466771834161,88.0,6.0,0.0,3.0,0.0,39.0
2951.7667718341613,88.0,6.0,0.0,3.0,0.0,39.0
2951.767453652343,88.0,6.0,0.0,3.0,0.0,39.0
2952.0674536523434,88.0,6.0,0.0,3.0,0.0,39.0
2952.0681354705252,88.0,6.0,0.0,3.0,0.0,39.0
2952.3681354705254,88.0,6.0,0.0,3.0,0.0,39.0
2952.3688172887073,88.0,6.0,0.0,3.0,0.0,39.0
2952.6688172887075,88.0,6.0,0.0,3.0,0.0,39.0
2952.6694991068894,88.0,6.0,0.0,3.0,0.0,39.0
2952.9694991068895,88.0,6.0,0.0,3.0,0.0,39.0
2952.9701809250714,88.0,6.0,0.0,3.0,0.0,39.0
2953.2701809250716,88.0,6.0,0.0,3.0,0.0,39.0
2953.2708627432535,88.0,6.0,0.0,3.0,0.0,39.0
2953.5708627432537,88.0,6.0,0.0,3.0,0.0,39.0
2953.5715445614355,88.0,6.0,0.0,3.0,0.0,39.0
2953.8715445614357,88.0,6.0,0.0,3.0,0.0,39.0
2953.8722263796176,88.0,6.0,0.0,3.0,0.0,39.0
2954.1722263796178,88.0,6.0,0.0,3.0,0.0,39.0
2954.1729081977996,88.0,6.0,0.0,3.0,0.0,39.0
2954.4729081978,88.0,6.0,0.0,3.0,0.0,39.0
2954.4735900159817,88.0,6.0,0.0,3.0,0.0,39.0
2954.773590015982,88.0,6.0,0.0,3.0,0.0,39.0
2954.7742718341638,88.0,6.0,0.0,3.0,0.0,39.0
2955.074271834164,88.0,6.0,0.0,3.0,0.0,39.0
2955.074953652346,88.0,6.0,0.0,3.0,0.0,39.0
2955.374953652346,88.0,6.0,0.0,3.0,0.0,39.0
2955.375635470528,88.0,6.0,0.0,3.0,0.0,39.0
2955.675635470528,88.0,6.0,0.0,3.0,0.0,39.0
2955.67631728871,88.0,6.0,0.0,3.0,0.0,39.0
2955.97631728871,88.0,6.0,0.0,3.0,0.0,39.0
2955.976999106892,88.0,6.0,0.0,3.0,0.0,39.0
2956.276999106892,88.0,6.0,0.0,3.0,0.0,39.0
2956.277680925074,88.0,6.0,0.0,3.0,0.0,39.0
2956.577680925074,88.0,6.0,0.0,3.0,0.0,39.0
2956.578362743256,88.0,6.0,0.0,3.0,0.0,39.0
2956.8783627432563,88.0,6.0,0.0,3.0,0.0,39.0
2956.879044561438,88.0,6.0,0.0,3.0,0.0,39.0
2957.1790445614383,88.0,6.0,0.0,3.0,0.0,39.0
2957.17972637962,88.0,6.0,0.0,3.0,0.0,39.0
2957.4797263796204,88.0,6.0,0.0,3.0,0.0,39.0
2957.4804081978023,88.0,6.0,0.0,3.0,0.0,39.0
2957.7804081978024,88.0,6.0,0.0,3.0,0.0,39.0
2957.7810900159843,88.0,6.0,0.0,3.0,0.0,39.0
2958.0810900159845,88.0,6.0,0.0,3.0,0.0,39.0
2958.0817718341664,88.0,6.0,0.0,3.0,0.0,39.0
2958.3817718341666,88.0,6.0,0.0,3.0,0.0,39.0
2958.3824536523484,88.0,6.0,0.0,3.0,0.0,39.0
2958.6824536523486,88.0,6.0,0.0,3.0,0.0,39.0
2958.6831354705305,88.0,6.0,0.0,3.0,0.0,39.0
2958.9831354705307,88.0,6.0,0.0,3.0,0.0,39.0
2958.9838172887125,88.0,6.0,0.0,3.0,0.0,39.0
2959.2838172887127,88.0,6.0,0.0,3.0,0.0,39.0
2959.2844991068946,88.0,6.0,0.0,3.0,0.0,39.0
2959.584499106895,88.0,6.0,0.0,3.0,0.0,39.0
2959.5851809250767,88.0,6.0,0.0,3.0,0.0,39.0
2959.885180925077,88.0,6.0,0.0,3.0,0.0,39.0
2959.8858627432587,88.0,6.0,0.0,3.0,0.0,39.0
2960.185862743259,88.0,6.0,0.0,3.0,0.0,39.0
2960.1865445614408,88.0,6.0,0.0,3.0,0.0,39.0
2960.486544561441,88.0,6.0,0.0,3.0,0.0,39.0
2960.487226379623,88.0,6.0,0.0,3.0,0.0,39.0
2960.787226379623,88.0,6.0,0.0,3.0,0.0,39.0
2960.787908197805,88.0,6.0,0.0,3.0,0.0,39.0
2961.087908197805,88.0,6.0,0.0,3.0,0.0,39.0
2961.088590015987,88.0,6.0,0.0,3.0,0.0,39.0
2961.388590015987,88.0,6.0,0.0,3.0,0.0,39.0
2961.389271834169,88.0,6.0,0.0,3.0,0.0,39.0
2961.689271834169,88.0,6.0,0.0,3.0,0.0,39.0
2961.689953652351,88.0,6.0,0.0,3.0,0.0,39.0
2961.9899536523512,88.0,6.0,0.0,3.0,0.0,39.0
2961.990635470533,88.0,6.0,0.0,3.0,0.0,39.0
2962.2906354705333,88.0,6.0,0.0,3.0,0.0,39.0
2962.291317288715,88.0,6.0,0.0,3.0,0.0,39.0
2962.5913172887153,88.0,6.0,0.0,3.0,0.0,39.0
2962.591999106897,88.0,6.0,0.0,3.0,0.0,39.0
2962.8919991068974,88.0,6.0,0.0,3.0,0.0,39.0
2962.8926809250793,88.0,6.0,0.0,3.0,0.0,39.0
2963.1926809250795,88.0,6.0,0.0,3.0,0.0,39.0
2963.1933627432613,88.0,6.0,0.0,3.0,0.0,39.0
2963.4933627432615,88.0,6.0,0.0,3.0,0.0,39.0
2963.4940445614434,88.0,6.0,0.0,3.0,0.0,39.0
2963.7940445614436,88.0,6.0,0.0,3.0,0.0,39.0
2963.7947263796254,88.0,6.0,0.0,3.0,0.0,39.0
2964.0947263796256,88.0,6.0,0.0,3.0,0.0,39.0
2964.0954081978075,88.0,6.0,0.0,3.0,0.0,39.0
2964.3954081978077,88.0,6.0,0.0,3.0,0.0,39.0
2964.3960900159896,88.0,6.0,0.0,3.0,0.0,39.0
2964.6960900159897,88.0,6.0,0.0,3.0,0.0,39.0
2964.6967718341716,88.0,6.0,0.0,3.0,0.0,39.0
2964.996771834172,88.0,6.0,0.0,3.0,0.0,39.0
2964.9974536523537,88.0,6.0,0.0,3.0,0.0,39.0
2965.297453652354,88.0,6.0,0.0,3.0,0.0,39.0
2965.2981354705357,88.0,6.0,0.0,3.0,0.0,39.0
2965.598135470536,88.0,6.0,0.0,3.0,0.0,39.0
2965.598817288718,89.0,6.0,0.0,3.0,0.0,39.0
2965.898817288718,89.0,6.0,0.0,3.0,0.0,39.0
2965.8994914460213,89.0,6.0,0.0,3.0,0.0,39.0
2966.1994914460215,89.0,6.0,0.0,3.0,0.0,39.0
2966.200165603325,89.0,6.0,0.0,3.0,0.0,39.0
2966.500165603325,89.0,6.0,0.0,3.0,0.0,39.0
2966.5008397606284,89.0,6.0,0.0,3.0,0.0,39.0
2966.8008397606286,89.0,6.0,0.0,3.0,0.0,39.0
2966.801513917932,89.0,6.0,0.0,3.0,0.0,39.0
2967.101513917932,89.0,6.0,0.0,3.0,0.0,39.0
2967.1021880752355,89.0,6.0,0.0,3.0,0.0,39.0
2967.4021880752357,89.0,6.0,0.0,3.0,0.0,39.0
2967.402862232539,89.0,6.0,0.0,3.0,0.0,39.0
2967.7028622325392,89.0,6.0,0.0,3.0,0.0,39.0
2967.7035363898426,89.0,6.0,0.0,3.0,0.0,39.0
2968.003536389843,89.0,6.0,0.0,3.0,0.0,39.0
2968.004210547146,89.0,6.0,0.0,3.0,0.0,39.0
2968.3042105471463,89.0,6.0,0.0,3.0,0.0,39.0
2968.3048847044497,89.0,6.0,0.0,3.0,0.0,39.0
2968.60488470445,89.0,6.0,0.0,3.0,0.0,39.0
2968.6055588617533,89.0,6.0,0.0,3.0,0.0,39.0
2968.9055588617534,89.0,6.0,0.0,3.0,0.0,39.0
2968.906233019057,89.0,6.0,0.0,3.0,0.0,39.0
2969.206233019057,89.0,6.0,0.0,3.0,0.0,39.0
2969.2069071763603,89.0,6.0,0.0,3.0,0.0,39.0
2969.5069071763605,89.0,6.0,0.0,3.0,0.0,39.0
2969.507581333664,89.0,6.0,0.0,3.0,0.0,39.0
2969.807581333664,89.0,6.0,0.0,3.0,0.0,39.0
2969.8082554909674,89.0,6.0,0.0,3.0,0.0,39.0
2970.1082554909676,89.0,6.0,0.0,3.0,0.0,39.0
2970.108929648271,89.0,6.0,0.0,3.0,0.0,39.0
2970.408929648271,89.0,6.0,0.0,3.0,0.0,39.0
2970.4096038055745,89.0,6.0,0.0,3.0,0.0,39.0
2970.7096038055747,89.0,6.0,0.0,3.0,0.0,39.0
2970.710277962878,89.0,6.0,0.0,3.0,0.0,39.0
2971.0102779628783,89.0,6.0,0.0,3.0,0.0,39.0
2971.0109521201816,89.0,6.0,0.0,3.0,0.0,39.0
2971.310952120182,89.0,6.0,0.0,3.0,0.0,39.0
2971.311626277485,89.0,6.0,0.0,3.0,0.0,39.0
2971.6116262774854,89.0,6.0,0.0,3.0,0.0,39.0
2971.6123004347887,89.0,6.0,0.0,3.0,0.0,39.0
2971.912300434789,89.0,6.0,0.0,3.0,0.0,39.0
2971.9129745920923,89.0,6.0,0.0,3.0,0.0,39.0
2972.2129745920925,89.0,6.0,0.0,3.0,0.0,39.0
2972.213648749396,89.0,6.0,0.0,3.0,0.0,39.0
2972.513648749396,89.0,6.0,0.0,3.0,0.0,39.0
2972.5143229066994,89.0,6.0,0.0,3.0,0.0,39.0
2972.8143229066995,89.0,6.0,0.0,3.0,0.0,39.0
2972.814997064003,89.0,6.0,0.0,3.0,0.0,39.0
2973.114997064003,89.0,6.0,0.0,3.0,0.0,39.0
2973.1156712213065,89.0,6.0,0.0,3.0,0.0,39.0
2973.4156712213066,89.0,6.0,0.0,3.0,0.0,39.0
2973.41634537861,90.0,6.0,0.0,3.0,0.0,39.0
2973.71634537861,90.0,6.0,0.0,3.0,0.0,39.0
2973.717012045277,90.0,6.0,0.0,3.0,0.0,39.0
2974.017012045277,90.0,6.0,0.0,3.0,0.0,39.0
2974.017678711944,90.0,6.0,0.0,3.0,0.0,39.0
2974.317678711944,90.0,6.0,0.0,3.0,0.0,39.0
2974.318345378611,90.0,6.0,0.0,3.0,0.0,39.0
2974.618345378611,90.0,6.0,0.0,3.0,0.0,39.0
2974.619012045278,90.0,6.0,0.0,3.0,0.0,39.0
2974.919012045278,90.0,6.0,0.0,3.0,0.0,39.0
2974.919678711945,90.0,6.0,0.0,3.0,0.0,39.0
2975.219678711945,90.0,6.0,0.0,3.0,0.0,39.0
2975.220345378612,90.0,6.0,0.0,3.0,0.0,39.0
2975.520345378612,90.0,6.0,0.0,3.0,0.0,39.0
2975.521012045279,90.0,6.0,0.0,3.0,0.0,39.0
2975.821012045279,90.0,6.0,0.0,3.0,0.0,39.0
2975.821678711946,90.0,6.0,0.0,3.0,0.0,39.0
2976.121678711946,90.0,6.0,0.0,3.0,0.0,39.0
2976.122345378613,90.0,6.0,0.0,3.0,0.0,39.0
2976.422345378613,90.0,6.0,0.0,3.0,0.0,39.0
2976.42301204528,90.0,6.0,0.0,3.0,0.0,39.0
2976.72301204528,90.0,6.0,0.0,3.0,0.0,39.0
2976.723678711947,90.0,6.0,0.0,3.0,0.0,39.0
2977.023678711947,90.0,6.0,0.0,3.0,0.0,39.0
2977.024345378614,90.0,6.0,0.0,3.0,0.0,39.0
2977.324345378614,90.0,6.0,0.0,3.0,0.0,39.0
2977.325012045281,90.0,6.0,0.0,3.0,0.0,39.0
2977.625012045281,90.0,6.0,0.0,3.0,0.0,39.0
2977.625678711948,90.0,6.0,0.0,3.0,0.0,39.0
2977.925678711948,90.0,6.0,0.0,3.0,0.0,39.0
2977.9263453786148,90.0,6.0,0.0,3.0,0.0,39.0
2978.226345378615,90.0,6.0,0.0,3.0,0.0,39.0
2978.2270120452818,90.0,6.0,0.0,3.0,0.0,39.0
2978.527012045282,90.0,6.0,0.0,3.0,0.0,39.0
2978.5276787119487,90.0,6.0,0.0,3.0,0.0,39.0
2978.827678711949,90.0,6.0,0.0,3.0,0.0,39.0
2978.8283453786157,90.0,6.0,0.0,3.0,0.0,39.0
2979.128345378616,90.0,6.0,0.0,3.0,0.0,39.0
2979.1290120452827,90.0,6.0,0.0,3.0,0.0,39.0
2979.429012045283,90.0,6.0,0.0,3.0,0.0,39.0
2979.4296787119497,90.0,6.0,0.0,3.0,0.0,39.0
2979.72967871195,90.0,6.0,0.0,3.0,0.0,39.0
2979.7303453786167,90.0,6.0,0.0,3.0,0.0,39.0
2980.030345378617,90.0,6.0,0.0,3.0,0.0,39.0
2980.0310120452837,90.0,6.0,0.0,3.0,0.0,39.0
2980.331012045284,90.0,6.0,0.0,3.0,0.0,39.0
2980.3316787119506,90.0,6.0,0.0,3.0,0.0,39.0
2980.631678711951,90.0,6.0,0.0,3.0,0.0,39.0
2980.6323453786176,90.0,6.0,0.0,3.0,0.0,39.0
2980.932345378618,90.0,6.0,0.0,3.0,0.0,39.0
2980.9330120452846,90.0,6.0,0.0,3.0,0.0,39.0
2981.233012045285,90.0,6.0,0.0,3.0,0.0,39.0
2981.2336787119516,90.0,6.0,0.0,3.0,0.0,39.0
2981.533678711952,90.0,6.0,0.0,3.0,0.0,39.0
2981.5343453786186,90.0,6.0,0.0,3.0,0.0,39.0
2981.8343453786188,90.0,6.0,0.0,3.0,0.0,39.0
2981.8350120452856,90.0,6.0,0.0,3.0,0.0,39.0
2982.1350120452857,90.0,6.0,0.0,3.0,0.0,39.0
2982.1356787119526,90.0,6.0,0.0,3.0,0.0,39.0
2982.4356787119527,90.0,6.0,0.0,3.0,0.0,39.0
2982.4363453786195,90.0,6.0,0.0,3.0,0.0,39.0
2982.7363453786197,90.0,6.0,0.0,3.0,0.0,39.0
2982.7370120452865,90.0,6.0,0.0,3.0,0.0,39.0
2983.0370120452867,90.0,6.0,0.0,3.0,0.0,39.0
2983.0376787119535,90.0,6.0,0.0,3.0,0.0,39.0
2983.3376787119537,90.0,6.0,0.0,3.0,0.0,39.0
2983.3383453786205,90.0,6.0,0.0,3.0,0.0,39.0
2983.6383453786207,90.0,6.0,0.0,3.0,0.0,39.0
2983.6390120452875,90.0,6.0,0.0,3.0,0.0,39.0
2983.9390120452877,90.0,6.0,0.0,3.0,0.0,39.0
2983.9396787119545,90.0,6.0,0.0,3.0,0.0,39.0
2984.2396787119546,90.0,6.0,0.0,3.0,0.0,39.0
2984.2403453786214,90.0,6.0,0.0,3.0,0.0,39.0
2984.5403453786216,90.0,6.0,0.0,3.0,0.0,39.0
2984.5410120452884,90.0,6.0,0.0,3.0,0.0,39.0
2984.8410120452886,90.0,6.0,0.0,3.0,0.0,39.0
2984.8416787119554,90.0,6.0,0.0,3.0,0.0,39.0
2985.1416787119556,90.0,6.0,0.0,3.0,0.0,39.0
2985.1423453786224,90.0,6.0,0.0,3.0,0.0,39.0
2985.4423453786226,90.0,6.0,0.0,3.0,0.0,39.0
2985.4430120452894,90.0,6.0,0.0,3.0,0.0,39.0
2985.7430120452896,90.0,6.0,0.0,3.0,0.0,39.0
2985.7436787119564,90.0,6.0,0.0,3.0,0.0,39.0
2986.0436787119565,90.0,6.0,0.0,3.0,0.0,39.0
2986.0443453786233,90.0,6.0,0.0,3.0,0.0,39.0
2986.3443453786235,90.0,6.0,0.0,3.0,0.0,39.0
2986.3450120452903,90.0,6.0,0.0,3.0,0.0,39.0
2986.6450120452905,90.0,6.0,0.0,3.0,0.0,39.0
2986.6456787119573,90.0,6.0,0.0,3.0,0.0,39.0
2986.9456787119575,90.0,6.0,0.0,3.0,0.0,39.0
2986.9463453786243,90.0,6.0,0.0,8.0,0.0,39.0
2987.2463453786245,90.0,6.0,0.0,8.0,0.0,39.0
2987.2470120452913,90.0,6.0,0.0,8.0,0.0,39.0
2987.5470120452915,90.0,6.0,0.0,8.0,0.0,39.0
2987.5476787119583,90.0,6.0,0.0,8.0,0.0,39.0
2987.8476787119585,90.0,6.0,0.0,8.0,0.0,39.0
2987.8483453786253,90.0,6.0,0.0,8.0,0.0,39.0
2988.1483453786254,90.0,6.0,0.0,8.0,0.0,39.0
2988.1490120452922,90.0,6.0,0.0,8.0,0.0,39.0
2988.4490120452924,90.0,6.0,0.0,8.0,0.0,39.0
2988.449678711959,90.0,6.0,0.0,8.0,0.0,39.0
2988.7496787119594,90.0,6.0,0.0,8.0,0.0,39.0
2988.750345378626,90.0,6.0,0.0,8.0,0.0,39.0
2989.0503453786264,90.0,6.0,0.0,8.0,0.0,39.0
2989.051012045293,90.0,6.0,0.0,8.0,0.0,39.0
2989.3510120452934,90.0,6.0,0.0,8.0,0.0,39.0
2989.35167871196,90.0,6.0,0.0,8.0,0.0,39.0
2989.6516787119604,90.0,6.0,0.0,8.0,0.0,39.0
2989.652345378627,90.0,6.0,0.0,8.0,0.0,39.0
2989.9523453786273,90.0,6.0,0.0,8.0,0.0,39.0
2989.953012045294,90.0,6.0,0.0,8.0,0.0,39.0
2990.2530120452943,90.0,6.0,0.0,8.0,0.0,39.0
2990.253678711961,90.0,6.0,0.0,8.0,0.0,39.0
2990.5536787119613,90.0,6.0,0.0,8.0,0.0,39.0
2990.554345378628,90.0,6.0,0.0,8.0,0.0,39.0
2990.8543453786283,90.0,6.0,0.0,8.0,0.0,39.0
2990.855012045295,90.0,6.0,0.0,8.0,0.0,39.0
2991.1550120452953,90.0,6.0,0.0,8.0,0.0,39.0
2991.155678711962,90.0,6.0,0.0,8.0,0.0,39.0
2991.4556787119623,90.0,6.0,0.0,8.0,0.0,39.0
2991.456345378629,90.0,6.0,0.0,8.0,0.0,39.0
2991.7563453786292,90.0,6.0,0.0,8.0,0.0,39.0
2991.757012045296,90.0,6.0,0.0,6.0,0.0,40.0
2992.0570120452962,90.0,6.0,0.0,6.0,0.0,40.0
2992.057678711963,90.0,6.0,0.0,6.0,0.0,40.0
2992.357678711963,90.0,6.0,0.0,6.0,0.0,40.0
2992.35834537863,90.0,6.0,0.0,6.0,0.0,40.0
2992.65834537863,90.0,6.0,0.0,6.0,0.0,40.0
2992.659012045297,90.0,6.0,0.0,6.0,0.0,40.0
2992.959012045297,90.0,6.0,0.0,6.0,0.0,40.0
2992.959678711964,90.0,6.0,0.0,6.0,0.0,40.0
2993.259678711964,90.0,6.0,0.0,6.0,0.0,40.0
2993.260345378631,90.0,6.0,0.0,6.0,0.0,40.0
2993.560345378631,90.0,6.0,0.0,6.0,0.0,40.0
2993.561012045298,90.0,6.0,0.0,6.0,0.0,40.0
2993.861012045298,90.0,6.0,0.0,6.0,0.0,40.0
2993.861678711965,90.0,6.0,0.0,6.0,0.0,40.0
2994.161678711965,90.0,6.0,0.0,6.0,0.0,40.0
2994.162345378632,90.0,6.0,0.0,6.0,0.0,40.0
2994.462345378632,90.0,6.0,0.0,6.0,0.0,40.0
2994.463012045299,90.0,6.0,0.0,6.0,0.0,40.0
2994.763012045299,90.0,6.0,0.0,6.0,0.0,40.0
2994.763678711966,90.0,6.0,0.0,6.0,0.0,40.0
2995.063678711966,90.0,6.0,0.0,6.0,0.0,40.0
2995.064345378633,90.0,6.0,0.0,6.0,0.0,40.0
2995.364345378633,90.0,6.0,0.0,6.0,0.0,40.0
2995.3650120453,90.0,6.0,0.0,6.0,0.0,40.0
2995.6650120453,90.0,6.0,0.0,6.0,0.0,40.0
2995.665678711967,90.0,6.0,0.0,6.0,0.0,40.0
2995.965678711967,90.0,6.0,0.0,6.0,0.0,40.0
2995.966345378634,90.0,6.0,0.0,6.0,0.0,40.0
2996.266345378634,90.0,6.0,0.0,6.0,0.0,40.0
2996.267012045301,90.0,6.0,0.0,6.0,0.0,40.0
2996.567012045301,90.0,6.0,0.0,6.0,0.0,40.0
2996.567678711968,90.0,6.0,0.0,6.0,0.0,40.0
2996.867678711968,90.0,6.0,0.0,6.0,0.0,40.0
2996.868345378635,90.0,6.0,0.0,6.0,0.0,40.0
2997.168345378635,90.0,6.0,0.0,6.0,0.0,40.0
2997.1690120453018,90.0,6.0,0.0,6.0,0.0,40.0
2997.469012045302,90.0,6.0,0.0,6.0,0.0,40.0
2997.4696787119688,90.0,6.0,0.0,6.0,0.0,40.0
2997.769678711969,90.0,6.0,0.0,6.0,0.0,40.0
2997.7703453786357,90.0,6.0,0.0,6.0,0.0,40.0
2998.070345378636,90.0,6.0,0.0,6.0,0.0,40.0
2998.0710120453027,90.0,6.0,0.0,6.0,0.0,40.0
2998.371012045303,90.0,6.0,0.0,6.0,0.0,40.0
2998.3716787119697,90.0,6.0,0.0,6.0,0.0,40.0
2998.67167871197,90.0,6.0,0.0,6.0,0.0,40.0
2998.6723453786367,90.0,6.0,0.0,6.0,0.0,40.0
2998.972345378637,90.0,6.0,0.0,6.0,0.0,40.0
2998.9730120453037,90.0,6.0,0.0,6.0,0.0,40.0
2999.273012045304,90.0,6.0,0.0,6.0,0.0,40.0
2999.2736787119707,90.0,6.0,0.0,6.0,0.0,40.0
2999.573678711971,90.0,6.0,0.0,6.0,0.0,40.0
2999.5743453786376,90.0,6.0,0.0,6.0,0.0,40.0
2999.874345378638,90.0,6.0,0.0,6.0,0.0,40.0
2999.8750120453046,90.0,6.0,0.0,6.0,0.0,40.0
3000.175012045305,90.0,6.0,0.0,6.0,0.0,40.0
3000.1756787119716,90.0,6.0,0.0,6.0,0.0,40.0
