time,P14,P21,P3,P6,P7,P8
0.0,0.0,0,0,0,0,0
0.3,0.0,0,0,0,0,0
0.306,0.0,0,0,0,0,0
0.606,0.0,0,0,0,0,0
0.612,0.0,0,0,0,0,0
0.9119999999999999,0.0,0,0,0,0,0
0.9179999999999999,0.0,0,0,0,0,0
1.218,0.0,0,0,0,0,0
1.224,0.0,0,0,0,0,0
1.524,0.0,0,0,0,0,0
1.53,0.0,0,0,0,0,0
1.83,0.0,0,0,0,0,0
1.836,0.0,0,0,0,0,0
2.136,0.0,0,0,0,0,0
2.142,0.0,0,0,0,0,0
2.4419999999999997,0.0,0,0,0,0,0
2.4479999999999995,0.0,0,0,0,0,0
2.7479999999999993,0.0,0,0,0,0,0
2.753999999999999,0.0,0,0,0,0,0
3.053999999999999,0.0,0,0,0,0,0
3.0599999999999987,0.0,0,0,0,0,0
3.3599999999999985,0.0,0,0,0,0,0
3.3659999999999983,0.0,0,0,0,0,0
3.665999999999998,0.0,0,0,0,0,0
3.671999999999998,0.0,0,0,0,0,0
3.9719999999999978,0.0,0,0,0,0,0
3.9779999999999975,0.0,0,0,0,0,0
4.277999999999998,0.0,0,0,0,0,0
4.283999999999998,0.0,0,0,0,0,0
4.583999999999998,0.0,0,0,0,0,0
4.589999999999998,0.0,0,0,0,0,0
4.889999999999998,0.0,0,0,0,0,0
4.895999999999998,0.0,0,0,0,0,0
5.195999999999998,0.0,0,0,0,0,0
5.201999999999998,0.0,0,0,0,0,0
5.501999999999998,0.0,0,0,0,0,0
5.507999999999998,0.0,0,0,0,0,0
5.807999999999998,0.0,0,0,0,0,0
5.813999999999998,0.0,0,0,0,0,0
6.113999999999998,0.0,0,0,0,0,0
6.119999999999998,0.0,0,0,0,0,0
6.419999999999998,0.0,0,0,0,0,0
6.425999999999998,0.0,0,0,0,0,0
6.725999999999998,0.0,0,0,0,0,0
6.731999999999998,0.0,0,0,0,0,0
7.031999999999998,0.0,0,0,0,0,0
7.0379999999999985,0.0,0,0,0,0,0
7.337999999999998,0.0,0,0,0,0,0
7.3439999999999985,0.0,0,0,0,0,0
7.643999999999998,0.0,0,0,0,0,0
7.649999999999999,0.0,0,0,0,0,0
7.949999999999998,0.0,0,0,0,0,0
7.955999999999999,0.0,0,0,0,0,0
8.255999999999998,0.0,0,0,0,0,0
8.261999999999999,0.0,0,0,0,0,0
8.562,0.0,0,0,0,0,0
8.568,0.0,0,0,0,0,0
8.868,0.0,0,0,0,0,0
8.874,0.0,0,0,0,0,0
9.174000000000001,0.0,0,0,0,0,0
9.180000000000001,0.0,0,0,0,0,0
9.480000000000002,0.0,0,0,0,0,0
9.486000000000002,0.0,0,0,0,0,0
9.786000000000003,0.0,0,0,0,0,0
9.792000000000003,0.0,0,0,0,0,0
10.092000000000004,0.0,0,0,0,0,0
10.098000000000004,0.0,0,0,0,0,0
10.398000000000005,0.0,0,0,0,0,0
10.404000000000005,0.0,0,0,0,0,0
10.704000000000006,0.0,0,0,0,0,0
10.710000000000006,0.0,0,0,0,0,0
11.010000000000007,0.0,0,0,0,0,0
11.016000000000007,0.0,0,0,0,0,0
11.316000000000008,0.0,0,0,0,0,0
11.322000000000008,0.0,0,0,0,0,0
11.622000000000009,0.0,0,0,0,0,0
11.628000000000009,0.0,0,0,0,0,0
11.92800000000001,0.0,0,0,0,0,0
11.93400000000001,0.0,0,0,0,0,0
12.23400000000001,0.0,0,0,0,0,0
12.24000000000001,0.0,0,0,0,0,0
12.540000000000012,0.0,0,0,0,0,0
12.546000000000012,0.0,0,0,0,0,0
12.846000000000013,0.0,0,0,0,0,0
12.852000000000013,0.0,0,0,0,0,0
13.152000000000013,0.0,0,0,0,0,0
13.158000000000014,0.0,0,0,0,0,0
13.458000000000014,0.0,0,0,0,0,0
13.464000000000015,0.0,0,0,0,0,0
13.764000000000015,0.0,0,0,0,0,0
13.770000000000016,0.0,0,0,0,0,0
14.070000000000016,0.0,0,0,0,0,0
14.076000000000016,0.0,0,0,0,0,0
14.376000000000017,0.0,0,0,0,0,0
14.382000000000017,0.0,0,0,0,0,0
14.682000000000018,0.0,0,0,0,0,0
14.688000000000018,0.0,0,0,0,0,0
14.988000000000019,0.0,0,0,0,0,0
14.99400000000002,0.0,0,0,0,0,0
15.29400000000002,0.0,0,0,0,0,0
15.30000000000002,0.0,0,0,0,0,0
15.600000000000021,0.0,0,0,0,0,0
15.606000000000021,0.0,0,0,0,0,0
15.906000000000022,0.0,0,0,0,0,0
15.912000000000022,0.0,0,0,0,0,0
16.21200000000002,0.0,0,0,0,0,0
16.21800000000002,0.0,0,0,0,0,0
16.518000000000022,0.0,0,0,0,0,0
16.524000000000022,0.0,0,0,0,0,0
16.824000000000023,0.0,0,0,0,0,0
16.830000000000023,0.0,0,0,0,0,0
17.130000000000024,0.0,0,0,0,0,0
17.134000000000025,0.0,0,0,0,0,0
17.434000000000026,0.0,0,0,0,0,0
17.438000000000027,0.0,0,0,0,0,0
17.738000000000028,0.0,0,0,0,0,0
17.74200000000003,0.0,0,0,0,0,0
18.04200000000003,0.0,0,0,0,0,0
18.04600000000003,0.0,0,0,0,0,0
18.346000000000032,0.0,0,0,0,0,0
18.350000000000033,0.0,0,0,0,0,0
18.650000000000034,0.0,0,0,0,0,0
18.654000000000035,0.0,0,0,0,0,0
18.954000000000036,0.0,0,0,0,0,0
18.958000000000037,0.0,0,0,0,0,0
19.258000000000038,0.0,0,0,0,0,0
19.26200000000004,0.0,0,0,0,0,0
19.56200000000004,0.0,0,0,0,0,0
19.56600000000004,0.0,0,0,0,0,0
19.866000000000042,0.0,0,0,0,0,0
19.870000000000044,0.0,0,0,0,0,0
20.170000000000044,0.0,0,0,0,0,0
20.174000000000046,0.0,0,0,0,0,0
20.474000000000046,0.0,0,0,0,0,0
20.478000000000048,0.0,0,0,0,0,0
20.77800000000005,0.0,0,0,0,0,0
20.78200000000005,0.0,0,0,0,0,0
21.08200000000005,0.0,0,0,0,0,0
21.086000000000052,0.0,0,0,0,0,0
21.386000000000053,0.0,0,0,0,0,0
21.390000000000054,0.0,0,0,0,0,0
21.690000000000055,0.0,0,0,0,0,0
21.694000000000056,0.0,0,0,0,0,0
21.994000000000057,0.0,0,0,0,0,0
21.998000000000058,0.0,0,0,0,0,0
22.29800000000006,0.0,0,0,0,0,0
22.30200000000006,0.0,0,0,0,0,0
22.60200000000006,0.0,0,0,0,0,0
22.606000000000062,0.0,0,0,0,0,0
22.906000000000063,0.0,0,0,0,0,0
22.910000000000064,0.0,0,0,0,0,0
23.210000000000065,0.0,0,0,0,0,0
23.214000000000066,0.0,0,5.0,0,0,0
23.514000000000067,0.0,0,5.0,0,0,0
23.51640000000007,0.0,0,5.0,0,0,0
23.81640000000007,0.0,0,5.0,0,0,0
23.81880000000007,0.0,0,5.0,0,0,0
24.11880000000007,0.0,0,5.0,0,0,0
24.121200000000073,0.0,0,5.0,0,0,0
24.421200000000074,0.0,0,5.0,0,0,0
24.423600000000075,0.0,0,5.0,0,0,0
24.723600000000076,0.0,0,5.0,0,0,0
24.726000000000077,0.0,0,5.0,0,0,0
25.026000000000078,0.0,0,5.0,0,0,0
25.02840000000008,0.0,0,5.0,0,0,0
25.32840000000008,0.0,0,5.0,0,0,0
25.33080000000008,0.0,0,5.0,0,0,0
25.630800000000082,0.0,0,5.0,0,0,0
25.633200000000084,0.0,0,5.0,0,0,0
25.933200000000085,0.0,0,5.0,0,0,0
25.935600000000086,0.0,0,5.0,0,0,0
26.235600000000087,0.0,0,5.0,0,0,0
26.23800000000009,0.0,0,5.0,0,0,0
26.53800000000009,0.0,0,5.0,0,0,0
26.54040000000009,0.0,0,5.0,0,0,0
26.84040000000009,0.0,0,5.0,0,0,0
26.842800000000093,0.0,0,5.0,0,0,0
27.142800000000094,0.0,0,5.0,0,0,0
27.145200000000095,0.0,0,5.0,0,0,0
27.445200000000096,0.0,0,5.0,0,0,0
27.447600000000097,0.0,0,5.0,0,0,0
27.747600000000098,0.0,0,5.0,0,0,0
27.7500000000001,0.0,0,5.0,0,0,0
28.0500000000001,0.0,0,5.0,0,0,0
28.0524000000001,0.0,0,5.0,0,0,0
28.352400000000102,0.0,0,5.0,0,0,0
28.354800000000104,0.0,0,5.0,0,0,0
28.654800000000105,0.0,0,5.0,0,0,0
28.657200000000106,0.0,0,3.0,0,1.0,0
28.957200000000107,0.0,0,3.0,0,1.0,0
28.961200000000108,0.0,0,3.0,0,1.0,0
29.26120000000011,0.0,0,3.0,0,1.0,0
29.26520000000011,0.0,0,3.0,0,1.0,0
29.56520000000011,0.0,0,3.0,0,1.0,0
29.569200000000112,0.0,0,3.0,0,1.0,0
29.869200000000113,0.0,0,3.0,0,1.0,0
29.873200000000114,0.0,0,3.0,0,1.0,0
30.173200000000115,0.0,0,3.0,0,1.0,0
30.177200000000116,0.0,0,3.0,0,1.0,0
30.477200000000117,0.0,0,3.0,0,1.0,0
30.48120000000012,0.0,0,3.0,0,1.0,0
30.78120000000012,0.0,0,3.0,0,1.0,0
30.78520000000012,0.0,0,3.0,0,1.0,0
31.08520000000012,0.0,0,3.0,0,1.0,0
31.089200000000123,0.0,0,3.0,0,1.0,0
31.389200000000123,0.0,0,3.0,0,1.0,0
31.393200000000125,0.0,0,3.0,0,1.0,0
31.693200000000125,0.0,0,3.0,0,1.0,0
31.697200000000127,0.0,0,3.0,0,1.0,0
31.997200000000127,0.0,0,3.0,0,1.0,0
31.99960000000013,0.0,0,3.0,0,1.0,0
32.299600000000126,0.0,0,3.0,0,1.0,0
32.30200000000013,0.0,0,3.0,0,1.0,0
32.602000000000125,0.0,0,3.0,0,1.0,0
32.604400000000126,0.0,0,3.0,0,1.0,0
32.90440000000012,0.0,0,3.0,0,1.0,0
32.906800000000125,0.0,0,3.0,0,1.0,0
33.20680000000012,0.0,0,3.0,0,1.0,0
33.20920000000012,0.0,0,3.0,0,1.0,0
33.50920000000012,0.0,0,3.0,0,1.0,0
33.51160000000012,0.0,0,3.0,5.0,1.0,0
33.81160000000012,0.0,0,3.0,5.0,1.0,0
33.81400000000012,0.0,0,3.0,5.0,1.0,0
34.11400000000012,0.0,0,3.0,5.0,1.0,0
34.11640000000012,0.0,0,3.0,5.0,1.0,0
34.41640000000012,0.0,0,3.0,5.0,1.0,0
34.41880000000012,0.0,0,3.0,5.0,1.0,0
34.718800000000115,0.0,0,3.0,5.0,1.0,0
34.72120000000012,0.0,0,3.0,5.0,1.0,0
35.021200000000114,0.0,0,3.0,5.0,1.0,0
35.023600000000116,0.0,0,3.0,5.0,1.0,0
35.32360000000011,0.0,0,3.0,5.0,1.0,0
35.326000000000114,0.0,0,3.0,5.0,1.0,0
35.62600000000011,0.0,0,3.0,5.0,1.0,0
35.62840000000011,0.0,0,3.0,5.0,1.0,0
35.92840000000011,0.0,0,3.0,5.0,1.0,0
35.93080000000011,0.0,0,3.0,5.0,1.0,0
36.23080000000011,0.0,0,3.0,5.0,1.0,0
36.23320000000011,0.0,0,3.0,5.0,1.0,0
36.53320000000011,0.0,0,3.0,5.0,1.0,0
36.53560000000011,0.0,0,3.0,5.0,1.0,0
36.835600000000106,0.0,0,3.0,5.0,1.0,0
36.83800000000011,0.0,0,3.0,5.0,1.0,0
37.138000000000105,0.0,0,3.0,5.0,1.0,0
37.140400000000106,0.0,0,3.0,5.0,1.0,0
37.4404000000001,0.0,0,3.0,5.0,1.0,0
37.442800000000105,0.0,0,3.0,5.0,1.0,0
37.7428000000001,0.0,0,3.0,5.0,1.0,0
37.745200000000104,0.0,0,3.0,5.0,1.0,0
38.0452000000001,0.0,0,3.0,5.0,1.0,0
38.0476000000001,0.0,0,3.0,5.0,1.0,0
38.3476000000001,0.0,0,3.0,5.0,1.0,0
38.3500000000001,0.0,0,3.0,5.0,1.0,0
38.6500000000001,0.0,0,3.0,5.0,1.0,0
38.6524000000001,0.0,0,3.0,3.0,1.0,1.0
38.9524000000001,0.0,0,3.0,3.0,1.0,1.0
38.956400000000095,0.0,0,3.0,3.0,1.0,1.0
39.25640000000009,0.0,0,3.0,3.0,1.0,1.0
39.26040000000009,0.0,0,3.0,3.0,1.0,1.0
39.56040000000009,0.0,0,3.0,3.0,1.0,1.0
39.564400000000084,0.0,0,3.0,3.0,1.0,1.0
39.86440000000008,0.0,0,3.0,3.0,1.0,1.0
39.86840000000008,0.0,0,3.0,3.0,1.0,1.0
40.16840000000008,0.0,0,3.0,3.0,1.0,1.0
40.172400000000074,0.0,0,3.0,3.0,1.0,1.0
40.47240000000007,0.0,0,3.0,3.0,1.0,1.0
40.47640000000007,0.0,0,3.0,3.0,1.0,1.0
40.776400000000066,0.0,0,3.0,3.0,1.0,1.0
40.780400000000064,0.0,0,3.0,3.0,1.0,1.0
41.08040000000006,0.0,0,3.0,3.0,1.0,1.0
41.08440000000006,0.0,0,3.0,3.0,1.0,1.0
41.384400000000056,0.0,0,3.0,3.0,1.0,1.0
41.388400000000054,0.0,0,3.0,3.0,1.0,1.0
41.68840000000005,0.0,0,3.0,3.0,1.0,1.0
41.69240000000005,0.0,0,3.0,3.0,1.0,1.0
41.992400000000046,0.0,0,3.0,3.0,1.0,1.0
41.996400000000044,0.0,0,3.0,3.0,1.0,1.0
42.29640000000004,0.0,0,3.0,3.0,1.0,1.0
42.30040000000004,0.0,0,3.0,3.0,1.0,1.0
42.600400000000036,0.0,0,3.0,3.0,1.0,1.0
42.604400000000034,0.0,0,3.0,3.0,1.0,1.0
42.90440000000003,0.0,0,3.0,3.0,1.0,1.0
42.90840000000003,0.0,0,3.0,3.0,1.0,1.0
43.208400000000026,0.0,0,3.0,3.0,1.0,1.0
43.212400000000024,0.0,0,3.0,3.0,1.0,1.0
43.51240000000002,0.0,0,3.0,3.0,1.0,1.0
43.51640000000002,0.0,0,3.0,3.0,1.0,1.0
43.816400000000016,0.0,0,3.0,3.0,1.0,1.0
43.820400000000014,0.0,0,1.0,3.0,2.0,1.0
44.12040000000001,0.0,0,1.0,3.0,2.0,1.0
44.12440000000001,0.0,0,1.0,3.0,2.0,1.0
44.424400000000006,0.0,0,1.0,3.0,2.0,1.0
44.4284,0.0,0,1.0,3.0,2.0,1.0
44.7284,0.0,0,1.0,3.0,2.0,1.0
44.7324,0.0,0,1.0,3.0,2.0,1.0
45.032399999999996,0.0,0,1.0,3.0,2.0,1.0
45.03639999999999,0.0,0,1.0,3.0,2.0,1.0
45.33639999999999,0.0,0,1.0,3.0,2.0,1.0
45.34039999999999,0.0,0,1.0,3.0,2.0,1.0
45.640399999999985,0.0,0,1.0,3.0,2.0,1.0
45.64439999999998,0.0,0,1.0,3.0,2.0,1.0
45.94439999999998,0.0,0,1.0,3.0,2.0,1.0
45.94839999999998,0.0,0,1.0,3.0,2.0,1.0
46.248399999999975,0.0,0,1.0,3.0,2.0,1.0
46.25239999999997,0.0,0,1.0,3.0,2.0,1.0
46.55239999999997,0.0,0,1.0,3.0,2.0,1.0
46.55639999999997,0.0,0,1.0,3.0,2.0,1.0
46.856399999999965,0.0,0,1.0,3.0,2.0,1.0
46.86039999999996,0.0,0,1.0,3.0,2.0,1.0
47.16039999999996,0.0,0,1.0,3.0,2.0,1.0
47.16439999999996,0.0,0,1.0,3.0,2.0,1.0
47.464399999999955,0.0,0,1.0,3.0,2.0,1.0
47.46839999999995,0.0,0,1.0,3.0,2.0,1.0
47.76839999999995,0.0,0,1.0,3.0,2.0,1.0
47.77239999999995,0.0,0,1.0,3.0,2.0,1.0
48.072399999999945,0.0,0,1.0,3.0,2.0,1.0
48.07639999999994,0.0,0,1.0,3.0,2.0,1.0
48.37639999999994,0.0,0,1.0,3.0,2.0,1.0
48.38039999999994,0.0,0,1.0,3.0,2.0,1.0
48.680399999999935,0.0,0,1.0,3.0,2.0,1.0
48.68439999999993,0.0,0,1.0,3.0,2.0,1.0
48.98439999999993,0.0,0,1.0,3.0,2.0,1.0
48.98839999999993,0.0,0,1.0,3.0,2.0,1.0
49.288399999999925,0.0,0,1.0,3.0,2.0,1.0
49.29239999999992,0.0,0,1.0,3.0,2.0,1.0
49.59239999999992,0.0,0,1.0,3.0,2.0,1.0
49.59639999999992,0.0,0,1.0,3.0,2.0,1.0
49.896399999999915,0.0,0,1.0,3.0,2.0,1.0
49.90039999999991,0.0,0,1.0,3.0,2.0,1.0
50.20039999999991,0.0,0,1.0,3.0,2.0,1.0
50.20439999999991,0.0,0,1.0,3.0,2.0,1.0
50.504399999999904,0.0,0,1.0,3.0,2.0,1.0
50.5083999999999,0.0,0,1.0,3.0,2.0,1.0
50.8083999999999,0.0,0,1.0,3.0,2.0,1.0
50.8123999999999,0.0,0,1.0,3.0,2.0,1.0
51.112399999999894,0.0,0,1.0,3.0,2.0,1.0
51.11639999999989,0.0,0,1.0,3.0,2.0,1.0
51.41639999999989,0.0,0,1.0,3.0,2.0,1.0
51.42039999999989,0.0,0,1.0,1.0,2.0,2.0
51.720399999999884,0.0,0,1.0,1.0,2.0,2.0
51.72439999999988,0.0,0,1.0,1.0,2.0,2.0
52.02439999999988,0.0,0,1.0,1.0,2.0,2.0
52.02839999999988,0.0,0,1.0,1.0,2.0,2.0
52.328399999999874,0.0,0,1.0,1.0,2.0,2.0
52.33239999999987,0.0,0,1.0,1.0,2.0,2.0
52.63239999999987,0.0,0,1.0,1.0,2.0,2.0
52.63639999999987,0.0,0,1.0,1.0,2.0,2.0
52.936399999999864,0.0,0,1.0,1.0,2.0,2.0
52.94039999999986,0.0,0,1.0,1.0,2.0,2.0
53.24039999999986,0.0,0,1.0,1.0,2.0,2.0
53.24439999999986,0.0,0,1.0,1.0,2.0,2.0
53.544399999999854,0.0,0,1.0,1.0,2.0,2.0
53.54839999999985,0.0,0,1.0,1.0,2.0,2.0
53.84839999999985,0.0,0,1.0,1.0,2.0,2.0
53.85239999999985,0.0,0,1.0,1.0,2.0,2.0
54.152399999999844,0.0,0,1.0,1.0,2.0,2.0
54.15639999999984,0.0,0,1.0,1.0,2.0,2.0
54.45639999999984,0.0,0,1.0,1.0,2.0,2.0
54.46039999999984,0.0,0,1.0,1.0,2.0,2.0
54.760399999999834,0.0,0,1.0,1.0,2.0,2.0
54.76439999999983,0.0,0,1.0,1.0,2.0,2.0
55.06439999999983,0.0,0,1.0,1.0,2.0,2.0
55.068399999999826,0.0,0,1.0,1.0,2.0,2.0
55.36839999999982,0.0,0,1.0,1.0,2.0,2.0
55.37239999999982,0.0,0,1.0,1.0,2.0,2.0
55.67239999999982,0.0,0,1.0,1.0,2.0,2.0
55.676399999999816,0.0,0,1.0,1.0,2.0,2.0
55.97639999999981,0.0,0,1.0,1.0,2.0,2.0
55.98039999999981,0.0,0,1.0,1.0,2.0,2.0
56.28039999999981,0.0,0,1.0,1.0,2.0,2.0
56.284399999999806,0.0,0,1.0,1.0,2.0,2.0
56.5843999999998,0.0,0,1.0,1.0,2.0,2.0
56.5883999999998,0.0,0,1.0,1.0,2.0,2.0
56.8883999999998,0.0,0,1.0,1.0,2.0,2.0
56.892399999999796,0.0,0,1.0,1.0,2.0,2.0
57.19239999999979,0.0,0,1.0,1.0,2.0,2.0
57.19639999999979,0.0,0,1.0,1.0,2.0,2.0
57.49639999999979,0.0,0,1.0,1.0,2.0,2.0
57.500399999999786,0.0,0,1.0,1.0,2.0,2.0
57.80039999999978,0.0,0,1.0,1.0,2.0,2.0
57.80439999999978,0.0,0,1.0,6.0,2.0,2.0
58.10439999999978,0.0,0,1.0,6.0,2.0,2.0
58.10606666666644,0.0,0,1.0,6.0,2.0,2.0
58.40606666666644,0.0,0,1.0,6.0,2.0,2.0
58.407733333333105,0.0,0,1.0,6.0,2.0,2.0
58.7077333333331,0.0,0,1.0,6.0,2.0,2.0
58.70939999999977,0.0,0,1.0,6.0,2.0,2.0
59.009399999999765,0.0,0,1.0,6.0,2.0,2.0
59.01106666666643,0.0,0,1.0,6.0,2.0,2.0
59.31106666666643,0.0,0,1.0,6.0,2.0,2.0
59.31273333333309,0.0,0,1.0,6.0,2.0,2.0
59.61273333333309,0.0,0,1.0,6.0,2.0,2.0
59.614399999999755,0.0,0,1.0,6.0,2.0,2.0
59.91439999999975,0.0,0,1.0,6.0,2.0,2.0
59.91606666666642,0.0,0,1.0,6.0,2.0,2.0
60.216066666666414,0.0,0,1.0,6.0,2.0,2.0
60.21773333333308,0.0,0,1.0,6.0,2.0,2.0
60.51773333333308,0.0,0,1.0,6.0,2.0,2.0
60.51939999999974,0.0,0,1.0,6.0,2.0,2.0
60.81939999999974,0.0,0,1.0,6.0,2.0,2.0
60.821066666666404,0.0,0,1.0,6.0,2.0,2.0
61.1210666666664,0.0,0,1.0,6.0,2.0,2.0
61.122733333333066,0.0,0,1.0,6.0,2.0,2.0
61.42273333333306,0.0,0,1.0,6.0,2.0,2.0
61.42439999999973,0.0,0,1.0,6.0,2.0,2.0
61.724399999999726,0.0,0,1.0,6.0,2.0,2.0
61.72606666666639,0.0,0,1.0,6.0,2.0,2.0
62.02606666666639,0.0,0,1.0,6.0,2.0,2.0
62.02773333333305,0.0,0,1.0,6.0,2.0,2.0
62.32773333333305,0.0,0,1.0,6.0,2.0,2.0
62.329399999999715,0.0,0,1.0,4.0,2.0,3.0
62.62939999999971,0.0,0,1.0,4.0,2.0,3.0
62.63314999999971,0.0,0,1.0,4.0,2.0,3.0
62.933149999999706,0.0,0,1.0,4.0,2.0,3.0
62.9368999999997,0.0,0,1.0,2.0,2.0,4.0
63.2368999999997,0.0,0,1.0,2.0,2.0,4.0
63.2428999999997,0.0,0,1.0,2.0,2.0,4.0
63.5428999999997,0.0,0,1.0,2.0,2.0,4.0
63.5488999999997,0.0,0,1.0,2.0,2.0,4.0
63.848899999999695,0.0,0,1.0,2.0,2.0,4.0
63.854899999999695,0.0,0,1.0,2.0,2.0,4.0
64.1548999999997,0.0,0,1.0,2.0,2.0,4.0
64.1608999999997,0.0,0,1.0,2.0,2.0,4.0
64.4608999999997,0.0,0,1.0,2.0,2.0,4.0
64.4668999999997,0.0,0,1.0,2.0,2.0,4.0
64.7668999999997,0.0,0,1.0,2.0,2.0,4.0
64.7728999999997,0.0,0,1.0,2.0,2.0,4.0
65.07289999999969,0.0,0,1.0,2.0,2.0,4.0
65.07889999999969,0.0,0,1.0,2.0,2.0,4.0
65.37889999999969,0.0,0,1.0,2.0,2.0,4.0
65.38489999999969,0.0,0,1.0,2.0,2.0,4.0
65.68489999999969,0.0,0,1.0,2.0,2.0,4.0
65.69089999999969,0.0,0,1.0,2.0,2.0,4.0
65.99089999999968,0.0,0,1.0,2.0,2.0,4.0
65.99689999999968,0.0,0,1.0,2.0,2.0,4.0
66.29689999999968,0.0,0,1.0,2.0,2.0,4.0
66.30289999999968,0.0,0,1.0,2.0,2.0,4.0
66.60289999999968,0.0,0,1.0,2.0,2.0,4.0
66.60889999999968,0.0,0,1.0,2.0,2.0,4.0
66.90889999999968,0.0,0,1.0,2.0,2.0,4.0
66.91489999999968,0.0,0,1.0,2.0,2.0,4.0
67.21489999999967,0.0,0,1.0,2.0,2.0,4.0
67.22089999999967,0.0,0,1.0,2.0,2.0,4.0
67.52089999999967,0.0,0,1.0,2.0,2.0,4.0
67.52689999999967,0.0,0,1.0,2.0,2.0,4.0
67.82689999999967,0.0,0,1.0,2.0,2.0,4.0
67.83289999999967,0.0,0,1.0,2.0,2.0,4.0
68.13289999999967,0.0,0,1.0,2.0,2.0,4.0
68.13889999999967,0.0,0,1.0,2.0,2.0,4.0
68.43889999999966,0.0,0,1.0,2.0,2.0,4.0
68.44489999999966,0.0,0,1.0,2.0,2.0,4.0
68.74489999999966,0.0,0,1.0,2.0,2.0,4.0
68.75089999999966,0.0,0,1.0,2.0,2.0,4.0
69.05089999999966,0.0,0,1.0,2.0,2.0,4.0
69.05689999999966,0.0,0,1.0,2.0,2.0,4.0
69.35689999999965,0.0,0,1.0,2.0,2.0,4.0
69.36289999999966,0.0,0,1.0,2.0,2.0,4.0
69.66289999999965,0.0,0,1.0,2.0,2.0,4.0
69.66889999999965,0.0,0,1.0,2.0,2.0,4.0
69.96889999999965,0.0,0,1.0,2.0,2.0,4.0
69.97489999999965,0.0,0,1.0,2.0,2.0,4.0
70.27489999999965,0.0,0,1.0,2.0,2.0,4.0
70.28089999999965,0.0,0,1.0,2.0,2.0,4.0
70.58089999999964,0.0,0,1.0,2.0,2.0,4.0
70.58689999999964,0.0,0,1.0,2.0,2.0,4.0
70.88689999999964,0.0,0,1.0,2.0,2.0,4.0
70.89289999999964,0.0,0,1.0,2.0,2.0,4.0
71.19289999999964,0.0,0,1.0,2.0,2.0,4.0
71.19889999999964,0.0,0,1.0,2.0,2.0,4.0
71.49889999999964,0.0,0,1.0,2.0,2.0,4.0
71.50489999999964,0.0,0,1.0,2.0,2.0,4.0
71.80489999999963,0.0,0,1.0,2.0,2.0,4.0
71.81089999999963,0.0,0,1.0,2.0,2.0,4.0
72.11089999999963,0.0,0,1.0,2.0,2.0,4.0
72.11689999999963,0.0,0,1.0,2.0,2.0,4.0
72.41689999999963,0.0,0,1.0,2.0,2.0,4.0
72.42289999999963,0.0,0,1.0,2.0,2.0,4.0
72.72289999999963,0.0,0,1.0,2.0,2.0,4.0
72.72889999999963,0.0,0,1.0,2.0,2.0,4.0
73.02889999999962,0.0,0,1.0,2.0,2.0,4.0
73.03489999999962,0.0,0,1.0,2.0,2.0,4.0
73.33489999999962,0.0,0,1.0,2.0,2.0,4.0
73.34089999999962,0.0,0,1.0,2.0,2.0,4.0
73.64089999999962,0.0,0,1.0,2.0,2.0,4.0
73.64689999999962,0.0,0,1.0,2.0,2.0,4.0
73.94689999999962,0.0,0,1.0,2.0,2.0,4.0
73.95289999999962,0.0,0,1.0,2.0,2.0,4.0
74.25289999999961,0.0,0,1.0,2.0,2.0,4.0
74.25889999999961,0.0,0,1.0,2.0,2.0,4.0
74.55889999999961,0.0,0,1.0,2.0,2.0,4.0
74.56489999999961,0.0,0,1.0,2.0,2.0,4.0
74.86489999999961,0.0,0,1.0,2.0,2.0,4.0
74.86889999999961,0.0,0,1.0,2.0,2.0,4.0
75.16889999999961,0.0,0,1.0,2.0,2.0,4.0
75.17289999999961,0.0,0,1.0,2.0,2.0,4.0
75.47289999999961,0.0,0,1.0,2.0,2.0,4.0
75.47689999999962,0.0,0,1.0,2.0,2.0,4.0
75.77689999999961,0.0,0,1.0,2.0,2.0,4.0
75.78089999999962,0.0,0,6.0,2.0,2.0,4.0
76.08089999999962,0.0,0,6.0,2.0,2.0,4.0
76.08256666666628,0.0,0,6.0,2.0,2.0,4.0
76.38256666666628,0.0,0,6.0,2.0,2.0,4.0
76.38423333333294,0.0,0,6.0,2.0,2.0,4.0
76.68423333333294,0.0,0,6.0,2.0,2.0,4.0
76.6858999999996,0.0,0,6.0,2.0,2.0,4.0
76.9858999999996,0.0,0,6.0,2.0,2.0,4.0
76.98756666666627,0.0,0,6.0,2.0,2.0,4.0
77.28756666666627,0.0,0,6.0,2.0,2.0,4.0
77.28923333333293,0.0,0,6.0,2.0,2.0,4.0
77.58923333333293,0.0,0,6.0,2.0,2.0,4.0
77.59089999999959,0.0,0,6.0,2.0,2.0,4.0
77.89089999999959,0.0,0,6.0,2.0,2.0,4.0
77.89256666666626,0.0,0,6.0,2.0,2.0,4.0
78.19256666666625,0.0,0,6.0,2.0,2.0,4.0
78.19423333333292,0.0,0,6.0,2.0,2.0,4.0
78.49423333333291,0.0,0,6.0,2.0,2.0,4.0
78.49589999999958,0.0,0,6.0,2.0,2.0,4.0
78.79589999999958,0.0,0,6.0,2.0,2.0,4.0
78.79756666666624,0.0,0,6.0,2.0,2.0,4.0
79.09756666666624,0.0,0,6.0,2.0,2.0,4.0
79.0992333333329,0.0,0,6.0,2.0,2.0,4.0
79.3992333333329,0.0,0,6.0,2.0,2.0,4.0
79.40089999999957,0.0,0,6.0,2.0,2.0,4.0
79.70089999999956,0.0,0,6.0,2.0,2.0,4.0
79.70256666666623,0.0,0,6.0,2.0,2.0,4.0
80.00256666666623,0.0,0,6.0,2.0,2.0,4.0
80.00423333333289,0.0,0,6.0,2.0,2.0,4.0
80.30423333333289,0.0,0,6.0,2.0,2.0,4.0
80.30589999999955,0.0,0,6.0,2.0,2.0,4.0
80.60589999999955,0.0,0,6.0,2.0,2.0,4.0
80.60756666666622,0.0,0,6.0,2.0,2.0,4.0
80.90756666666621,0.0,0,6.0,2.0,2.0,4.0
80.90923333333288,0.0,0,6.0,2.0,2.0,4.0
81.20923333333288,0.0,0,6.0,2.0,2.0,4.0
81.21089999999954,0.0,0,6.0,2.0,2.0,4.0
81.51089999999954,0.0,0,6.0,2.0,2.0,4.0
81.5125666666662,0.0,0,6.0,2.0,2.0,4.0
81.8125666666662,0.0,0,6.0,2.0,2.0,4.0
81.81423333333287,0.0,0,4.0,2.0,3.0,4.0
82.11423333333286,0.0,0,4.0,2.0,3.0,4.0
82.11798333333286,0.0,0,4.0,2.0,3.0,4.0
82.41798333333286,0.0,0,4.0,2.0,3.0,4.0
82.42173333333285,0.0,0,4.0,2.0,3.0,4.0
82.72173333333285,0.0,0,4.0,2.0,3.0,4.0
82.72548333333285,0.0,0,4.0,2.0,3.0,4.0
83.02548333333284,0.0,0,4.0,2.0,3.0,4.0
83.02923333333284,0.0,0,4.0,2.0,3.0,4.0
83.32923333333284,0.0,0,4.0,2.0,3.0,4.0
83.33298333333283,0.0,0,4.0,2.0,3.0,4.0
83.63298333333283,0.0,0,4.0,2.0,3.0,4.0
83.63673333333283,0.0,0,4.0,2.0,3.0,4.0
83.93673333333282,0.0,0,4.0,2.0,3.0,4.0
83.94048333333282,0.0,0,4.0,2.0,3.0,4.0
84.24048333333282,0.0,0,4.0,2.0,3.0,4.0
84.24423333333282,0.0,0,4.0,2.0,3.0,4.0
84.54423333333281,0.0,0,4.0,2.0,3.0,4.0
84.54798333333281,0.0,0,4.0,2.0,3.0,4.0
84.8479833333328,0.0,0,4.0,2.0,3.0,4.0
84.8517333333328,0.0,0,4.0,2.0,3.0,4.0
85.1517333333328,0.0,0,4.0,2.0,3.0,4.0
85.1541333333328,0.0,0,4.0,2.0,3.0,4.0
85.45413333333279,0.0,0,4.0,2.0,3.0,4.0
85.45653333333279,0.0,0,4.0,2.0,3.0,4.0
85.75653333333278,0.0,0,4.0,2.0,3.0,4.0
85.75893333333278,0.0,0,4.0,2.0,3.0,4.0
86.05893333333277,0.0,0,4.0,2.0,3.0,4.0
86.06133333333277,0.0,0,4.0,2.0,3.0,4.0
86.36133333333277,0.0,0,4.0,2.0,3.0,4.0
86.36373333333276,0.0,0,4.0,2.0,3.0,4.0
86.66373333333276,0.0,0,4.0,2.0,3.0,4.0
86.66613333333275,0.0,0,4.0,2.0,3.0,4.0
86.96613333333275,0.0,0,4.0,2.0,3.0,4.0
86.96853333333274,0.0,0,4.0,2.0,3.0,4.0
87.26853333333274,0.0,0,4.0,2.0,3.0,4.0
87.27093333333274,0.0,0,4.0,2.0,3.0,4.0
87.57093333333273,0.0,0,4.0,2.0,3.0,4.0
87.57333333333273,0.0,0,4.0,2.0,3.0,4.0
87.87333333333272,0.0,0,4.0,2.0,3.0,4.0
87.87573333333272,0.0,0,4.0,2.0,3.0,4.0
88.17573333333272,0.0,0,4.0,2.0,3.0,4.0
88.17813333333271,0.0,0,4.0,2.0,3.0,4.0
88.4781333333327,0.0,0,4.0,2.0,3.0,4.0
88.4805333333327,0.0,0,4.0,2.0,3.0,4.0
88.7805333333327,0.0,0,4.0,2.0,3.0,4.0
88.78293333333269,0.0,0,4.0,2.0,3.0,4.0
89.08293333333269,0.0,0,4.0,2.0,3.0,4.0
89.08533333333268,0.0,0,4.0,2.0,3.0,4.0
89.38533333333268,0.0,0,4.0,2.0,3.0,4.0
89.38773333333268,0.0,0,4.0,2.0,3.0,4.0
89.68773333333267,0.0,0,4.0,2.0,3.0,4.0
89.69013333333267,0.0,0,4.0,2.0,3.0,4.0
89.99013333333266,0.0,0,4.0,2.0,3.0,4.0
89.99253333333266,0.0,0,4.0,2.0,3.0,4.0
90.29253333333266,0.0,0,4.0,2.0,3.0,4.0
90.29493333333265,0.0,0,4.0,2.0,3.0,4.0
90.59493333333265,0.0,0,4.0,2.0,3.0,4.0
90.59733333333264,0.0,0,4.0,2.0,3.0,4.0
90.89733333333264,0.0,0,4.0,2.0,3.0,4.0
90.89973333333263,0.0,0,4.0,2.0,3.0,4.0
91.19973333333263,0.0,0,4.0,2.0,3.0,4.0
91.20213333333263,0.0,0,4.0,2.0,3.0,4.0
91.50213333333262,0.0,0,4.0,2.0,3.0,4.0
91.50453333333262,0.0,0,4.0,2.0,3.0,4.0
91.80453333333261,0.0,0,4.0,2.0,3.0,4.0
91.80693333333261,0.0,0,4.0,2.0,3.0,4.0
92.1069333333326,0.0,0,4.0,2.0,3.0,4.0
92.1093333333326,0.0,0,4.0,2.0,3.0,4.0
92.4093333333326,0.0,0,4.0,2.0,3.0,4.0
92.41173333333259,0.0,0,4.0,2.0,3.0,4.0
92.71173333333259,0.0,0,4.0,2.0,3.0,4.0
92.71413333333258,0.0,0,4.0,2.0,3.0,4.0
93.01413333333258,0.0,0,4.0,2.0,3.0,4.0
93.01653333333257,0.0,0,4.0,2.0,3.0,4.0
93.31653333333257,0.0,0,4.0,2.0,3.0,4.0
93.31893333333257,0.0,0,4.0,2.0,3.0,4.0
93.61893333333256,0.0,0,4.0,2.0,3.0,4.0
93.62133333333256,0.0,0,4.0,2.0,3.0,4.0
93.92133333333256,0.0,0,4.0,2.0,3.0,4.0
93.92373333333255,0.0,0,4.0,2.0,3.0,4.0
94.22373333333255,0.0,0,4.0,2.0,3.0,4.0
94.22613333333254,0.0,0,4.0,2.0,3.0,4.0
94.52613333333254,0.0,0,4.0,2.0,3.0,4.0
94.52853333333253,0.0,0,4.0,2.0,3.0,4.0
94.82853333333253,0.0,0,4.0,2.0,3.0,4.0
94.83093333333252,0.0,0,4.0,2.0,3.0,4.0
95.13093333333252,0.0,0,4.0,2.0,3.0,4.0
95.13333333333252,0.0,0,4.0,2.0,3.0,4.0
95.43333333333251,0.0,0,4.0,2.0,3.0,4.0
95.43573333333251,0.0,0,4.0,2.0,3.0,4.0
95.7357333333325,0.0,0,4.0,2.0,3.0,4.0
95.7381333333325,0.0,0,4.0,2.0,3.0,4.0
96.0381333333325,0.0,0,4.0,2.0,3.0,4.0
96.04053333333249,0.0,0,4.0,2.0,3.0,4.0
96.34053333333249,0.0,0,4.0,2.0,3.0,4.0
96.34293333333248,0.0,0,4.0,2.0,3.0,4.0
96.64293333333248,0.0,0,4.0,2.0,3.0,4.0
96.64533333333247,0.0,0,4.0,2.0,3.0,4.0
96.94533333333247,0.0,0,4.0,2.0,3.0,4.0
96.94773333333247,0.0,0,4.0,2.0,3.0,4.0
97.24773333333246,0.0,0,4.0,2.0,3.0,4.0
97.25013333333246,0.0,0,4.0,2.0,3.0,4.0
97.55013333333245,0.0,0,4.0,2.0,3.0,4.0
97.55253333333245,0.0,0,4.0,2.0,3.0,4.0
97.85253333333245,0.0,0,4.0,2.0,3.0,4.0
97.85493333333244,0.0,0,4.0,2.0,3.0,4.0
98.15493333333244,0.0,0,4.0,2.0,3.0,4.0
98.15733333333243,0.0,0,2.0,2.0,4.0,4.0
98.45733333333243,0.0,0,2.0,2.0,4.0,4.0
98.45973333333242,0.0,0,2.0,2.0,4.0,4.0
98.75973333333242,0.0,0,2.0,2.0,4.0,4.0
98.76213333333241,0.0,0,2.0,2.0,4.0,4.0
99.06213333333241,0.0,0,2.0,2.0,4.0,4.0
99.0645333333324,0.0,0,2.0,2.0,4.0,4.0
99.3645333333324,0.0,0,2.0,2.0,4.0,4.0
99.3669333333324,0.0,0,2.0,2.0,4.0,4.0
99.6669333333324,0.0,0,2.0,2.0,4.0,4.0
99.66933333333239,0.0,0,2.0,2.0,4.0,4.0
99.96933333333239,0.0,0,2.0,2.0,4.0,4.0
99.97173333333238,0.0,0,2.0,0.0,4.0,5.0
100.27173333333238,0.0,0,2.0,0.0,4.0,5.0
100.27413333333237,0.0,0,2.0,0.0,4.0,5.0
100.57413333333237,0.0,0,2.0,0.0,4.0,5.0
100.57653333333236,0.0,0,2.0,0.0,4.0,5.0
100.87653333333236,0.0,0,2.0,0.0,4.0,5.0
100.87893333333236,0.0,0,2.0,0.0,4.0,5.0
101.17893333333235,0.0,0,2.0,0.0,4.0,5.0
101.18133333333235,0.0,0,2.0,0.0,4.0,5.0
101.48133333333234,0.0,0,2.0,0.0,4.0,5.0
101.48373333333234,0.0,0,2.0,0.0,4.0,5.0
101.78373333333234,0.0,0,2.0,0.0,4.0,5.0
101.78613333333233,0.0,0,2.0,5.0,4.0,5.0
102.08613333333233,0.0,0,2.0,5.0,4.0,5.0
102.08853333333232,0.0,0,2.0,5.0,4.0,4.0
102.38853333333232,0.0,0,2.0,5.0,4.0,4.0
102.39093333333231,0.0,0,2.0,3.0,4.0,5.0
102.69093333333231,0.0,0,2.0,3.0,4.0,5.0
102.69493333333232,0.0,0,2.0,3.0,4.0,5.0
102.99493333333231,0.0,0,2.0,3.0,4.0,5.0
102.99893333333232,0.0,0,2.0,3.0,4.0,5.0
103.29893333333231,0.0,0,2.0,3.0,4.0,5.0
103.30293333333232,0.0,0,2.0,3.0,4.0,5.0
103.60293333333232,0.0,0,2.0,3.0,4.0,5.0
103.60693333333232,0.0,0,2.0,3.0,4.0,5.0
103.90693333333232,0.0,0,2.0,3.0,4.0,5.0
103.91093333333232,0.0,0,2.0,3.0,4.0,5.0
104.21093333333232,0.0,0,2.0,3.0,4.0,5.0
104.21493333333233,0.0,0,2.0,3.0,4.0,5.0
104.51493333333232,0.0,0,2.0,3.0,4.0,5.0
104.51893333333233,0.0,0,2.0,3.0,4.0,5.0
104.81893333333232,0.0,0,2.0,3.0,4.0,5.0
104.82293333333233,0.0,0,2.0,3.0,4.0,5.0
105.12293333333233,0.0,0,2.0,3.0,4.0,5.0
105.12693333333233,0.0,0,2.0,3.0,4.0,5.0
105.42693333333233,0.0,0,2.0,3.0,4.0,5.0
105.43093333333233,0.0,0,2.0,3.0,4.0,5.0
105.73093333333233,0.0,0,2.0,3.0,4.0,5.0
105.73333333333233,0.0,0,2.0,3.0,4.0,5.0
106.03333333333232,0.0,0,2.0,3.0,4.0,5.0
106.03573333333232,0.0,0,2.0,3.0,4.0,5.0
106.33573333333231,0.0,0,2.0,3.0,4.0,5.0
106.33813333333231,0.0,0,2.0,3.0,4.0,5.0
106.6381333333323,0.0,0,2.0,3.0,4.0,5.0
106.6405333333323,0.0,0,2.0,3.0,4.0,5.0
106.9405333333323,0.0,0,2.0,3.0,4.0,5.0
106.94293333333229,0.0,0,2.0,3.0,4.0,5.0
107.24293333333229,0.0,0,2.0,3.0,4.0,5.0
107.24533333333228,0.0,0,2.0,3.0,4.0,5.0
107.54533333333228,0.0,0,2.0,3.0,4.0,5.0
107.54773333333227,0.0,0,2.0,3.0,4.0,5.0
107.84773333333227,0.0,0,2.0,3.0,4.0,5.0
107.85013333333227,0.0,0,2.0,3.0,4.0,5.0
108.15013333333226,0.0,0,2.0,3.0,4.0,5.0
108.15253333333226,0.0,0,2.0,3.0,4.0,5.0
108.45253333333225,0.0,0,2.0,3.0,4.0,5.0
108.45493333333225,0.0,0,2.0,3.0,4.0,5.0
108.75493333333225,0.0,0,2.0,3.0,4.0,5.0
108.75733333333224,0.0,0,2.0,3.0,4.0,5.0
109.05733333333224,0.0,0,2.0,3.0,4.0,5.0
109.05973333333223,0.0,0,2.0,3.0,4.0,5.0
109.35973333333223,0.0,0,2.0,3.0,4.0,5.0
109.36213333333222,0.0,0,2.0,3.0,4.0,5.0
109.66213333333222,0.0,0,2.0,3.0,4.0,5.0
109.66453333333222,0.0,0,2.0,3.0,4.0,5.0
109.96453333333221,0.0,0,2.0,3.0,4.0,5.0
109.96693333333221,0.0,0,2.0,3.0,4.0,5.0
110.2669333333322,0.0,0,2.0,3.0,4.0,5.0
110.2693333333322,0.0,0,2.0,3.0,4.0,5.0
110.5693333333322,0.0,0,2.0,3.0,4.0,5.0
110.57173333333219,0.0,0,2.0,8.0,4.0,5.0
110.87173333333219,0.0,0,2.0,8.0,4.0,5.0
110.8726708333322,0.0,0,2.0,8.0,4.0,5.0
111.17267083333219,0.0,0,2.0,8.0,4.0,5.0
111.1736083333322,0.0,0,2.0,8.0,4.0,5.0
111.4736083333322,0.0,0,2.0,8.0,4.0,5.0
111.4745458333322,0.0,0,2.0,8.0,4.0,5.0
111.7745458333322,0.0,0,2.0,8.0,4.0,5.0
111.7754833333322,0.0,0,2.0,8.0,4.0,5.0
112.0754833333322,0.0,0,2.0,8.0,4.0,5.0
112.07642083333221,0.0,0,2.0,8.0,4.0,5.0
112.3764208333322,0.0,0,2.0,8.0,4.0,5.0
112.37735833333221,0.0,0,2.0,8.0,4.0,5.0
112.67735833333221,0.0,0,2.0,8.0,4.0,5.0
112.67829583333221,0.0,0,2.0,8.0,4.0,5.0
112.97829583333221,0.0,0,2.0,8.0,4.0,5.0
112.97923333333222,0.0,0,2.0,8.0,4.0,5.0
113.27923333333221,0.0,0,2.0,8.0,4.0,5.0
113.28017083333222,0.0,0,2.0,8.0,4.0,5.0
113.58017083333222,0.0,0,2.0,8.0,4.0,5.0
113.58110833333222,0.0,0,2.0,8.0,4.0,5.0
113.88110833333222,0.0,0,2.0,8.0,4.0,5.0
113.88204583333223,0.0,0,2.0,8.0,4.0,5.0
114.18204583333223,0.0,0,2.0,8.0,4.0,5.0
114.18298333333223,0.0,0,2.0,8.0,4.0,5.0
114.48298333333223,0.0,0,2.0,8.0,4.0,5.0
114.48392083333223,0.0,0,2.0,8.0,4.0,5.0
114.78392083333223,0.0,0,2.0,8.0,4.0,5.0
114.78485833333224,0.0,0,2.0,8.0,4.0,5.0
115.08485833333224,0.0,0,2.0,8.0,4.0,5.0
115.08579583333224,0.0,0,2.0,8.0,4.0,5.0
115.38579583333224,0.0,0,2.0,8.0,4.0,5.0
115.38673333333224,0.0,0,2.0,8.0,4.0,5.0
115.68673333333224,0.0,0,2.0,8.0,4.0,5.0
115.68767083333225,0.0,0,2.0,8.0,4.0,5.0
115.98767083333225,0.0,0,2.0,8.0,4.0,5.0
115.98860833333225,0.0,0,2.0,8.0,4.0,5.0
116.28860833333225,0.0,0,2.0,8.0,4.0,5.0
116.28954583333226,0.0,0,2.0,8.0,4.0,5.0
116.58954583333225,0.0,0,2.0,8.0,4.0,5.0
116.59048333333226,0.0,0,2.0,8.0,4.0,5.0
116.89048333333226,0.0,0,2.0,8.0,4.0,5.0
116.89142083333226,0.0,0,2.0,8.0,4.0,5.0
117.19142083333226,0.0,0,2.0,8.0,4.0,5.0
117.19235833333227,0.0,0,2.0,8.0,4.0,5.0
117.49235833333226,0.0,0,2.0,8.0,4.0,5.0
117.49329583333227,0.0,0,2.0,8.0,4.0,5.0
117.79329583333227,0.0,0,2.0,8.0,4.0,5.0
117.79423333333227,0.0,0,2.0,8.0,4.0,5.0
118.09423333333227,0.0,0,2.0,8.0,4.0,5.0
118.09517083333228,0.0,0,2.0,8.0,4.0,5.0
118.39517083333227,0.0,0,2.0,8.0,4.0,5.0
118.39610833333228,0.0,0,2.0,8.0,4.0,5.0
118.69610833333228,0.0,0,2.0,8.0,4.0,5.0
118.69704583333228,0.0,0,2.0,8.0,4.0,5.0
118.99704583333228,0.0,0,2.0,8.0,4.0,5.0
118.99798333333229,0.0,0,2.0,8.0,4.0,5.0
119.29798333333228,0.0,0,2.0,8.0,4.0,5.0
119.29892083333229,0.0,0,2.0,8.0,4.0,5.0
119.59892083333229,0.0,0,2.0,8.0,4.0,5.0
119.59985833333229,0.0,0,2.0,8.0,4.0,5.0
119.89985833333229,0.0,0,2.0,8.0,4.0,5.0
119.9007958333323,0.0,0,2.0,8.0,4.0,5.0
120.2007958333323,0.0,0,2.0,8.0,4.0,5.0
120.2017333333323,0.0,0,2.0,8.0,4.0,5.0
120.5017333333323,0.0,0,2.0,8.0,4.0,5.0
120.5026708333323,0.0,0,2.0,8.0,4.0,5.0
120.8026708333323,0.0,0,2.0,8.0,4.0,5.0
120.8036083333323,0.0,0,2.0,8.0,4.0,5.0
121.1036083333323,0.0,0,2.0,8.0,4.0,5.0
121.10454583333231,0.0,0,2.0,8.0,4.0,5.0
121.4045458333323,0.0,0,2.0,8.0,4.0,5.0
121.40548333333231,0.0,0,2.0,8.0,4.0,5.0
121.70548333333231,0.0,0,2.0,8.0,4.0,5.0
121.70642083333232,0.0,0,2.0,8.0,4.0,5.0
122.00642083333231,0.0,0,2.0,8.0,4.0,5.0
122.00735833333232,0.0,0,2.0,8.0,4.0,5.0
122.30735833333232,0.0,0,2.0,8.0,4.0,5.0
122.30829583333232,0.0,0,2.0,8.0,4.0,5.0
122.60829583333232,0.0,0,2.0,8.0,4.0,5.0
122.60923333333233,0.0,0,2.0,8.0,4.0,5.0
122.90923333333232,0.0,0,2.0,8.0,4.0,5.0
122.91017083333233,0.0,0,2.0,8.0,4.0,5.0
123.21017083333233,0.0,0,2.0,8.0,4.0,5.0
123.21110833333233,0.0,0,2.0,8.0,4.0,5.0
123.51110833333233,0.0,0,2.0,8.0,4.0,5.0
123.51204583333234,0.0,0,2.0,8.0,4.0,5.0
123.81204583333233,0.0,0,2.0,8.0,4.0,5.0
123.81298333333234,0.0,0,2.0,8.0,4.0,5.0
124.11298333333234,0.0,0,2.0,8.0,4.0,5.0
124.11392083333234,0.0,0,2.0,8.0,4.0,5.0
124.41392083333234,0.0,0,2.0,8.0,4.0,5.0
124.41485833333235,0.0,0,2.0,8.0,4.0,5.0
124.71485833333234,0.0,0,2.0,8.0,4.0,5.0
124.71579583333235,0.0,0,2.0,8.0,4.0,5.0
125.01579583333235,0.0,0,2.0,8.0,4.0,5.0
125.01673333333235,0.0,0,2.0,8.0,4.0,5.0
125.31673333333235,0.0,0,2.0,8.0,4.0,5.0
125.31767083333236,0.0,0,2.0,8.0,4.0,5.0
125.61767083333235,0.0,0,2.0,8.0,4.0,5.0
125.61860833333236,0.0,0,2.0,8.0,4.0,5.0
125.91860833333236,0.0,0,2.0,8.0,4.0,5.0
125.91954583333236,0.0,0,2.0,8.0,4.0,5.0
126.21954583333236,0.0,0,2.0,8.0,4.0,5.0
126.22048333333237,0.0,0,2.0,8.0,4.0,5.0
126.52048333333236,0.0,0,2.0,8.0,4.0,5.0
126.52142083333237,0.0,0,2.0,8.0,4.0,5.0
126.82142083333237,0.0,0,2.0,8.0,4.0,5.0
126.82235833333237,0.0,0,2.0,8.0,4.0,5.0
127.12235833333237,0.0,0,2.0,8.0,4.0,5.0
127.12329583333238,0.0,0,2.0,8.0,4.0,5.0
127.42329583333238,0.0,0,2.0,8.0,4.0,5.0
127.42423333333238,0.0,0,2.0,8.0,4.0,5.0
127.72423333333238,0.0,0,2.0,8.0,4.0,5.0
127.72517083333238,0.0,0,2.0,8.0,4.0,5.0
128.0251708333324,0.0,0,2.0,8.0,4.0,5.0
128.0261083333324,0.0,0,2.0,8.0,4.0,5.0
128.3261083333324,0.0,0,2.0,8.0,4.0,5.0
128.3270458333324,0.0,0,2.0,8.0,4.0,5.0
128.6270458333324,0.0,0,2.0,8.0,4.0,5.0
128.6279833333324,0.0,0,2.0,8.0,4.0,5.0
128.9279833333324,0.0,0,2.0,8.0,4.0,5.0
128.9289208333324,0.0,0,2.0,8.0,4.0,5.0
129.2289208333324,0.0,0,2.0,8.0,4.0,5.0
129.2298583333324,0.0,0,2.0,8.0,4.0,5.0
129.5298583333324,0.0,0,2.0,8.0,4.0,5.0
129.5307958333324,0.0,0,2.0,8.0,4.0,5.0
129.83079583333242,0.0,0,2.0,8.0,4.0,5.0
129.8317333333324,0.0,0,2.0,8.0,4.0,5.0
130.13173333333242,0.0,0,2.0,8.0,4.0,5.0
130.1326708333324,0.0,0,2.0,8.0,4.0,5.0
130.43267083333242,0.0,0,2.0,8.0,4.0,5.0
130.43360833333242,0.0,0,2.0,8.0,4.0,5.0
130.73360833333243,0.0,0,2.0,8.0,4.0,5.0
130.73454583333242,0.0,0,2.0,8.0,4.0,5.0
131.03454583333243,0.0,0,2.0,8.0,4.0,5.0
131.03548333333242,0.0,0,2.0,8.0,4.0,5.0
131.33548333333243,0.0,0,2.0,8.0,4.0,5.0
131.33642083333243,0.0,0,2.0,8.0,4.0,5.0
131.63642083333244,0.0,0,2.0,8.0,4.0,5.0
131.63735833333243,0.0,0,2.0,8.0,4.0,5.0
131.93735833333244,0.0,0,2.0,8.0,4.0,5.0
131.93829583333243,0.0,0,2.0,8.0,4.0,5.0
132.23829583333244,0.0,0,2.0,8.0,4.0,5.0
132.23923333333244,0.0,0,2.0,8.0,4.0,5.0
132.53923333333245,0.0,0,2.0,8.0,4.0,5.0
132.54017083333244,0.0,0,2.0,13.0,4.0,5.0
132.84017083333245,0.0,0,2.0,13.0,4.0,5.0
132.84052586291824,0.0,0,2.0,13.0,4.0,5.0
133.14052586291825,0.0,0,2.0,13.0,4.0,5.0
133.14088089250404,0.0,0,2.0,13.0,4.0,5.0
133.44088089250405,0.0,0,2.0,13.0,4.0,5.0
133.44123592208985,0.0,0,2.0,13.0,4.0,5.0
133.74123592208986,0.0,0,2.0,13.0,4.0,5.0
133.74159095167565,0.0,0,2.0,13.0,4.0,5.0
134.04159095167566,0.0,0,2.0,13.0,4.0,5.0
134.04194598126145,0.0,0,2.0,13.0,4.0,5.0
134.34194598126146,0.0,0,2.0,13.0,4.0,5.0
134.34230101084725,0.0,0,2.0,13.0,4.0,5.0
134.64230101084726,0.0,0,2.0,13.0,4.0,5.0
134.64265604043305,0.0,0,2.0,13.0,4.0,5.0
134.94265604043306,0.0,0,2.0,13.0,4.0,5.0
134.94301107001885,0.0,0,2.0,13.0,4.0,5.0
135.24301107001887,0.0,0,2.0,13.0,4.0,5.0
135.24336609960466,0.0,0,2.0,13.0,4.0,5.0
135.54336609960467,0.0,0,2.0,13.0,4.0,5.0
135.54372112919046,0.0,0,2.0,13.0,4.0,5.0
135.84372112919047,0.0,0,2.0,13.0,4.0,5.0
135.84407615877626,0.0,0,2.0,13.0,4.0,5.0
136.14407615877627,0.0,0,2.0,13.0,4.0,5.0
136.14443118836206,0.0,0,2.0,13.0,4.0,5.0
136.44443118836207,0.0,0,2.0,13.0,4.0,5.0
136.44478621794786,0.0,0,2.0,13.0,4.0,5.0
136.74478621794788,0.0,0,2.0,13.0,4.0,5.0
136.74514124753367,0.0,0,2.0,13.0,4.0,5.0
137.04514124753368,0.0,0,2.0,13.0,4.0,5.0
137.04549627711947,0.0,0,2.0,13.0,4.0,5.0
137.34549627711948,0.0,0,2.0,13.0,4.0,5.0
137.34585130670527,0.0,0,2.0,13.0,4.0,5.0
137.64585130670528,0.0,0,2.0,13.0,4.0,5.0
137.64620633629107,0.0,0,2.0,13.0,4.0,5.0
137.94620633629108,0.0,0,2.0,13.0,4.0,5.0
137.94656136587687,0.0,0,2.0,13.0,4.0,5.0
138.2465613658769,0.0,0,2.0,13.0,4.0,5.0
138.24691639546268,0.0,0,2.0,13.0,4.0,5.0
138.5469163954627,0.0,0,2.0,13.0,4.0,5.0
138.54727142504848,0.0,0,2.0,13.0,4.0,5.0
138.8472714250485,0.0,0,2.0,13.0,4.0,5.0
138.84762645463428,0.0,0,2.0,13.0,4.0,5.0
139.1476264546343,0.0,0,2.0,13.0,4.0,5.0
139.14798148422008,0.0,0,2.0,13.0,4.0,5.0
139.4479814842201,0.0,0,2.0,13.0,4.0,5.0
139.44833651380588,0.0,0,2.0,13.0,4.0,5.0
139.7483365138059,0.0,0,2.0,13.0,4.0,5.0
139.7486915433917,0.0,0,2.0,13.0,4.0,5.0
140.0486915433917,0.0,0,2.0,13.0,4.0,5.0
140.0490465729775,0.0,0,2.0,13.0,4.0,5.0
140.3490465729775,0.0,0,2.0,13.0,4.0,5.0
140.3494016025633,0.0,0,2.0,13.0,4.0,5.0
140.6494016025633,0.0,0,2.0,13.0,4.0,5.0
140.6497566321491,0.0,0,2.0,13.0,4.0,5.0
140.9497566321491,0.0,0,2.0,13.0,4.0,5.0
140.9501116617349,0.0,0,2.0,13.0,4.0,5.0
141.2501116617349,0.0,0,2.0,13.0,4.0,5.0
141.2504666913207,0.0,0,2.0,13.0,4.0,5.0
141.5504666913207,0.0,0,2.0,13.0,4.0,5.0
141.5508217209065,0.0,0,2.0,13.0,4.0,5.0
141.8508217209065,0.0,0,2.0,13.0,4.0,5.0
141.8511767504923,0.0,0,2.0,13.0,4.0,5.0
142.1511767504923,0.0,0,2.0,13.0,4.0,5.0
142.1515317800781,0.0,0,2.0,13.0,4.0,5.0
142.4515317800781,0.0,0,2.0,13.0,4.0,5.0
142.4518868096639,0.0,0,2.0,13.0,4.0,5.0
142.75188680966392,0.0,0,2.0,13.0,4.0,5.0
142.7522418392497,0.0,0,2.0,13.0,4.0,5.0
143.05224183924972,0.0,0,2.0,13.0,4.0,5.0
143.0525968688355,0.0,0,2.0,13.0,4.0,5.0
143.35259686883552,0.0,0,2.0,13.0,4.0,5.0
143.3529518984213,0.0,0,2.0,13.0,4.0,5.0
143.65295189842132,0.0,0,2.0,13.0,4.0,5.0
143.6533069280071,0.0,0,2.0,13.0,4.0,5.0
143.95330692800712,0.0,0,2.0,13.0,4.0,5.0
143.9536619575929,0.0,0,2.0,13.0,4.0,5.0
144.25366195759293,0.0,0,2.0,13.0,4.0,5.0
144.25401698717872,0.0,0,2.0,13.0,4.0,5.0
144.55401698717873,0.0,0,2.0,13.0,4.0,5.0
144.55437201676452,0.0,0,2.0,13.0,4.0,5.0
144.85437201676453,0.0,0,2.0,13.0,4.0,5.0
144.85472704635032,0.0,0,2.0,13.0,4.0,5.0
145.15472704635033,0.0,0,2.0,13.0,4.0,5.0
145.15508207593612,0.0,0,2.0,13.0,4.0,5.0
145.45508207593613,0.0,0,2.0,13.0,4.0,5.0
145.45543710552192,0.0,0,2.0,13.0,4.0,5.0
145.75543710552193,0.0,0,2.0,13.0,4.0,5.0
145.75579213510773,0.0,0,2.0,13.0,4.0,5.0
146.05579213510774,0.0,0,2.0,13.0,4.0,5.0
146.05614716469353,0.0,0,2.0,13.0,4.0,5.0
146.35614716469354,0.0,0,2.0,13.0,4.0,5.0
146.35650219427933,0.0,0,2.0,13.0,4.0,5.0
146.65650219427934,0.0,0,2.0,13.0,4.0,5.0
146.65685722386513,0.0,0,2.0,13.0,4.0,5.0
146.95685722386514,0.0,0,2.0,13.0,4.0,5.0
146.95721225345093,0.0,0,2.0,11.0,4.0,6.0
147.25721225345094,0.0,0,2.0,11.0,4.0,6.0
147.25770812121954,0.0,0,2.0,11.0,4.0,6.0
147.55770812121955,0.0,0,2.0,11.0,4.0,6.0
147.55820398898814,0.0,0,2.0,11.0,4.0,6.0
147.85820398898815,0.0,0,2.0,11.0,4.0,6.0
147.85869985675674,0.0,0,2.0,11.0,4.0,6.0
148.15869985675675,0.0,0,2.0,11.0,4.0,6.0
148.15919572452535,0.0,0,2.0,11.0,4.0,6.0
148.45919572452536,0.0,0,2.0,11.0,4.0,6.0
148.45969159229395,0.0,0,2.0,11.0,4.0,6.0
148.75969159229396,0.0,0,2.0,11.0,4.0,6.0
148.76018746006255,0.0,0,2.0,11.0,4.0,6.0
149.06018746006256,0.0,0,2.0,11.0,4.0,6.0
149.06068332783116,0.0,0,2.0,11.0,4.0,6.0
149.36068332783117,0.0,0,2.0,11.0,4.0,6.0
149.36117919559976,0.0,0,2.0,11.0,4.0,6.0
149.66117919559977,0.0,0,2.0,11.0,4.0,6.0
149.66167506336836,0.0,0,2.0,11.0,4.0,6.0
149.96167506336838,0.0,0,2.0,11.0,4.0,6.0
149.96217093113697,0.0,0,2.0,11.0,4.0,6.0
150.26217093113698,0.0,0,2.0,11.0,4.0,6.0
150.26266679890557,0.0,0,2.0,11.0,4.0,6.0
150.56266679890558,0.0,0,2.0,11.0,4.0,6.0
150.56316266667417,0.0,0,2.0,11.0,4.0,6.0
150.86316266667419,0.0,0,2.0,11.0,4.0,6.0
150.86365853444278,0.0,0,2.0,11.0,4.0,6.0
151.1636585344428,0.0,0,2.0,11.0,4.0,6.0
151.16415440221138,0.0,0,2.0,11.0,4.0,6.0
151.4641544022114,0.0,0,2.0,11.0,4.0,6.0
151.46465026997998,0.0,0,2.0,11.0,4.0,6.0
151.76465026998,0.0,0,2.0,11.0,4.0,6.0
151.7651461377486,0.0,0,2.0,11.0,4.0,6.0
152.0651461377486,0.0,0,2.0,11.0,4.0,6.0
152.0656420055172,0.0,0,2.0,11.0,4.0,6.0
152.3656420055172,0.0,0,2.0,11.0,4.0,6.0
152.3661378732858,0.0,0,2.0,11.0,4.0,6.0
152.6661378732858,0.0,0,2.0,11.0,4.0,6.0
152.6666337410544,0.0,0,2.0,11.0,4.0,6.0
152.9666337410544,0.0,0,2.0,11.0,4.0,6.0
152.967129608823,0.0,0,2.0,11.0,4.0,6.0
153.267129608823,0.0,0,2.0,11.0,4.0,6.0
153.2676254765916,0.0,0,2.0,11.0,4.0,6.0
153.56762547659162,0.0,0,2.0,11.0,4.0,6.0
153.5681213443602,0.0,0,2.0,11.0,4.0,6.0
153.86812134436022,0.0,0,2.0,11.0,4.0,6.0
153.8686172121288,0.0,0,2.0,11.0,4.0,6.0
154.16861721212882,0.0,0,2.0,11.0,4.0,6.0
154.16911307989741,0.0,0,2.0,11.0,4.0,6.0
154.46911307989743,0.0,0,2.0,11.0,4.0,6.0
154.46960894766602,0.0,0,2.0,11.0,4.0,6.0
154.76960894766603,0.0,0,2.0,11.0,4.0,6.0
154.77010481543462,0.0,0,2.0,11.0,4.0,6.0
155.07010481543463,0.0,0,2.0,11.0,4.0,6.0
155.07060068320322,0.0,0,2.0,11.0,4.0,6.0
155.37060068320324,0.0,0,2.0,11.0,4.0,6.0
155.37109655097183,0.0,0,2.0,11.0,4.0,6.0
155.67109655097184,0.0,0,2.0,11.0,4.0,6.0
155.67159241874043,0.0,0,2.0,11.0,4.0,6.0
155.97159241874044,0.0,0,2.0,11.0,4.0,6.0
155.97208828650903,0.0,0,2.0,11.0,4.0,6.0
156.27208828650905,0.0,0,2.0,11.0,4.0,6.0
156.27258415427764,0.0,0,2.0,11.0,4.0,6.0
156.57258415427765,0.0,0,2.0,11.0,4.0,6.0
156.57308002204624,0.0,0,2.0,11.0,4.0,6.0
156.87308002204625,0.0,0,2.0,11.0,4.0,6.0
156.87357588981484,0.0,0,2.0,11.0,4.0,6.0
157.17357588981486,0.0,0,2.0,11.0,4.0,6.0
157.17407175758345,0.0,0,2.0,11.0,4.0,6.0
157.47407175758346,0.0,0,2.0,11.0,4.0,6.0
157.47456762535205,0.0,0,2.0,11.0,4.0,6.0
157.77456762535206,0.0,0,2.0,11.0,4.0,6.0
157.77506349312065,0.0,0,2.0,11.0,4.0,6.0
158.07506349312067,0.0,0,2.0,11.0,4.0,6.0
158.07555936088926,0.0,0,2.0,11.0,4.0,6.0
158.37555936088927,0.0,0,2.0,11.0,4.0,6.0
158.37605522865786,0.0,0,2.0,11.0,4.0,6.0
158.67605522865787,0.0,0,2.0,11.0,4.0,6.0
158.67655109642646,0.0,0,2.0,11.0,4.0,6.0
158.97655109642648,0.0,0,2.0,11.0,4.0,6.0
158.97704696419507,0.0,0,2.0,11.0,4.0,6.0
159.27704696419508,0.0,0,2.0,11.0,4.0,6.0
159.27754283196367,0.0,0,2.0,11.0,4.0,6.0
159.57754283196368,0.0,0,2.0,11.0,4.0,6.0
159.57803869973228,0.0,0,2.0,11.0,4.0,6.0
159.8780386997323,0.0,0,2.0,11.0,4.0,6.0
159.87853456750088,0.0,0,2.0,11.0,4.0,6.0
160.1785345675009,0.0,0,2.0,11.0,4.0,6.0
160.17903043526948,0.0,0,2.0,11.0,4.0,6.0
160.4790304352695,0.0,0,2.0,11.0,4.0,6.0
160.47952630303809,0.0,0,2.0,11.0,4.0,6.0
160.7795263030381,0.0,0,2.0,11.0,4.0,6.0
160.7800221708067,0.0,0,2.0,11.0,4.0,6.0
161.0800221708067,0.0,0,2.0,11.0,4.0,6.0
161.0805180385753,0.0,0,2.0,11.0,4.0,6.0
161.3805180385753,0.0,0,2.0,11.0,4.0,6.0
161.3810139063439,0.0,0,2.0,11.0,4.0,6.0
161.6810139063439,0.0,0,2.0,11.0,4.0,6.0
161.6815097741125,0.0,0,2.0,11.0,4.0,6.0
161.9815097741125,0.0,0,2.0,11.0,4.0,6.0
161.9820056418811,0.0,0,2.0,11.0,4.0,6.0
162.2820056418811,0.0,0,2.0,11.0,4.0,6.0
162.2825015096497,0.0,0,2.0,11.0,4.0,6.0
162.58250150964972,0.0,0,2.0,11.0,4.0,6.0
162.5829973774183,0.0,0,2.0,11.0,4.0,6.0
162.88299737741832,0.0,0,2.0,11.0,4.0,6.0
162.8834932451869,0.0,0,2.0,11.0,4.0,6.0
163.18349324518692,0.0,0,2.0,11.0,4.0,6.0
163.18398911295552,0.0,0,2.0,11.0,4.0,6.0
163.48398911295553,0.0,0,2.0,11.0,4.0,6.0
163.48448498072412,0.0,0,2.0,11.0,4.0,6.0
163.78448498072413,0.0,0,2.0,11.0,4.0,6.0
163.78498084849272,0.0,0,2.0,11.0,4.0,6.0
164.08498084849273,0.0,0,2.0,11.0,4.0,6.0
164.08547671626133,0.0,0,2.0,11.0,4.0,6.0
164.38547671626134,0.0,0,2.0,11.0,4.0,6.0
164.38597258402993,0.0,0,2.0,11.0,4.0,6.0
164.68597258402994,0.0,0,2.0,11.0,4.0,6.0
164.68646845179853,0.0,0,2.0,11.0,4.0,6.0
164.98646845179854,0.0,0,2.0,11.0,4.0,6.0
164.98696431956714,0.0,0,2.0,11.0,4.0,6.0
165.28696431956715,0.0,0,2.0,11.0,4.0,6.0
165.28746018733574,0.0,0,2.0,11.0,4.0,6.0
165.58746018733575,0.0,0,2.0,11.0,4.0,6.0
165.58795605510434,0.0,0,2.0,11.0,4.0,6.0
165.88795605510435,0.0,0,2.0,11.0,4.0,6.0
165.88845192287295,0.0,0,2.0,11.0,4.0,6.0
166.18845192287296,0.0,0,2.0,11.0,4.0,6.0
166.18894779064155,0.0,0,2.0,11.0,4.0,6.0
166.48894779064156,0.0,0,2.0,11.0,4.0,6.0
166.48944365841015,0.0,0,2.0,11.0,4.0,6.0
166.78944365841016,0.0,0,2.0,11.0,4.0,6.0
166.78993952617876,0.0,0,2.0,11.0,4.0,6.0
167.08993952617877,0.0,0,2.0,11.0,4.0,6.0
167.09043539394736,0.0,0,2.0,11.0,4.0,6.0
167.39043539394737,0.0,0,2.0,11.0,4.0,6.0
167.39093126171596,0.0,0,2.0,9.0,4.0,7.0
167.69093126171597,0.0,0,2.0,9.0,4.0,7.0
167.69167200245673,0.0,0,2.0,9.0,4.0,7.0
167.99167200245674,0.0,0,2.0,9.0,4.0,7.0
167.9924127431975,0.0,0,2.0,9.0,4.0,7.0
168.2924127431975,0.0,0,2.0,9.0,4.0,7.0
168.29315348393826,0.0,0,2.0,9.0,4.0,7.0
168.59315348393827,0.0,0,2.0,9.0,4.0,7.0
168.59389422467902,0.0,0,2.0,9.0,4.0,7.0
168.89389422467903,0.0,0,2.0,9.0,4.0,7.0
168.89463496541978,0.0,0,2.0,9.0,4.0,7.0
169.1946349654198,0.0,0,2.0,9.0,4.0,7.0
169.19537570616055,0.0,0,2.0,9.0,4.0,7.0
169.49537570616056,0.0,0,2.0,9.0,4.0,7.0
169.4961164469013,0.0,0,2.0,9.0,4.0,7.0
169.79611644690132,0.0,0,2.0,9.0,4.0,7.0
169.79685718764208,0.0,0,2.0,7.0,4.0,8.0
170.0968571876421,0.0,0,2.0,7.0,4.0,8.0
170.09808167743802,0.0,0,2.0,7.0,4.0,8.0
170.39808167743803,0.0,0,2.0,7.0,4.0,8.0
170.39930616723396,0.0,0,2.0,7.0,4.0,8.0
170.69930616723397,0.0,0,2.0,7.0,4.0,8.0
170.7005306570299,0.0,0,2.0,7.0,4.0,8.0
171.0005306570299,0.0,0,2.0,7.0,4.0,8.0
171.00175514682584,0.0,0,2.0,7.0,4.0,8.0
171.30175514682585,0.0,0,2.0,7.0,4.0,8.0
171.30297963662179,0.0,0,2.0,7.0,4.0,8.0
171.6029796366218,0.0,0,2.0,7.0,4.0,8.0
171.60420412641773,0.0,0,2.0,7.0,4.0,8.0
171.90420412641774,0.0,0,2.0,7.0,4.0,8.0
171.90542861621367,0.0,0,2.0,7.0,4.0,8.0
172.20542861621368,0.0,0,2.0,7.0,4.0,8.0
172.2066531060096,0.0,0,2.0,7.0,4.0,8.0
172.50665310600962,0.0,0,2.0,7.0,4.0,8.0
172.50787759580555,0.0,0,2.0,7.0,4.0,8.0
172.80787759580556,0.0,0,2.0,7.0,4.0,8.0
172.8091020856015,0.0,0,2.0,7.0,4.0,8.0
173.1091020856015,0.0,0,2.0,7.0,4.0,8.0
173.11032657539744,0.0,0,2.0,7.0,4.0,8.0
173.41032657539745,0.0,0,2.0,7.0,4.0,8.0
173.41155106519338,0.0,0,2.0,7.0,4.0,8.0
173.7115510651934,0.0,0,2.0,7.0,4.0,8.0
173.71277555498932,0.0,0,2.0,7.0,4.0,8.0
174.01277555498933,0.0,0,2.0,7.0,4.0,8.0
174.01400004478526,0.0,0,2.0,7.0,4.0,8.0
174.31400004478527,0.0,0,2.0,7.0,4.0,8.0
174.3152245345812,0.0,0,2.0,7.0,4.0,8.0
174.61522453458122,0.0,0,2.0,7.0,4.0,8.0
174.61644902437715,0.0,0,2.0,7.0,4.0,8.0
174.91644902437716,0.0,0,2.0,7.0,4.0,8.0
174.9176735141731,0.0,0,2.0,7.0,4.0,8.0
175.2176735141731,0.0,0,2.0,7.0,4.0,8.0
175.21889800396903,0.0,0,2.0,7.0,4.0,8.0
175.51889800396904,0.0,0,2.0,7.0,4.0,8.0
175.52012249376497,0.0,0,2.0,7.0,4.0,8.0
175.82012249376498,0.0,0,2.0,7.0,4.0,8.0
175.82134698356091,0.0,0,2.0,7.0,4.0,8.0
176.12134698356093,0.0,0,2.0,7.0,4.0,8.0
176.12257147335686,0.0,0,2.0,7.0,4.0,8.0
176.42257147335687,0.0,0,2.0,7.0,4.0,8.0
176.4237959631528,0.0,0,2.0,7.0,4.0,8.0
176.7237959631528,0.0,0,2.0,7.0,4.0,8.0
176.72502045294874,0.0,0,2.0,7.0,4.0,8.0
177.02502045294875,0.0,0,2.0,7.0,4.0,8.0
177.02624494274468,0.0,0,2.0,5.0,4.0,9.0
177.3262449427447,0.0,0,2.0,5.0,4.0,9.0
177.3286449427447,0.0,0,2.0,5.0,4.0,9.0
177.6286449427447,0.0,0,2.0,5.0,4.0,9.0
177.6310449427447,0.0,0,2.0,5.0,4.0,9.0
177.9310449427447,0.0,0,2.0,5.0,4.0,9.0
177.9334449427447,0.0,0,2.0,5.0,4.0,9.0
178.2334449427447,0.0,0,2.0,5.0,4.0,9.0
178.2358449427447,0.0,0,2.0,5.0,4.0,9.0
178.53584494274472,0.0,0,2.0,5.0,4.0,9.0
178.5382449427447,0.0,0,2.0,5.0,4.0,9.0
178.83824494274472,0.0,0,2.0,5.0,4.0,9.0
178.84064494274472,0.0,0,2.0,5.0,4.0,9.0
179.14064494274473,0.0,0,2.0,5.0,4.0,9.0
179.14304494274472,0.0,0,2.0,5.0,4.0,9.0
179.44304494274473,0.0,0,2.0,5.0,4.0,9.0
179.44544494274473,0.0,0,2.0,5.0,4.0,9.0
179.74544494274474,0.0,0,2.0,5.0,4.0,9.0
179.74784494274473,0.0,0,2.0,5.0,4.0,9.0
180.04784494274475,0.0,0,2.0,5.0,4.0,9.0
180.05024494274474,0.0,0,2.0,5.0,4.0,9.0
180.35024494274475,0.0,0,2.0,5.0,4.0,9.0
180.35264494274475,0.0,0,2.0,5.0,4.0,9.0
180.65264494274476,0.0,0,2.0,5.0,4.0,9.0
180.65504494274475,0.0,0,2.0,5.0,4.0,9.0
180.95504494274476,0.0,0,2.0,5.0,4.0,9.0
180.95744494274476,0.0,0,2.0,5.0,4.0,9.0
181.25744494274477,0.0,0,2.0,5.0,4.0,9.0
181.25984494274476,0.0,0,2.0,5.0,4.0,9.0
181.55984494274477,0.0,0,2.0,5.0,4.0,9.0
181.56224494274477,0.0,0,2.0,5.0,4.0,9.0
181.86224494274478,0.0,0,2.0,5.0,4.0,9.0
181.86464494274477,0.0,0,2.0,5.0,4.0,9.0
182.1646449427448,0.0,0,2.0,5.0,4.0,9.0
182.16704494274478,0.0,0,2.0,5.0,4.0,9.0
182.4670449427448,0.0,0,2.0,5.0,4.0,9.0
182.4694449427448,0.0,0,2.0,5.0,4.0,9.0
182.7694449427448,0.0,0,2.0,5.0,4.0,9.0
182.7718449427448,0.0,0,2.0,5.0,4.0,9.0
183.0718449427448,0.0,0,2.0,5.0,4.0,9.0
183.0742449427448,0.0,0,2.0,3.0,4.0,10.0
183.3742449427448,0.0,0,2.0,3.0,4.0,10.0
183.3802449427448,0.0,0,2.0,3.0,4.0,10.0
183.68024494274482,0.0,0,2.0,3.0,4.0,10.0
183.68624494274482,0.0,0,2.0,3.0,4.0,10.0
183.98624494274483,0.0,0,2.0,3.0,4.0,10.0
183.99224494274483,0.0,0,2.0,3.0,4.0,10.0
184.29224494274484,0.0,0,2.0,3.0,4.0,10.0
184.29824494274484,0.0,0,2.0,3.0,4.0,10.0
184.59824494274486,0.0,0,2.0,3.0,4.0,10.0
184.60424494274486,0.0,0,2.0,3.0,4.0,10.0
184.90424494274487,0.0,0,2.0,3.0,4.0,10.0
184.91024494274487,0.0,0,2.0,3.0,4.0,10.0
185.21024494274488,0.0,0,2.0,3.0,4.0,10.0
185.21624494274488,0.0,0,2.0,3.0,4.0,10.0
185.5162449427449,0.0,0,2.0,3.0,4.0,10.0
185.5222449427449,0.0,0,2.0,3.0,4.0,10.0
185.8222449427449,0.0,0,2.0,3.0,4.0,10.0
185.8282449427449,0.0,0,0.0,3.0,5.0,10.0
186.1282449427449,0.0,0,0.0,3.0,5.0,10.0
186.1342449427449,0.0,0,0.0,3.0,5.0,10.0
186.43424494274493,0.0,0,0.0,3.0,5.0,10.0
186.44024494274493,0.0,0,0.0,3.0,5.0,10.0
186.74024494274494,0.0,0,0.0,3.0,5.0,10.0
186.74624494274494,0.0,0,0.0,3.0,5.0,10.0
187.04624494274495,0.0,0,0.0,3.0,5.0,10.0
187.05224494274495,0.0,0,0.0,3.0,5.0,10.0
187.35224494274496,0.0,0,0.0,3.0,5.0,10.0
187.35824494274496,0.0,0,0.0,3.0,5.0,10.0
187.65824494274497,0.0,0,0.0,3.0,5.0,10.0
187.66424494274497,0.0,0,0.0,3.0,5.0,10.0
187.96424494274498,0.0,0,0.0,3.0,5.0,10.0
187.97024494274498,0.0,0,0.0,3.0,5.0,10.0
188.270244942745,0.0,0,0.0,3.0,5.0,10.0
188.27424494274499,0.0,0,0.0,3.0,5.0,10.0
188.574244942745,0.0,0,0.0,3.0,5.0,10.0
188.578244942745,0.0,0,0.0,3.0,5.0,10.0
188.878244942745,0.0,0,0.0,3.0,5.0,10.0
188.882244942745,0.0,0,0.0,3.0,5.0,10.0
189.182244942745,0.0,0,0.0,3.0,5.0,10.0
189.186244942745,0.0,0,0.0,3.0,5.0,10.0
189.486244942745,0.0,0,0.0,3.0,5.0,10.0
189.490244942745,0.0,0,0.0,3.0,5.0,10.0
189.790244942745,0.0,0,0.0,3.0,5.0,10.0
189.794244942745,0.0,0,0.0,3.0,5.0,10.0
190.094244942745,0.0,0,0.0,3.0,5.0,10.0
190.098244942745,0.0,0,0.0,3.0,5.0,10.0
190.398244942745,0.0,0,0.0,3.0,5.0,10.0
190.402244942745,0.0,0,0.0,3.0,5.0,10.0
190.702244942745,0.0,0,0.0,3.0,5.0,10.0
190.706244942745,0.0,0,0.0,3.0,5.0,10.0
191.006244942745,0.0,0,0.0,3.0,5.0,10.0
191.010244942745,0.0,0,0.0,3.0,5.0,10.0
191.31024494274502,0.0,0,0.0,3.0,5.0,10.0
191.314244942745,0.0,0,0.0,3.0,5.0,10.0
191.61424494274502,0.0,0,0.0,3.0,5.0,10.0
191.618244942745,0.0,0,0.0,3.0,5.0,10.0
191.91824494274502,0.0,0,0.0,3.0,5.0,10.0
191.922244942745,0.0,0,0.0,3.0,5.0,10.0
192.22224494274502,0.0,0,0.0,3.0,5.0,10.0
192.226244942745,0.0,0,0.0,3.0,5.0,10.0
192.52624494274502,0.0,0,0.0,3.0,5.0,10.0
192.53024494274501,0.0,0,0.0,3.0,5.0,10.0
192.83024494274503,0.0,0,0.0,3.0,5.0,10.0
192.83424494274502,0.0,0,0.0,3.0,5.0,10.0
193.13424494274503,0.0,0,0.0,3.0,5.0,10.0
193.13824494274502,0.0,0,0.0,3.0,5.0,10.0
193.43824494274503,0.0,0,0.0,3.0,5.0,10.0
193.44224494274502,0.0,0,0.0,3.0,5.0,10.0
193.74224494274503,0.0,0,0.0,3.0,5.0,10.0
193.74624494274502,0.0,0,0.0,3.0,5.0,10.0
194.04624494274503,0.0,0,0.0,3.0,5.0,10.0
194.05024494274502,0.0,0,0.0,3.0,5.0,10.0
194.35024494274504,0.0,0,0.0,3.0,5.0,10.0
194.35424494274503,0.0,0,0.0,3.0,5.0,10.0
194.65424494274504,0.0,0,0.0,3.0,5.0,10.0
194.65824494274503,0.0,0,0.0,3.0,5.0,10.0
194.95824494274504,0.0,0,0.0,3.0,5.0,10.0
194.96224494274503,0.0,0,0.0,3.0,5.0,10.0
195.26224494274504,0.0,0,0.0,3.0,5.0,10.0
195.26624494274503,0.0,0,0.0,3.0,5.0,10.0
195.56624494274504,0.0,0,0.0,3.0,5.0,10.0
195.57024494274503,0.0,0,0.0,3.0,5.0,10.0
195.87024494274505,0.0,0,0.0,3.0,5.0,10.0
195.87424494274504,0.0,0,0.0,3.0,5.0,10.0
196.17424494274505,0.0,0,0.0,3.0,5.0,10.0
196.17824494274504,0.0,0,0.0,3.0,5.0,10.0
196.47824494274505,0.0,0,0.0,3.0,5.0,10.0
196.48224494274504,0.0,0,0.0,3.0,5.0,10.0
196.78224494274505,0.0,0,0.0,3.0,5.0,10.0
196.78624494274504,0.0,0,0.0,3.0,5.0,10.0
197.08624494274505,0.0,0,0.0,3.0,5.0,10.0
197.09024494274504,0.0,0,0.0,3.0,5.0,10.0
197.39024494274506,0.0,0,0.0,3.0,5.0,10.0
197.39424494274505,0.0,1.0,0.0,3.0,5.0,10.0
197.69424494274506,0.0,1.0,0.0,3.0,5.0,10.0
197.69824494274505,0.0,1.0,0.0,3.0,5.0,10.0
197.99824494274506,0.0,1.0,0.0,3.0,5.0,10.0
198.00224494274505,0.0,1.0,0.0,3.0,5.0,10.0
198.30224494274506,0.0,1.0,0.0,3.0,5.0,10.0
198.30624494274505,0.0,1.0,0.0,3.0,5.0,10.0
198.60624494274506,0.0,1.0,0.0,3.0,5.0,10.0
198.61024494274506,0.0,1.0,0.0,3.0,5.0,10.0
198.91024494274507,0.0,1.0,0.0,3.0,5.0,10.0
198.91424494274506,0.0,1.0,0.0,3.0,5.0,10.0
199.21424494274507,0.0,1.0,0.0,3.0,5.0,10.0
199.21824494274506,0.0,1.0,0.0,3.0,5.0,10.0
199.51824494274507,0.0,1.0,0.0,3.0,5.0,10.0
199.52224494274506,0.0,1.0,0.0,3.0,5.0,10.0
199.82224494274507,0.0,1.0,0.0,3.0,5.0,10.0
199.82624494274506,0.0,1.0,0.0,3.0,5.0,10.0
200.12624494274507,0.0,1.0,0.0,3.0,5.0,10.0
200.13024494274507,0.0,1.0,0.0,3.0,5.0,10.0
200.43024494274508,0.0,1.0,0.0,3.0,5.0,10.0
200.43424494274507,0.0,1.0,0.0,3.0,5.0,10.0
200.73424494274508,0.0,1.0,0.0,3.0,5.0,10.0
200.73824494274507,0.0,1.0,0.0,8.0,5.0,10.0
201.03824494274508,0.0,1.0,0.0,8.0,5.0,10.0
201.03918244274507,0.0,1.0,0.0,8.0,5.0,10.0
201.33918244274508,0.0,1.0,0.0,8.0,5.0,10.0
201.34011994274508,0.0,1.0,0.0,8.0,5.0,10.0
201.6401199427451,0.0,1.0,0.0,8.0,5.0,10.0
201.64105744274508,0.0,1.0,0.0,8.0,5.0,10.0
201.9410574427451,0.0,1.0,0.0,8.0,5.0,10.0
201.94199494274508,0.0,1.0,0.0,8.0,5.0,10.0
202.2419949427451,0.0,1.0,0.0,8.0,5.0,10.0
202.2429324427451,0.0,1.0,0.0,8.0,5.0,10.0
202.5429324427451,0.0,1.0,0.0,8.0,5.0,10.0
202.5438699427451,0.0,1.0,0.0,8.0,5.0,10.0
202.8438699427451,0.0,1.0,0.0,8.0,5.0,10.0
202.8448074427451,0.0,1.0,0.0,8.0,5.0,10.0
203.1448074427451,0.0,1.0,0.0,8.0,5.0,10.0
203.1457449427451,0.0,1.0,0.0,8.0,5.0,10.0
203.4457449427451,0.0,1.0,0.0,8.0,5.0,10.0
203.4466824427451,0.0,1.0,0.0,8.0,5.0,10.0
203.7466824427451,0.0,1.0,0.0,8.0,5.0,10.0
203.7476199427451,0.0,1.0,0.0,8.0,5.0,10.0
204.04761994274511,0.0,1.0,0.0,8.0,5.0,10.0
204.0485574427451,0.0,1.0,0.0,8.0,5.0,10.0
204.34855744274512,0.0,1.0,0.0,8.0,5.0,10.0
204.3494949427451,0.0,1.0,0.0,8.0,5.0,10.0
204.64949494274512,0.0,1.0,0.0,8.0,5.0,10.0
204.6504324427451,0.0,1.0,0.0,8.0,5.0,10.0
204.95043244274513,0.0,1.0,0.0,8.0,5.0,10.0
204.95136994274512,0.0,1.0,0.0,8.0,5.0,10.0
205.25136994274513,0.0,1.0,0.0,8.0,5.0,10.0
205.25230744274512,0.0,1.0,0.0,8.0,5.0,10.0
205.55230744274513,0.0,1.0,0.0,8.0,5.0,10.0
205.55324494274512,0.0,1.0,0.0,8.0,5.0,10.0
205.85324494274514,0.0,1.0,0.0,8.0,5.0,10.0
205.85418244274513,0.0,1.0,0.0,8.0,5.0,10.0
206.15418244274514,0.0,1.0,0.0,8.0,5.0,10.0
206.15511994274513,0.0,1.0,0.0,8.0,5.0,10.0
206.45511994274514,0.0,1.0,0.0,8.0,5.0,10.0
206.45605744274513,0.0,1.0,0.0,8.0,5.0,10.0
206.75605744274515,0.0,1.0,0.0,8.0,5.0,10.0
206.75699494274514,0.0,1.0,0.0,8.0,5.0,10.0
207.05699494274515,0.0,1.0,0.0,8.0,5.0,10.0
207.05793244274514,0.0,1.0,0.0,8.0,5.0,10.0
207.35793244274515,0.0,1.0,0.0,8.0,5.0,10.0
207.35886994274514,0.0,1.0,0.0,8.0,5.0,10.0
207.65886994274516,0.0,1.0,0.0,8.0,5.0,10.0
207.65980744274515,0.0,1.0,0.0,8.0,5.0,10.0
207.95980744274516,0.0,1.0,0.0,8.0,5.0,10.0
207.96074494274515,0.0,1.0,0.0,8.0,5.0,10.0
208.26074494274516,0.0,1.0,0.0,8.0,5.0,10.0
208.26168244274515,0.0,1.0,0.0,8.0,5.0,10.0
208.56168244274517,0.0,1.0,0.0,8.0,5.0,10.0
208.56261994274516,0.0,1.0,0.0,8.0,5.0,10.0
208.86261994274517,0.0,1.0,0.0,8.0,5.0,10.0
208.86355744274516,0.0,1.0,0.0,8.0,5.0,10.0
209.16355744274517,0.0,1.0,0.0,8.0,5.0,10.0
209.16449494274516,0.0,1.0,0.0,8.0,5.0,10.0
209.46449494274518,0.0,1.0,0.0,8.0,5.0,10.0
209.46543244274517,0.0,1.0,0.0,8.0,5.0,10.0
209.76543244274518,0.0,1.0,0.0,8.0,5.0,10.0
209.76636994274517,0.0,1.0,0.0,8.0,5.0,10.0
210.06636994274518,0.0,1.0,0.0,8.0,5.0,10.0
210.06730744274518,0.0,1.0,0.0,8.0,5.0,10.0
210.3673074427452,0.0,1.0,0.0,8.0,5.0,10.0
210.36824494274518,0.0,1.0,0.0,8.0,5.0,10.0
210.6682449427452,0.0,1.0,0.0,8.0,5.0,10.0
210.66918244274518,0.0,1.0,0.0,8.0,5.0,10.0
210.9691824427452,0.0,1.0,0.0,8.0,5.0,10.0
210.97011994274519,0.0,1.0,0.0,8.0,5.0,10.0
211.2701199427452,0.0,1.0,0.0,8.0,5.0,10.0
211.2710574427452,0.0,1.0,0.0,8.0,5.0,10.0
211.5710574427452,0.0,1.0,0.0,8.0,5.0,10.0
211.5719949427452,0.0,1.0,0.0,8.0,5.0,10.0
211.8719949427452,0.0,1.0,0.0,8.0,5.0,10.0
211.8729324427452,0.0,1.0,0.0,8.0,5.0,10.0
212.1729324427452,0.0,1.0,0.0,8.0,5.0,10.0
212.1738699427452,0.0,1.0,0.0,8.0,5.0,10.0
212.4738699427452,0.0,1.0,0.0,8.0,5.0,10.0
212.4748074427452,0.0,1.0,0.0,8.0,5.0,10.0
212.7748074427452,0.0,1.0,0.0,8.0,5.0,10.0
212.7757449427452,0.0,1.0,0.0,8.0,5.0,10.0
213.07574494274522,0.0,1.0,0.0,8.0,5.0,10.0
213.0766824427452,0.0,1.0,0.0,8.0,5.0,10.0
213.37668244274522,0.0,1.0,0.0,8.0,5.0,10.0
213.3776199427452,0.0,1.0,0.0,8.0,5.0,10.0
213.67761994274522,0.0,1.0,0.0,8.0,5.0,10.0
213.67855744274522,0.0,1.0,0.0,8.0,5.0,10.0
213.97855744274523,0.0,1.0,0.0,8.0,5.0,10.0
213.97949494274522,0.0,1.0,0.0,8.0,5.0,10.0
214.27949494274523,0.0,1.0,0.0,8.0,5.0,10.0
214.28043244274522,0.0,1.0,0.0,8.0,5.0,10.0
214.58043244274523,0.0,1.0,0.0,8.0,5.0,10.0
214.58136994274523,0.0,1.0,0.0,8.0,5.0,10.0
214.88136994274524,0.0,1.0,0.0,8.0,5.0,10.0
214.88230744274523,0.0,1.0,0.0,8.0,5.0,10.0
215.18230744274524,0.0,1.0,0.0,8.0,5.0,10.0
215.18324494274523,0.0,1.0,0.0,8.0,5.0,10.0
215.48324494274524,0.0,1.0,0.0,8.0,5.0,10.0
215.48418244274524,0.0,1.0,0.0,8.0,5.0,10.0
215.78418244274525,0.0,1.0,0.0,8.0,5.0,10.0
215.78511994274524,0.0,1.0,0.0,8.0,5.0,10.0
216.08511994274525,0.0,1.0,0.0,8.0,5.0,10.0
216.08605744274524,0.0,1.0,0.0,8.0,5.0,10.0
216.38605744274525,0.0,1.0,0.0,8.0,5.0,10.0
216.38699494274525,0.0,1.0,0.0,8.0,5.0,10.0
216.68699494274526,0.0,1.0,0.0,8.0,5.0,10.0
216.68793244274525,0.0,1.0,0.0,8.0,5.0,10.0
216.98793244274526,0.0,1.0,0.0,8.0,5.0,10.0
216.98886994274525,0.0,1.0,0.0,8.0,5.0,10.0
217.28886994274527,0.0,1.0,0.0,8.0,5.0,10.0
217.28980744274526,0.0,1.0,0.0,8.0,5.0,10.0
217.58980744274527,0.0,1.0,0.0,8.0,5.0,10.0
217.59074494274526,0.0,1.0,0.0,8.0,5.0,10.0
217.89074494274527,0.0,1.0,0.0,8.0,5.0,10.0
217.89168244274526,0.0,1.0,0.0,8.0,5.0,10.0
218.19168244274528,0.0,1.0,0.0,8.0,5.0,10.0
218.19261994274527,0.0,1.0,0.0,8.0,5.0,10.0
218.49261994274528,0.0,1.0,0.0,8.0,5.0,10.0
218.49355744274527,0.0,1.0,0.0,8.0,5.0,10.0
218.79355744274528,0.0,1.0,0.0,8.0,5.0,10.0
218.79449494274527,0.0,1.0,0.0,8.0,5.0,10.0
219.09449494274529,0.0,1.0,0.0,8.0,5.0,10.0
219.09543244274528,0.0,1.0,0.0,8.0,5.0,10.0
219.3954324427453,0.0,1.0,0.0,8.0,5.0,10.0
219.39636994274528,0.0,1.0,0.0,8.0,5.0,10.0
219.6963699427453,0.0,1.0,0.0,8.0,5.0,10.0
219.69730744274528,0.0,1.0,0.0,8.0,5.0,10.0
219.9973074427453,0.0,1.0,0.0,8.0,5.0,10.0
219.9982449427453,0.0,1.0,0.0,8.0,5.0,10.0
220.2982449427453,0.0,1.0,0.0,8.0,5.0,10.0
220.2991824427453,0.0,1.0,0.0,8.0,5.0,10.0
220.5991824427453,0.0,1.0,0.0,8.0,5.0,10.0
220.6001199427453,0.0,1.0,0.0,8.0,5.0,10.0
220.9001199427453,0.0,1.0,0.0,8.0,5.0,10.0
220.9010574427453,0.0,1.0,0.0,8.0,5.0,10.0
221.2010574427453,0.0,1.0,0.0,8.0,5.0,10.0
221.2019949427453,0.0,1.0,0.0,8.0,5.0,10.0
221.5019949427453,0.0,1.0,0.0,8.0,5.0,10.0
221.5029324427453,0.0,1.0,0.0,8.0,5.0,10.0
221.80293244274532,0.0,1.0,0.0,8.0,5.0,10.0
221.8038699427453,0.0,1.0,0.0,8.0,5.0,10.0
222.10386994274532,0.0,1.0,0.0,8.0,5.0,10.0
222.1048074427453,0.0,1.0,0.0,8.0,5.0,10.0
222.40480744274532,0.0,1.0,0.0,8.0,5.0,10.0
222.40574494274532,0.0,1.0,0.0,8.0,5.0,10.0
222.70574494274533,0.0,1.0,0.0,8.0,5.0,10.0
222.70668244274532,0.0,1.0,0.0,8.0,5.0,10.0
223.00668244274533,0.0,1.0,0.0,8.0,5.0,10.0
223.00761994274532,0.0,1.0,0.0,8.0,5.0,10.0
223.30761994274533,0.0,1.0,0.0,8.0,5.0,10.0
223.30855744274533,0.0,1.0,0.0,8.0,5.0,10.0
223.60855744274534,0.0,1.0,0.0,8.0,5.0,10.0
223.60949494274533,0.0,1.0,0.0,8.0,5.0,10.0
223.90949494274534,0.0,1.0,0.0,8.0,5.0,10.0
223.91043244274533,0.0,1.0,0.0,8.0,5.0,10.0
224.21043244274534,0.0,1.0,0.0,8.0,5.0,10.0
224.21136994274534,0.0,1.0,0.0,8.0,5.0,10.0
224.51136994274535,0.0,1.0,0.0,8.0,5.0,10.0
224.51230744274534,0.0,1.0,0.0,8.0,5.0,10.0
224.81230744274535,0.0,1.0,0.0,8.0,5.0,10.0
224.81324494274534,0.0,1.0,0.0,8.0,5.0,10.0
225.11324494274535,0.0,1.0,0.0,8.0,5.0,10.0
225.11418244274535,0.0,1.0,0.0,8.0,5.0,10.0
225.41418244274536,0.0,1.0,0.0,8.0,5.0,10.0
225.41511994274535,0.0,1.0,0.0,8.0,5.0,10.0
225.71511994274536,0.0,1.0,0.0,8.0,5.0,10.0
225.71605744274535,0.0,1.0,0.0,8.0,5.0,10.0
226.01605744274536,0.0,1.0,0.0,8.0,5.0,10.0
226.01699494274536,0.0,1.0,0.0,8.0,5.0,10.0
226.31699494274537,0.0,1.0,0.0,8.0,5.0,10.0
226.31793244274536,0.0,1.0,0.0,8.0,5.0,10.0
226.61793244274537,0.0,1.0,0.0,8.0,5.0,10.0
226.61886994274536,0.0,1.0,0.0,8.0,5.0,10.0
226.91886994274537,0.0,1.0,0.0,8.0,5.0,10.0
226.91980744274537,0.0,1.0,0.0,8.0,5.0,10.0
227.21980744274538,0.0,1.0,0.0,8.0,5.0,10.0
227.22074494274537,0.0,1.0,0.0,8.0,5.0,10.0
227.52074494274538,0.0,1.0,0.0,8.0,5.0,10.0
227.52168244274537,0.0,1.0,0.0,8.0,5.0,10.0
227.82168244274538,0.0,1.0,0.0,8.0,5.0,10.0
227.82261994274538,0.0,1.0,0.0,8.0,5.0,10.0
228.1226199427454,0.0,1.0,0.0,8.0,5.0,10.0
228.12355744274538,0.0,1.0,0.0,8.0,5.0,10.0
228.4235574427454,0.0,1.0,0.0,8.0,5.0,10.0
228.42449494274538,0.0,1.0,0.0,8.0,5.0,10.0
228.7244949427454,0.0,1.0,0.0,8.0,5.0,10.0
228.7254324427454,0.0,1.0,0.0,8.0,5.0,10.0
229.0254324427454,0.0,1.0,0.0,8.0,5.0,10.0
229.0263699427454,0.0,1.0,0.0,8.0,5.0,10.0
229.3263699427454,0.0,1.0,0.0,8.0,5.0,10.0
229.3273074427454,0.0,1.0,0.0,6.0,5.0,11.0
229.6273074427454,0.0,1.0,0.0,6.0,5.0,11.0
229.62897410941207,0.0,1.0,0.0,6.0,5.0,11.0
229.92897410941208,0.0,1.0,0.0,6.0,5.0,11.0
229.93064077607875,0.0,1.0,0.0,6.0,5.0,11.0
230.23064077607876,0.0,1.0,0.0,6.0,5.0,11.0
230.23230744274542,0.0,1.0,0.0,6.0,5.0,11.0
230.53230744274543,0.0,1.0,0.0,6.0,5.0,11.0
230.5339741094121,0.0,1.0,0.0,6.0,5.0,11.0
230.8339741094121,0.0,1.0,0.0,6.0,5.0,11.0
230.83564077607878,0.0,1.0,0.0,6.0,5.0,11.0
231.1356407760788,0.0,1.0,0.0,6.0,5.0,11.0
231.13730744274545,0.0,1.0,0.0,6.0,5.0,11.0
231.43730744274546,0.0,1.0,0.0,6.0,5.0,11.0
231.43897410941213,0.0,1.0,0.0,6.0,5.0,11.0
231.73897410941214,0.0,1.0,0.0,6.0,5.0,11.0
231.7406407760788,0.0,1.0,0.0,6.0,5.0,11.0
232.04064077607882,0.0,1.0,0.0,6.0,5.0,11.0
232.04230744274548,0.0,1.0,0.0,6.0,5.0,11.0
232.3423074427455,0.0,1.0,0.0,6.0,5.0,11.0
232.34397410941216,0.0,1.0,0.0,6.0,5.0,11.0
232.64397410941217,0.0,1.0,0.0,6.0,5.0,11.0
232.64564077607884,0.0,1.0,0.0,6.0,5.0,11.0
232.94564077607885,0.0,1.0,0.0,6.0,5.0,11.0
232.9473074427455,0.0,1.0,0.0,4.0,5.0,12.0
233.24730744274552,0.0,1.0,0.0,4.0,5.0,12.0
233.25105744274552,0.0,1.0,0.0,4.0,5.0,12.0
233.55105744274553,0.0,1.0,0.0,4.0,5.0,12.0
233.55480744274553,0.0,1.0,0.0,4.0,5.0,12.0
233.85480744274554,0.0,1.0,0.0,4.0,5.0,12.0
233.85855744274554,0.0,1.0,0.0,4.0,5.0,12.0
234.15855744274555,0.0,1.0,0.0,4.0,5.0,12.0
234.16230744274554,0.0,1.0,0.0,4.0,5.0,12.0
234.46230744274555,0.0,1.0,0.0,4.0,5.0,12.0
234.46605744274555,0.0,1.0,0.0,4.0,5.0,12.0
234.76605744274556,0.0,1.0,0.0,4.0,5.0,12.0
234.76980744274556,0.0,1.0,0.0,4.0,5.0,12.0
235.06980744274557,0.0,1.0,0.0,4.0,5.0,12.0
235.07355744274557,0.0,1.0,0.0,4.0,5.0,12.0
235.37355744274558,0.0,1.0,0.0,4.0,5.0,12.0
235.37730744274558,0.0,1.0,0.0,4.0,5.0,12.0
235.6773074427456,0.0,1.0,0.0,4.0,5.0,12.0
235.68105744274558,0.0,1.0,0.0,4.0,5.0,12.0
235.9810574427456,0.0,1.0,0.0,4.0,5.0,12.0
235.9848074427456,0.0,1.0,0.0,4.0,5.0,12.0
236.2848074427456,0.0,1.0,0.0,4.0,5.0,12.0
236.2885574427456,0.0,1.0,0.0,4.0,5.0,12.0
236.5885574427456,0.0,1.0,0.0,4.0,5.0,12.0
236.5923074427456,0.0,1.0,0.0,4.0,5.0,12.0
236.89230744274562,0.0,1.0,0.0,4.0,5.0,12.0
236.89605744274562,0.0,1.0,0.0,4.0,5.0,12.0
237.19605744274563,0.0,1.0,0.0,4.0,5.0,12.0
237.19980744274562,0.0,1.0,0.0,4.0,5.0,12.0
237.49980744274563,0.0,1.0,0.0,4.0,5.0,12.0
237.50355744274563,0.0,1.0,0.0,4.0,5.0,12.0
237.80355744274564,0.0,1.0,0.0,4.0,5.0,12.0
237.80730744274564,0.0,1.0,0.0,4.0,5.0,12.0
238.10730744274565,0.0,1.0,0.0,4.0,5.0,12.0
238.11105744274565,0.0,1.0,0.0,4.0,5.0,12.0
238.41105744274566,0.0,1.0,0.0,4.0,5.0,12.0
238.41480744274565,0.0,1.0,0.0,4.0,5.0,12.0
238.71480744274567,0.0,1.0,0.0,4.0,5.0,12.0
238.71855744274566,0.0,1.0,0.0,4.0,5.0,12.0
239.01855744274567,0.0,1.0,0.0,4.0,5.0,12.0
239.02230744274567,0.0,1.0,0.0,4.0,5.0,12.0
239.32230744274568,0.0,1.0,0.0,4.0,5.0,12.0
239.32605744274568,0.0,1.0,0.0,4.0,5.0,12.0
239.6260574427457,0.0,1.0,0.0,4.0,5.0,12.0
239.6298074427457,0.0,1.0,0.0,4.0,5.0,12.0
239.9298074427457,0.0,1.0,0.0,4.0,5.0,12.0
239.9335574427457,0.0,1.0,0.0,4.0,5.0,12.0
240.2335574427457,0.0,1.0,0.0,4.0,5.0,12.0
240.2373074427457,0.0,1.0,0.0,4.0,5.0,12.0
240.5373074427457,0.0,1.0,0.0,4.0,5.0,12.0
240.5410574427457,0.0,1.0,0.0,4.0,5.0,12.0
240.84105744274572,0.0,1.0,0.0,4.0,5.0,12.0
240.84480744274572,0.0,1.0,0.0,4.0,5.0,12.0
241.14480744274573,0.0,1.0,0.0,4.0,5.0,12.0
241.14855744274573,0.0,1.0,0.0,4.0,5.0,12.0
241.44855744274574,0.0,1.0,0.0,4.0,5.0,12.0
241.45230744274573,0.0,1.0,0.0,4.0,5.0,12.0
241.75230744274575,0.0,1.0,0.0,4.0,5.0,12.0
241.75605744274574,0.0,1.0,0.0,4.0,5.0,12.0
242.05605744274575,0.0,1.0,0.0,4.0,5.0,12.0
242.05980744274575,0.0,1.0,0.0,4.0,5.0,12.0
242.35980744274576,0.0,1.0,0.0,4.0,5.0,12.0
242.36355744274576,0.0,1.0,0.0,4.0,5.0,12.0
242.66355744274577,0.0,1.0,0.0,4.0,5.0,12.0
242.66730744274577,0.0,1.0,0.0,4.0,5.0,12.0
242.96730744274578,0.0,1.0,0.0,4.0,5.0,12.0
242.97105744274577,0.0,1.0,0.0,4.0,5.0,12.0
243.27105744274579,0.0,1.0,0.0,4.0,5.0,12.0
243.27480744274578,0.0,1.0,0.0,4.0,5.0,12.0
243.5748074427458,0.0,1.0,0.0,4.0,5.0,12.0
243.5785574427458,0.0,1.0,0.0,4.0,5.0,12.0
243.8785574427458,0.0,1.0,0.0,4.0,5.0,12.0
243.8823074427458,0.0,1.0,0.0,4.0,5.0,12.0
244.1823074427458,0.0,1.0,0.0,4.0,5.0,12.0
244.1860574427458,0.0,1.0,0.0,4.0,5.0,12.0
244.48605744274582,0.0,1.0,0.0,4.0,5.0,12.0
244.4898074427458,0.0,1.0,0.0,4.0,5.0,12.0
244.78980744274583,0.0,1.0,0.0,4.0,5.0,12.0
244.79355744274582,0.0,1.0,0.0,4.0,5.0,12.0
245.09355744274583,0.0,1.0,0.0,4.0,5.0,12.0
245.09730744274583,0.0,1.0,0.0,4.0,5.0,12.0
245.39730744274584,0.0,1.0,0.0,4.0,5.0,12.0
245.40105744274584,0.0,1.0,0.0,4.0,5.0,12.0
245.70105744274585,0.0,1.0,0.0,4.0,5.0,12.0
245.70480744274585,0.0,1.0,0.0,4.0,5.0,12.0
246.00480744274586,0.0,1.0,0.0,4.0,5.0,12.0
246.00855744274585,0.0,1.0,0.0,4.0,5.0,12.0
246.30855744274587,0.0,1.0,0.0,4.0,5.0,12.0
246.31230744274586,0.0,1.0,0.0,4.0,5.0,12.0
246.61230744274587,0.0,1.0,0.0,4.0,5.0,12.0
246.61605744274587,0.0,1.0,0.0,4.0,5.0,12.0
246.91605744274588,0.0,1.0,0.0,4.0,5.0,12.0
246.91980744274588,0.0,1.0,0.0,4.0,5.0,12.0
247.2198074427459,0.0,1.0,0.0,4.0,5.0,12.0
247.22355744274589,0.0,1.0,0.0,4.0,5.0,12.0
247.5235574427459,0.0,1.0,0.0,4.0,5.0,12.0
247.5273074427459,0.0,1.0,0.0,4.0,5.0,12.0
247.8273074427459,0.0,1.0,0.0,4.0,5.0,12.0
247.8310574427459,0.0,1.0,0.0,4.0,5.0,12.0
248.1310574427459,0.0,1.0,0.0,4.0,5.0,12.0
248.1348074427459,0.0,1.0,0.0,2.0,5.0,13.0
248.43480744274592,0.0,1.0,0.0,2.0,5.0,13.0
248.44080744274592,0.0,1.0,0.0,2.0,5.0,13.0
248.74080744274593,0.0,1.0,0.0,2.0,5.0,13.0
248.74680744274593,0.0,1.0,0.0,2.0,5.0,13.0
249.04680744274594,0.0,1.0,0.0,2.0,5.0,13.0
249.05280744274594,0.0,1.0,0.0,2.0,5.0,13.0
249.35280744274596,0.0,1.0,0.0,2.0,5.0,13.0
249.35880744274596,0.0,1.0,0.0,2.0,5.0,13.0
249.65880744274597,0.0,1.0,0.0,2.0,5.0,13.0
249.66480744274597,0.0,1.0,0.0,2.0,5.0,13.0
249.96480744274598,0.0,1.0,0.0,2.0,5.0,13.0
249.97080744274598,0.0,1.0,0.0,2.0,5.0,13.0
250.270807442746,0.0,1.0,0.0,2.0,5.0,13.0
250.276807442746,0.0,1.0,0.0,2.0,5.0,13.0
250.576807442746,0.0,1.0,0.0,2.0,5.0,13.0
250.582807442746,0.0,1.0,0.0,2.0,5.0,13.0
250.882807442746,0.0,1.0,0.0,2.0,5.0,13.0
250.888807442746,0.0,1.0,0.0,2.0,5.0,13.0
251.18880744274603,0.0,1.0,0.0,2.0,5.0,13.0
251.19480744274603,0.0,1.0,0.0,2.0,5.0,13.0
251.49480744274604,0.0,1.0,0.0,2.0,5.0,13.0
251.50080744274604,0.0,1.0,0.0,2.0,5.0,13.0
251.80080744274605,0.0,1.0,0.0,2.0,5.0,13.0
251.80680744274605,0.0,1.0,0.0,2.0,5.0,13.0
252.10680744274606,0.0,1.0,0.0,2.0,5.0,13.0
252.11280744274606,0.0,1.0,0.0,2.0,5.0,13.0
252.41280744274607,0.0,1.0,0.0,2.0,5.0,13.0
252.41880744274607,0.0,1.0,0.0,2.0,5.0,13.0
252.71880744274608,0.0,1.0,0.0,2.0,5.0,13.0
252.72480744274608,0.0,1.0,0.0,2.0,5.0,13.0
253.0248074427461,0.0,1.0,0.0,2.0,5.0,13.0
253.0308074427461,0.0,1.0,0.0,2.0,5.0,13.0
253.3308074427461,0.0,1.0,0.0,2.0,5.0,13.0
253.3368074427461,0.0,1.0,0.0,2.0,5.0,13.0
253.63680744274612,0.0,1.0,0.0,2.0,5.0,13.0
253.64280744274612,0.0,1.0,0.0,2.0,5.0,13.0
253.94280744274613,0.0,1.0,0.0,2.0,5.0,13.0
253.94880744274613,0.0,1.0,0.0,2.0,5.0,13.0
254.24880744274614,0.0,1.0,0.0,2.0,5.0,13.0
254.25480744274614,0.0,1.0,0.0,2.0,5.0,13.0
254.55480744274615,0.0,1.0,0.0,2.0,5.0,13.0
254.56080744274615,0.0,1.0,0.0,2.0,5.0,13.0
254.86080744274616,0.0,1.0,0.0,2.0,5.0,13.0
254.86680744274616,0.0,1.0,0.0,2.0,5.0,13.0
255.16680744274618,0.0,1.0,0.0,2.0,5.0,13.0
255.17280744274618,0.0,1.0,0.0,2.0,5.0,13.0
255.4728074427462,0.0,1.0,0.0,2.0,5.0,13.0
255.4788074427462,0.0,1.0,0.0,2.0,5.0,13.0
255.7788074427462,0.0,1.0,0.0,2.0,5.0,13.0
255.7828074427462,0.0,1.0,0.0,2.0,5.0,13.0
256.0828074427462,0.0,1.0,0.0,2.0,5.0,13.0
256.0868074427462,0.0,1.0,0.0,2.0,5.0,13.0
256.3868074427462,0.0,1.0,0.0,2.0,5.0,13.0
256.3908074427462,0.0,1.0,0.0,2.0,5.0,13.0
256.69080744274623,0.0,1.0,0.0,2.0,5.0,13.0
256.69480744274625,0.0,1.0,0.0,2.0,5.0,13.0
256.99480744274626,0.0,1.0,0.0,2.0,5.0,13.0
256.9988074427463,0.0,1.0,0.0,2.0,5.0,13.0
257.2988074427463,0.0,1.0,0.0,2.0,5.0,13.0
257.3028074427463,0.0,1.0,0.0,2.0,5.0,13.0
257.6028074427463,0.0,1.0,0.0,2.0,5.0,13.0
257.60680744274634,0.0,1.0,0.0,2.0,5.0,13.0
257.90680744274636,0.0,1.0,0.0,2.0,5.0,13.0
257.9108074427464,0.0,1.0,0.0,2.0,5.0,13.0
258.2108074427464,0.0,1.0,0.0,2.0,5.0,13.0
258.2148074427464,0.0,1.0,0.0,2.0,5.0,13.0
258.5148074427464,0.0,1.0,0.0,2.0,5.0,13.0
258.51880744274644,0.0,1.0,0.0,2.0,5.0,13.0
258.81880744274645,0.0,1.0,0.0,2.0,5.0,13.0
258.82280744274647,0.0,1.0,0.0,2.0,5.0,13.0
259.1228074427465,0.0,1.0,0.0,2.0,5.0,13.0
259.1268074427465,0.0,1.0,0.0,2.0,5.0,13.0
259.4268074427465,0.0,1.0,0.0,2.0,5.0,13.0
259.4308074427465,0.0,1.0,0.0,2.0,5.0,13.0
259.73080744274654,0.0,1.0,0.0,2.0,5.0,13.0
259.73480744274656,0.0,1.0,0.0,2.0,5.0,13.0
260.03480744274657,0.0,1.0,0.0,2.0,5.0,13.0
260.0388074427466,0.0,1.0,0.0,2.0,5.0,13.0
260.3388074427466,0.0,1.0,0.0,2.0,5.0,13.0
260.3428074427466,0.0,1.0,0.0,2.0,5.0,13.0
260.64280744274663,0.0,1.0,0.0,2.0,5.0,13.0
260.64680744274665,0.0,1.0,0.0,2.0,5.0,13.0
260.94680744274666,0.0,1.0,0.0,2.0,5.0,13.0
260.9508074427467,0.0,1.0,0.0,2.0,5.0,13.0
261.2508074427467,0.0,1.0,0.0,2.0,5.0,13.0
261.2548074427467,0.0,1.0,0.0,7.0,5.0,13.0
261.5548074427467,0.0,1.0,0.0,7.0,5.0,13.0
261.5560319325426,0.0,1.0,0.0,7.0,5.0,13.0
261.85603193254263,0.0,1.0,0.0,7.0,5.0,13.0
261.85725642233854,0.0,1.0,0.0,7.0,5.0,13.0
262.15725642233855,0.0,1.0,0.0,7.0,5.0,13.0
262.15848091213445,0.0,1.0,0.0,7.0,5.0,13.0
262.45848091213446,0.0,1.0,0.0,7.0,5.0,13.0
262.45970540193036,0.0,1.0,0.0,7.0,5.0,13.0
262.7597054019304,0.0,1.0,0.0,7.0,5.0,13.0
262.7609298917263,0.0,1.0,0.0,7.0,5.0,13.0
263.0609298917263,0.0,1.0,0.0,7.0,5.0,13.0
263.0621543815222,0.0,1.0,0.0,7.0,5.0,13.0
263.3621543815222,0.0,1.0,0.0,7.0,5.0,13.0
263.3633788713181,0.0,1.0,0.0,7.0,5.0,13.0
263.6633788713181,0.0,1.0,0.0,7.0,5.0,13.0
263.664603361114,0.0,1.0,0.0,7.0,5.0,13.0
263.96460336111403,0.0,1.0,0.0,7.0,5.0,13.0
263.96582785090993,0.0,1.0,0.0,5.0,5.0,14.0
264.26582785090994,0.0,1.0,0.0,5.0,5.0,14.0
264.26822785090997,0.0,1.0,0.0,5.0,5.0,14.0
264.56822785091,0.0,1.0,0.0,5.0,5.0,14.0
264.57062785091,0.0,1.0,0.0,5.0,5.0,14.0
264.87062785091,0.0,1.0,0.0,5.0,5.0,14.0
264.87302785091003,0.0,1.0,0.0,5.0,5.0,14.0
265.17302785091005,0.0,1.0,0.0,5.0,5.0,14.0
265.17542785091007,0.0,1.0,0.0,5.0,5.0,14.0
265.4754278509101,0.0,1.0,0.0,5.0,5.0,14.0
265.4778278509101,0.0,1.0,0.0,5.0,5.0,14.0
265.7778278509101,0.0,1.0,0.0,5.0,5.0,14.0
265.78022785091014,0.0,1.0,0.0,5.0,5.0,14.0
266.08022785091015,0.0,1.0,0.0,5.0,5.0,14.0
266.08262785091017,0.0,1.0,0.0,5.0,5.0,14.0
266.3826278509102,0.0,1.0,0.0,5.0,5.0,14.0
266.3850278509102,0.0,1.0,0.0,5.0,5.0,14.0
266.6850278509102,0.0,1.0,0.0,5.0,5.0,14.0
266.68742785091024,0.0,1.0,0.0,5.0,5.0,14.0
266.98742785091025,0.0,1.0,0.0,5.0,5.0,14.0
266.9898278509103,0.0,1.0,0.0,5.0,5.0,14.0
267.2898278509103,0.0,1.0,0.0,5.0,5.0,14.0
267.2922278509103,0.0,1.0,0.0,5.0,5.0,14.0
267.5922278509103,0.0,1.0,0.0,5.0,5.0,14.0
267.59462785091034,0.0,1.0,0.0,5.0,5.0,14.0
267.89462785091035,0.0,1.0,0.0,5.0,5.0,14.0
267.8970278509104,0.0,1.0,0.0,5.0,5.0,14.0
268.1970278509104,0.0,1.0,0.0,5.0,5.0,14.0
268.1994278509104,0.0,1.0,0.0,5.0,5.0,14.0
268.4994278509104,0.0,1.0,0.0,5.0,5.0,14.0
268.50182785091044,0.0,1.0,0.0,5.0,5.0,14.0
268.80182785091046,0.0,1.0,0.0,5.0,5.0,14.0
268.8042278509105,0.0,1.0,0.0,5.0,5.0,14.0
269.1042278509105,0.0,1.0,0.0,5.0,5.0,14.0
269.1066278509105,0.0,1.0,0.0,5.0,5.0,14.0
269.4066278509105,0.0,1.0,0.0,5.0,5.0,14.0
269.40902785091055,0.0,1.0,0.0,5.0,5.0,14.0
269.70902785091056,0.0,1.0,0.0,5.0,5.0,14.0
269.7114278509106,0.0,1.0,0.0,5.0,5.0,14.0
270.0114278509106,0.0,1.0,0.0,5.0,5.0,14.0
270.0138278509106,0.0,1.0,0.0,5.0,5.0,14.0
270.3138278509106,0.0,1.0,0.0,5.0,5.0,14.0
270.31622785091065,0.0,1.0,0.0,5.0,5.0,14.0
270.61622785091066,0.0,1.0,0.0,5.0,5.0,14.0
270.6186278509107,0.0,1.0,0.0,5.0,5.0,14.0
270.9186278509107,0.0,1.0,0.0,5.0,5.0,14.0
270.9210278509107,0.0,1.0,0.0,5.0,5.0,14.0
271.22102785091073,0.0,1.0,0.0,5.0,5.0,14.0
271.22342785091075,0.0,1.0,0.0,5.0,5.0,14.0
271.52342785091076,0.0,1.0,0.0,5.0,5.0,14.0
271.5258278509108,0.0,1.0,0.0,5.0,5.0,14.0
271.8258278509108,0.0,1.0,0.0,5.0,5.0,14.0
271.8282278509108,0.0,1.0,0.0,5.0,5.0,14.0
272.12822785091083,0.0,1.0,0.0,5.0,5.0,14.0
272.13062785091086,0.0,1.0,0.0,5.0,5.0,14.0
272.43062785091087,0.0,1.0,0.0,5.0,5.0,14.0
272.4330278509109,0.0,1.0,0.0,5.0,5.0,14.0
272.7330278509109,0.0,1.0,0.0,5.0,5.0,14.0
272.7354278509109,0.0,1.0,0.0,5.0,5.0,14.0
273.03542785091093,0.0,1.0,0.0,5.0,5.0,14.0
273.03782785091096,0.0,1.0,0.0,5.0,5.0,14.0
273.33782785091097,0.0,1.0,0.0,5.0,5.0,14.0
273.340227850911,0.0,1.0,0.0,5.0,5.0,14.0
273.640227850911,0.0,1.0,0.0,5.0,5.0,14.0
273.642627850911,0.0,1.0,0.0,3.0,5.0,15.0
273.94262785091104,0.0,1.0,0.0,3.0,5.0,15.0
273.948627850911,0.0,1.0,0.0,3.0,5.0,15.0
274.248627850911,0.0,1.0,0.0,3.0,5.0,15.0
274.254627850911,0.0,1.0,0.0,3.0,5.0,15.0
274.554627850911,0.0,1.0,0.0,3.0,5.0,15.0
274.560627850911,0.0,1.0,0.0,3.0,5.0,15.0
274.860627850911,0.0,1.0,0.0,3.0,5.0,15.0
274.86662785091096,0.0,1.0,0.0,3.0,5.0,15.0
275.16662785091097,0.0,1.0,0.0,3.0,5.0,15.0
275.17262785091094,0.0,1.0,0.0,3.0,5.0,15.0
275.47262785091095,0.0,1.0,0.0,3.0,5.0,15.0
275.4786278509109,0.0,1.0,0.0,3.0,5.0,15.0
275.77862785091094,0.0,1.0,0.0,3.0,5.0,15.0
275.7846278509109,0.0,1.0,0.0,3.0,5.0,15.0
276.0846278509109,0.0,1.0,0.0,3.0,5.0,15.0
276.0906278509109,0.0,1.0,0.0,3.0,5.0,15.0
276.3906278509109,0.0,1.0,0.0,3.0,5.0,15.0
276.3966278509109,0.0,1.0,0.0,3.0,5.0,15.0
276.6966278509109,0.0,1.0,0.0,3.0,5.0,15.0
276.70262785091086,0.0,1.0,0.0,3.0,5.0,15.0
277.00262785091087,0.0,1.0,0.0,3.0,5.0,15.0
277.00862785091084,0.0,1.0,0.0,3.0,5.0,15.0
277.30862785091085,0.0,1.0,0.0,3.0,5.0,15.0
277.3146278509108,0.0,1.0,0.0,3.0,5.0,15.0
277.61462785091084,0.0,1.0,0.0,3.0,5.0,15.0
277.6206278509108,0.0,1.0,0.0,3.0,5.0,15.0
277.9206278509108,0.0,1.0,0.0,3.0,5.0,15.0
277.9266278509108,0.0,1.0,0.0,3.0,5.0,15.0
278.2266278509108,0.0,1.0,0.0,3.0,5.0,15.0
278.2326278509108,0.0,1.0,0.0,3.0,5.0,15.0
278.5326278509108,0.0,1.0,0.0,3.0,5.0,15.0
278.53862785091076,0.0,1.0,0.0,3.0,5.0,15.0
278.83862785091077,0.0,1.0,0.0,3.0,5.0,15.0
278.84462785091074,0.0,1.0,0.0,3.0,5.0,15.0
279.14462785091075,0.0,1.0,0.0,3.0,5.0,15.0
279.1506278509107,0.0,1.0,0.0,3.0,5.0,15.0
279.45062785091073,0.0,1.0,0.0,3.0,5.0,15.0
279.4566278509107,0.0,1.0,0.0,3.0,5.0,15.0
279.7566278509107,0.0,1.0,0.0,3.0,5.0,15.0
279.7626278509107,0.0,1.0,0.0,3.0,5.0,15.0
280.0626278509107,0.0,1.0,0.0,3.0,5.0,15.0
280.0686278509107,0.0,1.0,0.0,3.0,5.0,15.0
280.3686278509107,0.0,1.0,0.0,3.0,5.0,15.0
280.37462785091066,0.0,1.0,0.0,3.0,5.0,15.0
280.67462785091067,0.0,1.0,0.0,3.0,5.0,15.0
280.68062785091064,0.0,1.0,0.0,3.0,5.0,15.0
280.98062785091065,0.0,1.0,0.0,3.0,5.0,15.0
280.9866278509106,0.0,1.0,0.0,3.0,5.0,15.0
281.28662785091063,0.0,1.0,0.0,3.0,5.0,15.0
281.2926278509106,0.0,1.0,0.0,3.0,5.0,15.0
281.5926278509106,0.0,1.0,0.0,3.0,5.0,15.0
281.5986278509106,0.0,1.0,0.0,3.0,5.0,15.0
281.8986278509106,0.0,1.0,0.0,3.0,5.0,15.0
281.9046278509106,0.0,1.0,0.0,3.0,5.0,15.0
282.2046278509106,0.0,1.0,0.0,3.0,5.0,15.0
282.21062785091056,0.0,1.0,0.0,3.0,5.0,15.0
282.51062785091057,0.0,1.0,0.0,3.0,5.0,15.0
282.51662785091054,0.0,1.0,0.0,3.0,5.0,15.0
282.81662785091055,0.0,1.0,0.0,3.0,5.0,15.0
282.8226278509105,0.0,1.0,0.0,1.0,5.0,16.0
283.12262785091053,0.0,1.0,0.0,1.0,5.0,16.0
283.1286278509105,0.0,1.0,0.0,1.0,5.0,16.0
283.4286278509105,0.0,1.0,0.0,1.0,5.0,16.0
283.4346278509105,0.0,1.0,0.0,1.0,5.0,16.0
283.7346278509105,0.0,1.0,0.0,1.0,5.0,16.0
283.74062785091047,0.0,1.0,0.0,1.0,5.0,16.0
284.0406278509105,0.0,1.0,0.0,1.0,5.0,16.0
284.04662785091045,0.0,1.0,0.0,1.0,5.0,16.0
284.34662785091047,0.0,1.0,0.0,1.0,5.0,16.0
284.35262785091044,0.0,1.0,0.0,1.0,5.0,16.0
284.65262785091045,0.0,1.0,0.0,1.0,5.0,16.0
284.6586278509104,0.0,1.0,0.0,1.0,5.0,16.0
284.95862785091043,0.0,1.0,0.0,1.0,5.0,16.0
284.9646278509104,0.0,1.0,0.0,1.0,5.0,16.0
285.2646278509104,0.0,1.0,0.0,1.0,5.0,16.0
285.2706278509104,0.0,1.0,0.0,1.0,5.0,16.0
285.5706278509104,0.0,1.0,0.0,1.0,5.0,16.0
285.57662785091037,0.0,1.0,0.0,1.0,5.0,16.0
285.8766278509104,0.0,1.0,0.0,1.0,5.0,16.0
285.88262785091035,0.0,1.0,0.0,1.0,5.0,16.0
286.18262785091036,0.0,1.0,0.0,1.0,5.0,16.0
286.18862785091034,0.0,1.0,0.0,1.0,5.0,16.0
286.48862785091035,0.0,1.0,0.0,1.0,5.0,16.0
286.4946278509103,0.0,1.0,0.0,1.0,5.0,16.0
286.79462785091033,0.0,1.0,0.0,1.0,5.0,16.0
286.8006278509103,0.0,1.0,0.0,1.0,5.0,16.0
287.1006278509103,0.0,1.0,0.0,1.0,5.0,16.0
287.1066278509103,0.0,1.0,0.0,1.0,5.0,16.0
287.4066278509103,0.0,1.0,0.0,1.0,5.0,16.0
287.41262785091027,0.0,1.0,0.0,1.0,5.0,16.0
287.7126278509103,0.0,1.0,0.0,1.0,5.0,16.0
287.71862785091025,0.0,1.0,0.0,1.0,5.0,16.0
288.01862785091026,0.0,1.0,0.0,1.0,5.0,16.0
288.02462785091024,0.0,1.0,0.0,1.0,5.0,16.0
288.32462785091025,0.0,1.0,0.0,1.0,5.0,16.0
288.3306278509102,0.0,1.0,0.0,1.0,5.0,16.0
288.63062785091023,0.0,1.0,0.0,1.0,5.0,16.0
288.6366278509102,0.0,1.0,0.0,1.0,5.0,16.0
288.9366278509102,0.0,1.0,0.0,1.0,5.0,16.0
288.9426278509102,0.0,1.0,0.0,1.0,5.0,16.0
289.2426278509102,0.0,1.0,0.0,1.0,5.0,16.0
289.24862785091017,0.0,1.0,0.0,1.0,5.0,16.0
289.5486278509102,0.0,1.0,0.0,1.0,5.0,16.0
289.55462785091015,0.0,1.0,0.0,1.0,5.0,16.0
289.85462785091016,0.0,1.0,0.0,1.0,5.0,16.0
289.86062785091013,0.0,1.0,0.0,1.0,5.0,16.0
290.16062785091015,0.0,1.0,0.0,1.0,5.0,16.0
290.1666278509101,0.0,1.0,0.0,1.0,5.0,16.0
290.46662785091013,0.0,1.0,0.0,1.0,5.0,16.0
290.4726278509101,0.0,1.0,0.0,1.0,5.0,16.0
290.7726278509101,0.0,1.0,0.0,1.0,5.0,16.0
290.7786278509101,0.0,1.0,0.0,1.0,5.0,16.0
291.0786278509101,0.0,1.0,0.0,1.0,5.0,16.0
291.08462785091007,0.0,1.0,0.0,1.0,5.0,16.0
291.3846278509101,0.0,1.0,0.0,1.0,5.0,16.0
291.39062785091005,0.0,1.0,0.0,1.0,5.0,16.0
291.69062785091006,0.0,1.0,0.0,1.0,5.0,16.0
291.69662785091003,0.0,1.0,0.0,1.0,5.0,16.0
291.99662785091004,0.0,1.0,0.0,1.0,5.0,16.0
292.00262785091,0.0,1.0,0.0,1.0,5.0,16.0
292.30262785091,0.0,1.0,0.0,1.0,5.0,16.0
292.30862785091,0.0,1.0,0.0,1.0,5.0,16.0
292.60862785091,0.0,1.0,0.0,1.0,5.0,16.0
292.61462785091,0.0,2.0,0.0,1.0,5.0,16.0
292.91462785091,0.0,2.0,0.0,1.0,5.0,16.0
292.92062785090997,0.0,2.0,0.0,1.0,5.0,16.0
293.22062785091,0.0,2.0,0.0,1.0,5.0,16.0
293.22662785090995,0.0,2.0,0.0,1.0,5.0,16.0
293.52662785090996,0.0,2.0,0.0,1.0,5.0,16.0
293.53262785090993,0.0,2.0,0.0,1.0,5.0,16.0
293.83262785090994,0.0,2.0,0.0,1.0,5.0,16.0
293.8386278509099,0.0,2.0,0.0,1.0,5.0,16.0
294.1386278509099,0.0,2.0,0.0,1.0,5.0,16.0
294.1446278509099,0.0,2.0,0.0,1.0,5.0,16.0
294.4446278509099,0.0,2.0,0.0,1.0,5.0,16.0
294.4506278509099,0.0,2.0,0.0,1.0,5.0,16.0
294.7506278509099,0.0,2.0,0.0,1.0,5.0,16.0
294.75662785090987,0.0,2.0,0.0,1.0,5.0,16.0
295.0566278509099,0.0,2.0,0.0,1.0,5.0,16.0
295.06262785090985,0.0,2.0,0.0,1.0,5.0,16.0
295.36262785090986,0.0,2.0,0.0,1.0,5.0,16.0
295.36862785090983,0.0,2.0,0.0,1.0,5.0,16.0
295.66862785090984,0.0,2.0,0.0,1.0,5.0,16.0
295.6746278509098,0.0,2.0,0.0,1.0,5.0,16.0
295.9746278509098,0.0,2.0,0.0,1.0,5.0,16.0
295.9806278509098,0.0,2.0,0.0,1.0,5.0,16.0
296.2806278509098,0.0,2.0,0.0,1.0,5.0,16.0
296.2866278509098,0.0,2.0,0.0,1.0,5.0,16.0
296.5866278509098,0.0,2.0,0.0,1.0,5.0,16.0
296.59262785090976,0.0,2.0,0.0,1.0,5.0,16.0
296.8926278509098,0.0,2.0,0.0,1.0,5.0,16.0
296.89862785090975,0.0,2.0,0.0,1.0,5.0,16.0
297.19862785090976,0.0,2.0,0.0,1.0,5.0,16.0
297.20462785090973,0.0,2.0,0.0,1.0,5.0,16.0
297.50462785090974,0.0,2.0,0.0,1.0,5.0,16.0
297.5106278509097,0.0,2.0,0.0,1.0,5.0,16.0
297.8106278509097,0.0,2.0,0.0,1.0,5.0,16.0
297.8166278509097,0.0,2.0,0.0,1.0,5.0,16.0
298.1166278509097,0.0,2.0,0.0,1.0,5.0,16.0
298.1226278509097,0.0,2.0,0.0,1.0,5.0,16.0
298.4226278509097,0.0,2.0,0.0,1.0,5.0,16.0
298.42862785090966,0.0,2.0,0.0,1.0,5.0,16.0
298.7286278509097,0.0,2.0,0.0,1.0,5.0,16.0
298.73462785090965,0.0,2.0,0.0,1.0,5.0,16.0
299.03462785090966,0.0,2.0,0.0,1.0,5.0,16.0
299.04062785090963,0.0,2.0,0.0,1.0,5.0,16.0
299.34062785090964,0.0,2.0,0.0,1.0,5.0,16.0
299.3466278509096,0.0,2.0,0.0,1.0,5.0,16.0
299.6466278509096,0.0,2.0,0.0,1.0,5.0,16.0
299.6526278509096,0.0,2.0,0.0,1.0,5.0,16.0
299.9526278509096,0.0,2.0,0.0,1.0,5.0,16.0
299.9586278509096,0.0,2.0,0.0,1.0,5.0,16.0
300.2586278509096,0.0,2.0,0.0,1.0,5.0,16.0
300.26462785090956,0.0,2.0,0.0,1.0,5.0,16.0
300.5646278509096,0.0,2.0,0.0,1.0,5.0,16.0
300.57062785090955,0.0,2.0,0.0,1.0,5.0,16.0
300.87062785090956,0.0,2.0,0.0,1.0,5.0,16.0
300.87662785090953,0.0,2.0,0.0,1.0,5.0,16.0
301.17662785090954,0.0,2.0,0.0,1.0,5.0,16.0
301.1826278509095,0.0,2.0,0.0,1.0,5.0,16.0
301.4826278509095,0.0,2.0,0.0,1.0,5.0,16.0
301.4886278509095,0.0,2.0,0.0,1.0,5.0,15.0
301.7886278509095,0.0,2.0,0.0,1.0,5.0,15.0
301.7946278509095,0.0,2.0,0.0,1.0,5.0,15.0
302.0946278509095,0.0,2.0,0.0,1.0,5.0,15.0
302.10062785090946,0.0,2.0,0.0,1.0,5.0,15.0
302.4006278509095,0.0,2.0,0.0,1.0,5.0,15.0
302.40662785090944,0.0,2.0,0.0,1.0,5.0,15.0
302.70662785090946,0.0,2.0,0.0,1.0,5.0,15.0
302.7126278509094,0.0,2.0,0.0,1.0,5.0,15.0
303.01262785090944,0.0,2.0,0.0,1.0,5.0,15.0
303.0186278509094,0.0,2.0,0.0,1.0,5.0,15.0
303.3186278509094,0.0,2.0,0.0,1.0,5.0,15.0
303.3246278509094,0.0,2.0,0.0,1.0,5.0,15.0
303.6246278509094,0.0,2.0,0.0,1.0,5.0,15.0
303.6306278509094,0.0,2.0,0.0,1.0,5.0,15.0
303.9306278509094,0.0,2.0,0.0,1.0,5.0,15.0
303.93662785090936,0.0,2.0,0.0,1.0,5.0,15.0
304.2366278509094,0.0,2.0,0.0,1.0,5.0,15.0
304.24262785090934,0.0,2.0,0.0,1.0,5.0,15.0
304.54262785090935,0.0,2.0,0.0,1.0,5.0,15.0
304.5466278509094,0.0,2.0,0.0,1.0,5.0,15.0
304.8466278509094,0.0,2.0,0.0,1.0,5.0,15.0
304.8506278509094,0.0,2.0,0.0,1.0,5.0,15.0
305.1506278509094,0.0,2.0,0.0,1.0,5.0,15.0
305.15462785090943,0.0,2.0,0.0,1.0,5.0,15.0
305.45462785090945,0.0,2.0,0.0,1.0,5.0,15.0
305.45862785090947,0.0,2.0,0.0,1.0,5.0,15.0
305.7586278509095,0.0,2.0,0.0,1.0,5.0,15.0
305.7626278509095,0.0,2.0,0.0,1.0,5.0,15.0
306.0626278509095,0.0,2.0,0.0,1.0,5.0,15.0
306.0666278509095,0.0,2.0,0.0,1.0,5.0,15.0
306.36662785090954,0.0,2.0,0.0,1.0,5.0,15.0
306.37062785090956,0.0,2.0,0.0,1.0,5.0,15.0
306.67062785090957,0.0,2.0,0.0,1.0,5.0,15.0
306.6746278509096,0.0,2.0,0.0,1.0,5.0,15.0
306.9746278509096,0.0,2.0,0.0,1.0,5.0,15.0
306.9786278509096,0.0,2.0,0.0,1.0,5.0,15.0
307.27862785090963,0.0,2.0,0.0,1.0,5.0,15.0
307.28262785090965,0.0,2.0,0.0,1.0,5.0,15.0
307.58262785090966,0.0,2.0,0.0,1.0,5.0,15.0
307.5866278509097,0.0,2.0,0.0,1.0,5.0,15.0
307.8866278509097,0.0,2.0,0.0,1.0,5.0,15.0
307.8906278509097,0.0,2.0,0.0,1.0,5.0,15.0
308.1906278509097,0.0,2.0,0.0,1.0,5.0,15.0
308.19462785090974,0.0,2.0,0.0,1.0,5.0,15.0
308.49462785090975,0.0,2.0,0.0,1.0,5.0,15.0
308.49862785090977,0.0,2.0,0.0,1.0,5.0,15.0
308.7986278509098,0.0,2.0,0.0,1.0,5.0,15.0
308.8026278509098,0.0,2.0,0.0,1.0,5.0,15.0
309.1026278509098,0.0,2.0,0.0,1.0,5.0,15.0
309.10662785090983,0.0,2.0,0.0,1.0,5.0,15.0
309.40662785090984,0.0,2.0,0.0,1.0,5.0,15.0
309.41062785090986,0.0,2.0,0.0,1.0,5.0,15.0
309.7106278509099,0.0,2.0,0.0,1.0,5.0,15.0
309.7146278509099,0.0,2.0,0.0,1.0,5.0,15.0
310.0146278509099,0.0,2.0,0.0,1.0,5.0,15.0
310.0186278509099,0.0,2.0,0.0,1.0,5.0,15.0
310.31862785090993,0.0,2.0,0.0,1.0,5.0,15.0
310.32262785090995,0.0,2.0,0.0,1.0,5.0,15.0
310.62262785090996,0.0,2.0,0.0,1.0,5.0,15.0
310.62662785091,0.0,2.0,0.0,1.0,5.0,15.0
310.92662785091,0.0,2.0,0.0,1.0,5.0,15.0
310.93062785091,0.0,2.0,0.0,1.0,5.0,15.0
311.23062785091,0.0,2.0,0.0,1.0,5.0,15.0
311.23462785091004,0.0,2.0,0.0,1.0,5.0,15.0
311.53462785091006,0.0,2.0,0.0,1.0,5.0,15.0
311.5386278509101,0.0,2.0,0.0,1.0,5.0,15.0
311.8386278509101,0.0,2.0,0.0,1.0,5.0,15.0
311.8426278509101,0.0,2.0,0.0,1.0,5.0,15.0
312.1426278509101,0.0,2.0,0.0,1.0,5.0,15.0
312.14662785091014,0.0,2.0,0.0,1.0,5.0,15.0
312.44662785091015,0.0,2.0,0.0,1.0,5.0,15.0
312.45062785091017,0.0,2.0,0.0,1.0,5.0,15.0
312.7506278509102,0.0,2.0,0.0,1.0,5.0,15.0
312.7546278509102,0.0,2.0,0.0,1.0,5.0,15.0
313.0546278509102,0.0,2.0,0.0,1.0,5.0,15.0
313.05702785091023,0.0,2.0,0.0,1.0,5.0,15.0
313.35702785091024,0.0,2.0,0.0,1.0,5.0,15.0
313.35942785091027,0.0,2.0,0.0,1.0,5.0,15.0
313.6594278509103,0.0,2.0,0.0,1.0,5.0,15.0
313.6618278509103,0.0,2.0,0.0,1.0,5.0,15.0
313.9618278509103,0.0,2.0,0.0,1.0,5.0,15.0
313.96422785091033,0.0,2.0,0.0,1.0,5.0,15.0
314.26422785091034,0.0,2.0,0.0,1.0,5.0,15.0
314.26662785091037,0.0,2.0,0.0,1.0,5.0,15.0
314.5666278509104,0.0,2.0,0.0,1.0,5.0,15.0
314.5690278509104,0.0,2.0,0.0,1.0,5.0,15.0
314.8690278509104,0.0,2.0,0.0,1.0,5.0,15.0
314.87142785091044,0.0,2.0,0.0,1.0,5.0,15.0
315.17142785091045,0.0,2.0,0.0,1.0,5.0,15.0
315.17382785091047,0.0,2.0,0.0,6.0,5.0,15.0
315.4738278509105,0.0,2.0,0.0,6.0,5.0,15.0
315.47549451757715,0.0,2.0,0.0,6.0,5.0,15.0
315.77549451757716,0.0,2.0,0.0,6.0,5.0,15.0
315.7771611842438,0.0,2.0,0.0,6.0,5.0,15.0
316.07716118424383,0.0,2.0,0.0,6.0,5.0,15.0
316.0788278509105,0.0,2.0,0.0,6.0,5.0,15.0
316.3788278509105,0.0,2.0,0.0,6.0,5.0,15.0
316.3804945175772,0.0,2.0,0.0,6.0,5.0,15.0
316.6804945175772,0.0,2.0,0.0,6.0,5.0,15.0
316.68216118424385,0.0,2.0,0.0,6.0,5.0,15.0
316.98216118424386,0.0,2.0,0.0,6.0,5.0,15.0
316.98382785091053,0.0,2.0,0.0,6.0,5.0,15.0
317.28382785091054,0.0,2.0,0.0,6.0,5.0,15.0
317.2854945175772,0.0,2.0,0.0,6.0,5.0,15.0
317.5854945175772,0.0,2.0,0.0,6.0,5.0,15.0
317.5871611842439,0.0,2.0,0.0,6.0,5.0,15.0
317.8871611842439,0.0,2.0,0.0,6.0,5.0,15.0
317.88882785091056,0.0,2.0,0.0,6.0,5.0,15.0
318.18882785091057,0.0,2.0,0.0,6.0,5.0,15.0
318.19049451757724,0.0,2.0,0.0,6.0,5.0,15.0
318.49049451757725,0.0,2.0,0.0,6.0,5.0,15.0
318.4921611842439,0.0,2.0,0.0,6.0,5.0,15.0
318.7921611842439,0.0,2.0,0.0,6.0,5.0,15.0
318.7938278509106,0.0,2.0,0.0,6.0,5.0,15.0
319.0938278509106,0.0,2.0,0.0,6.0,5.0,15.0
319.09549451757727,0.0,2.0,0.0,6.0,5.0,15.0
319.3954945175773,0.0,2.0,0.0,6.0,5.0,15.0
319.39716118424394,0.0,2.0,0.0,6.0,5.0,15.0
319.69716118424395,0.0,2.0,0.0,6.0,5.0,15.0
319.6988278509106,0.0,2.0,0.0,6.0,5.0,15.0
319.99882785091063,0.0,2.0,0.0,6.0,5.0,15.0
320.0004945175773,0.0,2.0,0.0,6.0,5.0,15.0
320.3004945175773,0.0,2.0,0.0,6.0,5.0,15.0
320.30216118424397,0.0,2.0,0.0,6.0,5.0,15.0
320.602161184244,0.0,2.0,0.0,6.0,5.0,15.0
320.60382785091065,0.0,2.0,0.0,6.0,5.0,15.0
320.90382785091066,0.0,2.0,0.0,6.0,5.0,15.0
320.9054945175773,0.0,2.0,0.0,6.0,5.0,15.0
321.20549451757734,0.0,2.0,0.0,6.0,5.0,15.0
321.207161184244,0.0,2.0,0.0,6.0,5.0,15.0
321.507161184244,0.0,2.0,0.0,6.0,5.0,15.0
321.5088278509107,0.0,2.0,0.0,4.0,5.0,16.0
321.8088278509107,0.0,2.0,0.0,4.0,5.0,16.0
321.8125778509107,0.0,2.0,0.0,4.0,5.0,16.0
322.1125778509107,0.0,2.0,0.0,4.0,5.0,16.0
322.11632785091075,0.0,2.0,0.0,4.0,5.0,16.0
322.41632785091076,0.0,2.0,0.0,4.0,5.0,16.0
322.4200778509108,0.0,2.0,0.0,4.0,5.0,16.0
322.7200778509108,0.0,2.0,0.0,4.0,5.0,16.0
322.7238278509108,0.0,2.0,0.0,4.0,5.0,16.0
323.02382785091083,0.0,2.0,0.0,4.0,5.0,16.0
323.02757785091086,0.0,2.0,0.0,4.0,5.0,16.0
323.32757785091087,0.0,2.0,0.0,4.0,5.0,16.0
323.3313278509109,0.0,2.0,0.0,2.0,5.0,17.0
323.6313278509109,0.0,2.0,0.0,2.0,5.0,17.0
323.6353278509109,0.0,2.0,0.0,2.0,5.0,17.0
323.93532785091094,0.0,2.0,0.0,2.0,5.0,17.0
323.93932785091096,0.0,2.0,0.0,2.0,5.0,17.0
324.23932785091097,0.0,2.0,0.0,2.0,5.0,17.0
324.243327850911,0.0,2.0,0.0,2.0,5.0,17.0
324.543327850911,0.0,2.0,0.0,2.0,5.0,17.0
324.547327850911,0.0,2.0,0.0,2.0,5.0,17.0
324.84732785091103,0.0,2.0,0.0,2.0,5.0,17.0
324.85132785091105,0.0,2.0,0.0,2.0,5.0,17.0
325.15132785091106,0.0,2.0,0.0,2.0,5.0,17.0
325.1553278509111,0.0,2.0,0.0,2.0,5.0,17.0
325.4553278509111,0.0,2.0,0.0,2.0,5.0,17.0
325.4593278509111,0.0,2.0,0.0,2.0,5.0,17.0
325.7593278509111,0.0,2.0,0.0,2.0,5.0,17.0
325.76332785091114,0.0,2.0,0.0,2.0,5.0,17.0
326.06332785091115,0.0,2.0,0.0,2.0,5.0,17.0
326.06732785091117,0.0,2.0,0.0,2.0,5.0,17.0
326.3673278509112,0.0,2.0,0.0,2.0,5.0,17.0
326.3713278509112,0.0,2.0,0.0,2.0,5.0,17.0
326.6713278509112,0.0,2.0,0.0,2.0,5.0,17.0
326.67532785091123,0.0,2.0,0.0,2.0,5.0,17.0
326.97532785091124,0.0,2.0,0.0,2.0,5.0,17.0
326.97932785091126,0.0,2.0,0.0,2.0,5.0,17.0
327.2793278509113,0.0,2.0,0.0,2.0,5.0,17.0
327.2833278509113,0.0,2.0,0.0,7.0,5.0,17.0
327.5833278509113,0.0,2.0,0.0,7.0,5.0,17.0
327.5845523407072,0.0,2.0,0.0,7.0,5.0,17.0
327.8845523407072,0.0,2.0,0.0,7.0,5.0,17.0
327.8857768305031,0.0,2.0,0.0,7.0,5.0,17.0
328.18577683050313,0.0,2.0,0.0,7.0,5.0,17.0
328.18700132029903,0.0,2.0,0.0,7.0,5.0,17.0
328.48700132029904,0.0,2.0,0.0,7.0,5.0,17.0
328.48822581009495,0.0,2.0,0.0,7.0,5.0,17.0
328.78822581009496,0.0,2.0,0.0,7.0,5.0,17.0
328.78945029989086,0.0,3.0,0.0,7.0,5.0,17.0
329.08945029989087,0.0,3.0,0.0,7.0,5.0,17.0
329.0906747896868,0.0,3.0,0.0,7.0,5.0,17.0
329.3906747896868,0.0,3.0,0.0,7.0,5.0,17.0
329.3918992794827,0.0,3.0,0.0,7.0,5.0,17.0
329.6918992794827,0.0,3.0,0.0,7.0,5.0,17.0
329.6931237692786,0.0,3.0,0.0,7.0,5.0,17.0
329.9931237692786,0.0,3.0,0.0,7.0,5.0,17.0
329.9943482590745,0.0,3.0,0.0,7.0,5.0,17.0
330.2943482590745,0.0,3.0,0.0,7.0,5.0,17.0
330.2955727488704,0.0,3.0,0.0,7.0,5.0,17.0
330.59557274887044,0.0,3.0,0.0,7.0,5.0,17.0
330.59679723866634,0.0,3.0,0.0,7.0,5.0,17.0
330.89679723866635,0.0,3.0,0.0,7.0,5.0,17.0
330.89802172846225,0.0,3.0,0.0,7.0,5.0,17.0
331.19802172846227,0.0,3.0,0.0,7.0,5.0,17.0
331.19924621825817,0.0,3.0,0.0,7.0,5.0,17.0
331.4992462182582,0.0,3.0,0.0,7.0,5.0,17.0
331.5004707080541,0.0,3.0,0.0,7.0,5.0,17.0
331.8004707080541,0.0,3.0,0.0,7.0,5.0,17.0
331.80169519785,0.0,3.0,0.0,7.0,5.0,17.0
332.10169519785,0.0,3.0,0.0,7.0,5.0,17.0
332.1029196876459,0.0,3.0,0.0,7.0,5.0,17.0
332.4029196876459,0.0,3.0,0.0,7.0,5.0,17.0
332.4041441774418,0.0,3.0,0.0,7.0,5.0,17.0
332.70414417744183,0.0,3.0,0.0,7.0,5.0,17.0
332.70536866723774,0.0,3.0,0.0,7.0,5.0,17.0
333.00536866723775,0.0,3.0,0.0,7.0,5.0,17.0
333.00659315703365,0.0,3.0,0.0,7.0,5.0,17.0
333.30659315703366,0.0,3.0,0.0,7.0,5.0,17.0
333.30781764682956,0.0,3.0,0.0,7.0,5.0,17.0
333.6078176468296,0.0,3.0,0.0,7.0,5.0,17.0
333.6090421366255,0.0,3.0,0.0,7.0,5.0,17.0
333.9090421366255,0.0,3.0,0.0,7.0,5.0,17.0
333.9102666264214,0.0,3.0,0.0,7.0,5.0,17.0
334.2102666264214,0.0,3.0,0.0,7.0,5.0,17.0
334.2114911162173,0.0,3.0,0.0,7.0,5.0,17.0
334.5114911162173,0.0,3.0,0.0,7.0,5.0,17.0
334.5127156060132,0.0,3.0,0.0,7.0,5.0,17.0
334.8127156060132,0.0,3.0,0.0,7.0,5.0,17.0
334.81394009580913,0.0,3.0,0.0,7.0,5.0,17.0
335.11394009580914,0.0,3.0,0.0,7.0,5.0,17.0
335.11516458560504,0.0,3.0,0.0,7.0,5.0,17.0
335.41516458560505,0.0,3.0,0.0,7.0,5.0,17.0
335.41638907540096,0.0,3.0,0.0,7.0,5.0,17.0
335.71638907540097,0.0,3.0,0.0,7.0,5.0,17.0
335.71761356519687,0.0,3.0,0.0,7.0,5.0,17.0
336.0176135651969,0.0,3.0,0.0,7.0,5.0,17.0
336.0188380549928,0.0,3.0,0.0,7.0,5.0,17.0
336.3188380549928,0.0,3.0,0.0,7.0,5.0,17.0
336.3200625447887,0.0,3.0,0.0,7.0,5.0,17.0
336.6200625447887,0.0,3.0,0.0,7.0,5.0,17.0
336.6212870345846,0.0,3.0,0.0,7.0,5.0,17.0
336.9212870345846,0.0,3.0,0.0,7.0,5.0,17.0
336.9225115243805,0.0,3.0,0.0,7.0,5.0,17.0
337.22251152438054,0.0,3.0,0.0,7.0,5.0,17.0
337.22373601417644,0.0,3.0,0.0,7.0,5.0,17.0
337.52373601417645,0.0,3.0,0.0,7.0,5.0,17.0
337.52496050397235,0.0,3.0,0.0,7.0,5.0,17.0
337.82496050397236,0.0,3.0,0.0,7.0,5.0,17.0
337.82618499376827,0.0,3.0,0.0,7.0,5.0,17.0
338.1261849937683,0.0,3.0,0.0,7.0,5.0,17.0
338.1274094835642,0.0,3.0,0.0,7.0,5.0,17.0
338.4274094835642,0.0,3.0,0.0,7.0,5.0,17.0
338.4286339733601,0.0,3.0,0.0,7.0,5.0,17.0
338.7286339733601,0.0,3.0,0.0,7.0,5.0,17.0
338.729858463156,0.0,3.0,0.0,7.0,5.0,17.0
339.029858463156,0.0,3.0,0.0,7.0,5.0,17.0
339.0310829529519,0.0,3.0,0.0,7.0,5.0,17.0
339.33108295295193,0.0,3.0,0.0,7.0,5.0,17.0
339.33230744274783,0.0,3.0,0.0,7.0,5.0,17.0
339.63230744274784,0.0,3.0,0.0,7.0,5.0,17.0
339.63353193254375,0.0,3.0,0.0,7.0,5.0,17.0
339.93353193254376,0.0,3.0,0.0,7.0,5.0,17.0
339.93475642233966,0.0,3.0,0.0,7.0,5.0,17.0
340.2347564223397,0.0,3.0,0.0,7.0,5.0,17.0
340.2359809121356,0.0,3.0,0.0,7.0,5.0,17.0
340.5359809121356,0.0,3.0,0.0,7.0,5.0,17.0
340.5372054019315,0.0,3.0,0.0,7.0,5.0,17.0
340.8372054019315,0.0,3.0,0.0,7.0,5.0,17.0
340.8384298917274,0.0,3.0,0.0,7.0,5.0,17.0
341.1384298917274,0.0,3.0,0.0,7.0,5.0,17.0
341.1396543815233,0.0,3.0,0.0,7.0,5.0,17.0
341.4396543815233,0.0,3.0,0.0,7.0,5.0,17.0
341.4408788713192,0.0,3.0,0.0,7.0,5.0,17.0
341.74087887131924,0.0,3.0,0.0,7.0,5.0,17.0
341.74210336111514,0.0,3.0,0.0,7.0,5.0,17.0
342.04210336111515,0.0,3.0,0.0,7.0,5.0,17.0
342.04332785091106,0.0,3.0,0.0,7.0,5.0,17.0
342.34332785091107,0.0,3.0,0.0,7.0,5.0,17.0
342.34455234070697,0.0,3.0,0.0,7.0,5.0,17.0
342.644552340707,0.0,3.0,0.0,7.0,5.0,17.0
342.6457768305029,0.0,3.0,0.0,7.0,5.0,17.0
342.9457768305029,0.0,3.0,0.0,7.0,5.0,17.0
342.9470013202988,0.0,3.0,0.0,7.0,5.0,17.0
343.2470013202988,0.0,3.0,0.0,7.0,5.0,17.0
343.2482258100947,0.0,3.0,0.0,7.0,5.0,17.0
343.5482258100947,0.0,3.0,0.0,7.0,5.0,17.0
343.5494502998906,0.0,3.0,0.0,7.0,5.0,17.0
343.84945029989063,0.0,3.0,0.0,7.0,5.0,17.0
343.85067478968654,0.0,3.0,0.0,7.0,5.0,17.0
344.15067478968655,0.0,3.0,0.0,7.0,5.0,17.0
344.15189927948245,0.0,3.0,0.0,7.0,5.0,17.0
344.45189927948246,0.0,3.0,0.0,7.0,5.0,17.0
344.45312376927836,0.0,3.0,0.0,7.0,5.0,17.0
344.7531237692784,0.0,3.0,0.0,7.0,5.0,17.0
344.7543482590743,0.0,3.0,0.0,7.0,5.0,17.0
345.0543482590743,0.0,3.0,0.0,7.0,5.0,17.0
345.0555727488702,0.0,3.0,0.0,7.0,5.0,17.0
345.3555727488702,0.0,3.0,0.0,7.0,5.0,17.0
345.3567972386661,0.0,3.0,0.0,7.0,5.0,17.0
345.6567972386661,0.0,3.0,0.0,7.0,5.0,17.0
345.658021728462,0.0,3.0,0.0,7.0,5.0,17.0
345.95802172846203,0.0,3.0,0.0,7.0,5.0,17.0
345.95924621825793,0.0,3.0,0.0,7.0,5.0,17.0
346.25924621825794,0.0,3.0,0.0,7.0,5.0,17.0
346.26047070805384,0.0,3.0,0.0,7.0,5.0,17.0
346.56047070805386,0.0,3.0,0.0,7.0,5.0,17.0
346.56169519784976,0.0,3.0,0.0,7.0,5.0,17.0
346.86169519784977,0.0,3.0,0.0,7.0,5.0,17.0
346.8629196876457,0.0,3.0,0.0,7.0,5.0,17.0
347.1629196876457,0.0,3.0,0.0,7.0,5.0,17.0
347.1641441774416,0.0,3.0,0.0,7.0,5.0,17.0
347.4641441774416,0.0,3.0,0.0,7.0,5.0,17.0
347.4653686672375,0.0,3.0,0.0,7.0,5.0,17.0
347.7653686672375,0.0,3.0,0.0,7.0,5.0,17.0
347.7665931570334,0.0,3.0,0.0,7.0,5.0,17.0
348.0665931570334,0.0,3.0,0.0,7.0,5.0,17.0
348.0678176468293,0.0,3.0,0.0,7.0,5.0,17.0
348.36781764682934,0.0,3.0,0.0,7.0,5.0,17.0
348.36904213662524,0.0,3.0,0.0,7.0,5.0,17.0
348.66904213662525,0.0,3.0,0.0,7.0,5.0,17.0
348.67026662642115,0.0,3.0,0.0,7.0,5.0,17.0
348.97026662642116,0.0,3.0,0.0,7.0,5.0,17.0
348.97149111621707,0.0,3.0,0.0,7.0,5.0,17.0
349.2714911162171,0.0,3.0,0.0,7.0,5.0,17.0
349.272715606013,0.0,3.0,0.0,7.0,5.0,17.0
349.572715606013,0.0,3.0,0.0,7.0,5.0,17.0
349.5739400958089,0.0,3.0,0.0,7.0,5.0,17.0
349.8739400958089,0.0,3.0,0.0,7.0,5.0,17.0
349.8751645856048,0.0,3.0,0.0,5.0,5.0,18.0
350.1751645856048,0.0,3.0,0.0,5.0,5.0,18.0
350.17756458560484,0.0,3.0,0.0,5.0,5.0,18.0
350.47756458560485,0.0,3.0,0.0,5.0,5.0,18.0
350.4799645856049,0.0,3.0,0.0,5.0,5.0,18.0
350.7799645856049,0.0,3.0,0.0,5.0,5.0,18.0
350.7823645856049,0.0,3.0,0.0,5.0,5.0,18.0
351.0823645856049,0.0,3.0,0.0,5.0,5.0,18.0
351.08476458560494,0.0,3.0,0.0,5.0,5.0,18.0
351.38476458560496,0.0,3.0,0.0,5.0,5.0,18.0
351.387164585605,0.0,3.0,0.0,5.0,5.0,18.0
351.687164585605,0.0,3.0,0.0,5.0,5.0,18.0
351.689564585605,0.0,3.0,0.0,5.0,5.0,18.0
351.989564585605,0.0,3.0,0.0,5.0,5.0,18.0
351.99196458560505,0.0,3.0,0.0,5.0,5.0,18.0
352.29196458560506,0.0,3.0,0.0,5.0,5.0,18.0
352.2943645856051,0.0,3.0,0.0,5.0,5.0,18.0
352.5943645856051,0.0,3.0,0.0,5.0,5.0,18.0
352.5967645856051,0.0,3.0,0.0,5.0,5.0,18.0
352.8967645856051,0.0,3.0,0.0,5.0,5.0,18.0
352.89916458560515,0.0,3.0,0.0,5.0,5.0,18.0
353.19916458560516,0.0,3.0,0.0,5.0,5.0,18.0
353.2015645856052,0.0,3.0,0.0,5.0,5.0,18.0
353.5015645856052,0.0,3.0,0.0,5.0,5.0,18.0
353.5039645856052,0.0,3.0,0.0,5.0,5.0,18.0
353.80396458560523,0.0,3.0,0.0,5.0,5.0,18.0
353.80636458560525,0.0,3.0,0.0,5.0,5.0,18.0
354.10636458560526,0.0,3.0,0.0,5.0,5.0,18.0
354.1087645856053,0.0,3.0,0.0,5.0,5.0,18.0
354.4087645856053,0.0,3.0,0.0,5.0,5.0,18.0
354.4111645856053,0.0,3.0,0.0,5.0,5.0,18.0
354.71116458560533,0.0,3.0,0.0,5.0,5.0,18.0
354.71356458560535,0.0,3.0,0.0,5.0,5.0,18.0
355.01356458560537,0.0,3.0,0.0,5.0,5.0,18.0
355.0159645856054,0.0,3.0,0.0,3.0,5.0,19.0
355.3159645856054,0.0,3.0,0.0,3.0,5.0,19.0
355.3219645856054,0.0,3.0,0.0,3.0,5.0,19.0
355.6219645856054,0.0,3.0,0.0,3.0,5.0,19.0
355.62796458560535,0.0,3.0,0.0,3.0,5.0,19.0
355.92796458560537,0.0,3.0,0.0,3.0,5.0,19.0
355.93396458560534,0.0,3.0,0.0,3.0,5.0,19.0
356.23396458560535,0.0,3.0,0.0,3.0,5.0,19.0
356.2399645856053,0.0,3.0,0.0,3.0,5.0,19.0
356.53996458560533,0.0,3.0,0.0,3.0,5.0,19.0
356.5459645856053,0.0,3.0,0.0,3.0,5.0,19.0
356.8459645856053,0.0,3.0,0.0,3.0,5.0,19.0
356.8519645856053,0.0,3.0,0.0,3.0,5.0,19.0
357.1519645856053,0.0,3.0,0.0,3.0,5.0,19.0
357.15796458560527,0.0,3.0,0.0,3.0,5.0,19.0
357.4579645856053,0.0,3.0,0.0,3.0,5.0,19.0
357.46396458560525,0.0,3.0,0.0,3.0,5.0,19.0
357.76396458560527,0.0,3.0,0.0,3.0,5.0,19.0
357.76996458560524,0.0,3.0,0.0,3.0,5.0,19.0
358.06996458560525,0.0,3.0,0.0,3.0,5.0,19.0
358.0759645856052,0.0,3.0,0.0,3.0,5.0,19.0
358.37596458560523,0.0,3.0,0.0,3.0,5.0,19.0
358.3819645856052,0.0,3.0,0.0,3.0,5.0,19.0
358.6819645856052,0.0,3.0,0.0,3.0,5.0,19.0
358.6879645856052,0.0,3.0,0.0,3.0,5.0,19.0
358.9879645856052,0.0,3.0,0.0,3.0,5.0,19.0
358.99396458560517,0.0,3.0,0.0,3.0,5.0,19.0
359.2939645856052,0.0,3.0,0.0,3.0,5.0,19.0
359.29996458560515,0.0,3.0,0.0,3.0,5.0,19.0
359.59996458560516,0.0,3.0,0.0,3.0,5.0,19.0
359.60596458560514,0.0,3.0,0.0,3.0,5.0,19.0
359.90596458560515,0.0,3.0,0.0,3.0,5.0,19.0
359.9119645856051,0.0,3.0,0.0,3.0,5.0,19.0
360.21196458560513,0.0,3.0,0.0,3.0,5.0,19.0
360.2179645856051,0.0,3.0,0.0,3.0,5.0,19.0
360.5179645856051,0.0,3.0,0.0,3.0,5.0,19.0
360.5239645856051,0.0,3.0,0.0,3.0,5.0,19.0
360.8239645856051,0.0,3.0,0.0,3.0,5.0,19.0
360.82996458560507,0.0,3.0,0.0,3.0,5.0,19.0
361.1299645856051,0.0,3.0,0.0,3.0,5.0,19.0
361.13596458560505,0.0,3.0,0.0,3.0,5.0,19.0
361.43596458560506,0.0,3.0,0.0,3.0,5.0,19.0
361.44196458560504,0.0,3.0,0.0,3.0,5.0,19.0
361.74196458560505,0.0,3.0,0.0,3.0,5.0,19.0
361.747964585605,0.0,3.0,0.0,3.0,5.0,19.0
362.04796458560503,0.0,3.0,0.0,3.0,5.0,19.0
362.053964585605,0.0,3.0,0.0,3.0,5.0,19.0
362.353964585605,0.0,3.0,0.0,3.0,5.0,19.0
362.359964585605,0.0,3.0,0.0,3.0,5.0,19.0
362.659964585605,0.0,3.0,0.0,3.0,5.0,19.0
362.66596458560497,0.0,3.0,0.0,3.0,5.0,19.0
362.965964585605,0.0,3.0,0.0,3.0,5.0,19.0
362.97196458560495,0.0,3.0,0.0,3.0,5.0,19.0
363.27196458560496,0.0,3.0,0.0,3.0,5.0,19.0
363.27796458560493,0.0,3.0,0.0,3.0,5.0,19.0
363.57796458560495,0.0,3.0,0.0,3.0,5.0,19.0
363.5839645856049,0.0,3.0,0.0,3.0,5.0,19.0
363.88396458560493,0.0,3.0,0.0,3.0,5.0,19.0
363.8899645856049,0.0,3.0,0.0,3.0,5.0,19.0
364.1899645856049,0.0,3.0,0.0,3.0,5.0,19.0
364.19396458560493,0.0,3.0,0.0,3.0,5.0,19.0
364.49396458560494,0.0,3.0,0.0,3.0,5.0,19.0
364.49796458560496,0.0,3.0,0.0,8.0,5.0,19.0
364.797964585605,0.0,3.0,0.0,8.0,5.0,19.0
364.798902085605,0.0,3.0,0.0,8.0,5.0,19.0
365.098902085605,0.0,3.0,0.0,8.0,5.0,19.0
365.099839585605,0.0,3.0,0.0,8.0,5.0,19.0
365.39983958560504,0.0,3.0,0.0,8.0,5.0,19.0
365.40077708560506,0.0,3.0,0.0,8.0,5.0,19.0
365.70077708560507,0.0,3.0,0.0,8.0,5.0,19.0
365.7017145856051,0.0,3.0,0.0,8.0,5.0,19.0
366.0017145856051,0.0,3.0,0.0,8.0,5.0,19.0
366.0026520856051,0.0,3.0,0.0,8.0,5.0,19.0
366.30265208560513,0.0,3.0,0.0,8.0,5.0,19.0
366.30358958560515,0.0,3.0,0.0,8.0,5.0,19.0
366.60358958560516,0.0,3.0,0.0,8.0,5.0,19.0
366.6045270856052,0.0,3.0,0.0,8.0,5.0,19.0
366.9045270856052,0.0,3.0,0.0,8.0,5.0,19.0
366.9054645856052,0.0,3.0,0.0,8.0,5.0,19.0
367.2054645856052,0.0,3.0,0.0,8.0,5.0,19.0
367.20640208560525,0.0,3.0,0.0,8.0,5.0,19.0
367.50640208560526,0.0,3.0,0.0,8.0,5.0,19.0
367.5073395856053,0.0,3.0,0.0,8.0,5.0,19.0
367.8073395856053,0.0,3.0,0.0,8.0,5.0,19.0
367.8082770856053,0.0,3.0,0.0,8.0,5.0,19.0
368.1082770856053,0.0,3.0,0.0,8.0,5.0,19.0
368.10921458560534,0.0,3.0,0.0,8.0,5.0,19.0
368.40921458560535,0.0,3.0,0.0,8.0,5.0,19.0
368.4101520856054,0.0,3.0,0.0,8.0,5.0,19.0
368.7101520856054,0.0,3.0,0.0,8.0,5.0,19.0
368.7110895856054,0.0,3.0,0.0,8.0,5.0,19.0
369.0110895856054,0.0,3.0,0.0,8.0,5.0,19.0
369.01202708560544,0.0,3.0,0.0,8.0,5.0,19.0
369.31202708560545,0.0,3.0,0.0,8.0,5.0,19.0
369.31296458560547,0.0,3.0,0.0,8.0,5.0,19.0
369.6129645856055,0.0,3.0,0.0,8.0,5.0,19.0
369.6139020856055,0.0,3.0,0.0,8.0,5.0,19.0
369.9139020856055,0.0,3.0,0.0,8.0,5.0,19.0
369.91483958560553,0.0,3.0,0.0,8.0,5.0,19.0
370.21483958560555,0.0,3.0,0.0,8.0,5.0,19.0
370.21577708560557,0.0,3.0,0.0,8.0,5.0,19.0
370.5157770856056,0.0,3.0,0.0,8.0,5.0,19.0
370.5167145856056,0.0,3.0,0.0,8.0,5.0,19.0
370.8167145856056,0.0,3.0,0.0,8.0,5.0,19.0
370.81765208560563,0.0,3.0,0.0,8.0,5.0,19.0
371.11765208560564,0.0,3.0,0.0,8.0,5.0,19.0
371.11858958560566,0.0,3.0,0.0,8.0,5.0,19.0
371.4185895856057,0.0,3.0,0.0,8.0,5.0,19.0
371.4195270856057,0.0,3.0,0.0,8.0,5.0,19.0
371.7195270856057,0.0,3.0,0.0,8.0,5.0,19.0
371.7204645856057,0.0,3.0,0.0,8.0,5.0,19.0
372.02046458560574,0.0,3.0,0.0,8.0,5.0,19.0
372.02140208560576,0.0,3.0,0.0,8.0,5.0,19.0
372.32140208560577,0.0,3.0,0.0,8.0,5.0,19.0
372.3223395856058,0.0,3.0,0.0,8.0,5.0,19.0
372.6223395856058,0.0,3.0,0.0,8.0,5.0,19.0
372.6232770856058,0.0,3.0,0.0,8.0,5.0,19.0
372.92327708560583,0.0,3.0,0.0,8.0,5.0,19.0
372.92421458560585,0.0,3.0,0.0,8.0,5.0,19.0
373.22421458560586,0.0,3.0,0.0,8.0,5.0,19.0
373.2251520856059,0.0,3.0,0.0,8.0,5.0,19.0
373.5251520856059,0.0,3.0,0.0,8.0,5.0,19.0
373.5260895856059,0.0,3.0,0.0,8.0,5.0,19.0
373.8260895856059,0.0,3.0,0.0,8.0,5.0,19.0
373.82702708560595,0.0,3.0,0.0,8.0,5.0,19.0
374.12702708560596,0.0,3.0,0.0,8.0,5.0,19.0
374.127964585606,0.0,3.0,0.0,8.0,5.0,19.0
374.427964585606,0.0,3.0,0.0,8.0,5.0,19.0
374.428902085606,0.0,3.0,0.0,8.0,5.0,19.0
374.728902085606,0.0,3.0,0.0,8.0,5.0,19.0
374.72983958560604,0.0,3.0,0.0,8.0,5.0,19.0
375.02983958560606,0.0,3.0,0.0,8.0,5.0,19.0
375.0307770856061,0.0,3.0,0.0,8.0,5.0,19.0
375.3307770856061,0.0,3.0,0.0,8.0,5.0,19.0
375.3317145856061,0.0,3.0,0.0,8.0,5.0,19.0
375.6317145856061,0.0,3.0,0.0,8.0,5.0,19.0
375.63265208560614,0.0,3.0,0.0,8.0,5.0,19.0
375.93265208560615,0.0,3.0,0.0,8.0,5.0,19.0
375.93358958560617,0.0,3.0,0.0,8.0,5.0,19.0
376.2335895856062,0.0,3.0,0.0,8.0,5.0,19.0
376.2345270856062,0.0,3.0,0.0,8.0,5.0,19.0
376.5345270856062,0.0,3.0,0.0,8.0,5.0,19.0
376.53546458560623,0.0,3.0,0.0,8.0,5.0,19.0
376.83546458560625,0.0,3.0,0.0,8.0,5.0,19.0
376.83640208560627,0.0,3.0,0.0,8.0,5.0,19.0
377.1364020856063,0.0,3.0,0.0,8.0,5.0,19.0
377.1373395856063,0.0,3.0,0.0,8.0,5.0,19.0
377.4373395856063,0.0,3.0,0.0,8.0,5.0,19.0
377.43827708560633,0.0,3.0,0.0,8.0,5.0,19.0
377.73827708560634,0.0,3.0,0.0,8.0,5.0,19.0
377.73921458560636,0.0,3.0,0.0,8.0,5.0,19.0
378.0392145856064,0.0,3.0,0.0,8.0,5.0,19.0
378.0401520856064,0.0,3.0,0.0,8.0,5.0,19.0
378.3401520856064,0.0,3.0,0.0,8.0,5.0,19.0
378.3410895856064,0.0,3.0,0.0,8.0,5.0,19.0
378.64108958560644,0.0,3.0,0.0,8.0,5.0,19.0
378.64202708560646,0.0,3.0,0.0,8.0,5.0,19.0
378.94202708560647,0.0,3.0,0.0,8.0,5.0,19.0
378.9429645856065,0.0,3.0,0.0,8.0,5.0,19.0
379.2429645856065,0.0,3.0,0.0,8.0,5.0,19.0
379.2439020856065,0.0,3.0,0.0,8.0,5.0,19.0
379.54390208560653,0.0,3.0,0.0,8.0,5.0,19.0
379.54483958560655,0.0,3.0,0.0,8.0,5.0,19.0
379.84483958560656,0.0,3.0,0.0,8.0,5.0,19.0
379.8457770856066,0.0,3.0,0.0,8.0,5.0,19.0
380.1457770856066,0.0,3.0,0.0,8.0,5.0,19.0
380.1467145856066,0.0,3.0,0.0,8.0,5.0,19.0
380.4467145856066,0.0,3.0,0.0,8.0,5.0,19.0
380.44765208560665,0.0,3.0,0.0,8.0,5.0,19.0
380.74765208560666,0.0,3.0,0.0,8.0,5.0,19.0
380.7485895856067,0.0,3.0,0.0,6.0,5.0,20.0
381.0485895856067,0.0,3.0,0.0,6.0,5.0,20.0
381.05025625227336,0.0,3.0,0.0,6.0,5.0,20.0
381.35025625227337,0.0,3.0,0.0,6.0,5.0,20.0
381.35192291894003,0.0,3.0,0.0,6.0,5.0,20.0
381.65192291894004,0.0,3.0,0.0,6.0,5.0,20.0
381.6535895856067,0.0,3.0,0.0,6.0,5.0,20.0
381.9535895856067,0.0,3.0,0.0,6.0,5.0,20.0
381.9552562522734,0.0,3.0,0.0,6.0,5.0,20.0
382.2552562522734,0.0,3.0,0.0,6.0,5.0,20.0
382.25692291894006,0.0,3.0,0.0,6.0,5.0,20.0
382.5569229189401,0.0,3.0,0.0,6.0,5.0,20.0
382.55858958560674,0.0,3.0,0.0,6.0,5.0,20.0
382.85858958560675,0.0,3.0,0.0,6.0,5.0,20.0
382.8602562522734,0.0,3.0,0.0,6.0,5.0,20.0
383.1602562522734,0.0,3.0,0.0,6.0,5.0,20.0
383.1619229189401,0.0,3.0,0.0,6.0,5.0,20.0
383.4619229189401,0.0,3.0,0.0,6.0,5.0,20.0
383.46358958560677,0.0,3.0,0.0,6.0,5.0,20.0
383.7635895856068,0.0,3.0,0.0,6.0,5.0,20.0
383.76525625227345,0.0,3.0,0.0,6.0,5.0,20.0
384.06525625227346,0.0,3.0,0.0,6.0,5.0,20.0
384.0669229189401,0.0,3.0,0.0,6.0,5.0,20.0
384.36692291894013,0.0,3.0,0.0,6.0,5.0,20.0
384.3685895856068,0.0,3.0,0.0,6.0,5.0,20.0
384.6685895856068,0.0,3.0,0.0,6.0,5.0,20.0
384.6702562522735,0.0,3.0,0.0,6.0,5.0,20.0
384.9702562522735,0.0,3.0,0.0,6.0,5.0,20.0
384.97192291894015,0.0,3.0,0.0,6.0,5.0,20.0
385.27192291894016,0.0,3.0,0.0,6.0,5.0,20.0
385.2735895856068,0.0,3.0,0.0,6.0,5.0,20.0
385.57358958560684,0.0,3.0,0.0,6.0,5.0,20.0
385.5752562522735,0.0,3.0,0.0,6.0,5.0,20.0
385.8752562522735,0.0,3.0,0.0,6.0,5.0,20.0
385.8769229189402,0.0,3.0,0.0,6.0,5.0,20.0
386.1769229189402,0.0,3.0,0.0,6.0,5.0,20.0
386.17858958560686,0.0,3.0,0.0,6.0,5.0,20.0
386.47858958560687,0.0,3.0,0.0,6.0,5.0,20.0
386.48025625227353,0.0,3.0,0.0,6.0,5.0,20.0
386.78025625227355,0.0,3.0,0.0,6.0,5.0,20.0
386.7819229189402,0.0,3.0,0.0,6.0,5.0,20.0
387.0819229189402,0.0,3.0,0.0,6.0,5.0,20.0
387.0835895856069,0.0,3.0,0.0,6.0,5.0,20.0
387.3835895856069,0.0,3.0,0.0,6.0,5.0,20.0
387.38525625227356,0.0,3.0,0.0,6.0,5.0,20.0
387.6852562522736,0.0,3.0,0.0,6.0,5.0,20.0
387.68692291894024,0.0,3.0,0.0,6.0,5.0,20.0
387.98692291894025,0.0,3.0,0.0,6.0,5.0,20.0
387.9885895856069,0.0,3.0,0.0,6.0,5.0,20.0
388.2885895856069,0.0,3.0,0.0,6.0,5.0,20.0
388.2902562522736,0.0,3.0,0.0,6.0,5.0,20.0
388.5902562522736,0.0,3.0,0.0,6.0,5.0,20.0
388.59192291894027,0.0,3.0,0.0,6.0,5.0,20.0
388.8919229189403,0.0,3.0,0.0,6.0,5.0,20.0
388.89358958560695,0.0,3.0,0.0,6.0,5.0,20.0
389.19358958560696,0.0,3.0,0.0,6.0,5.0,20.0
389.1952562522736,0.0,3.0,0.0,6.0,5.0,20.0
389.49525625227363,0.0,3.0,0.0,6.0,5.0,20.0
389.4969229189403,0.0,3.0,0.0,6.0,5.0,20.0
389.7969229189403,0.0,3.0,0.0,6.0,5.0,20.0
389.798589585607,0.0,3.0,0.0,6.0,5.0,20.0
390.098589585607,0.0,3.0,0.0,6.0,5.0,20.0
390.10025625227365,0.0,3.0,0.0,6.0,5.0,20.0
390.40025625227366,0.0,3.0,0.0,6.0,5.0,20.0
390.40192291894033,0.0,3.0,0.0,6.0,5.0,20.0
390.70192291894034,0.0,3.0,0.0,6.0,5.0,20.0
390.703589585607,0.0,3.0,0.0,6.0,5.0,20.0
391.003589585607,0.0,3.0,0.0,6.0,5.0,20.0
391.0052562522737,0.0,3.0,0.0,6.0,5.0,20.0
391.3052562522737,0.0,3.0,0.0,6.0,5.0,20.0
391.30692291894036,0.0,3.0,0.0,6.0,5.0,20.0
391.60692291894037,0.0,3.0,0.0,6.0,5.0,20.0
391.60858958560704,0.0,3.0,0.0,6.0,5.0,20.0
391.90858958560705,0.0,3.0,0.0,6.0,5.0,20.0
391.9102562522737,0.0,3.0,0.0,6.0,5.0,20.0
392.2102562522737,0.0,3.0,0.0,6.0,5.0,20.0
392.2119229189404,0.0,3.0,0.0,6.0,5.0,20.0
392.5119229189404,0.0,3.0,0.0,6.0,5.0,20.0
392.51358958560706,0.0,3.0,0.0,6.0,5.0,20.0
392.8135895856071,0.0,3.0,0.0,6.0,5.0,20.0
392.81525625227374,0.0,3.0,0.0,6.0,5.0,20.0
393.11525625227375,0.0,3.0,0.0,6.0,5.0,20.0
393.1169229189404,0.0,3.0,0.0,6.0,5.0,20.0
393.41692291894043,0.0,3.0,0.0,6.0,5.0,20.0
393.4185895856071,0.0,3.0,0.0,6.0,5.0,20.0
393.7185895856071,0.0,3.0,0.0,6.0,5.0,20.0
393.72025625227377,0.0,3.0,0.0,6.0,5.0,20.0
394.0202562522738,0.0,3.0,0.0,6.0,5.0,20.0
394.02192291894045,0.0,3.0,0.0,6.0,5.0,20.0
394.32192291894046,0.0,3.0,0.0,6.0,5.0,20.0
394.3235895856071,0.0,3.0,0.0,6.0,5.0,20.0
394.62358958560714,0.0,3.0,0.0,6.0,5.0,20.0
394.6252562522738,0.0,3.0,0.0,6.0,5.0,20.0
394.9252562522738,0.0,3.0,0.0,6.0,5.0,20.0
394.9269229189405,0.0,3.0,0.0,6.0,5.0,20.0
395.2269229189405,0.0,3.0,0.0,6.0,5.0,20.0
395.22858958560715,0.0,3.0,0.0,6.0,5.0,20.0
395.52858958560716,0.0,3.0,0.0,6.0,5.0,20.0
395.53025625227383,0.0,3.0,0.0,6.0,5.0,20.0
395.83025625227384,0.0,3.0,0.0,6.0,5.0,20.0
395.8319229189405,0.0,3.0,0.0,6.0,5.0,20.0
396.1319229189405,0.0,3.0,0.0,6.0,5.0,20.0
396.1335895856072,0.0,3.0,0.0,6.0,5.0,20.0
396.4335895856072,0.0,3.0,0.0,6.0,5.0,20.0
396.43525625227386,0.0,3.0,0.0,6.0,5.0,20.0
396.73525625227387,0.0,3.0,0.0,6.0,5.0,20.0
396.73692291894054,0.0,3.0,0.0,6.0,5.0,20.0
397.03692291894055,0.0,3.0,0.0,6.0,5.0,20.0
397.0385895856072,0.0,3.0,0.0,6.0,5.0,20.0
397.3385895856072,0.0,3.0,0.0,6.0,5.0,20.0
397.3402562522739,0.0,3.0,0.0,6.0,5.0,20.0
397.6402562522739,0.0,3.0,0.0,6.0,5.0,20.0
397.64192291894057,0.0,3.0,0.0,6.0,5.0,20.0
397.9419229189406,0.0,3.0,0.0,6.0,5.0,20.0
397.94358958560724,0.0,3.0,0.0,6.0,5.0,20.0
398.24358958560725,0.0,3.0,0.0,6.0,5.0,20.0
398.2452562522739,0.0,3.0,0.0,6.0,5.0,20.0
398.54525625227393,0.0,3.0,0.0,6.0,5.0,20.0
398.5469229189406,0.0,3.0,0.0,6.0,5.0,20.0
398.8469229189406,0.0,3.0,0.0,6.0,5.0,20.0
398.8485895856073,0.0,3.0,0.0,6.0,5.0,20.0
399.1485895856073,0.0,3.0,0.0,6.0,5.0,20.0
399.15025625227395,0.0,3.0,0.0,6.0,5.0,20.0
399.45025625227396,0.0,3.0,0.0,6.0,5.0,20.0
399.4519229189406,0.0,3.0,0.0,6.0,5.0,20.0
399.75192291894064,0.0,3.0,0.0,6.0,5.0,20.0
399.7535895856073,0.0,3.0,0.0,6.0,5.0,20.0
400.0535895856073,0.0,3.0,0.0,6.0,5.0,20.0
400.055256252274,0.0,3.0,0.0,6.0,5.0,20.0
400.355256252274,0.0,3.0,0.0,6.0,5.0,20.0
400.35692291894065,0.0,3.0,0.0,6.0,5.0,20.0
400.65692291894067,0.0,3.0,0.0,6.0,5.0,20.0
400.65858958560733,0.0,3.0,0.0,6.0,5.0,20.0
400.95858958560734,0.0,3.0,0.0,6.0,5.0,20.0
400.960256252274,0.0,3.0,0.0,6.0,5.0,20.0
401.260256252274,0.0,3.0,0.0,6.0,5.0,20.0
401.2619229189407,0.0,3.0,0.0,6.0,5.0,20.0
401.5619229189407,0.0,3.0,0.0,6.0,5.0,20.0
401.56358958560736,0.0,3.0,0.0,6.0,5.0,20.0
401.8635895856074,0.0,3.0,0.0,6.0,5.0,20.0
401.86525625227404,0.0,3.0,0.0,6.0,5.0,20.0
402.16525625227405,0.0,3.0,0.0,6.0,5.0,20.0
402.1669229189407,0.0,3.0,0.0,6.0,5.0,20.0
402.4669229189407,0.0,3.0,0.0,6.0,5.0,20.0
402.4685895856074,0.0,3.0,0.0,6.0,5.0,20.0
402.7685895856074,0.0,3.0,0.0,6.0,5.0,20.0
402.77025625227407,0.0,3.0,0.0,6.0,5.0,20.0
403.0702562522741,0.0,3.0,0.0,6.0,5.0,20.0
403.07192291894074,0.0,3.0,0.0,6.0,5.0,20.0
403.37192291894075,0.0,3.0,0.0,6.0,5.0,20.0
403.3735895856074,0.0,3.0,0.0,6.0,5.0,20.0
403.67358958560743,0.0,3.0,0.0,6.0,5.0,20.0
403.6752562522741,0.0,3.0,0.0,6.0,5.0,20.0
403.9752562522741,0.0,3.0,0.0,6.0,5.0,20.0
403.9769229189408,0.0,3.0,0.0,6.0,5.0,20.0
404.2769229189408,0.0,3.0,0.0,6.0,5.0,20.0
404.27858958560745,0.0,3.0,0.0,6.0,5.0,20.0
404.57858958560746,0.0,3.0,0.0,6.0,5.0,20.0
404.5802562522741,0.0,3.0,0.0,6.0,5.0,20.0
404.88025625227414,0.0,3.0,0.0,6.0,5.0,20.0
404.8819229189408,0.0,3.0,0.0,6.0,5.0,20.0
405.1819229189408,0.0,3.0,0.0,6.0,5.0,20.0
405.1835895856075,0.0,3.0,0.0,6.0,5.0,20.0
405.4835895856075,0.0,3.0,0.0,6.0,5.0,20.0
405.48525625227416,0.0,3.0,0.0,6.0,5.0,20.0
405.78525625227417,0.0,3.0,0.0,6.0,5.0,20.0
405.78692291894083,0.0,3.0,0.0,6.0,5.0,20.0
406.08692291894084,0.0,3.0,0.0,6.0,5.0,20.0
406.0885895856075,0.0,3.0,0.0,6.0,5.0,20.0
406.3885895856075,0.0,3.0,0.0,6.0,5.0,20.0
406.3902562522742,0.0,3.0,0.0,6.0,5.0,20.0
406.6902562522742,0.0,3.0,0.0,6.0,5.0,20.0
406.69192291894086,0.0,3.0,0.0,6.0,5.0,20.0
406.9919229189409,0.0,3.0,0.0,6.0,5.0,20.0
406.99358958560754,0.0,3.0,0.0,4.0,5.0,21.0
407.29358958560755,0.0,3.0,0.0,4.0,5.0,21.0
407.2973395856076,0.0,3.0,0.0,4.0,5.0,21.0
407.5973395856076,0.0,3.0,0.0,4.0,5.0,21.0
407.6010895856076,0.0,3.0,0.0,4.0,5.0,21.0
407.9010895856076,0.0,3.0,0.0,4.0,5.0,21.0
407.90483958560765,0.0,3.0,0.0,4.0,5.0,21.0
408.20483958560766,0.0,3.0,0.0,4.0,5.0,21.0
408.2085895856077,0.0,3.0,0.0,4.0,5.0,21.0
408.5085895856077,0.0,3.0,0.0,4.0,5.0,21.0
408.5123395856077,0.0,3.0,0.0,4.0,5.0,21.0
408.81233958560773,0.0,3.0,0.0,4.0,5.0,21.0
408.81608958560776,0.0,3.0,0.0,4.0,5.0,21.0
409.11608958560777,0.0,3.0,0.0,4.0,5.0,21.0
409.1198395856078,0.0,3.0,0.0,4.0,5.0,21.0
409.4198395856078,0.0,3.0,0.0,4.0,5.0,21.0
409.42358958560783,0.0,3.0,0.0,4.0,5.0,21.0
409.72358958560784,0.0,3.0,0.0,4.0,5.0,21.0
409.72733958560787,0.0,3.0,0.0,4.0,5.0,21.0
410.0273395856079,0.0,3.0,0.0,4.0,5.0,21.0
410.0310895856079,0.0,3.0,0.0,4.0,5.0,21.0
410.3310895856079,0.0,3.0,0.0,4.0,5.0,21.0
410.33483958560794,0.0,3.0,0.0,4.0,5.0,21.0
410.63483958560795,0.0,3.0,0.0,4.0,5.0,21.0
410.638589585608,0.0,3.0,0.0,4.0,5.0,21.0
410.938589585608,0.0,3.0,0.0,4.0,5.0,21.0
410.942339585608,0.0,3.0,0.0,4.0,5.0,21.0
411.242339585608,0.0,3.0,0.0,4.0,5.0,21.0
411.24608958560805,0.0,3.0,0.0,4.0,5.0,21.0
411.54608958560806,0.0,3.0,0.0,4.0,5.0,21.0
411.5498395856081,0.0,3.0,0.0,4.0,5.0,21.0
411.8498395856081,0.0,3.0,0.0,4.0,5.0,21.0
411.8535895856081,0.0,3.0,0.0,4.0,5.0,21.0
412.15358958560813,0.0,3.0,0.0,4.0,5.0,21.0
412.15733958560816,0.0,3.0,0.0,4.0,5.0,21.0
412.45733958560817,0.0,3.0,0.0,4.0,5.0,21.0
412.4610895856082,0.0,3.0,0.0,4.0,5.0,21.0
412.7610895856082,0.0,3.0,0.0,4.0,5.0,21.0
412.76483958560823,0.0,3.0,0.0,4.0,5.0,21.0
413.06483958560824,0.0,3.0,0.0,4.0,5.0,21.0
413.06858958560827,0.0,3.0,0.0,2.0,5.0,22.0
413.3685895856083,0.0,3.0,0.0,2.0,5.0,22.0
413.37458958560825,0.0,3.0,0.0,2.0,5.0,22.0
413.67458958560826,0.0,3.0,0.0,2.0,5.0,22.0
413.68058958560823,0.0,3.0,0.0,2.0,5.0,22.0
413.98058958560824,0.0,3.0,0.0,2.0,5.0,22.0
413.9865895856082,0.0,3.0,0.0,2.0,5.0,22.0
414.2865895856082,0.0,3.0,0.0,2.0,5.0,22.0
414.2925895856082,0.0,3.0,0.0,2.0,5.0,22.0
414.5925895856082,0.0,3.0,0.0,2.0,5.0,22.0
414.5985895856082,0.0,2.0,0.0,2.0,5.0,22.0
414.8985895856082,0.0,2.0,0.0,2.0,5.0,22.0
414.90458958560816,0.0,2.0,0.0,2.0,5.0,22.0
415.2045895856082,0.0,2.0,0.0,2.0,5.0,22.0
415.21058958560815,0.0,2.0,0.0,2.0,5.0,22.0
415.51058958560816,0.0,2.0,0.0,2.0,5.0,22.0
415.51658958560813,0.0,2.0,0.0,2.0,5.0,22.0
415.81658958560814,0.0,2.0,0.0,2.0,5.0,22.0
415.8225895856081,0.0,2.0,0.0,2.0,5.0,22.0
416.1225895856081,0.0,2.0,0.0,2.0,5.0,22.0
416.1285895856081,0.0,2.0,0.0,2.0,5.0,22.0
416.4285895856081,0.0,2.0,0.0,2.0,5.0,22.0
416.4345895856081,0.0,2.0,0.0,2.0,5.0,22.0
416.7345895856081,0.0,2.0,0.0,2.0,5.0,22.0
416.74058958560806,0.0,2.0,0.0,2.0,5.0,22.0
417.0405895856081,0.0,2.0,0.0,2.0,5.0,22.0
417.04658958560805,0.0,2.0,0.0,2.0,5.0,22.0
417.34658958560806,0.0,2.0,0.0,2.0,5.0,22.0
417.35258958560803,0.0,2.0,0.0,2.0,5.0,22.0
417.65258958560804,0.0,2.0,0.0,2.0,5.0,22.0
417.658589585608,0.0,2.0,0.0,2.0,5.0,22.0
417.958589585608,0.0,2.0,0.0,2.0,5.0,22.0
417.964589585608,0.0,2.0,0.0,2.0,5.0,22.0
418.264589585608,0.0,2.0,0.0,2.0,5.0,22.0
418.270589585608,0.0,2.0,0.0,2.0,5.0,22.0
418.570589585608,0.0,2.0,0.0,2.0,5.0,22.0
418.574589585608,0.0,2.0,0.0,2.0,5.0,22.0
418.874589585608,0.0,2.0,0.0,2.0,5.0,22.0
418.87858958560804,0.0,2.0,0.0,2.0,5.0,22.0
419.17858958560805,0.0,2.0,0.0,2.0,5.0,22.0
419.18258958560807,0.0,2.0,0.0,2.0,5.0,22.0
419.4825895856081,0.0,2.0,0.0,2.0,5.0,22.0
419.4865895856081,0.0,2.0,0.0,2.0,5.0,22.0
419.7865895856081,0.0,2.0,0.0,2.0,5.0,22.0
419.79058958560813,0.0,2.0,0.0,2.0,5.0,22.0
420.09058958560814,0.0,2.0,0.0,2.0,5.0,22.0
420.09458958560816,0.0,2.0,0.0,2.0,5.0,22.0
420.3945895856082,0.0,2.0,0.0,2.0,5.0,22.0
420.3985895856082,0.0,2.0,0.0,2.0,5.0,22.0
420.6985895856082,0.0,2.0,0.0,2.0,5.0,22.0
420.7025895856082,0.0,3.0,0.0,2.0,5.0,22.0
421.00258958560823,0.0,3.0,0.0,2.0,5.0,22.0
421.00658958560825,0.0,3.0,0.0,2.0,5.0,22.0
421.30658958560826,0.0,3.0,0.0,2.0,5.0,22.0
421.3105895856083,0.0,3.0,0.0,2.0,5.0,22.0
421.6105895856083,0.0,3.0,0.0,2.0,5.0,22.0
421.6145895856083,0.0,3.0,0.0,2.0,5.0,22.0
421.9145895856083,0.0,3.0,0.0,2.0,5.0,22.0
421.91858958560834,0.0,3.0,0.0,2.0,5.0,22.0
422.21858958560836,0.0,3.0,0.0,2.0,5.0,22.0
422.2225895856084,0.0,3.0,0.0,2.0,5.0,22.0
422.5225895856084,0.0,3.0,0.0,2.0,5.0,22.0
422.5265895856084,0.0,3.0,0.0,2.0,5.0,22.0
422.8265895856084,0.0,3.0,0.0,2.0,5.0,22.0
422.83058958560844,0.0,3.0,0.0,2.0,5.0,22.0
423.13058958560845,0.0,3.0,0.0,2.0,5.0,22.0
423.13458958560847,0.0,3.0,0.0,2.0,5.0,22.0
423.4345895856085,0.0,3.0,0.0,2.0,5.0,22.0
423.4385895856085,0.0,3.0,0.0,2.0,5.0,22.0
423.7385895856085,0.0,3.0,0.0,2.0,5.0,22.0
423.7425895856085,0.0,3.0,0.0,2.0,5.0,22.0
424.04258958560854,0.0,3.0,0.0,2.0,5.0,22.0
424.04658958560856,0.0,3.0,0.0,2.0,5.0,22.0
424.34658958560857,0.0,3.0,0.0,2.0,5.0,22.0
424.3505895856086,0.0,3.0,0.0,2.0,5.0,22.0
424.6505895856086,0.0,3.0,0.0,2.0,5.0,22.0
424.6545895856086,0.0,3.0,0.0,2.0,5.0,22.0
424.95458958560863,0.0,3.0,0.0,2.0,5.0,22.0
424.95858958560865,0.0,3.0,0.0,2.0,5.0,22.0
425.25858958560866,0.0,3.0,0.0,2.0,5.0,22.0
425.2625895856087,0.0,3.0,0.0,2.0,5.0,22.0
425.5625895856087,0.0,3.0,0.0,2.0,5.0,22.0
425.5665895856087,0.0,3.0,0.0,0.0,5.0,23.0
425.8665895856087,0.0,3.0,0.0,0.0,5.0,23.0
425.87058958560874,0.0,3.0,0.0,0.0,5.0,23.0
426.17058958560875,0.0,3.0,0.0,0.0,5.0,23.0
426.17458958560877,0.0,3.0,0.0,0.0,5.0,23.0
426.4745895856088,0.0,3.0,0.0,0.0,5.0,23.0
426.4785895856088,0.0,3.0,0.0,0.0,5.0,23.0
426.7785895856088,0.0,3.0,0.0,0.0,5.0,23.0
426.78258958560883,0.0,3.0,0.0,0.0,5.0,23.0
427.08258958560884,0.0,3.0,0.0,0.0,5.0,23.0
427.08658958560886,0.0,3.0,0.0,0.0,5.0,23.0
427.3865895856089,0.0,3.0,0.0,0.0,5.0,23.0
427.3905895856089,0.0,3.0,0.0,0.0,5.0,23.0
427.6905895856089,0.0,3.0,0.0,0.0,5.0,23.0
427.6945895856089,0.0,3.0,0.0,0.0,5.0,23.0
427.99458958560894,0.0,3.0,0.0,0.0,5.0,23.0
427.99858958560895,0.0,3.0,0.0,0.0,5.0,23.0
428.29858958560897,0.0,3.0,0.0,0.0,5.0,23.0
428.302589585609,0.0,3.0,0.0,5.0,5.0,23.0
428.602589585609,0.0,3.0,0.0,5.0,5.0,23.0
428.604989585609,0.0,3.0,0.0,5.0,5.0,23.0
428.90498958560903,0.0,3.0,0.0,5.0,5.0,23.0
428.90738958560905,0.0,3.0,0.0,5.0,5.0,23.0
429.20738958560906,0.0,3.0,0.0,5.0,5.0,23.0
429.2097895856091,0.0,3.0,0.0,5.0,5.0,23.0
429.5097895856091,0.0,3.0,0.0,5.0,5.0,23.0
429.5121895856091,0.0,3.0,0.0,5.0,5.0,23.0
429.81218958560913,0.0,3.0,0.0,5.0,5.0,23.0
429.81458958560916,0.0,3.0,0.0,5.0,5.0,23.0
430.11458958560917,0.0,3.0,0.0,5.0,5.0,23.0
430.1169895856092,0.0,3.0,0.0,3.0,5.0,24.0
430.4169895856092,0.0,3.0,0.0,3.0,5.0,24.0
430.4229895856092,0.0,3.0,0.0,3.0,5.0,24.0
430.7229895856092,0.0,3.0,0.0,3.0,5.0,24.0
430.72898958560916,0.0,3.0,0.0,3.0,5.0,24.0
431.02898958560917,0.0,3.0,0.0,3.0,5.0,24.0
431.03498958560914,0.0,3.0,0.0,3.0,5.0,24.0
431.33498958560915,0.0,3.0,0.0,3.0,5.0,24.0
431.3409895856091,0.0,3.0,0.0,3.0,5.0,24.0
431.64098958560913,0.0,3.0,0.0,3.0,5.0,24.0
431.6469895856091,0.0,3.0,0.0,3.0,5.0,24.0
431.9469895856091,0.0,3.0,0.0,3.0,5.0,24.0
431.95098958560914,0.0,3.0,0.0,3.0,5.0,24.0
432.25098958560915,0.0,3.0,0.0,3.0,5.0,24.0
432.25498958560917,0.0,3.0,0.0,3.0,5.0,24.0
432.5549895856092,0.0,3.0,0.0,3.0,5.0,24.0
432.5589895856092,0.0,3.0,0.0,3.0,5.0,24.0
432.8589895856092,0.0,3.0,0.0,3.0,5.0,24.0
432.8629895856092,0.0,3.0,0.0,3.0,5.0,24.0
433.16298958560924,0.0,3.0,0.0,3.0,5.0,24.0
433.16698958560926,0.0,3.0,0.0,3.0,5.0,23.0
433.46698958560927,0.0,3.0,0.0,3.0,5.0,23.0
433.4709895856093,0.0,3.0,0.0,3.0,5.0,23.0
433.7709895856093,0.0,3.0,0.0,3.0,5.0,23.0
433.7749895856093,0.0,3.0,0.0,3.0,5.0,23.0
434.07498958560933,0.0,3.0,0.0,3.0,5.0,23.0
434.07898958560935,0.0,3.0,0.0,3.0,5.0,23.0
434.37898958560936,0.0,3.0,0.0,3.0,5.0,23.0
434.3829895856094,0.0,3.0,0.0,3.0,5.0,23.0
434.6829895856094,0.0,3.0,0.0,3.0,5.0,23.0
434.6869895856094,0.0,3.0,0.0,3.0,5.0,23.0
434.9869895856094,0.0,3.0,0.0,3.0,5.0,23.0
434.99098958560944,0.0,3.0,0.0,3.0,5.0,23.0
435.29098958560945,0.0,3.0,0.0,3.0,5.0,23.0
435.29498958560947,0.0,3.0,0.0,3.0,5.0,23.0
435.5949895856095,0.0,3.0,0.0,3.0,5.0,23.0
435.5989895856095,0.0,3.0,0.0,3.0,5.0,23.0
435.8989895856095,0.0,3.0,0.0,3.0,5.0,23.0
435.90298958560953,0.0,3.0,0.0,3.0,5.0,23.0
436.20298958560954,0.0,3.0,0.0,3.0,5.0,23.0
436.20698958560956,0.0,3.0,0.0,3.0,5.0,23.0
436.5069895856096,0.0,3.0,0.0,3.0,5.0,23.0
436.5109895856096,0.0,3.0,0.0,3.0,5.0,23.0
436.8109895856096,0.0,3.0,0.0,3.0,5.0,23.0
436.8149895856096,0.0,3.0,0.0,3.0,5.0,23.0
437.11498958560964,0.0,3.0,0.0,3.0,5.0,23.0
437.11898958560965,0.0,3.0,0.0,3.0,5.0,23.0
437.41898958560967,0.0,3.0,0.0,3.0,5.0,23.0
437.4229895856097,0.0,3.0,0.0,3.0,5.0,23.0
437.7229895856097,0.0,3.0,0.0,3.0,5.0,23.0
437.7269895856097,0.0,3.0,0.0,3.0,5.0,23.0
438.0269895856097,0.0,3.0,0.0,3.0,5.0,23.0
438.03098958560975,0.0,3.0,0.0,3.0,5.0,23.0
438.33098958560976,0.0,3.0,0.0,3.0,5.0,23.0
438.3349895856098,0.0,2.0,0.0,3.0,5.0,23.0
438.6349895856098,0.0,2.0,0.0,3.0,5.0,23.0
438.6389895856098,0.0,2.0,0.0,3.0,5.0,23.0
438.9389895856098,0.0,2.0,0.0,3.0,5.0,23.0
438.94298958560984,0.0,2.0,0.0,3.0,5.0,23.0
439.24298958560985,0.0,2.0,0.0,3.0,5.0,23.0
439.24698958560987,0.0,2.0,0.0,3.0,5.0,23.0
439.5469895856099,0.0,2.0,0.0,3.0,5.0,23.0
439.5509895856099,0.0,2.0,0.0,3.0,5.0,23.0
439.8509895856099,0.0,2.0,0.0,3.0,5.0,23.0
439.8549895856099,0.0,2.0,0.0,3.0,5.0,23.0
440.15498958560994,0.0,2.0,0.0,3.0,5.0,23.0
440.15898958560996,0.0,2.0,0.0,3.0,5.0,23.0
440.45898958560997,0.0,2.0,0.0,3.0,5.0,23.0
440.46298958561,0.0,2.0,0.0,3.0,5.0,23.0
440.76298958561,0.0,2.0,0.0,3.0,5.0,23.0
440.76698958561,0.0,2.0,0.0,3.0,5.0,23.0
441.06698958561003,0.0,2.0,0.0,3.0,5.0,23.0
441.07098958561005,0.0,2.0,0.0,3.0,5.0,23.0
441.37098958561006,0.0,2.0,0.0,3.0,5.0,23.0
441.3749895856101,0.0,2.0,0.0,3.0,5.0,23.0
441.6749895856101,0.0,2.0,0.0,3.0,5.0,23.0
441.6789895856101,0.0,2.0,0.0,3.0,5.0,23.0
441.9789895856101,0.0,2.0,0.0,3.0,5.0,23.0
441.98298958561014,0.0,2.0,0.0,3.0,5.0,23.0
442.28298958561015,0.0,2.0,0.0,3.0,5.0,23.0
442.2869895856102,0.0,2.0,0.0,3.0,5.0,23.0
442.5869895856102,0.0,2.0,0.0,3.0,5.0,23.0
442.5909895856102,0.0,2.0,0.0,3.0,5.0,23.0
442.8909895856102,0.0,2.0,0.0,3.0,5.0,23.0
442.89498958561023,0.0,2.0,0.0,3.0,5.0,23.0
443.19498958561024,0.0,2.0,0.0,3.0,5.0,23.0
443.19898958561026,0.0,2.0,0.0,3.0,5.0,23.0
443.4989895856103,0.0,2.0,0.0,3.0,5.0,23.0
443.5029895856103,0.0,2.0,0.0,1.0,5.0,24.0
443.8029895856103,0.0,2.0,0.0,1.0,5.0,24.0
443.8069895856103,0.0,2.0,0.0,1.0,5.0,24.0
444.10698958561034,0.0,2.0,0.0,1.0,5.0,24.0
444.11098958561035,0.0,2.0,0.0,1.0,5.0,24.0
444.41098958561037,0.0,2.0,0.0,1.0,5.0,24.0
444.4149895856104,0.0,2.0,0.0,1.0,5.0,24.0
444.7149895856104,0.0,2.0,0.0,1.0,5.0,24.0
444.7189895856104,0.0,2.0,0.0,1.0,5.0,24.0
445.0189895856104,0.0,2.0,0.0,1.0,5.0,24.0
445.02298958561045,0.0,2.0,0.0,1.0,5.0,24.0
445.32298958561046,0.0,2.0,0.0,1.0,5.0,24.0
445.3269895856105,0.0,2.0,0.0,1.0,5.0,24.0
445.6269895856105,0.0,2.0,0.0,1.0,5.0,24.0
445.6309895856105,0.0,2.0,0.0,1.0,5.0,24.0
445.9309895856105,0.0,2.0,0.0,1.0,5.0,24.0
445.93498958561054,0.0,2.0,0.0,1.0,5.0,24.0
446.23498958561055,0.0,2.0,0.0,1.0,5.0,24.0
446.23898958561057,0.0,2.0,0.0,1.0,5.0,24.0
446.5389895856106,0.0,2.0,0.0,1.0,5.0,24.0
446.5429895856106,0.0,2.0,0.0,1.0,5.0,24.0
446.8429895856106,0.0,2.0,0.0,1.0,5.0,24.0
446.84698958561063,0.0,2.0,0.0,1.0,5.0,24.0
447.14698958561064,0.0,2.0,0.0,1.0,5.0,24.0
447.15098958561066,0.0,2.0,0.0,1.0,5.0,24.0
447.45098958561067,0.0,2.0,0.0,1.0,5.0,24.0
447.4549895856107,0.0,2.0,0.0,1.0,5.0,24.0
447.7549895856107,0.0,2.0,0.0,1.0,5.0,24.0
447.7589895856107,0.0,2.0,0.0,6.0,5.0,24.0
448.05898958561073,0.0,2.0,0.0,6.0,5.0,24.0
448.0606562522774,0.0,2.0,0.0,6.0,5.0,24.0
448.3606562522774,0.0,2.0,0.0,6.0,5.0,24.0
448.3623229189441,0.0,2.0,0.0,6.0,5.0,24.0
448.6623229189441,0.0,2.0,0.0,6.0,5.0,24.0
448.66398958561075,0.0,2.0,0.0,6.0,5.0,24.0
448.96398958561076,0.0,2.0,0.0,6.0,5.0,24.0
448.9656562522774,0.0,2.0,0.0,6.0,5.0,24.0
449.26565625227744,0.0,2.0,0.0,6.0,5.0,24.0
449.2673229189441,0.0,2.0,0.0,6.0,5.0,24.0
449.5673229189441,0.0,2.0,0.0,6.0,5.0,24.0
449.5689895856108,0.0,2.0,0.0,6.0,5.0,24.0
449.8689895856108,0.0,2.0,0.0,6.0,5.0,24.0
449.87065625227746,0.0,2.0,0.0,6.0,5.0,24.0
450.17065625227747,0.0,2.0,0.0,6.0,5.0,24.0
450.17232291894413,0.0,2.0,0.0,6.0,5.0,24.0
450.47232291894414,0.0,2.0,0.0,6.0,5.0,24.0
450.4739895856108,0.0,2.0,0.0,6.0,5.0,24.0
450.7739895856108,0.0,2.0,0.0,6.0,5.0,24.0
450.7756562522775,0.0,2.0,0.0,6.0,5.0,24.0
451.0756562522775,0.0,2.0,0.0,6.0,5.0,24.0
451.07732291894416,0.0,2.0,0.0,6.0,5.0,24.0
451.3773229189442,0.0,2.0,0.0,6.0,5.0,24.0
451.37898958561084,0.0,2.0,0.0,6.0,5.0,24.0
451.67898958561085,0.0,2.0,0.0,6.0,5.0,24.0
451.6806562522775,0.0,2.0,0.0,6.0,5.0,24.0
451.9806562522775,0.0,2.0,0.0,6.0,5.0,24.0
451.9823229189442,0.0,2.0,0.0,6.0,5.0,24.0
452.2823229189442,0.0,2.0,0.0,6.0,5.0,24.0
452.28398958561087,0.0,2.0,0.0,6.0,5.0,24.0
452.5839895856109,0.0,2.0,0.0,6.0,5.0,24.0
452.58565625227754,0.0,2.0,0.0,6.0,5.0,24.0
452.88565625227756,0.0,2.0,0.0,6.0,5.0,24.0
452.8873229189442,0.0,2.0,0.0,6.0,5.0,24.0
453.18732291894423,0.0,2.0,0.0,6.0,5.0,24.0
453.1889895856109,0.0,2.0,0.0,6.0,5.0,24.0
453.4889895856109,0.0,2.0,0.0,6.0,5.0,24.0
453.4906562522776,0.0,2.0,0.0,6.0,5.0,24.0
453.7906562522776,0.0,2.0,0.0,6.0,5.0,24.0
453.79232291894425,0.0,2.0,0.0,6.0,5.0,24.0
454.09232291894426,0.0,2.0,0.0,6.0,5.0,24.0
454.0939895856109,0.0,2.0,0.0,6.0,5.0,24.0
454.39398958561094,0.0,2.0,0.0,6.0,5.0,24.0
454.3956562522776,0.0,2.0,0.0,6.0,5.0,24.0
454.6956562522776,0.0,2.0,0.0,6.0,5.0,24.0
454.6973229189443,0.0,2.0,0.0,6.0,5.0,24.0
454.9973229189443,0.0,2.0,0.0,6.0,5.0,24.0
454.99898958561096,0.0,2.0,0.0,6.0,5.0,24.0
455.29898958561097,0.0,2.0,0.0,6.0,5.0,24.0
455.30065625227763,0.0,2.0,0.0,6.0,5.0,24.0
455.60065625227764,0.0,2.0,0.0,6.0,5.0,24.0
455.6023229189443,0.0,2.0,0.0,6.0,5.0,24.0
455.9023229189443,0.0,2.0,0.0,6.0,5.0,24.0
455.903989585611,0.0,2.0,0.0,6.0,5.0,24.0
456.203989585611,0.0,2.0,0.0,6.0,5.0,24.0
456.20565625227766,0.0,2.0,0.0,6.0,5.0,24.0
456.5056562522777,0.0,2.0,0.0,6.0,5.0,24.0
456.50732291894434,0.0,2.0,0.0,6.0,5.0,24.0
456.80732291894435,0.0,2.0,0.0,6.0,5.0,24.0
456.808989585611,0.0,2.0,0.0,6.0,5.0,24.0
457.108989585611,0.0,2.0,0.0,6.0,5.0,24.0
457.1106562522777,0.0,2.0,0.0,6.0,5.0,24.0
457.4106562522777,0.0,2.0,0.0,6.0,5.0,24.0
457.41232291894437,0.0,2.0,0.0,4.0,5.0,25.0
457.7123229189444,0.0,2.0,0.0,4.0,5.0,25.0
457.7160729189444,0.0,2.0,0.0,4.0,5.0,25.0
458.0160729189444,0.0,2.0,0.0,4.0,5.0,25.0
458.01982291894444,0.0,2.0,0.0,4.0,5.0,25.0
458.31982291894445,0.0,2.0,0.0,4.0,5.0,25.0
458.3235729189445,0.0,2.0,0.0,4.0,5.0,25.0
458.6235729189445,0.0,2.0,0.0,4.0,5.0,25.0
458.6273229189445,0.0,2.0,0.0,4.0,5.0,25.0
458.9273229189445,0.0,2.0,0.0,4.0,5.0,25.0
458.93107291894455,0.0,2.0,0.0,4.0,5.0,25.0
459.23107291894456,0.0,2.0,0.0,4.0,5.0,25.0
459.2348229189446,0.0,2.0,0.0,4.0,5.0,25.0
459.5348229189446,0.0,2.0,0.0,4.0,5.0,25.0
459.5385729189446,0.0,2.0,0.0,4.0,5.0,25.0
459.83857291894464,0.0,2.0,0.0,4.0,5.0,25.0
459.84232291894466,0.0,2.0,0.0,4.0,5.0,25.0
460.14232291894467,0.0,2.0,0.0,4.0,5.0,25.0
460.1460729189447,0.0,2.0,0.0,4.0,5.0,25.0
460.4460729189447,0.0,2.0,0.0,4.0,5.0,25.0
460.44982291894473,0.0,2.0,0.0,4.0,5.0,25.0
460.74982291894474,0.0,2.0,0.0,4.0,5.0,25.0
460.75357291894477,0.0,2.0,0.0,4.0,5.0,25.0
461.0535729189448,0.0,2.0,0.0,4.0,5.0,25.0
461.0573229189448,0.0,2.0,0.0,4.0,5.0,25.0
461.3573229189448,0.0,2.0,0.0,4.0,5.0,25.0
461.36107291894484,0.0,2.0,0.0,4.0,5.0,25.0
461.66107291894485,0.0,2.0,0.0,4.0,5.0,25.0
461.6648229189449,0.0,2.0,0.0,4.0,5.0,25.0
461.9648229189449,0.0,2.0,0.0,4.0,5.0,25.0
461.9685729189449,0.0,2.0,0.0,4.0,5.0,25.0
462.2685729189449,0.0,2.0,0.0,4.0,5.0,25.0
462.27232291894495,0.0,2.0,0.0,4.0,5.0,25.0
462.57232291894496,0.0,2.0,0.0,4.0,5.0,25.0
462.576072918945,0.0,2.0,0.0,4.0,5.0,25.0
462.876072918945,0.0,2.0,0.0,4.0,5.0,25.0
462.879822918945,0.0,2.0,0.0,4.0,5.0,25.0
463.17982291894504,0.0,2.0,0.0,4.0,5.0,25.0
463.18357291894506,0.0,2.0,0.0,4.0,5.0,25.0
463.4835729189451,0.0,2.0,0.0,4.0,5.0,25.0
463.4873229189451,0.0,2.0,0.0,4.0,5.0,25.0
463.7873229189451,0.0,2.0,0.0,4.0,5.0,25.0
463.79107291894513,0.0,2.0,0.0,4.0,5.0,25.0
464.09107291894514,0.0,2.0,0.0,4.0,5.0,25.0
464.09482291894517,0.0,2.0,0.0,4.0,5.0,25.0
464.3948229189452,0.0,2.0,0.0,4.0,5.0,25.0
464.3985729189452,0.0,2.0,0.0,4.0,5.0,25.0
464.6985729189452,0.0,2.0,0.0,4.0,5.0,25.0
464.70232291894524,0.0,2.0,0.0,4.0,5.0,25.0
465.00232291894525,0.0,2.0,0.0,4.0,5.0,25.0
465.0060729189453,0.0,2.0,0.0,2.0,5.0,26.0
465.3060729189453,0.0,2.0,0.0,2.0,5.0,26.0
465.31207291894526,0.0,2.0,0.0,2.0,5.0,26.0
465.6120729189453,0.0,2.0,0.0,2.0,5.0,26.0
465.61807291894524,0.0,2.0,0.0,2.0,5.0,26.0
465.91807291894526,0.0,2.0,0.0,2.0,5.0,26.0
465.9240729189452,0.0,2.0,0.0,2.0,5.0,26.0
466.22407291894524,0.0,2.0,0.0,2.0,5.0,26.0
466.2300729189452,0.0,2.0,0.0,2.0,5.0,26.0
466.5300729189452,0.0,2.0,0.0,2.0,5.0,26.0
466.5360729189452,0.0,2.0,0.0,2.0,5.0,26.0
466.8360729189452,0.0,2.0,0.0,2.0,5.0,26.0
466.8420729189452,0.0,2.0,0.0,2.0,5.0,26.0
467.1420729189452,0.0,2.0,0.0,2.0,5.0,26.0
467.14807291894516,0.0,2.0,0.0,2.0,5.0,26.0
467.4480729189452,0.0,2.0,0.0,2.0,5.0,26.0
467.45407291894514,0.0,2.0,0.0,2.0,5.0,26.0
467.75407291894516,0.0,2.0,0.0,2.0,5.0,26.0
467.7600729189451,0.0,2.0,0.0,2.0,5.0,26.0
468.06007291894514,0.0,2.0,0.0,2.0,5.0,26.0
468.0660729189451,0.0,2.0,0.0,2.0,5.0,26.0
468.3660729189451,0.0,2.0,0.0,2.0,5.0,26.0
468.3720729189451,0.0,2.0,0.0,2.0,5.0,26.0
468.6720729189451,0.0,2.0,0.0,2.0,5.0,26.0
468.6780729189451,0.0,2.0,0.0,2.0,5.0,26.0
468.9780729189451,0.0,2.0,0.0,2.0,5.0,26.0
468.98407291894506,0.0,2.0,0.0,2.0,5.0,26.0
469.28407291894507,0.0,2.0,0.0,2.0,5.0,26.0
469.29007291894504,0.0,2.0,0.0,2.0,5.0,26.0
469.59007291894505,0.0,2.0,0.0,2.0,5.0,26.0
469.596072918945,0.0,2.0,0.0,2.0,5.0,26.0
469.89607291894504,0.0,2.0,0.0,2.0,5.0,26.0
469.90007291894506,0.0,2.0,0.0,2.0,5.0,26.0
470.20007291894507,0.0,2.0,0.0,2.0,5.0,26.0
470.2040729189451,0.0,2.0,0.0,2.0,5.0,26.0
470.5040729189451,0.0,2.0,0.0,2.0,5.0,26.0
470.5080729189451,0.0,2.0,0.0,2.0,5.0,26.0
470.80807291894513,0.0,2.0,0.0,2.0,5.0,26.0
470.81207291894515,0.0,2.0,0.0,2.0,5.0,26.0
471.11207291894516,0.0,2.0,0.0,2.0,5.0,26.0
471.1160729189452,0.0,2.0,0.0,2.0,5.0,26.0
471.4160729189452,0.0,2.0,0.0,2.0,5.0,26.0
471.4200729189452,0.0,2.0,0.0,2.0,5.0,26.0
471.7200729189452,0.0,2.0,0.0,2.0,5.0,26.0
471.72407291894524,0.0,2.0,0.0,2.0,5.0,26.0
472.02407291894525,0.0,2.0,0.0,2.0,5.0,26.0
472.02807291894527,0.0,2.0,0.0,2.0,5.0,26.0
472.3280729189453,0.0,2.0,0.0,2.0,5.0,26.0
472.3320729189453,0.0,2.0,0.0,2.0,5.0,26.0
472.6320729189453,0.0,2.0,0.0,2.0,5.0,26.0
472.63607291894533,0.0,2.0,0.0,2.0,5.0,26.0
472.93607291894534,0.0,2.0,0.0,2.0,5.0,26.0
472.94007291894536,0.0,2.0,0.0,2.0,5.0,26.0
473.2400729189454,0.0,2.0,0.0,2.0,5.0,26.0
473.2440729189454,0.0,2.0,0.0,2.0,5.0,26.0
473.5440729189454,0.0,2.0,0.0,2.0,5.0,26.0
473.5480729189454,0.0,2.0,0.0,2.0,5.0,26.0
473.84807291894543,0.0,2.0,0.0,2.0,5.0,26.0
473.85207291894545,0.0,2.0,0.0,2.0,5.0,26.0
474.15207291894546,0.0,2.0,0.0,2.0,5.0,26.0
474.1560729189455,0.0,2.0,0.0,2.0,5.0,26.0
474.4560729189455,0.0,2.0,0.0,2.0,5.0,26.0
474.4600729189455,0.0,2.0,0.0,2.0,5.0,26.0
474.7600729189455,0.0,2.0,0.0,2.0,5.0,26.0
474.76407291894554,0.0,2.0,0.0,2.0,5.0,26.0
475.06407291894556,0.0,2.0,0.0,2.0,5.0,26.0
475.0680729189456,0.0,2.0,0.0,2.0,5.0,26.0
475.3680729189456,0.0,2.0,0.0,2.0,5.0,26.0
475.3720729189456,0.0,2.0,0.0,2.0,5.0,26.0
475.6720729189456,0.0,2.0,0.0,2.0,5.0,26.0
475.67607291894564,0.0,2.0,0.0,2.0,5.0,26.0
475.97607291894565,0.0,2.0,0.0,2.0,5.0,26.0
475.98007291894567,0.0,2.0,0.0,2.0,5.0,26.0
476.2800729189457,0.0,2.0,0.0,2.0,5.0,26.0
476.2840729189457,0.0,2.0,0.0,2.0,5.0,26.0
476.5840729189457,0.0,2.0,0.0,2.0,5.0,26.0
476.5880729189457,0.0,2.0,0.0,2.0,5.0,26.0
476.88807291894574,0.0,2.0,0.0,2.0,5.0,26.0
476.89207291894576,0.0,2.0,0.0,2.0,5.0,26.0
477.19207291894577,0.0,2.0,0.0,2.0,5.0,26.0
477.1960729189458,0.0,2.0,0.0,2.0,5.0,26.0
477.4960729189458,0.0,2.0,0.0,2.0,5.0,26.0
477.5000729189458,0.0,2.0,0.0,2.0,5.0,26.0
477.80007291894583,0.0,2.0,0.0,2.0,5.0,26.0
477.80407291894585,0.0,2.0,0.0,2.0,5.0,26.0
478.10407291894586,0.0,2.0,0.0,2.0,5.0,26.0
478.1080729189459,0.0,2.0,0.0,2.0,5.0,26.0
478.4080729189459,0.0,2.0,0.0,2.0,5.0,26.0
478.4120729189459,0.0,2.0,0.0,2.0,5.0,26.0
478.7120729189459,0.0,2.0,0.0,2.0,5.0,26.0
478.71607291894594,0.0,2.0,0.0,2.0,5.0,26.0
479.01607291894595,0.0,2.0,0.0,2.0,5.0,26.0
479.02007291894597,0.0,2.0,0.0,2.0,5.0,26.0
479.320072918946,0.0,2.0,0.0,2.0,5.0,26.0
479.324072918946,0.0,2.0,0.0,2.0,5.0,26.0
479.624072918946,0.0,2.0,0.0,2.0,5.0,26.0
479.62807291894603,0.0,2.0,0.0,2.0,5.0,26.0
479.92807291894604,0.0,2.0,0.0,2.0,5.0,26.0
479.93207291894606,0.0,2.0,0.0,2.0,5.0,26.0
480.2320729189461,0.0,2.0,0.0,2.0,5.0,26.0
480.2360729189461,0.0,2.0,0.0,2.0,5.0,26.0
480.5360729189461,0.0,2.0,0.0,2.0,5.0,26.0
480.5400729189461,0.0,2.0,0.0,2.0,5.0,26.0
480.84007291894613,0.0,2.0,0.0,2.0,5.0,26.0
480.84407291894615,0.0,2.0,0.0,2.0,5.0,26.0
481.14407291894616,0.0,2.0,0.0,2.0,5.0,26.0
481.1480729189462,0.0,2.0,0.0,2.0,5.0,26.0
481.4480729189462,0.0,2.0,0.0,2.0,5.0,26.0
481.4520729189462,0.0,2.0,0.0,2.0,5.0,26.0
481.7520729189462,0.0,2.0,0.0,2.0,5.0,26.0
481.75607291894624,0.0,2.0,0.0,7.0,5.0,26.0
482.05607291894626,0.0,2.0,0.0,7.0,5.0,26.0
482.05729740874216,0.0,2.0,0.0,7.0,5.0,26.0
482.35729740874217,0.0,2.0,0.0,7.0,5.0,26.0
482.3585218985381,0.0,2.0,0.0,7.0,5.0,26.0
482.6585218985381,0.0,2.0,0.0,7.0,5.0,26.0
482.659746388334,0.0,2.0,0.0,7.0,5.0,26.0
482.959746388334,0.0,2.0,0.0,7.0,5.0,26.0
482.9609708781299,0.0,2.0,0.0,7.0,5.0,26.0
483.2609708781299,0.0,2.0,0.0,7.0,5.0,26.0
483.2621953679258,0.0,2.0,0.0,5.0,5.0,27.0
483.5621953679258,0.0,2.0,0.0,5.0,5.0,27.0
483.56459536792585,0.0,2.0,0.0,5.0,5.0,27.0
483.86459536792586,0.0,2.0,0.0,5.0,5.0,27.0
483.8669953679259,0.0,2.0,0.0,5.0,5.0,27.0
484.1669953679259,0.0,2.0,0.0,5.0,5.0,27.0
484.1693953679259,0.0,2.0,0.0,5.0,5.0,27.0
484.4693953679259,0.0,2.0,0.0,5.0,5.0,27.0
484.47179536792595,0.0,2.0,0.0,5.0,5.0,27.0
484.77179536792596,0.0,2.0,0.0,5.0,5.0,27.0
484.774195367926,0.0,2.0,0.0,5.0,5.0,27.0
485.074195367926,0.0,2.0,0.0,5.0,5.0,27.0
485.076595367926,0.0,2.0,0.0,5.0,5.0,27.0
485.37659536792603,0.0,2.0,0.0,5.0,5.0,27.0
485.37899536792605,0.0,2.0,0.0,5.0,5.0,27.0
485.67899536792606,0.0,2.0,0.0,5.0,5.0,27.0
485.6813953679261,0.0,2.0,0.0,5.0,5.0,27.0
485.9813953679261,0.0,2.0,0.0,5.0,5.0,27.0
485.9837953679261,0.0,2.0,0.0,5.0,5.0,27.0
486.28379536792613,0.0,2.0,0.0,5.0,5.0,27.0
486.28619536792615,0.0,2.0,0.0,5.0,5.0,27.0
486.58619536792617,0.0,2.0,0.0,5.0,5.0,27.0
486.5885953679262,0.0,2.0,0.0,3.0,5.0,28.0
486.8885953679262,0.0,2.0,0.0,3.0,5.0,28.0
486.8945953679262,0.0,2.0,0.0,3.0,5.0,28.0
487.1945953679262,0.0,2.0,0.0,3.0,5.0,28.0
487.20059536792616,0.0,2.0,0.0,3.0,5.0,28.0
487.50059536792617,0.0,2.0,0.0,3.0,5.0,28.0
487.50659536792614,0.0,2.0,0.0,3.0,5.0,28.0
487.80659536792615,0.0,2.0,0.0,3.0,5.0,28.0
487.8125953679261,0.0,2.0,0.0,3.0,5.0,28.0
488.11259536792613,0.0,2.0,0.0,3.0,5.0,28.0
488.1185953679261,0.0,2.0,0.0,3.0,5.0,28.0
488.4185953679261,0.0,2.0,0.0,3.0,5.0,28.0
488.4245953679261,0.0,2.0,0.0,3.0,5.0,28.0
488.7245953679261,0.0,2.0,0.0,3.0,5.0,28.0
488.73059536792607,0.0,2.0,0.0,3.0,5.0,28.0
489.0305953679261,0.0,2.0,0.0,3.0,5.0,28.0
489.03659536792605,0.0,2.0,0.0,3.0,5.0,28.0
489.33659536792607,0.0,2.0,0.0,3.0,5.0,28.0
489.34259536792604,0.0,2.0,0.0,3.0,5.0,28.0
489.64259536792605,0.0,2.0,0.0,3.0,5.0,28.0
489.648595367926,0.0,2.0,0.0,3.0,5.0,28.0
489.94859536792603,0.0,2.0,0.0,3.0,5.0,28.0
489.954595367926,0.0,2.0,0.0,3.0,5.0,28.0
490.254595367926,0.0,2.0,0.0,3.0,5.0,28.0
490.260595367926,0.0,2.0,0.0,3.0,5.0,28.0
490.560595367926,0.0,2.0,0.0,3.0,5.0,28.0
490.56659536792597,0.0,2.0,0.0,3.0,5.0,28.0
490.866595367926,0.0,2.0,0.0,3.0,5.0,28.0
490.87259536792595,0.0,2.0,0.0,3.0,5.0,28.0
491.17259536792596,0.0,2.0,0.0,3.0,5.0,28.0
491.17859536792594,0.0,2.0,0.0,3.0,5.0,28.0
491.47859536792595,0.0,2.0,0.0,3.0,5.0,28.0
491.4845953679259,0.0,2.0,0.0,3.0,5.0,28.0
491.78459536792593,0.0,2.0,0.0,3.0,5.0,28.0
491.7905953679259,0.0,2.0,0.0,3.0,5.0,28.0
492.0905953679259,0.0,2.0,0.0,3.0,5.0,28.0
492.0965953679259,0.0,2.0,0.0,3.0,5.0,28.0
492.3965953679259,0.0,2.0,0.0,3.0,5.0,28.0
492.40259536792587,0.0,2.0,0.0,3.0,5.0,28.0
492.7025953679259,0.0,2.0,0.0,3.0,5.0,28.0
492.7065953679259,0.0,2.0,0.0,3.0,5.0,28.0
493.0065953679259,0.0,2.0,0.0,3.0,5.0,28.0
493.01059536792593,0.0,2.0,0.0,3.0,5.0,28.0
493.31059536792594,0.0,2.0,0.0,3.0,5.0,28.0
493.31459536792596,0.0,2.0,0.0,3.0,5.0,28.0
493.614595367926,0.0,2.0,0.0,3.0,5.0,28.0
493.618595367926,0.0,2.0,0.0,3.0,5.0,28.0
493.918595367926,0.0,2.0,0.0,3.0,5.0,28.0
493.922595367926,0.0,2.0,0.0,1.0,5.0,29.0
494.22259536792603,0.0,2.0,0.0,1.0,5.0,29.0
494.22659536792605,0.0,2.0,0.0,1.0,5.0,29.0
494.52659536792606,0.0,2.0,0.0,1.0,5.0,29.0
494.5305953679261,0.0,2.0,0.0,1.0,5.0,29.0
494.8305953679261,0.0,2.0,0.0,1.0,5.0,29.0
494.8345953679261,0.0,2.0,0.0,1.0,5.0,29.0
495.1345953679261,0.0,2.0,0.0,1.0,5.0,29.0
495.13859536792614,0.0,2.0,0.0,1.0,5.0,29.0
495.43859536792615,0.0,2.0,0.0,1.0,5.0,29.0
495.4425953679262,0.0,2.0,0.0,1.0,5.0,29.0
495.7425953679262,0.0,2.0,0.0,1.0,5.0,29.0
495.7465953679262,0.0,2.0,0.0,1.0,5.0,29.0
496.0465953679262,0.0,2.0,0.0,1.0,5.0,29.0
496.05059536792623,0.0,2.0,0.0,1.0,5.0,29.0
496.35059536792625,0.0,2.0,0.0,1.0,5.0,29.0
496.35459536792627,0.0,2.0,0.0,1.0,5.0,29.0
496.6545953679263,0.0,2.0,0.0,1.0,5.0,29.0
496.6585953679263,0.0,2.0,0.0,1.0,5.0,29.0
496.9585953679263,0.0,2.0,0.0,1.0,5.0,29.0
496.9625953679263,0.0,2.0,0.0,1.0,5.0,29.0
497.26259536792634,0.0,2.0,0.0,1.0,5.0,29.0
497.26659536792636,0.0,2.0,0.0,1.0,5.0,29.0
497.56659536792637,0.0,2.0,0.0,1.0,5.0,29.0
497.5705953679264,0.0,2.0,0.0,1.0,5.0,29.0
497.8705953679264,0.0,2.0,0.0,1.0,5.0,29.0
497.8745953679264,0.0,2.0,0.0,1.0,5.0,29.0
498.17459536792643,0.0,2.0,0.0,1.0,5.0,29.0
498.17859536792645,0.0,2.0,0.0,1.0,5.0,29.0
498.47859536792646,0.0,2.0,0.0,1.0,5.0,29.0
498.4825953679265,0.0,2.0,0.0,1.0,5.0,29.0
498.7825953679265,0.0,2.0,0.0,1.0,5.0,29.0
498.7865953679265,0.0,2.0,0.0,1.0,5.0,29.0
499.0865953679265,0.0,2.0,0.0,1.0,5.0,29.0
499.09059536792654,0.0,2.0,0.0,1.0,5.0,29.0
499.39059536792655,0.0,2.0,0.0,1.0,5.0,29.0
499.39459536792657,0.0,2.0,0.0,1.0,5.0,29.0
499.6945953679266,0.0,2.0,0.0,1.0,5.0,29.0
499.6985953679266,0.0,2.0,0.0,1.0,5.0,29.0
499.9985953679266,0.0,2.0,0.0,1.0,5.0,29.0
500.00259536792663,0.0,2.0,0.0,1.0,5.0,29.0
500.30259536792664,0.0,2.0,0.0,1.0,5.0,29.0
500.30659536792666,0.0,2.0,0.0,1.0,5.0,29.0
500.6065953679267,0.0,2.0,0.0,1.0,5.0,29.0
500.6105953679267,0.0,2.0,0.0,1.0,5.0,29.0
500.9105953679267,0.0,2.0,0.0,1.0,5.0,29.0
500.9145953679267,0.0,2.0,0.0,1.0,5.0,29.0
501.21459536792673,0.0,2.0,0.0,1.0,5.0,29.0
501.21859536792675,0.0,2.0,0.0,1.0,5.0,29.0
501.51859536792676,0.0,2.0,0.0,1.0,5.0,29.0
501.5225953679268,0.0,2.0,0.0,1.0,5.0,29.0
501.8225953679268,0.0,2.0,0.0,1.0,5.0,29.0
501.8265953679268,0.0,2.0,0.0,1.0,5.0,29.0
502.1265953679268,0.0,2.0,0.0,1.0,5.0,29.0
502.13059536792684,0.0,2.0,0.0,1.0,5.0,29.0
502.43059536792686,0.0,2.0,0.0,1.0,5.0,29.0
502.4345953679269,0.0,2.0,0.0,1.0,5.0,29.0
502.7345953679269,0.0,2.0,0.0,1.0,5.0,29.0
502.7385953679269,0.0,2.0,0.0,1.0,5.0,29.0
503.0385953679269,0.0,2.0,0.0,1.0,5.0,29.0
503.04259536792694,0.0,2.0,0.0,1.0,5.0,29.0
503.34259536792695,0.0,2.0,0.0,1.0,5.0,29.0
503.34659536792697,0.0,2.0,0.0,1.0,5.0,29.0
503.646595367927,0.0,2.0,0.0,1.0,5.0,29.0
503.650595367927,0.0,2.0,0.0,1.0,5.0,29.0
503.950595367927,0.0,2.0,0.0,1.0,5.0,29.0
503.954595367927,0.0,2.0,0.0,1.0,5.0,29.0
504.25459536792704,0.0,2.0,0.0,1.0,5.0,29.0
504.25859536792706,0.0,2.0,0.0,1.0,5.0,29.0
504.55859536792707,0.0,2.0,0.0,1.0,5.0,29.0
504.5625953679271,0.0,2.0,0.0,1.0,5.0,29.0
504.8625953679271,0.0,2.0,0.0,1.0,5.0,29.0
504.8665953679271,0.0,2.0,0.0,1.0,5.0,29.0
505.16659536792713,0.0,2.0,0.0,1.0,5.0,29.0
505.17059536792715,0.0,2.0,0.0,1.0,5.0,29.0
505.47059536792716,0.0,2.0,0.0,1.0,5.0,29.0
505.4745953679272,0.0,2.0,0.0,1.0,5.0,29.0
505.7745953679272,0.0,2.0,0.0,1.0,5.0,29.0
505.7785953679272,0.0,2.0,0.0,1.0,5.0,29.0
506.0785953679272,0.0,2.0,0.0,1.0,5.0,29.0
506.08259536792724,0.0,2.0,0.0,1.0,5.0,29.0
506.38259536792725,0.0,2.0,0.0,1.0,5.0,29.0
506.38659536792727,0.0,2.0,0.0,1.0,5.0,29.0
506.6865953679273,0.0,2.0,0.0,1.0,5.0,29.0
506.6905953679273,0.0,2.0,0.0,1.0,5.0,29.0
506.9905953679273,0.0,2.0,0.0,1.0,5.0,29.0
506.99459536792733,0.0,2.0,0.0,1.0,5.0,29.0
507.29459536792734,0.0,2.0,0.0,1.0,5.0,29.0
507.29859536792736,0.0,2.0,0.0,1.0,5.0,29.0
507.5985953679274,0.0,2.0,0.0,1.0,5.0,29.0
507.6025953679274,0.0,2.0,0.0,1.0,5.0,29.0
507.9025953679274,0.0,2.0,0.0,1.0,5.0,29.0
507.9065953679274,0.0,2.0,0.0,1.0,5.0,29.0
508.20659536792743,0.0,2.0,0.0,1.0,5.0,29.0
508.21059536792745,0.0,2.0,0.0,1.0,5.0,29.0
508.51059536792746,0.0,2.0,0.0,1.0,5.0,29.0
508.5145953679275,0.0,2.0,0.0,1.0,5.0,29.0
508.8145953679275,0.0,2.0,0.0,1.0,5.0,29.0
508.8185953679275,0.0,2.0,0.0,1.0,5.0,29.0
509.1185953679275,0.0,2.0,0.0,1.0,5.0,29.0
509.12259536792754,0.0,2.0,0.0,1.0,5.0,29.0
509.42259536792756,0.0,2.0,0.0,1.0,5.0,29.0
509.4265953679276,0.0,2.0,0.0,1.0,5.0,29.0
509.7265953679276,0.0,2.0,0.0,1.0,5.0,29.0
509.7305953679276,0.0,2.0,0.0,1.0,5.0,29.0
510.0305953679276,0.0,2.0,0.0,1.0,5.0,29.0
510.03459536792764,0.0,2.0,0.0,1.0,5.0,29.0
510.33459536792765,0.0,2.0,0.0,1.0,5.0,29.0
510.33859536792767,0.0,2.0,0.0,1.0,5.0,29.0
510.6385953679277,0.0,2.0,0.0,1.0,5.0,29.0
510.6425953679277,0.0,2.0,0.0,1.0,5.0,29.0
510.9425953679277,0.0,2.0,0.0,1.0,5.0,29.0
510.9465953679277,0.0,2.0,0.0,1.0,5.0,29.0
511.24659536792774,0.0,2.0,0.0,1.0,5.0,29.0
511.25059536792776,0.0,2.0,0.0,1.0,5.0,29.0
511.55059536792777,0.0,2.0,0.0,1.0,5.0,29.0
511.5545953679278,0.0,2.0,0.0,1.0,5.0,29.0
511.8545953679278,0.0,2.0,0.0,1.0,5.0,29.0
511.8585953679278,0.0,2.0,0.0,1.0,5.0,29.0
512.1585953679278,0.0,2.0,0.0,1.0,5.0,29.0
512.1625953679278,0.0,2.0,0.0,1.0,5.0,29.0
512.4625953679277,0.0,2.0,0.0,1.0,5.0,29.0
512.4665953679278,0.0,2.0,0.0,1.0,5.0,29.0
512.7665953679277,0.0,2.0,0.0,1.0,5.0,29.0
512.7705953679277,0.0,2.0,0.0,1.0,5.0,29.0
513.0705953679277,0.0,2.0,0.0,1.0,5.0,29.0
513.0745953679277,0.0,2.0,0.0,1.0,5.0,29.0
513.3745953679277,0.0,2.0,0.0,1.0,5.0,29.0
513.3785953679277,0.0,2.0,0.0,1.0,5.0,29.0
513.6785953679276,0.0,2.0,0.0,1.0,5.0,29.0
513.6825953679277,0.0,2.0,0.0,1.0,5.0,29.0
513.9825953679276,0.0,2.0,0.0,1.0,5.0,29.0
513.9865953679276,0.0,2.0,0.0,1.0,5.0,29.0
514.2865953679276,0.0,2.0,0.0,1.0,5.0,29.0
514.2905953679276,0.0,2.0,0.0,1.0,5.0,29.0
514.5905953679276,0.0,2.0,0.0,1.0,5.0,29.0
514.5945953679276,0.0,2.0,0.0,1.0,5.0,29.0
514.8945953679275,0.0,2.0,0.0,1.0,5.0,29.0
514.8985953679276,0.0,2.0,0.0,1.0,5.0,29.0
515.1985953679275,0.0,2.0,0.0,1.0,5.0,29.0
515.2025953679275,0.0,2.0,5.0,1.0,5.0,29.0
515.5025953679275,0.0,2.0,5.0,1.0,5.0,29.0
515.5049953679274,0.0,2.0,5.0,1.0,5.0,29.0
515.8049953679274,0.0,2.0,5.0,1.0,5.0,29.0
515.8073953679274,0.0,2.0,5.0,1.0,5.0,29.0
516.1073953679273,0.0,2.0,5.0,1.0,5.0,29.0
516.1097953679273,0.0,2.0,5.0,1.0,5.0,29.0
516.4097953679272,0.0,2.0,5.0,1.0,5.0,29.0
516.4121953679272,0.0,2.0,5.0,1.0,5.0,29.0
516.7121953679272,0.0,2.0,5.0,1.0,5.0,29.0
516.7145953679271,0.0,2.0,5.0,1.0,5.0,29.0
517.0145953679271,0.0,2.0,5.0,1.0,5.0,29.0
517.016995367927,0.0,2.0,5.0,1.0,5.0,29.0
517.316995367927,0.0,2.0,5.0,1.0,5.0,29.0
517.319395367927,0.0,2.0,5.0,1.0,5.0,29.0
517.6193953679269,0.0,2.0,5.0,1.0,5.0,29.0
517.6217953679269,0.0,2.0,5.0,1.0,5.0,29.0
517.9217953679268,0.0,2.0,5.0,1.0,5.0,29.0
517.9241953679268,0.0,2.0,5.0,1.0,5.0,29.0
518.2241953679268,0.0,2.0,5.0,1.0,5.0,29.0
518.2265953679267,0.0,2.0,5.0,1.0,5.0,29.0
518.5265953679267,0.0,2.0,5.0,1.0,5.0,29.0
518.5289953679267,0.0,2.0,5.0,1.0,5.0,29.0
518.8289953679266,0.0,2.0,5.0,1.0,5.0,29.0
518.8313953679266,0.0,2.0,5.0,1.0,5.0,29.0
519.1313953679265,0.0,2.0,5.0,1.0,5.0,29.0
519.1337953679265,0.0,2.0,5.0,1.0,5.0,29.0
519.4337953679265,0.0,2.0,5.0,1.0,5.0,29.0
519.4361953679264,0.0,2.0,5.0,1.0,5.0,29.0
519.7361953679264,0.0,2.0,5.0,1.0,5.0,29.0
519.7385953679263,0.0,2.0,5.0,1.0,5.0,29.0
520.0385953679263,0.0,2.0,5.0,1.0,5.0,29.0
520.0409953679263,0.0,2.0,5.0,1.0,5.0,29.0
520.3409953679262,0.0,2.0,5.0,1.0,5.0,29.0
520.3433953679262,0.0,2.0,5.0,1.0,5.0,29.0
520.6433953679261,0.0,2.0,5.0,1.0,5.0,29.0
520.6457953679261,0.0,2.0,5.0,1.0,5.0,29.0
520.945795367926,0.0,2.0,5.0,1.0,5.0,29.0
520.948195367926,0.0,2.0,5.0,1.0,5.0,29.0
521.248195367926,0.0,2.0,5.0,1.0,5.0,29.0
521.2505953679259,0.0,2.0,5.0,1.0,5.0,29.0
521.5505953679259,0.0,2.0,5.0,1.0,5.0,29.0
521.5529953679259,0.0,2.0,5.0,1.0,5.0,29.0
521.8529953679258,0.0,2.0,5.0,1.0,5.0,29.0
521.8553953679258,0.0,2.0,5.0,1.0,5.0,29.0
522.1553953679257,0.0,2.0,5.0,1.0,5.0,29.0
522.1577953679257,0.0,2.0,5.0,1.0,5.0,29.0
522.4577953679257,0.0,2.0,5.0,1.0,5.0,29.0
522.4601953679256,0.0,2.0,5.0,1.0,5.0,29.0
522.7601953679256,0.0,2.0,5.0,1.0,5.0,29.0
522.7625953679255,0.0,2.0,5.0,1.0,5.0,29.0
523.0625953679255,0.0,2.0,5.0,1.0,5.0,29.0
523.0649953679255,0.0,2.0,5.0,1.0,5.0,29.0
523.3649953679254,0.0,2.0,5.0,1.0,5.0,29.0
523.3673953679254,0.0,2.0,5.0,1.0,5.0,29.0
523.6673953679253,0.0,2.0,5.0,1.0,5.0,29.0
523.6697953679253,0.0,2.0,5.0,1.0,5.0,29.0
523.9697953679253,0.0,2.0,5.0,1.0,5.0,29.0
523.9721953679252,0.0,2.0,5.0,1.0,5.0,29.0
524.2721953679252,0.0,2.0,5.0,1.0,5.0,29.0
524.2745953679251,0.0,2.0,5.0,1.0,5.0,29.0
524.5745953679251,0.0,2.0,5.0,1.0,5.0,29.0
524.5769953679251,0.0,2.0,5.0,1.0,5.0,29.0
524.876995367925,0.0,2.0,5.0,1.0,5.0,29.0
524.879395367925,0.0,2.0,5.0,1.0,5.0,29.0
525.1793953679249,0.0,2.0,5.0,1.0,5.0,29.0
525.1817953679249,0.0,2.0,5.0,1.0,5.0,29.0
525.4817953679249,0.0,2.0,5.0,1.0,5.0,29.0
525.4841953679248,0.0,2.0,5.0,1.0,5.0,29.0
525.7841953679248,0.0,2.0,5.0,1.0,5.0,29.0
525.7865953679247,0.0,2.0,5.0,1.0,5.0,29.0
526.0865953679247,0.0,2.0,5.0,1.0,5.0,29.0
526.0889953679247,0.0,2.0,5.0,1.0,5.0,29.0
526.3889953679246,0.0,2.0,5.0,1.0,5.0,29.0
526.3913953679246,0.0,2.0,5.0,1.0,5.0,29.0
526.6913953679245,0.0,2.0,5.0,1.0,5.0,29.0
526.6937953679245,0.0,2.0,5.0,1.0,5.0,29.0
526.9937953679245,0.0,2.0,5.0,1.0,5.0,29.0
526.9961953679244,0.0,2.0,5.0,1.0,5.0,29.0
527.2961953679244,0.0,2.0,5.0,1.0,5.0,29.0
527.2985953679243,0.0,2.0,5.0,1.0,5.0,29.0
527.5985953679243,0.0,2.0,5.0,1.0,5.0,29.0
527.6009953679243,0.0,2.0,5.0,1.0,5.0,29.0
527.9009953679242,0.0,2.0,5.0,1.0,5.0,29.0
527.9033953679242,0.0,2.0,5.0,1.0,5.0,29.0
528.2033953679241,0.0,2.0,5.0,1.0,5.0,29.0
528.2057953679241,0.0,2.0,5.0,1.0,5.0,29.0
528.5057953679241,0.0,2.0,5.0,1.0,5.0,29.0
528.508195367924,0.0,2.0,5.0,1.0,5.0,29.0
528.808195367924,0.0,2.0,5.0,1.0,5.0,29.0
528.810595367924,0.0,2.0,5.0,1.0,5.0,29.0
529.1105953679239,0.0,2.0,5.0,1.0,5.0,29.0
529.1129953679239,0.0,2.0,5.0,1.0,5.0,28.0
529.4129953679238,0.0,2.0,5.0,1.0,5.0,28.0
529.4153953679238,0.0,2.0,5.0,1.0,5.0,28.0
529.7153953679237,0.0,2.0,5.0,1.0,5.0,28.0
529.7177953679237,0.0,2.0,5.0,1.0,5.0,28.0
530.0177953679237,0.0,2.0,5.0,1.0,5.0,28.0
530.0201953679236,0.0,2.0,5.0,1.0,5.0,28.0
530.3201953679236,0.0,2.0,5.0,1.0,5.0,28.0
530.3225953679236,0.0,2.0,5.0,1.0,5.0,28.0
530.6225953679235,0.0,2.0,5.0,1.0,5.0,28.0
530.6249953679235,0.0,2.0,5.0,1.0,5.0,28.0
530.9249953679234,0.0,2.0,5.0,1.0,5.0,28.0
530.9273953679234,0.0,2.0,5.0,1.0,5.0,28.0
531.2273953679234,0.0,2.0,5.0,1.0,5.0,28.0
531.2297953679233,0.0,2.0,5.0,1.0,5.0,28.0
531.5297953679233,0.0,2.0,5.0,1.0,5.0,28.0
531.5321953679232,0.0,2.0,5.0,1.0,5.0,28.0
531.8321953679232,0.0,2.0,5.0,1.0,5.0,28.0
531.8345953679232,0.0,2.0,5.0,1.0,5.0,28.0
532.1345953679231,0.0,2.0,5.0,1.0,5.0,28.0
532.1369953679231,0.0,2.0,5.0,1.0,5.0,28.0
532.436995367923,0.0,2.0,5.0,1.0,5.0,28.0
532.439395367923,0.0,2.0,5.0,1.0,5.0,28.0
532.739395367923,0.0,2.0,5.0,1.0,5.0,28.0
532.7417953679229,0.0,2.0,5.0,1.0,5.0,28.0
533.0417953679229,0.0,2.0,5.0,1.0,5.0,28.0
533.0441953679228,0.0,2.0,5.0,1.0,5.0,28.0
533.3441953679228,0.0,2.0,5.0,1.0,5.0,28.0
533.3465953679228,0.0,2.0,5.0,1.0,5.0,28.0
533.6465953679227,0.0,2.0,5.0,1.0,5.0,28.0
533.6489953679227,0.0,2.0,5.0,1.0,5.0,28.0
533.9489953679226,0.0,2.0,5.0,1.0,5.0,28.0
533.9513953679226,0.0,2.0,5.0,1.0,5.0,28.0
534.2513953679226,0.0,2.0,5.0,1.0,5.0,28.0
534.2537953679225,0.0,2.0,5.0,1.0,5.0,28.0
534.5537953679225,0.0,2.0,5.0,1.0,5.0,28.0
534.5561953679224,0.0,2.0,3.0,1.0,6.0,28.0
534.8561953679224,0.0,2.0,3.0,1.0,6.0,28.0
534.8621953679224,0.0,2.0,3.0,1.0,6.0,28.0
535.1621953679223,0.0,2.0,3.0,1.0,6.0,28.0
535.1681953679223,0.0,2.0,3.0,1.0,6.0,28.0
535.4681953679222,0.0,2.0,3.0,1.0,6.0,28.0
535.4741953679222,0.0,2.0,3.0,1.0,6.0,28.0
535.7741953679222,0.0,2.0,3.0,1.0,6.0,28.0
535.7801953679221,0.0,2.0,3.0,1.0,6.0,28.0
536.0801953679221,0.0,2.0,3.0,1.0,6.0,28.0
536.0861953679221,0.0,2.0,3.0,1.0,6.0,28.0
536.386195367922,0.0,2.0,3.0,1.0,6.0,28.0
536.392195367922,0.0,2.0,3.0,1.0,6.0,28.0
536.692195367922,0.0,2.0,3.0,1.0,6.0,28.0
536.6981953679219,0.0,2.0,3.0,1.0,6.0,28.0
536.9981953679219,0.0,2.0,3.0,1.0,6.0,28.0
537.0041953679219,0.0,2.0,3.0,1.0,6.0,28.0
537.3041953679218,0.0,2.0,3.0,1.0,6.0,28.0
537.3101953679218,0.0,2.0,3.0,1.0,6.0,28.0
537.6101953679217,0.0,2.0,3.0,1.0,6.0,28.0
537.6161953679217,0.0,2.0,3.0,1.0,6.0,28.0
537.9161953679217,0.0,2.0,3.0,1.0,6.0,28.0
537.9221953679216,0.0,2.0,3.0,1.0,6.0,28.0
538.2221953679216,0.0,2.0,3.0,1.0,6.0,28.0
538.2281953679216,0.0,2.0,3.0,1.0,6.0,28.0
538.5281953679215,0.0,2.0,3.0,1.0,6.0,28.0
538.5341953679215,0.0,2.0,3.0,1.0,6.0,28.0
538.8341953679214,0.0,2.0,3.0,1.0,6.0,28.0
538.8401953679214,0.0,2.0,3.0,1.0,6.0,28.0
539.1401953679214,0.0,2.0,3.0,1.0,6.0,28.0
539.1461953679213,0.0,2.0,3.0,1.0,6.0,28.0
539.4461953679213,0.0,2.0,3.0,1.0,6.0,28.0
539.4521953679213,0.0,2.0,3.0,1.0,6.0,28.0
539.7521953679212,0.0,2.0,3.0,1.0,6.0,28.0
539.7581953679212,0.0,2.0,3.0,1.0,6.0,28.0
540.0581953679211,0.0,2.0,3.0,1.0,6.0,28.0
540.0621953679212,0.0,2.0,3.0,1.0,6.0,28.0
540.3621953679211,0.0,2.0,3.0,1.0,6.0,28.0
540.3661953679211,0.0,2.0,3.0,1.0,6.0,28.0
540.6661953679211,0.0,2.0,3.0,1.0,6.0,28.0
540.6701953679211,0.0,2.0,3.0,1.0,6.0,28.0
540.9701953679211,0.0,2.0,3.0,1.0,6.0,28.0
540.9741953679211,0.0,2.0,3.0,1.0,6.0,28.0
541.274195367921,0.0,2.0,3.0,1.0,6.0,28.0
541.2781953679211,0.0,2.0,3.0,1.0,6.0,28.0
541.578195367921,0.0,2.0,3.0,1.0,6.0,28.0
541.582195367921,0.0,2.0,3.0,1.0,6.0,28.0
541.882195367921,0.0,2.0,3.0,1.0,6.0,28.0
541.886195367921,0.0,2.0,3.0,1.0,6.0,28.0
542.186195367921,0.0,2.0,3.0,1.0,6.0,28.0
542.190195367921,0.0,2.0,3.0,1.0,6.0,28.0
542.4901953679209,0.0,2.0,3.0,1.0,6.0,28.0
542.494195367921,0.0,2.0,3.0,1.0,6.0,28.0
542.7941953679209,0.0,2.0,3.0,1.0,6.0,28.0
542.7981953679209,0.0,2.0,3.0,1.0,6.0,28.0
543.0981953679209,0.0,2.0,3.0,1.0,6.0,28.0
543.1021953679209,0.0,2.0,3.0,1.0,6.0,28.0
543.4021953679209,0.0,2.0,3.0,1.0,6.0,28.0
543.4061953679209,0.0,2.0,3.0,1.0,6.0,28.0
543.7061953679208,0.0,2.0,3.0,1.0,6.0,28.0
543.7101953679208,0.0,2.0,3.0,6.0,6.0,28.0
544.0101953679208,0.0,2.0,3.0,6.0,6.0,28.0
544.0118620345875,0.0,2.0,3.0,6.0,6.0,28.0
544.3118620345874,0.0,2.0,3.0,6.0,6.0,28.0
544.3135287012541,0.0,2.0,3.0,6.0,6.0,28.0
544.613528701254,0.0,2.0,3.0,6.0,6.0,28.0
544.6151953679207,0.0,2.0,3.0,6.0,6.0,28.0
544.9151953679207,0.0,2.0,3.0,6.0,6.0,28.0
544.9168620345873,0.0,2.0,3.0,6.0,6.0,28.0
545.2168620345873,0.0,2.0,3.0,6.0,6.0,28.0
545.218528701254,0.0,2.0,3.0,6.0,6.0,28.0
545.5185287012539,0.0,2.0,3.0,6.0,6.0,28.0
545.5201953679206,0.0,2.0,3.0,6.0,6.0,28.0
545.8201953679205,0.0,2.0,3.0,6.0,6.0,28.0
545.8218620345872,0.0,2.0,3.0,6.0,6.0,28.0
546.1218620345871,0.0,2.0,3.0,6.0,6.0,28.0
546.1235287012538,0.0,2.0,3.0,6.0,6.0,28.0
546.4235287012538,0.0,2.0,3.0,6.0,6.0,28.0
546.4251953679204,0.0,2.0,3.0,6.0,6.0,28.0
546.7251953679204,0.0,2.0,3.0,6.0,6.0,28.0
546.726862034587,0.0,2.0,3.0,6.0,6.0,28.0
547.026862034587,0.0,2.0,3.0,6.0,6.0,28.0
547.0285287012537,0.0,2.0,3.0,6.0,6.0,28.0
547.3285287012536,0.0,2.0,3.0,6.0,6.0,28.0
547.3301953679203,0.0,2.0,3.0,6.0,6.0,28.0
547.6301953679202,0.0,2.0,3.0,6.0,6.0,28.0
547.6318620345869,0.0,2.0,3.0,6.0,6.0,28.0
547.9318620345869,0.0,2.0,3.0,6.0,6.0,28.0
547.9335287012535,0.0,2.0,3.0,6.0,6.0,28.0
548.2335287012535,0.0,2.0,3.0,6.0,6.0,28.0
548.2351953679201,0.0,2.0,3.0,6.0,6.0,28.0
548.5351953679201,0.0,2.0,3.0,6.0,6.0,28.0
548.5368620345868,0.0,2.0,3.0,6.0,6.0,28.0
548.8368620345867,0.0,2.0,3.0,6.0,6.0,28.0
548.8385287012534,0.0,2.0,3.0,6.0,6.0,28.0
549.1385287012533,0.0,2.0,3.0,6.0,6.0,28.0
549.14019536792,0.0,2.0,3.0,6.0,6.0,28.0
549.44019536792,0.0,2.0,3.0,6.0,6.0,28.0
549.4418620345866,0.0,2.0,3.0,6.0,6.0,28.0
549.7418620345866,0.0,2.0,3.0,6.0,6.0,28.0
549.7435287012532,0.0,2.0,3.0,6.0,6.0,28.0
550.0435287012532,0.0,2.0,3.0,6.0,6.0,28.0
550.0451953679199,0.0,2.0,3.0,6.0,6.0,28.0
550.3451953679198,0.0,2.0,3.0,6.0,6.0,28.0
550.3468620345865,0.0,2.0,3.0,6.0,6.0,28.0
550.6468620345864,0.0,2.0,3.0,6.0,6.0,28.0
550.6485287012531,0.0,2.0,3.0,6.0,6.0,28.0
550.948528701253,0.0,2.0,3.0,6.0,6.0,28.0
550.9501953679197,0.0,2.0,3.0,6.0,6.0,28.0
551.2501953679197,0.0,2.0,3.0,6.0,6.0,28.0
551.2518620345863,0.0,2.0,3.0,6.0,6.0,28.0
551.5518620345863,0.0,2.0,3.0,6.0,6.0,28.0
551.553528701253,0.0,2.0,3.0,6.0,6.0,28.0
551.8535287012529,0.0,2.0,3.0,6.0,6.0,28.0
551.8551953679196,0.0,2.0,3.0,6.0,6.0,28.0
552.1551953679195,0.0,2.0,3.0,6.0,6.0,28.0
552.1568620345862,0.0,2.0,3.0,6.0,6.0,28.0
552.4568620345862,0.0,2.0,3.0,6.0,6.0,28.0
552.4585287012528,0.0,2.0,3.0,6.0,6.0,28.0
552.7585287012528,0.0,2.0,3.0,6.0,6.0,28.0
552.7601953679194,0.0,2.0,3.0,6.0,6.0,28.0
553.0601953679194,0.0,2.0,3.0,6.0,6.0,28.0
553.061862034586,0.0,2.0,3.0,6.0,6.0,28.0
553.361862034586,0.0,2.0,3.0,6.0,6.0,28.0
553.3635287012527,0.0,2.0,3.0,6.0,6.0,28.0
553.6635287012526,0.0,2.0,3.0,6.0,6.0,28.0
553.6651953679193,0.0,2.0,3.0,6.0,6.0,28.0
553.9651953679193,0.0,2.0,3.0,6.0,6.0,28.0
553.9668620345859,0.0,2.0,3.0,6.0,6.0,28.0
554.2668620345859,0.0,2.0,3.0,6.0,6.0,28.0
554.2685287012525,0.0,2.0,3.0,6.0,6.0,28.0
554.5685287012525,0.0,2.0,3.0,6.0,6.0,28.0
554.5701953679192,0.0,2.0,3.0,6.0,6.0,28.0
554.8701953679191,0.0,2.0,3.0,6.0,6.0,28.0
554.8718620345858,0.0,2.0,3.0,6.0,6.0,28.0
555.1718620345857,0.0,2.0,3.0,6.0,6.0,28.0
555.1735287012524,0.0,2.0,3.0,6.0,6.0,28.0
555.4735287012523,0.0,2.0,3.0,6.0,6.0,28.0
555.475195367919,0.0,2.0,3.0,6.0,6.0,28.0
555.775195367919,0.0,2.0,3.0,6.0,6.0,28.0
555.7768620345856,0.0,2.0,3.0,6.0,6.0,28.0
556.0768620345856,0.0,2.0,3.0,6.0,6.0,28.0
556.0785287012523,0.0,2.0,3.0,6.0,6.0,28.0
556.3785287012522,0.0,2.0,3.0,6.0,6.0,28.0
556.3801953679189,0.0,2.0,3.0,6.0,6.0,28.0
556.6801953679188,0.0,2.0,3.0,6.0,6.0,28.0
556.6818620345855,0.0,2.0,3.0,6.0,6.0,28.0
556.9818620345854,0.0,2.0,3.0,6.0,6.0,28.0
556.9835287012521,0.0,2.0,3.0,6.0,6.0,28.0
557.2835287012521,0.0,2.0,3.0,6.0,6.0,28.0
557.2851953679187,0.0,2.0,3.0,6.0,6.0,28.0
557.5851953679187,0.0,2.0,3.0,6.0,6.0,28.0
557.5868620345854,0.0,2.0,3.0,6.0,6.0,28.0
557.8868620345853,0.0,2.0,3.0,6.0,6.0,28.0
557.888528701252,0.0,2.0,3.0,6.0,6.0,28.0
558.1885287012519,0.0,2.0,3.0,6.0,6.0,28.0
558.1901953679186,0.0,2.0,3.0,6.0,6.0,28.0
558.4901953679185,0.0,2.0,3.0,6.0,6.0,28.0
558.4918620345852,0.0,2.0,3.0,6.0,6.0,28.0
558.7918620345852,0.0,2.0,3.0,6.0,6.0,28.0
558.7935287012518,0.0,2.0,3.0,6.0,6.0,28.0
559.0935287012518,0.0,2.0,3.0,6.0,6.0,28.0
559.0951953679184,0.0,2.0,3.0,6.0,6.0,28.0
559.3951953679184,0.0,2.0,3.0,6.0,6.0,28.0
559.3968620345851,0.0,2.0,3.0,6.0,6.0,28.0
559.696862034585,0.0,2.0,3.0,6.0,6.0,28.0
559.6985287012517,0.0,2.0,3.0,6.0,6.0,28.0
559.9985287012516,0.0,2.0,3.0,6.0,6.0,28.0
560.0001953679183,0.0,2.0,3.0,6.0,6.0,28.0
560.3001953679183,0.0,2.0,3.0,6.0,6.0,28.0
560.3018620345849,0.0,2.0,3.0,6.0,6.0,28.0
560.6018620345849,0.0,2.0,3.0,6.0,6.0,28.0
560.6035287012515,0.0,2.0,3.0,6.0,6.0,28.0
560.9035287012515,0.0,2.0,3.0,6.0,6.0,28.0
560.9051953679182,0.0,2.0,3.0,6.0,6.0,28.0
561.2051953679181,0.0,2.0,3.0,6.0,6.0,28.0
561.2068620345848,0.0,2.0,3.0,4.0,6.0,29.0
561.5068620345847,0.0,2.0,3.0,4.0,6.0,29.0
561.5106120345847,0.0,2.0,3.0,4.0,6.0,29.0
561.8106120345847,0.0,2.0,3.0,4.0,6.0,29.0
561.8143620345846,0.0,2.0,3.0,4.0,6.0,29.0
562.1143620345846,0.0,2.0,3.0,4.0,6.0,29.0
562.1181120345846,0.0,2.0,3.0,4.0,6.0,29.0
562.4181120345845,0.0,2.0,3.0,4.0,6.0,29.0
562.4218620345845,0.0,2.0,3.0,4.0,6.0,29.0
562.7218620345844,0.0,2.0,3.0,4.0,6.0,29.0
562.7256120345844,0.0,2.0,3.0,4.0,6.0,29.0
563.0256120345844,0.0,2.0,3.0,4.0,6.0,29.0
563.0293620345843,0.0,2.0,3.0,4.0,6.0,29.0
563.3293620345843,0.0,2.0,3.0,4.0,6.0,29.0
563.3331120345842,0.0,2.0,3.0,4.0,6.0,29.0
563.6331120345842,0.0,2.0,3.0,4.0,6.0,29.0
563.6368620345842,0.0,2.0,3.0,4.0,6.0,29.0
563.9368620345841,0.0,2.0,3.0,4.0,6.0,29.0
563.9406120345841,0.0,2.0,3.0,4.0,6.0,29.0
564.240612034584,0.0,2.0,3.0,4.0,6.0,29.0
564.244362034584,0.0,2.0,3.0,4.0,6.0,29.0
564.544362034584,0.0,2.0,3.0,4.0,6.0,29.0
564.5481120345839,0.0,2.0,3.0,4.0,6.0,29.0
564.8481120345839,0.0,2.0,3.0,4.0,6.0,29.0
564.8518620345839,0.0,2.0,3.0,4.0,6.0,29.0
565.1518620345838,0.0,2.0,3.0,4.0,6.0,29.0
565.1556120345838,0.0,2.0,3.0,4.0,6.0,29.0
565.4556120345837,0.0,2.0,3.0,4.0,6.0,29.0
565.4593620345837,0.0,2.0,3.0,4.0,6.0,29.0
565.7593620345837,0.0,2.0,3.0,4.0,6.0,29.0
565.7631120345836,0.0,2.0,3.0,4.0,6.0,29.0
566.0631120345836,0.0,2.0,3.0,4.0,6.0,29.0
566.0668620345836,0.0,2.0,3.0,4.0,6.0,29.0
566.3668620345835,0.0,2.0,3.0,4.0,6.0,29.0
566.3706120345835,0.0,2.0,3.0,4.0,6.0,29.0
566.6706120345834,0.0,2.0,3.0,4.0,6.0,29.0
566.6743620345834,0.0,2.0,3.0,4.0,6.0,29.0
566.9743620345834,0.0,2.0,3.0,4.0,6.0,29.0
566.9781120345833,0.0,2.0,3.0,4.0,6.0,29.0
567.2781120345833,0.0,2.0,3.0,4.0,6.0,29.0
567.2818620345832,0.0,2.0,3.0,4.0,6.0,29.0
567.5818620345832,0.0,2.0,3.0,4.0,6.0,29.0
567.5856120345832,0.0,2.0,3.0,4.0,6.0,29.0
567.8856120345831,0.0,2.0,3.0,4.0,6.0,29.0
567.8893620345831,0.0,2.0,3.0,4.0,6.0,29.0
568.189362034583,0.0,2.0,3.0,4.0,6.0,29.0
568.193112034583,0.0,2.0,3.0,2.0,6.0,30.0
568.493112034583,0.0,2.0,3.0,2.0,6.0,30.0
568.4991120345829,0.0,2.0,3.0,2.0,6.0,30.0
568.7991120345829,0.0,2.0,3.0,2.0,6.0,30.0
568.8051120345829,0.0,2.0,3.0,2.0,6.0,30.0
569.1051120345828,0.0,2.0,3.0,2.0,6.0,30.0
569.1111120345828,0.0,2.0,3.0,2.0,6.0,30.0
569.4111120345827,0.0,2.0,3.0,2.0,6.0,30.0
569.4171120345827,0.0,2.0,3.0,2.0,6.0,30.0
569.7171120345827,0.0,2.0,3.0,2.0,6.0,30.0
569.7231120345826,0.0,2.0,3.0,2.0,6.0,30.0
570.0231120345826,0.0,2.0,3.0,2.0,6.0,30.0
570.0291120345826,0.0,2.0,3.0,2.0,6.0,30.0
570.3291120345825,0.0,2.0,3.0,2.0,6.0,30.0
570.3351120345825,0.0,2.0,3.0,2.0,6.0,30.0
570.6351120345824,0.0,2.0,3.0,2.0,6.0,30.0
570.6411120345824,0.0,2.0,3.0,2.0,6.0,30.0
570.9411120345824,0.0,2.0,3.0,2.0,6.0,30.0
570.9471120345823,0.0,2.0,3.0,2.0,6.0,30.0
571.2471120345823,0.0,2.0,3.0,2.0,6.0,30.0
571.2531120345823,0.0,1.0,3.0,2.0,6.0,30.0
571.5531120345822,0.0,1.0,3.0,2.0,6.0,30.0
571.5591120345822,0.0,1.0,3.0,2.0,6.0,30.0
571.8591120345822,0.0,1.0,3.0,2.0,6.0,30.0
571.8651120345821,0.0,1.0,3.0,2.0,6.0,30.0
572.1651120345821,0.0,1.0,3.0,2.0,6.0,30.0
572.171112034582,0.0,1.0,3.0,2.0,6.0,30.0
572.471112034582,0.0,1.0,3.0,2.0,6.0,30.0
572.477112034582,0.0,1.0,3.0,2.0,6.0,30.0
572.7771120345819,0.0,1.0,3.0,2.0,6.0,30.0
572.7831120345819,0.0,1.0,3.0,2.0,6.0,30.0
573.0831120345819,0.0,1.0,3.0,2.0,6.0,30.0
573.0891120345818,0.0,1.0,3.0,2.0,6.0,30.0
573.3891120345818,0.0,1.0,3.0,2.0,6.0,30.0
573.3951120345818,0.0,1.0,3.0,2.0,6.0,30.0
573.6951120345817,0.0,1.0,3.0,2.0,6.0,30.0
573.7011120345817,0.0,1.0,3.0,2.0,6.0,30.0
574.0011120345816,0.0,1.0,3.0,2.0,6.0,30.0
574.0071120345816,0.0,1.0,3.0,2.0,6.0,30.0
574.3071120345816,0.0,1.0,3.0,2.0,6.0,30.0
574.3131120345815,0.0,1.0,3.0,2.0,6.0,30.0
574.6131120345815,0.0,1.0,3.0,2.0,6.0,30.0
574.6191120345815,0.0,1.0,3.0,2.0,6.0,30.0
574.9191120345814,0.0,1.0,3.0,2.0,6.0,30.0
574.9251120345814,0.0,1.0,3.0,2.0,6.0,30.0
575.2251120345813,0.0,1.0,3.0,2.0,6.0,30.0
575.2311120345813,0.0,1.0,3.0,2.0,6.0,30.0
575.5311120345813,0.0,1.0,3.0,2.0,6.0,30.0
575.5371120345812,0.0,1.0,3.0,2.0,6.0,30.0
575.8371120345812,0.0,1.0,3.0,2.0,6.0,30.0
575.8431120345812,0.0,1.0,3.0,2.0,6.0,30.0
576.1431120345811,0.0,1.0,3.0,2.0,6.0,30.0
576.1491120345811,0.0,1.0,3.0,2.0,6.0,30.0
576.449112034581,0.0,1.0,3.0,2.0,6.0,30.0
576.455112034581,0.0,1.0,3.0,2.0,6.0,30.0
576.755112034581,0.0,1.0,3.0,2.0,6.0,30.0
576.761112034581,0.0,1.0,3.0,2.0,6.0,30.0
577.0611120345809,0.0,1.0,3.0,2.0,6.0,30.0
577.0671120345809,0.0,1.0,3.0,2.0,6.0,30.0
577.3671120345808,0.0,1.0,3.0,2.0,6.0,30.0
577.3731120345808,0.0,1.0,3.0,2.0,6.0,30.0
577.6731120345808,0.0,1.0,3.0,2.0,6.0,30.0
577.6791120345807,0.0,1.0,3.0,2.0,6.0,30.0
577.9791120345807,0.0,1.0,3.0,2.0,6.0,30.0
577.9851120345807,0.0,1.0,3.0,2.0,6.0,30.0
578.2851120345806,0.0,1.0,3.0,2.0,6.0,30.0
578.2911120345806,0.0,1.0,3.0,2.0,6.0,30.0
578.5911120345805,0.0,1.0,3.0,2.0,6.0,30.0
578.5971120345805,0.0,1.0,3.0,2.0,6.0,30.0
578.8971120345805,0.0,1.0,3.0,2.0,6.0,30.0
578.9031120345804,0.0,2.0,3.0,2.0,6.0,30.0
579.2031120345804,0.0,2.0,3.0,2.0,6.0,30.0
579.2091120345804,0.0,2.0,3.0,2.0,6.0,30.0
579.5091120345803,0.0,2.0,3.0,2.0,6.0,30.0
579.5151120345803,0.0,2.0,3.0,2.0,6.0,30.0
579.8151120345802,0.0,2.0,3.0,2.0,6.0,30.0
579.8211120345802,0.0,2.0,3.0,2.0,6.0,30.0
580.1211120345802,0.0,2.0,3.0,2.0,6.0,30.0
580.1271120345801,0.0,2.0,3.0,2.0,6.0,30.0
580.4271120345801,0.0,2.0,3.0,2.0,6.0,30.0
580.4331120345801,0.0,2.0,3.0,2.0,6.0,30.0
580.73311203458,0.0,2.0,3.0,2.0,6.0,30.0
580.73911203458,0.0,2.0,3.0,2.0,6.0,30.0
581.03911203458,0.0,2.0,3.0,2.0,6.0,30.0
581.0451120345799,0.0,2.0,3.0,2.0,6.0,30.0
581.3451120345799,0.0,2.0,3.0,2.0,6.0,30.0
581.3511120345798,0.0,2.0,3.0,2.0,6.0,30.0
581.6511120345798,0.0,2.0,3.0,2.0,6.0,30.0
581.6571120345798,0.0,2.0,3.0,2.0,6.0,30.0
581.9571120345797,0.0,2.0,3.0,2.0,6.0,30.0
581.9631120345797,0.0,2.0,3.0,2.0,6.0,30.0
582.2631120345796,0.0,2.0,3.0,2.0,6.0,30.0
582.2691120345796,0.0,2.0,1.0,2.0,7.0,30.0
582.5691120345796,0.0,2.0,1.0,2.0,7.0,30.0
582.5751120345795,0.0,2.0,1.0,2.0,7.0,30.0
582.8751120345795,0.0,2.0,1.0,2.0,7.0,30.0
582.8811120345795,0.0,2.0,1.0,2.0,7.0,30.0
583.1811120345794,0.0,2.0,1.0,2.0,7.0,30.0
583.1871120345794,0.0,2.0,1.0,2.0,7.0,30.0
583.4871120345794,0.0,2.0,1.0,2.0,7.0,30.0
583.4931120345793,0.0,2.0,1.0,2.0,7.0,30.0
583.7931120345793,0.0,2.0,1.0,2.0,7.0,30.0
583.7991120345793,0.0,2.0,1.0,2.0,7.0,30.0
584.0991120345792,0.0,2.0,1.0,2.0,7.0,30.0
584.1051120345792,0.0,2.0,1.0,2.0,7.0,30.0
584.4051120345791,0.0,2.0,1.0,2.0,7.0,30.0
584.4111120345791,0.0,2.0,1.0,2.0,7.0,30.0
584.7111120345791,0.0,2.0,1.0,2.0,7.0,30.0
584.717112034579,0.0,2.0,1.0,2.0,7.0,30.0
585.017112034579,0.0,2.0,1.0,2.0,7.0,30.0
585.023112034579,0.0,2.0,1.0,2.0,7.0,30.0
585.3231120345789,0.0,2.0,1.0,2.0,7.0,30.0
585.3291120345789,0.0,2.0,1.0,2.0,7.0,30.0
585.6291120345788,0.0,2.0,1.0,2.0,7.0,30.0
585.6351120345788,0.0,2.0,1.0,2.0,7.0,30.0
585.9351120345788,0.0,2.0,1.0,2.0,7.0,30.0
585.9411120345787,0.0,2.0,1.0,2.0,7.0,30.0
586.2411120345787,0.0,2.0,1.0,2.0,7.0,30.0
586.2471120345787,0.0,2.0,1.0,2.0,7.0,30.0
586.5471120345786,0.0,2.0,1.0,2.0,7.0,30.0
586.5531120345786,0.0,2.0,1.0,0.0,7.0,31.0
586.8531120345785,0.0,2.0,1.0,0.0,7.0,31.0
586.8591120345785,0.0,2.0,1.0,0.0,7.0,31.0
587.1591120345785,0.0,2.0,1.0,0.0,7.0,31.0
587.1651120345784,0.0,2.0,1.0,0.0,7.0,31.0
587.4651120345784,0.0,2.0,1.0,0.0,7.0,31.0
587.4711120345784,0.0,2.0,1.0,0.0,7.0,31.0
587.7711120345783,0.0,2.0,1.0,0.0,7.0,31.0
587.7771120345783,0.0,2.0,1.0,0.0,7.0,31.0
588.0771120345782,0.0,2.0,1.0,0.0,7.0,31.0
588.0831120345782,0.0,2.0,1.0,0.0,7.0,31.0
588.3831120345782,0.0,2.0,1.0,0.0,7.0,31.0
588.3891120345781,0.0,2.0,1.0,0.0,7.0,31.0
588.6891120345781,0.0,2.0,1.0,0.0,7.0,31.0
588.6951120345781,0.0,2.0,1.0,0.0,7.0,31.0
588.995112034578,0.0,2.0,1.0,0.0,7.0,31.0
589.001112034578,0.0,2.0,1.0,0.0,7.0,31.0
589.301112034578,0.0,2.0,1.0,0.0,7.0,31.0
589.3071120345779,0.0,2.0,1.0,0.0,7.0,31.0
589.6071120345779,0.0,2.0,1.0,0.0,7.0,31.0
589.6131120345779,0.0,2.0,1.0,0.0,7.0,31.0
589.9131120345778,0.0,2.0,1.0,0.0,7.0,31.0
589.9191120345778,0.0,2.0,1.0,0.0,7.0,31.0
590.2191120345777,0.0,2.0,1.0,0.0,7.0,31.0
590.2251120345777,0.0,2.0,1.0,0.0,7.0,31.0
590.5251120345777,0.0,2.0,1.0,0.0,7.0,31.0
590.5311120345776,0.0,2.0,1.0,0.0,7.0,31.0
590.8311120345776,0.0,2.0,1.0,0.0,7.0,31.0
590.8371120345776,0.0,2.0,1.0,0.0,7.0,31.0
591.1371120345775,0.0,2.0,1.0,0.0,7.0,31.0
591.1431120345775,0.0,2.0,1.0,0.0,7.0,31.0
591.4431120345774,0.0,2.0,1.0,0.0,7.0,31.0
591.4491120345774,0.0,2.0,1.0,0.0,7.0,31.0
591.7491120345774,0.0,2.0,1.0,0.0,7.0,31.0
591.7551120345773,0.0,2.0,1.0,0.0,7.0,31.0
592.0551120345773,0.0,2.0,1.0,0.0,7.0,31.0
592.0611120345773,0.0,2.0,1.0,0.0,7.0,31.0
592.3611120345772,0.0,2.0,1.0,0.0,7.0,31.0
592.3671120345772,0.0,2.0,1.0,0.0,7.0,31.0
592.6671120345771,0.0,2.0,1.0,0.0,7.0,31.0
592.6731120345771,0.0,2.0,1.0,0.0,7.0,31.0
592.9731120345771,0.0,2.0,1.0,0.0,7.0,31.0
592.979112034577,0.0,2.0,1.0,0.0,7.0,31.0
593.279112034577,0.0,2.0,1.0,0.0,7.0,31.0
593.285112034577,0.0,2.0,1.0,0.0,7.0,31.0
593.5851120345769,0.0,2.0,1.0,0.0,7.0,31.0
593.5911120345769,0.0,2.0,1.0,0.0,7.0,31.0
593.8911120345768,0.0,2.0,1.0,0.0,7.0,31.0
593.8971120345768,0.0,2.0,1.0,0.0,7.0,31.0
594.1971120345768,0.0,2.0,1.0,0.0,7.0,31.0
594.2031120345767,0.0,2.0,1.0,0.0,7.0,31.0
594.5031120345767,0.0,2.0,1.0,0.0,7.0,31.0
594.5091120345767,0.0,2.0,1.0,0.0,7.0,31.0
594.8091120345766,0.0,2.0,1.0,0.0,7.0,31.0
594.8151120345766,0.0,2.0,1.0,0.0,7.0,31.0
595.1151120345766,0.0,2.0,1.0,0.0,7.0,31.0
595.1211120345765,0.0,2.0,1.0,0.0,7.0,31.0
595.4211120345765,0.0,2.0,1.0,0.0,7.0,31.0
595.4271120345765,0.0,2.0,1.0,0.0,7.0,31.0
595.7271120345764,0.0,2.0,1.0,0.0,7.0,31.0
595.7331120345764,0.0,2.0,1.0,0.0,7.0,31.0
596.0331120345763,0.0,2.0,1.0,0.0,7.0,31.0
596.0391120345763,0.0,2.0,1.0,0.0,7.0,31.0
596.3391120345763,0.0,2.0,1.0,0.0,7.0,31.0
596.3451120345762,0.0,2.0,1.0,0.0,7.0,31.0
596.6451120345762,0.0,2.0,1.0,0.0,7.0,31.0
596.6511120345762,0.0,2.0,1.0,0.0,7.0,31.0
596.9511120345761,0.0,2.0,1.0,0.0,7.0,31.0
596.9571120345761,0.0,2.0,1.0,0.0,7.0,31.0
597.257112034576,0.0,2.0,1.0,0.0,7.0,31.0
597.263112034576,0.0,2.0,1.0,0.0,7.0,31.0
597.563112034576,0.0,2.0,1.0,0.0,7.0,31.0
597.5691120345759,0.0,2.0,1.0,0.0,7.0,31.0
597.8691120345759,0.0,2.0,1.0,0.0,7.0,31.0
597.8751120345759,0.0,2.0,1.0,0.0,7.0,31.0
598.1751120345758,0.0,2.0,1.0,0.0,7.0,31.0
598.1811120345758,0.0,2.0,1.0,0.0,7.0,31.0
598.4811120345757,0.0,2.0,1.0,0.0,7.0,31.0
598.4871120345757,0.0,2.0,1.0,0.0,7.0,31.0
598.7871120345757,0.0,2.0,1.0,0.0,7.0,31.0
598.7931120345756,0.0,2.0,1.0,0.0,7.0,31.0
599.0931120345756,0.0,2.0,1.0,0.0,7.0,31.0
599.0991120345756,0.0,2.0,1.0,0.0,7.0,31.0
599.3991120345755,0.0,2.0,1.0,0.0,7.0,31.0
599.4051120345755,0.0,2.0,1.0,0.0,7.0,31.0
599.7051120345754,0.0,2.0,1.0,0.0,7.0,31.0
599.7111120345754,0.0,2.0,1.0,0.0,7.0,31.0
600.0111120345754,0.0,2.0,1.0,0.0,7.0,31.0
600.0171120345753,0.0,2.0,1.0,0.0,7.0,31.0
600.3171120345753,0.0,2.0,1.0,0.0,7.0,31.0
600.3231120345753,0.0,2.0,1.0,0.0,7.0,31.0
600.6231120345752,0.0,2.0,1.0,0.0,7.0,31.0
600.6291120345752,0.0,2.0,1.0,0.0,7.0,31.0
600.9291120345752,0.0,2.0,1.0,0.0,7.0,31.0
600.9351120345751,0.0,2.0,1.0,0.0,7.0,31.0
601.2351120345751,0.0,2.0,1.0,0.0,7.0,31.0
601.241112034575,0.0,2.0,1.0,0.0,7.0,30.0
601.541112034575,0.0,2.0,1.0,0.0,7.0,30.0
601.547112034575,0.0,2.0,1.0,0.0,7.0,30.0
601.8471120345749,0.0,2.0,1.0,0.0,7.0,30.0
601.8531120345749,0.0,2.0,1.0,0.0,7.0,30.0
602.1531120345749,0.0,2.0,1.0,0.0,7.0,30.0
602.1591120345748,0.0,2.0,1.0,0.0,7.0,30.0
602.4591120345748,0.0,2.0,1.0,0.0,7.0,30.0
602.4651120345748,0.0,2.0,1.0,0.0,7.0,30.0
602.7651120345747,0.0,2.0,1.0,0.0,7.0,30.0
602.7711120345747,0.0,2.0,1.0,0.0,7.0,30.0
603.0711120345746,0.0,2.0,1.0,0.0,7.0,30.0
603.0771120345746,0.0,2.0,1.0,0.0,7.0,30.0
603.3771120345746,0.0,2.0,1.0,0.0,7.0,30.0
603.3831120345745,0.0,2.0,1.0,0.0,7.0,30.0
603.6831120345745,0.0,2.0,1.0,0.0,7.0,30.0
603.6891120345745,0.0,2.0,1.0,0.0,7.0,30.0
603.9891120345744,0.0,2.0,1.0,0.0,7.0,30.0
603.9951120345744,0.0,2.0,1.0,0.0,7.0,30.0
604.2951120345743,0.0,2.0,1.0,0.0,7.0,30.0
604.3011120345743,0.0,2.0,1.0,0.0,7.0,30.0
604.6011120345743,0.0,2.0,1.0,0.0,7.0,30.0
604.6071120345742,0.0,2.0,1.0,0.0,7.0,30.0
604.9071120345742,0.0,2.0,1.0,0.0,7.0,30.0
604.9131120345742,0.0,2.0,1.0,0.0,7.0,30.0
605.2131120345741,0.0,2.0,1.0,0.0,7.0,30.0
605.2191120345741,0.0,2.0,1.0,0.0,7.0,30.0
605.519112034574,0.0,2.0,1.0,0.0,7.0,30.0
605.525112034574,0.0,2.0,1.0,0.0,7.0,30.0
605.825112034574,0.0,2.0,1.0,0.0,7.0,30.0
605.831112034574,0.0,2.0,1.0,0.0,7.0,30.0
606.1311120345739,0.0,2.0,1.0,0.0,7.0,30.0
606.1371120345739,0.0,2.0,1.0,0.0,7.0,30.0
606.4371120345738,0.0,2.0,1.0,0.0,7.0,30.0
606.4431120345738,0.0,2.0,1.0,0.0,7.0,30.0
606.7431120345738,0.0,2.0,1.0,0.0,7.0,30.0
606.7491120345737,0.0,2.0,1.0,0.0,7.0,30.0
607.0491120345737,0.0,2.0,1.0,0.0,7.0,30.0
607.0551120345737,0.0,2.0,1.0,0.0,7.0,30.0
607.3551120345736,0.0,2.0,1.0,0.0,7.0,30.0
607.3611120345736,0.0,2.0,1.0,0.0,7.0,30.0
607.6611120345735,0.0,2.0,1.0,0.0,7.0,30.0
607.6671120345735,0.0,2.0,1.0,0.0,7.0,30.0
607.9671120345735,0.0,2.0,1.0,0.0,7.0,30.0
607.9731120345734,0.0,2.0,1.0,0.0,7.0,30.0
608.2731120345734,0.0,2.0,1.0,0.0,7.0,30.0
608.2791120345734,0.0,2.0,1.0,0.0,7.0,30.0
608.5791120345733,0.0,2.0,1.0,0.0,7.0,30.0
608.5851120345733,0.0,2.0,1.0,0.0,7.0,30.0
608.8851120345732,0.0,2.0,1.0,0.0,7.0,30.0
608.8911120345732,0.0,2.0,1.0,0.0,7.0,30.0
609.1911120345732,0.0,2.0,1.0,0.0,7.0,30.0
609.1971120345731,0.0,2.0,1.0,0.0,7.0,30.0
609.4971120345731,0.0,2.0,1.0,0.0,7.0,30.0
609.5031120345731,0.0,2.0,1.0,0.0,7.0,30.0
609.803112034573,0.0,2.0,1.0,0.0,7.0,30.0
609.809112034573,0.0,2.0,1.0,0.0,7.0,30.0
610.109112034573,0.0,2.0,1.0,0.0,7.0,30.0
610.1151120345729,0.0,2.0,1.0,0.0,7.0,30.0
610.4151120345729,0.0,2.0,1.0,0.0,7.0,30.0
610.4211120345728,0.0,2.0,1.0,0.0,7.0,30.0
610.7211120345728,0.0,2.0,1.0,0.0,7.0,30.0
610.7271120345728,0.0,2.0,1.0,0.0,7.0,30.0
611.0271120345727,0.0,2.0,1.0,0.0,7.0,30.0
611.0331120345727,0.0,2.0,1.0,0.0,7.0,30.0
611.3331120345727,0.0,2.0,1.0,0.0,7.0,30.0
611.3391120345726,0.0,2.0,1.0,0.0,7.0,30.0
611.6391120345726,0.0,2.0,1.0,0.0,7.0,30.0
611.6451120345725,0.0,2.0,1.0,0.0,7.0,30.0
611.9451120345725,0.0,2.0,1.0,0.0,7.0,30.0
611.9511120345725,0.0,2.0,1.0,0.0,7.0,30.0
612.2511120345724,0.0,2.0,1.0,0.0,7.0,30.0
612.2571120345724,0.0,2.0,1.0,0.0,7.0,30.0
612.5571120345724,0.0,2.0,1.0,0.0,7.0,30.0
612.5631120345723,0.0,2.0,1.0,0.0,7.0,30.0
612.8631120345723,0.0,2.0,1.0,0.0,7.0,30.0
612.8691120345723,0.0,2.0,1.0,0.0,7.0,30.0
613.1691120345722,0.0,2.0,1.0,0.0,7.0,30.0
613.1751120345722,0.0,2.0,1.0,0.0,7.0,30.0
613.4751120345721,0.0,2.0,1.0,0.0,7.0,30.0
613.4811120345721,0.0,2.0,1.0,0.0,7.0,30.0
613.7811120345721,0.0,2.0,1.0,0.0,7.0,30.0
613.787112034572,0.0,2.0,1.0,0.0,7.0,30.0
614.087112034572,0.0,2.0,1.0,0.0,7.0,30.0
614.093112034572,0.0,2.0,1.0,0.0,7.0,30.0
614.3931120345719,0.0,2.0,1.0,0.0,7.0,30.0
614.3991120345719,0.0,2.0,1.0,0.0,7.0,30.0
614.6991120345718,0.0,2.0,1.0,0.0,7.0,30.0
614.7051120345718,0.0,2.0,1.0,0.0,7.0,30.0
615.0051120345718,0.0,2.0,1.0,0.0,7.0,30.0
615.0111120345717,0.0,2.0,1.0,0.0,7.0,30.0
615.3111120345717,0.0,2.0,1.0,0.0,7.0,30.0
615.3171120345717,0.0,2.0,1.0,0.0,7.0,30.0
615.6171120345716,0.0,2.0,1.0,0.0,7.0,30.0
615.6231120345716,0.0,2.0,1.0,0.0,7.0,30.0
615.9231120345715,0.0,2.0,1.0,0.0,7.0,30.0
615.9291120345715,0.0,2.0,1.0,0.0,7.0,30.0
616.2291120345715,0.0,2.0,1.0,0.0,7.0,30.0
616.2351120345714,0.0,2.0,1.0,0.0,7.0,30.0
616.5351120345714,0.0,2.0,1.0,0.0,7.0,30.0
616.5411120345714,0.0,2.0,1.0,0.0,7.0,30.0
616.8411120345713,0.0,2.0,1.0,0.0,7.0,30.0
616.8471120345713,0.0,2.0,1.0,0.0,7.0,30.0
617.1471120345713,0.0,2.0,1.0,0.0,7.0,30.0
617.1531120345712,0.0,2.0,1.0,0.0,7.0,30.0
617.4531120345712,0.0,2.0,1.0,0.0,7.0,30.0
617.4591120345711,0.0,2.0,1.0,0.0,7.0,30.0
617.7591120345711,0.0,2.0,1.0,0.0,7.0,30.0
617.7651120345711,0.0,2.0,1.0,0.0,7.0,30.0
618.065112034571,0.0,2.0,1.0,0.0,7.0,30.0
618.071112034571,0.0,2.0,1.0,0.0,7.0,30.0
618.371112034571,0.0,2.0,1.0,0.0,7.0,30.0
618.3771120345709,0.0,2.0,1.0,0.0,7.0,30.0
618.6771120345709,0.0,2.0,1.0,0.0,7.0,30.0
618.6831120345709,0.0,2.0,1.0,0.0,7.0,30.0
618.9831120345708,0.0,2.0,1.0,0.0,7.0,30.0
618.9891120345708,0.0,2.0,1.0,0.0,7.0,30.0
619.2891120345707,0.0,2.0,1.0,0.0,7.0,30.0
619.2951120345707,0.0,1.0,1.0,0.0,7.0,30.0
619.5951120345707,0.0,1.0,1.0,0.0,7.0,30.0
619.6011120345706,0.0,1.0,1.0,0.0,7.0,30.0
619.9011120345706,0.0,1.0,1.0,0.0,7.0,30.0
619.9071120345706,0.0,1.0,1.0,0.0,7.0,30.0
620.2071120345705,0.0,1.0,1.0,0.0,7.0,30.0
620.2131120345705,0.0,1.0,1.0,0.0,7.0,30.0
620.5131120345704,0.0,1.0,1.0,0.0,7.0,30.0
620.5191120345704,0.0,1.0,1.0,0.0,7.0,30.0
620.8191120345704,0.0,1.0,1.0,0.0,7.0,30.0
620.8251120345703,0.0,1.0,1.0,0.0,7.0,30.0
621.1251120345703,0.0,1.0,1.0,0.0,7.0,30.0
621.1311120345703,0.0,1.0,1.0,0.0,7.0,30.0
621.4311120345702,0.0,1.0,1.0,0.0,7.0,30.0
621.4371120345702,0.0,1.0,1.0,0.0,7.0,30.0
621.7371120345701,0.0,1.0,1.0,0.0,7.0,30.0
621.7431120345701,0.0,1.0,1.0,0.0,7.0,30.0
622.0431120345701,0.0,1.0,1.0,0.0,7.0,30.0
622.04911203457,0.0,1.0,1.0,0.0,7.0,30.0
622.34911203457,0.0,1.0,1.0,0.0,7.0,30.0
622.35511203457,0.0,1.0,1.0,0.0,7.0,30.0
622.6551120345699,0.0,1.0,1.0,0.0,7.0,30.0
622.6611120345699,0.0,1.0,1.0,0.0,7.0,30.0
622.9611120345699,0.0,1.0,1.0,0.0,7.0,30.0
622.9671120345698,0.0,1.0,1.0,0.0,7.0,30.0
623.2671120345698,0.0,1.0,1.0,0.0,7.0,30.0
623.2711120345698,0.0,1.0,1.0,0.0,7.0,30.0
623.5711120345698,0.0,1.0,1.0,0.0,7.0,30.0
623.5751120345698,0.0,1.0,1.0,0.0,7.0,30.0
623.8751120345697,0.0,1.0,1.0,0.0,7.0,30.0
623.8791120345697,0.0,1.0,1.0,0.0,7.0,30.0
624.1791120345697,0.0,1.0,1.0,0.0,7.0,30.0
624.1831120345697,0.0,1.0,1.0,0.0,7.0,30.0
624.4831120345697,0.0,1.0,1.0,0.0,7.0,30.0
624.4871120345697,0.0,1.0,1.0,0.0,7.0,30.0
624.7871120345696,0.0,1.0,1.0,0.0,7.0,30.0
624.7911120345697,0.0,1.0,1.0,0.0,7.0,30.0
625.0911120345696,0.0,1.0,1.0,0.0,7.0,30.0
625.0951120345696,0.0,1.0,1.0,0.0,7.0,30.0
625.3951120345696,0.0,1.0,1.0,0.0,7.0,30.0
625.3991120345696,0.0,1.0,1.0,0.0,7.0,30.0
625.6991120345696,0.0,1.0,1.0,0.0,7.0,30.0
625.7051120345695,0.0,1.0,1.0,0.0,7.0,30.0
626.0051120345695,0.0,1.0,1.0,0.0,7.0,30.0
626.0111120345695,0.0,1.0,1.0,0.0,7.0,30.0
626.3111120345694,0.0,1.0,1.0,0.0,7.0,30.0
626.3171120345694,0.0,1.0,1.0,0.0,7.0,30.0
626.6171120345693,0.0,1.0,1.0,0.0,7.0,30.0
626.6231120345693,0.0,1.0,1.0,0.0,7.0,30.0
626.9231120345693,0.0,1.0,1.0,0.0,7.0,30.0
626.9291120345692,0.0,1.0,1.0,0.0,7.0,30.0
627.2291120345692,0.0,1.0,1.0,0.0,7.0,30.0
627.2351120345692,0.0,1.0,1.0,0.0,7.0,30.0
627.5351120345691,0.0,1.0,1.0,0.0,7.0,30.0
627.5411120345691,0.0,1.0,1.0,0.0,7.0,30.0
627.841112034569,0.0,1.0,1.0,0.0,7.0,30.0
627.847112034569,0.0,1.0,1.0,0.0,7.0,30.0
628.147112034569,0.0,1.0,1.0,0.0,7.0,30.0
628.153112034569,0.0,1.0,1.0,0.0,7.0,30.0
628.4531120345689,0.0,1.0,1.0,0.0,7.0,30.0
628.4591120345689,0.0,1.0,1.0,0.0,7.0,30.0
628.7591120345688,0.0,1.0,1.0,0.0,7.0,30.0
628.7651120345688,0.0,1.0,1.0,0.0,7.0,30.0
629.0651120345688,0.0,1.0,1.0,0.0,7.0,30.0
629.0711120345687,0.0,1.0,1.0,0.0,7.0,30.0
629.3711120345687,0.0,1.0,1.0,0.0,7.0,30.0
629.3771120345687,0.0,1.0,1.0,0.0,7.0,30.0
629.6771120345686,0.0,1.0,1.0,0.0,7.0,30.0
629.6831120345686,0.0,1.0,1.0,0.0,7.0,30.0
629.9831120345685,0.0,1.0,1.0,0.0,7.0,30.0
629.9891120345685,0.0,1.0,1.0,0.0,7.0,30.0
630.2891120345685,0.0,1.0,1.0,0.0,7.0,30.0
630.2951120345684,0.0,1.0,1.0,0.0,7.0,30.0
630.5951120345684,0.0,1.0,1.0,0.0,7.0,30.0
630.6011120345684,0.0,1.0,1.0,0.0,7.0,30.0
630.9011120345683,0.0,1.0,1.0,0.0,7.0,30.0
630.9071120345683,0.0,1.0,1.0,0.0,7.0,30.0
631.2071120345682,0.0,1.0,1.0,0.0,7.0,30.0
631.2111120345683,0.0,1.0,1.0,0.0,7.0,30.0
631.5111120345682,0.0,1.0,1.0,0.0,7.0,30.0
631.5151120345682,0.0,1.0,1.0,0.0,7.0,30.0
631.8151120345682,0.0,1.0,1.0,0.0,7.0,30.0
631.8191120345682,0.0,1.0,1.0,0.0,7.0,29.0
632.1191120345682,0.0,1.0,1.0,0.0,7.0,29.0
632.1231120345682,0.0,1.0,1.0,0.0,7.0,29.0
632.4231120345681,0.0,1.0,1.0,0.0,7.0,29.0
632.4271120345682,0.0,1.0,1.0,0.0,7.0,29.0
632.7271120345681,0.0,1.0,1.0,0.0,7.0,29.0
632.7311120345681,0.0,1.0,1.0,0.0,7.0,29.0
633.0311120345681,0.0,1.0,1.0,0.0,7.0,29.0
633.0351120345681,0.0,1.0,1.0,0.0,7.0,29.0
633.335112034568,0.0,1.0,1.0,0.0,7.0,29.0
633.3391120345681,0.0,1.0,1.0,0.0,7.0,29.0
633.639112034568,0.0,1.0,1.0,0.0,7.0,29.0
633.643112034568,0.0,1.0,1.0,0.0,7.0,29.0
633.943112034568,0.0,1.0,1.0,0.0,7.0,29.0
633.947112034568,0.0,1.0,1.0,0.0,7.0,29.0
634.247112034568,0.0,1.0,1.0,0.0,7.0,29.0
634.251112034568,0.0,1.0,1.0,0.0,7.0,29.0
634.551112034568,0.0,1.0,1.0,0.0,7.0,29.0
634.555112034568,0.0,1.0,1.0,5.0,7.0,29.0
634.8551120345679,0.0,1.0,1.0,5.0,7.0,29.0
634.8575120345679,0.0,1.0,1.0,5.0,7.0,29.0
635.1575120345678,0.0,1.0,1.0,5.0,7.0,29.0
635.1599120345678,0.0,1.0,1.0,5.0,7.0,29.0
635.4599120345678,0.0,1.0,1.0,5.0,7.0,29.0
635.4623120345677,0.0,1.0,1.0,5.0,7.0,29.0
635.7623120345677,0.0,1.0,1.0,5.0,7.0,29.0
635.7647120345677,0.0,1.0,1.0,5.0,7.0,29.0
636.0647120345676,0.0,1.0,1.0,5.0,7.0,29.0
636.0671120345676,0.0,1.0,1.0,5.0,7.0,29.0
636.3671120345675,0.0,1.0,1.0,5.0,7.0,29.0
636.3695120345675,0.0,1.0,1.0,5.0,7.0,29.0
636.6695120345674,0.0,1.0,1.0,5.0,7.0,29.0
636.6719120345674,0.0,1.0,1.0,5.0,7.0,29.0
636.9719120345674,0.0,1.0,1.0,5.0,7.0,29.0
636.9743120345673,0.0,1.0,1.0,5.0,7.0,29.0
637.2743120345673,0.0,1.0,1.0,5.0,7.0,29.0
637.2767120345673,0.0,1.0,1.0,5.0,7.0,29.0
637.5767120345672,0.0,1.0,1.0,5.0,7.0,29.0
637.5791120345672,0.0,1.0,1.0,5.0,7.0,29.0
637.8791120345671,0.0,1.0,1.0,5.0,7.0,29.0
637.8815120345671,0.0,1.0,1.0,5.0,7.0,29.0
638.181512034567,0.0,1.0,1.0,5.0,7.0,29.0
638.183912034567,0.0,1.0,1.0,5.0,7.0,29.0
638.483912034567,0.0,1.0,1.0,5.0,7.0,29.0
638.4863120345669,0.0,1.0,1.0,5.0,7.0,29.0
638.7863120345669,0.0,1.0,1.0,5.0,7.0,29.0
638.7887120345669,0.0,1.0,1.0,5.0,7.0,29.0
639.0887120345668,0.0,1.0,1.0,5.0,7.0,29.0
639.0911120345668,0.0,1.0,1.0,5.0,7.0,29.0
639.3911120345667,0.0,1.0,1.0,5.0,7.0,29.0
639.3935120345667,0.0,1.0,1.0,5.0,7.0,29.0
639.6935120345667,0.0,1.0,1.0,5.0,7.0,29.0
639.6959120345666,0.0,1.0,1.0,5.0,7.0,29.0
639.9959120345666,0.0,1.0,1.0,5.0,7.0,29.0
639.9983120345665,0.0,1.0,1.0,5.0,7.0,29.0
640.2983120345665,0.0,1.0,1.0,5.0,7.0,29.0
640.3007120345665,0.0,1.0,1.0,5.0,7.0,29.0
640.6007120345664,0.0,1.0,1.0,5.0,7.0,29.0
640.6031120345664,0.0,1.0,1.0,5.0,7.0,29.0
640.9031120345663,0.0,1.0,1.0,5.0,7.0,29.0
640.9055120345663,0.0,1.0,1.0,5.0,7.0,29.0
641.2055120345663,0.0,1.0,1.0,5.0,7.0,29.0
641.2079120345662,0.0,1.0,1.0,5.0,7.0,29.0
641.5079120345662,0.0,1.0,1.0,5.0,7.0,29.0
641.5103120345661,0.0,1.0,1.0,5.0,7.0,29.0
641.8103120345661,0.0,1.0,1.0,5.0,7.0,29.0
641.8127120345661,0.0,1.0,1.0,5.0,7.0,29.0
642.112712034566,0.0,1.0,1.0,5.0,7.0,29.0
642.115112034566,0.0,1.0,1.0,5.0,7.0,29.0
642.4151120345659,0.0,1.0,1.0,5.0,7.0,29.0
642.4175120345659,0.0,1.0,1.0,5.0,7.0,29.0
642.7175120345659,0.0,1.0,1.0,5.0,7.0,29.0
642.7199120345658,0.0,1.0,1.0,5.0,7.0,29.0
643.0199120345658,0.0,1.0,1.0,5.0,7.0,29.0
643.0223120345657,0.0,1.0,1.0,5.0,7.0,29.0
643.3223120345657,0.0,1.0,1.0,5.0,7.0,29.0
643.3247120345657,0.0,1.0,1.0,5.0,7.0,29.0
643.6247120345656,0.0,1.0,1.0,5.0,7.0,29.0
643.6271120345656,0.0,1.0,1.0,5.0,7.0,29.0
643.9271120345655,0.0,1.0,1.0,5.0,7.0,29.0
643.9295120345655,0.0,1.0,1.0,5.0,7.0,29.0
644.2295120345655,0.0,1.0,1.0,5.0,7.0,29.0
644.2319120345654,0.0,1.0,1.0,5.0,7.0,29.0
644.5319120345654,0.0,1.0,1.0,5.0,7.0,29.0
644.5343120345653,0.0,1.0,1.0,5.0,7.0,29.0
644.8343120345653,0.0,1.0,1.0,5.0,7.0,29.0
644.8367120345653,0.0,1.0,1.0,5.0,7.0,29.0
645.1367120345652,0.0,1.0,1.0,5.0,7.0,29.0
645.1391120345652,0.0,1.0,1.0,5.0,7.0,29.0
645.4391120345651,0.0,1.0,1.0,5.0,7.0,29.0
645.4415120345651,0.0,1.0,1.0,5.0,7.0,29.0
645.7415120345651,0.0,1.0,1.0,5.0,7.0,29.0
645.743912034565,0.0,1.0,1.0,5.0,7.0,29.0
646.043912034565,0.0,1.0,1.0,5.0,7.0,29.0
646.046312034565,0.0,1.0,1.0,5.0,7.0,29.0
646.3463120345649,0.0,1.0,1.0,5.0,7.0,29.0
646.3487120345649,0.0,1.0,1.0,5.0,7.0,29.0
646.6487120345648,0.0,1.0,1.0,5.0,7.0,29.0
646.6511120345648,0.0,1.0,1.0,5.0,7.0,29.0
646.9511120345647,0.0,1.0,1.0,5.0,7.0,29.0
646.9535120345647,0.0,1.0,1.0,5.0,7.0,29.0
647.2535120345647,0.0,1.0,1.0,5.0,7.0,29.0
647.2559120345646,0.0,1.0,1.0,5.0,7.0,29.0
647.5559120345646,0.0,1.0,1.0,5.0,7.0,29.0
647.5583120345646,0.0,1.0,1.0,5.0,7.0,29.0
647.8583120345645,0.0,1.0,1.0,5.0,7.0,29.0
647.8607120345645,0.0,1.0,1.0,5.0,7.0,29.0
648.1607120345644,0.0,1.0,1.0,5.0,7.0,29.0
648.1631120345644,0.0,1.0,1.0,5.0,7.0,29.0
648.4631120345643,0.0,1.0,1.0,5.0,7.0,29.0
648.4655120345643,0.0,1.0,1.0,5.0,7.0,29.0
648.7655120345643,0.0,1.0,1.0,5.0,7.0,29.0
648.7679120345642,0.0,1.0,1.0,5.0,7.0,29.0
649.0679120345642,0.0,1.0,1.0,5.0,7.0,29.0
649.0703120345642,0.0,1.0,1.0,5.0,7.0,29.0
649.3703120345641,0.0,1.0,1.0,5.0,7.0,29.0
649.3727120345641,0.0,1.0,1.0,5.0,7.0,29.0
649.672712034564,0.0,1.0,1.0,5.0,7.0,29.0
649.675112034564,0.0,1.0,1.0,5.0,7.0,29.0
649.975112034564,0.0,1.0,1.0,5.0,7.0,29.0
649.9775120345639,0.0,1.0,1.0,5.0,7.0,29.0
650.2775120345639,0.0,1.0,1.0,5.0,7.0,29.0
650.2799120345638,0.0,1.0,1.0,5.0,7.0,29.0
650.5799120345638,0.0,1.0,1.0,5.0,7.0,29.0
650.5823120345638,0.0,1.0,1.0,5.0,7.0,29.0
650.8823120345637,0.0,1.0,1.0,5.0,7.0,29.0
650.8847120345637,0.0,1.0,1.0,5.0,7.0,29.0
651.1847120345636,0.0,1.0,1.0,5.0,7.0,29.0
651.1871120345636,0.0,1.0,1.0,5.0,7.0,29.0
651.4871120345636,0.0,1.0,1.0,5.0,7.0,29.0
651.4895120345635,0.0,1.0,1.0,5.0,7.0,29.0
651.7895120345635,0.0,1.0,1.0,5.0,7.0,29.0
651.7919120345634,0.0,1.0,1.0,5.0,7.0,29.0
652.0919120345634,0.0,1.0,1.0,5.0,7.0,29.0
652.0943120345634,0.0,1.0,1.0,5.0,7.0,29.0
652.3943120345633,0.0,1.0,1.0,5.0,7.0,29.0
652.3967120345633,0.0,1.0,1.0,5.0,7.0,29.0
652.6967120345632,0.0,1.0,1.0,5.0,7.0,29.0
652.6991120345632,0.0,1.0,1.0,5.0,7.0,29.0
652.9991120345632,0.0,1.0,1.0,5.0,7.0,29.0
653.0015120345631,0.0,1.0,1.0,5.0,7.0,29.0
653.3015120345631,0.0,1.0,1.0,5.0,7.0,29.0
653.303912034563,0.0,1.0,1.0,5.0,7.0,29.0
653.603912034563,0.0,1.0,1.0,5.0,7.0,29.0
653.606312034563,0.0,1.0,1.0,5.0,7.0,29.0
653.9063120345629,0.0,1.0,1.0,5.0,7.0,29.0
653.9087120345629,0.0,1.0,1.0,5.0,7.0,29.0
654.2087120345628,0.0,1.0,1.0,5.0,7.0,29.0
654.2111120345628,0.0,1.0,1.0,5.0,7.0,29.0
654.5111120345628,0.0,1.0,1.0,5.0,7.0,29.0
654.5135120345627,0.0,1.0,1.0,5.0,7.0,29.0
654.8135120345627,0.0,1.0,1.0,5.0,7.0,29.0
654.8159120345626,0.0,1.0,1.0,5.0,7.0,29.0
655.1159120345626,0.0,1.0,1.0,5.0,7.0,29.0
655.1183120345626,0.0,1.0,1.0,5.0,7.0,29.0
655.4183120345625,0.0,1.0,1.0,5.0,7.0,29.0
655.4207120345625,0.0,1.0,1.0,3.0,7.0,30.0
655.7207120345624,0.0,1.0,1.0,3.0,7.0,30.0
655.7267120345624,0.0,1.0,1.0,3.0,7.0,30.0
656.0267120345624,0.0,1.0,1.0,3.0,7.0,30.0
656.0327120345623,0.0,1.0,1.0,3.0,7.0,30.0
656.3327120345623,0.0,1.0,1.0,3.0,7.0,30.0
656.3387120345623,0.0,1.0,1.0,3.0,7.0,30.0
656.6387120345622,0.0,1.0,1.0,3.0,7.0,30.0
656.6447120345622,0.0,1.0,1.0,3.0,7.0,30.0
656.9447120345621,0.0,1.0,1.0,3.0,7.0,30.0
656.9507120345621,0.0,1.0,1.0,3.0,7.0,30.0
657.2507120345621,0.0,1.0,1.0,3.0,7.0,30.0
657.256712034562,0.0,1.0,1.0,3.0,7.0,30.0
657.556712034562,0.0,1.0,1.0,3.0,7.0,30.0
657.562712034562,0.0,1.0,1.0,3.0,7.0,30.0
657.8627120345619,0.0,1.0,1.0,3.0,7.0,30.0
657.8687120345619,0.0,1.0,1.0,3.0,7.0,30.0
658.1687120345618,0.0,1.0,1.0,3.0,7.0,30.0
658.1747120345618,0.0,1.0,1.0,3.0,7.0,30.0
658.4747120345618,0.0,1.0,1.0,3.0,7.0,30.0
658.4807120345617,0.0,1.0,1.0,3.0,7.0,30.0
658.7807120345617,0.0,1.0,1.0,3.0,7.0,30.0
658.7867120345617,0.0,1.0,1.0,3.0,7.0,30.0
659.0867120345616,0.0,1.0,1.0,3.0,7.0,30.0
659.0927120345616,0.0,1.0,1.0,3.0,7.0,30.0
659.3927120345616,0.0,1.0,1.0,3.0,7.0,30.0
659.3987120345615,0.0,1.0,1.0,3.0,7.0,30.0
659.6987120345615,0.0,1.0,1.0,3.0,7.0,30.0
659.7047120345615,0.0,1.0,1.0,3.0,7.0,30.0
660.0047120345614,0.0,1.0,1.0,3.0,7.0,30.0
660.0107120345614,0.0,1.0,1.0,3.0,7.0,30.0
660.3107120345613,0.0,1.0,1.0,3.0,7.0,30.0
660.3167120345613,0.0,1.0,1.0,3.0,7.0,30.0
660.6167120345613,0.0,1.0,1.0,3.0,7.0,30.0
660.6227120345612,0.0,1.0,1.0,3.0,7.0,30.0
660.9227120345612,0.0,1.0,1.0,3.0,7.0,30.0
660.9287120345612,0.0,1.0,1.0,3.0,7.0,30.0
661.2287120345611,0.0,1.0,1.0,3.0,7.0,30.0
661.2347120345611,0.0,1.0,1.0,3.0,7.0,30.0
661.534712034561,0.0,1.0,1.0,3.0,7.0,30.0
661.540712034561,0.0,1.0,1.0,3.0,7.0,30.0
661.840712034561,0.0,1.0,1.0,3.0,7.0,30.0
661.8467120345609,0.0,1.0,1.0,3.0,7.0,30.0
662.1467120345609,0.0,1.0,1.0,3.0,7.0,30.0
662.1527120345609,0.0,1.0,1.0,3.0,7.0,30.0
662.4527120345608,0.0,1.0,1.0,3.0,7.0,30.0
662.4587120345608,0.0,1.0,1.0,3.0,7.0,30.0
662.7587120345607,0.0,1.0,1.0,3.0,7.0,30.0
662.7647120345607,0.0,1.0,1.0,3.0,7.0,30.0
663.0647120345607,0.0,1.0,1.0,3.0,7.0,30.0
663.0707120345606,0.0,1.0,1.0,3.0,7.0,30.0
663.3707120345606,0.0,1.0,1.0,3.0,7.0,30.0
663.3767120345606,0.0,1.0,1.0,3.0,7.0,30.0
663.6767120345605,0.0,1.0,1.0,3.0,7.0,30.0
663.6827120345605,0.0,1.0,1.0,3.0,7.0,30.0
663.9827120345604,0.0,1.0,1.0,3.0,7.0,30.0
663.9887120345604,0.0,1.0,6.0,3.0,7.0,30.0
664.2887120345604,0.0,1.0,6.0,3.0,7.0,30.0
664.290378701227,0.0,1.0,6.0,3.0,7.0,30.0
664.590378701227,0.0,1.0,6.0,3.0,7.0,30.0
664.5920453678937,0.0,1.0,6.0,3.0,7.0,30.0
664.8920453678936,0.0,1.0,6.0,3.0,7.0,30.0
664.8937120345603,0.0,1.0,6.0,3.0,7.0,30.0
665.1937120345602,0.0,1.0,6.0,3.0,7.0,30.0
665.1953787012269,0.0,1.0,6.0,3.0,7.0,30.0
665.4953787012269,0.0,1.0,6.0,3.0,7.0,30.0
665.4970453678935,0.0,1.0,6.0,3.0,7.0,30.0
665.7970453678935,0.0,1.0,6.0,3.0,7.0,30.0
665.7987120345601,0.0,1.0,6.0,3.0,7.0,30.0
666.0987120345601,0.0,1.0,6.0,3.0,7.0,30.0
666.1003787012268,0.0,1.0,6.0,3.0,7.0,30.0
666.4003787012267,0.0,1.0,6.0,3.0,7.0,30.0
666.4020453678934,0.0,1.0,6.0,3.0,7.0,30.0
666.7020453678933,0.0,1.0,6.0,3.0,7.0,30.0
666.70371203456,0.0,1.0,6.0,3.0,7.0,30.0
667.00371203456,0.0,1.0,6.0,3.0,7.0,30.0
667.0053787012266,0.0,1.0,6.0,3.0,7.0,30.0
667.3053787012266,0.0,1.0,6.0,3.0,7.0,30.0
667.3070453678932,0.0,1.0,6.0,3.0,7.0,30.0
667.6070453678932,0.0,1.0,6.0,3.0,7.0,30.0
667.6087120345599,0.0,1.0,6.0,3.0,7.0,30.0
667.9087120345598,0.0,1.0,6.0,3.0,7.0,30.0
667.9103787012265,0.0,1.0,6.0,3.0,7.0,30.0
668.2103787012264,0.0,1.0,6.0,3.0,7.0,30.0
668.2120453678931,0.0,1.0,6.0,3.0,7.0,30.0
668.512045367893,0.0,1.0,6.0,3.0,7.0,30.0
668.5137120345597,0.0,1.0,6.0,3.0,7.0,30.0
668.8137120345597,0.0,1.0,6.0,3.0,7.0,30.0
668.8153787012263,0.0,1.0,6.0,3.0,7.0,30.0
669.1153787012263,0.0,1.0,6.0,3.0,7.0,30.0
669.117045367893,0.0,1.0,6.0,3.0,7.0,30.0
669.4170453678929,0.0,1.0,6.0,3.0,7.0,30.0
669.4187120345596,0.0,1.0,6.0,3.0,7.0,30.0
669.7187120345595,0.0,1.0,6.0,3.0,7.0,30.0
669.7203787012262,0.0,1.0,6.0,3.0,7.0,30.0
670.0203787012262,0.0,1.0,6.0,3.0,7.0,30.0
670.0220453678928,0.0,1.0,6.0,3.0,7.0,30.0
670.3220453678928,0.0,1.0,6.0,3.0,7.0,30.0
670.3237120345594,0.0,1.0,6.0,3.0,7.0,30.0
670.6237120345594,0.0,1.0,6.0,3.0,7.0,30.0
670.625378701226,0.0,1.0,6.0,3.0,7.0,30.0
670.925378701226,0.0,1.0,6.0,3.0,7.0,30.0
670.9270453678927,0.0,1.0,6.0,3.0,7.0,30.0
671.2270453678926,0.0,1.0,6.0,3.0,7.0,30.0
671.2287120345593,0.0,1.0,6.0,3.0,7.0,30.0
671.5287120345592,0.0,1.0,6.0,3.0,7.0,30.0
671.5303787012259,0.0,1.0,6.0,3.0,7.0,30.0
671.8303787012259,0.0,1.0,6.0,3.0,7.0,30.0
671.8320453678925,0.0,1.0,6.0,3.0,7.0,30.0
672.1320453678925,0.0,1.0,6.0,3.0,7.0,30.0
672.1337120345592,0.0,1.0,6.0,1.0,7.0,31.0
672.4337120345591,0.0,1.0,6.0,1.0,7.0,31.0
672.4353787012258,0.0,1.0,6.0,1.0,7.0,31.0
672.7353787012257,0.0,1.0,6.0,1.0,7.0,31.0
672.7370453678924,0.0,1.0,6.0,1.0,7.0,31.0
673.0370453678923,0.0,1.0,6.0,1.0,7.0,31.0
673.038712034559,0.0,1.0,6.0,1.0,7.0,31.0
673.338712034559,0.0,1.0,6.0,1.0,7.0,31.0
673.3403787012256,0.0,1.0,6.0,1.0,7.0,31.0
673.6403787012256,0.0,1.0,6.0,1.0,7.0,31.0
673.6420453678923,0.0,1.0,6.0,1.0,7.0,31.0
673.9420453678922,0.0,1.0,6.0,1.0,7.0,31.0
673.9437120345589,0.0,1.0,6.0,1.0,7.0,31.0
674.2437120345588,0.0,1.0,6.0,1.0,7.0,31.0
674.2453787012255,0.0,1.0,6.0,1.0,7.0,31.0
674.5453787012254,0.0,1.0,6.0,1.0,7.0,31.0
674.5470453678921,0.0,1.0,6.0,1.0,7.0,31.0
674.8470453678921,0.0,1.0,6.0,1.0,7.0,31.0
674.8487120345587,0.0,1.0,6.0,1.0,7.0,31.0
675.1487120345587,0.0,1.0,6.0,1.0,7.0,31.0
675.1503787012253,0.0,1.0,11.0,1.0,7.0,31.0
675.4503787012253,0.0,1.0,11.0,1.0,7.0,31.0
675.4508745689939,0.0,1.0,11.0,1.0,7.0,31.0
675.7508745689938,0.0,1.0,11.0,1.0,7.0,31.0
675.7513704367624,0.0,1.0,11.0,1.0,7.0,31.0
676.0513704367623,0.0,1.0,11.0,1.0,7.0,31.0
676.0518663045309,0.0,1.0,11.0,1.0,7.0,31.0
676.3518663045309,0.0,1.0,11.0,1.0,7.0,31.0
676.3523621722994,0.0,1.0,11.0,1.0,7.0,31.0
676.6523621722994,0.0,1.0,11.0,1.0,7.0,31.0
676.6528580400679,0.0,1.0,11.0,1.0,7.0,31.0
676.9528580400679,0.0,1.0,11.0,1.0,7.0,31.0
676.9533539078365,0.0,1.0,11.0,1.0,7.0,31.0
677.2533539078364,0.0,1.0,11.0,1.0,7.0,31.0
677.253849775605,0.0,1.0,11.0,1.0,7.0,31.0
677.5538497756049,0.0,1.0,11.0,1.0,7.0,31.0
677.5543456433735,0.0,1.0,11.0,1.0,7.0,31.0
677.8543456433734,0.0,1.0,11.0,1.0,7.0,31.0
677.854841511142,0.0,1.0,11.0,1.0,7.0,31.0
678.154841511142,0.0,1.0,11.0,1.0,7.0,31.0
678.1553373789105,0.0,1.0,11.0,1.0,7.0,31.0
678.4553373789105,0.0,1.0,11.0,1.0,7.0,31.0
678.455833246679,0.0,1.0,11.0,1.0,7.0,31.0
678.755833246679,0.0,1.0,11.0,1.0,7.0,31.0
678.7563291144476,0.0,1.0,11.0,1.0,7.0,31.0
679.0563291144475,0.0,1.0,11.0,1.0,7.0,31.0
679.0568249822161,0.0,1.0,11.0,1.0,7.0,31.0
679.356824982216,0.0,1.0,11.0,1.0,7.0,31.0
679.3573208499846,0.0,1.0,11.0,1.0,7.0,31.0
679.6573208499846,0.0,1.0,11.0,1.0,7.0,31.0
679.6578167177531,0.0,1.0,11.0,1.0,7.0,31.0
679.9578167177531,0.0,1.0,11.0,1.0,7.0,31.0
679.9583125855216,0.0,1.0,11.0,1.0,7.0,31.0
680.2583125855216,0.0,1.0,11.0,1.0,7.0,31.0
680.2588084532902,0.0,1.0,11.0,1.0,7.0,31.0
680.5588084532901,0.0,1.0,11.0,1.0,7.0,31.0
680.5593043210587,0.0,1.0,11.0,1.0,7.0,31.0
680.8593043210586,0.0,1.0,11.0,1.0,7.0,31.0
680.8598001888272,0.0,1.0,11.0,1.0,7.0,31.0
681.1598001888271,0.0,1.0,11.0,1.0,7.0,31.0
681.1602960565957,0.0,1.0,11.0,1.0,7.0,31.0
681.4602960565957,0.0,1.0,11.0,1.0,7.0,31.0
681.4607919243642,0.0,1.0,11.0,1.0,7.0,31.0
681.7607919243642,0.0,1.0,11.0,1.0,7.0,31.0
681.7612877921327,0.0,1.0,11.0,1.0,7.0,31.0
682.0612877921327,0.0,1.0,11.0,1.0,7.0,31.0
682.0617836599013,0.0,1.0,11.0,1.0,7.0,31.0
682.3617836599012,0.0,1.0,11.0,1.0,7.0,31.0
682.3622795276698,0.0,1.0,11.0,1.0,7.0,31.0
682.6622795276697,0.0,1.0,11.0,1.0,7.0,31.0
682.6627753954383,0.0,1.0,11.0,1.0,7.0,31.0
682.9627753954383,0.0,1.0,11.0,1.0,7.0,31.0
682.9632712632068,0.0,1.0,11.0,1.0,7.0,31.0
683.2632712632068,0.0,1.0,11.0,1.0,7.0,31.0
683.2637671309753,0.0,1.0,11.0,1.0,7.0,31.0
683.5637671309753,0.0,1.0,11.0,1.0,7.0,31.0
683.5642629987439,0.0,1.0,11.0,1.0,7.0,31.0
683.8642629987438,0.0,1.0,11.0,1.0,7.0,31.0
683.8647588665124,0.0,1.0,11.0,1.0,7.0,31.0
684.1647588665123,0.0,1.0,11.0,1.0,7.0,31.0
684.1652547342809,0.0,1.0,11.0,1.0,7.0,31.0
684.4652547342808,0.0,1.0,11.0,1.0,7.0,31.0
684.4657506020494,0.0,1.0,9.0,1.0,8.0,31.0
684.7657506020494,0.0,1.0,9.0,1.0,8.0,31.0
684.7664913427901,0.0,1.0,9.0,1.0,8.0,31.0
685.0664913427901,0.0,1.0,9.0,1.0,8.0,31.0
685.0672320835308,0.0,1.0,9.0,1.0,8.0,31.0
685.3672320835308,0.0,1.0,9.0,1.0,8.0,31.0
685.3679728242715,0.0,1.0,9.0,1.0,8.0,31.0
685.6679728242715,0.0,1.0,9.0,1.0,8.0,31.0
685.6687135650122,0.0,1.0,9.0,1.0,8.0,31.0
685.9687135650122,0.0,1.0,9.0,1.0,8.0,31.0
685.969454305753,0.0,1.0,9.0,1.0,8.0,31.0
686.2694543057529,0.0,1.0,9.0,1.0,8.0,31.0
686.2701950464937,0.0,1.0,7.0,1.0,9.0,31.0
686.5701950464936,0.0,1.0,7.0,1.0,9.0,31.0
686.5714195362896,0.0,1.0,7.0,1.0,9.0,31.0
686.8714195362895,0.0,1.0,7.0,1.0,9.0,31.0
686.8726440260855,0.0,1.0,7.0,1.0,9.0,31.0
687.1726440260854,0.0,1.0,7.0,1.0,9.0,31.0
687.1738685158814,0.0,1.0,7.0,1.0,9.0,31.0
687.4738685158813,0.0,1.0,7.0,1.0,9.0,31.0
687.4750930056773,0.0,1.0,7.0,1.0,9.0,31.0
687.7750930056773,0.0,1.0,7.0,1.0,9.0,31.0
687.7763174954732,0.0,1.0,7.0,1.0,9.0,31.0
688.0763174954732,0.0,1.0,7.0,1.0,9.0,31.0
688.0775419852691,0.0,1.0,7.0,1.0,9.0,31.0
688.3775419852691,0.0,1.0,7.0,1.0,9.0,31.0
688.378766475065,0.0,1.0,7.0,1.0,9.0,31.0
688.678766475065,0.0,1.0,7.0,1.0,9.0,31.0
688.679990964861,0.0,1.0,7.0,1.0,9.0,31.0
688.9799909648609,0.0,1.0,7.0,1.0,9.0,31.0
688.9812154546569,0.0,1.0,7.0,1.0,9.0,31.0
689.2812154546568,0.0,1.0,7.0,1.0,9.0,31.0
689.2824399444528,0.0,1.0,7.0,1.0,9.0,31.0
689.5824399444527,0.0,1.0,7.0,1.0,9.0,31.0
689.5836644342487,0.0,1.0,7.0,1.0,9.0,31.0
689.8836644342487,0.0,1.0,7.0,1.0,9.0,31.0
689.8848889240446,0.0,1.0,7.0,1.0,9.0,31.0
690.1848889240446,0.0,1.0,7.0,1.0,9.0,31.0
690.1861134138405,0.0,1.0,7.0,1.0,9.0,31.0
690.4861134138405,0.0,1.0,7.0,1.0,9.0,31.0
690.4873379036364,0.0,1.0,7.0,1.0,9.0,31.0
690.7873379036364,0.0,1.0,7.0,1.0,9.0,31.0
690.7885623934324,0.0,1.0,7.0,1.0,9.0,31.0
691.0885623934323,0.0,1.0,7.0,1.0,9.0,31.0
691.0897868832283,0.0,1.0,7.0,1.0,9.0,31.0
691.3897868832282,0.0,1.0,7.0,1.0,9.0,31.0
691.3910113730242,0.0,1.0,7.0,1.0,9.0,31.0
691.6910113730241,0.0,1.0,7.0,1.0,9.0,31.0
691.6922358628201,0.0,1.0,7.0,1.0,9.0,31.0
691.99223586282,0.0,1.0,7.0,1.0,9.0,31.0
691.993460352616,0.0,1.0,7.0,1.0,9.0,31.0
692.293460352616,0.0,1.0,7.0,1.0,9.0,31.0
692.2946848424119,0.0,1.0,7.0,1.0,9.0,31.0
692.5946848424119,0.0,1.0,7.0,1.0,9.0,31.0
692.5959093322078,0.0,1.0,5.0,1.0,10.0,31.0
692.8959093322078,0.0,1.0,5.0,1.0,10.0,31.0
692.8983093322078,0.0,1.0,5.0,1.0,10.0,31.0
693.1983093322077,0.0,1.0,5.0,1.0,10.0,31.0
693.2007093322077,0.0,1.0,5.0,1.0,10.0,31.0
693.5007093322076,0.0,1.0,5.0,1.0,10.0,31.0
693.5031093322076,0.0,1.0,5.0,1.0,10.0,31.0
693.8031093322076,0.0,1.0,5.0,1.0,10.0,31.0
693.8055093322075,0.0,1.0,5.0,1.0,10.0,31.0
694.1055093322075,0.0,1.0,5.0,1.0,10.0,31.0
694.1079093322074,0.0,1.0,5.0,1.0,10.0,31.0
694.4079093322074,0.0,1.0,5.0,1.0,10.0,31.0
694.4103093322074,0.0,1.0,5.0,1.0,10.0,31.0
694.7103093322073,0.0,1.0,5.0,1.0,10.0,31.0
694.7127093322073,0.0,1.0,5.0,1.0,10.0,31.0
695.0127093322072,0.0,1.0,5.0,1.0,10.0,31.0
695.0151093322072,0.0,1.0,5.0,1.0,10.0,31.0
695.3151093322072,0.0,1.0,5.0,1.0,10.0,31.0
695.3175093322071,0.0,1.0,5.0,1.0,10.0,31.0
695.6175093322071,0.0,1.0,5.0,1.0,10.0,31.0
695.619909332207,0.0,1.0,5.0,1.0,10.0,31.0
695.919909332207,0.0,1.0,5.0,1.0,10.0,31.0
695.922309332207,0.0,1.0,5.0,1.0,10.0,31.0
696.2223093322069,0.0,1.0,5.0,1.0,10.0,31.0
696.2247093322069,0.0,1.0,5.0,1.0,10.0,31.0
696.5247093322068,0.0,1.0,5.0,1.0,10.0,31.0
696.5271093322068,0.0,1.0,5.0,1.0,10.0,31.0
696.8271093322068,0.0,1.0,5.0,1.0,10.0,31.0
696.8295093322067,0.0,1.0,5.0,1.0,10.0,31.0
697.1295093322067,0.0,1.0,5.0,1.0,10.0,31.0
697.1319093322066,0.0,1.0,5.0,1.0,10.0,31.0
697.4319093322066,0.0,1.0,5.0,1.0,10.0,31.0
697.4343093322066,0.0,1.0,5.0,1.0,10.0,31.0
697.7343093322065,0.0,1.0,5.0,1.0,10.0,31.0
697.7367093322065,0.0,1.0,5.0,1.0,10.0,31.0
698.0367093322064,0.0,1.0,5.0,1.0,10.0,31.0
698.0391093322064,0.0,1.0,5.0,1.0,10.0,31.0
698.3391093322064,0.0,1.0,5.0,1.0,10.0,31.0
698.3415093322063,0.0,1.0,5.0,1.0,10.0,31.0
698.6415093322063,0.0,1.0,5.0,1.0,10.0,31.0
698.6439093322062,0.0,1.0,5.0,1.0,10.0,31.0
698.9439093322062,0.0,1.0,5.0,1.0,10.0,31.0
698.9463093322062,0.0,1.0,5.0,1.0,10.0,31.0
699.2463093322061,0.0,1.0,5.0,1.0,10.0,31.0
699.2487093322061,0.0,1.0,5.0,1.0,10.0,31.0
699.548709332206,0.0,1.0,5.0,1.0,10.0,31.0
699.551109332206,0.0,1.0,5.0,1.0,10.0,31.0
699.851109332206,0.0,1.0,5.0,1.0,10.0,31.0
699.8535093322059,0.0,1.0,5.0,1.0,10.0,31.0
700.1535093322059,0.0,1.0,5.0,1.0,10.0,31.0
700.1559093322059,0.0,1.0,5.0,1.0,10.0,31.0
700.4559093322058,0.0,1.0,5.0,1.0,10.0,31.0
700.4583093322058,0.0,1.0,5.0,1.0,10.0,31.0
700.7583093322057,0.0,1.0,5.0,1.0,10.0,31.0
700.7607093322057,0.0,1.0,5.0,1.0,10.0,31.0
701.0607093322056,0.0,1.0,5.0,1.0,10.0,31.0
701.0631093322056,0.0,1.0,5.0,1.0,10.0,31.0
701.3631093322056,0.0,1.0,5.0,1.0,10.0,31.0
701.3655093322055,0.0,1.0,5.0,1.0,10.0,31.0
701.6655093322055,0.0,1.0,5.0,1.0,10.0,31.0
701.6679093322055,0.0,1.0,5.0,1.0,10.0,31.0
701.9679093322054,0.0,1.0,5.0,1.0,10.0,31.0
701.9703093322054,0.0,1.0,5.0,1.0,10.0,31.0
702.2703093322053,0.0,1.0,5.0,1.0,10.0,31.0
702.2727093322053,0.0,1.0,5.0,1.0,10.0,31.0
702.5727093322052,0.0,1.0,5.0,1.0,10.0,31.0
702.5751093322052,0.0,1.0,3.0,1.0,11.0,31.0
702.8751093322052,0.0,1.0,3.0,1.0,11.0,31.0
702.8811093322051,0.0,1.0,3.0,1.0,11.0,31.0
703.1811093322051,0.0,1.0,3.0,1.0,11.0,31.0
703.1871093322051,0.0,1.0,3.0,1.0,11.0,31.0
703.487109332205,0.0,1.0,3.0,1.0,11.0,31.0
703.493109332205,0.0,1.0,3.0,1.0,11.0,31.0
703.793109332205,0.0,1.0,3.0,1.0,11.0,31.0
703.7991093322049,0.0,1.0,3.0,1.0,11.0,31.0
704.0991093322049,0.0,1.0,3.0,1.0,11.0,31.0
704.1051093322048,0.0,1.0,3.0,1.0,11.0,31.0
704.4051093322048,0.0,1.0,3.0,1.0,11.0,31.0
704.4111093322048,0.0,1.0,3.0,1.0,11.0,31.0
704.7111093322047,0.0,1.0,3.0,1.0,11.0,31.0
704.7171093322047,0.0,1.0,3.0,1.0,11.0,31.0
705.0171093322047,0.0,1.0,3.0,1.0,11.0,31.0
705.0231093322046,0.0,1.0,3.0,1.0,11.0,31.0
705.3231093322046,0.0,1.0,3.0,1.0,11.0,31.0
705.3291093322046,0.0,1.0,3.0,1.0,11.0,31.0
705.6291093322045,0.0,1.0,3.0,1.0,11.0,31.0
705.6351093322045,0.0,1.0,3.0,1.0,11.0,31.0
705.9351093322044,0.0,1.0,3.0,1.0,11.0,31.0
705.9411093322044,0.0,1.0,3.0,1.0,11.0,31.0
706.2411093322044,0.0,1.0,3.0,1.0,11.0,31.0
706.2471093322043,0.0,1.0,3.0,1.0,11.0,31.0
706.5471093322043,0.0,1.0,3.0,1.0,11.0,31.0
706.5531093322043,0.0,1.0,3.0,1.0,11.0,31.0
706.8531093322042,0.0,1.0,3.0,1.0,11.0,31.0
706.8591093322042,0.0,1.0,3.0,1.0,11.0,31.0
707.1591093322041,0.0,1.0,3.0,1.0,11.0,31.0
707.1651093322041,0.0,1.0,3.0,1.0,11.0,31.0
707.4651093322041,0.0,1.0,3.0,1.0,11.0,31.0
707.471109332204,0.0,1.0,3.0,1.0,11.0,31.0
707.771109332204,0.0,1.0,3.0,1.0,11.0,31.0
707.777109332204,0.0,1.0,3.0,1.0,11.0,31.0
708.0771093322039,0.0,1.0,3.0,1.0,11.0,31.0
708.0831093322039,0.0,1.0,3.0,1.0,11.0,31.0
708.3831093322038,0.0,1.0,3.0,1.0,11.0,31.0
708.3891093322038,0.0,1.0,3.0,1.0,11.0,31.0
708.6891093322038,0.0,1.0,3.0,1.0,11.0,31.0
708.6951093322037,0.0,1.0,3.0,1.0,11.0,31.0
708.9951093322037,0.0,1.0,3.0,1.0,11.0,31.0
709.0011093322037,0.0,1.0,3.0,1.0,11.0,31.0
709.3011093322036,0.0,1.0,3.0,1.0,11.0,31.0
709.3071093322036,0.0,1.0,3.0,1.0,11.0,31.0
709.6071093322035,0.0,1.0,3.0,1.0,11.0,31.0
709.6131093322035,0.0,1.0,3.0,1.0,11.0,31.0
709.9131093322035,0.0,1.0,3.0,1.0,11.0,31.0
709.9191093322034,0.0,1.0,3.0,1.0,11.0,31.0
710.2191093322034,0.0,1.0,3.0,1.0,11.0,31.0
710.2251093322034,0.0,1.0,3.0,1.0,11.0,31.0
710.5251093322033,0.0,1.0,3.0,1.0,11.0,31.0
710.5311093322033,0.0,1.0,3.0,1.0,11.0,31.0
710.8311093322033,0.0,1.0,3.0,1.0,11.0,31.0
710.8371093322032,0.0,1.0,3.0,1.0,11.0,31.0
711.1371093322032,0.0,1.0,3.0,1.0,11.0,31.0
711.1431093322032,0.0,1.0,3.0,1.0,11.0,31.0
711.4431093322031,0.0,1.0,3.0,1.0,11.0,31.0
711.4491093322031,0.0,1.0,3.0,1.0,11.0,31.0
711.749109332203,0.0,1.0,3.0,1.0,11.0,31.0
711.755109332203,0.0,1.0,3.0,1.0,11.0,31.0
712.055109332203,0.0,1.0,3.0,1.0,11.0,31.0
712.0611093322029,0.0,1.0,3.0,1.0,11.0,31.0
712.3611093322029,0.0,1.0,3.0,1.0,11.0,31.0
712.3671093322029,0.0,1.0,1.0,1.0,12.0,31.0
712.6671093322028,0.0,1.0,1.0,1.0,12.0,31.0
712.6731093322028,0.0,1.0,1.0,1.0,12.0,31.0
712.9731093322027,0.0,1.0,1.0,1.0,12.0,31.0
712.9791093322027,0.0,1.0,1.0,1.0,12.0,31.0
713.2791093322027,0.0,1.0,1.0,1.0,12.0,31.0
713.2851093322026,0.0,1.0,1.0,1.0,12.0,31.0
713.5851093322026,0.0,1.0,1.0,1.0,12.0,31.0
713.5911093322026,0.0,1.0,1.0,1.0,12.0,31.0
713.8911093322025,0.0,1.0,1.0,1.0,12.0,31.0
713.8971093322025,0.0,1.0,1.0,1.0,12.0,31.0
714.1971093322024,0.0,1.0,1.0,1.0,12.0,31.0
714.2031093322024,0.0,1.0,1.0,1.0,12.0,31.0
714.5031093322024,0.0,1.0,1.0,1.0,12.0,31.0
714.5091093322023,0.0,1.0,1.0,1.0,12.0,31.0
714.8091093322023,0.0,1.0,1.0,1.0,12.0,31.0
714.8151093322023,0.0,1.0,1.0,1.0,12.0,31.0
715.1151093322022,0.0,1.0,1.0,1.0,12.0,31.0
715.1211093322022,0.0,1.0,1.0,1.0,12.0,31.0
715.4211093322021,0.0,1.0,1.0,1.0,12.0,31.0
715.4271093322021,0.0,0.0,1.0,1.0,12.0,31.0
715.7271093322021,0.0,0.0,1.0,1.0,12.0,31.0
715.733109332202,0.0,0.0,1.0,1.0,12.0,31.0
716.033109332202,0.0,0.0,1.0,1.0,12.0,31.0
716.039109332202,0.0,0.0,1.0,1.0,12.0,31.0
716.3391093322019,0.0,0.0,1.0,1.0,12.0,31.0
716.3451093322019,0.0,0.0,1.0,1.0,12.0,31.0
716.6451093322019,0.0,0.0,1.0,1.0,12.0,31.0
716.6511093322018,0.0,0.0,1.0,1.0,12.0,31.0
716.9511093322018,0.0,0.0,1.0,1.0,12.0,31.0
716.9571093322018,0.0,0.0,1.0,1.0,12.0,31.0
717.2571093322017,0.0,0.0,1.0,1.0,12.0,31.0
717.2631093322017,0.0,0.0,1.0,1.0,12.0,31.0
717.5631093322016,0.0,0.0,1.0,1.0,12.0,31.0
717.5691093322016,0.0,0.0,1.0,1.0,12.0,31.0
717.8691093322016,0.0,0.0,1.0,1.0,12.0,31.0
717.8751093322015,0.0,0.0,1.0,1.0,12.0,31.0
718.1751093322015,0.0,0.0,1.0,1.0,12.0,31.0
718.1811093322015,0.0,0.0,1.0,1.0,12.0,31.0
718.4811093322014,0.0,0.0,1.0,1.0,12.0,31.0
718.4871093322014,0.0,0.0,1.0,1.0,12.0,31.0
718.7871093322013,0.0,0.0,1.0,1.0,12.0,31.0
718.7931093322013,0.0,0.0,1.0,1.0,12.0,31.0
719.0931093322013,0.0,0.0,1.0,1.0,12.0,31.0
719.0991093322012,0.0,0.0,1.0,1.0,12.0,31.0
719.3991093322012,0.0,0.0,1.0,1.0,12.0,31.0
719.4051093322012,0.0,0.0,1.0,1.0,12.0,31.0
719.7051093322011,0.0,0.0,1.0,1.0,12.0,31.0
719.7111093322011,0.0,0.0,1.0,1.0,12.0,31.0
720.011109332201,0.0,0.0,1.0,1.0,12.0,31.0
720.017109332201,0.0,0.0,1.0,1.0,12.0,31.0
720.317109332201,0.0,0.0,1.0,1.0,12.0,31.0
720.3231093322009,0.0,0.0,1.0,1.0,12.0,31.0
720.6231093322009,0.0,0.0,1.0,1.0,12.0,31.0
720.6291093322009,0.0,0.0,1.0,1.0,12.0,31.0
720.9291093322008,0.0,0.0,1.0,1.0,12.0,31.0
720.9351093322008,0.0,0.0,1.0,1.0,12.0,31.0
721.2351093322008,0.0,0.0,1.0,1.0,12.0,31.0
721.2411093322007,0.0,0.0,1.0,1.0,12.0,31.0
721.5411093322007,0.0,0.0,1.0,1.0,12.0,31.0
721.5471093322006,0.0,0.0,1.0,1.0,12.0,31.0
721.8471093322006,0.0,0.0,1.0,1.0,12.0,31.0
721.8531093322006,0.0,0.0,1.0,1.0,12.0,31.0
722.1531093322005,0.0,0.0,1.0,1.0,12.0,31.0
722.1591093322005,0.0,0.0,1.0,1.0,12.0,31.0
722.4591093322005,0.0,0.0,1.0,1.0,12.0,31.0
722.4651093322004,0.0,0.0,1.0,1.0,12.0,31.0
722.7651093322004,0.0,0.0,1.0,1.0,12.0,31.0
722.7711093322004,0.0,0.0,1.0,1.0,12.0,31.0
723.0711093322003,0.0,0.0,1.0,1.0,12.0,31.0
723.0771093322003,0.0,0.0,1.0,1.0,12.0,31.0
723.3771093322002,0.0,0.0,1.0,1.0,12.0,31.0
723.3831093322002,0.0,0.0,1.0,1.0,12.0,31.0
723.6831093322002,0.0,0.0,1.0,1.0,12.0,31.0
723.6891093322001,0.0,0.0,1.0,1.0,12.0,31.0
723.9891093322001,0.0,0.0,1.0,1.0,12.0,31.0
723.9951093322001,0.0,0.0,1.0,1.0,12.0,31.0
724.2951093322,0.0,0.0,1.0,1.0,12.0,31.0
724.3011093322,0.0,0.0,1.0,1.0,12.0,31.0
724.6011093321999,0.0,0.0,1.0,1.0,12.0,31.0
724.6071093321999,0.0,0.0,1.0,1.0,12.0,31.0
724.9071093321999,0.0,0.0,1.0,1.0,12.0,31.0
724.9131093321998,0.0,0.0,1.0,1.0,12.0,31.0
725.2131093321998,0.0,0.0,1.0,1.0,12.0,31.0
725.2191093321998,0.0,0.0,1.0,1.0,12.0,31.0
725.5191093321997,0.0,0.0,1.0,1.0,12.0,31.0
725.5251093321997,0.0,0.0,1.0,1.0,12.0,31.0
725.8251093321996,0.0,0.0,1.0,1.0,12.0,31.0
725.8311093321996,0.0,0.0,1.0,1.0,12.0,31.0
726.1311093321996,0.0,0.0,1.0,1.0,12.0,31.0
726.1371093321995,0.0,0.0,1.0,1.0,12.0,31.0
726.4371093321995,0.0,0.0,1.0,1.0,12.0,31.0
726.4431093321995,0.0,0.0,1.0,1.0,12.0,31.0
726.7431093321994,0.0,0.0,1.0,1.0,12.0,31.0
726.7491093321994,0.0,0.0,1.0,1.0,12.0,31.0
727.0491093321994,0.0,0.0,1.0,1.0,12.0,31.0
727.0551093321993,0.0,0.0,1.0,1.0,12.0,31.0
727.3551093321993,0.0,0.0,1.0,1.0,12.0,31.0
727.3611093321992,0.0,0.0,1.0,1.0,12.0,31.0
727.6611093321992,0.0,0.0,1.0,1.0,12.0,31.0
727.6671093321992,0.0,0.0,1.0,1.0,12.0,31.0
727.9671093321991,0.0,0.0,1.0,1.0,12.0,31.0
727.9731093321991,0.0,0.0,1.0,1.0,12.0,31.0
728.273109332199,0.0,0.0,1.0,1.0,12.0,31.0
728.279109332199,0.0,0.0,1.0,1.0,12.0,31.0
728.579109332199,0.0,0.0,1.0,1.0,12.0,31.0
728.585109332199,0.0,0.0,1.0,1.0,12.0,31.0
728.8851093321989,0.0,0.0,1.0,1.0,12.0,31.0
728.8911093321989,0.0,0.0,1.0,1.0,12.0,31.0
729.1911093321988,0.0,0.0,1.0,1.0,12.0,31.0
729.1971093321988,0.0,0.0,1.0,1.0,12.0,31.0
729.4971093321988,0.0,0.0,1.0,1.0,12.0,31.0
729.5031093321987,0.0,0.0,1.0,1.0,12.0,31.0
729.8031093321987,0.0,0.0,1.0,1.0,12.0,31.0
729.8091093321987,0.0,0.0,1.0,1.0,12.0,31.0
730.1091093321986,0.0,0.0,1.0,1.0,12.0,31.0
730.1151093321986,0.0,0.0,1.0,1.0,12.0,31.0
730.4151093321985,0.0,0.0,1.0,1.0,12.0,31.0
730.4211093321985,0.0,0.0,1.0,1.0,12.0,31.0
730.7211093321985,0.0,0.0,1.0,1.0,12.0,31.0
730.7271093321984,0.0,0.0,1.0,1.0,12.0,31.0
731.0271093321984,0.0,0.0,1.0,1.0,12.0,31.0
731.0331093321984,0.0,0.0,1.0,1.0,12.0,31.0
731.3331093321983,0.0,0.0,1.0,1.0,12.0,31.0
731.3391093321983,0.0,0.0,1.0,1.0,12.0,31.0
731.6391093321982,0.0,0.0,1.0,1.0,12.0,31.0
731.6451093321982,0.0,0.0,1.0,1.0,12.0,31.0
731.9451093321982,0.0,0.0,1.0,1.0,12.0,31.0
731.9511093321981,0.0,0.0,1.0,1.0,12.0,31.0
732.2511093321981,0.0,0.0,1.0,1.0,12.0,31.0
732.2571093321981,0.0,0.0,1.0,1.0,12.0,31.0
732.557109332198,0.0,0.0,1.0,1.0,12.0,31.0
732.563109332198,0.0,0.0,1.0,1.0,12.0,31.0
732.863109332198,0.0,0.0,1.0,1.0,12.0,31.0
732.8691093321979,0.0,0.0,1.0,1.0,12.0,31.0
733.1691093321979,0.0,0.0,1.0,1.0,12.0,31.0
733.1751093321978,0.0,0.0,1.0,1.0,12.0,31.0
733.4751093321978,0.0,0.0,1.0,1.0,12.0,31.0
733.4811093321978,0.0,0.0,1.0,1.0,12.0,31.0
733.7811093321977,0.0,0.0,1.0,1.0,12.0,31.0
733.7871093321977,0.0,0.0,1.0,1.0,12.0,31.0
734.0871093321977,0.0,0.0,1.0,1.0,12.0,31.0
734.0931093321976,0.0,0.0,1.0,1.0,12.0,31.0
734.3931093321976,0.0,0.0,1.0,1.0,12.0,31.0
734.3991093321976,0.0,0.0,1.0,1.0,12.0,31.0
734.6991093321975,0.0,0.0,1.0,1.0,12.0,31.0
734.7051093321975,0.0,0.0,1.0,1.0,12.0,31.0
735.0051093321974,0.0,0.0,1.0,1.0,12.0,31.0
735.0111093321974,0.0,0.0,1.0,1.0,12.0,31.0
735.3111093321974,0.0,0.0,1.0,1.0,12.0,31.0
735.3171093321973,0.0,0.0,1.0,1.0,12.0,31.0
735.6171093321973,0.0,0.0,1.0,1.0,12.0,31.0
735.6231093321973,0.0,0.0,1.0,1.0,12.0,31.0
735.9231093321972,0.0,0.0,1.0,1.0,12.0,31.0
735.9291093321972,0.0,0.0,1.0,1.0,12.0,31.0
736.2291093321971,0.0,0.0,1.0,1.0,12.0,31.0
736.2351093321971,0.0,0.0,1.0,1.0,12.0,31.0
736.5351093321971,0.0,0.0,1.0,1.0,12.0,31.0
736.541109332197,0.0,0.0,1.0,1.0,12.0,31.0
736.841109332197,0.0,0.0,1.0,1.0,12.0,31.0
736.847109332197,0.0,0.0,1.0,1.0,12.0,31.0
737.1471093321969,0.0,0.0,1.0,1.0,12.0,31.0
737.1531093321969,0.0,0.0,1.0,1.0,12.0,31.0
737.4531093321968,0.0,0.0,1.0,1.0,12.0,31.0
737.4591093321968,0.0,0.0,1.0,1.0,12.0,31.0
737.7591093321968,0.0,0.0,1.0,1.0,12.0,31.0
737.7651093321967,0.0,0.0,1.0,1.0,12.0,31.0
738.0651093321967,0.0,0.0,1.0,1.0,12.0,31.0
738.0711093321967,0.0,0.0,1.0,1.0,12.0,31.0
738.3711093321966,0.0,0.0,1.0,1.0,12.0,31.0
738.3771093321966,0.0,0.0,1.0,1.0,12.0,31.0
738.6771093321966,0.0,0.0,1.0,1.0,12.0,31.0
738.6831093321965,0.0,0.0,1.0,1.0,12.0,31.0
738.9831093321965,0.0,0.0,1.0,1.0,12.0,31.0
738.9891093321964,0.0,0.0,1.0,1.0,12.0,31.0
739.2891093321964,0.0,0.0,1.0,1.0,12.0,31.0
739.2951093321964,0.0,0.0,1.0,1.0,12.0,31.0
739.5951093321963,0.0,0.0,1.0,1.0,12.0,31.0
739.6011093321963,0.0,0.0,1.0,1.0,12.0,31.0
739.9011093321963,0.0,0.0,1.0,1.0,12.0,31.0
739.9071093321962,0.0,0.0,1.0,1.0,12.0,31.0
740.2071093321962,0.0,0.0,1.0,1.0,12.0,31.0
740.2131093321962,0.0,0.0,1.0,1.0,12.0,31.0
740.5131093321961,0.0,0.0,1.0,1.0,12.0,31.0
740.5191093321961,0.0,0.0,1.0,1.0,12.0,31.0
740.819109332196,0.0,0.0,1.0,1.0,12.0,31.0
740.825109332196,0.0,0.0,1.0,1.0,12.0,31.0
741.125109332196,0.0,0.0,1.0,1.0,12.0,31.0
741.1311093321959,0.0,0.0,1.0,1.0,12.0,31.0
741.4311093321959,0.0,0.0,1.0,1.0,12.0,31.0
741.4371093321959,0.0,0.0,1.0,1.0,12.0,31.0
741.7371093321958,0.0,0.0,1.0,1.0,12.0,31.0
741.7431093321958,0.0,0.0,1.0,1.0,12.0,31.0
742.0431093321957,0.0,0.0,1.0,1.0,12.0,31.0
742.0491093321957,0.0,0.0,1.0,1.0,12.0,31.0
742.3491093321957,0.0,0.0,1.0,1.0,12.0,31.0
742.3551093321956,0.0,0.0,1.0,1.0,12.0,31.0
742.6551093321956,0.0,0.0,1.0,1.0,12.0,31.0
742.6611093321956,0.0,0.0,1.0,1.0,12.0,31.0
742.9611093321955,0.0,0.0,1.0,1.0,12.0,31.0
742.9671093321955,0.0,0.0,1.0,1.0,12.0,31.0
743.2671093321954,0.0,0.0,1.0,1.0,12.0,31.0
743.2731093321954,0.0,0.0,1.0,1.0,12.0,31.0
743.5731093321954,0.0,0.0,1.0,1.0,12.0,31.0
743.5791093321953,0.0,0.0,1.0,1.0,12.0,31.0
743.8791093321953,0.0,0.0,1.0,1.0,12.0,31.0
743.8851093321953,0.0,0.0,1.0,1.0,12.0,31.0
744.1851093321952,0.0,0.0,1.0,1.0,12.0,31.0
744.1911093321952,0.0,0.0,1.0,1.0,12.0,31.0
744.4911093321952,0.0,0.0,1.0,1.0,12.0,31.0
744.4971093321951,0.0,0.0,1.0,1.0,12.0,31.0
744.7971093321951,0.0,0.0,1.0,1.0,12.0,31.0
744.8011093321951,0.0,0.0,1.0,1.0,12.0,31.0
745.101109332195,0.0,0.0,1.0,1.0,12.0,31.0
745.1051093321951,0.0,0.0,1.0,1.0,12.0,31.0
745.405109332195,0.0,0.0,1.0,1.0,12.0,31.0
745.409109332195,0.0,0.0,1.0,1.0,12.0,31.0
745.709109332195,0.0,0.0,1.0,1.0,12.0,31.0
745.713109332195,0.0,0.0,1.0,1.0,12.0,31.0
746.013109332195,0.0,0.0,1.0,1.0,12.0,31.0
746.017109332195,0.0,0.0,1.0,1.0,12.0,31.0
746.317109332195,0.0,0.0,1.0,1.0,12.0,31.0
746.321109332195,0.0,0.0,1.0,1.0,12.0,31.0
746.6211093321949,0.0,0.0,1.0,1.0,12.0,31.0
746.6251093321949,0.0,0.0,1.0,1.0,12.0,31.0
746.9251093321949,0.0,0.0,1.0,1.0,12.0,31.0
746.9291093321949,0.0,0.0,1.0,1.0,12.0,31.0
747.2291093321949,0.0,0.0,1.0,1.0,12.0,31.0
747.2331093321949,0.0,0.0,1.0,1.0,12.0,31.0
747.5331093321948,0.0,0.0,1.0,1.0,12.0,31.0
747.5371093321949,0.0,0.0,1.0,1.0,12.0,31.0
747.8371093321948,0.0,0.0,1.0,1.0,12.0,31.0
747.8411093321948,0.0,0.0,1.0,1.0,12.0,31.0
748.1411093321948,0.0,0.0,1.0,1.0,12.0,31.0
748.1451093321948,0.0,0.0,1.0,1.0,12.0,31.0
748.4451093321948,0.0,0.0,1.0,1.0,12.0,31.0
748.4491093321948,0.0,0.0,1.0,1.0,12.0,31.0
748.7491093321947,0.0,0.0,1.0,1.0,12.0,31.0
748.7531093321948,0.0,0.0,1.0,1.0,12.0,31.0
749.0531093321947,0.0,0.0,1.0,1.0,12.0,31.0
749.0571093321947,0.0,0.0,1.0,1.0,12.0,31.0
749.3571093321947,0.0,0.0,1.0,1.0,12.0,31.0
749.3611093321947,0.0,0.0,1.0,1.0,12.0,31.0
749.6611093321947,0.0,0.0,1.0,1.0,12.0,31.0
749.6651093321947,0.0,0.0,1.0,1.0,12.0,31.0
749.9651093321946,0.0,0.0,1.0,1.0,12.0,31.0
749.9691093321946,0.0,0.0,1.0,1.0,12.0,31.0
750.2691093321946,0.0,0.0,1.0,1.0,12.0,31.0
750.2731093321946,0.0,0.0,1.0,1.0,12.0,31.0
750.5731093321946,0.0,0.0,1.0,1.0,12.0,31.0
750.5771093321946,0.0,0.0,1.0,1.0,12.0,31.0
750.8771093321946,0.0,0.0,1.0,1.0,12.0,31.0
750.8811093321946,0.0,0.0,1.0,1.0,12.0,31.0
751.1811093321945,0.0,0.0,1.0,1.0,12.0,31.0
751.1851093321945,0.0,0.0,1.0,1.0,12.0,31.0
751.4851093321945,0.0,0.0,1.0,1.0,12.0,31.0
751.4891093321945,0.0,0.0,1.0,1.0,12.0,31.0
751.7891093321945,0.0,0.0,1.0,1.0,12.0,31.0
751.7931093321945,0.0,0.0,1.0,1.0,12.0,31.0
752.0931093321944,0.0,0.0,1.0,1.0,12.0,31.0
752.0971093321945,0.0,0.0,1.0,1.0,12.0,31.0
752.3971093321944,0.0,0.0,1.0,1.0,12.0,31.0
752.4011093321944,0.0,0.0,1.0,1.0,12.0,31.0
752.7011093321944,0.0,0.0,1.0,1.0,12.0,31.0
752.7051093321944,0.0,0.0,1.0,1.0,12.0,31.0
753.0051093321944,0.0,0.0,1.0,1.0,12.0,31.0
753.0091093321944,0.0,0.0,1.0,1.0,12.0,31.0
753.3091093321943,0.0,0.0,1.0,1.0,12.0,31.0
753.3131093321944,0.0,0.0,1.0,1.0,12.0,31.0
753.6131093321943,0.0,0.0,1.0,1.0,12.0,31.0
753.6171093321943,0.0,0.0,1.0,1.0,12.0,31.0
753.9171093321943,0.0,0.0,1.0,1.0,12.0,31.0
753.9211093321943,0.0,0.0,1.0,1.0,12.0,31.0
754.2211093321943,0.0,0.0,1.0,1.0,12.0,31.0
754.2251093321943,0.0,0.0,1.0,1.0,12.0,31.0
754.5251093321942,0.0,0.0,1.0,1.0,12.0,31.0
754.5291093321943,0.0,0.0,1.0,1.0,12.0,31.0
754.8291093321942,0.0,0.0,1.0,1.0,12.0,31.0
754.8331093321942,0.0,0.0,1.0,1.0,12.0,31.0
755.1331093321942,0.0,0.0,1.0,1.0,12.0,31.0
755.1371093321942,0.0,0.0,1.0,1.0,12.0,31.0
755.4371093321942,0.0,0.0,1.0,1.0,12.0,31.0
755.4411093321942,0.0,0.0,1.0,1.0,12.0,31.0
755.7411093321941,0.0,0.0,1.0,1.0,12.0,31.0
755.7451093321941,0.0,0.0,1.0,1.0,12.0,31.0
756.0451093321941,0.0,0.0,1.0,1.0,12.0,31.0
756.0491093321941,0.0,0.0,1.0,1.0,12.0,31.0
756.3491093321941,0.0,0.0,1.0,1.0,12.0,31.0
756.3531093321941,0.0,0.0,1.0,1.0,12.0,31.0
756.653109332194,0.0,0.0,1.0,1.0,12.0,31.0
756.6571093321941,0.0,0.0,1.0,1.0,12.0,31.0
756.957109332194,0.0,0.0,1.0,1.0,12.0,31.0
756.961109332194,0.0,0.0,1.0,1.0,12.0,31.0
757.261109332194,0.0,0.0,1.0,1.0,12.0,31.0
757.265109332194,0.0,0.0,1.0,1.0,12.0,31.0
757.565109332194,0.0,0.0,1.0,1.0,12.0,31.0
757.569109332194,0.0,0.0,1.0,1.0,12.0,31.0
757.869109332194,0.0,0.0,1.0,1.0,12.0,31.0
757.873109332194,0.0,0.0,1.0,1.0,12.0,31.0
758.1731093321939,0.0,0.0,1.0,1.0,12.0,31.0
758.1771093321939,0.0,0.0,1.0,1.0,12.0,31.0
758.4771093321939,0.0,0.0,1.0,1.0,12.0,31.0
758.4811093321939,0.0,0.0,1.0,1.0,12.0,31.0
758.7811093321939,0.0,0.0,1.0,1.0,12.0,31.0
758.7851093321939,0.0,0.0,1.0,1.0,12.0,31.0
759.0851093321938,0.0,0.0,1.0,1.0,12.0,31.0
759.0891093321939,0.0,0.0,1.0,1.0,12.0,31.0
759.3891093321938,0.0,0.0,1.0,1.0,12.0,31.0
759.3931093321938,0.0,0.0,1.0,1.0,12.0,31.0
759.6931093321938,0.0,0.0,1.0,1.0,12.0,31.0
759.6971093321938,0.0,0.0,1.0,1.0,12.0,31.0
759.9971093321938,0.0,0.0,1.0,1.0,12.0,31.0
760.0011093321938,0.0,0.0,1.0,1.0,12.0,31.0
760.3011093321937,0.0,0.0,1.0,1.0,12.0,31.0
760.3051093321938,0.0,0.0,1.0,1.0,12.0,31.0
760.6051093321937,0.0,0.0,1.0,1.0,12.0,31.0
760.6091093321937,0.0,0.0,1.0,6.0,12.0,31.0
760.9091093321937,0.0,0.0,1.0,6.0,12.0,31.0
760.9107759988603,0.0,0.0,1.0,6.0,12.0,31.0
761.2107759988603,0.0,0.0,1.0,6.0,12.0,31.0
761.212442665527,0.0,0.0,1.0,6.0,12.0,31.0
761.5124426655269,0.0,0.0,1.0,6.0,12.0,31.0
761.5141093321936,0.0,0.0,1.0,6.0,12.0,31.0
761.8141093321935,0.0,0.0,1.0,6.0,12.0,31.0
761.8157759988602,0.0,0.0,1.0,6.0,12.0,31.0
762.1157759988602,0.0,0.0,1.0,6.0,12.0,31.0
762.1174426655268,0.0,0.0,1.0,6.0,12.0,31.0
762.4174426655268,0.0,0.0,1.0,6.0,12.0,31.0
762.4191093321934,0.0,0.0,1.0,6.0,12.0,31.0
762.7191093321934,0.0,0.0,1.0,6.0,12.0,31.0
762.7207759988601,0.0,0.0,1.0,6.0,12.0,31.0
763.02077599886,0.0,0.0,1.0,6.0,12.0,31.0
763.0224426655267,0.0,0.0,1.0,6.0,12.0,31.0
763.3224426655266,0.0,0.0,1.0,6.0,12.0,31.0
763.3241093321933,0.0,0.0,1.0,6.0,12.0,31.0
763.6241093321933,0.0,0.0,1.0,6.0,12.0,31.0
763.6257759988599,0.0,0.0,1.0,6.0,12.0,31.0
763.9257759988599,0.0,0.0,1.0,6.0,12.0,31.0
763.9274426655265,0.0,0.0,1.0,6.0,12.0,31.0
764.2274426655265,0.0,0.0,1.0,6.0,12.0,31.0
764.2291093321932,0.0,0.0,1.0,6.0,12.0,31.0
764.5291093321931,0.0,0.0,1.0,6.0,12.0,31.0
764.5307759988598,0.0,0.0,1.0,4.0,12.0,32.0
764.8307759988597,0.0,0.0,1.0,4.0,12.0,32.0
764.8345259988597,0.0,0.0,1.0,4.0,12.0,32.0
765.1345259988597,0.0,0.0,1.0,4.0,12.0,32.0
765.1382759988596,0.0,0.0,1.0,4.0,12.0,32.0
765.4382759988596,0.0,0.0,1.0,4.0,12.0,32.0
765.4420259988595,0.0,0.0,1.0,4.0,12.0,32.0
765.7420259988595,0.0,0.0,1.0,4.0,12.0,32.0
765.7457759988595,0.0,0.0,1.0,4.0,12.0,32.0
766.0457759988594,0.0,0.0,1.0,4.0,12.0,32.0
766.0495259988594,0.0,0.0,1.0,4.0,12.0,32.0
766.3495259988593,0.0,0.0,1.0,4.0,12.0,32.0
766.3532759988593,0.0,0.0,1.0,4.0,12.0,32.0
766.6532759988593,0.0,0.0,1.0,4.0,12.0,32.0
766.6570259988592,0.0,0.0,1.0,4.0,12.0,32.0
766.9570259988592,0.0,0.0,1.0,4.0,12.0,32.0
766.9607759988592,0.0,0.0,1.0,4.0,12.0,32.0
767.2607759988591,0.0,0.0,1.0,4.0,12.0,32.0
767.2645259988591,0.0,0.0,1.0,4.0,12.0,32.0
767.564525998859,0.0,0.0,1.0,4.0,12.0,32.0
767.568275998859,0.0,0.0,1.0,4.0,12.0,32.0
767.868275998859,0.0,0.0,1.0,4.0,12.0,32.0
767.8720259988589,0.0,0.0,1.0,4.0,12.0,32.0
768.1720259988589,0.0,0.0,1.0,4.0,12.0,32.0
768.1757759988589,0.0,0.0,1.0,4.0,12.0,32.0
768.4757759988588,0.0,0.0,1.0,4.0,12.0,32.0
768.4795259988588,0.0,0.0,1.0,4.0,12.0,32.0
768.7795259988587,0.0,0.0,1.0,4.0,12.0,32.0
768.7832759988587,0.0,0.0,1.0,4.0,12.0,32.0
769.0832759988587,0.0,0.0,1.0,4.0,12.0,32.0
769.0870259988586,0.0,0.0,1.0,4.0,12.0,32.0
769.3870259988586,0.0,0.0,1.0,4.0,12.0,32.0
769.3907759988585,0.0,0.0,1.0,4.0,12.0,32.0
769.6907759988585,0.0,0.0,1.0,4.0,12.0,32.0
769.6945259988585,0.0,0.0,1.0,4.0,12.0,32.0
769.9945259988584,0.0,0.0,1.0,4.0,12.0,32.0
769.9982759988584,0.0,0.0,1.0,4.0,12.0,32.0
770.2982759988583,0.0,0.0,1.0,4.0,12.0,32.0
770.3020259988583,0.0,0.0,1.0,4.0,12.0,32.0
770.6020259988583,0.0,0.0,1.0,4.0,12.0,32.0
770.6057759988582,0.0,0.0,1.0,4.0,12.0,32.0
770.9057759988582,0.0,0.0,1.0,4.0,12.0,32.0
770.9095259988582,0.0,0.0,1.0,4.0,12.0,32.0
771.2095259988581,0.0,0.0,1.0,4.0,12.0,32.0
771.2132759988581,0.0,0.0,1.0,4.0,12.0,32.0
771.513275998858,0.0,0.0,1.0,4.0,12.0,32.0
771.517025998858,0.0,0.0,1.0,4.0,12.0,32.0
771.817025998858,0.0,0.0,1.0,4.0,12.0,32.0
771.8207759988579,0.0,0.0,1.0,4.0,12.0,32.0
772.1207759988579,0.0,0.0,1.0,4.0,12.0,32.0
772.1245259988578,0.0,0.0,1.0,4.0,12.0,32.0
772.4245259988578,0.0,0.0,1.0,4.0,12.0,32.0
772.4282759988578,0.0,0.0,1.0,4.0,12.0,32.0
772.7282759988577,0.0,0.0,1.0,4.0,12.0,32.0
772.7320259988577,0.0,0.0,1.0,4.0,12.0,32.0
773.0320259988576,0.0,0.0,1.0,4.0,12.0,32.0
773.0357759988576,0.0,0.0,1.0,4.0,12.0,32.0
773.3357759988576,0.0,0.0,1.0,4.0,12.0,32.0
773.3395259988575,0.0,0.0,1.0,4.0,12.0,32.0
773.6395259988575,0.0,0.0,1.0,4.0,12.0,32.0
773.6432759988575,0.0,0.0,1.0,4.0,12.0,32.0
773.9432759988574,0.0,0.0,1.0,4.0,12.0,32.0
773.9470259988574,0.0,0.0,1.0,4.0,12.0,32.0
774.2470259988573,0.0,0.0,1.0,4.0,12.0,32.0
774.2507759988573,0.0,0.0,1.0,4.0,12.0,32.0
774.5507759988573,0.0,0.0,1.0,4.0,12.0,32.0
774.5545259988572,0.0,0.0,1.0,4.0,12.0,32.0
774.8545259988572,0.0,0.0,1.0,4.0,12.0,32.0
774.8582759988572,0.0,0.0,1.0,4.0,12.0,32.0
775.1582759988571,0.0,0.0,1.0,4.0,12.0,32.0
775.1620259988571,0.0,0.0,1.0,4.0,12.0,32.0
775.462025998857,0.0,0.0,1.0,4.0,12.0,32.0
775.465775998857,0.0,0.0,1.0,4.0,12.0,32.0
775.765775998857,0.0,0.0,1.0,4.0,12.0,32.0
775.7695259988569,0.0,0.0,1.0,4.0,12.0,32.0
776.0695259988569,0.0,0.0,1.0,4.0,12.0,32.0
776.0732759988568,0.0,0.0,1.0,4.0,12.0,32.0
776.3732759988568,0.0,0.0,1.0,4.0,12.0,32.0
776.3770259988568,0.0,0.0,1.0,4.0,12.0,32.0
776.6770259988567,0.0,0.0,1.0,4.0,12.0,32.0
776.6807759988567,0.0,0.0,1.0,4.0,12.0,32.0
776.9807759988566,0.0,0.0,1.0,4.0,12.0,32.0
776.9845259988566,0.0,0.0,1.0,4.0,12.0,32.0
777.2845259988566,0.0,0.0,1.0,4.0,12.0,32.0
777.2882759988565,0.0,0.0,1.0,4.0,12.0,32.0
777.5882759988565,0.0,0.0,1.0,4.0,12.0,32.0
777.5920259988565,0.0,0.0,1.0,4.0,12.0,32.0
777.8920259988564,0.0,0.0,1.0,4.0,12.0,32.0
777.8957759988564,0.0,0.0,1.0,4.0,12.0,32.0
778.1957759988563,0.0,0.0,1.0,4.0,12.0,32.0
778.1995259988563,0.0,0.0,1.0,4.0,12.0,32.0
778.4995259988563,0.0,0.0,1.0,4.0,12.0,32.0
778.5032759988562,0.0,0.0,1.0,4.0,12.0,32.0
778.8032759988562,0.0,0.0,1.0,4.0,12.0,32.0
778.8070259988561,0.0,0.0,1.0,4.0,12.0,32.0
779.1070259988561,0.0,0.0,1.0,4.0,12.0,32.0
779.1107759988561,0.0,0.0,1.0,2.0,12.0,33.0
779.410775998856,0.0,0.0,1.0,2.0,12.0,33.0
779.414775998856,0.0,0.0,1.0,2.0,12.0,33.0
779.714775998856,0.0,0.0,1.0,2.0,12.0,33.0
779.718775998856,0.0,0.0,1.0,2.0,12.0,33.0
780.018775998856,0.0,0.0,1.0,2.0,12.0,33.0
780.022775998856,0.0,0.0,1.0,2.0,12.0,33.0
780.322775998856,0.0,0.0,1.0,2.0,12.0,33.0
780.326775998856,0.0,0.0,1.0,2.0,12.0,33.0
780.6267759988559,0.0,0.0,1.0,2.0,12.0,33.0
780.6307759988559,0.0,0.0,1.0,2.0,12.0,33.0
780.9307759988559,0.0,0.0,1.0,2.0,12.0,33.0
780.9347759988559,0.0,0.0,1.0,2.0,12.0,33.0
781.2347759988559,0.0,0.0,1.0,2.0,12.0,33.0
781.2387759988559,0.0,0.0,1.0,2.0,12.0,33.0
781.5387759988558,0.0,0.0,1.0,2.0,12.0,33.0
781.5427759988559,0.0,0.0,1.0,2.0,12.0,33.0
781.8427759988558,0.0,0.0,1.0,2.0,12.0,33.0
781.8467759988558,0.0,0.0,1.0,2.0,12.0,33.0
782.1467759988558,0.0,0.0,1.0,2.0,12.0,33.0
782.1507759988558,0.0,0.0,1.0,2.0,12.0,33.0
782.4507759988558,0.0,0.0,1.0,2.0,12.0,33.0
782.4547759988558,0.0,0.0,1.0,2.0,12.0,33.0
782.7547759988557,0.0,0.0,1.0,2.0,12.0,33.0
782.7587759988558,0.0,0.0,1.0,2.0,12.0,33.0
783.0587759988557,0.0,0.0,1.0,2.0,12.0,33.0
783.0627759988557,0.0,0.0,1.0,2.0,12.0,33.0
783.3627759988557,0.0,0.0,1.0,2.0,12.0,33.0
783.3667759988557,0.0,0.0,1.0,2.0,12.0,33.0
783.6667759988557,0.0,0.0,1.0,2.0,12.0,33.0
783.6707759988557,0.0,0.0,1.0,2.0,12.0,33.0
783.9707759988556,0.0,0.0,1.0,2.0,12.0,33.0
783.9747759988556,0.0,0.0,1.0,2.0,12.0,33.0
784.2747759988556,0.0,0.0,1.0,2.0,12.0,33.0
784.2787759988556,0.0,0.0,1.0,2.0,12.0,33.0
784.5787759988556,0.0,0.0,1.0,2.0,12.0,33.0
784.5827759988556,0.0,0.0,1.0,2.0,12.0,33.0
784.8827759988555,0.0,0.0,1.0,2.0,12.0,33.0
784.8867759988556,0.0,0.0,1.0,2.0,12.0,33.0
785.1867759988555,0.0,0.0,1.0,2.0,12.0,33.0
785.1907759988555,0.0,0.0,1.0,2.0,12.0,33.0
785.4907759988555,0.0,0.0,1.0,2.0,12.0,33.0
785.4947759988555,0.0,0.0,1.0,2.0,12.0,33.0
785.7947759988555,0.0,0.0,1.0,2.0,12.0,33.0
785.7987759988555,0.0,0.0,1.0,2.0,12.0,33.0
786.0987759988554,0.0,0.0,1.0,2.0,12.0,33.0
786.1027759988555,0.0,0.0,1.0,2.0,12.0,33.0
786.4027759988554,0.0,0.0,1.0,2.0,12.0,33.0
786.4067759988554,0.0,0.0,1.0,2.0,12.0,33.0
786.7067759988554,0.0,0.0,1.0,2.0,12.0,33.0
786.7107759988554,0.0,0.0,1.0,2.0,12.0,33.0
787.0107759988554,0.0,0.0,1.0,2.0,12.0,33.0
787.0147759988554,0.0,0.0,1.0,2.0,12.0,33.0
787.3147759988553,0.0,0.0,1.0,2.0,12.0,33.0
787.3187759988554,0.0,0.0,1.0,2.0,12.0,33.0
787.6187759988553,0.0,0.0,1.0,2.0,12.0,33.0
787.6227759988553,0.0,0.0,1.0,2.0,12.0,33.0
787.9227759988553,0.0,0.0,1.0,2.0,12.0,33.0
787.9267759988553,0.0,0.0,1.0,2.0,12.0,33.0
788.2267759988553,0.0,0.0,1.0,2.0,12.0,33.0
788.2307759988553,0.0,0.0,1.0,2.0,12.0,33.0
788.5307759988552,0.0,0.0,1.0,2.0,12.0,33.0
788.5347759988553,0.0,0.0,1.0,2.0,12.0,33.0
788.8347759988552,0.0,0.0,1.0,2.0,12.0,33.0
788.8371759988552,0.0,0.0,1.0,2.0,12.0,33.0
789.1371759988551,0.0,0.0,1.0,2.0,12.0,33.0
789.1395759988551,0.0,0.0,1.0,2.0,12.0,33.0
789.439575998855,0.0,0.0,1.0,2.0,12.0,33.0
789.441975998855,0.0,0.0,1.0,2.0,12.0,33.0
789.741975998855,0.0,0.0,1.0,2.0,12.0,33.0
789.7443759988549,0.0,0.0,1.0,2.0,12.0,33.0
790.0443759988549,0.0,0.0,1.0,2.0,12.0,33.0
790.0467759988549,0.0,0.0,1.0,2.0,12.0,33.0
790.3467759988548,0.0,0.0,1.0,2.0,12.0,33.0
790.3491759988548,0.0,0.0,1.0,2.0,12.0,33.0
790.6491759988547,0.0,0.0,1.0,2.0,12.0,33.0
790.6515759988547,0.0,0.0,1.0,2.0,12.0,33.0
790.9515759988547,0.0,0.0,1.0,2.0,12.0,33.0
790.9539759988546,0.0,0.0,1.0,2.0,12.0,33.0
791.2539759988546,0.0,0.0,1.0,2.0,12.0,33.0
791.2563759988545,0.0,0.0,1.0,2.0,12.0,33.0
791.5563759988545,0.0,0.0,1.0,2.0,12.0,33.0
791.5587759988545,0.0,0.0,1.0,2.0,12.0,33.0
791.8587759988544,0.0,0.0,1.0,2.0,12.0,33.0
791.8611759988544,0.0,0.0,1.0,2.0,12.0,33.0
792.1611759988543,0.0,0.0,1.0,2.0,12.0,33.0
792.1635759988543,0.0,0.0,1.0,2.0,12.0,33.0
792.4635759988543,0.0,0.0,1.0,2.0,12.0,33.0
792.4659759988542,0.0,0.0,1.0,2.0,12.0,33.0
792.7659759988542,0.0,0.0,1.0,2.0,12.0,33.0
792.7683759988541,0.0,0.0,1.0,2.0,12.0,33.0
793.0683759988541,0.0,0.0,1.0,2.0,12.0,33.0
793.0707759988541,0.0,0.0,1.0,2.0,12.0,33.0
793.370775998854,0.0,0.0,1.0,2.0,12.0,33.0
793.373175998854,0.0,0.0,1.0,2.0,12.0,33.0
793.6731759988539,0.0,0.0,1.0,2.0,12.0,33.0
793.6755759988539,0.0,0.0,1.0,2.0,12.0,33.0
793.9755759988539,0.0,0.0,1.0,2.0,12.0,33.0
793.9779759988538,0.0,0.0,1.0,2.0,12.0,33.0
794.2779759988538,0.0,0.0,1.0,2.0,12.0,33.0
794.2803759988537,0.0,0.0,1.0,2.0,12.0,33.0
794.5803759988537,0.0,0.0,1.0,2.0,12.0,33.0
794.5827759988537,0.0,0.0,1.0,2.0,12.0,33.0
794.8827759988536,0.0,0.0,1.0,2.0,12.0,33.0
794.8851759988536,0.0,0.0,1.0,2.0,12.0,33.0
795.1851759988535,0.0,0.0,1.0,2.0,12.0,33.0
795.1875759988535,0.0,0.0,1.0,2.0,12.0,33.0
795.4875759988535,0.0,0.0,1.0,2.0,12.0,33.0
795.4899759988534,0.0,0.0,1.0,2.0,12.0,33.0
795.7899759988534,0.0,0.0,1.0,2.0,12.0,33.0
795.7923759988533,0.0,0.0,1.0,2.0,12.0,33.0
796.0923759988533,0.0,0.0,1.0,2.0,12.0,33.0
796.0947759988533,0.0,0.0,1.0,7.0,12.0,33.0
796.3947759988532,0.0,0.0,1.0,7.0,12.0,33.0
796.3960004886492,0.0,0.0,1.0,7.0,12.0,33.0
796.6960004886491,0.0,0.0,1.0,7.0,12.0,33.0
796.6972249784451,0.0,0.0,1.0,7.0,12.0,33.0
796.997224978445,0.0,0.0,1.0,7.0,12.0,33.0
796.998449468241,0.0,0.0,1.0,7.0,12.0,33.0
797.298449468241,0.0,0.0,1.0,7.0,12.0,33.0
797.2996739580369,0.0,0.0,1.0,7.0,12.0,33.0
797.5996739580369,0.0,0.0,1.0,7.0,12.0,33.0
797.6008984478328,0.0,0.0,1.0,7.0,12.0,33.0
797.9008984478328,0.0,0.0,1.0,7.0,12.0,33.0
797.9021229376287,0.0,0.0,1.0,7.0,12.0,33.0
798.2021229376287,0.0,0.0,1.0,7.0,12.0,33.0
798.2033474274247,0.0,0.0,1.0,7.0,12.0,33.0
798.5033474274246,0.0,0.0,1.0,7.0,12.0,33.0
798.5045719172206,0.0,0.0,1.0,7.0,12.0,33.0
798.8045719172205,0.0,0.0,1.0,7.0,12.0,33.0
798.8057964070165,0.0,0.0,1.0,7.0,12.0,33.0
799.1057964070164,0.0,0.0,1.0,7.0,12.0,33.0
799.1070208968124,0.0,0.0,1.0,7.0,12.0,33.0
799.4070208968124,0.0,0.0,1.0,7.0,12.0,33.0
799.4082453866083,0.0,0.0,1.0,5.0,12.0,34.0
799.7082453866083,0.0,0.0,1.0,5.0,12.0,34.0
799.7106453866082,0.0,0.0,1.0,5.0,12.0,34.0
800.0106453866082,0.0,0.0,1.0,5.0,12.0,34.0
800.0130453866082,0.0,0.0,1.0,5.0,12.0,34.0
800.3130453866081,0.0,0.0,1.0,5.0,12.0,34.0
800.3154453866081,0.0,0.0,1.0,5.0,12.0,34.0
800.615445386608,0.0,0.0,1.0,5.0,12.0,34.0
800.617845386608,0.0,0.0,1.0,5.0,12.0,34.0
800.917845386608,0.0,0.0,1.0,5.0,12.0,34.0
800.9202453866079,0.0,0.0,1.0,5.0,12.0,34.0
801.2202453866079,0.0,0.0,1.0,5.0,12.0,34.0
801.2226453866078,0.0,0.0,1.0,5.0,12.0,34.0
801.5226453866078,0.0,0.0,1.0,5.0,12.0,34.0
801.5250453866078,0.0,0.0,1.0,5.0,12.0,34.0
801.8250453866077,0.0,0.0,1.0,5.0,12.0,34.0
801.8274453866077,0.0,0.0,1.0,5.0,12.0,34.0
802.1274453866076,0.0,0.0,1.0,5.0,12.0,34.0
802.1298453866076,0.0,0.0,1.0,5.0,12.0,34.0
802.4298453866076,0.0,0.0,1.0,5.0,12.0,34.0
802.4322453866075,0.0,0.0,1.0,5.0,12.0,34.0
802.7322453866075,0.0,0.0,1.0,5.0,12.0,34.0
802.7346453866074,0.0,0.0,1.0,5.0,12.0,34.0
803.0346453866074,0.0,0.0,1.0,5.0,12.0,34.0
803.0370453866074,0.0,0.0,1.0,5.0,12.0,34.0
803.3370453866073,0.0,0.0,1.0,5.0,12.0,34.0
803.3394453866073,0.0,0.0,1.0,5.0,12.0,34.0
803.6394453866072,0.0,0.0,1.0,5.0,12.0,34.0
803.6418453866072,0.0,0.0,1.0,5.0,12.0,34.0
803.9418453866072,0.0,0.0,1.0,5.0,12.0,34.0
803.9442453866071,0.0,0.0,1.0,5.0,12.0,34.0
804.2442453866071,0.0,0.0,1.0,5.0,12.0,34.0
804.246645386607,0.0,0.0,1.0,5.0,12.0,34.0
804.546645386607,0.0,0.0,1.0,5.0,12.0,34.0
804.549045386607,0.0,0.0,1.0,5.0,12.0,34.0
804.8490453866069,0.0,0.0,1.0,5.0,12.0,34.0
804.8514453866069,0.0,0.0,1.0,5.0,12.0,34.0
805.1514453866068,0.0,0.0,1.0,5.0,12.0,34.0
805.1538453866068,0.0,0.0,1.0,5.0,12.0,34.0
805.4538453866068,0.0,0.0,1.0,5.0,12.0,34.0
805.4562453866067,0.0,0.0,1.0,5.0,12.0,34.0
805.7562453866067,0.0,0.0,1.0,5.0,12.0,34.0
805.7586453866066,0.0,0.0,1.0,5.0,12.0,34.0
806.0586453866066,0.0,0.0,1.0,5.0,12.0,34.0
806.0610453866066,0.0,0.0,1.0,5.0,12.0,34.0
806.3610453866065,0.0,0.0,1.0,5.0,12.0,34.0
806.3634453866065,0.0,0.0,1.0,5.0,12.0,34.0
806.6634453866064,0.0,0.0,1.0,5.0,12.0,34.0
806.6658453866064,0.0,0.0,1.0,5.0,12.0,34.0
806.9658453866064,0.0,0.0,1.0,5.0,12.0,34.0
806.9682453866063,0.0,0.0,1.0,5.0,12.0,34.0
807.2682453866063,0.0,0.0,1.0,5.0,12.0,34.0
807.2706453866062,0.0,0.0,1.0,5.0,12.0,34.0
807.5706453866062,0.0,0.0,1.0,5.0,12.0,34.0
807.5730453866062,0.0,0.0,1.0,5.0,12.0,34.0
807.8730453866061,0.0,0.0,1.0,5.0,12.0,34.0
807.8754453866061,0.0,0.0,1.0,3.0,12.0,35.0
808.175445386606,0.0,0.0,1.0,3.0,12.0,35.0
808.1794453866061,0.0,0.0,1.0,3.0,12.0,35.0
808.479445386606,0.0,0.0,1.0,3.0,12.0,35.0
808.480045386606,0.0,0.0,1.0,3.0,12.0,35.0
808.7800453866059,0.0,0.0,1.0,3.0,12.0,35.0
808.7806453866059,0.0,0.0,1.0,3.0,12.0,35.0
809.0806453866059,0.0,0.0,1.0,3.0,12.0,35.0
809.0812453866058,0.0,0.0,1.0,3.0,12.0,35.0
809.3812453866058,0.0,0.0,1.0,3.0,12.0,35.0
809.3818453866057,0.0,0.0,1.0,3.0,12.0,35.0
809.6818453866057,0.0,0.0,1.0,3.0,12.0,35.0
809.6824453866057,0.0,0.0,1.0,3.0,12.0,35.0
809.9824453866056,0.0,0.0,1.0,3.0,12.0,35.0
809.9830453866056,0.0,0.0,1.0,3.0,12.0,35.0
810.2830453866055,0.0,0.0,1.0,3.0,12.0,35.0
810.2836453866055,0.0,0.0,1.0,3.0,12.0,35.0
810.5836453866054,0.0,0.0,1.0,3.0,12.0,35.0
810.5842453866054,0.0,0.0,1.0,3.0,12.0,35.0
810.8842453866054,0.0,0.0,1.0,3.0,12.0,35.0
810.8848453866053,0.0,0.0,1.0,3.0,12.0,35.0
811.1848453866053,0.0,0.0,1.0,3.0,12.0,35.0
811.1854453866052,0.0,0.0,1.0,3.0,12.0,35.0
811.4854453866052,0.0,0.0,1.0,3.0,12.0,35.0
811.4860453866052,0.0,0.0,1.0,3.0,12.0,35.0
811.7860453866051,0.0,0.0,1.0,3.0,12.0,35.0
811.7866453866051,0.0,0.0,1.0,3.0,12.0,35.0
812.086645386605,0.0,0.0,1.0,3.0,12.0,35.0
812.087245386605,0.0,0.0,1.0,3.0,12.0,35.0
812.387245386605,0.0,0.0,1.0,3.0,12.0,35.0
812.3878453866049,0.0,0.0,1.0,3.0,12.0,35.0
812.6878453866049,0.0,0.0,1.0,3.0,12.0,35.0
812.6884453866048,0.0,1.0,1.0,3.0,12.0,35.0
812.9884453866048,0.0,1.0,1.0,3.0,12.0,35.0
812.9890453866047,0.0,1.0,1.0,3.0,12.0,35.0
813.2890453866047,0.0,1.0,1.0,3.0,12.0,35.0
813.2896453866047,0.0,1.0,1.0,3.0,12.0,35.0
813.5896453866046,0.0,1.0,1.0,3.0,12.0,35.0
813.5902453866046,0.0,1.0,1.0,3.0,12.0,35.0
813.8902453866045,0.0,1.0,1.0,3.0,12.0,35.0
813.8908453866045,0.0,1.0,1.0,3.0,12.0,35.0
814.1908453866045,0.0,1.0,1.0,3.0,12.0,35.0
814.1914453866044,0.0,1.0,1.0,3.0,12.0,35.0
814.4914453866044,0.0,1.0,1.0,3.0,12.0,35.0
814.4920453866043,0.0,1.0,1.0,3.0,12.0,35.0
814.7920453866043,0.0,1.0,1.0,3.0,12.0,35.0
814.7926453866042,0.0,1.0,1.0,3.0,12.0,35.0
815.0926453866042,0.0,1.0,1.0,3.0,12.0,35.0
815.0932453866042,0.0,1.0,1.0,3.0,12.0,35.0
815.3932453866041,0.0,1.0,1.0,3.0,12.0,35.0
815.3938453866041,0.0,1.0,1.0,3.0,12.0,35.0
815.693845386604,0.0,1.0,1.0,3.0,12.0,35.0
815.694445386604,0.0,1.0,1.0,3.0,12.0,35.0
815.994445386604,0.0,1.0,1.0,3.0,12.0,35.0
815.9950453866039,0.0,1.0,1.0,3.0,12.0,35.0
816.2950453866039,0.0,1.0,1.0,3.0,12.0,35.0
816.2956453866038,0.0,1.0,1.0,3.0,12.0,35.0
816.5956453866038,0.0,1.0,1.0,3.0,12.0,35.0
816.5962453866038,0.0,1.0,1.0,3.0,12.0,35.0
816.8962453866037,0.0,1.0,1.0,3.0,12.0,35.0
816.8968453866037,0.0,1.0,1.0,3.0,12.0,35.0
817.1968453866036,0.0,1.0,1.0,3.0,12.0,35.0
817.1974453866036,0.0,1.0,1.0,3.0,12.0,35.0
817.4974453866035,0.0,1.0,1.0,3.0,12.0,35.0
817.4980453866035,0.0,1.0,1.0,3.0,12.0,35.0
817.7980453866035,0.0,1.0,1.0,3.0,12.0,35.0
817.7986453866034,0.0,1.0,1.0,3.0,12.0,35.0
818.0986453866034,0.0,1.0,1.0,3.0,12.0,35.0
818.0992453866033,0.0,1.0,1.0,3.0,12.0,35.0
818.3992453866033,0.0,1.0,1.0,3.0,12.0,35.0
818.3998453866033,0.0,1.0,1.0,3.0,12.0,35.0
818.6998453866032,0.0,1.0,1.0,3.0,12.0,35.0
818.7004453866032,0.0,1.0,1.0,3.0,12.0,35.0
819.0004453866031,0.0,1.0,1.0,3.0,12.0,35.0
819.0010453866031,0.0,1.0,1.0,3.0,12.0,35.0
819.301045386603,0.0,1.0,1.0,3.0,12.0,35.0
819.301645386603,0.0,1.0,1.0,3.0,12.0,35.0
819.601645386603,0.0,1.0,1.0,3.0,12.0,35.0
819.6022453866029,0.0,1.0,1.0,3.0,12.0,35.0
819.9022453866029,0.0,1.0,1.0,3.0,12.0,35.0
819.9028453866028,0.0,1.0,1.0,3.0,12.0,35.0
820.2028453866028,0.0,1.0,1.0,3.0,12.0,35.0
820.2034453866028,0.0,1.0,1.0,3.0,12.0,35.0
820.5034453866027,0.0,1.0,1.0,3.0,12.0,35.0
820.5040453866027,0.0,1.0,1.0,3.0,12.0,35.0
820.8040453866026,0.0,1.0,1.0,3.0,12.0,35.0
820.8046453866026,0.0,1.0,1.0,3.0,12.0,35.0
821.1046453866026,0.0,1.0,1.0,3.0,12.0,35.0
821.1052453866025,0.0,1.0,1.0,3.0,12.0,35.0
821.4052453866025,0.0,1.0,1.0,3.0,12.0,35.0
821.4058453866024,0.0,1.0,1.0,3.0,12.0,35.0
821.7058453866024,0.0,1.0,1.0,3.0,12.0,35.0
821.7064453866024,0.0,1.0,1.0,3.0,12.0,35.0
822.0064453866023,0.0,1.0,1.0,3.0,12.0,35.0
822.0070453866023,0.0,1.0,1.0,3.0,12.0,35.0
822.3070453866022,0.0,1.0,1.0,3.0,12.0,35.0
822.3076453866022,0.0,1.0,1.0,3.0,12.0,35.0
822.6076453866021,0.0,1.0,1.0,3.0,12.0,35.0
822.6082453866021,0.0,1.0,1.0,3.0,12.0,35.0
822.9082453866021,0.0,1.0,1.0,3.0,12.0,35.0
822.908845386602,0.0,1.0,1.0,3.0,12.0,35.0
823.208845386602,0.0,1.0,1.0,3.0,12.0,35.0
823.2094453866019,0.0,1.0,1.0,3.0,12.0,35.0
823.5094453866019,0.0,1.0,1.0,3.0,12.0,35.0
823.5100453866019,0.0,1.0,1.0,3.0,12.0,35.0
823.8100453866018,0.0,1.0,1.0,3.0,12.0,35.0
823.8106453866018,0.0,1.0,1.0,3.0,12.0,35.0
824.1106453866017,0.0,1.0,1.0,3.0,12.0,35.0
824.1112453866017,0.0,1.0,1.0,3.0,12.0,35.0
824.4112453866016,0.0,1.0,1.0,3.0,12.0,35.0
824.4118453866016,0.0,1.0,1.0,3.0,12.0,35.0
824.7118453866016,0.0,1.0,1.0,3.0,12.0,35.0
824.7124453866015,0.0,1.0,1.0,3.0,12.0,35.0
825.0124453866015,0.0,1.0,1.0,3.0,12.0,35.0
825.0130453866014,0.0,1.0,1.0,3.0,12.0,35.0
825.3130453866014,0.0,1.0,1.0,3.0,12.0,35.0
825.3136453866014,0.0,1.0,1.0,3.0,12.0,35.0
825.6136453866013,0.0,1.0,1.0,3.0,12.0,35.0
825.6142453866013,1.0,1.0,1.0,3.0,12.0,35.0
825.9142453866012,1.0,1.0,1.0,3.0,12.0,35.0
825.9148514472073,1.0,1.0,1.0,3.0,12.0,35.0
826.2148514472073,1.0,1.0,1.0,3.0,12.0,35.0
826.2154575078133,1.0,1.0,1.0,3.0,12.0,35.0
826.5154575078133,1.0,1.0,1.0,3.0,12.0,35.0
826.5160635684193,1.0,1.0,1.0,3.0,12.0,35.0
826.8160635684193,1.0,1.0,1.0,3.0,12.0,35.0
826.8166696290253,1.0,1.0,1.0,3.0,12.0,35.0
827.1166696290253,1.0,1.0,1.0,3.0,12.0,35.0
827.1172756896314,1.0,1.0,1.0,3.0,12.0,35.0
827.4172756896313,1.0,1.0,1.0,3.0,12.0,35.0
827.4178817502374,1.0,1.0,1.0,3.0,12.0,35.0
827.7178817502373,1.0,1.0,1.0,3.0,12.0,35.0
827.7184878108434,1.0,1.0,1.0,3.0,12.0,35.0
828.0184878108433,1.0,1.0,1.0,3.0,12.0,35.0
828.0190938714494,1.0,1.0,1.0,3.0,12.0,35.0
828.3190938714494,1.0,1.0,1.0,3.0,12.0,35.0
828.3196999320554,1.0,1.0,1.0,3.0,12.0,35.0
828.6196999320554,1.0,1.0,1.0,3.0,12.0,35.0
828.6203059926614,1.0,1.0,1.0,3.0,12.0,35.0
828.9203059926614,1.0,1.0,1.0,3.0,12.0,35.0
828.9209120532674,1.0,1.0,1.0,3.0,12.0,35.0
829.2209120532674,1.0,1.0,1.0,3.0,12.0,35.0
829.2215181138735,1.0,1.0,1.0,3.0,12.0,35.0
829.5215181138734,1.0,1.0,1.0,3.0,12.0,35.0
829.5221241744795,1.0,1.0,1.0,3.0,12.0,35.0
829.8221241744794,1.0,1.0,1.0,3.0,12.0,35.0
829.8227302350855,1.0,1.0,1.0,3.0,12.0,35.0
830.1227302350854,1.0,1.0,1.0,3.0,12.0,35.0
830.1233362956915,1.0,1.0,1.0,3.0,12.0,35.0
830.4233362956915,1.0,1.0,1.0,3.0,12.0,35.0
830.4239423562975,1.0,1.0,1.0,3.0,12.0,35.0
830.7239423562975,1.0,1.0,1.0,3.0,12.0,35.0
830.7245484169035,1.0,1.0,1.0,3.0,12.0,35.0
831.0245484169035,1.0,1.0,1.0,3.0,12.0,35.0
831.0251544775095,1.0,1.0,1.0,3.0,12.0,35.0
831.3251544775095,1.0,1.0,1.0,3.0,12.0,35.0
831.3257605381156,1.0,1.0,1.0,3.0,12.0,35.0
831.6257605381155,1.0,1.0,1.0,3.0,12.0,35.0
831.6263665987216,1.0,1.0,1.0,3.0,12.0,35.0
831.9263665987215,1.0,1.0,1.0,3.0,12.0,35.0
831.9269726593276,1.0,1.0,1.0,3.0,12.0,35.0
832.2269726593275,1.0,1.0,1.0,3.0,12.0,35.0
832.2275787199336,1.0,1.0,1.0,3.0,12.0,35.0
832.5275787199336,1.0,1.0,1.0,3.0,12.0,35.0
832.5281847805396,1.0,1.0,1.0,3.0,12.0,35.0
832.8281847805396,1.0,1.0,1.0,3.0,12.0,35.0
832.8287908411456,1.0,1.0,1.0,3.0,12.0,35.0
833.1287908411456,1.0,1.0,1.0,3.0,12.0,35.0
833.1293969017516,1.0,1.0,1.0,3.0,12.0,35.0
833.4293969017516,1.0,1.0,1.0,3.0,12.0,35.0
833.4300029623577,1.0,1.0,1.0,3.0,12.0,35.0
833.7300029623576,1.0,1.0,1.0,3.0,12.0,35.0
833.7306090229637,1.0,1.0,1.0,3.0,12.0,35.0
834.0306090229636,1.0,1.0,1.0,3.0,12.0,35.0
834.0312150835697,1.0,1.0,1.0,3.0,12.0,35.0
834.3312150835696,1.0,1.0,1.0,3.0,12.0,35.0
834.3318211441757,1.0,1.0,1.0,3.0,12.0,35.0
834.6318211441757,1.0,1.0,1.0,3.0,12.0,35.0
834.6324272047817,1.0,1.0,1.0,3.0,12.0,35.0
834.9324272047817,1.0,1.0,1.0,3.0,12.0,35.0
834.9330332653877,2.0,1.0,1.0,3.0,12.0,35.0
835.2330332653877,2.0,1.0,1.0,3.0,12.0,35.0
835.2336455102857,2.0,1.0,1.0,3.0,12.0,35.0
835.5336455102856,2.0,1.0,1.0,3.0,12.0,35.0
835.5342577551836,2.0,1.0,1.0,3.0,12.0,35.0
835.8342577551836,2.0,1.0,1.0,3.0,12.0,35.0
835.8348700000815,2.0,1.0,1.0,3.0,12.0,35.0
836.1348700000815,2.0,1.0,1.0,3.0,12.0,35.0
836.1354822449795,2.0,1.0,1.0,3.0,12.0,35.0
836.4354822449794,2.0,1.0,1.0,3.0,12.0,35.0
836.4360944898774,2.0,1.0,1.0,3.0,12.0,35.0
836.7360944898774,2.0,1.0,1.0,3.0,12.0,35.0
836.7367067347753,2.0,1.0,1.0,3.0,12.0,35.0
837.0367067347753,2.0,1.0,1.0,3.0,12.0,35.0
837.0373189796733,2.0,1.0,1.0,3.0,12.0,35.0
837.3373189796732,2.0,1.0,1.0,3.0,12.0,35.0
837.3379312245712,2.0,1.0,1.0,3.0,12.0,35.0
837.6379312245712,2.0,1.0,1.0,3.0,12.0,35.0
837.6385434694691,2.0,1.0,1.0,3.0,12.0,35.0
837.9385434694691,2.0,1.0,1.0,3.0,12.0,35.0
837.9391557143671,2.0,1.0,1.0,3.0,12.0,35.0
838.239155714367,2.0,1.0,1.0,3.0,12.0,35.0
838.239767959265,2.0,1.0,1.0,3.0,12.0,35.0
838.539767959265,2.0,1.0,1.0,3.0,12.0,35.0
838.540380204163,2.0,1.0,1.0,3.0,12.0,35.0
838.8403802041629,2.0,1.0,1.0,3.0,12.0,35.0
838.8409924490609,2.0,1.0,1.0,3.0,12.0,35.0
839.1409924490608,2.0,1.0,1.0,3.0,12.0,35.0
839.1416046939588,2.0,1.0,1.0,3.0,12.0,35.0
839.4416046939588,2.0,1.0,1.0,3.0,12.0,35.0
839.4422169388567,2.0,1.0,1.0,3.0,12.0,35.0
839.7422169388567,2.0,1.0,1.0,3.0,12.0,35.0
839.7428291837547,2.0,1.0,1.0,3.0,12.0,35.0
840.0428291837546,2.0,1.0,1.0,3.0,12.0,35.0
840.0434414286526,2.0,1.0,1.0,3.0,12.0,35.0
840.3434414286526,2.0,1.0,1.0,3.0,12.0,35.0
840.3440536735505,2.0,1.0,1.0,3.0,12.0,35.0
840.6440536735505,2.0,1.0,1.0,3.0,12.0,35.0
840.6446659184485,2.0,1.0,1.0,3.0,12.0,35.0
840.9446659184484,2.0,1.0,1.0,3.0,12.0,35.0
840.9452781633464,2.0,1.0,1.0,3.0,12.0,35.0
841.2452781633464,2.0,1.0,1.0,3.0,12.0,35.0
841.2458904082443,2.0,1.0,1.0,3.0,12.0,35.0
841.5458904082443,2.0,1.0,1.0,3.0,12.0,35.0
841.5465026531423,2.0,1.0,1.0,3.0,12.0,35.0
841.8465026531422,2.0,1.0,1.0,3.0,12.0,35.0
841.8471148980402,2.0,1.0,1.0,3.0,12.0,35.0
842.1471148980402,2.0,1.0,1.0,3.0,12.0,35.0
842.1477271429382,2.0,1.0,1.0,3.0,12.0,35.0
842.4477271429381,2.0,1.0,1.0,3.0,12.0,35.0
842.4483393878361,2.0,1.0,1.0,3.0,12.0,35.0
842.748339387836,2.0,1.0,1.0,3.0,12.0,35.0
842.748951632734,2.0,1.0,1.0,3.0,12.0,35.0
843.048951632734,2.0,1.0,1.0,3.0,12.0,35.0
843.049563877632,2.0,1.0,1.0,3.0,12.0,35.0
843.3495638776319,2.0,1.0,1.0,3.0,12.0,35.0
843.3501761225299,2.0,1.0,1.0,3.0,12.0,35.0
843.6501761225298,2.0,1.0,1.0,3.0,12.0,35.0
843.6507883674278,2.0,1.0,1.0,3.0,12.0,35.0
843.9507883674278,2.0,1.0,1.0,3.0,12.0,35.0
843.9514006123258,2.0,1.0,1.0,3.0,12.0,35.0
844.2514006123257,2.0,1.0,1.0,3.0,12.0,35.0
844.2520128572237,2.0,1.0,1.0,3.0,12.0,35.0
844.5520128572236,2.0,1.0,1.0,3.0,12.0,35.0
844.5526251021216,2.0,1.0,1.0,3.0,12.0,35.0
844.8526251021216,2.0,1.0,1.0,3.0,12.0,35.0
844.8532373470196,2.0,1.0,1.0,3.0,12.0,35.0
845.1532373470195,2.0,1.0,1.0,3.0,12.0,35.0
845.1538495919175,2.0,1.0,1.0,3.0,12.0,35.0
845.4538495919174,2.0,1.0,1.0,3.0,12.0,35.0
845.4544618368154,2.0,1.0,1.0,3.0,12.0,35.0
845.7544618368154,2.0,1.0,1.0,3.0,12.0,35.0
845.7550740817134,2.0,1.0,1.0,3.0,12.0,35.0
846.0550740817133,2.0,1.0,1.0,3.0,12.0,35.0
846.0556863266113,2.0,1.0,1.0,3.0,12.0,35.0
846.3556863266112,2.0,1.0,1.0,3.0,12.0,35.0
846.3562985715092,2.0,1.0,1.0,3.0,12.0,35.0
846.6562985715092,2.0,1.0,1.0,3.0,12.0,35.0
846.6569108164072,2.0,1.0,1.0,3.0,12.0,35.0
846.9569108164071,2.0,1.0,1.0,3.0,12.0,35.0
846.9575230613051,2.0,1.0,1.0,3.0,12.0,35.0
847.257523061305,2.0,1.0,1.0,3.0,12.0,35.0
847.258135306203,2.0,1.0,1.0,3.0,12.0,35.0
847.558135306203,2.0,1.0,1.0,3.0,12.0,35.0
847.558747551101,2.0,1.0,1.0,3.0,12.0,35.0
847.8587475511009,2.0,1.0,1.0,3.0,12.0,35.0
847.8593597959989,2.0,1.0,1.0,3.0,12.0,35.0
848.1593597959989,2.0,1.0,1.0,3.0,12.0,35.0
848.1599720408968,2.0,1.0,1.0,3.0,12.0,35.0
848.4599720408968,2.0,1.0,1.0,3.0,12.0,35.0
848.4605842857948,2.0,1.0,1.0,3.0,12.0,35.0
848.7605842857947,2.0,1.0,1.0,3.0,12.0,35.0
848.7611965306927,2.0,1.0,1.0,3.0,12.0,35.0
849.0611965306927,2.0,1.0,1.0,3.0,12.0,35.0
849.0618087755906,2.0,1.0,1.0,3.0,12.0,35.0
849.3618087755906,2.0,1.0,1.0,3.0,12.0,35.0
849.3624210204886,2.0,1.0,1.0,3.0,12.0,35.0
849.6624210204885,2.0,1.0,1.0,3.0,12.0,35.0
849.6630332653865,3.0,1.0,1.0,3.0,12.0,35.0
849.9630332653865,3.0,1.0,1.0,3.0,12.0,35.0
849.9636518220875,3.0,1.0,1.0,3.0,12.0,35.0
850.2636518220875,3.0,1.0,1.0,3.0,12.0,35.0
850.2642703787885,3.0,1.0,1.0,3.0,12.0,35.0
850.5642703787885,3.0,1.0,1.0,3.0,12.0,35.0
850.5648889354895,3.0,1.0,1.0,3.0,12.0,35.0
850.8648889354895,3.0,1.0,1.0,3.0,12.0,35.0
850.8655074921905,3.0,1.0,1.0,3.0,12.0,35.0
851.1655074921905,3.0,1.0,1.0,3.0,12.0,35.0
851.1661260488916,3.0,1.0,1.0,3.0,12.0,35.0
851.4661260488915,3.0,1.0,1.0,3.0,12.0,35.0
851.4667446055926,3.0,1.0,1.0,3.0,12.0,35.0
851.7667446055925,3.0,1.0,1.0,3.0,12.0,35.0
851.7673631622936,3.0,1.0,1.0,3.0,12.0,35.0
852.0673631622935,3.0,1.0,1.0,3.0,12.0,35.0
852.0679817189946,3.0,1.0,1.0,3.0,12.0,35.0
852.3679817189945,3.0,1.0,1.0,3.0,12.0,35.0
852.3686002756956,3.0,1.0,1.0,3.0,12.0,35.0
852.6686002756956,3.0,1.0,1.0,3.0,12.0,35.0
852.6692188323966,4.0,1.0,1.0,3.0,12.0,35.0
852.9692188323966,4.0,1.0,1.0,3.0,12.0,35.0
852.9698438323966,4.0,1.0,1.0,3.0,12.0,35.0
853.2698438323965,4.0,1.0,1.0,3.0,12.0,35.0
853.2704688323965,4.0,1.0,1.0,3.0,12.0,35.0
853.5704688323965,4.0,1.0,1.0,3.0,12.0,35.0
853.5710938323965,4.0,1.0,1.0,3.0,12.0,35.0
853.8710938323965,4.0,1.0,1.0,3.0,12.0,35.0
853.8717188323965,4.0,1.0,1.0,3.0,12.0,35.0
854.1717188323964,4.0,1.0,1.0,3.0,12.0,35.0
854.1723438323965,4.0,1.0,1.0,3.0,12.0,35.0
854.4723438323964,4.0,1.0,1.0,3.0,12.0,35.0
854.4729688323964,4.0,1.0,1.0,3.0,12.0,35.0
854.7729688323964,4.0,1.0,1.0,3.0,12.0,35.0
854.7735938323964,4.0,1.0,1.0,3.0,12.0,35.0
855.0735938323963,4.0,1.0,1.0,3.0,12.0,35.0
855.0742188323964,4.0,1.0,1.0,3.0,12.0,35.0
855.3742188323963,4.0,1.0,1.0,3.0,12.0,35.0
855.3748438323963,4.0,1.0,1.0,3.0,12.0,35.0
855.6748438323963,4.0,1.0,1.0,3.0,12.0,35.0
855.6754688323963,4.0,1.0,1.0,3.0,12.0,35.0
855.9754688323962,4.0,1.0,1.0,3.0,12.0,35.0
855.9760938323963,4.0,1.0,1.0,3.0,12.0,35.0
856.2760938323962,4.0,1.0,1.0,3.0,12.0,35.0
856.2767188323962,4.0,1.0,1.0,3.0,12.0,35.0
856.5767188323962,4.0,1.0,1.0,3.0,12.0,35.0
856.5773438323962,4.0,1.0,1.0,3.0,12.0,35.0
856.8773438323961,4.0,1.0,1.0,3.0,12.0,35.0
856.8779688323962,4.0,1.0,1.0,3.0,12.0,35.0
857.1779688323961,4.0,1.0,1.0,3.0,12.0,35.0
857.1785938323961,4.0,1.0,1.0,3.0,12.0,35.0
857.4785938323961,4.0,1.0,1.0,3.0,12.0,35.0
857.4792188323961,4.0,1.0,1.0,3.0,12.0,35.0
857.779218832396,4.0,1.0,1.0,3.0,12.0,35.0
857.7798438323961,4.0,1.0,1.0,3.0,12.0,35.0
858.079843832396,4.0,1.0,1.0,3.0,12.0,35.0
858.080468832396,4.0,1.0,1.0,3.0,12.0,35.0
858.380468832396,4.0,1.0,1.0,3.0,12.0,35.0
858.381093832396,4.0,1.0,1.0,3.0,12.0,35.0
858.681093832396,4.0,1.0,1.0,3.0,12.0,35.0
858.681718832396,4.0,1.0,1.0,3.0,12.0,35.0
858.9817188323959,4.0,1.0,1.0,3.0,12.0,35.0
858.9823438323959,4.0,1.0,1.0,3.0,12.0,35.0
859.2823438323959,4.0,1.0,1.0,3.0,12.0,35.0
859.2829688323959,4.0,1.0,1.0,3.0,12.0,35.0
859.5829688323959,4.0,1.0,1.0,3.0,12.0,35.0
859.5835938323959,4.0,1.0,1.0,3.0,12.0,35.0
859.8835938323958,4.0,1.0,1.0,3.0,12.0,35.0
859.8842188323958,4.0,1.0,1.0,3.0,12.0,35.0
860.1842188323958,4.0,1.0,1.0,3.0,12.0,35.0
860.1848438323958,4.0,1.0,1.0,3.0,12.0,35.0
860.4848438323958,4.0,1.0,1.0,3.0,12.0,35.0
860.4854688323958,4.0,1.0,1.0,3.0,12.0,35.0
860.7854688323957,4.0,1.0,1.0,3.0,12.0,35.0
860.7860938323957,4.0,1.0,1.0,3.0,12.0,35.0
861.0860938323957,4.0,1.0,1.0,3.0,12.0,35.0
861.0867188323957,5.0,1.0,1.0,3.0,12.0,35.0
861.3867188323957,5.0,1.0,1.0,3.0,12.0,35.0
861.387350411343,5.0,1.0,1.0,3.0,12.0,35.0
861.687350411343,5.0,1.0,1.0,3.0,12.0,35.0
861.6879819902904,5.0,1.0,1.0,3.0,12.0,35.0
861.9879819902903,5.0,1.0,1.0,3.0,12.0,35.0
861.9886135692377,5.0,1.0,1.0,3.0,12.0,35.0
862.2886135692377,5.0,1.0,1.0,3.0,12.0,35.0
862.289245148185,5.0,1.0,1.0,3.0,12.0,35.0
862.589245148185,5.0,1.0,1.0,3.0,12.0,35.0
862.5898767271324,5.0,1.0,1.0,3.0,12.0,35.0
862.8898767271323,5.0,1.0,1.0,3.0,12.0,35.0
862.8905083060797,5.0,1.0,1.0,3.0,12.0,35.0
863.1905083060797,5.0,1.0,1.0,3.0,12.0,35.0
863.191139885027,5.0,1.0,1.0,3.0,12.0,35.0
863.491139885027,5.0,1.0,1.0,3.0,12.0,35.0
863.4917714639744,5.0,1.0,1.0,3.0,12.0,35.0
863.7917714639743,5.0,1.0,1.0,3.0,12.0,35.0
863.7924030429217,5.0,1.0,1.0,3.0,12.0,35.0
864.0924030429217,5.0,1.0,1.0,3.0,12.0,35.0
864.093034621869,5.0,1.0,1.0,3.0,12.0,35.0
864.393034621869,5.0,1.0,1.0,3.0,12.0,35.0
864.3936662008164,5.0,1.0,1.0,3.0,12.0,35.0
864.6936662008163,5.0,1.0,1.0,3.0,12.0,35.0
864.6942977797637,5.0,1.0,1.0,3.0,12.0,35.0
864.9942977797637,5.0,1.0,1.0,3.0,12.0,35.0
864.994929358711,5.0,1.0,1.0,3.0,12.0,35.0
865.294929358711,5.0,1.0,1.0,3.0,12.0,35.0
865.2955609376584,5.0,1.0,1.0,3.0,12.0,35.0
865.5955609376583,5.0,1.0,1.0,3.0,12.0,35.0
865.5961925166057,5.0,1.0,1.0,3.0,12.0,35.0
865.8961925166057,5.0,1.0,1.0,3.0,12.0,35.0
865.896824095553,5.0,1.0,1.0,3.0,12.0,35.0
866.196824095553,5.0,1.0,1.0,3.0,12.0,35.0
866.1974556745004,5.0,1.0,1.0,3.0,12.0,35.0
866.4974556745003,5.0,1.0,1.0,3.0,12.0,35.0
866.4980872534477,6.0,1.0,1.0,3.0,12.0,35.0
866.7980872534476,6.0,1.0,1.0,3.0,12.0,35.0
866.79872555132,6.0,1.0,1.0,3.0,12.0,35.0
867.09872555132,6.0,1.0,1.0,3.0,12.0,35.0
867.0993638491923,6.0,1.0,1.0,3.0,12.0,35.0
867.3993638491922,6.0,1.0,1.0,3.0,12.0,35.0
867.4000021470646,6.0,1.0,1.0,3.0,12.0,35.0
867.7000021470645,6.0,1.0,1.0,3.0,12.0,35.0
867.7006404449369,6.0,1.0,1.0,3.0,12.0,35.0
868.0006404449368,6.0,1.0,1.0,3.0,12.0,35.0
868.0012787428092,6.0,1.0,1.0,3.0,12.0,35.0
868.3012787428091,6.0,1.0,1.0,3.0,12.0,35.0
868.3019170406815,6.0,1.0,1.0,3.0,12.0,35.0
868.6019170406814,6.0,1.0,1.0,3.0,12.0,35.0
868.6025553385538,7.0,1.0,1.0,3.0,12.0,35.0
868.9025553385537,7.0,1.0,1.0,3.0,12.0,35.0
868.903200499844,7.0,1.0,1.0,3.0,12.0,35.0
869.203200499844,7.0,1.0,1.0,3.0,12.0,35.0
869.2038456611343,7.0,1.0,1.0,3.0,12.0,35.0
869.5038456611343,7.0,1.0,1.0,3.0,12.0,35.0
869.5044908224246,7.0,1.0,1.0,3.0,12.0,35.0
869.8044908224246,7.0,1.0,1.0,3.0,12.0,35.0
869.8051359837149,7.0,1.0,1.0,3.0,12.0,35.0
870.1051359837148,7.0,1.0,1.0,3.0,12.0,35.0
870.1057811450052,7.0,1.0,1.0,3.0,12.0,35.0
870.4057811450051,7.0,1.0,1.0,3.0,12.0,35.0
870.4064263062954,7.0,1.0,1.0,3.0,12.0,35.0
870.7064263062954,7.0,1.0,1.0,3.0,12.0,35.0
870.7070714675857,7.0,1.0,1.0,3.0,12.0,35.0
871.0070714675857,7.0,1.0,1.0,3.0,12.0,35.0
871.007716628876,7.0,1.0,1.0,3.0,12.0,35.0
871.3077166288759,7.0,1.0,1.0,3.0,12.0,35.0
871.3083617901663,7.0,1.0,1.0,3.0,12.0,35.0
871.6083617901662,7.0,1.0,1.0,3.0,12.0,35.0
871.6090069514565,7.0,1.0,1.0,3.0,12.0,35.0
871.9090069514565,7.0,1.0,1.0,3.0,12.0,35.0
871.9096521127468,7.0,1.0,1.0,3.0,12.0,35.0
872.2096521127468,7.0,1.0,1.0,3.0,12.0,35.0
872.2102972740371,7.0,1.0,1.0,3.0,12.0,35.0
872.510297274037,7.0,1.0,1.0,3.0,12.0,35.0
872.5109424353274,7.0,1.0,1.0,3.0,12.0,35.0
872.8109424353273,7.0,1.0,1.0,3.0,12.0,35.0
872.8115875966176,8.0,1.0,1.0,3.0,12.0,35.0
873.1115875966176,8.0,1.0,1.0,3.0,12.0,35.0
873.1122397705307,8.0,1.0,1.0,3.0,12.0,35.0
873.4122397705306,8.0,1.0,1.0,3.0,12.0,35.0
873.4128919444437,8.0,1.0,1.0,3.0,12.0,35.0
873.7128919444436,8.0,1.0,1.0,3.0,12.0,35.0
873.7135441183567,8.0,1.0,1.0,3.0,12.0,35.0
874.0135441183567,8.0,1.0,1.0,3.0,12.0,35.0
874.0141962922697,8.0,1.0,1.0,3.0,12.0,35.0
874.3141962922697,8.0,1.0,1.0,3.0,12.0,35.0
874.3148484661828,8.0,1.0,1.0,3.0,12.0,35.0
874.6148484661827,8.0,1.0,1.0,3.0,12.0,35.0
874.6155006400958,8.0,1.0,1.0,3.0,12.0,35.0
874.9155006400957,8.0,1.0,1.0,3.0,12.0,35.0
874.9161528140088,8.0,1.0,1.0,3.0,12.0,35.0
875.2161528140088,8.0,1.0,1.0,3.0,12.0,35.0
875.2168049879218,8.0,1.0,1.0,3.0,12.0,35.0
875.5168049879218,8.0,1.0,1.0,3.0,12.0,35.0
875.5174571618348,8.0,1.0,1.0,3.0,12.0,35.0
875.8174571618348,8.0,1.0,1.0,3.0,12.0,35.0
875.8181093357479,8.0,1.0,1.0,3.0,12.0,35.0
876.1181093357478,8.0,1.0,1.0,3.0,12.0,35.0
876.1187615096609,8.0,1.0,1.0,3.0,12.0,35.0
876.4187615096608,8.0,1.0,1.0,3.0,12.0,35.0
876.4194136835739,8.0,1.0,1.0,3.0,12.0,35.0
876.7194136835739,8.0,1.0,1.0,3.0,12.0,35.0
876.7200658574869,8.0,1.0,1.0,3.0,12.0,35.0
877.0200658574869,8.0,1.0,1.0,3.0,12.0,35.0
877.0207180314,8.0,1.0,1.0,3.0,12.0,35.0
877.3207180313999,8.0,1.0,1.0,3.0,12.0,35.0
877.321370205313,8.0,1.0,1.0,3.0,12.0,35.0
877.6213702053129,8.0,1.0,1.0,3.0,12.0,35.0
877.622022379226,8.0,1.0,1.0,3.0,12.0,35.0
877.922022379226,8.0,1.0,1.0,3.0,12.0,35.0
877.922674553139,8.0,1.0,1.0,3.0,12.0,35.0
878.222674553139,8.0,1.0,1.0,3.0,12.0,35.0
878.223326727052,8.0,1.0,1.0,3.0,12.0,35.0
878.523326727052,8.0,1.0,1.0,3.0,12.0,35.0
878.5239789009651,8.0,1.0,1.0,3.0,12.0,35.0
878.823978900965,8.0,1.0,1.0,3.0,12.0,35.0
878.8246310748781,8.0,1.0,1.0,3.0,12.0,35.0
879.124631074878,8.0,1.0,1.0,3.0,12.0,35.0
879.1252832487911,8.0,1.0,1.0,3.0,12.0,35.0
879.4252832487911,8.0,1.0,1.0,3.0,12.0,35.0
879.4259354227041,8.0,1.0,1.0,3.0,12.0,35.0
879.7259354227041,8.0,1.0,1.0,3.0,12.0,35.0
879.7265875966172,8.0,1.0,1.0,3.0,12.0,35.0
880.0265875966171,8.0,1.0,1.0,3.0,12.0,35.0
880.0272397705302,8.0,1.0,1.0,3.0,12.0,35.0
880.3272397705301,8.0,1.0,1.0,3.0,12.0,35.0
880.3278919444432,8.0,1.0,1.0,3.0,12.0,35.0
880.6278919444431,8.0,1.0,1.0,3.0,12.0,35.0
880.6285441183562,8.0,1.0,1.0,3.0,12.0,35.0
880.9285441183562,8.0,1.0,1.0,3.0,12.0,35.0
880.9291962922692,8.0,1.0,1.0,3.0,12.0,35.0
881.2291962922692,8.0,1.0,1.0,3.0,12.0,35.0
881.2298484661823,9.0,1.0,1.0,3.0,12.0,35.0
881.5298484661822,9.0,1.0,1.0,3.0,12.0,35.0
881.5305078068416,9.0,1.0,1.0,3.0,12.0,35.0
881.8305078068415,9.0,1.0,1.0,3.0,12.0,35.0
881.8311671475009,9.0,1.0,1.0,3.0,12.0,35.0
882.1311671475008,9.0,1.0,1.0,3.0,12.0,35.0
882.1318264881602,9.0,1.0,1.0,3.0,12.0,35.0
882.4318264881601,9.0,1.0,1.0,3.0,12.0,35.0
882.4324858288195,9.0,1.0,1.0,3.0,12.0,35.0
882.7324858288194,9.0,1.0,1.0,3.0,12.0,35.0
882.7331451694788,9.0,1.0,1.0,3.0,12.0,35.0
883.0331451694788,9.0,1.0,1.0,3.0,12.0,35.0
883.0338045101381,9.0,1.0,1.0,3.0,12.0,35.0
883.3338045101381,9.0,1.0,1.0,3.0,12.0,35.0
883.3344638507974,10.0,1.0,1.0,3.0,12.0,35.0
883.6344638507974,10.0,1.0,1.0,3.0,12.0,35.0
883.6351305174641,10.0,1.0,1.0,3.0,12.0,35.0
883.935130517464,10.0,1.0,1.0,3.0,12.0,35.0
883.9357971841307,10.0,1.0,1.0,3.0,12.0,35.0
884.2357971841307,10.0,1.0,1.0,3.0,12.0,35.0
884.2364638507973,10.0,1.0,1.0,3.0,12.0,35.0
884.5364638507973,10.0,1.0,1.0,3.0,12.0,35.0
884.537130517464,10.0,1.0,1.0,3.0,12.0,35.0
884.837130517464,10.0,1.0,1.0,3.0,12.0,35.0
884.8377971841306,10.0,1.0,1.0,3.0,12.0,35.0
885.1377971841306,10.0,1.0,1.0,3.0,12.0,35.0
885.1384638507973,10.0,1.0,1.0,3.0,12.0,35.0
885.4384638507972,10.0,1.0,1.0,3.0,12.0,35.0
885.4391305174639,10.0,1.0,1.0,3.0,12.0,35.0
885.7391305174639,10.0,1.0,1.0,3.0,12.0,35.0
885.7397971841306,10.0,1.0,1.0,3.0,12.0,35.0
886.0397971841305,10.0,1.0,1.0,3.0,12.0,35.0
886.0404638507972,10.0,1.0,1.0,3.0,12.0,35.0
886.3404638507972,10.0,1.0,1.0,3.0,12.0,35.0
886.3411305174639,10.0,1.0,1.0,3.0,12.0,35.0
886.6411305174638,10.0,1.0,1.0,3.0,12.0,35.0
886.6417971841305,10.0,1.0,1.0,3.0,12.0,35.0
886.9417971841305,10.0,1.0,1.0,3.0,12.0,35.0
886.9424638507971,10.0,1.0,1.0,3.0,12.0,35.0
887.2424638507971,10.0,1.0,1.0,3.0,12.0,35.0
887.2431305174638,10.0,1.0,1.0,3.0,12.0,35.0
887.5431305174637,10.0,1.0,1.0,3.0,12.0,35.0
887.5437971841304,10.0,1.0,1.0,3.0,12.0,35.0
887.8437971841304,10.0,1.0,1.0,3.0,12.0,35.0
887.8444638507971,10.0,1.0,1.0,3.0,12.0,35.0
888.144463850797,10.0,1.0,1.0,3.0,12.0,35.0
888.1451305174637,10.0,1.0,1.0,3.0,12.0,35.0
888.4451305174637,10.0,1.0,1.0,3.0,12.0,35.0
888.4457971841304,10.0,1.0,1.0,3.0,12.0,35.0
888.7457971841303,10.0,1.0,1.0,3.0,12.0,35.0
888.746463850797,10.0,1.0,1.0,3.0,12.0,35.0
889.046463850797,10.0,1.0,1.0,3.0,12.0,35.0
889.0471305174636,10.0,1.0,1.0,3.0,12.0,35.0
889.3471305174636,10.0,1.0,1.0,3.0,12.0,35.0
889.3477971841303,10.0,1.0,1.0,3.0,12.0,35.0
889.6477971841302,10.0,1.0,1.0,3.0,12.0,35.0
889.6484638507969,10.0,1.0,1.0,3.0,12.0,35.0
889.9484638507969,10.0,1.0,1.0,3.0,12.0,35.0
889.9491305174636,10.0,1.0,1.0,3.0,12.0,35.0
890.2491305174635,10.0,1.0,1.0,3.0,12.0,35.0
890.2497971841302,10.0,1.0,1.0,3.0,12.0,35.0
890.5497971841302,10.0,1.0,1.0,3.0,12.0,35.0
890.5504638507969,10.0,1.0,1.0,3.0,12.0,35.0
890.8504638507968,10.0,1.0,1.0,3.0,12.0,35.0
890.8511305174635,11.0,1.0,1.0,3.0,12.0,35.0
891.1511305174635,11.0,1.0,1.0,3.0,12.0,35.0
891.1518046747668,11.0,1.0,1.0,3.0,12.0,35.0
891.4518046747668,11.0,1.0,1.0,3.0,12.0,35.0
891.4524788320701,11.0,1.0,1.0,3.0,12.0,35.0
891.7524788320701,11.0,1.0,1.0,3.0,12.0,35.0
891.7531529893735,11.0,1.0,1.0,3.0,12.0,35.0
892.0531529893734,11.0,1.0,1.0,3.0,12.0,35.0
892.0538271466768,11.0,1.0,1.0,3.0,12.0,35.0
892.3538271466767,11.0,1.0,1.0,3.0,12.0,35.0
892.3545013039801,11.0,1.0,1.0,3.0,12.0,35.0
892.65450130398,11.0,1.0,1.0,3.0,12.0,35.0
892.6551754612834,11.0,1.0,1.0,3.0,12.0,35.0
892.9551754612834,11.0,1.0,1.0,3.0,12.0,35.0
892.9558496185867,11.0,1.0,1.0,3.0,12.0,35.0
893.2558496185867,11.0,1.0,1.0,3.0,12.0,35.0
893.2565237758901,11.0,1.0,1.0,3.0,12.0,35.0
893.55652377589,11.0,1.0,1.0,3.0,12.0,35.0
893.5571979331934,11.0,1.0,1.0,3.0,12.0,35.0
893.8571979331933,11.0,1.0,1.0,3.0,12.0,35.0
893.8578720904967,11.0,1.0,1.0,3.0,12.0,35.0
894.1578720904967,11.0,1.0,1.0,3.0,12.0,35.0
894.1585462478,11.0,1.0,1.0,3.0,12.0,35.0
894.4585462478,11.0,1.0,1.0,3.0,12.0,35.0
894.4592204051033,11.0,1.0,1.0,3.0,12.0,35.0
894.7592204051033,11.0,1.0,1.0,3.0,12.0,35.0
894.7598945624067,11.0,1.0,1.0,3.0,12.0,35.0
895.0598945624066,11.0,1.0,1.0,3.0,12.0,35.0
895.06056871971,11.0,1.0,1.0,3.0,12.0,35.0
895.3605687197099,11.0,1.0,1.0,3.0,12.0,35.0
895.3612428770133,11.0,1.0,1.0,3.0,12.0,35.0
895.6612428770133,11.0,1.0,1.0,3.0,12.0,35.0
895.6619170343166,11.0,1.0,1.0,3.0,12.0,35.0
895.9619170343166,11.0,1.0,1.0,3.0,12.0,35.0
895.9625911916199,11.0,1.0,1.0,3.0,12.0,35.0
896.2625911916199,11.0,1.0,1.0,3.0,12.0,35.0
896.2632653489233,11.0,1.0,1.0,3.0,12.0,35.0
896.5632653489232,11.0,1.0,1.0,3.0,12.0,35.0
896.5639395062266,11.0,1.0,1.0,3.0,12.0,35.0
896.8639395062265,11.0,1.0,1.0,3.0,12.0,35.0
896.8646136635299,11.0,1.0,1.0,3.0,12.0,35.0
897.1646136635298,11.0,1.0,1.0,3.0,12.0,35.0
897.1652878208332,11.0,1.0,1.0,3.0,12.0,35.0
897.4652878208332,11.0,1.0,1.0,3.0,12.0,35.0
897.4659619781365,11.0,1.0,1.0,3.0,12.0,35.0
897.7659619781365,11.0,1.0,1.0,3.0,12.0,35.0
897.7666361354399,11.0,1.0,1.0,3.0,11.0,35.0
898.0666361354398,11.0,1.0,1.0,3.0,11.0,35.0
898.0673102927432,11.0,1.0,1.0,3.0,11.0,35.0
898.3673102927431,11.0,1.0,1.0,3.0,11.0,35.0
898.3679844500465,11.0,1.0,1.0,3.0,11.0,35.0
898.6679844500464,11.0,1.0,1.0,3.0,11.0,35.0
898.6686586073498,11.0,1.0,1.0,3.0,11.0,35.0
898.9686586073498,11.0,1.0,1.0,3.0,11.0,35.0
898.9693327646531,11.0,1.0,1.0,3.0,11.0,35.0
899.2693327646531,11.0,1.0,1.0,3.0,11.0,35.0
899.2700069219565,11.0,1.0,1.0,3.0,11.0,35.0
899.5700069219564,11.0,1.0,1.0,3.0,11.0,35.0
899.5706810792598,11.0,1.0,1.0,3.0,11.0,35.0
899.8706810792597,11.0,1.0,1.0,3.0,11.0,35.0
899.8713552365631,11.0,1.0,1.0,3.0,11.0,35.0
900.171355236563,11.0,1.0,1.0,3.0,11.0,35.0
900.1720293938664,11.0,1.0,1.0,3.0,11.0,35.0
900.4720293938664,11.0,1.0,1.0,3.0,11.0,35.0
900.4727035511697,11.0,1.0,1.0,3.0,11.0,35.0
900.7727035511697,11.0,1.0,1.0,3.0,11.0,35.0
900.773377708473,11.0,1.0,1.0,3.0,11.0,35.0
901.073377708473,11.0,1.0,1.0,3.0,11.0,35.0
901.0740518657764,11.0,1.0,1.0,3.0,11.0,35.0
901.3740518657763,11.0,1.0,1.0,3.0,11.0,35.0
901.3747260230797,11.0,1.0,1.0,3.0,11.0,35.0
901.6747260230796,11.0,1.0,1.0,3.0,11.0,35.0
901.675400180383,11.0,1.0,1.0,3.0,11.0,35.0
901.975400180383,11.0,1.0,1.0,3.0,11.0,35.0
901.9760743376863,11.0,1.0,1.0,3.0,11.0,35.0
902.2760743376863,11.0,1.0,1.0,3.0,11.0,35.0
902.2767484949896,11.0,1.0,1.0,1.0,11.0,36.0
902.5767484949896,11.0,1.0,1.0,1.0,11.0,36.0
902.577422652293,11.0,1.0,1.0,1.0,11.0,36.0
902.8774226522929,11.0,1.0,1.0,1.0,11.0,36.0
902.8780968095963,11.0,1.0,1.0,1.0,11.0,36.0
903.1780968095962,11.0,1.0,1.0,1.0,11.0,36.0
903.1787709668996,11.0,1.0,1.0,1.0,11.0,36.0
903.4787709668996,11.0,1.0,1.0,1.0,11.0,36.0
903.4794451242029,11.0,1.0,1.0,1.0,11.0,36.0
903.7794451242029,11.0,1.0,1.0,1.0,11.0,36.0
903.7801192815062,11.0,1.0,1.0,1.0,11.0,36.0
904.0801192815062,11.0,1.0,1.0,1.0,11.0,36.0
904.0807934388096,11.0,1.0,1.0,1.0,11.0,36.0
904.3807934388095,11.0,1.0,1.0,1.0,11.0,36.0
904.3814675961129,11.0,1.0,1.0,1.0,11.0,36.0
904.6814675961128,11.0,1.0,1.0,1.0,11.0,36.0
904.6821417534162,11.0,1.0,1.0,1.0,11.0,36.0
904.9821417534162,11.0,1.0,1.0,1.0,11.0,36.0
904.9828159107195,11.0,1.0,1.0,1.0,11.0,36.0
905.2828159107195,11.0,1.0,1.0,1.0,11.0,36.0
905.2834900680228,11.0,1.0,1.0,1.0,11.0,36.0
905.5834900680228,11.0,1.0,1.0,1.0,11.0,36.0
905.5841642253262,11.0,1.0,1.0,1.0,11.0,36.0
905.8841642253261,11.0,1.0,1.0,1.0,11.0,36.0
905.8848383826295,11.0,1.0,1.0,1.0,11.0,36.0
906.1848383826294,11.0,1.0,1.0,1.0,11.0,36.0
906.1855125399328,11.0,1.0,1.0,1.0,11.0,36.0
906.4855125399328,11.0,1.0,1.0,1.0,11.0,36.0
906.4861866972361,11.0,1.0,1.0,1.0,11.0,36.0
906.7861866972361,11.0,1.0,1.0,1.0,11.0,36.0
906.7868608545394,11.0,1.0,1.0,1.0,11.0,36.0
907.0868608545394,11.0,1.0,1.0,1.0,11.0,36.0
907.0875350118428,11.0,1.0,1.0,1.0,11.0,36.0
907.3875350118427,11.0,1.0,1.0,1.0,11.0,36.0
907.3882091691461,11.0,1.0,1.0,1.0,11.0,36.0
907.688209169146,11.0,1.0,1.0,1.0,11.0,36.0
907.6888833264494,11.0,1.0,1.0,1.0,11.0,36.0
907.9888833264494,11.0,1.0,1.0,1.0,11.0,36.0
907.9895574837527,11.0,1.0,1.0,1.0,11.0,36.0
908.2895574837527,11.0,1.0,1.0,1.0,11.0,36.0
908.290231641056,11.0,1.0,1.0,1.0,11.0,36.0
908.590231641056,11.0,1.0,1.0,1.0,11.0,36.0
908.5909057983594,11.0,1.0,1.0,1.0,11.0,36.0
908.8909057983593,11.0,1.0,1.0,1.0,11.0,36.0
908.8915799556627,11.0,1.0,1.0,1.0,11.0,36.0
909.1915799556626,11.0,1.0,1.0,1.0,11.0,36.0
909.192254112966,11.0,1.0,1.0,1.0,11.0,36.0
909.492254112966,11.0,1.0,1.0,1.0,11.0,36.0
909.4929282702693,11.0,1.0,1.0,1.0,11.0,36.0
909.7929282702693,11.0,1.0,1.0,1.0,11.0,36.0
909.7936024275726,11.0,1.0,1.0,1.0,11.0,36.0
910.0936024275726,11.0,1.0,1.0,1.0,11.0,36.0
910.094276584876,11.0,1.0,1.0,1.0,11.0,36.0
910.3942765848759,11.0,1.0,1.0,1.0,11.0,36.0
910.3949507421793,11.0,1.0,1.0,1.0,11.0,36.0
910.6949507421792,11.0,1.0,1.0,1.0,11.0,36.0
910.6956248994826,11.0,1.0,1.0,1.0,11.0,36.0
910.9956248994826,11.0,1.0,1.0,1.0,11.0,36.0
910.9962990567859,11.0,1.0,1.0,1.0,11.0,36.0
911.2962990567859,11.0,1.0,1.0,1.0,11.0,36.0
911.2969732140892,11.0,1.0,1.0,1.0,11.0,36.0
911.5969732140892,11.0,1.0,1.0,1.0,11.0,36.0
911.5976473713926,11.0,1.0,1.0,1.0,11.0,36.0
911.8976473713925,11.0,1.0,1.0,1.0,11.0,36.0
911.8983215286959,11.0,1.0,1.0,1.0,11.0,36.0
912.1983215286958,11.0,1.0,1.0,1.0,11.0,36.0
912.1989956859992,11.0,1.0,1.0,1.0,11.0,36.0
912.4989956859991,11.0,1.0,1.0,1.0,11.0,36.0
912.4996698433025,11.0,1.0,1.0,1.0,11.0,36.0
912.7996698433025,11.0,1.0,1.0,1.0,11.0,36.0
912.8003440006058,11.0,1.0,1.0,1.0,11.0,36.0
913.1003440006058,11.0,1.0,1.0,1.0,11.0,36.0
913.1010181579092,11.0,1.0,1.0,1.0,11.0,36.0
913.4010181579091,11.0,1.0,1.0,1.0,11.0,36.0
913.4016923152125,11.0,1.0,1.0,1.0,11.0,36.0
913.7016923152124,11.0,1.0,1.0,1.0,11.0,36.0
913.7023664725158,11.0,1.0,1.0,1.0,11.0,36.0
914.0023664725157,11.0,1.0,1.0,1.0,11.0,36.0
914.0030406298191,11.0,1.0,1.0,1.0,11.0,36.0
914.3030406298191,11.0,1.0,1.0,1.0,11.0,36.0
914.3037147871224,11.0,1.0,1.0,1.0,11.0,36.0
914.6037147871224,11.0,1.0,1.0,1.0,11.0,36.0
914.6043889444258,11.0,1.0,1.0,1.0,11.0,36.0
914.9043889444257,11.0,1.0,1.0,1.0,11.0,36.0
914.9050631017291,11.0,1.0,1.0,1.0,11.0,36.0
915.205063101729,11.0,1.0,1.0,1.0,11.0,36.0
915.2057372590324,11.0,1.0,1.0,1.0,11.0,36.0
915.5057372590323,11.0,1.0,1.0,1.0,11.0,36.0
915.5064114163357,11.0,1.0,1.0,1.0,11.0,36.0
915.8064114163357,11.0,1.0,1.0,1.0,11.0,36.0
915.807085573639,11.0,1.0,1.0,1.0,11.0,36.0
916.107085573639,11.0,1.0,1.0,1.0,11.0,36.0
916.1077597309423,11.0,1.0,1.0,1.0,11.0,36.0
916.4077597309423,11.0,1.0,1.0,1.0,11.0,36.0
916.4084338882457,11.0,1.0,1.0,1.0,11.0,36.0
916.7084338882456,11.0,1.0,1.0,1.0,11.0,36.0
916.709108045549,11.0,1.0,1.0,1.0,11.0,36.0
917.0091080455489,11.0,1.0,1.0,1.0,11.0,36.0
917.0097822028523,11.0,1.0,1.0,1.0,11.0,36.0
917.3097822028523,11.0,1.0,1.0,1.0,11.0,36.0
917.3104563601556,11.0,1.0,1.0,1.0,11.0,36.0
917.6104563601556,11.0,1.0,1.0,1.0,11.0,36.0
917.611130517459,11.0,1.0,1.0,1.0,11.0,36.0
917.9111305174589,11.0,1.0,1.0,1.0,11.0,36.0
917.9118046747623,11.0,1.0,1.0,1.0,11.0,36.0
918.2118046747622,11.0,1.0,1.0,1.0,11.0,36.0
918.2124788320656,11.0,1.0,1.0,1.0,11.0,36.0
918.5124788320655,11.0,1.0,1.0,1.0,11.0,36.0
918.5131529893689,11.0,1.0,1.0,1.0,11.0,36.0
918.8131529893689,11.0,1.0,1.0,1.0,11.0,36.0
918.8138271466722,11.0,1.0,1.0,1.0,11.0,36.0
919.1138271466722,11.0,1.0,1.0,1.0,11.0,36.0
919.1145013039755,11.0,1.0,1.0,1.0,11.0,36.0
919.4145013039755,11.0,1.0,1.0,1.0,11.0,36.0
919.4151754612789,11.0,1.0,1.0,1.0,11.0,36.0
919.7151754612788,11.0,1.0,1.0,1.0,11.0,36.0
919.7158496185822,11.0,1.0,1.0,1.0,11.0,36.0
920.0158496185821,11.0,1.0,1.0,1.0,11.0,36.0
920.0165237758855,11.0,1.0,1.0,1.0,11.0,36.0
920.3165237758855,11.0,1.0,1.0,1.0,11.0,36.0
920.3171979331888,11.0,1.0,1.0,1.0,11.0,36.0
920.6171979331888,11.0,1.0,1.0,1.0,11.0,36.0
920.6178720904921,11.0,1.0,1.0,1.0,11.0,36.0
920.9178720904921,11.0,1.0,1.0,1.0,11.0,36.0
920.9185462477955,11.0,1.0,1.0,1.0,11.0,36.0
921.2185462477954,11.0,1.0,1.0,1.0,11.0,36.0
921.2192204050988,11.0,1.0,1.0,1.0,11.0,36.0
921.5192204050987,11.0,1.0,1.0,1.0,11.0,36.0
921.5198945624021,11.0,1.0,1.0,1.0,11.0,36.0
921.819894562402,11.0,1.0,1.0,1.0,11.0,36.0
921.8205687197054,11.0,1.0,1.0,1.0,11.0,36.0
922.1205687197054,11.0,1.0,1.0,1.0,11.0,36.0
922.1212428770087,11.0,1.0,1.0,1.0,11.0,36.0
922.4212428770087,11.0,1.0,1.0,1.0,11.0,36.0
922.4219170343121,11.0,1.0,1.0,1.0,11.0,36.0
922.721917034312,11.0,1.0,1.0,1.0,11.0,36.0
922.7225911916154,11.0,1.0,1.0,1.0,11.0,36.0
923.0225911916153,11.0,1.0,1.0,1.0,11.0,36.0
923.0232653489187,11.0,1.0,1.0,1.0,11.0,36.0
923.3232653489187,11.0,1.0,1.0,1.0,11.0,36.0
923.323939506222,11.0,1.0,1.0,1.0,11.0,36.0
923.623939506222,11.0,1.0,1.0,1.0,11.0,36.0
923.6246136635253,11.0,1.0,1.0,1.0,11.0,36.0
923.9246136635253,11.0,1.0,1.0,1.0,11.0,36.0
923.9252878208287,11.0,1.0,1.0,1.0,11.0,36.0
924.2252878208286,11.0,1.0,1.0,1.0,11.0,36.0
924.225961978132,11.0,1.0,1.0,1.0,11.0,36.0
924.5259619781319,11.0,1.0,1.0,1.0,11.0,36.0
924.5266361354353,11.0,1.0,1.0,1.0,11.0,36.0
924.8266361354353,11.0,1.0,1.0,1.0,11.0,36.0
924.8273102927386,12.0,1.0,1.0,1.0,11.0,36.0
925.1273102927386,12.0,1.0,1.0,1.0,11.0,36.0
925.1279921109204,12.0,1.0,1.0,1.0,11.0,36.0
925.4279921109204,12.0,1.0,1.0,1.0,11.0,36.0
925.4286739291023,12.0,1.0,1.0,1.0,11.0,36.0
925.7286739291022,12.0,1.0,1.0,1.0,11.0,36.0
925.7293557472841,12.0,1.0,1.0,1.0,11.0,36.0
926.0293557472841,12.0,1.0,1.0,1.0,11.0,36.0
926.0300375654659,12.0,1.0,1.0,1.0,11.0,36.0
926.3300375654659,12.0,1.0,1.0,1.0,11.0,36.0
926.3307193836478,12.0,1.0,1.0,1.0,11.0,36.0
926.6307193836477,12.0,1.0,1.0,1.0,11.0,36.0
926.6314012018296,12.0,1.0,1.0,1.0,11.0,36.0
926.9314012018295,12.0,1.0,1.0,1.0,11.0,36.0
926.9320830200114,12.0,1.0,1.0,1.0,11.0,36.0
927.2320830200114,12.0,1.0,1.0,1.0,11.0,36.0
927.2327648381932,12.0,1.0,1.0,1.0,11.0,36.0
927.5327648381932,12.0,1.0,1.0,1.0,11.0,36.0
927.5334466563751,12.0,1.0,1.0,1.0,11.0,36.0
927.833446656375,12.0,1.0,1.0,1.0,11.0,36.0
927.8341284745569,12.0,1.0,1.0,1.0,11.0,36.0
928.1341284745569,12.0,1.0,1.0,1.0,11.0,36.0
928.1348102927387,12.0,1.0,1.0,1.0,11.0,36.0
928.4348102927387,12.0,1.0,1.0,1.0,11.0,36.0
928.4354921109206,12.0,1.0,1.0,1.0,11.0,36.0
928.7354921109205,12.0,1.0,1.0,1.0,11.0,36.0
928.7361739291024,12.0,1.0,1.0,1.0,11.0,36.0
929.0361739291023,12.0,1.0,1.0,1.0,11.0,36.0
929.0368557472842,12.0,1.0,1.0,1.0,11.0,36.0
929.3368557472842,12.0,1.0,1.0,1.0,11.0,36.0
929.337537565466,12.0,1.0,1.0,1.0,11.0,36.0
929.637537565466,12.0,1.0,1.0,1.0,11.0,36.0
929.6382193836479,12.0,1.0,1.0,1.0,11.0,36.0
929.9382193836478,12.0,1.0,1.0,1.0,11.0,36.0
929.9389012018297,12.0,1.0,1.0,1.0,11.0,36.0
930.2389012018297,12.0,1.0,1.0,1.0,11.0,36.0
930.2395830200115,12.0,1.0,1.0,1.0,11.0,36.0
930.5395830200115,12.0,1.0,1.0,1.0,11.0,36.0
930.5402648381934,12.0,1.0,1.0,1.0,11.0,36.0
930.8402648381933,12.0,1.0,1.0,1.0,11.0,36.0
930.8409466563752,12.0,1.0,1.0,1.0,11.0,36.0
931.1409466563751,12.0,1.0,1.0,1.0,11.0,36.0
931.141628474557,12.0,1.0,1.0,1.0,11.0,36.0
931.441628474557,12.0,1.0,1.0,1.0,11.0,36.0
931.4423102927389,12.0,1.0,1.0,1.0,11.0,36.0
931.7423102927388,12.0,1.0,1.0,1.0,11.0,36.0
931.7429921109207,12.0,1.0,1.0,1.0,11.0,36.0
932.0429921109206,12.0,1.0,1.0,1.0,11.0,36.0
932.0436739291025,12.0,1.0,1.0,1.0,11.0,36.0
932.3436739291025,12.0,1.0,1.0,1.0,11.0,36.0
932.3443557472843,12.0,1.0,1.0,1.0,11.0,36.0
932.6443557472843,12.0,1.0,1.0,1.0,11.0,36.0
932.6450375654662,12.0,1.0,1.0,1.0,11.0,36.0
932.9450375654661,12.0,1.0,1.0,1.0,11.0,36.0
932.945719383648,12.0,1.0,1.0,1.0,11.0,36.0
933.245719383648,12.0,1.0,1.0,1.0,11.0,36.0
933.2464012018298,12.0,1.0,1.0,1.0,11.0,36.0
933.5464012018298,12.0,1.0,1.0,1.0,11.0,36.0
933.5470830200117,12.0,1.0,1.0,1.0,11.0,36.0
933.8470830200116,12.0,1.0,1.0,1.0,11.0,36.0
933.8477648381935,12.0,1.0,1.0,1.0,11.0,36.0
934.1477648381934,12.0,1.0,1.0,1.0,11.0,36.0
934.1484466563753,12.0,1.0,1.0,1.0,11.0,36.0
934.4484466563753,12.0,1.0,1.0,1.0,11.0,36.0
934.4491284745571,12.0,1.0,1.0,1.0,11.0,36.0
934.7491284745571,12.0,1.0,1.0,1.0,11.0,36.0
934.749810292739,13.0,1.0,1.0,1.0,11.0,36.0
935.0498102927389,13.0,1.0,1.0,1.0,11.0,36.0
935.0504999479114,13.0,1.0,1.0,1.0,11.0,36.0
935.3504999479113,13.0,1.0,1.0,1.0,11.0,36.0
935.3511896030838,13.0,1.0,1.0,1.0,11.0,36.0
935.6511896030837,13.0,1.0,1.0,1.0,11.0,36.0
935.6518792582561,13.0,1.0,1.0,1.0,11.0,36.0
935.9518792582561,13.0,1.0,1.0,1.0,11.0,36.0
935.9525689134285,13.0,1.0,1.0,1.0,11.0,36.0
936.2525689134285,13.0,1.0,1.0,1.0,11.0,36.0
936.2532585686009,13.0,1.0,1.0,1.0,11.0,36.0
936.5532585686009,13.0,1.0,1.0,1.0,11.0,36.0
936.5539482237733,13.0,1.0,1.0,1.0,11.0,36.0
936.8539482237733,13.0,1.0,1.0,1.0,11.0,36.0
936.8546378789457,13.0,1.0,1.0,1.0,11.0,36.0
937.1546378789457,13.0,1.0,1.0,1.0,11.0,36.0
937.1553275341181,13.0,1.0,1.0,1.0,11.0,36.0
937.455327534118,13.0,1.0,1.0,1.0,11.0,36.0
937.4560171892905,12.0,1.0,1.0,1.0,11.0,36.0
937.7560171892904,12.0,1.0,1.0,1.0,11.0,36.0
937.7566990074723,12.0,1.0,1.0,1.0,11.0,36.0
938.0566990074723,12.0,1.0,1.0,1.0,11.0,36.0
938.0573808256541,12.0,1.0,1.0,1.0,11.0,36.0
938.3573808256541,12.0,1.0,1.0,1.0,11.0,36.0
938.358062643836,12.0,1.0,1.0,1.0,11.0,36.0
938.6580626438359,12.0,1.0,1.0,1.0,11.0,36.0
938.6587444620178,12.0,1.0,1.0,1.0,11.0,36.0
938.9587444620178,12.0,1.0,1.0,1.0,11.0,36.0
938.9594262801996,12.0,1.0,1.0,1.0,11.0,36.0
939.2594262801996,12.0,1.0,1.0,1.0,11.0,36.0
939.2601080983815,12.0,1.0,1.0,1.0,11.0,36.0
939.5601080983814,12.0,1.0,1.0,1.0,11.0,36.0
939.5607899165633,12.0,1.0,1.0,1.0,11.0,36.0
939.8607899165632,12.0,1.0,1.0,1.0,11.0,36.0
939.8614717347451,12.0,1.0,1.0,1.0,11.0,36.0
940.1614717347451,12.0,1.0,1.0,1.0,11.0,36.0
940.162153552927,12.0,1.0,1.0,1.0,11.0,36.0
940.4621535529269,12.0,1.0,1.0,1.0,11.0,36.0
940.4628353711088,12.0,1.0,1.0,1.0,11.0,36.0
940.7628353711087,12.0,1.0,1.0,1.0,11.0,36.0
940.7635171892906,12.0,1.0,1.0,1.0,11.0,36.0
941.0635171892906,12.0,1.0,1.0,1.0,11.0,36.0
941.0641990074724,12.0,1.0,1.0,1.0,11.0,36.0
941.3641990074724,12.0,1.0,1.0,1.0,11.0,36.0
941.3648808256543,12.0,1.0,1.0,1.0,11.0,36.0
941.6648808256542,12.0,1.0,1.0,1.0,11.0,36.0
941.6655626438361,12.0,1.0,1.0,1.0,11.0,36.0
941.965562643836,12.0,1.0,1.0,1.0,11.0,36.0
941.9662444620179,12.0,1.0,1.0,1.0,11.0,36.0
942.2662444620179,12.0,1.0,1.0,1.0,11.0,36.0
942.2669262801998,12.0,1.0,1.0,1.0,11.0,36.0
942.5669262801997,12.0,1.0,1.0,1.0,11.0,36.0
942.5676080983816,12.0,1.0,1.0,1.0,11.0,36.0
942.8676080983815,12.0,1.0,1.0,1.0,11.0,36.0
942.8682899165634,12.0,1.0,1.0,1.0,11.0,36.0
943.1682899165634,12.0,1.0,1.0,1.0,11.0,36.0
943.1689717347452,12.0,1.0,1.0,1.0,11.0,36.0
943.4689717347452,12.0,1.0,1.0,1.0,11.0,36.0
943.4696535529271,12.0,1.0,1.0,1.0,11.0,36.0
943.769653552927,12.0,1.0,1.0,1.0,11.0,36.0
943.7703353711089,12.0,1.0,1.0,1.0,11.0,36.0
944.0703353711089,12.0,1.0,1.0,1.0,11.0,36.0
944.0710171892907,12.0,1.0,1.0,1.0,11.0,36.0
944.3710171892907,12.0,1.0,1.0,1.0,11.0,36.0
944.3716990074726,12.0,1.0,1.0,1.0,11.0,36.0
944.6716990074725,12.0,1.0,1.0,1.0,11.0,36.0
944.6723808256544,12.0,1.0,1.0,1.0,11.0,36.0
944.9723808256543,12.0,1.0,1.0,1.0,11.0,36.0
944.9730626438362,12.0,1.0,1.0,1.0,11.0,36.0
945.2730626438362,12.0,1.0,1.0,1.0,11.0,36.0
945.273744462018,12.0,1.0,1.0,1.0,11.0,36.0
945.573744462018,12.0,1.0,1.0,1.0,11.0,36.0
945.5744262801999,12.0,1.0,1.0,1.0,11.0,36.0
945.8744262801998,12.0,1.0,1.0,1.0,11.0,36.0
945.8751080983817,12.0,1.0,1.0,1.0,11.0,36.0
946.1751080983817,12.0,1.0,1.0,1.0,11.0,36.0
946.1757899165635,12.0,1.0,1.0,1.0,11.0,36.0
946.4757899165635,12.0,1.0,1.0,1.0,11.0,36.0
946.4764717347454,12.0,1.0,1.0,1.0,11.0,36.0
946.7764717347453,12.0,1.0,1.0,1.0,11.0,36.0
946.7771535529272,12.0,1.0,1.0,1.0,11.0,36.0
947.0771535529271,12.0,1.0,1.0,1.0,11.0,36.0
947.077835371109,12.0,1.0,1.0,1.0,11.0,36.0
947.377835371109,12.0,1.0,1.0,1.0,11.0,36.0
947.3785171892908,12.0,1.0,1.0,1.0,11.0,36.0
947.6785171892908,12.0,1.0,1.0,1.0,11.0,36.0
947.6791990074727,12.0,1.0,1.0,1.0,11.0,36.0
947.9791990074726,12.0,1.0,1.0,1.0,11.0,36.0
947.9798808256545,12.0,1.0,1.0,1.0,11.0,36.0
948.2798808256545,12.0,1.0,1.0,1.0,11.0,36.0
948.2805626438363,12.0,1.0,1.0,1.0,11.0,36.0
948.5805626438363,12.0,1.0,1.0,1.0,11.0,36.0
948.5812444620182,12.0,1.0,1.0,1.0,11.0,36.0
948.8812444620181,12.0,1.0,1.0,1.0,11.0,36.0
948.8819262802,12.0,1.0,1.0,1.0,11.0,36.0
949.1819262802,12.0,1.0,1.0,1.0,11.0,36.0
949.1826080983818,12.0,1.0,1.0,1.0,11.0,36.0
949.4826080983818,12.0,1.0,1.0,1.0,11.0,36.0
949.4832899165636,12.0,1.0,1.0,1.0,11.0,36.0
949.7832899165636,12.0,1.0,1.0,1.0,11.0,36.0
949.7839717347455,12.0,1.0,1.0,1.0,11.0,36.0
950.0839717347454,12.0,1.0,1.0,1.0,11.0,36.0
950.0846535529273,12.0,1.0,1.0,1.0,11.0,36.0
950.3846535529273,12.0,1.0,1.0,1.0,11.0,36.0
950.3853353711091,12.0,1.0,1.0,1.0,11.0,36.0
950.6853353711091,12.0,1.0,1.0,1.0,11.0,36.0
950.686017189291,12.0,1.0,1.0,1.0,11.0,36.0
950.9860171892909,12.0,1.0,1.0,1.0,11.0,36.0
950.9866990074728,12.0,1.0,1.0,1.0,11.0,36.0
951.2866990074727,12.0,1.0,1.0,1.0,11.0,36.0
951.2873808256546,12.0,1.0,1.0,1.0,11.0,36.0
951.5873808256546,12.0,1.0,1.0,1.0,11.0,36.0
951.5880626438365,12.0,1.0,1.0,1.0,11.0,36.0
951.8880626438364,12.0,1.0,1.0,1.0,11.0,36.0
951.8887444620183,12.0,1.0,1.0,1.0,11.0,36.0
952.1887444620182,12.0,1.0,1.0,1.0,11.0,36.0
952.1894262802001,12.0,1.0,1.0,1.0,11.0,36.0
952.4894262802001,12.0,1.0,1.0,1.0,11.0,36.0
952.4901080983819,12.0,1.0,1.0,1.0,11.0,36.0
952.7901080983819,12.0,1.0,1.0,1.0,11.0,36.0
952.7907899165638,12.0,1.0,1.0,1.0,11.0,36.0
953.0907899165637,12.0,1.0,1.0,1.0,11.0,36.0
953.0914717347456,12.0,1.0,1.0,1.0,11.0,36.0
953.3914717347456,12.0,1.0,1.0,1.0,11.0,36.0
953.3921535529274,12.0,1.0,1.0,1.0,11.0,36.0
953.6921535529274,12.0,1.0,1.0,1.0,11.0,36.0
953.6928353711093,12.0,1.0,1.0,1.0,11.0,36.0
953.9928353711092,12.0,1.0,1.0,1.0,11.0,36.0
953.9935171892911,12.0,1.0,1.0,1.0,11.0,36.0
954.293517189291,12.0,1.0,1.0,1.0,11.0,36.0
954.2941990074729,12.0,1.0,1.0,1.0,11.0,36.0
954.5941990074729,12.0,1.0,1.0,1.0,11.0,36.0
954.5948808256547,12.0,1.0,1.0,1.0,11.0,36.0
954.8948808256547,12.0,1.0,1.0,1.0,11.0,36.0
954.8955626438366,12.0,1.0,1.0,1.0,11.0,36.0
955.1955626438365,12.0,1.0,1.0,1.0,11.0,36.0
955.1962444620184,12.0,1.0,1.0,1.0,11.0,36.0
955.4962444620184,12.0,1.0,1.0,1.0,11.0,36.0
955.4969262802002,12.0,1.0,1.0,1.0,11.0,36.0
955.7969262802002,12.0,1.0,1.0,1.0,11.0,36.0
955.797608098382,12.0,1.0,1.0,1.0,11.0,36.0
956.097608098382,12.0,1.0,1.0,1.0,11.0,36.0
956.0982899165639,12.0,1.0,1.0,1.0,11.0,36.0
956.3982899165638,12.0,1.0,1.0,1.0,11.0,36.0
956.3989717347457,12.0,1.0,1.0,1.0,11.0,36.0
956.6989717347457,12.0,1.0,1.0,1.0,11.0,36.0
956.6996535529275,12.0,1.0,1.0,1.0,11.0,36.0
956.9996535529275,12.0,1.0,1.0,1.0,11.0,36.0
957.0003353711094,12.0,1.0,1.0,1.0,11.0,36.0
957.3003353711093,12.0,1.0,1.0,1.0,11.0,36.0
957.3010171892912,13.0,1.0,1.0,1.0,11.0,36.0
957.6010171892912,13.0,1.0,1.0,1.0,11.0,36.0
957.6017068444636,13.0,1.0,1.0,1.0,11.0,36.0
957.9017068444635,13.0,1.0,1.0,1.0,11.0,36.0
957.902396499636,13.0,1.0,1.0,1.0,11.0,36.0
958.2023964996359,13.0,1.0,1.0,1.0,11.0,36.0
958.2030861548084,13.0,1.0,1.0,1.0,11.0,36.0
958.5030861548083,13.0,1.0,1.0,1.0,11.0,36.0
958.5037758099808,13.0,1.0,1.0,1.0,11.0,36.0
958.8037758099807,13.0,1.0,1.0,1.0,11.0,36.0
958.8044654651532,13.0,1.0,1.0,1.0,11.0,36.0
959.1044654651531,13.0,1.0,1.0,1.0,11.0,36.0
959.1051551203255,13.0,1.0,1.0,1.0,11.0,36.0
959.4051551203255,13.0,1.0,1.0,1.0,11.0,36.0
959.4058447754979,13.0,1.0,1.0,1.0,11.0,36.0
959.7058447754979,13.0,1.0,1.0,1.0,11.0,36.0
959.7065344306703,13.0,1.0,1.0,1.0,11.0,36.0
960.0065344306703,13.0,1.0,1.0,1.0,11.0,36.0
960.0072240858427,13.0,1.0,1.0,1.0,10.0,36.0
960.3072240858427,13.0,1.0,1.0,1.0,10.0,36.0
960.3079137410151,13.0,1.0,1.0,1.0,10.0,36.0
960.6079137410151,13.0,1.0,1.0,1.0,10.0,36.0
960.6086033961875,13.0,1.0,1.0,1.0,10.0,36.0
960.9086033961875,13.0,1.0,1.0,1.0,10.0,36.0
960.9092930513599,13.0,1.0,1.0,1.0,10.0,36.0
961.2092930513599,13.0,1.0,1.0,1.0,10.0,36.0
961.2099827065323,13.0,1.0,1.0,1.0,10.0,36.0
961.5099827065322,13.0,1.0,1.0,1.0,10.0,36.0
961.5106723617047,13.0,1.0,1.0,1.0,10.0,36.0
961.8106723617046,13.0,1.0,1.0,1.0,10.0,36.0
961.8113620168771,13.0,1.0,1.0,1.0,10.0,36.0
962.111362016877,13.0,1.0,1.0,1.0,10.0,36.0
962.1120516720495,13.0,1.0,1.0,1.0,10.0,36.0
962.4120516720494,13.0,1.0,1.0,1.0,10.0,36.0
962.4127413272219,13.0,1.0,1.0,1.0,10.0,36.0
962.7127413272218,13.0,1.0,1.0,1.0,10.0,36.0
962.7134309823942,13.0,1.0,1.0,1.0,10.0,36.0
963.0134309823942,13.0,1.0,1.0,1.0,10.0,36.0
963.0141206375666,14.0,1.0,1.0,1.0,10.0,36.0
963.3141206375666,14.0,1.0,1.0,1.0,10.0,36.0
963.3148183119852,14.0,1.0,1.0,1.0,10.0,36.0
963.6148183119851,14.0,1.0,1.0,1.0,10.0,36.0
963.6155159864037,14.0,1.0,1.0,1.0,10.0,36.0
963.9155159864036,14.0,1.0,1.0,1.0,10.0,36.0
963.9162136608222,14.0,1.0,1.0,1.0,10.0,36.0
964.2162136608222,14.0,1.0,1.0,1.0,10.0,36.0
964.2169113352408,14.0,1.0,1.0,1.0,10.0,36.0
964.5169113352407,14.0,1.0,1.0,1.0,10.0,36.0
964.5176090096593,14.0,1.0,1.0,1.0,10.0,36.0
964.8176090096592,14.0,1.0,1.0,1.0,10.0,36.0
964.8183066840778,14.0,1.0,1.0,1.0,10.0,36.0
965.1183066840778,14.0,1.0,1.0,1.0,10.0,36.0
965.1190043584963,14.0,1.0,1.0,1.0,10.0,36.0
965.4190043584963,14.0,1.0,1.0,1.0,10.0,36.0
965.4197020329149,14.0,1.0,1.0,1.0,10.0,36.0
965.7197020329148,14.0,1.0,1.0,1.0,10.0,36.0
965.7203997073334,14.0,1.0,1.0,1.0,10.0,36.0
966.0203997073334,14.0,1.0,1.0,1.0,10.0,36.0
966.0210973817519,14.0,1.0,1.0,1.0,10.0,36.0
966.3210973817519,14.0,1.0,1.0,1.0,10.0,36.0
966.3217950561705,14.0,1.0,1.0,1.0,10.0,36.0
966.6217950561704,14.0,1.0,1.0,1.0,10.0,36.0
966.622492730589,14.0,1.0,1.0,1.0,10.0,36.0
966.9224927305889,14.0,1.0,1.0,1.0,10.0,36.0
966.9231904050075,14.0,1.0,1.0,1.0,10.0,36.0
967.2231904050075,14.0,1.0,1.0,1.0,10.0,36.0
967.223888079426,14.0,1.0,1.0,1.0,10.0,36.0
967.523888079426,14.0,1.0,1.0,1.0,10.0,36.0
967.5245857538446,14.0,1.0,1.0,1.0,10.0,36.0
967.8245857538445,14.0,1.0,1.0,1.0,10.0,36.0
967.8252834282631,14.0,1.0,1.0,1.0,10.0,36.0
968.1252834282631,14.0,1.0,1.0,1.0,10.0,36.0
968.1259811026816,14.0,1.0,1.0,1.0,10.0,36.0
968.4259811026816,14.0,1.0,1.0,1.0,10.0,36.0
968.4266787771002,14.0,1.0,1.0,1.0,10.0,36.0
968.7266787771001,14.0,1.0,1.0,1.0,10.0,36.0
968.7273764515187,14.0,1.0,1.0,1.0,10.0,36.0
969.0273764515186,14.0,1.0,1.0,1.0,10.0,36.0
969.0280741259372,14.0,1.0,1.0,1.0,10.0,36.0
969.3280741259372,14.0,1.0,1.0,1.0,10.0,36.0
969.3287718003558,14.0,1.0,1.0,1.0,10.0,36.0
969.6287718003557,14.0,1.0,1.0,1.0,10.0,36.0
969.6294694747743,14.0,1.0,1.0,1.0,10.0,36.0
969.9294694747742,14.0,1.0,1.0,1.0,10.0,36.0
969.9301671491928,14.0,1.0,1.0,1.0,10.0,36.0
970.2301671491928,14.0,1.0,1.0,1.0,10.0,36.0
970.2308648236113,14.0,1.0,1.0,1.0,10.0,36.0
970.5308648236113,14.0,1.0,1.0,1.0,10.0,36.0
970.5315624980299,14.0,1.0,1.0,1.0,10.0,36.0
970.8315624980298,14.0,1.0,1.0,1.0,10.0,36.0
970.8322601724484,14.0,1.0,1.0,1.0,10.0,36.0
971.1322601724484,14.0,1.0,1.0,1.0,10.0,36.0
971.1329578468669,14.0,1.0,1.0,1.0,10.0,36.0
971.4329578468669,14.0,1.0,1.0,1.0,10.0,36.0
971.4336555212855,14.0,1.0,1.0,1.0,10.0,36.0
971.7336555212854,14.0,1.0,1.0,1.0,10.0,36.0
971.734353195704,14.0,1.0,1.0,1.0,10.0,36.0
972.0343531957039,14.0,1.0,1.0,1.0,10.0,36.0
972.0350508701225,14.0,1.0,1.0,1.0,10.0,36.0
972.3350508701225,14.0,1.0,1.0,1.0,10.0,36.0
972.335748544541,14.0,1.0,1.0,1.0,10.0,36.0
972.635748544541,14.0,1.0,1.0,1.0,10.0,36.0
972.6364462189596,14.0,1.0,1.0,1.0,10.0,36.0
972.9364462189595,14.0,1.0,1.0,1.0,10.0,36.0
972.9371438933781,14.0,1.0,1.0,1.0,10.0,36.0
973.2371438933781,14.0,1.0,1.0,1.0,10.0,36.0
973.2378415677966,14.0,1.0,1.0,1.0,10.0,36.0
973.5378415677966,14.0,1.0,1.0,1.0,10.0,36.0
973.5385392422152,14.0,1.0,1.0,1.0,10.0,36.0
973.8385392422151,14.0,1.0,1.0,1.0,10.0,36.0
973.8392369166337,14.0,1.0,1.0,1.0,10.0,36.0
974.1392369166336,14.0,1.0,1.0,1.0,10.0,36.0
974.1399345910522,14.0,1.0,1.0,1.0,10.0,36.0
974.4399345910522,14.0,1.0,1.0,1.0,10.0,36.0
974.4406322654708,14.0,1.0,1.0,1.0,10.0,36.0
974.7406322654707,14.0,1.0,1.0,1.0,10.0,36.0
974.7413299398893,14.0,1.0,1.0,1.0,10.0,36.0
975.0413299398892,14.0,1.0,1.0,1.0,10.0,36.0
975.0420276143078,15.0,1.0,1.0,1.0,10.0,36.0
975.3420276143078,15.0,1.0,1.0,1.0,10.0,36.0
975.3427334966607,15.0,1.0,1.0,1.0,10.0,36.0
975.6427334966606,15.0,1.0,1.0,1.0,10.0,36.0
975.6434393790136,15.0,1.0,1.0,1.0,10.0,36.0
975.9434393790135,15.0,1.0,1.0,1.0,10.0,36.0
975.9441452613664,15.0,1.0,1.0,1.0,10.0,36.0
976.2441452613664,15.0,1.0,1.0,1.0,10.0,36.0
976.2448511437193,16.0,1.0,1.0,1.0,10.0,36.0
976.5448511437193,16.0,1.0,1.0,1.0,10.0,36.0
976.5455654294335,16.0,1.0,1.0,1.0,10.0,36.0
976.8455654294335,16.0,1.0,1.0,1.0,10.0,36.0
976.8462797151477,16.0,1.0,1.0,1.0,10.0,36.0
977.1462797151477,16.0,1.0,1.0,1.0,10.0,36.0
977.1469940008619,17.0,1.0,1.0,1.0,10.0,36.0
977.4469940008619,17.0,1.0,1.0,1.0,10.0,36.0
977.4477168924282,17.0,1.0,1.0,1.0,10.0,36.0
977.7477168924281,17.0,1.0,1.0,1.0,10.0,36.0
977.7484397839944,17.0,1.0,1.0,1.0,10.0,36.0
978.0484397839944,17.0,1.0,1.0,1.0,10.0,36.0
978.0491626755606,17.0,1.0,1.0,1.0,10.0,36.0
978.3491626755606,17.0,1.0,1.0,1.0,10.0,36.0
978.3498855671269,17.0,1.0,1.0,1.0,10.0,36.0
978.6498855671268,17.0,1.0,1.0,1.0,10.0,36.0
978.6506084586931,17.0,1.0,1.0,1.0,10.0,36.0
978.9506084586931,17.0,1.0,1.0,1.0,10.0,36.0
978.9513313502594,17.0,1.0,1.0,1.0,10.0,36.0
979.2513313502593,17.0,1.0,1.0,1.0,10.0,36.0
979.2520542418256,17.0,1.0,1.0,1.0,10.0,36.0
979.5520542418255,17.0,1.0,1.0,1.0,10.0,36.0
979.5527771333918,17.0,1.0,1.0,1.0,10.0,36.0
979.8527771333918,17.0,1.0,1.0,1.0,10.0,36.0
979.8535000249581,17.0,1.0,1.0,1.0,10.0,36.0
980.153500024958,17.0,1.0,1.0,1.0,10.0,36.0
980.1542229165243,17.0,1.0,1.0,1.0,10.0,36.0
980.4542229165243,17.0,1.0,1.0,1.0,10.0,36.0
980.4549458080905,17.0,1.0,1.0,1.0,10.0,36.0
980.7549458080905,17.0,1.0,1.0,1.0,10.0,36.0
980.7556686996568,17.0,1.0,1.0,1.0,10.0,36.0
981.0556686996567,17.0,1.0,1.0,1.0,10.0,36.0
981.056391591223,17.0,1.0,1.0,1.0,10.0,36.0
981.356391591223,17.0,1.0,1.0,1.0,10.0,36.0
981.3571144827893,18.0,1.0,1.0,1.0,10.0,36.0
981.6571144827892,18.0,1.0,1.0,1.0,10.0,36.0
981.6578461901063,18.0,1.0,1.0,1.0,10.0,36.0
981.9578461901062,18.0,1.0,1.0,1.0,10.0,36.0
981.9585778974233,18.0,1.0,1.0,1.0,10.0,36.0
982.2585778974233,18.0,1.0,1.0,1.0,10.0,36.0
982.2593096047403,18.0,1.0,1.0,1.0,10.0,36.0
982.5593096047403,18.0,1.0,1.0,1.0,10.0,36.0
982.5600413120574,18.0,1.0,1.0,1.0,10.0,36.0
982.8600413120573,18.0,1.0,1.0,1.0,10.0,36.0
982.8607730193744,18.0,1.0,1.0,1.0,10.0,36.0
983.1607730193743,18.0,1.0,1.0,1.0,10.0,36.0
983.1615047266914,18.0,1.0,1.0,1.0,10.0,36.0
983.4615047266914,18.0,1.0,1.0,1.0,10.0,36.0
983.4622364340084,18.0,1.0,1.0,1.0,10.0,36.0
983.7622364340084,18.0,1.0,1.0,1.0,10.0,36.0
983.7629681413255,18.0,1.0,1.0,1.0,10.0,36.0
984.0629681413254,18.0,1.0,1.0,1.0,10.0,36.0
984.0636998486425,18.0,1.0,1.0,1.0,10.0,36.0
984.3636998486425,18.0,1.0,1.0,1.0,10.0,36.0
984.3644315559595,18.0,1.0,1.0,1.0,10.0,36.0
984.6644315559595,18.0,1.0,1.0,1.0,10.0,36.0
984.6651632632766,19.0,1.0,1.0,1.0,10.0,36.0
984.9651632632765,19.0,1.0,1.0,1.0,10.0,36.0
984.9659040040173,19.0,1.0,1.0,1.0,10.0,36.0
985.2659040040172,19.0,1.0,1.0,1.0,10.0,36.0
985.266644744758,19.0,1.0,1.0,1.0,10.0,36.0
985.5666447447579,19.0,1.0,1.0,1.0,10.0,36.0
985.5673854854987,19.0,1.0,1.0,1.0,10.0,36.0
985.8673854854986,19.0,1.0,1.0,1.0,10.0,36.0
985.8681262262394,19.0,1.0,1.0,1.0,10.0,36.0
986.1681262262393,19.0,1.0,1.0,1.0,10.0,36.0
986.1688669669801,19.0,1.0,1.0,1.0,10.0,36.0
986.46886696698,19.0,1.0,1.0,1.0,10.0,36.0
986.4696077077208,19.0,1.0,1.0,1.0,10.0,36.0
986.7696077077208,19.0,1.0,1.0,1.0,10.0,36.0
986.7703484484615,19.0,1.0,1.0,1.0,10.0,36.0
987.0703484484615,19.0,1.0,1.0,1.0,10.0,36.0
987.0710891892022,19.0,1.0,1.0,1.0,10.0,36.0
987.3710891892022,19.0,1.0,1.0,1.0,10.0,36.0
987.3718299299429,19.0,1.0,1.0,1.0,10.0,36.0
987.6718299299429,19.0,1.0,1.0,1.0,10.0,36.0
987.6725706706836,19.0,1.0,1.0,1.0,10.0,36.0
987.9725706706836,19.0,1.0,1.0,1.0,10.0,36.0
987.9733114114243,19.0,1.0,1.0,1.0,10.0,36.0
988.2733114114243,19.0,1.0,1.0,1.0,10.0,36.0
988.274052152165,20.0,1.0,1.0,1.0,10.0,36.0
988.574052152165,20.0,1.0,1.0,1.0,10.0,36.0
988.574802152165,20.0,1.0,1.0,1.0,10.0,36.0
988.874802152165,20.0,1.0,1.0,1.0,10.0,36.0
988.875552152165,20.0,1.0,1.0,1.0,10.0,36.0
989.175552152165,20.0,1.0,1.0,1.0,10.0,36.0
989.176302152165,20.0,1.0,1.0,1.0,10.0,36.0
989.476302152165,20.0,1.0,1.0,1.0,10.0,36.0
989.477052152165,20.0,1.0,1.0,1.0,10.0,36.0
989.777052152165,20.0,1.0,1.0,1.0,10.0,36.0
989.777802152165,20.0,1.0,1.0,1.0,10.0,36.0
990.077802152165,20.0,1.0,1.0,1.0,10.0,36.0
990.078552152165,20.0,1.0,1.0,1.0,10.0,36.0
990.378552152165,20.0,1.0,1.0,1.0,10.0,36.0
990.379302152165,20.0,1.0,1.0,1.0,10.0,36.0
990.679302152165,20.0,1.0,1.0,1.0,10.0,36.0
990.680052152165,20.0,1.0,1.0,1.0,10.0,36.0
990.980052152165,20.0,1.0,1.0,1.0,10.0,36.0
990.980802152165,20.0,1.0,1.0,1.0,10.0,36.0
991.2808021521649,20.0,1.0,1.0,1.0,10.0,36.0
991.281552152165,20.0,2.0,1.0,1.0,10.0,36.0
991.5815521521649,20.0,2.0,1.0,1.0,10.0,36.0
991.582302152165,20.0,2.0,1.0,1.0,10.0,36.0
991.8823021521649,20.0,2.0,1.0,1.0,10.0,36.0
991.883052152165,20.0,2.0,1.0,1.0,10.0,36.0
992.1830521521649,20.0,2.0,1.0,1.0,10.0,36.0
992.183802152165,20.0,2.0,1.0,1.0,10.0,36.0
992.4838021521649,20.0,2.0,1.0,1.0,10.0,36.0
992.484552152165,20.0,2.0,1.0,1.0,10.0,36.0
992.7845521521649,20.0,2.0,1.0,1.0,10.0,36.0
992.785302152165,20.0,2.0,1.0,1.0,10.0,36.0
993.0853021521649,20.0,2.0,1.0,1.0,10.0,36.0
993.0860521521649,20.0,2.0,1.0,1.0,10.0,36.0
993.3860521521649,20.0,2.0,1.0,1.0,10.0,36.0
993.3868021521649,20.0,2.0,1.0,1.0,10.0,36.0
993.6868021521649,20.0,2.0,1.0,1.0,10.0,36.0
993.6875521521649,20.0,2.0,1.0,1.0,10.0,36.0
993.9875521521649,20.0,2.0,1.0,1.0,10.0,36.0
993.9883021521649,20.0,2.0,1.0,1.0,10.0,36.0
994.2883021521649,20.0,2.0,1.0,1.0,10.0,36.0
994.2890521521649,20.0,2.0,1.0,1.0,10.0,36.0
994.5890521521649,20.0,2.0,1.0,1.0,10.0,36.0
994.5898021521649,20.0,2.0,1.0,1.0,10.0,36.0
994.8898021521649,20.0,2.0,1.0,1.0,10.0,36.0
994.8905521521649,20.0,2.0,1.0,1.0,10.0,36.0
995.1905521521649,20.0,2.0,1.0,1.0,10.0,36.0
995.1913021521649,20.0,2.0,1.0,1.0,10.0,36.0
995.4913021521648,20.0,2.0,1.0,1.0,10.0,36.0
995.4920521521649,20.0,2.0,1.0,1.0,10.0,36.0
995.7920521521648,20.0,2.0,1.0,1.0,10.0,36.0
995.7928021521649,20.0,2.0,1.0,1.0,10.0,36.0
996.0928021521648,20.0,2.0,1.0,1.0,10.0,36.0
996.0935521521649,20.0,2.0,1.0,1.0,10.0,36.0
996.3935521521648,20.0,2.0,1.0,1.0,10.0,36.0
996.3943021521649,20.0,2.0,1.0,1.0,10.0,36.0
996.6943021521648,20.0,2.0,1.0,1.0,10.0,36.0
996.6950521521649,20.0,2.0,1.0,1.0,10.0,36.0
996.9950521521648,20.0,2.0,1.0,1.0,10.0,36.0
996.9958021521649,20.0,2.0,1.0,1.0,10.0,36.0
997.2958021521648,20.0,2.0,1.0,1.0,10.0,36.0
997.2965521521648,20.0,2.0,1.0,1.0,10.0,36.0
997.5965521521648,20.0,2.0,1.0,1.0,10.0,36.0
997.5973021521648,20.0,2.0,1.0,1.0,10.0,36.0
997.8973021521648,20.0,2.0,1.0,1.0,10.0,36.0
997.8980521521648,20.0,2.0,1.0,1.0,10.0,36.0
998.1980521521648,20.0,2.0,1.0,1.0,10.0,36.0
998.1988021521648,20.0,2.0,1.0,1.0,10.0,36.0
998.4988021521648,20.0,2.0,1.0,1.0,10.0,36.0
998.4995521521648,20.0,2.0,1.0,1.0,10.0,36.0
998.7995521521648,20.0,2.0,1.0,1.0,10.0,36.0
998.8003021521648,20.0,2.0,1.0,1.0,10.0,36.0
999.1003021521648,20.0,2.0,1.0,1.0,10.0,36.0
999.1010521521648,20.0,2.0,1.0,1.0,10.0,36.0
999.4010521521648,20.0,2.0,1.0,1.0,10.0,36.0
999.4018021521648,20.0,2.0,1.0,1.0,10.0,36.0
999.7018021521648,20.0,2.0,1.0,1.0,10.0,36.0
999.7025521521648,20.0,2.0,1.0,1.0,10.0,36.0
1000.0025521521648,20.0,2.0,1.0,1.0,10.0,36.0
1000.0033021521648,20.0,2.0,1.0,1.0,10.0,36.0
1000.3033021521647,20.0,2.0,1.0,1.0,10.0,36.0
1000.3040521521648,20.0,2.0,1.0,1.0,10.0,36.0
1000.6040521521647,20.0,2.0,1.0,1.0,10.0,36.0
1000.6048021521648,20.0,2.0,1.0,1.0,10.0,36.0
1000.9048021521647,20.0,2.0,1.0,1.0,10.0,36.0
1000.9055521521648,20.0,2.0,1.0,1.0,10.0,36.0
1001.2055521521647,20.0,2.0,1.0,1.0,10.0,36.0
1001.2063021521648,20.0,2.0,1.0,1.0,10.0,36.0
1001.5063021521647,20.0,2.0,1.0,1.0,10.0,36.0
1001.5070521521648,20.0,2.0,1.0,1.0,10.0,36.0
1001.8070521521647,20.0,2.0,1.0,1.0,10.0,36.0
1001.8078021521648,20.0,2.0,1.0,1.0,10.0,36.0
1002.1078021521647,20.0,2.0,1.0,1.0,10.0,36.0
1002.1085521521647,20.0,2.0,1.0,1.0,10.0,36.0
1002.4085521521647,20.0,2.0,1.0,1.0,10.0,36.0
1002.4093021521647,20.0,2.0,1.0,1.0,10.0,36.0
1002.7093021521647,20.0,2.0,1.0,1.0,10.0,36.0
1002.7100521521647,20.0,2.0,1.0,1.0,10.0,36.0
1003.0100521521647,20.0,2.0,1.0,1.0,10.0,36.0
1003.0108021521647,20.0,2.0,1.0,1.0,10.0,36.0
1003.3108021521647,20.0,2.0,1.0,1.0,10.0,36.0
1003.3115521521647,20.0,2.0,1.0,1.0,10.0,36.0
1003.6115521521647,20.0,2.0,1.0,1.0,10.0,36.0
1003.6123021521647,20.0,2.0,1.0,1.0,10.0,36.0
1003.9123021521647,20.0,2.0,1.0,1.0,10.0,36.0
1003.9130521521647,20.0,2.0,1.0,1.0,10.0,36.0
1004.2130521521647,20.0,2.0,1.0,1.0,10.0,36.0
1004.2138021521647,20.0,2.0,1.0,1.0,10.0,36.0
1004.5138021521647,20.0,2.0,1.0,1.0,10.0,36.0
1004.5145521521647,20.0,2.0,1.0,1.0,10.0,36.0
1004.8145521521647,20.0,2.0,1.0,1.0,10.0,36.0
1004.8153021521647,20.0,2.0,1.0,1.0,10.0,36.0
1005.1153021521646,20.0,2.0,1.0,1.0,10.0,36.0
1005.1160521521647,20.0,2.0,1.0,1.0,10.0,36.0
1005.4160521521646,20.0,2.0,1.0,1.0,10.0,36.0
1005.4168021521647,20.0,2.0,1.0,1.0,10.0,36.0
1005.7168021521646,20.0,2.0,1.0,1.0,10.0,36.0
1005.7175521521647,20.0,2.0,1.0,1.0,10.0,36.0
1006.0175521521646,20.0,2.0,1.0,1.0,10.0,36.0
1006.0183021521647,20.0,2.0,1.0,1.0,10.0,36.0
1006.3183021521646,20.0,2.0,1.0,1.0,10.0,36.0
1006.3190521521647,20.0,2.0,1.0,1.0,10.0,36.0
1006.6190521521646,20.0,2.0,1.0,1.0,10.0,36.0
1006.6198021521647,20.0,2.0,1.0,1.0,10.0,36.0
1006.9198021521646,20.0,2.0,1.0,1.0,10.0,36.0
1006.9205521521646,20.0,2.0,1.0,1.0,10.0,36.0
1007.2205521521646,20.0,2.0,1.0,1.0,10.0,36.0
1007.2213021521646,20.0,2.0,1.0,1.0,10.0,36.0
1007.5213021521646,20.0,2.0,1.0,1.0,10.0,36.0
1007.5220521521646,20.0,2.0,1.0,1.0,10.0,36.0
1007.8220521521646,20.0,2.0,1.0,1.0,10.0,36.0
1007.8228021521646,20.0,2.0,1.0,1.0,10.0,36.0
1008.1228021521646,20.0,2.0,1.0,1.0,10.0,36.0
1008.1235521521646,20.0,2.0,1.0,1.0,10.0,36.0
1008.4235521521646,20.0,2.0,1.0,1.0,10.0,36.0
1008.4243021521646,20.0,2.0,1.0,1.0,10.0,36.0
1008.7243021521646,20.0,2.0,1.0,1.0,10.0,36.0
1008.7250521521646,20.0,2.0,1.0,1.0,10.0,36.0
1009.0250521521646,20.0,2.0,1.0,1.0,10.0,36.0
1009.0258021521646,20.0,2.0,1.0,1.0,10.0,36.0
1009.3258021521646,20.0,2.0,1.0,1.0,10.0,36.0
1009.3265521521646,20.0,2.0,1.0,1.0,10.0,36.0
1009.6265521521645,20.0,2.0,1.0,1.0,10.0,36.0
1009.6273021521646,20.0,2.0,1.0,1.0,10.0,36.0
1009.9273021521645,20.0,2.0,1.0,1.0,10.0,36.0
1009.9280521521646,20.0,2.0,1.0,1.0,10.0,36.0
1010.2280521521645,20.0,2.0,1.0,1.0,10.0,36.0
1010.2288021521646,20.0,2.0,1.0,1.0,10.0,36.0
1010.5288021521645,20.0,2.0,1.0,1.0,10.0,36.0
1010.5295521521646,20.0,2.0,1.0,1.0,10.0,36.0
1010.8295521521645,20.0,2.0,1.0,1.0,10.0,36.0
1010.8303021521646,20.0,2.0,1.0,1.0,10.0,36.0
1011.1303021521645,20.0,2.0,1.0,1.0,10.0,36.0
1011.1310521521646,20.0,2.0,1.0,1.0,10.0,36.0
1011.4310521521645,20.0,2.0,1.0,1.0,10.0,36.0
1011.4318021521646,20.0,2.0,1.0,1.0,10.0,36.0
1011.7318021521645,20.0,2.0,1.0,1.0,10.0,36.0
1011.7325521521645,20.0,2.0,1.0,1.0,10.0,36.0
1012.0325521521645,20.0,2.0,1.0,1.0,10.0,36.0
1012.0333021521645,20.0,2.0,1.0,1.0,10.0,36.0
1012.3333021521645,20.0,2.0,1.0,1.0,10.0,36.0
1012.3340521521645,20.0,2.0,1.0,1.0,10.0,36.0
1012.6340521521645,20.0,2.0,1.0,1.0,10.0,36.0
1012.6348021521645,20.0,2.0,1.0,1.0,10.0,36.0
1012.9348021521645,20.0,2.0,1.0,1.0,10.0,36.0
1012.9355521521645,20.0,2.0,1.0,1.0,10.0,36.0
1013.2355521521645,20.0,2.0,1.0,1.0,10.0,36.0
1013.2363021521645,20.0,2.0,1.0,1.0,10.0,36.0
1013.5363021521645,20.0,2.0,1.0,1.0,10.0,36.0
1013.5370521521645,20.0,2.0,1.0,1.0,10.0,36.0
1013.8370521521645,20.0,2.0,1.0,1.0,10.0,36.0
1013.8378021521645,20.0,2.0,1.0,1.0,10.0,36.0
1014.1378021521645,20.0,2.0,1.0,1.0,10.0,36.0
1014.1385521521645,20.0,2.0,1.0,1.0,10.0,36.0
1014.4385521521644,20.0,2.0,1.0,1.0,10.0,36.0
1014.4393021521645,20.0,2.0,1.0,1.0,10.0,36.0
1014.7393021521644,20.0,2.0,1.0,1.0,10.0,36.0
1014.7400521521645,20.0,2.0,1.0,1.0,10.0,36.0
1015.0400521521644,20.0,2.0,1.0,1.0,10.0,36.0
1015.0408021521645,20.0,2.0,1.0,1.0,10.0,36.0
1015.3408021521644,20.0,2.0,1.0,1.0,10.0,36.0
1015.3415521521645,20.0,2.0,1.0,1.0,10.0,36.0
1015.6415521521644,20.0,2.0,1.0,1.0,10.0,36.0
1015.6423021521645,20.0,2.0,1.0,1.0,10.0,36.0
1015.9423021521644,20.0,2.0,1.0,1.0,10.0,36.0
1015.9430521521645,20.0,2.0,1.0,1.0,10.0,36.0
1016.2430521521644,20.0,2.0,1.0,1.0,10.0,36.0
1016.2438021521644,20.0,2.0,1.0,1.0,10.0,36.0
1016.5438021521644,20.0,2.0,1.0,1.0,10.0,36.0
1016.5445521521644,20.0,2.0,1.0,1.0,10.0,36.0
1016.8445521521644,20.0,2.0,1.0,1.0,10.0,36.0
1016.8453021521644,20.0,2.0,1.0,1.0,10.0,36.0
1017.1453021521644,20.0,2.0,1.0,1.0,10.0,36.0
1017.1460521521644,20.0,2.0,1.0,1.0,10.0,36.0
1017.4460521521644,20.0,2.0,1.0,1.0,10.0,36.0
1017.4468021521644,20.0,2.0,1.0,1.0,10.0,36.0
1017.7468021521644,20.0,2.0,1.0,1.0,10.0,36.0
1017.7475521521644,20.0,2.0,1.0,1.0,10.0,36.0
1018.0475521521644,20.0,2.0,1.0,1.0,10.0,36.0
1018.0483021521644,20.0,2.0,1.0,1.0,10.0,36.0
1018.3483021521644,20.0,2.0,1.0,1.0,10.0,36.0
1018.3490521521644,20.0,2.0,1.0,1.0,10.0,36.0
1018.6490521521644,20.0,2.0,1.0,1.0,10.0,36.0
1018.6498021521644,20.0,2.0,1.0,1.0,10.0,36.0
1018.9498021521644,20.0,2.0,1.0,1.0,10.0,36.0
1018.9505521521644,20.0,2.0,1.0,1.0,10.0,36.0
1019.2505521521643,20.0,2.0,1.0,1.0,10.0,36.0
1019.2513021521644,20.0,2.0,1.0,1.0,10.0,36.0
1019.5513021521643,20.0,2.0,1.0,1.0,10.0,36.0
1019.5520521521644,20.0,2.0,1.0,1.0,10.0,36.0
1019.8520521521643,20.0,2.0,1.0,1.0,10.0,36.0
1019.8528021521644,20.0,2.0,1.0,1.0,10.0,36.0
1020.1528021521643,20.0,2.0,1.0,1.0,10.0,36.0
1020.1535521521644,20.0,2.0,1.0,1.0,10.0,36.0
1020.4535521521643,20.0,2.0,1.0,1.0,10.0,36.0
1020.4543021521644,20.0,2.0,1.0,1.0,10.0,36.0
1020.7543021521643,20.0,2.0,1.0,1.0,10.0,36.0
1020.7550521521644,20.0,2.0,1.0,1.0,10.0,36.0
1021.0550521521643,20.0,2.0,1.0,1.0,10.0,36.0
1021.0558021521643,20.0,2.0,1.0,1.0,10.0,36.0
1021.3558021521643,20.0,2.0,1.0,1.0,10.0,36.0
1021.3565521521643,20.0,2.0,1.0,1.0,10.0,36.0
1021.6565521521643,20.0,2.0,1.0,1.0,10.0,36.0
1021.6573021521643,20.0,2.0,1.0,1.0,10.0,36.0
1021.9573021521643,20.0,2.0,1.0,1.0,10.0,36.0
1021.9580521521643,20.0,2.0,1.0,1.0,10.0,36.0
1022.2580521521643,20.0,2.0,1.0,1.0,10.0,36.0
1022.2588021521643,20.0,2.0,1.0,1.0,10.0,36.0
1022.5588021521643,20.0,2.0,1.0,1.0,10.0,36.0
1022.5595521521643,20.0,2.0,1.0,1.0,10.0,36.0
1022.8595521521643,20.0,2.0,1.0,1.0,10.0,36.0
1022.8603021521643,20.0,2.0,1.0,1.0,10.0,36.0
1023.1603021521643,20.0,2.0,1.0,1.0,10.0,36.0
1023.1610521521643,20.0,2.0,1.0,1.0,10.0,36.0
1023.4610521521643,20.0,2.0,1.0,1.0,10.0,36.0
1023.4618021521643,20.0,2.0,1.0,1.0,10.0,36.0
1023.7618021521643,20.0,2.0,1.0,1.0,10.0,36.0
1023.7625521521643,20.0,2.0,1.0,1.0,10.0,36.0
1024.0625521521642,20.0,2.0,1.0,1.0,10.0,36.0
1024.0633021521642,20.0,2.0,1.0,1.0,10.0,36.0
1024.3633021521641,20.0,2.0,1.0,1.0,10.0,36.0
1024.364052152164,20.0,2.0,1.0,1.0,10.0,36.0
1024.664052152164,20.0,2.0,1.0,1.0,10.0,36.0
1024.664802152164,20.0,2.0,1.0,1.0,10.0,36.0
1024.9648021521639,20.0,2.0,1.0,1.0,10.0,36.0
1024.9655521521638,20.0,2.0,1.0,1.0,10.0,36.0
1025.2655521521638,20.0,2.0,1.0,1.0,10.0,36.0
1025.2663021521637,20.0,2.0,1.0,1.0,10.0,36.0
1025.5663021521636,20.0,2.0,1.0,1.0,10.0,36.0
1025.5670521521636,21.0,2.0,1.0,1.0,10.0,36.0
1025.8670521521635,21.0,2.0,1.0,1.0,10.0,36.0
1025.8678116458343,21.0,2.0,1.0,1.0,10.0,36.0
1026.1678116458343,21.0,2.0,1.0,1.0,10.0,36.0
1026.168571139505,21.0,2.0,1.0,1.0,10.0,36.0
1026.468571139505,21.0,2.0,1.0,1.0,10.0,36.0
1026.4693306331758,21.0,2.0,1.0,1.0,10.0,36.0
1026.7693306331757,21.0,2.0,1.0,1.0,10.0,36.0
1026.7700901268465,21.0,2.0,1.0,1.0,10.0,36.0
1027.0700901268465,21.0,2.0,1.0,1.0,10.0,36.0
1027.0708496205173,22.0,2.0,1.0,1.0,10.0,36.0
1027.3708496205172,22.0,2.0,1.0,1.0,10.0,36.0
1027.3716188512865,22.0,2.0,1.0,1.0,10.0,36.0
1027.6716188512864,22.0,2.0,1.0,1.0,10.0,36.0
1027.6723880820557,22.0,2.0,1.0,1.0,10.0,36.0
1027.9723880820557,22.0,2.0,1.0,1.0,10.0,36.0
1027.973157312825,22.0,2.0,1.0,1.0,10.0,36.0
1028.2731573128249,22.0,2.0,1.0,1.0,10.0,36.0
1028.2739265435941,22.0,2.0,1.0,1.0,10.0,36.0
1028.573926543594,22.0,2.0,1.0,1.0,10.0,36.0
1028.5746957743634,22.0,2.0,1.0,1.0,10.0,36.0
1028.8746957743633,22.0,2.0,1.0,1.0,10.0,36.0
1028.8754650051326,22.0,2.0,1.0,1.0,10.0,36.0
1029.1754650051325,22.0,2.0,1.0,1.0,10.0,36.0
1029.1762342359018,23.0,2.0,1.0,1.0,10.0,36.0
1029.4762342359018,23.0,2.0,1.0,1.0,10.0,36.0
1029.4770134566809,23.0,2.0,1.0,1.0,10.0,36.0
1029.7770134566808,23.0,2.0,1.0,1.0,10.0,36.0
1029.77779267746,23.0,2.0,1.0,1.0,10.0,36.0
1030.07779267746,23.0,2.0,1.0,1.0,10.0,36.0
1030.078571898239,23.0,2.0,1.0,1.0,10.0,36.0
1030.378571898239,23.0,2.0,1.0,1.0,10.0,36.0
1030.379351119018,23.0,2.0,1.0,1.0,10.0,36.0
1030.679351119018,23.0,2.0,1.0,1.0,10.0,36.0
1030.6801303397972,23.0,2.0,1.0,1.0,10.0,36.0
1030.9801303397971,23.0,2.0,1.0,1.0,10.0,36.0
1030.9809095605763,23.0,2.0,1.0,1.0,10.0,36.0
1031.2809095605762,23.0,2.0,1.0,1.0,10.0,36.0
1031.2816887813553,23.0,2.0,1.0,1.0,10.0,36.0
1031.5816887813553,23.0,2.0,1.0,1.0,10.0,36.0
1031.5824680021344,23.0,2.0,1.0,1.0,10.0,36.0
1031.8824680021344,23.0,2.0,1.0,1.0,10.0,36.0
1031.8832472229135,23.0,2.0,1.0,1.0,10.0,36.0
1032.1832472229135,23.0,2.0,1.0,1.0,10.0,36.0
1032.1840264436926,23.0,2.0,1.0,1.0,10.0,36.0
1032.4840264436925,23.0,2.0,1.0,1.0,10.0,36.0
1032.4848056644717,23.0,2.0,1.0,1.0,10.0,36.0
1032.7848056644716,23.0,2.0,1.0,1.0,10.0,36.0
1032.7855848852507,23.0,2.0,1.0,1.0,10.0,36.0
1033.0855848852507,23.0,2.0,1.0,1.0,10.0,36.0
1033.0863641060298,23.0,2.0,1.0,1.0,10.0,36.0
1033.3863641060298,23.0,2.0,1.0,1.0,10.0,36.0
1033.3871433268089,23.0,2.0,1.0,1.0,10.0,36.0
1033.6871433268088,23.0,2.0,1.0,1.0,10.0,36.0
1033.687922547588,23.0,2.0,1.0,1.0,10.0,36.0
1033.987922547588,23.0,2.0,1.0,1.0,10.0,36.0
1033.988701768367,23.0,2.0,1.0,1.0,10.0,36.0
1034.288701768367,23.0,2.0,1.0,1.0,10.0,36.0
1034.289480989146,23.0,2.0,1.0,1.0,10.0,36.0
1034.589480989146,23.0,2.0,1.0,1.0,10.0,36.0
1034.5902602099252,23.0,2.0,1.0,1.0,10.0,36.0
1034.8902602099251,23.0,2.0,1.0,1.0,10.0,36.0
1034.8910394307043,23.0,2.0,1.0,1.0,10.0,36.0
1035.1910394307042,23.0,2.0,1.0,1.0,10.0,36.0
1035.1918186514833,23.0,2.0,1.0,1.0,10.0,36.0
1035.4918186514833,23.0,2.0,1.0,1.0,10.0,36.0
1035.4925978722624,23.0,2.0,1.0,1.0,10.0,36.0
1035.7925978722624,23.0,2.0,1.0,1.0,10.0,36.0
1035.7933770930415,23.0,2.0,1.0,1.0,10.0,36.0
1036.0933770930415,23.0,2.0,1.0,1.0,10.0,36.0
1036.0941563138206,23.0,2.0,1.0,1.0,10.0,36.0
1036.3941563138205,23.0,2.0,1.0,1.0,10.0,36.0
1036.3949355345997,23.0,2.0,1.0,1.0,10.0,36.0
1036.6949355345996,23.0,2.0,1.0,1.0,10.0,36.0
1036.6957147553787,23.0,2.0,1.0,1.0,10.0,36.0
1036.9957147553787,23.0,2.0,1.0,1.0,10.0,36.0
1036.9964939761578,23.0,2.0,1.0,1.0,10.0,36.0
1037.2964939761578,23.0,2.0,1.0,1.0,10.0,36.0
1037.2972731969369,23.0,2.0,1.0,1.0,10.0,36.0
1037.5972731969368,23.0,2.0,1.0,1.0,10.0,36.0
1037.598052417716,23.0,2.0,1.0,1.0,10.0,36.0
1037.898052417716,23.0,2.0,1.0,1.0,10.0,36.0
1037.898831638495,23.0,2.0,1.0,1.0,10.0,36.0
1038.198831638495,23.0,2.0,1.0,1.0,10.0,36.0
1038.1996108592741,23.0,2.0,1.0,1.0,10.0,36.0
1038.499610859274,23.0,2.0,1.0,1.0,10.0,36.0
1038.5003900800532,24.0,2.0,1.0,1.0,10.0,36.0
1038.8003900800531,24.0,2.0,1.0,1.0,10.0,36.0
1038.8011795537373,24.0,2.0,1.0,1.0,10.0,36.0
1039.1011795537372,24.0,2.0,1.0,1.0,10.0,36.0
1039.1019690274213,24.0,2.0,1.0,1.0,10.0,36.0
1039.4019690274213,24.0,2.0,1.0,1.0,10.0,36.0
1039.4027585011054,24.0,2.0,1.0,1.0,10.0,36.0
1039.7027585011053,24.0,2.0,1.0,1.0,10.0,36.0
1039.7035479747894,24.0,2.0,1.0,1.0,10.0,36.0
1040.0035479747894,24.0,2.0,1.0,1.0,10.0,36.0
1040.0043374484735,24.0,2.0,1.0,1.0,10.0,36.0
1040.3043374484735,24.0,2.0,1.0,1.0,10.0,36.0
1040.3051269221576,24.0,2.0,1.0,1.0,10.0,36.0
1040.6051269221575,24.0,2.0,1.0,1.0,10.0,36.0
1040.6059163958416,24.0,2.0,1.0,1.0,10.0,36.0
1040.9059163958416,24.0,2.0,1.0,1.0,10.0,36.0
1040.9067058695257,24.0,2.0,1.0,1.0,10.0,36.0
1041.2067058695256,24.0,2.0,1.0,1.0,10.0,36.0
1041.2074953432098,24.0,2.0,1.0,1.0,10.0,36.0
1041.5074953432097,24.0,2.0,1.0,1.0,10.0,36.0
1041.5082848168938,24.0,2.0,1.0,1.0,10.0,36.0
1041.8082848168938,24.0,2.0,1.0,1.0,10.0,36.0
1041.8090742905779,24.0,2.0,1.0,1.0,10.0,36.0
1042.1090742905778,24.0,2.0,1.0,1.0,10.0,36.0
1042.109863764262,24.0,2.0,1.0,1.0,10.0,36.0
1042.409863764262,24.0,2.0,1.0,1.0,10.0,36.0
1042.410653237946,24.0,2.0,1.0,1.0,10.0,36.0
1042.710653237946,24.0,2.0,1.0,1.0,10.0,36.0
1042.71144271163,24.0,2.0,1.0,1.0,10.0,36.0
1043.01144271163,24.0,2.0,1.0,1.0,10.0,36.0
1043.0122321853141,24.0,2.0,1.0,1.0,10.0,36.0
1043.312232185314,24.0,2.0,1.0,1.0,10.0,36.0
1043.3130216589982,24.0,2.0,1.0,1.0,10.0,36.0
1043.6130216589982,24.0,2.0,1.0,1.0,10.0,36.0
1043.6138111326823,24.0,2.0,1.0,1.0,10.0,36.0
1043.9138111326822,24.0,2.0,1.0,1.0,10.0,36.0
1043.9146006063663,24.0,2.0,1.0,1.0,10.0,36.0
1044.2146006063663,24.0,2.0,1.0,1.0,10.0,36.0
1044.2153900800504,24.0,2.0,1.0,1.0,10.0,36.0
1044.5153900800503,24.0,2.0,1.0,1.0,10.0,36.0
1044.5161795537344,24.0,2.0,1.0,1.0,10.0,36.0
1044.8161795537344,24.0,2.0,1.0,1.0,10.0,36.0
1044.8169690274185,24.0,2.0,1.0,1.0,10.0,36.0
1045.1169690274185,24.0,2.0,1.0,1.0,10.0,36.0
1045.1177585011026,24.0,2.0,1.0,1.0,10.0,36.0
1045.4177585011025,24.0,2.0,1.0,1.0,10.0,36.0
1045.4185479747866,24.0,2.0,1.0,1.0,10.0,36.0
1045.7185479747866,24.0,2.0,1.0,1.0,10.0,36.0
1045.7193374484707,24.0,2.0,1.0,1.0,10.0,36.0
1046.0193374484707,24.0,2.0,1.0,1.0,10.0,36.0
1046.0201269221548,24.0,2.0,1.0,1.0,10.0,36.0
1046.3201269221547,24.0,2.0,1.0,1.0,10.0,36.0
1046.3209163958388,24.0,2.0,1.0,1.0,10.0,36.0
1046.6209163958388,24.0,2.0,1.0,1.0,10.0,36.0
1046.6217058695229,24.0,2.0,1.0,1.0,10.0,36.0
1046.9217058695228,24.0,2.0,1.0,1.0,10.0,36.0
1046.922495343207,24.0,2.0,1.0,1.0,10.0,36.0
1047.222495343207,24.0,2.0,1.0,1.0,10.0,36.0
1047.223284816891,24.0,2.0,1.0,1.0,10.0,36.0
1047.523284816891,24.0,2.0,1.0,1.0,10.0,36.0
1047.524074290575,24.0,2.0,1.0,1.0,10.0,36.0
1047.824074290575,24.0,2.0,1.0,1.0,10.0,36.0
1047.8248637642591,24.0,2.0,1.0,1.0,10.0,36.0
1048.124863764259,24.0,2.0,1.0,1.0,10.0,36.0
1048.1256532379432,24.0,2.0,1.0,1.0,10.0,36.0
1048.4256532379432,24.0,2.0,1.0,1.0,10.0,36.0
1048.4264427116273,24.0,2.0,1.0,1.0,10.0,36.0
1048.7264427116272,24.0,2.0,1.0,1.0,10.0,36.0
1048.7272321853113,24.0,2.0,1.0,1.0,10.0,36.0
1049.0272321853113,24.0,2.0,1.0,1.0,10.0,36.0
1049.0280216589954,24.0,2.0,1.0,1.0,10.0,36.0
1049.3280216589953,24.0,2.0,1.0,1.0,10.0,36.0
1049.3288111326794,24.0,2.0,1.0,1.0,10.0,36.0
1049.6288111326794,24.0,2.0,1.0,1.0,10.0,36.0
1049.6296006063635,24.0,2.0,1.0,1.0,10.0,36.0
1049.9296006063635,24.0,2.0,1.0,1.0,10.0,36.0
1049.9303900800476,24.0,2.0,1.0,1.0,10.0,36.0
1050.2303900800475,24.0,2.0,1.0,1.0,10.0,36.0
1050.2311795537316,24.0,2.0,1.0,1.0,10.0,36.0
1050.5311795537316,24.0,2.0,1.0,1.0,10.0,36.0
1050.5319690274157,24.0,2.0,1.0,1.0,10.0,36.0
1050.8319690274157,24.0,2.0,1.0,1.0,10.0,36.0
1050.8327585010998,24.0,2.0,1.0,1.0,10.0,36.0
1051.1327585010997,24.0,2.0,1.0,1.0,10.0,36.0
1051.1335479747838,24.0,2.0,1.0,1.0,10.0,36.0
1051.4335479747838,24.0,2.0,1.0,1.0,10.0,36.0
1051.4343374484679,24.0,2.0,1.0,1.0,10.0,36.0
1051.7343374484678,24.0,2.0,1.0,1.0,10.0,36.0
1051.735126922152,24.0,2.0,1.0,1.0,10.0,36.0
1052.035126922152,24.0,2.0,1.0,1.0,10.0,36.0
1052.035916395836,24.0,2.0,1.0,1.0,10.0,36.0
1052.335916395836,24.0,2.0,1.0,1.0,10.0,36.0
1052.33670586952,24.0,2.0,1.0,1.0,10.0,36.0
1052.63670586952,24.0,2.0,1.0,1.0,10.0,36.0
1052.6374953432041,24.0,2.0,1.0,1.0,10.0,36.0
1052.937495343204,24.0,2.0,1.0,1.0,10.0,36.0
1052.9382848168882,24.0,2.0,1.0,1.0,10.0,36.0
1053.2382848168882,24.0,2.0,1.0,1.0,10.0,36.0
1053.2390742905723,24.0,2.0,1.0,1.0,10.0,36.0
1053.5390742905722,24.0,2.0,1.0,1.0,10.0,36.0
1053.5398637642563,24.0,2.0,1.0,1.0,10.0,36.0
1053.8398637642563,24.0,2.0,1.0,1.0,10.0,36.0
1053.8406532379404,24.0,2.0,1.0,1.0,10.0,36.0
1054.1406532379403,24.0,2.0,1.0,1.0,10.0,36.0
1054.1414427116244,24.0,2.0,1.0,1.0,10.0,36.0
1054.4414427116244,24.0,2.0,1.0,1.0,10.0,36.0
1054.4422321853085,24.0,2.0,1.0,1.0,10.0,36.0
1054.7422321853085,24.0,2.0,1.0,1.0,10.0,36.0
1054.7430216589926,24.0,2.0,1.0,1.0,10.0,36.0
1055.0430216589925,24.0,2.0,1.0,1.0,10.0,36.0
1055.0438111326766,24.0,2.0,1.0,1.0,10.0,36.0
1055.3438111326766,24.0,2.0,1.0,1.0,10.0,36.0
1055.3446006063607,24.0,2.0,1.0,1.0,10.0,36.0
1055.6446006063607,24.0,2.0,1.0,1.0,10.0,36.0
1055.6453900800448,24.0,2.0,1.0,1.0,10.0,36.0
1055.9453900800447,24.0,2.0,1.0,1.0,10.0,36.0
1055.9461795537288,24.0,2.0,1.0,1.0,10.0,36.0
1056.2461795537288,24.0,2.0,1.0,1.0,10.0,36.0
1056.246969027413,24.0,2.0,1.0,1.0,10.0,36.0
1056.5469690274128,24.0,2.0,1.0,1.0,10.0,36.0
1056.547758501097,24.0,2.0,1.0,1.0,10.0,36.0
1056.847758501097,24.0,2.0,1.0,1.0,10.0,36.0
1056.848547974781,24.0,2.0,1.0,1.0,10.0,36.0
1057.148547974781,24.0,2.0,1.0,1.0,10.0,36.0
1057.149337448465,24.0,2.0,1.0,1.0,10.0,36.0
1057.449337448465,24.0,2.0,1.0,1.0,10.0,36.0
1057.4501269221491,24.0,2.0,1.0,1.0,10.0,36.0
1057.750126922149,24.0,2.0,1.0,1.0,10.0,36.0
1057.7509163958332,24.0,2.0,1.0,1.0,10.0,36.0
1058.0509163958332,24.0,2.0,1.0,1.0,10.0,36.0
1058.0517058695173,24.0,2.0,1.0,1.0,10.0,36.0
1058.3517058695172,24.0,2.0,1.0,1.0,10.0,36.0
1058.3524953432013,24.0,2.0,1.0,1.0,10.0,36.0
1058.6524953432013,24.0,2.0,1.0,1.0,10.0,36.0
1058.6532848168854,24.0,2.0,1.0,1.0,10.0,36.0
1058.9532848168853,24.0,2.0,1.0,1.0,10.0,36.0
1058.9540742905695,24.0,2.0,1.0,1.0,10.0,36.0
1059.2540742905694,24.0,2.0,1.0,1.0,10.0,36.0
1059.2548637642535,24.0,2.0,1.0,1.0,10.0,36.0
1059.5548637642535,24.0,2.0,1.0,1.0,10.0,36.0
1059.5556532379376,24.0,2.0,1.0,1.0,10.0,36.0
1059.8556532379375,24.0,2.0,1.0,1.0,10.0,36.0
1059.8564427116216,24.0,2.0,1.0,1.0,10.0,36.0
1060.1564427116216,24.0,2.0,1.0,1.0,10.0,36.0
1060.1572321853057,24.0,2.0,1.0,1.0,10.0,36.0
1060.4572321853057,24.0,2.0,1.0,1.0,10.0,36.0
1060.4580216589898,24.0,2.0,1.0,1.0,10.0,36.0
1060.7580216589897,24.0,2.0,1.0,1.0,10.0,36.0
1060.7588111326738,24.0,2.0,1.0,1.0,10.0,36.0
1061.0588111326738,24.0,2.0,1.0,1.0,10.0,36.0
1061.059600606358,24.0,2.0,1.0,1.0,10.0,36.0
1061.3596006063578,24.0,2.0,1.0,1.0,10.0,36.0
1061.360390080042,24.0,2.0,1.0,1.0,10.0,36.0
1061.660390080042,24.0,2.0,1.0,1.0,10.0,36.0
1061.661179553726,24.0,2.0,1.0,1.0,10.0,36.0
1061.961179553726,24.0,2.0,1.0,1.0,10.0,36.0
1061.96196902741,24.0,2.0,1.0,1.0,10.0,36.0
1062.26196902741,24.0,2.0,1.0,1.0,10.0,36.0
1062.2627585010941,24.0,2.0,1.0,1.0,10.0,36.0
1062.562758501094,24.0,2.0,1.0,1.0,10.0,36.0
1062.5635479747782,24.0,2.0,1.0,1.0,10.0,36.0
1062.8635479747782,24.0,2.0,1.0,1.0,10.0,36.0
1062.8643374484623,24.0,2.0,1.0,1.0,10.0,36.0
1063.1643374484622,24.0,2.0,1.0,1.0,10.0,36.0
1063.1651269221463,24.0,2.0,1.0,1.0,10.0,36.0
1063.4651269221463,24.0,2.0,1.0,1.0,10.0,36.0
1063.4659163958304,24.0,2.0,1.0,1.0,10.0,36.0
1063.7659163958303,24.0,2.0,1.0,1.0,10.0,36.0
1063.7667058695145,24.0,2.0,1.0,1.0,10.0,36.0
1064.0667058695144,24.0,2.0,1.0,1.0,10.0,36.0
1064.0674953431985,24.0,2.0,1.0,1.0,10.0,36.0
1064.3674953431985,24.0,2.0,1.0,1.0,10.0,36.0
1064.3682848168826,24.0,2.0,1.0,1.0,10.0,36.0
1064.6682848168825,24.0,2.0,1.0,1.0,10.0,36.0
1064.6690742905666,23.0,2.0,1.0,1.0,10.0,36.0
1064.9690742905666,23.0,2.0,1.0,1.0,10.0,36.0
1064.9698535113457,23.0,2.0,1.0,1.0,10.0,36.0
1065.2698535113457,23.0,2.0,1.0,1.0,10.0,36.0
1065.2706327321248,23.0,2.0,1.0,1.0,10.0,36.0
1065.5706327321247,23.0,2.0,1.0,1.0,10.0,36.0
1065.5714119529039,23.0,2.0,1.0,1.0,10.0,36.0
1065.8714119529038,23.0,2.0,1.0,1.0,10.0,36.0
1065.872191173683,23.0,2.0,1.0,1.0,10.0,36.0
1066.172191173683,23.0,2.0,1.0,1.0,10.0,36.0
1066.172970394462,23.0,2.0,1.0,1.0,10.0,36.0
1066.472970394462,23.0,2.0,1.0,1.0,10.0,36.0
1066.473749615241,23.0,2.0,1.0,1.0,10.0,36.0
1066.773749615241,23.0,2.0,1.0,1.0,10.0,36.0
1066.7745288360202,23.0,2.0,1.0,1.0,10.0,36.0
1067.0745288360201,23.0,2.0,1.0,1.0,10.0,36.0
1067.0753080567993,23.0,2.0,1.0,1.0,10.0,36.0
1067.3753080567992,23.0,2.0,1.0,1.0,10.0,36.0
1067.3760872775783,23.0,2.0,1.0,1.0,10.0,36.0
1067.6760872775783,23.0,2.0,1.0,1.0,10.0,36.0
1067.6768664983574,23.0,2.0,1.0,1.0,10.0,36.0
1067.9768664983574,23.0,2.0,1.0,1.0,10.0,36.0
1067.9776457191365,23.0,2.0,1.0,1.0,10.0,36.0
1068.2776457191364,23.0,2.0,1.0,1.0,10.0,36.0
1068.2784249399156,23.0,2.0,1.0,1.0,10.0,36.0
1068.5784249399155,23.0,2.0,1.0,1.0,10.0,36.0
1068.5792041606946,23.0,2.0,1.0,1.0,10.0,36.0
1068.8792041606946,23.0,2.0,1.0,1.0,10.0,36.0
1068.8799833814737,23.0,2.0,1.0,1.0,10.0,36.0
1069.1799833814737,23.0,2.0,1.0,1.0,10.0,36.0
1069.1807626022528,23.0,2.0,1.0,1.0,10.0,36.0
1069.4807626022528,23.0,2.0,1.0,1.0,10.0,36.0
1069.4815418230319,23.0,2.0,1.0,1.0,10.0,36.0
1069.7815418230318,23.0,2.0,1.0,1.0,10.0,36.0
1069.782321043811,22.0,2.0,1.0,1.0,10.0,36.0
1070.082321043811,22.0,2.0,1.0,1.0,10.0,36.0
1070.0830902745802,22.0,2.0,1.0,1.0,10.0,36.0
1070.3830902745801,22.0,2.0,1.0,1.0,10.0,36.0
1070.3838595053494,22.0,2.0,1.0,1.0,10.0,36.0
1070.6838595053493,22.0,2.0,1.0,1.0,10.0,36.0
1070.6846287361186,22.0,2.0,1.0,1.0,10.0,36.0
1070.9846287361186,22.0,2.0,1.0,1.0,10.0,36.0
1070.9853979668878,22.0,2.0,1.0,1.0,10.0,36.0
1071.2853979668878,22.0,2.0,1.0,1.0,10.0,36.0
1071.286167197657,23.0,2.0,1.0,1.0,10.0,36.0
1071.586167197657,23.0,2.0,1.0,1.0,10.0,36.0
1071.5869464184361,24.0,2.0,1.0,1.0,10.0,36.0
1071.886946418436,24.0,2.0,1.0,1.0,10.0,36.0
1071.8877358921202,24.0,2.0,1.0,1.0,10.0,36.0
1072.1877358921201,24.0,2.0,1.0,1.0,10.0,36.0
1072.1885253658043,24.0,2.0,1.0,1.0,10.0,36.0
1072.4885253658042,24.0,2.0,1.0,1.0,10.0,36.0
1072.4893148394883,24.0,2.0,1.0,1.0,10.0,36.0
1072.7893148394883,24.0,2.0,1.0,1.0,10.0,36.0
1072.7901043131724,24.0,2.0,1.0,1.0,10.0,36.0
1073.0901043131723,24.0,2.0,1.0,1.0,10.0,36.0
1073.0908937868564,24.0,2.0,1.0,1.0,10.0,36.0
1073.3908937868564,24.0,2.0,1.0,1.0,10.0,36.0
1073.3916832605405,24.0,2.0,1.0,1.0,10.0,36.0
1073.6916832605405,24.0,2.0,1.0,1.0,10.0,36.0
1073.6924727342246,24.0,2.0,1.0,1.0,10.0,36.0
1073.9924727342245,24.0,2.0,1.0,1.0,10.0,36.0
1073.9932622079086,24.0,2.0,1.0,1.0,10.0,36.0
1074.2932622079086,24.0,2.0,1.0,1.0,10.0,36.0
1074.2940516815927,24.0,2.0,1.0,1.0,10.0,36.0
1074.5940516815926,24.0,2.0,1.0,1.0,10.0,36.0
1074.5948411552768,24.0,2.0,1.0,1.0,10.0,36.0
1074.8948411552767,24.0,2.0,1.0,1.0,10.0,36.0
1074.8956306289608,24.0,2.0,1.0,1.0,10.0,36.0
1075.1956306289608,24.0,2.0,1.0,1.0,10.0,36.0
1075.1964201026449,24.0,2.0,1.0,1.0,10.0,36.0
1075.4964201026448,24.0,2.0,1.0,1.0,10.0,36.0
1075.497209576329,24.0,2.0,1.0,1.0,10.0,36.0
1075.797209576329,24.0,2.0,1.0,1.0,10.0,36.0
1075.797999050013,24.0,2.0,1.0,1.0,10.0,36.0
1076.097999050013,24.0,2.0,1.0,1.0,10.0,36.0
1076.098788523697,24.0,2.0,1.0,1.0,10.0,36.0
1076.398788523697,24.0,2.0,1.0,1.0,10.0,36.0
1076.3995779973811,24.0,2.0,1.0,1.0,10.0,36.0
1076.699577997381,24.0,2.0,1.0,1.0,10.0,36.0
1076.7003674710652,24.0,2.0,1.0,1.0,10.0,36.0
1077.0003674710651,24.0,2.0,1.0,1.0,10.0,36.0
1077.0011569447493,24.0,2.0,1.0,1.0,10.0,36.0
1077.3011569447492,24.0,2.0,1.0,1.0,10.0,36.0
1077.3019464184333,24.0,2.0,1.0,1.0,10.0,36.0
1077.6019464184333,24.0,2.0,1.0,1.0,10.0,36.0
1077.6027358921174,24.0,2.0,1.0,1.0,10.0,36.0
1077.9027358921173,24.0,2.0,1.0,1.0,10.0,36.0
1077.9035253658014,24.0,2.0,1.0,1.0,10.0,36.0
1078.2035253658014,24.0,2.0,1.0,1.0,10.0,36.0
1078.2043148394855,24.0,2.0,1.0,1.0,10.0,36.0
1078.5043148394855,24.0,2.0,1.0,1.0,10.0,36.0
1078.5051043131696,24.0,2.0,1.0,1.0,10.0,36.0
1078.8051043131695,24.0,2.0,1.0,1.0,10.0,36.0
1078.8058937868536,24.0,2.0,1.0,1.0,10.0,36.0
1079.1058937868536,24.0,2.0,1.0,1.0,10.0,36.0
1079.1066832605377,24.0,2.0,1.0,1.0,10.0,36.0
1079.4066832605376,24.0,2.0,1.0,1.0,10.0,36.0
1079.4074727342218,24.0,2.0,1.0,1.0,10.0,36.0
1079.7074727342217,24.0,2.0,1.0,1.0,10.0,36.0
1079.7082622079058,24.0,2.0,1.0,1.0,10.0,36.0
1080.0082622079058,24.0,2.0,1.0,1.0,10.0,36.0
1080.0090516815899,24.0,2.0,1.0,1.0,10.0,36.0
1080.3090516815898,24.0,2.0,1.0,1.0,10.0,36.0
1080.309841155274,24.0,2.0,1.0,1.0,10.0,36.0
1080.609841155274,24.0,2.0,1.0,1.0,10.0,36.0
1080.610630628958,24.0,2.0,1.0,1.0,10.0,36.0
1080.910630628958,24.0,2.0,1.0,1.0,10.0,36.0
1080.911420102642,24.0,2.0,1.0,1.0,10.0,36.0
1081.211420102642,24.0,2.0,1.0,1.0,10.0,36.0
1081.2122095763261,24.0,2.0,1.0,1.0,10.0,36.0
1081.512209576326,24.0,2.0,1.0,1.0,10.0,36.0
1081.5129990500102,24.0,2.0,1.0,1.0,10.0,36.0
1081.8129990500101,24.0,2.0,1.0,1.0,10.0,36.0
1081.8137885236943,24.0,2.0,1.0,1.0,10.0,36.0
1082.1137885236942,24.0,2.0,1.0,1.0,10.0,36.0
1082.1145779973783,24.0,2.0,1.0,1.0,10.0,36.0
1082.4145779973783,24.0,2.0,1.0,1.0,10.0,36.0
1082.4153674710624,24.0,2.0,1.0,1.0,10.0,36.0
1082.7153674710623,24.0,2.0,1.0,1.0,10.0,36.0
1082.7161569447464,24.0,2.0,1.0,1.0,10.0,36.0
1083.0161569447464,24.0,2.0,1.0,1.0,10.0,36.0
1083.0169464184305,24.0,2.0,1.0,1.0,10.0,36.0
1083.3169464184305,24.0,2.0,1.0,1.0,10.0,36.0
1083.3177358921146,24.0,2.0,1.0,1.0,10.0,36.0
1083.6177358921145,24.0,2.0,1.0,1.0,10.0,36.0
1083.6185253657986,24.0,2.0,1.0,1.0,10.0,36.0
1083.9185253657986,24.0,2.0,1.0,1.0,10.0,36.0
1083.9193148394827,24.0,2.0,1.0,1.0,10.0,36.0
1084.2193148394826,24.0,2.0,1.0,1.0,10.0,36.0
1084.2201043131668,24.0,2.0,1.0,1.0,10.0,36.0
1084.5201043131667,24.0,2.0,1.0,1.0,10.0,36.0
1084.5208937868508,24.0,2.0,1.0,1.0,10.0,36.0
1084.8208937868508,24.0,2.0,1.0,1.0,10.0,36.0
1084.8216832605349,24.0,2.0,1.0,1.0,10.0,36.0
1085.1216832605348,24.0,2.0,1.0,1.0,10.0,36.0
1085.122472734219,24.0,2.0,1.0,1.0,10.0,36.0
1085.422472734219,24.0,2.0,1.0,1.0,10.0,36.0
1085.423262207903,24.0,2.0,1.0,1.0,10.0,36.0
1085.723262207903,24.0,2.0,1.0,1.0,10.0,36.0
1085.724051681587,24.0,2.0,1.0,1.0,10.0,36.0
1086.024051681587,24.0,2.0,1.0,1.0,10.0,36.0
1086.0248411552711,24.0,2.0,1.0,1.0,10.0,36.0
1086.324841155271,24.0,2.0,1.0,1.0,10.0,36.0
1086.3256306289552,24.0,2.0,1.0,1.0,10.0,36.0
1086.6256306289552,24.0,2.0,1.0,1.0,10.0,36.0
1086.6264201026393,24.0,2.0,1.0,1.0,10.0,36.0
1086.9264201026392,24.0,2.0,1.0,1.0,10.0,36.0
1086.9272095763233,24.0,2.0,1.0,1.0,10.0,36.0
1087.2272095763233,24.0,2.0,1.0,1.0,10.0,36.0
1087.2279990500074,24.0,2.0,1.0,1.0,10.0,36.0
1087.5279990500073,24.0,2.0,1.0,1.0,10.0,36.0
1087.5287885236914,24.0,2.0,1.0,1.0,10.0,36.0
1087.8287885236914,24.0,2.0,1.0,1.0,10.0,36.0
1087.8295779973755,24.0,2.0,1.0,1.0,10.0,36.0
1088.1295779973755,24.0,2.0,1.0,1.0,10.0,36.0
1088.1303674710596,24.0,2.0,1.0,1.0,10.0,36.0
1088.4303674710595,24.0,2.0,1.0,1.0,10.0,36.0
1088.4311569447436,24.0,2.0,1.0,1.0,10.0,36.0
1088.7311569447436,24.0,2.0,1.0,1.0,10.0,36.0
1088.7319464184277,24.0,2.0,1.0,1.0,10.0,36.0
1089.0319464184277,24.0,2.0,1.0,1.0,10.0,36.0
1089.0327358921118,24.0,2.0,1.0,1.0,10.0,36.0
1089.3327358921117,24.0,2.0,1.0,1.0,10.0,36.0
1089.3335253657958,24.0,2.0,1.0,1.0,10.0,36.0
1089.6335253657958,24.0,2.0,1.0,1.0,10.0,36.0
1089.6343148394799,24.0,2.0,1.0,1.0,10.0,36.0
1089.9343148394798,24.0,2.0,1.0,1.0,10.0,36.0
1089.935104313164,24.0,2.0,1.0,1.0,10.0,36.0
1090.235104313164,24.0,2.0,1.0,1.0,10.0,36.0
1090.235893786848,24.0,2.0,1.0,1.0,10.0,36.0
1090.535893786848,24.0,2.0,1.0,1.0,10.0,36.0
1090.536683260532,24.0,2.0,1.0,1.0,10.0,36.0
1090.836683260532,24.0,2.0,1.0,1.0,10.0,36.0
1090.8374727342161,24.0,2.0,1.0,1.0,10.0,36.0
1091.137472734216,24.0,2.0,1.0,1.0,10.0,36.0
1091.1382622079002,24.0,2.0,1.0,1.0,9.0,36.0
1091.4382622079002,24.0,2.0,1.0,1.0,9.0,36.0
1091.4390516815843,24.0,2.0,1.0,1.0,9.0,36.0
1091.7390516815842,24.0,2.0,1.0,1.0,9.0,36.0
1091.7398411552683,24.0,2.0,1.0,1.0,9.0,36.0
1092.0398411552683,24.0,2.0,1.0,1.0,9.0,36.0
1092.0406306289524,24.0,2.0,1.0,1.0,9.0,36.0
1092.3406306289523,24.0,2.0,1.0,1.0,9.0,36.0
1092.3414201026364,24.0,2.0,1.0,1.0,9.0,36.0
1092.6414201026364,24.0,2.0,1.0,1.0,9.0,36.0
1092.6422095763205,24.0,2.0,1.0,1.0,9.0,36.0
1092.9422095763205,24.0,2.0,1.0,1.0,9.0,36.0
1092.9429990500046,24.0,2.0,1.0,1.0,9.0,36.0
1093.2429990500045,24.0,2.0,1.0,1.0,9.0,36.0
1093.2437885236886,24.0,2.0,1.0,1.0,9.0,36.0
1093.5437885236886,24.0,2.0,1.0,1.0,9.0,36.0
1093.5445779973727,24.0,2.0,1.0,1.0,9.0,36.0
1093.8445779973727,24.0,2.0,1.0,1.0,9.0,36.0
1093.8453674710568,24.0,2.0,1.0,1.0,9.0,36.0
1094.1453674710567,24.0,2.0,1.0,1.0,9.0,36.0
1094.1461569447408,24.0,2.0,1.0,1.0,9.0,36.0
1094.4461569447408,24.0,2.0,1.0,1.0,9.0,36.0
1094.446946418425,24.0,2.0,1.0,1.0,9.0,36.0
1094.7469464184248,24.0,2.0,1.0,1.0,9.0,36.0
1094.747735892109,24.0,2.0,1.0,1.0,9.0,36.0
1095.047735892109,24.0,2.0,1.0,1.0,9.0,36.0
1095.048525365793,24.0,2.0,1.0,1.0,9.0,36.0
1095.348525365793,24.0,2.0,1.0,1.0,9.0,36.0
1095.349314839477,24.0,2.0,1.0,1.0,9.0,36.0
1095.649314839477,24.0,2.0,1.0,1.0,9.0,36.0
1095.6501043131611,24.0,2.0,1.0,1.0,9.0,36.0
1095.950104313161,24.0,2.0,1.0,1.0,9.0,36.0
1095.9508937868452,24.0,2.0,1.0,1.0,9.0,36.0
1096.2508937868452,24.0,2.0,1.0,1.0,9.0,36.0
1096.2516832605293,24.0,2.0,1.0,1.0,9.0,36.0
1096.5516832605292,24.0,2.0,1.0,1.0,9.0,36.0
1096.5524727342133,24.0,2.0,1.0,1.0,9.0,36.0
1096.8524727342133,24.0,2.0,1.0,1.0,9.0,36.0
1096.8532622078974,24.0,2.0,1.0,1.0,9.0,36.0
1097.1532622078973,24.0,2.0,1.0,1.0,9.0,36.0
1097.1540516815814,24.0,2.0,1.0,1.0,9.0,36.0
1097.4540516815814,24.0,2.0,1.0,1.0,9.0,36.0
1097.4548411552655,24.0,2.0,1.0,1.0,9.0,36.0
1097.7548411552655,24.0,2.0,1.0,1.0,9.0,36.0
1097.7556306289496,24.0,2.0,1.0,1.0,9.0,36.0
1098.0556306289495,24.0,2.0,1.0,1.0,9.0,36.0
1098.0564201026336,24.0,2.0,1.0,1.0,9.0,36.0
1098.3564201026336,24.0,2.0,1.0,1.0,9.0,36.0
1098.3572095763177,24.0,2.0,1.0,1.0,9.0,36.0
1098.6572095763177,24.0,2.0,1.0,1.0,9.0,36.0
1098.6579990500018,24.0,2.0,1.0,1.0,9.0,36.0
1098.9579990500017,24.0,2.0,1.0,1.0,9.0,36.0
1098.9587885236858,24.0,2.0,1.0,1.0,9.0,36.0
1099.2587885236858,24.0,2.0,1.0,1.0,9.0,36.0
1099.25957799737,24.0,2.0,1.0,1.0,9.0,36.0
1099.5595779973698,24.0,2.0,1.0,1.0,9.0,36.0
1099.560367471054,24.0,2.0,1.0,1.0,9.0,36.0
1099.860367471054,24.0,2.0,1.0,1.0,9.0,36.0
1099.861156944738,24.0,2.0,1.0,1.0,9.0,36.0
1100.161156944738,24.0,2.0,1.0,1.0,9.0,36.0
1100.161946418422,24.0,2.0,1.0,1.0,9.0,36.0
1100.461946418422,24.0,2.0,1.0,1.0,9.0,36.0
1100.4627358921061,24.0,2.0,1.0,1.0,9.0,36.0
1100.762735892106,24.0,2.0,1.0,1.0,9.0,36.0
1100.7635253657902,24.0,2.0,1.0,1.0,9.0,36.0
1101.0635253657902,24.0,2.0,1.0,1.0,9.0,36.0
1101.0643148394743,24.0,2.0,1.0,1.0,9.0,36.0
1101.3643148394742,24.0,2.0,1.0,1.0,9.0,36.0
1101.3651043131583,24.0,2.0,1.0,1.0,9.0,36.0
1101.6651043131583,24.0,2.0,1.0,1.0,9.0,36.0
1101.6658937868424,24.0,2.0,1.0,1.0,9.0,36.0
1101.9658937868423,24.0,2.0,1.0,1.0,9.0,36.0
1101.9666832605265,24.0,2.0,1.0,1.0,9.0,36.0
1102.2666832605264,24.0,2.0,1.0,1.0,9.0,36.0
1102.2674727342105,24.0,2.0,1.0,1.0,9.0,36.0
1102.5674727342105,24.0,2.0,1.0,1.0,9.0,36.0
1102.5682622078946,24.0,2.0,1.0,1.0,9.0,36.0
1102.8682622078945,24.0,2.0,1.0,1.0,9.0,36.0
1102.8690516815786,24.0,2.0,1.0,1.0,9.0,36.0
1103.1690516815786,24.0,2.0,1.0,1.0,9.0,36.0
1103.1698411552627,24.0,2.0,1.0,1.0,9.0,36.0
1103.4698411552627,24.0,2.0,1.0,1.0,9.0,36.0
1103.4706306289468,24.0,2.0,1.0,1.0,9.0,36.0
1103.7706306289467,24.0,2.0,1.0,1.0,9.0,36.0
1103.7714201026308,24.0,2.0,1.0,1.0,9.0,36.0
1104.0714201026308,24.0,2.0,1.0,1.0,9.0,36.0
1104.072209576315,24.0,2.0,1.0,1.0,9.0,36.0
1104.3722095763148,24.0,2.0,1.0,1.0,9.0,36.0
1104.372999049999,24.0,2.0,1.0,1.0,9.0,36.0
1104.672999049999,24.0,2.0,1.0,1.0,9.0,36.0
1104.673788523683,24.0,2.0,1.0,1.0,9.0,36.0
1104.973788523683,24.0,2.0,1.0,1.0,9.0,36.0
1104.974577997367,24.0,2.0,1.0,1.0,9.0,36.0
1105.274577997367,24.0,2.0,1.0,1.0,9.0,36.0
1105.2753674710511,24.0,2.0,1.0,1.0,9.0,36.0
1105.575367471051,24.0,2.0,1.0,1.0,9.0,36.0
1105.5761569447352,24.0,2.0,1.0,1.0,9.0,36.0
1105.8761569447352,24.0,2.0,1.0,1.0,9.0,36.0
1105.8769464184193,24.0,2.0,1.0,1.0,9.0,36.0
1106.1769464184192,24.0,2.0,1.0,1.0,9.0,36.0
1106.1777358921033,24.0,2.0,1.0,1.0,9.0,36.0
1106.4777358921033,24.0,2.0,1.0,1.0,9.0,36.0
1106.4785253657874,24.0,2.0,1.0,1.0,9.0,36.0
1106.7785253657873,24.0,2.0,1.0,1.0,9.0,36.0
1106.7793148394715,24.0,2.0,1.0,1.0,9.0,36.0
1107.0793148394714,24.0,2.0,1.0,1.0,9.0,36.0
1107.0801043131555,24.0,2.0,1.0,1.0,9.0,36.0
1107.3801043131555,24.0,2.0,1.0,1.0,9.0,36.0
1107.3808937868396,24.0,2.0,1.0,1.0,9.0,36.0
1107.6808937868395,24.0,2.0,1.0,1.0,9.0,36.0
1107.6816832605236,24.0,2.0,1.0,1.0,9.0,36.0
1107.9816832605236,24.0,2.0,1.0,1.0,9.0,36.0
1107.9824727342077,24.0,2.0,1.0,1.0,9.0,36.0
1108.2824727342077,24.0,2.0,1.0,1.0,9.0,36.0
1108.2832622078918,24.0,2.0,1.0,1.0,9.0,36.0
1108.5832622078917,24.0,2.0,1.0,1.0,9.0,36.0
1108.5840516815758,24.0,2.0,1.0,1.0,8.0,36.0
1108.8840516815758,24.0,2.0,1.0,1.0,8.0,36.0
1108.88484115526,24.0,2.0,1.0,1.0,8.0,36.0
1109.1848411552598,24.0,2.0,1.0,1.0,8.0,36.0
1109.185630628944,24.0,2.0,1.0,1.0,8.0,36.0
1109.485630628944,24.0,2.0,1.0,1.0,8.0,36.0
1109.486420102628,24.0,2.0,1.0,1.0,8.0,36.0
1109.786420102628,24.0,2.0,1.0,1.0,8.0,36.0
1109.787209576312,24.0,2.0,1.0,1.0,8.0,36.0
1110.087209576312,24.0,2.0,1.0,1.0,8.0,36.0
1110.0879990499961,24.0,2.0,1.0,1.0,8.0,36.0
1110.387999049996,24.0,2.0,1.0,1.0,8.0,36.0
1110.3887885236802,24.0,2.0,1.0,1.0,8.0,36.0
1110.6887885236802,24.0,2.0,1.0,1.0,8.0,36.0
1110.6895779973643,24.0,2.0,1.0,1.0,8.0,36.0
1110.9895779973642,24.0,2.0,1.0,1.0,8.0,36.0
1110.9903674710483,24.0,2.0,1.0,1.0,8.0,36.0
1111.2903674710483,24.0,2.0,1.0,1.0,8.0,36.0
1111.2911569447324,24.0,2.0,1.0,1.0,8.0,36.0
1111.5911569447323,24.0,2.0,1.0,1.0,8.0,36.0
1111.5919464184165,24.0,2.0,1.0,1.0,8.0,36.0
1111.8919464184164,24.0,2.0,1.0,1.0,8.0,36.0
1111.8927358921005,24.0,2.0,1.0,1.0,8.0,36.0
1112.1927358921005,24.0,2.0,1.0,1.0,8.0,36.0
1112.1935253657846,24.0,2.0,1.0,1.0,8.0,36.0
1112.4935253657845,24.0,2.0,1.0,1.0,8.0,36.0
1112.4943148394686,24.0,2.0,1.0,1.0,8.0,36.0
1112.7943148394686,24.0,2.0,1.0,1.0,8.0,36.0
1112.7951043131527,24.0,2.0,1.0,1.0,8.0,36.0
1113.0951043131527,24.0,2.0,1.0,1.0,8.0,36.0
1113.0958937868368,24.0,2.0,1.0,1.0,8.0,36.0
1113.3958937868367,24.0,2.0,1.0,1.0,8.0,36.0
1113.3966832605208,24.0,2.0,1.0,1.0,8.0,36.0
1113.6966832605208,24.0,2.0,1.0,1.0,8.0,36.0
1113.697472734205,24.0,2.0,1.0,1.0,8.0,36.0
1113.9974727342048,24.0,2.0,1.0,1.0,8.0,36.0
1113.998262207889,24.0,2.0,1.0,1.0,8.0,36.0
1114.298262207889,24.0,2.0,1.0,1.0,8.0,36.0
1114.299051681573,24.0,2.0,1.0,1.0,8.0,36.0
1114.599051681573,24.0,2.0,1.0,1.0,8.0,36.0
1114.599841155257,24.0,2.0,1.0,1.0,8.0,36.0
1114.899841155257,24.0,2.0,1.0,1.0,8.0,36.0
1114.9006306289411,24.0,2.0,1.0,1.0,8.0,36.0
1115.200630628941,24.0,2.0,1.0,1.0,8.0,36.0
1115.2014201026252,24.0,2.0,1.0,1.0,8.0,36.0
1115.5014201026252,24.0,2.0,1.0,1.0,8.0,36.0
1115.5022095763093,24.0,2.0,1.0,1.0,8.0,36.0
1115.8022095763092,24.0,2.0,1.0,1.0,8.0,36.0
1115.8029990499933,24.0,2.0,1.0,1.0,8.0,36.0
1116.1029990499933,24.0,2.0,1.0,1.0,8.0,36.0
1116.1037885236774,24.0,2.0,1.0,1.0,8.0,36.0
1116.4037885236773,24.0,2.0,1.0,1.0,8.0,36.0
1116.4045779973615,24.0,2.0,1.0,1.0,8.0,36.0
1116.7045779973614,24.0,2.0,1.0,1.0,8.0,36.0
1116.7053674710455,24.0,2.0,1.0,1.0,8.0,36.0
1117.0053674710455,24.0,2.0,1.0,1.0,8.0,36.0
1117.0061569447296,24.0,2.0,1.0,1.0,8.0,36.0
1117.3061569447295,24.0,2.0,1.0,1.0,8.0,36.0
1117.3069464184136,24.0,2.0,1.0,1.0,8.0,36.0
1117.6069464184136,24.0,2.0,1.0,1.0,8.0,36.0
1117.6077358920977,24.0,2.0,1.0,1.0,8.0,36.0
1117.9077358920977,24.0,2.0,1.0,1.0,8.0,36.0
1117.9085253657818,24.0,2.0,1.0,1.0,8.0,36.0
1118.2085253657817,24.0,2.0,1.0,1.0,8.0,36.0
1118.2093148394658,24.0,2.0,1.0,1.0,8.0,36.0
1118.5093148394658,24.0,2.0,1.0,1.0,8.0,36.0
1118.51010431315,25.0,2.0,1.0,1.0,8.0,36.0
1118.8101043131498,25.0,2.0,1.0,1.0,8.0,36.0
1118.8109043131499,25.0,2.0,1.0,1.0,8.0,36.0
1119.1109043131498,25.0,2.0,1.0,1.0,8.0,36.0
1119.1117043131499,25.0,2.0,1.0,1.0,8.0,36.0
1119.4117043131498,25.0,2.0,1.0,1.0,8.0,36.0
1119.4125043131498,25.0,2.0,1.0,1.0,8.0,36.0
1119.7125043131498,25.0,2.0,1.0,1.0,8.0,36.0
1119.7133043131498,25.0,2.0,1.0,1.0,8.0,36.0
1120.0133043131498,25.0,2.0,1.0,1.0,8.0,36.0
1120.0141043131498,25.0,2.0,1.0,1.0,8.0,36.0
1120.3141043131498,25.0,2.0,1.0,1.0,8.0,36.0
1120.3149043131498,25.0,2.0,1.0,1.0,8.0,36.0
1120.6149043131497,25.0,2.0,1.0,1.0,8.0,36.0
1120.6157043131498,25.0,2.0,1.0,1.0,8.0,36.0
1120.9157043131497,25.0,2.0,1.0,1.0,8.0,36.0
1120.9165043131497,25.0,2.0,1.0,1.0,8.0,36.0
1121.2165043131497,25.0,2.0,1.0,1.0,8.0,36.0
1121.2173043131497,25.0,2.0,1.0,1.0,8.0,36.0
1121.5173043131497,25.0,2.0,1.0,1.0,8.0,36.0
1121.5181043131497,25.0,2.0,1.0,1.0,8.0,36.0
1121.8181043131497,25.0,2.0,1.0,1.0,8.0,36.0
1121.8189043131497,25.0,2.0,1.0,1.0,8.0,36.0
1122.1189043131496,25.0,2.0,1.0,1.0,8.0,36.0
1122.1197043131497,25.0,2.0,1.0,1.0,8.0,36.0
1122.4197043131496,25.0,2.0,1.0,1.0,8.0,36.0
1122.4205043131496,25.0,2.0,1.0,1.0,8.0,36.0
1122.7205043131496,25.0,2.0,1.0,1.0,8.0,36.0
1122.7213043131496,25.0,2.0,1.0,1.0,8.0,36.0
1123.0213043131496,25.0,2.0,1.0,1.0,8.0,36.0
1123.0221043131496,25.0,2.0,1.0,1.0,8.0,36.0
1123.3221043131496,25.0,2.0,1.0,1.0,8.0,36.0
1123.3229043131496,25.0,2.0,1.0,1.0,8.0,36.0
1123.6229043131495,25.0,2.0,1.0,1.0,8.0,36.0
1123.6237043131496,25.0,2.0,1.0,1.0,8.0,36.0
1123.9237043131495,25.0,2.0,1.0,1.0,8.0,36.0
1123.9245043131496,25.0,2.0,1.0,1.0,8.0,36.0
1124.2245043131495,25.0,2.0,1.0,1.0,8.0,36.0
1124.2253043131495,25.0,2.0,1.0,1.0,8.0,36.0
1124.5253043131495,25.0,2.0,1.0,1.0,8.0,36.0
1124.5261043131495,25.0,2.0,1.0,1.0,8.0,36.0
1124.8261043131495,25.0,2.0,1.0,1.0,8.0,36.0
1124.8269043131495,25.0,2.0,1.0,1.0,8.0,36.0
1125.1269043131495,25.0,2.0,1.0,1.0,8.0,36.0
1125.1277043131495,25.0,2.0,1.0,1.0,8.0,36.0
1125.4277043131494,25.0,2.0,1.0,1.0,8.0,36.0
1125.4285043131495,25.0,2.0,1.0,1.0,8.0,36.0
1125.7285043131494,25.0,2.0,1.0,1.0,8.0,36.0
1125.7293043131494,25.0,2.0,1.0,1.0,8.0,36.0
1126.0293043131494,25.0,2.0,1.0,1.0,8.0,36.0
1126.0301043131494,25.0,2.0,1.0,1.0,8.0,36.0
1126.3301043131494,25.0,2.0,1.0,1.0,8.0,36.0
1126.3309043131494,25.0,2.0,1.0,1.0,8.0,36.0
1126.6309043131494,25.0,2.0,1.0,1.0,8.0,36.0
1126.6317043131494,25.0,2.0,1.0,1.0,8.0,36.0
1126.9317043131493,25.0,2.0,1.0,1.0,8.0,36.0
1126.9325043131494,25.0,2.0,1.0,1.0,8.0,36.0
1127.2325043131493,25.0,2.0,1.0,1.0,8.0,36.0
1127.2333043131493,25.0,2.0,1.0,1.0,8.0,36.0
1127.5333043131493,25.0,2.0,1.0,1.0,8.0,36.0
1127.5341043131493,25.0,2.0,1.0,1.0,8.0,36.0
1127.8341043131493,25.0,2.0,1.0,1.0,8.0,36.0
1127.8349043131493,25.0,2.0,1.0,1.0,8.0,36.0
1128.1349043131493,25.0,2.0,1.0,1.0,8.0,36.0
1128.1357043131493,25.0,2.0,1.0,1.0,8.0,36.0
1128.4357043131492,25.0,2.0,1.0,1.0,8.0,36.0
1128.4365043131493,25.0,2.0,1.0,1.0,8.0,36.0
1128.7365043131492,25.0,2.0,1.0,1.0,8.0,36.0
1128.7373043131493,25.0,2.0,1.0,1.0,8.0,36.0
1129.0373043131492,25.0,2.0,1.0,1.0,8.0,36.0
1129.0381043131492,25.0,2.0,1.0,1.0,8.0,36.0
1129.3381043131492,25.0,2.0,1.0,1.0,8.0,36.0
1129.3389043131492,25.0,2.0,1.0,1.0,8.0,36.0
1129.6389043131492,25.0,2.0,1.0,1.0,8.0,36.0
1129.6397043131492,25.0,2.0,1.0,1.0,8.0,36.0
1129.9397043131492,25.0,2.0,1.0,1.0,8.0,36.0
1129.9405043131492,25.0,2.0,1.0,1.0,8.0,36.0
1130.2405043131491,25.0,2.0,1.0,1.0,8.0,36.0
1130.2413043131492,25.0,2.0,1.0,1.0,8.0,36.0
1130.541304313149,25.0,2.0,1.0,1.0,8.0,36.0
1130.5421043131491,25.0,2.0,1.0,1.0,8.0,36.0
1130.842104313149,25.0,2.0,1.0,1.0,8.0,36.0
1130.8429043131491,25.0,2.0,1.0,1.0,8.0,36.0
1131.142904313149,25.0,2.0,1.0,1.0,8.0,36.0
1131.143704313149,25.0,2.0,1.0,1.0,8.0,36.0
1131.443704313149,25.0,2.0,1.0,1.0,8.0,36.0
1131.444504313149,25.0,2.0,1.0,1.0,8.0,36.0
1131.744504313149,25.0,2.0,1.0,1.0,8.0,36.0
1131.745304313149,25.0,2.0,1.0,1.0,8.0,36.0
1132.045304313149,25.0,2.0,1.0,1.0,8.0,36.0
1132.046104313149,25.0,2.0,1.0,1.0,8.0,36.0
1132.346104313149,25.0,2.0,1.0,1.0,8.0,36.0
1132.346904313149,25.0,2.0,1.0,1.0,8.0,36.0
1132.646904313149,25.0,2.0,1.0,1.0,8.0,36.0
1132.647704313149,25.0,2.0,1.0,1.0,8.0,36.0
1132.947704313149,25.0,2.0,1.0,1.0,8.0,36.0
1132.948504313149,25.0,2.0,1.0,1.0,8.0,36.0
1133.248504313149,25.0,2.0,1.0,1.0,8.0,36.0
1133.249304313149,25.0,2.0,1.0,1.0,8.0,36.0
1133.549304313149,25.0,2.0,1.0,1.0,8.0,36.0
1133.550104313149,25.0,2.0,1.0,1.0,8.0,36.0
1133.850104313149,25.0,2.0,1.0,1.0,8.0,36.0
1133.850904313149,25.0,2.0,1.0,1.0,8.0,36.0
1134.1509043131489,25.0,2.0,1.0,1.0,8.0,36.0
1134.151704313149,25.0,2.0,1.0,1.0,8.0,36.0
1134.4517043131489,25.0,2.0,1.0,1.0,8.0,36.0
1134.452504313149,25.0,2.0,1.0,1.0,8.0,36.0
1134.7525043131488,25.0,2.0,1.0,1.0,8.0,36.0
1134.7533043131489,25.0,2.0,1.0,1.0,8.0,36.0
1135.0533043131488,25.0,2.0,1.0,1.0,8.0,36.0
1135.0541043131489,25.0,2.0,1.0,1.0,8.0,36.0
1135.3541043131488,25.0,2.0,1.0,1.0,8.0,36.0
1135.3549043131488,26.0,2.0,1.0,1.0,8.0,36.0
1135.6549043131488,26.0,2.0,1.0,1.0,8.0,36.0
1135.6557151239597,26.0,2.0,1.0,1.0,8.0,36.0
1135.9557151239596,26.0,2.0,1.0,1.0,8.0,36.0
1135.9565259347705,26.0,2.0,1.0,1.0,8.0,36.0
1136.2565259347705,26.0,2.0,1.0,1.0,8.0,36.0
1136.2573367455814,26.0,2.0,1.0,1.0,8.0,36.0
1136.5573367455813,26.0,2.0,1.0,1.0,8.0,36.0
1136.5581475563922,26.0,2.0,1.0,1.0,8.0,36.0
1136.8581475563922,26.0,2.0,1.0,1.0,8.0,36.0
1136.858958367203,26.0,2.0,1.0,1.0,8.0,36.0
1137.158958367203,26.0,2.0,1.0,1.0,8.0,36.0
1137.159769178014,26.0,2.0,1.0,1.0,8.0,36.0
1137.4597691780139,26.0,2.0,1.0,1.0,8.0,36.0
1137.4605799888247,26.0,2.0,1.0,1.0,7.0,36.0
1137.7605799888247,26.0,2.0,1.0,1.0,7.0,36.0
1137.7613907996356,26.0,2.0,1.0,1.0,7.0,36.0
1138.0613907996355,26.0,2.0,1.0,1.0,7.0,36.0
1138.0622016104464,26.0,2.0,1.0,1.0,7.0,36.0
1138.3622016104464,26.0,2.0,1.0,1.0,7.0,36.0
1138.3630124212573,26.0,2.0,1.0,1.0,7.0,36.0
1138.6630124212572,26.0,2.0,1.0,1.0,7.0,36.0
1138.6638232320681,26.0,2.0,1.0,1.0,7.0,36.0
1138.963823232068,26.0,2.0,1.0,1.0,7.0,36.0
1138.964634042879,26.0,2.0,1.0,1.0,7.0,36.0
1139.264634042879,26.0,2.0,1.0,1.0,7.0,36.0
1139.2654448536898,26.0,2.0,1.0,1.0,7.0,36.0
1139.5654448536898,26.0,2.0,1.0,1.0,7.0,36.0
1139.5662556645007,26.0,2.0,1.0,1.0,7.0,36.0
1139.8662556645006,26.0,2.0,1.0,1.0,7.0,36.0
1139.8670664753115,26.0,2.0,1.0,1.0,7.0,36.0
1140.1670664753115,26.0,2.0,1.0,1.0,7.0,36.0
1140.1678772861223,26.0,2.0,1.0,1.0,7.0,36.0
1140.4678772861223,26.0,2.0,1.0,1.0,7.0,36.0
1140.4686880969332,26.0,2.0,1.0,1.0,7.0,36.0
1140.7686880969331,26.0,2.0,1.0,1.0,7.0,36.0
1140.769498907744,26.0,2.0,1.0,1.0,7.0,36.0
1141.069498907744,26.0,2.0,1.0,1.0,7.0,36.0
1141.0703097185549,26.0,2.0,1.0,1.0,7.0,36.0
1141.3703097185548,26.0,2.0,1.0,1.0,7.0,36.0
1141.3711205293657,26.0,2.0,1.0,1.0,7.0,36.0
1141.6711205293657,26.0,2.0,1.0,1.0,7.0,36.0
1141.6719313401766,26.0,2.0,1.0,1.0,7.0,36.0
1141.9719313401765,26.0,2.0,1.0,1.0,7.0,36.0
1141.9727421509874,26.0,2.0,1.0,1.0,7.0,36.0
1142.2727421509874,26.0,2.0,1.0,1.0,7.0,36.0
1142.2735529617983,26.0,2.0,1.0,1.0,7.0,36.0
1142.5735529617982,26.0,2.0,1.0,1.0,7.0,36.0
1142.574363772609,26.0,2.0,1.0,1.0,7.0,36.0
1142.874363772609,26.0,2.0,1.0,1.0,7.0,36.0
1142.87517458342,26.0,2.0,1.0,1.0,7.0,36.0
1143.17517458342,26.0,2.0,1.0,1.0,7.0,36.0
1143.1759853942308,26.0,2.0,1.0,1.0,7.0,36.0
1143.4759853942307,26.0,2.0,1.0,1.0,7.0,36.0
1143.4767962050416,26.0,2.0,1.0,1.0,7.0,36.0
1143.7767962050416,26.0,2.0,1.0,1.0,7.0,36.0
1143.7776070158525,26.0,2.0,1.0,1.0,7.0,36.0
1144.0776070158524,26.0,2.0,1.0,1.0,7.0,36.0
1144.0784178266633,26.0,2.0,1.0,1.0,7.0,36.0
1144.3784178266633,26.0,2.0,1.0,1.0,7.0,36.0
1144.3792286374742,26.0,2.0,1.0,1.0,7.0,36.0
1144.6792286374741,26.0,2.0,1.0,1.0,7.0,36.0
1144.680039448285,26.0,2.0,1.0,1.0,7.0,36.0
1144.980039448285,26.0,2.0,1.0,1.0,7.0,36.0
1144.9808502590959,26.0,2.0,1.0,1.0,7.0,36.0
1145.2808502590958,26.0,2.0,1.0,1.0,7.0,36.0
1145.2816610699067,26.0,2.0,1.0,1.0,7.0,36.0
1145.5816610699067,26.0,2.0,1.0,1.0,7.0,36.0
1145.5824718807175,26.0,2.0,1.0,1.0,7.0,36.0
1145.8824718807175,26.0,2.0,1.0,1.0,7.0,36.0
1145.8832826915284,26.0,2.0,1.0,1.0,7.0,36.0
1146.1832826915283,26.0,2.0,1.0,1.0,7.0,36.0
1146.1840935023392,26.0,2.0,1.0,1.0,7.0,36.0
1146.4840935023392,26.0,2.0,1.0,1.0,7.0,36.0
1146.48490431315,26.0,2.0,1.0,1.0,7.0,36.0
1146.78490431315,26.0,2.0,1.0,1.0,7.0,36.0
1146.785715123961,26.0,2.0,1.0,1.0,7.0,36.0
1147.0857151239609,26.0,2.0,1.0,1.0,7.0,36.0
1147.0865259347718,26.0,2.0,1.0,1.0,7.0,36.0
1147.3865259347717,26.0,2.0,1.0,1.0,7.0,36.0
1147.3873367455826,26.0,2.0,1.0,1.0,7.0,36.0
1147.6873367455826,26.0,2.0,1.0,1.0,7.0,36.0
1147.6881475563935,26.0,2.0,1.0,1.0,7.0,36.0
1147.9881475563934,26.0,2.0,1.0,1.0,7.0,36.0
1147.9889583672043,26.0,2.0,1.0,1.0,7.0,36.0
1148.2889583672043,26.0,2.0,1.0,1.0,7.0,36.0
1148.2897691780151,26.0,2.0,1.0,1.0,7.0,36.0
1148.589769178015,26.0,2.0,1.0,1.0,7.0,36.0
1148.590579988826,26.0,2.0,1.0,1.0,7.0,36.0
1148.890579988826,26.0,2.0,1.0,1.0,7.0,36.0
1148.8913907996368,26.0,2.0,1.0,1.0,7.0,36.0
1149.1913907996368,26.0,2.0,1.0,1.0,7.0,36.0
1149.1922016104477,26.0,2.0,1.0,1.0,7.0,36.0
1149.4922016104476,26.0,2.0,1.0,1.0,7.0,36.0
1149.4930124212585,26.0,2.0,1.0,1.0,7.0,36.0
1149.7930124212585,26.0,2.0,1.0,1.0,7.0,36.0
1149.7938232320694,27.0,2.0,1.0,1.0,7.0,36.0
1150.0938232320693,27.0,2.0,1.0,1.0,7.0,36.0
1150.0946451498776,27.0,2.0,1.0,1.0,7.0,36.0
1150.3946451498775,27.0,2.0,1.0,1.0,7.0,36.0
1150.3954670676858,27.0,2.0,1.0,1.0,7.0,36.0
1150.6954670676857,27.0,2.0,1.0,1.0,7.0,36.0
1150.696288985494,27.0,2.0,1.0,1.0,7.0,36.0
1150.996288985494,27.0,2.0,1.0,1.0,7.0,36.0
1150.9971109033022,27.0,2.0,1.0,1.0,7.0,36.0
1151.2971109033022,27.0,2.0,1.0,1.0,7.0,36.0
1151.2979328211104,27.0,2.0,1.0,1.0,7.0,36.0
1151.5979328211104,27.0,2.0,1.0,1.0,7.0,36.0
1151.5987547389186,27.0,2.0,1.0,1.0,7.0,36.0
1151.8987547389186,27.0,2.0,1.0,1.0,7.0,36.0
1151.8995766567268,27.0,2.0,1.0,1.0,7.0,36.0
1152.1995766567268,27.0,2.0,1.0,1.0,7.0,36.0
1152.200398574535,27.0,2.0,1.0,1.0,7.0,36.0
1152.500398574535,27.0,2.0,1.0,1.0,7.0,36.0
1152.5012204923432,27.0,2.0,1.0,1.0,7.0,36.0
1152.8012204923432,27.0,2.0,1.0,1.0,7.0,36.0
1152.8020424101514,27.0,2.0,1.0,1.0,7.0,36.0
1153.1020424101514,27.0,2.0,1.0,1.0,7.0,36.0
1153.1028643279597,27.0,2.0,1.0,1.0,7.0,36.0
1153.4028643279596,27.0,2.0,1.0,1.0,7.0,36.0
1153.4036862457679,27.0,2.0,1.0,1.0,7.0,36.0
1153.7036862457678,27.0,2.0,1.0,1.0,7.0,36.0
1153.704508163576,27.0,2.0,1.0,1.0,7.0,36.0
1154.004508163576,27.0,2.0,1.0,1.0,7.0,36.0
1154.0053300813843,27.0,2.0,1.0,1.0,7.0,36.0
1154.3053300813842,27.0,2.0,1.0,1.0,7.0,36.0
1154.3061519991925,27.0,2.0,1.0,1.0,7.0,36.0
1154.6061519991924,27.0,2.0,1.0,1.0,7.0,36.0
1154.6069739170007,27.0,2.0,1.0,1.0,7.0,36.0
1154.9069739170006,27.0,2.0,1.0,1.0,7.0,36.0
1154.907795834809,27.0,2.0,1.0,1.0,7.0,36.0
1155.2077958348088,27.0,2.0,1.0,1.0,7.0,36.0
1155.208617752617,27.0,2.0,1.0,1.0,7.0,36.0
1155.508617752617,27.0,2.0,1.0,1.0,7.0,36.0
1155.5094396704253,27.0,2.0,1.0,1.0,7.0,36.0
1155.8094396704253,27.0,2.0,1.0,1.0,7.0,36.0
1155.8102615882335,27.0,2.0,1.0,1.0,7.0,36.0
1156.1102615882335,27.0,2.0,1.0,1.0,7.0,36.0
1156.1110835060417,27.0,2.0,1.0,1.0,7.0,36.0
1156.4110835060417,27.0,2.0,1.0,1.0,7.0,36.0
1156.41190542385,27.0,2.0,1.0,1.0,7.0,36.0
1156.7119054238499,27.0,2.0,1.0,1.0,7.0,36.0
1156.7127273416581,27.0,2.0,1.0,1.0,7.0,36.0
1157.012727341658,27.0,2.0,1.0,1.0,7.0,36.0
1157.0135492594663,27.0,2.0,1.0,1.0,7.0,36.0
1157.3135492594663,27.0,2.0,1.0,1.0,7.0,36.0
1157.3143711772746,27.0,2.0,1.0,1.0,7.0,36.0
1157.6143711772745,27.0,2.0,1.0,1.0,7.0,36.0
1157.6151930950828,27.0,2.0,1.0,1.0,7.0,36.0
1157.9151930950827,27.0,2.0,1.0,1.0,7.0,36.0
1157.916015012891,27.0,2.0,1.0,1.0,7.0,36.0
1158.216015012891,27.0,2.0,1.0,1.0,7.0,36.0
1158.2168369306992,27.0,2.0,1.0,1.0,7.0,36.0
1158.5168369306991,27.0,2.0,1.0,1.0,7.0,36.0
1158.5176588485074,27.0,2.0,1.0,1.0,7.0,36.0
1158.8176588485073,27.0,2.0,1.0,1.0,7.0,36.0
1158.8184807663156,27.0,2.0,1.0,1.0,7.0,36.0
1159.1184807663155,27.0,2.0,1.0,1.0,7.0,36.0
1159.1193026841238,27.0,2.0,1.0,1.0,7.0,36.0
1159.4193026841237,27.0,2.0,1.0,1.0,7.0,36.0
1159.420124601932,27.0,2.0,1.0,1.0,7.0,36.0
1159.720124601932,27.0,2.0,1.0,1.0,7.0,36.0
1159.7209465197402,27.0,2.0,1.0,6.0,7.0,36.0
1160.0209465197402,27.0,2.0,1.0,6.0,7.0,36.0
1160.0217684375484,27.0,2.0,1.0,6.0,7.0,36.0
1160.3217684375484,27.0,2.0,1.0,6.0,7.0,36.0
1160.3225903553566,27.0,2.0,1.0,6.0,7.0,36.0
1160.6225903553566,27.0,2.0,1.0,6.0,7.0,36.0
1160.6234122731648,27.0,2.0,1.0,6.0,7.0,36.0
1160.9234122731648,27.0,2.0,1.0,6.0,7.0,36.0
1160.924234190973,27.0,2.0,1.0,6.0,7.0,36.0
1161.224234190973,27.0,2.0,1.0,6.0,7.0,36.0
1161.2250561087812,27.0,2.0,1.0,6.0,7.0,36.0
1161.5250561087812,27.0,2.0,1.0,6.0,7.0,36.0
1161.5258780265895,27.0,2.0,1.0,6.0,7.0,36.0
1161.8258780265894,27.0,2.0,1.0,6.0,7.0,36.0
1161.8266999443977,27.0,2.0,1.0,6.0,7.0,36.0
1162.1266999443976,27.0,2.0,1.0,6.0,7.0,36.0
1162.1275218622059,27.0,2.0,1.0,6.0,7.0,36.0
1162.4275218622058,27.0,2.0,1.0,6.0,7.0,36.0
1162.428343780014,27.0,2.0,1.0,6.0,7.0,36.0
1162.728343780014,27.0,2.0,1.0,6.0,7.0,36.0
1162.7291656978223,28.0,2.0,1.0,6.0,7.0,36.0
1163.0291656978222,28.0,2.0,1.0,6.0,7.0,36.0
1163.0299990311555,28.0,2.0,1.0,6.0,7.0,36.0
1163.3299990311555,28.0,2.0,1.0,6.0,7.0,36.0
1163.3308323644887,28.0,2.0,1.0,6.0,7.0,36.0
1163.6308323644887,28.0,2.0,1.0,6.0,7.0,36.0
1163.631665697822,28.0,2.0,1.0,6.0,7.0,36.0
1163.931665697822,28.0,2.0,1.0,6.0,7.0,36.0
1163.9324990311552,28.0,2.0,1.0,6.0,7.0,36.0
1164.2324990311552,28.0,2.0,1.0,6.0,7.0,36.0
1164.2333323644884,28.0,2.0,1.0,6.0,7.0,36.0
1164.5333323644884,28.0,2.0,1.0,6.0,7.0,36.0
1164.5341656978217,28.0,2.0,1.0,6.0,7.0,36.0
1164.8341656978216,28.0,2.0,1.0,6.0,7.0,36.0
1164.834999031155,28.0,2.0,1.0,6.0,7.0,36.0
1165.1349990311548,28.0,2.0,1.0,6.0,7.0,36.0
1165.1358323644881,28.0,2.0,1.0,6.0,7.0,36.0
1165.435832364488,28.0,2.0,1.0,6.0,7.0,36.0
1165.4366656978214,28.0,2.0,1.0,6.0,7.0,36.0
1165.7366656978213,28.0,2.0,1.0,6.0,7.0,36.0
1165.7374990311546,28.0,2.0,1.0,6.0,7.0,36.0
1166.0374990311545,28.0,2.0,1.0,6.0,7.0,36.0
1166.0383323644878,28.0,2.0,1.0,6.0,7.0,36.0
1166.3383323644878,28.0,2.0,1.0,6.0,7.0,36.0
1166.339165697821,28.0,2.0,1.0,6.0,7.0,36.0
1166.639165697821,28.0,2.0,1.0,6.0,7.0,36.0
1166.6399990311543,28.0,2.0,1.0,6.0,7.0,36.0
1166.9399990311542,28.0,2.0,1.0,6.0,7.0,36.0
1166.9408323644875,28.0,2.0,1.0,6.0,7.0,36.0
1167.2408323644875,28.0,2.0,1.0,6.0,7.0,36.0
1167.2416656978207,28.0,2.0,1.0,6.0,7.0,36.0
1167.5416656978207,28.0,2.0,1.0,6.0,7.0,36.0
1167.542499031154,28.0,2.0,1.0,6.0,7.0,36.0
1167.842499031154,28.0,2.0,1.0,6.0,7.0,36.0
1167.8433323644872,28.0,2.0,1.0,6.0,7.0,36.0
1168.1433323644872,28.0,2.0,1.0,6.0,7.0,36.0
1168.1441656978204,28.0,2.0,1.0,6.0,7.0,36.0
1168.4441656978204,28.0,2.0,1.0,6.0,7.0,36.0
1168.4449990311537,28.0,2.0,1.0,6.0,7.0,36.0
1168.7449990311536,28.0,2.0,1.0,6.0,7.0,36.0
1168.745832364487,29.0,2.0,1.0,6.0,7.0,36.0
1169.0458323644868,29.0,2.0,1.0,6.0,7.0,36.0
1169.0466774349093,29.0,2.0,1.0,6.0,7.0,36.0
1169.3466774349092,29.0,2.0,1.0,6.0,7.0,36.0
1169.3475225053317,29.0,2.0,1.0,6.0,7.0,36.0
1169.6475225053316,29.0,2.0,1.0,6.0,7.0,36.0
1169.648367575754,29.0,2.0,1.0,6.0,7.0,36.0
1169.948367575754,29.0,2.0,1.0,6.0,7.0,36.0
1169.9492126461764,29.0,2.0,1.0,6.0,7.0,36.0
1170.2492126461764,29.0,2.0,1.0,6.0,7.0,36.0
1170.2500577165988,29.0,2.0,1.0,6.0,7.0,36.0
1170.5500577165988,29.0,2.0,1.0,6.0,7.0,36.0
1170.5509027870212,29.0,2.0,1.0,6.0,7.0,36.0
1170.8509027870211,29.0,2.0,1.0,6.0,7.0,36.0
1170.8517478574436,29.0,2.0,1.0,6.0,7.0,36.0
1171.1517478574435,29.0,2.0,1.0,6.0,7.0,36.0
1171.152592927866,29.0,2.0,1.0,6.0,7.0,36.0
1171.452592927866,29.0,2.0,1.0,6.0,7.0,36.0
1171.4534379982883,29.0,2.0,1.0,6.0,7.0,36.0
1171.7534379982883,29.0,2.0,1.0,6.0,7.0,36.0
1171.7542830687107,29.0,2.0,1.0,6.0,7.0,36.0
1172.0542830687107,29.0,2.0,1.0,6.0,7.0,36.0
1172.055128139133,29.0,2.0,1.0,6.0,7.0,36.0
1172.355128139133,29.0,2.0,1.0,6.0,7.0,36.0
1172.3559732095555,29.0,2.0,1.0,6.0,7.0,36.0
1172.6559732095554,29.0,2.0,1.0,6.0,7.0,36.0
1172.6568182799779,29.0,2.0,1.0,6.0,7.0,36.0
1172.9568182799778,29.0,2.0,1.0,6.0,7.0,36.0
1172.9576633504003,29.0,2.0,1.0,6.0,7.0,36.0
1173.2576633504002,29.0,2.0,1.0,6.0,7.0,36.0
1173.2585084208226,29.0,2.0,1.0,6.0,7.0,36.0
1173.5585084208226,29.0,2.0,1.0,6.0,7.0,36.0
1173.559353491245,29.0,2.0,1.0,6.0,7.0,36.0
1173.859353491245,29.0,2.0,1.0,6.0,7.0,36.0
1173.8601985616674,29.0,2.0,1.0,6.0,7.0,36.0
1174.1601985616674,29.0,2.0,1.0,6.0,7.0,36.0
1174.1610436320898,29.0,2.0,1.0,6.0,7.0,36.0
1174.4610436320897,29.0,2.0,1.0,6.0,7.0,36.0
1174.4618887025122,29.0,2.0,1.0,6.0,7.0,36.0
1174.7618887025121,29.0,2.0,1.0,6.0,7.0,36.0
1174.7627337729346,29.0,2.0,1.0,6.0,7.0,36.0
1175.0627337729345,29.0,2.0,1.0,6.0,7.0,36.0
1175.063578843357,29.0,2.0,1.0,6.0,7.0,36.0
1175.363578843357,29.0,2.0,1.0,6.0,7.0,36.0
1175.3644239137793,29.0,2.0,1.0,6.0,7.0,36.0
1175.6644239137793,29.0,2.0,1.0,6.0,7.0,36.0
1175.6652689842017,29.0,2.0,1.0,6.0,7.0,36.0
1175.9652689842017,29.0,2.0,1.0,6.0,7.0,36.0
1175.966114054624,29.0,2.0,1.0,6.0,7.0,36.0
1176.266114054624,29.0,2.0,1.0,6.0,7.0,36.0
1176.2669591250465,29.0,2.0,1.0,6.0,7.0,36.0
1176.5669591250464,29.0,2.0,1.0,6.0,7.0,36.0
1176.5678041954689,29.0,2.0,1.0,6.0,7.0,36.0
1176.8678041954688,29.0,2.0,1.0,6.0,7.0,36.0
1176.8686492658912,29.0,2.0,1.0,6.0,7.0,36.0
1177.1686492658912,29.0,2.0,1.0,6.0,7.0,36.0
1177.1694943363136,29.0,2.0,1.0,6.0,7.0,36.0
1177.4694943363136,29.0,2.0,1.0,6.0,7.0,36.0
1177.470339406736,29.0,2.0,1.0,6.0,7.0,36.0
1177.770339406736,29.0,2.0,1.0,6.0,7.0,36.0
1177.7711844771584,29.0,2.0,1.0,6.0,7.0,36.0
1178.0711844771583,29.0,2.0,1.0,6.0,7.0,36.0
1178.0720295475808,29.0,2.0,1.0,6.0,7.0,36.0
1178.3720295475807,29.0,2.0,1.0,6.0,7.0,36.0
1178.3728746180032,29.0,2.0,1.0,6.0,7.0,36.0
1178.672874618003,29.0,2.0,1.0,6.0,7.0,36.0
1178.6737196884255,29.0,2.0,1.0,6.0,7.0,36.0
1178.9737196884255,29.0,2.0,1.0,6.0,7.0,36.0
1178.974564758848,30.0,2.0,1.0,6.0,7.0,36.0
1179.2745647588479,30.0,2.0,1.0,6.0,7.0,36.0
1179.275421901705,30.0,2.0,1.0,6.0,7.0,36.0
1179.5754219017049,30.0,2.0,1.0,6.0,7.0,36.0
1179.576279044562,30.0,2.0,1.0,6.0,7.0,36.0
1179.876279044562,30.0,2.0,1.0,6.0,7.0,36.0
1179.877136187419,30.0,2.0,1.0,6.0,7.0,36.0
1180.177136187419,30.0,2.0,1.0,6.0,7.0,36.0
1180.177993330276,30.0,2.0,1.0,6.0,7.0,36.0
1180.477993330276,30.0,2.0,1.0,6.0,7.0,36.0
1180.478850473133,30.0,2.0,1.0,4.0,7.0,37.0
1180.778850473133,30.0,2.0,1.0,4.0,7.0,37.0
1180.77970761599,30.0,2.0,1.0,4.0,7.0,37.0
1181.07970761599,30.0,2.0,1.0,4.0,7.0,37.0
1181.080564758847,30.0,2.0,1.0,4.0,7.0,37.0
1181.380564758847,30.0,2.0,1.0,4.0,7.0,37.0
1181.381421901704,30.0,2.0,1.0,4.0,7.0,37.0
1181.681421901704,30.0,2.0,1.0,4.0,7.0,37.0
1181.682279044561,30.0,2.0,1.0,4.0,7.0,37.0
1181.982279044561,30.0,2.0,1.0,4.0,7.0,37.0
1181.983136187418,30.0,2.0,1.0,4.0,7.0,37.0
1182.283136187418,30.0,2.0,1.0,4.0,7.0,37.0
1182.283993330275,30.0,2.0,1.0,4.0,7.0,37.0
1182.583993330275,30.0,2.0,1.0,4.0,7.0,37.0
1182.584850473132,30.0,2.0,1.0,4.0,7.0,37.0
1182.884850473132,30.0,2.0,1.0,4.0,7.0,37.0
1182.885707615989,30.0,2.0,1.0,4.0,7.0,37.0
1183.185707615989,30.0,2.0,1.0,4.0,7.0,37.0
1183.186564758846,30.0,2.0,1.0,4.0,7.0,37.0
1183.486564758846,30.0,2.0,1.0,4.0,7.0,37.0
1183.487421901703,30.0,2.0,1.0,4.0,7.0,37.0
1183.787421901703,30.0,2.0,1.0,4.0,7.0,37.0
1183.78827904456,30.0,2.0,1.0,4.0,7.0,37.0
1184.08827904456,30.0,2.0,1.0,4.0,7.0,37.0
1184.0891361874171,30.0,2.0,1.0,4.0,7.0,37.0
1184.389136187417,30.0,2.0,1.0,4.0,7.0,37.0
1184.3899933302741,30.0,2.0,1.0,4.0,7.0,37.0
1184.689993330274,30.0,2.0,1.0,4.0,7.0,37.0
1184.6908504731311,30.0,2.0,1.0,4.0,7.0,37.0
1184.990850473131,30.0,2.0,1.0,4.0,7.0,37.0
1184.9917076159882,30.0,2.0,1.0,4.0,7.0,37.0
1185.2917076159881,30.0,2.0,1.0,4.0,7.0,37.0
1185.2925647588452,30.0,2.0,1.0,4.0,7.0,37.0
1185.5925647588451,30.0,2.0,1.0,4.0,7.0,37.0
1185.5934219017022,30.0,2.0,1.0,4.0,7.0,37.0
1185.8934219017021,30.0,2.0,1.0,4.0,7.0,37.0
1185.8942790445592,30.0,2.0,1.0,4.0,7.0,37.0
1186.1942790445592,30.0,2.0,1.0,4.0,7.0,37.0
1186.1951361874162,30.0,2.0,1.0,4.0,7.0,37.0
1186.4951361874162,30.0,2.0,1.0,4.0,7.0,37.0
1186.4959933302732,30.0,2.0,1.0,4.0,7.0,37.0
1186.7959933302732,30.0,2.0,1.0,4.0,7.0,37.0
1186.7968504731302,31.0,2.0,1.0,4.0,7.0,37.0
1187.0968504731302,31.0,2.0,1.0,4.0,7.0,37.0
1187.0977200383477,31.0,2.0,1.0,4.0,7.0,37.0
1187.3977200383476,31.0,2.0,1.0,4.0,7.0,37.0
1187.3985896035651,31.0,2.0,1.0,4.0,7.0,37.0
1187.698589603565,31.0,2.0,1.0,4.0,7.0,37.0
1187.6994591687826,31.0,2.0,1.0,4.0,7.0,37.0
1187.9994591687826,31.0,2.0,1.0,4.0,7.0,37.0
1188.000328734,31.0,2.0,1.0,4.0,7.0,37.0
1188.300328734,31.0,2.0,1.0,4.0,7.0,37.0
1188.3011982992175,31.0,2.0,1.0,4.0,7.0,37.0
1188.6011982992175,31.0,2.0,1.0,4.0,7.0,37.0
1188.602067864435,31.0,2.0,1.0,4.0,7.0,37.0
1188.902067864435,31.0,2.0,1.0,4.0,7.0,37.0
1188.9029374296524,31.0,2.0,1.0,4.0,7.0,37.0
1189.2029374296524,31.0,2.0,1.0,4.0,7.0,37.0
1189.2038069948699,31.0,2.0,1.0,4.0,7.0,37.0
1189.5038069948698,31.0,2.0,1.0,4.0,7.0,37.0
1189.5046765600873,31.0,2.0,1.0,4.0,7.0,37.0
1189.8046765600873,31.0,2.0,1.0,4.0,7.0,37.0
1189.8055461253048,31.0,2.0,1.0,4.0,7.0,37.0
1190.1055461253047,31.0,2.0,1.0,4.0,7.0,37.0
1190.1064156905222,31.0,2.0,1.0,4.0,7.0,37.0
1190.4064156905222,31.0,2.0,1.0,4.0,7.0,37.0
1190.4072852557397,31.0,2.0,1.0,4.0,7.0,37.0
1190.7072852557396,31.0,2.0,1.0,4.0,7.0,37.0
1190.7081548209571,31.0,2.0,1.0,4.0,7.0,37.0
1191.008154820957,31.0,2.0,1.0,4.0,7.0,37.0
1191.0090243861746,31.0,2.0,1.0,4.0,7.0,37.0
1191.3090243861745,31.0,2.0,1.0,4.0,7.0,37.0
1191.309893951392,31.0,2.0,1.0,4.0,7.0,37.0
1191.609893951392,31.0,2.0,1.0,4.0,7.0,37.0
1191.6107635166095,31.0,2.0,1.0,4.0,7.0,37.0
1191.9107635166094,31.0,2.0,1.0,4.0,7.0,37.0
1191.911633081827,31.0,2.0,1.0,4.0,7.0,37.0
1192.211633081827,31.0,2.0,1.0,4.0,7.0,37.0
1192.2125026470444,31.0,2.0,1.0,4.0,7.0,37.0
1192.5125026470444,31.0,2.0,1.0,4.0,7.0,37.0
1192.5133722122619,31.0,2.0,1.0,4.0,7.0,37.0
1192.8133722122618,31.0,2.0,1.0,4.0,7.0,37.0
1192.8142417774793,31.0,2.0,1.0,4.0,7.0,37.0
1193.1142417774793,31.0,2.0,1.0,4.0,7.0,37.0
1193.1151113426968,31.0,2.0,1.0,4.0,7.0,37.0
1193.4151113426967,31.0,2.0,1.0,4.0,7.0,37.0
1193.4159809079142,31.0,2.0,1.0,4.0,7.0,37.0
1193.7159809079142,31.0,2.0,1.0,4.0,7.0,37.0
1193.7168504731317,31.0,2.0,1.0,4.0,7.0,37.0
1194.0168504731316,31.0,2.0,1.0,4.0,7.0,37.0
1194.0177200383491,31.0,2.0,1.0,4.0,7.0,37.0
1194.317720038349,31.0,2.0,1.0,4.0,7.0,37.0
1194.3185896035666,31.0,2.0,1.0,4.0,7.0,37.0
1194.6185896035665,31.0,2.0,1.0,4.0,7.0,37.0
1194.619459168784,31.0,2.0,1.0,4.0,7.0,37.0
1194.919459168784,31.0,2.0,1.0,4.0,7.0,37.0
1194.9203287340015,31.0,2.0,1.0,4.0,7.0,37.0
1195.2203287340014,31.0,2.0,1.0,4.0,7.0,37.0
1195.221198299219,31.0,2.0,1.0,4.0,7.0,37.0
1195.521198299219,31.0,2.0,1.0,4.0,7.0,37.0
1195.5220678644364,31.0,2.0,1.0,4.0,7.0,37.0
1195.8220678644363,31.0,2.0,1.0,4.0,7.0,37.0
1195.8229374296538,31.0,2.0,1.0,4.0,7.0,37.0
1196.1229374296538,31.0,2.0,1.0,4.0,7.0,37.0
1196.1238069948713,31.0,2.0,1.0,4.0,7.0,37.0
1196.4238069948713,31.0,2.0,1.0,4.0,7.0,37.0
1196.4246765600888,31.0,2.0,1.0,4.0,7.0,37.0
1196.7246765600887,31.0,2.0,1.0,4.0,7.0,37.0
1196.7255461253062,31.0,2.0,1.0,4.0,7.0,37.0
1197.0255461253062,31.0,2.0,1.0,4.0,7.0,37.0
1197.0264156905237,31.0,2.0,1.0,4.0,7.0,37.0
1197.3264156905236,31.0,2.0,1.0,4.0,7.0,37.0
1197.3272852557411,31.0,2.0,1.0,4.0,7.0,37.0
1197.627285255741,31.0,2.0,1.0,4.0,7.0,37.0
1197.6281548209586,31.0,2.0,1.0,4.0,7.0,37.0
1197.9281548209585,31.0,2.0,1.0,4.0,7.0,37.0
1197.929024386176,31.0,2.0,1.0,4.0,7.0,37.0
1198.229024386176,31.0,2.0,1.0,4.0,7.0,37.0
1198.2298939513935,31.0,2.0,1.0,4.0,7.0,37.0
1198.5298939513934,31.0,2.0,1.0,4.0,7.0,37.0
1198.530763516611,31.0,2.0,1.0,4.0,7.0,37.0
1198.830763516611,31.0,2.0,1.0,4.0,7.0,37.0
1198.8316330818284,31.0,2.0,1.0,4.0,7.0,37.0
1199.1316330818283,31.0,2.0,1.0,4.0,7.0,37.0
1199.1325026470458,32.0,2.0,1.0,4.0,7.0,37.0
1199.4325026470458,32.0,2.0,1.0,4.0,7.0,37.0
1199.433384999987,32.0,2.0,1.0,4.0,7.0,37.0
1199.733384999987,32.0,2.0,1.0,4.0,7.0,37.0
1199.7342673529283,32.0,2.0,1.0,4.0,7.0,37.0
1200.0342673529283,32.0,2.0,1.0,4.0,7.0,37.0
1200.0351497058696,32.0,2.0,1.0,4.0,7.0,37.0
1200.3351497058695,32.0,2.0,1.0,4.0,7.0,37.0
1200.3360320588108,32.0,2.0,1.0,4.0,7.0,37.0
1200.6360320588108,32.0,2.0,1.0,4.0,7.0,37.0
1200.636914411752,32.0,2.0,1.0,4.0,7.0,37.0
1200.936914411752,32.0,2.0,1.0,4.0,7.0,37.0
1200.9377967646933,32.0,2.0,1.0,4.0,7.0,37.0
1201.2377967646933,32.0,2.0,1.0,4.0,7.0,37.0
1201.2386791176345,32.0,2.0,1.0,4.0,7.0,37.0
1201.5386791176345,32.0,2.0,1.0,4.0,7.0,37.0
1201.5395614705758,33.0,2.0,1.0,4.0,7.0,37.0
1201.8395614705757,33.0,2.0,1.0,4.0,7.0,37.0
1201.8404569929637,33.0,2.0,1.0,4.0,7.0,37.0
1202.1404569929637,33.0,2.0,1.0,4.0,7.0,37.0
1202.1413525153516,33.0,2.0,1.0,4.0,7.0,37.0
1202.4413525153516,33.0,2.0,1.0,4.0,7.0,37.0
1202.4422480377395,33.0,2.0,1.0,4.0,7.0,37.0
1202.7422480377395,33.0,2.0,1.0,4.0,7.0,37.0
1202.7431435601275,33.0,2.0,1.0,4.0,7.0,37.0
1203.0431435601274,33.0,2.0,1.0,4.0,7.0,37.0
1203.0440390825154,33.0,2.0,1.0,2.0,7.0,38.0
1203.3440390825153,33.0,2.0,1.0,2.0,7.0,38.0
1203.3449346049033,33.0,2.0,1.0,2.0,7.0,38.0
1203.6449346049033,33.0,2.0,1.0,2.0,7.0,38.0
1203.6458301272912,33.0,2.0,1.0,2.0,7.0,38.0
1203.9458301272912,33.0,2.0,1.0,2.0,7.0,38.0
1203.9467256496791,33.0,2.0,1.0,2.0,7.0,38.0
1204.246725649679,33.0,2.0,1.0,2.0,7.0,38.0
1204.247621172067,34.0,2.0,1.0,2.0,7.0,38.0
1204.547621172067,34.0,2.0,1.0,2.0,7.0,38.0
1204.548530262976,34.0,2.0,1.0,2.0,7.0,38.0
1204.848530262976,34.0,2.0,1.0,2.0,7.0,38.0
1204.8494393538851,34.0,2.0,1.0,2.0,7.0,38.0
1205.149439353885,34.0,2.0,1.0,2.0,7.0,38.0
1205.1503484447942,34.0,2.0,1.0,2.0,7.0,38.0
1205.4503484447941,34.0,2.0,1.0,2.0,7.0,38.0
1205.4512575357032,34.0,2.0,1.0,2.0,7.0,38.0
1205.7512575357032,34.0,2.0,1.0,2.0,7.0,38.0
1205.7521666266123,34.0,2.0,1.0,2.0,7.0,38.0
1206.0521666266122,34.0,2.0,1.0,2.0,7.0,38.0
1206.0530757175213,34.0,2.0,1.0,2.0,7.0,38.0
1206.3530757175213,34.0,2.0,1.0,2.0,7.0,38.0
1206.3539848084304,34.0,2.0,1.0,2.0,7.0,38.0
1206.6539848084303,34.0,2.0,1.0,2.0,7.0,38.0
1206.6548938993394,34.0,2.0,1.0,2.0,7.0,38.0
1206.9548938993394,34.0,2.0,1.0,2.0,7.0,38.0
1206.9558029902485,34.0,2.0,1.0,2.0,7.0,38.0
1207.2558029902484,34.0,2.0,1.0,2.0,7.0,38.0
1207.2567120811575,34.0,2.0,1.0,2.0,7.0,38.0
1207.5567120811575,34.0,2.0,1.0,2.0,7.0,38.0
1207.5576211720665,34.0,2.0,1.0,2.0,7.0,38.0
1207.8576211720665,34.0,2.0,1.0,2.0,7.0,38.0
1207.8585302629756,34.0,2.0,1.0,2.0,7.0,38.0
1208.1585302629755,34.0,2.0,1.0,2.0,7.0,38.0
1208.1594393538846,34.0,2.0,1.0,2.0,7.0,38.0
1208.4594393538846,34.0,2.0,1.0,2.0,7.0,38.0
1208.4603484447937,34.0,2.0,1.0,2.0,7.0,38.0
1208.7603484447936,34.0,2.0,1.0,2.0,7.0,38.0
1208.7612575357027,34.0,2.0,1.0,2.0,7.0,38.0
1209.0612575357027,34.0,2.0,1.0,2.0,7.0,38.0
1209.0621666266118,34.0,2.0,1.0,2.0,7.0,38.0
1209.3621666266117,34.0,2.0,1.0,2.0,7.0,38.0
1209.3630757175208,34.0,2.0,1.0,2.0,7.0,38.0
1209.6630757175208,34.0,2.0,1.0,2.0,7.0,38.0
1209.6639848084299,34.0,2.0,1.0,2.0,7.0,38.0
1209.9639848084298,34.0,2.0,1.0,2.0,7.0,38.0
1209.964893899339,34.0,2.0,1.0,2.0,7.0,38.0
1210.2648938993389,34.0,2.0,1.0,2.0,7.0,38.0
1210.265802990248,34.0,2.0,1.0,2.0,7.0,38.0
1210.565802990248,34.0,2.0,1.0,2.0,7.0,38.0
1210.566712081157,34.0,2.0,1.0,2.0,7.0,38.0
1210.866712081157,34.0,2.0,1.0,2.0,7.0,38.0
1210.867621172066,34.0,2.0,1.0,2.0,7.0,38.0
1211.167621172066,34.0,2.0,1.0,2.0,7.0,38.0
1211.168530262975,34.0,2.0,1.0,2.0,7.0,38.0
1211.468530262975,34.0,2.0,1.0,2.0,7.0,38.0
1211.4694393538841,34.0,2.0,1.0,2.0,7.0,38.0
1211.769439353884,34.0,2.0,1.0,2.0,7.0,38.0
1211.7703484447932,34.0,2.0,1.0,2.0,7.0,38.0
1212.0703484447931,34.0,2.0,1.0,2.0,7.0,38.0
1212.0712575357022,34.0,2.0,1.0,2.0,7.0,38.0
1212.3712575357022,34.0,2.0,1.0,2.0,7.0,38.0
1212.3721666266113,34.0,2.0,1.0,2.0,7.0,38.0
1212.6721666266112,34.0,2.0,1.0,2.0,7.0,38.0
1212.6730757175203,34.0,2.0,1.0,2.0,7.0,38.0
1212.9730757175203,34.0,2.0,1.0,2.0,7.0,38.0
1212.9739848084293,34.0,2.0,1.0,2.0,7.0,38.0
1213.2739848084293,34.0,2.0,1.0,2.0,7.0,38.0
1213.2748938993384,34.0,2.0,1.0,2.0,7.0,38.0
1213.5748938993383,34.0,2.0,1.0,2.0,7.0,38.0
1213.5758029902474,34.0,2.0,1.0,2.0,7.0,38.0
1213.8758029902474,34.0,2.0,1.0,2.0,7.0,38.0
1213.8767120811565,34.0,2.0,1.0,2.0,7.0,38.0
1214.1767120811564,34.0,2.0,1.0,2.0,7.0,38.0
1214.1776211720655,34.0,2.0,1.0,2.0,7.0,38.0
1214.4776211720655,34.0,2.0,1.0,2.0,7.0,38.0
1214.4785302629746,34.0,2.0,1.0,2.0,7.0,38.0
1214.7785302629745,34.0,2.0,1.0,2.0,7.0,38.0
1214.7794393538836,34.0,2.0,1.0,7.0,7.0,38.0
1215.0794393538836,34.0,2.0,1.0,7.0,7.0,38.0
1215.0803484447927,34.0,2.0,1.0,7.0,7.0,38.0
1215.3803484447926,34.0,2.0,1.0,7.0,7.0,38.0
1215.3812575357017,34.0,2.0,1.0,7.0,7.0,38.0
1215.6812575357017,34.0,2.0,1.0,7.0,7.0,38.0
1215.6821666266108,34.0,2.0,1.0,7.0,7.0,38.0
1215.9821666266107,34.0,2.0,1.0,7.0,7.0,38.0
1215.9830757175198,34.0,2.0,1.0,7.0,7.0,38.0
1216.2830757175198,34.0,2.0,1.0,7.0,7.0,38.0
1216.2839848084288,34.0,2.0,1.0,7.0,7.0,38.0
1216.5839848084288,34.0,2.0,1.0,7.0,7.0,38.0
1216.5848938993379,34.0,2.0,1.0,7.0,7.0,38.0
1216.8848938993378,34.0,2.0,1.0,7.0,7.0,38.0
1216.885802990247,34.0,2.0,1.0,7.0,7.0,38.0
1217.1858029902469,34.0,2.0,1.0,7.0,7.0,38.0
1217.186712081156,34.0,2.0,1.0,7.0,7.0,38.0
1217.486712081156,34.0,2.0,1.0,7.0,7.0,38.0
1217.487621172065,34.0,2.0,1.0,7.0,7.0,38.0
1217.787621172065,34.0,2.0,1.0,7.0,7.0,38.0
1217.788530262974,34.0,2.0,1.0,7.0,7.0,38.0
1218.088530262974,34.0,2.0,1.0,7.0,7.0,38.0
1218.089439353883,34.0,2.0,1.0,7.0,7.0,38.0
1218.389439353883,34.0,2.0,1.0,7.0,7.0,38.0
1218.3903484447922,34.0,2.0,1.0,7.0,7.0,38.0
1218.690348444792,34.0,2.0,1.0,7.0,7.0,38.0
1218.6912575357012,34.0,2.0,1.0,7.0,7.0,38.0
1218.9912575357012,34.0,2.0,1.0,7.0,7.0,38.0
1218.9921666266102,34.0,2.0,1.0,7.0,7.0,38.0
1219.2921666266102,34.0,2.0,1.0,7.0,7.0,38.0
1219.2930757175193,34.0,2.0,1.0,7.0,7.0,38.0
1219.5930757175192,34.0,2.0,1.0,7.0,7.0,38.0
1219.5939848084283,35.0,2.0,1.0,7.0,7.0,38.0
1219.8939848084283,35.0,2.0,1.0,7.0,7.0,38.0
1219.8949078853514,35.0,2.0,1.0,7.0,7.0,38.0
1220.1949078853513,35.0,2.0,1.0,7.0,7.0,38.0
1220.1958309622744,35.0,2.0,1.0,7.0,7.0,38.0
1220.4958309622743,35.0,2.0,1.0,7.0,7.0,38.0
1220.4967540391974,35.0,2.0,1.0,7.0,7.0,38.0
1220.7967540391974,35.0,2.0,1.0,7.0,7.0,38.0
1220.7976771161204,35.0,2.0,1.0,7.0,7.0,38.0
1221.0976771161204,35.0,2.0,1.0,7.0,7.0,38.0
1221.0986001930435,35.0,2.0,1.0,7.0,7.0,38.0
1221.3986001930434,35.0,2.0,1.0,7.0,7.0,38.0
1221.3995232699665,35.0,2.0,1.0,7.0,7.0,38.0
1221.6995232699664,35.0,2.0,1.0,7.0,7.0,38.0
1221.7004463468895,35.0,2.0,1.0,7.0,7.0,38.0
1222.0004463468895,35.0,2.0,1.0,7.0,7.0,38.0
1222.0013694238125,35.0,2.0,1.0,7.0,7.0,38.0
1222.3013694238125,35.0,2.0,1.0,7.0,7.0,38.0
1222.3022925007356,35.0,2.0,1.0,7.0,7.0,38.0
1222.6022925007355,35.0,2.0,1.0,7.0,7.0,38.0
1222.6032155776586,35.0,2.0,1.0,7.0,7.0,38.0
1222.9032155776586,35.0,2.0,1.0,7.0,7.0,38.0
1222.9041386545816,35.0,2.0,1.0,7.0,7.0,38.0
1223.2041386545816,35.0,2.0,1.0,7.0,7.0,38.0
1223.2050617315047,35.0,2.0,1.0,7.0,7.0,38.0
1223.5050617315046,35.0,2.0,1.0,7.0,7.0,38.0
1223.5059848084277,35.0,2.0,1.0,7.0,7.0,38.0
1223.8059848084276,35.0,2.0,1.0,7.0,7.0,38.0
1223.8069078853507,35.0,2.0,1.0,7.0,7.0,38.0
1224.1069078853507,35.0,2.0,1.0,7.0,7.0,38.0
1224.1078309622737,35.0,2.0,1.0,7.0,7.0,38.0
1224.4078309622737,35.0,2.0,1.0,7.0,7.0,38.0
1224.4087540391968,35.0,2.0,1.0,7.0,7.0,38.0
1224.7087540391967,35.0,2.0,1.0,7.0,7.0,38.0
1224.7096771161198,35.0,2.0,1.0,7.0,7.0,38.0
1225.0096771161197,35.0,2.0,1.0,7.0,7.0,38.0
1225.0106001930428,35.0,2.0,1.0,7.0,7.0,38.0
1225.3106001930428,35.0,2.0,1.0,7.0,7.0,38.0
1225.3115232699658,35.0,2.0,1.0,7.0,7.0,38.0
1225.6115232699658,35.0,2.0,1.0,7.0,7.0,38.0
1225.6124463468889,35.0,2.0,1.0,7.0,7.0,38.0
1225.9124463468888,35.0,2.0,1.0,7.0,7.0,38.0
1225.913369423812,35.0,2.0,1.0,7.0,7.0,38.0
1226.2133694238119,35.0,2.0,1.0,7.0,7.0,38.0
1226.214292500735,35.0,2.0,1.0,7.0,7.0,38.0
1226.5142925007349,35.0,2.0,1.0,7.0,7.0,38.0
1226.515215577658,35.0,2.0,1.0,7.0,7.0,38.0
1226.815215577658,35.0,2.0,1.0,7.0,7.0,38.0
1226.816138654581,36.0,2.0,1.0,7.0,7.0,38.0
1227.116138654581,36.0,2.0,1.0,7.0,7.0,38.0
1227.117076154581,36.0,2.0,1.0,7.0,7.0,38.0
1227.4170761545809,36.0,2.0,1.0,7.0,7.0,38.0
1227.4180136545808,37.0,2.0,1.0,7.0,7.0,38.0
1227.7180136545808,37.0,2.0,1.0,7.0,7.0,38.0
1227.7189660355332,37.0,2.0,1.0,7.0,7.0,38.0
1228.0189660355331,37.0,2.0,1.0,7.0,7.0,38.0
1228.0199184164856,37.0,2.0,1.0,7.0,7.0,38.0
1228.3199184164855,37.0,2.0,1.0,7.0,7.0,38.0
1228.320870797438,37.0,2.0,1.0,7.0,7.0,38.0
1228.6208707974379,37.0,2.0,1.0,7.0,7.0,38.0
1228.6218231783903,37.0,2.0,1.0,7.0,7.0,38.0
1228.9218231783902,37.0,2.0,1.0,7.0,7.0,38.0
1228.9227755593427,37.0,2.0,1.0,7.0,7.0,38.0
1229.2227755593426,37.0,2.0,1.0,7.0,7.0,38.0
1229.223727940295,37.0,2.0,1.0,7.0,7.0,38.0
1229.523727940295,37.0,2.0,1.0,7.0,7.0,38.0
1229.5246803212474,37.0,2.0,1.0,7.0,7.0,38.0
1229.8246803212473,37.0,2.0,1.0,7.0,7.0,38.0
1229.8256327021998,37.0,2.0,1.0,7.0,7.0,38.0
1230.1256327021997,37.0,2.0,1.0,7.0,7.0,38.0
1230.1265850831521,37.0,2.0,1.0,7.0,7.0,38.0
1230.426585083152,37.0,2.0,1.0,7.0,7.0,38.0
1230.4275374641045,37.0,2.0,1.0,7.0,7.0,38.0
1230.7275374641044,37.0,2.0,1.0,7.0,7.0,38.0
1230.7284898450569,37.0,2.0,1.0,7.0,7.0,38.0
1231.0284898450568,37.0,2.0,1.0,7.0,7.0,38.0
1231.0294422260092,37.0,2.0,1.0,7.0,7.0,38.0
1231.3294422260092,37.0,2.0,1.0,7.0,7.0,38.0
1231.3303946069616,37.0,2.0,1.0,7.0,7.0,38.0
1231.6303946069615,37.0,2.0,1.0,7.0,7.0,38.0
1231.631346987914,37.0,2.0,1.0,7.0,7.0,38.0
1231.931346987914,37.0,2.0,1.0,7.0,7.0,38.0
1231.9322993688663,37.0,2.0,1.0,7.0,7.0,38.0
1232.2322993688663,37.0,2.0,1.0,7.0,7.0,38.0
1232.2332517498187,37.0,2.0,1.0,7.0,7.0,38.0
1232.5332517498186,37.0,2.0,1.0,7.0,7.0,38.0
1232.534204130771,37.0,2.0,1.0,7.0,7.0,38.0
1232.834204130771,37.0,2.0,1.0,7.0,7.0,38.0
1232.8351565117234,37.0,2.0,1.0,7.0,7.0,38.0
1233.1351565117234,37.0,2.0,1.0,7.0,7.0,38.0
1233.1361088926758,37.0,2.0,1.0,7.0,7.0,38.0
1233.4361088926757,37.0,2.0,1.0,7.0,7.0,38.0
1233.4370612736282,37.0,2.0,1.0,7.0,7.0,38.0
1233.7370612736281,37.0,2.0,1.0,7.0,7.0,38.0
1233.7380136545805,37.0,2.0,1.0,7.0,7.0,38.0
1234.0380136545805,37.0,2.0,1.0,7.0,7.0,38.0
1234.038966035533,37.0,2.0,1.0,7.0,7.0,38.0
1234.3389660355328,37.0,2.0,1.0,7.0,7.0,38.0
1234.3399184164853,37.0,2.0,1.0,7.0,7.0,38.0
1234.6399184164852,37.0,2.0,1.0,7.0,7.0,38.0
1234.6408707974376,37.0,2.0,1.0,7.0,7.0,38.0
1234.9408707974376,37.0,2.0,1.0,7.0,7.0,38.0
1234.94182317839,37.0,2.0,1.0,5.0,7.0,39.0
1235.24182317839,37.0,2.0,1.0,5.0,7.0,39.0
1235.2427755593424,37.0,2.0,1.0,5.0,7.0,39.0
1235.5427755593423,37.0,2.0,1.0,5.0,7.0,39.0
1235.5437279402947,37.0,2.0,1.0,5.0,7.0,39.0
1235.8437279402947,37.0,2.0,1.0,5.0,7.0,39.0
1235.844680321247,37.0,2.0,1.0,5.0,7.0,39.0
1236.144680321247,37.0,2.0,1.0,5.0,7.0,39.0
1236.1456327021995,37.0,2.0,1.0,5.0,7.0,39.0
1236.4456327021994,37.0,2.0,1.0,5.0,7.0,39.0
1236.4465850831518,37.0,2.0,1.0,5.0,7.0,39.0
1236.7465850831518,37.0,2.0,1.0,5.0,7.0,39.0
1236.7475374641042,37.0,2.0,1.0,5.0,7.0,39.0
1237.0475374641042,37.0,2.0,1.0,5.0,7.0,39.0
1237.0484898450566,37.0,2.0,1.0,5.0,7.0,39.0
1237.3484898450565,37.0,2.0,1.0,5.0,7.0,39.0
1237.349442226009,37.0,2.0,1.0,5.0,6.0,39.0
1237.649442226009,37.0,2.0,1.0,5.0,6.0,39.0
1237.6503946069613,37.0,2.0,1.0,5.0,6.0,39.0
1237.9503946069613,37.0,2.0,1.0,5.0,6.0,39.0
1237.9513469879137,37.0,2.0,1.0,5.0,6.0,39.0
1238.2513469879136,37.0,2.0,1.0,5.0,6.0,39.0
1238.252299368866,38.0,2.0,1.0,5.0,6.0,39.0
1238.552299368866,38.0,2.0,1.0,5.0,6.0,39.0
1238.5532671108015,38.0,2.0,1.0,5.0,6.0,39.0
1238.8532671108014,38.0,2.0,1.0,5.0,6.0,39.0
1238.854234852737,38.0,2.0,1.0,5.0,6.0,39.0
1239.1542348527369,38.0,2.0,1.0,5.0,6.0,39.0
1239.1552025946723,38.0,2.0,1.0,5.0,6.0,39.0
1239.4552025946723,38.0,2.0,1.0,5.0,6.0,39.0
1239.4561703366078,38.0,2.0,1.0,5.0,6.0,39.0
1239.7561703366077,38.0,2.0,1.0,5.0,6.0,39.0
1239.7571380785432,38.0,2.0,1.0,5.0,6.0,39.0
1240.0571380785432,38.0,2.0,1.0,5.0,6.0,39.0
1240.0581058204787,38.0,2.0,1.0,5.0,6.0,39.0
1240.3581058204786,38.0,2.0,1.0,5.0,6.0,39.0
1240.359073562414,38.0,2.0,1.0,5.0,6.0,39.0
1240.659073562414,38.0,2.0,1.0,5.0,6.0,39.0
1240.6600413043495,38.0,2.0,1.0,5.0,6.0,39.0
1240.9600413043495,38.0,2.0,1.0,5.0,6.0,39.0
1240.961009046285,38.0,2.0,1.0,5.0,6.0,39.0
1241.261009046285,38.0,2.0,1.0,5.0,6.0,39.0
1241.2619767882204,38.0,2.0,1.0,5.0,6.0,39.0
1241.5619767882204,38.0,2.0,1.0,5.0,6.0,39.0
1241.5629445301558,38.0,2.0,1.0,5.0,6.0,39.0
1241.8629445301558,38.0,2.0,1.0,5.0,6.0,39.0
1241.8639122720913,38.0,2.0,1.0,5.0,6.0,39.0
1242.1639122720912,38.0,2.0,1.0,5.0,6.0,39.0
1242.1648800140267,38.0,2.0,1.0,5.0,6.0,39.0
1242.4648800140267,38.0,2.0,1.0,5.0,6.0,39.0
1242.4658477559622,38.0,2.0,1.0,3.0,6.0,40.0
1242.765847755962,38.0,2.0,1.0,3.0,6.0,40.0
1242.7668154978976,38.0,2.0,1.0,3.0,6.0,40.0
1243.0668154978976,38.0,2.0,1.0,3.0,6.0,40.0
1243.067783239833,38.0,2.0,1.0,3.0,6.0,40.0
1243.367783239833,38.0,2.0,1.0,3.0,6.0,40.0
1243.3687509817685,38.0,2.0,1.0,1.0,6.0,41.0
1243.6687509817684,38.0,2.0,1.0,1.0,6.0,41.0
1243.669718723704,38.0,2.0,1.0,1.0,5.0,41.0
1243.9697187237039,38.0,2.0,1.0,1.0,5.0,41.0
1243.9706864656393,38.0,2.0,1.0,1.0,5.0,41.0
1244.2706864656393,38.0,2.0,1.0,1.0,5.0,41.0
1244.2716542075748,38.0,2.0,1.0,1.0,5.0,41.0
1244.5716542075747,38.0,2.0,1.0,1.0,5.0,41.0
1244.5726219495102,38.0,2.0,1.0,1.0,5.0,41.0
1244.8726219495102,38.0,2.0,1.0,1.0,5.0,41.0
1244.8735896914457,38.0,2.0,1.0,1.0,5.0,41.0
1245.1735896914456,38.0,2.0,1.0,1.0,5.0,41.0
1245.174557433381,38.0,2.0,1.0,1.0,5.0,41.0
1245.474557433381,38.0,2.0,1.0,1.0,5.0,41.0
1245.4755251753165,38.0,2.0,1.0,1.0,5.0,41.0
1245.7755251753165,38.0,2.0,1.0,1.0,5.0,41.0
1245.776492917252,38.0,2.0,1.0,1.0,5.0,41.0
1246.076492917252,38.0,2.0,1.0,1.0,5.0,41.0
1246.0774606591874,39.0,2.0,1.0,1.0,5.0,41.0
1246.3774606591874,39.0,2.0,1.0,1.0,5.0,41.0
1246.3784442657447,39.0,2.0,1.0,1.0,5.0,41.0
1246.6784442657447,39.0,2.0,1.0,1.0,5.0,41.0
1246.679427872302,39.0,2.0,1.0,1.0,5.0,41.0
1246.979427872302,39.0,2.0,1.0,1.0,5.0,41.0
1246.9804114788594,39.0,2.0,1.0,1.0,5.0,41.0
1247.2804114788594,39.0,2.0,1.0,1.0,5.0,41.0
1247.2813950854168,39.0,2.0,1.0,1.0,5.0,41.0
1247.5813950854167,39.0,2.0,1.0,1.0,5.0,41.0
1247.582378691974,39.0,2.0,1.0,1.0,5.0,41.0
1247.882378691974,39.0,2.0,1.0,1.0,5.0,41.0
1247.8833622985314,39.0,2.0,1.0,1.0,5.0,41.0
1248.1833622985314,39.0,2.0,1.0,1.0,5.0,41.0
1248.1843459050888,40.0,2.0,1.0,1.0,5.0,41.0
1248.4843459050887,40.0,2.0,1.0,1.0,5.0,41.0
1248.4853459050887,40.0,2.0,1.0,1.0,5.0,41.0
1248.7853459050887,40.0,2.0,1.0,1.0,5.0,41.0
1248.7863459050886,40.0,2.0,1.0,1.0,5.0,41.0
1249.0863459050886,40.0,2.0,1.0,1.0,5.0,41.0
1249.0873459050886,40.0,2.0,1.0,1.0,5.0,41.0
1249.3873459050885,40.0,2.0,1.0,1.0,5.0,41.0
1249.3883459050885,40.0,2.0,1.0,1.0,5.0,41.0
1249.6883459050885,40.0,2.0,1.0,1.0,5.0,41.0
1249.6893459050884,40.0,2.0,1.0,1.0,5.0,41.0
1249.9893459050884,40.0,2.0,1.0,1.0,5.0,41.0
1249.9903459050884,40.0,2.0,1.0,1.0,5.0,41.0
1250.2903459050883,40.0,2.0,1.0,1.0,5.0,41.0
1250.2913459050883,40.0,2.0,1.0,1.0,5.0,41.0
1250.5913459050882,40.0,2.0,1.0,1.0,5.0,41.0
1250.5923459050882,40.0,2.0,1.0,1.0,5.0,41.0
1250.8923459050882,40.0,2.0,1.0,1.0,5.0,41.0
1250.8933459050882,41.0,2.0,1.0,1.0,5.0,41.0
1251.193345905088,41.0,2.0,1.0,1.0,5.0,41.0
1251.1943628542406,41.0,2.0,1.0,1.0,5.0,41.0
1251.4943628542405,41.0,2.0,1.0,1.0,5.0,41.0
1251.495379803393,41.0,2.0,1.0,1.0,5.0,41.0
1251.795379803393,41.0,2.0,1.0,1.0,5.0,41.0
1251.7963967525454,41.0,2.0,1.0,1.0,5.0,41.0
1252.0963967525454,41.0,2.0,1.0,1.0,5.0,41.0
1252.0974137016979,41.0,2.0,1.0,1.0,5.0,41.0
1252.3974137016978,41.0,2.0,1.0,1.0,5.0,41.0
1252.3984306508503,40.0,2.0,1.0,1.0,5.0,41.0
1252.6984306508502,40.0,2.0,1.0,1.0,5.0,41.0
1252.6994306508502,40.0,2.0,1.0,1.0,5.0,41.0
1252.9994306508502,40.0,2.0,1.0,1.0,5.0,41.0
1253.0004306508501,40.0,2.0,1.0,1.0,5.0,41.0
1253.30043065085,40.0,2.0,1.0,1.0,5.0,41.0
1253.30143065085,40.0,2.0,1.0,1.0,5.0,41.0
1253.60143065085,40.0,2.0,1.0,1.0,5.0,41.0
1253.60243065085,40.0,2.0,1.0,1.0,5.0,41.0
1253.90243065085,40.0,2.0,1.0,1.0,5.0,41.0
1253.90343065085,40.0,2.0,1.0,1.0,5.0,41.0
1254.20343065085,40.0,2.0,1.0,1.0,5.0,41.0
1254.2044306508499,40.0,2.0,1.0,1.0,5.0,41.0
1254.5044306508498,40.0,2.0,1.0,1.0,5.0,41.0
1254.5054306508498,40.0,2.0,1.0,1.0,5.0,41.0
1254.8054306508498,40.0,2.0,1.0,1.0,5.0,41.0
1254.8064306508497,40.0,2.0,1.0,1.0,5.0,41.0
1255.1064306508497,40.0,2.0,1.0,1.0,5.0,41.0
1255.1074306508497,40.0,2.0,1.0,1.0,5.0,41.0
1255.4074306508496,40.0,2.0,1.0,1.0,5.0,41.0
1255.4084306508496,40.0,2.0,1.0,1.0,5.0,41.0
1255.7084306508496,40.0,2.0,1.0,1.0,5.0,41.0
1255.7094306508495,40.0,2.0,1.0,1.0,5.0,41.0
1256.0094306508495,40.0,2.0,1.0,1.0,5.0,41.0
1256.0104306508495,40.0,2.0,1.0,1.0,5.0,41.0
1256.3104306508494,40.0,2.0,1.0,1.0,5.0,41.0
1256.3114306508494,40.0,2.0,1.0,1.0,5.0,41.0
1256.6114306508493,40.0,2.0,1.0,1.0,5.0,41.0
1256.6124306508493,40.0,2.0,1.0,1.0,5.0,41.0
1256.9124306508493,40.0,2.0,1.0,1.0,5.0,41.0
1256.9134306508493,40.0,2.0,1.0,1.0,5.0,41.0
1257.2134306508492,40.0,2.0,1.0,1.0,5.0,41.0
1257.2144306508492,40.0,2.0,1.0,1.0,5.0,41.0
1257.5144306508491,40.0,2.0,1.0,1.0,5.0,41.0
1257.515430650849,40.0,2.0,1.0,1.0,5.0,41.0
1257.815430650849,40.0,2.0,1.0,1.0,5.0,41.0
1257.816430650849,41.0,2.0,1.0,1.0,5.0,41.0
1258.116430650849,41.0,2.0,1.0,1.0,5.0,41.0
1258.1174476000015,41.0,2.0,1.0,1.0,5.0,41.0
1258.4174476000014,41.0,2.0,1.0,1.0,5.0,41.0
1258.418464549154,41.0,2.0,1.0,1.0,5.0,41.0
1258.7184645491539,41.0,2.0,1.0,1.0,5.0,41.0
1258.7194814983063,41.0,2.0,1.0,1.0,5.0,41.0
1259.0194814983063,41.0,2.0,1.0,1.0,5.0,41.0
1259.0204984474587,41.0,2.0,1.0,1.0,5.0,41.0
1259.3204984474587,41.0,2.0,1.0,1.0,5.0,41.0
1259.3215153966112,41.0,2.0,1.0,1.0,5.0,41.0
1259.6215153966111,41.0,2.0,1.0,1.0,5.0,41.0
1259.6225323457636,41.0,2.0,1.0,1.0,5.0,41.0
1259.9225323457636,41.0,2.0,1.0,1.0,5.0,41.0
1259.923549294916,41.0,2.0,1.0,1.0,5.0,41.0
1260.223549294916,41.0,2.0,1.0,1.0,5.0,41.0
1260.2245662440685,41.0,2.0,1.0,1.0,4.0,41.0
1260.5245662440684,41.0,2.0,1.0,1.0,4.0,41.0
1260.5255831932209,41.0,2.0,1.0,1.0,4.0,41.0
1260.8255831932208,41.0,2.0,1.0,1.0,4.0,41.0
1260.8266001423733,41.0,2.0,1.0,1.0,4.0,41.0
1261.1266001423733,41.0,2.0,1.0,1.0,4.0,41.0
1261.1276170915257,41.0,2.0,1.0,1.0,4.0,41.0
1261.4276170915257,41.0,2.0,1.0,1.0,4.0,41.0
1261.4286340406782,42.0,2.0,1.0,1.0,4.0,41.0
1261.7286340406781,42.0,2.0,1.0,1.0,4.0,41.0
1261.7296685234367,42.0,2.0,1.0,1.0,4.0,41.0
1262.0296685234366,42.0,2.0,1.0,1.0,4.0,41.0
1262.0307030061952,42.0,2.0,1.0,1.0,4.0,41.0
1262.330703006195,42.0,2.0,1.0,1.0,4.0,41.0
1262.3317374889536,42.0,2.0,1.0,1.0,4.0,41.0
1262.6317374889536,42.0,2.0,1.0,1.0,4.0,41.0
1262.6327719717121,42.0,2.0,1.0,1.0,4.0,41.0
1262.932771971712,42.0,2.0,1.0,1.0,4.0,41.0
1262.9338064544706,42.0,2.0,1.0,1.0,4.0,41.0
1263.2338064544706,42.0,2.0,1.0,1.0,4.0,41.0
1263.2348409372291,42.0,2.0,1.0,1.0,4.0,41.0
1263.534840937229,42.0,2.0,1.0,1.0,4.0,41.0
1263.5358754199876,42.0,2.0,1.0,1.0,4.0,41.0
1263.8358754199876,42.0,2.0,1.0,1.0,4.0,41.0
1263.8369099027461,43.0,2.0,1.0,1.0,4.0,41.0
1264.136909902746,43.0,2.0,1.0,1.0,4.0,41.0
1264.137962534325,43.0,2.0,1.0,1.0,4.0,41.0
1264.437962534325,43.0,2.0,1.0,1.0,4.0,41.0
1264.4390151659038,43.0,2.0,1.0,1.0,4.0,41.0
1264.7390151659038,43.0,2.0,1.0,1.0,4.0,41.0
1264.7400677974827,43.0,2.0,1.0,1.0,4.0,41.0
1265.0400677974826,43.0,2.0,1.0,1.0,4.0,41.0
1265.0411204290615,43.0,2.0,1.0,1.0,4.0,41.0
1265.3411204290614,43.0,2.0,1.0,1.0,4.0,41.0
1265.3421730606403,43.0,2.0,1.0,1.0,4.0,41.0
1265.6421730606403,43.0,2.0,1.0,1.0,4.0,41.0
1265.6432256922192,43.0,2.0,1.0,1.0,4.0,41.0
1265.9432256922191,43.0,2.0,1.0,1.0,4.0,41.0
1265.944278323798,43.0,2.0,1.0,1.0,4.0,41.0
1266.244278323798,43.0,2.0,1.0,1.0,4.0,41.0
1266.2453309553769,43.0,2.0,1.0,1.0,4.0,41.0
1266.5453309553768,43.0,2.0,1.0,1.0,4.0,41.0
1266.5463835869557,42.0,2.0,1.0,1.0,4.0,41.0
1266.8463835869557,42.0,2.0,1.0,1.0,4.0,41.0
1266.8474180697142,42.0,2.0,1.0,1.0,4.0,41.0
1267.1474180697141,42.0,2.0,1.0,1.0,4.0,41.0
1267.1484525524727,42.0,2.0,1.0,1.0,4.0,41.0
1267.4484525524726,42.0,2.0,1.0,1.0,4.0,41.0
1267.4494870352312,42.0,2.0,1.0,1.0,4.0,41.0
1267.7494870352311,42.0,2.0,1.0,1.0,4.0,41.0
1267.7505215179897,42.0,2.0,1.0,1.0,4.0,41.0
1268.0505215179896,42.0,2.0,1.0,1.0,4.0,41.0
1268.0515560007482,42.0,2.0,1.0,1.0,4.0,41.0
1268.3515560007481,42.0,2.0,1.0,1.0,4.0,41.0
1268.3525904835067,42.0,2.0,1.0,1.0,4.0,41.0
1268.6525904835066,42.0,2.0,1.0,1.0,4.0,41.0
1268.6536249662652,42.0,2.0,1.0,1.0,3.0,41.0
1268.9536249662651,42.0,2.0,1.0,1.0,3.0,41.0
1268.9546594490237,42.0,2.0,1.0,1.0,3.0,41.0
1269.2546594490236,42.0,2.0,1.0,1.0,3.0,41.0
1269.2556939317822,42.0,2.0,1.0,1.0,3.0,41.0
1269.5556939317821,42.0,2.0,1.0,1.0,3.0,41.0
1269.5567284145407,42.0,2.0,1.0,1.0,3.0,41.0
1269.8567284145406,42.0,2.0,1.0,1.0,3.0,41.0
1269.8577628972992,42.0,2.0,1.0,1.0,3.0,41.0
1270.157762897299,42.0,2.0,1.0,1.0,3.0,41.0
1270.1587973800576,42.0,2.0,1.0,1.0,3.0,41.0
1270.4587973800576,42.0,2.0,1.0,1.0,3.0,41.0
1270.4598318628161,42.0,2.0,1.0,1.0,3.0,41.0
1270.759831862816,42.0,2.0,1.0,1.0,3.0,41.0
1270.7608663455746,42.0,2.0,1.0,1.0,3.0,41.0
1271.0608663455746,42.0,2.0,1.0,1.0,3.0,41.0
1271.0619008283331,42.0,2.0,1.0,1.0,3.0,41.0
1271.361900828333,42.0,2.0,1.0,1.0,3.0,41.0
1271.3629353110916,42.0,2.0,1.0,1.0,3.0,41.0
1271.6629353110916,42.0,2.0,1.0,1.0,3.0,41.0
1271.6639697938501,42.0,2.0,1.0,1.0,3.0,41.0
1271.96396979385,42.0,2.0,1.0,1.0,3.0,41.0
1271.9650042766086,42.0,2.0,1.0,1.0,3.0,41.0
1272.2650042766086,42.0,2.0,1.0,1.0,3.0,41.0
1272.2660387593671,43.0,2.0,1.0,1.0,3.0,41.0
1272.566038759367,43.0,2.0,1.0,1.0,3.0,41.0
1272.567091390946,43.0,2.0,1.0,1.0,3.0,41.0
1272.867091390946,43.0,2.0,1.0,1.0,3.0,41.0
1272.8681440225248,43.0,2.0,1.0,1.0,3.0,41.0
1273.1681440225248,43.0,2.0,1.0,1.0,3.0,41.0
1273.1691966541036,43.0,2.0,1.0,1.0,3.0,41.0
1273.4691966541036,43.0,2.0,1.0,1.0,3.0,41.0
1273.4702492856825,43.0,2.0,1.0,1.0,3.0,41.0
1273.7702492856824,43.0,2.0,1.0,1.0,3.0,41.0
1273.7713019172613,43.0,2.0,1.0,1.0,3.0,41.0
1274.0713019172613,43.0,2.0,1.0,1.0,3.0,41.0
1274.0723545488402,43.0,2.0,1.0,1.0,3.0,41.0
1274.3723545488401,43.0,2.0,1.0,1.0,3.0,41.0
1274.373407180419,43.0,2.0,1.0,1.0,3.0,41.0
1274.673407180419,43.0,2.0,1.0,1.0,3.0,41.0
1274.6744598119978,43.0,2.0,1.0,1.0,3.0,41.0
1274.9744598119978,43.0,2.0,1.0,1.0,3.0,41.0
1274.9755124435767,44.0,2.0,1.0,1.0,3.0,41.0
1275.2755124435766,44.0,2.0,1.0,1.0,3.0,41.0
1275.276583872148,44.0,2.0,1.0,1.0,3.0,41.0
1275.576583872148,44.0,2.0,1.0,1.0,3.0,41.0
1275.5776553007192,44.0,2.0,1.0,1.0,3.0,41.0
1275.8776553007192,44.0,2.0,1.0,1.0,3.0,41.0
1275.8787267292905,44.0,2.0,1.0,1.0,3.0,41.0
1276.1787267292905,44.0,2.0,1.0,1.0,3.0,41.0
1276.1797981578618,44.0,2.0,1.0,1.0,3.0,41.0
1276.4797981578618,44.0,2.0,1.0,1.0,3.0,41.0
1276.480869586433,44.0,2.0,1.0,1.0,3.0,41.0
1276.780869586433,44.0,2.0,1.0,1.0,3.0,41.0
1276.7819410150043,44.0,2.0,1.0,1.0,3.0,41.0
1277.0819410150043,44.0,2.0,1.0,1.0,3.0,41.0
1277.0830124435756,44.0,2.0,1.0,1.0,3.0,41.0
1277.3830124435756,44.0,2.0,1.0,1.0,3.0,41.0
1277.384083872147,44.0,2.0,1.0,1.0,3.0,41.0
1277.6840838721469,44.0,2.0,1.0,1.0,3.0,41.0
1277.6851553007182,44.0,2.0,1.0,1.0,3.0,41.0
1277.9851553007181,44.0,2.0,1.0,1.0,3.0,41.0
1277.9862267292895,44.0,2.0,1.0,1.0,3.0,41.0
1278.2862267292894,44.0,2.0,1.0,1.0,3.0,41.0
1278.2872981578607,44.0,2.0,1.0,1.0,3.0,41.0
1278.5872981578607,44.0,2.0,1.0,1.0,3.0,41.0
1278.588369586432,44.0,2.0,1.0,1.0,3.0,41.0
1278.888369586432,44.0,2.0,1.0,1.0,3.0,41.0
1278.8894410150033,44.0,2.0,1.0,1.0,3.0,41.0
1279.1894410150032,44.0,2.0,1.0,1.0,3.0,41.0
1279.1905124435746,44.0,2.0,1.0,1.0,3.0,41.0
1279.4905124435745,44.0,2.0,1.0,1.0,3.0,41.0
1279.4915838721458,44.0,2.0,1.0,1.0,3.0,41.0
1279.7915838721458,44.0,2.0,1.0,1.0,3.0,41.0
1279.7926553007171,44.0,2.0,1.0,1.0,3.0,41.0
1280.092655300717,44.0,2.0,1.0,1.0,3.0,41.0
1280.0937267292884,44.0,2.0,1.0,1.0,3.0,41.0
1280.3937267292883,44.0,2.0,1.0,1.0,3.0,41.0
1280.3947981578597,44.0,2.0,1.0,1.0,3.0,41.0
1280.6947981578596,44.0,2.0,1.0,1.0,3.0,41.0
1280.695869586431,44.0,2.0,1.0,1.0,3.0,41.0
1280.995869586431,44.0,2.0,1.0,1.0,3.0,41.0
1280.9969410150022,44.0,2.0,1.0,1.0,3.0,41.0
1281.2969410150022,44.0,2.0,1.0,1.0,3.0,41.0
1281.2980124435735,44.0,2.0,1.0,1.0,3.0,41.0
1281.5980124435735,44.0,2.0,1.0,1.0,3.0,41.0
1281.5990838721448,44.0,2.0,1.0,1.0,3.0,41.0
1281.8990838721447,44.0,2.0,1.0,1.0,3.0,41.0
1281.900155300716,44.0,2.0,1.0,1.0,3.0,41.0
1282.200155300716,44.0,2.0,1.0,1.0,3.0,41.0
1282.2012267292873,44.0,2.0,1.0,1.0,3.0,41.0
1282.5012267292873,44.0,2.0,1.0,1.0,3.0,41.0
1282.5022981578586,44.0,2.0,1.0,1.0,3.0,41.0
1282.8022981578586,44.0,2.0,1.0,1.0,3.0,41.0
1282.8033695864299,44.0,2.0,1.0,1.0,3.0,41.0
1283.1033695864298,44.0,2.0,1.0,1.0,3.0,41.0
1283.1044410150012,44.0,2.0,1.0,1.0,3.0,41.0
1283.404441015001,44.0,2.0,1.0,1.0,3.0,41.0
1283.4055124435724,44.0,2.0,1.0,1.0,3.0,41.0
1283.7055124435724,44.0,2.0,1.0,1.0,3.0,41.0
1283.7065838721437,44.0,2.0,1.0,1.0,3.0,41.0
1284.0065838721437,44.0,2.0,1.0,1.0,3.0,41.0
1284.007655300715,44.0,2.0,1.0,1.0,3.0,41.0
1284.307655300715,44.0,2.0,1.0,1.0,3.0,41.0
1284.3087267292863,44.0,2.0,1.0,1.0,3.0,41.0
1284.6087267292862,44.0,2.0,1.0,1.0,3.0,41.0
1284.6097981578575,44.0,2.0,1.0,1.0,3.0,41.0
1284.9097981578575,44.0,2.0,1.0,1.0,3.0,41.0
1284.9108695864288,44.0,2.0,1.0,1.0,3.0,41.0
1285.2108695864288,44.0,2.0,1.0,1.0,3.0,41.0
1285.211941015,44.0,2.0,1.0,1.0,3.0,41.0
1285.511941015,44.0,2.0,1.0,1.0,3.0,41.0
1285.5130124435714,44.0,2.0,1.0,1.0,3.0,41.0
1285.8130124435713,44.0,2.0,1.0,1.0,3.0,41.0
1285.8140838721426,44.0,2.0,1.0,1.0,3.0,41.0
1286.1140838721426,44.0,2.0,1.0,1.0,3.0,41.0
1286.115155300714,44.0,2.0,1.0,1.0,3.0,41.0
1286.4151553007139,44.0,2.0,1.0,1.0,3.0,41.0
1286.4162267292852,44.0,2.0,1.0,1.0,3.0,41.0
1286.7162267292852,44.0,2.0,1.0,1.0,3.0,41.0
1286.7172981578565,44.0,2.0,1.0,1.0,3.0,41.0
1287.0172981578564,44.0,2.0,1.0,1.0,3.0,41.0
1287.0183695864278,44.0,2.0,1.0,1.0,3.0,41.0
1287.3183695864277,44.0,2.0,1.0,1.0,3.0,41.0
1287.319441014999,44.0,2.0,1.0,1.0,3.0,41.0
1287.619441014999,44.0,2.0,1.0,1.0,3.0,41.0
1287.6205124435703,44.0,2.0,1.0,1.0,3.0,41.0
1287.9205124435703,44.0,2.0,1.0,1.0,3.0,41.0
1287.9215838721416,44.0,2.0,1.0,1.0,3.0,41.0
1288.2215838721415,44.0,2.0,1.0,1.0,3.0,41.0
1288.2226553007129,44.0,2.0,1.0,1.0,3.0,41.0
1288.5226553007128,44.0,2.0,1.0,1.0,3.0,41.0
1288.5237267292841,44.0,2.0,1.0,1.0,3.0,41.0
1288.823726729284,44.0,2.0,1.0,1.0,3.0,41.0
1288.8247981578554,44.0,2.0,1.0,1.0,3.0,41.0
1289.1247981578554,44.0,2.0,1.0,1.0,3.0,41.0
1289.1258695864267,44.0,2.0,1.0,1.0,3.0,41.0
1289.4258695864266,44.0,2.0,1.0,1.0,3.0,41.0
1289.426941014998,44.0,2.0,1.0,1.0,3.0,41.0
1289.726941014998,44.0,2.0,1.0,1.0,3.0,41.0
1289.7280124435692,44.0,2.0,1.0,1.0,3.0,41.0
1290.0280124435692,44.0,2.0,1.0,1.0,3.0,41.0
1290.0290838721405,43.0,2.0,1.0,1.0,3.0,41.0
1290.3290838721405,43.0,2.0,1.0,1.0,3.0,41.0
1290.3301365037194,43.0,2.0,1.0,1.0,3.0,41.0
1290.6301365037193,43.0,2.0,1.0,1.0,3.0,41.0
1290.6311891352982,43.0,2.0,1.0,1.0,3.0,41.0
1290.9311891352982,43.0,2.0,1.0,1.0,3.0,41.0
1290.932241766877,43.0,2.0,1.0,1.0,3.0,41.0
1291.232241766877,43.0,2.0,1.0,1.0,3.0,41.0
1291.2332943984559,43.0,2.0,1.0,1.0,3.0,41.0
1291.5332943984558,43.0,2.0,1.0,1.0,3.0,41.0
1291.5343470300347,43.0,2.0,1.0,1.0,3.0,41.0
1291.8343470300347,43.0,2.0,1.0,1.0,3.0,41.0
1291.8353996616136,43.0,2.0,1.0,1.0,3.0,41.0
1292.1353996616135,43.0,2.0,1.0,1.0,3.0,41.0
1292.1364522931924,43.0,2.0,1.0,1.0,3.0,41.0
1292.4364522931924,43.0,2.0,1.0,1.0,3.0,41.0
1292.4375049247712,43.0,2.0,1.0,1.0,3.0,41.0
1292.7375049247712,43.0,2.0,1.0,1.0,3.0,41.0
1292.73855755635,43.0,2.0,1.0,1.0,3.0,41.0
1293.03855755635,43.0,2.0,1.0,1.0,3.0,41.0
1293.039610187929,43.0,2.0,1.0,1.0,3.0,41.0
1293.3396101879289,43.0,2.0,1.0,1.0,3.0,41.0
1293.3406628195078,43.0,2.0,1.0,1.0,3.0,41.0
1293.6406628195077,43.0,2.0,1.0,1.0,3.0,41.0
1293.6417154510866,43.0,2.0,1.0,1.0,3.0,41.0
1293.9417154510866,43.0,2.0,1.0,1.0,3.0,41.0
1293.9427680826655,43.0,2.0,1.0,1.0,3.0,41.0
1294.2427680826654,43.0,2.0,1.0,1.0,3.0,41.0
1294.2438207142443,43.0,2.0,1.0,1.0,3.0,41.0
1294.5438207142442,43.0,2.0,1.0,1.0,3.0,41.0
1294.5448733458231,43.0,2.0,1.0,1.0,3.0,41.0
1294.844873345823,43.0,2.0,1.0,1.0,3.0,41.0
1294.845925977402,43.0,2.0,1.0,1.0,3.0,41.0
1295.145925977402,43.0,2.0,1.0,1.0,3.0,41.0
1295.1469786089808,43.0,2.0,1.0,1.0,3.0,41.0
1295.4469786089808,43.0,2.0,1.0,1.0,3.0,41.0
1295.4480312405597,43.0,2.0,1.0,1.0,3.0,41.0
1295.7480312405596,43.0,2.0,1.0,1.0,3.0,41.0
1295.7490838721385,43.0,2.0,1.0,1.0,3.0,41.0
1296.0490838721385,43.0,2.0,1.0,1.0,3.0,41.0
1296.0501365037173,43.0,2.0,1.0,1.0,3.0,41.0
1296.3501365037173,43.0,2.0,1.0,1.0,3.0,41.0
1296.3511891352962,43.0,2.0,1.0,1.0,3.0,41.0
1296.6511891352961,43.0,2.0,1.0,1.0,3.0,41.0
1296.652241766875,43.0,2.0,1.0,1.0,3.0,41.0
1296.952241766875,43.0,2.0,1.0,1.0,3.0,41.0
1296.9532943984539,43.0,2.0,1.0,1.0,3.0,41.0
1297.2532943984538,43.0,2.0,1.0,1.0,3.0,41.0
1297.2543470300327,43.0,2.0,1.0,1.0,3.0,41.0
1297.5543470300327,43.0,2.0,1.0,1.0,3.0,41.0
1297.5553996616115,43.0,2.0,1.0,1.0,3.0,41.0
1297.8553996616115,43.0,2.0,1.0,1.0,3.0,41.0
1297.8564522931904,43.0,2.0,1.0,1.0,3.0,41.0
1298.1564522931903,43.0,2.0,1.0,1.0,3.0,41.0
1298.1575049247692,44.0,2.0,1.0,1.0,3.0,41.0
1298.4575049247692,44.0,2.0,1.0,1.0,3.0,41.0
1298.4585763533405,44.0,2.0,1.0,1.0,3.0,41.0
1298.7585763533405,44.0,2.0,1.0,1.0,3.0,41.0
1298.7596477819118,44.0,2.0,1.0,1.0,3.0,41.0
1299.0596477819117,44.0,2.0,1.0,1.0,3.0,41.0
1299.060719210483,44.0,2.0,1.0,1.0,3.0,41.0
1299.360719210483,44.0,2.0,1.0,1.0,3.0,41.0
1299.3617906390543,44.0,2.0,1.0,1.0,3.0,41.0
1299.6617906390543,44.0,2.0,1.0,1.0,3.0,41.0
1299.6628620676256,44.0,2.0,1.0,1.0,3.0,41.0
1299.9628620676256,44.0,2.0,1.0,1.0,3.0,41.0
1299.963933496197,44.0,2.0,1.0,1.0,3.0,41.0
1300.2639334961968,44.0,2.0,1.0,1.0,3.0,41.0
1300.2650049247682,44.0,2.0,1.0,1.0,3.0,41.0
1300.5650049247681,44.0,2.0,1.0,1.0,3.0,41.0
1300.5660763533394,44.0,2.0,1.0,1.0,3.0,41.0
1300.8660763533394,44.0,2.0,1.0,1.0,3.0,41.0
1300.8671477819107,44.0,2.0,1.0,1.0,3.0,41.0
1301.1671477819107,44.0,2.0,1.0,1.0,3.0,41.0
1301.168219210482,44.0,2.0,1.0,1.0,3.0,41.0
1301.468219210482,44.0,2.0,1.0,1.0,3.0,41.0
1301.4692906390533,44.0,2.0,1.0,1.0,3.0,41.0
1301.7692906390532,44.0,2.0,1.0,1.0,3.0,41.0
1301.7703620676245,44.0,2.0,1.0,1.0,3.0,41.0
1302.0703620676245,44.0,2.0,1.0,1.0,3.0,41.0
1302.0714334961958,44.0,2.0,1.0,1.0,3.0,41.0
1302.3714334961958,44.0,2.0,1.0,1.0,3.0,41.0
1302.372504924767,44.0,2.0,1.0,1.0,3.0,41.0
1302.672504924767,44.0,2.0,1.0,1.0,3.0,41.0
1302.6735763533384,44.0,2.0,1.0,1.0,3.0,41.0
1302.9735763533383,44.0,2.0,1.0,1.0,3.0,41.0
1302.9746477819097,44.0,2.0,1.0,1.0,3.0,41.0
1303.2746477819096,44.0,2.0,1.0,1.0,3.0,41.0
1303.275719210481,44.0,2.0,1.0,1.0,3.0,41.0
1303.5757192104809,44.0,2.0,1.0,1.0,3.0,41.0
1303.5767906390522,44.0,2.0,1.0,1.0,3.0,41.0
1303.8767906390522,44.0,2.0,1.0,1.0,3.0,41.0
1303.8778620676235,44.0,2.0,1.0,1.0,3.0,41.0
1304.1778620676234,44.0,2.0,1.0,1.0,3.0,41.0
1304.1789334961948,44.0,2.0,1.0,1.0,3.0,41.0
1304.4789334961947,44.0,2.0,1.0,1.0,3.0,41.0
1304.480004924766,44.0,2.0,1.0,1.0,3.0,41.0
1304.780004924766,44.0,2.0,1.0,1.0,3.0,41.0
1304.7810763533373,44.0,2.0,1.0,1.0,3.0,41.0
1305.0810763533373,44.0,2.0,1.0,1.0,3.0,41.0
1305.0821477819086,44.0,2.0,1.0,1.0,3.0,41.0
1305.3821477819085,44.0,2.0,1.0,1.0,3.0,41.0
1305.3832192104799,44.0,2.0,1.0,1.0,3.0,41.0
1305.6832192104798,44.0,2.0,1.0,1.0,3.0,41.0
1305.6842906390511,44.0,2.0,1.0,1.0,3.0,41.0
1305.984290639051,44.0,2.0,1.0,1.0,3.0,41.0
1305.9853620676224,44.0,2.0,1.0,1.0,3.0,41.0
1306.2853620676224,44.0,2.0,1.0,1.0,3.0,41.0
1306.2864334961937,44.0,2.0,1.0,1.0,3.0,41.0
1306.5864334961936,44.0,2.0,1.0,1.0,3.0,41.0
1306.587504924765,44.0,2.0,1.0,1.0,3.0,41.0
1306.887504924765,44.0,2.0,1.0,1.0,3.0,41.0
1306.8885763533362,45.0,2.0,1.0,1.0,3.0,41.0
1307.1885763533362,45.0,2.0,1.0,1.0,3.0,41.0
1307.189667262427,45.0,2.0,1.0,1.0,3.0,41.0
1307.489667262427,45.0,2.0,1.0,1.0,3.0,41.0
1307.4907581715179,45.0,2.0,1.0,1.0,3.0,41.0
1307.7907581715178,45.0,2.0,1.0,1.0,3.0,41.0
1307.7918490806087,45.0,2.0,1.0,1.0,3.0,41.0
1308.0918490806087,45.0,2.0,1.0,1.0,3.0,41.0
1308.0929399896995,45.0,2.0,1.0,1.0,3.0,41.0
1308.3929399896995,45.0,2.0,1.0,1.0,3.0,41.0
1308.3940308987903,45.0,2.0,1.0,1.0,3.0,41.0
1308.6940308987903,45.0,2.0,1.0,1.0,3.0,41.0
1308.6951218078812,46.0,2.0,1.0,1.0,3.0,41.0
1308.995121807881,46.0,2.0,1.0,1.0,3.0,41.0
1308.9962329189923,46.0,2.0,1.0,1.0,3.0,41.0
1309.2962329189922,46.0,2.0,1.0,1.0,3.0,41.0
1309.2973440301034,46.0,2.0,1.0,1.0,3.0,41.0
1309.5973440301034,46.0,2.0,1.0,1.0,3.0,41.0
1309.5984551412146,46.0,2.0,1.0,1.0,3.0,41.0
1309.8984551412145,46.0,2.0,1.0,1.0,3.0,41.0
1309.8995662523257,46.0,2.0,1.0,1.0,3.0,41.0
1310.1995662523257,46.0,2.0,1.0,1.0,3.0,41.0
1310.2006773634369,46.0,2.0,1.0,1.0,3.0,41.0
1310.5006773634368,46.0,2.0,1.0,1.0,3.0,41.0
1310.501788474548,46.0,2.0,1.0,1.0,3.0,41.0
1310.801788474548,46.0,2.0,1.0,1.0,3.0,41.0
1310.8028995856591,46.0,2.0,1.0,1.0,3.0,41.0
1311.102899585659,46.0,2.0,1.0,1.0,3.0,41.0
1311.1040106967703,46.0,2.0,1.0,1.0,3.0,41.0
1311.4040106967702,46.0,2.0,1.0,1.0,3.0,41.0
1311.4051218078814,46.0,2.0,1.0,1.0,3.0,41.0
1311.7051218078814,46.0,2.0,1.0,1.0,3.0,41.0
1311.7062329189926,46.0,2.0,1.0,1.0,3.0,41.0
1312.0062329189925,46.0,2.0,1.0,1.0,3.0,41.0
1312.0073440301037,46.0,2.0,1.0,1.0,3.0,41.0
1312.3073440301036,46.0,2.0,1.0,1.0,3.0,41.0
1312.3084551412148,46.0,2.0,1.0,1.0,3.0,41.0
1312.6084551412148,46.0,2.0,1.0,1.0,3.0,41.0
1312.609566252326,46.0,2.0,1.0,1.0,3.0,41.0
1312.909566252326,46.0,2.0,1.0,1.0,3.0,41.0
1312.9106773634371,46.0,2.0,1.0,1.0,3.0,41.0
1313.210677363437,46.0,2.0,1.0,1.0,3.0,41.0
1313.2117884745483,46.0,2.0,1.0,1.0,2.0,41.0
1313.5117884745482,46.0,2.0,1.0,1.0,2.0,41.0
1313.5128995856594,46.0,2.0,1.0,1.0,2.0,41.0
1313.8128995856594,46.0,2.0,1.0,1.0,2.0,41.0
1313.8140106967705,46.0,2.0,1.0,1.0,2.0,41.0
1314.1140106967705,46.0,2.0,1.0,1.0,2.0,41.0
1314.1151218078817,46.0,2.0,1.0,1.0,2.0,41.0
1314.4151218078816,46.0,2.0,1.0,1.0,2.0,41.0
1314.4162329189928,46.0,2.0,1.0,1.0,2.0,41.0
1314.7162329189928,46.0,2.0,1.0,1.0,2.0,41.0
1314.717344030104,46.0,2.0,1.0,1.0,2.0,41.0
1315.017344030104,46.0,2.0,1.0,1.0,2.0,41.0
1315.018455141215,46.0,2.0,1.0,1.0,2.0,41.0
1315.318455141215,46.0,2.0,1.0,1.0,2.0,41.0
1315.3195662523262,46.0,2.0,1.0,1.0,2.0,41.0
1315.6195662523262,46.0,2.0,1.0,1.0,2.0,41.0
1315.6206773634374,46.0,2.0,1.0,1.0,2.0,41.0
1315.9206773634373,46.0,2.0,1.0,1.0,2.0,41.0
1315.9217884745485,46.0,2.0,1.0,1.0,2.0,41.0
1316.2217884745485,46.0,2.0,1.0,1.0,2.0,41.0
1316.2228995856597,46.0,2.0,1.0,1.0,2.0,41.0
1316.5228995856596,46.0,2.0,1.0,1.0,2.0,41.0
1316.5240106967708,46.0,2.0,1.0,1.0,2.0,41.0
1316.8240106967708,46.0,2.0,1.0,1.0,2.0,41.0
1316.825121807882,46.0,2.0,1.0,1.0,2.0,41.0
1317.125121807882,46.0,2.0,1.0,1.0,2.0,41.0
1317.126232918993,46.0,2.0,1.0,1.0,2.0,41.0
1317.426232918993,46.0,2.0,1.0,1.0,2.0,41.0
1317.4273440301042,46.0,2.0,1.0,1.0,2.0,41.0
1317.7273440301042,46.0,2.0,1.0,1.0,2.0,41.0
1317.7284551412154,46.0,2.0,1.0,1.0,2.0,41.0
1318.0284551412153,46.0,2.0,1.0,1.0,2.0,41.0
1318.0295662523265,46.0,2.0,1.0,1.0,2.0,41.0
1318.3295662523265,46.0,2.0,1.0,1.0,2.0,41.0
1318.3306773634376,46.0,2.0,1.0,1.0,2.0,41.0
1318.6306773634376,46.0,2.0,1.0,1.0,2.0,41.0
1318.6317884745488,46.0,2.0,1.0,1.0,2.0,41.0
1318.9317884745487,46.0,2.0,1.0,1.0,2.0,41.0
1318.93289958566,46.0,2.0,1.0,1.0,2.0,41.0
1319.2328995856599,46.0,2.0,1.0,1.0,2.0,41.0
1319.234010696771,46.0,2.0,1.0,1.0,2.0,41.0
1319.534010696771,46.0,2.0,1.0,1.0,2.0,41.0
1319.5351218078822,46.0,2.0,1.0,1.0,2.0,41.0
1319.8351218078822,46.0,2.0,1.0,1.0,2.0,41.0
1319.8362329189933,46.0,2.0,1.0,1.0,2.0,41.0
1320.1362329189933,46.0,2.0,1.0,1.0,2.0,41.0
1320.1373440301045,46.0,2.0,1.0,1.0,2.0,41.0
1320.4373440301044,46.0,2.0,1.0,1.0,2.0,41.0
1320.4384551412156,46.0,2.0,1.0,1.0,2.0,41.0
1320.7384551412156,46.0,2.0,1.0,1.0,2.0,41.0
1320.7395662523268,46.0,2.0,1.0,1.0,2.0,41.0
1321.0395662523267,46.0,2.0,1.0,1.0,2.0,41.0
1321.040677363438,46.0,2.0,1.0,1.0,2.0,41.0
1321.3406773634379,46.0,2.0,1.0,1.0,2.0,41.0
1321.341788474549,46.0,2.0,1.0,1.0,2.0,41.0
1321.641788474549,46.0,2.0,1.0,1.0,2.0,41.0
1321.6428995856602,46.0,2.0,1.0,1.0,2.0,41.0
1321.9428995856601,46.0,2.0,1.0,1.0,2.0,41.0
1321.9440106967713,46.0,2.0,1.0,1.0,2.0,41.0
1322.2440106967713,46.0,2.0,1.0,1.0,2.0,41.0
1322.2451218078825,46.0,2.0,1.0,1.0,2.0,41.0
1322.5451218078824,46.0,2.0,1.0,1.0,2.0,41.0
1322.5462329189936,46.0,2.0,1.0,1.0,2.0,41.0
1322.8462329189936,46.0,2.0,1.0,1.0,2.0,41.0
1322.8473440301048,46.0,2.0,1.0,1.0,2.0,41.0
1323.1473440301047,46.0,2.0,1.0,1.0,2.0,41.0
1323.148455141216,46.0,2.0,1.0,1.0,2.0,41.0
1323.4484551412158,46.0,2.0,1.0,1.0,2.0,41.0
1323.449566252327,46.0,2.0,1.0,1.0,2.0,41.0
1323.749566252327,46.0,2.0,1.0,1.0,2.0,41.0
1323.7506773634382,46.0,2.0,1.0,1.0,2.0,41.0
1324.0506773634381,46.0,2.0,1.0,1.0,2.0,41.0
1324.0517884745493,46.0,2.0,1.0,1.0,2.0,41.0
1324.3517884745493,46.0,2.0,1.0,1.0,2.0,41.0
1324.3528995856605,46.0,2.0,1.0,1.0,2.0,41.0
1324.6528995856604,46.0,2.0,1.0,1.0,2.0,41.0
1324.6540106967716,46.0,2.0,1.0,1.0,2.0,41.0
1324.9540106967715,46.0,2.0,1.0,1.0,2.0,41.0
1324.9551218078827,46.0,2.0,1.0,1.0,2.0,41.0
1325.2551218078827,46.0,2.0,1.0,1.0,2.0,41.0
1325.2562329189939,46.0,2.0,1.0,1.0,2.0,41.0
1325.5562329189938,46.0,2.0,1.0,1.0,2.0,41.0
1325.557344030105,46.0,2.0,1.0,1.0,2.0,41.0
1325.857344030105,46.0,2.0,1.0,1.0,2.0,41.0
1325.8584551412162,46.0,2.0,1.0,1.0,2.0,41.0
1326.158455141216,46.0,2.0,1.0,1.0,2.0,41.0
1326.1595662523273,46.0,2.0,1.0,1.0,2.0,41.0
1326.4595662523272,46.0,2.0,1.0,1.0,2.0,41.0
1326.4606773634384,46.0,2.0,1.0,1.0,2.0,41.0
1326.7606773634384,46.0,2.0,1.0,1.0,2.0,41.0
1326.7617884745496,46.0,2.0,1.0,1.0,2.0,41.0
1327.0617884745495,46.0,2.0,1.0,1.0,2.0,41.0
1327.0628995856607,46.0,2.0,1.0,1.0,2.0,41.0
1327.3628995856607,46.0,2.0,1.0,1.0,2.0,41.0
1327.3640106967719,46.0,2.0,1.0,1.0,2.0,41.0
1327.6640106967718,46.0,2.0,1.0,1.0,2.0,41.0
1327.665121807883,46.0,2.0,1.0,1.0,2.0,41.0
1327.965121807883,46.0,2.0,1.0,1.0,2.0,41.0
1327.9662329189941,46.0,2.0,1.0,1.0,2.0,41.0
1328.266232918994,46.0,2.0,1.0,1.0,2.0,41.0
1328.2673440301053,46.0,2.0,1.0,1.0,2.0,41.0
1328.5673440301052,46.0,2.0,1.0,1.0,2.0,41.0
1328.5684551412164,46.0,2.0,1.0,1.0,2.0,41.0
1328.8684551412164,46.0,2.0,1.0,1.0,2.0,41.0
1328.8695662523276,46.0,2.0,1.0,1.0,2.0,41.0
1329.1695662523275,46.0,2.0,1.0,1.0,2.0,41.0
1329.1706773634387,46.0,2.0,1.0,1.0,2.0,41.0
1329.4706773634387,46.0,2.0,1.0,1.0,2.0,41.0
1329.4717884745498,46.0,2.0,1.0,1.0,2.0,41.0
1329.7717884745498,46.0,2.0,1.0,1.0,2.0,41.0
1329.772899585661,46.0,2.0,1.0,1.0,2.0,41.0
1330.072899585661,46.0,2.0,1.0,1.0,2.0,41.0
1330.0740106967721,46.0,2.0,1.0,1.0,2.0,41.0
1330.374010696772,46.0,2.0,1.0,1.0,2.0,41.0
1330.3751218078833,46.0,2.0,1.0,1.0,2.0,41.0
1330.6751218078832,46.0,2.0,1.0,1.0,2.0,41.0
1330.6762329189944,46.0,2.0,1.0,1.0,2.0,41.0
1330.9762329189944,46.0,2.0,1.0,1.0,2.0,41.0
1330.9773440301055,46.0,2.0,1.0,1.0,2.0,41.0
1331.2773440301055,46.0,2.0,1.0,1.0,2.0,41.0
1331.2784551412167,46.0,2.0,1.0,1.0,2.0,41.0
1331.5784551412166,46.0,2.0,1.0,1.0,2.0,41.0
1331.5795662523278,46.0,2.0,1.0,1.0,2.0,41.0
1331.8795662523278,46.0,2.0,1.0,1.0,2.0,41.0
1331.880677363439,46.0,2.0,1.0,1.0,2.0,41.0
1332.180677363439,46.0,2.0,1.0,1.0,2.0,41.0
1332.18178847455,46.0,2.0,1.0,1.0,2.0,41.0
1332.48178847455,46.0,2.0,1.0,1.0,2.0,41.0
1332.4828995856612,46.0,2.0,1.0,1.0,2.0,41.0
1332.7828995856612,46.0,2.0,1.0,1.0,2.0,41.0
1332.7840106967724,46.0,2.0,1.0,1.0,2.0,41.0
1333.0840106967723,46.0,2.0,1.0,1.0,2.0,41.0
1333.0851218078835,46.0,2.0,1.0,1.0,2.0,41.0
1333.3851218078835,46.0,2.0,1.0,1.0,2.0,41.0
1333.3862329189947,46.0,2.0,1.0,1.0,2.0,41.0
1333.6862329189946,46.0,2.0,1.0,1.0,2.0,41.0
1333.6873440301058,46.0,2.0,1.0,1.0,2.0,41.0
1333.9873440301058,46.0,2.0,1.0,1.0,2.0,41.0
1333.988455141217,46.0,2.0,1.0,1.0,2.0,41.0
1334.288455141217,46.0,2.0,1.0,1.0,2.0,41.0
1334.289566252328,46.0,2.0,1.0,1.0,2.0,41.0
1334.589566252328,46.0,2.0,1.0,1.0,2.0,41.0
1334.5906773634392,46.0,2.0,1.0,1.0,2.0,41.0
1334.8906773634392,46.0,2.0,1.0,1.0,2.0,41.0
1334.8917884745504,46.0,2.0,1.0,1.0,2.0,41.0
1335.1917884745503,46.0,2.0,1.0,1.0,2.0,41.0
1335.1928995856615,46.0,2.0,1.0,1.0,2.0,41.0
1335.4928995856615,46.0,2.0,1.0,1.0,2.0,41.0
1335.4940106967726,46.0,2.0,1.0,1.0,2.0,41.0
1335.7940106967726,46.0,2.0,1.0,1.0,2.0,41.0
1335.7951218078838,46.0,2.0,1.0,1.0,2.0,41.0
1336.0951218078837,46.0,2.0,1.0,1.0,2.0,41.0
1336.096232918995,46.0,2.0,1.0,1.0,2.0,41.0
1336.3962329189949,46.0,2.0,1.0,1.0,2.0,41.0
1336.397344030106,46.0,2.0,1.0,1.0,2.0,41.0
1336.697344030106,46.0,2.0,1.0,1.0,2.0,41.0
1336.6984551412172,46.0,2.0,1.0,1.0,2.0,41.0
1336.9984551412172,46.0,2.0,1.0,1.0,2.0,41.0
1336.9995662523283,46.0,2.0,1.0,1.0,2.0,41.0
1337.2995662523283,46.0,2.0,1.0,1.0,2.0,41.0
1337.3006773634395,46.0,2.0,1.0,1.0,2.0,41.0
1337.6006773634394,46.0,2.0,1.0,1.0,2.0,41.0
1337.6017884745506,46.0,2.0,1.0,1.0,2.0,41.0
1337.9017884745506,46.0,2.0,1.0,1.0,2.0,41.0
1337.9028995856618,46.0,2.0,1.0,1.0,2.0,41.0
1338.2028995856617,46.0,2.0,1.0,1.0,2.0,41.0
1338.204010696773,46.0,2.0,1.0,1.0,2.0,41.0
1338.5040106967729,46.0,2.0,1.0,1.0,2.0,41.0
1338.505121807884,46.0,2.0,1.0,1.0,2.0,41.0
1338.805121807884,46.0,2.0,1.0,1.0,2.0,41.0
1338.8062329189952,46.0,2.0,1.0,1.0,2.0,41.0
1339.1062329189951,46.0,2.0,1.0,1.0,2.0,41.0
1339.1073440301063,46.0,2.0,1.0,1.0,2.0,41.0
1339.4073440301063,46.0,2.0,1.0,1.0,2.0,41.0
1339.4084551412175,46.0,3.0,1.0,1.0,2.0,41.0
1339.7084551412174,46.0,3.0,1.0,1.0,2.0,41.0
1339.7095662523286,46.0,3.0,1.0,1.0,2.0,41.0
1340.0095662523286,46.0,3.0,1.0,1.0,2.0,41.0
1340.0106773634398,46.0,3.0,1.0,1.0,2.0,41.0
1340.3106773634397,46.0,3.0,1.0,1.0,2.0,41.0
1340.311788474551,46.0,3.0,1.0,1.0,2.0,41.0
1340.6117884745508,46.0,3.0,1.0,1.0,2.0,41.0
1340.612899585662,46.0,3.0,1.0,1.0,2.0,41.0
1340.912899585662,46.0,3.0,1.0,1.0,2.0,41.0
1340.9140106967732,47.0,3.0,1.0,1.0,2.0,41.0
1341.2140106967731,47.0,3.0,1.0,1.0,2.0,41.0
1341.215142772245,47.0,3.0,1.0,1.0,2.0,41.0
1341.5151427722449,47.0,3.0,1.0,1.0,2.0,41.0
1341.5162748477167,47.0,3.0,1.0,1.0,2.0,41.0
1341.8162748477166,47.0,3.0,1.0,1.0,2.0,41.0
1341.8174069231884,47.0,3.0,1.0,1.0,2.0,41.0
1342.1174069231884,47.0,3.0,1.0,1.0,2.0,41.0
1342.1185389986601,47.0,3.0,1.0,1.0,2.0,41.0
1342.41853899866,47.0,3.0,1.0,1.0,2.0,41.0
1342.4196710741319,47.0,3.0,1.0,1.0,2.0,41.0
1342.7196710741318,47.0,3.0,1.0,1.0,2.0,41.0
1342.7208031496036,47.0,3.0,1.0,1.0,2.0,41.0
1343.0208031496036,47.0,3.0,1.0,1.0,2.0,41.0
1343.0219352250754,47.0,3.0,1.0,1.0,2.0,41.0
1343.3219352250753,47.0,3.0,1.0,1.0,2.0,41.0
1343.323067300547,47.0,3.0,1.0,1.0,2.0,41.0
1343.623067300547,47.0,3.0,1.0,1.0,2.0,41.0
1343.6241993760189,47.0,3.0,1.0,1.0,2.0,41.0
1343.9241993760188,47.0,3.0,1.0,1.0,2.0,41.0
1343.9253314514906,47.0,3.0,1.0,1.0,1.0,41.0
1344.2253314514905,47.0,3.0,1.0,1.0,1.0,41.0
1344.2264635269623,47.0,3.0,1.0,1.0,1.0,41.0
1344.5264635269623,47.0,3.0,1.0,1.0,1.0,41.0
1344.527595602434,47.0,3.0,1.0,1.0,1.0,41.0
1344.827595602434,47.0,3.0,1.0,1.0,1.0,41.0
1344.8287276779058,47.0,3.0,1.0,1.0,1.0,41.0
1345.1287276779058,47.0,3.0,1.0,1.0,1.0,41.0
1345.1298597533776,47.0,3.0,1.0,1.0,1.0,41.0
1345.4298597533775,47.0,3.0,1.0,1.0,1.0,41.0
1345.4309918288493,47.0,3.0,1.0,1.0,1.0,41.0
1345.7309918288493,47.0,3.0,1.0,1.0,1.0,41.0
1345.732123904321,47.0,3.0,1.0,1.0,1.0,41.0
1346.032123904321,47.0,3.0,1.0,1.0,1.0,41.0
1346.0332559797928,47.0,3.0,1.0,1.0,1.0,41.0
1346.3332559797927,47.0,3.0,1.0,1.0,1.0,41.0
1346.3343880552645,47.0,3.0,1.0,1.0,1.0,41.0
1346.6343880552645,47.0,3.0,1.0,1.0,1.0,41.0
1346.6355201307363,47.0,3.0,1.0,1.0,1.0,41.0
1346.9355201307362,47.0,3.0,1.0,1.0,1.0,41.0
1346.936652206208,47.0,3.0,1.0,1.0,1.0,41.0
1347.236652206208,47.0,3.0,1.0,1.0,1.0,41.0
1347.2377842816798,47.0,3.0,1.0,1.0,1.0,41.0
1347.5377842816797,47.0,3.0,1.0,1.0,1.0,41.0
1347.5389163571515,46.0,3.0,1.0,1.0,1.0,41.0
1347.8389163571514,46.0,3.0,1.0,1.0,1.0,41.0
1347.8400274682626,46.0,3.0,1.0,1.0,1.0,41.0
1348.1400274682626,46.0,3.0,1.0,1.0,1.0,41.0
1348.1411385793738,46.0,3.0,1.0,1.0,1.0,41.0
1348.4411385793737,46.0,3.0,1.0,1.0,1.0,41.0
1348.442249690485,46.0,3.0,1.0,1.0,1.0,41.0
1348.7422496904849,46.0,3.0,1.0,1.0,1.0,41.0
1348.743360801596,46.0,3.0,1.0,1.0,1.0,41.0
1349.043360801596,46.0,3.0,1.0,1.0,1.0,41.0
1349.0444719127072,46.0,3.0,1.0,1.0,1.0,41.0
1349.3444719127071,46.0,3.0,1.0,1.0,1.0,41.0
1349.3455830238183,46.0,3.0,1.0,1.0,1.0,41.0
1349.6455830238183,46.0,3.0,1.0,1.0,1.0,41.0
1349.6466941349295,46.0,3.0,1.0,1.0,1.0,41.0
1349.9466941349294,46.0,3.0,1.0,1.0,1.0,41.0
1349.9478052460406,47.0,3.0,1.0,1.0,1.0,41.0
1350.2478052460406,47.0,3.0,1.0,1.0,1.0,41.0
1350.2489373215124,47.0,3.0,1.0,1.0,1.0,41.0
1350.5489373215123,47.0,3.0,1.0,1.0,1.0,41.0
1350.550069396984,47.0,3.0,1.0,1.0,1.0,41.0
1350.850069396984,47.0,3.0,1.0,1.0,1.0,41.0
1350.8512014724558,47.0,3.0,1.0,1.0,1.0,41.0
1351.1512014724558,47.0,3.0,1.0,1.0,1.0,41.0
1351.1523335479276,47.0,3.0,1.0,1.0,1.0,41.0
1351.4523335479275,47.0,3.0,1.0,1.0,1.0,41.0
1351.4534656233993,47.0,3.0,1.0,1.0,1.0,41.0
1351.7534656233993,47.0,3.0,1.0,1.0,1.0,41.0
1351.754597698871,47.0,3.0,1.0,1.0,1.0,41.0
1352.054597698871,47.0,3.0,1.0,1.0,1.0,41.0
1352.0557297743428,47.0,3.0,1.0,1.0,1.0,41.0
1352.3557297743428,47.0,3.0,1.0,1.0,1.0,41.0
1352.3568618498145,47.0,3.0,1.0,1.0,1.0,41.0
1352.6568618498145,47.0,3.0,1.0,1.0,1.0,41.0
1352.6579939252863,47.0,3.0,1.0,1.0,1.0,41.0
1352.9579939252862,47.0,3.0,1.0,1.0,1.0,41.0
1352.959126000758,47.0,3.0,1.0,1.0,1.0,41.0
1353.259126000758,47.0,3.0,1.0,1.0,1.0,41.0
1353.2602580762298,47.0,3.0,1.0,1.0,1.0,41.0
1353.5602580762297,47.0,3.0,1.0,1.0,1.0,41.0
1353.5613901517015,47.0,3.0,1.0,1.0,1.0,41.0
1353.8613901517015,47.0,3.0,1.0,1.0,1.0,41.0
1353.8625222271733,47.0,3.0,1.0,1.0,1.0,41.0
1354.1625222271732,47.0,3.0,1.0,1.0,1.0,41.0
1354.163654302645,47.0,3.0,1.0,1.0,1.0,41.0
1354.463654302645,47.0,3.0,1.0,1.0,1.0,41.0
1354.4647863781167,47.0,3.0,1.0,1.0,1.0,41.0
1354.7647863781167,47.0,3.0,1.0,1.0,1.0,41.0
1354.7659184535885,47.0,3.0,1.0,1.0,1.0,41.0
1355.0659184535884,47.0,3.0,1.0,1.0,1.0,41.0
1355.0670505290602,47.0,3.0,1.0,1.0,1.0,41.0
1355.3670505290602,47.0,3.0,1.0,1.0,1.0,41.0
1355.368182604532,47.0,3.0,1.0,1.0,1.0,41.0
1355.668182604532,47.0,3.0,1.0,1.0,1.0,41.0
1355.6693146800037,47.0,3.0,1.0,1.0,1.0,41.0
1355.9693146800037,47.0,3.0,1.0,1.0,1.0,41.0
1355.9704467554755,47.0,3.0,1.0,1.0,1.0,41.0
1356.2704467554754,47.0,3.0,1.0,1.0,1.0,41.0
1356.2715788309472,47.0,3.0,1.0,1.0,1.0,41.0
1356.5715788309471,47.0,3.0,1.0,1.0,1.0,41.0
1356.572710906419,47.0,3.0,1.0,1.0,1.0,41.0
1356.872710906419,47.0,3.0,1.0,1.0,1.0,41.0
1356.8738429818907,47.0,3.0,1.0,1.0,1.0,41.0
1357.1738429818906,47.0,3.0,1.0,1.0,1.0,41.0
1357.1749750573624,47.0,3.0,1.0,1.0,1.0,41.0
1357.4749750573624,47.0,3.0,1.0,1.0,1.0,41.0
1357.4761071328342,48.0,3.0,1.0,1.0,1.0,41.0
1357.776107132834,48.0,3.0,1.0,1.0,1.0,41.0
1357.777260978988,48.0,3.0,1.0,1.0,1.0,41.0
1358.0772609789879,48.0,3.0,1.0,1.0,1.0,41.0
1358.0784148251416,48.0,3.0,1.0,1.0,1.0,41.0
1358.3784148251416,48.0,3.0,1.0,1.0,1.0,41.0
1358.3795686712954,48.0,3.0,1.0,1.0,1.0,41.0
1358.6795686712953,48.0,3.0,1.0,1.0,1.0,41.0
1358.680722517449,48.0,3.0,1.0,1.0,1.0,41.0
1358.980722517449,48.0,3.0,1.0,1.0,1.0,41.0
1358.9818763636029,48.0,3.0,1.0,1.0,1.0,41.0
1359.2818763636028,48.0,3.0,1.0,1.0,1.0,41.0
1359.2830302097566,48.0,3.0,1.0,1.0,1.0,41.0
1359.5830302097565,48.0,3.0,1.0,1.0,1.0,41.0
1359.5841840559103,48.0,3.0,1.0,1.0,1.0,41.0
1359.8841840559103,48.0,3.0,1.0,1.0,1.0,41.0
1359.885337902064,48.0,3.0,1.0,1.0,1.0,41.0
1360.185337902064,48.0,3.0,1.0,1.0,1.0,41.0
1360.1864917482178,48.0,3.0,1.0,1.0,1.0,41.0
1360.4864917482178,48.0,3.0,1.0,1.0,1.0,41.0
1360.4876455943715,48.0,3.0,1.0,1.0,1.0,41.0
1360.7876455943715,48.0,3.0,1.0,1.0,1.0,41.0
1360.7887994405253,48.0,3.0,1.0,1.0,1.0,41.0
1361.0887994405252,48.0,3.0,1.0,1.0,1.0,41.0
1361.089953286679,48.0,3.0,1.0,1.0,1.0,41.0
1361.389953286679,48.0,3.0,1.0,1.0,1.0,41.0
1361.3911071328328,48.0,3.0,1.0,1.0,1.0,41.0
1361.6911071328327,48.0,3.0,1.0,1.0,1.0,41.0
1361.6922609789865,48.0,3.0,1.0,1.0,1.0,41.0
1361.9922609789865,48.0,3.0,1.0,1.0,1.0,41.0
1361.9934148251402,48.0,3.0,1.0,1.0,1.0,41.0
1362.2934148251402,48.0,3.0,1.0,1.0,1.0,41.0
1362.294568671294,48.0,3.0,1.0,1.0,1.0,41.0
1362.594568671294,48.0,3.0,1.0,1.0,1.0,41.0
1362.5957225174477,48.0,3.0,1.0,1.0,1.0,41.0
1362.8957225174477,48.0,3.0,1.0,1.0,1.0,41.0
1362.8968763636015,48.0,3.0,1.0,1.0,1.0,41.0
1363.1968763636014,48.0,3.0,1.0,1.0,1.0,41.0
1363.1980302097552,48.0,3.0,1.0,1.0,1.0,41.0
1363.4980302097551,48.0,3.0,1.0,1.0,1.0,41.0
1363.499184055909,48.0,3.0,1.0,1.0,1.0,41.0
1363.7991840559089,48.0,3.0,1.0,1.0,1.0,41.0
1363.8003379020627,48.0,3.0,1.0,1.0,1.0,41.0
1364.1003379020626,48.0,3.0,1.0,1.0,1.0,41.0
1364.1014917482164,48.0,3.0,1.0,1.0,1.0,41.0
1364.4014917482164,48.0,3.0,1.0,1.0,1.0,41.0
1364.4026455943701,48.0,3.0,1.0,1.0,1.0,41.0
1364.70264559437,48.0,3.0,1.0,1.0,1.0,41.0
1364.7037994405239,48.0,3.0,1.0,1.0,1.0,41.0
1365.0037994405238,48.0,3.0,1.0,1.0,1.0,41.0
1365.0049532866776,48.0,3.0,1.0,1.0,1.0,41.0
1365.3049532866776,48.0,3.0,1.0,1.0,1.0,41.0
1365.3061071328314,48.0,3.0,1.0,1.0,1.0,41.0
1365.6061071328313,48.0,3.0,1.0,1.0,1.0,41.0
1365.607260978985,48.0,3.0,1.0,1.0,1.0,41.0
1365.907260978985,48.0,3.0,1.0,1.0,1.0,41.0
1365.9084148251388,48.0,3.0,1.0,1.0,1.0,41.0
1366.2084148251388,48.0,3.0,1.0,1.0,1.0,41.0
1366.2095686712926,48.0,3.0,1.0,1.0,1.0,41.0
1366.5095686712925,48.0,3.0,1.0,1.0,1.0,41.0
1366.5107225174463,48.0,3.0,1.0,1.0,1.0,41.0
1366.8107225174463,48.0,3.0,1.0,1.0,1.0,41.0
1366.8118763636,48.0,3.0,1.0,1.0,1.0,41.0
1367.1118763636,48.0,3.0,1.0,1.0,1.0,41.0
1367.1130302097538,48.0,3.0,1.0,1.0,1.0,41.0
1367.4130302097537,48.0,3.0,1.0,1.0,1.0,41.0
1367.4141840559075,48.0,3.0,1.0,1.0,1.0,41.0
1367.7141840559075,48.0,3.0,1.0,1.0,1.0,41.0
1367.7153379020613,48.0,3.0,1.0,1.0,1.0,41.0
1368.0153379020612,48.0,3.0,1.0,1.0,1.0,41.0
1368.016491748215,48.0,3.0,1.0,1.0,1.0,41.0
1368.316491748215,48.0,3.0,1.0,1.0,1.0,41.0
1368.3176455943687,48.0,3.0,1.0,1.0,1.0,41.0
1368.6176455943687,48.0,3.0,1.0,1.0,1.0,41.0
1368.6187994405225,48.0,3.0,1.0,1.0,1.0,41.0
1368.9187994405224,48.0,3.0,1.0,1.0,1.0,41.0
1368.9199532866762,48.0,3.0,1.0,1.0,1.0,41.0
1369.2199532866762,48.0,3.0,1.0,1.0,1.0,41.0
1369.22110713283,48.0,3.0,1.0,1.0,1.0,41.0
1369.52110713283,48.0,3.0,1.0,1.0,1.0,41.0
1369.5222609789837,48.0,3.0,1.0,1.0,1.0,41.0
1369.8222609789836,48.0,3.0,1.0,1.0,1.0,41.0
1369.8234148251374,48.0,3.0,1.0,1.0,1.0,41.0
1370.1234148251374,48.0,3.0,1.0,1.0,1.0,41.0
1370.1245686712912,48.0,3.0,1.0,1.0,1.0,41.0
1370.4245686712911,48.0,3.0,1.0,1.0,1.0,41.0
1370.425722517445,48.0,3.0,1.0,1.0,1.0,41.0
1370.7257225174449,48.0,3.0,1.0,1.0,1.0,41.0
1370.7268763635986,48.0,3.0,1.0,1.0,1.0,41.0
1371.0268763635986,48.0,3.0,1.0,1.0,1.0,41.0
1371.0280302097524,48.0,3.0,1.0,1.0,1.0,41.0
1371.3280302097523,48.0,3.0,1.0,1.0,1.0,41.0
1371.3291840559061,48.0,3.0,1.0,1.0,1.0,41.0
1371.629184055906,48.0,3.0,1.0,1.0,1.0,41.0
1371.6303379020599,48.0,3.0,1.0,1.0,1.0,41.0
1371.9303379020598,48.0,3.0,1.0,1.0,1.0,41.0
1371.9314917482136,48.0,3.0,1.0,1.0,1.0,41.0
1372.2314917482136,48.0,3.0,1.0,1.0,1.0,41.0
1372.2326455943673,48.0,3.0,1.0,1.0,1.0,41.0
1372.5326455943673,48.0,3.0,1.0,1.0,1.0,41.0
1372.533799440521,48.0,3.0,1.0,1.0,1.0,41.0
1372.833799440521,48.0,3.0,1.0,1.0,1.0,41.0
1372.8349532866748,48.0,3.0,1.0,1.0,1.0,41.0
1373.1349532866748,48.0,3.0,1.0,1.0,1.0,41.0
1373.1361071328286,48.0,3.0,1.0,1.0,1.0,41.0
1373.4361071328285,48.0,3.0,1.0,1.0,1.0,41.0
1373.4372609789823,48.0,3.0,1.0,1.0,1.0,41.0
1373.7372609789822,48.0,3.0,1.0,1.0,1.0,41.0
1373.738414825136,48.0,3.0,1.0,1.0,1.0,41.0
1374.038414825136,48.0,3.0,1.0,1.0,1.0,41.0
1374.0395686712898,48.0,3.0,1.0,1.0,1.0,41.0
1374.3395686712897,48.0,3.0,1.0,1.0,1.0,41.0
1374.3407225174435,48.0,3.0,1.0,1.0,1.0,41.0
1374.6407225174435,48.0,3.0,1.0,1.0,1.0,41.0
1374.6418763635972,48.0,3.0,1.0,1.0,1.0,41.0
1374.9418763635972,48.0,3.0,1.0,1.0,1.0,41.0
1374.943030209751,48.0,3.0,1.0,1.0,1.0,41.0
1375.243030209751,48.0,3.0,1.0,1.0,1.0,41.0
1375.2441840559047,48.0,3.0,1.0,1.0,1.0,41.0
1375.5441840559047,48.0,3.0,1.0,1.0,1.0,41.0
1375.5453379020585,48.0,3.0,1.0,1.0,1.0,41.0
1375.8453379020584,48.0,3.0,1.0,1.0,1.0,41.0
1375.8464917482122,48.0,3.0,1.0,1.0,1.0,41.0
1376.1464917482122,48.0,3.0,1.0,1.0,1.0,41.0
1376.147645594366,48.0,3.0,1.0,1.0,1.0,41.0
1376.447645594366,48.0,3.0,1.0,1.0,1.0,41.0
1376.4487994405197,48.0,3.0,1.0,1.0,1.0,41.0
1376.7487994405196,48.0,3.0,1.0,1.0,1.0,41.0
1376.7499532866734,48.0,3.0,1.0,1.0,1.0,41.0
1377.0499532866734,48.0,3.0,1.0,1.0,1.0,41.0
1377.0511071328272,48.0,3.0,1.0,1.0,1.0,41.0
1377.351107132827,48.0,3.0,1.0,1.0,1.0,41.0
1377.352260978981,48.0,3.0,1.0,6.0,1.0,41.0
1377.6522609789808,48.0,3.0,1.0,6.0,1.0,41.0
1377.6534148251346,48.0,3.0,1.0,6.0,1.0,41.0
1377.9534148251346,48.0,3.0,1.0,6.0,1.0,41.0
1377.9545686712884,48.0,3.0,1.0,6.0,1.0,41.0
1378.2545686712883,48.0,3.0,1.0,6.0,1.0,41.0
1378.255722517442,48.0,3.0,1.0,6.0,1.0,41.0
1378.555722517442,48.0,3.0,1.0,6.0,1.0,41.0
1378.5568763635958,48.0,3.0,1.0,6.0,1.0,41.0
1378.8568763635958,48.0,3.0,1.0,6.0,1.0,41.0
1378.8580302097496,48.0,3.0,1.0,6.0,1.0,41.0
1379.1580302097495,48.0,3.0,1.0,6.0,1.0,41.0
1379.1591840559033,48.0,3.0,1.0,6.0,1.0,41.0
1379.4591840559033,48.0,3.0,1.0,6.0,1.0,41.0
1379.460337902057,48.0,3.0,1.0,6.0,1.0,41.0
1379.760337902057,48.0,3.0,1.0,6.0,1.0,41.0
1379.7614917482108,48.0,3.0,1.0,6.0,1.0,41.0
1380.0614917482108,48.0,3.0,1.0,6.0,1.0,41.0
1380.0626455943645,48.0,3.0,1.0,6.0,1.0,41.0
1380.3626455943645,48.0,3.0,1.0,6.0,1.0,41.0
1380.3637994405183,48.0,3.0,1.0,6.0,1.0,41.0
1380.6637994405182,48.0,3.0,1.0,6.0,1.0,41.0
1380.664953286672,48.0,3.0,1.0,6.0,1.0,41.0
1380.964953286672,48.0,3.0,1.0,6.0,1.0,41.0
1380.9661071328258,48.0,3.0,1.0,6.0,1.0,41.0
1381.2661071328257,48.0,3.0,1.0,6.0,1.0,41.0
1381.2672609789795,48.0,3.0,1.0,6.0,1.0,41.0
1381.5672609789794,48.0,3.0,1.0,6.0,1.0,41.0
1381.5684148251332,48.0,3.0,1.0,6.0,1.0,41.0
1381.8684148251332,48.0,3.0,1.0,6.0,1.0,41.0
1381.869568671287,48.0,3.0,1.0,6.0,1.0,41.0
1382.169568671287,48.0,3.0,1.0,6.0,1.0,41.0
1382.1707225174407,48.0,3.0,1.0,6.0,1.0,41.0
1382.4707225174407,48.0,3.0,1.0,6.0,1.0,41.0
1382.4718763635944,48.0,3.0,1.0,6.0,1.0,41.0
1382.7718763635944,48.0,3.0,1.0,6.0,1.0,41.0
1382.7730302097482,48.0,3.0,1.0,6.0,1.0,41.0
1383.0730302097481,48.0,3.0,1.0,6.0,1.0,41.0
1383.074184055902,48.0,3.0,1.0,6.0,1.0,41.0
1383.3741840559019,48.0,3.0,1.0,6.0,1.0,41.0
1383.3753379020557,48.0,3.0,1.0,6.0,1.0,41.0
1383.6753379020556,48.0,3.0,1.0,6.0,1.0,41.0
1383.6764917482094,48.0,3.0,1.0,6.0,1.0,41.0
1383.9764917482094,48.0,3.0,1.0,6.0,1.0,41.0
1383.9776455943631,48.0,3.0,1.0,6.0,1.0,41.0
1384.277645594363,48.0,3.0,1.0,6.0,1.0,41.0
1384.2787994405169,48.0,3.0,1.0,6.0,1.0,41.0
1384.5787994405168,48.0,3.0,1.0,6.0,1.0,41.0
1384.5799532866706,48.0,3.0,1.0,6.0,1.0,41.0
1384.8799532866706,48.0,3.0,1.0,6.0,1.0,41.0
1384.8811071328244,48.0,3.0,1.0,6.0,1.0,41.0
1385.1811071328243,48.0,3.0,1.0,6.0,1.0,41.0
1385.182260978978,48.0,3.0,1.0,6.0,1.0,41.0
1385.482260978978,48.0,3.0,1.0,6.0,1.0,41.0
1385.4834148251318,48.0,3.0,1.0,6.0,1.0,41.0
1385.7834148251318,48.0,3.0,1.0,6.0,1.0,41.0
1385.7845686712856,48.0,3.0,1.0,6.0,1.0,41.0
1386.0845686712855,48.0,3.0,1.0,6.0,1.0,41.0
1386.0857225174393,48.0,3.0,1.0,6.0,1.0,41.0
1386.3857225174393,48.0,3.0,1.0,6.0,1.0,41.0
1386.386876363593,48.0,3.0,1.0,6.0,1.0,41.0
1386.686876363593,48.0,3.0,1.0,6.0,1.0,41.0
1386.6880302097468,48.0,3.0,1.0,6.0,1.0,41.0
1386.9880302097467,48.0,3.0,1.0,6.0,1.0,41.0
1386.9891840559005,49.0,3.0,1.0,6.0,1.0,41.0
1387.2891840559005,49.0,3.0,1.0,6.0,1.0,41.0
1387.2903605264887,49.0,3.0,1.0,6.0,1.0,41.0
1387.5903605264887,49.0,3.0,1.0,6.0,1.0,41.0
1387.591536997077,49.0,3.0,1.0,6.0,1.0,41.0
1387.8915369970769,49.0,3.0,1.0,6.0,1.0,41.0
1387.892713467665,49.0,3.0,1.0,6.0,1.0,41.0
1388.192713467665,49.0,3.0,1.0,6.0,1.0,41.0
1388.1938899382533,49.0,3.0,1.0,6.0,1.0,41.0
1388.4938899382532,49.0,3.0,1.0,6.0,1.0,41.0
1388.4950664088415,49.0,3.0,1.0,6.0,1.0,41.0
1388.7950664088414,49.0,3.0,1.0,6.0,1.0,41.0
1388.7962428794297,49.0,3.0,1.0,6.0,1.0,41.0
1389.0962428794296,49.0,3.0,1.0,6.0,1.0,41.0
1389.0974193500178,49.0,3.0,1.0,6.0,0.0,41.0
1389.3974193500178,49.0,3.0,1.0,6.0,0.0,41.0
1389.398595820606,49.0,3.0,1.0,6.0,0.0,41.0
1389.698595820606,49.0,3.0,1.0,6.0,0.0,41.0
1389.6997722911942,49.0,3.0,1.0,6.0,0.0,41.0
1389.9997722911942,49.0,3.0,1.0,6.0,0.0,41.0
1390.0009487617824,49.0,3.0,1.0,6.0,0.0,41.0
1390.3009487617824,49.0,3.0,1.0,6.0,0.0,41.0
1390.3021252323706,49.0,3.0,1.0,6.0,0.0,41.0
1390.6021252323706,49.0,3.0,1.0,6.0,0.0,41.0
1390.6033017029588,49.0,3.0,1.0,6.0,0.0,41.0
1390.9033017029587,49.0,3.0,1.0,6.0,0.0,41.0
1390.904478173547,49.0,3.0,1.0,6.0,0.0,41.0
1391.204478173547,49.0,3.0,1.0,6.0,0.0,41.0
1391.2056546441352,49.0,3.0,1.0,6.0,0.0,41.0
1391.5056546441351,49.0,3.0,1.0,6.0,0.0,41.0
1391.5068311147234,49.0,3.0,1.0,6.0,0.0,41.0
1391.8068311147233,49.0,3.0,1.0,6.0,0.0,41.0
1391.8080075853115,49.0,3.0,1.0,6.0,0.0,41.0
1392.1080075853115,49.0,3.0,1.0,6.0,0.0,41.0
1392.1091840558997,49.0,3.0,1.0,6.0,0.0,41.0
1392.4091840558997,49.0,3.0,1.0,6.0,0.0,41.0
1392.410360526488,49.0,3.0,1.0,6.0,0.0,41.0
1392.7103605264879,49.0,3.0,1.0,6.0,0.0,41.0
1392.711536997076,49.0,3.0,1.0,6.0,0.0,41.0
1393.011536997076,49.0,3.0,1.0,6.0,0.0,41.0
1393.0127134676643,49.0,3.0,1.0,6.0,0.0,41.0
1393.3127134676643,49.0,3.0,1.0,6.0,0.0,41.0
1393.3138899382525,49.0,3.0,1.0,6.0,0.0,41.0
1393.6138899382524,49.0,3.0,1.0,6.0,0.0,41.0
1393.6150664088407,49.0,3.0,1.0,6.0,0.0,41.0
1393.9150664088406,49.0,3.0,1.0,6.0,0.0,41.0
1393.9162428794289,49.0,3.0,1.0,6.0,0.0,41.0
1394.2162428794288,49.0,3.0,1.0,6.0,0.0,41.0
1394.217419350017,49.0,3.0,1.0,6.0,0.0,41.0
1394.517419350017,49.0,3.0,1.0,6.0,0.0,41.0
1394.5185958206052,49.0,3.0,1.0,6.0,0.0,41.0
1394.8185958206052,49.0,3.0,1.0,6.0,0.0,41.0
1394.8197722911934,49.0,3.0,1.0,6.0,0.0,41.0
1395.1197722911934,49.0,3.0,1.0,6.0,0.0,41.0
1395.1209487617816,49.0,3.0,1.0,6.0,0.0,41.0
1395.4209487617816,49.0,3.0,1.0,6.0,0.0,41.0
1395.4221252323698,49.0,3.0,1.0,6.0,0.0,41.0
1395.7221252323698,49.0,3.0,1.0,6.0,0.0,41.0
1395.723301702958,49.0,3.0,1.0,6.0,0.0,41.0
1396.023301702958,49.0,3.0,1.0,6.0,0.0,41.0
1396.0244781735462,49.0,3.0,1.0,6.0,0.0,41.0
1396.3244781735461,49.0,3.0,1.0,6.0,0.0,41.0
1396.3256546441344,49.0,3.0,1.0,6.0,0.0,41.0
1396.6256546441343,49.0,3.0,1.0,6.0,0.0,41.0
1396.6268311147226,49.0,3.0,1.0,6.0,0.0,41.0
1396.9268311147225,49.0,3.0,1.0,6.0,0.0,41.0
1396.9280075853108,49.0,3.0,1.0,6.0,0.0,41.0
1397.2280075853107,49.0,3.0,1.0,6.0,0.0,41.0
1397.229184055899,49.0,3.0,1.0,6.0,0.0,41.0
1397.529184055899,49.0,3.0,1.0,6.0,0.0,41.0
1397.5303605264871,50.0,3.0,1.0,6.0,0.0,41.0
1397.830360526487,50.0,3.0,1.0,6.0,0.0,41.0
1397.831560526487,50.0,3.0,1.0,6.0,0.0,41.0
1398.131560526487,50.0,3.0,1.0,6.0,0.0,41.0
1398.132760526487,50.0,3.0,1.0,6.0,0.0,41.0
1398.4327605264868,50.0,3.0,1.0,6.0,0.0,41.0
1398.4339605264868,50.0,3.0,1.0,6.0,0.0,41.0
1398.7339605264867,50.0,3.0,1.0,6.0,0.0,41.0
1398.7351605264867,50.0,3.0,1.0,4.0,0.0,42.0
1399.0351605264866,50.0,3.0,1.0,4.0,0.0,42.0
1399.0363605264865,50.0,3.0,1.0,4.0,0.0,42.0
1399.3363605264865,50.0,3.0,1.0,4.0,0.0,42.0
1399.3375605264864,50.0,3.0,1.0,4.0,0.0,42.0
1399.6375605264864,50.0,3.0,1.0,4.0,0.0,42.0
1399.6387605264863,50.0,3.0,1.0,4.0,0.0,42.0
1399.9387605264862,50.0,3.0,1.0,4.0,0.0,42.0
1399.9399605264862,50.0,3.0,1.0,4.0,0.0,42.0
1400.2399605264861,50.0,3.0,1.0,4.0,0.0,42.0
1400.241160526486,50.0,3.0,1.0,4.0,0.0,42.0
1400.541160526486,50.0,3.0,1.0,4.0,0.0,42.0
1400.542360526486,50.0,3.0,1.0,4.0,0.0,42.0
1400.842360526486,50.0,3.0,1.0,4.0,0.0,42.0
1400.8435605264858,50.0,3.0,1.0,4.0,0.0,42.0
1401.1435605264858,50.0,3.0,1.0,4.0,0.0,42.0
1401.1447605264857,50.0,3.0,1.0,4.0,0.0,42.0
1401.4447605264857,50.0,3.0,1.0,4.0,0.0,42.0
1401.4459605264856,50.0,3.0,1.0,4.0,0.0,42.0
1401.7459605264855,50.0,3.0,1.0,4.0,0.0,42.0
1401.7471605264855,50.0,3.0,1.0,4.0,0.0,42.0
1402.0471605264854,50.0,3.0,1.0,4.0,0.0,42.0
1402.0483605264853,50.0,3.0,1.0,4.0,0.0,42.0
1402.3483605264853,50.0,3.0,1.0,4.0,0.0,42.0
1402.3495605264852,50.0,3.0,1.0,4.0,0.0,42.0
1402.6495605264852,50.0,3.0,1.0,4.0,0.0,42.0
1402.650760526485,51.0,3.0,1.0,2.0,0.0,43.0
1402.950760526485,51.0,3.0,1.0,2.0,0.0,43.0
1402.9519369970733,51.0,3.0,1.0,2.0,0.0,43.0
1403.2519369970732,51.0,3.0,1.0,2.0,0.0,43.0
1403.2531134676615,51.0,3.0,1.0,2.0,0.0,43.0
1403.5531134676614,51.0,3.0,1.0,2.0,0.0,43.0
1403.5542899382497,51.0,3.0,1.0,2.0,0.0,43.0
1403.8542899382496,51.0,3.0,1.0,2.0,0.0,43.0
1403.8554664088379,51.0,3.0,1.0,2.0,0.0,43.0
1404.1554664088378,51.0,3.0,1.0,2.0,0.0,43.0
1404.156642879426,51.0,3.0,1.0,2.0,0.0,43.0
1404.456642879426,51.0,3.0,1.0,2.0,0.0,43.0
1404.4578193500142,51.0,3.0,1.0,2.0,0.0,43.0
1404.7578193500142,51.0,3.0,1.0,2.0,0.0,43.0
1404.7589958206024,51.0,3.0,1.0,2.0,0.0,43.0
1405.0589958206024,51.0,3.0,1.0,2.0,0.0,43.0
1405.0601722911906,51.0,3.0,1.0,2.0,0.0,43.0
1405.3601722911906,51.0,3.0,1.0,2.0,0.0,43.0
1405.3613487617788,51.0,3.0,1.0,2.0,0.0,43.0
1405.6613487617788,51.0,3.0,1.0,2.0,0.0,43.0
1405.662525232367,51.0,3.0,1.0,2.0,0.0,43.0
1405.962525232367,51.0,3.0,1.0,2.0,0.0,43.0
1405.9637017029552,51.0,3.0,1.0,2.0,0.0,43.0
1406.2637017029551,51.0,3.0,1.0,2.0,0.0,43.0
1406.2648781735434,51.0,3.0,1.0,2.0,0.0,43.0
1406.5648781735433,51.0,3.0,1.0,2.0,0.0,43.0
1406.5660546441316,51.0,3.0,1.0,2.0,0.0,43.0
1406.8660546441315,51.0,3.0,1.0,2.0,0.0,43.0
1406.8672311147197,51.0,3.0,1.0,2.0,0.0,43.0
1407.1672311147197,51.0,3.0,1.0,2.0,0.0,43.0
1407.168407585308,51.0,3.0,1.0,2.0,0.0,43.0
1407.468407585308,51.0,3.0,1.0,2.0,0.0,43.0
1407.4695840558961,51.0,3.0,1.0,2.0,0.0,43.0
1407.769584055896,51.0,3.0,1.0,2.0,0.0,43.0
1407.7707605264843,51.0,3.0,1.0,2.0,0.0,43.0
1408.0707605264843,51.0,3.0,1.0,2.0,0.0,43.0
1408.0719369970725,51.0,3.0,1.0,2.0,0.0,43.0
1408.3719369970725,51.0,3.0,1.0,2.0,0.0,43.0
1408.3731134676607,51.0,3.0,1.0,2.0,0.0,43.0
1408.6731134676606,51.0,3.0,1.0,2.0,0.0,43.0
1408.6742899382489,50.0,3.0,1.0,2.0,0.0,43.0
1408.9742899382488,50.0,3.0,1.0,2.0,0.0,43.0
1408.9754899382488,50.0,3.0,1.0,2.0,0.0,43.0
1409.2754899382487,50.0,3.0,1.0,2.0,0.0,43.0
1409.2766899382486,50.0,3.0,1.0,2.0,0.0,43.0
1409.5766899382486,50.0,3.0,1.0,2.0,0.0,43.0
1409.5778899382485,50.0,3.0,1.0,2.0,0.0,43.0
1409.8778899382485,50.0,3.0,1.0,2.0,0.0,43.0
1409.8790899382484,50.0,3.0,1.0,2.0,0.0,43.0
1410.1790899382484,50.0,3.0,1.0,2.0,0.0,43.0
1410.1802899382483,50.0,3.0,1.0,2.0,0.0,43.0
1410.4802899382482,50.0,3.0,1.0,2.0,0.0,43.0
1410.4814899382482,50.0,3.0,1.0,2.0,0.0,43.0
1410.7814899382481,50.0,3.0,1.0,2.0,0.0,43.0
1410.782689938248,50.0,3.0,1.0,2.0,0.0,43.0
1411.082689938248,50.0,3.0,1.0,2.0,0.0,43.0
1411.083889938248,50.0,3.0,1.0,2.0,0.0,43.0
1411.3838899382479,50.0,3.0,1.0,2.0,0.0,43.0
1411.3850899382478,50.0,3.0,1.0,2.0,0.0,43.0
1411.6850899382478,50.0,3.0,1.0,2.0,0.0,43.0
1411.6862899382477,50.0,3.0,1.0,2.0,0.0,43.0
1411.9862899382476,50.0,3.0,1.0,2.0,0.0,43.0
1411.9874899382476,50.0,3.0,1.0,2.0,0.0,43.0
1412.2874899382475,50.0,3.0,1.0,2.0,0.0,43.0
1412.2886899382474,50.0,3.0,1.0,2.0,0.0,43.0
1412.5886899382474,50.0,3.0,1.0,2.0,0.0,43.0
1412.5898899382473,50.0,3.0,1.0,2.0,0.0,43.0
1412.8898899382473,50.0,3.0,1.0,2.0,0.0,43.0
1412.8910899382472,50.0,3.0,1.0,2.0,0.0,43.0
1413.1910899382472,50.0,3.0,1.0,2.0,0.0,43.0
1413.192289938247,50.0,3.0,1.0,2.0,0.0,43.0
1413.492289938247,50.0,3.0,1.0,2.0,0.0,43.0
1413.493489938247,50.0,3.0,1.0,2.0,0.0,43.0
1413.793489938247,50.0,3.0,1.0,2.0,0.0,43.0
1413.7946899382468,50.0,3.0,1.0,2.0,0.0,43.0
1414.0946899382468,50.0,3.0,1.0,2.0,0.0,43.0
1414.0958899382467,50.0,3.0,1.0,2.0,0.0,43.0
1414.3958899382467,50.0,3.0,1.0,2.0,0.0,43.0
1414.3970899382466,50.0,3.0,1.0,2.0,0.0,43.0
1414.6970899382466,50.0,3.0,1.0,2.0,0.0,43.0
1414.6982899382465,50.0,3.0,1.0,2.0,0.0,43.0
1414.9982899382464,50.0,3.0,1.0,2.0,0.0,43.0
1414.9994899382464,50.0,3.0,1.0,2.0,0.0,43.0
1415.2994899382463,50.0,3.0,1.0,2.0,0.0,43.0
1415.3006899382463,50.0,3.0,1.0,2.0,0.0,43.0
1415.6006899382462,50.0,3.0,1.0,2.0,0.0,43.0
1415.6018899382461,50.0,3.0,1.0,2.0,0.0,43.0
1415.901889938246,50.0,3.0,1.0,2.0,0.0,43.0
1415.903089938246,50.0,3.0,1.0,2.0,0.0,43.0
1416.203089938246,50.0,3.0,1.0,2.0,0.0,43.0
1416.204289938246,50.0,3.0,1.0,2.0,0.0,43.0
1416.5042899382458,50.0,3.0,1.0,2.0,0.0,43.0
1416.5054899382458,50.0,3.0,1.0,2.0,0.0,43.0
1416.8054899382457,50.0,3.0,1.0,2.0,0.0,43.0
1416.8066899382457,50.0,3.0,1.0,2.0,0.0,43.0
1417.1066899382456,50.0,3.0,1.0,2.0,0.0,43.0
1417.1078899382455,50.0,3.0,1.0,2.0,0.0,43.0
1417.4078899382455,50.0,3.0,1.0,2.0,0.0,43.0
1417.4090899382454,50.0,3.0,1.0,2.0,0.0,43.0
1417.7090899382454,50.0,3.0,1.0,2.0,0.0,43.0
1417.7102899382453,50.0,3.0,1.0,2.0,0.0,43.0
1418.0102899382453,50.0,3.0,1.0,2.0,0.0,43.0
1418.0114899382452,50.0,3.0,1.0,2.0,0.0,43.0
1418.3114899382451,50.0,3.0,1.0,2.0,0.0,43.0
1418.312689938245,50.0,3.0,1.0,2.0,0.0,43.0
1418.612689938245,50.0,3.0,1.0,2.0,0.0,43.0
1418.613889938245,50.0,3.0,1.0,2.0,0.0,43.0
1418.913889938245,50.0,3.0,1.0,2.0,0.0,43.0
1418.9150899382448,50.0,3.0,1.0,2.0,0.0,43.0
1419.2150899382448,50.0,3.0,1.0,2.0,0.0,43.0
1419.2162899382447,50.0,3.0,1.0,2.0,0.0,43.0
1419.5162899382447,50.0,3.0,1.0,2.0,0.0,43.0
1419.5174899382446,50.0,3.0,1.0,2.0,0.0,43.0
1419.8174899382445,50.0,3.0,1.0,2.0,0.0,43.0
1419.8186899382445,50.0,3.0,1.0,2.0,0.0,43.0
1420.1186899382444,50.0,3.0,1.0,2.0,0.0,43.0
1420.1198899382443,50.0,3.0,1.0,2.0,0.0,43.0
1420.4198899382443,50.0,3.0,1.0,2.0,0.0,43.0
1420.4210899382442,50.0,3.0,1.0,2.0,0.0,43.0
1420.7210899382442,50.0,3.0,1.0,2.0,0.0,43.0
1420.722289938244,50.0,3.0,1.0,2.0,0.0,43.0
1421.022289938244,50.0,3.0,1.0,2.0,0.0,43.0
1421.023489938244,50.0,3.0,1.0,2.0,0.0,43.0
1421.323489938244,50.0,3.0,1.0,2.0,0.0,43.0
1421.3246899382439,50.0,3.0,1.0,2.0,0.0,43.0
1421.6246899382438,50.0,3.0,1.0,2.0,0.0,43.0
1421.6258899382437,50.0,3.0,1.0,2.0,0.0,43.0
1421.9258899382437,50.0,3.0,1.0,2.0,0.0,43.0
1421.9270899382436,50.0,3.0,1.0,2.0,0.0,43.0
1422.2270899382436,50.0,3.0,1.0,2.0,0.0,43.0
1422.2282899382435,50.0,3.0,1.0,2.0,0.0,43.0
1422.5282899382435,50.0,3.0,1.0,2.0,0.0,43.0
1422.5294899382434,50.0,3.0,1.0,2.0,0.0,43.0
1422.8294899382433,50.0,3.0,1.0,2.0,0.0,43.0
1422.8306899382433,50.0,3.0,1.0,2.0,0.0,43.0
1423.1306899382432,50.0,3.0,1.0,2.0,0.0,43.0
1423.1318899382431,51.0,3.0,1.0,2.0,0.0,43.0
1423.431889938243,51.0,3.0,1.0,2.0,0.0,43.0
1423.4330664088313,51.0,3.0,1.0,2.0,0.0,43.0
1423.7330664088313,51.0,3.0,1.0,2.0,0.0,43.0
1423.7342428794195,51.0,3.0,1.0,2.0,0.0,43.0
1424.0342428794195,51.0,3.0,1.0,2.0,0.0,43.0
1424.0354193500077,51.0,3.0,1.0,2.0,0.0,43.0
1424.3354193500077,51.0,3.0,1.0,2.0,0.0,43.0
1424.336595820596,51.0,3.0,1.0,2.0,0.0,43.0
1424.6365958205959,51.0,3.0,1.0,2.0,0.0,43.0
1424.637772291184,51.0,3.0,1.0,2.0,0.0,43.0
1424.937772291184,51.0,3.0,1.0,2.0,0.0,43.0
1424.9389487617723,51.0,3.0,1.0,2.0,0.0,43.0
1425.2389487617722,51.0,3.0,1.0,2.0,0.0,43.0
1425.2401252323605,51.0,3.0,1.0,2.0,0.0,43.0
1425.5401252323604,51.0,3.0,1.0,2.0,0.0,43.0
1425.5413017029487,51.0,3.0,1.0,2.0,0.0,43.0
1425.8413017029486,51.0,3.0,1.0,2.0,0.0,43.0
1425.8424781735368,51.0,3.0,1.0,2.0,0.0,43.0
1426.1424781735368,51.0,3.0,1.0,2.0,0.0,43.0
1426.143654644125,51.0,3.0,1.0,2.0,0.0,43.0
1426.443654644125,51.0,3.0,1.0,2.0,0.0,43.0
1426.4448311147132,51.0,3.0,1.0,2.0,0.0,43.0
1426.7448311147132,51.0,3.0,1.0,2.0,0.0,43.0
1426.7460075853014,51.0,3.0,1.0,2.0,0.0,43.0
1427.0460075853014,51.0,3.0,1.0,2.0,0.0,43.0
1427.0471840558896,51.0,3.0,1.0,2.0,0.0,43.0
1427.3471840558896,51.0,3.0,1.0,2.0,0.0,43.0
1427.3483605264778,51.0,3.0,1.0,2.0,0.0,43.0
1427.6483605264777,51.0,3.0,1.0,2.0,0.0,43.0
1427.649536997066,51.0,3.0,1.0,2.0,0.0,43.0
1427.949536997066,51.0,3.0,1.0,2.0,0.0,43.0
1427.9507134676542,51.0,3.0,1.0,2.0,0.0,43.0
1428.2507134676541,51.0,3.0,1.0,2.0,0.0,43.0
1428.2518899382424,51.0,3.0,1.0,2.0,0.0,43.0
1428.5518899382423,51.0,3.0,1.0,2.0,0.0,43.0
1428.5530664088305,51.0,3.0,1.0,2.0,0.0,43.0
1428.8530664088305,51.0,3.0,1.0,2.0,0.0,43.0
1428.8542428794187,51.0,3.0,1.0,2.0,0.0,43.0
1429.1542428794187,51.0,3.0,1.0,2.0,0.0,43.0
1429.155419350007,51.0,3.0,1.0,2.0,0.0,43.0
1429.4554193500069,51.0,3.0,1.0,2.0,0.0,43.0
1429.456595820595,51.0,3.0,1.0,2.0,0.0,43.0
1429.756595820595,51.0,3.0,1.0,2.0,0.0,43.0
1429.7577722911833,51.0,3.0,1.0,2.0,0.0,43.0
1430.0577722911833,51.0,3.0,1.0,2.0,0.0,43.0
1430.0589487617715,51.0,3.0,1.0,7.0,0.0,43.0
1430.3589487617714,51.0,3.0,1.0,7.0,0.0,43.0
1430.3601252323597,51.0,3.0,1.0,7.0,0.0,43.0
1430.6601252323596,51.0,3.0,1.0,7.0,0.0,43.0
1430.6613017029479,51.0,3.0,1.0,7.0,0.0,43.0
1430.9613017029478,51.0,3.0,1.0,7.0,0.0,43.0
1430.962478173536,51.0,3.0,1.0,7.0,0.0,43.0
1431.262478173536,51.0,3.0,1.0,7.0,0.0,43.0
1431.2636546441242,51.0,3.0,1.0,7.0,0.0,43.0
1431.5636546441242,51.0,3.0,1.0,7.0,0.0,43.0
1431.5648311147124,51.0,3.0,1.0,7.0,0.0,43.0
1431.8648311147124,51.0,3.0,1.0,7.0,0.0,43.0
1431.8660075853006,51.0,3.0,1.0,7.0,0.0,43.0
1432.1660075853006,51.0,3.0,1.0,7.0,0.0,43.0
1432.1671840558888,51.0,3.0,1.0,7.0,0.0,43.0
1432.4671840558888,51.0,3.0,1.0,7.0,0.0,43.0
1432.468360526477,51.0,3.0,1.0,5.0,0.0,44.0
1432.768360526477,51.0,3.0,1.0,5.0,0.0,44.0
1432.7695369970652,51.0,3.0,1.0,5.0,0.0,44.0
1433.0695369970651,51.0,3.0,1.0,5.0,0.0,44.0
1433.0707134676534,51.0,3.0,1.0,5.0,0.0,44.0
1433.3707134676533,51.0,3.0,1.0,5.0,0.0,44.0
1433.3718899382416,51.0,3.0,1.0,5.0,0.0,44.0
1433.6718899382415,51.0,3.0,1.0,5.0,0.0,44.0
1433.6730664088298,51.0,3.0,1.0,5.0,0.0,44.0
1433.9730664088297,51.0,3.0,1.0,5.0,0.0,44.0
1433.974242879418,51.0,3.0,1.0,5.0,0.0,44.0
1434.274242879418,51.0,3.0,1.0,5.0,0.0,44.0
1434.2754193500061,51.0,3.0,1.0,5.0,0.0,44.0
1434.575419350006,51.0,3.0,1.0,5.0,0.0,44.0
1434.5765958205943,51.0,3.0,1.0,5.0,0.0,44.0
1434.8765958205943,51.0,3.0,1.0,5.0,0.0,44.0
1434.8777722911825,51.0,3.0,1.0,5.0,0.0,44.0
1435.1777722911825,51.0,3.0,1.0,5.0,0.0,44.0
1435.1789487617707,51.0,3.0,1.0,5.0,0.0,44.0
1435.4789487617707,51.0,3.0,1.0,5.0,0.0,44.0
1435.480125232359,51.0,3.0,1.0,5.0,0.0,44.0
1435.7801252323588,51.0,3.0,1.0,5.0,0.0,44.0
1435.781301702947,51.0,3.0,1.0,5.0,0.0,44.0
1436.081301702947,51.0,3.0,1.0,5.0,0.0,44.0
1436.0824781735353,51.0,3.0,1.0,5.0,0.0,44.0
1436.3824781735352,51.0,3.0,1.0,5.0,0.0,44.0
1436.3836546441235,51.0,3.0,1.0,5.0,0.0,44.0
1436.6836546441234,51.0,3.0,1.0,5.0,0.0,44.0
1436.6848311147116,51.0,3.0,1.0,5.0,0.0,44.0
1436.9848311147116,51.0,3.0,1.0,5.0,0.0,44.0
1436.9860075852998,51.0,3.0,1.0,5.0,0.0,44.0
1437.2860075852998,51.0,3.0,1.0,5.0,0.0,44.0
1437.287184055888,51.0,3.0,1.0,5.0,0.0,44.0
1437.587184055888,51.0,3.0,1.0,5.0,0.0,44.0
1437.5883605264762,51.0,3.0,1.0,5.0,0.0,44.0
1437.8883605264762,51.0,3.0,1.0,5.0,0.0,44.0
1437.8895369970644,51.0,3.0,1.0,5.0,0.0,44.0
1438.1895369970644,51.0,3.0,1.0,5.0,0.0,44.0
1438.1907134676526,51.0,3.0,1.0,5.0,0.0,44.0
1438.4907134676525,51.0,3.0,1.0,5.0,0.0,44.0
1438.4918899382408,51.0,3.0,1.0,5.0,0.0,44.0
1438.7918899382407,51.0,3.0,1.0,5.0,0.0,44.0
1438.793066408829,51.0,3.0,1.0,5.0,0.0,44.0
1439.093066408829,51.0,3.0,1.0,5.0,0.0,44.0
1439.0942428794172,51.0,3.0,1.0,5.0,0.0,44.0
1439.394242879417,51.0,3.0,1.0,5.0,0.0,44.0
1439.3954193500053,52.0,3.0,1.0,5.0,0.0,44.0
1439.6954193500053,52.0,3.0,1.0,5.0,0.0,44.0
1439.696573196159,52.0,3.0,1.0,5.0,0.0,44.0
1439.996573196159,52.0,3.0,1.0,5.0,0.0,44.0
1439.9977270423128,52.0,3.0,1.0,5.0,0.0,44.0
1440.2977270423128,52.0,3.0,1.0,5.0,0.0,44.0
1440.2988808884666,52.0,3.0,1.0,5.0,0.0,44.0
1440.5988808884665,52.0,3.0,1.0,5.0,0.0,44.0
1440.6000347346203,52.0,3.0,1.0,5.0,0.0,44.0
1440.9000347346202,52.0,3.0,1.0,5.0,0.0,44.0
1440.901188580774,52.0,3.0,1.0,5.0,0.0,44.0
1441.201188580774,52.0,3.0,1.0,5.0,0.0,44.0
1441.2023424269278,52.0,3.0,1.0,5.0,0.0,44.0
1441.5023424269277,52.0,3.0,1.0,5.0,0.0,44.0
1441.5034962730815,52.0,3.0,1.0,5.0,0.0,44.0
1441.8034962730815,52.0,3.0,1.0,5.0,0.0,44.0
1441.8046501192352,52.0,3.0,1.0,5.0,0.0,44.0
1442.1046501192352,52.0,3.0,1.0,5.0,0.0,44.0
1442.105803965389,52.0,3.0,1.0,5.0,0.0,44.0
1442.405803965389,52.0,3.0,1.0,5.0,0.0,44.0
1442.4069578115427,52.0,3.0,1.0,5.0,0.0,44.0
1442.7069578115427,52.0,3.0,1.0,5.0,0.0,44.0
1442.7081116576965,52.0,3.0,1.0,5.0,0.0,44.0
1443.0081116576964,52.0,3.0,1.0,5.0,0.0,44.0
1443.0092655038502,52.0,3.0,1.0,3.0,0.0,45.0
1443.3092655038502,52.0,3.0,1.0,3.0,0.0,45.0
1443.310419350004,52.0,3.0,1.0,3.0,0.0,45.0
1443.610419350004,52.0,3.0,1.0,3.0,0.0,45.0
1443.6115731961577,52.0,3.0,1.0,3.0,0.0,45.0
1443.9115731961576,52.0,3.0,1.0,3.0,0.0,45.0
1443.9127270423114,52.0,3.0,1.0,3.0,0.0,45.0
1444.2127270423114,52.0,3.0,1.0,3.0,0.0,45.0
1444.2138808884652,52.0,3.0,1.0,3.0,0.0,45.0
1444.513880888465,52.0,3.0,1.0,3.0,0.0,45.0
1444.515034734619,53.0,3.0,1.0,3.0,0.0,45.0
1444.8150347346188,53.0,3.0,1.0,3.0,0.0,45.0
1444.8161668100906,53.0,3.0,1.0,3.0,0.0,45.0
1445.1161668100906,53.0,3.0,1.0,3.0,0.0,45.0
1445.1172988855624,53.0,3.0,1.0,3.0,0.0,45.0
1445.4172988855623,53.0,3.0,1.0,3.0,0.0,45.0
1445.4184309610341,53.0,3.0,1.0,3.0,0.0,45.0
1445.718430961034,53.0,3.0,1.0,3.0,0.0,45.0
1445.7195630365059,53.0,3.0,1.0,3.0,0.0,45.0
1446.0195630365058,53.0,3.0,1.0,3.0,0.0,45.0
1446.0206951119776,53.0,3.0,1.0,3.0,0.0,45.0
1446.3206951119776,53.0,3.0,1.0,3.0,0.0,45.0
1446.3218271874493,52.0,3.0,1.0,3.0,0.0,45.0
1446.6218271874493,52.0,3.0,1.0,3.0,0.0,45.0
1446.622981033603,52.0,3.0,1.0,3.0,0.0,45.0
1446.922981033603,52.0,3.0,1.0,3.0,0.0,45.0
1446.9241348797568,52.0,3.0,1.0,3.0,0.0,45.0
1447.2241348797568,52.0,3.0,1.0,3.0,0.0,45.0
1447.2252887259106,52.0,3.0,1.0,3.0,0.0,45.0
1447.5252887259105,52.0,3.0,1.0,3.0,0.0,45.0
1447.5264425720643,52.0,3.0,1.0,3.0,0.0,45.0
1447.8264425720643,52.0,3.0,1.0,3.0,0.0,45.0
1447.827596418218,52.0,3.0,1.0,3.0,0.0,45.0
1448.127596418218,52.0,3.0,1.0,3.0,0.0,45.0
1448.1287502643718,53.0,3.0,1.0,3.0,0.0,45.0
1448.4287502643717,53.0,3.0,1.0,3.0,0.0,45.0
1448.4298823398435,53.0,3.0,1.0,3.0,0.0,45.0
1448.7298823398435,53.0,3.0,1.0,3.0,0.0,45.0
1448.7310144153153,53.0,3.0,1.0,3.0,0.0,45.0
1449.0310144153152,53.0,3.0,1.0,3.0,0.0,45.0
1449.032146490787,53.0,3.0,1.0,3.0,0.0,45.0
1449.332146490787,53.0,3.0,1.0,3.0,0.0,45.0
1449.3332785662587,53.0,3.0,1.0,3.0,0.0,45.0
1449.6332785662587,53.0,3.0,1.0,3.0,0.0,45.0
1449.6344106417305,54.0,3.0,1.0,3.0,0.0,45.0
1449.9344106417304,54.0,3.0,1.0,3.0,0.0,45.0
1449.9355217528416,54.0,3.0,1.0,3.0,0.0,45.0
1450.2355217528416,54.0,3.0,1.0,3.0,0.0,45.0
1450.2366328639528,54.0,3.0,1.0,3.0,0.0,45.0
1450.5366328639527,54.0,3.0,1.0,3.0,0.0,45.0
1450.537743975064,54.0,3.0,1.0,3.0,0.0,45.0
1450.8377439750639,54.0,3.0,1.0,3.0,0.0,45.0
1450.838855086175,54.0,3.0,1.0,3.0,0.0,45.0
1451.138855086175,54.0,3.0,1.0,3.0,0.0,45.0
1451.1399661972862,54.0,3.0,1.0,3.0,0.0,45.0
1451.4399661972861,54.0,3.0,1.0,3.0,0.0,45.0
1451.4410773083973,54.0,3.0,1.0,3.0,0.0,45.0
1451.7410773083973,54.0,3.0,1.0,3.0,0.0,45.0
1451.7421884195085,54.0,3.0,1.0,3.0,0.0,45.0
1452.0421884195084,54.0,3.0,1.0,3.0,0.0,45.0
1452.0432995306196,54.0,3.0,1.0,3.0,0.0,45.0
1452.3432995306196,54.0,3.0,1.0,3.0,0.0,45.0
1452.3444106417307,54.0,3.0,1.0,3.0,0.0,45.0
1452.6444106417307,54.0,3.0,1.0,3.0,0.0,45.0
1452.645521752842,54.0,3.0,1.0,3.0,0.0,45.0
1452.9455217528418,54.0,3.0,1.0,3.0,0.0,45.0
1452.946632863953,54.0,3.0,1.0,3.0,0.0,45.0
1453.246632863953,54.0,3.0,1.0,3.0,0.0,45.0
1453.2477439750642,54.0,3.0,1.0,3.0,0.0,45.0
1453.5477439750641,54.0,3.0,1.0,3.0,0.0,45.0
1453.5488550861753,54.0,3.0,1.0,3.0,0.0,45.0
1453.8488550861753,54.0,3.0,1.0,3.0,0.0,45.0
1453.8499661972864,54.0,3.0,1.0,3.0,0.0,45.0
1454.1499661972864,54.0,3.0,1.0,3.0,0.0,45.0
1454.1510773083976,54.0,3.0,1.0,3.0,0.0,45.0
1454.4510773083975,54.0,3.0,1.0,3.0,0.0,45.0
1454.4521884195087,54.0,3.0,1.0,3.0,0.0,45.0
1454.7521884195087,54.0,3.0,1.0,3.0,0.0,45.0
1454.7532995306199,54.0,3.0,1.0,3.0,0.0,45.0
1455.0532995306198,54.0,3.0,1.0,3.0,0.0,45.0
1455.054410641731,54.0,3.0,1.0,3.0,0.0,45.0
1455.354410641731,54.0,3.0,1.0,3.0,0.0,45.0
1455.3555217528422,54.0,3.0,1.0,3.0,0.0,45.0
1455.655521752842,54.0,3.0,1.0,3.0,0.0,45.0
1455.6566328639533,54.0,3.0,1.0,3.0,0.0,45.0
1455.9566328639532,54.0,3.0,1.0,3.0,0.0,45.0
1455.9577439750644,54.0,3.0,1.0,3.0,0.0,45.0
1456.2577439750644,54.0,3.0,1.0,3.0,0.0,45.0
1456.2588550861756,54.0,3.0,1.0,3.0,0.0,45.0
1456.5588550861755,54.0,3.0,1.0,3.0,0.0,45.0
1456.5599661972867,54.0,3.0,1.0,3.0,0.0,45.0
1456.8599661972867,54.0,3.0,1.0,3.0,0.0,45.0
1456.8610773083979,54.0,3.0,1.0,3.0,0.0,45.0
1457.1610773083978,54.0,3.0,1.0,3.0,0.0,45.0
1457.162188419509,54.0,3.0,1.0,3.0,0.0,45.0
1457.462188419509,54.0,3.0,1.0,3.0,0.0,45.0
1457.4632995306201,54.0,3.0,1.0,3.0,0.0,45.0
1457.76329953062,54.0,3.0,1.0,3.0,0.0,45.0
1457.7644106417313,54.0,3.0,1.0,3.0,0.0,45.0
1458.0644106417312,54.0,3.0,1.0,3.0,0.0,45.0
1458.0655217528424,54.0,3.0,1.0,3.0,0.0,45.0
1458.3655217528424,54.0,3.0,1.0,3.0,0.0,45.0
1458.3666328639536,54.0,3.0,1.0,3.0,0.0,45.0
1458.6666328639535,54.0,3.0,1.0,3.0,0.0,45.0
1458.6677439750647,54.0,3.0,1.0,3.0,0.0,45.0
1458.9677439750646,54.0,3.0,1.0,3.0,0.0,45.0
1458.9688550861758,54.0,3.0,1.0,3.0,0.0,45.0
1459.2688550861758,54.0,3.0,1.0,3.0,0.0,45.0
1459.269966197287,54.0,3.0,1.0,3.0,0.0,45.0
1459.569966197287,54.0,3.0,1.0,3.0,0.0,45.0
1459.5710773083981,54.0,3.0,1.0,3.0,0.0,45.0
1459.871077308398,54.0,3.0,1.0,3.0,0.0,45.0
1459.8721884195093,54.0,3.0,1.0,3.0,0.0,45.0
1460.1721884195092,54.0,3.0,1.0,3.0,0.0,45.0
1460.1732995306204,54.0,3.0,1.0,3.0,0.0,45.0
1460.4732995306204,54.0,3.0,1.0,3.0,0.0,45.0
1460.4744106417315,54.0,3.0,1.0,3.0,0.0,45.0
1460.7744106417315,54.0,3.0,1.0,3.0,0.0,45.0
1460.7755217528427,54.0,3.0,1.0,3.0,0.0,45.0
1461.0755217528426,54.0,3.0,1.0,3.0,0.0,45.0
1461.0766328639538,54.0,3.0,1.0,3.0,0.0,45.0
1461.3766328639538,54.0,3.0,1.0,3.0,0.0,45.0
1461.377743975065,54.0,3.0,1.0,3.0,0.0,45.0
1461.677743975065,54.0,3.0,1.0,3.0,0.0,45.0
1461.678855086176,54.0,3.0,1.0,3.0,0.0,45.0
1461.978855086176,54.0,3.0,1.0,3.0,0.0,45.0
1461.9799661972872,54.0,3.0,1.0,3.0,0.0,45.0
1462.2799661972872,54.0,3.0,1.0,3.0,0.0,45.0
1462.2810773083984,54.0,3.0,1.0,3.0,0.0,45.0
1462.5810773083983,54.0,3.0,1.0,3.0,0.0,45.0
1462.5821884195095,54.0,3.0,1.0,3.0,0.0,45.0
1462.8821884195095,54.0,3.0,1.0,3.0,0.0,45.0
1462.8832995306207,54.0,3.0,1.0,3.0,0.0,45.0
1463.1832995306206,54.0,3.0,1.0,3.0,0.0,45.0
1463.1844106417318,54.0,3.0,1.0,8.0,0.0,45.0
1463.4844106417318,54.0,3.0,1.0,8.0,0.0,45.0
1463.4853481417317,54.0,3.0,1.0,8.0,0.0,45.0
1463.7853481417317,54.0,3.0,1.0,8.0,0.0,45.0
1463.7862856417316,55.0,3.0,1.0,8.0,0.0,45.0
1464.0862856417316,55.0,3.0,1.0,8.0,0.0,45.0
1464.0872231417316,55.0,3.0,1.0,8.0,0.0,45.0
1464.3872231417315,55.0,3.0,1.0,8.0,0.0,45.0
1464.3881606417315,55.0,3.0,1.0,8.0,0.0,45.0
1464.6881606417314,55.0,3.0,1.0,8.0,0.0,45.0
1464.6890981417314,55.0,3.0,1.0,8.0,0.0,45.0
1464.9890981417313,55.0,3.0,1.0,8.0,0.0,45.0
1464.9900356417313,55.0,3.0,1.0,8.0,0.0,45.0
1465.2900356417313,55.0,3.0,1.0,8.0,0.0,45.0
1465.2909731417312,56.0,3.0,1.0,8.0,0.0,45.0
1465.5909731417312,56.0,3.0,1.0,8.0,0.0,45.0
1465.5919106417311,56.0,3.0,1.0,8.0,0.0,45.0
1465.891910641731,56.0,3.0,1.0,8.0,0.0,45.0
1465.892848141731,56.0,3.0,1.0,8.0,0.0,45.0
1466.192848141731,56.0,3.0,1.0,8.0,0.0,45.0
1466.193785641731,56.0,3.0,1.0,8.0,0.0,45.0
1466.493785641731,56.0,3.0,1.0,8.0,0.0,45.0
1466.494723141731,56.0,3.0,1.0,8.0,0.0,45.0
1466.7947231417309,56.0,3.0,1.0,8.0,0.0,45.0
1466.7956606417308,56.0,3.0,1.0,8.0,0.0,45.0
1467.0956606417308,56.0,3.0,1.0,8.0,0.0,45.0
1467.0965981417307,56.0,3.0,1.0,8.0,0.0,45.0
1467.3965981417307,56.0,3.0,1.0,8.0,0.0,45.0
1467.3975356417307,56.0,3.0,1.0,8.0,0.0,45.0
1467.6975356417306,56.0,3.0,1.0,8.0,0.0,45.0
1467.6984731417306,56.0,3.0,1.0,8.0,0.0,45.0
1467.9984731417305,56.0,3.0,1.0,8.0,0.0,45.0
1467.9994106417305,56.0,3.0,1.0,8.0,0.0,45.0
1468.2994106417304,56.0,3.0,1.0,8.0,0.0,45.0
1468.3003481417304,56.0,3.0,1.0,8.0,0.0,45.0
1468.6003481417304,56.0,3.0,1.0,8.0,0.0,45.0
1468.6012856417303,56.0,3.0,1.0,8.0,0.0,45.0
1468.9012856417303,56.0,3.0,1.0,8.0,0.0,45.0
1468.9022231417302,56.0,3.0,1.0,8.0,0.0,45.0
1469.2022231417302,56.0,3.0,1.0,8.0,0.0,45.0
1469.2031606417302,56.0,3.0,1.0,8.0,0.0,45.0
1469.5031606417301,56.0,3.0,1.0,8.0,0.0,45.0
1469.50409814173,56.0,3.0,1.0,8.0,0.0,45.0
1469.80409814173,56.0,3.0,1.0,8.0,0.0,45.0
1469.80503564173,56.0,3.0,1.0,8.0,0.0,45.0
1470.10503564173,56.0,3.0,1.0,8.0,0.0,45.0
1470.10597314173,56.0,3.0,1.0,8.0,0.0,45.0
1470.4059731417299,56.0,3.0,1.0,8.0,0.0,45.0
1470.4069106417298,56.0,3.0,1.0,8.0,0.0,45.0
1470.7069106417298,56.0,3.0,1.0,8.0,0.0,45.0
1470.7078481417298,56.0,3.0,1.0,8.0,0.0,45.0
1471.0078481417297,56.0,3.0,1.0,8.0,0.0,45.0
1471.0087856417297,56.0,3.0,1.0,8.0,0.0,45.0
1471.3087856417296,56.0,3.0,1.0,8.0,0.0,45.0
1471.3097231417296,56.0,3.0,1.0,8.0,0.0,45.0
1471.6097231417295,56.0,3.0,1.0,8.0,0.0,45.0
1471.6106606417295,56.0,3.0,1.0,8.0,0.0,45.0
1471.9106606417295,56.0,3.0,1.0,8.0,0.0,45.0
1471.9115981417294,56.0,3.0,1.0,8.0,0.0,45.0
1472.2115981417294,56.0,3.0,1.0,8.0,0.0,45.0
1472.2125356417293,56.0,3.0,1.0,8.0,0.0,45.0
1472.5125356417293,56.0,3.0,1.0,8.0,0.0,45.0
1472.5134731417293,56.0,3.0,1.0,8.0,0.0,45.0
1472.8134731417292,56.0,3.0,1.0,8.0,0.0,45.0
1472.8144106417292,56.0,3.0,1.0,8.0,0.0,45.0
1473.1144106417291,56.0,3.0,1.0,8.0,0.0,45.0
1473.115348141729,56.0,3.0,1.0,8.0,0.0,45.0
1473.415348141729,56.0,3.0,1.0,8.0,0.0,45.0
1473.416285641729,56.0,3.0,1.0,8.0,0.0,45.0
1473.716285641729,56.0,3.0,1.0,8.0,0.0,45.0
1473.717223141729,56.0,3.0,1.0,8.0,0.0,45.0
1474.017223141729,56.0,3.0,1.0,8.0,0.0,45.0
1474.0181606417289,56.0,3.0,1.0,8.0,0.0,45.0
1474.3181606417288,56.0,3.0,1.0,8.0,0.0,45.0
1474.3190981417288,56.0,3.0,1.0,8.0,0.0,45.0
1474.6190981417287,56.0,3.0,1.0,8.0,0.0,45.0
1474.6200356417287,56.0,3.0,1.0,8.0,0.0,45.0
1474.9200356417286,56.0,3.0,1.0,8.0,0.0,45.0
1474.9209731417286,56.0,3.0,1.0,8.0,0.0,45.0
1475.2209731417286,56.0,3.0,1.0,8.0,0.0,45.0
1475.2219106417285,56.0,3.0,1.0,8.0,0.0,45.0
1475.5219106417285,56.0,3.0,1.0,8.0,0.0,45.0
1475.5228481417284,56.0,3.0,1.0,8.0,0.0,45.0
1475.8228481417284,56.0,3.0,1.0,8.0,0.0,45.0
1475.8237856417284,56.0,3.0,1.0,8.0,0.0,45.0
1476.1237856417283,56.0,3.0,1.0,8.0,0.0,45.0
1476.1247231417283,56.0,3.0,1.0,13.0,0.0,45.0
1476.4247231417282,56.0,3.0,1.0,13.0,0.0,45.0
1476.425078171314,55.0,3.0,1.0,13.0,0.0,45.0
1476.725078171314,55.0,3.0,1.0,13.0,0.0,45.0
1476.7254332008997,55.0,3.0,1.0,13.0,0.0,45.0
1477.0254332008997,55.0,3.0,1.0,13.0,0.0,45.0
1477.0257882304854,55.0,3.0,1.0,13.0,0.0,45.0
1477.3257882304854,55.0,3.0,1.0,13.0,0.0,45.0
1477.3261432600711,55.0,3.0,1.0,13.0,0.0,45.0
1477.626143260071,55.0,3.0,1.0,13.0,0.0,45.0
1477.6264982896569,55.0,3.0,1.0,13.0,0.0,45.0
1477.9264982896568,55.0,3.0,1.0,13.0,0.0,45.0
1477.9268533192426,55.0,3.0,1.0,13.0,0.0,45.0
1478.2268533192425,55.0,3.0,1.0,13.0,0.0,45.0
1478.2272083488283,55.0,3.0,1.0,13.0,0.0,45.0
1478.5272083488283,55.0,3.0,1.0,13.0,0.0,45.0
1478.527563378414,55.0,3.0,1.0,13.0,0.0,45.0
1478.827563378414,55.0,3.0,1.0,13.0,0.0,45.0
1478.8279184079997,55.0,3.0,1.0,13.0,0.0,45.0
1479.1279184079997,55.0,3.0,1.0,13.0,0.0,45.0
1479.1282734375854,55.0,3.0,1.0,13.0,0.0,45.0
1479.4282734375854,55.0,3.0,1.0,13.0,0.0,45.0
1479.4286284671712,55.0,3.0,1.0,13.0,0.0,45.0
1479.7286284671711,55.0,3.0,1.0,13.0,0.0,45.0
1479.7289834967569,55.0,3.0,1.0,13.0,0.0,45.0
1480.0289834967568,55.0,3.0,1.0,13.0,0.0,45.0
1480.0293385263426,55.0,3.0,1.0,13.0,0.0,45.0
1480.3293385263426,55.0,3.0,1.0,13.0,0.0,45.0
1480.3296935559283,55.0,3.0,1.0,13.0,0.0,45.0
1480.6296935559283,55.0,3.0,1.0,13.0,0.0,45.0
1480.630048585514,55.0,3.0,1.0,13.0,0.0,45.0
1480.930048585514,55.0,3.0,1.0,13.0,0.0,45.0
1480.9304036150997,55.0,3.0,1.0,13.0,0.0,45.0
1481.2304036150997,55.0,3.0,1.0,13.0,0.0,45.0
1481.2307586446855,55.0,3.0,1.0,13.0,0.0,45.0
1481.5307586446854,55.0,3.0,1.0,13.0,0.0,45.0
1481.5311136742712,55.0,3.0,1.0,13.0,0.0,45.0
1481.8311136742711,55.0,3.0,1.0,13.0,0.0,45.0
1481.831468703857,55.0,3.0,1.0,13.0,0.0,45.0
1482.1314687038569,55.0,3.0,1.0,13.0,0.0,45.0
1482.1318237334426,55.0,3.0,1.0,13.0,0.0,45.0
1482.4318237334426,55.0,3.0,1.0,13.0,0.0,45.0
1482.4321787630283,55.0,3.0,1.0,13.0,0.0,45.0
1482.7321787630283,55.0,3.0,1.0,13.0,0.0,45.0
1482.732533792614,55.0,3.0,1.0,13.0,0.0,45.0
1483.032533792614,55.0,3.0,1.0,13.0,0.0,45.0
1483.0328888221998,55.0,3.0,1.0,13.0,0.0,45.0
1483.3328888221997,55.0,3.0,1.0,13.0,0.0,45.0
1483.3332438517855,55.0,3.0,1.0,13.0,0.0,45.0
1483.6332438517854,55.0,3.0,1.0,13.0,0.0,45.0
1483.6335988813712,55.0,3.0,1.0,13.0,0.0,45.0
1483.9335988813712,55.0,3.0,1.0,13.0,0.0,45.0
1483.933953910957,55.0,3.0,1.0,13.0,0.0,45.0
1484.2339539109569,55.0,3.0,1.0,13.0,0.0,45.0
1484.2343089405426,55.0,3.0,1.0,13.0,0.0,45.0
1484.5343089405426,55.0,3.0,1.0,13.0,0.0,45.0
1484.5346639701283,55.0,3.0,1.0,13.0,0.0,45.0
1484.8346639701283,55.0,3.0,1.0,13.0,0.0,45.0
1484.835018999714,55.0,3.0,1.0,13.0,0.0,45.0
1485.135018999714,55.0,3.0,1.0,13.0,0.0,45.0
1485.1353740292998,55.0,3.0,1.0,13.0,0.0,45.0
1485.4353740292997,55.0,3.0,1.0,13.0,0.0,45.0
1485.4357290588855,55.0,3.0,1.0,13.0,0.0,45.0
1485.7357290588855,55.0,3.0,1.0,13.0,0.0,45.0
1485.7360840884712,55.0,3.0,1.0,13.0,0.0,45.0
1486.0360840884712,55.0,3.0,1.0,13.0,0.0,45.0
1486.036439118057,55.0,3.0,1.0,13.0,0.0,45.0
1486.336439118057,55.0,3.0,1.0,13.0,0.0,45.0
1486.3367941476426,55.0,3.0,1.0,13.0,0.0,45.0
1486.6367941476426,55.0,3.0,1.0,13.0,0.0,45.0
1486.6371491772284,55.0,3.0,1.0,13.0,0.0,45.0
1486.9371491772283,55.0,3.0,1.0,13.0,0.0,45.0
1486.937504206814,55.0,3.0,1.0,13.0,0.0,45.0
1487.237504206814,55.0,3.0,1.0,13.0,0.0,45.0
1487.2378592363998,55.0,3.0,1.0,13.0,0.0,45.0
1487.5378592363998,55.0,3.0,1.0,13.0,0.0,45.0
1487.5382142659855,55.0,3.0,1.0,13.0,0.0,45.0
1487.8382142659855,55.0,3.0,1.0,13.0,0.0,45.0
1487.8385692955712,55.0,3.0,1.0,13.0,0.0,45.0
1488.1385692955712,55.0,3.0,1.0,13.0,0.0,45.0
1488.138924325157,55.0,3.0,1.0,13.0,0.0,45.0
1488.438924325157,55.0,3.0,1.0,13.0,0.0,45.0
1488.4392793547427,55.0,3.0,1.0,13.0,0.0,45.0
1488.7392793547426,55.0,3.0,1.0,13.0,0.0,45.0
1488.7396343843284,55.0,3.0,1.0,13.0,0.0,45.0
1489.0396343843283,55.0,3.0,1.0,13.0,0.0,45.0
1489.039989413914,55.0,3.0,1.0,13.0,0.0,45.0
1489.339989413914,55.0,3.0,1.0,13.0,0.0,45.0
1489.3403444434998,55.0,3.0,1.0,13.0,0.0,45.0
1489.6403444434998,55.0,3.0,1.0,13.0,0.0,45.0
1489.6406994730855,55.0,3.0,1.0,13.0,0.0,45.0
1489.9406994730855,55.0,3.0,1.0,13.0,0.0,45.0
1489.9410545026712,55.0,3.0,1.0,13.0,0.0,45.0
1490.2410545026712,55.0,3.0,1.0,13.0,0.0,45.0
1490.241409532257,55.0,3.0,1.0,13.0,0.0,45.0
1490.541409532257,55.0,3.0,1.0,13.0,0.0,45.0
1490.5417645618427,55.0,3.0,1.0,13.0,0.0,45.0
1490.8417645618426,55.0,3.0,1.0,13.0,0.0,45.0
1490.8421195914284,55.0,3.0,1.0,13.0,0.0,45.0
1491.1421195914284,55.0,3.0,1.0,13.0,0.0,45.0
1491.1424746210141,55.0,3.0,1.0,13.0,0.0,45.0
1491.442474621014,55.0,3.0,1.0,13.0,0.0,45.0
1491.4428296505998,55.0,3.0,1.0,13.0,0.0,45.0
1491.7428296505998,55.0,3.0,1.0,13.0,0.0,45.0
1491.7431846801855,55.0,3.0,1.0,13.0,0.0,45.0
1492.0431846801855,55.0,3.0,1.0,13.0,0.0,45.0
1492.0435397097713,55.0,3.0,1.0,13.0,0.0,45.0
1492.3435397097712,55.0,3.0,1.0,13.0,0.0,45.0
1492.343894739357,55.0,3.0,1.0,13.0,0.0,45.0
1492.643894739357,55.0,3.0,1.0,13.0,0.0,45.0
1492.6442497689427,55.0,3.0,1.0,13.0,0.0,45.0
1492.9442497689427,55.0,3.0,1.0,13.0,0.0,45.0
1492.9446047985284,55.0,3.0,1.0,13.0,0.0,45.0
1493.2446047985284,55.0,3.0,1.0,13.0,0.0,45.0
1493.2449598281141,55.0,3.0,1.0,13.0,0.0,45.0
1493.544959828114,55.0,3.0,1.0,13.0,0.0,45.0
1493.5453148576999,55.0,3.0,1.0,13.0,0.0,45.0
1493.8453148576998,55.0,3.0,1.0,13.0,0.0,45.0
1493.8456698872856,55.0,3.0,1.0,13.0,0.0,45.0
1494.1456698872855,55.0,3.0,1.0,13.0,0.0,45.0
1494.1460249168713,55.0,3.0,1.0,13.0,0.0,45.0
1494.4460249168712,55.0,3.0,1.0,13.0,0.0,45.0
1494.446379946457,55.0,3.0,1.0,13.0,0.0,45.0
1494.746379946457,55.0,3.0,1.0,13.0,0.0,45.0
1494.7467349760427,56.0,3.0,1.0,13.0,0.0,45.0
1495.0467349760427,56.0,3.0,1.0,13.0,0.0,45.0
1495.0470900056284,56.0,3.0,1.0,13.0,0.0,45.0
1495.3470900056284,56.0,3.0,1.0,13.0,0.0,45.0
1495.3474450352142,56.0,3.0,1.0,13.0,0.0,45.0
1495.647445035214,56.0,3.0,1.0,13.0,0.0,45.0
1495.6478000647999,56.0,3.0,1.0,13.0,0.0,45.0
1495.9478000647998,56.0,3.0,1.0,13.0,0.0,45.0
1495.9481550943856,56.0,3.0,1.0,13.0,0.0,45.0
1496.2481550943855,56.0,3.0,1.0,13.0,0.0,45.0
1496.2485101239713,56.0,3.0,1.0,13.0,0.0,45.0
1496.5485101239713,56.0,3.0,1.0,13.0,0.0,45.0
1496.548865153557,56.0,3.0,1.0,13.0,0.0,45.0
1496.848865153557,56.0,3.0,1.0,13.0,0.0,45.0
1496.8492201831427,56.0,3.0,1.0,13.0,0.0,45.0
1497.1492201831427,56.0,3.0,1.0,13.0,0.0,45.0
1497.1495752127285,56.0,3.0,1.0,13.0,0.0,45.0
1497.4495752127284,56.0,3.0,1.0,13.0,0.0,45.0
1497.4499302423142,56.0,3.0,1.0,13.0,0.0,45.0
1497.7499302423141,56.0,3.0,1.0,13.0,0.0,45.0
1497.7502852718999,56.0,3.0,1.0,13.0,0.0,45.0
1498.0502852718998,56.0,3.0,1.0,13.0,0.0,45.0
1498.0506403014856,56.0,3.0,1.0,13.0,0.0,45.0
1498.3506403014856,56.0,3.0,1.0,13.0,0.0,45.0
1498.3509953310713,56.0,3.0,1.0,13.0,0.0,45.0
1498.6509953310713,56.0,3.0,1.0,13.0,0.0,45.0
1498.651350360657,56.0,3.0,1.0,13.0,0.0,45.0
1498.951350360657,56.0,3.0,1.0,13.0,0.0,45.0
1498.9517053902428,56.0,3.0,1.0,13.0,0.0,45.0
1499.2517053902427,56.0,3.0,1.0,13.0,0.0,45.0
1499.2520604198285,56.0,3.0,1.0,13.0,0.0,45.0
1499.5520604198284,56.0,3.0,1.0,13.0,0.0,45.0
1499.5524154494142,56.0,3.0,1.0,13.0,0.0,45.0
1499.8524154494141,56.0,3.0,1.0,13.0,0.0,45.0
1499.852770479,56.0,3.0,1.0,13.0,0.0,45.0
1500.1527704789999,56.0,3.0,1.0,13.0,0.0,45.0
1500.1531255085856,56.0,3.0,1.0,13.0,0.0,45.0
1500.4531255085856,56.0,3.0,1.0,13.0,0.0,45.0
1500.4534805381713,56.0,3.0,1.0,13.0,0.0,45.0
1500.7534805381713,56.0,3.0,1.0,13.0,0.0,45.0
1500.753835567757,56.0,3.0,1.0,13.0,0.0,45.0
1501.053835567757,56.0,3.0,1.0,13.0,0.0,45.0
1501.0541905973428,56.0,3.0,1.0,13.0,0.0,45.0
1501.3541905973427,56.0,3.0,1.0,13.0,0.0,45.0
1501.3545456269285,56.0,3.0,1.0,13.0,0.0,45.0
1501.6545456269284,56.0,3.0,1.0,13.0,0.0,45.0
1501.6549006565142,56.0,3.0,1.0,13.0,0.0,45.0
1501.9549006565142,56.0,3.0,1.0,13.0,0.0,45.0
1501.9552556861,56.0,3.0,1.0,13.0,0.0,45.0
1502.2552556860999,56.0,3.0,1.0,13.0,0.0,45.0
1502.2556107156856,56.0,3.0,1.0,13.0,0.0,45.0
1502.5556107156856,56.0,3.0,1.0,13.0,0.0,45.0
1502.5559657452714,56.0,3.0,1.0,13.0,0.0,45.0
1502.8559657452713,56.0,3.0,1.0,13.0,0.0,45.0
1502.856320774857,56.0,3.0,1.0,13.0,0.0,45.0
1503.156320774857,56.0,3.0,1.0,13.0,0.0,45.0
1503.1566758044428,56.0,3.0,1.0,13.0,0.0,45.0
1503.4566758044427,56.0,3.0,1.0,13.0,0.0,45.0
1503.4570308340285,56.0,3.0,1.0,13.0,0.0,45.0
1503.7570308340285,56.0,3.0,1.0,13.0,0.0,45.0
1503.7573858636142,56.0,3.0,1.0,13.0,0.0,45.0
1504.0573858636142,56.0,3.0,1.0,13.0,0.0,45.0
1504.0577408932,56.0,3.0,1.0,13.0,0.0,45.0
1504.3577408932,56.0,3.0,1.0,13.0,0.0,45.0
1504.3580959227857,56.0,3.0,1.0,13.0,0.0,45.0
1504.6580959227856,56.0,3.0,1.0,13.0,0.0,45.0
1504.6584509523714,56.0,3.0,1.0,13.0,0.0,45.0
1504.9584509523713,56.0,3.0,1.0,13.0,0.0,45.0
1504.958805981957,56.0,3.0,1.0,13.0,0.0,45.0
1505.258805981957,56.0,3.0,1.0,13.0,0.0,45.0
1505.2591610115428,56.0,3.0,1.0,13.0,0.0,45.0
1505.5591610115428,56.0,3.0,1.0,13.0,0.0,45.0
1505.5595160411285,56.0,3.0,1.0,13.0,0.0,45.0
1505.8595160411285,56.0,3.0,1.0,13.0,0.0,45.0
1505.8598710707142,56.0,3.0,1.0,13.0,0.0,45.0
1506.1598710707142,56.0,3.0,1.0,13.0,0.0,45.0
1506.1602261003,56.0,3.0,1.0,13.0,0.0,45.0
1506.4602261003,56.0,3.0,1.0,13.0,0.0,45.0
1506.4605811298857,56.0,3.0,1.0,11.0,0.0,46.0
1506.7605811298856,56.0,3.0,1.0,11.0,0.0,46.0
1506.7610769976543,56.0,3.0,1.0,11.0,0.0,46.0
1507.0610769976543,56.0,3.0,1.0,11.0,0.0,46.0
1507.061572865423,56.0,3.0,1.0,11.0,0.0,46.0
1507.3615728654229,56.0,3.0,1.0,11.0,0.0,46.0
1507.3620687331916,56.0,3.0,1.0,11.0,0.0,46.0
1507.6620687331915,56.0,3.0,1.0,11.0,0.0,46.0
1507.6625646009602,56.0,3.0,1.0,11.0,0.0,46.0
1507.9625646009601,56.0,3.0,1.0,11.0,0.0,46.0
1507.9630604687288,56.0,3.0,1.0,11.0,0.0,46.0
1508.2630604687288,56.0,3.0,1.0,11.0,0.0,46.0
1508.2635563364975,56.0,3.0,1.0,11.0,0.0,46.0
1508.5635563364974,56.0,3.0,1.0,11.0,0.0,46.0
1508.564052204266,56.0,3.0,1.0,11.0,0.0,46.0
1508.864052204266,56.0,3.0,1.0,11.0,0.0,46.0
1508.8645480720347,56.0,3.0,1.0,11.0,0.0,46.0
1509.1645480720347,56.0,3.0,1.0,11.0,0.0,46.0
1509.1650439398034,56.0,3.0,1.0,11.0,0.0,46.0
1509.4650439398033,56.0,3.0,1.0,11.0,0.0,46.0
1509.465539807572,56.0,3.0,1.0,11.0,0.0,46.0
1509.765539807572,56.0,3.0,1.0,11.0,0.0,46.0
1509.7660356753406,56.0,3.0,1.0,11.0,0.0,46.0
1510.0660356753406,56.0,3.0,1.0,11.0,0.0,46.0
1510.0665315431092,56.0,3.0,1.0,11.0,0.0,46.0
1510.3665315431092,56.0,3.0,1.0,11.0,0.0,46.0
1510.3670274108779,56.0,3.0,1.0,11.0,0.0,46.0
1510.6670274108778,56.0,3.0,1.0,11.0,0.0,46.0
1510.6675232786465,56.0,3.0,1.0,11.0,0.0,46.0
1510.9675232786465,56.0,3.0,1.0,11.0,0.0,46.0
1510.9680191464151,56.0,3.0,1.0,11.0,0.0,46.0
1511.268019146415,56.0,3.0,1.0,11.0,0.0,46.0
1511.2685150141838,56.0,3.0,1.0,11.0,0.0,46.0
1511.5685150141837,56.0,3.0,1.0,11.0,0.0,46.0
1511.5690108819524,56.0,3.0,1.0,11.0,0.0,46.0
1511.8690108819524,56.0,3.0,1.0,11.0,0.0,46.0
1511.869506749721,56.0,3.0,1.0,11.0,0.0,46.0
1512.169506749721,56.0,3.0,1.0,11.0,0.0,46.0
1512.1700026174897,56.0,3.0,1.0,11.0,0.0,46.0
1512.4700026174896,56.0,3.0,1.0,11.0,0.0,46.0
1512.4704984852583,56.0,3.0,1.0,11.0,0.0,46.0
1512.7704984852583,56.0,3.0,1.0,11.0,0.0,46.0
1512.770994353027,56.0,3.0,1.0,11.0,0.0,46.0
1513.070994353027,56.0,3.0,1.0,11.0,0.0,46.0
1513.0714902207956,56.0,3.0,1.0,11.0,0.0,46.0
1513.3714902207955,56.0,3.0,1.0,11.0,0.0,46.0
1513.3719860885642,56.0,3.0,1.0,11.0,0.0,46.0
1513.6719860885642,56.0,3.0,1.0,11.0,0.0,46.0
1513.6724819563328,56.0,3.0,1.0,11.0,0.0,46.0
1513.9724819563328,56.0,3.0,1.0,11.0,0.0,46.0
1513.9729778241015,56.0,3.0,1.0,11.0,0.0,46.0
1514.2729778241014,56.0,3.0,1.0,11.0,0.0,46.0
1514.27347369187,56.0,3.0,1.0,11.0,0.0,46.0
1514.57347369187,56.0,3.0,1.0,11.0,0.0,46.0
1514.5739695596387,56.0,3.0,1.0,11.0,0.0,46.0
1514.8739695596387,56.0,3.0,1.0,11.0,0.0,46.0
1514.8744654274074,56.0,3.0,1.0,11.0,0.0,46.0
1515.1744654274073,56.0,3.0,1.0,11.0,0.0,46.0
1515.174961295176,56.0,3.0,1.0,11.0,0.0,46.0
1515.474961295176,56.0,3.0,1.0,11.0,0.0,46.0
1515.4754571629446,56.0,3.0,1.0,11.0,0.0,46.0
1515.7754571629446,56.0,3.0,1.0,11.0,0.0,46.0
1515.7759530307133,56.0,3.0,1.0,11.0,0.0,46.0
1516.0759530307132,56.0,3.0,1.0,11.0,0.0,46.0
1516.0764488984819,56.0,3.0,1.0,11.0,0.0,46.0
1516.3764488984818,56.0,3.0,1.0,11.0,0.0,46.0
1516.3769447662505,56.0,3.0,1.0,11.0,0.0,46.0
1516.6769447662505,56.0,3.0,1.0,11.0,0.0,46.0
1516.6774406340191,56.0,3.0,1.0,11.0,0.0,46.0
1516.977440634019,56.0,3.0,1.0,11.0,0.0,46.0
1516.9779365017878,56.0,3.0,1.0,11.0,0.0,46.0
1517.2779365017877,56.0,3.0,1.0,11.0,0.0,46.0
1517.2784323695564,56.0,3.0,1.0,11.0,0.0,46.0
1517.5784323695564,56.0,3.0,1.0,11.0,0.0,46.0
1517.578928237325,56.0,3.0,1.0,11.0,0.0,46.0
1517.878928237325,56.0,3.0,1.0,11.0,0.0,46.0
1517.8794241050937,56.0,3.0,1.0,11.0,0.0,46.0
1518.1794241050936,56.0,3.0,1.0,11.0,0.0,46.0
1518.1799199728623,56.0,3.0,1.0,11.0,0.0,46.0
1518.4799199728623,56.0,3.0,1.0,11.0,0.0,46.0
1518.480415840631,56.0,3.0,1.0,11.0,0.0,46.0
1518.780415840631,56.0,3.0,1.0,11.0,0.0,46.0
1518.7809117083996,55.0,3.0,1.0,11.0,0.0,46.0
1519.0809117083995,55.0,3.0,1.0,11.0,0.0,46.0
1519.0814075761682,55.0,3.0,1.0,11.0,0.0,46.0
1519.3814075761682,55.0,3.0,1.0,11.0,0.0,46.0
1519.3819034439368,55.0,3.0,1.0,11.0,0.0,46.0
1519.6819034439368,55.0,3.0,1.0,11.0,0.0,46.0
1519.6823993117055,55.0,3.0,1.0,11.0,0.0,46.0
1519.9823993117054,55.0,3.0,1.0,11.0,0.0,46.0
1519.982895179474,55.0,3.0,1.0,11.0,0.0,46.0
1520.282895179474,55.0,3.0,1.0,11.0,0.0,46.0
1520.2833910472427,55.0,3.0,1.0,11.0,0.0,46.0
1520.5833910472427,55.0,3.0,1.0,11.0,0.0,46.0
1520.5838869150114,55.0,3.0,1.0,11.0,0.0,46.0
1520.8838869150113,55.0,3.0,1.0,11.0,0.0,46.0
1520.88438278278,55.0,3.0,1.0,11.0,0.0,46.0
1521.18438278278,55.0,3.0,1.0,11.0,0.0,46.0
1521.1848786505486,55.0,3.0,1.0,11.0,0.0,46.0
1521.4848786505486,55.0,3.0,1.0,11.0,0.0,46.0
1521.4853745183173,55.0,3.0,1.0,11.0,0.0,46.0
1521.7853745183172,55.0,3.0,1.0,11.0,0.0,46.0
1521.785870386086,55.0,3.0,1.0,11.0,0.0,46.0
1522.0858703860858,55.0,3.0,1.0,11.0,0.0,46.0
1522.0863662538545,55.0,3.0,1.0,11.0,0.0,46.0
1522.3863662538545,55.0,3.0,1.0,11.0,0.0,46.0
1522.3868621216232,55.0,3.0,1.0,11.0,0.0,46.0
1522.686862121623,55.0,3.0,1.0,11.0,0.0,46.0
1522.6873579893918,55.0,3.0,1.0,11.0,0.0,46.0
1522.9873579893917,55.0,3.0,1.0,11.0,0.0,46.0
1522.9878538571604,55.0,3.0,1.0,11.0,0.0,46.0
1523.2878538571604,55.0,3.0,1.0,11.0,0.0,46.0
1523.288349724929,55.0,3.0,1.0,11.0,0.0,46.0
1523.588349724929,55.0,3.0,1.0,11.0,0.0,46.0
1523.5888455926977,55.0,3.0,1.0,11.0,0.0,46.0
1523.8888455926976,55.0,3.0,1.0,11.0,0.0,46.0
1523.8893414604663,55.0,3.0,1.0,11.0,0.0,46.0
1524.1893414604663,55.0,3.0,1.0,11.0,0.0,46.0
1524.189837328235,55.0,3.0,1.0,11.0,0.0,46.0
1524.489837328235,55.0,3.0,1.0,11.0,0.0,46.0
1524.4903331960036,55.0,3.0,1.0,11.0,0.0,46.0
1524.7903331960035,55.0,3.0,1.0,11.0,0.0,46.0
1524.7908290637722,55.0,3.0,1.0,11.0,0.0,46.0
1525.0908290637722,55.0,3.0,1.0,11.0,0.0,46.0
1525.0913249315408,55.0,3.0,1.0,11.0,0.0,46.0
1525.3913249315408,55.0,3.0,1.0,11.0,0.0,46.0
1525.3918207993095,55.0,3.0,1.0,11.0,0.0,46.0
1525.6918207993094,55.0,3.0,1.0,11.0,0.0,46.0
1525.692316667078,55.0,3.0,1.0,11.0,0.0,46.0
1525.992316667078,55.0,3.0,1.0,11.0,0.0,46.0
1525.9928125348467,55.0,3.0,1.0,11.0,0.0,46.0
1526.2928125348467,55.0,3.0,1.0,11.0,0.0,46.0
1526.2933084026154,55.0,3.0,1.0,11.0,0.0,46.0
1526.5933084026153,55.0,3.0,1.0,11.0,0.0,46.0
1526.593804270384,55.0,3.0,1.0,11.0,0.0,46.0
1526.893804270384,55.0,3.0,1.0,11.0,0.0,46.0
1526.8943001381526,55.0,3.0,1.0,11.0,0.0,46.0
1527.1943001381526,55.0,3.0,1.0,11.0,0.0,46.0
1527.1947960059213,55.0,3.0,1.0,11.0,0.0,46.0
1527.4947960059212,55.0,3.0,1.0,11.0,0.0,46.0
1527.49529187369,55.0,3.0,1.0,11.0,0.0,46.0
1527.7952918736898,55.0,3.0,1.0,11.0,0.0,46.0
1527.7957877414585,55.0,3.0,1.0,11.0,0.0,46.0
1528.0957877414585,55.0,3.0,1.0,11.0,0.0,46.0
1528.0962836092272,55.0,3.0,1.0,11.0,0.0,46.0
1528.396283609227,55.0,3.0,1.0,11.0,0.0,46.0
1528.3967794769958,55.0,3.0,1.0,11.0,0.0,46.0
1528.6967794769957,55.0,3.0,1.0,11.0,0.0,46.0
1528.6972753447644,55.0,3.0,1.0,11.0,0.0,46.0
1528.9972753447644,55.0,3.0,1.0,11.0,0.0,46.0
1528.997771212533,55.0,3.0,1.0,11.0,0.0,46.0
1529.297771212533,55.0,3.0,1.0,11.0,0.0,46.0
1529.2982670803017,55.0,3.0,1.0,11.0,0.0,46.0
1529.5982670803016,55.0,3.0,1.0,11.0,0.0,46.0
1529.5987629480703,55.0,3.0,1.0,11.0,0.0,46.0
1529.8987629480703,55.0,3.0,1.0,11.0,0.0,46.0
1529.899258815839,55.0,3.0,1.0,11.0,0.0,46.0
1530.199258815839,55.0,3.0,1.0,11.0,0.0,46.0
1530.1997546836076,55.0,3.0,1.0,11.0,0.0,46.0
1530.4997546836075,55.0,3.0,1.0,11.0,0.0,46.0
1530.5002505513762,55.0,3.0,1.0,11.0,0.0,46.0
1530.8002505513762,55.0,3.0,1.0,11.0,0.0,46.0
1530.8007464191448,55.0,3.0,1.0,11.0,0.0,46.0
1531.1007464191448,55.0,3.0,1.0,11.0,0.0,46.0
1531.1012422869135,55.0,3.0,1.0,11.0,0.0,46.0
1531.4012422869134,55.0,3.0,1.0,11.0,0.0,46.0
1531.401738154682,55.0,3.0,1.0,11.0,0.0,46.0
1531.701738154682,55.0,3.0,1.0,11.0,0.0,46.0
1531.7022340224507,55.0,3.0,1.0,11.0,0.0,46.0
1532.0022340224507,55.0,3.0,1.0,11.0,0.0,46.0
1532.0027298902194,55.0,3.0,1.0,11.0,0.0,46.0
1532.3027298902193,55.0,3.0,1.0,11.0,0.0,46.0
1532.303225757988,55.0,3.0,1.0,11.0,0.0,46.0
1532.603225757988,55.0,3.0,1.0,11.0,0.0,46.0
1532.6037216257566,55.0,3.0,1.0,11.0,0.0,46.0
1532.9037216257566,55.0,3.0,1.0,11.0,0.0,46.0
1532.9042174935253,55.0,3.0,1.0,11.0,0.0,46.0
1533.2042174935252,55.0,3.0,1.0,11.0,0.0,46.0
1533.204713361294,55.0,3.0,1.0,11.0,0.0,46.0
1533.5047133612939,55.0,3.0,1.0,11.0,0.0,46.0
1533.5052092290625,55.0,3.0,1.0,11.0,0.0,46.0
1533.8052092290625,55.0,3.0,1.0,11.0,0.0,46.0
1533.8057050968312,55.0,3.0,1.0,11.0,0.0,46.0
1534.1057050968311,55.0,3.0,1.0,11.0,0.0,46.0
1534.1062009645998,55.0,3.0,1.0,11.0,0.0,46.0
1534.4062009645997,55.0,3.0,1.0,11.0,0.0,46.0
1534.4066968323684,55.0,3.0,1.0,11.0,0.0,46.0
1534.7066968323684,55.0,3.0,1.0,11.0,0.0,46.0
1534.707192700137,55.0,3.0,1.0,11.0,0.0,46.0
1535.007192700137,55.0,3.0,1.0,11.0,0.0,46.0
1535.0076885679057,55.0,3.0,1.0,11.0,0.0,46.0
1535.3076885679056,55.0,3.0,1.0,11.0,0.0,46.0
1535.3081844356743,55.0,3.0,1.0,11.0,0.0,46.0
1535.6081844356743,55.0,3.0,1.0,11.0,0.0,46.0
1535.608680303443,55.0,3.0,1.0,11.0,0.0,46.0
1535.908680303443,55.0,3.0,1.0,11.0,0.0,46.0
1535.9091761712116,55.0,3.0,1.0,11.0,0.0,46.0
1536.2091761712115,55.0,3.0,1.0,11.0,0.0,46.0
1536.2096720389802,55.0,3.0,1.0,11.0,0.0,46.0
1536.5096720389802,55.0,3.0,1.0,11.0,0.0,46.0
1536.5101679067488,55.0,3.0,1.0,11.0,0.0,46.0
1536.8101679067488,55.0,3.0,1.0,11.0,0.0,46.0
1536.8106637745175,55.0,3.0,1.0,11.0,0.0,46.0
1537.1106637745174,55.0,3.0,1.0,11.0,0.0,46.0
1537.111159642286,55.0,3.0,1.0,11.0,0.0,46.0
1537.411159642286,55.0,3.0,1.0,11.0,0.0,46.0
1537.4116555100547,55.0,3.0,1.0,11.0,0.0,46.0
1537.7116555100547,55.0,3.0,1.0,11.0,0.0,46.0
1537.7121513778234,55.0,3.0,1.0,11.0,0.0,46.0
1538.0121513778233,55.0,3.0,1.0,11.0,0.0,46.0
1538.012647245592,55.0,3.0,1.0,11.0,0.0,46.0
1538.312647245592,55.0,3.0,1.0,11.0,0.0,46.0
1538.3131431133606,55.0,3.0,1.0,11.0,0.0,46.0
1538.6131431133606,55.0,3.0,1.0,11.0,0.0,46.0
1538.6136389811293,55.0,3.0,1.0,11.0,0.0,46.0
1538.9136389811292,55.0,3.0,1.0,11.0,0.0,46.0
1538.914134848898,55.0,3.0,1.0,11.0,0.0,46.0
1539.2141348488979,55.0,3.0,1.0,11.0,0.0,46.0
1539.2146307166665,55.0,3.0,1.0,11.0,0.0,46.0
1539.5146307166665,55.0,3.0,1.0,11.0,0.0,46.0
1539.5151265844352,55.0,3.0,1.0,11.0,0.0,46.0
1539.8151265844351,55.0,3.0,1.0,11.0,0.0,46.0
1539.8156224522038,55.0,3.0,1.0,11.0,0.0,46.0
1540.1156224522038,55.0,3.0,1.0,11.0,0.0,46.0
1540.1161183199724,55.0,3.0,1.0,11.0,0.0,46.0
1540.4161183199724,55.0,3.0,1.0,11.0,0.0,46.0
1540.416614187741,55.0,3.0,1.0,11.0,0.0,46.0
1540.716614187741,55.0,3.0,1.0,11.0,0.0,46.0
1540.7171100555097,55.0,3.0,1.0,11.0,0.0,46.0
1541.0171100555096,55.0,3.0,1.0,11.0,0.0,46.0
1541.0176059232783,55.0,3.0,1.0,11.0,0.0,46.0
1541.3176059232783,55.0,3.0,1.0,11.0,0.0,46.0
1541.318101791047,55.0,3.0,1.0,11.0,0.0,46.0
1541.618101791047,55.0,3.0,1.0,11.0,0.0,46.0
1541.6185976588156,55.0,3.0,1.0,11.0,0.0,46.0
1541.9185976588155,55.0,3.0,1.0,11.0,0.0,46.0
1541.9190935265842,55.0,3.0,1.0,11.0,0.0,46.0
1542.2190935265842,55.0,3.0,1.0,11.0,0.0,46.0
1542.2195893943529,55.0,3.0,1.0,11.0,0.0,46.0
1542.5195893943528,55.0,3.0,1.0,11.0,0.0,46.0
1542.5200852621215,55.0,3.0,1.0,11.0,0.0,46.0
1542.8200852621214,55.0,3.0,1.0,11.0,0.0,46.0
1542.8205811298901,55.0,3.0,1.0,11.0,0.0,46.0
1543.12058112989,55.0,3.0,1.0,11.0,0.0,46.0
1543.1210769976587,55.0,3.0,1.0,11.0,0.0,46.0
1543.4210769976587,55.0,3.0,1.0,11.0,0.0,46.0
1543.4215728654274,55.0,3.0,1.0,11.0,0.0,46.0
1543.7215728654273,55.0,3.0,1.0,11.0,0.0,46.0
1543.722068733196,55.0,3.0,1.0,11.0,0.0,46.0
1544.022068733196,55.0,3.0,1.0,11.0,0.0,46.0
1544.0225646009646,55.0,3.0,1.0,11.0,0.0,46.0
1544.3225646009646,55.0,3.0,1.0,11.0,0.0,46.0
1544.3230604687333,55.0,3.0,1.0,11.0,0.0,46.0
1544.6230604687332,55.0,3.0,1.0,11.0,0.0,46.0
1544.623556336502,55.0,3.0,1.0,11.0,0.0,46.0
1544.9235563365019,55.0,3.0,1.0,11.0,0.0,46.0
1544.9240522042705,55.0,3.0,1.0,11.0,0.0,46.0
1545.2240522042705,55.0,3.0,1.0,11.0,0.0,46.0
1545.2245480720392,55.0,3.0,1.0,11.0,0.0,46.0
1545.5245480720391,55.0,3.0,1.0,11.0,0.0,46.0
1545.5250439398078,55.0,3.0,1.0,9.0,0.0,47.0
1545.8250439398078,55.0,3.0,1.0,9.0,0.0,47.0
1545.8257846805484,55.0,3.0,1.0,9.0,0.0,47.0
1546.1257846805483,55.0,3.0,1.0,9.0,0.0,47.0
1546.126525421289,55.0,3.0,1.0,9.0,0.0,47.0
1546.426525421289,55.0,3.0,1.0,9.0,0.0,47.0
1546.4272661620296,55.0,3.0,1.0,9.0,0.0,47.0
1546.7272661620295,55.0,3.0,1.0,9.0,0.0,47.0
1546.7280069027702,55.0,3.0,1.0,9.0,0.0,47.0
1547.0280069027701,55.0,3.0,1.0,9.0,0.0,47.0
1547.0287476435108,55.0,3.0,1.0,9.0,0.0,47.0
1547.3287476435107,55.0,3.0,1.0,9.0,0.0,47.0
1547.3294883842514,55.0,3.0,1.0,9.0,0.0,47.0
1547.6294883842513,55.0,3.0,1.0,9.0,0.0,47.0
1547.630229124992,55.0,3.0,1.0,7.0,0.0,48.0
1547.930229124992,55.0,3.0,1.0,7.0,0.0,48.0
1547.9313200340828,55.0,3.0,1.0,7.0,0.0,48.0
1548.2313200340827,55.0,3.0,1.0,7.0,0.0,48.0
1548.2324109431736,55.0,3.0,1.0,7.0,0.0,48.0
1548.5324109431735,55.0,3.0,1.0,7.0,0.0,48.0
1548.5335018522644,55.0,3.0,1.0,7.0,0.0,48.0
1548.8335018522644,55.0,3.0,1.0,7.0,0.0,48.0
1548.8345927613552,55.0,3.0,1.0,5.0,0.0,49.0
1549.1345927613552,55.0,3.0,1.0,5.0,0.0,49.0
1549.135683670446,55.0,3.0,1.0,5.0,0.0,49.0
1549.435683670446,55.0,3.0,1.0,5.0,0.0,49.0
1549.4367745795369,55.0,3.0,1.0,5.0,0.0,49.0
1549.7367745795368,55.0,3.0,1.0,5.0,0.0,49.0
1549.7378654886277,55.0,3.0,1.0,5.0,0.0,49.0
1550.0378654886276,55.0,3.0,1.0,5.0,0.0,49.0
1550.0389563977185,55.0,3.0,1.0,5.0,0.0,49.0
1550.3389563977184,55.0,3.0,1.0,5.0,0.0,49.0
1550.3400473068093,55.0,3.0,1.0,5.0,0.0,49.0
1550.6400473068093,55.0,3.0,1.0,5.0,0.0,49.0
1550.6411382159001,55.0,3.0,1.0,5.0,0.0,49.0
1550.9411382159,55.0,3.0,1.0,5.0,0.0,49.0
1550.942229124991,55.0,3.0,1.0,5.0,0.0,49.0
1551.242229124991,55.0,3.0,1.0,5.0,0.0,49.0
1551.2433200340818,55.0,3.0,1.0,5.0,0.0,49.0
1551.5433200340817,55.0,3.0,1.0,5.0,0.0,49.0
1551.5444109431726,55.0,3.0,1.0,5.0,0.0,49.0
1551.8444109431725,55.0,3.0,1.0,5.0,0.0,49.0
1551.8455018522634,56.0,3.0,1.0,5.0,0.0,49.0
1552.1455018522634,56.0,3.0,1.0,5.0,0.0,49.0
1552.1465732808347,56.0,3.0,1.0,5.0,0.0,49.0
1552.4465732808346,56.0,3.0,1.0,5.0,0.0,49.0
1552.447644709406,57.0,3.0,1.0,5.0,0.0,49.0
1552.747644709406,57.0,3.0,1.0,5.0,0.0,49.0
1552.7486973409848,57.0,3.0,1.0,5.0,0.0,49.0
1553.0486973409847,57.0,3.0,1.0,5.0,0.0,49.0
1553.0497499725636,57.0,3.0,1.0,5.0,0.0,49.0
1553.3497499725636,57.0,3.0,1.0,5.0,0.0,49.0
1553.3508026041425,57.0,3.0,1.0,5.0,0.0,49.0
1553.6508026041424,57.0,3.0,1.0,5.0,0.0,49.0
1553.6518552357213,57.0,3.0,1.0,5.0,0.0,49.0
1553.9518552357213,57.0,3.0,1.0,5.0,0.0,49.0
1553.9529078673002,57.0,3.0,1.0,5.0,0.0,49.0
1554.2529078673,57.0,3.0,1.0,5.0,0.0,49.0
1554.253960498879,57.0,3.0,1.0,5.0,0.0,49.0
1554.553960498879,57.0,3.0,1.0,5.0,0.0,49.0
1554.5550131304578,57.0,3.0,1.0,5.0,0.0,49.0
1554.8550131304578,57.0,3.0,1.0,5.0,0.0,49.0
1554.8560657620367,57.0,3.0,1.0,5.0,0.0,49.0
1555.1560657620366,57.0,3.0,1.0,5.0,0.0,49.0
1555.1571183936155,57.0,3.0,1.0,5.0,0.0,49.0
1555.4571183936155,57.0,3.0,1.0,5.0,0.0,49.0
1555.4581710251944,57.0,3.0,1.0,5.0,0.0,49.0
1555.7581710251943,57.0,3.0,1.0,5.0,0.0,49.0
1555.7592236567732,57.0,3.0,1.0,5.0,0.0,49.0
1556.0592236567732,57.0,3.0,1.0,5.0,0.0,49.0
1556.060276288352,57.0,3.0,1.0,5.0,0.0,49.0
1556.360276288352,57.0,3.0,1.0,5.0,0.0,49.0
1556.3613289199309,57.0,3.0,1.0,5.0,0.0,49.0
1556.6613289199308,57.0,3.0,1.0,5.0,0.0,49.0
1556.6623815515097,57.0,3.0,1.0,5.0,0.0,49.0
1556.9623815515097,57.0,3.0,1.0,5.0,0.0,49.0
1556.9634341830886,57.0,3.0,1.0,5.0,0.0,49.0
1557.2634341830885,57.0,3.0,1.0,5.0,0.0,49.0
1557.2644868146674,57.0,3.0,1.0,5.0,0.0,49.0
1557.5644868146674,57.0,3.0,1.0,5.0,0.0,49.0
1557.5655394462462,57.0,3.0,1.0,5.0,0.0,49.0
1557.8655394462462,57.0,3.0,1.0,5.0,0.0,49.0
1557.866592077825,57.0,3.0,1.0,5.0,0.0,49.0
1558.166592077825,57.0,3.0,1.0,5.0,0.0,49.0
1558.167644709404,57.0,3.0,1.0,5.0,0.0,49.0
1558.4676447094039,57.0,3.0,1.0,5.0,0.0,49.0
1558.4686973409828,57.0,3.0,1.0,5.0,0.0,49.0
1558.7686973409827,57.0,3.0,1.0,5.0,0.0,49.0
1558.7697499725616,57.0,3.0,1.0,5.0,0.0,49.0
1559.0697499725616,57.0,3.0,1.0,5.0,0.0,49.0
1559.0708026041405,57.0,3.0,1.0,5.0,0.0,49.0
1559.3708026041404,57.0,3.0,1.0,5.0,0.0,49.0
1559.3718552357193,57.0,3.0,1.0,5.0,0.0,49.0
1559.6718552357192,57.0,3.0,1.0,5.0,0.0,49.0
1559.6729078672981,57.0,3.0,1.0,5.0,0.0,49.0
1559.972907867298,57.0,3.0,1.0,5.0,0.0,49.0
1559.973960498877,57.0,3.0,1.0,5.0,0.0,49.0
1560.273960498877,57.0,3.0,1.0,5.0,0.0,49.0
1560.2750131304558,57.0,3.0,1.0,5.0,0.0,49.0
1560.5750131304558,57.0,3.0,1.0,5.0,0.0,49.0
1560.5760657620347,57.0,3.0,1.0,5.0,0.0,49.0
1560.8760657620346,57.0,3.0,1.0,5.0,0.0,49.0
1560.8771183936135,57.0,3.0,1.0,5.0,0.0,49.0
1561.1771183936135,57.0,3.0,1.0,5.0,0.0,49.0
1561.1781710251923,57.0,3.0,1.0,5.0,0.0,49.0
1561.4781710251923,57.0,3.0,1.0,5.0,0.0,49.0
1561.4792236567712,57.0,3.0,1.0,5.0,0.0,49.0
1561.7792236567711,57.0,3.0,1.0,5.0,0.0,49.0
1561.78027628835,57.0,3.0,1.0,5.0,0.0,49.0
1562.08027628835,57.0,3.0,1.0,5.0,0.0,49.0
1562.0813289199289,57.0,3.0,1.0,5.0,0.0,49.0
1562.3813289199288,57.0,3.0,1.0,5.0,0.0,49.0
1562.3823815515077,57.0,3.0,1.0,5.0,0.0,49.0
1562.6823815515077,57.0,3.0,1.0,5.0,0.0,49.0
1562.6834341830865,57.0,3.0,1.0,5.0,0.0,49.0
1562.9834341830865,57.0,3.0,1.0,5.0,0.0,49.0
1562.9844868146654,57.0,3.0,1.0,5.0,0.0,49.0
1563.2844868146653,57.0,3.0,1.0,5.0,0.0,49.0
1563.2855394462442,57.0,3.0,1.0,5.0,0.0,49.0
1563.5855394462442,57.0,3.0,1.0,5.0,0.0,49.0
1563.586592077823,57.0,3.0,1.0,5.0,0.0,49.0
1563.886592077823,57.0,3.0,1.0,5.0,0.0,49.0
1563.887644709402,57.0,3.0,1.0,5.0,0.0,49.0
1564.1876447094019,57.0,3.0,1.0,5.0,0.0,49.0
1564.1886973409808,57.0,3.0,1.0,5.0,0.0,49.0
1564.4886973409807,57.0,3.0,1.0,5.0,0.0,49.0
1564.4897499725596,57.0,3.0,1.0,5.0,0.0,49.0
1564.7897499725595,57.0,3.0,1.0,5.0,0.0,49.0
1564.7908026041384,57.0,3.0,1.0,5.0,0.0,49.0
1565.0908026041384,57.0,3.0,1.0,5.0,0.0,49.0
1565.0918552357173,57.0,3.0,1.0,5.0,0.0,49.0
1565.3918552357172,57.0,3.0,1.0,5.0,0.0,49.0
1565.3929078672961,57.0,3.0,1.0,5.0,0.0,49.0
1565.692907867296,57.0,3.0,1.0,5.0,0.0,49.0
1565.693960498875,57.0,3.0,1.0,5.0,0.0,49.0
1565.993960498875,57.0,3.0,1.0,5.0,0.0,49.0
1565.9950131304538,57.0,3.0,1.0,5.0,0.0,49.0
1566.2950131304538,57.0,3.0,1.0,5.0,0.0,49.0
1566.2960657620326,57.0,3.0,1.0,5.0,0.0,49.0
1566.5960657620326,57.0,3.0,1.0,5.0,0.0,49.0
1566.5971183936115,57.0,3.0,1.0,5.0,0.0,49.0
1566.8971183936114,57.0,3.0,1.0,5.0,0.0,49.0
1566.8981710251903,57.0,3.0,1.0,5.0,0.0,49.0
1567.1981710251903,57.0,3.0,1.0,5.0,0.0,49.0
1567.1992236567692,57.0,3.0,1.0,5.0,0.0,49.0
1567.4992236567691,57.0,3.0,1.0,5.0,0.0,49.0
1567.500276288348,57.0,3.0,1.0,5.0,0.0,49.0
1567.800276288348,57.0,3.0,1.0,5.0,0.0,49.0
1567.8013289199268,57.0,3.0,1.0,5.0,0.0,49.0
1568.1013289199268,57.0,3.0,1.0,5.0,0.0,49.0
1568.1023815515057,57.0,3.0,1.0,5.0,0.0,49.0
1568.4023815515056,57.0,3.0,1.0,5.0,0.0,49.0
1568.4034341830845,57.0,3.0,1.0,5.0,0.0,49.0
1568.7034341830845,57.0,3.0,1.0,5.0,0.0,49.0
1568.7044868146634,57.0,3.0,1.0,5.0,0.0,49.0
1569.0044868146633,57.0,3.0,1.0,5.0,0.0,49.0
1569.0055394462422,57.0,3.0,1.0,5.0,0.0,49.0
1569.3055394462422,57.0,3.0,1.0,5.0,0.0,49.0
1569.306592077821,57.0,3.0,1.0,5.0,0.0,49.0
1569.606592077821,57.0,3.0,1.0,5.0,0.0,49.0
1569.6076447094,57.0,3.0,1.0,5.0,0.0,49.0
1569.9076447093998,57.0,3.0,1.0,5.0,0.0,49.0
1569.9086973409787,57.0,3.0,1.0,5.0,0.0,49.0
1570.2086973409787,57.0,3.0,1.0,5.0,0.0,49.0
1570.2097499725576,57.0,3.0,1.0,5.0,0.0,49.0
1570.5097499725575,57.0,3.0,1.0,5.0,0.0,49.0
1570.5108026041364,57.0,3.0,1.0,5.0,0.0,49.0
1570.8108026041364,57.0,3.0,1.0,5.0,0.0,49.0
1570.8118552357153,57.0,3.0,1.0,5.0,0.0,49.0
1571.1118552357152,57.0,3.0,1.0,5.0,0.0,49.0
1571.112907867294,57.0,3.0,1.0,5.0,0.0,49.0
1571.412907867294,57.0,3.0,1.0,5.0,0.0,49.0
1571.413960498873,57.0,3.0,1.0,5.0,0.0,49.0
1571.713960498873,57.0,3.0,1.0,5.0,0.0,49.0
1571.7150131304518,57.0,3.0,1.0,5.0,0.0,49.0
1572.0150131304517,57.0,3.0,1.0,5.0,0.0,49.0
1572.0160657620306,57.0,3.0,1.0,5.0,0.0,49.0
1572.3160657620306,57.0,3.0,1.0,5.0,0.0,49.0
1572.3171183936095,57.0,3.0,1.0,5.0,0.0,49.0
1572.6171183936094,57.0,3.0,1.0,5.0,0.0,49.0
1572.6181710251883,57.0,3.0,1.0,5.0,0.0,49.0
1572.9181710251883,57.0,3.0,1.0,5.0,0.0,49.0
1572.9192236567671,57.0,3.0,1.0,5.0,0.0,49.0
1573.219223656767,57.0,3.0,1.0,5.0,0.0,49.0
1573.220276288346,57.0,3.0,1.0,5.0,0.0,49.0
1573.520276288346,57.0,3.0,1.0,5.0,0.0,49.0
1573.5213289199248,57.0,3.0,1.0,5.0,0.0,49.0
1573.8213289199248,57.0,3.0,1.0,5.0,0.0,49.0
1573.8223815515037,57.0,3.0,1.0,5.0,0.0,49.0
1574.1223815515036,57.0,3.0,1.0,5.0,0.0,49.0
1574.1234341830825,57.0,3.0,1.0,5.0,0.0,49.0
1574.4234341830825,57.0,3.0,1.0,5.0,0.0,49.0
1574.4244868146613,57.0,3.0,1.0,5.0,0.0,49.0
1574.7244868146613,57.0,3.0,1.0,5.0,0.0,49.0
1574.7255394462402,57.0,3.0,1.0,5.0,0.0,49.0
1575.0255394462401,57.0,3.0,1.0,5.0,0.0,49.0
1575.026592077819,57.0,3.0,1.0,5.0,0.0,49.0
1575.326592077819,57.0,3.0,1.0,5.0,0.0,49.0
1575.3276447093979,57.0,3.0,1.0,5.0,0.0,49.0
1575.6276447093978,57.0,3.0,1.0,5.0,0.0,49.0
1575.6286973409767,57.0,3.0,1.0,5.0,0.0,49.0
1575.9286973409767,57.0,3.0,1.0,5.0,0.0,49.0
1575.9297499725556,57.0,3.0,1.0,5.0,0.0,49.0
1576.2297499725555,57.0,3.0,1.0,5.0,0.0,49.0
1576.2308026041344,57.0,3.0,1.0,5.0,0.0,49.0
1576.5308026041344,57.0,3.0,1.0,5.0,0.0,49.0
1576.5318552357132,57.0,3.0,1.0,5.0,0.0,49.0
1576.8318552357132,57.0,3.0,1.0,5.0,0.0,49.0
1576.832907867292,57.0,3.0,1.0,5.0,0.0,49.0
1577.132907867292,57.0,3.0,1.0,5.0,0.0,49.0
1577.133960498871,57.0,3.0,1.0,5.0,0.0,49.0
1577.4339604988709,57.0,3.0,1.0,5.0,0.0,49.0
1577.4350131304498,57.0,3.0,1.0,5.0,0.0,49.0
1577.7350131304497,57.0,3.0,1.0,5.0,0.0,49.0
1577.7360657620286,57.0,3.0,1.0,5.0,0.0,49.0
1578.0360657620286,57.0,3.0,1.0,5.0,0.0,49.0
1578.0371183936074,57.0,3.0,1.0,5.0,0.0,49.0
1578.3371183936074,57.0,3.0,1.0,5.0,0.0,49.0
1578.3381710251863,57.0,3.0,1.0,5.0,0.0,49.0
1578.6381710251862,57.0,3.0,1.0,5.0,0.0,49.0
1578.6392236567651,57.0,3.0,1.0,5.0,0.0,49.0
1578.939223656765,57.0,3.0,1.0,5.0,0.0,49.0
1578.940276288344,57.0,3.0,1.0,5.0,0.0,49.0
1579.240276288344,57.0,3.0,1.0,5.0,0.0,49.0
1579.2413289199228,57.0,3.0,1.0,5.0,0.0,49.0
1579.5413289199228,57.0,3.0,1.0,5.0,0.0,49.0
1579.5423815515016,57.0,3.0,1.0,5.0,0.0,49.0
1579.8423815515016,57.0,3.0,1.0,5.0,0.0,49.0
1579.8434341830805,57.0,3.0,1.0,5.0,0.0,49.0
1580.1434341830804,57.0,3.0,1.0,5.0,0.0,49.0
1580.1444868146593,57.0,3.0,1.0,5.0,0.0,49.0
1580.4444868146593,57.0,3.0,1.0,5.0,0.0,49.0
1580.4455394462382,57.0,3.0,1.0,5.0,0.0,49.0
1580.7455394462381,57.0,3.0,1.0,5.0,0.0,49.0
1580.746592077817,57.0,3.0,1.0,5.0,0.0,49.0
1581.046592077817,57.0,3.0,1.0,5.0,0.0,49.0
1581.0476447093959,57.0,3.0,1.0,5.0,0.0,49.0
1581.3476447093958,57.0,3.0,1.0,5.0,0.0,49.0
1581.3486973409747,57.0,3.0,1.0,5.0,0.0,49.0
1581.6486973409746,57.0,3.0,1.0,5.0,0.0,49.0
1581.6497499725535,57.0,3.0,1.0,5.0,0.0,49.0
1581.9497499725535,57.0,3.0,1.0,5.0,0.0,49.0
1581.9508026041324,57.0,3.0,1.0,5.0,0.0,49.0
1582.2508026041323,57.0,3.0,1.0,5.0,0.0,49.0
1582.2518552357112,57.0,3.0,1.0,5.0,0.0,49.0
1582.5518552357112,57.0,3.0,1.0,5.0,0.0,49.0
1582.55290786729,57.0,3.0,1.0,5.0,0.0,49.0
1582.85290786729,57.0,3.0,1.0,5.0,0.0,49.0
1582.853960498869,57.0,3.0,1.0,5.0,0.0,49.0
1583.1539604988689,57.0,3.0,1.0,5.0,0.0,49.0
1583.1550131304477,57.0,3.0,1.0,5.0,0.0,49.0
1583.4550131304477,57.0,3.0,1.0,5.0,0.0,49.0
1583.4560657620266,57.0,3.0,1.0,5.0,0.0,49.0
1583.7560657620265,57.0,3.0,1.0,5.0,0.0,49.0
1583.7571183936054,57.0,3.0,1.0,5.0,0.0,49.0
1584.0571183936054,57.0,3.0,1.0,5.0,0.0,49.0
1584.0581710251843,57.0,3.0,1.0,5.0,0.0,49.0
1584.3581710251842,57.0,3.0,1.0,5.0,0.0,49.0
1584.359223656763,57.0,3.0,1.0,5.0,0.0,49.0
1584.659223656763,57.0,3.0,1.0,5.0,0.0,49.0
1584.660276288342,57.0,3.0,1.0,5.0,0.0,49.0
1584.960276288342,57.0,3.0,1.0,5.0,0.0,49.0
1584.9613289199208,57.0,3.0,1.0,5.0,0.0,49.0
1585.2613289199207,57.0,3.0,1.0,5.0,0.0,49.0
1585.2623815514996,57.0,3.0,1.0,5.0,0.0,49.0
1585.5623815514996,57.0,3.0,1.0,5.0,0.0,49.0
1585.5634341830785,57.0,3.0,1.0,5.0,0.0,49.0
1585.8634341830784,57.0,3.0,1.0,5.0,0.0,49.0
1585.8644868146573,57.0,3.0,1.0,3.0,0.0,50.0
1586.1644868146573,57.0,3.0,1.0,3.0,0.0,50.0
1586.1655394462362,57.0,3.0,1.0,3.0,0.0,50.0
1586.465539446236,57.0,3.0,1.0,3.0,0.0,50.0
1586.466592077815,57.0,3.0,1.0,3.0,0.0,50.0
1586.766592077815,57.0,3.0,1.0,3.0,0.0,50.0
1586.7676447093938,57.0,3.0,1.0,3.0,0.0,50.0
1587.0676447093938,57.0,3.0,1.0,3.0,0.0,50.0
1587.0686973409727,57.0,3.0,1.0,3.0,0.0,50.0
1587.3686973409726,57.0,3.0,1.0,3.0,0.0,50.0
1587.3697499725515,57.0,3.0,1.0,3.0,0.0,50.0
1587.6697499725515,57.0,3.0,1.0,3.0,0.0,50.0
1587.6708026041304,57.0,3.0,1.0,3.0,0.0,50.0
1587.9708026041303,57.0,3.0,1.0,3.0,0.0,50.0
1587.9718552357092,57.0,3.0,1.0,3.0,0.0,50.0
1588.2718552357092,57.0,3.0,1.0,3.0,0.0,50.0
1588.272907867288,57.0,3.0,1.0,3.0,0.0,50.0
1588.572907867288,57.0,3.0,1.0,3.0,0.0,50.0
1588.5739604988669,57.0,3.0,1.0,3.0,0.0,50.0
1588.8739604988668,57.0,3.0,1.0,3.0,0.0,50.0
1588.8750131304457,57.0,3.0,1.0,3.0,0.0,50.0
1589.1750131304457,57.0,3.0,1.0,3.0,0.0,50.0
1589.1760657620246,57.0,3.0,1.0,3.0,0.0,50.0
1589.4760657620245,57.0,3.0,1.0,3.0,0.0,50.0
1589.4771183936034,57.0,3.0,1.0,3.0,0.0,50.0
1589.7771183936034,57.0,3.0,1.0,3.0,0.0,50.0
1589.7781710251822,57.0,3.0,1.0,3.0,0.0,50.0
1590.0781710251822,57.0,3.0,1.0,3.0,0.0,50.0
1590.079223656761,57.0,3.0,1.0,3.0,0.0,50.0
1590.379223656761,57.0,3.0,1.0,3.0,0.0,50.0
1590.38027628834,57.0,3.0,1.0,3.0,0.0,50.0
1590.6802762883399,57.0,3.0,1.0,3.0,0.0,50.0
1590.6813289199188,57.0,3.0,1.0,3.0,0.0,50.0
1590.9813289199187,57.0,3.0,1.0,3.0,0.0,50.0
1590.9823815514976,57.0,3.0,1.0,3.0,0.0,50.0
1591.2823815514976,57.0,3.0,1.0,3.0,0.0,50.0
1591.2834341830765,57.0,3.0,1.0,3.0,0.0,50.0
1591.5834341830764,57.0,3.0,1.0,3.0,0.0,50.0
1591.5844868146553,57.0,3.0,1.0,3.0,0.0,50.0
1591.8844868146552,57.0,3.0,1.0,3.0,0.0,50.0
1591.8855394462341,57.0,3.0,1.0,3.0,0.0,50.0
1592.185539446234,57.0,3.0,1.0,3.0,0.0,50.0
1592.186592077813,57.0,3.0,1.0,3.0,0.0,50.0
1592.486592077813,57.0,3.0,1.0,3.0,0.0,50.0
1592.4876447093918,57.0,3.0,1.0,3.0,0.0,50.0
1592.7876447093918,57.0,3.0,1.0,3.0,0.0,50.0
1592.7886973409707,57.0,3.0,1.0,3.0,0.0,50.0
1593.0886973409706,57.0,3.0,1.0,3.0,0.0,50.0
1593.0897499725495,57.0,3.0,1.0,3.0,0.0,50.0
1593.3897499725495,57.0,3.0,1.0,3.0,0.0,50.0
1593.3908026041283,57.0,3.0,1.0,3.0,0.0,50.0
1593.6908026041283,57.0,3.0,1.0,3.0,0.0,50.0
1593.6918552357072,57.0,3.0,1.0,3.0,0.0,50.0
1593.9918552357071,57.0,3.0,1.0,3.0,0.0,50.0
1593.992907867286,57.0,3.0,1.0,3.0,0.0,50.0
1594.292907867286,57.0,3.0,1.0,3.0,0.0,50.0
1594.2939604988649,57.0,3.0,1.0,3.0,0.0,50.0
1594.5939604988648,57.0,3.0,1.0,3.0,0.0,50.0
1594.5950131304437,57.0,3.0,1.0,3.0,0.0,50.0
1594.8950131304437,57.0,3.0,1.0,3.0,0.0,50.0
1594.8960657620225,57.0,3.0,1.0,3.0,0.0,50.0
1595.1960657620225,57.0,3.0,1.0,3.0,0.0,50.0
1595.1971183936014,57.0,3.0,1.0,3.0,0.0,50.0
1595.4971183936013,57.0,3.0,1.0,3.0,0.0,50.0
1595.4981710251802,57.0,3.0,1.0,3.0,0.0,50.0
1595.7981710251802,57.0,3.0,1.0,3.0,0.0,50.0
1595.799223656759,57.0,3.0,1.0,3.0,0.0,50.0
1596.099223656759,57.0,3.0,1.0,3.0,0.0,50.0
1596.100276288338,57.0,3.0,1.0,3.0,0.0,50.0
1596.4002762883379,57.0,3.0,1.0,3.0,0.0,50.0
1596.4013289199168,57.0,3.0,1.0,3.0,0.0,50.0
1596.7013289199167,57.0,3.0,1.0,3.0,0.0,50.0
1596.7023815514956,57.0,3.0,1.0,3.0,0.0,50.0
1597.0023815514955,57.0,3.0,1.0,3.0,0.0,50.0
1597.0034341830744,57.0,3.0,1.0,3.0,0.0,50.0
1597.3034341830744,57.0,3.0,1.0,3.0,0.0,50.0
1597.3044868146533,57.0,3.0,1.0,3.0,0.0,50.0
1597.6044868146532,57.0,3.0,1.0,3.0,0.0,50.0
1597.6055394462321,57.0,3.0,1.0,3.0,0.0,50.0
1597.905539446232,57.0,3.0,1.0,3.0,0.0,50.0
1597.906592077811,57.0,3.0,1.0,3.0,0.0,50.0
1598.206592077811,57.0,3.0,1.0,3.0,0.0,50.0
1598.2076447093898,58.0,3.0,1.0,3.0,0.0,50.0
1598.5076447093898,58.0,3.0,1.0,3.0,0.0,50.0
1598.5086791921483,58.0,3.0,1.0,3.0,0.0,50.0
1598.8086791921482,58.0,3.0,1.0,3.0,0.0,50.0
1598.8097136749068,58.0,3.0,1.0,3.0,0.0,50.0
1599.1097136749067,58.0,3.0,1.0,3.0,0.0,50.0
1599.1107481576653,58.0,3.0,1.0,3.0,0.0,50.0
1599.4107481576652,58.0,3.0,1.0,3.0,0.0,50.0
1599.4117826404238,58.0,3.0,1.0,3.0,0.0,50.0
1599.7117826404237,58.0,3.0,1.0,3.0,0.0,50.0
1599.7128171231823,58.0,3.0,1.0,3.0,0.0,50.0
1600.0128171231822,58.0,3.0,1.0,3.0,0.0,50.0
1600.0138516059408,58.0,3.0,1.0,3.0,0.0,50.0
1600.3138516059407,58.0,3.0,1.0,3.0,0.0,50.0
1600.3148860886993,58.0,3.0,1.0,3.0,0.0,50.0
1600.6148860886992,58.0,3.0,1.0,3.0,0.0,50.0
1600.6159205714578,58.0,3.0,1.0,3.0,0.0,50.0
1600.9159205714577,58.0,3.0,1.0,3.0,0.0,50.0
1600.9169550542163,58.0,3.0,1.0,3.0,0.0,50.0
1601.2169550542162,58.0,3.0,1.0,3.0,0.0,50.0
1601.2179895369748,58.0,3.0,1.0,3.0,0.0,50.0
1601.5179895369747,58.0,3.0,1.0,3.0,0.0,50.0
1601.5190240197333,58.0,3.0,1.0,3.0,0.0,50.0
1601.8190240197332,58.0,3.0,1.0,3.0,0.0,50.0
1601.8200585024917,58.0,3.0,1.0,3.0,0.0,50.0
1602.1200585024917,58.0,3.0,1.0,3.0,0.0,50.0
1602.1210929852502,59.0,3.0,1.0,3.0,0.0,50.0
1602.4210929852502,59.0,3.0,1.0,3.0,0.0,50.0
1602.4221099344027,59.0,3.0,1.0,3.0,0.0,50.0
1602.7221099344026,59.0,3.0,1.0,3.0,0.0,50.0
1602.723126883555,59.0,3.0,1.0,3.0,0.0,50.0
1603.023126883555,59.0,3.0,1.0,3.0,0.0,50.0
1603.0241438327075,60.0,3.0,1.0,3.0,0.0,50.0
1603.3241438327075,60.0,3.0,1.0,3.0,0.0,50.0
1603.3251438327075,60.0,3.0,1.0,3.0,0.0,50.0
1603.6251438327074,60.0,3.0,1.0,3.0,0.0,50.0
1603.6261438327074,60.0,3.0,1.0,3.0,0.0,50.0
1603.9261438327073,60.0,3.0,1.0,3.0,0.0,50.0
1603.9271438327073,60.0,3.0,1.0,3.0,0.0,50.0
1604.2271438327073,60.0,3.0,1.0,3.0,0.0,50.0
1604.2281438327072,60.0,3.0,1.0,3.0,0.0,50.0
1604.5281438327072,60.0,3.0,1.0,3.0,0.0,50.0
1604.5291438327072,60.0,3.0,1.0,3.0,0.0,50.0
1604.8291438327071,60.0,3.0,1.0,3.0,0.0,50.0
1604.830143832707,60.0,3.0,1.0,3.0,0.0,50.0
1605.130143832707,60.0,3.0,1.0,3.0,0.0,50.0
1605.131143832707,60.0,3.0,1.0,3.0,0.0,50.0
1605.431143832707,60.0,3.0,1.0,3.0,0.0,50.0
1605.432143832707,60.0,3.0,1.0,3.0,0.0,50.0
1605.732143832707,60.0,3.0,1.0,3.0,0.0,50.0
1605.733143832707,60.0,3.0,1.0,3.0,0.0,50.0
1606.0331438327069,60.0,3.0,1.0,3.0,0.0,50.0
1606.0341438327068,60.0,3.0,1.0,3.0,0.0,50.0
1606.3341438327068,60.0,3.0,1.0,3.0,0.0,50.0
1606.3351438327068,60.0,3.0,1.0,3.0,0.0,50.0
1606.6351438327067,60.0,3.0,1.0,3.0,0.0,50.0
1606.6361438327067,60.0,3.0,1.0,3.0,0.0,50.0
1606.9361438327066,60.0,3.0,1.0,3.0,0.0,50.0
1606.9371438327066,60.0,3.0,1.0,3.0,0.0,50.0
1607.2371438327066,60.0,3.0,1.0,3.0,0.0,50.0
1607.2381438327066,60.0,3.0,1.0,3.0,0.0,50.0
1607.5381438327065,60.0,3.0,1.0,3.0,0.0,50.0
1607.5391438327065,60.0,3.0,1.0,3.0,0.0,50.0
1607.8391438327064,60.0,3.0,1.0,3.0,0.0,50.0
1607.8401438327064,60.0,3.0,1.0,3.0,0.0,50.0
1608.1401438327064,60.0,3.0,1.0,3.0,0.0,50.0
1608.1411438327063,60.0,3.0,1.0,3.0,0.0,50.0
1608.4411438327063,60.0,3.0,1.0,3.0,0.0,50.0
1608.4421438327063,60.0,3.0,1.0,3.0,0.0,50.0
1608.7421438327062,60.0,3.0,1.0,3.0,0.0,50.0
1608.7431438327062,60.0,3.0,1.0,3.0,0.0,50.0
1609.0431438327062,60.0,3.0,1.0,3.0,0.0,50.0
1609.0441438327061,60.0,3.0,1.0,3.0,0.0,50.0
1609.344143832706,60.0,3.0,1.0,3.0,0.0,50.0
1609.345143832706,60.0,3.0,1.0,3.0,0.0,50.0
1609.645143832706,60.0,3.0,1.0,3.0,0.0,50.0
1609.646143832706,60.0,3.0,1.0,3.0,0.0,50.0
1609.946143832706,60.0,3.0,1.0,3.0,0.0,50.0
1609.947143832706,60.0,3.0,1.0,3.0,0.0,50.0
1610.247143832706,60.0,3.0,1.0,3.0,0.0,50.0
1610.2481438327059,60.0,3.0,1.0,3.0,0.0,50.0
1610.5481438327058,60.0,3.0,1.0,3.0,0.0,50.0
1610.5491438327058,60.0,3.0,1.0,3.0,0.0,50.0
1610.8491438327057,60.0,3.0,1.0,3.0,0.0,50.0
1610.8501438327057,60.0,3.0,1.0,3.0,0.0,50.0
1611.1501438327057,60.0,3.0,1.0,3.0,0.0,50.0
1611.1511438327057,60.0,3.0,1.0,3.0,0.0,50.0
1611.4511438327056,60.0,3.0,1.0,3.0,0.0,50.0
1611.4521438327056,60.0,3.0,1.0,3.0,0.0,50.0
1611.7521438327055,60.0,3.0,1.0,3.0,0.0,50.0
1611.7531438327055,60.0,3.0,1.0,3.0,0.0,50.0
1612.0531438327055,60.0,3.0,1.0,3.0,0.0,50.0
1612.0541438327054,60.0,3.0,1.0,3.0,0.0,50.0
1612.3541438327054,60.0,3.0,1.0,3.0,0.0,50.0
1612.3551438327054,60.0,3.0,1.0,3.0,0.0,50.0
1612.6551438327053,60.0,3.0,1.0,3.0,0.0,50.0
1612.6561438327053,60.0,3.0,1.0,3.0,0.0,50.0
1612.9561438327053,60.0,3.0,1.0,3.0,0.0,50.0
1612.9571438327052,60.0,3.0,1.0,3.0,0.0,50.0
1613.2571438327052,60.0,3.0,1.0,3.0,0.0,50.0
1613.2581438327052,60.0,3.0,1.0,3.0,0.0,50.0
1613.5581438327051,60.0,3.0,1.0,3.0,0.0,50.0
1613.559143832705,60.0,3.0,1.0,3.0,0.0,50.0
1613.859143832705,60.0,3.0,1.0,3.0,0.0,50.0
1613.860143832705,60.0,3.0,1.0,3.0,0.0,50.0
1614.160143832705,60.0,3.0,1.0,3.0,0.0,50.0
1614.161143832705,61.0,3.0,1.0,3.0,0.0,50.0
1614.461143832705,61.0,3.0,1.0,3.0,0.0,50.0
1614.4621274392623,61.0,3.0,1.0,3.0,0.0,50.0
1614.7621274392623,61.0,3.0,1.0,3.0,0.0,50.0
1614.7631110458196,61.0,3.0,1.0,3.0,0.0,50.0
1615.0631110458196,61.0,3.0,1.0,3.0,0.0,50.0
1615.064094652377,61.0,3.0,1.0,3.0,0.0,50.0
1615.364094652377,61.0,3.0,1.0,3.0,0.0,50.0
1615.3650782589343,61.0,3.0,1.0,3.0,0.0,50.0
1615.6650782589343,61.0,3.0,1.0,3.0,0.0,50.0
1615.6660618654917,61.0,3.0,1.0,3.0,0.0,50.0
1615.9660618654916,61.0,3.0,1.0,3.0,0.0,50.0
1615.967045472049,61.0,3.0,1.0,3.0,0.0,50.0
1616.267045472049,61.0,3.0,1.0,3.0,0.0,50.0
1616.2680290786063,61.0,3.0,1.0,3.0,0.0,50.0
1616.5680290786063,61.0,3.0,1.0,3.0,0.0,50.0
1616.5690126851637,61.0,3.0,1.0,3.0,0.0,50.0
1616.8690126851636,61.0,3.0,1.0,3.0,0.0,50.0
1616.869996291721,61.0,3.0,1.0,3.0,0.0,50.0
1617.169996291721,61.0,3.0,1.0,3.0,0.0,50.0
1617.1709798982783,61.0,3.0,1.0,3.0,0.0,50.0
1617.4709798982783,61.0,3.0,1.0,3.0,0.0,50.0
1617.4719635048357,61.0,3.0,1.0,3.0,0.0,50.0
1617.7719635048356,61.0,3.0,1.0,3.0,0.0,50.0
1617.772947111393,61.0,3.0,1.0,3.0,0.0,50.0
1618.072947111393,61.0,3.0,1.0,3.0,0.0,50.0
1618.0739307179504,61.0,3.0,1.0,3.0,0.0,50.0
1618.3739307179503,61.0,3.0,1.0,3.0,0.0,50.0
1618.3749143245077,61.0,3.0,1.0,3.0,0.0,50.0
1618.6749143245077,61.0,3.0,1.0,3.0,0.0,50.0
1618.675897931065,61.0,3.0,1.0,3.0,0.0,50.0
1618.975897931065,61.0,3.0,1.0,3.0,0.0,50.0
1618.9768815376224,61.0,3.0,1.0,3.0,0.0,50.0
1619.2768815376223,61.0,3.0,1.0,3.0,0.0,50.0
1619.2778651441797,61.0,3.0,1.0,3.0,0.0,50.0
1619.5778651441797,61.0,3.0,1.0,3.0,0.0,50.0
1619.578848750737,61.0,3.0,1.0,3.0,0.0,50.0
1619.878848750737,61.0,3.0,1.0,3.0,0.0,50.0
1619.8798323572944,61.0,3.0,1.0,3.0,0.0,50.0
1620.1798323572943,61.0,3.0,1.0,3.0,0.0,50.0
1620.1808159638517,61.0,3.0,1.0,3.0,0.0,50.0
1620.4808159638517,61.0,3.0,1.0,3.0,0.0,50.0
1620.481799570409,61.0,3.0,1.0,3.0,0.0,50.0
1620.781799570409,61.0,3.0,1.0,3.0,0.0,50.0
1620.7827831769664,61.0,3.0,1.0,3.0,0.0,50.0
1621.0827831769664,61.0,3.0,1.0,3.0,0.0,50.0
1621.0837667835237,61.0,3.0,1.0,3.0,0.0,50.0
1621.3837667835237,61.0,3.0,1.0,3.0,0.0,50.0
1621.384750390081,61.0,3.0,1.0,3.0,0.0,50.0
1621.684750390081,61.0,3.0,1.0,3.0,0.0,50.0
1621.6857339966384,61.0,3.0,1.0,3.0,0.0,50.0
1621.9857339966384,61.0,3.0,1.0,3.0,0.0,50.0
1621.9867176031958,61.0,3.0,1.0,3.0,0.0,50.0
1622.2867176031957,61.0,3.0,1.0,3.0,0.0,50.0
1622.287701209753,61.0,3.0,1.0,3.0,0.0,50.0
1622.587701209753,61.0,3.0,1.0,3.0,0.0,50.0
1622.5886848163104,61.0,3.0,1.0,3.0,0.0,50.0
1622.8886848163104,61.0,3.0,1.0,3.0,0.0,50.0
1622.8896684228678,61.0,3.0,1.0,3.0,0.0,50.0
1623.1896684228677,61.0,3.0,1.0,3.0,0.0,50.0
1623.190652029425,62.0,3.0,1.0,3.0,0.0,50.0
1623.490652029425,62.0,3.0,1.0,3.0,0.0,50.0
1623.4916197713605,62.0,3.0,1.0,3.0,0.0,50.0
1623.7916197713605,62.0,3.0,1.0,3.0,0.0,50.0
1623.792587513296,62.0,3.0,1.0,3.0,0.0,50.0
1624.092587513296,62.0,3.0,1.0,3.0,0.0,50.0
1624.0935552552314,62.0,3.0,1.0,3.0,0.0,50.0
1624.3935552552314,62.0,3.0,1.0,3.0,0.0,50.0
1624.3945229971669,62.0,3.0,1.0,3.0,0.0,50.0
1624.6945229971668,62.0,3.0,1.0,3.0,0.0,50.0
1624.6954907391023,62.0,3.0,1.0,3.0,0.0,50.0
1624.9954907391023,62.0,3.0,1.0,3.0,0.0,50.0
1624.9964584810377,62.0,3.0,1.0,3.0,0.0,50.0
1625.2964584810377,62.0,3.0,1.0,3.0,0.0,50.0
1625.2974262229732,62.0,3.0,1.0,3.0,0.0,50.0
1625.5974262229731,62.0,3.0,1.0,3.0,0.0,50.0
1625.5983939649086,62.0,3.0,1.0,3.0,0.0,50.0
1625.8983939649086,62.0,3.0,1.0,3.0,0.0,50.0
1625.899361706844,62.0,3.0,1.0,3.0,0.0,50.0
1626.199361706844,62.0,3.0,1.0,3.0,0.0,50.0
1626.2003294487795,62.0,3.0,1.0,3.0,0.0,50.0
1626.5003294487794,62.0,3.0,1.0,3.0,0.0,50.0
1626.501297190715,62.0,3.0,1.0,3.0,0.0,50.0
1626.8012971907149,62.0,3.0,1.0,3.0,0.0,50.0
1626.8022649326504,62.0,3.0,1.0,3.0,0.0,50.0
1627.1022649326503,62.0,3.0,1.0,3.0,0.0,50.0
1627.1032326745858,62.0,3.0,1.0,3.0,0.0,50.0
1627.4032326745858,62.0,3.0,1.0,3.0,0.0,50.0
1627.4042004165212,62.0,3.0,1.0,3.0,0.0,50.0
1627.7042004165212,62.0,3.0,1.0,3.0,0.0,50.0
1627.7051681584567,62.0,3.0,1.0,3.0,0.0,50.0
1628.0051681584566,62.0,3.0,1.0,3.0,0.0,50.0
1628.006135900392,62.0,3.0,1.0,3.0,0.0,50.0
1628.306135900392,62.0,3.0,1.0,3.0,0.0,50.0
1628.3071036423275,62.0,3.0,1.0,3.0,0.0,50.0
1628.6071036423275,62.0,3.0,1.0,3.0,0.0,50.0
1628.608071384263,62.0,3.0,1.0,3.0,0.0,50.0
1628.908071384263,62.0,3.0,1.0,3.0,0.0,50.0
1628.9090391261984,62.0,3.0,1.0,3.0,0.0,50.0
1629.2090391261984,62.0,3.0,1.0,3.0,0.0,50.0
1629.2100068681339,62.0,3.0,1.0,3.0,0.0,50.0
1629.5100068681338,62.0,3.0,1.0,3.0,0.0,50.0
1629.5109746100693,62.0,3.0,1.0,3.0,0.0,50.0
1629.8109746100693,62.0,3.0,1.0,3.0,0.0,50.0
1629.8119423520047,62.0,3.0,1.0,3.0,0.0,50.0
1630.1119423520047,62.0,3.0,1.0,3.0,0.0,50.0
1630.1129100939402,62.0,3.0,1.0,3.0,0.0,50.0
1630.4129100939401,62.0,3.0,1.0,3.0,0.0,50.0
1630.4138778358756,62.0,3.0,1.0,3.0,0.0,50.0
1630.7138778358756,62.0,3.0,1.0,3.0,0.0,50.0
1630.714845577811,62.0,3.0,1.0,3.0,0.0,50.0
1631.014845577811,62.0,3.0,1.0,3.0,0.0,50.0
1631.0158133197465,62.0,3.0,1.0,3.0,0.0,50.0
1631.3158133197464,62.0,3.0,1.0,3.0,0.0,50.0
1631.316781061682,62.0,3.0,1.0,3.0,0.0,50.0
1631.6167810616819,62.0,3.0,1.0,3.0,0.0,50.0
1631.6177488036174,62.0,3.0,1.0,3.0,0.0,50.0
1631.9177488036173,62.0,3.0,1.0,3.0,0.0,50.0
1631.9187165455528,62.0,3.0,1.0,3.0,0.0,50.0
1632.2187165455528,62.0,3.0,1.0,3.0,0.0,50.0
1632.2196842874882,62.0,3.0,1.0,3.0,0.0,50.0
1632.5196842874882,62.0,3.0,1.0,3.0,0.0,50.0
1632.5206520294237,62.0,3.0,1.0,3.0,0.0,50.0
1632.8206520294236,62.0,3.0,1.0,3.0,0.0,50.0
1632.821619771359,62.0,3.0,1.0,3.0,0.0,50.0
1633.121619771359,62.0,3.0,1.0,3.0,0.0,50.0
1633.1225875132945,62.0,3.0,1.0,3.0,0.0,50.0
1633.4225875132945,62.0,3.0,1.0,3.0,0.0,50.0
1633.42355525523,62.0,3.0,1.0,3.0,0.0,50.0
1633.72355525523,62.0,3.0,1.0,3.0,0.0,50.0
1633.7245229971654,62.0,3.0,1.0,3.0,0.0,50.0
1634.0245229971654,62.0,3.0,1.0,3.0,0.0,50.0
1634.0254907391009,62.0,3.0,1.0,3.0,0.0,50.0
1634.3254907391008,62.0,3.0,1.0,3.0,0.0,50.0
1634.3264584810363,62.0,3.0,1.0,3.0,0.0,50.0
1634.6264584810363,62.0,3.0,1.0,3.0,0.0,50.0
1634.6274262229717,62.0,3.0,1.0,3.0,0.0,50.0
1634.9274262229717,62.0,3.0,1.0,3.0,0.0,50.0
1634.9283939649072,62.0,3.0,1.0,3.0,0.0,50.0
1635.2283939649071,62.0,3.0,1.0,3.0,0.0,50.0
1635.2293617068426,62.0,3.0,1.0,3.0,0.0,50.0
1635.5293617068426,62.0,3.0,1.0,3.0,0.0,50.0
1635.530329448778,62.0,3.0,1.0,3.0,0.0,50.0
1635.830329448778,62.0,3.0,1.0,3.0,0.0,50.0
1635.8312971907135,62.0,3.0,1.0,3.0,0.0,50.0
1636.1312971907134,62.0,3.0,1.0,3.0,0.0,50.0
1636.132264932649,62.0,3.0,1.0,3.0,0.0,50.0
1636.4322649326489,62.0,3.0,1.0,3.0,0.0,50.0
1636.4332326745844,62.0,3.0,1.0,3.0,0.0,50.0
1636.7332326745843,62.0,3.0,1.0,3.0,0.0,50.0
1636.7342004165198,62.0,3.0,1.0,3.0,0.0,50.0
1637.0342004165198,62.0,3.0,1.0,3.0,0.0,50.0
1637.0351681584552,62.0,3.0,1.0,3.0,0.0,50.0
1637.3351681584552,62.0,3.0,1.0,3.0,0.0,50.0
1637.3361359003907,62.0,3.0,1.0,3.0,0.0,50.0
1637.6361359003906,62.0,3.0,1.0,3.0,0.0,50.0
1637.637103642326,62.0,3.0,1.0,3.0,0.0,50.0
1637.937103642326,62.0,3.0,1.0,3.0,0.0,50.0
1637.9380713842615,62.0,3.0,1.0,3.0,0.0,50.0
1638.2380713842615,62.0,3.0,1.0,3.0,0.0,50.0
1638.239039126197,62.0,3.0,1.0,3.0,0.0,50.0
1638.539039126197,62.0,3.0,1.0,3.0,0.0,50.0
1638.5400068681324,62.0,3.0,1.0,3.0,0.0,50.0
1638.8400068681324,62.0,3.0,1.0,3.0,0.0,50.0
1638.8409746100679,62.0,3.0,1.0,3.0,0.0,50.0
1639.1409746100678,62.0,3.0,1.0,3.0,0.0,50.0
1639.1419423520033,62.0,3.0,1.0,3.0,0.0,50.0
1639.4419423520033,62.0,3.0,1.0,3.0,0.0,50.0
1639.4429100939387,62.0,3.0,1.0,3.0,0.0,50.0
1639.7429100939387,62.0,3.0,1.0,3.0,0.0,50.0
1639.7438778358742,62.0,3.0,1.0,3.0,0.0,50.0
1640.0438778358741,62.0,3.0,1.0,3.0,0.0,50.0
1640.0448455778096,62.0,3.0,1.0,3.0,0.0,50.0
1640.3448455778096,62.0,3.0,1.0,3.0,0.0,50.0
1640.345813319745,62.0,3.0,1.0,3.0,0.0,50.0
1640.645813319745,62.0,3.0,1.0,3.0,0.0,50.0
1640.6467810616805,62.0,3.0,1.0,3.0,0.0,50.0
1640.9467810616804,62.0,3.0,1.0,3.0,0.0,50.0
1640.947748803616,62.0,3.0,1.0,3.0,0.0,50.0
1641.2477488036159,62.0,3.0,1.0,3.0,0.0,50.0
1641.2487165455514,62.0,3.0,1.0,3.0,0.0,50.0
1641.5487165455513,62.0,3.0,1.0,3.0,0.0,50.0
1641.5496842874868,62.0,3.0,1.0,3.0,0.0,50.0
1641.8496842874868,62.0,3.0,1.0,3.0,0.0,50.0
1641.8506520294222,62.0,3.0,1.0,3.0,0.0,50.0
1642.1506520294222,62.0,3.0,1.0,3.0,0.0,50.0
1642.1516197713577,62.0,3.0,1.0,3.0,0.0,50.0
1642.4516197713576,62.0,3.0,1.0,3.0,0.0,50.0
1642.452587513293,62.0,3.0,1.0,3.0,0.0,50.0
1642.752587513293,62.0,3.0,1.0,3.0,0.0,50.0
1642.7535552552285,62.0,3.0,1.0,3.0,0.0,50.0
1643.0535552552285,62.0,3.0,1.0,3.0,0.0,50.0
1643.054522997164,63.0,3.0,1.0,3.0,0.0,50.0
1643.354522997164,63.0,3.0,1.0,3.0,0.0,50.0
1643.3554753781164,63.0,3.0,1.0,3.0,0.0,50.0
1643.6554753781163,63.0,3.0,1.0,3.0,0.0,50.0
1643.6564277590687,63.0,3.0,1.0,3.0,0.0,50.0
1643.9564277590687,63.0,3.0,1.0,3.0,0.0,50.0
1643.957380140021,63.0,3.0,1.0,3.0,0.0,50.0
1644.257380140021,63.0,3.0,1.0,3.0,0.0,50.0
1644.2583325209735,63.0,3.0,1.0,3.0,0.0,50.0
1644.5583325209734,63.0,3.0,1.0,3.0,0.0,50.0
1644.5592849019258,63.0,3.0,1.0,3.0,0.0,50.0
1644.8592849019258,63.0,3.0,1.0,3.0,0.0,50.0
1644.8602372828782,63.0,3.0,1.0,3.0,0.0,50.0
1645.1602372828781,63.0,3.0,1.0,3.0,0.0,50.0
1645.1611896638306,63.0,3.0,1.0,3.0,0.0,50.0
1645.4611896638305,63.0,3.0,1.0,3.0,0.0,50.0
1645.462142044783,63.0,3.0,1.0,3.0,0.0,50.0
1645.7621420447829,63.0,3.0,1.0,3.0,0.0,50.0
1645.7630944257353,62.0,3.0,1.0,3.0,0.0,50.0
1646.0630944257352,62.0,3.0,1.0,3.0,0.0,50.0
1646.0640621676707,62.0,3.0,1.0,3.0,0.0,50.0
1646.3640621676707,62.0,3.0,1.0,3.0,0.0,50.0
1646.3650299096062,62.0,3.0,1.0,3.0,0.0,50.0
1646.6650299096061,62.0,3.0,1.0,3.0,0.0,50.0
1646.6659976515416,62.0,3.0,1.0,3.0,0.0,50.0
1646.9659976515416,62.0,3.0,1.0,3.0,0.0,50.0
1646.966965393477,62.0,3.0,1.0,3.0,0.0,50.0
1647.266965393477,62.0,3.0,1.0,3.0,0.0,50.0
1647.2679331354125,61.0,3.0,1.0,3.0,0.0,50.0
1647.5679331354124,61.0,3.0,1.0,3.0,0.0,50.0
1647.5689167419698,61.0,3.0,1.0,3.0,0.0,50.0
1647.8689167419698,61.0,3.0,1.0,3.0,0.0,50.0
1647.8699003485272,61.0,3.0,1.0,8.0,0.0,50.0
1648.169900348527,61.0,3.0,1.0,8.0,0.0,50.0
1648.170837848527,61.0,3.0,1.0,8.0,0.0,50.0
1648.470837848527,61.0,3.0,1.0,8.0,0.0,50.0
1648.471775348527,61.0,3.0,1.0,8.0,0.0,50.0
1648.771775348527,61.0,3.0,1.0,8.0,0.0,50.0
1648.772712848527,62.0,3.0,1.0,8.0,0.0,50.0
1649.0727128485269,62.0,3.0,1.0,8.0,0.0,50.0
1649.0736503485268,62.0,3.0,1.0,8.0,0.0,50.0
1649.3736503485268,62.0,3.0,1.0,8.0,0.0,50.0
1649.3745878485267,62.0,3.0,1.0,8.0,0.0,50.0
1649.6745878485267,62.0,3.0,1.0,8.0,0.0,50.0
1649.6755253485267,62.0,3.0,1.0,8.0,0.0,50.0
1649.9755253485266,62.0,3.0,1.0,8.0,0.0,50.0
1649.9764628485266,62.0,3.0,1.0,8.0,0.0,50.0
1650.2764628485265,62.0,3.0,1.0,8.0,0.0,50.0
1650.2774003485265,62.0,3.0,1.0,8.0,0.0,50.0
1650.5774003485265,62.0,3.0,1.0,8.0,0.0,50.0
1650.5783378485264,62.0,3.0,1.0,6.0,0.0,51.0
1650.8783378485264,62.0,3.0,1.0,6.0,0.0,51.0
1650.8793055904619,62.0,3.0,1.0,6.0,0.0,51.0
1651.1793055904618,62.0,3.0,1.0,6.0,0.0,51.0
1651.1802733323973,62.0,3.0,1.0,6.0,0.0,51.0
1651.4802733323972,62.0,3.0,1.0,6.0,0.0,51.0
1651.4812410743327,62.0,3.0,1.0,6.0,0.0,51.0
1651.7812410743327,62.0,3.0,1.0,6.0,0.0,51.0
1651.7822088162682,62.0,3.0,1.0,6.0,0.0,51.0
1652.0822088162681,62.0,3.0,1.0,6.0,0.0,51.0
1652.0831765582036,62.0,3.0,1.0,6.0,0.0,51.0
1652.3831765582036,62.0,3.0,1.0,6.0,0.0,51.0
1652.384144300139,62.0,3.0,1.0,6.0,0.0,51.0
1652.684144300139,62.0,3.0,1.0,6.0,0.0,51.0
1652.6851120420745,62.0,3.0,1.0,6.0,0.0,51.0
1652.9851120420744,62.0,3.0,1.0,6.0,0.0,51.0
1652.98607978401,62.0,3.0,1.0,6.0,0.0,51.0
1653.2860797840099,62.0,3.0,1.0,6.0,0.0,51.0
1653.2870475259454,63.0,3.0,1.0,6.0,0.0,51.0
1653.5870475259453,63.0,3.0,1.0,6.0,0.0,51.0
1653.5879999068977,63.0,3.0,1.0,6.0,0.0,51.0
1653.8879999068977,63.0,3.0,1.0,6.0,0.0,51.0
1653.88895228785,63.0,3.0,1.0,6.0,0.0,51.0
1654.18895228785,63.0,3.0,1.0,6.0,0.0,51.0
1654.1899046688025,63.0,3.0,1.0,6.0,0.0,51.0
1654.4899046688024,63.0,3.0,1.0,6.0,0.0,51.0
1654.4908570497548,63.0,3.0,1.0,6.0,0.0,51.0
1654.7908570497548,63.0,3.0,1.0,6.0,0.0,51.0
1654.7918094307072,63.0,3.0,1.0,4.0,0.0,52.0
1655.0918094307071,63.0,3.0,1.0,4.0,0.0,52.0
1655.0927618116596,63.0,3.0,1.0,4.0,0.0,52.0
1655.3927618116595,63.0,3.0,1.0,4.0,0.0,52.0
1655.393714192612,63.0,3.0,1.0,4.0,0.0,52.0
1655.6937141926119,63.0,3.0,1.0,4.0,0.0,52.0
1655.6946665735643,63.0,3.0,1.0,4.0,0.0,52.0
1655.9946665735642,63.0,3.0,1.0,4.0,0.0,52.0
1655.9956189545167,63.0,3.0,1.0,4.0,0.0,52.0
1656.2956189545166,63.0,3.0,1.0,4.0,0.0,52.0
1656.296571335469,63.0,3.0,1.0,4.0,0.0,52.0
1656.596571335469,63.0,3.0,1.0,4.0,0.0,52.0
1656.5975237164214,63.0,3.0,1.0,4.0,0.0,52.0
1656.8975237164213,63.0,3.0,1.0,4.0,0.0,52.0
1656.8984760973738,63.0,3.0,1.0,4.0,0.0,52.0
1657.1984760973737,63.0,3.0,1.0,4.0,0.0,52.0
1657.1994284783261,63.0,3.0,1.0,4.0,0.0,52.0
1657.499428478326,63.0,3.0,1.0,4.0,0.0,52.0
1657.5003808592785,62.0,3.0,1.0,4.0,0.0,52.0
1657.8003808592784,62.0,3.0,1.0,4.0,0.0,52.0
1657.801348601214,62.0,3.0,1.0,4.0,0.0,52.0
1658.1013486012139,62.0,3.0,1.0,4.0,0.0,52.0
1658.1023163431494,62.0,3.0,1.0,4.0,0.0,52.0
1658.4023163431493,62.0,3.0,1.0,4.0,0.0,52.0
1658.4032840850848,62.0,3.0,1.0,4.0,0.0,52.0
1658.7032840850848,62.0,3.0,1.0,4.0,0.0,52.0
1658.7042518270202,62.0,3.0,1.0,4.0,0.0,52.0
1659.0042518270202,62.0,3.0,1.0,4.0,0.0,52.0
1659.0052195689557,62.0,3.0,1.0,4.0,0.0,52.0
1659.3052195689556,62.0,3.0,1.0,4.0,0.0,52.0
1659.3061873108911,62.0,3.0,1.0,4.0,0.0,52.0
1659.606187310891,62.0,3.0,1.0,4.0,0.0,52.0
1659.6071550528266,62.0,3.0,1.0,4.0,0.0,52.0
1659.9071550528265,62.0,3.0,1.0,4.0,0.0,52.0
1659.908122794762,62.0,3.0,1.0,4.0,0.0,52.0
1660.208122794762,62.0,3.0,1.0,4.0,0.0,52.0
1660.2090905366974,62.0,3.0,1.0,4.0,0.0,52.0
1660.5090905366974,62.0,3.0,1.0,4.0,0.0,52.0
1660.5100582786329,62.0,3.0,1.0,4.0,0.0,52.0
1660.8100582786328,62.0,3.0,1.0,4.0,0.0,52.0
1660.8110260205683,62.0,3.0,1.0,4.0,0.0,52.0
1661.1110260205683,62.0,3.0,1.0,4.0,0.0,52.0
1661.1119937625037,62.0,3.0,1.0,4.0,0.0,52.0
1661.4119937625037,62.0,3.0,1.0,4.0,0.0,52.0
1661.4129615044392,62.0,3.0,1.0,4.0,0.0,52.0
1661.7129615044391,62.0,3.0,1.0,4.0,0.0,52.0
1661.7139292463746,62.0,3.0,1.0,4.0,0.0,52.0
1662.0139292463746,62.0,3.0,1.0,4.0,0.0,52.0
1662.01489698831,62.0,3.0,1.0,4.0,0.0,52.0
1662.31489698831,62.0,3.0,1.0,4.0,0.0,52.0
1662.3158647302455,62.0,3.0,1.0,4.0,0.0,52.0
1662.6158647302454,62.0,3.0,1.0,4.0,0.0,52.0
1662.616832472181,62.0,3.0,1.0,4.0,0.0,52.0
1662.9168324721809,62.0,3.0,1.0,4.0,0.0,52.0
1662.9178002141164,62.0,3.0,1.0,4.0,0.0,52.0
1663.2178002141163,62.0,3.0,1.0,4.0,0.0,52.0
1663.2187679560518,62.0,3.0,1.0,4.0,0.0,52.0
1663.5187679560518,62.0,3.0,1.0,4.0,0.0,52.0
1663.5197356979872,62.0,3.0,1.0,4.0,0.0,52.0
1663.8197356979872,62.0,3.0,1.0,4.0,0.0,52.0
1663.8207034399227,62.0,3.0,1.0,4.0,0.0,52.0
1664.1207034399226,62.0,3.0,1.0,4.0,0.0,52.0
1664.1216711818581,63.0,3.0,1.0,4.0,0.0,52.0
1664.421671181858,63.0,3.0,1.0,4.0,0.0,52.0
1664.4226235628105,63.0,3.0,1.0,4.0,0.0,52.0
1664.7226235628104,63.0,3.0,1.0,4.0,0.0,52.0
1664.7235759437629,63.0,3.0,1.0,4.0,0.0,52.0
1665.0235759437628,63.0,3.0,1.0,4.0,0.0,52.0
1665.0245283247152,63.0,3.0,1.0,4.0,0.0,52.0
1665.3245283247152,63.0,3.0,1.0,4.0,0.0,52.0
1665.3254807056676,63.0,3.0,1.0,4.0,0.0,52.0
1665.6254807056675,63.0,3.0,1.0,4.0,0.0,52.0
1665.62643308662,63.0,3.0,1.0,4.0,0.0,52.0
1665.92643308662,63.0,3.0,1.0,4.0,0.0,52.0
1665.9273854675723,63.0,3.0,1.0,4.0,0.0,52.0
1666.2273854675723,63.0,3.0,1.0,4.0,0.0,52.0
1666.2283378485247,63.0,3.0,1.0,4.0,0.0,52.0
1666.5283378485246,63.0,3.0,1.0,4.0,0.0,52.0
1666.529290229477,63.0,3.0,1.0,4.0,0.0,52.0
1666.829290229477,63.0,3.0,1.0,4.0,0.0,52.0
1666.8302426104294,63.0,3.0,1.0,4.0,0.0,52.0
1667.1302426104294,63.0,3.0,1.0,4.0,0.0,52.0
1667.1311949913818,63.0,3.0,1.0,4.0,0.0,52.0
1667.4311949913817,63.0,3.0,1.0,4.0,0.0,52.0
1667.4321473723342,63.0,3.0,1.0,4.0,0.0,52.0
1667.732147372334,63.0,3.0,1.0,4.0,0.0,52.0
1667.7330997532865,63.0,3.0,1.0,4.0,0.0,52.0
1668.0330997532865,63.0,3.0,1.0,4.0,0.0,52.0
1668.034052134239,63.0,3.0,1.0,4.0,0.0,52.0
1668.3340521342388,63.0,3.0,1.0,4.0,0.0,52.0
1668.3350045151913,63.0,3.0,1.0,4.0,0.0,52.0
1668.6350045151912,63.0,3.0,1.0,4.0,0.0,52.0
1668.6359568961436,63.0,3.0,1.0,4.0,0.0,52.0
1668.9359568961436,63.0,3.0,1.0,4.0,0.0,52.0
1668.936909277096,63.0,3.0,1.0,4.0,0.0,52.0
1669.236909277096,63.0,3.0,1.0,4.0,0.0,52.0
1669.2378616580484,63.0,3.0,1.0,4.0,0.0,52.0
1669.5378616580483,63.0,3.0,1.0,4.0,0.0,52.0
1669.5388140390007,63.0,3.0,1.0,4.0,0.0,52.0
1669.8388140390007,63.0,3.0,1.0,4.0,0.0,52.0
1669.839766419953,63.0,3.0,1.0,4.0,0.0,52.0
1670.139766419953,63.0,3.0,1.0,4.0,0.0,52.0
1670.1407188009055,63.0,3.0,1.0,4.0,0.0,52.0
1670.4407188009054,63.0,3.0,1.0,4.0,0.0,52.0
1670.4416711818578,63.0,3.0,1.0,4.0,0.0,52.0
1670.7416711818578,63.0,3.0,1.0,4.0,0.0,52.0
1670.7426235628102,63.0,3.0,1.0,4.0,0.0,52.0
1671.0426235628101,63.0,3.0,1.0,4.0,0.0,52.0
1671.0435759437626,63.0,3.0,1.0,4.0,0.0,52.0
1671.3435759437625,63.0,3.0,1.0,4.0,0.0,52.0
1671.344528324715,63.0,3.0,1.0,4.0,0.0,52.0
1671.6445283247149,63.0,3.0,1.0,4.0,0.0,52.0
1671.6454807056673,63.0,3.0,1.0,4.0,0.0,52.0
1671.9454807056673,63.0,3.0,1.0,4.0,0.0,52.0
1671.9464330866197,63.0,3.0,1.0,4.0,0.0,52.0
1672.2464330866196,63.0,3.0,1.0,4.0,0.0,52.0
1672.247385467572,63.0,3.0,1.0,4.0,0.0,52.0
1672.547385467572,63.0,3.0,1.0,4.0,0.0,52.0
1672.5483378485244,63.0,3.0,1.0,4.0,0.0,52.0
1672.8483378485244,63.0,3.0,1.0,4.0,0.0,52.0
1672.8492902294768,63.0,3.0,1.0,4.0,0.0,52.0
1673.1492902294767,63.0,3.0,1.0,4.0,0.0,52.0
1673.1502426104291,63.0,3.0,1.0,4.0,0.0,52.0
1673.450242610429,63.0,3.0,1.0,4.0,0.0,52.0
1673.4511949913815,63.0,3.0,1.0,4.0,0.0,52.0
1673.7511949913815,63.0,3.0,1.0,4.0,0.0,52.0
1673.7521473723339,63.0,3.0,1.0,4.0,0.0,52.0
1674.0521473723338,63.0,3.0,1.0,4.0,0.0,52.0
1674.0530997532862,63.0,3.0,1.0,4.0,0.0,52.0
1674.3530997532862,63.0,3.0,1.0,4.0,0.0,52.0
1674.3540521342386,63.0,3.0,1.0,4.0,0.0,52.0
1674.6540521342386,63.0,3.0,1.0,4.0,0.0,52.0
1674.655004515191,63.0,3.0,1.0,4.0,0.0,52.0
1674.955004515191,63.0,3.0,1.0,4.0,0.0,52.0
1674.9559568961433,63.0,3.0,1.0,4.0,0.0,52.0
1675.2559568961433,63.0,3.0,1.0,4.0,0.0,52.0
1675.2569092770957,63.0,3.0,1.0,4.0,0.0,52.0
1675.5569092770957,63.0,3.0,1.0,4.0,0.0,52.0
1675.557861658048,63.0,3.0,1.0,4.0,0.0,52.0
1675.857861658048,63.0,3.0,1.0,4.0,0.0,52.0
1675.8588140390004,63.0,3.0,1.0,4.0,0.0,52.0
1676.1588140390004,63.0,3.0,1.0,4.0,0.0,52.0
1676.1597664199528,63.0,3.0,1.0,4.0,0.0,52.0
1676.4597664199528,63.0,3.0,1.0,4.0,0.0,52.0
1676.4607188009052,63.0,3.0,1.0,4.0,0.0,52.0
1676.7607188009051,63.0,3.0,1.0,4.0,0.0,52.0
1676.7616711818575,63.0,3.0,1.0,4.0,0.0,52.0
1677.0616711818575,63.0,3.0,1.0,4.0,0.0,52.0
1677.06262356281,63.0,3.0,1.0,4.0,0.0,52.0
1677.3626235628099,63.0,3.0,1.0,4.0,0.0,52.0
1677.3635759437623,63.0,3.0,1.0,4.0,0.0,52.0
1677.6635759437622,63.0,3.0,1.0,4.0,0.0,52.0
1677.6645283247146,63.0,3.0,1.0,4.0,0.0,52.0
1677.9645283247146,63.0,3.0,1.0,4.0,0.0,52.0
1677.965480705667,63.0,3.0,1.0,4.0,0.0,52.0
1678.265480705667,63.0,3.0,1.0,4.0,0.0,52.0
1678.2664330866194,63.0,3.0,1.0,4.0,0.0,52.0
1678.5664330866193,63.0,3.0,1.0,4.0,0.0,52.0
1678.5673854675717,63.0,3.0,1.0,4.0,0.0,52.0
1678.8673854675717,63.0,3.0,1.0,4.0,0.0,52.0
1678.868337848524,63.0,3.0,1.0,4.0,0.0,52.0
1679.168337848524,63.0,3.0,1.0,4.0,0.0,52.0
1679.1692902294765,63.0,3.0,1.0,4.0,0.0,52.0
1679.4692902294764,63.0,3.0,1.0,4.0,0.0,52.0
1679.4702426104288,63.0,3.0,1.0,4.0,0.0,52.0
1679.7702426104288,63.0,3.0,1.0,4.0,0.0,52.0
1679.7711949913812,63.0,3.0,1.0,4.0,0.0,52.0
1680.0711949913812,63.0,3.0,1.0,4.0,0.0,52.0
1680.0721473723336,63.0,3.0,1.0,4.0,0.0,52.0
1680.3721473723335,63.0,3.0,1.0,4.0,0.0,52.0
1680.373099753286,63.0,3.0,1.0,4.0,0.0,52.0
1680.673099753286,63.0,3.0,1.0,4.0,0.0,52.0
1680.6740521342383,63.0,3.0,1.0,4.0,0.0,52.0
1680.9740521342383,63.0,3.0,1.0,4.0,0.0,52.0
1680.9750045151907,63.0,3.0,1.0,4.0,0.0,52.0
1681.2750045151906,63.0,3.0,1.0,4.0,0.0,52.0
1681.275956896143,63.0,3.0,1.0,4.0,0.0,52.0
1681.575956896143,63.0,3.0,1.0,4.0,0.0,52.0
1681.5769092770954,63.0,3.0,1.0,4.0,0.0,52.0
1681.8769092770954,63.0,3.0,1.0,4.0,0.0,52.0
1681.8778616580478,63.0,3.0,1.0,4.0,0.0,52.0
1682.1778616580477,63.0,3.0,1.0,4.0,0.0,52.0
1682.1788140390001,63.0,3.0,1.0,4.0,0.0,52.0
1682.478814039,63.0,3.0,1.0,4.0,0.0,52.0
1682.4797664199525,63.0,3.0,1.0,4.0,0.0,52.0
1682.7797664199525,63.0,3.0,1.0,4.0,0.0,52.0
1682.7807188009049,63.0,3.0,1.0,4.0,0.0,52.0
1683.0807188009048,63.0,3.0,1.0,4.0,0.0,52.0
1683.0816711818572,63.0,3.0,1.0,4.0,0.0,52.0
1683.3816711818572,63.0,3.0,1.0,4.0,0.0,52.0
1683.3826235628096,63.0,3.0,1.0,4.0,0.0,52.0
1683.6826235628096,63.0,3.0,1.0,4.0,0.0,52.0
1683.683575943762,63.0,3.0,1.0,4.0,0.0,52.0
1683.983575943762,63.0,3.0,1.0,4.0,0.0,52.0
1683.9845283247143,63.0,3.0,1.0,4.0,0.0,52.0
1684.2845283247143,63.0,3.0,1.0,4.0,0.0,52.0
1684.2854807056667,63.0,3.0,1.0,4.0,0.0,52.0
1684.5854807056667,63.0,3.0,1.0,4.0,0.0,52.0
1684.586433086619,63.0,3.0,1.0,4.0,0.0,52.0
1684.886433086619,63.0,3.0,1.0,4.0,0.0,52.0
1684.8873854675714,63.0,3.0,1.0,4.0,0.0,52.0
1685.1873854675714,63.0,3.0,1.0,4.0,0.0,52.0
1685.1883378485238,63.0,3.0,1.0,4.0,0.0,52.0
1685.4883378485238,63.0,3.0,1.0,4.0,0.0,52.0
1685.4892902294762,63.0,3.0,1.0,4.0,0.0,52.0
1685.7892902294761,63.0,3.0,1.0,4.0,0.0,52.0
1685.7902426104285,64.0,3.0,1.0,4.0,0.0,52.0
1686.0902426104285,64.0,3.0,1.0,4.0,0.0,52.0
1686.0911801104285,64.0,3.0,1.0,4.0,0.0,52.0
1686.3911801104284,64.0,3.0,1.0,4.0,0.0,52.0
1686.3921176104284,64.0,3.0,1.0,4.0,0.0,52.0
1686.6921176104283,64.0,3.0,1.0,4.0,0.0,52.0
1686.6930551104283,64.0,3.0,1.0,4.0,0.0,52.0
1686.9930551104283,64.0,3.0,1.0,4.0,0.0,52.0
1686.9939926104282,64.0,3.0,1.0,4.0,0.0,52.0
1687.2939926104282,64.0,3.0,1.0,4.0,0.0,52.0
1687.2949301104281,64.0,3.0,1.0,4.0,0.0,52.0
1687.594930110428,64.0,3.0,1.0,4.0,0.0,52.0
1687.595867610428,64.0,3.0,1.0,4.0,0.0,52.0
1687.895867610428,64.0,3.0,1.0,4.0,0.0,52.0
1687.896805110428,64.0,3.0,1.0,4.0,0.0,52.0
1688.196805110428,64.0,3.0,1.0,4.0,0.0,52.0
1688.197742610428,64.0,3.0,1.0,4.0,0.0,52.0
1688.4977426104278,64.0,3.0,1.0,4.0,0.0,52.0
1688.4986801104278,64.0,3.0,1.0,4.0,0.0,52.0
1688.7986801104278,64.0,3.0,1.0,4.0,0.0,52.0
1688.7996176104277,64.0,3.0,1.0,4.0,0.0,52.0
1689.0996176104277,64.0,3.0,1.0,4.0,0.0,52.0
1689.1005551104276,64.0,3.0,1.0,4.0,0.0,52.0
1689.4005551104276,64.0,3.0,1.0,4.0,0.0,52.0
1689.4014926104276,64.0,3.0,1.0,4.0,0.0,52.0
1689.7014926104275,64.0,3.0,1.0,4.0,0.0,52.0
1689.7024301104275,64.0,3.0,1.0,4.0,0.0,52.0
1690.0024301104274,64.0,3.0,1.0,4.0,0.0,52.0
1690.0033676104274,64.0,3.0,1.0,4.0,0.0,52.0
1690.3033676104274,64.0,3.0,1.0,4.0,0.0,52.0
1690.3043051104273,64.0,3.0,1.0,4.0,0.0,52.0
1690.6043051104273,64.0,3.0,1.0,4.0,0.0,52.0
1690.6052426104272,64.0,3.0,1.0,4.0,0.0,52.0
1690.9052426104272,64.0,3.0,1.0,4.0,0.0,52.0
1690.9061801104272,64.0,3.0,1.0,4.0,0.0,52.0
1691.206180110427,64.0,3.0,1.0,4.0,0.0,52.0
1691.207117610427,64.0,3.0,1.0,4.0,0.0,52.0
1691.507117610427,64.0,3.0,1.0,4.0,0.0,52.0
1691.508055110427,64.0,3.0,1.0,4.0,0.0,52.0
1691.808055110427,64.0,3.0,1.0,4.0,0.0,52.0
1691.808992610427,64.0,3.0,1.0,4.0,0.0,52.0
1692.1089926104269,64.0,3.0,1.0,4.0,0.0,52.0
1692.1099301104268,64.0,3.0,1.0,4.0,0.0,52.0
1692.4099301104268,64.0,3.0,1.0,4.0,0.0,52.0
1692.4108676104267,64.0,3.0,1.0,4.0,0.0,52.0
1692.7108676104267,64.0,3.0,1.0,4.0,0.0,52.0
1692.7118051104267,64.0,3.0,1.0,4.0,0.0,52.0
1693.0118051104266,64.0,3.0,1.0,4.0,0.0,52.0
1693.0127426104266,64.0,3.0,1.0,4.0,0.0,52.0
1693.3127426104265,64.0,3.0,1.0,4.0,0.0,52.0
1693.3136801104265,64.0,3.0,1.0,4.0,0.0,52.0
1693.6136801104265,64.0,3.0,1.0,4.0,0.0,52.0
1693.6146176104264,64.0,3.0,1.0,4.0,0.0,52.0
1693.9146176104264,64.0,3.0,1.0,4.0,0.0,52.0
1693.9155551104263,64.0,3.0,1.0,4.0,0.0,52.0
1694.2155551104263,64.0,3.0,1.0,4.0,0.0,52.0
1694.2164926104263,64.0,3.0,1.0,4.0,0.0,52.0
1694.5164926104262,64.0,3.0,1.0,4.0,0.0,52.0
1694.5174301104262,64.0,3.0,1.0,4.0,0.0,52.0
1694.8174301104261,64.0,3.0,1.0,4.0,0.0,52.0
1694.818367610426,64.0,3.0,1.0,4.0,0.0,52.0
1695.118367610426,64.0,3.0,1.0,4.0,0.0,52.0
1695.119305110426,64.0,3.0,1.0,4.0,0.0,52.0
1695.419305110426,64.0,3.0,1.0,4.0,0.0,52.0
1695.420242610426,64.0,3.0,1.0,4.0,0.0,52.0
1695.7202426104259,64.0,3.0,1.0,4.0,0.0,52.0
1695.7211801104258,64.0,3.0,1.0,4.0,0.0,52.0
1696.0211801104258,64.0,3.0,1.0,4.0,0.0,52.0
1696.0221176104258,64.0,3.0,1.0,4.0,0.0,52.0
1696.3221176104257,64.0,3.0,1.0,4.0,0.0,52.0
1696.3230551104257,64.0,3.0,1.0,4.0,0.0,52.0
1696.6230551104256,64.0,3.0,1.0,4.0,0.0,52.0
1696.6239926104256,64.0,3.0,1.0,4.0,0.0,52.0
1696.9239926104256,64.0,3.0,1.0,4.0,0.0,52.0
1696.9249301104255,64.0,3.0,1.0,4.0,0.0,52.0
1697.2249301104255,64.0,3.0,1.0,4.0,0.0,52.0
1697.2258676104254,64.0,3.0,1.0,4.0,0.0,52.0
1697.5258676104254,64.0,3.0,1.0,4.0,0.0,52.0
1697.5268051104254,64.0,3.0,1.0,4.0,0.0,52.0
1697.8268051104253,64.0,3.0,1.0,4.0,0.0,52.0
1697.8277426104253,64.0,3.0,1.0,4.0,0.0,52.0
1698.1277426104252,64.0,3.0,1.0,4.0,0.0,52.0
1698.1286801104252,64.0,3.0,1.0,4.0,0.0,51.0
1698.4286801104251,64.0,3.0,1.0,4.0,0.0,51.0
1698.429617610425,64.0,3.0,1.0,4.0,0.0,51.0
1698.729617610425,64.0,3.0,1.0,4.0,0.0,51.0
1698.730555110425,64.0,3.0,1.0,4.0,0.0,51.0
1699.030555110425,64.0,3.0,1.0,4.0,0.0,51.0
1699.031492610425,64.0,3.0,1.0,4.0,0.0,51.0
1699.331492610425,64.0,3.0,1.0,4.0,0.0,51.0
1699.3324301104249,64.0,3.0,1.0,4.0,0.0,51.0
1699.6324301104248,64.0,3.0,1.0,4.0,0.0,51.0
1699.6333676104248,64.0,3.0,1.0,4.0,0.0,51.0
1699.9333676104247,64.0,3.0,1.0,4.0,0.0,51.0
1699.9343051104247,64.0,3.0,1.0,4.0,0.0,51.0
1700.2343051104247,64.0,3.0,1.0,4.0,0.0,51.0
1700.2352426104246,64.0,3.0,1.0,4.0,0.0,51.0
1700.5352426104246,64.0,3.0,1.0,4.0,0.0,51.0
1700.5361801104245,64.0,3.0,1.0,4.0,0.0,51.0
1700.8361801104245,64.0,3.0,1.0,4.0,0.0,51.0
1700.8371176104245,64.0,3.0,1.0,4.0,0.0,51.0
1701.1371176104244,64.0,3.0,1.0,4.0,0.0,51.0
1701.1380551104244,64.0,3.0,1.0,4.0,0.0,51.0
1701.4380551104243,64.0,3.0,1.0,4.0,0.0,51.0
1701.4389926104243,64.0,3.0,1.0,4.0,0.0,51.0
1701.7389926104242,64.0,3.0,1.0,4.0,0.0,51.0
1701.7399301104242,64.0,3.0,1.0,4.0,0.0,51.0
1702.0399301104242,64.0,3.0,1.0,4.0,0.0,51.0
1702.0408676104241,64.0,3.0,1.0,4.0,0.0,51.0
1702.340867610424,64.0,3.0,1.0,4.0,0.0,51.0
1702.341805110424,64.0,3.0,1.0,4.0,0.0,51.0
1702.641805110424,64.0,3.0,1.0,4.0,0.0,51.0
1702.642742610424,64.0,3.0,1.0,4.0,0.0,51.0
1702.942742610424,64.0,3.0,1.0,4.0,0.0,51.0
1702.9436801104239,64.0,3.0,1.0,4.0,0.0,51.0
1703.2436801104238,64.0,3.0,1.0,4.0,0.0,51.0
1703.2446176104238,64.0,3.0,1.0,4.0,0.0,51.0
1703.5446176104238,64.0,3.0,1.0,4.0,0.0,51.0
1703.5455551104237,64.0,3.0,1.0,4.0,0.0,51.0
1703.8455551104237,64.0,3.0,1.0,4.0,0.0,51.0
1703.8464926104236,64.0,4.0,1.0,4.0,0.0,51.0
1704.1464926104236,64.0,4.0,1.0,4.0,0.0,51.0
1704.1474301104236,65.0,4.0,1.0,4.0,0.0,51.0
1704.4474301104235,65.0,4.0,1.0,4.0,0.0,51.0
1704.4483531873466,65.0,4.0,1.0,4.0,0.0,51.0
1704.7483531873465,65.0,4.0,1.0,4.0,0.0,51.0
1704.7492762642696,65.0,4.0,1.0,4.0,0.0,51.0
1705.0492762642696,65.0,4.0,1.0,4.0,0.0,51.0
1705.0501993411926,65.0,4.0,1.0,4.0,0.0,51.0
1705.3501993411926,65.0,4.0,1.0,4.0,0.0,51.0
1705.3511224181157,65.0,4.0,1.0,4.0,0.0,51.0
1705.6511224181156,65.0,4.0,1.0,4.0,0.0,51.0
1705.6520454950387,65.0,4.0,1.0,4.0,0.0,51.0
1705.9520454950386,65.0,4.0,1.0,4.0,0.0,51.0
1705.9529685719617,65.0,4.0,1.0,4.0,0.0,51.0
1706.2529685719617,65.0,4.0,1.0,4.0,0.0,51.0
1706.2538916488847,65.0,4.0,1.0,4.0,0.0,51.0
1706.5538916488847,65.0,4.0,1.0,4.0,0.0,51.0
1706.5548147258078,65.0,4.0,1.0,4.0,0.0,51.0
1706.8548147258077,65.0,4.0,1.0,4.0,0.0,51.0
1706.8557378027308,66.0,4.0,1.0,4.0,0.0,51.0
1707.1557378027308,66.0,4.0,1.0,4.0,0.0,51.0
1707.1566468936398,66.0,4.0,1.0,4.0,0.0,51.0
1707.4566468936398,66.0,4.0,1.0,4.0,0.0,51.0
1707.457555984549,66.0,4.0,1.0,4.0,0.0,51.0
1707.7575559845488,66.0,4.0,1.0,4.0,0.0,51.0
1707.758465075458,66.0,4.0,1.0,4.0,0.0,51.0
1708.058465075458,66.0,4.0,1.0,4.0,0.0,51.0
1708.059374166367,66.0,4.0,1.0,4.0,0.0,51.0
1708.359374166367,66.0,4.0,1.0,4.0,0.0,51.0
1708.360283257276,66.0,4.0,1.0,4.0,0.0,51.0
1708.660283257276,66.0,4.0,1.0,4.0,0.0,51.0
1708.661192348185,66.0,4.0,1.0,4.0,0.0,51.0
1708.961192348185,66.0,4.0,1.0,4.0,0.0,51.0
1708.962101439094,66.0,4.0,1.0,4.0,0.0,51.0
1709.262101439094,66.0,4.0,1.0,4.0,0.0,51.0
1709.2630105300032,66.0,4.0,1.0,4.0,0.0,51.0
1709.563010530003,66.0,4.0,1.0,4.0,0.0,51.0
1709.5639196209122,66.0,4.0,1.0,4.0,0.0,51.0
1709.8639196209122,66.0,4.0,1.0,4.0,0.0,51.0
1709.8648287118212,66.0,4.0,1.0,4.0,0.0,51.0
1710.1648287118212,66.0,4.0,1.0,4.0,0.0,51.0
1710.1657378027303,66.0,4.0,1.0,4.0,0.0,51.0
1710.4657378027302,66.0,4.0,1.0,4.0,0.0,51.0
1710.4666468936393,66.0,4.0,1.0,4.0,0.0,51.0
1710.7666468936393,66.0,4.0,1.0,4.0,0.0,51.0
1710.7675559845484,66.0,4.0,1.0,4.0,0.0,51.0
1711.0675559845483,66.0,4.0,1.0,4.0,0.0,51.0
1711.0684650754574,66.0,4.0,1.0,4.0,0.0,51.0
1711.3684650754574,66.0,4.0,1.0,4.0,0.0,51.0
1711.3693741663665,66.0,4.0,1.0,4.0,0.0,51.0
1711.6693741663664,66.0,4.0,1.0,4.0,0.0,51.0
1711.6702832572755,66.0,4.0,1.0,4.0,0.0,51.0
1711.9702832572755,66.0,4.0,1.0,4.0,0.0,51.0
1711.9711923481846,66.0,4.0,1.0,4.0,0.0,51.0
1712.2711923481845,66.0,4.0,1.0,4.0,0.0,51.0
1712.2721014390936,66.0,4.0,1.0,4.0,0.0,51.0
1712.5721014390936,66.0,4.0,1.0,4.0,0.0,51.0
1712.5730105300026,66.0,4.0,1.0,4.0,0.0,51.0
1712.8730105300026,66.0,4.0,1.0,4.0,0.0,51.0
1712.8739196209117,66.0,4.0,1.0,4.0,0.0,51.0
1713.1739196209116,66.0,4.0,1.0,4.0,0.0,51.0
1713.1748287118207,66.0,4.0,1.0,4.0,0.0,51.0
1713.4748287118207,66.0,4.0,1.0,4.0,0.0,51.0
1713.4757378027298,66.0,4.0,1.0,4.0,0.0,51.0
1713.7757378027297,66.0,4.0,1.0,4.0,0.0,51.0
1713.7766468936388,66.0,4.0,1.0,4.0,0.0,51.0
1714.0766468936388,66.0,4.0,1.0,4.0,0.0,51.0
1714.0775559845479,66.0,4.0,1.0,4.0,0.0,51.0
1714.3775559845478,66.0,4.0,1.0,4.0,0.0,51.0
1714.378465075457,66.0,4.0,1.0,4.0,0.0,51.0
1714.6784650754569,66.0,4.0,1.0,4.0,0.0,51.0
1714.679374166366,66.0,4.0,1.0,9.0,0.0,51.0
1714.979374166366,66.0,4.0,1.0,9.0,0.0,51.0
1714.9801149071066,66.0,4.0,1.0,9.0,0.0,51.0
1715.2801149071065,66.0,4.0,1.0,9.0,0.0,51.0
1715.2808556478471,66.0,4.0,1.0,9.0,0.0,51.0
1715.580855647847,66.0,4.0,1.0,9.0,0.0,51.0
1715.5815963885877,66.0,4.0,1.0,9.0,0.0,51.0
1715.8815963885877,66.0,4.0,1.0,9.0,0.0,51.0
1715.8823371293283,66.0,4.0,1.0,9.0,0.0,51.0
1716.1823371293283,66.0,4.0,1.0,9.0,0.0,51.0
1716.183077870069,66.0,4.0,1.0,9.0,0.0,51.0
1716.4830778700689,66.0,4.0,1.0,9.0,0.0,51.0
1716.4838186108095,66.0,4.0,1.0,9.0,0.0,51.0
1716.7838186108095,66.0,4.0,1.0,9.0,0.0,51.0
1716.7845593515501,66.0,4.0,1.0,9.0,0.0,51.0
1717.08455935155,66.0,4.0,1.0,9.0,0.0,51.0
1717.0853000922907,66.0,4.0,1.0,9.0,0.0,51.0
1717.3853000922907,66.0,4.0,1.0,9.0,0.0,51.0
1717.3860408330313,66.0,4.0,1.0,9.0,0.0,51.0
1717.6860408330313,66.0,4.0,1.0,9.0,0.0,51.0
1717.686781573772,66.0,4.0,1.0,9.0,0.0,51.0
1717.9867815737719,66.0,4.0,1.0,9.0,0.0,51.0
1717.9875223145125,66.0,4.0,1.0,9.0,0.0,51.0
1718.2875223145124,66.0,4.0,1.0,9.0,0.0,51.0
1718.288263055253,66.0,4.0,1.0,9.0,0.0,51.0
1718.588263055253,66.0,4.0,1.0,9.0,0.0,51.0
1718.5890037959937,66.0,4.0,1.0,9.0,0.0,51.0
1718.8890037959936,66.0,4.0,1.0,9.0,0.0,51.0
1718.8897445367343,66.0,4.0,1.0,9.0,0.0,51.0
1719.1897445367342,66.0,4.0,1.0,9.0,0.0,51.0
1719.1904852774749,66.0,4.0,1.0,9.0,0.0,51.0
1719.4904852774748,66.0,4.0,1.0,9.0,0.0,51.0
1719.4912260182155,66.0,4.0,1.0,9.0,0.0,51.0
1719.7912260182154,66.0,4.0,1.0,9.0,0.0,51.0
1719.791966758956,66.0,4.0,1.0,9.0,0.0,51.0
1720.091966758956,66.0,4.0,1.0,9.0,0.0,51.0
1720.0927074996966,66.0,4.0,1.0,9.0,0.0,51.0
1720.3927074996966,66.0,4.0,1.0,9.0,0.0,51.0
1720.3934482404372,66.0,4.0,1.0,9.0,0.0,51.0
1720.6934482404372,66.0,4.0,1.0,9.0,0.0,51.0
1720.6941889811778,66.0,4.0,1.0,9.0,0.0,51.0
1720.9941889811778,66.0,4.0,1.0,9.0,0.0,51.0
1720.9949297219184,66.0,4.0,1.0,9.0,0.0,51.0
1721.2949297219184,66.0,4.0,1.0,9.0,0.0,51.0
1721.295670462659,66.0,4.0,1.0,9.0,0.0,51.0
1721.595670462659,66.0,4.0,1.0,9.0,0.0,51.0
1721.5964112033996,66.0,4.0,1.0,9.0,0.0,51.0
1721.8964112033996,66.0,4.0,1.0,9.0,0.0,51.0
1721.8971519441402,66.0,4.0,1.0,9.0,0.0,51.0
1722.1971519441402,66.0,4.0,1.0,9.0,0.0,51.0
1722.1978926848808,66.0,4.0,1.0,9.0,0.0,51.0
1722.4978926848808,66.0,4.0,1.0,9.0,0.0,51.0
1722.4986334256214,66.0,4.0,1.0,9.0,0.0,51.0
1722.7986334256213,66.0,4.0,1.0,9.0,0.0,51.0
1722.799374166362,66.0,4.0,1.0,9.0,0.0,51.0
1723.099374166362,66.0,4.0,1.0,9.0,0.0,51.0
1723.1001149071026,66.0,4.0,1.0,9.0,0.0,51.0
1723.4001149071025,66.0,4.0,1.0,9.0,0.0,51.0
1723.4008556478432,66.0,4.0,1.0,9.0,0.0,51.0
1723.7008556478431,66.0,4.0,1.0,9.0,0.0,51.0
1723.7015963885838,66.0,4.0,1.0,9.0,0.0,51.0
1724.0015963885837,66.0,4.0,1.0,9.0,0.0,51.0
1724.0023371293244,66.0,4.0,1.0,9.0,0.0,51.0
1724.3023371293243,66.0,4.0,1.0,9.0,0.0,51.0
1724.303077870065,66.0,4.0,1.0,9.0,0.0,51.0
1724.603077870065,66.0,4.0,1.0,9.0,0.0,51.0
1724.6038186108055,66.0,4.0,1.0,9.0,0.0,51.0
1724.9038186108055,66.0,4.0,1.0,9.0,0.0,51.0
1724.9045593515461,66.0,4.0,1.0,9.0,0.0,51.0
1725.204559351546,66.0,4.0,1.0,9.0,0.0,51.0
1725.2053000922867,66.0,4.0,1.0,9.0,0.0,51.0
1725.5053000922867,66.0,4.0,1.0,9.0,0.0,51.0
1725.5060408330273,66.0,4.0,1.0,9.0,0.0,51.0
1725.8060408330273,66.0,4.0,1.0,9.0,0.0,51.0
1725.806781573768,66.0,4.0,1.0,9.0,0.0,51.0
1726.1067815737679,66.0,4.0,1.0,9.0,0.0,51.0
1726.1075223145085,66.0,4.0,1.0,9.0,0.0,51.0
1726.4075223145085,66.0,4.0,1.0,9.0,0.0,51.0
1726.408263055249,66.0,4.0,1.0,9.0,0.0,51.0
1726.708263055249,66.0,4.0,1.0,9.0,0.0,51.0
1726.7090037959897,66.0,4.0,1.0,9.0,0.0,51.0
1727.0090037959897,66.0,4.0,1.0,9.0,0.0,51.0
1727.0097445367303,66.0,4.0,1.0,9.0,0.0,51.0
1727.3097445367302,66.0,4.0,1.0,9.0,0.0,51.0
1727.310485277471,66.0,4.0,1.0,9.0,0.0,51.0
1727.6104852774708,66.0,4.0,1.0,9.0,0.0,51.0
1727.6112260182115,66.0,4.0,1.0,9.0,0.0,51.0
1727.9112260182114,66.0,4.0,1.0,9.0,0.0,51.0
1727.911966758952,66.0,4.0,1.0,9.0,0.0,51.0
1728.211966758952,66.0,4.0,1.0,9.0,0.0,51.0
1728.2127074996927,66.0,4.0,1.0,9.0,0.0,51.0
1728.5127074996926,66.0,4.0,1.0,9.0,0.0,51.0
1728.5134482404333,66.0,4.0,1.0,7.0,0.0,52.0
1728.8134482404332,66.0,4.0,1.0,7.0,0.0,52.0
1728.8143573313423,66.0,4.0,1.0,5.0,0.0,53.0
1729.1143573313423,66.0,4.0,1.0,5.0,0.0,53.0
1729.1152664222514,66.0,4.0,1.0,5.0,0.0,53.0
1729.4152664222513,66.0,4.0,1.0,5.0,0.0,53.0
1729.4161755131604,66.0,4.0,1.0,5.0,0.0,53.0
1729.7161755131604,66.0,4.0,1.0,5.0,0.0,53.0
1729.7170846040694,66.0,4.0,1.0,5.0,0.0,53.0
1730.0170846040694,66.0,4.0,1.0,5.0,0.0,53.0
1730.0179936949785,66.0,4.0,1.0,5.0,0.0,53.0
1730.3179936949784,66.0,4.0,1.0,5.0,0.0,53.0
1730.3189027858875,66.0,4.0,1.0,5.0,0.0,53.0
1730.6189027858875,66.0,4.0,1.0,5.0,0.0,53.0
1730.6198118767966,66.0,4.0,1.0,5.0,0.0,53.0
1730.9198118767965,66.0,4.0,1.0,5.0,0.0,53.0
1730.9207209677056,66.0,4.0,1.0,5.0,0.0,53.0
1731.2207209677056,66.0,4.0,1.0,5.0,0.0,53.0
1731.2216300586147,66.0,4.0,1.0,5.0,0.0,53.0
1731.5216300586146,66.0,4.0,1.0,5.0,0.0,53.0
1731.5225391495237,66.0,4.0,1.0,5.0,0.0,53.0
1731.8225391495237,66.0,4.0,1.0,5.0,0.0,53.0
1731.8234482404328,66.0,4.0,1.0,5.0,0.0,53.0
1732.1234482404327,66.0,4.0,1.0,5.0,0.0,53.0
1732.1243573313418,66.0,4.0,1.0,5.0,0.0,53.0
1732.4243573313418,66.0,4.0,1.0,5.0,0.0,53.0
1732.4252664222508,66.0,4.0,1.0,5.0,0.0,53.0
1732.7252664222508,66.0,4.0,1.0,5.0,0.0,53.0
1732.72617551316,66.0,4.0,1.0,5.0,0.0,53.0
1733.0261755131598,66.0,4.0,1.0,5.0,0.0,53.0
1733.027084604069,66.0,4.0,1.0,5.0,0.0,53.0
1733.327084604069,66.0,4.0,1.0,5.0,0.0,53.0
1733.327993694978,66.0,4.0,1.0,5.0,0.0,53.0
1733.627993694978,66.0,4.0,1.0,5.0,0.0,53.0
1733.628902785887,66.0,4.0,1.0,5.0,0.0,53.0
1733.928902785887,66.0,4.0,1.0,5.0,0.0,53.0
1733.929811876796,66.0,4.0,1.0,5.0,0.0,53.0
1734.229811876796,66.0,4.0,1.0,5.0,0.0,53.0
1734.230720967705,66.0,4.0,1.0,5.0,0.0,53.0
1734.530720967705,66.0,4.0,1.0,5.0,0.0,53.0
1734.5316300586142,66.0,4.0,1.0,5.0,0.0,53.0
1734.831630058614,66.0,4.0,1.0,5.0,0.0,53.0
1734.8325391495232,66.0,4.0,1.0,5.0,0.0,53.0
1735.1325391495232,66.0,4.0,1.0,5.0,0.0,53.0
1735.1334482404322,66.0,4.0,1.0,5.0,0.0,53.0
1735.4334482404322,66.0,4.0,1.0,5.0,0.0,53.0
1735.4343573313413,66.0,4.0,1.0,5.0,0.0,53.0
1735.7343573313412,66.0,4.0,1.0,5.0,0.0,53.0
1735.7352664222503,66.0,4.0,1.0,5.0,0.0,53.0
1736.0352664222503,66.0,4.0,1.0,5.0,0.0,53.0
1736.0361755131594,66.0,4.0,1.0,5.0,0.0,53.0
1736.3361755131593,66.0,4.0,1.0,5.0,0.0,53.0
1736.3370846040684,66.0,4.0,1.0,5.0,0.0,53.0
1736.6370846040684,66.0,4.0,1.0,5.0,0.0,53.0
1736.6379936949775,66.0,4.0,1.0,5.0,0.0,53.0
1736.9379936949774,66.0,4.0,1.0,5.0,0.0,53.0
1736.9389027858865,66.0,4.0,1.0,5.0,0.0,53.0
1737.2389027858865,66.0,4.0,1.0,5.0,0.0,53.0
1737.2398118767956,66.0,4.0,1.0,5.0,0.0,53.0
1737.5398118767955,66.0,4.0,1.0,5.0,0.0,53.0
1737.5407209677046,66.0,4.0,1.0,5.0,0.0,53.0
1737.8407209677046,66.0,4.0,1.0,5.0,0.0,53.0
1737.8416300586136,66.0,4.0,1.0,5.0,0.0,53.0
1738.1416300586136,66.0,4.0,1.0,5.0,0.0,53.0
1738.1425391495227,66.0,4.0,1.0,5.0,0.0,53.0
1738.4425391495226,66.0,4.0,1.0,5.0,0.0,53.0
1738.4434482404317,66.0,4.0,1.0,5.0,0.0,53.0
1738.7434482404317,66.0,4.0,1.0,5.0,0.0,53.0
1738.7443573313408,66.0,4.0,1.0,5.0,0.0,53.0
1739.0443573313407,66.0,4.0,1.0,5.0,0.0,53.0
1739.0452664222498,66.0,4.0,1.0,5.0,0.0,53.0
1739.3452664222498,66.0,4.0,1.0,5.0,0.0,53.0
1739.3461755131589,66.0,4.0,1.0,5.0,0.0,53.0
1739.6461755131588,66.0,4.0,1.0,5.0,0.0,53.0
1739.647084604068,66.0,4.0,1.0,5.0,0.0,53.0
1739.9470846040679,66.0,4.0,1.0,5.0,0.0,53.0
1739.947993694977,66.0,4.0,1.0,5.0,0.0,53.0
1740.247993694977,66.0,4.0,1.0,5.0,0.0,53.0
1740.248902785886,66.0,4.0,1.0,5.0,0.0,53.0
1740.548902785886,66.0,4.0,1.0,5.0,0.0,53.0
1740.549811876795,66.0,4.0,1.0,5.0,0.0,53.0
1740.849811876795,66.0,4.0,1.0,5.0,0.0,53.0
1740.850720967704,66.0,4.0,1.0,5.0,0.0,53.0
1741.150720967704,66.0,4.0,1.0,5.0,0.0,53.0
1741.1516300586131,66.0,4.0,1.0,5.0,0.0,53.0
1741.451630058613,66.0,4.0,1.0,5.0,0.0,53.0
1741.4525391495222,66.0,4.0,1.0,5.0,0.0,53.0
1741.7525391495221,66.0,4.0,1.0,5.0,0.0,53.0
1741.7534482404312,66.0,4.0,1.0,5.0,0.0,53.0
1742.0534482404312,66.0,4.0,1.0,5.0,0.0,53.0
1742.0543573313403,66.0,4.0,1.0,5.0,0.0,53.0
1742.3543573313402,66.0,4.0,1.0,5.0,0.0,53.0
1742.3552664222493,66.0,4.0,1.0,5.0,0.0,53.0
1742.6552664222493,66.0,4.0,1.0,5.0,0.0,53.0
1742.6561755131584,66.0,4.0,1.0,5.0,0.0,53.0
1742.9561755131583,66.0,4.0,1.0,5.0,0.0,53.0
1742.9570846040674,66.0,4.0,1.0,5.0,0.0,53.0
1743.2570846040674,66.0,4.0,1.0,5.0,0.0,53.0
1743.2579936949764,66.0,4.0,1.0,5.0,0.0,53.0
1743.5579936949764,66.0,4.0,1.0,5.0,0.0,53.0
1743.5589027858855,66.0,4.0,1.0,5.0,0.0,53.0
1743.8589027858854,66.0,4.0,1.0,5.0,0.0,53.0
1743.8598118767945,66.0,4.0,1.0,5.0,0.0,53.0
1744.1598118767945,66.0,4.0,1.0,5.0,0.0,53.0
1744.1607209677036,66.0,4.0,1.0,5.0,0.0,53.0
1744.4607209677035,66.0,4.0,1.0,5.0,0.0,53.0
1744.4616300586126,66.0,4.0,1.0,5.0,0.0,53.0
1744.7616300586126,66.0,4.0,1.0,5.0,0.0,53.0
1744.7625391495217,66.0,4.0,1.0,5.0,0.0,53.0
1745.0625391495216,66.0,4.0,1.0,5.0,0.0,53.0
1745.0634482404307,66.0,4.0,1.0,5.0,0.0,53.0
1745.3634482404307,66.0,4.0,1.0,5.0,0.0,53.0
1745.3643573313398,66.0,4.0,1.0,5.0,0.0,53.0
1745.6643573313397,66.0,4.0,1.0,5.0,0.0,53.0
1745.6652664222488,66.0,4.0,1.0,5.0,0.0,53.0
1745.9652664222488,66.0,4.0,1.0,5.0,0.0,53.0
1745.9661755131579,66.0,4.0,1.0,5.0,0.0,53.0
1746.2661755131578,66.0,4.0,1.0,5.0,0.0,53.0
1746.267084604067,66.0,4.0,1.0,5.0,0.0,53.0
1746.5670846040668,66.0,4.0,1.0,5.0,0.0,53.0
1746.567993694976,66.0,4.0,1.0,5.0,0.0,53.0
1746.867993694976,66.0,4.0,1.0,5.0,0.0,53.0
1746.868902785885,66.0,4.0,1.0,5.0,0.0,53.0
1747.168902785885,66.0,4.0,1.0,5.0,0.0,53.0
1747.169811876794,66.0,4.0,1.0,5.0,0.0,53.0
1747.469811876794,66.0,4.0,1.0,5.0,0.0,53.0
1747.470720967703,66.0,4.0,1.0,5.0,0.0,53.0
1747.770720967703,66.0,4.0,1.0,5.0,0.0,53.0
1747.7716300586121,66.0,4.0,1.0,5.0,0.0,53.0
1748.071630058612,66.0,4.0,1.0,5.0,0.0,53.0
1748.0725391495212,66.0,4.0,1.0,5.0,0.0,53.0
1748.3725391495211,66.0,4.0,1.0,5.0,0.0,53.0
1748.3734482404302,66.0,4.0,1.0,5.0,0.0,53.0
1748.6734482404302,66.0,4.0,1.0,5.0,0.0,53.0
1748.6743573313393,66.0,4.0,1.0,5.0,0.0,53.0
1748.9743573313392,66.0,4.0,1.0,5.0,0.0,53.0
1748.9752664222483,66.0,4.0,1.0,5.0,0.0,53.0
1749.2752664222483,66.0,4.0,1.0,5.0,0.0,53.0
1749.2761755131573,66.0,4.0,1.0,5.0,0.0,53.0
1749.5761755131573,66.0,4.0,1.0,5.0,0.0,53.0
1749.5770846040664,66.0,4.0,1.0,5.0,0.0,53.0
1749.8770846040663,66.0,4.0,1.0,5.0,0.0,53.0
1749.8779936949754,66.0,4.0,1.0,5.0,0.0,53.0
1750.1779936949754,66.0,4.0,1.0,5.0,0.0,53.0
1750.1789027858845,66.0,4.0,1.0,5.0,0.0,53.0
1750.4789027858844,66.0,4.0,1.0,5.0,0.0,53.0
1750.4798118767935,66.0,4.0,1.0,5.0,0.0,53.0
1750.7798118767935,66.0,4.0,1.0,5.0,0.0,53.0
1750.7807209677026,66.0,4.0,1.0,5.0,0.0,53.0
1751.0807209677025,66.0,4.0,1.0,5.0,0.0,53.0
1751.0816300586116,66.0,4.0,1.0,5.0,0.0,53.0
1751.3816300586116,66.0,4.0,1.0,5.0,0.0,53.0
1751.3825391495207,66.0,4.0,1.0,5.0,0.0,53.0
1751.6825391495206,66.0,4.0,1.0,5.0,0.0,53.0
1751.6834482404297,66.0,4.0,1.0,5.0,0.0,53.0
1751.9834482404297,66.0,4.0,1.0,5.0,0.0,53.0
1751.9843573313387,66.0,5.0,1.0,5.0,0.0,53.0
1752.2843573313387,66.0,5.0,1.0,5.0,0.0,53.0
1752.2852664222478,66.0,5.0,1.0,5.0,0.0,53.0
1752.5852664222477,66.0,5.0,1.0,5.0,0.0,53.0
1752.5861755131568,66.0,5.0,1.0,5.0,0.0,53.0
1752.8861755131568,66.0,5.0,1.0,5.0,0.0,53.0
1752.8870846040659,66.0,5.0,1.0,5.0,0.0,53.0
1753.1870846040658,66.0,5.0,1.0,5.0,0.0,53.0
1753.187993694975,66.0,5.0,1.0,5.0,0.0,53.0
1753.4879936949749,66.0,5.0,1.0,5.0,0.0,53.0
1753.488902785884,66.0,5.0,1.0,5.0,0.0,53.0
1753.788902785884,66.0,5.0,1.0,5.0,0.0,53.0
1753.789811876793,66.0,5.0,1.0,5.0,0.0,53.0
1754.089811876793,66.0,5.0,1.0,5.0,0.0,53.0
1754.090720967702,66.0,5.0,1.0,5.0,0.0,53.0
1754.390720967702,66.0,5.0,1.0,5.0,0.0,53.0
1754.391630058611,66.0,5.0,1.0,5.0,0.0,53.0
1754.691630058611,66.0,5.0,1.0,5.0,0.0,53.0
1754.6925391495201,66.0,5.0,1.0,5.0,0.0,53.0
1754.99253914952,66.0,5.0,1.0,5.0,0.0,53.0
1754.9934482404292,66.0,5.0,1.0,5.0,0.0,53.0
1755.2934482404291,66.0,5.0,1.0,5.0,0.0,53.0
1755.2943573313382,66.0,5.0,1.0,5.0,0.0,53.0
1755.5943573313382,66.0,5.0,1.0,5.0,0.0,53.0
1755.5952664222473,66.0,5.0,1.0,5.0,0.0,53.0
1755.8952664222472,66.0,5.0,1.0,5.0,0.0,53.0
1755.8961755131563,66.0,5.0,1.0,5.0,0.0,53.0
1756.1961755131563,66.0,5.0,1.0,5.0,0.0,53.0
1756.1970846040654,66.0,5.0,1.0,10.0,0.0,53.0
1756.4970846040653,66.0,5.0,1.0,10.0,0.0,53.0
1756.4976846040654,66.0,5.0,1.0,10.0,0.0,53.0
1756.7976846040654,66.0,5.0,1.0,10.0,0.0,53.0
1756.7982846040654,66.0,5.0,1.0,10.0,0.0,53.0
1757.0982846040654,66.0,5.0,1.0,10.0,0.0,53.0
1757.0988846040655,66.0,5.0,1.0,10.0,0.0,53.0
1757.3988846040654,66.0,5.0,1.0,10.0,0.0,53.0
1757.3994846040655,66.0,5.0,1.0,10.0,0.0,53.0
1757.6994846040654,66.0,5.0,1.0,10.0,0.0,53.0
1757.7000846040655,66.0,5.0,1.0,10.0,0.0,53.0
1758.0000846040655,66.0,5.0,1.0,10.0,0.0,53.0
1758.0006846040656,66.0,5.0,1.0,10.0,0.0,53.0
1758.3006846040655,66.0,5.0,1.0,10.0,0.0,53.0
1758.3012846040656,66.0,5.0,1.0,10.0,0.0,53.0
1758.6012846040655,66.0,5.0,1.0,10.0,0.0,53.0
1758.6018846040656,66.0,5.0,1.0,10.0,0.0,53.0
1758.9018846040656,66.0,5.0,1.0,10.0,0.0,53.0
1758.9024846040656,66.0,5.0,1.0,10.0,0.0,53.0
1759.2024846040656,66.0,5.0,1.0,10.0,0.0,53.0
1759.2030846040657,66.0,5.0,1.0,10.0,0.0,53.0
1759.5030846040656,66.0,5.0,1.0,10.0,0.0,53.0
1759.5036846040657,66.0,5.0,1.0,10.0,0.0,53.0
1759.8036846040657,66.0,5.0,1.0,10.0,0.0,53.0
1759.8042846040657,66.0,5.0,1.0,10.0,0.0,53.0
1760.1042846040657,66.0,5.0,1.0,10.0,0.0,53.0
1760.1048846040658,66.0,5.0,1.0,10.0,0.0,53.0
1760.4048846040657,66.0,5.0,1.0,10.0,0.0,53.0
1760.4054846040658,66.0,5.0,1.0,10.0,0.0,53.0
1760.7054846040658,66.0,5.0,1.0,10.0,0.0,53.0
1760.7060846040658,66.0,5.0,1.0,10.0,0.0,53.0
1761.0060846040658,66.0,5.0,1.0,10.0,0.0,53.0
1761.0066846040659,66.0,5.0,1.0,10.0,0.0,53.0
1761.3066846040658,66.0,5.0,1.0,10.0,0.0,53.0
1761.307284604066,66.0,5.0,1.0,10.0,0.0,53.0
1761.6072846040659,66.0,5.0,1.0,10.0,0.0,53.0
1761.607884604066,66.0,5.0,1.0,10.0,0.0,53.0
1761.9078846040659,66.0,5.0,1.0,10.0,0.0,53.0
1761.908484604066,66.0,5.0,1.0,10.0,0.0,53.0
1762.208484604066,66.0,5.0,1.0,10.0,0.0,53.0
1762.209084604066,66.0,5.0,1.0,10.0,0.0,53.0
1762.509084604066,66.0,5.0,1.0,10.0,0.0,53.0
1762.509684604066,66.0,5.0,1.0,10.0,0.0,53.0
1762.809684604066,66.0,5.0,1.0,10.0,0.0,53.0
1762.810284604066,66.0,5.0,1.0,10.0,0.0,53.0
1763.110284604066,66.0,5.0,1.0,10.0,0.0,53.0
1763.110884604066,66.0,5.0,1.0,10.0,0.0,53.0
1763.410884604066,66.0,5.0,1.0,10.0,0.0,53.0
1763.4114846040661,66.0,5.0,1.0,10.0,0.0,53.0
1763.711484604066,66.0,5.0,1.0,10.0,0.0,53.0
1763.7120846040661,66.0,5.0,1.0,10.0,0.0,53.0
1764.012084604066,66.0,5.0,1.0,10.0,0.0,53.0
1764.0126846040662,66.0,5.0,1.0,10.0,0.0,53.0
1764.3126846040661,66.0,5.0,1.0,10.0,0.0,53.0
1764.3132846040662,66.0,5.0,1.0,10.0,0.0,53.0
1764.6132846040662,66.0,5.0,1.0,10.0,0.0,53.0
1764.6138846040662,66.0,5.0,1.0,10.0,0.0,53.0
1764.9138846040662,66.0,5.0,1.0,10.0,0.0,53.0
1764.9144846040663,66.0,5.0,1.0,10.0,0.0,53.0
1765.2144846040662,66.0,5.0,1.0,10.0,0.0,53.0
1765.2150846040663,66.0,5.0,1.0,10.0,0.0,53.0
1765.5150846040663,66.0,5.0,1.0,10.0,0.0,53.0
1765.5156846040663,66.0,5.0,1.0,10.0,0.0,53.0
1765.8156846040663,66.0,5.0,1.0,10.0,0.0,53.0
1765.8162846040664,66.0,5.0,1.0,10.0,0.0,53.0
1766.1162846040663,66.0,5.0,1.0,10.0,0.0,53.0
1766.1168846040664,66.0,5.0,1.0,10.0,0.0,53.0
1766.4168846040664,66.0,5.0,1.0,10.0,0.0,53.0
1766.4174846040664,66.0,5.0,1.0,10.0,0.0,53.0
1766.7174846040664,66.0,5.0,1.0,10.0,0.0,53.0
1766.7180846040665,66.0,5.0,1.0,10.0,0.0,53.0
1767.0180846040664,66.0,5.0,1.0,10.0,0.0,53.0
1767.0186846040665,66.0,5.0,1.0,10.0,0.0,53.0
1767.3186846040664,66.0,5.0,1.0,10.0,0.0,53.0
1767.3192846040665,66.0,5.0,1.0,10.0,0.0,53.0
1767.6192846040665,66.0,5.0,1.0,10.0,0.0,53.0
1767.6198846040666,66.0,5.0,1.0,10.0,0.0,53.0
1767.9198846040665,66.0,5.0,1.0,10.0,0.0,53.0
1767.9204846040666,66.0,5.0,1.0,8.0,0.0,54.0
1768.2204846040665,66.0,5.0,1.0,8.0,0.0,54.0
1768.2213936949756,66.0,5.0,1.0,8.0,0.0,54.0
1768.5213936949756,66.0,5.0,1.0,8.0,0.0,54.0
1768.5223027858847,66.0,5.0,1.0,8.0,0.0,54.0
1768.8223027858846,66.0,5.0,1.0,8.0,0.0,54.0
1768.8232118767937,66.0,5.0,1.0,8.0,0.0,54.0
1769.1232118767937,66.0,5.0,1.0,8.0,0.0,54.0
1769.1241209677028,66.0,5.0,1.0,8.0,0.0,54.0
1769.4241209677027,66.0,5.0,1.0,8.0,0.0,54.0
1769.4250300586118,66.0,5.0,1.0,8.0,0.0,54.0
1769.7250300586118,66.0,5.0,1.0,8.0,0.0,54.0
1769.7259391495209,66.0,5.0,1.0,8.0,0.0,54.0
1770.0259391495208,66.0,5.0,1.0,8.0,0.0,54.0
1770.02684824043,66.0,5.0,1.0,8.0,0.0,54.0
1770.3268482404299,66.0,5.0,1.0,8.0,0.0,54.0
1770.327757331339,66.0,5.0,1.0,8.0,0.0,54.0
1770.627757331339,66.0,5.0,1.0,8.0,0.0,54.0
1770.628666422248,66.0,5.0,1.0,8.0,0.0,54.0
1770.928666422248,66.0,5.0,1.0,8.0,0.0,54.0
1770.929575513157,66.0,5.0,1.0,8.0,0.0,54.0
1771.229575513157,66.0,5.0,1.0,8.0,0.0,54.0
1771.230484604066,66.0,5.0,1.0,8.0,0.0,54.0
1771.530484604066,66.0,5.0,1.0,8.0,0.0,54.0
1771.5313936949751,66.0,5.0,1.0,8.0,0.0,54.0
1771.831393694975,66.0,5.0,1.0,8.0,0.0,54.0
1771.8323027858842,66.0,5.0,1.0,8.0,0.0,54.0
1772.1323027858841,66.0,5.0,1.0,8.0,0.0,54.0
1772.1332118767932,66.0,5.0,1.0,13.0,0.0,54.0
1772.4332118767932,66.0,5.0,1.0,13.0,0.0,54.0
1772.433566906379,66.0,5.0,1.0,13.0,0.0,54.0
1772.7335669063789,66.0,5.0,1.0,13.0,0.0,54.0
1772.7339219359646,66.0,5.0,1.0,13.0,0.0,54.0
1773.0339219359646,66.0,5.0,1.0,13.0,0.0,54.0
1773.0342769655504,66.0,5.0,1.0,13.0,0.0,54.0
1773.3342769655503,66.0,5.0,1.0,13.0,0.0,54.0
1773.334631995136,66.0,5.0,1.0,13.0,0.0,54.0
1773.634631995136,66.0,5.0,1.0,13.0,0.0,54.0
1773.6349870247218,66.0,5.0,1.0,13.0,0.0,54.0
1773.9349870247217,66.0,5.0,1.0,13.0,0.0,54.0
1773.9353420543075,66.0,5.0,1.0,13.0,0.0,54.0
1774.2353420543075,66.0,5.0,1.0,13.0,0.0,54.0
1774.2356970838932,66.0,5.0,1.0,11.0,0.0,55.0
1774.5356970838932,66.0,5.0,1.0,11.0,0.0,55.0
1774.5361929516619,66.0,5.0,1.0,11.0,0.0,55.0
1774.8361929516618,66.0,5.0,1.0,11.0,0.0,55.0
1774.8366888194305,66.0,5.0,1.0,11.0,0.0,55.0
1775.1366888194304,66.0,5.0,1.0,11.0,0.0,55.0
1775.1371846871991,66.0,5.0,1.0,11.0,0.0,55.0
1775.437184687199,66.0,5.0,1.0,11.0,0.0,55.0
1775.4376805549678,66.0,5.0,1.0,11.0,0.0,55.0
1775.7376805549677,66.0,5.0,1.0,11.0,0.0,55.0
1775.7381764227364,66.0,5.0,1.0,11.0,0.0,55.0
1776.0381764227363,66.0,5.0,1.0,11.0,0.0,55.0
1776.038672290505,66.0,5.0,1.0,11.0,0.0,55.0
1776.338672290505,66.0,5.0,1.0,11.0,0.0,55.0
1776.3391681582737,66.0,5.0,1.0,11.0,0.0,55.0
1776.6391681582736,66.0,5.0,1.0,11.0,0.0,55.0
1776.6396640260423,66.0,5.0,1.0,11.0,0.0,55.0
1776.9396640260422,66.0,5.0,1.0,11.0,0.0,55.0
1776.940159893811,66.0,5.0,1.0,11.0,0.0,55.0
1777.2401598938109,66.0,5.0,1.0,11.0,0.0,55.0
1777.2406557615795,66.0,5.0,1.0,11.0,0.0,55.0
1777.5406557615795,66.0,5.0,1.0,11.0,0.0,55.0
1777.5411516293482,66.0,5.0,1.0,11.0,0.0,55.0
1777.8411516293481,66.0,5.0,1.0,11.0,0.0,55.0
1777.8416474971168,66.0,5.0,1.0,11.0,0.0,55.0
1778.1416474971168,66.0,5.0,1.0,11.0,0.0,55.0
1778.1421433648854,66.0,5.0,1.0,11.0,0.0,55.0
1778.4421433648854,66.0,5.0,1.0,11.0,0.0,55.0
1778.442639232654,66.0,5.0,1.0,11.0,0.0,55.0
1778.742639232654,66.0,5.0,1.0,11.0,0.0,55.0
1778.7431351004227,66.0,5.0,1.0,11.0,0.0,55.0
1779.0431351004227,66.0,5.0,1.0,11.0,0.0,55.0
1779.0436309681913,66.0,5.0,1.0,11.0,0.0,55.0
1779.3436309681913,66.0,5.0,1.0,11.0,0.0,55.0
1779.34412683596,66.0,5.0,1.0,11.0,0.0,55.0
1779.64412683596,66.0,5.0,1.0,11.0,0.0,55.0
1779.6446227037286,66.0,5.0,1.0,9.0,0.0,56.0
1779.9446227037286,66.0,5.0,1.0,9.0,0.0,56.0
1779.9453634444692,67.0,5.0,1.0,9.0,0.0,56.0
1780.2453634444691,67.0,5.0,1.0,9.0,0.0,56.0
1780.2461041852098,67.0,5.0,1.0,9.0,0.0,56.0
1780.5461041852097,67.0,5.0,1.0,9.0,0.0,56.0
1780.5468449259504,67.0,5.0,1.0,9.0,0.0,56.0
1780.8468449259503,67.0,5.0,1.0,9.0,0.0,56.0
1780.847585666691,67.0,5.0,1.0,9.0,0.0,56.0
1781.147585666691,67.0,5.0,1.0,9.0,0.0,56.0
1781.1483264074316,67.0,5.0,1.0,9.0,0.0,56.0
1781.4483264074315,67.0,5.0,1.0,9.0,0.0,56.0
1781.4490671481722,67.0,5.0,1.0,9.0,0.0,56.0
1781.7490671481721,67.0,5.0,1.0,9.0,0.0,56.0
1781.7498078889128,67.0,5.0,1.0,9.0,0.0,56.0
1782.0498078889127,67.0,5.0,1.0,9.0,0.0,56.0
1782.0505486296533,67.0,5.0,1.0,9.0,0.0,56.0
1782.3505486296533,67.0,5.0,1.0,9.0,0.0,56.0
1782.351289370394,67.0,5.0,1.0,9.0,0.0,56.0
1782.651289370394,67.0,5.0,1.0,9.0,0.0,56.0
1782.6520301111345,67.0,5.0,1.0,9.0,0.0,56.0
1782.9520301111345,67.0,5.0,1.0,9.0,0.0,56.0
1782.9527708518751,67.0,5.0,1.0,9.0,0.0,56.0
1783.252770851875,67.0,5.0,1.0,9.0,0.0,56.0
1783.2535115926157,67.0,5.0,1.0,9.0,0.0,56.0
1783.5535115926157,67.0,5.0,1.0,9.0,0.0,56.0
1783.5542523333563,67.0,5.0,1.0,9.0,0.0,56.0
1783.8542523333563,67.0,5.0,1.0,9.0,0.0,56.0
1783.854993074097,67.0,5.0,1.0,7.0,0.0,57.0
1784.1549930740969,67.0,5.0,1.0,7.0,0.0,57.0
1784.1558885964848,67.0,5.0,1.0,7.0,0.0,57.0
1784.4558885964848,67.0,5.0,1.0,7.0,0.0,57.0
1784.4567841188727,67.0,5.0,1.0,7.0,0.0,57.0
1784.7567841188727,67.0,5.0,1.0,7.0,0.0,57.0
1784.7576796412607,67.0,5.0,1.0,7.0,0.0,57.0
1785.0576796412606,67.0,5.0,1.0,7.0,0.0,57.0
1785.0585751636486,67.0,5.0,1.0,7.0,0.0,57.0
1785.3585751636485,67.0,5.0,1.0,7.0,0.0,57.0
1785.3594706860365,67.0,5.0,1.0,7.0,0.0,57.0
1785.6594706860365,67.0,5.0,1.0,7.0,0.0,57.0
1785.6603662084244,67.0,5.0,1.0,7.0,0.0,57.0
1785.9603662084244,67.0,5.0,1.0,7.0,0.0,57.0
1785.9612617308123,67.0,5.0,1.0,7.0,0.0,57.0
1786.2612617308123,67.0,5.0,1.0,7.0,0.0,57.0
1786.2621572532003,67.0,5.0,1.0,7.0,0.0,57.0
1786.5621572532002,67.0,5.0,1.0,7.0,0.0,57.0
1786.5630527755882,67.0,5.0,1.0,7.0,0.0,57.0
1786.8630527755881,67.0,5.0,1.0,7.0,0.0,57.0
1786.863948297976,67.0,5.0,1.0,7.0,0.0,57.0
1787.163948297976,67.0,5.0,1.0,7.0,0.0,57.0
1787.164843820364,67.0,5.0,1.0,7.0,0.0,57.0
1787.464843820364,67.0,5.0,1.0,7.0,0.0,57.0
1787.465739342752,67.0,5.0,1.0,7.0,0.0,57.0
1787.7657393427519,67.0,5.0,1.0,7.0,0.0,57.0
1787.7666348651398,67.0,5.0,1.0,7.0,0.0,57.0
1788.0666348651398,67.0,5.0,1.0,7.0,0.0,57.0
1788.0675303875278,67.0,5.0,1.0,7.0,0.0,57.0
1788.3675303875277,67.0,5.0,1.0,7.0,0.0,57.0
1788.3684259099157,67.0,5.0,1.0,7.0,0.0,57.0
1788.6684259099156,67.0,5.0,1.0,7.0,0.0,57.0
1788.6693214323036,67.0,5.0,1.0,7.0,0.0,57.0
1788.9693214323036,67.0,5.0,1.0,7.0,0.0,57.0
1788.9702169546915,67.0,5.0,1.0,7.0,0.0,57.0
1789.2702169546915,67.0,5.0,1.0,7.0,0.0,57.0
1789.2711124770794,67.0,5.0,1.0,7.0,0.0,57.0
1789.5711124770794,67.0,5.0,1.0,7.0,0.0,57.0
1789.5720079994674,67.0,5.0,1.0,7.0,0.0,57.0
1789.8720079994673,67.0,5.0,1.0,7.0,0.0,57.0
1789.8729035218553,67.0,5.0,1.0,7.0,0.0,57.0
1790.1729035218552,67.0,5.0,1.0,7.0,0.0,57.0
1790.1737990442432,67.0,5.0,1.0,7.0,0.0,57.0
1790.4737990442432,67.0,5.0,1.0,7.0,0.0,57.0
1790.4746945666311,67.0,5.0,1.0,7.0,0.0,57.0
1790.774694566631,67.0,5.0,1.0,7.0,0.0,57.0
1790.775590089019,67.0,5.0,1.0,7.0,0.0,57.0
1791.075590089019,67.0,5.0,1.0,7.0,0.0,57.0
1791.076485611407,67.0,5.0,1.0,7.0,0.0,57.0
1791.376485611407,67.0,5.0,1.0,7.0,0.0,57.0
1791.3773811337949,67.0,5.0,1.0,7.0,0.0,57.0
1791.6773811337948,67.0,5.0,1.0,7.0,0.0,57.0
1791.6782766561828,67.0,5.0,1.0,7.0,0.0,57.0
1791.9782766561827,67.0,5.0,1.0,7.0,0.0,57.0
1791.9791721785707,67.0,5.0,1.0,7.0,0.0,57.0
1792.2791721785707,67.0,5.0,1.0,7.0,0.0,57.0
1792.2800677009586,67.0,5.0,1.0,7.0,0.0,57.0
1792.5800677009586,67.0,5.0,1.0,7.0,0.0,57.0
1792.5809632233465,67.0,5.0,1.0,7.0,0.0,57.0
1792.8809632233465,67.0,5.0,1.0,7.0,0.0,57.0
1792.8818587457345,67.0,5.0,1.0,7.0,0.0,57.0
1793.1818587457344,67.0,5.0,1.0,7.0,0.0,57.0
1793.1827542681224,67.0,5.0,1.0,7.0,0.0,57.0
1793.4827542681223,67.0,5.0,1.0,7.0,0.0,57.0
1793.4836497905103,67.0,5.0,1.0,7.0,0.0,57.0
1793.7836497905103,67.0,5.0,1.0,7.0,0.0,57.0
1793.7845453128982,67.0,5.0,1.0,7.0,0.0,57.0
1794.0845453128982,67.0,5.0,1.0,7.0,0.0,57.0
1794.0854408352861,67.0,5.0,1.0,7.0,0.0,57.0
1794.385440835286,67.0,5.0,1.0,7.0,0.0,57.0
1794.386336357674,67.0,5.0,1.0,7.0,0.0,57.0
1794.686336357674,67.0,5.0,1.0,7.0,0.0,57.0
1794.687231880062,67.0,5.0,1.0,7.0,0.0,57.0
1794.987231880062,67.0,5.0,1.0,7.0,0.0,57.0
1794.98812740245,67.0,5.0,1.0,7.0,0.0,57.0
1795.2881274024498,67.0,5.0,1.0,7.0,0.0,57.0
1795.2890229248378,67.0,5.0,1.0,7.0,0.0,57.0
1795.5890229248378,67.0,5.0,1.0,7.0,0.0,57.0
1795.5899184472257,67.0,5.0,1.0,7.0,0.0,57.0
1795.8899184472257,67.0,5.0,1.0,7.0,0.0,57.0
1795.8908139696136,67.0,5.0,1.0,7.0,0.0,57.0
1796.1908139696136,67.0,5.0,1.0,7.0,0.0,57.0
1796.1917094920016,67.0,5.0,1.0,7.0,0.0,57.0
1796.4917094920015,67.0,5.0,1.0,7.0,0.0,57.0
1796.4926050143895,67.0,5.0,1.0,7.0,0.0,57.0
1796.7926050143894,67.0,5.0,1.0,7.0,0.0,57.0
1796.7935005367774,67.0,5.0,1.0,7.0,0.0,57.0
1797.0935005367774,67.0,5.0,1.0,7.0,0.0,57.0
1797.0943960591653,67.0,5.0,1.0,7.0,0.0,57.0
1797.3943960591653,67.0,5.0,1.0,7.0,0.0,57.0
1797.3952915815532,67.0,5.0,1.0,7.0,0.0,57.0
1797.6952915815532,67.0,5.0,1.0,7.0,0.0,57.0
1797.6961871039412,67.0,5.0,1.0,5.0,0.0,58.0
1797.996187103941,67.0,5.0,1.0,5.0,0.0,58.0
1797.997082626329,67.0,5.0,1.0,5.0,0.0,58.0
1798.297082626329,67.0,5.0,1.0,5.0,0.0,58.0
1798.297978148717,67.0,5.0,1.0,5.0,0.0,58.0
1798.597978148717,67.0,5.0,1.0,5.0,0.0,58.0
1798.598873671105,67.0,5.0,1.0,5.0,0.0,58.0
1798.8988736711049,67.0,5.0,1.0,5.0,0.0,58.0
1798.8997691934928,67.0,5.0,1.0,5.0,0.0,58.0
1799.1997691934928,67.0,5.0,1.0,5.0,0.0,58.0
1799.2006647158807,67.0,5.0,1.0,5.0,0.0,58.0
1799.5006647158807,67.0,5.0,1.0,5.0,0.0,58.0
1799.5015602382687,67.0,5.0,1.0,5.0,0.0,58.0
1799.8015602382686,67.0,5.0,1.0,5.0,0.0,58.0
1799.8024557606566,67.0,5.0,1.0,5.0,0.0,58.0
1800.1024557606565,67.0,5.0,1.0,5.0,0.0,58.0
1800.1033512830445,67.0,5.0,1.0,5.0,0.0,58.0
1800.4033512830445,67.0,5.0,1.0,5.0,0.0,58.0
1800.4042468054324,67.0,5.0,1.0,5.0,0.0,58.0
1800.7042468054324,67.0,5.0,1.0,5.0,0.0,58.0
1800.7051423278203,67.0,5.0,1.0,5.0,0.0,58.0
1801.0051423278203,67.0,5.0,1.0,5.0,0.0,58.0
1801.0060378502083,67.0,5.0,1.0,5.0,0.0,58.0
1801.3060378502082,67.0,5.0,1.0,5.0,0.0,58.0
1801.3069333725962,67.0,5.0,1.0,5.0,0.0,58.0
1801.6069333725961,67.0,5.0,1.0,5.0,0.0,58.0
1801.607828894984,67.0,5.0,1.0,5.0,0.0,58.0
1801.907828894984,67.0,5.0,1.0,5.0,0.0,58.0
1801.908724417372,67.0,5.0,1.0,5.0,0.0,58.0
1802.208724417372,67.0,5.0,1.0,5.0,0.0,58.0
1802.20961993976,67.0,5.0,1.0,5.0,0.0,58.0
1802.50961993976,67.0,5.0,1.0,5.0,0.0,58.0
1802.5105154621479,67.0,5.0,1.0,5.0,0.0,58.0
1802.8105154621478,67.0,5.0,1.0,5.0,0.0,58.0
1802.8114109845358,67.0,5.0,1.0,5.0,0.0,58.0
1803.1114109845357,67.0,5.0,1.0,5.0,0.0,58.0
1803.1123065069237,67.0,5.0,1.0,5.0,0.0,58.0
1803.4123065069236,67.0,5.0,1.0,5.0,0.0,58.0
1803.4132020293116,67.0,5.0,1.0,5.0,0.0,58.0
1803.7132020293116,67.0,5.0,1.0,5.0,0.0,58.0
1803.7140975516995,65.0,5.0,1.0,5.0,0.0,58.0
1804.0140975516995,65.0,5.0,1.0,5.0,0.0,58.0
1804.0150206286226,65.0,5.0,1.0,5.0,0.0,58.0
1804.3150206286225,65.0,5.0,1.0,5.0,0.0,58.0
1804.3159437055456,65.0,5.0,1.0,5.0,0.0,58.0
1804.6159437055455,65.0,5.0,1.0,5.0,0.0,58.0
1804.6168667824686,65.0,5.0,1.0,5.0,0.0,58.0
1804.9168667824686,65.0,5.0,1.0,5.0,0.0,58.0
1804.9177898593916,65.0,5.0,1.0,5.0,0.0,58.0
1805.2177898593916,65.0,5.0,1.0,5.0,0.0,58.0
1805.2187129363147,65.0,5.0,1.0,5.0,0.0,58.0
1805.5187129363146,65.0,5.0,1.0,5.0,0.0,58.0
1805.5196360132377,65.0,5.0,1.0,5.0,0.0,58.0
1805.8196360132376,65.0,5.0,1.0,5.0,0.0,58.0
1805.8205590901607,65.0,5.0,1.0,5.0,0.0,58.0
1806.1205590901607,65.0,5.0,1.0,5.0,0.0,58.0
1806.1214821670837,65.0,5.0,1.0,5.0,0.0,58.0
1806.4214821670837,65.0,5.0,1.0,5.0,0.0,58.0
1806.4224052440068,65.0,5.0,1.0,5.0,0.0,58.0
1806.7224052440067,65.0,5.0,1.0,5.0,0.0,58.0
1806.7233283209298,65.0,5.0,1.0,5.0,0.0,58.0
1807.0233283209297,65.0,5.0,1.0,5.0,0.0,58.0
1807.0242513978528,65.0,5.0,1.0,5.0,0.0,58.0
1807.3242513978528,65.0,5.0,1.0,5.0,0.0,58.0
1807.3251744747758,65.0,5.0,1.0,5.0,0.0,58.0
1807.6251744747758,65.0,5.0,1.0,5.0,0.0,58.0
1807.6260975516989,65.0,5.0,1.0,5.0,0.0,58.0
1807.9260975516988,65.0,5.0,1.0,5.0,0.0,58.0
1807.927020628622,65.0,5.0,1.0,5.0,0.0,58.0
1808.2270206286219,65.0,5.0,1.0,5.0,0.0,58.0
1808.227943705545,65.0,5.0,1.0,5.0,0.0,58.0
1808.5279437055449,65.0,5.0,1.0,5.0,0.0,58.0
1808.528866782468,65.0,6.0,1.0,5.0,0.0,58.0
1808.828866782468,65.0,6.0,1.0,5.0,0.0,58.0
1808.829789859391,65.0,6.0,1.0,5.0,0.0,58.0
1809.129789859391,65.0,6.0,1.0,5.0,0.0,58.0
1809.130712936314,65.0,6.0,1.0,5.0,0.0,58.0
1809.430712936314,65.0,6.0,1.0,5.0,0.0,58.0
1809.431636013237,65.0,6.0,1.0,5.0,0.0,58.0
1809.731636013237,65.0,6.0,1.0,5.0,0.0,58.0
1809.73255909016,65.0,6.0,1.0,5.0,0.0,58.0
1810.03255909016,65.0,6.0,1.0,5.0,0.0,58.0
1810.033482167083,65.0,6.0,1.0,5.0,0.0,58.0
1810.333482167083,65.0,6.0,1.0,5.0,0.0,58.0
1810.3344052440061,65.0,6.0,1.0,5.0,0.0,58.0
1810.634405244006,65.0,6.0,1.0,5.0,0.0,58.0
1810.6353283209291,65.0,6.0,1.0,5.0,0.0,58.0
1810.935328320929,65.0,6.0,1.0,5.0,0.0,58.0
1810.9362513978522,65.0,6.0,1.0,5.0,0.0,58.0
1811.2362513978521,65.0,6.0,1.0,5.0,0.0,58.0
1811.2371744747752,65.0,6.0,1.0,5.0,0.0,58.0
1811.5371744747752,65.0,6.0,1.0,5.0,0.0,58.0
1811.5380975516982,65.0,6.0,1.0,5.0,0.0,58.0
1811.8380975516982,65.0,6.0,1.0,5.0,0.0,58.0
1811.8390206286213,65.0,6.0,1.0,5.0,0.0,58.0
1812.1390206286212,65.0,6.0,1.0,5.0,0.0,58.0
1812.1399437055443,65.0,6.0,1.0,5.0,0.0,58.0
1812.4399437055442,65.0,6.0,1.0,5.0,0.0,58.0
1812.4408667824673,65.0,6.0,1.0,5.0,0.0,58.0
1812.7408667824673,65.0,6.0,1.0,5.0,0.0,58.0
1812.7417898593903,65.0,6.0,1.0,5.0,0.0,58.0
1813.0417898593903,65.0,6.0,1.0,5.0,0.0,58.0
1813.0427129363134,65.0,6.0,1.0,5.0,0.0,58.0
1813.3427129363133,65.0,6.0,1.0,5.0,0.0,58.0
1813.3436360132364,65.0,6.0,1.0,5.0,0.0,58.0
1813.6436360132363,65.0,6.0,1.0,5.0,0.0,58.0
1813.6445590901594,65.0,6.0,1.0,5.0,0.0,58.0
1813.9445590901594,65.0,6.0,1.0,5.0,0.0,58.0
1813.9454821670824,65.0,6.0,1.0,5.0,0.0,58.0
1814.2454821670824,65.0,6.0,1.0,5.0,0.0,58.0
1814.2464052440055,65.0,6.0,1.0,5.0,0.0,58.0
1814.5464052440054,65.0,6.0,1.0,5.0,0.0,58.0
1814.5473283209285,65.0,6.0,1.0,5.0,0.0,58.0
1814.8473283209285,65.0,6.0,1.0,5.0,0.0,58.0
1814.8482513978515,65.0,6.0,1.0,5.0,0.0,58.0
1815.1482513978515,65.0,6.0,1.0,5.0,0.0,58.0
1815.1491744747746,65.0,6.0,1.0,5.0,0.0,58.0
1815.4491744747745,65.0,6.0,1.0,5.0,0.0,58.0
1815.4500975516976,65.0,6.0,1.0,5.0,0.0,58.0
1815.7500975516975,65.0,6.0,1.0,5.0,0.0,58.0
1815.7510206286206,65.0,6.0,1.0,5.0,0.0,58.0
1816.0510206286206,65.0,6.0,1.0,5.0,0.0,58.0
1816.0519437055436,65.0,6.0,1.0,5.0,0.0,58.0
1816.3519437055436,65.0,6.0,1.0,5.0,0.0,58.0
1816.3528667824667,65.0,6.0,1.0,5.0,0.0,58.0
1816.6528667824666,65.0,6.0,1.0,5.0,0.0,58.0
1816.6537898593897,65.0,6.0,1.0,5.0,0.0,58.0
1816.9537898593896,65.0,6.0,1.0,5.0,0.0,58.0
1816.9547129363127,65.0,6.0,1.0,5.0,0.0,58.0
1817.2547129363127,65.0,6.0,1.0,5.0,0.0,58.0
1817.2556360132357,65.0,6.0,1.0,5.0,0.0,58.0
1817.5556360132357,65.0,6.0,1.0,5.0,0.0,58.0
1817.5565590901588,64.0,6.0,1.0,5.0,0.0,58.0
1817.8565590901587,64.0,6.0,1.0,5.0,0.0,58.0
1817.8574965901587,64.0,6.0,1.0,5.0,0.0,58.0
1818.1574965901586,64.0,6.0,1.0,5.0,0.0,58.0
1818.1584340901586,64.0,6.0,1.0,5.0,0.0,58.0
1818.4584340901586,64.0,6.0,1.0,5.0,0.0,58.0
1818.4593715901585,64.0,6.0,1.0,5.0,0.0,58.0
1818.7593715901585,64.0,6.0,1.0,5.0,0.0,58.0
1818.7603090901584,64.0,6.0,1.0,5.0,0.0,58.0
1819.0603090901584,64.0,6.0,1.0,5.0,0.0,58.0
1819.0612465901584,64.0,6.0,1.0,5.0,0.0,58.0
1819.3612465901583,64.0,6.0,1.0,5.0,0.0,58.0
1819.3621840901583,64.0,6.0,1.0,5.0,0.0,58.0
1819.6621840901582,64.0,6.0,1.0,5.0,0.0,58.0
1819.6631215901582,64.0,6.0,1.0,5.0,0.0,58.0
1819.9631215901582,64.0,6.0,1.0,5.0,0.0,58.0
1819.9640590901581,64.0,6.0,1.0,5.0,0.0,58.0
1820.264059090158,64.0,6.0,1.0,5.0,0.0,58.0
1820.264996590158,64.0,6.0,1.0,5.0,0.0,58.0
1820.564996590158,64.0,6.0,1.0,5.0,0.0,58.0
1820.565934090158,64.0,6.0,1.0,5.0,0.0,58.0
1820.865934090158,64.0,6.0,1.0,5.0,0.0,58.0
1820.8668715901579,64.0,6.0,1.0,5.0,0.0,58.0
1821.1668715901578,64.0,6.0,1.0,5.0,0.0,58.0
1821.1678090901578,64.0,6.0,1.0,5.0,0.0,58.0
1821.4678090901577,64.0,6.0,1.0,5.0,0.0,58.0
1821.4687465901577,64.0,6.0,1.0,5.0,0.0,58.0
1821.7687465901577,64.0,6.0,1.0,5.0,0.0,58.0
1821.7696840901576,64.0,6.0,1.0,5.0,0.0,58.0
1822.0696840901576,64.0,6.0,1.0,5.0,0.0,58.0
1822.0706215901575,64.0,6.0,1.0,5.0,0.0,58.0
1822.3706215901575,64.0,6.0,1.0,5.0,0.0,58.0
1822.3715590901575,64.0,6.0,1.0,5.0,0.0,58.0
1822.6715590901574,64.0,6.0,1.0,5.0,0.0,58.0
1822.6724965901574,64.0,6.0,1.0,5.0,0.0,58.0
1822.9724965901573,64.0,6.0,1.0,5.0,0.0,58.0
1822.9734340901573,64.0,6.0,1.0,5.0,0.0,58.0
1823.2734340901573,64.0,6.0,1.0,5.0,0.0,58.0
1823.2743715901572,64.0,6.0,1.0,5.0,0.0,58.0
1823.5743715901572,64.0,6.0,1.0,5.0,0.0,58.0
1823.5753090901571,65.0,6.0,1.0,5.0,0.0,58.0
1823.875309090157,65.0,6.0,1.0,5.0,0.0,58.0
1823.8762321670802,65.0,6.0,1.0,5.0,0.0,58.0
1824.1762321670801,65.0,6.0,1.0,5.0,0.0,58.0
1824.1771552440032,65.0,6.0,1.0,5.0,0.0,58.0
1824.4771552440031,65.0,6.0,1.0,5.0,0.0,58.0
1824.4780783209262,65.0,6.0,1.0,5.0,0.0,58.0
1824.7780783209262,65.0,6.0,1.0,5.0,0.0,58.0
1824.7790013978492,65.0,6.0,1.0,5.0,0.0,58.0
1825.0790013978492,65.0,6.0,1.0,5.0,0.0,58.0
1825.0799244747723,65.0,6.0,1.0,5.0,0.0,58.0
1825.3799244747722,65.0,6.0,1.0,5.0,0.0,58.0
1825.3808475516953,65.0,6.0,1.0,5.0,0.0,58.0
1825.6808475516953,65.0,6.0,1.0,5.0,0.0,58.0
1825.6817706286183,65.0,6.0,1.0,5.0,0.0,58.0
1825.9817706286183,65.0,6.0,1.0,5.0,0.0,58.0
1825.9826937055414,65.0,6.0,1.0,5.0,0.0,58.0
1826.2826937055413,65.0,6.0,1.0,5.0,0.0,58.0
1826.2836167824644,65.0,6.0,1.0,5.0,0.0,58.0
1826.5836167824643,65.0,6.0,1.0,5.0,0.0,58.0
1826.5845398593874,65.0,6.0,1.0,5.0,0.0,58.0
1826.8845398593874,65.0,6.0,1.0,5.0,0.0,58.0
1826.8854629363104,65.0,6.0,1.0,5.0,0.0,58.0
1827.1854629363104,65.0,6.0,1.0,5.0,0.0,58.0
1827.1863860132335,65.0,6.0,1.0,5.0,0.0,58.0
1827.4863860132334,65.0,6.0,1.0,5.0,0.0,58.0
1827.4873090901565,65.0,6.0,1.0,5.0,0.0,58.0
1827.7873090901564,65.0,6.0,1.0,5.0,0.0,58.0
1827.7882321670795,65.0,6.0,1.0,5.0,0.0,58.0
1828.0882321670795,65.0,6.0,1.0,5.0,0.0,58.0
1828.0891552440025,65.0,6.0,1.0,5.0,0.0,58.0
1828.3891552440025,65.0,6.0,1.0,5.0,0.0,58.0
1828.3900783209256,65.0,6.0,1.0,5.0,0.0,58.0
1828.6900783209255,65.0,6.0,1.0,5.0,0.0,58.0
1828.6910013978486,65.0,6.0,1.0,5.0,0.0,58.0
1828.9910013978485,65.0,6.0,1.0,5.0,0.0,58.0
1828.9919244747716,65.0,6.0,1.0,5.0,0.0,58.0
1829.2919244747716,65.0,6.0,1.0,5.0,0.0,58.0
1829.2928475516946,65.0,6.0,1.0,5.0,0.0,58.0
1829.5928475516946,65.0,6.0,1.0,5.0,0.0,58.0
1829.5937706286177,65.0,6.0,1.0,5.0,0.0,58.0
1829.8937706286176,65.0,6.0,1.0,5.0,0.0,58.0
1829.8946937055407,65.0,6.0,1.0,5.0,0.0,58.0
1830.1946937055407,65.0,6.0,1.0,5.0,0.0,58.0
1830.1956167824637,65.0,6.0,1.0,5.0,0.0,58.0
1830.4956167824637,65.0,6.0,1.0,5.0,0.0,58.0
1830.4965398593868,65.0,6.0,1.0,5.0,0.0,58.0
1830.7965398593867,65.0,6.0,1.0,5.0,0.0,58.0
1830.7974629363098,65.0,6.0,1.0,5.0,0.0,58.0
1831.0974629363097,65.0,6.0,1.0,5.0,0.0,58.0
1831.0983860132328,65.0,6.0,1.0,5.0,0.0,58.0
1831.3983860132328,65.0,6.0,1.0,5.0,0.0,58.0
1831.3993090901558,65.0,6.0,1.0,5.0,0.0,58.0
1831.6993090901558,65.0,6.0,1.0,5.0,0.0,58.0
1831.7002321670789,65.0,6.0,1.0,3.0,0.0,59.0
1832.0002321670788,65.0,6.0,1.0,3.0,0.0,59.0
1832.001155244002,65.0,6.0,1.0,3.0,0.0,59.0
1832.3011552440018,65.0,6.0,1.0,3.0,0.0,59.0
1832.302078320925,65.0,6.0,1.0,3.0,0.0,59.0
1832.6020783209249,65.0,6.0,1.0,3.0,0.0,59.0
1832.603001397848,65.0,6.0,1.0,3.0,0.0,59.0
1832.903001397848,65.0,6.0,1.0,3.0,0.0,59.0
1832.903924474771,65.0,6.0,1.0,3.0,0.0,59.0
1833.203924474771,65.0,6.0,1.0,3.0,0.0,59.0
1833.204847551694,65.0,6.0,1.0,3.0,0.0,59.0
1833.504847551694,65.0,6.0,1.0,3.0,0.0,59.0
1833.505770628617,65.0,6.0,1.0,3.0,0.0,59.0
1833.805770628617,65.0,6.0,1.0,3.0,0.0,59.0
1833.80669370554,65.0,6.0,1.0,3.0,0.0,59.0
1834.10669370554,65.0,6.0,1.0,3.0,0.0,59.0
1834.107616782463,65.0,6.0,1.0,3.0,0.0,59.0
1834.407616782463,65.0,6.0,1.0,3.0,0.0,59.0
1834.408539859386,65.0,6.0,1.0,3.0,0.0,59.0
1834.708539859386,65.0,6.0,1.0,3.0,0.0,59.0
1834.7094629363091,65.0,6.0,1.0,3.0,0.0,59.0
1835.009462936309,65.0,6.0,1.0,3.0,0.0,59.0
1835.0103860132322,65.0,6.0,1.0,3.0,0.0,59.0
1835.3103860132321,65.0,6.0,1.0,3.0,0.0,59.0
1835.3113090901552,65.0,6.0,1.0,3.0,0.0,59.0
1835.6113090901551,65.0,6.0,1.0,3.0,0.0,59.0
1835.6122321670782,65.0,6.0,1.0,3.0,0.0,59.0
1835.9122321670782,65.0,6.0,1.0,3.0,0.0,59.0
1835.9131552440012,65.0,6.0,1.0,3.0,0.0,59.0
1836.2131552440012,65.0,6.0,1.0,3.0,0.0,59.0
1836.2140783209243,65.0,6.0,1.0,3.0,0.0,59.0
1836.5140783209242,65.0,6.0,1.0,3.0,0.0,59.0
1836.5150013978473,65.0,6.0,1.0,3.0,0.0,59.0
1836.8150013978473,65.0,6.0,1.0,3.0,0.0,59.0
1836.8159244747703,65.0,6.0,1.0,3.0,0.0,59.0
1837.1159244747703,65.0,6.0,1.0,3.0,0.0,59.0
1837.1168475516934,65.0,6.0,1.0,3.0,0.0,59.0
1837.4168475516933,65.0,6.0,1.0,3.0,0.0,59.0
1837.4177706286164,65.0,6.0,1.0,3.0,0.0,59.0
1837.7177706286163,65.0,6.0,1.0,3.0,0.0,59.0
1837.7186937055394,65.0,6.0,1.0,3.0,0.0,59.0
1838.0186937055394,65.0,6.0,1.0,3.0,0.0,59.0
1838.0196167824624,65.0,6.0,1.0,3.0,0.0,59.0
1838.3196167824624,65.0,6.0,1.0,3.0,0.0,59.0
1838.3205398593855,65.0,6.0,1.0,3.0,0.0,59.0
1838.6205398593854,65.0,6.0,1.0,3.0,0.0,59.0
1838.6214629363085,65.0,6.0,1.0,3.0,0.0,59.0
1838.9214629363084,65.0,6.0,1.0,3.0,0.0,59.0
1838.9223860132315,65.0,6.0,1.0,3.0,0.0,59.0
1839.2223860132315,65.0,6.0,1.0,3.0,0.0,59.0
1839.2233090901545,65.0,6.0,1.0,3.0,0.0,59.0
1839.5233090901545,65.0,6.0,1.0,3.0,0.0,59.0
1839.5242321670776,65.0,6.0,1.0,3.0,0.0,59.0
1839.8242321670775,65.0,6.0,1.0,3.0,0.0,59.0
1839.8251552440006,65.0,6.0,1.0,3.0,0.0,59.0
1840.1251552440006,65.0,6.0,1.0,3.0,0.0,59.0
1840.1260783209236,65.0,6.0,1.0,3.0,0.0,59.0
1840.4260783209236,65.0,6.0,1.0,3.0,0.0,59.0
1840.4270013978467,65.0,6.0,1.0,3.0,0.0,59.0
1840.7270013978466,65.0,6.0,1.0,3.0,0.0,59.0
1840.7279244747697,65.0,6.0,1.0,3.0,0.0,59.0
1841.0279244747696,65.0,6.0,1.0,3.0,0.0,59.0
1841.0288475516927,65.0,6.0,1.0,3.0,0.0,59.0
1841.3288475516927,65.0,6.0,1.0,3.0,0.0,59.0
1841.3297706286157,65.0,6.0,1.0,3.0,0.0,59.0
1841.6297706286157,65.0,6.0,1.0,3.0,0.0,59.0
1841.6306937055388,65.0,6.0,1.0,3.0,0.0,59.0
1841.9306937055387,65.0,6.0,1.0,3.0,0.0,59.0
1841.9316167824618,65.0,6.0,1.0,3.0,0.0,59.0
1842.2316167824617,65.0,6.0,1.0,3.0,0.0,59.0
1842.2325398593848,65.0,6.0,1.0,3.0,0.0,59.0
1842.5325398593848,65.0,6.0,1.0,3.0,0.0,59.0
1842.5334629363078,65.0,6.0,1.0,3.0,0.0,59.0
1842.8334629363078,65.0,6.0,1.0,3.0,0.0,59.0
1842.8343860132309,65.0,6.0,1.0,3.0,0.0,59.0
1843.1343860132308,65.0,6.0,1.0,3.0,0.0,59.0
1843.135309090154,65.0,6.0,1.0,3.0,0.0,59.0
1843.4353090901539,65.0,6.0,1.0,3.0,0.0,59.0
1843.436232167077,65.0,6.0,1.0,3.0,0.0,59.0
1843.7362321670769,65.0,6.0,1.0,3.0,0.0,59.0
1843.737155244,65.0,6.0,1.0,3.0,0.0,59.0
1844.037155244,65.0,6.0,1.0,3.0,0.0,59.0
1844.038078320923,65.0,6.0,1.0,3.0,0.0,59.0
1844.338078320923,65.0,6.0,1.0,3.0,0.0,59.0
1844.339001397846,65.0,6.0,1.0,3.0,0.0,59.0
1844.639001397846,65.0,6.0,1.0,3.0,0.0,59.0
1844.639924474769,65.0,6.0,1.0,3.0,0.0,59.0
1844.939924474769,65.0,6.0,1.0,3.0,0.0,59.0
1844.940847551692,65.0,6.0,1.0,3.0,0.0,59.0
1845.240847551692,65.0,6.0,1.0,3.0,0.0,59.0
1845.241770628615,65.0,6.0,1.0,3.0,0.0,59.0
1845.541770628615,65.0,6.0,1.0,3.0,0.0,59.0
1845.542693705538,65.0,6.0,1.0,3.0,0.0,59.0
1845.842693705538,65.0,6.0,1.0,3.0,0.0,59.0
1845.8436167824611,65.0,6.0,1.0,3.0,0.0,59.0
1846.143616782461,65.0,6.0,1.0,3.0,0.0,59.0
1846.1445398593842,65.0,6.0,1.0,3.0,0.0,59.0
1846.4445398593841,65.0,6.0,1.0,3.0,0.0,59.0
1846.4454629363072,65.0,6.0,1.0,3.0,0.0,59.0
1846.7454629363071,65.0,6.0,1.0,3.0,0.0,59.0
1846.7463860132302,65.0,6.0,1.0,3.0,0.0,59.0
1847.0463860132302,65.0,6.0,1.0,3.0,0.0,59.0
1847.0473090901532,65.0,6.0,1.0,3.0,0.0,59.0
1847.3473090901532,65.0,6.0,1.0,3.0,0.0,59.0
1847.3482321670763,65.0,6.0,1.0,3.0,0.0,59.0
1847.6482321670762,65.0,6.0,1.0,3.0,0.0,59.0
1847.6491552439993,65.0,6.0,1.0,3.0,0.0,59.0
1847.9491552439993,65.0,6.0,1.0,3.0,0.0,59.0
1847.9500783209223,65.0,6.0,1.0,3.0,0.0,59.0
1848.2500783209223,65.0,6.0,1.0,3.0,0.0,59.0
1848.2510013978454,65.0,6.0,1.0,3.0,0.0,59.0
1848.5510013978453,65.0,6.0,1.0,3.0,0.0,59.0
1848.5519244747684,65.0,6.0,1.0,3.0,0.0,59.0
1848.8519244747683,65.0,6.0,1.0,3.0,0.0,59.0
1848.8528475516914,65.0,6.0,1.0,3.0,0.0,59.0
1849.1528475516914,65.0,6.0,1.0,3.0,0.0,59.0
1849.1537706286144,65.0,6.0,1.0,3.0,0.0,59.0
1849.4537706286144,65.0,6.0,1.0,3.0,0.0,59.0
1849.4546937055375,65.0,6.0,1.0,3.0,0.0,59.0
1849.7546937055374,65.0,6.0,1.0,3.0,0.0,59.0
1849.7556167824605,65.0,6.0,1.0,3.0,0.0,59.0
1850.0556167824604,65.0,6.0,1.0,3.0,0.0,59.0
1850.0565398593835,65.0,6.0,1.0,3.0,0.0,59.0
1850.3565398593835,65.0,6.0,1.0,3.0,0.0,59.0
1850.3574629363065,65.0,6.0,1.0,3.0,0.0,59.0
1850.6574629363065,65.0,6.0,1.0,3.0,0.0,59.0
1850.6583860132296,65.0,6.0,1.0,3.0,0.0,59.0
1850.9583860132295,65.0,6.0,1.0,3.0,0.0,59.0
1850.9593090901526,65.0,6.0,1.0,3.0,0.0,59.0
1851.2593090901526,65.0,6.0,1.0,3.0,0.0,59.0
1851.2602321670756,65.0,6.0,1.0,3.0,0.0,59.0
1851.5602321670756,65.0,6.0,1.0,3.0,0.0,59.0
1851.5611552439987,65.0,6.0,1.0,3.0,0.0,59.0
1851.8611552439986,65.0,6.0,1.0,3.0,0.0,59.0
1851.8620783209217,65.0,6.0,1.0,3.0,0.0,59.0
1852.1620783209216,65.0,6.0,1.0,3.0,0.0,59.0
1852.1630013978447,65.0,6.0,1.0,3.0,0.0,59.0
1852.4630013978447,65.0,6.0,1.0,3.0,0.0,59.0
1852.4639244747677,65.0,6.0,1.0,3.0,0.0,59.0
1852.7639244747677,65.0,6.0,1.0,3.0,0.0,59.0
1852.7648475516908,65.0,6.0,1.0,3.0,0.0,59.0
1853.0648475516907,65.0,6.0,1.0,3.0,0.0,59.0
1853.0657706286138,65.0,6.0,1.0,3.0,0.0,59.0
1853.3657706286137,65.0,6.0,1.0,3.0,0.0,59.0
1853.3666937055368,65.0,6.0,1.0,3.0,0.0,59.0
1853.6666937055368,65.0,6.0,1.0,3.0,0.0,59.0
1853.6676167824598,65.0,6.0,1.0,3.0,0.0,59.0
1853.9676167824598,65.0,6.0,1.0,3.0,0.0,59.0
1853.9685398593829,65.0,6.0,1.0,3.0,0.0,59.0
1854.2685398593828,65.0,6.0,1.0,3.0,0.0,59.0
1854.269462936306,65.0,6.0,1.0,3.0,0.0,59.0
1854.5694629363059,65.0,6.0,1.0,3.0,0.0,59.0
1854.570386013229,65.0,6.0,1.0,3.0,0.0,59.0
1854.8703860132289,65.0,6.0,1.0,3.0,0.0,59.0
1854.871309090152,65.0,6.0,1.0,3.0,0.0,59.0
1855.171309090152,65.0,6.0,1.0,3.0,0.0,59.0
1855.172232167075,65.0,6.0,1.0,3.0,0.0,59.0
1855.472232167075,65.0,6.0,1.0,3.0,0.0,59.0
1855.473155243998,65.0,6.0,1.0,3.0,0.0,59.0
1855.773155243998,65.0,6.0,1.0,3.0,0.0,59.0
1855.774078320921,65.0,6.0,1.0,3.0,0.0,59.0
1856.074078320921,65.0,6.0,1.0,3.0,0.0,59.0
1856.075001397844,65.0,6.0,1.0,3.0,0.0,59.0
1856.375001397844,65.0,6.0,1.0,3.0,0.0,59.0
1856.375924474767,65.0,6.0,1.0,3.0,0.0,59.0
1856.675924474767,65.0,6.0,1.0,3.0,0.0,59.0
1856.6768475516901,65.0,6.0,1.0,3.0,0.0,59.0
1856.97684755169,65.0,6.0,1.0,3.0,0.0,59.0
1856.9777706286131,65.0,6.0,1.0,3.0,0.0,59.0
1857.277770628613,65.0,6.0,1.0,3.0,0.0,59.0
1857.2786937055362,65.0,6.0,1.0,3.0,0.0,59.0
1857.5786937055361,65.0,6.0,1.0,3.0,0.0,59.0
1857.5796167824592,65.0,6.0,1.0,3.0,0.0,59.0
1857.8796167824592,65.0,6.0,1.0,3.0,0.0,59.0
1857.8805398593822,65.0,6.0,1.0,3.0,0.0,59.0
1858.1805398593822,65.0,6.0,1.0,3.0,0.0,59.0
1858.1814629363053,64.0,6.0,1.0,3.0,0.0,59.0
1858.4814629363052,64.0,6.0,1.0,3.0,0.0,59.0
1858.4824004363052,64.0,6.0,1.0,3.0,0.0,59.0
1858.7824004363051,64.0,6.0,1.0,3.0,0.0,59.0
1858.783337936305,64.0,6.0,1.0,3.0,0.0,59.0
1859.083337936305,64.0,6.0,1.0,3.0,0.0,59.0
1859.084275436305,64.0,6.0,1.0,3.0,0.0,59.0
1859.384275436305,64.0,6.0,1.0,3.0,0.0,59.0
1859.385212936305,64.0,6.0,1.0,3.0,0.0,59.0
1859.6852129363049,64.0,6.0,1.0,3.0,0.0,59.0
1859.6861504363048,64.0,6.0,1.0,3.0,0.0,59.0
1859.9861504363048,64.0,6.0,1.0,3.0,0.0,59.0
1859.9870879363048,64.0,6.0,1.0,3.0,0.0,59.0
1860.2870879363047,64.0,6.0,1.0,3.0,0.0,59.0
1860.2880254363047,64.0,6.0,1.0,3.0,0.0,59.0
1860.5880254363046,64.0,6.0,1.0,3.0,0.0,59.0
1860.5889629363046,64.0,6.0,1.0,3.0,0.0,59.0
1860.8889629363046,64.0,6.0,1.0,3.0,0.0,59.0
1860.8899004363045,64.0,6.0,1.0,3.0,0.0,59.0
1861.1899004363045,64.0,6.0,1.0,3.0,0.0,59.0
1861.1908379363044,64.0,6.0,1.0,3.0,0.0,59.0
1861.4908379363044,64.0,6.0,1.0,3.0,0.0,59.0
1861.4917754363044,64.0,6.0,1.0,3.0,0.0,59.0
1861.7917754363043,64.0,6.0,1.0,3.0,0.0,59.0
1861.7927129363043,65.0,6.0,1.0,3.0,0.0,59.0
1862.0927129363042,65.0,6.0,1.0,3.0,0.0,59.0
1862.0936360132273,65.0,6.0,1.0,3.0,0.0,59.0
1862.3936360132273,65.0,6.0,1.0,3.0,0.0,59.0
1862.3945590901503,64.0,6.0,1.0,3.0,0.0,59.0
1862.6945590901503,64.0,6.0,1.0,3.0,0.0,59.0
1862.6954965901502,64.0,6.0,1.0,3.0,0.0,59.0
1862.9954965901502,64.0,6.0,1.0,3.0,0.0,59.0
1862.9964340901502,64.0,6.0,1.0,3.0,0.0,59.0
1863.2964340901501,64.0,6.0,1.0,3.0,0.0,59.0
1863.29737159015,64.0,6.0,1.0,3.0,0.0,59.0
1863.59737159015,64.0,6.0,1.0,3.0,0.0,59.0
1863.59830909015,64.0,6.0,1.0,3.0,0.0,59.0
1863.89830909015,64.0,6.0,1.0,3.0,0.0,59.0
1863.89924659015,64.0,6.0,1.0,3.0,0.0,59.0
1864.1992465901499,64.0,6.0,1.0,3.0,0.0,59.0
1864.2001840901498,64.0,6.0,1.0,3.0,0.0,59.0
1864.5001840901498,64.0,6.0,1.0,3.0,0.0,59.0
1864.5011215901498,64.0,6.0,1.0,3.0,0.0,59.0
1864.8011215901497,64.0,6.0,1.0,3.0,0.0,59.0
1864.8020590901497,64.0,6.0,1.0,3.0,0.0,59.0
1865.1020590901496,64.0,6.0,1.0,3.0,0.0,59.0
1865.1029965901496,64.0,6.0,1.0,3.0,0.0,59.0
1865.4029965901495,64.0,6.0,1.0,3.0,0.0,59.0
1865.4039340901495,64.0,6.0,1.0,3.0,0.0,59.0
1865.7039340901495,64.0,6.0,1.0,3.0,0.0,59.0
1865.7048715901494,64.0,6.0,1.0,3.0,0.0,59.0
1866.0048715901494,64.0,6.0,1.0,3.0,0.0,59.0
1866.0058090901493,64.0,6.0,1.0,3.0,0.0,59.0
1866.3058090901493,64.0,6.0,1.0,3.0,0.0,59.0
1866.3067465901493,64.0,6.0,1.0,3.0,0.0,59.0
1866.6067465901492,64.0,6.0,1.0,3.0,0.0,59.0
1866.6076840901492,64.0,6.0,1.0,3.0,0.0,59.0
1866.9076840901491,64.0,6.0,1.0,3.0,0.0,59.0
1866.908621590149,64.0,6.0,1.0,3.0,0.0,59.0
1867.208621590149,64.0,6.0,1.0,3.0,0.0,59.0
1867.209559090149,64.0,6.0,1.0,3.0,0.0,59.0
1867.509559090149,64.0,6.0,1.0,3.0,0.0,59.0
1867.510496590149,64.0,6.0,1.0,3.0,0.0,59.0
1867.810496590149,64.0,6.0,1.0,3.0,0.0,59.0
1867.8114340901489,64.0,6.0,1.0,3.0,0.0,59.0
1868.1114340901488,64.0,6.0,1.0,3.0,0.0,59.0
1868.1123715901488,64.0,6.0,1.0,3.0,0.0,59.0
1868.4123715901487,64.0,6.0,1.0,3.0,0.0,59.0
1868.4133090901487,64.0,6.0,1.0,3.0,0.0,59.0
1868.7133090901486,64.0,6.0,1.0,3.0,0.0,59.0
1868.7142465901486,64.0,6.0,1.0,3.0,0.0,59.0
1869.0142465901486,64.0,6.0,1.0,3.0,0.0,59.0
1869.0151840901485,64.0,6.0,1.0,3.0,0.0,59.0
1869.3151840901485,64.0,6.0,1.0,3.0,0.0,59.0
1869.3161215901484,64.0,6.0,1.0,3.0,0.0,59.0
1869.6161215901484,64.0,6.0,1.0,3.0,0.0,59.0
1869.6170590901484,64.0,6.0,1.0,3.0,0.0,59.0
1869.9170590901483,64.0,6.0,1.0,3.0,0.0,59.0
1869.9179965901483,64.0,6.0,1.0,3.0,0.0,59.0
1870.2179965901482,64.0,6.0,1.0,3.0,0.0,59.0
1870.2189340901482,64.0,6.0,1.0,3.0,0.0,59.0
1870.5189340901482,64.0,6.0,1.0,3.0,0.0,59.0
1870.519871590148,64.0,6.0,1.0,3.0,0.0,59.0
1870.819871590148,64.0,6.0,1.0,3.0,0.0,59.0
1870.820809090148,64.0,6.0,1.0,3.0,0.0,59.0
1871.120809090148,64.0,6.0,1.0,3.0,0.0,59.0
1871.121746590148,65.0,6.0,1.0,3.0,0.0,59.0
1871.421746590148,65.0,6.0,1.0,3.0,0.0,59.0
1871.422669667071,65.0,6.0,1.0,3.0,0.0,59.0
1871.722669667071,65.0,6.0,1.0,3.0,0.0,59.0
1871.723592743994,66.0,6.0,1.0,3.0,0.0,59.0
1872.023592743994,66.0,6.0,1.0,3.0,0.0,59.0
1872.024501834903,66.0,6.0,1.0,3.0,0.0,59.0
1872.324501834903,66.0,6.0,1.0,3.0,0.0,59.0
1872.325410925812,66.0,6.0,1.0,3.0,0.0,59.0
1872.625410925812,66.0,6.0,1.0,3.0,0.0,59.0
1872.6263200167211,66.0,6.0,1.0,3.0,0.0,59.0
1872.926320016721,66.0,6.0,1.0,3.0,0.0,59.0
1872.9272291076302,66.0,6.0,1.0,3.0,0.0,59.0
1873.2272291076301,66.0,6.0,1.0,3.0,0.0,59.0
1873.2281381985392,66.0,6.0,1.0,3.0,0.0,59.0
1873.5281381985392,66.0,6.0,1.0,3.0,0.0,59.0
1873.5290472894483,66.0,6.0,1.0,3.0,0.0,59.0
1873.8290472894482,66.0,6.0,1.0,3.0,0.0,59.0
1873.8299563803573,66.0,6.0,1.0,3.0,0.0,59.0
1874.1299563803573,66.0,6.0,1.0,3.0,0.0,59.0
1874.1308654712664,66.0,6.0,1.0,3.0,0.0,59.0
1874.4308654712663,66.0,6.0,1.0,3.0,0.0,59.0
1874.4317745621754,66.0,6.0,1.0,3.0,0.0,59.0
1874.7317745621754,66.0,6.0,1.0,3.0,0.0,59.0
1874.7326836530845,66.0,6.0,1.0,3.0,0.0,59.0
1875.0326836530844,66.0,6.0,1.0,3.0,0.0,59.0
1875.0335927439935,66.0,6.0,1.0,3.0,0.0,59.0
1875.3335927439934,66.0,6.0,1.0,3.0,0.0,59.0
1875.3345018349025,66.0,6.0,1.0,3.0,0.0,59.0
1875.6345018349025,66.0,6.0,1.0,3.0,0.0,59.0
1875.6354109258116,66.0,6.0,1.0,3.0,0.0,59.0
1875.9354109258115,66.0,6.0,1.0,3.0,0.0,59.0
1875.9363200167206,66.0,6.0,1.0,3.0,0.0,59.0
1876.2363200167206,66.0,6.0,1.0,3.0,0.0,59.0
1876.2372291076297,66.0,6.0,1.0,3.0,0.0,59.0
1876.5372291076296,66.0,6.0,1.0,3.0,0.0,59.0
1876.5381381985387,66.0,6.0,1.0,3.0,0.0,59.0
1876.8381381985387,66.0,6.0,1.0,3.0,0.0,59.0
1876.8390472894478,66.0,6.0,1.0,3.0,0.0,59.0
1877.1390472894477,66.0,6.0,1.0,3.0,0.0,59.0
1877.1399563803568,66.0,6.0,1.0,3.0,0.0,59.0
1877.4399563803568,66.0,6.0,1.0,3.0,0.0,59.0
1877.4408654712659,66.0,6.0,1.0,3.0,0.0,59.0
1877.7408654712658,66.0,6.0,1.0,3.0,0.0,59.0
1877.741774562175,66.0,6.0,1.0,3.0,0.0,59.0
1878.0417745621749,66.0,6.0,1.0,3.0,0.0,59.0
1878.042683653084,66.0,6.0,1.0,3.0,0.0,59.0
1878.342683653084,66.0,6.0,1.0,3.0,0.0,59.0
1878.343592743993,66.0,6.0,1.0,3.0,0.0,59.0
1878.643592743993,66.0,6.0,1.0,3.0,0.0,59.0
1878.644501834902,66.0,6.0,1.0,3.0,0.0,59.0
1878.944501834902,66.0,6.0,1.0,3.0,0.0,59.0
1878.945410925811,66.0,6.0,1.0,3.0,0.0,59.0
1879.245410925811,66.0,6.0,1.0,3.0,0.0,59.0
1879.2463200167201,66.0,6.0,1.0,3.0,0.0,59.0
1879.54632001672,66.0,6.0,1.0,3.0,0.0,59.0
1879.5472291076292,66.0,6.0,1.0,3.0,0.0,59.0
1879.8472291076291,66.0,6.0,1.0,3.0,0.0,59.0
1879.8481381985382,66.0,6.0,1.0,3.0,0.0,59.0
1880.1481381985382,66.0,6.0,1.0,3.0,0.0,59.0
1880.1490472894473,66.0,6.0,1.0,3.0,0.0,59.0
1880.4490472894472,66.0,6.0,1.0,3.0,0.0,59.0
1880.4499563803563,66.0,6.0,1.0,3.0,0.0,59.0
1880.7499563803563,66.0,6.0,1.0,3.0,0.0,59.0
1880.7508654712653,66.0,6.0,1.0,3.0,0.0,59.0
1881.0508654712653,66.0,6.0,1.0,3.0,0.0,59.0
1881.0517745621744,66.0,6.0,1.0,3.0,0.0,59.0
1881.3517745621743,66.0,6.0,1.0,3.0,0.0,59.0
1881.3526836530834,66.0,6.0,1.0,3.0,0.0,59.0
1881.6526836530834,66.0,6.0,1.0,3.0,0.0,59.0
1881.6535927439925,66.0,6.0,1.0,3.0,0.0,59.0
1881.9535927439924,66.0,6.0,1.0,3.0,0.0,59.0
1881.9545018349015,66.0,6.0,1.0,3.0,0.0,59.0
1882.2545018349015,66.0,6.0,1.0,3.0,0.0,59.0
1882.2554109258106,66.0,6.0,1.0,3.0,0.0,59.0
1882.5554109258105,66.0,6.0,1.0,3.0,0.0,59.0
1882.5563200167196,66.0,6.0,1.0,3.0,0.0,59.0
1882.8563200167196,66.0,6.0,1.0,3.0,0.0,59.0
1882.8572291076287,66.0,6.0,1.0,3.0,0.0,59.0
1883.1572291076286,66.0,6.0,1.0,3.0,0.0,59.0
1883.1581381985377,66.0,6.0,1.0,3.0,0.0,59.0
1883.4581381985377,66.0,6.0,1.0,3.0,0.0,59.0
1883.4590472894467,66.0,6.0,1.0,3.0,0.0,59.0
1883.7590472894467,66.0,6.0,1.0,3.0,0.0,59.0
1883.7599563803558,66.0,6.0,1.0,3.0,0.0,59.0
1884.0599563803557,66.0,6.0,1.0,3.0,0.0,59.0
1884.0608654712648,66.0,6.0,1.0,3.0,0.0,59.0
1884.3608654712648,66.0,6.0,1.0,3.0,0.0,59.0
1884.3617745621739,66.0,6.0,1.0,3.0,0.0,59.0
1884.6617745621738,66.0,6.0,1.0,3.0,0.0,59.0
1884.662683653083,66.0,6.0,1.0,3.0,0.0,59.0
1884.9626836530829,66.0,6.0,1.0,3.0,0.0,59.0
1884.963592743992,66.0,6.0,1.0,3.0,0.0,59.0
1885.263592743992,66.0,6.0,1.0,3.0,0.0,59.0
1885.264501834901,66.0,6.0,1.0,3.0,0.0,59.0
1885.564501834901,66.0,6.0,1.0,3.0,0.0,59.0
1885.56541092581,65.0,6.0,1.0,3.0,0.0,59.0
1885.86541092581,65.0,6.0,1.0,3.0,0.0,59.0
1885.866334002733,65.0,6.0,1.0,3.0,0.0,59.0
1886.166334002733,65.0,6.0,1.0,3.0,0.0,59.0
1886.167257079656,65.0,6.0,1.0,3.0,0.0,59.0
1886.467257079656,65.0,6.0,1.0,3.0,0.0,59.0
1886.4681801565791,65.0,6.0,1.0,3.0,0.0,59.0
1886.768180156579,65.0,6.0,1.0,3.0,0.0,59.0
1886.7691032335022,65.0,6.0,1.0,3.0,0.0,59.0
1887.0691032335021,65.0,6.0,1.0,3.0,0.0,59.0
1887.0700263104252,65.0,6.0,1.0,3.0,0.0,59.0
1887.3700263104251,65.0,6.0,1.0,3.0,0.0,59.0
1887.3709493873482,65.0,6.0,1.0,3.0,0.0,59.0
1887.6709493873482,65.0,6.0,1.0,3.0,0.0,59.0
1887.6718724642712,65.0,6.0,1.0,3.0,0.0,59.0
1887.9718724642712,65.0,6.0,1.0,3.0,0.0,59.0
1887.9727955411943,65.0,6.0,1.0,3.0,0.0,59.0
1888.2727955411942,65.0,6.0,1.0,3.0,0.0,59.0
1888.2737186181173,65.0,6.0,1.0,3.0,0.0,59.0
1888.5737186181173,65.0,6.0,1.0,3.0,0.0,59.0
1888.5746416950403,65.0,6.0,1.0,3.0,0.0,59.0
1888.8746416950403,65.0,6.0,1.0,3.0,0.0,59.0
1888.8755647719634,65.0,6.0,1.0,3.0,0.0,59.0
1889.1755647719633,65.0,6.0,1.0,3.0,0.0,59.0
1889.1764878488864,65.0,6.0,1.0,3.0,0.0,59.0
1889.4764878488863,65.0,6.0,1.0,3.0,0.0,59.0
1889.4774109258094,65.0,6.0,1.0,3.0,0.0,59.0
1889.7774109258094,65.0,6.0,1.0,3.0,0.0,59.0
1889.7783340027324,65.0,6.0,1.0,3.0,0.0,59.0
1890.0783340027324,65.0,6.0,1.0,3.0,0.0,59.0
1890.0792570796555,65.0,6.0,1.0,3.0,0.0,59.0
1890.3792570796554,65.0,6.0,1.0,3.0,0.0,59.0
1890.3801801565785,65.0,6.0,1.0,3.0,0.0,59.0
1890.6801801565784,65.0,6.0,1.0,3.0,0.0,59.0
1890.6811032335015,65.0,6.0,1.0,3.0,0.0,59.0
1890.9811032335015,65.0,6.0,1.0,3.0,0.0,59.0
1890.9820263104245,65.0,6.0,1.0,3.0,0.0,59.0
1891.2820263104245,65.0,6.0,1.0,3.0,0.0,59.0
1891.2829493873476,65.0,6.0,1.0,3.0,0.0,59.0
1891.5829493873475,65.0,6.0,1.0,3.0,0.0,59.0
1891.5838724642706,65.0,6.0,1.0,3.0,0.0,59.0
1891.8838724642706,65.0,6.0,1.0,3.0,0.0,59.0
1891.8847955411936,65.0,6.0,1.0,3.0,0.0,59.0
1892.1847955411936,65.0,6.0,1.0,3.0,0.0,59.0
1892.1857186181167,65.0,6.0,1.0,3.0,0.0,59.0
1892.4857186181166,65.0,6.0,1.0,3.0,0.0,59.0
1892.4866416950397,65.0,6.0,1.0,3.0,0.0,59.0
1892.7866416950396,65.0,6.0,1.0,3.0,0.0,59.0
1892.7875647719627,65.0,6.0,1.0,3.0,0.0,59.0
1893.0875647719627,65.0,6.0,1.0,3.0,0.0,59.0
1893.0884878488857,65.0,6.0,1.0,3.0,0.0,59.0
1893.3884878488857,65.0,6.0,1.0,3.0,0.0,59.0
1893.3894109258088,65.0,6.0,1.0,3.0,0.0,59.0
1893.6894109258087,65.0,6.0,1.0,3.0,0.0,59.0
1893.6903340027318,65.0,6.0,1.0,3.0,0.0,59.0
1893.9903340027317,65.0,6.0,1.0,3.0,0.0,59.0
1893.9912570796548,65.0,6.0,1.0,3.0,0.0,59.0
1894.2912570796548,65.0,6.0,1.0,3.0,0.0,59.0
1894.2921801565778,65.0,6.0,1.0,3.0,0.0,59.0
1894.5921801565778,65.0,6.0,1.0,3.0,0.0,59.0
1894.5931032335009,65.0,6.0,1.0,3.0,0.0,59.0
1894.8931032335008,65.0,6.0,1.0,3.0,0.0,59.0
1894.894026310424,65.0,6.0,1.0,3.0,0.0,59.0
1895.1940263104239,65.0,6.0,1.0,3.0,0.0,59.0
1895.194949387347,65.0,6.0,1.0,3.0,0.0,59.0
1895.4949493873469,65.0,6.0,1.0,3.0,0.0,59.0
1895.49587246427,65.0,6.0,1.0,3.0,0.0,59.0
1895.79587246427,65.0,6.0,1.0,3.0,0.0,59.0
1895.796795541193,65.0,6.0,1.0,3.0,0.0,59.0
1896.096795541193,65.0,6.0,1.0,3.0,0.0,59.0
1896.097718618116,65.0,6.0,1.0,3.0,0.0,59.0
1896.397718618116,65.0,6.0,1.0,3.0,0.0,59.0
1896.398641695039,65.0,6.0,1.0,3.0,0.0,59.0
1896.698641695039,65.0,6.0,1.0,3.0,0.0,59.0
1896.699564771962,65.0,6.0,1.0,3.0,0.0,59.0
1896.999564771962,65.0,6.0,1.0,3.0,0.0,59.0
1897.000487848885,65.0,6.0,1.0,3.0,0.0,59.0
1897.300487848885,65.0,6.0,1.0,3.0,0.0,59.0
1897.301410925808,65.0,6.0,1.0,3.0,0.0,59.0
1897.601410925808,65.0,6.0,1.0,3.0,0.0,59.0
1897.6023340027311,65.0,6.0,1.0,3.0,0.0,59.0
1897.902334002731,65.0,6.0,1.0,3.0,0.0,59.0
1897.9032570796542,65.0,6.0,1.0,3.0,0.0,59.0
1898.2032570796541,65.0,6.0,1.0,3.0,0.0,59.0
1898.2041801565772,65.0,6.0,1.0,3.0,0.0,59.0
1898.5041801565771,65.0,6.0,1.0,3.0,0.0,59.0
1898.5051032335002,65.0,6.0,1.0,3.0,0.0,59.0
1898.8051032335002,65.0,6.0,1.0,3.0,0.0,59.0
1898.8060263104232,65.0,6.0,1.0,3.0,0.0,59.0
1899.1060263104232,65.0,6.0,1.0,3.0,0.0,59.0
1899.1069493873463,65.0,6.0,1.0,3.0,0.0,59.0
1899.4069493873462,65.0,6.0,1.0,3.0,0.0,59.0
1899.4078724642693,65.0,6.0,1.0,3.0,0.0,59.0
1899.7078724642693,65.0,6.0,1.0,3.0,0.0,59.0
1899.7087955411923,65.0,6.0,1.0,3.0,0.0,59.0
1900.0087955411923,65.0,6.0,1.0,3.0,0.0,59.0
1900.0097186181154,65.0,6.0,1.0,3.0,0.0,59.0
1900.3097186181153,65.0,6.0,1.0,3.0,0.0,59.0
1900.3106416950384,65.0,6.0,1.0,3.0,0.0,59.0
1900.6106416950383,65.0,6.0,1.0,3.0,0.0,59.0
1900.6115647719614,65.0,6.0,1.0,3.0,0.0,59.0
1900.9115647719614,65.0,6.0,1.0,3.0,0.0,59.0
1900.9124878488844,65.0,6.0,1.0,3.0,0.0,59.0
1901.2124878488844,65.0,6.0,1.0,3.0,0.0,59.0
1901.2134109258075,65.0,6.0,1.0,3.0,0.0,59.0
1901.5134109258074,65.0,6.0,1.0,3.0,0.0,59.0
1901.5143340027305,65.0,6.0,1.0,3.0,0.0,59.0
1901.8143340027304,65.0,6.0,1.0,3.0,0.0,59.0
1901.8152570796535,65.0,6.0,1.0,3.0,0.0,59.0
1902.1152570796535,65.0,6.0,1.0,3.0,0.0,59.0
1902.1161801565765,65.0,6.0,1.0,3.0,0.0,59.0
1902.4161801565765,65.0,6.0,1.0,3.0,0.0,59.0
1902.4171032334996,65.0,6.0,1.0,3.0,0.0,59.0
1902.7171032334995,65.0,6.0,1.0,3.0,0.0,59.0
1902.7180263104226,65.0,6.0,1.0,3.0,0.0,59.0
1903.0180263104226,65.0,6.0,1.0,3.0,0.0,59.0
1903.0189493873456,65.0,6.0,1.0,3.0,0.0,59.0
1903.3189493873456,65.0,6.0,1.0,3.0,0.0,59.0
1903.3198724642687,65.0,6.0,1.0,3.0,0.0,59.0
1903.6198724642686,65.0,6.0,1.0,3.0,0.0,59.0
1903.6207955411917,65.0,6.0,1.0,3.0,0.0,59.0
1903.9207955411916,65.0,6.0,1.0,3.0,0.0,59.0
1903.9217186181147,65.0,6.0,1.0,3.0,0.0,59.0
1904.2217186181147,65.0,6.0,1.0,3.0,0.0,59.0
1904.2226416950377,65.0,6.0,1.0,3.0,0.0,59.0
1904.5226416950377,65.0,6.0,1.0,3.0,0.0,59.0
1904.5235647719608,65.0,6.0,1.0,3.0,0.0,59.0
1904.8235647719607,65.0,6.0,1.0,3.0,0.0,59.0
1904.8244878488838,65.0,6.0,1.0,3.0,0.0,59.0
1905.1244878488837,65.0,6.0,1.0,3.0,0.0,59.0
1905.1254109258068,65.0,6.0,1.0,3.0,0.0,59.0
1905.4254109258068,65.0,6.0,1.0,3.0,0.0,59.0
1905.4263340027298,65.0,6.0,1.0,3.0,0.0,59.0
1905.7263340027298,65.0,6.0,1.0,3.0,0.0,59.0
1905.7272570796529,65.0,6.0,1.0,3.0,0.0,59.0
1906.0272570796528,65.0,6.0,1.0,3.0,0.0,59.0
1906.028180156576,65.0,6.0,1.0,3.0,0.0,59.0
1906.3281801565759,65.0,6.0,1.0,3.0,0.0,59.0
1906.329103233499,65.0,6.0,1.0,3.0,0.0,59.0
1906.6291032334989,65.0,6.0,1.0,3.0,0.0,59.0
1906.630026310422,65.0,6.0,1.0,3.0,0.0,59.0
1906.930026310422,65.0,6.0,1.0,3.0,0.0,59.0
1906.930949387345,65.0,6.0,1.0,3.0,0.0,59.0
1907.230949387345,65.0,6.0,1.0,3.0,0.0,59.0
1907.231872464268,65.0,6.0,1.0,3.0,0.0,59.0
1907.531872464268,65.0,6.0,1.0,3.0,0.0,59.0
1907.532795541191,65.0,6.0,1.0,3.0,0.0,59.0
1907.832795541191,65.0,6.0,1.0,3.0,0.0,59.0
1907.833718618114,65.0,6.0,1.0,3.0,0.0,59.0
1908.133718618114,65.0,6.0,1.0,3.0,0.0,59.0
1908.134641695037,65.0,6.0,1.0,3.0,0.0,59.0
1908.434641695037,65.0,6.0,1.0,3.0,0.0,59.0
1908.4355647719601,65.0,6.0,1.0,3.0,0.0,59.0
1908.73556477196,65.0,6.0,1.0,3.0,0.0,59.0
1908.7364878488831,65.0,6.0,1.0,3.0,0.0,59.0
1909.036487848883,65.0,6.0,1.0,3.0,0.0,59.0
1909.0374109258062,65.0,6.0,1.0,3.0,0.0,59.0
1909.3374109258061,65.0,6.0,1.0,3.0,0.0,59.0
1909.3383340027292,65.0,6.0,1.0,3.0,0.0,59.0
1909.6383340027292,65.0,6.0,1.0,3.0,0.0,59.0
1909.6392570796522,65.0,6.0,1.0,3.0,0.0,59.0
1909.9392570796522,65.0,6.0,1.0,3.0,0.0,59.0
1909.9401801565753,65.0,6.0,1.0,3.0,0.0,59.0
1910.2401801565752,65.0,6.0,1.0,3.0,0.0,59.0
1910.2411032334983,66.0,6.0,1.0,3.0,0.0,59.0
1910.5411032334982,66.0,6.0,1.0,3.0,0.0,59.0
1910.5420123244073,66.0,6.0,1.0,3.0,0.0,59.0
1910.8420123244073,66.0,6.0,1.0,3.0,0.0,59.0
1910.8429214153164,66.0,6.0,1.0,3.0,0.0,59.0
1911.1429214153163,66.0,6.0,1.0,3.0,0.0,59.0
1911.1438305062254,66.0,6.0,1.0,3.0,0.0,59.0
1911.4438305062254,66.0,6.0,1.0,3.0,0.0,59.0
1911.4447395971345,66.0,6.0,1.0,3.0,0.0,59.0
1911.7447395971344,66.0,6.0,1.0,3.0,0.0,59.0
1911.7456486880435,66.0,6.0,1.0,3.0,0.0,59.0
1912.0456486880435,66.0,6.0,1.0,3.0,0.0,59.0
1912.0465577789525,66.0,6.0,1.0,3.0,0.0,59.0
1912.3465577789525,66.0,6.0,1.0,3.0,0.0,59.0
1912.3474668698616,66.0,6.0,1.0,3.0,0.0,59.0
1912.6474668698615,66.0,6.0,1.0,3.0,0.0,59.0
1912.6483759607706,66.0,6.0,1.0,3.0,0.0,59.0
1912.9483759607706,66.0,6.0,1.0,3.0,0.0,59.0
1912.9492850516797,66.0,6.0,1.0,3.0,0.0,59.0
1913.2492850516796,66.0,6.0,1.0,3.0,0.0,59.0
1913.2501941425887,66.0,6.0,1.0,3.0,0.0,59.0
1913.5501941425887,66.0,6.0,1.0,3.0,0.0,59.0
1913.5511032334978,66.0,6.0,1.0,3.0,0.0,59.0
1913.8511032334977,66.0,6.0,1.0,3.0,0.0,59.0
1913.8520123244068,66.0,6.0,1.0,3.0,0.0,59.0
1914.1520123244068,66.0,6.0,1.0,3.0,0.0,59.0
1914.1529214153159,66.0,6.0,1.0,3.0,0.0,59.0
1914.4529214153158,66.0,6.0,1.0,3.0,0.0,59.0
1914.453830506225,66.0,6.0,1.0,3.0,0.0,59.0
1914.7538305062249,66.0,6.0,1.0,3.0,0.0,59.0
1914.754739597134,66.0,6.0,1.0,3.0,0.0,59.0
1915.054739597134,66.0,6.0,1.0,3.0,0.0,59.0
1915.055648688043,66.0,6.0,1.0,3.0,0.0,59.0
1915.355648688043,66.0,6.0,1.0,3.0,0.0,59.0
1915.356557778952,66.0,6.0,1.0,3.0,0.0,59.0
1915.656557778952,66.0,6.0,1.0,3.0,0.0,59.0
1915.657466869861,66.0,6.0,1.0,3.0,0.0,59.0
1915.957466869861,66.0,6.0,1.0,3.0,0.0,59.0
1915.9583759607701,66.0,6.0,1.0,3.0,0.0,59.0
1916.25837596077,66.0,6.0,1.0,3.0,0.0,59.0
1916.2592850516792,66.0,6.0,1.0,3.0,0.0,59.0
1916.5592850516791,66.0,6.0,1.0,3.0,0.0,59.0
1916.5601941425882,66.0,6.0,1.0,3.0,0.0,59.0
1916.8601941425882,66.0,6.0,1.0,3.0,0.0,59.0
1916.8611032334973,66.0,6.0,1.0,3.0,0.0,59.0
1917.1611032334972,66.0,6.0,1.0,3.0,0.0,59.0
1917.1620123244063,66.0,6.0,1.0,3.0,0.0,59.0
1917.4620123244063,66.0,6.0,1.0,3.0,0.0,59.0
1917.4629214153153,66.0,6.0,1.0,3.0,0.0,59.0
1917.7629214153153,66.0,6.0,1.0,3.0,0.0,59.0
1917.7638305062244,66.0,6.0,1.0,3.0,0.0,59.0
1918.0638305062243,66.0,6.0,1.0,3.0,0.0,59.0
1918.0647395971334,66.0,6.0,1.0,3.0,0.0,59.0
1918.3647395971334,66.0,6.0,1.0,3.0,0.0,59.0
1918.3656486880425,66.0,6.0,1.0,3.0,0.0,59.0
1918.6656486880424,66.0,6.0,1.0,3.0,0.0,59.0
1918.6665577789515,66.0,6.0,1.0,3.0,0.0,59.0
1918.9665577789515,66.0,6.0,1.0,3.0,0.0,59.0
1918.9674668698606,66.0,6.0,1.0,3.0,0.0,59.0
1919.2674668698605,66.0,6.0,1.0,3.0,0.0,59.0
1919.2683759607696,66.0,6.0,1.0,3.0,0.0,59.0
1919.5683759607696,66.0,6.0,1.0,3.0,0.0,59.0
1919.5692850516787,66.0,6.0,1.0,3.0,0.0,59.0
1919.8692850516786,66.0,6.0,1.0,3.0,0.0,59.0
1919.8701941425877,66.0,6.0,1.0,3.0,0.0,59.0
1920.1701941425877,66.0,6.0,1.0,3.0,0.0,59.0
1920.1711032334968,66.0,6.0,1.0,3.0,0.0,59.0
1920.4711032334967,66.0,6.0,1.0,3.0,0.0,59.0
1920.4720123244058,66.0,6.0,1.0,3.0,0.0,59.0
1920.7720123244058,66.0,6.0,1.0,3.0,0.0,59.0
1920.7729214153148,66.0,6.0,1.0,3.0,0.0,59.0
1921.0729214153148,66.0,6.0,1.0,3.0,0.0,59.0
1921.0738305062239,66.0,6.0,1.0,3.0,0.0,59.0
1921.3738305062238,66.0,6.0,1.0,3.0,0.0,59.0
1921.374739597133,66.0,6.0,1.0,3.0,0.0,59.0
1921.6747395971329,66.0,6.0,1.0,3.0,0.0,59.0
1921.675648688042,66.0,6.0,1.0,3.0,0.0,59.0
1921.975648688042,66.0,6.0,1.0,3.0,0.0,59.0
1921.976557778951,66.0,6.0,1.0,3.0,0.0,59.0
1922.276557778951,66.0,6.0,1.0,3.0,0.0,59.0
1922.27746686986,66.0,6.0,1.0,3.0,0.0,59.0
1922.57746686986,66.0,6.0,1.0,3.0,0.0,59.0
1922.578375960769,66.0,6.0,1.0,3.0,0.0,59.0
1922.878375960769,66.0,6.0,1.0,3.0,0.0,59.0
1922.8792850516782,66.0,6.0,1.0,3.0,0.0,59.0
1923.179285051678,66.0,6.0,1.0,3.0,0.0,59.0
1923.1801941425872,66.0,6.0,1.0,3.0,0.0,59.0
1923.4801941425872,66.0,6.0,1.0,3.0,0.0,59.0
1923.4811032334962,66.0,6.0,1.0,3.0,0.0,59.0
1923.7811032334962,66.0,6.0,1.0,3.0,0.0,59.0
1923.7820123244053,67.0,6.0,1.0,3.0,0.0,59.0
1924.0820123244052,67.0,6.0,1.0,3.0,0.0,59.0
1924.0829078467932,67.0,6.0,1.0,3.0,0.0,59.0
1924.3829078467932,67.0,6.0,1.0,3.0,0.0,59.0
1924.3838033691811,67.0,6.0,1.0,3.0,0.0,59.0
1924.683803369181,67.0,6.0,1.0,3.0,0.0,59.0
1924.684698891569,67.0,6.0,1.0,3.0,0.0,59.0
1924.984698891569,67.0,6.0,1.0,3.0,0.0,59.0
1924.985594413957,67.0,6.0,1.0,3.0,0.0,59.0
1925.285594413957,67.0,6.0,1.0,3.0,0.0,59.0
1925.2864899363449,67.0,6.0,1.0,3.0,0.0,59.0
1925.5864899363448,67.0,6.0,1.0,3.0,0.0,59.0
1925.5873854587328,67.0,6.0,1.0,3.0,0.0,59.0
1925.8873854587328,67.0,6.0,1.0,3.0,0.0,59.0
1925.8882809811207,67.0,6.0,1.0,3.0,0.0,59.0
1926.1882809811207,67.0,6.0,1.0,3.0,0.0,59.0
1926.1891765035086,67.0,6.0,1.0,3.0,0.0,59.0
1926.4891765035086,67.0,6.0,1.0,3.0,0.0,59.0
1926.4900720258966,67.0,6.0,1.0,3.0,0.0,59.0
1926.7900720258965,67.0,6.0,1.0,3.0,0.0,59.0
1926.7909675482845,67.0,6.0,1.0,3.0,0.0,59.0
1927.0909675482844,67.0,6.0,1.0,3.0,0.0,59.0
1927.0918630706724,67.0,6.0,1.0,3.0,0.0,59.0
1927.3918630706723,67.0,6.0,1.0,3.0,0.0,59.0
1927.3927585930603,67.0,6.0,1.0,3.0,0.0,59.0
1927.6927585930603,67.0,6.0,1.0,3.0,0.0,59.0
1927.6936541154482,67.0,6.0,1.0,3.0,0.0,59.0
1927.9936541154482,67.0,6.0,1.0,3.0,0.0,59.0
1927.9945496378361,67.0,6.0,1.0,3.0,0.0,59.0
1928.294549637836,67.0,6.0,1.0,3.0,0.0,59.0
1928.295445160224,67.0,6.0,1.0,3.0,0.0,59.0
1928.595445160224,67.0,6.0,1.0,3.0,0.0,59.0
1928.596340682612,67.0,6.0,1.0,8.0,0.0,59.0
1928.896340682612,67.0,6.0,1.0,8.0,0.0,59.0
1928.897236205,67.0,6.0,1.0,8.0,0.0,59.0
1929.1972362049999,67.0,6.0,1.0,8.0,0.0,59.0
1929.1981317273878,68.0,6.0,1.0,8.0,0.0,59.0
1929.4981317273878,68.0,6.0,1.0,8.0,0.0,59.0
1929.499014080329,68.0,6.0,1.0,8.0,0.0,59.0
1929.799014080329,68.0,6.0,1.0,8.0,0.0,59.0
1929.7998964332703,68.0,6.0,1.0,8.0,0.0,59.0
1930.0998964332703,68.0,6.0,1.0,8.0,0.0,59.0
1930.1007787862115,68.0,6.0,1.0,8.0,0.0,59.0
1930.4007787862115,68.0,6.0,1.0,8.0,0.0,59.0
1930.4016611391528,68.0,6.0,1.0,8.0,0.0,59.0
1930.7016611391527,68.0,6.0,1.0,8.0,0.0,59.0
1930.702543492094,68.0,6.0,1.0,8.0,0.0,59.0
1931.002543492094,68.0,6.0,1.0,8.0,0.0,59.0
1931.0034258450353,68.0,6.0,1.0,8.0,0.0,59.0
1931.3034258450352,68.0,6.0,1.0,8.0,0.0,59.0
1931.3043081979765,68.0,6.0,1.0,8.0,0.0,59.0
1931.6043081979765,68.0,6.0,1.0,8.0,0.0,59.0
1931.6051905509178,68.0,6.0,1.0,8.0,0.0,59.0
1931.9051905509177,68.0,6.0,1.0,8.0,0.0,59.0
1931.906072903859,68.0,6.0,1.0,8.0,0.0,59.0
1932.206072903859,68.0,6.0,1.0,8.0,0.0,59.0
1932.2069552568003,68.0,6.0,1.0,8.0,0.0,59.0
1932.5069552568002,68.0,6.0,1.0,8.0,0.0,59.0
1932.5078376097415,68.0,6.0,1.0,8.0,0.0,59.0
1932.8078376097415,68.0,6.0,1.0,8.0,0.0,59.0
1932.8087199626827,68.0,6.0,1.0,8.0,0.0,59.0
1933.1087199626827,68.0,6.0,1.0,8.0,0.0,59.0
1933.109602315624,68.0,6.0,1.0,8.0,0.0,59.0
1933.409602315624,68.0,6.0,1.0,8.0,0.0,59.0
1933.4104846685652,68.0,6.0,1.0,8.0,0.0,59.0
1933.7104846685652,68.0,6.0,1.0,8.0,0.0,59.0
1933.7113670215065,68.0,6.0,1.0,8.0,0.0,59.0
1934.0113670215064,68.0,6.0,1.0,8.0,0.0,59.0
1934.0122493744477,68.0,6.0,1.0,8.0,0.0,59.0
1934.3122493744477,68.0,6.0,1.0,8.0,0.0,59.0
1934.313131727389,68.0,6.0,1.0,8.0,0.0,59.0
1934.613131727389,68.0,6.0,1.0,8.0,0.0,59.0
1934.6140140803302,68.0,6.0,1.0,8.0,0.0,59.0
1934.9140140803302,68.0,6.0,1.0,8.0,0.0,59.0
1934.9148964332715,68.0,6.0,1.0,8.0,0.0,59.0
1935.2148964332714,68.0,6.0,1.0,8.0,0.0,59.0
1935.2157787862127,68.0,6.0,1.0,8.0,0.0,59.0
1935.5157787862126,68.0,6.0,1.0,8.0,0.0,59.0
1935.516661139154,68.0,6.0,1.0,8.0,0.0,59.0
1935.816661139154,68.0,6.0,1.0,8.0,0.0,59.0
1935.8175434920952,68.0,6.0,1.0,8.0,0.0,59.0
1936.1175434920951,68.0,6.0,1.0,8.0,0.0,59.0
1936.1184258450364,68.0,6.0,1.0,8.0,0.0,59.0
1936.4184258450364,68.0,6.0,1.0,8.0,0.0,59.0
1936.4193081979777,68.0,6.0,1.0,8.0,0.0,59.0
1936.7193081979776,68.0,6.0,1.0,8.0,0.0,59.0
1936.720190550919,68.0,6.0,1.0,8.0,0.0,59.0
1937.0201905509189,68.0,6.0,1.0,8.0,0.0,59.0
1937.0210729038602,68.0,6.0,1.0,8.0,0.0,59.0
1937.32107290386,68.0,6.0,1.0,8.0,0.0,59.0
1937.3219552568014,68.0,6.0,1.0,8.0,0.0,59.0
1937.6219552568014,68.0,6.0,1.0,8.0,0.0,59.0
1937.6228376097426,68.0,6.0,1.0,8.0,0.0,59.0
1937.9228376097426,68.0,6.0,1.0,8.0,0.0,59.0
1937.923719962684,68.0,6.0,1.0,8.0,0.0,59.0
1938.2237199626838,68.0,6.0,1.0,8.0,0.0,59.0
1938.2246023156251,68.0,6.0,1.0,8.0,0.0,59.0
1938.524602315625,68.0,6.0,1.0,8.0,0.0,59.0
1938.5254846685664,68.0,6.0,1.0,8.0,0.0,59.0
1938.8254846685663,68.0,6.0,1.0,8.0,0.0,59.0
1938.8263670215076,68.0,6.0,1.0,8.0,0.0,59.0
1939.1263670215076,68.0,6.0,1.0,8.0,0.0,59.0
1939.1272493744489,68.0,6.0,1.0,8.0,0.0,59.0
1939.4272493744488,68.0,6.0,1.0,8.0,0.0,59.0
1939.42813172739,68.0,6.0,1.0,8.0,0.0,59.0
1939.72813172739,68.0,6.0,1.0,8.0,0.0,59.0
1939.7290140803314,68.0,6.0,1.0,8.0,0.0,59.0
1940.0290140803313,68.0,6.0,1.0,8.0,0.0,59.0
1940.0298964332726,68.0,6.0,1.0,8.0,0.0,59.0
1940.3298964332726,68.0,6.0,1.0,8.0,0.0,59.0
1940.3307787862138,68.0,6.0,1.0,8.0,0.0,59.0
1940.6307787862138,68.0,6.0,1.0,8.0,0.0,59.0
1940.631661139155,68.0,6.0,1.0,8.0,0.0,59.0
1940.931661139155,68.0,6.0,1.0,8.0,0.0,59.0
1940.9325434920963,68.0,6.0,1.0,8.0,0.0,59.0
1941.2325434920963,68.0,6.0,1.0,8.0,0.0,59.0
1941.2334258450376,68.0,6.0,1.0,8.0,0.0,59.0
1941.5334258450375,68.0,6.0,1.0,8.0,0.0,59.0
1941.5343081979788,68.0,6.0,1.0,8.0,0.0,59.0
1941.8343081979788,68.0,6.0,1.0,8.0,0.0,59.0
1941.83519055092,68.0,6.0,1.0,8.0,0.0,59.0
1942.13519055092,68.0,6.0,1.0,8.0,0.0,59.0
1942.1360729038613,68.0,6.0,1.0,8.0,0.0,59.0
1942.4360729038613,68.0,6.0,1.0,8.0,0.0,59.0
1942.4369552568025,68.0,6.0,1.0,8.0,0.0,59.0
1942.7369552568025,68.0,6.0,1.0,8.0,0.0,59.0
1942.7378376097438,68.0,6.0,1.0,8.0,0.0,59.0
1943.0378376097437,68.0,6.0,1.0,8.0,0.0,59.0
1943.038719962685,68.0,6.0,1.0,8.0,0.0,59.0
1943.338719962685,68.0,6.0,1.0,8.0,0.0,59.0
1943.3396023156263,68.0,6.0,1.0,8.0,0.0,59.0
1943.6396023156262,68.0,6.0,1.0,8.0,0.0,59.0
1943.6404846685675,68.0,6.0,1.0,8.0,0.0,59.0
1943.9404846685675,68.0,6.0,1.0,8.0,0.0,59.0
1943.9413670215088,68.0,6.0,1.0,7.0,0.0,59.0
1944.2413670215087,68.0,6.0,1.0,7.0,0.0,59.0
1944.24224937445,68.0,6.0,1.0,7.0,0.0,59.0
1944.54224937445,68.0,6.0,1.0,7.0,0.0,59.0
1944.5431317273913,68.0,6.0,1.0,7.0,0.0,59.0
1944.8431317273912,68.0,6.0,1.0,7.0,0.0,59.0
1944.8440140803325,68.0,6.0,1.0,7.0,0.0,59.0
1945.1440140803325,68.0,6.0,1.0,7.0,0.0,59.0
1945.1448964332737,68.0,6.0,1.0,7.0,0.0,59.0
1945.4448964332737,68.0,6.0,1.0,7.0,0.0,59.0
1945.445778786215,68.0,6.0,1.0,7.0,0.0,59.0
1945.745778786215,68.0,6.0,1.0,7.0,0.0,59.0
1945.7466611391562,68.0,6.0,1.0,7.0,0.0,59.0
1946.0466611391562,68.0,6.0,1.0,7.0,0.0,59.0
1946.0475434920975,68.0,6.0,1.0,7.0,0.0,59.0
1946.3475434920974,68.0,6.0,1.0,7.0,0.0,59.0
1946.3484258450387,68.0,6.0,1.0,7.0,0.0,59.0
1946.6484258450387,68.0,6.0,1.0,7.0,0.0,59.0
1946.64930819798,68.0,6.0,1.0,7.0,0.0,59.0
1946.94930819798,68.0,6.0,1.0,7.0,0.0,59.0
1946.9501905509212,68.0,6.0,1.0,7.0,0.0,59.0
1947.2501905509212,68.0,6.0,1.0,7.0,0.0,59.0
1947.2510729038625,68.0,6.0,1.0,7.0,0.0,59.0
1947.5510729038624,68.0,6.0,1.0,7.0,0.0,59.0
1947.5519552568037,68.0,6.0,1.0,7.0,0.0,59.0
1947.8519552568036,68.0,6.0,1.0,7.0,0.0,59.0
1947.852837609745,68.0,6.0,1.0,7.0,0.0,59.0
1948.152837609745,68.0,6.0,1.0,7.0,0.0,59.0
1948.1537199626862,68.0,6.0,1.0,7.0,0.0,59.0
1948.4537199626861,68.0,6.0,1.0,7.0,0.0,59.0
1948.4546023156274,68.0,6.0,1.0,7.0,0.0,59.0
1948.7546023156274,68.0,6.0,1.0,7.0,0.0,59.0
1948.7554846685687,68.0,6.0,1.0,7.0,0.0,59.0
1949.0554846685686,68.0,6.0,1.0,7.0,0.0,59.0
1949.05636702151,68.0,6.0,1.0,7.0,0.0,59.0
1949.3563670215099,68.0,6.0,1.0,7.0,0.0,59.0
1949.3572493744512,68.0,6.0,1.0,7.0,0.0,59.0
1949.657249374451,68.0,6.0,1.0,7.0,0.0,59.0
1949.6581317273924,68.0,6.0,6.0,7.0,0.0,59.0
1949.9581317273924,68.0,6.0,6.0,7.0,0.0,59.0
1949.9590140803336,68.0,6.0,6.0,7.0,0.0,59.0
1950.2590140803336,68.0,6.0,6.0,7.0,0.0,59.0
1950.259896433275,68.0,6.0,6.0,7.0,0.0,59.0
1950.5598964332748,68.0,6.0,6.0,7.0,0.0,59.0
1950.5607787862161,68.0,6.0,6.0,7.0,0.0,59.0
1950.860778786216,68.0,6.0,6.0,7.0,0.0,59.0
1950.8616611391574,68.0,6.0,6.0,7.0,0.0,59.0
1951.1616611391573,68.0,6.0,6.0,7.0,0.0,59.0
1951.1625434920986,68.0,6.0,6.0,7.0,0.0,59.0
1951.4625434920986,68.0,6.0,6.0,7.0,0.0,59.0
1951.4634258450399,68.0,6.0,6.0,7.0,0.0,59.0
1951.7634258450398,68.0,6.0,6.0,7.0,0.0,59.0
1951.764308197981,68.0,6.0,6.0,7.0,0.0,59.0
1952.064308197981,68.0,6.0,6.0,7.0,0.0,59.0
1952.0651905509224,68.0,6.0,6.0,7.0,0.0,59.0
1952.3651905509223,68.0,6.0,6.0,7.0,0.0,59.0
1952.3660729038636,68.0,6.0,6.0,7.0,0.0,59.0
1952.6660729038636,68.0,6.0,6.0,7.0,0.0,59.0
1952.6669552568048,68.0,6.0,6.0,7.0,0.0,59.0
1952.9669552568048,68.0,6.0,6.0,7.0,0.0,59.0
1952.967837609746,68.0,6.0,6.0,7.0,0.0,59.0
1953.267837609746,68.0,6.0,6.0,7.0,0.0,59.0
1953.2687199626873,68.0,6.0,6.0,7.0,0.0,59.0
1953.5687199626873,68.0,6.0,6.0,7.0,0.0,59.0
1953.5696023156286,68.0,6.0,6.0,7.0,0.0,59.0
1953.8696023156285,68.0,6.0,6.0,7.0,0.0,59.0
1953.8704846685698,68.0,6.0,6.0,7.0,0.0,59.0
1954.1704846685698,68.0,6.0,6.0,7.0,0.0,59.0
1954.171367021511,68.0,6.0,6.0,7.0,0.0,59.0
1954.471367021511,68.0,6.0,6.0,7.0,0.0,59.0
1954.4722493744523,68.0,6.0,6.0,5.0,0.0,60.0
1954.7722493744523,68.0,6.0,6.0,5.0,0.0,60.0
1954.7731317273935,68.0,6.0,6.0,5.0,0.0,60.0
1955.0731317273935,68.0,6.0,6.0,5.0,0.0,60.0
1955.0740140803348,68.0,6.0,6.0,5.0,0.0,60.0
1955.3740140803347,68.0,6.0,6.0,5.0,0.0,60.0
1955.374896433276,68.0,6.0,6.0,5.0,0.0,60.0
1955.674896433276,68.0,6.0,6.0,5.0,0.0,60.0
1955.6757787862173,68.0,6.0,6.0,5.0,0.0,60.0
1955.9757787862172,68.0,6.0,6.0,5.0,0.0,60.0
1955.9766611391585,68.0,6.0,6.0,5.0,0.0,60.0
1956.2766611391585,68.0,6.0,6.0,5.0,0.0,60.0
1956.2775434920998,68.0,6.0,6.0,5.0,0.0,60.0
1956.5775434920997,68.0,6.0,6.0,5.0,0.0,60.0
1956.578425845041,68.0,6.0,6.0,5.0,0.0,60.0
1956.878425845041,68.0,6.0,6.0,5.0,0.0,60.0
1956.8793081979823,68.0,6.0,6.0,5.0,0.0,60.0
1957.1793081979822,68.0,6.0,6.0,5.0,0.0,60.0
1957.1801905509235,68.0,6.0,6.0,5.0,0.0,60.0
1957.4801905509235,68.0,6.0,6.0,5.0,0.0,60.0
1957.4810729038647,68.0,6.0,6.0,5.0,0.0,60.0
1957.7810729038647,68.0,6.0,6.0,5.0,0.0,60.0
1957.781955256806,68.0,6.0,6.0,5.0,0.0,60.0
1958.081955256806,68.0,6.0,6.0,5.0,0.0,60.0
1958.0828376097472,68.0,6.0,6.0,5.0,0.0,60.0
1958.3828376097472,68.0,6.0,6.0,5.0,0.0,60.0
1958.3837199626885,68.0,6.0,6.0,5.0,0.0,60.0
1958.6837199626884,68.0,6.0,6.0,5.0,0.0,60.0
1958.6846023156297,68.0,6.0,6.0,5.0,0.0,60.0
1958.9846023156297,68.0,6.0,6.0,5.0,0.0,60.0
1958.985484668571,68.0,6.0,6.0,5.0,0.0,60.0
1959.285484668571,68.0,6.0,6.0,5.0,0.0,60.0
1959.2863670215122,68.0,6.0,6.0,5.0,0.0,60.0
1959.5863670215122,68.0,6.0,6.0,5.0,0.0,60.0
1959.5872493744534,68.0,6.0,6.0,5.0,0.0,60.0
1959.8872493744534,68.0,6.0,6.0,5.0,0.0,60.0
1959.8881317273947,68.0,6.0,6.0,5.0,0.0,60.0
1960.1881317273946,68.0,6.0,6.0,5.0,0.0,60.0
1960.189014080336,68.0,6.0,6.0,5.0,0.0,60.0
1960.489014080336,68.0,6.0,6.0,5.0,0.0,60.0
1960.4898964332772,68.0,6.0,6.0,5.0,0.0,60.0
1960.7898964332771,68.0,6.0,6.0,5.0,0.0,60.0
1960.7907787862184,68.0,6.0,6.0,5.0,0.0,60.0
1961.0907787862184,68.0,6.0,6.0,5.0,0.0,60.0
1961.0916611391597,68.0,6.0,6.0,5.0,0.0,60.0
1961.3916611391596,68.0,6.0,6.0,5.0,0.0,60.0
1961.392543492101,68.0,6.0,6.0,5.0,0.0,60.0
1961.6925434921009,68.0,6.0,6.0,5.0,0.0,60.0
1961.6934258450422,68.0,6.0,6.0,5.0,0.0,60.0
1961.993425845042,68.0,6.0,6.0,5.0,0.0,60.0
1961.9943081979834,68.0,6.0,6.0,3.0,0.0,61.0
1962.2943081979834,68.0,6.0,6.0,3.0,0.0,61.0
1962.2951905509246,68.0,6.0,6.0,3.0,0.0,61.0
1962.5951905509246,68.0,6.0,6.0,3.0,0.0,61.0
1962.596072903866,68.0,6.0,6.0,3.0,0.0,61.0
1962.8960729038658,68.0,6.0,6.0,3.0,0.0,61.0
1962.8969552568071,68.0,6.0,6.0,3.0,0.0,61.0
1963.196955256807,68.0,6.0,6.0,3.0,0.0,61.0
1963.1978376097484,68.0,6.0,6.0,3.0,0.0,61.0
1963.4978376097483,68.0,6.0,6.0,3.0,0.0,61.0
1963.4987199626896,68.0,6.0,6.0,3.0,0.0,61.0
1963.7987199626896,68.0,6.0,6.0,3.0,0.0,61.0
1963.7996023156309,68.0,6.0,6.0,3.0,0.0,61.0
1964.0996023156308,68.0,6.0,6.0,3.0,0.0,61.0
1964.100484668572,68.0,6.0,6.0,3.0,0.0,61.0
1964.400484668572,68.0,6.0,6.0,3.0,0.0,61.0
1964.4013670215134,68.0,6.0,6.0,3.0,0.0,61.0
1964.7013670215133,68.0,6.0,6.0,3.0,0.0,61.0
1964.7022493744546,68.0,6.0,6.0,3.0,0.0,61.0
1965.0022493744545,68.0,6.0,6.0,3.0,0.0,61.0
1965.0031317273958,68.0,6.0,6.0,3.0,0.0,61.0
1965.3031317273958,68.0,6.0,6.0,3.0,0.0,61.0
1965.304014080337,68.0,6.0,6.0,3.0,0.0,61.0
1965.604014080337,68.0,6.0,6.0,3.0,0.0,61.0
1965.6048964332783,68.0,6.0,6.0,3.0,0.0,61.0
1965.9048964332783,68.0,6.0,6.0,3.0,0.0,61.0
1965.9057787862196,68.0,6.0,6.0,3.0,0.0,61.0
1966.2057787862195,68.0,6.0,6.0,3.0,0.0,61.0
1966.2066611391608,68.0,6.0,6.0,3.0,0.0,61.0
1966.5066611391608,68.0,6.0,6.0,3.0,0.0,61.0
1966.507543492102,68.0,6.0,6.0,3.0,0.0,61.0
1966.807543492102,68.0,6.0,6.0,3.0,0.0,61.0
1966.8084258450433,68.0,6.0,6.0,3.0,0.0,61.0
1967.1084258450433,68.0,6.0,6.0,3.0,0.0,61.0
1967.1093081979845,68.0,6.0,6.0,3.0,0.0,61.0
1967.4093081979845,68.0,6.0,6.0,3.0,0.0,61.0
1967.4101905509258,68.0,6.0,6.0,3.0,0.0,61.0
1967.7101905509257,68.0,6.0,6.0,3.0,0.0,61.0
1967.711072903867,68.0,6.0,6.0,3.0,0.0,61.0
1968.011072903867,68.0,6.0,6.0,3.0,0.0,61.0
1968.0119552568083,68.0,6.0,6.0,3.0,0.0,61.0
1968.3119552568082,68.0,6.0,6.0,3.0,0.0,61.0
1968.3128376097495,68.0,6.0,6.0,3.0,0.0,61.0
1968.6128376097495,68.0,6.0,6.0,3.0,0.0,61.0
1968.6137199626908,68.0,6.0,6.0,3.0,0.0,61.0
1968.9137199626907,68.0,6.0,6.0,3.0,0.0,61.0
1968.914602315632,68.0,6.0,6.0,3.0,0.0,61.0
1969.214602315632,68.0,6.0,6.0,3.0,0.0,61.0
1969.2154846685733,68.0,6.0,6.0,3.0,0.0,61.0
1969.5154846685732,68.0,6.0,6.0,3.0,0.0,61.0
1969.5163670215145,68.0,6.0,6.0,3.0,0.0,61.0
1969.8163670215145,68.0,6.0,6.0,3.0,0.0,61.0
1969.8172493744557,68.0,6.0,6.0,3.0,0.0,61.0
1970.1172493744557,68.0,6.0,6.0,3.0,0.0,61.0
1970.118131727397,69.0,6.0,4.0,3.0,0.0,61.0
1970.418131727397,69.0,6.0,4.0,3.0,0.0,61.0
1970.4190012926144,69.0,6.0,4.0,3.0,0.0,61.0
1970.7190012926144,69.0,6.0,4.0,3.0,0.0,61.0
1970.719870857832,69.0,6.0,4.0,3.0,0.0,61.0
1971.0198708578318,69.0,6.0,4.0,3.0,0.0,61.0
1971.0207404230493,69.0,6.0,2.0,3.0,1.0,61.0
1971.3207404230493,69.0,6.0,2.0,3.0,1.0,61.0
1971.3216099882668,69.0,6.0,2.0,3.0,0.0,61.0
1971.6216099882668,69.0,6.0,2.0,3.0,0.0,61.0
1971.6224795534843,69.0,6.0,2.0,3.0,0.0,61.0
1971.9224795534842,69.0,6.0,2.0,3.0,0.0,61.0
1971.9233491187017,69.0,6.0,2.0,3.0,0.0,61.0
1972.2233491187017,69.0,6.0,2.0,3.0,0.0,61.0
1972.2242186839192,69.0,6.0,2.0,3.0,0.0,61.0
1972.5242186839191,69.0,6.0,2.0,3.0,0.0,61.0
1972.5250882491366,69.0,6.0,2.0,3.0,0.0,61.0
1972.8250882491366,69.0,6.0,2.0,3.0,0.0,61.0
1972.825957814354,69.0,6.0,2.0,3.0,0.0,61.0
1973.125957814354,69.0,6.0,2.0,3.0,0.0,61.0
1973.1268273795715,69.0,6.0,2.0,3.0,0.0,61.0
1973.4268273795715,69.0,6.0,2.0,3.0,0.0,61.0
1973.427696944789,70.0,6.0,2.0,3.0,0.0,61.0
1973.727696944789,70.0,6.0,2.0,3.0,0.0,61.0
1973.728554087646,70.0,6.0,2.0,8.0,0.0,61.0
1974.028554087646,70.0,6.0,2.0,8.0,0.0,61.0
1974.029411230503,70.0,6.0,2.0,8.0,0.0,61.0
1974.329411230503,70.0,6.0,2.0,8.0,0.0,61.0
1974.33026837336,70.0,6.0,2.0,8.0,0.0,61.0
1974.63026837336,70.0,6.0,2.0,8.0,0.0,61.0
1974.631125516217,70.0,6.0,2.0,8.0,0.0,61.0
1974.931125516217,70.0,6.0,2.0,8.0,0.0,61.0
1974.931982659074,70.0,6.0,2.0,8.0,0.0,61.0
1975.231982659074,70.0,6.0,2.0,8.0,0.0,61.0
1975.232839801931,70.0,6.0,2.0,8.0,0.0,61.0
1975.532839801931,70.0,6.0,2.0,8.0,0.0,61.0
1975.533696944788,70.0,6.0,2.0,6.0,0.0,62.0
1975.833696944788,70.0,6.0,2.0,6.0,0.0,62.0
1975.834554087645,70.0,6.0,2.0,6.0,0.0,62.0
1976.134554087645,70.0,6.0,2.0,6.0,0.0,62.0
1976.135411230502,70.0,6.0,2.0,6.0,0.0,62.0
1976.435411230502,70.0,6.0,2.0,6.0,0.0,62.0
1976.436268373359,70.0,6.0,2.0,6.0,0.0,62.0
1976.736268373359,70.0,6.0,2.0,6.0,0.0,62.0
1976.737125516216,70.0,6.0,2.0,6.0,0.0,62.0
1977.037125516216,70.0,6.0,2.0,6.0,0.0,62.0
1977.0379826590731,70.0,6.0,2.0,6.0,0.0,62.0
1977.337982659073,70.0,6.0,2.0,6.0,0.0,62.0
1977.3388398019301,70.0,6.0,2.0,6.0,0.0,62.0
1977.63883980193,70.0,6.0,2.0,6.0,0.0,62.0
1977.6396969447871,70.0,6.0,2.0,6.0,0.0,62.0
1977.939696944787,70.0,6.0,2.0,6.0,0.0,62.0
1977.9405540876442,70.0,6.0,2.0,6.0,0.0,62.0
1978.240554087644,70.0,6.0,2.0,6.0,0.0,62.0
1978.2414112305012,70.0,6.0,2.0,6.0,0.0,62.0
1978.5414112305011,70.0,6.0,2.0,6.0,0.0,62.0
1978.5422683733582,70.0,6.0,2.0,6.0,0.0,62.0
1978.8422683733581,70.0,6.0,2.0,6.0,0.0,62.0
1978.8431255162152,70.0,6.0,2.0,6.0,0.0,62.0
1979.1431255162152,70.0,6.0,2.0,6.0,0.0,62.0
1979.1439826590722,70.0,6.0,2.0,6.0,0.0,62.0
1979.4439826590722,70.0,6.0,2.0,6.0,0.0,62.0
1979.4448398019292,70.0,6.0,2.0,11.0,0.0,62.0
1979.7448398019292,70.0,6.0,2.0,11.0,0.0,62.0
1979.7453356696979,70.0,6.0,2.0,11.0,0.0,62.0
1980.0453356696978,70.0,6.0,2.0,11.0,0.0,62.0
1980.0458315374665,70.0,6.0,2.0,11.0,0.0,62.0
1980.3458315374664,70.0,6.0,2.0,11.0,0.0,62.0
1980.3463274052351,70.0,6.0,2.0,11.0,0.0,62.0
1980.646327405235,70.0,6.0,2.0,11.0,0.0,62.0
1980.6468232730037,70.0,6.0,2.0,9.0,0.0,63.0
1980.9468232730037,70.0,6.0,2.0,9.0,0.0,63.0
1980.9475640137443,70.0,6.0,2.0,9.0,0.0,63.0
1981.2475640137443,70.0,6.0,2.0,9.0,0.0,63.0
1981.248304754485,70.0,6.0,2.0,9.0,0.0,63.0
1981.548304754485,70.0,6.0,2.0,9.0,0.0,63.0
1981.5490454952255,70.0,6.0,2.0,9.0,0.0,63.0
1981.8490454952255,70.0,6.0,2.0,9.0,0.0,63.0
1981.8497862359661,70.0,6.0,2.0,9.0,0.0,63.0
1982.149786235966,70.0,6.0,2.0,9.0,0.0,63.0
1982.1505269767067,70.0,6.0,2.0,9.0,0.0,63.0
1982.4505269767067,70.0,6.0,2.0,9.0,0.0,63.0
1982.4512677174473,70.0,6.0,2.0,9.0,0.0,63.0
1982.7512677174473,70.0,6.0,2.0,9.0,0.0,63.0
1982.752008458188,70.0,6.0,2.0,9.0,0.0,63.0
1983.0520084581879,70.0,6.0,2.0,9.0,0.0,63.0
1983.0527491989285,70.0,6.0,2.0,9.0,0.0,63.0
1983.3527491989284,70.0,6.0,2.0,9.0,0.0,63.0
1983.353489939669,70.0,6.0,2.0,9.0,0.0,63.0
1983.653489939669,70.0,6.0,2.0,9.0,0.0,63.0
1983.6542306804097,70.0,6.0,2.0,9.0,0.0,63.0
1983.9542306804096,70.0,6.0,2.0,9.0,0.0,63.0
1983.9549714211503,70.0,6.0,2.0,9.0,0.0,63.0
1984.2549714211502,70.0,6.0,2.0,9.0,0.0,63.0
1984.2557121618909,70.0,6.0,2.0,9.0,0.0,63.0
1984.5557121618908,70.0,6.0,2.0,9.0,0.0,63.0
1984.5564529026315,70.0,6.0,2.0,9.0,0.0,63.0
1984.8564529026314,70.0,6.0,2.0,9.0,0.0,63.0
1984.857193643372,70.0,6.0,2.0,9.0,0.0,63.0
1985.157193643372,70.0,6.0,2.0,9.0,0.0,63.0
1985.1579343841127,70.0,6.0,2.0,9.0,0.0,63.0
1985.4579343841126,70.0,6.0,2.0,9.0,0.0,63.0
1985.4586751248532,70.0,6.0,2.0,9.0,0.0,63.0
1985.7586751248532,70.0,6.0,2.0,9.0,0.0,63.0
1985.7594158655938,70.0,6.0,2.0,9.0,0.0,63.0
1986.0594158655938,70.0,6.0,2.0,9.0,0.0,63.0
1986.0601566063344,70.0,6.0,2.0,9.0,0.0,63.0
1986.3601566063344,70.0,6.0,2.0,9.0,0.0,63.0
1986.360897347075,70.0,6.0,2.0,9.0,0.0,63.0
1986.660897347075,70.0,6.0,2.0,9.0,0.0,63.0
1986.6616380878156,70.0,6.0,2.0,9.0,0.0,63.0
1986.9616380878156,70.0,6.0,2.0,9.0,0.0,63.0
1986.9623788285562,70.0,6.0,2.0,9.0,0.0,63.0
1987.2623788285562,70.0,6.0,2.0,9.0,0.0,63.0
1987.2631195692968,70.0,6.0,2.0,9.0,0.0,63.0
1987.5631195692968,70.0,6.0,2.0,9.0,0.0,63.0
1987.5638603100374,70.0,6.0,2.0,9.0,0.0,63.0
1987.8638603100374,70.0,6.0,2.0,9.0,0.0,63.0
1987.864601050778,70.0,6.0,2.0,9.0,0.0,63.0
1988.164601050778,70.0,6.0,2.0,9.0,0.0,63.0
1988.1653417915186,70.0,6.0,2.0,9.0,0.0,63.0
1988.4653417915185,70.0,6.0,2.0,9.0,0.0,63.0
1988.4660825322592,71.0,6.0,2.0,9.0,0.0,63.0
1988.7660825322591,71.0,6.0,2.0,9.0,0.0,63.0
1988.7668232729998,71.0,6.0,2.0,9.0,0.0,63.0
1989.0668232729997,71.0,6.0,2.0,9.0,0.0,63.0
1989.0675640137404,71.0,6.0,2.0,9.0,0.0,63.0
1989.3675640137403,71.0,6.0,2.0,9.0,0.0,63.0
1989.368304754481,71.0,6.0,2.0,9.0,0.0,63.0
1989.668304754481,71.0,6.0,2.0,9.0,0.0,63.0
1989.6690454952216,71.0,6.0,2.0,7.0,0.0,64.0
1989.9690454952215,71.0,6.0,2.0,7.0,0.0,64.0
1989.969890565644,71.0,6.0,2.0,7.0,0.0,64.0
1990.269890565644,71.0,6.0,2.0,7.0,0.0,64.0
1990.2707356360663,71.0,6.0,2.0,7.0,0.0,64.0
1990.5707356360663,71.0,6.0,2.0,7.0,0.0,64.0
1990.5715807064887,71.0,6.0,2.0,7.0,0.0,64.0
1990.8715807064887,71.0,6.0,2.0,7.0,0.0,64.0
1990.872425776911,71.0,6.0,2.0,7.0,0.0,64.0
1991.172425776911,71.0,6.0,2.0,7.0,0.0,64.0
1991.1732708473335,71.0,6.0,2.0,7.0,0.0,64.0
1991.4732708473334,71.0,6.0,2.0,7.0,0.0,64.0
1991.4741159177559,71.0,6.0,2.0,7.0,0.0,64.0
1991.7741159177558,71.0,6.0,2.0,7.0,0.0,64.0
1991.7749609881782,72.0,6.0,2.0,7.0,0.0,64.0
1992.0749609881782,72.0,6.0,2.0,7.0,0.0,64.0
1992.0757943215115,72.0,6.0,2.0,7.0,0.0,64.0
1992.3757943215114,72.0,6.0,2.0,7.0,0.0,64.0
1992.3766276548447,72.0,6.0,2.0,7.0,0.0,64.0
1992.6766276548447,72.0,6.0,2.0,7.0,0.0,64.0
1992.677460988178,72.0,6.0,2.0,7.0,0.0,64.0
1992.9774609881779,72.0,6.0,2.0,7.0,0.0,64.0
1992.9782943215112,72.0,6.0,2.0,7.0,0.0,64.0
1993.278294321511,72.0,6.0,2.0,7.0,0.0,64.0
1993.2791276548444,72.0,6.0,2.0,7.0,0.0,64.0
1993.5791276548443,72.0,6.0,2.0,7.0,0.0,64.0
1993.5799609881776,72.0,6.0,2.0,7.0,0.0,64.0
1993.8799609881776,72.0,6.0,2.0,7.0,0.0,64.0
1993.8807943215108,72.0,6.0,2.0,7.0,0.0,64.0
1994.1807943215108,72.0,6.0,2.0,7.0,0.0,64.0
1994.181627654844,72.0,6.0,2.0,7.0,0.0,64.0
1994.481627654844,72.0,6.0,2.0,7.0,0.0,64.0
1994.4824609881773,72.0,6.0,2.0,7.0,0.0,64.0
1994.7824609881773,72.0,6.0,2.0,7.0,0.0,64.0
1994.7832943215105,72.0,6.0,2.0,7.0,0.0,64.0
1995.0832943215105,72.0,6.0,2.0,7.0,0.0,64.0
1995.0841276548438,72.0,6.0,2.0,7.0,0.0,64.0
1995.3841276548437,72.0,6.0,2.0,7.0,0.0,64.0
1995.384960988177,72.0,6.0,2.0,7.0,0.0,64.0
1995.684960988177,72.0,6.0,2.0,7.0,0.0,64.0
1995.6857943215102,72.0,6.0,2.0,7.0,0.0,64.0
1995.9857943215102,72.0,6.0,2.0,7.0,0.0,64.0
1995.9866276548435,72.0,6.0,2.0,7.0,0.0,64.0
1996.2866276548434,72.0,6.0,2.0,7.0,0.0,64.0
1996.2874609881767,72.0,6.0,2.0,5.0,0.0,65.0
1996.5874609881766,72.0,6.0,2.0,5.0,0.0,65.0
1996.58829432151,72.0,6.0,2.0,5.0,0.0,65.0
1996.8882943215099,72.0,6.0,2.0,5.0,0.0,65.0
1996.8891276548432,72.0,6.0,2.0,5.0,0.0,65.0
1997.189127654843,72.0,6.0,2.0,5.0,0.0,65.0
1997.1899609881764,72.0,6.0,2.0,5.0,0.0,65.0
1997.4899609881763,72.0,6.0,2.0,5.0,0.0,65.0
1997.4907943215096,72.0,6.0,2.0,5.0,0.0,65.0
1997.7907943215096,72.0,6.0,2.0,5.0,0.0,65.0
1997.7916276548428,72.0,6.0,2.0,5.0,0.0,65.0
1998.0916276548428,72.0,6.0,2.0,5.0,0.0,65.0
1998.092460988176,72.0,6.0,2.0,5.0,0.0,65.0
1998.392460988176,72.0,6.0,2.0,5.0,0.0,65.0
1998.3932943215093,72.0,6.0,2.0,5.0,0.0,65.0
1998.6932943215093,72.0,6.0,2.0,5.0,0.0,65.0
1998.6941276548425,72.0,6.0,2.0,5.0,0.0,65.0
1998.9941276548425,72.0,6.0,2.0,5.0,0.0,65.0
1998.9949609881758,72.0,6.0,2.0,5.0,0.0,65.0
1999.2949609881757,72.0,6.0,2.0,5.0,0.0,65.0
1999.295794321509,72.0,6.0,2.0,5.0,0.0,65.0
1999.595794321509,72.0,6.0,2.0,5.0,0.0,65.0
1999.5966276548422,72.0,6.0,2.0,5.0,0.0,65.0
1999.8966276548422,72.0,6.0,2.0,5.0,0.0,65.0
1999.8974609881755,72.0,6.0,2.0,5.0,0.0,65.0
2000.1974609881754,72.0,6.0,2.0,5.0,0.0,65.0
2000.1982943215087,72.0,6.0,2.0,5.0,0.0,65.0
2000.4982943215086,72.0,6.0,2.0,5.0,0.0,65.0
2000.499127654842,72.0,6.0,2.0,5.0,0.0,65.0
2000.7991276548419,72.0,6.0,2.0,5.0,0.0,65.0
2000.7999609881751,72.0,6.0,2.0,5.0,0.0,65.0
2001.099960988175,72.0,6.0,2.0,5.0,0.0,65.0
2001.1007943215084,72.0,6.0,2.0,5.0,0.0,65.0
2001.4007943215083,72.0,6.0,2.0,5.0,0.0,65.0
2001.4016276548416,72.0,6.0,2.0,5.0,0.0,65.0
2001.7016276548416,72.0,6.0,2.0,5.0,0.0,65.0
2001.7024609881748,72.0,6.0,2.0,5.0,0.0,65.0
2002.0024609881748,72.0,6.0,2.0,5.0,0.0,65.0
2002.003294321508,72.0,6.0,2.0,5.0,0.0,65.0
2002.303294321508,72.0,6.0,2.0,5.0,0.0,65.0
2002.3041276548413,72.0,6.0,2.0,5.0,0.0,65.0
2002.6041276548412,72.0,6.0,2.0,5.0,0.0,65.0
2002.6049609881745,72.0,6.0,2.0,5.0,0.0,65.0
2002.9049609881745,72.0,6.0,2.0,5.0,0.0,65.0
2002.9057943215078,72.0,6.0,2.0,5.0,0.0,65.0
2003.2057943215077,72.0,6.0,2.0,5.0,0.0,65.0
2003.206627654841,72.0,6.0,2.0,5.0,0.0,65.0
2003.506627654841,72.0,6.0,2.0,5.0,0.0,65.0
2003.5074609881742,72.0,6.0,2.0,5.0,0.0,65.0
2003.8074609881742,72.0,6.0,2.0,5.0,0.0,65.0
2003.8082943215074,72.0,6.0,2.0,5.0,0.0,65.0
2004.1082943215074,72.0,6.0,2.0,5.0,0.0,65.0
2004.1091276548407,72.0,6.0,2.0,5.0,0.0,65.0
2004.4091276548406,72.0,6.0,2.0,5.0,0.0,65.0
2004.409960988174,71.0,6.0,2.0,5.0,0.0,65.0
2004.7099609881739,71.0,6.0,2.0,5.0,0.0,65.0
2004.7108060585963,71.0,6.0,2.0,5.0,0.0,65.0
2005.0108060585962,71.0,6.0,2.0,5.0,0.0,65.0
2005.0116511290187,71.0,6.0,2.0,5.0,0.0,65.0
2005.3116511290186,71.0,6.0,2.0,5.0,0.0,65.0
2005.312496199441,71.0,6.0,2.0,5.0,0.0,65.0
2005.612496199441,71.0,6.0,2.0,5.0,0.0,65.0
2005.6133412698634,71.0,6.0,2.0,5.0,0.0,65.0
2005.9133412698634,71.0,6.0,2.0,5.0,0.0,65.0
2005.9141863402858,71.0,6.0,2.0,5.0,0.0,65.0
2006.2141863402858,71.0,6.0,2.0,5.0,0.0,65.0
2006.2150314107082,71.0,6.0,2.0,5.0,0.0,65.0
2006.5150314107082,71.0,6.0,2.0,5.0,0.0,65.0
2006.5158764811306,71.0,6.0,2.0,5.0,0.0,65.0
2006.8158764811305,71.0,6.0,2.0,5.0,0.0,65.0
2006.816721551553,71.0,6.0,2.0,5.0,0.0,65.0
2007.116721551553,71.0,6.0,2.0,5.0,0.0,65.0
2007.1175666219754,71.0,6.0,2.0,5.0,0.0,65.0
2007.4175666219753,71.0,6.0,2.0,5.0,0.0,65.0
2007.4184116923977,71.0,6.0,2.0,5.0,0.0,65.0
2007.7184116923977,71.0,6.0,2.0,5.0,0.0,65.0
2007.7192567628201,71.0,6.0,2.0,5.0,0.0,65.0
2008.01925676282,71.0,6.0,2.0,5.0,0.0,65.0
2008.0201018332425,71.0,6.0,2.0,5.0,0.0,65.0
2008.3201018332425,71.0,6.0,2.0,5.0,0.0,65.0
2008.320946903665,71.0,6.0,2.0,5.0,0.0,65.0
2008.6209469036648,71.0,6.0,2.0,5.0,0.0,65.0
2008.6217919740873,71.0,6.0,2.0,5.0,0.0,65.0
2008.9217919740872,71.0,6.0,2.0,5.0,0.0,65.0
2008.9226370445097,71.0,6.0,2.0,5.0,0.0,65.0
2009.2226370445096,71.0,6.0,2.0,5.0,0.0,65.0
2009.223482114932,71.0,6.0,2.0,5.0,0.0,65.0
2009.523482114932,71.0,6.0,2.0,5.0,0.0,65.0
2009.5243271853544,71.0,6.0,2.0,5.0,0.0,65.0
2009.8243271853544,71.0,6.0,2.0,5.0,0.0,65.0
2009.8251722557768,71.0,6.0,2.0,5.0,0.0,65.0
2010.1251722557768,71.0,6.0,2.0,5.0,0.0,65.0
2010.1260173261992,71.0,6.0,2.0,5.0,0.0,65.0
2010.4260173261991,71.0,6.0,2.0,5.0,0.0,65.0
2010.4268623966216,71.0,6.0,2.0,5.0,0.0,65.0
2010.7268623966215,71.0,6.0,2.0,5.0,0.0,65.0
2010.727707467044,71.0,6.0,2.0,5.0,0.0,65.0
2011.027707467044,71.0,6.0,2.0,5.0,0.0,65.0
2011.0285525374663,71.0,6.0,2.0,5.0,0.0,65.0
2011.3285525374663,71.0,6.0,2.0,5.0,0.0,65.0
2011.3293976078887,71.0,6.0,2.0,5.0,0.0,65.0
2011.6293976078887,71.0,6.0,2.0,5.0,0.0,65.0
2011.630242678311,71.0,6.0,2.0,5.0,0.0,65.0
2011.930242678311,71.0,6.0,2.0,5.0,0.0,65.0
2011.9310877487335,71.0,6.0,2.0,5.0,0.0,65.0
2012.2310877487334,71.0,6.0,2.0,5.0,0.0,65.0
2012.2319328191559,71.0,6.0,2.0,5.0,0.0,65.0
2012.5319328191558,71.0,6.0,2.0,5.0,0.0,65.0
2012.5327778895783,71.0,6.0,2.0,5.0,0.0,65.0
2012.8327778895782,71.0,6.0,2.0,5.0,0.0,65.0
2012.8336229600006,71.0,6.0,2.0,5.0,0.0,65.0
2013.1336229600006,71.0,6.0,2.0,5.0,0.0,65.0
2013.134468030423,71.0,6.0,2.0,5.0,0.0,65.0
2013.434468030423,71.0,6.0,2.0,5.0,0.0,65.0
2013.4353131008454,71.0,6.0,2.0,5.0,0.0,65.0
2013.7353131008454,71.0,6.0,2.0,5.0,0.0,65.0
2013.7361581712678,71.0,6.0,2.0,5.0,0.0,65.0
2014.0361581712677,71.0,6.0,2.0,5.0,0.0,65.0
2014.0370032416902,71.0,6.0,2.0,5.0,0.0,65.0
2014.3370032416901,71.0,6.0,2.0,5.0,0.0,65.0
2014.3378483121126,71.0,6.0,2.0,5.0,0.0,65.0
2014.6378483121125,71.0,6.0,2.0,5.0,0.0,65.0
2014.638693382535,71.0,6.0,2.0,5.0,0.0,65.0
2014.938693382535,71.0,6.0,2.0,5.0,0.0,65.0
2014.9395384529573,71.0,6.0,2.0,5.0,0.0,65.0
2015.2395384529573,71.0,6.0,2.0,5.0,0.0,65.0
2015.2403835233797,71.0,6.0,2.0,5.0,0.0,65.0
2015.5403835233797,71.0,6.0,2.0,5.0,0.0,65.0
2015.541228593802,71.0,6.0,2.0,5.0,0.0,65.0
2015.841228593802,71.0,6.0,2.0,5.0,0.0,65.0
2015.8420736642245,71.0,6.0,2.0,5.0,0.0,65.0
2016.1420736642244,71.0,6.0,2.0,5.0,0.0,65.0
2016.1429187346469,71.0,6.0,2.0,5.0,0.0,65.0
2016.4429187346468,71.0,6.0,2.0,5.0,0.0,65.0
2016.4437638050692,71.0,6.0,2.0,5.0,0.0,65.0
2016.7437638050692,71.0,6.0,2.0,5.0,0.0,65.0
2016.7446088754916,71.0,6.0,2.0,5.0,0.0,65.0
2017.0446088754916,71.0,6.0,2.0,5.0,0.0,65.0
2017.045453945914,71.0,6.0,2.0,5.0,0.0,65.0
2017.345453945914,71.0,6.0,2.0,5.0,0.0,65.0
2017.3462990163364,71.0,6.0,2.0,5.0,0.0,65.0
2017.6462990163363,71.0,6.0,2.0,5.0,0.0,65.0
2017.6471440867588,71.0,6.0,2.0,5.0,0.0,65.0
2017.9471440867587,71.0,6.0,2.0,5.0,0.0,65.0
2017.9479891571812,71.0,6.0,2.0,5.0,0.0,65.0
2018.247989157181,71.0,6.0,2.0,5.0,0.0,65.0
2018.2488342276035,71.0,6.0,2.0,5.0,0.0,65.0
2018.5488342276035,71.0,6.0,2.0,5.0,0.0,65.0
2018.549679298026,71.0,6.0,2.0,5.0,0.0,65.0
2018.8496792980259,71.0,6.0,2.0,5.0,0.0,65.0
2018.8505243684483,71.0,6.0,2.0,5.0,0.0,65.0
2019.1505243684483,71.0,6.0,2.0,5.0,0.0,65.0
2019.1513694388707,71.0,6.0,2.0,5.0,0.0,65.0
2019.4513694388706,71.0,6.0,2.0,5.0,0.0,65.0
2019.452214509293,71.0,6.0,2.0,5.0,0.0,65.0
2019.752214509293,71.0,6.0,2.0,5.0,0.0,65.0
2019.7530595797155,71.0,6.0,2.0,5.0,0.0,65.0
2020.0530595797154,71.0,6.0,2.0,5.0,0.0,65.0
2020.0539046501378,71.0,6.0,2.0,3.0,0.0,66.0
2020.3539046501378,71.0,6.0,2.0,3.0,0.0,66.0
2020.3547497205602,71.0,6.0,2.0,3.0,0.0,66.0
2020.6547497205602,71.0,6.0,2.0,3.0,0.0,66.0
2020.6555947909826,71.0,6.0,2.0,3.0,0.0,66.0
2020.9555947909826,71.0,6.0,2.0,3.0,0.0,66.0
2020.956439861405,71.0,6.0,2.0,3.0,0.0,66.0
2021.256439861405,71.0,6.0,2.0,3.0,0.0,66.0
2021.2572849318274,71.0,6.0,2.0,3.0,0.0,66.0
2021.5572849318273,71.0,6.0,2.0,3.0,0.0,66.0
2021.5581300022498,71.0,6.0,2.0,3.0,0.0,66.0
2021.8581300022497,71.0,6.0,2.0,3.0,0.0,66.0
2021.8589750726721,71.0,6.0,2.0,3.0,0.0,66.0
2022.158975072672,71.0,6.0,2.0,3.0,0.0,66.0
2022.1598201430945,71.0,6.0,2.0,3.0,0.0,66.0
2022.4598201430945,71.0,6.0,2.0,3.0,0.0,66.0
2022.460665213517,71.0,6.0,2.0,3.0,0.0,66.0
2022.7606652135169,71.0,6.0,2.0,3.0,0.0,66.0
2022.7615102839393,71.0,6.0,2.0,3.0,0.0,66.0
2023.0615102839392,71.0,6.0,2.0,3.0,0.0,66.0
2023.0623553543617,71.0,6.0,2.0,3.0,0.0,66.0
2023.3623553543616,71.0,6.0,2.0,3.0,0.0,66.0
2023.363200424784,71.0,6.0,2.0,3.0,0.0,66.0
2023.663200424784,71.0,6.0,2.0,3.0,0.0,66.0
2023.6640454952064,71.0,6.0,2.0,3.0,0.0,66.0
2023.9640454952064,71.0,6.0,2.0,3.0,0.0,66.0
2023.9648905656288,72.0,6.0,2.0,3.0,0.0,66.0
2024.2648905656288,72.0,6.0,2.0,3.0,0.0,66.0
2024.265723898962,72.0,6.0,2.0,3.0,0.0,66.0
2024.565723898962,72.0,6.0,2.0,3.0,0.0,66.0
2024.5665572322953,72.0,6.0,2.0,3.0,0.0,66.0
2024.8665572322952,72.0,6.0,2.0,3.0,0.0,66.0
2024.8673905656285,72.0,6.0,2.0,3.0,0.0,66.0
2025.1673905656285,72.0,6.0,2.0,3.0,0.0,66.0
2025.1682238989617,72.0,6.0,2.0,3.0,0.0,66.0
2025.4682238989617,72.0,6.0,2.0,3.0,0.0,66.0
2025.469057232295,72.0,6.0,2.0,3.0,0.0,66.0
2025.769057232295,72.0,6.0,2.0,3.0,0.0,66.0
2025.7698905656282,72.0,6.0,2.0,3.0,0.0,66.0
2026.0698905656282,72.0,6.0,2.0,3.0,0.0,66.0
2026.0707238989614,72.0,6.0,2.0,3.0,0.0,66.0
2026.3707238989614,72.0,6.0,2.0,3.0,0.0,66.0
2026.3715572322947,72.0,6.0,2.0,3.0,0.0,66.0
2026.6715572322946,72.0,6.0,2.0,3.0,0.0,66.0
2026.672390565628,72.0,6.0,2.0,3.0,0.0,66.0
2026.9723905656278,72.0,6.0,2.0,3.0,0.0,66.0
2026.9732238989611,72.0,6.0,2.0,3.0,0.0,66.0
2027.273223898961,72.0,6.0,2.0,3.0,0.0,66.0
2027.2740572322944,72.0,6.0,2.0,3.0,0.0,66.0
2027.5740572322943,72.0,6.0,2.0,3.0,0.0,66.0
2027.5748905656276,72.0,6.0,2.0,3.0,0.0,66.0
2027.8748905656275,72.0,6.0,2.0,3.0,0.0,66.0
2027.8757238989608,72.0,6.0,2.0,3.0,0.0,66.0
2028.1757238989608,72.0,6.0,2.0,3.0,0.0,66.0
2028.176557232294,72.0,6.0,2.0,3.0,0.0,66.0
2028.476557232294,72.0,6.0,2.0,3.0,0.0,66.0
2028.4773905656273,72.0,6.0,2.0,3.0,0.0,66.0
2028.7773905656272,72.0,6.0,2.0,3.0,0.0,66.0
2028.7782238989605,72.0,6.0,2.0,3.0,0.0,66.0
2029.0782238989605,72.0,6.0,2.0,3.0,0.0,66.0
2029.0790572322937,72.0,6.0,2.0,3.0,0.0,66.0
2029.3790572322937,72.0,6.0,2.0,3.0,0.0,66.0
2029.379890565627,72.0,6.0,2.0,3.0,0.0,66.0
2029.679890565627,72.0,6.0,2.0,3.0,0.0,66.0
2029.6807238989602,72.0,6.0,2.0,3.0,0.0,66.0
2029.9807238989602,72.0,6.0,2.0,3.0,0.0,66.0
2029.9815572322934,72.0,6.0,2.0,3.0,0.0,66.0
2030.2815572322934,72.0,6.0,2.0,3.0,0.0,66.0
2030.2823905656267,72.0,6.0,2.0,3.0,0.0,66.0
2030.5823905656266,72.0,6.0,2.0,3.0,0.0,66.0
2030.58322389896,72.0,6.0,2.0,3.0,0.0,66.0
2030.8832238989598,72.0,6.0,2.0,3.0,0.0,66.0
2030.8840572322931,72.0,6.0,2.0,3.0,0.0,66.0
2031.184057232293,72.0,6.0,2.0,3.0,0.0,66.0
2031.1848905656263,72.0,6.0,2.0,3.0,0.0,66.0
2031.4848905656263,72.0,6.0,2.0,3.0,0.0,66.0
2031.4857238989596,72.0,6.0,2.0,3.0,0.0,66.0
2031.7857238989595,72.0,6.0,2.0,3.0,0.0,66.0
2031.7865572322928,72.0,6.0,2.0,3.0,0.0,66.0
2032.0865572322928,72.0,6.0,2.0,3.0,0.0,66.0
2032.087390565626,72.0,6.0,2.0,3.0,0.0,66.0
2032.387390565626,72.0,6.0,2.0,3.0,0.0,66.0
2032.3882238989593,72.0,6.0,2.0,3.0,0.0,66.0
2032.6882238989592,72.0,6.0,2.0,3.0,0.0,66.0
2032.6890572322925,72.0,6.0,2.0,3.0,0.0,66.0
2032.9890572322925,72.0,6.0,2.0,3.0,0.0,66.0
2032.9898905656257,72.0,6.0,2.0,3.0,0.0,66.0
2033.2898905656257,72.0,6.0,2.0,3.0,0.0,66.0
2033.290723898959,72.0,6.0,2.0,3.0,0.0,66.0
2033.590723898959,72.0,6.0,2.0,3.0,0.0,66.0
2033.5915572322922,72.0,6.0,2.0,3.0,0.0,66.0
2033.8915572322921,72.0,6.0,2.0,3.0,0.0,66.0
2033.8923905656254,72.0,6.0,2.0,3.0,0.0,66.0
2034.1923905656254,72.0,6.0,2.0,3.0,0.0,66.0
2034.1932238989586,72.0,6.0,2.0,3.0,0.0,66.0
2034.4932238989586,72.0,6.0,2.0,3.0,0.0,66.0
2034.4940572322919,72.0,6.0,2.0,3.0,0.0,66.0
2034.7940572322918,72.0,6.0,2.0,3.0,0.0,66.0
2034.794890565625,72.0,6.0,2.0,3.0,0.0,66.0
2035.094890565625,72.0,6.0,2.0,3.0,0.0,66.0
2035.0957238989583,72.0,6.0,2.0,3.0,0.0,66.0
2035.3957238989583,72.0,6.0,2.0,3.0,0.0,66.0
2035.3965572322916,72.0,6.0,2.0,3.0,0.0,66.0
2035.6965572322915,72.0,6.0,2.0,3.0,0.0,66.0
2035.6973905656248,72.0,6.0,2.0,3.0,0.0,66.0
2035.9973905656248,72.0,6.0,2.0,3.0,0.0,66.0
2035.998223898958,72.0,6.0,2.0,3.0,0.0,66.0
2036.298223898958,72.0,6.0,2.0,3.0,0.0,66.0
2036.2990572322913,72.0,6.0,2.0,3.0,0.0,66.0
2036.5990572322912,72.0,6.0,2.0,3.0,0.0,66.0
2036.5998905656245,72.0,6.0,2.0,3.0,0.0,66.0
2036.8998905656244,72.0,6.0,2.0,3.0,0.0,66.0
2036.9007238989577,72.0,6.0,2.0,3.0,0.0,66.0
2037.2007238989577,72.0,6.0,2.0,3.0,0.0,66.0
2037.201557232291,72.0,6.0,2.0,3.0,0.0,66.0
2037.501557232291,72.0,6.0,2.0,3.0,0.0,66.0
2037.5023905656242,72.0,6.0,2.0,3.0,0.0,66.0
2037.8023905656241,72.0,6.0,2.0,3.0,0.0,66.0
2037.8032238989574,72.0,6.0,2.0,3.0,0.0,66.0
2038.1032238989574,72.0,6.0,2.0,3.0,0.0,66.0
2038.1040572322906,72.0,6.0,2.0,3.0,0.0,66.0
2038.4040572322906,72.0,6.0,2.0,3.0,0.0,66.0
2038.4048905656239,72.0,6.0,2.0,3.0,0.0,66.0
2038.7048905656238,72.0,6.0,2.0,3.0,0.0,66.0
2038.705723898957,72.0,6.0,2.0,3.0,0.0,66.0
2039.005723898957,72.0,6.0,2.0,3.0,0.0,66.0
2039.0065572322903,72.0,6.0,2.0,3.0,0.0,66.0
2039.3065572322903,72.0,6.0,2.0,3.0,0.0,66.0
2039.3073905656236,72.0,6.0,2.0,3.0,0.0,66.0
2039.6073905656235,72.0,6.0,2.0,3.0,0.0,66.0
2039.6082238989568,72.0,6.0,2.0,3.0,0.0,66.0
2039.9082238989567,72.0,6.0,2.0,3.0,0.0,66.0
2039.90905723229,72.0,6.0,2.0,3.0,0.0,66.0
2040.20905723229,72.0,6.0,2.0,3.0,0.0,66.0
2040.2098905656233,72.0,6.0,2.0,3.0,0.0,66.0
2040.5098905656232,72.0,6.0,2.0,3.0,0.0,66.0
2040.5107238989565,72.0,6.0,2.0,3.0,0.0,66.0
2040.8107238989564,72.0,6.0,2.0,3.0,0.0,66.0
2040.8115572322897,72.0,6.0,2.0,3.0,0.0,66.0
2041.1115572322897,72.0,6.0,2.0,3.0,0.0,66.0
2041.112390565623,72.0,6.0,2.0,3.0,0.0,66.0
2041.412390565623,72.0,6.0,2.0,3.0,0.0,66.0
2041.4132238989562,72.0,6.0,2.0,3.0,0.0,66.0
2041.7132238989561,72.0,6.0,2.0,3.0,0.0,66.0
2041.7140572322894,72.0,6.0,2.0,3.0,0.0,66.0
2042.0140572322894,72.0,6.0,2.0,3.0,0.0,66.0
2042.0148905656226,72.0,6.0,2.0,3.0,0.0,66.0
2042.3148905656226,72.0,6.0,2.0,3.0,0.0,66.0
2042.3157238989559,72.0,6.0,2.0,3.0,0.0,66.0
2042.6157238989558,72.0,6.0,2.0,3.0,0.0,66.0
2042.616557232289,72.0,6.0,2.0,3.0,0.0,66.0
2042.916557232289,72.0,6.0,2.0,3.0,0.0,66.0
2042.9173905656223,72.0,6.0,2.0,3.0,0.0,66.0
2043.2173905656223,72.0,6.0,2.0,3.0,0.0,66.0
2043.2182238989556,72.0,6.0,2.0,3.0,0.0,66.0
2043.5182238989555,72.0,6.0,2.0,3.0,0.0,66.0
2043.5190572322888,72.0,6.0,2.0,3.0,0.0,66.0
2043.8190572322887,72.0,6.0,2.0,3.0,0.0,66.0
2043.819890565622,72.0,6.0,2.0,3.0,0.0,66.0
2044.119890565622,72.0,6.0,2.0,3.0,0.0,66.0
2044.1207238989552,73.0,6.0,2.0,3.0,0.0,66.0
2044.4207238989552,73.0,6.0,2.0,3.0,0.0,66.0
2044.4215458167635,73.0,6.0,2.0,3.0,0.0,66.0
2044.7215458167634,73.0,6.0,2.0,3.0,0.0,66.0
2044.7223677345717,73.0,6.0,2.0,3.0,0.0,66.0
2045.0223677345716,73.0,6.0,2.0,3.0,0.0,66.0
2045.0231896523799,73.0,6.0,2.0,3.0,0.0,66.0
2045.3231896523798,73.0,6.0,2.0,3.0,0.0,66.0
2045.324011570188,73.0,6.0,2.0,3.0,0.0,66.0
2045.624011570188,73.0,6.0,2.0,3.0,0.0,66.0
2045.6248334879963,73.0,6.0,2.0,3.0,0.0,66.0
2045.9248334879962,73.0,6.0,2.0,3.0,0.0,66.0
2045.9256554058045,73.0,6.0,2.0,3.0,0.0,66.0
2046.2256554058044,73.0,6.0,2.0,3.0,0.0,66.0
2046.2264773236127,73.0,6.0,2.0,3.0,0.0,66.0
2046.5264773236127,73.0,6.0,2.0,3.0,0.0,66.0
2046.527299241421,73.0,6.0,2.0,3.0,0.0,66.0
2046.8272992414209,73.0,6.0,2.0,3.0,0.0,66.0
2046.828121159229,73.0,6.0,2.0,3.0,0.0,66.0
2047.128121159229,73.0,6.0,2.0,3.0,0.0,66.0
2047.1289430770373,73.0,6.0,2.0,3.0,0.0,66.0
2047.4289430770373,73.0,6.0,2.0,3.0,0.0,66.0
2047.4297649948455,73.0,6.0,2.0,3.0,0.0,66.0
2047.7297649948455,73.0,6.0,2.0,3.0,0.0,66.0
2047.7305869126537,73.0,6.0,2.0,3.0,0.0,66.0
2048.0305869126537,73.0,6.0,2.0,3.0,0.0,66.0
2048.0314088304617,73.0,6.0,2.0,3.0,0.0,66.0
2048.331408830462,73.0,6.0,2.0,3.0,0.0,66.0
2048.33223074827,73.0,6.0,2.0,3.0,0.0,66.0
2048.63223074827,73.0,6.0,2.0,3.0,0.0,66.0
2048.633052666078,73.0,6.0,2.0,3.0,0.0,66.0
2048.9330526660783,73.0,6.0,2.0,3.0,0.0,66.0
2048.9338745838863,73.0,6.0,2.0,3.0,0.0,66.0
2049.2338745838865,73.0,6.0,2.0,3.0,0.0,66.0
2049.2346965016945,73.0,6.0,2.0,3.0,0.0,66.0
2049.5346965016947,73.0,6.0,2.0,3.0,0.0,66.0
2049.5355184195028,72.0,6.0,2.0,3.0,0.0,66.0
2049.835518419503,72.0,6.0,2.0,3.0,0.0,66.0
2049.8363517528364,72.0,6.0,2.0,3.0,0.0,66.0
2050.1363517528366,72.0,6.0,2.0,3.0,0.0,66.0
2050.13718508617,72.0,6.0,2.0,3.0,0.0,66.0
2050.4371850861703,72.0,6.0,2.0,3.0,0.0,66.0
2050.438018419504,72.0,6.0,2.0,3.0,0.0,66.0
2050.738018419504,72.0,6.0,2.0,3.0,0.0,66.0
2050.7388517528375,72.0,6.0,2.0,3.0,0.0,66.0
2051.0388517528377,72.0,6.0,2.0,3.0,0.0,66.0
2051.039685086171,72.0,6.0,2.0,3.0,0.0,66.0
2051.3396850861714,72.0,6.0,2.0,3.0,0.0,66.0
2051.340518419505,72.0,6.0,2.0,3.0,0.0,66.0
2051.640518419505,72.0,6.0,2.0,3.0,0.0,66.0
2051.6413517528385,72.0,6.0,2.0,3.0,0.0,66.0
2051.9413517528387,72.0,6.0,2.0,3.0,0.0,66.0
2051.9421850861722,72.0,6.0,2.0,3.0,0.0,66.0
2052.2421850861724,72.0,6.0,2.0,3.0,0.0,66.0
2052.243018419506,72.0,6.0,2.0,8.0,0.0,66.0
2052.543018419506,72.0,6.0,2.0,8.0,0.0,66.0
2052.5438517528396,72.0,6.0,2.0,8.0,0.0,66.0
2052.84385175284,72.0,6.0,2.0,8.0,0.0,66.0
2052.8446850861733,72.0,6.0,2.0,8.0,0.0,66.0
2053.1446850861735,72.0,6.0,2.0,8.0,0.0,66.0
2053.145518419507,72.0,6.0,2.0,8.0,0.0,66.0
2053.445518419507,72.0,6.0,2.0,8.0,0.0,66.0
2053.4463517528407,72.0,6.0,2.0,8.0,0.0,66.0
2053.746351752841,72.0,6.0,2.0,8.0,0.0,66.0
2053.7471850861743,72.0,6.0,2.0,8.0,0.0,66.0
2054.0471850861745,72.0,6.0,2.0,8.0,0.0,66.0
2054.048018419508,72.0,6.0,2.0,8.0,0.0,66.0
2054.348018419508,72.0,6.0,2.0,8.0,0.0,66.0
2054.3488517528417,72.0,6.0,2.0,8.0,0.0,66.0
2054.648851752842,72.0,6.0,2.0,8.0,0.0,66.0
2054.6496850861754,72.0,6.0,2.0,8.0,0.0,66.0
2054.9496850861756,72.0,6.0,2.0,8.0,0.0,66.0
2054.950518419509,72.0,6.0,2.0,8.0,0.0,66.0
2055.2505184195093,72.0,6.0,2.0,8.0,0.0,66.0
2055.2513517528428,72.0,6.0,2.0,8.0,0.0,66.0
2055.551351752843,72.0,6.0,2.0,8.0,0.0,66.0
2055.5521850861765,72.0,6.0,2.0,8.0,0.0,66.0
2055.8521850861766,72.0,6.0,2.0,8.0,0.0,66.0
2055.85301841951,72.0,6.0,2.0,8.0,0.0,66.0
2056.1530184195103,72.0,6.0,2.0,8.0,0.0,66.0
2056.153851752844,72.0,6.0,2.0,8.0,0.0,66.0
2056.453851752844,72.0,6.0,2.0,8.0,0.0,66.0
2056.4546850861775,72.0,6.0,2.0,8.0,0.0,66.0
2056.7546850861777,72.0,6.0,2.0,8.0,0.0,66.0
2056.755518419511,72.0,6.0,2.0,8.0,0.0,66.0
2057.0555184195114,72.0,6.0,2.0,8.0,0.0,66.0
2057.056351752845,72.0,6.0,2.0,8.0,0.0,66.0
2057.356351752845,72.0,6.0,2.0,8.0,0.0,66.0
2057.3571850861786,72.0,6.0,2.0,8.0,0.0,66.0
2057.6571850861787,72.0,6.0,2.0,8.0,0.0,66.0
2057.6580184195122,72.0,6.0,2.0,8.0,0.0,66.0
2057.9580184195124,72.0,6.0,2.0,8.0,0.0,66.0
2057.958851752846,72.0,6.0,2.0,8.0,0.0,66.0
2058.258851752846,72.0,6.0,2.0,8.0,0.0,66.0
2058.2596850861796,72.0,6.0,2.0,8.0,0.0,66.0
2058.55968508618,72.0,6.0,2.0,8.0,0.0,66.0
2058.5605184195133,72.0,6.0,2.0,8.0,0.0,66.0
2058.8605184195135,72.0,6.0,2.0,8.0,0.0,66.0
2058.861351752847,72.0,6.0,2.0,8.0,0.0,66.0
2059.161351752847,72.0,6.0,2.0,8.0,0.0,66.0
2059.1621850861807,72.0,6.0,2.0,8.0,0.0,66.0
2059.462185086181,72.0,6.0,2.0,8.0,0.0,66.0
2059.4630184195144,72.0,6.0,2.0,8.0,0.0,66.0
2059.7630184195145,72.0,6.0,2.0,8.0,0.0,66.0
2059.763851752848,72.0,6.0,2.0,8.0,0.0,66.0
2060.063851752848,72.0,6.0,2.0,8.0,0.0,66.0
2060.0646850861817,73.0,6.0,2.0,8.0,0.0,66.0
2060.364685086182,73.0,6.0,2.0,8.0,0.0,66.0
2060.36550700399,73.0,6.0,2.0,8.0,0.0,66.0
2060.66550700399,73.0,6.0,2.0,8.0,0.0,66.0
2060.666328921798,73.0,6.0,2.0,8.0,0.0,66.0
2060.9663289217983,73.0,6.0,2.0,8.0,0.0,66.0
2060.9671508396063,73.0,6.0,2.0,8.0,0.0,66.0
2061.2671508396065,73.0,6.0,2.0,8.0,0.0,66.0
2061.2679727574146,73.0,6.0,2.0,8.0,0.0,66.0
2061.5679727574147,73.0,6.0,2.0,8.0,0.0,66.0
2061.5687946752228,73.0,6.0,2.0,8.0,0.0,66.0
2061.868794675223,73.0,6.0,2.0,8.0,0.0,66.0
2061.869616593031,73.0,6.0,2.0,8.0,0.0,66.0
2062.169616593031,73.0,6.0,2.0,8.0,0.0,66.0
2062.170438510839,73.0,6.0,2.0,8.0,0.0,66.0
2062.4704385108394,73.0,6.0,2.0,8.0,0.0,66.0
2062.4712604286474,73.0,6.0,2.0,8.0,0.0,66.0
2062.7712604286476,73.0,6.0,2.0,8.0,0.0,66.0
2062.7720823464556,73.0,6.0,2.0,8.0,0.0,66.0
2063.0720823464558,73.0,6.0,2.0,8.0,0.0,66.0
2063.072904264264,73.0,6.0,2.0,8.0,0.0,66.0
2063.372904264264,73.0,6.0,2.0,8.0,0.0,66.0
2063.373726182072,73.0,6.0,2.0,8.0,0.0,66.0
2063.673726182072,73.0,6.0,2.0,8.0,0.0,66.0
2063.67454809988,73.0,6.0,2.0,8.0,0.0,66.0
2063.9745480998804,73.0,6.0,2.0,8.0,0.0,66.0
2063.9753700176884,73.0,6.0,2.0,8.0,0.0,66.0
2064.2753700176886,73.0,6.0,2.0,8.0,0.0,66.0
2064.2761919354966,73.0,6.0,2.0,8.0,0.0,66.0
2064.576191935497,73.0,6.0,2.0,8.0,0.0,66.0
2064.577013853305,73.0,6.0,2.0,8.0,0.0,66.0
2064.877013853305,73.0,6.0,2.0,8.0,0.0,66.0
2064.877835771113,73.0,6.0,2.0,8.0,0.0,66.0
2065.177835771113,73.0,6.0,2.0,8.0,0.0,66.0
2065.1786576889212,73.0,6.0,2.0,8.0,0.0,66.0
2065.4786576889214,73.0,6.0,2.0,8.0,0.0,66.0
2065.4794796067295,73.0,6.0,2.0,8.0,0.0,66.0
2065.7794796067296,73.0,6.0,2.0,8.0,0.0,66.0
2065.7803015245377,73.0,6.0,2.0,8.0,0.0,66.0
2066.080301524538,73.0,6.0,2.0,8.0,0.0,66.0
2066.081123442346,73.0,6.0,2.0,8.0,0.0,66.0
2066.381123442346,73.0,6.0,2.0,8.0,0.0,66.0
2066.381945360154,73.0,6.0,2.0,8.0,0.0,66.0
2066.6819453601543,73.0,6.0,2.0,8.0,0.0,66.0
2066.6827672779623,73.0,6.0,2.0,8.0,0.0,66.0
2066.9827672779625,73.0,6.0,2.0,8.0,0.0,66.0
2066.9835891957705,73.0,6.0,2.0,8.0,0.0,66.0
2067.2835891957707,73.0,6.0,2.0,8.0,0.0,66.0
2067.2844111135787,73.0,6.0,2.0,8.0,0.0,66.0
2067.584411113579,73.0,6.0,2.0,8.0,0.0,66.0
2067.585233031387,73.0,6.0,2.0,8.0,0.0,66.0
2067.885233031387,73.0,6.0,2.0,8.0,0.0,66.0
2067.886054949195,73.0,6.0,2.0,8.0,0.0,66.0
2068.1860549491953,73.0,6.0,2.0,8.0,0.0,66.0
2068.1868768670033,73.0,6.0,2.0,8.0,0.0,66.0
2068.4868768670035,73.0,6.0,2.0,8.0,0.0,66.0
2068.4876987848115,73.0,6.0,2.0,8.0,0.0,66.0
2068.7876987848117,73.0,6.0,2.0,8.0,0.0,66.0
2068.7885207026197,73.0,6.0,2.0,8.0,0.0,66.0
2069.08852070262,73.0,6.0,2.0,8.0,0.0,66.0
2069.089342620428,73.0,6.0,2.0,8.0,0.0,66.0
2069.389342620428,73.0,6.0,2.0,8.0,0.0,66.0
2069.390164538236,73.0,6.0,2.0,8.0,0.0,66.0
2069.6901645382363,73.0,6.0,2.0,8.0,0.0,66.0
2069.6909864560444,73.0,6.0,2.0,8.0,0.0,66.0
2069.9909864560445,73.0,6.0,2.0,8.0,0.0,66.0
2069.9918083738526,73.0,6.0,2.0,8.0,0.0,66.0
2070.2918083738527,73.0,6.0,2.0,8.0,0.0,66.0
2070.2926302916608,73.0,6.0,2.0,8.0,0.0,66.0
2070.592630291661,73.0,6.0,2.0,8.0,0.0,66.0
2070.593452209469,73.0,6.0,2.0,8.0,0.0,66.0
2070.893452209469,73.0,6.0,2.0,8.0,0.0,66.0
2070.894274127277,73.0,6.0,2.0,8.0,0.0,66.0
2071.1942741272774,73.0,6.0,2.0,8.0,0.0,66.0
2071.1950960450854,73.0,6.0,2.0,8.0,0.0,66.0
2071.4950960450856,73.0,6.0,2.0,8.0,0.0,66.0
2071.4959179628936,73.0,6.0,2.0,8.0,0.0,66.0
2071.795917962894,73.0,6.0,2.0,8.0,0.0,66.0
2071.796739880702,73.0,6.0,2.0,8.0,0.0,66.0
2072.096739880702,73.0,6.0,2.0,8.0,0.0,66.0
2072.09756179851,73.0,6.0,2.0,8.0,0.0,66.0
2072.39756179851,73.0,6.0,2.0,8.0,0.0,66.0
2072.398383716318,73.0,6.0,2.0,8.0,0.0,66.0
2072.6983837163184,73.0,6.0,2.0,8.0,0.0,66.0
2072.6992056341264,73.0,6.0,2.0,6.0,0.0,67.0
2072.9992056341266,73.0,6.0,2.0,6.0,0.0,67.0
2073.0000275519346,73.0,6.0,2.0,6.0,0.0,67.0
2073.300027551935,73.0,6.0,2.0,6.0,0.0,67.0
2073.300849469743,73.0,6.0,2.0,6.0,0.0,67.0
2073.600849469743,73.0,6.0,2.0,6.0,0.0,67.0
2073.601671387551,73.0,6.0,2.0,6.0,0.0,67.0
2073.9016713875512,73.0,6.0,2.0,6.0,0.0,67.0
2073.9024933053593,73.0,6.0,2.0,6.0,0.0,67.0
2074.2024933053594,73.0,6.0,2.0,6.0,0.0,67.0
2074.2033152231675,73.0,6.0,2.0,6.0,0.0,67.0
2074.5033152231676,73.0,6.0,2.0,6.0,0.0,67.0
2074.5041371409757,73.0,6.0,2.0,6.0,0.0,67.0
2074.804137140976,73.0,6.0,2.0,6.0,0.0,67.0
2074.804959058784,73.0,6.0,2.0,6.0,0.0,67.0
2075.104959058784,73.0,6.0,2.0,6.0,0.0,67.0
2075.105780976592,73.0,6.0,2.0,6.0,0.0,67.0
2075.4057809765923,73.0,6.0,2.0,6.0,0.0,67.0
2075.4066028944003,73.0,6.0,2.0,6.0,0.0,67.0
2075.7066028944005,73.0,6.0,2.0,6.0,0.0,67.0
2075.7074248122085,73.0,6.0,2.0,6.0,0.0,67.0
2076.0074248122087,73.0,6.0,2.0,6.0,0.0,67.0
2076.0082467300167,73.0,6.0,2.0,6.0,0.0,67.0
2076.308246730017,73.0,6.0,2.0,6.0,0.0,67.0
2076.309068647825,73.0,6.0,2.0,6.0,0.0,67.0
2076.609068647825,73.0,6.0,2.0,6.0,0.0,67.0
2076.609890565633,73.0,6.0,2.0,6.0,0.0,67.0
2076.9098905656333,73.0,6.0,2.0,6.0,0.0,67.0
2076.9107124834413,73.0,6.0,2.0,6.0,0.0,67.0
2077.2107124834415,73.0,6.0,2.0,6.0,0.0,67.0
2077.2115344012495,73.0,6.0,2.0,6.0,0.0,67.0
2077.5115344012497,73.0,6.0,2.0,6.0,0.0,67.0
2077.5123563190577,73.0,6.0,2.0,6.0,0.0,67.0
2077.812356319058,73.0,6.0,2.0,6.0,0.0,67.0
2077.813178236866,73.0,6.0,2.0,6.0,0.0,67.0
2078.113178236866,73.0,6.0,2.0,6.0,0.0,67.0
2078.114000154674,73.0,6.0,2.0,6.0,0.0,67.0
2078.4140001546743,73.0,6.0,2.0,6.0,0.0,67.0
2078.4148220724824,73.0,6.0,2.0,6.0,0.0,67.0
2078.7148220724825,73.0,6.0,2.0,6.0,0.0,67.0
2078.7156439902906,73.0,6.0,2.0,6.0,0.0,67.0
2079.0156439902908,73.0,6.0,2.0,6.0,0.0,67.0
2079.016465908099,73.0,6.0,2.0,6.0,0.0,67.0
2079.316465908099,73.0,6.0,2.0,6.0,0.0,67.0
2079.317287825907,73.0,6.0,2.0,6.0,0.0,67.0
2079.617287825907,73.0,6.0,2.0,6.0,0.0,67.0
2079.618109743715,73.0,6.0,2.0,6.0,0.0,67.0
2079.9181097437154,73.0,6.0,2.0,6.0,0.0,67.0
2079.9189316615234,73.0,6.0,2.0,6.0,0.0,67.0
2080.2189316615236,73.0,6.0,2.0,6.0,0.0,67.0
2080.2197535793316,73.0,6.0,2.0,6.0,0.0,67.0
2080.519753579332,73.0,6.0,2.0,6.0,0.0,67.0
2080.52057549714,73.0,6.0,2.0,6.0,0.0,67.0
2080.82057549714,73.0,6.0,2.0,6.0,0.0,67.0
2080.821397414948,73.0,6.0,2.0,6.0,0.0,67.0
2081.121397414948,73.0,6.0,2.0,6.0,0.0,67.0
2081.1222193327562,73.0,6.0,2.0,6.0,0.0,67.0
2081.4222193327564,73.0,6.0,2.0,6.0,0.0,67.0
2081.4230412505644,73.0,6.0,2.0,6.0,0.0,67.0
2081.7230412505646,73.0,6.0,2.0,6.0,0.0,67.0
2081.7238631683726,73.0,6.0,2.0,6.0,0.0,67.0
2082.023863168373,73.0,6.0,2.0,6.0,0.0,67.0
2082.024685086181,73.0,6.0,2.0,6.0,0.0,67.0
2082.324685086181,73.0,6.0,2.0,6.0,0.0,67.0
2082.325507003989,73.0,6.0,2.0,6.0,0.0,67.0
2082.6255070039892,73.0,6.0,2.0,6.0,0.0,67.0
2082.6263289217973,73.0,6.0,2.0,6.0,0.0,67.0
2082.9263289217974,73.0,6.0,2.0,6.0,0.0,67.0
2082.9271508396055,73.0,6.0,2.0,6.0,0.0,67.0
2083.2271508396057,73.0,6.0,2.0,6.0,0.0,67.0
2083.2279727574137,73.0,6.0,2.0,4.0,0.0,68.0
2083.527972757414,73.0,6.0,2.0,4.0,0.0,68.0
2083.528794675222,73.0,6.0,2.0,4.0,0.0,68.0
2083.828794675222,73.0,6.0,2.0,4.0,0.0,68.0
2083.82961659303,73.0,6.0,2.0,4.0,0.0,68.0
2084.1296165930303,73.0,6.0,2.0,4.0,0.0,68.0
2084.1304385108383,73.0,6.0,2.0,4.0,0.0,68.0
2084.4304385108385,73.0,6.0,2.0,4.0,0.0,68.0
2084.4312604286465,73.0,6.0,2.0,4.0,0.0,68.0
2084.7312604286467,73.0,6.0,2.0,4.0,0.0,68.0
2084.7320823464547,73.0,6.0,2.0,4.0,0.0,68.0
2085.032082346455,73.0,6.0,2.0,4.0,0.0,68.0
2085.032904264263,73.0,6.0,2.0,4.0,0.0,68.0
2085.332904264263,73.0,6.0,2.0,4.0,0.0,68.0
2085.333726182071,73.0,6.0,2.0,4.0,0.0,68.0
2085.6337261820713,73.0,6.0,2.0,4.0,0.0,68.0
2085.6345480998793,73.0,6.0,2.0,4.0,0.0,68.0
2085.9345480998795,73.0,6.0,2.0,4.0,0.0,68.0
2085.9353700176875,73.0,6.0,2.0,4.0,0.0,68.0
2086.2353700176877,73.0,6.0,2.0,4.0,0.0,68.0
2086.2361919354958,73.0,6.0,2.0,4.0,0.0,68.0
2086.536191935496,73.0,6.0,2.0,4.0,0.0,68.0
2086.537013853304,73.0,6.0,2.0,4.0,0.0,68.0
2086.837013853304,73.0,6.0,2.0,4.0,0.0,68.0
2086.837835771112,73.0,6.0,2.0,4.0,0.0,68.0
2087.1378357711123,73.0,6.0,2.0,4.0,0.0,68.0
2087.1386576889204,73.0,6.0,2.0,4.0,0.0,68.0
2087.4386576889206,73.0,6.0,2.0,4.0,0.0,68.0
2087.4394796067286,73.0,6.0,2.0,4.0,0.0,68.0
2087.7394796067288,73.0,6.0,2.0,4.0,0.0,68.0
2087.740301524537,73.0,6.0,2.0,4.0,0.0,68.0
2088.040301524537,73.0,6.0,2.0,4.0,0.0,68.0
2088.041123442345,73.0,6.0,2.0,4.0,0.0,68.0
2088.341123442345,73.0,6.0,2.0,4.0,0.0,68.0
2088.341945360153,73.0,6.0,2.0,4.0,0.0,68.0
2088.6419453601534,73.0,6.0,2.0,4.0,0.0,68.0
2088.6427672779614,73.0,6.0,2.0,4.0,0.0,68.0
2088.9427672779616,73.0,6.0,2.0,4.0,0.0,68.0
2088.9435891957696,73.0,6.0,2.0,4.0,0.0,68.0
2089.24358919577,73.0,6.0,2.0,4.0,0.0,68.0
2089.244411113578,73.0,6.0,2.0,4.0,0.0,68.0
2089.544411113578,73.0,6.0,2.0,4.0,0.0,68.0
2089.545233031386,73.0,6.0,2.0,4.0,0.0,68.0
2089.845233031386,73.0,6.0,2.0,4.0,0.0,68.0
2089.8460549491942,73.0,6.0,2.0,4.0,0.0,68.0
2090.1460549491944,73.0,6.0,2.0,4.0,0.0,68.0
2090.1468768670024,73.0,6.0,2.0,4.0,0.0,68.0
2090.4468768670026,73.0,6.0,2.0,4.0,0.0,68.0
2090.4476987848107,73.0,6.0,2.0,4.0,0.0,68.0
2090.747698784811,73.0,6.0,2.0,4.0,0.0,68.0
2090.748520702619,73.0,6.0,2.0,4.0,0.0,68.0
2091.048520702619,73.0,6.0,2.0,4.0,0.0,68.0
2091.049342620427,73.0,6.0,2.0,4.0,0.0,68.0
2091.3493426204273,73.0,6.0,2.0,4.0,0.0,68.0
2091.3501645382353,73.0,6.0,2.0,4.0,0.0,68.0
2091.6501645382355,73.0,6.0,2.0,4.0,0.0,68.0
2091.6509864560435,73.0,6.0,2.0,4.0,0.0,68.0
2091.9509864560437,73.0,6.0,2.0,4.0,0.0,68.0
2091.9518083738517,73.0,6.0,2.0,4.0,0.0,68.0
2092.251808373852,73.0,6.0,2.0,4.0,0.0,68.0
2092.25263029166,73.0,6.0,2.0,4.0,0.0,68.0
2092.55263029166,73.0,6.0,2.0,4.0,0.0,68.0
2092.553452209468,73.0,6.0,2.0,4.0,0.0,68.0
2092.8534522094683,73.0,6.0,2.0,4.0,0.0,68.0
2092.8542741272763,73.0,6.0,2.0,4.0,0.0,68.0
2093.1542741272765,73.0,6.0,2.0,4.0,0.0,68.0
2093.1550960450845,73.0,6.0,2.0,4.0,0.0,68.0
2093.4550960450847,73.0,6.0,2.0,4.0,0.0,68.0
2093.4559179628927,73.0,6.0,2.0,4.0,0.0,68.0
2093.755917962893,73.0,6.0,2.0,4.0,0.0,68.0
2093.756739880701,73.0,6.0,2.0,4.0,0.0,68.0
2094.056739880701,73.0,6.0,2.0,4.0,0.0,68.0
2094.057561798509,73.0,6.0,2.0,4.0,0.0,68.0
2094.3575617985093,73.0,6.0,2.0,4.0,0.0,68.0
2094.3583837163173,73.0,6.0,2.0,4.0,0.0,68.0
2094.6583837163175,73.0,6.0,2.0,4.0,0.0,68.0
2094.6592056341256,73.0,6.0,2.0,4.0,0.0,68.0
2094.9592056341257,73.0,6.0,2.0,4.0,0.0,68.0
2094.9600275519338,73.0,6.0,2.0,4.0,0.0,68.0
2095.260027551934,73.0,6.0,2.0,4.0,0.0,68.0
2095.260849469742,73.0,6.0,2.0,4.0,0.0,68.0
2095.560849469742,73.0,6.0,2.0,4.0,0.0,68.0
2095.56167138755,73.0,6.0,2.0,4.0,0.0,68.0
2095.8616713875504,73.0,6.0,2.0,4.0,0.0,68.0
2095.8624933053584,73.0,6.0,2.0,4.0,0.0,68.0
2096.1624933053586,73.0,6.0,2.0,4.0,0.0,68.0
2096.1633152231666,73.0,6.0,2.0,4.0,0.0,68.0
2096.463315223167,73.0,6.0,2.0,4.0,0.0,68.0
2096.464137140975,73.0,6.0,2.0,4.0,0.0,68.0
2096.764137140975,73.0,6.0,2.0,4.0,0.0,68.0
2096.764959058783,73.0,6.0,2.0,4.0,0.0,68.0
2097.064959058783,73.0,6.0,2.0,4.0,0.0,68.0
2097.065780976591,73.0,6.0,2.0,4.0,0.0,68.0
2097.3657809765914,73.0,6.0,2.0,4.0,0.0,68.0
2097.3666028943994,73.0,6.0,2.0,4.0,0.0,68.0
2097.6666028943996,73.0,6.0,2.0,4.0,0.0,68.0
2097.6674248122076,73.0,6.0,2.0,4.0,0.0,68.0
2097.967424812208,73.0,6.0,2.0,4.0,0.0,68.0
2097.968246730016,73.0,6.0,2.0,4.0,0.0,68.0
2098.268246730016,73.0,6.0,2.0,4.0,0.0,68.0
2098.269068647824,73.0,6.0,2.0,4.0,0.0,68.0
2098.569068647824,73.0,6.0,2.0,4.0,0.0,68.0
2098.5698905656322,73.0,6.0,2.0,4.0,0.0,68.0
2098.8698905656324,73.0,6.0,2.0,4.0,0.0,68.0
2098.8707124834405,73.0,6.0,2.0,4.0,0.0,68.0
2099.1707124834406,73.0,6.0,2.0,4.0,0.0,68.0
2099.1715344012487,73.0,6.0,2.0,4.0,0.0,68.0
2099.471534401249,73.0,6.0,2.0,4.0,0.0,68.0
2099.472356319057,73.0,6.0,2.0,4.0,0.0,68.0
2099.772356319057,73.0,6.0,2.0,4.0,0.0,68.0
2099.773178236865,73.0,6.0,2.0,4.0,0.0,68.0
2100.0731782368653,73.0,6.0,2.0,4.0,0.0,68.0
2100.0740001546733,73.0,6.0,2.0,4.0,0.0,68.0
2100.3740001546735,73.0,6.0,2.0,4.0,0.0,68.0
2100.3748220724815,73.0,6.0,2.0,4.0,0.0,68.0
2100.6748220724817,73.0,6.0,2.0,4.0,0.0,68.0
2100.6756439902897,73.0,6.0,2.0,4.0,0.0,68.0
2100.97564399029,73.0,6.0,2.0,4.0,0.0,68.0
2100.976465908098,73.0,6.0,2.0,4.0,0.0,68.0
2101.276465908098,73.0,6.0,2.0,4.0,0.0,68.0
2101.277287825906,73.0,6.0,2.0,4.0,0.0,68.0
2101.5772878259063,73.0,6.0,2.0,4.0,0.0,68.0
2101.5781097437143,73.0,6.0,2.0,4.0,0.0,68.0
2101.8781097437145,73.0,6.0,2.0,4.0,0.0,68.0
2101.8789316615225,73.0,6.0,2.0,4.0,0.0,68.0
2102.1789316615227,73.0,6.0,2.0,4.0,0.0,68.0
2102.1797535793307,73.0,6.0,2.0,4.0,0.0,68.0
2102.479753579331,73.0,6.0,2.0,4.0,0.0,68.0
2102.480575497139,73.0,6.0,2.0,4.0,0.0,68.0
2102.780575497139,73.0,6.0,2.0,4.0,0.0,68.0
2102.781397414947,73.0,6.0,2.0,4.0,0.0,68.0
2103.0813974149473,73.0,6.0,2.0,4.0,0.0,68.0
2103.0822193327554,73.0,6.0,2.0,4.0,0.0,68.0
2103.3822193327555,73.0,6.0,2.0,4.0,0.0,68.0
2103.3830412505636,73.0,6.0,2.0,4.0,0.0,68.0
2103.6830412505637,73.0,6.0,2.0,4.0,0.0,68.0
2103.6838631683718,73.0,6.0,2.0,4.0,0.0,68.0
2103.983863168372,73.0,6.0,2.0,4.0,0.0,68.0
2103.98468508618,73.0,6.0,2.0,4.0,0.0,68.0
2104.28468508618,73.0,6.0,2.0,4.0,0.0,68.0
2104.285507003988,73.0,6.0,2.0,4.0,0.0,68.0
2104.5855070039884,73.0,6.0,2.0,4.0,0.0,68.0
2104.5863289217964,73.0,6.0,2.0,4.0,0.0,68.0
2104.8863289217966,73.0,6.0,2.0,4.0,0.0,68.0
2104.8871508396046,73.0,6.0,2.0,4.0,0.0,68.0
2105.187150839605,73.0,6.0,2.0,4.0,0.0,68.0
2105.187972757413,73.0,6.0,2.0,4.0,0.0,68.0
2105.487972757413,73.0,6.0,2.0,4.0,0.0,68.0
2105.488794675221,73.0,6.0,2.0,4.0,0.0,68.0
2105.788794675221,73.0,6.0,2.0,4.0,0.0,68.0
2105.789616593029,73.0,6.0,2.0,4.0,0.0,68.0
2106.0896165930294,73.0,6.0,2.0,4.0,0.0,68.0
2106.0904385108374,73.0,6.0,2.0,4.0,0.0,68.0
2106.3904385108376,73.0,6.0,2.0,4.0,0.0,68.0
2106.3912604286456,73.0,6.0,2.0,4.0,0.0,68.0
2106.691260428646,73.0,6.0,2.0,4.0,0.0,68.0
2106.692082346454,73.0,6.0,2.0,4.0,0.0,68.0
2106.992082346454,73.0,6.0,2.0,4.0,0.0,68.0
2106.992904264262,73.0,6.0,2.0,4.0,0.0,68.0
2107.2929042642622,73.0,6.0,2.0,4.0,0.0,68.0
2107.2937261820703,73.0,6.0,2.0,4.0,0.0,68.0
2107.5937261820704,73.0,6.0,2.0,4.0,0.0,68.0
2107.5945480998785,73.0,6.0,2.0,4.0,0.0,68.0
2107.8945480998786,73.0,6.0,2.0,4.0,0.0,68.0
2107.8953700176867,73.0,6.0,2.0,4.0,0.0,68.0
2108.195370017687,73.0,6.0,2.0,4.0,0.0,68.0
2108.196191935495,73.0,6.0,2.0,4.0,0.0,68.0
2108.496191935495,73.0,6.0,2.0,4.0,0.0,68.0
2108.497013853303,73.0,6.0,2.0,4.0,0.0,68.0
2108.7970138533033,73.0,6.0,2.0,4.0,0.0,68.0
2108.7978357711113,73.0,6.0,2.0,4.0,0.0,68.0
2109.0978357711115,73.0,6.0,2.0,4.0,0.0,68.0
2109.0986576889195,73.0,6.0,2.0,4.0,0.0,68.0
2109.3986576889197,73.0,6.0,2.0,4.0,0.0,68.0
2109.3994796067277,73.0,6.0,2.0,4.0,0.0,68.0
2109.699479606728,73.0,6.0,2.0,4.0,0.0,68.0
2109.700301524536,73.0,6.0,2.0,4.0,0.0,68.0
2110.000301524536,73.0,6.0,2.0,4.0,0.0,68.0
2110.001123442344,73.0,6.0,2.0,4.0,0.0,68.0
2110.3011234423443,73.0,6.0,2.0,4.0,0.0,68.0
2110.3019453601523,73.0,6.0,2.0,4.0,0.0,68.0
2110.6019453601525,73.0,6.0,2.0,4.0,0.0,68.0
2110.6027672779605,73.0,6.0,2.0,4.0,0.0,68.0
2110.9027672779607,73.0,6.0,2.0,4.0,0.0,68.0
2110.9035891957687,73.0,6.0,2.0,4.0,0.0,68.0
2111.203589195769,73.0,6.0,2.0,4.0,0.0,68.0
2111.204411113577,73.0,6.0,2.0,4.0,0.0,68.0
2111.504411113577,73.0,6.0,2.0,4.0,0.0,68.0
2111.505233031385,73.0,6.0,2.0,4.0,0.0,68.0
2111.8052330313853,73.0,6.0,2.0,4.0,0.0,68.0
2111.8060549491934,73.0,6.0,2.0,4.0,0.0,68.0
2112.1060549491935,73.0,6.0,2.0,4.0,0.0,68.0
2112.1068768670016,73.0,6.0,2.0,4.0,0.0,68.0
2112.4068768670018,73.0,6.0,2.0,4.0,0.0,68.0
2112.40769878481,73.0,6.0,2.0,4.0,0.0,68.0
2112.70769878481,73.0,6.0,2.0,4.0,0.0,68.0
2112.708520702618,73.0,6.0,2.0,4.0,0.0,68.0
2113.008520702618,73.0,6.0,2.0,4.0,0.0,68.0
2113.009342620426,73.0,6.0,2.0,4.0,0.0,68.0
2113.3093426204264,73.0,6.0,2.0,4.0,0.0,68.0
2113.3101645382344,73.0,6.0,2.0,4.0,0.0,68.0
2113.6101645382346,73.0,6.0,2.0,4.0,0.0,68.0
2113.6109864560426,73.0,6.0,2.0,4.0,0.0,68.0
2113.910986456043,73.0,6.0,2.0,4.0,0.0,68.0
2113.911808373851,73.0,6.0,2.0,4.0,0.0,68.0
2114.211808373851,73.0,6.0,2.0,4.0,0.0,68.0
2114.212630291659,73.0,6.0,2.0,4.0,0.0,68.0
2114.512630291659,73.0,6.0,2.0,4.0,0.0,68.0
2114.5134522094672,73.0,6.0,2.0,4.0,0.0,68.0
2114.8134522094674,73.0,6.0,2.0,4.0,0.0,68.0
2114.8142741272754,73.0,6.0,2.0,4.0,0.0,68.0
2115.1142741272756,73.0,6.0,2.0,4.0,0.0,68.0
2115.1150960450836,73.0,6.0,2.0,4.0,0.0,68.0
2115.415096045084,73.0,6.0,2.0,4.0,0.0,68.0
2115.415917962892,73.0,6.0,2.0,4.0,0.0,68.0
2115.715917962892,73.0,6.0,2.0,4.0,0.0,68.0
2115.7167398807,73.0,6.0,2.0,4.0,0.0,68.0
2116.0167398807002,73.0,6.0,2.0,4.0,0.0,68.0
2116.0175617985083,73.0,6.0,2.0,4.0,0.0,68.0
2116.3175617985085,73.0,6.0,2.0,4.0,0.0,68.0
2116.3183837163165,73.0,6.0,2.0,4.0,0.0,68.0
2116.6183837163167,73.0,6.0,2.0,4.0,0.0,68.0
2116.6192056341247,73.0,6.0,2.0,4.0,0.0,68.0
2116.919205634125,73.0,6.0,2.0,4.0,0.0,68.0
2116.920027551933,73.0,6.0,2.0,4.0,0.0,68.0
2117.220027551933,73.0,6.0,2.0,4.0,0.0,68.0
2117.220849469741,73.0,6.0,2.0,4.0,0.0,68.0
2117.5208494697413,73.0,6.0,2.0,4.0,0.0,68.0
2117.5216713875493,73.0,6.0,2.0,4.0,0.0,68.0
2117.8216713875495,73.0,6.0,2.0,4.0,0.0,68.0
2117.8224933053575,73.0,6.0,2.0,4.0,0.0,68.0
2118.1224933053577,73.0,6.0,2.0,4.0,0.0,68.0
2118.1233152231657,73.0,6.0,2.0,4.0,0.0,68.0
2118.423315223166,73.0,6.0,2.0,4.0,0.0,68.0
2118.424137140974,73.0,6.0,2.0,4.0,0.0,68.0
2118.724137140974,73.0,6.0,2.0,4.0,0.0,68.0
2118.724959058782,73.0,6.0,2.0,4.0,0.0,68.0
2119.0249590587823,73.0,6.0,2.0,4.0,0.0,68.0
2119.0257809765903,73.0,6.0,2.0,4.0,0.0,68.0
2119.3257809765905,73.0,6.0,2.0,4.0,0.0,68.0
2119.3266028943985,73.0,6.0,2.0,4.0,0.0,68.0
2119.6266028943987,73.0,6.0,2.0,4.0,0.0,68.0
2119.6274248122068,73.0,6.0,2.0,4.0,0.0,68.0
2119.927424812207,73.0,6.0,2.0,4.0,0.0,68.0
2119.928246730015,73.0,6.0,2.0,4.0,0.0,68.0
2120.228246730015,73.0,6.0,2.0,4.0,0.0,68.0
2120.229068647823,73.0,6.0,2.0,4.0,0.0,68.0
2120.5290686478234,73.0,6.0,2.0,4.0,0.0,68.0
2120.5298905656314,73.0,6.0,2.0,4.0,0.0,68.0
2120.8298905656316,73.0,6.0,2.0,4.0,0.0,68.0
2120.8307124834396,73.0,6.0,2.0,4.0,0.0,68.0
2121.1307124834398,73.0,6.0,2.0,4.0,0.0,68.0
2121.131534401248,73.0,6.0,2.0,4.0,0.0,68.0
2121.431534401248,73.0,6.0,2.0,4.0,0.0,68.0
2121.432356319056,73.0,6.0,2.0,4.0,0.0,68.0
2121.732356319056,73.0,6.0,2.0,4.0,0.0,68.0
2121.733178236864,73.0,6.0,2.0,4.0,0.0,68.0
2122.0331782368644,73.0,6.0,2.0,4.0,0.0,68.0
2122.0340001546724,73.0,6.0,2.0,4.0,0.0,68.0
2122.3340001546726,73.0,6.0,2.0,4.0,0.0,68.0
2122.3348220724806,73.0,6.0,2.0,4.0,0.0,68.0
2122.634822072481,73.0,6.0,2.0,4.0,0.0,68.0
2122.635643990289,73.0,6.0,2.0,4.0,0.0,68.0
2122.935643990289,73.0,6.0,2.0,4.0,0.0,68.0
2122.936465908097,73.0,6.0,2.0,4.0,0.0,68.0
2123.236465908097,73.0,6.0,2.0,4.0,0.0,68.0
2123.2372878259052,73.0,6.0,2.0,4.0,0.0,68.0
2123.5372878259054,73.0,6.0,2.0,4.0,0.0,68.0
2123.5381097437134,73.0,6.0,2.0,4.0,0.0,68.0
2123.8381097437136,73.0,6.0,2.0,4.0,0.0,68.0
2123.8389316615217,73.0,6.0,2.0,4.0,0.0,68.0
2124.138931661522,73.0,6.0,2.0,4.0,0.0,68.0
2124.13975357933,73.0,6.0,2.0,4.0,0.0,68.0
2124.43975357933,73.0,6.0,2.0,4.0,0.0,68.0
2124.440575497138,73.0,6.0,2.0,4.0,0.0,68.0
2124.7405754971383,73.0,6.0,2.0,4.0,0.0,68.0
2124.7413974149463,73.0,6.0,2.0,4.0,0.0,68.0
2125.0413974149465,73.0,6.0,2.0,4.0,0.0,68.0
2125.0422193327545,73.0,6.0,2.0,4.0,0.0,68.0
2125.3422193327547,73.0,6.0,2.0,4.0,0.0,68.0
2125.3430412505627,73.0,6.0,2.0,4.0,0.0,68.0
2125.643041250563,73.0,6.0,2.0,4.0,0.0,68.0
2125.643863168371,73.0,6.0,2.0,4.0,0.0,68.0
2125.943863168371,73.0,6.0,2.0,4.0,0.0,68.0
2125.944685086179,73.0,6.0,2.0,4.0,0.0,68.0
2126.2446850861793,73.0,6.0,2.0,4.0,0.0,68.0
2126.2455070039873,73.0,6.0,2.0,4.0,0.0,68.0
2126.5455070039875,73.0,6.0,2.0,4.0,0.0,68.0
2126.5463289217955,73.0,6.0,2.0,4.0,0.0,68.0
2126.8463289217957,73.0,6.0,2.0,4.0,0.0,68.0
2126.8471508396037,73.0,6.0,2.0,4.0,0.0,68.0
2127.147150839604,73.0,6.0,2.0,4.0,0.0,68.0
2127.147972757412,73.0,6.0,2.0,4.0,0.0,68.0
2127.447972757412,73.0,6.0,2.0,4.0,0.0,68.0
2127.44879467522,73.0,6.0,2.0,4.0,0.0,68.0
2127.7487946752203,73.0,6.0,2.0,4.0,0.0,68.0
2127.7496165930283,73.0,6.0,2.0,4.0,0.0,68.0
2128.0496165930285,73.0,6.0,2.0,4.0,0.0,68.0
2128.0504385108366,73.0,6.0,2.0,4.0,0.0,68.0
2128.3504385108367,73.0,6.0,2.0,4.0,0.0,68.0
2128.3512604286448,73.0,6.0,2.0,4.0,0.0,68.0
2128.651260428645,73.0,6.0,2.0,4.0,0.0,68.0
2128.652082346453,73.0,6.0,2.0,4.0,0.0,68.0
2128.952082346453,73.0,6.0,2.0,4.0,0.0,68.0
2128.952904264261,73.0,6.0,2.0,4.0,0.0,68.0
2129.2529042642614,73.0,6.0,2.0,4.0,0.0,68.0
2129.2537261820694,73.0,6.0,2.0,4.0,0.0,68.0
2129.5537261820696,73.0,6.0,2.0,4.0,0.0,68.0
2129.5545480998776,73.0,6.0,2.0,4.0,0.0,68.0
2129.854548099878,73.0,6.0,2.0,4.0,0.0,68.0
2129.855370017686,73.0,6.0,2.0,4.0,0.0,68.0
2130.155370017686,73.0,6.0,2.0,4.0,0.0,68.0
2130.156191935494,73.0,6.0,2.0,4.0,0.0,68.0
2130.456191935494,73.0,6.0,2.0,4.0,0.0,68.0
2130.457013853302,73.0,6.0,2.0,4.0,0.0,68.0
2130.7570138533024,73.0,6.0,2.0,4.0,0.0,68.0
2130.7578357711104,73.0,6.0,2.0,4.0,0.0,68.0
2131.0578357711106,73.0,6.0,2.0,4.0,0.0,68.0
2131.0586576889186,73.0,6.0,2.0,4.0,0.0,68.0
2131.358657688919,73.0,6.0,2.0,4.0,0.0,68.0
2131.359479606727,73.0,6.0,2.0,4.0,0.0,68.0
2131.659479606727,73.0,6.0,2.0,4.0,0.0,68.0
2131.660301524535,73.0,6.0,2.0,4.0,0.0,68.0
2131.960301524535,73.0,6.0,2.0,4.0,0.0,68.0
2131.9611234423433,73.0,6.0,2.0,4.0,0.0,68.0
2132.2611234423434,73.0,6.0,2.0,4.0,0.0,68.0
2132.2619453601515,73.0,6.0,7.0,4.0,0.0,68.0
2132.5619453601516,73.0,6.0,7.0,4.0,0.0,68.0
2132.5627672779597,73.0,6.0,7.0,4.0,0.0,68.0
2132.86276727796,73.0,6.0,7.0,4.0,0.0,68.0
2132.863589195768,73.0,6.0,7.0,4.0,0.0,68.0
2133.163589195768,73.0,6.0,7.0,4.0,0.0,68.0
2133.164411113576,73.0,6.0,7.0,4.0,0.0,68.0
2133.4644111135763,73.0,6.0,7.0,4.0,0.0,68.0
2133.4652330313843,73.0,6.0,7.0,4.0,0.0,68.0
2133.7652330313845,73.0,6.0,7.0,4.0,0.0,68.0
2133.7660549491925,73.0,6.0,7.0,4.0,0.0,68.0
2134.0660549491927,73.0,6.0,7.0,4.0,0.0,68.0
2134.0668768670007,73.0,6.0,7.0,4.0,0.0,68.0
2134.366876867001,73.0,6.0,7.0,4.0,0.0,68.0
2134.367698784809,73.0,6.0,7.0,4.0,0.0,68.0
2134.667698784809,73.0,6.0,7.0,4.0,0.0,68.0
2134.668520702617,73.0,6.0,7.0,4.0,0.0,68.0
2134.9685207026173,73.0,6.0,7.0,4.0,0.0,68.0
2134.9693426204253,73.0,7.0,7.0,4.0,0.0,68.0
2135.2693426204255,73.0,7.0,7.0,4.0,0.0,68.0
2135.2701645382335,73.0,7.0,7.0,4.0,0.0,68.0
2135.5701645382337,73.0,7.0,7.0,4.0,0.0,68.0
2135.5709864560417,73.0,7.0,7.0,4.0,0.0,68.0
2135.870986456042,73.0,7.0,7.0,4.0,0.0,68.0
2135.87180837385,73.0,7.0,7.0,4.0,0.0,68.0
2136.17180837385,73.0,7.0,7.0,4.0,0.0,68.0
2136.172630291658,73.0,7.0,7.0,4.0,0.0,68.0
2136.4726302916583,73.0,7.0,7.0,4.0,0.0,68.0
2136.4734522094664,73.0,7.0,7.0,4.0,0.0,68.0
2136.7734522094665,73.0,7.0,7.0,4.0,0.0,68.0
2136.7742741272746,73.0,7.0,7.0,4.0,0.0,68.0
2137.0742741272747,73.0,7.0,7.0,4.0,0.0,68.0
2137.075096045083,73.0,7.0,7.0,4.0,0.0,68.0
2137.375096045083,73.0,7.0,7.0,4.0,0.0,68.0
2137.375917962891,73.0,7.0,7.0,4.0,0.0,68.0
2137.675917962891,73.0,7.0,7.0,4.0,0.0,68.0
2137.676739880699,73.0,7.0,7.0,4.0,0.0,68.0
2137.9767398806994,73.0,7.0,7.0,4.0,0.0,68.0
2137.9775617985074,73.0,7.0,7.0,4.0,0.0,68.0
2138.2775617985076,73.0,7.0,7.0,4.0,0.0,68.0
2138.2783837163156,73.0,7.0,7.0,4.0,0.0,68.0
2138.578383716316,73.0,7.0,7.0,4.0,0.0,68.0
2138.579205634124,73.0,7.0,7.0,4.0,0.0,68.0
2138.879205634124,73.0,7.0,7.0,4.0,0.0,68.0
2138.880027551932,73.0,7.0,7.0,4.0,0.0,68.0
2139.180027551932,73.0,7.0,7.0,4.0,0.0,68.0
2139.18084946974,73.0,7.0,7.0,4.0,0.0,68.0
2139.4808494697404,73.0,7.0,7.0,4.0,0.0,68.0
2139.4816713875484,73.0,7.0,7.0,4.0,0.0,68.0
2139.7816713875486,73.0,7.0,7.0,4.0,0.0,68.0
2139.7824933053566,73.0,7.0,7.0,4.0,0.0,68.0
2140.082493305357,73.0,7.0,7.0,4.0,0.0,68.0
2140.083315223165,73.0,7.0,7.0,4.0,0.0,68.0
2140.383315223165,73.0,7.0,7.0,4.0,0.0,68.0
2140.384137140973,73.0,7.0,7.0,4.0,0.0,68.0
2140.6841371409732,73.0,7.0,7.0,4.0,0.0,68.0
2140.6849590587813,73.0,7.0,7.0,4.0,0.0,68.0
2140.9849590587814,73.0,7.0,7.0,4.0,0.0,68.0
2140.9857809765895,73.0,7.0,7.0,4.0,0.0,68.0
2141.2857809765896,73.0,7.0,7.0,4.0,0.0,68.0
2141.2866028943977,73.0,7.0,7.0,4.0,0.0,68.0
2141.586602894398,73.0,7.0,7.0,4.0,0.0,68.0
2141.587424812206,73.0,7.0,7.0,4.0,0.0,68.0
2141.887424812206,73.0,7.0,7.0,4.0,0.0,68.0
2141.888246730014,73.0,7.0,7.0,4.0,0.0,68.0
2142.1882467300143,73.0,7.0,7.0,4.0,0.0,68.0
2142.1890686478223,73.0,7.0,7.0,4.0,0.0,68.0
2142.4890686478225,73.0,7.0,7.0,4.0,0.0,68.0
2142.4898905656305,73.0,7.0,7.0,4.0,0.0,68.0
2142.7898905656307,73.0,7.0,7.0,4.0,0.0,68.0
2142.7907124834387,73.0,7.0,7.0,4.0,0.0,68.0
2143.090712483439,73.0,7.0,7.0,4.0,0.0,68.0
2143.091534401247,73.0,7.0,7.0,4.0,0.0,68.0
2143.391534401247,73.0,7.0,7.0,4.0,0.0,68.0
2143.392356319055,73.0,7.0,7.0,4.0,0.0,68.0
2143.6923563190553,73.0,7.0,7.0,4.0,0.0,68.0
2143.6931782368633,73.0,7.0,7.0,4.0,0.0,68.0
2143.9931782368635,73.0,7.0,7.0,4.0,0.0,68.0
2143.9940001546715,73.0,7.0,7.0,4.0,0.0,68.0
2144.2940001546717,73.0,7.0,7.0,4.0,0.0,68.0
2144.2948220724797,73.0,7.0,7.0,4.0,0.0,68.0
2144.59482207248,73.0,7.0,7.0,4.0,0.0,68.0
2144.595643990288,73.0,7.0,7.0,4.0,0.0,68.0
2144.895643990288,73.0,7.0,7.0,4.0,0.0,68.0
2144.896465908096,73.0,7.0,7.0,4.0,0.0,68.0
2145.1964659080963,73.0,7.0,7.0,4.0,0.0,68.0
2145.1972878259044,73.0,7.0,7.0,4.0,0.0,68.0
2145.4972878259046,73.0,7.0,7.0,4.0,0.0,68.0
2145.4981097437126,73.0,7.0,7.0,4.0,0.0,68.0
2145.7981097437128,73.0,7.0,7.0,4.0,0.0,68.0
2145.798931661521,73.0,7.0,7.0,4.0,0.0,68.0
2146.098931661521,73.0,7.0,7.0,4.0,0.0,68.0
2146.099753579329,73.0,7.0,7.0,4.0,0.0,68.0
2146.399753579329,73.0,7.0,7.0,4.0,0.0,68.0
2146.400575497137,73.0,7.0,7.0,4.0,0.0,68.0
2146.7005754971374,73.0,7.0,7.0,4.0,0.0,68.0
2146.7013974149454,73.0,7.0,7.0,4.0,0.0,68.0
2147.0013974149456,73.0,7.0,7.0,4.0,0.0,68.0
2147.0022193327536,73.0,7.0,7.0,4.0,0.0,68.0
2147.302219332754,73.0,7.0,7.0,4.0,0.0,68.0
2147.303041250562,73.0,7.0,7.0,4.0,0.0,68.0
2147.603041250562,73.0,7.0,7.0,4.0,0.0,68.0
2147.60386316837,73.0,7.0,7.0,4.0,0.0,68.0
2147.90386316837,73.0,7.0,7.0,4.0,0.0,68.0
2147.9046850861782,73.0,7.0,7.0,4.0,0.0,68.0
2148.2046850861784,73.0,7.0,7.0,4.0,0.0,68.0
2148.2055070039864,73.0,7.0,7.0,4.0,0.0,68.0
2148.5055070039866,73.0,7.0,7.0,4.0,0.0,68.0
2148.5063289217946,73.0,7.0,7.0,4.0,0.0,68.0
2148.806328921795,73.0,7.0,7.0,4.0,0.0,68.0
2148.807150839603,73.0,7.0,7.0,4.0,0.0,68.0
2149.107150839603,73.0,7.0,7.0,4.0,0.0,68.0
2149.107972757411,73.0,7.0,7.0,4.0,0.0,68.0
2149.4079727574112,73.0,7.0,7.0,4.0,0.0,68.0
2149.4087946752193,73.0,7.0,7.0,4.0,0.0,68.0
2149.7087946752195,73.0,7.0,7.0,4.0,0.0,68.0
2149.7096165930275,73.0,7.0,7.0,4.0,0.0,68.0
2150.0096165930277,73.0,7.0,7.0,4.0,0.0,68.0
2150.0104385108357,73.0,7.0,7.0,4.0,0.0,68.0
2150.310438510836,73.0,7.0,7.0,4.0,0.0,68.0
2150.311260428644,73.0,7.0,7.0,4.0,0.0,68.0
2150.611260428644,73.0,7.0,7.0,4.0,0.0,68.0
2150.612082346452,73.0,7.0,7.0,4.0,0.0,68.0
2150.9120823464523,73.0,7.0,7.0,4.0,0.0,68.0
2150.9129042642603,73.0,7.0,7.0,4.0,0.0,68.0
2151.2129042642605,73.0,7.0,7.0,4.0,0.0,68.0
2151.2137261820685,73.0,7.0,7.0,4.0,0.0,68.0
2151.5137261820687,73.0,7.0,7.0,4.0,0.0,68.0
2151.5145480998767,73.0,7.0,7.0,4.0,0.0,68.0
2151.814548099877,73.0,7.0,7.0,4.0,0.0,68.0
2151.815370017685,73.0,7.0,7.0,4.0,0.0,68.0
2152.115370017685,73.0,7.0,7.0,4.0,0.0,68.0
2152.116191935493,73.0,7.0,7.0,4.0,0.0,68.0
2152.4161919354933,73.0,7.0,7.0,4.0,0.0,68.0
2152.4170138533013,73.0,7.0,7.0,4.0,0.0,68.0
2152.7170138533015,73.0,7.0,7.0,4.0,0.0,68.0
2152.7178357711095,73.0,7.0,7.0,4.0,0.0,68.0
2153.0178357711097,73.0,7.0,7.0,4.0,0.0,68.0
2153.0186576889178,73.0,7.0,7.0,4.0,0.0,68.0
2153.318657688918,73.0,7.0,7.0,4.0,0.0,68.0
2153.319479606726,73.0,7.0,7.0,4.0,0.0,68.0
2153.619479606726,73.0,7.0,7.0,4.0,0.0,68.0
2153.620301524534,73.0,7.0,7.0,4.0,0.0,68.0
2153.9203015245344,73.0,7.0,7.0,4.0,0.0,68.0
2153.9211234423424,73.0,7.0,7.0,4.0,0.0,68.0
2154.2211234423426,73.0,7.0,7.0,4.0,0.0,68.0
2154.2219453601506,73.0,7.0,7.0,4.0,0.0,68.0
2154.5219453601508,73.0,7.0,7.0,4.0,0.0,68.0
2154.522767277959,73.0,7.0,7.0,4.0,0.0,68.0
2154.822767277959,73.0,7.0,7.0,4.0,0.0,68.0
2154.823589195767,73.0,7.0,7.0,4.0,0.0,68.0
2155.123589195767,73.0,7.0,7.0,4.0,0.0,68.0
2155.124411113575,73.0,7.0,7.0,4.0,0.0,68.0
2155.4244111135754,73.0,7.0,7.0,4.0,0.0,68.0
2155.4252330313834,73.0,7.0,7.0,4.0,0.0,68.0
2155.7252330313836,73.0,7.0,7.0,4.0,0.0,68.0
2155.7260549491916,73.0,7.0,7.0,4.0,0.0,68.0
2156.026054949192,73.0,7.0,7.0,4.0,0.0,68.0
2156.026876867,73.0,7.0,7.0,4.0,0.0,68.0
2156.326876867,73.0,7.0,7.0,4.0,0.0,68.0
2156.327698784808,73.0,7.0,7.0,4.0,0.0,68.0
2156.627698784808,73.0,7.0,7.0,4.0,0.0,68.0
2156.6285207026162,73.0,7.0,7.0,4.0,0.0,68.0
2156.9285207026164,73.0,7.0,7.0,4.0,0.0,68.0
2156.9293426204244,73.0,7.0,7.0,4.0,0.0,68.0
2157.2293426204246,73.0,7.0,7.0,4.0,0.0,68.0
2157.2301645382327,73.0,7.0,7.0,4.0,0.0,68.0
2157.530164538233,73.0,7.0,7.0,4.0,0.0,68.0
2157.530986456041,73.0,7.0,7.0,4.0,0.0,68.0
2157.830986456041,73.0,7.0,7.0,4.0,0.0,68.0
2157.831808373849,73.0,7.0,7.0,4.0,0.0,68.0
2158.1318083738493,73.0,7.0,7.0,4.0,0.0,68.0
2158.1326302916573,73.0,7.0,7.0,4.0,0.0,68.0
2158.4326302916575,73.0,7.0,7.0,4.0,0.0,68.0
2158.4334522094655,73.0,7.0,7.0,4.0,0.0,68.0
2158.7334522094657,73.0,7.0,7.0,4.0,0.0,68.0
2158.7342741272737,73.0,7.0,7.0,4.0,0.0,68.0
2159.034274127274,73.0,7.0,7.0,4.0,0.0,68.0
2159.035096045082,73.0,7.0,7.0,4.0,0.0,68.0
2159.335096045082,73.0,7.0,7.0,4.0,0.0,68.0
2159.33591796289,73.0,7.0,7.0,4.0,0.0,68.0
2159.6359179628903,73.0,7.0,7.0,4.0,0.0,68.0
2159.6367398806983,73.0,7.0,7.0,4.0,0.0,68.0
2159.9367398806985,73.0,7.0,7.0,4.0,0.0,68.0
2159.9375617985065,73.0,7.0,7.0,4.0,0.0,68.0
2160.2375617985067,73.0,7.0,7.0,4.0,0.0,68.0
2160.2383837163147,72.0,7.0,7.0,4.0,0.0,68.0
2160.538383716315,72.0,7.0,7.0,4.0,0.0,68.0
2160.5392170496484,72.0,7.0,7.0,4.0,0.0,68.0
2160.8392170496486,72.0,7.0,7.0,4.0,0.0,68.0
2160.840050382982,72.0,7.0,7.0,4.0,0.0,68.0
2161.1400503829823,72.0,7.0,7.0,4.0,0.0,68.0
2161.140883716316,72.0,6.0,7.0,4.0,0.0,68.0
2161.440883716316,72.0,6.0,7.0,4.0,0.0,68.0
2161.4417170496495,72.0,6.0,7.0,4.0,0.0,68.0
2161.7417170496497,72.0,6.0,7.0,4.0,0.0,68.0
2161.742550382983,72.0,6.0,7.0,4.0,0.0,68.0
2162.0425503829833,72.0,6.0,7.0,4.0,0.0,68.0
2162.043383716317,72.0,6.0,7.0,4.0,0.0,68.0
2162.343383716317,72.0,6.0,7.0,4.0,0.0,68.0
2162.3442170496505,72.0,6.0,7.0,4.0,0.0,68.0
2162.6442170496507,72.0,6.0,7.0,4.0,0.0,68.0
2162.645050382984,72.0,6.0,7.0,4.0,0.0,68.0
2162.9450503829844,72.0,6.0,7.0,4.0,0.0,68.0
2162.945883716318,72.0,6.0,7.0,4.0,0.0,68.0
2163.245883716318,72.0,6.0,7.0,4.0,0.0,68.0
2163.2467170496516,72.0,6.0,7.0,4.0,0.0,68.0
2163.5467170496518,72.0,6.0,7.0,4.0,0.0,68.0
2163.5475503829853,72.0,6.0,7.0,4.0,0.0,68.0
2163.8475503829854,72.0,6.0,7.0,4.0,0.0,68.0
2163.848383716319,72.0,6.0,7.0,4.0,0.0,68.0
2164.148383716319,72.0,6.0,7.0,4.0,0.0,68.0
2164.1492170496526,72.0,6.0,7.0,4.0,0.0,68.0
2164.449217049653,72.0,6.0,7.0,4.0,0.0,68.0
2164.4500503829863,72.0,6.0,7.0,4.0,0.0,68.0
2164.7500503829865,72.0,6.0,7.0,4.0,0.0,68.0
2164.75088371632,72.0,6.0,7.0,4.0,0.0,68.0
2165.05088371632,72.0,6.0,7.0,4.0,0.0,68.0
2165.0517170496537,72.0,6.0,7.0,4.0,0.0,68.0
2165.351717049654,72.0,6.0,7.0,4.0,0.0,68.0
2165.3525503829874,72.0,6.0,7.0,4.0,0.0,68.0
2165.6525503829876,72.0,6.0,7.0,4.0,0.0,68.0
2165.653383716321,72.0,6.0,7.0,2.0,0.0,69.0
2165.9533837163212,72.0,6.0,7.0,2.0,0.0,69.0
2165.9542170496547,72.0,6.0,7.0,2.0,0.0,69.0
2166.254217049655,72.0,6.0,7.0,2.0,0.0,69.0
2166.2550503829884,72.0,6.0,7.0,2.0,0.0,69.0
2166.5550503829886,72.0,6.0,7.0,2.0,0.0,69.0
2166.555883716322,72.0,6.0,7.0,2.0,0.0,69.0
2166.8558837163223,72.0,6.0,7.0,2.0,0.0,69.0
2166.856717049656,72.0,6.0,7.0,2.0,0.0,69.0
2167.156717049656,72.0,6.0,7.0,2.0,0.0,69.0
2167.1575503829895,72.0,6.0,7.0,2.0,0.0,69.0
2167.4575503829897,72.0,6.0,7.0,2.0,0.0,69.0
2167.458383716323,72.0,6.0,7.0,2.0,0.0,69.0
2167.7583837163234,72.0,6.0,7.0,2.0,0.0,69.0
2167.759217049657,72.0,6.0,7.0,2.0,0.0,69.0
2168.059217049657,72.0,6.0,7.0,2.0,0.0,69.0
2168.0600503829905,72.0,6.0,7.0,2.0,0.0,69.0
2168.3600503829907,72.0,6.0,7.0,2.0,0.0,69.0
2168.360883716324,72.0,6.0,7.0,2.0,0.0,69.0
2168.6608837163244,72.0,6.0,7.0,2.0,0.0,69.0
2168.661717049658,72.0,6.0,7.0,2.0,0.0,69.0
2168.961717049658,72.0,6.0,7.0,2.0,0.0,69.0
2168.9625503829916,72.0,6.0,7.0,2.0,0.0,69.0
2169.262550382992,72.0,6.0,7.0,2.0,0.0,69.0
2169.2633837163253,72.0,6.0,7.0,2.0,0.0,69.0
2169.5633837163255,72.0,6.0,7.0,2.0,0.0,69.0
2169.564217049659,72.0,6.0,7.0,2.0,0.0,69.0
2169.864217049659,72.0,6.0,7.0,2.0,0.0,69.0
2169.8650503829926,72.0,6.0,7.0,2.0,0.0,69.0
2170.165050382993,72.0,6.0,7.0,2.0,0.0,69.0
2170.1658837163263,72.0,6.0,7.0,2.0,0.0,69.0
2170.4658837163265,72.0,6.0,7.0,2.0,0.0,69.0
2170.46671704966,72.0,6.0,7.0,2.0,0.0,69.0
2170.76671704966,72.0,6.0,7.0,2.0,0.0,69.0
2170.7675503829937,72.0,6.0,7.0,2.0,0.0,69.0
2171.067550382994,72.0,6.0,7.0,2.0,0.0,69.0
2171.0683837163274,72.0,6.0,7.0,2.0,0.0,69.0
2171.3683837163276,72.0,6.0,7.0,2.0,0.0,69.0
2171.369217049661,72.0,6.0,7.0,2.0,0.0,69.0
2171.6692170496613,72.0,6.0,7.0,2.0,0.0,69.0
2171.6700503829948,72.0,6.0,7.0,2.0,0.0,69.0
2171.970050382995,72.0,6.0,7.0,2.0,0.0,69.0
2171.9708837163284,72.0,6.0,7.0,2.0,0.0,69.0
2172.2708837163286,72.0,6.0,7.0,2.0,0.0,69.0
2172.271717049662,72.0,6.0,7.0,2.0,0.0,69.0
2172.5717170496623,72.0,6.0,7.0,2.0,0.0,69.0
2172.572550382996,72.0,6.0,7.0,2.0,0.0,69.0
2172.872550382996,72.0,6.0,7.0,2.0,0.0,69.0
2172.8733837163295,72.0,6.0,7.0,2.0,0.0,69.0
2173.1733837163297,72.0,6.0,7.0,2.0,0.0,69.0
2173.174217049663,72.0,6.0,7.0,2.0,0.0,69.0
2173.4742170496634,72.0,6.0,7.0,2.0,0.0,69.0
2173.475050382997,72.0,6.0,7.0,2.0,0.0,69.0
2173.775050382997,72.0,6.0,7.0,2.0,0.0,69.0
2173.7758837163306,72.0,6.0,7.0,2.0,0.0,69.0
2174.0758837163307,72.0,6.0,7.0,2.0,0.0,69.0
2174.0767170496642,72.0,6.0,7.0,2.0,0.0,69.0
2174.3767170496644,72.0,6.0,7.0,2.0,0.0,69.0
2174.377550382998,72.0,6.0,7.0,2.0,0.0,69.0
2174.677550382998,72.0,6.0,7.0,2.0,0.0,69.0
2174.6783837163316,72.0,6.0,7.0,2.0,0.0,69.0
2174.978383716332,72.0,6.0,7.0,2.0,0.0,69.0
2174.9792170496653,72.0,6.0,7.0,2.0,0.0,69.0
2175.2792170496655,72.0,6.0,7.0,2.0,0.0,69.0
2175.280050382999,72.0,6.0,7.0,2.0,0.0,69.0
2175.580050382999,72.0,6.0,7.0,2.0,0.0,69.0
2175.5808837163327,72.0,6.0,7.0,2.0,0.0,69.0
2175.880883716333,72.0,6.0,7.0,2.0,0.0,69.0
2175.8817170496663,72.0,6.0,7.0,2.0,0.0,69.0
2176.1817170496665,72.0,6.0,7.0,2.0,0.0,69.0
2176.182550383,72.0,6.0,7.0,2.0,0.0,69.0
2176.482550383,72.0,6.0,7.0,2.0,0.0,69.0
2176.4833837163337,72.0,6.0,7.0,2.0,0.0,69.0
2176.783383716334,72.0,6.0,7.0,2.0,0.0,69.0
2176.7842170496674,72.0,6.0,7.0,2.0,0.0,69.0
2177.0842170496676,72.0,6.0,7.0,2.0,0.0,69.0
2177.085050383001,72.0,6.0,7.0,2.0,0.0,69.0
2177.3850503830013,72.0,6.0,7.0,2.0,0.0,69.0
2177.385883716335,72.0,6.0,7.0,2.0,0.0,69.0
2177.685883716335,72.0,6.0,7.0,2.0,0.0,69.0
2177.6867170496685,72.0,6.0,7.0,2.0,0.0,69.0
2177.9867170496686,72.0,6.0,7.0,2.0,0.0,69.0
2177.987550383002,72.0,6.0,7.0,2.0,0.0,69.0
2178.2875503830023,72.0,6.0,7.0,2.0,0.0,69.0
2178.288383716336,72.0,6.0,7.0,2.0,0.0,69.0
2178.588383716336,72.0,6.0,7.0,2.0,0.0,69.0
2178.5892170496695,72.0,6.0,5.0,2.0,1.0,69.0
2178.8892170496697,72.0,6.0,5.0,2.0,1.0,69.0
2178.890050383003,72.0,6.0,5.0,2.0,1.0,69.0
2179.1900503830034,72.0,6.0,5.0,2.0,1.0,69.0
2179.190883716337,72.0,6.0,5.0,2.0,1.0,69.0
2179.490883716337,72.0,6.0,5.0,2.0,1.0,69.0
2179.4917170496706,72.0,6.0,5.0,2.0,1.0,69.0
2179.7917170496708,72.0,6.0,5.0,2.0,1.0,69.0
2179.7925503830043,72.0,6.0,5.0,2.0,1.0,69.0
2180.0925503830044,72.0,6.0,5.0,2.0,1.0,69.0
2180.093383716338,72.0,6.0,5.0,2.0,1.0,69.0
2180.393383716338,72.0,6.0,5.0,2.0,1.0,69.0
2180.3942170496716,72.0,6.0,5.0,2.0,1.0,69.0
2180.694217049672,72.0,6.0,5.0,2.0,1.0,69.0
2180.6950503830053,72.0,6.0,5.0,2.0,1.0,69.0
2180.9950503830055,72.0,6.0,5.0,2.0,1.0,69.0
2180.995883716339,72.0,6.0,5.0,2.0,1.0,69.0
2181.295883716339,72.0,6.0,5.0,2.0,1.0,69.0
2181.2967170496727,72.0,6.0,5.0,2.0,1.0,69.0
2181.596717049673,72.0,6.0,5.0,2.0,1.0,69.0
2181.5975503830064,72.0,6.0,5.0,2.0,1.0,69.0
2181.8975503830065,72.0,6.0,5.0,2.0,1.0,69.0
2181.89838371634,72.0,6.0,5.0,2.0,1.0,69.0
2182.1983837163402,72.0,6.0,5.0,2.0,1.0,69.0
2182.1992170496737,72.0,6.0,5.0,2.0,1.0,69.0
2182.499217049674,72.0,6.0,5.0,2.0,1.0,69.0
2182.5000503830074,72.0,6.0,5.0,2.0,0.0,69.0
2182.8000503830076,72.0,6.0,5.0,2.0,0.0,69.0
2182.800883716341,72.0,6.0,5.0,2.0,0.0,69.0
2183.1008837163413,72.0,6.0,5.0,2.0,0.0,69.0
2183.101717049675,72.0,6.0,5.0,2.0,0.0,69.0
2183.401717049675,72.0,6.0,5.0,2.0,0.0,69.0
2183.4025503830085,72.0,6.0,5.0,2.0,0.0,69.0
2183.7025503830087,72.0,6.0,5.0,2.0,0.0,69.0
2183.703383716342,72.0,6.0,5.0,2.0,0.0,69.0
2184.0033837163423,72.0,6.0,5.0,2.0,0.0,69.0
2184.004217049676,72.0,6.0,5.0,2.0,0.0,69.0
2184.304217049676,72.0,6.0,5.0,2.0,0.0,69.0
2184.3050503830095,72.0,6.0,5.0,2.0,0.0,69.0
2184.6050503830097,72.0,6.0,5.0,2.0,0.0,69.0
2184.605883716343,72.0,6.0,5.0,2.0,0.0,69.0
2184.9058837163434,72.0,6.0,5.0,2.0,0.0,69.0
2184.906717049677,72.0,6.0,5.0,2.0,0.0,69.0
2185.206717049677,72.0,6.0,5.0,2.0,0.0,69.0
2185.2075503830106,72.0,6.0,5.0,2.0,0.0,69.0
2185.5075503830108,72.0,6.0,5.0,2.0,0.0,69.0
2185.5083837163443,72.0,6.0,5.0,2.0,0.0,69.0
2185.8083837163445,72.0,6.0,5.0,2.0,0.0,69.0
2185.809217049678,72.0,6.0,5.0,2.0,0.0,69.0
2186.109217049678,72.0,6.0,5.0,2.0,0.0,69.0
2186.1100503830116,72.0,6.0,5.0,2.0,0.0,69.0
2186.410050383012,72.0,6.0,5.0,2.0,0.0,69.0
2186.4108837163453,72.0,6.0,5.0,2.0,0.0,69.0
2186.7108837163455,72.0,6.0,5.0,2.0,0.0,69.0
2186.711717049679,72.0,6.0,5.0,2.0,0.0,69.0
2187.011717049679,72.0,6.0,5.0,2.0,0.0,69.0
2187.0125503830127,72.0,6.0,5.0,2.0,0.0,69.0
2187.312550383013,72.0,6.0,5.0,2.0,0.0,69.0
2187.3133837163464,72.0,6.0,5.0,2.0,0.0,69.0
2187.6133837163466,72.0,6.0,5.0,2.0,0.0,69.0
2187.61421704968,72.0,6.0,5.0,2.0,0.0,69.0
2187.9142170496802,72.0,6.0,5.0,2.0,0.0,69.0
2187.9150503830137,72.0,6.0,5.0,2.0,0.0,69.0
2188.215050383014,72.0,6.0,5.0,2.0,0.0,69.0
2188.2158837163474,72.0,6.0,5.0,2.0,0.0,69.0
2188.5158837163476,72.0,6.0,5.0,2.0,0.0,69.0
2188.516717049681,72.0,6.0,5.0,2.0,0.0,69.0
2188.8167170496813,72.0,6.0,5.0,2.0,0.0,69.0
2188.817550383015,72.0,6.0,5.0,2.0,0.0,69.0
2189.117550383015,72.0,6.0,5.0,2.0,0.0,69.0
2189.1183837163485,72.0,6.0,5.0,2.0,0.0,69.0
2189.4183837163487,72.0,6.0,5.0,2.0,0.0,69.0
2189.419217049682,72.0,6.0,5.0,2.0,0.0,69.0
2189.7192170496824,72.0,6.0,5.0,2.0,0.0,69.0
2189.720050383016,72.0,6.0,5.0,2.0,0.0,69.0
2190.020050383016,72.0,6.0,5.0,2.0,0.0,69.0
2190.0208837163495,72.0,6.0,5.0,2.0,0.0,69.0
2190.3208837163497,72.0,6.0,5.0,2.0,0.0,69.0
2190.3217170496832,72.0,6.0,5.0,2.0,0.0,69.0
2190.6217170496834,72.0,6.0,5.0,2.0,0.0,69.0
2190.622550383017,72.0,6.0,5.0,2.0,0.0,69.0
2190.922550383017,72.0,6.0,5.0,2.0,0.0,69.0
2190.9233837163506,72.0,6.0,5.0,2.0,0.0,69.0
2191.223383716351,72.0,6.0,5.0,2.0,0.0,69.0
2191.2242170496843,72.0,6.0,5.0,2.0,0.0,69.0
2191.5242170496845,72.0,6.0,5.0,2.0,0.0,69.0
2191.525050383018,72.0,6.0,5.0,2.0,0.0,69.0
2191.825050383018,72.0,6.0,5.0,2.0,0.0,69.0
2191.8258837163517,72.0,6.0,5.0,2.0,0.0,69.0
2192.125883716352,72.0,6.0,5.0,2.0,0.0,69.0
2192.1267170496853,72.0,6.0,5.0,2.0,0.0,69.0
2192.4267170496855,72.0,6.0,5.0,2.0,0.0,69.0
2192.427550383019,72.0,6.0,5.0,2.0,0.0,68.0
2192.727550383019,72.0,6.0,5.0,2.0,0.0,68.0
2192.7283837163527,72.0,6.0,5.0,2.0,0.0,68.0
2193.028383716353,72.0,6.0,5.0,2.0,0.0,68.0
2193.0292170496864,72.0,6.0,5.0,2.0,0.0,68.0
2193.3292170496866,72.0,6.0,5.0,2.0,0.0,68.0
2193.33005038302,72.0,6.0,5.0,2.0,0.0,68.0
2193.6300503830203,72.0,6.0,5.0,2.0,0.0,68.0
2193.6308837163538,72.0,6.0,5.0,2.0,0.0,68.0
2193.930883716354,72.0,6.0,5.0,2.0,0.0,68.0
2193.9317170496874,72.0,6.0,5.0,2.0,0.0,68.0
2194.2317170496876,72.0,6.0,5.0,2.0,0.0,68.0
2194.232550383021,72.0,6.0,5.0,2.0,0.0,68.0
2194.5325503830213,72.0,6.0,5.0,2.0,0.0,68.0
2194.533383716355,72.0,6.0,5.0,2.0,0.0,68.0
2194.833383716355,72.0,6.0,5.0,2.0,0.0,68.0
2194.8342170496885,72.0,6.0,5.0,2.0,0.0,68.0
2195.1342170496887,72.0,6.0,5.0,2.0,0.0,68.0
2195.135050383022,72.0,6.0,5.0,2.0,0.0,68.0
2195.4350503830224,72.0,6.0,5.0,2.0,0.0,68.0
2195.435883716356,72.0,6.0,5.0,2.0,0.0,68.0
2195.735883716356,72.0,6.0,5.0,2.0,0.0,68.0
2195.7367170496896,72.0,6.0,5.0,2.0,0.0,68.0
2196.0367170496897,72.0,6.0,5.0,2.0,0.0,68.0
2196.0375503830232,72.0,6.0,5.0,2.0,0.0,68.0
2196.3375503830234,72.0,6.0,5.0,2.0,0.0,68.0
2196.338383716357,72.0,6.0,5.0,2.0,0.0,68.0
2196.638383716357,72.0,6.0,5.0,2.0,0.0,68.0
2196.6392170496906,72.0,6.0,5.0,2.0,0.0,68.0
2196.939217049691,72.0,6.0,5.0,2.0,0.0,68.0
2196.9400503830243,72.0,6.0,5.0,2.0,0.0,68.0
2197.2400503830245,72.0,6.0,5.0,2.0,0.0,68.0
2197.240883716358,72.0,6.0,5.0,2.0,0.0,68.0
2197.540883716358,72.0,6.0,5.0,2.0,0.0,68.0
2197.5417170496917,72.0,6.0,5.0,2.0,0.0,68.0
2197.841717049692,72.0,6.0,5.0,2.0,0.0,68.0
2197.8425503830254,72.0,6.0,5.0,2.0,0.0,68.0
2198.1425503830255,72.0,6.0,5.0,2.0,0.0,68.0
2198.143383716359,72.0,6.0,5.0,2.0,0.0,68.0
2198.443383716359,72.0,6.0,5.0,2.0,0.0,68.0
2198.4442170496927,72.0,6.0,5.0,2.0,0.0,68.0
2198.744217049693,72.0,6.0,5.0,2.0,0.0,68.0
2198.7450503830264,72.0,6.0,5.0,2.0,0.0,68.0
2199.0450503830266,72.0,6.0,5.0,2.0,0.0,68.0
2199.04588371636,72.0,6.0,5.0,2.0,0.0,68.0
2199.3458837163603,72.0,6.0,5.0,2.0,0.0,68.0
2199.346717049694,72.0,6.0,5.0,2.0,0.0,68.0
2199.646717049694,72.0,6.0,5.0,2.0,0.0,68.0
2199.6475503830275,72.0,6.0,5.0,2.0,0.0,68.0
2199.9475503830276,72.0,6.0,5.0,2.0,0.0,68.0
2199.948383716361,72.0,6.0,5.0,2.0,0.0,68.0
2200.2483837163613,72.0,6.0,5.0,2.0,0.0,68.0
2200.249217049695,72.0,6.0,5.0,2.0,0.0,68.0
2200.549217049695,72.0,6.0,5.0,2.0,0.0,68.0
2200.5500503830285,72.0,6.0,5.0,2.0,0.0,68.0
2200.8500503830287,72.0,6.0,5.0,2.0,0.0,68.0
2200.850883716362,72.0,6.0,5.0,2.0,0.0,68.0
2201.1508837163624,72.0,6.0,5.0,2.0,0.0,68.0
2201.151717049696,72.0,6.0,5.0,2.0,0.0,68.0
2201.451717049696,72.0,6.0,5.0,2.0,0.0,68.0
2201.4525503830296,72.0,6.0,5.0,2.0,0.0,68.0
2201.7525503830298,72.0,6.0,5.0,2.0,0.0,68.0
2201.7533837163633,72.0,6.0,5.0,2.0,0.0,68.0
2202.0533837163634,72.0,6.0,5.0,2.0,0.0,68.0
2202.054217049697,72.0,6.0,5.0,2.0,0.0,68.0
2202.354217049697,72.0,6.0,5.0,2.0,0.0,68.0
2202.3550503830306,72.0,6.0,5.0,2.0,0.0,68.0
2202.655050383031,72.0,6.0,5.0,2.0,0.0,68.0
2202.6558837163643,72.0,6.0,5.0,2.0,0.0,68.0
2202.9558837163645,72.0,6.0,5.0,2.0,0.0,68.0
2202.956717049698,72.0,6.0,5.0,2.0,0.0,68.0
2203.256717049698,72.0,6.0,5.0,2.0,0.0,68.0
2203.2575503830317,72.0,6.0,5.0,2.0,0.0,68.0
2203.557550383032,72.0,6.0,5.0,2.0,0.0,68.0
2203.5583837163654,72.0,6.0,5.0,2.0,0.0,68.0
2203.8583837163656,72.0,6.0,5.0,2.0,0.0,68.0
2203.859217049699,72.0,6.0,5.0,2.0,0.0,68.0
2204.1592170496992,72.0,6.0,5.0,2.0,0.0,68.0
2204.1600503830327,72.0,6.0,5.0,2.0,0.0,68.0
2204.460050383033,72.0,6.0,5.0,2.0,0.0,68.0
2204.4608837163664,72.0,6.0,5.0,2.0,0.0,68.0
2204.7608837163666,72.0,6.0,5.0,2.0,0.0,68.0
2204.7617170497,72.0,6.0,5.0,2.0,0.0,68.0
2205.0617170497003,72.0,6.0,5.0,2.0,0.0,68.0
2205.062550383034,72.0,6.0,5.0,2.0,0.0,68.0
2205.362550383034,72.0,6.0,5.0,2.0,0.0,68.0
2205.3633837163675,72.0,6.0,5.0,2.0,0.0,68.0
2205.6633837163677,72.0,6.0,5.0,2.0,0.0,68.0
2205.664217049701,72.0,6.0,5.0,2.0,0.0,68.0
2205.9642170497013,72.0,6.0,5.0,2.0,0.0,68.0
2205.965050383035,72.0,6.0,5.0,2.0,0.0,68.0
2206.265050383035,72.0,6.0,5.0,2.0,0.0,68.0
2206.2658837163685,72.0,6.0,5.0,2.0,0.0,68.0
2206.5658837163687,72.0,6.0,5.0,2.0,0.0,68.0
2206.566717049702,72.0,6.0,5.0,2.0,0.0,68.0
2206.8667170497024,72.0,6.0,5.0,2.0,0.0,68.0
2206.867550383036,72.0,6.0,5.0,2.0,0.0,68.0
2207.167550383036,72.0,6.0,5.0,2.0,0.0,68.0
2207.1683837163696,72.0,6.0,5.0,2.0,0.0,68.0
2207.4683837163698,72.0,6.0,5.0,2.0,0.0,68.0
2207.4692170497033,72.0,6.0,5.0,2.0,0.0,68.0
2207.7692170497035,72.0,6.0,5.0,2.0,0.0,68.0
2207.770050383037,72.0,6.0,5.0,2.0,0.0,68.0
2208.070050383037,72.0,6.0,5.0,2.0,0.0,68.0
2208.0708837163706,72.0,6.0,5.0,2.0,0.0,68.0
2208.370883716371,72.0,6.0,5.0,2.0,0.0,68.0
2208.3717170497043,72.0,6.0,5.0,2.0,0.0,68.0
2208.6717170497045,72.0,6.0,5.0,2.0,0.0,68.0
2208.672550383038,72.0,6.0,5.0,2.0,0.0,68.0
2208.972550383038,72.0,6.0,5.0,2.0,0.0,68.0
2208.9733837163717,72.0,6.0,5.0,2.0,0.0,68.0
2209.273383716372,72.0,6.0,5.0,2.0,0.0,68.0
2209.2742170497054,72.0,6.0,5.0,2.0,0.0,68.0
2209.5742170497056,72.0,6.0,5.0,2.0,0.0,68.0
2209.575050383039,72.0,6.0,5.0,2.0,0.0,68.0
2209.8750503830393,72.0,6.0,5.0,2.0,0.0,68.0
2209.8758837163728,72.0,6.0,5.0,2.0,0.0,68.0
2210.175883716373,72.0,6.0,5.0,2.0,0.0,68.0
2210.1767170497064,72.0,6.0,5.0,2.0,0.0,68.0
2210.4767170497066,72.0,6.0,5.0,2.0,0.0,68.0
2210.47755038304,72.0,6.0,5.0,2.0,0.0,68.0
2210.7775503830403,72.0,6.0,5.0,2.0,0.0,68.0
2210.778383716374,72.0,6.0,5.0,2.0,0.0,68.0
2211.078383716374,72.0,6.0,5.0,2.0,0.0,68.0
2211.0792170497075,72.0,6.0,5.0,2.0,0.0,68.0
2211.3792170497077,72.0,6.0,5.0,2.0,0.0,68.0
2211.380050383041,72.0,6.0,5.0,2.0,0.0,68.0
2211.6800503830414,72.0,6.0,5.0,2.0,0.0,68.0
2211.680883716375,72.0,6.0,5.0,2.0,0.0,68.0
2211.980883716375,72.0,6.0,5.0,2.0,0.0,68.0
2211.9817170497085,72.0,6.0,5.0,2.0,0.0,68.0
2212.2817170497087,72.0,6.0,5.0,2.0,0.0,68.0
2212.2825503830422,72.0,6.0,5.0,2.0,0.0,68.0
2212.5825503830424,72.0,6.0,5.0,2.0,0.0,68.0
2212.583383716376,72.0,6.0,5.0,2.0,0.0,68.0
2212.883383716376,72.0,6.0,5.0,2.0,0.0,68.0
2212.8842170497096,72.0,6.0,5.0,2.0,0.0,68.0
2213.18421704971,72.0,6.0,5.0,2.0,0.0,68.0
2213.1850503830433,72.0,6.0,5.0,2.0,0.0,68.0
2213.4850503830435,72.0,6.0,5.0,2.0,0.0,68.0
2213.485883716377,72.0,6.0,5.0,2.0,0.0,68.0
2213.785883716377,72.0,6.0,5.0,2.0,0.0,68.0
2213.7867170497107,72.0,6.0,5.0,2.0,0.0,68.0
2214.086717049711,72.0,6.0,5.0,2.0,0.0,68.0
2214.0875503830443,72.0,6.0,5.0,2.0,0.0,68.0
2214.3875503830445,72.0,6.0,5.0,2.0,0.0,68.0
2214.388383716378,72.0,6.0,5.0,2.0,0.0,68.0
2214.688383716378,72.0,6.0,5.0,2.0,0.0,68.0
2214.6892170497117,72.0,6.0,5.0,2.0,0.0,68.0
2214.989217049712,72.0,6.0,5.0,2.0,0.0,68.0
2214.9900503830454,72.0,6.0,5.0,2.0,0.0,68.0
2215.2900503830456,72.0,6.0,5.0,2.0,0.0,68.0
2215.290883716379,72.0,6.0,5.0,2.0,0.0,68.0
2215.5908837163793,72.0,6.0,5.0,2.0,0.0,68.0
2215.5917170497128,72.0,6.0,5.0,2.0,0.0,68.0
2215.891717049713,72.0,6.0,5.0,2.0,0.0,68.0
2215.8925503830465,72.0,6.0,5.0,2.0,0.0,68.0
2216.1925503830466,72.0,6.0,5.0,2.0,0.0,68.0
2216.19338371638,72.0,6.0,5.0,2.0,0.0,68.0
2216.4933837163803,72.0,6.0,5.0,2.0,0.0,68.0
2216.494217049714,72.0,6.0,5.0,2.0,0.0,68.0
2216.794217049714,72.0,6.0,5.0,2.0,0.0,68.0
2216.7950503830475,72.0,6.0,5.0,2.0,0.0,68.0
2217.0950503830477,72.0,6.0,5.0,2.0,0.0,68.0
2217.095883716381,72.0,6.0,5.0,2.0,0.0,68.0
2217.3958837163814,72.0,6.0,5.0,2.0,0.0,68.0
2217.396717049715,72.0,6.0,3.0,2.0,1.0,68.0
2217.696717049715,72.0,6.0,3.0,2.0,1.0,68.0
2217.6975503830486,72.0,6.0,3.0,2.0,1.0,68.0
2217.9975503830487,72.0,6.0,3.0,2.0,1.0,68.0
2217.9983837163822,72.0,6.0,3.0,2.0,1.0,68.0
2218.2983837163824,72.0,6.0,3.0,2.0,1.0,68.0
2218.299217049716,72.0,6.0,3.0,2.0,1.0,68.0
2218.599217049716,72.0,6.0,3.0,2.0,1.0,68.0
2218.6000503830496,72.0,6.0,3.0,2.0,1.0,68.0
2218.90005038305,72.0,6.0,3.0,2.0,1.0,68.0
2218.9008837163833,72.0,6.0,3.0,2.0,1.0,68.0
2219.2008837163835,72.0,6.0,3.0,2.0,1.0,68.0
2219.201717049717,72.0,6.0,3.0,2.0,0.0,68.0
2219.501717049717,72.0,6.0,3.0,2.0,0.0,68.0
2219.5025503830507,72.0,6.0,3.0,2.0,0.0,68.0
2219.802550383051,72.0,6.0,3.0,2.0,0.0,68.0
2219.8033837163844,72.0,6.0,3.0,2.0,0.0,68.0
2220.1033837163845,72.0,6.0,3.0,2.0,0.0,68.0
2220.104217049718,72.0,6.0,3.0,2.0,0.0,68.0
2220.404217049718,72.0,6.0,3.0,2.0,0.0,68.0
2220.4050503830517,72.0,6.0,3.0,2.0,0.0,68.0
2220.705050383052,72.0,6.0,3.0,2.0,0.0,68.0
2220.7058837163854,72.0,6.0,3.0,2.0,0.0,68.0
2221.0058837163856,72.0,6.0,3.0,2.0,0.0,68.0
2221.006717049719,72.0,6.0,3.0,2.0,0.0,68.0
2221.3067170497193,72.0,6.0,3.0,2.0,0.0,68.0
2221.307550383053,72.0,6.0,3.0,2.0,0.0,68.0
2221.607550383053,72.0,6.0,3.0,2.0,0.0,68.0
2221.6083837163865,72.0,6.0,3.0,2.0,0.0,68.0
2221.9083837163867,72.0,6.0,3.0,2.0,0.0,68.0
2221.90921704972,72.0,6.0,3.0,2.0,0.0,68.0
2222.2092170497203,72.0,6.0,3.0,2.0,0.0,68.0
2222.210050383054,72.0,6.0,3.0,2.0,0.0,68.0
2222.510050383054,72.0,6.0,3.0,2.0,0.0,68.0
2222.5108837163875,72.0,6.0,3.0,2.0,0.0,68.0
2222.8108837163877,72.0,6.0,3.0,2.0,0.0,68.0
2222.811717049721,72.0,6.0,3.0,2.0,0.0,68.0
2223.1117170497214,72.0,6.0,3.0,2.0,0.0,68.0
2223.112550383055,72.0,6.0,3.0,2.0,0.0,68.0
2223.412550383055,72.0,6.0,3.0,2.0,0.0,68.0
2223.4133837163886,72.0,6.0,3.0,2.0,0.0,68.0
2223.7133837163888,72.0,6.0,3.0,2.0,0.0,68.0
2223.7142170497223,72.0,6.0,3.0,2.0,0.0,68.0
2224.0142170497224,72.0,6.0,3.0,2.0,0.0,68.0
2224.015050383056,72.0,6.0,3.0,2.0,0.0,68.0
2224.315050383056,72.0,6.0,3.0,2.0,0.0,68.0
2224.3158837163896,72.0,6.0,3.0,2.0,0.0,68.0
2224.61588371639,72.0,6.0,3.0,2.0,0.0,68.0
2224.6167170497233,72.0,6.0,3.0,2.0,0.0,68.0
2224.9167170497235,72.0,6.0,3.0,2.0,0.0,68.0
2224.917550383057,72.0,6.0,3.0,2.0,0.0,68.0
2225.217550383057,72.0,6.0,3.0,2.0,0.0,68.0
2225.2183837163907,72.0,6.0,3.0,2.0,0.0,68.0
2225.518383716391,72.0,6.0,3.0,2.0,0.0,68.0
2225.5192170497244,72.0,6.0,3.0,2.0,0.0,68.0
2225.8192170497246,72.0,6.0,3.0,2.0,0.0,68.0
2225.820050383058,72.0,6.0,3.0,2.0,0.0,68.0
2226.1200503830582,72.0,6.0,3.0,2.0,0.0,68.0
2226.1208837163917,72.0,6.0,3.0,2.0,0.0,68.0
2226.420883716392,72.0,6.0,3.0,2.0,0.0,68.0
2226.4217170497254,72.0,6.0,3.0,2.0,0.0,68.0
2226.7217170497256,72.0,6.0,3.0,2.0,0.0,68.0
2226.722550383059,72.0,6.0,3.0,2.0,0.0,68.0
2227.0225503830593,72.0,6.0,3.0,2.0,0.0,68.0
2227.023383716393,72.0,6.0,3.0,2.0,0.0,68.0
2227.323383716393,72.0,6.0,3.0,2.0,0.0,68.0
2227.3242170497265,72.0,6.0,3.0,2.0,0.0,68.0
2227.6242170497267,72.0,6.0,3.0,2.0,0.0,68.0
2227.62505038306,72.0,6.0,3.0,2.0,0.0,68.0
2227.9250503830604,72.0,6.0,3.0,2.0,0.0,68.0
2227.925883716394,72.0,6.0,3.0,2.0,0.0,68.0
2228.225883716394,72.0,6.0,3.0,2.0,0.0,68.0
2228.2267170497275,72.0,6.0,3.0,2.0,0.0,68.0
2228.5267170497277,72.0,6.0,3.0,2.0,0.0,68.0
2228.527550383061,72.0,6.0,3.0,2.0,0.0,68.0
2228.8275503830614,72.0,6.0,3.0,2.0,0.0,68.0
2228.828383716395,72.0,6.0,3.0,2.0,0.0,68.0
2229.128383716395,72.0,6.0,3.0,2.0,0.0,68.0
2229.1292170497286,72.0,6.0,3.0,2.0,0.0,68.0
2229.429217049729,72.0,6.0,3.0,2.0,0.0,68.0
2229.4300503830623,72.0,6.0,3.0,2.0,0.0,68.0
2229.7300503830625,72.0,6.0,3.0,2.0,0.0,68.0
2229.730883716396,72.0,6.0,3.0,2.0,0.0,68.0
2230.030883716396,72.0,6.0,3.0,2.0,0.0,68.0
2230.0317170497297,72.0,6.0,1.0,2.0,1.0,68.0
2230.33171704973,72.0,6.0,1.0,2.0,1.0,68.0
2230.3325503830633,72.0,6.0,1.0,2.0,0.0,68.0
2230.6325503830635,72.0,6.0,1.0,2.0,0.0,68.0
2230.633383716397,72.0,6.0,1.0,2.0,0.0,68.0
2230.933383716397,72.0,6.0,1.0,2.0,0.0,68.0
2230.9342170497307,72.0,6.0,1.0,2.0,0.0,68.0
2231.234217049731,72.0,6.0,1.0,2.0,0.0,68.0
2231.2350503830644,72.0,6.0,1.0,2.0,0.0,68.0
2231.5350503830646,72.0,6.0,1.0,2.0,0.0,68.0
2231.535883716398,72.0,6.0,1.0,2.0,0.0,68.0
2231.8358837163983,72.0,6.0,1.0,2.0,0.0,68.0
2231.8367170497318,72.0,6.0,1.0,2.0,0.0,68.0
2232.136717049732,72.0,6.0,1.0,2.0,0.0,68.0
2232.1375503830654,72.0,6.0,1.0,2.0,0.0,68.0
2232.4375503830656,72.0,6.0,1.0,2.0,0.0,68.0
2232.438383716399,72.0,6.0,1.0,2.0,0.0,68.0
2232.7383837163993,72.0,6.0,1.0,2.0,0.0,68.0
2232.739217049733,72.0,6.0,1.0,2.0,0.0,68.0
2233.039217049733,72.0,6.0,1.0,2.0,0.0,68.0
2233.0400503830665,72.0,6.0,1.0,2.0,0.0,68.0
2233.3400503830667,72.0,6.0,1.0,2.0,0.0,68.0
2233.3408837164,72.0,6.0,1.0,2.0,0.0,68.0
2233.6408837164004,72.0,6.0,1.0,2.0,0.0,68.0
2233.641717049734,72.0,6.0,1.0,2.0,0.0,68.0
2233.941717049734,72.0,6.0,1.0,2.0,0.0,68.0
2233.9425503830676,72.0,6.0,1.0,2.0,0.0,68.0
2234.2425503830677,72.0,6.0,1.0,2.0,0.0,68.0
2234.2433837164012,72.0,6.0,1.0,2.0,0.0,68.0
2234.5433837164014,72.0,6.0,1.0,2.0,0.0,68.0
2234.544217049735,72.0,6.0,1.0,2.0,0.0,68.0
2234.844217049735,72.0,6.0,1.0,2.0,0.0,68.0
2234.8450503830686,72.0,6.0,1.0,2.0,0.0,68.0
2235.145050383069,72.0,6.0,1.0,2.0,0.0,68.0
2235.1458837164023,72.0,6.0,1.0,2.0,0.0,68.0
2235.4458837164025,72.0,6.0,1.0,2.0,0.0,68.0
2235.446717049736,72.0,6.0,1.0,2.0,0.0,68.0
2235.746717049736,72.0,6.0,1.0,2.0,0.0,68.0
2235.7475503830697,72.0,6.0,1.0,2.0,0.0,68.0
2236.04755038307,72.0,6.0,1.0,2.0,0.0,68.0
2236.0483837164034,72.0,6.0,1.0,2.0,0.0,68.0
2236.3483837164035,72.0,6.0,1.0,2.0,0.0,68.0
2236.349217049737,72.0,6.0,1.0,2.0,0.0,68.0
2236.649217049737,72.0,6.0,1.0,2.0,0.0,68.0
2236.6500503830707,72.0,6.0,1.0,2.0,0.0,68.0
2236.950050383071,72.0,6.0,1.0,2.0,0.0,68.0
2236.9508837164044,72.0,6.0,1.0,2.0,0.0,68.0
2237.2508837164046,72.0,6.0,1.0,2.0,0.0,68.0
2237.251717049738,72.0,6.0,1.0,2.0,0.0,68.0
2237.5517170497383,72.0,6.0,1.0,2.0,0.0,68.0
2237.552550383072,72.0,6.0,1.0,2.0,0.0,68.0
2237.852550383072,72.0,6.0,1.0,2.0,0.0,68.0
2237.8533837164055,72.0,6.0,1.0,2.0,0.0,68.0
2238.1533837164056,72.0,6.0,1.0,2.0,0.0,68.0
2238.154217049739,72.0,6.0,1.0,2.0,0.0,68.0
2238.4542170497393,72.0,6.0,1.0,2.0,0.0,68.0
2238.455050383073,72.0,6.0,1.0,2.0,0.0,68.0
2238.755050383073,72.0,6.0,1.0,2.0,0.0,68.0
2238.7558837164065,72.0,6.0,1.0,2.0,0.0,68.0
2239.0558837164067,72.0,6.0,1.0,2.0,0.0,68.0
2239.05671704974,72.0,6.0,1.0,2.0,0.0,68.0
2239.3567170497404,72.0,6.0,1.0,2.0,0.0,68.0
2239.357550383074,72.0,6.0,1.0,2.0,0.0,68.0
2239.657550383074,72.0,6.0,1.0,2.0,0.0,68.0
2239.6583837164076,72.0,6.0,1.0,2.0,0.0,68.0
2239.9583837164078,72.0,6.0,1.0,2.0,0.0,68.0
2239.9592170497413,72.0,6.0,1.0,2.0,0.0,68.0
2240.2592170497414,72.0,6.0,1.0,2.0,0.0,68.0
2240.260050383075,72.0,6.0,1.0,2.0,0.0,68.0
2240.560050383075,72.0,6.0,1.0,2.0,0.0,68.0
2240.5608837164086,72.0,6.0,1.0,2.0,0.0,68.0
2240.860883716409,72.0,6.0,1.0,2.0,0.0,68.0
2240.8617170497423,72.0,6.0,1.0,2.0,0.0,68.0
2241.1617170497425,72.0,6.0,1.0,2.0,0.0,68.0
2241.162550383076,72.0,6.0,1.0,2.0,0.0,68.0
2241.462550383076,72.0,6.0,1.0,2.0,0.0,68.0
2241.4633837164097,72.0,6.0,1.0,2.0,0.0,68.0
2241.76338371641,72.0,6.0,1.0,2.0,0.0,68.0
2241.7642170497434,72.0,6.0,1.0,2.0,0.0,68.0
2242.0642170497435,72.0,6.0,1.0,2.0,0.0,68.0
2242.065050383077,72.0,6.0,1.0,2.0,0.0,68.0
2242.3650503830772,72.0,6.0,1.0,2.0,0.0,68.0
2242.3658837164107,72.0,6.0,1.0,2.0,0.0,68.0
2242.665883716411,72.0,6.0,1.0,2.0,0.0,68.0
2242.6667170497444,72.0,6.0,1.0,2.0,0.0,68.0
2242.9667170497446,72.0,6.0,1.0,2.0,0.0,68.0
2242.967550383078,72.0,6.0,1.0,2.0,0.0,68.0
2243.2675503830783,72.0,6.0,1.0,2.0,0.0,68.0
2243.268383716412,72.0,6.0,1.0,2.0,0.0,68.0
2243.568383716412,72.0,6.0,1.0,2.0,0.0,68.0
2243.5692170497455,72.0,6.0,1.0,2.0,0.0,68.0
2243.8692170497457,72.0,6.0,1.0,2.0,0.0,68.0
2243.870050383079,72.0,6.0,1.0,2.0,0.0,68.0
2244.1700503830793,72.0,6.0,1.0,2.0,0.0,68.0
2244.170883716413,72.0,6.0,1.0,2.0,0.0,68.0
2244.470883716413,72.0,6.0,1.0,2.0,0.0,68.0
2244.4717170497465,72.0,6.0,1.0,2.0,0.0,68.0
2244.7717170497467,72.0,6.0,1.0,2.0,0.0,68.0
2244.77255038308,72.0,6.0,1.0,2.0,0.0,68.0
2245.0725503830804,72.0,6.0,1.0,2.0,0.0,68.0
2245.073383716414,72.0,6.0,1.0,2.0,0.0,68.0
2245.373383716414,72.0,6.0,1.0,2.0,0.0,68.0
2245.3742170497476,72.0,6.0,1.0,2.0,0.0,68.0
2245.6742170497478,72.0,6.0,1.0,2.0,0.0,68.0
2245.6750503830813,72.0,6.0,1.0,2.0,0.0,68.0
2245.9750503830815,72.0,6.0,1.0,2.0,0.0,68.0
2245.975883716415,72.0,6.0,1.0,2.0,0.0,68.0
2246.275883716415,72.0,6.0,1.0,2.0,0.0,68.0
2246.2767170497486,72.0,6.0,1.0,2.0,0.0,68.0
2246.576717049749,72.0,6.0,1.0,2.0,0.0,68.0
2246.5775503830823,72.0,6.0,1.0,2.0,0.0,68.0
2246.8775503830825,72.0,6.0,1.0,2.0,0.0,68.0
2246.878383716416,72.0,6.0,1.0,2.0,0.0,68.0
2247.178383716416,72.0,6.0,1.0,2.0,0.0,68.0
2247.1792170497497,72.0,6.0,1.0,2.0,0.0,68.0
2247.47921704975,72.0,6.0,1.0,2.0,0.0,68.0
2247.4800503830834,72.0,6.0,1.0,2.0,0.0,68.0
2247.7800503830836,72.0,6.0,1.0,2.0,0.0,68.0
2247.780883716417,72.0,6.0,1.0,2.0,0.0,68.0
2248.0808837164172,72.0,6.0,1.0,2.0,0.0,68.0
2248.0817170497508,72.0,6.0,1.0,2.0,0.0,68.0
2248.381717049751,72.0,6.0,1.0,2.0,0.0,68.0
2248.3825503830844,72.0,6.0,1.0,2.0,0.0,68.0
2248.6825503830846,72.0,6.0,1.0,2.0,0.0,68.0
2248.683383716418,72.0,6.0,1.0,2.0,0.0,68.0
2248.9833837164183,72.0,6.0,1.0,2.0,0.0,68.0
2248.984217049752,72.0,6.0,1.0,2.0,0.0,68.0
2249.284217049752,72.0,6.0,1.0,2.0,0.0,68.0
2249.2850503830855,72.0,6.0,1.0,2.0,0.0,68.0
2249.5850503830857,72.0,6.0,1.0,2.0,0.0,68.0
2249.585883716419,72.0,6.0,1.0,2.0,0.0,68.0
2249.8858837164194,72.0,6.0,1.0,2.0,0.0,68.0
2249.886717049753,72.0,6.0,1.0,2.0,0.0,68.0
2250.186717049753,72.0,6.0,1.0,2.0,0.0,68.0
2250.1875503830865,72.0,6.0,1.0,2.0,0.0,68.0
2250.4875503830867,72.0,6.0,1.0,2.0,0.0,68.0
2250.4883837164202,72.0,6.0,1.0,2.0,0.0,68.0
2250.7883837164204,72.0,6.0,1.0,2.0,0.0,68.0
2250.789217049754,72.0,6.0,1.0,2.0,0.0,68.0
2251.089217049754,72.0,6.0,1.0,2.0,0.0,68.0
2251.0900503830876,72.0,6.0,1.0,2.0,0.0,68.0
2251.390050383088,72.0,6.0,1.0,2.0,0.0,68.0
2251.3908837164213,72.0,6.0,1.0,2.0,0.0,68.0
2251.6908837164215,72.0,6.0,1.0,2.0,0.0,68.0
2251.691717049755,72.0,6.0,1.0,2.0,0.0,68.0
2251.991717049755,72.0,6.0,1.0,2.0,0.0,68.0
2251.9925503830887,72.0,6.0,1.0,2.0,0.0,68.0
2252.292550383089,72.0,6.0,1.0,2.0,0.0,68.0
2252.2933837164223,72.0,6.0,1.0,2.0,0.0,68.0
2252.5933837164225,72.0,6.0,1.0,2.0,0.0,68.0
2252.594217049756,72.0,6.0,1.0,2.0,0.0,68.0
2252.894217049756,72.0,6.0,1.0,2.0,0.0,68.0
2252.8950503830897,72.0,6.0,1.0,2.0,0.0,68.0
2253.19505038309,72.0,6.0,1.0,2.0,0.0,68.0
2253.1958837164234,72.0,6.0,1.0,2.0,0.0,68.0
2253.4958837164236,72.0,6.0,1.0,2.0,0.0,68.0
2253.496717049757,72.0,6.0,1.0,2.0,0.0,68.0
2253.7967170497573,72.0,6.0,1.0,2.0,0.0,68.0
2253.7975503830908,72.0,6.0,1.0,2.0,0.0,68.0
2254.097550383091,72.0,6.0,1.0,2.0,0.0,68.0
2254.0983837164245,72.0,6.0,1.0,2.0,0.0,68.0
2254.3983837164246,72.0,6.0,1.0,2.0,0.0,68.0
2254.399217049758,72.0,6.0,1.0,2.0,0.0,68.0
2254.6992170497583,72.0,6.0,1.0,2.0,0.0,68.0
2254.700050383092,72.0,6.0,1.0,2.0,0.0,68.0
2255.000050383092,72.0,6.0,1.0,2.0,0.0,68.0
2255.0008837164255,72.0,6.0,1.0,2.0,0.0,68.0
2255.3008837164257,72.0,6.0,1.0,2.0,0.0,68.0
2255.301717049759,72.0,6.0,1.0,2.0,0.0,68.0
2255.6017170497594,72.0,6.0,1.0,2.0,0.0,68.0
2255.602550383093,72.0,6.0,1.0,2.0,0.0,68.0
2255.902550383093,72.0,6.0,1.0,2.0,0.0,68.0
2255.9033837164266,72.0,6.0,1.0,2.0,0.0,68.0
2256.2033837164267,72.0,6.0,1.0,2.0,0.0,68.0
2256.2042170497602,72.0,6.0,1.0,2.0,0.0,68.0
2256.5042170497604,72.0,6.0,1.0,2.0,0.0,68.0
2256.505050383094,72.0,6.0,1.0,2.0,0.0,68.0
2256.805050383094,72.0,6.0,1.0,2.0,0.0,68.0
2256.8058837164276,72.0,6.0,1.0,2.0,0.0,68.0
2257.105883716428,72.0,6.0,1.0,2.0,0.0,68.0
2257.1067170497613,72.0,6.0,1.0,2.0,0.0,68.0
2257.4067170497615,72.0,6.0,1.0,2.0,0.0,68.0
2257.407550383095,72.0,6.0,1.0,2.0,0.0,68.0
2257.707550383095,72.0,6.0,1.0,2.0,0.0,68.0
2257.7083837164287,72.0,6.0,1.0,2.0,0.0,68.0
2258.008383716429,72.0,6.0,1.0,2.0,0.0,68.0
2258.0092170497624,72.0,6.0,1.0,2.0,0.0,68.0
2258.3092170497625,72.0,6.0,1.0,2.0,0.0,68.0
2258.310050383096,72.0,6.0,1.0,2.0,0.0,68.0
2258.610050383096,72.0,6.0,1.0,2.0,0.0,68.0
2258.6108837164297,72.0,6.0,1.0,2.0,0.0,68.0
2258.91088371643,72.0,6.0,1.0,2.0,0.0,68.0
2258.9117170497634,72.0,6.0,1.0,2.0,0.0,68.0
2259.2117170497636,72.0,6.0,1.0,2.0,0.0,68.0
2259.212550383097,72.0,6.0,1.0,2.0,0.0,68.0
2259.5125503830973,72.0,6.0,1.0,2.0,0.0,68.0
2259.513383716431,72.0,6.0,1.0,2.0,0.0,68.0
2259.813383716431,72.0,6.0,1.0,2.0,0.0,68.0
2259.8142170497645,72.0,6.0,1.0,2.0,0.0,68.0
2260.1142170497646,72.0,6.0,1.0,2.0,0.0,68.0
2260.115050383098,72.0,6.0,1.0,2.0,0.0,68.0
2260.4150503830983,72.0,6.0,1.0,2.0,0.0,68.0
2260.415883716432,72.0,6.0,1.0,2.0,0.0,68.0
2260.715883716432,72.0,6.0,1.0,2.0,0.0,68.0
2260.7167170497655,72.0,6.0,1.0,2.0,0.0,68.0
2261.0167170497657,72.0,6.0,1.0,2.0,0.0,68.0
2261.017550383099,72.0,6.0,1.0,2.0,0.0,68.0
2261.3175503830994,72.0,6.0,1.0,2.0,0.0,68.0
2261.318383716433,72.0,6.0,1.0,2.0,0.0,68.0
2261.618383716433,72.0,6.0,1.0,2.0,0.0,68.0
2261.6192170497666,72.0,6.0,1.0,2.0,0.0,68.0
2261.9192170497668,72.0,6.0,1.0,2.0,0.0,68.0
2261.9200503831003,72.0,6.0,1.0,2.0,0.0,68.0
2262.2200503831004,72.0,6.0,1.0,2.0,0.0,68.0
2262.220883716434,72.0,6.0,1.0,2.0,0.0,68.0
2262.520883716434,72.0,6.0,1.0,2.0,0.0,68.0
2262.5217170497676,72.0,6.0,1.0,2.0,0.0,68.0
2262.821717049768,72.0,6.0,1.0,2.0,0.0,68.0
2262.8225503831013,72.0,6.0,1.0,2.0,0.0,68.0
2263.1225503831015,72.0,6.0,1.0,2.0,0.0,68.0
2263.123383716435,72.0,6.0,1.0,2.0,0.0,68.0
2263.423383716435,72.0,6.0,1.0,2.0,0.0,68.0
2263.4242170497687,72.0,6.0,1.0,2.0,0.0,68.0
2263.724217049769,72.0,6.0,1.0,2.0,0.0,68.0
2263.7250503831024,72.0,6.0,1.0,2.0,0.0,68.0
2264.0250503831026,72.0,6.0,1.0,2.0,0.0,68.0
2264.025883716436,72.0,6.0,1.0,2.0,0.0,68.0
2264.3258837164362,72.0,6.0,1.0,2.0,0.0,68.0
2264.3267170497697,72.0,6.0,1.0,2.0,0.0,68.0
2264.62671704977,72.0,6.0,1.0,2.0,0.0,68.0
2264.6275503831034,72.0,6.0,1.0,2.0,0.0,68.0
2264.9275503831036,72.0,6.0,1.0,2.0,0.0,68.0
2264.928383716437,72.0,6.0,1.0,2.0,0.0,68.0
2265.2283837164373,72.0,6.0,1.0,2.0,0.0,68.0
2265.229217049771,72.0,6.0,1.0,2.0,0.0,68.0
2265.529217049771,72.0,6.0,1.0,2.0,0.0,68.0
2265.5300503831045,72.0,6.0,1.0,2.0,0.0,68.0
2265.8300503831047,72.0,6.0,1.0,2.0,0.0,68.0
2265.830883716438,72.0,6.0,1.0,2.0,0.0,68.0
2266.1308837164383,72.0,6.0,1.0,2.0,0.0,68.0
2266.131717049772,72.0,6.0,1.0,2.0,0.0,68.0
2266.431717049772,72.0,6.0,1.0,2.0,0.0,68.0
2266.4325503831055,72.0,6.0,1.0,2.0,0.0,68.0
2266.7325503831057,72.0,6.0,1.0,2.0,0.0,68.0
2266.733383716439,72.0,6.0,1.0,2.0,0.0,68.0
2267.0333837164394,72.0,6.0,1.0,2.0,0.0,68.0
2267.034217049773,72.0,6.0,1.0,0.0,0.0,69.0
2267.334217049773,72.0,6.0,1.0,0.0,0.0,69.0
2267.3350503831066,72.0,6.0,1.0,0.0,0.0,69.0
2267.635050383107,72.0,6.0,1.0,0.0,0.0,69.0
2267.6358837164403,72.0,6.0,1.0,0.0,0.0,69.0
2267.9358837164405,72.0,6.0,1.0,0.0,0.0,69.0
2267.936717049774,72.0,6.0,1.0,0.0,0.0,69.0
2268.236717049774,72.0,6.0,1.0,0.0,0.0,69.0
2268.2375503831076,72.0,6.0,1.0,0.0,0.0,69.0
2268.537550383108,72.0,6.0,1.0,0.0,0.0,69.0
2268.5383837164413,72.0,6.0,1.0,0.0,0.0,69.0
2268.8383837164415,72.0,6.0,1.0,0.0,0.0,69.0
2268.839217049775,72.0,6.0,1.0,0.0,0.0,69.0
2269.139217049775,72.0,6.0,1.0,0.0,0.0,69.0
2269.1400503831087,72.0,6.0,1.0,0.0,0.0,69.0
2269.440050383109,72.0,6.0,1.0,0.0,0.0,69.0
2269.4408837164424,72.0,6.0,1.0,0.0,0.0,69.0
2269.7408837164426,72.0,6.0,1.0,0.0,0.0,69.0
2269.741717049776,72.0,6.0,1.0,0.0,0.0,69.0
2270.0417170497763,72.0,6.0,1.0,0.0,0.0,69.0
2270.0425503831098,72.0,6.0,1.0,0.0,0.0,69.0
2270.34255038311,72.0,6.0,1.0,0.0,0.0,69.0
2270.3433837164434,72.0,6.0,1.0,0.0,0.0,69.0
2270.6433837164436,72.0,6.0,1.0,0.0,0.0,69.0
2270.644217049777,72.0,6.0,1.0,0.0,0.0,69.0
2270.9442170497773,72.0,6.0,1.0,0.0,0.0,69.0
2270.945050383111,72.0,6.0,1.0,0.0,0.0,69.0
2271.245050383111,72.0,6.0,1.0,0.0,0.0,69.0
2271.2458837164445,72.0,6.0,1.0,0.0,0.0,69.0
2271.5458837164447,72.0,6.0,1.0,0.0,0.0,69.0
2271.546717049778,72.0,6.0,1.0,0.0,0.0,69.0
2271.8467170497784,72.0,6.0,1.0,0.0,0.0,69.0
2271.847550383112,72.0,6.0,1.0,0.0,0.0,69.0
2272.147550383112,72.0,6.0,1.0,0.0,0.0,69.0
2272.1483837164456,72.0,6.0,1.0,0.0,0.0,69.0
2272.4483837164457,72.0,6.0,1.0,0.0,0.0,69.0
2272.4492170497792,72.0,6.0,1.0,0.0,0.0,69.0
2272.7492170497794,72.0,6.0,1.0,0.0,0.0,69.0
2272.750050383113,72.0,6.0,1.0,0.0,0.0,69.0
2273.050050383113,72.0,6.0,1.0,0.0,0.0,69.0
2273.0508837164466,72.0,6.0,1.0,0.0,0.0,69.0
2273.350883716447,72.0,6.0,1.0,0.0,0.0,69.0
2273.3517170497803,72.0,6.0,1.0,0.0,0.0,69.0
2273.6517170497805,72.0,6.0,1.0,0.0,0.0,69.0
2273.652550383114,72.0,6.0,1.0,0.0,0.0,69.0
2273.952550383114,72.0,6.0,1.0,0.0,0.0,69.0
2273.9533837164477,72.0,6.0,1.0,0.0,0.0,69.0
2274.253383716448,72.0,6.0,1.0,0.0,0.0,69.0
2274.2542170497813,72.0,6.0,1.0,0.0,0.0,69.0
2274.5542170497815,72.0,6.0,1.0,0.0,0.0,69.0
2274.555050383115,72.0,6.0,1.0,0.0,0.0,69.0
2274.855050383115,72.0,6.0,1.0,0.0,0.0,69.0
2274.8558837164487,72.0,6.0,1.0,0.0,0.0,69.0
2275.155883716449,72.0,6.0,1.0,0.0,0.0,69.0
2275.1567170497824,72.0,6.0,1.0,0.0,0.0,69.0
2275.4567170497826,72.0,6.0,1.0,0.0,0.0,69.0
2275.457550383116,72.0,6.0,1.0,0.0,0.0,69.0
2275.7575503831163,72.0,6.0,1.0,0.0,0.0,69.0
2275.7583837164498,72.0,6.0,1.0,0.0,0.0,69.0
2276.05838371645,72.0,6.0,1.0,0.0,0.0,69.0
2276.0592170497835,72.0,6.0,1.0,0.0,0.0,69.0
2276.3592170497836,72.0,6.0,1.0,0.0,0.0,69.0
2276.360050383117,72.0,6.0,1.0,0.0,0.0,69.0
2276.6600503831173,72.0,6.0,1.0,0.0,0.0,69.0
2276.660883716451,72.0,6.0,1.0,0.0,0.0,69.0
2276.960883716451,72.0,6.0,1.0,0.0,0.0,69.0
2276.9617170497845,72.0,6.0,1.0,0.0,0.0,69.0
2277.2617170497847,72.0,6.0,1.0,0.0,0.0,69.0
2277.262550383118,72.0,6.0,1.0,0.0,0.0,69.0
2277.5625503831184,72.0,6.0,1.0,0.0,0.0,69.0
2277.563383716452,72.0,6.0,1.0,0.0,0.0,69.0
2277.863383716452,72.0,6.0,1.0,0.0,0.0,69.0
2277.8642170497856,72.0,6.0,1.0,0.0,0.0,69.0
2278.1642170497857,72.0,6.0,1.0,0.0,0.0,69.0
2278.1650503831193,72.0,6.0,1.0,0.0,0.0,69.0
2278.4650503831194,72.0,6.0,1.0,0.0,0.0,69.0
2278.465883716453,72.0,6.0,1.0,0.0,0.0,69.0
2278.765883716453,72.0,6.0,1.0,0.0,0.0,69.0
2278.7667170497866,72.0,6.0,1.0,0.0,0.0,69.0
2279.066717049787,72.0,6.0,1.0,0.0,0.0,69.0
2279.0675503831203,72.0,6.0,1.0,0.0,0.0,69.0
2279.3675503831205,72.0,6.0,1.0,0.0,0.0,69.0
2279.368383716454,71.0,6.0,1.0,0.0,0.0,69.0
2279.668383716454,71.0,6.0,1.0,0.0,0.0,69.0
2279.669228786877,71.0,6.0,1.0,0.0,0.0,69.0
2279.969228786877,71.0,6.0,1.0,0.0,0.0,69.0
2279.9700738572997,71.0,6.0,1.0,0.0,0.0,69.0
2280.2700738573,71.0,6.0,1.0,0.0,0.0,69.0
2280.2709189277225,71.0,6.0,1.0,0.0,0.0,69.0
2280.5709189277227,71.0,6.0,1.0,0.0,0.0,69.0
2280.5717639981453,71.0,6.0,1.0,0.0,0.0,69.0
2280.8717639981455,71.0,6.0,1.0,0.0,0.0,69.0
2280.872609068568,71.0,6.0,1.0,0.0,0.0,69.0
2281.1726090685684,71.0,6.0,1.0,0.0,0.0,69.0
2281.173454138991,71.0,6.0,1.0,0.0,0.0,69.0
2281.473454138991,71.0,6.0,1.0,0.0,0.0,69.0
2281.474299209414,71.0,6.0,1.0,0.0,0.0,69.0
2281.774299209414,71.0,6.0,1.0,0.0,0.0,69.0
2281.7751442798367,71.0,6.0,1.0,0.0,0.0,69.0
2282.075144279837,71.0,6.0,1.0,0.0,0.0,69.0
2282.0759893502595,71.0,6.0,1.0,0.0,0.0,69.0
2282.3759893502597,71.0,6.0,1.0,0.0,0.0,69.0
2282.3768344206824,71.0,6.0,1.0,0.0,0.0,69.0
2282.6768344206826,71.0,6.0,1.0,0.0,0.0,69.0
2282.677679491105,71.0,6.0,1.0,0.0,0.0,69.0
2282.9776794911054,71.0,6.0,1.0,0.0,0.0,69.0
2282.978524561528,71.0,6.0,1.0,0.0,0.0,69.0
2283.2785245615282,71.0,6.0,1.0,0.0,0.0,69.0
2283.279369631951,71.0,6.0,1.0,0.0,0.0,69.0
2283.579369631951,71.0,6.0,1.0,0.0,0.0,69.0
2283.5802147023737,71.0,6.0,1.0,0.0,0.0,69.0
2283.880214702374,71.0,6.0,1.0,0.0,0.0,69.0
2283.8810597727966,71.0,6.0,1.0,0.0,0.0,69.0
2284.1810597727967,71.0,6.0,1.0,0.0,0.0,69.0
2284.1819048432194,71.0,6.0,1.0,0.0,0.0,69.0
2284.4819048432196,71.0,6.0,1.0,0.0,0.0,69.0
2284.4827499136422,71.0,6.0,1.0,0.0,0.0,69.0
2284.7827499136424,71.0,6.0,1.0,0.0,0.0,69.0
2284.783594984065,71.0,6.0,1.0,0.0,0.0,69.0
2285.0835949840653,71.0,6.0,1.0,0.0,0.0,69.0
2285.084440054488,71.0,6.0,1.0,0.0,0.0,69.0
2285.384440054488,71.0,6.0,1.0,0.0,0.0,69.0
2285.3852851249108,71.0,6.0,1.0,0.0,0.0,69.0
2285.685285124911,71.0,6.0,1.0,0.0,0.0,69.0
2285.6861301953336,71.0,6.0,1.0,0.0,0.0,69.0
2285.9861301953338,71.0,6.0,1.0,0.0,0.0,69.0
2285.9869752657564,71.0,6.0,1.0,0.0,0.0,69.0
2286.2869752657566,71.0,6.0,1.0,0.0,0.0,69.0
2286.2878203361793,71.0,6.0,1.0,0.0,0.0,69.0
2286.5878203361794,71.0,6.0,1.0,0.0,0.0,69.0
2286.588665406602,71.0,6.0,1.0,0.0,0.0,69.0
2286.8886654066023,71.0,6.0,1.0,0.0,0.0,69.0
2286.889510477025,71.0,6.0,1.0,0.0,0.0,69.0
2287.189510477025,71.0,6.0,1.0,0.0,0.0,69.0
2287.190355547448,71.0,6.0,1.0,0.0,0.0,69.0
2287.490355547448,71.0,6.0,1.0,0.0,0.0,69.0
2287.4912006178706,71.0,6.0,1.0,0.0,0.0,69.0
2287.791200617871,71.0,6.0,1.0,0.0,0.0,69.0
2287.7920456882935,71.0,6.0,1.0,0.0,0.0,69.0
2288.0920456882936,71.0,6.0,1.0,0.0,0.0,69.0
2288.0928907587163,71.0,6.0,1.0,0.0,0.0,69.0
2288.3928907587165,71.0,6.0,1.0,0.0,0.0,69.0
2288.393735829139,71.0,6.0,1.0,0.0,0.0,69.0
2288.6937358291393,71.0,6.0,1.0,0.0,0.0,69.0
2288.694580899562,71.0,6.0,1.0,0.0,0.0,69.0
2288.994580899562,71.0,6.0,1.0,0.0,0.0,69.0
2288.995425969985,71.0,6.0,1.0,0.0,0.0,69.0
2289.295425969985,71.0,6.0,1.0,0.0,0.0,69.0
2289.2962710404076,71.0,6.0,1.0,0.0,0.0,69.0
2289.596271040408,71.0,6.0,1.0,0.0,0.0,69.0
2289.5971161108305,71.0,6.0,1.0,0.0,0.0,69.0
2289.8971161108307,71.0,6.0,1.0,0.0,0.0,69.0
2289.8979611812533,71.0,6.0,1.0,0.0,0.0,69.0
2290.1979611812535,71.0,6.0,1.0,0.0,0.0,69.0
2290.198806251676,71.0,6.0,1.0,0.0,0.0,69.0
2290.4988062516763,71.0,6.0,1.0,0.0,0.0,69.0
2290.499651322099,71.0,6.0,1.0,0.0,0.0,69.0
2290.799651322099,71.0,6.0,1.0,0.0,0.0,69.0
2290.800496392522,71.0,6.0,1.0,0.0,0.0,69.0
2291.100496392522,71.0,6.0,1.0,0.0,0.0,69.0
2291.1013414629447,71.0,6.0,1.0,0.0,0.0,69.0
2291.401341462945,71.0,6.0,1.0,0.0,0.0,69.0
2291.4021865333675,71.0,6.0,1.0,0.0,0.0,69.0
2291.7021865333677,71.0,6.0,1.0,0.0,0.0,69.0
2291.7030316037904,71.0,6.0,1.0,0.0,0.0,69.0
2292.0030316037905,71.0,6.0,1.0,0.0,0.0,69.0
2292.003876674213,71.0,6.0,1.0,0.0,0.0,69.0
2292.3038766742134,71.0,6.0,1.0,0.0,0.0,69.0
2292.304721744636,71.0,6.0,1.0,0.0,0.0,69.0
2292.604721744636,71.0,6.0,1.0,0.0,0.0,69.0
2292.605566815059,71.0,6.0,1.0,0.0,0.0,69.0
2292.905566815059,71.0,6.0,1.0,0.0,0.0,69.0
2292.9064118854817,71.0,6.0,1.0,0.0,0.0,69.0
2293.206411885482,71.0,6.0,1.0,0.0,0.0,69.0
2293.2072569559045,71.0,6.0,1.0,0.0,0.0,69.0
2293.5072569559047,71.0,6.0,1.0,0.0,0.0,69.0
2293.5081020263274,71.0,6.0,1.0,0.0,0.0,69.0
2293.8081020263276,71.0,6.0,1.0,0.0,0.0,69.0
2293.80894709675,71.0,6.0,1.0,0.0,0.0,69.0
2294.1089470967504,71.0,6.0,1.0,0.0,0.0,69.0
2294.109792167173,71.0,6.0,1.0,0.0,0.0,69.0
2294.4097921671732,71.0,6.0,1.0,0.0,0.0,69.0
2294.410637237596,71.0,6.0,1.0,0.0,0.0,69.0
2294.710637237596,71.0,6.0,1.0,0.0,0.0,69.0
2294.7114823080187,71.0,6.0,1.0,0.0,0.0,69.0
2295.011482308019,71.0,6.0,1.0,0.0,0.0,69.0
2295.0123273784416,71.0,6.0,1.0,0.0,0.0,69.0
2295.3123273784418,71.0,6.0,1.0,0.0,0.0,69.0
2295.3131724488644,71.0,6.0,1.0,0.0,0.0,69.0
2295.6131724488646,71.0,6.0,1.0,0.0,0.0,69.0
2295.6140175192872,71.0,6.0,1.0,0.0,0.0,69.0
2295.9140175192874,71.0,6.0,1.0,0.0,0.0,69.0
2295.91486258971,71.0,6.0,1.0,0.0,0.0,69.0
2296.2148625897103,71.0,6.0,1.0,0.0,0.0,69.0
2296.215707660133,71.0,6.0,1.0,0.0,0.0,69.0
2296.515707660133,71.0,6.0,1.0,0.0,0.0,69.0
2296.5165527305558,71.0,6.0,1.0,0.0,0.0,69.0
2296.816552730556,71.0,6.0,1.0,0.0,0.0,69.0
2296.8173978009786,71.0,6.0,1.0,0.0,0.0,69.0
2297.117397800979,71.0,6.0,1.0,0.0,0.0,69.0
2297.1182428714014,71.0,6.0,1.0,0.0,0.0,69.0
2297.4182428714016,71.0,6.0,1.0,0.0,0.0,69.0
2297.4190879418243,71.0,6.0,1.0,0.0,0.0,69.0
2297.7190879418245,71.0,6.0,1.0,0.0,0.0,69.0
2297.719933012247,71.0,6.0,1.0,0.0,0.0,69.0
2298.0199330122473,71.0,6.0,1.0,0.0,0.0,69.0
2298.02077808267,71.0,6.0,1.0,0.0,0.0,69.0
2298.32077808267,71.0,6.0,1.0,0.0,0.0,69.0
2298.321623153093,71.0,6.0,1.0,0.0,0.0,69.0
2298.621623153093,71.0,6.0,1.0,0.0,0.0,69.0
2298.6224682235156,71.0,6.0,1.0,0.0,0.0,69.0
2298.922468223516,71.0,6.0,1.0,0.0,0.0,69.0
2298.9233132939385,71.0,6.0,1.0,0.0,0.0,69.0
2299.2233132939386,71.0,6.0,1.0,0.0,0.0,69.0
2299.2241583643613,71.0,6.0,1.0,0.0,0.0,69.0
2299.5241583643615,71.0,6.0,1.0,0.0,0.0,69.0
2299.525003434784,71.0,6.0,1.0,0.0,0.0,69.0
2299.8250034347843,71.0,6.0,1.0,0.0,0.0,69.0
2299.825848505207,71.0,6.0,1.0,0.0,0.0,69.0
2300.125848505207,71.0,6.0,1.0,0.0,0.0,69.0
2300.12669357563,71.0,6.0,1.0,0.0,0.0,69.0
2300.42669357563,71.0,6.0,1.0,0.0,0.0,69.0
2300.4275386460527,71.0,6.0,1.0,0.0,0.0,69.0
2300.727538646053,71.0,6.0,1.0,0.0,0.0,69.0
2300.7283837164755,71.0,6.0,1.0,0.0,0.0,69.0
2301.0283837164757,71.0,6.0,1.0,0.0,0.0,69.0
2301.0292287868983,71.0,6.0,1.0,0.0,0.0,69.0
2301.3292287868985,71.0,6.0,1.0,0.0,0.0,69.0
2301.330073857321,71.0,6.0,1.0,0.0,0.0,69.0
2301.6300738573213,71.0,6.0,1.0,0.0,0.0,69.0
2301.630918927744,71.0,6.0,1.0,0.0,0.0,69.0
2301.930918927744,71.0,6.0,1.0,0.0,0.0,69.0
2301.931763998167,71.0,6.0,1.0,0.0,0.0,69.0
2302.231763998167,71.0,6.0,1.0,0.0,0.0,69.0
2302.2326090685897,71.0,6.0,1.0,0.0,0.0,69.0
2302.53260906859,71.0,6.0,1.0,0.0,0.0,69.0
2302.5334541390125,71.0,6.0,1.0,0.0,0.0,69.0
2302.8334541390127,71.0,6.0,1.0,0.0,0.0,69.0
2302.8342992094354,71.0,6.0,1.0,0.0,0.0,69.0
2303.1342992094355,71.0,6.0,1.0,0.0,0.0,69.0
2303.135144279858,71.0,6.0,1.0,0.0,0.0,69.0
2303.4351442798584,71.0,6.0,1.0,0.0,0.0,69.0
2303.435989350281,71.0,6.0,1.0,0.0,0.0,69.0
2303.735989350281,71.0,6.0,1.0,0.0,0.0,69.0
2303.736834420704,71.0,6.0,1.0,0.0,0.0,69.0
2304.036834420704,71.0,6.0,1.0,0.0,0.0,69.0
2304.0376794911267,71.0,6.0,1.0,0.0,0.0,69.0
2304.337679491127,71.0,6.0,1.0,0.0,0.0,69.0
2304.3385245615495,71.0,6.0,1.0,0.0,0.0,69.0
2304.6385245615497,71.0,6.0,1.0,0.0,0.0,69.0
2304.6393696319724,71.0,6.0,1.0,0.0,0.0,69.0
2304.9393696319726,71.0,6.0,1.0,0.0,0.0,69.0
2304.940214702395,71.0,6.0,1.0,0.0,0.0,69.0
2305.2402147023954,71.0,6.0,1.0,0.0,0.0,69.0
2305.241059772818,71.0,6.0,1.0,0.0,0.0,69.0
2305.5410597728182,71.0,6.0,1.0,0.0,0.0,69.0
2305.541904843241,71.0,6.0,1.0,0.0,0.0,69.0
2305.841904843241,71.0,6.0,1.0,0.0,0.0,69.0
2305.8427499136637,71.0,6.0,1.0,0.0,0.0,69.0
2306.142749913664,71.0,6.0,1.0,0.0,0.0,69.0
2306.1435949840866,71.0,6.0,1.0,0.0,0.0,69.0
2306.4435949840868,71.0,6.0,1.0,0.0,0.0,69.0
2306.4444400545094,71.0,6.0,1.0,0.0,0.0,69.0
2306.7444400545096,71.0,6.0,1.0,0.0,0.0,69.0
2306.7452851249323,71.0,6.0,1.0,0.0,0.0,69.0
2307.0452851249324,71.0,6.0,1.0,0.0,0.0,69.0
2307.046130195355,71.0,6.0,1.0,0.0,0.0,69.0
2307.3461301953553,71.0,6.0,1.0,0.0,0.0,69.0
2307.346975265778,71.0,6.0,1.0,0.0,0.0,69.0
2307.646975265778,71.0,6.0,1.0,0.0,0.0,69.0
2307.6478203362008,71.0,6.0,1.0,0.0,0.0,69.0
2307.947820336201,71.0,6.0,1.0,0.0,0.0,69.0
2307.9486654066236,71.0,6.0,1.0,0.0,0.0,69.0
2308.248665406624,71.0,6.0,1.0,0.0,0.0,69.0
2308.2495104770464,71.0,6.0,1.0,0.0,0.0,69.0
2308.5495104770466,71.0,6.0,1.0,0.0,0.0,69.0
2308.5503555474693,71.0,6.0,1.0,0.0,0.0,69.0
2308.8503555474695,71.0,6.0,1.0,0.0,0.0,69.0
2308.851200617892,71.0,6.0,1.0,0.0,0.0,69.0
2309.1512006178923,71.0,6.0,1.0,0.0,0.0,69.0
2309.152045688315,71.0,6.0,1.0,0.0,0.0,69.0
2309.452045688315,71.0,6.0,1.0,0.0,0.0,69.0
2309.452890758738,71.0,6.0,1.0,0.0,0.0,69.0
2309.752890758738,71.0,6.0,1.0,0.0,0.0,69.0
2309.7537358291606,71.0,6.0,1.0,0.0,0.0,69.0
2310.053735829161,71.0,6.0,1.0,0.0,0.0,69.0
2310.0545808995835,71.0,6.0,1.0,0.0,0.0,69.0
2310.3545808995837,71.0,6.0,1.0,0.0,0.0,69.0
2310.3554259700063,71.0,6.0,1.0,0.0,0.0,69.0
2310.6554259700065,71.0,6.0,1.0,0.0,0.0,69.0
2310.656271040429,71.0,6.0,1.0,0.0,0.0,69.0
2310.9562710404293,71.0,6.0,1.0,0.0,0.0,69.0
2310.957116110852,71.0,6.0,1.0,0.0,0.0,69.0
2311.257116110852,71.0,6.0,1.0,0.0,0.0,69.0
2311.257961181275,71.0,6.0,1.0,0.0,0.0,69.0
2311.557961181275,71.0,6.0,1.0,0.0,0.0,69.0
2311.5588062516977,71.0,6.0,1.0,0.0,0.0,69.0
2311.858806251698,71.0,6.0,1.0,0.0,0.0,69.0
2311.8596513221205,71.0,6.0,1.0,0.0,0.0,69.0
2312.1596513221207,71.0,6.0,1.0,0.0,0.0,69.0
2312.1604963925433,71.0,6.0,1.0,0.0,0.0,69.0
2312.4604963925435,71.0,6.0,1.0,0.0,0.0,69.0
2312.461341462966,71.0,6.0,1.0,0.0,0.0,69.0
2312.7613414629664,71.0,6.0,1.0,0.0,0.0,69.0
2312.762186533389,71.0,6.0,1.0,0.0,0.0,69.0
2313.062186533389,71.0,6.0,1.0,0.0,0.0,69.0
2313.063031603812,71.0,6.0,1.0,0.0,0.0,69.0
2313.363031603812,71.0,6.0,1.0,0.0,0.0,69.0
2313.3638766742347,71.0,6.0,1.0,0.0,0.0,69.0
2313.663876674235,71.0,6.0,1.0,0.0,0.0,69.0
2313.6647217446575,71.0,6.0,1.0,0.0,0.0,69.0
2313.9647217446577,71.0,6.0,1.0,0.0,0.0,69.0
2313.9655668150804,71.0,6.0,1.0,0.0,0.0,69.0
2314.2655668150805,71.0,6.0,1.0,0.0,0.0,69.0
2314.266411885503,71.0,6.0,1.0,0.0,0.0,69.0
2314.5664118855034,71.0,6.0,1.0,0.0,0.0,69.0
2314.567256955926,71.0,6.0,1.0,0.0,0.0,69.0
2314.867256955926,71.0,6.0,1.0,0.0,0.0,69.0
2314.868102026349,71.0,6.0,1.0,0.0,0.0,69.0
2315.168102026349,71.0,6.0,1.0,0.0,0.0,69.0
2315.1689470967717,71.0,6.0,1.0,0.0,0.0,69.0
2315.468947096772,71.0,6.0,1.0,0.0,0.0,69.0
2315.4697921671946,71.0,6.0,1.0,0.0,0.0,69.0
2315.7697921671947,71.0,6.0,1.0,0.0,0.0,69.0
2315.7706372376174,71.0,6.0,1.0,0.0,0.0,69.0
2316.0706372376176,71.0,6.0,1.0,0.0,0.0,69.0
2316.0714823080402,71.0,6.0,1.0,0.0,0.0,69.0
2316.3714823080404,71.0,6.0,1.0,0.0,0.0,69.0
2316.372327378463,71.0,6.0,1.0,0.0,0.0,69.0
2316.6723273784633,71.0,6.0,1.0,0.0,0.0,69.0
2316.673172448886,71.0,6.0,1.0,0.0,0.0,69.0
2316.973172448886,71.0,6.0,1.0,0.0,0.0,69.0
2316.9740175193087,71.0,6.0,1.0,0.0,0.0,69.0
2317.274017519309,71.0,6.0,1.0,0.0,0.0,69.0
2317.2748625897316,71.0,6.0,1.0,0.0,0.0,69.0
2317.5748625897318,71.0,6.0,1.0,0.0,0.0,69.0
2317.5757076601544,71.0,6.0,1.0,0.0,0.0,69.0
2317.8757076601546,71.0,6.0,1.0,0.0,0.0,69.0
2317.8765527305773,71.0,6.0,1.0,0.0,0.0,69.0
2318.1765527305774,71.0,6.0,1.0,0.0,0.0,69.0
2318.177397801,71.0,6.0,1.0,0.0,0.0,69.0
2318.4773978010003,71.0,6.0,1.0,0.0,0.0,69.0
2318.478242871423,71.0,6.0,1.0,0.0,0.0,69.0
2318.778242871423,71.0,6.0,1.0,0.0,0.0,69.0
2318.779087941846,71.0,6.0,1.0,0.0,0.0,69.0
2319.079087941846,71.0,6.0,1.0,0.0,0.0,69.0
2319.0799330122686,71.0,6.0,1.0,0.0,0.0,69.0
2319.379933012269,71.0,6.0,1.0,0.0,0.0,69.0
2319.3807780826914,71.0,6.0,1.0,0.0,0.0,69.0
2319.6807780826916,71.0,6.0,1.0,0.0,0.0,69.0
2319.6816231531143,71.0,6.0,1.0,0.0,0.0,69.0
2319.9816231531145,71.0,6.0,1.0,0.0,0.0,69.0
2319.982468223537,71.0,6.0,1.0,0.0,0.0,69.0
2320.2824682235373,71.0,6.0,1.0,0.0,0.0,69.0
2320.28331329396,71.0,6.0,1.0,0.0,0.0,69.0
2320.58331329396,71.0,6.0,1.0,0.0,0.0,69.0
2320.584158364383,71.0,6.0,1.0,0.0,0.0,69.0
2320.884158364383,71.0,6.0,1.0,0.0,0.0,69.0
2320.8850034348056,71.0,6.0,1.0,0.0,0.0,69.0
2321.185003434806,71.0,6.0,1.0,0.0,0.0,69.0
2321.1858485052285,71.0,6.0,1.0,0.0,0.0,69.0
2321.4858485052287,71.0,6.0,1.0,0.0,0.0,69.0
2321.4866935756513,71.0,6.0,1.0,0.0,0.0,69.0
2321.7866935756515,71.0,6.0,1.0,0.0,0.0,69.0
2321.787538646074,71.0,6.0,1.0,0.0,0.0,69.0
2322.0875386460743,71.0,6.0,1.0,0.0,0.0,69.0
2322.088383716497,71.0,6.0,1.0,0.0,0.0,69.0
2322.388383716497,71.0,6.0,1.0,0.0,0.0,69.0
2322.38922878692,71.0,6.0,1.0,0.0,0.0,69.0
2322.68922878692,71.0,6.0,1.0,0.0,0.0,69.0
2322.6900738573427,71.0,6.0,1.0,0.0,0.0,69.0
2322.990073857343,71.0,6.0,1.0,0.0,0.0,69.0
2322.9909189277655,71.0,6.0,1.0,0.0,0.0,69.0
2323.2909189277657,71.0,6.0,1.0,0.0,0.0,69.0
2323.2917639981883,71.0,6.0,1.0,0.0,0.0,69.0
2323.5917639981885,71.0,6.0,1.0,0.0,0.0,69.0
2323.592609068611,71.0,6.0,1.0,0.0,0.0,69.0
2323.8926090686114,71.0,6.0,1.0,0.0,0.0,69.0
2323.893454139034,71.0,6.0,1.0,0.0,0.0,69.0
2324.193454139034,71.0,6.0,1.0,0.0,0.0,69.0
2324.194299209457,71.0,6.0,1.0,0.0,0.0,69.0
2324.494299209457,71.0,6.0,1.0,0.0,0.0,69.0
2324.4951442798797,71.0,6.0,1.0,0.0,0.0,69.0
2324.79514427988,71.0,6.0,1.0,0.0,0.0,69.0
2324.7959893503025,71.0,6.0,1.0,0.0,0.0,69.0
2325.0959893503027,71.0,6.0,1.0,0.0,0.0,69.0
2325.0968344207254,71.0,6.0,1.0,0.0,0.0,69.0
2325.3968344207256,71.0,6.0,1.0,0.0,0.0,69.0
2325.397679491148,71.0,6.0,1.0,0.0,0.0,69.0
2325.6976794911484,71.0,6.0,1.0,0.0,0.0,69.0
2325.698524561571,71.0,6.0,1.0,0.0,0.0,69.0
2325.9985245615712,71.0,6.0,1.0,0.0,0.0,69.0
2325.999369631994,71.0,6.0,1.0,0.0,0.0,69.0
2326.299369631994,71.0,6.0,1.0,0.0,0.0,69.0
2326.3002147024167,71.0,6.0,1.0,0.0,0.0,69.0
2326.600214702417,71.0,6.0,1.0,0.0,0.0,69.0
2326.6010597728396,71.0,6.0,1.0,0.0,0.0,69.0
2326.9010597728397,71.0,6.0,1.0,0.0,0.0,69.0
2326.9019048432624,71.0,6.0,1.0,0.0,0.0,69.0
2327.2019048432626,71.0,6.0,1.0,0.0,0.0,69.0
2327.2027499136852,71.0,6.0,1.0,0.0,0.0,69.0
2327.5027499136854,71.0,6.0,1.0,0.0,0.0,69.0
2327.503594984108,71.0,6.0,1.0,0.0,0.0,69.0
2327.8035949841083,71.0,6.0,1.0,0.0,0.0,69.0
2327.804440054531,71.0,6.0,1.0,0.0,0.0,69.0
2328.104440054531,71.0,6.0,1.0,0.0,0.0,69.0
2328.1052851249538,71.0,6.0,1.0,0.0,0.0,69.0
2328.405285124954,71.0,6.0,1.0,0.0,0.0,69.0
2328.4061301953766,71.0,6.0,1.0,0.0,0.0,69.0
2328.7061301953768,71.0,6.0,1.0,0.0,0.0,69.0
2328.7069752657994,71.0,6.0,1.0,0.0,0.0,69.0
2329.0069752657996,71.0,6.0,1.0,0.0,0.0,69.0
2329.0078203362223,71.0,6.0,1.0,0.0,0.0,69.0
2329.3078203362224,71.0,6.0,1.0,0.0,0.0,69.0
2329.308665406645,71.0,6.0,1.0,0.0,0.0,69.0
2329.6086654066453,71.0,6.0,1.0,0.0,0.0,69.0
2329.609510477068,71.0,6.0,1.0,0.0,0.0,69.0
2329.909510477068,71.0,6.0,1.0,0.0,0.0,69.0
2329.910355547491,71.0,6.0,1.0,0.0,0.0,69.0
2330.210355547491,71.0,6.0,1.0,0.0,0.0,69.0
2330.2112006179136,71.0,6.0,1.0,0.0,0.0,69.0
2330.511200617914,71.0,6.0,1.0,0.0,0.0,69.0
2330.5120456883365,71.0,6.0,1.0,0.0,0.0,69.0
2330.8120456883366,71.0,6.0,1.0,0.0,0.0,69.0
2330.8128907587593,71.0,6.0,1.0,0.0,0.0,69.0
2331.1128907587595,71.0,6.0,1.0,0.0,0.0,69.0
2331.113735829182,71.0,6.0,1.0,0.0,0.0,69.0
2331.4137358291823,71.0,6.0,1.0,0.0,0.0,69.0
2331.414580899605,71.0,6.0,1.0,0.0,0.0,69.0
2331.714580899605,71.0,6.0,1.0,0.0,0.0,69.0
2331.715425970028,71.0,6.0,1.0,0.0,0.0,69.0
2332.015425970028,71.0,6.0,1.0,0.0,0.0,69.0
2332.0162710404506,71.0,6.0,1.0,0.0,0.0,69.0
2332.316271040451,71.0,6.0,1.0,0.0,0.0,69.0
2332.3171161108735,71.0,6.0,1.0,0.0,0.0,69.0
2332.6171161108737,71.0,6.0,1.0,0.0,0.0,69.0
2332.6179611812963,71.0,6.0,1.0,0.0,0.0,69.0
2332.9179611812965,71.0,6.0,1.0,0.0,0.0,69.0
2332.918806251719,71.0,6.0,1.0,0.0,0.0,69.0
2333.2188062517193,71.0,6.0,1.0,0.0,0.0,69.0
2333.219651322142,71.0,6.0,1.0,0.0,0.0,69.0
2333.519651322142,71.0,6.0,1.0,0.0,0.0,69.0
2333.520496392565,71.0,6.0,1.0,0.0,0.0,69.0
2333.820496392565,71.0,6.0,1.0,0.0,0.0,69.0
2333.8213414629877,71.0,6.0,1.0,0.0,0.0,69.0
2334.121341462988,71.0,6.0,1.0,0.0,0.0,69.0
2334.1221865334105,71.0,6.0,1.0,0.0,0.0,69.0
2334.4221865334107,71.0,6.0,1.0,0.0,0.0,69.0
2334.4230316038334,71.0,6.0,1.0,0.0,0.0,69.0
2334.7230316038335,71.0,6.0,1.0,0.0,0.0,69.0
2334.723876674256,71.0,6.0,1.0,0.0,0.0,69.0
2335.0238766742564,71.0,6.0,1.0,0.0,0.0,69.0
2335.024721744679,71.0,6.0,1.0,0.0,0.0,69.0
2335.324721744679,71.0,6.0,1.0,0.0,0.0,69.0
2335.325566815102,71.0,6.0,1.0,0.0,0.0,69.0
2335.625566815102,71.0,6.0,1.0,0.0,0.0,69.0
2335.6264118855247,71.0,6.0,1.0,0.0,0.0,69.0
2335.926411885525,71.0,6.0,1.0,0.0,0.0,69.0
2335.9272569559475,71.0,6.0,1.0,0.0,0.0,69.0
2336.2272569559477,71.0,6.0,1.0,0.0,0.0,69.0
2336.2281020263704,71.0,6.0,1.0,0.0,0.0,69.0
2336.5281020263706,71.0,6.0,1.0,0.0,0.0,69.0
2336.528947096793,71.0,6.0,1.0,0.0,0.0,69.0
2336.8289470967934,71.0,6.0,1.0,0.0,0.0,69.0
2336.829792167216,71.0,6.0,1.0,0.0,0.0,69.0
2337.1297921672162,71.0,6.0,1.0,0.0,0.0,69.0
2337.130637237639,71.0,6.0,1.0,0.0,0.0,69.0
2337.430637237639,71.0,6.0,1.0,0.0,0.0,69.0
2337.4314823080617,71.0,6.0,1.0,0.0,0.0,69.0
2337.731482308062,71.0,6.0,1.0,0.0,0.0,69.0
2337.7323273784846,71.0,6.0,1.0,0.0,0.0,69.0
2338.0323273784848,71.0,6.0,1.0,0.0,0.0,69.0
2338.0331724489074,71.0,6.0,1.0,0.0,0.0,69.0
2338.3331724489076,71.0,6.0,1.0,0.0,0.0,69.0
2338.3340175193302,70.0,6.0,1.0,0.0,0.0,69.0
2338.6340175193304,70.0,6.0,1.0,0.0,0.0,69.0
2338.6348746621875,70.0,6.0,1.0,0.0,0.0,69.0
2338.9348746621877,70.0,6.0,1.0,0.0,0.0,69.0
2338.9357318050447,70.0,6.0,1.0,0.0,0.0,69.0
2339.235731805045,70.0,6.0,1.0,0.0,0.0,69.0
2339.236588947902,70.0,6.0,1.0,0.0,0.0,69.0
2339.536588947902,70.0,6.0,1.0,0.0,0.0,69.0
2339.537446090759,70.0,6.0,1.0,0.0,0.0,69.0
2339.8374460907594,70.0,6.0,1.0,0.0,0.0,69.0
2339.8383032336164,70.0,6.0,1.0,0.0,0.0,69.0
2340.1383032336166,70.0,6.0,1.0,0.0,0.0,69.0
2340.1391603764737,70.0,6.0,1.0,0.0,0.0,69.0
2340.439160376474,70.0,6.0,1.0,0.0,0.0,69.0
2340.440017519331,70.0,6.0,1.0,0.0,0.0,69.0
2340.740017519331,70.0,6.0,1.0,0.0,0.0,69.0
2340.740874662188,70.0,6.0,1.0,0.0,0.0,69.0
2341.0408746621883,70.0,6.0,1.0,0.0,0.0,69.0
2341.0417318050454,70.0,6.0,1.0,0.0,0.0,69.0
2341.3417318050456,70.0,6.0,1.0,0.0,0.0,69.0
2341.3425889479026,70.0,6.0,1.0,0.0,0.0,69.0
2341.642588947903,70.0,6.0,1.0,0.0,0.0,69.0
2341.64344609076,70.0,6.0,1.0,0.0,0.0,69.0
2341.94344609076,70.0,6.0,1.0,0.0,0.0,69.0
2341.944303233617,70.0,6.0,1.0,0.0,0.0,69.0
2342.2443032336173,70.0,6.0,1.0,0.0,0.0,69.0
2342.2451603764744,70.0,6.0,1.0,0.0,0.0,69.0
2342.5451603764745,70.0,6.0,1.0,0.0,0.0,69.0
2342.5460175193316,70.0,6.0,1.0,0.0,0.0,69.0
2342.846017519332,70.0,6.0,1.0,0.0,0.0,69.0
2342.846874662189,70.0,6.0,1.0,0.0,0.0,69.0
2343.146874662189,70.0,6.0,1.0,0.0,0.0,69.0
2343.147731805046,70.0,6.0,1.0,0.0,0.0,69.0
2343.4477318050463,70.0,6.0,1.0,0.0,0.0,69.0
2343.4485889479033,70.0,6.0,1.0,0.0,0.0,69.0
2343.7485889479035,70.0,6.0,1.0,0.0,0.0,69.0
2343.7494460907606,70.0,6.0,1.0,0.0,0.0,69.0
2344.0494460907607,70.0,6.0,1.0,0.0,0.0,69.0
2344.050303233618,70.0,6.0,1.0,0.0,0.0,69.0
2344.350303233618,70.0,6.0,1.0,0.0,0.0,69.0
2344.351160376475,70.0,6.0,1.0,0.0,0.0,69.0
2344.651160376475,70.0,6.0,1.0,0.0,0.0,69.0
2344.6520175193323,70.0,6.0,1.0,0.0,0.0,69.0
2344.9520175193325,70.0,6.0,1.0,0.0,0.0,69.0
2344.9528746621895,70.0,6.0,1.0,0.0,0.0,69.0
2345.2528746621897,70.0,6.0,1.0,0.0,0.0,69.0
2345.2537318050468,70.0,6.0,1.0,0.0,0.0,69.0
2345.553731805047,70.0,6.0,1.0,0.0,0.0,69.0
2345.554588947904,70.0,6.0,1.0,0.0,0.0,69.0
2345.854588947904,70.0,6.0,1.0,0.0,0.0,69.0
2345.8554460907612,70.0,6.0,1.0,0.0,0.0,69.0
2346.1554460907614,70.0,6.0,1.0,0.0,0.0,69.0
2346.1563032336185,70.0,6.0,1.0,0.0,0.0,69.0
2346.4563032336187,70.0,6.0,1.0,0.0,0.0,69.0
2346.4571603764757,70.0,6.0,1.0,0.0,0.0,69.0
2346.757160376476,70.0,6.0,1.0,0.0,0.0,69.0
2346.758017519333,70.0,6.0,1.0,0.0,0.0,69.0
2347.058017519333,70.0,6.0,1.0,0.0,0.0,69.0
2347.05887466219,70.0,6.0,1.0,0.0,0.0,69.0
2347.3588746621904,70.0,6.0,1.0,0.0,0.0,69.0
2347.3597318050474,70.0,6.0,1.0,0.0,0.0,69.0
2347.6597318050476,70.0,6.0,1.0,0.0,0.0,69.0
2347.6605889479047,70.0,6.0,1.0,0.0,0.0,69.0
2347.960588947905,70.0,6.0,1.0,0.0,0.0,69.0
2347.961446090762,70.0,6.0,1.0,0.0,0.0,69.0
2348.261446090762,70.0,6.0,1.0,0.0,0.0,69.0
2348.262303233619,70.0,6.0,1.0,0.0,0.0,69.0
2348.5623032336193,70.0,6.0,1.0,0.0,0.0,69.0
2348.5631603764764,70.0,6.0,1.0,0.0,0.0,69.0
2348.8631603764766,70.0,6.0,1.0,0.0,0.0,69.0
2348.8640175193336,70.0,6.0,1.0,0.0,0.0,69.0
2349.164017519334,70.0,6.0,1.0,0.0,0.0,69.0
2349.164874662191,70.0,6.0,1.0,0.0,0.0,69.0
2349.464874662191,70.0,6.0,1.0,0.0,0.0,69.0
2349.465731805048,70.0,6.0,1.0,0.0,0.0,69.0
2349.7657318050483,70.0,6.0,1.0,0.0,0.0,69.0
2349.7665889479053,70.0,6.0,1.0,0.0,0.0,69.0
2350.0665889479055,70.0,6.0,1.0,0.0,0.0,69.0
2350.0674460907626,70.0,6.0,1.0,0.0,0.0,69.0
2350.3674460907628,70.0,6.0,1.0,0.0,0.0,69.0
2350.36830323362,70.0,6.0,1.0,0.0,0.0,69.0
2350.66830323362,70.0,6.0,1.0,0.0,0.0,69.0
2350.669160376477,70.0,6.0,1.0,0.0,0.0,69.0
2350.9691603764772,70.0,6.0,1.0,0.0,0.0,69.0
2350.9700175193343,70.0,6.0,1.0,0.0,0.0,69.0
2351.2700175193345,70.0,6.0,1.0,0.0,0.0,69.0
2351.2708746621915,70.0,6.0,1.0,0.0,0.0,69.0
2351.5708746621917,70.0,6.0,1.0,0.0,0.0,69.0
2351.571731805049,70.0,6.0,1.0,0.0,0.0,69.0
2351.871731805049,70.0,6.0,1.0,0.0,0.0,69.0
2351.872588947906,70.0,6.0,1.0,0.0,0.0,69.0
2352.172588947906,70.0,6.0,1.0,0.0,0.0,69.0
2352.1734460907633,70.0,6.0,1.0,0.0,0.0,69.0
2352.4734460907634,70.0,6.0,1.0,0.0,0.0,69.0
2352.4743032336205,70.0,6.0,1.0,0.0,0.0,69.0
2352.7743032336207,70.0,6.0,1.0,0.0,0.0,69.0
2352.7751603764777,70.0,6.0,1.0,0.0,0.0,69.0
2353.075160376478,70.0,6.0,1.0,0.0,0.0,69.0
2353.076017519335,70.0,6.0,1.0,0.0,0.0,69.0
2353.376017519335,70.0,6.0,1.0,0.0,0.0,69.0
2353.376874662192,70.0,6.0,1.0,0.0,0.0,69.0
2353.6768746621924,70.0,6.0,1.0,0.0,0.0,69.0
2353.6777318050495,70.0,6.0,1.0,0.0,0.0,69.0
2353.9777318050496,70.0,6.0,1.0,0.0,0.0,69.0
2353.9785889479067,70.0,6.0,1.0,0.0,0.0,69.0
2354.278588947907,70.0,6.0,1.0,0.0,0.0,69.0
2354.279446090764,70.0,6.0,1.0,0.0,0.0,69.0
2354.579446090764,70.0,6.0,1.0,0.0,0.0,69.0
2354.580303233621,70.0,6.0,1.0,0.0,0.0,69.0
2354.8803032336214,70.0,6.0,1.0,0.0,0.0,69.0
2354.8811603764784,70.0,6.0,1.0,0.0,0.0,69.0
2355.1811603764786,70.0,6.0,1.0,0.0,0.0,69.0
2355.1820175193357,70.0,6.0,1.0,0.0,0.0,69.0
2355.482017519336,70.0,6.0,1.0,0.0,0.0,69.0
2355.482874662193,70.0,6.0,1.0,0.0,0.0,69.0
2355.782874662193,70.0,6.0,1.0,0.0,0.0,69.0
2355.78373180505,70.0,6.0,1.0,0.0,0.0,69.0
2356.0837318050503,70.0,6.0,1.0,0.0,0.0,69.0
2356.0845889479074,70.0,6.0,1.0,0.0,0.0,69.0
2356.3845889479076,70.0,6.0,1.0,0.0,0.0,69.0
2356.3854460907646,70.0,6.0,1.0,0.0,0.0,69.0
2356.685446090765,70.0,6.0,1.0,0.0,0.0,69.0
2356.686303233622,70.0,6.0,1.0,0.0,0.0,69.0
2356.986303233622,70.0,6.0,1.0,0.0,0.0,69.0
2356.987160376479,70.0,6.0,1.0,0.0,0.0,69.0
2357.2871603764793,70.0,6.0,1.0,0.0,0.0,69.0
2357.2880175193363,70.0,6.0,1.0,0.0,0.0,69.0
2357.5880175193365,70.0,6.0,1.0,0.0,0.0,69.0
2357.5888746621936,70.0,6.0,1.0,0.0,0.0,69.0
2357.8888746621938,70.0,6.0,1.0,0.0,0.0,69.0
2357.889731805051,70.0,6.0,1.0,0.0,0.0,69.0
2358.189731805051,70.0,6.0,1.0,0.0,0.0,69.0
2358.190588947908,70.0,6.0,1.0,0.0,0.0,69.0
2358.4905889479082,70.0,6.0,1.0,0.0,0.0,69.0
2358.4914460907653,70.0,6.0,1.0,0.0,0.0,69.0
2358.7914460907655,70.0,6.0,1.0,0.0,0.0,69.0
2358.7923032336225,70.0,6.0,1.0,0.0,0.0,69.0
2359.0923032336227,70.0,6.0,1.0,0.0,0.0,69.0
2359.09316037648,70.0,6.0,1.0,0.0,0.0,69.0
2359.39316037648,70.0,6.0,1.0,0.0,0.0,69.0
2359.394017519337,70.0,6.0,1.0,0.0,0.0,69.0
2359.694017519337,70.0,6.0,1.0,0.0,0.0,69.0
2359.6948746621943,70.0,6.0,1.0,0.0,0.0,69.0
2359.9948746621944,70.0,6.0,1.0,0.0,0.0,69.0
2359.9957318050515,70.0,6.0,1.0,0.0,0.0,69.0
2360.2957318050517,70.0,6.0,1.0,0.0,0.0,69.0
2360.2965889479087,70.0,6.0,1.0,0.0,0.0,69.0
2360.596588947909,70.0,6.0,1.0,0.0,0.0,69.0
2360.597446090766,70.0,6.0,1.0,0.0,0.0,69.0
2360.897446090766,70.0,6.0,1.0,0.0,0.0,69.0
2360.898303233623,70.0,6.0,1.0,0.0,0.0,69.0
2361.1983032336234,70.0,6.0,1.0,0.0,0.0,69.0
2361.1991603764804,70.0,6.0,1.0,0.0,0.0,69.0
2361.4991603764806,70.0,6.0,1.0,0.0,0.0,69.0
2361.5000175193377,70.0,6.0,1.0,0.0,0.0,69.0
2361.800017519338,70.0,6.0,1.0,0.0,0.0,69.0
2361.800874662195,70.0,6.0,1.0,0.0,0.0,69.0
2362.100874662195,70.0,6.0,1.0,0.0,0.0,69.0
2362.101731805052,70.0,6.0,1.0,0.0,0.0,69.0
2362.4017318050523,70.0,6.0,1.0,0.0,0.0,69.0
2362.4025889479094,70.0,6.0,1.0,0.0,0.0,69.0
2362.7025889479096,70.0,6.0,1.0,0.0,0.0,69.0
2362.7034460907666,70.0,6.0,1.0,0.0,0.0,69.0
2363.003446090767,70.0,6.0,1.0,0.0,0.0,69.0
2363.004303233624,70.0,6.0,1.0,0.0,0.0,69.0
2363.304303233624,70.0,6.0,1.0,0.0,0.0,69.0
2363.305160376481,70.0,6.0,1.0,0.0,0.0,69.0
2363.6051603764813,70.0,6.0,1.0,0.0,0.0,69.0
2363.6060175193384,70.0,6.0,1.0,0.0,0.0,69.0
2363.9060175193385,70.0,6.0,1.0,0.0,0.0,69.0
2363.9068746621956,70.0,6.0,1.0,0.0,0.0,69.0
2364.206874662196,70.0,6.0,1.0,0.0,0.0,69.0
2364.207731805053,70.0,6.0,1.0,0.0,0.0,69.0
2364.507731805053,70.0,6.0,1.0,0.0,0.0,69.0
2364.50858894791,70.0,6.0,1.0,0.0,0.0,69.0
2364.8085889479103,70.0,6.0,1.0,0.0,0.0,69.0
2364.8094460907673,70.0,6.0,1.0,0.0,0.0,69.0
2365.1094460907675,70.0,6.0,1.0,0.0,0.0,69.0
2365.1103032336246,70.0,6.0,1.0,0.0,0.0,69.0
2365.4103032336247,70.0,6.0,1.0,0.0,0.0,69.0
2365.411160376482,70.0,6.0,1.0,0.0,0.0,69.0
2365.711160376482,70.0,6.0,1.0,0.0,0.0,69.0
2365.712017519339,70.0,6.0,1.0,0.0,0.0,69.0
2366.012017519339,70.0,6.0,1.0,0.0,0.0,69.0
2366.0128746621963,70.0,6.0,1.0,0.0,0.0,69.0
2366.3128746621965,70.0,6.0,1.0,0.0,0.0,69.0
2366.3137318050535,70.0,6.0,1.0,0.0,0.0,69.0
2366.6137318050537,70.0,6.0,1.0,0.0,0.0,69.0
2366.6145889479108,70.0,6.0,1.0,0.0,0.0,69.0
2366.914588947911,70.0,6.0,1.0,0.0,0.0,69.0
2366.915446090768,70.0,6.0,1.0,0.0,0.0,69.0
2367.215446090768,70.0,6.0,1.0,0.0,0.0,69.0
2367.2163032336252,70.0,6.0,1.0,0.0,0.0,69.0
2367.5163032336254,70.0,6.0,1.0,0.0,0.0,69.0
2367.5171603764825,70.0,6.0,1.0,0.0,0.0,69.0
2367.8171603764827,70.0,6.0,1.0,0.0,0.0,69.0
2367.8180175193397,70.0,6.0,1.0,0.0,0.0,69.0
2368.11801751934,70.0,6.0,1.0,0.0,0.0,69.0
2368.118874662197,70.0,6.0,1.0,0.0,0.0,69.0
2368.418874662197,70.0,6.0,1.0,0.0,0.0,69.0
2368.419731805054,70.0,6.0,1.0,0.0,0.0,69.0
2368.7197318050544,70.0,6.0,1.0,0.0,0.0,69.0
2368.7205889479114,70.0,6.0,1.0,0.0,0.0,69.0
2369.0205889479116,70.0,6.0,1.0,0.0,0.0,69.0
2369.0214460907687,70.0,6.0,1.0,0.0,0.0,69.0
2369.321446090769,70.0,6.0,1.0,0.0,0.0,69.0
2369.322303233626,70.0,6.0,1.0,0.0,0.0,69.0
2369.622303233626,70.0,6.0,1.0,0.0,0.0,69.0
2369.623160376483,70.0,6.0,1.0,0.0,0.0,69.0
2369.9231603764833,70.0,6.0,1.0,0.0,0.0,69.0
2369.9240175193404,70.0,6.0,1.0,0.0,0.0,69.0
2370.2240175193406,70.0,6.0,1.0,0.0,0.0,69.0
2370.2248746621976,70.0,6.0,1.0,0.0,0.0,69.0
2370.524874662198,70.0,6.0,1.0,0.0,0.0,69.0
2370.525731805055,70.0,6.0,1.0,0.0,0.0,69.0
2370.825731805055,70.0,6.0,1.0,0.0,0.0,69.0
2370.826588947912,70.0,6.0,1.0,0.0,0.0,69.0
2371.1265889479123,70.0,6.0,1.0,0.0,0.0,69.0
2371.1274460907694,70.0,6.0,1.0,0.0,0.0,69.0
2371.4274460907695,70.0,6.0,1.0,0.0,0.0,69.0
2371.4283032336266,70.0,6.0,1.0,0.0,0.0,69.0
2371.728303233627,70.0,6.0,1.0,0.0,0.0,69.0
2371.729160376484,70.0,6.0,1.0,0.0,0.0,69.0
2372.029160376484,70.0,6.0,1.0,0.0,0.0,69.0
2372.030017519341,70.0,6.0,1.0,0.0,0.0,69.0
2372.3300175193413,70.0,6.0,1.0,0.0,0.0,69.0
2372.3308746621983,70.0,6.0,1.0,0.0,0.0,69.0
2372.6308746621985,70.0,6.0,1.0,0.0,0.0,69.0
2372.6317318050556,70.0,6.0,1.0,0.0,0.0,69.0
2372.9317318050557,70.0,6.0,1.0,0.0,0.0,69.0
2372.932588947913,70.0,6.0,1.0,0.0,0.0,69.0
2373.232588947913,70.0,6.0,1.0,0.0,0.0,69.0
2373.23344609077,70.0,6.0,1.0,0.0,0.0,69.0
2373.53344609077,70.0,6.0,1.0,0.0,0.0,69.0
2373.5343032336273,70.0,6.0,1.0,0.0,0.0,69.0
2373.8343032336275,70.0,6.0,1.0,0.0,0.0,69.0
2373.8351603764845,70.0,6.0,1.0,0.0,0.0,69.0
2374.1351603764847,70.0,6.0,1.0,0.0,0.0,69.0
2374.1360175193417,70.0,6.0,1.0,0.0,0.0,69.0
2374.436017519342,70.0,6.0,1.0,0.0,0.0,69.0
2374.436874662199,70.0,6.0,1.0,0.0,0.0,69.0
2374.736874662199,70.0,6.0,1.0,0.0,0.0,69.0
2374.7377318050562,70.0,6.0,1.0,0.0,0.0,69.0
2375.0377318050564,70.0,6.0,1.0,0.0,0.0,69.0
2375.0385889479135,70.0,6.0,1.0,0.0,0.0,69.0
2375.3385889479136,70.0,6.0,1.0,0.0,0.0,69.0
2375.3394460907707,70.0,6.0,1.0,0.0,0.0,69.0
2375.639446090771,70.0,6.0,1.0,0.0,0.0,69.0
2375.640303233628,70.0,6.0,1.0,0.0,0.0,69.0
2375.940303233628,70.0,6.0,1.0,0.0,0.0,69.0
2375.941160376485,70.0,6.0,1.0,0.0,0.0,69.0
2376.2411603764854,70.0,6.0,1.0,0.0,0.0,69.0
2376.2420175193424,70.0,6.0,1.0,0.0,0.0,69.0
2376.5420175193426,70.0,6.0,1.0,0.0,0.0,69.0
2376.5428746621997,70.0,6.0,1.0,0.0,0.0,69.0
2376.8428746622,70.0,6.0,1.0,0.0,0.0,69.0
2376.843731805057,70.0,6.0,1.0,0.0,0.0,69.0
2377.143731805057,70.0,6.0,1.0,0.0,0.0,69.0
2377.144588947914,70.0,6.0,1.0,0.0,0.0,69.0
2377.4445889479143,70.0,6.0,1.0,0.0,0.0,69.0
2377.4454460907714,70.0,6.0,1.0,0.0,0.0,69.0
2377.7454460907716,70.0,6.0,1.0,0.0,0.0,69.0
2377.7463032336286,70.0,6.0,1.0,0.0,0.0,69.0
2378.046303233629,70.0,6.0,1.0,0.0,0.0,69.0
2378.047160376486,70.0,6.0,1.0,0.0,0.0,69.0
2378.347160376486,70.0,6.0,1.0,0.0,0.0,69.0
2378.348017519343,70.0,6.0,1.0,0.0,0.0,69.0
2378.6480175193433,70.0,6.0,1.0,0.0,0.0,69.0
2378.6488746622003,70.0,6.0,1.0,0.0,0.0,69.0
2378.9488746622005,70.0,6.0,1.0,0.0,0.0,69.0
2378.9497318050576,70.0,6.0,1.0,0.0,0.0,69.0
2379.2497318050578,70.0,6.0,1.0,0.0,0.0,69.0
2379.250588947915,70.0,6.0,1.0,0.0,0.0,69.0
2379.550588947915,70.0,6.0,1.0,0.0,0.0,69.0
2379.551446090772,70.0,6.0,1.0,0.0,0.0,69.0
2379.8514460907722,70.0,6.0,1.0,0.0,0.0,69.0
2379.8523032336293,70.0,6.0,1.0,0.0,0.0,69.0
2380.1523032336295,70.0,6.0,1.0,0.0,0.0,69.0
2380.1531603764865,70.0,6.0,1.0,0.0,0.0,69.0
2380.4531603764867,70.0,6.0,1.0,0.0,0.0,69.0
2380.454017519344,70.0,6.0,1.0,0.0,0.0,69.0
2380.754017519344,70.0,6.0,1.0,0.0,0.0,69.0
2380.754874662201,70.0,6.0,1.0,0.0,0.0,69.0
2381.054874662201,70.0,6.0,1.0,0.0,0.0,69.0
2381.0557318050583,70.0,6.0,1.0,0.0,0.0,69.0
2381.3557318050584,70.0,6.0,1.0,0.0,0.0,69.0
2381.3565889479155,70.0,6.0,1.0,0.0,0.0,69.0
2381.6565889479157,70.0,6.0,1.0,0.0,0.0,69.0
2381.6574460907727,70.0,6.0,1.0,0.0,0.0,69.0
2381.957446090773,70.0,6.0,1.0,0.0,0.0,69.0
2381.95830323363,70.0,6.0,1.0,0.0,0.0,69.0
2382.25830323363,70.0,6.0,1.0,0.0,0.0,69.0
2382.259160376487,70.0,6.0,1.0,0.0,0.0,69.0
2382.5591603764874,70.0,6.0,1.0,0.0,0.0,69.0
2382.5600175193445,70.0,6.0,1.0,0.0,0.0,69.0
2382.8600175193446,70.0,6.0,1.0,0.0,0.0,69.0
2382.8608746622017,70.0,6.0,1.0,0.0,0.0,69.0
2383.160874662202,70.0,6.0,1.0,0.0,0.0,69.0
2383.161731805059,70.0,6.0,1.0,0.0,0.0,69.0
2383.461731805059,70.0,6.0,1.0,0.0,0.0,69.0
2383.462588947916,70.0,6.0,1.0,0.0,0.0,69.0
2383.7625889479164,70.0,6.0,1.0,0.0,0.0,69.0
2383.7634460907734,70.0,6.0,1.0,0.0,0.0,69.0
2384.0634460907736,70.0,6.0,1.0,0.0,0.0,69.0
2384.0643032336307,70.0,6.0,1.0,0.0,0.0,69.0
2384.364303233631,70.0,6.0,1.0,0.0,0.0,69.0
2384.365160376488,70.0,6.0,1.0,0.0,0.0,69.0
2384.665160376488,70.0,6.0,1.0,0.0,0.0,69.0
2384.666017519345,70.0,6.0,1.0,0.0,0.0,69.0
2384.9660175193453,70.0,6.0,1.0,0.0,0.0,69.0
2384.9668746622024,70.0,6.0,1.0,0.0,0.0,69.0
2385.2668746622026,70.0,6.0,1.0,0.0,0.0,69.0
2385.2677318050596,70.0,6.0,1.0,0.0,0.0,69.0
2385.56773180506,70.0,6.0,1.0,0.0,0.0,69.0
2385.568588947917,70.0,6.0,1.0,0.0,0.0,69.0
2385.868588947917,70.0,6.0,1.0,0.0,0.0,69.0
2385.869446090774,70.0,6.0,1.0,0.0,0.0,69.0
2386.1694460907743,70.0,6.0,1.0,0.0,0.0,69.0
2386.1703032336313,70.0,6.0,1.0,0.0,0.0,69.0
2386.4703032336315,70.0,6.0,1.0,0.0,0.0,69.0
2386.4711603764886,70.0,6.0,1.0,0.0,0.0,69.0
2386.7711603764888,70.0,6.0,1.0,0.0,0.0,69.0
2386.772017519346,70.0,6.0,1.0,0.0,0.0,69.0
2387.072017519346,70.0,6.0,1.0,0.0,0.0,69.0
2387.072874662203,70.0,6.0,1.0,0.0,0.0,69.0
2387.3728746622032,70.0,6.0,1.0,0.0,0.0,69.0
2387.3737318050603,70.0,6.0,1.0,0.0,0.0,69.0
2387.6737318050605,70.0,6.0,1.0,0.0,0.0,69.0
2387.6745889479175,70.0,6.0,1.0,0.0,0.0,69.0
2387.9745889479177,70.0,6.0,1.0,0.0,0.0,69.0
2387.9754460907748,70.0,6.0,1.0,0.0,0.0,69.0
2388.275446090775,70.0,6.0,1.0,0.0,0.0,69.0
2388.276303233632,70.0,6.0,1.0,0.0,0.0,69.0
2388.576303233632,70.0,6.0,1.0,0.0,0.0,69.0
2388.5771603764892,70.0,6.0,1.0,0.0,0.0,69.0
2388.8771603764894,70.0,6.0,1.0,0.0,0.0,69.0
2388.8780175193465,70.0,6.0,1.0,0.0,0.0,69.0
2389.1780175193467,70.0,6.0,1.0,0.0,0.0,69.0
2389.1788746622037,70.0,6.0,1.0,0.0,0.0,69.0
2389.478874662204,70.0,6.0,1.0,0.0,0.0,69.0
2389.479731805061,70.0,6.0,1.0,0.0,0.0,69.0
2389.779731805061,70.0,6.0,1.0,0.0,0.0,69.0
2389.780588947918,70.0,6.0,1.0,0.0,0.0,69.0
2390.0805889479184,70.0,6.0,1.0,0.0,0.0,69.0
2390.0814460907754,70.0,6.0,1.0,0.0,0.0,69.0
2390.3814460907756,70.0,6.0,1.0,0.0,0.0,69.0
2390.3823032336327,70.0,6.0,1.0,0.0,0.0,69.0
2390.682303233633,70.0,6.0,1.0,0.0,0.0,69.0
2390.68316037649,70.0,6.0,1.0,0.0,0.0,69.0
2390.98316037649,70.0,6.0,1.0,0.0,0.0,69.0
2390.984017519347,70.0,6.0,1.0,0.0,0.0,69.0
2391.2840175193473,70.0,6.0,1.0,0.0,0.0,69.0
2391.2848746622044,70.0,6.0,1.0,0.0,0.0,69.0
2391.5848746622046,70.0,6.0,1.0,0.0,0.0,69.0
2391.5857318050616,70.0,6.0,1.0,0.0,0.0,69.0
2391.885731805062,70.0,6.0,1.0,0.0,0.0,69.0
2391.886588947919,70.0,6.0,1.0,0.0,0.0,69.0
2392.186588947919,70.0,6.0,1.0,0.0,0.0,69.0
2392.187446090776,70.0,6.0,1.0,0.0,0.0,69.0
2392.4874460907763,70.0,6.0,1.0,0.0,0.0,69.0
2392.4883032336334,70.0,6.0,1.0,0.0,0.0,69.0
2392.7883032336335,70.0,6.0,1.0,0.0,0.0,69.0
2392.7891603764906,70.0,6.0,1.0,0.0,0.0,69.0
2393.089160376491,70.0,6.0,1.0,0.0,0.0,69.0
2393.090017519348,70.0,6.0,1.0,0.0,0.0,69.0
2393.390017519348,70.0,6.0,1.0,0.0,0.0,69.0
2393.390874662205,70.0,6.0,1.0,0.0,0.0,69.0
2393.6908746622053,70.0,6.0,1.0,0.0,0.0,69.0
2393.6917318050623,70.0,6.0,1.0,0.0,0.0,69.0
2393.9917318050625,70.0,6.0,1.0,0.0,0.0,69.0
2393.9925889479196,70.0,6.0,1.0,0.0,0.0,69.0
2394.2925889479197,70.0,6.0,1.0,0.0,0.0,69.0
2394.293446090777,70.0,6.0,1.0,0.0,0.0,69.0
2394.593446090777,70.0,6.0,1.0,0.0,0.0,69.0
2394.594303233634,70.0,6.0,1.0,0.0,0.0,69.0
2394.894303233634,70.0,6.0,1.0,0.0,0.0,69.0
2394.8951603764913,70.0,6.0,1.0,0.0,0.0,69.0
2395.1951603764915,70.0,6.0,1.0,0.0,0.0,69.0
2395.1960175193485,70.0,6.0,1.0,0.0,0.0,69.0
2395.4960175193487,70.0,6.0,1.0,0.0,0.0,69.0
2395.4968746622058,70.0,6.0,1.0,0.0,0.0,69.0
2395.796874662206,70.0,6.0,1.0,0.0,0.0,69.0
2395.797731805063,70.0,6.0,1.0,0.0,0.0,69.0
2396.097731805063,70.0,6.0,1.0,0.0,0.0,69.0
2396.0985889479202,70.0,6.0,1.0,0.0,0.0,69.0
2396.3985889479204,70.0,6.0,1.0,0.0,0.0,69.0
2396.3994460907775,70.0,6.0,1.0,0.0,0.0,69.0
2396.6994460907777,70.0,6.0,1.0,0.0,0.0,69.0
2396.7003032336347,70.0,6.0,1.0,0.0,0.0,69.0
2397.000303233635,70.0,6.0,1.0,0.0,0.0,69.0
2397.001160376492,70.0,6.0,1.0,0.0,0.0,69.0
2397.301160376492,70.0,6.0,1.0,0.0,0.0,69.0
2397.302017519349,70.0,6.0,1.0,0.0,0.0,69.0
2397.6020175193494,70.0,6.0,1.0,0.0,0.0,69.0
2397.6028746622064,70.0,6.0,1.0,0.0,0.0,69.0
2397.9028746622066,70.0,6.0,1.0,0.0,0.0,69.0
2397.9037318050637,70.0,6.0,1.0,0.0,0.0,69.0
2398.203731805064,70.0,6.0,1.0,0.0,0.0,69.0
2398.204588947921,70.0,6.0,1.0,0.0,0.0,69.0
2398.504588947921,70.0,6.0,1.0,0.0,0.0,69.0
2398.505446090778,70.0,6.0,1.0,0.0,0.0,69.0
2398.8054460907783,70.0,6.0,1.0,0.0,0.0,69.0
2398.8063032336354,70.0,6.0,1.0,0.0,0.0,69.0
2399.1063032336356,70.0,6.0,1.0,0.0,0.0,69.0
2399.1071603764926,70.0,6.0,1.0,0.0,0.0,69.0
2399.407160376493,70.0,6.0,1.0,0.0,0.0,69.0
2399.40801751935,70.0,6.0,1.0,0.0,0.0,69.0
2399.70801751935,70.0,6.0,1.0,0.0,0.0,69.0
2399.708874662207,70.0,6.0,1.0,0.0,0.0,69.0
2400.0088746622073,70.0,6.0,1.0,0.0,0.0,69.0
2400.0097318050643,70.0,6.0,1.0,0.0,0.0,69.0
2400.3097318050645,70.0,6.0,1.0,0.0,0.0,69.0
2400.3105889479216,70.0,6.0,1.0,0.0,0.0,69.0
2400.6105889479218,70.0,6.0,1.0,0.0,0.0,69.0
2400.611446090779,70.0,6.0,1.0,0.0,0.0,69.0
2400.911446090779,70.0,6.0,1.0,0.0,0.0,69.0
2400.912303233636,70.0,6.0,1.0,0.0,0.0,69.0
2401.2123032336362,70.0,6.0,1.0,0.0,0.0,69.0
2401.2131603764933,70.0,6.0,1.0,0.0,0.0,69.0
2401.5131603764935,70.0,6.0,1.0,0.0,0.0,69.0
2401.5140175193505,70.0,6.0,1.0,0.0,0.0,69.0
2401.8140175193507,70.0,6.0,1.0,0.0,0.0,69.0
2401.814874662208,70.0,6.0,1.0,0.0,0.0,69.0
2402.114874662208,70.0,6.0,1.0,0.0,0.0,69.0
2402.115731805065,70.0,6.0,1.0,0.0,0.0,69.0
2402.415731805065,70.0,6.0,1.0,0.0,0.0,69.0
2402.4165889479223,70.0,6.0,1.0,0.0,0.0,69.0
2402.7165889479224,70.0,6.0,1.0,0.0,0.0,69.0
2402.7174460907795,70.0,6.0,1.0,0.0,0.0,69.0
2403.0174460907797,70.0,6.0,1.0,0.0,0.0,69.0
2403.0183032336367,70.0,6.0,1.0,0.0,0.0,69.0
2403.318303233637,70.0,6.0,1.0,0.0,0.0,69.0
2403.319160376494,70.0,6.0,1.0,0.0,0.0,69.0
2403.619160376494,70.0,6.0,1.0,0.0,0.0,69.0
2403.620017519351,70.0,6.0,1.0,0.0,0.0,69.0
2403.9200175193514,70.0,6.0,1.0,0.0,0.0,69.0
2403.9208746622085,70.0,6.0,1.0,0.0,0.0,69.0
2404.2208746622086,70.0,6.0,1.0,0.0,0.0,69.0
2404.2217318050657,70.0,6.0,1.0,0.0,0.0,69.0
2404.521731805066,70.0,6.0,1.0,0.0,0.0,69.0
2404.522588947923,70.0,6.0,1.0,0.0,0.0,69.0
2404.822588947923,70.0,6.0,1.0,0.0,0.0,69.0
2404.82344609078,70.0,6.0,1.0,0.0,0.0,69.0
2405.1234460907804,70.0,6.0,1.0,0.0,0.0,69.0
2405.1243032336374,70.0,6.0,1.0,0.0,0.0,69.0
2405.4243032336376,70.0,6.0,1.0,0.0,0.0,69.0
2405.4251603764947,70.0,6.0,1.0,0.0,0.0,69.0
2405.725160376495,70.0,6.0,1.0,0.0,0.0,69.0
2405.726017519352,70.0,6.0,1.0,5.0,0.0,69.0
2406.026017519352,70.0,6.0,1.0,5.0,0.0,69.0
2406.026874662209,70.0,6.0,1.0,5.0,0.0,69.0
2406.3268746622093,70.0,6.0,1.0,5.0,0.0,69.0
2406.3277318050664,70.0,6.0,1.0,5.0,0.0,69.0
2406.6277318050666,70.0,6.0,1.0,5.0,0.0,69.0
2406.6285889479236,70.0,6.0,1.0,5.0,0.0,69.0
2406.928588947924,70.0,6.0,1.0,5.0,0.0,69.0
2406.929446090781,70.0,6.0,1.0,5.0,0.0,69.0
2407.229446090781,70.0,6.0,1.0,5.0,0.0,69.0
2407.230303233638,70.0,6.0,1.0,5.0,0.0,69.0
2407.5303032336383,70.0,6.0,1.0,5.0,0.0,69.0
2407.5311603764953,70.0,6.0,1.0,5.0,0.0,69.0
2407.8311603764955,70.0,6.0,1.0,5.0,0.0,69.0
2407.8320175193526,70.0,6.0,1.0,5.0,0.0,69.0
2408.1320175193528,70.0,6.0,1.0,5.0,0.0,69.0
2408.13287466221,70.0,6.0,1.0,5.0,0.0,69.0
2408.43287466221,70.0,6.0,1.0,5.0,0.0,69.0
2408.433731805067,70.0,6.0,1.0,5.0,0.0,69.0
2408.7337318050672,70.0,6.0,1.0,5.0,0.0,69.0
2408.7345889479243,70.0,6.0,1.0,5.0,0.0,69.0
2409.0345889479245,70.0,6.0,1.0,5.0,0.0,69.0
2409.0354460907815,70.0,6.0,1.0,5.0,0.0,69.0
2409.3354460907817,70.0,6.0,1.0,5.0,0.0,69.0
2409.336303233639,70.0,6.0,1.0,5.0,0.0,69.0
2409.636303233639,70.0,6.0,1.0,5.0,0.0,69.0
2409.637160376496,70.0,6.0,1.0,5.0,0.0,69.0
2409.937160376496,70.0,6.0,1.0,5.0,0.0,69.0
2409.9380175193533,70.0,6.0,1.0,5.0,0.0,69.0
2410.2380175193534,70.0,6.0,1.0,5.0,0.0,69.0
2410.2388746622105,70.0,6.0,1.0,5.0,0.0,69.0
2410.5388746622107,70.0,6.0,1.0,5.0,0.0,69.0
2410.5397318050677,70.0,6.0,1.0,5.0,0.0,69.0
2410.839731805068,70.0,6.0,1.0,5.0,0.0,69.0
2410.840588947925,70.0,6.0,1.0,5.0,0.0,69.0
2411.140588947925,70.0,6.0,1.0,5.0,0.0,69.0
2411.141446090782,70.0,6.0,1.0,5.0,0.0,69.0
2411.4414460907824,70.0,6.0,1.0,5.0,0.0,69.0
2411.4423032336394,70.0,6.0,1.0,5.0,0.0,69.0
2411.7423032336396,70.0,6.0,1.0,5.0,0.0,69.0
2411.7431603764967,70.0,6.0,1.0,5.0,0.0,69.0
2412.043160376497,70.0,6.0,1.0,5.0,0.0,69.0
2412.044017519354,70.0,6.0,1.0,5.0,0.0,69.0
2412.344017519354,70.0,6.0,1.0,5.0,0.0,69.0
2412.344874662211,70.0,6.0,1.0,5.0,0.0,69.0
2412.6448746622114,70.0,6.0,1.0,5.0,0.0,69.0
2412.6457318050684,70.0,6.0,1.0,5.0,0.0,69.0
2412.9457318050686,70.0,6.0,1.0,5.0,0.0,69.0
2412.9465889479256,70.0,6.0,1.0,5.0,0.0,69.0
2413.246588947926,70.0,6.0,1.0,5.0,0.0,69.0
2413.247446090783,70.0,6.0,1.0,5.0,0.0,69.0
2413.547446090783,70.0,6.0,1.0,5.0,0.0,69.0
2413.54830323364,70.0,6.0,1.0,5.0,0.0,69.0
2413.8483032336403,70.0,6.0,1.0,5.0,0.0,69.0
2413.8491603764974,70.0,6.0,1.0,5.0,0.0,69.0
2414.1491603764975,70.0,6.0,1.0,5.0,0.0,69.0
2414.1500175193546,70.0,6.0,1.0,5.0,0.0,69.0
2414.450017519355,70.0,6.0,1.0,5.0,0.0,69.0
2414.450874662212,70.0,6.0,1.0,5.0,0.0,69.0
2414.750874662212,70.0,6.0,1.0,5.0,0.0,69.0
2414.751731805069,70.0,6.0,1.0,5.0,0.0,69.0
2415.0517318050693,70.0,6.0,1.0,5.0,0.0,69.0
2415.0525889479263,70.0,6.0,1.0,5.0,0.0,69.0
2415.3525889479265,70.0,6.0,1.0,5.0,0.0,69.0
2415.3534460907836,70.0,6.0,1.0,5.0,0.0,69.0
2415.6534460907837,70.0,6.0,1.0,5.0,0.0,69.0
2415.654303233641,70.0,6.0,1.0,5.0,0.0,69.0
2415.954303233641,70.0,6.0,1.0,5.0,0.0,69.0
2415.955160376498,70.0,6.0,1.0,5.0,0.0,69.0
2416.255160376498,70.0,6.0,1.0,5.0,0.0,69.0
2416.2560175193553,70.0,6.0,1.0,5.0,0.0,69.0
2416.5560175193555,70.0,6.0,1.0,5.0,0.0,69.0
2416.5568746622125,70.0,6.0,1.0,5.0,0.0,69.0
2416.8568746622127,70.0,6.0,1.0,5.0,0.0,69.0
2416.8577318050698,70.0,6.0,1.0,5.0,0.0,69.0
2417.15773180507,70.0,6.0,1.0,5.0,0.0,69.0
2417.158588947927,70.0,6.0,1.0,5.0,0.0,69.0
2417.458588947927,70.0,6.0,1.0,5.0,0.0,69.0
2417.4594460907842,70.0,6.0,1.0,5.0,0.0,69.0
2417.7594460907844,70.0,6.0,1.0,5.0,0.0,69.0
2417.7603032336415,70.0,6.0,1.0,5.0,0.0,69.0
2418.0603032336417,70.0,6.0,1.0,5.0,0.0,69.0
2418.0611603764987,70.0,6.0,1.0,5.0,0.0,69.0
2418.361160376499,70.0,6.0,1.0,5.0,0.0,69.0
2418.362017519356,70.0,6.0,1.0,5.0,0.0,69.0
2418.662017519356,70.0,6.0,1.0,5.0,0.0,69.0
2418.662874662213,70.0,6.0,1.0,5.0,0.0,69.0
2418.9628746622134,70.0,6.0,1.0,5.0,0.0,69.0
2418.9637318050704,70.0,6.0,1.0,5.0,0.0,69.0
2419.2637318050706,70.0,6.0,1.0,5.0,0.0,69.0
2419.2645889479277,70.0,5.0,1.0,5.0,0.0,69.0
2419.564588947928,70.0,5.0,1.0,5.0,0.0,69.0
2419.565446090785,70.0,5.0,1.0,5.0,0.0,69.0
2419.865446090785,70.0,5.0,1.0,5.0,0.0,69.0
2419.866303233642,70.0,5.0,1.0,5.0,0.0,69.0
2420.1663032336423,70.0,5.0,1.0,5.0,0.0,69.0
2420.1671603764994,70.0,5.0,1.0,5.0,0.0,69.0
2420.4671603764996,70.0,5.0,1.0,5.0,0.0,69.0
2420.4680175193566,70.0,5.0,1.0,5.0,0.0,69.0
2420.768017519357,70.0,5.0,1.0,5.0,0.0,69.0
2420.768874662214,70.0,5.0,1.0,5.0,0.0,69.0
2421.068874662214,70.0,5.0,1.0,5.0,0.0,69.0
2421.069731805071,70.0,5.0,1.0,5.0,0.0,69.0
2421.3697318050713,70.0,5.0,1.0,5.0,0.0,69.0
2421.3705889479284,70.0,5.0,1.0,5.0,0.0,69.0
2421.6705889479285,70.0,5.0,1.0,5.0,0.0,69.0
2421.6714460907856,70.0,5.0,1.0,5.0,0.0,69.0
2421.971446090786,70.0,5.0,1.0,5.0,0.0,69.0
2421.972303233643,70.0,5.0,1.0,5.0,0.0,69.0
2422.272303233643,70.0,5.0,1.0,5.0,0.0,69.0
2422.2731603765,70.0,5.0,1.0,5.0,0.0,69.0
2422.5731603765003,70.0,5.0,1.0,5.0,0.0,69.0
2422.5740175193573,70.0,5.0,1.0,5.0,0.0,69.0
2422.8740175193575,70.0,5.0,1.0,5.0,0.0,69.0
2422.8748746622146,70.0,5.0,1.0,5.0,0.0,69.0
2423.1748746622147,70.0,5.0,1.0,5.0,0.0,69.0
2423.175731805072,70.0,5.0,1.0,5.0,0.0,69.0
2423.475731805072,70.0,5.0,1.0,5.0,0.0,69.0
2423.476588947929,70.0,5.0,1.0,5.0,0.0,69.0
2423.776588947929,70.0,5.0,1.0,5.0,0.0,69.0
2423.7774460907863,70.0,5.0,1.0,5.0,0.0,69.0
2424.0774460907865,70.0,5.0,1.0,5.0,0.0,69.0
2424.0783032336435,70.0,5.0,1.0,5.0,0.0,69.0
2424.3783032336437,70.0,5.0,1.0,5.0,0.0,69.0
2424.3791603765007,70.0,5.0,1.0,5.0,0.0,69.0
2424.679160376501,70.0,5.0,1.0,5.0,0.0,69.0
2424.680017519358,70.0,5.0,1.0,5.0,0.0,69.0
2424.980017519358,70.0,5.0,1.0,5.0,0.0,69.0
2424.9808746622152,70.0,5.0,1.0,5.0,0.0,69.0
2425.2808746622154,70.0,5.0,1.0,5.0,0.0,69.0
2425.2817318050725,70.0,5.0,1.0,5.0,0.0,69.0
2425.5817318050726,70.0,5.0,1.0,5.0,0.0,69.0
2425.5825889479297,70.0,5.0,1.0,5.0,0.0,69.0
2425.88258894793,70.0,5.0,1.0,5.0,0.0,69.0
2425.883446090787,70.0,5.0,1.0,5.0,0.0,69.0
2426.183446090787,70.0,5.0,1.0,5.0,0.0,69.0
2426.184303233644,70.0,5.0,1.0,5.0,0.0,69.0
2426.4843032336444,70.0,5.0,1.0,5.0,0.0,69.0
2426.4851603765014,70.0,5.0,1.0,5.0,0.0,69.0
2426.7851603765016,70.0,5.0,1.0,5.0,0.0,69.0
2426.7860175193587,70.0,5.0,1.0,5.0,0.0,69.0
2427.086017519359,70.0,5.0,1.0,5.0,0.0,69.0
2427.086874662216,70.0,5.0,1.0,5.0,0.0,69.0
2427.386874662216,70.0,5.0,1.0,5.0,0.0,69.0
2427.387731805073,70.0,5.0,1.0,5.0,0.0,69.0
2427.6877318050733,70.0,5.0,1.0,5.0,0.0,69.0
2427.6885889479304,70.0,5.0,1.0,5.0,0.0,69.0
2427.9885889479306,70.0,5.0,1.0,5.0,0.0,69.0
2427.9894460907876,70.0,5.0,1.0,5.0,0.0,69.0
2428.289446090788,70.0,5.0,1.0,5.0,0.0,69.0
2428.290303233645,70.0,5.0,1.0,5.0,0.0,69.0
2428.590303233645,70.0,5.0,1.0,5.0,0.0,69.0
2428.591160376502,70.0,5.0,1.0,5.0,0.0,69.0
2428.8911603765023,70.0,5.0,1.0,5.0,0.0,69.0
2428.8920175193593,70.0,5.0,1.0,5.0,0.0,69.0
2429.1920175193595,70.0,5.0,1.0,5.0,0.0,69.0
2429.1928746622166,70.0,5.0,1.0,5.0,0.0,69.0
2429.4928746622168,70.0,5.0,1.0,5.0,0.0,69.0
2429.493731805074,70.0,5.0,1.0,5.0,0.0,69.0
2429.793731805074,70.0,5.0,1.0,5.0,0.0,69.0
2429.794588947931,70.0,5.0,1.0,5.0,0.0,69.0
2430.0945889479312,70.0,5.0,1.0,5.0,0.0,69.0
2430.0954460907883,70.0,5.0,1.0,5.0,0.0,69.0
2430.3954460907885,70.0,5.0,1.0,5.0,0.0,69.0
2430.3963032336455,70.0,5.0,1.0,5.0,0.0,69.0
2430.6963032336457,70.0,5.0,1.0,5.0,0.0,69.0
2430.697160376503,70.0,5.0,1.0,5.0,0.0,69.0
2430.997160376503,70.0,5.0,1.0,5.0,0.0,69.0
2430.99801751936,70.0,5.0,1.0,5.0,0.0,69.0
2431.29801751936,70.0,5.0,1.0,5.0,0.0,69.0
2431.2988746622173,70.0,5.0,1.0,5.0,0.0,69.0
2431.5988746622174,70.0,5.0,1.0,5.0,0.0,69.0
2431.5997318050745,70.0,5.0,1.0,5.0,0.0,69.0
2431.8997318050747,70.0,5.0,1.0,5.0,0.0,69.0
2431.9005889479317,70.0,5.0,1.0,5.0,0.0,69.0
2432.200588947932,70.0,5.0,1.0,5.0,0.0,69.0
2432.201446090789,70.0,5.0,1.0,5.0,0.0,69.0
2432.501446090789,70.0,5.0,1.0,5.0,0.0,69.0
2432.502303233646,70.0,5.0,1.0,5.0,0.0,69.0
2432.8023032336464,70.0,5.0,1.0,5.0,0.0,69.0
2432.8031603765035,70.0,5.0,1.0,5.0,0.0,69.0
2433.1031603765036,70.0,5.0,1.0,5.0,0.0,69.0
2433.1040175193607,70.0,5.0,1.0,5.0,0.0,69.0
2433.404017519361,70.0,5.0,1.0,5.0,0.0,69.0
2433.404874662218,70.0,5.0,1.0,5.0,0.0,69.0
2433.704874662218,70.0,5.0,1.0,5.0,0.0,69.0
2433.705731805075,70.0,5.0,1.0,5.0,0.0,69.0
2434.0057318050754,70.0,5.0,1.0,5.0,0.0,69.0
2434.0065889479324,70.0,5.0,1.0,5.0,0.0,69.0
2434.3065889479326,70.0,5.0,1.0,5.0,0.0,69.0
2434.3074460907897,70.0,5.0,1.0,5.0,0.0,69.0
2434.60744609079,70.0,5.0,1.0,5.0,0.0,69.0
2434.608303233647,70.0,5.0,1.0,5.0,0.0,69.0
2434.908303233647,70.0,5.0,1.0,5.0,0.0,69.0
2434.909160376504,70.0,5.0,1.0,5.0,0.0,69.0
2435.2091603765043,70.0,5.0,1.0,5.0,0.0,69.0
2435.2100175193614,70.0,5.0,1.0,5.0,0.0,69.0
2435.5100175193616,70.0,5.0,1.0,5.0,0.0,69.0
2435.5108746622186,70.0,5.0,1.0,5.0,0.0,69.0
2435.810874662219,70.0,5.0,1.0,5.0,0.0,69.0
2435.811731805076,70.0,5.0,1.0,5.0,0.0,69.0
2436.111731805076,70.0,5.0,1.0,5.0,0.0,69.0
2436.112588947933,70.0,5.0,1.0,5.0,0.0,69.0
2436.4125889479333,70.0,5.0,1.0,5.0,0.0,69.0
2436.4134460907903,70.0,5.0,1.0,5.0,0.0,69.0
2436.7134460907905,70.0,5.0,1.0,5.0,0.0,69.0
2436.7143032336476,70.0,5.0,1.0,5.0,0.0,69.0
2437.0143032336478,70.0,5.0,1.0,5.0,0.0,69.0
2437.015160376505,70.0,5.0,1.0,5.0,0.0,69.0
2437.315160376505,70.0,5.0,1.0,5.0,0.0,69.0
2437.316017519362,70.0,5.0,1.0,5.0,0.0,69.0
2437.6160175193622,70.0,5.0,1.0,5.0,0.0,69.0
2437.6168746622193,70.0,5.0,1.0,5.0,0.0,69.0
2437.9168746622195,70.0,5.0,1.0,5.0,0.0,69.0
2437.9177318050765,70.0,5.0,1.0,5.0,0.0,69.0
2438.2177318050767,70.0,5.0,1.0,5.0,0.0,69.0
2438.2185889479338,70.0,5.0,1.0,5.0,0.0,69.0
2438.518588947934,70.0,5.0,1.0,5.0,0.0,69.0
2438.519446090791,70.0,5.0,1.0,5.0,0.0,69.0
2438.819446090791,70.0,5.0,1.0,5.0,0.0,69.0
2438.8203032336482,70.0,5.0,1.0,5.0,0.0,69.0
2439.1203032336484,70.0,5.0,1.0,5.0,0.0,69.0
2439.1211603765055,70.0,5.0,1.0,5.0,0.0,69.0
2439.4211603765057,70.0,5.0,1.0,5.0,0.0,69.0
2439.4220175193627,70.0,5.0,1.0,5.0,0.0,69.0
2439.722017519363,70.0,5.0,1.0,5.0,0.0,69.0
2439.72287466222,70.0,5.0,1.0,5.0,0.0,69.0
2440.02287466222,70.0,5.0,1.0,5.0,0.0,69.0
2440.023731805077,70.0,5.0,1.0,5.0,0.0,69.0
2440.3237318050774,70.0,5.0,1.0,5.0,0.0,69.0
2440.3245889479344,70.0,5.0,1.0,5.0,0.0,69.0
2440.6245889479346,70.0,5.0,1.0,5.0,0.0,69.0
2440.6254460907917,70.0,5.0,1.0,5.0,0.0,69.0
2440.925446090792,70.0,5.0,1.0,5.0,0.0,69.0
2440.926303233649,70.0,5.0,1.0,5.0,0.0,69.0
2441.226303233649,70.0,5.0,1.0,5.0,0.0,69.0
2441.227160376506,70.0,5.0,1.0,5.0,0.0,69.0
2441.5271603765063,70.0,5.0,1.0,5.0,0.0,69.0
2441.5280175193634,70.0,5.0,1.0,5.0,0.0,69.0
2441.8280175193636,70.0,5.0,1.0,5.0,0.0,69.0
2441.8288746622206,70.0,5.0,1.0,5.0,0.0,69.0
2442.128874662221,70.0,5.0,1.0,5.0,0.0,69.0
2442.129731805078,70.0,5.0,1.0,5.0,0.0,69.0
2442.429731805078,70.0,5.0,1.0,5.0,0.0,69.0
2442.430588947935,70.0,5.0,1.0,5.0,0.0,69.0
2442.7305889479353,70.0,5.0,1.0,5.0,0.0,69.0
2442.7314460907924,70.0,5.0,1.0,5.0,0.0,69.0
2443.0314460907925,70.0,5.0,1.0,5.0,0.0,69.0
2443.0323032336496,70.0,5.0,1.0,5.0,0.0,69.0
2443.33230323365,70.0,5.0,1.0,5.0,0.0,69.0
2443.333160376507,70.0,5.0,1.0,5.0,0.0,69.0
2443.633160376507,70.0,5.0,1.0,5.0,0.0,69.0
2443.634017519364,70.0,5.0,1.0,5.0,0.0,69.0
2443.9340175193643,70.0,5.0,1.0,5.0,0.0,69.0
2443.9348746622213,70.0,5.0,1.0,5.0,0.0,69.0
2444.2348746622215,70.0,5.0,1.0,5.0,0.0,69.0
2444.2357318050786,70.0,5.0,1.0,5.0,0.0,69.0
2444.5357318050787,70.0,5.0,1.0,5.0,0.0,69.0
2444.536588947936,70.0,5.0,1.0,5.0,0.0,69.0
2444.836588947936,70.0,5.0,1.0,5.0,0.0,69.0
2444.837446090793,70.0,5.0,1.0,5.0,0.0,69.0
2445.137446090793,70.0,5.0,1.0,5.0,0.0,69.0
2445.1383032336503,70.0,5.0,1.0,5.0,0.0,69.0
2445.4383032336505,70.0,5.0,1.0,5.0,0.0,69.0
2445.4391603765075,70.0,5.0,1.0,5.0,0.0,69.0
2445.7391603765077,70.0,5.0,1.0,5.0,0.0,69.0
2445.7400175193648,70.0,5.0,1.0,5.0,0.0,69.0
2446.040017519365,70.0,5.0,1.0,5.0,0.0,69.0
2446.040874662222,70.0,5.0,1.0,5.0,0.0,69.0
2446.340874662222,70.0,5.0,1.0,5.0,0.0,69.0
2446.3417318050792,70.0,5.0,1.0,5.0,0.0,69.0
2446.6417318050794,70.0,5.0,1.0,5.0,0.0,69.0
2446.6425889479365,70.0,5.0,1.0,5.0,0.0,69.0
2446.9425889479367,70.0,5.0,1.0,5.0,0.0,69.0
2446.9434460907937,70.0,5.0,1.0,5.0,0.0,69.0
2447.243446090794,70.0,5.0,1.0,5.0,0.0,69.0
2447.244303233651,70.0,5.0,1.0,5.0,0.0,69.0
2447.544303233651,70.0,5.0,1.0,5.0,0.0,69.0
2447.545160376508,70.0,5.0,1.0,5.0,0.0,69.0
2447.8451603765084,70.0,5.0,1.0,5.0,0.0,69.0
2447.8460175193654,70.0,5.0,1.0,5.0,0.0,69.0
2448.1460175193656,70.0,5.0,1.0,5.0,0.0,69.0
2448.1468746622227,70.0,5.0,1.0,5.0,0.0,69.0
2448.446874662223,70.0,5.0,1.0,5.0,0.0,69.0
2448.44773180508,70.0,5.0,1.0,5.0,0.0,69.0
2448.74773180508,70.0,5.0,1.0,5.0,0.0,69.0
2448.748588947937,70.0,5.0,1.0,5.0,0.0,69.0
2449.0485889479373,70.0,5.0,1.0,5.0,0.0,69.0
2449.0494460907944,70.0,5.0,1.0,5.0,0.0,69.0
2449.3494460907946,70.0,5.0,1.0,5.0,0.0,69.0
2449.3503032336516,70.0,5.0,1.0,5.0,0.0,69.0
2449.650303233652,70.0,5.0,1.0,5.0,0.0,69.0
2449.651160376509,70.0,5.0,1.0,5.0,0.0,69.0
2449.951160376509,70.0,5.0,1.0,5.0,0.0,69.0
2449.952017519366,70.0,5.0,1.0,5.0,0.0,69.0
2450.2520175193663,70.0,5.0,1.0,5.0,0.0,69.0
2450.2528746622233,70.0,5.0,1.0,5.0,0.0,69.0
2450.5528746622235,70.0,5.0,1.0,5.0,0.0,69.0
2450.5537318050806,70.0,5.0,1.0,5.0,0.0,69.0
2450.8537318050808,70.0,5.0,1.0,5.0,0.0,69.0
2450.854588947938,70.0,5.0,1.0,5.0,0.0,69.0
2451.154588947938,70.0,5.0,1.0,5.0,0.0,69.0
2451.155446090795,70.0,5.0,1.0,5.0,0.0,69.0
2451.4554460907952,70.0,5.0,1.0,5.0,0.0,69.0
2451.4563032336523,70.0,5.0,1.0,5.0,0.0,69.0
2451.7563032336525,70.0,5.0,1.0,5.0,0.0,69.0
2451.7571603765095,70.0,5.0,1.0,5.0,0.0,69.0
2452.0571603765097,70.0,5.0,1.0,5.0,0.0,69.0
2452.058017519367,70.0,5.0,1.0,5.0,0.0,69.0
2452.358017519367,70.0,5.0,1.0,5.0,0.0,69.0
2452.358874662224,70.0,5.0,1.0,5.0,0.0,69.0
2452.658874662224,70.0,5.0,1.0,5.0,0.0,69.0
2452.6597318050813,70.0,5.0,1.0,5.0,0.0,69.0
2452.9597318050814,70.0,5.0,1.0,5.0,0.0,69.0
2452.9605889479385,70.0,5.0,1.0,5.0,0.0,69.0
2453.2605889479387,70.0,5.0,1.0,5.0,0.0,69.0
2453.2614460907957,70.0,5.0,1.0,5.0,0.0,69.0
2453.561446090796,70.0,5.0,1.0,5.0,0.0,69.0
2453.562303233653,70.0,5.0,1.0,3.0,0.0,70.0
2453.862303233653,70.0,5.0,1.0,3.0,0.0,70.0
2453.86316037651,70.0,5.0,1.0,3.0,0.0,70.0
2454.1631603765104,70.0,5.0,1.0,3.0,0.0,70.0
2454.1640175193675,70.0,5.0,1.0,3.0,0.0,70.0
2454.4640175193676,70.0,5.0,1.0,3.0,0.0,70.0
2454.4648746622247,70.0,5.0,1.0,3.0,0.0,70.0
2454.764874662225,70.0,5.0,1.0,3.0,0.0,70.0
2454.765731805082,70.0,5.0,1.0,3.0,0.0,70.0
2455.065731805082,70.0,5.0,1.0,3.0,0.0,70.0
2455.066588947939,70.0,5.0,1.0,3.0,0.0,70.0
2455.3665889479394,70.0,5.0,1.0,3.0,0.0,70.0
2455.3674460907964,70.0,5.0,1.0,3.0,0.0,70.0
2455.6674460907966,70.0,5.0,1.0,3.0,0.0,70.0
2455.6683032336537,70.0,5.0,1.0,3.0,0.0,70.0
2455.968303233654,70.0,5.0,1.0,3.0,0.0,70.0
2455.969160376511,70.0,5.0,1.0,3.0,0.0,70.0
2456.269160376511,70.0,5.0,1.0,3.0,0.0,70.0
2456.270017519368,70.0,5.0,1.0,3.0,0.0,70.0
2456.5700175193683,70.0,5.0,1.0,3.0,0.0,70.0
2456.5708746622254,70.0,5.0,1.0,3.0,0.0,70.0
2456.8708746622256,70.0,5.0,1.0,3.0,0.0,70.0
2456.8717318050826,70.0,5.0,1.0,3.0,0.0,70.0
2457.171731805083,70.0,5.0,1.0,3.0,0.0,70.0
2457.17258894794,70.0,5.0,1.0,3.0,0.0,70.0
2457.47258894794,70.0,5.0,1.0,3.0,0.0,70.0
2457.473446090797,70.0,5.0,1.0,3.0,0.0,70.0
2457.7734460907973,70.0,5.0,1.0,3.0,0.0,70.0
2457.7743032336543,70.0,5.0,1.0,3.0,0.0,70.0
2458.0743032336545,70.0,5.0,1.0,3.0,0.0,70.0
2458.0751603765116,70.0,5.0,1.0,3.0,0.0,70.0
2458.3751603765118,70.0,5.0,1.0,3.0,0.0,70.0
2458.376017519369,70.0,5.0,1.0,3.0,0.0,70.0
2458.676017519369,70.0,5.0,1.0,3.0,0.0,70.0
2458.676874662226,70.0,5.0,1.0,3.0,0.0,70.0
2458.9768746622262,70.0,5.0,1.0,3.0,0.0,70.0
2458.9777318050833,70.0,5.0,1.0,3.0,0.0,70.0
2459.2777318050835,70.0,5.0,1.0,3.0,0.0,70.0
2459.2785889479405,70.0,5.0,1.0,3.0,0.0,70.0
2459.5785889479407,70.0,5.0,1.0,3.0,0.0,70.0
2459.579446090798,70.0,5.0,1.0,3.0,0.0,70.0
2459.879446090798,70.0,5.0,1.0,3.0,0.0,70.0
2459.880303233655,70.0,5.0,1.0,3.0,0.0,70.0
2460.180303233655,70.0,5.0,1.0,3.0,0.0,70.0
2460.1811603765123,70.0,5.0,1.0,3.0,0.0,69.0
2460.4811603765124,70.0,5.0,1.0,3.0,0.0,69.0
2460.4820175193695,70.0,5.0,1.0,3.0,0.0,69.0
2460.7820175193697,70.0,5.0,1.0,3.0,0.0,69.0
2460.7828746622267,70.0,5.0,1.0,3.0,0.0,69.0
2461.082874662227,70.0,5.0,1.0,3.0,0.0,69.0
2461.083731805084,70.0,5.0,1.0,3.0,0.0,69.0
2461.383731805084,70.0,5.0,1.0,3.0,0.0,69.0
2461.384588947941,70.0,5.0,1.0,3.0,0.0,69.0
2461.6845889479414,70.0,5.0,1.0,3.0,0.0,69.0
2461.6854460907985,70.0,5.0,1.0,3.0,0.0,69.0
2461.9854460907986,70.0,5.0,1.0,3.0,0.0,69.0
2461.9863032336557,70.0,5.0,1.0,3.0,0.0,69.0
2462.286303233656,70.0,5.0,1.0,3.0,0.0,69.0
2462.287160376513,70.0,5.0,1.0,3.0,0.0,69.0
2462.587160376513,70.0,5.0,1.0,3.0,0.0,69.0
2462.58801751937,70.0,5.0,1.0,3.0,0.0,69.0
2462.8880175193704,70.0,5.0,1.0,3.0,0.0,69.0
2462.8888746622274,70.0,5.0,1.0,3.0,0.0,69.0
2463.1888746622276,70.0,5.0,1.0,3.0,0.0,69.0
2463.1897318050846,70.0,5.0,1.0,3.0,0.0,69.0
2463.489731805085,70.0,5.0,1.0,3.0,0.0,69.0
2463.490588947942,70.0,5.0,1.0,3.0,0.0,69.0
2463.790588947942,70.0,5.0,1.0,3.0,0.0,69.0
2463.791446090799,70.0,5.0,1.0,3.0,0.0,69.0
2464.0914460907993,70.0,5.0,1.0,3.0,0.0,69.0
2464.0923032336564,70.0,5.0,1.0,3.0,0.0,69.0
2464.3923032336565,70.0,5.0,1.0,3.0,0.0,69.0
2464.3931603765136,70.0,5.0,1.0,3.0,0.0,69.0
2464.693160376514,70.0,5.0,1.0,3.0,0.0,69.0
2464.694017519371,70.0,5.0,1.0,3.0,0.0,69.0
2464.994017519371,70.0,5.0,1.0,3.0,0.0,69.0
2464.994874662228,70.0,5.0,1.0,3.0,0.0,69.0
2465.2948746622283,70.0,5.0,1.0,3.0,0.0,69.0
2465.2957318050853,70.0,5.0,1.0,3.0,0.0,69.0
2465.5957318050855,70.0,5.0,1.0,3.0,0.0,69.0
2465.5965889479426,70.0,5.0,1.0,3.0,0.0,69.0
2465.8965889479427,70.0,5.0,1.0,3.0,0.0,69.0
2465.8974460908,70.0,5.0,1.0,3.0,0.0,69.0
2466.1974460908,70.0,5.0,1.0,3.0,0.0,69.0
2466.198303233657,70.0,5.0,1.0,3.0,0.0,69.0
2466.498303233657,70.0,5.0,1.0,3.0,0.0,69.0
2466.4991603765143,70.0,5.0,1.0,3.0,0.0,69.0
2466.7991603765145,70.0,5.0,1.0,3.0,0.0,69.0
2466.8000175193715,70.0,5.0,1.0,3.0,0.0,69.0
2467.1000175193717,70.0,5.0,1.0,3.0,0.0,69.0
2467.1008746622288,70.0,5.0,1.0,3.0,0.0,69.0
2467.400874662229,70.0,5.0,1.0,3.0,0.0,69.0
2467.401731805086,70.0,5.0,1.0,3.0,0.0,69.0
2467.701731805086,70.0,5.0,1.0,3.0,0.0,69.0
2467.7025889479432,70.0,5.0,1.0,3.0,0.0,69.0
2468.0025889479434,70.0,5.0,1.0,3.0,0.0,69.0
2468.0034460908005,70.0,5.0,1.0,3.0,0.0,69.0
2468.3034460908007,70.0,5.0,1.0,3.0,0.0,69.0
2468.3043032336577,70.0,5.0,1.0,3.0,0.0,69.0
2468.604303233658,70.0,5.0,1.0,3.0,0.0,69.0
2468.605160376515,70.0,5.0,1.0,3.0,0.0,69.0
2468.905160376515,70.0,5.0,1.0,3.0,0.0,69.0
2468.906017519372,70.0,5.0,1.0,3.0,0.0,69.0
2469.2060175193724,70.0,5.0,1.0,3.0,0.0,69.0
2469.2068746622294,70.0,5.0,1.0,3.0,0.0,69.0
2469.5068746622296,70.0,5.0,1.0,3.0,0.0,69.0
2469.5077318050867,70.0,5.0,1.0,3.0,0.0,69.0
2469.807731805087,70.0,5.0,1.0,3.0,0.0,69.0
2469.808588947944,70.0,5.0,1.0,3.0,0.0,69.0
2470.108588947944,70.0,5.0,1.0,3.0,0.0,69.0
2470.109446090801,70.0,5.0,1.0,3.0,0.0,69.0
2470.4094460908013,70.0,5.0,1.0,3.0,0.0,69.0
2470.4103032336584,70.0,5.0,1.0,3.0,0.0,69.0
2470.7103032336586,70.0,5.0,1.0,3.0,0.0,69.0
2470.7111603765156,70.0,5.0,1.0,3.0,0.0,69.0
2471.011160376516,70.0,5.0,1.0,3.0,0.0,69.0
2471.012017519373,70.0,5.0,1.0,3.0,0.0,69.0
2471.312017519373,70.0,5.0,1.0,3.0,0.0,69.0
2471.31287466223,70.0,5.0,1.0,3.0,0.0,69.0
2471.6128746622303,70.0,5.0,1.0,3.0,0.0,69.0
2471.6137318050874,70.0,5.0,1.0,3.0,0.0,69.0
2471.9137318050875,70.0,5.0,1.0,3.0,0.0,69.0
2471.9145889479446,70.0,5.0,1.0,3.0,0.0,69.0
2472.214588947945,70.0,5.0,1.0,3.0,0.0,69.0
2472.215446090802,70.0,5.0,1.0,3.0,0.0,69.0
2472.515446090802,70.0,5.0,1.0,3.0,0.0,69.0
2472.516303233659,70.0,5.0,1.0,3.0,0.0,69.0
2472.8163032336593,70.0,5.0,1.0,3.0,0.0,69.0
2472.8171603765163,70.0,5.0,1.0,3.0,0.0,69.0
2473.1171603765165,70.0,5.0,1.0,3.0,0.0,69.0
2473.1180175193736,70.0,5.0,1.0,3.0,0.0,69.0
2473.4180175193737,70.0,5.0,1.0,3.0,0.0,69.0
2473.418874662231,70.0,5.0,1.0,3.0,0.0,69.0
2473.718874662231,70.0,5.0,1.0,3.0,0.0,69.0
2473.719731805088,70.0,5.0,1.0,3.0,0.0,69.0
2474.019731805088,70.0,5.0,1.0,3.0,0.0,69.0
2474.0205889479453,70.0,5.0,1.0,3.0,0.0,69.0
2474.3205889479455,70.0,5.0,1.0,3.0,0.0,69.0
2474.3214460908025,70.0,5.0,1.0,3.0,0.0,69.0
2474.6214460908027,70.0,5.0,1.0,3.0,0.0,69.0
2474.6223032336597,70.0,5.0,1.0,3.0,0.0,69.0
2474.92230323366,70.0,5.0,1.0,3.0,0.0,69.0
2474.923160376517,70.0,5.0,1.0,3.0,0.0,69.0
2475.223160376517,70.0,5.0,1.0,3.0,0.0,69.0
2475.2240175193742,70.0,5.0,1.0,3.0,0.0,69.0
2475.5240175193744,70.0,5.0,1.0,3.0,0.0,69.0
2475.5248746622315,70.0,5.0,1.0,3.0,0.0,69.0
2475.8248746622317,70.0,5.0,1.0,3.0,0.0,69.0
2475.8257318050887,70.0,5.0,1.0,3.0,0.0,69.0
2476.125731805089,70.0,5.0,1.0,3.0,0.0,69.0
2476.126588947946,70.0,5.0,1.0,3.0,0.0,69.0
2476.426588947946,70.0,5.0,1.0,3.0,0.0,69.0
2476.427446090803,70.0,5.0,1.0,3.0,0.0,69.0
2476.7274460908034,70.0,5.0,1.0,3.0,0.0,69.0
2476.7283032336604,70.0,5.0,1.0,3.0,0.0,69.0
2477.0283032336606,70.0,5.0,1.0,3.0,0.0,69.0
2477.0291603765177,70.0,5.0,1.0,3.0,0.0,69.0
2477.329160376518,70.0,5.0,1.0,3.0,0.0,69.0
2477.330017519375,70.0,5.0,1.0,3.0,0.0,69.0
2477.630017519375,70.0,5.0,1.0,3.0,0.0,69.0
2477.630874662232,70.0,5.0,1.0,3.0,0.0,69.0
2477.9308746622323,70.0,5.0,1.0,3.0,0.0,69.0
2477.9317318050894,70.0,5.0,1.0,3.0,0.0,69.0
2478.2317318050896,70.0,5.0,1.0,3.0,0.0,69.0
2478.2325889479466,70.0,5.0,1.0,3.0,0.0,69.0
2478.532588947947,70.0,5.0,1.0,3.0,0.0,69.0
2478.533446090804,70.0,5.0,1.0,3.0,0.0,69.0
2478.833446090804,70.0,5.0,1.0,3.0,0.0,69.0
2478.834303233661,70.0,5.0,1.0,3.0,0.0,69.0
2479.1343032336613,70.0,5.0,1.0,3.0,0.0,69.0
2479.1351603765183,70.0,5.0,1.0,3.0,0.0,69.0
2479.4351603765185,70.0,5.0,1.0,3.0,0.0,69.0
2479.4360175193756,70.0,5.0,1.0,3.0,0.0,69.0
2479.7360175193758,70.0,5.0,1.0,3.0,0.0,69.0
2479.736874662233,70.0,5.0,1.0,3.0,0.0,69.0
2480.036874662233,70.0,5.0,1.0,3.0,0.0,69.0
2480.03773180509,70.0,5.0,1.0,3.0,0.0,69.0
2480.3377318050902,70.0,5.0,1.0,3.0,0.0,69.0
2480.3385889479473,70.0,5.0,1.0,3.0,0.0,69.0
2480.6385889479475,70.0,5.0,1.0,3.0,0.0,69.0
2480.6394460908045,70.0,5.0,1.0,3.0,0.0,69.0
2480.9394460908047,70.0,5.0,1.0,3.0,0.0,69.0
2480.940303233662,70.0,5.0,1.0,3.0,0.0,69.0
2481.240303233662,70.0,5.0,1.0,3.0,0.0,69.0
2481.241160376519,70.0,5.0,1.0,3.0,0.0,69.0
2481.541160376519,70.0,5.0,1.0,3.0,0.0,69.0
2481.5420175193763,70.0,5.0,1.0,3.0,0.0,69.0
2481.8420175193764,70.0,5.0,1.0,3.0,0.0,69.0
2481.8428746622335,70.0,5.0,1.0,3.0,0.0,69.0
2482.1428746622337,70.0,5.0,1.0,3.0,0.0,69.0
2482.1437318050907,70.0,5.0,1.0,3.0,0.0,69.0
2482.443731805091,70.0,5.0,1.0,3.0,0.0,69.0
2482.444588947948,70.0,5.0,1.0,3.0,0.0,69.0
2482.744588947948,70.0,5.0,1.0,3.0,0.0,69.0
2482.745446090805,70.0,5.0,1.0,3.0,0.0,69.0
2483.0454460908054,70.0,5.0,1.0,3.0,0.0,69.0
2483.0463032336625,70.0,5.0,1.0,3.0,0.0,69.0
2483.3463032336626,70.0,5.0,1.0,3.0,0.0,69.0
2483.3471603765197,70.0,5.0,1.0,3.0,0.0,69.0
2483.64716037652,70.0,5.0,1.0,3.0,0.0,69.0
2483.648017519377,70.0,5.0,1.0,3.0,0.0,69.0
2483.948017519377,70.0,5.0,1.0,3.0,0.0,69.0
2483.948874662234,70.0,5.0,1.0,3.0,0.0,69.0
2484.2488746622344,70.0,5.0,1.0,3.0,0.0,69.0
2484.2497318050914,70.0,5.0,1.0,3.0,0.0,69.0
2484.5497318050916,70.0,5.0,1.0,3.0,0.0,69.0
2484.5505889479487,70.0,5.0,1.0,3.0,0.0,69.0
2484.850588947949,70.0,5.0,1.0,3.0,0.0,69.0
2484.851446090806,70.0,5.0,1.0,3.0,0.0,69.0
2485.151446090806,70.0,5.0,1.0,3.0,0.0,69.0
2485.152303233663,70.0,5.0,1.0,3.0,0.0,69.0
2485.4523032336633,70.0,5.0,1.0,3.0,0.0,69.0
2485.4531603765204,70.0,5.0,1.0,3.0,0.0,69.0
2485.7531603765206,70.0,5.0,1.0,3.0,0.0,69.0
2485.7540175193776,70.0,5.0,1.0,3.0,0.0,69.0
2486.054017519378,70.0,5.0,1.0,3.0,0.0,69.0
2486.054874662235,70.0,5.0,1.0,3.0,0.0,69.0
2486.354874662235,70.0,5.0,1.0,3.0,0.0,69.0
2486.355731805092,70.0,5.0,1.0,3.0,0.0,69.0
2486.6557318050923,70.0,5.0,1.0,3.0,0.0,69.0
2486.6565889479493,70.0,5.0,1.0,3.0,0.0,69.0
2486.9565889479495,70.0,5.0,1.0,3.0,0.0,69.0
2486.9574460908066,70.0,5.0,1.0,3.0,0.0,69.0
2487.2574460908068,70.0,5.0,1.0,3.0,0.0,69.0
2487.258303233664,70.0,5.0,1.0,3.0,0.0,69.0
2487.558303233664,70.0,5.0,1.0,3.0,0.0,69.0
2487.559160376521,70.0,5.0,1.0,3.0,0.0,69.0
2487.8591603765212,70.0,5.0,1.0,3.0,0.0,69.0
2487.8600175193783,70.0,5.0,1.0,3.0,0.0,69.0
2488.1600175193785,70.0,5.0,1.0,3.0,0.0,69.0
2488.1608746622355,70.0,5.0,1.0,3.0,0.0,69.0
2488.4608746622357,70.0,5.0,1.0,3.0,0.0,69.0
2488.4617318050928,70.0,5.0,1.0,3.0,0.0,69.0
2488.761731805093,70.0,5.0,1.0,3.0,0.0,69.0
2488.76258894795,70.0,5.0,1.0,3.0,0.0,69.0
2489.06258894795,70.0,5.0,1.0,3.0,0.0,69.0
2489.0634460908072,70.0,5.0,1.0,3.0,0.0,69.0
2489.3634460908074,70.0,5.0,1.0,3.0,0.0,69.0
2489.3643032336645,70.0,5.0,1.0,3.0,0.0,69.0
2489.6643032336647,70.0,5.0,1.0,3.0,0.0,69.0
2489.6651603765217,70.0,5.0,1.0,3.0,0.0,69.0
2489.965160376522,70.0,5.0,1.0,3.0,0.0,69.0
2489.966017519379,70.0,5.0,1.0,3.0,0.0,69.0
2490.266017519379,70.0,5.0,1.0,3.0,0.0,69.0
2490.266874662236,70.0,5.0,1.0,3.0,0.0,69.0
2490.5668746622364,70.0,5.0,1.0,3.0,0.0,69.0
2490.5677318050934,70.0,5.0,1.0,3.0,0.0,69.0
2490.8677318050936,70.0,5.0,1.0,3.0,0.0,69.0
2490.8685889479507,70.0,5.0,1.0,3.0,0.0,69.0
2491.168588947951,70.0,5.0,1.0,3.0,0.0,69.0
2491.169446090808,70.0,5.0,1.0,3.0,0.0,69.0
2491.469446090808,70.0,5.0,1.0,3.0,0.0,69.0
2491.470303233665,70.0,5.0,1.0,3.0,0.0,69.0
2491.7703032336653,70.0,5.0,1.0,3.0,0.0,69.0
2491.7711603765224,70.0,5.0,1.0,3.0,0.0,69.0
2492.0711603765226,70.0,5.0,1.0,3.0,0.0,69.0
2492.0720175193796,70.0,5.0,1.0,3.0,0.0,69.0
2492.37201751938,70.0,5.0,1.0,3.0,0.0,69.0
2492.372874662237,70.0,5.0,1.0,3.0,0.0,69.0
2492.672874662237,70.0,5.0,1.0,3.0,0.0,69.0
2492.673731805094,70.0,5.0,1.0,3.0,0.0,69.0
2492.9737318050943,70.0,5.0,1.0,3.0,0.0,69.0
2492.9745889479514,70.0,5.0,1.0,3.0,0.0,69.0
2493.2745889479515,70.0,5.0,1.0,3.0,0.0,69.0
2493.2754460908086,70.0,5.0,1.0,3.0,0.0,69.0
2493.575446090809,70.0,5.0,1.0,3.0,0.0,69.0
2493.576303233666,70.0,5.0,1.0,3.0,0.0,69.0
2493.876303233666,70.0,5.0,1.0,3.0,0.0,69.0
2493.877160376523,70.0,5.0,1.0,3.0,0.0,69.0
2494.1771603765233,70.0,5.0,1.0,3.0,0.0,69.0
2494.1780175193803,70.0,5.0,1.0,3.0,0.0,69.0
2494.4780175193805,70.0,5.0,1.0,3.0,0.0,69.0
2494.4788746622376,70.0,5.0,1.0,3.0,0.0,69.0
2494.7788746622377,70.0,5.0,1.0,3.0,0.0,69.0
2494.779731805095,70.0,5.0,1.0,3.0,0.0,69.0
2495.079731805095,70.0,5.0,1.0,3.0,0.0,69.0
2495.080588947952,70.0,5.0,1.0,3.0,0.0,69.0
2495.380588947952,70.0,5.0,1.0,3.0,0.0,69.0
2495.3814460908093,70.0,5.0,1.0,3.0,0.0,69.0
2495.6814460908095,70.0,5.0,1.0,3.0,0.0,69.0
2495.6823032336665,70.0,5.0,1.0,3.0,0.0,69.0
2495.9823032336667,70.0,5.0,1.0,3.0,0.0,69.0
2495.9831603765238,70.0,5.0,1.0,3.0,0.0,69.0
2496.283160376524,70.0,5.0,1.0,3.0,0.0,69.0
2496.284017519381,70.0,5.0,1.0,3.0,0.0,69.0
2496.584017519381,70.0,5.0,1.0,3.0,0.0,69.0
2496.5848746622382,70.0,5.0,1.0,3.0,0.0,69.0
2496.8848746622384,70.0,5.0,1.0,3.0,0.0,69.0
2496.8857318050955,70.0,5.0,1.0,3.0,0.0,69.0
2497.1857318050957,70.0,5.0,1.0,3.0,0.0,69.0
2497.1865889479527,70.0,5.0,1.0,3.0,0.0,69.0
2497.486588947953,70.0,5.0,1.0,3.0,0.0,69.0
2497.48744609081,70.0,5.0,1.0,3.0,0.0,69.0
2497.78744609081,70.0,5.0,1.0,3.0,0.0,69.0
2497.788303233667,70.0,5.0,1.0,3.0,0.0,69.0
2498.0883032336674,70.0,5.0,1.0,3.0,0.0,69.0
2498.0891603765244,70.0,5.0,1.0,3.0,0.0,69.0
2498.3891603765246,70.0,5.0,1.0,3.0,0.0,69.0
2498.3900175193817,70.0,5.0,1.0,3.0,0.0,69.0
2498.690017519382,70.0,5.0,1.0,3.0,0.0,69.0
2498.690874662239,70.0,5.0,1.0,3.0,0.0,69.0
2498.990874662239,70.0,5.0,1.0,3.0,0.0,69.0
2498.991731805096,70.0,5.0,1.0,3.0,0.0,69.0
2499.2917318050963,70.0,5.0,1.0,3.0,0.0,69.0
2499.2925889479534,70.0,5.0,1.0,1.0,0.0,70.0
2499.5925889479536,70.0,5.0,1.0,1.0,0.0,70.0
2499.5934460908106,70.0,5.0,1.0,1.0,0.0,70.0
2499.893446090811,70.0,5.0,1.0,1.0,0.0,70.0
2499.894303233668,70.0,5.0,1.0,1.0,0.0,70.0
2500.194303233668,70.0,5.0,1.0,1.0,0.0,70.0
2500.195160376525,70.0,5.0,1.0,1.0,0.0,70.0
2500.4951603765253,70.0,5.0,1.0,1.0,0.0,70.0
2500.4960175193823,70.0,5.0,1.0,1.0,0.0,70.0
2500.7960175193825,70.0,5.0,1.0,1.0,0.0,70.0
2500.7968746622396,70.0,5.0,1.0,1.0,0.0,70.0
2501.0968746622398,70.0,5.0,1.0,1.0,0.0,70.0
2501.097731805097,70.0,5.0,1.0,1.0,0.0,70.0
2501.397731805097,70.0,5.0,1.0,1.0,0.0,70.0
2501.398588947954,70.0,5.0,1.0,1.0,0.0,70.0
2501.6985889479542,70.0,5.0,1.0,1.0,0.0,70.0
2501.6994460908113,70.0,5.0,1.0,1.0,0.0,70.0
2501.9994460908115,70.0,5.0,1.0,1.0,0.0,70.0
2502.0003032336685,70.0,5.0,1.0,1.0,0.0,70.0
2502.3003032336687,70.0,5.0,1.0,1.0,0.0,70.0
2502.301160376526,70.0,5.0,1.0,1.0,0.0,70.0
2502.601160376526,70.0,5.0,1.0,1.0,0.0,70.0
2502.602017519383,70.0,5.0,1.0,1.0,0.0,70.0
2502.902017519383,70.0,5.0,1.0,1.0,0.0,70.0
2502.9028746622403,70.0,5.0,1.0,1.0,0.0,70.0
2503.2028746622404,70.0,5.0,1.0,1.0,0.0,70.0
2503.2037318050975,70.0,5.0,1.0,1.0,0.0,70.0
2503.5037318050977,70.0,5.0,1.0,1.0,0.0,70.0
2503.5045889479547,70.0,5.0,1.0,1.0,0.0,70.0
2503.804588947955,70.0,5.0,1.0,1.0,0.0,70.0
2503.805446090812,70.0,5.0,1.0,1.0,0.0,70.0
2504.105446090812,70.0,5.0,1.0,1.0,0.0,70.0
2504.106303233669,70.0,5.0,1.0,1.0,0.0,70.0
2504.4063032336694,70.0,5.0,1.0,1.0,0.0,70.0
2504.4071603765265,70.0,5.0,1.0,1.0,0.0,70.0
2504.7071603765266,70.0,5.0,1.0,1.0,0.0,70.0
2504.7080175193837,70.0,5.0,1.0,1.0,0.0,70.0
2505.008017519384,70.0,5.0,1.0,1.0,0.0,70.0
2505.008874662241,70.0,5.0,1.0,1.0,0.0,70.0
2505.308874662241,70.0,5.0,1.0,1.0,0.0,70.0
2505.309731805098,70.0,5.0,1.0,1.0,0.0,70.0
2505.6097318050984,70.0,5.0,1.0,1.0,0.0,70.0
2505.6105889479554,70.0,5.0,1.0,1.0,0.0,70.0
2505.9105889479556,70.0,5.0,1.0,1.0,0.0,70.0
2505.9114460908127,70.0,5.0,1.0,1.0,0.0,70.0
2506.211446090813,70.0,5.0,1.0,1.0,0.0,70.0
2506.21230323367,70.0,5.0,1.0,1.0,0.0,70.0
2506.51230323367,70.0,5.0,1.0,1.0,0.0,70.0
2506.513160376527,70.0,5.0,1.0,1.0,0.0,70.0
2506.8131603765273,70.0,5.0,1.0,1.0,0.0,70.0
2506.8140175193844,70.0,5.0,1.0,1.0,0.0,70.0
2507.1140175193846,70.0,5.0,1.0,1.0,0.0,70.0
2507.1148746622416,70.0,5.0,1.0,1.0,0.0,70.0
2507.414874662242,70.0,5.0,1.0,1.0,0.0,70.0
2507.415731805099,70.0,5.0,1.0,1.0,0.0,70.0
2507.715731805099,70.0,5.0,1.0,1.0,0.0,70.0
2507.716588947956,70.0,5.0,1.0,1.0,0.0,70.0
2508.0165889479563,70.0,5.0,1.0,1.0,0.0,70.0
2508.0174460908133,70.0,5.0,1.0,1.0,0.0,70.0
2508.3174460908135,70.0,5.0,1.0,1.0,0.0,70.0
2508.3183032336706,70.0,5.0,1.0,1.0,0.0,70.0
2508.6183032336708,70.0,5.0,1.0,1.0,0.0,70.0
2508.619160376528,70.0,5.0,1.0,1.0,0.0,70.0
2508.919160376528,70.0,5.0,1.0,1.0,0.0,70.0
2508.920017519385,70.0,5.0,1.0,1.0,0.0,70.0
2509.2200175193852,70.0,5.0,1.0,1.0,0.0,70.0
2509.2208746622423,70.0,5.0,1.0,1.0,0.0,70.0
2509.5208746622425,70.0,5.0,1.0,1.0,0.0,70.0
2509.5217318050995,70.0,5.0,1.0,1.0,0.0,70.0
2509.8217318050997,70.0,5.0,1.0,1.0,0.0,70.0
2509.822588947957,70.0,5.0,1.0,1.0,0.0,70.0
2510.122588947957,70.0,5.0,1.0,1.0,0.0,70.0
2510.123446090814,70.0,5.0,1.0,1.0,0.0,70.0
2510.423446090814,70.0,5.0,1.0,1.0,0.0,70.0
2510.4243032336713,70.0,5.0,1.0,1.0,0.0,70.0
2510.7243032336714,70.0,5.0,1.0,1.0,0.0,70.0
2510.7251603765285,70.0,5.0,1.0,1.0,0.0,70.0
2511.0251603765287,70.0,5.0,1.0,1.0,0.0,70.0
2511.0260175193857,70.0,5.0,1.0,1.0,0.0,70.0
2511.326017519386,70.0,5.0,1.0,1.0,0.0,70.0
2511.326874662243,70.0,5.0,1.0,1.0,0.0,70.0
2511.626874662243,70.0,5.0,1.0,1.0,0.0,70.0
2511.6277318051,70.0,5.0,1.0,1.0,0.0,70.0
2511.9277318051004,70.0,5.0,1.0,1.0,0.0,70.0
2511.9285889479575,70.0,5.0,1.0,1.0,0.0,70.0
2512.2285889479576,70.0,5.0,1.0,1.0,0.0,70.0
2512.2294460908147,70.0,5.0,1.0,1.0,0.0,70.0
2512.529446090815,70.0,5.0,1.0,1.0,0.0,70.0
2512.530303233672,70.0,5.0,1.0,1.0,0.0,70.0
2512.830303233672,70.0,5.0,1.0,1.0,0.0,70.0
2512.831160376529,70.0,5.0,1.0,1.0,0.0,70.0
2513.1311603765294,70.0,5.0,1.0,1.0,0.0,70.0
2513.1320175193864,70.0,5.0,1.0,1.0,0.0,70.0
2513.4320175193866,70.0,5.0,1.0,1.0,0.0,70.0
2513.4328746622436,70.0,5.0,1.0,1.0,0.0,70.0
2513.732874662244,70.0,5.0,1.0,1.0,0.0,70.0
2513.733731805101,70.0,5.0,1.0,1.0,0.0,70.0
2514.033731805101,70.0,5.0,1.0,1.0,0.0,70.0
2514.034588947958,70.0,5.0,1.0,1.0,0.0,70.0
2514.3345889479583,70.0,5.0,1.0,1.0,0.0,70.0
2514.3354460908154,70.0,5.0,1.0,1.0,0.0,70.0
2514.6354460908155,70.0,5.0,1.0,1.0,0.0,70.0
2514.6363032336726,70.0,5.0,1.0,1.0,0.0,70.0
2514.936303233673,70.0,5.0,1.0,1.0,0.0,70.0
2514.93716037653,70.0,5.0,1.0,1.0,0.0,70.0
2515.23716037653,70.0,5.0,1.0,1.0,0.0,70.0
2515.238017519387,70.0,5.0,1.0,1.0,0.0,70.0
2515.5380175193873,70.0,5.0,1.0,1.0,0.0,70.0
2515.5388746622443,70.0,5.0,1.0,1.0,0.0,70.0
2515.8388746622445,70.0,5.0,1.0,1.0,0.0,70.0
2515.8397318051016,70.0,5.0,1.0,1.0,0.0,70.0
2516.1397318051017,70.0,5.0,1.0,1.0,0.0,70.0
2516.140588947959,70.0,5.0,1.0,1.0,0.0,70.0
2516.440588947959,70.0,5.0,1.0,1.0,0.0,70.0
2516.441446090816,70.0,5.0,1.0,1.0,0.0,70.0
2516.741446090816,70.0,5.0,1.0,1.0,0.0,70.0
2516.7423032336733,70.0,5.0,1.0,1.0,0.0,70.0
2517.0423032336735,70.0,5.0,1.0,1.0,0.0,70.0
2517.0431603765305,70.0,5.0,1.0,1.0,0.0,70.0
2517.3431603765307,70.0,5.0,1.0,1.0,0.0,70.0
2517.3440175193878,70.0,5.0,1.0,1.0,0.0,70.0
2517.644017519388,70.0,5.0,1.0,1.0,0.0,70.0
2517.644874662245,70.0,5.0,1.0,1.0,0.0,70.0
2517.944874662245,70.0,5.0,1.0,1.0,0.0,70.0
2517.9457318051022,70.0,5.0,1.0,1.0,0.0,70.0
2518.2457318051024,70.0,5.0,1.0,1.0,0.0,70.0
2518.2465889479595,70.0,5.0,1.0,1.0,0.0,70.0
2518.5465889479597,70.0,5.0,1.0,1.0,0.0,70.0
2518.5474460908167,70.0,5.0,1.0,1.0,0.0,70.0
2518.847446090817,70.0,5.0,1.0,1.0,0.0,70.0
2518.848303233674,70.0,5.0,1.0,1.0,0.0,70.0
2519.148303233674,70.0,5.0,1.0,1.0,0.0,70.0
2519.149160376531,70.0,5.0,1.0,1.0,0.0,70.0
2519.4491603765314,70.0,5.0,1.0,1.0,0.0,70.0
2519.4500175193884,70.0,5.0,1.0,1.0,0.0,70.0
2519.7500175193886,70.0,5.0,1.0,1.0,0.0,70.0
2519.7508746622457,70.0,5.0,1.0,1.0,0.0,70.0
2520.050874662246,70.0,5.0,1.0,1.0,0.0,70.0
2520.051731805103,70.0,5.0,1.0,1.0,0.0,70.0
2520.351731805103,70.0,5.0,1.0,1.0,0.0,70.0
2520.35258894796,70.0,5.0,1.0,1.0,0.0,70.0
2520.6525889479603,70.0,5.0,1.0,1.0,0.0,70.0
2520.6534460908174,70.0,5.0,1.0,1.0,0.0,70.0
2520.9534460908176,70.0,5.0,1.0,1.0,0.0,70.0
2520.9543032336746,70.0,5.0,1.0,1.0,0.0,70.0
2521.254303233675,70.0,5.0,1.0,1.0,0.0,70.0
2521.255160376532,70.0,5.0,1.0,1.0,0.0,70.0
2521.555160376532,70.0,5.0,1.0,1.0,0.0,70.0
2521.556017519389,70.0,5.0,1.0,1.0,0.0,70.0
2521.8560175193893,70.0,5.0,1.0,1.0,0.0,70.0
2521.8568746622464,70.0,5.0,1.0,1.0,0.0,70.0
2522.1568746622465,70.0,5.0,1.0,1.0,0.0,70.0
2522.1577318051036,70.0,5.0,1.0,1.0,0.0,70.0
2522.457731805104,70.0,5.0,1.0,1.0,0.0,70.0
2522.458588947961,70.0,5.0,1.0,1.0,0.0,70.0
2522.758588947961,70.0,5.0,1.0,1.0,0.0,70.0
2522.759446090818,70.0,5.0,1.0,1.0,0.0,70.0
2523.0594460908183,70.0,5.0,1.0,1.0,0.0,70.0
2523.0603032336753,70.0,5.0,1.0,1.0,0.0,70.0
2523.3603032336755,70.0,5.0,1.0,1.0,0.0,70.0
2523.3611603765326,70.0,5.0,1.0,1.0,0.0,70.0
2523.6611603765327,70.0,5.0,1.0,1.0,0.0,70.0
2523.66201751939,70.0,5.0,1.0,1.0,0.0,70.0
2523.96201751939,70.0,5.0,1.0,1.0,0.0,70.0
2523.962874662247,70.0,5.0,1.0,1.0,0.0,70.0
2524.262874662247,70.0,5.0,1.0,1.0,0.0,70.0
2524.2637318051043,70.0,5.0,1.0,1.0,0.0,70.0
2524.5637318051045,70.0,5.0,1.0,1.0,0.0,70.0
2524.5645889479615,70.0,5.0,1.0,1.0,0.0,70.0
2524.8645889479617,70.0,5.0,1.0,1.0,0.0,70.0
2524.8654460908188,70.0,5.0,1.0,1.0,0.0,70.0
2525.165446090819,70.0,5.0,1.0,1.0,0.0,70.0
2525.166303233676,70.0,5.0,1.0,1.0,0.0,70.0
2525.466303233676,70.0,5.0,1.0,1.0,0.0,70.0
2525.4671603765332,69.0,5.0,1.0,1.0,0.0,70.0
2525.7671603765334,69.0,5.0,1.0,1.0,0.0,70.0
2525.7680299417507,69.0,5.0,1.0,1.0,0.0,70.0
2526.068029941751,69.0,5.0,1.0,1.0,0.0,70.0
2526.068899506968,69.0,5.0,1.0,1.0,0.0,70.0
2526.3688995069683,69.0,5.0,1.0,1.0,0.0,70.0
2526.3697690721856,69.0,5.0,1.0,1.0,0.0,70.0
2526.6697690721858,69.0,5.0,1.0,1.0,0.0,70.0
2526.670638637403,69.0,5.0,1.0,1.0,0.0,70.0
2526.970638637403,69.0,5.0,1.0,1.0,0.0,70.0
2526.9715082026205,69.0,5.0,1.0,1.0,0.0,70.0
2527.2715082026207,69.0,5.0,1.0,1.0,0.0,70.0
2527.272377767838,69.0,5.0,1.0,1.0,0.0,70.0
2527.572377767838,69.0,5.0,1.0,1.0,0.0,70.0
2527.5732473330554,69.0,5.0,1.0,1.0,0.0,70.0
2527.8732473330556,69.0,5.0,1.0,1.0,0.0,70.0
2527.874116898273,69.0,5.0,1.0,1.0,0.0,70.0
2528.174116898273,69.0,5.0,1.0,1.0,0.0,70.0
2528.1749864634903,69.0,5.0,1.0,1.0,0.0,70.0
2528.4749864634905,69.0,5.0,1.0,1.0,0.0,70.0
2528.4758560287078,69.0,5.0,1.0,1.0,0.0,70.0
2528.775856028708,69.0,5.0,1.0,1.0,0.0,70.0
2528.776725593925,69.0,5.0,1.0,1.0,0.0,70.0
2529.0767255939254,69.0,5.0,1.0,1.0,0.0,70.0
2529.0775951591427,69.0,5.0,1.0,1.0,0.0,70.0
2529.377595159143,69.0,5.0,1.0,1.0,0.0,70.0
2529.37846472436,69.0,5.0,1.0,1.0,0.0,70.0
2529.6784647243603,69.0,5.0,1.0,1.0,0.0,70.0
2529.6793342895776,69.0,5.0,1.0,1.0,0.0,70.0
2529.9793342895778,69.0,5.0,1.0,1.0,0.0,70.0
2529.980203854795,69.0,5.0,1.0,1.0,0.0,70.0
2530.280203854795,69.0,5.0,1.0,1.0,0.0,70.0
2530.2810734200125,69.0,5.0,1.0,1.0,0.0,70.0
2530.5810734200127,69.0,5.0,1.0,1.0,0.0,70.0
2530.58194298523,69.0,5.0,1.0,1.0,0.0,70.0
2530.88194298523,69.0,5.0,1.0,1.0,0.0,70.0
2530.8828125504474,69.0,5.0,1.0,6.0,0.0,70.0
2531.1828125504476,69.0,5.0,1.0,6.0,0.0,70.0
2531.183682115665,69.0,5.0,1.0,6.0,0.0,70.0
2531.483682115665,69.0,5.0,1.0,6.0,0.0,70.0
2531.4845516808823,69.0,5.0,1.0,6.0,0.0,70.0
2531.7845516808825,69.0,5.0,1.0,6.0,0.0,70.0
2531.7854212460998,69.0,5.0,1.0,6.0,0.0,70.0
2532.0854212461,69.0,5.0,1.0,6.0,0.0,70.0
2532.086290811317,69.0,5.0,1.0,6.0,0.0,70.0
2532.3862908113174,69.0,5.0,1.0,6.0,0.0,70.0
2532.3871603765347,69.0,5.0,1.0,6.0,0.0,70.0
2532.687160376535,69.0,5.0,1.0,6.0,0.0,70.0
2532.688029941752,69.0,5.0,1.0,6.0,0.0,70.0
2532.9880299417523,69.0,5.0,1.0,6.0,0.0,70.0
2532.9888995069696,69.0,5.0,1.0,6.0,0.0,70.0
2533.2888995069698,69.0,5.0,1.0,6.0,0.0,70.0
2533.289769072187,69.0,5.0,1.0,6.0,0.0,70.0
2533.589769072187,69.0,5.0,1.0,6.0,0.0,70.0
2533.5906386374045,69.0,5.0,1.0,6.0,0.0,70.0
2533.8906386374047,69.0,5.0,1.0,6.0,0.0,70.0
2533.891508202622,69.0,5.0,1.0,6.0,0.0,70.0
2534.191508202622,69.0,5.0,1.0,6.0,0.0,70.0
2534.1923777678394,69.0,5.0,1.0,6.0,0.0,70.0
2534.4923777678396,69.0,5.0,1.0,6.0,0.0,70.0
2534.493247333057,69.0,5.0,1.0,6.0,0.0,70.0
2534.793247333057,69.0,5.0,1.0,6.0,0.0,70.0
2534.7941168982743,69.0,5.0,1.0,6.0,0.0,70.0
2535.0941168982745,69.0,5.0,1.0,6.0,0.0,70.0
2535.0949864634918,69.0,5.0,1.0,6.0,0.0,70.0
2535.394986463492,69.0,5.0,1.0,6.0,0.0,70.0
2535.395856028709,69.0,5.0,1.0,6.0,0.0,70.0
2535.6958560287094,69.0,5.0,1.0,6.0,0.0,70.0
2535.6967255939267,69.0,5.0,1.0,6.0,0.0,70.0
2535.996725593927,69.0,5.0,1.0,6.0,0.0,70.0
2535.997595159144,69.0,5.0,1.0,6.0,0.0,70.0
2536.2975951591443,69.0,5.0,1.0,6.0,0.0,70.0
2536.2984647243616,69.0,5.0,1.0,6.0,0.0,70.0
2536.5984647243617,69.0,5.0,1.0,6.0,0.0,70.0
2536.599334289579,69.0,5.0,1.0,6.0,0.0,70.0
2536.899334289579,69.0,5.0,1.0,6.0,0.0,70.0
2536.9002038547965,69.0,5.0,1.0,6.0,0.0,70.0
2537.2002038547967,69.0,5.0,1.0,6.0,0.0,70.0
2537.201073420014,69.0,5.0,1.0,6.0,0.0,70.0
2537.501073420014,69.0,5.0,1.0,6.0,0.0,70.0
2537.5019429852314,69.0,5.0,1.0,6.0,0.0,70.0
2537.8019429852316,69.0,5.0,1.0,6.0,0.0,70.0
2537.802812550449,69.0,5.0,1.0,6.0,0.0,70.0
2538.102812550449,69.0,5.0,1.0,6.0,0.0,70.0
2538.1036821156663,69.0,5.0,1.0,6.0,0.0,70.0
2538.4036821156665,69.0,5.0,1.0,6.0,0.0,70.0
2538.4045516808837,69.0,5.0,1.0,6.0,0.0,70.0
2538.704551680884,69.0,5.0,1.0,6.0,0.0,70.0
2538.705421246101,69.0,5.0,1.0,6.0,0.0,70.0
2539.0054212461014,69.0,5.0,1.0,6.0,0.0,70.0
2539.0062908113186,69.0,5.0,1.0,6.0,0.0,70.0
2539.306290811319,69.0,5.0,1.0,6.0,0.0,70.0
2539.307160376536,69.0,5.0,1.0,6.0,0.0,70.0
2539.6071603765363,69.0,5.0,1.0,6.0,0.0,70.0
2539.6080299417536,69.0,5.0,1.0,6.0,0.0,70.0
2539.9080299417537,69.0,5.0,1.0,6.0,0.0,70.0
2539.908899506971,69.0,5.0,1.0,6.0,0.0,70.0
2540.208899506971,69.0,5.0,1.0,6.0,0.0,70.0
2540.2097690721885,69.0,5.0,1.0,6.0,0.0,70.0
2540.5097690721886,69.0,5.0,1.0,6.0,0.0,70.0
2540.510638637406,69.0,5.0,1.0,6.0,0.0,70.0
2540.810638637406,69.0,5.0,1.0,6.0,0.0,70.0
2540.8115082026234,69.0,5.0,1.0,6.0,0.0,70.0
2541.1115082026236,69.0,5.0,1.0,6.0,0.0,70.0
2541.112377767841,69.0,5.0,1.0,6.0,0.0,70.0
2541.412377767841,69.0,5.0,1.0,6.0,0.0,70.0
2541.4132473330583,69.0,5.0,1.0,6.0,0.0,70.0
2541.7132473330585,69.0,5.0,1.0,6.0,0.0,70.0
2541.7141168982757,69.0,5.0,1.0,6.0,0.0,70.0
2542.014116898276,69.0,5.0,1.0,6.0,0.0,70.0
2542.014986463493,69.0,5.0,1.0,6.0,0.0,70.0
2542.3149864634934,69.0,5.0,1.0,6.0,0.0,70.0
2542.3158560287106,69.0,5.0,1.0,6.0,0.0,70.0
2542.615856028711,69.0,5.0,1.0,6.0,0.0,70.0
2542.616725593928,69.0,5.0,1.0,6.0,0.0,70.0
2542.9167255939283,69.0,5.0,1.0,6.0,0.0,70.0
2542.9175951591455,69.0,5.0,1.0,6.0,0.0,70.0
2543.2175951591457,69.0,5.0,1.0,6.0,0.0,70.0
2543.218464724363,69.0,5.0,1.0,6.0,0.0,70.0
2543.518464724363,69.0,5.0,1.0,6.0,0.0,70.0
2543.5193342895805,69.0,5.0,1.0,6.0,0.0,70.0
2543.8193342895806,69.0,5.0,1.0,6.0,0.0,70.0
2543.820203854798,69.0,5.0,1.0,6.0,0.0,70.0
2544.120203854798,69.0,5.0,1.0,6.0,0.0,70.0
2544.1210734200154,69.0,5.0,1.0,6.0,0.0,70.0
2544.4210734200155,69.0,5.0,1.0,6.0,0.0,70.0
2544.421942985233,69.0,5.0,1.0,6.0,0.0,70.0
2544.721942985233,69.0,5.0,1.0,6.0,0.0,70.0
2544.7228125504503,69.0,5.0,1.0,6.0,0.0,70.0
2545.0228125504505,69.0,5.0,1.0,6.0,0.0,70.0
2545.0236821156677,69.0,5.0,1.0,6.0,0.0,70.0
2545.323682115668,69.0,5.0,1.0,6.0,0.0,70.0
2545.324551680885,69.0,5.0,1.0,6.0,0.0,70.0
2545.6245516808854,69.0,5.0,1.0,6.0,0.0,70.0
2545.6254212461026,69.0,5.0,1.0,6.0,0.0,70.0
2545.925421246103,69.0,5.0,1.0,6.0,0.0,70.0
2545.92629081132,69.0,5.0,1.0,6.0,0.0,70.0
2546.2262908113203,69.0,5.0,1.0,6.0,0.0,70.0
2546.2271603765375,69.0,5.0,1.0,6.0,0.0,70.0
2546.5271603765377,69.0,5.0,1.0,6.0,0.0,70.0
2546.528029941755,69.0,5.0,1.0,6.0,0.0,70.0
2546.828029941755,69.0,5.0,1.0,6.0,0.0,70.0
2546.8288995069724,69.0,5.0,1.0,6.0,0.0,70.0
2547.1288995069726,69.0,5.0,1.0,6.0,0.0,70.0
2547.12976907219,69.0,5.0,1.0,6.0,0.0,70.0
2547.42976907219,69.0,5.0,1.0,6.0,0.0,70.0
2547.4306386374074,69.0,5.0,1.0,6.0,0.0,70.0
2547.7306386374075,69.0,5.0,1.0,6.0,0.0,70.0
2547.731508202625,69.0,5.0,1.0,6.0,0.0,70.0
2548.031508202625,69.0,5.0,1.0,6.0,0.0,70.0
2548.0323777678423,69.0,5.0,1.0,6.0,0.0,70.0
2548.3323777678424,69.0,5.0,1.0,6.0,0.0,70.0
2548.3332473330597,69.0,5.0,1.0,6.0,0.0,70.0
2548.63324733306,69.0,5.0,1.0,6.0,0.0,70.0
2548.634116898277,69.0,5.0,1.0,6.0,0.0,70.0
2548.9341168982774,69.0,5.0,1.0,6.0,0.0,70.0
2548.9349864634946,69.0,5.0,1.0,6.0,0.0,70.0
2549.234986463495,69.0,5.0,1.0,6.0,0.0,70.0
2549.235856028712,69.0,5.0,1.0,6.0,0.0,70.0
2549.5358560287123,69.0,5.0,1.0,6.0,0.0,70.0
2549.5367255939295,69.0,5.0,1.0,6.0,0.0,70.0
2549.8367255939297,69.0,5.0,1.0,6.0,0.0,70.0
2549.837595159147,69.0,5.0,1.0,6.0,0.0,70.0
2550.137595159147,69.0,5.0,1.0,6.0,0.0,70.0
2550.1384647243644,69.0,5.0,1.0,6.0,0.0,70.0
2550.4384647243646,69.0,5.0,1.0,6.0,0.0,70.0
2550.439334289582,69.0,5.0,1.0,6.0,0.0,70.0
2550.739334289582,69.0,5.0,1.0,6.0,0.0,70.0
2550.7402038547993,69.0,5.0,1.0,6.0,0.0,70.0
2551.0402038547995,69.0,5.0,1.0,6.0,0.0,70.0
2551.041073420017,69.0,5.0,1.0,6.0,0.0,70.0
2551.341073420017,69.0,5.0,1.0,6.0,0.0,70.0
2551.3419429852343,69.0,5.0,1.0,6.0,0.0,70.0
2551.6419429852344,69.0,5.0,1.0,6.0,0.0,70.0
2551.6428125504517,69.0,5.0,1.0,6.0,0.0,70.0
2551.942812550452,69.0,5.0,1.0,6.0,0.0,70.0
2551.943682115669,69.0,5.0,1.0,6.0,0.0,70.0
2552.2436821156693,69.0,5.0,1.0,6.0,0.0,70.0
2552.2445516808866,69.0,5.0,1.0,6.0,0.0,70.0
2552.544551680887,69.0,5.0,1.0,6.0,0.0,70.0
2552.545421246104,69.0,5.0,1.0,6.0,0.0,70.0
2552.8454212461043,69.0,5.0,1.0,6.0,0.0,70.0
2552.8462908113215,69.0,5.0,1.0,6.0,0.0,70.0
2553.1462908113217,69.0,5.0,1.0,6.0,0.0,70.0
2553.147160376539,69.0,5.0,1.0,6.0,0.0,70.0
2553.447160376539,69.0,5.0,1.0,6.0,0.0,70.0
2553.4480299417564,69.0,5.0,1.0,6.0,0.0,70.0
2553.7480299417566,69.0,5.0,1.0,6.0,0.0,70.0
2553.748899506974,69.0,5.0,1.0,6.0,0.0,70.0
2554.048899506974,69.0,5.0,1.0,6.0,0.0,70.0
2554.0497690721913,69.0,5.0,1.0,6.0,0.0,70.0
2554.3497690721915,69.0,5.0,1.0,6.0,0.0,70.0
2554.350638637409,69.0,5.0,1.0,4.0,0.0,71.0
2554.650638637409,69.0,5.0,1.0,4.0,0.0,71.0
2554.6515082026262,69.0,5.0,1.0,4.0,0.0,71.0
2554.9515082026264,69.0,5.0,1.0,4.0,0.0,71.0
2554.9523777678437,69.0,5.0,1.0,4.0,0.0,71.0
2555.252377767844,69.0,5.0,1.0,4.0,0.0,71.0
2555.253247333061,69.0,5.0,1.0,4.0,0.0,71.0
2555.5532473330613,69.0,5.0,1.0,4.0,0.0,71.0
2555.5541168982786,69.0,5.0,1.0,4.0,0.0,71.0
2555.854116898279,69.0,5.0,1.0,4.0,0.0,71.0
2555.854986463496,69.0,5.0,1.0,4.0,0.0,71.0
2556.1549864634962,69.0,5.0,1.0,4.0,0.0,71.0
2556.1558560287135,69.0,5.0,1.0,4.0,0.0,71.0
2556.4558560287137,69.0,5.0,1.0,4.0,0.0,71.0
2556.456725593931,69.0,5.0,1.0,4.0,0.0,71.0
2556.756725593931,69.0,5.0,1.0,4.0,0.0,71.0
2556.7575951591484,69.0,5.0,1.0,4.0,0.0,71.0
2557.0575951591486,69.0,5.0,1.0,4.0,0.0,71.0
2557.058464724366,69.0,5.0,1.0,4.0,0.0,71.0
2557.358464724366,69.0,5.0,1.0,4.0,0.0,71.0
2557.3593342895833,69.0,5.0,1.0,4.0,0.0,71.0
2557.6593342895835,69.0,5.0,1.0,4.0,0.0,71.0
2557.660203854801,69.0,5.0,1.0,4.0,0.0,71.0
2557.960203854801,69.0,5.0,1.0,4.0,0.0,71.0
2557.9610734200182,69.0,5.0,1.0,4.0,0.0,71.0
2558.2610734200184,69.0,5.0,1.0,4.0,0.0,71.0
2558.2619429852357,69.0,5.0,1.0,4.0,0.0,71.0
2558.561942985236,69.0,5.0,1.0,4.0,0.0,71.0
2558.562812550453,69.0,5.0,1.0,4.0,0.0,71.0
2558.8628125504533,69.0,5.0,1.0,4.0,0.0,71.0
2558.8636821156706,69.0,5.0,1.0,4.0,0.0,71.0
2559.163682115671,69.0,5.0,1.0,4.0,0.0,71.0
2559.164551680888,69.0,5.0,1.0,4.0,0.0,71.0
2559.4645516808882,69.0,5.0,1.0,4.0,0.0,71.0
2559.4654212461055,69.0,5.0,1.0,4.0,0.0,71.0
2559.7654212461057,69.0,5.0,1.0,4.0,0.0,71.0
2559.766290811323,69.0,5.0,1.0,4.0,0.0,71.0
2560.066290811323,69.0,5.0,1.0,4.0,0.0,71.0
2560.0671603765404,69.0,5.0,1.0,4.0,0.0,71.0
2560.3671603765406,69.0,5.0,1.0,4.0,0.0,71.0
2560.368029941758,69.0,5.0,1.0,4.0,0.0,71.0
2560.668029941758,69.0,5.0,1.0,4.0,0.0,71.0
2560.6688995069753,69.0,5.0,1.0,4.0,0.0,71.0
2560.9688995069755,69.0,5.0,1.0,4.0,0.0,71.0
2560.969769072193,69.0,5.0,1.0,4.0,0.0,71.0
2561.269769072193,69.0,5.0,1.0,4.0,0.0,71.0
2561.2706386374102,69.0,5.0,1.0,4.0,0.0,71.0
2561.5706386374104,69.0,5.0,1.0,4.0,0.0,71.0
2561.5715082026277,69.0,5.0,1.0,4.0,0.0,71.0
2561.871508202628,69.0,5.0,1.0,4.0,0.0,71.0
2561.872377767845,69.0,5.0,1.0,4.0,0.0,71.0
2562.1723777678453,69.0,5.0,1.0,4.0,0.0,71.0
2562.1732473330626,69.0,5.0,1.0,4.0,0.0,71.0
2562.473247333063,69.0,5.0,1.0,4.0,0.0,71.0
2562.47411689828,69.0,5.0,1.0,4.0,0.0,71.0
2562.77411689828,69.0,5.0,1.0,4.0,0.0,71.0
2562.7749864634975,69.0,5.0,1.0,4.0,0.0,71.0
2563.0749864634977,69.0,5.0,1.0,4.0,0.0,71.0
2563.075856028715,69.0,5.0,1.0,4.0,0.0,71.0
2563.375856028715,69.0,5.0,1.0,4.0,0.0,71.0
2563.3767255939324,69.0,5.0,1.0,4.0,0.0,71.0
2563.6767255939326,69.0,5.0,1.0,4.0,0.0,71.0
2563.67759515915,69.0,5.0,1.0,4.0,0.0,71.0
2563.97759515915,69.0,5.0,1.0,4.0,0.0,71.0
2563.9784647243673,69.0,5.0,1.0,4.0,0.0,71.0
2564.2784647243675,69.0,5.0,1.0,4.0,0.0,71.0
2564.2793342895848,69.0,5.0,1.0,4.0,0.0,71.0
2564.579334289585,69.0,5.0,1.0,4.0,0.0,71.0
2564.580203854802,69.0,5.0,1.0,4.0,0.0,71.0
2564.8802038548024,69.0,5.0,1.0,4.0,0.0,71.0
2564.8810734200197,69.0,5.0,1.0,4.0,0.0,71.0
2565.18107342002,69.0,5.0,1.0,4.0,0.0,71.0
2565.181942985237,69.0,5.0,1.0,4.0,0.0,71.0
2565.4819429852373,69.0,5.0,1.0,4.0,0.0,71.0
2565.4828125504546,69.0,5.0,1.0,4.0,0.0,71.0
2565.7828125504548,69.0,5.0,1.0,4.0,0.0,71.0
2565.783682115672,69.0,5.0,1.0,4.0,0.0,71.0
2566.083682115672,69.0,5.0,1.0,4.0,0.0,71.0
2566.0845516808895,69.0,5.0,1.0,4.0,0.0,71.0
2566.3845516808897,69.0,5.0,1.0,4.0,0.0,71.0
2566.385421246107,69.0,5.0,1.0,4.0,0.0,71.0
2566.685421246107,69.0,5.0,1.0,4.0,0.0,71.0
2566.6862908113244,69.0,5.0,1.0,4.0,0.0,71.0
2566.9862908113246,69.0,5.0,1.0,4.0,0.0,71.0
2566.987160376542,69.0,5.0,1.0,4.0,0.0,71.0
2567.287160376542,69.0,5.0,1.0,4.0,0.0,71.0
2567.2880299417593,69.0,5.0,1.0,4.0,0.0,71.0
2567.5880299417595,69.0,5.0,1.0,4.0,0.0,71.0
2567.5888995069768,69.0,5.0,1.0,4.0,0.0,71.0
2567.888899506977,69.0,5.0,1.0,4.0,0.0,71.0
2567.889769072194,69.0,5.0,1.0,4.0,0.0,71.0
2568.1897690721944,69.0,5.0,1.0,4.0,0.0,71.0
2568.1906386374117,69.0,5.0,1.0,4.0,0.0,71.0
2568.490638637412,69.0,5.0,1.0,4.0,0.0,71.0
2568.491508202629,69.0,5.0,1.0,4.0,0.0,71.0
2568.7915082026293,69.0,5.0,1.0,4.0,0.0,71.0
2568.7923777678466,69.0,5.0,1.0,4.0,0.0,71.0
2569.0923777678468,69.0,5.0,1.0,4.0,0.0,71.0
2569.093247333064,69.0,5.0,1.0,4.0,0.0,71.0
2569.393247333064,69.0,5.0,1.0,4.0,0.0,71.0
2569.3941168982815,69.0,5.0,1.0,4.0,0.0,71.0
2569.6941168982817,69.0,5.0,1.0,4.0,0.0,71.0
2569.694986463499,69.0,5.0,1.0,4.0,0.0,71.0
2569.994986463499,69.0,5.0,1.0,4.0,0.0,71.0
2569.9958560287164,69.0,5.0,1.0,4.0,0.0,71.0
2570.2958560287166,69.0,5.0,1.0,4.0,0.0,71.0
2570.296725593934,69.0,5.0,1.0,4.0,0.0,71.0
2570.596725593934,69.0,5.0,1.0,4.0,0.0,71.0
2570.5975951591513,69.0,5.0,1.0,4.0,0.0,71.0
2570.8975951591515,69.0,5.0,1.0,4.0,0.0,71.0
2570.8984647243688,69.0,5.0,1.0,4.0,0.0,71.0
2571.198464724369,69.0,5.0,1.0,4.0,0.0,71.0
2571.199334289586,69.0,5.0,1.0,4.0,0.0,71.0
2571.4993342895864,69.0,5.0,1.0,4.0,0.0,71.0
2571.5002038548037,69.0,5.0,1.0,4.0,0.0,71.0
2571.800203854804,69.0,5.0,1.0,4.0,0.0,71.0
2571.801073420021,69.0,5.0,1.0,4.0,0.0,71.0
2572.1010734200213,69.0,5.0,1.0,4.0,0.0,71.0
2572.1019429852386,69.0,5.0,1.0,4.0,0.0,71.0
2572.4019429852387,69.0,5.0,1.0,4.0,0.0,71.0
2572.402812550456,69.0,5.0,1.0,4.0,0.0,71.0
2572.702812550456,69.0,5.0,1.0,4.0,0.0,71.0
2572.7036821156735,69.0,5.0,1.0,4.0,0.0,71.0
2573.0036821156737,69.0,5.0,1.0,4.0,0.0,71.0
2573.004551680891,69.0,5.0,1.0,4.0,0.0,71.0
2573.304551680891,69.0,5.0,1.0,4.0,0.0,71.0
2573.3054212461084,69.0,5.0,1.0,4.0,0.0,71.0
2573.6054212461086,69.0,5.0,1.0,4.0,0.0,71.0
2573.606290811326,69.0,5.0,1.0,4.0,0.0,71.0
2573.906290811326,69.0,5.0,1.0,4.0,0.0,71.0
2573.9071603765433,69.0,5.0,1.0,4.0,0.0,71.0
2574.2071603765435,69.0,5.0,1.0,4.0,0.0,71.0
2574.2080299417607,69.0,5.0,1.0,4.0,0.0,71.0
2574.508029941761,69.0,5.0,1.0,4.0,0.0,71.0
2574.508899506978,69.0,5.0,1.0,4.0,0.0,71.0
2574.8088995069784,69.0,5.0,1.0,4.0,0.0,71.0
2574.8097690721956,69.0,5.0,1.0,4.0,0.0,71.0
2575.109769072196,69.0,5.0,1.0,4.0,0.0,71.0
2575.110638637413,69.0,5.0,1.0,4.0,0.0,71.0
2575.4106386374133,69.0,5.0,1.0,4.0,0.0,71.0
2575.4115082026306,69.0,5.0,1.0,4.0,0.0,71.0
2575.7115082026307,69.0,5.0,1.0,4.0,0.0,71.0
2575.712377767848,69.0,5.0,1.0,4.0,0.0,71.0
2576.012377767848,69.0,5.0,1.0,4.0,0.0,71.0
2576.0132473330655,69.0,5.0,1.0,4.0,0.0,71.0
2576.3132473330656,69.0,5.0,1.0,4.0,0.0,71.0
2576.314116898283,69.0,5.0,1.0,4.0,0.0,71.0
2576.614116898283,69.0,5.0,1.0,4.0,0.0,71.0
2576.6149864635004,69.0,5.0,1.0,4.0,0.0,70.0
2576.9149864635006,69.0,5.0,1.0,4.0,0.0,70.0
2576.915856028718,69.0,5.0,1.0,4.0,0.0,70.0
2577.215856028718,69.0,5.0,1.0,4.0,0.0,70.0
2577.2167255939353,69.0,5.0,1.0,4.0,0.0,70.0
2577.5167255939355,69.0,5.0,1.0,4.0,0.0,70.0
2577.5175951591527,69.0,5.0,1.0,4.0,0.0,70.0
2577.817595159153,69.0,5.0,1.0,4.0,0.0,70.0
2577.81846472437,69.0,5.0,1.0,4.0,0.0,70.0
2578.1184647243704,69.0,5.0,1.0,4.0,0.0,70.0
2578.1193342895876,69.0,5.0,1.0,4.0,0.0,70.0
2578.419334289588,69.0,5.0,1.0,4.0,0.0,70.0
2578.420203854805,69.0,5.0,1.0,4.0,0.0,70.0
2578.7202038548053,69.0,5.0,1.0,4.0,0.0,70.0
2578.7210734200225,69.0,5.0,1.0,4.0,0.0,70.0
2579.0210734200227,69.0,5.0,1.0,4.0,0.0,70.0
2579.02194298524,69.0,5.0,1.0,4.0,0.0,70.0
2579.32194298524,69.0,5.0,1.0,4.0,0.0,70.0
2579.3228125504575,69.0,5.0,1.0,4.0,0.0,70.0
2579.6228125504576,69.0,5.0,1.0,4.0,0.0,70.0
2579.623682115675,69.0,5.0,1.0,4.0,0.0,70.0
2579.923682115675,69.0,5.0,1.0,4.0,0.0,70.0
2579.9245516808924,69.0,5.0,1.0,4.0,0.0,70.0
2580.2245516808925,69.0,5.0,1.0,4.0,0.0,70.0
2580.22542124611,69.0,5.0,1.0,4.0,0.0,70.0
2580.52542124611,69.0,5.0,1.0,4.0,0.0,70.0
2580.5262908113273,69.0,5.0,1.0,4.0,0.0,70.0
2580.8262908113275,69.0,5.0,1.0,4.0,0.0,70.0
2580.8271603765447,69.0,5.0,1.0,4.0,0.0,70.0
2581.127160376545,69.0,5.0,1.0,4.0,0.0,70.0
2581.128029941762,69.0,5.0,1.0,4.0,0.0,70.0
2581.4280299417624,69.0,5.0,1.0,4.0,0.0,70.0
2581.4288995069796,69.0,5.0,1.0,4.0,0.0,70.0
2581.72889950698,69.0,5.0,1.0,4.0,0.0,70.0
2581.729769072197,69.0,5.0,1.0,4.0,0.0,70.0
2582.0297690721973,69.0,5.0,1.0,4.0,0.0,70.0
2582.0306386374145,69.0,5.0,1.0,4.0,0.0,70.0
2582.3306386374147,69.0,5.0,1.0,4.0,0.0,70.0
2582.331508202632,69.0,5.0,1.0,4.0,0.0,70.0
2582.631508202632,69.0,5.0,1.0,4.0,0.0,70.0
2582.6323777678494,69.0,5.0,1.0,4.0,0.0,70.0
2582.9323777678496,69.0,5.0,1.0,4.0,0.0,70.0
2582.933247333067,69.0,5.0,1.0,4.0,0.0,70.0
2583.233247333067,69.0,5.0,1.0,4.0,0.0,70.0
2583.2341168982844,69.0,5.0,1.0,9.0,0.0,70.0
2583.5341168982845,69.0,5.0,1.0,9.0,0.0,70.0
2583.534857639025,69.0,5.0,1.0,9.0,0.0,70.0
2583.8348576390254,69.0,5.0,1.0,9.0,0.0,70.0
2583.835598379766,69.0,5.0,1.0,9.0,0.0,70.0
2584.135598379766,69.0,5.0,1.0,9.0,0.0,70.0
2584.136339120507,69.0,5.0,1.0,9.0,0.0,70.0
2584.436339120507,69.0,5.0,1.0,9.0,0.0,70.0
2584.4370798612476,69.0,5.0,1.0,9.0,0.0,70.0
2584.737079861248,69.0,5.0,1.0,9.0,0.0,70.0
2584.7378206019885,69.0,5.0,1.0,9.0,0.0,70.0
2585.0378206019886,69.0,5.0,1.0,9.0,0.0,70.0
2585.0385613427293,69.0,5.0,1.0,9.0,0.0,70.0
2585.3385613427295,69.0,5.0,1.0,9.0,0.0,70.0
2585.33930208347,69.0,5.0,1.0,9.0,0.0,70.0
2585.6393020834703,69.0,5.0,1.0,9.0,0.0,70.0
2585.640042824211,69.0,5.0,1.0,9.0,0.0,70.0
2585.940042824211,69.0,5.0,1.0,9.0,0.0,70.0
2585.9407835649517,69.0,5.0,1.0,9.0,0.0,70.0
2586.240783564952,69.0,5.0,1.0,9.0,0.0,70.0
2586.2415243056926,69.0,5.0,1.0,9.0,0.0,70.0
2586.5415243056927,69.0,5.0,1.0,9.0,0.0,70.0
2586.5422650464334,69.0,5.0,1.0,9.0,0.0,70.0
2586.8422650464336,69.0,5.0,1.0,9.0,0.0,70.0
2586.843005787174,69.0,5.0,1.0,9.0,0.0,70.0
2587.1430057871744,69.0,5.0,1.0,9.0,0.0,70.0
2587.143746527915,69.0,5.0,1.0,7.0,0.0,71.0
2587.443746527915,69.0,5.0,1.0,7.0,0.0,71.0
2587.4446160931325,69.0,5.0,1.0,7.0,0.0,71.0
2587.7446160931327,69.0,5.0,1.0,7.0,0.0,71.0
2587.74548565835,69.0,5.0,1.0,7.0,0.0,71.0
2588.04548565835,69.0,5.0,1.0,7.0,0.0,71.0
2588.0463552235674,69.0,5.0,1.0,7.0,0.0,71.0
2588.3463552235676,69.0,5.0,1.0,7.0,0.0,71.0
2588.347224788785,69.0,5.0,1.0,7.0,0.0,71.0
2588.647224788785,69.0,5.0,1.0,7.0,0.0,71.0
2588.6480943540023,69.0,5.0,1.0,7.0,0.0,71.0
2588.9480943540025,69.0,5.0,1.0,7.0,0.0,71.0
2588.9489639192198,69.0,5.0,1.0,7.0,0.0,71.0
2589.24896391922,69.0,5.0,1.0,7.0,0.0,71.0
2589.249833484437,69.0,5.0,1.0,7.0,0.0,71.0
2589.5498334844374,69.0,5.0,1.0,7.0,0.0,71.0
2589.5507030496547,69.0,5.0,1.0,5.0,0.0,72.0
2589.850703049655,69.0,5.0,1.0,5.0,0.0,72.0
2589.851572614872,69.0,5.0,1.0,5.0,0.0,72.0
2590.1515726148723,69.0,5.0,1.0,5.0,0.0,72.0
2590.1524421800896,69.0,5.0,1.0,5.0,0.0,72.0
2590.4524421800897,69.0,5.0,1.0,5.0,0.0,72.0
2590.453311745307,69.0,5.0,1.0,3.0,0.0,73.0
2590.753311745307,69.0,5.0,1.0,3.0,0.0,73.0
2590.7541813105245,69.0,5.0,1.0,3.0,0.0,73.0
2591.0541813105247,69.0,5.0,1.0,3.0,0.0,73.0
2591.055050875742,69.0,5.0,1.0,3.0,0.0,73.0
2591.355050875742,69.0,5.0,1.0,3.0,0.0,73.0
2591.3559204409594,69.0,5.0,1.0,3.0,0.0,73.0
2591.6559204409596,69.0,5.0,1.0,3.0,0.0,73.0
2591.656790006177,69.0,5.0,1.0,3.0,0.0,73.0
2591.956790006177,69.0,5.0,1.0,3.0,0.0,73.0
2591.9576595713943,69.0,5.0,1.0,3.0,0.0,73.0
2592.2576595713945,69.0,5.0,1.0,3.0,0.0,73.0
2592.2585291366117,69.0,5.0,1.0,3.0,0.0,73.0
2592.558529136612,69.0,5.0,1.0,3.0,0.0,73.0
2592.559398701829,69.0,5.0,1.0,3.0,0.0,73.0
2592.8593987018294,69.0,5.0,1.0,3.0,0.0,73.0
2592.8602682670466,69.0,5.0,1.0,3.0,0.0,73.0
2593.160268267047,69.0,5.0,1.0,3.0,0.0,73.0
2593.161137832264,69.0,5.0,1.0,3.0,0.0,73.0
2593.4611378322643,69.0,5.0,1.0,3.0,0.0,73.0
2593.4620073974816,69.0,5.0,1.0,3.0,0.0,73.0
2593.7620073974817,69.0,5.0,1.0,3.0,0.0,73.0
2593.762876962699,69.0,5.0,1.0,3.0,0.0,73.0
2594.062876962699,69.0,5.0,1.0,3.0,0.0,73.0
2594.0637465279165,69.0,5.0,1.0,3.0,0.0,73.0
2594.3637465279166,69.0,5.0,1.0,3.0,0.0,73.0
2594.364616093134,69.0,5.0,1.0,3.0,0.0,73.0
2594.664616093134,69.0,5.0,1.0,3.0,0.0,73.0
2594.6654856583514,69.0,5.0,1.0,3.0,0.0,73.0
2594.9654856583516,69.0,5.0,1.0,3.0,0.0,73.0
2594.966355223569,69.0,5.0,1.0,3.0,0.0,73.0
2595.266355223569,69.0,5.0,1.0,3.0,0.0,73.0
2595.2672247887863,69.0,5.0,1.0,3.0,0.0,73.0
2595.5672247887865,69.0,5.0,1.0,3.0,0.0,73.0
2595.5680943540037,69.0,5.0,1.0,3.0,0.0,73.0
2595.868094354004,69.0,5.0,1.0,3.0,0.0,73.0
2595.868963919221,69.0,5.0,1.0,3.0,0.0,73.0
2596.1689639192214,69.0,5.0,1.0,3.0,0.0,73.0
2596.1698334844386,69.0,5.0,1.0,3.0,0.0,73.0
2596.469833484439,69.0,5.0,1.0,3.0,0.0,73.0
2596.470703049656,69.0,5.0,1.0,3.0,0.0,73.0
2596.7707030496563,69.0,5.0,1.0,3.0,0.0,73.0
2596.7715726148735,69.0,5.0,1.0,3.0,0.0,73.0
2597.0715726148737,69.0,5.0,1.0,3.0,0.0,73.0
2597.072442180091,69.0,5.0,1.0,3.0,0.0,73.0
2597.372442180091,69.0,5.0,1.0,3.0,0.0,73.0
2597.3733117453085,69.0,5.0,1.0,3.0,0.0,73.0
2597.6733117453086,69.0,5.0,1.0,3.0,0.0,73.0
2597.674181310526,69.0,5.0,1.0,3.0,0.0,73.0
2597.974181310526,69.0,5.0,1.0,3.0,0.0,73.0
2597.9750508757434,69.0,5.0,1.0,3.0,0.0,73.0
2598.2750508757435,69.0,5.0,1.0,3.0,0.0,73.0
2598.275920440961,69.0,5.0,1.0,3.0,0.0,73.0
2598.575920440961,69.0,5.0,1.0,3.0,0.0,73.0
2598.5767900061783,69.0,5.0,1.0,3.0,0.0,73.0
2598.8767900061785,69.0,5.0,1.0,3.0,0.0,73.0
2598.8776595713957,69.0,5.0,1.0,3.0,0.0,73.0
2599.177659571396,69.0,5.0,1.0,3.0,0.0,73.0
2599.178529136613,69.0,5.0,1.0,3.0,0.0,73.0
2599.4785291366134,69.0,5.0,1.0,3.0,0.0,73.0
2599.4793987018306,69.0,5.0,1.0,3.0,0.0,73.0
2599.779398701831,69.0,5.0,1.0,3.0,0.0,73.0
2599.780268267048,69.0,5.0,1.0,3.0,0.0,73.0
2600.0802682670483,69.0,5.0,1.0,3.0,0.0,73.0
2600.0811378322655,69.0,5.0,1.0,3.0,0.0,73.0
2600.3811378322657,69.0,5.0,1.0,3.0,0.0,73.0
2600.382007397483,69.0,5.0,1.0,3.0,0.0,73.0
2600.682007397483,69.0,5.0,1.0,3.0,0.0,73.0
2600.6828769627004,69.0,5.0,1.0,3.0,0.0,73.0
2600.9828769627006,69.0,5.0,1.0,3.0,0.0,73.0
2600.983746527918,69.0,5.0,1.0,3.0,0.0,73.0
2601.283746527918,69.0,5.0,1.0,3.0,0.0,73.0
2601.2846160931354,69.0,5.0,1.0,3.0,0.0,73.0
2601.5846160931355,69.0,5.0,1.0,3.0,0.0,73.0
2601.585485658353,69.0,5.0,1.0,3.0,0.0,73.0
2601.885485658353,69.0,5.0,1.0,3.0,0.0,73.0
2601.8863552235703,69.0,5.0,1.0,3.0,0.0,73.0
2602.1863552235704,69.0,5.0,1.0,3.0,0.0,73.0
2602.1872247887877,69.0,5.0,1.0,3.0,0.0,73.0
2602.487224788788,69.0,5.0,1.0,3.0,0.0,73.0
2602.488094354005,69.0,5.0,1.0,3.0,0.0,73.0
2602.7880943540054,69.0,5.0,1.0,3.0,0.0,73.0
2602.7889639192226,69.0,5.0,1.0,3.0,0.0,73.0
2603.088963919223,69.0,5.0,1.0,3.0,0.0,73.0
2603.08983348444,69.0,5.0,1.0,3.0,0.0,73.0
2603.3898334844403,69.0,5.0,1.0,3.0,0.0,73.0
2603.3907030496575,69.0,5.0,1.0,3.0,0.0,73.0
2603.6907030496577,69.0,5.0,1.0,3.0,0.0,73.0
2603.691572614875,69.0,5.0,1.0,3.0,0.0,73.0
2603.991572614875,69.0,5.0,1.0,3.0,0.0,73.0
2603.9924421800924,69.0,5.0,1.0,3.0,0.0,73.0
2604.2924421800926,69.0,5.0,1.0,3.0,0.0,73.0
2604.29331174531,69.0,5.0,1.0,3.0,0.0,73.0
2604.59331174531,69.0,5.0,1.0,3.0,0.0,73.0
2604.5941813105273,69.0,5.0,1.0,3.0,0.0,73.0
2604.8941813105275,69.0,5.0,1.0,3.0,0.0,73.0
2604.895050875745,69.0,5.0,1.0,3.0,0.0,73.0
2605.195050875745,69.0,5.0,1.0,3.0,0.0,73.0
2605.1959204409623,69.0,5.0,1.0,3.0,0.0,73.0
2605.4959204409624,69.0,5.0,1.0,3.0,0.0,73.0
2605.4967900061797,69.0,5.0,1.0,3.0,0.0,73.0
2605.79679000618,69.0,5.0,1.0,3.0,0.0,73.0
2605.797659571397,69.0,5.0,1.0,3.0,0.0,73.0
2606.0976595713973,69.0,5.0,1.0,3.0,0.0,73.0
2606.0985291366146,69.0,5.0,1.0,3.0,0.0,73.0
2606.398529136615,69.0,5.0,1.0,3.0,0.0,73.0
2606.399398701832,69.0,5.0,1.0,3.0,0.0,73.0
2606.6993987018323,69.0,5.0,1.0,3.0,0.0,73.0
2606.7002682670495,69.0,5.0,1.0,3.0,0.0,73.0
2607.0002682670497,69.0,5.0,1.0,3.0,0.0,73.0
2607.001137832267,69.0,5.0,1.0,3.0,0.0,73.0
2607.301137832267,69.0,5.0,1.0,3.0,0.0,73.0
2607.3020073974844,69.0,5.0,1.0,3.0,0.0,73.0
2607.6020073974846,69.0,5.0,1.0,3.0,0.0,73.0
2607.602876962702,69.0,5.0,1.0,3.0,0.0,73.0
2607.902876962702,69.0,5.0,1.0,3.0,0.0,73.0
2607.9037465279193,69.0,5.0,1.0,3.0,0.0,73.0
2608.2037465279195,69.0,5.0,1.0,3.0,0.0,73.0
2608.204616093137,69.0,5.0,1.0,3.0,0.0,73.0
2608.504616093137,69.0,5.0,1.0,3.0,0.0,73.0
2608.5054856583542,69.0,5.0,1.0,3.0,0.0,73.0
2608.8054856583544,69.0,5.0,1.0,3.0,0.0,73.0
2608.8063552235717,69.0,5.0,1.0,3.0,0.0,73.0
2609.106355223572,69.0,5.0,1.0,3.0,0.0,73.0
2609.107224788789,69.0,5.0,1.0,3.0,0.0,73.0
2609.4072247887893,69.0,5.0,1.0,3.0,0.0,73.0
2609.4080943540066,69.0,5.0,1.0,3.0,0.0,73.0
2609.708094354007,69.0,5.0,1.0,3.0,0.0,73.0
2609.708963919224,69.0,5.0,1.0,3.0,0.0,73.0
2610.0089639192242,69.0,5.0,1.0,3.0,0.0,73.0
2610.0098334844415,69.0,5.0,1.0,3.0,0.0,73.0
2610.3098334844417,69.0,5.0,1.0,3.0,0.0,73.0
2610.310703049659,69.0,5.0,1.0,3.0,0.0,73.0
2610.610703049659,69.0,5.0,1.0,3.0,0.0,73.0
2610.6115726148764,69.0,5.0,1.0,3.0,0.0,73.0
2610.9115726148766,69.0,5.0,1.0,3.0,0.0,73.0
2610.912442180094,69.0,5.0,1.0,3.0,0.0,73.0
2611.212442180094,69.0,5.0,1.0,3.0,0.0,73.0
2611.2133117453113,69.0,5.0,1.0,1.0,0.0,74.0
2611.5133117453115,69.0,5.0,1.0,1.0,0.0,74.0
2611.514181310529,69.0,5.0,1.0,1.0,0.0,74.0
2611.814181310529,69.0,5.0,1.0,1.0,0.0,74.0
2611.8150508757462,69.0,5.0,1.0,1.0,0.0,74.0
2612.1150508757464,69.0,5.0,1.0,1.0,0.0,74.0
2612.1159204409637,69.0,5.0,1.0,1.0,0.0,74.0
2612.415920440964,69.0,5.0,1.0,1.0,0.0,74.0
2612.416790006181,69.0,5.0,1.0,1.0,0.0,74.0
2612.7167900061813,69.0,5.0,1.0,1.0,0.0,74.0
2612.7176595713986,69.0,5.0,1.0,1.0,0.0,74.0
2613.017659571399,69.0,5.0,1.0,1.0,0.0,74.0
2613.018529136616,69.0,5.0,1.0,1.0,0.0,74.0
2613.3185291366162,69.0,5.0,1.0,1.0,0.0,74.0
2613.3193987018335,69.0,5.0,1.0,1.0,0.0,74.0
2613.6193987018337,69.0,5.0,1.0,1.0,0.0,74.0
2613.620268267051,69.0,5.0,1.0,1.0,0.0,74.0
2613.920268267051,69.0,5.0,1.0,1.0,0.0,74.0
2613.9211378322684,69.0,5.0,1.0,1.0,0.0,74.0
2614.2211378322686,69.0,5.0,1.0,1.0,0.0,74.0
2614.222007397486,69.0,5.0,1.0,1.0,0.0,74.0
2614.522007397486,69.0,5.0,1.0,1.0,0.0,74.0
2614.5228769627033,69.0,5.0,1.0,1.0,0.0,74.0
2614.8228769627035,69.0,5.0,1.0,1.0,0.0,74.0
2614.823746527921,69.0,5.0,1.0,1.0,0.0,74.0
2615.123746527921,69.0,5.0,1.0,1.0,0.0,74.0
2615.1246160931382,69.0,5.0,1.0,1.0,0.0,74.0
2615.4246160931384,69.0,5.0,1.0,1.0,0.0,74.0
2615.4254856583557,69.0,5.0,1.0,1.0,0.0,74.0
2615.725485658356,69.0,5.0,1.0,1.0,0.0,74.0
2615.726355223573,69.0,5.0,1.0,1.0,0.0,74.0
2616.0263552235733,69.0,5.0,1.0,1.0,0.0,74.0
2616.0272247887906,69.0,5.0,1.0,1.0,0.0,74.0
2616.3272247887908,69.0,5.0,1.0,1.0,0.0,74.0
2616.328094354008,69.0,5.0,1.0,1.0,0.0,74.0
2616.628094354008,69.0,5.0,1.0,1.0,0.0,74.0
2616.6289639192255,69.0,5.0,1.0,1.0,0.0,74.0
2616.9289639192257,69.0,5.0,1.0,1.0,0.0,74.0
2616.929833484443,69.0,5.0,1.0,1.0,0.0,74.0
2617.229833484443,69.0,5.0,1.0,1.0,0.0,74.0
2617.2307030496604,69.0,5.0,1.0,1.0,0.0,74.0
2617.5307030496606,69.0,5.0,1.0,1.0,0.0,74.0
2617.531572614878,69.0,5.0,1.0,1.0,0.0,74.0
2617.831572614878,69.0,5.0,1.0,1.0,0.0,74.0
2617.8324421800953,69.0,5.0,1.0,1.0,0.0,74.0
2618.1324421800955,69.0,5.0,1.0,1.0,0.0,74.0
2618.1333117453128,69.0,5.0,1.0,1.0,0.0,74.0
2618.433311745313,69.0,5.0,1.0,1.0,0.0,74.0
2618.43418131053,69.0,5.0,1.0,1.0,0.0,74.0
2618.7341813105304,69.0,5.0,1.0,1.0,0.0,74.0
2618.7350508757477,69.0,5.0,1.0,1.0,0.0,74.0
2619.035050875748,69.0,5.0,1.0,1.0,0.0,74.0
2619.035920440965,69.0,5.0,1.0,1.0,0.0,74.0
2619.3359204409653,69.0,5.0,1.0,1.0,0.0,74.0
2619.3367900061826,69.0,5.0,1.0,1.0,0.0,74.0
2619.6367900061828,69.0,5.0,1.0,1.0,0.0,74.0
2619.6376595714,69.0,5.0,1.0,1.0,0.0,74.0
2619.9376595714,69.0,5.0,1.0,1.0,0.0,74.0
2619.9385291366175,69.0,5.0,1.0,1.0,0.0,74.0
2620.2385291366177,69.0,5.0,1.0,1.0,0.0,74.0
2620.239398701835,69.0,5.0,1.0,1.0,0.0,74.0
2620.539398701835,69.0,5.0,1.0,1.0,0.0,74.0
2620.5402682670524,69.0,5.0,1.0,1.0,0.0,74.0
2620.8402682670526,69.0,5.0,1.0,1.0,0.0,74.0
2620.84113783227,69.0,5.0,1.0,1.0,0.0,74.0
2621.14113783227,69.0,5.0,1.0,1.0,0.0,74.0
2621.1420073974873,69.0,5.0,1.0,1.0,0.0,74.0
2621.4420073974875,69.0,5.0,1.0,1.0,0.0,74.0
2621.4428769627048,69.0,5.0,1.0,1.0,0.0,74.0
2621.742876962705,69.0,5.0,1.0,1.0,0.0,74.0
2621.743746527922,69.0,5.0,1.0,1.0,0.0,74.0
2622.0437465279224,69.0,5.0,1.0,1.0,0.0,74.0
2622.0446160931397,69.0,5.0,1.0,1.0,0.0,74.0
2622.34461609314,69.0,5.0,1.0,1.0,0.0,74.0
2622.345485658357,69.0,5.0,1.0,1.0,0.0,74.0
2622.6454856583573,69.0,5.0,1.0,1.0,0.0,74.0
2622.6463552235746,69.0,5.0,1.0,1.0,0.0,74.0
2622.9463552235748,69.0,5.0,1.0,1.0,0.0,74.0
2622.947224788792,69.0,5.0,1.0,1.0,0.0,74.0
2623.247224788792,69.0,5.0,1.0,1.0,0.0,74.0
2623.2480943540095,69.0,5.0,1.0,1.0,0.0,74.0
2623.5480943540097,69.0,5.0,1.0,1.0,0.0,74.0
2623.548963919227,69.0,5.0,1.0,1.0,0.0,74.0
2623.848963919227,69.0,5.0,1.0,1.0,0.0,74.0
2623.8498334844444,69.0,5.0,1.0,1.0,0.0,74.0
2624.1498334844446,69.0,5.0,1.0,1.0,0.0,74.0
2624.150703049662,69.0,5.0,1.0,1.0,0.0,74.0
2624.450703049662,69.0,5.0,1.0,1.0,0.0,74.0
2624.4515726148793,69.0,5.0,1.0,1.0,0.0,74.0
2624.7515726148795,69.0,5.0,1.0,1.0,0.0,74.0
2624.7524421800968,69.0,5.0,1.0,1.0,0.0,74.0
2625.052442180097,69.0,5.0,1.0,1.0,0.0,74.0
2625.053311745314,69.0,5.0,1.0,1.0,0.0,74.0
2625.3533117453144,69.0,5.0,1.0,1.0,0.0,74.0
2625.3541813105317,69.0,5.0,1.0,1.0,0.0,74.0
2625.654181310532,69.0,5.0,1.0,1.0,0.0,74.0
2625.655050875749,69.0,5.0,1.0,1.0,0.0,74.0
2625.9550508757493,69.0,5.0,1.0,1.0,0.0,74.0
2625.9559204409666,69.0,5.0,1.0,1.0,0.0,74.0
2626.2559204409667,69.0,5.0,1.0,1.0,0.0,74.0
2626.256790006184,69.0,5.0,1.0,1.0,0.0,74.0
2626.556790006184,69.0,5.0,1.0,1.0,0.0,74.0
2626.5576595714015,69.0,5.0,1.0,1.0,0.0,74.0
2626.8576595714017,69.0,5.0,1.0,1.0,0.0,74.0
2626.858529136619,69.0,5.0,1.0,1.0,0.0,74.0
2627.158529136619,69.0,5.0,1.0,1.0,0.0,74.0
2627.1593987018364,69.0,5.0,1.0,1.0,0.0,74.0
2627.4593987018366,69.0,5.0,1.0,1.0,0.0,74.0
2627.460268267054,69.0,5.0,1.0,1.0,0.0,74.0
2627.760268267054,69.0,5.0,1.0,1.0,0.0,74.0
2627.7611378322713,69.0,5.0,1.0,1.0,0.0,74.0
2628.0611378322715,69.0,5.0,1.0,1.0,0.0,74.0
2628.0620073974887,69.0,5.0,1.0,1.0,0.0,74.0
2628.362007397489,69.0,5.0,1.0,1.0,0.0,74.0
2628.362876962706,69.0,5.0,1.0,1.0,0.0,74.0
2628.6628769627064,69.0,5.0,1.0,1.0,0.0,74.0
2628.6637465279236,69.0,5.0,1.0,1.0,0.0,74.0
2628.963746527924,69.0,5.0,1.0,1.0,0.0,74.0
2628.964616093141,69.0,5.0,1.0,1.0,0.0,74.0
2629.2646160931413,69.0,5.0,1.0,1.0,0.0,74.0
2629.2654856583586,69.0,5.0,1.0,1.0,0.0,74.0
2629.5654856583587,69.0,5.0,1.0,1.0,0.0,74.0
2629.566355223576,69.0,5.0,1.0,1.0,0.0,74.0
2629.866355223576,69.0,5.0,1.0,1.0,0.0,74.0
2629.8672247887935,69.0,5.0,1.0,1.0,0.0,74.0
2630.1672247887936,69.0,5.0,1.0,1.0,0.0,74.0
2630.168094354011,69.0,5.0,1.0,1.0,0.0,74.0
2630.468094354011,69.0,5.0,1.0,1.0,0.0,74.0
2630.4689639192284,69.0,5.0,1.0,1.0,0.0,74.0
2630.7689639192286,69.0,5.0,1.0,1.0,0.0,74.0
2630.769833484446,69.0,5.0,1.0,1.0,0.0,74.0
2631.069833484446,69.0,5.0,1.0,1.0,0.0,74.0
2631.0707030496633,69.0,5.0,1.0,1.0,0.0,74.0
2631.3707030496635,69.0,5.0,1.0,1.0,0.0,74.0
2631.3715726148807,69.0,5.0,1.0,1.0,0.0,74.0
2631.671572614881,69.0,5.0,1.0,1.0,0.0,74.0
2631.672442180098,69.0,5.0,1.0,1.0,0.0,74.0
2631.9724421800984,69.0,5.0,1.0,1.0,0.0,74.0
2631.9733117453156,69.0,5.0,1.0,1.0,0.0,74.0
2632.273311745316,69.0,5.0,1.0,1.0,0.0,74.0
2632.274181310533,69.0,5.0,1.0,1.0,0.0,74.0
2632.5741813105333,69.0,5.0,1.0,1.0,0.0,74.0
2632.5750508757505,69.0,5.0,1.0,1.0,0.0,74.0
2632.8750508757507,69.0,5.0,1.0,1.0,0.0,74.0
2632.875920440968,69.0,5.0,1.0,1.0,0.0,74.0
2633.175920440968,69.0,5.0,1.0,1.0,0.0,74.0
2633.1767900061855,69.0,5.0,1.0,1.0,0.0,74.0
2633.4767900061856,69.0,5.0,1.0,1.0,0.0,74.0
2633.477659571403,69.0,5.0,1.0,1.0,0.0,74.0
2633.777659571403,69.0,5.0,1.0,1.0,0.0,74.0
2633.7785291366204,69.0,5.0,1.0,1.0,0.0,74.0
2634.0785291366205,69.0,5.0,1.0,1.0,0.0,74.0
2634.079398701838,69.0,5.0,1.0,1.0,0.0,74.0
2634.379398701838,69.0,5.0,1.0,1.0,0.0,74.0
2634.3802682670553,69.0,5.0,1.0,1.0,0.0,74.0
2634.6802682670555,69.0,5.0,1.0,1.0,0.0,74.0
2634.6811378322727,69.0,5.0,1.0,1.0,0.0,74.0
2634.981137832273,69.0,5.0,1.0,1.0,0.0,74.0
2634.98200739749,69.0,5.0,1.0,1.0,0.0,74.0
2635.2820073974904,69.0,5.0,1.0,1.0,0.0,74.0
2635.2828769627076,69.0,5.0,1.0,1.0,0.0,74.0
2635.582876962708,69.0,5.0,1.0,1.0,0.0,74.0
2635.583746527925,69.0,5.0,1.0,1.0,0.0,74.0
2635.8837465279253,69.0,5.0,1.0,1.0,0.0,74.0
2635.8846160931425,69.0,5.0,1.0,1.0,0.0,74.0
2636.1846160931427,69.0,5.0,1.0,1.0,0.0,74.0
2636.18548565836,69.0,5.0,1.0,1.0,0.0,74.0
2636.48548565836,69.0,5.0,1.0,1.0,0.0,74.0
2636.4863552235774,69.0,5.0,1.0,1.0,0.0,74.0
2636.7863552235776,69.0,5.0,1.0,1.0,0.0,74.0
2636.787224788795,69.0,5.0,1.0,1.0,0.0,74.0
2637.087224788795,69.0,5.0,1.0,1.0,0.0,74.0
2637.0880943540124,69.0,5.0,1.0,1.0,0.0,74.0
2637.3880943540125,69.0,5.0,1.0,1.0,0.0,74.0
2637.38896391923,69.0,5.0,1.0,1.0,0.0,74.0
2637.68896391923,69.0,5.0,1.0,1.0,0.0,74.0
2637.6898334844473,69.0,5.0,1.0,1.0,0.0,74.0
2637.9898334844474,69.0,5.0,1.0,1.0,0.0,74.0
2637.9907030496647,69.0,5.0,1.0,1.0,0.0,74.0
2638.290703049665,69.0,5.0,1.0,1.0,0.0,74.0
2638.291572614882,69.0,5.0,1.0,1.0,0.0,74.0
2638.5915726148824,69.0,5.0,1.0,1.0,0.0,74.0
2638.5924421800996,69.0,5.0,1.0,1.0,0.0,74.0
2638.8924421801,69.0,5.0,1.0,1.0,0.0,74.0
2638.893311745317,69.0,5.0,1.0,1.0,0.0,74.0
2639.1933117453173,69.0,5.0,1.0,1.0,0.0,74.0
2639.1941813105345,69.0,5.0,1.0,1.0,0.0,74.0
2639.4941813105347,69.0,5.0,1.0,1.0,0.0,74.0
2639.495050875752,69.0,5.0,1.0,1.0,0.0,74.0
2639.795050875752,69.0,5.0,1.0,1.0,0.0,74.0
2639.7959204409694,69.0,5.0,1.0,1.0,0.0,74.0
2640.0959204409696,69.0,5.0,1.0,1.0,0.0,74.0
2640.096790006187,69.0,5.0,1.0,1.0,0.0,74.0
2640.396790006187,69.0,5.0,1.0,1.0,0.0,74.0
2640.3976595714043,69.0,5.0,1.0,1.0,0.0,74.0
2640.6976595714045,69.0,5.0,1.0,1.0,0.0,74.0
2640.698529136622,69.0,5.0,1.0,1.0,0.0,74.0
2640.998529136622,69.0,5.0,1.0,1.0,0.0,74.0
2640.9993987018393,69.0,5.0,1.0,1.0,0.0,74.0
2641.2993987018394,69.0,5.0,1.0,1.0,0.0,74.0
2641.3002682670567,69.0,5.0,1.0,1.0,0.0,74.0
2641.600268267057,69.0,5.0,1.0,1.0,0.0,74.0
2641.601137832274,69.0,5.0,1.0,1.0,0.0,74.0
2641.9011378322743,69.0,5.0,1.0,1.0,0.0,74.0
2641.9020073974916,69.0,5.0,1.0,1.0,0.0,74.0
2642.202007397492,69.0,5.0,1.0,1.0,0.0,74.0
2642.202876962709,69.0,5.0,1.0,1.0,0.0,74.0
2642.5028769627093,69.0,5.0,1.0,1.0,0.0,74.0
2642.5037465279265,69.0,5.0,1.0,1.0,0.0,74.0
2642.8037465279267,69.0,5.0,1.0,1.0,0.0,74.0
2642.804616093144,69.0,5.0,1.0,1.0,0.0,74.0
2643.104616093144,69.0,5.0,1.0,1.0,0.0,74.0
2643.1054856583614,69.0,5.0,1.0,1.0,0.0,74.0
2643.4054856583616,69.0,5.0,1.0,1.0,0.0,74.0
2643.406355223579,69.0,5.0,1.0,1.0,0.0,74.0
2643.706355223579,69.0,5.0,1.0,1.0,0.0,74.0
2643.7072247887963,69.0,5.0,1.0,1.0,0.0,74.0
2644.0072247887965,69.0,5.0,1.0,1.0,0.0,74.0
2644.008094354014,69.0,5.0,1.0,1.0,0.0,74.0
2644.308094354014,69.0,5.0,1.0,1.0,0.0,74.0
2644.3089639192312,69.0,5.0,1.0,1.0,0.0,74.0
2644.6089639192314,69.0,5.0,1.0,1.0,0.0,74.0
2644.6098334844487,69.0,5.0,1.0,1.0,0.0,74.0
2644.909833484449,69.0,5.0,1.0,1.0,0.0,74.0
2644.910703049666,69.0,5.0,1.0,1.0,0.0,74.0
2645.2107030496663,69.0,5.0,1.0,1.0,0.0,74.0
2645.2115726148836,69.0,5.0,1.0,1.0,0.0,74.0
2645.511572614884,69.0,5.0,1.0,1.0,0.0,74.0
2645.512442180101,69.0,5.0,1.0,1.0,0.0,74.0
2645.8124421801012,69.0,5.0,1.0,1.0,0.0,74.0
2645.8133117453185,69.0,5.0,1.0,1.0,0.0,74.0
2646.1133117453187,69.0,5.0,1.0,1.0,0.0,74.0
2646.114181310536,69.0,5.0,1.0,1.0,0.0,74.0
2646.414181310536,69.0,5.0,1.0,1.0,0.0,74.0
2646.4150508757534,69.0,5.0,1.0,1.0,0.0,74.0
2646.7150508757536,69.0,5.0,1.0,1.0,0.0,74.0
2646.715920440971,69.0,5.0,1.0,1.0,0.0,74.0
2647.015920440971,69.0,5.0,1.0,1.0,0.0,74.0
2647.0167900061883,69.0,5.0,1.0,1.0,0.0,74.0
2647.3167900061885,69.0,5.0,1.0,1.0,0.0,74.0
2647.317659571406,69.0,5.0,1.0,1.0,0.0,74.0
2647.617659571406,69.0,5.0,1.0,1.0,0.0,74.0
2647.6185291366232,69.0,5.0,1.0,1.0,0.0,74.0
2647.9185291366234,69.0,5.0,1.0,1.0,0.0,74.0
2647.9193987018407,69.0,5.0,1.0,1.0,0.0,74.0
2648.219398701841,69.0,5.0,1.0,1.0,0.0,74.0
2648.220268267058,69.0,5.0,1.0,1.0,0.0,74.0
2648.5202682670583,69.0,5.0,1.0,1.0,0.0,74.0
2648.5211378322756,69.0,5.0,1.0,1.0,0.0,74.0
2648.821137832276,69.0,5.0,1.0,1.0,0.0,74.0
2648.822007397493,69.0,5.0,1.0,1.0,0.0,74.0
2649.1220073974932,69.0,5.0,1.0,1.0,0.0,74.0
2649.1228769627105,69.0,5.0,1.0,1.0,0.0,74.0
2649.4228769627107,69.0,5.0,1.0,1.0,0.0,74.0
2649.423746527928,69.0,5.0,1.0,1.0,0.0,74.0
2649.723746527928,69.0,5.0,1.0,1.0,0.0,74.0
2649.7246160931454,69.0,5.0,1.0,1.0,0.0,74.0
2650.0246160931456,69.0,5.0,1.0,1.0,0.0,74.0
2650.025485658363,69.0,5.0,1.0,1.0,0.0,74.0
2650.325485658363,69.0,5.0,1.0,1.0,0.0,74.0
2650.3263552235803,69.0,5.0,1.0,1.0,0.0,74.0
2650.6263552235805,69.0,5.0,1.0,1.0,0.0,74.0
2650.627224788798,69.0,5.0,1.0,1.0,0.0,74.0
2650.927224788798,69.0,5.0,1.0,1.0,0.0,74.0
2650.9280943540152,69.0,5.0,1.0,1.0,0.0,74.0
2651.2280943540154,69.0,5.0,1.0,1.0,0.0,74.0
2651.2289639192327,69.0,5.0,1.0,1.0,0.0,74.0
2651.528963919233,69.0,5.0,1.0,1.0,0.0,74.0
2651.52983348445,69.0,5.0,1.0,1.0,0.0,74.0
2651.8298334844503,69.0,5.0,1.0,1.0,0.0,74.0
2651.8307030496676,69.0,5.0,1.0,1.0,0.0,74.0
2652.1307030496678,69.0,5.0,1.0,1.0,0.0,74.0
2652.131572614885,69.0,5.0,1.0,1.0,0.0,74.0
2652.431572614885,69.0,5.0,1.0,1.0,0.0,74.0
2652.4324421801025,69.0,5.0,1.0,1.0,0.0,74.0
2652.7324421801027,69.0,5.0,1.0,1.0,0.0,74.0
2652.73331174532,69.0,5.0,1.0,1.0,0.0,74.0
2653.03331174532,69.0,5.0,1.0,1.0,0.0,74.0
2653.0341813105374,69.0,5.0,1.0,1.0,0.0,74.0
2653.3341813105376,69.0,5.0,1.0,1.0,0.0,74.0
2653.335050875755,69.0,5.0,1.0,1.0,0.0,74.0
2653.635050875755,69.0,5.0,1.0,1.0,0.0,74.0
2653.6359204409723,69.0,5.0,1.0,1.0,0.0,74.0
2653.9359204409725,69.0,5.0,1.0,1.0,0.0,74.0
2653.9367900061898,69.0,5.0,1.0,1.0,0.0,74.0
2654.23679000619,69.0,5.0,1.0,1.0,0.0,74.0
2654.237659571407,69.0,5.0,1.0,1.0,0.0,74.0
2654.5376595714074,69.0,5.0,1.0,1.0,0.0,74.0
2654.5385291366247,69.0,5.0,1.0,1.0,0.0,74.0
2654.838529136625,69.0,5.0,1.0,1.0,0.0,74.0
2654.839398701842,69.0,5.0,1.0,1.0,0.0,74.0
2655.1393987018423,69.0,5.0,1.0,1.0,0.0,74.0
2655.1402682670596,69.0,5.0,1.0,1.0,0.0,74.0
2655.4402682670598,69.0,5.0,1.0,1.0,0.0,74.0
2655.441137832277,69.0,5.0,1.0,1.0,0.0,74.0
2655.741137832277,69.0,5.0,1.0,1.0,0.0,74.0
2655.7420073974945,69.0,5.0,1.0,1.0,0.0,74.0
2656.0420073974947,69.0,5.0,1.0,1.0,0.0,74.0
2656.042876962712,69.0,5.0,1.0,1.0,0.0,74.0
2656.342876962712,69.0,5.0,1.0,1.0,0.0,74.0
2656.3437465279294,69.0,5.0,1.0,1.0,0.0,74.0
2656.6437465279296,69.0,5.0,1.0,1.0,0.0,74.0
2656.644616093147,69.0,5.0,1.0,1.0,0.0,74.0
2656.944616093147,69.0,5.0,1.0,1.0,0.0,74.0
2656.9454856583643,69.0,5.0,1.0,1.0,0.0,74.0
2657.2454856583645,69.0,5.0,1.0,1.0,0.0,74.0
2657.2463552235818,69.0,5.0,1.0,1.0,0.0,74.0
2657.546355223582,69.0,5.0,1.0,1.0,0.0,74.0
2657.547224788799,69.0,5.0,1.0,1.0,0.0,74.0
2657.8472247887994,69.0,5.0,1.0,1.0,0.0,74.0
2657.8480943540167,69.0,5.0,1.0,1.0,0.0,74.0
2658.148094354017,69.0,5.0,1.0,1.0,0.0,74.0
2658.148963919234,69.0,5.0,1.0,1.0,0.0,74.0
2658.4489639192343,69.0,5.0,1.0,1.0,0.0,74.0
2658.4498334844516,69.0,5.0,1.0,1.0,0.0,74.0
2658.7498334844518,69.0,5.0,1.0,1.0,0.0,74.0
2658.750703049669,69.0,5.0,1.0,1.0,0.0,74.0
2659.050703049669,69.0,5.0,1.0,1.0,0.0,74.0
2659.0515726148865,69.0,5.0,1.0,1.0,0.0,74.0
2659.3515726148867,69.0,5.0,1.0,1.0,0.0,74.0
2659.352442180104,69.0,5.0,1.0,1.0,0.0,74.0
2659.652442180104,69.0,5.0,1.0,1.0,0.0,74.0
2659.6533117453214,69.0,5.0,1.0,1.0,0.0,74.0
2659.9533117453216,69.0,5.0,1.0,1.0,0.0,74.0
2659.954181310539,69.0,5.0,1.0,1.0,0.0,74.0
2660.254181310539,69.0,5.0,1.0,1.0,0.0,74.0
2660.2550508757563,69.0,5.0,1.0,1.0,0.0,74.0
2660.5550508757565,69.0,5.0,1.0,1.0,0.0,74.0
2660.5559204409738,69.0,5.0,1.0,1.0,0.0,74.0
2660.855920440974,69.0,5.0,1.0,1.0,0.0,74.0
2660.856790006191,69.0,5.0,1.0,1.0,0.0,74.0
2661.1567900061914,69.0,5.0,1.0,1.0,0.0,74.0
2661.1576595714087,69.0,5.0,1.0,1.0,0.0,74.0
2661.457659571409,69.0,5.0,1.0,1.0,0.0,74.0
2661.458529136626,69.0,5.0,1.0,1.0,0.0,74.0
2661.7585291366263,69.0,5.0,1.0,1.0,0.0,74.0
2661.7593987018436,69.0,5.0,1.0,1.0,0.0,74.0
2662.0593987018437,69.0,5.0,1.0,1.0,0.0,74.0
2662.060268267061,69.0,5.0,1.0,1.0,0.0,74.0
2662.360268267061,69.0,5.0,1.0,1.0,0.0,74.0
2662.3611378322785,69.0,5.0,1.0,1.0,0.0,74.0
2662.6611378322787,69.0,5.0,1.0,1.0,0.0,74.0
2662.662007397496,69.0,5.0,1.0,1.0,0.0,74.0
2662.962007397496,69.0,5.0,1.0,1.0,0.0,74.0
2662.9628769627134,69.0,5.0,1.0,1.0,0.0,74.0
2663.2628769627136,69.0,5.0,1.0,1.0,0.0,74.0
2663.263746527931,69.0,5.0,1.0,1.0,0.0,74.0
2663.563746527931,69.0,5.0,1.0,1.0,0.0,74.0
2663.5646160931483,69.0,5.0,1.0,1.0,0.0,74.0
2663.8646160931485,69.0,5.0,1.0,1.0,0.0,74.0
2663.8654856583657,69.0,5.0,1.0,1.0,0.0,74.0
2664.165485658366,69.0,5.0,1.0,1.0,0.0,74.0
2664.166355223583,69.0,5.0,1.0,1.0,0.0,74.0
2664.4663552235834,69.0,5.0,1.0,1.0,0.0,74.0
2664.4672247888006,69.0,5.0,1.0,1.0,0.0,74.0
2664.767224788801,69.0,5.0,1.0,1.0,0.0,74.0
2664.768094354018,69.0,5.0,1.0,1.0,0.0,74.0
2665.0680943540183,69.0,5.0,1.0,1.0,0.0,74.0
2665.0689639192356,69.0,5.0,1.0,1.0,0.0,74.0
2665.3689639192357,69.0,5.0,1.0,1.0,0.0,74.0
2665.369833484453,69.0,5.0,1.0,1.0,0.0,74.0
2665.669833484453,69.0,5.0,1.0,1.0,0.0,74.0
2665.6707030496705,69.0,5.0,1.0,1.0,0.0,74.0
2665.9707030496706,69.0,5.0,1.0,1.0,0.0,74.0
2665.971572614888,69.0,5.0,1.0,1.0,0.0,74.0
2666.271572614888,69.0,5.0,1.0,1.0,0.0,74.0
2666.2724421801054,69.0,5.0,1.0,1.0,0.0,74.0
2666.5724421801056,69.0,5.0,1.0,1.0,0.0,74.0
2666.573311745323,69.0,5.0,1.0,1.0,0.0,74.0
2666.873311745323,69.0,5.0,1.0,1.0,0.0,74.0
2666.8741813105403,69.0,5.0,1.0,1.0,0.0,74.0
2667.1741813105405,69.0,5.0,1.0,1.0,0.0,74.0
2667.1750508757577,69.0,5.0,1.0,1.0,0.0,74.0
2667.475050875758,69.0,5.0,1.0,1.0,0.0,74.0
2667.475920440975,69.0,5.0,1.0,1.0,0.0,74.0
2667.7759204409754,69.0,5.0,1.0,1.0,0.0,74.0
2667.7767900061926,69.0,5.0,1.0,1.0,0.0,74.0
2668.076790006193,69.0,5.0,1.0,1.0,0.0,74.0
2668.07765957141,69.0,5.0,1.0,1.0,0.0,74.0
2668.3776595714103,69.0,5.0,1.0,1.0,0.0,74.0
2668.3785291366275,69.0,5.0,1.0,1.0,0.0,74.0
2668.6785291366277,69.0,5.0,1.0,1.0,0.0,74.0
2668.679398701845,69.0,5.0,1.0,1.0,0.0,74.0
2668.979398701845,69.0,5.0,1.0,1.0,0.0,74.0
2668.9802682670625,69.0,5.0,1.0,1.0,0.0,74.0
2669.2802682670626,69.0,5.0,1.0,1.0,0.0,74.0
2669.28113783228,69.0,5.0,1.0,1.0,0.0,74.0
2669.58113783228,69.0,5.0,1.0,1.0,0.0,74.0
2669.5820073974974,69.0,5.0,1.0,1.0,0.0,74.0
2669.8820073974975,69.0,5.0,1.0,1.0,0.0,74.0
2669.882876962715,69.0,5.0,1.0,1.0,0.0,74.0
2670.182876962715,69.0,5.0,1.0,1.0,0.0,74.0
2670.1837465279323,69.0,5.0,1.0,1.0,0.0,74.0
2670.4837465279325,69.0,5.0,1.0,1.0,0.0,74.0
2670.4846160931497,69.0,5.0,1.0,1.0,0.0,74.0
2670.78461609315,69.0,5.0,1.0,1.0,0.0,74.0
2670.785485658367,69.0,5.0,1.0,1.0,0.0,74.0
2671.0854856583674,69.0,5.0,1.0,1.0,0.0,74.0
2671.0863552235846,69.0,5.0,1.0,1.0,0.0,74.0
2671.386355223585,69.0,5.0,1.0,1.0,0.0,74.0
2671.387224788802,69.0,5.0,1.0,1.0,0.0,74.0
2671.6872247888023,69.0,5.0,1.0,1.0,0.0,74.0
2671.6880943540195,69.0,5.0,1.0,1.0,0.0,74.0
2671.9880943540197,69.0,5.0,1.0,1.0,0.0,74.0
2671.988963919237,69.0,5.0,1.0,1.0,0.0,74.0
2672.288963919237,69.0,5.0,1.0,1.0,0.0,74.0
2672.2898334844544,69.0,5.0,1.0,1.0,0.0,74.0
2672.5898334844546,69.0,5.0,1.0,1.0,0.0,74.0
2672.590703049672,69.0,5.0,1.0,1.0,0.0,74.0
2672.890703049672,69.0,5.0,1.0,1.0,0.0,74.0
2672.8915726148894,69.0,5.0,1.0,1.0,0.0,74.0
2673.1915726148895,69.0,5.0,1.0,1.0,0.0,74.0
2673.192442180107,69.0,5.0,1.0,1.0,0.0,74.0
2673.492442180107,69.0,5.0,1.0,1.0,0.0,74.0
2673.4933117453243,69.0,5.0,1.0,1.0,0.0,74.0
2673.7933117453244,69.0,5.0,1.0,1.0,0.0,74.0
2673.7941813105417,69.0,5.0,1.0,1.0,0.0,74.0
2674.094181310542,69.0,5.0,1.0,1.0,0.0,74.0
2674.095050875759,69.0,5.0,1.0,1.0,0.0,74.0
2674.3950508757594,69.0,5.0,1.0,1.0,0.0,74.0
2674.3959204409766,69.0,5.0,1.0,1.0,0.0,74.0
2674.695920440977,69.0,5.0,1.0,1.0,0.0,74.0
2674.696790006194,69.0,5.0,1.0,1.0,0.0,74.0
2674.9967900061943,69.0,5.0,1.0,1.0,0.0,74.0
2674.9976595714115,69.0,5.0,1.0,1.0,0.0,74.0
2675.2976595714117,69.0,5.0,1.0,1.0,0.0,74.0
2675.298529136629,69.0,5.0,1.0,1.0,0.0,74.0
2675.598529136629,69.0,5.0,1.0,1.0,0.0,74.0
2675.5993987018464,69.0,5.0,1.0,1.0,0.0,74.0
2675.8993987018466,69.0,5.0,1.0,1.0,0.0,74.0
2675.900268267064,69.0,5.0,1.0,1.0,0.0,74.0
2676.200268267064,69.0,5.0,1.0,1.0,0.0,74.0
2676.2011378322813,69.0,5.0,1.0,1.0,0.0,74.0
2676.5011378322815,69.0,5.0,1.0,1.0,0.0,74.0
2676.502007397499,69.0,5.0,1.0,1.0,0.0,74.0
2676.802007397499,69.0,5.0,1.0,1.0,0.0,74.0
2676.8028769627163,69.0,5.0,1.0,1.0,0.0,74.0
2677.1028769627164,69.0,5.0,1.0,1.0,0.0,74.0
2677.1037465279337,69.0,5.0,1.0,1.0,0.0,74.0
2677.403746527934,69.0,5.0,1.0,1.0,0.0,74.0
2677.404616093151,69.0,5.0,1.0,1.0,0.0,74.0
2677.7046160931513,69.0,5.0,1.0,1.0,0.0,74.0
2677.7054856583686,68.0,5.0,1.0,1.0,0.0,74.0
2678.005485658369,68.0,5.0,1.0,1.0,0.0,74.0
2678.00636801131,68.0,5.0,1.0,1.0,0.0,74.0
2678.30636801131,68.0,5.0,1.0,1.0,0.0,74.0
2678.307250364251,68.0,5.0,1.0,1.0,0.0,74.0
2678.6072503642513,68.0,5.0,1.0,1.0,0.0,74.0
2678.6081327171923,68.0,5.0,1.0,1.0,0.0,74.0
2678.9081327171925,68.0,5.0,1.0,1.0,0.0,74.0
2678.9090150701336,68.0,5.0,1.0,1.0,0.0,74.0
2679.209015070134,68.0,5.0,1.0,1.0,0.0,74.0
2679.209897423075,68.0,5.0,1.0,1.0,0.0,74.0
2679.509897423075,68.0,5.0,1.0,1.0,0.0,74.0
2679.510779776016,68.0,5.0,1.0,1.0,0.0,74.0
2679.8107797760163,68.0,5.0,1.0,1.0,0.0,74.0
2679.8116621289573,68.0,5.0,1.0,1.0,0.0,74.0
2680.1116621289575,68.0,5.0,1.0,1.0,0.0,74.0
2680.1125444818986,68.0,5.0,1.0,1.0,0.0,74.0
2680.4125444818987,68.0,5.0,1.0,1.0,0.0,74.0
2680.41342683484,68.0,5.0,1.0,1.0,0.0,74.0
2680.71342683484,68.0,5.0,1.0,1.0,0.0,74.0
2680.714309187781,68.0,5.0,1.0,1.0,0.0,74.0
2681.0143091877812,68.0,5.0,1.0,1.0,0.0,74.0
2681.0151915407223,68.0,5.0,1.0,1.0,0.0,74.0
2681.3151915407225,68.0,5.0,1.0,1.0,0.0,74.0
2681.3160738936635,68.0,5.0,1.0,1.0,0.0,74.0
2681.6160738936637,68.0,5.0,1.0,1.0,0.0,74.0
2681.616956246605,68.0,5.0,1.0,1.0,0.0,74.0
2681.916956246605,68.0,5.0,1.0,1.0,0.0,74.0
2681.917838599546,68.0,5.0,1.0,1.0,0.0,74.0
2682.217838599546,68.0,5.0,1.0,1.0,0.0,74.0
2682.2187209524873,68.0,5.0,1.0,1.0,0.0,74.0
2682.5187209524875,68.0,5.0,1.0,1.0,0.0,74.0
2682.5196033054285,68.0,5.0,1.0,1.0,0.0,74.0
2682.8196033054287,68.0,5.0,1.0,1.0,0.0,74.0
2682.8204856583698,68.0,5.0,1.0,1.0,0.0,74.0
2683.12048565837,68.0,5.0,1.0,1.0,0.0,74.0
2683.121368011311,68.0,5.0,1.0,1.0,0.0,74.0
2683.421368011311,68.0,5.0,1.0,1.0,0.0,74.0
2683.4222503642522,68.0,5.0,1.0,1.0,0.0,74.0
2683.7222503642524,68.0,5.0,1.0,1.0,0.0,74.0
2683.7231327171935,68.0,5.0,1.0,1.0,0.0,74.0
2684.0231327171937,68.0,5.0,1.0,1.0,0.0,74.0
2684.0240150701347,68.0,5.0,1.0,1.0,0.0,74.0
2684.324015070135,68.0,5.0,1.0,1.0,0.0,74.0
2684.324897423076,68.0,5.0,1.0,1.0,0.0,74.0
2684.624897423076,68.0,5.0,1.0,1.0,0.0,74.0
2684.625779776017,68.0,5.0,1.0,1.0,0.0,74.0
2684.9257797760174,68.0,5.0,1.0,1.0,0.0,74.0
2684.9266621289585,68.0,5.0,1.0,1.0,0.0,74.0
2685.2266621289587,68.0,5.0,1.0,1.0,0.0,74.0
2685.2275444818997,68.0,5.0,1.0,1.0,0.0,74.0
2685.5275444819,68.0,5.0,1.0,1.0,0.0,74.0
2685.528426834841,68.0,5.0,1.0,1.0,0.0,74.0
2685.828426834841,68.0,5.0,1.0,1.0,0.0,74.0
2685.829309187782,68.0,5.0,1.0,1.0,0.0,74.0
2686.1293091877824,68.0,5.0,1.0,1.0,0.0,74.0
2686.1301915407234,68.0,5.0,1.0,1.0,0.0,74.0
2686.4301915407236,68.0,5.0,1.0,1.0,0.0,74.0
2686.4310738936647,68.0,5.0,1.0,1.0,0.0,74.0
2686.731073893665,68.0,5.0,1.0,1.0,0.0,74.0
2686.731956246606,68.0,5.0,1.0,1.0,0.0,74.0
2687.031956246606,68.0,5.0,1.0,1.0,0.0,74.0
2687.032838599547,68.0,5.0,1.0,1.0,0.0,74.0
2687.3328385995474,68.0,5.0,1.0,1.0,0.0,74.0
2687.3337209524884,68.0,5.0,1.0,1.0,0.0,74.0
2687.6337209524886,68.0,5.0,1.0,1.0,0.0,74.0
2687.6346033054297,68.0,5.0,1.0,1.0,0.0,74.0
2687.93460330543,68.0,5.0,1.0,1.0,0.0,74.0
2687.935485658371,68.0,5.0,1.0,1.0,0.0,74.0
2688.235485658371,68.0,5.0,1.0,1.0,0.0,74.0
2688.236368011312,68.0,5.0,1.0,1.0,0.0,74.0
2688.5363680113123,68.0,5.0,1.0,1.0,0.0,74.0
2688.5372503642534,68.0,5.0,1.0,1.0,0.0,74.0
2688.8372503642536,68.0,5.0,1.0,1.0,0.0,74.0
2688.8381327171946,68.0,5.0,1.0,1.0,0.0,74.0
2689.138132717195,68.0,5.0,1.0,1.0,0.0,74.0
2689.139015070136,68.0,5.0,1.0,1.0,0.0,74.0
2689.439015070136,68.0,5.0,1.0,1.0,0.0,74.0
2689.439897423077,68.0,5.0,1.0,1.0,0.0,74.0
2689.7398974230773,68.0,5.0,1.0,1.0,0.0,74.0
2689.7407797760184,68.0,5.0,1.0,1.0,0.0,74.0
2690.0407797760186,68.0,5.0,1.0,1.0,0.0,74.0
2690.0416621289596,68.0,5.0,1.0,1.0,0.0,74.0
2690.34166212896,68.0,5.0,1.0,1.0,0.0,74.0
2690.342544481901,68.0,5.0,1.0,1.0,0.0,74.0
2690.642544481901,68.0,5.0,1.0,1.0,0.0,74.0
2690.643426834842,68.0,5.0,1.0,1.0,0.0,74.0
2690.9434268348423,68.0,5.0,1.0,1.0,0.0,74.0
2690.9443091877833,68.0,5.0,1.0,1.0,0.0,74.0
2691.2443091877835,68.0,5.0,1.0,1.0,0.0,74.0
2691.2451915407246,68.0,5.0,1.0,1.0,0.0,74.0
2691.5451915407248,68.0,5.0,1.0,1.0,0.0,74.0
2691.546073893666,68.0,5.0,1.0,1.0,0.0,74.0
2691.846073893666,68.0,5.0,1.0,1.0,0.0,74.0
2691.846956246607,68.0,5.0,1.0,1.0,0.0,74.0
2692.1469562466073,68.0,5.0,1.0,1.0,0.0,74.0
2692.1478385995483,68.0,5.0,1.0,1.0,0.0,74.0
2692.4478385995485,68.0,5.0,1.0,1.0,0.0,74.0
2692.4487209524896,68.0,5.0,1.0,1.0,0.0,74.0
2692.7487209524897,68.0,5.0,1.0,1.0,0.0,74.0
2692.749603305431,68.0,5.0,1.0,1.0,0.0,74.0
2693.049603305431,68.0,5.0,1.0,1.0,0.0,74.0
2693.050485658372,68.0,5.0,1.0,1.0,0.0,74.0
2693.3504856583722,68.0,5.0,1.0,1.0,0.0,74.0
2693.3513680113133,68.0,5.0,1.0,1.0,0.0,74.0
2693.6513680113135,68.0,5.0,1.0,1.0,0.0,74.0
2693.6522503642545,68.0,5.0,1.0,1.0,0.0,74.0
2693.9522503642547,68.0,5.0,1.0,1.0,0.0,74.0
2693.953132717196,68.0,5.0,1.0,1.0,0.0,74.0
2694.253132717196,68.0,5.0,1.0,1.0,0.0,74.0
2694.254015070137,68.0,5.0,1.0,1.0,0.0,74.0
2694.554015070137,68.0,5.0,1.0,1.0,0.0,74.0
2694.5548974230783,68.0,5.0,1.0,1.0,0.0,74.0
2694.8548974230785,68.0,5.0,1.0,1.0,0.0,74.0
2694.8557797760195,68.0,5.0,1.0,1.0,0.0,74.0
2695.1557797760197,68.0,5.0,1.0,1.0,0.0,74.0
2695.1566621289608,68.0,5.0,1.0,1.0,0.0,74.0
2695.456662128961,68.0,5.0,1.0,1.0,0.0,74.0
2695.457544481902,68.0,5.0,1.0,1.0,0.0,74.0
2695.757544481902,68.0,5.0,1.0,1.0,0.0,74.0
2695.7584268348432,68.0,5.0,1.0,1.0,0.0,74.0
2696.0584268348434,68.0,5.0,1.0,1.0,0.0,74.0
2696.0593091877845,68.0,5.0,1.0,1.0,0.0,74.0
2696.3593091877847,68.0,5.0,1.0,1.0,0.0,74.0
2696.3601915407257,68.0,5.0,1.0,1.0,0.0,74.0
2696.660191540726,68.0,5.0,1.0,1.0,0.0,74.0
2696.661073893667,68.0,5.0,1.0,1.0,0.0,74.0
2696.961073893667,68.0,5.0,1.0,1.0,0.0,74.0
2696.961956246608,68.0,5.0,1.0,1.0,0.0,74.0
2697.2619562466084,68.0,5.0,1.0,1.0,0.0,74.0
2697.2628385995495,68.0,5.0,1.0,1.0,0.0,74.0
2697.5628385995497,68.0,5.0,1.0,1.0,0.0,74.0
2697.5637209524907,68.0,5.0,1.0,1.0,0.0,74.0
2697.863720952491,68.0,5.0,1.0,1.0,0.0,74.0
2697.864603305432,68.0,5.0,1.0,1.0,0.0,74.0
2698.164603305432,68.0,5.0,1.0,1.0,0.0,74.0
2698.165485658373,68.0,5.0,1.0,1.0,0.0,74.0
2698.4654856583734,68.0,5.0,1.0,1.0,0.0,74.0
2698.4663680113144,68.0,5.0,1.0,1.0,0.0,74.0
2698.7663680113146,68.0,5.0,1.0,1.0,0.0,74.0
2698.7672503642557,68.0,5.0,1.0,1.0,0.0,74.0
2699.067250364256,68.0,5.0,1.0,1.0,0.0,74.0
2699.068132717197,68.0,5.0,1.0,1.0,0.0,74.0
2699.368132717197,68.0,5.0,1.0,1.0,0.0,74.0
2699.369015070138,68.0,5.0,1.0,1.0,0.0,74.0
2699.6690150701384,68.0,5.0,1.0,1.0,0.0,74.0
2699.6698974230794,68.0,5.0,1.0,1.0,0.0,74.0
2699.9698974230796,68.0,5.0,1.0,1.0,0.0,74.0
2699.9707797760207,68.0,5.0,1.0,1.0,0.0,74.0
2700.270779776021,68.0,5.0,1.0,1.0,0.0,74.0
2700.271662128962,68.0,5.0,1.0,1.0,0.0,74.0
2700.571662128962,68.0,5.0,1.0,1.0,0.0,74.0
2700.572544481903,68.0,5.0,1.0,1.0,0.0,74.0
2700.8725444819033,68.0,5.0,1.0,1.0,0.0,74.0
2700.8734268348444,68.0,5.0,1.0,1.0,0.0,74.0
2701.1734268348446,68.0,5.0,1.0,1.0,0.0,74.0
2701.1743091877856,68.0,5.0,1.0,1.0,0.0,74.0
2701.474309187786,68.0,5.0,1.0,1.0,0.0,74.0
2701.475191540727,68.0,5.0,1.0,1.0,0.0,74.0
2701.775191540727,68.0,5.0,1.0,1.0,0.0,74.0
2701.776073893668,68.0,5.0,1.0,1.0,0.0,74.0
2702.0760738936683,68.0,5.0,1.0,1.0,0.0,74.0
2702.0769562466094,68.0,5.0,1.0,1.0,0.0,74.0
2702.3769562466096,68.0,5.0,1.0,1.0,0.0,74.0
2702.3778385995506,68.0,5.0,1.0,1.0,0.0,74.0
2702.677838599551,68.0,5.0,1.0,1.0,0.0,74.0
2702.678720952492,68.0,5.0,1.0,1.0,0.0,74.0
2702.978720952492,68.0,5.0,1.0,1.0,0.0,74.0
2702.979603305433,68.0,5.0,1.0,1.0,0.0,74.0
2703.2796033054333,68.0,5.0,1.0,1.0,0.0,74.0
2703.2804856583743,68.0,5.0,1.0,1.0,0.0,74.0
2703.5804856583745,68.0,5.0,1.0,1.0,0.0,74.0
2703.5813680113156,68.0,5.0,1.0,1.0,0.0,74.0
2703.8813680113158,68.0,5.0,1.0,1.0,0.0,74.0
2703.882250364257,68.0,5.0,1.0,1.0,0.0,74.0
2704.182250364257,68.0,5.0,1.0,1.0,0.0,74.0
2704.183132717198,68.0,5.0,1.0,1.0,0.0,74.0
2704.4831327171983,68.0,5.0,1.0,1.0,0.0,74.0
2704.4840150701393,68.0,5.0,1.0,1.0,0.0,74.0
2704.7840150701395,68.0,5.0,1.0,1.0,0.0,74.0
2704.7848974230806,68.0,5.0,1.0,1.0,0.0,74.0
2705.0848974230807,68.0,5.0,1.0,1.0,0.0,74.0
2705.085779776022,68.0,5.0,1.0,1.0,0.0,74.0
2705.385779776022,68.0,5.0,1.0,1.0,0.0,74.0
2705.386662128963,68.0,5.0,1.0,1.0,0.0,74.0
2705.6866621289632,68.0,5.0,1.0,1.0,0.0,74.0
2705.6875444819043,68.0,5.0,1.0,1.0,0.0,74.0
2705.9875444819045,68.0,5.0,1.0,1.0,0.0,74.0
2705.9884268348455,68.0,5.0,1.0,1.0,0.0,74.0
2706.2884268348457,68.0,5.0,1.0,1.0,0.0,74.0
2706.289309187787,68.0,5.0,1.0,1.0,0.0,74.0
2706.589309187787,68.0,5.0,1.0,1.0,0.0,74.0
2706.590191540728,68.0,5.0,1.0,1.0,0.0,74.0
2706.890191540728,68.0,5.0,1.0,1.0,0.0,74.0
2706.8910738936693,68.0,5.0,1.0,1.0,0.0,74.0
2707.1910738936695,68.0,5.0,1.0,1.0,0.0,74.0
2707.1919562466105,68.0,5.0,1.0,1.0,0.0,74.0
2707.4919562466107,68.0,5.0,1.0,1.0,0.0,74.0
2707.4928385995518,68.0,5.0,1.0,1.0,0.0,74.0
2707.792838599552,68.0,5.0,1.0,1.0,0.0,74.0
2707.793720952493,68.0,5.0,1.0,1.0,0.0,74.0
2708.093720952493,68.0,5.0,1.0,1.0,0.0,74.0
2708.0946033054342,68.0,5.0,1.0,1.0,0.0,74.0
2708.3946033054344,68.0,5.0,1.0,1.0,0.0,74.0
2708.3954856583755,68.0,5.0,1.0,1.0,0.0,74.0
2708.6954856583757,68.0,5.0,1.0,1.0,0.0,74.0
2708.6963680113167,68.0,5.0,1.0,1.0,0.0,74.0
2708.996368011317,68.0,5.0,1.0,1.0,0.0,74.0
2708.997250364258,68.0,5.0,1.0,1.0,0.0,74.0
2709.297250364258,68.0,5.0,1.0,1.0,0.0,74.0
2709.298132717199,68.0,5.0,1.0,1.0,0.0,74.0
2709.5981327171994,68.0,5.0,1.0,1.0,0.0,74.0
2709.5990150701405,68.0,5.0,1.0,1.0,0.0,74.0
2709.8990150701406,68.0,5.0,1.0,1.0,0.0,74.0
2709.8998974230817,68.0,5.0,1.0,1.0,0.0,74.0
2710.199897423082,68.0,5.0,1.0,1.0,0.0,74.0
2710.200779776023,68.0,5.0,1.0,1.0,0.0,74.0
2710.500779776023,68.0,5.0,1.0,1.0,0.0,74.0
2710.501662128964,68.0,5.0,1.0,1.0,0.0,74.0
2710.8016621289644,68.0,5.0,1.0,1.0,0.0,74.0
2710.8025444819054,68.0,5.0,1.0,1.0,0.0,74.0
2711.1025444819056,68.0,5.0,1.0,1.0,0.0,74.0
2711.1034268348467,68.0,5.0,1.0,1.0,0.0,74.0
2711.403426834847,68.0,5.0,1.0,1.0,0.0,74.0
2711.404309187788,68.0,5.0,1.0,1.0,0.0,74.0
2711.704309187788,68.0,5.0,1.0,1.0,0.0,74.0
2711.705191540729,68.0,5.0,1.0,1.0,0.0,74.0
2712.0051915407294,68.0,5.0,1.0,1.0,0.0,74.0
2712.0060738936704,68.0,5.0,1.0,1.0,0.0,74.0
2712.3060738936706,68.0,5.0,1.0,1.0,0.0,74.0
2712.3069562466117,68.0,5.0,1.0,1.0,0.0,74.0
2712.606956246612,68.0,5.0,1.0,1.0,0.0,74.0
2712.607838599553,68.0,5.0,1.0,1.0,0.0,74.0
2712.907838599553,68.0,5.0,1.0,1.0,0.0,74.0
2712.908720952494,68.0,5.0,1.0,1.0,0.0,74.0
2713.2087209524943,68.0,5.0,1.0,1.0,0.0,74.0
2713.2096033054354,68.0,5.0,1.0,1.0,0.0,74.0
2713.5096033054356,68.0,5.0,1.0,1.0,0.0,74.0
2713.5104856583766,68.0,5.0,1.0,1.0,0.0,74.0
2713.810485658377,68.0,5.0,1.0,1.0,0.0,74.0
2713.811368011318,68.0,5.0,1.0,1.0,0.0,74.0
2714.111368011318,68.0,5.0,1.0,1.0,0.0,74.0
2714.112250364259,68.0,5.0,1.0,1.0,0.0,74.0
2714.4122503642593,68.0,5.0,1.0,1.0,0.0,74.0
2714.4131327172004,68.0,5.0,1.0,1.0,0.0,74.0
2714.7131327172006,68.0,5.0,1.0,1.0,0.0,74.0
2714.7140150701416,68.0,5.0,1.0,1.0,0.0,74.0
2715.014015070142,68.0,5.0,1.0,1.0,0.0,74.0
2715.014897423083,68.0,5.0,1.0,1.0,0.0,74.0
2715.314897423083,68.0,5.0,1.0,1.0,0.0,74.0
2715.315779776024,68.0,5.0,1.0,1.0,0.0,74.0
2715.6157797760243,68.0,5.0,1.0,1.0,0.0,74.0
2715.6166621289653,68.0,5.0,1.0,1.0,0.0,74.0
2715.9166621289655,68.0,5.0,1.0,1.0,0.0,74.0
2715.9175444819066,68.0,5.0,1.0,1.0,0.0,74.0
2716.2175444819068,68.0,5.0,1.0,1.0,0.0,74.0
2716.218426834848,68.0,5.0,1.0,1.0,0.0,74.0
2716.518426834848,68.0,5.0,1.0,1.0,0.0,74.0
2716.519309187789,68.0,5.0,1.0,1.0,0.0,74.0
2716.8193091877893,68.0,5.0,1.0,1.0,0.0,74.0
2716.8201915407303,68.0,5.0,1.0,1.0,0.0,74.0
2717.1201915407305,68.0,5.0,1.0,1.0,0.0,74.0
2717.1210738936716,68.0,5.0,1.0,1.0,0.0,74.0
2717.4210738936717,68.0,5.0,1.0,1.0,0.0,74.0
2717.421956246613,68.0,5.0,1.0,1.0,0.0,74.0
2717.721956246613,68.0,5.0,1.0,1.0,0.0,74.0
2717.722838599554,68.0,5.0,1.0,1.0,0.0,74.0
2718.0228385995542,68.0,5.0,1.0,1.0,0.0,74.0
2718.0237209524953,68.0,5.0,1.0,1.0,0.0,74.0
2718.3237209524955,68.0,5.0,1.0,1.0,0.0,74.0
2718.3246033054365,68.0,5.0,1.0,1.0,0.0,74.0
2718.6246033054367,68.0,5.0,1.0,1.0,0.0,74.0
2718.625485658378,68.0,5.0,1.0,1.0,0.0,74.0
2718.925485658378,68.0,5.0,1.0,1.0,0.0,74.0
2718.926368011319,68.0,5.0,1.0,1.0,0.0,74.0
2719.226368011319,68.0,5.0,1.0,1.0,0.0,74.0
2719.2272503642603,68.0,5.0,1.0,1.0,0.0,74.0
2719.5272503642605,68.0,5.0,1.0,1.0,0.0,74.0
2719.5281327172015,68.0,5.0,1.0,1.0,0.0,74.0
2719.8281327172017,68.0,5.0,1.0,1.0,0.0,74.0
2719.8290150701428,68.0,5.0,1.0,1.0,0.0,74.0
2720.129015070143,68.0,5.0,1.0,1.0,0.0,74.0
2720.129897423084,68.0,5.0,1.0,1.0,0.0,74.0
2720.429897423084,68.0,5.0,1.0,1.0,0.0,74.0
2720.4307797760252,68.0,5.0,1.0,1.0,0.0,74.0
2720.7307797760254,68.0,5.0,1.0,1.0,0.0,74.0
2720.7316621289665,68.0,5.0,1.0,1.0,0.0,74.0
2721.0316621289667,68.0,5.0,1.0,1.0,0.0,74.0
2721.0325444819077,68.0,5.0,1.0,1.0,0.0,74.0
2721.332544481908,68.0,5.0,1.0,1.0,0.0,74.0
2721.333426834849,68.0,5.0,1.0,1.0,0.0,74.0
2721.633426834849,68.0,5.0,1.0,1.0,0.0,74.0
2721.63430918779,68.0,5.0,1.0,1.0,0.0,74.0
2721.9343091877904,68.0,5.0,1.0,1.0,0.0,74.0
2721.9351915407315,68.0,5.0,1.0,1.0,0.0,74.0
2722.2351915407316,68.0,5.0,1.0,1.0,0.0,74.0
2722.2360738936727,68.0,5.0,1.0,1.0,0.0,74.0
2722.536073893673,68.0,5.0,1.0,1.0,0.0,74.0
2722.536956246614,68.0,5.0,1.0,1.0,0.0,74.0
2722.836956246614,68.0,5.0,1.0,1.0,0.0,74.0
2722.837838599555,68.0,5.0,1.0,1.0,0.0,74.0
2723.1378385995554,68.0,5.0,1.0,1.0,0.0,74.0
2723.1387209524964,68.0,5.0,1.0,1.0,0.0,74.0
2723.4387209524966,68.0,5.0,1.0,1.0,0.0,74.0
2723.4396033054377,68.0,5.0,1.0,1.0,0.0,74.0
2723.739603305438,68.0,5.0,1.0,1.0,0.0,74.0
2723.740485658379,68.0,5.0,1.0,1.0,0.0,74.0
2724.040485658379,68.0,5.0,1.0,1.0,0.0,74.0
2724.04136801132,68.0,5.0,1.0,1.0,0.0,74.0
2724.3413680113204,68.0,5.0,1.0,1.0,0.0,74.0
2724.3422503642614,68.0,5.0,1.0,1.0,0.0,74.0
2724.6422503642616,68.0,5.0,1.0,1.0,0.0,74.0
2724.6431327172027,68.0,5.0,1.0,1.0,0.0,74.0
2724.943132717203,68.0,5.0,1.0,1.0,0.0,74.0
2724.944015070144,68.0,5.0,1.0,1.0,0.0,74.0
2725.244015070144,68.0,5.0,1.0,1.0,0.0,74.0
2725.244897423085,68.0,5.0,1.0,1.0,0.0,74.0
2725.5448974230853,68.0,5.0,1.0,1.0,0.0,74.0
2725.5457797760264,68.0,5.0,1.0,1.0,0.0,74.0
2725.8457797760266,68.0,5.0,1.0,1.0,0.0,74.0
2725.8466621289676,68.0,5.0,1.0,1.0,0.0,74.0
2726.146662128968,68.0,5.0,1.0,1.0,0.0,74.0
2726.147544481909,68.0,5.0,1.0,1.0,0.0,74.0
2726.447544481909,68.0,5.0,1.0,1.0,0.0,74.0
2726.44842683485,68.0,5.0,1.0,1.0,0.0,74.0
2726.7484268348503,68.0,5.0,1.0,1.0,0.0,74.0
2726.7493091877914,68.0,5.0,1.0,1.0,0.0,74.0
2727.0493091877916,68.0,5.0,1.0,1.0,0.0,74.0
2727.0501915407326,68.0,5.0,1.0,1.0,0.0,74.0
2727.350191540733,68.0,5.0,1.0,1.0,0.0,74.0
2727.351073893674,68.0,5.0,1.0,1.0,0.0,74.0
2727.651073893674,68.0,5.0,1.0,1.0,0.0,74.0
2727.651956246615,68.0,5.0,1.0,1.0,0.0,74.0
2727.9519562466153,68.0,5.0,1.0,1.0,0.0,74.0
2727.9528385995563,68.0,5.0,1.0,1.0,0.0,74.0
2728.2528385995565,68.0,5.0,1.0,1.0,0.0,74.0
2728.2537209524976,68.0,5.0,1.0,1.0,0.0,74.0
2728.5537209524978,68.0,5.0,1.0,1.0,0.0,74.0
2728.554603305439,68.0,5.0,1.0,1.0,0.0,74.0
2728.854603305439,68.0,5.0,1.0,1.0,0.0,74.0
2728.85548565838,68.0,5.0,1.0,1.0,0.0,74.0
2729.1554856583803,68.0,5.0,1.0,1.0,0.0,74.0
2729.1563680113213,68.0,5.0,1.0,1.0,0.0,74.0
2729.4563680113215,68.0,5.0,1.0,1.0,0.0,74.0
2729.4572503642626,68.0,5.0,1.0,1.0,0.0,74.0
2729.7572503642627,68.0,5.0,1.0,1.0,0.0,74.0
2729.758132717204,68.0,5.0,1.0,1.0,0.0,74.0
2730.058132717204,68.0,5.0,1.0,1.0,0.0,74.0
2730.059015070145,68.0,5.0,1.0,1.0,0.0,74.0
2730.3590150701452,68.0,5.0,1.0,1.0,0.0,74.0
2730.3598974230863,68.0,5.0,1.0,1.0,0.0,74.0
2730.6598974230865,68.0,5.0,1.0,1.0,0.0,74.0
2730.6607797760275,68.0,5.0,1.0,1.0,0.0,74.0
2730.9607797760277,68.0,5.0,1.0,1.0,0.0,74.0
2730.961662128969,68.0,5.0,1.0,1.0,0.0,74.0
2731.261662128969,68.0,5.0,1.0,1.0,0.0,74.0
2731.26254448191,68.0,5.0,1.0,1.0,0.0,74.0
2731.56254448191,68.0,5.0,1.0,1.0,0.0,74.0
2731.5634268348513,68.0,5.0,1.0,1.0,0.0,74.0
2731.8634268348515,68.0,5.0,1.0,1.0,0.0,74.0
2731.8643091877925,68.0,5.0,1.0,1.0,0.0,74.0
2732.1643091877927,68.0,5.0,1.0,1.0,0.0,74.0
2732.1651915407338,68.0,5.0,1.0,1.0,0.0,74.0
2732.465191540734,68.0,5.0,1.0,1.0,0.0,74.0
2732.466073893675,68.0,5.0,1.0,1.0,0.0,74.0
2732.766073893675,68.0,5.0,1.0,1.0,0.0,74.0
2732.7669562466162,68.0,5.0,1.0,1.0,0.0,74.0
2733.0669562466164,68.0,5.0,1.0,1.0,0.0,74.0
2733.0678385995575,68.0,5.0,1.0,1.0,0.0,74.0
2733.3678385995577,68.0,5.0,1.0,1.0,0.0,74.0
2733.3687209524987,68.0,5.0,1.0,1.0,0.0,74.0
2733.668720952499,68.0,5.0,1.0,1.0,0.0,74.0
2733.66960330544,68.0,5.0,1.0,1.0,0.0,74.0
2733.96960330544,68.0,5.0,1.0,1.0,0.0,74.0
2733.970485658381,68.0,5.0,1.0,1.0,0.0,74.0
2734.2704856583814,68.0,5.0,1.0,1.0,0.0,74.0
2734.2713680113225,68.0,5.0,1.0,1.0,0.0,74.0
2734.5713680113226,68.0,5.0,1.0,1.0,0.0,74.0
2734.5722503642637,68.0,5.0,1.0,1.0,0.0,74.0
2734.872250364264,68.0,5.0,1.0,1.0,0.0,74.0
2734.873132717205,68.0,5.0,1.0,1.0,0.0,74.0
2735.173132717205,68.0,5.0,1.0,1.0,0.0,74.0
2735.174015070146,68.0,5.0,1.0,1.0,0.0,74.0
2735.4740150701464,68.0,5.0,1.0,1.0,0.0,74.0
2735.4748974230874,68.0,5.0,1.0,1.0,0.0,74.0
2735.7748974230876,68.0,5.0,1.0,1.0,0.0,74.0
2735.7757797760287,68.0,5.0,1.0,1.0,0.0,74.0
2736.075779776029,68.0,5.0,1.0,1.0,0.0,74.0
2736.07666212897,68.0,5.0,1.0,1.0,0.0,74.0
2736.37666212897,68.0,5.0,1.0,1.0,0.0,74.0
2736.377544481911,68.0,5.0,1.0,1.0,0.0,74.0
2736.6775444819114,68.0,5.0,1.0,1.0,0.0,74.0
2736.6784268348524,68.0,5.0,1.0,1.0,0.0,74.0
2736.9784268348526,68.0,5.0,1.0,1.0,0.0,74.0
2736.9793091877937,68.0,5.0,1.0,1.0,0.0,74.0
2737.279309187794,68.0,5.0,1.0,1.0,0.0,74.0
2737.280191540735,68.0,5.0,1.0,1.0,0.0,74.0
2737.580191540735,68.0,5.0,1.0,1.0,0.0,74.0
2737.581073893676,68.0,5.0,1.0,1.0,0.0,74.0
2737.8810738936763,68.0,5.0,1.0,1.0,0.0,74.0
2737.8819562466174,68.0,5.0,1.0,1.0,0.0,74.0
2738.1819562466176,68.0,5.0,1.0,1.0,0.0,74.0
2738.1828385995586,68.0,5.0,1.0,1.0,0.0,74.0
2738.482838599559,68.0,5.0,1.0,1.0,0.0,74.0
2738.4837209525,68.0,5.0,1.0,1.0,0.0,74.0
2738.7837209525,68.0,5.0,1.0,1.0,0.0,74.0
2738.784603305441,68.0,5.0,1.0,1.0,0.0,74.0
2739.0846033054413,68.0,5.0,1.0,1.0,0.0,74.0
2739.0854856583824,68.0,5.0,1.0,1.0,0.0,74.0
2739.3854856583825,68.0,5.0,1.0,1.0,0.0,74.0
2739.3863680113236,68.0,5.0,1.0,1.0,0.0,74.0
2739.686368011324,68.0,5.0,1.0,1.0,0.0,74.0
2739.687250364265,68.0,5.0,1.0,1.0,0.0,74.0
2739.987250364265,68.0,5.0,1.0,1.0,0.0,74.0
2739.988132717206,68.0,5.0,1.0,1.0,0.0,74.0
2740.2881327172063,68.0,5.0,1.0,1.0,0.0,74.0
2740.2890150701473,68.0,5.0,1.0,1.0,0.0,74.0
2740.5890150701475,68.0,5.0,1.0,1.0,0.0,74.0
2740.5898974230886,68.0,5.0,1.0,1.0,0.0,74.0
2740.8898974230888,68.0,5.0,1.0,1.0,0.0,74.0
2740.89077977603,68.0,5.0,1.0,1.0,0.0,74.0
2741.19077977603,68.0,5.0,1.0,1.0,0.0,74.0
2741.191662128971,68.0,5.0,1.0,1.0,0.0,74.0
2741.4916621289713,68.0,5.0,1.0,1.0,0.0,74.0
2741.4925444819123,68.0,5.0,1.0,1.0,0.0,74.0
2741.7925444819125,68.0,5.0,1.0,1.0,0.0,74.0
2741.7934268348536,68.0,5.0,1.0,1.0,0.0,74.0
2742.0934268348537,68.0,5.0,1.0,1.0,0.0,74.0
2742.094309187795,68.0,5.0,1.0,1.0,0.0,74.0
2742.394309187795,68.0,5.0,1.0,1.0,0.0,74.0
2742.395191540736,68.0,5.0,1.0,1.0,0.0,74.0
2742.6951915407362,68.0,5.0,1.0,1.0,0.0,74.0
2742.6960738936773,68.0,5.0,1.0,1.0,0.0,74.0
2742.9960738936775,68.0,5.0,1.0,1.0,0.0,74.0
2742.9969562466185,68.0,5.0,1.0,1.0,0.0,74.0
2743.2969562466187,68.0,5.0,1.0,1.0,0.0,74.0
2743.29783859956,68.0,5.0,1.0,1.0,0.0,74.0
2743.59783859956,68.0,5.0,1.0,1.0,0.0,74.0
2743.598720952501,68.0,5.0,1.0,1.0,0.0,74.0
2743.898720952501,68.0,5.0,1.0,1.0,0.0,74.0
2743.8996033054423,68.0,5.0,1.0,1.0,0.0,74.0
2744.1996033054425,68.0,5.0,1.0,1.0,0.0,74.0
2744.2004856583835,68.0,5.0,1.0,1.0,0.0,74.0
2744.5004856583837,68.0,5.0,1.0,1.0,0.0,74.0
2744.5013680113248,68.0,5.0,1.0,1.0,0.0,74.0
2744.801368011325,68.0,5.0,1.0,1.0,0.0,74.0
2744.802250364266,68.0,5.0,1.0,1.0,0.0,74.0
2745.102250364266,68.0,5.0,1.0,1.0,0.0,74.0
2745.1031327172072,68.0,5.0,1.0,1.0,0.0,74.0
2745.4031327172074,68.0,5.0,1.0,1.0,0.0,74.0
2745.4040150701485,68.0,5.0,1.0,1.0,0.0,74.0
2745.7040150701487,68.0,5.0,1.0,1.0,0.0,74.0
2745.7048974230897,68.0,5.0,1.0,1.0,0.0,74.0
2746.00489742309,68.0,5.0,1.0,1.0,0.0,74.0
2746.005779776031,68.0,5.0,1.0,1.0,0.0,74.0
2746.305779776031,68.0,5.0,1.0,1.0,0.0,74.0
2746.306662128972,68.0,5.0,1.0,1.0,0.0,74.0
2746.6066621289724,68.0,5.0,1.0,1.0,0.0,74.0
2746.6075444819135,68.0,5.0,1.0,1.0,0.0,74.0
2746.9075444819136,68.0,5.0,1.0,1.0,0.0,74.0
2746.9084268348547,68.0,5.0,1.0,1.0,0.0,74.0
2747.208426834855,68.0,5.0,1.0,1.0,0.0,74.0
2747.209309187796,68.0,5.0,1.0,1.0,0.0,74.0
2747.509309187796,68.0,5.0,1.0,1.0,0.0,74.0
2747.510191540737,68.0,5.0,1.0,1.0,0.0,74.0
2747.8101915407374,68.0,5.0,1.0,1.0,0.0,74.0
2747.8110738936784,68.0,5.0,1.0,1.0,0.0,74.0
2748.1110738936786,68.0,5.0,1.0,1.0,0.0,74.0
2748.1119562466197,68.0,5.0,1.0,1.0,0.0,74.0
2748.41195624662,68.0,5.0,1.0,1.0,0.0,74.0
2748.412838599561,68.0,5.0,1.0,1.0,0.0,74.0
2748.712838599561,68.0,5.0,1.0,1.0,0.0,74.0
2748.713720952502,68.0,5.0,1.0,1.0,0.0,74.0
2749.0137209525024,68.0,5.0,1.0,1.0,0.0,74.0
2749.0146033054434,68.0,5.0,1.0,1.0,0.0,74.0
2749.3146033054436,68.0,5.0,1.0,1.0,0.0,74.0
2749.3154856583847,68.0,5.0,1.0,1.0,0.0,74.0
2749.615485658385,68.0,5.0,1.0,1.0,0.0,74.0
2749.616368011326,68.0,5.0,1.0,1.0,0.0,74.0
2749.916368011326,68.0,5.0,1.0,1.0,0.0,74.0
2749.917250364267,68.0,5.0,1.0,1.0,0.0,74.0
2750.2172503642673,68.0,5.0,1.0,1.0,0.0,74.0
2750.2181327172084,68.0,5.0,1.0,1.0,0.0,74.0
2750.5181327172086,68.0,5.0,1.0,1.0,0.0,74.0
2750.5190150701496,68.0,5.0,1.0,1.0,0.0,74.0
2750.81901507015,68.0,5.0,1.0,1.0,0.0,74.0
2750.819897423091,68.0,5.0,1.0,1.0,0.0,74.0
2751.119897423091,68.0,5.0,1.0,1.0,0.0,74.0
2751.120779776032,68.0,5.0,1.0,1.0,0.0,74.0
2751.4207797760323,68.0,5.0,1.0,1.0,0.0,74.0
2751.4216621289734,68.0,5.0,1.0,1.0,0.0,74.0
2751.7216621289735,68.0,5.0,1.0,1.0,0.0,74.0
2751.7225444819146,68.0,5.0,1.0,1.0,0.0,74.0
2752.022544481915,68.0,5.0,1.0,1.0,0.0,74.0
2752.023426834856,68.0,5.0,1.0,1.0,0.0,74.0
2752.323426834856,68.0,5.0,1.0,1.0,0.0,74.0
2752.324309187797,68.0,5.0,1.0,1.0,0.0,74.0
2752.6243091877973,68.0,5.0,1.0,1.0,0.0,74.0
2752.6251915407383,68.0,5.0,1.0,1.0,0.0,74.0
2752.9251915407385,68.0,5.0,1.0,1.0,0.0,74.0
2752.9260738936796,68.0,5.0,1.0,1.0,0.0,74.0
2753.2260738936798,68.0,5.0,1.0,1.0,0.0,74.0
2753.226956246621,68.0,5.0,1.0,1.0,0.0,74.0
2753.526956246621,68.0,5.0,1.0,1.0,0.0,74.0
2753.527838599562,68.0,5.0,1.0,1.0,0.0,74.0
2753.8278385995623,68.0,5.0,1.0,1.0,0.0,74.0
2753.8287209525033,68.0,5.0,1.0,1.0,0.0,74.0
2754.1287209525035,68.0,5.0,1.0,1.0,0.0,74.0
2754.1296033054446,68.0,5.0,1.0,1.0,0.0,74.0
2754.4296033054447,68.0,5.0,1.0,1.0,0.0,74.0
2754.430485658386,68.0,5.0,1.0,1.0,0.0,74.0
2754.730485658386,68.0,5.0,1.0,1.0,0.0,74.0
2754.731368011327,68.0,5.0,1.0,1.0,0.0,74.0
2755.0313680113272,68.0,5.0,1.0,1.0,0.0,74.0
2755.0322503642683,68.0,5.0,1.0,1.0,0.0,74.0
2755.3322503642685,68.0,5.0,1.0,1.0,0.0,74.0
2755.3331327172095,68.0,5.0,1.0,1.0,0.0,74.0
2755.6331327172097,68.0,5.0,1.0,1.0,0.0,74.0
2755.634015070151,68.0,5.0,1.0,1.0,0.0,74.0
2755.934015070151,68.0,5.0,1.0,1.0,0.0,74.0
2755.934897423092,68.0,5.0,1.0,1.0,0.0,74.0
2756.234897423092,68.0,5.0,1.0,1.0,0.0,74.0
2756.2357797760333,68.0,5.0,1.0,1.0,0.0,74.0
2756.5357797760335,68.0,5.0,1.0,1.0,0.0,74.0
2756.5366621289745,68.0,5.0,1.0,1.0,0.0,74.0
2756.8366621289747,68.0,5.0,1.0,1.0,0.0,74.0
2756.8375444819158,68.0,5.0,1.0,1.0,0.0,74.0
2757.137544481916,68.0,5.0,1.0,1.0,0.0,74.0
2757.138426834857,68.0,5.0,1.0,1.0,0.0,74.0
2757.438426834857,68.0,5.0,1.0,1.0,0.0,74.0
2757.4393091877982,68.0,5.0,1.0,1.0,0.0,74.0
2757.7393091877984,68.0,5.0,1.0,1.0,0.0,74.0
2757.7401915407395,68.0,5.0,1.0,1.0,0.0,74.0
2758.0401915407397,68.0,5.0,1.0,1.0,0.0,74.0
2758.0410738936807,68.0,5.0,1.0,1.0,0.0,74.0
2758.341073893681,68.0,5.0,1.0,1.0,0.0,74.0
2758.341956246622,68.0,5.0,1.0,1.0,0.0,74.0
2758.641956246622,68.0,5.0,1.0,1.0,0.0,74.0
2758.642838599563,68.0,5.0,1.0,1.0,0.0,74.0
2758.9428385995634,68.0,5.0,1.0,1.0,0.0,74.0
2758.9437209525045,68.0,5.0,1.0,1.0,0.0,74.0
2759.2437209525046,68.0,5.0,1.0,1.0,0.0,74.0
2759.2446033054457,68.0,5.0,1.0,1.0,0.0,74.0
2759.544603305446,68.0,5.0,1.0,1.0,0.0,74.0
2759.545485658387,68.0,5.0,1.0,1.0,0.0,74.0
2759.845485658387,68.0,5.0,1.0,1.0,0.0,74.0
2759.846368011328,68.0,5.0,1.0,1.0,0.0,74.0
2760.1463680113284,68.0,5.0,1.0,1.0,0.0,74.0
2760.1472503642694,68.0,5.0,1.0,1.0,0.0,74.0
2760.4472503642696,68.0,5.0,1.0,1.0,0.0,74.0
2760.4481327172107,68.0,5.0,1.0,1.0,0.0,74.0
2760.748132717211,68.0,5.0,1.0,1.0,0.0,74.0
2760.749015070152,68.0,5.0,1.0,1.0,0.0,74.0
2761.049015070152,68.0,5.0,1.0,1.0,0.0,74.0
2761.049897423093,68.0,5.0,1.0,1.0,0.0,74.0
2761.3498974230934,68.0,5.0,1.0,1.0,0.0,74.0
2761.3507797760344,68.0,5.0,1.0,1.0,0.0,74.0
2761.6507797760346,68.0,5.0,1.0,1.0,0.0,74.0
2761.6516621289757,68.0,5.0,1.0,1.0,0.0,74.0
2761.951662128976,68.0,5.0,1.0,1.0,0.0,74.0
2761.952544481917,68.0,5.0,1.0,1.0,0.0,74.0
2762.252544481917,68.0,5.0,1.0,1.0,0.0,74.0
2762.253426834858,68.0,5.0,1.0,1.0,0.0,74.0
2762.5534268348583,68.0,5.0,1.0,1.0,0.0,74.0
2762.5543091877994,68.0,5.0,1.0,1.0,0.0,74.0
2762.8543091877996,68.0,5.0,1.0,1.0,0.0,74.0
2762.8551915407406,68.0,5.0,1.0,1.0,0.0,74.0
2763.155191540741,68.0,5.0,1.0,1.0,0.0,74.0
2763.156073893682,68.0,5.0,1.0,1.0,0.0,74.0
2763.456073893682,68.0,5.0,1.0,1.0,0.0,74.0
2763.456956246623,68.0,5.0,1.0,1.0,0.0,74.0
2763.7569562466233,68.0,5.0,1.0,1.0,0.0,74.0
2763.7578385995644,68.0,5.0,1.0,1.0,0.0,74.0
2764.0578385995645,68.0,5.0,1.0,1.0,0.0,74.0
2764.0587209525056,68.0,5.0,1.0,1.0,0.0,74.0
2764.358720952506,68.0,5.0,1.0,1.0,0.0,74.0
2764.359603305447,68.0,5.0,1.0,1.0,0.0,74.0
2764.659603305447,68.0,5.0,1.0,1.0,0.0,74.0
2764.660485658388,68.0,5.0,1.0,1.0,0.0,74.0
2764.9604856583883,68.0,5.0,1.0,1.0,0.0,74.0
2764.9613680113293,68.0,5.0,1.0,1.0,0.0,74.0
2765.2613680113295,68.0,5.0,1.0,1.0,0.0,74.0
2765.2622503642706,68.0,5.0,1.0,1.0,0.0,74.0
2765.5622503642708,68.0,5.0,1.0,1.0,0.0,74.0
2765.563132717212,68.0,5.0,1.0,1.0,0.0,74.0
2765.863132717212,68.0,5.0,1.0,1.0,0.0,74.0
2765.864015070153,68.0,5.0,1.0,1.0,0.0,74.0
2766.1640150701533,68.0,5.0,1.0,1.0,0.0,74.0
2766.1648974230943,68.0,5.0,1.0,1.0,0.0,74.0
2766.4648974230945,68.0,5.0,1.0,1.0,0.0,74.0
2766.4657797760356,68.0,5.0,1.0,1.0,0.0,74.0
2766.7657797760357,68.0,5.0,1.0,1.0,0.0,74.0
2766.766662128977,68.0,5.0,1.0,1.0,0.0,74.0
2767.066662128977,68.0,5.0,1.0,1.0,0.0,74.0
2767.067544481918,68.0,5.0,1.0,1.0,0.0,74.0
2767.3675444819182,68.0,5.0,1.0,1.0,0.0,74.0
2767.3684268348593,68.0,5.0,1.0,1.0,0.0,74.0
2767.6684268348595,68.0,5.0,1.0,1.0,0.0,74.0
2767.6693091878005,68.0,5.0,1.0,1.0,0.0,74.0
2767.9693091878007,68.0,5.0,1.0,1.0,0.0,74.0
2767.970191540742,68.0,5.0,1.0,1.0,0.0,74.0
2768.270191540742,68.0,5.0,1.0,1.0,0.0,74.0
2768.271073893683,68.0,5.0,1.0,1.0,0.0,74.0
2768.571073893683,68.0,5.0,1.0,1.0,0.0,74.0
2768.5719562466243,68.0,5.0,1.0,1.0,0.0,74.0
2768.8719562466244,68.0,5.0,1.0,1.0,0.0,74.0
2768.8728385995655,68.0,5.0,1.0,1.0,0.0,74.0
2769.1728385995657,68.0,5.0,1.0,1.0,0.0,74.0
2769.1737209525068,68.0,5.0,1.0,1.0,0.0,74.0
2769.473720952507,68.0,5.0,1.0,1.0,0.0,74.0
2769.474603305448,68.0,5.0,1.0,1.0,0.0,74.0
2769.774603305448,68.0,5.0,1.0,1.0,0.0,74.0
2769.7754856583892,68.0,5.0,1.0,1.0,0.0,74.0
2770.0754856583894,68.0,5.0,1.0,1.0,0.0,74.0
2770.0763680113305,68.0,5.0,1.0,1.0,0.0,74.0
2770.3763680113307,68.0,5.0,1.0,1.0,0.0,74.0
2770.3772503642717,68.0,5.0,1.0,1.0,0.0,74.0
2770.677250364272,68.0,5.0,1.0,1.0,0.0,74.0
2770.678132717213,68.0,5.0,1.0,1.0,0.0,74.0
2770.978132717213,68.0,5.0,1.0,1.0,0.0,74.0
2770.979015070154,68.0,5.0,1.0,1.0,0.0,74.0
2771.2790150701544,68.0,5.0,1.0,1.0,0.0,74.0
2771.2798974230955,68.0,5.0,1.0,1.0,0.0,74.0
2771.5798974230956,68.0,5.0,1.0,1.0,0.0,74.0
2771.5807797760367,68.0,5.0,1.0,1.0,0.0,74.0
2771.880779776037,68.0,5.0,1.0,1.0,0.0,74.0
2771.881662128978,68.0,5.0,1.0,1.0,0.0,74.0
2772.181662128978,68.0,5.0,1.0,1.0,0.0,74.0
2772.182544481919,68.0,5.0,1.0,1.0,0.0,74.0
2772.4825444819194,68.0,5.0,1.0,1.0,0.0,74.0
2772.4834268348604,68.0,5.0,1.0,1.0,0.0,74.0
2772.7834268348606,68.0,5.0,1.0,1.0,0.0,74.0
2772.7843091878017,68.0,5.0,1.0,1.0,0.0,74.0
2773.084309187802,68.0,5.0,1.0,1.0,0.0,74.0
2773.085191540743,68.0,5.0,1.0,1.0,0.0,74.0
2773.385191540743,68.0,5.0,1.0,1.0,0.0,74.0
2773.386073893684,68.0,5.0,1.0,1.0,0.0,74.0
2773.6860738936844,68.0,5.0,1.0,1.0,0.0,74.0
2773.6869562466254,68.0,5.0,1.0,1.0,0.0,74.0
2773.9869562466256,68.0,5.0,1.0,1.0,0.0,74.0
2773.9878385995667,68.0,5.0,1.0,1.0,0.0,74.0
2774.287838599567,68.0,5.0,1.0,1.0,0.0,74.0
2774.288720952508,68.0,5.0,1.0,1.0,0.0,74.0
2774.588720952508,68.0,5.0,1.0,1.0,0.0,74.0
2774.589603305449,68.0,5.0,1.0,1.0,0.0,74.0
2774.8896033054493,68.0,5.0,1.0,1.0,0.0,74.0
2774.8904856583904,68.0,5.0,1.0,1.0,0.0,74.0
2775.1904856583906,68.0,5.0,1.0,1.0,0.0,74.0
2775.1913680113316,68.0,5.0,1.0,1.0,0.0,74.0
2775.491368011332,68.0,5.0,1.0,1.0,0.0,74.0
2775.492250364273,68.0,5.0,1.0,1.0,0.0,74.0
2775.792250364273,68.0,5.0,1.0,1.0,0.0,74.0
2775.793132717214,68.0,5.0,1.0,1.0,0.0,74.0
2776.0931327172143,68.0,5.0,1.0,1.0,0.0,74.0
2776.0940150701554,68.0,5.0,1.0,1.0,0.0,74.0
2776.3940150701555,68.0,5.0,1.0,1.0,0.0,74.0
2776.3948974230966,68.0,5.0,1.0,1.0,0.0,74.0
2776.694897423097,68.0,5.0,1.0,1.0,0.0,74.0
2776.695779776038,68.0,5.0,1.0,1.0,0.0,74.0
2776.995779776038,68.0,5.0,1.0,1.0,0.0,74.0
2776.996662128979,68.0,5.0,1.0,1.0,0.0,74.0
2777.2966621289793,68.0,5.0,1.0,1.0,0.0,74.0
2777.2975444819203,68.0,5.0,1.0,1.0,0.0,74.0
2777.5975444819205,68.0,5.0,1.0,1.0,0.0,74.0
2777.5984268348616,68.0,5.0,1.0,1.0,0.0,74.0
2777.8984268348618,68.0,5.0,1.0,1.0,0.0,74.0
2777.899309187803,68.0,5.0,1.0,1.0,0.0,74.0
2778.199309187803,68.0,5.0,1.0,1.0,0.0,74.0
2778.200191540744,68.0,5.0,1.0,1.0,0.0,74.0
2778.5001915407443,68.0,5.0,1.0,1.0,0.0,74.0
2778.5010738936853,68.0,5.0,1.0,1.0,0.0,74.0
2778.8010738936855,68.0,5.0,1.0,1.0,0.0,74.0
2778.8019562466266,68.0,5.0,1.0,1.0,0.0,74.0
2779.1019562466267,68.0,5.0,1.0,1.0,0.0,74.0
2779.102838599568,68.0,5.0,1.0,1.0,0.0,74.0
2779.402838599568,68.0,5.0,1.0,1.0,0.0,74.0
2779.403720952509,68.0,5.0,1.0,1.0,0.0,74.0
2779.7037209525092,68.0,5.0,1.0,1.0,0.0,74.0
2779.7046033054503,68.0,5.0,1.0,1.0,0.0,74.0
2780.0046033054505,68.0,5.0,1.0,1.0,0.0,74.0
2780.0054856583915,68.0,5.0,1.0,1.0,0.0,74.0
2780.3054856583917,68.0,5.0,1.0,1.0,0.0,74.0
2780.306368011333,68.0,5.0,1.0,1.0,0.0,74.0
2780.606368011333,68.0,5.0,1.0,1.0,0.0,74.0
2780.607250364274,68.0,5.0,1.0,1.0,0.0,74.0
2780.907250364274,68.0,5.0,1.0,1.0,0.0,74.0
2780.9081327172153,68.0,5.0,1.0,1.0,0.0,74.0
2781.2081327172154,68.0,5.0,1.0,1.0,0.0,74.0
2781.2090150701565,68.0,5.0,1.0,1.0,0.0,74.0
2781.5090150701567,68.0,5.0,1.0,1.0,0.0,74.0
2781.5098974230978,68.0,5.0,1.0,1.0,0.0,74.0
2781.809897423098,68.0,5.0,1.0,1.0,0.0,74.0
2781.810779776039,68.0,5.0,1.0,1.0,0.0,74.0
2782.110779776039,68.0,5.0,1.0,1.0,0.0,74.0
2782.1116621289802,68.0,5.0,1.0,1.0,0.0,74.0
2782.4116621289804,68.0,5.0,1.0,1.0,0.0,74.0
2782.4125444819215,68.0,5.0,1.0,1.0,0.0,74.0
2782.7125444819217,68.0,5.0,1.0,1.0,0.0,74.0
2782.7134268348627,68.0,5.0,1.0,1.0,0.0,74.0
2783.013426834863,68.0,5.0,1.0,1.0,0.0,74.0
2783.014309187804,68.0,5.0,1.0,1.0,0.0,74.0
2783.314309187804,68.0,5.0,1.0,1.0,0.0,74.0
2783.315191540745,68.0,5.0,1.0,1.0,0.0,74.0
2783.6151915407454,68.0,5.0,1.0,1.0,0.0,74.0
2783.6160738936865,68.0,5.0,1.0,1.0,0.0,74.0
2783.9160738936866,68.0,5.0,1.0,1.0,0.0,74.0
2783.9169562466277,68.0,5.0,1.0,1.0,0.0,74.0
2784.216956246628,68.0,5.0,1.0,1.0,0.0,74.0
2784.217838599569,68.0,5.0,1.0,1.0,0.0,74.0
2784.517838599569,68.0,5.0,1.0,1.0,0.0,74.0
2784.51872095251,68.0,5.0,1.0,1.0,0.0,74.0
2784.8187209525104,68.0,5.0,1.0,1.0,0.0,74.0
2784.8196033054514,68.0,5.0,1.0,1.0,0.0,74.0
2785.1196033054516,68.0,5.0,1.0,1.0,0.0,74.0
2785.1204856583927,68.0,5.0,1.0,1.0,0.0,74.0
2785.420485658393,68.0,5.0,1.0,1.0,0.0,74.0
2785.421368011334,68.0,5.0,1.0,1.0,0.0,74.0
2785.721368011334,68.0,5.0,1.0,1.0,0.0,74.0
2785.722250364275,68.0,5.0,1.0,1.0,0.0,74.0
2786.0222503642754,68.0,5.0,1.0,1.0,0.0,74.0
2786.0231327172164,68.0,5.0,1.0,1.0,0.0,74.0
2786.3231327172166,68.0,5.0,1.0,1.0,0.0,74.0
2786.3240150701577,68.0,5.0,1.0,1.0,0.0,74.0
2786.624015070158,68.0,5.0,1.0,1.0,0.0,74.0
2786.624897423099,68.0,5.0,1.0,1.0,0.0,74.0
2786.924897423099,68.0,5.0,1.0,1.0,0.0,74.0
2786.92577977604,68.0,5.0,1.0,1.0,0.0,74.0
2787.2257797760403,68.0,5.0,1.0,1.0,0.0,74.0
2787.2266621289814,67.0,5.0,1.0,1.0,0.0,74.0
2787.5266621289816,67.0,5.0,1.0,1.0,0.0,74.0
2787.5275576513695,67.0,5.0,1.0,1.0,0.0,74.0
2787.8275576513697,67.0,5.0,1.0,1.0,0.0,74.0
2787.8284531737577,67.0,5.0,1.0,1.0,0.0,74.0
2788.128453173758,67.0,5.0,1.0,1.0,0.0,74.0
2788.129348696146,67.0,5.0,1.0,1.0,0.0,74.0
2788.429348696146,67.0,5.0,1.0,1.0,0.0,74.0
2788.430244218534,67.0,5.0,1.0,1.0,0.0,74.0
2788.730244218534,67.0,5.0,1.0,1.0,0.0,74.0
2788.731139740922,67.0,5.0,1.0,1.0,0.0,74.0
2789.0311397409223,67.0,5.0,1.0,1.0,0.0,74.0
2789.0320352633103,67.0,5.0,1.0,1.0,0.0,74.0
2789.3320352633104,67.0,5.0,1.0,1.0,0.0,74.0
2789.3329307856984,67.0,5.0,1.0,1.0,0.0,74.0
2789.6329307856986,67.0,5.0,1.0,1.0,0.0,74.0
2789.6338263080866,67.0,5.0,1.0,1.0,0.0,74.0
2789.9338263080867,67.0,5.0,1.0,1.0,0.0,74.0
2789.9347218304747,67.0,5.0,1.0,1.0,0.0,74.0
2790.234721830475,67.0,5.0,1.0,1.0,0.0,74.0
2790.235617352863,67.0,5.0,1.0,1.0,0.0,74.0
2790.535617352863,67.0,5.0,1.0,1.0,0.0,74.0
2790.536512875251,67.0,5.0,1.0,1.0,0.0,74.0
2790.836512875251,67.0,5.0,1.0,1.0,0.0,74.0
2790.837408397639,67.0,5.0,1.0,1.0,0.0,74.0
2791.1374083976393,67.0,5.0,1.0,1.0,0.0,74.0
2791.1383039200273,67.0,5.0,1.0,1.0,0.0,74.0
2791.4383039200275,67.0,5.0,1.0,1.0,0.0,74.0
2791.4391994424154,67.0,5.0,1.0,1.0,0.0,74.0
2791.7391994424156,67.0,5.0,1.0,1.0,0.0,74.0
2791.7400949648036,67.0,5.0,1.0,1.0,0.0,74.0
2792.0400949648038,67.0,5.0,1.0,1.0,0.0,74.0
2792.0409904871917,67.0,5.0,1.0,1.0,0.0,74.0
2792.340990487192,67.0,5.0,1.0,1.0,0.0,74.0
2792.34188600958,67.0,5.0,1.0,1.0,0.0,74.0
2792.64188600958,67.0,5.0,1.0,1.0,0.0,74.0
2792.642781531968,67.0,5.0,1.0,1.0,0.0,74.0
2792.942781531968,67.0,5.0,1.0,1.0,0.0,74.0
2792.943677054356,67.0,5.0,1.0,1.0,0.0,74.0
2793.2436770543563,67.0,5.0,1.0,1.0,0.0,74.0
2793.2445725767443,67.0,5.0,1.0,1.0,0.0,74.0
2793.5445725767445,67.0,5.0,1.0,1.0,0.0,74.0
2793.5454680991324,67.0,5.0,1.0,1.0,0.0,74.0
2793.8454680991326,67.0,5.0,1.0,1.0,0.0,74.0
2793.8463636215206,67.0,5.0,1.0,1.0,0.0,74.0
2794.146363621521,67.0,5.0,1.0,1.0,0.0,74.0
2794.1472591439087,67.0,5.0,1.0,1.0,0.0,74.0
2794.447259143909,67.0,5.0,1.0,1.0,0.0,74.0
2794.448154666297,67.0,5.0,1.0,1.0,0.0,74.0
2794.748154666297,67.0,5.0,1.0,1.0,0.0,74.0
2794.749050188685,67.0,5.0,1.0,1.0,0.0,74.0
2795.049050188685,67.0,5.0,1.0,1.0,0.0,74.0
2795.049945711073,67.0,5.0,1.0,1.0,0.0,74.0
2795.3499457110734,67.0,5.0,1.0,1.0,0.0,74.0
2795.3508412334613,67.0,5.0,1.0,1.0,0.0,74.0
2795.6508412334615,67.0,5.0,1.0,1.0,0.0,74.0
2795.6517367558495,67.0,5.0,1.0,1.0,0.0,74.0
2795.9517367558497,67.0,5.0,1.0,1.0,0.0,74.0
2795.9526322782376,67.0,5.0,1.0,1.0,0.0,74.0
2796.252632278238,67.0,5.0,1.0,1.0,0.0,74.0
2796.2535278006258,67.0,5.0,1.0,1.0,0.0,74.0
2796.553527800626,67.0,5.0,1.0,1.0,0.0,74.0
2796.554423323014,67.0,5.0,1.0,1.0,0.0,74.0
2796.854423323014,67.0,5.0,1.0,1.0,0.0,74.0
2796.855318845402,67.0,5.0,1.0,1.0,0.0,74.0
2797.1553188454022,67.0,5.0,1.0,1.0,0.0,74.0
2797.15621436779,67.0,5.0,1.0,1.0,0.0,74.0
2797.4562143677904,67.0,5.0,1.0,1.0,0.0,74.0
2797.4571098901783,67.0,5.0,1.0,1.0,0.0,74.0
2797.7571098901785,67.0,5.0,1.0,1.0,0.0,74.0
2797.7580054125665,67.0,5.0,1.0,1.0,0.0,74.0
2798.0580054125667,67.0,5.0,1.0,1.0,0.0,74.0
2798.0589009349546,67.0,5.0,1.0,1.0,0.0,74.0
2798.358900934955,67.0,5.0,1.0,1.0,0.0,74.0
2798.359796457343,67.0,5.0,1.0,1.0,0.0,74.0
2798.659796457343,67.0,5.0,1.0,1.0,0.0,74.0
2798.660691979731,67.0,5.0,1.0,1.0,0.0,74.0
2798.960691979731,67.0,5.0,1.0,1.0,0.0,74.0
2798.961587502119,67.0,5.0,1.0,1.0,0.0,74.0
2799.2615875021193,67.0,5.0,1.0,1.0,0.0,74.0
2799.262483024507,67.0,5.0,1.0,1.0,0.0,74.0
2799.5624830245074,67.0,5.0,1.0,1.0,0.0,74.0
2799.5633785468954,67.0,5.0,1.0,1.0,0.0,74.0
2799.8633785468955,67.0,5.0,1.0,1.0,0.0,74.0
2799.8642740692835,67.0,5.0,1.0,1.0,0.0,74.0
2800.1642740692837,67.0,5.0,1.0,1.0,0.0,74.0
2800.1651695916717,67.0,5.0,1.0,1.0,0.0,74.0
2800.465169591672,67.0,5.0,1.0,1.0,0.0,74.0
2800.46606511406,67.0,5.0,1.0,1.0,0.0,74.0
2800.76606511406,67.0,5.0,1.0,1.0,0.0,74.0
2800.766960636448,67.0,5.0,1.0,1.0,0.0,74.0
2801.066960636448,67.0,5.0,1.0,1.0,0.0,74.0
2801.067856158836,67.0,5.0,1.0,1.0,0.0,74.0
2801.3678561588363,67.0,5.0,1.0,1.0,0.0,74.0
2801.3687516812242,67.0,5.0,1.0,1.0,0.0,74.0
2801.6687516812244,67.0,5.0,1.0,1.0,0.0,74.0
2801.6696472036124,67.0,5.0,1.0,1.0,0.0,74.0
2801.9696472036126,67.0,5.0,1.0,1.0,0.0,74.0
2801.9705427260005,67.0,5.0,1.0,1.0,0.0,74.0
2802.2705427260007,67.0,5.0,1.0,1.0,0.0,74.0
2802.2714382483887,67.0,5.0,1.0,1.0,0.0,74.0
2802.571438248389,67.0,5.0,1.0,1.0,0.0,74.0
2802.572333770777,67.0,5.0,1.0,1.0,0.0,74.0
2802.872333770777,67.0,5.0,1.0,1.0,0.0,74.0
2802.873229293165,67.0,5.0,1.0,1.0,0.0,74.0
2803.173229293165,67.0,5.0,1.0,1.0,0.0,74.0
2803.174124815553,67.0,5.0,1.0,1.0,0.0,74.0
2803.4741248155533,67.0,5.0,1.0,1.0,0.0,74.0
2803.4750203379413,67.0,5.0,1.0,1.0,0.0,74.0
2803.7750203379414,67.0,5.0,1.0,1.0,0.0,74.0
2803.7759158603294,67.0,5.0,1.0,1.0,0.0,74.0
2804.0759158603296,67.0,5.0,1.0,1.0,0.0,74.0
2804.0768113827176,67.0,5.0,1.0,1.0,0.0,74.0
2804.3768113827177,67.0,5.0,1.0,1.0,0.0,74.0
2804.3777069051057,67.0,5.0,1.0,1.0,0.0,74.0
2804.677706905106,67.0,5.0,1.0,1.0,0.0,74.0
2804.678602427494,67.0,5.0,1.0,1.0,0.0,74.0
2804.978602427494,67.0,5.0,1.0,1.0,0.0,74.0
2804.979497949882,67.0,5.0,1.0,1.0,0.0,74.0
2805.279497949882,67.0,5.0,1.0,1.0,0.0,74.0
2805.28039347227,67.0,5.0,1.0,1.0,0.0,74.0
2805.5803934722703,67.0,5.0,1.0,1.0,0.0,74.0
2805.5812889946583,67.0,5.0,1.0,1.0,0.0,74.0
2805.8812889946585,67.0,5.0,1.0,1.0,0.0,74.0
2805.8821845170464,67.0,5.0,1.0,1.0,0.0,74.0
2806.1821845170466,67.0,5.0,1.0,1.0,0.0,74.0
2806.1830800394346,67.0,5.0,1.0,1.0,0.0,74.0
2806.4830800394348,67.0,5.0,1.0,1.0,0.0,74.0
2806.4839755618227,67.0,5.0,1.0,1.0,0.0,74.0
2806.783975561823,67.0,5.0,1.0,1.0,0.0,74.0
2806.784871084211,67.0,5.0,1.0,1.0,0.0,74.0
2807.084871084211,67.0,5.0,1.0,1.0,0.0,74.0
2807.085766606599,67.0,5.0,1.0,1.0,0.0,74.0
2807.385766606599,67.0,5.0,1.0,1.0,0.0,74.0
2807.386662128987,67.0,5.0,1.0,1.0,0.0,74.0
2807.6866621289873,67.0,5.0,1.0,1.0,0.0,74.0
2807.6875576513753,67.0,5.0,1.0,1.0,0.0,74.0
2807.9875576513755,67.0,5.0,1.0,1.0,0.0,74.0
2807.9884531737634,67.0,5.0,1.0,1.0,0.0,74.0
2808.2884531737636,67.0,5.0,1.0,1.0,0.0,74.0
2808.2893486961516,67.0,5.0,1.0,1.0,0.0,74.0
2808.589348696152,67.0,5.0,1.0,1.0,0.0,74.0
2808.5902442185397,67.0,5.0,1.0,1.0,0.0,74.0
2808.89024421854,67.0,5.0,1.0,1.0,0.0,74.0
2808.891139740928,67.0,5.0,1.0,1.0,0.0,74.0
2809.191139740928,67.0,5.0,1.0,1.0,0.0,74.0
2809.192035263316,67.0,5.0,1.0,1.0,0.0,74.0
2809.492035263316,67.0,5.0,1.0,1.0,0.0,74.0
2809.492930785704,67.0,5.0,1.0,1.0,0.0,74.0
2809.7929307857044,67.0,5.0,1.0,1.0,0.0,74.0
2809.7938263080923,67.0,5.0,1.0,1.0,0.0,74.0
2810.0938263080925,67.0,5.0,1.0,1.0,0.0,74.0
2810.0947218304805,67.0,5.0,1.0,1.0,0.0,74.0
2810.3947218304806,67.0,5.0,1.0,1.0,0.0,74.0
2810.3956173528686,67.0,5.0,1.0,1.0,0.0,74.0
2810.695617352869,67.0,5.0,1.0,1.0,0.0,74.0
2810.6965128752568,67.0,5.0,1.0,1.0,0.0,74.0
2810.996512875257,67.0,5.0,1.0,1.0,0.0,74.0
2810.997408397645,67.0,5.0,1.0,1.0,0.0,74.0
2811.297408397645,67.0,5.0,1.0,1.0,0.0,74.0
2811.298303920033,67.0,5.0,1.0,1.0,0.0,74.0
2811.5983039200332,67.0,5.0,1.0,1.0,0.0,74.0
2811.599199442421,67.0,5.0,1.0,1.0,0.0,74.0
2811.8991994424214,67.0,5.0,1.0,1.0,0.0,74.0
2811.9000949648093,67.0,5.0,1.0,1.0,0.0,74.0
2812.2000949648095,67.0,5.0,1.0,1.0,0.0,74.0
2812.2009904871975,67.0,5.0,1.0,1.0,0.0,74.0
2812.5009904871977,67.0,5.0,1.0,1.0,0.0,74.0
2812.5018860095856,67.0,5.0,1.0,1.0,0.0,74.0
2812.801886009586,67.0,5.0,1.0,1.0,0.0,74.0
2812.802781531974,67.0,5.0,1.0,1.0,0.0,74.0
2813.102781531974,67.0,5.0,1.0,1.0,0.0,74.0
2813.103677054362,67.0,5.0,1.0,1.0,0.0,74.0
2813.403677054362,67.0,5.0,1.0,1.0,0.0,74.0
2813.40457257675,67.0,5.0,1.0,1.0,0.0,74.0
2813.7045725767503,67.0,5.0,1.0,1.0,0.0,74.0
2813.705468099138,67.0,5.0,1.0,1.0,0.0,74.0
2814.0054680991384,67.0,5.0,1.0,1.0,0.0,74.0
2814.0063636215264,67.0,5.0,1.0,1.0,0.0,74.0
2814.3063636215265,67.0,5.0,1.0,1.0,0.0,74.0
2814.3072591439145,67.0,5.0,1.0,1.0,0.0,74.0
2814.6072591439147,67.0,5.0,1.0,1.0,0.0,74.0
2814.6081546663027,67.0,5.0,1.0,1.0,0.0,74.0
2814.908154666303,67.0,5.0,1.0,1.0,0.0,74.0
2814.909050188691,67.0,5.0,1.0,1.0,0.0,74.0
2815.209050188691,67.0,5.0,1.0,1.0,0.0,74.0
2815.209945711079,67.0,5.0,1.0,1.0,0.0,74.0
2815.509945711079,67.0,5.0,1.0,1.0,0.0,74.0
2815.510841233467,67.0,5.0,1.0,1.0,0.0,74.0
2815.8108412334673,67.0,5.0,1.0,1.0,0.0,74.0
2815.8117367558552,67.0,5.0,1.0,1.0,0.0,74.0
2816.1117367558554,67.0,5.0,1.0,1.0,0.0,74.0
2816.1126322782434,67.0,5.0,1.0,1.0,0.0,74.0
2816.4126322782436,67.0,5.0,1.0,1.0,0.0,74.0
2816.4135278006315,67.0,5.0,1.0,1.0,0.0,74.0
2816.7135278006317,67.0,5.0,1.0,1.0,0.0,74.0
2816.7144233230197,67.0,5.0,1.0,1.0,0.0,74.0
2817.01442332302,67.0,5.0,1.0,1.0,0.0,74.0
2817.015318845408,67.0,5.0,1.0,1.0,0.0,74.0
2817.315318845408,67.0,5.0,1.0,1.0,0.0,74.0
2817.316214367796,67.0,5.0,1.0,1.0,0.0,74.0
2817.616214367796,67.0,5.0,1.0,1.0,0.0,74.0
2817.617109890184,67.0,5.0,1.0,1.0,0.0,74.0
2817.9171098901843,67.0,5.0,1.0,1.0,0.0,74.0
2817.9180054125723,67.0,5.0,1.0,1.0,0.0,74.0
2818.2180054125724,67.0,5.0,1.0,1.0,0.0,74.0
2818.2189009349604,67.0,5.0,1.0,1.0,0.0,74.0
2818.5189009349606,67.0,5.0,1.0,1.0,0.0,74.0
2818.5197964573485,67.0,5.0,1.0,1.0,0.0,74.0
2818.8197964573487,67.0,5.0,1.0,1.0,0.0,74.0
2818.8206919797367,67.0,5.0,1.0,1.0,0.0,74.0
2819.120691979737,67.0,5.0,1.0,1.0,0.0,74.0
2819.121587502125,67.0,5.0,1.0,1.0,0.0,74.0
2819.421587502125,67.0,5.0,1.0,1.0,0.0,74.0
2819.422483024513,67.0,5.0,1.0,1.0,0.0,74.0
2819.722483024513,67.0,5.0,1.0,1.0,0.0,74.0
2819.723378546901,67.0,5.0,1.0,1.0,0.0,74.0
2820.0233785469013,67.0,5.0,1.0,1.0,0.0,74.0
2820.0242740692893,67.0,5.0,1.0,1.0,0.0,74.0
2820.3242740692895,67.0,5.0,1.0,1.0,0.0,74.0
2820.3251695916774,67.0,5.0,1.0,1.0,0.0,74.0
2820.6251695916776,67.0,5.0,1.0,1.0,0.0,74.0
2820.6260651140656,67.0,5.0,1.0,1.0,0.0,74.0
2820.9260651140658,67.0,5.0,1.0,1.0,0.0,74.0
2820.9269606364537,67.0,5.0,1.0,1.0,0.0,74.0
2821.226960636454,67.0,5.0,1.0,1.0,0.0,74.0
2821.227856158842,67.0,5.0,1.0,1.0,0.0,74.0
2821.527856158842,67.0,5.0,1.0,1.0,0.0,74.0
2821.52875168123,67.0,5.0,1.0,1.0,0.0,74.0
2821.82875168123,67.0,5.0,1.0,1.0,0.0,74.0
2821.829647203618,67.0,5.0,1.0,1.0,0.0,74.0
2822.1296472036183,67.0,5.0,1.0,1.0,0.0,74.0
2822.1305427260063,67.0,5.0,1.0,1.0,0.0,74.0
2822.4305427260065,67.0,5.0,1.0,1.0,0.0,74.0
2822.4314382483944,67.0,5.0,1.0,1.0,0.0,74.0
2822.7314382483946,67.0,5.0,1.0,1.0,0.0,74.0
2822.7323337707826,67.0,5.0,1.0,1.0,0.0,74.0
2823.0323337707828,67.0,5.0,1.0,1.0,0.0,74.0
2823.0332292931707,67.0,5.0,1.0,1.0,0.0,74.0
2823.333229293171,67.0,5.0,1.0,1.0,0.0,74.0
2823.334124815559,67.0,5.0,1.0,1.0,0.0,74.0
2823.634124815559,67.0,5.0,1.0,1.0,0.0,74.0
2823.635020337947,67.0,5.0,1.0,1.0,0.0,74.0
2823.935020337947,67.0,5.0,1.0,1.0,0.0,74.0
2823.935915860335,67.0,5.0,1.0,1.0,0.0,74.0
2824.2359158603354,67.0,5.0,1.0,1.0,0.0,74.0
2824.2368113827233,67.0,5.0,1.0,1.0,0.0,74.0
2824.5368113827235,67.0,5.0,1.0,1.0,0.0,74.0
2824.5377069051115,67.0,5.0,1.0,1.0,0.0,74.0
2824.8377069051116,67.0,5.0,1.0,1.0,0.0,74.0
2824.8386024274996,67.0,5.0,1.0,1.0,0.0,74.0
2825.1386024275,67.0,5.0,1.0,1.0,0.0,74.0
2825.1394979498878,67.0,5.0,1.0,1.0,0.0,74.0
2825.439497949888,67.0,5.0,1.0,1.0,0.0,74.0
2825.440393472276,67.0,5.0,1.0,1.0,0.0,74.0
2825.740393472276,67.0,5.0,1.0,1.0,0.0,74.0
2825.741288994664,67.0,5.0,1.0,1.0,0.0,74.0
2826.0412889946642,67.0,5.0,1.0,1.0,0.0,74.0
2826.042184517052,67.0,5.0,1.0,1.0,0.0,74.0
2826.3421845170524,67.0,5.0,1.0,1.0,0.0,74.0
2826.3430800394403,67.0,5.0,1.0,1.0,0.0,74.0
2826.6430800394405,67.0,5.0,1.0,1.0,0.0,74.0
2826.6439755618285,67.0,5.0,1.0,1.0,0.0,74.0
2826.9439755618287,67.0,5.0,1.0,1.0,0.0,74.0
2826.9448710842166,67.0,5.0,1.0,1.0,0.0,74.0
2827.244871084217,67.0,5.0,1.0,1.0,0.0,74.0
2827.245766606605,67.0,5.0,1.0,1.0,0.0,74.0
2827.545766606605,67.0,5.0,1.0,1.0,0.0,74.0
2827.546662128993,67.0,5.0,1.0,1.0,0.0,74.0
2827.846662128993,67.0,5.0,1.0,1.0,0.0,74.0
2827.847557651381,67.0,5.0,1.0,1.0,0.0,74.0
2828.1475576513812,67.0,5.0,1.0,1.0,0.0,74.0
2828.148453173769,67.0,5.0,1.0,1.0,0.0,74.0
2828.4484531737694,67.0,5.0,1.0,1.0,0.0,74.0
2828.4493486961574,67.0,5.0,1.0,1.0,0.0,74.0
2828.7493486961575,67.0,5.0,1.0,1.0,0.0,74.0
2828.7502442185455,67.0,5.0,1.0,1.0,0.0,74.0
2829.0502442185457,67.0,5.0,1.0,1.0,0.0,74.0
2829.0511397409336,67.0,5.0,1.0,1.0,0.0,74.0
2829.351139740934,67.0,5.0,1.0,1.0,0.0,74.0
2829.352035263322,67.0,5.0,1.0,1.0,0.0,74.0
2829.652035263322,67.0,5.0,1.0,1.0,0.0,74.0
2829.65293078571,67.0,5.0,1.0,1.0,0.0,74.0
2829.95293078571,67.0,5.0,1.0,1.0,0.0,74.0
2829.953826308098,67.0,5.0,1.0,1.0,0.0,74.0
2830.2538263080983,67.0,5.0,1.0,1.0,0.0,74.0
2830.2547218304862,67.0,5.0,1.0,1.0,0.0,74.0
2830.5547218304864,67.0,5.0,1.0,1.0,0.0,74.0
2830.5556173528744,67.0,5.0,1.0,1.0,0.0,74.0
2830.8556173528746,67.0,5.0,1.0,1.0,0.0,74.0
2830.8565128752625,67.0,5.0,1.0,1.0,0.0,74.0
2831.1565128752627,67.0,5.0,1.0,1.0,0.0,74.0
2831.1574083976507,67.0,5.0,1.0,1.0,0.0,74.0
2831.457408397651,67.0,5.0,1.0,1.0,0.0,74.0
2831.458303920039,67.0,5.0,1.0,1.0,0.0,74.0
2831.758303920039,67.0,5.0,1.0,1.0,0.0,74.0
2831.759199442427,67.0,5.0,1.0,1.0,0.0,74.0
2832.059199442427,67.0,5.0,1.0,1.0,0.0,74.0
2832.060094964815,67.0,5.0,1.0,1.0,0.0,74.0
2832.3600949648153,67.0,5.0,1.0,1.0,0.0,74.0
2832.3609904872033,67.0,5.0,1.0,1.0,0.0,74.0
2832.6609904872034,67.0,5.0,1.0,1.0,0.0,74.0
2832.6618860095914,67.0,5.0,1.0,1.0,0.0,74.0
2832.9618860095916,67.0,5.0,1.0,1.0,0.0,74.0
2832.9627815319795,67.0,5.0,1.0,1.0,0.0,74.0
2833.2627815319797,67.0,5.0,1.0,1.0,0.0,74.0
2833.2636770543677,67.0,5.0,1.0,1.0,0.0,74.0
2833.563677054368,67.0,5.0,1.0,1.0,0.0,74.0
2833.564572576756,67.0,5.0,1.0,1.0,0.0,74.0
2833.864572576756,67.0,5.0,1.0,1.0,0.0,74.0
2833.865468099144,67.0,5.0,1.0,1.0,0.0,74.0
2834.165468099144,67.0,5.0,1.0,1.0,0.0,74.0
2834.166363621532,67.0,5.0,1.0,1.0,0.0,74.0
2834.4663636215323,67.0,5.0,1.0,1.0,0.0,74.0
2834.4672591439203,67.0,5.0,1.0,1.0,0.0,74.0
2834.7672591439205,67.0,5.0,1.0,1.0,0.0,74.0
2834.7681546663084,67.0,5.0,1.0,1.0,0.0,74.0
2835.0681546663086,67.0,5.0,1.0,1.0,0.0,74.0
2835.0690501886966,67.0,5.0,1.0,1.0,0.0,74.0
2835.3690501886967,67.0,5.0,1.0,1.0,0.0,74.0
2835.3699457110847,67.0,5.0,1.0,1.0,0.0,74.0
2835.669945711085,67.0,5.0,1.0,1.0,0.0,74.0
2835.670841233473,67.0,5.0,1.0,1.0,0.0,74.0
2835.970841233473,67.0,5.0,1.0,1.0,0.0,74.0
2835.971736755861,67.0,5.0,1.0,1.0,0.0,74.0
2836.271736755861,67.0,5.0,1.0,1.0,0.0,74.0
2836.272632278249,67.0,5.0,1.0,1.0,0.0,74.0
2836.5726322782493,67.0,5.0,1.0,1.0,0.0,74.0
2836.5735278006373,67.0,5.0,1.0,1.0,0.0,74.0
2836.8735278006375,67.0,5.0,1.0,1.0,0.0,74.0
2836.8744233230254,67.0,5.0,1.0,1.0,0.0,74.0
2837.1744233230256,67.0,5.0,1.0,1.0,0.0,74.0
2837.1753188454136,67.0,5.0,1.0,1.0,0.0,74.0
2837.4753188454138,67.0,5.0,1.0,1.0,0.0,74.0
2837.4762143678017,67.0,5.0,1.0,1.0,0.0,74.0
2837.776214367802,67.0,5.0,1.0,1.0,0.0,74.0
2837.77710989019,67.0,5.0,1.0,1.0,0.0,74.0
2838.07710989019,67.0,5.0,1.0,1.0,0.0,74.0
2838.078005412578,67.0,5.0,1.0,1.0,0.0,74.0
2838.378005412578,67.0,5.0,1.0,1.0,0.0,74.0
2838.378900934966,67.0,5.0,1.0,1.0,0.0,74.0
2838.6789009349664,67.0,5.0,1.0,1.0,0.0,74.0
2838.6797964573543,67.0,5.0,1.0,1.0,0.0,74.0
2838.9797964573545,67.0,5.0,1.0,1.0,0.0,74.0
2838.9806919797425,67.0,5.0,1.0,1.0,0.0,74.0
2839.2806919797426,67.0,5.0,1.0,1.0,0.0,74.0
2839.2815875021306,67.0,5.0,1.0,1.0,0.0,74.0
2839.581587502131,67.0,5.0,1.0,1.0,0.0,74.0
2839.5824830245188,67.0,5.0,1.0,1.0,0.0,74.0
2839.882483024519,67.0,5.0,1.0,1.0,0.0,74.0
2839.883378546907,67.0,5.0,1.0,1.0,0.0,74.0
2840.183378546907,67.0,5.0,1.0,1.0,0.0,74.0
2840.184274069295,67.0,5.0,1.0,1.0,0.0,74.0
2840.484274069295,67.0,5.0,1.0,1.0,0.0,74.0
2840.485169591683,67.0,6.0,1.0,1.0,0.0,74.0
2840.7851695916834,67.0,6.0,1.0,1.0,0.0,74.0
2840.7860651140713,67.0,6.0,1.0,1.0,0.0,74.0
2841.0860651140715,67.0,6.0,1.0,1.0,0.0,74.0
2841.0869606364595,67.0,6.0,1.0,1.0,0.0,74.0
2841.3869606364597,67.0,6.0,1.0,1.0,0.0,74.0
2841.3878561588476,67.0,6.0,1.0,1.0,0.0,74.0
2841.687856158848,67.0,6.0,1.0,1.0,0.0,74.0
2841.6887516812358,67.0,6.0,1.0,1.0,0.0,74.0
2841.988751681236,67.0,6.0,1.0,1.0,0.0,74.0
2841.989647203624,67.0,6.0,1.0,1.0,0.0,74.0
2842.289647203624,67.0,6.0,1.0,1.0,0.0,74.0
2842.290542726012,67.0,6.0,1.0,1.0,0.0,74.0
2842.5905427260122,67.0,6.0,1.0,1.0,0.0,74.0
2842.5914382484,67.0,6.0,1.0,1.0,0.0,74.0
2842.8914382484004,67.0,6.0,1.0,1.0,0.0,74.0
2842.8923337707884,67.0,6.0,1.0,1.0,0.0,74.0
2843.1923337707885,67.0,6.0,1.0,1.0,0.0,74.0
2843.1932292931765,67.0,6.0,1.0,1.0,0.0,74.0
2843.4932292931767,67.0,6.0,1.0,1.0,0.0,74.0
2843.4941248155646,67.0,6.0,1.0,1.0,0.0,74.0
2843.794124815565,67.0,6.0,1.0,1.0,0.0,74.0
2843.795020337953,67.0,6.0,1.0,1.0,0.0,74.0
2844.095020337953,67.0,6.0,1.0,1.0,0.0,74.0
2844.095915860341,67.0,6.0,1.0,1.0,0.0,74.0
2844.395915860341,67.0,6.0,1.0,1.0,0.0,74.0
2844.396811382729,67.0,6.0,1.0,1.0,0.0,74.0
2844.6968113827293,67.0,6.0,1.0,1.0,0.0,74.0
2844.6977069051172,67.0,6.0,1.0,1.0,0.0,74.0
2844.9977069051174,67.0,6.0,1.0,1.0,0.0,74.0
2844.9986024275054,67.0,6.0,1.0,1.0,0.0,74.0
2845.2986024275056,67.0,6.0,1.0,1.0,0.0,74.0
2845.2994979498935,67.0,6.0,1.0,1.0,0.0,74.0
2845.5994979498937,67.0,6.0,1.0,1.0,0.0,74.0
2845.6003934722817,67.0,6.0,1.0,1.0,0.0,74.0
2845.900393472282,67.0,6.0,1.0,1.0,0.0,74.0
2845.90128899467,67.0,6.0,1.0,1.0,0.0,74.0
2846.20128899467,67.0,6.0,1.0,1.0,0.0,74.0
2846.202184517058,67.0,6.0,1.0,1.0,0.0,74.0
2846.502184517058,67.0,6.0,1.0,1.0,0.0,74.0
2846.503080039446,67.0,6.0,1.0,1.0,0.0,74.0
2846.8030800394463,67.0,6.0,1.0,1.0,0.0,74.0
2846.8039755618342,67.0,6.0,1.0,1.0,0.0,74.0
2847.1039755618344,67.0,6.0,1.0,1.0,0.0,74.0
2847.1048710842224,67.0,6.0,1.0,1.0,0.0,74.0
2847.4048710842226,67.0,6.0,1.0,1.0,0.0,74.0
2847.4057666066105,67.0,6.0,1.0,1.0,0.0,74.0
2847.7057666066107,67.0,6.0,1.0,1.0,0.0,74.0
2847.7066621289987,67.0,6.0,1.0,1.0,0.0,74.0
2848.006662128999,67.0,6.0,1.0,1.0,0.0,74.0
2848.007557651387,67.0,6.0,1.0,1.0,0.0,74.0
2848.307557651387,67.0,6.0,1.0,1.0,0.0,74.0
2848.308453173775,67.0,6.0,1.0,1.0,0.0,74.0
2848.608453173775,67.0,6.0,1.0,1.0,0.0,74.0
2848.609348696163,67.0,6.0,1.0,1.0,0.0,74.0
2848.9093486961633,67.0,6.0,1.0,1.0,0.0,74.0
2848.9102442185513,67.0,6.0,1.0,1.0,0.0,74.0
2849.2102442185515,67.0,6.0,1.0,1.0,0.0,74.0
2849.2111397409394,67.0,6.0,1.0,1.0,0.0,74.0
2849.5111397409396,67.0,6.0,1.0,1.0,0.0,74.0
2849.5120352633276,67.0,6.0,1.0,1.0,0.0,74.0
2849.8120352633277,67.0,6.0,1.0,1.0,0.0,74.0
2849.8129307857157,67.0,6.0,1.0,1.0,0.0,74.0
2850.112930785716,67.0,6.0,1.0,1.0,0.0,74.0
2850.113826308104,67.0,6.0,1.0,1.0,0.0,74.0
2850.413826308104,67.0,6.0,1.0,1.0,0.0,74.0
2850.414721830492,67.0,6.0,1.0,1.0,0.0,74.0
2850.714721830492,67.0,6.0,1.0,1.0,0.0,74.0
2850.71561735288,67.0,6.0,1.0,1.0,0.0,74.0
2851.0156173528803,67.0,6.0,1.0,1.0,0.0,74.0
2851.0165128752683,67.0,6.0,1.0,1.0,0.0,74.0
2851.3165128752685,67.0,6.0,1.0,1.0,0.0,74.0
2851.3174083976564,67.0,6.0,1.0,1.0,0.0,74.0
2851.6174083976566,67.0,6.0,1.0,1.0,0.0,74.0
2851.6183039200446,67.0,6.0,1.0,1.0,0.0,74.0
2851.9183039200448,67.0,6.0,1.0,1.0,0.0,74.0
2851.9191994424327,67.0,6.0,1.0,1.0,0.0,74.0
2852.219199442433,67.0,6.0,1.0,1.0,0.0,74.0
2852.220094964821,67.0,6.0,1.0,1.0,0.0,74.0
2852.520094964821,67.0,6.0,1.0,1.0,0.0,74.0
2852.520990487209,67.0,6.0,1.0,1.0,0.0,74.0
2852.820990487209,67.0,6.0,1.0,1.0,0.0,74.0
2852.821886009597,67.0,6.0,1.0,1.0,0.0,74.0
2853.1218860095973,67.0,6.0,1.0,1.0,0.0,74.0
2853.1227815319853,67.0,6.0,1.0,1.0,0.0,74.0
2853.4227815319855,67.0,6.0,1.0,1.0,0.0,74.0
2853.4236770543735,67.0,6.0,1.0,1.0,0.0,74.0
2853.7236770543736,67.0,6.0,1.0,1.0,0.0,74.0
2853.7245725767616,67.0,6.0,1.0,1.0,0.0,74.0
2854.024572576762,67.0,6.0,1.0,1.0,0.0,74.0
2854.0254680991497,67.0,6.0,1.0,1.0,0.0,74.0
2854.32546809915,67.0,6.0,1.0,1.0,0.0,74.0
2854.326363621538,67.0,6.0,1.0,1.0,0.0,74.0
2854.626363621538,67.0,6.0,1.0,1.0,0.0,74.0
2854.627259143926,67.0,6.0,1.0,1.0,0.0,74.0
2854.927259143926,67.0,6.0,1.0,1.0,0.0,74.0
2854.928154666314,67.0,6.0,1.0,1.0,0.0,74.0
2855.2281546663144,67.0,6.0,1.0,1.0,0.0,74.0
2855.2290501887023,67.0,6.0,1.0,1.0,0.0,74.0
2855.5290501887025,67.0,6.0,1.0,1.0,0.0,74.0
2855.5299457110905,67.0,6.0,1.0,1.0,0.0,74.0
2855.8299457110907,67.0,6.0,1.0,1.0,0.0,74.0
2855.8308412334786,67.0,6.0,1.0,1.0,0.0,74.0
2856.130841233479,67.0,6.0,1.0,1.0,0.0,74.0
2856.1317367558668,67.0,6.0,1.0,1.0,0.0,74.0
2856.431736755867,67.0,6.0,1.0,1.0,0.0,74.0
2856.432632278255,67.0,6.0,1.0,1.0,0.0,74.0
2856.732632278255,67.0,6.0,1.0,1.0,0.0,74.0
2856.733527800643,67.0,6.0,1.0,1.0,0.0,74.0
2857.0335278006432,67.0,6.0,1.0,1.0,0.0,74.0
2857.034423323031,67.0,6.0,1.0,1.0,0.0,74.0
2857.3344233230314,67.0,6.0,1.0,1.0,0.0,74.0
2857.3353188454194,67.0,6.0,1.0,1.0,0.0,74.0
2857.6353188454195,67.0,6.0,1.0,1.0,0.0,74.0
2857.6362143678075,67.0,6.0,1.0,1.0,0.0,74.0
2857.9362143678077,67.0,6.0,1.0,1.0,0.0,74.0
2857.9371098901956,67.0,6.0,1.0,1.0,0.0,74.0
2858.237109890196,67.0,6.0,1.0,1.0,0.0,74.0
2858.238005412584,67.0,6.0,1.0,1.0,0.0,74.0
2858.538005412584,67.0,6.0,1.0,1.0,0.0,74.0
2858.538900934972,67.0,6.0,1.0,1.0,0.0,74.0
2858.838900934972,67.0,6.0,1.0,1.0,0.0,74.0
2858.83979645736,67.0,6.0,1.0,1.0,0.0,74.0
2859.1397964573603,67.0,6.0,1.0,1.0,0.0,74.0
2859.140691979748,67.0,6.0,1.0,1.0,0.0,74.0
2859.4406919797484,67.0,6.0,1.0,1.0,0.0,74.0
2859.4415875021364,67.0,6.0,1.0,1.0,0.0,74.0
2859.7415875021366,67.0,6.0,1.0,1.0,0.0,74.0
2859.7424830245245,67.0,6.0,1.0,1.0,0.0,74.0
2860.0424830245247,67.0,6.0,1.0,1.0,0.0,74.0
2860.0433785469127,67.0,6.0,1.0,1.0,0.0,74.0
2860.343378546913,67.0,6.0,1.0,1.0,0.0,74.0
2860.344274069301,67.0,6.0,1.0,1.0,0.0,74.0
2860.644274069301,67.0,6.0,1.0,1.0,0.0,74.0
2860.645169591689,67.0,6.0,1.0,1.0,0.0,74.0
2860.945169591689,67.0,6.0,1.0,1.0,0.0,74.0
2860.946065114077,66.0,6.0,1.0,1.0,0.0,74.0
2861.2460651140773,66.0,6.0,1.0,1.0,0.0,74.0
2861.2469742049866,66.0,6.0,1.0,1.0,0.0,74.0
2861.546974204987,66.0,6.0,1.0,1.0,0.0,74.0
2861.547883295896,66.0,6.0,1.0,1.0,0.0,74.0
2861.8478832958963,66.0,6.0,1.0,1.0,0.0,74.0
2861.8487923868056,66.0,6.0,1.0,1.0,0.0,74.0
2862.148792386806,66.0,6.0,1.0,1.0,0.0,74.0
2862.149701477715,66.0,6.0,1.0,1.0,0.0,74.0
2862.4497014777153,66.0,6.0,1.0,1.0,0.0,74.0
2862.4506105686246,66.0,6.0,1.0,1.0,0.0,74.0
2862.750610568625,66.0,6.0,1.0,1.0,0.0,74.0
2862.751519659534,66.0,6.0,1.0,1.0,0.0,74.0
2863.0515196595343,66.0,6.0,1.0,1.0,0.0,74.0
2863.0524287504436,66.0,6.0,1.0,1.0,0.0,74.0
2863.352428750444,66.0,6.0,1.0,1.0,0.0,74.0
2863.353337841353,66.0,6.0,1.0,1.0,0.0,74.0
2863.6533378413533,66.0,6.0,1.0,1.0,0.0,74.0
2863.6542469322626,66.0,6.0,1.0,1.0,0.0,74.0
2863.954246932263,66.0,6.0,1.0,1.0,0.0,74.0
2863.955156023172,66.0,6.0,1.0,1.0,0.0,74.0
2864.2551560231723,66.0,6.0,1.0,1.0,0.0,74.0
2864.2560651140816,66.0,6.0,1.0,1.0,0.0,74.0
2864.556065114082,66.0,6.0,1.0,1.0,0.0,74.0
2864.556974204991,66.0,6.0,1.0,1.0,0.0,74.0
2864.8569742049913,66.0,6.0,1.0,1.0,0.0,74.0
2864.8578832959006,66.0,6.0,1.0,1.0,0.0,74.0
2865.157883295901,66.0,6.0,1.0,1.0,0.0,74.0
2865.15879238681,66.0,6.0,1.0,1.0,0.0,74.0
2865.4587923868103,66.0,6.0,1.0,1.0,0.0,74.0
2865.4597014777196,66.0,6.0,1.0,1.0,0.0,74.0
2865.75970147772,66.0,6.0,1.0,1.0,0.0,74.0
2865.760610568629,66.0,6.0,1.0,1.0,0.0,74.0
2866.0606105686293,66.0,6.0,1.0,1.0,0.0,74.0
2866.0615196595386,66.0,6.0,1.0,1.0,0.0,74.0
2866.3615196595388,66.0,6.0,1.0,1.0,0.0,74.0
2866.362428750448,66.0,6.0,1.0,1.0,0.0,74.0
2866.6624287504483,66.0,6.0,1.0,1.0,0.0,74.0
2866.6633378413576,66.0,6.0,1.0,1.0,0.0,74.0
2866.9633378413578,66.0,6.0,1.0,1.0,0.0,74.0
2866.964246932267,66.0,6.0,1.0,1.0,0.0,74.0
2867.2642469322673,66.0,6.0,1.0,1.0,0.0,74.0
2867.2651560231766,66.0,6.0,1.0,1.0,0.0,74.0
2867.5651560231768,66.0,6.0,1.0,1.0,0.0,74.0
2867.566065114086,66.0,6.0,1.0,1.0,0.0,74.0
2867.8660651140863,66.0,6.0,1.0,1.0,0.0,74.0
2867.8669742049956,66.0,6.0,1.0,1.0,0.0,74.0
2868.1669742049958,66.0,6.0,1.0,1.0,0.0,74.0
2868.167883295905,66.0,6.0,1.0,1.0,0.0,74.0
2868.4678832959053,66.0,6.0,1.0,1.0,0.0,74.0
2868.4687923868146,66.0,6.0,1.0,1.0,0.0,74.0
2868.7687923868148,66.0,6.0,1.0,1.0,0.0,74.0
2868.769701477724,66.0,6.0,1.0,1.0,0.0,74.0
2869.0697014777243,66.0,6.0,1.0,1.0,0.0,74.0
2869.0706105686336,66.0,6.0,1.0,1.0,0.0,74.0
2869.3706105686338,66.0,6.0,1.0,1.0,0.0,74.0
2869.371519659543,66.0,6.0,1.0,1.0,0.0,74.0
2869.6715196595433,66.0,6.0,1.0,1.0,0.0,74.0
2869.6724287504526,66.0,6.0,1.0,1.0,0.0,74.0
2869.9724287504528,66.0,6.0,1.0,1.0,0.0,74.0
2869.973337841362,66.0,6.0,1.0,1.0,0.0,74.0
2870.2733378413623,66.0,6.0,1.0,1.0,0.0,74.0
2870.2742469322716,66.0,6.0,1.0,1.0,0.0,74.0
2870.5742469322718,66.0,6.0,1.0,1.0,0.0,74.0
2870.575156023181,66.0,6.0,1.0,1.0,0.0,74.0
2870.8751560231813,66.0,6.0,1.0,1.0,0.0,74.0
2870.8760651140906,66.0,6.0,1.0,1.0,0.0,74.0
2871.1760651140908,66.0,6.0,1.0,1.0,0.0,74.0
2871.176974205,66.0,6.0,1.0,1.0,0.0,74.0
2871.4769742050003,66.0,6.0,1.0,1.0,0.0,74.0
2871.4778832959096,66.0,6.0,1.0,1.0,0.0,74.0
2871.7778832959098,66.0,6.0,1.0,1.0,0.0,74.0
2871.778792386819,66.0,6.0,1.0,1.0,0.0,74.0
2872.0787923868193,66.0,6.0,1.0,1.0,0.0,74.0
2872.0797014777286,66.0,6.0,1.0,1.0,0.0,74.0
2872.3797014777288,66.0,6.0,1.0,1.0,0.0,74.0
2872.380610568638,66.0,6.0,1.0,1.0,0.0,74.0
2872.6806105686383,66.0,6.0,1.0,1.0,0.0,74.0
2872.6815196595476,66.0,6.0,1.0,1.0,0.0,74.0
2872.9815196595478,66.0,6.0,1.0,1.0,0.0,74.0
2872.982428750457,66.0,6.0,1.0,1.0,0.0,74.0
2873.2824287504573,66.0,6.0,1.0,1.0,0.0,74.0
2873.2833378413666,66.0,6.0,1.0,1.0,0.0,74.0
2873.5833378413668,66.0,6.0,1.0,1.0,0.0,74.0
2873.584246932276,66.0,6.0,1.0,1.0,0.0,74.0
2873.8842469322763,66.0,6.0,1.0,1.0,0.0,74.0
2873.8851560231856,66.0,6.0,1.0,1.0,0.0,74.0
2874.1851560231858,66.0,6.0,1.0,1.0,0.0,74.0
2874.186065114095,66.0,6.0,1.0,1.0,0.0,74.0
2874.4860651140953,66.0,6.0,1.0,1.0,0.0,74.0
2874.4869742050046,66.0,6.0,1.0,1.0,0.0,74.0
2874.7869742050048,66.0,6.0,1.0,1.0,0.0,74.0
2874.787883295914,66.0,6.0,1.0,1.0,0.0,74.0
2875.0878832959143,66.0,6.0,1.0,1.0,0.0,74.0
2875.0887923868236,66.0,6.0,1.0,1.0,0.0,74.0
2875.3887923868238,66.0,6.0,1.0,1.0,0.0,74.0
2875.389701477733,66.0,6.0,1.0,1.0,0.0,74.0
2875.6897014777333,66.0,6.0,1.0,1.0,0.0,74.0
2875.6906105686426,66.0,6.0,1.0,1.0,0.0,74.0
2875.9906105686428,66.0,6.0,1.0,1.0,0.0,74.0
2875.991519659552,66.0,6.0,1.0,1.0,0.0,74.0
2876.2915196595523,66.0,6.0,1.0,1.0,0.0,74.0
2876.2924287504616,66.0,6.0,1.0,1.0,0.0,74.0
2876.5924287504617,66.0,6.0,1.0,1.0,0.0,74.0
2876.593337841371,66.0,6.0,1.0,1.0,0.0,74.0
2876.8933378413712,66.0,6.0,1.0,1.0,0.0,74.0
2876.8942469322806,66.0,6.0,1.0,1.0,0.0,74.0
2877.1942469322807,66.0,6.0,1.0,1.0,0.0,74.0
2877.19515602319,66.0,6.0,1.0,1.0,0.0,74.0
2877.4951560231902,66.0,6.0,1.0,1.0,0.0,74.0
2877.4960651140996,66.0,6.0,1.0,1.0,0.0,74.0
2877.7960651140997,66.0,6.0,1.0,1.0,0.0,74.0
2877.796974205009,66.0,6.0,1.0,1.0,0.0,74.0
2878.0969742050092,66.0,6.0,1.0,1.0,0.0,74.0
2878.0978832959186,66.0,6.0,1.0,1.0,0.0,74.0
2878.3978832959187,66.0,6.0,1.0,1.0,0.0,74.0
2878.398792386828,66.0,6.0,1.0,1.0,0.0,74.0
2878.6987923868282,66.0,6.0,1.0,1.0,0.0,74.0
2878.6997014777376,66.0,6.0,1.0,1.0,0.0,74.0
2878.9997014777377,66.0,6.0,1.0,1.0,0.0,74.0
2879.000610568647,66.0,6.0,1.0,1.0,0.0,74.0
2879.3006105686472,66.0,6.0,1.0,1.0,0.0,74.0
2879.3015196595566,66.0,6.0,1.0,1.0,0.0,74.0
2879.6015196595567,66.0,6.0,1.0,1.0,0.0,74.0
2879.602428750466,66.0,6.0,1.0,1.0,0.0,74.0
2879.9024287504662,66.0,6.0,1.0,1.0,0.0,74.0
2879.9033378413756,66.0,6.0,1.0,1.0,0.0,74.0
2880.2033378413757,66.0,6.0,1.0,1.0,0.0,74.0
2880.204246932285,66.0,6.0,1.0,1.0,0.0,74.0
2880.5042469322852,66.0,6.0,1.0,1.0,0.0,74.0
2880.5051560231946,66.0,6.0,1.0,1.0,0.0,74.0
2880.8051560231947,66.0,6.0,1.0,1.0,0.0,74.0
2880.806065114104,66.0,6.0,1.0,1.0,0.0,74.0
2881.1060651141042,66.0,6.0,1.0,1.0,0.0,74.0
2881.1069742050136,66.0,6.0,1.0,1.0,0.0,74.0
2881.4069742050137,66.0,6.0,1.0,1.0,0.0,74.0
2881.407883295923,66.0,6.0,1.0,1.0,0.0,74.0
2881.7078832959232,66.0,6.0,1.0,1.0,0.0,74.0
2881.7087923868326,66.0,6.0,1.0,1.0,0.0,74.0
2882.0087923868327,66.0,6.0,1.0,1.0,0.0,74.0
2882.009701477742,66.0,6.0,1.0,1.0,0.0,74.0
2882.3097014777422,66.0,6.0,1.0,1.0,0.0,74.0
2882.3106105686516,66.0,6.0,1.0,1.0,0.0,74.0
2882.6106105686517,66.0,6.0,1.0,1.0,0.0,74.0
2882.611519659561,66.0,6.0,1.0,1.0,0.0,74.0
2882.9115196595612,66.0,6.0,1.0,1.0,0.0,74.0
2882.9124287504706,66.0,6.0,1.0,1.0,0.0,74.0
2883.2124287504707,66.0,6.0,1.0,1.0,0.0,74.0
2883.21333784138,66.0,6.0,1.0,1.0,0.0,74.0
2883.5133378413802,66.0,6.0,1.0,1.0,0.0,74.0
2883.5142469322896,66.0,6.0,1.0,1.0,0.0,74.0
2883.8142469322897,66.0,6.0,1.0,1.0,0.0,74.0
2883.815156023199,66.0,6.0,1.0,1.0,0.0,74.0
2884.1151560231992,66.0,6.0,1.0,1.0,0.0,74.0
2884.1160651141086,66.0,6.0,1.0,1.0,0.0,74.0
2884.4160651141087,66.0,6.0,1.0,1.0,0.0,74.0
2884.416974205018,66.0,6.0,1.0,1.0,0.0,74.0
2884.7169742050182,66.0,6.0,1.0,1.0,0.0,74.0
2884.7178832959275,66.0,6.0,1.0,1.0,0.0,74.0
2885.0178832959277,66.0,6.0,1.0,1.0,0.0,74.0
2885.018792386837,66.0,6.0,1.0,1.0,0.0,74.0
2885.3187923868372,66.0,6.0,1.0,1.0,0.0,74.0
2885.3197014777465,66.0,6.0,1.0,1.0,0.0,74.0
2885.6197014777467,66.0,6.0,1.0,1.0,0.0,74.0
2885.620610568656,66.0,6.0,1.0,1.0,0.0,74.0
2885.9206105686562,66.0,6.0,1.0,1.0,0.0,74.0
2885.9215196595655,66.0,6.0,1.0,1.0,0.0,74.0
2886.2215196595657,66.0,6.0,1.0,1.0,0.0,74.0
2886.222428750475,66.0,6.0,1.0,1.0,0.0,74.0
2886.5224287504752,66.0,6.0,1.0,1.0,0.0,74.0
2886.5233378413845,66.0,6.0,1.0,1.0,0.0,74.0
2886.8233378413847,66.0,6.0,1.0,1.0,0.0,74.0
2886.824246932294,66.0,6.0,1.0,1.0,0.0,74.0
2887.124246932294,66.0,6.0,1.0,1.0,0.0,74.0
2887.1251560232035,66.0,6.0,1.0,1.0,0.0,74.0
2887.4251560232037,66.0,6.0,1.0,1.0,0.0,74.0
2887.426065114113,66.0,6.0,1.0,1.0,0.0,74.0
2887.726065114113,66.0,6.0,1.0,1.0,0.0,74.0
2887.7269742050225,66.0,6.0,1.0,1.0,0.0,74.0
2888.0269742050227,66.0,6.0,1.0,1.0,0.0,74.0
2888.027883295932,66.0,6.0,1.0,1.0,0.0,74.0
2888.327883295932,66.0,6.0,1.0,1.0,0.0,74.0
2888.3287923868415,66.0,6.0,1.0,1.0,0.0,74.0
2888.6287923868417,66.0,6.0,1.0,1.0,0.0,74.0
2888.629701477751,66.0,6.0,1.0,1.0,0.0,74.0
2888.929701477751,66.0,6.0,1.0,1.0,0.0,74.0
2888.9306105686605,66.0,6.0,1.0,1.0,0.0,74.0
2889.2306105686607,66.0,6.0,1.0,1.0,0.0,74.0
2889.23151965957,66.0,6.0,1.0,1.0,0.0,74.0
2889.53151965957,66.0,6.0,1.0,1.0,0.0,74.0
2889.5324287504795,66.0,6.0,1.0,1.0,0.0,74.0
2889.8324287504797,66.0,6.0,1.0,1.0,0.0,74.0
2889.833337841389,66.0,6.0,1.0,1.0,0.0,74.0
2890.133337841389,66.0,6.0,1.0,1.0,0.0,74.0
2890.1342469322985,66.0,6.0,1.0,1.0,0.0,74.0
2890.4342469322987,66.0,6.0,1.0,1.0,0.0,74.0
2890.435156023208,66.0,6.0,1.0,1.0,0.0,74.0
2890.735156023208,66.0,6.0,1.0,1.0,0.0,74.0
2890.7360651141175,66.0,6.0,1.0,1.0,0.0,74.0
2891.0360651141177,66.0,6.0,1.0,1.0,0.0,74.0
2891.036974205027,66.0,6.0,1.0,1.0,0.0,74.0
2891.336974205027,66.0,6.0,1.0,1.0,0.0,74.0
2891.3378832959365,66.0,6.0,1.0,1.0,0.0,74.0
2891.6378832959367,66.0,6.0,1.0,1.0,0.0,74.0
2891.638792386846,66.0,6.0,1.0,1.0,0.0,74.0
2891.938792386846,66.0,6.0,1.0,1.0,0.0,74.0
2891.9397014777555,66.0,6.0,1.0,1.0,0.0,74.0
2892.2397014777557,66.0,6.0,1.0,1.0,0.0,74.0
2892.240610568665,66.0,6.0,1.0,1.0,0.0,74.0
2892.540610568665,66.0,6.0,1.0,1.0,0.0,74.0
2892.5415196595745,66.0,6.0,1.0,1.0,0.0,74.0
2892.8415196595747,66.0,6.0,1.0,1.0,0.0,74.0
2892.842428750484,66.0,6.0,1.0,1.0,0.0,74.0
2893.142428750484,66.0,6.0,1.0,1.0,0.0,74.0
2893.1433378413935,66.0,6.0,1.0,1.0,0.0,74.0
2893.4433378413937,66.0,6.0,1.0,1.0,0.0,74.0
2893.444246932303,66.0,6.0,1.0,1.0,0.0,74.0
2893.744246932303,66.0,6.0,1.0,1.0,0.0,74.0
2893.7451560232125,66.0,6.0,1.0,1.0,0.0,74.0
2894.0451560232127,66.0,6.0,1.0,1.0,0.0,74.0
2894.046065114122,66.0,6.0,1.0,1.0,0.0,74.0
2894.346065114122,66.0,6.0,1.0,1.0,0.0,74.0
2894.3469742050315,66.0,6.0,1.0,1.0,0.0,74.0
2894.6469742050317,66.0,6.0,1.0,1.0,0.0,74.0
2894.647883295941,66.0,6.0,1.0,1.0,0.0,74.0
2894.947883295941,66.0,6.0,1.0,1.0,0.0,74.0
2894.9487923868505,66.0,6.0,1.0,1.0,0.0,74.0
2895.2487923868507,66.0,6.0,1.0,1.0,0.0,74.0
2895.24970147776,66.0,6.0,1.0,1.0,0.0,74.0
2895.54970147776,66.0,6.0,1.0,1.0,0.0,74.0
2895.5506105686695,66.0,6.0,1.0,1.0,0.0,74.0
2895.8506105686697,66.0,6.0,1.0,1.0,0.0,74.0
2895.851519659579,66.0,6.0,1.0,1.0,0.0,74.0
2896.151519659579,66.0,6.0,1.0,1.0,0.0,74.0
2896.1524287504885,66.0,6.0,1.0,1.0,0.0,74.0
2896.4524287504887,66.0,6.0,1.0,1.0,0.0,74.0
2896.453337841398,66.0,6.0,1.0,1.0,0.0,74.0
2896.753337841398,66.0,6.0,1.0,1.0,0.0,74.0
2896.7542469323075,66.0,6.0,1.0,1.0,0.0,74.0
2897.0542469323077,66.0,6.0,1.0,1.0,0.0,74.0
2897.055156023217,66.0,6.0,1.0,1.0,0.0,74.0
2897.355156023217,66.0,6.0,1.0,1.0,0.0,74.0
2897.3560651141265,66.0,6.0,1.0,1.0,0.0,74.0
2897.6560651141267,66.0,6.0,1.0,1.0,0.0,74.0
2897.656974205036,66.0,6.0,1.0,1.0,0.0,74.0
2897.956974205036,66.0,6.0,1.0,1.0,0.0,74.0
2897.9578832959455,66.0,6.0,1.0,1.0,0.0,74.0
2898.2578832959457,66.0,6.0,1.0,1.0,0.0,74.0
2898.258792386855,66.0,6.0,1.0,1.0,0.0,74.0
2898.558792386855,66.0,6.0,1.0,1.0,0.0,74.0
2898.5597014777645,66.0,6.0,1.0,1.0,0.0,74.0
2898.8597014777647,66.0,6.0,1.0,1.0,0.0,74.0
2898.860610568674,66.0,6.0,1.0,1.0,0.0,74.0
2899.160610568674,66.0,6.0,1.0,1.0,0.0,74.0
2899.1615196595835,66.0,6.0,1.0,1.0,0.0,74.0
2899.4615196595837,66.0,6.0,1.0,1.0,0.0,74.0
2899.462428750493,66.0,6.0,1.0,1.0,0.0,74.0
2899.762428750493,66.0,6.0,1.0,1.0,0.0,74.0
2899.7633378414025,66.0,6.0,1.0,1.0,0.0,74.0
2900.0633378414027,66.0,6.0,1.0,1.0,0.0,74.0
2900.064246932312,66.0,6.0,1.0,1.0,0.0,74.0
2900.364246932312,66.0,6.0,1.0,1.0,0.0,74.0
2900.3651560232215,66.0,6.0,1.0,1.0,0.0,74.0
2900.6651560232217,66.0,6.0,1.0,1.0,0.0,74.0
2900.666065114131,66.0,6.0,1.0,1.0,0.0,74.0
2900.966065114131,66.0,6.0,1.0,1.0,0.0,74.0
2900.9669742050405,66.0,6.0,1.0,1.0,0.0,74.0
2901.2669742050407,66.0,6.0,1.0,1.0,0.0,74.0
2901.26788329595,66.0,6.0,1.0,1.0,0.0,74.0
2901.56788329595,66.0,6.0,1.0,1.0,0.0,74.0
2901.5687923868595,66.0,6.0,1.0,1.0,0.0,74.0
2901.8687923868597,66.0,6.0,1.0,1.0,0.0,74.0
2901.869701477769,66.0,6.0,1.0,1.0,0.0,74.0
2902.169701477769,66.0,6.0,1.0,1.0,0.0,74.0
2902.1706105686785,66.0,6.0,1.0,1.0,0.0,74.0
2902.4706105686787,66.0,6.0,1.0,1.0,0.0,74.0
2902.471519659588,66.0,6.0,1.0,1.0,0.0,74.0
2902.771519659588,66.0,6.0,1.0,1.0,0.0,74.0
2902.7724287504975,66.0,6.0,1.0,1.0,0.0,74.0
2903.0724287504977,66.0,6.0,1.0,1.0,0.0,74.0
2903.073337841407,66.0,6.0,1.0,1.0,0.0,74.0
2903.373337841407,66.0,6.0,1.0,1.0,0.0,74.0
2903.3742469323165,66.0,6.0,1.0,1.0,0.0,74.0
2903.6742469323167,66.0,6.0,1.0,1.0,0.0,74.0
2903.675156023226,66.0,6.0,1.0,1.0,0.0,74.0
2903.975156023226,66.0,6.0,1.0,1.0,0.0,74.0
2903.9760651141355,66.0,6.0,1.0,1.0,0.0,74.0
2904.2760651141357,66.0,6.0,1.0,1.0,0.0,74.0
2904.276974205045,66.0,6.0,1.0,1.0,0.0,74.0
2904.576974205045,66.0,6.0,1.0,1.0,0.0,74.0
2904.5778832959545,66.0,6.0,1.0,1.0,0.0,74.0
2904.8778832959547,66.0,6.0,1.0,1.0,0.0,74.0
2904.878792386864,66.0,6.0,1.0,1.0,0.0,74.0
2905.178792386864,66.0,6.0,1.0,1.0,0.0,74.0
2905.1797014777735,66.0,6.0,1.0,1.0,0.0,74.0
2905.4797014777737,66.0,6.0,1.0,1.0,0.0,74.0
2905.480610568683,66.0,6.0,1.0,1.0,0.0,74.0
2905.780610568683,66.0,6.0,1.0,1.0,0.0,74.0
2905.7815196595925,66.0,6.0,1.0,1.0,0.0,74.0
2906.0815196595927,66.0,6.0,1.0,1.0,0.0,74.0
2906.082428750502,66.0,6.0,1.0,1.0,0.0,74.0
2906.382428750502,66.0,6.0,1.0,1.0,0.0,74.0
2906.3833378414115,66.0,6.0,1.0,1.0,0.0,74.0
2906.6833378414117,66.0,6.0,1.0,1.0,0.0,74.0
2906.684246932321,66.0,6.0,1.0,1.0,0.0,74.0
2906.984246932321,66.0,6.0,1.0,1.0,0.0,74.0
2906.9851560232305,66.0,6.0,1.0,1.0,0.0,74.0
2907.2851560232307,66.0,6.0,1.0,1.0,0.0,74.0
2907.28606511414,66.0,6.0,1.0,1.0,0.0,74.0
2907.58606511414,66.0,6.0,1.0,1.0,0.0,74.0
2907.5869742050495,66.0,6.0,1.0,1.0,0.0,74.0
2907.8869742050497,66.0,6.0,1.0,1.0,0.0,74.0
2907.887883295959,66.0,6.0,1.0,1.0,0.0,74.0
2908.187883295959,66.0,6.0,1.0,1.0,0.0,74.0
2908.1887923868685,66.0,6.0,1.0,1.0,0.0,74.0
2908.4887923868687,66.0,6.0,1.0,1.0,0.0,74.0
2908.489701477778,66.0,6.0,1.0,1.0,0.0,74.0
2908.789701477778,66.0,6.0,1.0,1.0,0.0,74.0
2908.7906105686875,66.0,6.0,1.0,1.0,0.0,74.0
2909.0906105686877,66.0,6.0,1.0,1.0,0.0,74.0
2909.091519659597,66.0,6.0,1.0,1.0,0.0,74.0
2909.391519659597,66.0,6.0,1.0,1.0,0.0,74.0
2909.3924287505065,66.0,6.0,1.0,1.0,0.0,74.0
2909.6924287505067,66.0,6.0,1.0,1.0,0.0,74.0
2909.693337841416,66.0,6.0,1.0,1.0,0.0,74.0
2909.993337841416,66.0,6.0,1.0,1.0,0.0,74.0
2909.9942469323255,66.0,6.0,1.0,1.0,0.0,74.0
2910.2942469323257,66.0,6.0,1.0,1.0,0.0,74.0
2910.295156023235,66.0,6.0,1.0,1.0,0.0,74.0
2910.595156023235,66.0,6.0,1.0,1.0,0.0,74.0
2910.5960651141445,66.0,6.0,1.0,1.0,0.0,74.0
2910.8960651141447,66.0,6.0,1.0,1.0,0.0,74.0
2910.896974205054,66.0,6.0,1.0,1.0,0.0,74.0
2911.196974205054,66.0,6.0,1.0,1.0,0.0,74.0
2911.1978832959635,66.0,6.0,1.0,1.0,0.0,74.0
2911.4978832959637,66.0,6.0,1.0,1.0,0.0,74.0
2911.498792386873,66.0,6.0,1.0,1.0,0.0,74.0
2911.798792386873,66.0,6.0,1.0,1.0,0.0,74.0
2911.7997014777825,66.0,6.0,1.0,1.0,0.0,74.0
2912.0997014777827,66.0,6.0,1.0,1.0,0.0,74.0
2912.100610568692,66.0,6.0,1.0,1.0,0.0,74.0
2912.400610568692,66.0,6.0,1.0,1.0,0.0,74.0
2912.4015196596015,66.0,6.0,1.0,1.0,0.0,74.0
2912.7015196596017,66.0,6.0,1.0,1.0,0.0,74.0
2912.702428750511,66.0,6.0,1.0,1.0,0.0,74.0
2913.002428750511,66.0,6.0,1.0,1.0,0.0,74.0
2913.0033378414205,66.0,6.0,1.0,1.0,0.0,74.0
2913.3033378414207,66.0,6.0,1.0,1.0,0.0,74.0
2913.30424693233,66.0,6.0,1.0,1.0,0.0,74.0
2913.60424693233,66.0,6.0,1.0,1.0,0.0,74.0
2913.6051560232395,66.0,6.0,1.0,1.0,0.0,74.0
2913.9051560232397,66.0,6.0,1.0,1.0,0.0,74.0
2913.906065114149,66.0,6.0,1.0,1.0,0.0,74.0
2914.206065114149,66.0,6.0,1.0,1.0,0.0,74.0
2914.2069742050585,66.0,6.0,1.0,1.0,0.0,74.0
2914.5069742050587,66.0,6.0,1.0,1.0,0.0,74.0
2914.507883295968,66.0,6.0,1.0,1.0,0.0,74.0
2914.807883295968,66.0,6.0,1.0,1.0,0.0,74.0
2914.8087923868775,66.0,6.0,1.0,1.0,0.0,74.0
2915.1087923868777,66.0,6.0,1.0,1.0,0.0,74.0
2915.109701477787,66.0,6.0,1.0,1.0,0.0,74.0
2915.409701477787,66.0,6.0,1.0,1.0,0.0,74.0
2915.4106105686965,66.0,6.0,1.0,1.0,0.0,74.0
2915.7106105686967,66.0,6.0,1.0,1.0,0.0,74.0
2915.711519659606,66.0,6.0,1.0,1.0,0.0,74.0
2916.011519659606,66.0,6.0,1.0,1.0,0.0,74.0
2916.0124287505155,66.0,6.0,1.0,1.0,0.0,74.0
2916.3124287505157,66.0,6.0,1.0,1.0,0.0,74.0
2916.313337841425,66.0,6.0,1.0,1.0,0.0,74.0
2916.613337841425,66.0,6.0,1.0,1.0,0.0,74.0
2916.6142469323345,66.0,6.0,1.0,1.0,0.0,74.0
2916.9142469323347,66.0,6.0,1.0,1.0,0.0,74.0
2916.915156023244,66.0,6.0,1.0,1.0,0.0,74.0
2917.215156023244,66.0,6.0,1.0,1.0,0.0,74.0
2917.2160651141535,66.0,6.0,1.0,6.0,0.0,74.0
2917.5160651141537,66.0,6.0,1.0,6.0,0.0,74.0
2917.516974205063,66.0,6.0,1.0,6.0,0.0,74.0
2917.816974205063,66.0,6.0,1.0,6.0,0.0,74.0
2917.8178832959725,66.0,6.0,1.0,6.0,0.0,74.0
2918.1178832959727,66.0,6.0,1.0,6.0,0.0,74.0
2918.118792386882,66.0,6.0,1.0,6.0,0.0,74.0
2918.418792386882,66.0,6.0,1.0,6.0,0.0,74.0
2918.4197014777915,66.0,6.0,1.0,6.0,0.0,74.0
2918.7197014777917,66.0,6.0,1.0,6.0,0.0,74.0
2918.720610568701,66.0,6.0,1.0,6.0,0.0,74.0
2919.020610568701,66.0,6.0,1.0,6.0,0.0,74.0
2919.0215196596105,66.0,6.0,1.0,6.0,0.0,74.0
2919.3215196596107,66.0,6.0,1.0,6.0,0.0,74.0
2919.32242875052,66.0,6.0,1.0,6.0,0.0,74.0
2919.62242875052,66.0,6.0,1.0,6.0,0.0,74.0
2919.6233378414295,66.0,6.0,1.0,6.0,0.0,74.0
2919.9233378414297,66.0,6.0,1.0,6.0,0.0,74.0
2919.924246932339,66.0,6.0,1.0,6.0,0.0,74.0
2920.224246932339,66.0,6.0,1.0,6.0,0.0,74.0
2920.2251560232485,65.0,6.0,1.0,6.0,0.0,74.0
2920.5251560232487,65.0,6.0,1.0,6.0,0.0,74.0
2920.526079100172,65.0,6.0,1.0,6.0,0.0,74.0
2920.826079100172,65.0,6.0,1.0,6.0,0.0,74.0
2920.8270021770954,65.0,6.0,1.0,6.0,0.0,74.0
2921.1270021770956,65.0,6.0,1.0,6.0,0.0,74.0
2921.127925254019,65.0,6.0,1.0,6.0,0.0,74.0
2921.427925254019,65.0,6.0,1.0,6.0,0.0,74.0
2921.4288483309424,65.0,6.0,1.0,6.0,0.0,74.0
2921.7288483309426,65.0,6.0,1.0,6.0,0.0,74.0
2921.729771407866,65.0,6.0,1.0,6.0,0.0,74.0
2922.029771407866,65.0,6.0,1.0,6.0,0.0,74.0
2922.0306944847894,65.0,6.0,1.0,6.0,0.0,74.0
2922.3306944847895,65.0,6.0,1.0,6.0,0.0,74.0
2922.331617561713,65.0,6.0,1.0,6.0,0.0,74.0
2922.631617561713,65.0,6.0,1.0,6.0,0.0,74.0
2922.6325406386363,65.0,6.0,1.0,6.0,0.0,74.0
2922.9325406386365,65.0,6.0,1.0,6.0,0.0,74.0
2922.93346371556,65.0,6.0,1.0,6.0,0.0,74.0
2923.23346371556,65.0,6.0,1.0,6.0,0.0,74.0
2923.2343867924833,65.0,6.0,1.0,6.0,0.0,74.0
2923.5343867924835,65.0,6.0,1.0,6.0,0.0,74.0
2923.535309869407,65.0,6.0,1.0,6.0,0.0,74.0
2923.835309869407,65.0,6.0,1.0,6.0,0.0,74.0
2923.8362329463303,65.0,6.0,1.0,6.0,0.0,74.0
2924.1362329463304,65.0,6.0,1.0,6.0,0.0,74.0
2924.1371560232537,65.0,6.0,1.0,6.0,0.0,74.0
2924.437156023254,65.0,6.0,1.0,6.0,0.0,74.0
2924.438079100177,65.0,6.0,1.0,6.0,0.0,74.0
2924.7380791001774,65.0,6.0,1.0,6.0,0.0,74.0
2924.7390021771007,65.0,6.0,1.0,6.0,0.0,74.0
2925.039002177101,65.0,6.0,1.0,6.0,0.0,74.0
2925.039925254024,65.0,6.0,1.0,6.0,0.0,74.0
2925.3399252540244,65.0,6.0,1.0,6.0,0.0,74.0
2925.3408483309477,65.0,6.0,1.0,6.0,0.0,74.0
2925.640848330948,65.0,6.0,1.0,6.0,0.0,74.0
2925.641771407871,65.0,6.0,1.0,6.0,0.0,74.0
2925.9417714078713,65.0,6.0,1.0,6.0,0.0,74.0
2925.9426944847946,65.0,6.0,1.0,6.0,0.0,74.0
2926.242694484795,65.0,6.0,1.0,6.0,0.0,74.0
2926.243617561718,65.0,6.0,1.0,6.0,0.0,74.0
2926.5436175617183,65.0,6.0,1.0,6.0,0.0,74.0
2926.5445406386416,65.0,6.0,1.0,6.0,0.0,74.0
2926.844540638642,65.0,6.0,1.0,6.0,0.0,74.0
2926.845463715565,65.0,6.0,1.0,6.0,0.0,74.0
2927.1454637155653,65.0,6.0,1.0,6.0,0.0,74.0
2927.1463867924886,65.0,6.0,1.0,6.0,0.0,74.0
2927.4463867924887,65.0,6.0,1.0,6.0,0.0,74.0
2927.447309869412,65.0,6.0,1.0,6.0,0.0,74.0
2927.747309869412,65.0,6.0,1.0,6.0,0.0,74.0
2927.7482329463355,65.0,6.0,1.0,6.0,0.0,74.0
2928.0482329463357,65.0,6.0,1.0,6.0,0.0,74.0
2928.049156023259,65.0,6.0,1.0,6.0,0.0,74.0
2928.349156023259,65.0,6.0,1.0,6.0,0.0,74.0
2928.3500791001825,65.0,6.0,1.0,6.0,0.0,74.0
2928.6500791001827,65.0,6.0,1.0,6.0,0.0,74.0
2928.651002177106,65.0,6.0,1.0,6.0,0.0,74.0
2928.951002177106,65.0,6.0,1.0,6.0,0.0,74.0
2928.9519252540294,65.0,6.0,1.0,6.0,0.0,74.0
2929.2519252540296,65.0,6.0,1.0,6.0,0.0,74.0
2929.252848330953,65.0,6.0,1.0,6.0,0.0,74.0
2929.552848330953,65.0,6.0,1.0,6.0,0.0,74.0
2929.5537714078764,65.0,6.0,1.0,6.0,0.0,74.0
2929.8537714078766,65.0,6.0,1.0,6.0,0.0,74.0
2929.8546944848,65.0,6.0,1.0,6.0,0.0,74.0
2930.1546944848,65.0,6.0,1.0,6.0,0.0,74.0
2930.1556175617234,65.0,6.0,1.0,4.0,0.0,75.0
2930.4556175617236,65.0,6.0,1.0,4.0,0.0,75.0
2930.456540638647,65.0,6.0,1.0,4.0,0.0,75.0
2930.756540638647,65.0,6.0,1.0,4.0,0.0,75.0
2930.7574637155703,65.0,6.0,1.0,4.0,0.0,75.0
2931.0574637155705,65.0,6.0,1.0,4.0,0.0,75.0
2931.058386792494,65.0,6.0,1.0,4.0,0.0,75.0
2931.358386792494,65.0,6.0,1.0,4.0,0.0,75.0
2931.3593098694173,65.0,6.0,1.0,4.0,0.0,75.0
2931.6593098694175,65.0,6.0,1.0,4.0,0.0,75.0
2931.660232946341,65.0,6.0,1.0,4.0,0.0,75.0
2931.960232946341,65.0,6.0,1.0,4.0,0.0,75.0
2931.9611560232643,65.0,6.0,1.0,4.0,0.0,75.0
2932.2611560232644,65.0,6.0,1.0,4.0,0.0,75.0
2932.2620791001877,65.0,6.0,1.0,4.0,0.0,75.0
2932.562079100188,65.0,6.0,1.0,4.0,0.0,75.0
2932.5630021771112,65.0,6.0,1.0,4.0,0.0,75.0
2932.8630021771114,65.0,6.0,1.0,4.0,0.0,75.0
2932.8639252540347,65.0,6.0,1.0,4.0,0.0,75.0
2933.163925254035,65.0,6.0,1.0,4.0,0.0,75.0
2933.164848330958,65.0,6.0,1.0,4.0,0.0,75.0
2933.4648483309584,65.0,6.0,1.0,4.0,0.0,75.0
2933.4657714078817,65.0,6.0,1.0,4.0,0.0,75.0
2933.765771407882,65.0,6.0,1.0,4.0,0.0,75.0
2933.766694484805,65.0,6.0,1.0,4.0,0.0,75.0
2934.0666944848053,65.0,6.0,1.0,4.0,0.0,75.0
2934.0676175617286,65.0,6.0,1.0,4.0,0.0,75.0
2934.367617561729,65.0,6.0,1.0,4.0,0.0,75.0
2934.368540638652,65.0,6.0,1.0,4.0,0.0,75.0
2934.6685406386523,65.0,6.0,1.0,4.0,0.0,75.0
2934.6694637155756,65.0,6.0,1.0,4.0,0.0,75.0
2934.969463715576,65.0,6.0,1.0,4.0,0.0,75.0
2934.970386792499,65.0,6.0,1.0,4.0,0.0,75.0
2935.2703867924993,65.0,6.0,1.0,4.0,0.0,75.0
2935.2713098694226,65.0,6.0,1.0,4.0,0.0,75.0
2935.5713098694227,65.0,6.0,1.0,4.0,0.0,75.0
2935.572232946346,65.0,6.0,1.0,4.0,0.0,75.0
2935.8722329463462,65.0,6.0,1.0,4.0,0.0,75.0
2935.8731560232695,65.0,6.0,1.0,4.0,0.0,75.0
2936.1731560232697,65.0,6.0,1.0,4.0,0.0,75.0
2936.174079100193,65.0,6.0,1.0,4.0,0.0,75.0
2936.474079100193,65.0,6.0,1.0,4.0,0.0,75.0
2936.4750021771165,65.0,6.0,1.0,4.0,0.0,75.0
2936.7750021771167,65.0,6.0,1.0,4.0,0.0,75.0
2936.77592525404,65.0,6.0,1.0,4.0,0.0,75.0
2937.07592525404,65.0,6.0,1.0,4.0,0.0,75.0
2937.0768483309635,65.0,6.0,1.0,4.0,0.0,75.0
2937.3768483309636,65.0,6.0,1.0,4.0,0.0,75.0
2937.377771407887,65.0,6.0,1.0,4.0,0.0,75.0
2937.677771407887,65.0,6.0,1.0,4.0,0.0,75.0
2937.6786944848104,65.0,6.0,1.0,4.0,0.0,75.0
2937.9786944848106,65.0,6.0,1.0,4.0,0.0,75.0
2937.979617561734,65.0,6.0,1.0,4.0,0.0,75.0
2938.279617561734,65.0,6.0,1.0,4.0,0.0,75.0
2938.2805406386574,65.0,6.0,1.0,4.0,0.0,75.0
2938.5805406386576,65.0,6.0,1.0,4.0,0.0,75.0
2938.581463715581,65.0,6.0,1.0,4.0,0.0,75.0
2938.881463715581,65.0,6.0,1.0,4.0,0.0,75.0
2938.8823867925043,65.0,6.0,1.0,4.0,0.0,75.0
2939.1823867925045,65.0,6.0,1.0,4.0,0.0,75.0
2939.183309869428,65.0,6.0,1.0,4.0,0.0,75.0
2939.483309869428,65.0,6.0,1.0,4.0,0.0,75.0
2939.4842329463513,65.0,6.0,1.0,4.0,0.0,75.0
2939.7842329463515,65.0,6.0,1.0,4.0,0.0,75.0
2939.785156023275,65.0,6.0,1.0,4.0,0.0,75.0
2940.085156023275,65.0,6.0,1.0,4.0,0.0,75.0
2940.0860791001983,65.0,6.0,1.0,4.0,0.0,75.0
2940.3860791001985,65.0,6.0,1.0,4.0,0.0,75.0
2940.3870021771218,65.0,6.0,1.0,4.0,0.0,75.0
2940.687002177122,65.0,6.0,1.0,4.0,0.0,75.0
2940.6879252540452,65.0,6.0,1.0,4.0,0.0,75.0
2940.9879252540454,65.0,6.0,1.0,4.0,0.0,75.0
2940.9888483309687,65.0,6.0,1.0,4.0,0.0,75.0
2941.288848330969,65.0,6.0,1.0,4.0,0.0,75.0
2941.289771407892,65.0,6.0,1.0,4.0,0.0,75.0
2941.5897714078924,65.0,6.0,1.0,4.0,0.0,75.0
2941.5906944848157,65.0,6.0,1.0,4.0,0.0,75.0
2941.890694484816,65.0,6.0,1.0,4.0,0.0,75.0
2941.891617561739,65.0,6.0,1.0,4.0,0.0,75.0
2942.1916175617393,65.0,6.0,1.0,4.0,0.0,75.0
2942.1925406386626,65.0,6.0,1.0,4.0,0.0,75.0
2942.492540638663,65.0,6.0,1.0,4.0,0.0,75.0
2942.493463715586,65.0,6.0,1.0,4.0,0.0,75.0
2942.7934637155863,65.0,6.0,1.0,4.0,0.0,75.0
2942.7943867925096,65.0,6.0,1.0,4.0,0.0,75.0
2943.09438679251,65.0,6.0,1.0,4.0,0.0,75.0
2943.095309869433,65.0,6.0,1.0,4.0,0.0,75.0
2943.3953098694333,65.0,6.0,1.0,4.0,0.0,75.0
2943.3962329463566,65.0,6.0,1.0,4.0,0.0,75.0
2943.6962329463568,65.0,6.0,1.0,4.0,0.0,75.0
2943.69715602328,65.0,6.0,1.0,4.0,0.0,75.0
2943.9971560232802,65.0,6.0,1.0,4.0,0.0,75.0
2943.9980791002035,65.0,6.0,1.0,4.0,0.0,75.0
2944.2980791002037,65.0,6.0,1.0,4.0,0.0,75.0
2944.299002177127,65.0,6.0,1.0,4.0,0.0,75.0
2944.599002177127,65.0,6.0,1.0,4.0,0.0,75.0
2944.5999252540505,65.0,6.0,1.0,4.0,0.0,75.0
2944.8999252540507,65.0,6.0,1.0,4.0,0.0,75.0
2944.900848330974,65.0,6.0,1.0,4.0,0.0,75.0
2945.200848330974,65.0,6.0,1.0,4.0,0.0,75.0
2945.2017714078975,65.0,6.0,1.0,4.0,0.0,75.0
2945.5017714078976,65.0,6.0,1.0,4.0,0.0,75.0
2945.502694484821,65.0,6.0,1.0,4.0,0.0,75.0
2945.802694484821,65.0,6.0,1.0,4.0,0.0,75.0
2945.8036175617444,65.0,6.0,1.0,4.0,0.0,75.0
2946.1036175617446,65.0,6.0,1.0,4.0,0.0,75.0
2946.104540638668,65.0,6.0,1.0,4.0,0.0,75.0
2946.404540638668,65.0,6.0,1.0,4.0,0.0,75.0
2946.4054637155914,65.0,6.0,1.0,4.0,0.0,75.0
2946.7054637155916,65.0,6.0,1.0,4.0,0.0,75.0
2946.706386792515,65.0,6.0,1.0,4.0,0.0,75.0
2947.006386792515,65.0,6.0,1.0,4.0,0.0,75.0
2947.0073098694384,65.0,6.0,1.0,4.0,0.0,75.0
2947.3073098694385,65.0,6.0,1.0,4.0,0.0,75.0
2947.308232946362,65.0,6.0,1.0,4.0,0.0,75.0
2947.608232946362,65.0,6.0,1.0,4.0,0.0,75.0
2947.6091560232853,65.0,6.0,1.0,4.0,0.0,75.0
2947.9091560232855,65.0,6.0,1.0,4.0,0.0,75.0
2947.910079100209,65.0,6.0,1.0,4.0,0.0,75.0
2948.210079100209,65.0,6.0,1.0,4.0,0.0,75.0
2948.2110021771323,65.0,6.0,1.0,4.0,0.0,75.0
2948.5110021771325,65.0,6.0,1.0,4.0,0.0,75.0
2948.5119252540558,65.0,6.0,1.0,4.0,0.0,75.0
2948.811925254056,65.0,6.0,1.0,4.0,0.0,75.0
2948.8128483309793,65.0,6.0,1.0,4.0,0.0,75.0
2949.1128483309794,65.0,6.0,1.0,4.0,0.0,75.0
2949.1137714079027,65.0,6.0,1.0,4.0,0.0,75.0
2949.413771407903,65.0,6.0,1.0,4.0,0.0,75.0
2949.414694484826,65.0,6.0,1.0,4.0,0.0,75.0
2949.7146944848264,65.0,6.0,1.0,4.0,0.0,75.0
2949.7156175617497,65.0,6.0,1.0,4.0,0.0,75.0
2950.01561756175,65.0,6.0,1.0,4.0,0.0,75.0
2950.016540638673,65.0,6.0,1.0,4.0,0.0,75.0
2950.3165406386734,65.0,6.0,1.0,4.0,0.0,75.0
2950.3174637155967,65.0,6.0,1.0,4.0,0.0,75.0
2950.617463715597,65.0,6.0,1.0,4.0,0.0,75.0
2950.61838679252,65.0,6.0,1.0,4.0,0.0,75.0
2950.9183867925203,65.0,6.0,1.0,4.0,0.0,75.0
2950.9193098694436,65.0,6.0,1.0,4.0,0.0,75.0
2951.219309869444,65.0,6.0,1.0,4.0,0.0,75.0
2951.220232946367,65.0,6.0,1.0,4.0,0.0,75.0
2951.5202329463673,65.0,6.0,1.0,4.0,0.0,75.0
2951.5211560232906,65.0,6.0,1.0,4.0,0.0,75.0
2951.8211560232908,65.0,6.0,1.0,4.0,0.0,75.0
2951.822079100214,65.0,6.0,1.0,4.0,0.0,75.0
2952.1220791002143,65.0,6.0,1.0,4.0,0.0,75.0
2952.1230021771376,65.0,6.0,1.0,4.0,0.0,75.0
2952.4230021771377,65.0,6.0,1.0,4.0,0.0,75.0
2952.423925254061,65.0,6.0,1.0,4.0,0.0,75.0
2952.723925254061,65.0,6.0,1.0,4.0,0.0,75.0
2952.7248483309845,65.0,6.0,1.0,4.0,0.0,75.0
2953.0248483309847,65.0,6.0,1.0,4.0,0.0,75.0
2953.025771407908,65.0,6.0,1.0,4.0,0.0,75.0
2953.325771407908,65.0,6.0,1.0,4.0,0.0,75.0
2953.3266944848315,65.0,6.0,1.0,4.0,0.0,75.0
2953.6266944848317,65.0,6.0,1.0,4.0,0.0,75.0
2953.627617561755,65.0,6.0,1.0,4.0,0.0,75.0
2953.927617561755,65.0,6.0,1.0,4.0,0.0,75.0
2953.9285406386784,65.0,6.0,1.0,4.0,0.0,75.0
2954.2285406386786,65.0,6.0,1.0,4.0,0.0,75.0
2954.229463715602,65.0,6.0,1.0,4.0,0.0,75.0
2954.529463715602,65.0,6.0,1.0,4.0,0.0,75.0
2954.5303867925254,65.0,6.0,1.0,4.0,0.0,75.0
2954.8303867925256,65.0,6.0,1.0,4.0,0.0,75.0
2954.831309869449,65.0,6.0,1.0,4.0,0.0,75.0
2955.131309869449,65.0,6.0,1.0,4.0,0.0,75.0
2955.1322329463724,65.0,6.0,1.0,4.0,0.0,75.0
2955.4322329463726,65.0,6.0,1.0,4.0,0.0,75.0
2955.433156023296,65.0,6.0,1.0,4.0,0.0,75.0
2955.733156023296,65.0,6.0,1.0,4.0,0.0,75.0
2955.7340791002193,65.0,6.0,1.0,4.0,0.0,75.0
2956.0340791002195,65.0,6.0,1.0,4.0,0.0,75.0
2956.035002177143,65.0,6.0,1.0,4.0,0.0,75.0
2956.335002177143,65.0,6.0,1.0,4.0,0.0,75.0
2956.3359252540663,65.0,6.0,1.0,4.0,0.0,75.0
2956.6359252540665,65.0,6.0,1.0,4.0,0.0,75.0
2956.63684833099,65.0,6.0,1.0,4.0,0.0,75.0
2956.93684833099,65.0,6.0,1.0,4.0,0.0,75.0
2956.9377714079133,65.0,6.0,1.0,4.0,0.0,75.0
2957.2377714079134,65.0,6.0,1.0,4.0,0.0,75.0
2957.2386944848367,65.0,6.0,1.0,4.0,0.0,75.0
2957.538694484837,65.0,6.0,1.0,4.0,0.0,75.0
2957.53961756176,65.0,6.0,1.0,4.0,0.0,75.0
2957.8396175617604,65.0,6.0,1.0,4.0,0.0,75.0
2957.8405406386837,65.0,6.0,1.0,4.0,0.0,75.0
2958.140540638684,65.0,6.0,1.0,4.0,0.0,75.0
2958.141463715607,65.0,6.0,1.0,4.0,0.0,75.0
2958.4414637156074,65.0,6.0,1.0,4.0,0.0,75.0
2958.4423867925307,65.0,6.0,1.0,2.0,0.0,76.0
2958.742386792531,65.0,6.0,1.0,2.0,0.0,76.0
2958.743309869454,65.0,6.0,1.0,2.0,0.0,76.0
2959.0433098694543,65.0,6.0,1.0,2.0,0.0,76.0
2959.0442329463776,65.0,6.0,1.0,2.0,0.0,76.0
2959.344232946378,65.0,6.0,1.0,2.0,0.0,76.0
2959.345156023301,65.0,6.0,1.0,2.0,0.0,76.0
2959.6451560233013,65.0,6.0,1.0,2.0,0.0,76.0
2959.6460791002246,65.0,6.0,1.0,2.0,0.0,76.0
2959.946079100225,65.0,6.0,1.0,2.0,0.0,76.0
2959.947002177148,65.0,6.0,1.0,2.0,0.0,76.0
2960.2470021771483,65.0,6.0,1.0,2.0,0.0,76.0
2960.2479252540716,65.0,6.0,1.0,2.0,0.0,76.0
2960.5479252540717,65.0,6.0,1.0,2.0,0.0,76.0
2960.548848330995,65.0,6.0,1.0,2.0,0.0,76.0
2960.848848330995,65.0,6.0,1.0,2.0,0.0,76.0
2960.8497714079185,65.0,6.0,1.0,2.0,0.0,76.0
2961.1497714079187,65.0,6.0,1.0,2.0,0.0,76.0
2961.150694484842,65.0,6.0,1.0,2.0,0.0,76.0
2961.450694484842,65.0,6.0,1.0,2.0,0.0,76.0
2961.4516175617655,65.0,6.0,1.0,2.0,0.0,76.0
2961.7516175617657,65.0,6.0,1.0,2.0,0.0,76.0
2961.752540638689,65.0,6.0,1.0,2.0,0.0,76.0
2962.052540638689,65.0,6.0,1.0,2.0,0.0,76.0
2962.0534637156125,65.0,6.0,1.0,2.0,0.0,76.0
2962.3534637156126,65.0,6.0,1.0,2.0,0.0,76.0
2962.354386792536,65.0,6.0,1.0,2.0,0.0,76.0
2962.654386792536,65.0,6.0,1.0,2.0,0.0,76.0
2962.6553098694594,65.0,6.0,1.0,2.0,0.0,76.0
2962.9553098694596,65.0,6.0,1.0,2.0,0.0,76.0
2962.956232946383,65.0,6.0,1.0,2.0,0.0,76.0
2963.256232946383,65.0,6.0,1.0,2.0,0.0,76.0
2963.2571560233064,65.0,6.0,1.0,2.0,0.0,76.0
2963.5571560233066,65.0,6.0,1.0,2.0,0.0,76.0
2963.55807910023,65.0,6.0,1.0,2.0,0.0,76.0
2963.85807910023,65.0,6.0,1.0,2.0,0.0,76.0
2963.8590021771533,65.0,6.0,1.0,2.0,0.0,76.0
2964.1590021771535,65.0,6.0,1.0,2.0,0.0,76.0
2964.159925254077,65.0,6.0,1.0,2.0,0.0,76.0
2964.459925254077,65.0,6.0,1.0,2.0,0.0,76.0
2964.4608483310003,65.0,6.0,1.0,2.0,0.0,76.0
2964.7608483310005,65.0,6.0,1.0,2.0,0.0,76.0
2964.761771407924,65.0,6.0,1.0,2.0,0.0,76.0
2965.061771407924,65.0,6.0,1.0,2.0,0.0,76.0
2965.0626944848473,65.0,6.0,1.0,2.0,0.0,76.0
2965.3626944848475,65.0,6.0,1.0,2.0,0.0,76.0
2965.3636175617708,65.0,6.0,1.0,2.0,0.0,76.0
2965.663617561771,65.0,6.0,1.0,2.0,0.0,76.0
2965.6645406386942,65.0,6.0,1.0,2.0,0.0,76.0
2965.9645406386944,65.0,6.0,1.0,2.0,0.0,76.0
2965.9654637156177,65.0,6.0,1.0,2.0,0.0,76.0
2966.265463715618,65.0,6.0,1.0,2.0,0.0,76.0
2966.266386792541,65.0,6.0,1.0,2.0,0.0,76.0
2966.5663867925414,65.0,6.0,1.0,2.0,0.0,76.0
2966.5673098694647,65.0,6.0,1.0,2.0,0.0,76.0
2966.867309869465,65.0,6.0,1.0,2.0,0.0,76.0
2966.868232946388,65.0,6.0,1.0,2.0,0.0,76.0
2967.1682329463883,65.0,6.0,1.0,2.0,0.0,76.0
2967.1691560233116,65.0,6.0,1.0,2.0,0.0,76.0
2967.469156023312,65.0,6.0,1.0,2.0,0.0,76.0
2967.470079100235,65.0,6.0,1.0,2.0,0.0,76.0
2967.7700791002353,65.0,6.0,1.0,2.0,0.0,76.0
2967.7710021771586,65.0,6.0,1.0,2.0,0.0,76.0
2968.071002177159,65.0,6.0,1.0,2.0,0.0,76.0
2968.071925254082,65.0,6.0,1.0,2.0,0.0,76.0
2968.3719252540823,65.0,6.0,1.0,2.0,0.0,76.0
2968.3728483310056,65.0,6.0,1.0,2.0,0.0,76.0
2968.6728483310058,65.0,6.0,1.0,2.0,0.0,76.0
2968.673771407929,65.0,6.0,1.0,2.0,0.0,76.0
2968.9737714079292,65.0,6.0,1.0,2.0,0.0,76.0
2968.9746944848525,65.0,6.0,1.0,2.0,0.0,76.0
2969.2746944848527,65.0,6.0,1.0,2.0,0.0,76.0
2969.275617561776,65.0,6.0,1.0,2.0,0.0,76.0
2969.575617561776,65.0,6.0,1.0,2.0,0.0,76.0
2969.5765406386995,65.0,6.0,1.0,2.0,0.0,76.0
2969.8765406386997,65.0,6.0,1.0,2.0,0.0,76.0
2969.877463715623,65.0,6.0,1.0,2.0,0.0,76.0
2970.177463715623,65.0,6.0,1.0,2.0,0.0,76.0
2970.1783867925465,65.0,6.0,1.0,2.0,0.0,76.0
2970.4783867925466,65.0,6.0,1.0,2.0,0.0,76.0
2970.47930986947,65.0,6.0,1.0,2.0,0.0,76.0
2970.77930986947,65.0,6.0,1.0,2.0,0.0,76.0
2970.7802329463934,65.0,6.0,1.0,2.0,0.0,76.0
2971.0802329463936,65.0,6.0,1.0,2.0,0.0,76.0
2971.081156023317,65.0,6.0,1.0,2.0,0.0,75.0
2971.381156023317,65.0,6.0,1.0,2.0,0.0,75.0
2971.3820791002404,65.0,6.0,1.0,2.0,0.0,75.0
2971.6820791002406,65.0,6.0,1.0,2.0,0.0,75.0
2971.683002177164,65.0,6.0,1.0,2.0,0.0,75.0
2971.983002177164,65.0,6.0,1.0,2.0,0.0,75.0
2971.9839252540874,65.0,6.0,1.0,2.0,0.0,75.0
2972.2839252540875,65.0,6.0,1.0,2.0,0.0,75.0
2972.284848331011,65.0,6.0,1.0,2.0,0.0,75.0
2972.584848331011,65.0,6.0,1.0,2.0,0.0,75.0
2972.5857714079343,65.0,6.0,1.0,2.0,0.0,75.0
2972.8857714079345,65.0,6.0,1.0,2.0,0.0,75.0
2972.886694484858,65.0,6.0,1.0,2.0,0.0,75.0
2973.186694484858,65.0,6.0,1.0,2.0,0.0,75.0
2973.1876175617813,65.0,6.0,1.0,2.0,0.0,75.0
2973.4876175617815,65.0,6.0,1.0,2.0,0.0,75.0
2973.4885406387048,65.0,6.0,1.0,2.0,0.0,75.0
2973.788540638705,65.0,6.0,1.0,2.0,0.0,75.0
2973.7894637156282,65.0,6.0,1.0,2.0,0.0,75.0
2974.0894637156284,65.0,6.0,1.0,2.0,0.0,75.0
2974.0903867925517,65.0,6.0,1.0,2.0,0.0,75.0
2974.390386792552,65.0,6.0,1.0,2.0,0.0,75.0
2974.391309869475,65.0,6.0,1.0,2.0,0.0,75.0
2974.6913098694754,65.0,6.0,1.0,2.0,0.0,75.0
2974.6922329463987,65.0,6.0,1.0,2.0,0.0,75.0
2974.992232946399,65.0,6.0,1.0,2.0,0.0,75.0
2974.993156023322,65.0,6.0,1.0,2.0,0.0,75.0
2975.2931560233224,65.0,6.0,1.0,2.0,0.0,75.0
2975.2940791002457,65.0,6.0,1.0,2.0,0.0,75.0
2975.594079100246,65.0,6.0,1.0,2.0,0.0,75.0
2975.595002177169,65.0,6.0,1.0,2.0,0.0,75.0
2975.8950021771693,65.0,6.0,1.0,2.0,0.0,75.0
2975.8959252540926,65.0,6.0,1.0,2.0,0.0,75.0
2976.195925254093,65.0,6.0,1.0,2.0,0.0,75.0
2976.196848331016,65.0,6.0,1.0,2.0,0.0,75.0
2976.4968483310163,65.0,6.0,1.0,2.0,0.0,75.0
2976.4977714079396,65.0,6.0,1.0,2.0,0.0,75.0
2976.7977714079398,65.0,6.0,1.0,2.0,0.0,75.0
2976.798694484863,65.0,6.0,1.0,2.0,0.0,75.0
2977.0986944848632,65.0,6.0,1.0,2.0,0.0,75.0
2977.0996175617865,65.0,6.0,1.0,2.0,0.0,75.0
2977.3996175617867,65.0,6.0,1.0,2.0,0.0,75.0
2977.40054063871,65.0,6.0,1.0,2.0,0.0,75.0
2977.70054063871,65.0,6.0,1.0,2.0,0.0,75.0
2977.7014637156335,65.0,6.0,1.0,2.0,0.0,75.0
2978.0014637156337,65.0,6.0,1.0,2.0,0.0,75.0
2978.002386792557,65.0,6.0,1.0,2.0,0.0,75.0
2978.302386792557,65.0,6.0,1.0,2.0,0.0,75.0
2978.3033098694805,65.0,6.0,1.0,2.0,0.0,75.0
2978.6033098694807,65.0,6.0,1.0,2.0,0.0,75.0
2978.604232946404,65.0,6.0,1.0,2.0,0.0,75.0
2978.904232946404,65.0,6.0,1.0,2.0,0.0,75.0
2978.9051560233274,65.0,6.0,1.0,2.0,0.0,75.0
2979.2051560233276,65.0,6.0,1.0,2.0,0.0,75.0
2979.206079100251,65.0,6.0,1.0,2.0,0.0,75.0
2979.506079100251,65.0,6.0,1.0,2.0,0.0,75.0
2979.5070021771744,65.0,6.0,1.0,2.0,0.0,75.0
2979.8070021771746,65.0,6.0,1.0,2.0,0.0,75.0
2979.807925254098,65.0,6.0,1.0,2.0,0.0,75.0
2980.107925254098,65.0,6.0,1.0,2.0,0.0,75.0
2980.1088483310214,65.0,6.0,1.0,2.0,0.0,75.0
2980.4088483310215,65.0,6.0,1.0,2.0,0.0,75.0
2980.409771407945,65.0,6.0,1.0,2.0,0.0,75.0
2980.709771407945,65.0,6.0,1.0,2.0,0.0,75.0
2980.7106944848683,65.0,6.0,1.0,2.0,0.0,75.0
2981.0106944848685,65.0,6.0,1.0,2.0,0.0,75.0
2981.011617561792,65.0,6.0,1.0,2.0,0.0,75.0
2981.311617561792,65.0,6.0,1.0,2.0,0.0,75.0
2981.3125406387153,65.0,6.0,1.0,2.0,0.0,75.0
2981.6125406387155,65.0,6.0,1.0,2.0,0.0,75.0
2981.6134637156388,65.0,6.0,1.0,2.0,0.0,75.0
2981.913463715639,65.0,6.0,1.0,2.0,0.0,75.0
2981.9143867925623,65.0,6.0,1.0,2.0,0.0,75.0
2982.2143867925624,65.0,6.0,1.0,2.0,0.0,75.0
2982.2153098694857,65.0,6.0,1.0,2.0,0.0,75.0
2982.515309869486,65.0,6.0,1.0,2.0,0.0,75.0
2982.516232946409,65.0,6.0,1.0,2.0,0.0,75.0
2982.8162329464094,65.0,6.0,1.0,2.0,0.0,75.0
2982.8171560233327,65.0,6.0,1.0,2.0,0.0,75.0
2983.117156023333,65.0,6.0,1.0,2.0,0.0,75.0
2983.118079100256,65.0,6.0,1.0,2.0,0.0,75.0
2983.4180791002564,65.0,6.0,1.0,2.0,0.0,75.0
2983.4190021771797,65.0,6.0,1.0,2.0,0.0,75.0
2983.71900217718,65.0,6.0,1.0,2.0,0.0,75.0
2983.719925254103,65.0,6.0,1.0,2.0,0.0,75.0
2984.0199252541033,65.0,6.0,1.0,2.0,0.0,75.0
2984.0208483310266,65.0,6.0,1.0,2.0,0.0,75.0
2984.320848331027,65.0,6.0,1.0,2.0,0.0,75.0
2984.32177140795,65.0,6.0,1.0,2.0,0.0,75.0
2984.6217714079503,65.0,6.0,1.0,2.0,0.0,75.0
2984.6226944848736,65.0,6.0,1.0,2.0,0.0,75.0
2984.922694484874,65.0,6.0,1.0,2.0,0.0,75.0
2984.923617561797,65.0,6.0,1.0,2.0,0.0,75.0
2985.2236175617973,65.0,6.0,1.0,2.0,0.0,75.0
2985.2245406387206,65.0,6.0,1.0,2.0,0.0,75.0
2985.5245406387207,65.0,6.0,1.0,2.0,0.0,75.0
2985.525463715644,65.0,6.0,1.0,2.0,0.0,75.0
2985.825463715644,65.0,6.0,1.0,2.0,0.0,75.0
2985.8263867925675,65.0,6.0,1.0,2.0,0.0,75.0
2986.1263867925677,65.0,6.0,1.0,2.0,0.0,75.0
2986.127309869491,65.0,6.0,1.0,2.0,0.0,75.0
2986.427309869491,65.0,6.0,1.0,2.0,0.0,75.0
2986.4282329464145,65.0,6.0,1.0,2.0,0.0,75.0
2986.7282329464147,65.0,6.0,1.0,2.0,0.0,75.0
2986.729156023338,65.0,6.0,1.0,2.0,0.0,75.0
2987.029156023338,65.0,6.0,1.0,2.0,0.0,75.0
2987.0300791002614,65.0,6.0,1.0,2.0,0.0,75.0
2987.3300791002616,65.0,6.0,1.0,2.0,0.0,75.0
2987.331002177185,65.0,6.0,1.0,2.0,0.0,75.0
2987.631002177185,65.0,6.0,1.0,2.0,0.0,75.0
2987.6319252541084,65.0,6.0,1.0,2.0,0.0,75.0
2987.9319252541086,65.0,6.0,1.0,2.0,0.0,75.0
2987.932848331032,65.0,6.0,1.0,2.0,0.0,75.0
2988.232848331032,65.0,6.0,1.0,2.0,0.0,75.0
2988.2337714079554,65.0,6.0,1.0,2.0,0.0,75.0
2988.5337714079556,65.0,6.0,1.0,2.0,0.0,75.0
2988.534694484879,65.0,6.0,1.0,2.0,0.0,75.0
2988.834694484879,65.0,6.0,1.0,2.0,0.0,75.0
2988.8356175618023,65.0,6.0,1.0,2.0,0.0,75.0
2989.1356175618025,65.0,6.0,1.0,2.0,0.0,75.0
2989.136540638726,65.0,6.0,1.0,2.0,0.0,75.0
2989.436540638726,65.0,6.0,1.0,2.0,0.0,75.0
2989.4374637156493,65.0,6.0,1.0,2.0,0.0,75.0
2989.7374637156495,65.0,6.0,1.0,2.0,0.0,75.0
2989.738386792573,65.0,6.0,1.0,2.0,0.0,75.0
2990.038386792573,65.0,6.0,1.0,2.0,0.0,75.0
2990.0393098694963,65.0,6.0,1.0,2.0,0.0,75.0
2990.3393098694964,65.0,6.0,1.0,2.0,0.0,75.0
2990.3402329464197,65.0,6.0,1.0,2.0,0.0,75.0
2990.64023294642,65.0,6.0,1.0,2.0,0.0,75.0
2990.6411560233432,65.0,6.0,1.0,2.0,0.0,75.0
2990.9411560233434,65.0,6.0,1.0,2.0,0.0,75.0
2990.9420791002667,65.0,6.0,1.0,2.0,0.0,75.0
2991.242079100267,65.0,6.0,1.0,2.0,0.0,75.0
2991.24300217719,65.0,6.0,1.0,2.0,0.0,75.0
2991.5430021771904,65.0,6.0,1.0,2.0,0.0,75.0
2991.5439252541137,65.0,6.0,1.0,2.0,0.0,75.0
2991.843925254114,65.0,6.0,1.0,2.0,0.0,75.0
2991.844848331037,65.0,6.0,1.0,2.0,0.0,75.0
2992.1448483310373,65.0,6.0,1.0,2.0,0.0,75.0
2992.1457714079606,65.0,6.0,1.0,2.0,0.0,75.0
2992.445771407961,65.0,6.0,1.0,2.0,0.0,75.0
2992.446694484884,65.0,6.0,1.0,2.0,0.0,75.0
2992.7466944848843,65.0,6.0,1.0,2.0,0.0,75.0
2992.7476175618076,65.0,6.0,1.0,2.0,0.0,75.0
2993.047617561808,65.0,6.0,1.0,2.0,0.0,75.0
2993.048540638731,65.0,6.0,1.0,2.0,0.0,75.0
2993.3485406387313,65.0,6.0,1.0,2.0,0.0,75.0
2993.3494637156546,65.0,6.0,1.0,2.0,0.0,75.0
2993.6494637156547,65.0,6.0,1.0,2.0,0.0,75.0
2993.650386792578,65.0,6.0,1.0,2.0,0.0,75.0
2993.9503867925782,65.0,6.0,1.0,2.0,0.0,75.0
2993.9513098695015,65.0,6.0,1.0,2.0,0.0,75.0
2994.2513098695017,65.0,6.0,1.0,2.0,0.0,75.0
2994.252232946425,65.0,6.0,1.0,2.0,0.0,75.0
2994.552232946425,65.0,6.0,1.0,2.0,0.0,75.0
2994.5531560233485,65.0,6.0,1.0,2.0,0.0,75.0
2994.8531560233487,65.0,6.0,1.0,2.0,0.0,75.0
2994.854079100272,65.0,6.0,1.0,2.0,0.0,75.0
2995.154079100272,65.0,6.0,1.0,2.0,0.0,75.0
2995.1550021771955,65.0,6.0,1.0,2.0,0.0,75.0
2995.4550021771956,65.0,6.0,1.0,2.0,0.0,75.0
2995.455925254119,65.0,6.0,1.0,2.0,0.0,75.0
2995.755925254119,65.0,6.0,1.0,2.0,0.0,75.0
2995.7568483310424,65.0,6.0,1.0,2.0,0.0,75.0
2996.0568483310426,65.0,6.0,1.0,2.0,0.0,75.0
2996.057771407966,65.0,6.0,1.0,2.0,0.0,75.0
2996.357771407966,65.0,6.0,1.0,2.0,0.0,75.0
2996.3586944848894,65.0,6.0,1.0,2.0,0.0,75.0
2996.6586944848896,65.0,6.0,1.0,2.0,0.0,75.0
2996.659617561813,65.0,6.0,1.0,2.0,0.0,75.0
2996.959617561813,65.0,6.0,1.0,2.0,0.0,75.0
2996.9605406387363,65.0,6.0,1.0,2.0,0.0,75.0
2997.2605406387365,65.0,6.0,1.0,2.0,0.0,75.0
2997.26146371566,65.0,6.0,1.0,2.0,0.0,75.0
2997.56146371566,65.0,6.0,1.0,2.0,0.0,75.0
2997.5623867925833,65.0,6.0,1.0,2.0,0.0,75.0
2997.8623867925835,65.0,6.0,1.0,2.0,0.0,75.0
2997.863309869507,65.0,6.0,1.0,2.0,0.0,75.0
2998.163309869507,65.0,6.0,1.0,2.0,0.0,75.0
2998.1642329464303,65.0,6.0,1.0,2.0,0.0,75.0
2998.4642329464305,65.0,6.0,1.0,2.0,0.0,75.0
2998.4651560233538,65.0,6.0,1.0,2.0,0.0,75.0
2998.765156023354,65.0,6.0,1.0,2.0,0.0,75.0
2998.7660791002772,65.0,6.0,1.0,2.0,0.0,75.0
2999.0660791002774,65.0,6.0,1.0,2.0,0.0,75.0
2999.0670021772007,65.0,6.0,1.0,2.0,0.0,75.0
2999.367002177201,65.0,6.0,1.0,2.0,0.0,75.0
2999.367925254124,65.0,6.0,1.0,2.0,0.0,75.0
2999.6679252541244,65.0,6.0,1.0,2.0,0.0,75.0
2999.6688483310477,65.0,6.0,1.0,2.0,0.0,75.0
2999.968848331048,65.0,6.0,1.0,2.0,0.0,75.0
2999.969771407971,65.0,6.0,1.0,2.0,0.0,75.0
3000.2697714079713,65.0,6.0,1.0,2.0,0.0,75.0
3000.2706944848946,65.0,6.0,1.0,2.0,0.0,75.0
