This is pdfTeX, Version 3.141592653-2.6-1.40.25 (TeX Live 2023/Debian) (preloaded format=pdflatex 2025.11.17)  27 NOV 2025 12:12
entering extended mode
 restricted \write18 enabled.
 %&-line parsing enabled.
**thesis.tex
(./thesis.tex
LaTeX2e <2023-11-01> patch level 1
L3 programming layer <2024-01-22>
(/usr/share/texlive/texmf-dist/tex/latex/koma-script/scrreprt.cls
Document Class: scrreprt 2023/07/07 v3.41 KOMA-Script document class (report)
(/usr/share/texlive/texmf-dist/tex/latex/koma-script/scrkbase.sty
Package: scrkbase 2023/07/07 v3.41 KOMA-Script package (KOMA-Script-dependent b
asics and keyval usage)

(/usr/share/texlive/texmf-dist/tex/latex/koma-script/scrbase.sty
Package: scrbase 2023/07/07 v3.41 KOMA-Script package (KOMA-Script-independent 
basics and keyval usage)

(/usr/share/texlive/texmf-dist/tex/latex/koma-script/scrlfile.sty
Package: scrlfile 2023/07/07 v3.41 KOMA-Script package (file load hooks)

(/usr/share/texlive/texmf-dist/tex/latex/koma-script/scrlfile-hook.sty
Package: scrlfile-hook 2023/07/07 v3.41 KOMA-Script package (using LaTeX hooks)


(/usr/share/texlive/texmf-dist/tex/latex/koma-script/scrlogo.sty
Package: scrlogo 2023/07/07 v3.41 KOMA-Script package (logo)
)))
(/usr/share/texlive/texmf-dist/tex/latex/graphics/keyval.sty
Package: keyval 2022/05/29 v1.15 key=value parser (DPC)
\KV@toks@=\toks17
)
Applying: [2021/05/01] Usage of raw or classic option list on input line 252.
Already applied: [0000/00/00] Usage of raw or classic option list on input line
 368.
))
(/usr/share/texlive/texmf-dist/tex/latex/koma-script/tocbasic.sty
Package: tocbasic 2023/07/07 v3.41 KOMA-Script package (handling toc-files)
\scr@dte@tocline@numberwidth=\skip48
\scr@dte@tocline@numbox=\box51
)
Package tocbasic Info: omitting babel extension for `toc'
(tocbasic)             because of feature `nobabel' available
(tocbasic)             for `toc' on input line 135.
Class scrreprt Info: You've used standard option `openright'.
(scrreprt)           This is correct!
(scrreprt)           Internally I'm using `open=right'.
(scrreprt)           If you'd like to set the option with \KOMAoptions,
(scrreprt)           you'd have to use `open=right' there
(scrreprt)           instead of `openright', too.
Class scrreprt Info: File `scrsize11pt.clo' used to setup font sizes on input l
ine 2688.

(/usr/share/texlive/texmf-dist/tex/latex/koma-script/scrsize11pt.clo
File: scrsize11pt.clo 2023/07/07 v3.41 KOMA-Script font size class option (11pt
)
)
(/usr/share/texlive/texmf-dist/tex/latex/koma-script/typearea.sty
Package: typearea 2023/07/07 v3.41 KOMA-Script package (type area)
\ta@bcor=\skip49
\ta@div=\count187
\ta@hblk=\skip50
\ta@vblk=\skip51
\ta@temp=\skip52
\footheight=\skip53
Package typearea Info: These are the values describing the layout:
(typearea)             DIV  = 10
(typearea)             BCOR = 0.0pt
(typearea)             \paperwidth      = 597.50793pt
(typearea)              \textwidth      = 418.25555pt
(typearea)              DIV departure   = -6%
(typearea)              \evensidemargin = 47.2316pt
(typearea)              \oddsidemargin  = -12.5192pt
(typearea)             \paperheight     = 845.04694pt
(typearea)              \textheight     = 514.20023pt
(typearea)              \topmargin      = 12.2347pt
(typearea)              \headheight     = 17.0pt
(typearea)              \headsep        = 20.40001pt
(typearea)              \topskip        = 11.0pt
(typearea)              \footskip       = 47.6pt
(typearea)              \baselineskip   = 13.6pt
(typearea)              on input line 1799.
)
\c@part=\count188
\c@chapter=\count189
\c@section=\count190
\c@subsection=\count191
\c@subsubsection=\count192
\c@paragraph=\count193
\c@subparagraph=\count194
\scr@dte@chapter@maxnumwidth=\skip54
Class scrreprt Info: using compatibility default `afterindent=bysign'
(scrreprt)           for `\chapter on input line 5994.
\scr@dte@section@maxnumwidth=\skip55
Class scrreprt Info: using compatibility default `runin=bysign'
(scrreprt)           for `\section on input line 6005.
Class scrreprt Info: using compatibility default `afterindent=bysign'
(scrreprt)           for `\section on input line 6005.
\scr@dte@part@maxnumwidth=\skip56
Class scrreprt Info: using compatibility default `afterindent=true'
(scrreprt)           for `\part on input line 6014.
\scr@dte@subsection@maxnumwidth=\skip57
Class scrreprt Info: using compatibility default `runin=bysign'
(scrreprt)           for `\subsection on input line 6024.
Class scrreprt Info: using compatibility default `afterindent=bysign'
(scrreprt)           for `\subsection on input line 6024.
\scr@dte@subsubsection@maxnumwidth=\skip58
Class scrreprt Info: using compatibility default `runin=bysign'
(scrreprt)           for `\subsubsection on input line 6034.
Class scrreprt Info: using compatibility default `afterindent=bysign'
(scrreprt)           for `\subsubsection on input line 6034.
\scr@dte@paragraph@maxnumwidth=\skip59
Class scrreprt Info: using compatibility default `runin=bysign'
(scrreprt)           for `\paragraph on input line 6045.
Class scrreprt Info: using compatibility default `afterindent=bysign'
(scrreprt)           for `\paragraph on input line 6045.
\scr@dte@subparagraph@maxnumwidth=\skip60
Class scrreprt Info: using compatibility default `runin=bysign'
(scrreprt)           for `\subparagraph on input line 6055.
Class scrreprt Info: using compatibility default `afterindent=bysign'
(scrreprt)           for `\subparagraph on input line 6055.
\abovecaptionskip=\skip61
\belowcaptionskip=\skip62
\c@pti@nb@sid@b@x=\box52
Package tocbasic Info: omitting babel extension for `lof'
(tocbasic)             because of feature `nobabel' available
(tocbasic)             for `lof' on input line 7240.
\scr@dte@figure@maxnumwidth=\skip63
\c@figure=\count195
Package tocbasic Info: omitting babel extension for `lot'
(tocbasic)             because of feature `nobabel' available
(tocbasic)             for `lot' on input line 7257.
\scr@dte@table@maxnumwidth=\skip64
\c@table=\count196
Class scrreprt Info: Redefining `\numberline' on input line 7428.
\bibindent=\dimen140
)
(./classicthesis-config.tex
(/usr/share/texlive/texmf-dist/tex/latex/base/inputenc.sty
Package: inputenc 2021/02/14 v1.3d Input encoding file
\inpenc@prehook=\toks18
\inpenc@posthook=\toks19
)
(/usr/share/texlive/texmf-dist/tex/latex/base/fontenc.sty
Package: fontenc 2021/04/29 v2.0v Standard LaTeX package
)
(/usr/share/texlive/texmf-dist/tex/generic/babel/babel.sty
Package: babel 2024/01/07 v24.1 The Babel package
\babel@savecnt=\count197
\U@D=\dimen141
\l@unhyphenated=\language9

(/usr/share/texlive/texmf-dist/tex/generic/babel/txtbabel.def)
\bbl@readstream=\read2
\bbl@dirlevel=\count198

(/usr/share/texlive/texmf-dist/tex/generic/babel-english/american.ldf
Language: american 2017/06/06 v3.3r English support from the babel system

(/usr/share/texlive/texmf-dist/tex/generic/babel-english/english.ldf
Language: english 2017/06/06 v3.3r English support from the babel system
Package babel Info: Hyphen rules for 'british' set to \l@english
(babel)             (\language0). Reported on input line 82.
Package babel Info: Hyphen rules for 'UKenglish' set to \l@english
(babel)             (\language0). Reported on input line 83.
Package babel Info: Hyphen rules for 'canadian' set to \l@english
(babel)             (\language0). Reported on input line 102.
Package babel Info: Hyphen rules for 'australian' set to \l@english
(babel)             (\language0). Reported on input line 105.
Package babel Info: Hyphen rules for 'newzealand' set to \l@english
(babel)             (\language0). Reported on input line 108.
)))
(/usr/share/texlive/texmf-dist/tex/generic/babel/locale/en/babel-american.tex
Package babel Info: Importing font and identification data for american
(babel)             from babel-en-US.ini. Reported on input line 11.
)
(/usr/share/texlive/texmf-dist/tex/latex/csquotes/csquotes.sty
Package: csquotes 2022-09-14 v5.2n context-sensitive quotations (JAW)

(/usr/share/texlive/texmf-dist/tex/latex/etoolbox/etoolbox.sty
Package: etoolbox 2020/10/05 v2.5k e-TeX tools for LaTeX (JAW)
\etb@tempcnta=\count199
)
\csq@reset=\count266
\csq@gtype=\count267
\csq@glevel=\count268
\csq@qlevel=\count269
\csq@maxlvl=\count270
\csq@tshold=\count271
\csq@ltx@everypar=\toks20

(/usr/share/texlive/texmf-dist/tex/latex/csquotes/csquotes.def
File: csquotes.def 2022-09-14 v5.2n csquotes generic definitions (JAW)
)
Package csquotes Info: Trying to load configuration file 'csquotes.cfg'...
Package csquotes Info: ... configuration file loaded successfully.

(/usr/share/texlive/texmf-dist/tex/latex/csquotes/csquotes.cfg
File: csquotes.cfg 
))
(/usr/share/texlive/texmf-dist/tex/latex/biblatex/biblatex.sty
Package: biblatex 2023/03/05 v3.19 programmable bibliographies (PK/MW)

(/usr/share/texlive/texmf-dist/tex/generic/pdftexcmds/pdftexcmds.sty
Package: pdftexcmds 2020-06-27 v0.33 Utility functions of pdfTeX for LuaTeX (HO
)

(/usr/share/texlive/texmf-dist/tex/generic/infwarerr/infwarerr.sty
Package: infwarerr 2019/12/03 v1.5 Providing info/warning/error messages (HO)
)
(/usr/share/texlive/texmf-dist/tex/generic/iftex/iftex.sty
Package: iftex 2022/02/03 v1.0f TeX engine tests
)
(/usr/share/texlive/texmf-dist/tex/generic/ltxcmds/ltxcmds.sty
Package: ltxcmds 2023-12-04 v1.26 LaTeX kernel commands for general use (HO)
)
Package pdftexcmds Info: \pdf@primitive is available.
Package pdftexcmds Info: \pdf@ifprimitive is available.
Package pdftexcmds Info: \pdfdraftmode found.
)
(/usr/share/texlive/texmf-dist/tex/latex/kvoptions/kvoptions.sty
Package: kvoptions 2022-06-15 v3.15 Key value format for package options (HO)

(/usr/share/texlive/texmf-dist/tex/latex/kvsetkeys/kvsetkeys.sty
Package: kvsetkeys 2022-10-05 v1.19 Key value parser (HO)
))
(/usr/share/texlive/texmf-dist/tex/latex/logreq/logreq.sty
Package: logreq 2010/08/04 v1.0 xml request logger
\lrq@indent=\count272

(/usr/share/texlive/texmf-dist/tex/latex/logreq/logreq.def
File: logreq.def 2010/08/04 v1.0 logreq spec v1.0
))
(/usr/share/texlive/texmf-dist/tex/latex/base/ifthen.sty
Package: ifthen 2022/04/13 v1.1d Standard LaTeX ifthen package (DPC)
)
(/usr/share/texlive/texmf-dist/tex/latex/url/url.sty
\Urlmuskip=\muskip16
Package: url 2013/09/16  ver 3.4  Verb mode for urls, etc.
)
\c@tabx@nest=\count273
\c@listtotal=\count274
\c@listcount=\count275
\c@liststart=\count276
\c@liststop=\count277
\c@citecount=\count278
\c@citetotal=\count279
\c@multicitecount=\count280
\c@multicitetotal=\count281
\c@instcount=\count282
\c@maxnames=\count283
\c@minnames=\count284
\c@maxitems=\count285
\c@minitems=\count286
\c@citecounter=\count287
\c@maxcitecounter=\count288
\c@savedcitecounter=\count289
\c@uniquelist=\count290
\c@uniquename=\count291
\c@refsection=\count292
\c@refsegment=\count293
\c@maxextratitle=\count294
\c@maxextratitleyear=\count295
\c@maxextraname=\count296
\c@maxextradate=\count297
\c@maxextraalpha=\count298
\c@abbrvpenalty=\count299
\c@highnamepenalty=\count300
\c@lownamepenalty=\count301
\c@maxparens=\count302
\c@parenlevel=\count303
\blx@tempcnta=\count304
\blx@tempcntb=\count305
\blx@tempcntc=\count306
\c@blx@maxsection=\count307
\blx@maxsegment@0=\count308
\blx@notetype=\count309
\blx@parenlevel@text=\count310
\blx@parenlevel@foot=\count311
\blx@sectionciteorder@0=\count312
\blx@sectionciteorderinternal@0=\count313
\blx@entrysetcounter=\count314
\blx@biblioinstance=\count315
\labelnumberwidth=\skip65
\labelalphawidth=\skip66
\biblabelsep=\skip67
\bibitemsep=\skip68
\bibnamesep=\skip69
\bibinitsep=\skip70
\bibparsep=\skip71
\bibhang=\skip72
\blx@bcfin=\read3
\blx@bcfout=\write3
\blx@langwohyphens=\language10
\c@mincomprange=\count316
\c@maxcomprange=\count317
\c@mincompwidth=\count318
Package biblatex Info: Trying to load biblatex default data model...
Package biblatex Info: ... file 'blx-dm.def' found.

(/usr/share/texlive/texmf-dist/tex/latex/biblatex/blx-dm.def
File: blx-dm.def 2023/03/05 v3.19 biblatex localization (PK/MW)
)
Package biblatex Info: Trying to load biblatex style data model...
Package biblatex Info: ... file 'numeric-comp.dbx' not found.
Package biblatex Info: Trying to load biblatex custom data model...
Package biblatex Info: ... file 'biblatex-dm.cfg' not found.
\c@afterword=\count319
\c@savedafterword=\count320
\c@annotator=\count321
\c@savedannotator=\count322
\c@author=\count323
\c@savedauthor=\count324
\c@bookauthor=\count325
\c@savedbookauthor=\count326
\c@commentator=\count327
\c@savedcommentator=\count328
\c@editor=\count329
\c@savededitor=\count330
\c@editora=\count331
\c@savededitora=\count332
\c@editorb=\count333
\c@savededitorb=\count334
\c@editorc=\count335
\c@savededitorc=\count336
\c@foreword=\count337
\c@savedforeword=\count338
\c@holder=\count339
\c@savedholder=\count340
\c@introduction=\count341
\c@savedintroduction=\count342
\c@namea=\count343
\c@savednamea=\count344
\c@nameb=\count345
\c@savednameb=\count346
\c@namec=\count347
\c@savednamec=\count348
\c@translator=\count349
\c@savedtranslator=\count350
\c@shortauthor=\count351
\c@savedshortauthor=\count352
\c@shorteditor=\count353
\c@savedshorteditor=\count354
\c@labelname=\count355
\c@savedlabelname=\count356
\c@institution=\count357
\c@savedinstitution=\count358
\c@lista=\count359
\c@savedlista=\count360
\c@listb=\count361
\c@savedlistb=\count362
\c@listc=\count363
\c@savedlistc=\count364
\c@listd=\count365
\c@savedlistd=\count366
\c@liste=\count367
\c@savedliste=\count368
\c@listf=\count369
\c@savedlistf=\count370
\c@location=\count371
\c@savedlocation=\count372
\c@organization=\count373
\c@savedorganization=\count374
\c@origlocation=\count375
\c@savedoriglocation=\count376
\c@origpublisher=\count377
\c@savedorigpublisher=\count378
\c@publisher=\count379
\c@savedpublisher=\count380
\c@language=\count381
\c@savedlanguage=\count382
\c@origlanguage=\count383
\c@savedoriglanguage=\count384
\c@pageref=\count385
\c@savedpageref=\count386
\shorthandwidth=\skip73
\shortjournalwidth=\skip74
\shortserieswidth=\skip75
\shorttitlewidth=\skip76
\shortauthorwidth=\skip77
\shorteditorwidth=\skip78
\locallabelnumberwidth=\skip79
\locallabelalphawidth=\skip80
\localshorthandwidth=\skip81
\localshortjournalwidth=\skip82
\localshortserieswidth=\skip83
\localshorttitlewidth=\skip84
\localshortauthorwidth=\skip85
\localshorteditorwidth=\skip86
Package biblatex Info: Trying to load compatibility code...
Package biblatex Info: ... file 'blx-compat.def' found.

(/usr/share/texlive/texmf-dist/tex/latex/biblatex/blx-compat.def
File: blx-compat.def 2023/03/05 v3.19 biblatex compatibility (PK/MW)
)
Package biblatex Info: Trying to load BibTeX backend compatibility...
Package biblatex Info: ... file 'blx-bibtex.def' found.

(/usr/share/texlive/texmf-dist/tex/latex/biblatex/blx-bibtex.def
File: blx-bibtex.def 2023/03/05 v3.19 biblatex compatibility (PK/MW)


Package biblatex Warning: Using fall-back bibtex backend:
(biblatex)                functionality may be reduced/unavailable.

)
Package biblatex Info: Trying to load generic definitions...
Package biblatex Info: ... file 'biblatex.def' found.
 (/usr/share/texlive/texmf-dist/tex/latex/biblatex/biblatex.def
File: biblatex.def 2023/03/05 v3.19 biblatex compatibility (PK/MW)
\c@textcitecount=\count387
\c@textcitetotal=\count388
\c@textcitemaxnames=\count389
\c@biburlbigbreakpenalty=\count390
\c@biburlbreakpenalty=\count391
\c@biburlnumpenalty=\count392
\c@biburlucpenalty=\count393
\c@biburllcpenalty=\count394
\biburlbigskip=\muskip17
\biburlnumskip=\muskip18
\biburlucskip=\muskip19
\biburllcskip=\muskip20
\c@smartand=\count395
)
Package biblatex Info: Trying to load natbib compatibility...
Package biblatex Info: ... file 'blx-natbib.def' found.

(/usr/share/texlive/texmf-dist/tex/latex/biblatex/blx-natbib.def
File: blx-natbib.def 2023/03/05 v3.19 biblatex compatibility (PK/MW)
Package biblatex Info: Delimiter 'nameyeardelim' in context '' already defined,
 overwriting.
)
Package biblatex Info: Trying to load bibliography style 'numeric-comp'...
Package biblatex Info: ... file 'numeric-comp.bbx' found.

(/usr/share/texlive/texmf-dist/tex/latex/biblatex/bbx/numeric-comp.bbx
File: numeric-comp.bbx 2023/03/05 v3.19 biblatex bibliography style (PK/MW)
Package biblatex Info: Trying to load bibliography style 'numeric'...
Package biblatex Info: ... file 'numeric.bbx' found.

(/usr/share/texlive/texmf-dist/tex/latex/biblatex/bbx/numeric.bbx
File: numeric.bbx 2023/03/05 v3.19 biblatex bibliography style (PK/MW)
Package biblatex Info: Trying to load bibliography style 'standard'...
Package biblatex Info: ... file 'standard.bbx' found.

(/usr/share/texlive/texmf-dist/tex/latex/biblatex/bbx/standard.bbx
File: standard.bbx 2023/03/05 v3.19 biblatex bibliography style (PK/MW)
\c@bbx:relatedcount=\count396
\c@bbx:relatedtotal=\count397
)))
Package biblatex Info: Trying to load citation style 'numeric-comp'...
Package biblatex Info: ... file 'numeric-comp.cbx' found.

(/usr/share/texlive/texmf-dist/tex/latex/biblatex/cbx/numeric-comp.cbx
File: numeric-comp.cbx 2023/03/05 v3.19 biblatex citation style (PK/MW)
\c@cbx@tempcnta=\count398
\c@cbx@tempcntb=\count399
\c@cbx@tempcntc=\count400
\c@cbx@tempcntd=\count401
Package biblatex Info: Redefining '\cite'.
Package biblatex Info: Redefining '\parencite'.
Package biblatex Info: Redefining '\footcite'.
Package biblatex Info: Redefining '\footcitetext'.
Package biblatex Info: Redefining '\smartcite'.
Package biblatex Info: Redefining '\supercite'.
Package biblatex Info: Redefining '\textcite'.
Package biblatex Info: Redefining '\textcites'.
Package biblatex Info: Redefining '\cites'.
Package biblatex Info: Redefining '\parencites'.
Package biblatex Info: Redefining '\smartcites'.
)
Package biblatex Info: Trying to load configuration file...
Package biblatex Info: ... file 'biblatex.cfg' found.

(/usr/share/texlive/texmf-dist/tex/latex/biblatex/biblatex.cfg
File: biblatex.cfg 
)
Package biblatex Info: Input encoding 'utf8' detected.
Package biblatex Info: Document encoding is UTF8 ....

(/usr/share/texlive/texmf-dist/tex/latex/l3kernel/expl3.sty
Package: expl3 2024-01-22 L3 programming layer (loader) 

(/usr/share/texlive/texmf-dist/tex/latex/l3backend/l3backend-pdftex.def
File: l3backend-pdftex.def 2024-01-04 L3 backend support: PDF output (pdfTeX)
\l__color_backend_stack_int=\count402
\l__pdf_internal_box=\box53
))
Package biblatex Info: ... and expl3
(biblatex)             2024-01-22 L3 programming layer (loader) 
(biblatex)             is new enough (at least 2020/04/06),
(biblatex)             setting 'casechanger=expl3'.

(/usr/share/texlive/texmf-dist/tex/latex/biblatex/blx-case-expl3.sty
(/usr/share/texlive/texmf-dist/tex/latex/l3packages/xparse/xparse.sty
Package: xparse 2023-10-10 L3 Experimental document command parser
)
Package: blx-case-expl3 2023/03/05 v3.19 expl3 case changing code for biblatex
))
(/usr/share/texlive/texmf-dist/tex/latex/amsmath/amsmath.sty
Package: amsmath 2023/05/13 v2.17o AMS math features
\@mathmargin=\skip87

For additional information on amsmath, use the `?' option.
(/usr/share/texlive/texmf-dist/tex/latex/amsmath/amstext.sty
Package: amstext 2021/08/26 v2.01 AMS text

(/usr/share/texlive/texmf-dist/tex/latex/amsmath/amsgen.sty
File: amsgen.sty 1999/11/30 v2.0 generic functions
\@emptytoks=\toks21
\ex@=\dimen142
))
(/usr/share/texlive/texmf-dist/tex/latex/amsmath/amsbsy.sty
Package: amsbsy 1999/11/29 v1.2d Bold Symbols
\pmbraise@=\dimen143
)
(/usr/share/texlive/texmf-dist/tex/latex/amsmath/amsopn.sty
Package: amsopn 2022/04/08 v2.04 operator names
)
\inf@bad=\count403
LaTeX Info: Redefining \frac on input line 234.
\uproot@=\count404
\leftroot@=\count405
LaTeX Info: Redefining \overline on input line 399.
LaTeX Info: Redefining \colon on input line 410.
\classnum@=\count406
\DOTSCASE@=\count407
LaTeX Info: Redefining \ldots on input line 496.
LaTeX Info: Redefining \dots on input line 499.
LaTeX Info: Redefining \cdots on input line 620.
\Mathstrutbox@=\box54
\strutbox@=\box55
LaTeX Info: Redefining \big on input line 722.
LaTeX Info: Redefining \Big on input line 723.
LaTeX Info: Redefining \bigg on input line 724.
LaTeX Info: Redefining \Bigg on input line 725.
\big@size=\dimen144
LaTeX Font Info:    Redeclaring font encoding OML on input line 743.
LaTeX Font Info:    Redeclaring font encoding OMS on input line 744.
\macc@depth=\count408
LaTeX Info: Redefining \bmod on input line 905.
LaTeX Info: Redefining \pmod on input line 910.
LaTeX Info: Redefining \smash on input line 940.
LaTeX Info: Redefining \relbar on input line 970.
LaTeX Info: Redefining \Relbar on input line 971.
\c@MaxMatrixCols=\count409
\dotsspace@=\muskip21
\c@parentequation=\count410
\dspbrk@lvl=\count411
\tag@help=\toks22
\row@=\count412
\column@=\count413
\maxfields@=\count414
\andhelp@=\toks23
\eqnshift@=\dimen145
\alignsep@=\dimen146
\tagshift@=\dimen147
\tagwidth@=\dimen148
\totwidth@=\dimen149
\lineht@=\dimen150
\@envbody=\toks24
\multlinegap=\skip88
\multlinetaggap=\skip89
\mathdisplay@stack=\toks25
LaTeX Info: Redefining \[ on input line 2953.
LaTeX Info: Redefining \] on input line 2954.
)
(/usr/share/texlive/texmf-dist/tex/latex/graphics/graphicx.sty
Package: graphicx 2021/09/16 v1.2d Enhanced LaTeX Graphics (DPC,SPQR)

(/usr/share/texlive/texmf-dist/tex/latex/graphics/graphics.sty
Package: graphics 2022/03/10 v1.4e Standard LaTeX Graphics (DPC,SPQR)

(/usr/share/texlive/texmf-dist/tex/latex/graphics/trig.sty
Package: trig 2021/08/11 v1.11 sin cos tan (DPC)
)
(/usr/share/texlive/texmf-dist/tex/latex/graphics-cfg/graphics.cfg
File: graphics.cfg 2016/06/04 v1.11 sample graphics configuration
)
Package graphics Info: Driver file: pdftex.def on input line 107.

(/usr/share/texlive/texmf-dist/tex/latex/graphics-def/pdftex.def
File: pdftex.def 2022/09/22 v1.2b Graphics/color driver for pdftex
))
\Gin@req@height=\dimen151
\Gin@req@width=\dimen152
)
(/usr/share/texlive/texmf-dist/tex/latex/koma-script/scrhack.sty
Package: scrhack 2023/07/07 v3.41 KOMA-Script package (hacking other packages)

(/usr/share/texlive/texmf-dist/tex/latex/xpatch/xpatch.sty
Package: xpatch 2020/03/25 v0.3a Extending etoolbox patching commands
))
(/usr/share/texlive/texmf-dist/tex/latex/tools/xspace.sty
Package: xspace 2014/10/28 v1.13 Space after command names (DPC,MH)
)
(/usr/share/texlive/texmf-dist/tex/latex/amsfonts/amssymb.sty
Package: amssymb 2013/01/14 v3.01 AMS font symbols

(/usr/share/texlive/texmf-dist/tex/latex/amsfonts/amsfonts.sty
Package: amsfonts 2013/01/14 v3.01 Basic AMSFonts support
\symAMSa=\mathgroup4
\symAMSb=\mathgroup5
LaTeX Font Info:    Redeclaring math symbol \hbar on input line 98.
LaTeX Font Info:    Overwriting math alphabet `\mathfrak' in version `bold'
(Font)                  U/euf/m/n --> U/euf/b/n on input line 106.
))
(/usr/share/texlive/texmf-dist/tex/latex/amscls/amsthm.sty
Package: amsthm 2020/05/29 v2.20.6
\thm@style=\toks26
\thm@bodyfont=\toks27
\thm@headfont=\toks28
\thm@notefont=\toks29
\thm@headpunct=\toks30
\thm@preskip=\skip90
\thm@postskip=\skip91
\thm@headsep=\skip92
\dth@everypar=\toks31
)
Class scrreprt Info: amsthm's \deferred@thm@head patched.

(/usr/share/texlive/texmf-dist/tex/latex/booktabs/booktabs.sty
Package: booktabs 2020/01/12 v1.61803398 Publication quality tables
\heavyrulewidth=\dimen153
\lightrulewidth=\dimen154
\cmidrulewidth=\dimen155
\belowrulesep=\dimen156
\belowbottomsep=\dimen157
\aboverulesep=\dimen158
\abovetopsep=\dimen159
\cmidrulesep=\dimen160
\cmidrulekern=\dimen161
\defaultaddspace=\dimen162
\@cmidla=\count415
\@cmidlb=\count416
\@aboverulesep=\dimen163
\@belowrulesep=\dimen164
\@thisruleclass=\count417
\@lastruleclass=\count418
\@thisrulewidth=\dimen165
)
(/usr/share/texlive/texmf-dist/tex/latex/mhchem/mhchem.sty
Package: mhchem 2024/01/29 v4.10 for typesetting chemical formulae

(/usr/share/texlive/texmf-dist/tex/latex/l3packages/l3keys2e/l3keys2e.sty
Package: l3keys2e 2023-10-10 LaTeX2e option processing using LaTeX3 keys
)
(/usr/share/texlive/texmf-dist/tex/latex/tools/calc.sty
Package: calc 2023/07/08 v4.3 Infix arithmetic (KKT,FJ)
\calc@Acount=\count419
\calc@Bcount=\count420
\calc@Adimen=\dimen166
\calc@Bdimen=\dimen167
\calc@Askip=\skip93
\calc@Bskip=\skip94
LaTeX Info: Redefining \setlength on input line 80.
LaTeX Info: Redefining \addtolength on input line 81.
\calc@Ccount=\count421
\calc@Cskip=\skip95
)
(/usr/share/texlive/texmf-dist/tex/latex/chemgreek/chemgreek.sty
Package: chemgreek 2020/01/16 v1.1a interface for upright Greek letters for use
 in chemistry (CN)
\l__chemgreek_tmpa_int=\count422
\g__chemgreek_tmpa_int=\count423
)
\l__mhchem_ce_distanceFromLastComma_int=\count424
\__mhchem_arrow_extPgfLength_skip=\skip96
\mhchem@minispace@tmp=\skip97
\mhchem@minibackspace@tmp=\skip98
\mhchem@bondwidth=\skip99
\mhchem@bondheight=\skip100
\mhchem@smallbondwidth@tmpA=\skip101
\mhchem@smallbondwidth@tmpB=\skip102
\mhchem@smallbondwidth=\skip103
\mhchem@bondtmp@minussidebearingleft=\skip104
\mhchem@bondtmp@minussidebearingright=\skip105
\l__mhchem_option_version_int=\count425
\mhchem@option@minusmathsidebearingleft=\dimen168
\mhchem@option@minusmathsidebearingright=\dimen169
\mhchem@option@minustextsidebearingleft=\dimen170
\mhchem@option@minustextsidebearingright=\dimen171
)
(/usr/share/texlive/texmf-dist/tex/latex/pgf/frontendlayer/tikz.sty
(/usr/share/texlive/texmf-dist/tex/latex/pgf/basiclayer/pgf.sty
(/usr/share/texlive/texmf-dist/tex/latex/pgf/utilities/pgfrcs.sty
(/usr/share/texlive/texmf-dist/tex/generic/pgf/utilities/pgfutil-common.tex
\pgfutil@everybye=\toks32
\pgfutil@tempdima=\dimen172
\pgfutil@tempdimb=\dimen173
)
(/usr/share/texlive/texmf-dist/tex/generic/pgf/utilities/pgfutil-latex.def
\pgfutil@abb=\box56
)
(/usr/share/texlive/texmf-dist/tex/generic/pgf/utilities/pgfrcs.code.tex
(/usr/share/texlive/texmf-dist/tex/generic/pgf/pgf.revision.tex)
Package: pgfrcs 2023-01-15 v3.1.10 (3.1.10)
))
Package: pgf 2023-01-15 v3.1.10 (3.1.10)

(/usr/share/texlive/texmf-dist/tex/latex/pgf/basiclayer/pgfcore.sty
(/usr/share/texlive/texmf-dist/tex/latex/pgf/systemlayer/pgfsys.sty
(/usr/share/texlive/texmf-dist/tex/generic/pgf/systemlayer/pgfsys.code.tex
Package: pgfsys 2023-01-15 v3.1.10 (3.1.10)

(/usr/share/texlive/texmf-dist/tex/generic/pgf/utilities/pgfkeys.code.tex
\pgfkeys@pathtoks=\toks33
\pgfkeys@temptoks=\toks34

(/usr/share/texlive/texmf-dist/tex/generic/pgf/utilities/pgfkeyslibraryfiltered
.code.tex
\pgfkeys@tmptoks=\toks35
))
\pgf@x=\dimen174
\pgf@y=\dimen175
\pgf@xa=\dimen176
\pgf@ya=\dimen177
\pgf@xb=\dimen178
\pgf@yb=\dimen179
\pgf@xc=\dimen180
\pgf@yc=\dimen181
\pgf@xd=\dimen182
\pgf@yd=\dimen183
\w@pgf@writea=\write4
\r@pgf@reada=\read4
\c@pgf@counta=\count426
\c@pgf@countb=\count427
\c@pgf@countc=\count428
\c@pgf@countd=\count429
\t@pgf@toka=\toks36
\t@pgf@tokb=\toks37
\t@pgf@tokc=\toks38
\pgf@sys@id@count=\count430
 (/usr/share/texlive/texmf-dist/tex/generic/pgf/systemlayer/pgf.cfg
File: pgf.cfg 2023-01-15 v3.1.10 (3.1.10)
)
Driver file for pgf: pgfsys-pdftex.def
(/usr/share/texlive/texmf-dist/tex/generic/pgf/systemlayer/pgfsys-pdftex.def
File: pgfsys-pdftex.def 2023-01-15 v3.1.10 (3.1.10)

(/usr/share/texlive/texmf-dist/tex/generic/pgf/systemlayer/pgfsys-common-pdf.de
f
File: pgfsys-common-pdf.def 2023-01-15 v3.1.10 (3.1.10)
)))
(/usr/share/texlive/texmf-dist/tex/generic/pgf/systemlayer/pgfsyssoftpath.code.
tex
File: pgfsyssoftpath.code.tex 2023-01-15 v3.1.10 (3.1.10)
\pgfsyssoftpath@smallbuffer@items=\count431
\pgfsyssoftpath@bigbuffer@items=\count432
)
(/usr/share/texlive/texmf-dist/tex/generic/pgf/systemlayer/pgfsysprotocol.code.
tex
File: pgfsysprotocol.code.tex 2023-01-15 v3.1.10 (3.1.10)
)) (/usr/share/texlive/texmf-dist/tex/latex/xcolor/xcolor.sty
Package: xcolor 2023/11/15 v3.01 LaTeX color extensions (UK)

(/usr/share/texlive/texmf-dist/tex/latex/graphics-cfg/color.cfg
File: color.cfg 2016/01/02 v1.6 sample color configuration
)
Package xcolor Info: Driver file: pdftex.def on input line 274.

(/usr/share/texlive/texmf-dist/tex/latex/graphics/mathcolor.ltx)
Package xcolor Info: Model `cmy' substituted by `cmy0' on input line 1350.
Package xcolor Info: Model `hsb' substituted by `rgb' on input line 1354.
Package xcolor Info: Model `RGB' extended on input line 1366.
Package xcolor Info: Model `HTML' substituted by `rgb' on input line 1368.
Package xcolor Info: Model `Hsb' substituted by `hsb' on input line 1369.
Package xcolor Info: Model `tHsb' substituted by `hsb' on input line 1370.
Package xcolor Info: Model `HSB' substituted by `hsb' on input line 1371.
Package xcolor Info: Model `Gray' substituted by `gray' on input line 1372.
Package xcolor Info: Model `wave' substituted by `hsb' on input line 1373.
)
(/usr/share/texlive/texmf-dist/tex/generic/pgf/basiclayer/pgfcore.code.tex
Package: pgfcore 2023-01-15 v3.1.10 (3.1.10)

(/usr/share/texlive/texmf-dist/tex/generic/pgf/math/pgfmath.code.tex
(/usr/share/texlive/texmf-dist/tex/generic/pgf/math/pgfmathutil.code.tex)
(/usr/share/texlive/texmf-dist/tex/generic/pgf/math/pgfmathparser.code.tex
\pgfmath@dimen=\dimen184
\pgfmath@count=\count433
\pgfmath@box=\box57
\pgfmath@toks=\toks39
\pgfmath@stack@operand=\toks40
\pgfmath@stack@operation=\toks41
)
(/usr/share/texlive/texmf-dist/tex/generic/pgf/math/pgfmathfunctions.code.tex)
(/usr/share/texlive/texmf-dist/tex/generic/pgf/math/pgfmathfunctions.basic.code
.tex)
(/usr/share/texlive/texmf-dist/tex/generic/pgf/math/pgfmathfunctions.trigonomet
ric.code.tex)
(/usr/share/texlive/texmf-dist/tex/generic/pgf/math/pgfmathfunctions.random.cod
e.tex)
(/usr/share/texlive/texmf-dist/tex/generic/pgf/math/pgfmathfunctions.comparison
.code.tex)
(/usr/share/texlive/texmf-dist/tex/generic/pgf/math/pgfmathfunctions.base.code.
tex)
(/usr/share/texlive/texmf-dist/tex/generic/pgf/math/pgfmathfunctions.round.code
.tex)
(/usr/share/texlive/texmf-dist/tex/generic/pgf/math/pgfmathfunctions.misc.code.
tex)
(/usr/share/texlive/texmf-dist/tex/generic/pgf/math/pgfmathfunctions.integerari
thmetics.code.tex)
(/usr/share/texlive/texmf-dist/tex/generic/pgf/math/pgfmathcalc.code.tex)
(/usr/share/texlive/texmf-dist/tex/generic/pgf/math/pgfmathfloat.code.tex
\c@pgfmathroundto@lastzeros=\count434
))
(/usr/share/texlive/texmf-dist/tex/generic/pgf/math/pgfint.code.tex)
(/usr/share/texlive/texmf-dist/tex/generic/pgf/basiclayer/pgfcorepoints.code.te
x
File: pgfcorepoints.code.tex 2023-01-15 v3.1.10 (3.1.10)
\pgf@picminx=\dimen185
\pgf@picmaxx=\dimen186
\pgf@picminy=\dimen187
\pgf@picmaxy=\dimen188
\pgf@pathminx=\dimen189
\pgf@pathmaxx=\dimen190
\pgf@pathminy=\dimen191
\pgf@pathmaxy=\dimen192
\pgf@xx=\dimen193
\pgf@xy=\dimen194
\pgf@yx=\dimen195
\pgf@yy=\dimen196
\pgf@zx=\dimen197
\pgf@zy=\dimen198
)
(/usr/share/texlive/texmf-dist/tex/generic/pgf/basiclayer/pgfcorepathconstruct.
code.tex
File: pgfcorepathconstruct.code.tex 2023-01-15 v3.1.10 (3.1.10)
\pgf@path@lastx=\dimen199
\pgf@path@lasty=\dimen256
)
(/usr/share/texlive/texmf-dist/tex/generic/pgf/basiclayer/pgfcorepathusage.code
.tex
File: pgfcorepathusage.code.tex 2023-01-15 v3.1.10 (3.1.10)
\pgf@shorten@end@additional=\dimen257
\pgf@shorten@start@additional=\dimen258
)
(/usr/share/texlive/texmf-dist/tex/generic/pgf/basiclayer/pgfcorescopes.code.te
x
File: pgfcorescopes.code.tex 2023-01-15 v3.1.10 (3.1.10)
\pgfpic=\box58
\pgf@hbox=\box59
\pgf@layerbox@main=\box60
\pgf@picture@serial@count=\count435
)
(/usr/share/texlive/texmf-dist/tex/generic/pgf/basiclayer/pgfcoregraphicstate.c
ode.tex
File: pgfcoregraphicstate.code.tex 2023-01-15 v3.1.10 (3.1.10)
\pgflinewidth=\dimen259
)
(/usr/share/texlive/texmf-dist/tex/generic/pgf/basiclayer/pgfcoretransformation
s.code.tex
File: pgfcoretransformations.code.tex 2023-01-15 v3.1.10 (3.1.10)
\pgf@pt@x=\dimen260
\pgf@pt@y=\dimen261
\pgf@pt@temp=\dimen262
)
(/usr/share/texlive/texmf-dist/tex/generic/pgf/basiclayer/pgfcorequick.code.tex
File: pgfcorequick.code.tex 2023-01-15 v3.1.10 (3.1.10)
)
(/usr/share/texlive/texmf-dist/tex/generic/pgf/basiclayer/pgfcoreobjects.code.t
ex
File: pgfcoreobjects.code.tex 2023-01-15 v3.1.10 (3.1.10)
)
(/usr/share/texlive/texmf-dist/tex/generic/pgf/basiclayer/pgfcorepathprocessing
.code.tex
File: pgfcorepathprocessing.code.tex 2023-01-15 v3.1.10 (3.1.10)
)
(/usr/share/texlive/texmf-dist/tex/generic/pgf/basiclayer/pgfcorearrows.code.te
x
File: pgfcorearrows.code.tex 2023-01-15 v3.1.10 (3.1.10)
\pgfarrowsep=\dimen263
)
(/usr/share/texlive/texmf-dist/tex/generic/pgf/basiclayer/pgfcoreshade.code.tex
File: pgfcoreshade.code.tex 2023-01-15 v3.1.10 (3.1.10)
\pgf@max=\dimen264
\pgf@sys@shading@range@num=\count436
\pgf@shadingcount=\count437
)
(/usr/share/texlive/texmf-dist/tex/generic/pgf/basiclayer/pgfcoreimage.code.tex
File: pgfcoreimage.code.tex 2023-01-15 v3.1.10 (3.1.10)
)
(/usr/share/texlive/texmf-dist/tex/generic/pgf/basiclayer/pgfcoreexternal.code.
tex
File: pgfcoreexternal.code.tex 2023-01-15 v3.1.10 (3.1.10)
\pgfexternal@startupbox=\box61
)
(/usr/share/texlive/texmf-dist/tex/generic/pgf/basiclayer/pgfcorelayers.code.te
x
File: pgfcorelayers.code.tex 2023-01-15 v3.1.10 (3.1.10)
)
(/usr/share/texlive/texmf-dist/tex/generic/pgf/basiclayer/pgfcoretransparency.c
ode.tex
File: pgfcoretransparency.code.tex 2023-01-15 v3.1.10 (3.1.10)
)
(/usr/share/texlive/texmf-dist/tex/generic/pgf/basiclayer/pgfcorepatterns.code.
tex
File: pgfcorepatterns.code.tex 2023-01-15 v3.1.10 (3.1.10)
)
(/usr/share/texlive/texmf-dist/tex/generic/pgf/basiclayer/pgfcorerdf.code.tex
File: pgfcorerdf.code.tex 2023-01-15 v3.1.10 (3.1.10)
)))
(/usr/share/texlive/texmf-dist/tex/generic/pgf/modules/pgfmoduleshapes.code.tex
File: pgfmoduleshapes.code.tex 2023-01-15 v3.1.10 (3.1.10)
\pgfnodeparttextbox=\box62
) (/usr/share/texlive/texmf-dist/tex/generic/pgf/modules/pgfmoduleplot.code.tex
File: pgfmoduleplot.code.tex 2023-01-15 v3.1.10 (3.1.10)
)
(/usr/share/texlive/texmf-dist/tex/latex/pgf/compatibility/pgfcomp-version-0-65
.sty
Package: pgfcomp-version-0-65 2023-01-15 v3.1.10 (3.1.10)
\pgf@nodesepstart=\dimen265
\pgf@nodesepend=\dimen266
)
(/usr/share/texlive/texmf-dist/tex/latex/pgf/compatibility/pgfcomp-version-1-18
.sty
Package: pgfcomp-version-1-18 2023-01-15 v3.1.10 (3.1.10)
)) (/usr/share/texlive/texmf-dist/tex/latex/pgf/utilities/pgffor.sty
(/usr/share/texlive/texmf-dist/tex/latex/pgf/utilities/pgfkeys.sty
(/usr/share/texlive/texmf-dist/tex/generic/pgf/utilities/pgfkeys.code.tex))
(/usr/share/texlive/texmf-dist/tex/latex/pgf/math/pgfmath.sty
(/usr/share/texlive/texmf-dist/tex/generic/pgf/math/pgfmath.code.tex))
(/usr/share/texlive/texmf-dist/tex/generic/pgf/utilities/pgffor.code.tex
Package: pgffor 2023-01-15 v3.1.10 (3.1.10)
\pgffor@iter=\dimen267
\pgffor@skip=\dimen268
\pgffor@stack=\toks42
\pgffor@toks=\toks43
))
(/usr/share/texlive/texmf-dist/tex/generic/pgf/frontendlayer/tikz/tikz.code.tex
Package: tikz 2023-01-15 v3.1.10 (3.1.10)

(/usr/share/texlive/texmf-dist/tex/generic/pgf/libraries/pgflibraryplothandlers
.code.tex
File: pgflibraryplothandlers.code.tex 2023-01-15 v3.1.10 (3.1.10)
\pgf@plot@mark@count=\count438
\pgfplotmarksize=\dimen269
)
\tikz@lastx=\dimen270
\tikz@lasty=\dimen271
\tikz@lastxsaved=\dimen272
\tikz@lastysaved=\dimen273
\tikz@lastmovetox=\dimen274
\tikz@lastmovetoy=\dimen275
\tikzleveldistance=\dimen276
\tikzsiblingdistance=\dimen277
\tikz@figbox=\box63
\tikz@figbox@bg=\box64
\tikz@tempbox=\box65
\tikz@tempbox@bg=\box66
\tikztreelevel=\count439
\tikznumberofchildren=\count440
\tikznumberofcurrentchild=\count441
\tikz@fig@count=\count442

(/usr/share/texlive/texmf-dist/tex/generic/pgf/modules/pgfmodulematrix.code.tex
File: pgfmodulematrix.code.tex 2023-01-15 v3.1.10 (3.1.10)
\pgfmatrixcurrentrow=\count443
\pgfmatrixcurrentcolumn=\count444
\pgf@matrix@numberofcolumns=\count445
)
\tikz@expandcount=\count446

(/usr/share/texlive/texmf-dist/tex/generic/pgf/frontendlayer/tikz/libraries/tik
zlibrarytopaths.code.tex
File: tikzlibrarytopaths.code.tex 2023-01-15 v3.1.10 (3.1.10)
)))
(/usr/share/texlive/texmf-dist/tex/generic/pgf/libraries/pgflibraryarrows.meta.
code.tex
File: pgflibraryarrows.meta.code.tex 2023-01-15 v3.1.10 (3.1.10)
\pgfarrowinset=\dimen278
\pgfarrowlength=\dimen279
\pgfarrowwidth=\dimen280
\pgfarrowlinewidth=\dimen281
)
(/usr/share/texlive/texmf-dist/tex/generic/pgf/frontendlayer/tikz/libraries/tik
zlibrarypositioning.code.tex
File: tikzlibrarypositioning.code.tex 2023-01-15 v3.1.10 (3.1.10)
)
(/usr/share/texlive/texmf-dist/tex/generic/pgf/frontendlayer/tikz/libraries/tik
zlibrarypetri.code.tex
File: tikzlibrarypetri.code.tex 2023-01-15 v3.1.10 (3.1.10)
)
(/usr/share/texlive/texmf-dist/tex/generic/pgf/frontendlayer/tikz/libraries/tik
zlibraryshapes.code.tex
File: tikzlibraryshapes.code.tex 2023-01-15 v3.1.10 (3.1.10)

(/usr/share/texlive/texmf-dist/tex/generic/pgf/frontendlayer/tikz/libraries/tik
zlibraryshapes.geometric.code.tex
File: tikzlibraryshapes.geometric.code.tex 2023-01-15 v3.1.10 (3.1.10)

(/usr/share/texlive/texmf-dist/tex/generic/pgf/libraries/shapes/pgflibraryshape
s.geometric.code.tex
File: pgflibraryshapes.geometric.code.tex 2023-01-15 v3.1.10 (3.1.10)
))
(/usr/share/texlive/texmf-dist/tex/generic/pgf/frontendlayer/tikz/libraries/tik
zlibraryshapes.misc.code.tex
File: tikzlibraryshapes.misc.code.tex 2023-01-15 v3.1.10 (3.1.10)

(/usr/share/texlive/texmf-dist/tex/generic/pgf/libraries/shapes/pgflibraryshape
s.misc.code.tex
File: pgflibraryshapes.misc.code.tex 2023-01-15 v3.1.10 (3.1.10)
))
(/usr/share/texlive/texmf-dist/tex/generic/pgf/frontendlayer/tikz/libraries/tik
zlibraryshapes.symbols.code.tex
File: tikzlibraryshapes.symbols.code.tex 2023-01-15 v3.1.10 (3.1.10)

(/usr/share/texlive/texmf-dist/tex/generic/pgf/libraries/shapes/pgflibraryshape
s.symbols.code.tex
File: pgflibraryshapes.symbols.code.tex 2023-01-15 v3.1.10 (3.1.10)
))
(/usr/share/texlive/texmf-dist/tex/generic/pgf/frontendlayer/tikz/libraries/tik
zlibraryshapes.arrows.code.tex
File: tikzlibraryshapes.arrows.code.tex 2023-01-15 v3.1.10 (3.1.10)

(/usr/share/texlive/texmf-dist/tex/generic/pgf/libraries/shapes/pgflibraryshape
s.arrows.code.tex
File: pgflibraryshapes.arrows.code.tex 2023-01-15 v3.1.10 (3.1.10)
))
(/usr/share/texlive/texmf-dist/tex/generic/pgf/frontendlayer/tikz/libraries/tik
zlibraryshapes.callouts.code.tex
(/usr/share/texlive/texmf-dist/tex/generic/pgf/libraries/shapes/pgflibraryshape
s.callouts.code.tex))
(/usr/share/texlive/texmf-dist/tex/generic/pgf/frontendlayer/tikz/libraries/tik
zlibraryshapes.multipart.code.tex
File: tikzlibraryshapes.multipart.code.tex 2023-01-15 v3.1.10 (3.1.10)

(/usr/share/texlive/texmf-dist/tex/generic/pgf/libraries/shapes/pgflibraryshape
s.multipart.code.tex
File: pgflibraryshapes.multipart.code.tex 2023-01-15 v3.1.10 (3.1.10)
\pgfnodepartlowerbox=\box67
\pgfnodeparttwobox=\box68
\pgfnodepartthreebox=\box69
\pgfnodepartfourbox=\box70
\pgfnodeparttwentybox=\box71
\pgfnodepartnineteenbox=\box72
\pgfnodeparteighteenbox=\box73
\pgfnodepartseventeenbox=\box74
\pgfnodepartsixteenbox=\box75
\pgfnodepartfifteenbox=\box76
\pgfnodepartfourteenbox=\box77
\pgfnodepartthirteenbox=\box78
\pgfnodeparttwelvebox=\box79
\pgfnodepartelevenbox=\box80
\pgfnodeparttenbox=\box81
\pgfnodepartninebox=\box82
\pgfnodeparteightbox=\box83
\pgfnodepartsevenbox=\box84
\pgfnodepartsixbox=\box85
\pgfnodepartfivebox=\box86
)))
(/usr/share/texlive/texmf-dist/tex/latex/algorithms/algorithm.sty
Package: algorithm 2009/08/24 v0.1 Document Style `algorithm' - floating enviro
nment

(/usr/share/texlive/texmf-dist/tex/latex/float/float.sty
Package: float 2001/11/08 v1.3d Float enhancements (AL)
\c@float@type=\count447
\float@exts=\toks44
\float@box=\box87
\@float@everytoks=\toks45
\@floatcapt=\box88
)
Package scrhack Info: loading float hack on input line 32.

(/usr/share/texlive/texmf-dist/tex/latex/koma-script/float.hak
File: float.hak 2023/07/07 v3.41 KOMA-Script scrhack part (hacking package floa
t)
Package scrhack Info: redefining \newfloat on input line 163.
Package scrhack Info: redefining \listof on input line 163.
Package scrhack Info: undefining \float@addtolists on input line 163.
)
Package tocbasic Info: setting babel extension for `loa' on input line 95.
\@float@every@algorithm=\toks46
\c@algorithm=\count448
)
(/usr/share/texlive/texmf-dist/tex/latex/algorithmicx/algpseudocode.sty
Package: algpseudocode 

(/usr/share/texlive/texmf-dist/tex/latex/algorithmicx/algorithmicx.sty
Package: algorithmicx 2005/04/27 v1.2 Algorithmicx

Document Style algorithmicx 1.2 - a greatly improved `algorithmic' style
\c@ALG@line=\count449
\c@ALG@rem=\count450
\c@ALG@nested=\count451
\ALG@tlm=\skip106
\ALG@thistlm=\skip107
\c@ALG@Lnr=\count452
\c@ALG@blocknr=\count453
\c@ALG@storecount=\count454
\c@ALG@tmpcounter=\count455
\ALG@tmplength=\skip108
)
Document Style - pseudocode environments for use with the `algorithmicx' style
) (/usr/share/texlive/texmf-dist/tex/latex/tools/longtable.sty
Package: longtable 2023-11-01 v4.19 Multi-page Table package (DPC)
\LTleft=\skip109
\LTright=\skip110
\LTpre=\skip111
\LTpost=\skip112
\LTchunksize=\count456
\LTcapwidth=\dimen282
\LT@head=\box89
\LT@firsthead=\box90
\LT@foot=\box91
\LT@lastfoot=\box92
\LT@gbox=\box93
\LT@cols=\count457
\LT@rows=\count458
\c@LT@tables=\count459
\c@LT@chunks=\count460
\LT@p@ftn=\toks47
)
Class scrreprt Info: longtable captions redefined on input line 123.

(/usr/share/texlive/texmf-dist/tex/latex/acronym/acronym.sty
Package: acronym 2020/04/17 v1.47 Support for acronyms (Tobias Oetiker)

(/usr/share/texlive/texmf-dist/tex/latex/bigfoot/suffix.sty
Package: suffix 2006/07/15 1.5a Variant command support
)
(/usr/share/texlive/texmf-dist/tex/generic/xstring/xstring.sty
(/usr/share/texlive/texmf-dist/tex/generic/xstring/xstring.tex
\xs_counta=\count461
\xs_countb=\count462
)
Package: xstring 2023/08/22 v1.86 String manipulations (CT)
)
(/usr/share/texlive/texmf-dist/tex/latex/relsize/relsize.sty
Package: relsize 2013/03/29 ver 4.1
)
\AC@clearlist=\toks48
)
(/usr/share/texlive/texmf-dist/tex/latex/tools/tabularx.sty
Package: tabularx 2023/07/08 v2.11c `tabularx' package (DPC)

(/usr/share/texlive/texmf-dist/tex/latex/tools/array.sty
Package: array 2023/10/16 v2.5g Tabular extension package (FMi)
\col@sep=\dimen283
\ar@mcellbox=\box94
\extrarowheight=\dimen284
\NC@list=\toks49
\extratabsurround=\skip113
\backup@length=\skip114
\ar@cellbox=\box95
)
\TX@col@width=\dimen285
\TX@old@table=\dimen286
\TX@old@col=\dimen287
\TX@target=\dimen288
\TX@delta=\dimen289
\TX@cols=\count463
\TX@ftn=\toks50
)
(/usr/share/texlive/texmf-dist/tex/latex/subfig/subfig.sty
Package: subfig 2005/06/28 ver: 1.3 subfig package

(/usr/share/texlive/texmf-dist/tex/latex/caption/caption.sty
Package: caption 2023/08/05 v3.6o Customizing captions (AR)

(/usr/share/texlive/texmf-dist/tex/latex/caption/caption3.sty
Package: caption3 2023/07/31 v2.4d caption3 kernel (AR)
\caption@tempdima=\dimen290
\captionmargin=\dimen291
\caption@leftmargin=\dimen292
\caption@rightmargin=\dimen293
\caption@width=\dimen294
\caption@indent=\dimen295
\caption@parindent=\dimen296
\caption@hangindent=\dimen297
Package caption Info: KOMA-Script document class detected.

(/usr/share/texlive/texmf-dist/tex/latex/caption/caption-koma.sto
File: caption-koma.sto 2023/09/08 v2.0e Adaption of the caption package to the 
KOMA-Script document classes (AR)
))
\c@caption@flags=\count464
\c@continuedfloat=\count465
Package caption Info: float package is loaded.
Package caption Info: longtable package is loaded.

(/usr/share/texlive/texmf-dist/tex/latex/caption/ltcaption.sty
Package: ltcaption 2021/01/08 v1.4c longtable captions (AR)
)
Package caption Info: KOMA-Script scrextend package detected.
\caption@addmargin@hsize=\dimen298
\caption@addmargin@linewidth=\dimen299
)
\c@KVtest=\count466
\sf@farskip=\skip115
\sf@captopadj=\dimen300
\sf@capskip=\skip116
\sf@nearskip=\skip117
\c@subfigure=\count467
\c@subfigure@save=\count468
\c@lofdepth=\count469
\c@subtable=\count470
\c@subtable@save=\count471
\c@lotdepth=\count472
\sf@top=\skip118
\sf@bottom=\skip119
)
(/usr/share/texlive/texmf-dist/tex/latex/listings/listings.sty
\lst@mode=\count473
\lst@gtempboxa=\box96
\lst@token=\toks51
\lst@length=\count474
\lst@currlwidth=\dimen301
\lst@column=\count475
\lst@pos=\count476
\lst@lostspace=\dimen302
\lst@width=\dimen303
\lst@newlines=\count477
\lst@lineno=\count478
\lst@maxwidth=\dimen304

(/usr/share/texlive/texmf-dist/tex/latex/listings/lstmisc.sty
File: lstmisc.sty 2023/02/27 1.9 (Carsten Heinz)
\c@lstnumber=\count479
\lst@skipnumbers=\count480
\lst@framebox=\box97
)
(/usr/share/texlive/texmf-dist/tex/latex/listings/listings.cfg
File: listings.cfg 2023/02/27 1.9 listings configuration
))
Package scrhack Info: loading listings hack on input line 154.

(/usr/share/texlive/texmf-dist/tex/latex/koma-script/listings.hak
File: listings.hak 2023/07/07 v3.41 KOMA-Script scrhack part (hacking package l
istings)
Package tocbasic Info: setting babel extension for `lol' on input line 157.
Package scrhack Info: redefining \lstlistoflistings on input line 157.
Package scrhack Info: patching \lst@MakeCaption on input line 157.
)
Package: listings 2023/02/27 1.9 (Carsten Heinz)

(/usr/share/texlive/texmf-dist/tex/latex/listings/lstlang1.sty
File: lstlang1.sty 2023/02/27 1.9 listings language file
)
(/usr/share/texlive/texmf-dist/tex/latex/listings/lstlang2.sty
File: lstlang2.sty 2023/02/27 1.9 listings language file
)
(/usr/share/texlive/texmf-dist/tex/latex/listings/lstlang3.sty
File: lstlang3.sty 2023/02/27 1.9 listings language file
)
(/usr/share/texlive/texmf-dist/tex/latex/listings/lstlang1.sty
File: lstlang1.sty 2023/02/27 1.9 listings language file
)
(/usr/share/texlive/texmf-dist/tex/latex/listings/lstlang2.sty
File: lstlang2.sty 2023/02/27 1.9 listings language file
)
(/usr/share/texlive/texmf-dist/tex/latex/listings/lstlang3.sty
File: lstlang3.sty 2023/02/27 1.9 listings language file
)
(/usr/share/texlive/texmf-dist/tex/latex/listings/lstlang1.sty
File: lstlang1.sty 2023/02/27 1.9 listings language file
)
(/usr/share/texlive/texmf-dist/tex/latex/listings/lstlang2.sty
File: lstlang2.sty 2023/02/27 1.9 listings language file
)
(/usr/share/texlive/texmf-dist/tex/latex/listings/lstlang3.sty
File: lstlang3.sty 2023/02/27 1.9 listings language file
)
(/usr/share/texlive/texmf-dist/tex/latex/listings/lstmisc.sty
File: lstmisc.sty 2023/02/27 1.9 (Carsten Heinz)
)
(./classicthesis.sty
Package: classicthesis 2025/02/02 v4.8 Typographic style for a classic-looking 
thesis
 (/usr/share/texlive/texmf-dist/tex/generic/iftex/ifpdf.sty
Package: ifpdf 2019/10/25 v3.4 ifpdf legacy package. Use iftex instead.
) (/usr/share/texlive/texmf-dist/tex/generic/iftex/ifxetex.sty
Package: ifxetex 2019/10/25 v0.7 ifxetex legacy package. Use iftex instead.
)
(/usr/share/texlive/texmf-dist/tex/generic/iftex/ifluatex.sty
Package: ifluatex 2019/10/25 v1.5 ifluatex legacy package. Use iftex instead.
)

! Package xcolor Error: Undefined color `Maroon'.

See the xcolor package documentation for explanation.
Type  H <return>  for immediate help.
 ...                                              
                                                  
l.162 \definecolor{CTurl}{named}{Maroon}
                                         % Maroon
Try typing  <return>  to proceed.
If that doesn't work, type  X <return>  to quit.


! Package xcolor Error: Undefined color `Maroon'.

See the xcolor package documentation for explanation.
Type  H <return>  for immediate help.
 ...                                              
                                                  
l.163 \definecolor{CTtitle}{named}{Maroon}
                                           % Maroon {cmyk}{0, 0.87, 0.68, 0.32}

Try typing  <return>  to proceed.
If that doesn't work, type  X <return>  to quit.


! Package xcolor Error: Undefined color `RoyalBlue'.

See the xcolor package documentation for explanation.
Type  H <return>  for immediate help.
 ...                                              
                                                  
l.164 \definecolor{CTlink}{named}{RoyalBlue}
                                             % RoyalBlue {cmyk}{1, 0.50, 0, 0}
Try typing  <return>  to proceed.
If that doesn't work, type  X <return>  to quit.

(/usr/share/texlive/texmf-dist/tex/latex/psnfss/mathpazo.sty
Package: mathpazo 2020/03/25 PSNFSS-v9.3 Palatino w/ Pazo Math (D.Puga, WaS) 
\symupright=\mathgroup6
)
LaTeX Font Info:    Trying to load font information for T1+pplj on input line 2
36.

(/usr/share/texlive/texmf-dist/tex/latex/psnfss/t1pplj.fd
File: t1pplj.fd 2004/09/06 font definitions for T1/pplj.
)
(/usr/share/texlive/texmf-dist/tex/latex/microtype/microtype.sty
Package: microtype 2023/03/13 v3.1a Micro-typographical refinements (RS)
\MT@toks=\toks52
\MT@tempbox=\box98
\MT@count=\count481
LaTeX Info: Redefining \noprotrusionifhmode on input line 1059.
LaTeX Info: Redefining \leftprotrusion on input line 1060.
\MT@prot@toks=\toks53
LaTeX Info: Redefining \rightprotrusion on input line 1078.
LaTeX Info: Redefining \textls on input line 1368.
\MT@outer@kern=\dimen305
LaTeX Info: Redefining \textmicrotypecontext on input line 1988.
\MT@listname@count=\count482

(/usr/share/texlive/texmf-dist/tex/latex/microtype/microtype-pdftex.def
File: microtype-pdftex.def 2023/03/13 v3.1a Definitions specific to pdftex (RS)

LaTeX Info: Redefining \lsstyle on input line 902.
LaTeX Info: Redefining \lslig on input line 902.
\MT@outer@space=\skip120
)
Package microtype Info: Loading configuration file microtype.cfg.

(/usr/share/texlive/texmf-dist/tex/latex/microtype/microtype.cfg
File: microtype.cfg 2023/03/13 v3.1a microtype main configuration file (RS)
))
Package classicthesis Info: A4 paper, Palatino or other on input line 280.
Package typearea Info: These are the values describing the layout:
(typearea)             DIV  = areaset
(typearea)             BCOR = 0.0pt
(typearea)             \paperwidth      = 597.50793pt
(typearea)              \textwidth      = 336.0pt
(typearea)              \evensidemargin = 102.06863pt
(typearea)              \oddsidemargin  = 14.89932pt
(typearea)             \paperheight     = 845.04694pt
(typearea)              \textheight     = 666.04997pt
(typearea)              \topmargin      = -40.58768pt
(typearea)              \headheight     = 15.95pt
(typearea)              \headsep        = 20.40001pt
(typearea)              \topskip        = 11.0pt
(typearea)              \footskip       = 47.60002pt
(typearea)              \baselineskip   = 13.6pt
(typearea)              on input line 280.

(/usr/share/texlive/texmf-dist/tex/latex/mparhack/mparhack.sty
Package: mparhack 2021-05-02 v1.5 (T. Sgouros and S. Ulrich)
)
(/usr/share/texlive/texmf-dist/tex/latex/textcase/textcase.sty
Package: textcase 2023/07/27 v1.04 Text only upper/lower case changing (DPC)
Package textcase Info: Defining Legacy names on input line 20.
)
Package classicthesis Info: Using microtype for character spacing.Make sure you
r pdflatex is version 1.40 or higher. on input line 351.

(/usr/share/texlive/texmf-dist/tex/latex/koma-script/scrlayer-scrpage.sty
Package: scrlayer-scrpage 2023/07/07 v3.41 KOMA-Script package (end user interf
ace for scrlayer)

(/usr/share/texlive/texmf-dist/tex/latex/koma-script/scrlayer.sty
Package: scrlayer 2023/07/07 v3.41 KOMA-Script package (defining layers and pag
e styles)
Package scrlayer Info: patching LaTeX kernel macro \pagestyle on input line 218
3.
)
Package scrlayer-scrpage Info: Makeing stand-alone element `pagehead' from
(scrlayer-scrpage)             alias to `pageheadfoot' on input line 1106.
)
1: section
1: chapter
1: chapter
1: section

Class scrreprt Warning: Usage of package `titlesec' together
(scrreprt)              with a KOMA-Script class is not recommended.
(scrreprt)              I'd suggest to use KOMA-Script features
(scrreprt)              like \setkomafont, \RedeclareSectionCommand, \sectionli
nesformat
(scrreprt)              and several others to re-configure section
(scrreprt)              headings.
(scrreprt)              Nevertheless, using requested
(scrreprt)              package `titlesec' on input line 401.

(/usr/share/texlive/texmf-dist/tex/latex/titlesec/titlesec.sty
Package: titlesec 2023/10/27 v2.16 Sectioning titles
\ttl@box=\box99
\beforetitleunit=\skip121
\aftertitleunit=\skip122
\ttl@plus=\dimen306
\ttl@minus=\dimen307
\ttl@toksa=\toks54
\titlewidth=\dimen308
\titlewidthlast=\dimen309
\titlewidthfirst=\dimen310


Package titlesec Warning: Non standard sectioning command \section
(titlesec)                detected. Using default spacing and no format.


Package titlesec Warning: Non standard sectioning command \subsection
(titlesec)                detected. Using default spacing and no format.


Package titlesec Warning: Non standard sectioning command \subsubsection
(titlesec)                detected. Using default spacing and no format.


Package titlesec Warning: Non standard sectioning command \paragraph
(titlesec)                detected. Using default spacing and no format.


Package titlesec Warning: Non standard sectioning command \subparagraph
(titlesec)                detected. Using default spacing and no format.

)

Class scrreprt Warning: Usage of package `tocloft' together
(scrreprt)              with a KOMA-Script class is not recommended.
(scrreprt)              I'd suggest to use options like `listof=entryprefix',
(scrreprt)              commands like `\listoflofentryname' or
(scrreprt)              `\listoflotentryname', and `\DeclareTOCStyleEntry' or
(scrreprt)              `\RedeclareSectionCommand' instead of this package,
(scrreprt)              because it breaks several KOMA-Script features of
(scrreprt)              the list of figures, list of tables and table of
(scrreprt)              contents, i.e., options like `listof=numbered',
(scrreprt)              `listof=flat or `toc=flat', commands like
(scrreprt)              `\BeforeTOCHead{...}' and `\AfterTOCHead{...}',
(scrreprt)              `\BeforeStartingTOC{...}' and \AfterStartingTOC{...}',
(scrreprt)              all features of `\DeclareTOCStyleEntry',
(scrreprt)              and the ToC entry features of `\DeclareSecionCommand'
(scrreprt)              and `\RedeclareSectionCommand' of levels
(scrreprt)              `part', `section', `subsection',
(scrreprt)              `subsubsection', `paragraph' and `subparagraph'.
(scrreprt)              Nevertheless, using requested
(scrreprt)              package `tocloft' on input line 450.

(/usr/share/texlive/texmf-dist/tex/latex/tocloft/tocloft.sty
Package: tocloft 2017/08/31 v2.3i parameterised ToC, etc., typesetting
Package tocloft Info: The document has chapter divisions on input line 51.
\cftparskip=\skip123
\cftbeforetoctitleskip=\skip124
\cftaftertoctitleskip=\skip125
\cftbeforepartskip=\skip126
\cftpartnumwidth=\skip127
\cftpartindent=\skip128
\cftbeforechapskip=\skip129
\cftchapindent=\skip130
\cftchapnumwidth=\skip131
\cftbeforesecskip=\skip132
\cftsecindent=\skip133
\cftsecnumwidth=\skip134
\cftbeforesubsecskip=\skip135
\cftsubsecindent=\skip136
\cftsubsecnumwidth=\skip137
\cftbeforesubsubsecskip=\skip138
\cftsubsubsecindent=\skip139
\cftsubsubsecnumwidth=\skip140
\cftbeforeparaskip=\skip141
\cftparaindent=\skip142
\cftparanumwidth=\skip143
\cftbeforesubparaskip=\skip144
\cftsubparaindent=\skip145
\cftsubparanumwidth=\skip146
\cftbeforeloftitleskip=\skip147
\cftafterloftitleskip=\skip148
\cftbeforefigskip=\skip149
\cftfigindent=\skip150
\cftfignumwidth=\skip151
\cftbeforelottitleskip=\skip152
\cftafterlottitleskip=\skip153
\cftbeforetabskip=\skip154
\cfttabindent=\skip155
\cfttabnumwidth=\skip156
\cftbeforesubfigskip=\skip157
\cftsubfigindent=\skip158
\cftsubfignumwidth=\skip159
\cftbeforesubtabskip=\skip160
\cftsubtabindent=\skip161
\cftsubtabnumwidth=\skip162
)
\newnumberwidth=\skip163
\beforebibskip=\skip164
\newchnumberwidth=\skip165
\figurelabelwidth=\skip166
\tablelabelwidth=\skip167

Using KOMA-command "deffootnote" for footnote setup
(/usr/share/texlive/texmf-dist/tex/latex/koma-script/scrtime.sty
Package: scrtime 2023/07/07 v3.41 KOMA-Script package (time of LaTeX run)
)
(/usr/share/texlive/texmf-dist/tex/latex/prelim2e/prelim2e.sty
Package: prelim2e 2020/11/24 v2.0 prelim2e Package
)
Package scrhack Info: hyperref hack deactivated because of
(scrhack)             detection of KOMA-Script class, that doesn't
(scrhack)             need that hack, on input line 730.

(/usr/share/texlive/texmf-dist/tex/latex/hyperref/hyperref.sty
Package: hyperref 2024-01-20 v7.01h Hypertext links for LaTeX

(/usr/share/texlive/texmf-dist/tex/generic/kvdefinekeys/kvdefinekeys.sty
Package: kvdefinekeys 2019-12-19 v1.6 Define keys (HO)
)
(/usr/share/texlive/texmf-dist/tex/generic/pdfescape/pdfescape.sty
Package: pdfescape 2019/12/09 v1.15 Implements pdfTeX's escape features (HO)
)
(/usr/share/texlive/texmf-dist/tex/latex/hycolor/hycolor.sty
Package: hycolor 2020-01-27 v1.10 Color options for hyperref/bookmark (HO)
)
(/usr/share/texlive/texmf-dist/tex/latex/auxhook/auxhook.sty
Package: auxhook 2019-12-17 v1.6 Hooks for auxiliary files (HO)
)
(/usr/share/texlive/texmf-dist/tex/latex/hyperref/nameref.sty
Package: nameref 2023-11-26 v2.56 Cross-referencing by name of section

(/usr/share/texlive/texmf-dist/tex/latex/refcount/refcount.sty
Package: refcount 2019/12/15 v3.6 Data extraction from label references (HO)
)
(/usr/share/texlive/texmf-dist/tex/generic/gettitlestring/gettitlestring.sty
Package: gettitlestring 2019/12/15 v1.6 Cleanup title references (HO)
)
\c@section@level=\count483
)
\@linkdim=\dimen311
\Hy@linkcounter=\count484
\Hy@pagecounter=\count485

(/usr/share/texlive/texmf-dist/tex/latex/hyperref/pd1enc.def
File: pd1enc.def 2024-01-20 v7.01h Hyperref: PDFDocEncoding definition (HO)
Now handling font encoding PD1 ...
... no UTF-8 mapping file for font encoding PD1
)
(/usr/share/texlive/texmf-dist/tex/generic/intcalc/intcalc.sty
Package: intcalc 2019/12/15 v1.3 Expandable calculations with integers (HO)
)
\Hy@SavedSpaceFactor=\count486

(/usr/share/texlive/texmf-dist/tex/latex/hyperref/puenc.def
File: puenc.def 2024-01-20 v7.01h Hyperref: PDF Unicode definition (HO)
Now handling font encoding PU ...
... no UTF-8 mapping file for font encoding PU
)
Package hyperref Info: Option `hyperfootnotes' set `false' on input line 4062.
Package hyperref Info: Hyper figures OFF on input line 4179.
Package hyperref Info: Link nesting OFF on input line 4184.
Package hyperref Info: Hyper index ON on input line 4187.
Package hyperref Info: Plain pages OFF on input line 4194.
Package hyperref Info: Backreferencing OFF on input line 4199.
Package hyperref Info: Implicit mode ON; LaTeX internals redefined.
Package hyperref Info: Bookmarks ON on input line 4446.
\c@Hy@tempcnt=\count487
LaTeX Info: Redefining \url on input line 4784.
\XeTeXLinkMargin=\dimen312

(/usr/share/texlive/texmf-dist/tex/generic/bitset/bitset.sty
Package: bitset 2019/12/09 v1.3 Handle bit-vector datatype (HO)

(/usr/share/texlive/texmf-dist/tex/generic/bigintcalc/bigintcalc.sty
Package: bigintcalc 2019/12/15 v1.5 Expandable calculations on big integers (HO
)
))
\Fld@menulength=\count488
\Field@Width=\dimen313
\Fld@charsize=\dimen314
Package hyperref Info: Hyper figures OFF on input line 6063.
Package hyperref Info: Link nesting OFF on input line 6068.
Package hyperref Info: Hyper index ON on input line 6071.
Package hyperref Info: backreferencing OFF on input line 6078.
Package hyperref Info: Link coloring OFF on input line 6083.
Package hyperref Info: Link coloring with OCG OFF on input line 6088.
Package hyperref Info: PDF/A mode OFF on input line 6093.

(/usr/share/texlive/texmf-dist/tex/latex/base/atbegshi-ltx.sty
Package: atbegshi-ltx 2021/01/10 v1.0c Emulation of the original atbegshi
package with kernel methods
)
\Hy@abspage=\count489
\c@Item=\count490
)
Package hyperref Info: Driver (autodetected): hpdftex.

(/usr/share/texlive/texmf-dist/tex/latex/hyperref/hpdftex.def
File: hpdftex.def 2024-01-20 v7.01h Hyperref driver for pdfTeX

(/usr/share/texlive/texmf-dist/tex/latex/base/atveryend-ltx.sty
Package: atveryend-ltx 2020/08/19 v1.0a Emulation of the original atveryend pac
kage
with kernel methods
)
\Fld@listcount=\count491
\c@bookmark@seq@number=\count492

(/usr/share/texlive/texmf-dist/tex/latex/rerunfilecheck/rerunfilecheck.sty
Package: rerunfilecheck 2022-07-10 v1.10 Rerun checks for auxiliary files (HO)

(/usr/share/texlive/texmf-dist/tex/generic/uniquecounter/uniquecounter.sty
Package: uniquecounter 2019/12/15 v1.4 Provide unlimited unique counter (HO)
)
Package uniquecounter Info: New unique counter `rerunfilecheck' on input line 2
85.
)
\Hy@SectionHShift=\skip168
)
Package hyperref Info: Option `colorlinks' set `true' on input line 732.
Package hyperref Info: Option `linktocpage' set `true' on input line 732.
Package hyperref Info: Option `breaklinks' set `true' on input line 732.
)
Package hyperref Info: Option `colorlinks' set `true' on input line 206.
Package hyperref Info: Option `linktocpage' set `true' on input line 206.
Package hyperref Info: Option `breaklinks' set `true' on input line 206.
Package hyperref Info: Option `pageanchor' set `true' on input line 206.
Package hyperref Info: Option `plainpages' set `false' on input line 206.
Package hyperref Info: Option `bookmarksnumbered' set `true' on input line 206.

Package hyperref Info: Option `bookmarksopen' set `true' on input line 206.
Package hyperref Info: Option `hypertexnames' set `true' on input line 206.

(/usr/share/texlive/texmf-dist/tex/latex/newunicodechar/newunicodechar.sty
Package: newunicodechar 2018/04/08 v1.2 Defining Unicode characters
)
(/usr/share/texlive/texmf-dist/tex/latex/psnfss/pifont.sty
Package: pifont 2020/03/25 PSNFSS-v9.3 Pi font support (SPQR) 
LaTeX Font Info:    Trying to load font information for U+pzd on input line 63.


(/usr/share/texlive/texmf-dist/tex/latex/psnfss/upzd.fd
File: upzd.fd 2001/06/04 font definitions for U/pzd.
)
LaTeX Font Info:    Trying to load font information for U+psy on input line 64.


(/usr/share/texlive/texmf-dist/tex/latex/psnfss/upsy.fd
File: upsy.fd 2001/06/04 font definitions for U/psy.
))

! LaTeX Error: Command \texttimes already defined.
               Or name \end... illegal, see p.192 of the manual.

See the LaTeX manual or LaTeX Companion for explanation.
Type  H <return>  for immediate help.
 ...                                              
                                                  
l.305 \newcommand{\texttimes}{\ding{55}}
                                        
Your command was ignored.
Type  I <command> <return>  to replace it with another command,
or  <return>  to continue without it.


! LaTeX Error: Command \checkmark already defined.
               Or name \end... illegal, see p.192 of the manual.

See the LaTeX manual or LaTeX Companion for explanation.
Type  H <return>  for immediate help.
 ...                                              
                                                  
l.306 \newcommand{\checkmark}{\ding{51}}
                                        
Your command was ignored.
Type  I <command> <return>  to replace it with another command,
or  <return>  to continue without it.

)
Package csquotes Info: Checking for multilingual support...
Package csquotes Info: ... found 'babel' package.
Package csquotes Info: Adjusting default style.
Package csquotes Info: Redefining alias 'default' -> 'american'.
 (./thesis.aux (./FrontBackmatter/Titlepage.aux)
(./FrontBackmatter/Titleback.aux) (./FrontBackmatter/Abstract.aux)
(./FrontBackmatter/Acknowledgments.aux) (./FrontBackmatter/Contents.aux)
(./Chapters/chapter_01_refactored.aux) (./Chapters/chapter_02_refactored.aux)
(./Chapters/chapter_03_refactored.aux

LaTeX Warning: Label `subsec:classical-pn' multiply defined.


LaTeX Warning: Label `subsec:hybrid-pn' multiply defined.

) (./Chapters/chapter_04_refactored.aux) (./Chapters/chapter_05_refactored.aux)
(./Chapters/chapter_06_refactored.aux) (./Chapters/chapter_07_refactored.aux

LaTeX Warning: Label `subsec:validation-strategy' multiply defined.


LaTeX Warning: Label `tab:formalism-comparison' multiply defined.

) (./Chapters/chapter_08_refactored.aux) (./Chapters/chapter_09_refactored.aux

LaTeX Warning: Label `sec:cofactor-suggestion' multiply defined.

) (./Chapters/chapter_10_refactored.aux) (./Chapters/chapter_11_refactored.aux

LaTeX Warning: Label `sec:parallel-execution' multiply defined.

) (./Chapters/chapter_12_refactored.aux

LaTeX Warning: Label `subsec:glycolysis-model' multiply defined.


LaTeX Warning: Label `subsec:comparative-analysis' multiply defined.

) (./Chapters/chapter_13_refactored.aux

LaTeX Warning: Label `tab:parallel-speedup' multiply defined.

) (./Chapters/chapter_14_refactored.aux

LaTeX Warning: Label `subsec:rq1' multiply defined.


LaTeX Warning: Label `subsec:rq2' multiply defined.


LaTeX Warning: Label `subsec:rq3' multiply defined.


LaTeX Warning: Label `subsec:rq4' multiply defined.


LaTeX Warning: Label `subsec:rq5' multiply defined.


LaTeX Warning: Label `subsec:rq6' multiply defined.

) (./Chapters/chapter_15_refactored.aux) (./FrontBackmatter/Bibliography.aux))
\openout1 = `thesis.aux'.

LaTeX Font Info:    Checking defaults for OML/cmm/m/it on input line 29.
LaTeX Font Info:    ... okay on input line 29.
LaTeX Font Info:    Checking defaults for OMS/cmsy/m/n on input line 29.
LaTeX Font Info:    ... okay on input line 29.
LaTeX Font Info:    Checking defaults for OT1/cmr/m/n on input line 29.
LaTeX Font Info:    ... okay on input line 29.
LaTeX Font Info:    Checking defaults for T1/cmr/m/n on input line 29.
LaTeX Font Info:    ... okay on input line 29.
LaTeX Font Info:    Checking defaults for TS1/cmr/m/n on input line 29.
LaTeX Font Info:    ... okay on input line 29.
LaTeX Font Info:    Checking defaults for OMX/cmex/m/n on input line 29.
LaTeX Font Info:    ... okay on input line 29.
LaTeX Font Info:    Checking defaults for U/cmr/m/n on input line 29.
LaTeX Font Info:    ... okay on input line 29.
LaTeX Font Info:    Checking defaults for PD1/pdf/m/n on input line 29.
LaTeX Font Info:    ... okay on input line 29.
LaTeX Font Info:    Checking defaults for PU/pdf/m/n on input line 29.
LaTeX Font Info:    ... okay on input line 29.
Package scrbase Info: activating american \abstractname on input line 29.
Package scrbase Info: activating american \partname on input line 29.
Package scrbase Info: activating american \chaptername on input line 29.
Package scrbase Info: activating american \appendixname on input line 29.
Package scrbase Info: activating american \figurename on input line 29.
Package scrbase Info: activating american \tablename on input line 29.
Package scrbase Info: activating american \contentsname on input line 29.
Package scrbase Info: activating american \listfigurename on input line 29.
Package scrbase Info: activating american \listtablename on input line 29.
Package scrbase Info: activating american \bibname on input line 29.
Package scrbase Info: activating american \indexname on input line 29.
Package biblatex Info: Trying to load language 'american'...
Package biblatex Info: ... file 'american.lbx' found.

(/usr/share/texlive/texmf-dist/tex/latex/biblatex/lbx/american.lbx
File: american.lbx 2023/03/05 v3.19 biblatex localization (PK/MW)
Package biblatex Info: Trying to load language 'english'...
Package biblatex Info: ... file 'english.lbx' found.

(/usr/share/texlive/texmf-dist/tex/latex/biblatex/lbx/english.lbx
File: english.lbx 2023/03/05 v3.19 biblatex localization (PK/MW)
)
Package biblatex Info: Trying to load language 'english'...
Package biblatex Info: ... file 'english.lbx' found.

(/usr/share/texlive/texmf-dist/tex/latex/biblatex/lbx/english.lbx
File: english.lbx 2023/03/05 v3.19 biblatex localization (PK/MW)
))
Package biblatex Info: Input encoding 'utf8' detected.
Package biblatex Info: Automatic encoding selection.
(biblatex)             Assuming data encoding 'utf8'.
Package biblatex Info: Input encoding 'utf8' detected.
Package biblatex Info: Data encoding 'utf8' specified.
(biblatex)             No need to reencode data.
\openout3 = `thesis-blx.bib'.

Package biblatex Info: Trying to load bibliographic data...
Package biblatex Info: ... file 'thesis.bbl' found.

(./thesis.bbl

Package biblatex Warning: The following entry could not be found
(biblatex)                in the database:
(biblatex)                Ajmone1984
(biblatex)                Please verify the spelling and rerun
(biblatex)                LaTeX afterwards.


Package biblatex Warning: The following entry could not be found
(biblatex)                in the database:
(biblatex)                Blaetke2015
(biblatex)                Please verify the spelling and rerun
(biblatex)                LaTeX afterwards.


Package biblatex Warning: The following entry could not be found
(biblatex)                in the database:
(biblatex)                David1992
(biblatex)                Please verify the spelling and rerun
(biblatex)                LaTeX afterwards.


Package biblatex Warning: The following entry could not be found
(biblatex)                in the database:
(biblatex)                Feinberg1987
(biblatex)                Please verify the spelling and rerun
(biblatex)                LaTeX afterwards.


Package biblatex Warning: The following entry could not be found
(biblatex)                in the database:
(biblatex)                Funahashi2003
(biblatex)                Please verify the spelling and rerun
(biblatex)                LaTeX afterwards.


Package biblatex Warning: The following entry could not be found
(biblatex)                in the database:
(biblatex)                Haseltine2002
(biblatex)                Please verify the spelling and rerun
(biblatex)                LaTeX afterwards.


Package biblatex Warning: The following entry could not be found
(biblatex)                in the database:
(biblatex)                Heiner2012
(biblatex)                Please verify the spelling and rerun
(biblatex)                LaTeX afterwards.


Package biblatex Warning: The following entry could not be found
(biblatex)                in the database:
(biblatex)                Heiner2015
(biblatex)                Please verify the spelling and rerun
(biblatex)                LaTeX afterwards.


Package biblatex Warning: The following entry could not be found
(biblatex)                in the database:
(biblatex)                Hofestaedt1994
(biblatex)                Please verify the spelling and rerun
(biblatex)                LaTeX afterwards.


Package biblatex Warning: The following entry could not be found
(biblatex)                in the database:
(biblatex)                Hucka2003
(biblatex)                Please verify the spelling and rerun
(biblatex)                LaTeX afterwards.


Package biblatex Warning: The following entry could not be found
(biblatex)                in the database:
(biblatex)                Jensen1981
(biblatex)                Please verify the spelling and rerun
(biblatex)                LaTeX afterwards.


Package biblatex Warning: The following entry could not be found
(biblatex)                in the database:
(biblatex)                Kauffman1969
(biblatex)                Please verify the spelling and rerun
(biblatex)                LaTeX afterwards.


Package biblatex Warning: The following entry could not be found
(biblatex)                in the database:
(biblatex)                Kitano2002
(biblatex)                Please verify the spelling and rerun
(biblatex)                LaTeX afterwards.


Package biblatex Warning: The following entry could not be found
(biblatex)                in the database:
(biblatex)                Koch2011
(biblatex)                Please verify the spelling and rerun
(biblatex)                LaTeX afterwards.


Package biblatex Warning: The following entry could not be found
(biblatex)                in the database:
(biblatex)                Liu2013
(biblatex)                Please verify the spelling and rerun
(biblatex)                LaTeX afterwards.


Package biblatex Warning: The following entry could not be found
(biblatex)                in the database:
(biblatex)                Marwan2011
(biblatex)                Please verify the spelling and rerun
(biblatex)                LaTeX afterwards.


Package biblatex Warning: The following entry could not be found
(biblatex)                in the database:
(biblatex)                Mazurkiewicz1987
(biblatex)                Please verify the spelling and rerun
(biblatex)                LaTeX afterwards.


Package biblatex Warning: The following entry could not be found
(biblatex)                in the database:
(biblatex)                Merlin1974
(biblatex)                Please verify the spelling and rerun
(biblatex)                LaTeX afterwards.


Package biblatex Warning: The following entry could not be found
(biblatex)                in the database:
(biblatex)                Milner1980
(biblatex)                Please verify the spelling and rerun
(biblatex)                LaTeX afterwards.


Package biblatex Warning: The following entry could not be found
(biblatex)                in the database:
(biblatex)                Milner1992
(biblatex)                Please verify the spelling and rerun
(biblatex)                LaTeX afterwards.


Package biblatex Warning: The following entry could not be found
(biblatex)                in the database:
(biblatex)                Molloy1981
(biblatex)                Please verify the spelling and rerun
(biblatex)                LaTeX afterwards.


Package biblatex Warning: The following entry could not be found
(biblatex)                in the database:
(biblatex)                Nagasaki2010
(biblatex)                Please verify the spelling and rerun
(biblatex)                LaTeX afterwards.


Package biblatex Warning: The following entry could not be found
(biblatex)                in the database:
(biblatex)                Priami1995
(biblatex)                Please verify the spelling and rerun
(biblatex)                LaTeX afterwards.


Package biblatex Warning: The following entry could not be found
(biblatex)                in the database:
(biblatex)                Ramchandani1974
(biblatex)                Please verify the spelling and rerun
(biblatex)                LaTeX afterwards.


Package biblatex Warning: The following entry could not be found
(biblatex)                in the database:
(biblatex)                Schaff1997
(biblatex)                Please verify the spelling and rerun
(biblatex)                LaTeX afterwards.


Package biblatex Warning: The following entry could not be found
(biblatex)                in the database:
(biblatex)                Tomita1999
(biblatex)                Please verify the spelling and rerun
(biblatex)                LaTeX afterwards.


Package biblatex Warning: The following entry could not be found
(biblatex)                in the database:
(biblatex)                Varma1994
(biblatex)                Please verify the spelling and rerun
(biblatex)                LaTeX afterwards.

)
Package biblatex Info: Reference section=0 on input line 29.
Package biblatex Info: Reference segment=0 on input line 29.
 (/usr/share/texlive/texmf-dist/tex/context/base/mkii/supp-pdf.mkii
[Loading MPS to PDF converter (version 2006.09.02).]
\scratchcounter=\count493
\scratchdimen=\dimen315
\scratchbox=\box100
\nofMPsegments=\count494
\nofMParguments=\count495
\everyMPshowfont=\toks55
\MPscratchCnt=\count496
\MPscratchDim=\dimen316
\MPnumerator=\count497
\makeMPintoPDFobject=\count498
\everyMPtoPDFconversion=\toks56
) (/usr/share/texlive/texmf-dist/tex/latex/epstopdf-pkg/epstopdf-base.sty
Package: epstopdf-base 2020-01-24 v2.11 Base part for package epstopdf
Package epstopdf-base Info: Redefining graphics rule for `.eps' on input line 4
85.

(/usr/share/texlive/texmf-dist/tex/latex/latexconfig/epstopdf-sys.cfg
File: epstopdf-sys.cfg 2010/07/13 v1.3 Configuration of (r)epstopdf for TeX Liv
e
))

Package chemgreek Info: Activating mapping `default' on line 29.

Package caption Info: Begin \AtBeginDocument code.
Package caption Info: subfig package v1.3 is loaded.
Package caption Info: hyperref package is loaded.
Package caption Info: listings package is loaded.
Package caption Info: End \AtBeginDocument code.
\c@lstlisting=\count499
Package scrhack Info: undefining \float@addtolists on input line 29.
LaTeX Info: Redefining \microtypecontext on input line 29.
Package microtype Info: Applying patch `item' on input line 29.
Package microtype Info: Applying patch `toc' on input line 29.
Package microtype Info: Applying patch `eqnum' on input line 29.
Package microtype Info: Applying patch `footnote' on input line 29.
Package microtype Info: Applying patch `verbatim' on input line 29.
Package microtype Info: Generating PDF output.
Package microtype Info: Character protrusion enabled (level 2).
Package microtype Info: Using default protrusion set `alltext'.
Package microtype Info: Automatic font expansion enabled (level 2),
(microtype)             stretch: 20, shrink: 20, step: 1, non-selected.
Package microtype Info: Using default expansion set `alltext-nott'.
LaTeX Info: Redefining \showhyphens on input line 29.
Package microtype Info: No adjustment of tracking.
Package microtype Info: No adjustment of interword spacing.
Package microtype Info: No adjustment of character kerning.

(/usr/share/texlive/texmf-dist/tex/latex/microtype/mt-ppl.cfg
File: mt-ppl.cfg 2005/11/16 v1.6 microtype config. file: Palatino (RS)
)
\c@listings=\count500
\cftbeforelistingsskip=\skip169
\cftlistingsindent=\skip170
\cftlistingsnumwidth=\skip171
\c@loldepth=\count501
\cftbeforeloltitleskip=\skip172
\cftafterloltitleskip=\skip173
\listingslabelwidth=\skip174
Package hyperref Info: Link coloring ON on input line 29.
 (./thesis.out)
(./thesis.out)
\@outlinefile=\write5
\openout5 = `thesis.out'.

Class scrreprt Info: loading recommended package `bookmark'.
(scrreprt)           Using `bookmark' together with `hyperref' is recommended,
(scrreprt)           because of handling of possible bookmark level gaps.
(scrreprt)           You can avoid loading `bookmark' with KOMA-Script option
(scrreprt)           `bookmarkpackage=false' before \begin{document} and
(scrreprt)           you can avoid this message adding:
(scrreprt)             \usepackage{bookmark}
(scrreprt)           before \begin{document} on input line 29.
 (/usr/share/texlive/texmf-dist/tex/latex/bookmark/bookmark.sty
Package: bookmark 2023-12-10 v1.31 PDF bookmarks (HO)

(/usr/share/texlive/texmf-dist/tex/latex/bookmark/bkm-pdftex.def
File: bkm-pdftex.def 2023-12-10 v1.31 bookmark driver for pdfTeX and luaTeX (HO
)
\BKM@id=\count502
))
\openout2 = `FrontBackmatter/Titlepage.aux'.


(./FrontBackmatter/Titlepage.tex
! Missing number, treated as zero.
<to be read again> 
                   Y
l.24     [Your University Name]
                               \par}
A number should have been here; I inserted `0'.
(If you can't figure out why I needed to see a number,
look up `weird error' in the index to The TeXbook.)

! Illegal unit of measure (pt inserted).
<to be read again> 
                   Y
l.24     [Your University Name]
                               \par}
Dimensions can be in units of em, ex, in, pt, pc,
cm, mm, dd, cc, nd, nc, bp, or sp; but yours is a new one!
I'll assume that you meant to say pt, for printer's points.
To recover gracefully from this error, it's best to
delete the erroneous units; e.g., type `2' to delete
two letters. (See Chapter 27 of The TeXbook.)


! Package calc Error: `Y' invalid at this point.

See the calc package documentation for explanation.
Type  H <return>  for immediate help.
 ...                                              
                                                  
l.24     [Your University Name]
                               \par}
I expected to see one of: + - * / )

! Extra }, or forgotten \endgroup.
l.24     [Your University Name]\par}
                                    
I've deleted a group-closing symbol because it seems to be
spurious, as in `$x}$'. But perhaps the } is legitimate and
you forgot something else, as in `\hbox{$x}'. In such cases
the way to recover is to insert both the forgotten and the
deleted material, e.g., by typing `I$}'.

! Missing } inserted.
<inserted text> 
                }
l.32 \endgroup
              
I've inserted something that you may have forgotten.
(See the <inserted text> above.)
With luck, this will get me unwedged. But if you
really didn't forget anything, try typing `2' now; then
my insertion and my current dilemma will both disappear.

)
Overfull \vbox (6.51149pt too high) has occurred while \output is active []


[1


{/var/lib/texmf/fonts/map/pdftex/updmap/pdftex.map}{/usr/share/texlive/texmf-di
st/fonts/enc/dvips/base/8r.enc}]
\openout2 = `FrontBackmatter/Titleback.aux'.

 (./FrontBackmatter/Titleback.tex)
Overfull \vbox (6.51149pt too high) has occurred while \output is active []


[2







]
\openout2 = `FrontBackmatter/Abstract.aux'.

 (./FrontBackmatter/Abstract.tex
LaTeX Font Info:    Trying to load font information for OT1+pplx on input line 
2.

(/usr/share/texlive/texmf-dist/tex/latex/psnfss/ot1pplx.fd
File: ot1pplx.fd 2004/09/06 font definitions for OT1/pplx.
)
LaTeX Font Info:    Trying to load font information for OML+zplm on input line 
2.

(/usr/share/texlive/texmf-dist/tex/latex/psnfss/omlzplm.fd
File: omlzplm.fd 2002/09/08 Fontinst v1.914 font definitions for OML/zplm.
)
LaTeX Font Info:    Trying to load font information for OMS+zplm on input line 
2.

(/usr/share/texlive/texmf-dist/tex/latex/psnfss/omszplm.fd
File: omszplm.fd 2002/09/08 Fontinst v1.914 font definitions for OMS/zplm.
)
LaTeX Font Info:    Trying to load font information for OMX+zplm on input line 
2.

(/usr/share/texlive/texmf-dist/tex/latex/psnfss/omxzplm.fd
File: omxzplm.fd 2002/09/08 Fontinst v1.914 font definitions for OMX/zplm.
)
LaTeX Font Info:    Font shape `U/msa/m/n' will be
(Font)              scaled to size 11.40997pt on input line 2.

(/usr/share/texlive/texmf-dist/tex/latex/microtype/mt-msa.cfg
File: mt-msa.cfg 2006/02/04 v1.1 microtype config. file: AMS symbols (a) (RS)
)
LaTeX Font Info:    Font shape `U/msa/m/n' will be
(Font)              scaled to size 8.33606pt on input line 2.
LaTeX Font Info:    Font shape `U/msa/m/n' will be
(Font)              scaled to size 6.25204pt on input line 2.
LaTeX Font Info:    Font shape `U/msb/m/n' will be
(Font)              scaled to size 11.40997pt on input line 2.

(/usr/share/texlive/texmf-dist/tex/latex/microtype/mt-msb.cfg
File: mt-msb.cfg 2005/06/01 v1.0 microtype config. file: AMS symbols (b) (RS)
)
LaTeX Font Info:    Font shape `U/msb/m/n' will be
(Font)              scaled to size 8.33606pt on input line 2.
LaTeX Font Info:    Font shape `U/msb/m/n' will be
(Font)              scaled to size 6.25204pt on input line 2.
LaTeX Font Info:    Trying to load font information for OT1+zplm on input line 
2.

(/usr/share/texlive/texmf-dist/tex/latex/psnfss/ot1zplm.fd
File: ot1zplm.fd 2002/09/08 Fontinst v1.914 font definitions for OT1/zplm.
)
Package microtype Info: Loading generic protrusion settings for font family
(microtype)             `zplm' (encoding: OT1).
(microtype)             For optimal results, create family-specific settings.
(microtype)             See the microtype manual for details.
LaTeX Font Info:    Trying to load font information for TS1+pplj on input line 
9.

(/usr/share/texlive/texmf-dist/tex/latex/psnfss/ts1pplj.fd
File: ts1pplj.fd 2004/09/06 font definitions for TS1/pplj.
)
LaTeX Font Info:    Font shape `U/msa/m/n' will be
(Font)              scaled to size 10.42007pt on input line 25.
LaTeX Font Info:    Font shape `U/msa/m/n' will be
(Font)              scaled to size 7.91925pt on input line 25.
LaTeX Font Info:    Font shape `U/msb/m/n' will be
(Font)              scaled to size 10.42007pt on input line 25.
LaTeX Font Info:    Font shape `U/msb/m/n' will be
(Font)              scaled to size 7.91925pt on input line 25.

Overfull \vbox (6.51149pt too high) has occurred while \output is active []


[3



])
Overfull \vbox (6.51149pt too high) has occurred while \output is active []


[4]
\openout2 = `FrontBackmatter/Acknowledgments.aux'.

 (./FrontBackmatter/Acknowledgments.tex)
Overfull \vbox (6.51149pt too high) has occurred while \output is active []


[5







]
Overfull \vbox (6.51149pt too high) has occurred while \output is active []


[6




]
\openout2 = `FrontBackmatter/Contents.aux'.

 (./FrontBackmatter/Contents.tex
Package tocbasic Info: character protrusion at toc deactivated on input line 3.

 (./thesis.toc

! Package xcolor Error: Undefined color `CTtitle'.

See the xcolor package documentation for explanation.
Type  H <return>  for immediate help.
 ...                                              
                                                  
l.4 ...}{Introduction and Foundations}}{1}{part.1}
                                                  %
Try typing  <return>  to proceed.
If that doesn't work, type  X <return>  to quit.

Package microtype Info: Character `029' is missing
(microtype)             in font `T1/pplj/m/sc/10.95'.
(microtype)             Ignoring protrusion settings for this character.

! Package xcolor Error: Undefined color `CTlink'.

See the xcolor package documentation for explanation.
Type  H <return>  for immediate help.
 ...                                              
                                                  
l.5 ...numberline {1}{Introduction}}{2}{chapter.1}
                                                  %
Try typing  <return>  to proceed.
If that doesn't work, type  X <return>  to quit.


! Package xcolor Error: Undefined color `CTlink'.

See the xcolor package documentation for explanation.
Type  H <return>  for immediate help.
 ...                                              
                                                  
l.6 ...The Integration Challenge}}{2}{section.1.1}
                                                  %
Try typing  <return>  to proceed.
If that doesn't work, type  X <return>  to quit.


! Package xcolor Error: Undefined color `CTlink'.

See the xcolor package documentation for explanation.
Type  H <return>  for immediate help.
 ...                                              
                                                  
l.7 ...le: The Lac Operon System}}{3}{section.1.2}
                                                  %
Try typing  <return>  to proceed.
If that doesn't work, type  X <return>  to quit.


! Package xcolor Error: Undefined color `CTlink'.

See the xcolor package documentation for explanation.
Type  H <return>  for immediate help.
 ...                                              
                                                  
l.8 ...iological Background}}{3}{subsection.1.2.1}
                                                  %
Try typing  <return>  to proceed.
If that doesn't work, type  X <return>  to quit.


! Package xcolor Error: Undefined color `CTlink'.

See the xcolor package documentation for explanation.
Type  H <return>  for immediate help.
 ...                                              
                                                  
l.12 ...Existing Formalisms}}{3}{subsection.1.2.2}
                                                  %
Try typing  <return>  to proceed.
If that doesn't work, type  X <return>  to quit.


! Package xcolor Error: Undefined color `CTlink'.

See the xcolor package documentation for explanation.
Type  H <return>  for immediate help.
 ...                                              
                                                  
l.17 ...2.3}{What Is Needed}}{4}{subsection.1.2.3}
                                                  %
Try typing  <return>  to proceed.
If that doesn't work, type  X <return>  to quit.


! Package xcolor Error: Undefined color `CTlink'.

See the xcolor package documentation for explanation.
Type  H <return>  for immediate help.
 ...                                              
                                                  
l.18 ...{1.3}{Research Questions}}{5}{section.1.3}
                                                  %
Try typing  <return>  to proceed.
If that doesn't work, type  X <return>  to quit.


! Package xcolor Error: Undefined color `CTlink'.

See the xcolor package documentation for explanation.
Type  H <return>  for immediate help.
 ...                                              
                                                  
l.19 ...(Weak Independence)}}{5}{subsection.1.3.1}
                                                  %
Try typing  <return>  to proceed.
If that doesn't work, type  X <return>  to quit.


! Package xcolor Error: Undefined color `CTlink'.

See the xcolor package documentation for explanation.
Type  H <return>  for immediate help.
 ...                                              
                                                  
l.20 ...us Transition Types}}{5}{subsection.1.3.2}
                                                  %
Try typing  <return>  to proceed.
If that doesn't work, type  X <return>  to quit.


! Package xcolor Error: Undefined color `CTlink'.

See the xcolor package documentation for explanation.
Type  H <return>  for immediate help.
 ...                                              
                                                  
l.21 ...rc-Level Regulation}}{6}{subsection.1.3.3}
                                                  %
Try typing  <return>  to proceed.
If that doesn't work, type  X <return>  to quit.


! Package xcolor Error: Undefined color `CTlink'.

See the xcolor package documentation for explanation.
Type  H <return>  for immediate help.
 ...                                              
                                                  
l.22 ...Atomic Conservation}}{6}{subsection.1.3.4}
                                                  %
Try typing  <return>  to proceed.
If that doesn't work, type  X <return>  to quit.


! Package xcolor Error: Undefined color `CTlink'.

See the xcolor package documentation for explanation.
Type  H <return>  for immediate help.
 ...                                              
                                                  
l.23 ...Biological Validity}}{7}{subsection.1.3.5}
                                                  %
Try typing  <return>  to proceed.
If that doesn't work, type  X <return>  to quit.


! Package xcolor Error: Undefined color `CTlink'.

See the xcolor package documentation for explanation.
Type  H <return>  for immediate help.
 ...                                              
                                                  
l.24 ...tical Applicability}}{7}{subsection.1.3.6}
                                                  %
Try typing  <return>  to proceed.
If that doesn't work, type  X <return>  to quit.


! Package xcolor Error: Undefined color `CTlink'.

See the xcolor package documentation for explanation.
Type  H <return>  for immediate help.
 ...                                              
                                                  
l.25 ....4}{Thesis Contributions}}{8}{section.1.4}
                                                  %
Try typing  <return>  to proceed.
If that doesn't work, type  X <return>  to quit.


! Package xcolor Error: Undefined color `CTlink'.

See the xcolor package documentation for explanation.
Type  H <return>  for immediate help.
 ...                                              
                                                  
l.26 ...rt II: Core Theory)}}{8}{subsection.1.4.1}
                                                  %
Try typing  <return>  to proceed.
If that doesn't work, type  X <return>  to quit.


! Package xcolor Error: Undefined color `CTlink'.

See the xcolor package documentation for explanation.
Type  H <return>  for immediate help.
 ...                                              
                                                  
l.30 ...pirical Validation)}}{9}{subsection.1.4.2}
                                                  %
Try typing  <return>  to proceed.
If that doesn't work, type  X <return>  to quit.


! Package xcolor Error: Undefined color `CTlink'.

See the xcolor package documentation for explanation.
Type  H <return>  for immediate help.
 ...                                              
                                                  
l.32 ... Supporting Tools)}}{10}{subsection.1.4.3}
                                                  %
Try typing  <return>  to proceed.
If that doesn't work, type  X <return>  to quit.


! Package xcolor Error: Undefined color `CTlink'.

See the xcolor package documentation for explanation.
Type  H <return>  for immediate help.
 ...                                              
                                                  
l.37 ....4}{Impact Summary}}{11}{subsection.1.4.4}
                                                  %
Try typing  <return>  to proceed.
If that doesn't work, type  X <return>  to quit.


! Package xcolor Error: Undefined color `CTlink'.

See the xcolor package documentation for explanation.
Type  H <return>  for immediate help.
 ...                                              
                                                  
l.38 ...5}{Research Methodology}}{12}{section.1.5}
                                                  %
Try typing  <return>  to proceed.
If that doesn't work, type  X <return>  to quit.


! Package xcolor Error: Undefined color `CTlink'.

See the xcolor package documentation for explanation.
Type  H <return>  for immediate help.
 ...                                              
                                                  
l.39 ...malism Development}}{12}{subsection.1.5.1}
                                                  %
Try typing  <return>  to proceed.
If that doesn't work, type  X <return>  to quit.


! Package xcolor Error: Undefined color `CTlink'.

See the xcolor package documentation for explanation.
Type  H <return>  for immediate help.
 ...                                              
                                                  
l.40 ...alidation Strategy}}{13}{subsection.1.5.2}
                                                  %
Try typing  <return>  to proceed.
If that doesn't work, type  X <return>  to quit.


! Package xcolor Error: Undefined color `CTlink'.

See the xcolor package documentation for explanation.
Type  H <return>  for immediate help.
 ...                                              
                                                  
l.41 ...ntation Validation}}{13}{subsection.1.5.3}
                                                  %
Try typing  <return>  to proceed.
If that doesn't work, type  X <return>  to quit.


! Package xcolor Error: Undefined color `CTlink'.

See the xcolor package documentation for explanation.
Type  H <return>  for immediate help.
 ...                                              
                                                  
l.42 ...s Scope and Limitations}}{14}{section.1.6}
                                                  %
Try typing  <return>  to proceed.
If that doesn't work, type  X <return>  to quit.


! Package xcolor Error: Undefined color `CTlink'.

See the xcolor package documentation for explanation.
Type  H <return>  for immediate help.
 ...                                              
                                                  
l.43 ...e {1.6.1}{In Scope}}{14}{subsection.1.6.1}
                                                  %
Try typing  <return>  to proceed.
If that doesn't work, type  X <return>  to quit.


! Package xcolor Error: Undefined color `CTlink'.

See the xcolor package documentation for explanation.
Type  H <return>  for immediate help.
 ...                                              
                                                  
l.44 ....6.2}{Out of Scope}}{14}{subsection.1.6.2}
                                                  %
Try typing  <return>  to proceed.
If that doesn't work, type  X <return>  to quit.


! Package xcolor Error: Undefined color `CTlink'.

See the xcolor package documentation for explanation.
Type  H <return>  for immediate help.
 ...                                              
                                                  
l.45 ...1.6.3}{Assumptions}}{15}{subsection.1.6.3}
                                                  %
Try typing  <return>  to proceed.
If that doesn't work, type  X <return>  to quit.


! Package xcolor Error: Undefined color `CTlink'.

See the xcolor package documentation for explanation.
Type  H <return>  for immediate help.
 ...                                              
                                                  
l.46 ....7}{Thesis Organization}}{15}{section.1.7}
                                                  %
Try typing  <return>  to proceed.
If that doesn't work, type  X <return>  to quit.


! Package xcolor Error: Undefined color `CTlink'.

See the xcolor package documentation for explanation.
Type  H <return>  for immediate help.
 ...                                              
                                                  
l.47 ...ine {1.8}{Reading Guide}}{16}{section.1.8}
                                                  %
Try typing  <return>  to proceed.
If that doesn't work, type  X <return>  to quit.


! Package xcolor Error: Undefined color `CTlink'.

See the xcolor package documentation for explanation.
Type  H <return>  for immediate help.
 ...                                              
                                                  
l.53 ...umberline {1.9}{Summary}}{17}{section.1.9}
                                                  %
Try typing  <return>  to proceed.
If that doesn't work, type  X <return>  to quit.


! Package xcolor Error: Undefined color `CTlink'.

See the xcolor package documentation for explanation.
Type  H <return>  for immediate help.
 ...                                              
                                                  
l.54 ...ckground and Related Work}}{19}{chapter.2}
                                                  %
Try typing  <return>  to proceed.
If that doesn't work, type  X <return>  to quit.


! Package xcolor Error: Undefined color `CTlink'.

See the xcolor package documentation for explanation.
Type  H <return>  for immediate help.
 ...                                              
                                                  
l.55 ...{Petri Net Fundamentals}}{19}{section.2.1}
                                                  %
Try typing  <return>  to proceed.
If that doesn't work, type  X <return>  to quit.


! Package xcolor Error: Undefined color `CTlink'.

See the xcolor package documentation for explanation.
Type  H <return>  for immediate help.
 ...                                              
                                                  
l.56 ...assical Petri Nets}}{19}{subsection.2.1.1}
                                                  %
Try typing  <return>  to proceed.
If that doesn't work, type  X <return>  to quit.


! Package xcolor Error: Undefined color `CTlink'.

See the xcolor package documentation for explanation.
Type  H <return>  for immediate help.
 ...                                              
                                                  
l.57 ...etri Net Semantics}}{20}{subsection.2.1.2}
                                                  %
Try typing  <return>  to proceed.
If that doesn't work, type  X <return>  to quit.


! Package xcolor Error: Undefined color `CTlink'.

See the xcolor package documentation for explanation.
Type  H <return>  for immediate help.
 ...                                              
                                                  
l.58 ...tri Net Properties}}{20}{subsection.2.1.3}
                                                  %
Try typing  <return>  to proceed.
If that doesn't work, type  X <return>  to quit.


! Package xcolor Error: Undefined color `CTlink'.

See the xcolor package documentation for explanation.
Type  H <return>  for immediate help.
 ...                                              
                                                  
l.59 ...iological Modeling}}{21}{subsection.2.1.4}
                                                  %
Try typing  <return>  to proceed.
If that doesn't work, type  X <return>  to quit.


! Package xcolor Error: Undefined color `CTlink'.

See the xcolor package documentation for explanation.
Type  H <return>  for immediate help.
 ...                                              
                                                  
l.60 ...2}{Petri Net Extensions}}{21}{section.2.2}
                                                  %
Try typing  <return>  to proceed.
If that doesn't work, type  X <return>  to quit.


! Package xcolor Error: Undefined color `CTlink'.

See the xcolor package documentation for explanation.
Type  H <return>  for immediate help.
 ...                                              
                                                  
l.61 ...d Petri Nets (CPN)}}{21}{subsection.2.2.1}
                                                  %
Try typing  <return>  to proceed.
If that doesn't work, type  X <return>  to quit.


Overfull \vbox (6.51149pt too high) has occurred while \output is active []


[7



]

! Package xcolor Error: Undefined color `CTlink'.

See the xcolor package documentation for explanation.
Type  H <return>  for immediate help.
 ...                                              
                                                  
l.62 ...}{Timed Petri Nets}}{22}{subsection.2.2.2}
                                                  %
Try typing  <return>  to proceed.
If that doesn't work, type  X <return>  to quit.


! Package xcolor Error: Undefined color `CTlink'.

See the xcolor package documentation for explanation.
Type  H <return>  for immediate help.
 ...                                              
                                                  
l.63 ...c Petri Nets (SPN)}}{22}{subsection.2.2.3}
                                                  %
Try typing  <return>  to proceed.
If that doesn't work, type  X <return>  to quit.


! Package xcolor Error: Undefined color `CTlink'.

See the xcolor package documentation for explanation.
Type  H <return>  for immediate help.
 ...                                              
                                                  
l.64 ...{Hybrid Petri Nets}}{23}{subsection.2.2.4}
                                                  %
Try typing  <return>  to proceed.
If that doesn't work, type  X <return>  to quit.


! Package xcolor Error: Undefined color `CTlink'.

See the xcolor package documentation for explanation.
Type  H <return>  for immediate help.
 ...                                              
                                                  
l.65 ...Comparison Summary}}{24}{subsection.2.2.5}
                                                  %
Try typing  <return>  to proceed.
If that doesn't work, type  X <return>  to quit.


! Package xcolor Error: Undefined color `CTlink'.

See the xcolor package documentation for explanation.
Type  H <return>  for immediate help.
 ...                                              
                                                  
l.66 ...cal Petri Nets (Bio-PN)}}{24}{section.2.3}
                                                  %
Try typing  <return>  to proceed.
If that doesn't work, type  X <return>  to quit.


! Package xcolor Error: Undefined color `CTlink'.

See the xcolor package documentation for explanation.
Type  H <return>  for immediate help.
 ...                                              
                                                  
l.67 ...Early Work (1990s)}}{24}{subsection.2.3.1}
                                                  %
Try typing  <return>  to proceed.
If that doesn't work, type  X <return>  to quit.


! Package xcolor Error: Undefined color `CTlink'.

See the xcolor package documentation for explanation.
Type  H <return>  for immediate help.
 ...                                              
                                                  
l.68 ...ve Bio-PNs (2000s)}}{24}{subsection.2.3.2}
                                                  %
Try typing  <return>  to proceed.
If that doesn't work, type  X <return>  to quit.


! Package xcolor Error: Undefined color `CTlink'.

See the xcolor package documentation for explanation.
Type  H <return>  for immediate help.
 ...                                              
                                                  
l.69 ...antitative Bio-PNs}}{25}{subsection.2.3.3}
                                                  %
Try typing  <return>  to proceed.
If that doesn't work, type  X <return>  to quit.


! Package xcolor Error: Undefined color `CTlink'.

See the xcolor package documentation for explanation.
Type  H <return>  for immediate help.
 ...                                              
                                                  
l.70 ...ents (2010s-2020s)}}{25}{subsection.2.3.4}
                                                  %
Try typing  <return>  to proceed.
If that doesn't work, type  X <return>  to quit.


! Package xcolor Error: Undefined color `CTlink'.

See the xcolor package documentation for explanation.
Type  H <return>  for immediate help.
 ...                                              
                                                  
l.71 ....3.5}{Gap Analysis}}{26}{subsection.2.3.5}
                                                  %
Try typing  <return>  to proceed.
If that doesn't work, type  X <return>  to quit.


! Package xcolor Error: Undefined color `CTlink'.

See the xcolor package documentation for explanation.
Type  H <return>  for immediate help.
 ...                                              
                                                  
l.72 ...ale Biological Modeling}}{27}{section.2.4}
                                                  %
Try typing  <return>  to proceed.
If that doesn't work, type  X <return>  to quit.


! Package xcolor Error: Undefined color `CTlink'.

See the xcolor package documentation for explanation.
Type  H <return>  for immediate help.
 ...                                              
                                                  
l.73 ...olic Models (GSMM)}}{27}{subsection.2.4.1}
                                                  %
Try typing  <return>  to proceed.
If that doesn't work, type  X <return>  to quit.


! Package xcolor Error: Undefined color `CTlink'.

See the xcolor package documentation for explanation.
Type  H <return>  for immediate help.
 ...                                              
                                                  
l.74 ...ory Networks (GRN)}}{27}{subsection.2.4.2}
                                                  %
Try typing  <return>  to proceed.
If that doesn't work, type  X <return>  to quit.


! Package xcolor Error: Undefined color `CTlink'.

See the xcolor package documentation for explanation.
Type  H <return>  for immediate help.
 ...                                              
                                                  
l.75 ...egrated Approaches}}{28}{subsection.2.4.3}
                                                  %
Try typing  <return>  to proceed.
If that doesn't work, type  X <return>  to quit.


! Package xcolor Error: Undefined color `CTlink'.

See the xcolor package documentation for explanation.
Type  H <return>  for immediate help.
 ...                                              
                                                  
l.76 ...roaches Fall Short}}{29}{subsection.2.4.4}
                                                  %
Try typing  <return>  to proceed.
If that doesn't work, type  X <return>  to quit.


! Package xcolor Error: Undefined color `CTlink'.

See the xcolor package documentation for explanation.
Type  H <return>  for immediate help.
 ...                                              
                                                  
l.77 ...Standards and Databases}}{29}{section.2.5}
                                                  %
Try typing  <return>  to proceed.
If that doesn't work, type  X <return>  to quit.


! Package xcolor Error: Undefined color `CTlink'.

See the xcolor package documentation for explanation.
Type  H <return>  for immediate help.
 ...                                              
                                                  
l.78 ...y Markup Language)}}{29}{subsection.2.5.1}
                                                  %
Try typing  <return>  to proceed.
If that doesn't work, type  X <return>  to quit.


Overfull \hbox (7.60509pt too wide) in paragraph at lines 78--78
 [][] []\T1/pplj/m/n/10.95 (-20) SBML (Systems Biology Markup Lan-guage) []  
 []


! Package xcolor Error: Undefined color `CTlink'.

See the xcolor package documentation for explanation.
Type  H <return>  for immediate help.
 ...                                              
                                                  
l.79 ...Genes and Genomes)}}{30}{subsection.2.5.2}
                                                  %
Try typing  <return>  to proceed.
If that doesn't work, type  X <return>  to quit.


Overfull \hbox (46.96393pt too wide) in paragraph at lines 79--79
 [][] []\T1/pplj/m/n/10.95 (-20) KEGG (Ky-oto En-cy-clo-pe-dia of Genes and Gen
omes) []  
 []


! Package xcolor Error: Undefined color `CTlink'.

See the xcolor package documentation for explanation.
Type  H <return>  for immediate help.
 ...                                              
                                                  
l.80 ... (Enzyme Database)}}{30}{subsection.2.5.3}
                                                  %
Try typing  <return>  to proceed.
If that doesn't work, type  X <return>  to quit.


! Package xcolor Error: Undefined color `CTlink'.

See the xcolor package documentation for explanation.
Type  H <return>  for immediate help.
 ...                                              
                                                  
l.81 ...4}{Other Databases}}{31}{subsection.2.5.4}
                                                  %
Try typing  <return>  to proceed.
If that doesn't work, type  X <return>  to quit.


! Package xcolor Error: Undefined color `CTlink'.

See the xcolor package documentation for explanation.
Type  H <return>  for immediate help.
 ...                                              
                                                  
l.82 ...ine {2.6}{Related Tools}}{31}{section.2.6}
                                                  %
Try typing  <return>  to proceed.
If that doesn't work, type  X <return>  to quit.


! Package xcolor Error: Undefined color `CTlink'.

See the xcolor package documentation for explanation.
Type  H <return>  for immediate help.
 ...                                              
                                                  
l.83 ...ity of Technology)}}{31}{subsection.2.6.1}
                                                  %
Try typing  <return>  to proceed.
If that doesn't work, type  X <return>  to quit.


! Package xcolor Error: Undefined color `CTlink'.

See the xcolor package documentation for explanation.
Type  H <return>  for immediate help.
 ...                                              
                                                  
l.84 ...iversity of Tokyo)}}{32}{subsection.2.6.2}
                                                  %
Try typing  <return>  to proceed.
If that doesn't work, type  X <return>  to quit.


! Package xcolor Error: Undefined color `CTlink'.

See the xcolor package documentation for explanation.
Type  H <return>  for immediate help.
 ...                                              
                                                  
l.85 ...Pathway Simulator)}}{32}{subsection.2.6.3}
                                                  %
Try typing  <return>  to proceed.
If that doesn't work, type  X <return>  to quit.


! Package xcolor Error: Undefined color `CTlink'.

See the xcolor package documentation for explanation.
Type  H <return>  for immediate help.
 ...                                              
                                                  
l.86 ...Biology Institute)}}{33}{subsection.2.6.4}
                                                  %
Try typing  <return>  to proceed.
If that doesn't work, type  X <return>  to quit.


! Package xcolor Error: Undefined color `CTlink'.

See the xcolor package documentation for explanation.
Type  H <return>  for immediate help.
 ...                                              
                                                  
l.87 ...ie (Model Checker)}}{33}{subsection.2.6.5}
                                                  %
Try typing  <return>  to proceed.
If that doesn't work, type  X <return>  to quit.


! Package xcolor Error: Undefined color `CTlink'.

See the xcolor package documentation for explanation.
Type  H <return>  for immediate help.
 ...                                              
                                                  
l.88 ...Comparison Summary}}{34}{subsection.2.6.6}
                                                  %
Try typing  <return>  to proceed.
If that doesn't work, type  X <return>  to quit.


! Package xcolor Error: Undefined color `CTlink'.

See the xcolor package documentation for explanation.
Type  H <return>  for immediate help.
 ...                                              
                                                  
l.89 ...Theoretical Foundations}}{34}{section.2.7}
                                                  %
Try typing  <return>  to proceed.
If that doesn't work, type  X <return>  to quit.


! Package xcolor Error: Undefined color `CTlink'.

See the xcolor package documentation for explanation.
Type  H <return>  for immediate help.
 ...                                              
                                                  
l.90 ...Concurrency Theory}}{34}{subsection.2.7.1}
                                                  %
Try typing  <return>  to proceed.
If that doesn't work, type  X <return>  to quit.


! Package xcolor Error: Undefined color `CTlink'.

See the xcolor package documentation for explanation.
Type  H <return>  for immediate help.
 ...                                              
                                                  
l.91 ...2}{Process Calculi}}{35}{subsection.2.7.2}
                                                  %
Try typing  <return>  to proceed.
If that doesn't work, type  X <return>  to quit.


! Package xcolor Error: Undefined color `CTlink'.

See the xcolor package documentation for explanation.
Type  H <return>  for immediate help.
 ...                                              
                                                  
l.92 ...ion Network Theory}}{36}{subsection.2.7.3}
                                                  %
Try typing  <return>  to proceed.
If that doesn't work, type  X <return>  to quit.


! Package xcolor Error: Undefined color `CTlink'.

See the xcolor package documentation for explanation.
Type  H <return>  for immediate help.
 ...                                              
                                                  
l.93 ...chastic Simulation}}{36}{subsection.2.7.4}
                                                  %
Try typing  <return>  to proceed.
If that doesn't work, type  X <return>  to quit.


! Package xcolor Error: Undefined color `CTlink'.

See the xcolor package documentation for explanation.
Type  H <return>  for immediate help.
 ...                                              
                                                  
l.94 ...rline {2.8}{Gap Summary}}{37}{section.2.8}
                                                  %
Try typing  <return>  to proceed.
If that doesn't work, type  X <return>  to quit.


! Package xcolor Error: Undefined color `CTlink'.

See the xcolor package documentation for explanation.
Type  H <return>  for immediate help.
 ...                                              
                                                  
l.95 ...umberline {2.9}{Summary}}{37}{section.2.9}
                                                  %
Try typing  <return>  to proceed.
If that doesn't work, type  X <return>  to quit.


! Package xcolor Error: Undefined color `CTlink'.

See the xcolor package documentation for explanation.
Type  H <return>  for immediate help.
 ...                                              
                                                  
l.96 ...The Integration Challenge}}{39}{chapter.3}
                                                  %
Try typing  <return>  to proceed.
If that doesn't work, type  X <return>  to quit.


! Package xcolor Error: Undefined color `CTlink'.

See the xcolor package documentation for explanation.
Type  H <return>  for immediate help.
 ...                                              
                                                  
l.97 ...line {3.1}{Introduction}}{39}{section.3.1}
                                                  %
Try typing  <return>  to proceed.
If that doesn't work, type  X <return>  to quit.


! Package xcolor Error: Undefined color `CTlink'.

See the xcolor package documentation for explanation.
Type  H <return>  for immediate help.
 ...                                              
                                                  
l.98 ...ti-Scale Challenge}}{39}{subsection.3.1.1}
                                                  %
Try typing  <return>  to proceed.
If that doesn't work, type  X <return>  to quit.


! Package xcolor Error: Undefined color `CTlink'.

See the xcolor package documentation for explanation.
Type  H <return>  for immediate help.
 ...                                              
                                                  
l.101 ...{Chapter Overview}}{40}{subsection.3.1.2}
                                                  %
Try typing  <return>  to proceed.
If that doesn't work, type  X <return>  to quit.


! Package xcolor Error: Undefined color `CTlink'.

See the xcolor package documentation for explanation.
Type  H <return>  for immediate help.
 ...                                              
                                                  
l.102 ...gulation of Lac Operon}}{40}{section.3.2}
                                                  %
Try typing  <return>  to proceed.
If that doesn't work, type  X <return>  to quit.


! Package xcolor Error: Undefined color `CTlink'.

See the xcolor package documentation for explanation.
Type  H <return>  for immediate help.
 ...                                              
                                                  
l.103 ...ogical Background}}{40}{subsection.3.2.1}
                                                  %
Try typing  <return>  to proceed.
If that doesn't work, type  X <return>  to quit.


! Package xcolor Error: Undefined color `CTlink'.

See the xcolor package documentation for explanation.
Type  H <return>  for immediate help.
 ...                                              
                                                  
l.107 ...Mechanistic Model}}{41}{subsection.3.2.2}
                                                  %
Try typing  <return>  to proceed.
If that doesn't work, type  X <return>  to quit.


! Package xcolor Error: Undefined color `CTlink'.

See the xcolor package documentation for explanation.
Type  H <return>  for immediate help.
 ...                                              
                                                  
l.119 ...}{System Dynamics}}{44}{subsection.3.2.3}
                                                  %
Try typing  <return>  to proceed.
If that doesn't work, type  X <return>  to quit.


! Package xcolor Error: Undefined color `CTlink'.

See the xcolor package documentation for explanation.
Type  H <return>  for immediate help.
 ...                                              
                                                  
l.120 ...bilities Required}}{44}{subsection.3.2.4}
                                                  %
Try typing  <return>  to proceed.
If that doesn't work, type  X <return>  to quit.


! Package xcolor Error: Undefined color `CTlink'.

See the xcolor package documentation for explanation.
Type  H <return>  for immediate help.
 ...                                              
                                                  
l.131 ...ed Biological Modeling}}{49}{section.3.3}
                                                  %
Try typing  <return>  to proceed.
If that doesn't work, type  X <return>  to quit.


Overfull \vbox (6.51149pt too high) has occurred while \output is active []


[8]

! Package xcolor Error: Undefined color `CTlink'.

See the xcolor package documentation for explanation.
Type  H <return>  for immediate help.
 ...                                              
                                                  
l.132 ...seconds to Hours)}}{49}{subsection.3.3.1}
                                                  %
Try typing  <return>  to proceed.
If that doesn't work, type  X <return>  to quit.


! Package xcolor Error: Undefined color `CTlink'.

See the xcolor package documentation for explanation.
Type  H <return>  for immediate help.
 ...                                              
                                                  
l.138 ...Hybrid Semantics)}}{49}{subsection.3.3.2}
                                                  %
Try typing  <return>  to proceed.
If that doesn't work, type  X <return>  to quit.


! Package xcolor Error: Undefined color `CTlink'.

See the xcolor package documentation for explanation.
Type  H <return>  for immediate help.
 ...                                              
                                                  
l.144 ...ysis, Templating)}}{50}{subsection.3.3.3}
                                                  %
Try typing  <return>  to proceed.
If that doesn't work, type  X <return>  to quit.


! Package xcolor Error: Undefined color `CTlink'.

See the xcolor package documentation for explanation.
Type  H <return>  for immediate help.
 ...                                              
                                                  
l.150 ...ation Thresholds)}}{51}{subsection.3.3.4}
                                                  %
Try typing  <return>  to proceed.
If that doesn't work, type  X <return>  to quit.


! Package xcolor Error: Undefined color `CTlink'.

See the xcolor package documentation for explanation.
Type  H <return>  for immediate help.
 ...                                              
                                                  
l.156 ...s, Superposition)}}{51}{subsection.3.3.5}
                                                  %
Try typing  <return>  to proceed.
If that doesn't work, type  X <return>  to quit.


Overfull \hbox (8.79625pt too wide) in paragraph at lines 156--156
 [][] []\T1/pplj/m/n/10.95 (-20) R5: Co-op-er-a-tive and Con-ver-gent Pro-cesse
s (Shared 
 []


! Package xcolor Error: Undefined color `CTlink'.

See the xcolor package documentation for explanation.
Type  H <return>  for immediate help.
 ...                                              
                                                  
l.162 ...lti-Type Kinetics}}{52}{subsection.3.3.6}
                                                  %
Try typing  <return>  to proceed.
If that doesn't work, type  X <return>  to quit.


! Package xcolor Error: Undefined color `CTlink'.

See the xcolor package documentation for explanation.
Type  H <return>  for immediate help.
 ...                                              
                                                  
l.168 ... at Atomic Level)}}{53}{subsection.3.3.7}
                                                  %
Try typing  <return>  to proceed.
If that doesn't work, type  X <return>  to quit.


! Package xcolor Error: Undefined color `CTlink'.

See the xcolor package documentation for explanation.
Type  H <return>  for immediate help.
 ...                                              
                                                  
l.174 ...tional Efficiency}}{54}{subsection.3.3.8}
                                                  %
Try typing  <return>  to proceed.
If that doesn't work, type  X <return>  to quit.


Overfull \hbox (10.9455pt too wide) in paragraph at lines 174--174
 [][] []\T1/pplj/m/n/10.95 (-20) R8: Par-al-lelism for Com-pu-ta-tional Ef-fi-c
iency []  
 []


! Package xcolor Error: Undefined color `CTlink'.

See the xcolor package documentation for explanation.
Type  H <return>  for immediate help.
 ...                                              
                                                  
l.180 ...isting Formalisms Fail}}{54}{section.3.4}
                                                  %
Try typing  <return>  to proceed.
If that doesn't work, type  X <return>  to quit.


! Package xcolor Error: Undefined color `CTlink'.

See the xcolor package documentation for explanation.
Type  H <return>  for immediate help.
 ...                                              
                                                  
l.181 ...parative Analysis}}{54}{subsection.3.4.1}
                                                  %
Try typing  <return>  to proceed.
If that doesn't work, type  X <return>  to quit.


! Package xcolor Error: Undefined color `CTlink'.

See the xcolor package documentation for explanation.
Type  H <return>  for immediate help.
 ...                                              
                                                  
l.182 ...-Transition Nets)}}{54}{subsection.3.4.2}
                                                  %
Try typing  <return>  to proceed.
If that doesn't work, type  X <return>  to quit.


Overfull \hbox (2.27429pt too wide) in paragraph at lines 182--182
 [][] []\T1/pplj/m/n/10.95 (-20) Classical Petri Nets (Place-Transition Nets) [
]  
 []


! Package xcolor Error: Undefined color `CTlink'.

See the xcolor package documentation for explanation.
Type  H <return>  for immediate help.
 ...                                              
                                                  
l.185 ...Petri Nets (CPNs)}}{55}{subsection.3.4.3}
                                                  %
Try typing  <return>  to proceed.
If that doesn't work, type  X <return>  to quit.


! Package xcolor Error: Undefined color `CTlink'.

See the xcolor package documentation for explanation.
Type  H <return>  for immediate help.
 ...                                              
                                                  
l.188 ...Petri Nets (HPNs)}}{55}{subsection.3.4.4}
                                                  %
Try typing  <return>  to proceed.
If that doesn't work, type  X <return>  to quit.


! Package xcolor Error: Undefined color `CTlink'.

See the xcolor package documentation for explanation.
Type  H <return>  for immediate help.
 ...                                              
                                                  
l.191 ...ems (SBML Models)}}{55}{subsection.3.4.5}
                                                  %
Try typing  <return>  to proceed.
If that doesn't work, type  X <return>  to quit.


! Package xcolor Error: Undefined color `CTlink'.

See the xcolor package documentation for explanation.
Type  H <return>  for immediate help.
 ...                                              
                                                  
l.194 ...5}{The Integration Gap}}{56}{section.3.5}
                                                  %
Try typing  <return>  to proceed.
If that doesn't work, type  X <return>  to quit.


! Package xcolor Error: Undefined color `CTlink'.

See the xcolor package documentation for explanation.
Type  H <return>  for immediate help.
 ...                                              
                                                  
l.195 ...: Separate Models}}{56}{subsection.3.5.1}
                                                  %
Try typing  <return>  to proceed.
If that doesn't work, type  X <return>  to quit.


! Package xcolor Error: Undefined color `CTlink'.

See the xcolor package documentation for explanation.
Type  H <return>  for immediate help.
 ...                                              
                                                  
l.198 ...Unified Formalism}}{56}{subsection.3.5.2}
                                                  %
Try typing  <return>  to proceed.
If that doesn't work, type  X <return>  to quit.


! Package xcolor Error: Undefined color `CTlink'.

See the xcolor package documentation for explanation.
Type  H <return>  for immediate help.
 ...                                              
                                                  
l.202 ...mberline {3.6}{Summary}}{57}{section.3.6}
                                                  %
Try typing  <return>  to proceed.
If that doesn't work, type  X <return>  to quit.


! Package xcolor Error: Undefined color `CTtitle'.

See the xcolor package documentation for explanation.
Type  H <return>  for immediate help.
 ...                                              
                                                  
l.206 ...numberline {ii}{Core Theory}}{59}{part.2}
                                                  %
Try typing  <return>  to proceed.
If that doesn't work, type  X <return>  to quit.


! Package xcolor Error: Undefined color `CTlink'.

See the xcolor package documentation for explanation.
Type  H <return>  for immediate help.
 ...                                              
                                                  
l.207 ...ed Biological Petri Nets}}{60}{chapter.4}
                                                  %
Try typing  <return>  to proceed.
If that doesn't work, type  X <return>  to quit.


! Package xcolor Error: Undefined color `CTlink'.

See the xcolor package documentation for explanation.
Type  H <return>  for immediate help.
 ...                                              
                                                  
l.208 ...sical Petri Net Review}}{60}{section.4.1}
                                                  %
Try typing  <return>  to proceed.
If that doesn't work, type  X <return>  to quit.


! Package xcolor Error: Undefined color `CTlink'.

See the xcolor package documentation for explanation.
Type  H <return>  for immediate help.
 ...                                              
                                                  
l.209 ...Basic Definitions}}{60}{subsection.4.1.1}
                                                  %
Try typing  <return>  to proceed.
If that doesn't work, type  X <return>  to quit.


! Package xcolor Error: Undefined color `CTlink'.

See the xcolor package documentation for explanation.
Type  H <return>  for immediate help.
 ...                                              
                                                  
l.210 ...hborhood Notation}}{60}{subsection.4.1.2}
                                                  %
Try typing  <return>  to proceed.
If that doesn't work, type  X <return>  to quit.


! Package xcolor Error: Undefined color `CTlink'.

See the xcolor package documentation for explanation.
Type  H <return>  for immediate help.
 ...                                              
                                                  
l.211 ....3}{Enabling Rule}}{61}{subsection.4.1.3}
                                                  %
Try typing  <return>  to proceed.
If that doesn't work, type  X <return>  to quit.


! Package xcolor Error: Undefined color `CTlink'.

See the xcolor package documentation for explanation.
Type  H <return>  for immediate help.
 ...                                              
                                                  
l.212 ....1.4}{Firing Rule}}{61}{subsection.4.1.4}
                                                  %
Try typing  <return>  to proceed.
If that doesn't work, type  X <return>  to quit.


! Package xcolor Error: Undefined color `CTlink'.

See the xcolor package documentation for explanation.
Type  H <return>  for immediate help.
 ...                                              
                                                  
l.213 ...1.5}{Reachability}}{61}{subsection.4.1.5}
                                                  %
Try typing  <return>  to proceed.
If that doesn't work, type  X <return>  to quit.


! Package xcolor Error: Undefined color `CTlink'.

See the xcolor package documentation for explanation.
Type  H <return>  for immediate help.
 ...                                              
                                                  
l.214 ...ological Modeling}}{61}{subsection.4.1.6}
                                                  %
Try typing  <return>  to proceed.
If that doesn't work, type  X <return>  to quit.


! Package xcolor Error: Undefined color `CTlink'.

See the xcolor package documentation for explanation.
Type  H <return>  for immediate help.
 ...                                              
                                                  
l.215 ...he 12-Tuple Definition}}{62}{section.4.2}
                                                  %
Try typing  <return>  to proceed.
If that doesn't work, type  X <return>  to quit.


! Package xcolor Error: Undefined color `CTlink'.

See the xcolor package documentation for explanation.
Type  H <return>  for immediate help.
 ...                                              
                                                  
l.216 ...rom Classical PN)}}{62}{subsection.4.2.1}
                                                  %
Try typing  <return>  to proceed.
If that doesn't work, type  X <return>  to quit.


! Package xcolor Error: Undefined color `CTlink'.

See the xcolor package documentation for explanation.
Type  H <return>  for immediate help.
 ...                                              
                                                  
l.222 ...(Novel to Bio-PN)}}{64}{subsection.4.2.2}
                                                  %
Try typing  <return>  to proceed.
If that doesn't work, type  X <return>  to quit.


! Package xcolor Error: Undefined color `CTlink'.

See the xcolor package documentation for explanation.
Type  H <return>  for immediate help.
 ...                                              
                                                  
l.230 ...bling and Firing Rules}}{66}{section.4.3}
                                                  %
Try typing  <return>  to proceed.
If that doesn't work, type  X <return>  to quit.


! Package xcolor Error: Undefined color `CTlink'.

See the xcolor package documentation for explanation.
Type  H <return>  for immediate help.
 ...                                              
                                                  
l.231 ...ded Enabling Rule}}{66}{subsection.4.3.1}
                                                  %
Try typing  <return>  to proceed.
If that doesn't work, type  X <return>  to quit.


! Package xcolor Error: Undefined color `CTlink'.

See the xcolor package documentation for explanation.
Type  H <return>  for immediate help.
 ...                                              
                                                  
l.232 ...ended Firing Rule}}{66}{subsection.4.3.2}
                                                  %
Try typing  <return>  to proceed.
If that doesn't work, type  X <return>  to quit.


! Package xcolor Error: Undefined color `CTlink'.

See the xcolor package documentation for explanation.
Type  H <return>  for immediate help.
 ...                                              
                                                  
l.233 ...atalyzed Reaction}}{67}{subsection.4.3.3}
                                                  %
Try typing  <return>  to proceed.
If that doesn't work, type  X <return>  to quit.


! Package xcolor Error: Undefined color `CTlink'.

See the xcolor package documentation for explanation.
Type  H <return>  for immediate help.
 ...                                              
                                                  
l.234 ...mical Formula Tracking}}{67}{section.4.4}
                                                  %
Try typing  <return>  to proceed.
If that doesn't work, type  X <return>  to quit.


! Package xcolor Error: Undefined color `CTlink'.

See the xcolor package documentation for explanation.
Type  H <return>  for immediate help.
 ...                                              
                                                  
l.235 ...alance Validation}}{67}{subsection.4.4.1}
                                                  %
Try typing  <return>  to proceed.
If that doesn't work, type  X <return>  to quit.


! Package xcolor Error: Undefined color `CTlink'.

See the xcolor package documentation for explanation.
Type  H <return>  for immediate help.
 ...                                              
                                                  
l.236 ...orylation Balance}}{67}{subsection.4.4.2}
                                                  %
Try typing  <return>  to proceed.
If that doesn't work, type  X <return>  to quit.


Overfull \hbox (6.41481pt too wide) in paragraph at lines 236--236
 [][] []\T1/pplj/m/n/10.95 (-20) Example: Glu-cose Phos-pho-ry-la-tion Bal-ance
 []  
 []


! Package xcolor Error: Undefined color `CTlink'.

See the xcolor package documentation for explanation.
Type  H <return>  for immediate help.
 ...                                              
                                                  
l.237 ...h Classical Petri Nets}}{68}{section.4.5}
                                                  %
Try typing  <return>  to proceed.
If that doesn't work, type  X <return>  to quit.


Overfull \vbox (6.51149pt too high) has occurred while \output is active []


[9]

! Package xcolor Error: Undefined color `CTlink'.

See the xcolor package documentation for explanation.
Type  H <return>  for immediate help.
 ...                                              
                                                  
l.238 ...mberline {4.6}{Summary}}{68}{section.4.6}
                                                  %
Try typing  <return>  to proceed.
If that doesn't work, type  X <return>  to quit.


! Package xcolor Error: Undefined color `CTlink'.

See the xcolor package documentation for explanation.
Type  H <return>  for immediate help.
 ...                                              
                                                  
l.239 ... Cooperative Parallelism}}{70}{chapter.5}
                                                  %
Try typing  <return>  to proceed.
If that doesn't work, type  X <return>  to quit.


! Package xcolor Error: Undefined color `CTlink'.

See the xcolor package documentation for explanation.
Type  H <return>  for immediate help.
 ...                                              
                                                  
l.240 ...in Biological Networks}}{70}{section.5.1}
                                                  %
Try typing  <return>  to proceed.
If that doesn't work, type  X <return>  to quit.


! Package xcolor Error: Undefined color `CTlink'.

See the xcolor package documentation for explanation.
Type  H <return>  for immediate help.
 ...                                              
                                                  
l.241 ...rallelism Matters}}{70}{subsection.5.1.1}
                                                  %
Try typing  <return>  to proceed.
If that doesn't work, type  X <return>  to quit.


! Package xcolor Error: Undefined color `CTlink'.

See the xcolor package documentation for explanation.
Type  H <return>  for immediate help.
 ...                                              
                                                  
l.245 ...rong Independence}}{71}{subsection.5.1.2}
                                                  %
Try typing  <return>  to proceed.
If that doesn't work, type  X <return>  to quit.


! Package xcolor Error: Undefined color `CTlink'.

See the xcolor package documentation for explanation.
Type  H <return>  for immediate help.
 ...                                              
                                                  
l.246 ...rong Independence}}{71}{subsection.5.1.3}
                                                  %
Try typing  <return>  to proceed.
If that doesn't work, type  X <return>  to quit.


! Package xcolor Error: Undefined color `CTlink'.

See the xcolor package documentation for explanation.
Type  H <return>  for immediate help.
 ...                                              
                                                  
l.252 ...osition Principle}}{73}{subsection.5.1.4}
                                                  %
Try typing  <return>  to proceed.
If that doesn't work, type  X <return>  to quit.


! Package xcolor Error: Undefined color `CTlink'.

See the xcolor package documentation for explanation.
Type  H <return>  for immediate help.
 ...                                              
                                                  
l.256 ...nce: Formal Definition}}{74}{section.5.2}
                                                  %
Try typing  <return>  to proceed.
If that doesn't work, type  X <return>  to quit.


! Package xcolor Error: Undefined color `CTlink'.

See the xcolor package documentation for explanation.
Type  H <return>  for immediate help.
 ...                                              
                                                  
l.257 ...5.2.1}{Definition}}{74}{subsection.5.2.1}
                                                  %
Try typing  <return>  to proceed.
If that doesn't work, type  X <return>  to quit.


! Package xcolor Error: Undefined color `CTlink'.

See the xcolor package documentation for explanation.
Type  H <return>  for immediate help.
 ...                                              
                                                  
l.259 ... {5.2.2}{Notation}}{74}{subsection.5.2.2}
                                                  %
Try typing  <return>  to proceed.
If that doesn't work, type  X <return>  to quit.


! Package xcolor Error: Undefined color `CTlink'.

See the xcolor package documentation for explanation.
Type  H <return>  for immediate help.
 ...                                              
                                                  
l.264 ...ee Coupling Modes}}{75}{subsection.5.2.3}
                                                  %
Try typing  <return>  to proceed.
If that doesn't work, type  X <return>  to quit.


! Package xcolor Error: Undefined color `CTlink'.

See the xcolor package documentation for explanation.
Type  H <return>  for immediate help.
 ...                                              
                                                  
l.268 ...nder Weak Independence}}{77}{section.5.3}
                                                  %
Try typing  <return>  to proceed.
If that doesn't work, type  X <return>  to quit.


! Package xcolor Error: Undefined color `CTlink'.

See the xcolor package documentation for explanation.
Type  H <return>  for immediate help.
 ...                                              
                                                  
l.269 ... Firing Semantics}}{77}{subsection.5.3.1}
                                                  %
Try typing  <return>  to proceed.
If that doesn't work, type  X <return>  to quit.


! Package xcolor Error: Undefined color `CTlink'.

See the xcolor package documentation for explanation.
Type  H <return>  for immediate help.
 ...                                              
                                                  
l.271 ...ication Algorithm}}{77}{subsection.5.3.2}
                                                  %
Try typing  <return>  to proceed.
If that doesn't work, type  X <return>  to quit.


! Package xcolor Error: Undefined color `CTlink'.

See the xcolor package documentation for explanation.
Type  H <return>  for immediate help.
 ...                                              
                                                  
l.272 ...arallel Execution}}{79}{subsection.5.3.3}
                                                  %
Try typing  <return>  to proceed.
If that doesn't work, type  X <return>  to quit.


! Package xcolor Error: Undefined color `CTlink'.

See the xcolor package documentation for explanation.
Type  H <return>  for immediate help.
 ...                                              
                                                  
l.273 ...5.4}{Correctness Proof}}{79}{section.5.4}
                                                  %
Try typing  <return>  to proceed.
If that doesn't work, type  X <return>  to quit.


! Package xcolor Error: Undefined color `CTlink'.

See the xcolor package documentation for explanation.
Type  H <return>  for immediate help.
 ...                                              
                                                  
l.274 ...ndent Transitions}}{79}{subsection.5.4.1}
                                                  %
Try typing  <return>  to proceed.
If that doesn't work, type  X <return>  to quit.


! Package xcolor Error: Undefined color `CTlink'.

See the xcolor package documentation for explanation.
Type  H <return>  for immediate help.
 ...                                              
                                                  
l.275 ...lity Preservation}}{79}{subsection.5.4.2}
                                                  %
Try typing  <return>  to proceed.
If that doesn't work, type  X <return>  to quit.


! Package xcolor Error: Undefined color `CTlink'.

See the xcolor package documentation for explanation.
Type  H <return>  for immediate help.
 ...                                              
                                                  
l.276 ...olysis Parallelization}}{80}{section.5.5}
                                                  %
Try typing  <return>  to proceed.
If that doesn't work, type  X <return>  to quit.


! Package xcolor Error: Undefined color `CTlink'.

See the xcolor package documentation for explanation.
Type  H <return>  for immediate help.
 ...                                              
                                                  
l.277 ...Model Description}}{80}{subsection.5.5.1}
                                                  %
Try typing  <return>  to proceed.
If that doesn't work, type  X <return>  to quit.


! Package xcolor Error: Undefined color `CTlink'.

See the xcolor package documentation for explanation.
Type  H <return>  for immediate help.
 ...                                              
                                                  
l.278 ...{Dependency Graph}}{80}{subsection.5.5.2}
                                                  %
Try typing  <return>  to proceed.
If that doesn't work, type  X <return>  to quit.


! Package xcolor Error: Undefined color `CTlink'.

See the xcolor package documentation for explanation.
Type  H <return>  for immediate help.
 ...                                              
                                                  
l.279 ...Execution Results}}{81}{subsection.5.5.3}
                                                  %
Try typing  <return>  to proceed.
If that doesn't work, type  X <return>  to quit.


! Package xcolor Error: Undefined color `CTlink'.

See the xcolor package documentation for explanation.
Type  H <return>  for immediate help.
 ...                                              
                                                  
l.280 ...mberline {5.6}{Summary}}{81}{section.5.6}
                                                  %
Try typing  <return>  to proceed.
If that doesn't work, type  X <return>  to quit.


! Package xcolor Error: Undefined color `CTlink'.

See the xcolor package documentation for explanation.
Type  H <return>  for immediate help.
 ...                                              
                                                  
l.284 ...g \& Atomic Conservation}}{82}{chapter.6}
                                                  %
Try typing  <return>  to proceed.
If that doesn't work, type  X <return>  to quit.


! Package xcolor Error: Undefined color `CTlink'.

See the xcolor package documentation for explanation.
Type  H <return>  for immediate help.
 ...                                              
                                                  
l.285 ...ine {6.1}{Introduction}}{82}{section.6.1}
                                                  %
Try typing  <return>  to proceed.
If that doesn't work, type  X <return>  to quit.


! Package xcolor Error: Undefined color `CTlink'.

See the xcolor package documentation for explanation.
Type  H <return>  for immediate help.
 ...                                              
                                                  
l.287 ...Key Contributions}}{82}{subsection.6.1.1}
                                                  %
Try typing  <return>  to proceed.
If that doesn't work, type  X <return>  to quit.


! Package xcolor Error: Undefined color `CTlink'.

See the xcolor package documentation for explanation.
Type  H <return>  for immediate help.
 ...                                              
                                                  
l.289 ...Formula Representation}}{83}{section.6.2}
                                                  %
Try typing  <return>  to proceed.
If that doesn't work, type  X <return>  to quit.


! Package xcolor Error: Undefined color `CTlink'.

See the xcolor package documentation for explanation.
Type  H <return>  for immediate help.
 ...                                              
                                                  
l.290 ....1}{Hill Notation}}{83}{subsection.6.2.1}
                                                  %
Try typing  <return>  to proceed.
If that doesn't work, type  X <return>  to quit.


! Package xcolor Error: Undefined color `CTlink'.

See the xcolor package documentation for explanation.
Type  H <return>  for immediate help.
 ...                                              
                                                  
l.293 ...rotonation States}}{83}{subsection.6.2.2}
                                                  %
Try typing  <return>  to proceed.
If that doesn't work, type  X <return>  to quit.


! Package xcolor Error: Undefined color `CTlink'.

See the xcolor package documentation for explanation.
Type  H <return>  for immediate help.
 ...                                              
                                                  
l.298 ...tal Decomposition}}{84}{subsection.6.2.3}
                                                  %
Try typing  <return>  to proceed.
If that doesn't work, type  X <return>  to quit.


! Package xcolor Error: Undefined color `CTlink'.

See the xcolor package documentation for explanation.
Type  H <return>  for immediate help.
 ...                                              
                                                  
l.301 ...ormula Arithmetic}}{84}{subsection.6.2.4}
                                                  %
Try typing  <return>  to proceed.
If that doesn't work, type  X <return>  to quit.


! Package xcolor Error: Undefined color `CTlink'.

See the xcolor package documentation for explanation.
Type  H <return>  for immediate help.
 ...                                              
                                                  
l.307 ... Formula Specification}}{86}{section.6.3}
                                                  %
Try typing  <return>  to proceed.
If that doesn't work, type  X <return>  to quit.


! Package xcolor Error: Undefined color `CTlink'.

See the xcolor package documentation for explanation.
Type  H <return>  for immediate help.
 ...                                              
                                                  
l.308 ...ne {6.3.1}{Format}}{86}{subsection.6.3.1}
                                                  %
Try typing  <return>  to proceed.
If that doesn't work, type  X <return>  to quit.


! Package xcolor Error: Undefined color `CTlink'.

See the xcolor package documentation for explanation.
Type  H <return>  for immediate help.
 ...                                              
                                                  
l.311 ... {6.3.2}{Examples}}{86}{subsection.6.3.2}
                                                  %
Try typing  <return>  to proceed.
If that doesn't work, type  X <return>  to quit.


! Package xcolor Error: Undefined color `CTlink'.

See the xcolor package documentation for explanation.
Type  H <return>  for immediate help.
 ...                                              
                                                  
l.316 ...ax with Cofactors}}{87}{subsection.6.3.3}
                                                  %
Try typing  <return>  to proceed.
If that doesn't work, type  X <return>  to quit.


! Package xcolor Error: Undefined color `CTlink'.

See the xcolor package documentation for explanation.
Type  H <return>  for immediate help.
 ...                                              
                                                  
l.322 ...l Balance Verification}}{87}{section.6.4}
                                                  %
Try typing  <return>  to proceed.
If that doesn't work, type  X <return>  to quit.


! Package xcolor Error: Undefined color `CTlink'.

See the xcolor package documentation for explanation.
Type  H <return>  for immediate help.
 ...                                              
                                                  
l.323 ...e Check Algorithm}}{87}{subsection.6.4.1}
                                                  %
Try typing  <return>  to proceed.
If that doesn't work, type  X <return>  to quit.


! Package xcolor Error: Undefined color `CTlink'.

See the xcolor package documentation for explanation.
Type  H <return>  for immediate help.
 ...                                              
                                                  
l.324 ...ase Balance Check}}{89}{subsection.6.4.2}
                                                  %
Try typing  <return>  to proceed.
If that doesn't work, type  X <return>  to quit.


! Package xcolor Error: Undefined color `CTlink'.

See the xcolor package documentation for explanation.
Type  H <return>  for immediate help.
 ...                                              
                                                  
l.330 ...tion Consistently}}{89}{subsection.6.4.3}
                                                  %
Try typing  <return>  to proceed.
If that doesn't work, type  X <return>  to quit.


! Package xcolor Error: Undefined color `CTlink'.

See the xcolor package documentation for explanation.
Type  H <return>  for immediate help.
 ...                                              
                                                  
l.337 ...emental Balance Matrix}}{90}{section.6.5}
                                                  %
Try typing  <return>  to proceed.
If that doesn't work, type  X <return>  to quit.


! Package xcolor Error: Undefined color `CTlink'.

See the xcolor package documentation for explanation.
Type  H <return>  for immediate help.
 ...                                              
                                                  
l.338 ...6.5.1}{Definition}}{90}{subsection.6.5.1}
                                                  %
Try typing  <return>  to proceed.
If that doesn't work, type  X <return>  to quit.


! Package xcolor Error: Undefined color `CTlink'.

See the xcolor package documentation for explanation.
Type  H <return>  for immediate help.
 ...                                              
                                                  
l.341 ...ruction Algorithm}}{91}{subsection.6.5.2}
                                                  %
Try typing  <return>  to proceed.
If that doesn't work, type  X <return>  to quit.


Overfull \vbox (6.51149pt too high) has occurred while \output is active []


[10]

! Package xcolor Error: Undefined color `CTlink'.

See the xcolor package documentation for explanation.
Type  H <return>  for immediate help.
 ...                                              
                                                  
l.343 ...y-State Condition}}{91}{subsection.6.5.3}
                                                  %
Try typing  <return>  to proceed.
If that doesn't work, type  X <return>  to quit.


! Package xcolor Error: Undefined color `CTlink'.

See the xcolor package documentation for explanation.
Type  H <return>  for immediate help.
 ...                                              
                                                  
l.345 ...lified Glycolysis}}{91}{subsection.6.5.4}
                                                  %
Try typing  <return>  to proceed.
If that doesn't work, type  X <return>  to quit.


! Package xcolor Error: Undefined color `CTlink'.

See the xcolor package documentation for explanation.
Type  H <return>  for immediate help.
 ...                                              
                                                  
l.353 ...ll Space Analysis}}{92}{subsection.6.5.5}
                                                  %
Try typing  <return>  to proceed.
If that doesn't work, type  X <return>  to quit.


! Package xcolor Error: Undefined color `CTlink'.

See the xcolor package documentation for explanation.
Type  H <return>  for immediate help.
 ...                                              
                                                  
l.358 ...gration with Databases}}{93}{section.6.6}
                                                  %
Try typing  <return>  to proceed.
If that doesn't work, type  X <return>  to quit.


! Package xcolor Error: Undefined color `CTlink'.

See the xcolor package documentation for explanation.
Type  H <return>  for immediate help.
 ...                                              
                                                  
l.359 ...Compound Formulas}}{93}{subsection.6.6.1}
                                                  %
Try typing  <return>  to proceed.
If that doesn't work, type  X <return>  to quit.


! Package xcolor Error: Undefined color `CTlink'.

See the xcolor package documentation for explanation.
Type  H <return>  for immediate help.
 ...                                              
                                                  
l.363 ...2}{ChEBI Formulas}}{94}{subsection.6.6.2}
                                                  %
Try typing  <return>  to proceed.
If that doesn't work, type  X <return>  to quit.


! Package xcolor Error: Undefined color `CTlink'.

See the xcolor package documentation for explanation.
Type  H <return>  for immediate help.
 ...                                              
                                                  
l.367 ...{PubChem Formulas}}{94}{subsection.6.6.3}
                                                  %
Try typing  <return>  to proceed.
If that doesn't work, type  X <return>  to quit.


! Package xcolor Error: Undefined color `CTlink'.

See the xcolor package documentation for explanation.
Type  H <return>  for immediate help.
 ...                                              
                                                  
l.370 ...ic Cofactor Suggestion}}{94}{section.6.7}
                                                  %
Try typing  <return>  to proceed.
If that doesn't work, type  X <return>  to quit.


! Package xcolor Error: Undefined color `CTlink'.

See the xcolor package documentation for explanation.
Type  H <return>  for immediate help.
 ...                                              
                                                  
l.371 ...tecting Imbalance}}{94}{subsection.6.7.1}
                                                  %
Try typing  <return>  to proceed.
If that doesn't work, type  X <return>  to quit.


! Package xcolor Error: Undefined color `CTlink'.

See the xcolor package documentation for explanation.
Type  H <return>  for immediate help.
 ...                                              
                                                  
l.377 ...atching Algorithm}}{95}{subsection.6.7.2}
                                                  %
Try typing  <return>  to proceed.
If that doesn't work, type  X <return>  to quit.


! Package xcolor Error: Undefined color `CTlink'.

See the xcolor package documentation for explanation.
Type  H <return>  for immediate help.
 ...                                              
                                                  
l.378 ...nterface Workflow}}{95}{subsection.6.7.3}
                                                  %
Try typing  <return>  to proceed.
If that doesn't work, type  X <return>  to quit.


! Package xcolor Error: Undefined color `CTlink'.

See the xcolor package documentation for explanation.
Type  H <return>  for immediate help.
 ...                                              
                                                  
l.380 ...lications and Benefits}}{96}{section.6.8}
                                                  %
Try typing  <return>  to proceed.
If that doesn't work, type  X <return>  to quit.


! Package xcolor Error: Undefined color `CTlink'.

See the xcolor package documentation for explanation.
Type  H <return>  for immediate help.
 ...                                              
                                                  
l.381 ...{Model Validation}}{96}{subsection.6.8.1}
                                                  %
Try typing  <return>  to proceed.
If that doesn't work, type  X <return>  to quit.


! Package xcolor Error: Undefined color `CTlink'.

See the xcolor package documentation for explanation.
Type  H <return>  for immediate help.
 ...                                              
                                                  
l.385 ...athway Completion}}{96}{subsection.6.8.2}
                                                  %
Try typing  <return>  to proceed.
If that doesn't work, type  X <return>  to quit.


! Package xcolor Error: Undefined color `CTlink'.

See the xcolor package documentation for explanation.
Type  H <return>  for immediate help.
 ...                                              
                                                  
l.389 ....3}{Redox Balance}}{97}{subsection.6.8.3}
                                                  %
Try typing  <return>  to proceed.
If that doesn't work, type  X <return>  to quit.


! Package xcolor Error: Undefined color `CTlink'.

See the xcolor package documentation for explanation.
Type  H <return>  for immediate help.
 ...                                              
                                                  
l.395 ...Implementation Details}}{97}{section.6.9}
                                                  %
Try typing  <return>  to proceed.
If that doesn't work, type  X <return>  to quit.


! Package xcolor Error: Undefined color `CTlink'.

See the xcolor package documentation for explanation.
Type  H <return>  for immediate help.
 ...                                              
                                                  
l.396 ...1}{Data Structure}}{97}{subsection.6.9.1}
                                                  %
Try typing  <return>  to proceed.
If that doesn't work, type  X <return>  to quit.


! Package xcolor Error: Undefined color `CTlink'.

See the xcolor package documentation for explanation.
Type  H <return>  for immediate help.
 ...                                              
                                                  
l.399 ... Balance Checking}}{98}{subsection.6.9.2}
                                                  %
Try typing  <return>  to proceed.
If that doesn't work, type  X <return>  to quit.


! Package xcolor Error: Undefined color `CTlink'.

See the xcolor package documentation for explanation.
Type  H <return>  for immediate help.
 ...                                              
                                                  
l.401 ...tions and Future Work}}{99}{section.6.10}
                                                  %
Try typing  <return>  to proceed.
If that doesn't work, type  X <return>  to quit.


! Package xcolor Error: Undefined color `CTlink'.

See the xcolor package documentation for explanation.
Type  H <return>  for immediate help.
 ...                                              
                                                  
l.402 ...rent Limitations}}{99}{subsection.6.10.1}
                                                  %
Try typing  <return>  to proceed.
If that doesn't work, type  X <return>  to quit.


! Package xcolor Error: Undefined color `CTlink'.

See the xcolor package documentation for explanation.
Type  H <return>  for immediate help.
 ...                                              
                                                  
l.406 ...uture Extensions}}{99}{subsection.6.10.2}
                                                  %
Try typing  <return>  to proceed.
If that doesn't work, type  X <return>  to quit.


! Package xcolor Error: Undefined color `CTlink'.

See the xcolor package documentation for explanation.
Type  H <return>  for immediate help.
 ...                                              
                                                  
l.410 ...rline {6.11}{Summary}}{100}{section.6.11}
                                                  %
Try typing  <return>  to proceed.
If that doesn't work, type  X <return>  to quit.


! Package xcolor Error: Undefined color `CTtitle'.

See the xcolor package documentation for explanation.
Type  H <return>  for immediate help.
 ...                                              
                                                  
l.414 ...umberline {iii}{Validation}}{101}{part.3}
                                                  %
Try typing  <return>  to proceed.
If that doesn't work, type  X <return>  to quit.


! Package xcolor Error: Undefined color `CTlink'.

See the xcolor package documentation for explanation.
Type  H <return>  for immediate help.
 ...                                              
                                                  
l.415 ...dation Through Examples}}{102}{chapter.7}
                                                  %
Try typing  <return>  to proceed.
If that doesn't work, type  X <return>  to quit.


! Package xcolor Error: Undefined color `CTlink'.

See the xcolor package documentation for explanation.
Type  H <return>  for immediate help.
 ...                                              
                                                  
l.416 ...ne {7.1}{Introduction}}{102}{section.7.1}
                                                  %
Try typing  <return>  to proceed.
If that doesn't work, type  X <return>  to quit.


! Package xcolor Error: Undefined color `CTlink'.

See the xcolor package documentation for explanation.
Type  H <return>  for immediate help.
 ...                                              
                                                  
l.417 ...idation Strategy}}{102}{subsection.7.1.1}
                                                  %
Try typing  <return>  to proceed.
If that doesn't work, type  X <return>  to quit.


! Package xcolor Error: Undefined color `CTlink'.

See the xcolor package documentation for explanation.
Type  H <return>  for immediate help.
 ...                                              
                                                  
l.418 ...with Enzyme Catalysis}}{103}{section.7.2}
                                                  %
Try typing  <return>  to proceed.
If that doesn't work, type  X <return>  to quit.


! Package xcolor Error: Undefined color `CTlink'.

See the xcolor package documentation for explanation.
Type  H <return>  for immediate help.
 ...                                              
                                                  
l.419 ...ological Context}}{103}{subsection.7.2.1}
                                                  %
Try typing  <return>  to proceed.
If that doesn't work, type  X <return>  to quit.


! Package xcolor Error: Undefined color `CTlink'.

See the xcolor package documentation for explanation.
Type  H <return>  for immediate help.
 ...                                              
                                                  
l.420 ... Model Structure}}{103}{subsection.7.2.2}
                                                  %
Try typing  <return>  to proceed.
If that doesn't work, type  X <return>  to quit.


! Package xcolor Error: Undefined color `CTlink'.

See the xcolor package documentation for explanation.
Type  H <return>  for immediate help.
 ...                                              
                                                  
l.421 ...ons Demonstrated}}{104}{subsection.7.2.3}
                                                  %
Try typing  <return>  to proceed.
If that doesn't work, type  X <return>  to quit.


! Package xcolor Error: Undefined color `CTlink'.

See the xcolor package documentation for explanation.
Type  H <return>  for immediate help.
 ...                                              
                                                  
l.424 ...r and Validation}}{105}{subsection.7.2.4}
                                                  %
Try typing  <return>  to proceed.
If that doesn't work, type  X <return>  to quit.


! Package xcolor Error: Undefined color `CTlink'.

See the xcolor package documentation for explanation.
Type  H <return>  for immediate help.
 ...                                              
                                                  
l.425 ...2.5}{Limitations}}{106}{subsection.7.2.5}
                                                  %
Try typing  <return>  to proceed.
If that doesn't work, type  X <return>  to quit.


! Package xcolor Error: Undefined color `CTlink'.

See the xcolor package documentation for explanation.
Type  H <return>  for immediate help.
 ...                                              
                                                  
l.426 ...ric Inhibition of PFK}}{106}{section.7.3}
                                                  %
Try typing  <return>  to proceed.
If that doesn't work, type  X <return>  to quit.


! Package xcolor Error: Undefined color `CTlink'.

See the xcolor package documentation for explanation.
Type  H <return>  for immediate help.
 ...                                              
                                                  
l.427 ...ological Context}}{106}{subsection.7.3.1}
                                                  %
Try typing  <return>  to proceed.
If that doesn't work, type  X <return>  to quit.


! Package xcolor Error: Undefined color `CTlink'.

See the xcolor package documentation for explanation.
Type  H <return>  for immediate help.
 ...                                              
                                                  
l.428 ... Model Structure}}{106}{subsection.7.3.2}
                                                  %
Try typing  <return>  to proceed.
If that doesn't work, type  X <return>  to quit.


! Package xcolor Error: Undefined color `CTlink'.

See the xcolor package documentation for explanation.
Type  H <return>  for immediate help.
 ...                                              
                                                  
l.429 ...or Arc Semantics}}{107}{subsection.7.3.3}
                                                  %
Try typing  <return>  to proceed.
If that doesn't work, type  X <return>  to quit.


! Package xcolor Error: Undefined color `CTlink'.

See the xcolor package documentation for explanation.
Type  H <return>  for immediate help.
 ...                                              
                                                  
l.430 ...ons Demonstrated}}{107}{subsection.7.3.4}
                                                  %
Try typing  <return>  to proceed.
If that doesn't work, type  X <return>  to quit.


! Package xcolor Error: Undefined color `CTlink'.

See the xcolor package documentation for explanation.
Type  H <return>  for immediate help.
 ...                                              
                                                  
l.433 ...r and Validation}}{107}{subsection.7.3.5}
                                                  %
Try typing  <return>  to proceed.
If that doesn't work, type  X <return>  to quit.


! Package xcolor Error: Undefined color `CTlink'.

See the xcolor package documentation for explanation.
Type  H <return>  for immediate help.
 ...                                              
                                                  
l.434 ...ccinate Dehydrogenase}}{108}{section.7.4}
                                                  %
Try typing  <return>  to proceed.
If that doesn't work, type  X <return>  to quit.


! Package xcolor Error: Undefined color `CTlink'.

See the xcolor package documentation for explanation.
Type  H <return>  for immediate help.
 ...                                              
                                                  
l.435 ...ological Context}}{108}{subsection.7.4.1}
                                                  %
Try typing  <return>  to proceed.
If that doesn't work, type  X <return>  to quit.


! Package xcolor Error: Undefined color `CTlink'.

See the xcolor package documentation for explanation.
Type  H <return>  for immediate help.
 ...                                              
                                                  
l.436 ... Model Structure}}{108}{subsection.7.4.2}
                                                  %
Try typing  <return>  to proceed.
If that doesn't work, type  X <return>  to quit.


! Package xcolor Error: Undefined color `CTlink'.

See the xcolor package documentation for explanation.
Type  H <return>  for immediate help.
 ...                                              
                                                  
l.437 ...ons Demonstrated}}{109}{subsection.7.4.3}
                                                  %
Try typing  <return>  to proceed.
If that doesn't work, type  X <return>  to quit.


! Package xcolor Error: Undefined color `CTlink'.

See the xcolor package documentation for explanation.
Type  H <return>  for immediate help.
 ...                                              
                                                  
l.440 ...r and Validation}}{110}{subsection.7.4.4}
                                                  %
Try typing  <return>  to proceed.
If that doesn't work, type  X <return>  to quit.


! Package xcolor Error: Undefined color `CTlink'.

See the xcolor package documentation for explanation.
Type  H <return>  for immediate help.
 ...                                              
                                                  
l.441 ...er Glycolysis Pathway}}{110}{section.7.5}
                                                  %
Try typing  <return>  to proceed.
If that doesn't work, type  X <return>  to quit.


! Package xcolor Error: Undefined color `CTlink'.

See the xcolor package documentation for explanation.
Type  H <return>  for immediate help.
 ...                                              
                                                  
l.442 ...ological Context}}{110}{subsection.7.5.1}
                                                  %
Try typing  <return>  to proceed.
If that doesn't work, type  X <return>  to quit.


Overfull \vbox (6.51149pt too high) has occurred while \output is active []


[11]

! Package xcolor Error: Undefined color `CTlink'.

See the xcolor package documentation for explanation.
Type  H <return>  for immediate help.
 ...                                              
                                                  
l.443 ... Model Structure}}{110}{subsection.7.5.2}
                                                  %
Try typing  <return>  to proceed.
If that doesn't work, type  X <return>  to quit.


! Package xcolor Error: Undefined color `CTlink'.

See the xcolor package documentation for explanation.
Type  H <return>  for immediate help.
 ...                                              
                                                  
l.444 ...ons Demonstrated}}{111}{subsection.7.5.3}
                                                  %
Try typing  <return>  to proceed.
If that doesn't work, type  X <return>  to quit.


! Package xcolor Error: Undefined color `CTlink'.

See the xcolor package documentation for explanation.
Type  H <return>  for immediate help.
 ...                                              
                                                  
l.448 ...r and Validation}}{112}{subsection.7.5.4}
                                                  %
Try typing  <return>  to proceed.
If that doesn't work, type  X <return>  to quit.


! Package xcolor Error: Undefined color `CTlink'.

See the xcolor package documentation for explanation.
Type  H <return>  for immediate help.
 ...                                              
                                                  
l.449 ... Complete Integration}}{112}{section.7.6}
                                                  %
Try typing  <return>  to proceed.
If that doesn't work, type  X <return>  to quit.


! Package xcolor Error: Undefined color `CTlink'.

See the xcolor package documentation for explanation.
Type  H <return>  for immediate help.
 ...                                              
                                                  
l.450 ...ological Context}}{112}{subsection.7.6.1}
                                                  %
Try typing  <return>  to proceed.
If that doesn't work, type  X <return>  to quit.


! Package xcolor Error: Undefined color `CTlink'.

See the xcolor package documentation for explanation.
Type  H <return>  for immediate help.
 ...                                              
                                                  
l.451 ...{Model Structure}}{112}{subsection.7.6.2}
                                                  %
Try typing  <return>  to proceed.
If that doesn't work, type  X <return>  to quit.


! Package xcolor Error: Undefined color `CTlink'.

See the xcolor package documentation for explanation.
Type  H <return>  for immediate help.
 ...                                              
                                                  
l.452 ...tive Parallelism}}{113}{subsection.7.6.3}
                                                  %
Try typing  <return>  to proceed.
If that doesn't work, type  X <return>  to quit.


! Package xcolor Error: Undefined color `CTlink'.

See the xcolor package documentation for explanation.
Type  H <return>  for immediate help.
 ...                                              
                                                  
l.453 ...ypes Coexistence}}{114}{subsection.7.6.4}
                                                  %
Try typing  <return>  to proceed.
If that doesn't work, type  X <return>  to quit.


! Package xcolor Error: Undefined color `CTlink'.

See the xcolor package documentation for explanation.
Type  H <return>  for immediate help.
 ...                                              
                                                  
l.454 ...emical Semantics}}{115}{subsection.7.6.5}
                                                  %
Try typing  <return>  to proceed.
If that doesn't work, type  X <return>  to quit.


! Package xcolor Error: Undefined color `CTlink'.

See the xcolor package documentation for explanation.
Type  H <return>  for immediate help.
 ...                                              
                                                  
l.455 ...Formula Tracking}}{115}{subsection.7.6.6}
                                                  %
Try typing  <return>  to proceed.
If that doesn't work, type  X <return>  to quit.


! Package xcolor Error: Undefined color `CTlink'.

See the xcolor package documentation for explanation.
Type  H <return>  for immediate help.
 ...                                              
                                                  
l.456 ...r and Validation}}{116}{subsection.7.6.7}
                                                  %
Try typing  <return>  to proceed.
If that doesn't work, type  X <return>  to quit.


! Package xcolor Error: Undefined color `CTlink'.

See the xcolor package documentation for explanation.
Type  H <return>  for immediate help.
 ...                                              
                                                  
l.457 ...ntegration Proof}}{118}{subsection.7.6.8}
                                                  %
Try typing  <return>  to proceed.
If that doesn't work, type  X <return>  to quit.


! Package xcolor Error: Undefined color `CTlink'.

See the xcolor package documentation for explanation.
Type  H <return>  for immediate help.
 ...                                              
                                                  
l.458 ...{Comparative Analysis}}{118}{section.7.7}
                                                  %
Try typing  <return>  to proceed.
If that doesn't work, type  X <return>  to quit.


! Package xcolor Error: Undefined color `CTlink'.

See the xcolor package documentation for explanation.
Type  H <return>  for immediate help.
 ...                                              
                                                  
l.459 ... Coverage Matrix}}{118}{subsection.7.7.1}
                                                  %
Try typing  <return>  to proceed.
If that doesn't work, type  X <return>  to quit.


! Package xcolor Error: Undefined color `CTlink'.

See the xcolor package documentation for explanation.
Type  H <return>  for immediate help.
 ...                                              
                                                  
l.460 ...sting Formalisms}}{118}{subsection.7.7.2}
                                                  %
Try typing  <return>  to proceed.
If that doesn't work, type  X <return>  to quit.


! Package xcolor Error: Undefined color `CTlink'.

See the xcolor package documentation for explanation.
Type  H <return>  for immediate help.
 ...                                              
                                                  
l.461 ...ability Analysis}}{119}{subsection.7.7.3}
                                                  %
Try typing  <return>  to proceed.
If that doesn't work, type  X <return>  to quit.


! Package xcolor Error: Undefined color `CTlink'.

See the xcolor package documentation for explanation.
Type  H <return>  for immediate help.
 ...                                              
                                                  
l.462 ... Against Requirements}}{119}{section.7.8}
                                                  %
Try typing  <return>  to proceed.
If that doesn't work, type  X <return>  to quit.


! Package xcolor Error: Undefined color `CTlink'.

See the xcolor package documentation for explanation.
Type  H <return>  for immediate help.
 ...                                              
                                                  
l.463 ...ation-challenge}}}{119}{subsection.7.8.1}
                                                  %
Try typing  <return>  to proceed.
If that doesn't work, type  X <return>  to quit.


! Package xcolor Error: Undefined color `CTlink'.

See the xcolor package documentation for explanation.
Type  H <return>  for immediate help.
 ...                                              
                                                  
l.463 ...ation-challenge}}}{119}{subsection.7.8.1}
                                                  %
Try typing  <return>  to proceed.
If that doesn't work, type  X <return>  to quit.


! Package xcolor Error: Undefined color `CTlink'.

See the xcolor package documentation for explanation.
Type  H <return>  for immediate help.
 ...                                              
                                                  
l.464 ...tions Identified}}{120}{subsection.7.8.2}
                                                  %
Try typing  <return>  to proceed.
If that doesn't work, type  X <return>  to quit.


! Package xcolor Error: Undefined color `CTlink'.

See the xcolor package documentation for explanation.
Type  H <return>  for immediate help.
 ...                                              
                                                  
l.465 ...mmary and Conclusions}}{121}{section.7.9}
                                                  %
Try typing  <return>  to proceed.
If that doesn't work, type  X <return>  to quit.


! Package xcolor Error: Undefined color `CTlink'.

See the xcolor package documentation for explanation.
Type  H <return>  for immediate help.
 ...                                              
                                                  
l.466 ...idation Outcomes}}{121}{subsection.7.9.1}
                                                  %
Try typing  <return>  to proceed.
If that doesn't work, type  X <return>  to quit.


! Package xcolor Error: Undefined color `CTlink'.

See the xcolor package documentation for explanation.
Type  H <return>  for immediate help.
 ...                                              
                                                  
l.467 ...ations Validated}}{121}{subsection.7.9.2}
                                                  %
Try typing  <return>  to proceed.
If that doesn't work, type  X <return>  to quit.


! Package xcolor Error: Undefined color `CTlink'.

See the xcolor package documentation for explanation.
Type  H <return>  for immediate help.
 ...                                              
                                                  
l.468 ...Definitive Proof}}{121}{subsection.7.9.3}
                                                  %
Try typing  <return>  to proceed.
If that doesn't work, type  X <return>  to quit.


! Package xcolor Error: Undefined color `CTlink'.

See the xcolor package documentation for explanation.
Type  H <return>  for immediate help.
 ...                                              
                                                  
l.469 ...ation Directions}}{122}{subsection.7.9.4}
                                                  %
Try typing  <return>  to proceed.
If that doesn't work, type  X <return>  to quit.


! Package xcolor Error: Undefined color `CTtitle'.

See the xcolor package documentation for explanation.
Type  H <return>  for immediate help.
 ...                                              
                                                  
l.470 ...erline {iv}{Implementation}}{123}{part.4}
                                                  %
Try typing  <return>  to proceed.
If that doesn't work, type  X <return>  to quit.


! Package xcolor Error: Undefined color `CTlink'.

See the xcolor package documentation for explanation.
Type  H <return>  for immediate help.
 ...                                              
                                                  
l.471 ...Ypn System Architecture}}{124}{chapter.8}
                                                  %
Try typing  <return>  to proceed.
If that doesn't work, type  X <return>  to quit.


! Package xcolor Error: Undefined color `CTlink'.

See the xcolor package documentation for explanation.
Type  H <return>  for immediate help.
 ...                                              
                                                  
l.472 ...ne {8.1}{Introduction}}{124}{section.8.1}
                                                  %
Try typing  <return>  to proceed.
If that doesn't work, type  X <return>  to quit.


! Package xcolor Error: Undefined color `CTlink'.

See the xcolor package documentation for explanation.
Type  H <return>  for immediate help.
 ...                                              
                                                  
l.473 ....1}{Design Goals}}{124}{subsection.8.1.1}
                                                  %
Try typing  <return>  to proceed.
If that doesn't work, type  X <return>  to quit.


! Package xcolor Error: Undefined color `CTlink'.

See the xcolor package documentation for explanation.
Type  H <return>  for immediate help.
 ...                                              
                                                  
l.474 ...ey Contributions}}{124}{subsection.8.1.2}
                                                  %
Try typing  <return>  to proceed.
If that doesn't work, type  X <return>  to quit.


! Package xcolor Error: Undefined color `CTlink'.

See the xcolor package documentation for explanation.
Type  H <return>  for immediate help.
 ...                                              
                                                  
l.475 ...{8.2}{System Overview}}{125}{section.8.2}
                                                  %
Try typing  <return>  to proceed.
If that doesn't work, type  X <return>  to quit.


! Package xcolor Error: Undefined color `CTlink'.

See the xcolor package documentation for explanation.
Type  H <return>  for immediate help.
 ...                                              
                                                  
l.476 ...itectural Layers}}{125}{subsection.8.2.1}
                                                  %
Try typing  <return>  to proceed.
If that doesn't work, type  X <return>  to quit.


! Package xcolor Error: Undefined color `CTlink'.

See the xcolor package documentation for explanation.
Type  H <return>  for immediate help.
 ...                                              
                                                  
l.477 ...Technology Stack}}{125}{subsection.8.2.2}
                                                  %
Try typing  <return>  to proceed.
If that doesn't work, type  X <return>  to quit.


! Package xcolor Error: Undefined color `CTlink'.

See the xcolor package documentation for explanation.
Type  H <return>  for immediate help.
 ...                                              
                                                  
l.478 ...roject Structure}}{126}{subsection.8.2.3}
                                                  %
Try typing  <return>  to proceed.
If that doesn't work, type  X <return>  to quit.


! Package xcolor Error: Undefined color `CTlink'.

See the xcolor package documentation for explanation.
Type  H <return>  for immediate help.
 ...                                              
                                                  
l.479 ... Model Representation}}{127}{section.8.3}
                                                  %
Try typing  <return>  to proceed.
If that doesn't work, type  X <return>  to quit.


! Package xcolor Error: Undefined color `CTlink'.

See the xcolor package documentation for explanation.
Type  H <return>  for immediate help.
 ...                                              
                                                  
l.480 ....1}{Core Classes}}{127}{subsection.8.3.1}
                                                  %
Try typing  <return>  to proceed.
If that doesn't work, type  X <return>  to quit.


! Package xcolor Error: Undefined color `CTlink'.

See the xcolor package documentation for explanation.
Type  H <return>  for immediate help.
 ...                                              
                                                  
l.486 ...}{Rate Functions}}{128}{subsection.8.3.2}
                                                  %
Try typing  <return>  to proceed.
If that doesn't work, type  X <return>  to quit.


! Package xcolor Error: Undefined color `CTlink'.

See the xcolor package documentation for explanation.
Type  H <return>  for immediate help.
 ...                                              
                                                  
l.487 ...hemical Formulas}}{129}{subsection.8.3.3}
                                                  %
Try typing  <return>  to proceed.
If that doesn't work, type  X <return>  to quit.


! Package xcolor Error: Undefined color `CTlink'.

See the xcolor package documentation for explanation.
Type  H <return>  for immediate help.
 ...                                              
                                                  
l.488 ...{Business Logic Layer}}{129}{section.8.4}
                                                  %
Try typing  <return>  to proceed.
If that doesn't work, type  X <return>  to quit.


! Package xcolor Error: Undefined color `CTlink'.

See the xcolor package documentation for explanation.
Type  H <return>  for immediate help.
 ...                                              
                                                  
l.489 ...1}{Model Manager}}{129}{subsection.8.4.1}
                                                  %
Try typing  <return>  to proceed.
If that doesn't work, type  X <return>  to quit.


! Package xcolor Error: Undefined color `CTlink'.

See the xcolor package documentation for explanation.
Type  H <return>  for immediate help.
 ...                                              
                                                  
l.490 ...ation Controller}}{129}{subsection.8.4.2}
                                                  %
Try typing  <return>  to proceed.
If that doesn't work, type  X <return>  to quit.


! Package xcolor Error: Undefined color `CTlink'.

See the xcolor package documentation for explanation.
Type  H <return>  for immediate help.
 ...                                              
                                                  
l.491 ...{Analysis Engine}}{130}{subsection.8.4.3}
                                                  %
Try typing  <return>  to proceed.
If that doesn't work, type  X <return>  to quit.


Overfull \vbox (6.51149pt too high) has occurred while \output is active []


[12]

! Package xcolor Error: Undefined color `CTlink'.

See the xcolor package documentation for explanation.
Type  H <return>  for immediate help.
 ...                                              
                                                  
l.492 ...5}{Presentation Layer}}{130}{section.8.5}
                                                  %
Try typing  <return>  to proceed.
If that doesn't work, type  X <return>  to quit.


! Package xcolor Error: Undefined color `CTlink'.

See the xcolor package documentation for explanation.
Type  H <return>  for immediate help.
 ...                                              
                                                  
l.493 ...}{Network Canvas}}{130}{subsection.8.5.1}
                                                  %
Try typing  <return>  to proceed.
If that doesn't work, type  X <return>  to quit.


! Package xcolor Error: Undefined color `CTlink'.

See the xcolor package documentation for explanation.
Type  H <return>  for immediate help.
 ...                                              
                                                  
l.496 ...}{Property Panel}}{131}{subsection.8.5.2}
                                                  %
Try typing  <return>  to proceed.
If that doesn't work, type  X <return>  to quit.


! Package xcolor Error: Undefined color `CTlink'.

See the xcolor package documentation for explanation.
Type  H <return>  for immediate help.
 ...                                              
                                                  
l.499 ...Simulation Panel}}{132}{subsection.8.5.3}
                                                  %
Try typing  <return>  to proceed.
If that doesn't work, type  X <return>  to quit.


! Package xcolor Error: Undefined color `CTlink'.

See the xcolor package documentation for explanation.
Type  H <return>  for immediate help.
 ...                                              
                                                  
l.500 ... and Interoperability}}{132}{section.8.6}
                                                  %
Try typing  <return>  to proceed.
If that doesn't work, type  X <return>  to quit.


! Package xcolor Error: Undefined color `CTlink'.

See the xcolor package documentation for explanation.
Type  H <return>  for immediate help.
 ...                                              
                                                  
l.501 ...tive JSON Format}}{132}{subsection.8.6.1}
                                                  %
Try typing  <return>  to proceed.
If that doesn't work, type  X <return>  to quit.


! Package xcolor Error: Undefined color `CTlink'.

See the xcolor package documentation for explanation.
Type  H <return>  for immediate help.
 ...                                              
                                                  
l.502 ...6.2}{SBML Import}}{133}{subsection.8.6.2}
                                                  %
Try typing  <return>  to proceed.
If that doesn't work, type  X <return>  to quit.


! Package xcolor Error: Undefined color `CTlink'.

See the xcolor package documentation for explanation.
Type  H <return>  for immediate help.
 ...                                              
                                                  
l.503 ...}{GraphML Export}}{134}{subsection.8.6.3}
                                                  %
Try typing  <return>  to proceed.
If that doesn't work, type  X <return>  to quit.


! Package xcolor Error: Undefined color `CTlink'.

See the xcolor package documentation for explanation.
Type  H <return>  for immediate help.
 ...                                              
                                                  
l.504 ...rmance Considerations}}{134}{section.8.7}
                                                  %
Try typing  <return>  to proceed.
If that doesn't work, type  X <return>  to quit.


! Package xcolor Error: Undefined color `CTlink'.

See the xcolor package documentation for explanation.
Type  H <return>  for immediate help.
 ...                                              
                                                  
l.505 ...fied Bottlenecks}}{134}{subsection.8.7.1}
                                                  %
Try typing  <return>  to proceed.
If that doesn't work, type  X <return>  to quit.


! Package xcolor Error: Undefined color `CTlink'.

See the xcolor package documentation for explanation.
Type  H <return>  for immediate help.
 ...                                              
                                                  
l.506 ...ation Strategies}}{134}{subsection.8.7.2}
                                                  %
Try typing  <return>  to proceed.
If that doesn't work, type  X <return>  to quit.


! Package xcolor Error: Undefined color `CTlink'.

See the xcolor package documentation for explanation.
Type  H <return>  for immediate help.
 ...                                              
                                                  
l.507 ...enchmark Results}}{135}{subsection.8.7.3}
                                                  %
Try typing  <return>  to proceed.
If that doesn't work, type  X <return>  to quit.


! Package xcolor Error: Undefined color `CTlink'.

See the xcolor package documentation for explanation.
Type  H <return>  for immediate help.
 ...                                              
                                                  
l.508 ...berline {8.8}{Summary}}{135}{section.8.8}
                                                  %
Try typing  <return>  to proceed.
If that doesn't work, type  X <return>  to quit.


! Package xcolor Error: Undefined color `CTlink'.

See the xcolor package documentation for explanation.
Type  H <return>  for immediate help.
 ...                                              
                                                  
l.509 ...nd Reaction Integration}}{137}{chapter.9}
                                                  %
Try typing  <return>  to proceed.
If that doesn't work, type  X <return>  to quit.


! Package xcolor Error: Undefined color `CTlink'.

See the xcolor package documentation for explanation.
Type  H <return>  for immediate help.
 ...                                              
                                                  
l.510 ...ne {9.1}{Introduction}}{137}{section.9.1}
                                                  %
Try typing  <return>  to proceed.
If that doesn't work, type  X <return>  to quit.


! Package xcolor Error: Undefined color `CTlink'.

See the xcolor package documentation for explanation.
Type  H <return>  for immediate help.
 ...                                              
                                                  
l.511 ...1}{KEGG Database}}{137}{subsection.9.1.1}
                                                  %
Try typing  <return>  to proceed.
If that doesn't work, type  X <return>  to quit.


! Package xcolor Error: Undefined color `CTlink'.

See the xcolor package documentation for explanation.
Type  H <return>  for immediate help.
 ...                                              
                                                  
l.512 ...gration Features}}{137}{subsection.9.1.2}
                                                  %
Try typing  <return>  to proceed.
If that doesn't work, type  X <return>  to quit.


! Package xcolor Error: Undefined color `CTlink'.

See the xcolor package documentation for explanation.
Type  H <return>  for immediate help.
 ...                                              
                                                  
l.513 ...e {9.2}{KEGG REST API}}{138}{section.9.2}
                                                  %
Try typing  <return>  to proceed.
If that doesn't work, type  X <return>  to quit.


! Package xcolor Error: Undefined color `CTlink'.

See the xcolor package documentation for explanation.
Type  H <return>  for immediate help.
 ...                                              
                                                  
l.514 ...9.2.1}{Endpoints}}{138}{subsection.9.2.1}
                                                  %
Try typing  <return>  to proceed.
If that doesn't work, type  X <return>  to quit.


! Package xcolor Error: Undefined color `CTlink'.

See the xcolor package documentation for explanation.
Type  H <return>  for immediate help.
 ...                                              
                                                  
l.515 ...e: Fetch Glucose}}{138}{subsection.9.2.2}
                                                  %
Try typing  <return>  to proceed.
If that doesn't work, type  X <return>  to quit.


! Package xcolor Error: Undefined color `CTlink'.

See the xcolor package documentation for explanation.
Type  H <return>  for immediate help.
 ...                                              
                                                  
l.518 ...okinase Reaction}}{138}{subsection.9.2.3}
                                                  %
Try typing  <return>  to proceed.
If that doesn't work, type  X <return>  to quit.


! Package xcolor Error: Undefined color `CTlink'.

See the xcolor package documentation for explanation.
Type  H <return>  for immediate help.
 ...                                              
                                                  
l.521 ...}{KEGGConnector Class}}{139}{section.9.3}
                                                  %
Try typing  <return>  to proceed.
If that doesn't work, type  X <return>  to quit.


! Package xcolor Error: Undefined color `CTlink'.

See the xcolor package documentation for explanation.
Type  H <return>  for immediate help.
 ...                                              
                                                  
l.522 ...Responsibilities}}{139}{subsection.9.3.1}
                                                  %
Try typing  <return>  to proceed.
If that doesn't work, type  X <return>  to quit.


! Package xcolor Error: Undefined color `CTlink'.

See the xcolor package documentation for explanation.
Type  H <return>  for immediate help.
 ...                                              
                                                  
l.523 ...3.2}{Key Methods}}{139}{subsection.9.3.2}
                                                  %
Try typing  <return>  to proceed.
If that doesn't work, type  X <return>  to quit.


! Package xcolor Error: Undefined color `CTlink'.

See the xcolor package documentation for explanation.
Type  H <return>  for immediate help.
 ...                                              
                                                  
l.524 ...}{Usage Examples}}{140}{subsection.9.3.3}
                                                  %
Try typing  <return>  to proceed.
If that doesn't work, type  X <return>  to quit.


! Package xcolor Error: Undefined color `CTlink'.

See the xcolor package documentation for explanation.
Type  H <return>  for immediate help.
 ...                                              
                                                  
l.528 ...atic Model Enrichment}}{140}{section.9.4}
                                                  %
Try typing  <return>  to proceed.
If that doesn't work, type  X <return>  to quit.


! Package xcolor Error: Undefined color `CTlink'.

See the xcolor package documentation for explanation.
Type  H <return>  for immediate help.
 ...                                              
                                                  
l.529 ...ormula Auto-Fill}}{140}{subsection.9.4.1}
                                                  %
Try typing  <return>  to proceed.
If that doesn't work, type  X <return>  to quit.


! Package xcolor Error: Undefined color `CTlink'.

See the xcolor package documentation for explanation.
Type  H <return>  for immediate help.
 ...                                              
                                                  
l.530 ...{Reaction Import}}{141}{subsection.9.4.2}
                                                  %
Try typing  <return>  to proceed.
If that doesn't work, type  X <return>  to quit.


! Package xcolor Error: Undefined color `CTlink'.

See the xcolor package documentation for explanation.
Type  H <return>  for immediate help.
 ...                                              
                                                  
l.532 ...}{Pathway Import}}{142}{subsection.9.4.3}
                                                  %
Try typing  <return>  to proceed.
If that doesn't work, type  X <return>  to quit.


! Package xcolor Error: Undefined color `CTlink'.

See the xcolor package documentation for explanation.
Type  H <return>  for immediate help.
 ...                                              
                                                  
l.534 ...}{Cofactor Suggestion}}{142}{section.9.5}
                                                  %
Try typing  <return>  to proceed.
If that doesn't work, type  X <return>  to quit.


! Package xcolor Error: Undefined color `CTlink'.

See the xcolor package documentation for explanation.
Type  H <return>  for immediate help.
 ...                                              
                                                  
l.535 ...issing Cofactors}}{142}{subsection.9.5.1}
                                                  %
Try typing  <return>  to proceed.
If that doesn't work, type  X <return>  to quit.


! Package xcolor Error: Undefined color `CTlink'.

See the xcolor package documentation for explanation.
Type  H <return>  for immediate help.
 ...                                              
                                                  
l.536 ...estion Algorithm}}{142}{subsection.9.5.2}
                                                  %
Try typing  <return>  to proceed.
If that doesn't work, type  X <return>  to quit.


! Package xcolor Error: Undefined color `CTlink'.

See the xcolor package documentation for explanation.
Type  H <return>  for immediate help.
 ...                                              
                                                  
l.538 ...xokinase Balance}}{143}{subsection.9.5.3}
                                                  %
Try typing  <return>  to proceed.
If that doesn't work, type  X <return>  to quit.


! Package xcolor Error: Undefined color `CTlink'.

See the xcolor package documentation for explanation.
Type  H <return>  for immediate help.
 ...                                              
                                                  
l.539 ...with Model Validation}}{144}{section.9.6}
                                                  %
Try typing  <return>  to proceed.
If that doesn't work, type  X <return>  to quit.


! Package xcolor Error: Undefined color `CTlink'.

See the xcolor package documentation for explanation.
Type  H <return>  for immediate help.
 ...                                              
                                                  
l.540 ...idation Workflow}}{144}{subsection.9.6.1}
                                                  %
Try typing  <return>  to proceed.
If that doesn't work, type  X <return>  to quit.


! Package xcolor Error: Undefined color `CTlink'.

See the xcolor package documentation for explanation.
Type  H <return>  for immediate help.
 ...                                              
                                                  
l.541 ...rformance and Caching}}{144}{section.9.7}
                                                  %
Try typing  <return>  to proceed.
If that doesn't work, type  X <return>  to quit.


! Package xcolor Error: Undefined color `CTlink'.

See the xcolor package documentation for explanation.
Type  H <return>  for immediate help.
 ...                                              
                                                  
l.542 ...all Minimization}}{144}{subsection.9.7.1}
                                                  %
Try typing  <return>  to proceed.
If that doesn't work, type  X <return>  to quit.


! Package xcolor Error: Undefined color `CTlink'.

See the xcolor package documentation for explanation.
Type  H <return>  for immediate help.
 ...                                              
                                                  
l.543 ...Offline Database}}{145}{subsection.9.7.2}
                                                  %
Try typing  <return>  to proceed.
If that doesn't work, type  X <return>  to quit.


! Package xcolor Error: Undefined color `CTlink'.

See the xcolor package documentation for explanation.
Type  H <return>  for immediate help.
 ...                                              
                                                  
l.544 ...tions and Future Work}}{145}{section.9.8}
                                                  %
Try typing  <return>  to proceed.
If that doesn't work, type  X <return>  to quit.


! Package xcolor Error: Undefined color `CTlink'.

See the xcolor package documentation for explanation.
Type  H <return>  for immediate help.
 ...                                              
                                                  
l.545 ...rent Limitations}}{145}{subsection.9.8.1}
                                                  %
Try typing  <return>  to proceed.
If that doesn't work, type  X <return>  to quit.


! Package xcolor Error: Undefined color `CTlink'.

See the xcolor package documentation for explanation.
Type  H <return>  for immediate help.
 ...                                              
                                                  
l.546 ...ure Enhancements}}{146}{subsection.9.8.2}
                                                  %
Try typing  <return>  to proceed.
If that doesn't work, type  X <return>  to quit.


! Package xcolor Error: Undefined color `CTlink'.

See the xcolor package documentation for explanation.
Type  H <return>  for immediate help.
 ...                                              
                                                  
l.547 ...berline {9.9}{Summary}}{146}{section.9.9}
                                                  %
Try typing  <return>  to proceed.
If that doesn't work, type  X <return>  to quit.


! Package xcolor Error: Undefined color `CTlink'.

See the xcolor package documentation for explanation.
Type  H <return>  for immediate help.
 ...                                              
                                                  
l.548 ... Inference from BRENDA}}{148}{chapter.10}
                                                  %
Try typing  <return>  to proceed.
If that doesn't work, type  X <return>  to quit.


Overfull \hbox (11.96034pt too wide) in paragraph at lines 548--548
 [][] []\T1/pplj/m/sc/10.95/80ls (-20) intelligent pa-ram-e-ter in-fer-ence fro
m brenda []  
 []


! Package xcolor Error: Undefined color `CTlink'.

See the xcolor package documentation for explanation.
Type  H <return>  for immediate help.
 ...                                              
                                                  
l.549 ... {10.1}{Introduction}}{148}{section.10.1}
                                                  %
Try typing  <return>  to proceed.
If that doesn't work, type  X <return>  to quit.


! Package xcolor Error: Undefined color `CTlink'.

See the xcolor package documentation for explanation.
Type  H <return>  for immediate help.
 ...                                              
                                                  
l.550 ...BRENDA Database}}{148}{subsection.10.1.1}
                                                  %
Try typing  <return>  to proceed.
If that doesn't work, type  X <return>  to quit.


! Package xcolor Error: Undefined color `CTlink'.

See the xcolor package documentation for explanation.
Type  H <return>  for immediate help.
 ...                                              
                                                  
l.551 ...meter Inference}}{148}{subsection.10.1.2}
                                                  %
Try typing  <return>  to proceed.
If that doesn't work, type  X <return>  to quit.


Overfull \vbox (6.51149pt too high) has occurred while \output is active []


[13]

! Package xcolor Error: Undefined color `CTlink'.

See the xcolor package documentation for explanation.
Type  H <return>  for immediate help.
 ...                                              
                                                  
l.552 ...RENDA Data Structure}}{149}{section.10.2}
                                                  %
Try typing  <return>  to proceed.
If that doesn't work, type  X <return>  to quit.


! Package xcolor Error: Undefined color `CTlink'.

See the xcolor package documentation for explanation.
Type  H <return>  for immediate help.
 ...                                              
                                                  
l.553 ...on (EC) Numbers}}{149}{subsection.10.2.1}
                                                  %
Try typing  <return>  to proceed.
If that doesn't work, type  X <return>  to quit.


! Package xcolor Error: Undefined color `CTlink'.

See the xcolor package documentation for explanation.
Type  H <return>  for immediate help.
 ...                                              
                                                  
l.554 ...eters in BRENDA}}{149}{subsection.10.2.2}
                                                  %
Try typing  <return>  to proceed.
If that doesn't work, type  X <return>  to quit.


! Package xcolor Error: Undefined color `CTlink'.

See the xcolor package documentation for explanation.
Type  H <return>  for immediate help.
 ...                                              
                                                  
l.555 ...0.3}{BRENDA SOAP API}}{150}{section.10.3}
                                                  %
Try typing  <return>  to proceed.
If that doesn't work, type  X <return>  to quit.


! Package xcolor Error: Undefined color `CTlink'.

See the xcolor package documentation for explanation.
Type  H <return>  for immediate help.
 ...                                              
                                                  
l.556 ...{Authentication}}{150}{subsection.10.3.1}
                                                  %
Try typing  <return>  to proceed.
If that doesn't work, type  X <return>  to quit.


! Package xcolor Error: Undefined color `CTlink'.

See the xcolor package documentation for explanation.
Type  H <return>  for immediate help.
 ...                                              
                                                  
l.557 ...Connector Class}}{150}{subsection.10.3.2}
                                                  %
Try typing  <return>  to proceed.
If that doesn't work, type  X <return>  to quit.


! Package xcolor Error: Undefined color `CTlink'.

See the xcolor package documentation for explanation.
Type  H <return>  for immediate help.
 ...                                              
                                                  
l.558 ...exokinase $K_m$}}{150}{subsection.10.3.3}
                                                  %
Try typing  <return>  to proceed.
If that doesn't work, type  X <return>  to quit.


! Package xcolor Error: Undefined color `CTlink'.

See the xcolor package documentation for explanation.
Type  H <return>  for immediate help.
 ...                                              
                                                  
l.559 ...tistical Aggregation}}{151}{section.10.4}
                                                  %
Try typing  <return>  to proceed.
If that doesn't work, type  X <return>  to quit.


! Package xcolor Error: Undefined color `CTlink'.

See the xcolor package documentation for explanation.
Type  H <return>  for immediate help.
 ...                                              
                                                  
l.560 ...obust Estimator}}{151}{subsection.10.4.1}
                                                  %
Try typing  <return>  to proceed.
If that doesn't work, type  X <return>  to quit.


! Package xcolor Error: Undefined color `CTlink'.

See the xcolor package documentation for explanation.
Type  H <return>  for immediate help.
 ...                                              
                                                  
l.561 ...dence Intervals}}{151}{subsection.10.4.2}
                                                  %
Try typing  <return>  to proceed.
If that doesn't work, type  X <return>  to quit.


! Package xcolor Error: Undefined color `CTlink'.

See the xcolor package documentation for explanation.
Type  H <return>  for immediate help.
 ...                                              
                                                  
l.562 ...ext-Aware Heuristics}}{152}{section.10.5}
                                                  %
Try typing  <return>  to proceed.
If that doesn't work, type  X <return>  to quit.


! Package xcolor Error: Undefined color `CTlink'.

See the xcolor package documentation for explanation.
Type  H <return>  for immediate help.
 ...                                              
                                                  
l.563 ...ganism Priority}}{152}{subsection.10.5.1}
                                                  %
Try typing  <return>  to proceed.
If that doesn't work, type  X <return>  to quit.


! Package xcolor Error: Undefined color `CTlink'.

See the xcolor package documentation for explanation.
Type  H <return>  for immediate help.
 ...                                              
                                                  
l.564 ...ality Filtering}}{152}{subsection.10.5.2}
                                                  %
Try typing  <return>  to proceed.
If that doesn't work, type  X <return>  to quit.


! Package xcolor Error: Undefined color `CTlink'.

See the xcolor package documentation for explanation.
Type  H <return>  for immediate help.
 ...                                              
                                                  
l.565 ...cal Database Caching}}{153}{section.10.6}
                                                  %
Try typing  <return>  to proceed.
If that doesn't work, type  X <return>  to quit.


! Package xcolor Error: Undefined color `CTlink'.

See the xcolor package documentation for explanation.
Type  H <return>  for immediate help.
 ...                                              
                                                  
l.566 ...6.1}{Motivation}}{153}{subsection.10.6.1}
                                                  %
Try typing  <return>  to proceed.
If that doesn't work, type  X <return>  to quit.


! Package xcolor Error: Undefined color `CTlink'.

See the xcolor package documentation for explanation.
Type  H <return>  for immediate help.
 ...                                              
                                                  
l.567 ...Database Schema}}{153}{subsection.10.6.2}
                                                  %
Try typing  <return>  to proceed.
If that doesn't work, type  X <return>  to quit.


! Package xcolor Error: Undefined color `CTlink'.

See the xcolor package documentation for explanation.
Type  H <return>  for immediate help.
 ...                                              
                                                  
l.568 ...ow with Caching}}{154}{subsection.10.6.3}
                                                  %
Try typing  <return>  to proceed.
If that doesn't work, type  X <return>  to quit.


! Package xcolor Error: Undefined color `CTlink'.

See the xcolor package documentation for explanation.
Type  H <return>  for immediate help.
 ...                                              
                                                  
l.569 ...10.7}{UI Integration}}{154}{section.10.7}
                                                  %
Try typing  <return>  to proceed.
If that doesn't work, type  X <return>  to quit.


! Package xcolor Error: Undefined color `CTlink'.

See the xcolor package documentation for explanation.
Type  H <return>  for immediate help.
 ...                                              
                                                  
l.570 ...BRENDA'' Button}}{154}{subsection.10.7.1}
                                                  %
Try typing  <return>  to proceed.
If that doesn't work, type  X <return>  to quit.


! Package xcolor Error: Undefined color `CTlink'.

See the xcolor package documentation for explanation.
Type  H <return>  for immediate help.
 ...                                              
                                                  
l.571 ...meter Inference}}{155}{subsection.10.7.2}
                                                  %
Try typing  <return>  to proceed.
If that doesn't work, type  X <return>  to quit.


! Package xcolor Error: Undefined color `CTlink'.

See the xcolor package documentation for explanation.
Type  H <return>  for immediate help.
 ...                                              
                                                  
l.572 ...ions and Future Work}}{155}{section.10.8}
                                                  %
Try typing  <return>  to proceed.
If that doesn't work, type  X <return>  to quit.


! Package xcolor Error: Undefined color `CTlink'.

See the xcolor package documentation for explanation.
Type  H <return>  for immediate help.
 ...                                              
                                                  
l.573 ...ent Limitations}}{155}{subsection.10.8.1}
                                                  %
Try typing  <return>  to proceed.
If that doesn't work, type  X <return>  to quit.


! Package xcolor Error: Undefined color `CTlink'.

See the xcolor package documentation for explanation.
Type  H <return>  for immediate help.
 ...                                              
                                                  
l.574 ...re Enhancements}}{155}{subsection.10.8.2}
                                                  %
Try typing  <return>  to proceed.
If that doesn't work, type  X <return>  to quit.


! Package xcolor Error: Undefined color `CTlink'.

See the xcolor package documentation for explanation.
Type  H <return>  for immediate help.
 ...                                              
                                                  
l.575 ...rline {10.9}{Summary}}{156}{section.10.9}
                                                  %
Try typing  <return>  to proceed.
If that doesn't work, type  X <return>  to quit.


! Package xcolor Error: Undefined color `CTlink'.

See the xcolor package documentation for explanation.
Type  H <return>  for immediate help.
 ...                                              
                                                  
l.576 ...brid Simulation Engine}}{157}{chapter.11}
                                                  %
Try typing  <return>  to proceed.
If that doesn't work, type  X <return>  to quit.


! Package xcolor Error: Undefined color `CTlink'.

See the xcolor package documentation for explanation.
Type  H <return>  for immediate help.
 ...                                              
                                                  
l.577 ... {11.1}{Introduction}}{157}{section.11.1}
                                                  %
Try typing  <return>  to proceed.
If that doesn't work, type  X <return>  to quit.


! Package xcolor Error: Undefined color `CTlink'.

See the xcolor package documentation for explanation.
Type  H <return>  for immediate help.
 ...                                              
                                                  
l.578 ...y Contributions}}{157}{subsection.11.1.1}
                                                  %
Try typing  <return>  to proceed.
If that doesn't work, type  X <return>  to quit.


! Package xcolor Error: Undefined color `CTlink'.

See the xcolor package documentation for explanation.
Type  H <return>  for immediate help.
 ...                                              
                                                  
l.579 ...rchitecture Overview}}{157}{section.11.2}
                                                  %
Try typing  <return>  to proceed.
If that doesn't work, type  X <return>  to quit.


! Package xcolor Error: Undefined color `CTlink'.

See the xcolor package documentation for explanation.
Type  H <return>  for immediate help.
 ...                                              
                                                  
l.580 ...r-Engine Design}}{157}{subsection.11.2.1}
                                                  %
Try typing  <return>  to proceed.
If that doesn't work, type  X <return>  to quit.


! Package xcolor Error: Undefined color `CTlink'.

See the xcolor package documentation for explanation.
Type  H <return>  for immediate help.
 ...                                              
                                                  
l.581 ...Simulation Loop}}{158}{subsection.11.2.2}
                                                  %
Try typing  <return>  to proceed.
If that doesn't work, type  X <return>  to quit.


! Package xcolor Error: Undefined color `CTlink'.

See the xcolor package documentation for explanation.
Type  H <return>  for immediate help.
 ...                                              
                                                  
l.582 ...ne (ODE Integration)}}{158}{section.11.3}
                                                  %
Try typing  <return>  to proceed.
If that doesn't work, type  X <return>  to quit.


! Package xcolor Error: Undefined color `CTlink'.

See the xcolor package documentation for explanation.
Type  H <return>  for immediate help.
 ...                                              
                                                  
l.583 ...ntial Equations}}{158}{subsection.11.3.1}
                                                  %
Try typing  <return>  to proceed.
If that doesn't work, type  X <return>  to quit.


! Package xcolor Error: Undefined color `CTlink'.

See the xcolor package documentation for explanation.
Type  H <return>  for immediate help.
 ...                                              
                                                  
l.584 ...ver Integration}}{159}{subsection.11.3.2}
                                                  %
Try typing  <return>  to proceed.
If that doesn't work, type  X <return>  to quit.


! Package xcolor Error: Undefined color `CTlink'.

See the xcolor package documentation for explanation.
Type  H <return>  for immediate help.
 ...                                              
                                                  
l.585 ...e Time-Stepping}}{159}{subsection.11.3.3}
                                                  %
Try typing  <return>  to proceed.
If that doesn't work, type  X <return>  to quit.


! Package xcolor Error: Undefined color `CTlink'.

See the xcolor package documentation for explanation.
Type  H <return>  for immediate help.
 ...                                              
                                                  
l.586 ...Gillespie Algorithm)}}{159}{section.11.4}
                                                  %
Try typing  <return>  to proceed.
If that doesn't work, type  X <return>  to quit.


! Package xcolor Error: Undefined color `CTlink'.

See the xcolor package documentation for explanation.
Type  H <return>  for immediate help.
 ...                                              
                                                  
l.587 ...Algorithm (SSA)}}{159}{subsection.11.4.1}
                                                  %
Try typing  <return>  to proceed.
If that doesn't work, type  X <return>  to quit.


! Package xcolor Error: Undefined color `CTlink'.

See the xcolor package documentation for explanation.
Type  H <return>  for immediate help.
 ...                                              
                                                  
l.588 ...Gene Expression}}{160}{subsection.11.4.2}
                                                  %
Try typing  <return>  to proceed.
If that doesn't work, type  X <return>  to quit.


! Package xcolor Error: Undefined color `CTlink'.

See the xcolor package documentation for explanation.
Type  H <return>  for immediate help.
 ...                                              
                                                  
l.589 ...e (Scheduled Events)}}{160}{section.11.5}
                                                  %
Try typing  <return>  to proceed.
If that doesn't work, type  X <return>  to quit.


! Package xcolor Error: Undefined color `CTlink'.

See the xcolor package documentation for explanation.
Type  H <return>  for immediate help.
 ...                                              
                                                  
l.590 ...med Transitions}}{160}{subsection.11.5.1}
                                                  %
Try typing  <return>  to proceed.
If that doesn't work, type  X <return>  to quit.


! Package xcolor Error: Undefined color `CTlink'.

See the xcolor package documentation for explanation.
Type  H <return>  for immediate help.
 ...                                              
                                                  
l.591 ...Priority Queue)}}{160}{subsection.11.5.2}
                                                  %
Try typing  <return>  to proceed.
If that doesn't work, type  X <return>  to quit.


! Package xcolor Error: Undefined color `CTlink'.

See the xcolor package documentation for explanation.
Type  H <return>  for immediate help.
 ...                                              
                                                  
l.592 ...nscriptional Bursts)}}{161}{section.11.6}
                                                  %
Try typing  <return>  to proceed.
If that doesn't work, type  X <return>  to quit.


! Package xcolor Error: Undefined color `CTlink'.

See the xcolor package documentation for explanation.
Type  H <return>  for immediate help.
 ...                                              
                                                  
l.593 ...{Burst Dynamics}}{161}{subsection.11.6.1}
                                                  %
Try typing  <return>  to proceed.
If that doesn't work, type  X <return>  to quit.


! Package xcolor Error: Undefined color `CTlink'.

See the xcolor package documentation for explanation.
Type  H <return>  for immediate help.
 ...                                              
                                                  
l.594 ...Gene Expression}}{161}{subsection.11.6.2}
                                                  %
Try typing  <return>  to proceed.
If that doesn't work, type  X <return>  to quit.


! Package xcolor Error: Undefined color `CTlink'.

See the xcolor package documentation for explanation.
Type  H <return>  for immediate help.
 ...                                              
                                                  
l.595 ...brid Synchronization}}{161}{section.11.7}
                                                  %
Try typing  <return>  to proceed.
If that doesn't work, type  X <return>  to quit.


! Package xcolor Error: Undefined color `CTlink'.

See the xcolor package documentation for explanation.
Type  H <return>  for immediate help.
 ...                                              
                                                  
l.596 ...ation Algorithm}}{161}{subsection.11.7.1}
                                                  %
Try typing  <return>  to proceed.
If that doesn't work, type  X <return>  to quit.


! Package xcolor Error: Undefined color `CTlink'.

See the xcolor package documentation for explanation.
Type  H <return>  for immediate help.
 ...                                              
                                                  
l.597 ...tion Guarantees}}{162}{subsection.11.7.2}
                                                  %
Try typing  <return>  to proceed.
If that doesn't work, type  X <return>  to quit.


Overfull \vbox (6.51149pt too high) has occurred while \output is active []


[14]

! Package xcolor Error: Undefined color `CTlink'.

See the xcolor package documentation for explanation.
Type  H <return>  for immediate help.
 ...                                              
                                                  
l.598 ... (Weak Independence)}}{162}{section.11.8}
                                                  %
Try typing  <return>  to proceed.
If that doesn't work, type  X <return>  to quit.


! Package xcolor Error: Undefined color `CTlink'.

See the xcolor package documentation for explanation.
Type  H <return>  for immediate help.
 ...                                              
                                                  
l.599 ...8.1}{Motivation}}{162}{subsection.11.8.1}
                                                  %
Try typing  <return>  to proceed.
If that doesn't work, type  X <return>  to quit.


! Package xcolor Error: Undefined color `CTlink'.

See the xcolor package documentation for explanation.
Type  H <return>  for immediate help.
 ...                                              
                                                  
l.600 ...allel Algorithm}}{162}{subsection.11.8.2}
                                                  %
Try typing  <return>  to proceed.
If that doesn't work, type  X <return>  to quit.


! Package xcolor Error: Undefined color `CTlink'.

See the xcolor package documentation for explanation.
Type  H <return>  for immediate help.
 ...                                              
                                                  
l.601 ...nchmark Results}}{163}{subsection.11.8.3}
                                                  %
Try typing  <return>  to proceed.
If that doesn't work, type  X <return>  to quit.


! Package xcolor Error: Undefined color `CTlink'.

See the xcolor package documentation for explanation.
Type  H <return>  for immediate help.
 ...                                              
                                                  
l.602 ...ne {11.9}{Validation}}{163}{section.11.9}
                                                  %
Try typing  <return>  to proceed.
If that doesn't work, type  X <return>  to quit.


! Package xcolor Error: Undefined color `CTlink'.

See the xcolor package documentation for explanation.
Type  H <return>  for immediate help.
 ...                                              
                                                  
l.603 ...rrectness Tests}}{163}{subsection.11.9.1}
                                                  %
Try typing  <return>  to proceed.
If that doesn't work, type  X <return>  to quit.


! Package xcolor Error: Undefined color `CTlink'.

See the xcolor package documentation for explanation.
Type  H <return>  for immediate help.
 ...                                              
                                                  
l.604 ...ance Benchmarks}}{164}{subsection.11.9.2}
                                                  %
Try typing  <return>  to proceed.
If that doesn't work, type  X <return>  to quit.


! Package xcolor Error: Undefined color `CTlink'.

See the xcolor package documentation for explanation.
Type  H <return>  for immediate help.
 ...                                              
                                                  
l.605 ...ine {11.10}{Summary}}{164}{section.11.10}
                                                  %
Try typing  <return>  to proceed.
If that doesn't work, type  X <return>  to quit.


! Package xcolor Error: Undefined color `CTtitle'.

See the xcolor package documentation for explanation.
Type  H <return>  for immediate help.
 ...                                              
                                                  
l.606 ...\numberline {v}{Evaluation}}{165}{part.5}
                                                  %
Try typing  <return>  to proceed.
If that doesn't work, type  X <return>  to quit.


! Package xcolor Error: Undefined color `CTlink'.

See the xcolor package documentation for explanation.
Type  H <return>  for immediate help.
 ...                                              
                                                  
l.607 ...udies and Applications}}{166}{chapter.12}
                                                  %
Try typing  <return>  to proceed.
If that doesn't work, type  X <return>  to quit.


! Package xcolor Error: Undefined color `CTlink'.

See the xcolor package documentation for explanation.
Type  H <return>  for immediate help.
 ...                                              
                                                  
l.608 ... {12.1}{Introduction}}{166}{section.12.1}
                                                  %
Try typing  <return>  to proceed.
If that doesn't work, type  X <return>  to quit.


! Package xcolor Error: Undefined color `CTlink'.

See the xcolor package documentation for explanation.
Type  H <return>  for immediate help.
 ...                                              
                                                  
l.609 ...e Glycolysis Pathway}}{166}{section.12.2}
                                                  %
Try typing  <return>  to proceed.
If that doesn't work, type  X <return>  to quit.


! Package xcolor Error: Undefined color `CTlink'.

See the xcolor package documentation for explanation.
Type  H <return>  for immediate help.
 ...                                              
                                                  
l.610 ...logical Context}}{166}{subsection.12.2.1}
                                                  %
Try typing  <return>  to proceed.
If that doesn't work, type  X <return>  to quit.


! Package xcolor Error: Undefined color `CTlink'.

See the xcolor package documentation for explanation.
Type  H <return>  for immediate help.
 ...                                              
                                                  
l.611 ...Model Structure}}{167}{subsection.12.2.2}
                                                  %
Try typing  <return>  to proceed.
If that doesn't work, type  X <return>  to quit.


! Package xcolor Error: Undefined color `CTlink'.

See the xcolor package documentation for explanation.
Type  H <return>  for immediate help.
 ...                                              
                                                  
l.612 ...Formal Analysis}}{168}{subsection.12.2.3}
                                                  %
Try typing  <return>  to proceed.
If that doesn't work, type  X <return>  to quit.


! Package xcolor Error: Undefined color `CTlink'.

See the xcolor package documentation for explanation.
Type  H <return>  for immediate help.
 ...                                              
                                                  
l.616 ...ulation Results}}{168}{subsection.12.2.4}
                                                  %
Try typing  <return>  to proceed.
If that doesn't work, type  X <return>  to quit.


! Package xcolor Error: Undefined color `CTlink'.

See the xcolor package documentation for explanation.
Type  H <return>  for immediate help.
 ...                                              
                                                  
l.619 ...5}{Key Findings}}{169}{subsection.12.2.5}
                                                  %
Try typing  <return>  to proceed.
If that doesn't work, type  X <return>  to quit.


! Package xcolor Error: Undefined color `CTlink'.

See the xcolor package documentation for explanation.
Type  H <return>  for immediate help.
 ...                                              
                                                  
l.620 ...2: Citric Acid Cycle}}{169}{section.12.3}
                                                  %
Try typing  <return>  to proceed.
If that doesn't work, type  X <return>  to quit.


! Package xcolor Error: Undefined color `CTlink'.

See the xcolor package documentation for explanation.
Type  H <return>  for immediate help.
 ...                                              
                                                  
l.621 ...logical Context}}{169}{subsection.12.3.1}
                                                  %
Try typing  <return>  to proceed.
If that doesn't work, type  X <return>  to quit.


! Package xcolor Error: Undefined color `CTlink'.

See the xcolor package documentation for explanation.
Type  H <return>  for immediate help.
 ...                                              
                                                  
l.622 ...Model Structure}}{170}{subsection.12.3.2}
                                                  %
Try typing  <return>  to proceed.
If that doesn't work, type  X <return>  to quit.


! Package xcolor Error: Undefined color `CTlink'.

See the xcolor package documentation for explanation.
Type  H <return>  for immediate help.
 ...                                              
                                                  
l.623 ...Formal Analysis}}{170}{subsection.12.3.3}
                                                  %
Try typing  <return>  to proceed.
If that doesn't work, type  X <return>  to quit.


! Package xcolor Error: Undefined color `CTlink'.

See the xcolor package documentation for explanation.
Type  H <return>  for immediate help.
 ...                                              
                                                  
l.625 ...ulation Results}}{171}{subsection.12.3.4}
                                                  %
Try typing  <return>  to proceed.
If that doesn't work, type  X <return>  to quit.


! Package xcolor Error: Undefined color `CTlink'.

See the xcolor package documentation for explanation.
Type  H <return>  for immediate help.
 ...                                              
                                                  
l.628 ...rative Analysis}}{171}{subsection.12.3.5}
                                                  %
Try typing  <return>  to proceed.
If that doesn't work, type  X <return>  to quit.


! Package xcolor Error: Undefined color `CTlink'.

See the xcolor package documentation for explanation.
Type  H <return>  for immediate help.
 ...                                              
                                                  
l.629 ...Cellular Respiration}}{172}{section.12.4}
                                                  %
Try typing  <return>  to proceed.
If that doesn't work, type  X <return>  to quit.


! Package xcolor Error: Undefined color `CTlink'.

See the xcolor package documentation for explanation.
Type  H <return>  for immediate help.
 ...                                              
                                                  
l.630 ...Model Structure}}{172}{subsection.12.4.1}
                                                  %
Try typing  <return>  to proceed.
If that doesn't work, type  X <return>  to quit.


! Package xcolor Error: Undefined color `CTlink'.

See the xcolor package documentation for explanation.
Type  H <return>  for immediate help.
 ...                                              
                                                  
l.631 ...-Level Analysis}}{172}{subsection.12.4.2}
                                                  %
Try typing  <return>  to proceed.
If that doesn't work, type  X <return>  to quit.


! Package xcolor Error: Undefined color `CTlink'.

See the xcolor package documentation for explanation.
Type  H <return>  for immediate help.
 ...                                              
                                                  
l.635 ...ormance Results}}{173}{subsection.12.4.3}
                                                  %
Try typing  <return>  to proceed.
If that doesn't work, type  X <return>  to quit.


! Package xcolor Error: Undefined color `CTlink'.

See the xcolor package documentation for explanation.
Type  H <return>  for immediate help.
 ...                                              
                                                  
l.636 ...rline {12.5}{Summary}}{173}{section.12.5}
                                                  %
Try typing  <return>  to proceed.
If that doesn't work, type  X <return>  to quit.


! Package xcolor Error: Undefined color `CTlink'.

See the xcolor package documentation for explanation.
Type  H <return>  for immediate help.
 ...                                              
                                                  
l.637 ...Performance Evaluation}}{174}{chapter.13}
                                                  %
Try typing  <return>  to proceed.
If that doesn't work, type  X <return>  to quit.


! Package xcolor Error: Undefined color `CTlink'.

See the xcolor package documentation for explanation.
Type  H <return>  for immediate help.
 ...                                              
                                                  
l.638 ... {13.1}{Introduction}}{174}{section.13.1}
                                                  %
Try typing  <return>  to proceed.
If that doesn't work, type  X <return>  to quit.


! Package xcolor Error: Undefined color `CTlink'.

See the xcolor package documentation for explanation.
Type  H <return>  for immediate help.
 ...                                              
                                                  
l.639 ...ion Runtime Analysis}}{174}{section.13.2}
                                                  %
Try typing  <return>  to proceed.
If that doesn't work, type  X <return>  to quit.


! Package xcolor Error: Undefined color `CTlink'.

See the xcolor package documentation for explanation.
Type  H <return>  for immediate help.
 ...                                              
                                                  
l.640 ... vs. Model Size}}{174}{subsection.13.2.1}
                                                  %
Try typing  <return>  to proceed.
If that doesn't work, type  X <return>  to quit.


! Package xcolor Error: Undefined color `CTlink'.

See the xcolor package documentation for explanation.
Type  H <return>  for immediate help.
 ...                                              
                                                  
l.641 ...Regulatory Arcs}}{175}{subsection.13.2.2}
                                                  %
Try typing  <return>  to proceed.
If that doesn't work, type  X <return>  to quit.


! Package xcolor Error: Undefined color `CTlink'.

See the xcolor package documentation for explanation.
Type  H <return>  for immediate help.
 ...                                              
                                                  
l.642 ...xecution Performance}}{175}{section.13.3}
                                                  %
Try typing  <return>  to proceed.
If that doesn't work, type  X <return>  to quit.


! Package xcolor Error: Undefined color `CTlink'.

See the xcolor package documentation for explanation.
Type  H <return>  for immediate help.
 ...                                              
                                                  
l.643 ...Speedup Results}}{175}{subsection.13.3.1}
                                                  %
Try typing  <return>  to proceed.
If that doesn't work, type  X <return>  to quit.


! Package xcolor Error: Undefined color `CTlink'.

See the xcolor package documentation for explanation.
Type  H <return>  for immediate help.
 ...                                              
                                                  
l.644 ...with Core Count}}{176}{subsection.13.3.2}
                                                  %
Try typing  <return>  to proceed.
If that doesn't work, type  X <return>  to quit.


! Package xcolor Error: Undefined color `CTlink'.

See the xcolor package documentation for explanation.
Type  H <return>  for immediate help.
 ...                                              
                                                  
l.645 ...}{Memory Consumption}}{176}{section.13.4}
                                                  %
Try typing  <return>  to proceed.
If that doesn't work, type  X <return>  to quit.


! Package xcolor Error: Undefined color `CTlink'.

See the xcolor package documentation for explanation.
Type  H <return>  for immediate help.
 ...                                              
                                                  
l.646 ... vs. Model Size}}{176}{subsection.13.4.1}
                                                  %
Try typing  <return>  to proceed.
If that doesn't work, type  X <return>  to quit.


! Package xcolor Error: Undefined color `CTlink'.

See the xcolor package documentation for explanation.
Type  H <return>  for immediate help.
 ...                                              
                                                  
l.647 ...ry Leak Testing}}{177}{subsection.13.4.2}
                                                  %
Try typing  <return>  to proceed.
If that doesn't work, type  X <return>  to quit.


! Package xcolor Error: Undefined color `CTlink'.

See the xcolor package documentation for explanation.
Type  H <return>  for immediate help.
 ...                                              
                                                  
l.648 ...son with Other Tools}}{177}{section.13.5}
                                                  %
Try typing  <return>  to proceed.
If that doesn't work, type  X <return>  to quit.


! Package xcolor Error: Undefined color `CTlink'.

See the xcolor package documentation for explanation.
Type  H <return>  for immediate help.
 ...                                              
                                                  
l.649 ...ture Comparison}}{177}{subsection.13.5.1}
                                                  %
Try typing  <return>  to proceed.
If that doesn't work, type  X <return>  to quit.


! Package xcolor Error: Undefined color `CTlink'.

See the xcolor package documentation for explanation.
Type  H <return>  for immediate help.
 ...                                              
                                                  
l.650 ...mance Benchmark}}{178}{subsection.13.5.2}
                                                  %
Try typing  <return>  to proceed.
If that doesn't work, type  X <return>  to quit.


! Package xcolor Error: Undefined color `CTlink'.

See the xcolor package documentation for explanation.
Type  H <return>  for immediate help.
 ...                                              
                                                  
l.651 ...racy Validation}}{178}{subsection.13.5.3}
                                                  %
Try typing  <return>  to proceed.
If that doesn't work, type  X <return>  to quit.


! Package xcolor Error: Undefined color `CTlink'.

See the xcolor package documentation for explanation.
Type  H <return>  for immediate help.
 ...                                              
                                                  
l.652 ...}{Scalability Limits}}{178}{section.13.6}
                                                  %
Try typing  <return>  to proceed.
If that doesn't work, type  X <return>  to quit.


! Package xcolor Error: Undefined color `CTlink'.

See the xcolor package documentation for explanation.
Type  H <return>  for immediate help.
 ...                                              
                                                  
l.653 ...{Stress Testing}}{178}{subsection.13.6.1}
                                                  %
Try typing  <return>  to proceed.
If that doesn't work, type  X <return>  to quit.


Overfull \vbox (6.51149pt too high) has occurred while \output is active []


[15]

! Package xcolor Error: Undefined color `CTlink'.

See the xcolor package documentation for explanation.
Type  H <return>  for immediate help.
 ...                                              
                                                  
l.654 ...rline {13.7}{Summary}}{179}{section.13.7}
                                                  %
Try typing  <return>  to proceed.
If that doesn't work, type  X <return>  to quit.


! Package xcolor Error: Undefined color `CTtitle'.

See the xcolor package documentation for explanation.
Type  H <return>  for immediate help.
 ...                                              
                                                  
l.655 ...\numberline {vi}{Synthesis}}{180}{part.6}
                                                  %
Try typing  <return>  to proceed.
If that doesn't work, type  X <return>  to quit.


! Package xcolor Error: Undefined color `CTlink'.

See the xcolor package documentation for explanation.
Type  H <return>  for immediate help.
 ...                                              
                                                  
l.656 ...erline {14}{Discussion}}{181}{chapter.14}
                                                  %
Try typing  <return>  to proceed.
If that doesn't work, type  X <return>  to quit.


! Package xcolor Error: Undefined color `CTlink'.

See the xcolor package documentation for explanation.
Type  H <return>  for immediate help.
 ...                                              
                                                  
l.657 ... {14.1}{Introduction}}{181}{section.14.1}
                                                  %
Try typing  <return>  to proceed.
If that doesn't work, type  X <return>  to quit.


! Package xcolor Error: Undefined color `CTlink'.

See the xcolor package documentation for explanation.
Type  H <return>  for immediate help.
 ...                                              
                                                  
l.658 ...h Questions Answered}}{181}{section.14.2}
                                                  %
Try typing  <return>  to proceed.
If that doesn't work, type  X <return>  to quit.


! Package xcolor Error: Undefined color `CTlink'.

See the xcolor package documentation for explanation.
Type  H <return>  for immediate help.
 ...                                              
                                                  
l.659 ...ogical Networks}}{181}{subsection.14.2.1}
                                                  %
Try typing  <return>  to proceed.
If that doesn't work, type  X <return>  to quit.


Overfull \hbox (32.99568pt too wide) in paragraph at lines 659--659
 [][] []\T1/pplj/m/n/10.95 (-20) RQ1: Weak In-de-pen-dence in Bi-o-log-i-cal Ne
tworks []  
 []


! Package xcolor Error: Undefined color `CTlink'.

See the xcolor package documentation for explanation.
Type  H <return>  for immediate help.
 ...                                              
                                                  
l.660 ...ransition Types}}{182}{subsection.14.2.2}
                                                  %
Try typing  <return>  to proceed.
If that doesn't work, type  X <return>  to quit.


! Package xcolor Error: Undefined color `CTlink'.

See the xcolor package documentation for explanation.
Type  H <return>  for immediate help.
 ...                                              
                                                  
l.661 ...evel Regulation}}{182}{subsection.14.2.3}
                                                  %
Try typing  <return>  to proceed.
If that doesn't work, type  X <return>  to quit.


! Package xcolor Error: Undefined color `CTlink'.

See the xcolor package documentation for explanation.
Type  H <return>  for immediate help.
 ...                                              
                                                  
l.662 ...ic Conservation}}{183}{subsection.14.2.4}
                                                  %
Try typing  <return>  to proceed.
If that doesn't work, type  X <return>  to quit.


! Package xcolor Error: Undefined color `CTlink'.

See the xcolor package documentation for explanation.
Type  H <return>  for immediate help.
 ...                                              
                                                  
l.663 ...arameterization}}{183}{subsection.14.2.5}
                                                  %
Try typing  <return>  to proceed.
If that doesn't work, type  X <return>  to quit.


! Package xcolor Error: Undefined color `CTlink'.

See the xcolor package documentation for explanation.
Type  H <return>  for immediate help.
 ...                                              
                                                  
l.664 ...able Simulation}}{184}{subsection.14.2.6}
                                                  %
Try typing  <return>  to proceed.
If that doesn't work, type  X <return>  to quit.


! Package xcolor Error: Undefined color `CTlink'.

See the xcolor package documentation for explanation.
Type  H <return>  for immediate help.
 ...                                              
                                                  
l.665 ... Validity Assessment}}{185}{section.14.3}
                                                  %
Try typing  <return>  to proceed.
If that doesn't work, type  X <return>  to quit.


! Package xcolor Error: Undefined color `CTlink'.

See the xcolor package documentation for explanation.
Type  H <return>  for immediate help.
 ...                                              
                                                  
l.666 ...metric Accuracy}}{185}{subsection.14.3.1}
                                                  %
Try typing  <return>  to proceed.
If that doesn't work, type  X <return>  to quit.


! Package xcolor Error: Undefined color `CTlink'.

See the xcolor package documentation for explanation.
Type  H <return>  for immediate help.
 ...                                              
                                                  
l.667 ...rameter Realism}}{185}{subsection.14.3.2}
                                                  %
Try typing  <return>  to proceed.
If that doesn't work, type  X <return>  to quit.


! Package xcolor Error: Undefined color `CTlink'.

See the xcolor package documentation for explanation.
Type  H <return>  for immediate help.
 ...                                              
                                                  
l.668 ...latory Behavior}}{186}{subsection.14.3.3}
                                                  %
Try typing  <return>  to proceed.
If that doesn't work, type  X <return>  to quit.


! Package xcolor Error: Undefined color `CTlink'.

See the xcolor package documentation for explanation.
Type  H <return>  for immediate help.
 ...                                              
                                                  
l.669 ...etical Contributions}}{186}{section.14.4}
                                                  %
Try typing  <return>  to proceed.
If that doesn't work, type  X <return>  to quit.


! Package xcolor Error: Undefined color `CTlink'.

See the xcolor package documentation for explanation.
Type  H <return>  for immediate help.
 ...                                              
                                                  
l.670 ...pendence Theory}}{186}{subsection.14.4.1}
                                                  %
Try typing  <return>  to proceed.
If that doesn't work, type  X <return>  to quit.


! Package xcolor Error: Undefined color `CTlink'.

See the xcolor package documentation for explanation.
Type  H <return>  for immediate help.
 ...                                              
                                                  
l.671 ...ybrid Semantics}}{186}{subsection.14.4.2}
                                                  %
Try typing  <return>  to proceed.
If that doesn't work, type  X <return>  to quit.


! Package xcolor Error: Undefined color `CTlink'.

See the xcolor package documentation for explanation.
Type  H <return>  for immediate help.
 ...                                              
                                                  
l.672 ...evel Regulation}}{187}{subsection.14.4.3}
                                                  %
Try typing  <return>  to proceed.
If that doesn't work, type  X <return>  to quit.


! Package xcolor Error: Undefined color `CTlink'.

See the xcolor package documentation for explanation.
Type  H <return>  for immediate help.
 ...                                              
                                                  
l.673 ...ation Framework}}{187}{subsection.14.4.4}
                                                  %
Try typing  <return>  to proceed.
If that doesn't work, type  X <return>  to quit.


! Package xcolor Error: Undefined color `CTlink'.

See the xcolor package documentation for explanation.
Type  H <return>  for immediate help.
 ...                                              
                                                  
l.674 ....5}{Practical Impact}}{188}{section.14.5}
                                                  %
Try typing  <return>  to proceed.
If that doesn't work, type  X <return>  to quit.


! Package xcolor Error: Undefined color `CTlink'.

See the xcolor package documentation for explanation.
Type  H <return>  for immediate help.
 ...                                              
                                                  
l.675 ...d Modeling Time}}{188}{subsection.14.5.1}
                                                  %
Try typing  <return>  to proceed.
If that doesn't work, type  X <return>  to quit.


! Package xcolor Error: Undefined color `CTlink'.

See the xcolor package documentation for explanation.
Type  H <return>  for immediate help.
 ...                                              
                                                  
l.676 ...d Model Quality}}{188}{subsection.14.5.2}
                                                  %
Try typing  <return>  to proceed.
If that doesn't work, type  X <return>  to quit.


! Package xcolor Error: Undefined color `CTlink'.

See the xcolor package documentation for explanation.
Type  H <return>  for immediate help.
 ...                                              
                                                  
l.677 ...ucational Value}}{188}{subsection.14.5.3}
                                                  %
Try typing  <return>  to proceed.
If that doesn't work, type  X <return>  to quit.


! Package xcolor Error: Undefined color `CTlink'.

See the xcolor package documentation for explanation.
Type  H <return>  for immediate help.
 ...                                              
                                                  
l.678 ...ions and Assumptions}}{188}{section.14.6}
                                                  %
Try typing  <return>  to proceed.
If that doesn't work, type  X <return>  to quit.


! Package xcolor Error: Undefined color `CTlink'.

See the xcolor package documentation for explanation.
Type  H <return>  for immediate help.
 ...                                              
                                                  
l.679 ...ixed Assumption}}{188}{subsection.14.6.1}
                                                  %
Try typing  <return>  to proceed.
If that doesn't work, type  X <return>  to quit.


! Package xcolor Error: Undefined color `CTlink'.

See the xcolor package documentation for explanation.
Type  H <return>  for immediate help.
 ...                                              
                                                  
l.680 ...lability Limits}}{189}{subsection.14.6.2}
                                                  %
Try typing  <return>  to proceed.
If that doesn't work, type  X <return>  to quit.


! Package xcolor Error: Undefined color `CTlink'.

See the xcolor package documentation for explanation.
Type  H <return>  for immediate help.
 ...                                              
                                                  
l.681 ...on with Related Work}}{189}{section.14.7}
                                                  %
Try typing  <return>  to proceed.
If that doesn't work, type  X <return>  to quit.


! Package xcolor Error: Undefined color `CTlink'.

See the xcolor package documentation for explanation.
Type  H <return>  for immediate help.
 ...                                              
                                                  
l.682 ...son with COPASI}}{189}{subsection.14.7.1}
                                                  %
Try typing  <return>  to proceed.
If that doesn't work, type  X <return>  to quit.


! Package xcolor Error: Undefined color `CTlink'.

See the xcolor package documentation for explanation.
Type  H <return>  for immediate help.
 ...                                              
                                                  
l.683 ...}{Summary Table}}{189}{subsection.14.7.2}
                                                  %
Try typing  <return>  to proceed.
If that doesn't work, type  X <return>  to quit.


! Package xcolor Error: Undefined color `CTlink'.

See the xcolor package documentation for explanation.
Type  H <return>  for immediate help.
 ...                                              
                                                  
l.684 ...Broader Implications}}{189}{section.14.8}
                                                  %
Try typing  <return>  to proceed.
If that doesn't work, type  X <return>  to quit.


! Package xcolor Error: Undefined color `CTlink'.

See the xcolor package documentation for explanation.
Type  H <return>  for immediate help.
 ...                                              
                                                  
l.685 ...Systems Biology}}{189}{subsection.14.8.1}
                                                  %
Try typing  <return>  to proceed.
If that doesn't work, type  X <return>  to quit.


! Package xcolor Error: Undefined color `CTlink'.

See the xcolor package documentation for explanation.
Type  H <return>  for immediate help.
 ...                                              
                                                  
l.686 ...etri Net Theory}}{190}{subsection.14.8.2}
                                                  %
Try typing  <return>  to proceed.
If that doesn't work, type  X <return>  to quit.


! Package xcolor Error: Undefined color `CTlink'.

See the xcolor package documentation for explanation.
Type  H <return>  for immediate help.
 ...                                              
                                                  
l.687 ...ology Education}}{190}{subsection.14.8.3}
                                                  %
Try typing  <return>  to proceed.
If that doesn't work, type  X <return>  to quit.


! Package xcolor Error: Undefined color `CTlink'.

See the xcolor package documentation for explanation.
Type  H <return>  for immediate help.
 ...                                              
                                                  
l.688 ...rline {14.9}{Summary}}{190}{section.14.9}
                                                  %
Try typing  <return>  to proceed.
If that doesn't work, type  X <return>  to quit.


! Package xcolor Error: Undefined color `CTlink'.

See the xcolor package documentation for explanation.
Type  H <return>  for immediate help.
 ...                                              
                                                  
l.689 ...lusion and Future Work}}{192}{chapter.15}
                                                  %
Try typing  <return>  to proceed.
If that doesn't work, type  X <return>  to quit.


! Package xcolor Error: Undefined color `CTlink'.

See the xcolor package documentation for explanation.
Type  H <return>  for immediate help.
 ...                                              
                                                  
l.690 ...ary of Contributions}}{192}{section.15.1}
                                                  %
Try typing  <return>  to proceed.
If that doesn't work, type  X <return>  to quit.


! Package xcolor Error: Undefined color `CTlink'.

See the xcolor package documentation for explanation.
Type  H <return>  for immediate help.
 ...                                              
                                                  
l.691 ...pendence Theory}}{192}{subsection.15.1.1}
                                                  %
Try typing  <return>  to proceed.
If that doesn't work, type  X <return>  to quit.


! Package xcolor Error: Undefined color `CTlink'.

See the xcolor package documentation for explanation.
Type  H <return>  for immediate help.
 ...                                              
                                                  
l.692 ...ransition Types}}{192}{subsection.15.1.2}
                                                  %
Try typing  <return>  to proceed.
If that doesn't work, type  X <return>  to quit.


! Package xcolor Error: Undefined color `CTlink'.

See the xcolor package documentation for explanation.
Type  H <return>  for immediate help.
 ...                                              
                                                  
l.693 ...evel Regulation}}{193}{subsection.15.1.3}
                                                  %
Try typing  <return>  to proceed.
If that doesn't work, type  X <return>  to quit.


! Package xcolor Error: Undefined color `CTlink'.

See the xcolor package documentation for explanation.
Type  H <return>  for immediate help.
 ...                                              
                                                  
l.694 ...ic Conservation}}{193}{subsection.15.1.4}
                                                  %
Try typing  <return>  to proceed.
If that doesn't work, type  X <return>  to quit.


! Package xcolor Error: Undefined color `CTlink'.

See the xcolor package documentation for explanation.
Type  H <return>  for immediate help.
 ...                                              
                                                  
l.695 ...ation and Evaluation}}{194}{section.15.2}
                                                  %
Try typing  <return>  to proceed.
If that doesn't work, type  X <return>  to quit.


! Package xcolor Error: Undefined color `CTlink'.

See the xcolor package documentation for explanation.
Type  H <return>  for immediate help.
 ...                                              
                                                  
l.696 ...ical Validation}}{194}{subsection.15.2.1}
                                                  %
Try typing  <return>  to proceed.
If that doesn't work, type  X <return>  to quit.


! Package xcolor Error: Undefined color `CTlink'.

See the xcolor package documentation for explanation.
Type  H <return>  for immediate help.
 ...                                              
                                                  
l.697 ...ical Validation}}{194}{subsection.15.2.2}
                                                  %
Try typing  <return>  to proceed.
If that doesn't work, type  X <return>  to quit.


! Package xcolor Error: Undefined color `CTlink'.

See the xcolor package documentation for explanation.
Type  H <return>  for immediate help.
 ...                                              
                                                  
l.698 ...onal Evaluation}}{195}{subsection.15.2.3}
                                                  %
Try typing  <return>  to proceed.
If that doesn't work, type  X <return>  to quit.


Overfull \vbox (6.51149pt too high) has occurred while \output is active []


[16]

! Package xcolor Error: Undefined color `CTlink'.

See the xcolor package documentation for explanation.
Type  H <return>  for immediate help.
 ...                                              
                                                  
l.699 ...5.3}{Research Impact}}{195}{section.15.3}
                                                  %
Try typing  <return>  to proceed.
If that doesn't work, type  X <return>  to quit.


! Package xcolor Error: Undefined color `CTlink'.

See the xcolor package documentation for explanation.
Type  H <return>  for immediate help.
 ...                                              
                                                  
l.700 ...oretical Impact}}{195}{subsection.15.3.1}
                                                  %
Try typing  <return>  to proceed.
If that doesn't work, type  X <return>  to quit.


! Package xcolor Error: Undefined color `CTlink'.

See the xcolor package documentation for explanation.
Type  H <return>  for immediate help.
 ...                                              
                                                  
l.701 ...ractical Impact}}{195}{subsection.15.3.2}
                                                  %
Try typing  <return>  to proceed.
If that doesn't work, type  X <return>  to quit.


! Package xcolor Error: Undefined color `CTlink'.

See the xcolor package documentation for explanation.
Type  H <return>  for immediate help.
 ...                                              
                                                  
l.702 ...Software Impact}}{195}{subsection.15.3.3}
                                                  %
Try typing  <return>  to proceed.
If that doesn't work, type  X <return>  to quit.


! Package xcolor Error: Undefined color `CTlink'.

See the xcolor package documentation for explanation.
Type  H <return>  for immediate help.
 ...                                              
                                                  
l.703 ...imitations Revisited}}{196}{section.15.4}
                                                  %
Try typing  <return>  to proceed.
If that doesn't work, type  X <return>  to quit.


! Package xcolor Error: Undefined color `CTlink'.

See the xcolor package documentation for explanation.
Type  H <return>  for immediate help.
 ...                                              
                                                  
l.704 ...patial Dynamics}}{196}{subsection.15.4.1}
                                                  %
Try typing  <return>  to proceed.
If that doesn't work, type  X <return>  to quit.


! Package xcolor Error: Undefined color `CTlink'.

See the xcolor package documentation for explanation.
Type  H <return>  for immediate help.
 ...                                              
                                                  
l.705 ....2}{Scalability}}{196}{subsection.15.4.2}
                                                  %
Try typing  <return>  to proceed.
If that doesn't work, type  X <return>  to quit.


! Package xcolor Error: Undefined color `CTlink'.

See the xcolor package documentation for explanation.
Type  H <return>  for immediate help.
 ...                                              
                                                  
l.706 ...ter Uncertainty}}{196}{subsection.15.4.3}
                                                  %
Try typing  <return>  to proceed.
If that doesn't work, type  X <return>  to quit.


! Package xcolor Error: Undefined color `CTlink'.

See the xcolor package documentation for explanation.
Type  H <return>  for immediate help.
 ...                                              
                                                  
l.707 ...e {15.5}{Future Work}}{196}{section.15.5}
                                                  %
Try typing  <return>  to proceed.
If that doesn't work, type  X <return>  to quit.


! Package xcolor Error: Undefined color `CTlink'.

See the xcolor package documentation for explanation.
Type  H <return>  for immediate help.
 ...                                              
                                                  
l.708 ...ns (1--2 Years)}}{196}{subsection.15.5.1}
                                                  %
Try typing  <return>  to proceed.
If that doesn't work, type  X <return>  to quit.


! Package xcolor Error: Undefined color `CTlink'.

See the xcolor package documentation for explanation.
Type  H <return>  for immediate help.
 ...                                              
                                                  
l.713 ...ch (2--4 Years)}}{198}{subsection.15.5.2}
                                                  %
Try typing  <return>  to proceed.
If that doesn't work, type  X <return>  to quit.


! Package xcolor Error: Undefined color `CTlink'.

See the xcolor package documentation for explanation.
Type  H <return>  for immediate help.
 ...                                              
                                                  
l.718 ...sion (5+ Years)}}{199}{subsection.15.5.3}
                                                  %
Try typing  <return>  to proceed.
If that doesn't work, type  X <return>  to quit.


! Package xcolor Error: Undefined color `CTlink'.

See the xcolor package documentation for explanation.
Type  H <return>  for immediate help.
 ...                                              
                                                  
l.723 ...{15.6}{Open Problems}}{201}{section.15.6}
                                                  %
Try typing  <return>  to proceed.
If that doesn't work, type  X <return>  to quit.


! Package xcolor Error: Undefined color `CTlink'.

See the xcolor package documentation for explanation.
Type  H <return>  for immediate help.
 ...                                              
                                                  
l.724 ....1}{Theoretical}}{201}{subsection.15.6.1}
                                                  %
Try typing  <return>  to proceed.
If that doesn't work, type  X <return>  to quit.


! Package xcolor Error: Undefined color `CTlink'.

See the xcolor package documentation for explanation.
Type  H <return>  for immediate help.
 ...                                              
                                                  
l.725 ....6.2}{Practical}}{201}{subsection.15.6.2}
                                                  %
Try typing  <return>  to proceed.
If that doesn't work, type  X <return>  to quit.


! Package xcolor Error: Undefined color `CTlink'.

See the xcolor package documentation for explanation.
Type  H <return>  for immediate help.
 ...                                              
                                                  
l.726 ...}{Concluding Remarks}}{201}{section.15.7}
                                                  %
Try typing  <return>  to proceed.
If that doesn't work, type  X <return>  to quit.


! Package xcolor Error: Undefined color `CTlink'.

See the xcolor package documentation for explanation.
Type  H <return>  for immediate help.
 ...                                              
                                                  
l.727 ...evement Summary}}{201}{subsection.15.7.1}
                                                  %
Try typing  <return>  to proceed.
If that doesn't work, type  X <return>  to quit.


! Package xcolor Error: Undefined color `CTlink'.

See the xcolor package documentation for explanation.
Type  H <return>  for immediate help.
 ...                                              
                                                  
l.728 ...er Significance}}{202}{subsection.15.7.2}
                                                  %
Try typing  <return>  to proceed.
If that doesn't work, type  X <return>  to quit.


! Package xcolor Error: Undefined color `CTlink'.

See the xcolor package documentation for explanation.
Type  H <return>  for immediate help.
 ...                                              
                                                  
l.729 ... for the Future}}{202}{subsection.15.7.3}
                                                  %
Try typing  <return>  to proceed.
If that doesn't work, type  X <return>  to quit.


! Package xcolor Error: Undefined color `CTlink'.

See the xcolor package documentation for explanation.
Type  H <return>  for immediate help.
 ...                                              
                                                  
l.730 ...{Final Thoughts}}{203}{subsection.15.7.4}
                                                  %
Try typing  <return>  to proceed.
If that doesn't work, type  X <return>  to quit.


! Package xcolor Error: Undefined color `CTlink'.

See the xcolor package documentation for explanation.
Type  H <return>  for immediate help.
 ...                                              
                                                  
l.731 ...{Thesis Deliverables}}{204}{section.15.8}
                                                  %
Try typing  <return>  to proceed.
If that doesn't work, type  X <return>  to quit.


! Package xcolor Error: Undefined color `CTlink'.

See the xcolor package documentation for explanation.
Type  H <return>  for immediate help.
 ...                                              
                                                  
l.732 ...5.9}{Chapter Summary}}{205}{section.15.9}
                                                  %
Try typing  <return>  to proceed.
If that doesn't work, type  X <return>  to quit.


! Package xcolor Error: Undefined color `CTtitle'.

See the xcolor package documentation for explanation.
Type  H <return>  for immediate help.
 ...                                              
                                                  
l.733 ...\numberline {vii}{Appendix}}{206}{part.7}
                                                  %
Try typing  <return>  to proceed.
If that doesn't work, type  X <return>  to quit.


Overfull \hbox (0.33406pt too wide) detected at line 733
\T1/pplj/m/sc/10.95/100ls vii 
 []


! Package xcolor Error: Undefined color `CTlink'.

See the xcolor package documentation for explanation.
Type  H <return>  for immediate help.
 ...                                              
                                                  
l.734 ...apter}{{Bibliography}}{207}{chapter*.335}
                                                  %
Try typing  <return>  to proceed.
If that doesn't work, type  X <return>  to quit.

)
\tf@toc=\write6
\openout6 = `thesis.toc'.


Overfull \vbox (6.51149pt too high) has occurred while \output is active []


[17]
Overfull \vbox (6.51149pt too high) has occurred while \output is active []


[18


]
Package tocbasic Info: character protrusion at lof deactivated on input line 7.

 (./thesis.lof

! Package xcolor Error: Undefined color `CTlink'.

See the xcolor package documentation for explanation.
Type  H <return>  for immediate help.
 ...                                              
                                                  
l.12 ...tor (regulatory).}}{47}{figure.caption.47}
                                                  %
Try typing  <return>  to proceed.
If that doesn't work, type  X <return>  to quit.


! Package xcolor Error: Undefined color `CTlink'.

See the xcolor package documentation for explanation.
Type  H <return>  for immediate help.
 ...                                              
                                                  
l.14 ... being consumed.}}{67}{figure.caption.122}
                                                  %
Try typing  <return>  to proceed.
If that doesn't work, type  X <return>  to quit.


! Package xcolor Error: Undefined color `CTlink'.

See the xcolor package documentation for explanation.
Type  H <return>  for immediate help.
 ...                                              
                                                  
l.16 ... share no places}}{71}{figure.caption.128}
                                                  %
Try typing  <return>  to proceed.
If that doesn't work, type  X <return>  to quit.


Overfull \hbox (25.89345pt too wide) in paragraph at lines 16--16
 [][] []\T1/pplj/m/n/10.95 (-20) Strong in-de-pen-dence: $\OML/zplm/m/it/10.95 
t[]$ \T1/pplj/m/n/10.95 (-20) and $\OML/zplm/m/it/10.95 t[]$ \T1/pplj/m/n/10.95
 (-20) share no places []  
 []


! Package xcolor Error: Undefined color `CTlink'.

See the xcolor package documentation for explanation.
Type  H <return>  for immediate help.
 ...                                              
                                                  
l.17 ...ngly independent}}{72}{figure.caption.130}
                                                  %
Try typing  <return>  to proceed.
If that doesn't work, type  X <return>  to quit.


! Package xcolor Error: Undefined color `CTlink'.

See the xcolor package documentation for explanation.
Type  H <return>  for immediate help.
 ...                                              
                                                  
l.18 ...ngly independent}}{72}{figure.caption.132}
                                                  %
Try typing  <return>  to proceed.
If that doesn't work, type  X <return>  to quit.


! Package xcolor Error: Undefined color `CTlink'.

See the xcolor package documentation for explanation.
Type  H <return>  for immediate help.
 ...                                              
                                                  
l.19 ...nhibitor for PFK}}{72}{figure.caption.134}
                                                  %
Try typing  <return>  to proceed.
If that doesn't work, type  X <return>  to quit.


! Package xcolor Error: Undefined color `CTlink'.

See the xcolor package documentation for explanation.
Type  H <return>  for immediate help.
 ...                                              
                                                  
l.20 ...rce competition)}}{75}{figure.caption.147}
                                                  %
Try typing  <return>  to proceed.
If that doesn't work, type  X <return>  to quit.


! Package xcolor Error: Undefined color `CTlink'.

See the xcolor package documentation for explanation.
Type  H <return>  for immediate help.
 ...                                              
                                                  
l.21 ... (superposition)}}{76}{figure.caption.149}
                                                  %
Try typing  <return>  to proceed.
If that doesn't work, type  X <return>  to quit.


! Package xcolor Error: Undefined color `CTlink'.

See the xcolor package documentation for explanation.
Type  H <return>  for immediate help.
 ...                                              
                                                  
l.22 ...t (enzyme reuse)}}{76}{figure.caption.151}
                                                  %
Try typing  <return>  to proceed.
If that doesn't work, type  X <return>  to quit.


! Package xcolor Error: Undefined color `CTlink'.

See the xcolor package documentation for explanation.
Type  H <return>  for immediate help.
 ...                                              
                                                  
l.23 ...titive conflict.}}{80}{figure.caption.154}
                                                  %
Try typing  <return>  to proceed.
If that doesn't work, type  X <return>  to quit.


Overfull \hbox (2.7893pt too wide) in paragraph at lines 23--23
 [][] []\T1/pplj/m/n/10.95 (-20) Dependency graph for gly-col-y-sis. Green dash
ed: 
 []


Overfull \hbox (27.81358pt too wide) in paragraph at lines 23--23
 \T1/pplj/m/n/10.95 (-20) con-ver-gent cou-pling. Red: com-pet-i-tive con-flict
. []  
 []

)
\tf@lof=\write7
\openout7 = `thesis.lof'.


Overfull \vbox (6.51149pt too high) has occurred while \output is active []


[19


]
Overfull \vbox (6.51149pt too high) has occurred while \output is active []


[20


]
Package tocbasic Info: character protrusion at lot deactivated on input line 11
.
 (./thesis.lot

! Package xcolor Error: Undefined color `CTlink'.

See the xcolor package documentation for explanation.
Type  H <return>  for immediate help.
 ...                                              
                                                  
l.11 ...ological modeling.}}{24}{table.caption.21}
                                                  %
Try typing  <return>  to proceed.
If that doesn't work, type  X <return>  to quit.


! Package xcolor Error: Undefined color `CTlink'.

See the xcolor package documentation for explanation.
Type  H <return>  for immediate help.
 ...                                              
                                                  
l.12 ...al modeling tools.}}{34}{table.caption.22}
                                                  %
Try typing  <return>  to proceed.
If that doesn't work, type  X <return>  to quit.


Overfull \hbox (1.37584pt too wide) in paragraph at lines 12--12
 [][] []\T1/pplj/m/n/10.95 (-20) Comparison of bi-o-log-i-cal mod-el-ing tools.
 []  
 []


! Package xcolor Error: Undefined color `CTlink'.

See the xcolor package documentation for explanation.
Type  H <return>  for immediate help.
 ...                                              
                                                  
l.14 ...dynamics over time}}{45}{table.caption.39}
                                                  %
Try typing  <return>  to proceed.
If that doesn't work, type  X <return>  to quit.


! Package xcolor Error: Undefined color `CTlink'.

See the xcolor package documentation for explanation.
Type  H <return>  for immediate help.
 ...                                              
                                                  
l.15 ...ypes in lac operon}}{46}{table.caption.42}
                                                  %
Try typing  <return>  to proceed.
If that doesn't work, type  X <return>  to quit.


Overfull \hbox (18.03183pt too wide) in paragraph at lines 15--15
 [][] []\T1/pplj/m/n/10.95 (-20) Heterogeneous tran-si-tion types in lac operon
 []  
 []


! Package xcolor Error: Undefined color `CTlink'.

See the xcolor package documentation for explanation.
Type  H <return>  for immediate help.
 ...                                              
                                                  
l.16 ...n lac operon model}}{53}{table.caption.80}
                                                  %
Try typing  <return>  to proceed.
If that doesn't work, type  X <return>  to quit.


! Package xcolor Error: Undefined color `CTlink'.

See the xcolor package documentation for explanation.
Type  H <return>  for immediate help.
 ...                                              
                                                  
l.17 ...eight requirements}}{55}{table.caption.93}
                                                  %
Try typing  <return>  to proceed.
If that doesn't work, type  X <return>  to quit.


Overfull \hbox (8.41689pt too wide) in paragraph at lines 17--17
 [][] []\T1/pplj/m/n/10.95 (-20) Existing for-malisms vs. eight re-quire-ments 
[]  
 []


! Package xcolor Error: Undefined color `CTlink'.

See the xcolor package documentation for explanation.
Type  H <return>  for immediate help.
 ...                                              
                                                  
l.19 ...xokinase reaction}}{68}{table.caption.123}
                                                  %
Try typing  <return>  to proceed.
If that doesn't work, type  X <return>  to quit.


! Package xcolor Error: Undefined color `CTlink'.

See the xcolor package documentation for explanation.
Type  H <return>  for immediate help.
 ...                                              
                                                  
l.20 ...Bio-PN comparison}}{68}{table.caption.124}
                                                  %
Try typing  <return>  to proceed.
If that doesn't work, type  X <return>  to quit.


Overfull \hbox (21.5434pt too wide) in paragraph at lines 20--20
 [][] []\T1/pplj/m/n/10.95 (-20) Classical PN vs Ex-tended Bio-PN com-par-i-son
 []  
 []


! Package xcolor Error: Undefined color `CTlink'.

See the xcolor package documentation for explanation.
Type  H <return>  for immediate help.
 ...                                              
                                                  
l.22 ...ion in glycolysis}}{72}{table.caption.136}
                                                  %
Try typing  <return>  to proceed.
If that doesn't work, type  X <return>  to quit.


! Package xcolor Error: Undefined color `CTlink'.

See the xcolor package documentation for explanation.
Type  H <return>  for immediate help.
 ...                                              
                                                  
l.23 ...heir dependencies}}{80}{table.caption.153}
                                                  %
Try typing  <return>  to proceed.
If that doesn't work, type  X <return>  to quit.


Overfull \hbox (20.53526pt too wide) in paragraph at lines 23--23
 [][] []\T1/pplj/m/n/10.95 (-20) Glycolysis tran-si-tions and their de-pen-den-
cies []  
 []


! Package xcolor Error: Undefined color `CTlink'.

See the xcolor package documentation for explanation.
Type  H <return>  for immediate help.
 ...                                              
                                                  
l.24 ...nce on glycolysis}}{81}{table.caption.155}
                                                  %
Try typing  <return>  to proceed.
If that doesn't work, type  X <return>  to quit.


Overfull \hbox (17.07286pt too wide) in paragraph at lines 24--24
 [][] []\T1/pplj/m/n/10.95 (-20) Parallel ex-e-cu-tion per-for-mance on gly-col
-y-sis []  
 []


! Package xcolor Error: Undefined color `CTlink'.

See the xcolor package documentation for explanation.
Type  H <return>  for immediate help.
 ...                                              
                                                  
l.26 ... in Hill notation}}{83}{table.caption.163}
                                                  %
Try typing  <return>  to proceed.
If that doesn't work, type  X <return>  to quit.


Overfull \hbox (23.16895pt too wide) in paragraph at lines 26--26
 [][] []\T1/pplj/m/n/10.95 (-20) Common metabo-lite for-mu-las in Hill no-ta-ti
on []  
 []


! Package xcolor Error: Undefined color `CTlink'.

See the xcolor package documentation for explanation.
Type  H <return>  for immediate help.
 ...                                              
                                                  
l.27 ...th ionic formulas}}{90}{table.caption.194}
                                                  %
Try typing  <return>  to proceed.
If that doesn't work, type  X <return>  to quit.


! Package xcolor Error: Undefined color `CTlink'.

See the xcolor package documentation for explanation.
Type  H <return>  for immediate help.
 ...                                              
                                                  
l.28 ...lified glycolysis}}{92}{table.caption.204}
                                                  %
Try typing  <return>  to proceed.
If that doesn't work, type  X <return>  to quit.


! Package xcolor Error: Undefined color `CTlink'.

See the xcolor package documentation for explanation.
Type  H <return>  for immediate help.
 ...                                              
                                                  
l.30 ...kinase reaction.}}{105}{table.caption.253}
                                                  %
Try typing  <return>  to proceed.
If that doesn't work, type  X <return>  to quit.


Overfull \hbox (7.18024pt too wide) in paragraph at lines 30--30
 [][] []\T1/pplj/m/n/10.95 (-20) Elemental bal-ance for hex-ok-i-nase re-ac-tio
n. []  
 []


! Package xcolor Error: Undefined color `CTlink'.

See the xcolor package documentation for explanation.
Type  H <return>  for immediate help.
 ...                                              
                                                  
l.31 ...FK) and T2 (PK).}}{116}{table.caption.261}
                                                  %
Try typing  <return>  to proceed.
If that doesn't work, type  X <return>  to quit.


! Package xcolor Error: Undefined color `CTlink'.

See the xcolor package documentation for explanation.
Type  H <return>  for immediate help.
 ...                                              
                                                  
l.32 ...y sensing motif.}}{117}{table.caption.262}
                                                  %
Try typing  <return>  to proceed.
If that doesn't work, type  X <return>  to quit.


! Package xcolor Error: Undefined color `CTlink'.

See the xcolor package documentation for explanation.
Type  H <return>  for immediate help.
 ...                                              
                                                  
l.33 ...ve key examples.}}{118}{table.caption.263}
                                                  %
Try typing  <return>  to proceed.
If that doesn't work, type  X <return>  to quit.


Overfull \hbox (22.38223pt too wide) in paragraph at lines 33--33
 [][] []\T1/pplj/m/n/10.95 (-20) Innovation cov-er-age across five key ex-am-pl
es. []  
 []


! Package xcolor Error: Undefined color `CTlink'.

See the xcolor package documentation for explanation.
Type  H <return>  for immediate help.
 ...                                              
                                                  
l.34 ...ed on Example 5.}}{119}{table.caption.264}
                                                  %
Try typing  <return>  to proceed.
If that doesn't work, type  X <return>  to quit.


! Package xcolor Error: Undefined color `CTlink'.

See the xcolor package documentation for explanation.
Type  H <return>  for immediate help.
 ...                                              
                                                  
l.35 ...edup on 8 cores.}}{119}{table.caption.265}
                                                  %
Try typing  <return>  to proceed.
If that doesn't work, type  X <return>  to quit.


! Package xcolor Error: Undefined color `CTlink'.

See the xcolor package documentation for explanation.
Type  H <return>  for immediate help.
 ...                                              
                                                  
l.36 ...al requirements.}}{120}{table.caption.266}
                                                  %
Try typing  <return>  to proceed.
If that doesn't work, type  X <return>  to quit.


! Package xcolor Error: Undefined color `CTlink'.

See the xcolor package documentation for explanation.
Type  H <return>  for immediate help.
 ...                                              
                                                  
l.39 ...ts used by SHYpn}}{138}{table.caption.276}
                                                  %
Try typing  <return>  to proceed.
If that doesn't work, type  X <return>  to quit.


Overfull \hbox (10.95764pt too wide) in paragraph at lines 39--39
 [][] []\T1/pplj/m/n/10.95 (-20) KEGG REST API end-points used by SHYpn []  
 []


! Package xcolor Error: Undefined color `CTlink'.

See the xcolor package documentation for explanation.
Type  H <return>  for immediate help.
 ...                                              
                                                  
l.40 ...s, 13 compounds)}}{145}{table.caption.287}
                                                  %
Try typing  <return>  to proceed.
If that doesn't work, type  X <return>  to quit.


Overfull \hbox (1.82695pt too wide) in paragraph at lines 40--40
 \T1/pplj/m/n/10.95 (-20) sis path-way (10 re-ac-tions, 13 com-pounds) []  
 []


! Package xcolor Error: Undefined color `CTlink'.

See the xcolor package documentation for explanation.
Type  H <return>  for immediate help.
 ...                                              
                                                  
l.42 ... types in BRENDA}}{149}{table.caption.288}
                                                  %
Try typing  <return>  to proceed.
If that doesn't work, type  X <return>  to quit.


! Package xcolor Error: Undefined color `CTlink'.

See the xcolor package documentation for explanation.
Type  H <return>  for immediate help.
 ...                                              
                                                  
l.44 ...ycolysis pathway}}{163}{table.caption.289}
                                                  %
Try typing  <return>  to proceed.
If that doesn't work, type  X <return>  to quit.


! Package xcolor Error: Undefined color `CTlink'.

See the xcolor package documentation for explanation.
Type  H <return>  for immediate help.
 ...                                              
                                                  
l.45 ...idation examples}}{164}{table.caption.290}
                                                  %
Try typing  <return>  to proceed.
If that doesn't work, type  X <return>  to quit.


! Package xcolor Error: Undefined color `CTlink'.

See the xcolor package documentation for explanation.
Type  H <return>  for immediate help.
 ...                                              
                                                  
l.47 ...e concentrations}}{169}{table.caption.295}
                                                  %
Try typing  <return>  to proceed.
If that doesn't work, type  X <return>  to quit.


! Package xcolor Error: Undefined color `CTlink'.

See the xcolor package documentation for explanation.
Type  H <return>  for immediate help.
 ...                                              
                                                  
l.48 ...e concentrations}}{171}{table.caption.299}
                                                  %
Try typing  <return>  to proceed.
If that doesn't work, type  X <return>  to quit.


! Package xcolor Error: Undefined color `CTlink'.

See the xcolor package documentation for explanation.
Type  H <return>  for immediate help.
 ...                                              
                                                  
l.49 ...is and TCA cycle}}{171}{table.caption.301}
                                                  %
Try typing  <return>  to proceed.
If that doesn't work, type  X <return>  to quit.


! Package xcolor Error: Undefined color `CTlink'.

See the xcolor package documentation for explanation.
Type  H <return>  for immediate help.
 ...                                              
                                                  
l.50 ...ular respiration}}{172}{table.caption.304}
                                                  %
Try typing  <return>  to proceed.
If that doesn't work, type  X <return>  to quit.


! Package xcolor Error: Undefined color `CTlink'.

See the xcolor package documentation for explanation.
Type  H <return>  for immediate help.
 ...                                              
                                                  
l.51 ...espiration model}}{172}{table.caption.306}
                                                  %
Try typing  <return>  to proceed.
If that doesn't work, type  X <return>  to quit.


Overfull \vbox (6.51149pt too high) has occurred while \output is active []


[21


]

! Package xcolor Error: Undefined color `CTlink'.

See the xcolor package documentation for explanation.
Type  H <return>  for immediate help.
 ...                                              
                                                  
l.53 ...ulation, 1 core)}}{174}{table.caption.307}
                                                  %
Try typing  <return>  to proceed.
If that doesn't work, type  X <return>  to quit.


! Package xcolor Error: Undefined color `CTlink'.

See the xcolor package documentation for explanation.
Type  H <return>  for immediate help.
 ...                                              
                                                  
l.54 ...ndent percentage}}{175}{table.caption.308}
                                                  %
Try typing  <return>  to proceed.
If that doesn't work, type  X <return>  to quit.


! Package xcolor Error: Undefined color `CTlink'.

See the xcolor package documentation for explanation.
Type  H <return>  for immediate help.
 ...                                              
                                                  
l.55 ...unt (Example 13)}}{176}{table.caption.309}
                                                  %
Try typing  <return>  to proceed.
If that doesn't work, type  X <return>  to quit.


! Package xcolor Error: Undefined color `CTlink'.

See the xcolor package documentation for explanation.
Type  H <return>  for immediate help.
 ...                                              
                                                  
l.56 ...n vs. model size}}{176}{table.caption.310}
                                                  %
Try typing  <return>  to proceed.
If that doesn't work, type  X <return>  to quit.


! Package xcolor Error: Undefined color `CTlink'.

See the xcolor package documentation for explanation.
Type  H <return>  for immediate help.
 ...                                              
                                                  
l.57 ...onds simulation)}}{177}{table.caption.311}
                                                  %
Try typing  <return>  to proceed.
If that doesn't work, type  X <return>  to quit.


! Package xcolor Error: Undefined color `CTlink'.

See the xcolor package documentation for explanation.
Type  H <return>  for immediate help.
 ...                                              
                                                  
l.58 ...h existing tools}}{177}{table.caption.312}
                                                  %
Try typing  <return>  to proceed.
If that doesn't work, type  X <return>  to quit.


! Package xcolor Error: Undefined color `CTlink'.

See the xcolor package documentation for explanation.
Type  H <return>  for immediate help.
 ...                                              
                                                  
l.59 ...son (Example 13)}}{178}{table.caption.313}
                                                  %
Try typing  <return>  to proceed.
If that doesn't work, type  X <return>  to quit.


! Package xcolor Error: Undefined color `CTlink'.

See the xcolor package documentation for explanation.
Type  H <return>  for immediate help.
 ...                                              
                                                  
l.60 ...n against COPASI}}{178}{table.caption.314}
                                                  %
Try typing  <return>  to proceed.
If that doesn't work, type  X <return>  to quit.


! Package xcolor Error: Undefined color `CTlink'.

See the xcolor package documentation for explanation.
Type  H <return>  for immediate help.
 ...                                              
                                                  
l.61 ...y stress testing}}{179}{table.caption.315}
                                                  %
Try typing  <return>  to proceed.
If that doesn't work, type  X <return>  to quit.


! Package xcolor Error: Undefined color `CTlink'.

See the xcolor package documentation for explanation.
Type  H <return>  for immediate help.
 ...                                              
                                                  
l.63 ...etric validation}}{185}{table.caption.316}
                                                  %
Try typing  <return>  to proceed.
If that doesn't work, type  X <return>  to quit.


! Package xcolor Error: Undefined color `CTlink'.

See the xcolor package documentation for explanation.
Type  H <return>  for immediate help.
 ...                                              
                                                  
l.64 ...meter validation}}{185}{table.caption.317}
                                                  %
Try typing  <return>  to proceed.
If that doesn't work, type  X <return>  to quit.


! Package xcolor Error: Undefined color `CTlink'.

See the xcolor package documentation for explanation.
Type  H <return>  for immediate help.
 ...                                              
                                                  
l.65 ...ation validation}}{186}{table.caption.318}
                                                  %
Try typing  <return>  to proceed.
If that doesn't work, type  X <return>  to quit.


! Package xcolor Error: Undefined color `CTlink'.

See the xcolor package documentation for explanation.
Type  H <return>  for immediate help.
 ...                                              
                                                  
l.66 ...cepts comparison}}{186}{table.caption.319}
                                                  %
Try typing  <return>  to proceed.
If that doesn't work, type  X <return>  to quit.


! Package xcolor Error: Undefined color `CTlink'.

See the xcolor package documentation for explanation.
Type  H <return>  for immediate help.
 ...                                              
                                                  
l.67 ...g time reduction}}{188}{table.caption.320}
                                                  %
Try typing  <return>  to proceed.
If that doesn't work, type  X <return>  to quit.


! Package xcolor Error: Undefined color `CTlink'.

See the xcolor package documentation for explanation.
Type  H <return>  for immediate help.
 ...                                              
                                                  
l.68 ...ison with COPASI}}{189}{table.caption.321}
                                                  %
Try typing  <return>  to proceed.
If that doesn't work, type  X <return>  to quit.


! Package xcolor Error: Undefined color `CTlink'.

See the xcolor package documentation for explanation.
Type  H <return>  for immediate help.
 ...                                              
                                                  
l.69 ...mparison summary}}{190}{table.caption.322}
                                                  %
Try typing  <return>  to proceed.
If that doesn't work, type  X <return>  to quit.

)
\tf@lot=\write8
\openout8 = `thesis.lot'.

)
Overfull \vbox (6.51149pt too high) has occurred while \output is active []


[22]

! Package xcolor Error: Undefined color `CTtitle'.

See the xcolor package documentation for explanation.
Type  H <return>  for immediate help.
 ...                                              
                                                  
l.53 \part{Introduction and Foundations}
                                        
Try typing  <return>  to proceed.
If that doesn't work, type  X <return>  to quit.

LaTeX Font Info:    Font shape `U/msa/m/n' will be
(Font)              scaled to size 12.50409pt on input line 53.
LaTeX Font Info:    Font shape `U/msa/m/n' will be
(Font)              scaled to size 9.37807pt on input line 53.
LaTeX Font Info:    Font shape `U/msa/m/n' will be
(Font)              scaled to size 7.29405pt on input line 53.
LaTeX Font Info:    Font shape `U/msb/m/n' will be
(Font)              scaled to size 12.50409pt on input line 53.
LaTeX Font Info:    Font shape `U/msb/m/n' will be
(Font)              scaled to size 9.37807pt on input line 53.
LaTeX Font Info:    Font shape `U/msb/m/n' will be
(Font)              scaled to size 7.29405pt on input line 53.

! Package xcolor Error: Undefined color `Black'.

See the xcolor package documentation for explanation.
Type  H <return>  for immediate help.
 ...                                              
                                                  
l.53 \part{Introduction and Foundations}
                                        
Try typing  <return>  to proceed.
If that doesn't work, type  X <return>  to quit.


Overfull \vbox (6.51149pt too high) has occurred while \output is active []


[1






]
Overfull \vbox (6.51149pt too high) has occurred while \output is active []


[2]
\openout2 = `Chapters/chapter_01_refactored.aux'.

 (./Chapters/chapter_01_refactored.tex
Chapter 1.

LaTeX Warning: Citation 'Kitano2002' on page 3 undefined on input line 23.


Overfull \vbox (6.51149pt too high) has occurred while \output is active []


[3



]
Overfull \vbox (6.51149pt too high) has occurred while \output is active []


[4]
Overfull \hbox (4.78696pt too wide) detected at line 97
 $[][]$  
 []

Package microtype Info: Character `029' is missing
(microtype)             in font `T1/pplj/m/sc/10'.
(microtype)             Ignoring protrusion settings for this character.

Overfull \vbox (6.51149pt too high) has occurred while \output is active []


[5]
Overfull \vbox (6.51149pt too high) has occurred while \output is active []


[6]
Overfull \vbox (6.51149pt too high) has occurred while \output is active []


[7]
Overfull \hbox (20.01993pt too wide) in paragraph at lines 197--198
[]\T1/pplj/b/n/10.95 (-20) Stoichiometric pre-ci-sion\T1/pplj/m/n/10.95 (-20) :
 In-te-ger co-ef-fi-cients, no frac-tional molecules
 []


Overfull \vbox (6.51149pt too high) has occurred while \output is active []


[8]

LaTeX Warning: Reference `ch:extended-biopn' on page 9 undefined on input line 
225.


Overfull \hbox (5.79575pt too wide) in paragraph at lines 237--238
[]$\OML/zplm/m/it/10.95 ^^\$\T1/pplj/m/n/10.95 (-20) : Tran-si-tion types (Con-
tin-u-ous, Stochas-tic, Timed, Burst) 
 []


! Package xcolor Error: Undefined color `CTlink'.

See the xcolor package documentation for explanation.
Type  H <return>  for immediate help.
 ...                                              
                                                  
l.245 ...-independence}: Weak Independence Theory}
                                                  
Try typing  <return>  to proceed.
If that doesn't work, type  X <return>  to quit.


Overfull \vbox (6.51149pt too high) has occurred while \output is active []


[9]

! Package xcolor Error: Undefined color `CTlink'.

See the xcolor package documentation for explanation.
Type  H <return>  for immediate help.
 ...                                              
                                                  
l.258 ...-formulas}: Biochemical Formula Tracking}
                                                  
Try typing  <return>  to proceed.
If that doesn't work, type  X <return>  to quit.


Overfull \hbox (7.71246pt too wide) in paragraph at lines 262--263
[]\T1/pplj/b/n/10.95 (-20) Elemental bal-ance ver-i-fi-ca-tion\T1/pplj/m/n/10.9
5 (-20) : Al-go-rithm check-ing $[]\OT1/zplm/m/n/10.95 ([][]) =
 []


! Package xcolor Error: Undefined color `CTlink'.

See the xcolor package documentation for explanation.
Type  H <return>  for immediate help.
 ...                                              
                                                  
l.271 ...validation}: Validation Through Examples}
                                                  
Try typing  <return>  to proceed.
If that doesn't work, type  X <return>  to quit.


Overfull \vbox (6.51149pt too high) has occurred while \output is active []


[10]

! Package xcolor Error: Undefined color `CTlink'.

See the xcolor package documentation for explanation.
Type  H <return>  for immediate help.
 ...                                              
                                                  
l.297 ...architecture}: SHYpn System Architecture}
                                                  
Try typing  <return>  to proceed.
If that doesn't work, type  X <return>  to quit.


Overfull \hbox (3.80833pt too wide) in paragraph at lines 300--301
[]\T1/pplj/m/n/10.95 (-20) Model rep-re-sen-ta-tion: Faith-ful 12-tuple im-ple-
men-ta-tion in Python 
 []


! Package xcolor Error: Undefined color `CTlink'.

See the xcolor package documentation for explanation.
Type  H <return>  for immediate help.
 ...                                              
                                                  
l.305 ...\ref{ch:kegg}: KEGG Compound Integration}
                                                  
Try typing  <return>  to proceed.
If that doesn't work, type  X <return>  to quit.


! Package xcolor Error: Undefined color `CTlink'.

See the xcolor package documentation for explanation.
Type  H <return>  for immediate help.
 ...                                              
                                                  
l.315 ...elligent Parameter Inference from BRENDA}
                                                  
Try typing  <return>  to proceed.
If that doesn't work, type  X <return>  to quit.


Overfull \hbox (3.26593pt too wide) in paragraph at lines 316--316
[] []\T1/pplj/m/sc/10.95/80ls (-20) chap-ter [][]10[][]: in-tel-li-gent pa-ram-
e-ter in-fer-ence from brenda[] 
 []


Overfull \vbox (6.51149pt too high) has occurred while \output is active []


[11]

! Package xcolor Error: Undefined color `CTlink'.

See the xcolor package documentation for explanation.
Type  H <return>  for immediate help.
 ...                                              
                                                  
l.329 ...ch:simulation}: Hybrid Simulation Engine}
                                                  
Try typing  <return>  to proceed.
If that doesn't work, type  X <return>  to quit.


Overfull \hbox (5.72702pt too wide) in paragraph at lines 333--334
[]\T1/pplj/m/n/10.95 (-20) Continuous: SciPy RK45 ODE solver (adap-tive time-st
epping) 
 []


Overfull \vbox (6.51149pt too high) has occurred while \output is active []


[12]
Overfull \vbox (6.51149pt too high) has occurred while \output is active []


[13]
Overfull \vbox (6.51149pt too high) has occurred while \output is active []


[14]
Overfull \hbox (4.02827pt too wide) in paragraph at lines 459--460
[]\T1/pplj/b/n/10.95 (-20) Limitation\T1/pplj/m/n/10.95 (-20) : Can-not model s
pa-tial gra-di-ents (e.g., mor-phogen
 []


Overfull \hbox (31.21487pt too wide) in paragraph at lines 463--464
[]\T1/pplj/b/n/10.95 (-20) Multi-compartment systems\T1/pplj/m/n/10.95 (-20) : 
Cur-rent for-mal-ism is single-compartment 
 []


Overfull \hbox (3.84622pt too wide) in paragraph at lines 472--473
[]\T1/pplj/b/n/10.95 (-20) Future work\T1/pplj/m/n/10.95 (-20) : Ex-tend to pro
-tein com-plexes, post-translational
 []


Overfull \vbox (6.51149pt too high) has occurred while \output is active []


[15]

! Package xcolor Error: Undefined color `CTlink'.

See the xcolor package documentation for explanation.
Type  H <return>  for immediate help.
 ...                                              
                                                  
l.505 ...ndations} (Chapters \ref{ch:introduction}
                                                  --\ref{ch:integration-chal...

Try typing  <return>  to proceed.
If that doesn't work, type  X <return>  to quit.


! Package xcolor Error: Undefined color `CTlink'.

See the xcolor package documentation for explanation.
Type  H <return>  for immediate help.
 ...                                              
                                                  
l.505 ...oduction}--\ref{ch:integration-challenge}
                                                  )
Try typing  <return>  to proceed.
If that doesn't work, type  X <return>  to quit.


! Package xcolor Error: Undefined color `CTlink'.

See the xcolor package documentation for explanation.
Type  H <return>  for immediate help.
 ...                                              
                                                  
l.508 ...em \textbf{Chapter \ref{ch:introduction}}
                                                  : Motivation, research que...

Try typing  <return>  to proceed.
If that doesn't work, type  X <return>  to quit.


! Package xcolor Error: Undefined color `CTlink'.

See the xcolor package documentation for explanation.
Type  H <return>  for immediate help.
 ...                                              
                                                  
l.509 ...item \textbf{Chapter \ref{ch:background}}
                                                  : Background (Petri nets, ...

Try typing  <return>  to proceed.
If that doesn't work, type  X <return>  to quit.


! Package xcolor Error: Undefined color `CTlink'.

See the xcolor package documentation for explanation.
Type  H <return>  for immediate help.
 ...                                              
                                                  
l.510 ...f{Chapter \ref{ch:integration-challenge}}
                                                  : Integration challenge (l...

Try typing  <return>  to proceed.
If that doesn't work, type  X <return>  to quit.


LaTeX Warning: Reference `ch:extended-biopn' on page 16 undefined on input line
 513.


! Package xcolor Error: Undefined color `CTlink'.

See the xcolor package documentation for explanation.
Type  H <return>  for immediate help.
 ...                                              
                                                  
l.513 ...ded-biopn}--\ref{ch:biochemical-formulas}
                                                  )
Try typing  <return>  to proceed.
If that doesn't work, type  X <return>  to quit.


LaTeX Warning: Reference `ch:extended-biopn' on page 16 undefined on input line
 516.


! Package xcolor Error: Undefined color `CTlink'.

See the xcolor package documentation for explanation.
Type  H <return>  for immediate help.
 ...                                              
                                                  
l.517 ...extbf{Chapter \ref{ch:weak-independence}}
                                                  : Weak independence theory...

Try typing  <return>  to proceed.
If that doesn't work, type  X <return>  to quit.


! Package xcolor Error: Undefined color `CTlink'.

See the xcolor package documentation for explanation.
Type  H <return>  for immediate help.
 ...                                              
                                                  
l.518 ...bf{Chapter \ref{ch:biochemical-formulas}}
                                                  : Biochemical formula trac...

Try typing  <return>  to proceed.
If that doesn't work, type  X <return>  to quit.


Overfull \vbox (6.51149pt too high) has occurred while \output is active []


[16]

! Package xcolor Error: Undefined color `CTlink'.

See the xcolor package documentation for explanation.
Type  H <return>  for immediate help.
 ...                                              
                                                  
l.521 ...gh Examples} (Chapter \ref{ch:validation}
                                                  )
Try typing  <return>  to proceed.
If that doesn't work, type  X <return>  to quit.


! Package xcolor Error: Undefined color `CTlink'.

See the xcolor package documentation for explanation.
Type  H <return>  for immediate help.
 ...                                              
                                                  
l.524 ...item \textbf{Chapter \ref{ch:validation}}
                                                  : 16-example progressive s...

Try typing  <return>  to proceed.
If that doesn't work, type  X <return>  to quit.


! Package xcolor Error: Undefined color `CTlink'.

See the xcolor package documentation for explanation.
Type  H <return>  for immediate help.
 ...                                              
                                                  
l.527 ...ng Tools} (Chapters \ref{ch:architecture}
                                                  --\ref{ch:simulation})
Try typing  <return>  to proceed.
If that doesn't work, type  X <return>  to quit.


! Package xcolor Error: Undefined color `CTlink'.

See the xcolor package documentation for explanation.
Type  H <return>  for immediate help.
 ...                                              
                                                  
l.527 ...ref{ch:architecture}--\ref{ch:simulation}
                                                  )
Try typing  <return>  to proceed.
If that doesn't work, type  X <return>  to quit.


! Package xcolor Error: Undefined color `CTlink'.

See the xcolor package documentation for explanation.
Type  H <return>  for immediate help.
 ...                                              
                                                  
l.530 ...em \textbf{Chapter \ref{ch:architecture}}
                                                  : SHYpn system architectur...

Try typing  <return>  to proceed.
If that doesn't work, type  X <return>  to quit.


! Package xcolor Error: Undefined color `CTlink'.

See the xcolor package documentation for explanation.
Type  H <return>  for immediate help.
 ...                                              
                                                  
l.531     \item \textbf{Chapter \ref{ch:kegg}}
                                              : KEGG integration (formula re...

Try typing  <return>  to proceed.
If that doesn't work, type  X <return>  to quit.


! Package xcolor Error: Undefined color `CTlink'.

See the xcolor package documentation for explanation.
Type  H <return>  for immediate help.
 ...                                              
                                                  
l.532     \item \textbf{Chapter \ref{ch:brenda}}
                                                : Parameter inference (BREND...

Try typing  <return>  to proceed.
If that doesn't work, type  X <return>  to quit.


! Package xcolor Error: Undefined color `CTlink'.

See the xcolor package documentation for explanation.
Type  H <return>  for immediate help.
 ...                                              
                                                  
l.533 ...item \textbf{Chapter \ref{ch:simulation}}
                                                  : Hybrid simulation engine...

Try typing  <return>  to proceed.
If that doesn't work, type  X <return>  to quit.


! Package xcolor Error: Undefined color `CTlink'.

See the xcolor package documentation for explanation.
Type  H <return>  for immediate help.
 ...                                              
                                                  
l.536 ...aluation} (Chapters \ref{ch:case-studies}
                                                  --\ref{ch:performance})
Try typing  <return>  to proceed.
If that doesn't work, type  X <return>  to quit.


! Package xcolor Error: Undefined color `CTlink'.

See the xcolor package documentation for explanation.
Type  H <return>  for immediate help.
 ...                                              
                                                  
l.536 ...ef{ch:case-studies}--\ref{ch:performance}
                                                  )
Try typing  <return>  to proceed.
If that doesn't work, type  X <return>  to quit.


! Package xcolor Error: Undefined color `CTlink'.

See the xcolor package documentation for explanation.
Type  H <return>  for immediate help.
 ...                                              
                                                  
l.539 ...em \textbf{Chapter \ref{ch:case-studies}}
                                                  : Case studies (glycolysis...

Try typing  <return>  to proceed.
If that doesn't work, type  X <return>  to quit.


! Package xcolor Error: Undefined color `CTlink'.

See the xcolor package documentation for explanation.
Type  H <return>  for immediate help.
 ...                                              
                                                  
l.540 ...tem \textbf{Chapter \ref{ch:performance}}
                                                  : Performance evaluation (...

Try typing  <return>  to proceed.
If that doesn't work, type  X <return>  to quit.


! Package xcolor Error: Undefined color `CTlink'.

See the xcolor package documentation for explanation.
Type  H <return>  for immediate help.
 ...                                              
                                                  
l.543 ... Synthesis} (Chapters \ref{ch:discussion}
                                                  --\ref{ch:conclusion})
Try typing  <return>  to proceed.
If that doesn't work, type  X <return>  to quit.


! Package xcolor Error: Undefined color `CTlink'.

See the xcolor package documentation for explanation.
Type  H <return>  for immediate help.
 ...                                              
                                                  
l.543 ... \ref{ch:discussion}--\ref{ch:conclusion}
                                                  )
Try typing  <return>  to proceed.
If that doesn't work, type  X <return>  to quit.


! Package xcolor Error: Undefined color `CTlink'.

See the xcolor package documentation for explanation.
Type  H <return>  for immediate help.
 ...                                              
                                                  
l.546 ...item \textbf{Chapter \ref{ch:discussion}}
                                                  : Discussion (contribution...

Try typing  <return>  to proceed.
If that doesn't work, type  X <return>  to quit.


! Package xcolor Error: Undefined color `CTlink'.

See the xcolor package documentation for explanation.
Type  H <return>  for immediate help.
 ...                                              
                                                  
l.547 ...item \textbf{Chapter \ref{ch:conclusion}}
                                                  : Conclusion and future wo...

Try typing  <return>  to proceed.
If that doesn't work, type  X <return>  to quit.


LaTeX Warning: Reference `ch:extended-biopn' on page 17 undefined on input line
 559.


! Package xcolor Error: Undefined color `CTlink'.

See the xcolor package documentation for explanation.
Type  H <return>  for immediate help.
 ...                                              
                                                  
l.559 ...ded-biopn}--\ref{ch:biochemical-formulas}
                                                   (formalism definition, we...

Try typing  <return>  to proceed.
If that doesn't work, type  X <return>  to quit.


! Package xcolor Error: Undefined color `CTlink'.

See the xcolor package documentation for explanation.
Type  H <return>  for immediate help.
 ...                                              
                                                  
l.560 ...n details (Chapters \ref{ch:architecture}
                                                  --\ref{ch:simulation})
Try typing  <return>  to proceed.
If that doesn't work, type  X <return>  to quit.


! Package xcolor Error: Undefined color `CTlink'.

See the xcolor package documentation for explanation.
Type  H <return>  for immediate help.
 ...                                              
                                                  
l.560 ...ref{ch:architecture}--\ref{ch:simulation}
                                                  )
Try typing  <return>  to proceed.
If that doesn't work, type  X <return>  to quit.


! Package xcolor Error: Undefined color `CTlink'.

See the xcolor package documentation for explanation.
Type  H <return>  for immediate help.
 ...                                              
                                                  
l.565     \item Read Chapter \ref{ch:validation}
                                                 (validation examples)
Try typing  <return>  to proceed.
If that doesn't work, type  X <return>  to quit.


Overfull \vbox (6.51149pt too high) has occurred while \output is active []


[17]

! Package xcolor Error: Undefined color `CTlink'.

See the xcolor package documentation for explanation.
Type  H <return>  for immediate help.
 ...                                              
                                                  
l.566     \item Read Chapters \ref{ch:kegg}
                                           --\ref{ch:brenda} (KEGG/BRENDA in...

Try typing  <return>  to proceed.
If that doesn't work, type  X <return>  to quit.


! Package xcolor Error: Undefined color `CTlink'.

See the xcolor package documentation for explanation.
Type  H <return>  for immediate help.
 ...                                              
                                                  
l.566 ...d Chapters \ref{ch:kegg}--\ref{ch:brenda}
                                                   (KEGG/BRENDA integration ...

Try typing  <return>  to proceed.
If that doesn't work, type  X <return>  to quit.


LaTeX Warning: Reference `ch:extended-biopn' on page 18 undefined on input line
 567.


! Package xcolor Error: Undefined color `CTlink'.

See the xcolor package documentation for explanation.
Type  H <return>  for immediate help.
 ...                                              
                                                  
l.567 ...ded-biopn}--\ref{ch:biochemical-formulas}
                                                  ) for terminology
Try typing  <return>  to proceed.
If that doesn't work, type  X <return>  to quit.


! Package xcolor Error: Undefined color `CTlink'.

See the xcolor package documentation for explanation.
Type  H <return>  for immediate help.
 ...                                              
                                                  
l.572 ...\item Read Chapters \ref{ch:architecture}
                                                  --\ref{ch:simulation} (arc...

Try typing  <return>  to proceed.
If that doesn't work, type  X <return>  to quit.


! Package xcolor Error: Undefined color `CTlink'.

See the xcolor package documentation for explanation.
Type  H <return>  for immediate help.
 ...                                              
                                                  
l.572 ...ref{ch:architecture}--\ref{ch:simulation}
                                                   (architecture, simulation...

Try typing  <return>  to proceed.
If that doesn't work, type  X <return>  to quit.


! Package xcolor Error: Undefined color `CTlink'.

See the xcolor package documentation for explanation.
Type  H <return>  for immediate help.
 ...                                              
                                                  
l.573     \item Chapter \ref{ch:validation}
                                            for example suite
Try typing  <return>  to proceed.
If that doesn't work, type  X <return>  to quit.


! Package xcolor Error: Undefined color `CTlink'.

See the xcolor package documentation for explanation.
Type  H <return>  for immediate help.
 ...                                              
                                                  
l.578 ...ad Chapter \ref{ch:integration-challenge}
                                                   (integration challenge, l...

Try typing  <return>  to proceed.
If that doesn't work, type  X <return>  to quit.


! Package xcolor Error: Undefined color `CTlink'.

See the xcolor package documentation for explanation.
Type  H <return>  for immediate help.
 ...                                              
                                                  
l.579     \item Read Chapter \ref{ch:validation}
                                                 (validation examples)
Try typing  <return>  to proceed.
If that doesn't work, type  X <return>  to quit.


! Package xcolor Error: Undefined color `CTlink'.

See the xcolor package documentation for explanation.
Type  H <return>  for immediate help.
 ...                                              
                                                  
l.580     \item Read Chapter \ref{ch:case-studies}
                                                   (case studies)
Try typing  <return>  to proceed.
If that doesn't work, type  X <return>  to quit.


LaTeX Warning: Reference `ch:extended-biopn' on page 18 undefined on input line
 585.


! Package xcolor Error: Undefined color `CTlink'.

See the xcolor package documentation for explanation.
Type  H <return>  for immediate help.
 ...                                              
                                                  
l.585 ...tended-biopn}--\ref{ch:weak-independence}
                                                   (12-tuple definition, wea...

Try typing  <return>  to proceed.
If that doesn't work, type  X <return>  to quit.


! Package xcolor Error: Undefined color `CTlink'.

See the xcolor package documentation for explanation.
Type  H <return>  for immediate help.
 ...                                              
                                                  
l.586     \item Chapter \ref{ch:simulation}
                                            (hybrid simulation semantics)
Try typing  <return>  to proceed.
If that doesn't work, type  X <return>  to quit.


! Package xcolor Error: Undefined color `CTlink'.

See the xcolor package documentation for explanation.
Type  H <return>  for immediate help.
 ...                                              
                                                  
l.605 ...\ref{ch:background} surveys related work}
                                                  , establishing context for...

Try typing  <return>  to proceed.
If that doesn't work, type  X <return>  to quit.


! Package xcolor Error: Undefined color `CTlink'.

See the xcolor package documentation for explanation.
Type  H <return>  for immediate help.
 ...                                              
                                                  
l.605 ...enge} presents the integration challenge}
                                                   in depth, deriving formal...

Try typing  <return>  to proceed.
If that doesn't work, type  X <return>  to quit.

)
Overfull \vbox (6.51149pt too high) has occurred while \output is active []


[18]
Overfull \vbox (6.51149pt too high) has occurred while \output is active []


[19]
\openout2 = `Chapters/chapter_02_refactored.aux'.

 (./Chapters/chapter_02_refactored.tex
Chapter 2.

Overfull \vbox (6.51149pt too high) has occurred while \output is active []


[20





]
LaTeX Font Info:    Trying to load font information for U+fplmbb on input line 
22.
 (/usr/share/texlive/texmf-dist/tex/latex/psnfss/ufplmbb.fd
File: ufplmbb.fd 2003/10/30 Fontinst v1.914 font definitions for U/fplmbb.
)
Overfull \vbox (6.51149pt too high) has occurred while \output is active []


[21]
Overfull \vbox (6.51149pt too high) has occurred while \output is active []


[22]

LaTeX Warning: Citation 'Jensen1981' on page 23 undefined on input line 128.


Overfull \vbox (6.51149pt too high) has occurred while \output is active []


[23]
Overfull \hbox (2.8296pt too wide) in paragraph at lines 147--148
[]\T1/pplj/b/n/10.95 (-20) Analysis dif-fi-culty\T1/pplj/m/n/10.95 (-20) : Stru
c-tural prop-er-ties (P-invariants) are harder
 []


LaTeX Warning: Citation 'Ramchandani1974' on page 24 undefined on input line 15
4.


LaTeX Warning: Citation 'Merlin1974' on page 24 undefined on input line 161.


LaTeX Warning: Citation 'Molloy1981' on page 24 undefined on input line 178.


LaTeX Warning: Citation 'Ajmone1984' on page 24 undefined on input line 186.


Overfull \vbox (6.51149pt too high) has occurred while \output is active []


[24]
Overfull \hbox (20.90656pt too wide) in paragraph at lines 205--206
[]\T1/pplj/b/n/10.95 (-20) No con-tin-u-ous ki-net-ics\T1/pplj/m/n/10.95 (-20) 
: Can-not model en-zyme sat-u-ra-tion (Michaelis-
 []


LaTeX Warning: Citation 'David1992' on page 25 undefined on input line 211.


Overfull \hbox (6.1983pt too wide) in paragraph at lines 230--231
[]\T1/pplj/b/n/10.95 (-20) Enzyme ki-net-ics\T1/pplj/m/n/10.95 (-20) : Con-tin-
u-ous tran-si-tions model Michaelis-Menten
 []


! Package xcolor Error: Undefined color `CTlink'.

See the xcolor package documentation for explanation.
Type  H <return>  for immediate help.
 ...                                              
                                                  
l.245 Table~\ref{tab:pn-extensions}
                                    summarizes key features of Petri net ext...

Try typing  <return>  to proceed.
If that doesn't work, type  X <return>  to quit.


Overfull \hbox (173.92264pt too wide) in paragraph at lines 251--262
 [][] 
 []


Overfull \vbox (6.51149pt too high) has occurred while \output is active []


[25]

LaTeX Warning: Citation 'Hofestaedt1994' on page 26 undefined on input line 281
.


Overfull \vbox (6.51149pt too high) has occurred while \output is active []


[26]

LaTeX Warning: Citation 'Koch2011' on page 27 undefined on input line 302.


LaTeX Warning: Citation 'Blaetke2015' on page 27 undefined on input line 335.


LaTeX Warning: Citation 'Liu2013' on page 27 undefined on input line 344.


Overfull \vbox (6.51149pt too high) has occurred while \output is active []


[27]

LaTeX Warning: Citation 'Marwan2011' on page 28 undefined on input line 351.


LaTeX Warning: Citation 'Varma1994' on page 28 undefined on input line 387.


Overfull \vbox (6.51149pt too high) has occurred while \output is active []


[28]

LaTeX Warning: Citation 'Kauffman1969' on page 29 undefined on input line 414.


Overfull \vbox (6.51149pt too high) has occurred while \output is active []


[29]

LaTeX Warning: Citation 'Tomita1999' on page 30 undefined on input line 449.


LaTeX Warning: Citation 'Schaff1997' on page 30 undefined on input line 458.


Overfull \vbox (6.51149pt too high) has occurred while \output is active []


[30]

LaTeX Warning: Citation 'Hucka2003' on page 31 undefined on input line 495.


Overfull \vbox (6.51149pt too high) has occurred while \output is active []


[31]

! Package xcolor Error: Undefined color `CTlink'.

See the xcolor package documentation for explanation.
Type  H <return>  for immediate help.
 ...                                              
                                                  
l.527 ...rogrammatic access (Chapter~\ref{ch:kegg}
                                                   uses this)
Try typing  <return>  to proceed.
If that doesn't work, type  X <return>  to quit.


! Package xcolor Error: Undefined color `CTlink'.

See the xcolor package documentation for explanation.
Type  H <return>  for immediate help.
 ...                                              
                                                  
l.554 ...grammatic access (Chapter~\ref{ch:brenda}
                                                   uses this)
Try typing  <return>  to proceed.
If that doesn't work, type  X <return>  to quit.


Overfull \vbox (6.51149pt too high) has occurred while \output is active []


[32]

! Package xcolor Error: Undefined color `CTlink'.

See the xcolor package documentation for explanation.
Type  H <return>  for immediate help.
 ...                                              
                                                  
l.598 ... Formula retrieval (Chapter~\ref{ch:kegg}
                                                  )
Try typing  <return>  to proceed.
If that doesn't work, type  X <return>  to quit.


! Package xcolor Error: Undefined color `CTlink'.

See the xcolor package documentation for explanation.
Type  H <return>  for immediate help.
 ...                                              
                                                  
l.599 ...ameter inference (Chapter~\ref{ch:brenda}
                                                  )
Try typing  <return>  to proceed.
If that doesn't work, type  X <return>  to quit.


LaTeX Warning: Citation 'Heiner2012' on page 33 undefined on input line 609.


Overfull \vbox (6.51149pt too high) has occurred while \output is active []


[33]

LaTeX Warning: Citation 'Nagasaki2010' on page 34 undefined on input line 644.


Overfull \vbox (6.51149pt too high) has occurred while \output is active []


[34]

LaTeX Warning: Citation 'Funahashi2003' on page 35 undefined on input line 698.



LaTeX Warning: Citation 'Heiner2015' on page 35 undefined on input line 724.


Overfull \vbox (6.51149pt too high) has occurred while \output is active []


[35]

! Package xcolor Error: Undefined color `CTlink'.

See the xcolor package documentation for explanation.
Type  H <return>  for immediate help.
 ...                                              
                                                  
l.749 Table~\ref{tab:tools-comparison}
                                       compares related tools with SHYpn (th...

Try typing  <return>  to proceed.
If that doesn't work, type  X <return>  to quit.


Overfull \hbox (64.32pt too wide) in paragraph at lines 756--770
 [][] 
 []


LaTeX Warning: Citation 'Mazurkiewicz1987' on page 36 undefined on input line 7
99.


Overfull \vbox (6.51149pt too high) has occurred while \output is active []


[36]

LaTeX Warning: Citation 'Milner1980' on page 37 undefined on input line 822.


LaTeX Warning: Citation 'Milner1992' on page 37 undefined on input line 829.


LaTeX Warning: Citation 'Priami1995' on page 37 undefined on input line 835.


LaTeX Warning: Citation 'Feinberg1987' on page 37 undefined on input line 853.


Overfull \vbox (6.51149pt too high) has occurred while \output is active []


[37]

LaTeX Warning: Citation 'Haseltine2002' on page 38 undefined on input line 895.



Overfull \vbox (6.51149pt too high) has occurred while \output is active []


[38]
Overfull \hbox (0.64049pt too wide) in paragraph at lines 925--926
[]\T1/pplj/b/n/10.95 (-20) Integrated metabolic-genetic for-mal-ism\T1/pplj/m/n
/10.95 (-20) : Sin-gle frame-work span-
 []


! Package xcolor Error: Undefined color `CTlink'.

See the xcolor package documentation for explanation.
Type  H <return>  for immediate help.
 ...                                              
                                                  
l.937 ...textbf{Section~\ref{sec:pn-fundamentals}}
                                                  : Classical Petri nets (5-...

Try typing  <return>  to proceed.
If that doesn't work, type  X <return>  to quit.


! Package xcolor Error: Undefined color `CTlink'.

See the xcolor package documentation for explanation.
Type  H <return>  for immediate help.
 ...                                              
                                                  
l.938 ... \textbf{Section~\ref{sec:pn-extensions}}
                                                  : Extensions (colored, tim...

Try typing  <return>  to proceed.
If that doesn't work, type  X <return>  to quit.


! Package xcolor Error: Undefined color `CTlink'.

See the xcolor package documentation for explanation.
Type  H <return>  for immediate help.
 ...                                              
                                                  
l.939     \item \textbf{Section~\ref{sec:bio-pn}}
                                                 : Biological Petri nets (Re...

Try typing  <return>  to proceed.
If that doesn't work, type  X <return>  to quit.


! Package xcolor Error: Undefined color `CTlink'.

See the xcolor package documentation for explanation.
Type  H <return>  for immediate help.
 ...                                              
                                                  
l.940 ...bf{Section~\ref{sec:multiscale-modeling}}
                                                  : Multi-scale modeling (GS...

Try typing  <return>  to proceed.
If that doesn't work, type  X <return>  to quit.


! Package xcolor Error: Undefined color `CTlink'.

See the xcolor package documentation for explanation.
Type  H <return>  for immediate help.
 ...                                              
                                                  
l.941 ...bf{Section~\ref{sec:standards-databases}}
                                                  : Standards and databases ...

Try typing  <return>  to proceed.
If that doesn't work, type  X <return>  to quit.


! Package xcolor Error: Undefined color `CTlink'.

See the xcolor package documentation for explanation.
Type  H <return>  for immediate help.
 ...                                              
                                                  
l.942 ... \textbf{Section~\ref{sec:related-tools}}
                                                  : Tools comparison (Snoopy...

Try typing  <return>  to proceed.
If that doesn't work, type  X <return>  to quit.


! Package xcolor Error: Undefined color `CTlink'.

See the xcolor package documentation for explanation.
Type  H <return>  for immediate help.
 ...                                              
                                                  
l.943 ...ection~\ref{sec:theoretical-foundations}}
                                                  : Theoretical foundations ...

Try typing  <return>  to proceed.
If that doesn't work, type  X <return>  to quit.


Overfull \vbox (6.51149pt too high) has occurred while \output is active []


[39]

! Package xcolor Error: Undefined color `CTlink'.

See the xcolor package documentation for explanation.
Type  H <return>  for immediate help.
 ...                                              
                                                  
l.944 ...em \textbf{Section~\ref{sec:gap-summary}}
                                                  : Gap analysis (what is mi...

Try typing  <return>  to proceed.
If that doesn't work, type  X <return>  to quit.


! Package xcolor Error: Undefined color `CTlink'.

See the xcolor package documentation for explanation.
Type  H <return>  for immediate help.
 ...                                              
                                                  
l.956 ...} (Chapter~\ref{ch:integration-challenge}
                                                  ) presents the \textbf{int...

Try typing  <return>  to proceed.
If that doesn't work, type  X <return>  to quit.

)
Overfull \vbox (6.51149pt too high) has occurred while \output is active []


[40]
\openout2 = `Chapters/chapter_03_refactored.aux'.

 (./Chapters/chapter_03_refactored.tex
Chapter 3.

Overfull \vbox (6.51149pt too high) has occurred while \output is active []


[41





]
Overfull \hbox (17.38904pt too wide) in paragraph at lines 56--56
|[]\T1/pplj/m/sc/10.95/80ls (-20) motivating ex-am-ple: camp-crp reg-u-la-tion 
of lac operon| 
 []


Overfull \vbox (6.51149pt too high) has occurred while \output is active []


[42]
Overfull \vbox (6.51149pt too high) has occurred while \output is active []


[43]
Overfull \vbox (6.51149pt too high) has occurred while \output is active []


[44]
Overfull \hbox (1.5374pt too wide) in paragraph at lines 231--232
[]\T1/pplj/m/n/10.95 (-20) For sim-plic-ity, as-sume Per-me-ase $\OMS/zplm/m/n/
10.95 /$ \T1/pplj/m/n/10.95 (-20) Be-ta-Gal (both from lac operon) 
 []


Overfull \hbox (13.2724pt too wide) in paragraph at lines 247--248
[]\T1/pplj/b/n/10.95 (-20) Cross-scale cou-pling\T1/pplj/m/n/10.95 (-20) : En-z
yme (from ge-net-ics) reg-u-lates metabolism 
 []


Underfull \hbox (badness 1132) in paragraph at lines 262--268
[]|$\OT1/zplm/m/n/10.95 [[]] = \OT1/pplx/m/n/10.95 5$ \T1/pplj/m/n/10.95 (+20) 
mM (high, pre-ferred sub-strate);
 []


Underfull \hbox (badness 3428) in paragraph at lines 262--268
\OT1/zplm/m/n/10.95 [[]] = \OT1/pplx/m/n/10.95 10$ \T1/pplj/m/n/10.95 (+20) mM 
(avail-able, but un-used);
 []


Underfull \hbox (badness 6125) in paragraph at lines 262--268
\OT1/zplm/m/n/10.95 [[]] = \OT1/pplx/m/n/10.95 0.1$ $\OML/zplm/m/it/10.95 ^^V$\
T1/pplj/m/n/10.95 (+20) M (low, due to glu-cose);
 []


Underfull \hbox (badness 3713) in paragraph at lines 293--297
\OT1/pplx/m/n/10.95 5000$ \T1/pplj/m/n/10.95 (+20) molecules (sta-ble, long pro
-tein half-life);
 []


Overfull \hbox (71.79025pt too wide) in paragraph at lines 257--299
 [][] 
 []


Overfull \vbox (6.51149pt too high) has occurred while \output is active []


[45]
Overfull \vbox (6.51149pt too high) has occurred while \output is active []


[46]
Underfull \hbox (badness 5652) in paragraph at lines 341--342
[]|\T1/pplj/m/n/10.95 (+20) Transcription oc-curs in pulses
 []


Underfull \hbox (badness 4156) in paragraph at lines 341--342
\T1/pplj/m/n/10.95 (+20) (RNA poly-merase pro-ces-siv-ity);
 []


Overfull \vbox (6.51149pt too high) has occurred while \output is active []


[47]

pdfTeX warning: pdflatex (file ./gfx/lac_operon.pdf): PDF inclusion: found PDF 
version <1.7>, but at most version <1.5> allowed
<gfx/lac_operon.pdf, id=1554, 1023.825pt x 1043.9pt>
File: gfx/lac_operon.pdf Graphic file (type pdf)
<use gfx/lac_operon.pdf>
Package pdftex.def Info: gfx/lac_operon.pdf  used on input line 382.
(pdftex.def)             Requested size: 268.80103pt x 274.06767pt.

Overfull \vbox (6.51149pt too high) has occurred while \output is active []


[48]
Overfull \vbox (6.51149pt too high) has occurred while \output is active []


[49 <./gfx/lac_operon.pdf>]
Overfull \hbox (6.05547pt too wide) in paragraph at lines 475--476
[] []\T1/pplj/m/sc/10.95/80ls (-20) re-quire-ment:[] \T1/pplj/m/n/10.95 (-20) F
or-mal-ism must sup-port both dis-crete counts (genes,
 []


Overfull \vbox (6.51149pt too high) has occurred while \output is active []


[50]
Overfull \hbox (35.42699pt too wide) has occurred while \output is active
 []|[]|
 []


Overfull \vbox (6.51149pt too high) has occurred while \output is active []


[51]
Overfull \hbox (26.3664pt too wide) in paragraph at lines 512--513
[]\T1/pplj/m/n/10.95 (-20) lac_gene $\OMS/zplm/m/n/10.95 !$ \T1/pplj/m/n/10.95 
(-20) Tran-scrip-tion: Gene is tem-plate (test arc, non-consumptive) 
 []


Overfull \hbox (0.33739pt too wide) in paragraph at lines 524--525
[] []\T1/pplj/m/sc/10.95/80ls (-20) re-quire-ment:[] \T1/pplj/m/n/10.95 (-20) F
or-mal-ism must sup-port en-abling con-di-tions based
 []


Overfull \hbox (8.03136pt too wide) in paragraph at lines 535--536
[]\T1/pplj/m/n/10.95 (-20) Glucose $\U/msa/m/n/10.95 ($ \T1/pplj/m/n/10.95 (-20
) cAMP_synthesis: Tran-si-tion blocked when $\OT1/zplm/m/n/10.95 [[]] \OML/zplm
/m/it/10.95 >
 []


Overfull \hbox (10.90215pt too wide) in paragraph at lines 536--537
[]\T1/pplj/m/n/10.95 (-20) Repressor $\U/msa/m/n/10.95 ($ \T1/pplj/m/n/10.95 (-
20) Tran-scrip-tion: Tran-si-tion blocked when $\OT1/zplm/m/n/10.95 [[]] \OML/z
plm/m/it/10.95 >
 []


Overfull \hbox (6.3427pt too wide) in paragraph at lines 537--538
[]\T1/pplj/m/n/10.95 (-20) CRP-cAMP $\OMS/zplm/m/n/10.95 !$ \T1/pplj/m/n/10.95 
(-20) Tran-scrip-tion: Rate en-hanced when $\OT1/zplm/m/n/10.95 [[]] \OML/zplm/
m/it/10.95 >
 []


Overfull \vbox (6.51149pt too high) has occurred while \output is active []


[52]
Overfull \hbox (7.16805pt too wide) in paragraph at lines 551--552
[]\T1/pplj/m/n/10.95 (-20) Convergent metabolism: Mul-ti-ple path-ways pro-duce
 same metabo-
 []


Overfull \hbox (35.42699pt too wide) has occurred while \output is active
 []|[]|
 []


Overfull \vbox (6.51149pt too high) has occurred while \output is active []


[53]
Overfull \hbox (3.47139pt too wide) in paragraph at lines 622--623
[]\T1/pplj/m/n/10.95 (-20) Lactose ($[][][][][][][][][]$) $\OMS/zplm/m/n/10.95 
!$ \T1/pplj/m/n/10.95 (-20) Glu-cose ($[][][][][][][][][]$) + Galac-tose ($[][]
[][][][][][][]$) 
 []


Overfull \vbox (6.51149pt too high) has occurred while \output is active []


[54]
Overfull \hbox (4.12546pt too wide) in paragraph at lines 638--639
[]\T1/pplj/m/n/10.95 (-20) Large mod-els: Genome-scale metabolism (1000+ re-ac-
tions), whole-
 []


Overfull \hbox (10.59875pt too wide) in paragraph at lines 646--647
[]\T1/pplj/m/n/10.95 (-20) Classical strong in-de-pen-dence: 200 pairs $\OMS/zp
lm/m/n/10.95 !$ \T1/pplj/m/n/10.95 (-20) 5 par-al-lel sets (speedup:
 []


Overfull \hbox (9.196pt too wide) in paragraph at lines 651--652
[] []\T1/pplj/m/sc/10.95/80ls (-20) im-pli-ca-tion:[] \T1/pplj/m/n/10.95 (-20) 
For-mal-ism must pro-vide \T1/pplj/b/n/10.95 (-20) de-pen-dency anal-y-sis \T1/
pplj/m/n/10.95 (-20) (which
 []


Overfull \hbox (35.42699pt too wide) has occurred while \output is active
 []|[]|
 []


Overfull \vbox (6.51149pt too high) has occurred while \output is active []


[55]
Overfull \vbox (6.51149pt too high) has occurred while \output is active []


[56]
Overfull \vbox (6.51149pt too high) has occurred while \output is active []


[57]
Overfull \hbox (3.76192pt too wide) in paragraph at lines 771--772
[]\T1/pplj/b/n/10.95 (-20) Hybrid dy-nam-ics\T1/pplj/m/n/10.95 (-20) : Dis-cret
e (genes, mRNA) + con-tin-u-ous (metabo-
 []


Overfull \hbox (1.73296pt too wide) in paragraph at lines 789--790
[]\T1/pplj/b/n/10.95 (-20) Motivating ex-am-ple\T1/pplj/m/n/10.95 (-20) : cAMP-
CRP reg-u-la-tion of lac operon demon-
 []


Overfull \hbox (0.98424pt too wide) in paragraph at lines 792--793
[]\T1/pplj/m/n/10.95 (-20) Heterogeneous dy-nam-ics (con-tin-u-ous metabolism +
 stochas-
 []


Overfull \vbox (6.51149pt too high) has occurred while \output is active []


[58]
Overfull \vbox (6.51149pt too high) has occurred while \output is active []


[59])
Overfull \vbox (6.51149pt too high) has occurred while \output is active []


[60]

! Package xcolor Error: Undefined color `CTtitle'.

See the xcolor package documentation for explanation.
Type  H <return>  for immediate help.
 ...                                              
                                                  
l.59 \part{Core Theory}
                       
Try typing  <return>  to proceed.
If that doesn't work, type  X <return>  to quit.


! Package xcolor Error: Undefined color `Black'.

See the xcolor package documentation for explanation.
Type  H <return>  for immediate help.
 ...                                              
                                                  
l.59 \part{Core Theory}
                       
Try typing  <return>  to proceed.
If that doesn't work, type  X <return>  to quit.


Overfull \vbox (6.51149pt too high) has occurred while \output is active []


[61




]
Overfull \vbox (6.51149pt too high) has occurred while \output is active []


[62]
\openout2 = `Chapters/chapter_04_refactored.aux'.

 (./Chapters/chapter_04_refactored.tex
Chapter 4.

Overfull \hbox (6.37932pt too wide) detected at line 42
[]
 []


Overfull \vbox (6.51149pt too high) has occurred while \output is active []


[63



]
Overfull \vbox (6.51149pt too high) has occurred while \output is active []


[64]
Overfull \hbox (4.1337pt too wide) in paragraph at lines 119--120
[]\T1/pplj/b/n/10.95 (-20) Problem\T1/pplj/m/n/10.95 (-20) : Bio-chem-istry re-
quires el-e-men-tal com-po-si-tion track-
 []

LaTeX Font Info:    Trying to load font information for T1+cmtt on input line 1
54.
(/usr/share/texlive/texmf-dist/tex/latex/base/t1cmtt.fd
File: t1cmtt.fd 2023/04/13 v2.5m Standard LaTeX font definitions
)
Package microtype Info: Loading generic protrusion settings for font family
(microtype)             `cmtt' (encoding: T1).
(microtype)             For optimal results, create family-specific settings.
(microtype)             See the microtype manual for details.

Overfull \vbox (6.51149pt too high) has occurred while \output is active []


[65]
Overfull \hbox (2.08694pt too wide) in paragraph at lines 156--157
[]\T1/pplj/m/n/10.95 (-20) Biochemical for-mula (e.g., ``$[][][][][][][][][]$''
, ``$[][][][][][][][][][][][][][][]$'') 
 []


Overfull \vbox (6.51149pt too high) has occurred while \output is active []


[66{/usr/share/texmf/fonts/enc/dvips/cm-super/cm-super-t1.enc}]
Overfull \vbox (6.51149pt too high) has occurred while \output is active []


[67]
Overfull \hbox (218.99442pt too wide) in paragraph at lines 268--269
[] []$\OT1/zplm/m/n/10.95/80ls ^^A$\T1/pplj/m/sc/10.95/80ls (-20) : de-pen-denc
y tax-on-omy[] $\OT1/zplm/m/n/10.95 ^^A : \OML/zplm/m/it/10.95 T \OMS/zplm/m/n/
10.95 ^^B \OML/zplm/m/it/10.95 T \OMS/zplm/m/n/10.95 ! f[]\OT1/pplx/m/n/10.95 ,
 [], [], []\OMS/zplm/m/n/10.95 g$ 
 []


Overfull \hbox (96.85822pt too wide) in paragraph at lines 279--280
[] []$\OML/zplm/m/it/10.95/80ls ^^\$\T1/pplj/m/sc/10.95/80ls (-20) : tran-si-ti
on type[] $\OML/zplm/m/it/10.95 ^^\ \OT1/zplm/m/n/10.95 : \OML/zplm/m/it/10.95 
T \OMS/zplm/m/n/10.95 ! f[]\OT1/pplx/m/n/10.95 , [], [], []\OMS/zplm/m/n/10.95 
g$ 
 []


Overfull \vbox (6.51149pt too high) has occurred while \output is active []


[68]

pdfTeX warning: pdflatex (file ./gfx/hexokinase.pdf): PDF inclusion: found PDF 
version <1.7>, but at most version <1.5> allowed
<gfx/hexokinase.pdf, id=1799, 562.1pt x 260.975pt>
File: gfx/hexokinase.pdf Graphic file (type pdf)
<use gfx/hexokinase.pdf>
Package pdftex.def Info: gfx/hexokinase.pdf  used on input line 359.
(pdftex.def)             Requested size: 235.19897pt x 109.1986pt.

Overfull \vbox (6.51149pt too high) has occurred while \output is active []


[69]
Underfull \hbox (badness 1622) in paragraph at lines 447--447
[]|\T1/pplj/m/n/10.95 (+20) Normal only (con-sump-
 []


Underfull \hbox (badness 3930) in paragraph at lines 448--449
[]|\T1/pplj/m/n/10.95 (+20) Heterogeneous (con-tin-u-
 []


Underfull \hbox (badness 10000) in paragraph at lines 450--451
[]|\T1/pplj/m/n/10.95 (+20) Explicit (test/in-hibitor
 []


Overfull \hbox (69.88582pt too wide) in paragraph at lines 443--456
 [][] 
 []


Overfull \vbox (6.51149pt too high) has occurred while \output is active []


[70 <./gfx/hexokinase.pdf>]
Overfull \vbox (6.51149pt too high) has occurred while \output is active []


[71])
Overfull \vbox (6.51149pt too high) has occurred while \output is active []


[72]
\openout2 = `Chapters/chapter_05_refactored.aux'.

 (./Chapters/chapter_05_refactored.tex
Chapter 5.
Package hyperref Info: bookmark level for unknown algorithm defaults to 0 on in
put line 24.

Overfull \vbox (6.51149pt too high) has occurred while \output is active []


[73





]

pdfTeX warning: pdflatex (file ./gfx/strong_independence.pdf): PDF inclusion: f
ound PDF version <1.7>, but at most version <1.5> allowed
<gfx/strong_independence.pdf, id=1880, 361.35pt x 260.975pt>
File: gfx/strong_independence.pdf Graphic file (type pdf)
<use gfx/strong_independence.pdf>
Package pdftex.def Info: gfx/strong_independence.pdf  used on input line 76.
(pdftex.def)             Requested size: 201.60205pt x 145.60342pt.

Overfull \hbox (19.17688pt too wide) in paragraph at lines 85--86
[][]\T1/pplj/b/n/10.95 (-20) Deterministic\T1/pplj/m/n/10.95 (-20) : Fir-ing or
-der ir-rel-e-vant ($\OML/zplm/m/it/10.95 M\OT1/zplm/m/n/10.95 [\OML/zplm/m/it/
10.95 t[]\OMS/zplm/m/n/10.95 i\OT1/zplm/m/n/10.95 [\OML/zplm/m/it/10.95 t[]\OMS
/zplm/m/n/10.95 i\OML/zplm/m/it/10.95 M[] \OT1/zplm/m/n/10.95 = \OML/zplm/m/it/
10.95 M\OT1/zplm/m/n/10.95 [\OML/zplm/m/it/10.95 t[]\OMS/zplm/m/n/10.95 i\OT1/z
plm/m/n/10.95 [\OML/zplm/m/it/10.95 t[]\OMS/zplm/m/n/10.95 i\OML/zplm/m/it/10.9
5 M[]$\T1/pplj/m/n/10.95 (-20) ) 
 []



pdfTeX warning: pdflatex (file ./gfx/convergent_synthesis.pdf): PDF inclusion: 
found PDF version <1.7>, but at most version <1.5> allowed
<gfx/convergent_synthesis.pdf, id=1881, 471.7625pt x 321.2pt>
File: gfx/convergent_synthesis.pdf Graphic file (type pdf)
<use gfx/convergent_synthesis.pdf>
Package pdftex.def Info: gfx/convergent_synthesis.pdf  used on input line 98.
(pdftex.def)             Requested size: 201.60205pt x 137.26051pt.

Overfull \vbox (6.51149pt too high) has occurred while \output is active []


[74 <./gfx/strong_independence.pdf>]

pdfTeX warning: pdflatex (file ./gfx/shared_catalyst.pdf): PDF inclusion: found
 PDF version <1.7>, but at most version <1.5> allowed
<gfx/shared_catalyst.pdf, id=1909, 511.9125pt x 361.35pt>
File: gfx/shared_catalyst.pdf Graphic file (type pdf)
<use gfx/shared_catalyst.pdf>
Package pdftex.def Info: gfx/shared_catalyst.pdf  used on input line 110.
(pdftex.def)             Requested size: 235.19897pt x 166.01901pt.


pdfTeX warning: pdflatex (file ./gfx/feedback_regulation.pdf): PDF inclusion: f
ound PDF version <1.7>, but at most version <1.5> allowed
<gfx/feedback_regulation.pdf, id=1910, 662.475pt x 260.975pt>
File: gfx/feedback_regulation.pdf Graphic file (type pdf)
<use gfx/feedback_regulation.pdf>
Package pdftex.def Info: gfx/feedback_regulation.pdf  used on input line 122.
(pdftex.def)             Requested size: 268.80103pt x 105.88942pt.

Overfull \vbox (6.51149pt too high) has occurred while \output is active []


[75 <./gfx/convergent_synthesis.pdf> <./gfx/shared_catalyst.pdf

pdfTeX warning: pdflatex (file ./gfx/shared_catalyst.pdf): PDF inclusion: multi
ple pdfs with page group included in a single page
>]
Overfull \vbox (6.51149pt too high) has occurred while \output is active []


[76 <./gfx/feedback_regulation.pdf>]
Overfull \hbox (0.25061pt too wide) in paragraph at lines 215--216
[]\T1/pplj/b/n/10.95 (-20) Shared out-puts al-lowed\T1/pplj/m/n/10.95 (-20) : S
u-per-po-si-tion prin-ci-ple (re-ac-tions ADD
 []


Overfull \hbox (47.37474pt too wide) detected at line 227
 $\OML/zplm/m/it/10.95 t[] \OMS/zplm/m/n/10.95 
 \OML/zplm/m/it/10.95 t[]  \OMS/zplm/m/n/10.95 ([])  []$  
 []


Overfull \hbox (1.95879pt too wide) detected at line 232
 $\OML/zplm/m/it/10.95 t[] \OMS/zplm/m/n/10.95 ^^H \OML/zplm/m/it/10.95 t[]  \O
MS/zplm/m/n/10.95 ([])  \OT1/zplm/m/n/10.95 ([][]\OML/zplm/m/it/10.95 t[] \OMS/
zplm/m/n/10.95 \ [][]\OML/zplm/m/it/10.95 t[]\OT1/zplm/m/n/10.95 ) \OMS/zplm/m/
n/10.95 6\OT1/zplm/m/n/10.95 = \OMS/zplm/m/n/10.95 ; []$  
 []


Overfull \vbox (6.51149pt too high) has occurred while \output is active []


[77]

pdfTeX warning: pdflatex (file ./gfx/conflict_mode.pdf): PDF inclusion: found P
DF version <1.7>, but at most version <1.5> allowed
<gfx/conflict_mode.pdf, id=2012, 416.55624pt x 361.35pt>
File: gfx/conflict_mode.pdf Graphic file (type pdf)
<use gfx/conflict_mode.pdf>
Package pdftex.def Info: gfx/conflict_mode.pdf  used on input line 269.
(pdftex.def)             Requested size: 201.60205pt x 174.88512pt.

Overfull \vbox (6.51149pt too high) has occurred while \output is active []


[78 <./gfx/conflict_mode.pdf>]

pdfTeX warning: pdflatex (file ./gfx/convergent_mode.pdf): PDF inclusion: found
 PDF version <1.7>, but at most version <1.5> allowed
<gfx/convergent_mode.pdf, id=2044, 466.74374pt x 361.35pt>
File: gfx/convergent_mode.pdf Graphic file (type pdf)
<use gfx/convergent_mode.pdf>
Package pdftex.def Info: gfx/convergent_mode.pdf  used on input line 297.
(pdftex.def)             Requested size: 235.19897pt x 182.09158pt.


pdfTeX warning: pdflatex (file ./gfx/regulatory_mode.pdf): PDF inclusion: found
 PDF version <1.7>, but at most version <1.5> allowed
<gfx/regulatory_mode.pdf, id=2045, 562.1pt x 361.35pt>
File: gfx/regulatory_mode.pdf Graphic file (type pdf)
<use gfx/regulatory_mode.pdf>
Package pdftex.def Info: gfx/regulatory_mode.pdf  used on input line 325.
(pdftex.def)             Requested size: 235.19897pt x 151.19804pt.

Overfull \vbox (6.51149pt too high) has occurred while \output is active []


[79 <./gfx/convergent_mode.pdf>]
Underfull \hbox (badness 10000) in paragraph at lines 366--367
[]\T1/pplj/m/n/10.95 (+20) Dependency type $\OT1/zplm/m/n/10.95 ^^A(\OML/zplm/m
/it/10.95 t[]\OT1/pplx/m/n/10.95 , \OML/zplm/m/it/10.95 t[]\OT1/zplm/m/n/10.95 
) \OMS/zplm/m/n/10.95 2
 []


Overfull \hbox (17.88126pt too wide) in paragraph at lines 366--367
\OMS/zplm/m/n/10.95 f[]\OT1/pplx/m/n/10.95 , [], [], []\OMS/zplm/m/n/10.95 g$ 
 []


Underfull \hbox (badness 10000) in paragraph at lines 370--371
[]\T1/pplj/b/n/10.95 (+20) if $\OT1/zplm/m/n/10.95 ([][] \OMS/zplm/m/n/10.95 [ 
[][] [ [][]\OT1/zplm/m/n/10.95 ) \OMS/zplm/m/n/10.95 \ \OT1/zplm/m/n/10.95 ([][
] \OMS/zplm/m/n/10.95 [ [][] [
 []


Overfull \vbox (6.51149pt too high) has occurred while \output is active []


[80 <./gfx/regulatory_mode.pdf>]

! LaTeX Error: Environment theorem undefined.

See the LaTeX manual or LaTeX Companion for explanation.
Type  H <return>  for immediate help.
 ...                                              
                                                  
l.427 \begin{theorem}
                     [Weak Independence Commutativity]
Your command was ignored.
Type  I <command> <return>  to replace it with another command,
or  <return>  to continue without it.


! LaTeX Error: \begin{document} ended by \end{theorem}.

See the LaTeX manual or LaTeX Companion for explanation.
Type  H <return>  for immediate help.
 ...                                              
                                                  
l.434 \end{theorem}
                   
Your command was ignored.
Type  I <command> <return>  to replace it with another command,
or  <return>  to continue without it.


Overfull \vbox (6.51149pt too high) has occurred while \output is active []


[81]

! LaTeX Error: Environment theorem undefined.

See the LaTeX manual or LaTeX Companion for explanation.
Type  H <return>  for immediate help.
 ...                                              
                                                  
l.475 \begin{theorem}
                     [Reachability Preservation under Weak Independence]
Your command was ignored.
Type  I <command> <return>  to replace it with another command,
or  <return>  to continue without it.


! LaTeX Error: \begin{document} ended by \end{theorem}.

See the LaTeX manual or LaTeX Companion for explanation.
Type  H <return>  for immediate help.
 ...                                              
                                                  
l.481 \end{theorem}
                   
Your command was ignored.
Type  I <command> <return>  to replace it with another command,
or  <return>  to continue without it.


! Package xcolor Error: Undefined color `CTlink'.

See the xcolor package documentation for explanation.
Type  H <return>  for immediate help.
 ...                                              
                                                  
l.486 ...\ref{thm:weak-independence-commutativity}
                                                  . Thus $R_{\text{par}}(M_0...

Try typing  <return>  to proceed.
If that doesn't work, type  X <return>  to quit.


Overfull \hbox (12.4632pt too wide) in paragraph at lines 486--487
\OML/zplm/m/it/10.95 t[]\OT1/pplx/m/n/10.95 , [] , \OML/zplm/m/it/10.95 t[]$ \T
1/pplj/m/n/10.95 (-20) are weakly in-de-pen-dent can be se-ri-al-ized as $\OML/
zplm/m/it/10.95 M[]\OT1/zplm/m/n/10.95 [\OML/zplm/m/it/10.95 t[]\OMS/zplm/m/n/1
0.95 i\OT1/zplm/m/n/10.95 [\OML/zplm/m/it/10.95 t[]\OMS/zplm/m/n/10.95 i [] \OT
1/zplm/m/n/10.95 [\OML/zplm/m/it/10.95 t[]\OMS/zplm/m/n/10.95 i\OML/zplm/m/it/1
0.95 M[]$
 []


Overfull \hbox (76.02068pt too wide) in paragraph at lines 505--521
 [][] 
 []


! Package pgf Error: Unknown arrow tip kind 'stealth''.

See the pgf package documentation for explanation.
Type  H <return>  for immediate help.
 ...                                              
                                                  
l.532 ]
       
This error message was generated by an \errmessage
command, so I can't give any explicit help.
Pretend that you're Hercule Poirot: Examine all clues,
and deduce the truth by order and method.

Missing character: There is no p in font nullfont!
Missing character: There is no g in font nullfont!
Missing character: There is no f in font nullfont!
Missing character: There is no @ in font nullfont!
Missing character: There is no s in font nullfont!
Missing character: There is no t in font nullfont!
Missing character: There is no o in font nullfont!
Missing character: There is no p in font nullfont!

Overfull \vbox (6.51149pt too high) has occurred while \output is active []


[82]
Overfull \vbox (6.51149pt too high) has occurred while \output is active []


[83])
Overfull \vbox (6.51149pt too high) has occurred while \output is active []


[84]
\openout2 = `Chapters/chapter_06_refactored.aux'.

 (./Chapters/chapter_06_refactored.tex
Chapter 6.

Overfull \vbox (6.51149pt too high) has occurred while \output is active []


[85





]
Overfull \vbox (6.51149pt too high) has occurred while \output is active []


[86]
Overfull \vbox (6.51149pt too high) has occurred while \output is active []


[87]
Overfull \hbox (18.0022pt too wide) detected at line 191
 $\OT1/pplx/m/n/10.95 2 \OMS/zplm/m/n/10.95 ^^A f[]\OT1/pplx/m/n/10.95 C \OT1/z
plm/m/n/10.95 : \OT1/pplx/m/n/10.95 10, []H \OT1/zplm/m/n/10.95 : \OT1/pplx/m/n
/10.95 16, []N \OT1/zplm/m/n/10.95 : \OT1/pplx/m/n/10.95 5, []O \OT1/zplm/m/n/1
0.95 : \OT1/pplx/m/n/10.95 13, []P \OT1/zplm/m/n/10.95 : \OT1/pplx/m/n/10.95 3\
OMS/zplm/m/n/10.95 g \OT1/zplm/m/n/10.95 = \OMS/zplm/m/n/10.95 f[]\OT1/pplx/m/n
/10.95 C \OT1/zplm/m/n/10.95 : \OT1/pplx/m/n/10.95 20, []H \OT1/zplm/m/n/10.95 
: \OT1/pplx/m/n/10.95 32, []N \OT1/zplm/m/n/10.95 : \OT1/pplx/m/n/10.95 10, []O
 \OT1/zplm/m/n/10.95 : \OT1/pplx/m/n/10.95 26, []P \OT1/zplm/m/n/10.95 : \OT1/p
plx/m/n/10.95 6\OMS/zplm/m/n/10.95 g$  
 []


Overfull \vbox (6.51149pt too high) has occurred while \output is active []


[88]
Overfull \hbox (35.85893pt too wide) in paragraph at lines 206--207
[] []\T1/pplj/m/sc/10.95/80ls (-20) re-ac-tants/prod-ucts:[] \T1/pplj/m/n/10.95
 (-20) Space-separated list of $\OMS/zplm/m/n/10.95 h[]ih[]i$ 
 []


Overfull \hbox (5.483pt too wide) in paragraph at lines 232--233
[]\T1/pplj/b/n/10.95 (-20) Structural dif-fer-ence\T1/pplj/m/n/10.95 (-20) : No
t cap-tured by el-e-men-tal for-mu-las (would
 []


Overfull \vbox (6.51149pt too high) has occurred while \output is active []


[89]
Overfull \hbox (29.93703pt too wide) in paragraph at lines 329--330
[] []\T1/pplj/m/sc/10.95/80ls (-20) re-ac-tion:[] $[][][][][][][][][]$ \T1/pplj
/m/n/10.95 (-20) + $[][][][][][][][][][][][][][][]$$[] [] []$$[][][][][][][][][
][]$ + $[][][][][][][][][][][][][][][]$ +
 []


Overfull \vbox (6.51149pt too high) has occurred while \output is active []


[90]
Overfull \vbox (6.51149pt too high) has occurred while \output is active []


[91]
Overfull \hbox (33.96428pt too wide) in paragraph at lines 359--360
[]\T1/pplj/m/n/10.95 (-20) Store for-mu-las in ac-tual pro-to-na-tion states (e
.g., $[][][]$: $[][][][][][][][][][][][][][][]$) 
 []


Overfull \hbox (22.3301pt too wide) detected at line 369
 $[][][]\OT1/pplx/m/n/10.95 C[][]H[][]O[][][] \OT1/zplm/m/n/10.95 + [][][][][][
]\OT1/pplx/m/n/10.95 C[][]H[][]N[][]O[][]P[][][][][] [] [][][][][]C[][]H[][]O[]
[]P[][][] \OT1/zplm/m/n/10.95 + [][][][][][]\OT1/pplx/m/n/10.95 C[][]H[][]N[][]
O[][]P[][][][][] \OT1/zplm/m/n/10.95 + [][]\OT1/pplx/m/n/10.95 H[][]$  
 []


Overfull \hbox (2.80592pt too wide) in paragraph at lines 393--394
[]\T1/pplj/m/n/10.95 (-20) Add/remove $[][][]$ to neu-tral-ize charges (e.g., A
TP: $[][][][][][][][][][][][][][][]$) 
 []


Overfull \vbox (6.51149pt too high) has occurred while \output is active []


[92]
Overfull \vbox (6.51149pt too high) has occurred while \output is active []


[93]
Overfull \hbox (9.91232pt too wide) in paragraph at lines 467--468
[] []\T1/pplj/m/sc/10.95/80ls (-20) in-ter-pre-ta-tion:[] \T1/pplj/m/n/10.95 (-
20) Sum of el-e-men-tal pro-duc-tion/-con-sump-tion across
 []


Overfull \vbox (6.51149pt too high) has occurred while \output is active []


[94]
Overfull \vbox (6.51149pt too high) has occurred while \output is active []


[95]
Overfull \hbox (49.46681pt too wide) in paragraph at lines 579--580
[]\T1/pplj/m/n/10.95 (-20) Automatic for-mula lookup: $\OML/zplm/m/it/10.95 ^^Z
\OT1/zplm/m/n/10.95 ([]) = []$ 
 []


Overfull \vbox (6.51149pt too high) has occurred while \output is active []


[96]
Overfull \vbox (6.51149pt too high) has occurred while \output is active []


[97]
Overfull \vbox (6.51149pt too high) has occurred while \output is active []


[98]
Overfull \vbox (6.51149pt too high) has occurred while \output is active []


[99]
Overfull \vbox (6.51149pt too high) has occurred while \output is active []


[100]
Overfull \hbox (43.32713pt too wide) in paragraph at lines 781--782
[]\T1/cmtt/m/n/10.95 reaction_formula\T1/pplj/m/n/10.95 (-20) : Re-ac-tion stri
ng (e.g., ``$[][][][][][][][][]$ + $[][][][][][][][][][][][][][][]$$[] []
 []


Overfull \vbox (6.51149pt too high) has occurred while \output is active []


[101]
Overfull \vbox (6.51149pt too high) has occurred while \output is active []


[102]
Overfull \hbox (25.58392pt too wide) in paragraph at lines 883--884
[]\T1/pplj/b/n/10.95 (-20) Formalism\T1/pplj/m/n/10.95 (-20) : El-e-men-tal com
-po-si-tion map $\OML/zplm/m/it/10.95 ^^Z \OT1/zplm/m/n/10.95 : \OML/zplm/m/it/
10.95 P \OMS/zplm/m/n/10.95 ! []$\T1/pplj/m/n/10.95 (-20) ,
 []

)
Overfull \vbox (6.51149pt too high) has occurred while \output is active []


[103]
Overfull \vbox (6.51149pt too high) has occurred while \output is active []


[104




]

! Package xcolor Error: Undefined color `CTtitle'.

See the xcolor package documentation for explanation.
Type  H <return>  for immediate help.
 ...                                              
                                                  
l.65 \part{Validation}
                      
Try typing  <return>  to proceed.
If that doesn't work, type  X <return>  to quit.


! Package xcolor Error: Undefined color `Black'.

See the xcolor package documentation for explanation.
Type  H <return>  for immediate help.
 ...                                              
                                                  
l.65 \part{Validation}
                      
Try typing  <return>  to proceed.
If that doesn't work, type  X <return>  to quit.


Overfull \vbox (6.51149pt too high) has occurred while \output is active []


[105]
Overfull \vbox (6.51149pt too high) has occurred while \output is active []


[106]
\openout2 = `Chapters/chapter_07_refactored.aux'.

 (./Chapters/chapter_07_refactored.tex
Chapter 7.

LaTeX Warning: Reference `ch:extended-biopn' on page 107 undefined on input lin
e 7.


! Package xcolor Error: Undefined color `CTlink'.

See the xcolor package documentation for explanation.
Type  H <return>  for immediate help.
 ...                                              
                                                  
l.7 ...ended-biopn}--\ref{ch:biochemical-formulas}
                                                  ) introduces four core inn...

Try typing  <return>  to proceed.
If that doesn't work, type  X <return>  to quit.


Overfull \vbox (6.51149pt too high) has occurred while \output is active []


[107



]

LaTeX Warning: Reference `ch:extended-biopn' on page 108 undefined on input lin
e 42.


Overfull \vbox (6.51149pt too high) has occurred while \output is active []


[108]
Overfull \hbox (1.7026pt too wide) in paragraph at lines 88--89
[]\T1/pplj/m/n/10.95 (-20) Normal: $[]$$[] [] []$$[][][]$, $[]$$[] [] []$$[][][
]$
 []


Overfull \vbox (6.51149pt too high) has occurred while \output is active []


[109]
Overfull \vbox (6.51149pt too high) has occurred while \output is active []


[110]

! Package mhchem Error: Assertion failed: Unexpected input character. In case
(mhchem)                you think this is a bug, please contact the package
(mhchem)                author.

Type <return> to continue.
 ...                                              
                                                  
l.220 ... \textbf{Inhibitor arc}: \ce{ATP -|> PFK}
                                                   (threshold $\Delta = 3.0$...


LaTeX does not know anything more about this error, sorry.

Try typing <return> to proceed.
If that doesn't work, type X <return> to quit.



Overfull \vbox (6.51149pt too high) has occurred while \output is active []


[111]

! Package mhchem Error: Assertion failed: Unexpected input character. In case
(mhchem)                you think this is a bug, please contact the package
(mhchem)                author.

Type <return> to continue.
 ...                                              
                                                  
l.255     \item Inhibitor arc: \ce{ATP -|> PFK}
                                                represents allosteric feedback

LaTeX does not know anything more about this error, sorry.

Try typing <return> to proceed.
If that doesn't work, type X <return> to quit.



Overfull \vbox (6.51149pt too high) has occurred while \output is active []


[112]
Overfull \hbox (3.83734pt too wide) detected at line 304
[]
 []


Overfull \hbox (27.13696pt too wide) has occurred while \output is active
 []|[]|
 []


Overfull \vbox (6.51149pt too high) has occurred while \output is active []


[113]
Overfull \hbox (1.50778pt too wide) in paragraph at lines 330--331
[]\T1/pplj/b/n/10.95 (-20) Test arc\T1/pplj/m/n/10.95 (-20) : $[] [][] [][][]$ 
(en-zyme binds mal-onate, not con-sumed) 
 []


Overfull \vbox (6.51149pt too high) has occurred while \output is active []


[114]
Overfull \vbox (6.51149pt too high) has occurred while \output is active []


[115]

! Package mhchem Error: Assertion failed: Unexpected input character. In case
(mhchem)                you think this is a bug, please contact the package
(mhchem)                author.

Type <return> to continue.
 ...                                              
                                                  
l.424         \item \ce{G6P -|> T1}
                                    (product inhibition, $\Delta = 2.0$ mM)

LaTeX does not know anything more about this error, sorry.

Try typing <return> to proceed.
If that doesn't work, type X <return> to quit.



! Package mhchem Error: Assertion failed: Unexpected input character. In case
(mhchem)                you think this is a bug, please contact the package
(mhchem)                author.

Type <return> to continue.
 ...                                              
                                                  
l.425         \item \ce{ATP -|> T4}
                                    (allosteric inhibition, $\Delta = 3.0$ mM)

LaTeX does not know anything more about this error, sorry.

Try typing <return> to proceed.
If that doesn't work, type X <return> to quit.



Overfull \hbox (3.21777pt too wide) in paragraph at lines 434--435
[] []\T1/pplj/m/sc/10.95/80ls (-20) weak in-de-pen-dence -- path-way de-pen-den
cy anal-y-sis:[] \T1/pplj/b/n/10.95 (-20) Tran-
 []


Overfull \hbox (19.92386pt too wide) in paragraph at lines 455--456
[]\T1/pplj/m/n/10.95 (-20) Step 1: $[][][][][][][][][]$ + $[][][][][][][][][][]
[][][][][]$$[] [] []$$[][][][][][][][][][]$ + $[][][][][][][][][][][][][][][]$ 
+
 []


Overfull \hbox (35.03764pt too wide) in paragraph at lines 457--458
[]\T1/pplj/m/n/10.95 (-20) Step 3: $[][][][][][][][][][]$ + $[][][][][][][][][]
[][][][][][]$$[] [] []$$[][][][][][][][][][][][]$ + $[][][][][][][][][][][][][]
[][]$ +
 []


Overfull \vbox (6.51149pt too high) has occurred while \output is active []


[116]
Overfull \hbox (4.14885pt too wide) in paragraph at lines 482--483
[]\T1/pplj/m/n/10.95 (-20) Regulatory check-points func-tional: ATP thresh-old 
cor-rectly blocks
 []


Overfull \vbox (6.51149pt too high) has occurred while \output is active []


[117]

! Package mhchem Error: Assertion failed: Unexpected input character. In case
(mhchem)                you think this is a bug, please contact the package
(mhchem)                author.

Type <return> to continue.
 ...                                              
                                                  
l.525 ...m \textbf{Inhibitor arc}: \ce{ATP -|> T1}
                                                   ($\Delta = 2.5$ mM)

LaTeX does not know anything more about this error, sorry.

Try typing <return> to proceed.
If that doesn't work, type X <return> to quit.



! Package mhchem Error: Assertion failed: Unexpected input character. In case
(mhchem)                you think this is a bug, please contact the package
(mhchem)                author.

Type <return> to continue.
 ...                                              
                                                  
l.532 ...m \textbf{Inhibitor arc}: \ce{ATP -|> T2}
                                                   ($\Delta = 2.0$ mM)

LaTeX does not know anything more about this error, sorry.

Try typing <return> to proceed.
If that doesn't work, type X <return> to quit.



Overfull \hbox (0.28497pt too wide) in paragraph at lines 559--560
[]\T1/pplj/m/n/10.95 (-20) Outputs: $\OMS/zplm/m/n/10.95 f[]\OT1/pplx/m/n/10.95
 , []\OMS/zplm/m/n/10.95 g \ f[]\OT1/pplx/m/n/10.95 , []\OMS/zplm/m/n/10.95 g \
OT1/zplm/m/n/10.95 = \OMS/zplm/m/n/10.95 ;$ \T1/pplj/m/n/10.95 (-20) (dis-joint
) 
 []


Overfull \vbox (6.51149pt too high) has occurred while \output is active []


[118]
Overfull \hbox (18.48717pt too wide) in paragraph at lines 601--602
[]\T1/pplj/m/n/10.95 (-20) Inter-burst in-ter-val: $\OML/zplm/m/it/10.95 ^^\[] 
\OT1/zplm/m/n/10.95 = \OMS/zplm/m/n/10.95 ^^@ []\OT1/zplm/m/n/10.95 (\OML/zplm/
m/it/10.95 U\OT1/zplm/m/n/10.95 )/\OML/zplm/m/it/10.95 ^^U[]$ \T1/pplj/m/n/10.9
5 (-20) where $\OML/zplm/m/it/10.95 U \OMS/zplm/m/n/10.95 ^^X []\OT1/zplm/m/n/1
0.95 (\OT1/pplx/m/n/10.95 0, 1\OT1/zplm/m/n/10.95 )$ 
 []


Overfull \vbox (6.51149pt too high) has occurred while \output is active []


[119]

! Package mhchem Error: Assertion failed: Unexpected input character. In case
(mhchem)                you think this is a bug, please contact the package
(mhchem)                author.

Type <return> to continue.
 ...                                              
                                                  
l.635     \item \ce{ATP -|> T1 (PFK)}
                                     : When $[\text{ATP}] \geq 2.5$ mM, PFK ...


LaTeX does not know anything more about this error, sorry.

Try typing <return> to proceed.
If that doesn't work, type X <return> to quit.



! Package mhchem Error: Assertion failed: Unexpected input character. In case
(mhchem)                you think this is a bug, please contact the package
(mhchem)                author.

Type <return> to continue.
 ...                                              
                                                  
l.636     \item \ce{ATP -|> T2 (PK)}
                                    : When $[\text{ATP}] \geq 2.0$ mM, PK bl...


LaTeX does not know anything more about this error, sorry.

Try typing <return> to proceed.
If that doesn't work, type X <return> to quit.



Overfull \hbox (14.63235pt too wide) in paragraph at lines 637--638
[]\T1/pplj/m/n/10.95 (-20) Threshold for-mu-las: $\OT1/zplm/m/n/10.95 ^^A([]\OT
1/pplx/m/n/10.95 , \OML/zplm/m/it/10.95 T[]\OT1/zplm/m/n/10.95 ) = \OT1/pplx/m/
n/10.95 2.5$ \T1/pplj/m/n/10.95 (-20) mM (con-stant), $\OT1/zplm/m/n/10.95 ^^A(
[]\OT1/pplx/m/n/10.95 , \OML/zplm/m/it/10.95 T[]\OT1/zplm/m/n/10.95 ) =
 []


Overfull \vbox (6.51149pt too high) has occurred while \output is active []


[120]
Overfull \hbox (91.93474pt too wide) detected at line 676
[]
 []

! Extra alignment tab has been changed to \cr.
<recently read> \endtemplate 
                             
l.684 ... & \textbf{H} & \textbf{N} & \textbf{O} &
                                                   \textbf{P} \\
You have given more \span or & marks than there were
in the preamble to the \halign or \valign now in progress.
So I'll assume that you meant to type \cr instead.

! Extra alignment tab has been changed to \cr.
<recently read> \endtemplate 
                             
l.686 ... = 5$ \checkmark & $22 = 22$ \checkmark &
                                                   $4 = 4$ \checkmark \\
You have given more \span or & marks than there were
in the preamble to the \halign or \valign now in progress.
So I'll assume that you meant to type \cr instead.

! Extra alignment tab has been changed to \cr.
<recently read> \endtemplate 
                             
l.687 ... = 5$ \checkmark & $16 = 16$ \checkmark &
                                                   $3 = 3$ \checkmark \\
You have given more \span or & marks than there were
in the preamble to the \halign or \valign now in progress.
So I'll assume that you meant to type \cr instead.


Overfull \vbox (6.51149pt too high) has occurred while \output is active []


[121]
Overfull \hbox (86.00023pt too wide) in paragraph at lines 756--766
 [][] 
 []


Overfull \vbox (6.51149pt too high) has occurred while \output is active []


[122]

! Package xcolor Error: Undefined color `CTlink'.

See the xcolor package documentation for explanation.
Type  H <return>  for immediate help.
 ...                                              
                                                  
l.797 Table~\ref{tab:innovation-matrix}
                                        summarizes which innovations are dem...

Try typing  <return>  to proceed.
If that doesn't work, type  X <return>  to quit.


Overfull \hbox (156.32614pt too wide) in paragraph at lines 803--814
 [][] 
 []


Overfull \vbox (6.51149pt too high) has occurred while \output is active []


[123]

! Package xcolor Error: Undefined color `CTlink'.

See the xcolor package documentation for explanation.
Type  H <return>  for immediate help.
 ...                                              
                                                  
l.827 Table~\ref{tab:formalism-comparison}
                                           compares Extended Bio-PN with alt...

Try typing  <return>  to proceed.
If that doesn't work, type  X <return>  to quit.


! Package mhchem Error: Assertion failed: Unexpected input character. In case
(mhchem)                you think this is a bug, please contact the package
(mhchem)                author.

Type <return> to continue.
 ...                                              
                                                  
l.840 ...(topology) & \checkmark (\ce{ATP -|> PFK}
                                                  ) & $\times$ (hidden) & $\...


LaTeX does not know anything more about this error, sorry.

Try typing <return> to proceed.
If that doesn't work, type X <return> to quit.



Overfull \hbox (97.84972pt too wide) in paragraph at lines 834--846
 [][] 
 []


Overfull \hbox (83.93571pt too wide) in paragraph at lines 861--875
 [][] 
 []


Overfull \vbox (6.51149pt too high) has occurred while \output is active []


[124]

! Package xcolor Error: Undefined color `CTlink'.

See the xcolor package documentation for explanation.
Type  H <return>  for immediate help.
 ...                                              
                                                  
l.889 ...m Chapter~\ref{ch:integration-challenge}}
                                                  
Try typing  <return>  to proceed.
If that doesn't work, type  X <return>  to quit.


! Package xcolor Error: Undefined color `CTlink'.

See the xcolor package documentation for explanation.
Type  H <return>  for immediate help.
 ...                                              
                                                  
l.892 Table~\ref{tab:requirements-validation}
                                              verifies that all eight requir...

Try typing  <return>  to proceed.
If that doesn't work, type  X <return>  to quit.


! Package xcolor Error: Undefined color `CTlink'.

See the xcolor package documentation for explanation.
Type  H <return>  for immediate help.
 ...                                              
                                                  
l.892 ...om Chapter~\ref{ch:integration-challenge}
                                                   are validated.
Try typing  <return>  to proceed.
If that doesn't work, type  X <return>  to quit.


Underfull \hbox (badness 4013) in paragraph at lines 902--903
[]|\T1/pplj/m/n/10.95 (+20) Example 5 (con-tin-u-ous +
 []


Underfull \hbox (badness 10000) in paragraph at lines 907--908
[]|\T1/pplj/m/n/10.95 (+20) All ex-am-ples (Michaelis-
 []


Underfull \hbox (badness 10000) in paragraph at lines 909--910
[]|\T1/pplj/m/n/10.95 (+20) Examples 3, 5 (2--4$\OMS/zplm/m/n/10.95 ^^B$
 []


Overfull \hbox (66.95746pt too wide) in paragraph at lines 898--912
 [][] 
 []


Overfull \vbox (6.51149pt too high) has occurred while \output is active []


[125]
Overfull \vbox (6.51149pt too high) has occurred while \output is active []


[126]
Overfull \vbox (6.51149pt too high) has occurred while \output is active []


[127]

! Package xcolor Error: Undefined color `CTlink'.

See the xcolor package documentation for explanation.
Type  H <return>  for immediate help.
 ...                                              
                                                  
l.1004 ... chapter} (Chapter~\ref{ch:architecture}
                                                  ): Implementation architec...

Try typing  <return>  to proceed.
If that doesn't work, type  X <return>  to quit.

)
Overfull \hbox (1.98451pt too wide) in paragraph at lines 1004--66
[]\T1/pplj/b/n/10.95 (-20) Next chap-ter \T1/pplj/m/n/10.95 (-20) (Chap-ter [][
]8[][]): Im-ple-men-ta-tion ar-chi-tec-ture for the SHYpn
 []


Overfull \vbox (6.51149pt too high) has occurred while \output is active []


[128]

! Package xcolor Error: Undefined color `CTtitle'.

See the xcolor package documentation for explanation.
Type  H <return>  for immediate help.
 ...                                              
                                                  
l.69 \part{Implementation}
                          
Try typing  <return>  to proceed.
If that doesn't work, type  X <return>  to quit.


! Package xcolor Error: Undefined color `Black'.

See the xcolor package documentation for explanation.
Type  H <return>  for immediate help.
 ...                                              
                                                  
l.69 \part{Implementation}
                          
Try typing  <return>  to proceed.
If that doesn't work, type  X <return>  to quit.


Overfull \vbox (6.51149pt too high) has occurred while \output is active []


[129




]
Overfull \vbox (6.51149pt too high) has occurred while \output is active []


[130]
\openout2 = `Chapters/chapter_08_refactored.aux'.

 (./Chapters/chapter_08_refactored.tex
Chapter 8.

LaTeX Warning: Reference `ch:extended-biopn' on page 131 undefined on input lin
e 7.


! Package xcolor Error: Undefined color `CTlink'.

See the xcolor package documentation for explanation.
Type  H <return>  for immediate help.
 ...                                              
                                                  
l.7 ...ended-biopn}--\ref{ch:biochemical-formulas}
                                                  ) provides the \textbf{the...

Try typing  <return>  to proceed.
If that doesn't work, type  X <return>  to quit.


Overfull \hbox (0.68292pt too wide) in paragraph at lines 16--17
[]\T1/pplj/b/n/10.95 (-20) Database in-te-gra-tion\T1/pplj/m/n/10.95 (-20) : Au
-to-matic pa-ram-e-ter fetch-ing from KEGG,
 []


! Package xcolor Error: Undefined color `CTlink'.

See the xcolor package documentation for explanation.
Type  H <return>  for immediate help.
 ...                                              
                                                  
l.26 ...nsition types (Chapter~\ref{ch:simulation}
                                                  )
Try typing  <return>  to proceed.
If that doesn't work, type  X <return>  to quit.


LaTeX Warning: Reference `fig:architecture' on page 131 undefined on input line
 37.


Overfull \vbox (6.51149pt too high) has occurred while \output is active []


[131



]
Overfull \vbox (6.51149pt too high) has occurred while \output is active []


[132]
Overfull \vbox (6.51149pt too high) has occurred while \output is active []


[133]
Overfull \vbox (6.51149pt too high) has occurred while \output is active []


[134]
Overfull \hbox (35.37614pt too wide) in paragraph at lines 189--190
[]\T1/pplj/b/n/10.95 (-20) ArcType\T1/pplj/m/n/10.95 (-20) : NOR-MAL (con-sump-
tive/pro-duc-tive), TEST (non-consumptive
 []


Overfull \vbox (6.51149pt too high) has occurred while \output is active []


[135]

! Package xcolor Error: Undefined color `CTlink'.

See the xcolor package documentation for explanation.
Type  H <return>  for immediate help.
 ...                                              
                                                  
l.269 ...on (Chapter~\ref{ch:biochemical-formulas}
                                                  )
Try typing  <return>  to proceed.
If that doesn't work, type  X <return>  to quit.


Overfull \vbox (6.51149pt too high) has occurred while \output is active []


[136]

! Package xcolor Error: Undefined color `CTlink'.

See the xcolor package documentation for explanation.
Type  H <return>  for immediate help.
 ...                                              
                                                  
l.302 ...dence, Chapter~\ref{ch:weak-independence}
                                                  )
Try typing  <return>  to proceed.
If that doesn't work, type  X <return>  to quit.


! Package xcolor Error: Undefined color `CTlink'.

See the xcolor package documentation for explanation.
Type  H <return>  for immediate help.
 ...                                              
                                                  
l.310 ...1 from Chapter~\ref{ch:weak-independence}
                                                  
Try typing  <return>  to proceed.
If that doesn't work, type  X <return>  to quit.


Overfull \vbox (6.51149pt too high) has occurred while \output is active []


[137]
Overfull \vbox (6.51149pt too high) has occurred while \output is active []


[138]
Overfull \vbox (6.24847pt too high) has occurred while \output is active []


[139]
Overfull \vbox (6.51149pt too high) has occurred while \output is active []


[140]
Overfull \hbox (16.5562pt too wide) in paragraph at lines 497--498
[]\T1/pplj/b/n/10.95 (-20) Gillespie ran-dom sam-pling\T1/pplj/m/n/10.95 (-20) 
: 10--15% (NumPy \T1/cmtt/m/n/10.95 random.exponential\T1/pplj/m/n/10.95 (-20) 
) 
 []


! Package xcolor Error: Undefined color `CTlink'.

See the xcolor package documentation for explanation.
Type  H <return>  for immediate help.
 ...                                              
                                                  
l.524 ...l execution} (Chapter~\ref{ch:simulation}
                                                  ):
Try typing  <return>  to proceed.
If that doesn't work, type  X <return>  to quit.


Overfull \vbox (6.51149pt too high) has occurred while \output is active []


[141]
Overfull \hbox (6.349pt too wide) in paragraph at lines 556--557
[]\T1/pplj/b/n/10.95 (-20) Rate func-tions\T1/pplj/m/n/10.95 (-20) : Plug-gable
 strat-egy pat-tern (mass ac-tion, Michaelis-
 []


! Package xcolor Error: Undefined color `CTlink'.

See the xcolor package documentation for explanation.
Type  H <return>  for immediate help.
 ...                                              
                                                  
l.575 ... 16 examples (Chapter~\ref{ch:validation}
                                                  )
Try typing  <return>  to proceed.
If that doesn't work, type  X <return>  to quit.


! Package xcolor Error: Undefined color `CTurl'.

See the xcolor package documentation for explanation.
Type  H <return>  for immediate help.
 ...                                              
                                                  
l.577 ...l{https://github.com/simao-eugenio/shypn}
                                                  
Try typing  <return>  to proceed.
If that doesn't work, type  X <return>  to quit.


Overfull \vbox (6.51149pt too high) has occurred while \output is active []


[142]

! Package xcolor Error: Undefined color `CTlink'.

See the xcolor package documentation for explanation.
Type  H <return>  for immediate help.
 ...                                              
                                                  
l.583     \item Chapter~\ref{ch:kegg}
                                     : KEGG database integration (formula re...

Try typing  <return>  to proceed.
If that doesn't work, type  X <return>  to quit.


! Package xcolor Error: Undefined color `CTlink'.

See the xcolor package documentation for explanation.
Type  H <return>  for immediate help.
 ...                                              
                                                  
l.584     \item Chapter~\ref{ch:brenda}
                                       : BRENDA parameter inference (kinetic...

Try typing  <return>  to proceed.
If that doesn't work, type  X <return>  to quit.


! Package xcolor Error: Undefined color `CTlink'.

See the xcolor package documentation for explanation.
Type  H <return>  for immediate help.
 ...                                              
                                                  
l.585     \item Chapter~\ref{ch:simulation}
                                           : Hybrid simulation engine (four ...

Try typing  <return>  to proceed.
If that doesn't work, type  X <return>  to quit.

)
Overfull \vbox (6.51149pt too high) has occurred while \output is active []


[143]
\openout2 = `Chapters/chapter_09_refactored.aux'.

 (./Chapters/chapter_09_refactored.tex
Chapter 9.

Overfull \vbox (6.51149pt too high) has occurred while \output is active []


[144





]

! Package xcolor Error: Undefined color `CTlink'.

See the xcolor package documentation for explanation.
Type  H <return>  for immediate help.
 ...                                              
                                                  
l.7 ...ing} (Chapter~\ref{ch:biochemical-formulas}
                                                  ) requires accurate elemen...

Try typing  <return>  to proceed.
If that doesn't work, type  X <return>  to quit.


! Package xcolor Error: Undefined color `CTurl'.

See the xcolor package documentation for explanation.
Type  H <return>  for immediate help.
 ...                                              
                                                  
l.12 \textbf{KEGG} (\url{www.kegg.jp}
                                     ) provides:
Try typing  <return>  to proceed.
If that doesn't work, type  X <return>  to quit.


Overfull \vbox (6.51149pt too high) has occurred while \output is active []


[145]
Overfull \hbox (79.12921pt too wide) in paragraph at lines 50--61
 [][] 
 []


Overfull \vbox (6.51149pt too high) has occurred while \output is active []


[146]
Overfull \hbox (53.58533pt too wide) in paragraph at lines 157--158
[]\T1/pplj/b/n/10.95 (-20) Returns\T1/pplj/m/n/10.95 (-20) : List of matches: \
T1/cmtt/m/n/10.95 [{"id": "C00031", "name": "D-Glucose"},
 []


Overfull \vbox (6.51149pt too high) has occurred while \output is active []


[147]
Overfull \hbox (31.79411pt too wide) in paragraph at lines 177--177
[]\T1/cmtt/m/n/10.95 #   'pathways': {'map00010': 'Glycolysis / Gluconeogenesis
', ...}[] 
 []


Overfull \hbox (48.76923pt too wide) in paragraph at lines 206--206
[]\T1/cmtt/m/n/10.95 #   'definition': 'ATP + D-Glucose <=> ADP + D-Glucose 6-p
hosphate',[] 
 []


Overfull \vbox (6.51149pt too high) has occurred while \output is active []


[148]
Overfull \hbox (0.4282pt too wide) in paragraph at lines 242--243
[]\T1/pplj/b/n/10.95 (-20) Places \T1/pplj/m/n/10.95 (-20) for all sub-strates 
and prod-ucts (if not al-ready present) 
 []


Overfull \vbox (6.51149pt too high) has occurred while \output is active []


[149]
Overfull \vbox (6.51149pt too high) has occurred while \output is active []


[150]
Overfull \hbox (108.17963pt too wide) detected at line 374
 $[][][][][][][][] []\OT1/pplx/m/n/10.95 C[][]H[][]N[][]O[][]P[][][][] \OT1/zpl
m/m/n/10.95 + [][][][][][][] []\OT1/pplx/m/n/10.95 C[][]H[][]O[][][][] [] [][][
][][][][][][] []C[][]H[][]N[][]O[][]P[][][][] \OT1/zplm/m/n/10.95 + [][][][][][
][][]\OT1/pplx/m/n/10.95 G[][]P []C[][]H[][]O[][]P[]$  
 []


Overfull \vbox (6.51149pt too high) has occurred while \output is active []


[151]
Overfull \hbox (50.14832pt too wide) in paragraph at lines 439--440
[]\T1/pplj/b/n/10.95 (-20) LRU cache\T1/pplj/m/n/10.95 (-20) : \T1/cmtt/m/n/10.
95 @lru_cache \T1/pplj/m/n/10.95 (-20) dec-o-ra-tor on \T1/cmtt/m/n/10.95 get_c
ompound() \T1/pplj/m/n/10.95 (-20) and \T1/cmtt/m/n/10.95 get_reaction() 
 []


Overfull \vbox (6.51149pt too high) has occurred while \output is active []


[152]
Overfull \vbox (6.51149pt too high) has occurred while \output is active []


[153]

! Package xcolor Error: Undefined color `CTlink'.

See the xcolor package documentation for explanation.
Type  H <return>  for immediate help.
 ...                                              
                                                  
l.519 ...textbf{Solution}: Chapter~\ref{ch:brenda}
                                                   (BRENDA integration for p...

Try typing  <return>  to proceed.
If that doesn't work, type  X <return>  to quit.


Overfull \vbox (6.51149pt too high) has occurred while \output is active []


[154]

! Package xcolor Error: Undefined color `CTlink'.

See the xcolor package documentation for explanation.
Type  H <return>  for immediate help.
 ...                                              
                                                  
l.567 ...bf{Next chapter} (Chapter~\ref{ch:brenda}
                                                  ): BRENDA integration for ...

Try typing  <return>  to proceed.
If that doesn't work, type  X <return>  to quit.

)
Overfull \vbox (6.51149pt too high) has occurred while \output is active []


[155]
\openout2 = `Chapters/chapter_10_refactored.aux'.

 (./Chapters/chapter_10_refactored.tex
Chapter 10.

Overfull \vbox (6.51149pt too high) has occurred while \output is active []


[156





]
Overfull \hbox (1.81044pt too wide) in paragraph at lines 15--16
[]\T1/pplj/m/n/10.95 (-20) This chap-ter presents \T1/pplj/b/n/10.95 (-20) au-t
o-matic pa-ram-e-ter in-fer-ence \T1/pplj/m/n/10.95 (-20) from \T1/pplj/b/n/10.
95 (-20) BRENDA
 []


! Package xcolor Error: Undefined color `CTurl'.

See the xcolor package documentation for explanation.
Type  H <return>  for immediate help.
 ...                                              
                                                  
l.20 \textbf{BRENDA} (\url{www.brenda-enzymes.org}
                                                  ) provides:
Try typing  <return>  to proceed.
If that doesn't work, type  X <return>  to quit.


Overfull \vbox (6.51149pt too high) has occurred while \output is active []


[157]
Overfull \hbox (8.68933pt too wide) in paragraph at lines 68--69
[]\T1/pplj/m/n/10.95 (-20) EC 1.2.1.12: Glyceraldehyde-3-phosphate de-hy-dro-ge
-nase (GAPDH) 
 []


Overfull \hbox (121.4464pt too wide) in paragraph at lines 78--88
 [][] 
 []


Overfull \vbox (6.51149pt too high) has occurred while \output is active []


[158]

! Package xcolor Error: Undefined color `CTurl'.

See the xcolor package documentation for explanation.
Type  H <return>  for immediate help.
 ...                                              
                                                  
l.109 ... at \url{https://www.brenda-enzymes.org/}
                                                  
Try typing  <return>  to proceed.
If that doesn't work, type  X <return>  to quit.


Overfull \hbox (41.16824pt too wide) in paragraph at lines 111--112
[]\T1/pplj/m/n/10.95 (-20) Store in SHYpn con-fig file (\T1/cmtt/m/n/10.95 ~/.c
onfig/shypn/brenda_credentials.json\T1/pplj/m/n/10.95 (-20) ) 
 []


Package hyperref Warning: Token not allowed in a PDF string (Unicode):
(hyperref)                removing `math shift' on input line 133.


Package hyperref Warning: Token not allowed in a PDF string (Unicode):
(hyperref)                removing `subscript' on input line 133.


Package hyperref Warning: Token not allowed in a PDF string (Unicode):
(hyperref)                removing `math shift' on input line 133.


Overfull \hbox (94.0362pt too wide) in paragraph at lines 161--161
[]\T1/cmtt/m/n/10.95 connector = BRENDAConnector(username="user@example.com", p
assword="pass123")[] 
 []


Overfull \hbox (43.11086pt too wide) in paragraph at lines 161--161
[]\T1/cmtt/m/n/10.95 print(f"Yeast-specific glucose Km values: {len(yeast_gluco
se_km)}")[] 
 []


Overfull \hbox (71.40271pt too wide) in paragraph at lines 161--161
[]    \T1/cmtt/m/n/10.95 print(f"  {entry['value']} {entry['unit']} ({entry['li
terature']})")[] 
 []


Overfull \vbox (6.24847pt too high) has occurred while \output is active []


[159]
LaTeX Font Info:    Trying to load font information for TS1+cmtt on input line 
193.
 (/usr/share/texlive/texmf-dist/tex/latex/base/ts1cmtt.fd
File: ts1cmtt.fd 2023/04/13 v2.5m Standard LaTeX font definitions
)
Package microtype Info: Loading generic protrusion settings for font family
(microtype)             `cmtt' (encoding: TS1).
(microtype)             For optimal results, create family-specific settings.
(microtype)             See the microtype manual for details.

Overfull \hbox (31.79411pt too wide) in paragraph at lines 193--193
[]                                                        \TS1/cmtt/m/n/10.95 ^
 \T1/cmtt/m/n/10.95 outlier[] 
 []


Overfull \vbox (6.24847pt too high) has occurred while \output is active []


[160{/usr/share/texmf/fonts/enc/dvips/cm-super/cm-super-ts1.enc}]
Overfull \hbox (31.79411pt too wide) in paragraph at lines 225--225
[]\T1/cmtt/m/n/10.95 print(f"  95% CI: [{stats['confidence_interval_95_lower']:
.3f}, "[] 
 []


Overfull \vbox (6.51149pt too high) has occurred while \output is active []


[161]
Overfull \vbox (6.51149pt too high) has occurred while \output is active []


[162]
Overfull \hbox (14.819pt too wide) in paragraph at lines 354--354
[]\T1/cmtt/m/n/10.95 inferencer = CachedParameterInferencer(brenda_conn, brenda
_db,[] 
 []


Overfull \hbox (88.37782pt too wide) in paragraph at lines 354--354
[]                                       \T1/cmtt/m/n/10.95 organism='Saccharom
yces cerevisiae')[] 
 []


Overfull \hbox (60.08597pt too wide) in paragraph at lines 354--354
[]\T1/cmtt/m/n/10.95 # Result: {'median': 0.165, 'confidence_interval_95_lower'
: 0.10, ...}[] 
 []


Overfull \vbox (6.51149pt too high) has occurred while \output is active []


[163]

! LaTeX Error: Unicode character ⁻ (U+207B)
               not set up for use with LaTeX.

See the LaTeX manual or LaTeX Companion for explanation.
Type  H <return>  for immediate help.
 ...                                              
                                                  
l.381     \end{verbatim}
                        
You may provide a definition with
\DeclareUnicodeCharacter 


Overfull \vbox (6.51149pt too high) has occurred while \output is active []


[164]
Overfull \hbox (7.85512pt too wide) in paragraph at lines 444--445
[]\T1/pplj/m/n/10.95 (-20) Report ``pa-ram-e-ter un-cer-tainty im-pacts reach-a
-bil-ity by $\OMS/zplm/m/n/10.95 ^^F$\T1/pplj/m/n/10.95 (-20) 10%'' 
 []


! Package xcolor Error: Undefined color `CTlink'.

See the xcolor package documentation for explanation.
Type  H <return>  for immediate help.
 ...                                              
                                                  
l.477 ...ext chapter} (Chapter~\ref{ch:simulation}
                                                  ): Hybrid simulation engin...

Try typing  <return>  to proceed.
If that doesn't work, type  X <return>  to quit.

)
Overfull \vbox (6.51149pt too high) has occurred while \output is active []


[165]
Overfull \vbox (6.51149pt too high) has occurred while \output is active []


[166]
\openout2 = `Chapters/chapter_11_refactored.aux'.

 (./Chapters/chapter_11_refactored.tex
Chapter 11.

LaTeX Warning: Reference `ch:extended-biopn' on page 167 undefined on input lin
e 7.


Overfull \vbox (6.51149pt too high) has occurred while \output is active []


[167





]
LaTeX Font Info:    Font shape `T1/cmtt/bx/n' in size <10.95> not available
(Font)              Font shape `T1/cmtt/m/n' tried instead on input line 97.

Overfull \vbox (6.51149pt too high) has occurred while \output is active []


[168]
Overfull \vbox (6.51149pt too high) has occurred while \output is active []


[169]
! Missing $ inserted.
<inserted text> 
                $
l.158 ... \item mRNA decay: \ce{mRNA -> \emptyset}
                                                   (stochastic, $k=0.5$ $s^{...
I've inserted a begin-math/end-math symbol since I think
you left one out. Proceed, with fingers crossed.

! Extra }, or forgotten $.
\textdef@ ...th {#1}\let \f@size #2\selectfont #3}
                                                  }
l.158 ... \item mRNA decay: \ce{mRNA -> \emptyset}
                                                   (stochastic, $k=0.5$ $s^{...
I've deleted a group-closing symbol because it seems to be
spurious, as in `$x}$'. But perhaps the } is legitimate and
you forgot something else, as in `\hbox{$x}'. In such cases
the way to recover is to insert both the forgotten and the
deleted material, e.g., by typing `I$}'.

! Extra }, or forgotten $.
\textdef@ ...h {#1}\let \f@size #2\selectfont #3}}
                                                  
l.158 ... \item mRNA decay: \ce{mRNA -> \emptyset}
                                                   (stochastic, $k=0.5$ $s^{...
I've deleted a group-closing symbol because it seems to be
spurious, as in `$x}$'. But perhaps the } is legitimate and
you forgot something else, as in `\hbox{$x}'. In such cases
the way to recover is to insert both the forgotten and the
deleted material, e.g., by typing `I$}'.

! Extra }, or forgotten $.
\text@ ...e {\textdef@ \displaystyle \f@size {#1}}
                                                  {\textdef@ \textstyle \f@s...
l.158 ... \item mRNA decay: \ce{mRNA -> \emptyset}
                                                   (stochastic, $k=0.5$ $s^{...
I've deleted a group-closing symbol because it seems to be
spurious, as in `$x}$'. But perhaps the } is legitimate and
you forgot something else, as in `\hbox{$x}'. In such cases
the way to recover is to insert both the forgotten and the
deleted material, e.g., by typing `I$}'.

! Missing $ inserted.
<inserted text> 
                $
l.158 ... \item mRNA decay: \ce{mRNA -> \emptyset}
                                                   (stochastic, $k=0.5$ $s^{...
I've inserted a begin-math/end-math symbol since I think
you left one out. Proceed, with fingers crossed.

! Extra }, or forgotten $.
\textdef@ ...th {#1}\let \f@size #2\selectfont #3}
                                                  }
l.158 ... \item mRNA decay: \ce{mRNA -> \emptyset}
                                                   (stochastic, $k=0.5$ $s^{...
I've deleted a group-closing symbol because it seems to be
spurious, as in `$x}$'. But perhaps the } is legitimate and
you forgot something else, as in `\hbox{$x}'. In such cases
the way to recover is to insert both the forgotten and the
deleted material, e.g., by typing `I$}'.

! Extra }, or forgotten $.
\textdef@ ...h {#1}\let \f@size #2\selectfont #3}}
                                                  
l.158 ... \item mRNA decay: \ce{mRNA -> \emptyset}
                                                   (stochastic, $k=0.5$ $s^{...
I've deleted a group-closing symbol because it seems to be
spurious, as in `$x}$'. But perhaps the } is legitimate and
you forgot something else, as in `\hbox{$x}'. In such cases
the way to recover is to insert both the forgotten and the
deleted material, e.g., by typing `I$}'.

! Extra }, or forgotten $.
\text@ ...xtstyle \f@size {\firstchoice@false #1}}
                                                  {\textdef@ \textstyle \sf@...
l.158 ... \item mRNA decay: \ce{mRNA -> \emptyset}
                                                   (stochastic, $k=0.5$ $s^{...
I've deleted a group-closing symbol because it seems to be
spurious, as in `$x}$'. But perhaps the } is legitimate and
you forgot something else, as in `\hbox{$x}'. In such cases
the way to recover is to insert both the forgotten and the
deleted material, e.g., by typing `I$}'.

! Missing $ inserted.
<inserted text> 
                $
l.158 ... \item mRNA decay: \ce{mRNA -> \emptyset}
                                                   (stochastic, $k=0.5$ $s^{...
I've inserted a begin-math/end-math symbol since I think
you left one out. Proceed, with fingers crossed.

! Extra }, or forgotten $.
\textdef@ ...th {#1}\let \f@size #2\selectfont #3}
                                                  }
l.158 ... \item mRNA decay: \ce{mRNA -> \emptyset}
                                                   (stochastic, $k=0.5$ $s^{...
I've deleted a group-closing symbol because it seems to be
spurious, as in `$x}$'. But perhaps the } is legitimate and
you forgot something else, as in `\hbox{$x}'. In such cases
the way to recover is to insert both the forgotten and the
deleted material, e.g., by typing `I$}'.

! Extra }, or forgotten $.
\textdef@ ...h {#1}\let \f@size #2\selectfont #3}}
                                                  
l.158 ... \item mRNA decay: \ce{mRNA -> \emptyset}
                                                   (stochastic, $k=0.5$ $s^{...
I've deleted a group-closing symbol because it seems to be
spurious, as in `$x}$'. But perhaps the } is legitimate and
you forgot something else, as in `\hbox{$x}'. In such cases
the way to recover is to insert both the forgotten and the
deleted material, e.g., by typing `I$}'.

! Extra }, or forgotten $.
\text@ ...tstyle \sf@size {\firstchoice@false #1}}
                                                  {\textdef@ \textstyle \ssf...
l.158 ... \item mRNA decay: \ce{mRNA -> \emptyset}
                                                   (stochastic, $k=0.5$ $s^{...
I've deleted a group-closing symbol because it seems to be
spurious, as in `$x}$'. But perhaps the } is legitimate and
you forgot something else, as in `\hbox{$x}'. In such cases
the way to recover is to insert both the forgotten and the
deleted material, e.g., by typing `I$}'.

! Missing $ inserted.
<inserted text> 
                $
l.158 ... \item mRNA decay: \ce{mRNA -> \emptyset}
                                                   (stochastic, $k=0.5$ $s^{...
I've inserted a begin-math/end-math symbol since I think
you left one out. Proceed, with fingers crossed.

! Extra }, or forgotten $.
\textdef@ ...th {#1}\let \f@size #2\selectfont #3}
                                                  }
l.158 ... \item mRNA decay: \ce{mRNA -> \emptyset}
                                                   (stochastic, $k=0.5$ $s^{...
I've deleted a group-closing symbol because it seems to be
spurious, as in `$x}$'. But perhaps the } is legitimate and
you forgot something else, as in `\hbox{$x}'. In such cases
the way to recover is to insert both the forgotten and the
deleted material, e.g., by typing `I$}'.

! Extra }, or forgotten $.
\textdef@ ...h {#1}\let \f@size #2\selectfont #3}}
                                                  
l.158 ... \item mRNA decay: \ce{mRNA -> \emptyset}
                                                   (stochastic, $k=0.5$ $s^{...
I've deleted a group-closing symbol because it seems to be
spurious, as in `$x}$'. But perhaps the } is legitimate and
you forgot something else, as in `\hbox{$x}'. In such cases
the way to recover is to insert both the forgotten and the
deleted material, e.g., by typing `I$}'.

! Extra }, or forgotten $.
\text@ ...style \ssf@size {\firstchoice@false #1}}
                                                  \check@mathfonts }
l.158 ... \item mRNA decay: \ce{mRNA -> \emptyset}
                                                   (stochastic, $k=0.5$ $s^{...
I've deleted a group-closing symbol because it seems to be
spurious, as in `$x}$'. But perhaps the } is legitimate and
you forgot something else, as in `\hbox{$x}'. In such cases
the way to recover is to insert both the forgotten and the
deleted material, e.g., by typing `I$}'.

! Extra }, or forgotten $.
\text@ ...firstchoice@false #1}}\check@mathfonts }
                                                  
l.158 ... \item mRNA decay: \ce{mRNA -> \emptyset}
                                                   (stochastic, $k=0.5$ $s^{...
I've deleted a group-closing symbol because it seems to be
spurious, as in `$x}$'. But perhaps the } is legitimate and
you forgot something else, as in `\hbox{$x}'. In such cases
the way to recover is to insert both the forgotten and the
deleted material, e.g., by typing `I$}'.

! Missing $ inserted.
<inserted text> 
                $
l.158 ... \item mRNA decay: \ce{mRNA -> \emptyset}
                                                   (stochastic, $k=0.5$ $s^{...
I've inserted something that you may have forgotten.
(See the <inserted text> above.)
With luck, this will get me unwedged. But if you
really didn't forget anything, try typing `2' now; then
my insertion and my current dilemma will both disappear.

! Missing } inserted.
<inserted text> 
                }
l.158 ... \item mRNA decay: \ce{mRNA -> \emptyset}
                                                   (stochastic, $k=0.5$ $s^{...
I've inserted something that you may have forgotten.
(See the <inserted text> above.)
With luck, this will get me unwedged. But if you
really didn't forget anything, try typing `2' now; then
my insertion and my current dilemma will both disappear.

! Missing } inserted.
<inserted text> 
                }
l.158 ... \item mRNA decay: \ce{mRNA -> \emptyset}
                                                   (stochastic, $k=0.5$ $s^{...
I've inserted something that you may have forgotten.
(See the <inserted text> above.)
With luck, this will get me unwedged. But if you
really didn't forget anything, try typing `2' now; then
my insertion and my current dilemma will both disappear.

! Missing } inserted.
<inserted text> 
                }
l.158 ... \item mRNA decay: \ce{mRNA -> \emptyset}
                                                   (stochastic, $k=0.5$ $s^{...
I've inserted something that you may have forgotten.
(See the <inserted text> above.)
With luck, this will get me unwedged. But if you
really didn't forget anything, try typing `2' now; then
my insertion and my current dilemma will both disappear.

! Missing $ inserted.
<inserted text> 
                $
l.158 ... \item mRNA decay: \ce{mRNA -> \emptyset}
                                                   (stochastic, $k=0.5$ $s^{...
I've inserted something that you may have forgotten.
(See the <inserted text> above.)
With luck, this will get me unwedged. But if you
really didn't forget anything, try typing `2' now; then
my insertion and my current dilemma will both disappear.

! Missing } inserted.
<inserted text> 
                }
l.158 ... \item mRNA decay: \ce{mRNA -> \emptyset}
                                                   (stochastic, $k=0.5$ $s^{...
I've inserted something that you may have forgotten.
(See the <inserted text> above.)
With luck, this will get me unwedged. But if you
really didn't forget anything, try typing `2' now; then
my insertion and my current dilemma will both disappear.

! Missing } inserted.
<inserted text> 
                }
l.158 ... \item mRNA decay: \ce{mRNA -> \emptyset}
                                                   (stochastic, $k=0.5$ $s^{...
I've inserted something that you may have forgotten.
(See the <inserted text> above.)
With luck, this will get me unwedged. But if you
really didn't forget anything, try typing `2' now; then
my insertion and my current dilemma will both disappear.

! Missing } inserted.
<inserted text> 
                }
l.158 ... \item mRNA decay: \ce{mRNA -> \emptyset}
                                                   (stochastic, $k=0.5$ $s^{...
I've inserted something that you may have forgotten.
(See the <inserted text> above.)
With luck, this will get me unwedged. But if you
really didn't forget anything, try typing `2' now; then
my insertion and my current dilemma will both disappear.

! Missing $ inserted.
<inserted text> 
                $
l.158 ... \item mRNA decay: \ce{mRNA -> \emptyset}
                                                   (stochastic, $k=0.5$ $s^{...
I've inserted something that you may have forgotten.
(See the <inserted text> above.)
With luck, this will get me unwedged. But if you
really didn't forget anything, try typing `2' now; then
my insertion and my current dilemma will both disappear.

! Missing } inserted.
<inserted text> 
                }
l.158 ... \item mRNA decay: \ce{mRNA -> \emptyset}
                                                   (stochastic, $k=0.5$ $s^{...
I've inserted something that you may have forgotten.
(See the <inserted text> above.)
With luck, this will get me unwedged. But if you
really didn't forget anything, try typing `2' now; then
my insertion and my current dilemma will both disappear.

! Missing } inserted.
<inserted text> 
                }
l.158 ... \item mRNA decay: \ce{mRNA -> \emptyset}
                                                   (stochastic, $k=0.5$ $s^{...
I've inserted something that you may have forgotten.
(See the <inserted text> above.)
With luck, this will get me unwedged. But if you
really didn't forget anything, try typing `2' now; then
my insertion and my current dilemma will both disappear.

! Missing } inserted.
<inserted text> 
                }
l.158 ... \item mRNA decay: \ce{mRNA -> \emptyset}
                                                   (stochastic, $k=0.5$ $s^{...
I've inserted something that you may have forgotten.
(See the <inserted text> above.)
With luck, this will get me unwedged. But if you
really didn't forget anything, try typing `2' now; then
my insertion and my current dilemma will both disappear.

! Missing $ inserted.
<inserted text> 
                $
l.158 ... \item mRNA decay: \ce{mRNA -> \emptyset}
                                                   (stochastic, $k=0.5$ $s^{...
I've inserted something that you may have forgotten.
(See the <inserted text> above.)
With luck, this will get me unwedged. But if you
really didn't forget anything, try typing `2' now; then
my insertion and my current dilemma will both disappear.

! Missing } inserted.
<inserted text> 
                }
l.158 ... \item mRNA decay: \ce{mRNA -> \emptyset}
                                                   (stochastic, $k=0.5$ $s^{...
I've inserted something that you may have forgotten.
(See the <inserted text> above.)
With luck, this will get me unwedged. But if you
really didn't forget anything, try typing `2' now; then
my insertion and my current dilemma will both disappear.

! Missing } inserted.
<inserted text> 
                }
l.158 ... \item mRNA decay: \ce{mRNA -> \emptyset}
                                                   (stochastic, $k=0.5$ $s^{...
I've inserted something that you may have forgotten.
(See the <inserted text> above.)
With luck, this will get me unwedged. But if you
really didn't forget anything, try typing `2' now; then
my insertion and my current dilemma will both disappear.

! Missing } inserted.
<inserted text> 
                }
l.158 ... \item mRNA decay: \ce{mRNA -> \emptyset}
                                                   (stochastic, $k=0.5$ $s^{...
I've inserted something that you may have forgotten.
(See the <inserted text> above.)
With luck, this will get me unwedged. But if you
really didn't forget anything, try typing `2' now; then
my insertion and my current dilemma will both disappear.

! Missing { inserted.
<to be read again> 
                   \group_end: 
l.158 ... \item mRNA decay: \ce{mRNA -> \emptyset}
                                                   (stochastic, $k=0.5$ $s^{...
A left brace was mandatory here, so I've put one in.
You might want to delete and/or insert some corrections
so that I will find a matching right brace soon.
(If you're confused by all this, try typing `I}' now.)

! Missing } inserted.
<inserted text> 
                }
l.158 ... \item mRNA decay: \ce{mRNA -> \emptyset}
                                                   (stochastic, $k=0.5$ $s^{...
I've inserted something that you may have forgotten.
(See the <inserted text> above.)
With luck, this will get me unwedged. But if you
really didn't forget anything, try typing `2' now; then
my insertion and my current dilemma will both disappear.

! Missing { inserted.
<to be read again> 
                   \group_end: 
l.158 ... \item mRNA decay: \ce{mRNA -> \emptyset}
                                                   (stochastic, $k=0.5$ $s^{...
A left brace was mandatory here, so I've put one in.
You might want to delete and/or insert some corrections
so that I will find a matching right brace soon.
(If you're confused by all this, try typing `I}' now.)

! Missing } inserted.
<inserted text> 
                }
l.158 ... \item mRNA decay: \ce{mRNA -> \emptyset}
                                                   (stochastic, $k=0.5$ $s^{...
I've inserted something that you may have forgotten.
(See the <inserted text> above.)
With luck, this will get me unwedged. But if you
really didn't forget anything, try typing `2' now; then
my insertion and my current dilemma will both disappear.

! Missing { inserted.
<to be read again> 
                   \group_end: 
l.158 ... \item mRNA decay: \ce{mRNA -> \emptyset}
                                                   (stochastic, $k=0.5$ $s^{...
A left brace was mandatory here, so I've put one in.
You might want to delete and/or insert some corrections
so that I will find a matching right brace soon.
(If you're confused by all this, try typing `I}' now.)

! Missing } inserted.
<inserted text> 
                }
l.158 ... \item mRNA decay: \ce{mRNA -> \emptyset}
                                                   (stochastic, $k=0.5$ $s^{...
I've inserted something that you may have forgotten.
(See the <inserted text> above.)
With luck, this will get me unwedged. But if you
really didn't forget anything, try typing `2' now; then
my insertion and my current dilemma will both disappear.

! Missing } inserted.
<inserted text> 
                }
l.158 ... \item mRNA decay: \ce{mRNA -> \emptyset}
                                                   (stochastic, $k=0.5$ $s^{...
I've inserted something that you may have forgotten.
(See the <inserted text> above.)
With luck, this will get me unwedged. But if you
really didn't forget anything, try typing `2' now; then
my insertion and my current dilemma will both disappear.

! Missing $ inserted.
<inserted text> 
                $
l.159 ... Protein decay: \ce{Protein -> \emptyset}
                                                   (stochastic, $k=0.1$ $s^{...
I've inserted a begin-math/end-math symbol since I think
you left one out. Proceed, with fingers crossed.

! Extra }, or forgotten $.
\textdef@ ...th {#1}\let \f@size #2\selectfont #3}
                                                  }
l.159 ... Protein decay: \ce{Protein -> \emptyset}
                                                   (stochastic, $k=0.1$ $s^{...
I've deleted a group-closing symbol because it seems to be
spurious, as in `$x}$'. But perhaps the } is legitimate and
you forgot something else, as in `\hbox{$x}'. In such cases
the way to recover is to insert both the forgotten and the
deleted material, e.g., by typing `I$}'.

! Extra }, or forgotten $.
\textdef@ ...h {#1}\let \f@size #2\selectfont #3}}
                                                  
l.159 ... Protein decay: \ce{Protein -> \emptyset}
                                                   (stochastic, $k=0.1$ $s^{...
I've deleted a group-closing symbol because it seems to be
spurious, as in `$x}$'. But perhaps the } is legitimate and
you forgot something else, as in `\hbox{$x}'. In such cases
the way to recover is to insert both the forgotten and the
deleted material, e.g., by typing `I$}'.

! Extra }, or forgotten $.
\text@ ...e {\textdef@ \displaystyle \f@size {#1}}
                                                  {\textdef@ \textstyle \f@s...
l.159 ... Protein decay: \ce{Protein -> \emptyset}
                                                   (stochastic, $k=0.1$ $s^{...
I've deleted a group-closing symbol because it seems to be
spurious, as in `$x}$'. But perhaps the } is legitimate and
you forgot something else, as in `\hbox{$x}'. In such cases
the way to recover is to insert both the forgotten and the
deleted material, e.g., by typing `I$}'.

! Missing $ inserted.
<inserted text> 
                $
l.159 ... Protein decay: \ce{Protein -> \emptyset}
                                                   (stochastic, $k=0.1$ $s^{...
I've inserted a begin-math/end-math symbol since I think
you left one out. Proceed, with fingers crossed.

! Extra }, or forgotten $.
\textdef@ ...th {#1}\let \f@size #2\selectfont #3}
                                                  }
l.159 ... Protein decay: \ce{Protein -> \emptyset}
                                                   (stochastic, $k=0.1$ $s^{...
I've deleted a group-closing symbol because it seems to be
spurious, as in `$x}$'. But perhaps the } is legitimate and
you forgot something else, as in `\hbox{$x}'. In such cases
the way to recover is to insert both the forgotten and the
deleted material, e.g., by typing `I$}'.

! Extra }, or forgotten $.
\textdef@ ...h {#1}\let \f@size #2\selectfont #3}}
                                                  
l.159 ... Protein decay: \ce{Protein -> \emptyset}
                                                   (stochastic, $k=0.1$ $s^{...
I've deleted a group-closing symbol because it seems to be
spurious, as in `$x}$'. But perhaps the } is legitimate and
you forgot something else, as in `\hbox{$x}'. In such cases
the way to recover is to insert both the forgotten and the
deleted material, e.g., by typing `I$}'.

! Extra }, or forgotten $.
\text@ ...xtstyle \f@size {\firstchoice@false #1}}
                                                  {\textdef@ \textstyle \sf@...
l.159 ... Protein decay: \ce{Protein -> \emptyset}
                                                   (stochastic, $k=0.1$ $s^{...
I've deleted a group-closing symbol because it seems to be
spurious, as in `$x}$'. But perhaps the } is legitimate and
you forgot something else, as in `\hbox{$x}'. In such cases
the way to recover is to insert both the forgotten and the
deleted material, e.g., by typing `I$}'.

! Missing $ inserted.
<inserted text> 
                $
l.159 ... Protein decay: \ce{Protein -> \emptyset}
                                                   (stochastic, $k=0.1$ $s^{...
I've inserted a begin-math/end-math symbol since I think
you left one out. Proceed, with fingers crossed.

! Extra }, or forgotten $.
\textdef@ ...th {#1}\let \f@size #2\selectfont #3}
                                                  }
l.159 ... Protein decay: \ce{Protein -> \emptyset}
                                                   (stochastic, $k=0.1$ $s^{...
I've deleted a group-closing symbol because it seems to be
spurious, as in `$x}$'. But perhaps the } is legitimate and
you forgot something else, as in `\hbox{$x}'. In such cases
the way to recover is to insert both the forgotten and the
deleted material, e.g., by typing `I$}'.

! Extra }, or forgotten $.
\textdef@ ...h {#1}\let \f@size #2\selectfont #3}}
                                                  
l.159 ... Protein decay: \ce{Protein -> \emptyset}
                                                   (stochastic, $k=0.1$ $s^{...
I've deleted a group-closing symbol because it seems to be
spurious, as in `$x}$'. But perhaps the } is legitimate and
you forgot something else, as in `\hbox{$x}'. In such cases
the way to recover is to insert both the forgotten and the
deleted material, e.g., by typing `I$}'.

! Extra }, or forgotten $.
\text@ ...tstyle \sf@size {\firstchoice@false #1}}
                                                  {\textdef@ \textstyle \ssf...
l.159 ... Protein decay: \ce{Protein -> \emptyset}
                                                   (stochastic, $k=0.1$ $s^{...
I've deleted a group-closing symbol because it seems to be
spurious, as in `$x}$'. But perhaps the } is legitimate and
you forgot something else, as in `\hbox{$x}'. In such cases
the way to recover is to insert both the forgotten and the
deleted material, e.g., by typing `I$}'.

! Missing $ inserted.
<inserted text> 
                $
l.159 ... Protein decay: \ce{Protein -> \emptyset}
                                                   (stochastic, $k=0.1$ $s^{...
I've inserted a begin-math/end-math symbol since I think
you left one out. Proceed, with fingers crossed.

! Extra }, or forgotten $.
\textdef@ ...th {#1}\let \f@size #2\selectfont #3}
                                                  }
l.159 ... Protein decay: \ce{Protein -> \emptyset}
                                                   (stochastic, $k=0.1$ $s^{...
I've deleted a group-closing symbol because it seems to be
spurious, as in `$x}$'. But perhaps the } is legitimate and
you forgot something else, as in `\hbox{$x}'. In such cases
the way to recover is to insert both the forgotten and the
deleted material, e.g., by typing `I$}'.

! Extra }, or forgotten $.
\textdef@ ...h {#1}\let \f@size #2\selectfont #3}}
                                                  
l.159 ... Protein decay: \ce{Protein -> \emptyset}
                                                   (stochastic, $k=0.1$ $s^{...
I've deleted a group-closing symbol because it seems to be
spurious, as in `$x}$'. But perhaps the } is legitimate and
you forgot something else, as in `\hbox{$x}'. In such cases
the way to recover is to insert both the forgotten and the
deleted material, e.g., by typing `I$}'.

! Extra }, or forgotten $.
\text@ ...style \ssf@size {\firstchoice@false #1}}
                                                  \check@mathfonts }
l.159 ... Protein decay: \ce{Protein -> \emptyset}
                                                   (stochastic, $k=0.1$ $s^{...
I've deleted a group-closing symbol because it seems to be
spurious, as in `$x}$'. But perhaps the } is legitimate and
you forgot something else, as in `\hbox{$x}'. In such cases
the way to recover is to insert both the forgotten and the
deleted material, e.g., by typing `I$}'.

! Extra }, or forgotten $.
\text@ ...firstchoice@false #1}}\check@mathfonts }
                                                  
l.159 ... Protein decay: \ce{Protein -> \emptyset}
                                                   (stochastic, $k=0.1$ $s^{...
I've deleted a group-closing symbol because it seems to be
spurious, as in `$x}$'. But perhaps the } is legitimate and
you forgot something else, as in `\hbox{$x}'. In such cases
the way to recover is to insert both the forgotten and the
deleted material, e.g., by typing `I$}'.

! Missing $ inserted.
<inserted text> 
                $
l.159 ... Protein decay: \ce{Protein -> \emptyset}
                                                   (stochastic, $k=0.1$ $s^{...
I've inserted something that you may have forgotten.
(See the <inserted text> above.)
With luck, this will get me unwedged. But if you
really didn't forget anything, try typing `2' now; then
my insertion and my current dilemma will both disappear.

! Missing } inserted.
<inserted text> 
                }
l.159 ... Protein decay: \ce{Protein -> \emptyset}
                                                   (stochastic, $k=0.1$ $s^{...
I've inserted something that you may have forgotten.
(See the <inserted text> above.)
With luck, this will get me unwedged. But if you
really didn't forget anything, try typing `2' now; then
my insertion and my current dilemma will both disappear.

! Missing } inserted.
<inserted text> 
                }
l.159 ... Protein decay: \ce{Protein -> \emptyset}
                                                   (stochastic, $k=0.1$ $s^{...
I've inserted something that you may have forgotten.
(See the <inserted text> above.)
With luck, this will get me unwedged. But if you
really didn't forget anything, try typing `2' now; then
my insertion and my current dilemma will both disappear.

! Missing } inserted.
<inserted text> 
                }
l.159 ... Protein decay: \ce{Protein -> \emptyset}
                                                   (stochastic, $k=0.1$ $s^{...
I've inserted something that you may have forgotten.
(See the <inserted text> above.)
With luck, this will get me unwedged. But if you
really didn't forget anything, try typing `2' now; then
my insertion and my current dilemma will both disappear.

! Missing $ inserted.
<inserted text> 
                $
l.159 ... Protein decay: \ce{Protein -> \emptyset}
                                                   (stochastic, $k=0.1$ $s^{...
I've inserted something that you may have forgotten.
(See the <inserted text> above.)
With luck, this will get me unwedged. But if you
really didn't forget anything, try typing `2' now; then
my insertion and my current dilemma will both disappear.

! Missing } inserted.
<inserted text> 
                }
l.159 ... Protein decay: \ce{Protein -> \emptyset}
                                                   (stochastic, $k=0.1$ $s^{...
I've inserted something that you may have forgotten.
(See the <inserted text> above.)
With luck, this will get me unwedged. But if you
really didn't forget anything, try typing `2' now; then
my insertion and my current dilemma will both disappear.

! Missing } inserted.
<inserted text> 
                }
l.159 ... Protein decay: \ce{Protein -> \emptyset}
                                                   (stochastic, $k=0.1$ $s^{...
I've inserted something that you may have forgotten.
(See the <inserted text> above.)
With luck, this will get me unwedged. But if you
really didn't forget anything, try typing `2' now; then
my insertion and my current dilemma will both disappear.

! Missing } inserted.
<inserted text> 
                }
l.159 ... Protein decay: \ce{Protein -> \emptyset}
                                                   (stochastic, $k=0.1$ $s^{...
I've inserted something that you may have forgotten.
(See the <inserted text> above.)
With luck, this will get me unwedged. But if you
really didn't forget anything, try typing `2' now; then
my insertion and my current dilemma will both disappear.

! Missing $ inserted.
<inserted text> 
                $
l.159 ... Protein decay: \ce{Protein -> \emptyset}
                                                   (stochastic, $k=0.1$ $s^{...
I've inserted something that you may have forgotten.
(See the <inserted text> above.)
With luck, this will get me unwedged. But if you
really didn't forget anything, try typing `2' now; then
my insertion and my current dilemma will both disappear.

! Missing } inserted.
<inserted text> 
                }
l.159 ... Protein decay: \ce{Protein -> \emptyset}
                                                   (stochastic, $k=0.1$ $s^{...
I've inserted something that you may have forgotten.
(See the <inserted text> above.)
With luck, this will get me unwedged. But if you
really didn't forget anything, try typing `2' now; then
my insertion and my current dilemma will both disappear.

! Missing } inserted.
<inserted text> 
                }
l.159 ... Protein decay: \ce{Protein -> \emptyset}
                                                   (stochastic, $k=0.1$ $s^{...
I've inserted something that you may have forgotten.
(See the <inserted text> above.)
With luck, this will get me unwedged. But if you
really didn't forget anything, try typing `2' now; then
my insertion and my current dilemma will both disappear.

! Missing } inserted.
<inserted text> 
                }
l.159 ... Protein decay: \ce{Protein -> \emptyset}
                                                   (stochastic, $k=0.1$ $s^{...
I've inserted something that you may have forgotten.
(See the <inserted text> above.)
With luck, this will get me unwedged. But if you
really didn't forget anything, try typing `2' now; then
my insertion and my current dilemma will both disappear.

! Missing $ inserted.
<inserted text> 
                $
l.159 ... Protein decay: \ce{Protein -> \emptyset}
                                                   (stochastic, $k=0.1$ $s^{...
I've inserted something that you may have forgotten.
(See the <inserted text> above.)
With luck, this will get me unwedged. But if you
really didn't forget anything, try typing `2' now; then
my insertion and my current dilemma will both disappear.

! Missing } inserted.
<inserted text> 
                }
l.159 ... Protein decay: \ce{Protein -> \emptyset}
                                                   (stochastic, $k=0.1$ $s^{...
I've inserted something that you may have forgotten.
(See the <inserted text> above.)
With luck, this will get me unwedged. But if you
really didn't forget anything, try typing `2' now; then
my insertion and my current dilemma will both disappear.

! Missing } inserted.
<inserted text> 
                }
l.159 ... Protein decay: \ce{Protein -> \emptyset}
                                                   (stochastic, $k=0.1$ $s^{...
I've inserted something that you may have forgotten.
(See the <inserted text> above.)
With luck, this will get me unwedged. But if you
really didn't forget anything, try typing `2' now; then
my insertion and my current dilemma will both disappear.

! Missing } inserted.
<inserted text> 
                }
l.159 ... Protein decay: \ce{Protein -> \emptyset}
                                                   (stochastic, $k=0.1$ $s^{...
I've inserted something that you may have forgotten.
(See the <inserted text> above.)
With luck, this will get me unwedged. But if you
really didn't forget anything, try typing `2' now; then
my insertion and my current dilemma will both disappear.

! Missing { inserted.
<to be read again> 
                   \group_end: 
l.159 ... Protein decay: \ce{Protein -> \emptyset}
                                                   (stochastic, $k=0.1$ $s^{...
A left brace was mandatory here, so I've put one in.
You might want to delete and/or insert some corrections
so that I will find a matching right brace soon.
(If you're confused by all this, try typing `I}' now.)

! Missing } inserted.
<inserted text> 
                }
l.159 ... Protein decay: \ce{Protein -> \emptyset}
                                                   (stochastic, $k=0.1$ $s^{...
I've inserted something that you may have forgotten.
(See the <inserted text> above.)
With luck, this will get me unwedged. But if you
really didn't forget anything, try typing `2' now; then
my insertion and my current dilemma will both disappear.

! Missing { inserted.
<to be read again> 
                   \group_end: 
l.159 ... Protein decay: \ce{Protein -> \emptyset}
                                                   (stochastic, $k=0.1$ $s^{...
A left brace was mandatory here, so I've put one in.
You might want to delete and/or insert some corrections
so that I will find a matching right brace soon.
(If you're confused by all this, try typing `I}' now.)

! Missing } inserted.
<inserted text> 
                }
l.159 ... Protein decay: \ce{Protein -> \emptyset}
                                                   (stochastic, $k=0.1$ $s^{...
I've inserted something that you may have forgotten.
(See the <inserted text> above.)
With luck, this will get me unwedged. But if you
really didn't forget anything, try typing `2' now; then
my insertion and my current dilemma will both disappear.

! Missing { inserted.
<to be read again> 
                   \group_end: 
l.159 ... Protein decay: \ce{Protein -> \emptyset}
                                                   (stochastic, $k=0.1$ $s^{...
A left brace was mandatory here, so I've put one in.
You might want to delete and/or insert some corrections
so that I will find a matching right brace soon.
(If you're confused by all this, try typing `I}' now.)

! Missing } inserted.
<inserted text> 
                }
l.159 ... Protein decay: \ce{Protein -> \emptyset}
                                                   (stochastic, $k=0.1$ $s^{...
I've inserted something that you may have forgotten.
(See the <inserted text> above.)
With luck, this will get me unwedged. But if you
really didn't forget anything, try typing `2' now; then
my insertion and my current dilemma will both disappear.

! Missing } inserted.
<inserted text> 
                }
l.159 ... Protein decay: \ce{Protein -> \emptyset}
                                                   (stochastic, $k=0.1$ $s^{...
I've inserted something that you may have forgotten.
(See the <inserted text> above.)
With luck, this will get me unwedged. But if you
really didn't forget anything, try typing `2' now; then
my insertion and my current dilemma will both disappear.


Overfull \vbox (6.51149pt too high) has occurred while \output is active []


[170]

! LaTeX Error: Environment theorem undefined.

See the LaTeX manual or LaTeX Companion for explanation.
Type  H <return>  for immediate help.
 ...                                              
                                                  
l.262 \begin{theorem}
                     [Hybrid Correctness]
Your command was ignored.
Type  I <command> <return>  to replace it with another command,
or  <return>  to continue without it.


! LaTeX Error: \begin{document} ended by \end{theorem}.

See the LaTeX manual or LaTeX Companion for explanation.
Type  H <return>  for immediate help.
 ...                                              
                                                  
l.264 \end{theorem}
                   
Your command was ignored.
Type  I <command> <return>  to replace it with another command,
or  <return>  to continue without it.


Overfull \vbox (6.51149pt too high) has occurred while \output is active []


[171]

! Package xcolor Error: Undefined color `CTlink'.

See the xcolor package documentation for explanation.
Type  H <return>  for immediate help.
 ...                                              
                                                  
l.304 ...ence} (Chapter~\ref{ch:weak-independence}
                                                  ) enables \textbf{parallel...

Try typing  <return>  to proceed.
If that doesn't work, type  X <return>  to quit.


! Package xcolor Error: Undefined color `CTlink'.

See the xcolor package documentation for explanation.
Type  H <return>  for immediate help.
 ...                                              
                                                  
l.319 ...m from Chapter~\ref{ch:weak-independence}
                                                  )
Try typing  <return>  to proceed.
If that doesn't work, type  X <return>  to quit.


Overfull \vbox (6.51149pt too high) has occurred while \output is active []


[172]
! Missing $ inserted.
<inserted text> 
                $
l.368 ...le exponential decay (\ce{A -> \emptyset}
                                                  , rate = $k \cdot [A]$)
I've inserted a begin-math/end-math symbol since I think
you left one out. Proceed, with fingers crossed.

! Extra }, or forgotten $.
\textdef@ ...th {#1}\let \f@size #2\selectfont #3}
                                                  }
l.368 ...le exponential decay (\ce{A -> \emptyset}
                                                  , rate = $k \cdot [A]$)
I've deleted a group-closing symbol because it seems to be
spurious, as in `$x}$'. But perhaps the } is legitimate and
you forgot something else, as in `\hbox{$x}'. In such cases
the way to recover is to insert both the forgotten and the
deleted material, e.g., by typing `I$}'.

! Extra }, or forgotten $.
\textdef@ ...h {#1}\let \f@size #2\selectfont #3}}
                                                  
l.368 ...le exponential decay (\ce{A -> \emptyset}
                                                  , rate = $k \cdot [A]$)
I've deleted a group-closing symbol because it seems to be
spurious, as in `$x}$'. But perhaps the } is legitimate and
you forgot something else, as in `\hbox{$x}'. In such cases
the way to recover is to insert both the forgotten and the
deleted material, e.g., by typing `I$}'.

! Extra }, or forgotten $.
\text@ ...e {\textdef@ \displaystyle \f@size {#1}}
                                                  {\textdef@ \textstyle \f@s...
l.368 ...le exponential decay (\ce{A -> \emptyset}
                                                  , rate = $k \cdot [A]$)
I've deleted a group-closing symbol because it seems to be
spurious, as in `$x}$'. But perhaps the } is legitimate and
you forgot something else, as in `\hbox{$x}'. In such cases
the way to recover is to insert both the forgotten and the
deleted material, e.g., by typing `I$}'.

! Missing $ inserted.
<inserted text> 
                $
l.368 ...le exponential decay (\ce{A -> \emptyset}
                                                  , rate = $k \cdot [A]$)
I've inserted a begin-math/end-math symbol since I think
you left one out. Proceed, with fingers crossed.

! Extra }, or forgotten $.
\textdef@ ...th {#1}\let \f@size #2\selectfont #3}
                                                  }
l.368 ...le exponential decay (\ce{A -> \emptyset}
                                                  , rate = $k \cdot [A]$)
I've deleted a group-closing symbol because it seems to be
spurious, as in `$x}$'. But perhaps the } is legitimate and
you forgot something else, as in `\hbox{$x}'. In such cases
the way to recover is to insert both the forgotten and the
deleted material, e.g., by typing `I$}'.

! Extra }, or forgotten $.
\textdef@ ...h {#1}\let \f@size #2\selectfont #3}}
                                                  
l.368 ...le exponential decay (\ce{A -> \emptyset}
                                                  , rate = $k \cdot [A]$)
I've deleted a group-closing symbol because it seems to be
spurious, as in `$x}$'. But perhaps the } is legitimate and
you forgot something else, as in `\hbox{$x}'. In such cases
the way to recover is to insert both the forgotten and the
deleted material, e.g., by typing `I$}'.

! Extra }, or forgotten $.
\text@ ...xtstyle \f@size {\firstchoice@false #1}}
                                                  {\textdef@ \textstyle \sf@...
l.368 ...le exponential decay (\ce{A -> \emptyset}
                                                  , rate = $k \cdot [A]$)
I've deleted a group-closing symbol because it seems to be
spurious, as in `$x}$'. But perhaps the } is legitimate and
you forgot something else, as in `\hbox{$x}'. In such cases
the way to recover is to insert both the forgotten and the
deleted material, e.g., by typing `I$}'.

! Missing $ inserted.
<inserted text> 
                $
l.368 ...le exponential decay (\ce{A -> \emptyset}
                                                  , rate = $k \cdot [A]$)
I've inserted a begin-math/end-math symbol since I think
you left one out. Proceed, with fingers crossed.

! Extra }, or forgotten $.
\textdef@ ...th {#1}\let \f@size #2\selectfont #3}
                                                  }
l.368 ...le exponential decay (\ce{A -> \emptyset}
                                                  , rate = $k \cdot [A]$)
I've deleted a group-closing symbol because it seems to be
spurious, as in `$x}$'. But perhaps the } is legitimate and
you forgot something else, as in `\hbox{$x}'. In such cases
the way to recover is to insert both the forgotten and the
deleted material, e.g., by typing `I$}'.

! Extra }, or forgotten $.
\textdef@ ...h {#1}\let \f@size #2\selectfont #3}}
                                                  
l.368 ...le exponential decay (\ce{A -> \emptyset}
                                                  , rate = $k \cdot [A]$)
I've deleted a group-closing symbol because it seems to be
spurious, as in `$x}$'. But perhaps the } is legitimate and
you forgot something else, as in `\hbox{$x}'. In such cases
the way to recover is to insert both the forgotten and the
deleted material, e.g., by typing `I$}'.

! Extra }, or forgotten $.
\text@ ...tstyle \sf@size {\firstchoice@false #1}}
                                                  {\textdef@ \textstyle \ssf...
l.368 ...le exponential decay (\ce{A -> \emptyset}
                                                  , rate = $k \cdot [A]$)
I've deleted a group-closing symbol because it seems to be
spurious, as in `$x}$'. But perhaps the } is legitimate and
you forgot something else, as in `\hbox{$x}'. In such cases
the way to recover is to insert both the forgotten and the
deleted material, e.g., by typing `I$}'.

! Missing $ inserted.
<inserted text> 
                $
l.368 ...le exponential decay (\ce{A -> \emptyset}
                                                  , rate = $k \cdot [A]$)
I've inserted a begin-math/end-math symbol since I think
you left one out. Proceed, with fingers crossed.

! Extra }, or forgotten $.
\textdef@ ...th {#1}\let \f@size #2\selectfont #3}
                                                  }
l.368 ...le exponential decay (\ce{A -> \emptyset}
                                                  , rate = $k \cdot [A]$)
I've deleted a group-closing symbol because it seems to be
spurious, as in `$x}$'. But perhaps the } is legitimate and
you forgot something else, as in `\hbox{$x}'. In such cases
the way to recover is to insert both the forgotten and the
deleted material, e.g., by typing `I$}'.

! Extra }, or forgotten $.
\textdef@ ...h {#1}\let \f@size #2\selectfont #3}}
                                                  
l.368 ...le exponential decay (\ce{A -> \emptyset}
                                                  , rate = $k \cdot [A]$)
I've deleted a group-closing symbol because it seems to be
spurious, as in `$x}$'. But perhaps the } is legitimate and
you forgot something else, as in `\hbox{$x}'. In such cases
the way to recover is to insert both the forgotten and the
deleted material, e.g., by typing `I$}'.

! Extra }, or forgotten $.
\text@ ...style \ssf@size {\firstchoice@false #1}}
                                                  \check@mathfonts }
l.368 ...le exponential decay (\ce{A -> \emptyset}
                                                  , rate = $k \cdot [A]$)
I've deleted a group-closing symbol because it seems to be
spurious, as in `$x}$'. But perhaps the } is legitimate and
you forgot something else, as in `\hbox{$x}'. In such cases
the way to recover is to insert both the forgotten and the
deleted material, e.g., by typing `I$}'.

! Extra }, or forgotten $.
\text@ ...firstchoice@false #1}}\check@mathfonts }
                                                  
l.368 ...le exponential decay (\ce{A -> \emptyset}
                                                  , rate = $k \cdot [A]$)
I've deleted a group-closing symbol because it seems to be
spurious, as in `$x}$'. But perhaps the } is legitimate and
you forgot something else, as in `\hbox{$x}'. In such cases
the way to recover is to insert both the forgotten and the
deleted material, e.g., by typing `I$}'.

! Missing $ inserted.
<inserted text> 
                $
l.368 ...le exponential decay (\ce{A -> \emptyset}
                                                  , rate = $k \cdot [A]$)
I've inserted something that you may have forgotten.
(See the <inserted text> above.)
With luck, this will get me unwedged. But if you
really didn't forget anything, try typing `2' now; then
my insertion and my current dilemma will both disappear.

! Missing } inserted.
<inserted text> 
                }
l.368 ...le exponential decay (\ce{A -> \emptyset}
                                                  , rate = $k \cdot [A]$)
I've inserted something that you may have forgotten.
(See the <inserted text> above.)
With luck, this will get me unwedged. But if you
really didn't forget anything, try typing `2' now; then
my insertion and my current dilemma will both disappear.

! Missing } inserted.
<inserted text> 
                }
l.368 ...le exponential decay (\ce{A -> \emptyset}
                                                  , rate = $k \cdot [A]$)
I've inserted something that you may have forgotten.
(See the <inserted text> above.)
With luck, this will get me unwedged. But if you
really didn't forget anything, try typing `2' now; then
my insertion and my current dilemma will both disappear.

! Missing } inserted.
<inserted text> 
                }
l.368 ...le exponential decay (\ce{A -> \emptyset}
                                                  , rate = $k \cdot [A]$)
I've inserted something that you may have forgotten.
(See the <inserted text> above.)
With luck, this will get me unwedged. But if you
really didn't forget anything, try typing `2' now; then
my insertion and my current dilemma will both disappear.

! Missing $ inserted.
<inserted text> 
                $
l.368 ...le exponential decay (\ce{A -> \emptyset}
                                                  , rate = $k \cdot [A]$)
I've inserted something that you may have forgotten.
(See the <inserted text> above.)
With luck, this will get me unwedged. But if you
really didn't forget anything, try typing `2' now; then
my insertion and my current dilemma will both disappear.

! Missing } inserted.
<inserted text> 
                }
l.368 ...le exponential decay (\ce{A -> \emptyset}
                                                  , rate = $k \cdot [A]$)
I've inserted something that you may have forgotten.
(See the <inserted text> above.)
With luck, this will get me unwedged. But if you
really didn't forget anything, try typing `2' now; then
my insertion and my current dilemma will both disappear.

! Missing } inserted.
<inserted text> 
                }
l.368 ...le exponential decay (\ce{A -> \emptyset}
                                                  , rate = $k \cdot [A]$)
I've inserted something that you may have forgotten.
(See the <inserted text> above.)
With luck, this will get me unwedged. But if you
really didn't forget anything, try typing `2' now; then
my insertion and my current dilemma will both disappear.

! Missing } inserted.
<inserted text> 
                }
l.368 ...le exponential decay (\ce{A -> \emptyset}
                                                  , rate = $k \cdot [A]$)
I've inserted something that you may have forgotten.
(See the <inserted text> above.)
With luck, this will get me unwedged. But if you
really didn't forget anything, try typing `2' now; then
my insertion and my current dilemma will both disappear.

! Missing $ inserted.
<inserted text> 
                $
l.368 ...le exponential decay (\ce{A -> \emptyset}
                                                  , rate = $k \cdot [A]$)
I've inserted something that you may have forgotten.
(See the <inserted text> above.)
With luck, this will get me unwedged. But if you
really didn't forget anything, try typing `2' now; then
my insertion and my current dilemma will both disappear.

! Missing } inserted.
<inserted text> 
                }
l.368 ...le exponential decay (\ce{A -> \emptyset}
                                                  , rate = $k \cdot [A]$)
I've inserted something that you may have forgotten.
(See the <inserted text> above.)
With luck, this will get me unwedged. But if you
really didn't forget anything, try typing `2' now; then
my insertion and my current dilemma will both disappear.

! Missing } inserted.
<inserted text> 
                }
l.368 ...le exponential decay (\ce{A -> \emptyset}
                                                  , rate = $k \cdot [A]$)
I've inserted something that you may have forgotten.
(See the <inserted text> above.)
With luck, this will get me unwedged. But if you
really didn't forget anything, try typing `2' now; then
my insertion and my current dilemma will both disappear.

! Missing } inserted.
<inserted text> 
                }
l.368 ...le exponential decay (\ce{A -> \emptyset}
                                                  , rate = $k \cdot [A]$)
I've inserted something that you may have forgotten.
(See the <inserted text> above.)
With luck, this will get me unwedged. But if you
really didn't forget anything, try typing `2' now; then
my insertion and my current dilemma will both disappear.

! Missing $ inserted.
<inserted text> 
                $
l.368 ...le exponential decay (\ce{A -> \emptyset}
                                                  , rate = $k \cdot [A]$)
I've inserted something that you may have forgotten.
(See the <inserted text> above.)
With luck, this will get me unwedged. But if you
really didn't forget anything, try typing `2' now; then
my insertion and my current dilemma will both disappear.

! Missing } inserted.
<inserted text> 
                }
l.368 ...le exponential decay (\ce{A -> \emptyset}
                                                  , rate = $k \cdot [A]$)
I've inserted something that you may have forgotten.
(See the <inserted text> above.)
With luck, this will get me unwedged. But if you
really didn't forget anything, try typing `2' now; then
my insertion and my current dilemma will both disappear.

! Missing } inserted.
<inserted text> 
                }
l.368 ...le exponential decay (\ce{A -> \emptyset}
                                                  , rate = $k \cdot [A]$)
I've inserted something that you may have forgotten.
(See the <inserted text> above.)
With luck, this will get me unwedged. But if you
really didn't forget anything, try typing `2' now; then
my insertion and my current dilemma will both disappear.

! Missing } inserted.
<inserted text> 
                }
l.368 ...le exponential decay (\ce{A -> \emptyset}
                                                  , rate = $k \cdot [A]$)
I've inserted something that you may have forgotten.
(See the <inserted text> above.)
With luck, this will get me unwedged. But if you
really didn't forget anything, try typing `2' now; then
my insertion and my current dilemma will both disappear.

! Missing { inserted.
<to be read again> 
                   \group_end: 
l.368 ...le exponential decay (\ce{A -> \emptyset}
                                                  , rate = $k \cdot [A]$)
A left brace was mandatory here, so I've put one in.
You might want to delete and/or insert some corrections
so that I will find a matching right brace soon.
(If you're confused by all this, try typing `I}' now.)

! Missing } inserted.
<inserted text> 
                }
l.368 ...le exponential decay (\ce{A -> \emptyset}
                                                  , rate = $k \cdot [A]$)
I've inserted something that you may have forgotten.
(See the <inserted text> above.)
With luck, this will get me unwedged. But if you
really didn't forget anything, try typing `2' now; then
my insertion and my current dilemma will both disappear.

! Missing { inserted.
<to be read again> 
                   \group_end: 
l.368 ...le exponential decay (\ce{A -> \emptyset}
                                                  , rate = $k \cdot [A]$)
A left brace was mandatory here, so I've put one in.
You might want to delete and/or insert some corrections
so that I will find a matching right brace soon.
(If you're confused by all this, try typing `I}' now.)

! Missing } inserted.
<inserted text> 
                }
l.368 ...le exponential decay (\ce{A -> \emptyset}
                                                  , rate = $k \cdot [A]$)
I've inserted something that you may have forgotten.
(See the <inserted text> above.)
With luck, this will get me unwedged. But if you
really didn't forget anything, try typing `2' now; then
my insertion and my current dilemma will both disappear.

! Missing { inserted.
<to be read again> 
                   \group_end: 
l.368 ...le exponential decay (\ce{A -> \emptyset}
                                                  , rate = $k \cdot [A]$)
A left brace was mandatory here, so I've put one in.
You might want to delete and/or insert some corrections
so that I will find a matching right brace soon.
(If you're confused by all this, try typing `I}' now.)

! Missing } inserted.
<inserted text> 
                }
l.368 ...le exponential decay (\ce{A -> \emptyset}
                                                  , rate = $k \cdot [A]$)
I've inserted something that you may have forgotten.
(See the <inserted text> above.)
With luck, this will get me unwedged. But if you
really didn't forget anything, try typing `2' now; then
my insertion and my current dilemma will both disappear.

! Missing } inserted.
<inserted text> 
                }
l.368 ...le exponential decay (\ce{A -> \emptyset}
                                                  , rate = $k \cdot [A]$)
I've inserted something that you may have forgotten.
(See the <inserted text> above.)
With luck, this will get me unwedged. But if you
really didn't forget anything, try typing `2' now; then
my insertion and my current dilemma will both disappear.


! Package mhchem Error: Assertion failed: Unexpected input character. In case
(mhchem)                you think this is a bug, please contact the package
(mhchem)                author.

Type <return> to continue.
 ...                                              
                                                  
l.376 ... Birth-death process (\ce{\emptyset -> A}
                                                  , \ce{A -> \emptyset})

LaTeX does not know anything more about this error, sorry.

Try typing <return> to proceed.
If that doesn't work, type X <return> to quit.


! Missing $ inserted.
<inserted text> 
                $
l.376 ...(\ce{\emptyset -> A}, \ce{A -> \emptyset}
                                                  )
I've inserted a begin-math/end-math symbol since I think
you left one out. Proceed, with fingers crossed.

! Extra }, or forgotten $.
\textdef@ ...th {#1}\let \f@size #2\selectfont #3}
                                                  }
l.376 ...(\ce{\emptyset -> A}, \ce{A -> \emptyset}
                                                  )
I've deleted a group-closing symbol because it seems to be
spurious, as in `$x}$'. But perhaps the } is legitimate and
you forgot something else, as in `\hbox{$x}'. In such cases
the way to recover is to insert both the forgotten and the
deleted material, e.g., by typing `I$}'.

! Extra }, or forgotten $.
\textdef@ ...h {#1}\let \f@size #2\selectfont #3}}
                                                  
l.376 ...(\ce{\emptyset -> A}, \ce{A -> \emptyset}
                                                  )
I've deleted a group-closing symbol because it seems to be
spurious, as in `$x}$'. But perhaps the } is legitimate and
you forgot something else, as in `\hbox{$x}'. In such cases
the way to recover is to insert both the forgotten and the
deleted material, e.g., by typing `I$}'.

! Extra }, or forgotten $.
\text@ ...e {\textdef@ \displaystyle \f@size {#1}}
                                                  {\textdef@ \textstyle \f@s...
l.376 ...(\ce{\emptyset -> A}, \ce{A -> \emptyset}
                                                  )
I've deleted a group-closing symbol because it seems to be
spurious, as in `$x}$'. But perhaps the } is legitimate and
you forgot something else, as in `\hbox{$x}'. In such cases
the way to recover is to insert both the forgotten and the
deleted material, e.g., by typing `I$}'.

! Missing $ inserted.
<inserted text> 
                $
l.376 ...(\ce{\emptyset -> A}, \ce{A -> \emptyset}
                                                  )
I've inserted a begin-math/end-math symbol since I think
you left one out. Proceed, with fingers crossed.

! Extra }, or forgotten $.
\textdef@ ...th {#1}\let \f@size #2\selectfont #3}
                                                  }
l.376 ...(\ce{\emptyset -> A}, \ce{A -> \emptyset}
                                                  )
I've deleted a group-closing symbol because it seems to be
spurious, as in `$x}$'. But perhaps the } is legitimate and
you forgot something else, as in `\hbox{$x}'. In such cases
the way to recover is to insert both the forgotten and the
deleted material, e.g., by typing `I$}'.

! Extra }, or forgotten $.
\textdef@ ...h {#1}\let \f@size #2\selectfont #3}}
                                                  
l.376 ...(\ce{\emptyset -> A}, \ce{A -> \emptyset}
                                                  )
I've deleted a group-closing symbol because it seems to be
spurious, as in `$x}$'. But perhaps the } is legitimate and
you forgot something else, as in `\hbox{$x}'. In such cases
the way to recover is to insert both the forgotten and the
deleted material, e.g., by typing `I$}'.

! Extra }, or forgotten $.
\text@ ...xtstyle \f@size {\firstchoice@false #1}}
                                                  {\textdef@ \textstyle \sf@...
l.376 ...(\ce{\emptyset -> A}, \ce{A -> \emptyset}
                                                  )
I've deleted a group-closing symbol because it seems to be
spurious, as in `$x}$'. But perhaps the } is legitimate and
you forgot something else, as in `\hbox{$x}'. In such cases
the way to recover is to insert both the forgotten and the
deleted material, e.g., by typing `I$}'.

! Missing $ inserted.
<inserted text> 
                $
l.376 ...(\ce{\emptyset -> A}, \ce{A -> \emptyset}
                                                  )
I've inserted a begin-math/end-math symbol since I think
you left one out. Proceed, with fingers crossed.

! Extra }, or forgotten $.
\textdef@ ...th {#1}\let \f@size #2\selectfont #3}
                                                  }
l.376 ...(\ce{\emptyset -> A}, \ce{A -> \emptyset}
                                                  )
I've deleted a group-closing symbol because it seems to be
spurious, as in `$x}$'. But perhaps the } is legitimate and
you forgot something else, as in `\hbox{$x}'. In such cases
the way to recover is to insert both the forgotten and the
deleted material, e.g., by typing `I$}'.

! Extra }, or forgotten $.
\textdef@ ...h {#1}\let \f@size #2\selectfont #3}}
                                                  
l.376 ...(\ce{\emptyset -> A}, \ce{A -> \emptyset}
                                                  )
I've deleted a group-closing symbol because it seems to be
spurious, as in `$x}$'. But perhaps the } is legitimate and
you forgot something else, as in `\hbox{$x}'. In such cases
the way to recover is to insert both the forgotten and the
deleted material, e.g., by typing `I$}'.

! Extra }, or forgotten $.
\text@ ...tstyle \sf@size {\firstchoice@false #1}}
                                                  {\textdef@ \textstyle \ssf...
l.376 ...(\ce{\emptyset -> A}, \ce{A -> \emptyset}
                                                  )
I've deleted a group-closing symbol because it seems to be
spurious, as in `$x}$'. But perhaps the } is legitimate and
you forgot something else, as in `\hbox{$x}'. In such cases
the way to recover is to insert both the forgotten and the
deleted material, e.g., by typing `I$}'.

! Missing $ inserted.
<inserted text> 
                $
l.376 ...(\ce{\emptyset -> A}, \ce{A -> \emptyset}
                                                  )
I've inserted a begin-math/end-math symbol since I think
you left one out. Proceed, with fingers crossed.

! Extra }, or forgotten $.
\textdef@ ...th {#1}\let \f@size #2\selectfont #3}
                                                  }
l.376 ...(\ce{\emptyset -> A}, \ce{A -> \emptyset}
                                                  )
I've deleted a group-closing symbol because it seems to be
spurious, as in `$x}$'. But perhaps the } is legitimate and
you forgot something else, as in `\hbox{$x}'. In such cases
the way to recover is to insert both the forgotten and the
deleted material, e.g., by typing `I$}'.

! Extra }, or forgotten $.
\textdef@ ...h {#1}\let \f@size #2\selectfont #3}}
                                                  
l.376 ...(\ce{\emptyset -> A}, \ce{A -> \emptyset}
                                                  )
I've deleted a group-closing symbol because it seems to be
spurious, as in `$x}$'. But perhaps the } is legitimate and
you forgot something else, as in `\hbox{$x}'. In such cases
the way to recover is to insert both the forgotten and the
deleted material, e.g., by typing `I$}'.

! Extra }, or forgotten $.
\text@ ...style \ssf@size {\firstchoice@false #1}}
                                                  \check@mathfonts }
l.376 ...(\ce{\emptyset -> A}, \ce{A -> \emptyset}
                                                  )
I've deleted a group-closing symbol because it seems to be
spurious, as in `$x}$'. But perhaps the } is legitimate and
you forgot something else, as in `\hbox{$x}'. In such cases
the way to recover is to insert both the forgotten and the
deleted material, e.g., by typing `I$}'.

! Extra }, or forgotten $.
\text@ ...firstchoice@false #1}}\check@mathfonts }
                                                  
l.376 ...(\ce{\emptyset -> A}, \ce{A -> \emptyset}
                                                  )
I've deleted a group-closing symbol because it seems to be
spurious, as in `$x}$'. But perhaps the } is legitimate and
you forgot something else, as in `\hbox{$x}'. In such cases
the way to recover is to insert both the forgotten and the
deleted material, e.g., by typing `I$}'.

! Missing $ inserted.
<inserted text> 
                $
l.376 ...(\ce{\emptyset -> A}, \ce{A -> \emptyset}
                                                  )
I've inserted something that you may have forgotten.
(See the <inserted text> above.)
With luck, this will get me unwedged. But if you
really didn't forget anything, try typing `2' now; then
my insertion and my current dilemma will both disappear.

! Missing } inserted.
<inserted text> 
                }
l.376 ...(\ce{\emptyset -> A}, \ce{A -> \emptyset}
                                                  )
I've inserted something that you may have forgotten.
(See the <inserted text> above.)
With luck, this will get me unwedged. But if you
really didn't forget anything, try typing `2' now; then
my insertion and my current dilemma will both disappear.

! Missing } inserted.
<inserted text> 
                }
l.376 ...(\ce{\emptyset -> A}, \ce{A -> \emptyset}
                                                  )
I've inserted something that you may have forgotten.
(See the <inserted text> above.)
With luck, this will get me unwedged. But if you
really didn't forget anything, try typing `2' now; then
my insertion and my current dilemma will both disappear.

! Missing } inserted.
<inserted text> 
                }
l.376 ...(\ce{\emptyset -> A}, \ce{A -> \emptyset}
                                                  )
I've inserted something that you may have forgotten.
(See the <inserted text> above.)
With luck, this will get me unwedged. But if you
really didn't forget anything, try typing `2' now; then
my insertion and my current dilemma will both disappear.

! Missing $ inserted.
<inserted text> 
                $
l.376 ...(\ce{\emptyset -> A}, \ce{A -> \emptyset}
                                                  )
I've inserted something that you may have forgotten.
(See the <inserted text> above.)
With luck, this will get me unwedged. But if you
really didn't forget anything, try typing `2' now; then
my insertion and my current dilemma will both disappear.

! Missing } inserted.
<inserted text> 
                }
l.376 ...(\ce{\emptyset -> A}, \ce{A -> \emptyset}
                                                  )
I've inserted something that you may have forgotten.
(See the <inserted text> above.)
With luck, this will get me unwedged. But if you
really didn't forget anything, try typing `2' now; then
my insertion and my current dilemma will both disappear.

! Missing } inserted.
<inserted text> 
                }
l.376 ...(\ce{\emptyset -> A}, \ce{A -> \emptyset}
                                                  )
I've inserted something that you may have forgotten.
(See the <inserted text> above.)
With luck, this will get me unwedged. But if you
really didn't forget anything, try typing `2' now; then
my insertion and my current dilemma will both disappear.

! Missing } inserted.
<inserted text> 
                }
l.376 ...(\ce{\emptyset -> A}, \ce{A -> \emptyset}
                                                  )
I've inserted something that you may have forgotten.
(See the <inserted text> above.)
With luck, this will get me unwedged. But if you
really didn't forget anything, try typing `2' now; then
my insertion and my current dilemma will both disappear.

! Missing $ inserted.
<inserted text> 
                $
l.376 ...(\ce{\emptyset -> A}, \ce{A -> \emptyset}
                                                  )
I've inserted something that you may have forgotten.
(See the <inserted text> above.)
With luck, this will get me unwedged. But if you
really didn't forget anything, try typing `2' now; then
my insertion and my current dilemma will both disappear.

! Missing } inserted.
<inserted text> 
                }
l.376 ...(\ce{\emptyset -> A}, \ce{A -> \emptyset}
                                                  )
I've inserted something that you may have forgotten.
(See the <inserted text> above.)
With luck, this will get me unwedged. But if you
really didn't forget anything, try typing `2' now; then
my insertion and my current dilemma will both disappear.

! Missing } inserted.
<inserted text> 
                }
l.376 ...(\ce{\emptyset -> A}, \ce{A -> \emptyset}
                                                  )
I've inserted something that you may have forgotten.
(See the <inserted text> above.)
With luck, this will get me unwedged. But if you
really didn't forget anything, try typing `2' now; then
my insertion and my current dilemma will both disappear.

! Missing } inserted.
<inserted text> 
                }
l.376 ...(\ce{\emptyset -> A}, \ce{A -> \emptyset}
                                                  )
I've inserted something that you may have forgotten.
(See the <inserted text> above.)
With luck, this will get me unwedged. But if you
really didn't forget anything, try typing `2' now; then
my insertion and my current dilemma will both disappear.

! Missing $ inserted.
<inserted text> 
                $
l.376 ...(\ce{\emptyset -> A}, \ce{A -> \emptyset}
                                                  )
I've inserted something that you may have forgotten.
(See the <inserted text> above.)
With luck, this will get me unwedged. But if you
really didn't forget anything, try typing `2' now; then
my insertion and my current dilemma will both disappear.

! Missing } inserted.
<inserted text> 
                }
l.376 ...(\ce{\emptyset -> A}, \ce{A -> \emptyset}
                                                  )
I've inserted something that you may have forgotten.
(See the <inserted text> above.)
With luck, this will get me unwedged. But if you
really didn't forget anything, try typing `2' now; then
my insertion and my current dilemma will both disappear.

! Missing } inserted.
<inserted text> 
                }
l.376 ...(\ce{\emptyset -> A}, \ce{A -> \emptyset}
                                                  )
I've inserted something that you may have forgotten.
(See the <inserted text> above.)
With luck, this will get me unwedged. But if you
really didn't forget anything, try typing `2' now; then
my insertion and my current dilemma will both disappear.

! Missing } inserted.
<inserted text> 
                }
l.376 ...(\ce{\emptyset -> A}, \ce{A -> \emptyset}
                                                  )
I've inserted something that you may have forgotten.
(See the <inserted text> above.)
With luck, this will get me unwedged. But if you
really didn't forget anything, try typing `2' now; then
my insertion and my current dilemma will both disappear.

! Missing { inserted.
<to be read again> 
                   \group_end: 
l.376 ...(\ce{\emptyset -> A}, \ce{A -> \emptyset}
                                                  )
A left brace was mandatory here, so I've put one in.
You might want to delete and/or insert some corrections
so that I will find a matching right brace soon.
(If you're confused by all this, try typing `I}' now.)

! Missing } inserted.
<inserted text> 
                }
l.376 ...(\ce{\emptyset -> A}, \ce{A -> \emptyset}
                                                  )
I've inserted something that you may have forgotten.
(See the <inserted text> above.)
With luck, this will get me unwedged. But if you
really didn't forget anything, try typing `2' now; then
my insertion and my current dilemma will both disappear.

! Missing { inserted.
<to be read again> 
                   \group_end: 
l.376 ...(\ce{\emptyset -> A}, \ce{A -> \emptyset}
                                                  )
A left brace was mandatory here, so I've put one in.
You might want to delete and/or insert some corrections
so that I will find a matching right brace soon.
(If you're confused by all this, try typing `I}' now.)

! Missing } inserted.
<inserted text> 
                }
l.376 ...(\ce{\emptyset -> A}, \ce{A -> \emptyset}
                                                  )
I've inserted something that you may have forgotten.
(See the <inserted text> above.)
With luck, this will get me unwedged. But if you
really didn't forget anything, try typing `2' now; then
my insertion and my current dilemma will both disappear.

! Missing { inserted.
<to be read again> 
                   \group_end: 
l.376 ...(\ce{\emptyset -> A}, \ce{A -> \emptyset}
                                                  )
A left brace was mandatory here, so I've put one in.
You might want to delete and/or insert some corrections
so that I will find a matching right brace soon.
(If you're confused by all this, try typing `I}' now.)

! Missing } inserted.
<inserted text> 
                }
l.376 ...(\ce{\emptyset -> A}, \ce{A -> \emptyset}
                                                  )
I've inserted something that you may have forgotten.
(See the <inserted text> above.)
With luck, this will get me unwedged. But if you
really didn't forget anything, try typing `2' now; then
my insertion and my current dilemma will both disappear.

! Missing } inserted.
<inserted text> 
                }
l.376 ...(\ce{\emptyset -> A}, \ce{A -> \emptyset}
                                                  )
I've inserted something that you may have forgotten.
(See the <inserted text> above.)
With luck, this will get me unwedged. But if you
really didn't forget anything, try typing `2' now; then
my insertion and my current dilemma will both disappear.


! Package xcolor Error: Undefined color `CTlink'.

See the xcolor package documentation for explanation.
Type  H <return>  for immediate help.
 ...                                              
                                                  
l.384 ...ensing Motif (Chapter~\ref{ch:validation}
                                                  , Example 5)
Try typing  <return>  to proceed.
If that doesn't work, type  X <return>  to quit.


! Package xcolor Error: Undefined color `CTlink'.

See the xcolor package documentation for explanation.
Type  H <return>  for immediate help.
 ...                                              
                                                  
l.393 ...cal examples (Chapter~\ref{ch:validation}
                                                  )
Try typing  <return>  to proceed.
If that doesn't work, type  X <return>  to quit.


Overfull \hbox (6.8491pt too wide) in paragraph at lines 397--408
 [][] 
 []


Overfull \vbox (6.51149pt too high) has occurred while \output is active []


[173]

! Package xcolor Error: Undefined color `CTlink'.

See the xcolor package documentation for explanation.
Type  H <return>  for immediate help.
 ...                                              
                                                  
l.434 ...t chapter} (Chapter~\ref{ch:case-studies}
                                                  ): Case studies demonstrat...

Try typing  <return>  to proceed.
If that doesn't work, type  X <return>  to quit.

)
Overfull \vbox (6.51149pt too high) has occurred while \output is active []


[174]

! Package xcolor Error: Undefined color `CTtitle'.

See the xcolor package documentation for explanation.
Type  H <return>  for immediate help.
 ...                                              
                                                  
l.76 \part{Evaluation}
                      
Try typing  <return>  to proceed.
If that doesn't work, type  X <return>  to quit.


! Package xcolor Error: Undefined color `Black'.

See the xcolor package documentation for explanation.
Type  H <return>  for immediate help.
 ...                                              
                                                  
l.76 \part{Evaluation}
                      
Try typing  <return>  to proceed.
If that doesn't work, type  X <return>  to quit.


Overfull \vbox (6.51149pt too high) has occurred while \output is active []


[175




]
Overfull \vbox (6.51149pt too high) has occurred while \output is active []


[176]
\openout2 = `Chapters/chapter_12_refactored.aux'.

 (./Chapters/chapter_12_refactored.tex
Chapter 12.

LaTeX Warning: Reference `ch:extended-biopn' on page 177 undefined on input lin
e 7.


! Package xcolor Error: Undefined color `CTlink'.

See the xcolor package documentation for explanation.
Type  H <return>  for immediate help.
 ...                                              
                                                  
l.7 ...ended-biopn}--\ref{ch:biochemical-formulas}
                                                   presented the Extended Bi...

Try typing  <return>  to proceed.
If that doesn't work, type  X <return>  to quit.


! Package xcolor Error: Undefined color `CTlink'.

See the xcolor package documentation for explanation.
Type  H <return>  for immediate help.
 ...                                              
                                                  
l.7 ...o-PN formalism, Chapter~\ref{ch:validation}
                                                   validated it through 16 p...

Try typing  <return>  to proceed.
If that doesn't work, type  X <return>  to quit.


Overfull \hbox (79.7331pt too wide) detected at line 41
 $[][][] \OT1/zplm/m/n/10.95 + [][][]\OT1/pplx/m/n/10.95 2 [][][][] \OT1/zplm/m
/n/10.95 + [][][]\OT1/pplx/m/n/10.95 2 [][] \OT1/zplm/m/n/10.95 + [][][]\OT1/pp
lx/m/n/10.95 2 [][] [] [][][]2 [][] \OT1/zplm/m/n/10.95 + [][][]\OT1/pplx/m/n/1
0.95 2 [][] \OT1/zplm/m/n/10.95 + [][][]\OT1/pplx/m/n/10.95 2 H[][][] \OT1/zplm
/m/n/10.95 + [][][]\OT1/pplx/m/n/10.95 2 [][] \OT1/zplm/m/n/10.95 + [][][][]\OT
1/pplx/m/n/10.95 2 H[][]O$  
 []


Overfull \hbox (2.63353pt too wide) in paragraph at lines 47--48
[]\T1/pplj/b/n/10.95 (-20) Phosphofructokinase-1 (PFK)\T1/pplj/m/n/10.95 (-20) 
: $[][][][]$$[] [] []$$[][][][][]$ (rate-limiting,
 []


Overfull \vbox (6.51149pt too high) has occurred while \output is active []


[177



]
Overfull \vbox (6.51149pt too high) has occurred while \output is active []


[178]
Overfull \hbox (130.16458pt too wide) detected at line 121
 $[][][][][][] []\OT1/pplx/m/n/10.95 C[][]H[][]O[][][][] \OT1/zplm/m/n/10.95 + 
[][][][][][][][][] []\OT1/pplx/m/n/10.95 C[][]H[][]N[][]O[][]P[][][][] [] [][][
][][][][][]G[][]P []C[][]H[][]O[][]P[][] \OT1/zplm/m/n/10.95 + [][][][][][][][]
[] []\OT1/pplx/m/n/10.95 C[][]H[][]N[][]O[][]P[][][][] \OT1/zplm/m/n/10.95 + []
[][]$  
 []


Overfull \vbox (6.51149pt too high) has occurred while \output is active []


[179]
Overfull \hbox (73.96735pt too wide) detected at line 202
 $[][][][][][] \OT1/zplm/m/n/10.95 + [][][]\OT1/pplx/m/n/10.95 3 [][][][] \OT1/
zplm/m/n/10.95 + [][][][] [] [][][]\OT1/pplx/m/n/10.95 2 [][][][] \OT1/zplm/m/n
/10.95 + [][][]\OT1/pplx/m/n/10.95 3 [][] \OT1/zplm/m/n/10.95 + [][][][] + [][]
[]$  
 []


Overfull \vbox (6.51149pt too high) has occurred while \output is active []


[180]

! Package mhchem Error: Assertion failed: Unexpected input character. In case
(mhchem)                you think this is a bug, please contact the package
(mhchem)                author.

Type <return> to continue.
 ...                                              
                                                  
l.214 ... + NAD+ -> α-Ketoglutarate + NADH + CO2}
                                                  

LaTeX does not know anything more about this error, sorry.

Try typing <return> to proceed.
If that doesn't work, type X <return> to quit.



! Package mhchem Error: Assertion failed: Unexpected input character. In case
(mhchem)                you think this is a bug, please contact the package
(mhchem)                author.

Type <return> to continue.
 ...                                              
                                                  
l.215 ...�-KG + NAD+ -> Succinyl-CoA + NADH + CO2}
                                                  

LaTeX does not know anything more about this error, sorry.

Try typing <return> to proceed.
If that doesn't work, type X <return> to quit.



LaTeX Warning: `h' float specifier changed to `ht'.


Overfull \vbox (6.51149pt too high) has occurred while \output is active []


[181]
Overfull \vbox (6.51149pt too high) has occurred while \output is active []


[182]
Overfull \vbox (6.51149pt too high) has occurred while \output is active []


[183]

! Package xcolor Error: Undefined color `CTlink'.

See the xcolor package documentation for explanation.
Type  H <return>  for immediate help.
 ...                                              
                                                  
l.414 ...xt chapter} (Chapter~\ref{ch:performance}
                                                  ): Comprehensive performan...

Try typing  <return>  to proceed.
If that doesn't work, type  X <return>  to quit.

)
Overfull \vbox (6.51149pt too high) has occurred while \output is active []


[184]
\openout2 = `Chapters/chapter_13_refactored.aux'.

 (./Chapters/chapter_13_refactored.tex
Chapter 13.

! Package xcolor Error: Undefined color `CTlink'.

See the xcolor package documentation for explanation.
Type  H <return>  for immediate help.
 ...                                              
                                                  
l.7 Chapter~\ref{ch:case-studies}
                                  demonstrated biological validity through t...

Try typing  <return>  to proceed.
If that doesn't work, type  X <return>  to quit.


! Package xcolor Error: Undefined color `CTlink'.

See the xcolor package documentation for explanation.
Type  H <return>  for immediate help.
 ...                                              
                                                  
l.19 ... examples from Chapter~\ref{ch:validation}
                                                  
Try typing  <return>  to proceed.
If that doesn't work, type  X <return>  to quit.


Overfull \vbox (6.51149pt too high) has occurred while \output is active []


[185





]
Overfull \hbox (10.61662pt too wide) detected at line 76
 $[] \OT1/zplm/m/n/10.95 = \OT1/pplx/m/n/10.95 0.02[]$  
 []


Overfull \vbox (6.51149pt too high) has occurred while \output is active []


[186]

LaTeX Warning: `h' float specifier changed to `ht'.


Overfull \vbox (6.51149pt too high) has occurred while \output is active []


[187]
Overfull \hbox (1.43005pt too wide) in paragraph at lines 254--264
 [][] 
 []


Overfull \vbox (6.51149pt too high) has occurred while \output is active []


[188]

LaTeX Warning: `h' float specifier changed to `ht'.


Overfull \vbox (6.51149pt too high) has occurred while \output is active []


[189])
Overfull \vbox (6.51149pt too high) has occurred while \output is active []


[190]

! Package xcolor Error: Undefined color `CTtitle'.

See the xcolor package documentation for explanation.
Type  H <return>  for immediate help.
 ...                                              
                                                  
l.81 \part{Synthesis}
                     
Try typing  <return>  to proceed.
If that doesn't work, type  X <return>  to quit.


! Package xcolor Error: Undefined color `Black'.

See the xcolor package documentation for explanation.
Type  H <return>  for immediate help.
 ...                                              
                                                  
l.81 \part{Synthesis}
                     
Try typing  <return>  to proceed.
If that doesn't work, type  X <return>  to quit.


Overfull \vbox (6.51149pt too high) has occurred while \output is active []


[191




]
Overfull \vbox (6.51149pt too high) has occurred while \output is active []


[192]
\openout2 = `Chapters/chapter_14_refactored.aux'.

 (./Chapters/chapter_14_refactored.tex
Chapter 14.

! Package xcolor Error: Undefined color `CTlink'.

See the xcolor package documentation for explanation.
Type  H <return>  for immediate help.
 ...                                              
                                                  
l.10 ...s answered} (Section~\ref{sec:rq-answered}
                                                  )
Try typing  <return>  to proceed.
If that doesn't work, type  X <return>  to quit.


! Package xcolor Error: Undefined color `CTlink'.

See the xcolor package documentation for explanation.
Type  H <return>  for immediate help.
 ...                                              
                                                  
l.11 ...ssessment} (Section~\ref{sec:bio-validity}
                                                  )
Try typing  <return>  to proceed.
If that doesn't work, type  X <return>  to quit.


! Package xcolor Error: Undefined color `CTlink'.

See the xcolor package documentation for explanation.
Type  H <return>  for immediate help.
 ...                                              
                                                  
l.12 ...butions} (Section~\ref{sec:theory-contrib}
                                                  )
Try typing  <return>  to proceed.
If that doesn't work, type  X <return>  to quit.


! Package xcolor Error: Undefined color `CTlink'.

See the xcolor package documentation for explanation.
Type  H <return>  for immediate help.
 ...                                              
                                                  
l.13 ...mpact} (Section~\ref{sec:practical-impact}
                                                  )
Try typing  <return>  to proceed.
If that doesn't work, type  X <return>  to quit.


! Package xcolor Error: Undefined color `CTlink'.

See the xcolor package documentation for explanation.
Type  H <return>  for immediate help.
 ...                                              
                                                  
l.14 ...ssumptions} (Section~\ref{sec:limitations}
                                                  )
Try typing  <return>  to proceed.
If that doesn't work, type  X <return>  to quit.


! Package xcolor Error: Undefined color `CTlink'.

See the xcolor package documentation for explanation.
Type  H <return>  for immediate help.
 ...                                              
                                                  
l.15 ...ork} (Section~\ref{sec:related-comparison}
                                                  )
Try typing  <return>  to proceed.
If that doesn't work, type  X <return>  to quit.


! Package xcolor Error: Undefined color `CTlink'.

See the xcolor package documentation for explanation.
Type  H <return>  for immediate help.
 ...                                              
                                                  
l.16 ...s} (Section~\ref{sec:broader-implications}
                                                  )
Try typing  <return>  to proceed.
If that doesn't work, type  X <return>  to quit.


! Package xcolor Error: Undefined color `CTlink'.

See the xcolor package documentation for explanation.
Type  H <return>  for immediate help.
 ...                                              
                                                  
l.22 Chapter~\ref{ch:introduction}
                                   posed six research questions. We now addr...

Try typing  <return>  to proceed.
If that doesn't work, type  X <return>  to quit.


! Package xcolor Error: Undefined color `CTlink'.

See the xcolor package documentation for explanation.
Type  H <return>  for immediate help.
 ...                                              
                                                  
l.29 ...f{Yes}. Chapter~\ref{ch:weak-independence}
                                                   presented weak independence:

Try typing  <return>  to proceed.
If that doesn't work, type  X <return>  to quit.


! LaTeX Error: Environment definition undefined.

See the LaTeX manual or LaTeX Companion for explanation.
Type  H <return>  for immediate help.
 ...                                              
                                                  
l.31 \begin{definition}
                       [Weak Independence]
Your command was ignored.
Type  I <command> <return>  to replace it with another command,
or  <return>  to continue without it.


! LaTeX Error: \begin{document} ended by \end{definition}.

See the LaTeX manual or LaTeX Companion for explanation.
Type  H <return>  for immediate help.
 ...                                              
                                                  
l.36 \end{definition}
                     
Your command was ignored.
Type  I <command> <return>  to replace it with another command,
or  <return>  to continue without it.


! Package xcolor Error: Undefined color `CTlink'.

See the xcolor package documentation for explanation.
Type  H <return>  for immediate help.
 ...                                              
                                                  
l.46 ...mes$ speedup, Chapter~\ref{ch:performance}
                                                  )
Try typing  <return>  to proceed.
If that doesn't work, type  X <return>  to quit.


Overfull \vbox (6.51149pt too high) has occurred while \output is active []


[193



]

LaTeX Warning: Reference `ch:hybrid-simulation' on page 194 undefined on input 
line 83.


Overfull \vbox (6.51149pt too high) has occurred while \output is active []


[194]
Overfull \hbox (10.34406pt too wide) in paragraph at lines 127--128
[]\T1/pplj/b/n/10.95 (-20) Formula func-tion $\OMS/zplm/m/n/10.95 K \OT1/zplm/m
/n/10.95 : \OML/zplm/m/it/10.95 P \OMS/zplm/m/n/10.95 ! []$ \T1/pplj/m/n/10.95 
(-20) (Hill no-ta-tion: $[][][][][][][][][]$) 
 []


! Package xcolor Error: Undefined color `CTlink'.

See the xcolor package documentation for explanation.
Type  H <return>  for immediate help.
 ...                                              
                                                  
l.144 ...l balanced (Chapter~\ref{ch:case-studies}
                                                  )
Try typing  <return>  to proceed.
If that doesn't work, type  X <return>  to quit.


Overfull \vbox (6.51149pt too high) has occurred while \output is active []


[195]
Overfull \vbox (6.51149pt too high) has occurred while \output is active []


[196]
Overfull \hbox (65.71811pt too wide) in paragraph at lines 227--237
 [][] 
 []


Overfull \hbox (18.26364pt too wide) in paragraph at lines 252--262
 [][] 
 []


LaTeX Warning: `h' float specifier changed to `ht'.


Overfull \hbox (36.16132pt too wide) in paragraph at lines 277--287
 [][] 
 []


LaTeX Warning: `h' float specifier changed to `ht'.


Overfull \vbox (6.51149pt too high) has occurred while \output is active []


[197]
Overfull \hbox (165.14323pt too wide) in paragraph at lines 305--314
 [][] 
 []


Overfull \vbox (6.51149pt too high) has occurred while \output is active []


[198]

LaTeX Warning: Reference `ch:hybrid-simulation' on page 199 undefined on input 
line 342.


Overfull \vbox (6.51149pt too high) has occurred while \output is active []


[199]
Overfull \hbox (37.90565pt too wide) in paragraph at lines 387--397
 [][] 
 []


Overfull \vbox (6.51149pt too high) has occurred while \output is active []


[200]

LaTeX Warning: `h' float specifier changed to `ht'.


Overfull \hbox (11.82037pt too wide) in paragraph at lines 489--501
 [][] 
 []


LaTeX Warning: `h' float specifier changed to `ht'.


Overfull \vbox (6.51149pt too high) has occurred while \output is active []


[201]
Overfull \vbox (6.51149pt too high) has occurred while \output is active []


[202]

! Package xcolor Error: Undefined color `CTlink'.

See the xcolor package documentation for explanation.
Type  H <return>  for immediate help.
 ...                                              
                                                  
l.551 ...ref{sec:rq-answered}: Research Questions}
                                                  
Try typing  <return>  to proceed.
If that doesn't work, type  X <return>  to quit.


Overfull \hbox (1.38962pt too wide) in paragraph at lines 557--558
[]\T1/pplj/m/n/10.95 (-20) RQ5 (Auto pa-ram-e-ters): Yes, BRENDA in-te-gra-tion
, 200$\OMS/zplm/m/n/10.95 ^^B$ \T1/pplj/m/n/10.95 (-20) speedup 
 []


! Package xcolor Error: Undefined color `CTlink'.

See the xcolor package documentation for explanation.
Type  H <return>  for immediate help.
 ...                                              
                                                  
l.561 ...f{sec:bio-validity}: Biological Validity}
                                                  
Try typing  <return>  to proceed.
If that doesn't work, type  X <return>  to quit.


! Package xcolor Error: Undefined color `CTlink'.

See the xcolor package documentation for explanation.
Type  H <return>  for immediate help.
 ...                                              
                                                  
l.568 ...eory-contrib}: Theoretical Contributions}
                                                  
Try typing  <return>  to proceed.
If that doesn't work, type  X <return>  to quit.


! Package xcolor Error: Undefined color `CTlink'.

See the xcolor package documentation for explanation.
Type  H <return>  for immediate help.
 ...                                              
                                                  
l.576 ...{sec:practical-impact}: Practical Impact}
                                                  
Try typing  <return>  to proceed.
If that doesn't work, type  X <return>  to quit.


! Package xcolor Error: Undefined color `CTlink'.

See the xcolor package documentation for explanation.
Type  H <return>  for immediate help.
 ...                                              
                                                  
l.583 ...ction~\ref{sec:limitations}: Limitations}
                                                  
Try typing  <return>  to proceed.
If that doesn't work, type  X <return>  to quit.


! Package xcolor Error: Undefined color `CTlink'.

See the xcolor package documentation for explanation.
Type  H <return>  for immediate help.
 ...                                              
                                                  
l.589 ...omparison}: Comparison with Related Work}
                                                  
Try typing  <return>  to proceed.
If that doesn't work, type  X <return>  to quit.


Overfull \vbox (6.51149pt too high) has occurred while \output is active []


[203]

! Package xcolor Error: Undefined color `CTlink'.

See the xcolor package documentation for explanation.
Type  H <return>  for immediate help.
 ...                                              
                                                  
l.596 ...ader-implications}: Broader Implications}
                                                  
Try typing  <return>  to proceed.
If that doesn't work, type  X <return>  to quit.


! Package xcolor Error: Undefined color `CTlink'.

See the xcolor package documentation for explanation.
Type  H <return>  for immediate help.
 ...                                              
                                                  
l.605 ...ext chapter} (Chapter~\ref{ch:conclusion}
                                                  ): Conclusion and Future W...

Try typing  <return>  to proceed.
If that doesn't work, type  X <return>  to quit.

)
Overfull \vbox (6.51149pt too high) has occurred while \output is active []


[204]
\openout2 = `Chapters/chapter_15_refactored.aux'.

 (./Chapters/chapter_15_refactored.tex
Chapter 15.

Overfull \vbox (6.51149pt too high) has occurred while \output is active []


[205





]
Overfull \hbox (8.66032pt too wide) in paragraph at lines 72--73
\T1/pplj/b/n/10.95 (-20) Contribution\T1/pplj/m/n/10.95 (-20) : Au-to-matic ver
-i-fi-ca-tion of el-e-men-tal bal-ance with database-
 []


Overfull \vbox (6.51149pt too high) has occurred while \output is active []


[206]
Overfull \vbox (6.51149pt too high) has occurred while \output is active []


[207]
Overfull \vbox (6.51149pt too high) has occurred while \output is active []


[208]
Overfull \vbox (6.51149pt too high) has occurred while \output is active []


[209]
Overfull \vbox (6.51149pt too high) has occurred while \output is active []


[210]
Overfull \hbox (30.70668pt too wide) in paragraph at lines 320--321
[]\T1/pplj/b/n/10.95 (-20) Quasi-steady-state ap-prox-i-ma-tion\T1/pplj/m/n/10.
95 (-20) : Elim-i-nate fast equi-lib-ria ($\OML/zplm/m/it/10.95 d\OT1/zplm/m/n/
10.95 [\OML/zplm/m/it/10.95 X\OT1/zplm/m/n/10.95 ]/\OML/zplm/m/it/10.95 dt \OMS
/zplm/m/n/10.95 ^^Y
 []


Overfull \vbox (6.51149pt too high) has occurred while \output is active []


[211]
Overfull \hbox (3.40602pt too wide) in paragraph at lines 335--336
[]\T1/pplj/b/n/10.95 (-20) Abstract in-ter-pre-ta-tion\T1/pplj/m/n/10.95 (-20) 
: Over-approximate con-tin-u-ous state space
 []


Overfull \vbox (6.51149pt too high) has occurred while \output is active []


[212]
Overfull \vbox (6.51149pt too high) has occurred while \output is active []


[213]
Overfull \vbox (6.51149pt too high) has occurred while \output is active []


[214]
Overfull \hbox (4.13797pt too wide) in paragraph at lines 472--473
\T1/pplj/m/n/10.95 (-20) or-ous for-malisms can be \T1/pplj/b/n/10.95 (-20) ac-
ces-si-ble \T1/pplj/m/n/10.95 (-20) (vi-sual, in-ter-ac-tive, error-correcting)
. 
 []


Overfull \vbox (6.51149pt too high) has occurred while \output is active []


[215]
Overfull \vbox (6.51149pt too high) has occurred while \output is active []


[216]
Overfull \vbox (6.51149pt too high) has occurred while \output is active []


[217]

! Package xcolor Error: Undefined color `CTlink'.

See the xcolor package documentation for explanation.
Type  H <return>  for immediate help.
 ...                                              
                                                  
l.594 ...{Section~\ref{sec:summary-contributions}}
                                                  : Summarized four core con...

Try typing  <return>  to proceed.
If that doesn't work, type  X <return>  to quit.


! Package xcolor Error: Undefined color `CTlink'.

See the xcolor package documentation for explanation.
Type  H <return>  for immediate help.
 ...                                              
                                                  
l.596 \textbf{Section~\ref{sec:validation-eval}}
                                                : Recapped validation (16 ex...

Try typing  <return>  to proceed.
If that doesn't work, type  X <return>  to quit.


! Package xcolor Error: Undefined color `CTlink'.

See the xcolor package documentation for explanation.
Type  H <return>  for immediate help.
 ...                                              
                                                  
l.598 \textbf{Section~\ref{sec:research-impact}}
                                                : Assessed impact (theoretic...

Try typing  <return>  to proceed.
If that doesn't work, type  X <return>  to quit.


! Package xcolor Error: Undefined color `CTlink'.

See the xcolor package documentation for explanation.
Type  H <return>  for immediate help.
 ...                                              
                                                  
l.600 ...{Section~\ref{sec:limitations-revisited}}
                                                  : Revisited limitations (s...

Try typing  <return>  to proceed.
If that doesn't work, type  X <return>  to quit.


! Package xcolor Error: Undefined color `CTlink'.

See the xcolor package documentation for explanation.
Type  H <return>  for immediate help.
 ...                                              
                                                  
l.602 \textbf{Section~\ref{sec:future-work}}
                                            : Outlined future work:
Try typing  <return>  to proceed.
If that doesn't work, type  X <return>  to quit.


! Package xcolor Error: Undefined color `CTlink'.

See the xcolor package documentation for explanation.
Type  H <return>  for immediate help.
 ...                                              
                                                  
l.609 \textbf{Section~\ref{sec:open-problems}}
                                              : Posed six open problems (wea...

Try typing  <return>  to proceed.
If that doesn't work, type  X <return>  to quit.


! Package xcolor Error: Undefined color `CTlink'.

See the xcolor package documentation for explanation.
Type  H <return>  for immediate help.
 ...                                              
                                                  
l.611 ...tbf{Section~\ref{sec:concluding-remarks}}
                                                  : Concluded with vision (p...

Try typing  <return>  to proceed.
If that doesn't work, type  X <return>  to quit.


! Package xcolor Error: Undefined color `CTlink'.

See the xcolor package documentation for explanation.
Type  H <return>  for immediate help.
 ...                                              
                                                  
l.613 \textbf{Section~\ref{sec:deliverables}}
                                             : Listed deliverables (formalis...

Try typing  <return>  to proceed.
If that doesn't work, type  X <return>  to quit.

)
Overfull \vbox (6.51149pt too high) has occurred while \output is active []


[218]

! Package xcolor Error: Undefined color `CTtitle'.

See the xcolor package documentation for explanation.
Type  H <return>  for immediate help.
 ...                                              
                                                  
l.90 \part{Appendix}
                    
Try typing  <return>  to proceed.
If that doesn't work, type  X <return>  to quit.


! Package xcolor Error: Undefined color `Black'.

See the xcolor package documentation for explanation.
Type  H <return>  for immediate help.
 ...                                              
                                                  
l.90 \part{Appendix}
                    
Try typing  <return>  to proceed.
If that doesn't work, type  X <return>  to quit.


Overfull \vbox (6.51149pt too high) has occurred while \output is active []


[219






]
Overfull \vbox (6.51149pt too high) has occurred while \output is active []


[220]
\openout2 = `FrontBackmatter/Bibliography.aux'.

 (./FrontBackmatter/Bibliography.tex

! Package xcolor Error: Undefined color `CTurl'.

See the xcolor package documentation for explanation.
Type  H <return>  for immediate help.
 ...                                              
                                                  
l.3 \printbibliography[heading=bibintoc]
                                        
Try typing  <return>  to proceed.
If that doesn't work, type  X <return>  to quit.


! Package xcolor Error: Undefined color `CTurl'.

See the xcolor package documentation for explanation.
Type  H <return>  for immediate help.
 ...                                              
                                                  
l.3 \printbibliography[heading=bibintoc]
                                        
Try typing  <return>  to proceed.
If that doesn't work, type  X <return>  to quit.


! Package xcolor Error: Undefined color `CTurl'.

See the xcolor package documentation for explanation.
Type  H <return>  for immediate help.
 ...                                              
                                                  
l.3 \printbibliography[heading=bibintoc]
                                        
Try typing  <return>  to proceed.
If that doesn't work, type  X <return>  to quit.


Overfull \hbox (15.47678pt too wide) in paragraph at lines 3--3
\T1/pplj/m/n/10.95 (-20) Chris-tian Heldt, Gre-gor Huhn, and Di-et-mar Schom-bu
rg. ^^P  BRENDA,
 []

)
Overfull \vbox (6.51149pt too high) has occurred while \output is active []


[221







] (./thesis.aux (./FrontBackmatter/Titlepage.aux)
(./FrontBackmatter/Titleback.aux) (./FrontBackmatter/Abstract.aux)
(./FrontBackmatter/Acknowledgments.aux) (./FrontBackmatter/Contents.aux)
(./Chapters/chapter_01_refactored.aux) (./Chapters/chapter_02_refactored.aux)
(./Chapters/chapter_03_refactored.aux) (./Chapters/chapter_04_refactored.aux)
(./Chapters/chapter_05_refactored.aux) (./Chapters/chapter_06_refactored.aux)
(./Chapters/chapter_07_refactored.aux) (./Chapters/chapter_08_refactored.aux)
(./Chapters/chapter_09_refactored.aux) (./Chapters/chapter_10_refactored.aux)
(./Chapters/chapter_11_refactored.aux) (./Chapters/chapter_12_refactored.aux)
(./Chapters/chapter_13_refactored.aux) (./Chapters/chapter_14_refactored.aux)
(./Chapters/chapter_15_refactored.aux) (./FrontBackmatter/Bibliography.aux)

Package mparhack Warning: Marginpars may have changed.
(mparhack)                Rerun to get them right.

)
 ***********
LaTeX2e <2023-11-01> patch level 1
L3 programming layer <2020/03/25>
 ***********


 *File List*
scrreprt.cls    2023/07/07 v3.41 KOMA-Script document class (report)
scrkbase.sty    2023/07/07 v3.41 KOMA-Script package (KOMA-Script-dependent bas
ics and keyval usage)
 scrbase.sty    2023/07/07 v3.41 KOMA-Script package (KOMA-Script-independent b
asics and keyval usage)
scrlfile.sty    2023/07/07 v3.41 KOMA-Script package (file load hooks)
scrlfile-hook.sty    2023/07/07 v3.41 KOMA-Script package (using LaTeX hooks)
 scrlogo.sty    2023/07/07 v3.41 KOMA-Script package (logo)
  keyval.sty    2022/05/29 v1.15 key=value parser (DPC)
tocbasic.sty    2023/07/07 v3.41 KOMA-Script package (handling toc-files)
scrsize11pt.clo    2023/07/07 v3.41 KOMA-Script font size class option (11pt)
typearea.sty    2023/07/07 v3.41 KOMA-Script package (type area)
classicthesis-config.tex
inputenc.sty    2021/02/14 v1.3d Input encoding file
 fontenc.sty    2021/04/29 v2.0v Standard LaTeX package
   babel.sty    2024/01/07 v24.1 The Babel package
american.ldf    2017/06/06 v3.3r English support from the babel system
babel-american.tex
csquotes.sty    2022-09-14 v5.2n context-sensitive quotations (JAW)
etoolbox.sty    2020/10/05 v2.5k e-TeX tools for LaTeX (JAW)
csquotes.def    2022-09-14 v5.2n csquotes generic definitions (JAW)
csquotes.cfg    
biblatex.sty    2023/03/05 v3.19 programmable bibliographies (PK/MW)
pdftexcmds.sty    2020-06-27 v0.33 Utility functions of pdfTeX for LuaTeX (HO)
infwarerr.sty    2019/12/03 v1.5 Providing info/warning/error messages (HO)
   iftex.sty    2022/02/03 v1.0f TeX engine tests
 ltxcmds.sty    2023-12-04 v1.26 LaTeX kernel commands for general use (HO)
kvoptions.sty    2022-06-15 v3.15 Key value format for package options (HO)
kvsetkeys.sty    2022-10-05 v1.19 Key value parser (HO)
  logreq.sty    2010/08/04 v1.0 xml request logger
  logreq.def    2010/08/04 v1.0 logreq spec v1.0
  ifthen.sty    2022/04/13 v1.1d Standard LaTeX ifthen package (DPC)
     url.sty    2013/09/16  ver 3.4  Verb mode for urls, etc.
  blx-dm.def    2023/03/05 v3.19 biblatex localization (PK/MW)
blx-compat.def    2023/03/05 v3.19 biblatex compatibility (PK/MW)
blx-bibtex.def    2023/03/05 v3.19 biblatex compatibility (PK/MW)
biblatex.def    2023/03/05 v3.19 biblatex compatibility (PK/MW)
blx-natbib.def    2023/03/05 v3.19 biblatex compatibility (PK/MW)
standard.bbx    2023/03/05 v3.19 biblatex bibliography style (PK/MW)
 numeric.bbx    2023/03/05 v3.19 biblatex bibliography style (PK/MW)
numeric-comp.bbx    2023/03/05 v3.19 biblatex bibliography style (PK/MW)
numeric-comp.cbx    2023/03/05 v3.19 biblatex citation style (PK/MW)
biblatex.cfg    
   expl3.sty    2024-01-22 L3 programming layer (loader) 
l3backend-pdftex.def    2024-01-04 L3 backend support: PDF output (pdfTeX)
blx-case-expl3.sty    2023/03/05 v3.19 expl3 case changing code for biblatex
  xparse.sty    2023-10-10 L3 Experimental document command parser
 amsmath.sty    2023/05/13 v2.17o AMS math features
 amstext.sty    2021/08/26 v2.01 AMS text
  amsgen.sty    1999/11/30 v2.0 generic functions
  amsbsy.sty    1999/11/29 v1.2d Bold Symbols
  amsopn.sty    2022/04/08 v2.04 operator names
graphicx.sty    2021/09/16 v1.2d Enhanced LaTeX Graphics (DPC,SPQR)
graphics.sty    2022/03/10 v1.4e Standard LaTeX Graphics (DPC,SPQR)
    trig.sty    2021/08/11 v1.11 sin cos tan (DPC)
graphics.cfg    2016/06/04 v1.11 sample graphics configuration
  pdftex.def    2022/09/22 v1.2b Graphics/color driver for pdftex
 scrhack.sty    2023/07/07 v3.41 KOMA-Script package (hacking other packages)
  xpatch.sty    2020/03/25 v0.3a Extending etoolbox patching commands
  xspace.sty    2014/10/28 v1.13 Space after command names (DPC,MH)
 amssymb.sty    2013/01/14 v3.01 AMS font symbols
amsfonts.sty    2013/01/14 v3.01 Basic AMSFonts support
  amsthm.sty    2020/05/29 v2.20.6
booktabs.sty    2020/01/12 v1.61803398 Publication quality tables
  mhchem.sty    2024/01/29 v4.10 for typesetting chemical formulae
l3keys2e.sty    2023-10-10 LaTeX2e option processing using LaTeX3 keys
    calc.sty    2023/07/08 v4.3 Infix arithmetic (KKT,FJ)
chemgreek.sty    2020/01/16 v1.1a interface for upright Greek letters for use i
n chemistry (CN)
    tikz.sty    2023-01-15 v3.1.10 (3.1.10)
     pgf.sty    2023-01-15 v3.1.10 (3.1.10)
  pgfrcs.sty    2023-01-15 v3.1.10 (3.1.10)
pgfrcs.code.tex
 pgfcore.sty    2023-01-15 v3.1.10 (3.1.10)
  pgfsys.sty    2023-01-15 v3.1.10 (3.1.10)
pgfsys.code.tex
pgfsyssoftpath.code.tex    2023-01-15 v3.1.10 (3.1.10)
pgfsysprotocol.code.tex    2023-01-15 v3.1.10 (3.1.10)
  xcolor.sty    2023/11/15 v3.01 LaTeX color extensions (UK)
   color.cfg    2016/01/02 v1.6 sample color configuration
mathcolor.ltx
pgfcore.code.tex
pgfcomp-version-0-65.sty    2023-01-15 v3.1.10 (3.1.10)
pgfcomp-version-1-18.sty    2023-01-15 v3.1.10 (3.1.10)
  pgffor.sty    2023-01-15 v3.1.10 (3.1.10)
 pgfkeys.sty    
pgfkeys.code.tex
 pgfmath.sty    
pgfmath.code.tex
pgffor.code.tex
tikz.code.tex
algorithm.sty    2009/08/24 v0.1 Document Style `algorithm' - floating environm
ent
   float.sty    2001/11/08 v1.3d Float enhancements (AL)
   float.hak    2023/07/07 v3.41 KOMA-Script scrhack part (hacking package floa
t)
algpseudocode.sty    
algorithmicx.sty    2005/04/27 v1.2 Algorithmicx
longtable.sty    2023-11-01 v4.19 Multi-page Table package (DPC)
 acronym.sty    2020/04/17 v1.47 Support for acronyms (Tobias Oetiker)
  suffix.sty    2006/07/15 1.5a Variant command support
 xstring.sty    2023/08/22 v1.86 String manipulations (CT)
 relsize.sty    2013/03/29 ver 4.1
tabularx.sty    2023/07/08 v2.11c `tabularx' package (DPC)
   array.sty    2023/10/16 v2.5g Tabular extension package (FMi)
  subfig.sty    2005/06/28 ver: 1.3 subfig package
 caption.sty    2023/08/05 v3.6o Customizing captions (AR)
caption3.sty    2023/07/31 v2.4d caption3 kernel (AR)
caption-koma.sto    2023/09/08 v2.0e Adaption of the caption package to the KOM
A-Script document classes (AR)
ltcaption.sty    2021/01/08 v1.4c longtable captions (AR)
listings.sty    2023/02/27 1.9 (Carsten Heinz)
 lstmisc.sty    2023/02/27 1.9 (Carsten Heinz)
listings.cfg    2023/02/27 1.9 listings configuration
listings.hak    2023/07/07 v3.41 KOMA-Script scrhack part (hacking package list
ings)
lstlang1.sty    2023/02/27 1.9 listings language file
lstlang2.sty    2023/02/27 1.9 listings language file
lstlang3.sty    2023/02/27 1.9 listings language file
lstlang1.sty    2023/02/27 1.9 listings language file
lstlang2.sty    2023/02/27 1.9 listings language file
lstlang3.sty    2023/02/27 1.9 listings language file
lstlang1.sty    2023/02/27 1.9 listings language file
lstlang2.sty    2023/02/27 1.9 listings language file
lstlang3.sty    2023/02/27 1.9 listings language file
 lstmisc.sty    2023/02/27 1.9 (Carsten Heinz)
classicthesis.sty    2025/02/02 v4.8 Typographic style for a classic-looking th
esis
   ifpdf.sty    2019/10/25 v3.4 ifpdf legacy package. Use iftex instead.
 ifxetex.sty    2019/10/25 v0.7 ifxetex legacy package. Use iftex instead.
ifluatex.sty    2019/10/25 v1.5 ifluatex legacy package. Use iftex instead.
mathpazo.sty    2020/03/25 PSNFSS-v9.3 Palatino w/ Pazo Math (D.Puga, WaS) 
  t1pplj.fd    2004/09/06 font definitions for T1/pplj.
microtype.sty    2023/03/13 v3.1a Micro-typographical refinements (RS)
microtype-pdftex.def    2023/03/13 v3.1a Definitions specific to pdftex (RS)
microtype.cfg    2023/03/13 v3.1a microtype main configuration file (RS)
mparhack.sty    2021-05-02 v1.5 (T. Sgouros and S. Ulrich)
textcase.sty    2023/07/27 v1.04 Text only upper/lower case changing (DPC)
scrlayer-scrpage.sty    2023/07/07 v3.41 KOMA-Script package (end user interfac
e for scrlayer)
scrlayer.sty    2023/07/07 v3.41 KOMA-Script package (defining layers and page 
styles)
titlesec.sty    2023/10/27 v2.16 Sectioning titles
 tocloft.sty    2017/08/31 v2.3i parameterised ToC, etc., typesetting
 scrtime.sty    2023/07/07 v3.41 KOMA-Script package (time of LaTeX run)
prelim2e.sty    2020/11/24 v2.0 prelim2e Package
hyperref.sty    2024-01-20 v7.01h Hypertext links for LaTeX
kvdefinekeys.sty    2019-12-19 v1.6 Define keys (HO)
pdfescape.sty    2019/12/09 v1.15 Implements pdfTeX's escape features (HO)
 hycolor.sty    2020-01-27 v1.10 Color options for hyperref/bookmark (HO)
 auxhook.sty    2019-12-17 v1.6 Hooks for auxiliary files (HO)
 nameref.sty    2023-11-26 v2.56 Cross-referencing by name of section
refcount.sty    2019/12/15 v3.6 Data extraction from label references (HO)
gettitlestring.sty    2019/12/15 v1.6 Cleanup title references (HO)
  pd1enc.def    2024-01-20 v7.01h Hyperref: PDFDocEncoding definition (HO)
 intcalc.sty    2019/12/15 v1.3 Expandable calculations with integers (HO)
   puenc.def    2024-01-20 v7.01h Hyperref: PDF Unicode definition (HO)
  bitset.sty    2019/12/09 v1.3 Handle bit-vector datatype (HO)
bigintcalc.sty    2019/12/15 v1.5 Expandable calculations on big integers (HO)
atbegshi-ltx.sty    2021/01/10 v1.0c Emulation of the original atbegshi
package with kernel methods
 hpdftex.def    2024-01-20 v7.01h Hyperref driver for pdfTeX
atveryend-ltx.sty    2020/08/19 v1.0a Emulation of the original atveryend packa
ge
with kernel methods
rerunfilecheck.sty    2022-07-10 v1.10 Rerun checks for auxiliary files (HO)
uniquecounter.sty    2019/12/15 v1.4 Provide unlimited unique counter (HO)
newunicodechar.sty    2018/04/08 v1.2 Defining Unicode characters
  pifont.sty    2020/03/25 PSNFSS-v9.3 Pi font support (SPQR) 
    upzd.fd    2001/06/04 font definitions for U/pzd.
    upsy.fd    2001/06/04 font definitions for U/psy.
 english.lbx    2023/03/05 v3.19 biblatex localization (PK/MW)
american.lbx    2023/03/05 v3.19 biblatex localization (PK/MW)
  thesis.bbl
supp-pdf.mkii
epstopdf-base.sty    2020-01-24 v2.11 Base part for package epstopdf
epstopdf-sys.cfg    2010/07/13 v1.3 Configuration of (r)epstopdf for TeX Live
  mt-ppl.cfg    2005/11/16 v1.6 microtype config. file: Palatino (RS)
  thesis.out
  thesis.out
bookmark.sty    2023-12-10 v1.31 PDF bookmarks (HO)
bkm-pdftex.def    2023-12-10 v1.31 bookmark driver for pdfTeX and luaTeX (HO)
FrontBackmatter/Titlepage.tex
FrontBackmatter/Titleback.tex
FrontBackmatter/Abstract.tex
 ot1pplx.fd    2004/09/06 font definitions for OT1/pplx.
 omlzplm.fd    2002/09/08 Fontinst v1.914 font definitions for OML/zplm.
 omszplm.fd    2002/09/08 Fontinst v1.914 font definitions for OMS/zplm.
 omxzplm.fd    2002/09/08 Fontinst v1.914 font definitions for OMX/zplm.
  mt-msa.cfg    2006/02/04 v1.1 microtype config. file: AMS symbols (a) (RS)
  mt-msb.cfg    2005/06/01 v1.0 microtype config. file: AMS symbols (b) (RS)
 ot1zplm.fd    2002/09/08 Fontinst v1.914 font definitions for OT1/zplm.
 ts1pplj.fd    2004/09/06 font definitions for TS1/pplj.
FrontBackmatter/Acknowledgments.tex
FrontBackmatter/Contents.tex
Chapters/chapter_01_refactored.tex
Chapters/chapter_02_refactored.tex
 ufplmbb.fd    2003/10/30 Fontinst v1.914 font definitions for U/fplmbb.
Chapters/chapter_03_refactored.tex
gfx/lac_operon.pdf
Chapters/chapter_04_refactored.tex
  t1cmtt.fd    2023/04/13 v2.5m Standard LaTeX font definitions
gfx/hexokinase.pdf
Chapters/chapter_05_refactored.tex
gfx/strong_independence.pdf
gfx/convergent_synthesis.pdf
gfx/shared_catalyst.pdf
gfx/feedback_regulation.pdf
gfx/conflict_mode.pdf
gfx/convergent_mode.pdf
gfx/regulatory_mode.pdf
Chapters/chapter_06_refactored.tex
Chapters/chapter_07_refactored.tex
Chapters/chapter_08_refactored.tex
Chapters/chapter_09_refactored.tex
Chapters/chapter_10_refactored.tex
 ts1cmtt.fd    2023/04/13 v2.5m Standard LaTeX font definitions
Chapters/chapter_11_refactored.tex
Chapters/chapter_12_refactored.tex
Chapters/chapter_13_refactored.tex
Chapters/chapter_14_refactored.tex
Chapters/chapter_15_refactored.tex
FrontBackmatter/Bibliography.tex
 ***********


LaTeX Warning: There were undefined references.


LaTeX Warning: There were multiply-defined labels.

Package rerunfilecheck Info: File `thesis.out' has not changed.
(rerunfilecheck)             Checksum: D41D8CD98F00B204E9800998ECF8427E;0.
Package logreq Info: Writing requests to 'thesis.run.xml'.
\openout1 = `thesis.run.xml'.

 )
(\end occurred inside a group at level 1)

### semi simple group (level 1) entered at line 1 (\begingroup)
### bottom level 
Here is how much of TeX's memory you used:
 50398 strings out of 476106
 993791 string characters out of 5793932
 1954975 words of memory out of 5000000
 68697 multiletter control sequences out of 15000+600000
 741667 words of font info for 989 fonts, out of 8000000 for 9000
 63 hyphenation exceptions out of 8191
 108i,23n,123p,10901b,6464s stack positions out of 10000i,1000n,20000p,200000b,200000s
</usr/share/texlive/texmf-dist/fonts/type1/public/amsfonts/cm/c
mex10.pfb></usr/share/texlive/texmf-dist/fonts/type1/public/amsfonts/cm/cmmi10.
pfb></usr/share/texlive/texmf-dist/fonts/type1/public/amsfonts/cm/cmr10.pfb></u
sr/share/texlive/texmf-dist/fonts/type1/public/amsfonts/cm/cmsy10.pfb></usr/sha
re/texlive/texmf-dist/fonts/type1/public/fpl/fplbj8a.pfb></usr/share/texlive/te
xmf-dist/fonts/type1/public/mathpazo/fplmbb.pfb></usr/share/texlive/texmf-dist/
fonts/type1/public/mathpazo/fplmr.pfb></usr/share/texlive/texmf-dist/fonts/type
1/public/mathpazo/fplmri.pfb></usr/share/texlive/texmf-dist/fonts/type1/public/
fpl/fplrc8a.pfb></usr/share/texlive/texmf-dist/fonts/type1/public/fpl/fplrij8a.
pfb></usr/share/texlive/texmf-dist/fonts/type1/public/amsfonts/symbols/msam10.p
fb></usr/share/texmf/fonts/type1/public/cm-super/sftc1095.pfb></usr/share/texmf
/fonts/type1/public/cm-super/sftt0900.pfb></usr/share/texmf/fonts/type1/public/
cm-super/sftt1095.pfb></usr/share/texlive/texmf-dist/fonts/type1/urw/palatino/u
plb8a.pfb></usr/share/texlive/texmf-dist/fonts/type1/urw/palatino/uplr8a.pfb></
usr/share/texlive/texmf-dist/fonts/type1/urw/palatino/uplri8a.pfb>
Output written on thesis.pdf (243 pages, 1013833 bytes).
PDF statistics:
 5201 PDF objects out of 6186 (max. 8388607)
 4807 compressed objects within 49 object streams
 1700 named destinations out of 1728 (max. 500000)
 198810 words of extra memory for PDF output out of 221844 (max. 10000000)

