time,P10,P7,P8,P9
0.0,0,0,0,0.0
0.006,0,0,0,0.0
0.016,0,0,0,0.0
0.022,0,0,0,0.0
0.032,0,0,0,0.0
0.038,0,0,0,0.0
0.048,0,0,0,0.0
0.054,0,0,0,0.0
0.064,0,0,0,0.0
0.07,0,0,0,0.0
0.08,0,0,0,0.0
0.08600000000000001,0,0,0,0.0
0.096,0,0,0,0.0
0.10200000000000001,0,0,0,0.0
0.112,0,0,0,0.0
0.11800000000000001,0,0,0,0.0
0.128,0,0,0,0.0
0.134,0,0,0,0.0
0.14400000000000002,0,0,0,0.0
0.15000000000000002,0,0,0,0.0
0.16000000000000003,0,0,0,0.0
0.16600000000000004,0,0,0,0.0
0.17600000000000005,0,0,0,0.0
0.18200000000000005,0,0,0,0.0
0.19200000000000006,0,0,0,0.0
0.19800000000000006,0,0,0,0.0
0.20800000000000007,0,0,0,0.0
0.21400000000000008,0,0,0,0.0
0.2240000000000001,0,0,0,0.0
0.2300000000000001,0,0,0,0.0
0.2400000000000001,0,0,0,0.0
0.2460000000000001,0,0,0,0.0
0.2560000000000001,0,0,0,0.0
0.2620000000000001,0,0,0,0.0
0.27200000000000013,0,0,0,0.0
0.27800000000000014,0,0,0,0.0
0.28800000000000014,0,0,0,0.0
0.29400000000000015,0,0,0,0.0
0.30400000000000016,0,0,0,0.0
0.31000000000000016,0,0,0,0.0
0.3200000000000002,0,0,0,0.0
0.3260000000000002,0,0,0,0.0
0.3360000000000002,0,0,0,0.0
0.3420000000000002,0,0,0,0.0
0.3520000000000002,0,0,0,0.0
0.3580000000000002,0,0,0,0.0
0.3680000000000002,0,0,0,0.0
0.3740000000000002,0,0,0,0.0
0.38400000000000023,0,0,0,0.0
0.39000000000000024,0,0,0,0.0
0.40000000000000024,0,0,0,0.0
0.40600000000000025,0,0,0,0.0
0.41600000000000026,0,0,0,0.0
0.42200000000000026,0,0,0,0.0
0.4320000000000003,0,0,0,0.0
0.4380000000000003,0,0,0,0.0
0.4480000000000003,0,0,0,0.0
0.4540000000000003,0,0,0,0.0
0.4640000000000003,0,0,0,0.0
0.4700000000000003,0,0,0,0.0
0.4800000000000003,0,0,0,0.0
0.4860000000000003,0,0,0,0.0
0.49600000000000033,0,0,0,0.0
0.5020000000000003,0,0,0,0.0
0.5120000000000003,0,0,0,0.0
0.5180000000000003,0,0,0,0.0
0.5280000000000004,0,0,0,0.0
0.5340000000000004,0,0,0,0.0
0.5440000000000004,0,0,0,0.0
0.5500000000000004,0,0,0,0.0
0.5600000000000004,0,0,0,0.0
0.5660000000000004,0,0,0,0.0
0.5760000000000004,0,0,0,0.0
0.5820000000000004,0,0,0,0.0
0.5920000000000004,0,0,0,0.0
0.5980000000000004,0,0,0,0.0
0.6080000000000004,0,0,0,0.0
0.6140000000000004,0,0,0,0.0
0.6240000000000004,0,0,0,0.0
0.6300000000000004,0,0,0,0.0
0.6400000000000005,0,0,0,0.0
0.6460000000000005,0,0,0,0.0
0.6560000000000005,0,0,0,0.0
0.6620000000000005,0,0,0,0.0
0.6720000000000005,0,0,0,0.0
0.6780000000000005,0,0,0,0.0
0.6880000000000005,0,0,0,0.0
0.6940000000000005,0,0,0,0.0
0.7040000000000005,0,0,0,0.0
0.7100000000000005,0,0,0,0.0
0.7200000000000005,0,0,0,0.0
0.7260000000000005,0,0,0,0.0
0.7360000000000005,0,0,0,0.0
0.7420000000000005,0,0,0,0.0
0.7520000000000006,0,0,0,0.0
0.7580000000000006,0,0,0,0.0
0.7680000000000006,0,0,0,0.0
0.7740000000000006,0,0,0,0.0
0.7840000000000006,0,0,0,0.0
0.7900000000000006,0,0,0,0.0
0.8000000000000006,0,0,0,0.0
0.8060000000000006,0,0,0,0.0
0.8160000000000006,0,0,0,0.0
0.8220000000000006,0,0,0,0.0
0.8320000000000006,0,0,0,0.0
0.8380000000000006,0,0,0,0.0
0.8480000000000006,0,0,0,0.0
0.8540000000000006,0,0,0,0.0
0.8640000000000007,0,0,0,0.0
0.8700000000000007,0,0,0,0.0
0.8800000000000007,0,0,0,0.0
0.8860000000000007,0,0,0,0.0
0.8960000000000007,0,0,0,0.0
0.9020000000000007,0,0,0,0.0
0.9120000000000007,0,0,0,0.0
0.9180000000000007,0,0,0,0.0
0.9280000000000007,0,0,0,0.0
0.9340000000000007,0,0,0,0.0
0.9440000000000007,0,0,0,0.0
0.9500000000000007,0,0,0,0.0
0.9600000000000007,0,0,0,0.0
0.9660000000000007,0,0,0,0.0
0.9760000000000008,0,0,0,0.0
0.9820000000000008,0,0,0,0.0
0.9920000000000008,0,0,0,0.0
0.9980000000000008,0,0,0,0.0
1.0080000000000007,0,0,0,0.0
1.0140000000000007,0,0,0,0.0
1.0240000000000007,0,0,0,0.0
1.0300000000000007,0,0,0,0.0
1.0400000000000007,0,0,0,0.0
1.0460000000000007,0,0,0,0.0
1.0560000000000007,0,0,0,0.0
1.0620000000000007,0,0,0,0.0
1.0720000000000007,0,0,0,0.0
1.0780000000000007,0,0,0,0.0
1.0880000000000007,0,0,0,0.0
1.0940000000000007,0,0,0,0.0
1.1040000000000008,0,0,0,0.0
1.1100000000000008,0,0,0,0.0
1.1200000000000008,0,0,0,0.0
1.1260000000000008,0,0,0,0.0
1.1360000000000008,0,0,0,0.0
1.1420000000000008,0,0,0,0.0
1.1520000000000008,0,0,0,0.0
1.1580000000000008,0,0,0,0.0
1.1680000000000008,0,0,0,0.0
1.1740000000000008,0,0,0,0.0
1.1840000000000008,0,0,0,0.0
1.1900000000000008,0,0,0,0.0
1.2000000000000008,0,0,0,0.0
1.2060000000000008,0,0,0,0.0
1.2160000000000009,0,0,0,0.0
1.2220000000000009,0,0,0,0.0
1.2320000000000009,0,0,0,0.0
1.2380000000000009,0,0,0,0.0
1.2480000000000009,0,0,0,0.0
1.254000000000001,0,0,0,0.0
1.264000000000001,0,0,0,0.0
1.270000000000001,0,0,0,0.0
1.280000000000001,0,0,0,0.0
1.286000000000001,0,0,0,0.0
1.296000000000001,0,0,0,0.0
1.302000000000001,0,0,0,0.0
1.312000000000001,0,0,0,0.0
1.318000000000001,0,0,0,0.0
1.328000000000001,0,0,0,0.0
1.334000000000001,0,0,0,0.0
1.344000000000001,0,0,0,0.0
1.350000000000001,0,0,0,0.0
1.360000000000001,0,0,0,0.0
1.366000000000001,0,0,0,0.0
1.376000000000001,0,0,0,0.0
1.382000000000001,0,0,0,0.0
1.392000000000001,0,0,0,0.0
1.398000000000001,0,0,0,0.0
1.408000000000001,0,0,0,0.0
1.414000000000001,0,0,0,0.0
1.424000000000001,0,0,0,0.0
1.430000000000001,0,0,0,0.0
1.440000000000001,0,0,0,0.0
1.446000000000001,0,0,0,0.0
1.456000000000001,0,0,0,0.0
1.462000000000001,0,0,0,0.0
1.472000000000001,0,0,0,0.0
1.478000000000001,0,0,0,0.0
1.488000000000001,0,0,0,0.0
1.494000000000001,0,0,0,0.0
1.5040000000000011,0,0,0,0.0
1.5100000000000011,0,0,0,0.0
1.5200000000000011,0,0,0,0.0
1.5260000000000011,0,0,0,0.0
1.5360000000000011,0,0,0,0.0
1.5420000000000011,0,0,0,0.0
1.5520000000000012,0,0,0,0.0
1.5580000000000012,0,0,0,0.0
1.5680000000000012,0,0,0,0.0
1.5740000000000012,0,0,0,0.0
1.5840000000000012,0,0,0,0.0
1.5900000000000012,0,0,0,0.0
1.6000000000000012,0,0,0,0.0
1.6060000000000012,0,0,0,0.0
1.6160000000000012,0,0,0,0.0
1.6220000000000012,0,0,0,0.0
1.6320000000000012,0,0,0,0.0
1.6380000000000012,0,0,0,0.0
1.6480000000000012,0,0,0,0.0
1.6540000000000012,0,0,0,0.0
1.6640000000000013,0,0,0,0.0
1.6700000000000013,0,0,0,0.0
1.6800000000000013,0,0,0,0.0
1.6860000000000013,0,0,0,0.0
1.6960000000000013,0,0,0,0.0
1.7020000000000013,0,0,0,0.0
1.7120000000000013,0,0,0,0.0
1.7180000000000013,0,0,0,0.0
1.7280000000000013,0,0,0,0.0
1.7340000000000013,0,0,0,0.0
1.7440000000000013,0,0,0,0.0
1.7500000000000013,0,0,0,0.0
1.7600000000000013,0,0,0,0.0
1.7660000000000013,0,0,0,0.0
1.7760000000000014,0,0,0,0.0
1.7820000000000014,0,0,0,0.0
1.7920000000000014,0,0,0,0.0
1.7980000000000014,0,0,0,0.0
1.8080000000000014,0,0,0,0.0
1.8140000000000014,0,0,0,0.0
1.8240000000000014,0,0,0,0.0
1.8300000000000014,0,0,0,0.0
1.8400000000000014,0,0,0,0.0
1.8460000000000014,0,0,0,0.0
1.8560000000000014,0,0,0,0.0
1.8620000000000014,0,0,0,0.0
1.8720000000000014,0,0,0,0.0
1.8780000000000014,0,0,0,0.0
1.8880000000000015,0,0,0,0.0
1.8940000000000015,0,0,0,0.0
1.9040000000000015,0,0,0,0.0
1.9100000000000015,0,0,0,0.0
1.9200000000000015,0,0,0,0.0
1.9260000000000015,0,0,0,0.0
1.9360000000000015,0,0,0,0.0
1.9420000000000015,0,0,0,0.0
1.9520000000000015,0,0,0,0.0
1.9580000000000015,0,0,0,0.0
1.9680000000000015,0,0,0,0.0
1.9740000000000015,0,0,0,0.0
1.9840000000000015,0,0,0,0.0
1.9900000000000015,0,0,0,0.0
2.0000000000000013,0,0,0,0.0
2.006000000000001,0,0,0,0.0
2.016000000000001,0,0,0,0.0
2.0220000000000007,0,0,0,0.0
2.0320000000000005,0,0,0,0.0
2.0380000000000003,0,0,0,0.0
2.048,0,0,0,0.0
2.054,0,0,0,0.0
2.0639999999999996,0,0,0,0.0
2.0699999999999994,0,0,0,0.0
2.079999999999999,0,0,0,0.0
2.085999999999999,0,0,0,0.0
2.0959999999999988,0,0,0,0.0
2.1019999999999985,0,0,0,0.0
2.1119999999999983,0,0,0,0.0
2.117999999999998,0,0,0,0.0
2.127999999999998,0,0,0,0.0
2.1339999999999977,0,0,0,0.0
2.1439999999999975,0,0,0,0.0
2.1499999999999972,0,0,0,0.0
2.159999999999997,0,0,0,0.0
2.165999999999997,0,0,0,0.0
2.1759999999999966,0,0,0,0.0
2.1819999999999964,0,0,0,0.0
2.191999999999996,0,0,0,0.0
2.197999999999996,0,0,0,0.0
2.2079999999999957,0,0,0,0.0
2.2139999999999955,0,0,0,0.0
2.2239999999999953,0,0,0,0.0
2.229999999999995,0,0,0,0.0
2.239999999999995,0,0,0,0.0
2.2459999999999947,0,0,0,0.0
2.2559999999999945,0,0,0,0.0
2.2619999999999942,0,0,0,0.0
2.271999999999994,0,0,0,0.0
2.277999999999994,0,0,0,0.0
2.2879999999999936,0,0,0,0.0
2.2939999999999934,0,0,0,0.0
2.303999999999993,0,0,0,0.0
2.309999999999993,0,0,0,0.0
2.3199999999999927,0,0,0,0.0
2.3259999999999925,0,0,0,0.0
2.3359999999999923,0,0,0,0.0
2.341999999999992,0,0,0,0.0
2.351999999999992,0,0,0,0.0
2.3579999999999917,0,0,0,0.0
2.3679999999999914,0,0,0,0.0
2.3739999999999912,0,0,0,0.0
2.383999999999991,0,0,0,0.0
2.389999999999991,0,0,0,0.0
2.3999999999999906,0,0,0,0.0
2.4059999999999904,0,0,0,0.0
2.41599999999999,0,0,0,0.0
2.42199999999999,0,0,0,0.0
2.4319999999999897,0,0,0,0.0
2.4379999999999895,0,0,0,0.0
2.4479999999999893,0,0,0,0.0
2.453999999999989,0,0,0,0.0
2.463999999999989,0,0,0,0.0
2.4699999999999886,0,0,0,0.0
2.4799999999999884,0,0,0,0.0
2.485999999999988,0,0,0,0.0
2.495999999999988,0,0,0,0.0
2.501999999999988,0,0,0,0.0
2.5119999999999876,0,0,0,0.0
2.5179999999999874,0,0,0,0.0
2.527999999999987,0,0,0,0.0
2.533999999999987,0,0,0,0.0
2.5439999999999867,0,0,0,0.0
2.5499999999999865,0,0,0,0.0
2.5599999999999863,0,0,0,0.0
2.565999999999986,0,0,0,0.0
2.575999999999986,0,0,0,0.0
2.5819999999999856,0,0,0,0.0
2.5919999999999854,0,0,0,0.0
2.597999999999985,0,0,0,0.0
2.607999999999985,0,0,0,0.0
2.613999999999985,0,0,0,0.0
2.6239999999999846,0,0,0,0.0
2.6299999999999844,0,0,0,0.0
2.639999999999984,0,0,0,0.0
2.645999999999984,0,0,0,0.0
2.6559999999999837,0,0,0,0.0
2.6619999999999835,0,0,0,0.0
2.6719999999999833,0,0,0,0.0
2.677999999999983,0,0,0,0.0
2.687999999999983,0,0,0,0.0
2.6939999999999826,0,0,0,0.0
2.7039999999999824,0,0,0,0.0
2.709999999999982,0,0,0,0.0
2.719999999999982,0,0,0,0.0
2.7259999999999818,0,0,0,0.0
2.7359999999999816,0,0,0,0.0
2.7419999999999813,0,0,0,0.0
2.751999999999981,0,0,0,0.0
2.757999999999981,0,0,0,0.0
2.7679999999999807,0,0,0,0.0
2.7739999999999805,0,0,0,0.0
2.7839999999999803,0,0,0,0.0
2.78999999999998,0,0,0,0.0
2.79999999999998,0,0,0,0.0
2.8059999999999796,0,0,0,0.0
2.8159999999999794,0,0,0,0.0
2.821999999999979,0,0,0,0.0
2.831999999999979,0,0,0,0.0
2.8379999999999788,0,0,0,0.0
2.8479999999999785,0,0,0,0.0
2.8539999999999783,0,0,0,0.0
2.863999999999978,0,0,0,0.0
2.869999999999978,0,0,0,0.0
2.8799999999999777,0,0,0,0.0
2.8859999999999775,0,0,0,0.0
2.8959999999999773,0,0,0,0.0
2.901999999999977,0,0,0,0.0
2.911999999999977,0,0,0,0.0
2.9179999999999766,0,0,0,0.0
2.9279999999999764,0,0,0,0.0
2.933999999999976,0,0,0,0.0
2.943999999999976,0,0,0,0.0
2.9499999999999758,0,0,0,0.0
2.9599999999999755,0,0,0,0.0
2.9659999999999753,0,0,0,0.0
2.975999999999975,0,0,0,0.0
2.981999999999975,0,0,0,0.0
2.9919999999999747,0,0,0,0.0
2.9979999999999745,0,0,0,0.0
3.0079999999999742,0,0,0,0.0
3.013999999999974,0,0,0,0.0
3.023999999999974,0,0,0,0.0
3.0299999999999736,0,0,0,0.0
3.0399999999999734,0,0,0,0.0
3.045999999999973,0,0,0,0.0
3.055999999999973,0,0,0,0.0
3.0619999999999727,0,0,0,0.0
3.0719999999999725,0,0,0,0.0
3.0779999999999723,0,0,0,0.0
3.087999999999972,0,0,0,0.0
3.093999999999972,0,0,0,0.0
3.1039999999999717,0,0,0,0.0
3.1099999999999715,0,0,0,0.0
3.1199999999999712,0,0,0,0.0
3.125999999999971,0,0,0,0.0
3.135999999999971,0,0,0,0.0
3.1419999999999706,0,0,0,0.0
3.1519999999999704,0,0,0,0.0
3.15799999999997,0,0,0,0.0
3.16799999999997,0,0,0,0.0
3.1739999999999697,0,0,0,0.0
3.1839999999999695,0,0,0,0.0
3.1899999999999693,0,0,0,0.0
3.199999999999969,0,0,0,0.0
3.205999999999969,0,0,0,0.0
3.2159999999999687,0,0,0,0.0
3.2219999999999684,0,0,0,0.0
3.2319999999999682,0,0,0,0.0
3.237999999999968,0,0,0,0.0
3.247999999999968,0,0,0,0.0
3.2539999999999676,0,0,0,0.0
3.2639999999999674,0,0,0,0.0
3.269999999999967,0,0,0,0.0
3.279999999999967,0,0,0,0.0
3.2859999999999667,0,0,0,0.0
3.2959999999999665,0,0,0,0.0
3.3019999999999663,0,0,0,0.0
3.311999999999966,0,0,0,0.0
3.317999999999966,0,0,0,0.0
3.3279999999999657,0,0,0,0.0
3.3339999999999654,0,0,0,0.0
3.3439999999999652,0,0,0,0.0
3.349999999999965,0,0,0,0.0
3.359999999999965,0,0,0,0.0
3.3659999999999646,0,0,0,0.0
3.3759999999999644,0,0,0,0.0
3.381999999999964,0,0,0,0.0
3.391999999999964,0,0,0,0.0
3.3979999999999637,0,0,0,0.0
3.4079999999999635,0,0,0,0.0
3.4139999999999633,0,0,0,0.0
3.423999999999963,0,0,0,0.0
3.429999999999963,0,0,0,0.0
3.4399999999999626,0,0,0,0.0
3.4459999999999624,0,0,0,0.0
3.455999999999962,0,0,0,0.0
3.461999999999962,0,0,0,0.0
3.471999999999962,0,0,0,0.0
3.4779999999999616,0,0,0,0.0
3.4879999999999614,0,0,0,0.0
3.493999999999961,0,0,0,0.0
3.503999999999961,0,0,0,0.0
3.5099999999999607,0,0,0,0.0
3.5199999999999605,0,0,0,0.0
3.5259999999999603,0,0,0,0.0
3.53599999999996,0,0,0,0.0
3.54199999999996,0,0,0,0.0
3.5519999999999596,0,0,0,0.0
3.5579999999999594,0,0,0,0.0
3.567999999999959,0,0,0,0.0
3.573999999999959,0,0,0,0.0
3.5839999999999588,0,0,0,0.0
3.5899999999999586,0,0,0,0.0
3.5999999999999583,0,0,0,0.0
3.605999999999958,0,0,0,0.0
3.615999999999958,0,0,0,0.0
3.6219999999999577,0,0,0,0.0
3.6319999999999575,0,0,0,0.0
3.6379999999999573,0,0,0,0.0
3.647999999999957,0,0,0,0.0
3.653999999999957,0,0,0,0.0
3.6639999999999566,0,0,0,0.0
3.6699999999999564,0,0,0,0.0
3.679999999999956,0,0,0,0.0
3.685999999999956,0,0,0,0.0
3.6959999999999558,0,0,0,0.0
3.7019999999999555,0,0,0,0.0
3.7119999999999553,0,0,0,0.0
3.717999999999955,0,0,0,0.0
3.727999999999955,0,0,0,0.0
3.7339999999999547,0,0,0,0.0
3.7439999999999545,0,0,0,0.0
3.7499999999999543,0,0,0,0.0
3.759999999999954,0,0,0,0.0
3.765999999999954,0,0,0,0.0
3.7759999999999536,0,0,0,0.0
3.7819999999999534,0,0,0,0.0
3.791999999999953,0,0,0,0.0
3.797999999999953,0,0,0,0.0
3.8079999999999528,0,0,0,0.0
3.8139999999999525,0,0,0,0.0
3.8239999999999523,0,0,0,0.0
3.829999999999952,0,0,0,0.0
3.839999999999952,0,0,0,0.0
3.8459999999999517,0,0,0,0.0
3.8559999999999515,0,0,0,0.0
3.8619999999999512,0,0,0,0.0
3.871999999999951,0,0,0,0.0
3.877999999999951,0,0,0,0.0
3.8879999999999506,0,0,0,0.0
3.8939999999999504,0,0,0,0.0
3.90399999999995,0,0,0,0.0
3.90999999999995,0,0,0,0.0
3.9199999999999497,0,0,0,0.0
3.9259999999999495,0,0,0,0.0
3.9359999999999493,0,0,0,0.0
3.941999999999949,0,0,0,0.0
3.951999999999949,0,0,0,0.0
3.9579999999999487,0,0,0,0.0
3.9679999999999485,0,0,0,0.0
3.9739999999999482,0,0,0,0.0
3.983999999999948,0,0,0,0.0
3.989999999999948,0,0,0,0.0
3.9999999999999476,0,0,0,0.0
4.005999999999948,0,0,0,0.0
4.015999999999948,0,0,0,0.0
4.021999999999948,0,0,0,0.0
4.031999999999948,0,0,0,0.0
4.037999999999948,0,0,0,0.0
4.047999999999948,0,0,0,0.0
4.053999999999948,0,0,0,0.0
4.063999999999948,0,0,0,0.0
4.069999999999948,0,0,0,0.0
4.079999999999948,0,0,0,0.0
4.085999999999948,0,0,0,0.0
4.095999999999948,0,0,0,0.0
4.101999999999948,0,0,0,0.0
4.111999999999948,0,0,0,0.0
4.117999999999948,0,0,0,0.0
4.127999999999948,0,0,0,0.0
4.133999999999948,0,0,0,0.0
4.143999999999948,0,0,0,0.0
4.149999999999948,0,0,0,0.0
4.159999999999948,0,0,0,0.0
4.165999999999948,0,0,0,0.0
4.175999999999948,0,0,0,0.0
4.181999999999948,0,0,0,0.0
4.191999999999948,0,0,0,0.0
4.197999999999948,0,0,0,0.0
4.207999999999948,0,0,0,0.0
4.213999999999948,0,0,0,0.0
4.223999999999948,0,0,0,0.0
4.229999999999948,0,0,0,0.0
4.239999999999948,0,0,0,0.0
4.245999999999948,0,0,0,0.0
4.255999999999948,0,0,0,0.0
4.261999999999948,0,0,0,0.0
4.271999999999948,0,0,0,0.0
4.277999999999948,0,0,0,0.0
4.287999999999948,0,0,0,0.0
4.293999999999948,0,0,0,0.0
4.303999999999948,0,0,0,0.0
4.309999999999948,0,0,0,0.0
4.319999999999948,0,0,0,0.0
4.325999999999948,0,0,0,0.0
4.335999999999948,0,0,0,0.0
4.341999999999948,0,0,0,0.0
4.3425999999999485,0,0,0,0.0
4.348599999999949,0,0,0,0.0
4.349199999999949,0,0,0,0.0
4.355199999999949,0,0,0,0.0
4.35579999999995,0,0,0,0.0
4.36179999999995,0,0,0,0.0
4.36239999999995,0,0,0,0.0
4.3683999999999505,0,0,0,0.0
4.368999999999951,0,0,0,0.0
4.374999999999951,0,0,0,0.0
4.3755999999999515,0,0,0,0.0
4.381599999999952,0,0,0,0.0
4.382199999999952,0,0,0,0.0
4.388199999999952,0,0,0,0.0
4.388799999999953,0,0,0,0.0
4.394799999999953,0,0,0,0.0
4.395399999999953,0,0,0,0.0
4.401399999999954,0,0,0,0.0
4.401999999999954,0,0,0,0.0
4.407999999999954,0,0,0,0.0
4.408606060606015,0,0,0,0.0
4.414606060606015,0,0,0,0.0
4.415212121212076,0,0,0,0.0
4.4212121212120765,0,0,0,0.0
4.4218181818181375,0,0,0,0.0
4.427818181818138,0,0,0,0.0
4.428424242424199,0,0,0,0.0
4.434424242424199,0,0,0,0.0
4.43503030303026,0,0,0,0.0
4.44103030303026,0,0,0,0.0
4.441636363636321,0,0,0,0.0
4.447636363636321,0,0,0,0.0
4.448242424242382,0,0,0,0.0
4.454242424242382,0,0,0,0.0
4.454848484848443,0,0,0,0.0
4.4608484848484435,0,0,0,0.0
4.4614545454545045,0,0,0,0.0
4.467454545454505,0,0,0,0.0
4.468060606060566,0,0,0,0.0
4.474060606060566,0,0,0,0.0
4.474666666666627,0,0,0,0.0
4.480666666666627,0,0,0,0.0
4.481272727272688,0,0,0,0.0
4.487272727272688,0,0,0,0.0
4.487878787878749,0,0,0,0.0
4.493878787878749,0,0,0,0.0
4.49448484848481,0,0,0,0.0
4.500484848484811,0,0,0,0.0
4.5010909090908715,0,0,0,0.0
4.507090909090872,0,0,0,0.0
4.507703153988831,0,0,0,0.0
4.513703153988831,0,0,0,0.0
4.51431539888679,0,0,0,0.0
4.52031539888679,0,0,0,0.0
4.520927643784749,0,0,0,0.0
4.52692764378475,0,0,0,0.0
4.527539888682709,0,0,0,0.0
4.533539888682709,0,0,0,0.0
4.534152133580668,0,0,0,0.0
4.540152133580668,0,0,0,0.0
4.540764378478627,0,0,0,0.0
4.546764378478628,0,0,0,0.0
4.547376623376587,0,0,0,0.0
4.553376623376587,0,0,0,0.0
4.553988868274546,0,0,0,0.0
4.559988868274546,0,0,0,0.0
4.560601113172505,0,0,0,0.0
4.5666011131725055,0,0,0,0.0
4.567213358070465,0,0,0,0.0
4.573213358070465,0,0,0,0.0
4.573825602968424,0,0,0,0.0
4.579825602968424,0,0,0,0.0
4.580444159669455,0,0,0,0.0
4.586444159669456,0,0,0,0.0
4.587062716370487,0,0,0,0.0
4.593062716370487,0,0,0,0.0
4.593681273071518,0,0,0,0.0
4.599681273071519,0,0,0,0.0
4.60029982977255,0,0,0,0.0
4.60629982977255,0,0,0,0.0
4.606918386473581,0,0,0,0.0
4.612918386473582,0,0,0,0.0
4.613536943174613,0,0,0,0.0
4.619536943174613,0,0,0,0.0
4.6201554998756444,0,0,0,0.0
4.626155499875645,0,0,0,0.0
4.626774056576676,0,0,0,0.0
4.632774056576676,0,0,0,0.0
4.6333926132777075,0,0,0,0.0
4.639392613277708,0,0,0,0.0
4.640011169978739,0,0,0,0.0
4.646011169978739,0,0,0,0.0
4.6466297266797705,0,0,0,0.0
4.652629726679771,0,0,0,0.0
4.653248283380802,0,0,0,0.0
4.659248283380802,0,0,0,0.0
4.6598668400818335,0,0,0,0.0
4.665866840081834,0,0,0,0.0
4.666485396782865,0,0,0,0.0
4.672485396782865,0,0,0,0.0
4.6731039534838965,0,0,0,0.0
4.679103953483897,0,0,0,0.0
4.679722510184928,0,0,0,0.0
4.685722510184928,0,0,0,0.0
4.6863410668859595,0,0,0,0.0
4.69234106688596,0,0,0,0.0
4.692959623586991,0,0,0,0.0
4.698959623586991,0,0,0,0.0
4.6995781802880225,0,0,0,0.0
4.705578180288023,0,0,0,0.0
4.706196736989054,0,0,0,0.0
4.712196736989054,0,0,0,0.0
4.712815293690086,0,0,0,0.0
4.718815293690086,0,0,0,0.0
4.719433850391117,0,0,0,0.0
4.725433850391117,0,0,0,0.0
4.726052407092149,0,0,0,0.0
4.732052407092149,0,0,0,0.0
4.73267096379318,0,0,0,0.0
4.73867096379318,0,0,0,0.0
4.739289520494212,0,0,0,0.0
4.745289520494212,0,0,0,0.0
4.745908077195243,0,0,0,0.0
4.751908077195243,0,0,0,0.0
4.752526633896275,0,0,0,0.0
4.758526633896275,0,0,0,0.0
4.759151633896275,0,0,0,0.0
4.765151633896275,0,0,0,0.0
4.765776633896276,0,0,0,0.0
4.771776633896276,0,0,0,0.0
4.772401633896276,0,0,0,0.0
4.7784016338962765,0,0,0,0.0
4.779026633896277,0,0,0,0.0
4.785026633896277,0,0,0,0.0
4.785651633896277,0,0,0,0.0
4.791651633896278,0,0,0,0.0
4.792276633896278,0,0,0,0.0
4.798276633896278,0,0,0,0.0
4.798901633896278,0,0,0,0.0
4.804901633896279,0,0,0,0.0
4.805526633896279,0,0,0,0.0
4.811526633896279,0,0,0,0.0
4.8121516338962795,0,0,0,0.0
4.81815163389628,0,0,0,0.0
4.81877663389628,0,0,0,0.0
4.82477663389628,0,0,0,0.0
4.825401633896281,0,0,0,0.0
4.831401633896281,0,0,0,0.0
4.832026633896281,0,0,0,0.0
4.838026633896281,0,0,0,0.0
4.838651633896282,0,0,0,0.0
4.844651633896282,0,0,0,0.0
4.845276633896282,0,0,0,0.0
4.8512766338962825,0,0,0,0.0
4.851901633896283,0,0,0,0.0
4.857901633896283,0,0,0,0.0
4.858526633896283,0,0,0,0.0
4.864526633896284,0,0,0,0.0
4.865151633896284,0,0,0,0.0
4.871151633896284,0,0,0,0.0
4.8717766338962845,0,0,0,0.0
4.877776633896285,0,0,0,0.0
4.878401633896285,0,0,0,0.0
4.884401633896285,0,0,0,0.0
4.8850266338962856,0,0,0,0.0
4.891026633896286,0,0,0,0.0
4.891651633896286,0,0,0,0.0
4.897651633896286,0,0,0,0.0
4.898276633896287,0,0,0,0.0
4.904276633896287,0,0,0,0.0
4.904901633896287,0,0,0,0.0
4.910901633896287,0,0,0,0.0
4.911526633896288,0,0,0,0.0
4.917526633896288,0,0,0,0.0
4.918151633896288,0,0,0,0.0
4.9241516338962885,0,0,0,0.0
4.924776633896289,0,0,0,0.0
4.930776633896289,0,0,0,0.0
4.931401633896289,0,0,0,0.0
4.93740163389629,0,0,0,0.0
4.93802663389629,0,0,0,0.0
4.94402663389629,0,0,0,0.0
4.9446516338962905,0,0,0,0.0
4.950651633896291,0,0,0,0.0
4.951276633896291,0,0,0,0.0
4.957276633896291,0,0,0,0.0
4.957901633896292,0,0,0,0.0
4.963901633896292,0,0,0,0.0
4.964526633896292,0,0,0,0.0
4.970526633896292,0,0,0,0.0
4.971151633896293,0,0,0,0.0
4.977151633896293,0,0,0,0.0
4.977776633896293,0,0,0,0.0
4.983776633896293,0,0,0,0.0
4.984401633896294,0,0,0,0.0
4.990401633896294,0,0,0,0.0
4.991026633896294,0,0,0,0.0
4.9970266338962945,0,0,0,0.0
4.997651633896295,0,0,0,0.0
5.003651633896295,0,0,0,0.0
5.004276633896295,0,0,0,0.0
5.010276633896296,0,0,0,0.0
5.010901633896296,0,0,0,0.0
5.016901633896296,0,0,0,0.0
5.0175266338962965,0,0,0,0.0
5.023526633896297,0,0,0,0.0
5.024151633896297,0,0,0,0.0
5.030151633896297,0,0,0,0.0
5.030776633896298,0,0,0,0.0
5.036776633896298,0,0,0,0.0
5.037401633896298,0,0,0,0.0
5.043401633896298,0,0,0,0.0
5.044026633896299,0,0,0,0.0
5.050026633896299,0,0,0,0.0
5.050651633896299,0,0,0,0.0
5.0566516338962995,0,0,0,0.0
5.0572766338963,0,0,0,0.0
5.0632766338963,0,0,0,0.0
5.0639016338963,0,0,0,0.0
5.0699016338963006,0,0,0,0.0
5.070526633896301,0,0,0,0.0
5.076526633896301,0,0,0,0.0
5.077151633896301,0,0,0,0.0
5.083151633896302,0,0,0,0.0
5.083776633896302,0,0,0,0.0
5.089776633896302,0,0,0,0.0
5.0904016338963025,0,0,0,0.0
5.096401633896303,0,0,0,0.0
5.097026633896303,0,0,0,0.0
5.103026633896303,0,0,0,0.0
5.103651633896304,0,0,0,0.0
5.109651633896304,0,0,0,0.0
5.110276633896304,0,0,0,0.0
5.116276633896304,0,0,0,0.0
5.116901633896305,0,0,0,0.0
5.122901633896305,0,0,0,0.0
5.123526633896305,0,0,0,0.0
5.1295266338963055,0,0,0,0.0
5.130151633896306,0,0,0,0.0
5.136151633896306,0,0,0,0.0
5.136776633896306,0,0,0,0.0
5.142776633896307,0,0,0,0.0
5.143401633896307,0,0,0,0.0
5.149401633896307,0,0,0,0.0
5.150026633896307,0,0,0,0.0
5.156026633896308,0,0,0,0.0
5.156651633896308,0,0,0,0.0
5.162651633896308,0,0,0,0.0
5.1632766338963085,0,0,0,0.0
5.169276633896309,0,0,0,0.0
5.169901633896309,0,0,0,0.0
5.175901633896309,0,0,0,0.0
5.17652663389631,0,0,0,0.0
5.18252663389631,0,0,0,0.0
5.18315163389631,0,0,0,0.0
5.18915163389631,0,0,0,0.0
5.189776633896311,0,0,0,0.0
5.195776633896311,0,0,0,0.0
5.196401633896311,0,0,0,0.0
5.2024016338963115,0,0,0,0.0
5.203026633896312,0,0,0,0.0
5.209026633896312,0,0,0,0.0
5.209651633896312,0,0,0,0.0
5.215651633896313,0,0,0,0.0
5.216276633896313,0,0,0,0.0
5.222276633896313,0,0,0,0.0
5.222908212843682,0,0,0,0.0
5.228908212843682,0,0,0,0.0
5.22953979179105,0,0,0,0.0
5.235539791791051,0,0,0,0.0
5.236171370738419,0,0,0,0.0
5.242171370738419,0,0,0,0.0
5.242802949685788,0,0,0,0.0
5.248802949685788,0,0,0,0.0
5.249434528633157,0,0,0,0.0
5.255434528633157,0,0,0,0.0
5.2560661075805255,0,0,0,0.0
5.262066107580526,0,0,0,0.0
5.262697686527894,0,0,0,0.0
5.2686976865278945,0,0,0,0.0
5.269329265475263,0,0,0,0.0
5.275329265475263,0,0,0,0.0
5.275960844422632,0,0,0,0.0
5.281960844422632,0,0,0,0.0
5.282592423370001,0,0,0,0.0
5.288592423370001,0,0,0,0.0
5.289224002317369,0,0,0,0.0
5.29522400231737,0,0,0,0.0
5.295855581264738,0,0,0,0.0
5.301855581264738,0,0,0,0.0
5.302487160212107,0,0,0,0.0
5.308487160212107,0,0,0,0.0
5.309118739159476,0,0,0,0.0
5.315118739159476,0,0,0,0.0
5.315750318106844,0,0,0,0.0
5.321750318106845,0,0,0,0.0
5.322381897054213,0,0,0,0.0
5.328381897054213,0,0,0,0.0
5.329013476001582,0,0,0,0.0
5.335013476001582,0,0,0,0.0
5.335645054948951,0,0,0,0.0
5.341645054948951,0,0,0,0.0
5.3422766338963195,0,0,0,0.0
5.34827663389632,0,0,0,0.0
5.348908212843688,0,0,0,0.0
5.3549082128436885,0,0,0,0.0
5.355539791791057,0,0,0,0.0
5.361539791791057,0,0,0,0.0
5.362171370738426,0,0,0,0.0
5.368171370738426,0,0,0,0.0
5.3688029496857945,0,0,0,0.0
5.374802949685795,0,0,0,0.0
5.375434528633163,0,0,0,0.0
5.3814345286331635,0,0,0,0.0
5.382066107580532,0,0,0,0.0
5.388066107580532,0,0,0,0.0
5.388697686527901,0,0,0,0.0
5.394697686527901,0,0,0,0.0
5.39532926547527,0,0,0,0.0
5.40132926547527,0,0,0,0.0
5.401960844422638,0,0,0,0.0
5.407960844422639,0,0,0,0.0
5.408592423370007,0,0,0,0.0
5.414592423370007,0,0,0,0.0
5.415224002317376,0,0,0,0.0
5.421224002317376,0,0,0,0.0
5.421855581264745,0,0,0,0.0
5.427855581264745,0,0,0,0.0
5.428487160212113,0,0,0,0.0
5.434487160212114,0,0,0,0.0
5.435118739159482,0,0,0,0.0
5.441118739159482,0,0,0,0.0
5.441750318106851,0,0,0,0.0
5.447750318106851,0,0,0,0.0
5.44838189705422,0,0,0,0.0
5.45438189705422,0,0,0,0.0
5.4550134760015885,0,0,0,0.0
5.461013476001589,0,0,0,0.0
5.461645054948957,0,0,0,0.0
5.4676450549489575,0,0,0,0.0
5.468276633896326,0,0,0,0.0
5.474276633896326,0,0,0,0.0
5.474908212843695,0,0,0,0.0
5.480908212843695,0,0,0,0.0
5.4815397917910635,0,0,0,0.0
5.487539791791064,0,0,0,0.0
5.488171370738432,0,0,0,0.0
5.4941713707384325,0,0,0,0.0
5.494802949685801,0,0,0,0.0
5.500802949685801,0,0,0,0.0
5.50143452863317,0,0,0,0.0
5.50743452863317,0,0,0,0.0
5.508066107580539,0,0,0,0.0
5.514066107580539,0,0,0,0.0
5.514697686527907,0,0,0,0.0
5.520697686527908,0,0,0,0.0
5.521329265475276,0,0,0,0.0
5.527329265475276,0,0,0,0.0
5.527960844422645,0,0,0,0.0
5.533960844422645,0,0,0,0.0
5.534592423370014,0,0,0,0.0
5.540592423370014,0,0,0,0.0
5.541224002317382,0,0,0,0.0
5.547224002317383,0,0,0,0.0
5.547855581264751,0,0,0,0.0
5.553855581264751,0,0,0,0.0
5.55448716021212,0,0,0,0.0
5.56048716021212,0,0,0,0.0
5.561118739159489,0,0,0,0.0
5.567118739159489,0,0,0,0.0
5.5677503181068575,0,0,0,0.0
5.573750318106858,0,0,0,0.0
5.574381897054226,0,0,0,0.0
5.5803818970542265,0,0,0,0.0
5.581013476001595,0,0,0,0.0
5.587013476001595,0,0,0,0.0
5.587645054948964,0,0,0,0.0
5.593645054948964,0,0,0,0.0
5.594276633896333,0,0,0,0.0
5.600276633896333,0,0,0,0.0
5.600908212843701,0,0,0,0.0
5.6069082128437016,0,0,0,0.0
5.60753979179107,0,0,0,0.0
5.61353979179107,0,0,0,0.0
5.614171370738439,0,0,0,0.0
5.620171370738439,0,0,0,0.0
5.620802949685808,0,0,0,0.0
5.626802949685808,0,0,0,0.0
5.627434528633176,0,0,0,0.0
5.633434528633177,0,0,0,0.0
5.634066107580545,0,0,0,0.0
5.640066107580545,0,0,0,0.0
5.640697686527914,0,0,0,0.0
5.646697686527914,0,0,0,0.0
5.647329265475283,0,0,0,0.0
5.653329265475283,0,0,0,0.0
5.6539608444226515,0,0,0,0.0
5.659960844422652,0,0,0,0.0
5.66059242337002,0,0,0,0.0
5.6665924233700204,0,0,0,0.0
5.667224002317389,0,0,0,0.0
5.673224002317389,0,0,0,0.0
5.673855581264758,0,0,0,0.0
5.679855581264758,0,0,0,0.0
5.6804871602121265,0,0,0,0.0
5.686487160212127,0,0,0,0.0
5.687118739159495,0,0,0,0.0
5.6931187391594955,0,0,0,0.0
5.693750318106864,0,0,0,0.0
5.699750318106864,0,0,0,0.0
5.700381897054233,0,0,0,0.0
5.706381897054233,0,0,0,0.0
5.707013476001602,0,0,0,0.0
5.713013476001602,0,0,0,0.0
5.71364505494897,0,0,0,0.0
5.719645054948971,0,0,0,0.0
5.720270054948971,0,0,0,0.0
5.726270054948971,0,0,0,0.0
5.726895054948971,0,0,0,0.0
5.732895054948972,0,0,0,0.0
5.733520054948972,0,0,0,0.0
5.739520054948972,0,0,0,0.0
5.7401450549489725,0,0,0,0.0
5.746145054948973,0,0,0,0.0
5.746770054948973,0,0,0,0.0
5.752770054948973,0,0,0,0.0
5.753395054948974,0,0,0,0.0
5.759395054948974,0,0,0,0.0
5.760020054948974,0,0,0,0.0
5.766020054948974,0,0,0,0.0
5.766645054948975,0,0,0,0.0
5.772645054948975,0,0,0,0.0
5.773270054948975,0,0,0,0.0
5.7792700549489755,0,0,0,0.0
5.779895054948976,0,0,0,0.0
5.785895054948976,0,0,0,0.0
5.786520054948976,0,0,0,0.0
5.792520054948977,0,0,0,0.0
5.793145054948977,0,0,0,0.0
5.799145054948977,0,0,0,0.0
5.7997700549489775,0,0,0,0.0
5.805770054948978,0,0,0,0.0
5.806395054948978,0,0,0,0.0
5.812395054948978,0,0,0,0.0
5.8130200549489786,0,0,0,0.0
5.819020054948979,0,0,0,0.0
5.819645054948979,0,0,0,0.0
5.825645054948979,0,0,0,0.0
5.82627005494898,0,0,0,0.0
5.83227005494898,0,0,0,0.0
5.83289505494898,0,0,0,0.0
5.83889505494898,0,0,0,0.0
5.839520054948981,0,0,0,0.0
5.845520054948981,0,0,0,0.0
5.846145054948981,0,0,0,0.0
5.8521450549489815,0,0,0,0.0
5.852770054948982,0,0,0,0.0
5.858770054948982,0,0,0,0.0
5.859395054948982,0,0,0,0.0
5.865395054948983,0,0,0,0.0
5.866020054948983,0,0,0,0.0
5.872020054948983,0,0,0,0.0
5.8726450549489835,0,0,0,0.0
5.878645054948984,0,0,0,0.0
5.879270054948984,0,0,0,0.0
5.885270054948984,0,0,0,0.0
5.885895054948985,0,0,0,0.0
5.891895054948985,0,0,0,0.0
5.892520054948985,0,0,0,0.0
5.898520054948985,0,0,0,0.0
5.899145054948986,0,0,0,0.0
5.905145054948986,0,0,0,0.0
5.905770054948986,0,0,0,0.0
5.911770054948986,0,0,0,0.0
5.912395054948987,0,0,0,0.0
5.918395054948987,0,0,0,0.0
5.919020054948987,0,0,0,0.0
5.9250200549489875,0,0,0,0.0
5.925645054948988,0,0,0,0.0
5.931645054948988,0,0,0,0.0
5.932270054948988,0,0,0,0.0
5.938270054948989,0,0,0,0.0
5.938895054948989,0,0,0,0.0
5.944895054948989,0,0,0,0.0
5.9455200549489895,0,0,0,0.0
5.95152005494899,0,0,0,0.0
5.95214505494899,0,0,0,0.0
5.95814505494899,0,0,0,0.0
5.958770054948991,0,0,0,0.0
5.964770054948991,0,0,0,0.0
5.965395054948991,0,0,0,0.0
5.971395054948991,0,0,0,0.0
5.972020054948992,0,0,0,0.0
5.978020054948992,0,0,0,0.0
5.978645054948992,0,0,0,0.0
5.9846450549489925,0,0,0,0.0
5.985270054948993,0,0,0,0.0
5.991270054948993,0,0,0,0.0
5.991895054948993,0,0,0,0.0
5.9978950549489936,0,0,0,0.0
5.998520054948994,0,0,0,0.0
6.004520054948994,0,0,0,0.0
6.005145054948994,0,0,0,0.0
6.011145054948995,0,0,0,0.0
6.011770054948995,0,0,0,0.0
6.017770054948995,0,0,0,0.0
6.0183950549489955,0,0,0,0.0
6.024395054948996,0,0,0,0.0
6.025020054948996,0,0,0,0.0
6.031020054948996,0,0,0,0.0
6.031645054948997,0,0,0,0.0
6.037645054948997,0,0,0,0.0
6.038270054948997,0,0,0,0.0
6.044270054948997,0,0,0,0.0
6.044895054948998,0,0,0,0.0
6.050895054948998,0,0,0,0.0
6.051520054948998,0,0,0,0.0
6.0575200549489985,0,0,0,0.0
6.058145054948999,0,0,0,0.0
6.064145054948999,0,0,0,0.0
6.064770054948999,0,0,0,0.0
6.070770054949,0,0,0,0.0
6.071395054949,0,0,0,0.0
6.077395054949,0,0,0,0.0
6.078020054949,0,0,0,0.0
6.084020054949001,0,0,0,0.0
6.084651633896369,0,0,0,0.0
6.090651633896369,0,0,0,0.0
6.091283212843738,0,0,0,0.0
6.097283212843738,0,0,0,0.0
6.097914791791107,0,0,0,0.0
6.103914791791107,0,0,0,0.0
6.1045463707384755,0,0,0,0.0
6.110546370738476,0,0,0,0.0
6.111177949685844,0,0,0,0.0
6.1171779496858445,0,0,0,0.0
6.117809528633213,0,0,0,0.0
6.123809528633213,0,0,0,0.0
6.124441107580582,0,0,0,0.0
6.130441107580582,0,0,0,0.0
6.131072686527951,0,0,0,0.0
6.137072686527951,0,0,0,0.0
6.137704265475319,0,0,0,0.0
6.14370426547532,0,0,0,0.0
6.144335844422688,0,0,0,0.0
6.150335844422688,0,0,0,0.0
6.150967423370057,0,0,0,0.0
6.156967423370057,0,0,0,0.0
6.157599002317426,0,0,0,0.0
6.163599002317426,0,0,0,0.0
6.164230581264794,0,0,0,0.0
6.170230581264795,0,0,0,0.0
6.170862160212163,0,0,0,0.0
6.176862160212163,0,0,0,0.0
6.177493739159532,0,0,0,0.0
6.183493739159532,0,0,0,0.0
6.184125318106901,0,0,0,0.0
6.190125318106901,0,0,0,0.0
6.1907568970542695,0,0,0,0.0
6.19675689705427,0,0,0,0.0
6.197388476001638,0,0,0,0.0
6.2033884760016385,0,0,0,0.0
6.204020054949007,0,0,0,0.0
6.210020054949007,0,0,0,0.0
6.210651633896376,0,0,0,0.0
6.216651633896376,0,0,0,0.0
6.2172832128437445,0,0,0,0.0
6.223283212843745,0,0,0,0.0
6.223914791791113,0,0,0,0.0
6.2299147917911135,0,0,0,0.0
6.230546370738482,0,0,0,0.0
6.236546370738482,0,0,0,0.0
6.237177949685851,0,0,0,0.0
6.243177949685851,0,0,0,0.0
6.24380952863322,0,0,0,0.0
6.24980952863322,0,0,0,0.0
6.250441107580588,0,0,0,0.0
6.256441107580589,0,0,0,0.0
6.257072686527957,0,0,0,0.0
6.263072686527957,0,0,0,0.0
6.263704265475326,0,0,0,0.0
6.269704265475326,0,0,0,0.0
6.270335844422695,0,0,0,0.0
6.276335844422695,0,0,0,0.0
6.276974142295035,0,0,0,0.0
6.282974142295036,0,0,0,0.0
6.283612440167376,0,0,0,0.0
6.289612440167376,0,0,0,0.0
6.290250738039717,0,0,0,0.0
6.296250738039717,0,0,0,0.0
6.2968890359120575,0,0,0,0.0
6.302889035912058,0,0,0,0.0
6.303527333784398,0,0,0,0.0
6.3095273337843985,0,0,0,0.0
6.310165631656739,0,0,0,0.0
6.316165631656739,0,0,0,0.0
6.31680392952908,0,0,0,0.0
6.32280392952908,0,0,0,0.0
6.32344222740142,0,0,0,0.0
6.329442227401421,0,0,0,0.0
6.330080525273761,0,0,0,0.0
6.336080525273761,0,0,0,0.0
6.336718823146102,0,0,0,0.0
6.342718823146102,0,0,0,0.0
6.3433571210184425,0,0,0,0.0
6.349357121018443,0,0,0,0.0
6.349995418890783,0,0,0,0.0
6.3559954188907835,0,0,0,0.0
6.356633716763124,0,0,0,0.0
6.362633716763124,0,0,0,0.0
6.363272014635465,0,0,0,0.0
6.369272014635465,0,0,0,0.0
6.369910312507805,0,0,0,0.0
6.375910312507806,0,0,0,0.0
6.3765554737981285,0,0,0,0.0
6.382555473798129,0,0,0,0.0
6.383200635088452,0,0,0,0.0
6.389200635088452,0,0,0,0.0
6.389845796378775,0,0,0,0.0
6.395845796378775,0,0,0,0.0
6.396490957669098,0,0,0,0.0
6.402490957669098,0,0,0,0.0
6.403136118959421,0,0,0,0.0
6.409136118959421,0,0,0,0.0
6.409781280249744,0,0,0,0.0
6.415781280249744,0,0,0,0.0
6.416426441540067,0,0,0,0.0
6.422426441540067,0,0,0,0.0
6.42307160283039,0,0,0,0.0
6.4290716028303905,0,0,0,0.0
6.429716764120713,0,0,0,0.0
6.435716764120714,0,0,0,0.0
6.4363619254110365,0,0,0,0.0
6.442361925411037,0,0,0,0.0
6.44300708670136,0,0,0,0.0
6.44900708670136,0,0,0,0.0
6.449652247991683,0,0,0,0.0
6.455652247991683,0,0,0,0.0
6.456297409282006,0,0,0,0.0
6.462297409282006,0,0,0,0.0
6.462942570572329,0,0,0,0.0
6.468942570572329,0,0,0,0.0
6.469587731862652,0,0,0,0.0
6.475587731862652,0,0,0,0.0
6.476232893152975,0,0,0,0.0
6.482232893152975,0,0,0,0.0
6.482878054443298,0,0,0,0.0
6.4888780544432985,0,0,0,0.0
6.489523215733621,0,0,0,0.0
6.495523215733622,0,0,0,0.0
6.4961683770239445,0,0,0,0.0
6.502168377023945,0,0,0,0.0
6.502813538314268,0,0,0,0.0
6.508813538314268,0,0,0,0.0
6.509458699604591,0,0,0,0.0
6.515458699604591,0,0,0,0.0
6.516103860894914,0,0,0,0.0
6.522103860894914,0,0,0,0.0
6.522749022185237,0,0,0,0.0
6.528749022185237,0,0,0,0.0
6.52939418347556,0,0,0,0.0
6.53539418347556,0,0,0,0.0
6.536039344765883,0,0,0,0.0
6.542039344765883,0,0,0,0.0
6.542684506056206,0,0,0,0.0
6.5486845060562064,0,0,0,0.0
6.549329667346529,0,0,0,0.0
6.5553296673465296,0,0,0,0.0
6.555974828636852,0,0,0,0.0
6.561974828636853,0,0,0,0.0
6.5626199899271755,0,0,0,0.0
6.568619989927176,0,0,0,0.0
6.569265151217499,0,0,0,0.0
6.575265151217499,0,0,0,0.0
6.575910312507822,0,0,0,0.0
6.581910312507822,0,0,0,0.0
6.582555473798145,0,0,0,0.0
6.588555473798145,0,0,0,0.0
6.589200635088468,0,0,0,0.0
6.595200635088468,0,0,0,0.0
6.595845796378791,0,0,0,0.0
6.601845796378791,0,0,0,0.0
6.602490957669114,0,0,0,0.0
6.608490957669114,0,0,0,0.0
6.609136118959437,0,0,0,0.0
6.6151361189594375,0,0,0,0.0
6.61578128024976,0,0,0,0.0
6.621781280249761,0,0,0,0.0
6.6224264415400835,0,0,0,0.0
6.628426441540084,0,0,0,0.0
6.629071602830407,0,0,0,0.0
6.635071602830407,0,0,0,0.0
6.63571676412073,0,0,0,0.0
6.64171676412073,0,0,0,0.0
6.642361925411053,0,0,0,0.0
6.648361925411053,0,0,0,0.0
6.649007086701376,0,0,0,0.0
6.655007086701376,0,0,0,0.0
6.655652247991699,0,0,0,0.0
6.661652247991699,0,0,0,0.0
6.662297409282022,0,0,0,0.0
6.668297409282022,0,0,0,0.0
6.668942570572345,0,0,0,0.0
6.6749425705723455,0,0,0,0.0
6.675587731862668,0,0,0,0.0
6.681587731862669,0,0,0,0.0
6.6822328931529915,0,0,0,0.0
6.688232893152992,0,0,0,0.0
6.688878054443315,0,0,0,0.0
6.694878054443315,0,0,0,0.0
6.695523215733638,0,0,0,0.0
6.701523215733638,0,0,0,0.0
6.702168377023961,0,0,0,0.0
6.708168377023961,0,0,0,0.0
6.708813538314284,0,0,0,0.0
6.714813538314284,0,0,0,0.0
6.715458699604607,0,0,0,0.0
6.721458699604607,0,0,0,0.0
6.72210386089493,0,0,0,0.0
6.72810386089493,0,0,0,0.0
6.728749022185253,0,0,0,0.0
6.7347490221852535,0,0,0,0.0
6.735394183475576,0,0,0,0.0
6.741394183475577,0,0,0,0.0
6.7420393447658995,0,0,0,0.0
6.7480393447659,0,0,0,0.0
6.748684506056223,0,0,0,0.0
6.754684506056223,0,0,0,0.0
6.755329667346546,0,0,0,0.0
6.761329667346546,0,0,0,0.0
6.761974828636869,0,0,0,0.0
6.767974828636869,0,0,0,0.0
6.768619989927192,0,0,0,0.0
6.774619989927192,0,0,0,0.0
6.775265151217515,0,0,0,0.0
6.781265151217515,0,0,0,0.0
6.781910312507838,0,0,0,0.0
6.787910312507838,0,0,0,0.0
6.788555473798161,0,0,0,0.0
6.7945554737981615,0,0,0,0.0
6.795200635088484,0,0,0,0.0
6.801200635088485,0,0,0,0.0
6.8018457963788075,0,0,0,0.0
6.807845796378808,0,0,0,0.0
6.808490957669131,0,0,0,0.0
6.814490957669131,0,0,0,0.0
6.815136118959454,0,0,0,0.0
6.821136118959454,0,0,0,0.0
6.821781280249777,0,0,0,0.0
6.827781280249777,0,0,0,0.0
6.8284264415401,0,0,0,0.0
6.8344264415401,0,0,0,0.0
6.835071602830423,0,0,0,0.0
6.841071602830423,0,0,0,0.0
6.841716764120746,0,0,0,0.0
6.847716764120746,0,0,0,0.0
6.848361925411069,0,0,0,0.0
6.8543619254110695,0,0,0,0.0
6.855007086701392,0,0,0,0.0
6.861007086701393,0,0,0,0.0
6.8616522479917155,0,0,0,0.0
6.867652247991716,0,0,0,0.0
6.868297409282039,0,0,0,0.0
6.874297409282039,0,0,0,0.0
6.874942570572362,0,0,0,0.0
6.880942570572362,0,0,0,0.0
6.881587731862685,0,0,0,0.0
6.887587731862685,0,0,0,0.0
6.888232893153008,0,0,0,0.0
6.894232893153008,0,0,0,0.0
6.894878054443331,0,0,0,0.0
6.900878054443331,0,0,0,0.0
6.901523215733654,0,0,0,0.0
6.907523215733654,0,0,0,0.0
6.908168377023977,0,0,0,0.0
6.9141683770239775,0,0,0,0.0
6.9148135383143,0,0,0,0.0
6.920813538314301,0,0,0,0.0
6.9214586996046235,0,0,0,0.0
6.927458699604624,0,0,0,0.0
6.928103860894947,0,0,0,0.0
6.934103860894947,0,0,0,0.0
6.93474902218527,0,0,0,0.0
6.94074902218527,0,0,0,0.0
6.941394183475593,0,0,0,0.0
6.947394183475593,0,0,0,0.0
6.948039344765916,0,0,0,0.0
6.954039344765916,0,0,0,0.0
6.954684506056239,0,0,0,0.0
6.960684506056239,0,0,0,0.0
6.961329667346562,0,0,0,0.0
6.967329667346562,0,0,0,0.0
6.967974828636885,0,0,0,0.0
6.9739748286368854,0,0,0,0.0
6.974619989927208,0,0,0,0.0
6.980619989927209,0,0,0,0.0
6.981265151217531,0,0,0,0.0
6.987265151217532,0,0,0,0.0
6.9879103125078545,0,0,0,0.0
6.993910312507855,0,0,0,0.0
6.994555473798178,0,0,0,0.0
7.000555473798178,0,0,0,0.0
7.001200635088501,0,0,0,0.0
7.007200635088501,0,0,0,0.0
7.007845796378824,0,0,0,0.0
7.013845796378824,0,0,0,0.0
7.014490957669147,0,0,0,0.0
7.020490957669147,0,0,0,0.0
7.02113611895947,0,0,0,0.0
7.02713611895947,0,0,0,0.0
7.027781280249793,0,0,0,0.0
7.033781280249793,0,0,0,0.0
7.034426441540116,0,0,0,0.0
7.0404264415401165,0,0,0,0.0
7.041071602830439,0,0,0,0.0
7.04707160283044,0,0,0,0.0
7.0477167641207625,0,0,0,0.0
7.053716764120763,0,0,0,0.0
7.054361925411086,0,0,0,0.0
7.060361925411086,0,0,0,0.0
7.061007086701409,0,0,0,0.0
7.067007086701409,0,0,0,0.0
7.067652247991732,0,0,0,0.0
7.073652247991732,0,0,0,0.0
7.074297409282055,0,0,0,0.0
7.080297409282055,0,0,0,0.0
7.080942570572378,0,0,0,0.0
7.086942570572378,0,0,0,0.0
7.087594744485422,0,0,0,0.0
7.093594744485422,0,0,0,0.0
7.094246918398466,0,0,0,0.0
7.100246918398466,0,0,0,0.0
7.10089909231151,0,0,0,0.0
7.10689909231151,0,0,0,0.0
7.10755843297085,0,0,0,0.0
7.1135584329708506,0,0,0,0.0
7.114217773630191,0,0,0,0.0
7.120217773630191,0,0,0,0.0
7.120877114289532,0,0,0,0.0
7.126877114289532,0,0,0,0.0
7.1275364549488724,0,0,0,0.0
7.133536454948873,0,0,0,0.0
7.134195795608213,0,0,0,0.0
7.140195795608213,0,0,0,0.0
7.140855136267554,0,0,0,0.0
7.146855136267554,0,0,0,0.0
7.147514476926895,0,0,0,0.0
7.153514476926895,0,0,0,0.0
7.154173817586235,0,0,0,0.0
7.1601738175862355,0,0,0,0.0
7.160833158245576,0,0,0,0.0
7.166833158245576,0,0,0,0.0
7.167492498904917,0,0,0,0.0
7.173492498904917,0,0,0,0.0
7.174151839564257,0,0,0,0.0
7.180151839564258,0,0,0,0.0
7.180811180223598,0,0,0,0.0
7.186811180223598,0,0,0,0.0
7.187470520882939,0,0,0,0.0
7.193470520882939,0,0,0,0.0
7.1941298615422795,0,0,0,0.0
7.20012986154228,0,0,0,0.0
7.20078920220162,0,0,0,0.0
7.2067892022016204,0,0,0,0.0
7.207448542860961,0,0,0,0.0
7.213448542860961,0,0,0,0.0
7.214107883520302,0,0,0,0.0
7.220107883520302,0,0,0,0.0
7.220767224179642,0,0,0,0.0
7.226767224179643,0,0,0,0.0
7.227426564838983,0,0,0,0.0
7.233426564838983,0,0,0,0.0
7.234085905498324,0,0,0,0.0
7.240085905498324,0,0,0,0.0
7.2407452461576645,0,0,0,0.0
7.246745246157665,0,0,0,0.0
7.247404586817005,0,0,0,0.0
7.253404586817005,0,0,0,0.0
7.254063927476346,0,0,0,0.0
7.260063927476346,0,0,0,0.0
7.260723268135687,0,0,0,0.0
7.266723268135687,0,0,0,0.0
7.267382608795027,0,0,0,0.0
7.2733826087950275,0,0,0,0.0
7.274041949454368,0,0,0,0.0
7.280041949454368,0,0,0,0.0
7.280701290113709,0,0,0,0.0
7.286701290113709,0,0,0,0.0
7.287360630773049,0,0,0,0.0
7.29336063077305,0,0,0,0.0
7.29401997143239,0,0,0,0.0
7.30001997143239,0,0,0,0.0
7.300679312091731,0,0,0,0.0
7.306679312091731,0,0,0,0.0
7.3073386527510715,0,0,0,0.0
7.313338652751072,0,0,0,0.0
7.313997993410412,0,0,0,0.0
7.3199979934104125,0,0,0,0.0
7.320657334069753,0,0,0,0.0
7.326657334069753,0,0,0,0.0
7.327316674729094,0,0,0,0.0
7.333316674729094,0,0,0,0.0
7.333976015388434,0,0,0,0.0
7.339976015388435,0,0,0,0.0
7.340635356047775,0,0,0,0.0
7.346635356047775,0,0,0,0.0
7.347294696707116,0,0,0,0.0
7.353294696707116,0,0,0,0.0
7.3539540373664565,0,0,0,0.0
7.359954037366457,0,0,0,0.0
7.360613378025797,0,0,0,0.0
7.366613378025797,0,0,0,0.0
7.367272718685138,0,0,0,0.0
7.373272718685138,0,0,0,0.0
7.373932059344479,0,0,0,0.0
7.379932059344479,0,0,0,0.0
7.380591400003819,0,0,0,0.0
7.3865914000038195,0,0,0,0.0
7.38725074066316,0,0,0,0.0
7.39325074066316,0,0,0,0.0
7.393910081322501,0,0,0,0.0
7.399910081322501,0,0,0,0.0
7.400569421981841,0,0,0,0.0
7.406569421981842,0,0,0,0.0
7.407236088648508,0,0,0,0.0
7.4132360886485085,0,0,0,0.0
7.413902755315175,0,0,0,0.0
7.419902755315175,0,0,0,0.0
7.420569421981842,0,0,0,0.0
7.426569421981842,0,0,0,0.0
7.427236088648509,0,0,0,0.0
7.433236088648509,0,0,0,0.0
7.433910245951879,0,0,0,0.0
7.4399102459518796,0,0,0,0.0
7.44058440325525,0,0,0,0.0
7.44658440325525,0,0,0,0.0
7.447258560558621,0,0,0,0.0
7.453258560558621,0,0,0,0.0
7.453932717861991,0,0,0,0.0
7.459932717861991,0,0,0,0.0
7.460606875165362,0,0,0,0.0
7.466606875165362,0,0,0,0.0
7.467281032468732,0,0,0,0.0
7.473281032468733,0,0,0,0.0
7.473955189772103,0,0,0,0.0
7.479955189772103,0,0,0,0.0
7.480629347075474,0,0,0,0.0
7.486629347075474,0,0,0,0.0
7.487303504378844,0,0,0,0.0
7.4933035043788445,0,0,0,0.0
7.493977661682215,0,0,0,0.0
7.499977661682215,0,0,0,0.0
7.5006518189855855,0,0,0,0.0
7.506651818985586,0,0,0,0.0
7.507325976288956,0,0,0,0.0
7.513325976288956,0,0,0,0.0
7.514000133592327,0,0,0,0.0
7.520000133592327,0,0,0,0.0
7.520674290895697,0,0,0,0.0
7.526674290895698,0,0,0,0.0
7.527348448199068,0,0,0,0.0
7.533348448199068,0,0,0,0.0
7.534022605502439,0,0,0,0.0
7.540022605502439,0,0,0,0.0
7.540696762805809,0,0,0,0.0
7.5466967628058095,0,0,0,0.0
7.54737092010918,0,0,0,0.0
7.55337092010918,0,0,0,0.0
7.5540450774125505,0,0,0,0.0
7.560045077412551,0,0,0,0.0
7.560719234715921,0,0,0,0.0
7.566719234715921,0,0,0,0.0
7.567393392019292,0,0,0,0.0
7.573393392019292,0,0,0,0.0
7.574067549322662,0,0,0,0.0
7.580067549322663,0,0,0,0.0
7.580741706626033,0,0,0,0.0
7.586741706626033,0,0,0,0.0
7.587415863929404,0,0,0,0.0
7.593415863929404,0,0,0,0.0
7.594090021232774,0,0,0,0.0
7.600090021232774,0,0,0,0.0
7.600764178536145,0,0,0,0.0
7.606764178536145,0,0,0,0.0
7.6074383358395155,0,0,0,0.0
7.613438335839516,0,0,0,0.0
7.614112493142886,0,0,0,0.0
7.620112493142886,0,0,0,0.0
7.620786650446257,0,0,0,0.0
7.626786650446257,0,0,0,0.0
7.627460807749627,0,0,0,0.0
7.6334608077496275,0,0,0,0.0
7.634134965052998,0,0,0,0.0
7.640134965052998,0,0,0,0.0
7.6408091223563686,0,0,0,0.0
7.646809122356369,0,0,0,0.0
7.647483279659739,0,0,0,0.0
7.653483279659739,0,0,0,0.0
7.65415743696311,0,0,0,0.0
7.66015743696311,0,0,0,0.0
7.66083159426648,0,0,0,0.0
7.666831594266481,0,0,0,0.0
7.667513412448299,0,0,0,0.0
7.673513412448299,0,0,0,0.0
7.674195230630118,0,0,0,0.0
7.680195230630118,0,0,0,0.0
7.6808770488119364,0,0,0,0.0
7.686877048811937,0,0,0,0.0
7.687558866993755,0,0,0,0.0
7.693558866993755,0,0,0,0.0
7.694240685175574,0,0,0,0.0
7.700240685175574,0,0,0,0.0
7.7009225033573925,0,0,0,0.0
7.706922503357393,0,0,0,0.0
7.707604321539211,0,0,0,0.0
7.713604321539211,0,0,0,0.0
7.71428613972103,0,0,0,0.0
7.72028613972103,0,0,0,0.0
7.720975794893444,0,0,0,0.0
7.726975794893444,0,0,0,0.0
7.7276654500658575,0,0,0,0.0
7.733665450065858,0,0,0,0.0
7.734355105238271,0,0,0,0.0
7.7403551052382715,0,0,0,0.0
7.741044760410685,0,0,0,0.0
7.747044760410685,0,0,0,0.0
7.747734415583099,0,0,0,0.0
7.753734415583099,0,0,0,0.0
7.754424070755513,0,0,0,0.0
7.760424070755513,0,0,0,0.0
7.761113725927927,0,0,0,0.0
7.767113725927927,0,0,0,0.0
7.76780338110034,0,0,0,0.0
7.773803381100341,0,0,0,0.0
7.774493036272754,0,0,0,0.0
7.7804930362727545,0,0,0,0.0
7.781182691445168,0,0,0,0.0
7.787182691445168,0,0,0,0.0
7.787872346617582,0,0,0,0.0
7.793872346617582,0,0,0,0.0
7.794562001789996,0,0,0,0.0
7.800562001789996,0,0,0,0.0
7.8012516569624095,0,0,0,0.0
7.80725165696241,0,0,0,0.0
7.807941312134823,0,0,0,0.0
7.813941312134824,0,0,0,0.0
7.814630967307237,0,0,0,0.0
7.820630967307237,0,0,0,0.0
7.821320622479651,0,0,0,0.0
7.827320622479651,0,0,0,0.0
7.828010277652065,0,0,0,0.0
7.834010277652065,0,0,0,0.0
7.834699932824479,0,0,0,0.0
7.840699932824479,0,0,0,0.0
7.8413895879968925,0,0,0,0.0
7.847389587996893,0,0,0,0.0
7.848079243169306,0,0,0,0.0
7.8540792431693065,0,0,0,0.0
7.85476889834172,0,0,0,0.0
7.86076889834172,0,0,0,0.0
7.861458553514134,0,0,0,0.0
7.867458553514134,0,0,0,0.0
7.868148208686548,0,0,0,0.0
7.874148208686548,0,0,0,0.0
7.874837863858962,0,0,0,0.0
7.880837863858962,0,0,0,0.0
7.881527519031375,0,0,0,0.0
7.887527519031376,0,0,0,0.0
7.888217174203789,0,0,0,0.0
7.894217174203789,0,0,0,0.0
7.894906829376203,0,0,0,0.0
7.900906829376203,0,0,0,0.0
7.901596484548617,0,0,0,0.0
7.907596484548617,0,0,0,0.0
7.908286139721031,0,0,0,0.0
7.914286139721031,0,0,0,0.0
7.9149757948934445,0,0,0,0.0
7.920975794893445,0,0,0,0.0
7.921665450065858,0,0,0,0.0
7.9276654500658585,0,0,0,0.0
7.928355105238272,0,0,0,0.0
7.934355105238272,0,0,0,0.0
7.935044760410686,0,0,0,0.0
7.941044760410686,0,0,0,0.0
7.9417344155831,0,0,0,0.0
7.9477344155831,0,0,0,0.0
7.948424070755514,0,0,0,0.0
7.954424070755514,0,0,0,0.0
7.955113725927927,0,0,0,0.0
7.961113725927928,0,0,0,0.0
7.961803381100341,0,0,0,0.0
7.9678033811003415,0,0,0,0.0
7.968493036272755,0,0,0,0.0
7.974493036272755,0,0,0,0.0
7.975182691445169,0,0,0,0.0
7.981182691445169,0,0,0,0.0
7.981872346617583,0,0,0,0.0
7.987872346617583,0,0,0,0.0
7.9885620017899965,0,0,0,0.0
7.994562001789997,0,0,0,0.0
7.99525165696241,0,0,0,0.0
8.00125165696241,0,0,0,0.0
8.001941312134823,0,0,0,0.0
8.007941312134824,0,0,0,0.0
8.008630967307237,0,0,0,0.0
8.014630967307237,0,0,0,0.0
8.015320622479651,0,0,0,0.0
8.021320622479651,0,0,0,0.0
8.022018296898256,0,0,0,0.0
8.028018296898257,0,0,0,0.0
8.028715971316862,0,0,0,0.0
8.034715971316862,0,0,0,0.0
8.035413645735467,0,0,0,0.0
8.041413645735467,0,0,0,0.0
8.042111320154072,0,0,0,0.0
8.048111320154073,0,0,0,0.0
8.048808994572678,0,0,0,0.0
8.054808994572678,0,0,0,0.0
8.055506668991283,0,0,0,0.0
8.061506668991283,0,0,0,0.0
8.062204343409888,0,0,0,0.0
8.068204343409889,0,0,0,0.0
8.068902017828494,0,0,0,0.0
8.074902017828494,0,0,0,0.0
8.0755996922471,0,0,0,0.0
8.0815996922471,0,0,0,0.0
8.082297366665705,0,0,0,0.0
8.088297366665705,0,0,0,0.0
8.08899504108431,0,0,0,0.0
8.09499504108431,0,0,0,0.0
8.095692715502915,0,0,0,0.0
8.101692715502915,0,0,0,0.0
8.10239038992152,0,0,0,0.0
8.10839038992152,0,0,0,0.0
8.109088064340126,0,0,0,0.0
8.115088064340126,0,0,0,0.0
8.115785738758731,0,0,0,0.0
8.121785738758732,0,0,0,0.0
8.122483413177337,0,0,0,0.0
8.128483413177337,0,0,0,0.0
8.129181087595942,0,0,0,0.0
8.135181087595942,0,0,0,0.0
8.135878762014547,0,0,0,0.0
8.141878762014548,0,0,0,0.0
8.142576436433153,0,0,0,0.0
8.148576436433153,0,0,0,0.0
8.149274110851758,0,0,0,0.0
8.155274110851758,0,0,0,0.0
8.155971785270363,0,0,0,0.0
8.161971785270364,0,0,0,0.0
8.162669459688969,0,0,0,0.0
8.168669459688969,0,0,0,0.0
8.169367134107574,0,0,0,0.0
8.175367134107574,0,0,0,0.0
8.17606480852618,0,0,0,0.0
8.18206480852618,0,0,0,0.0
8.182762482944785,0,0,0,0.0
8.188762482944785,0,0,0,0.0
8.18946015736339,0,0,0,0.0
8.19546015736339,0,0,0,0.0
8.196157831781996,0,0,0,0.0
8.202157831781996,0,0,0,0.0
8.202855506200601,0,0,0,0.0
8.208855506200601,0,0,0,0.0
8.209553180619206,0,0,0,0.0
8.215553180619207,0,0,0,0.0
8.216250855037812,0,0,0,0.0
8.222250855037812,0,0,0,0.0
8.222948529456417,0,0,0,0.0
8.228948529456417,0,0,0,0.0
8.229646203875022,0,0,0,0.0
8.235646203875023,0,0,0,0.0
8.236343878293628,0,0,0,0.0
8.242343878293628,0,0,0,0.0
8.243041552712233,0,0,0,0.0
8.249041552712233,0,0,0,0.0
8.249739227130839,0,0,0,0.0
8.255739227130839,0,0,0,0.0
8.256436901549444,0,0,0,0.0
8.262436901549444,0,0,0,0.0
8.26313457596805,0,0,0,0.0
8.26913457596805,0,0,0,0.0
8.269832250386655,0,0,0,0.0
8.275832250386655,0,0,0,0.0
8.27652992480526,0,0,0,0.0
8.28252992480526,0,0,0,0.0
8.283227599223865,0,0,0,0.0
8.289227599223866,0,0,0,0.0
8.28992527364247,0,0,0,0.0
8.295925273642471,0,0,0,0.0
8.296622948061076,0,0,0,0.0
8.302622948061076,0,0,0,0.0
8.303320622479681,0,0,0,0.0
8.309320622479682,0,0,0,0.0
8.310018296898287,0,0,0,0.0
8.316018296898287,0,0,0,0.0
8.316715971316892,0,0,0,0.0
8.322715971316892,0,0,0,0.0
8.323413645735497,0,0,0,0.0
8.329413645735498,0,0,0,0.0
8.330111320154103,0,0,0,0.0
8.336111320154103,0,0,0,0.0
8.336808994572708,0,0,0,0.0
8.342808994572708,0,0,0,0.0
8.343506668991314,0,0,0,0.0
8.349506668991314,0,0,0,0.0
8.350204343409919,0,0,0,0.0
8.35620434340992,0,0,0,0.0
8.356902017828524,0,0,0,0.0
8.362902017828524,0,0,0,0.0
8.36359969224713,0,0,0,0.0
8.36959969224713,0,0,0,0.0
8.370297366665735,0,0,0,0.0
8.376297366665735,0,0,0,0.0
8.37699504108434,0,0,0,0.0
8.38299504108434,0,0,0,0.0
8.383692715502946,0,0,0,0.0
8.389692715502946,0,0,0,0.0
8.390390389921551,0,0,0,0.0
8.396390389921551,0,0,0,0.0
8.397088064340156,0,0,0,0.0
8.403088064340157,0,0,0,0.0
8.403785738758762,0,0,0,0.0
8.409785738758762,0,0,0,0.0
8.410483413177367,0,0,0,0.0
8.416483413177367,0,0,0,0.0
8.417181087595972,0,0,0,0.0
8.423181087595973,0,0,0,0.0
8.423878762014578,0,0,0,0.0
8.429878762014578,0,0,0,0.0
8.430576436433183,0,0,0,0.0
8.436576436433183,0,0,0,0.0
8.437282318786124,0,0,0,0.0
8.443282318786125,0,0,0,0.0
8.443988201139065,0,0,0,0.0
8.449988201139066,0,0,0,0.0
8.450694083492007,0,0,0,0.0
8.456694083492007,0,0,0,0.0
8.457399965844948,0,0,0,0.0
8.463399965844948,0,0,0,0.0
8.464105848197889,0,0,0,0.0
8.470105848197889,0,0,0,0.0
8.47081173055083,0,0,0,0.0
8.47681173055083,0,0,0,0.0
8.477517612903771,0,0,0,0.0
8.483517612903771,0,0,0,0.0
8.484223495256712,0,0,0,0.0
8.490223495256712,0,0,0,0.0
8.490929377609653,0,0,0,0.0
8.496929377609653,0,0,0,0.0
8.497635259962594,0,0,0,0.0
8.503635259962595,0,0,0,0.0
8.504341142315536,0,0,0,0.0
8.510341142315536,0,0,0,0.0
8.511047024668477,0,0,0,0.0
8.517047024668477,0,0,0,0.0
8.517752907021418,0,0,0,0.0
8.523752907021418,0,0,0,0.0
8.524458789374359,0,0,0,0.0
8.530458789374359,0,0,0,0.0
8.5311646717273,0,0,0,0.0
8.5371646717273,0,0,0,0.0
8.537870554080241,0,0,0,0.0
8.543870554080241,0,0,0,0.0
8.544576436433182,0,0,0,0.0
8.550576436433182,0,0,0,0.0
8.551282318786123,0,0,0,0.0
8.557282318786124,0,0,0,0.0
8.557988201139064,0,0,0,0.0
8.563988201139065,0,0,0,0.0
8.564694083492006,0,0,0,0.0
8.570694083492006,0,0,0,0.0
8.571399965844947,0,0,0,0.0
8.577399965844947,0,0,0,0.0
8.578105848197888,0,0,0,0.0
8.584105848197888,0,0,0,0.0
8.584811730550829,0,0,0,0.0
8.59081173055083,0,0,0,0.0
8.59151761290377,0,0,0,0.0
8.59751761290377,0,0,0,0.0
8.598223495256711,0,0,0,0.0
8.604223495256711,0,0,0,0.0
8.604929377609652,0,0,0,0.0
8.610929377609652,0,0,0,0.0
8.611635259962593,0,0,0,0.0
8.617635259962594,0,0,0,0.0
8.618341142315534,0,0,0,0.0
8.624341142315535,0,0,0,0.0
8.625047024668476,0,0,0,0.0
8.631047024668476,0,0,0,0.0
8.631752907021417,0,0,0,0.0
8.637752907021417,0,0,0,0.0
8.638458789374358,0,0,0,0.0
8.644458789374358,0,0,0,0.0
8.645164671727299,0,0,0,0.0
8.6511646717273,0,0,0,0.0
8.65187055408024,0,0,0,0.0
8.65787055408024,0,0,0,0.0
8.658576436433181,0,0,0,0.0
8.664576436433181,0,0,0,0.0
8.665282318786122,0,0,0,0.0
8.671282318786123,0,0,0,0.0
8.671988201139063,0,0,0,0.0
8.677988201139064,0,0,0,0.0
8.678694083492005,0,0,0,0.0
8.684694083492005,0,0,0,0.0
8.685399965844946,0,0,0,0.0
8.691399965844946,0,0,0,0.0
8.692105848197887,0,0,0,0.0
8.698105848197887,0,0,0,0.0
8.698811730550828,0,0,0,0.0
8.704811730550828,0,0,0,0.0
8.705517612903769,0,0,0,0.0
8.71151761290377,0,0,0,0.0
8.71222349525671,0,0,0,0.0
8.71822349525671,0,0,0,0.0
8.718929377609651,0,0,0,0.0
8.724929377609651,0,0,0,0.0
8.725635259962592,0,0,0,0.0
8.731635259962593,0,0,0,0.0
8.732349545676879,0,0,0,0.0
8.73834954567688,0,0,0,0.0
8.739063831391165,0,0,0,0.0
8.745063831391166,0,0,0,0.0
8.745778117105452,0,0,0,0.0
8.751778117105452,0,0,0,0.0
8.752492402819739,0,0,0,0.0
8.758492402819739,0,0,0,0.0
8.759206688534025,0,0,0,0.0
8.765206688534025,0,0,0,0.0
8.765920974248312,0,0,0,0.0
8.771920974248312,0,0,0,0.0
8.772635259962598,0,0,0,0.0
8.778635259962599,0,0,0,0.0
8.779349545676885,0,0,0,0.0
8.785349545676885,0,0,0,0.0
8.786063831391171,0,0,0,0.0
8.792063831391172,0,0,0,0.0
8.792778117105458,0,0,0,0.0
8.798778117105458,0,0,0,0.0
8.799492402819745,0,0,0,0.0
8.805492402819745,0,0,0,0.0
8.806206688534031,0,0,0,0.0
8.812206688534031,0,0,0,0.0
8.812920974248318,0,0,0,0.0
8.818920974248318,0,0,0,0.0
8.819635259962604,0,0,0,0.0
8.825635259962604,0,0,0,0.0
8.82634954567689,0,0,0,0.0
8.832349545676891,0,0,0,0.0
8.833063831391177,0,0,0,0.0
8.839063831391178,0,0,0,0.0
8.839778117105464,0,0,0,0.0
8.845778117105464,0,0,0,0.0
8.84649240281975,0,0,0,0.0
8.85249240281975,0,0,0,0.0
8.853206688534037,0,0,0,0.0
8.859206688534037,0,0,0,0.0
8.859920974248324,0,0,0,0.0
8.865920974248324,0,0,0,0.0
8.86663525996261,0,0,0,0.0
8.87263525996261,0,0,0,0.0
8.873349545676897,0,0,0,0.0
8.879349545676897,0,0,0,0.0
8.880063831391183,0,0,0,0.0
8.886063831391183,0,0,0,0.0
8.88677811710547,0,0,0,0.0
8.89277811710547,0,0,0,0.0
8.893492402819756,0,0,0,0.0
8.899492402819757,0,0,0,0.0
8.900206688534043,0,0,0,0.0
8.906206688534043,0,0,0,0.0
8.90692097424833,0,0,0,0.0
8.91292097424833,0,0,0,0.0
8.913635259962616,0,0,0,0.0
8.919635259962616,0,0,0,0.0
8.920349545676903,0,0,0,0.0
8.926349545676903,0,0,0,0.0
8.92706383139119,0,0,0,0.0
8.93306383139119,0,0,0,0.0
8.933778117105476,0,0,0,0.0
8.939778117105476,0,0,0,0.0
8.940492402819762,0,0,0,0.0
8.946492402819763,0,0,0,0.0
8.947215294386028,0,0,0,0.0
8.953215294386029,0,0,0,0.0
8.953938185952294,0,0,0,0.0
8.959938185952295,0,0,0,0.0
8.96066107751856,0,0,0,0.0
8.96666107751856,0,0,0,0.0
8.967383969084826,0,0,0,0.0
8.973383969084827,0,0,0,0.0
8.974106860651093,0,0,0,0.0
8.980106860651093,0,0,0,0.0
8.980829752217359,0,0,0,0.0
8.986829752217359,0,0,0,0.0
8.987552643783625,0,0,0,0.0
8.993552643783625,0,0,0,0.0
8.99427553534989,0,0,0,0.0
9.00027553534989,0,0,0,0.0
9.000998426916157,0,0,0,0.0
9.006998426916157,0,0,0,0.0
9.007721318482423,0,0,0,0.0
9.013721318482423,0,0,0,0.0
9.014444210048689,0,0,0,0.0
9.020444210048689,0,0,0,0.0
9.021167101614955,0,0,0,0.0
9.027167101614955,0,0,0,0.0
9.027898808932028,0,0,0,0.0
9.033898808932028,0,0,0,0.0
9.0346305162491,0,0,0,0.0
9.0406305162491,0,0,0,0.0
9.041362223566173,0,0,0,0.0
9.047362223566173,0,0,0,0.0
9.048093930883246,0,0,0,0.0
9.054093930883246,0,0,0,0.0
9.054825638200318,0,0,0,0.0
9.060825638200319,0,0,0,0.0
9.061557345517391,0,0,0,0.0
9.067557345517391,0,0,0,0.0
9.068289052834464,0,0,0,0.0
9.074289052834464,0,0,0,0.0
9.075020760151537,0,0,0,0.0
9.081020760151537,0,0,0,0.0
9.08175246746861,0,0,0,0.0
9.08775246746861,0,0,0,0.0
9.088484174785682,0,0,0,0.0
9.094484174785682,0,0,0,0.0
9.095215882102755,0,0,0,0.0
9.101215882102755,0,0,0,0.0
9.101947589419828,0,0,0,0.0
9.107947589419828,0,0,0,0.0
9.1086792967369,0,0,0,0.0
9.1146792967369,0,0,0,0.0
9.115411004053973,0,0,0,0.0
9.121411004053973,0,0,0,0.0
9.122142711371046,0,0,0,0.0
9.128142711371046,0,0,0,0.0
9.128874418688119,0,0,0,0.0
9.134874418688119,0,0,0,0.0
9.135606126005191,0,0,0,0.0
9.141606126005192,0,0,0,0.0
9.142337833322264,0,0,0,0.0
9.148337833322264,0,0,0,0.0
9.149069540639337,0,0,0,0.0
9.155069540639337,0,0,0,0.0
9.15580124795641,0,0,0,0.0
9.16180124795641,0,0,0,0.0
9.162532955273482,0,0,0,0.0
9.168532955273482,0,0,0,0.0
9.169264662590555,0,0,0,0.0
9.175264662590555,0,0,0,0.0
9.175996369907628,0,0,0,0.0
9.181996369907628,0,0,0,0.0
9.1827280772247,0,0,0,0.0
9.1887280772247,0,0,0,0.0
9.189459784541773,0,0,0,0.0
9.195459784541773,0,0,0,0.0
9.196191491858846,0,0,0,0.0
9.202191491858846,0,0,0,0.0
9.202923199175919,0,0,0,0.0
9.208923199175919,0,0,0,0.0
9.209654906492991,0,0,0,0.0
9.215654906492992,0,0,0,0.0
9.216386613810064,0,0,0,0.0
9.222386613810064,0,0,0,0.0
9.223118321127137,0,0,0,0.0
9.229118321127137,0,0,0,0.0
9.22985002844421,0,0,0,0.0
9.23585002844421,0,0,0,0.0
9.236581735761282,0,0,0,0.0
9.242581735761283,0,0,0,0.0
9.243313443078355,0,0,0,0.0
9.249313443078355,0,0,0,0.0
9.250045150395428,0,0,0,0.0
9.256045150395428,0,0,0,0.0
9.2567768577125,0,0,0,0.0
9.2627768577125,0,0,0,0.0
9.263508565029573,0,0,0,0.0
9.269508565029573,0,0,0,0.0
9.270240272346646,0,0,0,0.0
9.276240272346646,0,0,0,0.0
9.276971979663719,0,0,0,0.0
9.282971979663719,0,0,0,0.0
9.283703686980791,0,0,0,0.0
9.289703686980792,0,0,0,0.0
9.290435394297864,0,0,0,0.0
9.296435394297864,0,0,0,0.0
9.297167101614937,0,0,0,0.0
9.303167101614937,0,0,0,0.0
9.30389880893201,0,0,0,0.0
9.30989880893201,0,0,0,0.0
9.310630516249082,0,0,0,0.0
9.316630516249083,0,0,0,0.0
9.317362223566155,0,0,0,0.0
9.323362223566155,0,0,0,0.0
9.324093930883228,0,0,0,0.0
9.330093930883228,0,0,0,0.0
9.3308256382003,0,0,0,0.0
9.3368256382003,0,0,0,0.0
9.337557345517373,0,0,0,0.0
9.343557345517373,0,0,0,0.0
9.344289052834446,0,0,0,0.0
9.350289052834446,0,0,0,0.0
9.351020760151519,0,0,0,0.0
9.357020760151519,0,0,0,0.0
9.357752467468591,0,0,0,0.0
9.363752467468592,0,0,0,0.0
9.364484174785664,0,0,0,0.0
9.370484174785664,0,0,0,0.0
9.371215882102737,0,0,0,0.0
9.377215882102737,0,0,0,0.0
9.37794758941981,0,0,0,0.0
9.38394758941981,0,0,0,0.0
9.384679296736882,0,0,0,0.0
9.390679296736883,0,0,0,0.0
9.391411004053955,0,0,0,0.0
9.397411004053955,0,0,0,0.0
9.398142711371028,0,0,0,0.0
9.404142711371028,0,0,0,0.0
9.4048744186881,0,0,0,0.0
9.4108744186881,0,0,0,0.0
9.411606126005173,0,0,0,0.0
9.417606126005174,0,0,0,0.0
9.418337833322246,0,0,0,0.0
9.424337833322246,0,0,0,0.0
9.425069540639319,0,0,0,0.0
9.431069540639319,0,0,0,0.0
9.431801247956392,0,0,0,0.0
9.437801247956392,0,0,0,0.0
9.438532955273464,0,0,0,0.0
9.444532955273464,0,0,0,0.0
9.445264662590537,0,0,0,0.0
9.451264662590537,0,0,0,0.0
9.45199636990761,0,0,0,0.0
9.45799636990761,0,0,0,0.0
9.458728077224682,0,0,0,0.0
9.464728077224683,0,0,0,0.0
9.465459784541755,0,0,0,0.0
9.471459784541755,0,0,0,0.0
9.472191491858828,0,0,0,0.0
9.478191491858828,0,0,0,0.0
9.4789231991759,0,0,0,0.0
9.4849231991759,0,0,0,0.0
9.485654906492973,0,0,0,0.0
9.491654906492974,0,0,0,0.0
9.492386613810046,0,0,0,0.0
9.498386613810046,0,0,0,0.0
9.499118321127119,0,0,0,0.0
9.505118321127119,0,0,0,0.0
9.505850028444192,0,0,0,0.0
9.511850028444192,0,0,0,0.0
9.512590769184932,0,0,0,0.0
9.518590769184932,0,0,0,0.0
9.519331509925673,0,0,0,0.0
9.525331509925673,0,0,0,0.0
9.526072250666413,0,0,0,0.0
9.532072250666413,0,0,0,0.0
9.532812991407154,0,0,0,0.0
9.538812991407154,0,0,0,0.0
9.539553732147894,0,0,0,0.0
9.545553732147894,0,0,0,0.0
9.546294472888635,0,0,0,0.0
9.552294472888635,0,0,0,0.0
9.553035213629375,0,0,0,0.0
9.559035213629375,0,0,0,0.0
9.559775954370116,0,0,0,0.0
9.565775954370116,0,0,0,0.0
9.566516695110856,0,0,0,0.0
9.572516695110856,0,0,0,0.0
9.573257435851596,0,0,0,0.0
9.579257435851597,0,0,0,0.0
9.579998176592337,0,0,0,0.0
9.585998176592337,0,0,0,0.0
9.586738917333077,0,0,0,0.0
9.592738917333078,0,0,0,0.0
9.593479658073818,0,0,0,0.0
9.599479658073818,0,0,0,0.0
9.600220398814558,0,0,0,0.0
9.606220398814559,0,0,0,0.0
9.606961139555299,0,0,0,0.0
9.6129611395553,0,0,0,0.0
9.6137111395553,0,0,0,0.0
9.6197111395553,0,0,0,0.0
9.6204611395553,0,0,0,0.0
9.6264611395553,0,0,0,0.0
9.6272111395553,0,0,0,0.0
9.6332111395553,0,0,0,0.0
9.6339611395553,0,0,0,0.0
9.6399611395553,0,0,0,0.0
9.6407111395553,0,0,0,0.0
9.6467111395553,0,0,0,0.0
9.6474611395553,0,0,0,0.0
9.6534611395553,0,0,0,0.0
9.6542111395553,0,0,0,0.0
9.660211139555301,0,0,0,0.0
9.660961139555301,0,0,0,0.0
9.666961139555301,0,0,0,0.0
9.667711139555301,0,0,0,0.0
9.673711139555301,0,0,0,0.0
9.674461139555302,0,0,0,0.0
9.680461139555302,0,0,0,0.0
9.681211139555302,0,0,0,0.0
9.687211139555302,0,0,0,0.0
9.687961139555302,0,0,0,0.0
9.693961139555302,0,0,0,0.0
9.694711139555302,0,0,0,0.0
9.700711139555303,0,0,0,0.0
9.701461139555303,0,0,0,0.0
9.707461139555303,0,0,0,0.0
9.708211139555303,0,0,0,0.0
9.714211139555303,0,0,0,0.0
9.714961139555303,0,0,0,0.0
9.720961139555303,0,0,0,0.0
9.721711139555303,0,0,0,0.0
9.727711139555304,0,0,0,0.0
9.728461139555304,0,0,0,0.0
9.734461139555304,0,0,0,0.0
9.735211139555304,0,0,0,0.0
9.741211139555304,0,0,0,0.0
9.741961139555304,0,0,0,0.0
9.747961139555304,0,0,0,0.0
9.748711139555304,0,0,0,0.0
9.754711139555305,0,0,0,0.0
9.755461139555305,0,0,0,0.0
9.761461139555305,0,0,0,0.0
9.762211139555305,0,0,0,0.0
9.768211139555305,0,0,0,0.0
9.768961139555305,0,0,0,0.0
9.774961139555305,0,0,0,0.0
9.775711139555305,0,0,0,0.0
9.781711139555306,0,0,0,0.0
9.782461139555306,0,0,0,0.0
9.788461139555306,0,0,0,0.0
9.789211139555306,0,0,0,0.0
9.795211139555306,0,0,0,0.0
9.795961139555306,0,0,0,0.0
9.801961139555306,0,0,0,0.0
9.802711139555306,0,0,0,0.0
9.808711139555307,0,0,0,0.0
9.809461139555307,0,0,0,0.0
9.815461139555307,0,0,0,0.0
9.816211139555307,0,0,0,0.0
9.822211139555307,0,0,0,0.0
9.822961139555307,0,0,0,0.0
9.828961139555307,0,0,0,0.0
9.829711139555307,0,0,0,0.0
9.835711139555308,0,0,0,0.0
9.836461139555308,0,0,0,0.0
9.842461139555308,0,0,0,0.0
9.843211139555308,0,0,0,0.0
9.849211139555308,0,0,0,0.0
9.849961139555308,0,0,0,0.0
9.855961139555308,0,0,0,0.0
9.856711139555308,0,0,0,0.0
9.862711139555309,0,0,0,0.0
9.863461139555309,0,0,0,0.0
9.869461139555309,0,0,0,0.0
9.870211139555309,0,0,0,0.0
9.87621113955531,0,0,0,0.0
9.87696113955531,0,0,0,0.0
9.88296113955531,0,0,0,0.0
9.88371113955531,0,0,0,0.0
9.88971113955531,0,0,0,0.0
9.890470633226196,0,0,0,0.0
9.896470633226196,0,0,0,0.0
9.897230126897082,0,0,0,0.0
9.903230126897082,0,0,0,0.0
9.903989620567968,0,0,0,0.0
9.909989620567968,0,0,0,0.0
9.910749114238854,0,0,0,0.0
9.916749114238854,0,0,0,0.0
9.91750860790974,0,0,0,0.0
9.92350860790974,0,0,0,0.0
9.924268101580626,0,0,0,0.0
9.930268101580626,0,0,0,0.0
9.931027595251512,0,0,0,0.0
9.937027595251513,0,0,0,0.0
9.937787088922398,0,0,0,0.0
9.943787088922399,0,0,0,0.0
9.944546582593285,0,0,0,0.0
9.950546582593285,0,0,0,0.0
9.95130607626417,0,0,0,0.0
9.957306076264171,0,0,0,0.0
9.958065569935057,0,0,0,0.0
9.964065569935057,0,0,0,0.0
9.964825063605943,0,0,0,0.0
9.970825063605943,0,0,0,0.0
9.97158455727683,0,0,0,0.0
9.97758455727683,0,0,0,0.0
9.978344050947715,0,0,0,0.0
9.984344050947715,0,0,0,0.0
9.985103544618601,0,0,0,0.0
9.991103544618602,0,0,0,0.0
9.991863038289488,0,0,0,0.0
9.997863038289488,0,0,0,0.0
9.998622531960374,0,0,0,0.0
10.004622531960374,0,0,0,0.0
10.00538202563126,0,0,0,0.0
10.01138202563126,0,0,0,0.0
10.012141519302146,0,0,0,0.0
10.018141519302146,0,0,0,0.0
10.018901012973032,0,0,0,0.0
10.024901012973032,0,0,0,0.0
10.025660506643918,0,0,0,0.0
10.031660506643918,0,0,0,0.0
10.032420000314804,0,0,0,0.0
10.038420000314805,0,0,0,0.0
10.03917949398569,0,0,0,0.0
10.04517949398569,0,0,0,0.0
10.045938987656577,0,0,0,0.0
10.051938987656577,0,0,0,0.0
10.052698481327463,0,0,0,0.0
10.058698481327463,0,0,0,0.0
10.059457974998349,0,0,0,0.0
10.065457974998349,0,0,0,0.0
10.066217468669235,0,0,0,0.0
10.072217468669235,0,0,0,0.0
10.072976962340121,0,0,0,0.0
10.078976962340121,0,0,0,0.0
10.079736456011007,0,0,0,0.0
10.085736456011007,0,0,0,0.0
10.086495949681893,0,0,0,0.0
10.092495949681894,0,0,0,0.0
10.09325544335278,0,0,0,0.0
10.09925544335278,0,0,0,0.0
10.100014937023666,0,0,0,0.0
10.106014937023666,0,0,0,0.0
10.106774430694552,0,0,0,0.0
10.112774430694552,0,0,0,0.0
10.113533924365438,0,0,0,0.0
10.119533924365438,0,0,0,0.0
10.120293418036324,0,0,0,0.0
10.126293418036324,0,0,0,0.0
10.12705291170721,0,0,0,0.0
10.13305291170721,0,0,0,0.0
10.133812405378096,0,0,0,0.0
10.139812405378096,0,0,0,0.0
10.140571899048982,0,0,0,0.0
10.146571899048983,0,0,0,0.0
10.147331392719869,0,0,0,0.0
10.153331392719869,0,0,0,0.0
10.154090886390755,0,0,0,0.0
10.160090886390755,0,0,0,0.0
10.16085038006164,0,0,0,0.0
10.166850380061641,0,0,0,0.0
10.167609873732527,0,0,0,0.0
10.173609873732527,0,0,0,0.0
10.174369367403413,0,0,0,0.0
10.180369367403413,0,0,0,0.0
10.1811288610743,0,0,0,0.0
10.1871288610743,0,0,0,0.0
10.187888354745185,0,0,0,0.0
10.193888354745186,0,0,0,0.0
10.194647848416071,0,0,0,0.0
10.200647848416072,0,0,0,0.0
10.201407342086958,0,0,0,0.0
10.207407342086958,0,0,0,0.0
10.208176572856189,0,0,0,0.0
10.21417657285619,0,0,0,0.0
10.21494580362542,0,0,0,0.0
10.22094580362542,0,0,0,0.0
10.221715034394652,0,0,0,0.0
10.227715034394652,0,0,0,0.0
10.228484265163884,0,0,0,0.0
10.234484265163884,0,0,0,0.0
10.235253495933115,0,0,0,0.0
10.241253495933115,0,0,0,0.0
10.242022726702347,0,0,0,0.0
10.248022726702347,0,0,0,0.0
10.248791957471578,0,0,0,0.0
10.254791957471578,0,0,0,0.0
10.25556118824081,0,0,0,0.0
10.26156118824081,0,0,0,0.0
10.262330419010041,0,0,0,0.0
10.268330419010042,0,0,0,0.0
10.269099649779273,0,0,0,0.0
10.275099649779273,0,0,0,0.0
10.275868880548504,0,0,0,0.0
10.281868880548505,0,0,0,0.0
10.282638111317736,0,0,0,0.0
10.288638111317736,0,0,0,0.0
10.289407342086967,0,0,0,0.0
10.295407342086968,0,0,0,0.0
10.296176572856199,0,0,0,0.0
10.3021765728562,0,0,0,0.0
10.30294580362543,0,0,0,0.0
10.30894580362543,0,0,0,0.0
10.309715034394662,0,0,0,0.0
10.315715034394662,0,0,0,0.0
10.316484265163893,0,0,0,0.0
10.322484265163894,0,0,0,0.0
10.323253495933125,0,0,0,0.0
10.329253495933125,0,0,0,0.0
10.330022726702357,0,0,0,0.0
10.336022726702357,0,0,0,0.0
10.336791957471588,0,0,0,0.0
10.342791957471588,0,0,0,0.0
10.34356118824082,0,0,0,0.0
10.34956118824082,0,0,0,0.0
10.350330419010051,0,0,0,0.0
10.356330419010051,0,0,0,0.0
10.357099649779283,0,0,0,0.0
10.363099649779283,0,0,0,0.0
10.363868880548514,0,0,0,0.0
10.369868880548514,0,0,0,0.0
10.370638111317746,0,0,0,0.0
10.376638111317746,0,0,0,0.0
10.377407342086977,0,0,0,0.0
10.383407342086977,0,0,0,0.0
10.384166835757863,0,0,0,0.0
10.390166835757864,0,0,0,0.0
10.39092632942875,0,0,0,0.0
10.39692632942875,0,0,0,0.0
10.397685823099636,0,0,0,0.0
10.403685823099636,0,0,0,0.0
10.404445316770522,0,0,0,0.0
10.410445316770522,0,0,0,0.0
10.411204810441408,0,0,0,0.0
10.417204810441408,0,0,0,0.0
10.417964304112294,0,0,0,0.0
10.423964304112294,0,0,0,0.0
10.42472379778318,0,0,0,0.0
10.43072379778318,0,0,0,0.0
10.431483291454066,0,0,0,0.0
10.437483291454067,0,0,0,0.0
10.438242785124952,0,0,0,0.0
10.444242785124953,0,0,0,0.0
10.445002278795839,0,0,0,0.0
10.451002278795839,0,0,0,0.0
10.451761772466725,0,0,0,0.0
10.457761772466725,0,0,0,0.0
10.45852126613761,0,0,0,0.0
10.464521266137611,0,0,0,0.0
10.465280759808497,0,0,0,0.0
10.471280759808497,0,0,0,0.0
10.472040253479383,0,0,0,0.0
10.478040253479383,0,0,0,0.0
10.47879974715027,0,0,0,0.0
10.48479974715027,0,0,0,0.0
10.485559240821155,0,0,0,0.0
10.491559240821156,0,0,0,0.0
10.492318734492041,0,0,0,0.0
10.498318734492042,0,0,0,0.0
10.499078228162928,0,0,0,0.0
10.505078228162928,0,0,0,0.0
10.505837721833814,0,0,0,0.0
10.511837721833814,0,0,0,0.0
10.5125972155047,0,0,0,0.0
10.5185972155047,0,0,0,0.0
10.519356709175586,0,0,0,0.0
10.525356709175586,0,0,0,0.0
10.526116202846472,0,0,0,0.0
10.532116202846472,0,0,0,0.0
10.532885433615704,0,0,0,0.0
10.538885433615704,0,0,0,0.0
10.539654664384935,0,0,0,0.0
10.545654664384935,0,0,0,0.0
10.546423895154167,0,0,0,0.0
10.552423895154167,0,0,0,0.0
10.553193125923398,0,0,0,0.0
10.559193125923398,0,0,0,0.0
10.55996235669263,0,0,0,0.0
10.56596235669263,0,0,0,0.0
10.566731587461861,0,0,0,0.0
10.572731587461861,0,0,0,0.0
10.573500818231093,0,0,0,0.0
10.579500818231093,0,0,0,0.0
10.580270049000324,0,0,0,0.0
10.586270049000325,0,0,0,0.0
10.587039279769556,0,0,0,0.0
10.593039279769556,0,0,0,0.0
10.593808510538787,0,0,0,0.0
10.599808510538788,0,0,0,0.0
10.600577741308019,0,0,0,0.0
10.60657774130802,0,0,0,0.0
10.60735696208724,0,0,0,0.0
10.61335696208724,0,0,0,0.0
10.61414643577145,0,0,0,0.0
10.620146435771451,0,0,0,0.0
10.620935909455662,0,0,0,0.0
10.626935909455662,0,0,0,0.0
10.627725383139873,0,0,0,0.0
10.633725383139874,0,0,0,0.0
10.634514856824085,0,0,0,0.0
10.640514856824085,0,0,0,0.0
10.641304330508296,0,0,0,0.0
10.647304330508296,0,0,0,0.0
10.648093804192508,0,0,0,0.0
10.654093804192508,0,0,0,0.0
10.654883277876719,0,0,0,0.0
10.660883277876719,0,0,0,0.0
10.66167275156093,0,0,0,0.0
10.66767275156093,0,0,0,0.0
10.668462225245142,0,0,0,0.0
10.674462225245142,0,0,0,0.0
10.675251698929353,0,0,0,0.0
10.681251698929353,0,0,0,0.0
10.682041172613564,0,0,0,0.0
10.688041172613564,0,0,0,0.0
10.688830646297776,0,0,0,0.0
10.694830646297776,0,0,0,0.0
10.695620119981987,0,0,0,0.0
10.701620119981987,0,0,0,0.0
10.702409593666198,0,0,0,0.0
10.708409593666198,0,0,0,0.0
10.70919906735041,0,0,0,0.0
10.71519906735041,0,0,0,0.0
10.715988541034621,0,0,0,0.0
10.721988541034621,0,0,0,0.0
10.722778014718832,0,0,0,0.0
10.728778014718833,0,0,0,0.0
10.729567488403044,0,0,0,0.0
10.735567488403044,0,0,0,0.0
10.736356962087255,0,0,0,0.0
10.742356962087255,0,0,0,0.0
10.743146435771466,0,0,0,0.0
10.749146435771467,0,0,0,0.0
10.749935909455678,0,0,0,0.0
10.755935909455678,0,0,0,0.0
10.756725383139889,0,0,0,0.0
10.76272538313989,0,0,0,0.0
10.7635148568241,0,0,0,0.0
10.7695148568241,0,0,0,0.0
10.770304330508312,0,0,0,0.0
10.776304330508312,0,0,0,0.0
10.777093804192523,0,0,0,0.0
10.783093804192523,0,0,0,0.0
10.783883277876734,0,0,0,0.0
10.789883277876735,0,0,0,0.0
10.790672751560946,0,0,0,0.0
10.796672751560946,0,0,0,0.0
10.797462225245157,0,0,0,0.0
10.803462225245157,0,0,0,0.0
10.804251698929368,0,0,0,0.0
10.810251698929369,0,0,0,0.0
10.81104117261358,0,0,0,0.0
10.81704117261358,0,0,0,0.0
10.817830646297791,0,0,0,0.0
10.823830646297791,0,0,0,0.0
10.824620119982002,0,0,0,0.0
10.830620119982003,0,0,0,0.0
10.831409593666214,0,0,0,0.0
10.837409593666214,0,0,0,0.0
10.838199067350425,0,0,0,0.0
10.844199067350425,0,0,0,0.0
10.844988541034636,0,0,0,0.0
10.850988541034637,0,0,0,0.0
10.851788541034637,0,0,0,0.0
10.857788541034637,0,0,0,0.0
10.858588541034637,0,0,0,0.0
10.864588541034637,0,0,0,0.0
10.865388541034637,0,0,0,0.0
10.871388541034637,0,0,0,0.0
10.872188541034637,0,0,0,0.0
10.878188541034637,0,0,0,0.0
10.878988541034637,0,0,0,0.0
10.884988541034637,0,0,0,0.0
10.885788541034637,0,0,0,0.0
10.891788541034638,0,0,0,0.0
10.892588541034637,0,0,0,0.0
10.898588541034638,0,0,0,0.0
10.899388541034638,0,0,0,0.0
10.905388541034638,0,0,0,0.0
10.906188541034638,0,0,0,0.0
10.912188541034638,0,0,0,0.0
10.912999351845448,0,0,0,0.0
10.918999351845448,0,0,0,0.0
10.919810162656258,0,0,0,0.0
10.925810162656258,0,0,0,0.0
10.926620973467069,0,0,0,0.0
10.932620973467069,0,0,0,0.0
10.933431784277879,0,0,0,0.0
10.939431784277879,0,0,0,0.0
10.940242595088689,0,0,0,0.0
10.94624259508869,0,0,0,0.0
10.9470534058995,0,0,0,0.0
10.9530534058995,0,0,0,0.0
10.95386421671031,0,0,0,0.0
10.95986421671031,0,0,0,0.0
10.96067502752112,0,0,0,0.0
10.96667502752112,0,0,0,0.0
10.96748583833193,0,0,0,0.0
10.97348583833193,0,0,0,0.0
10.97429664914274,0,0,0,0.0
10.98029664914274,0,0,0,0.0
10.98110745995355,0,0,0,0.0
10.98710745995355,0,0,0,0.0
10.98791827076436,0,0,0,0.0
10.993918270764361,0,0,0,0.0
10.994729081575171,0,0,0,0.0
11.000729081575171,0,0,0,0.0
11.001539892385981,0,0,0,0.0
11.007539892385982,0,0,0,0.0
11.008350703196792,0,0,0,0.0
11.014350703196792,0,0,0,0.0
11.01517262100501,0,0,0,0.0
11.021172621005011,0,0,0,0.0
11.02199453881323,0,0,0,0.0
11.02799453881323,0,0,0,0.0
11.028816456621449,0,0,0,0.0
11.03481645662145,0,0,0,0.0
11.035638374429668,0,0,0,0.0
11.041638374429668,0,0,0,0.0
11.042460292237887,0,0,0,0.0
11.048460292237888,0,0,0,0.0
11.049282210046107,0,0,0,0.0
11.055282210046107,0,0,0,0.0
11.056104127854326,0,0,0,0.0
11.062104127854326,0,0,0,0.0
11.062926045662545,0,0,0,0.0
11.068926045662545,0,0,0,0.0
11.069747963470764,0,0,0,0.0
11.075747963470764,0,0,0,0.0
11.076569881278983,0,0,0,0.0
11.082569881278983,0,0,0,0.0
11.083391799087202,0,0,0,0.0
11.089391799087203,0,0,0,0.0
11.090213716895422,0,0,0,0.0
11.096213716895422,0,0,0,0.0
11.09703563470364,0,0,0,0.0
11.103035634703641,0,0,0,0.0
11.10385755251186,0,0,0,0.0
11.10985755251186,0,0,0,0.0
11.110690885845193,0,0,0,0.0
11.116690885845193,0,0,0,0.0
11.117524219178526,0,0,0,0.0
11.123524219178526,0,0,0,0.0
11.124357552511858,0,0,0,0.0
11.130357552511859,0,0,0,0.0
11.131190885845191,0,0,0,0.0
11.137190885845191,0,0,0,0.0
11.138024219178524,0,0,0,0.0
11.144024219178524,0,0,0,0.0
11.144857552511857,0,0,0,0.0
11.150857552511857,0,0,0,0.0
11.15169088584519,0,0,0,0.0
11.15769088584519,0,0,0,0.0
11.158524219178522,0,0,0,0.0
11.164524219178523,0,0,0,0.0
11.165357552511855,0,0,0,0.0
11.171357552511855,0,0,0,0.0
11.172190885845188,0,0,0,0.0
11.178190885845188,0,0,0,0.0
11.17902421917852,0,0,0,0.0
11.185024219178521,0,0,0,0.0
11.185857552511854,0,0,0,0.0
11.191857552511854,0,0,0,0.0
11.192690885845186,0,0,0,0.0
11.198690885845187,0,0,0,0.0
11.19952421917852,0,0,0,0.0
11.20552421917852,0,0,0,0.0
11.206357552511852,0,0,0,0.0
11.212357552511852,0,0,0,0.0
11.213190885845185,0,0,0,0.0
11.219190885845185,0,0,0,0.0
11.220024219178518,0,0,0,0.0
11.226024219178518,0,0,0,0.0
11.22685755251185,0,0,0,0.0
11.23285755251185,0,0,0,0.0
11.233690885845183,0,0,0,0.0
11.239690885845183,0,0,0,0.0
11.240524219178516,0,0,0,0.0
11.246524219178516,0,0,0,0.0
11.247357552511849,0,0,0,0.0
11.253357552511849,0,0,0,0.0
11.254190885845182,0,0,0,0.0
11.260190885845182,0,0,0,0.0
11.261024219178514,0,0,0,0.0
11.267024219178515,0,0,0,0.0
11.267857552511847,0,0,0,0.0
11.273857552511847,0,0,0,0.0
11.27469088584518,0,0,0,0.0
11.28069088584518,0,0,0,0.0
11.281524219178513,0,0,0,0.0
11.287524219178513,0,0,0,0.0
11.288357552511846,0,0,0,0.0
11.294357552511846,0,0,0,0.0
11.295190885845178,0,0,0,0.0
11.301190885845179,0,0,0,0.0
11.302035956267714,0,0,0,0.0
11.308035956267714,0,0,0,0.0
11.30888102669025,0,0,0,0.0
11.31488102669025,0,0,0,0.0
11.315726097112785,0,0,0,0.0
11.321726097112785,0,0,0,0.0
11.32257116753532,0,0,0,0.0
11.328571167535321,0,0,0,0.0
11.329416237957856,0,0,0,0.0
11.335416237957856,0,0,0,0.0
11.336261308380392,0,0,0,0.0
11.342261308380392,0,0,0,0.0
11.343106378802927,0,0,0,0.0
11.349106378802928,0,0,0,0.0
11.349951449225463,0,0,0,0.0
11.355951449225463,0,0,0,0.0
11.356796519647999,0,0,0,0.0
11.362796519647999,0,0,0,0.0
11.363641590070534,0,0,0,0.0
11.369641590070534,0,0,0,0.0
11.37048666049307,0,0,0,0.0
11.37648666049307,0,0,0,0.0
11.377331730915605,0,0,0,0.0
11.383331730915605,0,0,0,0.0
11.38417680133814,0,0,0,0.0
11.390176801338141,0,0,0,0.0
11.391021871760676,0,0,0,0.0
11.397021871760677,0,0,0,0.0
11.397866942183212,0,0,0,0.0
11.403866942183212,0,0,0,0.0
11.404712012605748,0,0,0,0.0
11.410712012605748,0,0,0,0.0
11.411557083028283,0,0,0,0.0
11.417557083028283,0,0,0,0.0
11.418402153450819,0,0,0,0.0
11.424402153450819,0,0,0,0.0
11.425247223873354,0,0,0,0.0
11.431247223873354,0,0,0,0.0
11.43209229429589,0,0,0,0.0
11.43809229429589,0,0,0,0.0
11.438937364718425,0,0,0,0.0
11.444937364718426,0,0,0,0.0
11.445782435140961,0,0,0,0.0
11.451782435140961,0,0,0,0.0
11.452627505563497,0,0,0,0.0
11.458627505563497,0,0,0,0.0
11.459472575986032,0,0,0,0.0
11.465472575986032,0,0,0,0.0
11.466317646408568,0,0,0,0.0
11.472317646408568,0,0,0,0.0
11.473162716831103,0,0,0,0.0
11.479162716831103,0,0,0,0.0
11.480007787253639,0,0,0,0.0
11.486007787253639,0,0,0,0.0
11.486852857676174,0,0,0,0.0
11.492852857676175,0,0,0,0.0
11.49369792809871,0,0,0,0.0
11.49969792809871,0,0,0,0.0
11.500542998521246,0,0,0,0.0
11.506542998521246,0,0,0,0.0
11.507388068943781,0,0,0,0.0
11.513388068943781,0,0,0,0.0
11.514233139366317,0,0,0,0.0
11.520233139366317,0,0,0,0.0
11.521078209788852,0,0,0,0.0
11.527078209788852,0,0,0,0.0
11.527923280211388,0,0,0,0.0
11.533923280211388,0,0,0,0.0
11.534768350633923,0,0,0,0.0
11.540768350633924,0,0,0,0.0
11.541613421056459,0,0,0,0.0
11.54761342105646,0,0,0,0.0
11.548458491478995,0,0,0,0.0
11.554458491478995,0,0,0,0.0
11.55530356190153,0,0,0,0.0
11.56130356190153,0,0,0,0.0
11.562148632324066,0,0,0,0.0
11.568148632324066,0,0,0,0.0
11.568993702746601,0,0,0,0.0
11.574993702746601,0,0,0,0.0
11.575838773169137,0,0,0,0.0
11.581838773169137,0,0,0,0.0
11.582683843591672,0,0,0,0.0
11.588683843591673,0,0,0,0.0
11.589528914014208,0,0,0,0.0
11.595528914014208,0,0,0,0.0
11.596373984436743,0,0,0,0.0
11.602373984436744,0,0,0,0.0
11.603219054859279,0,0,0,0.0
11.60921905485928,0,0,0,0.0
11.610064125281815,0,0,0,0.0
11.616064125281815,0,0,0,0.0
11.61690919570435,0,0,0,0.0
11.62290919570435,0,0,0,0.0
11.623754266126886,0,0,0,0.0
11.629754266126886,0,0,0,0.0
11.630599336549421,0,0,0,0.0
11.636599336549422,0,0,0,0.0
11.637444406971957,0,0,0,0.0
11.643444406971957,0,0,0,0.0
11.644289477394492,0,0,0,0.0
11.650289477394493,0,0,0,0.0
11.651134547817028,0,0,0,0.0
11.657134547817028,0,0,0,0.0
11.657991690674171,0,0,0,0.0
11.663991690674171,0,0,0,0.0
11.664848833531314,0,0,0,0.0
11.670848833531315,0,0,0,0.0
11.671705976388457,0,0,0,0.0
11.677705976388458,0,0,0,0.0
11.6785631192456,0,0,0,0.0
11.6845631192456,0,0,0,0.0
11.685420262102744,0,0,0,0.0
11.691420262102744,0,0,0,0.0
11.692277404959887,0,0,0,0.0
11.698277404959887,0,0,0,0.0
11.69913454781703,0,0,0,0.0
11.70513454781703,0,0,0,0.0
11.705991690674173,0,0,0,0.0
11.711991690674173,0,0,0,0.0
11.712848833531316,0,0,0,0.0
11.718848833531316,0,0,0,0.0
11.71970597638846,0,0,0,0.0
11.72570597638846,0,0,0,0.0
11.726563119245602,0,0,0,0.0
11.732563119245603,0,0,0,0.0
11.733420262102745,0,0,0,0.0
11.739420262102746,0,0,0,0.0
11.740277404959889,0,0,0,0.0
11.746277404959889,0,0,0,0.0
11.747134547817032,0,0,0,0.0
11.753134547817032,0,0,0,0.0
11.753991690674175,0,0,0,0.0
11.759991690674175,0,0,0,0.0
11.760848833531318,0,0,0,0.0
11.766848833531318,0,0,0,0.0
11.767705976388461,0,0,0,0.0
11.773705976388461,0,0,0,0.0
11.774563119245604,0,0,0,0.0
11.780563119245604,0,0,0,0.0
11.781420262102747,0,0,0,0.0
11.787420262102748,0,0,0,0.0
11.78827740495989,0,0,0,0.0
11.79427740495989,0,0,0,0.0
11.795134547817034,0,0,0,0.0
11.801134547817034,0,0,0,0.0
11.801991690674177,0,0,0,0.0
11.807991690674177,0,0,0,0.0
11.80884883353132,0,0,0,0.0
11.81484883353132,0,0,0,0.0
11.815705976388463,0,0,0,0.0
11.821705976388463,0,0,0,0.0
11.822563119245606,0,0,0,0.0
11.828563119245606,0,0,0,0.0
11.829420262102749,0,0,0,0.0
11.83542026210275,0,0,0,0.0
11.836277404959892,0,0,0,0.0
11.842277404959892,0,0,0,0.0
11.843134547817035,0,0,0,0.0
11.849134547817036,0,0,0,0.0
11.849991690674178,0,0,0,0.0
11.855991690674179,0,0,0,0.0
11.856848833531322,0,0,0,0.0
11.862848833531322,0,0,0,0.0
11.863705976388465,0,0,0,0.0
11.869705976388465,0,0,0,0.0
11.870563119245608,0,0,0,0.0
11.876563119245608,0,0,0,0.0
11.877420262102751,0,0,0,0.0
11.883420262102751,0,0,0,0.0
11.884277404959894,0,0,0,0.0
11.890277404959894,0,0,0,0.0
11.891134547817037,0,0,0,0.0
11.897134547817037,0,0,0,0.0
11.89799169067418,0,0,0,0.0
11.90399169067418,0,0,0,0.0
11.904848833531323,0,0,0,0.0
11.910848833531324,0,0,0,0.0
11.911705976388467,0,0,0,0.0
11.917705976388467,0,0,0,0.0
11.91856311924561,0,0,0,0.0
11.92456311924561,0,0,0,0.0
11.925420262102753,0,0,0,0.0
11.931420262102753,0,0,0,0.0
11.932277404959896,0,0,0,0.0
11.938277404959896,0,0,0,0.0
11.939134547817039,0,0,0,0.0
11.94513454781704,0,0,0,0.0
11.945991690674182,0,0,0,0.0
11.951991690674182,0,0,0,0.0
11.952848833531325,0,0,0,0.0
11.958848833531325,0,0,0,0.0
11.959705976388468,0,0,0,0.0
11.965705976388469,0,0,0,0.0
11.966563119245611,0,0,0,0.0
11.972563119245612,0,0,0,0.0
11.973420262102755,0,0,0,0.0
11.979420262102755,0,0,0,0.0
11.980277404959898,0,0,0,0.0
11.986277404959898,0,0,0,0.0
11.98713454781704,0,0,0,0.0
11.993134547817041,0,0,0,0.0
11.993991690674184,0,0,0,0.0
11.999991690674184,0,0,0,0.0
12.000848833531327,0,0,0,0.0
12.006848833531327,0,0,0,0.0
12.00770597638847,0,0,0,0.0
12.01370597638847,0,0,0,0.0
12.014563119245613,0,0,0,0.0
12.020563119245613,0,0,0,0.0
12.021420262102756,0,0,0,0.0
12.027420262102757,0,0,0,0.0
12.028289827320148,0,0,0,0.0
12.034289827320148,0,0,0,0.0
12.035159392537539,0,0,0,0.0
12.041159392537539,0,0,0,0.0
12.04202895775493,0,0,0,0.0
12.04802895775493,0,0,0,0.0
12.048898522972321,0,0,0,0.0
12.054898522972321,0,0,0,0.0
12.055768088189712,0,0,0,0.0
12.061768088189712,0,0,0,0.0
12.062637653407103,0,0,0,0.0
12.068637653407103,0,0,0,0.0
12.069507218624494,0,0,0,0.0
12.075507218624494,0,0,0,0.0
12.076376783841885,0,0,0,0.0
12.082376783841886,0,0,0,0.0
12.083246349059277,0,0,0,0.0
12.089246349059277,0,0,0,0.0
12.090115914276668,0,0,0,0.0
12.096115914276668,0,0,0,0.0
12.096985479494059,0,0,0,0.0
12.102985479494059,0,0,0,0.0
12.10385504471145,0,0,0,0.0
12.10985504471145,0,0,0,0.0
12.110724609928841,0,0,0,0.0
12.116724609928841,0,0,0,0.0
12.117594175146232,0,0,0,0.0
12.123594175146232,0,0,0,0.0
12.124463740363623,0,0,0,0.0
12.130463740363624,0,0,0,0.0
12.131333305581014,0,0,0,0.0
12.137333305581015,0,0,0,0.0
12.138202870798406,0,0,0,0.0
12.144202870798406,0,0,0,0.0
12.145072436015797,0,0,0,0.0
12.151072436015797,0,0,0,0.0
12.151942001233188,0,0,0,0.0
12.157942001233188,0,0,0,0.0
12.158811566450579,0,0,0,0.0
12.16481156645058,0,0,0,0.0
12.16568113166797,0,0,0,0.0
12.17168113166797,0,0,0,0.0
12.172550696885361,0,0,0,0.0
12.178550696885361,0,0,0,0.0
12.179420262102752,0,0,0,0.0
12.185420262102753,0,0,0,0.0
12.186289827320143,0,0,0,0.0
12.192289827320144,0,0,0,0.0
12.193159392537535,0,0,0,0.0
12.199159392537535,0,0,0,0.0
12.200028957754926,0,0,0,0.0
12.206028957754926,0,0,0,0.0
12.206898522972317,0,0,0,0.0
12.212898522972317,0,0,0,0.0
12.213768088189708,0,0,0,0.0
12.219768088189708,0,0,0,0.0
12.220637653407099,0,0,0,0.0
12.2266376534071,0,0,0,0.0
12.22750721862449,0,0,0,0.0
12.23350721862449,0,0,0,0.0
12.234376783841881,0,0,0,0.0
12.240376783841882,0,0,0,0.0
12.241246349059272,0,0,0,0.0
12.247246349059273,0,0,0,0.0
12.248115914276664,0,0,0,0.0
12.254115914276664,0,0,0,0.0
12.254985479494055,0,0,0,0.0
12.260985479494055,0,0,0,0.0
12.26186783243523,0,0,0,0.0
12.26786783243523,0,0,0,0.0
12.268750185376406,0,0,0,0.0
12.274750185376407,0,0,0,0.0
12.275632538317582,0,0,0,0.0
12.281632538317583,0,0,0,0.0
12.282514891258758,0,0,0,0.0
12.288514891258759,0,0,0,0.0
12.289397244199934,0,0,0,0.0
12.295397244199934,0,0,0,0.0
12.29627959714111,0,0,0,0.0
12.30227959714111,0,0,0,0.0
12.303161950082286,0,0,0,0.0
12.309161950082286,0,0,0,0.0
12.310044303023462,0,0,0,0.0
12.316044303023462,0,0,0,0.0
12.316926655964638,0,0,0,0.0
12.322926655964638,0,0,0,0.0
12.323809008905814,0,0,0,0.0
12.329809008905814,0,0,0,0.0
12.33069136184699,0,0,0,0.0
12.33669136184699,0,0,0,0.0
12.337573714788165,0,0,0,0.0
12.343573714788166,0,0,0,0.0
12.344456067729341,0,0,0,0.0
12.350456067729342,0,0,0,0.0
12.351338420670517,0,0,0,0.0
12.357338420670517,0,0,0,0.0
12.358220773611693,0,0,0,0.0
12.364220773611693,0,0,0,0.0
12.365103126552869,0,0,0,0.0
12.37110312655287,0,0,0,0.0
12.371985479494045,0,0,0,0.0
12.377985479494045,0,0,0,0.0
12.37886783243522,0,0,0,0.0
12.384867832435221,0,0,0,0.0
12.385750185376397,0,0,0,0.0
12.391750185376397,0,0,0,0.0
12.392632538317573,0,0,0,0.0
12.398632538317573,0,0,0,0.0
12.399514891258749,0,0,0,0.0
12.405514891258749,0,0,0,0.0
12.406410413646809,0,0,0,0.0
12.412410413646809,0,0,0,0.0
12.413305936034869,0,0,0,0.0
12.419305936034869,0,0,0,0.0
12.420201458422929,0,0,0,0.0
12.426201458422929,0,0,0,0.0
12.427096980810989,0,0,0,0.0
12.433096980810989,0,0,0,0.0
12.433992503199049,0,0,0,0.0
12.439992503199049,0,0,0,0.0
12.440888025587109,0,0,0,0.0
12.446888025587109,0,0,0,0.0
12.447783547975169,0,0,0,0.0
12.453783547975169,0,0,0,0.0
12.454679070363229,0,0,0,0.0
12.460679070363229,0,0,0,0.0
12.461574592751289,0,0,0,0.0
12.467574592751289,0,0,0,0.0
12.468470115139349,0,0,0,0.0
12.474470115139349,0,0,0,0.0
12.475365637527409,0,0,0,0.0
12.481365637527409,0,0,0,0.0
12.482261159915469,0,0,0,0.0
12.488261159915469,0,0,0,0.0
12.489156682303529,0,0,0,0.0
12.495156682303529,0,0,0,0.0
12.496052204691589,0,0,0,0.0
12.502052204691589,0,0,0,0.0
12.502947727079649,0,0,0,0.0
12.508947727079649,0,0,0,0.0
12.509843249467709,0,0,0,0.0
12.515843249467709,0,0,0,0.0
12.516738771855769,0,0,0,0.0
12.522738771855769,0,0,0,0.0
12.523634294243829,0,0,0,0.0
12.529634294243829,0,0,0,0.0
12.530529816631889,0,0,0,0.0
12.536529816631889,0,0,0,0.0
12.537425339019949,0,0,0,0.0
12.543425339019949,0,0,0,0.0
12.544320861408009,0,0,0,0.0
12.550320861408009,0,0,0,0.0
12.551216383796069,0,0,0,0.0
12.557216383796069,0,0,0,0.0
12.558111906184129,0,0,0,0.0
12.564111906184129,0,0,0,0.0
12.565007428572189,0,0,0,0.0
12.57100742857219,0,0,0,0.0
12.571902950960249,0,0,0,0.0
12.57790295096025,0,0,0,0.0
12.578798473348309,0,0,0,0.0
12.58479847334831,0,0,0,0.0
12.585693995736369,0,0,0,0.0
12.59169399573637,0,0,0,0.0
12.592589518124429,0,0,0,0.0
12.59858951812443,0,0,0,0.0
12.599485040512489,0,0,0,0.0
12.60548504051249,0,0,0,0.0
12.606380562900549,0,0,0,0.0
12.61238056290055,0,0,0,0.0
12.613276085288609,0,0,0,0.0
12.61927608528861,0,0,0,0.0
12.620171607676669,0,0,0,0.0
12.62617160767667,0,0,0,0.0
12.627067130064729,0,0,0,0.0
12.63306713006473,0,0,0,0.0
12.633962652452789,0,0,0,0.0
12.63996265245279,0,0,0,0.0
12.640858174840849,0,0,0,0.0
12.64685817484085,0,0,0,0.0
12.647753697228909,0,0,0,0.0
12.65375369722891,0,0,0,0.0
12.654649219616969,0,0,0,0.0
12.66064921961697,0,0,0,0.0
12.661544742005029,0,0,0,0.0
12.66754474200503,0,0,0,0.0
12.66844026439309,0,0,0,0.0
12.67444026439309,0,0,0,0.0
12.67533578678115,0,0,0,0.0
12.68133578678115,0,0,0,0.0
12.68223130916921,0,0,0,0.0
12.68823130916921,0,0,0,0.0
12.68912683155727,0,0,0,0.0
12.69512683155727,0,0,0,0.0
12.69602235394533,0,0,0,0.0
12.70202235394533,0,0,0,0.0
12.70291787633339,0,0,0,0.0
12.70891787633339,0,0,0,0.0
12.70981339872145,0,0,0,0.0
12.71581339872145,0,0,0,0.0
12.71670892110951,0,0,0,0.0
12.72270892110951,0,0,0,0.0
12.72360444349757,0,0,0,0.0
12.72960444349757,0,0,0,0.0
12.73051353440666,0,0,0,0.0
12.73651353440666,0,0,0,0.0
12.73742262531575,0,0,0,0.0
12.74342262531575,0,0,0,0.0
12.74433171622484,0,0,0,0.0
12.75033171622484,0,0,0,0.0
12.75124080713393,0,0,0,0.0
12.75724080713393,0,0,0,0.0
12.75814989804302,0,0,0,0.0
12.764149898043021,0,0,0,0.0
12.765058988952111,0,0,0,0.0
12.771058988952111,0,0,0,0.0
12.771968079861201,0,0,0,0.0
12.777968079861202,0,0,0,0.0
12.778877170770292,0,0,0,0.0
12.784877170770292,0,0,0,0.0
12.785786261679382,0,0,0,0.0
12.791786261679382,0,0,0,0.0
12.792695352588472,0,0,0,0.0
12.798695352588473,0,0,0,0.0
12.799604443497563,0,0,0,0.0
12.805604443497563,0,0,0,0.0
12.806513534406653,0,0,0,0.0
12.812513534406653,0,0,0,0.0
12.813422625315743,0,0,0,0.0
12.819422625315744,0,0,0,0.0
12.820331716224834,0,0,0,0.0
12.826331716224834,0,0,0,0.0
12.827240807133924,0,0,0,0.0
12.833240807133924,0,0,0,0.0
12.834149898043014,0,0,0,0.0
12.840149898043014,0,0,0,0.0
12.841058988952105,0,0,0,0.0
12.847058988952105,0,0,0,0.0
12.847968079861195,0,0,0,0.0
12.853968079861195,0,0,0,0.0
12.854877170770285,0,0,0,0.0
12.860877170770285,0,0,0,0.0
12.861786261679375,0,0,0,0.0
12.867786261679376,0,0,0,0.0
12.868695352588466,0,0,0,0.0
12.874695352588466,0,0,0,0.0
12.875604443497556,0,0,0,0.0
12.881604443497556,0,0,0,0.0
12.882513534406646,0,0,0,0.0
12.888513534406647,0,0,0,0.0
12.889422625315737,0,0,0,0.0
12.895422625315737,0,0,0,0.0
12.896331716224827,0,0,0,0.0
12.902331716224827,0,0,0,0.0
12.903240807133917,0,0,0,0.0
12.909240807133918,0,0,0,0.0
12.910149898043008,0,0,0,0.0
12.916149898043008,0,0,0,0.0
12.917058988952098,0,0,0,0.0
12.923058988952098,0,0,0,0.0
12.923968079861188,0,0,0,0.0
12.929968079861188,0,0,0,0.0
12.930877170770279,0,0,0,0.0
12.936877170770279,0,0,0,0.0
12.937800247693355,0,0,0,0.0
12.943800247693355,0,0,0,0.0
12.944723324616431,0,0,0,0.0
12.950723324616431,0,0,0,0.0
12.951646401539508,0,0,0,0.0
12.957646401539508,0,0,0,0.0
12.958569478462584,0,0,0,0.0
12.964569478462584,0,0,0,0.0
12.96549255538566,0,0,0,0.0
12.97149255538566,0,0,0,0.0
12.972415632308737,0,0,0,0.0
12.978415632308737,0,0,0,0.0
12.979338709231813,0,0,0,0.0
12.985338709231813,0,0,0,0.0
12.98626178615489,0,0,0,0.0
12.99226178615489,0,0,0,0.0
12.993199286154889,0,0,0,0.0
12.999199286154889,0,0,0,0.0
13.000136786154888,0,0,0,0.0
13.006136786154888,0,0,0,0.0
13.007074286154888,0,0,0,0.0
13.013074286154888,0,0,0,0.0
13.014011786154887,0,0,0,0.0
13.020011786154887,0,0,0,0.0
13.020949286154886,0,0,0,0.0
13.026949286154887,0,0,0,0.0
13.027886786154886,0,0,0,0.0
13.033886786154886,0,0,0,0.0
13.034824286154885,0,0,0,0.0
13.040824286154885,0,0,0,0.0
13.041761786154884,0,0,0,0.0
13.047761786154885,0,0,0,0.0
13.048699286154884,0,0,0,0.0
13.054699286154884,0,0,0,0.0
13.055636786154883,0,0,0,0.0
13.061636786154883,0,0,0,0.0
13.062574286154883,0,0,0,0.0
13.068574286154883,0,0,0,0.0
13.069511786154882,0,0,0,0.0
13.075511786154882,0,0,0,0.0
13.076449286154881,0,0,0,0.0
13.082449286154882,0,0,0,0.0
13.08338678615488,0,0,0,0.0
13.089386786154881,0,0,0,0.0
13.09032428615488,0,0,0,0.0
13.09632428615488,0,0,0,0.0
13.09726178615488,0,0,0,0.0
13.10326178615488,0,0,0,0.0
13.104199286154879,0,0,0,0.0
13.110199286154879,0,0,0,0.0
13.111136786154878,0,0,0,0.0
13.117136786154878,0,0,0,0.0
13.118074286154878,0,0,0,0.0
13.124074286154878,0,0,0,0.0
13.125011786154877,0,0,0,0.0
13.131011786154877,0,0,0,0.0
13.131949286154876,0,0,0,0.0
13.137949286154877,0,0,0,0.0
13.138886786154876,0,0,0,0.0
13.144886786154876,0,0,0,0.0
13.145824286154875,0,0,0,0.0
13.151824286154875,0,0,0,0.0
13.152761786154874,0,0,0,0.0
13.158761786154875,0,0,0,0.0
13.159699286154874,0,0,0,0.0
13.165699286154874,0,0,0,0.0
13.166636786154873,0,0,0,0.0
13.172636786154873,0,0,0,0.0
13.173574286154873,0,0,0,0.0
13.179574286154873,0,0,0,0.0
13.180511786154872,0,0,0,0.0
13.186511786154872,0,0,0,0.0
13.187449286154871,0,0,0,0.0
13.193449286154872,0,0,0,0.0
13.19438678615487,0,0,0,0.0
13.200386786154871,0,0,0,0.0
13.20132428615487,0,0,0,0.0
13.20732428615487,0,0,0,0.0
13.20826178615487,0,0,0,0.0
13.21426178615487,0,0,0,0.0
13.215199286154869,0,0,0,0.0
13.221199286154869,0,0,0,0.0
13.222136786154868,0,0,0,0.0
13.228136786154868,0,0,0,0.0
13.229074286154868,0,0,0,0.0
13.235074286154868,0,0,0,0.0
13.236011786154867,0,0,0,0.0
13.242011786154867,0,0,0,0.0
13.242949286154866,0,0,0,0.0
13.248949286154867,0,0,0,0.0
13.249886786154866,0,0,0,0.0
13.255886786154866,0,0,0,0.0
13.256824286154865,0,0,0,0.0
13.262824286154865,0,0,0,0.0
13.263761786154864,0,0,0,0.0
13.269761786154865,0,0,0,0.0
13.270699286154864,0,0,0,0.0
13.276699286154864,0,0,0,0.0
13.277636786154863,0,0,0,0.0
13.283636786154863,0,0,0,0.0
13.284574286154863,0,0,0,0.0
13.290574286154863,0,0,0,0.0
13.291511786154862,0,0,0,0.0
13.297511786154862,0,0,0,0.0
13.298449286154861,0,0,0,0.0
13.304449286154862,0,0,0,0.0
13.30538678615486,0,0,0,0.0
13.311386786154861,0,0,0,0.0
13.31232428615486,0,0,0,0.0
13.31832428615486,0,0,0,0.0
13.31926178615486,0,0,0,0.0
13.32526178615486,0,0,0,0.0
13.326199286154859,0,0,0,0.0
13.332199286154859,0,0,0,0.0
13.333136786154858,0,0,0,0.0
13.339136786154858,0,0,0,0.0
13.340074286154858,0,0,0,0.0
13.346074286154858,0,0,0,0.0
13.347011786154857,0,0,0,0.0
13.353011786154857,0,0,0,0.0
13.353949286154856,0,0,0,0.0
13.359949286154857,0,0,0,0.0
13.360886786154856,0,0,0,0.0
13.366886786154856,0,0,0,0.0
13.367824286154855,0,0,0,0.0
13.373824286154855,0,0,0,0.0
13.374761786154854,0,0,0,0.0
13.380761786154855,0,0,0,0.0
13.381699286154854,0,0,0,0.0
13.387699286154854,0,0,0,0.0
13.388636786154853,0,0,0,0.0
13.394636786154853,0,0,0,0.0
13.395574286154853,0,0,0,0.0
13.401574286154853,0,0,0,0.0
13.402511786154852,0,0,0,0.0
13.408511786154852,0,0,0,0.0
13.409449286154851,0,0,0,0.0
13.415449286154852,0,0,0,0.0
13.41638678615485,0,0,0,0.0
13.422386786154851,0,0,0,0.0
13.42332428615485,0,0,0,0.0
13.42932428615485,0,0,0,0.0
13.43026178615485,0,0,0,0.0
13.43626178615485,0,0,0,0.0
13.437199286154849,0,0,0,0.0
13.443199286154849,0,0,0,0.0
13.444136786154848,0,0,0,0.0
13.450136786154848,0,0,0,0.0
13.451074286154848,0,0,0,0.0
13.457074286154848,0,0,0,0.0
13.458011786154847,0,0,0,0.0
13.464011786154847,0,0,0,0.0
13.464949286154846,0,0,0,0.0
13.470949286154847,0,0,0,0.0
13.471886786154846,0,0,0,0.0
13.477886786154846,0,0,0,0.0
13.478824286154845,0,0,0,0.0
13.484824286154845,0,0,0,0.0
13.485761786154844,0,0,0,0.0
13.491761786154845,0,0,0,0.0
13.492699286154844,0,0,0,0.0
13.498699286154844,0,0,0,0.0
13.499636786154843,0,0,0,0.0
13.505636786154843,0,0,0,0.0
13.506574286154843,0,0,0,0.0
13.512574286154843,0,0,0,0.0
13.513511786154842,0,0,0,0.0
13.519511786154842,0,0,0,0.0
13.520464167107223,0,0,0,0.0
13.526464167107223,0,0,0,0.0
13.527416548059604,0,0,0,0.0
13.533416548059604,0,0,0,0.0
13.534368929011984,0,0,0,0.0
13.540368929011985,0,0,0,0.0
13.541321309964365,0,0,0,0.0
13.547321309964365,0,0,0,0.0
13.548273690916746,0,0,0,0.0
13.554273690916746,0,0,0,0.0
13.555226071869127,0,0,0,0.0
13.561226071869127,0,0,0,0.0
13.562178452821508,0,0,0,0.0
13.568178452821508,0,0,0,0.0
13.569130833773889,0,0,0,0.0
13.575130833773889,0,0,0,0.0
13.57608321472627,0,0,0,0.0
13.58208321472627,0,0,0,0.0
13.58303559567865,0,0,0,0.0
13.58903559567865,0,0,0,0.0
13.589987976631031,0,0,0,0.0
13.595987976631031,0,0,0,0.0
13.596940357583412,0,0,0,0.0
13.602940357583412,0,0,0,0.0
13.603892738535793,0,0,0,0.0
13.609892738535793,0,0,0,0.0
13.610845119488173,0,0,0,0.0
13.616845119488174,0,0,0,0.0
13.617797500440554,0,0,0,0.0
13.623797500440554,0,0,0,0.0
13.624749881392935,0,0,0,0.0
13.630749881392935,0,0,0,0.0
13.631702262345316,0,0,0,0.0
13.637702262345316,0,0,0,0.0
13.638654643297697,0,0,0,0.0
13.644654643297697,0,0,0,0.0
13.645607024250078,0,0,0,0.0
13.651607024250078,0,0,0,0.0
13.652559405202458,0,0,0,0.0
13.658559405202459,0,0,0,0.0
13.65951178615484,0,0,0,0.0
13.66551178615484,0,0,0,0.0
13.66646416710722,0,0,0,0.0
13.67246416710722,0,0,0,0.0
13.6734165480596,0,0,0,0.0
13.679416548059601,0,0,0,0.0
13.680368929011982,0,0,0,0.0
13.686368929011982,0,0,0,0.0
13.687321309964362,0,0,0,0.0
13.693321309964363,0,0,0,0.0
13.694273690916743,0,0,0,0.0
13.700273690916744,0,0,0,0.0
13.701226071869124,0,0,0,0.0
13.707226071869124,0,0,0,0.0
13.708178452821505,0,0,0,0.0
13.714178452821505,0,0,0,0.0
13.715130833773886,0,0,0,0.0
13.721130833773886,0,0,0,0.0
13.722083214726267,0,0,0,0.0
13.728083214726267,0,0,0,0.0
13.729035595678647,0,0,0,0.0
13.735035595678648,0,0,0,0.0
13.735987976631028,0,0,0,0.0
13.741987976631028,0,0,0,0.0
13.742940357583409,0,0,0,0.0
13.74894035758341,0,0,0,0.0
13.74989273853579,0,0,0,0.0
13.75589273853579,0,0,0,0.0
13.75684511948817,0,0,0,0.0
13.762845119488171,0,0,0,0.0
13.763797500440552,0,0,0,0.0
13.769797500440552,0,0,0,0.0
13.770749881392932,0,0,0,0.0
13.776749881392933,0,0,0,0.0
13.777702262345313,0,0,0,0.0
13.783702262345313,0,0,0,0.0
13.784654643297694,0,0,0,0.0
13.790654643297694,0,0,0,0.0
13.791607024250075,0,0,0,0.0
13.797607024250075,0,0,0,0.0
13.798559405202456,0,0,0,0.0
13.804559405202456,0,0,0,0.0
13.805511786154836,0,0,0,0.0
13.811511786154837,0,0,0,0.0
13.812464167107217,0,0,0,0.0
13.818464167107217,0,0,0,0.0
13.819416548059598,0,0,0,0.0
13.825416548059598,0,0,0,0.0
13.826368929011979,0,0,0,0.0
13.83236892901198,0,0,0,0.0
13.83332130996436,0,0,0,0.0
13.83932130996436,0,0,0,0.0
13.84027369091674,0,0,0,0.0
13.84627369091674,0,0,0,0.0
13.847226071869121,0,0,0,0.0
13.853226071869122,0,0,0,0.0
13.854178452821502,0,0,0,0.0
13.860178452821502,0,0,0,0.0
13.861130833773883,0,0,0,0.0
13.867130833773883,0,0,0,0.0
13.868083214726264,0,0,0,0.0
13.874083214726264,0,0,0,0.0
13.875035595678645,0,0,0,0.0
13.881035595678645,0,0,0,0.0
13.881987976631025,0,0,0,0.0
13.887987976631026,0,0,0,0.0
13.888940357583406,0,0,0,0.0
13.894940357583407,0,0,0,0.0
13.895892738535787,0,0,0,0.0
13.901892738535787,0,0,0,0.0
13.902845119488168,0,0,0,0.0
13.908845119488168,0,0,0,0.0
13.909797500440549,0,0,0,0.0
13.915797500440549,0,0,0,0.0
13.91674988139293,0,0,0,0.0
13.92274988139293,0,0,0,0.0
13.92370226234531,0,0,0,0.0
13.92970226234531,0,0,0,0.0
13.930654643297691,0,0,0,0.0
13.936654643297691,0,0,0,0.0
13.937607024250072,0,0,0,0.0
13.943607024250072,0,0,0,0.0
13.944559405202453,0,0,0,0.0
13.950559405202453,0,0,0,0.0
13.951511786154834,0,0,0,0.0
13.957511786154834,0,0,0,0.0
13.958464167107214,0,0,0,0.0
13.964464167107215,0,0,0,0.0
13.965416548059595,0,0,0,0.0
13.971416548059596,0,0,0,0.0
13.972368929011976,0,0,0,0.0
13.978368929011976,0,0,0,0.0
13.979321309964357,0,0,0,0.0
13.985321309964357,0,0,0,0.0
13.986273690916738,0,0,0,0.0
13.992273690916738,0,0,0,0.0
13.993226071869119,0,0,0,0.0
13.999226071869119,0,0,0,0.0
14.0001784528215,0,0,0,0.0
14.0061784528215,0,0,0,0.0
14.00713083377388,0,0,0,0.0
14.01313083377388,0,0,0,0.0
14.014083214726261,0,0,0,0.0
14.020083214726261,0,0,0,0.0
14.021035595678642,0,0,0,0.0
14.027035595678642,0,0,0,0.0
14.027987976631023,0,0,0,0.0
14.033987976631023,0,0,0,0.0
14.034940357583404,0,0,0,0.0
14.040940357583404,0,0,0,0.0
14.041892738535784,0,0,0,0.0
14.047892738535785,0,0,0,0.0
14.048845119488165,0,0,0,0.0
14.054845119488165,0,0,0,0.0
14.055797500440546,0,0,0,0.0
14.061797500440546,0,0,0,0.0
14.062749881392927,0,0,0,0.0
14.068749881392927,0,0,0,0.0
14.069702262345308,0,0,0,0.0
14.075702262345308,0,0,0,0.0
14.076654643297688,0,0,0,0.0
14.082654643297689,0,0,0,0.0
14.08360702425007,0,0,0,0.0
14.08960702425007,0,0,0,0.0
14.09055940520245,0,0,0,0.0
14.09655940520245,0,0,0,0.0
14.097527147137933,0,0,0,0.0
14.103527147137934,0,0,0,0.0
14.104494889073417,0,0,0,0.0
14.110494889073417,0,0,0,0.0
14.1114626310089,0,0,0,0.0
14.1174626310089,0,0,0,0.0
14.118430372944383,0,0,0,0.0
14.124430372944383,0,0,0,0.0
14.125398114879866,0,0,0,0.0
14.131398114879866,0,0,0,0.0
14.13236585681535,0,0,0,0.0
14.13836585681535,0,0,0,0.0
14.139333598750833,0,0,0,0.0
14.145333598750833,0,0,0,0.0
14.146301340686316,0,0,0,0.0
14.152301340686316,0,0,0,0.0
14.153269082621799,0,0,0,0.0
14.1592690826218,0,0,0,0.0
14.160236824557282,0,0,0,0.0
14.166236824557283,0,0,0,0.0
14.167204566492765,0,0,0,0.0
14.173204566492766,0,0,0,0.0
14.174172308428249,0,0,0,0.0
14.180172308428249,0,0,0,0.0
14.181140050363732,0,0,0,0.0
14.187140050363732,0,0,0,0.0
14.188107792299215,0,0,0,0.0
14.194107792299215,0,0,0,0.0
14.195075534234698,0,0,0,0.0
14.201075534234699,0,0,0,0.0
14.202043276170182,0,0,0,0.0
14.208043276170182,0,0,0,0.0
14.209011018105665,0,0,0,0.0
14.215011018105665,0,0,0,0.0
14.215978760041148,0,0,0,0.0
14.221978760041148,0,0,0,0.0
14.222946501976631,0,0,0,0.0
14.228946501976631,0,0,0,0.0
14.229914243912114,0,0,0,0.0
14.235914243912115,0,0,0,0.0
14.236881985847598,0,0,0,0.0
14.242881985847598,0,0,0,0.0
14.243849727783081,0,0,0,0.0
14.249849727783081,0,0,0,0.0
14.250817469718564,0,0,0,0.0
14.256817469718564,0,0,0,0.0
14.257785211654047,0,0,0,0.0
14.263785211654048,0,0,0,0.0
14.26475295358953,0,0,0,0.0
14.27075295358953,0,0,0,0.0
14.271720695525014,0,0,0,0.0
14.277720695525014,0,0,0,0.0
14.278688437460497,0,0,0,0.0
14.284688437460497,0,0,0,0.0
14.28565617939598,0,0,0,0.0
14.29165617939598,0,0,0,0.0
14.292623921331463,0,0,0,0.0
14.298623921331464,0,0,0,0.0
14.299591663266947,0,0,0,0.0
14.305591663266947,0,0,0,0.0
14.30655940520243,0,0,0,0.0
14.31255940520243,0,0,0,0.0
14.313527147137913,0,0,0,0.0
14.319527147137913,0,0,0,0.0
14.320494889073396,0,0,0,0.0
14.326494889073397,0,0,0,0.0
14.32746263100888,0,0,0,0.0
14.33346263100888,0,0,0,0.0
14.334430372944363,0,0,0,0.0
14.340430372944363,0,0,0,0.0
14.341398114879846,0,0,0,0.0
14.347398114879846,0,0,0,0.0
14.34836585681533,0,0,0,0.0
14.35436585681533,0,0,0,0.0
14.355333598750812,0,0,0,0.0
14.361333598750813,0,0,0,0.0
14.362301340686296,0,0,0,0.0
14.368301340686296,0,0,0,0.0
14.369269082621779,0,0,0,0.0
14.375269082621779,0,0,0,0.0
14.376252689179156,0,0,0,0.0
14.382252689179156,0,0,0,0.0
14.383236295736532,0,0,0,0.0
14.389236295736533,0,0,0,0.0
14.390219902293909,0,0,0,0.0
14.39621990229391,0,0,0,0.0
14.397203508851286,0,0,0,0.0
14.403203508851286,0,0,0,0.0
14.404187115408662,0,0,0,0.0
14.410187115408663,0,0,0,0.0
14.41117072196604,0,0,0,0.0
14.41717072196604,0,0,0,0.0
14.418154328523416,0,0,0,0.0
14.424154328523416,0,0,0,0.0
14.425137935080793,0,0,0,0.0
14.431137935080793,0,0,0,0.0
14.43212154163817,0,0,0,0.0
14.43812154163817,0,0,0,0.0
14.439105148195546,0,0,0,0.0
14.445105148195546,0,0,0,0.0
14.446088754752923,0,0,0,0.0
14.452088754752923,0,0,0,0.0
14.4530723613103,0,0,0,0.0
14.4590723613103,0,0,0,0.0
14.460055967867676,0,0,0,0.0
14.466055967867677,0,0,0,0.0
14.467039574425053,0,0,0,0.0
14.473039574425053,0,0,0,0.0
14.47402318098243,0,0,0,0.0
14.48002318098243,0,0,0,0.0
14.481006787539807,0,0,0,0.0
14.487006787539807,0,0,0,0.0
14.487990394097183,0,0,0,0.0
14.493990394097183,0,0,0,0.0
14.49497400065456,0,0,0,0.0
14.50097400065456,0,0,0,0.0
14.501957607211937,0,0,0,0.0
14.507957607211937,0,0,0,0.0
14.508941213769313,0,0,0,0.0
14.514941213769314,0,0,0,0.0
14.51592482032669,0,0,0,0.0
14.52192482032669,0,0,0,0.0
14.522908426884067,0,0,0,0.0
14.528908426884067,0,0,0,0.0
14.529892033441444,0,0,0,0.0
14.535892033441444,0,0,0,0.0
14.53687563999882,0,0,0,0.0
14.54287563999882,0,0,0,0.0
14.543859246556197,0,0,0,0.0
14.549859246556197,0,0,0,0.0
14.550842853113574,0,0,0,0.0
14.556842853113574,0,0,0,0.0
14.55782645967095,0,0,0,0.0
14.56382645967095,0,0,0,0.0
14.564810066228327,0,0,0,0.0
14.570810066228328,0,0,0,0.0
14.571793672785704,0,0,0,0.0
14.577793672785704,0,0,0,0.0
14.57877727934308,0,0,0,0.0
14.584777279343081,0,0,0,0.0
14.585760885900457,0,0,0,0.0
14.591760885900458,0,0,0,0.0
14.592744492457834,0,0,0,0.0
14.598744492457834,0,0,0,0.0
14.599728099015211,0,0,0,0.0
14.605728099015211,0,0,0,0.0
14.606711705572588,0,0,0,0.0
14.612711705572588,0,0,0,0.0
14.613695312129964,0,0,0,0.0
14.619695312129965,0,0,0,0.0
14.620678918687341,0,0,0,0.0
14.626678918687341,0,0,0,0.0
14.627662525244718,0,0,0,0.0
14.633662525244718,0,0,0,0.0
14.634646131802095,0,0,0,0.0
14.640646131802095,0,0,0,0.0
14.641629738359471,0,0,0,0.0
14.647629738359472,0,0,0,0.0
14.648613344916848,0,0,0,0.0
14.654613344916848,0,0,0,0.0
14.655596951474225,0,0,0,0.0
14.661596951474225,0,0,0,0.0
14.662580558031602,0,0,0,0.0
14.668580558031602,0,0,0,0.0
14.669564164588978,0,0,0,0.0
14.675564164588978,0,0,0,0.0
14.676547771146355,0,0,0,0.0
14.682547771146355,0,0,0,0.0
14.683531377703732,0,0,0,0.0
14.689531377703732,0,0,0,0.0
14.690514984261108,0,0,0,0.0
14.696514984261109,0,0,0,0.0
14.697498590818485,0,0,0,0.0
14.703498590818485,0,0,0,0.0
14.704482197375862,0,0,0,0.0
14.710482197375862,0,0,0,0.0
14.711465803933239,0,0,0,0.0
14.717465803933239,0,0,0,0.0
14.718449410490615,0,0,0,0.0
14.724449410490616,0,0,0,0.0
14.725433017047992,0,0,0,0.0
14.731433017047992,0,0,0,0.0
14.732416623605369,0,0,0,0.0
14.738416623605369,0,0,0,0.0
14.739400230162746,0,0,0,0.0
14.745400230162746,0,0,0,0.0
14.746383836720122,0,0,0,0.0
14.752383836720123,0,0,0,0.0
14.753367443277499,0,0,0,0.0
14.7593674432775,0,0,0,0.0
14.760351049834876,0,0,0,0.0
14.766351049834876,0,0,0,0.0
14.767334656392253,0,0,0,0.0
14.773334656392253,0,0,0,0.0
14.77431826294963,0,0,0,0.0
14.78031826294963,0,0,0,0.0
14.781301869507006,0,0,0,0.0
14.787301869507006,0,0,0,0.0
14.788285476064383,0,0,0,0.0
14.794285476064383,0,0,0,0.0
14.79526908262176,0,0,0,0.0
14.80126908262176,0,0,0,0.0
14.802252689179136,0,0,0,0.0
14.808252689179136,0,0,0,0.0
14.809236295736513,0,0,0,0.0
14.815236295736513,0,0,0,0.0
14.81621990229389,0,0,0,0.0
14.82221990229389,0,0,0,0.0
14.823203508851266,0,0,0,0.0
14.829203508851267,0,0,0,0.0
14.830187115408643,0,0,0,0.0
14.836187115408643,0,0,0,0.0
14.83717072196602,0,0,0,0.0
14.84317072196602,0,0,0,0.0
14.844154328523397,0,0,0,0.0
14.850154328523397,0,0,0,0.0
14.851137935080773,0,0,0,0.0
14.857137935080774,0,0,0,0.0
14.85812154163815,0,0,0,0.0
14.86412154163815,0,0,0,0.0
14.865105148195527,0,0,0,0.0
14.871105148195527,0,0,0,0.0
14.872088754752903,0,0,0,0.0
14.878088754752904,0,0,0,0.0
14.87907236131028,0,0,0,0.0
14.88507236131028,0,0,0,0.0
14.886055967867657,0,0,0,0.0
14.892055967867657,0,0,0,0.0
14.893039574425034,0,0,0,0.0
14.899039574425034,0,0,0,0.0
14.90002318098241,0,0,0,0.0
14.90602318098241,0,0,0,0.0
14.907006787539787,0,0,0,0.0
14.913006787539787,0,0,0,0.0
14.913990394097164,0,0,0,0.0
14.919990394097164,0,0,0,0.0
14.92097400065454,0,0,0,0.0
14.92697400065454,0,0,0,0.0
14.927957607211917,0,0,0,0.0
14.933957607211918,0,0,0,0.0
14.934941213769294,0,0,0,0.0
14.940941213769294,0,0,0,0.0
14.94192482032667,0,0,0,0.0
14.947924820326671,0,0,0,0.0
14.948908426884048,0,0,0,0.0
14.954908426884048,0,0,0,0.0
14.955892033441424,0,0,0,0.0
14.961892033441424,0,0,0,0.0
14.962875639998801,0,0,0,0.0
14.968875639998801,0,0,0,0.0
14.969859246556178,0,0,0,0.0
14.975859246556178,0,0,0,0.0
14.976842853113554,0,0,0,0.0
14.982842853113555,0,0,0,0.0
14.983826459670931,0,0,0,0.0
14.989826459670931,0,0,0,0.0
14.990810066228308,0,0,0,0.0
14.996810066228308,0,0,0,0.0
14.997793672785685,0,0,0,0.0
15.003793672785685,0,0,0,0.0
15.004777279343061,0,0,0,0.0
15.010777279343062,0,0,0,0.0
15.011760885900438,0,0,0,0.0
15.017760885900438,0,0,0,0.0
15.018744492457815,0,0,0,0.0
15.024744492457815,0,0,0,0.0
15.025728099015192,0,0,0,0.0
15.031728099015192,0,0,0,0.0
15.032711705572568,0,0,0,0.0
15.038711705572569,0,0,0,0.0
15.039695312129945,0,0,0,0.0
15.045695312129945,0,0,0,0.0
15.046678918687322,0,0,0,0.0
15.052678918687322,0,0,0,0.0
15.053662525244699,0,0,0,0.0
15.059662525244699,0,0,0,0.0
15.060646131802075,0,0,0,0.0
15.066646131802075,0,0,0,0.0
15.067629738359452,0,0,0,0.0
15.073629738359452,0,0,0,0.0
15.074613344916829,0,0,0,0.0
15.080613344916829,0,0,0,0.0
15.081596951474205,0,0,0,0.0
15.087596951474206,0,0,0,0.0
15.088580558031582,0,0,0,0.0
15.094580558031582,0,0,0,0.0
15.095564164588959,0,0,0,0.0
15.10156416458896,0,0,0,0.0
15.102547771146336,0,0,0,0.0
15.108547771146336,0,0,0,0.0
15.109531377703712,0,0,0,0.0
15.115531377703713,0,0,0,0.0
15.116514984261089,0,0,0,0.0
15.12251498426109,0,0,0,0.0
15.123498590818466,0,0,0,0.0
15.129498590818466,0,0,0,0.0
15.130482197375843,0,0,0,0.0
15.136482197375843,0,0,0,0.0
15.13746580393322,0,0,0,0.0
15.14346580393322,0,0,0,0.0
15.144449410490596,0,0,0,0.0
15.150449410490596,0,0,0,0.0
15.151433017047973,0,0,0,0.0
15.157433017047973,0,0,0,0.0
15.15841662360535,0,0,0,0.0
15.16441662360535,0,0,0,0.0
15.165400230162726,0,0,0,0.0
15.171400230162726,0,0,0,0.0
15.172383836720103,0,0,0,0.0
15.178383836720103,0,0,0,0.0
15.17936744327748,0,0,0,0.0
15.18536744327748,0,0,0,0.0
15.186351049834856,0,0,0,0.0
15.192351049834857,0,0,0,0.0
15.193334656392233,0,0,0,0.0
15.199334656392233,0,0,0,0.0
15.20031826294961,0,0,0,0.0
15.20631826294961,0,0,0,0.0
15.207301869506987,0,0,0,0.0
15.213301869506987,0,0,0,0.0
15.214285476064363,0,0,0,0.0
15.220285476064364,0,0,0,0.0
15.22126908262174,0,0,0,0.0
15.22726908262174,0,0,0,0.0
15.228252689179117,0,0,0,0.0
15.234252689179117,0,0,0,0.0
15.235236295736494,0,0,0,0.0
15.241236295736494,0,0,0,0.0
15.24221990229387,0,0,0,0.0
15.24821990229387,0,0,0,0.0
15.249203508851247,0,0,0,0.0
15.255203508851247,0,0,0,0.0
15.256187115408624,0,0,0,0.0
15.262187115408624,0,0,0,0.0
15.263170721966,0,0,0,0.0
15.269170721966,0,0,0,0.0
15.270154328523377,0,0,0,0.0
15.276154328523377,0,0,0,0.0
15.277137935080754,0,0,0,0.0
15.283137935080754,0,0,0,0.0
15.28412154163813,0,0,0,0.0
15.29012154163813,0,0,0,0.0
15.291105148195507,0,0,0,0.0
15.297105148195508,0,0,0,0.0
15.298088754752884,0,0,0,0.0
15.304088754752884,0,0,0,0.0
15.30507236131026,0,0,0,0.0
15.311072361310261,0,0,0,0.0
15.312055967867638,0,0,0,0.0
15.318055967867638,0,0,0,0.0
15.319039574425014,0,0,0,0.0
15.325039574425015,0,0,0,0.0
15.326023180982391,0,0,0,0.0
15.332023180982391,0,0,0,0.0
15.333006787539768,0,0,0,0.0
15.339006787539768,0,0,0,0.0
15.339990394097144,0,0,0,0.0
15.345990394097145,0,0,0,0.0
15.346974000654521,0,0,0,0.0
15.352974000654521,0,0,0,0.0
15.353957607211898,0,0,0,0.0
15.359957607211898,0,0,0,0.0
15.360941213769275,0,0,0,0.0
15.366941213769275,0,0,0,0.0
15.367924820326651,0,0,0,0.0
15.373924820326652,0,0,0,0.0
15.374908426884028,0,0,0,0.0
15.380908426884028,0,0,0,0.0
15.381892033441405,0,0,0,0.0
15.387892033441405,0,0,0,0.0
15.388875639998782,0,0,0,0.0
15.394875639998782,0,0,0,0.0
15.395859246556158,0,0,0,0.0
15.401859246556159,0,0,0,0.0
15.402842853113535,0,0,0,0.0
15.408842853113535,0,0,0,0.0
15.409826459670912,0,0,0,0.0
15.415826459670912,0,0,0,0.0
15.416810066228289,0,0,0,0.0
15.422810066228289,0,0,0,0.0
15.423793672785665,0,0,0,0.0
15.429793672785665,0,0,0,0.0
15.430777279343042,0,0,0,0.0
15.436777279343042,0,0,0,0.0
15.437760885900419,0,0,0,0.0
15.443760885900419,0,0,0,0.0
15.444744492457795,0,0,0,0.0
15.450744492457796,0,0,0,0.0
15.451728099015172,0,0,0,0.0
15.457728099015172,0,0,0,0.0
15.458711705572549,0,0,0,0.0
15.46471170557255,0,0,0,0.0
15.465695312129926,0,0,0,0.0
15.471695312129926,0,0,0,0.0
15.472678918687302,0,0,0,0.0
15.478678918687303,0,0,0,0.0
15.47966252524468,0,0,0,0.0
15.48566252524468,0,0,0,0.0
15.486646131802056,0,0,0,0.0
15.492646131802056,0,0,0,0.0
15.493629738359433,0,0,0,0.0
15.499629738359433,0,0,0,0.0
15.50061334491681,0,0,0,0.0
15.50661334491681,0,0,0,0.0
15.507596951474186,0,0,0,0.0
15.513596951474186,0,0,0,0.0
15.514580558031563,0,0,0,0.0
15.520580558031563,0,0,0,0.0
15.52156416458894,0,0,0,0.0
15.52756416458894,0,0,0,0.0
15.528547771146316,0,0,0,0.0
15.534547771146316,0,0,0,0.0
15.535531377703693,0,0,0,0.0
15.541531377703693,0,0,0,0.0
15.54251498426107,0,0,0,0.0
15.54851498426107,0,0,0,0.0
15.549498590818446,0,0,0,0.0
15.555498590818447,0,0,0,0.0
15.556482197375823,0,0,0,0.0
15.562482197375823,0,0,0,0.0
15.5634658039332,0,0,0,0.0
15.5694658039332,0,0,0,0.0
15.570449410490577,0,0,0,0.0
15.576449410490577,0,0,0,0.0
15.577433017047953,0,0,0,0.0
15.583433017047954,0,0,0,0.0
15.58441662360533,0,0,0,0.0
15.59041662360533,0,0,0,0.0
15.591400230162707,0,0,0,0.0
15.597400230162707,0,0,0,0.0
15.598383836720084,0,0,0,0.0
15.604383836720084,0,0,0,0.0
15.60536744327746,0,0,0,0.0
15.61136744327746,0,0,0,0.0
15.612351049834837,0,0,0,0.0
15.618351049834837,0,0,0,0.0
15.619334656392214,0,0,0,0.0
15.625334656392214,0,0,0,0.0
15.62631826294959,0,0,0,0.0
15.63231826294959,0,0,0,0.0
15.633301869506967,0,0,0,0.0
15.639301869506967,0,0,0,0.0
15.640285476064344,0,0,0,0.0
15.646285476064344,0,0,0,0.0
15.64726908262172,0,0,0,0.0
15.653269082621721,0,0,0,0.0
15.654252689179097,0,0,0,0.0
15.660252689179098,0,0,0,0.0
15.661236295736474,0,0,0,0.0
15.667236295736474,0,0,0,0.0
15.66821990229385,0,0,0,0.0
15.674219902293851,0,0,0,0.0
15.675203508851228,0,0,0,0.0
15.681203508851228,0,0,0,0.0
15.682187115408604,0,0,0,0.0
15.688187115408605,0,0,0,0.0
15.689170721965981,0,0,0,0.0
15.695170721965981,0,0,0,0.0
15.696154328523358,0,0,0,0.0
15.702154328523358,0,0,0,0.0
15.703137935080735,0,0,0,0.0
15.709137935080735,0,0,0,0.0
15.710121541638111,0,0,0,0.0
15.716121541638111,0,0,0,0.0
15.717105148195488,0,0,0,0.0
15.723105148195488,0,0,0,0.0
15.724088754752865,0,0,0,0.0
15.730088754752865,0,0,0,0.0
15.731072361310241,0,0,0,0.0
15.737072361310242,0,0,0,0.0
15.738055967867618,0,0,0,0.0
15.744055967867618,0,0,0,0.0
15.745039574424995,0,0,0,0.0
15.751039574424995,0,0,0,0.0
15.752023180982372,0,0,0,0.0
15.758023180982372,0,0,0,0.0
15.759006787539748,0,0,0,0.0
15.765006787539749,0,0,0,0.0
15.765990394097125,0,0,0,0.0
15.771990394097125,0,0,0,0.0
15.772974000654502,0,0,0,0.0
15.778974000654502,0,0,0,0.0
15.779957607211879,0,0,0,0.0
15.785957607211879,0,0,0,0.0
15.786941213769255,0,0,0,0.0
15.792941213769256,0,0,0,0.0
15.793924820326632,0,0,0,0.0
15.799924820326632,0,0,0,0.0
15.800908426884009,0,0,0,0.0
15.806908426884009,0,0,0,0.0
15.807892033441385,0,0,0,0.0
15.813892033441386,0,0,0,0.0
15.814875639998762,0,0,0,0.0
15.820875639998762,0,0,0,0.0
15.821859246556139,0,0,0,0.0
15.82785924655614,0,0,0,0.0
15.828842853113516,0,0,0,0.0
15.834842853113516,0,0,0,0.0
15.835826459670892,0,0,0,0.0
15.841826459670893,0,0,0,0.0
15.84281006622827,0,0,0,0.0
15.84881006622827,0,0,0,0.0
15.849793672785646,0,0,0,0.0
15.855793672785646,0,0,0,0.0
15.856777279343023,0,0,0,0.0
15.862777279343023,0,0,0,0.0
15.8637608859004,0,0,0,0.0
15.8697608859004,0,0,0,0.0
15.870744492457776,0,0,0,0.0
15.876744492457776,0,0,0,0.0
15.877728099015153,0,0,0,0.0
15.883728099015153,0,0,0,0.0
15.88471170557253,0,0,0,0.0
15.89071170557253,0,0,0,0.0
15.891695312129906,0,0,0,0.0
15.897695312129906,0,0,0,0.0
15.898678918687283,0,0,0,0.0
15.904678918687283,0,0,0,0.0
15.90566252524466,0,0,0,0.0
15.91166252524466,0,0,0,0.0
15.912646131802036,0,0,0,0.0
15.918646131802037,0,0,0,0.0
15.919629738359413,0,0,0,0.0
15.925629738359413,0,0,0,0.0
15.92661334491679,0,0,0,0.0
15.93261334491679,0,0,0,0.0
15.933596951474167,0,0,0,0.0
15.939596951474167,0,0,0,0.0
15.940580558031543,0,0,0,0.0
15.946580558031544,0,0,0,0.0
15.94756416458892,0,0,0,0.0
15.95356416458892,0,0,0,0.0
15.954547771146297,0,0,0,0.0
15.960547771146297,0,0,0,0.0
15.961531377703674,0,0,0,0.0
15.967531377703674,0,0,0,0.0
15.96851498426105,0,0,0,0.0
15.97451498426105,0,0,0,0.0
15.975498590818427,0,0,0,0.0
15.981498590818427,0,0,0,0.0
15.982482197375804,0,0,0,0.0
15.988482197375804,0,0,0,0.0
15.98946580393318,0,0,0,0.0
15.99546580393318,0,0,0,0.0
15.996449410490557,0,0,0,0.0
16.002449410490556,0,0,0,0.0
16.003433017047932,0,0,0,0.0
16.009433017047932,0,0,0,0.0
16.01041662360531,0,0,0,0.0
16.01641662360531,0,0,0,0.0
16.017400230162686,0,0,0,0.0
16.023400230162686,0,0,0,0.0
16.024383836720062,0,0,0,0.0
16.030383836720063,0,0,0,0.0
16.03136744327744,0,0,0,0.0
16.03736744327744,0,0,0,0.0
16.038351049834816,0,0,0,0.0
16.044351049834816,0,0,0,0.0
16.045334656392193,0,0,0,0.0
16.051334656392193,0,0,0,0.0
16.05231826294957,0,0,0,0.0
16.05831826294957,0,0,0,0.0
16.059301869506946,0,0,0,0.0
16.065301869506946,0,0,0,0.0
16.066285476064323,0,0,0,0.0
16.072285476064323,0,0,0,0.0
16.0732690826217,0,0,0,0.0
16.0792690826217,0,0,0,0.0
16.080252689179076,0,0,0,0.0
16.086252689179076,0,0,0,0.0
16.087236295736453,0,0,0,0.0
16.093236295736453,0,0,0,0.0
16.09421990229383,0,0,0,0.0
16.10021990229383,0,0,0,0.0
16.101203508851206,0,0,0,0.0
16.107203508851207,0,0,0,0.0
16.108187115408583,0,0,0,0.0
16.114187115408583,0,0,0,0.0
16.11517072196596,0,0,0,0.0
16.12117072196596,0,0,0,0.0
16.122154328523337,0,0,0,0.0
16.128154328523337,0,0,0,0.0
16.129137935080713,0,0,0,0.0
16.135137935080714,0,0,0,0.0
16.13612154163809,0,0,0,0.0
16.14212154163809,0,0,0,0.0
16.143105148195467,0,0,0,0.0
16.149105148195467,0,0,0,0.0
16.150088754752844,0,0,0,0.0
16.156088754752844,0,0,0,0.0
16.15707236131022,0,0,0,0.0
16.16307236131022,0,0,0,0.0
16.164055967867597,0,0,0,0.0
16.170055967867597,0,0,0,0.0
16.171039574424974,0,0,0,0.0
16.177039574424974,0,0,0,0.0
16.17802318098235,0,0,0,0.0
16.18402318098235,0,0,0,0.0
16.185006787539727,0,0,0,0.0
16.191006787539727,0,0,0,0.0
16.191990394097104,0,0,0,0.0
16.197990394097104,0,0,0,0.0
16.19897400065448,0,0,0,0.0
16.20497400065448,0,0,0,0.0
16.205957607211857,0,0,0,0.0
16.211957607211858,0,0,0,0.0
16.212941213769234,0,0,0,0.0
16.218941213769234,0,0,0,0.0
16.21992482032661,0,0,0,0.0
16.22592482032661,0,0,0,0.0
16.226908426883988,0,0,0,0.0
16.232908426883988,0,0,0,0.0
16.23390842688399,0,0,0,0.0
16.23990842688399,0,0,0,0.0
16.24090842688399,0,0,0,0.0
16.24690842688399,0,0,0,0.0
16.247908426883992,0,0,0,0.0
16.253908426883992,0,0,0,0.0
16.254908426883993,0,0,0,0.0
16.260908426883994,0,0,0,0.0
16.261908426883995,0,0,0,0.0
16.267908426883995,0,0,0,0.0
16.268908426883996,0,0,0,0.0
16.274908426883997,0,0,0,0.0
16.275908426883998,0,0,0,0.0
16.281908426883998,0,0,0,0.0
16.282908426884,0,0,0,0.0
16.288908426884,0,0,0,0.0
16.289908426884,0,0,0,0.0
16.295908426884,0,0,0,0.0
16.296908426884002,0,0,0,0.0
16.302908426884002,0,0,0,0.0
16.303908426884004,0,0,0,0.0
16.309908426884004,0,0,0,0.0
16.310908426884005,0,0,0,0.0
16.316908426884005,0,0,0,0.0
16.317908426884006,0,0,0,0.0
16.323908426884007,0,0,0,0.0
16.324908426884008,0,0,0,0.0
16.330908426884008,0,0,0,0.0
16.33190842688401,0,0,0,0.0
16.33790842688401,0,0,0,0.0
16.33890842688401,0,0,0,0.0
16.34490842688401,0,0,0,0.0
16.345908426884012,0,0,0,0.0
16.351908426884012,0,0,0,0.0
16.352908426884014,0,0,0,0.0
16.358908426884014,0,0,0,0.0
16.359908426884015,0,0,0,0.0
16.365908426884015,0,0,0,0.0
16.366908426884017,0,0,0,0.0
16.372908426884017,0,0,0,0.0
16.373908426884018,0,0,0,0.0
16.37990842688402,0,0,0,0.0
16.38090842688402,0,0,0,0.0
16.38690842688402,0,0,0,0.0
16.38790842688402,0,0,0,0.0
16.39390842688402,0,0,0,0.0
16.394908426884022,0,0,0,0.0
16.400908426884023,0,0,0,0.0
16.401908426884024,0,0,0,0.0
16.407908426884024,0,0,0,0.0
16.408908426884025,0,0,0,0.0
16.414908426884026,0,0,0,0.0
16.415908426884027,0,0,0,0.0
16.421908426884027,0,0,0,0.0
16.422908426884028,0,0,0,0.0
16.42890842688403,0,0,0,0.0
16.42990842688403,0,0,0,0.0
16.43590842688403,0,0,0,0.0
16.43690842688403,0,0,0,0.0
16.44290842688403,0,0,0,0.0
16.443908426884033,0,0,0,0.0
16.449908426884033,0,0,0,0.0
16.450908426884034,0,0,0,0.0
16.456908426884034,0,0,0,0.0
16.457908426884035,0,0,0,0.0
16.463908426884036,0,0,0,0.0
16.464908426884037,0,0,0,0.0
16.470908426884037,0,0,0,0.0
16.47190842688404,0,0,0,0.0
16.47790842688404,0,0,0,0.0
16.47890842688404,0,0,0,0.0
16.48490842688404,0,0,0,0.0
16.48590842688404,0,0,0,0.0
16.49190842688404,0,0,0,0.0
16.492908426884043,0,0,0,0.0
16.498908426884043,0,0,0,0.0
16.499908426884044,0,0,0,0.0
16.505908426884044,0,0,0,0.0
16.506908426884046,0,0,0,0.0
16.512908426884046,0,0,0,0.0
16.513908426884047,0,0,0,0.0
16.519908426884047,0,0,0,0.0
16.52090842688405,0,0,0,0.0
16.52690842688405,0,0,0,0.0
16.52790842688405,0,0,0,0.0
16.53390842688405,0,0,0,0.0
16.53490842688405,0,0,0,0.0
16.54090842688405,0,0,0,0.0
16.541908426884053,0,0,0,0.0
16.547908426884053,0,0,0,0.0
16.548908426884054,0,0,0,0.0
16.554908426884055,0,0,0,0.0
16.555908426884056,0,0,0,0.0
16.561908426884056,0,0,0,0.0
16.562908426884057,0,0,0,0.0
16.568908426884057,0,0,0,0.0
16.56990842688406,0,0,0,0.0
16.57590842688406,0,0,0,0.0
16.57690842688406,0,0,0,0.0
16.58290842688406,0,0,0,0.0
16.58390842688406,0,0,0,0.0
16.58990842688406,0,0,0,0.0
16.590908426884063,0,0,0,0.0
16.596908426884063,0,0,0,0.0
16.597908426884064,0,0,0,0.0
16.603908426884065,0,0,0,0.0
16.604908426884066,0,0,0,0.0
16.610908426884066,0,0,0,0.0
16.61192537603661,0,0,0,0.0
16.61792537603661,0,0,0,0.0
16.618942325189153,0,0,0,0.0
16.624942325189153,0,0,0,0.0
16.625959274341696,0,0,0,0.0
16.631959274341696,0,0,0,0.0
16.63297622349424,0,0,0,0.0
16.63897622349424,0,0,0,0.0
16.639993172646783,0,0,0,0.0
16.645993172646783,0,0,0,0.0
16.647010121799326,0,0,0,0.0
16.653010121799326,0,0,0,0.0
16.65402707095187,0,0,0,0.0
16.66002707095187,0,0,0,0.0
16.661044020104413,0,0,0,0.0
16.667044020104413,0,0,0,0.0
16.668060969256956,0,0,0,0.0
16.674060969256956,0,0,0,0.0
16.675095452015576,0,0,0,0.0
16.681095452015576,0,0,0,0.0
16.682148083594523,0,0,0,0.0
16.688148083594523,0,0,0,0.0
16.68920071517347,0,0,0,0.0
16.69520071517347,0,0,0,0.0
16.696253346752417,0,0,0,0.0
16.702253346752418,0,0,0,0.0
16.703305978331365,0,0,0,0.0
16.709305978331365,0,0,0,0.0
16.710358609910312,0,0,0,0.0
16.716358609910312,0,0,0,0.0
16.71741124148926,0,0,0,0.0
16.72341124148926,0,0,0,0.0
16.724463873068206,0,0,0,0.0
16.730463873068206,0,0,0,0.0
16.731516504647153,0,0,0,0.0
16.737516504647154,0,0,0,0.0
16.7385691362261,0,0,0,0.0
16.7445691362261,0,0,0,0.0
16.745621767805048,0,0,0,0.0
16.751621767805048,0,0,0,0.0
16.752674399383995,0,0,0,0.0
16.758674399383995,0,0,0,0.0
16.759727030962942,0,0,0,0.0
16.765727030962942,0,0,0,0.0
16.76677966254189,0,0,0,0.0
16.77277966254189,0,0,0,0.0
16.773832294120837,0,0,0,0.0
16.779832294120837,0,0,0,0.0
16.780884925699784,0,0,0,0.0
16.786884925699784,0,0,0,0.0
16.78793755727873,0,0,0,0.0
16.79393755727873,0,0,0,0.0
16.79499018885768,0,0,0,0.0
16.80099018885768,0,0,0,0.0
16.802042820436625,0,0,0,0.0
16.808042820436626,0,0,0,0.0
16.809095452015573,0,0,0,0.0
16.815095452015573,0,0,0,0.0
16.81614808359452,0,0,0,0.0
16.82214808359452,0,0,0,0.0
16.823200715173467,0,0,0,0.0
16.829200715173467,0,0,0,0.0
16.830253346752414,0,0,0,0.0
16.836253346752414,0,0,0,0.0
16.83730597833136,0,0,0,0.0
16.84330597833136,0,0,0,0.0
16.84435860991031,0,0,0,0.0
16.85035860991031,0,0,0,0.0
16.851411241489256,0,0,0,0.0
16.857411241489256,0,0,0,0.0
16.858463873068203,0,0,0,0.0
16.864463873068203,0,0,0,0.0
16.86551650464715,0,0,0,0.0
16.87151650464715,0,0,0,0.0
16.872569136226097,0,0,0,0.0
16.878569136226098,0,0,0,0.0
16.879621767805045,0,0,0,0.0
16.885621767805045,0,0,0,0.0
16.886674399383992,0,0,0,0.0
16.892674399383992,0,0,0,0.0
16.89372703096294,0,0,0,0.0
16.89972703096294,0,0,0,0.0
16.900779662541886,0,0,0,0.0
16.906779662541886,0,0,0,0.0
16.907832294120833,0,0,0,0.0
16.913832294120834,0,0,0,0.0
16.91488492569978,0,0,0,0.0
16.92088492569978,0,0,0,0.0
16.921937557278728,0,0,0,0.0
16.927937557278728,0,0,0,0.0
16.928990188857675,0,0,0,0.0
16.934990188857675,0,0,0,0.0
16.936042820436622,0,0,0,0.0
16.942042820436622,0,0,0,0.0
16.94309545201557,0,0,0,0.0
16.94909545201557,0,0,0,0.0
16.950148083594517,0,0,0,0.0
16.956148083594517,0,0,0,0.0
16.957200715173464,0,0,0,0.0
16.963200715173464,0,0,0,0.0
16.96425334675241,0,0,0,0.0
16.97025334675241,0,0,0,0.0
16.97130597833136,0,0,0,0.0
16.97730597833136,0,0,0,0.0
16.978358609910305,0,0,0,0.0
16.984358609910306,0,0,0,0.0
16.985411241489253,0,0,0,0.0
16.991411241489253,0,0,0,0.0
16.99248267006068,0,0,0,0.0
16.99848267006068,0,0,0,0.0
16.99955409863211,0,0,0,0.0
17.00555409863211,0,0,0,0.0
17.00662552720354,0,0,0,0.0
17.01262552720354,0,0,0,0.0
17.013696955774968,0,0,0,0.0
17.019696955774968,0,0,0,0.0
17.020768384346397,0,0,0,0.0
17.026768384346397,0,0,0,0.0
17.027839812917826,0,0,0,0.0
17.033839812917826,0,0,0,0.0
17.034911241489255,0,0,0,0.0
17.040911241489255,0,0,0,0.0
17.041982670060683,0,0,0,0.0
17.047982670060684,0,0,0,0.0
17.049054098632112,0,0,0,0.0
17.055054098632112,0,0,0,0.0
17.05612552720354,0,0,0,0.0
17.06212552720354,0,0,0,0.0
17.06319695577497,0,0,0,0.0
17.06919695577497,0,0,0,0.0
17.0702683843464,0,0,0,0.0
17.0762683843464,0,0,0,0.0
17.077339812917828,0,0,0,0.0
17.083339812917828,0,0,0,0.0
17.084411241489256,0,0,0,0.0
17.090411241489257,0,0,0,0.0
17.091482670060685,0,0,0,0.0
17.097482670060685,0,0,0,0.0
17.098554098632114,0,0,0,0.0
17.104554098632114,0,0,0,0.0
17.105625527203543,0,0,0,0.0
17.111625527203543,0,0,0,0.0
17.11269695577497,0,0,0,0.0
17.118696955774972,0,0,0,0.0
17.1197683843464,0,0,0,0.0
17.1257683843464,0,0,0,0.0
17.12683981291783,0,0,0,0.0
17.13283981291783,0,0,0,0.0
17.13391124148926,0,0,0,0.0
17.13991124148926,0,0,0,0.0
17.140982670060687,0,0,0,0.0
17.146982670060687,0,0,0,0.0
17.148054098632116,0,0,0,0.0
17.154054098632116,0,0,0,0.0
17.155125527203545,0,0,0,0.0
17.161125527203545,0,0,0,0.0
17.162196955774974,0,0,0,0.0
17.168196955774974,0,0,0,0.0
17.169268384346402,0,0,0,0.0
17.175268384346403,0,0,0,0.0
17.17633981291783,0,0,0,0.0
17.18233981291783,0,0,0,0.0
17.18341124148926,0,0,0,0.0
17.18941124148926,0,0,0,0.0
17.19048267006069,0,0,0,0.0
17.19648267006069,0,0,0,0.0
17.197554098632118,0,0,0,0.0
17.203554098632118,0,0,0,0.0
17.204625527203547,0,0,0,0.0
17.210625527203547,0,0,0,0.0
17.211696955774975,0,0,0,0.0
17.217696955774976,0,0,0,0.0
17.218768384346404,0,0,0,0.0
17.224768384346405,0,0,0,0.0
17.225839812917833,0,0,0,0.0
17.231839812917833,0,0,0,0.0
17.23289244449678,0,0,0,0.0
17.23889244449678,0,0,0,0.0
17.239945076075728,0,0,0,0.0
17.245945076075728,0,0,0,0.0
17.246997707654675,0,0,0,0.0
17.252997707654675,0,0,0,0.0
17.254050339233622,0,0,0,0.0
17.260050339233622,0,0,0,0.0
17.26110297081257,0,0,0,0.0
17.26710297081257,0,0,0,0.0
17.268155602391516,0,0,0,0.0
17.274155602391517,0,0,0,0.0
17.275208233970464,0,0,0,0.0
17.281208233970464,0,0,0,0.0
17.28226086554941,0,0,0,0.0
17.28826086554941,0,0,0,0.0
17.289313497128358,0,0,0,0.0
17.295313497128358,0,0,0,0.0
17.296366128707305,0,0,0,0.0
17.302366128707305,0,0,0,0.0
17.303418760286252,0,0,0,0.0
17.309418760286253,0,0,0,0.0
17.3104713918652,0,0,0,0.0
17.3164713918652,0,0,0,0.0
17.317524023444147,0,0,0,0.0
17.323524023444147,0,0,0,0.0
17.324576655023094,0,0,0,0.0
17.330576655023094,0,0,0,0.0
17.33162928660204,0,0,0,0.0
17.33762928660204,0,0,0,0.0
17.33868191818099,0,0,0,0.0
17.34468191818099,0,0,0,0.0
17.345734549759936,0,0,0,0.0
17.351734549759936,0,0,0,0.0
17.352787181338883,0,0,0,0.0
17.358787181338883,0,0,0,0.0
17.35983981291783,0,0,0,0.0
17.36583981291783,0,0,0,0.0
17.366892444496777,0,0,0,0.0
17.372892444496777,0,0,0,0.0
17.373945076075724,0,0,0,0.0
17.379945076075725,0,0,0,0.0
17.38099770765467,0,0,0,0.0
17.386997707654672,0,0,0,0.0
17.38805033923362,0,0,0,0.0
17.39405033923362,0,0,0,0.0
17.395102970812566,0,0,0,0.0
17.401102970812566,0,0,0,0.0
17.402155602391513,0,0,0,0.0
17.408155602391513,0,0,0,0.0
17.40920823397046,0,0,0,0.0
17.41520823397046,0,0,0,0.0
17.416260865549408,0,0,0,0.0
17.422260865549408,0,0,0,0.0
17.423313497128355,0,0,0,0.0
17.429313497128355,0,0,0,0.0
17.430366128707302,0,0,0,0.0
17.436366128707302,0,0,0,0.0
17.43741876028625,0,0,0,0.0
17.44341876028625,0,0,0,0.0
17.444471391865196,0,0,0,0.0
17.450471391865197,0,0,0,0.0
17.451524023444144,0,0,0,0.0
17.457524023444144,0,0,0,0.0
17.45857665502309,0,0,0,0.0
17.46457665502309,0,0,0,0.0
17.465629286602038,0,0,0,0.0
17.471629286602038,0,0,0,0.0
17.472681918180985,0,0,0,0.0
17.478681918180985,0,0,0,0.0
17.479734549759932,0,0,0,0.0
17.485734549759933,0,0,0,0.0
17.48678718133888,0,0,0,0.0
17.49278718133888,0,0,0,0.0
17.493839812917827,0,0,0,0.0
17.499839812917827,0,0,0,0.0
17.500892444496774,0,0,0,0.0
17.506892444496774,0,0,0,0.0
17.50794507607572,0,0,0,0.0
17.51394507607572,0,0,0,0.0
17.51499770765467,0,0,0,0.0
17.52099770765467,0,0,0,0.0
17.522050339233616,0,0,0,0.0
17.528050339233616,0,0,0,0.0
17.529102970812563,0,0,0,0.0
17.535102970812563,0,0,0,0.0
17.53615560239151,0,0,0,0.0
17.54215560239151,0,0,0,0.0
17.543208233970457,0,0,0,0.0
17.549208233970457,0,0,0,0.0
17.550260865549404,0,0,0,0.0
17.556260865549405,0,0,0,0.0
17.55731349712835,0,0,0,0.0
17.56331349712835,0,0,0,0.0
17.5643661287073,0,0,0,0.0
17.5703661287073,0,0,0,0.0
17.571418760286246,0,0,0,0.0
17.577418760286246,0,0,0,0.0
17.578471391865193,0,0,0,0.0
17.584471391865193,0,0,0,0.0
17.58552402344414,0,0,0,0.0
17.59152402344414,0,0,0,0.0
17.592576655023088,0,0,0,0.0
17.598576655023088,0,0,0,0.0
17.599629286602035,0,0,0,0.0
17.605629286602035,0,0,0,0.0
17.606681918180982,0,0,0,0.0
17.612681918180982,0,0,0,0.0
17.61373454975993,0,0,0,0.0
17.61973454975993,0,0,0,0.0
17.620787181338876,0,0,0,0.0
17.626787181338877,0,0,0,0.0
17.627839812917824,0,0,0,0.0
17.633839812917824,0,0,0,0.0
17.63489244449677,0,0,0,0.0
17.64089244449677,0,0,0,0.0
17.641945076075718,0,0,0,0.0
17.647945076075718,0,0,0,0.0
17.648997707654665,0,0,0,0.0
17.654997707654665,0,0,0,0.0
17.656050339233612,0,0,0,0.0
17.662050339233613,0,0,0,0.0
17.66310297081256,0,0,0,0.0
17.66910297081256,0,0,0,0.0
17.670155602391507,0,0,0,0.0
17.676155602391507,0,0,0,0.0
17.677208233970454,0,0,0,0.0
17.683208233970454,0,0,0,0.0
17.6842608655494,0,0,0,0.0
17.6902608655494,0,0,0,0.0
17.69131349712835,0,0,0,0.0
17.69731349712835,0,0,0,0.0
17.698366128707296,0,0,0,0.0
17.704366128707296,0,0,0,0.0
17.705418760286243,0,0,0,0.0
17.711418760286243,0,0,0,0.0
17.71247139186519,0,0,0,0.0
17.71847139186519,0,0,0,0.0
17.719524023444137,0,0,0,0.0
17.725524023444137,0,0,0,0.0
17.726576655023084,0,0,0,0.0
17.732576655023085,0,0,0,0.0
17.73362928660203,0,0,0,0.0
17.73962928660203,0,0,0,0.0
17.74068191818098,0,0,0,0.0
17.74668191818098,0,0,0,0.0
17.747734549759926,0,0,0,0.0
17.753734549759926,0,0,0,0.0
17.754787181338873,0,0,0,0.0
17.760787181338873,0,0,0,0.0
17.76183981291782,0,0,0,0.0
17.76783981291782,0,0,0,0.0
17.768892444496768,0,0,0,0.0
17.774892444496768,0,0,0,0.0
17.775945076075715,0,0,0,0.0
17.781945076075715,0,0,0,0.0
17.782997707654662,0,0,0,0.0
17.788997707654662,0,0,0,0.0
17.79005033923361,0,0,0,0.0
17.79605033923361,0,0,0,0.0
17.797102970812556,0,0,0,0.0
17.803102970812557,0,0,0,0.0
17.804155602391504,0,0,0,0.0
17.810155602391504,0,0,0,0.0
17.81120823397045,0,0,0,0.0
17.81720823397045,0,0,0,0.0
17.818260865549398,0,0,0,0.0
17.824260865549398,0,0,0,0.0
17.825313497128345,0,0,0,0.0
17.831313497128345,0,0,0,0.0
17.832366128707292,0,0,0,0.0
17.838366128707293,0,0,0,0.0
17.83941876028624,0,0,0,0.0
17.84541876028624,0,0,0,0.0
17.846471391865187,0,0,0,0.0
17.852471391865187,0,0,0,0.0
17.853524023444134,0,0,0,0.0
17.859524023444134,0,0,0,0.0
17.86057665502308,0,0,0,0.0
17.86657665502308,0,0,0,0.0
17.86762928660203,0,0,0,0.0
17.87362928660203,0,0,0,0.0
17.874681918180976,0,0,0,0.0
17.880681918180976,0,0,0,0.0
17.881734549759923,0,0,0,0.0
17.887734549759923,0,0,0,0.0
17.88878718133887,0,0,0,0.0
17.89478718133887,0,0,0,0.0
17.895839812917817,0,0,0,0.0
17.901839812917817,0,0,0,0.0
17.902892444496764,0,0,0,0.0
17.908892444496765,0,0,0,0.0
17.90994507607571,0,0,0,0.0
17.91594507607571,0,0,0,0.0
17.91699770765466,0,0,0,0.0
17.92299770765466,0,0,0,0.0
17.924050339233606,0,0,0,0.0
17.930050339233606,0,0,0,0.0
17.931121767805035,0,0,0,0.0
17.937121767805035,0,0,0,0.0
17.938193196376464,0,0,0,0.0
17.944193196376464,0,0,0,0.0
17.945264624947892,0,0,0,0.0
17.951264624947893,0,0,0,0.0
17.95233605351932,0,0,0,0.0
17.95833605351932,0,0,0,0.0
17.95940748209075,0,0,0,0.0
17.96540748209075,0,0,0,0.0
17.96647891066218,0,0,0,0.0
17.97247891066218,0,0,0,0.0
17.973550339233608,0,0,0,0.0
17.979550339233608,0,0,0,0.0
17.980621767805037,0,0,0,0.0
17.986621767805037,0,0,0,0.0
17.987693196376465,0,0,0,0.0
17.993693196376466,0,0,0,0.0
17.994764624947894,0,0,0,0.0
18.000764624947895,0,0,0,0.0
18.001836053519323,0,0,0,0.0
18.007836053519323,0,0,0,0.0
18.008907482090752,0,0,0,0.0
18.014907482090752,0,0,0,0.0
18.01597891066218,0,0,0,0.0
18.02197891066218,0,0,0,0.0
18.02305033923361,0,0,0,0.0
18.02905033923361,0,0,0,0.0
18.03012176780504,0,0,0,0.0
18.03612176780504,0,0,0,0.0
18.037193196376467,0,0,0,0.0
18.043193196376468,0,0,0,0.0
18.044264624947896,0,0,0,0.0
18.050264624947896,0,0,0,0.0
18.051336053519325,0,0,0,0.0
18.057336053519325,0,0,0,0.0
18.058407482090754,0,0,0,0.0
18.064407482090754,0,0,0,0.0
18.065478910662183,0,0,0,0.0
18.071478910662183,0,0,0,0.0
18.07255033923361,0,0,0,0.0
18.07855033923361,0,0,0,0.0
18.07962176780504,0,0,0,0.0
18.08562176780504,0,0,0,0.0
18.08669319637647,0,0,0,0.0
18.09269319637647,0,0,0,0.0
18.093764624947898,0,0,0,0.0
18.0997646249479,0,0,0,0.0
18.100836053519327,0,0,0,0.0
18.106836053519327,0,0,0,0.0
18.107907482090756,0,0,0,0.0
18.113907482090756,0,0,0,0.0
18.114978910662185,0,0,0,0.0
18.120978910662185,0,0,0,0.0
18.122050339233613,0,0,0,0.0
18.128050339233614,0,0,0,0.0
18.129121767805042,0,0,0,0.0
18.135121767805042,0,0,0,0.0
18.13619319637647,0,0,0,0.0
18.14219319637647,0,0,0,0.0
18.14328410546738,0,0,0,0.0
18.14928410546738,0,0,0,0.0
18.15037501455829,0,0,0,0.0
18.15637501455829,0,0,0,0.0
18.157465923649198,0,0,0,0.0
18.1634659236492,0,0,0,0.0
18.164556832740107,0,0,0,0.0
18.170556832740107,0,0,0,0.0
18.171647741831016,0,0,0,0.0
18.177647741831017,0,0,0,0.0
18.178738650921925,0,0,0,0.0
18.184738650921926,0,0,0,0.0
18.185829560012834,0,0,0,0.0
18.191829560012835,0,0,0,0.0
18.192920469103743,0,0,0,0.0
18.198920469103744,0,0,0,0.0
18.200011378194652,0,0,0,0.0
18.206011378194653,0,0,0,0.0
18.20710228728556,0,0,0,0.0
18.21310228728556,0,0,0,0.0
18.21419319637647,0,0,0,0.0
18.22019319637647,0,0,0,0.0
18.22128410546738,0,0,0,0.0
18.22728410546738,0,0,0,0.0
18.22837501455829,0,0,0,0.0
18.23437501455829,0,0,0,0.0
18.235465923649198,0,0,0,0.0
18.241465923649198,0,0,0,0.0
18.242556832740107,0,0,0,0.0
18.248556832740107,0,0,0,0.0
18.249647741831016,0,0,0,0.0
18.255647741831016,0,0,0,0.0
18.256738650921925,0,0,0,0.0
18.262738650921925,0,0,0,0.0
18.263829560012834,0,0,0,0.0
18.269829560012834,0,0,0,0.0
18.270920469103743,0,0,0,0.0
18.276920469103743,0,0,0,0.0
18.278031580214854,0,0,0,0.0
18.284031580214855,0,0,0,0.0
18.285142691325966,0,0,0,0.0
18.291142691325966,0,0,0,0.0
18.292253802437077,0,0,0,0.0
18.298253802437078,0,0,0,0.0
18.29936491354819,0,0,0,0.0
18.30536491354819,0,0,0,0.0
18.3064760246593,0,0,0,0.0
18.3124760246593,0,0,0,0.0
18.313587135770412,0,0,0,0.0
18.319587135770412,0,0,0,0.0
18.320698246881523,0,0,0,0.0
18.326698246881524,0,0,0,0.0
18.327809357992635,0,0,0,0.0
18.333809357992635,0,0,0,0.0
18.334920469103746,0,0,0,0.0
18.340920469103747,0,0,0,0.0
18.342031580214858,0,0,0,0.0
18.348031580214858,0,0,0,0.0
18.34914269132597,0,0,0,0.0
18.35514269132597,0,0,0,0.0
18.35625380243708,0,0,0,0.0
18.36225380243708,0,0,0,0.0
18.363364913548192,0,0,0,0.0
18.369364913548193,0,0,0,0.0
18.370476024659304,0,0,0,0.0
18.376476024659304,0,0,0,0.0
18.377587135770415,0,0,0,0.0
18.383587135770416,0,0,0,0.0
18.384698246881527,0,0,0,0.0
18.390698246881527,0,0,0,0.0
18.39180935799264,0,0,0,0.0
18.39780935799264,0,0,0,0.0
18.39892046910375,0,0,0,0.0
18.40492046910375,0,0,0,0.0
18.40603158021486,0,0,0,0.0
18.41203158021486,0,0,0,0.0
18.413142691325973,0,0,0,0.0
18.419142691325973,0,0,0,0.0
18.420253802437085,0,0,0,0.0
18.426253802437085,0,0,0,0.0
18.427385877908783,0,0,0,0.0
18.433385877908783,0,0,0,0.0
18.43451795338048,0,0,0,0.0
18.440517953380482,0,0,0,0.0
18.44165002885218,0,0,0,0.0
18.44765002885218,0,0,0,0.0
18.44878210432388,0,0,0,0.0
18.45478210432388,0,0,0,0.0
18.455914179795577,0,0,0,0.0
18.461914179795578,0,0,0,0.0
18.463046255267276,0,0,0,0.0
18.469046255267276,0,0,0,0.0
18.470178330738975,0,0,0,0.0
18.476178330738975,0,0,0,0.0
18.477310406210673,0,0,0,0.0
18.483310406210673,0,0,0,0.0
18.484442481682372,0,0,0,0.0
18.490442481682372,0,0,0,0.0
18.49157455715407,0,0,0,0.0
18.49757455715407,0,0,0,0.0
18.49870663262577,0,0,0,0.0
18.50470663262577,0,0,0,0.0
18.505838708097468,0,0,0,0.0
18.511838708097468,0,0,0,0.0
18.512970783569166,0,0,0,0.0
18.518970783569166,0,0,0,0.0
18.520124629723014,0,0,0,0.0
18.526124629723014,0,0,0,0.0
18.527278475876862,0,0,0,0.0
18.533278475876863,0,0,0,0.0
18.53443232203071,0,0,0,0.0
18.54043232203071,0,0,0,0.0
18.54158616818456,0,0,0,0.0
18.54758616818456,0,0,0,0.0
18.548740014338406,0,0,0,0.0
18.554740014338407,0,0,0,0.0
18.555893860492255,0,0,0,0.0
18.561893860492255,0,0,0,0.0
18.563047706646103,0,0,0,0.0
18.569047706646103,0,0,0,0.0
18.57020155279995,0,0,0,0.0
18.57620155279995,0,0,0,0.0
18.5773553989538,0,0,0,0.0
18.5833553989538,0,0,0,0.0
18.584509245107647,0,0,0,0.0
18.590509245107647,0,0,0,0.0
18.591663091261495,0,0,0,0.0
18.597663091261495,0,0,0,0.0
18.598816937415343,0,0,0,0.0
18.604816937415343,0,0,0,0.0
18.60597078356919,0,0,0,0.0
18.61197078356919,0,0,0,0.0
18.61312462972304,0,0,0,0.0
18.61912462972304,0,0,0,0.0
18.620278475876887,0,0,0,0.0
18.626278475876887,0,0,0,0.0
18.627432322030735,0,0,0,0.0
18.633432322030735,0,0,0,0.0
18.634586168184583,0,0,0,0.0
18.640586168184583,0,0,0,0.0
18.64174001433843,0,0,0,0.0
18.64774001433843,0,0,0,0.0
18.64889386049228,0,0,0,0.0
18.65489386049228,0,0,0,0.0
18.656047706646127,0,0,0,0.0
18.662047706646128,0,0,0,0.0
18.663201552799976,0,0,0,0.0
18.669201552799976,0,0,0,0.0
18.670355398953824,0,0,0,0.0
18.676355398953824,0,0,0,0.0
18.67750924510767,0,0,0,0.0
18.683509245107672,0,0,0,0.0
18.68466309126152,0,0,0,0.0
18.69066309126152,0,0,0,0.0
18.691816937415368,0,0,0,0.0
18.697816937415368,0,0,0,0.0
18.698970783569216,0,0,0,0.0
18.704970783569216,0,0,0,0.0
18.706124629723064,0,0,0,0.0
18.712124629723064,0,0,0,0.0
18.713278475876912,0,0,0,0.0
18.719278475876912,0,0,0,0.0
18.72043232203076,0,0,0,0.0
18.72643232203076,0,0,0,0.0
18.727586168184608,0,0,0,0.0
18.73358616818461,0,0,0,0.0
18.734740014338456,0,0,0,0.0
18.740740014338456,0,0,0,0.0
18.741893860492304,0,0,0,0.0
18.747893860492304,0,0,0,0.0
18.749047706646152,0,0,0,0.0
18.755047706646153,0,0,0,0.0
18.7562015528,0,0,0,0.0
18.7622015528,0,0,0,0.0
18.76335539895385,0,0,0,0.0
18.76935539895385,0,0,0,0.0
18.770509245107696,0,0,0,0.0
18.776509245107697,0,0,0,0.0
18.777663091261545,0,0,0,0.0
18.783663091261545,0,0,0,0.0
18.784816937415393,0,0,0,0.0
18.790816937415393,0,0,0,0.0
18.79197078356924,0,0,0,0.0
18.79797078356924,0,0,0,0.0
18.79912462972309,0,0,0,0.0
18.80512462972309,0,0,0,0.0
18.806278475876937,0,0,0,0.0
18.812278475876937,0,0,0,0.0
18.813432322030785,0,0,0,0.0
18.819432322030785,0,0,0,0.0
18.820586168184633,0,0,0,0.0
18.826586168184633,0,0,0,0.0
18.82774001433848,0,0,0,0.0
18.83374001433848,0,0,0,0.0
18.83489386049233,0,0,0,0.0
18.84089386049233,0,0,0,0.0
18.842047706646177,0,0,0,0.0
18.848047706646177,0,0,0,0.0
18.849201552800025,0,0,0,0.0
18.855201552800025,0,0,0,0.0
18.856355398953873,0,0,0,0.0
18.862355398953873,0,0,0,0.0
18.86350924510772,0,0,0,0.0
18.86950924510772,0,0,0,0.0
18.87066309126157,0,0,0,0.0
18.87666309126157,0,0,0,0.0
18.877816937415417,0,0,0,0.0
18.883816937415418,0,0,0,0.0
18.884970783569266,0,0,0,0.0
18.890970783569266,0,0,0,0.0
18.892124629723114,0,0,0,0.0
18.898124629723114,0,0,0,0.0
18.89927847587696,0,0,0,0.0
18.905278475876962,0,0,0,0.0
18.90643232203081,0,0,0,0.0
18.91243232203081,0,0,0,0.0
18.913586168184658,0,0,0,0.0
18.919586168184658,0,0,0,0.0
18.920718243656356,0,0,0,0.0
18.926718243656357,0,0,0,0.0
18.927850319128055,0,0,0,0.0
18.933850319128055,0,0,0,0.0
18.934982394599754,0,0,0,0.0
18.940982394599754,0,0,0,0.0
18.942114470071452,0,0,0,0.0
18.948114470071452,0,0,0,0.0
18.94924654554315,0,0,0,0.0
18.95524654554315,0,0,0,0.0
18.95637862101485,0,0,0,0.0
18.96237862101485,0,0,0,0.0
18.963510696486548,0,0,0,0.0
18.969510696486548,0,0,0,0.0
18.970642771958246,0,0,0,0.0
18.976642771958247,0,0,0,0.0
18.977774847429945,0,0,0,0.0
18.983774847429945,0,0,0,0.0
18.984906922901644,0,0,0,0.0
18.990906922901644,0,0,0,0.0
18.992038998373342,0,0,0,0.0
18.998038998373342,0,0,0,0.0
18.99917107384504,0,0,0,0.0
19.00517107384504,0,0,0,0.0
19.00630314931674,0,0,0,0.0
19.01230314931674,0,0,0,0.0
19.013435224788438,0,0,0,0.0
19.019435224788438,0,0,0,0.0
19.020567300260137,0,0,0,0.0
19.026567300260137,0,0,0,0.0
19.027699375731835,0,0,0,0.0
19.033699375731835,0,0,0,0.0
19.034831451203534,0,0,0,0.0
19.040831451203534,0,0,0,0.0
19.041963526675232,0,0,0,0.0
19.047963526675233,0,0,0,0.0
19.04911737282908,0,0,0,0.0
19.05511737282908,0,0,0,0.0
19.05627121898293,0,0,0,0.0
19.06227121898293,0,0,0,0.0
19.063425065136776,0,0,0,0.0
19.069425065136777,0,0,0,0.0
19.070578911290625,0,0,0,0.0
19.076578911290625,0,0,0,0.0
19.077732757444473,0,0,0,0.0
19.083732757444473,0,0,0,0.0
19.08488660359832,0,0,0,0.0
19.09088660359832,0,0,0,0.0
19.09204044975217,0,0,0,0.0
19.09804044975217,0,0,0,0.0
19.099194295906017,0,0,0,0.0
19.105194295906017,0,0,0,0.0
19.106348142059865,0,0,0,0.0
19.112348142059865,0,0,0,0.0
19.113501988213713,0,0,0,0.0
19.119501988213713,0,0,0,0.0
19.12065583436756,0,0,0,0.0
19.12665583436756,0,0,0,0.0
19.12780968052141,0,0,0,0.0
19.13380968052141,0,0,0,0.0
19.134963526675257,0,0,0,0.0
19.140963526675257,0,0,0,0.0
19.142117372829105,0,0,0,0.0
19.148117372829105,0,0,0,0.0
19.149271218982953,0,0,0,0.0
19.155271218982953,0,0,0,0.0
19.1564250651368,0,0,0,0.0
19.1624250651368,0,0,0,0.0
19.16357891129065,0,0,0,0.0
19.16957891129065,0,0,0,0.0
19.170732757444497,0,0,0,0.0
19.176732757444498,0,0,0,0.0
19.177886603598346,0,0,0,0.0
19.183886603598346,0,0,0,0.0
19.185040449752194,0,0,0,0.0
19.191040449752194,0,0,0,0.0
19.19219429590604,0,0,0,0.0
19.198194295906042,0,0,0,0.0
19.19934814205989,0,0,0,0.0
19.20534814205989,0,0,0,0.0
19.206501988213738,0,0,0,0.0
19.212501988213738,0,0,0,0.0
19.213655834367586,0,0,0,0.0
19.219655834367586,0,0,0,0.0
19.220809680521434,0,0,0,0.0
19.226809680521434,0,0,0,0.0
19.227963526675282,0,0,0,0.0
19.233963526675282,0,0,0,0.0
19.23511737282913,0,0,0,0.0
19.24111737282913,0,0,0,0.0
19.242271218982978,0,0,0,0.0
19.24827121898298,0,0,0,0.0
19.249425065136826,0,0,0,0.0
19.255425065136826,0,0,0,0.0
19.256578911290674,0,0,0,0.0
19.262578911290674,0,0,0,0.0
19.263732757444522,0,0,0,0.0
19.269732757444523,0,0,0,0.0
19.27088660359837,0,0,0,0.0
19.27688660359837,0,0,0,0.0
19.27804044975222,0,0,0,0.0
19.28404044975222,0,0,0,0.0
19.285194295906066,0,0,0,0.0
19.291194295906067,0,0,0,0.0
19.292348142059915,0,0,0,0.0
19.298348142059915,0,0,0,0.0
19.29952461264815,0,0,0,0.0
19.30552461264815,0,0,0,0.0
19.306701083236383,0,0,0,0.0
19.312701083236384,0,0,0,0.0
19.313877553824618,0,0,0,0.0
19.319877553824618,0,0,0,0.0
19.321054024412852,0,0,0,0.0
19.327054024412853,0,0,0,0.0
19.3282078705667,0,0,0,0.0
19.3342078705667,0,0,0,0.0
19.33536171672055,0,0,0,0.0
19.34136171672055,0,0,0,0.0
19.342515562874397,0,0,0,0.0
19.348515562874397,0,0,0,0.0
19.349669409028245,0,0,0,0.0
19.355669409028245,0,0,0,0.0
19.356823255182093,0,0,0,0.0
19.362823255182093,0,0,0,0.0
19.36397710133594,0,0,0,0.0
19.36997710133594,0,0,0,0.0
19.37113094748979,0,0,0,0.0
19.37713094748979,0,0,0,0.0
19.378284793643637,0,0,0,0.0
19.384284793643637,0,0,0,0.0
19.385438639797485,0,0,0,0.0
19.391438639797485,0,0,0,0.0
19.392592485951333,0,0,0,0.0
19.398592485951333,0,0,0,0.0
19.39974633210518,0,0,0,0.0
19.40574633210518,0,0,0,0.0
19.40690017825903,0,0,0,0.0
19.41290017825903,0,0,0,0.0
19.414054024412877,0,0,0,0.0
19.420054024412877,0,0,0,0.0
19.421207870566725,0,0,0,0.0
19.427207870566725,0,0,0,0.0
19.428361716720573,0,0,0,0.0
19.434361716720574,0,0,0,0.0
19.43551556287442,0,0,0,0.0
19.44151556287442,0,0,0,0.0
19.44266940902827,0,0,0,0.0
19.44866940902827,0,0,0,0.0
19.449823255182118,0,0,0,0.0
19.455823255182118,0,0,0,0.0
19.456977101335966,0,0,0,0.0
19.462977101335966,0,0,0,0.0
19.464130947489814,0,0,0,0.0
19.470130947489814,0,0,0,0.0
19.47128479364366,0,0,0,0.0
19.477284793643662,0,0,0,0.0
19.47843863979751,0,0,0,0.0
19.48443863979751,0,0,0,0.0
19.485592485951358,0,0,0,0.0
19.491592485951358,0,0,0,0.0
19.492746332105206,0,0,0,0.0
19.498746332105206,0,0,0,0.0
19.49992280269344,0,0,0,0.0
19.50592280269344,0,0,0,0.0
19.507099273281675,0,0,0,0.0
19.513099273281675,0,0,0,0.0
19.51427574386991,0,0,0,0.0
19.52027574386991,0,0,0,0.0
19.521452214458144,0,0,0,0.0
19.527452214458144,0,0,0,0.0
19.528628685046378,0,0,0,0.0
19.53462868504638,0,0,0,0.0
19.535805155634613,0,0,0,0.0
19.541805155634613,0,0,0,0.0
19.542981626222847,0,0,0,0.0
19.548981626222847,0,0,0,0.0
19.55015809681108,0,0,0,0.0
19.55615809681108,0,0,0,0.0
19.557334567399316,0,0,0,0.0
19.563334567399316,0,0,0,0.0
19.56451103798755,0,0,0,0.0
19.57051103798755,0,0,0,0.0
19.571687508575785,0,0,0,0.0
19.577687508575785,0,0,0,0.0
19.57886397916402,0,0,0,0.0
19.58486397916402,0,0,0,0.0
19.58606397916402,0,0,0,0.0
19.59206397916402,0,0,0,0.0
19.59326397916402,0,0,0,0.0
19.59926397916402,0,0,0,0.0
19.600463979164022,0,0,0,0.0
19.606463979164023,0,0,0,0.0
19.607663979164023,0,0,0,0.0
19.613663979164023,0,0,0,0.0
19.614863979164024,0,0,0,0.0
19.620863979164024,0,0,0,0.0
19.622063979164025,0,0,0,0.0
19.628063979164025,0,0,0,0.0
19.629263979164026,0,0,0,0.0
19.635263979164026,0,0,0,0.0
19.636463979164027,0,0,0,0.0
19.642463979164027,0,0,0,0.0
19.643663979164028,0,0,0,0.0
19.64966397916403,0,0,0,0.0
19.65086397916403,0,0,0,0.0
19.65686397916403,0,0,0,0.0
19.65806397916403,0,0,0,0.0
19.66406397916403,0,0,0,0.0
19.66526397916403,0,0,0,0.0
19.67126397916403,0,0,0,0.0
19.672463979164032,0,0,0,0.0
19.678463979164032,0,0,0,0.0
19.679663979164033,0,0,0,0.0
19.685663979164033,0,0,0,0.0
19.686863979164034,0,0,0,0.0
19.692863979164034,0,0,0,0.0
19.694063979164035,0,0,0,0.0
19.700063979164035,0,0,0,0.0
19.701263979164036,0,0,0,0.0
19.707263979164036,0,0,0,0.0
19.708463979164037,0,0,0,0.0
19.714463979164037,0,0,0,0.0
19.715663979164038,0,0,0,0.0
19.72166397916404,0,0,0,0.0
19.72286397916404,0,0,0,0.0
19.72886397916404,0,0,0,0.0
19.73006397916404,0,0,0,0.0
19.73606397916404,0,0,0,0.0
19.73726397916404,0,0,0,0.0
19.74326397916404,0,0,0,0.0
19.744463979164042,0,0,0,0.0
19.750463979164042,0,0,0,0.0
19.751663979164043,0,0,0,0.0
19.757663979164043,0,0,0,0.0
19.758863979164044,0,0,0,0.0
19.764863979164044,0,0,0,0.0
19.766063979164045,0,0,0,0.0
19.772063979164045,0,0,0,0.0
19.773263979164046,0,0,0,0.0
19.779263979164046,0,0,0,0.0
19.780463979164047,0,0,0,0.0
19.786463979164047,0,0,0,0.0
19.787663979164048,0,0,0,0.0
19.793663979164048,0,0,0,0.0
19.79486397916405,0,0,0,0.0
19.80086397916405,0,0,0,0.0
19.80206397916405,0,0,0,0.0
19.80806397916405,0,0,0,0.0
19.80926397916405,0,0,0,0.0
19.81526397916405,0,0,0,0.0
19.816463979164052,0,0,0,0.0
19.822463979164052,0,0,0,0.0
19.823663979164053,0,0,0,0.0
19.829663979164053,0,0,0,0.0
19.830863979164054,0,0,0,0.0
19.836863979164054,0,0,0,0.0
19.838063979164055,0,0,0,0.0
19.844063979164055,0,0,0,0.0
19.845263979164056,0,0,0,0.0
19.851263979164056,0,0,0,0.0
19.852463979164057,0,0,0,0.0
19.858463979164057,0,0,0,0.0
19.859663979164058,0,0,0,0.0
19.865663979164058,0,0,0,0.0
19.86686397916406,0,0,0,0.0
19.87286397916406,0,0,0,0.0
19.87406397916406,0,0,0,0.0
19.88006397916406,0,0,0,0.0
19.88126397916406,0,0,0,0.0
19.88726397916406,0,0,0,0.0
19.88846397916406,0,0,0,0.0
19.894463979164062,0,0,0,0.0
19.895663979164063,0,0,0,0.0
19.901663979164063,0,0,0,0.0
19.902863979164064,0,0,0,0.0
19.908863979164064,0,0,0,0.0
19.910063979164065,0,0,0,0.0
19.916063979164065,0,0,0,0.0
19.917288468959985,0,0,0,0.0
19.923288468959985,0,0,0,0.0
19.924512958755905,0,0,0,0.0
19.930512958755905,0,0,0,0.0
19.931737448551825,0,0,0,0.0
19.937737448551825,0,0,0,0.0
19.938961938347745,0,0,0,0.0
19.944961938347745,0,0,0,0.0
19.946186428143665,0,0,0,0.0
19.952186428143666,0,0,0,0.0
19.953410917939586,0,0,0,0.0
19.959410917939586,0,0,0,0.0
19.960635407735506,0,0,0,0.0
19.966635407735506,0,0,0,0.0
19.967859897531426,0,0,0,0.0
19.973859897531426,0,0,0,0.0
19.975084387327346,0,0,0,0.0
19.981084387327346,0,0,0,0.0
19.982308877123266,0,0,0,0.0
19.988308877123266,0,0,0,0.0
19.989533366919186,0,0,0,0.0
19.995533366919187,0,0,0,0.0
19.996757856715107,0,0,0,0.0
20.002757856715107,0,0,0,0.0
20.003982346511027,0,0,0,0.0
20.009982346511027,0,0,0,0.0
20.011206836306947,0,0,0,0.0
20.017206836306947,0,0,0,0.0
20.018431326102867,0,0,0,0.0
20.024431326102867,0,0,0,0.0
20.025655815898787,0,0,0,0.0
20.031655815898787,0,0,0,0.0
20.032880305694707,0,0,0,0.0
20.038880305694708,0,0,0,0.0
20.040104795490628,0,0,0,0.0
20.046104795490628,0,0,0,0.0
20.047329285286548,0,0,0,0.0
20.053329285286548,0,0,0,0.0
20.054553775082468,0,0,0,0.0
20.060553775082468,0,0,0,0.0
20.061778264878388,0,0,0,0.0
20.06777826487839,0,0,0,0.0
20.069002754674308,0,0,0,0.0
20.07500275467431,0,0,0,0.0
20.07622724447023,0,0,0,0.0
20.08222724447023,0,0,0,0.0
20.08345173426615,0,0,0,0.0
20.08945173426615,0,0,0,0.0
20.09067622406207,0,0,0,0.0
20.09667622406207,0,0,0,0.0
20.09790071385799,0,0,0,0.0
20.10390071385799,0,0,0,0.0
20.10512520365391,0,0,0,0.0
20.11112520365391,0,0,0,0.0
20.11234969344983,0,0,0,0.0
20.11834969344983,0,0,0,0.0
20.11957418324575,0,0,0,0.0
20.12557418324575,0,0,0,0.0
20.12679867304167,0,0,0,0.0
20.13279867304167,0,0,0,0.0
20.13402316283759,0,0,0,0.0
20.14002316283759,0,0,0,0.0
20.14124765263351,0,0,0,0.0
20.14724765263351,0,0,0,0.0
20.14847214242943,0,0,0,0.0
20.15447214242943,0,0,0,0.0
20.15569663222535,0,0,0,0.0
20.16169663222535,0,0,0,0.0
20.16292112202127,0,0,0,0.0
20.16892112202127,0,0,0,0.0
20.17014561181719,0,0,0,0.0
20.17614561181719,0,0,0,0.0
20.17737010161311,0,0,0,0.0
20.18337010161311,0,0,0,0.0
20.18459459140903,0,0,0,0.0
20.19059459140903,0,0,0,0.0
20.19181908120495,0,0,0,0.0
20.19781908120495,0,0,0,0.0
20.19904357100087,0,0,0,0.0
20.20504357100087,0,0,0,0.0
20.20626806079679,0,0,0,0.0
20.21226806079679,0,0,0,0.0
20.21349255059271,0,0,0,0.0
20.21949255059271,0,0,0,0.0
20.22071704038863,0,0,0,0.0
20.226717040388632,0,0,0,0.0
20.22794153018455,0,0,0,0.0
20.233941530184552,0,0,0,0.0
20.235166019980472,0,0,0,0.0
20.241166019980472,0,0,0,0.0
20.242390509776392,0,0,0,0.0
20.248390509776392,0,0,0,0.0
20.249614999572312,0,0,0,0.0
20.255614999572312,0,0,0,0.0
20.256839489368232,0,0,0,0.0
20.262839489368233,0,0,0,0.0
20.264063979164153,0,0,0,0.0
20.270063979164153,0,0,0,0.0
20.271288468960073,0,0,0,0.0
20.277288468960073,0,0,0,0.0
20.278512958755993,0,0,0,0.0
20.284512958755993,0,0,0,0.0
20.285737448551913,0,0,0,0.0
20.291737448551913,0,0,0,0.0
20.292961938347833,0,0,0,0.0
20.298961938347833,0,0,0,0.0
20.300186428143753,0,0,0,0.0
20.306186428143754,0,0,0,0.0
20.307410917939674,0,0,0,0.0
20.313410917939674,0,0,0,0.0
20.314635407735594,0,0,0,0.0
20.320635407735594,0,0,0,0.0
20.321859897531514,0,0,0,0.0
20.327859897531514,0,0,0,0.0
20.329084387327434,0,0,0,0.0
20.335084387327434,0,0,0,0.0
20.336308877123354,0,0,0,0.0
20.342308877123354,0,0,0,0.0
20.343533366919274,0,0,0,0.0
20.349533366919275,0,0,0,0.0
20.350757856715195,0,0,0,0.0
20.356757856715195,0,0,0,0.0
20.357982346511115,0,0,0,0.0
20.363982346511115,0,0,0,0.0
20.365206836307035,0,0,0,0.0
20.371206836307035,0,0,0,0.0
20.372431326102955,0,0,0,0.0
20.378431326102955,0,0,0,0.0
20.379655815898875,0,0,0,0.0
20.385655815898875,0,0,0,0.0
20.386880305694795,0,0,0,0.0
20.392880305694796,0,0,0,0.0
20.394104795490716,0,0,0,0.0
20.400104795490716,0,0,0,0.0
20.401329285286636,0,0,0,0.0
20.407329285286636,0,0,0,0.0
20.408553775082556,0,0,0,0.0
20.414553775082556,0,0,0,0.0
20.415778264878476,0,0,0,0.0
20.421778264878476,0,0,0,0.0
20.423002754674396,0,0,0,0.0
20.429002754674396,0,0,0,0.0
20.430227244470316,0,0,0,0.0
20.436227244470317,0,0,0,0.0
20.437451734266237,0,0,0,0.0
20.443451734266237,0,0,0,0.0
20.444676224062157,0,0,0,0.0
20.450676224062157,0,0,0,0.0
20.451900713858077,0,0,0,0.0
20.457900713858077,0,0,0,0.0
20.459125203653997,0,0,0,0.0
20.465125203653997,0,0,0,0.0
20.466349693449917,0,0,0,0.0
20.472349693449917,0,0,0,0.0
20.473574183245837,0,0,0,0.0
20.479574183245838,0,0,0,0.0
20.480798673041757,0,0,0,0.0
20.486798673041758,0,0,0,0.0
20.488023162837678,0,0,0,0.0
20.494023162837678,0,0,0,0.0
20.495247652633598,0,0,0,0.0
20.501247652633598,0,0,0,0.0
20.502472142429518,0,0,0,0.0
20.508472142429518,0,0,0,0.0
20.509696632225438,0,0,0,0.0
20.51569663222544,0,0,0,0.0
20.51692112202136,0,0,0,0.0
20.52292112202136,0,0,0,0.0
20.52414561181728,0,0,0,0.0
20.53014561181728,0,0,0,0.0
20.5313701016132,0,0,0,0.0
20.5373701016132,0,0,0,0.0
20.53859459140912,0,0,0,0.0
20.54459459140912,0,0,0,0.0
20.54581908120504,0,0,0,0.0
20.55181908120504,0,0,0,0.0
20.55304357100096,0,0,0,0.0
20.55904357100096,0,0,0,0.0
20.56026806079688,0,0,0,0.0
20.56626806079688,0,0,0,0.0
20.5674925505928,0,0,0,0.0
20.5734925505928,0,0,0,0.0
20.57471704038872,0,0,0,0.0
20.58071704038872,0,0,0,0.0
20.58194153018464,0,0,0,0.0
20.58794153018464,0,0,0,0.0
20.58916601998056,0,0,0,0.0
20.59516601998056,0,0,0,0.0
20.59639050977648,0,0,0,0.0
20.60239050977648,0,0,0,0.0
20.6036149995724,0,0,0,0.0
20.6096149995724,0,0,0,0.0
20.61083948936832,0,0,0,0.0
20.61683948936832,0,0,0,0.0
20.61806397916424,0,0,0,0.0
20.62406397916424,0,0,0,0.0
20.62528846896016,0,0,0,0.0
20.63128846896016,0,0,0,0.0
20.63251295875608,0,0,0,0.0
20.63851295875608,0,0,0,0.0
20.639737448552,0,0,0,0.0
20.645737448552,0,0,0,0.0
20.64696193834792,0,0,0,0.0
20.65296193834792,0,0,0,0.0
20.65418642814384,0,0,0,0.0
20.66018642814384,0,0,0,0.0
20.66141091793976,0,0,0,0.0
20.667410917939762,0,0,0,0.0
20.66863540773568,0,0,0,0.0
20.674635407735682,0,0,0,0.0
20.675859897531602,0,0,0,0.0
20.681859897531602,0,0,0,0.0
20.683084387327522,0,0,0,0.0
20.689084387327522,0,0,0,0.0
20.690308877123442,0,0,0,0.0
20.696308877123442,0,0,0,0.0
20.697533366919362,0,0,0,0.0
20.703533366919363,0,0,0,0.0
20.704757856715283,0,0,0,0.0
20.710757856715283,0,0,0,0.0
20.711982346511203,0,0,0,0.0
20.717982346511203,0,0,0,0.0
20.719206836307123,0,0,0,0.0
20.725206836307123,0,0,0,0.0
20.726431326103043,0,0,0,0.0
20.732431326103043,0,0,0,0.0
20.733655815898963,0,0,0,0.0
20.739655815898963,0,0,0,0.0
20.740880305694883,0,0,0,0.0
20.746880305694884,0,0,0,0.0
20.748104795490804,0,0,0,0.0
20.754104795490804,0,0,0,0.0
20.755329285286724,0,0,0,0.0
20.761329285286724,0,0,0,0.0
20.762553775082644,0,0,0,0.0
20.768553775082644,0,0,0,0.0
20.769778264878564,0,0,0,0.0
20.775778264878564,0,0,0,0.0
20.777002754674484,0,0,0,0.0
20.783002754674484,0,0,0,0.0
20.784227244470404,0,0,0,0.0
20.790227244470405,0,0,0,0.0
20.791451734266325,0,0,0,0.0
20.797451734266325,0,0,0,0.0
20.798676224062245,0,0,0,0.0
20.804676224062245,0,0,0,0.0
20.805900713858165,0,0,0,0.0
20.811900713858165,0,0,0,0.0
20.813125203654085,0,0,0,0.0
20.819125203654085,0,0,0,0.0
20.820349693450005,0,0,0,0.0
20.826349693450005,0,0,0,0.0
20.827574183245925,0,0,0,0.0
20.833574183245926,0,0,0,0.0
20.834798673041846,0,0,0,0.0
20.840798673041846,0,0,0,0.0
20.842023162837766,0,0,0,0.0
20.848023162837766,0,0,0,0.0
20.849247652633686,0,0,0,0.0
20.855247652633686,0,0,0,0.0
20.856472142429606,0,0,0,0.0
20.862472142429606,0,0,0,0.0
20.863696632225526,0,0,0,0.0
20.869696632225526,0,0,0,0.0
20.870921122021446,0,0,0,0.0
20.876921122021447,0,0,0,0.0
20.878145611817367,0,0,0,0.0
20.884145611817367,0,0,0,0.0
20.885370101613287,0,0,0,0.0
20.891370101613287,0,0,0,0.0
20.892594591409207,0,0,0,0.0
20.898594591409207,0,0,0,0.0
20.899819081205127,0,0,0,0.0
20.905819081205127,0,0,0,0.0
20.907043571001047,0,0,0,0.0
20.913043571001047,0,0,0,0.0
20.914268060796967,0,0,0,0.0
20.920268060796968,0,0,0,0.0
20.921492550592887,0,0,0,0.0
20.927492550592888,0,0,0,0.0
20.928717040388808,0,0,0,0.0
20.934717040388808,0,0,0,0.0
20.935941530184728,0,0,0,0.0
20.941941530184728,0,0,0,0.0
20.943166019980648,0,0,0,0.0
20.949166019980648,0,0,0,0.0
20.950390509776568,0,0,0,0.0
20.95639050977657,0,0,0,0.0
20.95761499957249,0,0,0,0.0
20.96361499957249,0,0,0,0.0
20.96483948936841,0,0,0,0.0
20.97083948936841,0,0,0,0.0
20.97206397916433,0,0,0,0.0
20.97806397916433,0,0,0,0.0
20.97928846896025,0,0,0,0.0
20.98528846896025,0,0,0,0.0
20.98651295875617,0,0,0,0.0
20.99251295875617,0,0,0,0.0
20.99373744855209,0,0,0,0.0
20.99973744855209,0,0,0,0.0
21.00096193834801,0,0,0,0.0
21.00696193834801,0,0,0,0.0
21.00818642814393,0,0,0,0.0
21.01418642814393,0,0,0,0.0
21.01541091793985,0,0,0,0.0
21.02141091793985,0,0,0,0.0
21.02263540773577,0,0,0,0.0
21.02863540773577,0,0,0,0.0
21.02985989753169,0,0,0,0.0
21.03585989753169,0,0,0,0.0
21.03708438732761,0,0,0,0.0
21.04308438732761,0,0,0,0.0
21.04430887712353,0,0,0,0.0
21.05030887712353,0,0,0,0.0
21.05153336691945,0,0,0,0.0
21.05753336691945,0,0,0,0.0
21.05875785671537,0,0,0,0.0
21.06475785671537,0,0,0,0.0
21.06598234651129,0,0,0,0.0
21.07198234651129,0,0,0,0.0
21.07320683630721,0,0,0,0.0
21.07920683630721,0,0,0,0.0
21.08043132610313,0,0,0,0.0
21.08643132610313,0,0,0,0.0
21.08765581589905,0,0,0,0.0
21.09365581589905,0,0,0,0.0
21.09488030569497,0,0,0,0.0
21.10088030569497,0,0,0,0.0
21.10210479549089,0,0,0,0.0
21.108104795490892,0,0,0,0.0
21.10932928528681,0,0,0,0.0
21.115329285286812,0,0,0,0.0
21.116553775082732,0,0,0,0.0
21.122553775082732,0,0,0,0.0
21.123778264878652,0,0,0,0.0
21.129778264878652,0,0,0,0.0
21.131002754674572,0,0,0,0.0
21.137002754674572,0,0,0,0.0
21.138227244470492,0,0,0,0.0
21.144227244470493,0,0,0,0.0
21.145451734266413,0,0,0,0.0
21.151451734266413,0,0,0,0.0
21.152676224062333,0,0,0,0.0
21.158676224062333,0,0,0,0.0
21.159900713858253,0,0,0,0.0
21.165900713858253,0,0,0,0.0
21.167125203654173,0,0,0,0.0
21.173125203654173,0,0,0,0.0
21.174349693450093,0,0,0,0.0
21.180349693450093,0,0,0,0.0
21.181574183246013,0,0,0,0.0
21.187574183246014,0,0,0,0.0
21.188798673041934,0,0,0,0.0
21.194798673041934,0,0,0,0.0
21.196023162837854,0,0,0,0.0
21.202023162837854,0,0,0,0.0
21.203247652633774,0,0,0,0.0
21.209247652633774,0,0,0,0.0
21.210472142429694,0,0,0,0.0
21.216472142429694,0,0,0,0.0
21.217696632225614,0,0,0,0.0
21.223696632225614,0,0,0,0.0
21.224921122021534,0,0,0,0.0
21.230921122021535,0,0,0,0.0
21.232145611817455,0,0,0,0.0
21.238145611817455,0,0,0,0.0
21.239370101613375,0,0,0,0.0
21.245370101613375,0,0,0,0.0
21.246594591409295,0,0,0,0.0
21.252594591409295,0,0,0,0.0
21.253819081205215,0,0,0,0.0
21.259819081205215,0,0,0,0.0
21.261043571001135,0,0,0,0.0
21.267043571001135,0,0,0,0.0
21.268268060797055,0,0,0,0.0
21.274268060797056,0,0,0,0.0
21.275492550592976,0,0,0,0.0
21.281492550592976,0,0,0,0.0
21.282717040388896,0,0,0,0.0
21.288717040388896,0,0,0,0.0
21.289941530184816,0,0,0,0.0
21.295941530184816,0,0,0,0.0
21.297166019980736,0,0,0,0.0
21.303166019980736,0,0,0,0.0
21.304390509776656,0,0,0,0.0
21.310390509776656,0,0,0,0.0
21.311614999572576,0,0,0,0.0
21.317614999572577,0,0,0,0.0
21.318839489368496,0,0,0,0.0
21.324839489368497,0,0,0,0.0
21.326063979164417,0,0,0,0.0
21.332063979164417,0,0,0,0.0
21.333288468960337,0,0,0,0.0
21.339288468960337,0,0,0,0.0
21.340512958756257,0,0,0,0.0
21.346512958756257,0,0,0,0.0
21.347737448552177,0,0,0,0.0
21.353737448552177,0,0,0,0.0
21.354961938348097,0,0,0,0.0
21.360961938348098,0,0,0,0.0
21.362186428144017,0,0,0,0.0
21.368186428144018,0,0,0,0.0
21.369410917939938,0,0,0,0.0
21.375410917939938,0,0,0,0.0
21.376635407735858,0,0,0,0.0
21.382635407735858,0,0,0,0.0
21.383859897531778,0,0,0,0.0
21.389859897531778,0,0,0,0.0
21.391084387327698,0,0,0,0.0
21.3970843873277,0,0,0,0.0
21.39830887712362,0,0,0,0.0
21.40430887712362,0,0,0,0.0
21.405558877123617,0,0,0,0.0
21.411558877123618,0,0,0,0.0
21.412808877123616,0,0,0,0.0
21.418808877123617,0,0,0,0.0
21.420058877123616,0,0,0,0.0
21.426058877123616,0,0,0,0.0
21.427308877123615,0,0,0,0.0
21.433308877123615,0,0,0,0.0
21.434585472868296,0,0,0,0.0
21.440585472868296,0,0,0,0.0
21.441862068612977,0,0,0,0.0
21.447862068612977,0,0,0,0.0
21.44913866435766,0,0,0,0.0
21.45513866435766,0,0,0,0.0
21.45641526010234,0,0,0,0.0
21.46241526010234,0,0,0,0.0
21.46369185584702,0,0,0,0.0
21.46969185584702,0,0,0,0.0
21.470968451591702,0,0,0,0.0
21.476968451591702,0,0,0,0.0
21.478245047336383,0,0,0,0.0
21.484245047336383,0,0,0,0.0
21.485521643081064,0,0,0,0.0
21.491521643081064,0,0,0,0.0
21.492798238825745,0,0,0,0.0
21.498798238825746,0,0,0,0.0
21.500074834570427,0,0,0,0.0
21.506074834570427,0,0,0,0.0
21.507351430315108,0,0,0,0.0
21.513351430315108,0,0,0,0.0
21.51462802605979,0,0,0,0.0
21.52062802605979,0,0,0,0.0
21.52190462180447,0,0,0,0.0
21.52790462180447,0,0,0,0.0
21.52918121754915,0,0,0,0.0
21.53518121754915,0,0,0,0.0
21.53643121754915,0,0,0,0.0
21.54243121754915,0,0,0,0.0
21.54368121754915,0,0,0,0.0
21.54968121754915,0,0,0,0.0
21.55093121754915,0,0,0,0.0
21.55693121754915,0,0,0,0.0
21.558181217549148,0,0,0,0.0
21.564181217549148,0,0,0,0.0
21.565431217549147,0,0,0,0.0
21.571431217549147,0,0,0,0.0
21.572681217549146,0,0,0,0.0
21.578681217549146,0,0,0,0.0
21.579931217549145,0,0,0,0.0
21.585931217549145,0,0,0,0.0
21.587207813293826,0,0,0,0.0
21.593207813293827,0,0,0,0.0
21.594484409038508,0,0,0,0.0
21.600484409038508,0,0,0,0.0
21.60176100478319,0,0,0,0.0
21.60776100478319,0,0,0,0.0
21.60903760052787,0,0,0,0.0
21.61503760052787,0,0,0,0.0
21.61631419627255,0,0,0,0.0
21.62231419627255,0,0,0,0.0
21.623590792017232,0,0,0,0.0
21.629590792017233,0,0,0,0.0
21.630867387761914,0,0,0,0.0
21.636867387761914,0,0,0,0.0
21.638143983506595,0,0,0,0.0
21.644143983506595,0,0,0,0.0
21.645420579251276,0,0,0,0.0
21.651420579251276,0,0,0,0.0
21.652697174995957,0,0,0,0.0
21.658697174995957,0,0,0,0.0
21.65997377074064,0,0,0,0.0
21.66597377074064,0,0,0,0.0
21.66725036648532,0,0,0,0.0
21.67325036648532,0,0,0,0.0
21.67452696223,0,0,0,0.0
21.68052696223,0,0,0,0.0
21.681803557974682,0,0,0,0.0
21.687803557974682,0,0,0,0.0
21.689080153719363,0,0,0,0.0
21.695080153719363,0,0,0,0.0
21.696356749464044,0,0,0,0.0
21.702356749464045,0,0,0,0.0
21.703633345208726,0,0,0,0.0
21.709633345208726,0,0,0,0.0
21.710909940953407,0,0,0,0.0
21.716909940953407,0,0,0,0.0
21.718186536698088,0,0,0,0.0
21.724186536698088,0,0,0,0.0
21.72546313244277,0,0,0,0.0
21.73146313244277,0,0,0,0.0
21.73273972818745,0,0,0,0.0
21.73873972818745,0,0,0,0.0
21.74001632393213,0,0,0,0.0
21.746016323932132,0,0,0,0.0
21.747292919676813,0,0,0,0.0
21.753292919676813,0,0,0,0.0
21.754569515421494,0,0,0,0.0
21.760569515421494,0,0,0,0.0
21.761846111166175,0,0,0,0.0
21.767846111166175,0,0,0,0.0
21.769122706910856,0,0,0,0.0
21.775122706910857,0,0,0,0.0
21.776399302655538,0,0,0,0.0
21.782399302655538,0,0,0,0.0
21.78367589840022,0,0,0,0.0
21.78967589840022,0,0,0,0.0
21.7909524941449,0,0,0,0.0
21.7969524941449,0,0,0,0.0
21.79822908988958,0,0,0,0.0
21.80422908988958,0,0,0,0.0
21.805505685634262,0,0,0,0.0
21.811505685634263,0,0,0,0.0
21.812782281378944,0,0,0,0.0
21.818782281378944,0,0,0,0.0
21.820058877123625,0,0,0,0.0
21.826058877123625,0,0,0,0.0
21.827335472868306,0,0,0,0.0
21.833335472868306,0,0,0,0.0
21.834612068612987,0,0,0,0.0
21.840612068612987,0,0,0,0.0
21.84188866435767,0,0,0,0.0
21.84788866435767,0,0,0,0.0
21.84916526010235,0,0,0,0.0
21.85516526010235,0,0,0,0.0
21.85644185584703,0,0,0,0.0
21.86244185584703,0,0,0,0.0
21.863718451591712,0,0,0,0.0
21.869718451591712,0,0,0,0.0
21.870995047336393,0,0,0,0.0
21.876995047336393,0,0,0,0.0
21.878271643081074,0,0,0,0.0
21.884271643081075,0,0,0,0.0
21.885548238825756,0,0,0,0.0
21.891548238825756,0,0,0,0.0
21.892824834570437,0,0,0,0.0
21.898824834570437,0,0,0,0.0
21.900101430315118,0,0,0,0.0
21.90610143031512,0,0,0,0.0
21.9073780260598,0,0,0,0.0
21.9133780260598,0,0,0,0.0
21.91465462180448,0,0,0,0.0
21.92065462180448,0,0,0,0.0
21.92193121754916,0,0,0,0.0
21.927931217549162,0,0,0,0.0
21.929207813293843,0,0,0,0.0
21.935207813293843,0,0,0,0.0
21.936484409038524,0,0,0,0.0
21.942484409038524,0,0,0,0.0
21.943761004783205,0,0,0,0.0
21.949761004783205,0,0,0,0.0
21.951037600527886,0,0,0,0.0
21.957037600527887,0,0,0,0.0
21.958314196272568,0,0,0,0.0
21.964314196272568,0,0,0,0.0
21.965618544098653,0,0,0,0.0
21.971618544098654,0,0,0,0.0
21.97292289192474,0,0,0,0.0
21.97892289192474,0,0,0,0.0
21.980227239750825,0,0,0,0.0
21.986227239750825,0,0,0,0.0
21.98753158757691,0,0,0,0.0
21.99353158757691,0,0,0,0.0
21.994835935402996,0,0,0,0.0
22.000835935402996,0,0,0,0.0
22.00214028322908,0,0,0,0.0
22.008140283229082,0,0,0,0.0
22.009444631055167,0,0,0,0.0
22.015444631055168,0,0,0,0.0
22.016748978881253,0,0,0,0.0
22.022748978881253,0,0,0,0.0
22.02405332670734,0,0,0,0.0
22.03005332670734,0,0,0,0.0
22.031357674533425,0,0,0,0.0
22.037357674533425,0,0,0,0.0
22.03866202235951,0,0,0,0.0
22.04466202235951,0,0,0,0.0
22.045966370185596,0,0,0,0.0
22.051966370185596,0,0,0,0.0
22.05327071801168,0,0,0,0.0
22.059270718011682,0,0,0,0.0
22.060575065837767,0,0,0,0.0
22.066575065837768,0,0,0,0.0
22.067879413663853,0,0,0,0.0
22.073879413663853,0,0,0,0.0
22.07518376148994,0,0,0,0.0
22.08118376148994,0,0,0,0.0
22.082488109316024,0,0,0,0.0
22.088488109316025,0,0,0,0.0
22.08979245714211,0,0,0,0.0
22.09579245714211,0,0,0,0.0
22.097096804968196,0,0,0,0.0
22.103096804968196,0,0,0,0.0
22.10440115279428,0,0,0,0.0
22.11040115279428,0,0,0,0.0
22.111705500620367,0,0,0,0.0
22.117705500620367,0,0,0,0.0
22.119009848446453,0,0,0,0.0
22.125009848446453,0,0,0,0.0
22.12631419627254,0,0,0,0.0
22.13231419627254,0,0,0,0.0
22.133618544098624,0,0,0,0.0
22.139618544098624,0,0,0,0.0
22.14092289192471,0,0,0,0.0
22.14692289192471,0,0,0,0.0
22.148227239750796,0,0,0,0.0
22.154227239750796,0,0,0,0.0
22.15553158757688,0,0,0,0.0
22.16153158757688,0,0,0,0.0
22.162835935402967,0,0,0,0.0
22.168835935402967,0,0,0,0.0
22.170140283229053,0,0,0,0.0
22.176140283229053,0,0,0,0.0
22.17744463105514,0,0,0,0.0
22.18344463105514,0,0,0,0.0
22.184748978881224,0,0,0,0.0
22.190748978881224,0,0,0,0.0
22.19205332670731,0,0,0,0.0
22.19805332670731,0,0,0,0.0
22.199357674533395,0,0,0,0.0
22.205357674533396,0,0,0,0.0
22.20666202235948,0,0,0,0.0
22.21266202235948,0,0,0,0.0
22.213966370185567,0,0,0,0.0
22.219966370185567,0,0,0,0.0
22.221270718011652,0,0,0,0.0
22.227270718011653,0,0,0,0.0
22.228575065837738,0,0,0,0.0
22.23457506583774,0,0,0,0.0
22.235879413663824,0,0,0,0.0
22.241879413663824,0,0,0,0.0
22.24318376148991,0,0,0,0.0
22.24918376148991,0,0,0,0.0
22.250488109315995,0,0,0,0.0
22.256488109315995,0,0,0,0.0
22.25779245714208,0,0,0,0.0
22.26379245714208,0,0,0,0.0
22.265096804968167,0,0,0,0.0
22.271096804968167,0,0,0,0.0
22.272401152794252,0,0,0,0.0
22.278401152794252,0,0,0,0.0
22.279705500620338,0,0,0,0.0
22.285705500620338,0,0,0,0.0
22.287038833953673,0,0,0,0.0
22.293038833953673,0,0,0,0.0
22.29437216728701,0,0,0,0.0
22.30037216728701,0,0,0,0.0
22.301705500620344,0,0,0,0.0
22.307705500620344,0,0,0,0.0
22.30903883395368,0,0,0,0.0
22.31503883395368,0,0,0,0.0
22.316372167287014,0,0,0,0.0
22.322372167287014,0,0,0,0.0
22.32370550062035,0,0,0,0.0
22.32970550062035,0,0,0,0.0
22.331038833953684,0,0,0,0.0
22.337038833953685,0,0,0,0.0
22.33837216728702,0,0,0,0.0
22.34437216728702,0,0,0,0.0
22.345705500620355,0,0,0,0.0
22.351705500620355,0,0,0,0.0
22.35303883395369,0,0,0,0.0
22.35903883395369,0,0,0,0.0
22.360372167287025,0,0,0,0.0
22.366372167287025,0,0,0,0.0
22.36770550062036,0,0,0,0.0
22.37370550062036,0,0,0,0.0
22.375038833953695,0,0,0,0.0
22.381038833953696,0,0,0,0.0
22.38237216728703,0,0,0,0.0
22.38837216728703,0,0,0,0.0
22.389705500620366,0,0,0,0.0
22.395705500620366,0,0,0,0.0
22.3970388339537,0,0,0,0.0
22.4030388339537,0,0,0,0.0
22.404372167287036,0,0,0,0.0
22.410372167287036,0,0,0,0.0
22.41170550062037,0,0,0,0.0
22.41770550062037,0,0,0,0.0
22.419038833953707,0,0,0,0.0
22.425038833953707,0,0,0,0.0
22.42637216728704,0,0,0,0.0
22.432372167287042,0,0,0,0.0
22.433705500620377,0,0,0,0.0
22.439705500620377,0,0,0,0.0
22.441038833953712,0,0,0,0.0
22.447038833953712,0,0,0,0.0
22.448372167287047,0,0,0,0.0
22.454372167287048,0,0,0,0.0
22.455705500620383,0,0,0,0.0
22.461705500620383,0,0,0,0.0
22.463038833953718,0,0,0,0.0
22.469038833953718,0,0,0,0.0
22.470372167287053,0,0,0,0.0
22.476372167287053,0,0,0,0.0
22.477705500620388,0,0,0,0.0
22.48370550062039,0,0,0,0.0
22.485038833953723,0,0,0,0.0
22.491038833953723,0,0,0,0.0
22.49237216728706,0,0,0,0.0
22.49837216728706,0,0,0,0.0
22.499735803650694,0,0,0,0.0
22.505735803650694,0,0,0,0.0
22.50709944001433,0,0,0,0.0
22.51309944001433,0,0,0,0.0
22.514463076377965,0,0,0,0.0
22.520463076377965,0,0,0,0.0
22.521858425215175,0,0,0,0.0
22.527858425215175,0,0,0,0.0
22.529253774052385,0,0,0,0.0
22.535253774052386,0,0,0,0.0
22.53668234548096,0,0,0,0.0
22.54268234548096,0,0,0,0.0
22.54411091690953,0,0,0,0.0
22.55011091690953,0,0,0,0.0
22.551539488338104,0,0,0,0.0
22.557539488338104,0,0,0,0.0
22.558968059766677,0,0,0,0.0
22.564968059766677,0,0,0,0.0
22.56639663119525,0,0,0,0.0
22.57239663119525,0,0,0,0.0
22.573825202623823,0,0,0,0.0
22.579825202623823,0,0,0,0.0
22.581253774052396,0,0,0,0.0
22.587253774052396,0,0,0,0.0
22.58868234548097,0,0,0,0.0
22.59468234548097,0,0,0,0.0
22.59611091690954,0,0,0,0.0
22.60211091690954,0,0,0,0.0
22.603539488338114,0,0,0,0.0
22.609539488338115,0,0,0,0.0
22.610968059766687,0,0,0,0.0
22.616968059766688,0,0,0,0.0
22.61839663119526,0,0,0,0.0
22.62439663119526,0,0,0,0.0
22.625825202623833,0,0,0,0.0
22.631825202623833,0,0,0,0.0
22.633253774052406,0,0,0,0.0
22.639253774052406,0,0,0,0.0
22.64068234548098,0,0,0,0.0
22.64668234548098,0,0,0,0.0
22.648110916909552,0,0,0,0.0
22.654110916909552,0,0,0,0.0
22.655539488338125,0,0,0,0.0
22.661539488338125,0,0,0,0.0
22.662934837175335,0,0,0,0.0
22.668934837175335,0,0,0,0.0
22.670330186012546,0,0,0,0.0
22.676330186012546,0,0,0,0.0
22.677725534849756,0,0,0,0.0
22.683725534849756,0,0,0,0.0
22.685120883686967,0,0,0,0.0
22.691120883686967,0,0,0,0.0
22.692516232524177,0,0,0,0.0
22.698516232524177,0,0,0,0.0
22.699911581361388,0,0,0,0.0
22.705911581361388,0,0,0,0.0
22.707306930198598,0,0,0,0.0
22.7133069301986,0,0,0,0.0
22.71470227903581,0,0,0,0.0
22.72070227903581,0,0,0,0.0
22.72209762787302,0,0,0,0.0
22.72809762787302,0,0,0,0.0
22.72949297671023,0,0,0,0.0
22.73549297671023,0,0,0,0.0
22.73688832554744,0,0,0,0.0
22.74288832554744,0,0,0,0.0
22.744251961911075,0,0,0,0.0
22.750251961911076,0,0,0,0.0
22.75161559827471,0,0,0,0.0
22.75761559827471,0,0,0,0.0
22.758979234638346,0,0,0,0.0
22.764979234638346,0,0,0,0.0
22.76634287100198,0,0,0,0.0
22.77234287100198,0,0,0,0.0
22.773706507365617,0,0,0,0.0
22.779706507365617,0,0,0,0.0
22.781070143729252,0,0,0,0.0
22.787070143729252,0,0,0,0.0
22.788433780092888,0,0,0,0.0
22.794433780092888,0,0,0,0.0
22.795797416456523,0,0,0,0.0
22.801797416456523,0,0,0,0.0
22.80316105282016,0,0,0,0.0
22.80916105282016,0,0,0,0.0
22.81055640165737,0,0,0,0.0
22.81655640165737,0,0,0,0.0
22.81795175049458,0,0,0,0.0
22.82395175049458,0,0,0,0.0
22.82534709933179,0,0,0,0.0
22.83134709933179,0,0,0,0.0
22.832742448169,0,0,0,0.0
22.838742448169,0,0,0,0.0
22.84013779700621,0,0,0,0.0
22.84613779700621,0,0,0,0.0
22.84753314584342,0,0,0,0.0
22.85353314584342,0,0,0,0.0
22.85492849468063,0,0,0,0.0
22.860928494680632,0,0,0,0.0
22.862323843517842,0,0,0,0.0
22.868323843517842,0,0,0,0.0
22.869719192355053,0,0,0,0.0
22.875719192355053,0,0,0,0.0
22.877114541192263,0,0,0,0.0
22.883114541192263,0,0,0,0.0
22.884509890029474,0,0,0,0.0
22.890509890029474,0,0,0,0.0
22.891905238866684,0,0,0,0.0
22.897905238866684,0,0,0,0.0
22.899300587703895,0,0,0,0.0
22.905300587703895,0,0,0,0.0
22.906729159132468,0,0,0,0.0
22.912729159132468,0,0,0,0.0
22.91415773056104,0,0,0,0.0
22.92015773056104,0,0,0,0.0
22.921586301989613,0,0,0,0.0
22.927586301989614,0,0,0,0.0
22.929014873418186,0,0,0,0.0
22.935014873418186,0,0,0,0.0
22.93644344484676,0,0,0,0.0
22.94244344484676,0,0,0,0.0
22.943872016275332,0,0,0,0.0
22.949872016275332,0,0,0,0.0
22.951300587703905,0,0,0,0.0
22.957300587703905,0,0,0,0.0
22.958729159132478,0,0,0,0.0
22.964729159132478,0,0,0,0.0
22.96615773056105,0,0,0,0.0
22.97215773056105,0,0,0,0.0
22.973586301989624,0,0,0,0.0
22.979586301989624,0,0,0,0.0
22.981014873418196,0,0,0,0.0
22.987014873418197,0,0,0,0.0
22.98844344484677,0,0,0,0.0
22.99444344484677,0,0,0,0.0
22.995872016275342,0,0,0,0.0
23.001872016275343,0,0,0,0.0
23.003300587703915,0,0,0,0.0
23.009300587703915,0,0,0,0.0
23.010729159132488,0,0,0,0.0
23.01672915913249,0,0,0,0.0
23.01815773056106,0,0,0,0.0
23.02415773056106,0,0,0,0.0
23.025586301989634,0,0,0,0.0
23.031586301989634,0,0,0,0.0
23.033014873418207,0,0,0,0.0
23.039014873418207,0,0,0,0.0
23.04044344484678,0,0,0,0.0
23.04644344484678,0,0,0,0.0
23.047872016275353,0,0,0,0.0
23.053872016275353,0,0,0,0.0
23.055300587703925,0,0,0,0.0
23.061300587703926,0,0,0,0.0
23.0627291591325,0,0,0,0.0
23.0687291591325,0,0,0,0.0
23.07015773056107,0,0,0,0.0
23.07615773056107,0,0,0,0.0
23.077586301989644,0,0,0,0.0
23.083586301989644,0,0,0,0.0
23.085014873418217,0,0,0,0.0
23.091014873418217,0,0,0,0.0
23.09244344484679,0,0,0,0.0
23.09844344484679,0,0,0,0.0
23.099872016275363,0,0,0,0.0
23.105872016275363,0,0,0,0.0
23.107300587703936,0,0,0,0.0
23.113300587703936,0,0,0,0.0
23.114695936541146,0,0,0,0.0
23.120695936541146,0,0,0,0.0
23.122091285378357,0,0,0,0.0
23.128091285378357,0,0,0,0.0
23.129486634215567,0,0,0,0.0
23.135486634215567,0,0,0,0.0
23.136881983052778,0,0,0,0.0
23.142881983052778,0,0,0,0.0
23.14431055448135,0,0,0,0.0
23.15031055448135,0,0,0,0.0
23.151739125909923,0,0,0,0.0
23.157739125909924,0,0,0,0.0
23.159167697338496,0,0,0,0.0
23.165167697338497,0,0,0,0.0
23.16659626876707,0,0,0,0.0
23.17259626876707,0,0,0,0.0
23.174024840195642,0,0,0,0.0
23.180024840195642,0,0,0,0.0
23.181453411624215,0,0,0,0.0
23.187453411624215,0,0,0,0.0
23.188881983052788,0,0,0,0.0
23.194881983052788,0,0,0,0.0
23.19631055448136,0,0,0,0.0
23.20231055448136,0,0,0,0.0
23.203739125909934,0,0,0,0.0
23.209739125909934,0,0,0,0.0
23.211167697338507,0,0,0,0.0
23.217167697338507,0,0,0,0.0
23.21859626876708,0,0,0,0.0
23.22459626876708,0,0,0,0.0
23.226024840195652,0,0,0,0.0
23.232024840195653,0,0,0,0.0
23.233453411624225,0,0,0,0.0
23.239453411624226,0,0,0,0.0
23.240881983052798,0,0,0,0.0
23.2468819830528,0,0,0,0.0
23.24831055448137,0,0,0,0.0
23.25431055448137,0,0,0,0.0
23.255739125909944,0,0,0,0.0
23.261739125909944,0,0,0,0.0
23.263167697338517,0,0,0,0.0
23.269167697338517,0,0,0,0.0
23.27059626876709,0,0,0,0.0
23.27659626876709,0,0,0,0.0
23.278024840195663,0,0,0,0.0
23.284024840195663,0,0,0,0.0
23.285420189032873,0,0,0,0.0
23.291420189032873,0,0,0,0.0
23.292815537870084,0,0,0,0.0
23.298815537870084,0,0,0,0.0
23.300210886707294,0,0,0,0.0
23.306210886707294,0,0,0,0.0
23.307606235544505,0,0,0,0.0
23.313606235544505,0,0,0,0.0
23.315001584381715,0,0,0,0.0
23.321001584381715,0,0,0,0.0
23.322396933218926,0,0,0,0.0
23.328396933218926,0,0,0,0.0
23.329792282056136,0,0,0,0.0
23.335792282056136,0,0,0,0.0
23.337187630893347,0,0,0,0.0
23.343187630893347,0,0,0,0.0
23.344582979730557,0,0,0,0.0
23.350582979730557,0,0,0,0.0
23.35201155115913,0,0,0,0.0
23.35801155115913,0,0,0,0.0
23.359440122587703,0,0,0,0.0
23.365440122587703,0,0,0,0.0
23.366903537221848,0,0,0,0.0
23.37290353722185,0,0,0,0.0
23.374366951855993,0,0,0,0.0
23.380366951855994,0,0,0,0.0
23.38183036649014,0,0,0,0.0
23.38783036649014,0,0,0,0.0
23.389293781124284,0,0,0,0.0
23.395293781124284,0,0,0,0.0
23.396793781124284,0,0,0,0.0
23.402793781124284,0,0,0,0.0
23.404293781124284,0,0,0,0.0
23.410293781124285,0,0,0,0.0
23.411832242662747,0,0,0,0.0
23.417832242662747,0,0,0,0.0
23.41937070420121,0,0,0,0.0
23.42537070420121,0,0,0,0.0
23.426909165739673,0,0,0,0.0
23.432909165739673,0,0,0,0.0
23.434447627278136,0,0,0,0.0
23.440447627278136,0,0,0,0.0
23.4419860888166,0,0,0,0.0
23.4479860888166,0,0,0,0.0
23.44952455035506,0,0,0,0.0
23.45552455035506,0,0,0,0.0
23.457063011893524,0,0,0,0.0
23.463063011893524,0,0,0,0.0
23.464601473431987,0,0,0,0.0
23.470601473431987,0,0,0,0.0
23.47213993497045,0,0,0,0.0
23.47813993497045,0,0,0,0.0
23.479678396508913,0,0,0,0.0
23.485678396508913,0,0,0,0.0
23.487216858047375,0,0,0,0.0
23.493216858047376,0,0,0,0.0
23.49475531958584,0,0,0,0.0
23.50075531958584,0,0,0,0.0
23.5022937811243,0,0,0,0.0
23.5082937811243,0,0,0,0.0
23.509832242662764,0,0,0,0.0
23.515832242662764,0,0,0,0.0
23.517370704201227,0,0,0,0.0
23.523370704201227,0,0,0,0.0
23.52490916573969,0,0,0,0.0
23.53090916573969,0,0,0,0.0
23.532447627278152,0,0,0,0.0
23.538447627278153,0,0,0,0.0
23.539986088816615,0,0,0,0.0
23.545986088816615,0,0,0,0.0
23.547486088816616,0,0,0,0.0
23.553486088816616,0,0,0,0.0
23.554986088816616,0,0,0,0.0
23.560986088816616,0,0,0,0.0
23.562486088816616,0,0,0,0.0
23.568486088816616,0,0,0,0.0
23.569986088816616,0,0,0,0.0
23.575986088816617,0,0,0,0.0
23.577486088816617,0,0,0,0.0
23.583486088816617,0,0,0,0.0
23.584986088816617,0,0,0,0.0
23.590986088816617,0,0,0,0.0
23.592486088816617,0,0,0,0.0
23.598486088816617,0,0,0,0.0
23.599986088816618,0,0,0,0.0
23.605986088816618,0,0,0,0.0
23.607486088816618,0,0,0,0.0
23.613486088816618,0,0,0,0.0
23.614986088816618,0,0,0,0.0
23.62098608881662,0,0,0,0.0
23.62248608881662,0,0,0,0.0
23.62848608881662,0,0,0,0.0
23.62998608881662,0,0,0,0.0
23.63598608881662,0,0,0,0.0
23.63748608881662,0,0,0,0.0
23.64348608881662,0,0,0,0.0
23.64498608881662,0,0,0,0.0
23.65098608881662,0,0,0,0.0
23.65248608881662,0,0,0,0.0
23.65848608881662,0,0,0,0.0
23.65998608881662,0,0,0,0.0
23.66598608881662,0,0,0,0.0
23.66748608881662,0,0,0,0.0
23.67348608881662,0,0,0,0.0
23.67498608881662,0,0,0,0.0
23.68098608881662,0,0,0,0.0
23.68248608881662,0,0,0,0.0
23.68848608881662,0,0,0,0.0
23.68998608881662,0,0,0,0.0
23.69598608881662,0,0,0,0.0
23.69748608881662,0,0,0,0.0
23.70348608881662,0,0,0,0.0
23.705024550355084,0,0,0,0.0
23.711024550355084,0,0,0,0.0
23.712563011893547,0,0,0,0.0
23.718563011893547,0,0,0,0.0
23.72010147343201,0,0,0,0.0
23.72610147343201,0,0,0,0.0
23.727639934970473,0,0,0,0.0
23.733639934970473,0,0,0,0.0
23.735178396508935,0,0,0,0.0
23.741178396508936,0,0,0,0.0
23.742716858047398,0,0,0,0.0
23.7487168580474,0,0,0,0.0
23.75025531958586,0,0,0,0.0
23.75625531958586,0,0,0,0.0
23.757793781124324,0,0,0,0.0
23.763793781124324,0,0,0,0.0
23.765332242662787,0,0,0,0.0
23.771332242662787,0,0,0,0.0
23.77287070420125,0,0,0,0.0
23.77887070420125,0,0,0,0.0
23.78037070420125,0,0,0,0.0
23.78637070420125,0,0,0,0.0
23.78787070420125,0,0,0,0.0
23.79387070420125,0,0,0,0.0
23.79537070420125,0,0,0,0.0
23.80137070420125,0,0,0,0.0
23.80287070420125,0,0,0,0.0
23.80887070420125,0,0,0,0.0
23.81037070420125,0,0,0,0.0
23.81637070420125,0,0,0,0.0
23.81787070420125,0,0,0,0.0
23.82387070420125,0,0,0,0.0
23.82537070420125,0,0,0,0.0
23.83137070420125,0,0,0,0.0
23.83287070420125,0,0,0,0.0
23.838870704201252,0,0,0,0.0
23.840370704201252,0,0,0,0.0
23.846370704201252,0,0,0,0.0
23.847870704201252,0,0,0,0.0
23.853870704201253,0,0,0,0.0
23.855370704201253,0,0,0,0.0
23.861370704201253,0,0,0,0.0
23.862870704201253,0,0,0,0.0
23.868870704201253,0,0,0,0.0
23.870370704201253,0,0,0,0.0
23.876370704201253,0,0,0,0.0
23.877870704201253,0,0,0,0.0
23.883870704201254,0,0,0,0.0
23.885370704201254,0,0,0,0.0
23.891370704201254,0,0,0,0.0
23.892870704201254,0,0,0,0.0
23.898870704201254,0,0,0,0.0
23.9003341188354,0,0,0,0.0
23.9063341188354,0,0,0,0.0
23.907797533469545,0,0,0,0.0
23.913797533469545,0,0,0,0.0
23.91526094810369,0,0,0,0.0
23.92126094810369,0,0,0,0.0
23.922724362737835,0,0,0,0.0
23.928724362737835,0,0,0,0.0
23.93018777737198,0,0,0,0.0
23.93618777737198,0,0,0,0.0
23.937651192006125,0,0,0,0.0
23.943651192006126,0,0,0,0.0
23.94511460664027,0,0,0,0.0
23.95111460664027,0,0,0,0.0
23.952578021274416,0,0,0,0.0
23.958578021274416,0,0,0,0.0
23.96000659270299,0,0,0,0.0
23.96600659270299,0,0,0,0.0
23.96743516413156,0,0,0,0.0
23.973435164131562,0,0,0,0.0
23.974863735560135,0,0,0,0.0
23.980863735560135,0,0,0,0.0
23.982292306988708,0,0,0,0.0
23.988292306988708,0,0,0,0.0
23.98972087841728,0,0,0,0.0
23.99572087841728,0,0,0,0.0
23.997149449845853,0,0,0,0.0
24.003149449845854,0,0,0,0.0
24.00461286448,0,0,0,0.0
24.01061286448,0,0,0,0.0
24.01204143590857,0,0,0,0.0
24.01804143590857,0,0,0,0.0
24.019470007337144,0,0,0,0.0
24.025470007337145,0,0,0,0.0
24.026898578765717,0,0,0,0.0
24.032898578765717,0,0,0,0.0
24.034361993399862,0,0,0,0.0
24.040361993399863,0,0,0,0.0
24.041825408034008,0,0,0,0.0
24.047825408034008,0,0,0,0.0
24.049288822668153,0,0,0,0.0
24.055288822668153,0,0,0,0.0
24.056752237302298,0,0,0,0.0
24.0627522373023,0,0,0,0.0
24.064215651936443,0,0,0,0.0
24.070215651936444,0,0,0,0.0
24.07167906657059,0,0,0,0.0
24.07767906657059,0,0,0,0.0
24.079142481204734,0,0,0,0.0
24.085142481204734,0,0,0,0.0
24.08660589583888,0,0,0,0.0
24.09260589583888,0,0,0,0.0
24.094069310473024,0,0,0,0.0
24.100069310473025,0,0,0,0.0
24.10153272510717,0,0,0,0.0
24.10753272510717,0,0,0,0.0
24.108996139741315,0,0,0,0.0
24.114996139741315,0,0,0,0.0
24.11645955437546,0,0,0,0.0
24.12245955437546,0,0,0,0.0
24.123922969009605,0,0,0,0.0
24.129922969009606,0,0,0,0.0
24.13138638364375,0,0,0,0.0
24.13738638364375,0,0,0,0.0
24.138849798277896,0,0,0,0.0
24.144849798277896,0,0,0,0.0
24.14631321291204,0,0,0,0.0
24.15231321291204,0,0,0,0.0
24.153776627546186,0,0,0,0.0
24.159776627546186,0,0,0,0.0
24.16124004218033,0,0,0,0.0
24.16724004218033,0,0,0,0.0
24.168703456814477,0,0,0,0.0
24.174703456814477,0,0,0,0.0
24.176166871448622,0,0,0,0.0
24.182166871448622,0,0,0,0.0
24.183630286082767,0,0,0,0.0
24.189630286082767,0,0,0,0.0
24.191130286082767,0,0,0,0.0
24.197130286082768,0,0,0,0.0
24.198630286082768,0,0,0,0.0
24.204630286082768,0,0,0,0.0
24.206130286082768,0,0,0,0.0
24.21213028608277,0,0,0,0.0
24.21363028608277,0,0,0,0.0
24.21963028608277,0,0,0,0.0
24.22113028608277,0,0,0,0.0
24.22713028608277,0,0,0,0.0
24.22863028608277,0,0,0,0.0
24.23463028608277,0,0,0,0.0
24.23613028608277,0,0,0,0.0
24.24213028608277,0,0,0,0.0
24.24363028608277,0,0,0,0.0
24.24963028608277,0,0,0,0.0
24.25113028608277,0,0,0,0.0
24.25713028608277,0,0,0,0.0
24.25863028608277,0,0,0,0.0
24.26463028608277,0,0,0,0.0
24.26613028608277,0,0,0,0.0
24.27213028608277,0,0,0,0.0
24.27363028608277,0,0,0,0.0
24.27963028608277,0,0,0,0.0
24.28113028608277,0,0,0,0.0
24.28713028608277,0,0,0,0.0
24.28863028608277,0,0,0,0.0
24.29463028608277,0,0,0,0.0
24.29613028608277,0,0,0,0.0
24.30213028608277,0,0,0,0.0
24.30363028608277,0,0,0,0.0
24.309630286082772,0,0,0,0.0
24.311130286082772,0,0,0,0.0
24.317130286082772,0,0,0,0.0
24.318630286082772,0,0,0,0.0
24.324630286082773,0,0,0,0.0
24.326130286082773,0,0,0,0.0
24.332130286082773,0,0,0,0.0
24.333630286082773,0,0,0,0.0
24.339630286082773,0,0,0,0.0
24.341130286082773,0,0,0,0.0
24.347130286082773,0,0,0,0.0
24.348630286082773,0,0,0,0.0
24.354630286082774,0,0,0,0.0
24.356130286082774,0,0,0,0.0
24.362130286082774,0,0,0,0.0
24.363630286082774,0,0,0,0.0
24.369630286082774,0,0,0,0.0
24.371130286082774,0,0,0,0.0
24.377130286082775,0,0,0,0.0
24.378630286082775,0,0,0,0.0
24.384630286082775,0,0,0,0.0
24.386130286082775,0,0,0,0.0
24.392130286082775,0,0,0,0.0
24.393630286082775,0,0,0,0.0
24.399630286082775,0,0,0,0.0
24.401130286082775,0,0,0,0.0
24.407130286082776,0,0,0,0.0
24.408630286082776,0,0,0,0.0
24.414630286082776,0,0,0,0.0
24.416130286082776,0,0,0,0.0
24.422130286082776,0,0,0,0.0
24.423630286082776,0,0,0,0.0
24.429630286082777,0,0,0,0.0
24.431130286082777,0,0,0,0.0
24.437130286082777,0,0,0,0.0
24.438630286082777,0,0,0,0.0
24.444630286082777,0,0,0,0.0
24.446130286082777,0,0,0,0.0
24.452130286082777,0,0,0,0.0
24.45366874762124,0,0,0,0.0
24.45966874762124,0,0,0,0.0
24.461207209159703,0,0,0,0.0
24.467207209159703,0,0,0,0.0
24.468745670698166,0,0,0,0.0
24.474745670698166,0,0,0,0.0
24.47628413223663,0,0,0,0.0
24.48228413223663,0,0,0,0.0
24.48382259377509,0,0,0,0.0
24.48982259377509,0,0,0,0.0
24.491361055313554,0,0,0,0.0
24.497361055313554,0,0,0,0.0
24.498899516852017,0,0,0,0.0
24.504899516852017,0,0,0,0.0
24.50647846422044,0,0,0,0.0
24.51247846422044,0,0,0,0.0
24.514057411588862,0,0,0,0.0
24.520057411588862,0,0,0,0.0
24.521636358957284,0,0,0,0.0
24.527636358957285,0,0,0,0.0
24.529215306325707,0,0,0,0.0
24.535215306325707,0,0,0,0.0
24.53679425369413,0,0,0,0.0
24.54279425369413,0,0,0,0.0
24.54437320106255,0,0,0,0.0
24.550373201062552,0,0,0,0.0
24.551952148430974,0,0,0,0.0
24.557952148430974,0,0,0,0.0
24.559531095799397,0,0,0,0.0
24.565531095799397,0,0,0,0.0
24.56711004316782,0,0,0,0.0
24.57311004316782,0,0,0,0.0
24.57468899053624,0,0,0,0.0
24.580688990536242,0,0,0,0.0
24.582267937904664,0,0,0,0.0
24.588267937904664,0,0,0,0.0
24.589846885273086,0,0,0,0.0
24.595846885273087,0,0,0,0.0
24.59738534681155,0,0,0,0.0
24.60338534681155,0,0,0,0.0
24.604923808350012,0,0,0,0.0
24.610923808350012,0,0,0,0.0
24.612462269888475,0,0,0,0.0
24.618462269888475,0,0,0,0.0
24.620000731426938,0,0,0,0.0
24.626000731426938,0,0,0,0.0
24.6275391929654,0,0,0,0.0
24.6335391929654,0,0,0,0.0
24.635077654503863,0,0,0,0.0
24.641077654503864,0,0,0,0.0
24.642616116042326,0,0,0,0.0
24.648616116042326,0,0,0,0.0
24.65015457758079,0,0,0,0.0
24.65615457758079,0,0,0,0.0
24.657693039119252,0,0,0,0.0
24.663693039119252,0,0,0,0.0
24.665231500657715,0,0,0,0.0
24.671231500657715,0,0,0,0.0
24.672769962196178,0,0,0,0.0
24.678769962196178,0,0,0,0.0
24.68030842373464,0,0,0,0.0
24.68630842373464,0,0,0,0.0
24.687846885273103,0,0,0,0.0
24.693846885273103,0,0,0,0.0
24.695385346811566,0,0,0,0.0
24.701385346811566,0,0,0,0.0
24.70292380835003,0,0,0,0.0
24.70892380835003,0,0,0,0.0
24.71046226988849,0,0,0,0.0
24.716462269888492,0,0,0,0.0
24.718000731426955,0,0,0,0.0
24.724000731426955,0,0,0,0.0
24.725539192965417,0,0,0,0.0
24.731539192965418,0,0,0,0.0
24.73307765450388,0,0,0,0.0
24.73907765450388,0,0,0,0.0
24.740616116042343,0,0,0,0.0
24.746616116042343,0,0,0,0.0
24.748154577580806,0,0,0,0.0
24.754154577580806,0,0,0,0.0
24.75569303911927,0,0,0,0.0
24.76169303911927,0,0,0,0.0
24.76323150065773,0,0,0,0.0
24.76923150065773,0,0,0,0.0
24.770769962196194,0,0,0,0.0
24.776769962196195,0,0,0,0.0
24.778308423734657,0,0,0,0.0
24.784308423734657,0,0,0,0.0
24.78584688527312,0,0,0,0.0
24.79184688527312,0,0,0,0.0
24.793385346811583,0,0,0,0.0
24.799385346811583,0,0,0,0.0
24.800923808350046,0,0,0,0.0
24.806923808350046,0,0,0,0.0
24.80846226988851,0,0,0,0.0
24.81446226988851,0,0,0,0.0
24.81600073142697,0,0,0,0.0
24.82200073142697,0,0,0,0.0
24.823539192965434,0,0,0,0.0
24.829539192965434,0,0,0,0.0
24.831077654503897,0,0,0,0.0
24.837077654503897,0,0,0,0.0
24.83861611604236,0,0,0,0.0
24.84461611604236,0,0,0,0.0
24.846154577580823,0,0,0,0.0
24.852154577580823,0,0,0,0.0
24.853693039119285,0,0,0,0.0
24.859693039119286,0,0,0,0.0
24.86123150065775,0,0,0,0.0
24.86723150065775,0,0,0,0.0
24.86876996219621,0,0,0,0.0
24.87476996219621,0,0,0,0.0
24.876308423734674,0,0,0,0.0
24.882308423734674,0,0,0,0.0
24.883846885273137,0,0,0,0.0
24.889846885273137,0,0,0,0.0
24.8913853468116,0,0,0,0.0
24.8973853468116,0,0,0,0.0
24.898923808350062,0,0,0,0.0
24.904923808350063,0,0,0,0.0
24.906462269888525,0,0,0,0.0
24.912462269888525,0,0,0,0.0
24.914000731426988,0,0,0,0.0
24.92000073142699,0,0,0,0.0
24.92153919296545,0,0,0,0.0
24.92753919296545,0,0,0,0.0
24.929077654503914,0,0,0,0.0
24.935077654503914,0,0,0,0.0
24.936616116042376,0,0,0,0.0
24.942616116042377,0,0,0,0.0
24.94415457758084,0,0,0,0.0
24.95015457758084,0,0,0,0.0
24.951693039119302,0,0,0,0.0
24.957693039119302,0,0,0,0.0
24.959231500657765,0,0,0,0.0
24.965231500657765,0,0,0,0.0
24.966769962196228,0,0,0,0.0
24.972769962196228,0,0,0,0.0
24.97430842373469,0,0,0,0.0
24.98030842373469,0,0,0,0.0
24.981846885273153,0,0,0,0.0
24.987846885273154,0,0,0,0.0
24.989385346811616,0,0,0,0.0
24.995385346811617,0,0,0,0.0
24.99692380835008,0,0,0,0.0
25.00292380835008,0,0,0,0.0
25.004462269888542,0,0,0,0.0
25.010462269888542,0,0,0,0.0
25.012000731427005,0,0,0,0.0
25.018000731427005,0,0,0,0.0
25.019539192965468,0,0,0,0.0
25.025539192965468,0,0,0,0.0
25.02707765450393,0,0,0,0.0
25.03307765450393,0,0,0,0.0
25.034616116042393,0,0,0,0.0
25.040616116042393,0,0,0,0.0
25.042154577580856,0,0,0,0.0
25.048154577580856,0,0,0,0.0
25.04969303911932,0,0,0,0.0
25.05569303911932,0,0,0,0.0
25.05723150065778,0,0,0,0.0
25.063231500657782,0,0,0,0.0
25.064769962196245,0,0,0,0.0
25.070769962196245,0,0,0,0.0
25.072308423734707,0,0,0,0.0
25.078308423734708,0,0,0,0.0
25.07984688527317,0,0,0,0.0
25.08584688527317,0,0,0,0.0
25.087385346811633,0,0,0,0.0
25.093385346811633,0,0,0,0.0
25.094923808350096,0,0,0,0.0
25.100923808350096,0,0,0,0.0
25.10250275571852,0,0,0,0.0
25.10850275571852,0,0,0,0.0
25.11008170308694,0,0,0,0.0
25.11608170308694,0,0,0,0.0
25.117660650455363,0,0,0,0.0
25.123660650455363,0,0,0,0.0
25.125282272076984,0,0,0,0.0
25.131282272076984,0,0,0,0.0
25.132903893698604,0,0,0,0.0
25.138903893698604,0,0,0,0.0
25.140525515320224,0,0,0,0.0
25.146525515320224,0,0,0,0.0
25.148147136941844,0,0,0,0.0
25.154147136941845,0,0,0,0.0
25.155768758563465,0,0,0,0.0
25.161768758563465,0,0,0,0.0
25.163390380185085,0,0,0,0.0
25.169390380185085,0,0,0,0.0
25.171012001806705,0,0,0,0.0
25.177012001806705,0,0,0,0.0
25.178633623428325,0,0,0,0.0
25.184633623428326,0,0,0,0.0
25.186255245049946,0,0,0,0.0
25.192255245049946,0,0,0,0.0
25.193876866671566,0,0,0,0.0
25.199876866671566,0,0,0,0.0
25.201498488293186,0,0,0,0.0
25.207498488293187,0,0,0,0.0
25.20916515495985,0,0,0,0.0
25.215165154959852,0,0,0,0.0
25.216831821626517,0,0,0,0.0
25.222831821626517,0,0,0,0.0
25.224546107340803,0,0,0,0.0
25.230546107340803,0,0,0,0.0
25.23226039305509,0,0,0,0.0
25.23826039305509,0,0,0,0.0
25.24002509893744,0,0,0,0.0
25.24602509893744,0,0,0,0.0
25.247789804819792,0,0,0,0.0
25.253789804819792,0,0,0,0.0
25.255554510702144,0,0,0,0.0
25.261554510702144,0,0,0,0.0
25.263319216584495,0,0,0,0.0
25.269319216584496,0,0,0,0.0
25.271083922466847,0,0,0,0.0
25.277083922466847,0,0,0,0.0
25.2788486283492,0,0,0,0.0
25.2848486283492,0,0,0,0.0
25.28661333423155,0,0,0,0.0
25.29261333423155,0,0,0,0.0
25.2943780401139,0,0,0,0.0
25.300378040113902,0,0,0,0.0
25.302142745996253,0,0,0,0.0
25.308142745996253,0,0,0,0.0
25.309907451878605,0,0,0,0.0
25.315907451878605,0,0,0,0.0
25.317672157760956,0,0,0,0.0
25.323672157760956,0,0,0,0.0
25.325436863643308,0,0,0,0.0
25.331436863643308,0,0,0,0.0
25.33320156952566,0,0,0,0.0
25.33920156952566,0,0,0,0.0
25.34096627540801,0,0,0,0.0
25.34696627540801,0,0,0,0.0
25.348730981290363,0,0,0,0.0
25.354730981290363,0,0,0,0.0
25.356495687172714,0,0,0,0.0
25.362495687172714,0,0,0,0.0
25.364260393055066,0,0,0,0.0
25.370260393055066,0,0,0,0.0
25.37197467876935,0,0,0,0.0
25.377974678769352,0,0,0,0.0
25.379688964483638,0,0,0,0.0
25.385688964483638,0,0,0,0.0
25.387403250197924,0,0,0,0.0
25.393403250197924,0,0,0,0.0
25.39511753591221,0,0,0,0.0
25.40111753591221,0,0,0,0.0
25.402831821626496,0,0,0,0.0
25.408831821626496,0,0,0,0.0
25.41054610734078,0,0,0,0.0
25.416546107340782,0,0,0,0.0
25.418260393055068,0,0,0,0.0
25.424260393055068,0,0,0,0.0
25.425974678769354,0,0,0,0.0
25.431974678769354,0,0,0,0.0
25.43368896448364,0,0,0,0.0
25.43968896448364,0,0,0,0.0
25.441403250197926,0,0,0,0.0
25.447403250197926,0,0,0,0.0
25.44911753591221,0,0,0,0.0
25.455117535912212,0,0,0,0.0
25.456831821626498,0,0,0,0.0
25.462831821626498,0,0,0,0.0
25.464546107340784,0,0,0,0.0
25.470546107340784,0,0,0,0.0
25.47226039305507,0,0,0,0.0
25.47826039305507,0,0,0,0.0
25.479974678769356,0,0,0,0.0
25.485974678769356,0,0,0,0.0
25.48768896448364,0,0,0,0.0
25.493688964483642,0,0,0,0.0
25.495403250197928,0,0,0,0.0
25.501403250197928,0,0,0,0.0
25.503117535912214,0,0,0,0.0
25.509117535912214,0,0,0,0.0
25.5108318216265,0,0,0,0.0
25.5168318216265,0,0,0,0.0
25.518546107340786,0,0,0,0.0
25.524546107340786,0,0,0,0.0
25.52626039305507,0,0,0,0.0
25.532260393055072,0,0,0,0.0
25.533974678769358,0,0,0,0.0
25.539974678769358,0,0,0,0.0
25.541688964483644,0,0,0,0.0
25.547688964483644,0,0,0,0.0
25.54940325019793,0,0,0,0.0
25.55540325019793,0,0,0,0.0
25.557117535912216,0,0,0,0.0
25.563117535912216,0,0,0,0.0
25.564831821626502,0,0,0,0.0
25.570831821626502,0,0,0,0.0
25.572546107340788,0,0,0,0.0
25.578546107340788,0,0,0,0.0
25.580212774007453,0,0,0,0.0
25.586212774007453,0,0,0,0.0
25.58787944067412,0,0,0,0.0
25.59387944067412,0,0,0,0.0
25.595546107340784,0,0,0,0.0
25.601546107340784,0,0,0,0.0
25.60321277400745,0,0,0,0.0
25.60921277400745,0,0,0,0.0
25.610879440674115,0,0,0,0.0
25.616879440674115,0,0,0,0.0
25.61854610734078,0,0,0,0.0
25.62454610734078,0,0,0,0.0
25.626212774007445,0,0,0,0.0
25.632212774007446,0,0,0,0.0
25.636900274007445,0,0,0,0.0
25.642900274007445,0,0,0,0.0
25.647587774007444,0,0,0,0.0
25.653587774007445,0,0,0,0.0
25.658275274007444,0,0,0,0.0
25.664275274007444,0,0,0,0.0
25.668962774007444,0,0,0,0.0
25.674962774007444,0,0,0,0.0
25.679650274007443,0,0,0,0.0
25.685650274007443,0,0,0,0.0
25.690337774007443,0,0,0,0.0
25.696337774007443,0,0,0,0.0
25.701025274007442,0,0,0,0.0
25.707025274007442,0,0,0,0.0
25.71171277400744,0,0,0,0.0
25.717712774007442,0,0,0,0.0
25.72240027400744,0,0,0,0.0
25.72840027400744,0,0,0,0.0
25.73308777400744,0,0,0,0.0
25.73908777400744,0,0,0,0.0
25.74377527400744,0,0,0,0.0
25.74977527400744,0,0,0,0.0
25.75446277400744,0,0,0,0.0
25.76046277400744,0,0,0,0.0
25.76515027400744,0,0,0,0.0
25.77115027400744,0,0,0,0.0
25.77583777400744,0,0,0,0.0
25.78183777400744,0,0,0,0.0
25.786525274007438,0,0,0,0.0
25.79252527400744,0,0,0,0.0
25.797212774007438,0,0,0,0.0
25.803212774007438,0,0,0,0.0
25.807900274007437,0,0,0,0.0
25.813900274007437,0,0,0,0.0
25.818587774007437,0,0,0,0.0
25.824587774007437,0,0,0,0.0
25.829275274007436,0,0,0,0.0
25.835275274007437,0,0,0,0.0
25.839962774007436,0,0,0,0.0
25.845962774007436,0,0,0,0.0
25.850650274007435,0,0,0,0.0
25.856650274007436,0,0,0,0.0
25.861412178769342,0,0,0,0.0
25.867412178769342,0,0,0,0.0
25.87217408353125,0,0,0,0.0
25.87817408353125,0,0,0,0.0
25.882935988293156,0,0,0,0.0
25.888935988293156,0,0,0,0.0
25.893697893055062,0,0,0,0.0
25.899697893055063,0,0,0,0.0
25.90445979781697,0,0,0,0.0
25.91045979781697,0,0,0,0.0
25.915221702578876,0,0,0,0.0
25.921221702578876,0,0,0,0.0
25.925983607340783,0,0,0,0.0
25.931983607340783,0,0,0,0.0
25.93674551210269,0,0,0,0.0
25.94274551210269,0,0,0,0.0
25.947507416864596,0,0,0,0.0
25.953507416864596,0,0,0,0.0
25.958269321626503,0,0,0,0.0
25.964269321626503,0,0,0,0.0
25.96910803130392,0,0,0,0.0
25.97510803130392,0,0,0,0.0
25.98010803130392,0,0,0,0.0
25.98610803130392,0,0,0,0.0
25.99110803130392,0,0,0,0.0
25.99710803130392,0,0,0,0.0
26.00210803130392,0,0,0,0.0
26.00810803130392,0,0,0,0.0
26.01310803130392,0,0,0,0.0
26.01910803130392,0,0,0,0.0
26.024108031303918,0,0,0,0.0
26.030108031303918,0,0,0,0.0
26.035108031303917,0,0,0,0.0
26.041108031303917,0,0,0,0.0
26.046108031303916,0,0,0,0.0
26.052108031303916,0,0,0,0.0
26.057108031303915,0,0,0,0.0
26.063108031303916,0,0,0,0.0
26.068108031303915,0,0,0,0.0
26.074108031303915,0,0,0,0.0
26.079108031303914,0,0,0,0.0
26.085108031303914,0,0,0,0.0
26.090108031303913,0,0,0,0.0
26.096108031303913,0,0,0,0.0
26.101108031303912,0,0,0,0.0
26.107108031303913,0,0,0,0.0
26.11210803130391,0,0,0,0.0
26.118108031303912,0,0,0,0.0
26.12310803130391,0,0,0,0.0
26.12910803130391,0,0,0,0.0
26.13410803130391,0,0,0,0.0
26.14010803130391,0,0,0,0.0
26.14510803130391,0,0,0,0.0
26.15110803130391,0,0,0,0.0
26.15610803130391,0,0,0,0.0
26.16210803130391,0,0,0,0.0
26.16719277706662,0,0,0,0.0
26.17319277706662,0,0,0,0.0
26.178277522829333,0,0,0,0.0
26.184277522829333,0,0,0,0.0
26.189362268592046,0,0,0,0.0
26.195362268592046,0,0,0,0.0
26.200447014354758,0,0,0,0.0
26.206447014354758,0,0,0,0.0
26.21153176011747,0,0,0,0.0
26.21753176011747,0,0,0,0.0
26.222616505880183,0,0,0,0.0
26.228616505880183,0,0,0,0.0
26.233701251642895,0,0,0,0.0
26.239701251642895,0,0,0,0.0
26.244785997405607,0,0,0,0.0
26.250785997405607,0,0,0,0.0
26.25587074316832,0,0,0,0.0
26.26187074316832,0,0,0,0.0
26.266955488931032,0,0,0,0.0
26.272955488931032,0,0,0,0.0
26.278040234693744,0,0,0,0.0
26.284040234693745,0,0,0,0.0
26.289124980456457,0,0,0,0.0
26.295124980456457,0,0,0,0.0
26.30020972621917,0,0,0,0.0
26.30620972621917,0,0,0,0.0
26.31129447198188,0,0,0,0.0
26.31729447198188,0,0,0,0.0
26.322379217744594,0,0,0,0.0
26.328379217744594,0,0,0,0.0
26.333463963507306,0,0,0,0.0
26.339463963507306,0,0,0,0.0
26.34454870927002,0,0,0,0.0
26.35054870927002,0,0,0,0.0
26.35563345503273,0,0,0,0.0
26.36163345503273,0,0,0,0.0
26.366718200795443,0,0,0,0.0
26.372718200795443,0,0,0,0.0
26.377802946558155,0,0,0,0.0
26.383802946558156,0,0,0,0.0
26.388887692320868,0,0,0,0.0
26.394887692320868,0,0,0,0.0
26.39997243808358,0,0,0,0.0
26.40597243808358,0,0,0,0.0
26.411057183846292,0,0,0,0.0
26.417057183846293,0,0,0,0.0
26.422141929609005,0,0,0,0.0
26.428141929609005,0,0,0,0.0
26.433226675371717,0,0,0,0.0
26.439226675371717,0,0,0,0.0
26.44431142113443,0,0,0,0.0
26.45031142113443,0,0,0,0.0
26.455396166897142,0,0,0,0.0
26.461396166897142,0,0,0,0.0
26.466480912659854,0,0,0,0.0
26.472480912659854,0,0,0,0.0
26.477565658422566,0,0,0,0.0
26.483565658422567,0,0,0,0.0
26.48865040418528,0,0,0,0.0
26.49465040418528,0,0,0,0.0
26.49973514994799,0,0,0,0.0
26.50573514994799,0,0,0,0.0
26.510819895710704,0,0,0,0.0
26.516819895710704,0,0,0,0.0
26.521904641473416,0,0,0,0.0
26.527904641473416,0,0,0,0.0
26.532989387236128,0,0,0,0.0
26.53898938723613,0,0,0,0.0
26.54407413299884,0,0,0,0.0
26.55007413299884,0,0,0,0.0
26.555158878761553,0,0,0,0.0
26.561158878761553,0,0,0,0.0
26.566243624524265,0,0,0,0.0
26.572243624524265,0,0,0,0.0
26.577328370286978,0,0,0,0.0
26.583328370286978,0,0,0,0.0
26.58841311604969,0,0,0,0.0
26.59441311604969,0,0,0,0.0
26.599497861812402,0,0,0,0.0
26.605497861812403,0,0,0,0.0
26.610582607575115,0,0,0,0.0
26.616582607575115,0,0,0,0.0
26.62175502136822,0,0,0,0.0
26.62775502136822,0,0,0,0.0
26.632927435161324,0,0,0,0.0
26.638927435161325,0,0,0,0.0
26.64409984895443,0,0,0,0.0
26.65009984895443,0,0,0,0.0
26.655272262747534,0,0,0,0.0
26.661272262747534,0,0,0,0.0
26.66644467654064,0,0,0,0.0
26.67244467654064,0,0,0,0.0
26.677617090333744,0,0,0,0.0
26.683617090333744,0,0,0,0.0
26.68878950412685,0,0,0,0.0
26.69478950412685,0,0,0,0.0
26.699961917919953,0,0,0,0.0
26.705961917919954,0,0,0,0.0
26.71113433171306,0,0,0,0.0
26.71713433171306,0,0,0,0.0
26.722306745506163,0,0,0,0.0
26.728306745506163,0,0,0,0.0
26.733479159299268,0,0,0,0.0
26.739479159299268,0,0,0,0.0
26.744651573092373,0,0,0,0.0
26.750651573092373,0,0,0,0.0
26.755823986885478,0,0,0,0.0
26.761823986885478,0,0,0,0.0
26.766996400678583,0,0,0,0.0
26.772996400678583,0,0,0,0.0
26.778168814471687,0,0,0,0.0
26.784168814471688,0,0,0,0.0
26.789341228264792,0,0,0,0.0
26.795341228264792,0,0,0,0.0
26.800513642057897,0,0,0,0.0
26.806513642057897,0,0,0,0.0
26.811686055851002,0,0,0,0.0
26.817686055851002,0,0,0,0.0
26.82294921374574,0,0,0,0.0
26.82894921374574,0,0,0,0.0
26.83421237164048,0,0,0,0.0
26.84021237164048,0,0,0,0.0
26.845475529535218,0,0,0,0.0
26.851475529535218,0,0,0,0.0
26.856738687429957,0,0,0,0.0
26.862738687429957,0,0,0,0.0
26.868001845324695,0,0,0,0.0
26.874001845324695,0,0,0,0.0
26.879265003219434,0,0,0,0.0
26.885265003219434,0,0,0,0.0
26.890528161114172,0,0,0,0.0
26.896528161114173,0,0,0,0.0
26.90179131900891,0,0,0,0.0
26.90779131900891,0,0,0,0.0
26.91305447690365,0,0,0,0.0
26.91905447690365,0,0,0,0.0
26.92431763479839,0,0,0,0.0
26.93031763479839,0,0,0,0.0
26.935580792693127,0,0,0,0.0
26.941580792693127,0,0,0,0.0
26.946843950587866,0,0,0,0.0
26.952843950587866,0,0,0,0.0
26.958107108482604,0,0,0,0.0
26.964107108482605,0,0,0,0.0
26.969370266377343,0,0,0,0.0
26.975370266377343,0,0,0,0.0
26.98063342427208,0,0,0,0.0
26.986633424272082,0,0,0,0.0
26.99189658216682,0,0,0,0.0
26.99789658216682,0,0,0,0.0
27.00315974006156,0,0,0,0.0
27.00915974006156,0,0,0,0.0
27.014422897956297,0,0,0,0.0
27.020422897956298,0,0,0,0.0
27.025686055851036,0,0,0,0.0
27.031686055851036,0,0,0,0.0
27.036949213745775,0,0,0,0.0
27.042949213745775,0,0,0,0.0
27.048212371640513,0,0,0,0.0
27.054212371640514,0,0,0,0.0
27.059475529535252,0,0,0,0.0
27.065475529535252,0,0,0,0.0
27.07073868742999,0,0,0,0.0
27.07673868742999,0,0,0,0.0
27.08200184532473,0,0,0,0.0
27.08800184532473,0,0,0,0.0
27.093265003219468,0,0,0,0.0
27.099265003219468,0,0,0,0.0
27.104528161114207,0,0,0,0.0
27.110528161114207,0,0,0,0.0
27.115791319008945,0,0,0,0.0
27.121791319008945,0,0,0,0.0
27.127054476903684,0,0,0,0.0
27.133054476903684,0,0,0,0.0
27.138317634798423,0,0,0,0.0
27.144317634798423,0,0,0,0.0
27.149674777655566,0,0,0,0.0
27.155674777655566,0,0,0,0.0
27.16103192051271,0,0,0,0.0
27.16703192051271,0,0,0,0.0
27.172389063369852,0,0,0,0.0
27.178389063369853,0,0,0,0.0
27.183746206226996,0,0,0,0.0
27.189746206226996,0,0,0,0.0
27.19510334908414,0,0,0,0.0
27.20110334908414,0,0,0,0.0
27.206460491941282,0,0,0,0.0
27.212460491941282,0,0,0,0.0
27.217817634798426,0,0,0,0.0
27.223817634798426,0,0,0,0.0
27.22917477765557,0,0,0,0.0
27.23517477765557,0,0,0,0.0
27.240531920512712,0,0,0,0.0
27.246531920512712,0,0,0,0.0
27.251889063369855,0,0,0,0.0
27.257889063369856,0,0,0,0.0
27.263246206227,0,0,0,0.0
27.269246206227,0,0,0,0.0
27.274603349084142,0,0,0,0.0
27.280603349084142,0,0,0,0.0
27.285960491941285,0,0,0,0.0
27.291960491941285,0,0,0,0.0
27.29731763479843,0,0,0,0.0
27.30331763479843,0,0,0,0.0
27.308674777655572,0,0,0,0.0
27.314674777655572,0,0,0,0.0
27.320031920512715,0,0,0,0.0
27.326031920512715,0,0,0,0.0
27.33138906336986,0,0,0,0.0
27.33738906336986,0,0,0,0.0
27.342746206227,0,0,0,0.0
27.348746206227002,0,0,0,0.0
27.354103349084145,0,0,0,0.0
27.360103349084145,0,0,0,0.0
27.36546049194129,0,0,0,0.0
27.37146049194129,0,0,0,0.0
27.37681763479843,0,0,0,0.0
27.382817634798432,0,0,0,0.0
27.388174777655575,0,0,0,0.0
27.394174777655575,0,0,0,0.0
27.399531920512718,0,0,0,0.0
27.40553192051272,0,0,0,0.0
27.41088906336986,0,0,0,0.0
27.41688906336986,0,0,0,0.0
27.422246206227005,0,0,0,0.0
27.428246206227005,0,0,0,0.0
27.433603349084148,0,0,0,0.0
27.439603349084148,0,0,0,0.0
27.44496049194129,0,0,0,0.0
27.45096049194129,0,0,0,0.0
27.456317634798435,0,0,0,0.0
27.462317634798435,0,0,0,0.0
27.467674777655578,0,0,0,0.0
27.473674777655578,0,0,0,0.0
27.47903192051272,0,0,0,0.0
27.48503192051272,0,0,0,0.0
27.490389063369864,0,0,0,0.0
27.496389063369865,0,0,0,0.0
27.501746206227008,0,0,0,0.0
27.507746206227008,0,0,0,0.0
27.51310334908415,0,0,0,0.0
27.51910334908415,0,0,0,0.0
27.524460491941294,0,0,0,0.0
27.530460491941295,0,0,0,0.0
27.535817634798438,0,0,0,0.0
27.541817634798438,0,0,0,0.0
27.54717477765558,0,0,0,0.0
27.55317477765558,0,0,0,0.0
27.558531920512724,0,0,0,0.0
27.564531920512724,0,0,0,0.0
27.569889063369867,0,0,0,0.0
27.575889063369868,0,0,0,0.0
27.58124620622701,0,0,0,0.0
27.58724620622701,0,0,0,0.0
27.592603349084154,0,0,0,0.0
27.598603349084154,0,0,0,0.0
27.603960491941297,0,0,0,0.0
27.609960491941298,0,0,0,0.0
27.61531763479844,0,0,0,0.0
27.62131763479844,0,0,0,0.0
27.626674777655584,0,0,0,0.0
27.632674777655584,0,0,0,0.0
27.638031920512727,0,0,0,0.0
27.644031920512727,0,0,0,0.0
27.64938906336987,0,0,0,0.0
27.65538906336987,0,0,0,0.0
27.660746206227014,0,0,0,0.0
27.666746206227014,0,0,0,0.0
27.672103349084157,0,0,0,0.0
27.678103349084157,0,0,0,0.0
27.6834604919413,0,0,0,0.0
27.6894604919413,0,0,0,0.0
27.694817634798444,0,0,0,0.0
27.700817634798444,0,0,0,0.0
27.706174777655587,0,0,0,0.0
27.712174777655587,0,0,0,0.0
27.71753192051273,0,0,0,0.0
27.72353192051273,0,0,0,0.0
27.728889063369873,0,0,0,0.0
27.734889063369874,0,0,0,0.0
27.740246206227017,0,0,0,0.0
27.746246206227017,0,0,0,0.0
27.75160334908416,0,0,0,0.0
27.75760334908416,0,0,0,0.0
27.762960491941303,0,0,0,0.0
27.768960491941304,0,0,0,0.0
27.774317634798447,0,0,0,0.0
27.780317634798447,0,0,0,0.0
27.78567477765559,0,0,0,0.0
27.79167477765559,0,0,0,0.0
27.797031920512733,0,0,0,0.0
27.803031920512733,0,0,0,0.0
27.808389063369876,0,0,0,0.0
27.814389063369877,0,0,0,0.0
27.81974620622702,0,0,0,0.0
27.82574620622702,0,0,0,0.0
27.831200751681564,0,0,0,0.0
27.837200751681564,0,0,0,0.0
27.84265529713611,0,0,0,0.0
27.84865529713611,0,0,0,0.0
27.854109842590653,0,0,0,0.0
27.860109842590653,0,0,0,0.0
27.865564388045197,0,0,0,0.0
27.871564388045197,0,0,0,0.0
27.877119943600754,0,0,0,0.0
27.883119943600754,0,0,0,0.0
27.88867549915631,0,0,0,0.0
27.89467549915631,0,0,0,0.0
27.900231054711867,0,0,0,0.0
27.906231054711867,0,0,0,0.0
27.911786610267423,0,0,0,0.0
27.917786610267424,0,0,0,0.0
27.92334216582298,0,0,0,0.0
27.92934216582298,0,0,0,0.0
27.934897721378537,0,0,0,0.0
27.940897721378537,0,0,0,0.0
27.946453276934093,0,0,0,0.0
27.952453276934094,0,0,0,0.0
27.95800883248965,0,0,0,0.0
27.96400883248965,0,0,0,0.0
27.969564388045207,0,0,0,0.0
27.975564388045207,0,0,0,0.0
27.981119943600763,0,0,0,0.0
27.987119943600764,0,0,0,0.0
27.99267549915632,0,0,0,0.0
27.99867549915632,0,0,0,0.0
28.004231054711877,0,0,0,0.0
28.010231054711877,0,0,0,0.0
28.015786610267433,0,0,0,0.0
28.021786610267434,0,0,0,0.0
28.02734216582299,0,0,0,0.0
28.03334216582299,0,0,0,0.0
28.038897721378547,0,0,0,0.0
28.044897721378547,0,0,0,0.0
28.050453276934103,0,0,0,0.0
28.056453276934104,0,0,0,0.0
28.06200883248966,0,0,0,0.0
28.06800883248966,0,0,0,0.0
28.073564388045217,0,0,0,0.0
28.079564388045217,0,0,0,0.0
28.085119943600773,0,0,0,0.0
28.091119943600773,0,0,0,0.0
28.09667549915633,0,0,0,0.0
28.10267549915633,0,0,0,0.0
28.108231054711887,0,0,0,0.0
28.114231054711887,0,0,0,0.0
28.119786610267443,0,0,0,0.0
28.125786610267443,0,0,0,0.0
28.131342165823,0,0,0,0.0
28.137342165823,0,0,0,0.0
28.142897721378556,0,0,0,0.0
28.148897721378557,0,0,0,0.0
28.154453276934113,0,0,0,0.0
28.160453276934113,0,0,0,0.0
28.16600883248967,0,0,0,0.0
28.17200883248967,0,0,0,0.0
28.177564388045226,0,0,0,0.0
28.183564388045227,0,0,0,0.0
28.189119943600783,0,0,0,0.0
28.195119943600783,0,0,0,0.0
28.20067549915634,0,0,0,0.0
28.20667549915634,0,0,0,0.0
28.212231054711896,0,0,0,0.0
28.218231054711897,0,0,0,0.0
28.223786610267453,0,0,0,0.0
28.229786610267453,0,0,0,0.0
28.23534216582301,0,0,0,0.0
28.24134216582301,0,0,0,0.0
28.246897721378566,0,0,0,0.0
28.252897721378567,0,0,0,0.0
28.258453276934123,0,0,0,0.0
28.264453276934123,0,0,0,0.0
28.27000883248968,0,0,0,0.0
28.27600883248968,0,0,0,0.0
28.28166920984817,0,0,0,0.0
28.287669209848172,0,0,0,0.0
28.293329587206664,0,0,0,0.0
28.299329587206664,0,0,0,0.0
28.304989964565156,0,0,0,0.0
28.310989964565156,0,0,0,0.0
28.316650341923648,0,0,0,0.0
28.322650341923648,0,0,0,0.0
28.32831071928214,0,0,0,0.0
28.33431071928214,0,0,0,0.0
28.33997109664063,0,0,0,0.0
28.345971096640632,0,0,0,0.0
28.351631473999124,0,0,0,0.0
28.357631473999124,0,0,0,0.0
28.363291851357616,0,0,0,0.0
28.369291851357616,0,0,0,0.0
28.374952228716108,0,0,0,0.0
28.380952228716108,0,0,0,0.0
28.3866126060746,0,0,0,0.0
28.3926126060746,0,0,0,0.0
28.398272983433092,0,0,0,0.0
28.404272983433092,0,0,0,0.0
28.409933360791584,0,0,0,0.0
28.415933360791584,0,0,0,0.0
28.421593738150076,0,0,0,0.0
28.427593738150076,0,0,0,0.0
28.433362968919308,0,0,0,0.0
28.43936296891931,0,0,0,0.0
28.44513219968854,0,0,0,0.0
28.45113219968854,0,0,0,0.0
28.456901430457773,0,0,0,0.0
28.462901430457773,0,0,0,0.0
28.468670661227005,0,0,0,0.0
28.474670661227005,0,0,0,0.0
28.480439891996237,0,0,0,0.0
28.486439891996238,0,0,0,0.0
28.49220912276547,0,0,0,0.0
28.49820912276547,0,0,0,0.0
28.503978353534702,0,0,0,0.0
28.509978353534702,0,0,0,0.0
28.515747584303934,0,0,0,0.0
28.521747584303935,0,0,0,0.0
28.527516815073167,0,0,0,0.0
28.533516815073167,0,0,0,0.0
28.5392860458424,0,0,0,0.0
28.5452860458424,0,0,0,0.0
28.55105527661163,0,0,0,0.0
28.55705527661163,0,0,0,0.0
28.562824507380864,0,0,0,0.0
28.568824507380864,0,0,0,0.0
28.574593738150096,0,0,0,0.0
28.580593738150096,0,0,0,0.0
28.586362968919328,0,0,0,0.0
28.59236296891933,0,0,0,0.0
28.59813219968856,0,0,0,0.0
28.60413219968856,0,0,0,0.0
28.609901430457793,0,0,0,0.0
28.615901430457793,0,0,0,0.0
28.621670661227025,0,0,0,0.0
28.627670661227025,0,0,0,0.0
28.633439891996257,0,0,0,0.0
28.639439891996258,0,0,0,0.0
28.64520912276549,0,0,0,0.0
28.65120912276549,0,0,0,0.0
28.656978353534722,0,0,0,0.0
28.662978353534722,0,0,0,0.0
28.668747584303954,0,0,0,0.0
28.674747584303955,0,0,0,0.0
28.680516815073187,0,0,0,0.0
28.686516815073187,0,0,0,0.0
28.69228604584242,0,0,0,0.0
28.69828604584242,0,0,0,0.0
28.70405527661165,0,0,0,0.0
28.71005527661165,0,0,0,0.0
28.715824507380884,0,0,0,0.0
28.721824507380884,0,0,0,0.0
28.727593738150116,0,0,0,0.0
28.733593738150116,0,0,0,0.0
28.739362968919348,0,0,0,0.0
28.74536296891935,0,0,0,0.0
28.75113219968858,0,0,0,0.0
28.75713219968858,0,0,0,0.0
28.762901430457813,0,0,0,0.0
28.768901430457813,0,0,0,0.0
28.774670661227045,0,0,0,0.0
28.780670661227045,0,0,0,0.0
28.786439891996277,0,0,0,0.0
28.792439891996278,0,0,0,0.0
28.79820912276551,0,0,0,0.0
28.80420912276551,0,0,0,0.0
28.809978353534742,0,0,0,0.0
28.815978353534742,0,0,0,0.0
28.821747584303974,0,0,0,0.0
28.827747584303975,0,0,0,0.0
28.833516815073207,0,0,0,0.0
28.839516815073207,0,0,0,0.0
28.84528604584244,0,0,0,0.0
28.85128604584244,0,0,0,0.0
28.85705527661167,0,0,0,0.0
28.86305527661167,0,0,0,0.0
28.868824507380904,0,0,0,0.0
28.874824507380904,0,0,0,0.0
28.880593738150136,0,0,0,0.0
28.886593738150136,0,0,0,0.0
28.892362968919368,0,0,0,0.0
28.89836296891937,0,0,0,0.0
28.9041321996886,0,0,0,0.0
28.9101321996886,0,0,0,0.0
28.915901430457833,0,0,0,0.0
28.921901430457833,0,0,0,0.0
28.92778378339901,0,0,0,0.0
28.93378378339901,0,0,0,0.0
28.93966613634019,0,0,0,0.0
28.94566613634019,0,0,0,0.0
28.951548489281368,0,0,0,0.0
28.95754848928137,0,0,0,0.0
28.963430842222547,0,0,0,0.0
28.969430842222547,0,0,0,0.0
28.975313195163725,0,0,0,0.0
28.981313195163725,0,0,0,0.0
28.987195548104904,0,0,0,0.0
28.993195548104904,0,0,0,0.0
28.999077901046082,0,0,0,0.0
29.005077901046082,0,0,0,0.0
29.01096025398726,0,0,0,0.0
29.01696025398726,0,0,0,0.0
29.02284260692844,0,0,0,0.0
29.02884260692844,0,0,0,0.0
29.034724959869617,0,0,0,0.0
29.040724959869618,0,0,0,0.0
29.046607312810796,0,0,0,0.0
29.052607312810796,0,0,0,0.0
29.058489665751974,0,0,0,0.0
29.064489665751974,0,0,0,0.0
29.070372018693153,0,0,0,0.0
29.076372018693153,0,0,0,0.0
29.082372018693153,0,0,0,0.0
29.088372018693153,0,0,0,0.0
29.094372018693154,0,0,0,0.0
29.100372018693154,0,0,0,0.0
29.106372018693154,0,0,0,0.0
29.112372018693154,0,0,0,0.0
29.118372018693155,0,0,0,0.0
29.124372018693155,0,0,0,0.0
29.130372018693155,0,0,0,0.0
29.136372018693155,0,0,0,0.0
29.142372018693155,0,0,0,0.0
29.148372018693156,0,0,0,0.0
29.154372018693156,0,0,0,0.0
29.160372018693156,0,0,0,0.0
29.166372018693156,0,0,0,0.0
29.172372018693157,0,0,0,0.0
29.178372018693157,0,0,0,0.0
29.184372018693157,0,0,0,0.0
29.190372018693157,0,0,0,0.0
29.196372018693157,0,0,0,0.0
29.202372018693158,0,0,0,0.0
29.208372018693158,0,0,0,0.0
29.214372018693158,0,0,0,0.0
29.22037201869316,0,0,0,0.0
29.22637201869316,0,0,0,0.0
29.23237201869316,0,0,0,0.0
29.23837201869316,0,0,0,0.0
29.24437201869316,0,0,0,0.0
29.25037201869316,0,0,0,0.0
29.25637201869316,0,0,0,0.0
29.26237201869316,0,0,0,0.0
29.26837201869316,0,0,0,0.0
29.27437201869316,0,0,0,0.0
29.28037201869316,0,0,0,0.0
29.28637201869316,0,0,0,0.0
29.29237201869316,0,0,0,0.0
29.29837201869316,0,0,0,0.0
29.30437201869316,0,0,0,0.0
29.310372018693162,0,0,0,0.0
29.316372018693162,0,0,0,0.0
29.322372018693162,0,0,0,0.0
29.328372018693162,0,0,0,0.0
29.334372018693163,0,0,0,0.0
29.340372018693163,0,0,0,0.0
29.346372018693163,0,0,0,0.0
29.352372018693163,0,0,0,0.0
29.358372018693164,0,0,0,0.0
29.364372018693164,0,0,0,0.0
29.370372018693164,0,0,0,0.0
29.376372018693164,0,0,0,0.0
29.382372018693165,0,0,0,0.0
29.388372018693165,0,0,0,0.0
29.394372018693165,0,0,0,0.0
29.400372018693165,0,0,0,0.0
29.406372018693165,0,0,0,0.0
29.412372018693166,0,0,0,0.0
29.418372018693166,0,0,0,0.0
29.424372018693166,0,0,0,0.0
29.430372018693166,0,0,0,0.0
29.436372018693167,0,0,0,0.0
29.442372018693167,0,0,0,0.0
29.448372018693167,0,0,0,0.0
29.454372018693167,0,0,0,0.0
29.460372018693167,0,0,0,0.0
29.466372018693168,0,0,0,0.0
29.472372018693168,0,0,0,0.0
29.478372018693168,0,0,0,0.0
29.48437201869317,0,0,0,0.0
29.49037201869317,0,0,0,0.0
29.49637201869317,0,0,0,0.0
29.50237201869317,0,0,0,0.0
29.50837201869317,0,0,0,0.0
29.51437201869317,0,0,0,0.0
29.52037201869317,0,0,0,0.0
29.52637201869317,0,0,0,0.0
29.53237201869317,0,0,0,0.0
29.53837201869317,0,0,0,0.0
29.54437201869317,0,0,0,0.0
29.55037201869317,0,0,0,0.0
29.55637201869317,0,0,0,0.0
29.56237201869317,0,0,0,0.0
29.56837201869317,0,0,0,0.0
29.574372018693172,0,0,0,0.0
29.580372018693172,0,0,0,0.0
29.586372018693172,0,0,0,0.0
29.592372018693172,0,0,0,0.0
29.598372018693173,0,0,0,0.0
29.604372018693173,0,0,0,0.0
29.610372018693173,0,0,0,0.0
29.616372018693173,0,0,0,0.0
29.622372018693174,0,0,0,0.0
29.628372018693174,0,0,0,0.0
29.634494467672766,0,0,0,0.0
29.640494467672767,0,0,0,0.0
29.64661691665236,0,0,0,0.0
29.65261691665236,0,0,0,0.0
29.658739365631952,0,0,0,0.0
29.664739365631952,0,0,0,0.0
29.670861814611545,0,0,0,0.0
29.676861814611545,0,0,0,0.0
29.682984263591138,0,0,0,0.0
29.688984263591138,0,0,0,0.0
29.69510671257073,0,0,0,0.0
29.70110671257073,0,0,0,0.0
29.707229161550323,0,0,0,0.0
29.713229161550323,0,0,0,0.0
29.719351610529916,0,0,0,0.0
29.725351610529916,0,0,0,0.0
29.73147405950951,0,0,0,0.0
29.73747405950951,0,0,0,0.0
29.7435965084891,0,0,0,0.0
29.749596508489102,0,0,0,0.0
29.755718957468694,0,0,0,0.0
29.761718957468695,0,0,0,0.0
29.767841406448287,0,0,0,0.0
29.773841406448287,0,0,0,0.0
29.77996385542788,0,0,0,0.0
29.78596385542788,0,0,0,0.0
29.792086304407473,0,0,0,0.0
29.798086304407473,0,0,0,0.0
29.804336304407475,0,0,0,0.0
29.810336304407475,0,0,0,0.0
29.816586304407476,0,0,0,0.0
29.822586304407476,0,0,0,0.0
29.828836304407478,0,0,0,0.0
29.834836304407478,0,0,0,0.0
29.84108630440748,0,0,0,0.0
29.84708630440748,0,0,0,0.0
29.85333630440748,0,0,0,0.0
29.85933630440748,0,0,0,0.0
29.865586304407483,0,0,0,0.0
29.871586304407483,0,0,0,0.0
29.877836304407484,0,0,0,0.0
29.883836304407485,0,0,0,0.0
29.890086304407486,0,0,0,0.0
29.896086304407486,0,0,0,0.0
29.902336304407488,0,0,0,0.0
29.908336304407488,0,0,0,0.0
29.91458630440749,0,0,0,0.0
29.92058630440749,0,0,0,0.0
29.92683630440749,0,0,0,0.0
29.93283630440749,0,0,0,0.0
29.939086304407493,0,0,0,0.0
29.945086304407493,0,0,0,0.0
29.951336304407494,0,0,0,0.0
29.957336304407495,0,0,0,0.0
29.963586304407496,0,0,0,0.0
29.969586304407496,0,0,0,0.0
29.9759692831309,0,0,0,0.0
29.9819692831309,0,0,0,0.0
29.988352261854306,0,0,0,0.0
29.994352261854306,0,0,0,0.0
30.00073524057771,0,0,0,0.0
30.00673524057771,0,0,0,0.0
30.013118219301116,0,0,0,0.0
30.019118219301117,0,0,0,0.0
30.02550119802452,0,0,0,0.0
30.03150119802452,0,0,0,0.0
30.037884176747927,0,0,0,0.0
30.043884176747927,0,0,0,0.0
30.05026715547133,0,0,0,0.0
30.056267155471332,0,0,0,0.0
30.062650134194737,0,0,0,0.0
30.068650134194737,0,0,0,0.0
30.075033112918142,0,0,0,0.0
30.081033112918142,0,0,0,0.0
30.087416091641547,0,0,0,0.0
30.093416091641547,0,0,0,0.0
30.099799070364952,0,0,0,0.0
30.105799070364952,0,0,0,0.0
30.112182049088357,0,0,0,0.0
30.118182049088357,0,0,0,0.0
30.124565027811762,0,0,0,0.0
30.130565027811762,0,0,0,0.0
30.136948006535167,0,0,0,0.0
30.142948006535168,0,0,0,0.0
30.149330985258572,0,0,0,0.0
30.155330985258573,0,0,0,0.0
30.161713963981978,0,0,0,0.0
30.167713963981978,0,0,0,0.0
30.174096942705383,0,0,0,0.0
30.180096942705383,0,0,0,0.0
30.186479921428788,0,0,0,0.0
30.192479921428788,0,0,0,0.0
30.198862900152193,0,0,0,0.0
30.204862900152193,0,0,0,0.0
30.211245878875598,0,0,0,0.0
30.217245878875598,0,0,0,0.0
30.223628857599003,0,0,0,0.0
30.229628857599003,0,0,0,0.0
30.236011836322408,0,0,0,0.0
30.24201183632241,0,0,0,0.0
30.248394815045813,0,0,0,0.0
30.254394815045814,0,0,0,0.0
30.26077779376922,0,0,0,0.0
30.26677779376922,0,0,0,0.0
30.273160772492623,0,0,0,0.0
30.279160772492624,0,0,0,0.0
30.28554375121603,0,0,0,0.0
30.29154375121603,0,0,0,0.0
30.297926729939434,0,0,0,0.0
30.303926729939434,0,0,0,0.0
30.31030970866284,0,0,0,0.0
30.31630970866284,0,0,0,0.0
30.322692687386244,0,0,0,0.0
30.328692687386244,0,0,0,0.0
30.33507566610965,0,0,0,0.0
30.34107566610965,0,0,0,0.0
30.347458644833054,0,0,0,0.0
30.353458644833054,0,0,0,0.0
30.35984162355646,0,0,0,0.0
30.36584162355646,0,0,0,0.0
30.372224602279864,0,0,0,0.0
30.378224602279865,0,0,0,0.0
30.38460758100327,0,0,0,0.0
30.39060758100327,0,0,0,0.0
30.396990559726675,0,0,0,0.0
30.402990559726675,0,0,0,0.0
30.40937353845008,0,0,0,0.0
30.41537353845008,0,0,0,0.0
30.421756517173485,0,0,0,0.0
30.427756517173485,0,0,0,0.0
30.43413949589689,0,0,0,0.0
30.44013949589689,0,0,0,0.0
30.446522474620295,0,0,0,0.0
30.452522474620295,0,0,0,0.0
30.4589054533437,0,0,0,0.0
30.4649054533437,0,0,0,0.0
30.471288432067105,0,0,0,0.0
30.477288432067105,0,0,0,0.0
30.48367141079051,0,0,0,0.0
30.48967141079051,0,0,0,0.0
30.496054389513915,0,0,0,0.0
30.502054389513916,0,0,0,0.0
30.50843736823732,0,0,0,0.0
30.51443736823732,0,0,0,0.0
30.520820346960726,0,0,0,0.0
30.526820346960726,0,0,0,0.0
30.53320332568413,0,0,0,0.0
30.53920332568413,0,0,0,0.0
30.545586304407536,0,0,0,0.0
30.551586304407536,0,0,0,0.0
30.55796928313094,0,0,0,0.0
30.56396928313094,0,0,0,0.0
30.570352261854346,0,0,0,0.0
30.576352261854346,0,0,0,0.0
30.58273524057775,0,0,0,0.0
30.58873524057775,0,0,0,0.0
30.595118219301156,0,0,0,0.0
30.601118219301156,0,0,0,0.0
30.60750119802456,0,0,0,0.0
30.61350119802456,0,0,0,0.0
30.619884176747966,0,0,0,0.0
30.625884176747967,0,0,0,0.0
30.63226715547137,0,0,0,0.0
30.63826715547137,0,0,0,0.0
30.644650134194777,0,0,0,0.0
30.650650134194777,0,0,0,0.0
30.65703311291818,0,0,0,0.0
30.663033112918182,0,0,0,0.0
30.669416091641587,0,0,0,0.0
30.675416091641587,0,0,0,0.0
30.681799070364992,0,0,0,0.0
30.687799070364992,0,0,0,0.0
30.694182049088397,0,0,0,0.0
30.700182049088397,0,0,0,0.0
30.706565027811802,0,0,0,0.0
30.712565027811802,0,0,0,0.0
30.718948006535207,0,0,0,0.0
30.724948006535207,0,0,0,0.0
30.731330985258612,0,0,0,0.0
30.737330985258613,0,0,0,0.0
30.743713963982017,0,0,0,0.0
30.749713963982018,0,0,0,0.0
30.756096942705422,0,0,0,0.0
30.762096942705423,0,0,0,0.0
30.768479921428828,0,0,0,0.0
30.774479921428828,0,0,0,0.0
30.780862900152233,0,0,0,0.0
30.786862900152233,0,0,0,0.0
30.793245878875638,0,0,0,0.0
30.799245878875638,0,0,0,0.0
30.805628857599043,0,0,0,0.0
30.811628857599043,0,0,0,0.0
30.818011836322448,0,0,0,0.0
30.82401183632245,0,0,0,0.0
30.830394815045853,0,0,0,0.0
30.836394815045853,0,0,0,0.0
30.842916554176288,0,0,0,0.0
30.848916554176288,0,0,0,0.0
30.855438293306722,0,0,0,0.0
30.861438293306723,0,0,0,0.0
30.867960032437157,0,0,0,0.0
30.873960032437157,0,0,0,0.0
30.88048177156759,0,0,0,0.0
30.886481771567592,0,0,0,0.0
30.893003510698026,0,0,0,0.0
30.899003510698027,0,0,0,0.0
30.90552524982846,0,0,0,0.0
30.91152524982846,0,0,0,0.0
30.918046988958896,0,0,0,0.0
30.924046988958896,0,0,0,0.0
30.93056872808933,0,0,0,0.0
30.93656872808933,0,0,0,0.0
30.943090467219765,0,0,0,0.0
30.949090467219765,0,0,0,0.0
30.9556122063502,0,0,0,0.0
30.9616122063502,0,0,0,0.0
30.968133945480634,0,0,0,0.0
30.974133945480634,0,0,0,0.0
30.98065568461107,0,0,0,0.0
30.98665568461107,0,0,0,0.0
30.993322351277737,0,0,0,0.0
30.999322351277737,0,0,0,0.0
31.005989017944405,0,0,0,0.0
31.011989017944405,0,0,0,0.0
31.018655684611073,0,0,0,0.0
31.024655684611073,0,0,0,0.0
31.03132235127774,0,0,0,0.0
31.03732235127774,0,0,0,0.0
31.04398901794441,0,0,0,0.0
31.04998901794441,0,0,0,0.0
31.056655684611076,0,0,0,0.0
31.062655684611077,0,0,0,0.0
31.069322351277744,0,0,0,0.0
31.075322351277745,0,0,0,0.0
31.081989017944412,0,0,0,0.0
31.087989017944412,0,0,0,0.0
31.09465568461108,0,0,0,0.0
31.10065568461108,0,0,0,0.0
31.107322351277748,0,0,0,0.0
31.11332235127775,0,0,0,0.0
31.119989017944416,0,0,0,0.0
31.125989017944416,0,0,0,0.0
31.132655684611084,0,0,0,0.0
31.138655684611084,0,0,0,0.0
31.145322351277752,0,0,0,0.0
31.151322351277752,0,0,0,0.0
31.15798901794442,0,0,0,0.0
31.16398901794442,0,0,0,0.0
31.170807199762603,0,0,0,0.0
31.176807199762603,0,0,0,0.0
31.183625381580786,0,0,0,0.0
31.189625381580786,0,0,0,0.0
31.19644356339897,0,0,0,0.0
31.20244356339897,0,0,0,0.0
31.20926174521715,0,0,0,0.0
31.215261745217152,0,0,0,0.0
31.222079927035335,0,0,0,0.0
31.228079927035335,0,0,0,0.0
31.234898108853518,0,0,0,0.0
31.240898108853518,0,0,0,0.0
31.2477162906717,0,0,0,0.0
31.2537162906717,0,0,0,0.0
31.260534472489883,0,0,0,0.0
31.266534472489884,0,0,0,0.0
31.273352654308066,0,0,0,0.0
31.279352654308067,0,0,0,0.0
31.28617083612625,0,0,0,0.0
31.29217083612625,0,0,0,0.0
31.298989017944432,0,0,0,0.0
31.304989017944433,0,0,0,0.0
31.311807199762615,0,0,0,0.0
31.317807199762616,0,0,0,0.0
31.3246253815808,0,0,0,0.0
31.3306253815808,0,0,0,0.0
31.33744356339898,0,0,0,0.0
31.34344356339898,0,0,0,0.0
31.350261745217164,0,0,0,0.0
31.356261745217164,0,0,0,0.0
31.363079927035347,0,0,0,0.0
31.369079927035347,0,0,0,0.0
31.37589810885353,0,0,0,0.0
31.38189810885353,0,0,0,0.0
31.388716290671713,0,0,0,0.0
31.394716290671713,0,0,0,0.0
31.401534472489896,0,0,0,0.0
31.407534472489896,0,0,0,0.0
31.41435265430808,0,0,0,0.0
31.42035265430808,0,0,0,0.0
31.427170836126262,0,0,0,0.0
31.433170836126262,0,0,0,0.0
31.439989017944445,0,0,0,0.0
31.445989017944445,0,0,0,0.0
31.452807199762628,0,0,0,0.0
31.458807199762628,0,0,0,0.0
31.46562538158081,0,0,0,0.0
31.47162538158081,0,0,0,0.0
31.478443563398994,0,0,0,0.0
31.484443563398994,0,0,0,0.0
31.491261745217177,0,0,0,0.0
31.497261745217177,0,0,0,0.0
31.50407992703536,0,0,0,0.0
31.51007992703536,0,0,0,0.0
31.516898108853542,0,0,0,0.0
31.522898108853543,0,0,0,0.0
31.529716290671725,0,0,0,0.0
31.535716290671726,0,0,0,0.0
31.54253447248991,0,0,0,0.0
31.54853447248991,0,0,0,0.0
31.55535265430809,0,0,0,0.0
31.56135265430809,0,0,0,0.0
31.568170836126274,0,0,0,0.0
31.574170836126275,0,0,0,0.0
31.580989017944457,0,0,0,0.0
31.586989017944457,0,0,0,0.0
31.59380719976264,0,0,0,0.0
31.59980719976264,0,0,0,0.0
31.606625381580823,0,0,0,0.0
31.612625381580823,0,0,0,0.0
31.619443563399006,0,0,0,0.0
31.625443563399006,0,0,0,0.0
31.63226174521719,0,0,0,0.0
31.63826174521719,0,0,0,0.0
31.645079927035372,0,0,0,0.0
31.651079927035372,0,0,0,0.0
31.657898108853555,0,0,0,0.0
31.663898108853555,0,0,0,0.0
31.670716290671738,0,0,0,0.0
31.676716290671738,0,0,0,0.0
31.68353447248992,0,0,0,0.0
31.68953447248992,0,0,0,0.0
31.696352654308104,0,0,0,0.0
31.702352654308104,0,0,0,0.0
31.709170836126287,0,0,0,0.0
31.715170836126287,0,0,0,0.0
31.72198901794447,0,0,0,0.0
31.72798901794447,0,0,0,0.0
31.734965762130518,0,0,0,0.0
31.740965762130518,0,0,0,0.0
31.747942506316566,0,0,0,0.0
31.753942506316566,0,0,0,0.0
31.760919250502614,0,0,0,0.0
31.766919250502614,0,0,0,0.0
31.77389599468866,0,0,0,0.0
31.779895994688662,0,0,0,0.0
31.78687273887471,0,0,0,0.0
31.79287273887471,0,0,0,0.0
31.799849483060758,0,0,0,0.0
31.805849483060758,0,0,0,0.0
31.812826227246806,0,0,0,0.0
31.818826227246806,0,0,0,0.0
31.825802971432854,0,0,0,0.0
31.831802971432854,0,0,0,0.0
31.83894582857571,0,0,0,0.0
31.84494582857571,0,0,0,0.0
31.852088685718567,0,0,0,0.0
31.858088685718567,0,0,0,0.0
31.865231542861423,0,0,0,0.0
31.871231542861423,0,0,0,0.0
31.87837440000428,0,0,0,0.0
31.88437440000428,0,0,0,0.0
31.891517257147136,0,0,0,0.0
31.897517257147136,0,0,0,0.0
31.904660114289992,0,0,0,0.0
31.910660114289993,0,0,0,0.0
31.91780297143285,0,0,0,0.0
31.92380297143285,0,0,0,0.0
31.930945828575705,0,0,0,0.0
31.936945828575706,0,0,0,0.0
31.94408868571856,0,0,0,0.0
31.950088685718562,0,0,0,0.0
31.957231542861418,0,0,0,0.0
31.96323154286142,0,0,0,0.0
31.970374400004275,0,0,0,0.0
31.976374400004275,0,0,0,0.0
31.98351725714713,0,0,0,0.0
31.98951725714713,0,0,0,0.0
31.996660114289988,0,0,0,0.0
32.00266011428999,0,0,0,0.0
32.00980297143285,0,0,0,0.0
32.01580297143285,0,0,0,0.0
32.02294582857571,0,0,0,0.0
32.02894582857571,0,0,0,0.0
32.03608868571857,0,0,0,0.0
32.04208868571857,0,0,0,0.0
32.04923154286143,0,0,0,0.0
32.05523154286143,0,0,0,0.0
32.06237440000429,0,0,0,0.0
32.06837440000429,0,0,0,0.0
32.07551725714715,0,0,0,0.0
32.08151725714715,0,0,0,0.0
32.08866011429001,0,0,0,0.0
32.09466011429001,0,0,0,0.0
32.10180297143287,0,0,0,0.0
32.10780297143287,0,0,0,0.0
32.11494582857573,0,0,0,0.0
32.12094582857573,0,0,0,0.0
32.12808868571859,0,0,0,0.0
32.13408868571859,0,0,0,0.0
32.14123154286145,0,0,0,0.0
32.14723154286145,0,0,0,0.0
32.15437440000431,0,0,0,0.0
32.16037440000431,0,0,0,0.0
32.16751725714717,0,0,0,0.0
32.17351725714717,0,0,0,0.0
32.18066011429003,0,0,0,0.0
32.18666011429003,0,0,0,0.0
32.19380297143289,0,0,0,0.0
32.19980297143289,0,0,0,0.0
32.20712004460362,0,0,0,0.0
32.21312004460362,0,0,0,0.0
32.22043711777435,0,0,0,0.0
32.22643711777435,0,0,0,0.0
32.233754190945085,0,0,0,0.0
32.239754190945085,0,0,0,0.0
32.24707126411582,0,0,0,0.0
32.25307126411582,0,0,0,0.0
32.26038833728655,0,0,0,0.0
32.26638833728655,0,0,0,0.0
32.27370541045728,0,0,0,0.0
32.27970541045728,0,0,0,0.0
32.287022483628014,0,0,0,0.0
32.293022483628015,0,0,0,0.0
32.30033955679875,0,0,0,0.0
32.30633955679875,0,0,0,0.0
32.31365662996948,0,0,0,0.0
32.31965662996948,0,0,0,0.0
32.32697370314021,0,0,0,0.0
32.33297370314021,0,0,0,0.0
32.340290776310944,0,0,0,0.0
32.346290776310944,0,0,0,0.0
32.353607849481676,0,0,0,0.0
32.35960784948168,0,0,0,0.0
32.36692492265241,0,0,0,0.0
32.37292492265241,0,0,0,0.0
32.38024199582314,0,0,0,0.0
32.38624199582314,0,0,0,0.0
32.39355906899387,0,0,0,0.0
32.399559068993874,0,0,0,0.0
32.406876142164606,0,0,0,0.0
32.412876142164606,0,0,0,0.0
32.42019321533534,0,0,0,0.0
32.42619321533534,0,0,0,0.0
32.43351028850607,0,0,0,0.0
32.43951028850607,0,0,0,0.0
32.4468273616768,0,0,0,0.0
32.4528273616768,0,0,0,0.0
32.460144434847535,0,0,0,0.0
32.466144434847536,0,0,0,0.0
32.47346150801827,0,0,0,0.0
32.47946150801827,0,0,0,0.0
32.486778581189,0,0,0,0.0
32.492778581189,0,0,0,0.0
32.50009565435973,0,0,0,0.0
32.50609565435973,0,0,0,0.0
32.513412727530465,0,0,0,0.0
32.519412727530465,0,0,0,0.0
32.5267298007012,0,0,0,0.0
32.5327298007012,0,0,0,0.0
32.54004687387193,0,0,0,0.0
32.54604687387193,0,0,0,0.0
32.55336394704266,0,0,0,0.0
32.55936394704266,0,0,0,0.0
32.566681020213395,0,0,0,0.0
32.572681020213395,0,0,0,0.0
32.57999809338413,0,0,0,0.0
32.58599809338413,0,0,0,0.0
32.59331516655486,0,0,0,0.0
32.59931516655486,0,0,0,0.0
32.60663223972559,0,0,0,0.0
32.61263223972559,0,0,0,0.0
32.619949312896324,0,0,0,0.0
32.625949312896324,0,0,0,0.0
32.633266386067056,0,0,0,0.0
32.63926638606706,0,0,0,0.0
32.64658345923779,0,0,0,0.0
32.65258345923779,0,0,0,0.0
32.65990053240852,0,0,0,0.0
32.66590053240852,0,0,0,0.0
32.673217605579254,0,0,0,0.0
32.679217605579254,0,0,0,0.0
32.686534678749986,0,0,0,0.0
32.692534678749986,0,0,0,0.0
32.69985175192072,0,0,0,0.0
32.70585175192072,0,0,0,0.0
32.71316882509145,0,0,0,0.0
32.71916882509145,0,0,0,0.0
32.72648589826218,0,0,0,0.0
32.73248589826218,0,0,0,0.0
32.739802971432916,0,0,0,0.0
32.745802971432916,0,0,0,0.0
32.75312004460365,0,0,0,0.0
32.75912004460365,0,0,0,0.0
32.76643711777438,0,0,0,0.0
32.77243711777438,0,0,0,0.0
32.77975419094511,0,0,0,0.0
32.78575419094511,0,0,0,0.0
32.793071264115845,0,0,0,0.0
32.799071264115845,0,0,0,0.0
32.80638833728658,0,0,0,0.0
32.81238833728658,0,0,0,0.0
32.81970541045731,0,0,0,0.0
32.82570541045731,0,0,0,0.0
32.83302248362804,0,0,0,0.0
32.83902248362804,0,0,0,0.0
32.846339556798775,0,0,0,0.0
32.852339556798775,0,0,0,0.0
32.85965662996951,0,0,0,0.0
32.86565662996951,0,0,0,0.0
32.87297370314024,0,0,0,0.0
32.87897370314024,0,0,0,0.0
32.88629077631097,0,0,0,0.0
32.89229077631097,0,0,0,0.0
32.899607849481704,0,0,0,0.0
32.905607849481704,0,0,0,0.0
32.91292492265244,0,0,0,0.0
32.91892492265244,0,0,0,0.0
32.92624199582317,0,0,0,0.0
32.93224199582317,0,0,0,0.0
32.9395590689939,0,0,0,0.0
32.9455590689939,0,0,0,0.0
32.9530590689939,0,0,0,0.0
32.9590590689939,0,0,0,0.0
32.9665590689939,0,0,0,0.0
32.9725590689939,0,0,0,0.0
32.9800590689939,0,0,0,0.0
32.9860590689939,0,0,0,0.0
32.9935590689939,0,0,0,0.0
32.999559068993904,0,0,0,0.0
33.007059068993904,0,0,0,0.0
33.013059068993904,0,0,0,0.0
33.020559068993904,0,0,0,0.0
33.026559068993905,0,0,0,0.0
33.034059068993905,0,0,0,0.0
33.040059068993905,0,0,0,0.0
33.047559068993905,0,0,0,0.0
33.053559068993906,0,0,0,0.0
33.061059068993906,0,0,0,0.0
33.067059068993906,0,0,0,0.0
33.074559068993906,0,0,0,0.0
33.08055906899391,0,0,0,0.0
33.08805906899391,0,0,0,0.0
33.09405906899391,0,0,0,0.0
33.10155906899391,0,0,0,0.0
33.10755906899391,0,0,0,0.0
33.11505906899391,0,0,0,0.0
33.12105906899391,0,0,0,0.0
33.12855906899391,0,0,0,0.0
33.13455906899391,0,0,0,0.0
33.14205906899391,0,0,0,0.0
33.14805906899391,0,0,0,0.0
33.15555906899391,0,0,0,0.0
33.16155906899391,0,0,0,0.0
33.16905906899391,0,0,0,0.0
33.17505906899391,0,0,0,0.0
33.18255906899391,0,0,0,0.0
33.18855906899391,0,0,0,0.0
33.19605906899391,0,0,0,0.0
33.20205906899391,0,0,0,0.0
33.20955906899391,0,0,0,0.0
33.21555906899391,0,0,0,0.0
33.22305906899391,0,0,0,0.0
33.22905906899391,0,0,0,0.0
33.23655906899391,0,0,0,0.0
33.24255906899391,0,0,0,0.0
33.25005906899391,0,0,0,0.0
33.25605906899391,0,0,0,0.0
33.263559068993914,0,0,0,0.0
33.269559068993914,0,0,0,0.0
33.277059068993914,0,0,0,0.0
33.283059068993914,0,0,0,0.0
33.290559068993915,0,0,0,0.0
33.296559068993915,0,0,0,0.0
33.304059068993915,0,0,0,0.0
33.310059068993915,0,0,0,0.0
33.317559068993916,0,0,0,0.0
33.323559068993916,0,0,0,0.0
33.331059068993916,0,0,0,0.0
33.337059068993916,0,0,0,0.0
33.34455906899392,0,0,0,0.0
33.35055906899392,0,0,0,0.0
33.35805906899392,0,0,0,0.0
33.36405906899392,0,0,0,0.0
33.37155906899392,0,0,0,0.0
33.37755906899392,0,0,0,0.0
33.38505906899392,0,0,0,0.0
33.39105906899392,0,0,0,0.0
33.39875137668623,0,0,0,0.0
33.40475137668623,0,0,0,0.0
33.41244368437854,0,0,0,0.0
33.41844368437854,0,0,0,0.0
33.42613599207085,0,0,0,0.0
33.43213599207085,0,0,0,0.0
33.43982829976316,0,0,0,0.0
33.44582829976316,0,0,0,0.0
33.45352060745547,0,0,0,0.0
33.45952060745547,0,0,0,0.0
33.467212915147776,0,0,0,0.0
33.473212915147776,0,0,0,0.0
33.480905222840086,0,0,0,0.0
33.486905222840086,0,0,0,0.0
33.494597530532396,0,0,0,0.0
33.500597530532396,0,0,0,0.0
33.508289838224705,0,0,0,0.0
33.514289838224705,0,0,0,0.0
33.521982145917015,0,0,0,0.0
33.527982145917015,0,0,0,0.0
33.535674453609325,0,0,0,0.0
33.541674453609325,0,0,0,0.0
33.549366761301634,0,0,0,0.0
33.555366761301634,0,0,0,0.0
33.563059068993944,0,0,0,0.0
33.569059068993944,0,0,0,0.0
33.57675137668625,0,0,0,0.0
33.582751376686254,0,0,0,0.0
33.59044368437856,0,0,0,0.0
33.59644368437856,0,0,0,0.0
33.60413599207087,0,0,0,0.0
33.61013599207087,0,0,0,0.0
33.61782829976318,0,0,0,0.0
33.62382829976318,0,0,0,0.0
33.63152060745549,0,0,0,0.0
33.63752060745549,0,0,0,0.0
33.6452129151478,0,0,0,0.0
33.6512129151478,0,0,0,0.0
33.65890522284011,0,0,0,0.0
33.66490522284011,0,0,0,0.0
33.672799959682216,0,0,0,0.0
33.678799959682216,0,0,0,0.0
33.68669469652432,0,0,0,0.0
33.69269469652432,0,0,0,0.0
33.700589433366424,0,0,0,0.0
33.706589433366425,0,0,0,0.0
33.71448417020853,0,0,0,0.0
33.72048417020853,0,0,0,0.0
33.72837890705063,0,0,0,0.0
33.73437890705063,0,0,0,0.0
33.74227364389274,0,0,0,0.0
33.74827364389274,0,0,0,0.0
33.75616838073484,0,0,0,0.0
33.76216838073484,0,0,0,0.0
33.770063117576946,0,0,0,0.0
33.776063117576946,0,0,0,0.0
33.78395785441905,0,0,0,0.0
33.78995785441905,0,0,0,0.0
33.797852591261154,0,0,0,0.0
33.803852591261155,0,0,0,0.0
33.81174732810326,0,0,0,0.0
33.81774732810326,0,0,0,0.0
33.82564206494536,0,0,0,0.0
33.83164206494536,0,0,0,0.0
33.839750173053474,0,0,0,0.0
33.845750173053474,0,0,0,0.0
33.853858281161585,0,0,0,0.0
33.859858281161586,0,0,0,0.0
33.8679663892697,0,0,0,0.0
33.8739663892697,0,0,0,0.0
33.88207449737781,0,0,0,0.0
33.88807449737781,0,0,0,0.0
33.89618260548592,0,0,0,0.0
33.90218260548592,0,0,0,0.0
33.91029071359403,0,0,0,0.0
33.91629071359403,0,0,0,0.0
33.92439882170214,0,0,0,0.0
33.93039882170214,0,0,0,0.0
33.93850692981025,0,0,0,0.0
33.94450692981025,0,0,0,0.0
33.95261503791836,0,0,0,0.0
33.958615037918364,0,0,0,0.0
33.966723146026474,0,0,0,0.0
33.972723146026475,0,0,0,0.0
33.980831254134586,0,0,0,0.0
33.986831254134586,0,0,0,0.0
33.9949393622427,0,0,0,0.0
34.0009393622427,0,0,0,0.0
34.00904747035081,0,0,0,0.0
34.01504747035081,0,0,0,0.0
34.02315557845892,0,0,0,0.0
34.02915557845892,0,0,0,0.0
34.03726368656703,0,0,0,0.0
34.04326368656703,0,0,0,0.0
34.05137179467514,0,0,0,0.0
34.05737179467514,0,0,0,0.0
34.06547990278325,0,0,0,0.0
34.07147990278325,0,0,0,0.0
34.079588010891364,0,0,0,0.0
34.085588010891364,0,0,0,0.0
34.093696118999475,0,0,0,0.0
34.099696118999475,0,0,0,0.0
34.107804227107586,0,0,0,0.0
34.113804227107586,0,0,0,0.0
34.1219123352157,0,0,0,0.0
34.1279123352157,0,0,0,0.0
34.13602044332381,0,0,0,0.0
34.14202044332381,0,0,0,0.0
34.15012855143192,0,0,0,0.0
34.15612855143192,0,0,0,0.0
34.16423665954003,0,0,0,0.0
34.17023665954003,0,0,0,0.0
34.17834476764814,0,0,0,0.0
34.18434476764814,0,0,0,0.0
34.19245287575625,0,0,0,0.0
34.19845287575625,0,0,0,0.0
34.206560983864364,0,0,0,0.0
34.212560983864364,0,0,0,0.0
34.220669091972475,0,0,0,0.0
34.226669091972475,0,0,0,0.0
34.234777200080586,0,0,0,0.0
34.240777200080586,0,0,0,0.0
34.2488853081887,0,0,0,0.0
34.2548853081887,0,0,0,0.0
34.26299341629681,0,0,0,0.0
34.26899341629681,0,0,0,0.0
34.27710152440492,0,0,0,0.0
34.28310152440492,0,0,0,0.0
34.29120963251303,0,0,0,0.0
34.29720963251303,0,0,0,0.0
34.305542965846364,0,0,0,0.0
34.311542965846364,0,0,0,0.0
34.3198762991797,0,0,0,0.0
34.3258762991797,0,0,0,0.0
34.33420963251303,0,0,0,0.0
34.34020963251303,0,0,0,0.0
34.34854296584636,0,0,0,0.0
34.35454296584636,0,0,0,0.0
34.362876299179696,0,0,0,0.0
34.368876299179696,0,0,0,0.0
34.37720963251303,0,0,0,0.0
34.38320963251303,0,0,0,0.0
34.39154296584636,0,0,0,0.0
34.39754296584636,0,0,0,0.0
34.405876299179695,0,0,0,0.0
34.411876299179696,0,0,0,0.0
34.42020963251303,0,0,0,0.0
34.42620963251303,0,0,0,0.0
34.43454296584636,0,0,0,0.0
34.44054296584636,0,0,0,0.0
34.448876299179695,0,0,0,0.0
34.454876299179695,0,0,0,0.0
34.46320963251303,0,0,0,0.0
34.46920963251303,0,0,0,0.0
34.47754296584636,0,0,0,0.0
34.48354296584636,0,0,0,0.0
34.491876299179694,0,0,0,0.0
34.497876299179694,0,0,0,0.0
34.50620963251303,0,0,0,0.0
34.51220963251303,0,0,0,0.0
34.52054296584636,0,0,0,0.0
34.52654296584636,0,0,0,0.0
34.53487629917969,0,0,0,0.0
34.54087629917969,0,0,0,0.0
34.549209632513026,0,0,0,0.0
34.55520963251303,0,0,0,0.0
34.56354296584636,0,0,0,0.0
34.56954296584636,0,0,0,0.0
34.57787629917969,0,0,0,0.0
34.58387629917969,0,0,0,0.0
34.592209632513025,0,0,0,0.0
34.598209632513026,0,0,0,0.0
34.60654296584636,0,0,0,0.0
34.61254296584636,0,0,0,0.0
34.62087629917969,0,0,0,0.0
34.62687629917969,0,0,0,0.0
34.635209632513025,0,0,0,0.0
34.641209632513025,0,0,0,0.0
34.64954296584636,0,0,0,0.0
34.65554296584636,0,0,0,0.0
34.66387629917969,0,0,0,0.0
34.66987629917969,0,0,0,0.0
34.678209632513024,0,0,0,0.0
34.684209632513024,0,0,0,0.0
34.69254296584636,0,0,0,0.0
34.69854296584636,0,0,0,0.0
34.70687629917969,0,0,0,0.0
34.71287629917969,0,0,0,0.0
34.72120963251302,0,0,0,0.0
34.72720963251302,0,0,0,0.0
34.735542965846356,0,0,0,0.0
34.74154296584636,0,0,0,0.0
34.74987629917969,0,0,0,0.0
34.75587629917969,0,0,0,0.0
34.76420963251302,0,0,0,0.0
34.77020963251302,0,0,0,0.0
34.778542965846356,0,0,0,0.0
34.784542965846356,0,0,0,0.0
34.79287629917969,0,0,0,0.0
34.79887629917969,0,0,0,0.0
34.80720963251302,0,0,0,0.0
34.81320963251302,0,0,0,0.0
34.821542965846355,0,0,0,0.0
34.827542965846355,0,0,0,0.0
34.83587629917969,0,0,0,0.0
34.84187629917969,0,0,0,0.0
34.85020963251302,0,0,0,0.0
34.85620963251302,0,0,0,0.0
34.864542965846354,0,0,0,0.0
34.870542965846354,0,0,0,0.0
34.87887629917969,0,0,0,0.0
34.88487629917969,0,0,0,0.0
34.89320963251302,0,0,0,0.0
34.89920963251302,0,0,0,0.0
34.90754296584635,0,0,0,0.0
34.913542965846354,0,0,0,0.0
34.92211439441778,0,0,0,0.0
34.92811439441778,0,0,0,0.0
34.93668582298921,0,0,0,0.0
34.94268582298921,0,0,0,0.0
34.95125725156064,0,0,0,0.0
34.95725725156064,0,0,0,0.0
34.96582868013207,0,0,0,0.0
34.97182868013207,0,0,0,0.0
34.9804001087035,0,0,0,0.0
34.9864001087035,0,0,0,0.0
34.99497153727493,0,0,0,0.0
35.00097153727493,0,0,0,0.0
35.00954296584636,0,0,0,0.0
35.01554296584636,0,0,0,0.0
35.024114394417786,0,0,0,0.0
35.03011439441779,0,0,0,0.0
35.038685822989216,0,0,0,0.0
35.044685822989216,0,0,0,0.0
35.053257251560645,0,0,0,0.0
35.059257251560645,0,0,0,0.0
35.067828680132074,0,0,0,0.0
35.073828680132074,0,0,0,0.0
35.0824001087035,0,0,0,0.0
35.0884001087035,0,0,0,0.0
35.09697153727493,0,0,0,0.0
35.10297153727493,0,0,0,0.0
35.11154296584636,0,0,0,0.0
35.11754296584636,0,0,0,0.0
35.12611439441779,0,0,0,0.0
35.13211439441779,0,0,0,0.0
35.14068582298922,0,0,0,0.0
35.14668582298922,0,0,0,0.0
35.15525725156065,0,0,0,0.0
35.16125725156065,0,0,0,0.0
35.16982868013208,0,0,0,0.0
35.17582868013208,0,0,0,0.0
35.18440010870351,0,0,0,0.0
35.19040010870351,0,0,0,0.0
35.19922363811527,0,0,0,0.0
35.20522363811527,0,0,0,0.0
35.214047167527035,0,0,0,0.0
35.220047167527035,0,0,0,0.0
35.2288706969388,0,0,0,0.0
35.2348706969388,0,0,0,0.0
35.24369422635056,0,0,0,0.0
35.24969422635056,0,0,0,0.0
35.25878513544147,0,0,0,0.0
35.26478513544147,0,0,0,0.0
35.27387604453238,0,0,0,0.0
35.27987604453238,0,0,0,0.0
35.28896695362329,0,0,0,0.0
35.29496695362329,0,0,0,0.0
35.304057862714195,0,0,0,0.0
35.310057862714196,0,0,0,0.0
35.319148771805104,0,0,0,0.0
35.325148771805104,0,0,0,0.0
35.33423968089601,0,0,0,0.0
35.34023968089601,0,0,0,0.0
35.34933058998692,0,0,0,0.0
35.35533058998692,0,0,0,0.0
35.36442149907783,0,0,0,0.0
35.37042149907783,0,0,0,0.0
35.379512408168736,0,0,0,0.0
35.385512408168736,0,0,0,0.0
35.394603317259644,0,0,0,0.0
35.400603317259645,0,0,0,0.0
35.40969422635055,0,0,0,0.0
35.41569422635055,0,0,0,0.0
35.42478513544146,0,0,0,0.0
35.43078513544146,0,0,0,0.0
35.43987604453237,0,0,0,0.0
35.44587604453237,0,0,0,0.0
35.45525104453237,0,0,0,0.0
35.46125104453237,0,0,0,0.0
35.47062604453237,0,0,0,0.0
35.47662604453237,0,0,0,0.0
35.486001044532365,0,0,0,0.0
35.492001044532365,0,0,0,0.0
35.501376044532364,0,0,0,0.0
35.507376044532364,0,0,0,0.0
35.51675104453236,0,0,0,0.0
35.52275104453236,0,0,0,0.0
35.53212604453236,0,0,0,0.0
35.53812604453236,0,0,0,0.0
35.54750104453236,0,0,0,0.0
35.55350104453236,0,0,0,0.0
35.56287604453236,0,0,0,0.0
35.56887604453236,0,0,0,0.0
35.57825104453236,0,0,0,0.0
35.58425104453236,0,0,0,0.0
35.59362604453236,0,0,0,0.0
35.59962604453236,0,0,0,0.0
35.609001044532356,0,0,0,0.0
35.615001044532356,0,0,0,0.0
35.624376044532355,0,0,0,0.0
35.630376044532355,0,0,0,0.0
35.63975104453235,0,0,0,0.0
35.64575104453235,0,0,0,0.0
35.65512604453235,0,0,0,0.0
35.66112604453235,0,0,0,0.0
35.67050104453235,0,0,0,0.0
35.67650104453235,0,0,0,0.0
35.68587604453235,0,0,0,0.0
35.69187604453235,0,0,0,0.0
35.70125104453235,0,0,0,0.0
35.70725104453235,0,0,0,0.0
35.71662604453235,0,0,0,0.0
35.72262604453235,0,0,0,0.0
35.732001044532346,0,0,0,0.0
35.738001044532346,0,0,0,0.0
35.747376044532345,0,0,0,0.0
35.753376044532345,0,0,0,0.0
35.762751044532344,0,0,0,0.0
35.768751044532344,0,0,0,0.0
35.77812604453234,0,0,0,0.0
35.78412604453234,0,0,0,0.0
35.79350104453234,0,0,0,0.0
35.79950104453234,0,0,0,0.0
35.80887604453234,0,0,0,0.0
35.81487604453234,0,0,0,0.0
35.82425104453234,0,0,0,0.0
35.83025104453234,0,0,0,0.0
35.83962604453234,0,0,0,0.0
35.84562604453234,0,0,0,0.0
35.85500104453234,0,0,0,0.0
35.86100104453234,0,0,0,0.0
35.870376044532335,0,0,0,0.0
35.876376044532336,0,0,0,0.0
35.885751044532334,0,0,0,0.0
35.891751044532334,0,0,0,0.0
35.90112604453233,0,0,0,0.0
35.90712604453233,0,0,0,0.0
35.91650104453233,0,0,0,0.0
35.92250104453233,0,0,0,0.0
35.93187604453233,0,0,0,0.0
35.93787604453233,0,0,0,0.0
35.94725104453233,0,0,0,0.0
35.95325104453233,0,0,0,0.0
35.96262604453233,0,0,0,0.0
35.96862604453233,0,0,0,0.0
35.97800104453233,0,0,0,0.0
35.98400104453233,0,0,0,0.0
35.993376044532326,0,0,0,0.0
35.999376044532326,0,0,0,0.0
36.008751044532325,0,0,0,0.0
36.014751044532325,0,0,0,0.0
36.02412604453232,0,0,0,0.0
36.030126044532324,0,0,0,0.0
36.03950104453232,0,0,0,0.0
36.04550104453232,0,0,0,0.0
36.05487604453232,0,0,0,0.0
36.06087604453232,0,0,0,0.0
36.07025104453232,0,0,0,0.0
36.07625104453232,0,0,0,0.0
36.08562604453232,0,0,0,0.0
36.09162604453232,0,0,0,0.0
36.10100104453232,0,0,0,0.0
36.10700104453232,0,0,0,0.0
36.116376044532316,0,0,0,0.0
36.12237604453232,0,0,0,0.0
36.131751044532315,0,0,0,0.0
36.137751044532315,0,0,0,0.0
36.147126044532314,0,0,0,0.0
36.153126044532314,0,0,0,0.0
36.16250104453231,0,0,0,0.0
36.16850104453231,0,0,0,0.0
36.17817846388715,0,0,0,0.0
36.18417846388715,0,0,0,0.0
36.19385588324199,0,0,0,0.0
36.19985588324199,0,0,0,0.0
36.209533302596824,0,0,0,0.0
36.215533302596825,0,0,0,0.0
36.22521072195166,0,0,0,0.0
36.23121072195166,0,0,0,0.0
36.2408881413065,0,0,0,0.0
36.2468881413065,0,0,0,0.0
36.256565560661336,0,0,0,0.0
36.262565560661336,0,0,0,0.0
36.27224298001617,0,0,0,0.0
36.278242980016174,0,0,0,0.0
36.28792039937101,0,0,0,0.0
36.29392039937101,0,0,0,0.0
36.30359781872585,0,0,0,0.0
36.30959781872585,0,0,0,0.0
36.319275238080685,0,0,0,0.0
36.325275238080685,0,0,0,0.0
36.33495265743552,0,0,0,0.0
36.34095265743552,0,0,0,0.0
36.35063007679036,0,0,0,0.0
36.35663007679036,0,0,0,0.0
36.3663074961452,0,0,0,0.0
36.3723074961452,0,0,0,0.0
36.381984915500034,0,0,0,0.0
36.387984915500034,0,0,0,0.0
36.39766233485487,0,0,0,0.0
36.40366233485487,0,0,0,0.0
36.41333975420971,0,0,0,0.0
36.41933975420971,0,0,0,0.0
36.429017173564546,0,0,0,0.0
36.435017173564546,0,0,0,0.0
36.44469459291938,0,0,0,0.0
36.45069459291938,0,0,0,0.0
36.46037201227422,0,0,0,0.0
36.46637201227422,0,0,0,0.0
36.47604943162906,0,0,0,0.0
36.48204943162906,0,0,0,0.0
36.492049431629056,0,0,0,0.0
36.498049431629056,0,0,0,0.0
36.508049431629054,0,0,0,0.0
36.514049431629054,0,0,0,0.0
36.52404943162905,0,0,0,0.0
36.53004943162905,0,0,0,0.0
36.54004943162905,0,0,0,0.0
36.54604943162905,0,0,0,0.0
36.55604943162905,0,0,0,0.0
36.56204943162905,0,0,0,0.0
36.57204943162905,0,0,0,0.0
36.57804943162905,0,0,0,0.0
36.588049431629045,0,0,0,0.0
36.594049431629045,0,0,0,0.0
36.60404943162904,0,0,0,0.0
36.610049431629044,0,0,0,0.0
36.62004943162904,0,0,0,0.0
36.62604943162904,0,0,0,0.0
36.63604943162904,0,0,0,0.0
36.64204943162904,0,0,0,0.0
36.65204943162904,0,0,0,0.0
36.65804943162904,0,0,0,0.0
36.668049431629036,0,0,0,0.0
36.67404943162904,0,0,0,0.0
36.684049431629035,0,0,0,0.0
36.690049431629035,0,0,0,0.0
36.70004943162903,0,0,0,0.0
36.70604943162903,0,0,0,0.0
36.71604943162903,0,0,0,0.0
36.72204943162903,0,0,0,0.0
36.73204943162903,0,0,0,0.0
36.73804943162903,0,0,0,0.0
36.74804943162903,0,0,0,0.0
36.75404943162903,0,0,0,0.0
36.764049431629026,0,0,0,0.0
36.770049431629026,0,0,0,0.0
36.780049431629024,0,0,0,0.0
36.786049431629024,0,0,0,0.0
36.79604943162902,0,0,0,0.0
36.80204943162902,0,0,0,0.0
36.81204943162902,0,0,0,0.0
36.81804943162902,0,0,0,0.0
36.82804943162902,0,0,0,0.0
36.83404943162902,0,0,0,0.0
36.84404943162902,0,0,0,0.0
36.85004943162902,0,0,0,0.0
36.860049431629015,0,0,0,0.0
36.866049431629015,0,0,0,0.0
36.87604943162901,0,0,0,0.0
36.882049431629014,0,0,0,0.0
36.89204943162901,0,0,0,0.0
36.89804943162901,0,0,0,0.0
36.90804943162901,0,0,0,0.0
36.91404943162901,0,0,0,0.0
36.92404943162901,0,0,0,0.0
36.93004943162901,0,0,0,0.0
36.94004943162901,0,0,0,0.0
36.94604943162901,0,0,0,0.0
36.956049431629005,0,0,0,0.0
36.962049431629005,0,0,0,0.0
36.972049431629,0,0,0,0.0
36.978049431629,0,0,0,0.0
36.988049431629,0,0,0,0.0
36.994049431629,0,0,0,0.0
37.004049431629,0,0,0,0.0
37.010049431629,0,0,0,0.0
37.020049431629,0,0,0,0.0
37.026049431629,0,0,0,0.0
37.036049431628996,0,0,0,0.0
37.042049431628996,0,0,0,0.0
37.052049431628994,0,0,0,0.0
37.058049431628994,0,0,0,0.0
37.06804943162899,0,0,0,0.0
37.07404943162899,0,0,0,0.0
37.08404943162899,0,0,0,0.0
37.09004943162899,0,0,0,0.0
37.10004943162899,0,0,0,0.0
37.10604943162899,0,0,0,0.0
37.11604943162899,0,0,0,0.0
37.12204943162899,0,0,0,0.0
37.132049431628985,0,0,0,0.0
37.138049431628986,0,0,0,0.0
37.14804943162898,0,0,0,0.0
37.154049431628984,0,0,0,0.0
37.16404943162898,0,0,0,0.0
37.17004943162898,0,0,0,0.0
37.18004943162898,0,0,0,0.0
37.18604943162898,0,0,0,0.0
37.19604943162898,0,0,0,0.0
37.20204943162898,0,0,0,0.0
37.21204943162898,0,0,0,0.0
37.21804943162898,0,0,0,0.0
37.228049431628975,0,0,0,0.0
37.234049431628975,0,0,0,0.0
37.24404943162897,0,0,0,0.0
37.25004943162897,0,0,0,0.0
37.26004943162897,0,0,0,0.0
37.26604943162897,0,0,0,0.0
37.27604943162897,0,0,0,0.0
37.28204943162897,0,0,0,0.0
37.29204943162897,0,0,0,0.0
37.29804943162897,0,0,0,0.0
37.308049431628966,0,0,0,0.0
37.314049431628966,0,0,0,0.0
37.324049431628964,0,0,0,0.0
37.330049431628964,0,0,0,0.0
37.34004943162896,0,0,0,0.0
37.34604943162896,0,0,0,0.0
37.35604943162896,0,0,0,0.0
37.36204943162896,0,0,0,0.0
37.37204943162896,0,0,0,0.0
37.37804943162896,0,0,0,0.0
37.38804943162896,0,0,0,0.0
37.39404943162896,0,0,0,0.0
37.404049431628955,0,0,0,0.0
37.410049431628956,0,0,0,0.0
37.420049431628954,0,0,0,0.0
37.426049431628954,0,0,0,0.0
37.43604943162895,0,0,0,0.0
37.44204943162895,0,0,0,0.0
37.45204943162895,0,0,0,0.0
37.45804943162895,0,0,0,0.0
37.46804943162895,0,0,0,0.0
37.47404943162895,0,0,0,0.0
37.48404943162895,0,0,0,0.0
37.49004943162895,0,0,0,0.0
37.500049431628945,0,0,0,0.0
37.506049431628945,0,0,0,0.0
37.51604943162894,0,0,0,0.0
37.52204943162894,0,0,0,0.0
37.53204943162894,0,0,0,0.0
37.53804943162894,0,0,0,0.0
37.54804943162894,0,0,0,0.0
37.55404943162894,0,0,0,0.0
37.56404943162894,0,0,0,0.0
37.57004943162894,0,0,0,0.0
37.580049431628936,0,0,0,0.0
37.586049431628936,0,0,0,0.0
37.596049431628934,0,0,0,0.0
37.602049431628934,0,0,0,0.0
37.61204943162893,0,0,0,0.0
37.61804943162893,0,0,0,0.0
37.62804943162893,0,0,0,0.0
37.63404943162893,0,0,0,0.0
37.64404943162893,0,0,0,0.0
37.65004943162893,0,0,0,0.0
37.66004943162893,0,0,0,0.0
37.66604943162893,0,0,0,0.0
37.676049431628925,0,0,0,0.0
37.682049431628926,0,0,0,0.0
37.692049431628924,0,0,0,0.0
37.698049431628924,0,0,0,0.0
37.70804943162892,0,0,0,0.0
37.71404943162892,0,0,0,0.0
37.72404943162892,0,0,0,0.0
37.73004943162892,0,0,0,0.0
37.74004943162892,0,0,0,0.0
37.74604943162892,0,0,0,0.0
37.75604943162892,0,0,0,0.0
37.76204943162892,0,0,0,0.0
37.772049431628915,0,0,0,0.0
37.778049431628915,0,0,0,0.0
37.78804943162891,0,0,0,0.0
37.79404943162891,0,0,0,0.0
37.80404943162891,0,0,0,0.0
37.81004943162891,0,0,0,0.0
37.82004943162891,0,0,0,0.0
37.82604943162891,0,0,0,0.0
37.83604943162891,0,0,0,0.0
37.84204943162891,0,0,0,0.0
37.852049431628906,0,0,0,0.0
37.858049431628906,0,0,0,0.0
37.868049431628904,0,0,0,0.0
37.874049431628904,0,0,0,0.0
37.8840494316289,0,0,0,0.0
37.8900494316289,0,0,0,0.0
37.9000494316289,0,0,0,0.0
37.9060494316289,0,0,0,0.0
37.9160494316289,0,0,0,0.0
37.9220494316289,0,0,0,0.0
37.9320494316289,0,0,0,0.0
37.9380494316289,0,0,0,0.0
37.948049431628895,0,0,0,0.0
37.954049431628896,0,0,0,0.0
37.964049431628894,0,0,0,0.0
37.970049431628894,0,0,0,0.0
37.98004943162889,0,0,0,0.0
37.98604943162889,0,0,0,0.0
37.99604943162889,0,0,0,0.0
38.00204943162889,0,0,0,0.0
38.01204943162889,0,0,0,0.0
38.01804943162889,0,0,0,0.0
38.02804943162889,0,0,0,0.0
38.03404943162889,0,0,0,0.0
38.044049431628885,0,0,0,0.0
38.050049431628885,0,0,0,0.0
38.06004943162888,0,0,0,0.0
38.06604943162888,0,0,0,0.0
38.07604943162888,0,0,0,0.0
38.08204943162888,0,0,0,0.0
38.09204943162888,0,0,0,0.0
38.09804943162888,0,0,0,0.0
38.10804943162888,0,0,0,0.0
38.11404943162888,0,0,0,0.0
38.124049431628876,0,0,0,0.0
38.130049431628876,0,0,0,0.0
38.140049431628874,0,0,0,0.0
38.146049431628875,0,0,0,0.0
38.15604943162887,0,0,0,0.0
38.16204943162887,0,0,0,0.0
38.17204943162887,0,0,0,0.0
38.17804943162887,0,0,0,0.0
38.18804943162887,0,0,0,0.0
38.19404943162887,0,0,0,0.0
38.20404943162887,0,0,0,0.0
38.21004943162887,0,0,0,0.0
38.220049431628865,0,0,0,0.0
38.226049431628866,0,0,0,0.0
38.236049431628864,0,0,0,0.0
38.242049431628864,0,0,0,0.0
38.25204943162886,0,0,0,0.0
38.25804943162886,0,0,0,0.0
38.26804943162886,0,0,0,0.0
38.27404943162886,0,0,0,0.0
38.28404943162886,0,0,0,0.0
38.29004943162886,0,0,0,0.0
38.30004943162886,0,0,0,0.0
38.30604943162886,0,0,0,0.0
38.316049431628855,0,0,0,0.0
38.322049431628855,0,0,0,0.0
38.33204943162885,0,0,0,0.0
38.33804943162885,0,0,0,0.0
38.34804943162885,0,0,0,0.0
38.35404943162885,0,0,0,0.0
38.36404943162885,0,0,0,0.0
38.37004943162885,0,0,0,0.0
38.38004943162885,0,0,0,0.0
38.38604943162885,0,0,0,0.0
38.396049431628846,0,0,0,0.0
38.402049431628846,0,0,0,0.0
38.412049431628844,0,0,0,0.0
38.418049431628845,0,0,0,0.0
38.42804943162884,0,0,0,0.0
38.43404943162884,0,0,0,0.0
38.44404943162884,0,0,0,0.0
38.45004943162884,0,0,0,0.0
38.46004943162884,0,0,0,0.0
38.46604943162884,0,0,0,0.0
38.47604943162884,0,0,0,0.0
38.48204943162884,0,0,0,0.0
38.492049431628836,0,0,0,0.0
38.498049431628836,0,0,0,0.0
38.508049431628834,0,0,0,0.0
38.514049431628834,0,0,0,0.0
38.52404943162883,0,0,0,0.0
38.53004943162883,0,0,0,0.0
38.54004943162883,0,0,0,0.0
38.54604943162883,0,0,0,0.0
38.55604943162883,0,0,0,0.0
38.56204943162883,0,0,0,0.0
38.57204943162883,0,0,0,0.0
38.57804943162883,0,0,0,0.0
38.588049431628825,0,0,0,0.0
38.594049431628825,0,0,0,0.0
38.60404943162882,0,0,0,0.0
38.61004943162882,0,0,0,0.0
38.62004943162882,0,0,0,0.0
38.62604943162882,0,0,0,0.0
38.63604943162882,0,0,0,0.0
38.64204943162882,0,0,0,0.0
38.65204943162882,0,0,0,0.0
38.65804943162882,0,0,0,0.0
38.668049431628816,0,0,0,0.0
38.674049431628816,0,0,0,0.0
38.684049431628814,0,0,0,0.0
38.690049431628815,0,0,0,0.0
38.70004943162881,0,0,0,0.0
38.70604943162881,0,0,0,0.0
38.71604943162881,0,0,0,0.0
38.72204943162881,0,0,0,0.0
38.73204943162881,0,0,0,0.0
38.73804943162881,0,0,0,0.0
38.74804943162881,0,0,0,0.0
38.75404943162881,0,0,0,0.0
38.764049431628806,0,0,0,0.0
38.770049431628806,0,0,0,0.0
38.780049431628804,0,0,0,0.0
38.786049431628804,0,0,0,0.0
38.7960494316288,0,0,0,0.0
38.8020494316288,0,0,0,0.0
38.8120494316288,0,0,0,0.0
38.8180494316288,0,0,0,0.0
38.8280494316288,0,0,0,0.0
38.8340494316288,0,0,0,0.0
38.8440494316288,0,0,0,0.0
38.8500494316288,0,0,0,0.0
38.860049431628795,0,0,0,0.0
38.866049431628795,0,0,0,0.0
38.87604943162879,0,0,0,0.0
38.88204943162879,0,0,0,0.0
38.89204943162879,0,0,0,0.0
38.89804943162879,0,0,0,0.0
38.90804943162879,0,0,0,0.0
38.91404943162879,0,0,0,0.0
38.92404943162879,0,0,0,0.0
38.93004943162879,0,0,0,0.0
38.940049431628786,0,0,0,0.0
38.946049431628786,0,0,0,0.0
38.956049431628784,0,0,0,0.0
38.962049431628785,0,0,0,0.0
38.97204943162878,0,0,0,0.0
38.97804943162878,0,0,0,0.0
38.98804943162878,0,0,0,0.0
38.99404943162878,0,0,0,0.0
39.00404943162878,0,0,0,0.0
39.01004943162878,0,0,0,0.0
39.02004943162878,0,0,0,0.0
39.02604943162878,0,0,0,0.0
39.036049431628776,0,0,0,0.0
39.042049431628776,0,0,0,0.0
39.052049431628774,0,0,0,0.0
39.058049431628774,0,0,0,0.0
39.06804943162877,0,0,0,0.0
39.07404943162877,0,0,0,0.0
39.08404943162877,0,0,0,0.0
39.09004943162877,0,0,0,0.0
39.10004943162877,0,0,0,0.0
39.10604943162877,0,0,0,0.0
39.11604943162877,0,0,0,0.0
39.12204943162877,0,0,0,0.0
39.132049431628765,0,0,0,0.0
39.138049431628765,0,0,0,0.0
39.14804943162876,0,0,0,0.0
39.15404943162876,0,0,0,0.0
39.16404943162876,0,0,0,0.0
39.17004943162876,0,0,0,0.0
39.18004943162876,0,0,0,0.0
39.18604943162876,0,0,0,0.0
39.19604943162876,0,0,0,0.0
39.20204943162876,0,0,0,0.0
39.212049431628756,0,0,0,0.0
39.21804943162876,0,0,0,0.0
39.228049431628754,0,0,0,0.0
39.234049431628755,0,0,0,0.0
39.24404943162875,0,0,0,0.0
39.25004943162875,0,0,0,0.0
39.26004943162875,0,0,0,0.0
39.26604943162875,0,0,0,0.0
39.27604943162875,0,0,0,0.0
39.28204943162875,0,0,0,0.0
39.29204943162875,0,0,0,0.0
39.29804943162875,0,0,0,0.0
39.308049431628746,0,0,0,0.0
39.314049431628746,0,0,0,0.0
39.324049431628744,0,0,0,0.0
39.330049431628744,0,0,0,0.0
39.34004943162874,0,0,0,0.0
39.34604943162874,0,0,0,0.0
39.35604943162874,0,0,0,0.0
39.36204943162874,0,0,0,0.0
39.37204943162874,0,0,0,0.0
39.37804943162874,0,0,0,0.0
39.38804943162874,0,0,0,0.0
39.39404943162874,0,0,0,0.0
39.404049431628735,0,0,0,0.0
39.410049431628735,0,0,0,0.0
39.42004943162873,0,0,0,0.0
39.42604943162873,0,0,0,0.0
39.43604943162873,0,0,0,0.0
39.44204943162873,0,0,0,0.0
39.45204943162873,0,0,0,0.0
39.45804943162873,0,0,0,0.0
39.46804943162873,0,0,0,0.0
39.47404943162873,0,0,0,0.0
39.484049431628726,0,0,0,0.0
39.49004943162873,0,0,0,0.0
39.500049431628725,0,0,0,0.0
39.506049431628725,0,0,0,0.0
39.51604943162872,0,0,0,0.0
39.52204943162872,0,0,0,0.0
39.53204943162872,0,0,0,0.0
39.53804943162872,0,0,0,0.0
39.54804943162872,0,0,0,0.0
39.55404943162872,0,0,0,0.0
39.56404943162872,0,0,0,0.0
39.57004943162872,0,0,0,0.0
39.580049431628716,0,0,0,0.0
39.586049431628716,0,0,0,0.0
39.596049431628714,0,0,0,0.0
39.602049431628714,0,0,0,0.0
39.61204943162871,0,0,0,0.0
39.61804943162871,0,0,0,0.0
39.62804943162871,0,0,0,0.0
39.63404943162871,0,0,0,0.0
39.64404943162871,0,0,0,0.0
39.65004943162871,0,0,0,0.0
39.66004943162871,0,0,0,0.0
39.66604943162871,0,0,0,0.0
39.676049431628705,0,0,0,0.0
39.682049431628705,0,0,0,0.0
39.6920494316287,0,0,0,0.0
39.698049431628704,0,0,0,0.0
39.7080494316287,0,0,0,0.0
39.7140494316287,0,0,0,0.0
39.7240494316287,0,0,0,0.0
39.7300494316287,0,0,0,0.0
39.7400494316287,0,0,0,0.0
39.7460494316287,0,0,0,0.0
39.756049431628696,0,0,0,0.0
39.7620494316287,0,0,0,0.0
39.772049431628695,0,0,0,0.0
39.778049431628695,0,0,0,0.0
39.78804943162869,0,0,0,0.0
39.79404943162869,0,0,0,0.0
39.80404943162869,0,0,0,0.0
39.81004943162869,0,0,0,0.0
39.82004943162869,0,0,0,0.0
39.82604943162869,0,0,0,0.0
39.83604943162869,0,0,0,0.0
39.84204943162869,0,0,0,0.0
39.852049431628686,0,0,0,0.0
39.858049431628686,0,0,0,0.0
39.868049431628684,0,0,0,0.0
39.874049431628684,0,0,0,0.0
39.88404943162868,0,0,0,0.0
39.89004943162868,0,0,0,0.0
39.90004943162868,0,0,0,0.0
39.90604943162868,0,0,0,0.0
39.91604943162868,0,0,0,0.0
39.92204943162868,0,0,0,0.0
39.93204943162868,0,0,0,0.0
39.93804943162868,0,0,0,0.0
39.948049431628675,0,0,0,0.0
39.954049431628675,0,0,0,0.0
39.96404943162867,0,0,0,0.0
39.970049431628674,0,0,0,0.0
39.98004943162867,0,0,0,0.0
39.98604943162867,0,0,0,0.0
39.99604943162867,0,0,0,0.0
40.00204943162867,0,0,0,0.0
40.01204943162867,0,0,0,0.0
40.01804943162867,0,0,0,0.0
40.028049431628666,0,0,0,0.0
40.03404943162867,0,0,0,0.0
40.044049431628665,0,0,0,0.0
40.050049431628665,0,0,0,0.0
40.06004943162866,0,0,0,0.0
40.06604943162866,0,0,0,0.0
40.07604943162866,0,0,0,0.0
40.08204943162866,0,0,0,0.0
40.09204943162866,0,0,0,0.0
40.09804943162866,0,0,0,0.0
40.10804943162866,0,0,0,0.0
40.11404943162866,0,0,0,0.0
40.124049431628656,0,0,0,0.0
40.130049431628656,0,0,0,0.0
40.140049431628654,0,0,0,0.0
40.146049431628654,0,0,0,0.0
40.15604943162865,0,0,0,0.0
40.16204943162865,0,0,0,0.0
40.17204943162865,0,0,0,0.0
40.17804943162865,0,0,0,0.0
40.18804943162865,0,0,0,0.0
40.19404943162865,0,0,0,0.0
40.20404943162865,0,0,0,0.0
40.21004943162865,0,0,0,0.0
40.220049431628645,0,0,0,0.0
40.226049431628645,0,0,0,0.0
40.23604943162864,0,0,0,0.0
40.242049431628644,0,0,0,0.0
40.25204943162864,0,0,0,0.0
40.25804943162864,0,0,0,0.0
40.26804943162864,0,0,0,0.0
40.27404943162864,0,0,0,0.0
40.28404943162864,0,0,0,0.0
40.29004943162864,0,0,0,0.0
40.300049431628636,0,0,0,0.0
40.30604943162864,0,0,0,0.0
40.316049431628635,0,0,0,0.0
40.322049431628635,0,0,0,0.0
40.33204943162863,0,0,0,0.0
40.33804943162863,0,0,0,0.0
40.34804943162863,0,0,0,0.0
40.35404943162863,0,0,0,0.0
40.36404943162863,0,0,0,0.0
40.37004943162863,0,0,0,0.0
40.38004943162863,0,0,0,0.0
40.38604943162863,0,0,0,0.0
40.396049431628626,0,0,0,0.0
40.402049431628626,0,0,0,0.0
40.412049431628624,0,0,0,0.0
40.418049431628624,0,0,0,0.0
40.42804943162862,0,0,0,0.0
40.43404943162862,0,0,0,0.0
40.44404943162862,0,0,0,0.0
40.45004943162862,0,0,0,0.0
40.46004943162862,0,0,0,0.0
40.46604943162862,0,0,0,0.0
40.47604943162862,0,0,0,0.0
40.48204943162862,0,0,0,0.0
40.492049431628615,0,0,0,0.0
40.498049431628615,0,0,0,0.0
40.50804943162861,0,0,0,0.0
40.514049431628614,0,0,0,0.0
40.52404943162861,0,0,0,0.0
40.53004943162861,0,0,0,0.0
40.54004943162861,0,0,0,0.0
40.54604943162861,0,0,0,0.0
40.55604943162861,0,0,0,0.0
40.56204943162861,0,0,0,0.0
40.572049431628606,0,0,0,0.0
40.57804943162861,0,0,0,0.0
40.588049431628605,0,0,0,0.0
40.594049431628605,0,0,0,0.0
40.6040494316286,0,0,0,0.0
40.6100494316286,0,0,0,0.0
40.6200494316286,0,0,0,0.0
40.6260494316286,0,0,0,0.0
40.6360494316286,0,0,0,0.0
40.6420494316286,0,0,0,0.0
40.6520494316286,0,0,0,0.0
40.6580494316286,0,0,0,0.0
40.668049431628596,0,0,0,0.0
40.674049431628596,0,0,0,0.0
40.684049431628594,0,0,0,0.0
40.690049431628594,0,0,0,0.0
40.70004943162859,0,0,0,0.0
40.70604943162859,0,0,0,0.0
40.71604943162859,0,0,0,0.0
40.72204943162859,0,0,0,0.0
40.73204943162859,0,0,0,0.0
40.73804943162859,0,0,0,0.0
40.74804943162859,0,0,0,0.0
40.75404943162859,0,0,0,0.0
40.764049431628585,0,0,0,0.0
40.770049431628586,0,0,0,0.0
40.78004943162858,0,0,0,0.0
40.786049431628584,0,0,0,0.0
40.79604943162858,0,0,0,0.0
40.80204943162858,0,0,0,0.0
40.81204943162858,0,0,0,0.0
40.81804943162858,0,0,0,0.0
40.82804943162858,0,0,0,0.0
40.83404943162858,0,0,0,0.0
40.84404943162858,0,0,0,0.0
40.85004943162858,0,0,0,0.0
40.860049431628575,0,0,0,0.0
40.866049431628575,0,0,0,0.0
40.87604943162857,0,0,0,0.0
40.88204943162857,0,0,0,0.0
40.89204943162857,0,0,0,0.0
40.89804943162857,0,0,0,0.0
40.90804943162857,0,0,0,0.0
40.91404943162857,0,0,0,0.0
40.92404943162857,0,0,0,0.0
40.93004943162857,0,0,0,0.0
40.940049431628566,0,0,0,0.0
40.946049431628566,0,0,0,0.0
40.956049431628564,0,0,0,0.0
40.962049431628564,0,0,0,0.0
40.97204943162856,0,0,0,0.0
40.97804943162856,0,0,0,0.0
40.98804943162856,0,0,0,0.0
40.99404943162856,0,0,0,0.0
41.00404943162856,0,0,0,0.0
41.01004943162856,0,0,0,0.0
41.02004943162856,0,0,0,0.0
41.02604943162856,0,0,0,0.0
41.036049431628555,0,0,0,0.0
41.042049431628556,0,0,0,0.0
41.052049431628554,0,0,0,0.0
41.058049431628554,0,0,0,0.0
41.06804943162855,0,0,0,0.0
41.07404943162855,0,0,0,0.0
41.08404943162855,0,0,0,0.0
41.09004943162855,0,0,0,0.0
41.10004943162855,0,0,0,0.0
41.10604943162855,0,0,0,0.0
41.11604943162855,0,0,0,0.0
41.12204943162855,0,0,0,0.0
41.132049431628545,0,0,0,0.0
41.138049431628545,0,0,0,0.0
41.14804943162854,0,0,0,0.0
41.15404943162854,0,0,0,0.0
41.16404943162854,0,0,0,0.0
41.17004943162854,0,0,0,0.0
41.18004943162854,0,0,0,0.0
41.18604943162854,0,0,0,0.0
41.19604943162854,0,0,0,0.0
41.20204943162854,0,0,0,0.0
41.212049431628536,0,0,0,0.0
41.218049431628536,0,0,0,0.0
41.228049431628534,0,0,0,0.0
41.234049431628534,0,0,0,0.0
41.24404943162853,0,0,0,0.0
41.25004943162853,0,0,0,0.0
41.26004943162853,0,0,0,0.0
41.26604943162853,0,0,0,0.0
41.27604943162853,0,0,0,0.0
41.28204943162853,0,0,0,0.0
41.29204943162853,0,0,0,0.0
41.29804943162853,0,0,0,0.0
41.308049431628525,0,0,0,0.0
41.314049431628526,0,0,0,0.0
41.324049431628524,0,0,0,0.0
41.330049431628524,0,0,0,0.0
41.34004943162852,0,0,0,0.0
41.34604943162852,0,0,0,0.0
41.35604943162852,0,0,0,0.0
41.36204943162852,0,0,0,0.0
41.37204943162852,0,0,0,0.0
41.37804943162852,0,0,0,0.0
41.38804943162852,0,0,0,0.0
41.39404943162852,0,0,0,0.0
41.404049431628515,0,0,0,0.0
41.410049431628515,0,0,0,0.0
41.42004943162851,0,0,0,0.0
41.42604943162851,0,0,0,0.0
41.43604943162851,0,0,0,0.0
41.44204943162851,0,0,0,0.0
41.45204943162851,0,0,0,0.0
41.45804943162851,0,0,0,0.0
41.46804943162851,0,0,0,0.0
41.47404943162851,0,0,0,0.0
41.484049431628506,0,0,0,0.0
41.490049431628506,0,0,0,0.0
41.500049431628504,0,0,0,0.0
41.506049431628504,0,0,0,0.0
41.5160494316285,0,0,0,0.0
41.5220494316285,0,0,0,0.0
41.5320494316285,0,0,0,0.0
41.5380494316285,0,0,0,0.0
41.5480494316285,0,0,0,0.0
41.5540494316285,0,0,0,0.0
41.5640494316285,0,0,0,0.0
41.5700494316285,0,0,0,0.0
41.580049431628495,0,0,0,0.0
41.586049431628496,0,0,0,0.0
41.596049431628494,0,0,0,0.0
41.602049431628494,0,0,0,0.0
41.61204943162849,0,0,0,0.0
41.61804943162849,0,0,0,0.0
41.62804943162849,0,0,0,0.0
41.63404943162849,0,0,0,0.0
41.64404943162849,0,0,0,0.0
41.65004943162849,0,0,0,0.0
41.66004943162849,0,0,0,0.0
41.66604943162849,0,0,0,0.0
41.676049431628485,0,0,0,0.0
41.682049431628485,0,0,0,0.0
41.69204943162848,0,0,0,0.0
41.69804943162848,0,0,0,0.0
41.70804943162848,0,0,0,0.0
41.71404943162848,0,0,0,0.0
41.72404943162848,0,0,0,0.0
41.73004943162848,0,0,0,0.0
41.74004943162848,0,0,0,0.0
41.74604943162848,0,0,0,0.0
41.756049431628476,0,0,0,0.0
41.762049431628476,0,0,0,0.0
41.772049431628474,0,0,0,0.0
41.778049431628475,0,0,0,0.0
41.78804943162847,0,0,0,0.0
41.79404943162847,0,0,0,0.0
41.80404943162847,0,0,0,0.0
41.81004943162847,0,0,0,0.0
41.82004943162847,0,0,0,0.0
41.82604943162847,0,0,0,0.0
41.83604943162847,0,0,0,0.0
41.84204943162847,0,0,0,0.0
41.852049431628465,0,0,0,0.0
41.858049431628466,0,0,0,0.0
41.868049431628464,0,0,0,0.0
41.874049431628464,0,0,0,0.0
41.88404943162846,0,0,0,0.0
41.89004943162846,0,0,0,0.0
41.90004943162846,0,0,0,0.0
41.90604943162846,0,0,0,0.0
41.91604943162846,0,0,0,0.0
41.92204943162846,0,0,0,0.0
41.93204943162846,0,0,0,0.0
41.93804943162846,0,0,0,0.0
41.948049431628455,0,0,0,0.0
41.954049431628455,0,0,0,0.0
41.96404943162845,0,0,0,0.0
41.97004943162845,0,0,0,0.0
41.98004943162845,0,0,0,0.0
41.98604943162845,0,0,0,0.0
41.99604943162845,0,0,0,0.0
42.00204943162845,0,0,0,0.0
42.01204943162845,0,0,0,0.0
42.01804943162845,0,0,0,0.0
42.028049431628446,0,0,0,0.0
42.034049431628446,0,0,0,0.0
42.044049431628444,0,0,0,0.0
42.050049431628445,0,0,0,0.0
42.06004943162844,0,0,0,0.0
42.06604943162844,0,0,0,0.0
42.07604943162844,0,0,0,0.0
42.08204943162844,0,0,0,0.0
42.09204943162844,0,0,0,0.0
42.09804943162844,0,0,0,0.0
42.10804943162844,0,0,0,0.0
42.11404943162844,0,0,0,0.0
42.124049431628436,0,0,0,0.0
42.130049431628436,0,0,0,0.0
42.140049431628434,0,0,0,0.0
42.146049431628434,0,0,0,0.0
42.15604943162843,0,0,0,0.0
42.16204943162843,0,0,0,0.0
42.17204943162843,0,0,0,0.0
42.17804943162843,0,0,0,0.0
42.18804943162843,0,0,0,0.0
42.19404943162843,0,0,0,0.0
42.20404943162843,0,0,0,0.0
42.21004943162843,0,0,0,0.0
42.220049431628425,0,0,0,0.0
42.226049431628425,0,0,0,0.0
42.23604943162842,0,0,0,0.0
42.24204943162842,0,0,0,0.0
42.25204943162842,0,0,0,0.0
42.25804943162842,0,0,0,0.0
42.26804943162842,0,0,0,0.0
42.27404943162842,0,0,0,0.0
42.28404943162842,0,0,0,0.0
42.29004943162842,0,0,0,0.0
42.300049431628416,0,0,0,0.0
42.306049431628416,0,0,0,0.0
42.316049431628414,0,0,0,0.0
42.322049431628415,0,0,0,0.0
42.33204943162841,0,0,0,0.0
42.33804943162841,0,0,0,0.0
42.34804943162841,0,0,0,0.0
42.35404943162841,0,0,0,0.0
42.36404943162841,0,0,0,0.0
42.37004943162841,0,0,0,0.0
42.38004943162841,0,0,0,0.0
42.38604943162841,0,0,0,0.0
42.396049431628406,0,0,0,0.0
42.402049431628406,0,0,0,0.0
42.412049431628404,0,0,0,0.0
42.418049431628404,0,0,0,0.0
42.4280494316284,0,0,0,0.0
42.4340494316284,0,0,0,0.0
42.4440494316284,0,0,0,0.0
42.4500494316284,0,0,0,0.0
42.4600494316284,0,0,0,0.0
42.4660494316284,0,0,0,0.0
42.4760494316284,0,0,0,0.0
42.4820494316284,0,0,0,0.0
42.492049431628395,0,0,0,0.0
42.498049431628395,0,0,0,0.0
42.50804943162839,0,0,0,0.0
42.51404943162839,0,0,0,0.0
42.52404943162839,0,0,0,0.0
42.53004943162839,0,0,0,0.0
42.54004943162839,0,0,0,0.0
42.54604943162839,0,0,0,0.0
42.55604943162839,0,0,0,0.0
42.56204943162839,0,0,0,0.0
42.572049431628386,0,0,0,0.0
42.578049431628386,0,0,0,0.0
42.588049431628384,0,0,0,0.0
42.594049431628385,0,0,0,0.0
42.60404943162838,0,0,0,0.0
42.61004943162838,0,0,0,0.0
42.62004943162838,0,0,0,0.0
42.62604943162838,0,0,0,0.0
42.63604943162838,0,0,0,0.0
42.64204943162838,0,0,0,0.0
42.65204943162838,0,0,0,0.0
42.65804943162838,0,0,0,0.0
42.668049431628376,0,0,0,0.0
42.674049431628376,0,0,0,0.0
42.684049431628374,0,0,0,0.0
42.690049431628374,0,0,0,0.0
42.70004943162837,0,0,0,0.0
42.70604943162837,0,0,0,0.0
42.71604943162837,0,0,0,0.0
42.72204943162837,0,0,0,0.0
42.73204943162837,0,0,0,0.0
42.73804943162837,0,0,0,0.0
42.74804943162837,0,0,0,0.0
42.75404943162837,0,0,0,0.0
42.764049431628365,0,0,0,0.0
42.770049431628365,0,0,0,0.0
42.78004943162836,0,0,0,0.0
42.78604943162836,0,0,0,0.0
42.79604943162836,0,0,0,0.0
42.80204943162836,0,0,0,0.0
42.81204943162836,0,0,0,0.0
42.81804943162836,0,0,0,0.0
42.82804943162836,0,0,0,0.0
42.83404943162836,0,0,0,0.0
42.844049431628356,0,0,0,0.0
42.850049431628356,0,0,0,0.0
42.860049431628354,0,0,0,0.0
42.866049431628355,0,0,0,0.0
42.87604943162835,0,0,0,0.0
42.88204943162835,0,0,0,0.0
42.89204943162835,0,0,0,0.0
42.89804943162835,0,0,0,0.0
42.90804943162835,0,0,0,0.0
42.91404943162835,0,0,0,0.0
42.92404943162835,0,0,0,0.0
42.93004943162835,0,0,0,0.0
42.940049431628346,0,0,0,0.0
42.946049431628346,0,0,0,0.0
42.956049431628344,0,0,0,0.0
42.962049431628344,0,0,0,0.0
42.97204943162834,0,0,0,0.0
42.97804943162834,0,0,0,0.0
42.98804943162834,0,0,0,0.0
42.99404943162834,0,0,0,0.0
43.00404943162834,0,0,0,0.0
43.01004943162834,0,0,0,0.0
43.02004943162834,0,0,0,0.0
43.02604943162834,0,0,0,0.0
43.036049431628335,0,0,0,0.0
43.042049431628335,0,0,0,0.0
43.05204943162833,0,0,0,0.0
43.05804943162833,0,0,0,0.0
43.06804943162833,0,0,0,0.0
43.07404943162833,0,0,0,0.0
43.08404943162833,0,0,0,0.0
43.09004943162833,0,0,0,0.0
43.09075531398127,0,0,0,0.0
43.09675531398127,0,0,0,0.0
43.09746119633421,0,0,0,0.0
43.10346119633421,0,0,0,0.0
43.10416707868715,0,0,0,0.0
43.11016707868715,0,0,0,0.0
43.11087296104009,0,0,0,0.0
43.11687296104009,0,0,0,0.0
43.11757884339303,0,0,0,0.0
43.12357884339303,0,0,0,0.0
43.124284725745966,0,0,0,0.0
43.130284725745966,0,0,0,0.0
43.130990608098905,0,0,0,0.0
43.136990608098905,0,0,0,0.0
43.137696490451845,0,0,0,0.0
43.143696490451845,0,0,0,0.0
43.144402372804784,0,0,0,0.0
43.150402372804784,0,0,0,0.0
43.15110825515772,0,0,0,0.0
43.15710825515772,0,0,0,0.0
43.15781413751066,0,0,0,0.0
43.16381413751066,0,0,0,0.0
43.1645200198636,0,0,0,0.0
43.1705200198636,0,0,0,0.0
43.17122590221654,0,0,0,0.0
43.17722590221654,0,0,0,0.0
43.17793178456948,0,0,0,0.0
43.18393178456948,0,0,0,0.0
43.18463766692242,0,0,0,0.0
43.19063766692242,0,0,0,0.0
43.19134354927536,0,0,0,0.0
43.19734354927536,0,0,0,0.0
43.1980494316283,0,0,0,0.0
43.2040494316283,0,0,0,0.0
43.20475531398124,0,0,0,0.0
43.21075531398124,0,0,0,0.0
43.21146119633418,0,0,0,0.0
43.21746119633418,0,0,0,0.0
43.21816707868712,0,0,0,0.0
43.22416707868712,0,0,0,0.0
43.224872961040056,0,0,0,0.0
43.230872961040056,0,0,0,0.0
43.231578843392995,0,0,0,0.0
43.237578843392996,0,0,0,0.0
43.238284725745935,0,0,0,0.0
43.244284725745935,0,0,0,0.0
43.244990608098874,0,0,0,0.0
43.250990608098874,0,0,0,0.0
43.25169649045181,0,0,0,0.0
43.25769649045181,0,0,0,0.0
43.25840237280475,0,0,0,0.0
43.26440237280475,0,0,0,0.0
43.26511665851904,0,0,0,0.0
43.27111665851904,0,0,0,0.0
43.27183094423333,0,0,0,0.0
43.27783094423333,0,0,0,0.0
43.27854522994762,0,0,0,0.0
43.28454522994762,0,0,0,0.0
43.285259515661906,0,0,0,0.0
43.291259515661906,0,0,0,0.0
43.291973801376194,0,0,0,0.0
43.297973801376195,0,0,0,0.0
43.29868808709048,0,0,0,0.0
43.30468808709048,0,0,0,0.0
43.30540237280477,0,0,0,0.0
43.31140237280477,0,0,0,0.0
43.31211665851906,0,0,0,0.0
43.31811665851906,0,0,0,0.0
43.31883094423335,0,0,0,0.0
43.32483094423335,0,0,0,0.0
43.325545229947636,0,0,0,0.0
43.331545229947636,0,0,0,0.0
43.332259515661924,0,0,0,0.0
43.338259515661925,0,0,0,0.0
43.33897380137621,0,0,0,0.0
43.34497380137621,0,0,0,0.0
43.3456880870905,0,0,0,0.0
43.3516880870905,0,0,0,0.0
43.35240237280479,0,0,0,0.0
43.35840237280479,0,0,0,0.0
43.35911665851908,0,0,0,0.0
43.36511665851908,0,0,0,0.0
43.365830944233366,0,0,0,0.0
43.371830944233366,0,0,0,0.0
43.372545229947654,0,0,0,0.0
43.378545229947655,0,0,0,0.0
43.37925951566194,0,0,0,0.0
43.38525951566194,0,0,0,0.0
43.38597380137623,0,0,0,0.0
43.39197380137623,0,0,0,0.0
43.39268808709052,0,0,0,0.0
43.39868808709052,0,0,0,0.0
43.39940237280481,0,0,0,0.0
43.40540237280481,0,0,0,0.0
43.406116658519096,0,0,0,0.0
43.412116658519096,0,0,0,0.0
43.412830944233384,0,0,0,0.0
43.418830944233385,0,0,0,0.0
43.41954522994767,0,0,0,0.0
43.42554522994767,0,0,0,0.0
43.42625951566196,0,0,0,0.0
43.43225951566196,0,0,0,0.0
43.43297380137625,0,0,0,0.0
43.43897380137625,0,0,0,0.0
43.43968808709054,0,0,0,0.0
43.44568808709054,0,0,0,0.0
43.446402372804826,0,0,0,0.0
43.452402372804826,0,0,0,0.0
43.453116658519114,0,0,0,0.0
43.459116658519115,0,0,0,0.0
43.4598309442334,0,0,0,0.0
43.4658309442334,0,0,0,0.0
43.46654522994769,0,0,0,0.0
43.47254522994769,0,0,0,0.0
43.47325951566198,0,0,0,0.0
43.47925951566198,0,0,0,0.0
43.47997380137627,0,0,0,0.0
43.48597380137627,0,0,0,0.0
43.486688087090556,0,0,0,0.0
43.492688087090556,0,0,0,0.0
43.493402372804844,0,0,0,0.0
43.499402372804845,0,0,0,0.0
43.50011665851913,0,0,0,0.0
43.50611665851913,0,0,0,0.0
43.50683094423342,0,0,0,0.0
43.51283094423342,0,0,0,0.0
43.51354522994771,0,0,0,0.0
43.51954522994771,0,0,0,0.0
43.520259515662,0,0,0,0.0
43.526259515662,0,0,0,0.0
43.526973801376286,0,0,0,0.0
43.532973801376286,0,0,0,0.0
43.533688087090574,0,0,0,0.0
43.539688087090575,0,0,0,0.0
43.54040237280486,0,0,0,0.0
43.54640237280486,0,0,0,0.0
43.54711665851915,0,0,0,0.0
43.55311665851915,0,0,0,0.0
43.55383094423344,0,0,0,0.0
43.55983094423344,0,0,0,0.0
43.56054522994773,0,0,0,0.0
43.56654522994773,0,0,0,0.0
43.567259515662016,0,0,0,0.0
43.573259515662016,0,0,0,0.0
43.573973801376304,0,0,0,0.0
43.579973801376305,0,0,0,0.0
43.58068808709059,0,0,0,0.0
43.58668808709059,0,0,0,0.0
43.58740237280488,0,0,0,0.0
43.59340237280488,0,0,0,0.0
43.59411665851917,0,0,0,0.0
43.60011665851917,0,0,0,0.0
43.60083094423346,0,0,0,0.0
43.60683094423346,0,0,0,0.0
43.607545229947746,0,0,0,0.0
43.613545229947746,0,0,0,0.0
43.614259515662035,0,0,0,0.0
43.620259515662035,0,0,0,0.0
43.62097380137632,0,0,0,0.0
43.62697380137632,0,0,0,0.0
43.62768808709061,0,0,0,0.0
43.63368808709061,0,0,0,0.0
43.6344023728049,0,0,0,0.0
43.6404023728049,0,0,0,0.0
43.64111665851919,0,0,0,0.0
43.64711665851919,0,0,0,0.0
43.647830944233476,0,0,0,0.0
43.653830944233476,0,0,0,0.0
43.654545229947765,0,0,0,0.0
43.660545229947765,0,0,0,0.0
43.66125951566205,0,0,0,0.0
43.66725951566205,0,0,0,0.0
43.66797380137634,0,0,0,0.0
43.67397380137634,0,0,0,0.0
43.67468808709063,0,0,0,0.0
43.68068808709063,0,0,0,0.0
43.68140237280492,0,0,0,0.0
43.68740237280492,0,0,0,0.0
43.688116658519206,0,0,0,0.0
43.69411665851921,0,0,0,0.0
43.694830944233495,0,0,0,0.0
43.700830944233495,0,0,0,0.0
43.70154522994778,0,0,0,0.0
43.70754522994778,0,0,0,0.0
43.70825951566207,0,0,0,0.0
43.71425951566207,0,0,0,0.0
43.71497380137636,0,0,0,0.0
43.72097380137636,0,0,0,0.0
43.72168808709065,0,0,0,0.0
43.72768808709065,0,0,0,0.0
43.728402372804936,0,0,0,0.0
43.73440237280494,0,0,0,0.0
43.735116658519225,0,0,0,0.0
43.741116658519225,0,0,0,0.0
43.74183094423351,0,0,0,0.0
43.74783094423351,0,0,0,0.0
43.7485452299478,0,0,0,0.0
43.7545452299478,0,0,0,0.0
43.75525951566209,0,0,0,0.0
43.76125951566209,0,0,0,0.0
43.76197380137638,0,0,0,0.0
43.76797380137638,0,0,0,0.0
43.768688087090666,0,0,0,0.0
43.77468808709067,0,0,0,0.0
43.775402372804955,0,0,0,0.0
43.781402372804955,0,0,0,0.0
43.78211665851924,0,0,0,0.0
43.78811665851924,0,0,0,0.0
43.788839550085505,0,0,0,0.0
43.794839550085506,0,0,0,0.0
43.79556244165177,0,0,0,0.0
43.80156244165177,0,0,0,0.0
43.80228533321803,0,0,0,0.0
43.80828533321803,0,0,0,0.0
43.80900822478429,0,0,0,0.0
43.81500822478429,0,0,0,0.0
43.815731116350555,0,0,0,0.0
43.821731116350556,0,0,0,0.0
43.82245400791682,0,0,0,0.0
43.82845400791682,0,0,0,0.0
43.82917689948308,0,0,0,0.0
43.83517689948308,0,0,0,0.0
43.83589979104934,0,0,0,0.0
43.84189979104934,0,0,0,0.0
43.842622682615605,0,0,0,0.0
43.848622682615606,0,0,0,0.0
43.84934557418187,0,0,0,0.0
43.85534557418187,0,0,0,0.0
43.85606846574813,0,0,0,0.0
43.86206846574813,0,0,0,0.0
43.86279135731439,0,0,0,0.0
43.86879135731439,0,0,0,0.0
43.869514248880655,0,0,0,0.0
43.875514248880656,0,0,0,0.0
43.87623714044692,0,0,0,0.0
43.88223714044692,0,0,0,0.0
43.88296003201318,0,0,0,0.0
43.88896003201318,0,0,0,0.0
43.88968292357944,0,0,0,0.0
43.89568292357944,0,0,0,0.0
43.896405815145705,0,0,0,0.0
43.902405815145706,0,0,0,0.0
43.90312870671197,0,0,0,0.0
43.90912870671197,0,0,0,0.0
43.90985159827823,0,0,0,0.0
43.91585159827823,0,0,0,0.0
43.91657448984449,0,0,0,0.0
43.92257448984449,0,0,0,0.0
43.923297381410755,0,0,0,0.0
43.929297381410755,0,0,0,0.0
43.93002027297702,0,0,0,0.0
43.93602027297702,0,0,0,0.0
43.93674316454328,0,0,0,0.0
43.94274316454328,0,0,0,0.0
43.94346605610954,0,0,0,0.0
43.94946605610954,0,0,0,0.0
43.950188947675805,0,0,0,0.0
43.956188947675805,0,0,0,0.0
43.95691183924207,0,0,0,0.0
43.96291183924207,0,0,0,0.0
43.96363473080833,0,0,0,0.0
43.96963473080833,0,0,0,0.0
43.97035762237459,0,0,0,0.0
43.97635762237459,0,0,0,0.0
43.977080513940855,0,0,0,0.0
43.983080513940855,0,0,0,0.0
43.98380340550712,0,0,0,0.0
43.98980340550712,0,0,0,0.0
43.99052629707338,0,0,0,0.0
43.99652629707338,0,0,0,0.0
43.99724918863964,0,0,0,0.0
44.00324918863964,0,0,0,0.0
44.003972080205905,0,0,0,0.0
44.009972080205905,0,0,0,0.0
44.01069497177217,0,0,0,0.0
44.01669497177217,0,0,0,0.0
44.01741786333843,0,0,0,0.0
44.02341786333843,0,0,0,0.0
44.0241495706555,0,0,0,0.0
44.0301495706555,0,0,0,0.0
44.030881277972576,0,0,0,0.0
44.036881277972576,0,0,0,0.0
44.03761298528965,0,0,0,0.0
44.04361298528965,0,0,0,0.0
44.04434469260672,0,0,0,0.0
44.05034469260672,0,0,0,0.0
44.051076399923794,0,0,0,0.0
44.057076399923794,0,0,0,0.0
44.05780810724087,0,0,0,0.0
44.06380810724087,0,0,0,0.0
44.06453981455794,0,0,0,0.0
44.07053981455794,0,0,0,0.0
44.07127152187501,0,0,0,0.0
44.07727152187501,0,0,0,0.0
44.078003229192085,0,0,0,0.0
44.084003229192085,0,0,0,0.0
44.08473493650916,0,0,0,0.0
44.09073493650916,0,0,0,0.0
44.09146664382623,0,0,0,0.0
44.09746664382623,0,0,0,0.0
44.0981983511433,0,0,0,0.0
44.1041983511433,0,0,0,0.0
44.104930058460376,0,0,0,0.0
44.110930058460376,0,0,0,0.0
44.11166176577745,0,0,0,0.0
44.11766176577745,0,0,0,0.0
44.11839347309452,0,0,0,0.0
44.12439347309452,0,0,0,0.0
44.125125180411594,0,0,0,0.0
44.131125180411594,0,0,0,0.0
44.13185688772867,0,0,0,0.0
44.13785688772867,0,0,0,0.0
44.13858859504574,0,0,0,0.0
44.14458859504574,0,0,0,0.0
44.14532030236281,0,0,0,0.0
44.15132030236281,0,0,0,0.0
44.152052009679885,0,0,0,0.0
44.158052009679885,0,0,0,0.0
44.15878371699696,0,0,0,0.0
44.16478371699696,0,0,0,0.0
44.16551542431403,0,0,0,0.0
44.17151542431403,0,0,0,0.0
44.1722471316311,0,0,0,0.0
44.1782471316311,0,0,0,0.0
44.178978838948176,0,0,0,0.0
44.184978838948176,0,0,0,0.0
44.18571054626525,0,0,0,0.0
44.19171054626525,0,0,0,0.0
44.19244225358232,0,0,0,0.0
44.19844225358232,0,0,0,0.0
44.199173960899394,0,0,0,0.0
44.205173960899394,0,0,0,0.0
44.20590566821647,0,0,0,0.0
44.21190566821647,0,0,0,0.0
44.21263737553354,0,0,0,0.0
44.21863737553354,0,0,0,0.0
44.21936908285061,0,0,0,0.0
44.22536908285061,0,0,0,0.0
44.226100790167685,0,0,0,0.0
44.232100790167685,0,0,0,0.0
44.23283249748476,0,0,0,0.0
44.23883249748476,0,0,0,0.0
44.23956420480183,0,0,0,0.0
44.24556420480183,0,0,0,0.0
44.2462959121189,0,0,0,0.0
44.2522959121189,0,0,0,0.0
44.253027619435976,0,0,0,0.0
44.259027619435976,0,0,0,0.0
44.25975932675305,0,0,0,0.0
44.26575932675305,0,0,0,0.0
44.26650006749379,0,0,0,0.0
44.27250006749379,0,0,0,0.0
44.273240808234526,0,0,0,0.0
44.279240808234526,0,0,0,0.0
44.279981548975265,0,0,0,0.0
44.285981548975265,0,0,0,0.0
44.286722289716,0,0,0,0.0
44.292722289716004,0,0,0,0.0
44.29346303045674,0,0,0,0.0
44.29946303045674,0,0,0,0.0
44.30020377119748,0,0,0,0.0
44.30620377119748,0,0,0,0.0
44.30694451193822,0,0,0,0.0
44.31294451193822,0,0,0,0.0
44.31368525267896,0,0,0,0.0
44.31968525267896,0,0,0,0.0
44.3204259934197,0,0,0,0.0
44.3264259934197,0,0,0,0.0
44.327166734160436,0,0,0,0.0
44.333166734160436,0,0,0,0.0
44.333907474901174,0,0,0,0.0
44.339907474901175,0,0,0,0.0
44.34064821564191,0,0,0,0.0
44.34664821564191,0,0,0,0.0
44.34738895638265,0,0,0,0.0
44.35338895638265,0,0,0,0.0
44.35412969712339,0,0,0,0.0
44.36012969712339,0,0,0,0.0
44.36087043786413,0,0,0,0.0
44.36687043786413,0,0,0,0.0
44.36761117860487,0,0,0,0.0
44.37361117860487,0,0,0,0.0
44.37435191934561,0,0,0,0.0
44.38035191934561,0,0,0,0.0
44.381092660086345,0,0,0,0.0
44.387092660086346,0,0,0,0.0
44.387833400827084,0,0,0,0.0
44.393833400827084,0,0,0,0.0
44.39457414156782,0,0,0,0.0
44.40057414156782,0,0,0,0.0
44.40131488230856,0,0,0,0.0
44.40731488230856,0,0,0,0.0
44.4080556230493,0,0,0,0.0
44.4140556230493,0,0,0,0.0
44.4148056230493,0,0,0,0.0
44.4208056230493,0,0,0,0.0
44.421555623049294,0,0,0,0.0
44.427555623049294,0,0,0,0.0
44.42830562304929,0,0,0,0.0
44.43430562304929,0,0,0,0.0
44.43505562304929,0,0,0,0.0
44.44105562304929,0,0,0,0.0
44.441805623049284,0,0,0,0.0
44.447805623049284,0,0,0,0.0
44.44855562304928,0,0,0,0.0
44.45455562304928,0,0,0,0.0
44.45530562304928,0,0,0,0.0
44.46130562304928,0,0,0,0.0
44.462055623049274,0,0,0,0.0
44.468055623049274,0,0,0,0.0
44.46880562304927,0,0,0,0.0
44.47480562304927,0,0,0,0.0
44.47555562304927,0,0,0,0.0
44.48155562304927,0,0,0,0.0
44.482305623049264,0,0,0,0.0
44.488305623049264,0,0,0,0.0
44.48905562304926,0,0,0,0.0
44.49505562304926,0,0,0,0.0
44.495815116720145,0,0,0,0.0
44.501815116720145,0,0,0,0.0
44.50257461039103,0,0,0,0.0
44.50857461039103,0,0,0,0.0
44.509334104061914,0,0,0,0.0
44.515334104061914,0,0,0,0.0
44.5160935977328,0,0,0,0.0
44.5220935977328,0,0,0,0.0
44.52285309140368,0,0,0,0.0
44.52885309140368,0,0,0,0.0
44.52961258507457,0,0,0,0.0
44.53561258507457,0,0,0,0.0
44.53637207874545,0,0,0,0.0
44.54237207874545,0,0,0,0.0
44.543131572416335,0,0,0,0.0
44.549131572416336,0,0,0,0.0
44.54989106608722,0,0,0,0.0
44.55589106608722,0,0,0,0.0
44.556650559758104,0,0,0,0.0
44.562650559758104,0,0,0,0.0
44.56341005342899,0,0,0,0.0
44.56941005342899,0,0,0,0.0
44.57016954709987,0,0,0,0.0
44.57616954709987,0,0,0,0.0
44.57692904077076,0,0,0,0.0
44.58292904077076,0,0,0,0.0
44.58368853444164,0,0,0,0.0
44.58968853444164,0,0,0,0.0
44.590448028112526,0,0,0,0.0
44.596448028112526,0,0,0,0.0
44.59720752178341,0,0,0,0.0
44.60320752178341,0,0,0,0.0
44.603967015454295,0,0,0,0.0
44.609967015454295,0,0,0,0.0
44.61072650912518,0,0,0,0.0
44.61672650912518,0,0,0,0.0
44.61748600279606,0,0,0,0.0
44.623486002796064,0,0,0,0.0
44.62424549646695,0,0,0,0.0
44.63024549646695,0,0,0,0.0
44.63100499013783,0,0,0,0.0
44.63700499013783,0,0,0,0.0
44.637764483808716,0,0,0,0.0
44.64376448380872,0,0,0,0.0
44.6445239774796,0,0,0,0.0
44.6505239774796,0,0,0,0.0
44.651283471150485,0,0,0,0.0
44.657283471150485,0,0,0,0.0
44.65804296482137,0,0,0,0.0
44.66404296482137,0,0,0,0.0
44.664802458492254,0,0,0,0.0
44.670802458492254,0,0,0,0.0
44.67156195216314,0,0,0,0.0
44.67756195216314,0,0,0,0.0
44.67832144583402,0,0,0,0.0
44.68432144583402,0,0,0,0.0
44.68508093950491,0,0,0,0.0
44.69108093950491,0,0,0,0.0
44.69184043317579,0,0,0,0.0
44.69784043317579,0,0,0,0.0
44.698599926846676,0,0,0,0.0
44.704599926846676,0,0,0,0.0
44.70535942051756,0,0,0,0.0
44.71135942051756,0,0,0,0.0
44.712118914188444,0,0,0,0.0
44.718118914188445,0,0,0,0.0
44.71887840785933,0,0,0,0.0
44.72487840785933,0,0,0,0.0
44.72563790153021,0,0,0,0.0
44.73163790153021,0,0,0,0.0
44.7323973952011,0,0,0,0.0
44.7383973952011,0,0,0,0.0
44.73915688887198,0,0,0,0.0
44.74515688887198,0,0,0,0.0
44.745916382542866,0,0,0,0.0
44.751916382542866,0,0,0,0.0
44.75267587621375,0,0,0,0.0
44.75867587621375,0,0,0,0.0
44.759435369884635,0,0,0,0.0
44.765435369884635,0,0,0,0.0
44.76619486355552,0,0,0,0.0
44.77219486355552,0,0,0,0.0
44.7729543572264,0,0,0,0.0
44.778954357226404,0,0,0,0.0
44.77971385089729,0,0,0,0.0
44.78571385089729,0,0,0,0.0
44.78647334456817,0,0,0,0.0
44.79247334456817,0,0,0,0.0
44.79323283823906,0,0,0,0.0
44.79923283823906,0,0,0,0.0
44.79999233190994,0,0,0,0.0
44.80599233190994,0,0,0,0.0
44.806751825580825,0,0,0,0.0
44.812751825580825,0,0,0,0.0
44.81351131925171,0,0,0,0.0
44.81951131925171,0,0,0,0.0
44.820270812922594,0,0,0,0.0
44.826270812922594,0,0,0,0.0
44.82703030659348,0,0,0,0.0
44.83303030659348,0,0,0,0.0
44.83378980026436,0,0,0,0.0
44.83978980026436,0,0,0,0.0
44.84054929393525,0,0,0,0.0
44.84654929393525,0,0,0,0.0
44.84730878760613,0,0,0,0.0
44.85330878760613,0,0,0,0.0
44.854068281277016,0,0,0,0.0
44.860068281277016,0,0,0,0.0
44.8608277749479,0,0,0,0.0
44.8668277749479,0,0,0,0.0
44.867587268618784,0,0,0,0.0
44.873587268618785,0,0,0,0.0
44.87434676228967,0,0,0,0.0
44.88034676228967,0,0,0,0.0
44.88110625596055,0,0,0,0.0
44.88710625596055,0,0,0,0.0
44.88786574963144,0,0,0,0.0
44.89386574963144,0,0,0,0.0
44.89462524330232,0,0,0,0.0
44.90062524330232,0,0,0,0.0
44.901384736973206,0,0,0,0.0
44.907384736973206,0,0,0,0.0
44.90814423064409,0,0,0,0.0
44.91414423064409,0,0,0,0.0
44.914903724314975,0,0,0,0.0
44.920903724314975,0,0,0,0.0
44.92166321798586,0,0,0,0.0
44.92766321798586,0,0,0,0.0
44.928422711656744,0,0,0,0.0
44.934422711656744,0,0,0,0.0
44.93519194242597,0,0,0,0.0
44.941191942425974,0,0,0,0.0
44.9419611731952,0,0,0,0.0
44.9479611731952,0,0,0,0.0
44.94873040396443,0,0,0,0.0
44.95473040396443,0,0,0,0.0
44.95549963473366,0,0,0,0.0
44.96149963473366,0,0,0,0.0
44.96226886550289,0,0,0,0.0
44.96826886550289,0,0,0,0.0
44.96903809627212,0,0,0,0.0
44.97503809627212,0,0,0,0.0
44.97580732704135,0,0,0,0.0
44.98180732704135,0,0,0,0.0
44.98257655781058,0,0,0,0.0
44.98857655781058,0,0,0,0.0
44.98934578857981,0,0,0,0.0
44.99534578857981,0,0,0,0.0
44.99611501934904,0,0,0,0.0
45.00211501934904,0,0,0,0.0
45.00288425011827,0,0,0,0.0
45.00888425011827,0,0,0,0.0
45.00966347089749,0,0,0,0.0
45.01566347089749,0,0,0,0.0
45.016442691676716,0,0,0,0.0
45.022442691676716,0,0,0,0.0
45.02322191245594,0,0,0,0.0
45.02922191245594,0,0,0,0.0
45.030011386140146,0,0,0,0.0
45.036011386140146,0,0,0,0.0
45.03680085982435,0,0,0,0.0
45.042800859824354,0,0,0,0.0
45.04359033350856,0,0,0,0.0
45.04959033350856,0,0,0,0.0
45.05037980719277,0,0,0,0.0
45.05637980719277,0,0,0,0.0
45.05716928087698,0,0,0,0.0
45.06316928087698,0,0,0,0.0
45.063958754561185,0,0,0,0.0
45.069958754561185,0,0,0,0.0
45.07074822824539,0,0,0,0.0
45.07674822824539,0,0,0,0.0
45.0775377019296,0,0,0,0.0
45.0835377019296,0,0,0,0.0
45.08432717561381,0,0,0,0.0
45.09032717561381,0,0,0,0.0
45.091116649298016,0,0,0,0.0
45.097116649298016,0,0,0,0.0
45.097906122982224,0,0,0,0.0
45.103906122982224,0,0,0,0.0
45.10469559666643,0,0,0,0.0
45.11069559666643,0,0,0,0.0
45.11148507035064,0,0,0,0.0
45.11748507035064,0,0,0,0.0
45.11827454403485,0,0,0,0.0
45.12427454403485,0,0,0,0.0
45.125064017719055,0,0,0,0.0
45.131064017719055,0,0,0,0.0
45.13185349140326,0,0,0,0.0
45.13785349140326,0,0,0,0.0
45.13864296508747,0,0,0,0.0
45.14464296508747,0,0,0,0.0
45.14543243877168,0,0,0,0.0
45.15143243877168,0,0,0,0.0
45.152221912455886,0,0,0,0.0
45.158221912455886,0,0,0,0.0
45.159011386140094,0,0,0,0.0
45.165011386140094,0,0,0,0.0
45.1658008598243,0,0,0,0.0
45.1718008598243,0,0,0,0.0
45.17259033350851,0,0,0,0.0
45.17859033350851,0,0,0,0.0
45.17939033350851,0,0,0,0.0
45.18539033350851,0,0,0,0.0
45.186190333508506,0,0,0,0.0
45.192190333508506,0,0,0,0.0
45.192990333508504,0,0,0,0.0
45.198990333508505,0,0,0,0.0
45.1997903335085,0,0,0,0.0
45.2057903335085,0,0,0,0.0
45.2065903335085,0,0,0,0.0
45.2125903335085,0,0,0,0.0
45.2133903335085,0,0,0,0.0
45.2193903335085,0,0,0,0.0
45.2201903335085,0,0,0,0.0
45.2261903335085,0,0,0,0.0
45.226990333508496,0,0,0,0.0
45.232990333508496,0,0,0,0.0
45.233790333508495,0,0,0,0.0
45.239790333508495,0,0,0,0.0
45.24059033350849,0,0,0,0.0
45.24659033350849,0,0,0,0.0
45.24739033350849,0,0,0,0.0
45.25339033350849,0,0,0,0.0
45.25419033350849,0,0,0,0.0
45.26019033350849,0,0,0,0.0
45.26099033350849,0,0,0,0.0
45.26699033350849,0,0,0,0.0
45.267790333508486,0,0,0,0.0
45.27379033350849,0,0,0,0.0
45.274590333508485,0,0,0,0.0
45.280590333508485,0,0,0,0.0
45.28139033350848,0,0,0,0.0
45.28739033350848,0,0,0,0.0
45.28819033350848,0,0,0,0.0
45.29419033350848,0,0,0,0.0
45.2950122513167,0,0,0,0.0
45.3010122513167,0,0,0,0.0
45.301834169124916,0,0,0,0.0
45.30783416912492,0,0,0,0.0
45.308656086933134,0,0,0,0.0
45.314656086933134,0,0,0,0.0
45.31547800474135,0,0,0,0.0
45.32147800474135,0,0,0,0.0
45.32229992254957,0,0,0,0.0
45.32829992254957,0,0,0,0.0
45.329121840357786,0,0,0,0.0
45.335121840357786,0,0,0,0.0
45.335943758166,0,0,0,0.0
45.341943758166,0,0,0,0.0
45.34276567597422,0,0,0,0.0
45.34876567597422,0,0,0,0.0
45.34958759378244,0,0,0,0.0
45.35558759378244,0,0,0,0.0
45.356409511590655,0,0,0,0.0
45.362409511590656,0,0,0,0.0
45.36323142939887,0,0,0,0.0
45.36923142939887,0,0,0,0.0
45.37005334720709,0,0,0,0.0
45.37605334720709,0,0,0,0.0
45.37687526501531,0,0,0,0.0
45.38287526501531,0,0,0,0.0
45.383697182823525,0,0,0,0.0
45.389697182823525,0,0,0,0.0
45.39053051615686,0,0,0,0.0
45.39653051615686,0,0,0,0.0
45.39736384949019,0,0,0,0.0
45.40336384949019,0,0,0,0.0
45.40419718282352,0,0,0,0.0
45.410197182823524,0,0,0,0.0
45.411030516156856,0,0,0,0.0
45.417030516156856,0,0,0,0.0
45.41786384949019,0,0,0,0.0
45.42386384949019,0,0,0,0.0
45.42469718282352,0,0,0,0.0
45.43069718282352,0,0,0,0.0
45.431530516156855,0,0,0,0.0
45.437530516156855,0,0,0,0.0
45.43836384949019,0,0,0,0.0
45.44436384949019,0,0,0,0.0
45.44519718282352,0,0,0,0.0
45.45119718282352,0,0,0,0.0
45.45203051615685,0,0,0,0.0
45.45803051615685,0,0,0,0.0
45.458863849490186,0,0,0,0.0
45.464863849490186,0,0,0,0.0
45.46569718282352,0,0,0,0.0
45.47169718282352,0,0,0,0.0
45.47253051615685,0,0,0,0.0
45.47853051615685,0,0,0,0.0
45.479363849490184,0,0,0,0.0
45.485363849490184,0,0,0,0.0
45.48619718282352,0,0,0,0.0
45.49219718282352,0,0,0,0.0
45.49303051615685,0,0,0,0.0
45.49903051615685,0,0,0,0.0
45.49986384949018,0,0,0,0.0
45.50586384949018,0,0,0,0.0
45.506697182823515,0,0,0,0.0
45.512697182823516,0,0,0,0.0
45.51353051615685,0,0,0,0.0
45.51953051615685,0,0,0,0.0
45.52036384949018,0,0,0,0.0
45.52636384949018,0,0,0,0.0
45.527197182823514,0,0,0,0.0
45.533197182823514,0,0,0,0.0
45.53403051615685,0,0,0,0.0
45.54003051615685,0,0,0,0.0
45.54086384949018,0,0,0,0.0
45.54686384949018,0,0,0,0.0
45.54769718282351,0,0,0,0.0
45.55369718282351,0,0,0,0.0
45.554530516156845,0,0,0,0.0
45.560530516156845,0,0,0,0.0
45.56136384949018,0,0,0,0.0
45.56736384949018,0,0,0,0.0
45.56819718282351,0,0,0,0.0
45.57419718282351,0,0,0,0.0
45.57503051615684,0,0,0,0.0
45.581030516156844,0,0,0,0.0
45.581863849490176,0,0,0,0.0
45.58786384949018,0,0,0,0.0
45.58869718282351,0,0,0,0.0
45.59469718282351,0,0,0,0.0
45.59553051615684,0,0,0,0.0
45.60153051615684,0,0,0,0.0
45.602363849490175,0,0,0,0.0
45.608363849490175,0,0,0,0.0
45.60919718282351,0,0,0,0.0
45.61519718282351,0,0,0,0.0
45.61603051615684,0,0,0,0.0
45.62203051615684,0,0,0,0.0
45.62286384949017,0,0,0,0.0
45.62886384949017,0,0,0,0.0
45.629697182823506,0,0,0,0.0
45.635697182823506,0,0,0,0.0
45.63653051615684,0,0,0,0.0
45.64253051615684,0,0,0,0.0
45.64336384949017,0,0,0,0.0
45.64936384949017,0,0,0,0.0
45.650197182823504,0,0,0,0.0
45.656197182823504,0,0,0,0.0
45.65703051615684,0,0,0,0.0
45.66303051615684,0,0,0,0.0
45.66386384949017,0,0,0,0.0
45.66986384949017,0,0,0,0.0
45.6706971828235,0,0,0,0.0
45.6766971828235,0,0,0,0.0
45.677530516156835,0,0,0,0.0
45.683530516156836,0,0,0,0.0
45.68436384949017,0,0,0,0.0
45.69036384949017,0,0,0,0.0
45.6911971828235,0,0,0,0.0
45.6971971828235,0,0,0,0.0
45.698030516156834,0,0,0,0.0
45.704030516156834,0,0,0,0.0
45.70486384949017,0,0,0,0.0
45.71086384949017,0,0,0,0.0
45.7116971828235,0,0,0,0.0
45.7176971828235,0,0,0,0.0
45.71853051615683,0,0,0,0.0
45.72453051615683,0,0,0,0.0
45.725363849490165,0,0,0,0.0
45.731363849490165,0,0,0,0.0
45.7321971828235,0,0,0,0.0
45.7381971828235,0,0,0,0.0
45.73903051615683,0,0,0,0.0
45.74503051615683,0,0,0,0.0
45.74586384949016,0,0,0,0.0
45.751863849490164,0,0,0,0.0
45.752697182823496,0,0,0,0.0
45.7586971828235,0,0,0,0.0
45.75953051615683,0,0,0,0.0
45.76553051615683,0,0,0,0.0
45.76636384949016,0,0,0,0.0
45.77236384949016,0,0,0,0.0
45.773197182823495,0,0,0,0.0
45.779197182823495,0,0,0,0.0
45.78003051615683,0,0,0,0.0
45.78603051615683,0,0,0,0.0
45.78686384949016,0,0,0,0.0
45.79286384949016,0,0,0,0.0
45.79369718282349,0,0,0,0.0
45.79969718282349,0,0,0,0.0
45.800530516156826,0,0,0,0.0
45.806530516156826,0,0,0,0.0
45.80736384949016,0,0,0,0.0
45.81336384949016,0,0,0,0.0
45.81419718282349,0,0,0,0.0
45.82019718282349,0,0,0,0.0
45.821030516156824,0,0,0,0.0
45.827030516156825,0,0,0,0.0
45.82786384949016,0,0,0,0.0
45.83386384949016,0,0,0,0.0
45.83469718282349,0,0,0,0.0
45.84069718282349,0,0,0,0.0
45.84153051615682,0,0,0,0.0
45.84753051615682,0,0,0,0.0
45.848363849490156,0,0,0,0.0
45.854363849490156,0,0,0,0.0
45.85519718282349,0,0,0,0.0
45.86119718282349,0,0,0,0.0
45.86203051615682,0,0,0,0.0
45.86803051615682,0,0,0,0.0
45.868863849490154,0,0,0,0.0
45.874863849490154,0,0,0,0.0
45.87569718282349,0,0,0,0.0
45.88169718282349,0,0,0,0.0
45.88253051615682,0,0,0,0.0
45.88853051615682,0,0,0,0.0
45.88936384949015,0,0,0,0.0
45.89536384949015,0,0,0,0.0
45.89620891991269,0,0,0,0.0
45.90220891991269,0,0,0,0.0
45.90305399033522,0,0,0,0.0
45.909053990335224,0,0,0,0.0
45.90989906075776,0,0,0,0.0
45.91589906075776,0,0,0,0.0
45.916744131180295,0,0,0,0.0
45.922744131180295,0,0,0,0.0
45.92358920160283,0,0,0,0.0
45.92958920160283,0,0,0,0.0
45.930434272025366,0,0,0,0.0
45.936434272025366,0,0,0,0.0
45.9372793424479,0,0,0,0.0
45.9432793424479,0,0,0,0.0
45.94412441287044,0,0,0,0.0
45.95012441287044,0,0,0,0.0
45.95096948329297,0,0,0,0.0
45.95696948329297,0,0,0,0.0
45.95781455371551,0,0,0,0.0
45.96381455371551,0,0,0,0.0
45.964659624138044,0,0,0,0.0
45.970659624138044,0,0,0,0.0
45.97150469456058,0,0,0,0.0
45.97750469456058,0,0,0,0.0
45.978349764983115,0,0,0,0.0
45.984349764983115,0,0,0,0.0
45.98519483540565,0,0,0,0.0
45.99119483540565,0,0,0,0.0
45.992039905828186,0,0,0,0.0
45.998039905828186,0,0,0,0.0
45.99888497625072,0,0,0,0.0
46.00488497625072,0,0,0,0.0
46.00573004667326,0,0,0,0.0
46.01173004667326,0,0,0,0.0
46.01257511709579,0,0,0,0.0
46.01857511709579,0,0,0,0.0
46.01942018751833,0,0,0,0.0
46.02542018751833,0,0,0,0.0
46.026265257940864,0,0,0,0.0
46.032265257940864,0,0,0,0.0
46.0331103283634,0,0,0,0.0
46.0391103283634,0,0,0,0.0
46.039955398785935,0,0,0,0.0
46.045955398785935,0,0,0,0.0
46.04681254164308,0,0,0,0.0
46.05281254164308,0,0,0,0.0
46.05366968450022,0,0,0,0.0
46.05966968450022,0,0,0,0.0
46.060539249717614,0,0,0,0.0
46.066539249717614,0,0,0,0.0
46.06740881493501,0,0,0,0.0
46.07340881493501,0,0,0,0.0
46.0742783801524,0,0,0,0.0
46.0802783801524,0,0,0,0.0
46.08114794536979,0,0,0,0.0
46.08714794536979,0,0,0,0.0
46.088017510587186,0,0,0,0.0
46.094017510587186,0,0,0,0.0
46.09488707580458,0,0,0,0.0
46.10088707580458,0,0,0,0.0
46.10175664102197,0,0,0,0.0
46.10775664102197,0,0,0,0.0
46.108626206239364,0,0,0,0.0
46.114626206239365,0,0,0,0.0
46.11549577145676,0,0,0,0.0
46.12149577145676,0,0,0,0.0
46.12236533667415,0,0,0,0.0
46.12836533667415,0,0,0,0.0
46.12923490189154,0,0,0,0.0
46.13523490189154,0,0,0,0.0
46.136104467108936,0,0,0,0.0
46.142104467108936,0,0,0,0.0
46.14297403232633,0,0,0,0.0
46.14897403232633,0,0,0,0.0
46.14984359754372,0,0,0,0.0
46.15584359754372,0,0,0,0.0
46.156713162761115,0,0,0,0.0
46.162713162761115,0,0,0,0.0
46.16358272797851,0,0,0,0.0
46.16958272797851,0,0,0,0.0
46.1704522931959,0,0,0,0.0
46.1764522931959,0,0,0,0.0
46.17732185841329,0,0,0,0.0
46.183321858413294,0,0,0,0.0
46.184191423630686,0,0,0,0.0
46.19019142363069,0,0,0,0.0
46.19106098884808,0,0,0,0.0
46.19706098884808,0,0,0,0.0
46.19793055406547,0,0,0,0.0
46.20393055406547,0,0,0,0.0
46.204800119282865,0,0,0,0.0
46.210800119282865,0,0,0,0.0
46.21166968450026,0,0,0,0.0
46.21766968450026,0,0,0,0.0
46.21853924971765,0,0,0,0.0
46.22453924971765,0,0,0,0.0
46.225408814935044,0,0,0,0.0
46.231408814935044,0,0,0,0.0
46.23227838015244,0,0,0,0.0
46.23827838015244,0,0,0,0.0
46.23914794536983,0,0,0,0.0
46.24514794536983,0,0,0,0.0
46.24601751058722,0,0,0,0.0
46.25201751058722,0,0,0,0.0
46.252887075804615,0,0,0,0.0
46.258887075804616,0,0,0,0.0
46.25975664102201,0,0,0,0.0
46.26575664102201,0,0,0,0.0
46.2666262062394,0,0,0,0.0
46.2726262062394,0,0,0,0.0
46.273495771456794,0,0,0,0.0
46.279495771456794,0,0,0,0.0
46.28036533667419,0,0,0,0.0
46.28636533667419,0,0,0,0.0
46.28723490189158,0,0,0,0.0
46.29323490189158,0,0,0,0.0
46.29410446710897,0,0,0,0.0
46.30010446710897,0,0,0,0.0
46.300974032326366,0,0,0,0.0
46.306974032326366,0,0,0,0.0
46.30784359754376,0,0,0,0.0
46.31384359754376,0,0,0,0.0
46.31471316276115,0,0,0,0.0
46.32071316276115,0,0,0,0.0
46.321582727978544,0,0,0,0.0
46.327582727978545,0,0,0,0.0
46.32845229319594,0,0,0,0.0
46.33445229319594,0,0,0,0.0
46.33532185841333,0,0,0,0.0
46.34132185841333,0,0,0,0.0
46.34219142363072,0,0,0,0.0
46.34819142363072,0,0,0,0.0
46.349060988848116,0,0,0,0.0
46.355060988848116,0,0,0,0.0
46.35593055406551,0,0,0,0.0
46.36193055406551,0,0,0,0.0
46.3628001192829,0,0,0,0.0
46.3688001192829,0,0,0,0.0
46.36968247222408,0,0,0,0.0
46.37568247222408,0,0,0,0.0
46.376564825165254,0,0,0,0.0
46.382564825165254,0,0,0,0.0
46.38344717810643,0,0,0,0.0
46.38944717810643,0,0,0,0.0
46.390329531047605,0,0,0,0.0
46.396329531047606,0,0,0,0.0
46.39721188398878,0,0,0,0.0
46.40321188398878,0,0,0,0.0
46.40409423692996,0,0,0,0.0
46.41009423692996,0,0,0,0.0
46.41097658987113,0,0,0,0.0
46.41697658987113,0,0,0,0.0
46.41785894281231,0,0,0,0.0
46.42385894281231,0,0,0,0.0
46.424741295753485,0,0,0,0.0
46.430741295753485,0,0,0,0.0
46.43162364869466,0,0,0,0.0
46.43762364869466,0,0,0,0.0
46.43850600163584,0,0,0,0.0
46.44450600163584,0,0,0,0.0
46.44538835457701,0,0,0,0.0
46.45138835457701,0,0,0,0.0
46.45227070751819,0,0,0,0.0
46.45827070751819,0,0,0,0.0
46.459153060459364,0,0,0,0.0
46.465153060459365,0,0,0,0.0
46.46603541340054,0,0,0,0.0
46.47203541340054,0,0,0,0.0
46.472917766341716,0,0,0,0.0
46.478917766341716,0,0,0,0.0
46.47980011928289,0,0,0,0.0
46.48580011928289,0,0,0,0.0
46.48668247222407,0,0,0,0.0
46.49268247222407,0,0,0,0.0
46.493564825165244,0,0,0,0.0
46.499564825165244,0,0,0,0.0
46.50044717810642,0,0,0,0.0
46.50644717810642,0,0,0,0.0
46.507329531047596,0,0,0,0.0
46.513329531047596,0,0,0,0.0
46.51421188398877,0,0,0,0.0
46.52021188398877,0,0,0,0.0
46.52109423692995,0,0,0,0.0
46.52709423692995,0,0,0,0.0
46.52797658987112,0,0,0,0.0
46.53397658987112,0,0,0,0.0
46.5348589428123,0,0,0,0.0
46.5408589428123,0,0,0,0.0
46.541741295753475,0,0,0,0.0
46.547741295753475,0,0,0,0.0
46.54862364869465,0,0,0,0.0
46.55462364869465,0,0,0,0.0
46.55550600163583,0,0,0,0.0
46.56150600163583,0,0,0,0.0
46.562388354577,0,0,0,0.0
46.568388354577,0,0,0,0.0
46.56927070751818,0,0,0,0.0
46.57527070751818,0,0,0,0.0
46.576153060459355,0,0,0,0.0
46.582153060459355,0,0,0,0.0
46.58303541340053,0,0,0,0.0
46.58903541340053,0,0,0,0.0
46.589917766341706,0,0,0,0.0
46.59591776634171,0,0,0,0.0
46.59680011928288,0,0,0,0.0
46.60280011928288,0,0,0,0.0
46.60368247222406,0,0,0,0.0
46.60968247222406,0,0,0,0.0
46.610564825165234,0,0,0,0.0
46.616564825165234,0,0,0,0.0
46.61744717810641,0,0,0,0.0
46.62344717810641,0,0,0,0.0
46.624329531047586,0,0,0,0.0
46.630329531047586,0,0,0,0.0
46.63121188398876,0,0,0,0.0
46.63721188398876,0,0,0,0.0
46.63809423692994,0,0,0,0.0
46.64409423692994,0,0,0,0.0
46.64497658987111,0,0,0,0.0
46.650976589871114,0,0,0,0.0
46.65185894281229,0,0,0,0.0
46.65785894281229,0,0,0,0.0
46.658741295753465,0,0,0,0.0
46.664741295753466,0,0,0,0.0
46.66562364869464,0,0,0,0.0
46.67162364869464,0,0,0,0.0
46.67250600163582,0,0,0,0.0
46.67850600163582,0,0,0,0.0
46.67938835457699,0,0,0,0.0
46.68538835457699,0,0,0,0.0
46.68627070751817,0,0,0,0.0
46.69227070751817,0,0,0,0.0
46.693153060459345,0,0,0,0.0
46.699153060459345,0,0,0,0.0
46.70003541340052,0,0,0,0.0
46.70603541340052,0,0,0,0.0
46.7069177663417,0,0,0,0.0
46.7129177663417,0,0,0,0.0
46.71380011928287,0,0,0,0.0
46.71980011928287,0,0,0,0.0
46.72068247222405,0,0,0,0.0
46.72668247222405,0,0,0,0.0
46.727564825165224,0,0,0,0.0
46.733564825165224,0,0,0,0.0
46.7344471781064,0,0,0,0.0
46.7404471781064,0,0,0,0.0
46.741329531047576,0,0,0,0.0
46.747329531047576,0,0,0,0.0
46.74821188398875,0,0,0,0.0
46.75421188398875,0,0,0,0.0
46.75509423692993,0,0,0,0.0
46.76109423692993,0,0,0,0.0
46.761976589871104,0,0,0,0.0
46.767976589871104,0,0,0,0.0
46.76885894281228,0,0,0,0.0
46.77485894281228,0,0,0,0.0
46.775741295753456,0,0,0,0.0
46.781741295753456,0,0,0,0.0
46.78262364869463,0,0,0,0.0
46.78862364869463,0,0,0,0.0
46.78950600163581,0,0,0,0.0
46.79550600163581,0,0,0,0.0
46.79638835457698,0,0,0,0.0
46.80238835457698,0,0,0,0.0
46.80327070751816,0,0,0,0.0
46.80927070751816,0,0,0,0.0
46.810153060459335,0,0,0,0.0
46.816153060459335,0,0,0,0.0
46.81703541340051,0,0,0,0.0
46.82303541340051,0,0,0,0.0
46.82391776634169,0,0,0,0.0
46.82991776634169,0,0,0,0.0
46.83080011928286,0,0,0,0.0
46.83680011928286,0,0,0,0.0
46.83768247222404,0,0,0,0.0
46.84368247222404,0,0,0,0.0
46.844564825165214,0,0,0,0.0
46.850564825165215,0,0,0,0.0
46.85144717810639,0,0,0,0.0
46.85744717810639,0,0,0,0.0
46.858329531047566,0,0,0,0.0
46.86432953104757,0,0,0,0.0
46.86521188398874,0,0,0,0.0
46.87121188398874,0,0,0,0.0
46.87209423692992,0,0,0,0.0
46.87809423692992,0,0,0,0.0
46.878976589871094,0,0,0,0.0
46.884976589871094,0,0,0,0.0
46.88585894281227,0,0,0,0.0
46.89185894281227,0,0,0,0.0
46.892741295753446,0,0,0,0.0
46.898741295753446,0,0,0,0.0
46.89962364869462,0,0,0,0.0
46.90562364869462,0,0,0,0.0
46.9065060016358,0,0,0,0.0
46.9125060016358,0,0,0,0.0
46.91338835457697,0,0,0,0.0
46.919388354576974,0,0,0,0.0
46.920297445486064,0,0,0,0.0
46.926297445486064,0,0,0,0.0
46.927206536395154,0,0,0,0.0
46.933206536395154,0,0,0,0.0
46.934115627304244,0,0,0,0.0
46.940115627304245,0,0,0,0.0
46.941024718213335,0,0,0,0.0
46.947024718213335,0,0,0,0.0
46.947933809122425,0,0,0,0.0
46.953933809122425,0,0,0,0.0
46.954842900031515,0,0,0,0.0
46.960842900031516,0,0,0,0.0
46.961751990940606,0,0,0,0.0
46.967751990940606,0,0,0,0.0
46.968661081849696,0,0,0,0.0
46.974661081849696,0,0,0,0.0
46.975570172758786,0,0,0,0.0
46.981570172758786,0,0,0,0.0
46.98247926366788,0,0,0,0.0
46.98847926366788,0,0,0,0.0
46.98938835457697,0,0,0,0.0
46.99538835457697,0,0,0,0.0
46.99629744548606,0,0,0,0.0
47.00229744548606,0,0,0,0.0
47.00320653639515,0,0,0,0.0
47.00920653639515,0,0,0,0.0
47.01011562730424,0,0,0,0.0
47.01611562730424,0,0,0,0.0
47.01702471821333,0,0,0,0.0
47.02302471821333,0,0,0,0.0
47.02393380912242,0,0,0,0.0
47.02993380912242,0,0,0,0.0
47.03084290003151,0,0,0,0.0
47.03684290003151,0,0,0,0.0
47.0377519909406,0,0,0,0.0
47.0437519909406,0,0,0,0.0
47.04466108184969,0,0,0,0.0
47.05066108184969,0,0,0,0.0
47.05157017275878,0,0,0,0.0
47.05757017275878,0,0,0,0.0
47.05847926366787,0,0,0,0.0
47.06447926366787,0,0,0,0.0
47.06538835457696,0,0,0,0.0
47.07138835457696,0,0,0,0.0
47.07229744548605,0,0,0,0.0
47.07829744548605,0,0,0,0.0
47.07920653639514,0,0,0,0.0
47.08520653639514,0,0,0,0.0
47.08611562730423,0,0,0,0.0
47.09211562730423,0,0,0,0.0
47.09302471821332,0,0,0,0.0
47.09902471821332,0,0,0,0.0
47.0999477951364,0,0,0,0.0
47.1059477951364,0,0,0,0.0
47.10687087205948,0,0,0,0.0
47.11287087205948,0,0,0,0.0
47.11379394898256,0,0,0,0.0
47.11979394898256,0,0,0,0.0
47.12071702590564,0,0,0,0.0
47.12671702590564,0,0,0,0.0
47.12764010282872,0,0,0,0.0
47.13364010282872,0,0,0,0.0
47.1345631797518,0,0,0,0.0
47.1405631797518,0,0,0,0.0
47.14148625667488,0,0,0,0.0
47.14748625667488,0,0,0,0.0
47.14840933359796,0,0,0,0.0
47.15440933359796,0,0,0,0.0
47.15533241052104,0,0,0,0.0
47.16133241052104,0,0,0,0.0
47.16225548744412,0,0,0,0.0
47.16825548744412,0,0,0,0.0
47.1691785643672,0,0,0,0.0
47.1751785643672,0,0,0,0.0
47.17610164129028,0,0,0,0.0
47.18210164129028,0,0,0,0.0
47.18302471821336,0,0,0,0.0
47.18902471821336,0,0,0,0.0
47.18994779513644,0,0,0,0.0
47.19594779513644,0,0,0,0.0
47.19687087205952,0,0,0,0.0
47.20287087205952,0,0,0,0.0
47.2037939489826,0,0,0,0.0
47.2097939489826,0,0,0,0.0
47.21071702590568,0,0,0,0.0
47.21671702590568,0,0,0,0.0
47.21764010282876,0,0,0,0.0
47.22364010282876,0,0,0,0.0
47.22456317975184,0,0,0,0.0
47.23056317975184,0,0,0,0.0
47.23148625667492,0,0,0,0.0
47.23748625667492,0,0,0,0.0
47.238409333598,0,0,0,0.0
47.244409333598,0,0,0,0.0
47.24533241052108,0,0,0,0.0
47.25133241052108,0,0,0,0.0
47.25225548744416,0,0,0,0.0
47.25825548744416,0,0,0,0.0
47.25917856436724,0,0,0,0.0
47.26517856436724,0,0,0,0.0
47.26610164129032,0,0,0,0.0
47.27210164129032,0,0,0,0.0
47.2730247182134,0,0,0,0.0
47.2790247182134,0,0,0,0.0
47.27994779513648,0,0,0,0.0
47.28594779513648,0,0,0,0.0
47.28687087205956,0,0,0,0.0
47.29287087205956,0,0,0,0.0
47.29379394898264,0,0,0,0.0
47.29979394898264,0,0,0,0.0
47.30071702590572,0,0,0,0.0
47.30671702590572,0,0,0,0.0
47.3076401028288,0,0,0,0.0
47.3136401028288,0,0,0,0.0
47.31456317975188,0,0,0,0.0
47.32056317975188,0,0,0,0.0
47.32148625667496,0,0,0,0.0
47.32748625667496,0,0,0,0.0
47.32840933359804,0,0,0,0.0
47.33440933359804,0,0,0,0.0
47.33533241052112,0,0,0,0.0
47.34133241052112,0,0,0,0.0
47.3422554874442,0,0,0,0.0
47.3482554874442,0,0,0,0.0
47.34917856436728,0,0,0,0.0
47.35517856436728,0,0,0,0.0
47.35610164129036,0,0,0,0.0
47.36210164129036,0,0,0,0.0
47.36302471821344,0,0,0,0.0
47.36902471821344,0,0,0,0.0
47.36994779513652,0,0,0,0.0
47.37594779513652,0,0,0,0.0
47.3768708720596,0,0,0,0.0
47.3828708720596,0,0,0,0.0
47.38379394898268,0,0,0,0.0
47.38979394898268,0,0,0,0.0
47.39071702590576,0,0,0,0.0
47.39671702590576,0,0,0,0.0
47.39764010282884,0,0,0,0.0
47.40364010282884,0,0,0,0.0
47.40456317975192,0,0,0,0.0
47.41056317975192,0,0,0,0.0
47.411486256675,0,0,0,0.0
47.417486256675,0,0,0,0.0
47.41840933359808,0,0,0,0.0
47.42440933359808,0,0,0,0.0
47.42533241052116,0,0,0,0.0
47.43133241052116,0,0,0,0.0
47.43225548744424,0,0,0,0.0
47.43825548744424,0,0,0,0.0
47.43917856436732,0,0,0,0.0
47.44517856436732,0,0,0,0.0
47.4461016412904,0,0,0,0.0
47.4521016412904,0,0,0,0.0
47.45302471821348,0,0,0,0.0
47.45902471821348,0,0,0,0.0
47.45994779513656,0,0,0,0.0
47.46594779513656,0,0,0,0.0
47.46687087205964,0,0,0,0.0
47.47287087205964,0,0,0,0.0
47.47379394898272,0,0,0,0.0
47.47979394898272,0,0,0,0.0
47.4807170259058,0,0,0,0.0
47.4867170259058,0,0,0,0.0
47.48764010282888,0,0,0,0.0
47.49364010282888,0,0,0,0.0
47.49456317975196,0,0,0,0.0
47.50056317975196,0,0,0,0.0
47.50148625667504,0,0,0,0.0
47.50748625667504,0,0,0,0.0
47.50840933359812,0,0,0,0.0
47.51440933359812,0,0,0,0.0
47.5153324105212,0,0,0,0.0
47.5213324105212,0,0,0,0.0
47.522255487444276,0,0,0,0.0
47.52825548744428,0,0,0,0.0
47.529178564367356,0,0,0,0.0
47.53517856436736,0,0,0,0.0
47.536101641290436,0,0,0,0.0
47.54210164129044,0,0,0,0.0
47.543024718213516,0,0,0,0.0
47.549024718213516,0,0,0,0.0
47.549947795136596,0,0,0,0.0
47.555947795136596,0,0,0,0.0
47.556870872059676,0,0,0,0.0
47.562870872059676,0,0,0,0.0
47.563793948982756,0,0,0,0.0
47.569793948982756,0,0,0,0.0
47.570717025905836,0,0,0,0.0
47.576717025905836,0,0,0,0.0
47.577640102828916,0,0,0,0.0
47.583640102828916,0,0,0,0.0
47.584563179751996,0,0,0,0.0
47.590563179751996,0,0,0,0.0
47.591486256675076,0,0,0,0.0
47.597486256675076,0,0,0,0.0
47.598409333598156,0,0,0,0.0
47.604409333598156,0,0,0,0.0
47.605332410521235,0,0,0,0.0
47.611332410521236,0,0,0,0.0
47.612255487444315,0,0,0,0.0
47.618255487444316,0,0,0,0.0
47.619178564367395,0,0,0,0.0
47.625178564367395,0,0,0,0.0
47.626101641290475,0,0,0,0.0
47.632101641290475,0,0,0,0.0
47.633024718213555,0,0,0,0.0
47.639024718213555,0,0,0,0.0
47.639947795136635,0,0,0,0.0
47.645947795136635,0,0,0,0.0
47.646870872059715,0,0,0,0.0
47.652870872059715,0,0,0,0.0
47.653793948982795,0,0,0,0.0
47.659793948982795,0,0,0,0.0
47.660717025905875,0,0,0,0.0
47.666717025905875,0,0,0,0.0
47.667640102828955,0,0,0,0.0
47.673640102828955,0,0,0,0.0
47.674563179752035,0,0,0,0.0
47.680563179752035,0,0,0,0.0
47.681500679752034,0,0,0,0.0
47.687500679752034,0,0,0,0.0
47.68843817975203,0,0,0,0.0
47.694438179752034,0,0,0,0.0
47.69537567975203,0,0,0,0.0
47.70137567975203,0,0,0,0.0
47.70231317975203,0,0,0,0.0
47.70831317975203,0,0,0,0.0
47.70925067975203,0,0,0,0.0
47.71525067975203,0,0,0,0.0
47.71618817975203,0,0,0,0.0
47.72218817975203,0,0,0,0.0
47.72312567975203,0,0,0,0.0
47.72912567975203,0,0,0,0.0
47.73006317975203,0,0,0,0.0
47.73606317975203,0,0,0,0.0
47.73700067975203,0,0,0,0.0
47.74300067975203,0,0,0,0.0
47.74393817975203,0,0,0,0.0
47.74993817975203,0,0,0,0.0
47.75087567975203,0,0,0,0.0
47.75687567975203,0,0,0,0.0
47.75781317975203,0,0,0,0.0
47.76381317975203,0,0,0,0.0
47.76475067975203,0,0,0,0.0
47.77075067975203,0,0,0,0.0
47.771688179752026,0,0,0,0.0
47.777688179752026,0,0,0,0.0
47.778625679752025,0,0,0,0.0
47.784625679752025,0,0,0,0.0
47.785563179752025,0,0,0,0.0
47.791563179752025,0,0,0,0.0
47.792500679752024,0,0,0,0.0
47.798500679752024,0,0,0,0.0
47.79943817975202,0,0,0,0.0
47.805438179752024,0,0,0,0.0
47.80637567975202,0,0,0,0.0
47.81237567975202,0,0,0,0.0
47.81331317975202,0,0,0,0.0
47.81931317975202,0,0,0,0.0
47.82025067975202,0,0,0,0.0
47.82625067975202,0,0,0,0.0
47.82718817975202,0,0,0,0.0
47.83318817975202,0,0,0,0.0
47.83412567975202,0,0,0,0.0
47.84012567975202,0,0,0,0.0
47.84106317975202,0,0,0,0.0
47.84706317975202,0,0,0,0.0
47.84800067975202,0,0,0,0.0
47.85400067975202,0,0,0,0.0
47.85493817975202,0,0,0,0.0
47.86093817975202,0,0,0,0.0
47.86187567975202,0,0,0,0.0
47.86787567975202,0,0,0,0.0
47.86881317975202,0,0,0,0.0
47.87481317975202,0,0,0,0.0
47.87575067975202,0,0,0,0.0
47.88175067975202,0,0,0,0.0
47.882688179752016,0,0,0,0.0
47.888688179752016,0,0,0,0.0
47.889625679752015,0,0,0,0.0
47.895625679752015,0,0,0,0.0
47.896563179752015,0,0,0,0.0
47.902563179752015,0,0,0,0.0
47.903500679752014,0,0,0,0.0
47.909500679752014,0,0,0,0.0
47.91043817975201,0,0,0,0.0
47.916438179752014,0,0,0,0.0
47.91737567975201,0,0,0,0.0
47.92337567975201,0,0,0,0.0
47.92431317975201,0,0,0,0.0
47.93031317975201,0,0,0,0.0
47.93125067975201,0,0,0,0.0
47.93725067975201,0,0,0,0.0
47.93818817975201,0,0,0,0.0
47.94418817975201,0,0,0,0.0
47.945140560704395,0,0,0,0.0
47.951140560704395,0,0,0,0.0
47.95209294165678,0,0,0,0.0
47.95809294165678,0,0,0,0.0
47.959045322609164,0,0,0,0.0
47.965045322609164,0,0,0,0.0
47.96599770356155,0,0,0,0.0
47.97199770356155,0,0,0,0.0
47.97295008451393,0,0,0,0.0
47.97895008451393,0,0,0,0.0
47.97990246546632,0,0,0,0.0
47.98590246546632,0,0,0,0.0
47.9868548464187,0,0,0,0.0
47.9928548464187,0,0,0,0.0
47.993807227371086,0,0,0,0.0
47.999807227371086,0,0,0,0.0
48.00075960832347,0,0,0,0.0
48.00675960832347,0,0,0,0.0
48.007711989275855,0,0,0,0.0
48.013711989275855,0,0,0,0.0
48.01466437022824,0,0,0,0.0
48.02066437022824,0,0,0,0.0
48.02160187022824,0,0,0,0.0
48.02760187022824,0,0,0,0.0
48.02853937022824,0,0,0,0.0
48.03453937022824,0,0,0,0.0
48.03547687022824,0,0,0,0.0
48.04147687022824,0,0,0,0.0
48.04241437022824,0,0,0,0.0
48.04841437022824,0,0,0,0.0
48.049351870228236,0,0,0,0.0
48.055351870228236,0,0,0,0.0
48.056289370228235,0,0,0,0.0
48.062289370228235,0,0,0,0.0
48.063226870228235,0,0,0,0.0
48.069226870228235,0,0,0,0.0
48.07017925118062,0,0,0,0.0
48.07617925118062,0,0,0,0.0
48.077131632133,0,0,0,0.0
48.083131632133004,0,0,0,0.0
48.08408401308539,0,0,0,0.0
48.09008401308539,0,0,0,0.0
48.09103639403777,0,0,0,0.0
48.09703639403777,0,0,0,0.0
48.09798877499016,0,0,0,0.0
48.10398877499016,0,0,0,0.0
48.10494115594254,0,0,0,0.0
48.11094115594254,0,0,0,0.0
48.111893536894925,0,0,0,0.0
48.117893536894925,0,0,0,0.0
48.11884591784731,0,0,0,0.0
48.12484591784731,0,0,0,0.0
48.125798298799694,0,0,0,0.0
48.131798298799694,0,0,0,0.0
48.13275067975208,0,0,0,0.0
48.13875067975208,0,0,0,0.0
48.13970306070446,0,0,0,0.0
48.14570306070446,0,0,0,0.0
48.14665544165685,0,0,0,0.0
48.15265544165685,0,0,0,0.0
48.15362318359233,0,0,0,0.0
48.15962318359233,0,0,0,0.0
48.16059092552781,0,0,0,0.0
48.166590925527814,0,0,0,0.0
48.1675586674633,0,0,0,0.0
48.1735586674633,0,0,0,0.0
48.17452640939878,0,0,0,0.0
48.18052640939878,0,0,0,0.0
48.18149415133426,0,0,0,0.0
48.18749415133426,0,0,0,0.0
48.188461893269746,0,0,0,0.0
48.19446189326975,0,0,0,0.0
48.19542963520523,0,0,0,0.0
48.20142963520523,0,0,0,0.0
48.20239737714071,0,0,0,0.0
48.20839737714071,0,0,0,0.0
48.209365119076196,0,0,0,0.0
48.215365119076196,0,0,0,0.0
48.21633286101168,0,0,0,0.0
48.22233286101168,0,0,0,0.0
48.22330060294716,0,0,0,0.0
48.22930060294716,0,0,0,0.0
48.230268344882646,0,0,0,0.0
48.236268344882646,0,0,0,0.0
48.23723608681813,0,0,0,0.0
48.24323608681813,0,0,0,0.0
48.24420382875361,0,0,0,0.0
48.25020382875361,0,0,0,0.0
48.251171570689095,0,0,0,0.0
48.257171570689096,0,0,0,0.0
48.25813931262458,0,0,0,0.0
48.26413931262458,0,0,0,0.0
48.26510705456006,0,0,0,0.0
48.27110705456006,0,0,0,0.0
48.272074796495545,0,0,0,0.0
48.278074796495545,0,0,0,0.0
48.27904253843103,0,0,0,0.0
48.28504253843103,0,0,0,0.0
48.28601028036651,0,0,0,0.0
48.29201028036651,0,0,0,0.0
48.292978022301995,0,0,0,0.0
48.298978022301995,0,0,0,0.0
48.29994576423748,0,0,0,0.0
48.30594576423748,0,0,0,0.0
48.30691350617296,0,0,0,0.0
48.31291350617296,0,0,0,0.0
48.31389711273034,0,0,0,0.0
48.31989711273034,0,0,0,0.0
48.320880719287715,0,0,0,0.0
48.326880719287715,0,0,0,0.0
48.32786432584509,0,0,0,0.0
48.33386432584509,0,0,0,0.0
48.33484793240247,0,0,0,0.0
48.34084793240247,0,0,0,0.0
48.341831538959845,0,0,0,0.0
48.347831538959845,0,0,0,0.0
48.34881514551722,0,0,0,0.0
48.35481514551722,0,0,0,0.0
48.3557987520746,0,0,0,0.0
48.3617987520746,0,0,0,0.0
48.362782358631975,0,0,0,0.0
48.368782358631975,0,0,0,0.0
48.36976596518935,0,0,0,0.0
48.37576596518935,0,0,0,0.0
48.37674957174673,0,0,0,0.0
48.38274957174673,0,0,0,0.0
48.383733178304105,0,0,0,0.0
48.389733178304105,0,0,0,0.0
48.39071678486148,0,0,0,0.0
48.39671678486148,0,0,0,0.0
48.39770039141886,0,0,0,0.0
48.40370039141886,0,0,0,0.0
48.404683997976235,0,0,0,0.0
48.410683997976236,0,0,0,0.0
48.41166760453361,0,0,0,0.0
48.41766760453361,0,0,0,0.0
48.41865121109099,0,0,0,0.0
48.42465121109099,0,0,0,0.0
48.425634817648366,0,0,0,0.0
48.431634817648366,0,0,0,0.0
48.43261842420574,0,0,0,0.0
48.43861842420574,0,0,0,0.0
48.43960203076312,0,0,0,0.0
48.44560203076312,0,0,0,0.0
48.446585637320496,0,0,0,0.0
48.452585637320496,0,0,0,0.0
48.45356924387787,0,0,0,0.0
48.45956924387787,0,0,0,0.0
48.46055285043525,0,0,0,0.0
48.46655285043525,0,0,0,0.0
48.467536456992626,0,0,0,0.0
48.473536456992626,0,0,0,0.0
48.47452006355,0,0,0,0.0
48.48052006355,0,0,0,0.0
48.48150367010738,0,0,0,0.0
48.48750367010738,0,0,0,0.0
48.488487276664756,0,0,0,0.0
48.494487276664756,0,0,0,0.0
48.49547088322213,0,0,0,0.0
48.50147088322213,0,0,0,0.0
48.50245448977951,0,0,0,0.0
48.50845448977951,0,0,0,0.0
48.509438096336886,0,0,0,0.0
48.51543809633689,0,0,0,0.0
48.51642170289426,0,0,0,0.0
48.52242170289426,0,0,0,0.0
48.52340530945164,0,0,0,0.0
48.52940530945164,0,0,0,0.0
48.53038891600902,0,0,0,0.0
48.53638891600902,0,0,0,0.0
48.53737252256639,0,0,0,0.0
48.54337252256639,0,0,0,0.0
48.54435612912377,0,0,0,0.0
48.55035612912377,0,0,0,0.0
48.55133973568115,0,0,0,0.0
48.55733973568115,0,0,0,0.0
48.55832334223852,0,0,0,0.0
48.564323342238524,0,0,0,0.0
48.5653069487959,0,0,0,0.0
48.5713069487959,0,0,0,0.0
48.57229055535328,0,0,0,0.0
48.57829055535328,0,0,0,0.0
48.579274161910654,0,0,0,0.0
48.585274161910654,0,0,0,0.0
48.58625776846803,0,0,0,0.0
48.59225776846803,0,0,0,0.0
48.59324137502541,0,0,0,0.0
48.59924137502541,0,0,0,0.0
48.600224981582784,0,0,0,0.0
48.606224981582784,0,0,0,0.0
48.60720858814016,0,0,0,0.0
48.61320858814016,0,0,0,0.0
48.61419219469754,0,0,0,0.0
48.62019219469754,0,0,0,0.0
48.621175801254914,0,0,0,0.0
48.627175801254914,0,0,0,0.0
48.62815940781229,0,0,0,0.0
48.63415940781229,0,0,0,0.0
48.63514301436967,0,0,0,0.0
48.64114301436967,0,0,0,0.0
48.642126620927044,0,0,0,0.0
48.648126620927044,0,0,0,0.0
48.64911022748442,0,0,0,0.0
48.65511022748442,0,0,0,0.0
48.6560938340418,0,0,0,0.0
48.6620938340418,0,0,0,0.0
48.663077440599174,0,0,0,0.0
48.669077440599175,0,0,0,0.0
48.67006104715655,0,0,0,0.0
48.67606104715655,0,0,0,0.0
48.67704465371393,0,0,0,0.0
48.68304465371393,0,0,0,0.0
48.684028260271305,0,0,0,0.0
48.690028260271305,0,0,0,0.0
48.69101186682868,0,0,0,0.0
48.69701186682868,0,0,0,0.0
48.69799547338606,0,0,0,0.0
48.70399547338606,0,0,0,0.0
48.704979079943435,0,0,0,0.0
48.710979079943435,0,0,0,0.0
48.71196268650081,0,0,0,0.0
48.71796268650081,0,0,0,0.0
48.71894629305819,0,0,0,0.0
48.72494629305819,0,0,0,0.0
48.725929899615565,0,0,0,0.0
48.731929899615565,0,0,0,0.0
48.73291350617294,0,0,0,0.0
48.73891350617294,0,0,0,0.0
48.73989711273032,0,0,0,0.0
48.74589711273032,0,0,0,0.0
48.746880719287695,0,0,0,0.0
48.752880719287695,0,0,0,0.0
48.75386432584507,0,0,0,0.0
48.75986432584507,0,0,0,0.0
48.76084793240245,0,0,0,0.0
48.76684793240245,0,0,0,0.0
48.767831538959825,0,0,0,0.0
48.773831538959826,0,0,0,0.0
48.7748151455172,0,0,0,0.0
48.7808151455172,0,0,0,0.0
48.78179875207458,0,0,0,0.0
48.78779875207458,0,0,0,0.0
48.788782358631956,0,0,0,0.0
48.794782358631956,0,0,0,0.0
48.79576596518933,0,0,0,0.0
48.80176596518933,0,0,0,0.0
48.80276596518933,0,0,0,0.0
48.80876596518933,0,0,0,0.0
48.80976596518933,0,0,0,0.0
48.81576596518933,0,0,0,0.0
48.816765965189326,0,0,0,0.0
48.822765965189326,0,0,0,0.0
48.823765965189324,0,0,0,0.0
48.829765965189324,0,0,0,0.0
48.83076596518932,0,0,0,0.0
48.83676596518932,0,0,0,0.0
48.83776596518932,0,0,0,0.0
48.84376596518932,0,0,0,0.0
48.844749571746696,0,0,0,0.0
48.8507495717467,0,0,0,0.0
48.85173317830407,0,0,0,0.0
48.85773317830407,0,0,0,0.0
48.85871678486145,0,0,0,0.0
48.86471678486145,0,0,0,0.0
48.86570039141883,0,0,0,0.0
48.87170039141883,0,0,0,0.0
48.8726839979762,0,0,0,0.0
48.878683997976204,0,0,0,0.0
48.87966760453358,0,0,0,0.0
48.88566760453358,0,0,0,0.0
48.88665121109096,0,0,0,0.0
48.89265121109096,0,0,0,0.0
48.89363481764833,0,0,0,0.0
48.899634817648334,0,0,0,0.0
48.90061842420571,0,0,0,0.0
48.90661842420571,0,0,0,0.0
48.90760203076309,0,0,0,0.0
48.91360203076309,0,0,0,0.0
48.914585637320464,0,0,0,0.0
48.920585637320464,0,0,0,0.0
48.92156924387784,0,0,0,0.0
48.92756924387784,0,0,0,0.0
48.92855285043522,0,0,0,0.0
48.93455285043522,0,0,0,0.0
48.935536456992594,0,0,0,0.0
48.941536456992594,0,0,0,0.0
48.94252006354997,0,0,0,0.0
48.94852006354997,0,0,0,0.0
48.94950367010735,0,0,0,0.0
48.95550367010735,0,0,0,0.0
48.956487276664724,0,0,0,0.0
48.962487276664724,0,0,0,0.0
48.96348727666472,0,0,0,0.0
48.96948727666472,0,0,0,0.0
48.97048727666472,0,0,0,0.0
48.97648727666472,0,0,0,0.0
48.97748727666472,0,0,0,0.0
48.98348727666472,0,0,0,0.0
48.984487276664716,0,0,0,0.0
48.990487276664716,0,0,0,0.0
48.991487276664714,0,0,0,0.0
48.997487276664714,0,0,0,0.0
48.99848727666471,0,0,0,0.0
49.00448727666471,0,0,0,0.0
49.00548727666471,0,0,0,0.0
49.01148727666471,0,0,0,0.0
49.01250422581725,0,0,0,0.0
49.01850422581725,0,0,0,0.0
49.019521174969796,0,0,0,0.0
49.025521174969796,0,0,0,0.0
49.02653812412234,0,0,0,0.0
49.03253812412234,0,0,0,0.0
49.03355507327488,0,0,0,0.0
49.03955507327488,0,0,0,0.0
49.040572022427426,0,0,0,0.0
49.046572022427426,0,0,0,0.0
49.04758897157997,0,0,0,0.0
49.05358897157997,0,0,0,0.0
49.05460592073251,0,0,0,0.0
49.06060592073251,0,0,0,0.0
49.061622869885056,0,0,0,0.0
49.06762286988506,0,0,0,0.0
49.0686398190376,0,0,0,0.0
49.0746398190376,0,0,0,0.0
49.07565676819014,0,0,0,0.0
49.08165676819014,0,0,0,0.0
49.082673717342686,0,0,0,0.0
49.08867371734269,0,0,0,0.0
49.08969066649523,0,0,0,0.0
49.09569066649523,0,0,0,0.0
49.09670761564777,0,0,0,0.0
49.10270761564777,0,0,0,0.0
49.103724564800316,0,0,0,0.0
49.10972456480032,0,0,0,0.0
49.110759047558936,0,0,0,0.0
49.116759047558936,0,0,0,0.0
49.117793530317556,0,0,0,0.0
49.123793530317556,0,0,0,0.0
49.124828013076176,0,0,0,0.0
49.130828013076176,0,0,0,0.0
49.131862495834795,0,0,0,0.0
49.137862495834796,0,0,0,0.0
49.138896978593415,0,0,0,0.0
49.144896978593415,0,0,0,0.0
49.145931461352035,0,0,0,0.0
49.151931461352035,0,0,0,0.0
49.152965944110655,0,0,0,0.0
49.158965944110655,0,0,0,0.0
49.160000426869274,0,0,0,0.0
49.166000426869275,0,0,0,0.0
49.167034909627894,0,0,0,0.0
49.173034909627894,0,0,0,0.0
49.174069392386514,0,0,0,0.0
49.180069392386514,0,0,0,0.0
49.18110387514513,0,0,0,0.0
49.187103875145134,0,0,0,0.0
49.18813835790375,0,0,0,0.0
49.19413835790375,0,0,0,0.0
49.19517284066237,0,0,0,0.0
49.20117284066237,0,0,0,0.0
49.20220732342099,0,0,0,0.0
49.20820732342099,0,0,0,0.0
49.20924180617961,0,0,0,0.0
49.21524180617961,0,0,0,0.0
49.21627628893823,0,0,0,0.0
49.22227628893823,0,0,0,0.0
49.22331077169685,0,0,0,0.0
49.22931077169685,0,0,0,0.0
49.23034525445547,0,0,0,0.0
49.23634525445547,0,0,0,0.0
49.23737973721409,0,0,0,0.0
49.24337973721409,0,0,0,0.0
49.24441421997271,0,0,0,0.0
49.25041421997271,0,0,0,0.0
49.25144870273133,0,0,0,0.0
49.25744870273133,0,0,0,0.0
49.25848318548995,0,0,0,0.0
49.26448318548995,0,0,0,0.0
49.26551766824857,0,0,0,0.0
49.27151766824857,0,0,0,0.0
49.27255215100719,0,0,0,0.0
49.27855215100719,0,0,0,0.0
49.27958663376581,0,0,0,0.0
49.28558663376581,0,0,0,0.0
49.28662111652443,0,0,0,0.0
49.29262111652443,0,0,0,0.0
49.29365559928305,0,0,0,0.0
49.29965559928305,0,0,0,0.0
49.30069008204167,0,0,0,0.0
49.30669008204167,0,0,0,0.0
49.30772456480029,0,0,0,0.0
49.31372456480029,0,0,0,0.0
49.31475904755891,0,0,0,0.0
49.32075904755891,0,0,0,0.0
49.32179353031753,0,0,0,0.0
49.32779353031753,0,0,0,0.0
49.32882801307615,0,0,0,0.0
49.33482801307615,0,0,0,0.0
49.33584496222869,0,0,0,0.0
49.34184496222869,0,0,0,0.0
49.342861911381235,0,0,0,0.0
49.348861911381235,0,0,0,0.0
49.34987886053378,0,0,0,0.0
49.35587886053378,0,0,0,0.0
49.35689580968632,0,0,0,0.0
49.36289580968632,0,0,0,0.0
49.363912758838865,0,0,0,0.0
49.369912758838865,0,0,0,0.0
49.37092970799141,0,0,0,0.0
49.37692970799141,0,0,0,0.0
49.37794665714395,0,0,0,0.0
49.38394665714395,0,0,0,0.0
49.384963606296495,0,0,0,0.0
49.390963606296495,0,0,0,0.0
49.391998089055114,0,0,0,0.0
49.397998089055115,0,0,0,0.0
49.399032571813734,0,0,0,0.0
49.405032571813734,0,0,0,0.0
49.406067054572354,0,0,0,0.0
49.412067054572354,0,0,0,0.0
49.413101537330974,0,0,0,0.0
49.419101537330974,0,0,0,0.0
49.42013602008959,0,0,0,0.0
49.426136020089594,0,0,0,0.0
49.42717050284821,0,0,0,0.0
49.43317050284821,0,0,0,0.0
49.434223134427164,0,0,0,0.0
49.440223134427164,0,0,0,0.0
49.441275766006115,0,0,0,0.0
49.447275766006115,0,0,0,0.0
49.448328397585065,0,0,0,0.0
49.454328397585066,0,0,0,0.0
49.455381029164016,0,0,0,0.0
49.461381029164016,0,0,0,0.0
49.46243366074297,0,0,0,0.0
49.46843366074297,0,0,0,0.0
49.46948629232192,0,0,0,0.0
49.47548629232192,0,0,0,0.0
49.47653892390087,0,0,0,0.0
49.48253892390087,0,0,0,0.0
49.48359155547982,0,0,0,0.0
49.48959155547982,0,0,0,0.0
49.49064418705877,0,0,0,0.0
49.49664418705877,0,0,0,0.0
49.49769681863772,0,0,0,0.0
49.50369681863772,0,0,0,0.0
49.50474945021667,0,0,0,0.0
49.51074945021667,0,0,0,0.0
49.51180208179562,0,0,0,0.0
49.51780208179562,0,0,0,0.0
49.51885471337457,0,0,0,0.0
49.52485471337457,0,0,0,0.0
49.525907344953524,0,0,0,0.0
49.531907344953524,0,0,0,0.0
49.532959976532474,0,0,0,0.0
49.538959976532475,0,0,0,0.0
49.540012608111425,0,0,0,0.0
49.546012608111425,0,0,0,0.0
49.547065239690376,0,0,0,0.0
49.553065239690376,0,0,0,0.0
49.55411787126933,0,0,0,0.0
49.56011787126933,0,0,0,0.0
49.56117050284828,0,0,0,0.0
49.56717050284828,0,0,0,0.0
49.56822313442723,0,0,0,0.0
49.57422313442723,0,0,0,0.0
49.57527576600618,0,0,0,0.0
49.58127576600618,0,0,0,0.0
49.58232839758513,0,0,0,0.0
49.58832839758513,0,0,0,0.0
49.58938102916408,0,0,0,0.0
49.59538102916408,0,0,0,0.0
49.59643366074303,0,0,0,0.0
49.60243366074303,0,0,0,0.0
49.60348629232198,0,0,0,0.0
49.60948629232198,0,0,0,0.0
49.61053892390093,0,0,0,0.0
49.61653892390093,0,0,0,0.0
49.61759155547988,0,0,0,0.0
49.623591555479884,0,0,0,0.0
49.624644187058834,0,0,0,0.0
49.630644187058834,0,0,0,0.0
49.631696818637785,0,0,0,0.0
49.637696818637785,0,0,0,0.0
49.638749450216736,0,0,0,0.0
49.644749450216736,0,0,0,0.0
49.645783932975355,0,0,0,0.0
49.651783932975356,0,0,0,0.0
49.652818415733975,0,0,0,0.0
49.658818415733975,0,0,0,0.0
49.659852898492595,0,0,0,0.0
49.665852898492595,0,0,0,0.0
49.666887381251215,0,0,0,0.0
49.672887381251215,0,0,0,0.0
49.673921864009834,0,0,0,0.0
49.679921864009835,0,0,0,0.0
49.680956346768454,0,0,0,0.0
49.686956346768454,0,0,0,0.0
49.687990829527074,0,0,0,0.0
49.693990829527074,0,0,0,0.0
49.69502531228569,0,0,0,0.0
49.701025312285694,0,0,0,0.0
49.70205979504431,0,0,0,0.0
49.70805979504431,0,0,0,0.0
49.70909427780293,0,0,0,0.0
49.71509427780293,0,0,0,0.0
49.71612876056155,0,0,0,0.0
49.72212876056155,0,0,0,0.0
49.72316324332017,0,0,0,0.0
49.72916324332017,0,0,0,0.0
49.73019772607879,0,0,0,0.0
49.73619772607879,0,0,0,0.0
49.73723220883741,0,0,0,0.0
49.74323220883741,0,0,0,0.0
49.74426669159603,0,0,0,0.0
49.75026669159603,0,0,0,0.0
49.75130117435465,0,0,0,0.0
49.75730117435465,0,0,0,0.0
49.75833565711327,0,0,0,0.0
49.76433565711327,0,0,0,0.0
49.76537013987189,0,0,0,0.0
49.77137013987189,0,0,0,0.0
49.77240462263051,0,0,0,0.0
49.77840462263051,0,0,0,0.0
49.77943910538913,0,0,0,0.0
49.78543910538913,0,0,0,0.0
49.78647358814775,0,0,0,0.0
49.79247358814775,0,0,0,0.0
49.79350807090637,0,0,0,0.0
49.79950807090637,0,0,0,0.0
49.80054255366499,0,0,0,0.0
49.80654255366499,0,0,0,0.0
49.80757703642361,0,0,0,0.0
49.81357703642361,0,0,0,0.0
49.81461151918223,0,0,0,0.0
49.82061151918223,0,0,0,0.0
49.82164600194085,0,0,0,0.0
49.82764600194085,0,0,0,0.0
49.82868048469947,0,0,0,0.0
49.83468048469947,0,0,0,0.0
49.83571496745809,0,0,0,0.0
49.84171496745809,0,0,0,0.0
49.84274945021671,0,0,0,0.0
49.84874945021671,0,0,0,0.0
49.84978393297533,0,0,0,0.0
49.85578393297533,0,0,0,0.0
49.85681841573395,0,0,0,0.0
49.86281841573395,0,0,0,0.0
49.86385289849257,0,0,0,0.0
49.86985289849257,0,0,0,0.0
49.87088738125119,0,0,0,0.0
49.87688738125119,0,0,0,0.0
49.87792186400981,0,0,0,0.0
49.88392186400981,0,0,0,0.0
49.884956346768426,0,0,0,0.0
49.89095634676843,0,0,0,0.0
49.891990829527046,0,0,0,0.0
49.897990829527046,0,0,0,0.0
49.899043461106,0,0,0,0.0
49.905043461106,0,0,0,0.0
49.90609609268495,0,0,0,0.0
49.91209609268495,0,0,0,0.0
49.9131487242639,0,0,0,0.0
49.9191487242639,0,0,0,0.0
49.92020135584285,0,0,0,0.0
49.92620135584285,0,0,0,0.0
49.9272539874218,0,0,0,0.0
49.9332539874218,0,0,0,0.0
49.93430661900075,0,0,0,0.0
49.94030661900075,0,0,0,0.0
49.9413592505797,0,0,0,0.0
49.9473592505797,0,0,0,0.0
49.94841188215865,0,0,0,0.0
49.95441188215865,0,0,0,0.0
49.9554645137376,0,0,0,0.0
49.9614645137376,0,0,0,0.0
49.96251714531655,0,0,0,0.0
49.968517145316554,0,0,0,0.0
49.969569776895504,0,0,0,0.0
49.975569776895505,0,0,0,0.0
49.976622408474455,0,0,0,0.0
49.982622408474455,0,0,0,0.0
49.983675040053406,0,0,0,0.0
49.989675040053406,0,0,0,0.0
49.99072767163236,0,0,0,0.0
49.99672767163236,0,0,0,0.0
49.99778030321131,0,0,0,0.0
50.00378030321131,0,0,0,0.0
50.00483293479026,0,0,0,0.0
50.01083293479026,0,0,0,0.0
50.01188556636921,0,0,0,0.0
50.01788556636921,0,0,0,0.0
50.01892004912783,0,0,0,0.0
50.02492004912783,0,0,0,0.0
50.02595453188645,0,0,0,0.0
50.03195453188645,0,0,0,0.0
50.03298901464507,0,0,0,0.0
50.03898901464507,0,0,0,0.0
50.04002349740369,0,0,0,0.0
50.04602349740369,0,0,0,0.0
50.04705798016231,0,0,0,0.0
50.05305798016231,0,0,0,0.0
50.05409246292093,0,0,0,0.0
50.06009246292093,0,0,0,0.0
50.06112694567955,0,0,0,0.0
50.06712694567955,0,0,0,0.0
50.06816142843817,0,0,0,0.0
50.07416142843817,0,0,0,0.0
50.075195911196786,0,0,0,0.0
50.08119591119679,0,0,0,0.0
50.082230393955406,0,0,0,0.0
50.088230393955406,0,0,0,0.0
50.089264876714026,0,0,0,0.0
50.095264876714026,0,0,0,0.0
50.096299359472646,0,0,0,0.0
50.102299359472646,0,0,0,0.0
50.103333842231265,0,0,0,0.0
50.109333842231266,0,0,0,0.0
50.110368324989885,0,0,0,0.0
50.116368324989885,0,0,0,0.0
50.117402807748505,0,0,0,0.0
50.123402807748505,0,0,0,0.0
50.124437290507124,0,0,0,0.0
50.130437290507125,0,0,0,0.0
50.131471773265744,0,0,0,0.0
50.137471773265744,0,0,0,0.0
50.138506256024364,0,0,0,0.0
50.144506256024364,0,0,0,0.0
50.145540738782984,0,0,0,0.0
50.151540738782984,0,0,0,0.0
50.1525752215416,0,0,0,0.0
50.158575221541604,0,0,0,0.0
50.15960970430022,0,0,0,0.0
50.16560970430022,0,0,0,0.0
50.16664418705884,0,0,0,0.0
50.17264418705884,0,0,0,0.0
50.17367866981746,0,0,0,0.0
50.17967866981746,0,0,0,0.0
50.18071315257608,0,0,0,0.0
50.18671315257608,0,0,0,0.0
50.1877476353347,0,0,0,0.0
50.1937476353347,0,0,0,0.0
50.19478211809332,0,0,0,0.0
50.20078211809332,0,0,0,0.0
50.20181660085194,0,0,0,0.0
50.20781660085194,0,0,0,0.0
50.20885108361056,0,0,0,0.0
50.21485108361056,0,0,0,0.0
50.21588556636918,0,0,0,0.0
50.22188556636918,0,0,0,0.0
50.2229200491278,0,0,0,0.0
50.2289200491278,0,0,0,0.0
50.22995453188642,0,0,0,0.0
50.23595453188642,0,0,0,0.0
50.23698901464504,0,0,0,0.0
50.24298901464504,0,0,0,0.0
50.24402349740366,0,0,0,0.0
50.25002349740366,0,0,0,0.0
50.25105798016228,0,0,0,0.0
50.25705798016228,0,0,0,0.0
50.2580924629209,0,0,0,0.0
50.2640924629209,0,0,0,0.0
50.26512694567952,0,0,0,0.0
50.27112694567952,0,0,0,0.0
50.27216142843814,0,0,0,0.0
50.27816142843814,0,0,0,0.0
50.27919591119676,0,0,0,0.0
50.28519591119676,0,0,0,0.0
50.28623039395538,0,0,0,0.0
50.29223039395538,0,0,0,0.0
50.293264876714,0,0,0,0.0
50.299264876714,0,0,0,0.0
50.30029935947262,0,0,0,0.0
50.30629935947262,0,0,0,0.0
50.30733384223124,0,0,0,0.0
50.31333384223124,0,0,0,0.0
50.31436832498986,0,0,0,0.0
50.32036832498986,0,0,0,0.0
50.32140280774848,0,0,0,0.0
50.32740280774848,0,0,0,0.0
50.3284372905071,0,0,0,0.0
50.3344372905071,0,0,0,0.0
50.335471773265716,0,0,0,0.0
50.34147177326572,0,0,0,0.0
50.342506256024336,0,0,0,0.0
50.348506256024336,0,0,0,0.0
50.349540738782956,0,0,0,0.0
50.355540738782956,0,0,0,0.0
50.356575221541576,0,0,0,0.0
50.362575221541576,0,0,0,0.0
50.363609704300195,0,0,0,0.0
50.369609704300196,0,0,0,0.0
50.370644187058815,0,0,0,0.0
50.376644187058815,0,0,0,0.0
50.377678669817435,0,0,0,0.0
50.383678669817435,0,0,0,0.0
50.384713152576055,0,0,0,0.0
50.390713152576055,0,0,0,0.0
50.391747635334674,0,0,0,0.0
50.397747635334674,0,0,0,0.0
50.398782118093294,0,0,0,0.0
50.404782118093294,0,0,0,0.0
50.405816600851914,0,0,0,0.0
50.411816600851914,0,0,0,0.0
50.41285108361053,0,0,0,0.0
50.418851083610534,0,0,0,0.0
50.41988556636915,0,0,0,0.0
50.42588556636915,0,0,0,0.0
50.42692004912777,0,0,0,0.0
50.43292004912777,0,0,0,0.0
50.43395453188639,0,0,0,0.0
50.43995453188639,0,0,0,0.0
50.44098901464501,0,0,0,0.0
50.44698901464501,0,0,0,0.0
50.44802349740363,0,0,0,0.0
50.45402349740363,0,0,0,0.0
50.45505798016225,0,0,0,0.0
50.46105798016225,0,0,0,0.0
50.46209246292087,0,0,0,0.0
50.46809246292087,0,0,0,0.0
50.46912694567949,0,0,0,0.0
50.47512694567949,0,0,0,0.0
50.47616142843811,0,0,0,0.0
50.48216142843811,0,0,0,0.0
50.48319591119673,0,0,0,0.0
50.48919591119673,0,0,0,0.0
50.49023039395535,0,0,0,0.0
50.49623039395535,0,0,0,0.0
50.49726487671397,0,0,0,0.0
50.50326487671397,0,0,0,0.0
50.50429935947259,0,0,0,0.0
50.51029935947259,0,0,0,0.0
50.51133384223121,0,0,0,0.0
50.51733384223121,0,0,0,0.0
50.51836832498983,0,0,0,0.0
50.52436832498983,0,0,0,0.0
50.52540280774845,0,0,0,0.0
50.53140280774845,0,0,0,0.0
50.53243729050707,0,0,0,0.0
50.53843729050707,0,0,0,0.0
50.53947177326569,0,0,0,0.0
50.54547177326569,0,0,0,0.0
50.54650625602431,0,0,0,0.0
50.55250625602431,0,0,0,0.0
50.55354073878293,0,0,0,0.0
50.55954073878293,0,0,0,0.0
50.56057522154155,0,0,0,0.0
50.56657522154155,0,0,0,0.0
50.56760970430017,0,0,0,0.0
50.57360970430017,0,0,0,0.0
50.57464418705879,0,0,0,0.0
50.58064418705879,0,0,0,0.0
50.58167866981741,0,0,0,0.0
50.58767866981741,0,0,0,0.0
50.58871315257603,0,0,0,0.0
50.59471315257603,0,0,0,0.0
50.59574763533465,0,0,0,0.0
50.60174763533465,0,0,0,0.0
50.602782118093266,0,0,0,0.0
50.608782118093266,0,0,0,0.0
50.609816600851886,0,0,0,0.0
50.615816600851886,0,0,0,0.0
50.61686923243084,0,0,0,0.0
50.62286923243084,0,0,0,0.0
50.62392186400979,0,0,0,0.0
50.62992186400979,0,0,0,0.0
50.63097449558874,0,0,0,0.0
50.63697449558874,0,0,0,0.0
50.63802712716769,0,0,0,0.0
50.64402712716769,0,0,0,0.0
50.64507975874664,0,0,0,0.0
50.65107975874664,0,0,0,0.0
50.65213239032559,0,0,0,0.0
50.65813239032559,0,0,0,0.0
50.65918502190454,0,0,0,0.0
50.66518502190454,0,0,0,0.0
50.66623765348349,0,0,0,0.0
50.67223765348349,0,0,0,0.0
50.67329028506244,0,0,0,0.0
50.67929028506244,0,0,0,0.0
50.68034291664139,0,0,0,0.0
50.686342916641394,0,0,0,0.0
50.687395548220344,0,0,0,0.0
50.693395548220344,0,0,0,0.0
50.694448179799295,0,0,0,0.0
50.700448179799295,0,0,0,0.0
50.701500811378246,0,0,0,0.0
50.707500811378246,0,0,0,0.0
50.7085534429572,0,0,0,0.0
50.7145534429572,0,0,0,0.0
50.71560607453615,0,0,0,0.0
50.72160607453615,0,0,0,0.0
50.7226587061151,0,0,0,0.0
50.7286587061151,0,0,0,0.0
50.72971133769405,0,0,0,0.0
50.73571133769405,0,0,0,0.0
50.73678276626548,0,0,0,0.0
50.74278276626548,0,0,0,0.0
50.743854194836906,0,0,0,0.0
50.74985419483691,0,0,0,0.0
50.750925623408335,0,0,0,0.0
50.756925623408335,0,0,0,0.0
50.757997051979764,0,0,0,0.0
50.763997051979764,0,0,0,0.0
50.76506848055119,0,0,0,0.0
50.77106848055119,0,0,0,0.0
50.77213990912262,0,0,0,0.0
50.77813990912262,0,0,0,0.0
50.77921133769405,0,0,0,0.0
50.78521133769405,0,0,0,0.0
50.78628276626548,0,0,0,0.0
50.79228276626548,0,0,0,0.0
50.79335419483691,0,0,0,0.0
50.79935419483691,0,0,0,0.0
50.80042562340834,0,0,0,0.0
50.80642562340834,0,0,0,0.0
50.807497051979766,0,0,0,0.0
50.813497051979766,0,0,0,0.0
50.814568480551195,0,0,0,0.0
50.820568480551195,0,0,0,0.0
50.821639909122624,0,0,0,0.0
50.827639909122624,0,0,0,0.0
50.82871133769405,0,0,0,0.0
50.83471133769405,0,0,0,0.0
50.83578276626548,0,0,0,0.0
50.84178276626548,0,0,0,0.0
50.84285419483691,0,0,0,0.0
50.84885419483691,0,0,0,0.0
50.84992562340834,0,0,0,0.0
50.85592562340834,0,0,0,0.0
50.85699705197977,0,0,0,0.0
50.86299705197977,0,0,0,0.0
50.8640684805512,0,0,0,0.0
50.8700684805512,0,0,0,0.0
50.871139909122626,0,0,0,0.0
50.877139909122626,0,0,0,0.0
50.878211337694054,0,0,0,0.0
50.884211337694055,0,0,0,0.0
50.88528276626548,0,0,0,0.0
50.89128276626548,0,0,0,0.0
50.89235419483691,0,0,0,0.0
50.89835419483691,0,0,0,0.0
50.89942562340834,0,0,0,0.0
50.90542562340834,0,0,0,0.0
50.90649705197977,0,0,0,0.0
50.91249705197977,0,0,0,0.0
50.9135684805512,0,0,0,0.0
50.9195684805512,0,0,0,0.0
50.92063990912263,0,0,0,0.0
50.92663990912263,0,0,0,0.0
50.927711337694056,0,0,0,0.0
50.93371133769406,0,0,0,0.0
50.934782766265485,0,0,0,0.0
50.940782766265485,0,0,0,0.0
50.941854194836914,0,0,0,0.0
50.947854194836914,0,0,0,0.0
50.94892562340834,0,0,0,0.0
50.95492562340834,0,0,0,0.0
50.95599705197977,0,0,0,0.0
50.96199705197977,0,0,0,0.0
50.9630684805512,0,0,0,0.0
50.9690684805512,0,0,0,0.0
50.97013990912263,0,0,0,0.0
50.97613990912263,0,0,0,0.0
50.97721133769406,0,0,0,0.0
50.98321133769406,0,0,0,0.0
50.98428276626549,0,0,0,0.0
50.99028276626549,0,0,0,0.0
50.991354194836916,0,0,0,0.0
50.997354194836916,0,0,0,0.0
50.998425623408345,0,0,0,0.0
51.004425623408345,0,0,0,0.0
51.00549705197977,0,0,0,0.0
51.011497051979774,0,0,0,0.0
51.0125684805512,0,0,0,0.0
51.0185684805512,0,0,0,0.0
51.01963990912263,0,0,0,0.0
51.02563990912263,0,0,0,0.0
51.02671133769406,0,0,0,0.0
51.03271133769406,0,0,0,0.0
51.03378276626549,0,0,0,0.0
51.03978276626549,0,0,0,0.0
51.04085419483692,0,0,0,0.0
51.04685419483692,0,0,0,0.0
51.04792562340835,0,0,0,0.0
51.05392562340835,0,0,0,0.0
51.054997051979775,0,0,0,0.0
51.060997051979776,0,0,0,0.0
51.062068480551204,0,0,0,0.0
51.068068480551204,0,0,0,0.0
51.06913990912263,0,0,0,0.0
51.07513990912263,0,0,0,0.0
51.07621133769406,0,0,0,0.0
51.08221133769406,0,0,0,0.0
51.08328276626549,0,0,0,0.0
51.08928276626549,0,0,0,0.0
51.09035419483692,0,0,0,0.0
51.09635419483692,0,0,0,0.0
51.09742562340835,0,0,0,0.0
51.10342562340835,0,0,0,0.0
51.10449705197978,0,0,0,0.0
51.11049705197978,0,0,0,0.0
51.111568480551206,0,0,0,0.0
51.117568480551206,0,0,0,0.0
51.118639909122635,0,0,0,0.0
51.124639909122635,0,0,0,0.0
51.125711337694064,0,0,0,0.0
51.131711337694064,0,0,0,0.0
51.13278276626549,0,0,0,0.0
51.13878276626549,0,0,0,0.0
51.13985419483692,0,0,0,0.0
51.14585419483692,0,0,0,0.0
51.14692562340835,0,0,0,0.0
51.15292562340835,0,0,0,0.0
51.15399705197978,0,0,0,0.0
51.15999705197978,0,0,0,0.0
51.16106848055121,0,0,0,0.0
51.16706848055121,0,0,0,0.0
51.16813990912264,0,0,0,0.0
51.17413990912264,0,0,0,0.0
51.175211337694066,0,0,0,0.0
51.181211337694066,0,0,0,0.0
51.182282766265494,0,0,0,0.0
51.188282766265495,0,0,0,0.0
51.18935419483692,0,0,0,0.0
51.19535419483692,0,0,0,0.0
51.19642562340835,0,0,0,0.0
51.20242562340835,0,0,0,0.0
51.20349705197978,0,0,0,0.0
51.20949705197978,0,0,0,0.0
51.21056848055121,0,0,0,0.0
51.21656848055121,0,0,0,0.0
51.21763990912264,0,0,0,0.0
51.22363990912264,0,0,0,0.0
51.22471133769407,0,0,0,0.0
51.23071133769407,0,0,0,0.0
51.231782766265496,0,0,0,0.0
51.2377827662655,0,0,0,0.0
51.238854194836925,0,0,0,0.0
51.244854194836925,0,0,0,0.0
51.245925623408354,0,0,0,0.0
51.251925623408354,0,0,0,0.0
51.25299705197978,0,0,0,0.0
51.25899705197978,0,0,0,0.0
51.26006848055121,0,0,0,0.0
51.26606848055121,0,0,0,0.0
51.26713990912264,0,0,0,0.0
51.27313990912264,0,0,0,0.0
51.27421133769407,0,0,0,0.0
51.28021133769407,0,0,0,0.0
51.2812827662655,0,0,0,0.0
51.2872827662655,0,0,0,0.0
51.28835419483693,0,0,0,0.0
51.29435419483693,0,0,0,0.0
51.295425623408356,0,0,0,0.0
51.301425623408356,0,0,0,0.0
51.302497051979785,0,0,0,0.0
51.308497051979785,0,0,0,0.0
51.309568480551214,0,0,0,0.0
51.315568480551214,0,0,0,0.0
51.31663990912264,0,0,0,0.0
51.32263990912264,0,0,0,0.0
51.32371133769407,0,0,0,0.0
51.32971133769407,0,0,0,0.0
51.3307827662655,0,0,0,0.0
51.3367827662655,0,0,0,0.0
51.33785419483693,0,0,0,0.0
51.34385419483693,0,0,0,0.0
51.34492562340836,0,0,0,0.0
51.35092562340836,0,0,0,0.0
51.35199705197979,0,0,0,0.0
51.35799705197979,0,0,0,0.0
51.359068480551215,0,0,0,0.0
51.365068480551216,0,0,0,0.0
51.366139909122644,0,0,0,0.0
51.372139909122644,0,0,0,0.0
51.37321133769407,0,0,0,0.0
51.37921133769407,0,0,0,0.0
51.3802827662655,0,0,0,0.0
51.3862827662655,0,0,0,0.0
51.38735419483693,0,0,0,0.0
51.39335419483693,0,0,0,0.0
51.39442562340836,0,0,0,0.0
51.40042562340836,0,0,0,0.0
51.40149705197979,0,0,0,0.0
51.40749705197979,0,0,0,0.0
51.40856848055122,0,0,0,0.0
51.41456848055122,0,0,0,0.0
51.41565938964213,0,0,0,0.0
51.42165938964213,0,0,0,0.0
51.42275029873304,0,0,0,0.0
51.42875029873304,0,0,0,0.0
51.429841207823955,0,0,0,0.0
51.435841207823955,0,0,0,0.0
51.43693211691487,0,0,0,0.0
51.44293211691487,0,0,0,0.0
51.44402302600578,0,0,0,0.0
51.45002302600578,0,0,0,0.0
51.45111393509669,0,0,0,0.0
51.45711393509669,0,0,0,0.0
51.458204844187605,0,0,0,0.0
51.464204844187606,0,0,0,0.0
51.46529575327852,0,0,0,0.0
51.47129575327852,0,0,0,0.0
51.47238666236943,0,0,0,0.0
51.47838666236943,0,0,0,0.0
51.47947757146034,0,0,0,0.0
51.48547757146034,0,0,0,0.0
51.486568480551256,0,0,0,0.0
51.492568480551256,0,0,0,0.0
51.49365938964217,0,0,0,0.0
51.49965938964217,0,0,0,0.0
51.50075029873308,0,0,0,0.0
51.50675029873308,0,0,0,0.0
51.507841207823994,0,0,0,0.0
51.513841207823994,0,0,0,0.0
51.514932116914906,0,0,0,0.0
51.520932116914906,0,0,0,0.0
51.52202302600582,0,0,0,0.0
51.52802302600582,0,0,0,0.0
51.52911393509673,0,0,0,0.0
51.53511393509673,0,0,0,0.0
51.536204844187644,0,0,0,0.0
51.542204844187644,0,0,0,0.0
51.54329575327856,0,0,0,0.0
51.54929575327856,0,0,0,0.0
51.55038666236947,0,0,0,0.0
51.55638666236947,0,0,0,0.0
51.55747757146038,0,0,0,0.0
51.56347757146038,0,0,0,0.0
51.564568480551294,0,0,0,0.0
51.570568480551294,0,0,0,0.0
51.57165938964221,0,0,0,0.0
51.57765938964221,0,0,0,0.0
51.57875029873312,0,0,0,0.0
51.58475029873312,0,0,0,0.0
51.58584120782403,0,0,0,0.0
51.59184120782403,0,0,0,0.0
51.592932116914945,0,0,0,0.0
51.598932116914945,0,0,0,0.0
51.60002302600586,0,0,0,0.0
51.60602302600586,0,0,0,0.0
51.60711393509677,0,0,0,0.0
51.61311393509677,0,0,0,0.0
51.61420484418768,0,0,0,0.0
51.62020484418768,0,0,0,0.0
51.621295753278595,0,0,0,0.0
51.627295753278595,0,0,0,0.0
51.62838666236951,0,0,0,0.0
51.63438666236951,0,0,0,0.0
51.63547757146042,0,0,0,0.0
51.64147757146042,0,0,0,0.0
51.64256848055133,0,0,0,0.0
51.64856848055133,0,0,0,0.0
51.649659389642245,0,0,0,0.0
51.655659389642246,0,0,0,0.0
51.65675029873316,0,0,0,0.0
51.66275029873316,0,0,0,0.0
51.66384120782407,0,0,0,0.0
51.66984120782407,0,0,0,0.0
51.67093211691498,0,0,0,0.0
51.67693211691498,0,0,0,0.0
51.678023026005896,0,0,0,0.0
51.684023026005896,0,0,0,0.0
51.68511393509681,0,0,0,0.0
51.69111393509681,0,0,0,0.0
51.69220484418772,0,0,0,0.0
51.69820484418772,0,0,0,0.0
51.69929575327863,0,0,0,0.0
51.705295753278634,0,0,0,0.0
51.706386662369546,0,0,0,0.0
51.712386662369546,0,0,0,0.0
51.713497773480654,0,0,0,0.0
51.719497773480654,0,0,0,0.0
51.72060888459176,0,0,0,0.0
51.72660888459176,0,0,0,0.0
51.72771999570287,0,0,0,0.0
51.73371999570287,0,0,0,0.0
51.73483110681398,0,0,0,0.0
51.74083110681398,0,0,0,0.0
51.741942217925086,0,0,0,0.0
51.747942217925086,0,0,0,0.0
51.749053329036194,0,0,0,0.0
51.755053329036194,0,0,0,0.0
51.7561644401473,0,0,0,0.0
51.7621644401473,0,0,0,0.0
51.76327555125841,0,0,0,0.0
51.76927555125841,0,0,0,0.0
51.77038666236952,0,0,0,0.0
51.77638666236952,0,0,0,0.0
51.777497773480626,0,0,0,0.0
51.783497773480626,0,0,0,0.0
51.784608884591734,0,0,0,0.0
51.790608884591734,0,0,0,0.0
51.79171999570284,0,0,0,0.0
51.79771999570284,0,0,0,0.0
51.79883110681395,0,0,0,0.0
51.80483110681395,0,0,0,0.0
51.80594221792506,0,0,0,0.0
51.81194221792506,0,0,0,0.0
51.813053329036165,0,0,0,0.0
51.819053329036166,0,0,0,0.0
51.82016444014727,0,0,0,0.0
51.826164440147274,0,0,0,0.0
51.82727555125838,0,0,0,0.0
51.83327555125838,0,0,0,0.0
51.83438666236949,0,0,0,0.0
51.84038666236949,0,0,0,0.0
51.8414977734806,0,0,0,0.0
51.8474977734806,0,0,0,0.0
51.848608884591705,0,0,0,0.0
51.854608884591705,0,0,0,0.0
51.85571999570281,0,0,0,0.0
51.86171999570281,0,0,0,0.0
51.86283110681392,0,0,0,0.0
51.86883110681392,0,0,0,0.0
51.86994221792503,0,0,0,0.0
51.87594221792503,0,0,0,0.0
51.87705332903614,0,0,0,0.0
51.88305332903614,0,0,0,0.0
51.884164440147245,0,0,0,0.0
51.890164440147245,0,0,0,0.0
51.89127555125835,0,0,0,0.0
51.89727555125835,0,0,0,0.0
51.89838666236946,0,0,0,0.0
51.90438666236946,0,0,0,0.0
51.90549777348057,0,0,0,0.0
51.91149777348057,0,0,0,0.0
51.91260888459168,0,0,0,0.0
51.91860888459168,0,0,0,0.0
51.919719995702785,0,0,0,0.0
51.925719995702785,0,0,0,0.0
51.92683110681389,0,0,0,0.0
51.93283110681389,0,0,0,0.0
51.933942217925,0,0,0,0.0
51.939942217925,0,0,0,0.0
51.94105332903611,0,0,0,0.0
51.94705332903611,0,0,0,0.0
51.94816444014722,0,0,0,0.0
51.95416444014722,0,0,0,0.0
51.955275551258325,0,0,0,0.0
51.961275551258325,0,0,0,0.0
51.96238666236943,0,0,0,0.0
51.96838666236943,0,0,0,0.0
51.96951873784113,0,0,0,0.0
51.97551873784113,0,0,0,0.0
51.97665081331282,0,0,0,0.0
51.98265081331282,0,0,0,0.0
51.98378288878452,0,0,0,0.0
51.98978288878452,0,0,0,0.0
51.99091496425621,0,0,0,0.0
51.99691496425621,0,0,0,0.0
51.99804703972791,0,0,0,0.0
52.00404703972791,0,0,0,0.0
52.0051791151996,0,0,0,0.0
52.0111791151996,0,0,0,0.0
52.0123111906713,0,0,0,0.0
52.0183111906713,0,0,0,0.0
52.01944326614299,0,0,0,0.0
52.02544326614299,0,0,0,0.0
52.02657534161469,0,0,0,0.0
52.03257534161469,0,0,0,0.0
52.03370741708638,0,0,0,0.0
52.03970741708638,0,0,0,0.0
52.04083949255808,0,0,0,0.0
52.04683949255808,0,0,0,0.0
52.04797156802977,0,0,0,0.0
52.05397156802977,0,0,0,0.0
52.05510364350147,0,0,0,0.0
52.06110364350147,0,0,0,0.0
52.06223571897316,0,0,0,0.0
52.06823571897316,0,0,0,0.0
52.06936779444486,0,0,0,0.0
52.07536779444486,0,0,0,0.0
52.07649986991655,0,0,0,0.0
52.08249986991655,0,0,0,0.0
52.08363194538825,0,0,0,0.0
52.08963194538825,0,0,0,0.0
52.09076402085994,0,0,0,0.0
52.09676402085994,0,0,0,0.0
52.09789609633164,0,0,0,0.0
52.10389609633164,0,0,0,0.0
52.10502817180333,0,0,0,0.0
52.11102817180333,0,0,0,0.0
52.11216024727503,0,0,0,0.0
52.11816024727503,0,0,0,0.0
52.11929232274672,0,0,0,0.0
52.12529232274672,0,0,0,0.0
52.12642439821842,0,0,0,0.0
52.13242439821842,0,0,0,0.0
52.13355647369011,0,0,0,0.0
52.139556473690114,0,0,0,0.0
52.14068854916181,0,0,0,0.0
52.14668854916181,0,0,0,0.0
52.1478206246335,0,0,0,0.0
52.153820624633504,0,0,0,0.0
52.1549527001052,0,0,0,0.0
52.1609527001052,0,0,0,0.0
52.16208477557689,0,0,0,0.0
52.168084775576894,0,0,0,0.0
52.16921685104859,0,0,0,0.0
52.17521685104859,0,0,0,0.0
52.176348926520284,0,0,0,0.0
52.182348926520284,0,0,0,0.0
52.18348100199198,0,0,0,0.0
52.18948100199198,0,0,0,0.0
52.190613077463674,0,0,0,0.0
52.196613077463674,0,0,0,0.0
52.19776692361752,0,0,0,0.0
52.20376692361752,0,0,0,0.0
52.20492076977137,0,0,0,0.0
52.21092076977137,0,0,0,0.0
52.21207461592522,0,0,0,0.0
52.21807461592522,0,0,0,0.0
52.21925108651345,0,0,0,0.0
52.22525108651345,0,0,0,0.0
52.22642755710169,0,0,0,0.0
52.23242755710169,0,0,0,0.0
52.23360402768992,0,0,0,0.0
52.23960402768992,0,0,0,0.0
52.240780498278156,0,0,0,0.0
52.246780498278156,0,0,0,0.0
52.24795696886639,0,0,0,0.0
52.25395696886639,0,0,0,0.0
52.255133439454625,0,0,0,0.0
52.261133439454625,0,0,0,0.0
52.26230991004286,0,0,0,0.0
52.26830991004286,0,0,0,0.0
52.26948638063109,0,0,0,0.0
52.275486380631094,0,0,0,0.0
52.27666285121933,0,0,0,0.0
52.28266285121933,0,0,0,0.0
52.28383932180756,0,0,0,0.0
52.28983932180756,0,0,0,0.0
52.2910157923958,0,0,0,0.0
52.2970157923958,0,0,0,0.0
52.29819226298403,0,0,0,0.0
52.30419226298403,0,0,0,0.0
52.305368733572266,0,0,0,0.0
52.311368733572266,0,0,0,0.0
52.3125452041605,0,0,0,0.0
52.3185452041605,0,0,0,0.0
52.319721674748735,0,0,0,0.0
52.325721674748735,0,0,0,0.0
52.32689814533697,0,0,0,0.0
52.33289814533697,0,0,0,0.0
52.3340746159252,0,0,0,0.0
52.340074615925204,0,0,0,0.0
52.34125108651344,0,0,0,0.0
52.34725108651344,0,0,0,0.0
52.34842755710167,0,0,0,0.0
52.35442755710167,0,0,0,0.0
52.35560402768991,0,0,0,0.0
52.36160402768991,0,0,0,0.0
52.36278049827814,0,0,0,0.0
52.36878049827814,0,0,0,0.0
52.369956968866376,0,0,0,0.0
52.375956968866376,0,0,0,0.0
52.37713343945461,0,0,0,0.0
52.38313343945461,0,0,0,0.0
52.384309910042845,0,0,0,0.0
52.390309910042845,0,0,0,0.0
52.39148638063108,0,0,0,0.0
52.39748638063108,0,0,0,0.0
52.39866285121931,0,0,0,0.0
52.404662851219314,0,0,0,0.0
52.40583932180755,0,0,0,0.0
52.41183932180755,0,0,0,0.0
52.41301579239578,0,0,0,0.0
52.41901579239578,0,0,0,0.0
52.42019226298402,0,0,0,0.0
52.42619226298402,0,0,0,0.0
52.42736873357225,0,0,0,0.0
52.43336873357225,0,0,0,0.0
52.434545204160486,0,0,0,0.0
52.440545204160486,0,0,0,0.0
52.44172167474872,0,0,0,0.0
52.44772167474872,0,0,0,0.0
52.448898145336955,0,0,0,0.0
52.454898145336955,0,0,0,0.0
52.45607461592519,0,0,0,0.0
52.46207461592519,0,0,0,0.0
52.463251086513424,0,0,0,0.0
52.469251086513424,0,0,0,0.0
52.47042755710166,0,0,0,0.0
52.47642755710166,0,0,0,0.0
52.47760402768989,0,0,0,0.0
52.48360402768989,0,0,0,0.0
52.48478049827813,0,0,0,0.0
52.49078049827813,0,0,0,0.0
52.49195696886636,0,0,0,0.0
52.49795696886636,0,0,0,0.0
52.499133439454596,0,0,0,0.0
52.505133439454596,0,0,0,0.0
52.50630991004283,0,0,0,0.0
52.51230991004283,0,0,0,0.0
52.513486380631065,0,0,0,0.0
52.519486380631065,0,0,0,0.0
52.5206628512193,0,0,0,0.0
52.5266628512193,0,0,0,0.0
52.527839321807534,0,0,0,0.0
52.533839321807534,0,0,0,0.0
52.53501579239577,0,0,0,0.0
52.54101579239577,0,0,0,0.0
52.542192262984,0,0,0,0.0
52.548192262984,0,0,0,0.0
52.54936873357224,0,0,0,0.0
52.55536873357224,0,0,0,0.0
52.55654520416047,0,0,0,0.0
52.56254520416047,0,0,0,0.0
52.563721674748706,0,0,0,0.0
52.569721674748706,0,0,0,0.0
52.57089814533694,0,0,0,0.0
52.57689814533694,0,0,0,0.0
52.578074615925175,0,0,0,0.0
52.584074615925175,0,0,0,0.0
52.58525108651341,0,0,0,0.0
52.59125108651341,0,0,0,0.0
52.592427557101644,0,0,0,0.0
52.598427557101644,0,0,0,0.0
52.59960402768988,0,0,0,0.0
52.60560402768988,0,0,0,0.0
52.60678049827811,0,0,0,0.0
52.61278049827811,0,0,0,0.0
52.61395696886635,0,0,0,0.0
52.61995696886635,0,0,0,0.0
52.62113343945458,0,0,0,0.0
52.62713343945458,0,0,0,0.0
52.628309910042816,0,0,0,0.0
52.634309910042816,0,0,0,0.0
52.63548638063105,0,0,0,0.0
52.64148638063105,0,0,0,0.0
52.642662851219285,0,0,0,0.0
52.648662851219285,0,0,0,0.0
52.64983932180752,0,0,0,0.0
52.65583932180752,0,0,0,0.0
52.657015792395754,0,0,0,0.0
52.663015792395754,0,0,0,0.0
52.66419226298399,0,0,0,0.0
52.67019226298399,0,0,0,0.0
52.67136873357222,0,0,0,0.0
52.67736873357222,0,0,0,0.0
52.67854520416046,0,0,0,0.0
52.68454520416046,0,0,0,0.0
52.68572167474869,0,0,0,0.0
52.69172167474869,0,0,0,0.0
52.692898145336926,0,0,0,0.0
52.698898145336926,0,0,0,0.0
52.70007461592516,0,0,0,0.0
52.70607461592516,0,0,0,0.0
52.707251086513395,0,0,0,0.0
52.713251086513395,0,0,0,0.0
52.71442755710163,0,0,0,0.0
52.72042755710163,0,0,0,0.0
52.721604027689864,0,0,0,0.0
52.727604027689864,0,0,0,0.0
52.7287804982781,0,0,0,0.0
52.7347804982781,0,0,0,0.0
52.73595696886633,0,0,0,0.0
52.74195696886633,0,0,0,0.0
52.74313343945457,0,0,0,0.0
52.74913343945457,0,0,0,0.0
52.7503099100428,0,0,0,0.0
52.7563099100428,0,0,0,0.0
52.757486380631036,0,0,0,0.0
52.763486380631036,0,0,0,0.0
52.76466285121927,0,0,0,0.0
52.77066285121927,0,0,0,0.0
52.77186285121927,0,0,0,0.0
52.77786285121927,0,0,0,0.0
52.779062851219265,0,0,0,0.0
52.785062851219266,0,0,0,0.0
52.78626285121926,0,0,0,0.0
52.79226285121926,0,0,0,0.0
52.79346285121926,0,0,0,0.0
52.79946285121926,0,0,0,0.0
52.80066285121926,0,0,0,0.0
52.80666285121926,0,0,0,0.0
52.807862851219255,0,0,0,0.0
52.813862851219255,0,0,0,0.0
52.81506285121925,0,0,0,0.0
52.82106285121925,0,0,0,0.0
52.82226285121925,0,0,0,0.0
52.82826285121925,0,0,0,0.0
52.82946285121925,0,0,0,0.0
52.83546285121925,0,0,0,0.0
52.836662851219245,0,0,0,0.0
52.842662851219245,0,0,0,0.0
52.84386285121924,0,0,0,0.0
52.84986285121924,0,0,0,0.0
52.85106285121924,0,0,0,0.0
52.85706285121924,0,0,0,0.0
52.85826285121924,0,0,0,0.0
52.86426285121924,0,0,0,0.0
52.865462851219235,0,0,0,0.0
52.871462851219235,0,0,0,0.0
52.87266285121923,0,0,0,0.0
52.87866285121923,0,0,0,0.0
52.87986285121923,0,0,0,0.0
52.88586285121923,0,0,0,0.0
52.88706285121923,0,0,0,0.0
52.89306285121923,0,0,0,0.0
52.894262851219224,0,0,0,0.0
52.900262851219225,0,0,0,0.0
52.90146285121922,0,0,0,0.0
52.90746285121922,0,0,0,0.0
52.90866285121922,0,0,0,0.0
52.91466285121922,0,0,0,0.0
52.91586285121922,0,0,0,0.0
52.92186285121922,0,0,0,0.0
52.923062851219214,0,0,0,0.0
52.929062851219214,0,0,0,0.0
52.93026285121921,0,0,0,0.0
52.93626285121921,0,0,0,0.0
52.93746285121921,0,0,0,0.0
52.94346285121921,0,0,0,0.0
52.944662851219206,0,0,0,0.0
52.95066285121921,0,0,0,0.0
52.951862851219204,0,0,0,0.0
52.957862851219204,0,0,0,0.0
52.9590628512192,0,0,0,0.0
52.9650628512192,0,0,0,0.0
52.9662628512192,0,0,0,0.0
52.9722628512192,0,0,0,0.0
52.973462851219196,0,0,0,0.0
52.979462851219196,0,0,0,0.0
52.98066285121919,0,0,0,0.0
52.986662851219194,0,0,0,0.0
52.98786285121919,0,0,0,0.0
52.99386285121919,0,0,0,0.0
52.99506285121919,0,0,0,0.0
53.00106285121919,0,0,0,0.0
53.002262851219186,0,0,0,0.0
53.008262851219186,0,0,0,0.0
53.00946285121918,0,0,0,0.0
53.01546285121918,0,0,0,0.0
53.01666285121918,0,0,0,0.0
53.02266285121918,0,0,0,0.0
53.02386285121918,0,0,0,0.0
53.02986285121918,0,0,0,0.0
53.031062851219176,0,0,0,0.0
53.037062851219176,0,0,0,0.0
53.03826285121917,0,0,0,0.0
53.04426285121917,0,0,0,0.0
53.04546285121917,0,0,0,0.0
53.05146285121917,0,0,0,0.0
53.05266285121917,0,0,0,0.0
53.05866285121917,0,0,0,0.0
53.059862851219165,0,0,0,0.0
53.065862851219165,0,0,0,0.0
53.06706285121916,0,0,0,0.0
53.07306285121916,0,0,0,0.0
53.07426285121916,0,0,0,0.0
53.08026285121916,0,0,0,0.0
53.08146285121916,0,0,0,0.0
53.08746285121916,0,0,0,0.0
53.088662851219155,0,0,0,0.0
53.094662851219155,0,0,0,0.0
53.09586285121915,0,0,0,0.0
53.10186285121915,0,0,0,0.0
53.10306285121915,0,0,0,0.0
53.10906285121915,0,0,0,0.0
53.11026285121915,0,0,0,0.0
53.11626285121915,0,0,0,0.0
53.117462851219145,0,0,0,0.0
53.123462851219145,0,0,0,0.0
53.12466285121914,0,0,0,0.0
53.13066285121914,0,0,0,0.0
53.13186285121914,0,0,0,0.0
53.13786285121914,0,0,0,0.0
53.13906285121914,0,0,0,0.0
53.14506285121914,0,0,0,0.0
53.146262851219134,0,0,0,0.0
53.152262851219135,0,0,0,0.0
53.15346285121913,0,0,0,0.0
53.15946285121913,0,0,0,0.0
53.16066285121913,0,0,0,0.0
53.16666285121913,0,0,0,0.0
53.16786285121913,0,0,0,0.0
53.17386285121913,0,0,0,0.0
53.175062851219124,0,0,0,0.0
53.181062851219124,0,0,0,0.0
53.18226285121912,0,0,0,0.0
53.18826285121912,0,0,0,0.0
53.18946285121912,0,0,0,0.0
53.19546285121912,0,0,0,0.0
53.196662851219116,0,0,0,0.0
53.20266285121912,0,0,0,0.0
53.203862851219114,0,0,0,0.0
53.209862851219114,0,0,0,0.0
53.21106285121911,0,0,0,0.0
53.21706285121911,0,0,0,0.0
53.21826285121911,0,0,0,0.0
53.22426285121911,0,0,0,0.0
53.225462851219106,0,0,0,0.0
53.231462851219106,0,0,0,0.0
53.232662851219104,0,0,0,0.0
53.238662851219104,0,0,0,0.0
53.2398628512191,0,0,0,0.0
53.2458628512191,0,0,0,0.0
53.2470628512191,0,0,0,0.0
53.2530628512191,0,0,0,0.0
53.254262851219096,0,0,0,0.0
53.260262851219096,0,0,0,0.0
53.26146285121909,0,0,0,0.0
53.26746285121909,0,0,0,0.0
53.26866285121909,0,0,0,0.0
53.27466285121909,0,0,0,0.0
53.27586285121909,0,0,0,0.0
53.28186285121909,0,0,0,0.0
53.283062851219086,0,0,0,0.0
53.289062851219086,0,0,0,0.0
53.29026285121908,0,0,0,0.0
53.29626285121908,0,0,0,0.0
53.29746285121908,0,0,0,0.0
53.30346285121908,0,0,0,0.0
53.30466285121908,0,0,0,0.0
53.31066285121908,0,0,0,0.0
53.311862851219075,0,0,0,0.0
53.317862851219076,0,0,0,0.0
53.31906285121907,0,0,0,0.0
53.32506285121907,0,0,0,0.0
53.32626285121907,0,0,0,0.0
53.33226285121907,0,0,0,0.0
53.33346285121907,0,0,0,0.0
53.33946285121907,0,0,0,0.0
53.340662851219065,0,0,0,0.0
53.346662851219065,0,0,0,0.0
53.34786285121906,0,0,0,0.0
53.35386285121906,0,0,0,0.0
53.35506285121906,0,0,0,0.0
53.36106285121906,0,0,0,0.0
53.36226285121906,0,0,0,0.0
53.36826285121906,0,0,0,0.0
53.369462851219055,0,0,0,0.0
53.375462851219055,0,0,0,0.0
53.37666285121905,0,0,0,0.0
53.38266285121905,0,0,0,0.0
53.38386285121905,0,0,0,0.0
53.38986285121905,0,0,0,0.0
53.39106285121905,0,0,0,0.0
53.39706285121905,0,0,0,0.0
53.398287341014964,0,0,0,0.0
53.404287341014964,0,0,0,0.0
53.40551183081088,0,0,0,0.0
53.41151183081088,0,0,0,0.0
53.4127363206068,0,0,0,0.0
53.4187363206068,0,0,0,0.0
53.41996081040271,0,0,0,0.0
53.425960810402714,0,0,0,0.0
53.42718530019863,0,0,0,0.0
53.43318530019863,0,0,0,0.0
53.43440978999455,0,0,0,0.0
53.44040978999455,0,0,0,0.0
53.44163427979046,0,0,0,0.0
53.44763427979046,0,0,0,0.0
53.44885876958638,0,0,0,0.0
53.45485876958638,0,0,0,0.0
53.4560832593823,0,0,0,0.0
53.4620832593823,0,0,0,0.0
53.46330774917821,0,0,0,0.0
53.46930774917821,0,0,0,0.0
53.47053223897413,0,0,0,0.0
53.47653223897413,0,0,0,0.0
53.477756728770046,0,0,0,0.0
53.48375672877005,0,0,0,0.0
53.48498121856596,0,0,0,0.0
53.49098121856596,0,0,0,0.0
53.49220570836188,0,0,0,0.0
53.49820570836188,0,0,0,0.0
53.499430198157796,0,0,0,0.0
53.505430198157796,0,0,0,0.0
53.50665468795371,0,0,0,0.0
53.51265468795371,0,0,0,0.0
53.51387917774963,0,0,0,0.0
53.51987917774963,0,0,0,0.0
53.521103667545546,0,0,0,0.0
53.527103667545546,0,0,0,0.0
53.52832815734146,0,0,0,0.0
53.53432815734146,0,0,0,0.0
53.53555264713738,0,0,0,0.0
53.54155264713738,0,0,0,0.0
53.542777136933296,0,0,0,0.0
53.548777136933296,0,0,0,0.0
53.55000162672921,0,0,0,0.0
53.55600162672921,0,0,0,0.0
53.55722611652513,0,0,0,0.0
53.56322611652513,0,0,0,0.0
53.564450606321046,0,0,0,0.0
53.570450606321046,0,0,0,0.0
53.57167509611696,0,0,0,0.0
53.57767509611696,0,0,0,0.0
53.57889958591288,0,0,0,0.0
53.58489958591288,0,0,0,0.0
53.586124075708796,0,0,0,0.0
53.592124075708796,0,0,0,0.0
53.59334856550471,0,0,0,0.0
53.59934856550471,0,0,0,0.0
53.60057305530063,0,0,0,0.0
53.60657305530063,0,0,0,0.0
53.607797545096545,0,0,0,0.0
53.613797545096546,0,0,0,0.0
53.61502203489246,0,0,0,0.0
53.62102203489246,0,0,0,0.0
53.62227203489246,0,0,0,0.0
53.62827203489246,0,0,0,0.0
53.62952203489246,0,0,0,0.0
53.63552203489246,0,0,0,0.0
53.63677203489246,0,0,0,0.0
53.64277203489246,0,0,0,0.0
53.64402203489246,0,0,0,0.0
53.65002203489246,0,0,0,0.0
53.65127203489246,0,0,0,0.0
53.65727203489246,0,0,0,0.0
53.65852203489246,0,0,0,0.0
53.66452203489246,0,0,0,0.0
53.665772034892456,0,0,0,0.0
53.671772034892456,0,0,0,0.0
53.673022034892455,0,0,0,0.0
53.679022034892455,0,0,0,0.0
53.680272034892454,0,0,0,0.0
53.686272034892454,0,0,0,0.0
53.68752203489245,0,0,0,0.0
53.69352203489245,0,0,0,0.0
53.69477203489245,0,0,0,0.0
53.70077203489245,0,0,0,0.0
53.70202203489245,0,0,0,0.0
53.70802203489245,0,0,0,0.0
53.70927203489245,0,0,0,0.0
53.71527203489245,0,0,0,0.0
53.71652203489245,0,0,0,0.0
53.72252203489245,0,0,0,0.0
53.72377203489245,0,0,0,0.0
53.72977203489245,0,0,0,0.0
53.73102203489245,0,0,0,0.0
53.73702203489245,0,0,0,0.0
53.73827203489245,0,0,0,0.0
53.74427203489245,0,0,0,0.0
53.745522034892446,0,0,0,0.0
53.751522034892446,0,0,0,0.0
53.75279863063712,0,0,0,0.0
53.75879863063712,0,0,0,0.0
53.7600752263818,0,0,0,0.0
53.7660752263818,0,0,0,0.0
53.76735182212648,0,0,0,0.0
53.77335182212648,0,0,0,0.0
53.774628417871156,0,0,0,0.0
53.780628417871156,0,0,0,0.0
53.781905013615834,0,0,0,0.0
53.787905013615834,0,0,0,0.0
53.78918160936051,0,0,0,0.0
53.79518160936051,0,0,0,0.0
53.79645820510519,0,0,0,0.0
53.80245820510519,0,0,0,0.0
53.80373480084987,0,0,0,0.0
53.80973480084987,0,0,0,0.0
53.811011396594544,0,0,0,0.0
53.817011396594545,0,0,0,0.0
53.81828799233922,0,0,0,0.0
53.82428799233922,0,0,0,0.0
53.8255645880839,0,0,0,0.0
53.8315645880839,0,0,0,0.0
53.83284118382858,0,0,0,0.0
53.83884118382858,0,0,0,0.0
53.840117779573255,0,0,0,0.0
53.846117779573255,0,0,0,0.0
53.84739437531793,0,0,0,0.0
53.85339437531793,0,0,0,0.0
53.85467097106261,0,0,0,0.0
53.86067097106261,0,0,0,0.0
53.86194756680729,0,0,0,0.0
53.86794756680729,0,0,0,0.0
53.869224162551966,0,0,0,0.0
53.875224162551966,0,0,0,0.0
53.87650075829664,0,0,0,0.0
53.88250075829664,0,0,0,0.0
53.88377735404132,0,0,0,0.0
53.88977735404132,0,0,0,0.0
53.891053949786,0,0,0,0.0
53.897053949786,0,0,0,0.0
53.898330545530676,0,0,0,0.0
53.90433054553068,0,0,0,0.0
53.905607141275354,0,0,0,0.0
53.911607141275354,0,0,0,0.0
53.91288373702003,0,0,0,0.0
53.91888373702003,0,0,0,0.0
53.92016033276471,0,0,0,0.0
53.92616033276471,0,0,0,0.0
53.92743692850939,0,0,0,0.0
53.93343692850939,0,0,0,0.0
53.934713524254065,0,0,0,0.0
53.940713524254065,0,0,0,0.0
53.94199011999874,0,0,0,0.0
53.94799011999874,0,0,0,0.0
53.94926671574342,0,0,0,0.0
53.95526671574342,0,0,0,0.0
53.9565433114881,0,0,0,0.0
53.9625433114881,0,0,0,0.0
53.963819907232775,0,0,0,0.0
53.969819907232775,0,0,0,0.0
53.97109650297745,0,0,0,0.0
53.97709650297745,0,0,0,0.0
53.97837309872213,0,0,0,0.0
53.98437309872213,0,0,0,0.0
53.985677446548216,0,0,0,0.0
53.991677446548216,0,0,0,0.0
53.9929817943743,0,0,0,0.0
53.9989817943743,0,0,0,0.0
54.00028614220039,0,0,0,0.0
54.00628614220039,0,0,0,0.0
54.00759049002647,0,0,0,0.0
54.01359049002647,0,0,0,0.0
54.01489483785256,0,0,0,0.0
54.02089483785256,0,0,0,0.0
54.022199185678645,0,0,0,0.0
54.028199185678645,0,0,0,0.0
54.02950353350473,0,0,0,0.0
54.03550353350473,0,0,0,0.0
54.036807881330816,0,0,0,0.0
54.042807881330816,0,0,0,0.0
54.0441122291569,0,0,0,0.0
54.0501122291569,0,0,0,0.0
54.05141657698299,0,0,0,0.0
54.05741657698299,0,0,0,0.0
54.05872092480907,0,0,0,0.0
54.06472092480907,0,0,0,0.0
54.06602527263516,0,0,0,0.0
54.07202527263516,0,0,0,0.0
54.073358605968494,0,0,0,0.0
54.079358605968494,0,0,0,0.0
54.08069193930183,0,0,0,0.0
54.08669193930183,0,0,0,0.0
54.088025272635164,0,0,0,0.0
54.094025272635164,0,0,0,0.0
54.09532962046125,0,0,0,0.0
54.10132962046125,0,0,0,0.0
54.102633968287336,0,0,0,0.0
54.108633968287336,0,0,0,0.0
54.10993831611342,0,0,0,0.0
54.11593831611342,0,0,0,0.0
54.11724266393951,0,0,0,0.0
54.12324266393951,0,0,0,0.0
54.12454701176559,0,0,0,0.0
54.13054701176559,0,0,0,0.0
54.13185135959168,0,0,0,0.0
54.13785135959168,0,0,0,0.0
54.139155707417764,0,0,0,0.0
54.145155707417764,0,0,0,0.0
54.14646005524385,0,0,0,0.0
54.15246005524385,0,0,0,0.0
54.153764403069935,0,0,0,0.0
54.159764403069936,0,0,0,0.0
54.16106875089602,0,0,0,0.0
54.16706875089602,0,0,0,0.0
54.16837309872211,0,0,0,0.0
54.17437309872211,0,0,0,0.0
54.17567744654819,0,0,0,0.0
54.18167744654819,0,0,0,0.0
54.18298179437428,0,0,0,0.0
54.18898179437428,0,0,0,0.0
54.190286142200364,0,0,0,0.0
54.196286142200364,0,0,0,0.0
54.19759049002645,0,0,0,0.0
54.20359049002645,0,0,0,0.0
54.204894837852535,0,0,0,0.0
54.210894837852535,0,0,0,0.0
54.21219918567862,0,0,0,0.0
54.21819918567862,0,0,0,0.0
54.21950353350471,0,0,0,0.0
54.22550353350471,0,0,0,0.0
54.22680788133079,0,0,0,0.0
54.23280788133079,0,0,0,0.0
54.23411222915688,0,0,0,0.0
54.24011222915688,0,0,0,0.0
54.241416576982964,0,0,0,0.0
54.247416576982964,0,0,0,0.0
54.24872092480905,0,0,0,0.0
54.25472092480905,0,0,0,0.0
54.256025272635135,0,0,0,0.0
54.262025272635135,0,0,0,0.0
54.26332962046122,0,0,0,0.0
54.26932962046122,0,0,0,0.0
54.27063396828731,0,0,0,0.0
54.27663396828731,0,0,0,0.0
54.27793831611339,0,0,0,0.0
54.28393831611339,0,0,0,0.0
54.28524266393948,0,0,0,0.0
54.29124266393948,0,0,0,0.0
54.29257599727281,0,0,0,0.0
54.29857599727281,0,0,0,0.0
54.29990933060615,0,0,0,0.0
54.30590933060615,0,0,0,0.0
54.30724266393948,0,0,0,0.0
54.313242663939484,0,0,0,0.0
54.31457599727282,0,0,0,0.0
54.32057599727282,0,0,0,0.0
54.321909330606154,0,0,0,0.0
54.327909330606154,0,0,0,0.0
54.32924266393949,0,0,0,0.0
54.33524266393949,0,0,0,0.0
54.336575997272824,0,0,0,0.0
54.342575997272824,0,0,0,0.0
54.34388034509891,0,0,0,0.0
54.34988034509891,0,0,0,0.0
54.351184692924996,0,0,0,0.0
54.357184692924996,0,0,0,0.0
54.35848904075108,0,0,0,0.0
54.36448904075108,0,0,0,0.0
54.36579338857717,0,0,0,0.0
54.37179338857717,0,0,0,0.0
54.37309773640325,0,0,0,0.0
54.37909773640325,0,0,0,0.0
54.38040208422934,0,0,0,0.0
54.38640208422934,0,0,0,0.0
54.387706432055424,0,0,0,0.0
54.393706432055424,0,0,0,0.0
54.39501077988151,0,0,0,0.0
54.40101077988151,0,0,0,0.0
54.402315127707595,0,0,0,0.0
54.408315127707596,0,0,0,0.0
54.40961947553368,0,0,0,0.0
54.41561947553368,0,0,0,0.0
54.41692382335977,0,0,0,0.0
54.42292382335977,0,0,0,0.0
54.4242571566931,0,0,0,0.0
54.4302571566931,0,0,0,0.0
54.43159049002644,0,0,0,0.0
54.43759049002644,0,0,0,0.0
54.43892382335977,0,0,0,0.0
54.44492382335977,0,0,0,0.0
54.44625715669311,0,0,0,0.0
54.45225715669311,0,0,0,0.0
54.45359049002644,0,0,0,0.0
54.45959049002644,0,0,0,0.0
54.46092382335978,0,0,0,0.0
54.46692382335978,0,0,0,0.0
54.46825715669311,0,0,0,0.0
54.47425715669311,0,0,0,0.0
54.47559049002645,0,0,0,0.0
54.48159049002645,0,0,0,0.0
54.48292382335978,0,0,0,0.0
54.488923823359784,0,0,0,0.0
54.49025715669312,0,0,0,0.0
54.49625715669312,0,0,0,0.0
54.497590490026454,0,0,0,0.0
54.503590490026454,0,0,0,0.0
54.50492382335979,0,0,0,0.0
54.51092382335979,0,0,0,0.0
54.512257156693124,0,0,0,0.0
54.518257156693124,0,0,0,0.0
54.51962079305676,0,0,0,0.0
54.52562079305676,0,0,0,0.0
54.526984429420395,0,0,0,0.0
54.532984429420395,0,0,0,0.0
54.53434806578403,0,0,0,0.0
54.54034806578403,0,0,0,0.0
54.541711702147666,0,0,0,0.0
54.547711702147666,0,0,0,0.0
54.5490753385113,0,0,0,0.0
54.5550753385113,0,0,0,0.0
54.556438974874936,0,0,0,0.0
54.56243897487494,0,0,0,0.0
54.56377230820827,0,0,0,0.0
54.56977230820827,0,0,0,0.0
54.57110564154161,0,0,0,0.0
54.57710564154161,0,0,0,0.0
54.57843897487494,0,0,0,0.0
54.58443897487494,0,0,0,0.0
54.58577230820828,0,0,0,0.0
54.59177230820828,0,0,0,0.0
54.59310564154161,0,0,0,0.0
54.59910564154161,0,0,0,0.0
54.60043897487495,0,0,0,0.0
54.60643897487495,0,0,0,0.0
54.60777230820828,0,0,0,0.0
54.61377230820828,0,0,0,0.0
54.61510564154162,0,0,0,0.0
54.62110564154162,0,0,0,0.0
54.62243897487495,0,0,0,0.0
54.62843897487495,0,0,0,0.0
54.62977230820829,0,0,0,0.0
54.63577230820829,0,0,0,0.0
54.63710564154162,0,0,0,0.0
54.643105641541624,0,0,0,0.0
54.64443897487496,0,0,0,0.0
54.65043897487496,0,0,0,0.0
54.651772308208294,0,0,0,0.0
54.657772308208294,0,0,0,0.0
54.65910564154163,0,0,0,0.0
54.66510564154163,0,0,0,0.0
54.666438974874964,0,0,0,0.0
54.672438974874964,0,0,0,0.0
54.6737723082083,0,0,0,0.0
54.6797723082083,0,0,0,0.0
54.681105641541635,0,0,0,0.0
54.687105641541635,0,0,0,0.0
54.68846927790527,0,0,0,0.0
54.69446927790527,0,0,0,0.0
54.69586462674248,0,0,0,0.0
54.70186462674248,0,0,0,0.0
54.703259975579684,0,0,0,0.0
54.709259975579684,0,0,0,0.0
54.71065532441689,0,0,0,0.0
54.71665532441689,0,0,0,0.0
54.7180506732541,0,0,0,0.0
54.7240506732541,0,0,0,0.0
54.725446022091305,0,0,0,0.0
54.731446022091305,0,0,0,0.0
54.73284137092851,0,0,0,0.0
54.73884137092851,0,0,0,0.0
54.74023671976572,0,0,0,0.0
54.74623671976572,0,0,0,0.0
54.747632068602925,0,0,0,0.0
54.753632068602926,0,0,0,0.0
54.75502741744013,0,0,0,0.0
54.76102741744013,0,0,0,0.0
54.76242276627734,0,0,0,0.0
54.76842276627734,0,0,0,0.0
54.76985133770591,0,0,0,0.0
54.77585133770591,0,0,0,0.0
54.77727990913448,0,0,0,0.0
54.78327990913448,0,0,0,0.0
54.78470848056305,0,0,0,0.0
54.79070848056305,0,0,0,0.0
54.79213705199162,0,0,0,0.0
54.79813705199162,0,0,0,0.0
54.799565623420186,0,0,0,0.0
54.805565623420186,0,0,0,0.0
54.806994194848755,0,0,0,0.0
54.812994194848756,0,0,0,0.0
54.814422766277325,0,0,0,0.0
54.820422766277325,0,0,0,0.0
54.821851337705894,0,0,0,0.0
54.827851337705894,0,0,0,0.0
54.82927990913446,0,0,0,0.0
54.835279909134464,0,0,0,0.0
54.83670848056303,0,0,0,0.0
54.84270848056303,0,0,0,0.0
54.8441370519916,0,0,0,0.0
54.8501370519916,0,0,0,0.0
54.85156562342017,0,0,0,0.0
54.85756562342017,0,0,0,0.0
54.85899419484874,0,0,0,0.0
54.86499419484874,0,0,0,0.0
54.86642276627731,0,0,0,0.0
54.87242276627731,0,0,0,0.0
54.87385133770588,0,0,0,0.0
54.87985133770588,0,0,0,0.0
54.88127990913445,0,0,0,0.0
54.88727990913445,0,0,0,0.0
54.88870848056302,0,0,0,0.0
54.89470848056302,0,0,0,0.0
54.89613705199159,0,0,0,0.0
54.90213705199159,0,0,0,0.0
54.90356562342016,0,0,0,0.0
54.90956562342016,0,0,0,0.0
54.910994194848726,0,0,0,0.0
54.916994194848726,0,0,0,0.0
54.918422766277295,0,0,0,0.0
54.924422766277296,0,0,0,0.0
54.925851337705865,0,0,0,0.0
54.931851337705865,0,0,0,0.0
54.933279909134434,0,0,0,0.0
54.939279909134434,0,0,0,0.0
54.940708480563,0,0,0,0.0
54.946708480563004,0,0,0,0.0
54.94813705199157,0,0,0,0.0
54.95413705199157,0,0,0,0.0
54.95556562342014,0,0,0,0.0
54.96156562342014,0,0,0,0.0
54.96299419484871,0,0,0,0.0
54.96899419484871,0,0,0,0.0
54.97042276627728,0,0,0,0.0
54.97642276627728,0,0,0,0.0
54.97785133770585,0,0,0,0.0
54.98385133770585,0,0,0,0.0
54.98527990913442,0,0,0,0.0
54.99127990913442,0,0,0,0.0
54.99270848056299,0,0,0,0.0
54.99870848056299,0,0,0,0.0
55.00013705199156,0,0,0,0.0
55.00613705199156,0,0,0,0.0
55.00756562342013,0,0,0,0.0
55.01356562342013,0,0,0,0.0
55.0149941948487,0,0,0,0.0
55.0209941948487,0,0,0,0.0
55.022422766277266,0,0,0,0.0
55.02842276627727,0,0,0,0.0
55.029851337705836,0,0,0,0.0
55.035851337705836,0,0,0,0.0
55.037279909134405,0,0,0,0.0
55.043279909134405,0,0,0,0.0
55.044708480562974,0,0,0,0.0
55.050708480562975,0,0,0,0.0
55.052137051991544,0,0,0,0.0
55.058137051991544,0,0,0,0.0
55.05956562342011,0,0,0,0.0
55.06556562342011,0,0,0,0.0
55.06699419484868,0,0,0,0.0
55.07299419484868,0,0,0,0.0
55.07442276627725,0,0,0,0.0
55.08042276627725,0,0,0,0.0
55.08185133770582,0,0,0,0.0
55.08785133770582,0,0,0,0.0
55.08927990913439,0,0,0,0.0
55.09527990913439,0,0,0,0.0
55.09670848056296,0,0,0,0.0
55.10270848056296,0,0,0,0.0
55.10413705199153,0,0,0,0.0
55.11013705199153,0,0,0,0.0
55.1115656234201,0,0,0,0.0
55.1175656234201,0,0,0,0.0
55.11899419484867,0,0,0,0.0
55.12499419484867,0,0,0,0.0
55.12642276627724,0,0,0,0.0
55.13242276627724,0,0,0,0.0
55.133851337705806,0,0,0,0.0
55.13985133770581,0,0,0,0.0
55.141279909134376,0,0,0,0.0
55.147279909134376,0,0,0,0.0
55.148708480562945,0,0,0,0.0
55.154708480562945,0,0,0,0.0
55.156137051991514,0,0,0,0.0
55.162137051991515,0,0,0,0.0
55.163565623420084,0,0,0,0.0
55.169565623420084,0,0,0,0.0
55.17099419484865,0,0,0,0.0
55.17699419484865,0,0,0,0.0
55.17842276627722,0,0,0,0.0
55.18442276627722,0,0,0,0.0
55.18585133770579,0,0,0,0.0
55.19185133770579,0,0,0,0.0
55.19327990913436,0,0,0,0.0
55.19927990913436,0,0,0,0.0
55.20070848056293,0,0,0,0.0
55.20670848056293,0,0,0,0.0
55.2081370519915,0,0,0,0.0
55.2141370519915,0,0,0,0.0
55.21556562342007,0,0,0,0.0
55.22156562342007,0,0,0,0.0
55.22299419484864,0,0,0,0.0
55.22899419484864,0,0,0,0.0
55.23042276627721,0,0,0,0.0
55.23642276627721,0,0,0,0.0
55.23785133770578,0,0,0,0.0
55.24385133770578,0,0,0,0.0
55.24527990913435,0,0,0,0.0
55.25127990913435,0,0,0,0.0
55.252708480562916,0,0,0,0.0
55.258708480562916,0,0,0,0.0
55.260137051991485,0,0,0,0.0
55.266137051991485,0,0,0,0.0
55.267565623420055,0,0,0,0.0
55.273565623420055,0,0,0,0.0
55.274994194848624,0,0,0,0.0
55.280994194848624,0,0,0,0.0
55.28242276627719,0,0,0,0.0
55.28842276627719,0,0,0,0.0
55.28985133770576,0,0,0,0.0
55.29585133770576,0,0,0,0.0
55.29727990913433,0,0,0,0.0
55.30327990913433,0,0,0,0.0
55.3047084805629,0,0,0,0.0
55.3107084805629,0,0,0,0.0
55.31213705199147,0,0,0,0.0
55.31813705199147,0,0,0,0.0
55.31956562342004,0,0,0,0.0
55.32556562342004,0,0,0,0.0
55.32699419484861,0,0,0,0.0
55.33299419484861,0,0,0,0.0
55.33442276627718,0,0,0,0.0
55.34042276627718,0,0,0,0.0
55.34185133770575,0,0,0,0.0
55.34785133770575,0,0,0,0.0
55.34927990913432,0,0,0,0.0
55.35527990913432,0,0,0,0.0
55.35674332376846,0,0,0,0.0
55.36274332376846,0,0,0,0.0
55.36420673840261,0,0,0,0.0
55.37020673840261,0,0,0,0.0
55.37170673840261,0,0,0,0.0
55.37770673840261,0,0,0,0.0
55.37920673840261,0,0,0,0.0
55.38520673840261,0,0,0,0.0
55.38670673840261,0,0,0,0.0
55.39270673840261,0,0,0,0.0
55.39420673840261,0,0,0,0.0
55.40020673840261,0,0,0,0.0
55.40170673840261,0,0,0,0.0
55.40770673840261,0,0,0,0.0
55.40920673840261,0,0,0,0.0
55.41520673840261,0,0,0,0.0
55.41670673840261,0,0,0,0.0
55.42270673840261,0,0,0,0.0
55.42420673840261,0,0,0,0.0
55.43020673840261,0,0,0,0.0
55.43170673840261,0,0,0,0.0
55.43770673840261,0,0,0,0.0
55.43920673840261,0,0,0,0.0
55.44520673840261,0,0,0,0.0
55.44670673840261,0,0,0,0.0
55.45270673840261,0,0,0,0.0
55.45420673840261,0,0,0,0.0
55.46020673840261,0,0,0,0.0
55.46170673840261,0,0,0,0.0
55.46770673840261,0,0,0,0.0
55.46920673840261,0,0,0,0.0
55.47520673840261,0,0,0,0.0
55.47670673840261,0,0,0,0.0
55.48270673840261,0,0,0,0.0
55.48420673840261,0,0,0,0.0
55.49020673840261,0,0,0,0.0
55.49170673840261,0,0,0,0.0
55.49770673840261,0,0,0,0.0
55.49920673840261,0,0,0,0.0
55.50520673840261,0,0,0,0.0
55.50670673840261,0,0,0,0.0
55.51270673840261,0,0,0,0.0
55.51424519994107,0,0,0,0.0
55.52024519994107,0,0,0,0.0
55.52178366147953,0,0,0,0.0
55.52778366147953,0,0,0,0.0
55.52932212301799,0,0,0,0.0
55.53532212301799,0,0,0,0.0
55.53686058455645,0,0,0,0.0
55.54286058455645,0,0,0,0.0
55.54439904609491,0,0,0,0.0
55.55039904609491,0,0,0,0.0
55.55193750763337,0,0,0,0.0
55.55793750763337,0,0,0,0.0
55.55947596917183,0,0,0,0.0
55.56547596917183,0,0,0,0.0
55.56701443071029,0,0,0,0.0
55.57301443071029,0,0,0,0.0
55.57455289224875,0,0,0,0.0
55.58055289224875,0,0,0,0.0
55.582091353787206,0,0,0,0.0
55.588091353787206,0,0,0,0.0
55.589629815325665,0,0,0,0.0
55.595629815325665,0,0,0,0.0
55.597168276864124,0,0,0,0.0
55.603168276864125,0,0,0,0.0
55.604706738402584,0,0,0,0.0
55.610706738402584,0,0,0,0.0
55.61224519994104,0,0,0,0.0
55.61824519994104,0,0,0,0.0
55.6197836614795,0,0,0,0.0
55.6257836614795,0,0,0,0.0
55.627362608847925,0,0,0,0.0
55.633362608847925,0,0,0,0.0
55.63494155621635,0,0,0,0.0
55.64094155621635,0,0,0,0.0
55.64252050358477,0,0,0,0.0
55.64852050358477,0,0,0,0.0
55.65009945095319,0,0,0,0.0
55.65609945095319,0,0,0,0.0
55.657678398321615,0,0,0,0.0
55.663678398321615,0,0,0,0.0
55.66525734569004,0,0,0,0.0
55.67125734569004,0,0,0,0.0
55.67283629305846,0,0,0,0.0
55.67883629305846,0,0,0,0.0
55.68041524042688,0,0,0,0.0
55.68641524042688,0,0,0,0.0
55.687994187795304,0,0,0,0.0
55.693994187795305,0,0,0,0.0
55.69557313516373,0,0,0,0.0
55.70157313516373,0,0,0,0.0
55.70315208253215,0,0,0,0.0
55.70915208253215,0,0,0,0.0
55.71073102990057,0,0,0,0.0
55.71673102990057,0,0,0,0.0
55.718309977268994,0,0,0,0.0
55.724309977268994,0,0,0,0.0
55.72588892463742,0,0,0,0.0
55.73188892463742,0,0,0,0.0
55.73346787200584,0,0,0,0.0
55.73946787200584,0,0,0,0.0
55.74104681937426,0,0,0,0.0
55.74704681937426,0,0,0,0.0
55.748625766742684,0,0,0,0.0
55.754625766742684,0,0,0,0.0
55.75620471411111,0,0,0,0.0
55.76220471411111,0,0,0,0.0
55.76378366147953,0,0,0,0.0
55.76978366147953,0,0,0,0.0
55.77136260884795,0,0,0,0.0
55.77736260884795,0,0,0,0.0
55.778941556216374,0,0,0,0.0
55.784941556216374,0,0,0,0.0
55.786520503584796,0,0,0,0.0
55.7925205035848,0,0,0,0.0
55.79409945095322,0,0,0,0.0
55.80009945095322,0,0,0,0.0
55.80167839832164,0,0,0,0.0
55.80767839832164,0,0,0,0.0
55.809257345690064,0,0,0,0.0
55.815257345690064,0,0,0,0.0
55.816836293058486,0,0,0,0.0
55.82283629305849,0,0,0,0.0
55.82441524042691,0,0,0,0.0
55.83041524042691,0,0,0,0.0
55.83199418779533,0,0,0,0.0
55.83799418779533,0,0,0,0.0
55.839573135163754,0,0,0,0.0
55.845573135163754,0,0,0,0.0
55.847152082532176,0,0,0,0.0
55.853152082532176,0,0,0,0.0
55.8547310299006,0,0,0,0.0
55.8607310299006,0,0,0,0.0
55.86230997726902,0,0,0,0.0
55.86830997726902,0,0,0,0.0
55.86988892463744,0,0,0,0.0
55.875888924637444,0,0,0,0.0
55.877467872005866,0,0,0,0.0
55.883467872005866,0,0,0,0.0
55.88504681937429,0,0,0,0.0
55.89104681937429,0,0,0,0.0
55.89262576674271,0,0,0,0.0
55.89862576674271,0,0,0,0.0
55.90020471411113,0,0,0,0.0
55.906204714111134,0,0,0,0.0
55.907783661479556,0,0,0,0.0
55.913783661479556,0,0,0,0.0
55.91536260884798,0,0,0,0.0
55.92136260884798,0,0,0,0.0
55.9229415562164,0,0,0,0.0
55.9289415562164,0,0,0,0.0
55.93052050358482,0,0,0,0.0
55.93652050358482,0,0,0,0.0
55.938099450953246,0,0,0,0.0
55.944099450953246,0,0,0,0.0
55.94567839832167,0,0,0,0.0
55.95167839832167,0,0,0,0.0
55.95325734569009,0,0,0,0.0
55.95925734569009,0,0,0,0.0
55.96083629305851,0,0,0,0.0
55.96683629305851,0,0,0,0.0
55.968415240426935,0,0,0,0.0
55.974415240426936,0,0,0,0.0
55.97599418779536,0,0,0,0.0
55.98199418779536,0,0,0,0.0
55.98357313516378,0,0,0,0.0
55.98957313516378,0,0,0,0.0
55.9911520825322,0,0,0,0.0
55.9971520825322,0,0,0,0.0
55.998731029900625,0,0,0,0.0
56.004731029900626,0,0,0,0.0
56.00630997726905,0,0,0,0.0
56.01230997726905,0,0,0,0.0
56.01388892463747,0,0,0,0.0
56.01988892463747,0,0,0,0.0
56.02146787200589,0,0,0,0.0
56.02746787200589,0,0,0,0.0
56.029046819374315,0,0,0,0.0
56.035046819374315,0,0,0,0.0
56.03662576674274,0,0,0,0.0
56.04262576674274,0,0,0,0.0
56.04420471411116,0,0,0,0.0
56.05020471411116,0,0,0,0.0
56.05178366147958,0,0,0,0.0
56.05778366147958,0,0,0,0.0
56.059362608848005,0,0,0,0.0
56.065362608848005,0,0,0,0.0
56.06694155621643,0,0,0,0.0
56.07294155621643,0,0,0,0.0
56.07452050358485,0,0,0,0.0
56.08052050358485,0,0,0,0.0
56.08209945095327,0,0,0,0.0
56.08809945095327,0,0,0,0.0
56.089678398321695,0,0,0,0.0
56.095678398321695,0,0,0,0.0
56.09725734569012,0,0,0,0.0
56.10325734569012,0,0,0,0.0
56.10483629305854,0,0,0,0.0
56.11083629305854,0,0,0,0.0
56.11241524042696,0,0,0,0.0
56.11841524042696,0,0,0,0.0
56.119994187795385,0,0,0,0.0
56.125994187795385,0,0,0,0.0
56.12757313516381,0,0,0,0.0
56.13357313516381,0,0,0,0.0
56.13515208253223,0,0,0,0.0
56.14115208253223,0,0,0,0.0
56.14273102990065,0,0,0,0.0
56.14873102990065,0,0,0,0.0
56.150309977269075,0,0,0,0.0
56.156309977269075,0,0,0,0.0
56.1578889246375,0,0,0,0.0
56.1638889246375,0,0,0,0.0
56.16546787200592,0,0,0,0.0
56.17146787200592,0,0,0,0.0
56.17304681937434,0,0,0,0.0
56.17904681937434,0,0,0,0.0
56.180625766742764,0,0,0,0.0
56.186625766742765,0,0,0,0.0
56.18820471411119,0,0,0,0.0
56.19420471411119,0,0,0,0.0
56.19578366147961,0,0,0,0.0
56.20178366147961,0,0,0,0.0
56.20336260884803,0,0,0,0.0
56.20936260884803,0,0,0,0.0
56.210941556216454,0,0,0,0.0
56.216941556216455,0,0,0,0.0
56.21852050358488,0,0,0,0.0
56.22452050358488,0,0,0,0.0
56.2260994509533,0,0,0,0.0
56.2320994509533,0,0,0,0.0
56.23367839832172,0,0,0,0.0
56.23967839832172,0,0,0,0.0
56.241257345690144,0,0,0,0.0
56.247257345690144,0,0,0,0.0
56.24883629305857,0,0,0,0.0
56.25483629305857,0,0,0,0.0
56.25641524042699,0,0,0,0.0
56.26241524042699,0,0,0,0.0
56.26399418779541,0,0,0,0.0
56.26999418779541,0,0,0,0.0
56.271573135163834,0,0,0,0.0
56.277573135163834,0,0,0,0.0
56.279152082532256,0,0,0,0.0
56.28515208253226,0,0,0,0.0
56.28673102990068,0,0,0,0.0
56.29273102990068,0,0,0,0.0
56.2943099772691,0,0,0,0.0
56.3003099772691,0,0,0,0.0
56.301888924637524,0,0,0,0.0
56.307888924637524,0,0,0,0.0
56.309467872005946,0,0,0,0.0
56.31546787200595,0,0,0,0.0
56.31704681937437,0,0,0,0.0
56.32304681937437,0,0,0,0.0
56.32462576674279,0,0,0,0.0
56.33062576674279,0,0,0,0.0
56.332204714111214,0,0,0,0.0
56.338204714111214,0,0,0,0.0
56.339783661479636,0,0,0,0.0
56.345783661479636,0,0,0,0.0
56.34736260884806,0,0,0,0.0
56.35336260884806,0,0,0,0.0
56.35494155621648,0,0,0,0.0
56.36094155621648,0,0,0,0.0
56.3625205035849,0,0,0,0.0
56.368520503584904,0,0,0,0.0
56.370099450953326,0,0,0,0.0
56.376099450953326,0,0,0,0.0
56.37767839832175,0,0,0,0.0
56.38367839832175,0,0,0,0.0
56.38525734569017,0,0,0,0.0
56.39125734569017,0,0,0,0.0
56.39283629305859,0,0,0,0.0
56.398836293058594,0,0,0,0.0
56.400415240427016,0,0,0,0.0
56.406415240427016,0,0,0,0.0
56.40799418779544,0,0,0,0.0
56.41399418779544,0,0,0,0.0
56.41557313516386,0,0,0,0.0
56.42157313516386,0,0,0,0.0
56.42315208253228,0,0,0,0.0
56.42915208253228,0,0,0,0.0
56.430731029900706,0,0,0,0.0
56.436731029900706,0,0,0,0.0
56.43830997726913,0,0,0,0.0
56.44430997726913,0,0,0,0.0
56.44588892463755,0,0,0,0.0
56.45188892463755,0,0,0,0.0
56.45346787200597,0,0,0,0.0
56.45946787200597,0,0,0,0.0
56.461046819374396,0,0,0,0.0
56.467046819374396,0,0,0,0.0
56.46862576674282,0,0,0,0.0
56.47462576674282,0,0,0,0.0
56.47620471411124,0,0,0,0.0
56.48220471411124,0,0,0,0.0
56.48378366147966,0,0,0,0.0
56.48978366147966,0,0,0,0.0
56.491362608848085,0,0,0,0.0
56.497362608848086,0,0,0,0.0
56.49894155621651,0,0,0,0.0
56.50494155621651,0,0,0,0.0
56.50652050358493,0,0,0,0.0
56.51252050358493,0,0,0,0.0
56.51409945095335,0,0,0,0.0
56.52009945095335,0,0,0,0.0
56.521678398321775,0,0,0,0.0
56.527678398321775,0,0,0,0.0
56.5292573456902,0,0,0,0.0
56.5352573456902,0,0,0,0.0
56.53683629305862,0,0,0,0.0
56.54283629305862,0,0,0,0.0
56.54441524042704,0,0,0,0.0
56.55041524042704,0,0,0,0.0
56.551994187795465,0,0,0,0.0
56.557994187795465,0,0,0,0.0
56.55957313516389,0,0,0,0.0
56.56557313516389,0,0,0,0.0
56.56715208253231,0,0,0,0.0
56.57315208253231,0,0,0,0.0
56.57473102990073,0,0,0,0.0
56.58073102990073,0,0,0,0.0
56.582309977269155,0,0,0,0.0
56.588309977269155,0,0,0,0.0
56.58988892463758,0,0,0,0.0
56.59588892463758,0,0,0,0.0
56.59742738617604,0,0,0,0.0
56.60342738617604,0,0,0,0.0
56.604965847714496,0,0,0,0.0
56.610965847714496,0,0,0,0.0
56.612504309252955,0,0,0,0.0
56.618504309252955,0,0,0,0.0
56.620042770791414,0,0,0,0.0
56.626042770791415,0,0,0,0.0
56.627581232329874,0,0,0,0.0
56.633581232329874,0,0,0,0.0
56.63511969386833,0,0,0,0.0
56.64111969386833,0,0,0,0.0
56.64265815540679,0,0,0,0.0
56.64865815540679,0,0,0,0.0
56.65019661694525,0,0,0,0.0
56.65619661694525,0,0,0,0.0
56.65773507848371,0,0,0,0.0
56.66373507848371,0,0,0,0.0
56.66527354002217,0,0,0,0.0
56.67127354002217,0,0,0,0.0
56.67281200156063,0,0,0,0.0
56.67881200156063,0,0,0,0.0
56.68035046309909,0,0,0,0.0
56.68635046309909,0,0,0,0.0
56.68788892463755,0,0,0,0.0
56.69388892463755,0,0,0,0.0
56.69542738617601,0,0,0,0.0
56.70142738617601,0,0,0,0.0
56.70296584771447,0,0,0,0.0
56.70896584771447,0,0,0,0.0
56.710504309252926,0,0,0,0.0
56.716504309252926,0,0,0,0.0
56.718042770791385,0,0,0,0.0
56.724042770791385,0,0,0,0.0
56.725581232329844,0,0,0,0.0
56.731581232329845,0,0,0,0.0
56.733119693868304,0,0,0,0.0
56.739119693868304,0,0,0,0.0
56.74065815540676,0,0,0,0.0
56.74665815540676,0,0,0,0.0
56.74819661694522,0,0,0,0.0
56.75419661694522,0,0,0,0.0
56.75573507848368,0,0,0,0.0
56.76173507848368,0,0,0,0.0
56.76327354002214,0,0,0,0.0
56.76927354002214,0,0,0,0.0
56.7708120015606,0,0,0,0.0
56.7768120015606,0,0,0,0.0
56.77835046309906,0,0,0,0.0
56.78435046309906,0,0,0,0.0
56.78588892463752,0,0,0,0.0
56.79188892463752,0,0,0,0.0
56.79342738617598,0,0,0,0.0
56.79942738617598,0,0,0,0.0
56.80096584771444,0,0,0,0.0
56.80696584771444,0,0,0,0.0
56.808504309252896,0,0,0,0.0
56.8145043092529,0,0,0,0.0
56.816042770791356,0,0,0,0.0
56.822042770791356,0,0,0,0.0
56.823581232329815,0,0,0,0.0
56.829581232329815,0,0,0,0.0
56.831119693868274,0,0,0,0.0
56.837119693868274,0,0,0,0.0
56.83865815540673,0,0,0,0.0
56.844658155406734,0,0,0,0.0
56.84619661694519,0,0,0,0.0
56.85219661694519,0,0,0,0.0
56.85373507848365,0,0,0,0.0
56.85973507848365,0,0,0,0.0
56.86127354002211,0,0,0,0.0
56.86727354002211,0,0,0,0.0
56.86881200156057,0,0,0,0.0
56.87481200156057,0,0,0,0.0
56.87635046309903,0,0,0,0.0
56.88235046309903,0,0,0,0.0
56.88388892463749,0,0,0,0.0
56.88988892463749,0,0,0,0.0
56.89146787200591,0,0,0,0.0
56.89746787200591,0,0,0,0.0
56.899046819374334,0,0,0,0.0
56.905046819374334,0,0,0,0.0
56.906625766742756,0,0,0,0.0
56.91262576674276,0,0,0,0.0
56.91420471411118,0,0,0,0.0
56.92020471411118,0,0,0,0.0
56.9217836614796,0,0,0,0.0
56.9277836614796,0,0,0,0.0
56.929362608848024,0,0,0,0.0
56.935362608848024,0,0,0,0.0
56.936941556216446,0,0,0,0.0
56.94294155621645,0,0,0,0.0
56.94452050358487,0,0,0,0.0
56.95052050358487,0,0,0,0.0
56.95209945095329,0,0,0,0.0
56.95809945095329,0,0,0,0.0
56.959678398321714,0,0,0,0.0
56.965678398321714,0,0,0,0.0
56.967257345690136,0,0,0,0.0
56.973257345690136,0,0,0,0.0
56.97483629305856,0,0,0,0.0
56.98083629305856,0,0,0,0.0
56.98241524042698,0,0,0,0.0
56.98841524042698,0,0,0,0.0
56.9899941877954,0,0,0,0.0
56.995994187795404,0,0,0,0.0
56.997573135163826,0,0,0,0.0
57.003573135163826,0,0,0,0.0
57.00515208253225,0,0,0,0.0
57.01115208253225,0,0,0,0.0
57.01273102990067,0,0,0,0.0
57.01873102990067,0,0,0,0.0
57.020352651522295,0,0,0,0.0
57.026352651522295,0,0,0,0.0
57.02797427314392,0,0,0,0.0
57.03397427314392,0,0,0,0.0
57.03559589476554,0,0,0,0.0
57.04159589476554,0,0,0,0.0
57.043217516387166,0,0,0,0.0
57.049217516387166,0,0,0,0.0
57.05083913800879,0,0,0,0.0
57.05683913800879,0,0,0,0.0
57.058460759630414,0,0,0,0.0
57.064460759630414,0,0,0,0.0
57.06608238125204,0,0,0,0.0
57.07208238125204,0,0,0,0.0
57.07370400287366,0,0,0,0.0
57.07970400287366,0,0,0,0.0
57.081325624495285,0,0,0,0.0
57.087325624495286,0,0,0,0.0
57.08894724611691,0,0,0,0.0
57.09494724611691,0,0,0,0.0
57.09656886773853,0,0,0,0.0
57.10256886773853,0,0,0,0.0
57.10419048936016,0,0,0,0.0
57.11019048936016,0,0,0,0.0
57.11181211098178,0,0,0,0.0
57.11781211098178,0,0,0,0.0
57.119433732603405,0,0,0,0.0
57.125433732603405,0,0,0,0.0
57.12705535422503,0,0,0,0.0
57.13305535422503,0,0,0,0.0
57.13467697584665,0,0,0,0.0
57.14067697584665,0,0,0,0.0
57.142298597468276,0,0,0,0.0
57.148298597468276,0,0,0,0.0
57.1499202190899,0,0,0,0.0
57.1559202190899,0,0,0,0.0
57.157541840711524,0,0,0,0.0
57.163541840711524,0,0,0,0.0
57.16516346233315,0,0,0,0.0
57.17116346233315,0,0,0,0.0
57.17278508395477,0,0,0,0.0
57.17878508395477,0,0,0,0.0
57.180406705576395,0,0,0,0.0
57.186406705576395,0,0,0,0.0
57.18802832719802,0,0,0,0.0
57.19402832719802,0,0,0,0.0
57.19564994881964,0,0,0,0.0
57.20164994881964,0,0,0,0.0
57.20327157044127,0,0,0,0.0
57.20927157044127,0,0,0,0.0
57.21089319206289,0,0,0,0.0
57.21689319206289,0,0,0,0.0
57.218514813684514,0,0,0,0.0
57.224514813684515,0,0,0,0.0
57.22613643530614,0,0,0,0.0
57.23213643530614,0,0,0,0.0
57.23375805692776,0,0,0,0.0
57.23975805692776,0,0,0,0.0
57.241379678549386,0,0,0,0.0
57.247379678549386,0,0,0,0.0
57.24900130017101,0,0,0,0.0
57.25500130017101,0,0,0,0.0
57.25662292179263,0,0,0,0.0
57.262622921792634,0,0,0,0.0
57.26424454341426,0,0,0,0.0
57.27024454341426,0,0,0,0.0
57.27186616503588,0,0,0,0.0
57.27786616503588,0,0,0,0.0
57.279487786657505,0,0,0,0.0
57.285487786657505,0,0,0,0.0
57.28710940827913,0,0,0,0.0
57.29310940827913,0,0,0,0.0
57.29473102990075,0,0,0,0.0
57.30073102990075,0,0,0,0.0
57.30235265152238,0,0,0,0.0
57.30835265152238,0,0,0,0.0
57.309974273144,0,0,0,0.0
57.315974273144,0,0,0,0.0
57.317595894765624,0,0,0,0.0
57.323595894765624,0,0,0,0.0
57.32521751638725,0,0,0,0.0
57.33121751638725,0,0,0,0.0
57.33283913800887,0,0,0,0.0
57.33883913800887,0,0,0,0.0
57.340460759630496,0,0,0,0.0
57.346460759630496,0,0,0,0.0
57.34808238125212,0,0,0,0.0
57.35408238125212,0,0,0,0.0
57.35570400287374,0,0,0,0.0
57.36170400287374,0,0,0,0.0
57.36332562449537,0,0,0,0.0
57.36932562449537,0,0,0,0.0
57.37094724611699,0,0,0,0.0
57.37694724611699,0,0,0,0.0
57.378568867738615,0,0,0,0.0
57.384568867738615,0,0,0,0.0
57.38619048936024,0,0,0,0.0
57.39219048936024,0,0,0,0.0
57.39381211098186,0,0,0,0.0
57.39981211098186,0,0,0,0.0
57.401433732603486,0,0,0,0.0
57.40743373260349,0,0,0,0.0
57.40905535422511,0,0,0,0.0
57.41505535422511,0,0,0,0.0
57.416676975846734,0,0,0,0.0
57.422676975846734,0,0,0,0.0
57.4243436425134,0,0,0,0.0
57.4303436425134,0,0,0,0.0
57.432010309180065,0,0,0,0.0
57.438010309180065,0,0,0,0.0
57.43972459489435,0,0,0,0.0
57.44572459489435,0,0,0,0.0
57.44743888060864,0,0,0,0.0
57.45343888060864,0,0,0,0.0
57.45515316632292,0,0,0,0.0
57.46115316632292,0,0,0,0.0
57.46286745203721,0,0,0,0.0
57.46886745203721,0,0,0,0.0
57.470581737751495,0,0,0,0.0
57.476581737751495,0,0,0,0.0
57.478346443633846,0,0,0,0.0
57.48434644363385,0,0,0,0.0
57.4861111495162,0,0,0,0.0
57.4921111495162,0,0,0,0.0
57.49387585539855,0,0,0,0.0
57.49987585539855,0,0,0,0.0
57.5016405612809,0,0,0,0.0
57.5076405612809,0,0,0,0.0
57.50940526716325,0,0,0,0.0
57.51540526716325,0,0,0,0.0
57.517169973045604,0,0,0,0.0
57.523169973045604,0,0,0,0.0
57.524934678927956,0,0,0,0.0
57.530934678927956,0,0,0,0.0
57.53269938481031,0,0,0,0.0
57.53869938481031,0,0,0,0.0
57.54046409069266,0,0,0,0.0
57.54646409069266,0,0,0,0.0
57.54822879657501,0,0,0,0.0
57.55422879657501,0,0,0,0.0
57.55599350245736,0,0,0,0.0
57.56199350245736,0,0,0,0.0
57.56375820833971,0,0,0,0.0
57.569758208339714,0,0,0,0.0
57.571522914222065,0,0,0,0.0
57.577522914222065,0,0,0,0.0
57.57928762010442,0,0,0,0.0
57.58528762010442,0,0,0,0.0
57.58705232598677,0,0,0,0.0
57.59305232598677,0,0,0,0.0
57.59481703186912,0,0,0,0.0
57.60081703186912,0,0,0,0.0
57.60258173775147,0,0,0,0.0
57.60858173775147,0,0,0,0.0
57.61034644363382,0,0,0,0.0
57.61634644363382,0,0,0,0.0
57.618111149516174,0,0,0,0.0
57.624111149516175,0,0,0,0.0
57.625875855398526,0,0,0,0.0
57.631875855398526,0,0,0,0.0
57.63364056128088,0,0,0,0.0
57.63964056128088,0,0,0,0.0
57.64140526716323,0,0,0,0.0
57.64740526716323,0,0,0,0.0
57.64916997304558,0,0,0,0.0
57.65516997304558,0,0,0,0.0
57.65693467892793,0,0,0,0.0
57.66293467892793,0,0,0,0.0
57.664699384810284,0,0,0,0.0
57.670699384810284,0,0,0,0.0
57.672464090692635,0,0,0,0.0
57.678464090692636,0,0,0,0.0
57.68022879657499,0,0,0,0.0
57.68622879657499,0,0,0,0.0
57.68799350245734,0,0,0,0.0
57.69399350245734,0,0,0,0.0
57.69575820833969,0,0,0,0.0
57.70175820833969,0,0,0,0.0
57.70352291422204,0,0,0,0.0
57.70952291422204,0,0,0,0.0
57.71128762010439,0,0,0,0.0
57.71728762010439,0,0,0,0.0
57.719052325986745,0,0,0,0.0
57.725052325986745,0,0,0,0.0
57.726817031869096,0,0,0,0.0
57.7328170318691,0,0,0,0.0
57.73458173775145,0,0,0,0.0
57.74058173775145,0,0,0,0.0
57.7423464436338,0,0,0,0.0
57.7483464436338,0,0,0,0.0
57.75011114951615,0,0,0,0.0
57.75611114951615,0,0,0,0.0
57.7578758553985,0,0,0,0.0
57.7638758553985,0,0,0,0.0
57.765640561280854,0,0,0,0.0
57.771640561280854,0,0,0,0.0
57.773405267163206,0,0,0,0.0
57.779405267163206,0,0,0,0.0
57.78116997304556,0,0,0,0.0
57.78716997304556,0,0,0,0.0
57.78893467892791,0,0,0,0.0
57.79493467892791,0,0,0,0.0
57.79669938481026,0,0,0,0.0
57.80269938481026,0,0,0,0.0
57.80446409069261,0,0,0,0.0
57.81046409069261,0,0,0,0.0
57.81222879657496,0,0,0,0.0
57.818228796574964,0,0,0,0.0
57.819993502457315,0,0,0,0.0
57.825993502457315,0,0,0,0.0
57.82775820833967,0,0,0,0.0
57.83375820833967,0,0,0,0.0
57.83552291422202,0,0,0,0.0
57.84152291422202,0,0,0,0.0
57.84328762010437,0,0,0,0.0
57.84928762010437,0,0,0,0.0
57.85105232598672,0,0,0,0.0
57.85705232598672,0,0,0,0.0
57.85881703186907,0,0,0,0.0
57.86481703186907,0,0,0,0.0
57.866581737751424,0,0,0,0.0
57.872581737751425,0,0,0,0.0
57.874346443633776,0,0,0,0.0
57.880346443633776,0,0,0,0.0
57.88211114951613,0,0,0,0.0
57.88811114951613,0,0,0,0.0
57.88987585539848,0,0,0,0.0
57.89587585539848,0,0,0,0.0
57.89764056128083,0,0,0,0.0
57.90364056128083,0,0,0,0.0
57.90540526716318,0,0,0,0.0
57.91140526716318,0,0,0,0.0
57.913169973045534,0,0,0,0.0
57.919169973045534,0,0,0,0.0
57.920934678927885,0,0,0,0.0
57.926934678927886,0,0,0,0.0
57.92869938481024,0,0,0,0.0
57.93469938481024,0,0,0,0.0
57.93646409069259,0,0,0,0.0
57.94246409069259,0,0,0,0.0
57.94422879657494,0,0,0,0.0
57.95022879657494,0,0,0,0.0
57.95199350245729,0,0,0,0.0
57.95799350245729,0,0,0,0.0
57.95975820833964,0,0,0,0.0
57.96575820833964,0,0,0,0.0
57.967522914221995,0,0,0,0.0
57.973522914221995,0,0,0,0.0
57.975287620104346,0,0,0,0.0
57.98128762010435,0,0,0,0.0
57.9830523259867,0,0,0,0.0
57.9890523259867,0,0,0,0.0
57.99081703186905,0,0,0,0.0
57.99681703186905,0,0,0,0.0
57.9985817377514,0,0,0,0.0
58.0045817377514,0,0,0,0.0
58.00634644363375,0,0,0,0.0
58.01234644363375,0,0,0,0.0
58.014111149516104,0,0,0,0.0
58.020111149516104,0,0,0,0.0
58.021875855398456,0,0,0,0.0
58.027875855398456,0,0,0,0.0
58.02964056128081,0,0,0,0.0
58.03564056128081,0,0,0,0.0
58.03740526716316,0,0,0,0.0
58.04340526716316,0,0,0,0.0
58.04522344898134,0,0,0,0.0
58.05122344898134,0,0,0,0.0
58.05304163079952,0,0,0,0.0
58.05904163079952,0,0,0,0.0
58.0608598126177,0,0,0,0.0
58.0668598126177,0,0,0,0.0
58.06867799443588,0,0,0,0.0
58.07467799443588,0,0,0,0.0
58.07649617625406,0,0,0,0.0
58.08249617625406,0,0,0,0.0
58.08431435807224,0,0,0,0.0
58.09031435807224,0,0,0,0.0
58.09213253989042,0,0,0,0.0
58.09813253989042,0,0,0,0.0
58.0999507217086,0,0,0,0.0
58.1059507217086,0,0,0,0.0
58.10776890352678,0,0,0,0.0
58.11376890352678,0,0,0,0.0
58.11558708534496,0,0,0,0.0
58.12158708534496,0,0,0,0.0
58.12340526716314,0,0,0,0.0
58.12940526716314,0,0,0,0.0
58.13128026716314,0,0,0,0.0
58.13728026716314,0,0,0,0.0
58.13915526716314,0,0,0,0.0
58.14515526716314,0,0,0,0.0
58.14703026716314,0,0,0,0.0
58.15303026716314,0,0,0,0.0
58.15490526716314,0,0,0,0.0
58.16090526716314,0,0,0,0.0
58.162780267163136,0,0,0,0.0
58.168780267163136,0,0,0,0.0
58.1707157510341,0,0,0,0.0
58.1767157510341,0,0,0,0.0
58.17865123490507,0,0,0,0.0
58.18465123490507,0,0,0,0.0
58.186586718776034,0,0,0,0.0
58.192586718776035,0,0,0,0.0
58.194522202647,0,0,0,0.0
58.200522202647,0,0,0,0.0
58.20245768651797,0,0,0,0.0
58.20845768651797,0,0,0,0.0
58.21039317038893,0,0,0,0.0
58.21639317038893,0,0,0,0.0
58.2183286542599,0,0,0,0.0
58.2243286542599,0,0,0,0.0
58.226264138130865,0,0,0,0.0
58.232264138130866,0,0,0,0.0
58.23419962200183,0,0,0,0.0
58.24019962200183,0,0,0,0.0
58.2421351058728,0,0,0,0.0
58.2481351058728,0,0,0,0.0
58.250070589743764,0,0,0,0.0
58.256070589743764,0,0,0,0.0
58.25800607361473,0,0,0,0.0
58.26400607361473,0,0,0,0.0
58.2659415574857,0,0,0,0.0
58.2719415574857,0,0,0,0.0
58.27387704135666,0,0,0,0.0
58.27987704135666,0,0,0,0.0
58.28181252522763,0,0,0,0.0
58.28781252522763,0,0,0,0.0
58.289748009098595,0,0,0,0.0
58.295748009098595,0,0,0,0.0
58.2977480090986,0,0,0,0.0
58.3037480090986,0,0,0,0.0
58.3057480090986,0,0,0,0.0
58.3117480090986,0,0,0,0.0
58.3137480090986,0,0,0,0.0
58.3197480090986,0,0,0,0.0
58.321748009098606,0,0,0,0.0
58.327748009098606,0,0,0,0.0
58.32974800909861,0,0,0,0.0
58.33574800909861,0,0,0,0.0
58.33774800909861,0,0,0,0.0
58.34374800909861,0,0,0,0.0
58.34568349296958,0,0,0,0.0
58.35168349296958,0,0,0,0.0
58.353618976840544,0,0,0,0.0
58.359618976840544,0,0,0,0.0
58.36155446071151,0,0,0,0.0
58.36755446071151,0,0,0,0.0
58.369489944582476,0,0,0,0.0
58.375489944582476,0,0,0,0.0
58.37742542845344,0,0,0,0.0
58.38342542845344,0,0,0,0.0
58.38536091232441,0,0,0,0.0
58.39136091232441,0,0,0,0.0
58.393296396195375,0,0,0,0.0
58.399296396195375,0,0,0,0.0
58.40123188006634,0,0,0,0.0
58.40723188006634,0,0,0,0.0
58.40916736393731,0,0,0,0.0
58.41516736393731,0,0,0,0.0
58.41710284780827,0,0,0,0.0
58.42310284780827,0,0,0,0.0
58.42503833167924,0,0,0,0.0
58.43103833167924,0,0,0,0.0
58.432973815550206,0,0,0,0.0
58.438973815550206,0,0,0,0.0
58.44090929942117,0,0,0,0.0
58.44690929942117,0,0,0,0.0
58.44884478329214,0,0,0,0.0
58.45484478329214,0,0,0,0.0
58.456780267163104,0,0,0,0.0
58.462780267163104,0,0,0,0.0
58.46471575103407,0,0,0,0.0
58.47071575103407,0,0,0,0.0
58.47265123490504,0,0,0,0.0
58.47865123490504,0,0,0,0.0
58.480586718776,0,0,0,0.0
58.486586718776,0,0,0,0.0
58.48852220264697,0,0,0,0.0
58.49452220264697,0,0,0,0.0
58.496457686517935,0,0,0,0.0
58.502457686517936,0,0,0,0.0
58.5043931703889,0,0,0,0.0
58.5103931703889,0,0,0,0.0
58.51232865425987,0,0,0,0.0
58.51832865425987,0,0,0,0.0
58.520264138130834,0,0,0,0.0
58.526264138130834,0,0,0,0.0
58.5281996220018,0,0,0,0.0
58.5341996220018,0,0,0,0.0
58.536135105872766,0,0,0,0.0
58.54213510587277,0,0,0,0.0
58.544010105872765,0,0,0,0.0
58.550010105872765,0,0,0,0.0
58.55188510587276,0,0,0,0.0
58.557885105872764,0,0,0,0.0
58.55976010587276,0,0,0,0.0
58.56576010587276,0,0,0,0.0
58.56763510587276,0,0,0,0.0
58.57363510587276,0,0,0,0.0
58.57551010587276,0,0,0,0.0
58.58151010587276,0,0,0,0.0
58.58338510587276,0,0,0,0.0
58.58938510587276,0,0,0,0.0
58.591260105872756,0,0,0,0.0
58.597260105872756,0,0,0,0.0
58.599135105872755,0,0,0,0.0
58.605135105872755,0,0,0,0.0
58.60701010587275,0,0,0,0.0
58.61301010587275,0,0,0,0.0
58.61488510587275,0,0,0,0.0
58.62088510587275,0,0,0,0.0
58.62276010587275,0,0,0,0.0
58.62876010587275,0,0,0,0.0
58.63063510587275,0,0,0,0.0
58.63663510587275,0,0,0,0.0
58.63851010587275,0,0,0,0.0
58.64451010587275,0,0,0,0.0
58.646385105872746,0,0,0,0.0
58.652385105872746,0,0,0,0.0
58.654260105872744,0,0,0,0.0
58.660260105872744,0,0,0,0.0
58.66213510587274,0,0,0,0.0
58.66813510587274,0,0,0,0.0
58.67001010587274,0,0,0,0.0
58.67601010587274,0,0,0,0.0
58.67788510587274,0,0,0,0.0
58.68388510587274,0,0,0,0.0
58.68576010587274,0,0,0,0.0
58.69176010587274,0,0,0,0.0
58.69363510587274,0,0,0,0.0
58.69963510587274,0,0,0,0.0
58.701510105872735,0,0,0,0.0
58.707510105872736,0,0,0,0.0
58.709385105872734,0,0,0,0.0
58.715385105872734,0,0,0,0.0
58.71726010587273,0,0,0,0.0
58.72326010587273,0,0,0,0.0
58.72513510587273,0,0,0,0.0
58.73113510587273,0,0,0,0.0
58.73301010587273,0,0,0,0.0
58.73901010587273,0,0,0,0.0
58.74088510587273,0,0,0,0.0
58.74688510587273,0,0,0,0.0
58.74876010587273,0,0,0,0.0
58.75476010587273,0,0,0,0.0
58.756635105872725,0,0,0,0.0
58.762635105872725,0,0,0,0.0
58.76451010587272,0,0,0,0.0
58.770510105872724,0,0,0,0.0
58.77238510587272,0,0,0,0.0
58.77838510587272,0,0,0,0.0
58.78026010587272,0,0,0,0.0
58.78626010587272,0,0,0,0.0
58.78813510587272,0,0,0,0.0
58.79413510587272,0,0,0,0.0
58.79601010587272,0,0,0,0.0
58.80201010587272,0,0,0,0.0
58.803885105872716,0,0,0,0.0
58.809885105872716,0,0,0,0.0
58.811760105872715,0,0,0,0.0
58.817760105872715,0,0,0,0.0
58.81963510587271,0,0,0,0.0
58.82563510587271,0,0,0,0.0
58.82751010587271,0,0,0,0.0
58.83351010587271,0,0,0,0.0
58.83538510587271,0,0,0,0.0
58.84138510587271,0,0,0,0.0
58.84326010587271,0,0,0,0.0
58.84926010587271,0,0,0,0.0
58.85113510587271,0,0,0,0.0
58.85713510587271,0,0,0,0.0
58.859010105872706,0,0,0,0.0
58.865010105872706,0,0,0,0.0
58.866885105872704,0,0,0,0.0
58.872885105872705,0,0,0,0.0
58.8747601058727,0,0,0,0.0
58.8807601058727,0,0,0,0.0
58.8826351058727,0,0,0,0.0
58.8886351058727,0,0,0,0.0
58.8905101058727,0,0,0,0.0
58.8965101058727,0,0,0,0.0
58.8983851058727,0,0,0,0.0
58.9043851058727,0,0,0,0.0
58.9062601058727,0,0,0,0.0
58.9122601058727,0,0,0,0.0
58.914135105872695,0,0,0,0.0
58.920135105872696,0,0,0,0.0
58.922010105872694,0,0,0,0.0
58.928010105872694,0,0,0,0.0
58.92988510587269,0,0,0,0.0
58.93588510587269,0,0,0,0.0
58.93782058974366,0,0,0,0.0
58.94382058974366,0,0,0,0.0
58.945756073614625,0,0,0,0.0
58.951756073614625,0,0,0,0.0
58.95369155748559,0,0,0,0.0
58.95969155748559,0,0,0,0.0
58.96162704135656,0,0,0,0.0
58.96762704135656,0,0,0,0.0
58.96956252522752,0,0,0,0.0
58.975562525227524,0,0,0,0.0
58.97749800909849,0,0,0,0.0
58.98349800909849,0,0,0,0.0
58.985433492969456,0,0,0,0.0
58.991433492969456,0,0,0,0.0
58.99336897684042,0,0,0,0.0
58.99936897684042,0,0,0,0.0
59.00130446071139,0,0,0,0.0
59.00730446071139,0,0,0,0.0
59.009239944582355,0,0,0,0.0
59.015239944582355,0,0,0,0.0
59.01717542845332,0,0,0,0.0
59.02317542845332,0,0,0,0.0
59.02511091232429,0,0,0,0.0
59.03111091232429,0,0,0,0.0
59.03304639619525,0,0,0,0.0
59.03904639619525,0,0,0,0.0
59.04098188006622,0,0,0,0.0
59.04698188006622,0,0,0,0.0
59.048917363937186,0,0,0,0.0
59.054917363937186,0,0,0,0.0
59.05685284780815,0,0,0,0.0
59.06285284780815,0,0,0,0.0
59.06478833167912,0,0,0,0.0
59.07078833167912,0,0,0,0.0
59.072723815550084,0,0,0,0.0
59.078723815550084,0,0,0,0.0
59.08065929942105,0,0,0,0.0
59.08665929942105,0,0,0,0.0
59.08859478329202,0,0,0,0.0
59.09459478329202,0,0,0,0.0
59.09653026716298,0,0,0,0.0
59.10253026716298,0,0,0,0.0
59.10446575103395,0,0,0,0.0
59.11046575103395,0,0,0,0.0
59.112401234904915,0,0,0,0.0
59.118401234904915,0,0,0,0.0
59.12033671877588,0,0,0,0.0
59.12633671877588,0,0,0,0.0
59.12827220264685,0,0,0,0.0
59.13427220264685,0,0,0,0.0
59.136207686517814,0,0,0,0.0
59.142207686517814,0,0,0,0.0
59.14420768651782,0,0,0,0.0
59.15020768651782,0,0,0,0.0
59.15220768651782,0,0,0,0.0
59.15820768651782,0,0,0,0.0
59.16020768651782,0,0,0,0.0
59.16620768651782,0,0,0,0.0
59.168207686517825,0,0,0,0.0
59.174207686517825,0,0,0,0.0
59.17620768651783,0,0,0,0.0
59.18220768651783,0,0,0,0.0
59.18420768651783,0,0,0,0.0
59.19020768651783,0,0,0,0.0
59.19220768651783,0,0,0,0.0
59.19820768651783,0,0,0,0.0
59.200207686517835,0,0,0,0.0
59.206207686517835,0,0,0,0.0
59.20820768651784,0,0,0,0.0
59.21420768651784,0,0,0,0.0
59.21620768651784,0,0,0,0.0
59.22220768651784,0,0,0,0.0
59.22420768651784,0,0,0,0.0
59.23020768651784,0,0,0,0.0
59.232207686517846,0,0,0,0.0
59.238207686517846,0,0,0,0.0
59.24020768651785,0,0,0,0.0
59.24620768651785,0,0,0,0.0
59.24820768651785,0,0,0,0.0
59.25420768651785,0,0,0,0.0
59.256207686517854,0,0,0,0.0
59.262207686517854,0,0,0,0.0
59.26420768651786,0,0,0,0.0
59.27020768651786,0,0,0,0.0
59.27220768651786,0,0,0,0.0
59.27820768651786,0,0,0,0.0
59.28020768651786,0,0,0,0.0
59.28620768651786,0,0,0,0.0
59.288207686517865,0,0,0,0.0
59.294207686517865,0,0,0,0.0
59.29620768651787,0,0,0,0.0
59.30220768651787,0,0,0,0.0
59.30420768651787,0,0,0,0.0
59.31020768651787,0,0,0,0.0
59.31220768651787,0,0,0,0.0
59.31820768651787,0,0,0,0.0
59.320207686517875,0,0,0,0.0
59.326207686517876,0,0,0,0.0
59.32820768651788,0,0,0,0.0
59.33420768651788,0,0,0,0.0
59.33620768651788,0,0,0,0.0
59.34220768651788,0,0,0,0.0
59.34420768651788,0,0,0,0.0
59.350207686517884,0,0,0,0.0
59.352207686517886,0,0,0,0.0
59.358207686517886,0,0,0,0.0
59.36020768651789,0,0,0,0.0
59.36620768651789,0,0,0,0.0
59.36820768651789,0,0,0,0.0
59.37420768651789,0,0,0,0.0
59.376207686517894,0,0,0,0.0
59.382207686517894,0,0,0,0.0
59.3842076865179,0,0,0,0.0
59.3902076865179,0,0,0,0.0
59.3922076865179,0,0,0,0.0
59.3982076865179,0,0,0,0.0
59.4002076865179,0,0,0,0.0
59.4062076865179,0,0,0,0.0
59.408207686517905,0,0,0,0.0
59.414207686517905,0,0,0,0.0
59.41620768651791,0,0,0,0.0
59.42220768651791,0,0,0,0.0
59.42420768651791,0,0,0,0.0
59.43020768651791,0,0,0,0.0
59.43220768651791,0,0,0,0.0
59.43820768651791,0,0,0,0.0
59.440207686517915,0,0,0,0.0
59.446207686517916,0,0,0,0.0
59.44820768651792,0,0,0,0.0
59.45420768651792,0,0,0,0.0
59.456143170388884,0,0,0,0.0
59.462143170388885,0,0,0,0.0
59.46407865425985,0,0,0,0.0
59.47007865425985,0,0,0,0.0
59.47201413813082,0,0,0,0.0
59.47801413813082,0,0,0,0.0
59.47994962200178,0,0,0,0.0
59.48594962200178,0,0,0,0.0
59.48788510587275,0,0,0,0.0
59.49388510587275,0,0,0,0.0
59.495820589743715,0,0,0,0.0
59.501820589743716,0,0,0,0.0
59.50375607361468,0,0,0,0.0
59.50975607361468,0,0,0,0.0
59.51169155748565,0,0,0,0.0
59.51769155748565,0,0,0,0.0
59.519627041356614,0,0,0,0.0
59.525627041356614,0,0,0,0.0
59.52750204135661,0,0,0,0.0
59.53350204135661,0,0,0,0.0
59.53537704135661,0,0,0,0.0
59.54137704135661,0,0,0,0.0
59.54331252522758,0,0,0,0.0
59.54931252522758,0,0,0,0.0
59.55124800909854,0,0,0,0.0
59.557248009098544,0,0,0,0.0
59.55918349296951,0,0,0,0.0
59.56518349296951,0,0,0,0.0
59.567118976840476,0,0,0,0.0
59.573118976840476,0,0,0,0.0
59.57505446071144,0,0,0,0.0
59.58105446071144,0,0,0,0.0
59.58298994458241,0,0,0,0.0
59.58898994458241,0,0,0,0.0
59.590925428453374,0,0,0,0.0
59.596925428453375,0,0,0,0.0
59.59886091232434,0,0,0,0.0
59.60486091232434,0,0,0,0.0
59.60679639619531,0,0,0,0.0
59.61279639619531,0,0,0,0.0
59.61473188006627,0,0,0,0.0
59.62073188006627,0,0,0,0.0
59.62266736393724,0,0,0,0.0
59.62866736393724,0,0,0,0.0
59.630602847808206,0,0,0,0.0
59.636602847808206,0,0,0,0.0
59.63853833167917,0,0,0,0.0
59.64453833167917,0,0,0,0.0
59.64647381555014,0,0,0,0.0
59.65247381555014,0,0,0,0.0
59.654409299421104,0,0,0,0.0
59.660409299421104,0,0,0,0.0
59.66234478329207,0,0,0,0.0
59.66834478329207,0,0,0,0.0
59.67028026716304,0,0,0,0.0
59.67628026716304,0,0,0,0.0
59.67828026716304,0,0,0,0.0
59.68428026716304,0,0,0,0.0
59.68628026716304,0,0,0,0.0
59.69228026716304,0,0,0,0.0
59.694280267163045,0,0,0,0.0
59.700280267163045,0,0,0,0.0
59.70228026716305,0,0,0,0.0
59.70828026716305,0,0,0,0.0
59.71028026716305,0,0,0,0.0
59.71628026716305,0,0,0,0.0
59.71828026716305,0,0,0,0.0
59.72428026716305,0,0,0,0.0
59.726280267163055,0,0,0,0.0
59.732280267163055,0,0,0,0.0
59.73428026716306,0,0,0,0.0
59.74028026716306,0,0,0,0.0
59.74228026716306,0,0,0,0.0
59.74828026716306,0,0,0,0.0
59.75028026716306,0,0,0,0.0
59.75628026716306,0,0,0,0.0
59.758280267163066,0,0,0,0.0
59.764280267163066,0,0,0,0.0
59.76628026716307,0,0,0,0.0
59.77228026716307,0,0,0,0.0
59.77428026716307,0,0,0,0.0
59.78028026716307,0,0,0,0.0
59.78221575103404,0,0,0,0.0
59.78821575103404,0,0,0,0.0
59.790151234905004,0,0,0,0.0
59.796151234905004,0,0,0,0.0
59.79808671877597,0,0,0,0.0
59.80408671877597,0,0,0,0.0
59.806022202646936,0,0,0,0.0
59.812022202646936,0,0,0,0.0
59.8139576865179,0,0,0,0.0
59.8199576865179,0,0,0,0.0
59.82189317038887,0,0,0,0.0
59.82789317038887,0,0,0,0.0
59.829828654259835,0,0,0,0.0
59.835828654259835,0,0,0,0.0
59.8377641381308,0,0,0,0.0
59.8437641381308,0,0,0,0.0
59.84569962200177,0,0,0,0.0
59.85169962200177,0,0,0,0.0
59.85363510587273,0,0,0,0.0
59.859635105872734,0,0,0,0.0
59.8615705897437,0,0,0,0.0
59.8675705897437,0,0,0,0.0
59.869506073614666,0,0,0,0.0
59.875506073614666,0,0,0,0.0
59.87744155748563,0,0,0,0.0
59.88344155748563,0,0,0,0.0
59.8853770413566,0,0,0,0.0
59.8913770413566,0,0,0,0.0
59.893312525227564,0,0,0,0.0
59.899312525227565,0,0,0,0.0
59.90124800909853,0,0,0,0.0
59.90724800909853,0,0,0,0.0
59.9091834929695,0,0,0,0.0
59.9151834929695,0,0,0,0.0
59.91711897684046,0,0,0,0.0
59.92311897684046,0,0,0,0.0
59.92505446071143,0,0,0,0.0
59.93105446071143,0,0,0,0.0
59.932989944582395,0,0,0,0.0
59.938989944582396,0,0,0,0.0
59.94092542845336,0,0,0,0.0
59.94692542845336,0,0,0,0.0
59.94886091232433,0,0,0,0.0
59.95486091232433,0,0,0,0.0
59.956796396195294,0,0,0,0.0
59.962796396195294,0,0,0,0.0
59.96473188006626,0,0,0,0.0
59.97073188006626,0,0,0,0.0
59.97266736393723,0,0,0,0.0
59.97866736393723,0,0,0,0.0
59.98060284780819,0,0,0,0.0
59.98660284780819,0,0,0,0.0
59.98853833167916,0,0,0,0.0
59.99453833167916,0,0,0,0.0
59.996473815550125,0,0,0,0.0
60.002473815550125,0,0,0,0.0
60.00440929942109,0,0,0,0.0
