time,P3,P6,P7,P8
0.0,0,0,0,0
0.3,0,0,0,0
0.31,0,0,0,0
0.61,0,0,0,0
0.62,0,0,0,0
0.9199999999999999,0,0,0,0
0.9299999999999999,0,0,0,0
1.23,0,0,0,0
1.24,0,0,0,0
1.54,0,0,0,0
1.55,0,0,0,0
1.85,0,0,0,0
1.86,0,0,0,0
2.16,0,0,0,0
2.17,0,0,0,0
2.4699999999999998,0,0,0,0
2.4799999999999995,0,0,0,0
2.7799999999999994,0,0,0,0
2.789999999999999,0,0,0,0
3.089999999999999,0,0,0,0
3.0999999999999988,0,0,0,0
3.3999999999999986,0,0,0,0
3.4039999999999986,0,0,0,0
3.7039999999999984,0,0,0,0
3.7079999999999984,0,5.0,0,0
4.007999999999998,0,5.0,0,0
4.010399999999998,0,5.0,0,0
4.310399999999998,0,5.0,0,0
4.3127999999999975,0,5.0,0,0
4.612799999999997,0,5.0,0,0
4.615199999999997,0,5.0,0,0
4.915199999999997,0,5.0,0,0
4.917599999999997,0,5.0,0,0
5.2175999999999965,0,5.0,0,0
5.219999999999996,0,5.0,0,0
5.519999999999996,0,5.0,0,0
5.522399999999996,0,5.0,0,0
5.822399999999996,0,5.0,0,0
5.824799999999995,0,5.0,0,0
6.124799999999995,0,5.0,0,0
6.127199999999995,0,5.0,0,0
6.427199999999995,0,5.0,0,0
6.429599999999994,0,5.0,0,0
6.729599999999994,0,5.0,0,0
6.731999999999994,0,5.0,0,0
7.031999999999994,0,5.0,0,0
7.0343999999999935,0,5.0,0,0
7.334399999999993,0,5.0,0,0
7.336799999999993,0,5.0,0,0
7.636799999999993,0,5.0,0,0
7.639199999999993,0,5.0,0,0
7.9391999999999925,0,5.0,0,0
7.941599999999992,0,5.0,0,0
8.241599999999993,0,5.0,0,0
8.243999999999993,0,5.0,0,0
8.543999999999993,0,5.0,0,0
8.546399999999993,0,5.0,0,0
8.846399999999994,0,5.0,0,0
8.848799999999994,0,5.0,0,0
9.148799999999994,0,5.0,0,0
9.151199999999994,0,5.0,0,0
9.451199999999995,0,5.0,0,0
9.453599999999994,0,5.0,0,0
9.753599999999995,0,5.0,0,0
9.755999999999995,0,5.0,0,0
10.055999999999996,0,5.0,0,0
10.058399999999995,0,5.0,0,0
10.358399999999996,0,5.0,0,0
10.360799999999996,0,5.0,0,0
10.660799999999997,0,5.0,0,0
10.663199999999996,0,5.0,0,0
10.963199999999997,0,5.0,0,0
10.965599999999997,0,5.0,0,0
11.265599999999997,0,5.0,0,0
11.267999999999997,0,5.0,0,0
11.567999999999998,0,5.0,0,0
11.570399999999998,0,5.0,0,0
11.870399999999998,0,5.0,0,0
11.872799999999998,0,5.0,0,0
12.172799999999999,0,5.0,0,0
12.175199999999998,0,5.0,0,0
12.4752,0,5.0,0,0
12.477599999999999,0,5.0,0,0
12.7776,0,5.0,0,0
12.78,0,5.0,0,0
13.08,0,5.0,0,0
13.0824,0,5.0,0,0
13.3824,0,5.0,0,0
13.3848,0,5.0,0,0
13.684800000000001,0,5.0,0,0
13.6872,0,5.0,0,0
13.987200000000001,0,5.0,0,0
13.989600000000001,0,5.0,0,0
14.289600000000002,0,5.0,0,0
14.292000000000002,0,5.0,0,0
14.592000000000002,0,5.0,0,0
14.594400000000002,0,5.0,0,0
14.894400000000003,0,5.0,0,0
14.896800000000002,0,5.0,0,0
15.196800000000003,0,5.0,0,0
15.199200000000003,0,5.0,0,0
15.499200000000004,0,5.0,0,0
15.501600000000003,0,5.0,0,0
15.801600000000004,0,5.0,0,0
15.804000000000004,0,5.0,0,0
16.104000000000003,0,5.0,0,0
16.106400000000004,0,5.0,0,0
16.406400000000005,0,5.0,0,0
16.408800000000006,0,5.0,0,0
16.708800000000007,0,5.0,0,0
16.71120000000001,0,5.0,0,0
17.01120000000001,0,5.0,0,0
17.01360000000001,0,5.0,0,0
17.31360000000001,0,5.0,0,0
17.316000000000013,0,5.0,0,0
17.616000000000014,0,5.0,0,0
17.618400000000015,0,5.0,0,0
17.918400000000016,0,5.0,0,0
17.920800000000018,0,5.0,0,0
18.22080000000002,0,5.0,0,0
18.22320000000002,0,5.0,0,0
18.52320000000002,0,5.0,0,0
18.525600000000022,0,5.0,0,0
18.825600000000023,0,5.0,0,0
18.828000000000024,0,5.0,0,0
19.128000000000025,0,5.0,0,0
19.130400000000026,0,5.0,0,0
19.430400000000027,0,5.0,0,0
19.43280000000003,0,5.0,0,0
19.73280000000003,0,5.0,0,0
19.73520000000003,0,5.0,0,0
20.03520000000003,0,5.0,0,0
20.037600000000033,0,5.0,0,0
20.337600000000034,0,5.0,0,0
20.340000000000035,0,5.0,0,0
20.640000000000036,0,5.0,0,0
20.642400000000038,0,5.0,0,0
20.94240000000004,0,5.0,0,0
20.94480000000004,0,5.0,0,0
21.24480000000004,0,5.0,0,0
21.247200000000042,0,5.0,0,0
21.547200000000043,0,5.0,0,0
21.549600000000044,0,5.0,0,0
21.849600000000045,0,5.0,0,0
21.852000000000046,0,5.0,0,0
22.152000000000047,0,5.0,0,0
22.15440000000005,0,5.0,0,0
22.45440000000005,0,5.0,0,0
22.45680000000005,0,5.0,0,0
22.75680000000005,0,5.0,0,0
22.759200000000053,0,5.0,0,0
23.059200000000054,0,5.0,0,0
23.061600000000055,0,5.0,0,0
23.361600000000056,0,5.0,0,0
23.364000000000058,0,5.0,0,0
23.66400000000006,0,5.0,0,0
23.66640000000006,0,5.0,0,0
23.96640000000006,0,5.0,0,0
23.968800000000062,0,5.0,0,0
24.268800000000063,0,5.0,0,0
24.271200000000064,0,5.0,0,0
24.571200000000065,0,5.0,0,0
24.573600000000067,0,5.0,0,0
24.873600000000067,0,5.0,0,0
24.87600000000007,0,5.0,0,0
25.17600000000007,0,5.0,0,0
25.17840000000007,0,5.0,0,0
25.47840000000007,0,5.0,0,0
25.480800000000073,0,5.0,0,0
25.780800000000074,0,5.0,0,0
25.783200000000075,0,5.0,0,0
26.083200000000076,0,5.0,0,0
26.085600000000078,0,5.0,0,0
26.38560000000008,0,5.0,0,0
26.38800000000008,0,5.0,0,0
26.68800000000008,0,5.0,0,0
26.690400000000082,0,5.0,0,0
26.990400000000083,0,5.0,0,0
26.992800000000084,0,5.0,0,0
27.292800000000085,0,5.0,0,0
27.295200000000087,0,5.0,0,0
27.595200000000087,0,5.0,0,0
27.59760000000009,0,3.0,0,1.0
27.89760000000009,0,3.0,0,1.0
27.904266666666757,0,3.0,0,1.0
28.204266666666758,0,3.0,0,1.0
28.210933333333426,0,3.0,0,1.0
28.510933333333426,0,3.0,0,1.0
28.517600000000094,0,3.0,0,1.0
28.817600000000095,0,3.0,0,1.0
28.824266666666762,0,3.0,0,1.0
29.124266666666763,0,3.0,0,1.0
29.13093333333343,0,3.0,0,1.0
29.43093333333343,0,3.0,0,1.0
29.4376000000001,0,3.0,0,1.0
29.7376000000001,0,3.0,0,1.0
29.7416000000001,0,3.0,0,1.0
30.041600000000102,0,3.0,0,1.0
30.045600000000103,0,3.0,0,1.0
30.345600000000104,0,3.0,0,1.0
30.349600000000105,0,3.0,0,1.0
30.649600000000106,0,3.0,0,1.0
30.653600000000107,0,3.0,0,1.0
30.953600000000108,0,3.0,0,1.0
30.95760000000011,0,3.0,0,1.0
31.25760000000011,0,3.0,0,1.0
31.26160000000011,0,3.0,0,1.0
31.561600000000112,0,3.0,0,1.0
31.565600000000114,0,3.0,0,1.0
31.865600000000114,0,3.0,0,1.0
31.869600000000116,0,6.0,0,2.0
32.169600000000116,0,6.0,0,2.0
32.17126666666678,0,6.0,0,2.0
32.47126666666678,0,6.0,0,2.0
32.472933333333444,0,6.0,0,2.0
32.77293333333344,0,6.0,0,2.0
32.774600000000106,0,6.0,0,2.0
33.0746000000001,0,6.0,0,2.0
33.07626666666677,0,6.0,0,2.0
33.376266666666766,0,6.0,0,2.0
33.37793333333343,0,6.0,0,2.0
33.67793333333343,0,6.0,0,2.0
33.67960000000009,0,6.0,0,2.0
33.97960000000009,0,6.0,0,2.0
33.981266666666755,0,6.0,0,2.0
34.28126666666675,0,6.0,0,2.0
34.28293333333342,0,6.0,0,2.0
34.582933333333415,0,6.0,0,2.0
34.58460000000008,0,6.0,0,2.0
34.88460000000008,0,6.0,0,2.0
34.88626666666674,0,6.0,0,2.0
35.18626666666674,0,6.0,0,2.0
35.187933333333405,0,6.0,0,2.0
35.4879333333334,0,6.0,0,2.0
35.48960000000007,0,6.0,0,2.0
35.789600000000064,0,6.0,0,2.0
35.79126666666673,0,6.0,0,2.0
36.091266666666726,0,6.0,0,2.0
36.09293333333339,0,6.0,0,2.0
36.39293333333339,0,6.0,0,2.0
36.394600000000054,0,6.0,0,2.0
36.69460000000005,0,6.0,0,2.0
36.696266666666716,0,6.0,0,2.0
36.99626666666671,0,6.0,0,2.0
36.99793333333338,0,6.0,0,2.0
37.297933333333376,0,6.0,0,2.0
37.29960000000004,0,6.0,0,2.0
37.59960000000004,0,6.0,0,2.0
37.6012666666667,0,6.0,0,2.0
37.9012666666667,0,6.0,0,2.0
37.902933333333365,0,6.0,0,2.0
38.20293333333336,0,6.0,0,2.0
38.20460000000003,0,6.0,0,2.0
38.504600000000025,0,6.0,0,2.0
38.50626666666669,0,6.0,0,2.0
38.80626666666669,0,6.0,0,2.0
38.80793333333335,0,6.0,0,2.0
39.10793333333335,0,6.0,0,2.0
39.109600000000015,0,6.0,0,2.0
39.40960000000001,0,6.0,0,2.0
39.41126666666668,0,6.0,0,2.0
39.711266666666674,0,6.0,0,2.0
39.71293333333334,0,6.0,0,2.0
40.012933333333336,0,6.0,0,2.0
40.0146,0,6.0,0,2.0
40.3146,0,6.0,0,2.0
40.316266666666664,0,6.0,0,2.0
40.61626666666666,0,6.0,0,2.0
40.617933333333326,0,6.0,0,2.0
40.91793333333332,0,6.0,0,2.0
40.91959999999999,0,6.0,0,2.0
41.219599999999986,0,6.0,0,2.0
41.22126666666665,0,6.0,0,2.0
41.52126666666665,0,6.0,0,2.0
41.52293333333331,0,6.0,0,2.0
41.82293333333331,0,6.0,0,2.0
41.824599999999975,0,6.0,0,2.0
42.12459999999997,0,6.0,0,2.0
42.12626666666664,0,6.0,0,2.0
42.426266666666635,0,6.0,0,2.0
42.4279333333333,0,6.0,0,2.0
42.7279333333333,0,6.0,0,2.0
42.72959999999996,0,6.0,0,2.0
43.02959999999996,0,6.0,0,2.0
43.031266666666625,0,6.0,0,2.0
43.33126666666662,0,6.0,0,2.0
43.33293333333329,0,6.0,0,2.0
43.632933333333284,0,6.0,0,2.0
43.63459999999995,0,6.0,0,2.0
43.934599999999946,0,6.0,0,2.0
43.93626666666661,0,6.0,0,2.0
44.23626666666661,0,6.0,0,2.0
44.237933333333274,0,6.0,0,2.0
44.53793333333327,0,6.0,0,2.0
44.539599999999936,0,6.0,0,2.0
44.83959999999993,0,6.0,0,2.0
44.8412666666666,0,6.0,0,2.0
45.141266666666596,0,6.0,0,2.0
45.14293333333326,0,6.0,0,2.0
45.44293333333326,0,6.0,0,2.0
45.44459999999992,0,6.0,0,2.0
45.74459999999992,0,6.0,0,2.0
45.746266666666585,0,6.0,0,2.0
46.04626666666658,0,6.0,0,2.0
46.04793333333325,0,6.0,0,2.0
46.347933333333245,0,6.0,0,2.0
46.34959999999991,0,6.0,0,2.0
46.64959999999991,0,6.0,0,2.0
46.65126666666657,0,6.0,0,2.0
46.95126666666657,0,6.0,0,2.0
46.952933333333235,0,6.0,0,2.0
47.25293333333323,0,6.0,0,2.0
47.2545999999999,0,6.0,0,2.0
47.554599999999894,0,6.0,0,2.0
47.55626666666656,0,6.0,0,2.0
47.856266666666556,0,6.0,0,2.0
47.85793333333322,0,6.0,0,2.0
48.15793333333322,0,6.0,0,2.0
48.159599999999884,0,6.0,0,2.0
48.45959999999988,0,6.0,0,2.0
48.461266666666546,0,6.0,0,2.0
48.76126666666654,0,6.0,0,2.0
48.76293333333321,0,6.0,0,2.0
49.062933333333206,0,6.0,0,2.0
49.06459999999987,0,6.0,0,2.0
49.36459999999987,0,6.0,0,2.0
49.36626666666653,0,6.0,0,2.0
49.66626666666653,0,6.0,0,2.0
49.667933333333195,0,6.0,0,2.0
49.96793333333319,0,6.0,0,2.0
49.96959999999986,0,6.0,0,2.0
50.269599999999855,0,6.0,0,2.0
50.27126666666652,0,6.0,0,2.0
50.57126666666652,0,6.0,0,2.0
50.57293333333318,0,6.0,0,2.0
50.87293333333318,0,6.0,0,2.0
50.874599999999845,0,6.0,0,2.0
51.17459999999984,0,6.0,0,2.0
51.17626666666651,0,6.0,0,2.0
51.476266666666504,0,6.0,0,2.0
51.47793333333317,0,6.0,0,2.0
51.777933333333166,0,6.0,0,2.0
51.77959999999983,0,6.0,0,2.0
52.07959999999983,0,6.0,0,2.0
52.081266666666494,0,6.0,0,2.0
52.38126666666649,0,6.0,0,2.0
52.382933333333156,0,6.0,0,2.0
52.68293333333315,0,6.0,0,2.0
52.68459999999982,0,6.0,0,2.0
52.984599999999816,0,6.0,0,2.0
52.98626666666648,0,4.0,0,3.0
53.28626666666648,0,4.0,0,3.0
53.290016666666475,0,2.0,0,4.0
53.59001666666647,0,2.0,0,4.0
53.60001666666647,0,2.0,0,4.0
53.90001666666647,0,2.0,0,4.0
53.910016666666465,0,2.0,0,4.0
54.21001666666646,0,2.0,0,4.0
54.22001666666646,0,2.0,0,4.0
54.52001666666646,0,2.0,0,4.0
54.530016666666455,0,2.0,0,4.0
54.83001666666645,0,2.0,0,4.0
54.84001666666645,0,2.0,0,4.0
55.14001666666645,0,2.0,0,4.0
55.150016666666446,0,2.0,0,4.0
55.45001666666644,0,2.0,0,4.0
55.46001666666644,0,2.0,0,4.0
55.76001666666644,0,2.0,0,4.0
55.770016666666436,0,2.0,0,4.0
56.07001666666643,0,2.0,0,4.0
56.08001666666643,0,2.0,0,4.0
56.38001666666643,0,2.0,0,4.0
56.390016666666426,0,2.0,0,4.0
56.69001666666642,0,2.0,0,4.0
56.70001666666642,0,2.0,0,4.0
57.00001666666642,0,2.0,0,4.0
57.01001666666642,0,2.0,0,4.0
57.310016666666414,0,2.0,0,4.0
57.32001666666641,0,2.0,0,4.0
57.62001666666641,0,2.0,0,4.0
57.63001666666641,0,2.0,0,4.0
57.930016666666404,0,2.0,0,4.0
57.9400166666664,0,2.0,0,4.0
58.2400166666664,0,2.0,0,4.0
58.2500166666664,0,2.0,0,4.0
58.550016666666394,0,2.0,0,4.0
58.56001666666639,0,2.0,0,4.0
58.86001666666639,0,2.0,0,4.0
58.87001666666639,0,2.0,0,4.0
59.170016666666385,0,2.0,0,4.0
59.18001666666638,0,2.0,0,4.0
59.48001666666638,0,2.0,0,4.0
59.49001666666638,0,2.0,0,4.0
59.790016666666375,0,2.0,0,4.0
59.80001666666637,0,2.0,0,4.0
60.10001666666637,0,2.0,0,4.0
60.11001666666637,0,2.0,0,4.0
60.410016666666365,0,2.0,0,4.0
60.42001666666636,0,2.0,0,4.0
60.72001666666636,0,2.0,0,4.0
60.73001666666636,0,2.0,0,4.0
61.030016666666356,0,2.0,0,4.0
61.040016666666354,0,2.0,0,4.0
61.34001666666635,0,2.0,0,4.0
61.35001666666635,0,2.0,0,4.0
61.650016666666346,0,2.0,0,4.0
61.660016666666344,0,2.0,0,4.0
61.96001666666634,0,2.0,0,4.0
61.97001666666634,0,2.0,0,4.0
62.270016666666336,0,2.0,0,4.0
62.280016666666334,0,2.0,0,4.0
62.58001666666633,0,2.0,0,4.0
62.59001666666633,0,2.0,0,4.0
62.89001666666633,0,2.0,0,4.0
62.900016666666325,0,2.0,0,4.0
63.20001666666632,0,2.0,0,4.0
63.21001666666632,0,2.0,0,4.0
63.51001666666632,0,2.0,0,4.0
63.520016666666315,0,2.0,0,4.0
63.82001666666631,0,2.0,0,4.0
63.83001666666631,0,2.0,0,4.0
64.13001666666631,0,2.0,0,4.0
64.14001666666631,0,2.0,0,4.0
64.44001666666631,0,2.0,0,4.0
64.45001666666631,0,2.0,0,4.0
64.75001666666631,0,2.0,0,4.0
64.76001666666632,0,2.0,0,4.0
65.06001666666631,0,2.0,0,4.0
65.07001666666632,0,2.0,0,4.0
65.37001666666632,0,2.0,0,4.0
65.38001666666632,0,2.0,0,4.0
65.68001666666632,0,2.0,0,4.0
65.69001666666632,0,2.0,0,4.0
65.99001666666632,0,2.0,0,4.0
66.00001666666633,0,2.0,0,4.0
66.30001666666632,0,2.0,0,4.0
66.31001666666633,0,2.0,0,4.0
66.61001666666633,0,2.0,0,4.0
66.62001666666633,0,2.0,0,4.0
66.92001666666633,0,2.0,0,4.0
66.93001666666633,0,2.0,0,4.0
67.23001666666633,0,2.0,0,4.0
67.24001666666634,0,2.0,0,4.0
67.54001666666633,0,2.0,0,4.0
67.55001666666634,0,2.0,0,4.0
67.85001666666633,0,2.0,0,4.0
67.86001666666634,0,2.0,0,4.0
68.16001666666634,0,2.0,0,4.0
68.17001666666634,0,2.0,0,4.0
68.47001666666634,0,2.0,0,4.0
68.48001666666634,0,2.0,0,4.0
68.78001666666634,0,2.0,0,4.0
68.79001666666635,0,2.0,0,4.0
69.09001666666634,0,2.0,0,4.0
69.10001666666635,0,2.0,0,4.0
69.40001666666635,0,2.0,0,4.0
69.41001666666635,0,2.0,0,4.0
69.71001666666635,0,2.0,0,4.0
69.71401666666635,0,2.0,0,4.0
70.01401666666635,0,2.0,0,4.0
70.01801666666636,0,2.0,0,4.0
70.31801666666635,0,2.0,0,4.0
70.32201666666636,0,2.0,0,4.0
70.62201666666635,0,2.0,0,4.0
70.62601666666636,0,2.0,0,4.0
70.92601666666636,0,2.0,0,4.0
70.93001666666636,0,2.0,0,4.0
71.23001666666636,0,2.0,0,4.0
71.23401666666636,0,2.0,0,4.0
71.53401666666636,0,2.0,0,4.0
71.53801666666637,0,2.0,0,4.0
71.83801666666636,0,2.0,0,4.0
71.84201666666637,0,2.0,0,4.0
72.14201666666636,0,2.0,0,4.0
72.14601666666637,0,2.0,0,4.0
72.44601666666637,0,2.0,0,4.0
72.45001666666637,0,2.0,0,4.0
72.75001666666637,0,2.0,0,4.0
72.75401666666637,0,2.0,0,4.0
73.05401666666637,0,2.0,0,4.0
73.05801666666638,0,2.0,0,4.0
73.35801666666637,0,2.0,0,4.0
73.36201666666638,0,2.0,0,4.0
73.66201666666637,0,2.0,0,4.0
73.66601666666638,0,2.0,0,4.0
73.96601666666638,0,2.0,0,4.0
73.97001666666638,0,2.0,0,4.0
74.27001666666638,0,2.0,0,4.0
74.27401666666638,0,2.0,0,4.0
74.57401666666638,0,2.0,0,4.0
74.57801666666639,0,2.0,0,4.0
74.87801666666638,0,2.0,0,4.0
74.88201666666639,0,2.0,0,4.0
75.18201666666639,0,2.0,0,4.0
75.18601666666639,0,2.0,0,4.0
75.48601666666639,0,2.0,0,4.0
75.49001666666639,0,2.0,0,4.0
75.79001666666639,0,2.0,0,4.0
75.7940166666664,0,2.0,0,4.0
76.09401666666639,0,2.0,0,4.0
76.0980166666664,0,2.0,0,4.0
76.3980166666664,0,2.0,0,4.0
76.4020166666664,0,2.0,0,4.0
76.7020166666664,0,2.0,0,4.0
76.7060166666664,0,2.0,0,4.0
77.0060166666664,0,2.0,0,4.0
77.0100166666664,0,2.0,0,4.0
77.3100166666664,0,2.0,0,4.0
77.3140166666664,0,2.0,0,4.0
77.6140166666664,0,2.0,0,4.0
77.6180166666664,0,2.0,0,4.0
77.9180166666664,0,2.0,0,4.0
77.92201666666641,0,2.0,0,4.0
78.2220166666664,0,2.0,0,4.0
78.22601666666641,0,2.0,0,4.0
78.52601666666641,0,2.0,0,4.0
78.53001666666641,0,7.0,0,4.0
78.83001666666641,0,7.0,0,4.0
78.83124115646233,0,7.0,0,4.0
79.13124115646232,0,7.0,0,4.0
79.13246564625824,0,7.0,0,4.0
79.43246564625824,0,7.0,0,4.0
79.43369013605415,0,7.0,0,4.0
79.73369013605415,0,7.0,0,4.0
79.73491462585007,0,7.0,0,4.0
80.03491462585006,0,7.0,0,4.0
80.03613911564598,0,7.0,0,4.0
80.33613911564598,0,7.0,0,4.0
80.3373636054419,0,7.0,0,4.0
80.63736360544189,0,7.0,0,4.0
80.63858809523781,0,7.0,0,4.0
80.9385880952378,0,7.0,0,4.0
80.93981258503372,0,5.0,0,5.0
81.23981258503372,0,5.0,0,5.0
81.24221258503371,0,5.0,0,5.0
81.54221258503371,0,5.0,0,5.0
81.5446125850337,0,5.0,0,5.0
81.8446125850337,0,5.0,0,5.0
81.8470125850337,0,5.0,0,5.0
82.14701258503369,0,5.0,0,5.0
82.14941258503369,0,5.0,0,5.0
82.44941258503368,0,5.0,0,5.0
82.45181258503368,0,5.0,0,5.0
82.75181258503368,0,5.0,0,5.0
82.75421258503367,0,5.0,0,5.0
83.05421258503367,0,5.0,0,5.0
83.05661258503366,0,5.0,0,5.0
83.35661258503366,0,5.0,0,5.0
83.35901258503365,0,5.0,0,5.0
83.65901258503365,0,5.0,0,5.0
83.66141258503364,0,5.0,0,5.0
83.96141258503364,0,5.0,0,5.0
83.96381258503364,0,5.0,0,5.0
84.26381258503363,0,5.0,0,5.0
84.26621258503363,0,5.0,0,5.0
84.56621258503363,0,5.0,0,5.0
84.56861258503362,0,5.0,0,5.0
84.86861258503362,0,5.0,0,5.0
84.87101258503361,0,5.0,0,5.0
85.17101258503361,0,5.0,0,5.0
85.1734125850336,0,5.0,0,5.0
85.4734125850336,0,5.0,0,5.0
85.4758125850336,0,5.0,0,5.0
85.77581258503359,0,5.0,0,5.0
85.77821258503359,0,5.0,0,5.0
86.07821258503358,0,5.0,0,5.0
86.08061258503358,0,3.0,0,6.0
86.38061258503357,0,3.0,0,6.0
86.38727925170024,0,3.0,0,6.0
86.68727925170023,0,3.0,0,6.0
86.6939459183669,0,3.0,0,6.0
86.99394591836689,0,3.0,0,6.0
87.00061258503355,0,3.0,0,6.0
87.30061258503355,0,3.0,0,6.0
87.30727925170021,0,3.0,0,6.0
87.6072792517002,0,3.0,0,6.0
87.61394591836687,0,3.0,0,6.0
87.91394591836686,0,3.0,0,6.0
87.92061258503352,0,3.0,0,6.0
88.22061258503352,0,3.0,0,6.0
88.22727925170018,0,3.0,0,6.0
88.52727925170018,0,3.0,0,6.0
88.53394591836684,0,3.0,0,6.0
88.83394591836684,0,3.0,0,6.0
88.8406125850335,0,3.0,0,6.0
89.1406125850335,0,3.0,0,6.0
89.14727925170016,0,3.0,0,6.0
89.44727925170015,0,3.0,0,6.0
89.45394591836681,0,3.0,0,6.0
89.75394591836681,0,3.0,0,6.0
89.76061258503347,0,3.0,0,6.0
90.06061258503347,0,3.0,0,6.0
90.06727925170013,0,3.0,0,6.0
90.36727925170013,0,3.0,0,6.0
90.37394591836679,0,3.0,0,6.0
90.67394591836678,0,3.0,0,6.0
90.68061258503344,0,3.0,0,6.0
90.98061258503344,0,3.0,0,6.0
90.9872792517001,0,3.0,0,6.0
91.2872792517001,0,3.0,0,6.0
91.29394591836676,0,3.0,0,6.0
91.59394591836676,0,3.0,0,6.0
91.60061258503342,0,3.0,0,6.0
91.90061258503341,0,3.0,0,6.0
91.90727925170007,0,3.0,0,6.0
92.20727925170007,0,3.0,0,6.0
92.21394591836673,0,3.0,0,6.0
92.51394591836673,0,3.0,0,6.0
92.52061258503339,0,3.0,0,6.0
92.82061258503339,0,3.0,0,6.0
92.82727925170005,0,3.0,0,6.0
93.12727925170005,0,3.0,0,6.0
93.1339459183667,0,3.0,0,6.0
93.4339459183667,0,3.0,0,6.0
93.44061258503336,0,3.0,0,6.0
93.74061258503336,0,3.0,0,6.0
93.74727925170002,0,3.0,0,6.0
94.04727925170002,0,3.0,0,6.0
94.05127925170002,0,3.0,0,6.0
94.35127925170002,0,3.0,0,6.0
94.35527925170003,0,3.0,0,6.0
94.65527925170002,0,3.0,0,6.0
94.65927925170003,0,3.0,0,6.0
94.95927925170002,0,3.0,0,6.0
94.96327925170003,0,3.0,0,6.0
95.26327925170003,0,3.0,0,6.0
95.26727925170003,0,3.0,0,6.0
95.56727925170003,0,3.0,0,6.0
95.57127925170003,0,3.0,0,6.0
95.87127925170003,0,3.0,0,6.0
95.87527925170004,0,3.0,0,6.0
96.17527925170003,0,3.0,0,6.0
96.17927925170004,0,3.0,0,6.0
96.47927925170004,0,3.0,0,6.0
96.48327925170004,0,3.0,0,6.0
96.78327925170004,0,3.0,0,6.0
96.78727925170004,0,3.0,0,6.0
97.08727925170004,0,3.0,0,6.0
97.09127925170004,0,3.0,0,6.0
97.39127925170004,0,3.0,0,6.0
97.39527925170005,0,3.0,0,6.0
97.69527925170004,0,3.0,0,6.0
97.69927925170005,0,3.0,0,6.0
97.99927925170005,0,3.0,0,6.0
98.00327925170005,0,3.0,0,6.0
98.30327925170005,0,3.0,0,6.0
98.30727925170005,0,3.0,0,6.0
98.60727925170005,0,3.0,0,6.0
98.61127925170005,0,3.0,0,6.0
98.91127925170005,0,3.0,0,6.0
98.91527925170006,0,3.0,0,6.0
99.21527925170005,0,3.0,0,6.0
99.21927925170006,0,3.0,0,6.0
99.51927925170006,0,3.0,0,6.0
99.52327925170006,0,3.0,0,6.0
99.82327925170006,0,3.0,0,6.0
99.82727925170006,0,3.0,0,6.0
100.12727925170006,0,3.0,0,6.0
100.13127925170006,0,3.0,0,6.0
100.43127925170006,0,3.0,0,6.0
100.43527925170007,0,3.0,0,6.0
100.73527925170006,0,3.0,0,6.0
100.73927925170007,0,3.0,0,6.0
101.03927925170007,0,3.0,0,6.0
101.04327925170007,0,3.0,0,6.0
101.34327925170007,0,3.0,0,6.0
101.34727925170007,0,3.0,0,6.0
101.64727925170007,0,3.0,0,6.0
101.65127925170007,0,3.0,0,6.0
101.95127925170007,0,3.0,0,6.0
101.95527925170008,0,3.0,0,6.0
102.25527925170007,0,3.0,0,6.0
102.25927925170008,0,3.0,0,6.0
102.55927925170008,0,3.0,0,6.0
102.56327925170008,0,3.0,0,6.0
102.86327925170008,0,3.0,0,6.0
102.86727925170008,0,3.0,0,6.0
103.16727925170008,0,3.0,0,6.0
103.17127925170008,0,3.0,0,6.0
103.47127925170008,0,3.0,0,6.0
103.47527925170009,0,3.0,0,6.0
103.77527925170008,0,3.0,0,6.0
103.77927925170009,0,3.0,0,6.0
104.07927925170009,0,3.0,0,6.0
104.08327925170009,0,8.0,0,6.0
104.38327925170009,0,8.0,0,6.0
104.3842167517001,0,8.0,0,6.0
104.68421675170009,0,8.0,0,6.0
104.6851542517001,0,8.0,0,6.0
104.9851542517001,0,8.0,0,6.0
104.9860917517001,0,8.0,0,6.0
105.2860917517001,0,8.0,0,6.0
105.2870292517001,0,8.0,0,6.0
105.5870292517001,0,8.0,0,6.0
105.58796675170011,0,8.0,0,6.0
105.8879667517001,0,8.0,0,6.0
105.88890425170011,0,8.0,0,6.0
106.18890425170011,0,8.0,0,6.0
106.18984175170011,0,8.0,0,6.0
106.48984175170011,0,8.0,0,6.0
106.49077925170012,0,8.0,0,6.0
106.79077925170012,0,8.0,0,6.0
106.79171675170012,0,8.0,0,6.0
107.09171675170012,0,8.0,0,6.0
107.09265425170013,0,8.0,0,6.0
107.39265425170012,0,8.0,0,6.0
107.39359175170013,0,8.0,0,6.0
107.69359175170013,0,8.0,0,6.0
107.69452925170013,0,8.0,0,6.0
107.99452925170013,0,8.0,0,6.0
107.99546675170014,0,8.0,0,6.0
108.29546675170013,0,8.0,0,6.0
108.29640425170014,0,8.0,0,6.0
108.59640425170014,0,8.0,0,6.0
108.59734175170014,0,8.0,0,6.0
108.89734175170014,0,8.0,0,6.0
108.89827925170015,0,8.0,0,6.0
109.19827925170014,0,8.0,0,6.0
109.19921675170015,0,8.0,0,6.0
109.49921675170015,0,8.0,0,6.0
109.50015425170015,0,6.0,0,7.0
109.80015425170015,0,6.0,0,7.0
109.80182091836681,0,6.0,0,7.0
110.10182091836681,0,6.0,0,7.0
110.10348758503348,0,6.0,0,7.0
110.40348758503347,0,6.0,0,7.0
110.40515425170014,0,6.0,0,7.0
110.70515425170014,0,6.0,0,7.0
110.7068209183668,0,6.0,0,7.0
111.0068209183668,0,6.0,0,7.0
111.00848758503346,0,6.0,0,7.0
111.30848758503346,0,6.0,0,7.0
111.31015425170013,0,6.0,0,7.0
111.61015425170012,0,6.0,0,7.0
111.61182091836679,0,6.0,0,7.0
111.91182091836679,0,6.0,0,7.0
111.91348758503345,0,6.0,0,7.0
112.21348758503345,0,6.0,0,7.0
112.21515425170011,0,6.0,0,7.0
112.51515425170011,0,6.0,0,7.0
112.51682091836678,0,6.0,0,7.0
112.81682091836677,0,6.0,0,7.0
112.81848758503344,0,6.0,0,7.0
113.11848758503344,0,6.0,0,7.0
113.1201542517001,0,6.0,0,7.0
113.4201542517001,0,6.0,0,7.0
113.42182091836676,0,6.0,0,7.0
113.72182091836676,0,6.0,0,7.0
113.72348758503342,0,6.0,0,7.0
114.02348758503342,0,6.0,0,7.0
114.02515425170009,0,6.0,0,7.0
114.32515425170008,0,6.0,0,7.0
114.32682091836675,0,6.0,0,7.0
114.62682091836675,0,6.0,0,7.0
114.62848758503341,0,6.0,0,7.0
114.92848758503341,0,6.0,0,7.0
114.93015425170007,0,6.0,0,7.0
115.23015425170007,0,6.0,0,7.0
115.23182091836674,0,6.0,0,7.0
115.53182091836673,0,6.0,0,7.0
115.5334875850334,0,6.0,0,7.0
115.8334875850334,0,6.0,0,7.0
115.83515425170006,0,6.0,0,7.0
116.13515425170006,0,6.0,0,7.0
116.13682091836672,0,6.0,0,7.0
116.43682091836672,0,6.0,0,7.0
116.43848758503339,0,6.0,0,7.0
116.73848758503338,0,6.0,0,7.0
116.74015425170005,0,6.0,0,7.0
117.04015425170005,0,6.0,0,7.0
117.04182091836671,0,6.0,0,7.0
117.34182091836671,0,6.0,0,7.0
117.34348758503337,0,6.0,0,7.0
117.64348758503337,0,6.0,0,7.0
117.64515425170003,0,6.0,0,7.0
117.94515425170003,0,6.0,0,7.0
117.9468209183667,0,6.0,0,7.0
118.2468209183667,0,6.0,0,7.0
118.24848758503336,0,6.0,0,7.0
118.54848758503336,0,6.0,0,7.0
118.55015425170002,0,6.0,0,7.0
118.85015425170002,0,6.0,0,7.0
118.85182091836668,0,6.0,0,7.0
119.15182091836668,0,6.0,0,7.0
119.15348758503335,0,6.0,0,7.0
119.45348758503334,0,6.0,0,7.0
119.45515425170001,0,6.0,0,7.0
119.7551542517,0,6.0,0,7.0
119.75682091836667,0,6.0,0,7.0
120.05682091836667,0,6.0,0,7.0
120.05848758503333,0,6.0,0,7.0
120.35848758503333,0,6.0,0,7.0
120.3601542517,0,6.0,0,7.0
120.66015425169999,0,6.0,0,7.0
120.66182091836666,0,6.0,0,7.0
120.96182091836666,0,6.0,0,7.0
120.96348758503332,0,6.0,0,7.0
121.26348758503332,0,6.0,0,7.0
121.26515425169998,0,6.0,0,7.0
121.56515425169998,0,6.0,0,7.0
121.56682091836664,0,6.0,0,7.0
121.86682091836664,0,6.0,0,7.0
121.86848758503331,0,6.0,0,7.0
122.1684875850333,0,6.0,0,7.0
122.17015425169997,0,6.0,0,7.0
122.47015425169997,0,6.0,0,7.0
122.47182091836663,0,6.0,0,7.0
122.77182091836663,0,6.0,0,7.0
122.7734875850333,0,6.0,0,7.0
123.07348758503329,0,6.0,0,7.0
123.07515425169996,0,6.0,0,7.0
123.37515425169995,0,6.0,0,7.0
123.37682091836662,0,6.0,0,7.0
123.67682091836662,0,6.0,0,7.0
123.67848758503328,0,6.0,0,7.0
123.97848758503328,0,6.0,0,7.0
123.98015425169994,0,6.0,0,7.0
124.28015425169994,0,6.0,0,7.0
124.2818209183666,0,6.0,0,7.0
124.5818209183666,0,6.0,0,7.0
124.58348758503327,0,6.0,0,7.0
124.88348758503327,0,6.0,0,7.0
124.88515425169993,0,6.0,0,7.0
125.18515425169993,0,6.0,0,7.0
125.18682091836659,0,6.0,0,7.0
125.48682091836659,0,6.0,0,7.0
125.48848758503325,0,6.0,0,7.0
125.78848758503325,0,6.0,0,7.0
125.79015425169992,0,6.0,0,7.0
126.09015425169991,0,6.0,0,7.0
126.09182091836658,0,6.0,0,7.0
126.39182091836658,0,6.0,0,7.0
126.39348758503324,0,6.0,0,7.0
126.69348758503324,0,6.0,0,7.0
126.6951542516999,0,6.0,0,7.0
126.9951542516999,0,6.0,0,7.0
126.99682091836657,0,6.0,0,7.0
127.29682091836656,0,6.0,0,7.0
127.29848758503323,0,6.0,0,7.0
127.59848758503323,0,6.0,0,7.0
127.60015425169989,0,6.0,0,7.0
127.90015425169989,0,6.0,0,7.0
127.90182091836655,0,6.0,0,7.0
128.20182091836656,0,6.0,0,7.0
128.20348758503323,0,6.0,0,7.0
128.50348758503324,0,6.0,0,7.0
128.5051542516999,0,6.0,0,7.0
128.80515425169992,0,6.0,0,7.0
128.80682091836658,0,6.0,0,7.0
129.1068209183666,0,6.0,0,7.0
129.10848758503326,0,6.0,0,7.0
129.40848758503327,0,6.0,0,7.0
129.41015425169994,0,6.0,0,7.0
129.71015425169995,0,6.0,0,7.0
129.7118209183666,0,6.0,0,7.0
130.01182091836662,0,6.0,0,7.0
130.0134875850333,0,6.0,0,7.0
130.3134875850333,0,6.0,0,7.0
130.31515425169997,0,6.0,0,7.0
130.61515425169998,0,6.0,0,7.0
130.61682091836664,0,6.0,0,7.0
130.91682091836665,0,6.0,0,7.0
130.91848758503332,0,6.0,0,7.0
131.21848758503333,0,6.0,0,7.0
131.2201542517,0,6.0,0,7.0
131.5201542517,0,6.0,0,7.0
131.52182091836667,0,6.0,0,7.0
131.82182091836668,0,6.0,0,7.0
131.82348758503335,0,6.0,0,7.0
132.12348758503336,0,6.0,0,7.0
132.12515425170002,0,6.0,0,7.0
132.42515425170004,0,6.0,0,7.0
132.4268209183667,0,6.0,0,7.0
132.7268209183667,0,6.0,0,7.0
132.72848758503338,0,6.0,0,7.0
133.0284875850334,0,6.0,0,7.0
133.03015425170005,0,6.0,0,7.0
133.33015425170007,0,6.0,0,7.0
133.33182091836673,0,6.0,0,7.0
133.63182091836674,0,6.0,0,7.0
133.6334875850334,0,6.0,0,7.0
133.93348758503342,0,6.0,0,7.0
133.93515425170008,0,6.0,0,7.0
134.2351542517001,0,6.0,0,7.0
134.23682091836676,0,6.0,0,7.0
134.53682091836677,0,6.0,0,7.0
134.53848758503344,0,6.0,0,7.0
134.83848758503345,0,6.0,0,7.0
134.8401542517001,0,6.0,0,7.0
135.14015425170012,0,6.0,0,7.0
135.1418209183668,0,6.0,0,7.0
135.4418209183668,0,6.0,0,7.0
135.44348758503347,0,6.0,0,7.0
135.74348758503348,0,6.0,0,7.0
135.74515425170014,0,6.0,0,7.0
136.04515425170015,0,6.0,0,7.0
136.04682091836682,0,6.0,0,7.0
136.34682091836683,0,6.0,0,7.0
136.3484875850335,0,6.0,0,7.0
136.6484875850335,0,6.0,0,7.0
136.65015425170017,0,6.0,0,7.0
136.95015425170018,0,6.0,0,7.0
136.95182091836685,0,6.0,0,7.0
137.25182091836686,0,6.0,0,7.0
137.25348758503353,0,4.0,0,8.0
137.55348758503354,0,4.0,0,8.0
137.55723758503353,0,4.0,0,8.0
137.85723758503354,0,4.0,0,8.0
137.86098758503354,0,4.0,0,8.0
138.16098758503355,0,4.0,0,8.0
138.16473758503355,0,4.0,0,8.0
138.46473758503356,0,4.0,0,8.0
138.46848758503356,0,4.0,0,8.0
138.76848758503357,0,4.0,0,8.0
138.77223758503357,0,2.0,0,9.0
139.07223758503358,0,2.0,0,9.0
139.08223758503357,0,2.0,0,9.0
139.38223758503358,0,2.0,0,9.0
139.39223758503357,0,2.0,0,9.0
139.69223758503358,0,2.0,0,9.0
139.70223758503357,0,2.0,0,9.0
140.00223758503358,0,2.0,0,9.0
140.00623758503357,0,2.0,0,9.0
140.30623758503359,0,2.0,0,9.0
140.31023758503358,0,2.0,0,9.0
140.6102375850336,0,2.0,0,9.0
140.61423758503358,0,2.0,0,9.0
140.9142375850336,0,2.0,0,9.0
140.91823758503358,0,2.0,0,9.0
141.2182375850336,0,2.0,0,9.0
141.22223758503358,0,2.0,0,9.0
141.5222375850336,0,2.0,0,9.0
141.52623758503358,0,2.0,0,9.0
141.8262375850336,0,2.0,0,9.0
141.8302375850336,0,2.0,0,9.0
142.1302375850336,0,2.0,0,9.0
142.1342375850336,0,2.0,0,9.0
142.4342375850336,0,2.0,0,9.0
142.4382375850336,0,2.0,0,9.0
142.7382375850336,0,2.0,0,9.0
142.7422375850336,0,2.0,0,9.0
143.0422375850336,0,2.0,0,9.0
143.0462375850336,0,2.0,0,9.0
143.3462375850336,0,2.0,0,9.0
143.3502375850336,0,2.0,0,9.0
143.6502375850336,0,2.0,0,9.0
143.6542375850336,0,2.0,0,9.0
143.9542375850336,0,2.0,0,9.0
143.9582375850336,0,2.0,0,9.0
144.2582375850336,0,2.0,0,9.0
144.2622375850336,0,2.0,0,9.0
144.5622375850336,0,2.0,0,9.0
144.5662375850336,0,2.0,0,9.0
144.86623758503362,0,2.0,0,9.0
144.8702375850336,0,2.0,0,9.0
145.17023758503362,0,2.0,0,9.0
145.1742375850336,0,2.0,0,9.0
145.47423758503362,0,2.0,0,9.0
145.4782375850336,0,2.0,0,9.0
145.77823758503362,0,2.0,0,9.0
145.7822375850336,0,2.0,0,9.0
146.08223758503362,0,2.0,0,9.0
146.08623758503362,0,2.0,0,9.0
146.38623758503363,0,2.0,0,9.0
146.39023758503362,0,2.0,0,9.0
146.69023758503363,0,2.0,0,9.0
146.69423758503362,0,2.0,0,9.0
146.99423758503363,0,2.0,0,9.0
146.99823758503362,0,2.0,0,9.0
147.29823758503363,0,2.0,0,9.0
147.30223758503362,0,2.0,0,9.0
147.60223758503363,0,2.0,0,9.0
147.60623758503363,0,2.0,0,9.0
147.90623758503364,0,2.0,0,9.0
147.91023758503363,0,2.0,0,9.0
148.21023758503364,0,2.0,0,9.0
148.21423758503363,0,2.0,0,9.0
148.51423758503364,0,2.0,0,9.0
148.51823758503363,0,2.0,0,9.0
148.81823758503364,0,2.0,0,9.0
148.82223758503363,0,2.0,0,9.0
149.12223758503364,0,2.0,0,9.0
149.12623758503364,0,2.0,0,9.0
149.42623758503365,0,2.0,0,9.0
149.43023758503364,0,2.0,0,9.0
149.73023758503365,0,2.0,0,9.0
149.73423758503364,0,2.0,0,9.0
150.03423758503365,0,2.0,0,9.0
150.03823758503364,0,2.0,0,9.0
150.33823758503365,0,2.0,0,9.0
150.34223758503364,0,7.0,0,9.0
150.64223758503366,0,7.0,0,9.0
150.64346207482959,0,7.0,0,9.0
150.9434620748296,0,7.0,0,9.0
150.94468656462553,0,7.0,0,9.0
151.24468656462554,0,7.0,0,9.0
151.24591105442147,0,7.0,0,9.0
151.54591105442148,0,7.0,0,9.0
151.5471355442174,0,7.0,0,9.0
151.84713554421742,0,7.0,0,9.0
151.84836003401335,0,7.0,0,9.0
152.14836003401336,0,7.0,0,9.0
152.1495845238093,0,7.0,0,9.0
152.4495845238093,0,7.0,0,9.0
152.45080901360524,0,7.0,0,9.0
152.75080901360525,0,7.0,0,9.0
152.75203350340118,0,7.0,0,9.0
153.0520335034012,0,7.0,0,9.0
153.05325799319712,0,7.0,0,9.0
153.35325799319713,0,7.0,0,9.0
153.35448248299306,0,7.0,0,9.0
153.65448248299307,0,7.0,0,9.0
153.655706972789,0,7.0,0,9.0
153.95570697278902,0,7.0,0,9.0
153.95693146258495,0,7.0,0,9.0
154.25693146258496,0,7.0,0,9.0
154.2581559523809,0,7.0,0,9.0
154.5581559523809,0,7.0,0,9.0
154.55938044217683,0,7.0,0,9.0
154.85938044217684,0,7.0,0,9.0
154.86060493197277,0,7.0,0,9.0
155.16060493197278,0,7.0,0,9.0
155.16182942176872,0,7.0,0,9.0
155.46182942176873,0,7.0,0,9.0
155.46305391156466,0,7.0,0,9.0
155.76305391156467,0,7.0,0,9.0
155.7642784013606,0,7.0,0,9.0
156.0642784013606,0,7.0,0,9.0
156.06550289115654,0,7.0,0,9.0
156.36550289115655,0,7.0,0,9.0
156.36672738095248,0,5.0,0,10.0
156.6667273809525,0,5.0,0,10.0
156.6691273809525,0,5.0,0,10.0
156.9691273809525,0,5.0,0,10.0
156.9715273809525,0,5.0,0,10.0
157.2715273809525,0,5.0,0,10.0
157.2739273809525,0,5.0,0,10.0
157.5739273809525,0,5.0,0,10.0
157.5763273809525,0,5.0,0,10.0
157.87632738095252,0,5.0,0,10.0
157.8787273809525,0,5.0,0,10.0
158.17872738095252,0,5.0,0,10.0
158.18112738095252,0,5.0,0,10.0
158.48112738095253,0,5.0,0,10.0
158.48352738095252,0,5.0,0,10.0
158.78352738095253,0,5.0,0,10.0
158.78592738095253,0,5.0,0,10.0
159.08592738095254,0,5.0,0,10.0
159.08832738095253,0,5.0,0,10.0
159.38832738095255,0,5.0,0,10.0
159.39072738095254,0,5.0,0,10.0
159.69072738095255,0,5.0,0,10.0
159.69312738095255,0,5.0,0,10.0
159.99312738095256,0,5.0,0,10.0
159.99552738095255,0,5.0,0,10.0
160.29552738095256,0,5.0,0,10.0
160.29792738095256,0,5.0,0,10.0
160.59792738095257,0,5.0,0,10.0
160.60032738095256,0,5.0,0,10.0
160.90032738095258,0,5.0,0,10.0
160.90272738095257,0,5.0,0,10.0
161.20272738095258,0,5.0,0,10.0
161.20512738095258,0,5.0,0,10.0
161.5051273809526,0,5.0,0,10.0
161.50752738095258,0,5.0,0,10.0
161.8075273809526,0,5.0,0,10.0
161.8099273809526,0,5.0,0,10.0
162.1099273809526,0,5.0,0,10.0
162.1123273809526,0,5.0,0,10.0
162.4123273809526,0,5.0,0,10.0
162.4147273809526,0,5.0,0,10.0
162.7147273809526,0,5.0,0,10.0
162.7171273809526,0,5.0,0,10.0
163.01712738095262,0,5.0,0,10.0
163.0195273809526,0,5.0,0,10.0
163.31952738095262,0,5.0,0,10.0
163.32192738095262,0,5.0,0,10.0
163.62192738095263,0,5.0,0,10.0
163.62432738095262,0,5.0,0,10.0
163.92432738095263,0,5.0,0,10.0
163.92672738095263,0,5.0,0,10.0
164.22672738095264,0,5.0,0,10.0
164.22912738095263,0,5.0,0,10.0
164.52912738095264,0,5.0,0,10.0
164.53152738095264,0,5.0,0,10.0
164.83152738095265,0,5.0,0,10.0
164.83392738095264,0,5.0,0,10.0
165.13392738095266,0,5.0,0,10.0
165.13632738095265,0,5.0,0,10.0
165.43632738095266,0,5.0,0,10.0
165.43872738095266,0,5.0,0,10.0
165.73872738095267,0,5.0,0,10.0
165.74112738095266,0,5.0,0,10.0
166.04112738095267,0,5.0,0,10.0
166.04352738095267,0,5.0,0,10.0
166.34352738095268,0,5.0,0,10.0
166.34592738095267,0,5.0,0,10.0
166.64592738095268,0,5.0,0,10.0
166.64832738095268,0,5.0,0,10.0
166.9483273809527,0,5.0,0,10.0
166.95072738095269,0,5.0,0,10.0
167.2507273809527,0,5.0,0,10.0
167.2531273809527,0,5.0,0,10.0
167.5531273809527,0,5.0,0,10.0
167.5555273809527,0,5.0,0,10.0
167.8555273809527,0,5.0,0,10.0
167.8579273809527,0,5.0,0,10.0
168.1579273809527,0,5.0,0,10.0
168.1603273809527,0,5.0,0,10.0
168.46032738095272,0,5.0,0,10.0
168.4627273809527,0,5.0,0,10.0
168.76272738095273,0,5.0,0,10.0
168.76512738095272,0,5.0,0,10.0
169.06512738095273,0,5.0,0,10.0
169.06752738095273,0,5.0,0,10.0
169.36752738095274,0,5.0,0,10.0
169.36992738095273,0,5.0,0,10.0
169.66992738095274,0,5.0,0,10.0
169.67232738095274,0,5.0,0,10.0
169.97232738095275,0,5.0,0,10.0
169.97472738095274,0,5.0,0,10.0
170.27472738095275,0,5.0,0,10.0
170.27712738095275,0,5.0,0,10.0
170.57712738095276,0,5.0,0,10.0
170.57952738095275,0,5.0,0,10.0
170.87952738095277,0,5.0,0,10.0
170.88192738095276,0,5.0,0,10.0
171.18192738095277,0,5.0,0,10.0
171.18432738095277,0,5.0,0,10.0
171.48432738095278,0,5.0,0,10.0
171.48672738095277,0,5.0,0,10.0
171.78672738095278,0,5.0,0,10.0
171.78912738095278,0,5.0,0,10.0
172.0891273809528,0,5.0,0,10.0
172.09152738095278,0,5.0,0,10.0
172.3915273809528,0,5.0,0,10.0
172.3939273809528,0,5.0,0,10.0
172.6939273809528,0,5.0,0,10.0
172.6963273809528,0,5.0,0,10.0
172.9963273809528,0,5.0,0,10.0
172.9987273809528,0,5.0,0,10.0
173.2987273809528,0,5.0,0,10.0
173.3011273809528,0,5.0,0,10.0
173.60112738095282,0,5.0,0,10.0
173.6035273809528,0,5.0,0,10.0
173.90352738095282,0,5.0,0,10.0
173.90592738095282,0,5.0,0,10.0
174.20592738095283,0,5.0,0,10.0
174.20832738095282,0,5.0,0,10.0
174.50832738095284,0,5.0,0,10.0
174.51072738095283,0,5.0,0,10.0
174.81072738095284,0,5.0,0,10.0
174.81312738095284,0,5.0,0,10.0
175.11312738095285,0,5.0,0,10.0
175.11552738095284,0,5.0,0,10.0
175.41552738095285,0,5.0,0,10.0
175.41792738095285,0,5.0,0,10.0
175.71792738095286,0,5.0,0,10.0
175.72032738095285,0,5.0,0,10.0
176.02032738095286,0,5.0,0,10.0
176.02272738095286,0,5.0,0,10.0
176.32272738095287,0,5.0,0,10.0
176.32512738095286,0,5.0,0,10.0
176.62512738095288,0,5.0,0,10.0
176.62752738095287,0,5.0,0,10.0
176.92752738095288,0,5.0,0,10.0
176.92992738095288,0,5.0,0,10.0
177.2299273809529,0,5.0,0,10.0
177.23232738095288,0,5.0,0,10.0
177.5323273809529,0,5.0,0,10.0
177.5347273809529,0,5.0,0,10.0
177.8347273809529,0,5.0,0,10.0
177.8371273809529,0,5.0,0,10.0
178.1371273809529,0,5.0,0,10.0
178.1395273809529,0,5.0,0,10.0
178.4395273809529,0,5.0,0,10.0
178.4419273809529,0,5.0,0,10.0
178.74192738095292,0,5.0,0,10.0
178.7443273809529,0,5.0,0,10.0
179.04432738095292,0,5.0,0,10.0
179.04672738095292,0,5.0,0,10.0
179.34672738095293,0,5.0,0,10.0
179.34912738095292,0,5.0,0,10.0
179.64912738095293,0,5.0,0,10.0
179.65152738095293,0,10.0,0,10.0
179.95152738095294,0,10.0,0,10.0
179.95212738095293,0,10.0,0,10.0
180.25212738095294,0,10.0,0,10.0
180.25272738095293,0,10.0,0,10.0
180.55272738095294,0,10.0,0,10.0
180.55332738095294,0,10.0,0,10.0
180.85332738095295,0,10.0,0,10.0
180.85392738095294,0,10.0,0,10.0
181.15392738095295,0,10.0,0,10.0
181.15452738095294,0,8.0,0,11.0
181.45452738095295,0,8.0,0,11.0
181.45546488095295,0,8.0,0,11.0
181.75546488095296,0,8.0,0,11.0
181.75640238095295,0,8.0,0,11.0
182.05640238095296,0,8.0,0,11.0
182.05733988095295,0,8.0,0,11.0
182.35733988095296,0,8.0,0,11.0
182.35827738095296,0,8.0,0,11.0
182.65827738095297,0,8.0,0,11.0
182.65921488095296,0,8.0,0,11.0
182.95921488095297,0,8.0,0,11.0
182.96015238095296,0,8.0,0,11.0
183.26015238095297,0,8.0,0,11.0
183.26108988095297,0,8.0,0,11.0
183.56108988095298,0,8.0,0,11.0
183.56202738095297,0,8.0,0,11.0
183.86202738095298,0,8.0,0,11.0
183.86296488095297,0,8.0,0,11.0
184.16296488095298,0,8.0,0,11.0
184.16390238095298,0,8.0,0,11.0
184.463902380953,0,8.0,0,11.0
184.46483988095298,0,8.0,0,11.0
184.764839880953,0,8.0,0,11.0
184.76577738095298,0,8.0,0,11.0
185.065777380953,0,8.0,0,11.0
185.066714880953,0,8.0,0,11.0
185.366714880953,0,8.0,0,11.0
185.367652380953,0,8.0,0,11.0
185.667652380953,0,8.0,0,11.0
185.668589880953,0,8.0,0,11.0
185.968589880953,0,8.0,0,11.0
185.969527380953,0,8.0,0,11.0
186.269527380953,0,8.0,0,11.0
186.270464880953,0,8.0,0,11.0
186.570464880953,0,8.0,0,11.0
186.571402380953,0,8.0,0,11.0
186.87140238095301,0,8.0,0,11.0
186.872339880953,0,8.0,0,11.0
187.17233988095302,0,8.0,0,11.0
187.173277380953,0,8.0,0,11.0
187.47327738095302,0,8.0,0,11.0
187.474214880953,0,8.0,0,11.0
187.77421488095302,0,8.0,0,11.0
187.77515238095302,0,8.0,0,11.0
188.07515238095303,0,8.0,0,11.0
188.07608988095302,0,6.0,0,12.0
188.37608988095303,0,6.0,0,12.0
188.3777565476197,0,6.0,0,12.0
188.6777565476197,0,6.0,0,12.0
188.67942321428637,0,6.0,0,12.0
188.97942321428638,0,6.0,0,12.0
188.98108988095305,0,6.0,0,12.0
189.28108988095306,0,6.0,0,12.0
189.28275654761973,0,6.0,0,12.0
189.58275654761974,0,6.0,0,12.0
189.5844232142864,0,6.0,0,12.0
189.88442321428641,0,6.0,0,12.0
189.88608988095308,0,6.0,0,12.0
190.1860898809531,0,6.0,0,12.0
190.18775654761976,0,6.0,0,12.0
190.48775654761977,0,6.0,0,12.0
190.48942321428643,0,6.0,0,12.0
190.78942321428644,0,6.0,0,12.0
190.7910898809531,0,6.0,0,12.0
191.09108988095312,0,6.0,0,12.0
191.09275654761979,0,6.0,0,12.0
191.3927565476198,0,6.0,0,12.0
191.39442321428646,0,6.0,0,12.0
191.69442321428647,0,6.0,0,12.0
191.69608988095314,0,6.0,0,12.0
191.99608988095315,0,6.0,0,12.0
191.99775654761982,0,6.0,0,12.0
192.29775654761983,0,6.0,0,12.0
192.2994232142865,0,6.0,0,12.0
192.5994232142865,0,6.0,0,12.0
192.60108988095317,0,6.0,0,12.0
192.90108988095318,0,6.0,0,12.0
192.90275654761984,0,6.0,0,12.0
193.20275654761986,0,6.0,0,12.0
193.20442321428652,0,6.0,0,12.0
193.50442321428653,0,6.0,0,12.0
193.5060898809532,0,4.0,0,13.0
193.8060898809532,0,4.0,0,13.0
193.8084898809532,0,4.0,0,13.0
194.10848988095321,0,4.0,0,13.0
194.1108898809532,0,4.0,0,13.0
194.41088988095322,0,4.0,0,13.0
194.41328988095322,0,4.0,0,13.0
194.71328988095323,0,4.0,0,13.0
194.71568988095322,0,4.0,0,13.0
195.01568988095323,0,4.0,0,13.0
195.01808988095323,0,4.0,0,13.0
195.31808988095324,0,4.0,0,13.0
195.32048988095323,0,4.0,0,13.0
195.62048988095324,0,4.0,0,13.0
195.62288988095324,0,4.0,0,13.0
195.92288988095325,0,4.0,0,13.0
195.92528988095324,0,4.0,0,13.0
196.22528988095326,0,4.0,0,13.0
196.22768988095325,0,4.0,0,13.0
196.52768988095326,0,4.0,0,13.0
196.53008988095326,0,4.0,0,13.0
196.83008988095327,0,4.0,0,13.0
196.83248988095326,0,4.0,0,13.0
197.13248988095327,0,4.0,0,13.0
197.13488988095327,0,4.0,0,13.0
197.43488988095328,0,4.0,0,13.0
197.43728988095327,0,4.0,0,13.0
197.73728988095328,0,4.0,0,13.0
197.73968988095328,0,4.0,0,13.0
198.0396898809533,0,4.0,0,13.0
198.04208988095328,0,4.0,0,13.0
198.3420898809533,0,4.0,0,13.0
198.3444898809533,0,4.0,0,13.0
198.6444898809533,0,4.0,0,13.0
198.6468898809533,0,4.0,0,13.0
198.9468898809533,0,4.0,0,13.0
198.9492898809533,0,4.0,0,13.0
199.2492898809533,0,4.0,0,13.0
199.2516898809533,0,2.0,0,14.0
199.55168988095332,0,2.0,0,14.0
199.5540898809533,0,2.0,0,14.0
199.85408988095332,0,2.0,0,14.0
199.85648988095332,0,2.0,0,14.0
200.15648988095333,0,2.0,0,14.0
200.15888988095332,0,2.0,0,14.0
200.45888988095334,0,2.0,0,14.0
200.46128988095333,0,2.0,0,14.0
200.76128988095334,0,2.0,0,14.0
200.76368988095334,0,2.0,0,14.0
201.06368988095335,0,2.0,0,14.0
201.06608988095334,0,2.0,0,14.0
201.36608988095335,0,2.0,0,14.0
201.36848988095335,0,2.0,0,14.0
201.66848988095336,0,2.0,0,14.0
201.67088988095335,0,2.0,0,14.0
201.97088988095337,0,2.0,0,14.0
201.97328988095336,0,2.0,0,14.0
202.27328988095337,0,2.0,0,14.0
202.27568988095337,0,2.0,0,14.0
202.57568988095338,0,2.0,0,14.0
202.57808988095337,0,2.0,0,14.0
202.87808988095338,0,2.0,0,14.0
202.88048988095338,0,2.0,0,14.0
203.1804898809534,0,2.0,0,14.0
203.18288988095338,0,2.0,0,14.0
203.4828898809534,0,2.0,0,14.0
203.4852898809534,0,2.0,0,14.0
203.7852898809534,0,2.0,0,14.0
203.7876898809534,0,2.0,0,14.0
204.0876898809534,0,2.0,0,14.0
204.0900898809534,0,2.0,0,14.0
204.3900898809534,0,2.0,0,14.0
204.3924898809534,0,2.0,0,14.0
204.69248988095342,0,2.0,0,14.0
204.6948898809534,0,2.0,0,14.0
204.99488988095342,0,2.0,0,14.0
204.99728988095342,0,2.0,0,14.0
205.29728988095343,0,2.0,0,14.0
205.29968988095342,0,2.0,0,14.0
205.59968988095343,0,2.0,0,14.0
205.60208988095343,0,2.0,0,14.0
205.90208988095344,0,2.0,0,14.0
205.90448988095343,0,2.0,0,14.0
206.20448988095345,0,2.0,0,14.0
206.20688988095344,0,2.0,0,14.0
206.50688988095345,0,2.0,0,14.0
206.50928988095345,0,2.0,0,14.0
206.80928988095346,0,2.0,0,14.0
206.81168988095345,0,2.0,0,14.0
207.11168988095346,0,2.0,0,14.0
207.11408988095346,0,7.0,0,14.0
207.41408988095347,0,7.0,0,14.0
207.4153143707494,0,7.0,0,14.0
207.7153143707494,0,7.0,0,14.0
207.71653886054534,0,7.0,0,14.0
208.01653886054535,0,7.0,0,14.0
208.01776335034128,0,7.0,0,14.0
208.3177633503413,0,7.0,0,14.0
208.31898784013723,0,7.0,0,14.0
208.61898784013724,0,7.0,0,14.0
208.62021232993317,0,7.0,0,14.0
208.92021232993318,0,7.0,0,14.0
208.9214368197291,0,7.0,0,14.0
209.22143681972912,0,7.0,0,14.0
209.22266130952505,0,7.0,0,14.0
209.52266130952506,0,7.0,0,14.0
209.523885799321,0,7.0,0,14.0
209.823885799321,0,7.0,0,14.0
209.82511028911694,0,7.0,0,14.0
210.12511028911695,0,7.0,0,14.0
210.12633477891288,0,7.0,0,14.0
210.4263347789129,0,7.0,0,14.0
210.42755926870882,0,7.0,0,14.0
210.72755926870883,0,7.0,0,14.0
210.72878375850476,0,7.0,0,14.0
211.02878375850477,0,7.0,0,14.0
211.0300082483007,0,7.0,0,14.0
211.33000824830071,0,7.0,0,14.0
211.33123273809665,0,7.0,0,14.0
211.63123273809666,0,7.0,0,14.0
211.6324572278926,0,7.0,0,14.0
211.9324572278926,0,7.0,0,14.0
211.93368171768853,0,7.0,0,14.0
212.23368171768854,0,7.0,0,14.0
212.23490620748447,0,7.0,0,14.0
212.53490620748448,0,7.0,0,14.0
212.5361306972804,0,7.0,0,14.0
212.83613069728042,0,7.0,0,14.0
212.83735518707635,0,7.0,0,14.0
213.13735518707637,0,7.0,0,14.0
213.1385796768723,0,7.0,0,14.0
213.4385796768723,0,7.0,0,14.0
213.43980416666824,0,7.0,0,14.0
213.73980416666825,0,7.0,0,14.0
213.74102865646418,0,7.0,0,14.0
214.0410286564642,0,7.0,0,14.0
214.04225314626012,0,7.0,0,14.0
214.34225314626013,0,7.0,0,14.0
214.34347763605606,0,7.0,0,14.0
214.64347763605608,0,7.0,0,14.0
214.644702125852,0,7.0,0,14.0
214.94470212585202,0,7.0,0,14.0
214.94592661564795,0,7.0,0,14.0
215.24592661564796,0,7.0,0,14.0
215.2471511054439,0,7.0,0,14.0
215.5471511054439,0,7.0,0,14.0
215.54837559523983,0,7.0,0,14.0
215.84837559523984,0,7.0,0,14.0
215.84960008503577,0,7.0,0,14.0
216.1496000850358,0,7.0,0,14.0
216.15082457483172,0,7.0,0,14.0
216.45082457483173,0,7.0,0,14.0
216.45204906462766,0,7.0,0,14.0
216.75204906462767,0,7.0,0,14.0
216.7532735544236,0,7.0,0,14.0
217.0532735544236,0,7.0,0,14.0
217.05449804421954,0,5.0,0,15.0
217.35449804421955,0,5.0,0,15.0
217.35689804421955,0,3.0,0,16.0
217.65689804421956,0,3.0,0,16.0
217.65929804421955,0,3.0,0,16.0
217.95929804421957,0,3.0,0,16.0
217.96169804421956,0,3.0,0,16.0
218.26169804421957,0,3.0,0,16.0
218.26409804421957,0,3.0,0,16.0
218.56409804421958,0,3.0,0,16.0
218.56649804421957,0,3.0,0,16.0
218.86649804421958,0,3.0,0,16.0
218.86889804421958,0,3.0,0,16.0
219.1688980442196,0,3.0,0,16.0
219.17129804421958,0,3.0,0,16.0
219.4712980442196,0,3.0,0,16.0
219.4736980442196,0,3.0,0,16.0
219.7736980442196,0,3.0,0,16.0
219.7760980442196,0,3.0,0,16.0
220.0760980442196,0,3.0,0,16.0
220.0784980442196,0,3.0,0,16.0
220.3784980442196,0,3.0,0,16.0
220.3808980442196,0,3.0,0,16.0
220.68089804421962,0,3.0,0,16.0
220.6832980442196,0,3.0,0,16.0
220.98329804421962,0,3.0,0,16.0
220.98569804421962,0,3.0,0,16.0
221.28569804421963,0,3.0,0,16.0
221.28809804421962,0,3.0,0,16.0
221.58809804421963,0,3.0,0,16.0
221.59049804421963,0,8.0,0,16.0
221.89049804421964,0,8.0,0,16.0
221.89143554421963,0,8.0,0,16.0
222.19143554421964,0,8.0,0,16.0
222.19237304421964,0,8.0,0,16.0
222.49237304421965,0,8.0,0,16.0
222.49331054421964,0,8.0,0,16.0
222.79331054421965,0,8.0,0,16.0
222.79424804421964,0,8.0,0,16.0
223.09424804421965,0,8.0,0,16.0
223.09518554421965,0,6.0,0,17.0
223.39518554421966,0,6.0,0,17.0
223.39685221088632,0,6.0,0,17.0
223.69685221088633,0,6.0,0,17.0
223.698518877553,0,6.0,0,17.0
223.998518877553,0,6.0,0,17.0
224.00018554421968,0,6.0,0,17.0
224.3001855442197,0,6.0,0,17.0
224.30185221088635,0,6.0,0,17.0
224.60185221088636,0,6.0,0,17.0
224.60351887755303,0,6.0,0,17.0
224.90351887755304,0,6.0,0,17.0
224.9051855442197,0,6.0,0,17.0
225.20518554421972,0,6.0,0,17.0
225.20685221088638,0,6.0,0,17.0
225.5068522108864,0,6.0,0,17.0
225.50851887755306,0,6.0,0,17.0
225.80851887755307,0,6.0,0,17.0
225.81018554421973,0,6.0,0,17.0
226.11018554421975,0,6.0,0,17.0
226.1118522108864,0,6.0,0,17.0
226.41185221088642,0,6.0,0,17.0
226.4135188775531,0,11.0,0,17.0
226.7135188775531,0,11.0,0,17.0
226.7140147453217,0,11.0,0,17.0
227.0140147453217,0,11.0,0,17.0
227.0145106130903,0,11.0,0,17.0
227.3145106130903,0,11.0,0,17.0
227.3150064808589,0,11.0,0,17.0
227.6150064808589,0,11.0,0,17.0
227.6155023486275,0,11.0,0,17.0
227.9155023486275,0,11.0,0,17.0
227.9159982163961,0,9.0,0,18.0
228.21599821639612,0,9.0,0,18.0
228.21673895713687,0,9.0,0,18.0
228.51673895713688,0,9.0,0,18.0
228.51747969787763,0,9.0,0,18.0
228.81747969787764,0,9.0,0,18.0
228.8182204386184,0,9.0,0,18.0
229.1182204386184,0,9.0,0,18.0
229.11896117935916,0,9.0,0,18.0
229.41896117935917,0,9.0,0,18.0
229.41970192009993,0,9.0,0,18.0
229.71970192009994,0,9.0,0,18.0
229.7204426608407,0,9.0,0,18.0
230.0204426608407,0,9.0,0,18.0
230.02118340158145,0,9.0,0,18.0
230.32118340158146,0,9.0,0,18.0
230.32192414232222,0,9.0,0,18.0
230.62192414232223,0,9.0,0,18.0
230.62266488306298,0,9.0,0,18.0
230.922664883063,0,9.0,0,18.0
230.92340562380375,0,9.0,0,18.0
231.22340562380376,0,9.0,0,18.0
231.2241463645445,0,9.0,0,18.0
231.52414636454452,0,9.0,0,18.0
231.52488710528527,0,9.0,0,18.0
231.82488710528528,0,9.0,0,18.0
231.82562784602604,0,9.0,0,18.0
232.12562784602605,0,9.0,0,18.0
232.1263685867668,0,9.0,0,18.0
232.4263685867668,0,9.0,0,18.0
232.42710932750757,0,9.0,0,18.0
232.72710932750758,0,9.0,0,18.0
232.72785006824833,0,9.0,0,18.0
233.02785006824834,0,9.0,0,18.0
233.0285908089891,0,9.0,0,18.0
233.3285908089891,0,9.0,0,18.0
233.32933154972986,0,9.0,0,18.0
233.62933154972987,0,9.0,0,18.0
233.63007229047062,0,9.0,0,18.0
233.93007229047063,0,9.0,0,18.0
233.9308130312114,0,9.0,0,18.0
234.2308130312114,0,9.0,0,18.0
234.23155377195215,0,9.0,0,18.0
234.53155377195216,0,9.0,0,18.0
234.5322945126929,0,9.0,0,18.0
234.83229451269293,0,9.0,0,18.0
234.83303525343368,0,7.0,0,19.0
235.1330352534337,0,7.0,0,19.0
235.13425974322962,0,7.0,0,19.0
235.43425974322963,0,7.0,0,19.0
235.43548423302556,0,7.0,0,19.0
235.73548423302557,0,7.0,0,19.0
235.7367087228215,0,7.0,0,19.0
236.03670872282152,0,7.0,0,19.0
236.03793321261745,0,7.0,0,19.0
236.33793321261746,0,7.0,0,19.0
236.3391577024134,0,7.0,0,19.0
236.6391577024134,0,7.0,0,19.0
236.64038219220933,5.0,7.0,0,19.0
236.94038219220934,5.0,7.0,0,19.0
236.94160668200527,5.0,7.0,0,19.0
237.24160668200528,5.0,7.0,0,19.0
237.2428311718012,5.0,7.0,0,19.0
237.54283117180123,5.0,7.0,0,19.0
237.54405566159716,5.0,7.0,0,19.0
237.84405566159717,5.0,7.0,0,19.0
237.8452801513931,5.0,7.0,0,19.0
238.1452801513931,5.0,7.0,0,19.0
238.14650464118904,5.0,7.0,0,19.0
238.44650464118905,5.0,7.0,0,19.0
238.44772913098498,5.0,7.0,0,19.0
238.747729130985,5.0,7.0,0,19.0
238.74895362078092,5.0,7.0,0,19.0
239.04895362078094,5.0,7.0,0,19.0
239.05017811057687,5.0,7.0,0,19.0
239.35017811057688,5.0,7.0,0,19.0
239.3514026003728,5.0,7.0,0,19.0
239.65140260037282,5.0,7.0,0,19.0
239.65262709016875,5.0,7.0,0,19.0
239.95262709016876,5.0,7.0,0,19.0
239.9538515799647,5.0,7.0,0,19.0
240.2538515799647,5.0,7.0,0,19.0
240.25507606976063,5.0,7.0,0,19.0
240.55507606976064,5.0,7.0,0,19.0
240.55630055955658,5.0,7.0,0,19.0
240.8563005595566,5.0,7.0,0,19.0
240.85752504935252,5.0,7.0,0,19.0
241.15752504935253,5.0,7.0,0,19.0
241.15874953914846,5.0,7.0,0,19.0
241.45874953914847,5.0,7.0,0,19.0
241.4599740289444,5.0,7.0,0,19.0
241.7599740289444,5.0,7.0,0,19.0
241.76119851874034,5.0,7.0,0,19.0
242.06119851874035,5.0,7.0,0,19.0
242.06242300853629,5.0,7.0,0,19.0
242.3624230085363,5.0,7.0,0,19.0
242.36364749833223,5.0,7.0,0,19.0
242.66364749833224,5.0,7.0,0,19.0
242.66487198812817,5.0,7.0,0,19.0
242.96487198812818,5.0,7.0,0,19.0
242.9660964779241,5.0,7.0,0,19.0
243.26609647792412,5.0,7.0,0,19.0
243.26732096772005,5.0,7.0,0,19.0
243.56732096772006,5.0,7.0,0,19.0
243.568545457516,5.0,7.0,0,19.0
243.868545457516,5.0,7.0,0,19.0
243.86976994731194,5.0,7.0,0,19.0
244.16976994731195,5.0,7.0,0,19.0
244.17099443710788,5.0,7.0,0,19.0
244.4709944371079,5.0,7.0,0,19.0
244.47221892690382,5.0,7.0,0,19.0
244.77221892690383,5.0,7.0,0,19.0
244.77344341669976,5.0,7.0,0,19.0
245.07344341669977,5.0,7.0,0,19.0
245.0746679064957,5.0,7.0,0,19.0
245.37466790649572,5.0,7.0,0,19.0
245.37589239629165,5.0,7.0,0,19.0
245.67589239629166,5.0,7.0,0,19.0
245.6771168860876,5.0,7.0,0,19.0
245.9771168860876,5.0,7.0,0,19.0
245.97834137588353,5.0,7.0,0,19.0
246.27834137588354,5.0,7.0,0,19.0
246.27956586567947,5.0,7.0,0,19.0
246.57956586567948,5.0,7.0,0,19.0
246.58079035547541,5.0,7.0,0,19.0
246.88079035547543,5.0,7.0,0,19.0
246.88201484527136,5.0,7.0,0,19.0
247.18201484527137,5.0,7.0,0,19.0
247.1832393350673,5.0,7.0,0,19.0
247.4832393350673,5.0,7.0,0,19.0
247.48446382486324,5.0,7.0,0,19.0
247.78446382486325,5.0,7.0,0,19.0
247.78568831465918,3.0,7.0,1.0,19.0
248.0856883146592,3.0,7.0,1.0,19.0
248.08691280445512,3.0,7.0,1.0,19.0
248.38691280445514,3.0,7.0,1.0,19.0
248.38813729425107,3.0,7.0,1.0,19.0
248.68813729425108,3.0,7.0,1.0,19.0
248.689361784047,3.0,7.0,1.0,19.0
248.98936178404702,3.0,7.0,1.0,19.0
248.99058627384295,3.0,7.0,1.0,19.0
249.29058627384296,3.0,7.0,1.0,19.0
249.2918107636389,3.0,7.0,1.0,19.0
249.5918107636389,3.0,7.0,1.0,19.0
249.59303525343483,3.0,7.0,1.0,19.0
249.89303525343485,3.0,7.0,1.0,19.0
249.89425974323078,3.0,7.0,1.0,19.0
250.1942597432308,3.0,7.0,1.0,19.0
250.19548423302672,3.0,7.0,1.0,19.0
250.49548423302673,3.0,7.0,1.0,19.0
250.49670872282266,3.0,7.0,1.0,19.0
250.79670872282267,3.0,7.0,1.0,19.0
250.7979332126186,3.0,7.0,1.0,19.0
251.0979332126186,3.0,7.0,1.0,19.0
251.09915770241454,3.0,7.0,1.0,19.0
251.39915770241456,3.0,7.0,1.0,19.0
251.4003821922105,3.0,7.0,1.0,19.0
251.7003821922105,3.0,7.0,1.0,19.0
251.70160668200643,3.0,7.0,1.0,19.0
252.00160668200644,3.0,7.0,1.0,19.0
252.00283117180237,3.0,7.0,1.0,19.0
252.30283117180238,3.0,7.0,1.0,19.0
252.3040556615983,3.0,7.0,1.0,19.0
252.60405566159832,3.0,7.0,1.0,19.0
252.60528015139425,3.0,7.0,1.0,19.0
252.90528015139427,3.0,7.0,1.0,19.0
252.9065046411902,3.0,7.0,1.0,19.0
253.2065046411902,3.0,7.0,1.0,19.0
253.20772913098614,3.0,7.0,1.0,19.0
253.50772913098615,3.0,7.0,1.0,19.0
253.50895362078208,3.0,7.0,1.0,19.0
253.8089536207821,3.0,7.0,1.0,19.0
253.81017811057802,3.0,7.0,1.0,19.0
254.11017811057803,3.0,7.0,1.0,19.0
254.11140260037396,3.0,7.0,1.0,19.0
254.41140260037398,3.0,7.0,1.0,19.0
254.4126270901699,3.0,7.0,1.0,19.0
254.71262709016992,3.0,7.0,1.0,19.0
254.71385157996585,3.0,7.0,1.0,19.0
255.01385157996586,3.0,7.0,1.0,19.0
255.0150760697618,3.0,7.0,1.0,19.0
255.3150760697618,3.0,7.0,1.0,19.0
255.31630055955773,3.0,7.0,1.0,19.0
255.61630055955774,3.0,7.0,1.0,19.0
255.61752504935367,3.0,5.0,1.0,20.0
255.91752504935369,3.0,5.0,1.0,20.0
255.91992504935368,3.0,5.0,1.0,20.0
256.21992504935366,3.0,5.0,1.0,20.0
256.2223250493537,3.0,5.0,1.0,20.0
256.5223250493537,3.0,5.0,1.0,20.0
256.5247250493537,3.0,5.0,1.0,20.0
256.82472504935373,3.0,5.0,1.0,20.0
256.82712504935375,3.0,5.0,1.0,20.0
257.12712504935377,3.0,5.0,1.0,20.0
257.1295250493538,1.0,5.0,2.0,20.0
257.4295250493538,1.0,5.0,2.0,20.0
257.4319250493538,1.0,5.0,2.0,20.0
257.73192504935383,1.0,5.0,2.0,20.0
257.73432504935386,1.0,5.0,2.0,20.0
258.03432504935387,1.0,5.0,2.0,20.0
258.0367250493539,1.0,5.0,2.0,20.0
258.3367250493539,1.0,5.0,2.0,20.0
258.3391250493539,1.0,5.0,2.0,20.0
258.63912504935394,1.0,5.0,2.0,20.0
258.64152504935396,1.0,5.0,2.0,20.0
258.94152504935397,1.0,5.0,2.0,20.0
258.943925049354,1.0,5.0,2.0,20.0
259.243925049354,1.0,5.0,2.0,20.0
259.246325049354,1.0,5.0,2.0,20.0
259.54632504935404,1.0,5.0,2.0,20.0
259.54872504935406,1.0,5.0,2.0,20.0
259.8487250493541,1.0,5.0,2.0,20.0
259.8511250493541,1.0,5.0,2.0,20.0
260.1511250493541,1.0,5.0,2.0,20.0
260.15352504935413,1.0,5.0,2.0,20.0
260.45352504935414,1.0,5.0,2.0,20.0
260.45592504935416,1.0,5.0,2.0,20.0
260.7559250493542,1.0,5.0,2.0,20.0
260.7583250493542,1.0,5.0,2.0,20.0
261.0583250493542,1.0,5.0,2.0,20.0
261.06072504935423,1.0,5.0,2.0,20.0
261.36072504935424,1.0,5.0,2.0,20.0
261.36312504935427,1.0,5.0,2.0,20.0
261.6631250493543,1.0,5.0,2.0,20.0
261.6655250493543,1.0,5.0,2.0,20.0
261.9655250493543,1.0,5.0,2.0,20.0
261.96792504935433,1.0,5.0,2.0,20.0
262.26792504935435,1.0,5.0,2.0,20.0
262.27032504935437,1.0,5.0,2.0,20.0
262.5703250493544,1.0,5.0,2.0,20.0
262.5727250493544,1.0,5.0,2.0,20.0
262.8727250493544,1.0,5.0,2.0,20.0
262.87512504935444,1.0,5.0,2.0,20.0
263.17512504935445,1.0,5.0,2.0,20.0
263.1775250493545,1.0,3.0,2.0,21.0
263.4775250493545,1.0,3.0,2.0,21.0
263.4815250493545,1.0,3.0,2.0,21.0
263.7815250493545,1.0,3.0,2.0,21.0
263.78552504935453,1.0,3.0,2.0,21.0
264.08552504935454,1.0,3.0,2.0,21.0
264.08952504935456,1.0,3.0,2.0,21.0
264.3895250493546,1.0,3.0,2.0,21.0
264.3935250493546,1.0,3.0,2.0,21.0
264.6935250493546,1.0,3.0,2.0,21.0
264.6975250493546,1.0,3.0,2.0,21.0
264.99752504935464,1.0,3.0,2.0,21.0
265.00152504935465,1.0,3.0,2.0,21.0
265.30152504935467,1.0,3.0,2.0,21.0
265.3055250493547,1.0,3.0,2.0,21.0
265.6055250493547,1.0,3.0,2.0,21.0
265.6095250493547,1.0,3.0,2.0,21.0
265.9095250493547,1.0,3.0,2.0,21.0
265.91352504935475,1.0,3.0,2.0,21.0
266.21352504935476,1.0,3.0,2.0,21.0
266.2175250493548,1.0,3.0,2.0,21.0
266.5175250493548,1.0,3.0,2.0,21.0
266.5215250493548,1.0,3.0,2.0,21.0
266.8215250493548,1.0,3.0,2.0,21.0
266.82552504935484,1.0,3.0,2.0,21.0
267.12552504935485,1.0,3.0,2.0,21.0
267.12952504935487,1.0,3.0,2.0,21.0
267.4295250493549,1.0,3.0,2.0,21.0
267.4335250493549,1.0,3.0,2.0,21.0
267.7335250493549,1.0,3.0,2.0,21.0
267.73752504935493,1.0,3.0,2.0,21.0
268.03752504935494,1.0,3.0,2.0,21.0
268.04152504935496,1.0,3.0,2.0,21.0
268.34152504935497,1.0,3.0,2.0,21.0
268.345525049355,1.0,3.0,2.0,21.0
268.645525049355,1.0,3.0,2.0,21.0
268.649525049355,1.0,1.0,2.0,22.0
268.94952504935503,1.0,1.0,2.0,22.0
268.95352504935505,1.0,1.0,2.0,22.0
269.25352504935506,1.0,1.0,2.0,22.0
269.2575250493551,1.0,1.0,2.0,22.0
269.5575250493551,1.0,1.0,2.0,22.0
269.5615250493551,1.0,1.0,2.0,22.0
269.8615250493551,1.0,1.0,2.0,22.0
269.86552504935514,1.0,1.0,2.0,22.0
270.16552504935515,1.0,1.0,2.0,22.0
270.1695250493552,1.0,1.0,2.0,22.0
270.4695250493552,1.0,1.0,2.0,22.0
270.4735250493552,1.0,1.0,2.0,22.0
270.7735250493552,1.0,1.0,2.0,22.0
270.77752504935523,1.0,1.0,2.0,22.0
271.07752504935524,1.0,1.0,2.0,22.0
271.08152504935526,1.0,1.0,2.0,22.0
271.3815250493553,1.0,1.0,2.0,22.0
271.3855250493553,1.0,1.0,2.0,22.0
271.6855250493553,1.0,1.0,2.0,22.0
271.6895250493553,1.0,1.0,2.0,22.0
271.98952504935534,1.0,1.0,2.0,22.0
271.99352504935536,1.0,1.0,2.0,22.0
272.29352504935537,1.0,1.0,2.0,22.0
272.2975250493554,1.0,1.0,2.0,22.0
272.5975250493554,1.0,1.0,2.0,22.0
272.6015250493554,1.0,1.0,2.0,22.0
272.9015250493554,1.0,1.0,2.0,22.0
272.90552504935545,1.0,1.0,2.0,22.0
273.20552504935546,1.0,1.0,2.0,22.0
273.2095250493555,1.0,1.0,2.0,22.0
273.5095250493555,1.0,1.0,2.0,22.0
273.5135250493555,1.0,6.0,2.0,22.0
273.8135250493555,1.0,6.0,2.0,22.0
273.8151917160222,1.0,6.0,2.0,22.0
274.1151917160222,1.0,6.0,2.0,22.0
274.11685838268886,1.0,6.0,2.0,22.0
274.4168583826889,1.0,6.0,2.0,22.0
274.41852504935554,1.0,6.0,2.0,22.0
274.71852504935555,1.0,6.0,2.0,22.0
274.7201917160222,1.0,6.0,2.0,22.0
275.0201917160222,1.0,6.0,2.0,22.0
275.0218583826889,1.0,6.0,2.0,22.0
275.3218583826889,1.0,6.0,2.0,22.0
275.32352504935557,1.0,6.0,2.0,22.0
275.6235250493556,1.0,6.0,2.0,22.0
275.62519171602224,1.0,6.0,2.0,22.0
275.92519171602225,1.0,6.0,2.0,22.0
275.9268583826889,1.0,6.0,2.0,22.0
276.22685838268893,1.0,6.0,2.0,22.0
276.2285250493556,1.0,6.0,2.0,22.0
276.5285250493556,1.0,6.0,2.0,22.0
276.5301917160223,1.0,6.0,2.0,22.0
276.8301917160223,1.0,6.0,2.0,22.0
276.83185838268895,1.0,6.0,2.0,22.0
277.13185838268896,1.0,6.0,2.0,22.0
277.1335250493556,1.0,6.0,2.0,22.0
277.43352504935564,1.0,6.0,2.0,22.0
277.4351917160223,1.0,6.0,2.0,22.0
277.7351917160223,1.0,6.0,2.0,22.0
277.736858382689,1.0,6.0,2.0,22.0
278.036858382689,1.0,6.0,2.0,22.0
278.03852504935566,1.0,6.0,2.0,22.0
278.33852504935567,1.0,6.0,2.0,22.0
278.34019171602233,1.0,6.0,2.0,22.0
278.64019171602234,1.0,6.0,2.0,22.0
278.641858382689,1.0,6.0,2.0,22.0
278.941858382689,1.0,6.0,2.0,22.0
278.9435250493557,1.0,6.0,2.0,22.0
279.2435250493557,1.0,6.0,2.0,22.0
279.24519171602236,1.0,6.0,2.0,22.0
279.5451917160224,1.0,6.0,2.0,22.0
279.54685838268904,1.0,6.0,2.0,22.0
279.84685838268905,1.0,6.0,2.0,22.0
279.8485250493557,1.0,6.0,2.0,22.0
280.1485250493557,1.0,6.0,2.0,22.0
280.1501917160224,1.0,6.0,2.0,22.0
280.4501917160224,1.0,6.0,2.0,22.0
280.45185838268907,1.0,6.0,2.0,22.0
280.7518583826891,1.0,6.0,2.0,22.0
280.75352504935574,1.0,6.0,2.0,22.0
281.05352504935576,1.0,6.0,2.0,22.0
281.0551917160224,1.0,6.0,2.0,22.0
281.35519171602243,1.0,6.0,2.0,22.0
281.3568583826891,1.0,6.0,2.0,22.0
281.6568583826891,1.0,6.0,2.0,22.0
281.6585250493558,1.0,6.0,2.0,22.0
281.9585250493558,1.0,6.0,2.0,22.0
281.96019171602245,1.0,6.0,2.0,22.0
282.26019171602246,1.0,6.0,2.0,22.0
282.2618583826891,6.0,6.0,2.0,22.0
282.56185838268914,6.0,6.0,2.0,22.0
282.5635250493558,6.0,6.0,2.0,22.0
282.8635250493558,6.0,6.0,2.0,22.0
282.8651917160225,6.0,6.0,2.0,22.0
283.1651917160225,6.0,6.0,2.0,22.0
283.16685838268916,6.0,4.0,2.0,23.0
283.46685838268917,6.0,4.0,2.0,23.0
283.46852504935583,6.0,4.0,2.0,23.0
283.76852504935584,6.0,4.0,2.0,23.0
283.7701917160225,6.0,4.0,2.0,23.0
284.0701917160225,6.0,4.0,2.0,23.0
284.0718583826892,6.0,4.0,2.0,23.0
284.3718583826892,6.0,4.0,2.0,23.0
284.37352504935586,6.0,4.0,2.0,23.0
284.6735250493559,6.0,4.0,2.0,23.0
284.67519171602254,6.0,4.0,2.0,23.0
284.97519171602255,6.0,4.0,2.0,23.0
284.9768583826892,6.0,4.0,2.0,23.0
285.2768583826892,6.0,4.0,2.0,23.0
285.2785250493559,6.0,4.0,2.0,23.0
285.5785250493559,6.0,4.0,2.0,23.0
285.58019171602257,6.0,4.0,2.0,23.0
285.8801917160226,6.0,4.0,2.0,23.0
285.88185838268924,6.0,4.0,2.0,23.0
286.18185838268926,6.0,4.0,2.0,23.0
286.1835250493559,6.0,4.0,2.0,23.0
286.48352504935593,6.0,4.0,2.0,23.0
286.4851917160226,6.0,4.0,2.0,23.0
286.7851917160226,6.0,4.0,2.0,23.0
286.7868583826893,6.0,4.0,2.0,23.0
287.0868583826893,6.0,4.0,2.0,23.0
287.08852504935595,6.0,4.0,2.0,23.0
287.38852504935596,6.0,4.0,2.0,23.0
287.3901917160226,6.0,4.0,2.0,23.0
287.69019171602264,6.0,4.0,2.0,23.0
287.6918583826893,6.0,4.0,2.0,23.0
287.9918583826893,6.0,4.0,2.0,23.0
287.993525049356,6.0,4.0,2.0,23.0
288.293525049356,6.0,4.0,2.0,23.0
288.29519171602266,6.0,4.0,2.0,23.0
288.59519171602267,6.0,4.0,2.0,23.0
288.59685838268933,6.0,4.0,2.0,23.0
288.89685838268935,6.0,4.0,2.0,23.0
288.898525049356,6.0,4.0,2.0,23.0
289.198525049356,6.0,4.0,2.0,23.0
289.2001917160227,6.0,4.0,2.0,23.0
289.5001917160227,6.0,4.0,2.0,23.0
289.50185838268936,6.0,4.0,2.0,23.0
289.8018583826894,6.0,4.0,2.0,23.0
289.80352504935604,6.0,4.0,2.0,23.0
290.10352504935605,6.0,4.0,2.0,23.0
290.1051917160227,4.0,4.0,3.0,23.0
290.4051917160227,4.0,4.0,3.0,23.0
290.40894171602275,4.0,4.0,3.0,23.0
290.70894171602276,4.0,4.0,3.0,23.0
290.7126917160228,4.0,2.0,3.0,24.0
291.0126917160228,4.0,2.0,3.0,24.0
291.0164417160228,4.0,2.0,3.0,24.0
291.31644171602284,4.0,2.0,3.0,24.0
291.32019171602286,4.0,2.0,3.0,24.0
291.6201917160229,4.0,2.0,3.0,24.0
291.6239417160229,4.0,2.0,3.0,24.0
291.9239417160229,4.0,2.0,3.0,24.0
291.92769171602293,4.0,2.0,3.0,24.0
292.22769171602295,4.0,2.0,3.0,24.0
292.23144171602297,4.0,2.0,3.0,24.0
292.531441716023,4.0,2.0,3.0,24.0
292.535191716023,4.0,2.0,3.0,24.0
292.835191716023,4.0,2.0,3.0,24.0
292.83894171602304,4.0,2.0,3.0,24.0
293.13894171602306,4.0,2.0,3.0,24.0
293.1426917160231,4.0,2.0,3.0,24.0
293.4426917160231,4.0,2.0,3.0,24.0
293.4464417160231,4.0,2.0,3.0,24.0
293.7464417160231,4.0,2.0,3.0,24.0
293.75019171602315,4.0,2.0,3.0,24.0
294.05019171602316,4.0,2.0,3.0,24.0
294.0539417160232,4.0,2.0,3.0,24.0
294.3539417160232,4.0,2.0,3.0,24.0
294.3576917160232,4.0,2.0,3.0,24.0
294.65769171602324,4.0,2.0,3.0,24.0
294.66144171602326,4.0,2.0,3.0,24.0
294.9614417160233,4.0,2.0,3.0,24.0
294.9651917160233,4.0,2.0,3.0,24.0
295.2651917160233,4.0,2.0,3.0,24.0
295.26894171602333,4.0,2.0,3.0,24.0
295.56894171602335,4.0,2.0,3.0,24.0
295.57269171602337,4.0,2.0,3.0,24.0
295.8726917160234,4.0,2.0,3.0,24.0
295.8764417160234,4.0,2.0,3.0,24.0
296.1764417160234,4.0,2.0,3.0,24.0
296.18019171602344,4.0,2.0,3.0,24.0
296.48019171602346,4.0,2.0,3.0,24.0
296.4839417160235,4.0,2.0,3.0,24.0
296.7839417160235,4.0,2.0,3.0,24.0
296.7876917160235,4.0,2.0,3.0,24.0
297.0876917160235,4.0,2.0,3.0,24.0
297.09144171602355,4.0,2.0,3.0,24.0
297.39144171602356,4.0,2.0,3.0,24.0
297.3951917160236,4.0,2.0,3.0,24.0
297.6951917160236,4.0,2.0,3.0,24.0
297.6989417160236,4.0,2.0,3.0,24.0
297.99894171602364,4.0,2.0,3.0,24.0
298.00269171602366,4.0,2.0,3.0,24.0
298.3026917160237,4.0,2.0,3.0,24.0
298.3064417160237,4.0,2.0,3.0,24.0
298.6064417160237,4.0,2.0,3.0,24.0
298.61019171602373,4.0,2.0,3.0,24.0
298.91019171602375,4.0,2.0,3.0,24.0
298.91394171602377,4.0,2.0,3.0,24.0
299.2139417160238,4.0,2.0,3.0,24.0
299.2176917160238,4.0,2.0,3.0,24.0
299.5176917160238,4.0,2.0,3.0,24.0
299.52144171602384,4.0,2.0,3.0,24.0
299.82144171602386,4.0,2.0,3.0,24.0
299.8251917160239,4.0,2.0,3.0,24.0
300.1251917160239,4.0,2.0,3.0,24.0
300.1289417160239,4.0,2.0,3.0,24.0
300.4289417160239,4.0,2.0,3.0,24.0
300.43269171602395,4.0,2.0,3.0,24.0
300.73269171602396,4.0,2.0,3.0,24.0
300.736441716024,4.0,2.0,3.0,24.0
301.036441716024,4.0,2.0,3.0,24.0
301.040191716024,4.0,2.0,3.0,24.0
301.34019171602404,4.0,2.0,3.0,24.0
301.34394171602406,4.0,2.0,3.0,24.0
301.6439417160241,4.0,2.0,3.0,24.0
301.6476917160241,4.0,2.0,3.0,24.0
301.9476917160241,4.0,2.0,3.0,24.0
301.95144171602414,4.0,2.0,3.0,24.0
302.25144171602415,4.0,2.0,3.0,24.0
302.25519171602417,4.0,2.0,3.0,24.0
302.5551917160242,4.0,2.0,3.0,24.0
302.5589417160242,4.0,2.0,3.0,24.0
302.8589417160242,4.0,2.0,3.0,24.0
302.86269171602424,4.0,2.0,3.0,24.0
303.16269171602426,4.0,2.0,3.0,24.0
303.1664417160243,4.0,2.0,3.0,24.0
303.4664417160243,4.0,2.0,3.0,24.0
303.4701917160243,4.0,2.0,3.0,24.0
303.7701917160243,4.0,2.0,3.0,24.0
303.77394171602435,4.0,2.0,3.0,24.0
304.07394171602436,4.0,2.0,3.0,24.0
304.0776917160244,4.0,2.0,3.0,24.0
304.3776917160244,4.0,2.0,3.0,24.0
304.3800917160244,4.0,2.0,3.0,24.0
304.68009171602444,4.0,2.0,3.0,24.0
304.68249171602446,4.0,2.0,3.0,24.0
304.98249171602447,4.0,2.0,3.0,24.0
304.9848917160245,4.0,2.0,3.0,24.0
305.2848917160245,4.0,2.0,3.0,24.0
305.2872917160245,4.0,2.0,3.0,24.0
305.58729171602454,4.0,2.0,3.0,24.0
305.58969171602456,4.0,7.0,3.0,24.0
305.8896917160246,4.0,7.0,3.0,24.0
305.8909162058205,4.0,7.0,3.0,24.0
306.1909162058205,4.0,7.0,3.0,24.0
306.1921406956164,4.0,7.0,3.0,24.0
306.4921406956164,4.0,7.0,3.0,24.0
306.4933651854123,4.0,7.0,3.0,24.0
306.7933651854123,4.0,7.0,3.0,24.0
306.7945896752082,4.0,7.0,3.0,24.0
307.0945896752082,4.0,7.0,3.0,24.0
307.09581416500413,4.0,7.0,3.0,24.0
307.39581416500414,4.0,7.0,3.0,24.0
307.39703865480004,4.0,7.0,3.0,24.0
307.69703865480005,4.0,7.0,3.0,24.0
307.69826314459596,4.0,7.0,3.0,24.0
307.99826314459597,4.0,7.0,3.0,24.0
307.99948763439187,4.0,7.0,3.0,24.0
308.2994876343919,4.0,7.0,3.0,24.0
308.3007121241878,4.0,7.0,3.0,24.0
308.6007121241878,4.0,7.0,3.0,24.0
308.6019366139837,4.0,7.0,3.0,24.0
308.9019366139837,4.0,7.0,3.0,24.0
308.9031611037796,4.0,7.0,3.0,24.0
309.2031611037796,4.0,7.0,3.0,24.0
309.2043855935755,4.0,7.0,3.0,24.0
309.50438559357553,4.0,7.0,3.0,24.0
309.50561008337144,4.0,7.0,3.0,24.0
309.80561008337145,4.0,7.0,3.0,24.0
309.80683457316735,4.0,7.0,3.0,24.0
310.10683457316736,4.0,7.0,3.0,24.0
310.10805906296326,4.0,12.0,3.0,24.0
310.4080590629633,4.0,12.0,3.0,24.0
310.40847572962997,4.0,12.0,3.0,24.0
310.70847572963,4.0,12.0,3.0,24.0
310.7088923962967,4.0,12.0,3.0,24.0
311.0088923962967,4.0,12.0,3.0,24.0
311.0093090629634,4.0,12.0,3.0,24.0
311.3093090629634,4.0,12.0,3.0,24.0
311.3097257296301,4.0,12.0,3.0,24.0
311.6097257296301,4.0,12.0,3.0,24.0
311.6101423962968,4.0,12.0,3.0,24.0
311.9101423962968,4.0,12.0,3.0,24.0
311.9105590629635,4.0,12.0,3.0,24.0
312.2105590629635,4.0,12.0,3.0,24.0
312.2109757296302,4.0,12.0,3.0,24.0
312.5109757296302,4.0,12.0,3.0,24.0
312.5113923962969,4.0,12.0,3.0,24.0
312.8113923962969,4.0,12.0,3.0,24.0
312.8118090629636,4.0,12.0,3.0,24.0
313.11180906296363,4.0,12.0,3.0,24.0
313.1122257296303,4.0,12.0,3.0,24.0
313.41222572963034,4.0,12.0,3.0,24.0
313.41264239629703,4.0,12.0,3.0,24.0
313.71264239629704,4.0,12.0,3.0,24.0
313.71305906296374,4.0,12.0,3.0,24.0
314.01305906296375,4.0,12.0,3.0,24.0
314.01347572963044,4.0,12.0,3.0,24.0
314.31347572963045,4.0,12.0,3.0,24.0
314.31389239629715,4.0,12.0,3.0,24.0
314.61389239629716,4.0,12.0,3.0,24.0
314.61430906296386,4.0,12.0,3.0,24.0
314.91430906296387,4.0,12.0,3.0,24.0
314.91472572963056,4.0,12.0,3.0,24.0
315.2147257296306,4.0,12.0,3.0,24.0
315.21514239629727,4.0,12.0,3.0,24.0
315.5151423962973,4.0,12.0,3.0,24.0
315.515559062964,4.0,12.0,3.0,24.0
315.815559062964,4.0,12.0,3.0,24.0
315.8159757296307,4.0,12.0,3.0,24.0
316.1159757296307,4.0,12.0,3.0,24.0
316.1163923962974,4.0,12.0,3.0,24.0
316.4163923962974,4.0,12.0,3.0,24.0
316.4168090629641,4.0,12.0,3.0,24.0
316.7168090629641,4.0,12.0,3.0,24.0
316.7172257296308,4.0,12.0,3.0,24.0
317.0172257296308,4.0,12.0,3.0,24.0
317.0176423962975,4.0,12.0,3.0,24.0
317.3176423962975,4.0,12.0,3.0,24.0
317.3180590629642,4.0,12.0,3.0,24.0
317.6180590629642,4.0,12.0,3.0,24.0
317.6184757296309,4.0,12.0,3.0,24.0
317.9184757296309,4.0,12.0,3.0,24.0
317.9188923962976,4.0,12.0,3.0,24.0
318.21889239629763,4.0,12.0,3.0,24.0
318.2193090629643,4.0,12.0,3.0,24.0
318.51930906296434,4.0,12.0,3.0,24.0
318.51972572963103,4.0,12.0,3.0,24.0
318.81972572963105,4.0,12.0,3.0,24.0
318.82014239629774,4.0,12.0,3.0,24.0
319.12014239629775,4.0,12.0,3.0,24.0
319.12055906296445,4.0,12.0,3.0,24.0
319.42055906296446,4.0,12.0,3.0,24.0
319.42097572963115,4.0,12.0,3.0,24.0
319.72097572963116,4.0,12.0,3.0,24.0
319.72139239629786,4.0,12.0,3.0,24.0
320.02139239629787,4.0,12.0,3.0,24.0
320.02180906296456,4.0,12.0,3.0,24.0
320.3218090629646,4.0,12.0,3.0,24.0
320.32222572963127,4.0,12.0,3.0,24.0
320.6222257296313,4.0,12.0,3.0,24.0
320.622642396298,4.0,12.0,3.0,24.0
320.922642396298,4.0,12.0,3.0,24.0
320.9230590629647,4.0,12.0,3.0,24.0
321.2230590629647,4.0,12.0,3.0,24.0
321.2234757296314,4.0,12.0,3.0,24.0
321.5234757296314,4.0,12.0,3.0,24.0
321.5238923962981,4.0,12.0,3.0,24.0
321.8238923962981,4.0,12.0,3.0,24.0
321.8243090629648,4.0,12.0,3.0,24.0
322.1243090629648,4.0,12.0,3.0,24.0
322.1247257296315,4.0,12.0,3.0,24.0
322.4247257296315,4.0,12.0,3.0,24.0
322.4251423962982,4.0,12.0,3.0,24.0
322.7251423962982,4.0,12.0,3.0,24.0
322.7255590629649,4.0,12.0,3.0,24.0
323.02555906296493,4.0,12.0,3.0,24.0
323.0259757296316,4.0,12.0,3.0,24.0
323.32597572963164,4.0,12.0,3.0,24.0
323.32639239629833,4.0,12.0,3.0,24.0
323.62639239629834,4.0,12.0,3.0,24.0
323.62680906296504,4.0,12.0,3.0,24.0
323.92680906296505,4.0,12.0,3.0,24.0
323.92722572963174,4.0,12.0,3.0,24.0
324.22722572963175,4.0,12.0,3.0,24.0
324.22764239629845,4.0,12.0,3.0,24.0
324.52764239629846,4.0,12.0,3.0,24.0
324.52805906296516,4.0,12.0,3.0,24.0
324.82805906296517,4.0,12.0,3.0,24.0
324.82847572963186,4.0,12.0,3.0,24.0
325.1284757296319,4.0,12.0,3.0,24.0
325.12889239629857,4.0,12.0,3.0,24.0
325.4288923962986,4.0,12.0,3.0,24.0
325.4293090629653,4.0,12.0,3.0,24.0
325.7293090629653,4.0,12.0,3.0,24.0
325.729725729632,4.0,12.0,3.0,24.0
326.029725729632,4.0,12.0,3.0,24.0
326.0301423962987,4.0,12.0,3.0,24.0
326.3301423962987,4.0,12.0,3.0,24.0
326.3305590629654,4.0,12.0,3.0,24.0
326.6305590629654,4.0,12.0,3.0,24.0
326.6309757296321,4.0,12.0,3.0,24.0
326.9309757296321,4.0,12.0,3.0,24.0
326.9313923962988,4.0,10.0,3.0,25.0
327.2313923962988,4.0,10.0,3.0,25.0
327.23199239629884,4.0,10.0,3.0,25.0
327.53199239629885,4.0,10.0,3.0,25.0
327.53259239629887,4.0,15.0,3.0,25.0
327.8325923962989,4.0,15.0,3.0,25.0
327.83285906296555,4.0,15.0,3.0,25.0
328.13285906296557,4.0,15.0,3.0,25.0
328.13312572963224,4.0,15.0,3.0,25.0
328.43312572963225,4.0,15.0,3.0,25.0
328.4333923962989,4.0,15.0,3.0,25.0
328.73339239629894,4.0,15.0,3.0,25.0
328.7336590629656,4.0,15.0,3.0,25.0
329.0336590629656,4.0,15.0,3.0,25.0
329.0339257296323,4.0,15.0,3.0,25.0
329.3339257296323,4.0,15.0,3.0,25.0
329.334192396299,4.0,15.0,3.0,25.0
329.634192396299,4.0,15.0,3.0,25.0
329.6344590629657,4.0,15.0,3.0,25.0
329.9344590629657,4.0,15.0,3.0,25.0
329.93472572963236,4.0,15.0,3.0,25.0
330.2347257296324,4.0,15.0,3.0,25.0
330.23499239629905,4.0,15.0,3.0,25.0
330.53499239629906,4.0,15.0,3.0,25.0
330.53525906296574,4.0,15.0,3.0,25.0
330.83525906296575,4.0,15.0,3.0,25.0
330.8355257296324,4.0,15.0,3.0,25.0
331.13552572963243,4.0,15.0,3.0,25.0
331.1357923962991,4.0,15.0,3.0,25.0
331.4357923962991,4.0,15.0,3.0,25.0
331.4360590629658,4.0,15.0,3.0,25.0
331.7360590629658,4.0,15.0,3.0,25.0
331.7363257296325,4.0,15.0,3.0,25.0
332.0363257296325,4.0,15.0,3.0,25.0
332.03659239629917,4.0,15.0,3.0,25.0
332.3365923962992,4.0,15.0,3.0,25.0
332.33685906296586,4.0,15.0,3.0,25.0
332.63685906296587,4.0,15.0,3.0,25.0
332.63712572963254,4.0,15.0,3.0,25.0
332.93712572963256,4.0,15.0,3.0,25.0
332.93739239629923,4.0,15.0,3.0,25.0
333.23739239629924,4.0,15.0,3.0,25.0
333.2376590629659,4.0,15.0,3.0,25.0
333.53765906296593,4.0,15.0,3.0,25.0
333.5379257296326,4.0,15.0,3.0,25.0
333.8379257296326,4.0,15.0,3.0,25.0
333.8381923962993,4.0,15.0,3.0,25.0
334.1381923962993,4.0,15.0,3.0,25.0
334.138459062966,4.0,15.0,3.0,25.0
334.438459062966,4.0,15.0,3.0,25.0
334.43872572963267,4.0,15.0,3.0,25.0
334.7387257296327,4.0,15.0,3.0,25.0
334.73899239629935,4.0,15.0,3.0,25.0
335.03899239629936,4.0,15.0,3.0,25.0
335.03925906296604,4.0,15.0,3.0,25.0
335.33925906296605,4.0,15.0,3.0,25.0
335.3395257296327,4.0,15.0,3.0,25.0
335.63952572963274,4.0,15.0,3.0,25.0
335.6397923962994,4.0,15.0,3.0,25.0
335.9397923962994,4.0,15.0,3.0,25.0
335.9400590629661,4.0,15.0,3.0,25.0
336.2400590629661,4.0,15.0,3.0,25.0
336.2403257296328,4.0,15.0,3.0,25.0
336.5403257296328,4.0,15.0,3.0,25.0
336.5405923962995,4.0,15.0,3.0,25.0
336.8405923962995,4.0,15.0,3.0,25.0
336.84085906296616,4.0,15.0,3.0,25.0
337.1408590629662,4.0,15.0,3.0,25.0
337.14112572963285,4.0,15.0,3.0,25.0
337.44112572963286,4.0,15.0,3.0,25.0
337.44139239629953,4.0,15.0,3.0,25.0
337.74139239629955,4.0,15.0,3.0,25.0
337.7416590629662,4.0,15.0,3.0,25.0
338.04165906296623,4.0,15.0,3.0,25.0
338.0419257296329,4.0,15.0,3.0,25.0
338.3419257296329,4.0,15.0,3.0,25.0
338.3421923962996,4.0,15.0,3.0,25.0
338.6421923962996,4.0,15.0,3.0,25.0
338.6424590629663,4.0,15.0,3.0,25.0
338.9424590629663,4.0,15.0,3.0,25.0
338.94272572963297,4.0,15.0,3.0,25.0
339.242725729633,4.0,15.0,3.0,25.0
339.24299239629966,4.0,15.0,3.0,25.0
339.54299239629967,4.0,15.0,3.0,25.0
339.54325906296634,4.0,15.0,3.0,25.0
339.84325906296635,4.0,15.0,3.0,25.0
339.84352572963303,4.0,15.0,3.0,25.0
340.14352572963304,4.0,15.0,3.0,25.0
340.1437923962997,4.0,15.0,3.0,25.0
340.4437923962997,4.0,15.0,3.0,25.0
340.4440590629664,4.0,15.0,3.0,25.0
340.7440590629664,4.0,15.0,3.0,25.0
340.7443257296331,4.0,15.0,3.0,25.0
341.0443257296331,4.0,15.0,3.0,25.0
341.0445923962998,4.0,15.0,3.0,25.0
341.3445923962998,4.0,15.0,3.0,25.0
341.34485906296646,4.0,15.0,3.0,25.0
341.6448590629665,4.0,15.0,3.0,25.0
341.64512572963315,4.0,15.0,3.0,25.0
341.94512572963316,4.0,15.0,3.0,25.0
341.94539239629984,4.0,15.0,3.0,25.0
342.24539239629985,4.0,15.0,3.0,25.0
342.2456590629665,4.0,15.0,3.0,25.0
342.54565906296654,4.0,15.0,3.0,25.0
342.5459257296332,4.0,15.0,3.0,25.0
342.8459257296332,4.0,15.0,3.0,25.0
342.8461923962999,4.0,15.0,3.0,25.0
343.1461923962999,4.0,15.0,3.0,25.0
343.1464590629666,4.0,15.0,3.0,25.0
343.4464590629666,4.0,15.0,3.0,25.0
343.4467257296333,4.0,15.0,3.0,25.0
343.7467257296333,4.0,15.0,3.0,25.0
343.74699239629996,4.0,15.0,3.0,25.0
344.04699239629997,4.0,15.0,3.0,25.0
344.04725906296665,4.0,15.0,3.0,25.0
344.34725906296666,4.0,15.0,3.0,25.0
344.34752572963333,4.0,15.0,3.0,25.0
344.64752572963334,4.0,15.0,3.0,25.0
344.6477923963,4.0,15.0,3.0,25.0
344.94779239630003,4.0,15.0,3.0,25.0
344.9480590629667,4.0,15.0,3.0,25.0
345.2480590629667,4.0,15.0,3.0,25.0
345.2483257296334,4.0,15.0,3.0,25.0
345.5483257296334,4.0,15.0,3.0,25.0
345.5485923963001,4.0,15.0,3.0,25.0
345.8485923963001,4.0,15.0,3.0,25.0
345.84885906296677,4.0,15.0,3.0,25.0
346.1488590629668,4.0,15.0,3.0,25.0
346.14912572963345,4.0,15.0,3.0,25.0
346.44912572963347,4.0,15.0,3.0,25.0
346.44939239630014,4.0,15.0,3.0,25.0
346.74939239630015,4.0,15.0,3.0,25.0
346.7496590629668,4.0,15.0,3.0,25.0
347.04965906296684,4.0,15.0,3.0,25.0
347.0499257296335,4.0,15.0,3.0,25.0
347.3499257296335,4.0,15.0,3.0,25.0
347.3501923963002,4.0,15.0,3.0,25.0
347.6501923963002,4.0,15.0,3.0,25.0
347.6504590629669,4.0,15.0,3.0,25.0
347.9504590629669,4.0,15.0,3.0,25.0
347.9507257296336,4.0,15.0,3.0,25.0
348.2507257296336,4.0,15.0,3.0,25.0
348.25099239630026,4.0,15.0,3.0,25.0
348.5509923963003,4.0,15.0,3.0,25.0
348.55125906296695,4.0,15.0,3.0,25.0
348.85125906296696,4.0,15.0,3.0,25.0
348.85152572963364,4.0,15.0,3.0,25.0
349.15152572963365,4.0,15.0,3.0,25.0
349.1517923963003,4.0,15.0,3.0,25.0
349.45179239630033,4.0,15.0,3.0,25.0
349.452059062967,4.0,15.0,3.0,25.0
349.752059062967,4.0,15.0,3.0,25.0
349.7523257296337,4.0,15.0,3.0,25.0
350.0523257296337,4.0,15.0,3.0,25.0
350.0525923963004,4.0,15.0,3.0,25.0
350.3525923963004,4.0,15.0,3.0,25.0
350.35285906296707,4.0,15.0,3.0,25.0
350.6528590629671,4.0,15.0,3.0,25.0
350.65312572963376,4.0,15.0,3.0,25.0
350.95312572963377,4.0,15.0,3.0,25.0
350.95339239630044,4.0,15.0,3.0,25.0
351.25339239630046,4.0,15.0,3.0,25.0
351.25365906296713,4.0,15.0,3.0,25.0
351.55365906296714,4.0,15.0,3.0,25.0
351.5539257296338,4.0,15.0,3.0,25.0
351.85392572963383,4.0,15.0,3.0,25.0
351.8541923963005,4.0,15.0,3.0,25.0
352.1541923963005,4.0,15.0,3.0,25.0
352.1544590629672,4.0,15.0,3.0,25.0
352.4544590629672,4.0,15.0,3.0,25.0
352.4547257296339,4.0,15.0,3.0,25.0
352.7547257296339,4.0,15.0,3.0,25.0
352.75499239630057,4.0,15.0,3.0,25.0
353.0549923963006,4.0,15.0,3.0,25.0
353.05525906296725,4.0,15.0,3.0,25.0
353.35525906296726,4.0,15.0,3.0,25.0
353.35552572963394,4.0,15.0,3.0,25.0
353.65552572963395,4.0,15.0,3.0,25.0
353.6557923963006,4.0,15.0,3.0,25.0
353.95579239630064,4.0,15.0,3.0,25.0
353.9560590629673,4.0,15.0,3.0,25.0
354.2560590629673,4.0,15.0,3.0,25.0
354.256325729634,4.0,15.0,3.0,25.0
354.556325729634,4.0,15.0,3.0,25.0
354.5565923963007,4.0,15.0,3.0,25.0
354.8565923963007,4.0,15.0,3.0,25.0
354.8568590629674,4.0,15.0,3.0,25.0
355.1568590629674,4.0,15.0,3.0,25.0
355.15712572963406,4.0,15.0,3.0,25.0
355.4571257296341,4.0,15.0,3.0,25.0
355.45739239630075,4.0,15.0,3.0,25.0
355.75739239630076,4.0,15.0,3.0,25.0
355.75765906296743,4.0,15.0,3.0,25.0
356.05765906296745,4.0,15.0,3.0,25.0
356.0579257296341,4.0,15.0,3.0,25.0
356.35792572963413,4.0,15.0,3.0,25.0
356.3581923963008,4.0,13.0,3.0,26.0
356.6581923963008,4.0,13.0,3.0,26.0
356.65854742588664,4.0,13.0,3.0,26.0
356.95854742588665,4.0,13.0,3.0,26.0
356.95890245547247,4.0,11.0,3.0,27.0
357.2589024554725,4.0,11.0,3.0,27.0
357.2593983232411,4.0,11.0,3.0,27.0
357.5593983232411,4.0,11.0,3.0,27.0
357.55989419100973,4.0,11.0,3.0,27.0
357.85989419100974,4.0,11.0,3.0,27.0
357.86039005877836,4.0,11.0,3.0,27.0
358.1603900587784,4.0,11.0,3.0,27.0
358.160885926547,4.0,11.0,3.0,27.0
358.460885926547,4.0,11.0,3.0,27.0
358.4613817943156,4.0,11.0,3.0,27.0
358.76138179431564,4.0,11.0,3.0,27.0
358.76187766208426,4.0,11.0,3.0,27.0
359.06187766208427,4.0,11.0,3.0,27.0
359.0623735298529,4.0,11.0,3.0,27.0
359.3623735298529,4.0,11.0,3.0,27.0
359.3628693976215,4.0,11.0,3.0,27.0
359.66286939762153,4.0,11.0,3.0,27.0
359.66336526539015,4.0,11.0,3.0,27.0
359.96336526539017,4.0,11.0,3.0,27.0
359.9638611331588,4.0,11.0,3.0,27.0
360.2638611331588,4.0,11.0,3.0,27.0
360.2643570009274,4.0,11.0,3.0,27.0
360.56435700092743,4.0,11.0,3.0,27.0
360.56485286869605,4.0,11.0,3.0,27.0
360.86485286869606,4.0,11.0,3.0,27.0
360.8653487364647,4.0,9.0,3.0,28.0
361.1653487364647,4.0,9.0,3.0,28.0
361.16608947720545,4.0,9.0,3.0,28.0
361.46608947720546,4.0,9.0,3.0,28.0
361.4668302179462,4.0,9.0,3.0,28.0
361.7668302179462,4.0,9.0,3.0,28.0
361.767570958687,4.0,9.0,3.0,28.0
362.067570958687,4.0,9.0,3.0,28.0
362.06831169942774,4.0,9.0,3.0,28.0
362.36831169942775,4.0,9.0,3.0,28.0
362.3690524401685,4.0,9.0,3.0,28.0
362.6690524401685,4.0,9.0,3.0,28.0
362.66979318090927,4.0,9.0,3.0,28.0
362.9697931809093,4.0,9.0,3.0,28.0
362.97053392165003,4.0,9.0,3.0,28.0
363.27053392165004,4.0,9.0,3.0,28.0
363.2712746623908,4.0,9.0,3.0,28.0
363.5712746623908,4.0,9.0,3.0,28.0
363.57201540313156,4.0,9.0,3.0,28.0
363.87201540313157,4.0,9.0,3.0,28.0
363.8727561438723,4.0,9.0,3.0,28.0
364.17275614387233,4.0,9.0,3.0,28.0
364.1734968846131,4.0,9.0,3.0,28.0
364.4734968846131,4.0,9.0,3.0,28.0
364.47423762535385,4.0,9.0,3.0,28.0
364.77423762535386,4.0,9.0,3.0,28.0
364.7749783660946,4.0,9.0,3.0,28.0
365.0749783660946,4.0,9.0,3.0,28.0
365.0757191068354,4.0,9.0,3.0,28.0
365.3757191068354,4.0,9.0,3.0,28.0
365.37645984757614,4.0,9.0,3.0,28.0
365.67645984757615,4.0,9.0,3.0,28.0
365.6772005883169,4.0,9.0,3.0,28.0
365.9772005883169,4.0,9.0,3.0,28.0
365.97794132905767,4.0,9.0,3.0,28.0
366.2779413290577,4.0,9.0,3.0,28.0
366.27868206979844,4.0,9.0,3.0,28.0
366.57868206979845,4.0,9.0,3.0,28.0
366.5794228105392,4.0,9.0,3.0,28.0
366.8794228105392,4.0,9.0,3.0,28.0
366.88016355127996,4.0,9.0,3.0,28.0
367.18016355128,4.0,9.0,3.0,28.0
367.1809042920207,4.0,9.0,3.0,28.0
367.48090429202074,4.0,9.0,3.0,28.0
367.4816450327615,4.0,9.0,3.0,28.0
367.7816450327615,4.0,9.0,3.0,28.0
367.78238577350226,4.0,9.0,3.0,28.0
368.08238577350227,4.0,9.0,3.0,28.0
368.083126514243,4.0,9.0,3.0,28.0
368.38312651424303,4.0,9.0,3.0,28.0
368.3838672549838,4.0,9.0,3.0,28.0
368.6838672549838,4.0,9.0,3.0,28.0
368.68460799572455,4.0,9.0,3.0,28.0
368.98460799572456,4.0,9.0,3.0,28.0
368.9853487364653,4.0,9.0,3.0,28.0
369.2853487364653,4.0,9.0,3.0,28.0
369.2860894772061,4.0,7.0,3.0,29.0
369.5860894772061,4.0,7.0,3.0,29.0
369.587313967002,4.0,7.0,3.0,29.0
369.887313967002,4.0,7.0,3.0,29.0
369.8885384567979,4.0,7.0,3.0,29.0
370.1885384567979,4.0,7.0,3.0,29.0
370.1897629465938,4.0,7.0,3.0,29.0
370.4897629465938,4.0,7.0,3.0,29.0
370.49098743638973,4.0,5.0,3.0,30.0
370.79098743638974,4.0,5.0,3.0,30.0
370.792701722104,4.0,5.0,3.0,30.0
371.09270172210404,4.0,5.0,3.0,30.0
371.0944160078183,4.0,5.0,3.0,30.0
371.39441600781834,4.0,5.0,3.0,30.0
371.3961302935326,4.0,5.0,3.0,30.0
371.69613029353263,4.0,5.0,3.0,30.0
371.6978445792469,4.0,5.0,3.0,30.0
371.99784457924693,4.0,5.0,3.0,30.0
371.9995588649612,4.0,5.0,3.0,30.0
372.2995588649612,4.0,5.0,3.0,30.0
372.3012731506755,4.0,5.0,3.0,30.0
372.6012731506755,4.0,5.0,3.0,30.0
372.6029874363898,4.0,3.0,3.0,31.0
372.9029874363898,4.0,3.0,3.0,31.0
372.9047017221041,4.0,3.0,3.0,31.0
373.2047017221041,4.0,3.0,3.0,31.0
373.2064160078184,4.0,3.0,3.0,31.0
373.5064160078184,4.0,3.0,3.0,31.0
373.5081302935327,4.0,3.0,3.0,31.0
373.8081302935327,4.0,3.0,3.0,31.0
373.809844579247,4.0,3.0,3.0,31.0
374.109844579247,4.0,3.0,3.0,31.0
374.1115588649613,4.0,3.0,3.0,31.0
374.4115588649613,4.0,3.0,3.0,31.0
374.4132731506756,4.0,3.0,3.0,31.0
374.7132731506756,4.0,3.0,3.0,31.0
374.7149874363899,4.0,3.0,3.0,31.0
375.0149874363899,4.0,3.0,3.0,31.0
375.0167017221042,4.0,3.0,3.0,31.0
375.3167017221042,4.0,3.0,3.0,31.0
375.3184160078185,4.0,3.0,3.0,31.0
375.6184160078185,4.0,3.0,3.0,31.0
375.6201302935328,4.0,3.0,3.0,31.0
375.9201302935328,4.0,3.0,3.0,31.0
375.9218445792471,4.0,3.0,3.0,31.0
376.2218445792471,4.0,3.0,3.0,31.0
376.2235588649614,4.0,3.0,3.0,31.0
376.5235588649614,4.0,3.0,3.0,31.0
376.5252731506757,4.0,3.0,3.0,31.0
376.8252731506757,4.0,3.0,3.0,31.0
376.82698743638997,4.0,3.0,3.0,31.0
377.12698743639,4.0,3.0,3.0,31.0
377.12870172210427,4.0,3.0,3.0,31.0
377.4287017221043,4.0,3.0,3.0,31.0
377.43041600781856,4.0,3.0,3.0,31.0
377.7304160078186,4.0,3.0,3.0,31.0
377.73213029353286,4.0,3.0,3.0,31.0
378.0321302935329,4.0,3.0,3.0,31.0
378.03384457924716,4.0,3.0,3.0,31.0
378.33384457924717,4.0,3.0,3.0,31.0
378.33555886496146,4.0,1.0,3.0,32.0
378.63555886496147,4.0,1.0,3.0,32.0
378.63727315067575,4.0,1.0,3.0,32.0
378.93727315067576,4.0,1.0,3.0,32.0
378.93898743639005,4.0,1.0,3.0,32.0
379.23898743639006,4.0,1.0,3.0,32.0
379.24070172210435,4.0,1.0,3.0,32.0
379.54070172210436,4.0,1.0,3.0,32.0
379.54241600781864,4.0,1.0,3.0,32.0
379.84241600781866,4.0,1.0,3.0,32.0
379.84413029353294,4.0,1.0,3.0,32.0
380.14413029353295,4.0,1.0,3.0,32.0
380.14584457924724,4.0,1.0,3.0,32.0
380.44584457924725,4.0,1.0,3.0,32.0
380.44755886496154,4.0,1.0,3.0,32.0
380.74755886496155,4.0,1.0,3.0,32.0
380.74927315067583,4.0,1.0,3.0,32.0
381.04927315067584,4.0,1.0,3.0,32.0
381.05098743639013,4.0,1.0,3.0,32.0
381.35098743639014,4.0,1.0,3.0,32.0
381.3527017221044,4.0,1.0,3.0,32.0
381.65270172210444,4.0,1.0,3.0,32.0
381.6544160078187,4.0,1.0,3.0,32.0
381.95441600781874,4.0,1.0,3.0,32.0
381.956130293533,4.0,1.0,3.0,32.0
382.25613029353303,4.0,1.0,3.0,32.0
382.2578445792473,4.0,6.0,3.0,32.0
382.55784457924733,4.0,6.0,3.0,32.0
382.559511245914,4.0,6.0,3.0,32.0
382.859511245914,4.0,6.0,3.0,32.0
382.8611779125807,4.0,6.0,3.0,32.0
383.1611779125807,4.0,6.0,3.0,32.0
383.16284457924735,4.0,6.0,3.0,32.0
383.46284457924736,4.0,6.0,3.0,32.0
383.464511245914,4.0,6.0,3.0,32.0
383.76451124591404,4.0,6.0,3.0,32.0
383.7661779125807,4.0,6.0,3.0,32.0
384.0661779125807,4.0,6.0,3.0,32.0
384.0678445792474,4.0,6.0,3.0,32.0
384.3678445792474,4.0,6.0,3.0,32.0
384.36951124591405,4.0,6.0,3.0,32.0
384.66951124591407,4.0,6.0,3.0,32.0
384.67117791258073,4.0,6.0,3.0,32.0
384.97117791258074,4.0,6.0,3.0,32.0
384.9728445792474,4.0,6.0,3.0,32.0
385.2728445792474,4.0,6.0,3.0,32.0
385.2745112459141,4.0,6.0,3.0,32.0
385.5745112459141,4.0,6.0,3.0,32.0
385.57617791258076,4.0,6.0,3.0,32.0
385.8761779125808,4.0,6.0,3.0,32.0
385.87784457924744,4.0,6.0,3.0,32.0
386.17784457924745,4.0,6.0,3.0,32.0
386.1795112459141,4.0,6.0,3.0,32.0
386.4795112459141,4.0,6.0,3.0,32.0
386.4811779125808,4.0,11.0,3.0,32.0
386.7811779125808,4.0,11.0,3.0,32.0
386.7816737803494,4.0,11.0,3.0,32.0
387.08167378034943,4.0,11.0,3.0,32.0
387.08216964811805,4.0,11.0,3.0,32.0
387.38216964811807,4.0,11.0,3.0,32.0
387.3826655158867,4.0,11.0,3.0,32.0
387.6826655158867,4.0,11.0,3.0,32.0
387.6831613836553,4.0,11.0,3.0,32.0
387.98316138365533,4.0,11.0,3.0,32.0
387.98365725142395,4.0,11.0,3.0,32.0
388.28365725142396,4.0,11.0,3.0,32.0
388.2841531191926,4.0,11.0,3.0,32.0
388.5841531191926,4.0,11.0,3.0,32.0
388.5846489869612,4.0,11.0,3.0,32.0
388.8846489869612,4.0,11.0,3.0,32.0
388.88514485472984,4.0,11.0,3.0,32.0
389.18514485472986,4.0,11.0,3.0,32.0
389.1856407224985,4.0,11.0,3.0,32.0
389.4856407224985,4.0,11.0,3.0,32.0
389.4861365902671,4.0,11.0,3.0,32.0
389.7861365902671,4.0,11.0,3.0,32.0
389.78663245803574,4.0,11.0,3.0,32.0
390.08663245803575,4.0,11.0,3.0,32.0
390.0871283258044,4.0,11.0,3.0,32.0
390.3871283258044,4.0,11.0,3.0,32.0
390.387624193573,4.0,11.0,3.0,32.0
390.687624193573,4.0,11.0,3.0,32.0
390.68812006134164,4.0,11.0,3.0,32.0
390.98812006134165,4.0,11.0,3.0,32.0
390.98861592911027,4.0,11.0,3.0,32.0
391.2886159291103,4.0,11.0,3.0,32.0
391.2891117968789,4.0,11.0,3.0,32.0
391.5891117968789,4.0,11.0,3.0,32.0
391.58960766464753,4.0,11.0,3.0,32.0
391.88960766464754,4.0,11.0,3.0,32.0
391.89010353241616,4.0,11.0,3.0,32.0
392.1901035324162,4.0,11.0,3.0,32.0
392.1905994001848,4.0,11.0,3.0,32.0
392.4905994001848,4.0,11.0,3.0,32.0
392.4910952679534,4.0,11.0,3.0,32.0
392.79109526795344,4.0,11.0,3.0,32.0
392.79159113572206,4.0,11.0,3.0,32.0
393.09159113572207,4.0,11.0,3.0,32.0
393.0920870034907,4.0,11.0,3.0,32.0
393.3920870034907,4.0,11.0,3.0,32.0
393.3925828712593,4.0,11.0,3.0,32.0
393.69258287125933,4.0,11.0,3.0,32.0
393.69307873902795,4.0,11.0,3.0,32.0
393.99307873902796,4.0,11.0,3.0,32.0
393.9935746067966,4.0,11.0,3.0,32.0
394.2935746067966,4.0,11.0,3.0,32.0
394.2940704745652,4.0,11.0,3.0,32.0
394.5940704745652,4.0,11.0,3.0,32.0
394.59456634233385,4.0,11.0,3.0,32.0
394.89456634233386,4.0,11.0,3.0,32.0
394.8950622101025,4.0,11.0,3.0,32.0
395.1950622101025,4.0,11.0,3.0,32.0
395.1955580778711,4.0,11.0,3.0,32.0
395.4955580778711,4.0,11.0,3.0,32.0
395.49605394563974,4.0,11.0,3.0,32.0
395.79605394563976,4.0,11.0,3.0,32.0
395.7965498134084,4.0,11.0,3.0,32.0
396.0965498134084,4.0,11.0,3.0,32.0
396.097045681177,4.0,11.0,3.0,32.0
396.397045681177,4.0,11.0,3.0,32.0
396.39754154894564,4.0,11.0,3.0,32.0
396.69754154894565,4.0,11.0,3.0,32.0
396.69803741671427,4.0,11.0,3.0,32.0
396.9980374167143,4.0,11.0,3.0,32.0
396.9985332844829,4.0,11.0,3.0,32.0
397.2985332844829,4.0,11.0,3.0,32.0
397.29902915225153,4.0,11.0,3.0,32.0
397.59902915225155,4.0,11.0,3.0,32.0
397.59952502002017,4.0,11.0,3.0,32.0
397.8995250200202,4.0,11.0,3.0,32.0
397.9000208877888,4.0,11.0,3.0,32.0
398.2000208877888,4.0,11.0,3.0,32.0
398.20051675555743,4.0,11.0,3.0,32.0
398.50051675555744,4.0,11.0,3.0,32.0
398.50101262332606,4.0,11.0,3.0,32.0
398.8010126233261,4.0,11.0,3.0,32.0
398.8015084910947,4.0,11.0,3.0,32.0
399.1015084910947,4.0,11.0,3.0,32.0
399.1020043588633,4.0,11.0,3.0,32.0
399.40200435886334,4.0,11.0,3.0,32.0
399.40250022663196,4.0,11.0,3.0,32.0
399.70250022663197,4.0,11.0,3.0,32.0
399.7029960944006,4.0,11.0,3.0,32.0
400.0029960944006,4.0,11.0,3.0,32.0
400.0034919621692,4.0,11.0,3.0,32.0
400.30349196216923,4.0,11.0,3.0,32.0
400.30398782993785,4.0,11.0,3.0,32.0
400.60398782993786,4.0,11.0,3.0,32.0
400.6044836977065,4.0,11.0,3.0,32.0
400.9044836977065,4.0,11.0,3.0,32.0
400.9049795654751,4.0,11.0,3.0,32.0
401.2049795654751,4.0,11.0,3.0,32.0
401.20547543324375,4.0,11.0,3.0,32.0
401.50547543324376,4.0,11.0,3.0,32.0
401.5059713010124,4.0,11.0,3.0,32.0
401.8059713010124,4.0,11.0,3.0,32.0
401.806467168781,4.0,11.0,3.0,32.0
402.106467168781,4.0,11.0,3.0,32.0
402.10696303654964,4.0,11.0,3.0,32.0
402.40696303654966,4.0,11.0,3.0,32.0
402.4074589043183,4.0,11.0,3.0,32.0
402.7074589043183,4.0,11.0,3.0,32.0
402.7079547720869,4.0,11.0,3.0,32.0
403.0079547720869,4.0,11.0,3.0,32.0
403.00845063985554,4.0,11.0,3.0,32.0
403.30845063985555,4.0,11.0,3.0,32.0
403.30894650762417,4.0,11.0,3.0,32.0
403.6089465076242,4.0,11.0,3.0,32.0
403.6094423753928,4.0,11.0,3.0,32.0
403.9094423753928,4.0,11.0,3.0,32.0
403.90993824316143,4.0,11.0,3.0,32.0
404.20993824316145,4.0,11.0,3.0,32.0
404.21043411093007,4.0,11.0,3.0,32.0
404.5104341109301,4.0,11.0,3.0,32.0
404.5109299786987,4.0,11.0,3.0,32.0
404.8109299786987,4.0,11.0,3.0,32.0
404.81142584646733,4.0,11.0,3.0,32.0
405.11142584646734,4.0,11.0,3.0,32.0
405.11192171423596,4.0,11.0,3.0,32.0
405.411921714236,4.0,11.0,3.0,32.0
405.4124175820046,4.0,11.0,3.0,32.0
405.7124175820046,4.0,11.0,3.0,32.0
405.7129134497732,4.0,11.0,3.0,32.0
406.01291344977324,4.0,11.0,3.0,32.0
406.01340931754186,4.0,11.0,3.0,32.0
406.31340931754187,4.0,11.0,3.0,32.0
406.3139051853105,4.0,11.0,3.0,32.0
406.6139051853105,4.0,11.0,3.0,32.0
406.6144010530791,4.0,11.0,3.0,32.0
406.91440105307913,4.0,11.0,3.0,32.0
406.91489692084775,4.0,11.0,3.0,32.0
407.21489692084776,4.0,11.0,3.0,32.0
407.2153927886164,4.0,11.0,3.0,32.0
407.5153927886164,4.0,11.0,3.0,32.0
407.515888656385,4.0,11.0,3.0,32.0
407.815888656385,4.0,11.0,3.0,32.0
407.81638452415365,4.0,11.0,3.0,32.0
408.11638452415366,4.0,11.0,3.0,32.0
408.1168803919223,4.0,11.0,3.0,32.0
408.4168803919223,4.0,11.0,3.0,32.0
408.4173762596909,4.0,11.0,3.0,32.0
408.7173762596909,4.0,11.0,3.0,32.0
408.71787212745954,4.0,11.0,3.0,32.0
409.01787212745955,4.0,11.0,3.0,32.0
409.0183679952282,4.0,11.0,3.0,32.0
409.3183679952282,4.0,11.0,3.0,32.0
409.3188638629968,4.0,11.0,3.0,32.0
409.6188638629968,4.0,11.0,3.0,32.0
409.61935973076544,4.0,11.0,3.0,32.0
409.91935973076545,4.0,11.0,3.0,32.0
409.91985559853407,4.0,11.0,3.0,32.0
410.2198555985341,4.0,11.0,3.0,32.0
410.2203514663027,4.0,11.0,3.0,32.0
410.5203514663027,4.0,11.0,3.0,32.0
410.52084733407133,4.0,11.0,3.0,32.0
410.82084733407135,4.0,11.0,3.0,32.0
410.82134320183997,4.0,11.0,3.0,32.0
411.12134320184,4.0,11.0,3.0,32.0
411.1218390696086,4.0,11.0,3.0,32.0
411.4218390696086,4.0,11.0,3.0,32.0
411.42233493737723,4.0,11.0,3.0,32.0
411.72233493737724,4.0,11.0,3.0,32.0
411.72283080514586,4.0,11.0,3.0,32.0
412.0228308051459,4.0,11.0,3.0,32.0
412.0233266729145,4.0,11.0,3.0,32.0
412.3233266729145,4.0,11.0,3.0,32.0
412.3238225406831,4.0,11.0,3.0,32.0
412.62382254068314,4.0,11.0,3.0,32.0
412.62431840845176,4.0,11.0,3.0,32.0
412.92431840845177,4.0,11.0,3.0,32.0
412.9248142762204,4.0,11.0,3.0,32.0
413.2248142762204,4.0,11.0,3.0,32.0
413.225310143989,4.0,11.0,3.0,32.0
413.52531014398903,4.0,11.0,3.0,32.0
413.52580601175765,4.0,11.0,3.0,32.0
413.82580601175766,4.0,11.0,3.0,32.0
413.8263018795263,4.0,11.0,3.0,32.0
414.1263018795263,4.0,11.0,3.0,32.0
414.1267977472949,4.0,11.0,3.0,32.0
414.4267977472949,4.0,11.0,3.0,32.0
414.42729361506355,4.0,11.0,3.0,32.0
414.72729361506356,4.0,11.0,3.0,32.0
414.7277894828322,4.0,11.0,3.0,32.0
415.0277894828322,4.0,11.0,3.0,32.0
415.0282853506008,4.0,11.0,3.0,32.0
415.3282853506008,4.0,11.0,3.0,32.0
415.32878121836944,4.0,11.0,3.0,32.0
415.62878121836945,4.0,11.0,3.0,32.0
415.6292770861381,4.0,11.0,3.0,32.0
415.9292770861381,4.0,11.0,3.0,32.0
415.9297729539067,4.0,11.0,3.0,32.0
416.2297729539067,4.0,11.0,3.0,32.0
416.23026882167534,4.0,11.0,3.0,32.0
416.53026882167535,4.0,11.0,3.0,32.0
416.53076468944397,4.0,11.0,3.0,32.0
416.830764689444,4.0,11.0,3.0,32.0
416.8312605572126,4.0,11.0,3.0,32.0
417.1312605572126,4.0,11.0,3.0,32.0
417.13175642498123,4.0,11.0,3.0,32.0
417.43175642498124,4.0,11.0,3.0,32.0
417.43225229274987,4.0,11.0,3.0,32.0
417.7322522927499,4.0,11.0,3.0,32.0
417.7327481605185,4.0,11.0,3.0,32.0
418.0327481605185,4.0,11.0,3.0,32.0
418.03324402828713,4.0,11.0,3.0,32.0
418.33324402828714,4.0,11.0,3.0,32.0
418.33373989605576,4.0,11.0,3.0,32.0
418.6337398960558,4.0,11.0,3.0,32.0
418.6342357638244,4.0,11.0,3.0,32.0
418.9342357638244,4.0,11.0,3.0,32.0
418.934731631593,4.0,11.0,3.0,32.0
419.23473163159304,4.0,11.0,3.0,32.0
419.23522749936166,4.0,11.0,3.0,32.0
419.53522749936167,4.0,11.0,3.0,32.0
419.5357233671303,4.0,9.0,3.0,33.0
419.8357233671303,4.0,9.0,3.0,33.0
419.83646410787105,4.0,9.0,3.0,33.0
420.13646410787106,4.0,9.0,3.0,33.0
420.1372048486118,4.0,9.0,3.0,33.0
420.4372048486118,4.0,9.0,3.0,33.0
420.4379455893526,4.0,9.0,3.0,33.0
420.7379455893526,4.0,9.0,3.0,33.0
420.73868633009334,4.0,9.0,3.0,33.0
421.03868633009336,4.0,9.0,3.0,33.0
421.0394270708341,4.0,9.0,3.0,33.0
421.3394270708341,4.0,9.0,3.0,33.0
421.3401678115749,4.0,9.0,3.0,33.0
421.6401678115749,4.0,9.0,3.0,33.0
421.64090855231564,4.0,9.0,3.0,33.0
421.94090855231565,4.0,9.0,3.0,33.0
421.9416492930564,4.0,9.0,3.0,33.0
422.2416492930564,4.0,9.0,3.0,33.0
422.24239003379716,4.0,9.0,3.0,33.0
422.5423900337972,4.0,9.0,3.0,33.0
422.54313077453793,4.0,9.0,3.0,33.0
422.84313077453794,4.0,9.0,3.0,33.0
422.8438715152787,4.0,9.0,3.0,33.0
423.1438715152787,4.0,9.0,3.0,33.0
423.14461225601946,4.0,9.0,3.0,33.0
423.44461225601947,4.0,9.0,3.0,33.0
423.4453529967602,4.0,9.0,3.0,33.0
423.74535299676023,4.0,9.0,3.0,33.0
423.746093737501,4.0,9.0,3.0,33.0
424.046093737501,4.0,9.0,3.0,33.0
424.04683447824175,4.0,9.0,3.0,33.0
424.34683447824176,4.0,9.0,3.0,33.0
424.3475752189825,4.0,9.0,3.0,33.0
424.6475752189825,4.0,9.0,3.0,33.0
424.6483159597233,4.0,9.0,3.0,33.0
424.9483159597233,4.0,9.0,3.0,33.0
424.94905670046404,4.0,9.0,3.0,33.0
425.24905670046405,4.0,9.0,3.0,33.0
425.2497974412048,4.0,9.0,3.0,33.0
425.5497974412048,4.0,9.0,3.0,33.0
425.55053818194557,4.0,9.0,3.0,33.0
425.8505381819456,4.0,9.0,3.0,33.0
425.85127892268633,4.0,9.0,3.0,33.0
426.15127892268634,4.0,9.0,3.0,33.0
426.1520196634271,4.0,9.0,3.0,33.0
426.4520196634271,4.0,9.0,3.0,33.0
426.45276040416786,4.0,9.0,3.0,33.0
426.7527604041679,4.0,9.0,3.0,33.0
426.7535011449086,4.0,9.0,3.0,33.0
427.05350114490864,4.0,9.0,3.0,33.0
427.0542418856494,4.0,9.0,3.0,33.0
427.3542418856494,4.0,9.0,3.0,33.0
427.35498262639015,4.0,9.0,3.0,33.0
427.65498262639017,4.0,9.0,3.0,33.0
427.6557233671309,4.0,9.0,3.0,33.0
427.95572336713093,4.0,9.0,3.0,33.0
427.9564641078717,4.0,9.0,3.0,33.0
428.2564641078717,4.0,9.0,3.0,33.0
428.25720484861245,4.0,9.0,3.0,33.0
428.55720484861246,4.0,9.0,3.0,33.0
428.5579455893532,4.0,9.0,3.0,33.0
428.8579455893532,4.0,9.0,3.0,33.0
428.858686330094,4.0,9.0,3.0,33.0
429.158686330094,4.0,9.0,3.0,33.0
429.15942707083474,4.0,9.0,3.0,33.0
429.45942707083475,4.0,9.0,3.0,33.0
429.4601678115755,4.0,9.0,3.0,33.0
429.7601678115755,4.0,9.0,3.0,33.0
429.76090855231627,4.0,9.0,3.0,33.0
430.0609085523163,4.0,9.0,3.0,33.0
430.06164929305703,4.0,9.0,3.0,33.0
430.36164929305704,4.0,9.0,3.0,33.0
430.3623900337978,4.0,9.0,3.0,33.0
430.6623900337978,4.0,9.0,3.0,33.0
430.66313077453856,4.0,9.0,3.0,33.0
430.96313077453857,4.0,9.0,3.0,33.0
430.9638715152793,4.0,9.0,3.0,33.0
431.26387151527933,4.0,9.0,3.0,33.0
431.2646122560201,4.0,9.0,3.0,33.0
431.5646122560201,4.0,9.0,3.0,33.0
431.56535299676085,4.0,9.0,3.0,33.0
431.86535299676086,4.0,9.0,3.0,33.0
431.8660937375016,4.0,9.0,3.0,33.0
432.1660937375016,4.0,9.0,3.0,33.0
432.1668344782424,4.0,9.0,3.0,33.0
432.4668344782424,4.0,9.0,3.0,33.0
432.46757521898314,4.0,9.0,3.0,33.0
432.76757521898315,4.0,9.0,3.0,33.0
432.7683159597239,4.0,9.0,3.0,33.0
433.0683159597239,4.0,9.0,3.0,33.0
433.06905670046467,4.0,9.0,3.0,33.0
433.3690567004647,4.0,9.0,3.0,33.0
433.36979744120544,4.0,9.0,3.0,33.0
433.66979744120545,4.0,9.0,3.0,33.0
433.6705381819462,4.0,7.0,3.0,34.0
433.9705381819462,4.0,7.0,3.0,34.0
433.9717626717421,4.0,7.0,3.0,34.0
434.2717626717421,4.0,7.0,3.0,34.0
434.272987161538,4.0,7.0,3.0,34.0
434.57298716153804,4.0,7.0,3.0,34.0
434.57421165133394,4.0,7.0,3.0,34.0
434.87421165133395,4.0,7.0,3.0,34.0
434.87543614112985,4.0,7.0,3.0,34.0
435.17543614112986,4.0,7.0,3.0,34.0
435.17666063092577,4.0,7.0,3.0,34.0
435.4766606309258,4.0,7.0,3.0,34.0
435.4778851207217,4.0,7.0,3.0,34.0
435.7778851207217,4.0,7.0,3.0,34.0
435.7791096105176,4.0,7.0,3.0,34.0
436.0791096105176,4.0,7.0,3.0,34.0
436.0803341003135,4.0,7.0,3.0,34.0
436.3803341003135,4.0,7.0,3.0,34.0
436.3815585901094,4.0,7.0,3.0,34.0
436.68155859010943,4.0,7.0,3.0,34.0
436.68278307990533,4.0,7.0,3.0,34.0
436.98278307990535,4.0,7.0,3.0,34.0
436.98400756970125,4.0,7.0,3.0,34.0
437.28400756970126,4.0,7.0,3.0,34.0
437.28523205949716,4.0,7.0,3.0,34.0
437.5852320594972,4.0,7.0,3.0,34.0
437.5864565492931,4.0,7.0,3.0,34.0
437.8864565492931,4.0,7.0,3.0,34.0
437.887681039089,4.0,7.0,3.0,34.0
438.187681039089,4.0,7.0,3.0,34.0
438.1889055288849,4.0,7.0,3.0,34.0
438.4889055288849,4.0,7.0,3.0,34.0
438.4901300186808,4.0,7.0,3.0,34.0
438.7901300186808,4.0,7.0,3.0,34.0
438.79135450847673,4.0,7.0,3.0,34.0
439.09135450847674,4.0,7.0,3.0,34.0
439.09257899827264,4.0,7.0,3.0,34.0
439.39257899827265,4.0,7.0,3.0,34.0
439.39380348806856,4.0,7.0,3.0,34.0
439.69380348806857,4.0,7.0,3.0,34.0
439.69502797786447,4.0,7.0,3.0,34.0
439.9950279778645,4.0,7.0,3.0,34.0
439.9962524676604,4.0,7.0,3.0,34.0
440.2962524676604,4.0,7.0,3.0,34.0
440.2974769574563,4.0,7.0,3.0,34.0
440.5974769574563,4.0,7.0,3.0,34.0
440.5987014472522,4.0,5.0,3.0,35.0
440.8987014472522,4.0,5.0,3.0,35.0
440.90110144725224,4.0,5.0,3.0,35.0
441.20110144725226,4.0,5.0,3.0,35.0
441.2035014472523,4.0,5.0,3.0,35.0
441.5035014472523,4.0,5.0,3.0,35.0
441.5059014472523,4.0,10.0,3.0,35.0
441.8059014472523,4.0,10.0,3.0,35.0
441.80650144725234,4.0,10.0,3.0,35.0
442.10650144725236,4.0,10.0,3.0,35.0
442.1071014472524,4.0,10.0,3.0,35.0
442.4071014472524,4.0,10.0,3.0,35.0
442.4077014472524,4.0,10.0,3.0,35.0
442.7077014472524,4.0,10.0,3.0,35.0
442.70830144725244,4.0,10.0,3.0,35.0
443.00830144725245,4.0,10.0,3.0,35.0
443.00890144725247,4.0,10.0,3.0,35.0
443.3089014472525,4.0,10.0,3.0,35.0
443.3095014472525,4.0,10.0,3.0,35.0
443.6095014472525,4.0,10.0,3.0,35.0
443.61010144725253,4.0,10.0,3.0,35.0
443.91010144725254,4.0,10.0,3.0,35.0
443.91070144725256,4.0,10.0,3.0,35.0
444.2107014472526,4.0,10.0,3.0,35.0
444.2113014472526,4.0,10.0,3.0,35.0
444.5113014472526,4.0,10.0,3.0,35.0
444.5119014472526,4.0,10.0,3.0,35.0
444.81190144725264,4.0,10.0,3.0,35.0
444.81250144725266,4.0,10.0,3.0,35.0
445.11250144725267,4.0,10.0,3.0,35.0
445.1131014472527,4.0,10.0,3.0,35.0
445.4131014472527,4.0,10.0,3.0,35.0
445.4137014472527,4.0,10.0,3.0,35.0
445.71370144725273,4.0,10.0,3.0,35.0
445.71430144725275,4.0,8.0,3.0,36.0
446.01430144725276,4.0,8.0,3.0,36.0
446.0152389472528,2.0,8.0,4.0,36.0
446.3152389472528,2.0,8.0,4.0,36.0
446.3161764472528,2.0,8.0,4.0,36.0
446.6161764472528,2.0,8.0,4.0,36.0
446.61711394725285,2.0,8.0,4.0,36.0
446.91711394725286,2.0,8.0,4.0,36.0
446.9180514472529,2.0,6.0,4.0,37.0
447.2180514472529,2.0,6.0,4.0,37.0
447.21971811391955,2.0,6.0,4.0,37.0
447.51971811391957,2.0,6.0,4.0,37.0
447.52138478058623,2.0,6.0,4.0,37.0
447.82138478058624,2.0,6.0,4.0,37.0
447.8230514472529,2.0,6.0,4.0,37.0
448.1230514472529,2.0,6.0,4.0,37.0
448.1247181139196,2.0,6.0,4.0,37.0
448.4247181139196,2.0,6.0,4.0,37.0
448.42638478058626,2.0,6.0,4.0,37.0
448.7263847805863,2.0,6.0,4.0,37.0
448.72805144725294,2.0,6.0,4.0,37.0
449.02805144725295,2.0,6.0,4.0,37.0
449.0297181139196,2.0,6.0,4.0,37.0
449.3297181139196,2.0,6.0,4.0,37.0
449.3313847805863,2.0,6.0,4.0,37.0
449.6313847805863,2.0,6.0,4.0,37.0
449.63305144725297,2.0,6.0,4.0,37.0
449.933051447253,2.0,6.0,4.0,37.0
449.93471811391964,2.0,6.0,4.0,37.0
450.23471811391966,2.0,6.0,4.0,37.0
450.2363847805863,2.0,4.0,4.0,38.0
450.53638478058633,2.0,4.0,4.0,38.0
450.54013478058636,2.0,4.0,4.0,38.0
450.84013478058637,2.0,4.0,4.0,38.0
450.8438847805864,2.0,4.0,4.0,38.0
451.1438847805864,2.0,4.0,4.0,38.0
451.14763478058643,2.0,4.0,4.0,38.0
451.44763478058644,2.0,4.0,4.0,38.0
451.45138478058647,2.0,4.0,4.0,38.0
451.7513847805865,2.0,4.0,4.0,38.0
451.7551347805865,2.0,4.0,4.0,38.0
452.0551347805865,2.0,4.0,4.0,38.0
452.05888478058654,2.0,4.0,4.0,38.0
452.35888478058655,2.0,4.0,4.0,38.0
452.3626347805866,2.0,4.0,4.0,38.0
452.6626347805866,2.0,4.0,4.0,38.0
452.6663847805866,2.0,4.0,4.0,38.0
452.9663847805866,2.0,4.0,4.0,38.0
452.97013478058665,2.0,4.0,4.0,38.0
453.27013478058666,2.0,4.0,4.0,38.0
453.2738847805867,2.0,4.0,4.0,38.0
453.5738847805867,2.0,4.0,4.0,38.0
453.5776347805867,2.0,4.0,4.0,38.0
453.87763478058673,2.0,4.0,4.0,38.0
453.88138478058676,2.0,4.0,4.0,38.0
454.18138478058677,2.0,4.0,4.0,38.0
454.1851347805868,2.0,4.0,4.0,38.0
454.4851347805868,2.0,4.0,4.0,38.0
454.48888478058683,2.0,4.0,4.0,38.0
454.78888478058684,2.0,4.0,4.0,38.0
454.79263478058687,2.0,4.0,4.0,38.0
455.0926347805869,2.0,4.0,4.0,38.0
455.0963847805869,2.0,4.0,4.0,38.0
455.3963847805869,2.0,4.0,4.0,38.0
455.40013478058694,2.0,4.0,4.0,38.0
455.70013478058695,2.0,4.0,4.0,38.0
455.703884780587,2.0,4.0,4.0,38.0
456.003884780587,2.0,4.0,4.0,38.0
456.007634780587,2.0,4.0,4.0,38.0
456.307634780587,2.0,4.0,4.0,38.0
456.31138478058705,2.0,4.0,4.0,38.0
456.61138478058706,2.0,4.0,4.0,38.0
456.6151347805871,2.0,4.0,4.0,38.0
456.9151347805871,2.0,4.0,4.0,38.0
456.9188847805871,2.0,4.0,4.0,38.0
457.21888478058713,2.0,4.0,4.0,38.0
457.22263478058716,2.0,4.0,4.0,38.0
457.52263478058717,2.0,4.0,4.0,38.0
457.5263847805872,2.0,4.0,4.0,38.0
457.8263847805872,2.0,4.0,4.0,38.0
457.83013478058723,2.0,4.0,4.0,38.0
458.13013478058724,2.0,4.0,4.0,38.0
458.13388478058727,2.0,4.0,4.0,38.0
458.4338847805873,2.0,4.0,4.0,38.0
458.4376347805873,2.0,4.0,4.0,38.0
458.7376347805873,2.0,4.0,4.0,38.0
458.74138478058734,2.0,4.0,4.0,38.0
459.04138478058735,2.0,4.0,4.0,38.0
459.0451347805874,2.0,4.0,4.0,38.0
459.3451347805874,2.0,4.0,4.0,38.0
459.3488847805874,2.0,4.0,4.0,38.0
459.6488847805874,2.0,4.0,4.0,38.0
459.65263478058745,2.0,4.0,4.0,38.0
459.95263478058746,2.0,4.0,4.0,38.0
459.9563847805875,2.0,4.0,4.0,38.0
460.2563847805875,2.0,4.0,4.0,38.0
460.2601347805875,2.0,4.0,4.0,38.0
460.56013478058753,2.0,4.0,4.0,38.0
460.56388478058756,2.0,4.0,4.0,38.0
460.86388478058757,2.0,4.0,4.0,38.0
460.8676347805876,2.0,4.0,4.0,38.0
461.1676347805876,2.0,4.0,4.0,38.0
461.17138478058763,2.0,4.0,4.0,38.0
461.47138478058764,2.0,4.0,4.0,38.0
461.47513478058767,2.0,4.0,4.0,38.0
461.7751347805877,2.0,4.0,4.0,38.0
461.7788847805877,2.0,4.0,4.0,38.0
462.0788847805877,2.0,4.0,4.0,38.0
462.08263478058774,2.0,4.0,4.0,38.0
462.38263478058775,2.0,4.0,4.0,38.0
462.3863847805878,2.0,4.0,4.0,38.0
462.6863847805878,2.0,4.0,4.0,38.0
462.6901347805878,2.0,4.0,4.0,38.0
462.9901347805878,2.0,4.0,4.0,38.0
462.99388478058785,2.0,4.0,4.0,38.0
463.29388478058786,2.0,4.0,4.0,38.0
463.2976347805879,2.0,4.0,4.0,38.0
463.5976347805879,2.0,4.0,4.0,38.0
463.6013847805879,2.0,4.0,4.0,38.0
463.90138478058793,2.0,4.0,4.0,38.0
463.90513478058796,2.0,4.0,4.0,38.0
464.20513478058797,2.0,4.0,4.0,38.0
464.208884780588,2.0,4.0,4.0,38.0
464.508884780588,2.0,4.0,4.0,38.0
464.51263478058803,2.0,4.0,4.0,38.0
464.81263478058804,2.0,4.0,4.0,38.0
464.81638478058807,2.0,2.0,4.0,39.0
465.1163847805881,2.0,2.0,4.0,39.0
465.1203847805881,2.0,2.0,4.0,39.0
465.4203847805881,2.0,2.0,4.0,39.0
465.4243847805881,2.0,2.0,4.0,39.0
465.72438478058814,2.0,2.0,4.0,39.0
465.72838478058816,2.0,2.0,4.0,39.0
466.02838478058817,2.0,2.0,4.0,39.0
466.0323847805882,2.0,2.0,4.0,39.0
466.3323847805882,2.0,2.0,4.0,39.0
466.3363847805882,2.0,2.0,4.0,39.0
466.63638478058823,2.0,2.0,4.0,39.0
466.64038478058825,2.0,2.0,4.0,39.0
466.94038478058826,2.0,2.0,4.0,39.0
466.9443847805883,2.0,2.0,4.0,39.0
467.2443847805883,2.0,2.0,4.0,39.0
467.2483847805883,2.0,2.0,4.0,39.0
467.5483847805883,2.0,2.0,4.0,39.0
467.55238478058834,2.0,2.0,4.0,39.0
467.85238478058835,2.0,2.0,4.0,39.0
467.85638478058837,2.0,2.0,4.0,39.0
468.1563847805884,2.0,2.0,4.0,39.0
468.1603847805884,2.0,2.0,4.0,39.0
468.4603847805884,2.0,2.0,4.0,39.0
468.46438478058843,2.0,2.0,4.0,39.0
468.76438478058844,2.0,2.0,4.0,39.0
468.76838478058846,2.0,2.0,4.0,39.0
469.0683847805885,2.0,2.0,4.0,39.0
469.0723847805885,2.0,2.0,4.0,39.0
469.3723847805885,2.0,2.0,4.0,39.0
469.3763847805885,2.0,2.0,4.0,39.0
469.67638478058853,2.0,2.0,4.0,39.0
469.68038478058855,2.0,2.0,4.0,39.0
469.98038478058857,2.0,2.0,4.0,39.0
469.9843847805886,2.0,2.0,4.0,39.0
470.2843847805886,2.0,2.0,4.0,39.0
470.2883847805886,2.0,2.0,4.0,39.0
470.5883847805886,2.0,2.0,4.0,39.0
470.59238478058865,2.0,2.0,4.0,39.0
470.89238478058866,2.0,2.0,4.0,39.0
470.8963847805887,2.0,2.0,4.0,39.0
471.1963847805887,2.0,2.0,4.0,39.0
471.2003847805887,2.0,2.0,4.0,39.0
471.5003847805887,2.0,2.0,4.0,39.0
471.50438478058874,2.0,2.0,4.0,39.0
471.80438478058875,2.0,2.0,4.0,39.0
471.80838478058877,2.0,2.0,4.0,39.0
472.1083847805888,2.0,2.0,4.0,39.0
472.1123847805888,2.0,2.0,4.0,39.0
472.4123847805888,2.0,2.0,4.0,39.0
472.4163847805888,2.0,2.0,4.0,39.0
472.71638478058884,2.0,2.0,4.0,39.0
472.72038478058886,2.0,7.0,4.0,39.0
473.02038478058887,2.0,7.0,4.0,39.0
473.0216092703848,2.0,7.0,4.0,39.0
473.3216092703848,2.0,7.0,4.0,39.0
473.3228337601807,2.0,7.0,4.0,39.0
473.6228337601807,2.0,7.0,4.0,39.0
473.6240582499766,2.0,7.0,4.0,39.0
473.9240582499766,2.0,7.0,4.0,39.0
473.9252827397725,2.0,7.0,4.0,39.0
474.2252827397725,2.0,7.0,4.0,39.0
474.2265072295684,2.0,7.0,4.0,39.0
474.52650722956844,2.0,7.0,4.0,39.0
474.52773171936434,2.0,7.0,4.0,39.0
474.82773171936435,2.0,7.0,4.0,39.0
474.82895620916025,2.0,7.0,4.0,39.0
475.12895620916026,2.0,7.0,4.0,39.0
475.13018069895617,2.0,7.0,4.0,39.0
475.4301806989562,2.0,7.0,4.0,39.0
475.4314051887521,2.0,7.0,4.0,39.0
475.7314051887521,2.0,7.0,4.0,39.0
475.732629678548,2.0,7.0,4.0,39.0
476.032629678548,2.0,7.0,4.0,39.0
476.0338541683439,2.0,7.0,4.0,39.0
476.3338541683439,2.0,7.0,4.0,39.0
476.3350786581398,2.0,7.0,4.0,39.0
476.63507865813983,2.0,7.0,4.0,39.0
476.63630314793573,2.0,7.0,4.0,39.0
476.93630314793575,2.0,7.0,4.0,39.0
476.93752763773165,2.0,7.0,4.0,39.0
477.23752763773166,2.0,7.0,4.0,39.0
477.23875212752756,2.0,7.0,4.0,39.0
477.5387521275276,2.0,7.0,4.0,39.0
477.5399766173235,2.0,7.0,4.0,39.0
477.8399766173235,2.0,7.0,4.0,39.0
477.8412011071194,2.0,7.0,4.0,39.0
478.1412011071194,2.0,7.0,4.0,39.0
478.1424255969153,2.0,7.0,4.0,39.0
478.4424255969153,2.0,7.0,4.0,39.0
478.4436500867112,2.0,7.0,4.0,39.0
478.7436500867112,2.0,7.0,4.0,39.0
478.74487457650713,2.0,7.0,4.0,39.0
479.04487457650714,2.0,7.0,4.0,39.0
479.04609906630304,2.0,7.0,4.0,39.0
479.34609906630305,2.0,7.0,4.0,39.0
479.34732355609896,2.0,7.0,4.0,39.0
479.64732355609897,2.0,7.0,4.0,39.0
479.64854804589487,2.0,7.0,4.0,39.0
479.9485480458949,2.0,7.0,4.0,39.0
479.9497725356908,2.0,7.0,4.0,39.0
480.2497725356908,2.0,7.0,4.0,39.0
480.2509970254867,2.0,7.0,4.0,39.0
480.5509970254867,2.0,7.0,4.0,39.0
480.5522215152826,2.0,7.0,4.0,39.0
480.8522215152826,2.0,7.0,4.0,39.0
480.8534460050785,2.0,7.0,4.0,39.0
481.15344600507854,2.0,7.0,4.0,39.0
481.15467049487444,2.0,7.0,4.0,39.0
481.45467049487445,2.0,7.0,4.0,39.0
481.45589498467035,2.0,7.0,4.0,39.0
481.75589498467036,2.0,7.0,4.0,39.0
481.75711947446626,2.0,7.0,4.0,39.0
482.0571194744663,2.0,7.0,4.0,39.0
482.0583439642622,2.0,7.0,4.0,39.0
482.3583439642622,2.0,7.0,4.0,39.0
482.3595684540581,2.0,7.0,4.0,39.0
482.6595684540581,2.0,7.0,4.0,39.0
482.660792943854,2.0,7.0,4.0,39.0
482.960792943854,2.0,7.0,4.0,39.0
482.9620174336499,2.0,7.0,4.0,39.0
483.26201743364993,2.0,7.0,4.0,39.0
483.26324192344583,2.0,7.0,4.0,39.0
483.56324192344584,2.0,7.0,4.0,39.0
483.56446641324175,2.0,7.0,4.0,39.0
483.86446641324176,2.0,7.0,4.0,39.0
483.86569090303766,2.0,7.0,4.0,39.0
484.16569090303767,2.0,7.0,4.0,39.0
484.1669153928336,2.0,7.0,4.0,39.0
484.4669153928336,2.0,7.0,4.0,39.0
484.4681398826295,2.0,7.0,4.0,39.0
484.7681398826295,2.0,7.0,4.0,39.0
484.7693643724254,2.0,7.0,4.0,39.0
485.0693643724254,2.0,7.0,4.0,39.0
485.0705888622213,2.0,7.0,4.0,39.0
485.3705888622213,2.0,7.0,4.0,39.0
485.3718133520172,2.0,7.0,4.0,39.0
485.67181335201724,2.0,7.0,4.0,39.0
485.67303784181314,2.0,7.0,4.0,39.0
485.97303784181315,2.0,7.0,4.0,39.0
485.97426233160905,2.0,7.0,4.0,39.0
486.27426233160907,2.0,7.0,4.0,39.0
486.27548682140497,2.0,7.0,4.0,39.0
486.575486821405,2.0,7.0,4.0,39.0
486.5767113112009,2.0,7.0,4.0,39.0
486.8767113112009,2.0,7.0,4.0,39.0
486.8779358009968,2.0,7.0,4.0,39.0
487.1779358009968,2.0,7.0,4.0,39.0
487.1791602907927,2.0,7.0,4.0,39.0
487.4791602907927,2.0,7.0,4.0,39.0
487.4803847805886,2.0,7.0,4.0,39.0
487.78038478058863,2.0,7.0,4.0,39.0
487.78160927038454,2.0,7.0,4.0,39.0
488.08160927038455,2.0,7.0,4.0,39.0
488.08283376018045,2.0,7.0,4.0,39.0
488.38283376018046,2.0,7.0,4.0,39.0
488.38405824997636,2.0,7.0,4.0,39.0
488.6840582499764,2.0,7.0,4.0,39.0
488.6852827397723,2.0,7.0,4.0,39.0
488.9852827397723,2.0,7.0,4.0,39.0
488.9865072295682,2.0,7.0,4.0,39.0
489.2865072295682,2.0,7.0,4.0,39.0
489.2877317193641,2.0,7.0,4.0,39.0
489.5877317193641,2.0,7.0,4.0,39.0
489.58895620916,2.0,7.0,4.0,39.0
489.88895620916,2.0,7.0,4.0,39.0
489.89018069895593,2.0,5.0,4.0,40.0
490.19018069895594,2.0,5.0,4.0,40.0
490.19258069895596,2.0,5.0,4.0,40.0
490.492580698956,2.0,5.0,4.0,40.0
490.494980698956,2.0,5.0,4.0,40.0
490.794980698956,2.0,5.0,4.0,40.0
490.79738069895603,2.0,5.0,4.0,40.0
491.09738069895604,2.0,5.0,4.0,40.0
491.09978069895607,2.0,5.0,4.0,40.0
491.3997806989561,2.0,5.0,4.0,40.0
491.4021806989561,2.0,5.0,4.0,40.0
491.7021806989561,2.0,5.0,4.0,40.0
491.70458069895614,2.0,5.0,4.0,40.0
492.00458069895615,2.0,5.0,4.0,40.0
492.00698069895617,2.0,5.0,4.0,40.0
492.3069806989562,2.0,5.0,4.0,40.0
492.3093806989562,2.0,5.0,4.0,40.0
492.6093806989562,2.0,5.0,4.0,40.0
492.61178069895624,2.0,5.0,4.0,40.0
492.91178069895625,2.0,5.0,4.0,40.0
492.9141806989563,2.0,5.0,4.0,40.0
493.2141806989563,2.0,5.0,4.0,40.0
493.2165806989563,2.0,5.0,4.0,40.0
493.5165806989563,2.0,5.0,4.0,40.0
493.51898069895634,2.0,5.0,4.0,40.0
493.81898069895635,2.0,5.0,4.0,40.0
493.8213806989564,2.0,3.0,4.0,41.0
494.1213806989564,2.0,3.0,4.0,41.0
494.12804736562305,2.0,3.0,4.0,41.0
494.42804736562306,2.0,3.0,4.0,41.0
494.4347140322897,2.0,3.0,4.0,41.0
494.73471403228973,2.0,3.0,4.0,41.0
494.7413806989564,2.0,3.0,4.0,41.0
495.0413806989564,2.0,3.0,4.0,41.0
495.04804736562306,2.0,3.0,4.0,41.0
495.3480473656231,2.0,3.0,4.0,41.0
495.35471403228973,2.0,3.0,4.0,41.0
495.65471403228975,2.0,3.0,4.0,41.0
495.6613806989564,2.0,3.0,4.0,41.0
495.9613806989564,2.0,3.0,4.0,41.0
495.9680473656231,2.0,3.0,4.0,41.0
496.2680473656231,2.0,3.0,4.0,41.0
496.27471403228975,2.0,3.0,4.0,41.0
496.57471403228976,2.0,3.0,4.0,41.0
496.5787140322898,2.0,3.0,4.0,41.0
496.8787140322898,2.0,3.0,4.0,41.0
496.8827140322898,2.0,3.0,4.0,41.0
497.1827140322898,2.0,3.0,4.0,41.0
497.18671403228984,2.0,3.0,4.0,41.0
497.48671403228985,2.0,3.0,4.0,41.0
497.4907140322899,2.0,3.0,4.0,41.0
497.7907140322899,2.0,3.0,4.0,41.0
497.7947140322899,2.0,3.0,4.0,41.0
498.0947140322899,2.0,3.0,4.0,41.0
498.09871403228993,2.0,3.0,4.0,41.0
498.39871403228994,2.0,3.0,4.0,41.0
498.40271403228996,2.0,3.0,4.0,41.0
498.70271403229,2.0,3.0,4.0,41.0
498.70671403229,2.0,3.0,4.0,41.0
499.00671403229,2.0,3.0,4.0,41.0
499.01071403229,2.0,3.0,4.0,41.0
499.31071403229004,2.0,3.0,4.0,41.0
499.31471403229006,2.0,3.0,4.0,41.0
499.61471403229007,2.0,3.0,4.0,41.0
499.6187140322901,2.0,3.0,4.0,41.0
499.9187140322901,2.0,3.0,4.0,41.0
499.9227140322901,2.0,3.0,4.0,41.0
500.2227140322901,2.0,3.0,4.0,41.0
500.22671403229015,2.0,3.0,4.0,41.0
500.52671403229016,2.0,3.0,4.0,41.0
500.5307140322902,2.0,3.0,4.0,41.0
500.8307140322902,2.0,3.0,4.0,41.0
500.8347140322902,2.0,3.0,4.0,41.0
501.1347140322902,2.0,3.0,4.0,41.0
501.13871403229024,2.0,3.0,4.0,41.0
501.43871403229025,2.0,3.0,4.0,41.0
501.44271403229027,2.0,3.0,4.0,41.0
501.7427140322903,2.0,3.0,4.0,41.0
501.7467140322903,2.0,3.0,4.0,41.0
502.0467140322903,2.0,3.0,4.0,41.0
502.05071403229033,2.0,3.0,4.0,41.0
502.35071403229034,2.0,3.0,4.0,41.0
502.35471403229036,2.0,3.0,4.0,41.0
502.65471403229037,2.0,3.0,4.0,41.0
502.6587140322904,2.0,3.0,4.0,41.0
502.9587140322904,2.0,3.0,4.0,41.0
502.9627140322904,2.0,3.0,4.0,41.0
503.26271403229043,2.0,3.0,4.0,41.0
503.26671403229045,2.0,3.0,4.0,41.0
503.56671403229046,2.0,3.0,4.0,41.0
503.5707140322905,2.0,3.0,4.0,41.0
503.8707140322905,2.0,3.0,4.0,41.0
503.8747140322905,2.0,3.0,4.0,41.0
504.1747140322905,2.0,3.0,4.0,41.0
504.17871403229054,2.0,3.0,4.0,41.0
504.47871403229055,2.0,3.0,4.0,41.0
504.4827140322906,2.0,3.0,4.0,41.0
504.7827140322906,2.0,3.0,4.0,41.0
504.7867140322906,2.0,3.0,4.0,41.0
505.0867140322906,2.0,3.0,4.0,41.0
505.09071403229063,2.0,3.0,4.0,41.0
505.39071403229065,2.0,3.0,4.0,41.0
505.39471403229066,2.0,3.0,4.0,41.0
505.6947140322907,2.0,3.0,4.0,41.0
505.6987140322907,2.0,3.0,4.0,41.0
505.9987140322907,2.0,3.0,4.0,41.0
506.0027140322907,2.0,3.0,4.0,41.0
506.30271403229074,2.0,3.0,4.0,41.0
506.30671403229076,2.0,3.0,4.0,41.0
506.60671403229077,2.0,3.0,4.0,41.0
506.6107140322908,2.0,3.0,4.0,41.0
506.9107140322908,2.0,3.0,4.0,41.0
506.9147140322908,2.0,3.0,4.0,41.0
507.21471403229083,2.0,3.0,4.0,41.0
507.21871403229085,2.0,3.0,4.0,41.0
507.51871403229086,2.0,3.0,4.0,41.0
507.5227140322909,2.0,3.0,4.0,41.0
507.8227140322909,2.0,3.0,4.0,41.0
507.8267140322909,2.0,3.0,4.0,41.0
508.1267140322909,2.0,3.0,4.0,41.0
508.13071403229094,2.0,3.0,4.0,41.0
508.43071403229095,2.0,3.0,4.0,41.0
508.43471403229097,2.0,3.0,4.0,41.0
508.734714032291,2.0,3.0,4.0,41.0
508.738714032291,2.0,3.0,4.0,41.0
509.038714032291,2.0,3.0,4.0,41.0
509.04271403229103,2.0,3.0,4.0,41.0
509.34271403229104,2.0,3.0,4.0,41.0
509.34671403229106,2.0,3.0,4.0,41.0
509.6467140322911,2.0,3.0,4.0,41.0
509.6507140322911,2.0,3.0,4.0,41.0
509.9507140322911,2.0,3.0,4.0,41.0
509.9547140322911,2.0,3.0,4.0,41.0
510.25471403229113,2.0,3.0,4.0,41.0
510.25871403229115,2.0,3.0,4.0,41.0
510.55871403229116,2.0,3.0,4.0,41.0
510.5627140322912,7.0,3.0,4.0,41.0
510.8627140322912,7.0,3.0,4.0,41.0
510.8639385220871,7.0,3.0,4.0,41.0
511.1639385220871,7.0,3.0,4.0,41.0
511.165163011883,7.0,3.0,4.0,41.0
511.465163011883,7.0,3.0,4.0,41.0
511.4663875016789,7.0,3.0,4.0,41.0
511.76638750167893,7.0,3.0,4.0,41.0
511.76761199147484,7.0,3.0,4.0,41.0
512.0676119914748,7.0,3.0,4.0,41.0
512.0688364812708,7.0,3.0,4.0,41.0
512.3688364812707,7.0,3.0,4.0,41.0
512.3700609710667,7.0,3.0,4.0,41.0
512.6700609710666,7.0,3.0,4.0,41.0
512.6712854608626,7.0,3.0,4.0,41.0
512.9712854608625,7.0,3.0,4.0,41.0
512.9725099506585,7.0,3.0,4.0,41.0
513.2725099506584,7.0,3.0,4.0,41.0
513.2737344404544,7.0,3.0,4.0,41.0
513.5737344404544,7.0,3.0,4.0,41.0
513.5749589302503,7.0,3.0,4.0,41.0
513.8749589302503,7.0,3.0,4.0,41.0
513.8761834200462,7.0,3.0,4.0,41.0
514.1761834200462,7.0,3.0,4.0,41.0
514.1774079098421,7.0,3.0,4.0,41.0
514.4774079098421,7.0,3.0,4.0,41.0
514.4786323996381,7.0,3.0,4.0,41.0
514.778632399638,7.0,3.0,4.0,41.0
514.779856889434,7.0,3.0,4.0,41.0
515.0798568894339,7.0,3.0,4.0,41.0
515.0810813792299,7.0,3.0,4.0,41.0
515.3810813792298,7.0,3.0,4.0,41.0
515.3823058690258,7.0,3.0,4.0,41.0
515.6823058690258,7.0,3.0,4.0,41.0
515.6835303588217,7.0,3.0,4.0,41.0
515.9835303588217,7.0,3.0,4.0,41.0
515.9847548486176,7.0,3.0,4.0,41.0
516.2847548486176,7.0,3.0,4.0,41.0
516.2859793384135,7.0,3.0,4.0,41.0
516.5859793384135,7.0,3.0,4.0,41.0
516.5872038282095,7.0,3.0,4.0,41.0
516.8872038282094,7.0,3.0,4.0,41.0
516.8884283180054,7.0,3.0,4.0,41.0
517.1884283180053,7.0,3.0,4.0,41.0
517.1896528078013,7.0,3.0,4.0,41.0
517.4896528078012,7.0,3.0,4.0,41.0
517.4908772975972,7.0,3.0,4.0,41.0
517.7908772975971,7.0,3.0,4.0,41.0
517.7921017873931,7.0,3.0,4.0,41.0
518.0921017873931,7.0,3.0,4.0,41.0
518.093326277189,7.0,3.0,4.0,41.0
518.393326277189,7.0,3.0,4.0,41.0
518.3945507669849,7.0,3.0,4.0,41.0
518.6945507669849,7.0,3.0,4.0,41.0
518.6957752567808,7.0,3.0,4.0,41.0
518.9957752567808,7.0,3.0,4.0,41.0
518.9969997465768,7.0,3.0,4.0,41.0
519.2969997465767,7.0,3.0,4.0,41.0
519.2982242363727,7.0,3.0,4.0,41.0
519.5982242363726,7.0,3.0,4.0,41.0
519.5994487261686,7.0,3.0,4.0,41.0
519.8994487261685,7.0,3.0,4.0,41.0
519.9006732159645,7.0,3.0,4.0,41.0
520.2006732159645,7.0,3.0,4.0,41.0
520.2018977057604,7.0,3.0,4.0,41.0
520.5018977057604,7.0,3.0,4.0,41.0
520.5031221955563,7.0,3.0,4.0,41.0
520.8031221955563,7.0,3.0,4.0,41.0
520.8043466853522,7.0,3.0,4.0,41.0
521.1043466853522,7.0,3.0,4.0,41.0
521.1055711751482,7.0,3.0,4.0,41.0
521.4055711751481,7.0,3.0,4.0,41.0
521.4067956649441,7.0,3.0,4.0,41.0
521.706795664944,7.0,3.0,4.0,41.0
521.70802015474,7.0,3.0,4.0,41.0
522.0080201547399,7.0,3.0,4.0,41.0
522.0092446445359,7.0,3.0,4.0,41.0
522.3092446445359,7.0,3.0,4.0,41.0
522.3104691343318,7.0,3.0,4.0,41.0
522.6104691343318,7.0,3.0,4.0,41.0
522.6116936241277,7.0,3.0,4.0,41.0
522.9116936241277,7.0,3.0,4.0,41.0
522.9129181139236,7.0,3.0,4.0,41.0
523.2129181139236,7.0,3.0,4.0,41.0
523.2141426037196,7.0,3.0,4.0,41.0
523.5141426037195,7.0,3.0,4.0,41.0
523.5153670935155,7.0,3.0,4.0,41.0
523.8153670935154,7.0,3.0,4.0,41.0
523.8165915833114,7.0,3.0,4.0,41.0
524.1165915833113,7.0,3.0,4.0,41.0
524.1178160731073,7.0,3.0,4.0,41.0
524.4178160731072,7.0,3.0,4.0,41.0
524.4190405629032,7.0,3.0,4.0,41.0
524.7190405629032,7.0,3.0,4.0,41.0
524.7202650526991,7.0,3.0,4.0,41.0
525.0202650526991,7.0,3.0,4.0,41.0
525.021489542495,7.0,3.0,4.0,41.0
525.321489542495,7.0,3.0,4.0,41.0
525.322714032291,7.0,3.0,4.0,41.0
525.6227140322909,7.0,3.0,4.0,41.0
525.6239385220869,7.0,3.0,4.0,41.0
525.9239385220868,7.0,3.0,4.0,41.0
525.9251630118828,7.0,3.0,4.0,41.0
526.2251630118827,7.0,3.0,4.0,41.0
526.2263875016787,7.0,3.0,4.0,41.0
526.5263875016786,7.0,3.0,4.0,41.0
526.5276119914746,7.0,3.0,4.0,41.0
526.8276119914746,7.0,3.0,4.0,41.0
526.8288364812705,7.0,3.0,4.0,41.0
527.1288364812705,7.0,3.0,4.0,41.0
527.1300609710664,7.0,3.0,4.0,41.0
527.4300609710664,7.0,3.0,4.0,41.0
527.4312854608623,7.0,3.0,4.0,41.0
527.7312854608623,7.0,3.0,4.0,41.0
527.7325099506583,7.0,3.0,4.0,41.0
528.0325099506582,7.0,3.0,4.0,41.0
528.0337344404542,7.0,3.0,4.0,41.0
528.3337344404541,7.0,3.0,4.0,41.0
528.3349589302501,7.0,3.0,4.0,41.0
528.63495893025,7.0,3.0,4.0,41.0
528.636183420046,7.0,3.0,4.0,41.0
528.936183420046,7.0,3.0,4.0,41.0
528.9374079098419,7.0,3.0,4.0,41.0
529.2374079098419,7.0,3.0,4.0,41.0
529.2386323996378,7.0,3.0,4.0,41.0
529.5386323996378,7.0,3.0,4.0,41.0
529.5398568894337,7.0,3.0,4.0,41.0
529.8398568894337,7.0,3.0,4.0,41.0
529.8410813792296,7.0,3.0,4.0,41.0
530.1410813792296,7.0,3.0,4.0,41.0
530.1423058690256,7.0,3.0,4.0,41.0
530.4423058690255,7.0,3.0,4.0,41.0
530.4435303588215,7.0,3.0,4.0,41.0
530.7435303588214,7.0,3.0,4.0,41.0
530.7447548486174,7.0,3.0,4.0,41.0
531.0447548486173,7.0,3.0,4.0,41.0
531.0459793384133,7.0,3.0,4.0,41.0
531.3459793384133,7.0,3.0,4.0,41.0
531.3472038282092,7.0,3.0,4.0,41.0
531.6472038282092,7.0,3.0,4.0,41.0
531.6484283180051,7.0,3.0,4.0,41.0
531.9484283180051,7.0,3.0,4.0,41.0
531.949652807801,7.0,3.0,4.0,41.0
532.249652807801,7.0,3.0,4.0,41.0
532.250877297597,7.0,3.0,4.0,41.0
532.5508772975969,7.0,3.0,4.0,41.0
532.5521017873929,7.0,3.0,4.0,41.0
532.8521017873928,7.0,3.0,4.0,41.0
532.8533262771888,7.0,3.0,4.0,41.0
533.1533262771887,7.0,3.0,4.0,41.0
533.1545507669847,7.0,3.0,4.0,41.0
533.4545507669847,7.0,3.0,4.0,41.0
533.4557752567806,7.0,3.0,4.0,41.0
533.7557752567806,7.0,3.0,4.0,41.0
533.7569997465765,7.0,3.0,4.0,41.0
534.0569997465765,7.0,3.0,4.0,41.0
534.0582242363724,7.0,3.0,4.0,41.0
534.3582242363724,7.0,3.0,4.0,41.0
534.3594487261684,7.0,3.0,4.0,41.0
534.6594487261683,7.0,3.0,4.0,41.0
534.6606732159643,7.0,3.0,4.0,41.0
534.9606732159642,7.0,3.0,4.0,41.0
534.9618977057602,7.0,3.0,4.0,41.0
535.2618977057601,7.0,3.0,4.0,41.0
535.2631221955561,7.0,3.0,4.0,41.0
535.563122195556,7.0,3.0,4.0,41.0
535.564346685352,7.0,3.0,4.0,41.0
535.864346685352,7.0,3.0,4.0,41.0
535.8655711751479,7.0,3.0,4.0,41.0
536.1655711751479,7.0,3.0,4.0,41.0
536.1667956649438,7.0,3.0,4.0,41.0
536.4667956649438,7.0,3.0,4.0,41.0
536.4680201547397,7.0,3.0,4.0,41.0
536.7680201547397,7.0,3.0,4.0,41.0
536.7692446445357,7.0,3.0,4.0,41.0
537.0692446445356,7.0,3.0,4.0,41.0
537.0704691343316,5.0,3.0,5.0,40.0
537.3704691343315,5.0,3.0,5.0,40.0
537.3728691343315,5.0,3.0,5.0,40.0
537.6728691343314,5.0,3.0,5.0,40.0
537.6752691343314,5.0,1.0,5.0,41.0
537.9752691343314,5.0,1.0,5.0,41.0
537.9776691343313,3.0,1.0,6.0,41.0
538.2776691343313,3.0,1.0,6.0,41.0
538.284335800998,3.0,1.0,6.0,41.0
538.5843358009979,3.0,1.0,6.0,41.0
538.5910024676646,3.0,1.0,6.0,41.0
538.8910024676645,3.0,1.0,6.0,41.0
538.8976691343312,3.0,1.0,6.0,41.0
539.1976691343311,3.0,1.0,6.0,41.0
539.2043358009978,3.0,1.0,6.0,41.0
539.5043358009978,3.0,1.0,6.0,41.0
539.5110024676644,3.0,1.0,6.0,41.0
539.8110024676644,3.0,1.0,6.0,41.0
539.817669134331,3.0,1.0,6.0,41.0
540.117669134331,3.0,1.0,6.0,41.0
540.1243358009976,3.0,1.0,6.0,41.0
540.4243358009976,3.0,1.0,6.0,41.0
540.4310024676643,3.0,1.0,6.0,41.0
540.7310024676642,3.0,1.0,6.0,41.0
540.7376691343309,3.0,1.0,6.0,41.0
541.0376691343308,3.0,1.0,6.0,41.0
541.0443358009975,3.0,1.0,6.0,41.0
541.3443358009974,3.0,1.0,6.0,41.0
541.3510024676641,3.0,1.0,6.0,41.0
541.6510024676641,3.0,1.0,6.0,41.0
541.6576691343307,3.0,1.0,6.0,41.0
541.9576691343307,3.0,1.0,6.0,41.0
541.9643358009973,3.0,1.0,6.0,41.0
542.2643358009973,3.0,1.0,6.0,41.0
542.271002467664,3.0,1.0,6.0,40.0
542.5710024676639,3.0,1.0,6.0,40.0
542.5776691343306,3.0,1.0,6.0,40.0
542.8776691343305,3.0,1.0,6.0,40.0
542.8843358009972,3.0,1.0,6.0,40.0
543.1843358009971,3.0,1.0,6.0,40.0
543.1910024676638,3.0,1.0,6.0,40.0
543.4910024676637,3.0,1.0,6.0,40.0
543.4976691343304,3.0,1.0,6.0,40.0
543.7976691343304,3.0,1.0,6.0,40.0
543.804335800997,3.0,1.0,6.0,40.0
544.104335800997,3.0,1.0,6.0,40.0
544.1110024676636,3.0,1.0,6.0,40.0
544.4110024676636,3.0,1.0,6.0,40.0
544.4176691343303,3.0,1.0,6.0,40.0
544.7176691343302,3.0,1.0,6.0,40.0
544.7243358009969,3.0,1.0,6.0,40.0
545.0243358009968,3.0,1.0,6.0,40.0
545.0310024676635,3.0,1.0,6.0,40.0
545.3310024676634,3.0,1.0,6.0,40.0
545.3376691343301,3.0,1.0,6.0,40.0
545.63766913433,3.0,1.0,6.0,40.0
545.6443358009967,3.0,1.0,6.0,40.0
545.9443358009967,3.0,1.0,6.0,40.0
545.9510024676633,3.0,1.0,6.0,40.0
546.2510024676633,3.0,1.0,6.0,40.0
546.25766913433,3.0,1.0,6.0,40.0
546.5576691343299,3.0,1.0,6.0,40.0
546.5643358009966,3.0,1.0,6.0,40.0
546.8643358009965,3.0,1.0,6.0,40.0
546.8710024676632,3.0,1.0,6.0,40.0
547.1710024676631,3.0,1.0,6.0,40.0
547.1776691343298,3.0,1.0,6.0,40.0
547.4776691343297,3.0,1.0,6.0,40.0
547.4843358009964,3.0,1.0,6.0,40.0
547.7843358009964,3.0,1.0,6.0,40.0
547.791002467663,3.0,1.0,6.0,40.0
548.091002467663,3.0,1.0,6.0,40.0
548.0976691343296,3.0,1.0,6.0,40.0
548.3976691343296,3.0,1.0,6.0,40.0
548.4043358009963,3.0,1.0,6.0,40.0
548.7043358009962,3.0,1.0,6.0,40.0
548.7110024676629,3.0,1.0,6.0,40.0
549.0110024676628,3.0,1.0,6.0,40.0
549.0176691343295,3.0,1.0,6.0,40.0
549.3176691343294,3.0,1.0,6.0,40.0
549.3243358009961,3.0,1.0,6.0,40.0
549.624335800996,3.0,1.0,6.0,40.0
549.6310024676627,3.0,1.0,6.0,40.0
549.9310024676627,3.0,1.0,6.0,40.0
549.9376691343293,3.0,1.0,6.0,40.0
550.2376691343293,3.0,1.0,6.0,40.0
550.2443358009959,3.0,1.0,6.0,40.0
550.5443358009959,3.0,1.0,6.0,40.0
550.5510024676626,3.0,1.0,6.0,40.0
550.8510024676625,3.0,1.0,6.0,40.0
550.8576691343292,3.0,1.0,6.0,40.0
551.1576691343291,3.0,1.0,6.0,40.0
551.1643358009958,3.0,1.0,6.0,40.0
551.4643358009957,3.0,1.0,6.0,40.0
551.4710024676624,3.0,1.0,6.0,40.0
551.7710024676624,3.0,1.0,6.0,40.0
551.777669134329,3.0,1.0,6.0,40.0
552.077669134329,3.0,1.0,6.0,40.0
552.0843358009956,3.0,1.0,6.0,40.0
552.3843358009956,3.0,1.0,6.0,40.0
552.3910024676622,3.0,1.0,6.0,40.0
552.6910024676622,3.0,1.0,6.0,40.0
552.6976691343289,3.0,1.0,6.0,40.0
552.9976691343288,3.0,1.0,6.0,40.0
553.0043358009955,3.0,1.0,6.0,40.0
553.3043358009954,3.0,1.0,6.0,40.0
553.3110024676621,3.0,1.0,6.0,40.0
553.611002467662,3.0,1.0,6.0,40.0
553.6176691343287,3.0,1.0,6.0,40.0
553.9176691343287,3.0,1.0,6.0,40.0
553.9243358009953,3.0,1.0,6.0,40.0
554.2243358009953,3.0,1.0,6.0,40.0
554.2310024676619,3.0,1.0,6.0,40.0
554.5310024676619,3.0,1.0,6.0,40.0
554.5376691343286,3.0,1.0,6.0,40.0
554.8376691343285,3.0,1.0,6.0,40.0
554.8443358009952,3.0,1.0,6.0,40.0
555.1443358009951,3.0,1.0,6.0,40.0
555.1510024676618,3.0,1.0,6.0,40.0
555.4510024676617,3.0,1.0,6.0,40.0
555.4576691343284,3.0,1.0,6.0,40.0
555.7576691343284,3.0,1.0,6.0,40.0
555.764335800995,3.0,1.0,6.0,40.0
556.064335800995,3.0,1.0,6.0,40.0
556.0710024676616,3.0,1.0,6.0,40.0
556.3710024676616,3.0,1.0,6.0,40.0
556.3776691343282,3.0,1.0,6.0,40.0
556.6776691343282,3.0,1.0,6.0,40.0
556.6843358009949,3.0,1.0,6.0,40.0
556.9843358009948,3.0,1.0,6.0,40.0
556.9910024676615,3.0,1.0,6.0,40.0
557.2910024676614,3.0,1.0,6.0,40.0
557.2976691343281,3.0,1.0,6.0,40.0
557.597669134328,3.0,1.0,6.0,40.0
557.6043358009947,3.0,1.0,6.0,40.0
557.9043358009947,3.0,1.0,6.0,40.0
557.9110024676613,3.0,1.0,6.0,40.0
558.2110024676613,3.0,1.0,6.0,40.0
558.2176691343279,3.0,1.0,6.0,40.0
558.5176691343279,3.0,1.0,6.0,40.0
558.5243358009945,3.0,1.0,6.0,40.0
558.8243358009945,3.0,1.0,6.0,40.0
558.8310024676612,3.0,1.0,6.0,40.0
559.1310024676611,3.0,1.0,6.0,40.0
559.1376691343278,3.0,1.0,6.0,40.0
559.4376691343277,3.0,1.0,6.0,40.0
559.4443358009944,3.0,1.0,6.0,40.0
559.7443358009943,3.0,1.0,6.0,40.0
559.751002467661,3.0,1.0,6.0,40.0
560.051002467661,3.0,1.0,6.0,40.0
560.0576691343276,3.0,1.0,6.0,40.0
560.3576691343276,3.0,1.0,6.0,40.0
560.3643358009942,3.0,1.0,6.0,40.0
560.6643358009942,3.0,1.0,6.0,40.0
560.6683358009942,3.0,1.0,6.0,40.0
560.9683358009942,3.0,1.0,6.0,40.0
560.9723358009942,3.0,1.0,6.0,40.0
561.2723358009941,3.0,1.0,6.0,40.0
561.2763358009942,3.0,1.0,6.0,40.0
561.5763358009941,3.0,1.0,6.0,40.0
561.5803358009941,3.0,1.0,6.0,40.0
561.8803358009941,3.0,1.0,6.0,40.0
561.8843358009941,3.0,1.0,6.0,40.0
562.1843358009941,3.0,1.0,6.0,40.0
562.1883358009941,3.0,1.0,6.0,40.0
562.488335800994,3.0,1.0,6.0,40.0
562.492335800994,3.0,1.0,6.0,40.0
562.792335800994,3.0,1.0,6.0,40.0
562.796335800994,3.0,1.0,6.0,40.0
563.096335800994,3.0,1.0,6.0,40.0
563.100335800994,3.0,1.0,6.0,40.0
563.400335800994,3.0,1.0,6.0,40.0
563.404335800994,3.0,1.0,6.0,40.0
563.7043358009939,3.0,1.0,6.0,40.0
563.708335800994,3.0,1.0,6.0,40.0
564.0083358009939,3.0,1.0,6.0,40.0
564.0123358009939,3.0,1.0,6.0,40.0
564.3123358009939,3.0,1.0,6.0,40.0
564.3163358009939,3.0,1.0,6.0,40.0
564.6163358009939,3.0,1.0,6.0,40.0
564.6203358009939,3.0,1.0,6.0,40.0
564.9203358009938,3.0,1.0,6.0,40.0
564.9243358009938,3.0,1.0,6.0,40.0
565.2243358009938,3.0,1.0,6.0,40.0
565.2283358009938,3.0,1.0,6.0,40.0
565.5283358009938,3.0,1.0,6.0,40.0
565.5323358009938,3.0,1.0,6.0,40.0
565.8323358009937,3.0,1.0,6.0,40.0
565.8363358009938,3.0,1.0,6.0,40.0
566.1363358009937,3.0,1.0,6.0,40.0
566.1403358009937,3.0,1.0,6.0,40.0
566.4403358009937,3.0,1.0,6.0,40.0
566.4443358009937,3.0,1.0,6.0,40.0
566.7443358009937,3.0,1.0,6.0,40.0
566.7483358009937,3.0,1.0,6.0,40.0
567.0483358009936,3.0,1.0,6.0,40.0
567.0523358009937,3.0,1.0,6.0,40.0
567.3523358009936,3.0,1.0,6.0,40.0
567.3563358009936,3.0,1.0,6.0,40.0
567.6563358009936,3.0,1.0,6.0,40.0
567.6603358009936,3.0,1.0,6.0,40.0
567.9603358009936,3.0,1.0,6.0,40.0
567.9643358009936,3.0,1.0,6.0,40.0
568.2643358009935,3.0,1.0,6.0,40.0
568.2683358009936,3.0,1.0,6.0,40.0
568.5683358009935,3.0,1.0,6.0,40.0
568.5723358009935,3.0,1.0,6.0,40.0
568.8723358009935,3.0,1.0,6.0,40.0
568.8763358009935,3.0,1.0,6.0,40.0
569.1763358009935,3.0,1.0,6.0,40.0
569.1803358009935,3.0,1.0,6.0,40.0
569.4803358009934,3.0,1.0,6.0,40.0
569.4843358009934,3.0,1.0,6.0,40.0
569.7843358009934,3.0,1.0,6.0,40.0
569.7883358009934,3.0,1.0,6.0,40.0
570.0883358009934,3.0,1.0,6.0,40.0
570.0923358009934,3.0,1.0,6.0,40.0
570.3923358009934,3.0,1.0,6.0,40.0
570.3963358009934,3.0,1.0,6.0,40.0
570.6963358009933,3.0,1.0,6.0,40.0
570.7003358009933,3.0,1.0,6.0,40.0
571.0003358009933,3.0,1.0,6.0,40.0
571.0043358009933,3.0,1.0,6.0,40.0
571.3043358009933,3.0,1.0,6.0,40.0
571.3083358009933,3.0,1.0,6.0,40.0
571.6083358009932,3.0,1.0,6.0,40.0
571.6123358009933,3.0,1.0,6.0,40.0
571.9123358009932,3.0,1.0,6.0,40.0
571.9163358009932,3.0,1.0,6.0,40.0
572.2163358009932,3.0,1.0,6.0,40.0
572.2203358009932,3.0,1.0,6.0,40.0
572.5203358009932,3.0,1.0,6.0,40.0
572.5243358009932,3.0,1.0,6.0,40.0
572.8243358009931,3.0,1.0,6.0,40.0
572.8283358009932,3.0,1.0,6.0,40.0
573.1283358009931,3.0,1.0,6.0,40.0
573.1323358009931,3.0,1.0,6.0,40.0
573.4323358009931,3.0,1.0,6.0,40.0
573.4363358009931,3.0,1.0,6.0,40.0
573.7363358009931,3.0,1.0,6.0,40.0
573.7403358009931,3.0,1.0,6.0,40.0
574.040335800993,3.0,1.0,6.0,40.0
574.044335800993,3.0,1.0,6.0,40.0
574.344335800993,3.0,1.0,6.0,40.0
574.348335800993,3.0,1.0,6.0,39.0
574.648335800993,3.0,1.0,6.0,39.0
574.652335800993,3.0,1.0,6.0,39.0
574.952335800993,3.0,1.0,6.0,39.0
574.956335800993,3.0,1.0,6.0,39.0
575.2563358009929,3.0,1.0,6.0,39.0
575.260335800993,3.0,1.0,6.0,39.0
575.5603358009929,3.0,1.0,6.0,39.0
575.5643358009929,3.0,1.0,6.0,39.0
575.8643358009929,3.0,1.0,6.0,39.0
575.8683358009929,3.0,1.0,6.0,39.0
576.1683358009928,3.0,1.0,6.0,39.0
576.1723358009929,3.0,1.0,6.0,39.0
576.4723358009928,3.0,1.0,6.0,39.0
576.4763358009928,3.0,1.0,6.0,39.0
576.7763358009928,3.0,1.0,6.0,39.0
576.7803358009928,3.0,1.0,6.0,39.0
577.0803358009928,3.0,1.0,6.0,39.0
577.0843358009928,3.0,1.0,6.0,39.0
577.3843358009927,3.0,1.0,6.0,39.0
577.3883358009928,3.0,6.0,6.0,39.0
577.6883358009927,3.0,6.0,6.0,39.0
577.6900024676594,3.0,6.0,6.0,39.0
577.9900024676593,3.0,6.0,6.0,39.0
577.991669134326,3.0,6.0,6.0,39.0
578.291669134326,3.0,6.0,6.0,39.0
578.2933358009926,3.0,6.0,6.0,39.0
578.5933358009926,3.0,6.0,6.0,39.0
578.5950024676592,3.0,6.0,6.0,39.0
578.8950024676592,3.0,6.0,6.0,39.0
578.8966691343259,3.0,6.0,6.0,39.0
579.1966691343258,3.0,6.0,6.0,39.0
579.1983358009925,3.0,6.0,6.0,39.0
579.4983358009924,3.0,6.0,6.0,39.0
579.5000024676591,3.0,6.0,6.0,39.0
579.800002467659,3.0,6.0,6.0,39.0
579.8016691343257,3.0,6.0,6.0,39.0
580.1016691343257,3.0,6.0,6.0,39.0
580.1033358009923,3.0,6.0,6.0,39.0
580.4033358009923,3.0,6.0,6.0,39.0
580.405002467659,3.0,6.0,6.0,39.0
580.7050024676589,3.0,6.0,6.0,39.0
580.7066691343256,3.0,6.0,6.0,39.0
581.0066691343255,3.0,6.0,6.0,39.0
581.0083358009922,3.0,6.0,6.0,39.0
581.3083358009922,3.0,6.0,6.0,39.0
581.3100024676588,3.0,6.0,6.0,39.0
581.6100024676588,3.0,6.0,6.0,39.0
581.6116691343254,3.0,6.0,6.0,39.0
581.9116691343254,3.0,6.0,6.0,39.0
581.9133358009921,3.0,6.0,6.0,39.0
582.213335800992,3.0,6.0,6.0,39.0
582.2150024676587,3.0,6.0,6.0,39.0
582.5150024676586,3.0,6.0,6.0,39.0
582.5166691343253,3.0,6.0,6.0,39.0
582.8166691343253,3.0,6.0,6.0,39.0
582.8183358009919,3.0,6.0,6.0,39.0
583.1183358009919,3.0,6.0,6.0,39.0
583.1200024676585,3.0,6.0,6.0,39.0
583.4200024676585,3.0,6.0,6.0,39.0
583.4216691343252,3.0,6.0,6.0,39.0
583.7216691343251,3.0,6.0,6.0,39.0
583.7233358009918,3.0,6.0,6.0,39.0
584.0233358009917,3.0,6.0,6.0,39.0
584.0250024676584,3.0,6.0,6.0,39.0
584.3250024676584,3.0,6.0,6.0,39.0
584.326669134325,3.0,6.0,6.0,39.0
584.626669134325,3.0,6.0,6.0,39.0
584.6283358009916,3.0,6.0,6.0,39.0
584.9283358009916,3.0,6.0,6.0,39.0
584.9300024676583,3.0,6.0,6.0,39.0
585.2300024676582,3.0,6.0,6.0,39.0
585.2316691343249,3.0,6.0,6.0,39.0
585.5316691343248,3.0,6.0,6.0,39.0
585.5333358009915,3.0,4.0,6.0,40.0
585.8333358009914,3.0,4.0,6.0,40.0
585.8370858009914,3.0,4.0,6.0,40.0
586.1370858009914,3.0,4.0,6.0,40.0
586.1408358009913,1.0,4.0,7.0,40.0
586.4408358009913,1.0,4.0,7.0,40.0
586.4445858009913,1.0,4.0,7.0,40.0
586.7445858009912,1.0,4.0,7.0,40.0
586.7483358009912,1.0,4.0,7.0,40.0
587.0483358009911,1.0,4.0,7.0,40.0
587.0520858009911,1.0,4.0,7.0,40.0
587.3520858009911,1.0,4.0,7.0,40.0
587.355835800991,1.0,4.0,7.0,40.0
587.655835800991,1.0,4.0,7.0,40.0
587.659585800991,1.0,4.0,7.0,40.0
587.9595858009909,1.0,4.0,7.0,40.0
587.9633358009909,1.0,4.0,7.0,40.0
588.2633358009908,1.0,4.0,7.0,40.0
588.2670858009908,1.0,4.0,7.0,40.0
588.5670858009908,1.0,4.0,7.0,40.0
588.5708358009907,1.0,4.0,7.0,40.0
588.8708358009907,1.0,4.0,7.0,40.0
588.8745858009906,1.0,4.0,7.0,40.0
589.1745858009906,1.0,4.0,7.0,40.0
589.1783358009906,1.0,4.0,7.0,40.0
589.4783358009905,1.0,4.0,7.0,40.0
589.4820858009905,1.0,4.0,7.0,40.0
589.7820858009904,1.0,4.0,7.0,40.0
589.7858358009904,1.0,4.0,7.0,40.0
590.0858358009904,1.0,4.0,7.0,40.0
590.0895858009903,1.0,4.0,7.0,40.0
590.3895858009903,1.0,4.0,7.0,40.0
590.3933358009903,1.0,4.0,7.0,40.0
590.6933358009902,1.0,4.0,7.0,40.0
590.6939358009902,1.0,4.0,7.0,40.0
590.9939358009901,1.0,4.0,7.0,40.0
590.9945358009901,1.0,4.0,7.0,40.0
591.29453580099,1.0,4.0,7.0,40.0
591.29513580099,1.0,4.0,7.0,40.0
591.59513580099,1.0,4.0,7.0,40.0
591.5957358009899,1.0,4.0,7.0,40.0
591.8957358009899,1.0,4.0,7.0,40.0
591.8963358009898,1.0,4.0,7.0,40.0
592.1963358009898,1.0,4.0,7.0,40.0
592.1969358009898,1.0,4.0,7.0,40.0
592.4969358009897,1.0,4.0,7.0,40.0
592.4975358009897,1.0,4.0,7.0,40.0
592.7975358009896,1.0,4.0,7.0,40.0
592.7981358009896,1.0,4.0,7.0,40.0
593.0981358009896,1.0,4.0,7.0,40.0
593.0987358009895,1.0,4.0,7.0,40.0
593.3987358009895,1.0,4.0,7.0,40.0
593.3993358009894,1.0,4.0,7.0,40.0
593.6993358009894,1.0,4.0,7.0,40.0
593.6999358009894,1.0,4.0,7.0,40.0
593.9999358009893,1.0,4.0,7.0,40.0
594.0005358009893,1.0,4.0,7.0,40.0
594.3005358009892,1.0,4.0,7.0,40.0
594.3011358009892,1.0,4.0,7.0,40.0
594.6011358009891,1.0,4.0,7.0,40.0
594.6017358009891,1.0,4.0,7.0,40.0
594.9017358009891,1.0,4.0,7.0,40.0
594.902335800989,1.0,4.0,7.0,40.0
595.202335800989,1.0,4.0,7.0,40.0
595.2029358009889,1.0,4.0,7.0,40.0
595.5029358009889,1.0,4.0,7.0,40.0
595.5035358009889,1.0,4.0,7.0,40.0
595.8035358009888,1.0,4.0,7.0,40.0
595.8041358009888,1.0,4.0,7.0,40.0
596.1041358009887,1.0,4.0,7.0,40.0
596.1047358009887,1.0,4.0,7.0,40.0
596.4047358009886,1.0,4.0,7.0,40.0
596.4053358009886,1.0,4.0,7.0,40.0
596.7053358009886,1.0,4.0,7.0,40.0
596.7059358009885,1.0,4.0,7.0,40.0
597.0059358009885,1.0,4.0,7.0,40.0
597.0065358009884,1.0,4.0,7.0,40.0
597.3065358009884,1.0,4.0,7.0,40.0
597.3071358009884,1.0,4.0,7.0,40.0
597.6071358009883,1.0,4.0,7.0,40.0
597.6077358009883,1.0,4.0,7.0,40.0
597.9077358009882,1.0,4.0,7.0,40.0
597.9083358009882,1.0,4.0,7.0,40.0
598.2083358009882,1.0,4.0,7.0,40.0
598.2089358009881,1.0,4.0,7.0,40.0
598.5089358009881,1.0,4.0,7.0,40.0
598.509535800988,1.0,4.0,7.0,40.0
598.809535800988,1.0,4.0,7.0,40.0
598.810135800988,1.0,4.0,7.0,40.0
599.1101358009879,1.0,4.0,7.0,40.0
599.1107358009879,1.0,4.0,7.0,40.0
599.4107358009878,1.0,4.0,7.0,40.0
599.4113358009878,1.0,4.0,7.0,40.0
599.7113358009877,1.0,4.0,7.0,40.0
599.7119358009877,1.0,4.0,7.0,40.0
600.0119358009877,1.0,4.0,7.0,40.0
600.0125358009876,1.0,4.0,7.0,40.0
600.3125358009876,1.0,4.0,7.0,40.0
600.3131358009875,1.0,4.0,7.0,40.0
600.6131358009875,1.0,4.0,7.0,40.0
600.6137358009875,1.0,4.0,7.0,40.0
600.9137358009874,1.0,4.0,7.0,40.0
600.9143358009874,1.0,4.0,7.0,40.0
601.2143358009873,1.0,4.0,7.0,40.0
601.2149358009873,1.0,4.0,7.0,40.0
601.5149358009872,1.0,4.0,7.0,40.0
601.5155358009872,1.0,4.0,7.0,40.0
601.8155358009872,1.0,4.0,7.0,40.0
601.8161358009871,1.0,4.0,7.0,40.0
602.1161358009871,1.0,4.0,7.0,40.0
602.116735800987,1.0,4.0,7.0,40.0
602.416735800987,1.0,4.0,7.0,40.0
602.417335800987,1.0,4.0,7.0,40.0
602.7173358009869,1.0,4.0,7.0,40.0
602.7179358009869,1.0,4.0,7.0,40.0
603.0179358009868,1.0,4.0,7.0,40.0
603.0185358009868,1.0,4.0,7.0,40.0
603.3185358009868,1.0,4.0,7.0,40.0
603.3191358009867,1.0,4.0,7.0,40.0
603.6191358009867,1.0,4.0,7.0,40.0
603.6197358009866,1.0,4.0,7.0,40.0
603.9197358009866,1.0,4.0,7.0,40.0
603.9203358009865,1.0,4.0,7.0,40.0
604.2203358009865,1.0,4.0,7.0,40.0
604.2209358009865,1.0,4.0,7.0,40.0
604.5209358009864,1.0,4.0,7.0,40.0
604.5215358009864,1.0,4.0,7.0,40.0
604.8215358009863,1.0,4.0,7.0,40.0
604.8221358009863,1.0,4.0,7.0,40.0
605.1221358009863,1.0,4.0,7.0,40.0
605.1227418615923,1.0,4.0,7.0,40.0
605.4227418615923,1.0,4.0,7.0,40.0
605.4233479221983,1.0,4.0,7.0,40.0
605.7233479221983,1.0,4.0,7.0,40.0
605.7239539828043,1.0,4.0,7.0,40.0
606.0239539828043,1.0,4.0,7.0,40.0
606.0245600434104,1.0,4.0,7.0,40.0
606.3245600434103,1.0,4.0,7.0,40.0
606.3251661040164,1.0,4.0,7.0,40.0
606.6251661040163,1.0,4.0,7.0,40.0
606.6257721646224,1.0,4.0,7.0,40.0
606.9257721646223,1.0,4.0,7.0,40.0
606.9263782252284,1.0,4.0,7.0,40.0
607.2263782252284,1.0,4.0,7.0,40.0
607.2269842858344,1.0,4.0,7.0,40.0
607.5269842858344,1.0,4.0,7.0,40.0
607.5275903464404,1.0,4.0,7.0,40.0
607.8275903464404,1.0,4.0,7.0,40.0
607.8281964070464,1.0,4.0,7.0,40.0
608.1281964070464,1.0,4.0,7.0,40.0
608.1288024676525,1.0,4.0,7.0,40.0
608.4288024676524,1.0,4.0,7.0,40.0
608.4294085282585,1.0,4.0,7.0,40.0
608.7294085282584,1.0,4.0,7.0,40.0
608.7300145888645,1.0,4.0,7.0,40.0
609.0300145888644,1.0,4.0,7.0,40.0
609.0306206494705,1.0,4.0,7.0,40.0
609.3306206494705,1.0,4.0,7.0,40.0
609.3312267100765,1.0,4.0,7.0,40.0
609.6312267100765,1.0,4.0,7.0,40.0
609.6318327706825,1.0,4.0,7.0,40.0
609.9318327706825,1.0,4.0,7.0,40.0
609.9324388312886,1.0,4.0,7.0,40.0
610.2324388312885,1.0,4.0,7.0,40.0
610.2330448918946,1.0,4.0,7.0,40.0
610.5330448918945,1.0,4.0,7.0,40.0
610.5336509525006,1.0,4.0,7.0,40.0
610.8336509525005,1.0,4.0,7.0,40.0
610.8342570131066,1.0,4.0,7.0,40.0
611.1342570131065,1.0,4.0,7.0,40.0
611.1348630737126,1.0,4.0,7.0,40.0
611.4348630737126,1.0,4.0,7.0,40.0
611.4354691343186,1.0,4.0,7.0,40.0
611.7354691343186,1.0,4.0,7.0,40.0
611.7360751949246,1.0,4.0,7.0,40.0
612.0360751949246,1.0,4.0,7.0,40.0
612.0366812555307,1.0,4.0,7.0,40.0
612.3366812555306,1.0,4.0,7.0,40.0
612.3372873161367,1.0,4.0,7.0,40.0
612.6372873161366,1.0,4.0,7.0,40.0
612.6378933767427,1.0,4.0,7.0,40.0
612.9378933767426,1.0,4.0,7.0,40.0
612.9384994373487,1.0,4.0,7.0,40.0
613.2384994373487,1.0,4.0,7.0,40.0
613.2391054979547,1.0,4.0,7.0,40.0
613.5391054979547,1.0,4.0,7.0,40.0
613.5397115585607,1.0,4.0,7.0,40.0
613.8397115585607,1.0,4.0,7.0,40.0
613.8403176191667,1.0,4.0,7.0,40.0
614.1403176191667,1.0,4.0,7.0,40.0
614.1409236797728,1.0,4.0,7.0,40.0
614.4409236797727,1.0,4.0,7.0,40.0
614.4415297403788,1.0,4.0,7.0,40.0
614.7415297403787,1.0,4.0,7.0,40.0
614.7421358009848,1.0,4.0,7.0,40.0
615.0421358009847,1.0,4.0,7.0,40.0
615.0427418615908,1.0,4.0,7.0,40.0
615.3427418615908,1.0,4.0,7.0,40.0
615.3433479221968,1.0,4.0,7.0,40.0
615.6433479221968,1.0,4.0,7.0,40.0
615.6439539828028,1.0,4.0,7.0,40.0
615.9439539828028,1.0,4.0,7.0,40.0
615.9445600434088,1.0,4.0,7.0,40.0
616.2445600434088,1.0,4.0,7.0,40.0
616.2451661040149,1.0,4.0,7.0,40.0
616.5451661040148,1.0,4.0,7.0,40.0
616.5457721646209,1.0,4.0,7.0,40.0
616.8457721646208,1.0,4.0,7.0,40.0
616.8463782252269,1.0,4.0,7.0,40.0
617.1463782252268,1.0,4.0,7.0,40.0
617.1469842858329,1.0,4.0,7.0,40.0
617.4469842858329,1.0,4.0,7.0,40.0
617.4475903464389,1.0,4.0,7.0,40.0
617.7475903464389,1.0,4.0,7.0,40.0
617.7481964070449,1.0,4.0,7.0,40.0
618.0481964070449,1.0,4.0,7.0,40.0
618.0488086519429,1.0,4.0,7.0,40.0
618.3488086519428,1.0,4.0,7.0,40.0
618.3494208968408,1.0,4.0,7.0,40.0
618.6494208968408,1.0,4.0,7.0,40.0
618.6500331417387,1.0,4.0,7.0,39.0
618.9500331417387,1.0,4.0,7.0,39.0
618.9506453866367,1.0,4.0,7.0,39.0
619.2506453866366,1.0,4.0,7.0,39.0
619.2512576315346,1.0,4.0,7.0,39.0
619.5512576315346,1.0,4.0,7.0,39.0
619.5518698764325,1.0,4.0,7.0,39.0
619.8518698764325,1.0,4.0,7.0,39.0
619.8524821213305,1.0,4.0,7.0,39.0
620.1524821213304,1.0,4.0,7.0,39.0
620.1530943662284,1.0,4.0,7.0,39.0
620.4530943662284,1.0,4.0,7.0,39.0
620.4537066111263,1.0,4.0,7.0,39.0
620.7537066111263,1.0,4.0,7.0,39.0
620.7543188560243,1.0,4.0,7.0,39.0
621.0543188560242,1.0,4.0,7.0,39.0
621.0549311009222,1.0,4.0,7.0,39.0
621.3549311009222,1.0,4.0,7.0,39.0
621.3555433458201,1.0,4.0,7.0,39.0
621.6555433458201,1.0,4.0,7.0,39.0
621.6561555907181,1.0,4.0,7.0,39.0
621.956155590718,1.0,4.0,7.0,39.0
621.956767835616,1.0,4.0,7.0,39.0
622.256767835616,1.0,4.0,7.0,39.0
622.2573800805139,1.0,4.0,7.0,39.0
622.5573800805139,1.0,4.0,7.0,39.0
622.5579923254119,1.0,4.0,7.0,39.0
622.8579923254118,1.0,4.0,7.0,39.0
622.8586045703098,1.0,2.0,7.0,40.0
623.1586045703098,1.0,2.0,7.0,40.0
623.1592168152077,1.0,2.0,7.0,40.0
623.4592168152077,1.0,2.0,7.0,40.0
623.4598290601057,1.0,2.0,7.0,40.0
623.7598290601056,1.0,2.0,7.0,40.0
623.7604413050036,1.0,2.0,7.0,40.0
624.0604413050036,1.0,2.0,7.0,40.0
624.0610598617046,1.0,2.0,7.0,40.0
624.3610598617046,1.0,2.0,7.0,40.0
624.3616784184056,1.0,2.0,7.0,40.0
624.6616784184056,1.0,2.0,7.0,40.0
624.6622969751066,1.0,2.0,7.0,40.0
624.9622969751066,1.0,2.0,7.0,40.0
624.9629155318077,1.0,2.0,7.0,40.0
625.2629155318076,1.0,2.0,7.0,40.0
625.2635340885087,1.0,2.0,7.0,40.0
625.5635340885086,1.0,2.0,7.0,40.0
625.5641526452097,1.0,2.0,7.0,40.0
625.8641526452096,1.0,2.0,7.0,40.0
625.8647712019107,1.0,2.0,7.0,40.0
626.1647712019106,1.0,2.0,7.0,40.0
626.1653897586117,1.0,2.0,7.0,40.0
626.4653897586116,1.0,2.0,7.0,40.0
626.4660083153127,1.0,2.0,7.0,40.0
626.7660083153127,1.0,2.0,7.0,40.0
626.7666268720137,1.0,2.0,7.0,40.0
627.0666268720137,1.0,2.0,7.0,40.0
627.0672454287147,1.0,2.0,7.0,40.0
627.3672454287147,1.0,2.0,7.0,40.0
627.3678639854157,1.0,2.0,7.0,40.0
627.6678639854157,1.0,2.0,7.0,40.0
627.6684825421167,1.0,2.0,7.0,40.0
627.9684825421167,1.0,2.0,7.0,40.0
627.9691075421167,1.0,2.0,7.0,40.0
628.2691075421167,1.0,2.0,7.0,40.0
628.2697325421167,1.0,2.0,7.0,40.0
628.5697325421166,1.0,2.0,7.0,40.0
628.5703575421167,1.0,2.0,7.0,40.0
628.8703575421166,1.0,2.0,7.0,40.0
628.8709825421166,1.0,2.0,7.0,40.0
629.1709825421166,1.0,2.0,7.0,40.0
629.1716075421166,1.0,2.0,7.0,40.0
629.4716075421165,1.0,2.0,7.0,40.0
629.4722325421166,1.0,2.0,7.0,40.0
629.7722325421165,1.0,2.0,7.0,40.0
629.7728575421165,1.0,2.0,7.0,40.0
630.0728575421165,1.0,2.0,7.0,40.0
630.0734825421165,1.0,2.0,7.0,40.0
630.3734825421164,1.0,2.0,7.0,40.0
630.3741075421165,1.0,2.0,7.0,40.0
630.6741075421164,1.0,2.0,7.0,40.0
630.6747325421164,1.0,2.0,7.0,40.0
630.9747325421164,1.0,2.0,7.0,40.0
630.9753575421164,1.0,2.0,7.0,40.0
631.2753575421164,1.0,2.0,7.0,40.0
631.2759825421164,1.0,2.0,7.0,40.0
631.5759825421163,1.0,2.0,7.0,40.0
631.5766075421163,1.0,2.0,7.0,40.0
631.8766075421163,1.0,2.0,7.0,40.0
631.8772325421163,1.0,2.0,7.0,40.0
632.1772325421163,1.0,2.0,7.0,40.0
632.1778575421163,1.0,2.0,7.0,40.0
632.4778575421162,1.0,2.0,7.0,40.0
632.4784825421162,1.0,2.0,7.0,40.0
632.7784825421162,1.0,2.0,7.0,40.0
632.7791075421162,1.0,2.0,7.0,40.0
633.0791075421162,1.0,2.0,7.0,40.0
633.0797325421162,1.0,2.0,7.0,40.0
633.3797325421161,1.0,2.0,7.0,40.0
633.3803575421161,1.0,2.0,7.0,40.0
633.6803575421161,1.0,2.0,7.0,40.0
633.6809825421161,1.0,2.0,7.0,40.0
633.9809825421161,1.0,2.0,7.0,40.0
633.9816075421161,1.0,2.0,7.0,40.0
634.281607542116,1.0,2.0,7.0,40.0
634.282232542116,1.0,2.0,7.0,40.0
634.582232542116,1.0,2.0,7.0,40.0
634.582857542116,1.0,2.0,7.0,40.0
634.882857542116,1.0,2.0,7.0,40.0
634.883482542116,1.0,2.0,7.0,40.0
635.1834825421159,1.0,2.0,7.0,40.0
635.184107542116,1.0,2.0,7.0,40.0
635.4841075421159,1.0,2.0,7.0,40.0
635.4847325421159,1.0,2.0,7.0,40.0
635.7847325421159,1.0,2.0,7.0,40.0
635.7853575421159,1.0,2.0,7.0,40.0
636.0853575421158,1.0,2.0,7.0,40.0
636.0859825421159,1.0,2.0,7.0,40.0
636.3859825421158,1.0,2.0,7.0,40.0
636.3866075421158,1.0,2.0,7.0,40.0
636.6866075421158,1.0,2.0,7.0,40.0
636.6872325421158,1.0,2.0,7.0,40.0
636.9872325421157,1.0,2.0,7.0,40.0
636.9878641210631,1.0,2.0,7.0,40.0
637.2878641210631,1.0,2.0,7.0,40.0
637.2884957000105,1.0,2.0,7.0,40.0
637.5884957000104,1.0,2.0,7.0,40.0
637.5891272789578,1.0,2.0,7.0,40.0
637.8891272789577,1.0,2.0,7.0,40.0
637.8897588579051,1.0,2.0,7.0,40.0
638.1897588579051,1.0,2.0,7.0,40.0
638.1903904368525,1.0,2.0,7.0,40.0
638.4903904368524,1.0,2.0,7.0,40.0
638.4910220157998,1.0,2.0,7.0,40.0
638.7910220157997,1.0,2.0,7.0,40.0
638.7916535947471,1.0,2.0,7.0,40.0
639.0916535947471,1.0,2.0,7.0,40.0
639.0922851736944,1.0,2.0,7.0,40.0
639.3922851736944,1.0,2.0,7.0,40.0
639.3929167526418,1.0,2.0,7.0,40.0
639.6929167526417,1.0,2.0,7.0,40.0
639.6935483315891,1.0,2.0,7.0,40.0
639.9935483315891,1.0,2.0,7.0,40.0
639.9941799105364,1.0,2.0,7.0,40.0
640.2941799105364,1.0,2.0,7.0,40.0
640.2948114894838,1.0,2.0,7.0,40.0
640.5948114894837,1.0,2.0,7.0,40.0
640.5954430684311,1.0,2.0,7.0,40.0
640.8954430684311,1.0,2.0,7.0,40.0
640.8960746473784,1.0,2.0,7.0,40.0
641.1960746473784,1.0,2.0,7.0,40.0
641.1967062263258,1.0,2.0,7.0,40.0
641.4967062263257,1.0,2.0,7.0,40.0
641.4973378052731,1.0,2.0,7.0,40.0
641.7973378052731,1.0,2.0,7.0,40.0
641.7979693842204,1.0,2.0,7.0,40.0
642.0979693842204,1.0,2.0,7.0,40.0
642.0986009631678,1.0,2.0,7.0,40.0
642.3986009631677,1.0,2.0,7.0,40.0
642.3992325421151,1.0,2.0,7.0,40.0
642.699232542115,1.0,2.0,7.0,40.0
642.6998641210624,1.0,2.0,7.0,40.0
642.9998641210624,1.0,2.0,7.0,40.0
643.0004957000098,1.0,2.0,7.0,40.0
643.3004957000097,1.0,2.0,7.0,40.0
643.3011272789571,1.0,2.0,7.0,40.0
643.601127278957,1.0,2.0,7.0,40.0
643.6017588579044,1.0,2.0,7.0,40.0
643.9017588579044,1.0,2.0,7.0,40.0
643.9023904368518,1.0,2.0,7.0,40.0
644.2023904368517,1.0,2.0,7.0,40.0
644.2030220157991,1.0,2.0,7.0,40.0
644.503022015799,1.0,2.0,7.0,40.0
644.5036535947464,1.0,2.0,7.0,40.0
644.8036535947464,1.0,2.0,7.0,40.0
644.8042851736938,1.0,2.0,7.0,40.0
645.1042851736937,1.0,2.0,7.0,40.0
645.1049167526411,1.0,2.0,7.0,40.0
645.404916752641,1.0,2.0,7.0,40.0
645.4055483315884,1.0,2.0,7.0,40.0
645.7055483315884,1.0,2.0,7.0,40.0
645.7061799105358,1.0,2.0,7.0,40.0
646.0061799105357,1.0,2.0,7.0,40.0
646.0068114894831,1.0,2.0,7.0,40.0
646.306811489483,1.0,2.0,7.0,40.0
646.3074430684304,1.0,2.0,7.0,40.0
646.6074430684304,1.0,2.0,7.0,40.0
646.6080746473777,1.0,2.0,7.0,40.0
646.9080746473777,1.0,2.0,7.0,40.0
646.9087062263251,1.0,2.0,7.0,40.0
647.208706226325,1.0,2.0,7.0,40.0
647.2093378052724,1.0,2.0,7.0,40.0
647.5093378052724,1.0,2.0,7.0,40.0
647.5099693842197,1.0,2.0,7.0,40.0
647.8099693842197,1.0,2.0,7.0,40.0
647.8106009631671,1.0,2.0,7.0,40.0
648.110600963167,1.0,2.0,7.0,40.0
648.1112325421144,1.0,2.0,7.0,40.0
648.4112325421144,1.0,2.0,7.0,40.0
648.4118641210617,1.0,2.0,7.0,40.0
648.7118641210617,1.0,2.0,7.0,40.0
648.7124957000091,1.0,2.0,7.0,40.0
649.012495700009,1.0,2.0,7.0,40.0
649.0131272789564,1.0,2.0,7.0,40.0
649.3131272789564,1.0,2.0,7.0,40.0
649.3137588579037,1.0,2.0,7.0,40.0
649.6137588579037,1.0,2.0,7.0,40.0
649.6143904368511,1.0,2.0,7.0,40.0
649.914390436851,1.0,2.0,7.0,40.0
649.9150220157984,1.0,2.0,7.0,40.0
650.2150220157984,1.0,2.0,7.0,40.0
650.2156535947457,1.0,2.0,7.0,40.0
650.5156535947457,1.0,2.0,7.0,40.0
650.5162851736931,1.0,2.0,7.0,40.0
650.816285173693,1.0,2.0,7.0,40.0
650.8169167526404,1.0,2.0,7.0,40.0
651.1169167526403,1.0,2.0,7.0,40.0
651.1175483315877,1.0,2.0,7.0,40.0
651.4175483315877,1.0,2.0,7.0,40.0
651.4181799105351,1.0,2.0,7.0,40.0
651.718179910535,1.0,2.0,7.0,40.0
651.7188114894824,1.0,2.0,7.0,40.0
652.0188114894823,1.0,2.0,7.0,40.0
652.0194430684297,1.0,2.0,7.0,40.0
652.3194430684297,1.0,2.0,7.0,40.0
652.320074647377,1.0,2.0,7.0,40.0
652.620074647377,1.0,2.0,7.0,40.0
652.6207062263244,1.0,2.0,7.0,40.0
652.9207062263243,1.0,2.0,7.0,40.0
652.9213378052717,1.0,2.0,7.0,40.0
653.2213378052717,1.0,2.0,7.0,40.0
653.221969384219,1.0,2.0,7.0,40.0
653.521969384219,1.0,2.0,7.0,40.0
653.5226009631664,1.0,2.0,7.0,40.0
653.8226009631663,1.0,2.0,7.0,40.0
653.8232325421137,1.0,2.0,7.0,40.0
654.1232325421137,1.0,2.0,7.0,40.0
654.123864121061,1.0,2.0,7.0,40.0
654.423864121061,1.0,2.0,7.0,40.0
654.4244957000084,1.0,2.0,7.0,40.0
654.7244957000083,1.0,2.0,7.0,40.0
654.7251272789557,1.0,2.0,7.0,40.0
655.0251272789557,1.0,2.0,7.0,40.0
655.025758857903,1.0,2.0,7.0,40.0
655.325758857903,1.0,2.0,7.0,40.0
655.3263904368504,1.0,2.0,7.0,40.0
655.6263904368503,1.0,2.0,7.0,40.0
655.6270220157977,1.0,2.0,7.0,40.0
655.9270220157977,1.0,2.0,7.0,40.0
655.927653594745,1.0,2.0,7.0,40.0
656.227653594745,1.0,2.0,7.0,40.0
656.2282851736924,1.0,2.0,7.0,40.0
656.5282851736923,1.0,2.0,7.0,40.0
656.5289167526397,1.0,2.0,7.0,40.0
656.8289167526397,1.0,2.0,7.0,40.0
656.829548331587,1.0,2.0,7.0,40.0
657.129548331587,1.0,2.0,7.0,40.0
657.1301799105344,1.0,2.0,7.0,40.0
657.4301799105343,1.0,2.0,7.0,40.0
657.4308114894817,1.0,2.0,7.0,40.0
657.7308114894817,1.0,2.0,7.0,40.0
657.731443068429,1.0,2.0,7.0,40.0
658.031443068429,1.0,2.0,7.0,40.0
658.0320746473764,1.0,2.0,7.0,40.0
658.3320746473763,1.0,2.0,7.0,40.0
658.3327062263237,1.0,2.0,7.0,40.0
658.6327062263236,1.0,2.0,7.0,40.0
658.633337805271,1.0,2.0,7.0,40.0
658.933337805271,1.0,2.0,7.0,40.0
658.9339693842184,1.0,2.0,7.0,40.0
659.2339693842183,1.0,2.0,7.0,40.0
659.2346009631657,1.0,2.0,7.0,40.0
659.5346009631656,1.0,2.0,7.0,40.0
659.535232542113,1.0,2.0,7.0,40.0
659.835232542113,1.0,2.0,7.0,40.0
659.8358641210604,1.0,2.0,7.0,40.0
660.1358641210603,1.0,2.0,7.0,40.0
660.1364957000077,1.0,2.0,7.0,40.0
660.4364957000076,1.0,2.0,7.0,40.0
660.437127278955,1.0,2.0,7.0,40.0
660.737127278955,1.0,2.0,7.0,40.0
660.7377588579023,1.0,2.0,7.0,40.0
661.0377588579023,1.0,2.0,7.0,40.0
661.0383904368497,1.0,2.0,7.0,40.0
661.3383904368496,1.0,2.0,7.0,40.0
661.339028734722,1.0,2.0,7.0,40.0
661.6390287347219,1.0,2.0,7.0,40.0
661.6396670325943,1.0,2.0,7.0,40.0
661.9396670325942,1.0,2.0,7.0,40.0
661.9403053304666,1.0,2.0,7.0,40.0
662.2403053304665,1.0,2.0,7.0,40.0
662.2409436283389,1.0,2.0,7.0,40.0
662.5409436283388,1.0,2.0,7.0,40.0
662.5415819262112,1.0,2.0,7.0,40.0
662.8415819262111,1.0,2.0,7.0,40.0
662.8422202240835,1.0,2.0,7.0,40.0
663.1422202240834,1.0,2.0,7.0,40.0
663.1428585219558,1.0,2.0,7.0,40.0
663.4428585219557,1.0,2.0,7.0,40.0
663.443496819828,1.0,2.0,7.0,40.0
663.743496819828,1.0,2.0,7.0,40.0
663.7441351177004,1.0,2.0,7.0,40.0
664.0441351177003,1.0,2.0,7.0,40.0
664.0447734155726,1.0,2.0,7.0,40.0
664.3447734155726,1.0,2.0,7.0,40.0
664.345411713445,1.0,2.0,7.0,40.0
664.6454117134449,1.0,2.0,7.0,40.0
664.6460500113172,1.0,2.0,7.0,40.0
664.9460500113172,1.0,2.0,7.0,40.0
664.9466883091895,1.0,2.0,7.0,40.0
665.2466883091895,1.0,2.0,7.0,40.0
665.2473266070618,1.0,2.0,7.0,40.0
665.5473266070618,1.0,2.0,7.0,40.0
665.5479649049341,1.0,2.0,7.0,40.0
665.8479649049341,1.0,2.0,7.0,40.0
665.8486032028064,1.0,2.0,7.0,40.0
666.1486032028064,1.0,2.0,7.0,40.0
666.1492415006787,1.0,2.0,7.0,40.0
666.4492415006787,1.0,2.0,7.0,40.0
666.449879798551,1.0,2.0,7.0,40.0
666.749879798551,1.0,2.0,7.0,40.0
666.7505180964233,1.0,2.0,7.0,40.0
667.0505180964233,1.0,2.0,7.0,40.0
667.0511563942956,1.0,2.0,7.0,40.0
667.3511563942956,1.0,2.0,7.0,40.0
667.3517946921679,1.0,2.0,7.0,40.0
667.6517946921679,1.0,2.0,7.0,40.0
667.6524329900402,1.0,2.0,7.0,40.0
667.9524329900402,1.0,2.0,7.0,40.0
667.9530712879125,1.0,2.0,7.0,40.0
668.2530712879125,1.0,2.0,7.0,40.0
668.2537095857848,1.0,2.0,7.0,40.0
668.5537095857848,1.0,2.0,7.0,40.0
668.5543478836571,1.0,2.0,7.0,40.0
668.854347883657,1.0,2.0,7.0,40.0
668.8549861815294,1.0,2.0,7.0,40.0
669.1549861815294,1.0,2.0,7.0,40.0
669.1556244794017,1.0,2.0,7.0,40.0
669.4556244794016,1.0,2.0,7.0,40.0
669.456262777274,1.0,2.0,7.0,40.0
669.756262777274,1.0,2.0,7.0,40.0
669.7569010751463,1.0,2.0,7.0,40.0
670.0569010751462,1.0,2.0,7.0,40.0
670.0575393730186,1.0,2.0,7.0,40.0
670.3575393730185,1.0,2.0,7.0,40.0
670.3581776708909,1.0,2.0,7.0,40.0
670.6581776708908,1.0,2.0,7.0,40.0
670.6588159687632,1.0,2.0,7.0,40.0
670.9588159687631,1.0,2.0,7.0,40.0
670.9594542666355,1.0,2.0,7.0,40.0
671.2594542666354,1.0,2.0,7.0,40.0
671.2600925645078,1.0,2.0,7.0,40.0
671.5600925645077,1.0,2.0,7.0,40.0
671.5607308623801,1.0,2.0,7.0,40.0
671.86073086238,1.0,2.0,7.0,40.0
671.8613691602524,1.0,2.0,7.0,40.0
672.1613691602523,1.0,2.0,7.0,40.0
672.1620074581247,1.0,2.0,7.0,40.0
672.4620074581246,1.0,2.0,7.0,40.0
672.462645755997,1.0,2.0,7.0,40.0
672.7626457559969,1.0,2.0,7.0,40.0
672.7632840538693,1.0,2.0,7.0,40.0
673.0632840538692,1.0,2.0,7.0,40.0
673.0639223517416,1.0,2.0,7.0,40.0
673.3639223517415,1.0,2.0,7.0,40.0
673.3645606496138,1.0,2.0,7.0,40.0
673.6645606496138,1.0,2.0,7.0,40.0
673.6651989474861,1.0,2.0,7.0,40.0
673.9651989474861,1.0,2.0,7.0,40.0
673.9658372453584,1.0,2.0,7.0,40.0
674.2658372453584,1.0,2.0,7.0,40.0
674.2664755432307,1.0,2.0,7.0,40.0
674.5664755432307,1.0,2.0,7.0,40.0
674.567113841103,1.0,2.0,7.0,40.0
674.867113841103,1.0,2.0,7.0,40.0
674.8677521389753,1.0,2.0,7.0,40.0
675.1677521389753,1.0,2.0,7.0,40.0
675.1683904368476,1.0,2.0,7.0,40.0
675.4683904368476,1.0,2.0,7.0,40.0
675.4690287347199,1.0,2.0,7.0,40.0
675.7690287347199,1.0,2.0,7.0,40.0
675.7696670325922,1.0,2.0,7.0,40.0
676.0696670325922,1.0,2.0,7.0,40.0
676.0703053304645,1.0,2.0,7.0,40.0
676.3703053304645,1.0,2.0,7.0,40.0
676.3709436283368,1.0,2.0,7.0,40.0
676.6709436283368,1.0,2.0,7.0,40.0
676.6715887896271,1.0,2.0,7.0,40.0
676.971588789627,1.0,2.0,7.0,40.0
676.9722409635401,1.0,2.0,7.0,40.0
677.2722409635401,1.0,2.0,7.0,40.0
677.2728931374531,1.0,2.0,7.0,40.0
677.5728931374531,1.0,2.0,7.0,40.0
677.5735453113662,1.0,2.0,7.0,40.0
677.8735453113661,1.0,2.0,7.0,40.0
677.8741974852792,1.0,2.0,7.0,40.0
678.1741974852791,1.0,2.0,7.0,40.0
678.1748496591922,1.0,2.0,7.0,40.0
678.4748496591922,1.0,2.0,7.0,40.0
678.4755018331052,1.0,2.0,7.0,40.0
678.7755018331052,1.0,2.0,7.0,40.0
678.7761540070182,1.0,2.0,7.0,40.0
679.0761540070182,1.0,2.0,7.0,40.0
679.0768061809313,1.0,2.0,7.0,40.0
679.3768061809312,1.0,2.0,7.0,40.0
679.3774583548443,1.0,2.0,7.0,40.0
679.6774583548442,1.0,2.0,7.0,40.0
679.6781105287573,1.0,2.0,7.0,40.0
679.9781105287573,1.0,2.0,7.0,40.0
679.9787627026703,1.0,2.0,7.0,40.0
680.2787627026703,1.0,2.0,7.0,40.0
680.2794148765834,1.0,2.0,7.0,40.0
680.5794148765833,1.0,2.0,7.0,40.0
680.5800670504964,1.0,2.0,7.0,40.0
680.8800670504963,1.0,2.0,7.0,40.0
680.8807192244094,1.0,2.0,7.0,40.0
681.1807192244094,1.0,2.0,7.0,40.0
681.1813713983224,1.0,2.0,7.0,40.0
681.4813713983224,1.0,2.0,7.0,40.0
681.4820235722354,1.0,2.0,7.0,40.0
681.7820235722354,1.0,2.0,7.0,40.0
681.7826757461485,1.0,2.0,7.0,40.0
682.0826757461484,1.0,2.0,7.0,40.0
682.0833279200615,1.0,2.0,7.0,40.0
682.3833279200614,1.0,2.0,7.0,40.0
682.3839800939745,1.0,2.0,7.0,40.0
682.6839800939745,1.0,2.0,7.0,40.0
682.6846322678875,1.0,2.0,7.0,40.0
682.9846322678875,1.0,2.0,7.0,40.0
682.9852844418006,1.0,2.0,7.0,40.0
683.2852844418005,1.0,2.0,7.0,40.0
683.2859366157136,1.0,2.0,7.0,40.0
683.5859366157135,1.0,2.0,7.0,40.0
683.5865887896266,1.0,2.0,7.0,40.0
683.8865887896266,1.0,2.0,7.0,40.0
683.8872409635396,1.0,2.0,7.0,40.0
684.1872409635396,1.0,2.0,7.0,40.0
684.1878931374526,1.0,2.0,7.0,40.0
684.4878931374526,1.0,2.0,7.0,40.0
684.4885453113657,1.0,2.0,7.0,40.0
684.7885453113656,1.0,2.0,7.0,40.0
684.7891974852787,1.0,2.0,7.0,40.0
685.0891974852786,1.0,2.0,7.0,40.0
685.0898496591917,1.0,2.0,7.0,40.0
685.3898496591917,1.0,2.0,7.0,40.0
685.3905018331047,1.0,2.0,7.0,40.0
685.6905018331047,1.0,2.0,7.0,40.0
685.6911540070178,1.0,2.0,7.0,40.0
685.9911540070177,1.0,2.0,7.0,40.0
685.9918061809308,1.0,2.0,7.0,40.0
686.2918061809307,1.0,2.0,7.0,40.0
686.2924583548438,1.0,2.0,7.0,40.0
686.5924583548438,1.0,2.0,7.0,40.0
686.5931105287568,1.0,2.0,7.0,40.0
686.8931105287568,1.0,2.0,7.0,40.0
686.8937627026698,1.0,2.0,7.0,40.0
687.1937627026698,1.0,2.0,7.0,40.0
687.1944148765829,1.0,2.0,7.0,40.0
687.4944148765828,1.0,2.0,7.0,40.0
687.4950670504959,1.0,2.0,7.0,40.0
687.7950670504958,1.0,2.0,7.0,40.0
687.7957192244089,1.0,2.0,7.0,40.0
688.0957192244089,1.0,2.0,7.0,40.0
688.0963713983219,1.0,2.0,7.0,40.0
688.3963713983219,1.0,2.0,7.0,40.0
688.397023572235,1.0,2.0,7.0,40.0
688.6970235722349,1.0,2.0,7.0,40.0
688.6976829128943,1.0,2.0,7.0,40.0
688.9976829128942,1.0,2.0,7.0,40.0
688.9983422535536,1.0,2.0,7.0,40.0
689.2983422535535,1.0,2.0,7.0,40.0
689.2990015942129,1.0,2.0,7.0,40.0
689.5990015942128,1.0,2.0,7.0,40.0
689.5996609348722,1.0,2.0,7.0,40.0
689.8996609348721,1.0,2.0,7.0,40.0
689.9003202755315,1.0,2.0,7.0,40.0
690.2003202755315,1.0,2.0,7.0,40.0
690.2009796161908,1.0,2.0,7.0,40.0
690.5009796161908,1.0,2.0,7.0,40.0
690.5016389568501,1.0,2.0,7.0,40.0
690.8016389568501,1.0,2.0,7.0,40.0
690.8022982975094,1.0,2.0,7.0,40.0
691.1022982975094,1.0,2.0,7.0,40.0
691.1029576381687,1.0,2.0,7.0,40.0
691.4029576381687,1.0,2.0,7.0,40.0
691.403616978828,1.0,2.0,7.0,40.0
691.703616978828,1.0,2.0,7.0,40.0
691.7042763194873,1.0,2.0,7.0,40.0
692.0042763194873,1.0,2.0,7.0,40.0
692.0049356601467,1.0,2.0,7.0,40.0
692.3049356601466,1.0,2.0,7.0,40.0
692.305595000806,1.0,2.0,7.0,40.0
692.6055950008059,1.0,2.0,7.0,40.0
692.6062543414653,1.0,2.0,7.0,40.0
692.9062543414652,1.0,2.0,7.0,40.0
692.9069136821246,1.0,2.0,7.0,40.0
693.2069136821245,1.0,2.0,7.0,40.0
693.2075730227839,1.0,2.0,7.0,40.0
693.5075730227838,1.0,2.0,7.0,40.0
693.5082323634432,1.0,2.0,7.0,40.0
693.8082323634432,1.0,2.0,7.0,40.0
693.8088917041025,1.0,2.0,7.0,40.0
694.1088917041025,1.0,2.0,7.0,40.0
694.1095510447618,1.0,2.0,7.0,40.0
694.4095510447618,1.0,2.0,7.0,40.0
694.4102103854211,1.0,2.0,7.0,40.0
694.7102103854211,1.0,2.0,7.0,40.0
694.7108697260804,1.0,2.0,7.0,40.0
695.0108697260804,1.0,2.0,7.0,40.0
695.0115290667397,1.0,2.0,7.0,40.0
695.3115290667397,1.0,2.0,7.0,40.0
695.312188407399,1.0,2.0,7.0,40.0
695.612188407399,1.0,2.0,7.0,40.0
695.6128477480584,1.0,2.0,7.0,40.0
695.9128477480583,1.0,2.0,7.0,40.0
695.9135070887177,1.0,2.0,7.0,40.0
696.2135070887176,1.0,2.0,7.0,40.0
696.214166429377,1.0,2.0,7.0,40.0
696.5141664293769,1.0,2.0,7.0,40.0
696.5148257700363,1.0,2.0,7.0,40.0
696.8148257700362,1.0,2.0,7.0,40.0
696.8154851106956,1.0,2.0,7.0,40.0
697.1154851106955,1.0,2.0,7.0,40.0
697.1161517773622,1.0,2.0,7.0,40.0
697.4161517773622,1.0,2.0,7.0,40.0
697.4168184440289,1.0,2.0,7.0,40.0
697.7168184440288,1.0,2.0,7.0,40.0
697.7174851106955,1.0,2.0,7.0,40.0
698.0174851106955,1.0,2.0,7.0,40.0
698.0181517773622,1.0,2.0,7.0,40.0
698.3181517773621,1.0,2.0,7.0,40.0
698.3188184440288,1.0,2.0,7.0,40.0
698.6188184440288,1.0,2.0,7.0,40.0
698.6194851106955,1.0,2.0,7.0,40.0
698.9194851106954,1.0,2.0,7.0,40.0
698.9201517773621,1.0,2.0,7.0,40.0
699.220151777362,1.0,2.0,7.0,40.0
699.2208184440287,1.0,2.0,7.0,40.0
699.5208184440287,1.0,2.0,7.0,40.0
699.5214851106954,1.0,2.0,7.0,40.0
699.8214851106953,1.0,2.0,7.0,40.0
699.822151777362,1.0,2.0,7.0,40.0
700.122151777362,1.0,2.0,7.0,40.0
700.1228184440287,1.0,2.0,7.0,40.0
700.4228184440286,1.0,2.0,7.0,40.0
700.4234851106953,1.0,2.0,7.0,40.0
700.7234851106953,1.0,2.0,7.0,40.0
700.724151777362,1.0,2.0,7.0,40.0
701.0241517773619,1.0,2.0,7.0,40.0
701.0248184440286,1.0,2.0,7.0,40.0
701.3248184440286,1.0,2.0,7.0,40.0
701.3254851106952,1.0,2.0,7.0,40.0
701.6254851106952,1.0,2.0,7.0,40.0
701.6261517773619,1.0,2.0,7.0,40.0
701.9261517773618,1.0,2.0,7.0,40.0
701.9268184440285,1.0,2.0,7.0,40.0
702.2268184440285,1.0,2.0,7.0,40.0
702.2274851106952,1.0,2.0,7.0,40.0
702.5274851106951,1.0,2.0,7.0,40.0
702.5281517773618,1.0,2.0,7.0,40.0
702.8281517773618,1.0,2.0,7.0,40.0
702.8288184440285,1.0,2.0,7.0,40.0
703.1288184440284,1.0,2.0,7.0,40.0
703.1294851106951,1.0,2.0,7.0,40.0
703.429485110695,1.0,2.0,7.0,40.0
703.4301517773617,1.0,2.0,7.0,40.0
703.7301517773617,1.0,2.0,7.0,40.0
703.7308184440284,1.0,2.0,7.0,40.0
704.0308184440283,1.0,2.0,7.0,40.0
704.031485110695,1.0,2.0,7.0,40.0
704.331485110695,1.0,2.0,7.0,40.0
704.3321592679983,1.0,2.0,7.0,40.0
704.6321592679983,1.0,2.0,7.0,40.0
704.6328334253017,1.0,2.0,7.0,40.0
704.9328334253016,1.0,2.0,7.0,40.0
704.933507582605,1.0,2.0,7.0,40.0
705.233507582605,1.0,2.0,7.0,40.0
705.2341817399083,1.0,2.0,7.0,40.0
705.5341817399083,1.0,2.0,7.0,40.0
705.5348558972116,1.0,2.0,7.0,40.0
705.8348558972116,1.0,2.0,7.0,40.0
705.835530054515,1.0,2.0,7.0,40.0
706.1355300545149,1.0,2.0,7.0,40.0
706.1362042118183,1.0,2.0,7.0,40.0
706.4362042118182,1.0,2.0,7.0,40.0
706.4368783691216,1.0,2.0,7.0,40.0
706.7368783691215,1.0,2.0,7.0,40.0
706.7375525264249,1.0,2.0,7.0,40.0
707.0375525264249,1.0,2.0,7.0,40.0
707.0382266837282,1.0,2.0,7.0,40.0
707.3382266837282,1.0,2.0,7.0,40.0
707.3389008410315,1.0,2.0,7.0,40.0
707.6389008410315,1.0,2.0,7.0,40.0
707.6395749983349,1.0,2.0,7.0,40.0
707.9395749983348,1.0,2.0,7.0,40.0
707.9402491556382,1.0,2.0,7.0,40.0
708.2402491556381,1.0,2.0,7.0,40.0
708.2409233129415,1.0,2.0,7.0,40.0
708.5409233129415,1.0,2.0,7.0,40.0
708.5415974702448,1.0,2.0,7.0,40.0
708.8415974702448,1.0,2.0,7.0,40.0
708.8422716275481,1.0,2.0,7.0,40.0
709.1422716275481,1.0,2.0,7.0,40.0
709.1429457848515,1.0,2.0,7.0,40.0
709.4429457848514,1.0,2.0,7.0,40.0
709.4436199421548,1.0,2.0,7.0,40.0
709.7436199421547,1.0,2.0,7.0,40.0
709.7442940994581,1.0,2.0,7.0,40.0
710.044294099458,1.0,2.0,7.0,40.0
710.0449682567614,1.0,2.0,7.0,40.0
710.3449682567614,1.0,2.0,7.0,40.0
710.3456424140647,1.0,2.0,7.0,40.0
710.6456424140647,1.0,2.0,7.0,40.0
710.6463165713681,1.0,2.0,7.0,40.0
710.946316571368,1.0,2.0,7.0,40.0
710.9469907286714,1.0,2.0,7.0,40.0
711.2469907286713,1.0,2.0,7.0,40.0
711.2476648859747,1.0,2.0,7.0,40.0
711.5476648859747,1.0,2.0,7.0,40.0
711.548339043278,1.0,2.0,7.0,40.0
711.848339043278,1.0,2.0,7.0,40.0
711.8490132005813,1.0,2.0,7.0,40.0
712.1490132005813,1.0,2.0,7.0,40.0
712.1496873578847,1.0,2.0,7.0,40.0
712.4496873578846,1.0,2.0,7.0,40.0
712.450361515188,1.0,2.0,7.0,40.0
712.7503615151879,1.0,2.0,7.0,40.0
712.7510356724913,1.0,2.0,7.0,40.0
713.0510356724913,1.0,2.0,7.0,40.0
713.0517098297946,1.0,2.0,7.0,40.0
713.3517098297946,1.0,2.0,7.0,40.0
713.3523839870979,1.0,2.0,7.0,40.0
713.6523839870979,1.0,2.0,7.0,40.0
713.6530581444013,1.0,2.0,7.0,40.0
713.9530581444012,1.0,2.0,7.0,40.0
713.9537323017046,1.0,2.0,7.0,40.0
714.2537323017045,1.0,2.0,7.0,40.0
714.2544064590079,1.0,2.0,7.0,40.0
714.5544064590079,1.0,2.0,7.0,40.0
714.5550806163112,1.0,2.0,7.0,40.0
714.8550806163112,1.0,2.0,7.0,40.0
714.8557547736145,1.0,2.0,7.0,40.0
715.1557547736145,1.0,2.0,7.0,40.0
715.1564289309179,1.0,2.0,7.0,40.0
715.4564289309178,1.0,2.0,7.0,40.0
715.4571030882212,1.0,2.0,7.0,40.0
715.7571030882211,1.0,2.0,7.0,40.0
715.7577772455245,1.0,2.0,7.0,40.0
716.0577772455244,1.0,2.0,7.0,40.0
716.0584514028278,1.0,2.0,7.0,40.0
716.3584514028278,1.0,2.0,7.0,40.0
716.3591255601311,1.0,2.0,7.0,40.0
716.6591255601311,1.0,2.0,7.0,40.0
716.6597997174345,1.0,2.0,7.0,40.0
716.9597997174344,1.0,2.0,7.0,40.0
716.9604738747378,1.0,2.0,7.0,40.0
717.2604738747377,1.0,2.0,7.0,40.0
717.2611480320411,1.0,2.0,7.0,40.0
717.561148032041,1.0,2.0,7.0,40.0
717.5618221893444,1.0,2.0,7.0,40.0
717.8618221893444,1.0,2.0,7.0,40.0
717.8624963466477,1.0,2.0,7.0,40.0
718.1624963466477,1.0,2.0,7.0,40.0
718.1631781648296,1.0,2.0,7.0,40.0
718.4631781648295,1.0,2.0,7.0,40.0
718.4638599830114,1.0,2.0,7.0,40.0
718.7638599830113,1.0,2.0,7.0,40.0
718.7645418011932,1.0,2.0,7.0,40.0
719.0645418011932,1.0,2.0,7.0,40.0
719.065223619375,1.0,2.0,7.0,40.0
719.365223619375,1.0,2.0,7.0,40.0
719.3659054375569,1.0,2.0,7.0,40.0
719.6659054375568,1.0,2.0,7.0,40.0
719.6665872557387,1.0,2.0,7.0,40.0
719.9665872557387,1.0,2.0,7.0,40.0
719.9672690739205,1.0,2.0,7.0,40.0
720.2672690739205,1.0,2.0,7.0,40.0
720.2679508921024,1.0,2.0,7.0,40.0
720.5679508921023,1.0,2.0,7.0,40.0
720.5686327102842,1.0,2.0,7.0,40.0
720.8686327102841,1.0,2.0,7.0,40.0
720.869314528466,1.0,2.0,7.0,40.0
721.169314528466,1.0,2.0,7.0,40.0
721.1699963466478,1.0,2.0,7.0,40.0
721.4699963466478,1.0,2.0,7.0,40.0
721.4706781648297,1.0,2.0,7.0,40.0
721.7706781648296,1.0,2.0,7.0,40.0
721.7713599830115,1.0,2.0,7.0,40.0
722.0713599830115,1.0,2.0,7.0,40.0
722.0720418011933,1.0,2.0,7.0,40.0
722.3720418011933,1.0,2.0,7.0,40.0
722.3727236193752,1.0,2.0,7.0,40.0
722.6727236193751,1.0,2.0,7.0,40.0
722.673405437557,1.0,2.0,7.0,40.0
722.973405437557,1.0,2.0,7.0,40.0
722.9740872557388,1.0,2.0,7.0,40.0
723.2740872557388,1.0,2.0,7.0,40.0
723.2747690739207,1.0,2.0,7.0,40.0
723.5747690739206,1.0,2.0,7.0,40.0
723.5754508921025,1.0,2.0,7.0,40.0
723.8754508921024,1.0,2.0,7.0,40.0
723.8761327102843,1.0,2.0,7.0,40.0
724.1761327102843,1.0,2.0,7.0,40.0
724.1768145284661,1.0,2.0,7.0,40.0
724.4768145284661,1.0,2.0,7.0,40.0
724.477496346648,1.0,2.0,7.0,40.0
724.7774963466479,1.0,2.0,7.0,40.0
724.7781781648298,1.0,2.0,7.0,40.0
725.0781781648298,1.0,2.0,7.0,40.0
725.0788599830116,1.0,2.0,7.0,40.0
725.3788599830116,1.0,2.0,7.0,40.0
725.3795418011935,1.0,2.0,7.0,40.0
725.6795418011934,1.0,2.0,7.0,40.0
725.6802236193753,1.0,2.0,7.0,40.0
725.9802236193752,1.0,2.0,7.0,40.0
725.9809054375571,1.0,2.0,7.0,40.0
726.2809054375571,1.0,2.0,7.0,40.0
726.2815872557389,1.0,2.0,7.0,40.0
726.5815872557389,1.0,2.0,7.0,40.0
726.5822690739208,1.0,2.0,7.0,40.0
726.8822690739207,1.0,2.0,7.0,40.0
726.8829587290932,1.0,2.0,7.0,40.0
727.1829587290931,1.0,2.0,7.0,40.0
727.1836483842656,1.0,2.0,7.0,40.0
727.4836483842655,1.0,2.0,7.0,40.0
727.484338039438,1.0,2.0,7.0,40.0
727.7843380394379,1.0,2.0,7.0,40.0
727.7850276946103,1.0,2.0,7.0,40.0
728.0850276946103,1.0,2.0,7.0,40.0
728.0857173497827,1.0,2.0,7.0,40.0
728.3857173497827,1.0,2.0,7.0,40.0
728.3864070049551,1.0,2.0,7.0,40.0
728.6864070049551,1.0,2.0,7.0,40.0
728.6870966601275,1.0,2.0,7.0,40.0
728.9870966601275,1.0,2.0,7.0,40.0
728.9877863152999,1.0,2.0,7.0,40.0
729.2877863152999,1.0,2.0,7.0,40.0
729.2884759704723,1.0,2.0,7.0,40.0
729.5884759704722,1.0,2.0,7.0,40.0
729.5891656256447,1.0,2.0,7.0,40.0
729.8891656256446,1.0,2.0,7.0,40.0
729.8898552808171,1.0,0.0,7.0,41.0
730.189855280817,1.0,0.0,7.0,41.0
730.1905449359895,1.0,0.0,7.0,41.0
730.4905449359894,1.0,0.0,7.0,41.0
730.4912345911619,1.0,0.0,7.0,41.0
730.7912345911618,1.0,0.0,7.0,41.0
730.7919242463342,1.0,0.0,7.0,41.0
731.0919242463342,1.0,0.0,7.0,41.0
731.0926139015066,1.0,0.0,7.0,41.0
731.3926139015066,1.0,0.0,7.0,41.0
731.393303556679,1.0,0.0,7.0,41.0
731.693303556679,1.0,0.0,7.0,41.0
731.6939932118514,1.0,0.0,7.0,41.0
731.9939932118514,1.0,0.0,7.0,41.0
731.9946828670238,1.0,0.0,7.0,41.0
732.2946828670238,1.0,0.0,7.0,41.0
732.2953725221962,1.0,0.0,7.0,41.0
732.5953725221962,1.0,0.0,7.0,41.0
732.5960621773686,1.0,0.0,7.0,41.0
732.8960621773685,1.0,0.0,7.0,41.0
732.896751832541,1.0,0.0,7.0,41.0
733.1967518325409,1.0,0.0,7.0,41.0
733.1974414877134,1.0,0.0,7.0,41.0
733.4974414877133,1.0,0.0,7.0,41.0
733.4981311428858,1.0,0.0,7.0,41.0
733.7981311428857,1.0,0.0,7.0,41.0
733.7988207980582,1.0,0.0,7.0,41.0
734.0988207980581,1.0,0.0,7.0,41.0
734.0995104532306,1.0,0.0,7.0,41.0
734.3995104532305,1.0,0.0,7.0,41.0
734.4002001084029,1.0,0.0,7.0,41.0
734.7002001084029,1.0,0.0,7.0,41.0
734.7008897635753,1.0,0.0,7.0,41.0
735.0008897635753,1.0,0.0,7.0,41.0
735.0015794187477,1.0,0.0,7.0,41.0
735.3015794187477,1.0,0.0,7.0,41.0
735.3022690739201,1.0,0.0,7.0,41.0
735.6022690739201,1.0,0.0,7.0,41.0
735.6029587290925,1.0,0.0,7.0,41.0
735.9029587290925,1.0,0.0,7.0,41.0
735.9036483842649,1.0,0.0,7.0,41.0
736.2036483842649,1.0,0.0,7.0,41.0
736.2043380394373,1.0,0.0,7.0,41.0
736.5043380394372,1.0,0.0,7.0,41.0
736.5050276946097,1.0,0.0,7.0,41.0
736.8050276946096,1.0,0.0,7.0,41.0
736.8057173497821,1.0,0.0,7.0,41.0
737.105717349782,1.0,0.0,7.0,41.0
737.1064070049545,1.0,0.0,7.0,41.0
737.4064070049544,1.0,0.0,7.0,41.0
737.4070966601269,1.0,0.0,7.0,41.0
737.7070966601268,1.0,0.0,7.0,41.0
737.7077863152992,1.0,0.0,7.0,41.0
738.0077863152992,1.0,0.0,7.0,41.0
738.0084759704716,1.0,0.0,7.0,41.0
738.3084759704716,1.0,0.0,7.0,41.0
738.309165625644,1.0,0.0,7.0,41.0
738.609165625644,1.0,0.0,7.0,41.0
738.6098552808164,1.0,0.0,7.0,41.0
738.9098552808164,1.0,0.0,7.0,41.0
738.9105449359888,1.0,0.0,7.0,41.0
739.2105449359888,1.0,0.0,7.0,41.0
739.2112345911612,1.0,0.0,7.0,41.0
739.5112345911612,1.0,0.0,7.0,41.0
739.5119242463336,1.0,0.0,7.0,41.0
739.8119242463335,1.0,0.0,7.0,41.0
739.812613901506,1.0,0.0,7.0,41.0
740.1126139015059,1.0,0.0,7.0,41.0
740.1133035566784,1.0,0.0,7.0,41.0
740.4133035566783,1.0,0.0,7.0,41.0
740.4139932118508,1.0,0.0,7.0,41.0
740.7139932118507,1.0,0.0,7.0,41.0
740.7146828670232,1.0,0.0,7.0,41.0
741.0146828670231,1.0,0.0,7.0,41.0
741.0153725221955,1.0,0.0,7.0,41.0
741.3153725221955,1.0,0.0,7.0,41.0
741.3160621773679,1.0,0.0,7.0,41.0
741.6160621773679,1.0,0.0,7.0,41.0
741.6167518325403,1.0,0.0,7.0,41.0
741.9167518325403,1.0,0.0,7.0,41.0
741.9174414877127,1.0,0.0,7.0,41.0
742.2174414877127,1.0,0.0,7.0,41.0
742.2181311428851,1.0,0.0,7.0,41.0
742.5181311428851,1.0,0.0,7.0,41.0
742.5188207980575,1.0,0.0,7.0,41.0
742.8188207980575,1.0,0.0,7.0,41.0
742.8195104532299,1.0,0.0,7.0,41.0
743.1195104532299,1.0,0.0,7.0,41.0
743.1202081276484,1.0,0.0,7.0,41.0
743.4202081276484,1.0,0.0,7.0,41.0
743.420905802067,1.0,0.0,7.0,41.0
743.7209058020669,1.0,0.0,7.0,41.0
743.7216034764855,1.0,0.0,7.0,41.0
744.0216034764854,1.0,0.0,7.0,41.0
744.022301150904,1.0,0.0,7.0,41.0
744.322301150904,1.0,0.0,7.0,41.0
744.3229988253225,1.0,0.0,7.0,41.0
744.6229988253225,1.0,0.0,7.0,41.0
744.6236964997411,1.0,0.0,7.0,41.0
744.923696499741,1.0,0.0,7.0,41.0
744.9243941741596,1.0,0.0,7.0,41.0
745.2243941741596,1.0,0.0,7.0,41.0
745.2250918485781,1.0,0.0,7.0,41.0
745.5250918485781,1.0,0.0,7.0,41.0
745.5257895229967,1.0,0.0,7.0,41.0
745.8257895229966,1.0,0.0,7.0,41.0
745.8264871974152,1.0,0.0,7.0,41.0
746.1264871974151,1.0,0.0,7.0,41.0
746.1271848718337,1.0,0.0,7.0,41.0
746.4271848718337,1.0,0.0,7.0,41.0
746.4278825462522,1.0,0.0,7.0,41.0
746.7278825462522,1.0,0.0,7.0,41.0
746.7285884286051,1.0,0.0,7.0,41.0
747.0285884286051,1.0,0.0,7.0,41.0
747.029294310958,1.0,0.0,7.0,41.0
747.329294310958,1.0,0.0,7.0,41.0
747.3300001933109,1.0,0.0,7.0,41.0
747.6300001933108,1.0,0.0,7.0,41.0
747.6307060756637,1.0,0.0,7.0,41.0
747.9307060756637,1.0,0.0,7.0,41.0
747.9314119580166,1.0,0.0,7.0,41.0
748.2314119580166,1.0,0.0,7.0,41.0
748.2321178403695,1.0,0.0,7.0,41.0
748.5321178403694,1.0,0.0,7.0,41.0
748.5328237227224,1.0,0.0,7.0,41.0
748.8328237227223,1.0,0.0,7.0,41.0
748.8335296050752,1.0,0.0,7.0,41.0
749.1335296050752,1.0,0.0,7.0,41.0
749.1342354874281,1.0,0.0,7.0,41.0
749.434235487428,1.0,0.0,7.0,41.0
749.434941369781,1.0,0.0,7.0,41.0
749.7349413697809,1.0,0.0,7.0,41.0
749.7356472521338,1.0,0.0,7.0,41.0
750.0356472521338,1.0,0.0,7.0,41.0
750.0363531344867,1.0,0.0,7.0,41.0
750.3363531344867,1.0,0.0,7.0,41.0
750.3370590168396,1.0,0.0,7.0,41.0
750.6370590168395,1.0,0.0,7.0,41.0
750.6377648991925,1.0,0.0,7.0,41.0
750.9377648991924,1.0,0.0,7.0,41.0
750.9384707815453,1.0,0.0,7.0,41.0
751.2384707815453,1.0,0.0,7.0,41.0
751.2391766638982,1.0,0.0,7.0,41.0
751.5391766638982,1.0,0.0,7.0,41.0
751.5398825462511,1.0,0.0,7.0,41.0
751.839882546251,1.0,0.0,7.0,41.0
751.840588428604,1.0,0.0,7.0,41.0
752.1405884286039,1.0,0.0,7.0,41.0
752.1412943109568,1.0,0.0,7.0,41.0
752.4412943109568,1.0,0.0,7.0,41.0
752.4420001933097,1.0,0.0,7.0,41.0
752.7420001933097,1.0,0.0,7.0,41.0
752.7427060756626,1.0,0.0,7.0,41.0
753.0427060756625,1.0,0.0,7.0,41.0
753.0434119580154,1.0,0.0,7.0,41.0
753.3434119580154,1.0,0.0,7.0,41.0
753.3441178403683,1.0,0.0,7.0,41.0
753.6441178403683,1.0,0.0,7.0,41.0
753.6448237227212,1.0,0.0,7.0,41.0
753.9448237227211,1.0,0.0,7.0,41.0
753.9455296050741,1.0,0.0,7.0,41.0
754.245529605074,1.0,0.0,7.0,41.0
754.2462354874269,1.0,0.0,7.0,41.0
754.5462354874269,1.0,0.0,7.0,41.0
754.5469413697798,1.0,0.0,7.0,41.0
754.8469413697798,1.0,0.0,7.0,41.0
754.8476472521327,1.0,0.0,7.0,41.0
755.1476472521326,1.0,0.0,7.0,41.0
755.1483531344855,1.0,0.0,7.0,41.0
755.4483531344855,1.0,0.0,7.0,41.0
755.4490590168384,1.0,0.0,7.0,41.0
755.7490590168384,1.0,0.0,7.0,41.0
755.7497648991913,1.0,0.0,7.0,41.0
756.0497648991912,1.0,0.0,7.0,41.0
756.0504791849055,1.0,0.0,7.0,41.0
756.3504791849055,1.0,0.0,7.0,41.0
756.3511934706197,1.0,0.0,7.0,41.0
756.6511934706197,1.0,0.0,7.0,41.0
756.6519077563339,1.0,0.0,7.0,41.0
756.9519077563339,1.0,0.0,7.0,41.0
756.9526220420481,1.0,0.0,7.0,41.0
757.2526220420481,1.0,0.0,7.0,41.0
757.2533363277623,1.0,0.0,7.0,41.0
757.5533363277623,1.0,0.0,7.0,41.0
757.5540506134765,1.0,0.0,7.0,41.0
757.8540506134765,1.0,0.0,7.0,41.0
757.8547648991907,1.0,0.0,7.0,41.0
758.1547648991907,1.0,0.0,7.0,41.0
758.155479184905,1.0,0.0,7.0,41.0
758.4554791849049,1.0,0.0,7.0,41.0
758.4561934706192,1.0,0.0,7.0,41.0
758.7561934706191,1.0,0.0,7.0,41.0
758.7569077563334,1.0,0.0,7.0,41.0
759.0569077563333,1.0,0.0,7.0,41.0
759.0576220420476,1.0,0.0,7.0,41.0
759.3576220420475,1.0,0.0,7.0,41.0
759.3583363277618,1.0,0.0,7.0,41.0
759.6583363277617,1.0,0.0,7.0,41.0
759.659050613476,1.0,0.0,7.0,41.0
759.9590506134759,1.0,0.0,7.0,41.0
759.9597648991902,1.0,0.0,7.0,41.0
760.2597648991901,1.0,0.0,7.0,41.0
760.2604791849044,1.0,0.0,7.0,41.0
760.5604791849044,1.0,0.0,7.0,41.0
760.5611934706186,1.0,0.0,7.0,41.0
760.8611934706186,1.0,0.0,7.0,41.0
760.8619077563328,1.0,0.0,7.0,41.0
761.1619077563328,1.0,0.0,7.0,41.0
761.162622042047,1.0,0.0,7.0,41.0
761.462622042047,1.0,0.0,7.0,41.0
761.4633363277612,1.0,0.0,7.0,41.0
761.7633363277612,1.0,0.0,7.0,41.0
761.7640506134754,1.0,0.0,7.0,41.0
762.0640506134754,1.0,0.0,7.0,41.0
762.0647648991896,1.0,0.0,7.0,41.0
762.3647648991896,1.0,0.0,7.0,41.0
762.3654791849038,1.0,0.0,7.0,41.0
762.6654791849038,1.0,0.0,7.0,41.0
762.666193470618,1.0,0.0,7.0,41.0
762.966193470618,1.0,0.0,7.0,41.0
762.9669077563323,1.0,0.0,7.0,41.0
763.2669077563322,1.0,0.0,7.0,41.0
763.2676220420465,1.0,0.0,7.0,41.0
763.5676220420464,1.0,0.0,7.0,41.0
763.5683363277607,1.0,0.0,7.0,41.0
763.8683363277606,1.0,0.0,7.0,41.0
763.8690506134749,1.0,0.0,7.0,41.0
764.1690506134748,1.0,0.0,7.0,41.0
764.1697648991891,1.0,0.0,7.0,41.0
764.469764899189,1.0,0.0,7.0,41.0
764.4704791849033,1.0,0.0,7.0,41.0
764.7704791849033,1.0,0.0,7.0,41.0
764.7711934706175,1.0,0.0,7.0,41.0
765.0711934706175,1.0,0.0,7.0,41.0
765.0719077563317,1.0,0.0,7.0,41.0
765.3719077563317,1.0,0.0,7.0,41.0
765.3726220420459,1.0,0.0,7.0,41.0
765.6726220420459,1.0,0.0,7.0,41.0
765.6733363277601,1.0,0.0,7.0,41.0
765.9733363277601,1.0,0.0,7.0,41.0
765.9740506134743,1.0,0.0,7.0,41.0
766.2740506134743,1.0,0.0,7.0,41.0
766.2747648991885,1.0,0.0,7.0,41.0
766.5747648991885,1.0,0.0,7.0,41.0
766.5754791849027,1.0,0.0,7.0,41.0
766.8754791849027,1.0,0.0,7.0,41.0
766.876193470617,1.0,0.0,7.0,41.0
767.1761934706169,1.0,0.0,7.0,41.0
767.1769077563312,1.0,0.0,7.0,41.0
767.4769077563311,1.0,0.0,7.0,41.0
767.4776220420454,1.0,0.0,7.0,41.0
767.7776220420453,1.0,0.0,7.0,41.0
767.7783363277596,1.0,0.0,7.0,41.0
768.0783363277595,1.0,0.0,7.0,41.0
768.0790506134738,1.0,0.0,7.0,41.0
768.3790506134737,1.0,0.0,7.0,41.0
768.379764899188,1.0,0.0,7.0,41.0
768.679764899188,1.0,0.0,7.0,41.0
768.6804791849022,1.0,0.0,7.0,41.0
768.9804791849022,1.0,0.0,7.0,41.0
768.9811934706164,1.0,0.0,7.0,41.0
769.2811934706164,1.0,0.0,7.0,41.0
769.2819077563306,1.0,0.0,7.0,41.0
769.5819077563306,1.0,0.0,7.0,41.0
769.5826220420448,1.0,0.0,7.0,41.0
769.8826220420448,1.0,0.0,7.0,41.0
769.883336327759,1.0,0.0,7.0,41.0
770.183336327759,1.0,0.0,7.0,41.0
770.1840506134732,1.0,0.0,7.0,41.0
770.4840506134732,1.0,0.0,7.0,41.0
770.4847648991874,1.0,0.0,7.0,41.0
770.7847648991874,1.0,0.0,7.0,41.0
770.7854791849016,1.0,0.0,7.0,41.0
771.0854791849016,1.0,0.0,7.0,41.0
771.0861934706159,1.0,0.0,7.0,41.0
771.3861934706158,1.0,0.0,7.0,41.0
771.3869077563301,1.0,0.0,7.0,41.0
771.68690775633,1.0,0.0,7.0,41.0
771.6876220420443,1.0,0.0,7.0,41.0
771.9876220420442,1.0,0.0,7.0,41.0
771.9883363277585,1.0,0.0,7.0,41.0
772.2883363277584,1.0,0.0,7.0,41.0
772.2890506134727,1.0,0.0,7.0,41.0
772.5890506134726,1.0,0.0,7.0,41.0
772.5897823207897,1.0,0.0,7.0,41.0
772.8897823207897,1.0,0.0,7.0,41.0
772.8905140281067,1.0,0.0,7.0,41.0
773.1905140281067,1.0,0.0,7.0,41.0
773.1912457354238,1.0,0.0,7.0,41.0
773.4912457354237,1.0,0.0,7.0,41.0
773.4919774427408,1.0,0.0,7.0,41.0
773.7919774427407,1.0,0.0,7.0,41.0
773.7927091500578,1.0,0.0,7.0,41.0
774.0927091500578,1.0,0.0,7.0,41.0
774.0934408573748,1.0,0.0,7.0,41.0
774.3934408573748,1.0,0.0,7.0,41.0
774.3941725646919,1.0,0.0,7.0,41.0
774.6941725646918,1.0,0.0,7.0,41.0
774.6949042720089,1.0,0.0,7.0,41.0
774.9949042720089,1.0,0.0,7.0,41.0
774.9956359793259,1.0,0.0,7.0,41.0
775.2956359793259,1.0,0.0,7.0,41.0
775.296367686643,1.0,0.0,7.0,41.0
775.5963676866429,1.0,0.0,7.0,41.0
775.59709939396,1.0,0.0,7.0,41.0
775.8970993939599,1.0,0.0,7.0,41.0
775.897831101277,1.0,0.0,7.0,41.0
776.197831101277,1.0,0.0,7.0,41.0
776.198562808594,1.0,0.0,7.0,41.0
776.498562808594,1.0,0.0,7.0,41.0
776.4992945159111,1.0,0.0,7.0,41.0
776.799294515911,1.0,0.0,7.0,41.0
776.8000262232281,1.0,0.0,7.0,41.0
777.100026223228,1.0,0.0,7.0,41.0
777.1007579305451,1.0,0.0,7.0,41.0
777.4007579305451,1.0,0.0,7.0,41.0
777.4014896378621,1.0,0.0,7.0,41.0
777.7014896378621,1.0,0.0,7.0,41.0
777.7022213451792,1.0,0.0,7.0,41.0
778.0022213451791,1.0,0.0,7.0,41.0
778.0029530524962,1.0,0.0,7.0,41.0
778.3029530524962,1.0,0.0,7.0,41.0
778.3036847598132,1.0,0.0,7.0,41.0
778.6036847598132,1.0,0.0,7.0,41.0
778.6044164671302,1.0,0.0,7.0,41.0
778.9044164671302,1.0,0.0,7.0,41.0
778.9051481744473,1.0,0.0,7.0,41.0
779.2051481744472,1.0,0.0,7.0,41.0
779.2058798817643,1.0,0.0,7.0,41.0
779.5058798817643,1.0,0.0,7.0,41.0
779.5066115890813,1.0,0.0,7.0,41.0
779.8066115890813,1.0,0.0,7.0,41.0
779.8073432963984,1.0,0.0,7.0,41.0
780.1073432963983,1.0,0.0,7.0,41.0
780.1080750037154,1.0,0.0,7.0,41.0
780.4080750037153,1.0,0.0,7.0,41.0
780.4088067110324,1.0,0.0,7.0,41.0
780.7088067110324,1.0,0.0,7.0,41.0
780.7095384183494,1.0,0.0,7.0,41.0
781.0095384183494,1.0,0.0,7.0,41.0
781.0102701256665,1.0,0.0,7.0,41.0
781.3102701256664,1.0,0.0,7.0,41.0
781.3110018329835,1.0,0.0,7.0,41.0
781.6110018329834,1.0,0.0,7.0,41.0
781.6117335403005,1.0,0.0,7.0,41.0
781.9117335403005,1.0,0.0,7.0,41.0
781.9124652476175,1.0,0.0,6.0,41.0
782.2124652476175,1.0,0.0,6.0,41.0
782.2131969549346,1.0,0.0,6.0,41.0
782.5131969549345,1.0,0.0,6.0,41.0
782.5139286622516,1.0,0.0,6.0,41.0
782.8139286622516,1.0,0.0,6.0,41.0
782.8146603695686,1.0,0.0,6.0,41.0
783.1146603695686,1.0,0.0,6.0,41.0
783.1153920768857,1.0,0.0,6.0,41.0
783.4153920768856,1.0,0.0,6.0,41.0
783.4161237842027,1.0,0.0,6.0,41.0
783.7161237842026,1.0,0.0,6.0,41.0
783.7168554915197,1.0,0.0,6.0,41.0
784.0168554915197,1.0,0.0,6.0,41.0
784.0175871988367,1.0,0.0,6.0,41.0
784.3175871988367,1.0,0.0,6.0,41.0
784.3183189061538,1.0,0.0,6.0,41.0
784.6183189061537,1.0,0.0,6.0,41.0
784.6190506134708,1.0,0.0,6.0,41.0
784.9190506134707,1.0,0.0,6.0,41.0
784.9197823207878,1.0,0.0,6.0,41.0
785.2197823207878,1.0,0.0,6.0,41.0
785.2205140281048,1.0,0.0,6.0,41.0
785.5205140281048,1.0,0.0,6.0,41.0
785.5212457354219,1.0,0.0,6.0,41.0
785.8212457354218,1.0,0.0,6.0,41.0
785.8219774427389,1.0,0.0,6.0,41.0
786.1219774427389,1.0,0.0,6.0,41.0
786.1227091500559,1.0,0.0,6.0,41.0
786.4227091500559,1.0,0.0,6.0,41.0
786.423440857373,1.0,0.0,6.0,41.0
786.7234408573729,1.0,0.0,6.0,41.0
786.72417256469,1.0,0.0,6.0,41.0
787.0241725646899,1.0,0.0,6.0,41.0
787.024904272007,1.0,0.0,6.0,41.0
787.324904272007,1.0,0.0,6.0,41.0
787.325635979324,1.0,0.0,6.0,41.0
787.625635979324,1.0,0.0,6.0,41.0
787.6263676866411,1.0,0.0,6.0,41.0
787.926367686641,1.0,0.0,6.0,41.0
787.9270993939581,1.0,0.0,6.0,41.0
788.227099393958,1.0,0.0,6.0,41.0
788.2278311012751,1.0,0.0,6.0,41.0
788.5278311012751,1.0,0.0,6.0,41.0
788.5285628085921,1.0,0.0,6.0,41.0
788.8285628085921,1.0,0.0,6.0,41.0
788.8293035493328,1.0,0.0,6.0,41.0
789.1293035493328,1.0,0.0,6.0,41.0
789.1300442900736,1.0,0.0,6.0,41.0
789.4300442900735,1.0,0.0,6.0,41.0
789.4307850308143,1.0,0.0,6.0,41.0
789.7307850308142,1.0,0.0,6.0,41.0
789.731525771555,1.0,0.0,6.0,41.0
790.0315257715549,1.0,0.0,6.0,41.0
790.0322665122957,1.0,0.0,6.0,41.0
790.3322665122956,1.0,0.0,6.0,41.0
790.3330165122957,1.0,0.0,6.0,41.0
790.6330165122956,1.0,0.0,6.0,41.0
790.6337665122957,1.0,0.0,6.0,41.0
790.9337665122956,1.0,0.0,6.0,41.0
790.9345165122957,1.0,0.0,6.0,41.0
791.2345165122956,1.0,0.0,6.0,41.0
791.2352665122957,1.0,0.0,6.0,41.0
791.5352665122956,1.0,0.0,6.0,41.0
791.5360165122956,1.0,0.0,6.0,41.0
791.8360165122956,1.0,0.0,6.0,41.0
791.8367665122956,1.0,0.0,6.0,41.0
792.1367665122956,1.0,0.0,6.0,41.0
792.1375165122956,1.0,0.0,6.0,41.0
792.4375165122956,1.0,0.0,6.0,41.0
792.4382665122956,1.0,0.0,6.0,41.0
792.7382665122956,1.0,0.0,6.0,41.0
792.7390165122956,1.0,0.0,6.0,41.0
793.0390165122956,1.0,0.0,6.0,41.0
793.0397665122956,1.0,0.0,6.0,41.0
793.3397665122956,1.0,0.0,6.0,41.0
793.3405260059665,1.0,0.0,6.0,41.0
793.6405260059664,1.0,0.0,6.0,41.0
793.6412854996373,1.0,0.0,6.0,41.0
793.9412854996373,1.0,0.0,6.0,41.0
793.9420449933082,1.0,0.0,6.0,41.0
794.2420449933081,1.0,0.0,6.0,41.0
794.2428142240774,1.0,0.0,6.0,41.0
794.5428142240773,1.0,0.0,6.0,41.0
794.5435834548466,1.0,0.0,6.0,41.0
794.8435834548466,1.0,0.0,6.0,41.0
794.8443526856158,1.0,0.0,6.0,41.0
795.1443526856158,1.0,0.0,6.0,41.0
795.145121916385,1.0,0.0,6.0,41.0
795.445121916385,1.0,0.0,6.0,41.0
795.4458911471543,1.0,0.0,6.0,41.0
795.7458911471542,1.0,0.0,6.0,41.0
795.7466603779235,1.0,0.0,6.0,41.0
796.0466603779234,1.0,0.0,6.0,41.0
796.0474395987027,1.0,0.0,6.0,41.0
796.3474395987026,1.0,0.0,6.0,41.0
796.3482188194819,1.0,0.0,6.0,41.0
796.6482188194818,1.0,0.0,6.0,41.0
796.6489980402611,1.0,0.0,6.0,41.0
796.948998040261,1.0,0.0,6.0,41.0
796.9497772610403,1.0,0.0,6.0,41.0
797.2497772610402,1.0,0.0,6.0,41.0
797.2505564818194,1.0,0.0,6.0,41.0
797.5505564818194,1.0,0.0,6.0,41.0
797.5513357025986,1.0,0.0,6.0,41.0
797.8513357025986,1.0,0.0,6.0,41.0
797.8521149233778,1.0,0.0,6.0,41.0
798.1521149233778,1.0,0.0,6.0,41.0
798.152894144157,1.0,0.0,6.0,41.0
798.452894144157,1.0,0.0,6.0,41.0
798.4536733649362,1.0,0.0,6.0,41.0
798.7536733649362,1.0,0.0,6.0,41.0
798.7544525857154,1.0,0.0,6.0,41.0
799.0544525857154,1.0,0.0,6.0,41.0
799.0552318064946,1.0,0.0,6.0,41.0
799.3552318064945,1.0,0.0,6.0,41.0
799.3560110272738,1.0,0.0,6.0,41.0
799.6560110272737,1.0,0.0,6.0,41.0
799.656790248053,1.0,0.0,6.0,41.0
799.9567902480529,1.0,0.0,6.0,41.0
799.9575694688322,1.0,0.0,6.0,41.0
800.2575694688321,1.0,0.0,6.0,41.0
800.2583486896114,1.0,0.0,6.0,41.0
800.5583486896113,1.0,0.0,6.0,41.0
800.5591279103905,1.0,0.0,6.0,41.0
800.8591279103905,1.0,0.0,6.0,41.0
800.8599071311697,1.0,0.0,6.0,41.0
801.1599071311697,1.0,0.0,6.0,41.0
801.1606863519489,1.0,0.0,6.0,41.0
801.4606863519489,1.0,0.0,6.0,41.0
801.4614655727281,1.0,0.0,6.0,41.0
801.7614655727281,1.0,0.0,6.0,41.0
801.7622447935073,1.0,0.0,6.0,41.0
802.0622447935073,1.0,0.0,6.0,41.0
802.0630240142865,1.0,0.0,6.0,41.0
802.3630240142865,1.0,0.0,6.0,41.0
802.3638032350657,1.0,0.0,6.0,41.0
802.6638032350656,1.0,0.0,6.0,41.0
802.6645824558449,1.0,0.0,6.0,41.0
802.9645824558448,1.0,0.0,6.0,41.0
802.9653616766241,1.0,0.0,6.0,41.0
803.265361676624,1.0,0.0,6.0,41.0
803.2661408974033,1.0,0.0,6.0,41.0
803.5661408974032,1.0,0.0,6.0,41.0
803.5669201181825,1.0,0.0,6.0,41.0
803.8669201181824,1.0,0.0,6.0,41.0
803.8676993389616,1.0,0.0,6.0,41.0
804.1676993389616,1.0,0.0,6.0,41.0
804.1684785597408,1.0,0.0,6.0,41.0
804.4684785597408,1.0,0.0,6.0,41.0
804.46925778052,1.0,0.0,6.0,41.0
804.76925778052,1.0,0.0,6.0,41.0
804.7700370012992,1.0,0.0,6.0,41.0
805.0700370012992,1.0,0.0,6.0,41.0
805.0708162220784,1.0,0.0,6.0,41.0
805.3708162220784,1.0,0.0,6.0,41.0
805.3715954428576,1.0,0.0,6.0,41.0
805.6715954428576,1.0,0.0,6.0,41.0
805.6723746636368,1.0,0.0,6.0,41.0
805.9723746636367,1.0,0.0,6.0,41.0
805.973153884416,1.0,0.0,6.0,41.0
806.2731538844159,1.0,0.0,6.0,41.0
806.2739433581002,1.0,0.0,6.0,41.0
806.5739433581001,1.0,0.0,6.0,41.0
806.5747328317843,1.0,0.0,6.0,41.0
806.8747328317843,1.0,0.0,6.0,41.0
806.8755223054685,1.0,0.0,6.0,41.0
807.1755223054685,1.0,0.0,6.0,41.0
807.1763117791527,1.0,0.0,6.0,41.0
807.4763117791526,1.0,0.0,6.0,41.0
807.4771012528369,1.0,0.0,6.0,41.0
807.7771012528368,1.0,0.0,6.0,41.0
807.777890726521,1.0,0.0,6.0,41.0
808.077890726521,1.0,0.0,6.0,41.0
808.078690726521,1.0,0.0,6.0,41.0
808.378690726521,1.0,0.0,6.0,41.0
808.379490726521,1.0,0.0,6.0,41.0
808.679490726521,1.0,0.0,6.0,41.0
808.680290726521,1.0,0.0,6.0,41.0
808.9802907265209,1.0,0.0,6.0,41.0
808.981090726521,1.0,0.0,6.0,41.0
809.2810907265209,1.0,0.0,6.0,41.0
809.2818907265209,1.0,0.0,6.0,41.0
809.5818907265209,1.0,0.0,6.0,41.0
809.5826907265209,1.0,0.0,6.0,41.0
809.8826907265209,1.0,0.0,6.0,41.0
809.8834907265209,1.0,0.0,6.0,41.0
810.1834907265209,1.0,0.0,6.0,41.0
810.1842907265209,1.0,0.0,6.0,41.0
810.4842907265208,1.0,0.0,6.0,41.0
810.4850907265209,1.0,0.0,6.0,41.0
810.7850907265208,1.0,0.0,6.0,41.0
810.7858907265208,1.0,0.0,6.0,41.0
811.0858907265208,1.0,0.0,6.0,41.0
811.0866907265208,1.0,0.0,6.0,41.0
811.3866907265208,1.0,0.0,6.0,41.0
811.3874907265208,1.0,0.0,5.0,41.0
811.6874907265208,1.0,0.0,5.0,41.0
811.6882907265208,1.0,0.0,5.0,41.0
811.9882907265207,1.0,0.0,5.0,41.0
811.9890907265208,1.0,0.0,5.0,41.0
812.2890907265207,1.0,0.0,5.0,41.0
812.2898907265208,1.0,0.0,5.0,41.0
812.5898907265207,1.0,0.0,5.0,41.0
812.5906907265207,1.0,0.0,5.0,41.0
812.8906907265207,1.0,0.0,5.0,41.0
812.8914907265207,1.0,0.0,5.0,41.0
813.1914907265207,1.0,0.0,5.0,41.0
813.1922907265207,1.0,0.0,5.0,41.0
813.4922907265207,1.0,0.0,5.0,41.0
813.4930907265207,1.0,0.0,5.0,41.0
813.7930907265206,1.0,0.0,5.0,41.0
813.7938907265207,1.0,0.0,5.0,41.0
814.0938907265206,1.0,0.0,5.0,41.0
814.0947015373314,1.0,0.0,5.0,41.0
814.3947015373313,1.0,0.0,5.0,41.0
814.3955123481421,1.0,0.0,5.0,41.0
814.6955123481421,1.0,0.0,5.0,41.0
814.6963231589529,1.0,0.0,5.0,41.0
814.9963231589528,1.0,0.0,5.0,41.0
814.9971339697636,1.0,0.0,5.0,41.0
815.2971339697635,1.0,0.0,5.0,41.0
815.2979447805743,1.0,0.0,5.0,41.0
815.5979447805743,1.0,0.0,5.0,41.0
815.598755591385,1.0,0.0,5.0,41.0
815.898755591385,1.0,0.0,5.0,41.0
815.8995664021958,1.0,0.0,5.0,41.0
816.1995664021957,1.0,0.0,5.0,41.0
816.2003772130065,1.0,0.0,5.0,41.0
816.5003772130065,1.0,0.0,5.0,41.0
816.5011880238172,1.0,0.0,5.0,41.0
816.8011880238172,1.0,0.0,5.0,41.0
816.801998834628,1.0,0.0,5.0,41.0
817.1019988346279,1.0,0.0,5.0,41.0
817.1028096454387,1.0,0.0,5.0,41.0
817.4028096454387,1.0,0.0,5.0,41.0
817.4036204562494,1.0,0.0,5.0,41.0
817.7036204562494,1.0,0.0,5.0,41.0
817.7044312670602,1.0,0.0,5.0,41.0
818.0044312670601,1.0,0.0,5.0,41.0
818.0052420778709,1.0,0.0,5.0,41.0
818.3052420778708,1.0,0.0,5.0,41.0
818.3060528886816,1.0,0.0,5.0,41.0
818.6060528886816,1.0,0.0,5.0,41.0
818.6068636994924,1.0,0.0,5.0,41.0
818.9068636994923,1.0,0.0,5.0,41.0
818.9076745103031,1.0,0.0,5.0,41.0
819.207674510303,1.0,0.0,5.0,41.0
819.2084853211138,1.0,0.0,5.0,41.0
819.5084853211138,1.0,0.0,5.0,41.0
819.5092961319245,1.0,0.0,5.0,41.0
819.8092961319245,1.0,0.0,5.0,41.0
819.8101069427353,1.0,0.0,5.0,41.0
820.1101069427352,1.0,0.0,5.0,41.0
820.110917753546,1.0,0.0,5.0,41.0
820.410917753546,1.0,0.0,5.0,41.0
820.4117285643567,1.0,0.0,5.0,41.0
820.7117285643567,1.0,0.0,5.0,41.0
820.7125393751675,1.0,0.0,4.0,41.0
821.0125393751674,1.0,0.0,4.0,41.0
821.0133501859782,1.0,0.0,4.0,41.0
821.3133501859782,1.0,0.0,4.0,41.0
821.3141609967889,1.0,0.0,4.0,41.0
821.6141609967889,1.0,0.0,4.0,41.0
821.6149718075997,1.0,0.0,4.0,41.0
821.9149718075996,1.0,0.0,4.0,41.0
821.9157826184104,1.0,0.0,4.0,41.0
822.2157826184103,1.0,0.0,4.0,41.0
822.2165934292211,1.0,0.0,4.0,41.0
822.5165934292211,1.0,0.0,4.0,41.0
822.5174042400319,1.0,0.0,4.0,41.0
822.8174042400318,1.0,0.0,4.0,41.0
822.8182150508426,1.0,0.0,4.0,41.0
823.1182150508425,1.0,0.0,4.0,41.0
823.1190258616533,1.0,0.0,4.0,41.0
823.4190258616533,1.0,0.0,4.0,41.0
823.419836672464,1.0,0.0,4.0,41.0
823.719836672464,1.0,0.0,4.0,41.0
823.7206474832748,1.0,0.0,4.0,41.0
824.0206474832747,1.0,0.0,4.0,41.0
824.0214582940855,1.0,0.0,4.0,41.0
824.3214582940855,1.0,0.0,4.0,41.0
824.3222691048962,1.0,0.0,4.0,41.0
824.6222691048962,1.0,0.0,4.0,41.0
824.623079915707,1.0,0.0,4.0,41.0
824.9230799157069,1.0,0.0,4.0,41.0
824.9238907265177,1.0,0.0,4.0,41.0
825.2238907265177,1.0,0.0,4.0,41.0
825.2247015373284,1.0,0.0,4.0,41.0
825.5247015373284,1.0,0.0,4.0,41.0
825.5255123481392,1.0,0.0,4.0,41.0
825.8255123481391,1.0,0.0,4.0,41.0
825.8263231589499,1.0,0.0,4.0,41.0
826.1263231589498,1.0,0.0,4.0,41.0
826.1271339697606,1.0,0.0,4.0,41.0
826.4271339697606,1.0,0.0,4.0,41.0
826.4279447805714,1.0,0.0,4.0,41.0
826.7279447805713,1.0,0.0,4.0,41.0
826.7287555913821,1.0,0.0,4.0,41.0
827.028755591382,1.0,0.0,4.0,41.0
827.0295664021928,1.0,0.0,4.0,41.0
827.3295664021928,1.0,0.0,4.0,41.0
827.3303772130035,1.0,0.0,4.0,41.0
827.6303772130035,1.0,0.0,4.0,41.0
827.6311880238143,1.0,0.0,4.0,41.0
827.9311880238142,1.0,0.0,4.0,41.0
827.9320099416225,1.0,0.0,4.0,41.0
828.2320099416224,1.0,0.0,4.0,41.0
828.2328318594307,1.0,0.0,4.0,41.0
828.5328318594306,1.0,0.0,4.0,41.0
828.5336537772389,1.0,0.0,4.0,41.0
828.8336537772389,1.0,0.0,4.0,41.0
828.8344756950471,1.0,0.0,4.0,41.0
829.1344756950471,1.0,0.0,4.0,41.0
829.1352976128553,1.0,0.0,4.0,41.0
829.4352976128553,1.0,0.0,4.0,41.0
829.4361195306635,1.0,0.0,4.0,41.0
829.7361195306635,1.0,0.0,4.0,41.0
829.7369414484717,1.0,0.0,4.0,41.0
830.0369414484717,1.0,0.0,4.0,41.0
830.0377633662799,1.0,0.0,4.0,41.0
830.3377633662799,1.0,0.0,4.0,41.0
830.3385852840881,1.0,0.0,4.0,41.0
830.6385852840881,1.0,0.0,4.0,41.0
830.6394072018963,1.0,0.0,4.0,41.0
830.9394072018963,1.0,0.0,4.0,41.0
830.9402291197046,1.0,0.0,4.0,41.0
831.2402291197045,1.0,0.0,4.0,41.0
831.2410510375128,1.0,0.0,4.0,41.0
831.5410510375127,1.0,0.0,4.0,41.0
831.541872955321,1.0,0.0,4.0,41.0
831.8418729553209,1.0,0.0,4.0,41.0
831.8426948731292,1.0,0.0,4.0,41.0
832.1426948731291,1.0,0.0,4.0,41.0
832.1435167909374,1.0,0.0,4.0,41.0
832.4435167909373,1.0,0.0,4.0,41.0
832.4443387087456,1.0,0.0,4.0,41.0
832.7443387087455,1.0,0.0,4.0,41.0
832.7451606265538,1.0,0.0,4.0,41.0
833.0451606265538,1.0,0.0,4.0,41.0
833.045982544362,1.0,0.0,4.0,41.0
833.345982544362,1.0,0.0,4.0,41.0
833.3468044621702,1.0,0.0,4.0,41.0
833.6468044621702,1.0,0.0,4.0,41.0
833.6476263799784,1.0,0.0,4.0,41.0
833.9476263799784,1.0,0.0,4.0,41.0
833.9484482977866,1.0,0.0,4.0,41.0
834.2484482977866,1.0,0.0,4.0,41.0
834.2492702155948,1.0,0.0,4.0,41.0
834.5492702155948,1.0,0.0,4.0,41.0
834.550092133403,1.0,0.0,4.0,41.0
834.850092133403,1.0,0.0,4.0,41.0
834.8509140512112,1.0,0.0,4.0,41.0
835.1509140512112,1.0,0.0,4.0,41.0
835.1517359690195,1.0,0.0,4.0,41.0
835.4517359690194,1.0,0.0,4.0,41.0
835.4525578868277,1.0,0.0,4.0,41.0
835.7525578868276,1.0,0.0,4.0,41.0
835.7533798046359,1.0,0.0,4.0,41.0
836.0533798046358,1.0,0.0,4.0,41.0
836.0542017224441,1.0,0.0,4.0,41.0
836.354201722444,1.0,0.0,4.0,41.0
836.3550236402523,1.0,0.0,4.0,41.0
836.6550236402522,1.0,0.0,4.0,41.0
836.6558455580605,1.0,0.0,4.0,41.0
836.9558455580604,1.0,0.0,4.0,41.0
836.9566674758687,1.0,0.0,4.0,41.0
837.2566674758687,1.0,0.0,4.0,41.0
837.2574893936769,1.0,0.0,4.0,41.0
837.5574893936769,1.0,0.0,4.0,41.0
837.5583113114851,1.0,0.0,4.0,41.0
837.8583113114851,1.0,0.0,4.0,41.0
837.8591332292933,1.0,0.0,4.0,41.0
838.1591332292933,1.0,0.0,4.0,41.0
838.1599551471015,1.0,0.0,4.0,41.0
838.4599551471015,1.0,0.0,4.0,41.0
838.4607770649097,1.0,0.0,4.0,41.0
838.7607770649097,1.0,0.0,4.0,41.0
838.7615989827179,1.0,0.0,4.0,41.0
839.0615989827179,1.0,0.0,4.0,41.0
839.0624209005261,1.0,0.0,4.0,41.0
839.3624209005261,1.0,0.0,4.0,41.0
839.3632428183344,1.0,0.0,4.0,41.0
839.6632428183343,1.0,0.0,4.0,41.0
839.6640647361426,1.0,0.0,4.0,41.0
839.9640647361425,1.0,0.0,4.0,41.0
839.9648866539508,1.0,0.0,4.0,41.0
840.2648866539507,1.0,0.0,4.0,41.0
840.2657199872841,1.0,0.0,4.0,41.0
840.5657199872841,1.0,0.0,4.0,41.0
840.5665533206175,1.0,0.0,4.0,41.0
840.8665533206174,1.0,0.0,4.0,41.0
840.8673866539508,1.0,0.0,4.0,41.0
841.1673866539508,1.0,0.0,4.0,41.0
841.1682199872841,1.0,0.0,4.0,41.0
841.4682199872841,1.0,0.0,4.0,41.0
841.4690533206175,1.0,0.0,4.0,41.0
841.7690533206174,1.0,0.0,4.0,41.0
841.7698866539508,1.0,0.0,4.0,41.0
842.0698866539508,1.0,0.0,4.0,41.0
842.0707199872842,1.0,0.0,4.0,41.0
842.3707199872841,1.0,0.0,4.0,41.0
842.3715533206175,1.0,0.0,4.0,41.0
842.6715533206175,1.0,0.0,4.0,41.0
842.6723866539509,1.0,0.0,4.0,41.0
842.9723866539508,1.0,0.0,4.0,41.0
842.9732199872842,1.0,0.0,4.0,41.0
843.2732199872842,1.0,0.0,4.0,41.0
843.2740650577067,1.0,0.0,4.0,41.0
843.5740650577067,1.0,0.0,4.0,41.0
843.5749101281292,1.0,0.0,4.0,41.0
843.8749101281292,1.0,0.0,4.0,41.0
843.8757551985517,1.0,0.0,4.0,41.0
844.1757551985517,1.0,0.0,4.0,41.0
844.1766002689742,1.0,0.0,4.0,41.0
844.4766002689742,1.0,0.0,4.0,41.0
844.4774453393967,1.0,0.0,4.0,41.0
844.7774453393966,1.0,0.0,4.0,41.0
844.7782904098192,1.0,0.0,4.0,41.0
845.0782904098191,1.0,0.0,4.0,41.0
845.0791354802417,1.0,0.0,4.0,41.0
845.3791354802416,1.0,0.0,4.0,41.0
845.3799926230988,1.0,0.0,4.0,41.0
845.6799926230988,1.0,0.0,4.0,41.0
845.6808497659559,1.0,0.0,4.0,41.0
845.9808497659559,1.0,0.0,4.0,41.0
845.9817069088131,1.0,0.0,4.0,41.0
846.281706908813,1.0,0.0,4.0,41.0
846.2825640516702,1.0,0.0,4.0,41.0
846.5825640516701,1.0,0.0,4.0,41.0
846.5834211945273,1.0,0.0,4.0,41.0
846.8834211945273,1.0,0.0,4.0,41.0
846.8842783373844,1.0,0.0,4.0,41.0
847.1842783373844,1.0,0.0,4.0,41.0
847.1851354802416,1.0,0.0,4.0,41.0
847.4851354802415,1.0,0.0,4.0,41.0
847.4859926230987,1.0,0.0,4.0,41.0
847.7859926230987,1.0,0.0,4.0,41.0
847.7868497659558,1.0,0.0,4.0,41.0
848.0868497659558,1.0,0.0,4.0,41.0
848.087706908813,1.0,0.0,4.0,41.0
848.3877069088129,1.0,0.0,4.0,41.0
848.3885640516701,1.0,0.0,4.0,41.0
848.68856405167,1.0,0.0,4.0,41.0
848.6894211945272,1.0,0.0,4.0,41.0
848.9894211945272,1.0,0.0,4.0,41.0
848.9902783373843,1.0,0.0,4.0,41.0
849.2902783373843,1.0,0.0,4.0,41.0
849.2911479026017,1.0,0.0,4.0,41.0
849.5911479026016,1.0,0.0,4.0,41.0
849.592017467819,1.0,0.0,4.0,41.0
849.892017467819,1.0,0.0,4.0,41.0
849.8928870330363,1.0,0.0,4.0,41.0
850.1928870330363,1.0,0.0,4.0,41.0
850.1937565982537,1.0,0.0,4.0,41.0
850.4937565982536,1.0,0.0,4.0,41.0
850.494626163471,1.0,0.0,4.0,41.0
850.794626163471,1.0,0.0,4.0,41.0
850.7954957286884,1.0,0.0,4.0,41.0
851.0954957286883,1.0,0.0,4.0,41.0
851.0963652939057,1.0,0.0,4.0,41.0
851.3963652939057,1.0,0.0,4.0,41.0
851.397234859123,1.0,0.0,4.0,41.0
851.697234859123,1.0,0.0,4.0,41.0
851.6981044243404,1.0,0.0,4.0,41.0
851.9981044243403,1.0,0.0,4.0,41.0
851.9989739895577,1.0,0.0,4.0,41.0
852.2989739895577,1.0,0.0,4.0,41.0
852.2998435547751,1.0,0.0,4.0,41.0
852.599843554775,1.0,0.0,4.0,41.0
852.6007131199924,1.0,0.0,4.0,41.0
852.9007131199924,1.0,0.0,4.0,41.0
852.9015826852097,1.0,0.0,4.0,41.0
853.2015826852097,1.0,0.0,4.0,41.0
853.2024522504271,1.0,0.0,4.0,41.0
853.502452250427,1.0,0.0,4.0,41.0
853.5033218156444,1.0,0.0,4.0,41.0
853.8033218156444,1.0,0.0,4.0,41.0
853.8041913808618,1.0,0.0,4.0,41.0
854.1041913808617,1.0,0.0,4.0,41.0
854.1050609460791,1.0,0.0,4.0,41.0
854.4050609460791,1.0,0.0,4.0,41.0
854.4059305112964,1.0,0.0,4.0,41.0
854.7059305112964,1.0,0.0,4.0,41.0
854.7068000765138,1.0,0.0,4.0,41.0
855.0068000765137,1.0,0.0,4.0,41.0
855.0076696417311,1.0,0.0,4.0,41.0
855.3076696417311,1.0,0.0,4.0,41.0
855.3085392069485,1.0,0.0,4.0,41.0
855.6085392069484,1.0,0.0,4.0,41.0
855.6094087721658,1.0,0.0,4.0,41.0
855.9094087721658,1.0,0.0,4.0,41.0
855.9102783373831,1.0,0.0,4.0,41.0
856.2102783373831,1.0,0.0,4.0,41.0
856.2111479026005,1.0,0.0,4.0,41.0
856.5111479026004,1.0,0.0,4.0,41.0
856.5120174678178,1.0,0.0,4.0,41.0
856.8120174678178,1.0,0.0,4.0,41.0
856.8128870330352,1.0,0.0,4.0,41.0
857.1128870330351,1.0,0.0,4.0,41.0
857.1137565982525,1.0,0.0,4.0,41.0
857.4137565982525,1.0,0.0,4.0,41.0
857.4146261634698,1.0,0.0,4.0,41.0
857.7146261634698,1.0,0.0,4.0,41.0
857.7154957286872,1.0,0.0,4.0,41.0
858.0154957286871,1.0,0.0,4.0,41.0
858.0163652939045,1.0,0.0,4.0,41.0
858.3163652939045,1.0,0.0,4.0,41.0
858.3172348591219,1.0,0.0,4.0,41.0
858.6172348591218,1.0,0.0,4.0,41.0
858.6181044243392,1.0,0.0,4.0,41.0
858.9181044243392,1.0,0.0,4.0,41.0
858.9189739895565,1.0,0.0,4.0,41.0
859.2189739895565,1.0,0.0,4.0,41.0
859.2198435547739,1.0,0.0,4.0,41.0
859.5198435547738,1.0,0.0,4.0,41.0
859.5207131199912,1.0,0.0,4.0,41.0
859.8207131199912,1.0,0.0,4.0,41.0
859.8215826852086,1.0,0.0,4.0,41.0
860.1215826852085,1.0,0.0,4.0,41.0
860.1224522504259,1.0,0.0,4.0,41.0
860.4224522504259,1.0,0.0,4.0,41.0
860.423309393283,1.0,0.0,4.0,41.0
860.723309393283,1.0,0.0,4.0,41.0
860.7241665361402,1.0,0.0,4.0,41.0
861.0241665361401,1.0,0.0,4.0,41.0
861.0250236789973,1.0,0.0,4.0,41.0
861.3250236789972,1.0,0.0,4.0,41.0
861.3258808218544,1.0,0.0,4.0,41.0
861.6258808218544,1.0,0.0,4.0,41.0
861.6267379647115,1.0,0.0,4.0,41.0
861.9267379647115,1.0,0.0,4.0,41.0
861.9275951075687,1.0,0.0,4.0,41.0
862.2275951075686,1.0,0.0,4.0,41.0
862.2284522504258,1.0,0.0,4.0,41.0
862.5284522504257,1.0,0.0,4.0,41.0
862.5293093932829,1.0,0.0,4.0,41.0
862.8293093932829,1.0,0.0,4.0,41.0
862.83016653614,1.0,0.0,4.0,41.0
863.13016653614,1.0,0.0,4.0,41.0
863.1310236789972,1.0,0.0,4.0,41.0
863.4310236789971,1.0,0.0,4.0,41.0
863.4318808218543,1.0,0.0,4.0,41.0
863.7318808218542,1.0,0.0,4.0,41.0
863.7327379647114,1.0,0.0,4.0,41.0
864.0327379647114,1.0,0.0,4.0,41.0
864.0335951075685,1.0,0.0,4.0,41.0
864.3335951075685,1.0,0.0,4.0,41.0
864.3344646727859,1.0,0.0,4.0,41.0
864.6344646727858,1.0,0.0,4.0,41.0
864.6353342380032,1.0,0.0,4.0,41.0
864.9353342380032,1.0,0.0,4.0,41.0
864.9362038032206,1.0,0.0,4.0,41.0
865.2362038032205,1.0,0.0,4.0,41.0
865.2370733684379,1.0,0.0,4.0,41.0
865.5370733684379,1.0,0.0,4.0,41.0
865.5379429336552,1.0,0.0,4.0,41.0
865.8379429336552,1.0,0.0,4.0,41.0
865.8388124988726,1.0,0.0,4.0,41.0
866.1388124988725,1.0,0.0,4.0,41.0
866.1396820640899,1.0,0.0,4.0,41.0
866.4396820640899,1.0,0.0,4.0,41.0
866.4405516293073,1.0,0.0,4.0,41.0
866.7405516293072,1.0,0.0,4.0,41.0
866.7414211945246,1.0,0.0,4.0,41.0
867.0414211945246,1.0,0.0,4.0,41.0
867.042290759742,1.0,0.0,4.0,41.0
867.3422907597419,1.0,0.0,4.0,41.0
867.3431603249593,1.0,0.0,4.0,41.0
867.6431603249592,1.0,0.0,4.0,41.0
867.6440298901766,1.0,0.0,4.0,41.0
867.9440298901766,1.0,0.0,4.0,41.0
867.944899455394,1.0,0.0,4.0,41.0
868.2448994553939,1.0,0.0,4.0,41.0
868.2457690206113,1.0,0.0,4.0,41.0
868.5457690206113,1.0,0.0,4.0,41.0
868.5466513735524,1.0,0.0,4.0,41.0
868.8466513735524,1.0,0.0,4.0,41.0
868.8475337264936,1.0,0.0,4.0,41.0
869.1475337264935,1.0,0.0,4.0,41.0
869.1484160794347,1.0,0.0,4.0,41.0
869.4484160794347,1.0,0.0,4.0,41.0
869.4492984323758,1.0,0.0,4.0,41.0
869.7492984323758,1.0,0.0,4.0,41.0
869.750180785317,1.0,0.0,4.0,41.0
870.0501807853169,1.0,0.0,4.0,41.0
870.0510631382581,1.0,0.0,4.0,41.0
870.351063138258,1.0,0.0,4.0,41.0
870.3519454911992,1.0,0.0,4.0,41.0
870.6519454911992,1.0,0.0,4.0,41.0
870.6528278441403,1.0,0.0,4.0,41.0
870.9528278441403,1.0,0.0,4.0,41.0
870.9537101970815,1.0,0.0,4.0,41.0
871.2537101970814,1.0,0.0,4.0,41.0
871.2545925500226,1.0,0.0,4.0,41.0
871.5545925500226,1.0,0.0,4.0,41.0
871.5554749029637,1.0,0.0,4.0,41.0
871.8554749029637,1.0,0.0,4.0,41.0
871.8563572559049,1.0,0.0,4.0,41.0
872.1563572559048,1.0,0.0,4.0,41.0
872.157239608846,1.0,0.0,4.0,41.0
872.457239608846,1.0,0.0,4.0,41.0
872.4581219617871,1.0,0.0,4.0,41.0
872.7581219617871,1.0,0.0,4.0,41.0
872.7590043147283,1.0,0.0,4.0,41.0
873.0590043147282,1.0,0.0,4.0,41.0
873.0598866676694,1.0,0.0,4.0,41.0
873.3598866676693,1.0,0.0,4.0,41.0
873.3607690206105,1.0,0.0,4.0,41.0
873.6607690206105,1.0,0.0,4.0,41.0
873.6616645429986,1.0,0.0,4.0,41.0
873.9616645429985,1.0,0.0,4.0,41.0
873.9625600653866,1.0,0.0,4.0,41.0
874.2625600653865,1.0,0.0,4.0,41.0
874.2634555877746,1.0,0.0,4.0,41.0
874.5634555877746,1.0,0.0,4.0,41.0
874.5643511101626,1.0,0.0,4.0,41.0
874.8643511101626,1.0,0.0,4.0,41.0
874.8652466325507,1.0,0.0,4.0,41.0
875.1652466325506,1.0,0.0,4.0,41.0
875.1661421549387,1.0,0.0,4.0,41.0
875.4661421549387,1.0,0.0,4.0,41.0
875.4670376773267,1.0,0.0,4.0,41.0
875.7670376773267,1.0,0.0,4.0,41.0
875.7679331997148,1.0,0.0,4.0,41.0
876.0679331997147,1.0,0.0,4.0,41.0
876.0688287221028,1.0,0.0,4.0,41.0
876.3688287221028,1.0,0.0,4.0,41.0
876.3697242444908,1.0,0.0,4.0,41.0
876.6697242444908,1.0,0.0,4.0,41.0
876.6706197668789,1.0,0.0,4.0,41.0
876.9706197668788,1.0,0.0,4.0,41.0
876.9715152892669,1.0,0.0,4.0,41.0
877.2715152892669,1.0,0.0,4.0,41.0
877.2724108116549,1.0,0.0,4.0,41.0
877.5724108116549,1.0,0.0,4.0,41.0
877.573306334043,1.0,0.0,4.0,41.0
877.8733063340429,1.0,0.0,4.0,41.0
877.874201856431,1.0,0.0,4.0,41.0
878.174201856431,1.0,0.0,4.0,41.0
878.175097378819,1.0,0.0,4.0,41.0
878.475097378819,1.0,0.0,4.0,41.0
878.4759929012071,1.0,0.0,4.0,41.0
878.775992901207,1.0,0.0,4.0,41.0
878.7768884235951,1.0,0.0,4.0,41.0
879.076888423595,1.0,0.0,4.0,41.0
879.0777839459831,1.0,0.0,4.0,41.0
879.3777839459831,1.0,0.0,4.0,41.0
879.3786794683712,1.0,0.0,4.0,41.0
879.6786794683711,1.0,0.0,4.0,41.0
879.6795749907592,1.0,0.0,3.0,41.0
879.9795749907591,1.0,0.0,3.0,41.0
879.9804705131472,1.0,0.0,3.0,41.0
880.2804705131472,1.0,0.0,3.0,41.0
880.2813660355353,1.0,0.0,3.0,41.0
880.5813660355352,1.0,0.0,3.0,41.0
880.5822615579233,1.0,0.0,3.0,41.0
880.8822615579232,1.0,0.0,3.0,41.0
880.8831570803113,1.0,0.0,3.0,41.0
881.1831570803113,1.0,0.0,3.0,41.0
881.1840526026994,1.0,0.0,3.0,41.0
881.4840526026993,1.0,0.0,3.0,41.0
881.4849481250874,1.0,0.0,3.0,41.0
881.7849481250873,1.0,0.0,3.0,41.0
881.7858436474754,1.0,0.0,3.0,41.0
882.0858436474754,1.0,0.0,3.0,41.0
882.0867391698634,1.0,0.0,3.0,41.0
882.3867391698634,1.0,0.0,3.0,41.0
882.3876346922515,1.0,0.0,3.0,41.0
882.6876346922514,1.0,0.0,3.0,41.0
882.6885302146395,1.0,0.0,3.0,41.0
882.9885302146395,1.0,0.0,3.0,41.0
882.9894257370275,1.0,0.0,3.0,41.0
883.2894257370275,1.0,0.0,3.0,41.0
883.2903212594156,1.0,0.0,3.0,41.0
883.5903212594155,1.0,0.0,3.0,41.0
883.5912167818036,1.0,0.0,3.0,41.0
883.8912167818036,1.0,0.0,3.0,41.0
883.8921123041916,1.0,0.0,3.0,41.0
884.1921123041916,1.0,0.0,3.0,41.0
884.1930078265797,1.0,0.0,3.0,41.0
884.4930078265796,1.0,0.0,3.0,41.0
884.4939033489677,1.0,0.0,3.0,41.0
884.7939033489677,1.0,0.0,3.0,41.0
884.7947988713557,1.0,0.0,3.0,41.0
885.0947988713557,1.0,0.0,3.0,41.0
885.0956943937438,1.0,0.0,3.0,41.0
885.3956943937437,1.0,0.0,3.0,41.0
885.3965899161318,1.0,0.0,3.0,41.0
885.6965899161318,1.0,0.0,3.0,41.0
885.6974854385198,1.0,0.0,3.0,41.0
885.9974854385198,1.0,0.0,3.0,41.0
885.9983809609079,1.0,0.0,3.0,41.0
886.2983809609078,1.0,0.0,3.0,41.0
886.2993040378309,1.0,0.0,3.0,41.0
886.5993040378308,1.0,0.0,3.0,41.0
886.6002271147539,1.0,0.0,3.0,41.0
886.9002271147539,1.0,0.0,3.0,41.0
886.901150191677,1.0,0.0,3.0,41.0
887.2011501916769,1.0,0.0,3.0,41.0
887.2020732686,1.0,0.0,3.0,41.0
887.5020732685999,1.0,0.0,3.0,41.0
887.502996345523,1.0,0.0,3.0,41.0
887.802996345523,1.0,0.0,3.0,41.0
887.803919422446,1.0,0.0,3.0,41.0
888.103919422446,1.0,0.0,3.0,41.0
888.104842499369,1.0,0.0,3.0,41.0
888.404842499369,1.0,0.0,3.0,41.0
888.4057655762921,1.0,0.0,3.0,41.0
888.705765576292,1.0,0.0,3.0,41.0
888.7066886532151,1.0,0.0,3.0,41.0
889.0066886532151,1.0,0.0,3.0,41.0
889.0076117301381,1.0,0.0,3.0,41.0
889.3076117301381,1.0,0.0,3.0,41.0
889.3085348070612,1.0,0.0,3.0,41.0
889.6085348070611,1.0,0.0,3.0,41.0
889.6094578839842,1.0,0.0,3.0,41.0
889.9094578839841,1.0,0.0,3.0,41.0
889.9103809609072,1.0,0.0,3.0,41.0
890.2103809609072,1.0,0.0,3.0,41.0
890.2113040378302,1.0,0.0,3.0,41.0
890.5113040378302,1.0,0.0,3.0,41.0
890.5122415378302,1.0,0.0,3.0,41.0
890.8122415378301,1.0,0.0,3.0,41.0
890.8131790378301,1.0,0.0,3.0,41.0
891.11317903783,1.0,0.0,3.0,41.0
891.11411653783,1.0,0.0,3.0,41.0
891.41411653783,1.0,0.0,3.0,41.0
891.4150540378299,1.0,0.0,3.0,41.0
891.7150540378299,1.0,0.0,3.0,41.0
891.7159915378298,1.0,0.0,3.0,41.0
892.0159915378298,1.0,0.0,3.0,41.0
892.0169290378298,1.0,0.0,3.0,41.0
892.3169290378297,1.0,0.0,3.0,41.0
892.3178665378297,1.0,0.0,3.0,41.0
892.6178665378296,1.0,0.0,3.0,41.0
892.6188040378296,1.0,0.0,3.0,41.0
892.9188040378295,1.0,0.0,3.0,41.0
892.919756418782,1.0,0.0,3.0,41.0
893.2197564187819,1.0,0.0,3.0,41.0
893.2207087997343,1.0,0.0,3.0,41.0
893.5207087997343,1.0,0.0,3.0,41.0
893.5216611806867,1.0,0.0,3.0,41.0
893.8216611806866,1.0,0.0,3.0,41.0
893.8226135616391,1.0,0.0,3.0,41.0
894.122613561639,1.0,0.0,3.0,41.0
894.1235659425914,1.0,0.0,3.0,41.0
894.4235659425914,1.0,0.0,3.0,41.0
894.4245183235438,1.0,0.0,3.0,41.0
894.7245183235437,1.0,0.0,3.0,41.0
894.7254707044962,1.0,0.0,3.0,41.0
895.0254707044961,1.0,0.0,3.0,41.0
895.0264230854485,1.0,0.0,3.0,41.0
895.3264230854485,1.0,0.0,3.0,41.0
895.3273754664009,1.0,0.0,3.0,41.0
895.6273754664008,1.0,0.0,3.0,41.0
895.6283278473533,1.0,0.0,3.0,41.0
895.9283278473532,1.0,0.0,3.0,41.0
895.9292802283056,1.0,0.0,3.0,41.0
896.2292802283056,1.0,0.0,3.0,41.0
896.230232609258,1.0,0.0,3.0,41.0
896.530232609258,1.0,0.0,3.0,41.0
896.5311849902104,1.0,0.0,3.0,41.0
896.8311849902103,1.0,0.0,3.0,41.0
896.8321373711627,1.0,0.0,3.0,41.0
897.1321373711627,1.0,0.0,3.0,41.0
897.1330897521151,1.0,0.0,3.0,41.0
897.433089752115,1.0,0.0,3.0,41.0
897.434027252115,1.0,0.0,3.0,41.0
897.734027252115,1.0,0.0,3.0,41.0
897.7349647521149,1.0,0.0,3.0,41.0
898.0349647521149,1.0,0.0,3.0,41.0
898.0359022521149,1.0,0.0,3.0,41.0
898.3359022521148,1.0,0.0,3.0,41.0
898.3368397521148,1.0,0.0,3.0,41.0
898.6368397521147,1.0,0.0,3.0,41.0
898.6377772521147,1.0,0.0,3.0,41.0
898.9377772521146,1.0,0.0,3.0,41.0
898.9387147521146,1.0,0.0,3.0,41.0
899.2387147521146,1.0,0.0,3.0,41.0
899.2396522521145,1.0,0.0,3.0,41.0
899.5396522521145,1.0,0.0,3.0,41.0
899.5406046330669,1.0,0.0,3.0,41.0
899.8406046330668,1.0,0.0,3.0,41.0
899.8415570140193,1.0,0.0,3.0,41.0
900.1415570140192,1.0,0.0,3.0,41.0
900.1425093949716,1.0,0.0,3.0,41.0
900.4425093949716,1.0,0.0,3.0,41.0
900.443461775924,1.0,0.0,3.0,41.0
900.743461775924,1.0,0.0,3.0,41.0
900.7444141568764,1.0,0.0,3.0,41.0
901.0444141568763,1.0,0.0,3.0,41.0
901.0453665378287,1.0,0.0,3.0,41.0
901.3453665378287,1.0,0.0,3.0,41.0
901.3463189187811,1.0,0.0,3.0,41.0
901.646318918781,1.0,0.0,3.0,41.0
901.6472712997335,1.0,0.0,3.0,41.0
901.9472712997334,1.0,0.0,3.0,41.0
901.9482390416689,1.0,0.0,3.0,41.0
902.2482390416689,1.0,0.0,3.0,41.0
902.2492067836043,1.0,0.0,3.0,41.0
902.5492067836043,1.0,0.0,3.0,41.0
902.5501745255398,1.0,0.0,3.0,41.0
902.8501745255397,1.0,0.0,3.0,41.0
902.8511422674752,1.0,0.0,3.0,41.0
903.1511422674752,1.0,0.0,3.0,41.0
903.1521100094106,1.0,0.0,3.0,41.0
903.4521100094106,1.0,0.0,3.0,41.0
903.4530777513461,1.0,0.0,3.0,41.0
903.753077751346,1.0,0.0,3.0,41.0
903.7540454932815,1.0,0.0,3.0,41.0
904.0540454932815,1.0,0.0,3.0,41.0
904.055013235217,1.0,0.0,3.0,41.0
904.3550132352169,1.0,0.0,3.0,41.0
904.3559809771524,1.0,0.0,3.0,41.0
904.6559809771524,1.0,0.0,3.0,41.0
904.6569487190878,1.0,0.0,3.0,41.0
904.9569487190878,1.0,0.0,3.0,41.0
904.9579164610233,1.0,0.0,3.0,41.0
905.2579164610232,1.0,0.0,3.0,41.0
905.2588842029587,1.0,0.0,3.0,41.0
905.5588842029587,1.0,0.0,3.0,41.0
905.5598519448941,1.0,0.0,3.0,41.0
905.8598519448941,1.0,0.0,3.0,41.0
905.8608196868296,1.0,0.0,3.0,41.0
906.1608196868295,1.0,0.0,3.0,41.0
906.161787428765,1.0,0.0,3.0,41.0
906.461787428765,1.0,0.0,3.0,41.0
906.4627551707005,1.0,0.0,3.0,41.0
906.7627551707004,1.0,0.0,3.0,41.0
906.7637229126359,1.0,0.0,3.0,41.0
907.0637229126359,1.0,0.0,3.0,41.0
907.0646906545713,1.0,0.0,3.0,41.0
907.3646906545713,1.0,0.0,3.0,41.0
907.3656583965068,1.0,0.0,3.0,41.0
907.6656583965067,1.0,0.0,3.0,41.0
907.6666261384422,1.0,0.0,3.0,41.0
907.9666261384422,1.0,0.0,3.0,41.0
907.9675938803776,1.0,0.0,3.0,41.0
908.2675938803776,1.0,0.0,3.0,41.0
908.2685616223131,1.0,0.0,3.0,41.0
908.568561622313,1.0,0.0,3.0,41.0
908.5695293642485,1.0,0.0,3.0,41.0
908.8695293642485,1.0,0.0,3.0,41.0
908.870497106184,1.0,0.0,3.0,41.0
909.1704971061839,1.0,0.0,3.0,41.0
909.1714648481194,1.0,0.0,3.0,41.0
909.4714648481194,1.0,0.0,3.0,41.0
909.4724325900548,1.0,0.0,3.0,41.0
909.7724325900548,1.0,0.0,3.0,41.0
909.7734003319903,1.0,0.0,3.0,41.0
910.0734003319902,1.0,0.0,3.0,41.0
910.0743680739257,1.0,0.0,3.0,41.0
910.3743680739257,1.0,0.0,3.0,41.0
910.3753358158611,1.0,0.0,3.0,41.0
910.6753358158611,1.0,0.0,3.0,41.0
910.6763035577966,1.0,0.0,3.0,41.0
910.9763035577965,1.0,0.0,3.0,41.0
910.977271299732,1.0,0.0,3.0,41.0
911.277271299732,1.0,0.0,3.0,41.0
911.2782390416675,1.0,0.0,3.0,41.0
911.5782390416674,1.0,0.0,3.0,41.0
911.5792067836029,1.0,0.0,3.0,41.0
911.8792067836029,1.0,0.0,3.0,41.0
911.8801745255383,1.0,0.0,3.0,41.0
912.1801745255383,1.0,0.0,3.0,41.0
912.1811422674738,1.0,0.0,3.0,41.0
912.4811422674737,1.0,0.0,3.0,41.0
912.4821100094092,1.0,0.0,3.0,41.0
912.7821100094092,1.0,0.0,3.0,41.0
912.7830777513446,1.0,0.0,3.0,41.0
913.0830777513446,1.0,0.0,3.0,41.0
913.0840454932801,1.0,0.0,3.0,41.0
913.38404549328,1.0,0.0,3.0,41.0
913.3850132352155,1.0,0.0,3.0,41.0
913.6850132352155,1.0,0.0,3.0,41.0
913.685980977151,1.0,0.0,3.0,41.0
913.9859809771509,1.0,0.0,3.0,41.0
913.9869487190864,1.0,0.0,3.0,41.0
914.2869487190864,1.0,0.0,3.0,41.0
914.2879164610218,1.0,0.0,3.0,41.0
914.5879164610218,1.0,0.0,3.0,41.0
914.5888842029573,1.0,0.0,3.0,41.0
914.8888842029572,1.0,0.0,3.0,41.0
914.8898519448927,1.0,0.0,3.0,41.0
915.1898519448927,1.0,0.0,3.0,41.0
915.1908196868281,1.0,0.0,3.0,41.0
915.4908196868281,1.0,0.0,3.0,41.0
915.4917874287636,1.0,0.0,3.0,41.0
915.7917874287635,1.0,0.0,3.0,41.0
915.792755170699,1.0,0.0,3.0,41.0
916.092755170699,1.0,0.0,3.0,41.0
916.0937229126345,1.0,0.0,3.0,41.0
916.3937229126344,1.0,0.0,3.0,41.0
916.3946906545699,1.0,0.0,3.0,41.0
916.6946906545699,1.0,0.0,3.0,41.0
916.6956583965053,1.0,0.0,3.0,41.0
916.9956583965053,1.0,0.0,3.0,41.0
916.9966261384408,1.0,0.0,3.0,41.0
917.2966261384407,1.0,0.0,3.0,41.0
917.2975938803762,1.0,0.0,3.0,41.0
917.5975938803762,1.0,0.0,3.0,41.0
917.5985616223116,1.0,0.0,3.0,41.0
917.8985616223116,1.0,0.0,3.0,41.0
917.8995293642471,1.0,0.0,3.0,41.0
918.199529364247,1.0,0.0,3.0,41.0
918.2004971061825,1.0,0.0,3.0,41.0
918.5004971061825,1.0,0.0,3.0,41.0
918.501464848118,1.0,0.0,3.0,41.0
918.8014648481179,1.0,0.0,3.0,41.0
918.8024325900534,1.0,0.0,3.0,41.0
919.1024325900534,1.0,0.0,3.0,41.0
919.1034003319888,1.0,0.0,3.0,41.0
919.4034003319888,1.0,0.0,3.0,41.0
919.4043680739243,1.0,0.0,3.0,41.0
919.7043680739242,1.0,0.0,3.0,41.0
919.7053358158597,1.0,0.0,3.0,41.0
920.0053358158597,1.0,0.0,3.0,41.0
920.0063035577951,1.0,0.0,3.0,40.0
920.3063035577951,1.0,0.0,3.0,40.0
920.3072712997306,1.0,0.0,3.0,40.0
920.6072712997305,1.0,0.0,3.0,40.0
920.608239041666,1.0,0.0,3.0,40.0
920.908239041666,1.0,0.0,3.0,40.0
920.9092067836015,1.0,0.0,3.0,40.0
921.2092067836014,1.0,0.0,3.0,40.0
921.2101745255369,1.0,0.0,3.0,40.0
921.5101745255369,1.0,0.0,3.0,40.0
921.5111422674723,1.0,0.0,3.0,40.0
921.8111422674723,1.0,0.0,3.0,40.0
921.8121100094078,1.0,0.0,3.0,40.0
922.1121100094077,1.0,0.0,3.0,40.0
922.1130777513432,1.0,0.0,3.0,40.0
922.4130777513432,1.0,0.0,3.0,40.0
922.4140454932786,1.0,0.0,2.0,40.0
922.7140454932786,1.0,0.0,2.0,40.0
922.7150132352141,1.0,0.0,2.0,40.0
923.015013235214,1.0,0.0,2.0,40.0
923.0159809771495,1.0,0.0,2.0,40.0
923.3159809771495,1.0,0.0,2.0,40.0
923.316948719085,1.0,0.0,2.0,40.0
923.6169487190849,1.0,0.0,2.0,40.0
923.6179164610204,1.0,0.0,2.0,40.0
923.9179164610204,1.0,0.0,2.0,40.0
923.9188842029558,1.0,0.0,2.0,40.0
924.2188842029558,1.0,0.0,2.0,40.0
924.2198519448913,1.0,0.0,2.0,40.0
924.5198519448912,1.0,0.0,2.0,40.0
924.5208196868267,1.0,0.0,2.0,40.0
924.8208196868267,1.0,0.0,2.0,40.0
924.821803293384,1.0,0.0,2.0,40.0
925.121803293384,1.0,0.0,2.0,40.0
925.1227868999414,1.0,0.0,2.0,40.0
925.4227868999413,1.0,0.0,2.0,40.0
925.4237705064987,1.0,0.0,2.0,40.0
925.7237705064987,1.0,0.0,2.0,40.0
925.7247541130561,1.0,0.0,2.0,40.0
926.024754113056,1.0,0.0,2.0,40.0
926.0257377196134,1.0,0.0,2.0,40.0
926.3257377196134,1.0,0.0,2.0,40.0
926.3267213261707,1.0,0.0,2.0,40.0
926.6267213261707,1.0,0.0,2.0,40.0
926.6277049327281,1.0,0.0,2.0,40.0
926.927704932728,1.0,0.0,2.0,40.0
926.9286885392854,1.0,0.0,2.0,40.0
927.2286885392854,1.0,0.0,2.0,40.0
927.2296721458428,1.0,0.0,2.0,40.0
927.5296721458427,1.0,0.0,2.0,40.0
927.5306557524001,1.0,0.0,2.0,40.0
927.8306557524,1.0,0.0,2.0,40.0
927.8316393589574,1.0,0.0,2.0,40.0
928.1316393589574,1.0,0.0,2.0,40.0
928.1326229655148,1.0,0.0,2.0,40.0
928.4326229655147,1.0,0.0,2.0,40.0
928.4336065720721,1.0,0.0,2.0,40.0
928.7336065720721,1.0,0.0,2.0,40.0
928.734606572072,1.0,0.0,2.0,40.0
929.034606572072,1.0,0.0,2.0,40.0
929.035606572072,1.0,0.0,2.0,40.0
929.3356065720719,1.0,0.0,2.0,40.0
929.3366065720719,1.0,0.0,2.0,40.0
929.6366065720719,1.0,0.0,2.0,40.0
929.6376065720718,1.0,0.0,2.0,40.0
929.9376065720718,1.0,0.0,2.0,40.0
929.9386065720718,1.0,0.0,2.0,40.0
930.2386065720717,1.0,0.0,2.0,40.0
930.2396065720717,1.0,0.0,2.0,40.0
930.5396065720716,1.0,0.0,2.0,40.0
930.5406065720716,1.0,0.0,2.0,40.0
930.8406065720716,1.0,0.0,2.0,40.0
930.8416065720716,1.0,0.0,2.0,40.0
931.1416065720715,1.0,0.0,2.0,40.0
931.1426065720715,1.0,0.0,2.0,40.0
931.4426065720714,1.0,0.0,2.0,40.0
931.4436065720714,1.0,0.0,2.0,40.0
931.7436065720714,1.0,0.0,2.0,40.0
931.7446065720713,1.0,0.0,2.0,40.0
932.0446065720713,1.0,0.0,2.0,40.0
932.0456065720713,1.0,0.0,1.0,40.0
932.3456065720712,1.0,0.0,1.0,40.0
932.3466065720712,1.0,0.0,1.0,40.0
932.6466065720712,1.0,0.0,1.0,40.0
932.6476065720711,1.0,0.0,1.0,40.0
932.9476065720711,1.0,0.0,1.0,40.0
932.9486065720711,1.0,0.0,1.0,40.0
933.248606572071,1.0,0.0,1.0,40.0
933.249606572071,1.0,0.0,1.0,40.0
933.549606572071,1.0,0.0,1.0,40.0
933.5506065720709,1.0,0.0,1.0,40.0
933.8506065720709,1.0,0.0,1.0,40.0
933.8516065720709,1.0,0.0,1.0,40.0
934.1516065720708,1.0,0.0,1.0,40.0
934.1526065720708,1.0,0.0,1.0,40.0
934.4526065720707,1.0,0.0,1.0,40.0
934.4536065720707,1.0,0.0,1.0,40.0
934.7536065720707,1.0,0.0,1.0,40.0
934.7546065720707,1.0,0.0,1.0,40.0
935.0546065720706,1.0,0.0,1.0,40.0
935.0556065720706,1.0,0.0,1.0,40.0
935.3556065720705,1.0,0.0,1.0,40.0
935.3566065720705,1.0,0.0,1.0,40.0
935.6566065720705,1.0,0.0,1.0,40.0
935.6576065720704,1.0,0.0,1.0,40.0
935.9576065720704,1.0,0.0,1.0,40.0
935.958623521223,1.0,0.0,1.0,40.0
936.258623521223,1.0,0.0,1.0,40.0
936.2596404703755,1.0,0.0,1.0,40.0
936.5596404703755,1.0,0.0,1.0,40.0
936.5606574195281,1.0,0.0,1.0,40.0
936.860657419528,1.0,0.0,1.0,40.0
936.8616743686806,1.0,0.0,1.0,40.0
937.1616743686806,1.0,0.0,1.0,40.0
937.1626913178332,1.0,0.0,1.0,40.0
937.4626913178331,1.0,0.0,1.0,40.0
937.4637082669857,1.0,0.0,1.0,40.0
937.7637082669856,1.0,0.0,1.0,40.0
937.7647252161382,1.0,0.0,1.0,40.0
938.0647252161382,1.0,0.0,1.0,40.0
938.0657421652908,1.0,0.0,1.0,40.0
938.3657421652907,1.0,0.0,1.0,40.0
938.3667591144433,1.0,0.0,1.0,40.0
938.6667591144433,1.0,0.0,1.0,40.0
938.6677760635959,1.0,0.0,1.0,40.0
938.9677760635958,1.0,0.0,1.0,40.0
938.9687930127484,1.0,0.0,1.0,40.0
939.2687930127483,1.0,0.0,1.0,40.0
939.2698099619009,1.0,0.0,1.0,40.0
939.5698099619009,1.0,0.0,1.0,40.0
939.5708269110535,1.0,0.0,0.0,40.0
939.8708269110534,1.0,0.0,0.0,40.0
939.871843860206,1.0,0.0,0.0,40.0
940.171843860206,1.0,0.0,0.0,40.0
940.1728608093586,1.0,0.0,0.0,40.0
940.4728608093585,1.0,0.0,0.0,40.0
940.4738777585111,1.0,0.0,0.0,40.0
940.773877758511,1.0,0.0,0.0,40.0
940.7748947076636,1.0,0.0,0.0,40.0
941.0748947076636,1.0,0.0,0.0,40.0
941.0759116568162,1.0,0.0,0.0,40.0
941.3759116568161,1.0,0.0,0.0,40.0
941.3769286059687,1.0,0.0,0.0,40.0
941.6769286059687,1.0,0.0,0.0,40.0
941.6779455551213,1.0,0.0,0.0,40.0
941.9779455551212,1.0,0.0,0.0,40.0
941.9789625042738,1.0,0.0,0.0,40.0
942.2789625042737,1.0,0.0,0.0,40.0
942.2799794534263,1.0,0.0,0.0,40.0
942.5799794534263,1.0,0.0,0.0,40.0
942.5809964025789,1.0,0.0,0.0,40.0
942.8809964025788,1.0,0.0,0.0,40.0
942.8820133517314,1.0,0.0,0.0,40.0
943.1820133517314,1.0,0.0,0.0,40.0
943.183030300884,1.0,0.0,0.0,40.0
943.4830303008839,1.0,0.0,0.0,40.0
943.4840472500365,1.0,0.0,0.0,40.0
943.7840472500365,1.0,0.0,0.0,40.0
943.785064199189,1.0,0.0,0.0,40.0
944.085064199189,1.0,0.0,0.0,40.0
944.0860811483416,1.0,0.0,0.0,40.0
944.3860811483415,1.0,0.0,0.0,40.0
944.3870980974941,1.0,0.0,0.0,40.0
944.6870980974941,1.0,0.0,0.0,40.0
944.6881150466467,1.0,0.0,0.0,40.0
944.9881150466466,1.0,0.0,0.0,40.0
944.9891319957992,1.0,5.0,0.0,40.0
945.2891319957992,1.0,5.0,0.0,40.0
945.2901489449517,1.0,5.0,0.0,40.0
945.5901489449517,1.0,5.0,0.0,40.0
945.5911658941043,1.0,5.0,0.0,40.0
945.8911658941042,1.0,5.0,0.0,40.0
945.8921828432568,1.0,5.0,0.0,40.0
946.1921828432568,1.0,5.0,0.0,40.0
946.1931997924094,1.0,5.0,0.0,40.0
946.4931997924093,1.0,5.0,0.0,40.0
946.4942167415619,1.0,5.0,0.0,40.0
946.7942167415619,1.0,5.0,0.0,40.0
946.7952336907144,1.0,5.0,0.0,40.0
947.0952336907144,1.0,5.0,0.0,40.0
947.096268173473,1.0,5.0,0.0,40.0
947.396268173473,1.0,5.0,0.0,40.0
947.3973026562317,1.0,5.0,0.0,40.0
947.6973026562316,1.0,5.0,0.0,40.0
947.6983371389903,1.0,5.0,0.0,40.0
947.9983371389902,1.0,5.0,0.0,40.0
947.9993716217489,1.0,5.0,0.0,40.0
948.2993716217488,1.0,5.0,0.0,40.0
948.3004061045075,1.0,5.0,0.0,40.0
948.6004061045074,1.0,5.0,0.0,40.0
948.6014405872661,1.0,5.0,0.0,40.0
948.901440587266,1.0,5.0,0.0,40.0
948.9024750700247,1.0,5.0,0.0,40.0
949.2024750700247,1.0,5.0,0.0,40.0
949.2035095527833,1.0,5.0,0.0,40.0
949.5035095527833,1.0,5.0,0.0,40.0
949.5045440355419,1.0,5.0,0.0,40.0
949.8045440355419,1.0,5.0,0.0,40.0
949.8055785183005,1.0,5.0,0.0,40.0
950.1055785183005,1.0,5.0,0.0,40.0
950.1066130010591,1.0,5.0,0.0,40.0
950.4066130010591,1.0,5.0,0.0,40.0
950.4076474838178,1.0,3.0,0.0,41.0
950.7076474838177,1.0,3.0,0.0,41.0
950.7086819665764,1.0,3.0,0.0,41.0
951.0086819665763,1.0,3.0,0.0,41.0
951.009716449335,1.0,3.0,0.0,41.0
951.3097164493349,1.0,3.0,0.0,41.0
951.3107509320936,1.0,3.0,0.0,41.0
951.6107509320935,1.0,3.0,0.0,41.0
951.6117854148522,1.0,3.0,0.0,41.0
951.9117854148521,1.0,3.0,0.0,41.0
951.9128198976108,1.0,3.0,0.0,41.0
952.2128198976108,1.0,3.0,0.0,41.0
952.2138543803694,1.0,3.0,0.0,41.0
952.5138543803694,1.0,3.0,0.0,41.0
952.514888863128,1.0,3.0,0.0,41.0
952.814888863128,1.0,3.0,0.0,41.0
952.8159233458866,1.0,3.0,0.0,41.0
953.1159233458866,1.0,3.0,0.0,41.0
953.1169578286452,1.0,3.0,0.0,41.0
953.4169578286452,1.0,3.0,0.0,41.0
953.4179923114039,1.0,3.0,0.0,41.0
953.7179923114038,1.0,3.0,0.0,41.0
953.7190267941625,1.0,3.0,0.0,41.0
954.0190267941624,1.0,3.0,0.0,41.0
954.0200612769211,1.0,3.0,0.0,41.0
954.320061276921,1.0,3.0,0.0,41.0
954.3210957596797,1.0,3.0,0.0,41.0
954.6210957596796,1.0,3.0,0.0,41.0
954.6221302424383,1.0,3.0,0.0,41.0
954.9221302424382,1.0,3.0,0.0,41.0
954.9231647251969,1.0,3.0,0.0,41.0
955.2231647251969,1.0,3.0,0.0,41.0
955.2241992079555,1.0,3.0,0.0,41.0
955.5241992079555,1.0,3.0,0.0,41.0
955.5252336907141,1.0,3.0,0.0,41.0
955.8252336907141,1.0,3.0,0.0,41.0
955.8262681734727,1.0,3.0,0.0,41.0
956.1262681734727,1.0,3.0,0.0,41.0
956.1273026562313,1.0,3.0,0.0,41.0
956.4273026562313,1.0,3.0,0.0,41.0
956.42833713899,1.0,3.0,0.0,41.0
956.7283371389899,1.0,3.0,0.0,41.0
956.7293716217486,1.0,8.0,0.0,41.0
957.0293716217485,1.0,8.0,0.0,41.0
957.0303091217485,1.0,8.0,0.0,41.0
957.3303091217484,1.0,8.0,0.0,41.0
957.3312466217484,1.0,8.0,0.0,41.0
957.6312466217483,1.0,8.0,0.0,41.0
957.6321841217483,1.0,8.0,0.0,41.0
957.9321841217483,1.0,8.0,0.0,41.0
957.9331216217482,1.0,8.0,0.0,41.0
958.2331216217482,1.0,8.0,0.0,41.0
958.2340591217481,1.0,8.0,0.0,41.0
958.5340591217481,1.0,8.0,0.0,41.0
958.5349966217481,1.0,8.0,0.0,41.0
958.834996621748,1.0,8.0,0.0,41.0
958.835934121748,1.0,8.0,0.0,41.0
959.1359341217479,1.0,8.0,0.0,41.0
959.1368716217479,1.0,8.0,0.0,41.0
959.4368716217479,1.0,8.0,0.0,41.0
959.4378091217478,1.0,8.0,0.0,41.0
959.7378091217478,1.0,8.0,0.0,41.0
959.7387466217477,1.0,6.0,0.0,42.0
960.0387466217477,1.0,6.0,0.0,42.0
960.0397811045063,1.0,6.0,0.0,42.0
960.3397811045063,1.0,6.0,0.0,42.0
960.340815587265,1.0,6.0,0.0,42.0
960.6408155872649,1.0,6.0,0.0,42.0
960.6418500700236,1.0,6.0,0.0,42.0
960.9418500700235,1.0,6.0,0.0,42.0
960.9428845527822,1.0,6.0,0.0,42.0
961.2428845527821,1.0,6.0,0.0,42.0
961.2439190355408,1.0,6.0,0.0,42.0
961.5439190355407,1.0,6.0,0.0,42.0
961.5449535182994,1.0,6.0,0.0,42.0
961.8449535182993,1.0,6.0,0.0,42.0
961.845988001058,1.0,6.0,0.0,42.0
962.145988001058,1.0,6.0,0.0,42.0
962.1470224838166,1.0,6.0,0.0,42.0
962.4470224838166,1.0,6.0,0.0,42.0
962.4480569665752,1.0,6.0,0.0,42.0
962.7480569665752,1.0,6.0,0.0,42.0
962.7490914493338,1.0,6.0,0.0,42.0
963.0490914493338,1.0,6.0,0.0,42.0
963.0501259320924,1.0,6.0,0.0,42.0
963.3501259320924,1.0,6.0,0.0,42.0
963.351160414851,1.0,6.0,0.0,42.0
963.651160414851,1.0,6.0,0.0,42.0
963.6521948976097,1.0,6.0,0.0,42.0
963.9521948976096,1.0,6.0,0.0,42.0
963.9532293803683,1.0,6.0,0.0,42.0
964.2532293803682,1.0,6.0,0.0,42.0
964.2542638631269,1.0,6.0,0.0,42.0
964.5542638631268,1.0,6.0,0.0,42.0
964.5552983458855,1.0,6.0,0.0,42.0
964.8552983458854,1.0,6.0,0.0,42.0
964.8563328286441,1.0,6.0,0.0,42.0
965.156332828644,1.0,6.0,0.0,42.0
965.1573673114027,1.0,6.0,0.0,42.0
965.4573673114027,1.0,6.0,0.0,42.0
965.4584017941613,1.0,6.0,0.0,42.0
965.7584017941613,1.0,6.0,0.0,42.0
965.7594362769199,1.0,6.0,0.0,42.0
966.0594362769199,1.0,6.0,0.0,42.0
966.0604707596785,1.0,6.0,0.0,42.0
966.3604707596785,1.0,6.0,0.0,42.0
966.3615052424371,1.0,6.0,0.0,42.0
966.6615052424371,1.0,6.0,0.0,42.0
966.6625397251958,1.0,6.0,0.0,42.0
966.9625397251957,1.0,6.0,0.0,42.0
966.9635742079544,1.0,4.0,0.0,43.0
967.2635742079543,1.0,4.0,0.0,43.0
967.264608690713,1.0,4.0,0.0,43.0
967.5646086907129,1.0,4.0,0.0,43.0
967.5656431734716,1.0,4.0,0.0,43.0
967.8656431734715,1.0,4.0,0.0,43.0
967.8666776562302,1.0,4.0,0.0,43.0
968.1666776562301,1.0,4.0,0.0,43.0
968.1677121389888,1.0,4.0,0.0,43.0
968.4677121389888,1.0,4.0,0.0,43.0
968.4687466217474,1.0,4.0,0.0,43.0
968.7687466217474,1.0,4.0,0.0,43.0
968.769781104506,1.0,4.0,0.0,43.0
969.069781104506,1.0,4.0,0.0,43.0
969.0708155872646,1.0,4.0,0.0,43.0
969.3708155872646,1.0,4.0,0.0,43.0
969.3718500700232,1.0,4.0,0.0,43.0
969.6718500700232,1.0,4.0,0.0,43.0
969.6728845527819,1.0,4.0,0.0,43.0
969.9728845527818,1.0,4.0,0.0,43.0
969.9739190355405,1.0,4.0,0.0,43.0
970.2739190355404,1.0,4.0,0.0,43.0
970.2749535182991,1.0,4.0,0.0,43.0
970.574953518299,1.0,4.0,0.0,43.0
970.5759880010577,1.0,4.0,0.0,43.0
970.8759880010576,1.0,4.0,0.0,43.0
970.8770224838163,1.0,4.0,0.0,43.0
971.1770224838162,1.0,4.0,0.0,43.0
971.1780569665749,1.0,4.0,0.0,43.0
971.4780569665749,1.0,4.0,0.0,43.0
971.4790914493335,1.0,4.0,0.0,43.0
971.7790914493335,1.0,4.0,0.0,43.0
971.7801259320921,1.0,4.0,0.0,43.0
972.0801259320921,1.0,4.0,0.0,43.0
972.0811604148507,1.0,4.0,0.0,43.0
972.3811604148507,1.0,4.0,0.0,43.0
972.3821948976093,1.0,4.0,0.0,43.0
972.6821948976093,1.0,4.0,0.0,43.0
972.683229380368,1.0,2.0,0.0,44.0
972.9832293803679,1.0,2.0,0.0,44.0
972.9842638631266,1.0,2.0,0.0,44.0
973.2842638631265,1.0,2.0,0.0,44.0
973.2852983458852,1.0,2.0,0.0,44.0
973.5852983458851,1.0,2.0,0.0,44.0
973.5863328286438,1.0,2.0,0.0,44.0
973.8863328286437,1.0,2.0,0.0,44.0
973.8873673114024,1.0,2.0,0.0,44.0
974.1873673114023,1.0,2.0,0.0,44.0
974.188401794161,1.0,2.0,0.0,44.0
974.488401794161,1.0,2.0,0.0,44.0
974.4894362769196,1.0,2.0,0.0,44.0
974.7894362769196,1.0,2.0,0.0,44.0
974.7904707596782,1.0,2.0,0.0,44.0
975.0904707596782,1.0,2.0,0.0,44.0
975.0915052424368,1.0,2.0,0.0,44.0
975.3915052424368,1.0,2.0,0.0,44.0
975.3925397251954,1.0,2.0,0.0,44.0
975.6925397251954,1.0,2.0,0.0,44.0
975.693574207954,1.0,2.0,0.0,44.0
975.993574207954,1.0,2.0,0.0,44.0
975.9946086907127,1.0,2.0,0.0,44.0
976.2946086907126,1.0,2.0,0.0,44.0
976.2956431734713,1.0,2.0,0.0,44.0
976.5956431734712,1.0,2.0,0.0,44.0
976.5966776562299,1.0,2.0,0.0,44.0
976.8966776562298,1.0,2.0,0.0,44.0
976.8977121389885,1.0,2.0,0.0,44.0
977.1977121389884,1.0,2.0,0.0,44.0
977.1987466217471,1.0,2.0,0.0,44.0
977.498746621747,1.0,2.0,0.0,44.0
977.4997811045057,1.0,2.0,0.0,44.0
977.7997811045057,1.0,2.0,0.0,44.0
977.8008155872643,1.0,2.0,0.0,44.0
978.1008155872643,1.0,2.0,0.0,44.0
978.1018500700229,1.0,2.0,0.0,44.0
978.4018500700229,1.0,2.0,0.0,44.0
978.4028845527815,1.0,2.0,0.0,44.0
978.7028845527815,1.0,2.0,0.0,44.0
978.7039190355401,1.0,2.0,0.0,44.0
979.0039190355401,1.0,2.0,0.0,44.0
979.0049535182987,1.0,2.0,0.0,44.0
979.3049535182987,1.0,2.0,0.0,44.0
979.3059880010574,1.0,2.0,0.0,44.0
979.6059880010573,1.0,2.0,0.0,44.0
979.607022483816,1.0,2.0,0.0,44.0
979.9070224838159,1.0,2.0,0.0,44.0
979.9080569665746,1.0,2.0,0.0,44.0
980.2080569665745,1.0,2.0,0.0,44.0
980.2090914493332,1.0,2.0,0.0,44.0
980.5090914493331,1.0,2.0,0.0,44.0
980.5101259320918,1.0,2.0,0.0,44.0
980.8101259320918,1.0,2.0,0.0,44.0
980.8111604148504,1.0,2.0,0.0,44.0
981.1111604148504,1.0,2.0,0.0,44.0
981.112194897609,1.0,2.0,0.0,44.0
981.412194897609,1.0,2.0,0.0,44.0
981.4132293803676,1.0,2.0,0.0,44.0
981.7132293803676,1.0,2.0,0.0,44.0
981.7142638631262,1.0,2.0,0.0,44.0
982.0142638631262,1.0,2.0,0.0,44.0
982.0152983458848,1.0,2.0,0.0,44.0
982.3152983458848,1.0,2.0,0.0,44.0
982.3163328286435,1.0,2.0,0.0,44.0
982.6163328286434,1.0,2.0,0.0,44.0
982.6173673114021,1.0,2.0,0.0,44.0
982.917367311402,1.0,2.0,0.0,44.0
982.9184017941607,1.0,2.0,0.0,44.0
983.2184017941606,1.0,2.0,0.0,44.0
983.2194362769193,1.0,2.0,0.0,44.0
983.5194362769192,1.0,2.0,0.0,44.0
983.5204707596779,1.0,2.0,0.0,44.0
983.8204707596778,1.0,2.0,0.0,44.0
983.8215052424365,1.0,2.0,0.0,44.0
984.1215052424365,1.0,2.0,0.0,44.0
984.1225397251951,1.0,2.0,0.0,44.0
984.4225397251951,1.0,2.0,0.0,44.0
984.4235742079537,1.0,2.0,0.0,44.0
984.7235742079537,1.0,2.0,0.0,44.0
984.7246086907123,1.0,2.0,0.0,44.0
985.0246086907123,1.0,2.0,0.0,44.0
985.0256431734709,1.0,2.0,0.0,44.0
985.3256431734709,1.0,2.0,0.0,44.0
985.3266776562295,1.0,2.0,0.0,44.0
985.6266776562295,1.0,2.0,0.0,44.0
985.6277121389882,1.0,2.0,0.0,44.0
985.9277121389881,1.0,2.0,0.0,44.0
985.9287466217468,1.0,2.0,0.0,44.0
986.2287466217467,1.0,2.0,0.0,44.0
986.2297811045054,1.0,2.0,0.0,44.0
986.5297811045053,1.0,2.0,0.0,44.0
986.530815587264,1.0,2.0,0.0,44.0
986.8308155872639,1.0,2.0,0.0,44.0
986.8318500700226,1.0,2.0,0.0,44.0
987.1318500700226,1.0,2.0,0.0,44.0
987.1328845527812,1.0,2.0,0.0,44.0
987.4328845527812,1.0,2.0,0.0,44.0
987.4339190355398,1.0,2.0,0.0,44.0
987.7339190355398,1.0,2.0,0.0,44.0
987.7349535182984,1.0,2.0,0.0,44.0
988.0349535182984,1.0,2.0,0.0,44.0
988.035988001057,1.0,2.0,0.0,44.0
988.335988001057,1.0,2.0,0.0,44.0
988.3370224838156,1.0,2.0,0.0,44.0
988.6370224838156,1.0,2.0,0.0,44.0
988.6380569665743,1.0,2.0,0.0,44.0
988.9380569665742,1.0,2.0,0.0,44.0
988.9390914493329,1.0,2.0,0.0,44.0
989.2390914493328,1.0,2.0,0.0,44.0
989.2401259320915,1.0,2.0,0.0,44.0
989.5401259320914,1.0,2.0,0.0,44.0
989.5411604148501,1.0,2.0,0.0,44.0
989.84116041485,1.0,2.0,0.0,44.0
989.8421948976087,1.0,7.0,0.0,44.0
990.1421948976086,1.0,7.0,0.0,44.0
990.1432293803673,1.0,7.0,0.0,44.0
990.4432293803673,1.0,7.0,0.0,44.0
990.4442638631259,1.0,7.0,0.0,44.0
990.7442638631259,1.0,7.0,0.0,44.0
990.7452983458845,1.0,7.0,0.0,44.0
991.0452983458845,1.0,7.0,0.0,44.0
991.0463328286431,1.0,7.0,0.0,44.0
991.3463328286431,1.0,7.0,0.0,44.0
991.3473673114017,1.0,7.0,0.0,44.0
991.6473673114017,1.0,7.0,0.0,44.0
991.6484199429807,1.0,7.0,0.0,44.0
991.9484199429806,1.0,7.0,0.0,44.0
991.9494725745596,1.0,7.0,0.0,44.0
992.2494725745596,1.0,7.0,0.0,44.0
992.2505252061386,1.0,12.0,0.0,44.0
992.5505252061386,1.0,12.0,0.0,44.0
992.5509418728052,1.0,12.0,0.0,44.0
992.8509418728052,1.0,12.0,0.0,44.0
992.8513585394718,1.0,12.0,0.0,44.0
993.1513585394717,1.0,12.0,0.0,44.0
993.1517752061384,1.0,12.0,0.0,44.0
993.4517752061383,1.0,12.0,0.0,44.0
993.452191872805,1.0,12.0,0.0,44.0
993.7521918728049,1.0,12.0,0.0,44.0
993.7526085394716,1.0,12.0,0.0,44.0
994.0526085394715,1.0,12.0,0.0,44.0
994.0530252061382,1.0,12.0,0.0,44.0
994.3530252061381,1.0,12.0,0.0,44.0
994.3534418728048,1.0,12.0,0.0,44.0
994.6534418728047,1.0,12.0,0.0,44.0
994.6538585394713,1.0,12.0,0.0,44.0
994.9538585394713,1.0,12.0,0.0,44.0
994.9542752061379,1.0,12.0,0.0,44.0
995.2542752061379,1.0,12.0,0.0,44.0
995.2546918728045,1.0,12.0,0.0,44.0
995.5546918728045,1.0,12.0,0.0,44.0
995.5551085394711,1.0,12.0,0.0,44.0
995.8551085394711,1.0,12.0,0.0,44.0
995.8555252061377,1.0,12.0,0.0,44.0
996.1555252061377,1.0,12.0,0.0,44.0
996.1559418728043,1.0,12.0,0.0,44.0
996.4559418728043,1.0,12.0,0.0,44.0
996.4563585394709,1.0,12.0,0.0,44.0
996.7563585394709,1.0,12.0,0.0,44.0
996.7567752061375,1.0,12.0,0.0,44.0
997.0567752061374,1.0,12.0,0.0,44.0
997.0571918728041,1.0,12.0,0.0,44.0
997.357191872804,1.0,12.0,0.0,44.0
997.3576085394707,1.0,12.0,0.0,44.0
997.6576085394706,1.0,12.0,0.0,44.0
997.6580252061373,1.0,12.0,0.0,44.0
997.9580252061372,1.0,12.0,0.0,44.0
997.9584418728039,1.0,12.0,0.0,44.0
998.2584418728038,1.0,12.0,0.0,44.0
998.2588585394705,1.0,12.0,0.0,44.0
998.5588585394704,1.0,12.0,0.0,44.0
998.559275206137,1.0,12.0,0.0,44.0
998.859275206137,1.0,12.0,0.0,44.0
998.8596918728036,1.0,12.0,0.0,44.0
999.1596918728036,1.0,12.0,0.0,44.0
999.1601085394702,1.0,12.0,0.0,44.0
999.4601085394702,1.0,12.0,0.0,44.0
999.4605252061368,1.0,12.0,0.0,44.0
999.7605252061368,1.0,12.0,0.0,44.0
999.7609418728034,1.0,12.0,0.0,44.0
1000.0609418728034,1.0,12.0,0.0,44.0
1000.06135853947,1.0,12.0,0.0,44.0
1000.36135853947,1.0,12.0,0.0,44.0
1000.3617752061366,1.0,12.0,0.0,44.0
1000.6617752061366,1.0,12.0,0.0,44.0
1000.6621918728032,1.0,12.0,0.0,44.0
1000.9621918728031,1.0,12.0,0.0,44.0
1000.9626085394698,1.0,12.0,0.0,44.0
1001.2626085394697,1.0,12.0,0.0,44.0
1001.2630252061364,1.0,12.0,0.0,44.0
1001.5630252061363,1.0,12.0,0.0,44.0
1001.563441872803,1.0,12.0,0.0,44.0
1001.8634418728029,1.0,12.0,0.0,44.0
1001.8638585394696,1.0,12.0,0.0,44.0
1002.1638585394695,1.0,12.0,0.0,44.0
1002.1642752061362,1.0,12.0,0.0,44.0
1002.4642752061361,1.0,12.0,0.0,44.0
1002.4646918728027,1.0,12.0,0.0,44.0
1002.7646918728027,1.0,12.0,0.0,44.0
1002.7651085394693,1.0,12.0,0.0,44.0
1003.0651085394693,1.0,12.0,0.0,44.0
1003.0655252061359,1.0,12.0,0.0,44.0
1003.3655252061359,1.0,12.0,0.0,44.0
1003.3659418728025,1.0,12.0,0.0,44.0
1003.6659418728025,1.0,12.0,0.0,44.0
1003.6663585394691,1.0,12.0,0.0,44.0
1003.9663585394691,1.0,12.0,0.0,44.0
1003.9667752061357,1.0,12.0,0.0,44.0
1004.2667752061357,1.0,12.0,0.0,44.0
1004.2671918728023,1.0,12.0,0.0,44.0
1004.5671918728023,1.0,12.0,0.0,44.0
1004.5676085394689,1.0,12.0,0.0,44.0
1004.8676085394688,1.0,12.0,0.0,44.0
1004.8680252061355,1.0,12.0,0.0,44.0
1005.1680252061354,1.0,12.0,0.0,44.0
1005.1684418728021,1.0,12.0,0.0,44.0
1005.468441872802,1.0,12.0,0.0,44.0
1005.4688585394687,1.0,12.0,0.0,44.0
1005.7688585394686,1.0,12.0,0.0,44.0
1005.7692752061353,1.0,12.0,0.0,44.0
1006.0692752061352,1.0,12.0,0.0,44.0
1006.0696918728019,1.0,12.0,0.0,44.0
1006.3696918728018,1.0,12.0,0.0,44.0
1006.3701085394684,1.0,12.0,0.0,44.0
1006.6701085394684,1.0,12.0,0.0,44.0
1006.670525206135,1.0,12.0,0.0,44.0
1006.970525206135,1.0,12.0,0.0,44.0
1006.9709418728016,1.0,12.0,0.0,44.0
1007.2709418728016,1.0,12.0,0.0,44.0
1007.2713585394682,1.0,12.0,0.0,44.0
1007.5713585394682,1.0,12.0,0.0,44.0
1007.5717752061348,1.0,12.0,0.0,44.0
1007.8717752061348,1.0,12.0,0.0,44.0
1007.8721918728014,1.0,12.0,0.0,44.0
1008.1721918728014,1.0,12.0,0.0,44.0
1008.172608539468,1.0,12.0,0.0,44.0
1008.472608539468,1.0,12.0,0.0,44.0
1008.4730252061346,1.0,12.0,0.0,44.0
1008.7730252061345,1.0,12.0,0.0,44.0
1008.7734418728012,1.0,12.0,0.0,44.0
1009.0734418728011,1.0,12.0,0.0,44.0
1009.0738585394678,1.0,12.0,0.0,44.0
1009.3738585394677,1.0,12.0,0.0,44.0
1009.3742752061344,1.0,12.0,0.0,44.0
1009.6742752061343,1.0,12.0,0.0,44.0
1009.674691872801,1.0,12.0,0.0,44.0
1009.9746918728009,1.0,12.0,0.0,44.0
1009.9751085394676,1.0,10.0,0.0,45.0
1010.2751085394675,1.0,10.0,0.0,45.0
1010.2757085394675,1.0,10.0,0.0,45.0
1010.5757085394674,1.0,10.0,0.0,45.0
1010.5763085394674,1.0,10.0,0.0,45.0
1010.8763085394673,1.0,10.0,0.0,45.0
1010.8769085394673,1.0,10.0,0.0,45.0
1011.1769085394673,1.0,10.0,0.0,45.0
1011.1775085394672,1.0,10.0,0.0,45.0
1011.4775085394672,1.0,10.0,0.0,45.0
1011.4781085394671,1.0,8.0,0.0,46.0
1011.7781085394671,1.0,8.0,0.0,46.0
1011.7790460394671,1.0,8.0,0.0,46.0
1012.079046039467,1.0,8.0,0.0,46.0
1012.079983539467,1.0,8.0,0.0,46.0
1012.3799835394669,1.0,8.0,0.0,46.0
1012.3809210394669,1.0,8.0,0.0,46.0
1012.6809210394669,1.0,8.0,0.0,46.0
1012.6818585394668,1.0,8.0,0.0,46.0
1012.9818585394668,1.0,8.0,0.0,46.0
1012.9827960394667,1.0,8.0,0.0,46.0
1013.2827960394667,1.0,8.0,0.0,46.0
1013.2837335394667,1.0,8.0,0.0,46.0
1013.5837335394666,1.0,8.0,0.0,46.0
1013.5846710394666,1.0,8.0,0.0,46.0
1013.8846710394665,1.0,8.0,0.0,46.0
1013.8856085394665,1.0,8.0,0.0,46.0
1014.1856085394664,1.0,8.0,0.0,46.0
1014.1865460394664,1.0,8.0,0.0,46.0
1014.4865460394664,1.0,8.0,0.0,46.0
1014.4874835394663,1.0,8.0,0.0,46.0
1014.7874835394663,1.0,8.0,0.0,46.0
1014.7884210394662,1.0,8.0,0.0,46.0
1015.0884210394662,1.0,8.0,0.0,46.0
1015.0893585394662,1.0,8.0,0.0,46.0
1015.3893585394661,1.0,8.0,0.0,46.0
1015.3902960394661,1.0,8.0,0.0,46.0
1015.690296039466,1.0,8.0,0.0,46.0
1015.691233539466,1.0,8.0,0.0,46.0
1015.991233539466,1.0,8.0,0.0,46.0
1015.9921710394659,1.0,8.0,0.0,46.0
1016.2921710394659,1.0,8.0,0.0,46.0
1016.2931085394658,1.0,8.0,0.0,46.0
1016.5931085394658,1.0,8.0,0.0,46.0
1016.5940460394658,1.0,8.0,0.0,46.0
1016.8940460394657,1.0,8.0,0.0,46.0
1016.8949835394657,1.0,8.0,0.0,46.0
1017.1949835394656,1.0,8.0,0.0,46.0
1017.1959210394656,1.0,8.0,0.0,46.0
1017.4959210394655,1.0,8.0,0.0,46.0
1017.4968585394655,1.0,8.0,0.0,46.0
1017.7968585394655,1.0,8.0,0.0,46.0
1017.7977960394654,1.0,8.0,0.0,46.0
1018.0977960394654,1.0,8.0,0.0,46.0
1018.0987335394653,1.0,8.0,0.0,46.0
1018.3987335394653,1.0,8.0,0.0,46.0
1018.3996710394653,1.0,8.0,0.0,46.0
1018.6996710394652,1.0,8.0,0.0,46.0
1018.7006085394652,1.0,8.0,0.0,46.0
1019.0006085394651,1.0,8.0,0.0,46.0
1019.0015460394651,1.0,8.0,0.0,46.0
1019.301546039465,1.0,8.0,0.0,46.0
1019.302483539465,1.0,8.0,0.0,46.0
1019.602483539465,1.0,8.0,0.0,46.0
1019.6034210394649,1.0,8.0,0.0,46.0
1019.9034210394649,1.0,8.0,0.0,46.0
1019.9043585394649,1.0,8.0,0.0,46.0
1020.2043585394648,1.0,8.0,0.0,46.0
1020.2052960394648,1.0,8.0,0.0,46.0
1020.5052960394647,1.0,8.0,0.0,46.0
1020.5062335394647,1.0,8.0,0.0,46.0
1020.8062335394646,1.0,8.0,0.0,46.0
1020.8071710394646,1.0,8.0,0.0,46.0
1021.1071710394646,1.0,8.0,0.0,46.0
1021.1081085394645,1.0,8.0,0.0,46.0
1021.4081085394645,1.0,8.0,0.0,46.0
1021.4090460394644,1.0,8.0,0.0,46.0
1021.7090460394644,1.0,8.0,0.0,46.0
1021.7099835394644,1.0,8.0,0.0,46.0
1022.0099835394643,1.0,8.0,0.0,46.0
1022.0109210394643,1.0,8.0,0.0,46.0
1022.3109210394642,1.0,8.0,0.0,46.0
1022.3118585394642,1.0,8.0,0.0,46.0
1022.6118585394642,1.0,8.0,0.0,46.0
1022.6127960394641,1.0,8.0,0.0,46.0
1022.9127960394641,1.0,8.0,0.0,46.0
1022.913733539464,1.0,8.0,0.0,46.0
1023.213733539464,1.0,8.0,0.0,46.0
1023.214671039464,1.0,8.0,0.0,46.0
1023.5146710394639,1.0,8.0,0.0,46.0
1023.5156085394639,1.0,6.0,0.0,47.0
1023.8156085394638,1.0,6.0,0.0,47.0
1023.8166994485547,1.0,6.0,0.0,47.0
1024.1166994485548,1.0,6.0,0.0,47.0
1024.1177903576456,1.0,6.0,0.0,47.0
1024.4177903576456,1.0,6.0,0.0,47.0
1024.4188812667364,1.0,6.0,0.0,47.0
1024.7188812667364,1.0,6.0,0.0,47.0
1024.7199721758273,1.0,6.0,0.0,47.0
1025.0199721758272,1.0,6.0,0.0,47.0
1025.021063084918,1.0,6.0,0.0,47.0
1025.321063084918,1.0,6.0,0.0,47.0
1025.3221539940089,1.0,6.0,0.0,47.0
1025.6221539940088,1.0,6.0,0.0,47.0
1025.6232449030997,1.0,6.0,0.0,47.0
1025.9232449030997,1.0,6.0,0.0,47.0
1025.9243358121905,1.0,6.0,0.0,47.0
1026.2243358121905,1.0,6.0,0.0,47.0
1026.2254267212813,1.0,6.0,0.0,47.0
1026.5254267212813,1.0,6.0,0.0,47.0
1026.5265176303722,1.0,4.0,0.0,48.0
1026.826517630372,1.0,4.0,0.0,48.0
1026.827608539463,1.0,4.0,0.0,48.0
1027.127608539463,1.0,4.0,0.0,48.0
1027.1286994485538,1.0,4.0,0.0,48.0
1027.4286994485537,1.0,4.0,0.0,48.0
1027.4297903576446,1.0,4.0,0.0,48.0
1027.7297903576446,1.0,4.0,0.0,48.0
1027.7308812667354,1.0,4.0,0.0,48.0
1028.0308812667354,1.0,4.0,0.0,48.0
1028.0319721758262,1.0,4.0,0.0,48.0
1028.3319721758262,1.0,4.0,0.0,48.0
1028.333063084917,1.0,4.0,0.0,48.0
1028.633063084917,1.0,4.0,0.0,48.0
1028.6341539940079,1.0,4.0,0.0,48.0
1028.9341539940078,1.0,4.0,0.0,48.0
1028.9352449030987,1.0,4.0,0.0,48.0
1029.2352449030986,1.0,4.0,0.0,48.0
1029.2363358121895,1.0,4.0,0.0,48.0
1029.5363358121895,1.0,4.0,0.0,48.0
1029.5374267212803,1.0,4.0,0.0,48.0
1029.8374267212803,1.0,4.0,0.0,48.0
1029.8385176303711,1.0,4.0,0.0,48.0
1030.138517630371,1.0,4.0,0.0,48.0
1030.139608539462,1.0,4.0,0.0,48.0
1030.439608539462,1.0,4.0,0.0,48.0
1030.4406994485528,1.0,4.0,0.0,48.0
1030.7406994485527,1.0,4.0,0.0,48.0
1030.7417903576436,1.0,4.0,0.0,48.0
1031.0417903576435,1.0,4.0,0.0,48.0
1031.0428812667344,1.0,4.0,0.0,48.0
1031.3428812667344,1.0,4.0,0.0,48.0
1031.3440133422062,1.0,4.0,0.0,48.0
1031.644013342206,1.0,4.0,0.0,48.0
1031.645145417678,1.0,4.0,0.0,48.0
1031.9451454176778,1.0,4.0,0.0,48.0
1031.9462774931496,1.0,4.0,0.0,48.0
1032.2462774931496,1.0,4.0,0.0,48.0
1032.2474095686214,1.0,4.0,0.0,48.0
1032.5474095686213,1.0,4.0,0.0,48.0
1032.5485416440931,1.0,4.0,0.0,48.0
1032.848541644093,1.0,4.0,0.0,48.0
1032.8496737195649,1.0,4.0,0.0,48.0
1033.1496737195648,1.0,4.0,0.0,48.0
1033.1508057950366,1.0,4.0,0.0,48.0
1033.4508057950366,1.0,4.0,0.0,48.0
1033.4519378705083,1.0,4.0,0.0,48.0
1033.7519378705083,1.0,4.0,0.0,48.0
1033.75306994598,1.0,4.0,0.0,48.0
1034.05306994598,1.0,4.0,0.0,48.0
1034.0542020214518,1.0,4.0,0.0,48.0
1034.3542020214518,1.0,4.0,0.0,48.0
1034.3553340969236,1.0,2.0,0.0,49.0
1034.6553340969235,1.0,2.0,0.0,49.0
1034.6564661723953,1.0,2.0,0.0,49.0
1034.9564661723953,1.0,2.0,0.0,49.0
1034.957598247867,1.0,2.0,0.0,49.0
1035.257598247867,1.0,2.0,0.0,49.0
1035.2587303233388,1.0,2.0,0.0,49.0
1035.5587303233388,1.0,2.0,0.0,49.0
1035.5598623988105,1.0,2.0,0.0,49.0
1035.8598623988105,1.0,2.0,0.0,49.0
1035.8609944742823,1.0,2.0,0.0,49.0
1036.1609944742822,1.0,2.0,0.0,49.0
1036.162126549754,1.0,2.0,0.0,49.0
1036.462126549754,1.0,2.0,0.0,49.0
1036.4632586252258,1.0,2.0,0.0,49.0
1036.7632586252257,1.0,2.0,0.0,49.0
1036.7643907006975,1.0,2.0,0.0,49.0
1037.0643907006975,1.0,2.0,0.0,49.0
1037.0655227761692,1.0,2.0,0.0,49.0
1037.3655227761692,1.0,2.0,0.0,49.0
1037.366654851641,1.0,2.0,0.0,49.0
1037.666654851641,1.0,2.0,0.0,49.0
1037.6677869271127,1.0,2.0,0.0,49.0
1037.9677869271127,1.0,2.0,0.0,49.0
1037.9689190025845,1.0,2.0,0.0,49.0
1038.2689190025844,1.0,2.0,0.0,49.0
1038.2700510780562,1.0,2.0,0.0,49.0
1038.5700510780562,1.0,2.0,0.0,49.0
1038.571183153528,1.0,2.0,0.0,49.0
1038.871183153528,1.0,2.0,0.0,49.0
1038.8723152289997,1.0,2.0,0.0,49.0
1039.1723152289997,1.0,2.0,0.0,49.0
1039.1734473044714,1.0,2.0,0.0,49.0
1039.4734473044714,1.0,2.0,0.0,49.0
1039.4745793799432,1.0,2.0,0.0,49.0
1039.7745793799431,1.0,2.0,0.0,49.0
1039.775711455415,1.0,2.0,0.0,49.0
1040.0757114554149,1.0,2.0,0.0,49.0
1040.0768435308867,1.0,2.0,0.0,49.0
1040.3768435308866,1.0,2.0,0.0,49.0
1040.3779756063584,1.0,2.0,0.0,49.0
1040.6779756063584,1.0,2.0,0.0,49.0
1040.6791076818301,1.0,2.0,0.0,49.0
1040.97910768183,1.0,2.0,0.0,49.0
1040.980239757302,1.0,2.0,0.0,49.0
1041.2802397573018,1.0,2.0,0.0,49.0
1041.2813718327736,1.0,2.0,0.0,49.0
1041.5813718327736,1.0,2.0,0.0,49.0
1041.5825039082454,1.0,2.0,0.0,49.0
1041.8825039082453,1.0,2.0,0.0,49.0
1041.883635983717,1.0,2.0,0.0,49.0
1042.183635983717,1.0,2.0,0.0,49.0
1042.1847680591889,1.0,2.0,0.0,49.0
1042.4847680591888,1.0,2.0,0.0,49.0
1042.4859001346606,1.0,2.0,0.0,49.0
1042.7859001346606,1.0,2.0,0.0,49.0
1042.7870322101323,1.0,2.0,0.0,49.0
1043.0870322101323,1.0,2.0,0.0,49.0
1043.088164285604,1.0,2.0,0.0,49.0
1043.388164285604,1.0,2.0,0.0,49.0
1043.3892963610758,1.0,2.0,0.0,49.0
1043.6892963610758,1.0,2.0,0.0,49.0
1043.6904284365476,1.0,2.0,0.0,49.0
1043.9904284365475,1.0,2.0,0.0,49.0
1043.9915605120193,1.0,2.0,0.0,49.0
1044.2915605120193,1.0,2.0,0.0,49.0
1044.292692587491,1.0,2.0,0.0,49.0
1044.592692587491,1.0,2.0,0.0,49.0
1044.5938246629628,1.0,2.0,0.0,49.0
1044.8938246629627,1.0,2.0,0.0,49.0
1044.8949567384345,1.0,2.0,0.0,49.0
1045.1949567384345,1.0,2.0,0.0,49.0
1045.1960888139063,1.0,2.0,0.0,49.0
1045.4960888139062,1.0,2.0,0.0,49.0
1045.497220889378,1.0,2.0,0.0,49.0
1045.797220889378,1.0,2.0,0.0,49.0
1045.7983529648498,1.0,2.0,0.0,49.0
1046.0983529648497,1.0,2.0,0.0,49.0
1046.0994850403215,1.0,2.0,0.0,49.0
1046.3994850403215,1.0,2.0,0.0,49.0
1046.4006388864752,1.0,2.0,0.0,49.0
1046.7006388864752,1.0,2.0,0.0,49.0
1046.701792732629,1.0,2.0,0.0,49.0
1047.001792732629,1.0,2.0,0.0,49.0
1047.0029465787827,1.0,2.0,0.0,49.0
1047.3029465787827,1.0,2.0,0.0,49.0
1047.3041004249365,1.0,2.0,0.0,49.0
1047.6041004249364,1.0,2.0,0.0,49.0
1047.6052542710902,1.0,2.0,0.0,49.0
1047.9052542710901,1.0,2.0,0.0,49.0
1047.906408117244,1.0,2.0,0.0,49.0
1048.2064081172439,1.0,2.0,0.0,49.0
1048.2075619633977,1.0,2.0,0.0,49.0
1048.5075619633976,1.0,2.0,0.0,49.0
1048.5087158095514,1.0,2.0,0.0,49.0
1048.8087158095514,1.0,2.0,0.0,49.0
1048.8098696557051,1.0,2.0,0.0,49.0
1049.109869655705,1.0,2.0,0.0,49.0
1049.1110235018589,1.0,2.0,0.0,49.0
1049.4110235018588,1.0,2.0,0.0,49.0
1049.4121773480126,1.0,2.0,0.0,49.0
1049.7121773480126,1.0,2.0,0.0,49.0
1049.7133311941664,1.0,2.0,0.0,49.0
1050.0133311941663,1.0,2.0,0.0,49.0
1050.01448504032,1.0,2.0,0.0,49.0
1050.31448504032,1.0,2.0,0.0,49.0
1050.3156388864738,1.0,2.0,0.0,49.0
1050.6156388864738,1.0,2.0,0.0,49.0
1050.6167927326276,1.0,2.0,0.0,49.0
1050.9167927326275,1.0,2.0,0.0,49.0
1050.9179465787813,1.0,2.0,0.0,49.0
1051.2179465787813,1.0,2.0,0.0,49.0
1051.219100424935,1.0,2.0,0.0,49.0
1051.519100424935,1.0,2.0,0.0,49.0
1051.5202542710888,1.0,2.0,0.0,49.0
1051.8202542710887,1.0,2.0,0.0,49.0
1051.8214081172425,1.0,2.0,0.0,49.0
1052.1214081172425,1.0,2.0,0.0,49.0
1052.1225619633963,1.0,2.0,0.0,49.0
1052.4225619633962,1.0,2.0,0.0,49.0
1052.42371580955,1.0,2.0,0.0,49.0
1052.72371580955,1.0,2.0,0.0,49.0
1052.7248696557037,1.0,2.0,0.0,49.0
1053.0248696557037,1.0,2.0,0.0,49.0
1053.0260017311755,1.0,2.0,0.0,49.0
1053.3260017311754,1.0,2.0,0.0,49.0
1053.3271338066472,1.0,2.0,0.0,49.0
1053.6271338066472,1.0,2.0,0.0,49.0
1053.628265882119,1.0,2.0,0.0,49.0
1053.928265882119,1.0,2.0,0.0,49.0
1053.9293979575907,1.0,2.0,0.0,49.0
1054.2293979575907,1.0,2.0,0.0,49.0
1054.2305300330625,1.0,2.0,0.0,49.0
1054.5305300330624,1.0,2.0,0.0,49.0
1054.5316621085342,1.0,2.0,0.0,49.0
1054.8316621085341,1.0,2.0,0.0,49.0
1054.832794184006,1.0,2.0,0.0,49.0
1055.132794184006,1.0,2.0,0.0,49.0
1055.1339262594777,1.0,2.0,0.0,49.0
1055.4339262594776,1.0,2.0,0.0,49.0
1055.4350583349494,1.0,2.0,0.0,49.0
1055.7350583349494,1.0,2.0,0.0,49.0
1055.7361904104212,1.0,2.0,0.0,49.0
1056.036190410421,1.0,2.0,0.0,49.0
1056.037322485893,1.0,2.0,0.0,49.0
1056.3373224858929,1.0,2.0,0.0,49.0
1056.3384545613646,1.0,2.0,0.0,49.0
1056.6384545613646,1.0,2.0,0.0,49.0
1056.6395866368364,1.0,2.0,0.0,49.0
1056.9395866368363,1.0,2.0,0.0,49.0
1056.9407187123081,1.0,2.0,0.0,49.0
1057.240718712308,1.0,2.0,0.0,49.0
1057.2418507877799,1.0,2.0,0.0,49.0
1057.5418507877798,1.0,2.0,0.0,49.0
1057.5429828632516,1.0,2.0,0.0,49.0
1057.8429828632516,1.0,2.0,0.0,49.0
1057.8441149387234,1.0,2.0,0.0,49.0
1058.1441149387233,1.0,2.0,0.0,49.0
1058.145247014195,1.0,2.0,0.0,49.0
1058.445247014195,1.0,2.0,0.0,49.0
1058.4463790896668,1.0,2.0,0.0,49.0
1058.7463790896668,1.0,2.0,0.0,49.0
1058.7475111651386,1.0,2.0,0.0,49.0
1059.0475111651385,1.0,2.0,0.0,49.0
1059.0486432406103,1.0,2.0,0.0,49.0
1059.3486432406103,1.0,2.0,0.0,49.0
1059.349775316082,1.0,2.0,0.0,49.0
1059.649775316082,1.0,2.0,0.0,49.0
1059.6509073915538,1.0,2.0,0.0,49.0
1059.9509073915538,1.0,2.0,0.0,49.0
1059.9520612377075,1.0,2.0,0.0,49.0
1060.2520612377075,1.0,2.0,0.0,49.0
1060.2532150838613,1.0,2.0,0.0,49.0
1060.5532150838612,1.0,2.0,0.0,49.0
1060.554368930015,1.0,2.0,0.0,49.0
1060.854368930015,1.0,2.0,0.0,49.0
1060.8555227761688,1.0,2.0,0.0,49.0
1061.1555227761687,1.0,2.0,0.0,49.0
1061.1566766223225,1.0,2.0,0.0,49.0
1061.4566766223224,1.0,2.0,0.0,49.0
1061.4578304684762,1.0,2.0,0.0,49.0
1061.7578304684762,1.0,2.0,0.0,49.0
1061.75898431463,1.0,2.0,0.0,49.0
1062.05898431463,1.0,2.0,0.0,49.0
1062.0601381607837,1.0,2.0,0.0,49.0
1062.3601381607837,1.0,2.0,0.0,49.0
1062.3612920069374,1.0,2.0,0.0,49.0
1062.6612920069374,1.0,2.0,0.0,49.0
1062.6624684775256,1.0,2.0,0.0,49.0
1062.9624684775256,1.0,2.0,0.0,49.0
1062.9636449481138,1.0,2.0,0.0,49.0
1063.2636449481138,1.0,2.0,0.0,49.0
1063.264821418702,1.0,2.0,0.0,49.0
1063.564821418702,1.0,2.0,0.0,49.0
1063.5659978892902,1.0,2.0,0.0,49.0
1063.8659978892902,1.0,2.0,0.0,49.0
1063.8671743598784,1.0,2.0,0.0,49.0
1064.1671743598783,1.0,2.0,0.0,49.0
1064.1683508304666,1.0,2.0,0.0,49.0
1064.4683508304665,1.0,2.0,0.0,49.0
1064.4695273010548,1.0,2.0,0.0,49.0
1064.7695273010547,1.0,2.0,0.0,49.0
1064.770703771643,1.0,2.0,0.0,49.0
1065.070703771643,1.0,2.0,0.0,49.0
1065.0718802422311,1.0,2.0,0.0,49.0
1065.371880242231,1.0,2.0,0.0,49.0
1065.3730567128193,1.0,2.0,0.0,49.0
1065.6730567128193,1.0,2.0,0.0,49.0
1065.6742331834075,1.0,2.0,0.0,49.0
1065.9742331834075,1.0,2.0,0.0,49.0
1065.9754096539957,1.0,2.0,0.0,49.0
1066.2754096539957,1.0,2.0,0.0,49.0
1066.276586124584,1.0,2.0,0.0,49.0
1066.5765861245839,1.0,2.0,0.0,49.0
1066.577762595172,1.0,2.0,0.0,49.0
1066.877762595172,1.0,2.0,0.0,49.0
1066.8789390657603,1.0,2.0,0.0,49.0
1067.1789390657602,1.0,2.0,0.0,49.0
1067.1801155363485,1.0,2.0,0.0,49.0
1067.4801155363484,1.0,2.0,0.0,49.0
1067.4812920069367,1.0,2.0,0.0,49.0
1067.7812920069366,1.0,2.0,0.0,49.0
1067.7824684775248,1.0,2.0,0.0,49.0
1068.0824684775248,1.0,2.0,0.0,49.0
1068.083644948113,1.0,2.0,0.0,49.0
1068.383644948113,1.0,2.0,0.0,49.0
1068.3848214187012,1.0,2.0,0.0,49.0
1068.6848214187012,1.0,2.0,0.0,49.0
1068.6859978892894,1.0,2.0,0.0,49.0
1068.9859978892894,1.0,2.0,0.0,49.0
1068.9871743598776,1.0,2.0,0.0,49.0
1069.2871743598776,1.0,2.0,0.0,49.0
1069.2883508304658,1.0,2.0,0.0,49.0
1069.5883508304657,1.0,2.0,0.0,49.0
1069.589527301054,1.0,2.0,0.0,49.0
1069.889527301054,1.0,2.0,0.0,49.0
1069.8907037716422,1.0,2.0,0.0,49.0
1070.1907037716421,1.0,2.0,0.0,49.0
1070.1918802422304,1.0,2.0,0.0,49.0
1070.4918802422303,1.0,2.0,0.0,49.0
1070.4930567128185,1.0,2.0,0.0,49.0
1070.7930567128185,1.0,2.0,0.0,49.0
1070.7942331834067,1.0,2.0,0.0,49.0
1071.0942331834067,1.0,2.0,0.0,49.0
1071.095409653995,1.0,2.0,0.0,49.0
1071.3954096539949,1.0,2.0,0.0,49.0
1071.396586124583,1.0,2.0,0.0,49.0
1071.696586124583,1.0,2.0,0.0,49.0
1071.6977625951713,1.0,2.0,0.0,49.0
1071.9977625951713,1.0,2.0,0.0,49.0
1071.9989390657595,1.0,2.0,0.0,49.0
1072.2989390657594,1.0,2.0,0.0,49.0
1072.3001390657594,1.0,2.0,0.0,49.0
1072.6001390657593,1.0,2.0,0.0,49.0
1072.6013390657592,1.0,2.0,0.0,49.0
1072.9013390657592,1.0,2.0,0.0,49.0
1072.9025390657591,1.0,2.0,0.0,49.0
1073.202539065759,1.0,2.0,0.0,49.0
1073.203739065759,1.0,2.0,0.0,49.0
1073.503739065759,1.0,2.0,0.0,49.0
1073.504939065759,1.0,2.0,0.0,49.0
1073.8049390657588,1.0,2.0,0.0,49.0
1073.8061390657588,1.0,2.0,0.0,49.0
1074.1061390657587,1.0,2.0,0.0,49.0
1074.1073390657587,1.0,2.0,0.0,49.0
1074.4073390657586,1.0,2.0,0.0,49.0
1074.4085390657585,1.0,2.0,0.0,49.0
1074.7085390657585,1.0,2.0,0.0,49.0
1074.7097390657584,1.0,2.0,0.0,49.0
1075.0097390657584,1.0,2.0,0.0,49.0
1075.0109390657583,1.0,2.0,0.0,49.0
1075.3109390657582,1.0,2.0,0.0,49.0
1075.3121390657582,1.0,2.0,0.0,49.0
1075.6121390657581,1.0,2.0,0.0,49.0
1075.613339065758,1.0,2.0,0.0,49.0
1075.913339065758,1.0,2.0,0.0,49.0
1075.914539065758,1.0,2.0,0.0,49.0
1076.214539065758,1.0,2.0,0.0,49.0
1076.2157390657578,1.0,2.0,0.0,49.0
1076.5157390657578,1.0,2.0,0.0,49.0
1076.5169390657577,1.0,2.0,0.0,49.0
1076.8169390657577,1.0,2.0,0.0,49.0
1076.8181155363459,1.0,2.0,0.0,49.0
1077.1181155363458,1.0,2.0,0.0,49.0
1077.119292006934,1.0,2.0,0.0,49.0
1077.419292006934,1.0,2.0,0.0,49.0
1077.4204684775223,1.0,2.0,0.0,49.0
1077.7204684775222,1.0,2.0,0.0,49.0
1077.7216449481105,1.0,2.0,0.0,49.0
1078.0216449481104,1.0,2.0,0.0,49.0
1078.0228214186986,1.0,2.0,0.0,49.0
1078.3228214186986,1.0,2.0,0.0,49.0
1078.3239752648524,1.0,2.0,0.0,49.0
1078.6239752648523,1.0,2.0,0.0,49.0
1078.6251291110061,1.0,2.0,0.0,49.0
1078.925129111006,1.0,2.0,0.0,49.0
1078.9262829571599,1.0,2.0,0.0,49.0
1079.2262829571598,1.0,2.0,0.0,49.0
1079.2274368033136,1.0,2.0,0.0,49.0
1079.5274368033135,1.0,2.0,0.0,49.0
1079.5285906494673,1.0,2.0,0.0,49.0
1079.8285906494673,1.0,2.0,0.0,49.0
1079.829744495621,1.0,2.0,0.0,49.0
1080.129744495621,1.0,2.0,0.0,49.0
1080.1308983417748,1.0,2.0,0.0,49.0
1080.4308983417748,1.0,2.0,0.0,49.0
1080.4320521879285,1.0,2.0,0.0,49.0
1080.7320521879285,1.0,2.0,0.0,49.0
1080.7332060340823,1.0,7.0,0.0,49.0
1081.0332060340822,1.0,7.0,0.0,49.0
1081.034359880236,1.0,7.0,0.0,49.0
1081.334359880236,1.0,7.0,0.0,49.0
1081.3355137263898,1.0,7.0,0.0,49.0
1081.6355137263897,1.0,7.0,0.0,49.0
1081.6366675725435,1.0,7.0,0.0,49.0
1081.9366675725435,1.0,7.0,0.0,49.0
1081.9378214186972,1.0,7.0,0.0,49.0
1082.2378214186972,1.0,7.0,0.0,49.0
1082.238975264851,1.0,7.0,0.0,49.0
1082.538975264851,1.0,7.0,0.0,49.0
1082.5401291110047,1.0,7.0,0.0,49.0
1082.8401291110047,1.0,7.0,0.0,49.0
1082.8412829571585,1.0,7.0,0.0,49.0
1083.1412829571584,1.0,7.0,0.0,49.0
1083.1424368033122,1.0,5.0,0.0,50.0
1083.4424368033121,1.0,5.0,0.0,50.0
1083.443590649466,1.0,5.0,0.0,50.0
1083.743590649466,1.0,5.0,0.0,50.0
1083.7447444956197,1.0,5.0,0.0,50.0
1084.0447444956196,1.0,5.0,0.0,50.0
1084.0458983417734,1.0,5.0,0.0,50.0
1084.3458983417734,1.0,5.0,0.0,50.0
1084.3470521879271,1.0,5.0,0.0,50.0
1084.647052187927,1.0,5.0,0.0,50.0
1084.6482060340809,1.0,5.0,0.0,50.0
1084.9482060340808,1.0,5.0,0.0,50.0
1084.9493598802346,1.0,5.0,0.0,50.0
1085.2493598802346,1.0,5.0,0.0,50.0
1085.2505137263884,1.0,5.0,0.0,50.0
1085.5505137263883,1.0,5.0,0.0,50.0
1085.551667572542,1.0,5.0,0.0,50.0
1085.851667572542,1.0,5.0,0.0,50.0
1085.8528214186958,1.0,5.0,0.0,50.0
1086.1528214186958,1.0,5.0,0.0,50.0
1086.1539752648496,1.0,5.0,0.0,50.0
1086.4539752648495,1.0,5.0,0.0,50.0
1086.4551291110033,1.0,5.0,0.0,50.0
1086.7551291110033,1.0,5.0,0.0,50.0
1086.756282957157,1.0,5.0,0.0,50.0
1087.056282957157,1.0,5.0,0.0,50.0
1087.0574368033108,1.0,5.0,0.0,50.0
1087.3574368033107,1.0,5.0,0.0,50.0
1087.3585906494645,1.0,5.0,0.0,50.0
1087.6585906494645,1.0,5.0,0.0,50.0
1087.6597444956183,1.0,5.0,0.0,50.0
1087.9597444956182,1.0,5.0,0.0,50.0
1087.960898341772,1.0,5.0,0.0,50.0
1088.260898341772,1.0,5.0,0.0,50.0
1088.2620521879257,1.0,5.0,0.0,50.0
1088.5620521879257,1.0,5.0,0.0,50.0
1088.5632060340795,1.0,5.0,0.0,50.0
1088.8632060340794,1.0,5.0,0.0,50.0
1088.8643598802332,1.0,5.0,0.0,50.0
1089.1643598802332,1.0,5.0,0.0,50.0
1089.165513726387,1.0,5.0,0.0,50.0
1089.465513726387,1.0,5.0,0.0,50.0
1089.4666675725407,1.0,5.0,0.0,50.0
1089.7666675725407,1.0,5.0,0.0,50.0
1089.7678214186944,1.0,5.0,0.0,50.0
1090.0678214186944,1.0,5.0,0.0,50.0
1090.0689752648482,1.0,5.0,0.0,50.0
1090.3689752648481,1.0,5.0,0.0,50.0
1090.370129111002,1.0,5.0,0.0,50.0
1090.6701291110019,1.0,5.0,0.0,50.0
1090.6712829571557,1.0,5.0,0.0,50.0
1090.9712829571556,1.0,5.0,0.0,50.0
1090.9724368033094,1.0,5.0,0.0,50.0
1091.2724368033093,1.0,5.0,0.0,50.0
1091.2735906494631,1.0,5.0,0.0,50.0
1091.573590649463,1.0,5.0,0.0,50.0
1091.5747444956169,1.0,5.0,0.0,50.0
1091.8747444956168,1.0,5.0,0.0,50.0
1091.8758983417706,1.0,5.0,0.0,50.0
1092.1758983417706,1.0,5.0,0.0,50.0
1092.1770521879243,1.0,5.0,0.0,50.0
1092.4770521879243,1.0,5.0,0.0,50.0
1092.478206034078,1.0,5.0,0.0,50.0
1092.778206034078,1.0,5.0,0.0,50.0
1092.7793598802318,1.0,5.0,0.0,50.0
1093.0793598802318,1.0,5.0,0.0,50.0
1093.0805137263856,1.0,5.0,0.0,50.0
1093.3805137263855,1.0,5.0,0.0,50.0
1093.3816675725393,1.0,5.0,0.0,50.0
1093.6816675725393,1.0,5.0,0.0,50.0
1093.682821418693,1.0,5.0,0.0,50.0
1093.982821418693,1.0,5.0,0.0,50.0
1093.9839752648468,1.0,5.0,0.0,50.0
1094.2839752648467,1.0,5.0,0.0,50.0
1094.2851291110005,1.0,5.0,0.0,50.0
1094.5851291110005,1.0,5.0,0.0,50.0
1094.5862829571543,1.0,5.0,0.0,50.0
1094.8862829571542,1.0,5.0,0.0,50.0
1094.887436803308,1.0,5.0,0.0,50.0
1095.187436803308,1.0,5.0,0.0,50.0
1095.1885906494617,1.0,5.0,0.0,50.0
1095.4885906494617,1.0,5.0,0.0,50.0
1095.4897444956155,1.0,5.0,0.0,50.0
1095.7897444956154,1.0,5.0,0.0,50.0
1095.7908983417692,1.0,5.0,0.0,50.0
1096.0908983417692,1.0,5.0,0.0,50.0
1096.092052187923,1.0,5.0,0.0,50.0
1096.392052187923,1.0,5.0,0.0,50.0
1096.3932060340767,1.0,3.0,0.0,51.0
1096.6932060340766,1.0,3.0,0.0,51.0
1096.6943598802304,1.0,3.0,0.0,51.0
1096.9943598802304,1.0,3.0,0.0,51.0
1096.9955137263842,1.0,3.0,0.0,51.0
1097.2955137263841,1.0,3.0,0.0,51.0
1097.296667572538,1.0,3.0,0.0,51.0
1097.5966675725379,1.0,3.0,0.0,51.0
1097.5978214186916,1.0,3.0,0.0,51.0
1097.8978214186916,1.0,3.0,0.0,51.0
1097.8989752648454,1.0,3.0,0.0,51.0
1098.1989752648453,1.0,3.0,0.0,51.0
1098.2001291109991,1.0,3.0,0.0,51.0
1098.500129110999,1.0,3.0,0.0,51.0
1098.5012829571529,1.0,3.0,0.0,51.0
1098.8012829571528,1.0,3.0,0.0,51.0
1098.8024368033066,1.0,3.0,0.0,51.0
1099.1024368033065,1.0,3.0,0.0,51.0
1099.1035906494603,1.0,3.0,0.0,51.0
1099.4035906494603,1.0,3.0,0.0,51.0
1099.404744495614,1.0,3.0,0.0,51.0
1099.704744495614,1.0,3.0,0.0,51.0
1099.7058983417678,1.0,3.0,0.0,51.0
1100.0058983417678,1.0,3.0,0.0,51.0
1100.0070521879215,1.0,3.0,0.0,51.0
1100.3070521879215,1.0,3.0,0.0,51.0
1100.3082060340753,1.0,3.0,0.0,51.0
1100.6082060340752,1.0,3.0,0.0,51.0
1100.609338109547,1.0,3.0,0.0,51.0
1100.909338109547,1.0,3.0,0.0,51.0
1100.9104701850188,1.0,3.0,0.0,51.0
1101.2104701850187,1.0,3.0,0.0,51.0
1101.2116022604905,1.0,3.0,0.0,51.0
1101.5116022604905,1.0,3.0,0.0,51.0
1101.5127343359623,1.0,3.0,0.0,51.0
1101.8127343359622,1.0,3.0,0.0,51.0
1101.813866411434,1.0,3.0,0.0,51.0
1102.113866411434,1.0,3.0,0.0,51.0
1102.1149984869057,1.0,3.0,0.0,51.0
1102.4149984869057,1.0,3.0,0.0,51.0
1102.4161305623775,1.0,3.0,0.0,51.0
1102.7161305623774,1.0,3.0,0.0,51.0
1102.7172626378492,1.0,3.0,0.0,51.0
1103.0172626378492,1.0,3.0,0.0,51.0
1103.018394713321,1.0,3.0,0.0,51.0
1103.318394713321,1.0,3.0,0.0,51.0
1103.3195267887927,1.0,3.0,0.0,51.0
1103.6195267887927,1.0,3.0,0.0,51.0
1103.6206588642644,1.0,3.0,0.0,51.0
1103.9206588642644,1.0,3.0,0.0,51.0
1103.9217909397362,1.0,3.0,0.0,51.0
1104.2217909397361,1.0,3.0,0.0,51.0
1104.222923015208,1.0,3.0,0.0,51.0
1104.5229230152079,1.0,3.0,0.0,51.0
1104.5240550906797,1.0,3.0,0.0,51.0
1104.8240550906796,1.0,3.0,0.0,51.0
1104.8251871661514,1.0,3.0,0.0,51.0
1105.1251871661514,1.0,3.0,0.0,51.0
1105.1263192416232,1.0,3.0,0.0,51.0
1105.426319241623,1.0,3.0,0.0,51.0
1105.427451317095,1.0,3.0,0.0,51.0
1105.7274513170948,1.0,3.0,0.0,51.0
1105.7285833925666,1.0,3.0,0.0,51.0
1106.0285833925666,1.0,3.0,0.0,51.0
1106.0297154680384,1.0,3.0,0.0,51.0
1106.3297154680383,1.0,3.0,0.0,51.0
1106.3308475435101,1.0,3.0,0.0,51.0
1106.63084754351,1.0,3.0,0.0,51.0
1106.6319796189819,1.0,3.0,0.0,51.0
1106.9319796189818,1.0,3.0,0.0,51.0
1106.9331116944536,1.0,3.0,0.0,51.0
1107.2331116944536,1.0,3.0,0.0,51.0
1107.2342437699253,1.0,3.0,0.0,51.0
1107.5342437699253,1.0,3.0,0.0,51.0
1107.535375845397,1.0,3.0,0.0,51.0
1107.835375845397,1.0,3.0,0.0,51.0
1107.8365079208688,1.0,3.0,0.0,51.0
1108.1365079208688,1.0,3.0,0.0,51.0
1108.1376399963406,1.0,3.0,0.0,51.0
1108.4376399963405,1.0,3.0,0.0,51.0
1108.4387720718123,1.0,3.0,0.0,51.0
1108.7387720718123,1.0,3.0,0.0,51.0
1108.739904147284,1.0,3.0,0.0,51.0
1109.039904147284,1.0,3.0,0.0,51.0
1109.0410362227558,1.0,3.0,0.0,51.0
1109.3410362227557,1.0,3.0,0.0,51.0
1109.3421682982275,1.0,3.0,0.0,51.0
1109.6421682982275,1.0,3.0,0.0,51.0
1109.6433003736993,1.0,3.0,0.0,51.0
1109.9433003736992,1.0,3.0,0.0,51.0
1109.944432449171,1.0,3.0,0.0,51.0
1110.244432449171,1.0,3.0,0.0,51.0
1110.2455645246428,1.0,3.0,0.0,51.0
1110.5455645246427,1.0,3.0,0.0,51.0
1110.5466966001145,1.0,3.0,0.0,51.0
1110.8466966001145,1.0,3.0,0.0,51.0
1110.8478286755862,1.0,3.0,0.0,51.0
1111.1478286755862,1.0,3.0,0.0,51.0
1111.148960751058,1.0,3.0,0.0,51.0
1111.448960751058,1.0,3.0,0.0,51.0
1111.4500928265297,1.0,3.0,0.0,51.0
1111.7500928265297,1.0,3.0,0.0,51.0
1111.7512249020015,1.0,3.0,0.0,51.0
1112.0512249020014,1.0,3.0,0.0,51.0
1112.0523569774732,1.0,3.0,0.0,51.0
1112.3523569774732,1.0,3.0,0.0,51.0
1112.353489052945,1.0,3.0,0.0,51.0
1112.653489052945,1.0,3.0,0.0,51.0
1112.6546211284167,1.0,3.0,0.0,51.0
1112.9546211284166,1.0,3.0,0.0,51.0
1112.9557532038884,1.0,3.0,0.0,51.0
1113.2557532038884,1.0,3.0,0.0,51.0
1113.2568852793602,1.0,3.0,0.0,51.0
1113.5568852793601,1.0,3.0,0.0,51.0
1113.558017354832,1.0,3.0,0.0,51.0
1113.8580173548319,1.0,3.0,0.0,51.0
1113.8591494303037,1.0,3.0,0.0,51.0
1114.1591494303036,1.0,3.0,0.0,51.0
1114.1602815057754,1.0,3.0,0.0,51.0
1114.4602815057754,1.0,3.0,0.0,51.0
1114.4614135812471,1.0,3.0,0.0,51.0
1114.761413581247,1.0,3.0,0.0,51.0
1114.7625456567189,1.0,3.0,0.0,51.0
1115.0625456567188,1.0,3.0,0.0,51.0
1115.0636777321906,1.0,3.0,0.0,51.0
1115.3636777321906,1.0,3.0,0.0,51.0
1115.3648098076624,1.0,3.0,0.0,51.0
1115.6648098076623,1.0,3.0,0.0,51.0
1115.665941883134,1.0,3.0,0.0,51.0
1115.965941883134,1.0,3.0,0.0,51.0
1115.9670739586059,1.0,3.0,0.0,51.0
1116.2670739586058,1.0,3.0,0.0,51.0
1116.2682060340776,1.0,3.0,0.0,51.0
1116.5682060340775,1.0,3.0,0.0,51.0
1116.5693381095493,1.0,3.0,0.0,51.0
1116.8693381095493,1.0,3.0,0.0,51.0
1116.870470185021,1.0,3.0,0.0,51.0
1117.170470185021,1.0,3.0,0.0,51.0
1117.1716022604928,1.0,1.0,0.0,52.0
1117.4716022604928,1.0,1.0,0.0,52.0
1117.4727343359646,1.0,1.0,0.0,52.0
1117.7727343359645,1.0,1.0,0.0,52.0
1117.7738664114363,1.0,1.0,0.0,52.0
1118.0738664114363,1.0,1.0,0.0,52.0
1118.074998486908,1.0,1.0,0.0,52.0
1118.374998486908,1.0,1.0,0.0,52.0
1118.3761305623798,1.0,1.0,0.0,52.0
1118.6761305623797,1.0,1.0,0.0,52.0
1118.6772626378515,1.0,1.0,0.0,52.0
1118.9772626378515,1.0,1.0,0.0,52.0
1118.9783947133233,1.0,1.0,0.0,52.0
1119.2783947133232,1.0,1.0,0.0,52.0
1119.279526788795,1.0,1.0,0.0,52.0
1119.579526788795,1.0,1.0,0.0,52.0
1119.5806588642668,1.0,1.0,0.0,52.0
1119.8806588642667,1.0,1.0,0.0,52.0
1119.8817909397385,1.0,1.0,0.0,52.0
1120.1817909397384,1.0,1.0,0.0,52.0
1120.1829230152102,1.0,1.0,0.0,52.0
1120.4829230152102,1.0,1.0,0.0,52.0
1120.484055090682,1.0,1.0,0.0,52.0
1120.784055090682,1.0,1.0,0.0,52.0
1120.7851871661537,1.0,1.0,0.0,52.0
1121.0851871661537,1.0,1.0,0.0,52.0
1121.0863192416255,1.0,1.0,0.0,52.0
1121.3863192416254,1.0,1.0,0.0,52.0
1121.3874513170972,1.0,1.0,0.0,52.0
1121.6874513170972,1.0,1.0,0.0,52.0
1121.688583392569,1.0,1.0,0.0,52.0
1121.988583392569,1.0,1.0,0.0,52.0
1121.9897154680407,1.0,1.0,0.0,52.0
1122.2897154680406,1.0,1.0,0.0,52.0
1122.2908475435124,1.0,1.0,0.0,52.0
1122.5908475435124,1.0,1.0,0.0,52.0
1122.5919796189842,1.0,1.0,0.0,52.0
1122.8919796189841,1.0,1.0,0.0,52.0
1122.893111694456,1.0,1.0,0.0,52.0
1123.1931116944559,1.0,1.0,0.0,52.0
1123.1942437699277,1.0,1.0,0.0,52.0
1123.4942437699276,1.0,1.0,0.0,52.0
1123.4953758453994,1.0,1.0,0.0,52.0
1123.7953758453993,1.0,1.0,0.0,52.0
1123.7965079208711,1.0,1.0,0.0,52.0
1124.096507920871,1.0,1.0,0.0,52.0
1124.0976399963429,1.0,1.0,0.0,52.0
1124.3976399963428,1.0,1.0,0.0,52.0
1124.3987720718146,1.0,1.0,0.0,52.0
1124.6987720718146,1.0,1.0,0.0,52.0
1124.6999041472864,1.0,1.0,0.0,52.0
1124.9999041472863,1.0,1.0,0.0,52.0
1125.001036222758,1.0,1.0,0.0,52.0
1125.301036222758,1.0,1.0,0.0,52.0
1125.3021682982298,1.0,1.0,0.0,52.0
1125.6021682982298,1.0,1.0,0.0,52.0
1125.6033003737016,1.0,1.0,0.0,52.0
1125.9033003737015,1.0,1.0,0.0,52.0
1125.9044542198553,1.0,1.0,0.0,52.0
1126.2044542198553,1.0,1.0,0.0,52.0
1126.205608066009,1.0,1.0,0.0,52.0
1126.505608066009,1.0,1.0,0.0,52.0
1126.5067401414808,1.0,1.0,0.0,52.0
1126.8067401414808,1.0,1.0,0.0,52.0
1126.8078722169525,1.0,1.0,0.0,52.0
1127.1078722169525,1.0,1.0,0.0,52.0
1127.1090042924243,1.0,1.0,0.0,52.0
1127.4090042924242,1.0,1.0,0.0,52.0
1127.410136367896,1.0,1.0,0.0,52.0
1127.710136367896,1.0,1.0,0.0,52.0
1127.7112684433678,1.0,1.0,0.0,52.0
1128.0112684433677,1.0,1.0,0.0,52.0
1128.0124005188395,1.0,1.0,0.0,52.0
1128.3124005188395,1.0,1.0,0.0,52.0
1128.3135325943113,1.0,1.0,0.0,52.0
1128.6135325943112,1.0,1.0,0.0,52.0
1128.614664669783,1.0,1.0,0.0,52.0
1128.914664669783,1.0,1.0,0.0,52.0
1128.9157967452547,1.0,1.0,0.0,52.0
1129.2157967452547,1.0,1.0,0.0,52.0
1129.2169288207265,1.0,1.0,0.0,52.0
1129.5169288207264,1.0,1.0,0.0,52.0
1129.5180608961982,1.0,1.0,0.0,52.0
1129.8180608961982,1.0,1.0,0.0,52.0
1129.81919297167,1.0,1.0,0.0,52.0
1130.11919297167,1.0,1.0,0.0,52.0
1130.1203250471417,1.0,1.0,0.0,52.0
1130.4203250471417,1.0,1.0,0.0,52.0
1130.4214571226134,1.0,1.0,0.0,52.0
1130.7214571226134,1.0,1.0,0.0,52.0
1130.7225891980852,1.0,1.0,0.0,52.0
1131.0225891980851,1.0,1.0,0.0,52.0
1131.023721273557,1.0,1.0,0.0,52.0
1131.3237212735569,1.0,1.0,0.0,52.0
1131.3248533490287,1.0,1.0,0.0,52.0
1131.6248533490286,1.0,1.0,0.0,52.0
1131.6259854245004,1.0,1.0,0.0,52.0
1131.9259854245004,1.0,1.0,0.0,52.0
1131.9271174999722,1.0,1.0,0.0,52.0
1132.227117499972,1.0,1.0,0.0,52.0
1132.228249575444,1.0,1.0,0.0,52.0
1132.5282495754439,1.0,1.0,0.0,52.0
1132.5293816509156,1.0,1.0,0.0,52.0
1132.8293816509156,1.0,1.0,0.0,52.0
1132.8305137263874,1.0,1.0,0.0,52.0
1133.1305137263873,1.0,1.0,0.0,52.0
1133.1316458018591,1.0,1.0,0.0,52.0
1133.431645801859,1.0,1.0,0.0,52.0
1133.4327778773309,1.0,1.0,0.0,52.0
1133.7327778773308,1.0,1.0,0.0,52.0
1133.7339099528026,1.0,1.0,0.0,52.0
1134.0339099528026,1.0,1.0,0.0,52.0
1134.0350420282743,1.0,1.0,0.0,52.0
1134.3350420282743,1.0,1.0,0.0,52.0
1134.336174103746,1.0,1.0,0.0,52.0
1134.636174103746,1.0,1.0,0.0,52.0
1134.6373061792178,1.0,1.0,0.0,52.0
1134.9373061792178,1.0,1.0,0.0,52.0
1134.9384382546896,1.0,1.0,0.0,52.0
1135.2384382546895,1.0,1.0,0.0,52.0
1135.2395703301613,1.0,1.0,0.0,52.0
1135.5395703301613,1.0,1.0,0.0,52.0
1135.540702405633,1.0,1.0,0.0,52.0
1135.840702405633,1.0,1.0,0.0,52.0
1135.8418344811048,1.0,1.0,0.0,52.0
1136.1418344811048,1.0,1.0,0.0,52.0
1136.1429665565765,1.0,1.0,0.0,52.0
1136.4429665565765,1.0,1.0,0.0,52.0
1136.4440986320483,1.0,1.0,0.0,52.0
1136.7440986320482,1.0,1.0,0.0,52.0
1136.74523070752,1.0,1.0,0.0,52.0
1137.04523070752,1.0,1.0,0.0,52.0
1137.0463627829918,1.0,1.0,0.0,52.0
1137.3463627829917,1.0,1.0,0.0,52.0
1137.3474948584635,1.0,1.0,0.0,52.0
1137.6474948584635,1.0,1.0,0.0,52.0
1137.6486269339352,1.0,1.0,0.0,52.0
1137.9486269339352,1.0,1.0,0.0,52.0
1137.949759009407,1.0,1.0,0.0,52.0
1138.249759009407,1.0,1.0,0.0,52.0
1138.2508910848787,1.0,1.0,0.0,52.0
1138.5508910848787,1.0,1.0,0.0,52.0
1138.5520231603505,1.0,1.0,0.0,52.0
1138.8520231603504,1.0,1.0,0.0,52.0
1138.8531552358222,1.0,1.0,0.0,52.0
1139.1531552358222,1.0,1.0,0.0,52.0
1139.154287311294,1.0,1.0,0.0,52.0
1139.454287311294,1.0,1.0,0.0,52.0
1139.4554193867657,1.0,1.0,0.0,52.0
1139.7554193867657,1.0,1.0,0.0,52.0
1139.7565514622374,1.0,1.0,0.0,52.0
1140.0565514622374,1.0,1.0,0.0,52.0
1140.0576835377092,1.0,1.0,0.0,52.0
1140.3576835377091,1.0,1.0,0.0,52.0
1140.358815613181,1.0,1.0,0.0,52.0
1140.6588156131809,1.0,1.0,0.0,52.0
1140.6599476886527,1.0,1.0,0.0,52.0
1140.9599476886526,1.0,1.0,0.0,52.0
1140.9610797641244,1.0,1.0,0.0,52.0
1141.2610797641244,1.0,1.0,0.0,52.0
1141.2622118395961,1.0,1.0,0.0,52.0
1141.562211839596,1.0,1.0,0.0,52.0
1141.563343915068,1.0,1.0,0.0,52.0
1141.8633439150678,1.0,1.0,0.0,52.0
1141.8644759905396,1.0,1.0,0.0,52.0
1142.1644759905396,1.0,1.0,0.0,52.0
1142.1656080660114,1.0,1.0,0.0,52.0
1142.4656080660113,1.0,1.0,0.0,52.0
1142.4667401414831,1.0,1.0,0.0,52.0
1142.766740141483,1.0,1.0,0.0,52.0
1142.7678722169549,1.0,1.0,0.0,52.0
1143.0678722169548,1.0,1.0,0.0,52.0
1143.0690042924266,1.0,1.0,0.0,52.0
1143.3690042924266,1.0,1.0,0.0,52.0
1143.3701363678983,1.0,1.0,0.0,52.0
1143.6701363678983,1.0,1.0,0.0,52.0
1143.67126844337,1.0,1.0,0.0,52.0
1143.97126844337,1.0,1.0,0.0,52.0
1143.9724005188418,1.0,1.0,0.0,52.0
1144.2724005188418,1.0,1.0,0.0,52.0
1144.2735325943136,1.0,1.0,0.0,52.0
1144.5735325943135,1.0,1.0,0.0,52.0
1144.5746646697853,1.0,1.0,0.0,52.0
1144.8746646697853,1.0,1.0,0.0,52.0
1144.875796745257,1.0,1.0,0.0,52.0
1145.175796745257,1.0,1.0,0.0,52.0
1145.1769288207288,1.0,1.0,0.0,52.0
1145.4769288207287,1.0,1.0,0.0,52.0
1145.4780608962005,1.0,1.0,0.0,52.0
1145.7780608962005,1.0,1.0,0.0,52.0
1145.7791929716723,1.0,1.0,0.0,52.0
1146.0791929716722,1.0,1.0,0.0,52.0
1146.0803040827834,1.0,1.0,0.0,52.0
1146.3803040827834,1.0,1.0,0.0,52.0
1146.3814151938946,1.0,1.0,0.0,52.0
1146.6814151938945,1.0,1.0,0.0,52.0
1146.6825263050057,1.0,1.0,0.0,52.0
1146.9825263050056,1.0,1.0,0.0,52.0
1146.9836374161168,1.0,1.0,0.0,52.0
1147.2836374161168,1.0,1.0,0.0,52.0
1147.284748527228,1.0,1.0,0.0,52.0
1147.584748527228,1.0,1.0,0.0,52.0
1147.5858596383391,1.0,1.0,0.0,52.0
1147.885859638339,1.0,1.0,0.0,52.0
1147.8869707494503,1.0,1.0,0.0,52.0
1148.1869707494502,1.0,1.0,0.0,52.0
1148.1880818605614,1.0,1.0,0.0,52.0
1148.4880818605614,1.0,1.0,0.0,52.0
1148.4891929716725,1.0,1.0,0.0,52.0
1148.7891929716725,1.0,1.0,0.0,52.0
1148.7903040827837,1.0,1.0,0.0,52.0
1149.0903040827836,1.0,1.0,0.0,52.0
1149.0914151938948,1.0,1.0,0.0,52.0
1149.3914151938948,1.0,1.0,0.0,52.0
1149.392526305006,1.0,1.0,0.0,52.0
1149.692526305006,1.0,1.0,0.0,52.0
1149.693637416117,1.0,1.0,0.0,52.0
1149.993637416117,1.0,1.0,0.0,52.0
1149.994728325208,1.0,1.0,0.0,52.0
1150.2947283252079,1.0,1.0,0.0,52.0
1150.2958192342987,1.0,1.0,0.0,52.0
1150.5958192342987,1.0,1.0,0.0,52.0
1150.5969101433896,1.0,1.0,0.0,52.0
1150.8969101433895,1.0,1.0,0.0,52.0
1150.8980010524804,1.0,1.0,0.0,52.0
1151.1980010524803,1.0,1.0,0.0,52.0
1151.1990919615712,1.0,6.0,0.0,52.0
1151.4990919615711,1.0,6.0,0.0,52.0
1151.500182870662,1.0,6.0,0.0,52.0
1151.800182870662,1.0,6.0,0.0,52.0
1151.8012542992333,1.0,6.0,0.0,52.0
1152.1012542992332,1.0,6.0,0.0,52.0
1152.1023257278046,1.0,6.0,0.0,52.0
1152.4023257278045,1.0,6.0,0.0,52.0
1152.4033971563758,1.0,6.0,0.0,52.0
1152.7033971563758,1.0,6.0,0.0,52.0
1152.704468584947,1.0,6.0,0.0,52.0
1153.004468584947,1.0,6.0,0.0,52.0
1153.0055400135184,1.0,6.0,0.0,52.0
1153.3055400135183,1.0,6.0,0.0,52.0
1153.3066114420897,1.0,6.0,0.0,52.0
1153.6066114420896,1.0,6.0,0.0,52.0
1153.607682870661,1.0,6.0,0.0,52.0
1153.907682870661,1.0,6.0,0.0,52.0
1153.9087542992322,1.0,6.0,0.0,52.0
1154.2087542992322,1.0,6.0,0.0,52.0
1154.2098257278035,1.0,6.0,0.0,52.0
1154.5098257278034,1.0,6.0,0.0,52.0
1154.5108971563748,1.0,6.0,0.0,52.0
1154.8108971563747,1.0,6.0,0.0,52.0
1154.811968584946,1.0,6.0,0.0,52.0
1155.111968584946,1.0,6.0,0.0,52.0
1155.1130400135173,1.0,6.0,0.0,52.0
1155.4130400135173,1.0,6.0,0.0,52.0
1155.4141114420886,1.0,6.0,0.0,52.0
1155.7141114420886,1.0,6.0,0.0,52.0
1155.7151828706599,1.0,6.0,0.0,52.0
1156.0151828706598,1.0,6.0,0.0,52.0
1156.0162542992312,1.0,6.0,0.0,52.0
1156.316254299231,1.0,6.0,0.0,52.0
1156.3173257278024,1.0,6.0,0.0,52.0
1156.6173257278024,1.0,6.0,0.0,52.0
1156.6183971563737,1.0,6.0,0.0,52.0
1156.9183971563737,1.0,6.0,0.0,52.0
1156.919468584945,1.0,6.0,0.0,52.0
1157.219468584945,1.0,6.0,0.0,52.0
1157.2205400135163,1.0,6.0,0.0,52.0
1157.5205400135162,1.0,6.0,0.0,52.0
1157.5216114420875,1.0,6.0,0.0,52.0
1157.8216114420875,1.0,6.0,0.0,52.0
1157.8226828706588,1.0,6.0,0.0,52.0
1158.1226828706588,1.0,6.0,0.0,52.0
1158.12375429923,1.0,6.0,0.0,52.0
1158.42375429923,1.0,6.0,0.0,52.0
1158.4248257278014,1.0,6.0,0.0,52.0
1158.7248257278013,1.0,6.0,0.0,52.0
1158.7258971563726,1.0,6.0,0.0,52.0
1159.0258971563726,1.0,6.0,0.0,52.0
1159.026968584944,1.0,6.0,0.0,52.0
1159.3269685849439,1.0,6.0,0.0,52.0
1159.3280400135152,1.0,6.0,0.0,52.0
1159.6280400135151,1.0,6.0,0.0,52.0
1159.6291114420865,1.0,6.0,0.0,52.0
1159.9291114420864,1.0,6.0,0.0,52.0
1159.9301828706577,1.0,6.0,0.0,52.0
1160.2301828706577,1.0,6.0,0.0,52.0
1160.231254299229,1.0,6.0,0.0,52.0
1160.531254299229,1.0,6.0,0.0,52.0
1160.5323257278003,1.0,6.0,0.0,52.0
1160.8323257278003,1.0,6.0,0.0,52.0
1160.8333971563716,1.0,6.0,0.0,52.0
1161.1333971563715,1.0,6.0,0.0,52.0
1161.1344685849429,1.0,6.0,0.0,52.0
1161.4344685849428,1.0,6.0,0.0,52.0
1161.4355400135141,1.0,6.0,0.0,52.0
1161.735540013514,1.0,6.0,0.0,52.0
1161.7366114420854,1.0,6.0,0.0,52.0
1162.0366114420854,1.0,6.0,0.0,52.0
1162.0376828706567,1.0,6.0,0.0,52.0
1162.3376828706566,1.0,6.0,0.0,52.0
1162.338754299228,1.0,6.0,0.0,52.0
1162.638754299228,1.0,6.0,0.0,52.0
1162.6398257277992,1.0,6.0,0.0,52.0
1162.9398257277992,1.0,6.0,0.0,52.0
1162.9408971563705,1.0,6.0,0.0,52.0
1163.2408971563705,1.0,6.0,0.0,52.0
1163.2419685849418,1.0,6.0,0.0,52.0
1163.5419685849417,1.0,6.0,0.0,52.0
1163.543040013513,1.0,6.0,0.0,52.0
1163.843040013513,1.0,6.0,0.0,52.0
1163.8441114420843,1.0,6.0,0.0,52.0
1164.1441114420843,1.0,6.0,0.0,52.0
1164.1451828706556,1.0,6.0,0.0,52.0
1164.4451828706556,1.0,6.0,0.0,52.0
1164.446254299227,1.0,6.0,0.0,52.0
1164.7462542992268,1.0,6.0,0.0,52.0
1164.7473257277982,1.0,6.0,0.0,52.0
1165.0473257277981,1.0,6.0,0.0,52.0
1165.0483971563694,1.0,6.0,0.0,52.0
1165.3483971563694,1.0,6.0,0.0,52.0
1165.3494685849407,1.0,6.0,0.0,52.0
1165.6494685849407,1.0,6.0,0.0,52.0
1165.650540013512,1.0,6.0,0.0,52.0
1165.950540013512,1.0,6.0,0.0,52.0
1165.9516114420833,1.0,6.0,0.0,52.0
1166.2516114420832,1.0,6.0,0.0,52.0
1166.2526828706546,1.0,6.0,0.0,52.0
1166.5526828706545,1.0,6.0,0.0,52.0
1166.5537542992258,1.0,6.0,0.0,52.0
1166.8537542992258,1.0,6.0,0.0,52.0
1166.854825727797,1.0,6.0,0.0,52.0
1167.154825727797,1.0,6.0,0.0,52.0
1167.1558971563684,1.0,6.0,0.0,52.0
1167.4558971563683,1.0,6.0,0.0,52.0
1167.4569685849397,1.0,6.0,0.0,52.0
1167.7569685849396,1.0,6.0,0.0,52.0
1167.758040013511,1.0,6.0,0.0,52.0
1168.058040013511,1.0,6.0,0.0,52.0
1168.0591114420822,1.0,6.0,0.0,52.0
1168.3591114420822,1.0,6.0,0.0,52.0
1168.3601828706535,1.0,6.0,0.0,52.0
1168.6601828706534,1.0,6.0,0.0,52.0
1168.6612355022323,1.0,6.0,0.0,52.0
1168.9612355022323,1.0,6.0,0.0,52.0
1168.9622881338112,1.0,6.0,0.0,52.0
1169.2622881338111,1.0,6.0,0.0,52.0
1169.26334076539,1.0,6.0,0.0,52.0
1169.56334076539,1.0,6.0,0.0,52.0
1169.5643933969689,1.0,6.0,0.0,52.0
1169.8643933969688,1.0,6.0,0.0,52.0
1169.8654460285477,1.0,6.0,0.0,52.0
1170.1654460285476,1.0,6.0,0.0,52.0
1170.1664986601265,1.0,6.0,0.0,52.0
1170.4664986601265,1.0,6.0,0.0,52.0
1170.4675512917054,1.0,6.0,0.0,52.0
1170.7675512917053,1.0,6.0,0.0,52.0
1170.7686039232842,1.0,6.0,0.0,52.0
1171.0686039232842,1.0,6.0,0.0,52.0
1171.069656554863,1.0,6.0,0.0,52.0
1171.369656554863,1.0,6.0,0.0,52.0
1171.370709186442,1.0,6.0,0.0,52.0
1171.6707091864419,1.0,6.0,0.0,52.0
1171.6717618180207,1.0,6.0,0.0,52.0
1171.9717618180207,1.0,6.0,0.0,52.0
1171.972833246592,1.0,6.0,0.0,52.0
1172.272833246592,1.0,6.0,0.0,52.0
1172.2739046751633,1.0,6.0,0.0,52.0
1172.5739046751632,1.0,6.0,0.0,52.0
1172.5749761037346,1.0,6.0,0.0,52.0
1172.8749761037345,1.0,6.0,0.0,52.0
1172.8760475323058,1.0,6.0,0.0,52.0
1173.1760475323058,1.0,6.0,0.0,52.0
1173.1771189608771,1.0,6.0,0.0,52.0
1173.477118960877,1.0,6.0,0.0,52.0
1173.4781903894484,1.0,6.0,0.0,52.0
1173.7781903894484,1.0,6.0,0.0,52.0
1173.7792618180197,1.0,6.0,0.0,52.0
1174.0792618180196,1.0,6.0,0.0,52.0
1174.080333246591,1.0,6.0,0.0,52.0
1174.380333246591,1.0,6.0,0.0,52.0
1174.3814046751622,1.0,6.0,0.0,52.0
1174.6814046751622,1.0,6.0,0.0,52.0
1174.6824761037335,1.0,6.0,0.0,52.0
1174.9824761037335,1.0,6.0,0.0,52.0
1174.9835287353123,1.0,6.0,0.0,52.0
1175.2835287353123,1.0,6.0,0.0,52.0
1175.2845813668912,1.0,6.0,0.0,52.0
1175.5845813668911,1.0,6.0,0.0,52.0
1175.58563399847,1.0,6.0,0.0,52.0
1175.88563399847,1.0,6.0,0.0,52.0
1175.8866866300489,1.0,6.0,0.0,52.0
1176.1866866300488,1.0,6.0,0.0,52.0
1176.1877392616277,1.0,6.0,0.0,52.0
1176.4877392616277,1.0,6.0,0.0,52.0
1176.4887918932066,1.0,6.0,0.0,52.0
1176.7887918932065,1.0,6.0,0.0,52.0
1176.7898445247854,1.0,6.0,0.0,52.0
1177.0898445247853,1.0,6.0,0.0,52.0
1177.0908971563642,1.0,6.0,0.0,52.0
1177.3908971563642,1.0,6.0,0.0,52.0
1177.391949787943,1.0,6.0,0.0,52.0
1177.691949787943,1.0,6.0,0.0,52.0
1177.6929842707016,1.0,6.0,0.0,52.0
1177.9929842707015,1.0,6.0,0.0,52.0
1177.99401875346,1.0,6.0,0.0,52.0
1178.29401875346,1.0,6.0,0.0,52.0
1178.2950532362186,1.0,6.0,0.0,52.0
1178.5950532362185,1.0,6.0,0.0,52.0
1178.596087718977,1.0,6.0,0.0,52.0
1178.896087718977,1.0,6.0,0.0,52.0
1178.8971222017356,1.0,6.0,0.0,52.0
1179.1971222017355,1.0,6.0,0.0,52.0
1179.198156684494,1.0,6.0,0.0,52.0
1179.498156684494,1.0,6.0,0.0,52.0
1179.4991911672525,1.0,6.0,0.0,52.0
1179.7991911672525,1.0,6.0,0.0,52.0
1179.800225650011,1.0,4.0,0.0,53.0
1180.100225650011,1.0,4.0,0.0,53.0
1180.1012601327695,1.0,4.0,0.0,53.0
1180.4012601327695,1.0,4.0,0.0,53.0
1180.402294615528,1.0,4.0,0.0,53.0
1180.702294615528,1.0,4.0,0.0,53.0
1180.7033290982865,1.0,4.0,0.0,53.0
1181.0033290982865,1.0,4.0,0.0,53.0
1181.004363581045,1.0,4.0,0.0,53.0
1181.304363581045,1.0,4.0,0.0,53.0
1181.3053980638035,1.0,4.0,0.0,53.0
1181.6053980638035,1.0,4.0,0.0,53.0
1181.606432546562,1.0,4.0,0.0,53.0
1181.906432546562,1.0,4.0,0.0,53.0
1181.9074670293205,1.0,4.0,0.0,53.0
1182.2074670293205,1.0,4.0,0.0,53.0
1182.208501512079,1.0,4.0,0.0,53.0
1182.508501512079,1.0,4.0,0.0,53.0
1182.5095359948375,1.0,4.0,0.0,53.0
1182.8095359948375,1.0,4.0,0.0,53.0
1182.810570477596,1.0,4.0,0.0,53.0
1183.110570477596,1.0,4.0,0.0,53.0
1183.1116049603545,1.0,4.0,0.0,53.0
1183.4116049603545,1.0,4.0,0.0,53.0
1183.412639443113,1.0,4.0,0.0,53.0
1183.712639443113,1.0,4.0,0.0,53.0
1183.7136739258715,1.0,4.0,0.0,53.0
1184.0136739258714,1.0,4.0,0.0,53.0
1184.01470840863,1.0,4.0,0.0,53.0
1184.31470840863,1.0,4.0,0.0,53.0
1184.3157428913885,1.0,4.0,0.0,53.0
1184.6157428913884,1.0,4.0,0.0,53.0
1184.616777374147,1.0,4.0,0.0,53.0
1184.916777374147,1.0,4.0,0.0,53.0
1184.9178118569055,1.0,4.0,0.0,53.0
1185.2178118569054,1.0,4.0,0.0,53.0
1185.218846339664,1.0,4.0,0.0,53.0
1185.518846339664,1.0,4.0,0.0,53.0
1185.5198808224225,1.0,4.0,0.0,53.0
1185.8198808224224,1.0,4.0,0.0,53.0
1185.820915305181,1.0,4.0,0.0,53.0
1186.120915305181,1.0,4.0,0.0,53.0
1186.1219497879395,1.0,4.0,0.0,53.0
1186.4219497879394,1.0,4.0,0.0,53.0
1186.4229667370919,1.0,4.0,0.0,53.0
1186.7229667370918,1.0,4.0,0.0,53.0
1186.7239667370918,1.0,4.0,0.0,53.0
1187.0239667370918,1.0,4.0,0.0,53.0
1187.0249667370917,1.0,4.0,0.0,53.0
1187.3249667370917,1.0,4.0,0.0,53.0
1187.3259667370917,1.0,4.0,0.0,53.0
1187.6259667370916,1.0,4.0,0.0,53.0
1187.6269667370916,1.0,4.0,0.0,53.0
1187.9269667370916,1.0,4.0,0.0,53.0
1187.9279667370915,1.0,4.0,0.0,53.0
1188.2279667370915,1.0,4.0,0.0,53.0
1188.2289667370915,1.0,4.0,0.0,53.0
1188.5289667370914,1.0,4.0,0.0,53.0
1188.5299667370914,1.0,4.0,0.0,53.0
1188.8299667370914,1.0,4.0,0.0,53.0
1188.8309667370913,1.0,4.0,0.0,53.0
1189.1309667370913,1.0,4.0,0.0,53.0
1189.1319667370913,1.0,4.0,0.0,53.0
1189.4319667370912,1.0,4.0,0.0,53.0
1189.4329667370912,1.0,4.0,0.0,53.0
1189.7329667370911,1.0,4.0,0.0,53.0
1189.7339667370911,1.0,4.0,0.0,53.0
1190.033966737091,1.0,4.0,0.0,53.0
1190.034966737091,1.0,4.0,0.0,53.0
1190.334966737091,1.0,4.0,0.0,53.0
1190.335966737091,1.0,4.0,0.0,53.0
1190.635966737091,1.0,4.0,0.0,53.0
1190.636966737091,1.0,4.0,0.0,53.0
1190.9369667370909,1.0,4.0,0.0,53.0
1190.9379667370908,1.0,4.0,0.0,53.0
1191.2379667370908,1.0,4.0,0.0,53.0
1191.2389667370908,1.0,4.0,0.0,53.0
1191.5389667370907,1.0,4.0,0.0,53.0
1191.5399667370907,1.0,4.0,0.0,53.0
1191.8399667370907,1.0,4.0,0.0,53.0
1191.8409667370906,1.0,4.0,0.0,53.0
1192.1409667370906,1.0,4.0,0.0,53.0
1192.1419667370906,1.0,4.0,0.0,53.0
1192.4419667370905,1.0,4.0,0.0,53.0
1192.4429667370905,1.0,4.0,0.0,53.0
1192.7429667370905,1.0,4.0,0.0,53.0
1192.7439667370904,1.0,4.0,0.0,53.0
1193.0439667370904,1.0,4.0,0.0,53.0
1193.0449667370904,1.0,4.0,0.0,53.0
1193.3449667370903,1.0,4.0,0.0,53.0
1193.3459667370903,1.0,4.0,0.0,53.0
1193.6459667370902,1.0,4.0,0.0,53.0
1193.6469667370902,1.0,4.0,0.0,53.0
1193.9469667370902,1.0,4.0,0.0,53.0
1193.9479667370902,1.0,4.0,0.0,53.0
1194.24796673709,1.0,4.0,0.0,53.0
1194.24896673709,1.0,4.0,0.0,53.0
1194.54896673709,1.0,4.0,0.0,53.0
1194.54996673709,1.0,4.0,0.0,53.0
1194.84996673709,1.0,4.0,0.0,53.0
1194.85096673709,1.0,4.0,0.0,53.0
1195.15096673709,1.0,4.0,0.0,53.0
1195.1519667370899,1.0,4.0,0.0,53.0
1195.4519667370898,1.0,4.0,0.0,53.0
1195.4529667370898,1.0,4.0,0.0,53.0
1195.7529667370898,1.0,4.0,0.0,53.0
1195.7539667370897,1.0,4.0,0.0,53.0
1196.0539667370897,1.0,4.0,0.0,53.0
1196.0549667370897,1.0,4.0,0.0,53.0
1196.3549667370896,1.0,4.0,0.0,53.0
1196.3559667370896,1.0,4.0,0.0,53.0
1196.6559667370896,1.0,4.0,0.0,53.0
1196.6569667370895,1.0,4.0,0.0,53.0
1196.9569667370895,1.0,4.0,0.0,53.0
1196.9579667370895,1.0,4.0,0.0,53.0
1197.2579667370894,1.0,4.0,0.0,53.0
1197.2589667370894,1.0,4.0,0.0,52.0
1197.5589667370893,1.0,4.0,0.0,52.0
1197.5599667370893,1.0,4.0,0.0,52.0
1197.8599667370893,1.0,4.0,0.0,52.0
1197.8609667370893,1.0,4.0,0.0,52.0
1198.1609667370892,1.0,4.0,0.0,52.0
1198.1619667370892,1.0,4.0,0.0,52.0
1198.4619667370891,1.0,4.0,0.0,52.0
1198.4629667370891,1.0,4.0,0.0,52.0
1198.762966737089,1.0,4.0,0.0,52.0
1198.763966737089,1.0,4.0,0.0,52.0
1199.063966737089,1.0,4.0,0.0,52.0
1199.064966737089,1.0,4.0,0.0,52.0
1199.364966737089,1.0,4.0,0.0,52.0
1199.365966737089,1.0,4.0,0.0,52.0
1199.6659667370889,1.0,4.0,0.0,52.0
1199.6669667370888,1.0,4.0,0.0,52.0
1199.9669667370888,1.0,4.0,0.0,52.0
1199.9679667370888,1.0,4.0,0.0,52.0
1200.2679667370887,1.0,4.0,0.0,52.0
1200.2689667370887,1.0,4.0,0.0,52.0
1200.5689667370887,1.0,4.0,0.0,52.0
1200.5699667370886,1.0,4.0,0.0,52.0
1200.8699667370886,1.0,4.0,0.0,52.0
1200.8709667370886,1.0,4.0,0.0,52.0
1201.1709667370885,1.0,4.0,0.0,52.0
1201.1719667370885,1.0,4.0,0.0,52.0
1201.4719667370885,1.0,4.0,0.0,52.0
1201.4729667370884,1.0,4.0,0.0,52.0
1201.7729667370884,1.0,4.0,0.0,52.0
1201.7739667370884,1.0,4.0,0.0,52.0
1202.0739667370883,1.0,4.0,0.0,52.0
1202.0749667370883,1.0,4.0,0.0,52.0
1202.3749667370882,1.0,4.0,0.0,52.0
1202.3759667370882,1.0,4.0,0.0,52.0
1202.6759667370882,1.0,4.0,0.0,52.0
1202.6769667370882,1.0,4.0,0.0,52.0
1202.976966737088,1.0,4.0,0.0,52.0
1202.977966737088,1.0,4.0,0.0,52.0
1203.277966737088,1.0,4.0,0.0,52.0
1203.278966737088,1.0,4.0,0.0,52.0
1203.578966737088,1.0,4.0,0.0,52.0
1203.579966737088,1.0,4.0,0.0,52.0
1203.879966737088,1.0,4.0,0.0,52.0
1203.8809667370879,1.0,4.0,0.0,52.0
1204.1809667370878,1.0,4.0,0.0,52.0
1204.1819667370878,1.0,4.0,0.0,52.0
1204.4819667370878,1.0,4.0,0.0,52.0
1204.4829667370877,1.0,4.0,0.0,52.0
1204.7829667370877,1.0,4.0,0.0,52.0
1204.7839667370877,1.0,4.0,0.0,52.0
1205.0839667370876,1.0,4.0,0.0,52.0
1205.0849667370876,1.0,4.0,0.0,52.0
1205.3849667370876,1.0,4.0,0.0,52.0
1205.3859667370875,1.0,4.0,0.0,52.0
1205.6859667370875,1.0,4.0,0.0,52.0
1205.6869667370875,1.0,4.0,0.0,52.0
1205.9869667370874,1.0,4.0,0.0,52.0
1205.9879667370874,1.0,4.0,0.0,52.0
1206.2879667370873,1.0,4.0,0.0,52.0
1206.2889667370873,1.0,4.0,0.0,52.0
1206.5889667370873,1.0,4.0,0.0,52.0
1206.5899667370873,1.0,4.0,0.0,52.0
1206.8899667370872,1.0,4.0,0.0,52.0
1206.8909667370872,1.0,4.0,0.0,52.0
1207.1909667370871,1.0,4.0,0.0,52.0
1207.1919667370871,1.0,4.0,0.0,52.0
1207.491966737087,1.0,4.0,0.0,52.0
1207.4929503436445,1.0,4.0,0.0,52.0
1207.7929503436444,1.0,4.0,0.0,52.0
1207.7939339502018,1.0,4.0,0.0,52.0
1208.0939339502017,1.0,4.0,0.0,52.0
1208.0949175567591,1.0,4.0,0.0,52.0
1208.394917556759,1.0,4.0,0.0,52.0
1208.3959011633165,1.0,4.0,0.0,52.0
1208.6959011633164,1.0,4.0,0.0,52.0
1208.6968847698738,1.0,4.0,0.0,52.0
1208.9968847698738,1.0,4.0,0.0,52.0
1208.9978683764311,1.0,4.0,0.0,52.0
1209.297868376431,1.0,4.0,0.0,52.0
1209.2988519829885,1.0,4.0,0.0,52.0
1209.5988519829884,1.0,4.0,0.0,52.0
1209.5998355895458,1.0,4.0,0.0,52.0
1209.8998355895458,1.0,4.0,0.0,52.0
1209.9008191961032,1.0,4.0,0.0,52.0
1210.200819196103,1.0,4.0,0.0,52.0
1210.2018028026605,1.0,4.0,0.0,52.0
1210.5018028026604,1.0,4.0,0.0,52.0
1210.5027864092178,1.0,4.0,0.0,52.0
1210.8027864092178,1.0,4.0,0.0,52.0
1210.8037700157752,1.0,4.0,0.0,52.0
1211.1037700157751,1.0,4.0,0.0,52.0
1211.1047536223325,1.0,4.0,0.0,52.0
1211.4047536223325,1.0,4.0,0.0,52.0
1211.4057372288898,1.0,4.0,0.0,52.0
1211.7057372288898,1.0,4.0,0.0,52.0
1211.7067208354472,1.0,4.0,0.0,52.0
1212.0067208354471,1.0,4.0,0.0,52.0
1212.0077044420045,1.0,4.0,0.0,52.0
1212.3077044420045,1.0,4.0,0.0,52.0
1212.3086880485619,1.0,4.0,0.0,52.0
1212.6086880485618,1.0,4.0,0.0,52.0
1212.6096716551192,1.0,4.0,0.0,52.0
1212.9096716551192,1.0,4.0,0.0,52.0
1212.9106552616765,1.0,4.0,0.0,52.0
1213.2106552616765,1.0,4.0,0.0,52.0
1213.2116388682339,1.0,4.0,0.0,52.0
1213.5116388682338,1.0,4.0,0.0,52.0
1213.5126224747912,1.0,4.0,0.0,52.0
1213.8126224747912,1.0,4.0,0.0,52.0
1213.8136060813486,1.0,2.0,0.0,53.0
1214.1136060813485,1.0,2.0,0.0,53.0
1214.114589687906,1.0,2.0,0.0,53.0
1214.4145896879058,1.0,2.0,0.0,53.0
1214.4155732944632,1.0,2.0,0.0,53.0
1214.7155732944632,1.0,2.0,0.0,53.0
1214.7165732944632,1.0,2.0,0.0,53.0
1215.0165732944631,1.0,2.0,0.0,53.0
1215.017573294463,1.0,2.0,0.0,53.0
1215.317573294463,1.0,2.0,0.0,53.0
1215.318573294463,1.0,2.0,0.0,53.0
1215.618573294463,1.0,2.0,0.0,53.0
1215.619573294463,1.0,2.0,0.0,53.0
1215.919573294463,1.0,2.0,0.0,53.0
1215.9205732944629,1.0,2.0,0.0,53.0
1216.2205732944628,1.0,2.0,0.0,53.0
1216.2215732944628,1.0,2.0,0.0,53.0
1216.5215732944628,1.0,2.0,0.0,53.0
1216.5225732944627,1.0,2.0,0.0,53.0
1216.8225732944627,1.0,2.0,0.0,53.0
1216.8235732944627,1.0,2.0,0.0,53.0
1217.1235732944626,1.0,2.0,0.0,53.0
1217.1245732944626,1.0,2.0,0.0,53.0
1217.4245732944626,1.0,2.0,0.0,53.0
1217.4255732944625,1.0,2.0,0.0,53.0
1217.7255732944625,1.0,2.0,0.0,53.0
1217.7265732944625,1.0,2.0,0.0,53.0
1218.0265732944624,1.0,2.0,0.0,53.0
1218.0275732944624,1.0,2.0,0.0,53.0
1218.3275732944624,1.0,2.0,0.0,53.0
1218.3285732944623,1.0,2.0,0.0,53.0
1218.6285732944623,1.0,2.0,0.0,53.0
1218.6295732944623,1.0,2.0,0.0,53.0
1218.9295732944622,1.0,2.0,0.0,53.0
1218.9305732944622,1.0,2.0,0.0,53.0
1219.2305732944621,1.0,2.0,0.0,53.0
1219.2315732944621,1.0,2.0,0.0,53.0
1219.531573294462,1.0,2.0,0.0,53.0
1219.532573294462,1.0,2.0,0.0,53.0
1219.832573294462,1.0,2.0,0.0,53.0
1219.833573294462,1.0,2.0,0.0,53.0
1220.133573294462,1.0,2.0,0.0,53.0
1220.134573294462,1.0,2.0,0.0,53.0
1220.4345732944619,1.0,2.0,0.0,53.0
1220.4355732944618,1.0,2.0,0.0,53.0
1220.7355732944618,1.0,2.0,0.0,53.0
1220.7365732944618,1.0,2.0,0.0,53.0
1221.0365732944617,1.0,2.0,0.0,53.0
1221.0375732944617,1.0,2.0,0.0,53.0
1221.3375732944617,1.0,2.0,0.0,53.0
1221.3385732944616,1.0,2.0,0.0,53.0
1221.6385732944616,1.0,2.0,0.0,53.0
1221.6395732944616,1.0,2.0,0.0,53.0
1221.9395732944615,1.0,2.0,0.0,53.0
1221.9405732944615,1.0,2.0,0.0,53.0
1222.2405732944615,1.0,2.0,0.0,53.0
1222.2415732944614,1.0,2.0,0.0,53.0
1222.5415732944614,1.0,2.0,0.0,53.0
1222.5425732944614,1.0,2.0,0.0,53.0
1222.8425732944613,1.0,2.0,0.0,53.0
1222.8435732944613,1.0,2.0,0.0,53.0
1223.1435732944612,1.0,2.0,0.0,53.0
1223.1445732944612,1.0,2.0,0.0,53.0
1223.4445732944612,1.0,2.0,0.0,53.0
1223.4455732944612,1.0,2.0,0.0,53.0
1223.745573294461,1.0,2.0,0.0,53.0
1223.746573294461,1.0,2.0,0.0,53.0
1224.046573294461,1.0,2.0,0.0,53.0
1224.047573294461,1.0,2.0,0.0,53.0
1224.347573294461,1.0,2.0,0.0,53.0
1224.348573294461,1.0,2.0,0.0,53.0
1224.648573294461,1.0,2.0,0.0,53.0
1224.6495732944609,1.0,2.0,0.0,53.0
1224.9495732944608,1.0,2.0,0.0,53.0
1224.9505569010182,1.0,2.0,0.0,53.0
1225.2505569010182,1.0,2.0,0.0,53.0
1225.2515405075756,1.0,2.0,0.0,53.0
1225.5515405075755,1.0,2.0,0.0,53.0
1225.552524114133,1.0,2.0,0.0,53.0
1225.8525241141328,1.0,2.0,0.0,53.0
1225.8535077206902,1.0,2.0,0.0,53.0
1226.1535077206902,1.0,2.0,0.0,53.0
1226.1544913272476,1.0,2.0,0.0,53.0
1226.4544913272475,1.0,2.0,0.0,53.0
1226.455474933805,1.0,2.0,0.0,53.0
1226.7554749338049,1.0,2.0,0.0,53.0
1226.7564585403622,1.0,2.0,0.0,53.0
1227.0564585403622,1.0,2.0,0.0,53.0
1227.0574421469196,1.0,2.0,0.0,53.0
1227.3574421469195,1.0,2.0,0.0,53.0
1227.358425753477,1.0,2.0,0.0,53.0
1227.6584257534769,1.0,2.0,0.0,53.0
1227.6594093600343,1.0,2.0,0.0,53.0
1227.9594093600342,1.0,2.0,0.0,53.0
1227.9603929665916,1.0,2.0,0.0,53.0
1228.2603929665916,1.0,2.0,0.0,53.0
1228.261376573149,1.0,2.0,0.0,53.0
1228.561376573149,1.0,2.0,0.0,53.0
1228.5623601797063,1.0,2.0,0.0,53.0
1228.8623601797062,1.0,2.0,0.0,53.0
1228.8633437862636,1.0,2.0,0.0,53.0
1229.1633437862636,1.0,2.0,0.0,53.0
1229.164327392821,1.0,2.0,0.0,53.0
1229.464327392821,1.0,2.0,0.0,53.0
1229.4653109993783,1.0,2.0,0.0,53.0
1229.7653109993782,1.0,2.0,0.0,53.0
1229.7662946059356,1.0,2.0,0.0,53.0
1230.0662946059356,1.0,2.0,0.0,53.0
1230.067278212493,1.0,2.0,0.0,53.0
1230.367278212493,1.0,2.0,0.0,53.0
1230.3682618190503,1.0,2.0,0.0,53.0
1230.6682618190503,1.0,2.0,0.0,53.0
1230.6692454256076,1.0,2.0,0.0,53.0
1230.9692454256076,1.0,2.0,0.0,53.0
1230.970213167543,1.0,2.0,0.0,53.0
1231.270213167543,1.0,2.0,0.0,53.0
1231.2711809094785,1.0,2.0,0.0,53.0
1231.5711809094785,1.0,2.0,0.0,53.0
1231.572148651414,1.0,2.0,0.0,53.0
1231.872148651414,1.0,2.0,0.0,53.0
1231.8731163933494,1.0,2.0,0.0,53.0
1232.1731163933493,1.0,2.0,0.0,53.0
1232.1740841352848,1.0,2.0,0.0,53.0
1232.4740841352848,1.0,2.0,0.0,53.0
1232.4750518772203,1.0,2.0,0.0,53.0
1232.7750518772202,1.0,2.0,0.0,53.0
1232.7760196191557,1.0,2.0,0.0,53.0
1233.0760196191557,1.0,2.0,0.0,53.0
1233.0769873610911,1.0,2.0,0.0,53.0
1233.376987361091,1.0,2.0,0.0,53.0
1233.3779551030266,1.0,2.0,0.0,53.0
1233.6779551030265,1.0,2.0,0.0,53.0
1233.678922844962,1.0,2.0,0.0,53.0
1233.978922844962,1.0,2.0,0.0,53.0
1233.9798905868975,1.0,2.0,0.0,53.0
1234.2798905868974,1.0,2.0,0.0,53.0
1234.280858328833,1.0,2.0,0.0,53.0
1234.5808583288328,1.0,2.0,0.0,53.0
1234.5818260707683,1.0,2.0,0.0,53.0
1234.8818260707683,1.0,2.0,0.0,53.0
1234.8827784517207,1.0,2.0,0.0,53.0
1235.1827784517207,1.0,2.0,0.0,53.0
1235.183730832673,1.0,2.0,0.0,53.0
1235.483730832673,1.0,2.0,0.0,53.0
1235.4846832136254,1.0,2.0,0.0,53.0
1235.7846832136254,1.0,2.0,0.0,53.0
1235.7856355945778,1.0,2.0,0.0,53.0
1236.0856355945778,1.0,2.0,0.0,53.0
1236.0865879755302,1.0,2.0,0.0,53.0
1236.3865879755301,1.0,2.0,0.0,53.0
1236.3875403564825,1.0,2.0,0.0,53.0
1236.6875403564825,1.0,2.0,0.0,53.0
1236.688492737435,1.0,2.0,0.0,53.0
1236.9884927374349,1.0,2.0,0.0,53.0
1236.9894451183873,1.0,2.0,0.0,53.0
1237.2894451183872,1.0,2.0,0.0,53.0
1237.2903974993396,1.0,2.0,0.0,53.0
1237.5903974993396,1.0,2.0,0.0,53.0
1237.591349880292,1.0,2.0,0.0,53.0
1237.891349880292,1.0,2.0,0.0,53.0
1237.8923022612444,1.0,2.0,0.0,53.0
1238.1923022612443,1.0,2.0,0.0,53.0
1238.1932546421967,1.0,2.0,0.0,53.0
1238.4932546421967,1.0,2.0,0.0,53.0
1238.494207023149,1.0,2.0,0.0,53.0
1238.794207023149,1.0,2.0,0.0,53.0
1238.7951594041015,1.0,2.0,0.0,53.0
1239.0951594041014,1.0,2.0,0.0,53.0
1239.0961117850538,1.0,2.0,0.0,53.0
1239.3961117850538,1.0,2.0,0.0,53.0
1239.3970641660062,1.0,2.0,0.0,53.0
1239.6970641660062,1.0,2.0,0.0,53.0
1239.6980165469586,1.0,2.0,0.0,53.0
1239.9980165469585,1.0,2.0,0.0,53.0
1239.9989540469585,1.0,2.0,0.0,53.0
1240.2989540469584,1.0,2.0,0.0,53.0
1240.2998915469584,1.0,2.0,0.0,53.0
1240.5998915469584,1.0,2.0,0.0,53.0
1240.6008290469583,1.0,2.0,0.0,53.0
1240.9008290469583,1.0,2.0,0.0,53.0
1240.9017665469582,1.0,2.0,0.0,53.0
1241.2017665469582,1.0,2.0,0.0,53.0
1241.2027040469582,1.0,2.0,0.0,53.0
1241.5027040469581,1.0,2.0,0.0,53.0
1241.503641546958,1.0,2.0,0.0,53.0
1241.803641546958,1.0,2.0,0.0,53.0
1241.804579046958,1.0,2.0,0.0,53.0
1242.104579046958,1.0,2.0,0.0,53.0
1242.105516546958,1.0,2.0,0.0,53.0
1242.4055165469579,1.0,2.0,0.0,53.0
1242.4064540469578,1.0,2.0,0.0,53.0
1242.7064540469578,1.0,2.0,0.0,53.0
1242.7073915469578,1.0,2.0,0.0,53.0
1243.0073915469577,1.0,2.0,0.0,53.0
1243.0083290469577,1.0,2.0,0.0,53.0
1243.3083290469576,1.0,2.0,0.0,53.0
1243.3092665469576,1.0,2.0,0.0,53.0
1243.6092665469575,1.0,2.0,0.0,53.0
1243.6102040469575,1.0,2.0,0.0,53.0
1243.9102040469575,1.0,2.0,0.0,53.0
1243.9111415469574,1.0,2.0,0.0,53.0
1244.2111415469574,1.0,2.0,0.0,53.0
1244.2120790469573,1.0,2.0,0.0,53.0
1244.5120790469573,1.0,2.0,0.0,53.0
1244.5130165469573,1.0,2.0,0.0,53.0
1244.8130165469572,1.0,2.0,0.0,53.0
1244.8139540469572,1.0,2.0,0.0,53.0
1245.1139540469571,1.0,2.0,0.0,53.0
1245.114891546957,1.0,2.0,0.0,53.0
1245.414891546957,1.0,2.0,0.0,53.0
1245.415829046957,1.0,2.0,0.0,53.0
1245.715829046957,1.0,2.0,0.0,53.0
1245.716766546957,1.0,2.0,0.0,53.0
1246.016766546957,1.0,2.0,0.0,53.0
1246.0177040469569,1.0,2.0,0.0,53.0
1246.3177040469568,1.0,2.0,0.0,53.0
1246.3186415469568,1.0,2.0,0.0,53.0
1246.6186415469567,1.0,2.0,0.0,53.0
1246.6195790469567,1.0,2.0,0.0,53.0
1246.9195790469566,1.0,2.0,0.0,53.0
1246.9205165469566,1.0,2.0,0.0,53.0
1247.2205165469566,1.0,2.0,0.0,53.0
1247.2214540469565,1.0,2.0,0.0,53.0
1247.5214540469565,1.0,2.0,0.0,53.0
1247.5223915469564,1.0,2.0,0.0,53.0
1247.8223915469564,1.0,2.0,0.0,53.0
1247.8233290469564,1.0,2.0,0.0,53.0
1248.1233290469563,1.0,2.0,0.0,53.0
1248.1242665469563,1.0,2.0,0.0,53.0
1248.4242665469562,1.0,2.0,0.0,53.0
1248.4252040469562,1.0,2.0,0.0,53.0
1248.7252040469562,1.0,2.0,0.0,53.0
1248.7261415469561,1.0,2.0,0.0,53.0
1249.026141546956,1.0,2.0,0.0,53.0
1249.0270646238791,1.0,2.0,0.0,53.0
1249.327064623879,1.0,2.0,0.0,53.0
1249.3279877008022,1.0,2.0,0.0,53.0
1249.6279877008021,1.0,2.0,0.0,53.0
1249.6289107777252,1.0,2.0,0.0,53.0
1249.9289107777252,1.0,2.0,0.0,53.0
1249.9298338546482,1.0,2.0,0.0,53.0
1250.2298338546482,1.0,2.0,0.0,53.0
1250.2307569315712,1.0,2.0,0.0,53.0
1250.5307569315712,1.0,2.0,0.0,53.0
1250.5316800084943,1.0,2.0,0.0,53.0
1250.8316800084942,1.0,2.0,0.0,53.0
1250.8326030854173,1.0,2.0,0.0,53.0
1251.1326030854173,1.0,2.0,0.0,53.0
1251.1335261623403,1.0,2.0,0.0,53.0
1251.4335261623403,1.0,2.0,0.0,53.0
1251.4344492392634,1.0,2.0,0.0,53.0
1251.7344492392633,1.0,2.0,0.0,53.0
1251.7353723161864,1.0,2.0,0.0,53.0
1252.0353723161863,1.0,2.0,0.0,53.0
1252.0362953931094,1.0,2.0,0.0,53.0
1252.3362953931094,1.0,2.0,0.0,53.0
1252.3372184700324,1.0,2.0,0.0,53.0
1252.6372184700324,1.0,2.0,0.0,53.0
1252.6381415469555,1.0,2.0,0.0,53.0
1252.9381415469554,1.0,2.0,0.0,53.0
1252.9390646238785,1.0,2.0,0.0,53.0
1253.2390646238784,1.0,2.0,0.0,53.0
1253.2399877008015,1.0,2.0,0.0,53.0
1253.5399877008015,1.0,2.0,0.0,53.0
1253.5409107777245,1.0,2.0,0.0,53.0
1253.8409107777245,1.0,2.0,0.0,53.0
1253.8418338546476,1.0,2.0,0.0,53.0
1254.1418338546475,1.0,2.0,0.0,53.0
1254.1427569315706,1.0,2.0,0.0,53.0
1254.4427569315706,1.0,2.0,0.0,53.0
1254.4436800084936,1.0,2.0,0.0,53.0
1254.7436800084936,1.0,2.0,0.0,53.0
1254.7446030854167,1.0,2.0,0.0,53.0
1255.0446030854166,1.0,2.0,0.0,53.0
1255.0455261623397,1.0,2.0,0.0,53.0
1255.3455261623396,1.0,2.0,0.0,53.0
1255.3464492392627,1.0,2.0,0.0,53.0
1255.6464492392627,1.0,2.0,0.0,53.0
1255.6473723161857,1.0,2.0,0.0,53.0
1255.9473723161857,1.0,2.0,0.0,53.0
1255.9482953931088,1.0,2.0,0.0,53.0
1256.2482953931087,1.0,2.0,0.0,53.0
1256.2492184700318,1.0,2.0,0.0,53.0
1256.5492184700317,1.0,2.0,0.0,53.0
1256.5501415469548,1.0,2.0,0.0,53.0
1256.8501415469548,1.0,2.0,0.0,53.0
1256.8510646238778,1.0,2.0,0.0,53.0
1257.1510646238778,1.0,2.0,0.0,53.0
1257.1519877008009,1.0,2.0,0.0,53.0
1257.4519877008008,1.0,2.0,0.0,53.0
1257.452910777724,1.0,2.0,0.0,53.0
1257.7529107777239,1.0,2.0,0.0,53.0
1257.753833854647,1.0,2.0,0.0,53.0
1258.0538338546469,1.0,2.0,0.0,53.0
1258.05475693157,1.0,2.0,0.0,53.0
1258.35475693157,1.0,2.0,0.0,53.0
1258.355680008493,1.0,2.0,0.0,53.0
1258.655680008493,1.0,2.0,0.0,53.0
1258.656603085416,1.0,2.0,0.0,53.0
1258.956603085416,1.0,2.0,0.0,53.0
1258.957526162339,1.0,2.0,0.0,53.0
1259.257526162339,1.0,2.0,0.0,53.0
1259.258449239262,1.0,2.0,0.0,53.0
1259.558449239262,1.0,2.0,0.0,53.0
1259.559372316185,1.0,2.0,0.0,53.0
1259.859372316185,1.0,2.0,0.0,53.0
1259.8602953931081,1.0,2.0,0.0,53.0
1260.160295393108,1.0,2.0,0.0,53.0
1260.1612184700311,1.0,2.0,0.0,53.0
1260.461218470031,1.0,2.0,0.0,53.0
1260.4621415469542,1.0,2.0,0.0,53.0
1260.7621415469541,1.0,2.0,0.0,53.0
1260.7630646238772,1.0,2.0,0.0,53.0
1261.0630646238772,1.0,2.0,0.0,53.0
1261.0639877008002,1.0,2.0,0.0,53.0
1261.3639877008002,1.0,2.0,0.0,53.0
1261.3649107777233,1.0,2.0,0.0,53.0
1261.6649107777232,1.0,2.0,0.0,53.0
1261.6658338546463,1.0,2.0,0.0,53.0
1261.9658338546462,1.0,2.0,0.0,53.0
1261.9667569315693,1.0,2.0,0.0,53.0
1262.2667569315693,1.0,2.0,0.0,53.0
1262.2676800084923,1.0,2.0,0.0,53.0
1262.5676800084923,1.0,2.0,0.0,53.0
1262.5686030854154,1.0,2.0,0.0,53.0
1262.8686030854153,1.0,2.0,0.0,53.0
1262.8695261623384,1.0,2.0,0.0,53.0
1263.1695261623383,1.0,2.0,0.0,53.0
1263.1704492392614,1.0,2.0,0.0,53.0
1263.4704492392614,1.0,2.0,0.0,53.0
1263.4713723161844,1.0,2.0,0.0,53.0
1263.7713723161844,1.0,2.0,0.0,53.0
1263.7722953931075,1.0,2.0,0.0,53.0
1264.0722953931074,1.0,2.0,0.0,53.0
1264.0732184700305,1.0,2.0,0.0,53.0
1264.3732184700305,1.0,2.0,0.0,53.0
1264.3741415469535,1.0,2.0,0.0,53.0
1264.6741415469535,1.0,2.0,0.0,53.0
1264.6750646238766,1.0,2.0,0.0,53.0
1264.9750646238765,1.0,2.0,0.0,53.0
1264.9759877007996,1.0,2.0,0.0,53.0
1265.2759877007995,1.0,2.0,0.0,53.0
1265.2769107777226,1.0,2.0,0.0,53.0
1265.5769107777226,1.0,2.0,0.0,53.0
1265.5778338546456,1.0,2.0,0.0,53.0
1265.8778338546456,1.0,2.0,0.0,53.0
1265.8787569315687,1.0,2.0,0.0,53.0
1266.1787569315686,1.0,2.0,0.0,53.0
1266.1796800084917,1.0,2.0,0.0,53.0
1266.4796800084916,1.0,2.0,0.0,53.0
1266.4806030854147,1.0,2.0,0.0,53.0
1266.7806030854147,1.0,2.0,0.0,53.0
1266.7815261623377,1.0,2.0,0.0,53.0
1267.0815261623377,1.0,2.0,0.0,53.0
1267.0824492392608,1.0,2.0,0.0,53.0
1267.3824492392607,1.0,2.0,0.0,53.0
1267.3833723161838,1.0,2.0,0.0,53.0
1267.6833723161837,1.0,2.0,0.0,53.0
1267.6842953931068,1.0,2.0,0.0,53.0
1267.9842953931068,1.0,2.0,0.0,53.0
1267.9852184700298,1.0,2.0,0.0,53.0
1268.2852184700298,1.0,2.0,0.0,53.0
1268.2861415469529,1.0,2.0,0.0,53.0
1268.5861415469528,1.0,2.0,0.0,53.0
1268.587064623876,1.0,2.0,0.0,53.0
1268.8870646238759,1.0,2.0,0.0,53.0
1268.887987700799,1.0,2.0,0.0,53.0
1269.1879877007989,1.0,2.0,0.0,53.0
1269.188910777722,1.0,2.0,0.0,53.0
1269.488910777722,1.0,2.0,0.0,53.0
1269.489833854645,1.0,2.0,0.0,53.0
1269.789833854645,1.0,2.0,0.0,53.0
1269.790756931568,1.0,2.0,0.0,53.0
1270.090756931568,1.0,2.0,0.0,53.0
1270.091680008491,1.0,2.0,0.0,53.0
1270.391680008491,1.0,2.0,0.0,53.0
1270.392603085414,1.0,2.0,0.0,53.0
1270.692603085414,1.0,2.0,0.0,53.0
1270.693526162337,1.0,2.0,0.0,53.0
1270.993526162337,1.0,2.0,0.0,53.0
1270.9944492392601,1.0,2.0,0.0,53.0
1271.29444923926,1.0,2.0,0.0,53.0
1271.2953723161831,1.0,2.0,0.0,53.0
1271.595372316183,1.0,2.0,0.0,53.0
1271.5962953931062,1.0,2.0,0.0,53.0
1271.8962953931061,1.0,2.0,0.0,53.0
1271.8972184700292,1.0,2.0,0.0,53.0
1272.1972184700292,1.0,2.0,0.0,53.0
1272.1981415469522,1.0,2.0,0.0,53.0
1272.4981415469522,1.0,2.0,0.0,53.0
1272.4990646238753,1.0,2.0,0.0,53.0
1272.7990646238752,1.0,2.0,0.0,53.0
1272.7999877007983,1.0,2.0,0.0,53.0
1273.0999877007982,1.0,2.0,0.0,53.0
1273.1009107777213,1.0,2.0,0.0,53.0
1273.4009107777213,1.0,2.0,0.0,53.0
1273.4018338546443,1.0,2.0,0.0,53.0
1273.7018338546443,1.0,2.0,0.0,53.0
1273.7027569315674,1.0,2.0,0.0,53.0
1274.0027569315673,1.0,2.0,0.0,53.0
1274.0036800084904,1.0,2.0,0.0,53.0
1274.3036800084903,1.0,2.0,0.0,53.0
1274.3046030854134,1.0,2.0,0.0,53.0
1274.6046030854134,1.0,2.0,0.0,53.0
1274.6055261623364,1.0,2.0,0.0,53.0
1274.9055261623364,1.0,2.0,0.0,53.0
1274.9064492392595,1.0,2.0,0.0,53.0
1275.2064492392594,1.0,2.0,0.0,53.0
1275.2073723161825,1.0,2.0,0.0,53.0
1275.5073723161825,1.0,2.0,0.0,53.0
1275.5082953931055,1.0,2.0,0.0,53.0
1275.8082953931055,1.0,2.0,0.0,53.0
1275.8092184700286,1.0,2.0,0.0,53.0
1276.1092184700285,1.0,2.0,0.0,53.0
1276.1101415469516,1.0,2.0,0.0,53.0
1276.4101415469515,1.0,2.0,0.0,53.0
1276.4110646238746,1.0,2.0,0.0,53.0
1276.7110646238746,1.0,2.0,0.0,53.0
1276.7119877007976,1.0,2.0,0.0,53.0
1277.0119877007976,1.0,2.0,0.0,53.0
1277.0129107777207,1.0,2.0,0.0,53.0
1277.3129107777206,1.0,2.0,0.0,53.0
1277.3138338546437,1.0,2.0,0.0,53.0
1277.6138338546436,1.0,2.0,0.0,53.0
1277.6147569315667,1.0,2.0,0.0,53.0
1277.9147569315667,1.0,2.0,0.0,53.0
1277.9156800084897,1.0,2.0,0.0,53.0
1278.2156800084897,1.0,2.0,0.0,53.0
1278.2166030854128,1.0,2.0,0.0,53.0
1278.5166030854127,1.0,2.0,0.0,53.0
1278.5175261623358,1.0,2.0,0.0,53.0
1278.8175261623358,1.0,2.0,0.0,53.0
1278.8184492392588,1.0,2.0,0.0,53.0
1279.1184492392588,1.0,2.0,0.0,53.0
1279.1193723161819,1.0,2.0,0.0,53.0
1279.4193723161818,1.0,2.0,0.0,53.0
1279.4202953931049,1.0,2.0,0.0,53.0
1279.7202953931048,1.0,2.0,0.0,53.0
1279.721218470028,1.0,2.0,0.0,53.0
1280.0212184700279,1.0,2.0,0.0,53.0
1280.022141546951,1.0,2.0,0.0,53.0
1280.322141546951,1.0,2.0,0.0,53.0
1280.32305063786,1.0,2.0,0.0,53.0
1280.62305063786,1.0,2.0,0.0,53.0
1280.623959728769,1.0,2.0,0.0,53.0
1280.923959728769,1.0,2.0,0.0,53.0
1280.924868819678,1.0,2.0,0.0,53.0
1281.224868819678,1.0,2.0,0.0,53.0
1281.225777910587,1.0,2.0,0.0,53.0
1281.525777910587,1.0,2.0,0.0,53.0
1281.5266870014962,1.0,2.0,0.0,53.0
1281.826687001496,1.0,2.0,0.0,53.0
1281.8275960924052,1.0,2.0,0.0,53.0
1282.1275960924052,1.0,2.0,0.0,53.0
1282.1285051833142,1.0,2.0,0.0,53.0
1282.4285051833142,1.0,2.0,0.0,53.0
1282.4294142742233,1.0,2.0,0.0,53.0
1282.7294142742232,1.0,2.0,0.0,53.0
1282.7303233651323,1.0,2.0,0.0,53.0
1283.0303233651323,1.0,2.0,0.0,53.0
1283.0312324560414,1.0,2.0,0.0,53.0
1283.3312324560413,1.0,2.0,0.0,53.0
1283.3321415469504,1.0,2.0,0.0,53.0
1283.6321415469504,1.0,2.0,0.0,53.0
1283.6330506378595,1.0,2.0,0.0,53.0
1283.9330506378594,1.0,2.0,0.0,53.0
1283.9339597287685,1.0,2.0,0.0,53.0
1284.2339597287685,1.0,2.0,0.0,53.0
1284.2348688196776,1.0,2.0,0.0,53.0
1284.5348688196775,1.0,2.0,0.0,53.0
1284.5357779105866,1.0,2.0,0.0,53.0
1284.8357779105866,1.0,2.0,0.0,53.0
1284.8366870014956,1.0,2.0,0.0,53.0
1285.1366870014956,1.0,2.0,0.0,53.0
1285.1375960924047,1.0,2.0,0.0,53.0
1285.4375960924046,1.0,2.0,0.0,53.0
1285.4385051833137,1.0,2.0,0.0,53.0
1285.7385051833137,1.0,2.0,0.0,53.0
1285.7394142742228,1.0,2.0,0.0,53.0
1286.0394142742227,1.0,2.0,0.0,53.0
1286.0403233651318,1.0,2.0,0.0,53.0
1286.3403233651318,1.0,2.0,0.0,53.0
1286.3412324560409,1.0,2.0,0.0,53.0
1286.6412324560408,1.0,2.0,0.0,53.0
1286.64214154695,1.0,2.0,0.0,53.0
1286.9421415469499,1.0,2.0,0.0,53.0
1286.943050637859,1.0,2.0,0.0,53.0
1287.243050637859,1.0,2.0,0.0,53.0
1287.243959728768,1.0,2.0,0.0,53.0
1287.543959728768,1.0,2.0,0.0,53.0
1287.544868819677,1.0,2.0,0.0,53.0
1287.844868819677,1.0,2.0,0.0,53.0
1287.845777910586,1.0,2.0,0.0,53.0
1288.145777910586,1.0,2.0,0.0,53.0
1288.1466870014951,1.0,2.0,0.0,53.0
1288.446687001495,1.0,2.0,0.0,53.0
1288.4475960924042,1.0,2.0,0.0,53.0
1288.7475960924041,1.0,2.0,0.0,53.0
1288.7485051833132,1.0,2.0,0.0,53.0
1289.0485051833132,1.0,2.0,0.0,53.0
1289.0494142742223,1.0,2.0,0.0,53.0
1289.3494142742222,1.0,2.0,0.0,53.0
1289.3503233651313,1.0,2.0,0.0,53.0
1289.6503233651313,1.0,2.0,0.0,53.0
1289.6512324560404,1.0,2.0,0.0,53.0
1289.9512324560403,1.0,2.0,0.0,53.0
1289.9521415469494,1.0,2.0,0.0,53.0
1290.2521415469494,1.0,2.0,0.0,53.0
1290.2530506378585,1.0,2.0,0.0,53.0
1290.5530506378584,1.0,2.0,0.0,53.0
1290.5539597287675,1.0,2.0,0.0,53.0
1290.8539597287674,1.0,2.0,0.0,53.0
1290.8548688196765,1.0,2.0,0.0,53.0
1291.1548688196765,1.0,2.0,0.0,53.0
1291.1557779105856,1.0,2.0,0.0,53.0
1291.4557779105855,1.0,2.0,0.0,53.0
1291.4566870014946,1.0,2.0,0.0,53.0
1291.7566870014946,1.0,2.0,0.0,53.0
1291.7575960924037,1.0,2.0,0.0,53.0
1292.0575960924036,1.0,2.0,0.0,53.0
1292.0585051833127,1.0,2.0,0.0,53.0
1292.3585051833127,1.0,2.0,0.0,53.0
1292.3594142742218,1.0,2.0,0.0,53.0
1292.6594142742217,1.0,2.0,0.0,53.0
1292.6603233651308,1.0,2.0,0.0,53.0
1292.9603233651308,1.0,2.0,0.0,53.0
1292.9612324560399,1.0,2.0,0.0,53.0
1293.2612324560398,1.0,2.0,0.0,53.0
1293.262141546949,1.0,2.0,0.0,53.0
1293.5621415469489,1.0,2.0,0.0,53.0
1293.563050637858,1.0,2.0,0.0,53.0
1293.863050637858,1.0,2.0,0.0,53.0
1293.863959728767,1.0,2.0,0.0,53.0
1294.163959728767,1.0,2.0,0.0,53.0
1294.164868819676,1.0,2.0,0.0,53.0
1294.464868819676,1.0,2.0,0.0,53.0
1294.465777910585,1.0,2.0,0.0,53.0
1294.765777910585,1.0,2.0,0.0,53.0
1294.7666870014941,1.0,2.0,0.0,53.0
1295.066687001494,1.0,2.0,0.0,53.0
1295.0675960924032,1.0,2.0,0.0,53.0
1295.3675960924031,1.0,2.0,0.0,53.0
1295.3685051833122,1.0,2.0,0.0,53.0
1295.6685051833122,1.0,2.0,0.0,53.0
1295.6694142742213,1.0,2.0,0.0,53.0
1295.9694142742212,1.0,2.0,0.0,53.0
1295.9703233651303,1.0,2.0,0.0,53.0
1296.2703233651303,1.0,2.0,0.0,53.0
1296.2712324560393,1.0,2.0,0.0,53.0
1296.5712324560393,1.0,2.0,0.0,53.0
1296.5721415469484,1.0,2.0,0.0,53.0
1296.8721415469483,1.0,2.0,0.0,53.0
1296.8730506378574,1.0,2.0,0.0,53.0
1297.1730506378574,1.0,2.0,0.0,53.0
1297.1739597287665,1.0,2.0,0.0,53.0
1297.4739597287664,1.0,2.0,0.0,53.0
1297.4748688196755,1.0,2.0,0.0,53.0
1297.7748688196755,1.0,2.0,0.0,53.0
1297.7757779105846,1.0,2.0,0.0,53.0
1298.0757779105845,1.0,2.0,0.0,53.0
1298.0766870014936,1.0,2.0,0.0,53.0
1298.3766870014936,1.0,2.0,0.0,53.0
1298.3775960924027,1.0,2.0,0.0,53.0
1298.6775960924026,1.0,2.0,0.0,53.0
1298.6785051833117,1.0,2.0,0.0,53.0
1298.9785051833117,1.0,2.0,0.0,53.0
1298.9794142742207,1.0,2.0,0.0,53.0
1299.2794142742207,1.0,2.0,0.0,53.0
1299.2803097966087,1.0,2.0,0.0,53.0
1299.5803097966086,1.0,2.0,0.0,53.0
1299.5812053189966,1.0,2.0,0.0,53.0
1299.8812053189965,1.0,2.0,0.0,53.0
1299.8821008413845,1.0,2.0,0.0,53.0
1300.1821008413845,1.0,2.0,0.0,53.0
1300.1829963637724,1.0,2.0,0.0,53.0
1300.4829963637724,1.0,2.0,0.0,53.0
1300.4838918861603,1.0,2.0,0.0,53.0
1300.7838918861603,1.0,2.0,0.0,53.0
1300.7847874085483,1.0,2.0,0.0,53.0
1301.0847874085482,1.0,2.0,0.0,53.0
1301.0856829309362,1.0,2.0,0.0,53.0
1301.3856829309361,1.0,2.0,0.0,53.0
1301.386578453324,1.0,2.0,0.0,53.0
1301.686578453324,1.0,2.0,0.0,53.0
1301.687473975712,1.0,2.0,0.0,53.0
1301.987473975712,1.0,2.0,0.0,53.0
1301.9883694981,1.0,2.0,0.0,53.0
1302.2883694980999,1.0,2.0,0.0,53.0
1302.2892650204878,1.0,2.0,0.0,53.0
1302.5892650204878,1.0,2.0,0.0,53.0
1302.5901605428758,1.0,2.0,0.0,53.0
1302.8901605428757,1.0,2.0,0.0,53.0
1302.8910560652637,1.0,2.0,0.0,53.0
1303.1910560652636,1.0,2.0,0.0,53.0
1303.1919515876516,1.0,2.0,0.0,53.0
1303.4919515876516,1.0,2.0,0.0,53.0
1303.4928471100395,1.0,2.0,0.0,53.0
1303.7928471100395,1.0,2.0,0.0,53.0
1303.7937426324274,1.0,2.0,0.0,53.0
1304.0937426324274,1.0,2.0,0.0,53.0
1304.0946381548154,1.0,2.0,0.0,53.0
1304.3946381548153,1.0,2.0,0.0,53.0
1304.3955336772033,1.0,2.0,0.0,53.0
1304.6955336772032,1.0,2.0,0.0,53.0
1304.6964291995912,1.0,2.0,0.0,53.0
1304.9964291995911,1.0,2.0,0.0,53.0
1304.997324721979,1.0,2.0,0.0,53.0
1305.297324721979,1.0,2.0,0.0,53.0
1305.298220244367,1.0,2.0,0.0,53.0
1305.598220244367,1.0,2.0,0.0,53.0
1305.599115766755,1.0,2.0,0.0,53.0
1305.899115766755,1.0,2.0,0.0,53.0
1305.9000112891429,1.0,2.0,0.0,53.0
1306.2000112891428,1.0,2.0,0.0,53.0
1306.2009068115308,1.0,2.0,0.0,53.0
1306.5009068115307,1.0,2.0,0.0,53.0
1306.5018023339187,1.0,2.0,0.0,53.0
1306.8018023339187,1.0,2.0,0.0,53.0
1306.8026978563066,1.0,2.0,0.0,53.0
1307.1026978563066,1.0,2.0,0.0,53.0
1307.1035933786945,1.0,2.0,0.0,53.0
1307.4035933786945,1.0,2.0,0.0,53.0
1307.4044889010825,1.0,2.0,0.0,53.0
1307.7044889010824,1.0,2.0,0.0,53.0
1307.7053844234704,1.0,2.0,0.0,53.0
1308.0053844234703,1.0,2.0,0.0,53.0
1308.0062799458583,1.0,2.0,0.0,53.0
1308.3062799458583,1.0,2.0,0.0,53.0
1308.3071754682462,1.0,2.0,0.0,53.0
1308.6071754682462,1.0,2.0,0.0,53.0
1308.6080709906341,1.0,2.0,0.0,53.0
1308.908070990634,1.0,2.0,0.0,53.0
1308.908966513022,1.0,2.0,0.0,53.0
1309.208966513022,1.0,2.0,0.0,53.0
1309.20986203541,1.0,2.0,0.0,53.0
1309.50986203541,1.0,2.0,0.0,53.0
1309.510757557798,1.0,2.0,0.0,53.0
1309.8107575577978,1.0,2.0,0.0,53.0
1309.8116530801858,1.0,2.0,0.0,53.0
1310.1116530801858,1.0,2.0,0.0,53.0
1310.1125486025737,1.0,2.0,0.0,53.0
1310.4125486025737,1.0,2.0,0.0,53.0
1310.4134441249616,1.0,2.0,0.0,53.0
1310.7134441249616,1.0,2.0,0.0,53.0
1310.7143396473496,1.0,2.0,0.0,53.0
1311.0143396473495,1.0,2.0,0.0,53.0
1311.0152351697375,1.0,2.0,0.0,53.0
1311.3152351697374,1.0,2.0,0.0,53.0
1311.3161306921254,1.0,2.0,0.0,53.0
1311.6161306921254,1.0,2.0,0.0,53.0
1311.6170262145133,1.0,2.0,0.0,53.0
1311.9170262145133,1.0,2.0,0.0,53.0
1311.9179217369012,1.0,2.0,0.0,53.0
1312.2179217369012,1.0,2.0,0.0,53.0
1312.2188172592892,1.0,2.0,0.0,53.0
1312.518817259289,1.0,2.0,0.0,53.0
1312.519712781677,1.0,2.0,0.0,53.0
1312.819712781677,1.0,2.0,0.0,53.0
1312.820608304065,1.0,2.0,0.0,53.0
1313.120608304065,1.0,2.0,0.0,53.0
1313.121503826453,1.0,2.0,0.0,53.0
1313.4215038264529,1.0,2.0,0.0,53.0
1313.4223993488408,1.0,2.0,0.0,53.0
1313.7223993488408,1.0,2.0,0.0,53.0
1313.7232948712287,1.0,2.0,0.0,53.0
1314.0232948712287,1.0,2.0,0.0,53.0
1314.0241903936167,1.0,2.0,0.0,53.0
1314.3241903936166,1.0,2.0,0.0,53.0
1314.3250859160046,1.0,2.0,0.0,53.0
1314.6250859160045,1.0,2.0,0.0,53.0
1314.6259814383925,1.0,2.0,0.0,53.0
1314.9259814383925,1.0,2.0,0.0,53.0
1314.9268769607804,1.0,2.0,0.0,53.0
1315.2268769607804,1.0,2.0,0.0,53.0
1315.2277724831683,1.0,2.0,0.0,53.0
1315.5277724831683,1.0,2.0,0.0,53.0
1315.5286680055563,1.0,2.0,0.0,53.0
1315.8286680055562,1.0,2.0,0.0,53.0
1315.8295635279442,1.0,2.0,0.0,53.0
1316.1295635279441,1.0,2.0,0.0,53.0
1316.130459050332,1.0,2.0,0.0,53.0
1316.430459050332,1.0,2.0,0.0,53.0
1316.43135457272,1.0,2.0,0.0,53.0
1316.73135457272,1.0,2.0,0.0,53.0
1316.732250095108,1.0,2.0,0.0,53.0
1317.0322500951079,1.0,2.0,0.0,53.0
1317.0331456174958,1.0,2.0,0.0,53.0
1317.3331456174958,1.0,2.0,0.0,53.0
1317.3340411398838,1.0,2.0,0.0,53.0
1317.6340411398837,1.0,2.0,0.0,53.0
1317.6349366622717,1.0,2.0,0.0,53.0
1317.9349366622716,1.0,2.0,0.0,53.0
1317.9358321846596,1.0,2.0,0.0,53.0
1318.2358321846596,1.0,2.0,0.0,53.0
1318.2367277070475,1.0,2.0,0.0,53.0
1318.5367277070475,1.0,2.0,0.0,53.0
1318.5376232294354,1.0,2.0,0.0,53.0
1318.8376232294354,1.0,2.0,0.0,53.0
1318.8385187518234,1.0,2.0,0.0,53.0
1319.1385187518233,1.0,2.0,0.0,53.0
1319.1394142742113,1.0,2.0,0.0,53.0
1319.4394142742112,1.0,2.0,0.0,53.0
1319.4403097965992,1.0,2.0,0.0,53.0
1319.7403097965991,1.0,2.0,0.0,53.0
1319.741205318987,1.0,2.0,0.0,53.0
1320.041205318987,1.0,2.0,0.0,53.0
1320.042100841375,1.0,2.0,0.0,53.0
1320.342100841375,1.0,2.0,0.0,53.0
1320.342996363763,1.0,2.0,0.0,53.0
1320.642996363763,1.0,2.0,0.0,53.0
1320.6438918861509,1.0,2.0,0.0,53.0
1320.9438918861508,1.0,2.0,0.0,53.0
1320.9447874085388,1.0,2.0,0.0,53.0
1321.2447874085387,1.0,2.0,0.0,53.0
1321.2456829309267,1.0,2.0,0.0,53.0
1321.5456829309267,1.0,2.0,0.0,53.0
1321.5465784533146,1.0,2.0,0.0,53.0
1321.8465784533146,1.0,2.0,0.0,53.0
1321.8474739757025,1.0,2.0,0.0,53.0
1322.1474739757025,1.0,2.0,0.0,53.0
1322.1483694980905,1.0,2.0,0.0,53.0
1322.4483694980904,1.0,2.0,0.0,53.0
1322.4492650204784,1.0,2.0,0.0,53.0
1322.7492650204783,1.0,2.0,0.0,53.0
1322.7501605428663,1.0,2.0,0.0,53.0
1323.0501605428663,1.0,2.0,0.0,53.0
1323.0510560652542,1.0,2.0,0.0,53.0
1323.3510560652542,1.0,2.0,0.0,53.0
1323.3519515876421,1.0,2.0,0.0,53.0
1323.651951587642,1.0,2.0,0.0,53.0
1323.65284711003,1.0,2.0,0.0,53.0
1323.95284711003,1.0,2.0,0.0,53.0
1323.953742632418,1.0,2.0,0.0,53.0
1324.253742632418,1.0,2.0,0.0,53.0
1324.254638154806,1.0,2.0,0.0,53.0
1324.5546381548058,1.0,2.0,0.0,53.0
1324.5555336771938,1.0,2.0,0.0,53.0
1324.8555336771938,1.0,2.0,0.0,53.0
1324.8564291995817,1.0,2.0,0.0,53.0
1325.1564291995817,1.0,2.0,0.0,53.0
1325.1573247219696,1.0,2.0,0.0,53.0
1325.4573247219696,1.0,2.0,0.0,53.0
1325.4582202443576,1.0,2.0,0.0,53.0
1325.7582202443575,1.0,2.0,0.0,53.0
1325.7591157667455,1.0,2.0,0.0,53.0
1326.0591157667454,1.0,2.0,0.0,53.0
1326.0600112891334,1.0,2.0,0.0,53.0
1326.3600112891334,1.0,2.0,0.0,53.0
1326.3609068115213,1.0,2.0,0.0,53.0
1326.6609068115213,1.0,2.0,0.0,53.0
1326.6618023339092,1.0,2.0,0.0,53.0
1326.9618023339092,1.0,2.0,0.0,53.0
1326.9626978562972,1.0,2.0,0.0,53.0
1327.262697856297,1.0,2.0,0.0,53.0
1327.263593378685,1.0,2.0,0.0,53.0
1327.563593378685,1.0,2.0,0.0,53.0
1327.564488901073,1.0,2.0,0.0,53.0
1327.864488901073,1.0,2.0,0.0,53.0
1327.865384423461,1.0,2.0,0.0,53.0
1328.1653844234609,1.0,2.0,0.0,53.0
1328.1662799458488,1.0,2.0,0.0,53.0
1328.4662799458488,1.0,2.0,0.0,53.0
1328.4671754682367,1.0,0.0,0.0,54.0
1328.7671754682367,1.0,0.0,0.0,54.0
1328.7680709906247,1.0,0.0,0.0,54.0
1329.0680709906246,1.0,0.0,0.0,54.0
1329.0689665130126,1.0,0.0,0.0,54.0
1329.3689665130125,1.0,0.0,0.0,54.0
1329.3698620354005,1.0,0.0,0.0,54.0
1329.6698620354005,1.0,0.0,0.0,54.0
1329.6707575577884,1.0,0.0,0.0,54.0
1329.9707575577884,1.0,0.0,0.0,54.0
1329.9716530801763,1.0,0.0,0.0,54.0
1330.2716530801763,1.0,0.0,0.0,54.0
1330.2725486025643,1.0,0.0,0.0,54.0
1330.5725486025642,1.0,0.0,0.0,54.0
1330.5734441249522,1.0,0.0,0.0,54.0
1330.8734441249521,1.0,0.0,0.0,54.0
1330.87433964734,1.0,0.0,0.0,54.0
1331.17433964734,1.0,0.0,0.0,54.0
1331.175235169728,1.0,0.0,0.0,54.0
1331.475235169728,1.0,0.0,0.0,54.0
1331.476130692116,1.0,0.0,0.0,54.0
1331.7761306921159,1.0,0.0,0.0,54.0
1331.7770262145038,1.0,0.0,0.0,54.0
1332.0770262145038,1.0,0.0,0.0,54.0
1332.0779217368918,1.0,0.0,0.0,54.0
1332.3779217368917,1.0,0.0,0.0,54.0
1332.3788172592797,1.0,0.0,0.0,54.0
1332.6788172592796,1.0,0.0,0.0,54.0
1332.6797127816676,1.0,0.0,0.0,54.0
1332.9797127816676,1.0,0.0,0.0,54.0
1332.9806083040555,1.0,0.0,0.0,54.0
1333.2806083040555,1.0,0.0,0.0,54.0
1333.2815038264434,1.0,0.0,0.0,54.0
1333.5815038264434,1.0,0.0,0.0,54.0
1333.5823993488314,1.0,0.0,0.0,54.0
1333.8823993488313,1.0,0.0,0.0,54.0
1333.8832948712193,1.0,0.0,0.0,54.0
1334.1832948712192,1.0,0.0,0.0,54.0
1334.1841903936072,1.0,0.0,0.0,54.0
1334.4841903936072,1.0,0.0,0.0,54.0
1334.4850859159951,1.0,0.0,0.0,54.0
1334.785085915995,1.0,0.0,0.0,54.0
1334.785981438383,1.0,0.0,0.0,54.0
1335.085981438383,1.0,0.0,0.0,54.0
1335.086876960771,1.0,0.0,0.0,54.0
1335.386876960771,1.0,0.0,0.0,54.0
1335.3877724831589,1.0,0.0,0.0,54.0
1335.6877724831588,1.0,0.0,0.0,54.0
1335.6886680055468,1.0,0.0,0.0,54.0
1335.9886680055467,1.0,0.0,0.0,54.0
1335.9895635279347,1.0,0.0,0.0,54.0
1336.2895635279347,1.0,0.0,0.0,54.0
1336.2904590503226,1.0,0.0,0.0,54.0
1336.5904590503226,1.0,0.0,0.0,54.0
1336.5913545727105,1.0,0.0,0.0,54.0
1336.8913545727105,1.0,0.0,0.0,54.0
1336.8922500950985,1.0,0.0,0.0,54.0
1337.1922500950984,1.0,0.0,0.0,54.0
1337.1931456174864,1.0,0.0,0.0,54.0
1337.4931456174863,1.0,0.0,0.0,54.0
1337.4940411398743,1.0,0.0,0.0,54.0
1337.7940411398743,1.0,0.0,0.0,54.0
1337.7949366622622,1.0,0.0,0.0,54.0
1338.0949366622622,1.0,0.0,0.0,54.0
1338.0958457531713,1.0,0.0,0.0,54.0
1338.3958457531712,1.0,0.0,0.0,54.0
1338.3967548440803,1.0,0.0,0.0,54.0
1338.6967548440803,1.0,0.0,0.0,54.0
1338.6976639349894,1.0,0.0,0.0,54.0
1338.9976639349893,1.0,0.0,0.0,54.0
1338.9985730258984,1.0,0.0,0.0,54.0
1339.2985730258983,1.0,0.0,0.0,54.0
1339.2994821168074,1.0,0.0,0.0,54.0
1339.5994821168074,1.0,0.0,0.0,54.0
1339.6003912077165,1.0,0.0,0.0,54.0
1339.9003912077164,1.0,0.0,0.0,54.0
1339.9013002986255,1.0,0.0,0.0,54.0
1340.2013002986255,1.0,0.0,0.0,54.0
1340.2022093895346,1.0,0.0,0.0,54.0
1340.5022093895345,1.0,0.0,0.0,54.0
1340.5031184804436,1.0,0.0,0.0,54.0
1340.8031184804436,1.0,0.0,0.0,54.0
1340.8040275713527,1.0,0.0,0.0,54.0
1341.1040275713526,1.0,0.0,0.0,54.0
1341.1049366622617,1.0,0.0,0.0,54.0
1341.4049366622617,1.0,0.0,0.0,54.0
1341.4058457531708,1.0,0.0,0.0,54.0
1341.7058457531707,1.0,0.0,0.0,54.0
1341.7067548440798,1.0,0.0,0.0,54.0
1342.0067548440798,1.0,0.0,0.0,54.0
1342.0076639349888,1.0,0.0,0.0,54.0
1342.3076639349888,1.0,0.0,0.0,54.0
1342.3085730258979,1.0,0.0,0.0,54.0
1342.6085730258978,1.0,0.0,0.0,54.0
1342.609482116807,1.0,0.0,0.0,54.0
1342.9094821168069,1.0,0.0,0.0,54.0
1342.910391207716,1.0,0.0,0.0,54.0
1343.210391207716,1.0,0.0,0.0,54.0
1343.211300298625,1.0,0.0,0.0,54.0
1343.511300298625,1.0,0.0,0.0,54.0
1343.512209389534,1.0,0.0,0.0,54.0
1343.812209389534,1.0,0.0,0.0,54.0
1343.813118480443,1.0,0.0,0.0,54.0
1344.113118480443,1.0,0.0,0.0,54.0
1344.1140275713522,1.0,0.0,0.0,54.0
1344.414027571352,1.0,0.0,0.0,54.0
1344.4149366622612,1.0,0.0,0.0,54.0
1344.7149366622612,1.0,0.0,0.0,54.0
1344.7158457531702,1.0,0.0,0.0,54.0
1345.0158457531702,1.0,0.0,0.0,54.0
1345.0167548440793,1.0,0.0,0.0,54.0
1345.3167548440792,1.0,0.0,0.0,54.0
1345.3176639349883,1.0,0.0,0.0,54.0
1345.6176639349883,1.0,0.0,0.0,54.0
1345.6185730258974,1.0,0.0,0.0,54.0
1345.9185730258973,1.0,0.0,0.0,54.0
1345.9194821168064,1.0,0.0,0.0,54.0
1346.2194821168064,1.0,0.0,0.0,54.0
1346.2203912077155,1.0,0.0,0.0,54.0
1346.5203912077154,1.0,0.0,0.0,54.0
1346.5213002986245,1.0,0.0,0.0,54.0
1346.8213002986245,1.0,0.0,0.0,54.0
1346.8222093895336,1.0,0.0,0.0,54.0
1347.1222093895335,1.0,0.0,0.0,54.0
1347.1231184804426,1.0,0.0,0.0,54.0
1347.4231184804426,1.0,0.0,0.0,54.0
1347.4240275713516,1.0,0.0,0.0,54.0
1347.7240275713516,1.0,0.0,0.0,54.0
1347.7249366622607,1.0,0.0,0.0,54.0
1348.0249366622606,1.0,0.0,0.0,54.0
1348.0258457531697,1.0,0.0,0.0,54.0
1348.3258457531697,1.0,0.0,0.0,54.0
1348.3267548440788,1.0,0.0,0.0,54.0
1348.6267548440787,1.0,0.0,0.0,54.0
1348.6276639349878,1.0,0.0,0.0,54.0
1348.9276639349878,1.0,0.0,0.0,54.0
1348.9285730258969,1.0,0.0,0.0,54.0
1349.2285730258968,1.0,0.0,0.0,54.0
1349.22949610282,1.0,0.0,0.0,54.0
1349.5294961028198,1.0,0.0,0.0,54.0
1349.530419179743,1.0,0.0,0.0,54.0
1349.8304191797429,1.0,0.0,0.0,54.0
1349.831342256666,1.0,0.0,0.0,54.0
1350.131342256666,1.0,0.0,0.0,54.0
1350.132251347575,1.0,0.0,0.0,54.0
1350.432251347575,1.0,0.0,0.0,54.0
1350.433160438484,1.0,0.0,0.0,54.0
1350.733160438484,1.0,0.0,0.0,54.0
1350.734069529393,1.0,0.0,0.0,54.0
1351.034069529393,1.0,0.0,0.0,54.0
1351.0349786203021,1.0,0.0,0.0,54.0
1351.334978620302,1.0,0.0,0.0,54.0
1351.3358877112112,1.0,0.0,0.0,54.0
1351.6358877112111,1.0,0.0,0.0,54.0
1351.6367968021202,1.0,0.0,0.0,54.0
1351.9367968021202,1.0,0.0,0.0,54.0
1351.9377058930293,1.0,0.0,0.0,54.0
1352.2377058930292,1.0,0.0,0.0,54.0
1352.2386149839383,1.0,0.0,0.0,54.0
1352.5386149839383,1.0,0.0,0.0,54.0
1352.5395240748473,1.0,0.0,0.0,54.0
1352.8395240748473,1.0,0.0,0.0,54.0
1352.8404331657564,1.0,0.0,0.0,54.0
1353.1404331657563,1.0,0.0,0.0,54.0
1353.1413422566654,1.0,0.0,0.0,54.0
1353.4413422566654,1.0,0.0,0.0,54.0
1353.4422513475745,1.0,0.0,0.0,54.0
1353.7422513475744,1.0,0.0,0.0,54.0
1353.7431604384835,1.0,0.0,0.0,54.0
1354.0431604384835,1.0,0.0,0.0,54.0
1354.0440695293926,1.0,0.0,0.0,54.0
1354.3440695293925,1.0,0.0,0.0,54.0
1354.3449786203016,1.0,0.0,0.0,54.0
1354.6449786203016,1.0,0.0,0.0,54.0
1354.6458877112107,1.0,0.0,0.0,54.0
1354.9458877112106,1.0,0.0,0.0,54.0
1354.9467968021197,1.0,0.0,0.0,54.0
1355.2467968021197,1.0,0.0,0.0,54.0
1355.2477058930288,1.0,0.0,0.0,54.0
1355.5477058930287,1.0,0.0,0.0,54.0
1355.5486149839378,1.0,0.0,0.0,54.0
1355.8486149839378,1.0,0.0,0.0,54.0
1355.8495240748468,1.0,0.0,0.0,54.0
1356.1495240748468,1.0,0.0,0.0,54.0
1356.1504331657559,1.0,0.0,0.0,54.0
1356.4504331657558,1.0,0.0,0.0,54.0
1356.451342256665,1.0,0.0,0.0,54.0
1356.7513422566649,1.0,0.0,0.0,54.0
1356.752251347574,1.0,0.0,0.0,54.0
1357.052251347574,1.0,0.0,0.0,54.0
1357.053160438483,1.0,0.0,0.0,54.0
1357.353160438483,1.0,0.0,0.0,54.0
1357.354069529392,1.0,0.0,0.0,54.0
1357.654069529392,1.0,0.0,0.0,54.0
1357.654978620301,1.0,0.0,0.0,54.0
1357.954978620301,1.0,0.0,0.0,54.0
1357.9558877112102,1.0,0.0,0.0,54.0
1358.25588771121,1.0,0.0,0.0,54.0
1358.2567968021192,1.0,0.0,0.0,54.0
1358.5567968021192,1.0,0.0,0.0,54.0
1358.5577058930282,1.0,0.0,0.0,54.0
1358.8577058930282,1.0,0.0,0.0,54.0
1358.8586149839373,1.0,0.0,0.0,54.0
1359.1586149839372,1.0,0.0,0.0,54.0
1359.1595240748463,1.0,0.0,0.0,54.0
1359.4595240748463,1.0,0.0,0.0,54.0
1359.4604331657554,1.0,0.0,0.0,54.0
1359.7604331657553,1.0,0.0,0.0,54.0
1359.7613422566644,1.0,0.0,0.0,54.0
1360.0613422566644,1.0,0.0,0.0,54.0
1360.0622513475735,1.0,0.0,0.0,54.0
1360.3622513475734,1.0,0.0,0.0,54.0
1360.3631604384825,1.0,0.0,0.0,54.0
1360.6631604384825,1.0,0.0,0.0,54.0
1360.6640695293916,1.0,0.0,0.0,54.0
1360.9640695293915,1.0,0.0,0.0,54.0
1360.9649786203006,1.0,0.0,0.0,54.0
1361.2649786203006,1.0,0.0,0.0,54.0
1361.2658877112096,1.0,0.0,0.0,54.0
1361.5658877112096,1.0,0.0,0.0,54.0
1361.5667968021187,1.0,0.0,0.0,54.0
1361.8667968021186,1.0,0.0,0.0,54.0
1361.8677058930277,1.0,0.0,0.0,54.0
1362.1677058930277,1.0,0.0,0.0,54.0
1362.1686149839368,1.0,0.0,0.0,54.0
1362.4686149839367,1.0,0.0,0.0,54.0
1362.4695240748458,1.0,0.0,0.0,54.0
1362.7695240748458,1.0,0.0,0.0,54.0
1362.7704331657549,1.0,0.0,0.0,54.0
1363.0704331657548,1.0,0.0,0.0,54.0
1363.071342256664,1.0,0.0,0.0,54.0
1363.3713422566639,1.0,0.0,0.0,54.0
1363.372251347573,1.0,0.0,0.0,54.0
1363.672251347573,1.0,0.0,0.0,54.0
1363.673160438482,1.0,0.0,0.0,54.0
1363.973160438482,1.0,0.0,0.0,54.0
1363.974069529391,1.0,0.0,0.0,54.0
1364.274069529391,1.0,0.0,0.0,54.0
1364.2749786203,1.0,0.0,0.0,54.0
1364.5749786203,1.0,0.0,0.0,54.0
1364.5758877112091,1.0,0.0,0.0,54.0
1364.875887711209,1.0,0.0,0.0,54.0
1364.8767968021182,1.0,0.0,0.0,54.0
1365.1767968021181,1.0,0.0,0.0,54.0
1365.1777058930272,1.0,0.0,0.0,54.0
1365.4777058930272,1.0,0.0,0.0,54.0
1365.4786149839363,1.0,0.0,0.0,54.0
1365.7786149839362,1.0,0.0,0.0,54.0
1365.7795240748453,1.0,0.0,0.0,54.0
1366.0795240748453,1.0,0.0,0.0,54.0
1366.0804331657544,1.0,0.0,0.0,54.0
1366.3804331657543,1.0,0.0,0.0,54.0
1366.3813422566634,1.0,0.0,0.0,54.0
1366.6813422566634,1.0,0.0,0.0,54.0
1366.6822513475724,1.0,0.0,0.0,54.0
1366.9822513475724,1.0,0.0,0.0,54.0
1366.9831604384815,1.0,0.0,0.0,54.0
1367.2831604384814,1.0,0.0,0.0,54.0
1367.2840695293905,1.0,0.0,0.0,54.0
1367.5840695293905,1.0,0.0,0.0,54.0
1367.5849786202996,1.0,0.0,0.0,54.0
1367.8849786202995,1.0,0.0,0.0,54.0
1367.8858877112086,1.0,0.0,0.0,54.0
1368.1858877112086,1.0,0.0,0.0,54.0
1368.1867968021177,1.0,0.0,0.0,54.0
1368.4867968021176,1.0,0.0,0.0,54.0
1368.4877058930267,1.0,0.0,0.0,54.0
1368.7877058930267,1.0,0.0,0.0,54.0
1368.7886149839358,1.0,0.0,0.0,54.0
1369.0886149839357,1.0,0.0,0.0,54.0
1369.0895240748448,1.0,0.0,0.0,54.0
1369.3895240748448,1.0,0.0,0.0,54.0
1369.3904331657538,1.0,0.0,0.0,54.0
1369.6904331657538,1.0,0.0,0.0,54.0
1369.691342256663,1.0,0.0,0.0,54.0
1369.9913422566628,1.0,0.0,0.0,54.0
1369.992251347572,1.0,0.0,0.0,54.0
1370.292251347572,1.0,0.0,0.0,54.0
1370.293160438481,1.0,0.0,0.0,54.0
1370.593160438481,1.0,0.0,0.0,54.0
1370.59406952939,1.0,0.0,0.0,54.0
1370.89406952939,1.0,0.0,0.0,54.0
1370.894978620299,1.0,0.0,0.0,54.0
1371.194978620299,1.0,0.0,0.0,54.0
1371.1958877112081,1.0,0.0,0.0,54.0
1371.495887711208,1.0,0.0,0.0,54.0
1371.4967968021172,1.0,0.0,0.0,54.0
1371.7967968021171,1.0,0.0,0.0,54.0
1371.7977058930262,1.0,0.0,0.0,54.0
1372.0977058930262,1.0,0.0,0.0,54.0
1372.0986149839352,1.0,0.0,0.0,54.0
1372.3986149839352,1.0,0.0,0.0,54.0
1372.3995240748443,1.0,0.0,0.0,54.0
1372.6995240748442,1.0,0.0,0.0,54.0
1372.7004331657533,1.0,0.0,0.0,54.0
1373.0004331657533,1.0,0.0,0.0,54.0
1373.0013422566624,1.0,0.0,0.0,54.0
1373.3013422566623,1.0,0.0,0.0,54.0
1373.3022513475714,1.0,0.0,0.0,54.0
1373.6022513475714,1.0,0.0,0.0,54.0
1373.6031604384805,1.0,0.0,0.0,54.0
1373.9031604384804,1.0,0.0,0.0,54.0
1373.9040695293895,1.0,0.0,0.0,54.0
1374.2040695293895,1.0,0.0,0.0,54.0
1374.2049786202986,1.0,0.0,0.0,54.0
1374.5049786202985,1.0,0.0,0.0,54.0
1374.5058877112076,1.0,0.0,0.0,54.0
1374.8058877112076,1.0,0.0,0.0,54.0
1374.8067968021167,1.0,0.0,0.0,54.0
1375.1067968021166,1.0,0.0,0.0,54.0
1375.1077058930257,1.0,0.0,0.0,54.0
1375.4077058930256,1.0,0.0,0.0,54.0
1375.4086149839347,1.0,0.0,0.0,54.0
1375.7086149839347,1.0,0.0,0.0,54.0
1375.7095240748438,1.0,0.0,0.0,54.0
1376.0095240748437,1.0,0.0,0.0,54.0
1376.0104331657528,1.0,0.0,0.0,54.0
1376.3104331657528,1.0,0.0,0.0,54.0
1376.3113422566619,1.0,0.0,0.0,54.0
1376.6113422566618,1.0,0.0,0.0,54.0
1376.612251347571,1.0,0.0,0.0,54.0
1376.9122513475709,1.0,0.0,0.0,54.0
1376.91316043848,1.0,0.0,0.0,54.0
1377.21316043848,1.0,0.0,0.0,54.0
1377.214069529389,1.0,0.0,0.0,54.0
1377.514069529389,1.0,0.0,0.0,54.0
1377.514978620298,1.0,0.0,0.0,54.0
1377.814978620298,1.0,0.0,0.0,54.0
1377.815887711207,1.0,0.0,0.0,54.0
1378.115887711207,1.0,0.0,0.0,54.0
1378.1167968021161,1.0,0.0,0.0,54.0
1378.416796802116,1.0,0.0,0.0,54.0
1378.4177058930252,1.0,0.0,0.0,54.0
1378.7177058930251,1.0,0.0,0.0,54.0
1378.7186149839342,1.0,0.0,0.0,54.0
1379.0186149839342,1.0,0.0,0.0,54.0
1379.0195240748433,1.0,0.0,0.0,54.0
1379.3195240748432,1.0,0.0,0.0,54.0
1379.3204331657523,1.0,0.0,0.0,54.0
1379.6204331657523,1.0,0.0,0.0,54.0
1379.6213422566614,1.0,0.0,0.0,54.0
1379.9213422566613,1.0,0.0,0.0,54.0
1379.9222513475704,1.0,0.0,0.0,54.0
1380.2222513475704,1.0,0.0,0.0,54.0
1380.2231604384795,1.0,0.0,0.0,54.0
1380.5231604384794,1.0,0.0,0.0,54.0
1380.5240695293885,1.0,0.0,0.0,54.0
1380.8240695293885,1.0,0.0,0.0,54.0
1380.8249786202975,1.0,0.0,0.0,54.0
1381.1249786202975,1.0,0.0,0.0,54.0
1381.1258877112066,1.0,0.0,0.0,54.0
1381.4258877112065,1.0,0.0,0.0,54.0
1381.4267968021156,1.0,0.0,0.0,54.0
1381.7267968021156,1.0,0.0,0.0,54.0
1381.7277058930247,1.0,0.0,0.0,54.0
1382.0277058930246,1.0,0.0,0.0,54.0
1382.0286149839337,1.0,0.0,0.0,54.0
1382.3286149839337,1.0,0.0,0.0,54.0
1382.3295240748428,1.0,0.0,0.0,54.0
1382.6295240748427,1.0,0.0,0.0,54.0
1382.6304331657518,1.0,0.0,0.0,54.0
1382.9304331657518,1.0,0.0,0.0,54.0
1382.9313422566609,1.0,0.0,0.0,54.0
1383.2313422566608,1.0,0.0,0.0,54.0
1383.23225134757,1.0,0.0,0.0,54.0
1383.5322513475699,1.0,0.0,0.0,54.0
1383.533160438479,1.0,0.0,0.0,54.0
1383.833160438479,1.0,0.0,0.0,54.0
1383.834069529388,1.0,0.0,0.0,54.0
1384.134069529388,1.0,0.0,0.0,54.0
1384.134978620297,1.0,0.0,0.0,54.0
1384.434978620297,1.0,0.0,0.0,54.0
1384.435887711206,1.0,0.0,0.0,54.0
1384.735887711206,1.0,0.0,0.0,54.0
1384.7367968021151,1.0,0.0,0.0,54.0
1385.036796802115,1.0,0.0,0.0,54.0
1385.0377058930242,1.0,0.0,0.0,54.0
1385.3377058930241,1.0,0.0,0.0,54.0
1385.3386149839332,1.0,0.0,0.0,54.0
1385.6386149839332,1.0,0.0,0.0,54.0
1385.6395240748423,1.0,0.0,0.0,54.0
1385.9395240748422,1.0,0.0,0.0,54.0
1385.9404331657513,1.0,0.0,0.0,54.0
1386.2404331657513,1.0,0.0,0.0,54.0
1386.2413422566603,1.0,0.0,0.0,54.0
1386.5413422566603,1.0,0.0,0.0,54.0
1386.5422513475694,1.0,0.0,0.0,54.0
1386.8422513475693,1.0,0.0,0.0,54.0
1386.8431604384784,1.0,0.0,0.0,54.0
1387.1431604384784,1.0,0.0,0.0,54.0
1387.1440695293875,1.0,0.0,0.0,54.0
1387.4440695293874,1.0,0.0,0.0,54.0
1387.4449786202965,1.0,0.0,0.0,54.0
1387.7449786202965,1.0,0.0,0.0,54.0
1387.7458877112056,1.0,0.0,0.0,54.0
1388.0458877112055,1.0,0.0,0.0,54.0
1388.0467968021146,1.0,0.0,0.0,54.0
1388.3467968021146,1.0,0.0,0.0,54.0
1388.3477058930237,1.0,0.0,0.0,54.0
1388.6477058930236,1.0,0.0,0.0,54.0
1388.6486149839327,1.0,0.0,0.0,54.0
1388.9486149839327,1.0,0.0,0.0,54.0
1388.9495240748417,1.0,0.0,0.0,54.0
1389.2495240748417,1.0,0.0,0.0,54.0
1389.2504331657508,1.0,0.0,0.0,54.0
1389.5504331657507,1.0,0.0,0.0,54.0
1389.5513422566598,1.0,0.0,0.0,54.0
1389.8513422566598,1.0,0.0,0.0,54.0
1389.8522513475689,1.0,0.0,0.0,54.0
1390.1522513475688,1.0,0.0,0.0,54.0
1390.153160438478,1.0,0.0,0.0,54.0
1390.4531604384779,1.0,0.0,0.0,54.0
1390.454069529387,1.0,0.0,0.0,54.0
1390.754069529387,1.0,0.0,0.0,54.0
1390.754978620296,1.0,0.0,0.0,54.0
1391.054978620296,1.0,0.0,0.0,54.0
1391.055887711205,1.0,0.0,0.0,54.0
1391.355887711205,1.0,0.0,0.0,54.0
1391.356796802114,1.0,0.0,0.0,54.0
1391.656796802114,1.0,0.0,0.0,54.0
1391.6577058930231,1.0,0.0,0.0,54.0
1391.957705893023,1.0,0.0,0.0,54.0
1391.9586149839322,1.0,0.0,0.0,54.0
1392.2586149839321,1.0,0.0,0.0,54.0
1392.2595240748412,1.0,0.0,0.0,54.0
1392.5595240748412,1.0,0.0,0.0,54.0
1392.5604331657503,1.0,0.0,0.0,54.0
1392.8604331657502,1.0,0.0,0.0,54.0
1392.8613422566593,1.0,0.0,0.0,54.0
1393.1613422566593,1.0,0.0,0.0,54.0
1393.1622513475684,1.0,0.0,0.0,54.0
1393.4622513475683,1.0,0.0,0.0,54.0
1393.4631604384774,1.0,0.0,0.0,54.0
1393.7631604384774,1.0,0.0,0.0,54.0
1393.7640695293865,1.0,0.0,0.0,54.0
1394.0640695293864,1.0,0.0,0.0,54.0
1394.0649786202955,1.0,0.0,0.0,54.0
1394.3649786202955,1.0,0.0,0.0,54.0
1394.3658877112046,1.0,0.0,0.0,54.0
1394.6658877112045,1.0,0.0,0.0,54.0
1394.6667968021136,1.0,0.0,0.0,54.0
1394.9667968021135,1.0,0.0,0.0,54.0
1394.9677058930226,1.0,0.0,0.0,54.0
1395.2677058930226,1.0,0.0,0.0,54.0
1395.2686149839317,1.0,0.0,0.0,54.0
1395.5686149839316,1.0,0.0,0.0,54.0
1395.5695240748407,1.0,0.0,0.0,54.0
1395.8695240748407,1.0,0.0,0.0,54.0
1395.8704331657498,1.0,0.0,0.0,54.0
1396.1704331657497,1.0,0.0,0.0,54.0
1396.1713422566588,1.0,0.0,0.0,54.0
1396.4713422566588,1.0,0.0,0.0,54.0
1396.4722513475679,1.0,0.0,0.0,54.0
1396.7722513475678,1.0,0.0,0.0,54.0
1396.773160438477,1.0,0.0,0.0,54.0
1397.0731604384769,1.0,0.0,0.0,54.0
1397.074069529386,1.0,0.0,0.0,54.0
1397.374069529386,1.0,0.0,0.0,54.0
1397.374978620295,1.0,0.0,0.0,54.0
1397.674978620295,1.0,0.0,0.0,54.0
1397.675887711204,1.0,0.0,0.0,54.0
1397.975887711204,1.0,0.0,0.0,54.0
1397.976796802113,1.0,0.0,0.0,54.0
1398.276796802113,1.0,0.0,0.0,54.0
1398.2777058930221,1.0,0.0,0.0,54.0
1398.577705893022,1.0,0.0,0.0,54.0
1398.5786149839312,1.0,0.0,0.0,54.0
1398.8786149839311,1.0,0.0,0.0,54.0
1398.8795240748402,1.0,0.0,0.0,54.0
1399.1795240748402,1.0,0.0,0.0,54.0
1399.1804331657493,1.0,0.0,0.0,54.0
1399.4804331657492,1.0,0.0,0.0,54.0
1399.4813422566583,1.0,0.0,0.0,54.0
1399.7813422566583,1.0,0.0,0.0,54.0
1399.7822513475674,1.0,0.0,0.0,54.0
1400.0822513475673,1.0,0.0,0.0,54.0
1400.0831604384764,1.0,0.0,0.0,54.0
1400.3831604384764,1.0,0.0,0.0,54.0
1400.3840695293854,1.0,0.0,0.0,54.0
1400.6840695293854,1.0,0.0,0.0,54.0
1400.6849786202945,1.0,0.0,0.0,54.0
1400.9849786202944,1.0,0.0,0.0,54.0
1400.9858877112035,1.0,0.0,0.0,54.0
1401.2858877112035,1.0,0.0,0.0,54.0
1401.2867968021126,1.0,0.0,0.0,54.0
1401.5867968021125,1.0,0.0,0.0,54.0
1401.5877058930216,1.0,0.0,0.0,54.0
1401.8877058930216,1.0,0.0,0.0,54.0
1401.8886149839307,1.0,0.0,0.0,54.0
1402.1886149839306,1.0,0.0,0.0,54.0
1402.1895240748397,1.0,0.0,0.0,54.0
1402.4895240748397,1.0,0.0,0.0,54.0
1402.4904331657488,1.0,0.0,0.0,54.0
1402.7904331657487,1.0,0.0,0.0,54.0
1402.7913422566578,1.0,0.0,0.0,54.0
1403.0913422566578,1.0,0.0,0.0,54.0
1403.0922513475668,1.0,0.0,0.0,54.0
1403.3922513475668,1.0,0.0,0.0,54.0
1403.393160438476,1.0,0.0,0.0,54.0
1403.6931604384758,1.0,0.0,0.0,54.0
1403.694069529385,1.0,0.0,0.0,54.0
1403.994069529385,1.0,0.0,0.0,54.0
1403.994978620294,1.0,0.0,0.0,54.0
1404.294978620294,1.0,0.0,0.0,54.0
1404.295887711203,1.0,0.0,0.0,54.0
1404.595887711203,1.0,0.0,0.0,54.0
1404.596796802112,1.0,0.0,0.0,54.0
1404.896796802112,1.0,0.0,0.0,54.0
1404.897705893021,1.0,0.0,0.0,54.0
1405.197705893021,1.0,0.0,0.0,54.0
1405.1986149839302,1.0,0.0,0.0,54.0
1405.49861498393,1.0,0.0,0.0,54.0
1405.4995240748392,1.0,0.0,0.0,54.0
1405.7995240748392,1.0,0.0,0.0,54.0
1405.8004331657482,1.0,0.0,0.0,54.0
1406.1004331657482,1.0,0.0,0.0,54.0
1406.1013422566573,1.0,0.0,0.0,54.0
1406.4013422566572,1.0,0.0,0.0,54.0
1406.4022513475663,1.0,0.0,0.0,54.0
1406.7022513475663,1.0,0.0,0.0,54.0
1406.7031604384754,1.0,0.0,0.0,54.0
1407.0031604384753,1.0,0.0,0.0,54.0
1407.0040695293844,1.0,0.0,0.0,54.0
1407.3040695293844,1.0,0.0,0.0,54.0
1407.3049786202935,1.0,0.0,0.0,54.0
1407.6049786202934,1.0,0.0,0.0,54.0
1407.6058877112025,1.0,0.0,0.0,54.0
1407.9058877112025,1.0,0.0,0.0,54.0
1407.9067968021116,1.0,0.0,0.0,54.0
1408.2067968021115,1.0,0.0,0.0,54.0
1408.2077058930206,1.0,0.0,0.0,54.0
1408.5077058930206,1.0,0.0,0.0,54.0
1408.5086014154085,1.0,0.0,0.0,54.0
1408.8086014154085,1.0,0.0,0.0,54.0
1408.8094969377964,1.0,0.0,0.0,54.0
1409.1094969377964,1.0,0.0,0.0,54.0
1409.1103924601844,1.0,0.0,0.0,54.0
1409.4103924601843,1.0,0.0,0.0,54.0
1409.4112879825723,1.0,0.0,0.0,54.0
1409.7112879825722,1.0,0.0,0.0,54.0
1409.7121835049602,1.0,0.0,0.0,54.0
1410.0121835049601,1.0,0.0,0.0,54.0
1410.013079027348,1.0,0.0,0.0,54.0
1410.313079027348,1.0,0.0,0.0,54.0
1410.313974549736,1.0,0.0,0.0,54.0
1410.613974549736,1.0,0.0,0.0,54.0
1410.614870072124,1.0,0.0,0.0,54.0
1410.914870072124,1.0,0.0,0.0,54.0
1410.9157655945119,1.0,0.0,0.0,54.0
1411.2157655945118,1.0,0.0,0.0,54.0
1411.2166611168998,1.0,0.0,0.0,54.0
1411.5166611168997,1.0,0.0,0.0,54.0
1411.5175566392877,1.0,0.0,0.0,54.0
1411.8175566392877,1.0,0.0,0.0,54.0
1411.8184521616756,1.0,0.0,0.0,54.0
1412.1184521616756,1.0,0.0,0.0,54.0
1412.1193476840635,1.0,0.0,0.0,54.0
1412.4193476840635,1.0,0.0,0.0,54.0
1412.4202432064515,1.0,0.0,0.0,54.0
1412.7202432064514,1.0,0.0,0.0,54.0
1412.7211387288394,1.0,0.0,0.0,54.0
1413.0211387288393,1.0,0.0,0.0,54.0
1413.0220342512273,1.0,0.0,0.0,54.0
1413.3220342512273,1.0,0.0,0.0,54.0
1413.3229297736152,1.0,0.0,0.0,54.0
1413.6229297736152,1.0,0.0,0.0,54.0
1413.6238252960031,1.0,0.0,0.0,54.0
1413.923825296003,1.0,0.0,0.0,54.0
1413.924720818391,1.0,0.0,0.0,54.0
1414.224720818391,1.0,0.0,0.0,54.0
1414.225616340779,1.0,0.0,0.0,54.0
1414.525616340779,1.0,0.0,0.0,54.0
1414.526511863167,1.0,0.0,0.0,54.0
1414.8265118631668,1.0,0.0,0.0,54.0
1414.8274073855548,1.0,0.0,0.0,54.0
1415.1274073855548,1.0,0.0,0.0,54.0
1415.1283029079427,1.0,0.0,0.0,54.0
1415.4283029079427,1.0,0.0,0.0,54.0
1415.4291984303306,1.0,0.0,0.0,54.0
1415.7291984303306,1.0,0.0,0.0,54.0
1415.7300939527186,1.0,0.0,0.0,54.0
1416.0300939527185,1.0,0.0,0.0,54.0
1416.0309894751065,1.0,0.0,0.0,54.0
1416.3309894751064,1.0,0.0,0.0,54.0
1416.3318849974944,1.0,0.0,0.0,54.0
1416.6318849974944,1.0,0.0,0.0,54.0
1416.6327805198823,1.0,0.0,0.0,54.0
1416.9327805198823,1.0,0.0,0.0,54.0
1416.9336760422702,1.0,0.0,0.0,54.0
1417.2336760422702,1.0,0.0,0.0,54.0
1417.2345715646582,1.0,0.0,0.0,54.0
1417.534571564658,1.0,0.0,0.0,54.0
1417.535467087046,1.0,0.0,0.0,54.0
1417.835467087046,1.0,0.0,0.0,54.0
1417.836362609434,1.0,0.0,0.0,54.0
1418.136362609434,1.0,0.0,0.0,54.0
1418.137258131822,1.0,0.0,0.0,54.0
1418.4372581318219,1.0,0.0,0.0,54.0
1418.438167222731,1.0,0.0,0.0,54.0
1418.738167222731,1.0,0.0,0.0,54.0
1418.73907631364,1.0,0.0,0.0,54.0
1419.03907631364,1.0,0.0,0.0,54.0
1419.039985404549,1.0,0.0,0.0,54.0
1419.339985404549,1.0,0.0,0.0,54.0
1419.340894495458,1.0,0.0,0.0,54.0
1419.640894495458,1.0,0.0,0.0,54.0
1419.6418035863671,1.0,0.0,0.0,54.0
1419.941803586367,1.0,0.0,0.0,54.0
1419.9427126772762,1.0,0.0,0.0,54.0
1420.2427126772761,1.0,0.0,0.0,54.0
1420.2436217681852,1.0,0.0,0.0,54.0
1420.5436217681852,1.0,0.0,0.0,54.0
1420.5445308590943,1.0,0.0,0.0,54.0
1420.8445308590942,1.0,0.0,0.0,54.0
1420.8454399500033,1.0,0.0,0.0,54.0
1421.1454399500033,1.0,0.0,0.0,54.0
1421.1463490409124,1.0,0.0,0.0,54.0
1421.4463490409123,1.0,0.0,0.0,54.0
1421.4472581318214,1.0,0.0,0.0,54.0
1421.7472581318214,1.0,0.0,0.0,54.0
1421.7481672227304,1.0,0.0,0.0,54.0
1422.0481672227304,1.0,0.0,0.0,54.0
1422.0490763136395,1.0,0.0,0.0,54.0
1422.3490763136394,1.0,0.0,0.0,54.0
1422.3499854045485,1.0,0.0,0.0,54.0
1422.6499854045485,1.0,0.0,0.0,54.0
1422.6508809269365,1.0,0.0,0.0,54.0
1422.9508809269364,1.0,0.0,0.0,54.0
1422.9517764493244,1.0,0.0,0.0,54.0
1423.2517764493243,1.0,0.0,0.0,54.0
1423.2526719717123,1.0,0.0,0.0,54.0
1423.5526719717122,1.0,0.0,0.0,54.0
1423.5535674941002,1.0,0.0,0.0,54.0
1423.8535674941002,1.0,0.0,0.0,54.0
1423.8544630164881,1.0,0.0,0.0,54.0
1424.154463016488,1.0,0.0,0.0,54.0
1424.155358538876,1.0,0.0,0.0,54.0
1424.455358538876,1.0,0.0,0.0,54.0
1424.456254061264,1.0,0.0,0.0,54.0
1424.756254061264,1.0,0.0,0.0,54.0
1424.7571495836519,1.0,0.0,0.0,54.0
1425.0571495836518,1.0,0.0,0.0,54.0
1425.0580451060398,1.0,0.0,0.0,54.0
1425.3580451060398,1.0,0.0,0.0,54.0
1425.3589406284277,1.0,0.0,0.0,54.0
1425.6589406284277,1.0,0.0,0.0,54.0
1425.6598361508156,1.0,0.0,0.0,54.0
1425.9598361508156,1.0,0.0,0.0,54.0
1425.9607316732036,1.0,0.0,0.0,54.0
1426.2607316732035,1.0,0.0,0.0,54.0
1426.2616271955915,1.0,0.0,0.0,54.0
1426.5616271955914,1.0,0.0,0.0,54.0
1426.5625227179794,1.0,0.0,0.0,54.0
1426.8625227179793,1.0,0.0,0.0,54.0
1426.8634182403673,1.0,0.0,0.0,54.0
1427.1634182403673,1.0,0.0,0.0,54.0
1427.1643137627552,1.0,0.0,0.0,54.0
1427.4643137627552,1.0,0.0,0.0,54.0
1427.4652092851431,1.0,0.0,0.0,54.0
1427.765209285143,1.0,0.0,0.0,54.0
1427.766104807531,1.0,0.0,0.0,54.0
1428.066104807531,1.0,0.0,0.0,54.0
1428.067000329919,1.0,0.0,0.0,54.0
1428.367000329919,1.0,0.0,0.0,54.0
1428.367895852307,1.0,0.0,0.0,54.0
1428.6678958523069,1.0,0.0,0.0,54.0
1428.6687913746948,1.0,0.0,0.0,54.0
1428.9687913746948,1.0,0.0,0.0,54.0
1428.9696868970827,1.0,0.0,0.0,54.0
1429.2696868970827,1.0,0.0,0.0,54.0
1429.2705824194707,1.0,0.0,0.0,54.0
1429.5705824194706,1.0,0.0,0.0,54.0
1429.5714779418586,1.0,0.0,0.0,54.0
1429.8714779418585,1.0,0.0,0.0,54.0
1429.8723734642465,1.0,0.0,0.0,54.0
1430.1723734642464,1.0,0.0,0.0,54.0
1430.1732689866344,1.0,0.0,0.0,54.0
1430.4732689866344,1.0,0.0,0.0,54.0
1430.4741645090223,1.0,0.0,0.0,54.0
1430.7741645090223,1.0,0.0,0.0,54.0
1430.7750600314102,1.0,0.0,0.0,54.0
1431.0750600314102,1.0,0.0,0.0,54.0
1431.0759555537982,1.0,0.0,0.0,54.0
1431.3759555537981,1.0,0.0,0.0,54.0
1431.376851076186,1.0,0.0,0.0,54.0
1431.676851076186,1.0,0.0,0.0,54.0
1431.677746598574,1.0,0.0,0.0,54.0
1431.977746598574,1.0,0.0,0.0,54.0
1431.978642120962,1.0,0.0,0.0,54.0
1432.2786421209619,1.0,0.0,0.0,54.0
1432.2795376433498,1.0,0.0,0.0,54.0
1432.5795376433498,1.0,0.0,0.0,54.0
1432.5804331657378,1.0,0.0,0.0,54.0
1432.8804331657377,1.0,0.0,0.0,54.0
1432.8813286881257,1.0,0.0,0.0,54.0
1433.1813286881256,1.0,0.0,0.0,54.0
1433.1822242105136,1.0,0.0,0.0,54.0
1433.4822242105136,1.0,0.0,0.0,54.0
1433.4831197329015,1.0,0.0,0.0,54.0
1433.7831197329015,1.0,0.0,0.0,54.0
1433.7840020858428,1.0,0.0,0.0,54.0
1434.0840020858427,1.0,0.0,0.0,54.0
1434.084884438784,1.0,0.0,0.0,54.0
1434.384884438784,1.0,0.0,0.0,54.0
1434.3857667917252,1.0,0.0,0.0,54.0
1434.6857667917252,1.0,0.0,0.0,54.0
1434.6866363569427,1.0,0.0,0.0,54.0
1434.9866363569427,1.0,0.0,0.0,54.0
1434.9875059221602,1.0,0.0,0.0,54.0
1435.28750592216,1.0,0.0,0.0,54.0
1435.2883754873776,1.0,0.0,0.0,54.0
1435.5883754873776,1.0,0.0,0.0,54.0
1435.589245052595,1.0,0.0,0.0,54.0
1435.889245052595,1.0,0.0,0.0,54.0
1435.8901146178125,1.0,0.0,0.0,54.0
1436.1901146178125,1.0,0.0,0.0,54.0
1436.19098418303,1.0,0.0,0.0,54.0
1436.49098418303,1.0,0.0,0.0,54.0
1436.4918537482474,1.0,0.0,0.0,54.0
1436.7918537482474,1.0,0.0,0.0,54.0
1436.7927233134649,1.0,0.0,0.0,54.0
1437.0927233134648,1.0,0.0,0.0,54.0
1437.0935928786823,1.0,0.0,0.0,54.0
1437.3935928786823,1.0,0.0,0.0,54.0
1437.3944624438998,1.0,5.0,0.0,54.0
1437.6944624438997,1.0,5.0,0.0,54.0
1437.6953320091172,1.0,5.0,0.0,54.0
1437.9953320091172,1.0,5.0,0.0,54.0
1437.9962015743347,1.0,5.0,0.0,54.0
1438.2962015743346,1.0,5.0,0.0,54.0
1438.2970711395521,1.0,5.0,0.0,54.0
1438.597071139552,1.0,5.0,0.0,54.0
1438.5979407047696,1.0,5.0,0.0,54.0
1438.8979407047696,1.0,5.0,0.0,54.0
1438.898810269987,1.0,5.0,0.0,54.0
1439.198810269987,1.0,5.0,0.0,54.0
1439.1996798352045,1.0,5.0,0.0,54.0
1439.4996798352045,1.0,5.0,0.0,54.0
1439.500549400422,1.0,5.0,0.0,54.0
1439.800549400422,1.0,5.0,0.0,54.0
1439.8014189656394,1.0,5.0,0.0,54.0
1440.1014189656394,1.0,5.0,0.0,54.0
1440.1022885308569,1.0,5.0,0.0,54.0
1440.4022885308568,1.0,5.0,0.0,54.0
1440.4031580960743,1.0,5.0,0.0,54.0
1440.7031580960743,1.0,5.0,0.0,54.0
1440.7040276612918,1.0,5.0,0.0,54.0
1441.0040276612917,1.0,5.0,0.0,54.0
1441.0048972265092,1.0,5.0,0.0,54.0
1441.3048972265092,1.0,5.0,0.0,54.0
1441.3057667917267,1.0,5.0,0.0,54.0
1441.6057667917266,1.0,5.0,0.0,54.0
1441.6066363569441,1.0,3.0,0.0,55.0
1441.906636356944,1.0,3.0,0.0,55.0
1441.9075059221616,1.0,3.0,0.0,55.0
1442.2075059221615,1.0,3.0,0.0,55.0
1442.208375487379,1.0,3.0,0.0,55.0
1442.508375487379,1.0,3.0,0.0,55.0
1442.5092450525965,1.0,3.0,0.0,55.0
1442.8092450525965,1.0,3.0,0.0,55.0
1442.810114617814,1.0,3.0,0.0,55.0
1443.110114617814,1.0,3.0,0.0,55.0
1443.1109841830314,1.0,3.0,0.0,55.0
1443.4109841830314,1.0,3.0,0.0,55.0
1443.4118537482489,1.0,3.0,0.0,55.0
1443.7118537482488,1.0,3.0,0.0,55.0
1443.7127233134663,1.0,3.0,0.0,55.0
1444.0127233134663,1.0,3.0,0.0,55.0
1444.0135928786838,1.0,3.0,0.0,55.0
1444.3135928786837,1.0,3.0,0.0,55.0
1444.3144624439012,1.0,3.0,0.0,55.0
1444.6144624439012,1.0,3.0,0.0,55.0
1444.6153320091187,1.0,3.0,0.0,55.0
1444.9153320091186,1.0,3.0,0.0,55.0
1444.9162015743361,1.0,3.0,0.0,55.0
1445.216201574336,1.0,3.0,0.0,55.0
1445.2170711395536,1.0,3.0,0.0,55.0
1445.5170711395535,1.0,3.0,0.0,55.0
1445.517940704771,1.0,3.0,0.0,55.0
1445.817940704771,1.0,3.0,0.0,55.0
1445.8188102699885,1.0,1.0,0.0,56.0
1446.1188102699884,1.0,1.0,0.0,56.0
1446.119679835206,1.0,1.0,0.0,56.0
1446.419679835206,1.0,1.0,0.0,56.0
1446.4205494004234,1.0,1.0,0.0,56.0
1446.7205494004234,1.0,1.0,0.0,56.0
1446.7214189656409,1.0,1.0,0.0,56.0
1447.0214189656408,1.0,1.0,0.0,56.0
1447.0222885308583,1.0,1.0,0.0,56.0
1447.3222885308583,1.0,1.0,0.0,56.0
1447.3231580960758,1.0,1.0,0.0,56.0
1447.6231580960757,1.0,1.0,0.0,56.0
1447.6240276612932,1.0,1.0,0.0,56.0
1447.9240276612932,1.0,1.0,0.0,56.0
1447.9248972265107,1.0,1.0,0.0,56.0
1448.2248972265106,1.0,1.0,0.0,56.0
1448.2257667917281,1.0,1.0,0.0,56.0
1448.525766791728,1.0,1.0,0.0,56.0
1448.5266363569456,1.0,1.0,0.0,56.0
1448.8266363569455,1.0,1.0,0.0,56.0
1448.827505922163,1.0,1.0,0.0,56.0
1449.127505922163,1.0,1.0,0.0,56.0
1449.1283754873805,1.0,1.0,0.0,56.0
1449.4283754873804,1.0,1.0,0.0,56.0
1449.429245052598,1.0,1.0,0.0,56.0
1449.729245052598,1.0,1.0,0.0,56.0
1449.7301146178154,1.0,1.0,0.0,56.0
1450.0301146178153,1.0,1.0,0.0,56.0
1450.0309841830328,1.0,1.0,0.0,56.0
1450.3309841830328,1.0,1.0,0.0,56.0
1450.3318537482503,1.0,1.0,0.0,56.0
1450.6318537482503,1.0,1.0,0.0,56.0
1450.6327233134677,1.0,1.0,0.0,56.0
1450.9327233134677,1.0,1.0,0.0,56.0
1450.9335928786852,1.0,1.0,0.0,56.0
1451.2335928786852,1.0,1.0,0.0,56.0
1451.2344624439027,1.0,1.0,0.0,56.0
1451.5344624439026,1.0,1.0,0.0,56.0
1451.53533200912,1.0,1.0,0.0,56.0
1451.83533200912,1.0,1.0,0.0,56.0
1451.8362015743376,1.0,1.0,0.0,56.0
1452.1362015743375,1.0,1.0,0.0,56.0
1452.137071139555,1.0,1.0,0.0,56.0
1452.437071139555,1.0,1.0,0.0,56.0
1452.4379407047725,1.0,1.0,0.0,56.0
1452.7379407047724,1.0,1.0,0.0,56.0
1452.73881026999,1.0,1.0,0.0,56.0
1453.0388102699899,1.0,1.0,0.0,56.0
1453.0396798352074,1.0,1.0,0.0,56.0
1453.3396798352073,1.0,1.0,0.0,56.0
1453.3405494004248,1.0,1.0,0.0,56.0
1453.6405494004248,1.0,1.0,0.0,56.0
1453.6414189656423,1.0,1.0,0.0,56.0
1453.9414189656422,1.0,1.0,0.0,56.0
1453.9422885308597,1.0,1.0,0.0,56.0
1454.2422885308597,1.0,1.0,0.0,56.0
1454.2431580960772,1.0,1.0,0.0,56.0
1454.5431580960771,1.0,1.0,0.0,56.0
1454.5440276612946,1.0,1.0,0.0,56.0
1454.8440276612946,1.0,1.0,0.0,56.0
1454.844897226512,1.0,1.0,0.0,56.0
1455.144897226512,1.0,1.0,0.0,56.0
1455.1457667917296,1.0,1.0,0.0,56.0
1455.4457667917295,1.0,1.0,0.0,56.0
1455.446636356947,1.0,1.0,0.0,56.0
1455.746636356947,1.0,1.0,0.0,56.0
1455.7475059221645,1.0,1.0,0.0,56.0
1456.0475059221644,1.0,1.0,0.0,56.0
1456.048375487382,1.0,1.0,0.0,56.0
1456.3483754873819,1.0,1.0,0.0,56.0
1456.3492450525994,1.0,1.0,0.0,56.0
1456.6492450525993,1.0,1.0,0.0,56.0
1456.6501146178168,1.0,1.0,0.0,56.0
1456.9501146178168,1.0,1.0,0.0,56.0
1456.9509841830343,1.0,1.0,0.0,56.0
1457.2509841830342,1.0,1.0,0.0,56.0
1457.2518537482517,1.0,1.0,0.0,56.0
1457.5518537482517,1.0,1.0,0.0,56.0
1457.5527233134692,1.0,1.0,0.0,56.0
1457.8527233134691,1.0,1.0,0.0,56.0
1457.8535928786866,1.0,1.0,0.0,56.0
1458.1535928786866,1.0,1.0,0.0,56.0
1458.154462443904,1.0,1.0,0.0,56.0
1458.454462443904,1.0,1.0,0.0,56.0
1458.4553320091215,1.0,1.0,0.0,56.0
1458.7553320091215,1.0,1.0,0.0,56.0
1458.756201574339,1.0,1.0,0.0,56.0
1459.056201574339,1.0,1.0,0.0,56.0
1459.0570711395565,1.0,1.0,0.0,56.0
1459.3570711395564,1.0,1.0,0.0,56.0
1459.357940704774,1.0,1.0,0.0,56.0
1459.6579407047739,1.0,1.0,0.0,56.0
1459.6588102699914,1.0,1.0,0.0,56.0
1459.9588102699913,1.0,1.0,0.0,56.0
1459.9596798352088,1.0,1.0,0.0,56.0
1460.2596798352088,1.0,1.0,0.0,56.0
1460.2605494004263,1.0,1.0,0.0,56.0
1460.5605494004262,1.0,1.0,0.0,56.0
1460.5614189656437,1.0,1.0,0.0,56.0
1460.8614189656437,1.0,1.0,0.0,56.0
1460.8622885308612,1.0,1.0,0.0,56.0
1461.1622885308611,1.0,1.0,0.0,56.0
1461.1631580960786,1.0,1.0,0.0,56.0
1461.4631580960786,1.0,1.0,0.0,56.0
1461.464027661296,1.0,1.0,0.0,56.0
1461.764027661296,1.0,1.0,0.0,56.0
1461.7648972265135,1.0,1.0,0.0,56.0
1462.0648972265135,1.0,1.0,0.0,56.0
1462.065766791731,1.0,1.0,0.0,56.0
1462.365766791731,1.0,1.0,0.0,56.0
1462.3666363569484,1.0,1.0,0.0,56.0
1462.6666363569484,1.0,1.0,0.0,56.0
1462.667505922166,1.0,1.0,0.0,56.0
1462.9675059221659,1.0,1.0,0.0,56.0
1462.9683754873834,1.0,1.0,0.0,56.0
1463.2683754873833,1.0,1.0,0.0,56.0
1463.2692450526008,1.0,1.0,0.0,56.0
1463.5692450526008,1.0,1.0,0.0,56.0
1463.5701146178183,1.0,1.0,0.0,56.0
1463.8701146178182,1.0,1.0,0.0,56.0
1463.8709841830357,1.0,1.0,0.0,56.0
1464.1709841830357,1.0,1.0,0.0,56.0
1464.1718537482532,1.0,1.0,0.0,56.0
1464.4718537482531,1.0,1.0,0.0,56.0
1464.4727233134706,1.0,1.0,0.0,56.0
1464.7727233134706,1.0,1.0,0.0,56.0
1464.773592878688,1.0,1.0,0.0,56.0
1465.073592878688,1.0,1.0,0.0,56.0
1465.0744624439055,1.0,1.0,0.0,56.0
1465.3744624439055,1.0,1.0,0.0,56.0
1465.375332009123,1.0,1.0,0.0,56.0
1465.675332009123,1.0,1.0,0.0,56.0
1465.6762015743404,1.0,1.0,0.0,56.0
1465.9762015743404,1.0,1.0,0.0,56.0
1465.977071139558,1.0,1.0,0.0,56.0
1466.2770711395578,1.0,1.0,0.0,56.0
1466.2779407047753,1.0,1.0,0.0,56.0
1466.5779407047753,1.0,1.0,0.0,56.0
1466.5788102699928,1.0,1.0,0.0,56.0
1466.8788102699928,1.0,1.0,0.0,56.0
1466.8796798352103,1.0,1.0,0.0,56.0
1467.1796798352102,1.0,1.0,0.0,56.0
1467.1805494004277,1.0,1.0,0.0,56.0
1467.4805494004277,1.0,1.0,0.0,56.0
1467.4814189656452,1.0,1.0,0.0,56.0
1467.7814189656451,1.0,1.0,0.0,56.0
1467.7822885308626,1.0,1.0,0.0,56.0
1468.0822885308626,1.0,1.0,0.0,56.0
1468.08315809608,1.0,1.0,0.0,56.0
1468.38315809608,1.0,1.0,0.0,56.0
1468.3840276612975,1.0,1.0,0.0,56.0
1468.6840276612975,1.0,1.0,0.0,56.0
1468.684897226515,1.0,1.0,0.0,56.0
1468.984897226515,1.0,1.0,0.0,56.0
1468.9857667917324,1.0,1.0,0.0,56.0
1469.2857667917324,1.0,1.0,0.0,56.0
1469.2866363569499,1.0,1.0,0.0,56.0
1469.5866363569498,1.0,1.0,0.0,56.0
1469.5875059221673,1.0,1.0,0.0,56.0
1469.8875059221673,1.0,1.0,0.0,56.0
1469.8883754873848,1.0,1.0,0.0,56.0
1470.1883754873847,1.0,1.0,0.0,56.0
1470.1892450526022,1.0,1.0,0.0,56.0
1470.4892450526022,1.0,1.0,0.0,56.0
1470.4901146178197,1.0,1.0,0.0,56.0
1470.7901146178197,1.0,1.0,0.0,56.0
1470.7909841830372,1.0,1.0,0.0,56.0
1471.090984183037,1.0,1.0,0.0,56.0
1471.0918537482546,1.0,1.0,0.0,56.0
1471.3918537482546,1.0,1.0,0.0,56.0
1471.392723313472,1.0,1.0,0.0,56.0
1471.692723313472,1.0,1.0,0.0,56.0
1471.6935928786895,1.0,1.0,0.0,56.0
1471.9935928786895,1.0,1.0,0.0,56.0
1471.994462443907,1.0,1.0,0.0,56.0
1472.294462443907,1.0,1.0,0.0,56.0
1472.2953320091244,1.0,1.0,0.0,56.0
1472.5953320091244,1.0,1.0,0.0,56.0
1472.5962015743419,1.0,1.0,0.0,56.0
1472.8962015743418,1.0,1.0,0.0,56.0
1472.8970711395593,1.0,1.0,0.0,56.0
1473.1970711395593,1.0,1.0,0.0,56.0
1473.1979407047768,1.0,1.0,0.0,56.0
1473.4979407047767,1.0,1.0,0.0,56.0
1473.4988102699942,1.0,1.0,0.0,56.0
1473.7988102699942,1.0,1.0,0.0,56.0
1473.7996798352117,1.0,1.0,0.0,56.0
1474.0996798352116,1.0,1.0,0.0,56.0
1474.1005494004291,1.0,1.0,0.0,56.0
1474.400549400429,1.0,1.0,0.0,56.0
1474.4014189656466,1.0,1.0,0.0,56.0
1474.7014189656466,1.0,1.0,0.0,56.0
1474.702288530864,1.0,1.0,0.0,56.0
1475.002288530864,1.0,1.0,0.0,56.0
1475.0031580960815,1.0,1.0,0.0,56.0
1475.3031580960815,1.0,1.0,0.0,56.0
1475.304027661299,1.0,1.0,0.0,56.0
1475.604027661299,1.0,1.0,0.0,56.0
1475.6048972265164,1.0,1.0,0.0,56.0
1475.9048972265164,1.0,1.0,0.0,56.0
1475.9057667917339,1.0,1.0,0.0,56.0
1476.2057667917338,1.0,1.0,0.0,56.0
1476.2066363569513,1.0,1.0,0.0,56.0
1476.5066363569513,1.0,1.0,0.0,56.0
1476.5075059221688,1.0,1.0,0.0,56.0
1476.8075059221687,1.0,1.0,0.0,56.0
1476.8083754873862,1.0,1.0,0.0,56.0
1477.1083754873862,1.0,1.0,0.0,56.0
1477.1092450526037,1.0,1.0,0.0,56.0
1477.4092450526036,1.0,1.0,0.0,56.0
1477.4101146178211,1.0,1.0,0.0,56.0
1477.710114617821,1.0,1.0,0.0,56.0
1477.7109841830386,1.0,1.0,0.0,56.0
1478.0109841830385,1.0,1.0,0.0,56.0
1478.011853748256,1.0,1.0,0.0,56.0
1478.311853748256,1.0,1.0,0.0,56.0
1478.3127233134735,1.0,1.0,0.0,56.0
1478.6127233134735,1.0,1.0,0.0,56.0
1478.613592878691,1.0,1.0,0.0,56.0
1478.913592878691,1.0,1.0,0.0,56.0
1478.914450021548,1.0,1.0,0.0,56.0
1479.214450021548,1.0,1.0,0.0,56.0
1479.215307164405,1.0,1.0,0.0,56.0
1479.515307164405,1.0,1.0,0.0,56.0
1479.516164307262,1.0,1.0,0.0,56.0
1479.816164307262,1.0,1.0,0.0,56.0
1479.817021450119,1.0,1.0,0.0,56.0
1480.117021450119,1.0,1.0,0.0,56.0
1480.117878592976,1.0,1.0,0.0,56.0
1480.417878592976,1.0,1.0,0.0,56.0
1480.418735735833,1.0,1.0,0.0,56.0
1480.718735735833,1.0,1.0,0.0,56.0
1480.71959287869,1.0,1.0,0.0,56.0
1481.01959287869,1.0,1.0,0.0,56.0
1481.020450021547,1.0,1.0,0.0,56.0
1481.320450021547,1.0,1.0,0.0,56.0
1481.321307164404,1.0,1.0,0.0,56.0
1481.621307164404,1.0,1.0,0.0,56.0
1481.622164307261,1.0,1.0,0.0,56.0
1481.922164307261,1.0,1.0,0.0,56.0
1481.923021450118,1.0,1.0,0.0,56.0
1482.223021450118,1.0,1.0,0.0,56.0
1482.223878592975,1.0,1.0,0.0,56.0
1482.523878592975,1.0,1.0,0.0,56.0
1482.524735735832,1.0,1.0,0.0,56.0
1482.824735735832,1.0,1.0,0.0,56.0
1482.8255928786891,1.0,1.0,0.0,56.0
1483.125592878689,1.0,1.0,0.0,56.0
1483.1264500215461,1.0,1.0,0.0,56.0
1483.426450021546,1.0,1.0,0.0,56.0
1483.4273071644031,1.0,1.0,0.0,56.0
1483.727307164403,1.0,1.0,0.0,56.0
1483.7281643072602,1.0,1.0,0.0,56.0
1484.02816430726,1.0,1.0,0.0,56.0
1484.0290214501172,1.0,1.0,0.0,56.0
1484.3290214501171,1.0,1.0,0.0,56.0
1484.3298785929742,1.0,1.0,0.0,56.0
1484.6298785929741,1.0,1.0,0.0,56.0
1484.6307357358312,1.0,1.0,0.0,56.0
1484.9307357358311,1.0,1.0,0.0,56.0
1484.9315928786882,1.0,1.0,0.0,56.0
1485.2315928786882,1.0,1.0,0.0,56.0
1485.2324500215452,1.0,1.0,0.0,56.0
1485.5324500215452,1.0,1.0,0.0,56.0
1485.5333071644022,1.0,1.0,0.0,56.0
1485.8333071644022,1.0,1.0,0.0,56.0
1485.8341643072592,1.0,1.0,0.0,56.0
1486.1341643072592,1.0,1.0,0.0,56.0
1486.1350214501163,1.0,1.0,0.0,56.0
1486.4350214501162,1.0,1.0,0.0,56.0
1486.4358785929733,1.0,1.0,0.0,56.0
1486.7358785929732,1.0,1.0,0.0,56.0
1486.7367357358303,1.0,1.0,0.0,56.0
1487.0367357358302,1.0,1.0,0.0,56.0
1487.0375928786873,1.0,1.0,0.0,56.0
1487.3375928786872,1.0,1.0,0.0,56.0
1487.3384500215443,1.0,1.0,0.0,56.0
1487.6384500215443,1.0,1.0,0.0,56.0
1487.6393071644013,1.0,1.0,0.0,56.0
1487.9393071644013,1.0,1.0,0.0,56.0
1487.9401643072583,1.0,1.0,0.0,56.0
1488.2401643072583,1.0,1.0,0.0,56.0
1488.2410214501153,1.0,1.0,0.0,56.0
1488.5410214501153,1.0,1.0,0.0,56.0
1488.5418785929724,1.0,1.0,0.0,56.0
1488.8418785929723,1.0,1.0,0.0,56.0
1488.8427357358294,1.0,1.0,0.0,56.0
1489.1427357358293,1.0,1.0,0.0,56.0
1489.1435928786864,1.0,1.0,0.0,56.0
1489.4435928786863,1.0,1.0,0.0,56.0
1489.4444500215434,1.0,1.0,0.0,56.0
1489.7444500215433,1.0,1.0,0.0,56.0
1489.7453071644004,1.0,1.0,0.0,56.0
1490.0453071644004,1.0,1.0,0.0,56.0
1490.0461522348228,1.0,1.0,0.0,56.0
1490.3461522348227,1.0,1.0,0.0,56.0
1490.3469973052452,1.0,1.0,0.0,56.0
1490.6469973052451,1.0,1.0,0.0,56.0
1490.6478423756676,1.0,1.0,0.0,56.0
1490.9478423756675,1.0,1.0,0.0,56.0
1490.94868744609,1.0,1.0,0.0,56.0
1491.24868744609,1.0,1.0,0.0,56.0
1491.2495325165123,1.0,1.0,0.0,56.0
1491.5495325165123,1.0,1.0,0.0,56.0
1491.5503775869347,1.0,1.0,0.0,56.0
1491.8503775869347,1.0,1.0,0.0,56.0
1491.851222657357,1.0,1.0,0.0,56.0
1492.151222657357,1.0,1.0,0.0,56.0
1492.1520677277795,1.0,1.0,0.0,56.0
1492.4520677277794,1.0,1.0,0.0,56.0
1492.4529127982019,1.0,1.0,0.0,56.0
1492.7529127982018,1.0,1.0,0.0,56.0
1492.7537578686242,1.0,1.0,0.0,56.0
1493.0537578686242,1.0,1.0,0.0,56.0
1493.0546029390466,1.0,1.0,0.0,56.0
1493.3546029390466,1.0,1.0,0.0,56.0
1493.355448009469,1.0,1.0,0.0,56.0
1493.655448009469,1.0,1.0,0.0,56.0
1493.6562930798914,1.0,1.0,0.0,56.0
1493.9562930798913,1.0,1.0,0.0,56.0
1493.9571381503138,1.0,1.0,0.0,56.0
1494.2571381503137,1.0,1.0,0.0,56.0
1494.2579832207362,1.0,1.0,0.0,56.0
1494.557983220736,1.0,1.0,0.0,56.0
1494.5588282911585,1.0,1.0,0.0,56.0
1494.8588282911585,1.0,1.0,0.0,56.0
1494.859673361581,1.0,1.0,0.0,56.0
1495.1596733615809,1.0,1.0,0.0,56.0
1495.1605184320033,1.0,1.0,0.0,56.0
1495.4605184320033,1.0,1.0,0.0,56.0
1495.4613635024257,1.0,1.0,0.0,56.0
1495.7613635024256,1.0,1.0,0.0,56.0
1495.762208572848,1.0,1.0,0.0,56.0
1496.062208572848,1.0,1.0,0.0,56.0
1496.0630536432705,1.0,1.0,0.0,56.0
1496.3630536432704,1.0,1.0,0.0,56.0
1496.3638987136928,1.0,1.0,0.0,56.0
1496.6638987136928,1.0,1.0,0.0,56.0
1496.6647437841152,1.0,1.0,0.0,56.0
1496.9647437841152,1.0,1.0,0.0,56.0
1496.9655888545376,1.0,1.0,0.0,56.0
1497.2655888545376,1.0,1.0,0.0,56.0
1497.26643392496,1.0,1.0,0.0,56.0
1497.56643392496,1.0,1.0,0.0,56.0
1497.5672789953824,1.0,1.0,0.0,56.0
1497.8672789953823,1.0,1.0,0.0,56.0
1497.8681240658047,1.0,1.0,0.0,56.0
1498.1681240658047,1.0,1.0,0.0,56.0
1498.1689691362271,1.0,1.0,0.0,56.0
1498.468969136227,1.0,1.0,0.0,56.0
1498.4698142066495,1.0,1.0,0.0,56.0
1498.7698142066495,1.0,1.0,0.0,56.0
1498.770659277072,1.0,1.0,0.0,56.0
1499.0706592770719,1.0,1.0,0.0,56.0
1499.0715043474943,1.0,1.0,0.0,56.0
1499.3715043474942,1.0,1.0,0.0,56.0
1499.3723494179167,1.0,1.0,0.0,56.0
1499.6723494179166,1.0,1.0,0.0,56.0
1499.673194488339,1.0,1.0,0.0,56.0
1499.973194488339,1.0,1.0,0.0,56.0
1499.9740395587614,1.0,1.0,0.0,56.0
1500.2740395587614,1.0,1.0,0.0,56.0
1500.2748846291838,1.0,1.0,0.0,56.0
1500.5748846291838,1.0,1.0,0.0,56.0
1500.5757296996062,1.0,1.0,0.0,56.0
1500.8757296996062,1.0,1.0,0.0,56.0
1500.8765747700286,1.0,1.0,0.0,56.0
1501.1765747700285,1.0,1.0,0.0,56.0
1501.177419840451,1.0,1.0,0.0,56.0
1501.477419840451,1.0,1.0,0.0,56.0
1501.4782649108733,1.0,1.0,0.0,56.0
1501.7782649108733,1.0,1.0,0.0,56.0
1501.7791099812957,1.0,1.0,0.0,56.0
1502.0791099812957,1.0,1.0,0.0,56.0
1502.0799550517181,1.0,1.0,0.0,56.0
1502.379955051718,1.0,1.0,0.0,56.0
1502.3808001221405,1.0,1.0,0.0,56.0
1502.6808001221405,1.0,1.0,0.0,56.0
1502.6816451925629,1.0,1.0,0.0,56.0
1502.9816451925628,1.0,1.0,0.0,56.0
1502.9824902629853,1.0,1.0,0.0,56.0
1503.2824902629852,1.0,1.0,0.0,56.0
1503.2833353334076,1.0,1.0,0.0,56.0
1503.5833353334076,1.0,1.0,0.0,56.0
1503.58418040383,1.0,1.0,0.0,56.0
1503.88418040383,1.0,1.0,0.0,56.0
1503.8850254742524,1.0,1.0,0.0,56.0
1504.1850254742524,1.0,1.0,0.0,56.0
1504.1858705446748,1.0,1.0,0.0,56.0
1504.4858705446748,1.0,1.0,0.0,56.0
1504.4867156150972,1.0,1.0,0.0,56.0
1504.7867156150971,1.0,1.0,0.0,56.0
1504.7875606855196,1.0,1.0,0.0,56.0
1505.0875606855195,1.0,1.0,0.0,56.0
1505.088405755942,1.0,1.0,0.0,56.0
1505.388405755942,1.0,1.0,0.0,56.0
1505.3892508263643,1.0,1.0,0.0,56.0
1505.6892508263643,1.0,1.0,0.0,56.0
1505.6900958967867,1.0,1.0,0.0,56.0
1505.9900958967867,1.0,1.0,0.0,56.0
1505.990940967209,1.0,1.0,0.0,56.0
1506.290940967209,1.0,1.0,0.0,56.0
1506.2917860376315,1.0,1.0,0.0,56.0
1506.5917860376314,1.0,1.0,0.0,56.0
1506.5926311080539,1.0,1.0,0.0,56.0
1506.8926311080538,1.0,1.0,0.0,56.0
1506.8934761784762,1.0,1.0,0.0,56.0
1507.1934761784762,1.0,1.0,0.0,56.0
1507.1943212488986,1.0,1.0,0.0,56.0
1507.4943212488986,1.0,1.0,0.0,56.0
1507.495166319321,1.0,1.0,0.0,56.0
1507.795166319321,1.0,1.0,0.0,56.0
1507.7960113897434,1.0,1.0,0.0,56.0
1508.0960113897434,1.0,1.0,0.0,56.0
1508.0968564601658,1.0,1.0,0.0,56.0
1508.3968564601657,1.0,1.0,0.0,56.0
1508.3977015305882,1.0,1.0,0.0,56.0
1508.6977015305881,1.0,1.0,0.0,56.0
1508.6985466010105,1.0,1.0,0.0,56.0
1508.9985466010105,1.0,1.0,0.0,56.0
1508.999391671433,1.0,1.0,0.0,56.0
1509.2993916714329,1.0,1.0,0.0,56.0
1509.3002367418553,1.0,1.0,0.0,56.0
1509.6002367418553,1.0,1.0,0.0,56.0
1509.6010818122777,1.0,1.0,0.0,56.0
1509.9010818122777,1.0,1.0,0.0,56.0
1509.9019268827,1.0,1.0,0.0,56.0
1510.2019268827,1.0,1.0,0.0,56.0
1510.2027719531225,1.0,1.0,0.0,56.0
1510.5027719531224,1.0,1.0,0.0,56.0
1510.5036170235448,1.0,1.0,0.0,56.0
1510.8036170235448,1.0,1.0,0.0,56.0
1510.8044620939672,1.0,1.0,0.0,56.0
1511.1044620939672,1.0,1.0,0.0,56.0
1511.1053071643896,1.0,1.0,0.0,56.0
1511.4053071643896,1.0,1.0,0.0,56.0
1511.406152234812,1.0,1.0,0.0,56.0
1511.706152234812,1.0,1.0,0.0,56.0
1511.7069973052344,1.0,1.0,0.0,56.0
1512.0069973052343,1.0,1.0,0.0,56.0
1512.0078423756568,1.0,1.0,0.0,56.0
1512.3078423756567,1.0,1.0,0.0,56.0
1512.3086874460791,1.0,1.0,0.0,56.0
1512.608687446079,1.0,1.0,0.0,56.0
1512.6095325165015,1.0,1.0,0.0,56.0
1512.9095325165015,1.0,1.0,0.0,56.0
1512.910377586924,1.0,1.0,0.0,56.0
1513.2103775869239,1.0,1.0,0.0,56.0
1513.2112226573463,1.0,1.0,0.0,56.0
1513.5112226573463,1.0,1.0,0.0,56.0
1513.5120677277687,1.0,1.0,0.0,56.0
1513.8120677277686,1.0,1.0,0.0,56.0
1513.812912798191,1.0,1.0,0.0,56.0
1514.112912798191,1.0,1.0,0.0,56.0
1514.1137578686134,1.0,1.0,0.0,56.0
1514.4137578686134,1.0,1.0,0.0,56.0
1514.4146029390358,1.0,1.0,0.0,56.0
1514.7146029390358,1.0,1.0,0.0,56.0
1514.7154480094582,1.0,1.0,0.0,56.0
1515.0154480094582,1.0,1.0,0.0,56.0
1515.0162930798806,1.0,1.0,0.0,56.0
1515.3162930798806,1.0,1.0,0.0,56.0
1515.317138150303,1.0,1.0,0.0,56.0
1515.617138150303,1.0,1.0,0.0,56.0
1515.6179832207254,1.0,1.0,0.0,56.0
1515.9179832207253,1.0,1.0,0.0,56.0
1515.9188282911477,1.0,1.0,0.0,56.0
1516.2188282911477,1.0,1.0,0.0,56.0
1516.2196733615701,1.0,1.0,0.0,56.0
1516.51967336157,1.0,1.0,0.0,56.0
1516.5205184319925,1.0,1.0,0.0,56.0
1516.8205184319925,1.0,1.0,0.0,56.0
1516.821363502415,1.0,1.0,0.0,56.0
1517.1213635024149,1.0,1.0,0.0,56.0
1517.1222085728373,1.0,1.0,0.0,56.0
1517.4222085728372,1.0,1.0,0.0,56.0
1517.4230536432597,1.0,1.0,0.0,56.0
1517.7230536432596,1.0,1.0,0.0,56.0
1517.723898713682,1.0,1.0,0.0,56.0
1518.023898713682,1.0,1.0,0.0,56.0
1518.0247437841044,1.0,1.0,0.0,56.0
1518.3247437841044,1.0,1.0,0.0,56.0
1518.3255888545268,1.0,1.0,0.0,56.0
1518.6255888545268,1.0,1.0,0.0,56.0
1518.6264339249492,1.0,1.0,0.0,56.0
1518.9264339249492,1.0,1.0,0.0,56.0
1518.9272789953716,1.0,1.0,0.0,56.0
1519.2272789953715,1.0,1.0,0.0,56.0
1519.228124065794,1.0,1.0,0.0,56.0
1519.528124065794,1.0,1.0,0.0,56.0
1519.5289691362163,1.0,1.0,0.0,56.0
1519.8289691362163,1.0,1.0,0.0,56.0
1519.8298142066387,1.0,1.0,0.0,56.0
1520.1298142066387,1.0,1.0,0.0,56.0
1520.130659277061,1.0,1.0,0.0,56.0
1520.430659277061,1.0,1.0,0.0,56.0
1520.4315043474835,1.0,1.0,0.0,56.0
1520.7315043474835,1.0,1.0,0.0,56.0
1520.7323494179059,1.0,1.0,0.0,56.0
1521.0323494179058,1.0,1.0,0.0,56.0
1521.0331944883283,1.0,1.0,0.0,56.0
1521.3331944883282,1.0,1.0,0.0,56.0
1521.3340395587506,1.0,1.0,0.0,56.0
1521.6340395587506,1.0,1.0,0.0,56.0
1521.634884629173,1.0,1.0,0.0,56.0
1521.934884629173,1.0,1.0,0.0,56.0
1521.9357296995954,1.0,1.0,0.0,56.0
1522.2357296995954,1.0,1.0,0.0,56.0
1522.2365747700178,1.0,1.0,0.0,56.0
1522.5365747700178,1.0,1.0,0.0,56.0
1522.5374198404402,1.0,1.0,0.0,56.0
1522.8374198404401,1.0,1.0,0.0,56.0
1522.8382649108626,1.0,1.0,0.0,56.0
1523.1382649108625,1.0,1.0,0.0,56.0
1523.139109981285,1.0,1.0,0.0,56.0
1523.439109981285,1.0,1.0,0.0,56.0
1523.4399550517073,1.0,1.0,0.0,56.0
1523.7399550517073,1.0,1.0,0.0,56.0
1523.7408001221297,1.0,1.0,0.0,56.0
1524.0408001221297,1.0,1.0,0.0,56.0
1524.041645192552,1.0,1.0,0.0,56.0
1524.341645192552,1.0,1.0,0.0,56.0
1524.3424902629745,1.0,1.0,0.0,56.0
1524.6424902629744,1.0,1.0,0.0,56.0
1524.6433353333969,1.0,1.0,0.0,56.0
1524.9433353333968,1.0,1.0,0.0,56.0
1524.9441804038192,1.0,1.0,0.0,56.0
1525.2441804038192,1.0,1.0,0.0,56.0
1525.2450254742416,1.0,1.0,0.0,56.0
1525.5450254742416,1.0,1.0,0.0,56.0
1525.545870544664,1.0,1.0,0.0,56.0
1525.845870544664,1.0,1.0,0.0,56.0
1525.8467156150864,1.0,6.0,0.0,56.0
1526.1467156150864,1.0,6.0,0.0,56.0
1526.1475606855088,1.0,6.0,0.0,56.0
1526.4475606855087,1.0,6.0,0.0,56.0
1526.4484057559312,1.0,6.0,0.0,56.0
1526.7484057559311,1.0,6.0,0.0,56.0
1526.7492508263535,1.0,6.0,0.0,56.0
1527.0492508263535,1.0,6.0,0.0,56.0
1527.050095896776,1.0,6.0,0.0,56.0
1527.3500958967759,1.0,6.0,0.0,56.0
1527.3509409671983,1.0,6.0,0.0,56.0
1527.6509409671983,1.0,6.0,0.0,56.0
1527.6517860376207,1.0,6.0,0.0,56.0
1527.9517860376206,1.0,6.0,0.0,56.0
1527.952631108043,1.0,6.0,0.0,56.0
1528.252631108043,1.0,6.0,0.0,56.0
1528.2534761784655,1.0,6.0,0.0,56.0
1528.5534761784654,1.0,6.0,0.0,56.0
1528.5543212488878,1.0,6.0,0.0,56.0
1528.8543212488878,1.0,6.0,0.0,56.0
1528.8551663193102,1.0,6.0,0.0,56.0
1529.1551663193102,1.0,6.0,0.0,56.0
1529.1560113897326,1.0,6.0,0.0,56.0
1529.4560113897326,1.0,6.0,0.0,56.0
1529.456856460155,1.0,6.0,0.0,56.0
1529.756856460155,1.0,6.0,0.0,56.0
1529.7577015305774,1.0,6.0,0.0,56.0
1530.0577015305773,1.0,6.0,0.0,56.0
1530.0585466009998,1.0,6.0,0.0,56.0
1530.3585466009997,1.0,6.0,0.0,56.0
1530.3593916714221,1.0,6.0,0.0,56.0
1530.659391671422,1.0,6.0,0.0,56.0
1530.6602367418445,1.0,6.0,0.0,56.0
1530.9602367418445,1.0,6.0,0.0,56.0
1530.961081812267,1.0,6.0,0.0,56.0
1531.2610818122669,1.0,6.0,0.0,56.0
1531.2619268826893,1.0,6.0,0.0,56.0
1531.5619268826892,1.0,6.0,0.0,56.0
1531.5627719531117,1.0,6.0,0.0,56.0
1531.8627719531116,1.0,6.0,0.0,56.0
1531.863617023534,1.0,6.0,0.0,56.0
1532.163617023534,1.0,6.0,0.0,56.0
1532.1644620939564,1.0,6.0,0.0,56.0
1532.4644620939564,1.0,6.0,0.0,56.0
1532.4653071643788,1.0,6.0,0.0,56.0
1532.7653071643788,1.0,6.0,0.0,56.0
1532.7661522348012,1.0,6.0,0.0,56.0
1533.0661522348012,1.0,6.0,0.0,56.0
1533.0669973052236,1.0,6.0,0.0,56.0
1533.3669973052235,1.0,6.0,0.0,56.0
1533.367842375646,1.0,6.0,0.0,56.0
1533.667842375646,1.0,6.0,0.0,56.0
1533.6686874460684,1.0,6.0,0.0,56.0
1533.9686874460683,1.0,6.0,0.0,56.0
1533.9695325164907,1.0,6.0,0.0,56.0
1534.2695325164907,1.0,6.0,0.0,56.0
1534.2703775869131,1.0,6.0,0.0,56.0
1534.570377586913,1.0,6.0,0.0,56.0
1534.5712226573355,1.0,6.0,0.0,56.0
1534.8712226573355,1.0,6.0,0.0,56.0
1534.872067727758,1.0,6.0,0.0,56.0
1535.1720677277578,1.0,6.0,0.0,56.0
1535.1729127981803,1.0,6.0,0.0,56.0
1535.4729127981802,1.0,6.0,0.0,56.0
1535.4737578686027,1.0,6.0,0.0,56.0
1535.7737578686026,1.0,6.0,0.0,56.0
1535.774602939025,1.0,6.0,0.0,56.0
1536.074602939025,1.0,6.0,0.0,56.0
1536.0754480094474,1.0,6.0,0.0,56.0
1536.3754480094474,1.0,6.0,0.0,56.0
1536.3762930798698,1.0,6.0,0.0,56.0
1536.6762930798698,1.0,6.0,0.0,56.0
1536.6771381502922,1.0,6.0,0.0,56.0
1536.9771381502921,1.0,6.0,0.0,56.0
1536.9779832207146,1.0,6.0,0.0,56.0
1537.2779832207145,1.0,6.0,0.0,56.0
1537.278828291137,1.0,6.0,0.0,56.0
1537.578828291137,1.0,6.0,0.0,56.0
1537.5796733615593,1.0,6.0,0.0,56.0
1537.8796733615593,1.0,6.0,0.0,56.0
1537.8805184319817,1.0,4.0,0.0,57.0
1538.1805184319817,1.0,4.0,0.0,57.0
1538.181363502404,1.0,4.0,0.0,57.0
1538.481363502404,1.0,4.0,0.0,57.0
1538.4822085728265,1.0,4.0,0.0,57.0
1538.7822085728264,1.0,4.0,0.0,57.0
1538.7830536432489,1.0,4.0,0.0,57.0
1539.0830536432488,1.0,4.0,0.0,57.0
1539.0838987136713,1.0,4.0,0.0,57.0
1539.3838987136712,1.0,4.0,0.0,57.0
1539.3847437840936,1.0,4.0,0.0,57.0
1539.6847437840936,1.0,4.0,0.0,57.0
1539.6855771174269,1.0,4.0,0.0,57.0
1539.9855771174268,1.0,4.0,0.0,57.0
1539.98641045076,1.0,4.0,0.0,57.0
1540.28641045076,1.0,4.0,0.0,57.0
1540.2872437840933,1.0,4.0,0.0,57.0
1540.5872437840933,1.0,4.0,0.0,57.0
1540.5880771174266,1.0,4.0,0.0,57.0
1540.8880771174265,1.0,4.0,0.0,57.0
1540.8889104507598,1.0,4.0,0.0,57.0
1541.1889104507597,1.0,4.0,0.0,57.0
1541.189743784093,1.0,4.0,0.0,57.0
1541.489743784093,1.0,4.0,0.0,57.0
1541.4905771174263,1.0,4.0,0.0,57.0
1541.7905771174262,1.0,4.0,0.0,57.0
1541.7914104507595,1.0,4.0,0.0,57.0
1542.0914104507594,1.0,4.0,0.0,57.0
1542.0922437840927,1.0,4.0,0.0,57.0
1542.3922437840927,1.0,4.0,0.0,57.0
1542.393077117426,1.0,4.0,0.0,57.0
1542.693077117426,1.0,4.0,0.0,57.0
1542.6939104507592,1.0,4.0,0.0,57.0
1542.9939104507591,1.0,4.0,0.0,57.0
1542.9947437840924,1.0,4.0,0.0,57.0
1543.2947437840924,1.0,4.0,0.0,57.0
1543.2955771174256,1.0,4.0,0.0,57.0
1543.5955771174256,1.0,4.0,0.0,57.0
1543.5964104507589,1.0,4.0,0.0,57.0
1543.8964104507588,1.0,4.0,0.0,57.0
1543.897243784092,1.0,4.0,0.0,57.0
1544.197243784092,1.0,4.0,0.0,57.0
1544.1980771174253,1.0,4.0,0.0,57.0
1544.4980771174253,1.0,4.0,0.0,57.0
1544.4989104507586,1.0,4.0,0.0,57.0
1544.7989104507585,1.0,4.0,0.0,57.0
1544.7997323685668,1.0,4.0,0.0,57.0
1545.0997323685667,1.0,4.0,0.0,57.0
1545.100554286375,1.0,4.0,0.0,57.0
1545.400554286375,1.0,4.0,0.0,57.0
1545.4013762041832,1.0,4.0,0.0,57.0
1545.7013762041831,1.0,4.0,0.0,57.0
1545.7021981219914,1.0,4.0,0.0,57.0
1546.0021981219913,1.0,4.0,0.0,57.0
1546.0030200397996,1.0,4.0,0.0,57.0
1546.3030200397995,1.0,4.0,0.0,57.0
1546.3038419576078,1.0,4.0,0.0,57.0
1546.6038419576078,1.0,4.0,0.0,57.0
1546.604663875416,1.0,4.0,0.0,57.0
1546.904663875416,1.0,4.0,0.0,57.0
1546.9054857932242,1.0,4.0,0.0,57.0
1547.2054857932242,1.0,4.0,0.0,57.0
1547.2063077110324,1.0,4.0,0.0,57.0
1547.5063077110324,1.0,4.0,0.0,57.0
1547.5071296288406,1.0,4.0,0.0,57.0
1547.8071296288406,1.0,4.0,0.0,57.0
1547.8079515466488,1.0,4.0,0.0,57.0
1548.1079515466488,1.0,4.0,0.0,57.0
1548.108773464457,1.0,4.0,0.0,57.0
1548.408773464457,1.0,4.0,0.0,57.0
1548.4095953822653,1.0,4.0,0.0,57.0
1548.7095953822652,1.0,4.0,0.0,57.0
1548.7104173000735,1.0,4.0,0.0,57.0
1549.0104173000734,1.0,4.0,0.0,57.0
1549.0112392178817,1.0,4.0,0.0,57.0
1549.3112392178816,1.0,4.0,0.0,57.0
1549.3120611356899,1.0,4.0,0.0,57.0
1549.6120611356898,1.0,4.0,0.0,57.0
1549.612883053498,1.0,4.0,0.0,57.0
1549.912883053498,1.0,4.0,0.0,57.0
1549.9137049713063,1.0,4.0,0.0,57.0
1550.2137049713062,1.0,4.0,0.0,57.0
1550.2145268891145,1.0,4.0,0.0,57.0
1550.5145268891144,1.0,4.0,0.0,57.0
1550.5153488069227,1.0,4.0,0.0,57.0
1550.8153488069227,1.0,4.0,0.0,57.0
1550.816170724731,1.0,4.0,0.0,57.0
1551.1161707247309,1.0,4.0,0.0,57.0
1551.1169926425391,1.0,4.0,0.0,57.0
1551.416992642539,1.0,4.0,0.0,57.0
1551.4178145603473,1.0,4.0,0.0,57.0
1551.7178145603473,1.0,4.0,0.0,57.0
1551.7186364781555,1.0,4.0,0.0,57.0
1552.0186364781555,1.0,4.0,0.0,57.0
1552.0194583959637,1.0,4.0,0.0,57.0
1552.3194583959637,1.0,4.0,0.0,57.0
1552.320280313772,1.0,4.0,0.0,57.0
1552.620280313772,1.0,4.0,0.0,57.0
1552.6211022315802,1.0,4.0,0.0,57.0
1552.92110223158,1.0,4.0,0.0,57.0
1552.9219241493884,1.0,4.0,0.0,57.0
1553.2219241493883,1.0,4.0,0.0,57.0
1553.2227460671966,1.0,4.0,0.0,57.0
1553.5227460671965,1.0,4.0,0.0,57.0
1553.5235679850048,1.0,4.0,0.0,57.0
1553.8235679850047,1.0,4.0,0.0,57.0
1553.824389902813,1.0,4.0,0.0,57.0
1554.124389902813,1.0,4.0,0.0,57.0
1554.1252118206212,1.0,4.0,0.0,57.0
1554.4252118206211,1.0,4.0,0.0,57.0
1554.4260337384294,1.0,4.0,0.0,57.0
1554.7260337384294,1.0,4.0,0.0,57.0
1554.7268556562376,1.0,4.0,0.0,57.0
1555.0268556562376,1.0,4.0,0.0,57.0
1555.0276775740458,1.0,4.0,0.0,57.0
1555.3276775740458,1.0,4.0,0.0,57.0
1555.328499491854,1.0,4.0,0.0,57.0
1555.628499491854,1.0,4.0,0.0,57.0
1555.6293214096622,1.0,4.0,0.0,57.0
1555.9293214096622,1.0,4.0,0.0,57.0
1555.9301433274704,1.0,4.0,0.0,57.0
1556.2301433274704,1.0,4.0,0.0,57.0
1556.2309652452786,1.0,4.0,0.0,57.0
1556.5309652452786,1.0,4.0,0.0,57.0
1556.5317871630868,1.0,4.0,0.0,57.0
1556.8317871630868,1.0,4.0,0.0,57.0
1556.832609080895,1.0,4.0,0.0,57.0
1557.132609080895,1.0,4.0,0.0,57.0
1557.1334309987033,1.0,4.0,0.0,57.0
1557.4334309987032,1.0,4.0,0.0,57.0
1557.4342529165115,1.0,4.0,0.0,57.0
1557.7342529165114,1.0,4.0,0.0,57.0
1557.7350748343197,1.0,4.0,0.0,57.0
1558.0350748343196,1.0,4.0,0.0,57.0
1558.0358967521279,1.0,4.0,0.0,57.0
1558.3358967521278,1.0,4.0,0.0,57.0
1558.336718669936,1.0,4.0,0.0,57.0
1558.636718669936,1.0,4.0,0.0,57.0
1558.6375405877443,1.0,4.0,0.0,57.0
1558.9375405877443,1.0,4.0,0.0,57.0
1558.9383625055525,1.0,4.0,0.0,57.0
1559.2383625055525,1.0,4.0,0.0,57.0
1559.2391844233607,1.0,4.0,0.0,57.0
1559.5391844233607,1.0,4.0,0.0,57.0
1559.540006341169,1.0,4.0,0.0,57.0
1559.8400063411689,1.0,4.0,0.0,57.0
1559.8408282589771,1.0,4.0,0.0,57.0
1560.140828258977,1.0,4.0,0.0,57.0
1560.1416501767853,1.0,4.0,0.0,57.0
1560.4416501767853,1.0,4.0,0.0,57.0
1560.4424720945935,1.0,4.0,0.0,57.0
1560.7424720945935,1.0,4.0,0.0,57.0
1560.7432940124017,1.0,4.0,0.0,57.0
1561.0432940124017,1.0,4.0,0.0,57.0
1561.04411593021,1.0,4.0,0.0,57.0
1561.34411593021,1.0,4.0,0.0,57.0
1561.3449378480182,1.0,4.0,0.0,57.0
1561.6449378480181,1.0,4.0,0.0,57.0
1561.6457597658264,1.0,4.0,0.0,57.0
1561.9457597658263,1.0,4.0,0.0,57.0
1561.9465816836346,1.0,4.0,0.0,57.0
1562.2465816836345,1.0,4.0,0.0,57.0
1562.2474036014428,1.0,4.0,0.0,57.0
1562.5474036014427,1.0,4.0,0.0,57.0
1562.548225519251,1.0,4.0,0.0,57.0
1562.848225519251,1.0,4.0,0.0,57.0
1562.8490474370592,1.0,4.0,0.0,57.0
1563.1490474370592,1.0,4.0,0.0,57.0
1563.1498693548674,1.0,4.0,0.0,57.0
1563.4498693548674,1.0,4.0,0.0,57.0
1563.4506912726756,1.0,4.0,0.0,57.0
1563.7506912726756,1.0,4.0,0.0,57.0
1563.7515131904838,1.0,4.0,0.0,57.0
1564.0515131904838,1.0,4.0,0.0,57.0
1564.052335108292,1.0,4.0,0.0,57.0
1564.352335108292,1.0,4.0,0.0,57.0
1564.3531570261002,1.0,4.0,0.0,57.0
1564.6531570261002,1.0,4.0,0.0,57.0
1564.6539789439084,1.0,4.0,0.0,57.0
1564.9539789439084,1.0,4.0,0.0,57.0
1564.9548008617166,1.0,4.0,0.0,57.0
1565.2548008617166,1.0,4.0,0.0,57.0
1565.2556227795249,1.0,4.0,0.0,57.0
1565.5556227795248,1.0,4.0,0.0,57.0
1565.556444697333,1.0,4.0,0.0,57.0
1565.856444697333,1.0,4.0,0.0,57.0
1565.8572666151413,1.0,4.0,0.0,57.0
1566.1572666151412,1.0,4.0,0.0,57.0
1566.1580885329495,1.0,4.0,0.0,57.0
1566.4580885329494,1.0,4.0,0.0,57.0
1566.4589104507577,1.0,4.0,0.0,57.0
1566.7589104507576,1.0,4.0,0.0,57.0
1566.759732368566,1.0,4.0,0.0,57.0
1567.0597323685658,1.0,4.0,0.0,57.0
1567.060554286374,1.0,4.0,0.0,57.0
1567.360554286374,1.0,4.0,0.0,57.0
1567.3613762041823,1.0,4.0,0.0,57.0
1567.6613762041823,1.0,4.0,0.0,57.0
1567.6621981219905,1.0,4.0,0.0,57.0
1567.9621981219905,1.0,4.0,0.0,57.0
1567.9630200397987,1.0,4.0,0.0,57.0
1568.2630200397987,1.0,4.0,0.0,57.0
1568.263841957607,1.0,4.0,0.0,57.0
1568.5638419576069,1.0,4.0,0.0,57.0
1568.5646638754151,1.0,4.0,0.0,57.0
1568.864663875415,1.0,4.0,0.0,57.0
1568.8654857932233,1.0,4.0,0.0,57.0
1569.1654857932233,1.0,4.0,0.0,57.0
1569.1663077110315,1.0,4.0,0.0,57.0
1569.4663077110315,1.0,4.0,0.0,57.0
1569.4671296288398,1.0,4.0,0.0,57.0
1569.7671296288397,1.0,4.0,0.0,57.0
1569.767951546648,1.0,4.0,0.0,57.0
1570.067951546648,1.0,4.0,0.0,57.0
1570.0687734644562,1.0,4.0,0.0,57.0
1570.3687734644561,1.0,4.0,0.0,57.0
1570.3695953822644,1.0,4.0,0.0,57.0
1570.6695953822643,1.0,4.0,0.0,57.0
1570.6704173000726,1.0,4.0,0.0,57.0
1570.9704173000725,1.0,4.0,0.0,57.0
1570.9712281108834,1.0,4.0,0.0,57.0
1571.2712281108834,1.0,4.0,0.0,57.0
1571.2720389216943,1.0,4.0,0.0,57.0
1571.5720389216942,1.0,4.0,0.0,57.0
1571.5728497325051,1.0,4.0,0.0,57.0
1571.872849732505,1.0,4.0,0.0,57.0
1571.873660543316,1.0,4.0,0.0,57.0
1572.173660543316,1.0,4.0,0.0,57.0
1572.1744713541268,1.0,4.0,0.0,57.0
1572.4744713541268,1.0,4.0,0.0,57.0
1572.4752821649377,1.0,4.0,0.0,57.0
1572.7752821649376,1.0,4.0,0.0,57.0
1572.7760929757485,1.0,4.0,0.0,57.0
1573.0760929757485,1.0,4.0,0.0,57.0
1573.0769037865593,1.0,4.0,0.0,57.0
1573.3769037865593,1.0,4.0,0.0,57.0
1573.3777145973702,1.0,9.0,0.0,57.0
1573.6777145973701,1.0,9.0,0.0,57.0
1573.6784553381108,1.0,9.0,0.0,57.0
1573.9784553381107,1.0,9.0,0.0,57.0
1573.9791960788514,1.0,9.0,0.0,57.0
1574.2791960788513,1.0,9.0,0.0,57.0
1574.279936819592,1.0,9.0,0.0,57.0
1574.579936819592,1.0,9.0,0.0,57.0
1574.5806775603326,1.0,9.0,0.0,57.0
1574.8806775603325,1.0,9.0,0.0,57.0
1574.8814183010732,1.0,9.0,0.0,57.0
1575.181418301073,1.0,9.0,0.0,57.0
1575.1821590418137,1.0,9.0,0.0,57.0
1575.4821590418137,1.0,9.0,0.0,57.0
1575.4828997825543,1.0,9.0,0.0,57.0
1575.7828997825543,1.0,9.0,0.0,57.0
1575.783640523295,1.0,9.0,0.0,57.0
1576.083640523295,1.0,9.0,0.0,57.0
1576.0843812640355,1.0,9.0,0.0,57.0
1576.3843812640355,1.0,9.0,0.0,57.0
1576.3851220047761,1.0,9.0,0.0,57.0
1576.685122004776,1.0,9.0,0.0,57.0
1576.6858627455167,1.0,9.0,0.0,57.0
1576.9858627455167,1.0,9.0,0.0,57.0
1576.9866034862573,1.0,9.0,0.0,57.0
1577.2866034862573,1.0,9.0,0.0,57.0
1577.287344226998,1.0,9.0,0.0,57.0
1577.5873442269979,1.0,9.0,0.0,57.0
1577.5880849677385,1.0,9.0,0.0,57.0
1577.8880849677385,1.0,9.0,0.0,57.0
1577.888825708479,1.0,7.0,0.0,58.0
1578.188825708479,1.0,7.0,0.0,58.0
1578.189625708479,1.0,7.0,0.0,58.0
1578.489625708479,1.0,7.0,0.0,58.0
1578.490425708479,1.0,7.0,0.0,58.0
1578.790425708479,1.0,7.0,0.0,58.0
1578.791225708479,1.0,7.0,0.0,58.0
1579.091225708479,1.0,7.0,0.0,58.0
1579.092025708479,1.0,7.0,0.0,58.0
1579.392025708479,1.0,7.0,0.0,58.0
1579.392825708479,1.0,7.0,0.0,58.0
1579.692825708479,1.0,7.0,0.0,58.0
1579.693625708479,1.0,7.0,0.0,58.0
1579.993625708479,1.0,7.0,0.0,58.0
1579.994425708479,1.0,7.0,0.0,58.0
1580.294425708479,1.0,7.0,0.0,58.0
1580.295225708479,1.0,7.0,0.0,58.0
1580.595225708479,1.0,7.0,0.0,58.0
1580.596025708479,1.0,7.0,0.0,58.0
1580.8960257084789,1.0,7.0,0.0,58.0
1580.896825708479,1.0,7.0,0.0,58.0
1581.1968257084789,1.0,7.0,0.0,58.0
1581.1976257084789,1.0,7.0,0.0,58.0
1581.4976257084788,1.0,7.0,0.0,58.0
1581.4984257084789,1.0,7.0,0.0,58.0
1581.7984257084788,1.0,7.0,0.0,58.0
1581.7992257084788,1.0,7.0,0.0,58.0
1582.0992257084788,1.0,7.0,0.0,58.0
1582.1000257084788,1.0,7.0,0.0,58.0
1582.4000257084788,1.0,7.0,0.0,58.0
1582.4008257084788,1.0,7.0,0.0,58.0
1582.7008257084788,1.0,7.0,0.0,58.0
1582.7016257084788,1.0,7.0,0.0,58.0
1583.0016257084787,1.0,7.0,0.0,58.0
1583.0024257084788,1.0,7.0,0.0,58.0
1583.3024257084787,1.0,7.0,0.0,58.0
1583.3032257084787,1.0,7.0,0.0,58.0
1583.6032257084787,1.0,7.0,0.0,58.0
1583.6040257084787,1.0,7.0,0.0,58.0
1583.9040257084787,1.0,7.0,0.0,58.0
1583.9048257084787,1.0,7.0,0.0,58.0
1584.2048257084787,1.0,7.0,0.0,58.0
1584.2056257084787,1.0,7.0,0.0,58.0
1584.5056257084786,1.0,7.0,0.0,58.0
1584.5064257084787,1.0,7.0,0.0,58.0
1584.8064257084786,1.0,7.0,0.0,58.0
1584.8072257084787,1.0,7.0,0.0,58.0
1585.1072257084786,1.0,7.0,0.0,58.0
1585.1080257084786,1.0,7.0,0.0,58.0
1585.4080257084786,1.0,7.0,0.0,58.0
1585.4088257084786,1.0,7.0,0.0,58.0
1585.7088257084786,1.0,7.0,0.0,58.0
1585.7096257084786,1.0,5.0,0.0,59.0
1586.0096257084786,1.0,5.0,0.0,59.0
1586.0104257084786,1.0,5.0,0.0,59.0
1586.3104257084785,1.0,5.0,0.0,59.0
1586.3112257084786,1.0,5.0,0.0,59.0
1586.6112257084785,1.0,5.0,0.0,59.0
1586.6120257084785,1.0,5.0,0.0,59.0
1586.9120257084785,1.0,5.0,0.0,59.0
1586.9128257084785,1.0,5.0,0.0,59.0
1587.2128257084785,1.0,5.0,0.0,59.0
1587.2136257084785,1.0,5.0,0.0,59.0
1587.5136257084785,1.0,5.0,0.0,59.0
1587.5144257084785,1.0,5.0,0.0,59.0
1587.8144257084784,1.0,5.0,0.0,59.0
1587.8152257084785,1.0,5.0,0.0,59.0
1588.1152257084784,1.0,5.0,0.0,59.0
1588.1160257084784,1.0,5.0,0.0,59.0
1588.4160257084784,1.0,5.0,0.0,59.0
1588.4168257084784,1.0,5.0,0.0,59.0
1588.7168257084784,1.0,5.0,0.0,59.0
1588.7176257084784,1.0,5.0,0.0,59.0
1589.0176257084784,1.0,5.0,0.0,59.0
1589.0184257084784,1.0,5.0,0.0,59.0
1589.3184257084783,1.0,5.0,0.0,59.0
1589.3192257084784,1.0,5.0,0.0,59.0
1589.6192257084783,1.0,5.0,0.0,59.0
1589.6200257084784,1.0,5.0,0.0,59.0
1589.9200257084783,1.0,5.0,0.0,59.0
1589.9208257084783,1.0,5.0,0.0,59.0
1590.2208257084783,1.0,5.0,0.0,59.0
1590.2216257084783,1.0,5.0,0.0,59.0
1590.5216257084783,1.0,5.0,0.0,59.0
1590.5224257084783,1.0,5.0,0.0,59.0
1590.8224257084782,1.0,5.0,0.0,59.0
1590.8232257084783,1.0,5.0,0.0,59.0
1591.1232257084782,1.0,5.0,0.0,59.0
1591.1240257084783,1.0,5.0,0.0,59.0
1591.4240257084782,1.0,5.0,0.0,59.0
1591.4248257084782,1.0,5.0,0.0,59.0
1591.7248257084782,1.0,5.0,0.0,59.0
1591.7256257084782,1.0,5.0,0.0,59.0
1592.0256257084782,1.0,5.0,0.0,59.0
1592.0264257084782,1.0,5.0,0.0,59.0
1592.3264257084782,1.0,5.0,0.0,59.0
1592.3272257084782,1.0,5.0,0.0,59.0
1592.6272257084781,1.0,5.0,0.0,59.0
1592.6280257084782,1.0,5.0,0.0,59.0
1592.9280257084781,1.0,5.0,0.0,59.0
1592.9288257084781,1.0,5.0,0.0,59.0
1593.228825708478,1.0,5.0,0.0,59.0
1593.2296257084781,1.0,5.0,0.0,59.0
1593.529625708478,1.0,5.0,0.0,59.0
1593.530425708478,1.0,5.0,0.0,59.0
1593.830425708478,1.0,5.0,0.0,59.0
1593.831225708478,1.0,5.0,0.0,59.0
1594.131225708478,1.0,5.0,0.0,59.0
1594.132025708478,1.0,5.0,0.0,59.0
1594.432025708478,1.0,5.0,0.0,59.0
1594.432825708478,1.0,5.0,0.0,59.0
1594.732825708478,1.0,5.0,0.0,59.0
1594.733625708478,1.0,5.0,0.0,59.0
1595.033625708478,1.0,5.0,0.0,59.0
1595.034425708478,1.0,5.0,0.0,59.0
1595.334425708478,1.0,5.0,0.0,59.0
1595.335225708478,1.0,5.0,0.0,59.0
1595.635225708478,1.0,5.0,0.0,59.0
1595.636025708478,1.0,5.0,0.0,59.0
1595.936025708478,1.0,5.0,0.0,59.0
1595.936825708478,1.0,5.0,0.0,59.0
1596.236825708478,1.0,5.0,0.0,59.0
1596.237625708478,1.0,5.0,0.0,59.0
1596.537625708478,1.0,5.0,0.0,59.0
1596.538425708478,1.0,5.0,0.0,59.0
1596.8384257084779,1.0,5.0,0.0,59.0
1596.839225708478,1.0,5.0,0.0,59.0
1597.1392257084779,1.0,5.0,0.0,59.0
1597.1400257084779,1.0,5.0,0.0,59.0
1597.4400257084778,1.0,5.0,0.0,59.0
1597.4408257084779,1.0,5.0,0.0,59.0
1597.7408257084778,1.0,5.0,0.0,59.0
1597.7416257084778,1.0,5.0,0.0,59.0
1598.0416257084778,1.0,5.0,0.0,59.0
1598.0424257084778,1.0,5.0,0.0,59.0
1598.3424257084778,1.0,5.0,0.0,59.0
1598.3432257084778,1.0,5.0,0.0,59.0
1598.6432257084778,1.0,5.0,0.0,59.0
1598.6440257084778,1.0,5.0,0.0,59.0
1598.9440257084777,1.0,5.0,0.0,59.0
1598.9448257084778,1.0,5.0,0.0,59.0
1599.2448257084777,1.0,5.0,0.0,59.0
1599.2456257084777,1.0,5.0,0.0,59.0
1599.5456257084777,1.0,5.0,0.0,59.0
1599.5464257084777,1.0,5.0,0.0,59.0
1599.8464257084777,1.0,5.0,0.0,59.0
1599.8472257084777,1.0,5.0,0.0,59.0
1600.1472257084777,1.0,5.0,0.0,59.0
1600.1480257084777,1.0,5.0,0.0,59.0
1600.4480257084776,1.0,5.0,0.0,59.0
1600.4488257084777,1.0,5.0,0.0,59.0
1600.7488257084776,1.0,5.0,0.0,59.0
1600.7496257084777,1.0,5.0,0.0,59.0
1601.0496257084776,1.0,5.0,0.0,59.0
1601.0504257084776,1.0,5.0,0.0,59.0
1601.3504257084776,1.0,5.0,0.0,59.0
1601.3512257084776,1.0,5.0,0.0,59.0
1601.6512257084776,1.0,5.0,0.0,59.0
1601.6520257084776,1.0,5.0,0.0,59.0
1601.9520257084775,1.0,5.0,0.0,59.0
1601.9528257084776,1.0,5.0,0.0,59.0
1602.2528257084775,1.0,5.0,0.0,59.0
1602.2536257084776,1.0,5.0,0.0,59.0
1602.5536257084775,1.0,5.0,0.0,59.0
1602.5544257084775,1.0,5.0,0.0,59.0
1602.8544257084775,1.0,5.0,0.0,59.0
1602.8552257084775,1.0,5.0,0.0,59.0
1603.1552257084775,1.0,5.0,0.0,59.0
1603.1560257084775,1.0,5.0,0.0,59.0
1603.4560257084775,1.0,5.0,0.0,59.0
1603.4568257084775,1.0,5.0,0.0,59.0
1603.7568257084774,1.0,5.0,0.0,59.0
1603.7576257084775,1.0,5.0,0.0,59.0
1604.0576257084774,1.0,5.0,0.0,59.0
1604.0584257084774,1.0,5.0,0.0,59.0
1604.3584257084774,1.0,5.0,0.0,59.0
1604.3592257084774,1.0,5.0,0.0,59.0
1604.6592257084774,1.0,5.0,0.0,59.0
1604.6600257084774,1.0,5.0,0.0,59.0
1604.9600257084774,1.0,5.0,0.0,59.0
1604.9608257084774,1.0,5.0,0.0,59.0
1605.2608257084773,1.0,5.0,0.0,59.0
1605.2616257084774,1.0,5.0,0.0,59.0
1605.5616257084773,1.0,5.0,0.0,59.0
1605.5624257084773,1.0,5.0,0.0,59.0
1605.8624257084773,1.0,5.0,0.0,59.0
1605.8632257084773,1.0,5.0,0.0,59.0
1606.1632257084773,1.0,5.0,0.0,59.0
1606.1640257084773,1.0,5.0,0.0,59.0
1606.4640257084773,1.0,5.0,0.0,59.0
1606.4648257084773,1.0,5.0,0.0,59.0
1606.7648257084772,1.0,5.0,0.0,59.0
1606.7656257084773,1.0,5.0,0.0,59.0
1607.0656257084772,1.0,5.0,0.0,59.0
1607.0664257084773,1.0,5.0,0.0,59.0
1607.3664257084772,1.0,5.0,0.0,59.0
1607.3672257084772,1.0,5.0,0.0,59.0
1607.6672257084772,1.0,5.0,0.0,59.0
1607.6680257084772,1.0,5.0,0.0,59.0
1607.9680257084772,1.0,5.0,0.0,59.0
1607.9688257084772,1.0,5.0,0.0,59.0
1608.2688257084772,1.0,5.0,0.0,59.0
1608.2696257084772,1.0,5.0,0.0,59.0
1608.5696257084771,1.0,5.0,0.0,59.0
1608.5704257084772,1.0,5.0,0.0,59.0
1608.8704257084771,1.0,5.0,0.0,59.0
1608.8712257084771,1.0,5.0,0.0,59.0
1609.171225708477,1.0,5.0,0.0,59.0
1609.1720257084771,1.0,5.0,0.0,59.0
1609.472025708477,1.0,5.0,0.0,59.0
1609.472825708477,1.0,5.0,0.0,59.0
1609.772825708477,1.0,5.0,0.0,59.0
1609.773625708477,1.0,5.0,0.0,59.0
1610.073625708477,1.0,5.0,0.0,59.0
1610.074425708477,1.0,5.0,0.0,59.0
1610.374425708477,1.0,5.0,0.0,59.0
1610.375225708477,1.0,5.0,0.0,59.0
1610.675225708477,1.0,5.0,0.0,59.0
1610.676025708477,1.0,5.0,0.0,59.0
1610.976025708477,1.0,5.0,0.0,59.0
1610.976825708477,1.0,5.0,0.0,59.0
1611.276825708477,1.0,5.0,0.0,59.0
1611.277625708477,1.0,5.0,0.0,59.0
1611.577625708477,1.0,5.0,0.0,59.0
1611.578425708477,1.0,5.0,0.0,59.0
1611.878425708477,1.0,5.0,0.0,59.0
1611.879225708477,1.0,5.0,0.0,59.0
1612.179225708477,1.0,5.0,0.0,59.0
1612.180025708477,1.0,5.0,0.0,59.0
1612.480025708477,1.0,5.0,0.0,59.0
1612.480825708477,1.0,5.0,0.0,59.0
1612.7808257084769,1.0,5.0,0.0,59.0
1612.781625708477,1.0,5.0,0.0,59.0
1613.0816257084768,1.0,5.0,0.0,59.0
1613.0824257084769,1.0,5.0,0.0,59.0
1613.3824257084768,1.0,5.0,0.0,59.0
1613.3832257084769,1.0,5.0,0.0,59.0
1613.6832257084768,1.0,5.0,0.0,59.0
1613.6840257084768,1.0,5.0,0.0,59.0
1613.9840257084768,1.0,5.0,0.0,59.0
1613.9848257084768,1.0,5.0,0.0,59.0
1614.2848257084768,1.0,5.0,0.0,59.0
1614.2856257084768,1.0,5.0,0.0,59.0
1614.5856257084768,1.0,5.0,0.0,59.0
1614.5864257084768,1.0,5.0,0.0,59.0
1614.8864257084767,1.0,5.0,0.0,59.0
1614.8872257084768,1.0,5.0,0.0,59.0
1615.1872257084767,1.0,5.0,0.0,59.0
1615.1880257084767,1.0,5.0,0.0,59.0
1615.4880257084767,1.0,5.0,0.0,59.0
1615.4888257084767,1.0,5.0,0.0,59.0
1615.7888257084767,1.0,5.0,0.0,59.0
1615.7896257084767,1.0,5.0,0.0,59.0
1616.0896257084767,1.0,5.0,0.0,59.0
1616.0904257084767,1.0,5.0,0.0,59.0
1616.3904257084766,1.0,5.0,0.0,59.0
1616.3912257084767,1.0,5.0,0.0,59.0
1616.6912257084766,1.0,5.0,0.0,59.0
1616.6920257084766,1.0,5.0,0.0,59.0
1616.9920257084766,1.0,5.0,0.0,59.0
1616.9928257084766,1.0,5.0,0.0,59.0
1617.2928257084766,1.0,5.0,0.0,59.0
1617.2936257084766,1.0,5.0,0.0,59.0
1617.5936257084766,1.0,5.0,0.0,59.0
1617.5944257084766,1.0,5.0,0.0,59.0
1617.8944257084765,1.0,5.0,0.0,59.0
1617.8952257084766,1.0,5.0,0.0,59.0
1618.1952257084765,1.0,5.0,0.0,59.0
1618.1960257084766,1.0,5.0,0.0,59.0
1618.4960257084765,1.0,5.0,0.0,59.0
1618.4968257084765,1.0,5.0,0.0,59.0
1618.7968257084765,1.0,5.0,0.0,59.0
1618.7976257084765,1.0,5.0,0.0,59.0
1619.0976257084765,1.0,5.0,0.0,59.0
1619.0984257084765,1.0,5.0,0.0,59.0
1619.3984257084765,1.0,5.0,0.0,59.0
1619.3992257084765,1.0,5.0,0.0,59.0
1619.6992257084764,1.0,5.0,0.0,59.0
1619.7000257084765,1.0,5.0,0.0,59.0
1620.0000257084764,1.0,5.0,0.0,59.0
1620.0008257084764,1.0,5.0,0.0,59.0
1620.3008257084764,1.0,5.0,0.0,59.0
1620.3016257084764,1.0,5.0,0.0,59.0
1620.6016257084764,1.0,5.0,0.0,59.0
1620.6024257084764,1.0,5.0,0.0,59.0
1620.9024257084764,1.0,5.0,0.0,59.0
1620.9032257084764,1.0,5.0,0.0,59.0
1621.2032257084763,1.0,5.0,0.0,59.0
1621.2040257084764,1.0,5.0,0.0,59.0
1621.5040257084763,1.0,5.0,0.0,59.0
1621.5048257084763,1.0,5.0,0.0,59.0
1621.8048257084763,1.0,5.0,0.0,59.0
1621.8056257084763,1.0,5.0,0.0,59.0
1622.1056257084763,1.0,5.0,0.0,59.0
1622.1064257084763,1.0,5.0,0.0,59.0
1622.4064257084763,1.0,5.0,0.0,59.0
1622.4072257084763,1.0,5.0,0.0,59.0
1622.7072257084762,1.0,5.0,0.0,59.0
1622.7080257084763,1.0,5.0,0.0,59.0
1623.0080257084762,1.0,5.0,0.0,59.0
1623.0088257084763,1.0,5.0,0.0,59.0
1623.3088257084762,1.0,5.0,0.0,59.0
1623.3096257084762,1.0,5.0,0.0,59.0
1623.6096257084762,1.0,5.0,0.0,59.0
1623.6104257084762,1.0,5.0,0.0,59.0
1623.9104257084762,1.0,5.0,0.0,59.0
1623.9112257084762,1.0,5.0,0.0,59.0
1624.2112257084761,1.0,5.0,0.0,59.0
1624.2120257084762,1.0,5.0,0.0,59.0
1624.5120257084761,1.0,5.0,0.0,59.0
1624.5128257084762,1.0,5.0,0.0,59.0
1624.812825708476,1.0,5.0,0.0,59.0
1624.8136257084761,1.0,5.0,0.0,59.0
1625.113625708476,1.0,5.0,0.0,59.0
1625.1144257084761,1.0,5.0,0.0,59.0
1625.414425708476,1.0,5.0,0.0,59.0
1625.415225708476,1.0,5.0,0.0,59.0
1625.715225708476,1.0,5.0,0.0,59.0
1625.716025708476,1.0,5.0,0.0,59.0
1626.016025708476,1.0,5.0,0.0,59.0
1626.016825708476,1.0,5.0,0.0,59.0
1626.316825708476,1.0,5.0,0.0,59.0
1626.317625708476,1.0,5.0,0.0,59.0
1626.617625708476,1.0,5.0,0.0,59.0
1626.618425708476,1.0,5.0,0.0,59.0
1626.918425708476,1.0,5.0,0.0,59.0
1626.919225708476,1.0,5.0,0.0,59.0
1627.219225708476,1.0,5.0,0.0,59.0
1627.220025708476,1.0,5.0,0.0,59.0
1627.520025708476,1.0,5.0,0.0,59.0
1627.520825708476,1.0,5.0,0.0,59.0
1627.820825708476,1.0,5.0,0.0,59.0
1627.821625708476,1.0,5.0,0.0,59.0
1628.121625708476,1.0,5.0,0.0,59.0
1628.122425708476,1.0,5.0,0.0,59.0
1628.4224257084759,1.0,5.0,0.0,59.0
1628.423225708476,1.0,5.0,0.0,59.0
1628.7232257084759,1.0,5.0,0.0,59.0
1628.724025708476,1.0,5.0,0.0,59.0
1629.0240257084758,1.0,5.0,0.0,59.0
1629.0248257084759,1.0,5.0,0.0,59.0
1629.3248257084758,1.0,5.0,0.0,59.0
1629.3256257084759,1.0,10.0,0.0,59.0
1629.6256257084758,1.0,10.0,0.0,59.0
1629.6262257084759,1.0,10.0,0.0,59.0
1629.9262257084758,1.0,10.0,0.0,59.0
1629.926825708476,1.0,10.0,0.0,59.0
1630.2268257084759,1.0,10.0,0.0,59.0
1630.227425708476,1.0,10.0,0.0,59.0
1630.527425708476,1.0,10.0,0.0,59.0
1630.528025708476,1.0,10.0,0.0,59.0
1630.828025708476,1.0,10.0,0.0,59.0
1630.828625708476,1.0,10.0,0.0,59.0
1631.128625708476,1.0,10.0,0.0,59.0
1631.129225708476,1.0,10.0,0.0,59.0
1631.429225708476,1.0,10.0,0.0,59.0
1631.429825708476,1.0,10.0,0.0,59.0
1631.729825708476,1.0,10.0,0.0,59.0
1631.730425708476,1.0,10.0,0.0,59.0
1632.030425708476,1.0,10.0,0.0,59.0
1632.0310257084761,1.0,10.0,0.0,59.0
1632.331025708476,1.0,10.0,0.0,59.0
1632.3316257084762,1.0,10.0,0.0,59.0
1632.6316257084761,1.0,10.0,0.0,59.0
1632.6322257084762,1.0,10.0,0.0,59.0
1632.9322257084762,1.0,10.0,0.0,59.0
1632.9328257084762,1.0,10.0,0.0,59.0
1633.2328257084762,1.0,10.0,0.0,59.0
1633.2334257084763,1.0,10.0,0.0,59.0
1633.5334257084762,1.0,10.0,0.0,59.0
1633.5340257084763,1.0,10.0,0.0,59.0
1633.8340257084762,1.0,10.0,0.0,59.0
1633.8346257084763,1.0,10.0,0.0,59.0
1634.1346257084763,1.0,10.0,0.0,59.0
1634.1352257084764,1.0,10.0,0.0,59.0
1634.4352257084763,1.0,10.0,0.0,59.0
1634.4358257084764,1.0,10.0,0.0,59.0
1634.7358257084763,1.0,10.0,0.0,59.0
1634.7364257084764,1.0,10.0,0.0,59.0
1635.0364257084764,1.0,10.0,0.0,59.0
1635.0370257084764,1.0,10.0,0.0,59.0
1635.3370257084764,1.0,10.0,0.0,59.0
1635.3376257084765,1.0,10.0,0.0,59.0
1635.6376257084764,1.0,10.0,0.0,59.0
1635.6382257084765,1.0,8.0,0.0,60.0
1635.9382257084765,1.0,8.0,0.0,60.0
1635.9390257084765,1.0,8.0,0.0,60.0
1636.2390257084764,1.0,8.0,0.0,60.0
1636.2398257084765,1.0,8.0,0.0,60.0
1636.5398257084764,1.0,8.0,0.0,60.0
1636.5406257084765,1.0,8.0,0.0,60.0
1636.8406257084764,1.0,8.0,0.0,60.0
1636.8414257084764,1.0,8.0,0.0,60.0
1637.1414257084764,1.0,8.0,0.0,60.0
1637.1422151821605,1.0,8.0,0.0,60.0
1637.4422151821605,1.0,8.0,0.0,60.0
1637.4430046558446,1.0,8.0,0.0,60.0
1637.7430046558445,1.0,8.0,0.0,60.0
1637.7437941295286,1.0,8.0,0.0,60.0
1638.0437941295286,1.0,8.0,0.0,60.0
1638.0445836032127,1.0,8.0,0.0,60.0
1638.3445836032126,1.0,8.0,0.0,60.0
1638.3453730768967,1.0,8.0,0.0,60.0
1638.6453730768967,1.0,8.0,0.0,60.0
1638.6461625505808,1.0,8.0,0.0,60.0
1638.9461625505808,1.0,8.0,0.0,60.0
1638.9469520242649,1.0,8.0,0.0,60.0
1639.2469520242648,1.0,8.0,0.0,60.0
1639.247741497949,1.0,8.0,0.0,60.0
1639.547741497949,1.0,8.0,0.0,60.0
1639.548530971633,1.0,8.0,0.0,60.0
1639.848530971633,1.0,8.0,0.0,60.0
1639.849320445317,1.0,8.0,0.0,60.0
1640.149320445317,1.0,8.0,0.0,60.0
1640.1501099190011,1.0,8.0,0.0,60.0
1640.450109919001,1.0,8.0,0.0,60.0
1640.4508993926852,1.0,8.0,0.0,60.0
1640.7508993926851,1.0,8.0,0.0,60.0
1640.7516888663692,1.0,8.0,0.0,60.0
1641.0516888663692,1.0,8.0,0.0,60.0
1641.0524783400533,1.0,8.0,0.0,60.0
1641.3524783400533,1.0,8.0,0.0,60.0
1641.3532678137374,1.0,8.0,0.0,60.0
1641.6532678137373,1.0,8.0,0.0,60.0
1641.6540572874214,1.0,8.0,0.0,60.0
1641.9540572874214,1.0,8.0,0.0,60.0
1641.9548467611055,1.0,8.0,0.0,60.0
1642.2548467611055,1.0,8.0,0.0,60.0
1642.2556362347896,1.0,8.0,0.0,60.0
1642.5556362347895,1.0,8.0,0.0,60.0
1642.5564257084736,1.0,8.0,0.0,60.0
1642.8564257084736,1.0,8.0,0.0,60.0
1642.8572151821577,1.0,8.0,0.0,60.0
1643.1572151821576,1.0,8.0,0.0,60.0
1643.1580046558418,1.0,8.0,0.0,60.0
1643.4580046558417,1.0,8.0,0.0,60.0
1643.4587941295258,1.0,8.0,0.0,60.0
1643.7587941295258,1.0,8.0,0.0,60.0
1643.7595836032099,1.0,8.0,0.0,60.0
1644.0595836032098,1.0,8.0,0.0,60.0
1644.060373076894,1.0,8.0,0.0,60.0
1644.360373076894,1.0,8.0,0.0,60.0
1644.361162550578,1.0,8.0,0.0,60.0
1644.661162550578,1.0,8.0,0.0,60.0
1644.661952024262,1.0,8.0,0.0,60.0
1644.961952024262,1.0,8.0,0.0,60.0
1644.9627414979461,1.0,8.0,0.0,60.0
1645.262741497946,1.0,8.0,0.0,60.0
1645.2635309716302,1.0,8.0,0.0,60.0
1645.5635309716301,1.0,8.0,0.0,60.0
1645.5643204453143,1.0,8.0,0.0,60.0
1645.8643204453142,1.0,8.0,0.0,60.0
1645.8651099189983,1.0,8.0,0.0,60.0
1646.1651099189983,1.0,8.0,0.0,60.0
1646.1658993926824,1.0,8.0,0.0,60.0
1646.4658993926823,1.0,8.0,0.0,60.0
1646.4666888663664,1.0,8.0,0.0,60.0
1646.7666888663664,1.0,8.0,0.0,60.0
1646.7674783400505,1.0,8.0,0.0,60.0
1647.0674783400505,1.0,8.0,0.0,60.0
1647.0682678137346,1.0,8.0,0.0,60.0
1647.3682678137345,1.0,8.0,0.0,60.0
1647.3690572874186,1.0,8.0,0.0,60.0
1647.6690572874186,1.0,8.0,0.0,60.0
1647.6698467611027,1.0,8.0,0.0,60.0
1647.9698467611026,1.0,8.0,0.0,60.0
1647.9706362347868,1.0,8.0,0.0,60.0
1648.2706362347867,1.0,8.0,0.0,60.0
1648.2714257084708,1.0,8.0,0.0,60.0
1648.5714257084708,1.0,8.0,0.0,60.0
1648.5722151821549,1.0,8.0,0.0,60.0
1648.8722151821548,1.0,8.0,0.0,60.0
1648.873004655839,1.0,8.0,0.0,60.0
1649.173004655839,1.0,8.0,0.0,60.0
1649.173794129523,1.0,8.0,0.0,60.0
1649.473794129523,1.0,8.0,0.0,60.0
1649.474583603207,1.0,8.0,0.0,60.0
1649.774583603207,1.0,8.0,0.0,60.0
1649.7753730768911,1.0,8.0,0.0,60.0
1650.075373076891,1.0,8.0,0.0,60.0
1650.0761625505752,1.0,8.0,0.0,60.0
1650.3761625505751,1.0,8.0,0.0,60.0
1650.3769520242593,1.0,8.0,0.0,60.0
1650.6769520242592,1.0,8.0,0.0,60.0
1650.6777414979433,1.0,8.0,0.0,60.0
1650.9777414979433,1.0,8.0,0.0,60.0
1650.9785309716274,1.0,8.0,0.0,60.0
1651.2785309716273,1.0,8.0,0.0,60.0
1651.2793204453114,1.0,8.0,0.0,60.0
1651.5793204453114,1.0,8.0,0.0,60.0
1651.5801099189955,1.0,8.0,0.0,60.0
1651.8801099189955,1.0,8.0,0.0,60.0
1651.8808993926796,1.0,8.0,0.0,60.0
1652.1808993926795,1.0,8.0,0.0,60.0
1652.1816888663636,1.0,8.0,0.0,60.0
1652.4816888663636,1.0,8.0,0.0,60.0
1652.4824783400477,1.0,8.0,0.0,60.0
1652.7824783400476,1.0,8.0,0.0,60.0
1652.7832678137318,1.0,8.0,0.0,60.0
1653.0832678137317,1.0,8.0,0.0,60.0
1653.0840572874158,1.0,8.0,0.0,60.0
1653.3840572874158,1.0,8.0,0.0,60.0
1653.3848467610999,1.0,8.0,0.0,60.0
1653.6848467610998,1.0,8.0,0.0,60.0
1653.685636234784,1.0,8.0,0.0,60.0
1653.985636234784,1.0,8.0,0.0,60.0
1653.986425708468,1.0,8.0,0.0,60.0
1654.286425708468,1.0,8.0,0.0,60.0
1654.287215182152,1.0,8.0,0.0,60.0
1654.587215182152,1.0,8.0,0.0,60.0
1654.5879944029311,1.0,8.0,0.0,60.0
1654.887994402931,1.0,8.0,0.0,60.0
1654.8887736237102,1.0,8.0,0.0,60.0
1655.1887736237102,1.0,8.0,0.0,60.0
1655.1895528444893,1.0,8.0,0.0,60.0
1655.4895528444893,1.0,8.0,0.0,60.0
1655.4903320652684,1.0,8.0,0.0,60.0
1655.7903320652683,1.0,8.0,0.0,60.0
1655.7911112860475,1.0,8.0,0.0,60.0
1656.0911112860474,1.0,8.0,0.0,60.0
1656.0918905068265,1.0,8.0,0.0,60.0
1656.3918905068265,1.0,8.0,0.0,60.0
1656.3926697276056,1.0,8.0,0.0,60.0
1656.6926697276056,1.0,8.0,0.0,60.0
1656.6934489483847,1.0,8.0,0.0,60.0
1656.9934489483846,1.0,8.0,0.0,60.0
1656.9942281691638,1.0,8.0,0.0,60.0
1657.2942281691637,1.0,8.0,0.0,60.0
1657.2950073899428,1.0,8.0,0.0,60.0
1657.5950073899428,1.0,8.0,0.0,60.0
1657.595786610722,1.0,8.0,0.0,60.0
1657.8957866107219,1.0,8.0,0.0,60.0
1657.896565831501,1.0,8.0,0.0,60.0
1658.196565831501,1.0,8.0,0.0,60.0
1658.19734505228,1.0,8.0,0.0,60.0
1658.49734505228,1.0,8.0,0.0,60.0
1658.4981242730591,1.0,8.0,0.0,60.0
1658.798124273059,1.0,8.0,0.0,60.0
1658.7989034938382,1.0,8.0,0.0,60.0
1659.0989034938382,1.0,8.0,0.0,60.0
1659.0996827146173,1.0,8.0,0.0,60.0
1659.3996827146173,1.0,8.0,0.0,60.0
1659.4004619353964,1.0,8.0,0.0,60.0
1659.7004619353963,1.0,8.0,0.0,60.0
1659.7012411561755,1.0,8.0,0.0,60.0
1660.0012411561754,1.0,8.0,0.0,60.0
1660.0020203769545,1.0,8.0,0.0,60.0
1660.3020203769545,1.0,8.0,0.0,60.0
1660.3027995977336,1.0,6.0,0.0,61.0
1660.6027995977336,1.0,6.0,0.0,61.0
1660.6035788185127,1.0,6.0,0.0,61.0
1660.9035788185126,1.0,6.0,0.0,61.0
1660.9043580392918,1.0,6.0,0.0,61.0
1661.2043580392917,1.0,6.0,0.0,61.0
1661.2051372600708,1.0,6.0,0.0,61.0
1661.5051372600708,1.0,6.0,0.0,61.0
1661.50591648085,1.0,6.0,0.0,61.0
1661.8059164808499,1.0,6.0,0.0,61.0
1661.806695701629,1.0,6.0,0.0,61.0
1662.106695701629,1.0,6.0,0.0,61.0
1662.107474922408,1.0,6.0,0.0,61.0
1662.407474922408,1.0,6.0,0.0,61.0
1662.4082541431872,1.0,6.0,0.0,61.0
1662.708254143187,1.0,6.0,0.0,61.0
1662.7090333639662,1.0,6.0,0.0,61.0
1663.0090333639662,1.0,6.0,0.0,61.0
1663.0098125847453,1.0,6.0,0.0,61.0
1663.3098125847453,1.0,6.0,0.0,61.0
1663.3105918055244,1.0,6.0,0.0,61.0
1663.6105918055243,1.0,6.0,0.0,61.0
1663.6113710263035,1.0,6.0,0.0,61.0
1663.9113710263034,1.0,6.0,0.0,61.0
1663.9121502470825,1.0,6.0,0.0,61.0
1664.2121502470825,1.0,6.0,0.0,61.0
1664.2129294678616,1.0,6.0,0.0,61.0
1664.5129294678616,1.0,6.0,0.0,61.0
1664.5137086886407,1.0,6.0,0.0,61.0
1664.8137086886406,1.0,6.0,0.0,61.0
1664.8144879094198,1.0,6.0,0.0,61.0
1665.1144879094197,1.0,6.0,0.0,61.0
1665.1152671301988,1.0,6.0,0.0,61.0
1665.4152671301988,1.0,6.0,0.0,61.0
1665.416046350978,1.0,6.0,0.0,61.0
1665.7160463509779,1.0,6.0,0.0,61.0
1665.716825571757,1.0,6.0,0.0,61.0
1666.016825571757,1.0,6.0,0.0,61.0
1666.017604792536,1.0,6.0,0.0,61.0
1666.317604792536,1.0,6.0,0.0,61.0
1666.3183840133152,1.0,6.0,0.0,61.0
1666.618384013315,1.0,6.0,0.0,61.0
1666.6191632340942,1.0,6.0,0.0,61.0
1666.9191632340942,1.0,6.0,0.0,61.0
1666.9199424548733,1.0,6.0,0.0,61.0
1667.2199424548733,1.0,6.0,0.0,61.0
1667.2207216756524,1.0,6.0,0.0,61.0
1667.5207216756523,1.0,6.0,0.0,61.0
1667.5215008964315,1.0,6.0,0.0,61.0
1667.8215008964314,1.0,6.0,0.0,61.0
1667.8222801172105,1.0,6.0,0.0,61.0
1668.1222801172105,1.0,6.0,0.0,61.0
1668.1230593379896,1.0,6.0,0.0,61.0
1668.4230593379896,1.0,6.0,0.0,61.0
1668.4238385587687,1.0,6.0,0.0,61.0
1668.7238385587686,1.0,6.0,0.0,61.0
1668.7246177795478,1.0,6.0,0.0,61.0
1669.0246177795477,1.0,6.0,0.0,61.0
1669.0253970003268,1.0,6.0,0.0,61.0
1669.3253970003268,1.0,6.0,0.0,61.0
1669.326176221106,1.0,6.0,0.0,61.0
1669.6261762211059,1.0,6.0,0.0,61.0
1669.626955441885,1.0,6.0,0.0,61.0
1669.926955441885,1.0,6.0,0.0,61.0
1669.927734662664,1.0,6.0,0.0,61.0
1670.227734662664,1.0,6.0,0.0,61.0
1670.2285138834432,1.0,6.0,0.0,61.0
1670.528513883443,1.0,6.0,0.0,61.0
1670.5292931042222,1.0,6.0,0.0,61.0
1670.8292931042222,1.0,6.0,0.0,61.0
1670.8300723250013,1.0,6.0,0.0,61.0
1671.1300723250013,1.0,6.0,0.0,61.0
1671.1308515457804,1.0,6.0,0.0,61.0
1671.4308515457803,1.0,6.0,0.0,61.0
1671.4316307665595,1.0,6.0,0.0,61.0
1671.7316307665594,1.0,6.0,0.0,61.0
1671.7324099873385,1.0,6.0,0.0,61.0
1672.0324099873385,1.0,6.0,0.0,61.0
1672.0331892081176,1.0,6.0,0.0,61.0
1672.3331892081176,1.0,6.0,0.0,61.0
1672.3339684288967,1.0,6.0,0.0,61.0
1672.6339684288967,1.0,6.0,0.0,61.0
1672.6347476496758,1.0,6.0,0.0,61.0
1672.9347476496757,1.0,6.0,0.0,61.0
1672.9355268704549,1.0,6.0,0.0,61.0
1673.2355268704548,1.0,6.0,0.0,61.0
1673.236306091234,1.0,6.0,0.0,61.0
1673.5363060912339,1.0,6.0,0.0,61.0
1673.537085312013,1.0,6.0,0.0,61.0
1673.837085312013,1.0,6.0,0.0,61.0
1673.837864532792,1.0,6.0,0.0,61.0
1674.137864532792,1.0,6.0,0.0,61.0
1674.1386437535712,1.0,6.0,0.0,61.0
1674.4386437535711,1.0,6.0,0.0,61.0
1674.4394229743502,1.0,6.0,0.0,61.0
1674.7394229743502,1.0,6.0,0.0,61.0
1674.7402021951293,1.0,6.0,0.0,61.0
1675.0402021951293,1.0,6.0,0.0,61.0
1675.0409814159084,1.0,6.0,0.0,61.0
1675.3409814159083,1.0,6.0,0.0,61.0
1675.3417606366875,1.0,6.0,0.0,61.0
1675.6417606366874,1.0,6.0,0.0,61.0
1675.6425398574665,1.0,6.0,0.0,61.0
1675.9425398574665,1.0,6.0,0.0,61.0
1675.9433190782456,1.0,6.0,0.0,61.0
1676.2433190782456,1.0,6.0,0.0,61.0
1676.2440982990247,1.0,6.0,0.0,61.0
1676.5440982990247,1.0,6.0,0.0,61.0
1676.5448775198038,1.0,6.0,0.0,61.0
1676.8448775198037,1.0,6.0,0.0,61.0
1676.8456567405829,1.0,6.0,0.0,61.0
1677.1456567405828,1.0,6.0,0.0,61.0
1677.146435961362,1.0,6.0,0.0,61.0
1677.4464359613619,1.0,6.0,0.0,61.0
1677.447215182141,1.0,6.0,0.0,61.0
1677.747215182141,1.0,6.0,0.0,61.0
1677.74799440292,1.0,6.0,0.0,61.0
1678.04799440292,1.0,6.0,0.0,61.0
1678.0487736236992,1.0,6.0,0.0,61.0
1678.3487736236991,1.0,6.0,0.0,61.0
1678.3495528444782,1.0,6.0,0.0,61.0
1678.6495528444782,1.0,6.0,0.0,61.0
1678.6503320652573,1.0,6.0,0.0,61.0
1678.9503320652573,1.0,6.0,0.0,61.0
1678.9511112860364,1.0,6.0,0.0,61.0
1679.2511112860363,1.0,6.0,0.0,61.0
1679.2518905068155,1.0,6.0,0.0,61.0
1679.5518905068154,1.0,6.0,0.0,61.0
1679.5526697275945,1.0,6.0,0.0,61.0
1679.8526697275945,1.0,6.0,0.0,61.0
1679.8534489483736,1.0,6.0,0.0,61.0
1680.1534489483736,1.0,6.0,0.0,61.0
1680.1542281691527,1.0,6.0,0.0,61.0
1680.4542281691527,1.0,6.0,0.0,61.0
1680.4550073899318,1.0,6.0,0.0,61.0
1680.7550073899317,1.0,6.0,0.0,61.0
1680.7557866107109,1.0,6.0,0.0,61.0
1681.0557866107108,1.0,6.0,0.0,61.0
1681.05656583149,1.0,6.0,0.0,61.0
1681.35656583149,1.0,6.0,0.0,61.0
1681.357345052269,1.0,6.0,0.0,61.0
1681.657345052269,1.0,6.0,0.0,61.0
1681.658124273048,1.0,6.0,0.0,61.0
1681.958124273048,1.0,6.0,0.0,61.0
1681.9589034938272,1.0,6.0,0.0,61.0
1682.2589034938271,1.0,6.0,0.0,61.0
1682.2596827146062,1.0,6.0,0.0,61.0
1682.5596827146062,1.0,6.0,0.0,61.0
1682.5604619353853,1.0,6.0,0.0,61.0
1682.8604619353853,1.0,6.0,0.0,61.0
1682.8612411561644,1.0,6.0,0.0,61.0
1683.1612411561644,1.0,6.0,0.0,61.0
1683.1620203769435,1.0,6.0,0.0,61.0
1683.4620203769434,1.0,6.0,0.0,61.0
1683.4627995977226,1.0,6.0,0.0,61.0
1683.7627995977225,1.0,6.0,0.0,61.0
1683.7635788185016,1.0,6.0,0.0,61.0
1684.0635788185016,1.0,6.0,0.0,61.0
1684.0643580392807,1.0,6.0,0.0,61.0
1684.3643580392807,1.0,6.0,0.0,61.0
1684.3651372600598,1.0,6.0,0.0,61.0
1684.6651372600597,1.0,6.0,0.0,61.0
1684.6659164808389,1.0,6.0,0.0,61.0
1684.9659164808388,1.0,6.0,0.0,61.0
1684.966695701618,1.0,6.0,0.0,61.0
1685.266695701618,1.0,6.0,0.0,61.0
1685.267474922397,1.0,6.0,0.0,61.0
1685.567474922397,1.0,6.0,0.0,61.0
1685.568254143176,1.0,6.0,0.0,61.0
1685.868254143176,1.0,6.0,0.0,61.0
1685.8690333639552,1.0,6.0,0.0,61.0
1686.1690333639551,1.0,6.0,0.0,61.0
1686.1698125847342,1.0,6.0,0.0,61.0
1686.4698125847342,1.0,6.0,0.0,61.0
1686.4705918055133,1.0,6.0,0.0,61.0
1686.7705918055133,1.0,6.0,0.0,61.0
1686.7713710262924,1.0,11.0,0.0,61.0
1687.0713710262924,1.0,11.0,0.0,61.0
1687.071866894061,1.0,11.0,0.0,61.0
1687.371866894061,1.0,11.0,0.0,61.0
1687.3723627618297,1.0,11.0,0.0,61.0
1687.6723627618296,1.0,11.0,0.0,61.0
1687.6728586295983,1.0,11.0,0.0,61.0
1687.9728586295982,1.0,11.0,0.0,61.0
1687.973354497367,1.0,11.0,0.0,61.0
1688.2733544973669,1.0,11.0,0.0,61.0
1688.2738503651356,1.0,11.0,0.0,61.0
1688.5738503651355,1.0,11.0,0.0,61.0
1688.5743462329042,1.0,11.0,0.0,61.0
1688.8743462329041,1.0,11.0,0.0,61.0
1688.8748421006728,1.0,11.0,0.0,61.0
1689.1748421006728,1.0,11.0,0.0,61.0
1689.1753379684415,1.0,11.0,0.0,61.0
1689.4753379684414,1.0,11.0,0.0,61.0
1689.47583383621,1.0,11.0,0.0,61.0
1689.77583383621,1.0,11.0,0.0,61.0
1689.7763297039787,1.0,11.0,0.0,61.0
1690.0763297039787,1.0,11.0,0.0,61.0
1690.0768255717473,1.0,11.0,0.0,61.0
1690.3768255717473,1.0,11.0,0.0,61.0
1690.377321439516,1.0,11.0,0.0,61.0
1690.677321439516,1.0,11.0,0.0,61.0
1690.6778173072846,1.0,11.0,0.0,61.0
1690.9778173072846,1.0,11.0,0.0,61.0
1690.9783131750532,1.0,11.0,0.0,61.0
1691.2783131750532,1.0,11.0,0.0,61.0
1691.2788090428219,1.0,11.0,0.0,61.0
1691.5788090428218,1.0,11.0,0.0,61.0
1691.5793049105905,1.0,11.0,0.0,61.0
1691.8793049105905,1.0,11.0,0.0,61.0
1691.8798007783591,1.0,11.0,0.0,61.0
1692.179800778359,1.0,11.0,0.0,61.0
1692.1802966461278,1.0,11.0,0.0,61.0
1692.4802966461277,1.0,11.0,0.0,61.0
1692.4807925138964,1.0,11.0,0.0,61.0
1692.7807925138964,1.0,11.0,0.0,61.0
1692.781288381665,1.0,11.0,0.0,61.0
1693.081288381665,1.0,11.0,0.0,61.0
1693.0817842494337,1.0,11.0,0.0,61.0
1693.3817842494336,1.0,11.0,0.0,61.0
1693.3822801172023,1.0,11.0,0.0,61.0
1693.6822801172023,1.0,11.0,0.0,61.0
1693.682775984971,1.0,11.0,0.0,61.0
1693.9827759849709,1.0,11.0,0.0,61.0
1693.9832718527396,1.0,11.0,0.0,61.0
1694.2832718527395,1.0,11.0,0.0,61.0
1694.2837677205082,1.0,11.0,0.0,61.0
1694.5837677205081,1.0,11.0,0.0,61.0
1694.5842635882768,1.0,11.0,0.0,61.0
1694.8842635882768,1.0,11.0,0.0,61.0
1694.8847594560455,1.0,11.0,0.0,61.0
1695.1847594560454,1.0,11.0,0.0,61.0
1695.185255323814,1.0,11.0,0.0,61.0
1695.485255323814,1.0,11.0,0.0,61.0
1695.4857511915827,1.0,11.0,0.0,61.0
1695.7857511915827,1.0,11.0,0.0,61.0
1695.7862470593514,1.0,11.0,0.0,61.0
1696.0862470593513,1.0,11.0,0.0,61.0
1696.08674292712,1.0,11.0,0.0,61.0
1696.38674292712,1.0,11.0,0.0,61.0
1696.3872387948886,1.0,11.0,0.0,61.0
1696.6872387948886,1.0,11.0,0.0,61.0
1696.6877346626572,1.0,11.0,0.0,61.0
1696.9877346626572,1.0,11.0,0.0,61.0
1696.9882305304259,1.0,11.0,0.0,61.0
1697.2882305304258,1.0,11.0,0.0,61.0
1697.2887263981945,1.0,11.0,0.0,61.0
1697.5887263981945,1.0,11.0,0.0,61.0
1697.5892222659631,1.0,11.0,0.0,61.0
1697.889222265963,1.0,11.0,0.0,61.0
1697.8897181337318,1.0,11.0,0.0,61.0
1698.1897181337317,1.0,11.0,0.0,61.0
1698.1902140015004,1.0,11.0,0.0,61.0
1698.4902140015004,1.0,11.0,0.0,61.0
1698.490709869269,1.0,9.0,0.0,62.0
1698.790709869269,1.0,9.0,0.0,62.0
1698.7914506100096,1.0,9.0,0.0,62.0
1699.0914506100096,1.0,9.0,0.0,62.0
1699.0921913507502,1.0,9.0,0.0,62.0
1699.3921913507502,1.0,9.0,0.0,62.0
1699.3929320914908,1.0,9.0,0.0,62.0
1699.6929320914908,1.0,9.0,0.0,62.0
1699.6936728322314,1.0,9.0,0.0,62.0
1699.9936728322314,1.0,9.0,0.0,62.0
1699.994413572972,1.0,9.0,0.0,62.0
1700.294413572972,1.0,9.0,0.0,62.0
1700.2951543137126,1.0,9.0,0.0,62.0
1700.5951543137126,1.0,9.0,0.0,62.0
1700.5958950544532,1.0,9.0,0.0,62.0
1700.8958950544531,1.0,9.0,0.0,62.0
1700.8966357951938,1.0,9.0,0.0,62.0
1701.1966357951937,1.0,9.0,0.0,62.0
1701.1973765359344,1.0,9.0,0.0,62.0
1701.4973765359343,1.0,9.0,0.0,62.0
1701.498117276675,1.0,9.0,0.0,62.0
1701.798117276675,1.0,9.0,0.0,62.0
1701.7988580174156,1.0,9.0,0.0,62.0
1702.0988580174155,1.0,9.0,0.0,62.0
1702.0995987581562,1.0,9.0,0.0,62.0
1702.3995987581561,1.0,9.0,0.0,62.0
1702.4003394988968,1.0,9.0,0.0,62.0
1702.7003394988967,1.0,9.0,0.0,62.0
1702.7010802396373,1.0,9.0,0.0,62.0
1703.0010802396373,1.0,9.0,0.0,62.0
1703.001820980378,1.0,9.0,0.0,62.0
1703.301820980378,1.0,9.0,0.0,62.0
1703.3025617211185,1.0,9.0,0.0,62.0
1703.6025617211185,1.0,9.0,0.0,62.0
1703.6033024618591,1.0,9.0,0.0,62.0
1703.903302461859,1.0,9.0,0.0,62.0
1703.9040432025997,1.0,9.0,0.0,62.0
1704.2040432025997,1.0,9.0,0.0,62.0
1704.2047839433403,1.0,9.0,0.0,62.0
1704.5047839433403,1.0,9.0,0.0,62.0
1704.505524684081,1.0,9.0,0.0,62.0
1704.8055246840809,1.0,9.0,0.0,62.0
1704.8062654248215,1.0,9.0,0.0,62.0
1705.1062654248215,1.0,9.0,0.0,62.0
1705.107006165562,1.0,9.0,0.0,62.0
1705.407006165562,1.0,9.0,0.0,62.0
1705.4077469063027,1.0,9.0,0.0,62.0
1705.7077469063026,1.0,9.0,0.0,62.0
1705.7084876470433,1.0,9.0,0.0,62.0
1706.0084876470432,1.0,9.0,0.0,62.0
1706.0092283877839,1.0,9.0,0.0,62.0
1706.3092283877838,1.0,9.0,0.0,62.0
1706.3099691285245,1.0,9.0,0.0,62.0
1706.6099691285244,1.0,9.0,0.0,62.0
1706.610709869265,1.0,9.0,0.0,62.0
1706.910709869265,1.0,9.0,0.0,62.0
1706.9114506100057,1.0,9.0,0.0,62.0
1707.2114506100056,1.0,9.0,0.0,62.0
1707.2121913507463,1.0,9.0,0.0,62.0
1707.5121913507462,1.0,9.0,0.0,62.0
1707.5129320914868,1.0,9.0,0.0,62.0
1707.8129320914868,1.0,9.0,0.0,62.0
1707.8136728322274,1.0,9.0,0.0,62.0
1708.1136728322274,1.0,9.0,0.0,62.0
1708.114413572968,1.0,9.0,0.0,62.0
1708.414413572968,1.0,9.0,0.0,62.0
1708.4151543137086,1.0,9.0,0.0,62.0
1708.7151543137086,1.0,9.0,0.0,62.0
1708.7158950544492,1.0,9.0,0.0,62.0
1709.0158950544492,1.0,9.0,0.0,62.0
1709.0166357951898,1.0,9.0,0.0,62.0
1709.3166357951898,1.0,9.0,0.0,62.0
1709.3173765359304,1.0,7.0,0.0,63.0
1709.6173765359304,1.0,7.0,0.0,63.0
1709.6181660096145,1.0,7.0,0.0,63.0
1709.9181660096144,1.0,7.0,0.0,63.0
1709.9189554832985,1.0,7.0,0.0,63.0
1710.2189554832985,1.0,7.0,0.0,63.0
1710.2197449569826,1.0,7.0,0.0,63.0
1710.5197449569825,1.0,7.0,0.0,63.0
1710.5205344306667,1.0,7.0,0.0,63.0
1710.8205344306666,1.0,7.0,0.0,63.0
1710.8213239043507,1.0,7.0,0.0,63.0
1711.1213239043507,1.0,7.0,0.0,63.0
1711.1221133780348,1.0,7.0,0.0,63.0
1711.4221133780347,1.0,7.0,0.0,63.0
1711.4229028517188,1.0,7.0,0.0,63.0
1711.7229028517188,1.0,7.0,0.0,63.0
1711.723692325403,1.0,7.0,0.0,63.0
1712.0236923254029,1.0,7.0,0.0,63.0
1712.024481799087,1.0,7.0,0.0,63.0
1712.324481799087,1.0,7.0,0.0,63.0
1712.325271272771,1.0,7.0,0.0,63.0
1712.625271272771,1.0,7.0,0.0,63.0
1712.626060746455,1.0,7.0,0.0,63.0
1712.926060746455,1.0,7.0,0.0,63.0
1712.9268502201392,1.0,7.0,0.0,63.0
1713.226850220139,1.0,7.0,0.0,63.0
1713.2276396938232,1.0,7.0,0.0,63.0
1713.5276396938232,1.0,7.0,0.0,63.0
1713.5284291675073,1.0,7.0,0.0,63.0
1713.8284291675072,1.0,7.0,0.0,63.0
1713.8292186411913,1.0,7.0,0.0,63.0
1714.1292186411913,1.0,7.0,0.0,63.0
1714.1300081148754,1.0,7.0,0.0,63.0
1714.4300081148754,1.0,7.0,0.0,63.0
1714.4307975885595,1.0,7.0,0.0,63.0
1714.7307975885594,1.0,7.0,0.0,63.0
1714.7315870622435,1.0,7.0,0.0,63.0
1715.0315870622435,1.0,7.0,0.0,63.0
1715.0323765359276,1.0,7.0,0.0,63.0
1715.3323765359276,1.0,7.0,0.0,63.0
1715.3331660096117,1.0,7.0,0.0,63.0
1715.6331660096116,1.0,7.0,0.0,63.0
1715.6339554832957,1.0,7.0,0.0,63.0
1715.9339554832957,1.0,7.0,0.0,63.0
1715.9347449569798,1.0,7.0,0.0,63.0
1716.2347449569797,1.0,7.0,0.0,63.0
1716.2355344306638,1.0,7.0,0.0,63.0
1716.5355344306638,1.0,7.0,0.0,63.0
1716.536323904348,1.0,7.0,0.0,63.0
1716.8363239043479,1.0,7.0,0.0,63.0
1716.837113378032,1.0,7.0,0.0,63.0
1717.137113378032,1.0,7.0,0.0,63.0
1717.137902851716,1.0,7.0,0.0,63.0
1717.437902851716,1.0,7.0,0.0,63.0
1717.4386923254,1.0,7.0,0.0,63.0
1717.7386923254,1.0,7.0,0.0,63.0
1717.7394817990842,1.0,7.0,0.0,63.0
1718.0394817990841,1.0,7.0,0.0,63.0
1718.0402712727682,1.0,7.0,0.0,63.0
1718.3402712727682,1.0,7.0,0.0,63.0
1718.3410607464523,1.0,7.0,0.0,63.0
1718.6410607464522,1.0,7.0,0.0,63.0
1718.6418502201363,1.0,7.0,0.0,63.0
1718.9418502201363,1.0,7.0,0.0,63.0
1718.9426396938204,1.0,7.0,0.0,63.0
1719.2426396938204,1.0,7.0,0.0,63.0
1719.2434291675045,1.0,7.0,0.0,63.0
1719.5434291675044,1.0,7.0,0.0,63.0
1719.5442186411885,1.0,7.0,0.0,63.0
1719.8442186411885,1.0,7.0,0.0,63.0
1719.8450081148726,1.0,7.0,0.0,63.0
1720.1450081148726,1.0,7.0,0.0,63.0
1720.1457975885567,1.0,7.0,0.0,63.0
1720.4457975885566,1.0,7.0,0.0,63.0
1720.4465870622407,1.0,7.0,0.0,63.0
1720.7465870622407,1.0,7.0,0.0,63.0
1720.7473765359248,1.0,7.0,0.0,63.0
1721.0473765359247,1.0,7.0,0.0,63.0
1721.0481660096088,1.0,7.0,0.0,63.0
1721.3481660096088,1.0,7.0,0.0,63.0
1721.348955483293,1.0,7.0,0.0,63.0
1721.6489554832929,1.0,7.0,0.0,63.0
1721.649744956977,1.0,7.0,0.0,63.0
1721.949744956977,1.0,7.0,0.0,63.0
1721.950534430661,1.0,7.0,0.0,63.0
1722.250534430661,1.0,7.0,0.0,63.0
1722.251323904345,1.0,7.0,0.0,63.0
1722.551323904345,1.0,7.0,0.0,63.0
1722.5521133780292,1.0,7.0,0.0,63.0
1722.8521133780291,1.0,7.0,0.0,63.0
1722.8529028517132,1.0,7.0,0.0,63.0
1723.1529028517132,1.0,7.0,0.0,63.0
1723.1536923253973,1.0,7.0,0.0,63.0
1723.4536923253972,1.0,7.0,0.0,63.0
1723.4544817990813,1.0,7.0,0.0,63.0
1723.7544817990813,1.0,7.0,0.0,63.0
1723.7552712727654,1.0,7.0,0.0,63.0
1724.0552712727654,1.0,7.0,0.0,63.0
1724.0560607464495,1.0,7.0,0.0,63.0
1724.3560607464494,1.0,7.0,0.0,63.0
1724.3568502201335,1.0,7.0,0.0,63.0
1724.6568502201335,1.0,7.0,0.0,63.0
1724.6576396938176,1.0,7.0,0.0,63.0
1724.9576396938176,1.0,7.0,0.0,63.0
1724.9584291675017,1.0,7.0,0.0,63.0
1725.2584291675016,1.0,7.0,0.0,63.0
1725.2592186411857,1.0,7.0,0.0,63.0
1725.5592186411857,1.0,7.0,0.0,63.0
1725.5600081148698,1.0,7.0,0.0,63.0
1725.8600081148697,1.0,7.0,0.0,63.0
1725.8607975885539,1.0,7.0,0.0,63.0
1726.1607975885538,1.0,7.0,0.0,63.0
1726.161587062238,1.0,7.0,0.0,63.0
1726.4615870622379,1.0,7.0,0.0,63.0
1726.462376535922,1.0,7.0,0.0,63.0
1726.762376535922,1.0,7.0,0.0,63.0
1726.763166009606,1.0,7.0,0.0,63.0
1727.063166009606,1.0,7.0,0.0,63.0
1727.06395548329,1.0,7.0,0.0,63.0
1727.36395548329,1.0,7.0,0.0,63.0
1727.3647449569742,1.0,7.0,0.0,63.0
1727.6647449569741,1.0,7.0,0.0,63.0
1727.6655344306582,1.0,7.0,0.0,63.0
1727.9655344306582,1.0,7.0,0.0,63.0
1727.9663344306582,1.0,7.0,0.0,63.0
1728.2663344306582,1.0,7.0,0.0,63.0
1728.2671344306582,1.0,7.0,0.0,63.0
1728.5671344306581,1.0,7.0,0.0,63.0
1728.5679344306582,1.0,7.0,0.0,63.0
1728.8679344306581,1.0,7.0,0.0,63.0
1728.8687344306582,1.0,7.0,0.0,63.0
1729.168734430658,1.0,7.0,0.0,63.0
1729.1695344306581,1.0,7.0,0.0,63.0
1729.469534430658,1.0,7.0,0.0,63.0
1729.470334430658,1.0,7.0,0.0,63.0
1729.770334430658,1.0,7.0,0.0,63.0
1729.771134430658,1.0,7.0,0.0,63.0
1730.071134430658,1.0,7.0,0.0,63.0
1730.071934430658,1.0,7.0,0.0,63.0
1730.371934430658,1.0,7.0,0.0,63.0
1730.372734430658,1.0,7.0,0.0,63.0
1730.672734430658,1.0,7.0,0.0,63.0
1730.673534430658,1.0,7.0,0.0,63.0
1730.973534430658,1.0,7.0,0.0,63.0
1730.974334430658,1.0,7.0,0.0,63.0
1731.274334430658,1.0,7.0,0.0,63.0
1731.275134430658,1.0,7.0,0.0,63.0
1731.575134430658,1.0,7.0,0.0,63.0
1731.575934430658,1.0,7.0,0.0,63.0
1731.875934430658,1.0,7.0,0.0,63.0
1731.876734430658,1.0,7.0,0.0,63.0
1732.176734430658,1.0,7.0,0.0,63.0
1732.177534430658,1.0,7.0,0.0,63.0
1732.477534430658,1.0,7.0,0.0,63.0
1732.478334430658,1.0,7.0,0.0,63.0
1732.7783344306579,1.0,7.0,0.0,63.0
1732.779134430658,1.0,7.0,0.0,63.0
1733.0791344306579,1.0,7.0,0.0,63.0
1733.0799344306579,1.0,7.0,0.0,63.0
1733.3799344306578,1.0,7.0,0.0,63.0
1733.3807344306579,1.0,7.0,0.0,63.0
1733.6807344306578,1.0,7.0,0.0,63.0
1733.6815344306578,1.0,7.0,0.0,63.0
1733.9815344306578,1.0,7.0,0.0,63.0
1733.9823344306578,1.0,7.0,0.0,63.0
1734.2823344306578,1.0,7.0,0.0,63.0
1734.2831344306578,1.0,7.0,0.0,63.0
1734.5831344306578,1.0,7.0,0.0,63.0
1734.5839344306578,1.0,7.0,0.0,63.0
1734.8839344306577,1.0,7.0,0.0,63.0
1734.8847344306578,1.0,7.0,0.0,63.0
1735.1847344306577,1.0,7.0,0.0,63.0
1735.1855344306578,1.0,7.0,0.0,63.0
1735.4855344306577,1.0,7.0,0.0,63.0
1735.4863344306577,1.0,7.0,0.0,63.0
1735.7863344306577,1.0,7.0,0.0,63.0
1735.7871344306577,1.0,7.0,0.0,63.0
1736.0871344306577,1.0,7.0,0.0,63.0
1736.0879344306577,1.0,7.0,0.0,63.0
1736.3879344306577,1.0,7.0,0.0,63.0
1736.3887344306577,1.0,7.0,0.0,63.0
1736.6887344306576,1.0,7.0,0.0,63.0
1736.6895344306577,1.0,7.0,0.0,63.0
1736.9895344306576,1.0,7.0,0.0,63.0
1736.9903344306576,1.0,7.0,0.0,63.0
1737.2903344306576,1.0,7.0,0.0,63.0
1737.2911344306576,1.0,7.0,0.0,63.0
1737.5911344306576,1.0,7.0,0.0,63.0
1737.5919344306576,1.0,7.0,0.0,63.0
1737.8919344306576,1.0,7.0,0.0,63.0
1737.8927344306576,1.0,7.0,0.0,63.0
1738.1927344306575,1.0,7.0,0.0,63.0
1738.1935344306576,1.0,7.0,0.0,63.0
1738.4935344306575,1.0,7.0,0.0,63.0
1738.4943344306575,1.0,7.0,0.0,63.0
1738.7943344306575,1.0,7.0,0.0,63.0
1738.7951344306575,1.0,7.0,0.0,63.0
1739.0951344306575,1.0,7.0,0.0,63.0
1739.0959344306575,1.0,7.0,0.0,63.0
1739.3959344306575,1.0,7.0,0.0,63.0
1739.3967344306575,1.0,7.0,0.0,63.0
1739.6967344306574,1.0,7.0,0.0,63.0
1739.6975344306575,1.0,7.0,0.0,63.0
1739.9975344306574,1.0,7.0,0.0,63.0
1739.9983344306575,1.0,7.0,0.0,63.0
1740.2983344306574,1.0,7.0,0.0,63.0
1740.2991344306574,1.0,7.0,0.0,63.0
1740.5991344306574,1.0,7.0,0.0,63.0
1740.5999344306574,1.0,7.0,0.0,63.0
1740.8999344306574,1.0,7.0,0.0,63.0
1740.9007344306574,1.0,7.0,0.0,63.0
1741.2007344306573,1.0,7.0,0.0,63.0
1741.2015344306574,1.0,7.0,0.0,63.0
1741.5015344306573,1.0,7.0,0.0,63.0
1741.5023344306574,1.0,7.0,0.0,63.0
1741.8023344306573,1.0,7.0,0.0,63.0
1741.8031344306573,1.0,7.0,0.0,63.0
1742.1031344306573,1.0,7.0,0.0,63.0
1742.1039344306573,1.0,7.0,0.0,63.0
1742.4039344306573,1.0,7.0,0.0,63.0
1742.4047344306573,1.0,7.0,0.0,63.0
1742.7047344306573,1.0,7.0,0.0,63.0
1742.7055344306573,1.0,7.0,0.0,63.0
1743.0055344306572,1.0,7.0,0.0,63.0
1743.0063344306573,1.0,7.0,0.0,63.0
1743.3063344306572,1.0,7.0,0.0,63.0
1743.3071344306572,1.0,7.0,0.0,63.0
1743.6071344306572,1.0,7.0,0.0,63.0
1743.6079344306572,1.0,7.0,0.0,63.0
1743.9079344306572,1.0,7.0,0.0,63.0
1743.9087344306572,1.0,7.0,0.0,63.0
1744.2087344306572,1.0,7.0,0.0,63.0
1744.2095344306572,1.0,7.0,0.0,63.0
1744.5095344306571,1.0,7.0,0.0,63.0
1744.5103344306572,1.0,7.0,0.0,63.0
1744.8103344306571,1.0,7.0,0.0,63.0
1744.8111344306571,1.0,7.0,0.0,63.0
1745.111134430657,1.0,7.0,0.0,63.0
1745.1119344306571,1.0,7.0,0.0,63.0
1745.411934430657,1.0,7.0,0.0,63.0
1745.412734430657,1.0,7.0,0.0,63.0
1745.712734430657,1.0,7.0,0.0,63.0
1745.713534430657,1.0,7.0,0.0,63.0
1746.013534430657,1.0,7.0,0.0,63.0
1746.014334430657,1.0,7.0,0.0,63.0
1746.314334430657,1.0,7.0,0.0,63.0
1746.315134430657,1.0,7.0,0.0,63.0
1746.615134430657,1.0,7.0,0.0,63.0
1746.615934430657,1.0,7.0,0.0,63.0
1746.915934430657,1.0,7.0,0.0,63.0
1746.916734430657,1.0,7.0,0.0,63.0
1747.216734430657,1.0,7.0,0.0,63.0
1747.217534430657,1.0,7.0,0.0,63.0
1747.517534430657,1.0,7.0,0.0,63.0
1747.518334430657,1.0,7.0,0.0,63.0
1747.818334430657,1.0,7.0,0.0,63.0
1747.819134430657,1.0,7.0,0.0,63.0
1748.119134430657,1.0,7.0,0.0,63.0
1748.119934430657,1.0,7.0,0.0,63.0
1748.419934430657,1.0,7.0,0.0,63.0
1748.420734430657,1.0,7.0,0.0,63.0
1748.7207344306569,1.0,7.0,0.0,63.0
1748.721534430657,1.0,7.0,0.0,63.0
1749.0215344306569,1.0,7.0,0.0,63.0
1749.0223344306569,1.0,7.0,0.0,63.0
1749.3223344306568,1.0,7.0,0.0,63.0
1749.3231344306569,1.0,7.0,0.0,63.0
1749.6231344306568,1.0,7.0,0.0,63.0
1749.6239344306568,1.0,7.0,0.0,63.0
1749.9239344306568,1.0,7.0,0.0,63.0
1749.9247344306568,1.0,7.0,0.0,63.0
1750.2247344306568,1.0,7.0,0.0,63.0
1750.2255344306568,1.0,7.0,0.0,63.0
1750.5255344306568,1.0,7.0,0.0,63.0
1750.5263344306568,1.0,7.0,0.0,63.0
1750.8263344306567,1.0,7.0,0.0,63.0
1750.8271344306568,1.0,7.0,0.0,63.0
1751.1271344306567,1.0,7.0,0.0,63.0
1751.1279344306568,1.0,7.0,0.0,63.0
1751.4279344306567,1.0,7.0,0.0,63.0
1751.4287344306567,1.0,7.0,0.0,63.0
1751.7287344306567,1.0,7.0,0.0,63.0
1751.7295344306567,1.0,7.0,0.0,63.0
1752.0295344306567,1.0,7.0,0.0,63.0
1752.0303344306567,1.0,7.0,0.0,63.0
1752.3303344306566,1.0,7.0,0.0,63.0
1752.3311344306567,1.0,7.0,0.0,63.0
1752.6311344306566,1.0,7.0,0.0,63.0
1752.6319344306567,1.0,7.0,0.0,63.0
1752.9319344306566,1.0,7.0,0.0,63.0
1752.9327344306566,1.0,7.0,0.0,63.0
1753.2327344306566,1.0,7.0,0.0,63.0
1753.2335344306566,1.0,7.0,0.0,63.0
1753.5335344306566,1.0,7.0,0.0,63.0
1753.5343344306566,1.0,7.0,0.0,63.0
1753.8343344306566,1.0,7.0,0.0,63.0
1753.8351344306566,1.0,7.0,0.0,63.0
1754.1351344306565,1.0,7.0,0.0,63.0
1754.1359344306566,1.0,7.0,0.0,63.0
1754.4359344306565,1.0,7.0,0.0,63.0
1754.4367344306565,1.0,7.0,0.0,63.0
1754.7367344306565,1.0,7.0,0.0,63.0
1754.7375344306565,1.0,7.0,0.0,63.0
1755.0375344306565,1.0,7.0,0.0,63.0
1755.0383344306565,1.0,7.0,0.0,63.0
1755.3383344306565,1.0,7.0,0.0,63.0
1755.3391344306565,1.0,7.0,0.0,63.0
1755.6391344306564,1.0,7.0,0.0,63.0
1755.6399344306565,1.0,7.0,0.0,63.0
1755.9399344306564,1.0,7.0,0.0,63.0
1755.9407344306564,1.0,7.0,0.0,63.0
1756.2407344306564,1.0,7.0,0.0,63.0
1756.2415344306564,1.0,7.0,0.0,63.0
1756.5415344306564,1.0,7.0,0.0,63.0
1756.5423344306564,1.0,7.0,0.0,63.0
1756.8423344306564,1.0,7.0,0.0,63.0
1756.8431344306564,1.0,7.0,0.0,63.0
1757.1431344306563,1.0,7.0,0.0,63.0
1757.1439344306564,1.0,7.0,0.0,63.0
1757.4439344306563,1.0,7.0,0.0,63.0
1757.4447344306564,1.0,7.0,0.0,63.0
1757.7447344306563,1.0,7.0,0.0,63.0
1757.7455344306563,1.0,7.0,0.0,63.0
1758.0455344306563,1.0,7.0,0.0,63.0
1758.0463452414672,1.0,7.0,0.0,63.0
1758.3463452414671,1.0,7.0,0.0,63.0
1758.347156052278,1.0,7.0,0.0,63.0
1758.647156052278,1.0,7.0,0.0,63.0
1758.6479668630889,1.0,7.0,0.0,63.0
1758.9479668630888,1.0,7.0,0.0,63.0
1758.9487776738997,1.0,7.0,0.0,63.0
1759.2487776738997,1.0,7.0,0.0,63.0
1759.2495884847106,1.0,7.0,0.0,63.0
1759.5495884847105,1.0,7.0,0.0,63.0
1759.5503992955214,1.0,7.0,0.0,63.0
1759.8503992955214,1.0,7.0,0.0,63.0
1759.8512101063322,1.0,7.0,0.0,63.0
1760.1512101063322,1.0,7.0,0.0,63.0
1760.1520101063322,1.0,7.0,0.0,63.0
1760.4520101063322,1.0,7.0,0.0,63.0
1760.4528101063322,1.0,7.0,0.0,63.0
1760.7528101063322,1.0,7.0,0.0,63.0
1760.7536101063322,1.0,7.0,0.0,63.0
1761.0536101063321,1.0,7.0,0.0,63.0
1761.0544101063322,1.0,7.0,0.0,63.0
1761.3544101063321,1.0,7.0,0.0,63.0
1761.3552101063322,1.0,7.0,0.0,63.0
1761.655210106332,1.0,7.0,0.0,63.0
1761.6560101063321,1.0,7.0,0.0,63.0
1761.956010106332,1.0,7.0,0.0,63.0
1761.9568101063321,1.0,7.0,0.0,63.0
1762.256810106332,1.0,7.0,0.0,63.0
1762.257610106332,1.0,7.0,0.0,63.0
1762.557610106332,1.0,7.0,0.0,63.0
1762.558410106332,1.0,7.0,0.0,63.0
1762.858410106332,1.0,7.0,0.0,63.0
1762.859210106332,1.0,7.0,0.0,63.0
1763.159210106332,1.0,7.0,0.0,63.0
1763.160010106332,1.0,7.0,0.0,63.0
1763.460010106332,1.0,7.0,0.0,63.0
1763.460810106332,1.0,7.0,0.0,63.0
1763.760810106332,1.0,7.0,0.0,63.0
1763.761610106332,1.0,7.0,0.0,63.0
1764.061610106332,1.0,7.0,0.0,63.0
1764.062410106332,1.0,7.0,0.0,63.0
1764.362410106332,1.0,7.0,0.0,63.0
1764.363210106332,1.0,7.0,0.0,63.0
1764.663210106332,1.0,7.0,0.0,63.0
1764.664010106332,1.0,7.0,0.0,63.0
1764.964010106332,1.0,7.0,0.0,63.0
1764.964810106332,1.0,7.0,0.0,63.0
1765.2648101063319,1.0,7.0,0.0,63.0
1765.265610106332,1.0,7.0,0.0,63.0
1765.5656101063319,1.0,7.0,0.0,63.0
1765.566410106332,1.0,7.0,0.0,63.0
1765.8664101063318,1.0,7.0,0.0,63.0
1765.8672101063319,1.0,7.0,0.0,63.0
1766.1672101063318,1.0,7.0,0.0,63.0
1766.1680101063318,1.0,7.0,0.0,63.0
1766.4680101063318,1.0,7.0,0.0,63.0
1766.4688101063318,1.0,7.0,0.0,63.0
1766.7688101063318,1.0,7.0,0.0,63.0
1766.7696101063318,1.0,7.0,0.0,63.0
1767.0696101063318,1.0,7.0,0.0,63.0
1767.0704101063318,1.0,7.0,0.0,63.0
1767.3704101063317,1.0,7.0,0.0,63.0
1767.3712101063318,1.0,7.0,0.0,63.0
1767.6712101063317,1.0,7.0,0.0,63.0
1767.6720101063318,1.0,5.0,0.0,64.0
1767.9720101063317,1.0,5.0,0.0,64.0
1767.9728101063317,1.0,5.0,0.0,64.0
1768.2728101063317,1.0,5.0,0.0,64.0
1768.2736101063317,1.0,5.0,0.0,64.0
1768.5736101063317,1.0,5.0,0.0,64.0
1768.5744101063317,1.0,5.0,0.0,64.0
1768.8744101063317,1.0,5.0,0.0,64.0
1768.8752101063317,1.0,5.0,0.0,64.0
1769.1752101063316,1.0,5.0,0.0,64.0
1769.1760101063317,1.0,5.0,0.0,64.0
1769.4760101063316,1.0,5.0,0.0,64.0
1769.4768101063316,1.0,5.0,0.0,64.0
1769.7768101063316,1.0,5.0,0.0,64.0
1769.7776101063316,1.0,5.0,0.0,64.0
1770.0776101063316,1.0,5.0,0.0,64.0
1770.0783995800157,1.0,5.0,0.0,64.0
1770.3783995800156,1.0,5.0,0.0,64.0
1770.3791890536997,1.0,5.0,0.0,64.0
1770.6791890536997,1.0,5.0,0.0,64.0
1770.6799785273838,1.0,5.0,0.0,64.0
1770.9799785273838,1.0,5.0,0.0,64.0
1770.9807680010679,1.0,5.0,0.0,64.0
1771.2807680010678,1.0,5.0,0.0,64.0
1771.281557474752,1.0,5.0,0.0,64.0
1771.581557474752,1.0,5.0,0.0,64.0
1771.582346948436,1.0,5.0,0.0,64.0
1771.882346948436,1.0,5.0,0.0,64.0
1771.88313642212,1.0,5.0,0.0,64.0
1772.18313642212,1.0,5.0,0.0,64.0
1772.1839258958041,1.0,5.0,0.0,64.0
1772.483925895804,1.0,5.0,0.0,64.0
1772.4847153694882,1.0,5.0,0.0,64.0
1772.7847153694881,1.0,5.0,0.0,64.0
1772.7855048431722,1.0,5.0,0.0,64.0
1773.0855048431722,1.0,5.0,0.0,64.0
1773.0862943168563,1.0,5.0,0.0,64.0
1773.3862943168563,1.0,5.0,0.0,64.0
1773.3870837905404,1.0,5.0,0.0,64.0
1773.6870837905403,1.0,5.0,0.0,64.0
1773.6878732642244,1.0,5.0,0.0,64.0
1773.9878732642244,1.0,5.0,0.0,64.0
1773.9886627379085,1.0,5.0,0.0,64.0
1774.2886627379085,1.0,5.0,0.0,64.0
1774.2894522115926,1.0,5.0,0.0,64.0
1774.5894522115925,1.0,5.0,0.0,64.0
1774.5902416852766,1.0,5.0,0.0,64.0
1774.8902416852766,1.0,5.0,0.0,64.0
1774.8910311589607,1.0,5.0,0.0,64.0
1775.1910311589606,1.0,5.0,0.0,64.0
1775.1918206326447,1.0,5.0,0.0,64.0
1775.4918206326447,1.0,5.0,0.0,64.0
1775.4926101063288,1.0,5.0,0.0,64.0
1775.7926101063288,1.0,5.0,0.0,64.0
1775.7933995800129,1.0,5.0,0.0,64.0
1776.0933995800128,1.0,5.0,0.0,64.0
1776.094189053697,1.0,5.0,0.0,64.0
1776.394189053697,1.0,5.0,0.0,64.0
1776.394978527381,1.0,5.0,0.0,64.0
1776.694978527381,1.0,5.0,0.0,64.0
1776.695768001065,1.0,5.0,0.0,64.0
1776.995768001065,1.0,5.0,0.0,64.0
1776.9965574747491,1.0,5.0,0.0,64.0
1777.296557474749,1.0,5.0,0.0,64.0
1777.2973469484332,1.0,5.0,0.0,64.0
1777.5973469484331,1.0,5.0,0.0,64.0
1777.5981469484332,1.0,5.0,0.0,64.0
1777.8981469484331,1.0,5.0,0.0,64.0
1777.8989469484331,1.0,5.0,0.0,64.0
1778.198946948433,1.0,5.0,0.0,64.0
1778.1997469484331,1.0,5.0,0.0,64.0
1778.499746948433,1.0,5.0,0.0,64.0
1778.500546948433,1.0,5.0,0.0,64.0
1778.800546948433,1.0,5.0,0.0,64.0
1778.801346948433,1.0,5.0,0.0,64.0
1779.101346948433,1.0,5.0,0.0,64.0
1779.102146948433,1.0,5.0,0.0,64.0
1779.402146948433,1.0,5.0,0.0,64.0
1779.402946948433,1.0,5.0,0.0,64.0
1779.702946948433,1.0,5.0,0.0,64.0
1779.703746948433,1.0,5.0,0.0,64.0
1780.003746948433,1.0,5.0,0.0,64.0
1780.004546948433,1.0,5.0,0.0,64.0
1780.304546948433,1.0,5.0,0.0,64.0
1780.305346948433,1.0,5.0,0.0,64.0
1780.605346948433,1.0,5.0,0.0,64.0
1780.606146948433,1.0,5.0,0.0,64.0
1780.906146948433,1.0,5.0,0.0,64.0
1780.906946948433,1.0,5.0,0.0,64.0
1781.206946948433,1.0,5.0,0.0,64.0
1781.207746948433,1.0,5.0,0.0,64.0
1781.507746948433,1.0,5.0,0.0,64.0
1781.508546948433,1.0,5.0,0.0,64.0
1781.8085469484329,1.0,5.0,0.0,64.0
1781.809346948433,1.0,5.0,0.0,64.0
1782.1093469484329,1.0,5.0,0.0,64.0
1782.1101469484329,1.0,5.0,0.0,64.0
1782.4101469484328,1.0,5.0,0.0,64.0
1782.4109469484329,1.0,5.0,0.0,64.0
1782.7109469484328,1.0,5.0,0.0,64.0
1782.7117469484328,1.0,5.0,0.0,64.0
1783.0117469484328,1.0,5.0,0.0,64.0
1783.0125469484328,1.0,5.0,0.0,64.0
1783.3125469484328,1.0,5.0,0.0,64.0
1783.3133469484328,1.0,5.0,0.0,64.0
1783.6133469484328,1.0,5.0,0.0,64.0
1783.6141469484328,1.0,5.0,0.0,64.0
1783.9141469484327,1.0,5.0,0.0,64.0
1783.9149469484328,1.0,5.0,0.0,64.0
1784.2149469484327,1.0,5.0,0.0,64.0
1784.2157469484328,1.0,5.0,0.0,64.0
1784.5157469484327,1.0,5.0,0.0,64.0
1784.5165469484327,1.0,3.0,0.0,65.0
1784.8165469484327,1.0,3.0,0.0,65.0
1784.8173469484327,1.0,3.0,0.0,65.0
1785.1173469484327,1.0,3.0,0.0,65.0
1785.1181469484327,1.0,3.0,0.0,65.0
1785.4181469484326,1.0,3.0,0.0,65.0
1785.4189469484327,1.0,3.0,0.0,65.0
1785.7189469484326,1.0,3.0,0.0,65.0
1785.7197469484327,1.0,3.0,0.0,65.0
1786.0197469484326,1.0,3.0,0.0,65.0
1786.0205469484326,1.0,3.0,0.0,65.0
1786.3205469484326,1.0,3.0,0.0,65.0
1786.3213469484326,1.0,3.0,0.0,65.0
1786.6213469484326,1.0,3.0,0.0,65.0
1786.6221469484326,1.0,3.0,0.0,65.0
1786.9221469484326,1.0,3.0,0.0,65.0
1786.9229469484326,1.0,3.0,0.0,65.0
1787.2229469484325,1.0,3.0,0.0,65.0
1787.2237469484326,1.0,3.0,0.0,65.0
1787.5237469484325,1.0,3.0,0.0,65.0
1787.5245469484325,1.0,3.0,0.0,65.0
1787.8245469484325,1.0,3.0,0.0,65.0
1787.8253577592434,1.0,3.0,0.0,65.0
1788.1253577592433,1.0,3.0,0.0,65.0
1788.1261685700542,1.0,3.0,0.0,65.0
1788.4261685700542,1.0,3.0,0.0,65.0
1788.426979380865,1.0,3.0,0.0,65.0
1788.726979380865,1.0,3.0,0.0,65.0
1788.727790191676,1.0,3.0,0.0,65.0
1789.0277901916759,1.0,3.0,0.0,65.0
1789.0286010024868,1.0,3.0,0.0,65.0
1789.3286010024867,1.0,3.0,0.0,65.0
1789.3294118132976,1.0,3.0,0.0,65.0
1789.6294118132976,1.0,3.0,0.0,65.0
1789.6302226241085,1.0,3.0,0.0,65.0
1789.9302226241084,1.0,3.0,0.0,65.0
1789.9310334349193,1.0,3.0,0.0,65.0
1790.2310334349193,1.0,3.0,0.0,65.0
1790.2318442457301,1.0,3.0,0.0,65.0
1790.53184424573,1.0,3.0,0.0,65.0
1790.532655056541,1.0,3.0,0.0,65.0
1790.832655056541,1.0,3.0,0.0,65.0
1790.8334658673518,1.0,3.0,0.0,65.0
1791.1334658673518,1.0,3.0,0.0,65.0
1791.1342766781627,1.0,3.0,0.0,65.0
1791.4342766781626,1.0,3.0,0.0,65.0
1791.4350874889735,1.0,3.0,0.0,65.0
1791.7350874889735,1.0,3.0,0.0,65.0
1791.7358982997844,1.0,3.0,0.0,65.0
1792.0358982997843,1.0,3.0,0.0,65.0
1792.0367091105952,1.0,3.0,0.0,65.0
1792.3367091105952,1.0,3.0,0.0,65.0
1792.337519921406,1.0,3.0,0.0,65.0
1792.637519921406,1.0,3.0,0.0,65.0
1792.638330732217,1.0,3.0,0.0,65.0
1792.9383307322169,1.0,3.0,0.0,65.0
1792.9391415430277,1.0,3.0,0.0,65.0
1793.2391415430277,1.0,3.0,0.0,65.0
1793.2399523538386,1.0,3.0,0.0,65.0
1793.5399523538385,1.0,3.0,0.0,65.0
1793.5407631646494,1.0,3.0,0.0,65.0
1793.8407631646494,1.0,3.0,0.0,65.0
1793.8415739754603,1.0,3.0,0.0,65.0
1794.1415739754602,1.0,3.0,0.0,65.0
1794.1423847862711,1.0,3.0,0.0,65.0
1794.442384786271,1.0,3.0,0.0,65.0
1794.443195597082,1.0,3.0,0.0,65.0
1794.743195597082,1.0,3.0,0.0,65.0
1794.7440064078928,1.0,3.0,0.0,65.0
1795.0440064078928,1.0,3.0,0.0,65.0
1795.0448172187037,1.0,3.0,0.0,65.0
1795.3448172187036,1.0,3.0,0.0,65.0
1795.3456280295145,1.0,3.0,0.0,65.0
1795.6456280295145,1.0,3.0,0.0,65.0
1795.6464388403253,1.0,3.0,0.0,65.0
1795.9464388403253,1.0,3.0,0.0,65.0
1795.9472496511362,1.0,3.0,0.0,65.0
1796.2472496511361,1.0,3.0,0.0,65.0
1796.248060461947,1.0,3.0,0.0,65.0
1796.548060461947,1.0,3.0,0.0,65.0
1796.5488712727579,1.0,3.0,0.0,65.0
1796.8488712727578,1.0,3.0,0.0,65.0
1796.8496820835687,1.0,3.0,0.0,65.0
1797.1496820835687,1.0,3.0,0.0,65.0
1797.1504928943796,1.0,3.0,0.0,65.0
1797.4504928943795,1.0,3.0,0.0,65.0
1797.4513037051904,1.0,3.0,0.0,65.0
1797.7513037051904,1.0,3.0,0.0,65.0
1797.7521145160013,1.0,3.0,0.0,65.0
1798.0521145160012,1.0,3.0,0.0,65.0
1798.052925326812,1.0,3.0,0.0,65.0
1798.352925326812,1.0,3.0,0.0,65.0
1798.353736137623,1.0,3.0,0.0,65.0
1798.653736137623,1.0,3.0,0.0,65.0
1798.6545469484338,1.0,3.0,0.0,65.0
1798.9545469484337,1.0,3.0,0.0,65.0
1798.9553577592446,1.0,3.0,0.0,65.0
1799.2553577592446,1.0,3.0,0.0,65.0
1799.2561685700555,1.0,3.0,0.0,65.0
1799.5561685700554,1.0,3.0,0.0,65.0
1799.5569793808663,1.0,3.0,0.0,65.0
1799.8569793808663,1.0,3.0,0.0,65.0
1799.8577901916772,1.0,3.0,0.0,65.0
1800.1577901916771,1.0,3.0,0.0,65.0
1800.158601002488,1.0,3.0,0.0,65.0
1800.458601002488,1.0,3.0,0.0,65.0
1800.4594118132989,1.0,3.0,0.0,65.0
1800.7594118132988,1.0,3.0,0.0,65.0
1800.7602226241097,1.0,3.0,0.0,65.0
1801.0602226241097,1.0,3.0,0.0,65.0
1801.0610334349205,1.0,3.0,0.0,65.0
1801.3610334349205,1.0,3.0,0.0,65.0
1801.3618442457314,1.0,3.0,0.0,65.0
1801.6618442457313,1.0,3.0,0.0,65.0
1801.6626550565422,1.0,3.0,0.0,65.0
1801.9626550565422,1.0,3.0,0.0,65.0
1801.963465867353,1.0,3.0,0.0,65.0
1802.263465867353,1.0,3.0,0.0,65.0
1802.264276678164,1.0,3.0,0.0,65.0
1802.5642766781639,1.0,3.0,0.0,65.0
1802.5650874889748,1.0,3.0,0.0,65.0
1802.8650874889747,1.0,3.0,0.0,65.0
1802.8658982997856,1.0,3.0,0.0,65.0
1803.1658982997856,1.0,3.0,0.0,65.0
1803.1667091105965,1.0,3.0,0.0,65.0
1803.4667091105964,1.0,3.0,0.0,65.0
1803.4675199214073,1.0,3.0,0.0,65.0
1803.7675199214073,1.0,3.0,0.0,65.0
1803.7683307322181,1.0,3.0,0.0,65.0
1804.068330732218,1.0,3.0,0.0,65.0
1804.069141543029,1.0,3.0,0.0,65.0
1804.369141543029,1.0,3.0,0.0,65.0
1804.3699523538398,1.0,3.0,0.0,65.0
1804.6699523538398,1.0,3.0,0.0,65.0
1804.6707631646507,1.0,3.0,0.0,65.0
1804.9707631646506,1.0,3.0,0.0,65.0
1804.9715739754615,1.0,3.0,0.0,65.0
1805.2715739754615,1.0,3.0,0.0,65.0
1805.2723847862724,1.0,3.0,0.0,65.0
1805.5723847862723,1.0,3.0,0.0,65.0
1805.5731955970832,1.0,3.0,0.0,65.0
1805.8731955970832,1.0,3.0,0.0,65.0
1805.874006407894,1.0,3.0,0.0,65.0
1806.174006407894,1.0,3.0,0.0,65.0
1806.174817218705,1.0,3.0,0.0,65.0
1806.4748172187049,1.0,3.0,0.0,65.0
1806.4756280295157,1.0,3.0,0.0,64.0
1806.7756280295157,1.0,3.0,0.0,64.0
1806.7764388403266,1.0,3.0,0.0,64.0
1807.0764388403265,1.0,3.0,0.0,64.0
1807.0772496511374,1.0,3.0,0.0,64.0
1807.3772496511374,1.0,3.0,0.0,64.0
1807.3780604619483,1.0,3.0,0.0,64.0
1807.6780604619482,1.0,3.0,0.0,64.0
1807.6788712727591,1.0,3.0,0.0,64.0
1807.978871272759,1.0,3.0,0.0,64.0
1807.97968208357,1.0,3.0,0.0,64.0
1808.27968208357,1.0,3.0,0.0,64.0
1808.2804928943808,1.0,3.0,0.0,64.0
1808.5804928943808,1.0,3.0,0.0,64.0
1808.5813037051917,1.0,3.0,0.0,64.0
1808.8813037051916,1.0,3.0,0.0,64.0
1808.8821145160025,1.0,3.0,0.0,64.0
1809.1821145160025,1.0,3.0,0.0,64.0
1809.1829253268133,1.0,3.0,0.0,64.0
1809.4829253268133,1.0,3.0,0.0,64.0
1809.4837361376242,1.0,3.0,0.0,64.0
1809.7837361376241,1.0,3.0,0.0,64.0
1809.784546948435,1.0,3.0,0.0,64.0
1810.084546948435,1.0,3.0,0.0,64.0
1810.0853577592459,1.0,3.0,0.0,64.0
1810.3853577592458,1.0,3.0,0.0,64.0
1810.3861685700567,1.0,3.0,0.0,64.0
1810.6861685700567,1.0,3.0,0.0,64.0
1810.6869793808676,1.0,3.0,0.0,64.0
1810.9869793808675,1.0,3.0,0.0,64.0
1810.9877901916784,1.0,3.0,0.0,64.0
1811.2877901916784,1.0,3.0,0.0,64.0
1811.2886010024893,1.0,3.0,0.0,64.0
1811.5886010024892,1.0,3.0,0.0,64.0
1811.5894229202975,1.0,3.0,0.0,64.0
1811.8894229202974,1.0,3.0,0.0,64.0
1811.8902448381057,1.0,3.0,0.0,64.0
1812.1902448381056,1.0,3.0,0.0,64.0
1812.1910667559139,1.0,3.0,0.0,64.0
1812.4910667559138,1.0,3.0,0.0,64.0
1812.491888673722,1.0,3.0,0.0,64.0
1812.791888673722,1.0,3.0,0.0,64.0
1812.7927105915303,1.0,3.0,0.0,64.0
1813.0927105915302,1.0,3.0,0.0,64.0
1813.0935325093385,1.0,3.0,0.0,64.0
1813.3935325093385,1.0,3.0,0.0,64.0
1813.3943544271467,1.0,3.0,0.0,64.0
1813.6943544271467,1.0,3.0,0.0,64.0
1813.695176344955,1.0,3.0,0.0,64.0
1813.9951763449549,1.0,3.0,0.0,64.0
1813.9959982627631,1.0,3.0,0.0,64.0
1814.295998262763,1.0,3.0,0.0,64.0
1814.2968201805713,1.0,3.0,0.0,64.0
1814.5968201805713,1.0,3.0,0.0,64.0
1814.5976420983795,1.0,3.0,0.0,64.0
1814.8976420983795,1.0,3.0,0.0,64.0
1814.8984640161877,1.0,3.0,0.0,64.0
1815.1984640161877,1.0,3.0,0.0,64.0
1815.199285933996,1.0,3.0,0.0,64.0
1815.499285933996,1.0,3.0,0.0,64.0
1815.5001078518042,1.0,3.0,0.0,64.0
1815.8001078518041,1.0,3.0,0.0,64.0
1815.8009411851374,1.0,3.0,0.0,64.0
1816.1009411851373,1.0,3.0,0.0,64.0
1816.1017745184706,1.0,3.0,0.0,64.0
1816.4017745184706,1.0,3.0,0.0,64.0
1816.4026078518039,1.0,3.0,0.0,64.0
1816.7026078518038,1.0,3.0,0.0,64.0
1816.703441185137,1.0,3.0,0.0,64.0
1817.003441185137,1.0,3.0,0.0,64.0
1817.0042745184703,1.0,3.0,0.0,64.0
1817.3042745184703,1.0,3.0,0.0,64.0
1817.3051078518035,1.0,3.0,0.0,64.0
1817.6051078518035,1.0,3.0,0.0,64.0
1817.6059297696117,1.0,3.0,0.0,64.0
1817.9059297696117,1.0,3.0,0.0,64.0
1817.90675168742,1.0,3.0,0.0,64.0
1818.20675168742,1.0,3.0,0.0,64.0
1818.2075736052282,1.0,3.0,0.0,64.0
1818.5075736052281,1.0,3.0,0.0,64.0
1818.5083955230364,1.0,3.0,0.0,64.0
1818.8083955230363,1.0,3.0,0.0,64.0
1818.8092174408446,1.0,3.0,0.0,64.0
1819.1092174408445,1.0,3.0,0.0,64.0
1819.1100393586528,1.0,3.0,0.0,64.0
1819.4100393586527,1.0,3.0,0.0,64.0
1819.410861276461,1.0,3.0,0.0,64.0
1819.710861276461,1.0,3.0,0.0,64.0
1819.7116831942692,1.0,3.0,0.0,64.0
1820.0116831942692,1.0,3.0,0.0,64.0
1820.0125051120774,1.0,3.0,0.0,64.0
1820.3125051120774,1.0,3.0,0.0,64.0
1820.3133270298856,1.0,3.0,0.0,64.0
1820.6133270298856,1.0,3.0,0.0,64.0
1820.6141489476938,1.0,3.0,0.0,64.0
1820.9141489476938,1.0,3.0,0.0,64.0
1820.914970865502,1.0,3.0,0.0,64.0
1821.214970865502,1.0,3.0,0.0,64.0
1821.2157927833102,1.0,3.0,0.0,64.0
1821.5157927833102,1.0,3.0,0.0,64.0
1821.5166147011184,1.0,3.0,0.0,64.0
1821.8166147011184,1.0,3.0,0.0,64.0
1821.8174366189266,1.0,3.0,0.0,64.0
1822.1174366189266,1.0,3.0,0.0,64.0
1822.1182585367349,1.0,3.0,0.0,64.0
1822.4182585367348,1.0,3.0,0.0,64.0
1822.419080454543,1.0,3.0,0.0,64.0
1822.719080454543,1.0,3.0,0.0,64.0
1822.7199023723513,1.0,3.0,0.0,64.0
1823.0199023723512,1.0,3.0,0.0,64.0
1823.0207242901595,1.0,3.0,0.0,64.0
1823.3207242901594,1.0,3.0,0.0,64.0
1823.3215462079677,1.0,3.0,0.0,64.0
1823.6215462079676,1.0,3.0,0.0,64.0
1823.622368125776,1.0,3.0,0.0,64.0
1823.9223681257758,1.0,3.0,0.0,64.0
1823.923190043584,1.0,3.0,0.0,64.0
1824.223190043584,1.0,3.0,0.0,64.0
1824.2240119613923,1.0,3.0,0.0,64.0
1824.5240119613923,1.0,3.0,0.0,64.0
1824.5248338792005,1.0,3.0,0.0,64.0
1824.8248338792005,1.0,3.0,0.0,64.0
1824.8256557970087,1.0,3.0,0.0,64.0
1825.1256557970087,1.0,3.0,0.0,64.0
1825.126477714817,1.0,3.0,0.0,64.0
1825.4264777148169,1.0,3.0,0.0,64.0
1825.4272996326251,1.0,3.0,0.0,64.0
1825.727299632625,1.0,3.0,0.0,64.0
1825.7281215504333,1.0,3.0,0.0,64.0
1826.0281215504333,1.0,3.0,0.0,64.0
1826.0289434682416,1.0,3.0,0.0,64.0
1826.3289434682415,1.0,3.0,0.0,64.0
1826.3297653860498,1.0,3.0,0.0,64.0
1826.6297653860497,1.0,3.0,0.0,64.0
1826.630587303858,1.0,3.0,0.0,64.0
1826.930587303858,1.0,3.0,0.0,64.0
1826.9314092216662,1.0,3.0,0.0,64.0
1827.2314092216661,1.0,3.0,0.0,64.0
1827.2322311394744,1.0,3.0,0.0,64.0
1827.5322311394743,1.0,3.0,0.0,64.0
1827.5330530572826,1.0,3.0,0.0,64.0
1827.8330530572825,1.0,3.0,0.0,64.0
1827.8338749750908,1.0,3.0,0.0,64.0
1828.1338749750907,1.0,3.0,0.0,64.0
1828.134696892899,1.0,3.0,0.0,64.0
1828.434696892899,1.0,3.0,0.0,64.0
1828.4355188107072,1.0,3.0,0.0,64.0
1828.7355188107072,1.0,3.0,0.0,64.0
1828.7363407285154,1.0,3.0,0.0,64.0
1829.0363407285154,1.0,3.0,0.0,64.0
1829.0371626463236,1.0,3.0,0.0,64.0
1829.3371626463236,1.0,3.0,0.0,64.0
1829.3379845641318,1.0,3.0,0.0,64.0
1829.6379845641318,1.0,3.0,0.0,64.0
1829.63880648194,1.0,3.0,0.0,64.0
1829.93880648194,1.0,3.0,0.0,64.0
1829.9396283997482,1.0,3.0,0.0,64.0
1830.2396283997482,1.0,3.0,0.0,64.0
1830.2404503175565,1.0,3.0,0.0,64.0
1830.5404503175564,1.0,3.0,0.0,64.0
1830.5412722353647,1.0,3.0,0.0,64.0
1830.8412722353646,1.0,3.0,0.0,64.0
1830.8420941531729,1.0,3.0,0.0,64.0
1831.1420941531728,1.0,3.0,0.0,64.0
1831.142916070981,1.0,3.0,0.0,64.0
1831.442916070981,1.0,3.0,0.0,64.0
1831.4437379887893,1.0,3.0,0.0,64.0
1831.7437379887892,1.0,3.0,0.0,64.0
1831.7445599065975,1.0,3.0,0.0,64.0
1832.0445599065974,1.0,3.0,0.0,64.0
1832.0453818244057,1.0,3.0,0.0,64.0
1832.3453818244056,1.0,3.0,0.0,64.0
1832.346203742214,1.0,3.0,0.0,64.0
1832.6462037422139,1.0,3.0,0.0,64.0
1832.647025660022,1.0,3.0,0.0,64.0
1832.947025660022,1.0,3.0,0.0,64.0
1832.9478475778303,1.0,3.0,0.0,64.0
1833.2478475778303,1.0,3.0,0.0,64.0
1833.2486694956385,1.0,3.0,0.0,64.0
1833.5486694956385,1.0,3.0,0.0,64.0
1833.5494914134467,1.0,3.0,0.0,64.0
1833.8494914134467,1.0,3.0,0.0,64.0
1833.850313331255,1.0,3.0,0.0,64.0
1834.150313331255,1.0,3.0,0.0,64.0
1834.1511352490631,1.0,3.0,0.0,64.0
1834.451135249063,1.0,3.0,0.0,64.0
1834.4519571668714,1.0,3.0,0.0,64.0
1834.7519571668713,1.0,3.0,0.0,64.0
1834.7527790846796,1.0,3.0,0.0,64.0
1835.0527790846795,1.0,3.0,0.0,64.0
1835.0536010024878,1.0,3.0,0.0,64.0
1835.3536010024877,1.0,3.0,0.0,64.0
1835.354422920296,1.0,3.0,0.0,64.0
1835.654422920296,1.0,3.0,0.0,64.0
1835.6552448381042,1.0,3.0,0.0,64.0
1835.9552448381041,1.0,3.0,0.0,64.0
1835.9560667559124,1.0,3.0,0.0,64.0
1836.2560667559123,1.0,3.0,0.0,64.0
1836.2568886737206,1.0,3.0,0.0,64.0
1836.5568886737206,1.0,3.0,0.0,64.0
1836.5577105915288,1.0,3.0,0.0,64.0
1836.8577105915288,1.0,3.0,0.0,64.0
1836.858532509337,1.0,3.0,0.0,64.0
1837.158532509337,1.0,3.0,0.0,64.0
1837.1593544271452,1.0,3.0,0.0,64.0
1837.4593544271452,1.0,3.0,0.0,64.0
1837.4601763449534,1.0,3.0,0.0,64.0
1837.7601763449534,1.0,3.0,0.0,64.0
1837.7609982627616,1.0,3.0,0.0,64.0
1838.0609982627616,1.0,3.0,0.0,64.0
1838.0618201805698,1.0,3.0,0.0,64.0
1838.3618201805698,1.0,3.0,0.0,64.0
1838.362642098378,1.0,3.0,0.0,64.0
1838.662642098378,1.0,3.0,0.0,64.0
1838.6634640161863,1.0,3.0,0.0,64.0
1838.9634640161862,1.0,3.0,0.0,64.0
1838.9642859339945,1.0,3.0,0.0,64.0
1839.2642859339944,1.0,3.0,0.0,64.0
1839.2651078518027,1.0,3.0,0.0,64.0
1839.5651078518026,1.0,3.0,0.0,64.0
1839.5659297696109,1.0,3.0,0.0,64.0
1839.8659297696108,1.0,3.0,0.0,64.0
1839.866751687419,1.0,3.0,0.0,64.0
1840.166751687419,1.0,3.0,0.0,64.0
1840.1675736052273,1.0,3.0,0.0,64.0
1840.4675736052272,1.0,3.0,0.0,64.0
1840.4683955230355,1.0,3.0,0.0,64.0
1840.7683955230355,1.0,3.0,0.0,64.0
1840.7692174408437,1.0,3.0,0.0,64.0
1841.0692174408437,1.0,3.0,0.0,64.0
1841.070039358652,1.0,3.0,0.0,64.0
1841.3700393586519,1.0,3.0,0.0,64.0
1841.3708612764601,1.0,3.0,0.0,64.0
1841.67086127646,1.0,3.0,0.0,64.0
1841.6716831942683,1.0,3.0,0.0,64.0
1841.9716831942683,1.0,3.0,0.0,64.0
1841.9725051120765,1.0,3.0,0.0,64.0
1842.2725051120765,1.0,3.0,0.0,64.0
1842.2733270298847,1.0,3.0,0.0,64.0
1842.5733270298847,1.0,3.0,0.0,64.0
1842.574148947693,1.0,3.0,0.0,64.0
1842.874148947693,1.0,3.0,0.0,64.0
1842.8749708655012,1.0,3.0,0.0,64.0
1843.174970865501,1.0,3.0,0.0,64.0
1843.1757927833094,1.0,3.0,0.0,64.0
1843.4757927833093,1.0,3.0,0.0,64.0
1843.4766147011176,1.0,3.0,0.0,64.0
1843.7766147011175,1.0,3.0,0.0,64.0
1843.7774366189258,1.0,3.0,0.0,64.0
1844.0774366189257,1.0,3.0,0.0,64.0
1844.078258536734,1.0,3.0,0.0,64.0
1844.378258536734,1.0,3.0,0.0,64.0
1844.3790804545422,1.0,3.0,0.0,64.0
1844.6790804545421,1.0,3.0,0.0,64.0
1844.6799023723504,1.0,3.0,0.0,64.0
1844.9799023723504,1.0,3.0,0.0,64.0
1844.9807242901586,1.0,3.0,0.0,64.0
1845.2807242901586,1.0,3.0,0.0,64.0
1845.2815462079668,1.0,3.0,0.0,64.0
1845.5815462079668,1.0,3.0,0.0,64.0
1845.582368125775,1.0,3.0,0.0,64.0
1845.882368125775,1.0,3.0,0.0,64.0
1845.8831900435832,1.0,3.0,0.0,64.0
1846.1831900435832,1.0,3.0,0.0,64.0
1846.1840119613914,1.0,3.0,0.0,64.0
1846.4840119613914,1.0,3.0,0.0,64.0
1846.4848338791996,1.0,3.0,0.0,64.0
1846.7848338791996,1.0,3.0,0.0,64.0
1846.7856557970078,1.0,3.0,0.0,64.0
1847.0856557970078,1.0,3.0,0.0,64.0
1847.086477714816,1.0,3.0,0.0,64.0
1847.386477714816,1.0,3.0,0.0,64.0
1847.3872996326243,1.0,3.0,0.0,64.0
1847.6872996326242,1.0,3.0,0.0,64.0
1847.6881215504325,1.0,3.0,0.0,64.0
1847.9881215504324,1.0,3.0,0.0,64.0
1847.9889434682407,1.0,3.0,0.0,64.0
1848.2889434682406,1.0,3.0,0.0,64.0
1848.2897653860489,1.0,3.0,0.0,64.0
1848.5897653860488,1.0,3.0,0.0,64.0
1848.590587303857,1.0,3.0,0.0,64.0
1848.890587303857,1.0,3.0,0.0,64.0
1848.8914092216653,1.0,3.0,0.0,64.0
1849.1914092216653,1.0,3.0,0.0,64.0
1849.1922311394735,1.0,3.0,0.0,64.0
1849.4922311394735,1.0,3.0,0.0,64.0
1849.4930530572817,1.0,3.0,0.0,64.0
1849.7930530572817,1.0,3.0,0.0,64.0
1849.79387497509,1.0,3.0,0.0,64.0
1850.0938749750899,1.0,3.0,0.0,64.0
1850.0946968928981,1.0,3.0,0.0,64.0
1850.394696892898,1.0,3.0,0.0,64.0
1850.3955188107063,1.0,3.0,0.0,64.0
1850.6955188107063,1.0,3.0,0.0,64.0
1850.6963407285145,1.0,3.0,0.0,64.0
1850.9963407285145,1.0,3.0,0.0,64.0
1850.9971626463227,1.0,3.0,0.0,64.0
1851.2971626463227,1.0,3.0,0.0,64.0
1851.297984564131,1.0,3.0,0.0,64.0
1851.597984564131,1.0,3.0,0.0,64.0
1851.5988064819392,1.0,3.0,0.0,64.0
1851.8988064819391,1.0,3.0,0.0,64.0
1851.8996283997474,1.0,3.0,0.0,64.0
1852.1996283997473,1.0,3.0,0.0,64.0
1852.2004503175556,1.0,3.0,0.0,64.0
1852.5004503175555,1.0,3.0,0.0,64.0
1852.5012722353638,1.0,3.0,0.0,64.0
1852.8012722353637,1.0,3.0,0.0,64.0
1852.802094153172,1.0,3.0,0.0,64.0
1853.102094153172,1.0,3.0,0.0,64.0
1853.1029160709802,1.0,3.0,0.0,64.0
1853.4029160709802,1.0,3.0,0.0,64.0
1853.4037379887884,1.0,3.0,0.0,64.0
1853.7037379887884,1.0,3.0,0.0,64.0
1853.7045599065966,1.0,3.0,0.0,64.0
1854.0045599065966,1.0,3.0,0.0,64.0
1854.0053818244048,1.0,3.0,0.0,64.0
1854.3053818244048,1.0,3.0,0.0,64.0
1854.306203742213,1.0,3.0,0.0,64.0
1854.606203742213,1.0,3.0,0.0,64.0
1854.6070256600212,1.0,3.0,0.0,64.0
1854.9070256600212,1.0,3.0,0.0,64.0
1854.9078475778294,1.0,3.0,0.0,64.0
1855.2078475778294,1.0,3.0,0.0,64.0
1855.2086694956377,1.0,3.0,0.0,64.0
1855.5086694956376,1.0,3.0,0.0,64.0
1855.5094914134459,1.0,3.0,0.0,64.0
1855.8094914134458,1.0,3.0,0.0,64.0
1855.810313331254,1.0,3.0,0.0,64.0
1856.110313331254,1.0,3.0,0.0,64.0
1856.1111352490623,1.0,3.0,0.0,64.0
1856.4111352490622,1.0,3.0,0.0,64.0
1856.4119571668705,1.0,3.0,0.0,64.0
1856.7119571668704,1.0,3.0,0.0,64.0
1856.7127790846787,1.0,3.0,0.0,64.0
1857.0127790846786,1.0,3.0,0.0,64.0
1857.013601002487,1.0,3.0,0.0,64.0
1857.3136010024868,1.0,3.0,0.0,64.0
1857.314422920295,1.0,3.0,0.0,64.0
1857.614422920295,1.0,3.0,0.0,64.0
1857.6152448381033,1.0,3.0,0.0,64.0
1857.9152448381033,1.0,3.0,0.0,64.0
1857.9160667559115,1.0,3.0,0.0,64.0
1858.2160667559115,1.0,3.0,0.0,64.0
1858.2168886737197,1.0,3.0,0.0,64.0
1858.5168886737197,1.0,3.0,0.0,64.0
1858.517710591528,1.0,3.0,0.0,64.0
1858.8177105915279,1.0,3.0,0.0,64.0
1858.8185325093361,1.0,3.0,0.0,64.0
1859.118532509336,1.0,3.0,0.0,64.0
1859.1193544271443,1.0,3.0,0.0,64.0
1859.4193544271443,1.0,3.0,0.0,64.0
1859.4201763449526,1.0,3.0,0.0,64.0
1859.7201763449525,1.0,3.0,0.0,64.0
1859.7209982627608,1.0,3.0,0.0,64.0
1860.0209982627607,1.0,3.0,0.0,64.0
1860.021820180569,1.0,3.0,0.0,64.0
1860.321820180569,1.0,3.0,0.0,64.0
1860.3226420983772,1.0,3.0,0.0,64.0
1860.6226420983771,1.0,3.0,0.0,64.0
1860.6234640161854,1.0,3.0,0.0,64.0
1860.9234640161853,1.0,3.0,0.0,64.0
1860.9242859339936,1.0,8.0,0.0,64.0
1861.2242859339935,1.0,8.0,0.0,64.0
1861.2251078518018,1.0,8.0,0.0,64.0
1861.5251078518017,1.0,8.0,0.0,64.0
1861.52592976961,1.0,8.0,0.0,64.0
1861.82592976961,1.0,8.0,0.0,64.0
1861.8267516874182,1.0,8.0,0.0,64.0
1862.1267516874182,1.0,8.0,0.0,64.0
1862.1275736052264,1.0,8.0,0.0,64.0
1862.4275736052264,1.0,8.0,0.0,64.0
1862.4283955230346,1.0,8.0,0.0,64.0
1862.7283955230346,1.0,8.0,0.0,64.0
1862.7292174408428,1.0,8.0,0.0,64.0
1863.0292174408428,1.0,8.0,0.0,64.0
1863.030039358651,1.0,8.0,0.0,64.0
1863.330039358651,1.0,8.0,0.0,64.0
1863.3308612764592,1.0,8.0,0.0,64.0
1863.6308612764592,1.0,8.0,0.0,64.0
1863.6316831942675,1.0,8.0,0.0,64.0
1863.9316831942674,1.0,8.0,0.0,64.0
1863.9325051120757,1.0,8.0,0.0,64.0
1864.2325051120756,1.0,8.0,0.0,64.0
1864.2333270298839,1.0,8.0,0.0,64.0
1864.5333270298838,1.0,8.0,0.0,64.0
1864.534148947692,1.0,8.0,0.0,64.0
1864.834148947692,1.0,8.0,0.0,64.0
1864.8349708655003,1.0,8.0,0.0,64.0
1865.1349708655002,1.0,8.0,0.0,64.0
1865.1357927833085,1.0,8.0,0.0,64.0
1865.4357927833084,1.0,8.0,0.0,64.0
1865.4366147011167,1.0,8.0,0.0,64.0
1865.7366147011167,1.0,8.0,0.0,64.0
1865.737436618925,1.0,8.0,0.0,64.0
1866.0374366189249,1.0,8.0,0.0,64.0
1866.038258536733,1.0,8.0,0.0,64.0
1866.338258536733,1.0,8.0,0.0,64.0
1866.3390804545413,1.0,8.0,0.0,64.0
1866.6390804545413,1.0,8.0,0.0,64.0
1866.6399023723495,1.0,8.0,0.0,64.0
1866.9399023723495,1.0,8.0,0.0,64.0
1866.9407242901577,1.0,8.0,0.0,64.0
1867.2407242901577,1.0,8.0,0.0,64.0
1867.241546207966,1.0,8.0,0.0,64.0
1867.541546207966,1.0,8.0,0.0,64.0
1867.5423681257741,1.0,8.0,0.0,64.0
1867.842368125774,1.0,8.0,0.0,64.0
1867.8431900435824,1.0,8.0,0.0,64.0
1868.1431900435823,1.0,8.0,0.0,64.0
1868.1440119613906,1.0,8.0,0.0,64.0
1868.4440119613905,1.0,8.0,0.0,64.0
1868.4448338791988,1.0,8.0,0.0,64.0
1868.7448338791987,1.0,8.0,0.0,64.0
1868.745655797007,1.0,6.0,0.0,65.0
1869.045655797007,1.0,6.0,0.0,65.0
1869.0464777148152,1.0,6.0,0.0,65.0
1869.3464777148151,1.0,6.0,0.0,65.0
1869.3472996326234,1.0,6.0,0.0,65.0
1869.6472996326233,1.0,6.0,0.0,65.0
1869.6481215504316,1.0,6.0,0.0,65.0
1869.9481215504316,1.0,6.0,0.0,65.0
1869.9489434682398,1.0,6.0,0.0,65.0
1870.2489434682398,1.0,6.0,0.0,65.0
1870.249765386048,1.0,6.0,0.0,65.0
1870.549765386048,1.0,6.0,0.0,65.0
1870.5505873038562,1.0,6.0,0.0,65.0
1870.8505873038562,1.0,6.0,0.0,65.0
1870.8514092216644,1.0,6.0,0.0,65.0
1871.1514092216644,1.0,6.0,0.0,65.0
1871.1522311394726,1.0,4.0,0.0,66.0
1871.4522311394726,1.0,4.0,0.0,66.0
1871.4530530572808,1.0,4.0,0.0,66.0
1871.7530530572808,1.0,4.0,0.0,66.0
1871.753886390614,1.0,4.0,0.0,66.0
1872.053886390614,1.0,4.0,0.0,66.0
1872.0547197239473,1.0,4.0,0.0,66.0
1872.3547197239473,1.0,4.0,0.0,66.0
1872.3555530572805,1.0,4.0,0.0,66.0
1872.6555530572805,1.0,4.0,0.0,66.0
1872.6563863906138,1.0,4.0,0.0,66.0
1872.9563863906137,1.0,4.0,0.0,66.0
1872.957219723947,1.0,4.0,0.0,66.0
1873.257219723947,1.0,4.0,0.0,66.0
1873.2580530572802,1.0,4.0,0.0,66.0
1873.5580530572802,1.0,4.0,0.0,66.0
1873.5588863906135,1.0,4.0,0.0,66.0
1873.8588863906134,1.0,4.0,0.0,66.0
1873.8597197239467,1.0,4.0,0.0,66.0
1874.1597197239466,1.0,4.0,0.0,66.0
1874.16055305728,1.0,4.0,0.0,66.0
1874.4605530572799,1.0,4.0,0.0,66.0
1874.4613863906131,1.0,4.0,0.0,66.0
1874.761386390613,1.0,4.0,0.0,66.0
1874.7622197239464,1.0,4.0,0.0,66.0
1875.0622197239463,1.0,4.0,0.0,66.0
1875.0630530572796,1.0,4.0,0.0,66.0
1875.3630530572796,1.0,4.0,0.0,66.0
1875.3638863906128,1.0,4.0,0.0,66.0
1875.6638863906128,1.0,4.0,0.0,66.0
1875.664719723946,1.0,4.0,0.0,66.0
1875.964719723946,1.0,4.0,0.0,66.0
1875.9655530572793,1.0,4.0,0.0,66.0
1876.2655530572792,1.0,4.0,0.0,66.0
1876.2663863906125,1.0,4.0,0.0,66.0
1876.5663863906125,1.0,4.0,0.0,66.0
1876.5672197239458,1.0,4.0,0.0,66.0
1876.8672197239457,1.0,4.0,0.0,66.0
1876.868053057279,1.0,4.0,0.0,66.0
1877.168053057279,1.0,4.0,0.0,66.0
1877.1688863906122,1.0,4.0,0.0,66.0
1877.4688863906122,1.0,4.0,0.0,66.0
1877.4697197239454,1.0,4.0,0.0,66.0
1877.7697197239454,1.0,4.0,0.0,66.0
1877.7705530572787,1.0,4.0,0.0,66.0
1878.0705530572786,1.0,4.0,0.0,66.0
1878.071386390612,1.0,4.0,0.0,66.0
1878.3713863906119,1.0,4.0,0.0,66.0
1878.3722197239451,1.0,4.0,0.0,66.0
1878.672219723945,1.0,4.0,0.0,66.0
1878.6730530572784,1.0,4.0,0.0,66.0
1878.9730530572783,1.0,4.0,0.0,66.0
1878.9738863906116,1.0,4.0,0.0,66.0
1879.2738863906116,1.0,4.0,0.0,66.0
1879.2747197239448,1.0,4.0,0.0,66.0
1879.5747197239448,1.0,4.0,0.0,66.0
1879.575553057278,1.0,4.0,0.0,66.0
1879.875553057278,1.0,4.0,0.0,66.0
1879.8763863906113,1.0,4.0,0.0,66.0
1880.1763863906112,1.0,4.0,0.0,66.0
1880.1772197239445,1.0,4.0,0.0,66.0
1880.4772197239445,1.0,4.0,0.0,66.0
1880.4780530572777,1.0,4.0,0.0,66.0
1880.7780530572777,1.0,4.0,0.0,66.0
1880.778886390611,1.0,4.0,0.0,66.0
1881.078886390611,1.0,4.0,0.0,66.0
1881.0797197239442,1.0,4.0,0.0,66.0
1881.3797197239442,1.0,4.0,0.0,66.0
1881.3805530572774,1.0,4.0,0.0,66.0
1881.6805530572774,1.0,4.0,0.0,66.0
1881.6813863906107,1.0,4.0,0.0,66.0
1881.9813863906106,1.0,4.0,0.0,66.0
1881.982219723944,1.0,4.0,0.0,66.0
1882.2822197239439,1.0,4.0,0.0,66.0
1882.2830530572771,1.0,4.0,0.0,66.0
1882.583053057277,1.0,4.0,0.0,66.0
1882.5838863906104,1.0,4.0,0.0,66.0
1882.8838863906103,1.0,4.0,0.0,66.0
1882.8847197239436,1.0,4.0,0.0,66.0
1883.1847197239435,1.0,4.0,0.0,66.0
1883.1855530572768,1.0,4.0,0.0,66.0
1883.4855530572768,1.0,4.0,0.0,66.0
1883.48638639061,1.0,4.0,0.0,66.0
1883.78638639061,1.0,4.0,0.0,66.0
1883.7872197239433,1.0,4.0,0.0,66.0
1884.0872197239432,1.0,4.0,0.0,66.0
1884.0880530572765,1.0,4.0,0.0,66.0
1884.3880530572765,1.0,4.0,0.0,66.0
1884.3888749750847,1.0,4.0,0.0,66.0
1884.6888749750847,1.0,4.0,0.0,66.0
1884.689696892893,1.0,4.0,0.0,66.0
1884.9896968928929,1.0,4.0,0.0,66.0
1884.9905188107011,1.0,4.0,0.0,66.0
1885.290518810701,1.0,4.0,0.0,66.0
1885.2913407285093,1.0,4.0,0.0,66.0
1885.5913407285093,1.0,4.0,0.0,66.0
1885.5921626463175,1.0,4.0,0.0,66.0
1885.8921626463175,1.0,4.0,0.0,66.0
1885.8929845641258,1.0,4.0,0.0,66.0
1886.1929845641257,1.0,4.0,0.0,66.0
1886.193806481934,1.0,4.0,0.0,66.0
1886.493806481934,1.0,4.0,0.0,66.0
1886.4946283997422,1.0,4.0,0.0,66.0
1886.7946283997421,1.0,4.0,0.0,66.0
1886.7954503175504,1.0,4.0,0.0,66.0
1887.0954503175503,1.0,4.0,0.0,66.0
1887.0962722353586,1.0,4.0,0.0,66.0
1887.3962722353585,1.0,4.0,0.0,66.0
1887.3970941531668,1.0,4.0,0.0,66.0
1887.6970941531667,1.0,4.0,0.0,66.0
1887.697916070975,1.0,4.0,0.0,66.0
1887.997916070975,1.0,4.0,0.0,66.0
1887.9987379887832,1.0,4.0,0.0,66.0
1888.2987379887832,1.0,4.0,0.0,66.0
1888.2995599065914,1.0,4.0,0.0,66.0
1888.5995599065914,1.0,4.0,0.0,66.0
1888.6003818243996,1.0,4.0,0.0,66.0
1888.9003818243996,1.0,4.0,0.0,66.0
1888.9012037422078,1.0,4.0,0.0,66.0
1889.2012037422078,1.0,4.0,0.0,66.0
1889.202025660016,1.0,4.0,0.0,66.0
1889.502025660016,1.0,4.0,0.0,66.0
1889.5028475778242,1.0,4.0,0.0,66.0
1889.8028475778242,1.0,4.0,0.0,66.0
1889.8036694956324,1.0,4.0,0.0,66.0
1890.1036694956324,1.0,4.0,0.0,66.0
1890.1044914134407,1.0,4.0,0.0,66.0
1890.4044914134406,1.0,4.0,0.0,66.0
1890.4053133312489,1.0,4.0,0.0,66.0
1890.7053133312488,1.0,4.0,0.0,66.0
1890.706135249057,1.0,4.0,0.0,66.0
1891.006135249057,1.0,4.0,0.0,66.0
1891.0069571668653,1.0,4.0,0.0,66.0
1891.3069571668652,1.0,4.0,0.0,66.0
1891.3077790846735,1.0,4.0,0.0,66.0
1891.6077790846734,1.0,4.0,0.0,66.0
1891.6086010024817,1.0,4.0,0.0,66.0
1891.9086010024816,1.0,4.0,0.0,66.0
1891.90942292029,1.0,4.0,0.0,66.0
1892.2094229202899,1.0,4.0,0.0,66.0
1892.210244838098,1.0,4.0,0.0,66.0
1892.510244838098,1.0,4.0,0.0,66.0
1892.5110667559063,1.0,4.0,0.0,66.0
1892.8110667559063,1.0,4.0,0.0,66.0
1892.8118886737145,1.0,4.0,0.0,66.0
1893.1118886737145,1.0,4.0,0.0,66.0
1893.1127105915227,1.0,4.0,0.0,66.0
1893.4127105915227,1.0,4.0,0.0,66.0
1893.413532509331,1.0,4.0,0.0,66.0
1893.713532509331,1.0,4.0,0.0,66.0
1893.7143544271391,1.0,4.0,0.0,66.0
1894.014354427139,1.0,4.0,0.0,66.0
1894.0151763449473,1.0,4.0,0.0,66.0
1894.3151763449473,1.0,4.0,0.0,66.0
1894.3159982627556,1.0,4.0,0.0,66.0
1894.6159982627555,1.0,4.0,0.0,66.0
1894.6168201805638,1.0,4.0,0.0,66.0
1894.9168201805637,1.0,4.0,0.0,66.0
1894.917642098372,1.0,4.0,0.0,66.0
1895.217642098372,1.0,4.0,0.0,66.0
1895.2184640161802,1.0,4.0,0.0,66.0
1895.5184640161801,1.0,4.0,0.0,66.0
1895.5192859339884,1.0,4.0,0.0,66.0
1895.8192859339883,1.0,4.0,0.0,66.0
1895.8201078517966,1.0,4.0,0.0,66.0
1896.1201078517965,1.0,4.0,0.0,66.0
1896.1209297696048,1.0,4.0,0.0,66.0
1896.4209297696048,1.0,4.0,0.0,66.0
1896.421751687413,1.0,4.0,0.0,66.0
1896.721751687413,1.0,4.0,0.0,66.0
1896.7225736052212,1.0,4.0,0.0,66.0
1897.0225736052212,1.0,4.0,0.0,66.0
1897.0233955230294,1.0,4.0,0.0,66.0
1897.3233955230294,1.0,4.0,0.0,66.0
1897.3242174408376,1.0,4.0,0.0,66.0
1897.6242174408376,1.0,4.0,0.0,66.0
1897.6250393586458,1.0,4.0,0.0,66.0
1897.9250393586458,1.0,4.0,0.0,66.0
1897.925861276454,1.0,4.0,0.0,66.0
1898.225861276454,1.0,4.0,0.0,66.0
1898.2266831942623,1.0,4.0,0.0,66.0
1898.5266831942622,1.0,4.0,0.0,66.0
1898.5275051120705,1.0,4.0,0.0,66.0
1898.8275051120704,1.0,4.0,0.0,66.0
1898.8283270298787,1.0,4.0,0.0,66.0
1899.1283270298786,1.0,4.0,0.0,66.0
1899.1291489476869,1.0,4.0,0.0,66.0
1899.4291489476868,1.0,4.0,0.0,66.0
1899.429970865495,1.0,4.0,0.0,66.0
1899.729970865495,1.0,4.0,0.0,66.0
1899.7307927833033,1.0,4.0,0.0,66.0
1900.0307927833032,1.0,4.0,0.0,66.0
1900.0316147011115,1.0,4.0,0.0,66.0
1900.3316147011114,1.0,4.0,0.0,66.0
1900.3324366189197,1.0,4.0,0.0,66.0
1900.6324366189197,1.0,4.0,0.0,66.0
1900.633258536728,1.0,4.0,0.0,66.0
1900.9332585367279,1.0,4.0,0.0,66.0
1900.9340804545361,1.0,4.0,0.0,66.0
1901.234080454536,1.0,4.0,0.0,66.0
1901.2349023723443,1.0,4.0,0.0,66.0
1901.5349023723443,1.0,4.0,0.0,66.0
1901.5357242901525,1.0,4.0,0.0,66.0
1901.8357242901525,1.0,4.0,0.0,66.0
1901.8365462079607,1.0,2.0,0.0,67.0
1902.1365462079607,1.0,2.0,0.0,67.0
1902.1373570187716,1.0,2.0,0.0,67.0
1902.4373570187715,1.0,2.0,0.0,67.0
1902.4381678295824,1.0,2.0,0.0,67.0
1902.7381678295824,1.0,2.0,0.0,67.0
1902.7389786403933,1.0,2.0,0.0,67.0
1903.0389786403932,1.0,2.0,0.0,67.0
1903.0397894512041,1.0,2.0,0.0,67.0
1903.339789451204,1.0,2.0,0.0,67.0
1903.340600262015,1.0,2.0,0.0,67.0
1903.640600262015,1.0,2.0,0.0,67.0
1903.6414110728258,1.0,2.0,0.0,67.0
1903.9414110728258,1.0,2.0,0.0,67.0
1903.9422218836366,1.0,2.0,0.0,67.0
1904.2422218836366,1.0,2.0,0.0,67.0
1904.2430326944475,1.0,2.0,0.0,67.0
1904.5430326944474,1.0,2.0,0.0,67.0
1904.5438435052583,1.0,2.0,0.0,67.0
1904.8438435052583,1.0,2.0,0.0,67.0
1904.8446543160692,1.0,2.0,0.0,67.0
1905.1446543160691,1.0,2.0,0.0,67.0
1905.14546512688,1.0,2.0,0.0,67.0
1905.44546512688,1.0,2.0,0.0,67.0
1905.4462759376909,1.0,2.0,0.0,67.0
1905.7462759376908,1.0,2.0,0.0,67.0
1905.7470867485017,1.0,2.0,0.0,67.0
1906.0470867485017,1.0,2.0,0.0,67.0
1906.0478975593126,1.0,2.0,0.0,67.0
1906.3478975593125,1.0,2.0,0.0,67.0
1906.3487083701234,1.0,2.0,0.0,67.0
1906.6487083701234,1.0,2.0,0.0,67.0
1906.6495191809342,1.0,2.0,0.0,67.0
1906.9495191809342,1.0,2.0,0.0,67.0
1906.950329991745,1.0,2.0,0.0,67.0
1907.250329991745,1.0,2.0,0.0,67.0
1907.251140802556,1.0,2.0,0.0,67.0
1907.551140802556,1.0,2.0,0.0,67.0
1907.5519516133668,1.0,2.0,0.0,67.0
1907.8519516133667,1.0,2.0,0.0,67.0
1907.8527624241776,1.0,2.0,0.0,67.0
1908.1527624241776,1.0,2.0,0.0,67.0
1908.1535732349885,1.0,2.0,0.0,67.0
1908.4535732349884,1.0,2.0,0.0,67.0
1908.4543840457993,1.0,2.0,0.0,67.0
1908.7543840457993,1.0,2.0,0.0,67.0
1908.7551948566102,1.0,2.0,0.0,67.0
1909.0551948566101,1.0,2.0,0.0,67.0
1909.056005667421,1.0,2.0,0.0,67.0
1909.356005667421,1.0,2.0,0.0,67.0
1909.3568164782318,1.0,2.0,0.0,67.0
1909.6568164782318,1.0,2.0,0.0,67.0
1909.6576272890427,1.0,2.0,0.0,67.0
1909.9576272890426,1.0,2.0,0.0,67.0
1909.9584380998535,1.0,2.0,0.0,67.0
1910.2584380998535,1.0,2.0,0.0,67.0
1910.2592489106644,1.0,2.0,0.0,67.0
1910.5592489106643,1.0,2.0,0.0,67.0
1910.5600597214752,1.0,2.0,0.0,67.0
1910.8600597214752,1.0,2.0,0.0,67.0
1910.860870532286,1.0,2.0,0.0,67.0
1911.160870532286,1.0,2.0,0.0,67.0
1911.161681343097,1.0,2.0,0.0,67.0
1911.4616813430969,1.0,2.0,0.0,67.0
1911.4624921539078,1.0,2.0,0.0,67.0
1911.7624921539077,1.0,2.0,0.0,67.0
1911.7633029647186,1.0,2.0,0.0,67.0
1912.0633029647186,1.0,2.0,0.0,67.0
1912.0641137755294,1.0,2.0,0.0,67.0
1912.3641137755294,1.0,2.0,0.0,67.0
1912.3649245863403,1.0,2.0,0.0,67.0
1912.6649245863402,1.0,2.0,0.0,67.0
1912.6657353971511,1.0,2.0,0.0,67.0
1912.965735397151,1.0,2.0,0.0,67.0
1912.966546207962,1.0,2.0,0.0,67.0
1913.266546207962,1.0,2.0,0.0,67.0
1913.2673570187728,1.0,2.0,0.0,67.0
1913.5673570187728,1.0,2.0,0.0,67.0
1913.5681678295837,1.0,2.0,0.0,67.0
1913.8681678295836,1.0,2.0,0.0,67.0
1913.8689786403945,1.0,2.0,0.0,67.0
1914.1689786403945,1.0,2.0,0.0,67.0
1914.1697894512054,1.0,2.0,0.0,67.0
1914.4697894512053,1.0,2.0,0.0,67.0
1914.4706002620162,1.0,2.0,0.0,67.0
1914.7706002620162,1.0,2.0,0.0,67.0
1914.771411072827,1.0,2.0,0.0,67.0
1915.071411072827,1.0,2.0,0.0,67.0
1915.072221883638,1.0,2.0,0.0,67.0
1915.3722218836378,1.0,2.0,0.0,67.0
1915.3730326944487,1.0,2.0,0.0,67.0
1915.6730326944487,1.0,2.0,0.0,67.0
1915.6738435052596,1.0,2.0,0.0,67.0
1915.9738435052595,1.0,2.0,0.0,67.0
1915.9746543160704,1.0,2.0,0.0,67.0
1916.2746543160704,1.0,2.0,0.0,67.0
1916.2754651268813,1.0,2.0,0.0,67.0
1916.5754651268812,1.0,2.0,0.0,67.0
1916.5762759376921,1.0,2.0,0.0,67.0
1916.876275937692,1.0,2.0,0.0,67.0
1916.877086748503,1.0,2.0,0.0,67.0
1917.177086748503,1.0,2.0,0.0,67.0
1917.1778975593138,1.0,2.0,0.0,67.0
1917.4778975593138,1.0,2.0,0.0,67.0
1917.4787083701247,1.0,2.0,0.0,67.0
1917.7787083701246,1.0,2.0,0.0,67.0
1917.7795191809355,1.0,2.0,0.0,67.0
1918.0795191809354,1.0,2.0,0.0,67.0
1918.0803299917463,1.0,2.0,0.0,67.0
1918.3803299917463,1.0,2.0,0.0,67.0
1918.3811408025572,1.0,2.0,0.0,67.0
1918.6811408025571,1.0,2.0,0.0,67.0
1918.681951613368,1.0,2.0,0.0,67.0
1918.981951613368,1.0,2.0,0.0,67.0
1918.9827624241789,1.0,2.0,0.0,67.0
1919.2827624241788,1.0,2.0,0.0,67.0
1919.2835732349897,1.0,2.0,0.0,67.0
1919.5835732349897,1.0,2.0,0.0,67.0
1919.5843840458006,1.0,2.0,0.0,67.0
1919.8843840458005,1.0,2.0,0.0,67.0
1919.8851948566114,1.0,2.0,0.0,67.0
1920.1851948566114,1.0,2.0,0.0,67.0
1920.1860056674223,1.0,2.0,0.0,67.0
1920.4860056674222,1.0,2.0,0.0,67.0
1920.486816478233,1.0,2.0,0.0,67.0
1920.786816478233,1.0,2.0,0.0,67.0
1920.787627289044,1.0,2.0,0.0,67.0
1921.087627289044,1.0,2.0,0.0,67.0
1921.0884380998548,1.0,2.0,0.0,67.0
1921.3884380998547,1.0,2.0,0.0,67.0
1921.3892489106656,1.0,2.0,0.0,67.0
1921.6892489106656,1.0,2.0,0.0,67.0
1921.6900489106656,1.0,2.0,0.0,67.0
1921.9900489106656,1.0,2.0,0.0,67.0
1921.9908489106656,1.0,2.0,0.0,67.0
1922.2908489106655,1.0,2.0,0.0,67.0
1922.2916597214764,1.0,2.0,0.0,67.0
1922.5916597214764,1.0,2.0,0.0,67.0
1922.5924705322873,1.0,2.0,0.0,67.0
1922.8924705322872,1.0,2.0,0.0,67.0
1922.8932813430981,1.0,2.0,0.0,67.0
1923.193281343098,1.0,2.0,0.0,67.0
1923.194092153909,1.0,2.0,0.0,67.0
1923.494092153909,1.0,2.0,0.0,67.0
1923.4949029647198,1.0,2.0,0.0,67.0
1923.7949029647198,1.0,2.0,0.0,67.0
1923.7957137755307,1.0,2.0,0.0,67.0
1924.0957137755306,1.0,2.0,0.0,67.0
1924.0965245863415,1.0,2.0,0.0,67.0
1924.3965245863415,1.0,2.0,0.0,67.0
1924.3973353971523,1.0,2.0,0.0,67.0
1924.6973353971523,1.0,2.0,0.0,67.0
1924.6981462079632,1.0,2.0,0.0,67.0
1924.9981462079631,1.0,2.0,0.0,67.0
1924.998957018774,1.0,2.0,0.0,67.0
1925.298957018774,1.0,2.0,0.0,67.0
1925.2997678295849,1.0,2.0,0.0,67.0
1925.5997678295848,1.0,2.0,0.0,67.0
1925.6005786403957,1.0,2.0,0.0,67.0
1925.9005786403957,1.0,2.0,0.0,67.0
1925.9013894512066,1.0,2.0,0.0,67.0
1926.2013894512065,1.0,2.0,0.0,67.0
1926.2022002620174,1.0,2.0,0.0,67.0
1926.5022002620174,1.0,2.0,0.0,67.0
1926.5030110728283,1.0,2.0,0.0,67.0
1926.8030110728282,1.0,2.0,0.0,67.0
1926.803821883639,1.0,2.0,0.0,67.0
1927.103821883639,1.0,2.0,0.0,67.0
1927.10463269445,1.0,2.0,0.0,67.0
1927.40463269445,1.0,2.0,0.0,67.0
1927.4054435052608,1.0,2.0,0.0,67.0
1927.7054435052607,1.0,2.0,0.0,67.0
1927.7062543160716,1.0,2.0,0.0,67.0
1928.0062543160716,1.0,2.0,0.0,67.0
1928.0070651268825,1.0,2.0,0.0,67.0
1928.3070651268824,1.0,2.0,0.0,67.0
1928.3078759376933,1.0,2.0,0.0,67.0
1928.6078759376933,1.0,2.0,0.0,67.0
1928.6086867485042,1.0,2.0,0.0,67.0
1928.9086867485041,1.0,2.0,0.0,67.0
1928.909497559315,1.0,2.0,0.0,67.0
1929.209497559315,1.0,2.0,0.0,67.0
1929.2103083701259,1.0,2.0,0.0,67.0
1929.5103083701258,1.0,2.0,0.0,67.0
1929.5111191809367,1.0,2.0,0.0,67.0
1929.8111191809367,1.0,2.0,0.0,67.0
1929.8119299917475,1.0,2.0,0.0,67.0
1930.1119299917475,1.0,2.0,0.0,67.0
1930.1127408025584,1.0,2.0,0.0,67.0
1930.4127408025583,1.0,2.0,0.0,67.0
1930.4135516133692,1.0,2.0,0.0,67.0
1930.7135516133692,1.0,2.0,0.0,67.0
1930.71436242418,1.0,2.0,0.0,67.0
1931.01436242418,1.0,2.0,0.0,67.0
1931.015173234991,1.0,2.0,0.0,67.0
1931.3151732349909,1.0,2.0,0.0,67.0
1931.3159840458018,1.0,2.0,0.0,67.0
1931.6159840458017,1.0,2.0,0.0,67.0
1931.6167948566126,1.0,2.0,0.0,67.0
1931.9167948566126,1.0,2.0,0.0,67.0
1931.9176056674235,1.0,2.0,0.0,67.0
1932.2176056674234,1.0,2.0,0.0,67.0
1932.2184164782343,1.0,2.0,0.0,67.0
1932.5184164782343,1.0,2.0,0.0,67.0
1932.5192272890451,1.0,2.0,0.0,67.0
1932.819227289045,1.0,2.0,0.0,67.0
1932.820038099856,1.0,2.0,0.0,67.0
1933.120038099856,1.0,2.0,0.0,67.0
1933.1208600176642,1.0,2.0,0.0,67.0
1933.4208600176642,1.0,2.0,0.0,67.0
1933.4216819354724,1.0,2.0,0.0,67.0
1933.7216819354724,1.0,2.0,0.0,67.0
1933.7225038532806,1.0,2.0,0.0,67.0
1934.0225038532806,1.0,2.0,0.0,67.0
1934.0233257710888,1.0,2.0,0.0,67.0
1934.3233257710888,1.0,2.0,0.0,67.0
1934.324147688897,1.0,2.0,0.0,67.0
1934.624147688897,1.0,2.0,0.0,67.0
1934.6249696067052,1.0,2.0,0.0,67.0
1934.9249696067052,1.0,2.0,0.0,67.0
1934.9257915245134,1.0,2.0,0.0,67.0
1935.2257915245134,1.0,2.0,0.0,67.0
1935.2266134423216,1.0,2.0,0.0,67.0
1935.5266134423216,1.0,2.0,0.0,67.0
1935.5274353601299,1.0,2.0,0.0,67.0
1935.8274353601298,1.0,2.0,0.0,67.0
1935.828257277938,1.0,2.0,0.0,67.0
1936.128257277938,1.0,2.0,0.0,67.0
1936.1290791957463,1.0,2.0,0.0,67.0
1936.4290791957462,1.0,2.0,0.0,67.0
1936.4299011135545,1.0,2.0,0.0,67.0
1936.7299011135544,1.0,2.0,0.0,67.0
1936.7307230313627,1.0,2.0,0.0,67.0
1937.0307230313626,1.0,2.0,0.0,67.0
1937.031544949171,1.0,2.0,0.0,67.0
1937.3315449491708,1.0,2.0,0.0,67.0
1937.332366866979,1.0,2.0,0.0,67.0
1937.632366866979,1.0,2.0,0.0,67.0
1937.6331887847873,1.0,2.0,0.0,67.0
1937.9331887847873,1.0,2.0,0.0,67.0
1937.9340107025955,1.0,2.0,0.0,67.0
1938.2340107025955,1.0,2.0,0.0,67.0
1938.2348326204037,1.0,2.0,0.0,67.0
1938.5348326204037,1.0,2.0,0.0,67.0
1938.535654538212,1.0,2.0,0.0,67.0
1938.8356545382119,1.0,2.0,0.0,67.0
1938.8364764560201,1.0,2.0,0.0,67.0
1939.13647645602,1.0,2.0,0.0,67.0
1939.1372983738283,1.0,2.0,0.0,67.0
1939.4372983738283,1.0,2.0,0.0,67.0
1939.4381202916366,1.0,2.0,0.0,67.0
1939.7381202916365,1.0,2.0,0.0,67.0
1939.7389422094448,1.0,2.0,0.0,67.0
1940.0389422094447,1.0,2.0,0.0,67.0
1940.039764127253,1.0,2.0,0.0,67.0
1940.339764127253,1.0,2.0,0.0,67.0
1940.3405860450612,1.0,2.0,0.0,67.0
1940.6405860450611,1.0,2.0,0.0,67.0
1940.6414079628694,1.0,2.0,0.0,67.0
1940.9414079628693,1.0,2.0,0.0,67.0
1940.9422298806776,1.0,2.0,0.0,67.0
1941.2422298806775,1.0,2.0,0.0,67.0
1941.2430517984858,1.0,2.0,0.0,67.0
1941.5430517984857,1.0,2.0,0.0,67.0
1941.543873716294,1.0,2.0,0.0,67.0
1941.843873716294,1.0,2.0,0.0,67.0
1941.8446956341022,1.0,2.0,0.0,67.0
1942.1446956341022,1.0,2.0,0.0,67.0
1942.1455175519104,1.0,2.0,0.0,67.0
1942.4455175519104,1.0,2.0,0.0,67.0
1942.4463394697186,1.0,2.0,0.0,67.0
1942.7463394697186,1.0,2.0,0.0,67.0
1942.7471613875268,1.0,2.0,0.0,67.0
1943.0471613875268,1.0,2.0,0.0,67.0
1943.047983305335,1.0,2.0,0.0,67.0
1943.347983305335,1.0,2.0,0.0,67.0
1943.3488052231432,1.0,2.0,0.0,67.0
1943.6488052231432,1.0,2.0,0.0,67.0
1943.6496271409515,1.0,2.0,0.0,67.0
1943.9496271409514,1.0,2.0,0.0,67.0
1943.9504490587597,1.0,2.0,0.0,67.0
1944.2504490587596,1.0,2.0,0.0,67.0
1944.2512709765679,1.0,2.0,0.0,67.0
1944.5512709765678,1.0,2.0,0.0,67.0
1944.552092894376,1.0,2.0,0.0,67.0
1944.852092894376,1.0,2.0,0.0,67.0
1944.8529148121843,1.0,2.0,0.0,67.0
1945.1529148121842,1.0,2.0,0.0,67.0
1945.1537367299925,1.0,2.0,0.0,67.0
1945.4537367299924,1.0,2.0,0.0,67.0
1945.4545586478007,1.0,2.0,0.0,67.0
1945.7545586478006,1.0,2.0,0.0,67.0
1945.755380565609,1.0,2.0,0.0,67.0
1946.0553805656089,1.0,2.0,0.0,67.0
1946.056202483417,1.0,2.0,0.0,67.0
1946.356202483417,1.0,2.0,0.0,67.0
1946.3570244012253,1.0,2.0,0.0,67.0
1946.6570244012253,1.0,2.0,0.0,67.0
1946.6578463190335,1.0,2.0,0.0,67.0
1946.9578463190335,1.0,2.0,0.0,67.0
1946.9586682368417,1.0,2.0,0.0,67.0
1947.2586682368417,1.0,2.0,0.0,67.0
1947.25949015465,1.0,2.0,0.0,67.0
1947.55949015465,1.0,2.0,0.0,67.0
1947.5603120724581,1.0,2.0,0.0,67.0
1947.860312072458,1.0,2.0,0.0,67.0
1947.8611339902664,1.0,2.0,0.0,67.0
1948.1611339902663,1.0,2.0,0.0,67.0
1948.1619559080746,1.0,2.0,0.0,67.0
1948.4619559080745,1.0,2.0,0.0,67.0
1948.4627778258828,1.0,2.0,0.0,67.0
1948.7627778258827,1.0,2.0,0.0,67.0
1948.763599743691,1.0,2.0,0.0,67.0
1949.063599743691,1.0,2.0,0.0,67.0
1949.0644216614992,1.0,2.0,0.0,67.0
1949.3644216614991,1.0,2.0,0.0,67.0
1949.3652435793074,1.0,2.0,0.0,67.0
1949.6652435793073,1.0,2.0,0.0,67.0
1949.6660654971156,1.0,2.0,0.0,67.0
1949.9660654971156,1.0,2.0,0.0,67.0
1949.9668874149238,1.0,2.0,0.0,67.0
1950.2668874149238,1.0,2.0,0.0,67.0
1950.267709332732,1.0,2.0,0.0,67.0
1950.567709332732,1.0,2.0,0.0,67.0
1950.5685312505402,1.0,2.0,0.0,67.0
1950.8685312505402,1.0,2.0,0.0,67.0
1950.8693531683484,1.0,2.0,0.0,67.0
1951.1693531683484,1.0,2.0,0.0,67.0
1951.1701750861566,1.0,2.0,0.0,67.0
1951.4701750861566,1.0,2.0,0.0,67.0
1951.4709970039648,1.0,2.0,0.0,67.0
1951.7709970039648,1.0,2.0,0.0,67.0
1951.771818921773,1.0,2.0,0.0,67.0
1952.071818921773,1.0,2.0,0.0,67.0
1952.0726408395813,1.0,2.0,0.0,67.0
1952.3726408395812,1.0,2.0,0.0,67.0
1952.3734627573895,1.0,2.0,0.0,67.0
1952.6734627573894,1.0,2.0,0.0,67.0
1952.6742846751977,1.0,2.0,0.0,67.0
1952.9742846751976,1.0,2.0,0.0,67.0
1952.9751065930059,1.0,2.0,0.0,67.0
1953.2751065930058,1.0,2.0,0.0,67.0
1953.275928510814,1.0,2.0,0.0,67.0
1953.575928510814,1.0,2.0,0.0,67.0
1953.5767504286223,1.0,2.0,0.0,67.0
1953.8767504286222,1.0,2.0,0.0,67.0
1953.8775723464305,1.0,2.0,0.0,67.0
1954.1775723464305,1.0,2.0,0.0,67.0
1954.1783942642387,1.0,2.0,0.0,67.0
1954.4783942642387,1.0,2.0,0.0,67.0
1954.479216182047,1.0,2.0,0.0,67.0
1954.7792161820469,1.0,2.0,0.0,67.0
1954.7800380998551,1.0,2.0,0.0,67.0
1955.080038099855,1.0,2.0,0.0,67.0
1955.0808600176633,1.0,2.0,0.0,67.0
1955.3808600176633,1.0,2.0,0.0,67.0
1955.3816819354715,1.0,2.0,0.0,67.0
1955.6816819354715,1.0,2.0,0.0,67.0
1955.6825038532797,1.0,2.0,0.0,67.0
1955.9825038532797,1.0,2.0,0.0,67.0
1955.983325771088,1.0,2.0,0.0,67.0
1956.283325771088,1.0,2.0,0.0,67.0
1956.2841476888962,1.0,2.0,0.0,67.0
1956.584147688896,1.0,2.0,0.0,67.0
1956.5849696067044,1.0,2.0,0.0,67.0
1956.8849696067043,1.0,2.0,0.0,67.0
1956.8857915245126,1.0,2.0,0.0,67.0
1957.1857915245125,1.0,2.0,0.0,67.0
1957.1866134423208,1.0,2.0,0.0,67.0
1957.4866134423207,1.0,2.0,0.0,67.0
1957.487435360129,1.0,2.0,0.0,67.0
1957.787435360129,1.0,2.0,0.0,67.0
1957.7882572779372,1.0,2.0,0.0,67.0
1958.0882572779371,1.0,2.0,0.0,67.0
1958.0890791957454,1.0,2.0,0.0,67.0
1958.3890791957454,1.0,2.0,0.0,67.0
1958.3899011135536,1.0,2.0,0.0,67.0
1958.6899011135536,1.0,2.0,0.0,67.0
1958.6907230313618,1.0,2.0,0.0,67.0
1958.9907230313618,1.0,2.0,0.0,67.0
1958.99154494917,1.0,2.0,0.0,67.0
1959.29154494917,1.0,2.0,0.0,67.0
1959.2923668669782,1.0,2.0,0.0,67.0
1959.5923668669782,1.0,2.0,0.0,67.0
1959.5931887847864,1.0,2.0,0.0,67.0
1959.8931887847864,1.0,2.0,0.0,67.0
1959.8940107025946,1.0,2.0,0.0,67.0
1960.1940107025946,1.0,2.0,0.0,67.0
1960.1948326204028,1.0,2.0,0.0,67.0
1960.4948326204028,1.0,2.0,0.0,67.0
1960.495654538211,1.0,2.0,0.0,67.0
1960.795654538211,1.0,2.0,0.0,67.0
1960.7964764560193,1.0,2.0,0.0,67.0
1961.0964764560192,1.0,2.0,0.0,67.0
1961.0972983738275,1.0,2.0,0.0,67.0
1961.3972983738274,1.0,2.0,0.0,67.0
1961.3981202916357,1.0,2.0,0.0,67.0
1961.6981202916356,1.0,2.0,0.0,67.0
1961.6989422094439,1.0,2.0,0.0,67.0
1961.9989422094438,1.0,2.0,0.0,67.0
1961.999764127252,1.0,2.0,0.0,67.0
1962.299764127252,1.0,2.0,0.0,67.0
1962.3005860450603,1.0,2.0,0.0,67.0
1962.6005860450603,1.0,2.0,0.0,67.0
1962.6014079628685,1.0,2.0,0.0,67.0
1962.9014079628685,1.0,2.0,0.0,67.0
1962.9022298806767,1.0,2.0,0.0,67.0
1963.2022298806767,1.0,2.0,0.0,67.0
1963.203051798485,1.0,2.0,0.0,67.0
1963.5030517984849,1.0,2.0,0.0,67.0
1963.5038737162931,1.0,2.0,0.0,67.0
1963.803873716293,1.0,2.0,0.0,67.0
1963.8046956341013,1.0,2.0,0.0,67.0
1964.1046956341013,1.0,2.0,0.0,67.0
1964.1055175519095,1.0,2.0,0.0,67.0
1964.4055175519095,1.0,2.0,0.0,67.0
1964.4063394697178,1.0,2.0,0.0,67.0
1964.7063394697177,1.0,2.0,0.0,67.0
1964.707161387526,1.0,2.0,0.0,67.0
1965.007161387526,1.0,2.0,0.0,67.0
1965.0079833053342,1.0,2.0,0.0,67.0
1965.3079833053341,1.0,2.0,0.0,67.0
1965.3088052231424,1.0,2.0,0.0,67.0
1965.6088052231423,1.0,2.0,0.0,67.0
1965.6096271409506,1.0,2.0,0.0,67.0
1965.9096271409505,1.0,2.0,0.0,67.0
1965.9104490587588,1.0,2.0,0.0,67.0
1966.2104490587587,1.0,2.0,0.0,67.0
1966.211270976567,1.0,2.0,0.0,67.0
1966.511270976567,1.0,2.0,0.0,67.0
1966.5120928943752,1.0,2.0,0.0,67.0
1966.8120928943752,1.0,2.0,0.0,67.0
1966.8129148121834,1.0,2.0,0.0,67.0
1967.1129148121834,1.0,2.0,0.0,67.0
1967.1137367299916,1.0,2.0,0.0,67.0
1967.4137367299916,1.0,2.0,0.0,67.0
1967.4145586477998,1.0,2.0,0.0,67.0
1967.7145586477998,1.0,2.0,0.0,67.0
1967.715380565608,1.0,2.0,0.0,67.0
1968.015380565608,1.0,2.0,0.0,67.0
1968.0162024834162,1.0,2.0,0.0,67.0
1968.3162024834162,1.0,2.0,0.0,67.0
1968.3170244012244,1.0,2.0,0.0,67.0
1968.6170244012244,1.0,2.0,0.0,67.0
1968.6178463190327,1.0,2.0,0.0,67.0
1968.9178463190326,1.0,2.0,0.0,67.0
1968.9186682368409,1.0,2.0,0.0,67.0
1969.2186682368408,1.0,2.0,0.0,67.0
1969.219490154649,1.0,2.0,0.0,67.0
1969.519490154649,1.0,2.0,0.0,67.0
1969.5203120724573,1.0,2.0,0.0,67.0
1969.8203120724572,1.0,2.0,0.0,67.0
1969.8211339902655,1.0,2.0,0.0,67.0
1970.1211339902654,1.0,2.0,0.0,67.0
1970.1219559080737,1.0,2.0,0.0,67.0
1970.4219559080736,1.0,2.0,0.0,67.0
1970.422777825882,1.0,2.0,0.0,67.0
1970.7227778258818,1.0,2.0,0.0,67.0
1970.72359974369,1.0,2.0,0.0,67.0
1971.02359974369,1.0,2.0,0.0,67.0
1971.0244216614983,1.0,2.0,0.0,67.0
1971.3244216614983,1.0,2.0,0.0,67.0
1971.3252435793065,1.0,2.0,0.0,67.0
1971.6252435793065,1.0,2.0,0.0,67.0
1971.6260654971147,1.0,2.0,0.0,67.0
1971.9260654971147,1.0,2.0,0.0,67.0
1971.926887414923,1.0,2.0,0.0,67.0
1972.2268874149229,1.0,2.0,0.0,67.0
1972.2277093327311,1.0,2.0,0.0,67.0
1972.527709332731,1.0,2.0,0.0,67.0
1972.5285312505393,1.0,2.0,0.0,67.0
1972.8285312505393,1.0,2.0,0.0,67.0
1972.8293531683476,1.0,2.0,0.0,67.0
1973.1293531683475,1.0,2.0,0.0,67.0
1973.1301750861558,1.0,2.0,0.0,67.0
1973.4301750861557,1.0,2.0,0.0,67.0
1973.430997003964,1.0,2.0,0.0,67.0
1973.730997003964,1.0,2.0,0.0,67.0
1973.7318078147748,1.0,2.0,0.0,67.0
1974.0318078147748,1.0,2.0,0.0,67.0
1974.0326186255857,1.0,2.0,0.0,67.0
1974.3326186255856,1.0,2.0,0.0,67.0
1974.3334294363965,1.0,2.0,0.0,67.0
1974.6334294363965,1.0,2.0,0.0,67.0
1974.6342402472073,1.0,2.0,0.0,67.0
1974.9342402472073,1.0,2.0,0.0,67.0
1974.9350510580182,1.0,2.0,0.0,67.0
1975.2350510580181,1.0,2.0,0.0,67.0
1975.235861868829,1.0,2.0,0.0,67.0
1975.535861868829,1.0,2.0,0.0,67.0
1975.5366726796399,1.0,2.0,0.0,67.0
1975.8366726796398,1.0,2.0,0.0,67.0
1975.8374834904507,1.0,2.0,0.0,67.0
1976.1374834904507,1.0,2.0,0.0,67.0
1976.1382943012616,1.0,2.0,0.0,67.0
1976.4382943012615,1.0,2.0,0.0,67.0
1976.4391051120724,1.0,2.0,0.0,67.0
1976.7391051120724,1.0,2.0,0.0,67.0
1976.7399159228833,1.0,2.0,0.0,67.0
1977.0399159228832,1.0,2.0,0.0,67.0
1977.040726733694,1.0,2.0,0.0,67.0
1977.340726733694,1.0,2.0,0.0,67.0
1977.341537544505,1.0,2.0,0.0,67.0
1977.641537544505,1.0,2.0,0.0,67.0
1977.6423483553158,1.0,2.0,0.0,67.0
1977.9423483553157,1.0,2.0,0.0,67.0
1977.9431591661266,1.0,2.0,0.0,67.0
1978.2431591661266,1.0,2.0,0.0,67.0
1978.2439699769375,1.0,2.0,0.0,67.0
1978.5439699769374,1.0,2.0,0.0,67.0
1978.5447807877483,1.0,2.0,0.0,67.0
1978.8447807877483,1.0,2.0,0.0,67.0
1978.8455915985592,1.0,2.0,0.0,67.0
1979.1455915985591,1.0,2.0,0.0,67.0
1979.14640240937,1.0,2.0,0.0,67.0
1979.44640240937,1.0,2.0,0.0,67.0
1979.4472132201809,1.0,2.0,0.0,67.0
1979.7472132201808,1.0,2.0,0.0,67.0
1979.7480240309917,1.0,2.0,0.0,67.0
1980.0480240309917,1.0,2.0,0.0,67.0
1980.0488348418025,1.0,2.0,0.0,67.0
1980.3488348418025,1.0,2.0,0.0,67.0
1980.3496456526134,1.0,2.0,0.0,67.0
1980.6496456526133,1.0,2.0,0.0,67.0
1980.6504564634242,1.0,2.0,0.0,67.0
1980.9504564634242,1.0,2.0,0.0,67.0
1980.951267274235,1.0,2.0,0.0,67.0
1981.251267274235,1.0,2.0,0.0,67.0
1981.252078085046,1.0,2.0,0.0,67.0
1981.5520780850459,1.0,2.0,0.0,67.0
1981.5528888958568,1.0,2.0,0.0,67.0
1981.8528888958567,1.0,2.0,0.0,67.0
1981.8536997066676,1.0,2.0,0.0,67.0
1982.1536997066676,1.0,2.0,0.0,67.0
1982.1545105174785,1.0,2.0,0.0,67.0
1982.4545105174784,1.0,2.0,0.0,67.0
1982.4553213282893,1.0,2.0,0.0,67.0
1982.7553213282893,1.0,2.0,0.0,67.0
1982.7561321391001,1.0,2.0,0.0,67.0
1983.0561321391,1.0,2.0,0.0,67.0
1983.056942949911,1.0,2.0,0.0,67.0
1983.356942949911,1.0,2.0,0.0,67.0
1983.3577537607218,1.0,2.0,0.0,67.0
1983.6577537607218,1.0,2.0,0.0,67.0
1983.6585645715327,1.0,2.0,0.0,67.0
1983.9585645715326,1.0,2.0,0.0,67.0
1983.9593753823435,1.0,2.0,0.0,67.0
1984.2593753823435,1.0,2.0,0.0,67.0
1984.2601861931544,1.0,2.0,0.0,67.0
1984.5601861931543,1.0,2.0,0.0,67.0
1984.5609970039652,1.0,2.0,0.0,67.0
1984.8609970039652,1.0,2.0,0.0,67.0
1984.861807814776,1.0,2.0,0.0,67.0
1985.161807814776,1.0,2.0,0.0,67.0
1985.162618625587,1.0,2.0,0.0,67.0
1985.4626186255869,1.0,2.0,0.0,67.0
1985.4634294363977,1.0,2.0,0.0,67.0
1985.7634294363977,1.0,2.0,0.0,67.0
1985.7642402472086,1.0,2.0,0.0,67.0
1986.0642402472085,1.0,2.0,0.0,67.0
1986.0650510580194,1.0,2.0,0.0,67.0
1986.3650510580194,1.0,2.0,0.0,67.0
1986.3658618688303,1.0,2.0,0.0,67.0
1986.6658618688302,1.0,2.0,0.0,67.0
1986.6666726796411,1.0,2.0,0.0,67.0
1986.966672679641,1.0,2.0,0.0,67.0
1986.967483490452,1.0,2.0,0.0,67.0
1987.267483490452,1.0,2.0,0.0,67.0
1987.2683054082602,1.0,2.0,0.0,67.0
1987.5683054082601,1.0,2.0,0.0,67.0
1987.5691273260684,1.0,2.0,0.0,67.0
1987.8691273260683,1.0,2.0,0.0,67.0
1987.8699492438766,1.0,2.0,0.0,67.0
1988.1699492438765,1.0,2.0,0.0,67.0
1988.1707711616848,1.0,2.0,0.0,67.0
1988.4707711616848,1.0,2.0,0.0,67.0
1988.471593079493,1.0,2.0,0.0,67.0
1988.771593079493,1.0,2.0,0.0,67.0
1988.7724149973012,1.0,2.0,0.0,67.0
1989.0724149973012,1.0,2.0,0.0,67.0
1989.0732369151094,1.0,2.0,0.0,67.0
1989.3732369151094,1.0,2.0,0.0,67.0
1989.3740588329176,1.0,2.0,0.0,67.0
1989.6740588329176,1.0,2.0,0.0,67.0
1989.6748807507258,1.0,2.0,0.0,67.0
1989.9748807507258,1.0,2.0,0.0,67.0
1989.975702668534,1.0,2.0,0.0,67.0
1990.275702668534,1.0,2.0,0.0,67.0
1990.2765245863422,1.0,2.0,0.0,67.0
1990.5765245863422,1.0,2.0,0.0,67.0
1990.5773465041505,1.0,2.0,0.0,67.0
1990.8773465041504,1.0,2.0,0.0,67.0
1990.8781684219587,1.0,2.0,0.0,67.0
1991.1781684219586,1.0,2.0,0.0,67.0
1991.1789903397669,1.0,2.0,0.0,67.0
1991.4789903397668,1.0,2.0,0.0,67.0
1991.479812257575,1.0,2.0,0.0,67.0
1991.779812257575,1.0,2.0,0.0,67.0
1991.7806341753833,1.0,2.0,0.0,67.0
1992.0806341753832,1.0,2.0,0.0,67.0
1992.0814560931915,1.0,2.0,0.0,67.0
1992.3814560931914,1.0,2.0,0.0,67.0
1992.3822780109997,1.0,2.0,0.0,67.0
1992.6822780109997,1.0,2.0,0.0,67.0
1992.683099928808,1.0,2.0,0.0,67.0
1992.9830999288079,1.0,2.0,0.0,67.0
1992.983921846616,1.0,2.0,0.0,67.0
1993.283921846616,1.0,2.0,0.0,67.0
1993.2847437644243,1.0,2.0,0.0,67.0
1993.5847437644243,1.0,2.0,0.0,67.0
1993.5855656822325,1.0,2.0,0.0,67.0
1993.8855656822325,1.0,2.0,0.0,67.0
1993.8863876000407,1.0,2.0,0.0,67.0
1994.1863876000407,1.0,2.0,0.0,67.0
1994.187209517849,1.0,2.0,0.0,67.0
1994.487209517849,1.0,2.0,0.0,67.0
1994.4880314356571,1.0,2.0,0.0,67.0
1994.788031435657,1.0,2.0,0.0,67.0
1994.7888647689904,1.0,2.0,0.0,67.0
1995.0888647689903,1.0,2.0,0.0,67.0
1995.0896981023236,1.0,2.0,0.0,67.0
1995.3896981023236,1.0,2.0,0.0,67.0
1995.3905314356568,1.0,2.0,0.0,67.0
1995.6905314356568,1.0,2.0,0.0,67.0
1995.69136476899,1.0,2.0,0.0,67.0
1995.99136476899,1.0,2.0,0.0,67.0
1995.9921981023233,1.0,2.0,0.0,67.0
1996.2921981023233,1.0,2.0,0.0,67.0
1996.2930314356565,1.0,2.0,0.0,67.0
1996.5930314356565,1.0,2.0,0.0,67.0
1996.5938647689898,1.0,2.0,0.0,67.0
1996.8938647689897,1.0,2.0,0.0,67.0
1996.894698102323,1.0,2.0,0.0,67.0
1997.194698102323,1.0,2.0,0.0,67.0
1997.1955314356562,1.0,2.0,0.0,67.0
1997.4955314356562,1.0,2.0,0.0,67.0
1997.4963647689895,1.0,2.0,0.0,67.0
1997.7963647689894,1.0,2.0,0.0,67.0
1997.7971981023227,1.0,2.0,0.0,67.0
1998.0971981023226,1.0,2.0,0.0,67.0
1998.098031435656,1.0,2.0,0.0,67.0
1998.3980314356559,1.0,2.0,0.0,67.0
1998.3988647689891,1.0,2.0,0.0,67.0
1998.698864768989,1.0,2.0,0.0,67.0
1998.6996981023224,1.0,2.0,0.0,67.0
1998.9996981023223,1.0,2.0,0.0,67.0
1999.0005314356556,1.0,2.0,0.0,67.0
1999.3005314356556,1.0,2.0,0.0,67.0
1999.3013647689888,1.0,2.0,0.0,67.0
1999.6013647689888,1.0,2.0,0.0,67.0
1999.602198102322,1.0,2.0,0.0,67.0
1999.902198102322,1.0,2.0,0.0,67.0
1999.9030314356553,1.0,2.0,0.0,67.0
2000.2030314356552,1.0,2.0,0.0,67.0
2000.2038647689885,1.0,2.0,0.0,67.0
2000.5038647689885,1.0,2.0,0.0,67.0
2000.5046981023218,1.0,2.0,0.0,67.0
2000.8046981023217,1.0,2.0,0.0,67.0
2000.805531435655,1.0,2.0,0.0,67.0
2001.105531435655,1.0,2.0,0.0,67.0
2001.1063647689882,1.0,2.0,0.0,67.0
2001.4063647689882,1.0,2.0,0.0,67.0
2001.4071981023214,1.0,2.0,0.0,67.0
2001.7071981023214,1.0,2.0,0.0,67.0
2001.7080314356547,1.0,2.0,0.0,67.0
2002.0080314356546,1.0,2.0,0.0,67.0
2002.008864768988,1.0,2.0,0.0,67.0
2002.3088647689879,1.0,2.0,0.0,67.0
2002.3096981023211,1.0,2.0,0.0,67.0
2002.609698102321,1.0,2.0,0.0,67.0
2002.6105314356544,1.0,2.0,0.0,67.0
2002.9105314356543,1.0,2.0,0.0,67.0
2002.9113647689876,1.0,2.0,0.0,67.0
2003.2113647689876,1.0,2.0,0.0,67.0
2003.2121981023208,1.0,2.0,0.0,67.0
2003.5121981023208,1.0,2.0,0.0,67.0
2003.513031435654,1.0,2.0,0.0,67.0
2003.813031435654,1.0,2.0,0.0,67.0
2003.8138647689873,1.0,2.0,0.0,67.0
2004.1138647689872,1.0,2.0,0.0,67.0
2004.1146981023205,1.0,2.0,0.0,67.0
2004.4146981023205,1.0,2.0,0.0,67.0
2004.4155314356537,1.0,2.0,0.0,67.0
2004.7155314356537,1.0,2.0,0.0,67.0
2004.716364768987,1.0,2.0,0.0,67.0
2005.016364768987,1.0,2.0,0.0,67.0
2005.0171981023202,1.0,2.0,0.0,67.0
2005.3171981023202,1.0,2.0,0.0,67.0
2005.3180314356534,1.0,2.0,0.0,67.0
2005.6180314356534,1.0,2.0,0.0,67.0
2005.6188647689867,1.0,2.0,0.0,67.0
2005.9188647689866,1.0,2.0,0.0,67.0
2005.91969810232,1.0,2.0,0.0,67.0
2006.2196981023199,1.0,2.0,0.0,67.0
2006.2205314356531,1.0,2.0,0.0,67.0
2006.520531435653,1.0,2.0,0.0,67.0
2006.5213647689864,1.0,2.0,0.0,67.0
2006.8213647689863,1.0,2.0,0.0,67.0
2006.8221981023196,1.0,2.0,0.0,67.0
2007.1221981023195,1.0,2.0,0.0,67.0
2007.1230314356528,1.0,2.0,0.0,67.0
2007.4230314356528,1.0,2.0,0.0,67.0
2007.423864768986,1.0,2.0,0.0,67.0
2007.723864768986,1.0,2.0,0.0,67.0
2007.7246981023193,1.0,2.0,0.0,67.0
2008.0246981023192,1.0,2.0,0.0,67.0
2008.0255314356525,1.0,2.0,0.0,67.0
2008.3255314356525,1.0,2.0,0.0,67.0
2008.3263647689857,1.0,2.0,0.0,67.0
2008.6263647689857,1.0,2.0,0.0,67.0
2008.627186686794,1.0,2.0,0.0,67.0
2008.927186686794,1.0,2.0,0.0,67.0
2008.9280086046022,1.0,2.0,0.0,67.0
2009.228008604602,1.0,2.0,0.0,67.0
2009.2288305224104,1.0,2.0,0.0,67.0
2009.5288305224103,1.0,2.0,0.0,67.0
2009.5296524402186,1.0,2.0,0.0,67.0
2009.8296524402185,1.0,2.0,0.0,67.0
2009.8304743580268,1.0,2.0,0.0,67.0
2010.1304743580267,1.0,2.0,0.0,67.0
2010.131296275835,1.0,2.0,0.0,67.0
2010.431296275835,1.0,2.0,0.0,67.0
2010.4321181936432,1.0,2.0,0.0,67.0
2010.7321181936431,1.0,2.0,0.0,67.0
2010.7329401114514,1.0,2.0,0.0,67.0
2011.0329401114514,1.0,2.0,0.0,67.0
2011.0337620292596,1.0,2.0,0.0,67.0
2011.3337620292596,1.0,2.0,0.0,67.0
2011.3345839470678,1.0,2.0,0.0,67.0
2011.6345839470678,1.0,2.0,0.0,67.0
2011.635405864876,1.0,2.0,0.0,67.0
2011.935405864876,1.0,2.0,0.0,67.0
2011.9362277826842,1.0,2.0,0.0,67.0
2012.2362277826842,1.0,2.0,0.0,67.0
2012.2370497004924,1.0,2.0,0.0,67.0
2012.5370497004924,1.0,2.0,0.0,67.0
2012.5378716183006,1.0,2.0,0.0,67.0
2012.8378716183006,1.0,2.0,0.0,67.0
2012.8386935361088,1.0,2.0,0.0,67.0
2013.1386935361088,1.0,2.0,0.0,67.0
2013.139515453917,1.0,2.0,0.0,67.0
2013.439515453917,1.0,2.0,0.0,67.0
2013.4403373717253,1.0,2.0,0.0,67.0
2013.7403373717252,1.0,2.0,0.0,67.0
2013.7411592895335,1.0,2.0,0.0,67.0
2014.0411592895334,1.0,2.0,0.0,67.0
2014.0419812073417,1.0,2.0,0.0,67.0
2014.3419812073416,1.0,2.0,0.0,67.0
2014.3428031251499,1.0,2.0,0.0,67.0
2014.6428031251498,1.0,2.0,0.0,67.0
2014.643625042958,1.0,2.0,0.0,67.0
2014.943625042958,1.0,2.0,0.0,67.0
2014.9444469607663,1.0,2.0,0.0,67.0
2015.2444469607663,1.0,2.0,0.0,67.0
2015.2452688785745,1.0,2.0,0.0,67.0
2015.5452688785745,1.0,2.0,0.0,67.0
2015.5461022119077,1.0,2.0,0.0,67.0
2015.8461022119077,1.0,2.0,0.0,67.0
2015.846935545241,1.0,2.0,0.0,67.0
2016.146935545241,1.0,2.0,0.0,67.0
2016.1477688785742,1.0,2.0,0.0,67.0
2016.4477688785742,1.0,2.0,0.0,67.0
2016.4486022119074,1.0,2.0,0.0,67.0
2016.7486022119074,1.0,2.0,0.0,67.0
2016.7494355452407,1.0,2.0,0.0,67.0
2017.0494355452406,1.0,2.0,0.0,67.0
2017.050268878574,1.0,2.0,0.0,67.0
2017.3502688785738,1.0,2.0,0.0,67.0
2017.3511022119071,1.0,2.0,0.0,67.0
2017.651102211907,1.0,2.0,0.0,67.0
2017.6519355452403,1.0,2.0,0.0,67.0
2017.9519355452403,1.0,2.0,0.0,67.0
2017.9527688785736,1.0,2.0,0.0,67.0
2018.2527688785735,1.0,2.0,0.0,67.0
2018.2536022119068,1.0,2.0,0.0,67.0
2018.5536022119068,1.0,2.0,0.0,67.0
2018.55443554524,1.0,2.0,0.0,67.0
2018.85443554524,1.0,2.0,0.0,67.0
2018.8552688785733,1.0,2.0,0.0,67.0
2019.1552688785732,1.0,2.0,0.0,67.0
2019.1560907963815,1.0,2.0,0.0,67.0
2019.4560907963814,1.0,2.0,0.0,67.0
2019.4569127141897,1.0,2.0,0.0,67.0
2019.7569127141896,1.0,2.0,0.0,67.0
2019.757734631998,1.0,2.0,0.0,67.0
2020.0577346319978,1.0,2.0,0.0,67.0
2020.058556549806,1.0,2.0,0.0,67.0
2020.358556549806,1.0,2.0,0.0,67.0
2020.3593784676143,1.0,2.0,0.0,67.0
2020.6593784676143,1.0,2.0,0.0,67.0
2020.6602003854225,1.0,2.0,0.0,67.0
2020.9602003854225,1.0,2.0,0.0,67.0
2020.9610223032307,1.0,2.0,0.0,67.0
2021.2610223032307,1.0,2.0,0.0,67.0
2021.261844221039,1.0,2.0,0.0,67.0
2021.5618442210389,1.0,2.0,0.0,67.0
2021.5626550318498,1.0,2.0,0.0,67.0
2021.8626550318497,1.0,2.0,0.0,67.0
2021.8634658426606,1.0,2.0,0.0,67.0
2022.1634658426606,1.0,2.0,0.0,67.0
2022.1642766534715,1.0,2.0,0.0,67.0
2022.4642766534714,1.0,2.0,0.0,67.0
2022.4650874642823,1.0,2.0,0.0,67.0
2022.7650874642823,1.0,2.0,0.0,67.0
2022.7658982750932,1.0,2.0,0.0,67.0
2023.065898275093,1.0,2.0,0.0,67.0
2023.066709085904,1.0,2.0,0.0,67.0
2023.366709085904,1.0,2.0,0.0,67.0
2023.3675198967148,1.0,2.0,0.0,67.0
2023.6675198967148,1.0,2.0,0.0,67.0
2023.6683307075257,1.0,2.0,0.0,67.0
2023.9683307075256,1.0,2.0,0.0,67.0
2023.9691415183365,1.0,2.0,0.0,67.0
2024.2691415183365,1.0,2.0,0.0,67.0
2024.2699523291474,1.0,2.0,0.0,67.0
2024.5699523291473,1.0,2.0,0.0,67.0
2024.5707631399582,1.0,2.0,0.0,67.0
2024.8707631399582,1.0,2.0,0.0,67.0
2024.871573950769,1.0,2.0,0.0,67.0
2025.171573950769,1.0,2.0,0.0,67.0
2025.17238476158,1.0,2.0,0.0,67.0
2025.4723847615799,1.0,2.0,0.0,67.0
2025.4731955723908,1.0,2.0,0.0,67.0
2025.7731955723907,1.0,2.0,0.0,67.0
2025.7740063832016,1.0,2.0,0.0,67.0
2026.0740063832015,1.0,2.0,0.0,67.0
2026.0748171940124,1.0,2.0,0.0,67.0
2026.3748171940124,1.0,2.0,0.0,67.0
2026.3756280048233,1.0,2.0,0.0,67.0
2026.6756280048232,1.0,2.0,0.0,67.0
2026.6764388156341,1.0,2.0,0.0,67.0
2026.976438815634,1.0,2.0,0.0,67.0
2026.977249626445,1.0,2.0,0.0,67.0
2027.277249626445,1.0,2.0,0.0,67.0
2027.2780604372558,1.0,2.0,0.0,67.0
2027.5780604372558,1.0,2.0,0.0,67.0
2027.5788712480667,1.0,2.0,0.0,67.0
2027.8788712480666,1.0,2.0,0.0,67.0
2027.8796820588775,1.0,2.0,0.0,67.0
2028.1796820588775,1.0,2.0,0.0,67.0
2028.1804928696884,1.0,2.0,0.0,67.0
2028.4804928696883,1.0,2.0,0.0,67.0
2028.4813036804992,1.0,2.0,0.0,67.0
2028.7813036804991,1.0,2.0,0.0,67.0
2028.78211449131,1.0,2.0,0.0,67.0
2029.08211449131,1.0,2.0,0.0,67.0
2029.0829253021209,1.0,2.0,0.0,67.0
2029.3829253021208,1.0,2.0,0.0,67.0
2029.3837361129317,1.0,2.0,0.0,67.0
2029.6837361129317,1.0,2.0,0.0,67.0
2029.6845469237426,1.0,2.0,0.0,67.0
2029.9845469237425,1.0,2.0,0.0,67.0
2029.9853577345534,1.0,2.0,0.0,67.0
2030.2853577345534,1.0,2.0,0.0,67.0
2030.2861685453643,1.0,2.0,0.0,67.0
2030.5861685453642,1.0,2.0,0.0,67.0
2030.586979356175,1.0,2.0,0.0,67.0
2030.886979356175,1.0,2.0,0.0,67.0
2030.887790166986,1.0,7.0,0.0,67.0
2031.187790166986,1.0,7.0,0.0,67.0
2031.1886009777968,1.0,7.0,0.0,67.0
2031.4886009777968,1.0,7.0,0.0,67.0
2031.4894117886076,1.0,7.0,0.0,67.0
2031.7894117886076,1.0,7.0,0.0,67.0
2031.7902225994185,1.0,7.0,0.0,67.0
2032.0902225994184,1.0,7.0,0.0,67.0
2032.0910334102293,1.0,7.0,0.0,67.0
2032.3910334102293,1.0,7.0,0.0,67.0
2032.3918442210402,1.0,7.0,0.0,67.0
2032.6918442210401,1.0,7.0,0.0,67.0
2032.692655031851,1.0,7.0,0.0,67.0
2032.992655031851,1.0,7.0,0.0,67.0
2032.9934658426619,1.0,7.0,0.0,67.0
2033.2934658426618,1.0,7.0,0.0,67.0
2033.2942766534727,1.0,7.0,0.0,67.0
2033.5942766534727,1.0,7.0,0.0,67.0
2033.5950874642836,1.0,7.0,0.0,67.0
2033.8950874642835,1.0,7.0,0.0,67.0
2033.8958982750944,1.0,7.0,0.0,67.0
2034.1958982750944,1.0,7.0,0.0,67.0
2034.1967090859052,1.0,7.0,0.0,67.0
2034.4967090859052,1.0,7.0,0.0,67.0
2034.497519896716,1.0,7.0,0.0,67.0
2034.797519896716,1.0,7.0,0.0,67.0
2034.798330707527,1.0,7.0,0.0,67.0
2035.0983307075269,1.0,7.0,0.0,67.0
2035.0991415183378,1.0,7.0,0.0,67.0
2035.3991415183377,1.0,7.0,0.0,67.0
2035.3999523291486,1.0,7.0,0.0,67.0
2035.6999523291486,1.0,7.0,0.0,67.0
2035.7007631399595,1.0,7.0,0.0,67.0
2036.0007631399594,1.0,7.0,0.0,67.0
2036.0015739507703,1.0,7.0,0.0,67.0
2036.3015739507703,1.0,7.0,0.0,67.0
2036.3023847615812,1.0,7.0,0.0,67.0
2036.602384761581,1.0,7.0,0.0,67.0
2036.603195572392,1.0,7.0,0.0,67.0
2036.903195572392,1.0,7.0,0.0,67.0
2036.9040063832028,1.0,7.0,0.0,67.0
2037.2040063832028,1.0,7.0,0.0,67.0
2037.2048171940137,1.0,7.0,0.0,67.0
2037.5048171940136,1.0,7.0,0.0,67.0
2037.5056280048245,1.0,7.0,0.0,67.0
2037.8056280048245,1.0,7.0,0.0,67.0
2037.8064388156354,1.0,7.0,0.0,67.0
2038.1064388156353,1.0,7.0,0.0,67.0
2038.1072496264462,1.0,7.0,0.0,67.0
2038.4072496264462,1.0,7.0,0.0,67.0
2038.408060437257,1.0,7.0,0.0,67.0
2038.708060437257,1.0,7.0,0.0,67.0
2038.708871248068,1.0,7.0,0.0,67.0
2039.0088712480679,1.0,7.0,0.0,67.0
2039.0096820588788,1.0,7.0,0.0,67.0
2039.3096820588787,1.0,7.0,0.0,67.0
2039.3104928696896,1.0,7.0,0.0,67.0
2039.6104928696896,1.0,7.0,0.0,67.0
2039.6113036805004,1.0,7.0,0.0,67.0
2039.9113036805004,1.0,7.0,0.0,67.0
2039.9121144913113,1.0,7.0,0.0,66.0
2040.2121144913112,1.0,7.0,0.0,66.0
2040.2129253021221,1.0,7.0,0.0,66.0
2040.512925302122,1.0,7.0,0.0,66.0
2040.513736112933,1.0,7.0,0.0,66.0
2040.813736112933,1.0,7.0,0.0,66.0
2040.8145469237438,1.0,7.0,0.0,66.0
2041.1145469237438,1.0,7.0,0.0,66.0
2041.1153577345547,1.0,7.0,0.0,66.0
2041.4153577345546,1.0,7.0,0.0,66.0
2041.4161685453655,1.0,7.0,0.0,66.0
2041.7161685453655,1.0,7.0,0.0,66.0
2041.7169793561764,1.0,7.0,0.0,66.0
2042.0169793561763,1.0,7.0,0.0,66.0
2042.0177901669872,1.0,7.0,0.0,66.0
2042.3177901669872,1.0,7.0,0.0,66.0
2042.318600977798,1.0,7.0,0.0,66.0
2042.618600977798,1.0,7.0,0.0,66.0
2042.6194117886089,1.0,7.0,0.0,66.0
2042.9194117886088,1.0,7.0,0.0,66.0
2042.9202225994197,1.0,7.0,0.0,66.0
2043.2202225994197,1.0,7.0,0.0,66.0
2043.2210334102306,1.0,7.0,0.0,66.0
2043.5210334102305,1.0,7.0,0.0,66.0
2043.5218442210414,1.0,7.0,0.0,66.0
2043.8218442210414,1.0,7.0,0.0,66.0
2043.8226550318523,1.0,7.0,0.0,66.0
2044.1226550318522,1.0,7.0,0.0,66.0
2044.123465842663,1.0,7.0,0.0,66.0
2044.423465842663,1.0,7.0,0.0,66.0
2044.424276653474,1.0,7.0,0.0,66.0
2044.724276653474,1.0,7.0,0.0,66.0
2044.7250874642848,1.0,7.0,0.0,66.0
2045.0250874642848,1.0,7.0,0.0,66.0
2045.0258982750956,1.0,7.0,0.0,66.0
2045.3258982750956,1.0,7.0,0.0,66.0
2045.3267090859065,1.0,7.0,0.0,66.0
2045.6267090859064,1.0,7.0,0.0,66.0
2045.6275198967173,1.0,7.0,0.0,65.0
2045.9275198967173,1.0,7.0,0.0,65.0
2045.9283307075282,1.0,5.0,0.0,66.0
2046.2283307075281,1.0,5.0,0.0,66.0
2046.229141518339,1.0,5.0,0.0,66.0
2046.529141518339,1.0,5.0,0.0,66.0
2046.5299523291499,1.0,5.0,0.0,66.0
2046.8299523291498,1.0,5.0,0.0,66.0
2046.8307631399607,1.0,5.0,0.0,66.0
2047.1307631399607,1.0,5.0,0.0,66.0
2047.1315739507716,1.0,5.0,0.0,66.0
2047.4315739507715,1.0,5.0,0.0,66.0
2047.4323847615824,1.0,5.0,0.0,66.0
2047.7323847615824,1.0,5.0,0.0,66.0
2047.7331955723932,1.0,5.0,0.0,66.0
2048.033195572393,1.0,5.0,0.0,66.0
2048.034006383204,1.0,5.0,0.0,66.0
2048.3340063832043,1.0,5.0,0.0,66.0
2048.334817194015,1.0,5.0,0.0,66.0
2048.6348171940153,1.0,5.0,0.0,66.0
2048.6356280048262,1.0,5.0,0.0,66.0
2048.9356280048264,1.0,5.0,0.0,66.0
2048.9364388156373,1.0,5.0,0.0,66.0
2049.2364388156375,1.0,5.0,0.0,66.0
2049.2372496264484,1.0,5.0,0.0,66.0
2049.5372496264486,1.0,5.0,0.0,66.0
2049.5380604372594,1.0,5.0,0.0,66.0
2049.8380604372596,1.0,5.0,0.0,66.0
2049.8388712480705,1.0,5.0,0.0,66.0
2050.1388712480707,1.0,5.0,0.0,66.0
2050.1396820588816,1.0,5.0,0.0,66.0
2050.4396820588818,1.0,5.0,0.0,66.0
2050.4404928696927,1.0,5.0,0.0,66.0
2050.740492869693,1.0,5.0,0.0,66.0
2050.7413036805037,1.0,5.0,0.0,66.0
2051.041303680504,1.0,5.0,0.0,66.0
2051.042114491315,1.0,5.0,0.0,66.0
2051.342114491315,1.0,5.0,0.0,66.0
2051.342925302126,1.0,5.0,0.0,66.0
2051.642925302126,1.0,5.0,0.0,66.0
2051.643736112937,1.0,5.0,0.0,66.0
2051.943736112937,1.0,5.0,0.0,66.0
2051.944546923748,1.0,5.0,0.0,66.0
2052.244546923748,1.0,5.0,0.0,66.0
2052.245357734559,1.0,5.0,0.0,66.0
2052.5453577345593,1.0,5.0,0.0,66.0
2052.54616854537,1.0,5.0,0.0,66.0
2052.8461685453703,1.0,5.0,0.0,66.0
2052.8469793561812,1.0,5.0,0.0,66.0
2053.1469793561814,1.0,5.0,0.0,66.0
2053.1477901669923,1.0,5.0,0.0,66.0
2053.4477901669925,1.0,5.0,0.0,66.0
2053.4486009778034,1.0,5.0,0.0,66.0
2053.7486009778036,1.0,5.0,0.0,66.0
2053.7494117886145,1.0,5.0,0.0,66.0
2054.0494117886146,1.0,5.0,0.0,66.0
2054.0502225994255,1.0,5.0,0.0,66.0
2054.3502225994257,1.0,5.0,0.0,66.0
2054.3510334102366,1.0,5.0,0.0,66.0
2054.651033410237,1.0,5.0,0.0,66.0
2054.6518442210477,1.0,3.0,0.0,67.0
2054.951844221048,1.0,3.0,0.0,67.0
2054.9526550318587,1.0,3.0,0.0,67.0
2055.252655031859,1.0,3.0,0.0,67.0
2055.25346584267,1.0,3.0,0.0,67.0
2055.55346584267,1.0,3.0,0.0,67.0
2055.554276653481,1.0,3.0,0.0,67.0
2055.854276653481,1.0,3.0,0.0,67.0
2055.855087464292,1.0,3.0,0.0,67.0
2056.155087464292,1.0,3.0,0.0,67.0
2056.155887464292,1.0,3.0,0.0,67.0
2056.455887464292,1.0,3.0,0.0,67.0
2056.456687464292,1.0,3.0,0.0,67.0
2056.756687464292,1.0,3.0,0.0,67.0
2056.757487464292,1.0,3.0,0.0,67.0
2057.057487464292,1.0,3.0,0.0,67.0
2057.058287464292,1.0,3.0,0.0,67.0
2057.358287464292,1.0,3.0,0.0,67.0
2057.359087464292,1.0,3.0,0.0,67.0
2057.659087464292,1.0,3.0,0.0,67.0
2057.659887464292,1.0,3.0,0.0,67.0
2057.959887464292,1.0,3.0,0.0,67.0
2057.960687464292,1.0,3.0,0.0,67.0
2058.260687464292,1.0,3.0,0.0,67.0
2058.261487464292,1.0,3.0,0.0,67.0
2058.561487464292,1.0,3.0,0.0,67.0
2058.562287464292,1.0,3.0,0.0,67.0
2058.862287464292,1.0,3.0,0.0,67.0
2058.8630874642918,1.0,3.0,0.0,67.0
2059.163087464292,1.0,3.0,0.0,67.0
2059.1638874642917,1.0,3.0,0.0,67.0
2059.463887464292,1.0,3.0,0.0,67.0
2059.4646874642917,1.0,3.0,0.0,67.0
2059.764687464292,1.0,3.0,0.0,67.0
2059.7654874642917,1.0,3.0,0.0,67.0
2060.065487464292,1.0,3.0,0.0,67.0
2060.0662874642917,1.0,3.0,0.0,67.0
2060.366287464292,1.0,3.0,0.0,67.0
2060.3670874642917,1.0,3.0,0.0,67.0
2060.667087464292,1.0,3.0,0.0,67.0
2060.6678874642917,1.0,3.0,0.0,67.0
2060.967887464292,1.0,3.0,0.0,67.0
2060.9686874642916,1.0,3.0,0.0,67.0
2061.268687464292,1.0,3.0,0.0,67.0
2061.2694874642916,1.0,3.0,0.0,67.0
2061.569487464292,1.0,3.0,0.0,67.0
2061.5702874642916,1.0,3.0,0.0,67.0
2061.870287464292,1.0,3.0,0.0,67.0
2061.8710874642916,1.0,3.0,0.0,67.0
2062.1710874642918,1.0,3.0,0.0,67.0
2062.1718874642916,1.0,3.0,0.0,67.0
2062.4718874642917,1.0,3.0,0.0,67.0
2062.4726874642915,1.0,3.0,0.0,67.0
2062.7726874642917,1.0,3.0,0.0,67.0
2062.7734874642915,1.0,3.0,0.0,67.0
2063.0734874642917,1.0,3.0,0.0,67.0
2063.0742874642915,1.0,3.0,0.0,67.0
2063.3742874642917,1.0,3.0,0.0,67.0
2063.3750874642915,1.0,3.0,0.0,67.0
2063.6750874642917,1.0,3.0,0.0,67.0
2063.6758874642915,1.0,3.0,0.0,67.0
2063.9758874642916,1.0,3.0,0.0,67.0
2063.9766874642914,1.0,3.0,0.0,67.0
2064.2766874642916,1.0,3.0,0.0,67.0
2064.2774874642914,1.0,3.0,0.0,67.0
2064.5774874642916,1.0,3.0,0.0,67.0
2064.5782874642914,1.0,3.0,0.0,67.0
2064.8782874642916,1.0,3.0,0.0,67.0
2064.8790874642914,1.0,3.0,0.0,67.0
2065.1790874642916,1.0,3.0,0.0,67.0
2065.1798874642914,1.0,3.0,0.0,67.0
2065.4798874642916,1.0,3.0,0.0,67.0
2065.4806874642913,1.0,3.0,0.0,67.0
2065.7806874642915,1.0,3.0,0.0,67.0
2065.7814874642913,1.0,3.0,0.0,67.0
2066.0814874642915,1.0,3.0,0.0,67.0
2066.0822874642913,1.0,3.0,0.0,67.0
2066.3822874642915,1.0,3.0,0.0,67.0
2066.3830874642913,1.0,3.0,0.0,67.0
2066.6830874642915,1.0,3.0,0.0,67.0
2066.6838874642913,1.0,3.0,0.0,67.0
2066.9838874642915,1.0,3.0,0.0,67.0
2066.9846874642913,1.0,3.0,0.0,67.0
2067.2846874642914,1.0,3.0,0.0,67.0
2067.2854874642912,1.0,3.0,0.0,67.0
2067.5854874642914,1.0,3.0,0.0,67.0
2067.586287464291,1.0,3.0,0.0,67.0
2067.8862874642914,1.0,3.0,0.0,67.0
2067.887087464291,1.0,3.0,0.0,67.0
2068.1870874642914,1.0,3.0,0.0,67.0
2068.187887464291,1.0,3.0,0.0,67.0
2068.4878874642914,1.0,3.0,0.0,67.0
2068.488687464291,1.0,3.0,0.0,67.0
2068.7886874642913,1.0,3.0,0.0,67.0
2068.789487464291,1.0,3.0,0.0,67.0
2069.0894874642913,1.0,3.0,0.0,67.0
2069.090287464291,1.0,3.0,0.0,67.0
2069.3902874642913,1.0,3.0,0.0,67.0
2069.391087464291,1.0,3.0,0.0,67.0
2069.6910874642913,1.0,3.0,0.0,67.0
2069.691887464291,1.0,3.0,0.0,67.0
2069.9918874642913,1.0,3.0,0.0,67.0
2069.992687464291,1.0,3.0,0.0,67.0
2070.2926874642912,1.0,3.0,0.0,67.0
2070.293487464291,1.0,3.0,0.0,67.0
2070.5934874642912,1.0,3.0,0.0,67.0
2070.594287464291,1.0,3.0,0.0,67.0
2070.894287464291,1.0,3.0,0.0,67.0
2070.895087464291,1.0,3.0,0.0,67.0
2071.195087464291,1.0,3.0,0.0,67.0
2071.195887464291,1.0,3.0,0.0,67.0
2071.495887464291,1.0,3.0,0.0,67.0
2071.496687464291,1.0,3.0,0.0,67.0
2071.796687464291,1.0,3.0,0.0,67.0
2071.797487464291,1.0,3.0,0.0,67.0
2072.097487464291,1.0,3.0,0.0,67.0
2072.098287464291,1.0,3.0,0.0,67.0
2072.398287464291,1.0,3.0,0.0,67.0
2072.399087464291,1.0,3.0,0.0,67.0
2072.699087464291,1.0,3.0,0.0,67.0
2072.699887464291,1.0,3.0,0.0,67.0
2072.999887464291,1.0,3.0,0.0,67.0
2073.000687464291,1.0,3.0,0.0,67.0
2073.300687464291,1.0,3.0,0.0,67.0
2073.301487464291,1.0,3.0,0.0,67.0
2073.601487464291,1.0,3.0,0.0,67.0
2073.602287464291,1.0,3.0,0.0,67.0
2073.902287464291,1.0,3.0,0.0,67.0
2073.903087464291,1.0,3.0,0.0,67.0
2074.203087464291,1.0,3.0,0.0,67.0
2074.203887464291,1.0,3.0,0.0,67.0
2074.503887464291,1.0,3.0,0.0,67.0
2074.504687464291,1.0,3.0,0.0,67.0
2074.804687464291,1.0,3.0,0.0,67.0
2074.8054874642908,1.0,3.0,0.0,67.0
2075.105487464291,1.0,3.0,0.0,67.0
2075.1062874642907,1.0,3.0,0.0,67.0
2075.406287464291,1.0,3.0,0.0,67.0
2075.4070874642907,1.0,3.0,0.0,67.0
2075.707087464291,1.0,3.0,0.0,67.0
2075.7078874642907,1.0,3.0,0.0,67.0
2076.007887464291,1.0,3.0,0.0,67.0
2076.0086874642907,1.0,3.0,0.0,67.0
2076.308687464291,1.0,3.0,0.0,67.0
2076.3094874642907,1.0,3.0,0.0,67.0
2076.609487464291,1.0,3.0,0.0,67.0
2076.6102874642906,1.0,3.0,0.0,67.0
2076.910287464291,1.0,3.0,0.0,67.0
2076.9110874642906,1.0,3.0,0.0,67.0
2077.211087464291,1.0,3.0,0.0,67.0
2077.2118874642906,1.0,3.0,0.0,67.0
2077.511887464291,1.0,3.0,0.0,67.0
2077.5126874642906,1.0,3.0,0.0,67.0
2077.812687464291,1.0,3.0,0.0,67.0
2077.8134874642906,1.0,3.0,0.0,67.0
2078.1134874642908,1.0,3.0,0.0,67.0
2078.1142874642906,1.0,3.0,0.0,67.0
2078.4142874642907,1.0,3.0,0.0,67.0
2078.4150874642905,1.0,3.0,0.0,67.0
2078.7150874642907,1.0,3.0,0.0,67.0
2078.7158874642905,1.0,3.0,0.0,67.0
2079.0158874642907,1.0,3.0,0.0,67.0
2079.0166874642905,1.0,3.0,0.0,67.0
2079.3166874642907,1.0,3.0,0.0,67.0
2079.3174874642905,1.0,3.0,0.0,67.0
2079.6174874642907,1.0,3.0,0.0,67.0
2079.6182874642905,1.0,3.0,0.0,67.0
2079.9182874642906,1.0,3.0,0.0,67.0
2079.9190874642904,1.0,3.0,0.0,67.0
2080.2190874642906,1.0,3.0,0.0,67.0
2080.2198874642904,1.0,3.0,0.0,67.0
2080.5198874642906,1.0,3.0,0.0,67.0
2080.5206874642904,1.0,3.0,0.0,67.0
2080.8206874642906,1.0,3.0,0.0,67.0
2080.8214874642904,1.0,3.0,0.0,67.0
2081.1214874642906,1.0,3.0,0.0,67.0
2081.1222874642904,1.0,3.0,0.0,67.0
2081.4222874642905,1.0,3.0,0.0,67.0
2081.4230874642903,1.0,3.0,0.0,67.0
2081.7230874642905,1.0,3.0,0.0,67.0
2081.7238874642903,1.0,3.0,0.0,67.0
2082.0238874642905,1.0,3.0,0.0,67.0
2082.0246874642903,1.0,3.0,0.0,67.0
2082.3246874642905,1.0,3.0,0.0,67.0
2082.3254874642903,1.0,3.0,0.0,67.0
2082.6254874642905,1.0,3.0,0.0,67.0
2082.6262874642903,1.0,3.0,0.0,67.0
2082.9262874642905,1.0,3.0,0.0,67.0
2082.9270874642903,1.0,3.0,0.0,67.0
2083.2270874642904,1.0,3.0,0.0,67.0
2083.2278874642902,1.0,3.0,0.0,67.0
2083.5278874642904,1.0,3.0,0.0,67.0
2083.52868746429,1.0,3.0,0.0,67.0
2083.8286874642904,1.0,3.0,0.0,67.0
2083.82948746429,1.0,3.0,0.0,67.0
2084.1294874642904,1.0,3.0,0.0,67.0
2084.13028746429,1.0,3.0,0.0,67.0
2084.4302874642904,1.0,3.0,0.0,67.0
2084.43108746429,1.0,3.0,0.0,67.0
2084.7310874642903,1.0,3.0,0.0,67.0
2084.73188746429,1.0,3.0,0.0,67.0
2085.0318874642903,1.0,3.0,0.0,67.0
2085.03268746429,1.0,3.0,0.0,67.0
2085.3326874642903,1.0,3.0,0.0,67.0
2085.33348746429,1.0,3.0,0.0,67.0
2085.6334874642903,1.0,3.0,0.0,67.0
2085.63428746429,1.0,3.0,0.0,67.0
2085.9342874642903,1.0,3.0,0.0,67.0
2085.93508746429,1.0,3.0,0.0,67.0
2086.2350874642902,1.0,3.0,0.0,67.0
2086.23588746429,1.0,3.0,0.0,67.0
2086.53588746429,1.0,3.0,0.0,67.0
2086.53668746429,1.0,3.0,0.0,67.0
2086.83668746429,1.0,3.0,0.0,67.0
2086.83748746429,1.0,3.0,0.0,67.0
2087.13748746429,1.0,3.0,0.0,67.0
2087.13828746429,1.0,3.0,0.0,67.0
2087.43828746429,1.0,3.0,0.0,67.0
2087.43908746429,1.0,3.0,0.0,67.0
2087.73908746429,1.0,3.0,0.0,67.0
2087.73988746429,1.0,3.0,0.0,67.0
2088.03988746429,1.0,3.0,0.0,67.0
2088.04068746429,1.0,3.0,0.0,67.0
2088.34068746429,1.0,3.0,0.0,67.0
2088.34148746429,1.0,3.0,0.0,67.0
2088.64148746429,1.0,3.0,0.0,67.0
2088.64228746429,1.0,3.0,0.0,67.0
2088.94228746429,1.0,3.0,0.0,67.0
2088.94308746429,1.0,3.0,0.0,67.0
2089.24308746429,1.0,3.0,0.0,67.0
2089.24388746429,1.0,3.0,0.0,67.0
2089.54388746429,1.0,3.0,0.0,67.0
2089.54468746429,1.0,3.0,0.0,67.0
2089.84468746429,1.0,3.0,0.0,67.0
2089.845498275101,1.0,3.0,0.0,67.0
2090.145498275101,1.0,3.0,0.0,67.0
2090.146309085912,1.0,3.0,0.0,67.0
2090.446309085912,1.0,3.0,0.0,67.0
2090.447119896723,1.0,3.0,0.0,67.0
2090.7471198967232,1.0,3.0,0.0,67.0
2090.747930707534,1.0,3.0,0.0,67.0
2091.0479307075343,1.0,3.0,0.0,67.0
2091.048730707534,1.0,3.0,0.0,67.0
2091.3487307075343,1.0,3.0,0.0,67.0
2091.349530707534,1.0,3.0,0.0,67.0
2091.6495307075343,1.0,3.0,0.0,67.0
2091.650330707534,1.0,3.0,0.0,67.0
2091.9503307075342,1.0,3.0,0.0,67.0
2091.951130707534,1.0,3.0,0.0,67.0
2092.2511307075342,1.0,3.0,0.0,67.0
2092.251930707534,1.0,3.0,0.0,67.0
2092.551930707534,1.0,3.0,0.0,67.0
2092.552730707534,1.0,3.0,0.0,67.0
2092.852730707534,1.0,3.0,0.0,67.0
2092.853530707534,1.0,3.0,0.0,67.0
2093.153530707534,1.0,3.0,0.0,67.0
2093.154330707534,1.0,3.0,0.0,67.0
2093.454330707534,1.0,3.0,0.0,67.0
2093.455130707534,1.0,3.0,0.0,67.0
2093.755130707534,1.0,3.0,0.0,67.0
2093.755930707534,1.0,3.0,0.0,67.0
2094.055930707534,1.0,3.0,0.0,67.0
2094.056730707534,1.0,3.0,0.0,67.0
2094.356730707534,1.0,3.0,0.0,67.0
2094.357530707534,1.0,3.0,0.0,67.0
2094.657530707534,1.0,3.0,0.0,67.0
2094.658330707534,1.0,3.0,0.0,67.0
2094.958330707534,1.0,3.0,0.0,67.0
2094.959130707534,1.0,3.0,0.0,67.0
2095.259130707534,1.0,3.0,0.0,67.0
2095.259930707534,1.0,3.0,0.0,67.0
2095.559930707534,1.0,3.0,0.0,67.0
2095.560730707534,1.0,3.0,0.0,67.0
2095.860730707534,1.0,3.0,0.0,67.0
2095.861530707534,1.0,3.0,0.0,67.0
2096.161530707534,1.0,3.0,0.0,67.0
2096.162330707534,1.0,3.0,0.0,67.0
2096.462330707534,1.0,3.0,0.0,67.0
2096.4631307075338,1.0,3.0,0.0,67.0
2096.763130707534,1.0,3.0,0.0,67.0
2096.7639307075337,1.0,3.0,0.0,67.0
2097.063930707534,1.0,3.0,0.0,67.0
2097.0647307075337,1.0,3.0,0.0,67.0
2097.364730707534,1.0,3.0,0.0,67.0
2097.3655307075337,1.0,3.0,0.0,67.0
2097.665530707534,1.0,3.0,0.0,67.0
2097.6663307075337,1.0,3.0,0.0,67.0
2097.966330707534,1.0,3.0,0.0,67.0
2097.9671307075337,1.0,3.0,0.0,67.0
2098.267130707534,1.0,3.0,0.0,67.0
2098.2679307075337,1.0,3.0,0.0,67.0
2098.567930707534,1.0,3.0,0.0,67.0
2098.5687307075336,1.0,3.0,0.0,67.0
2098.868730707534,1.0,3.0,0.0,67.0
2098.8695307075336,1.0,3.0,0.0,67.0
2099.169530707534,1.0,3.0,0.0,67.0
2099.1703307075336,1.0,3.0,0.0,67.0
2099.470330707534,1.0,3.0,0.0,67.0
2099.4711307075336,1.0,3.0,0.0,67.0
2099.7711307075338,1.0,3.0,0.0,67.0
2099.7719307075336,1.0,3.0,0.0,67.0
2100.0719307075337,1.0,3.0,0.0,67.0
2100.0727307075335,1.0,3.0,0.0,67.0
2100.3727307075337,1.0,3.0,0.0,67.0
2100.3735307075335,1.0,3.0,0.0,67.0
2100.6735307075337,1.0,3.0,0.0,67.0
2100.6743307075335,1.0,3.0,0.0,67.0
2100.9743307075337,1.0,3.0,0.0,67.0
2100.9751307075335,1.0,3.0,0.0,67.0
2101.2751307075337,1.0,3.0,0.0,67.0
2101.2759307075335,1.0,3.0,0.0,67.0
2101.5759307075336,1.0,3.0,0.0,67.0
2101.5767307075334,1.0,3.0,0.0,67.0
2101.8767307075336,1.0,3.0,0.0,67.0
2101.8775307075334,1.0,3.0,0.0,67.0
2102.1775307075336,1.0,3.0,0.0,67.0
2102.1783307075334,1.0,3.0,0.0,67.0
2102.4783307075336,1.0,3.0,0.0,67.0
2102.4791307075334,1.0,3.0,0.0,67.0
2102.7791307075336,1.0,3.0,0.0,67.0
2102.7799307075334,1.0,3.0,0.0,67.0
2103.0799307075335,1.0,3.0,0.0,67.0
2103.0807307075333,1.0,3.0,0.0,67.0
2103.3807307075335,1.0,3.0,0.0,67.0
2103.3815307075333,1.0,3.0,0.0,67.0
2103.6815307075335,1.0,3.0,0.0,67.0
2103.6823307075333,1.0,3.0,0.0,67.0
2103.9823307075335,1.0,3.0,0.0,67.0
2103.9831307075333,1.0,3.0,0.0,67.0
2104.2831307075335,1.0,3.0,0.0,67.0
2104.2839307075333,1.0,3.0,0.0,67.0
2104.5839307075335,1.0,3.0,0.0,67.0
2104.5847307075333,1.0,3.0,0.0,67.0
2104.8847307075334,1.0,3.0,0.0,67.0
2104.8855307075332,1.0,3.0,0.0,67.0
2105.1855307075334,1.0,3.0,0.0,67.0
2105.186330707533,1.0,3.0,0.0,67.0
2105.4863307075334,1.0,3.0,0.0,67.0
2105.487130707533,1.0,3.0,0.0,67.0
2105.7871307075334,1.0,3.0,0.0,67.0
2105.787930707533,1.0,3.0,0.0,67.0
2106.0879307075334,1.0,3.0,0.0,67.0
2106.088730707533,1.0,3.0,0.0,67.0
2106.3887307075333,1.0,3.0,0.0,67.0
2106.389530707533,1.0,3.0,0.0,67.0
2106.6895307075333,1.0,3.0,0.0,67.0
2106.690330707533,1.0,3.0,0.0,67.0
2106.9903307075333,1.0,3.0,0.0,67.0
2106.991130707533,1.0,3.0,0.0,67.0
2107.2911307075333,1.0,3.0,0.0,67.0
2107.291930707533,1.0,3.0,0.0,67.0
2107.5919307075333,1.0,3.0,0.0,67.0
2107.592730707533,1.0,3.0,0.0,67.0
2107.8927307075332,1.0,3.0,0.0,67.0
2107.893530707533,1.0,3.0,0.0,67.0
2108.1935307075332,1.0,3.0,0.0,67.0
2108.1943201812173,1.0,3.0,0.0,67.0
2108.4943201812175,1.0,3.0,0.0,67.0
2108.4951096549016,1.0,3.0,0.0,67.0
2108.795109654902,1.0,3.0,0.0,67.0
2108.795899128586,1.0,3.0,0.0,67.0
2109.095899128586,1.0,3.0,0.0,67.0
2109.09668860227,1.0,3.0,0.0,67.0
2109.3966886022704,1.0,3.0,0.0,67.0
2109.3974780759545,1.0,3.0,0.0,67.0
2109.6974780759547,1.0,3.0,0.0,67.0
2109.698267549639,1.0,3.0,0.0,67.0
2109.998267549639,1.0,3.0,0.0,67.0
2109.999057023323,1.0,3.0,0.0,67.0
2110.2990570233233,1.0,3.0,0.0,67.0
2110.2998464970074,1.0,3.0,0.0,67.0
2110.5998464970075,1.0,3.0,0.0,67.0
2110.6006359706917,1.0,3.0,0.0,67.0
2110.900635970692,1.0,3.0,0.0,67.0
2110.901425444376,1.0,3.0,0.0,67.0
2111.201425444376,1.0,3.0,0.0,67.0
2111.2022149180602,1.0,3.0,0.0,67.0
2111.5022149180604,1.0,3.0,0.0,67.0
2111.5030043917445,1.0,3.0,0.0,67.0
2111.8030043917447,1.0,3.0,0.0,67.0
2111.803793865429,1.0,3.0,0.0,67.0
2112.103793865429,1.0,3.0,0.0,67.0
2112.104583339113,1.0,3.0,0.0,67.0
2112.4045833391133,1.0,3.0,0.0,67.0
2112.4053728127974,1.0,3.0,0.0,67.0
2112.7053728127976,1.0,3.0,0.0,67.0
2112.7061622864817,1.0,3.0,0.0,67.0
2113.006162286482,1.0,3.0,0.0,67.0
2113.006951760166,1.0,3.0,0.0,67.0
2113.306951760166,1.0,3.0,0.0,67.0
2113.3077412338503,1.0,3.0,0.0,67.0
2113.6077412338504,1.0,3.0,0.0,67.0
2113.6085307075346,1.0,3.0,0.0,67.0
2113.9085307075347,1.0,3.0,0.0,67.0
2113.909320181219,1.0,3.0,0.0,67.0
2114.209320181219,1.0,3.0,0.0,67.0
2114.210109654903,1.0,3.0,0.0,67.0
2114.5101096549033,1.0,3.0,0.0,67.0
2114.5108991285874,1.0,3.0,0.0,67.0
2114.8108991285876,1.0,3.0,0.0,67.0
2114.8116886022717,1.0,3.0,0.0,67.0
2115.111688602272,1.0,3.0,0.0,67.0
2115.112478075956,1.0,3.0,0.0,67.0
2115.412478075956,1.0,3.0,0.0,67.0
2115.4132675496403,1.0,3.0,0.0,67.0
2115.7132675496405,1.0,3.0,0.0,67.0
2115.7140570233246,1.0,3.0,0.0,67.0
2116.0140570233248,1.0,3.0,0.0,67.0
2116.014846497009,1.0,3.0,0.0,67.0
2116.314846497009,1.0,3.0,0.0,67.0
2116.315635970693,1.0,3.0,0.0,67.0
2116.6156359706933,1.0,3.0,0.0,67.0
2116.6164254443775,1.0,3.0,0.0,67.0
2116.9164254443776,1.0,3.0,0.0,67.0
2116.9172149180617,1.0,3.0,0.0,67.0
2117.217214918062,1.0,3.0,0.0,67.0
2117.218004391746,1.0,3.0,0.0,67.0
2117.518004391746,1.0,3.0,0.0,67.0
2117.5187938654303,1.0,3.0,0.0,67.0
2117.8187938654305,1.0,3.0,0.0,67.0
2117.8195833391146,1.0,3.0,0.0,67.0
2118.119583339115,1.0,3.0,0.0,67.0
2118.120372812799,1.0,3.0,0.0,67.0
2118.420372812799,1.0,3.0,0.0,67.0
2118.421162286483,1.0,3.0,0.0,67.0
2118.7211622864834,1.0,3.0,0.0,67.0
2118.7219517601675,1.0,3.0,0.0,67.0
2119.0219517601677,1.0,3.0,0.0,67.0
2119.022741233852,1.0,3.0,0.0,67.0
2119.322741233852,1.0,3.0,0.0,67.0
2119.323530707536,1.0,3.0,0.0,67.0
2119.6235307075362,1.0,3.0,0.0,67.0
2119.6243201812204,1.0,3.0,0.0,67.0
2119.9243201812205,1.0,3.0,0.0,67.0
2119.9251096549046,1.0,3.0,0.0,67.0
2120.225109654905,1.0,3.0,0.0,67.0
2120.225899128589,1.0,3.0,0.0,67.0
2120.525899128589,1.0,3.0,0.0,67.0
2120.526688602273,1.0,3.0,0.0,67.0
2120.8266886022734,1.0,3.0,0.0,67.0
2120.8274780759575,1.0,3.0,0.0,67.0
2121.1274780759577,1.0,3.0,0.0,67.0
2121.128267549642,1.0,3.0,0.0,67.0
2121.428267549642,1.0,3.0,0.0,67.0
2121.429057023326,1.0,3.0,0.0,67.0
2121.7290570233263,1.0,3.0,0.0,67.0
2121.7298464970104,1.0,3.0,0.0,67.0
2122.0298464970106,1.0,3.0,0.0,67.0
2122.0306359706947,1.0,3.0,0.0,67.0
2122.330635970695,1.0,3.0,0.0,67.0
2122.331425444379,1.0,3.0,0.0,67.0
2122.631425444379,1.0,3.0,0.0,67.0
2122.6322149180633,1.0,3.0,0.0,67.0
2122.9322149180634,1.0,3.0,0.0,67.0
2122.9330043917475,1.0,3.0,0.0,67.0
2123.2330043917477,1.0,3.0,0.0,67.0
2123.233793865432,1.0,3.0,0.0,67.0
2123.533793865432,1.0,3.0,0.0,67.0
2123.534583339116,1.0,3.0,0.0,67.0
2123.8345833391163,1.0,3.0,0.0,67.0
2123.8353728128004,1.0,3.0,0.0,67.0
2124.1353728128006,1.0,3.0,0.0,67.0
2124.1361622864847,1.0,3.0,0.0,67.0
2124.436162286485,1.0,3.0,0.0,67.0
2124.436951760169,1.0,3.0,0.0,67.0
2124.736951760169,1.0,3.0,0.0,67.0
2124.7377412338533,1.0,3.0,0.0,67.0
2125.0377412338535,1.0,3.0,0.0,67.0
2125.0385307075376,1.0,3.0,0.0,67.0
2125.3385307075378,1.0,3.0,0.0,67.0
2125.339320181222,1.0,3.0,0.0,67.0
2125.639320181222,1.0,3.0,0.0,67.0
2125.640109654906,1.0,3.0,0.0,67.0
2125.9401096549063,1.0,3.0,0.0,67.0
2125.9408991285904,1.0,3.0,0.0,67.0
2126.2408991285906,1.0,3.0,0.0,67.0
2126.2416886022747,1.0,3.0,0.0,67.0
2126.541688602275,1.0,3.0,0.0,67.0
2126.542478075959,1.0,3.0,0.0,67.0
2126.842478075959,1.0,3.0,0.0,67.0
2126.8432675496433,1.0,1.0,0.0,68.0
2127.1432675496435,1.0,1.0,0.0,68.0
2127.1440570233276,1.0,1.0,0.0,68.0
2127.444057023328,1.0,1.0,0.0,68.0
2127.444846497012,1.0,1.0,0.0,68.0
2127.744846497012,1.0,1.0,0.0,68.0
2127.745635970696,1.0,1.0,0.0,68.0
2128.0456359706964,1.0,1.0,0.0,68.0
2128.0464254443805,1.0,1.0,0.0,68.0
2128.3464254443807,1.0,1.0,0.0,68.0
2128.3472149180648,1.0,1.0,0.0,68.0
2128.647214918065,1.0,1.0,0.0,68.0
2128.648004391749,1.0,1.0,0.0,68.0
2128.9480043917492,1.0,1.0,0.0,68.0
2128.9487938654333,1.0,1.0,0.0,68.0
2129.2487938654335,1.0,1.0,0.0,68.0
2129.2495833391176,1.0,1.0,0.0,68.0
2129.549583339118,1.0,1.0,0.0,68.0
2129.550372812802,1.0,1.0,0.0,68.0
2129.850372812802,1.0,1.0,0.0,68.0
2129.851162286486,1.0,1.0,0.0,68.0
2130.1511622864864,1.0,1.0,0.0,68.0
2130.1519517601705,1.0,1.0,0.0,68.0
2130.4519517601707,1.0,1.0,0.0,68.0
2130.452741233855,1.0,1.0,0.0,68.0
2130.752741233855,1.0,1.0,0.0,68.0
2130.753530707539,1.0,1.0,0.0,68.0
2131.0535307075393,1.0,1.0,0.0,68.0
2131.0543201812234,1.0,1.0,0.0,68.0
2131.3543201812236,1.0,1.0,0.0,68.0
2131.3551096549077,1.0,1.0,0.0,68.0
2131.655109654908,1.0,1.0,0.0,68.0
2131.655899128592,1.0,1.0,0.0,68.0
2131.955899128592,1.0,1.0,0.0,68.0
2131.956699128592,1.0,1.0,0.0,68.0
2132.256699128592,1.0,1.0,0.0,68.0
2132.257499128592,1.0,1.0,0.0,68.0
2132.557499128592,1.0,1.0,0.0,68.0
2132.558299128592,1.0,1.0,0.0,68.0
2132.858299128592,1.0,1.0,0.0,68.0
2132.859099128592,1.0,1.0,0.0,68.0
2133.159099128592,1.0,1.0,0.0,68.0
2133.159899128592,1.0,1.0,0.0,68.0
2133.459899128592,1.0,1.0,0.0,68.0
2133.460699128592,1.0,1.0,0.0,68.0
2133.760699128592,1.0,1.0,0.0,68.0
2133.761499128592,1.0,1.0,0.0,68.0
2134.061499128592,1.0,1.0,0.0,68.0
2134.062299128592,1.0,1.0,0.0,68.0
2134.362299128592,1.0,1.0,0.0,68.0
2134.363099128592,1.0,1.0,0.0,68.0
2134.663099128592,1.0,1.0,0.0,68.0
2134.6638991285918,1.0,1.0,0.0,68.0
2134.963899128592,1.0,1.0,0.0,68.0
2134.9646991285917,1.0,1.0,0.0,68.0
2135.264699128592,1.0,1.0,0.0,68.0
2135.2654991285917,1.0,1.0,0.0,68.0
2135.565499128592,1.0,1.0,0.0,68.0
2135.5662991285917,1.0,1.0,0.0,68.0
2135.866299128592,1.0,1.0,0.0,68.0
2135.8670991285917,1.0,1.0,0.0,68.0
2136.167099128592,1.0,1.0,0.0,68.0
2136.1678991285917,1.0,1.0,0.0,68.0
2136.467899128592,1.0,1.0,0.0,68.0
2136.4686991285917,1.0,1.0,0.0,68.0
2136.768699128592,1.0,1.0,0.0,68.0
2136.7694991285916,1.0,1.0,0.0,68.0
2137.069499128592,1.0,1.0,0.0,68.0
2137.0702991285916,1.0,1.0,0.0,68.0
2137.370299128592,1.0,1.0,0.0,68.0
2137.3710991285916,1.0,1.0,0.0,68.0
2137.671099128592,1.0,1.0,0.0,68.0
2137.6718991285916,1.0,1.0,0.0,68.0
2137.9718991285918,1.0,1.0,0.0,68.0
2137.9726991285916,1.0,1.0,0.0,68.0
2138.2726991285917,1.0,1.0,0.0,68.0
2138.2734991285915,1.0,1.0,0.0,68.0
2138.5734991285917,1.0,1.0,0.0,68.0
2138.5742991285915,1.0,1.0,0.0,68.0
2138.8742991285917,1.0,1.0,0.0,68.0
2138.8750991285915,1.0,1.0,0.0,68.0
2139.1750991285917,1.0,1.0,0.0,68.0
2139.1758991285915,1.0,1.0,0.0,68.0
2139.4758991285917,1.0,1.0,0.0,68.0
2139.4767099394026,1.0,1.0,0.0,68.0
2139.7767099394027,1.0,1.0,0.0,68.0
2139.7775207502136,1.0,1.0,0.0,68.0
2140.077520750214,1.0,1.0,0.0,68.0
2140.0783315610247,1.0,1.0,0.0,68.0
2140.378331561025,1.0,1.0,0.0,68.0
2140.3791423718358,1.0,1.0,0.0,68.0
2140.679142371836,1.0,1.0,0.0,68.0
2140.679953182647,1.0,1.0,0.0,68.0
2140.979953182647,1.0,1.0,0.0,68.0
2140.980763993458,1.0,1.0,0.0,68.0
2141.280763993458,1.0,1.0,0.0,68.0
2141.281574804269,1.0,1.0,0.0,68.0
2141.581574804269,1.0,1.0,0.0,68.0
2141.58238561508,1.0,1.0,0.0,68.0
2141.8823856150802,1.0,1.0,0.0,68.0
2141.883196425891,1.0,1.0,0.0,68.0
2142.1831964258913,1.0,1.0,0.0,68.0
2142.184007236702,1.0,1.0,0.0,68.0
2142.4840072367024,1.0,1.0,0.0,68.0
2142.4848180475133,1.0,1.0,0.0,68.0
2142.7848180475135,1.0,1.0,0.0,68.0
2142.7856288583243,1.0,1.0,0.0,68.0
2143.0856288583245,1.0,1.0,0.0,68.0
2143.0864396691354,1.0,1.0,0.0,68.0
2143.3864396691356,1.0,1.0,0.0,68.0
2143.3872504799465,1.0,1.0,0.0,68.0
2143.6872504799467,1.0,1.0,0.0,68.0
2143.6880612907576,1.0,1.0,0.0,68.0
2143.9880612907577,1.0,1.0,0.0,68.0
2143.9888721015686,1.0,1.0,0.0,68.0
2144.288872101569,1.0,1.0,0.0,68.0
2144.2896829123797,1.0,1.0,0.0,68.0
2144.58968291238,1.0,1.0,0.0,68.0
2144.590493723191,1.0,1.0,0.0,68.0
2144.890493723191,1.0,1.0,0.0,68.0
2144.891304534002,1.0,1.0,0.0,68.0
2145.191304534002,1.0,1.0,0.0,68.0
2145.192115344813,1.0,1.0,0.0,68.0
2145.492115344813,1.0,1.0,0.0,68.0
2145.492926155624,1.0,1.0,0.0,68.0
2145.792926155624,1.0,1.0,0.0,68.0
2145.793736966435,1.0,1.0,0.0,68.0
2146.0937369664352,1.0,1.0,0.0,68.0
2146.094547777246,1.0,1.0,0.0,68.0
2146.3945477772463,1.0,1.0,0.0,68.0
2146.395358588057,1.0,1.0,0.0,68.0
2146.6953585880574,1.0,1.0,0.0,68.0
2146.6961693988683,1.0,1.0,0.0,68.0
2146.9961693988685,1.0,1.0,0.0,68.0
2146.9969802096794,1.0,1.0,0.0,68.0
2147.2969802096795,1.0,1.0,0.0,68.0
2147.2977910204904,1.0,1.0,0.0,68.0
2147.5977910204906,1.0,1.0,0.0,68.0
2147.5986018313015,1.0,1.0,0.0,68.0
2147.8986018313017,1.0,1.0,0.0,68.0
2147.8994126421126,1.0,1.0,0.0,68.0
2148.1994126421127,1.0,1.0,0.0,68.0
2148.2002234529236,1.0,1.0,0.0,68.0
2148.500223452924,1.0,1.0,0.0,68.0
2148.5010342637347,1.0,1.0,0.0,68.0
2148.801034263735,1.0,1.0,0.0,68.0
2148.801845074546,1.0,1.0,0.0,68.0
2149.101845074546,1.0,1.0,0.0,68.0
2149.102655885357,1.0,1.0,0.0,68.0
2149.402655885357,1.0,1.0,0.0,68.0
2149.403466696168,1.0,1.0,0.0,68.0
2149.703466696168,1.0,1.0,0.0,68.0
2149.704277506979,1.0,1.0,0.0,68.0
2150.004277506979,1.0,1.0,0.0,68.0
2150.00508831779,1.0,1.0,0.0,68.0
2150.3050883177903,1.0,1.0,0.0,68.0
2150.305899128601,1.0,1.0,0.0,68.0
2150.6058991286013,1.0,1.0,0.0,68.0
2150.606699128601,1.0,1.0,0.0,68.0
2150.9066991286013,1.0,1.0,0.0,68.0
2150.9074886022854,1.0,1.0,0.0,68.0
2151.2074886022856,1.0,1.0,0.0,68.0
2151.2082780759697,1.0,1.0,0.0,68.0
2151.50827807597,1.0,1.0,0.0,68.0
2151.509067549654,1.0,1.0,0.0,68.0
2151.809067549654,1.0,1.0,0.0,68.0
2151.8098570233383,1.0,1.0,0.0,68.0
2152.1098570233385,1.0,1.0,0.0,68.0
2152.1106464970226,1.0,1.0,0.0,68.0
2152.4106464970228,1.0,1.0,0.0,68.0
2152.411435970707,1.0,1.0,0.0,68.0
2152.711435970707,1.0,1.0,0.0,68.0
2152.712225444391,1.0,1.0,0.0,68.0
2153.0122254443913,1.0,1.0,0.0,68.0
2153.0130149180754,1.0,1.0,0.0,68.0
2153.3130149180756,1.0,1.0,0.0,68.0
2153.3138043917597,1.0,1.0,0.0,68.0
2153.61380439176,1.0,1.0,0.0,68.0
2153.614593865444,1.0,1.0,0.0,68.0
2153.914593865444,1.0,1.0,0.0,68.0
2153.9153833391283,1.0,1.0,0.0,68.0
2154.2153833391285,1.0,1.0,0.0,68.0
2154.2161728128126,1.0,1.0,0.0,68.0
2154.516172812813,1.0,1.0,0.0,68.0
2154.516962286497,1.0,1.0,0.0,68.0
2154.816962286497,1.0,1.0,0.0,68.0
2154.817751760181,1.0,1.0,0.0,68.0
2155.1177517601814,1.0,1.0,0.0,68.0
2155.1185412338655,1.0,1.0,0.0,68.0
2155.4185412338657,1.0,1.0,0.0,68.0
2155.4193307075498,1.0,1.0,0.0,68.0
2155.71933070755,1.0,1.0,0.0,68.0
2155.720120181234,1.0,1.0,0.0,68.0
2156.0201201812342,1.0,1.0,0.0,68.0
2156.0209096549183,1.0,1.0,0.0,68.0
2156.3209096549185,1.0,1.0,0.0,68.0
2156.3216991286026,1.0,1.0,0.0,68.0
2156.621699128603,1.0,1.0,0.0,68.0
2156.622488602287,1.0,1.0,0.0,68.0
2156.922488602287,1.0,1.0,0.0,68.0
2156.923278075971,1.0,1.0,0.0,68.0
2157.2232780759714,1.0,1.0,0.0,68.0
2157.2240675496555,1.0,1.0,0.0,68.0
2157.5240675496557,1.0,1.0,0.0,68.0
2157.52485702334,1.0,1.0,0.0,68.0
2157.82485702334,1.0,1.0,0.0,68.0
2157.825646497024,1.0,1.0,0.0,68.0
2158.1256464970243,1.0,1.0,0.0,68.0
2158.1264359707084,1.0,1.0,0.0,68.0
2158.4264359707086,1.0,1.0,0.0,68.0
2158.4272254443927,1.0,1.0,0.0,68.0
2158.727225444393,1.0,1.0,0.0,68.0
2158.728014918077,1.0,1.0,0.0,68.0
2159.028014918077,1.0,1.0,0.0,68.0
2159.0288043917612,1.0,1.0,0.0,68.0
2159.3288043917614,1.0,1.0,0.0,68.0
2159.3295938654455,1.0,1.0,0.0,68.0
2159.6295938654457,1.0,1.0,0.0,68.0
2159.63038333913,1.0,1.0,0.0,68.0
2159.93038333913,1.0,1.0,0.0,68.0
2159.931172812814,1.0,1.0,0.0,68.0
2160.2311728128143,1.0,1.0,0.0,68.0
2160.2319622864984,1.0,1.0,0.0,68.0
2160.5319622864986,1.0,1.0,0.0,68.0
2160.5327517601827,1.0,1.0,0.0,68.0
2160.832751760183,1.0,1.0,0.0,68.0
2160.833541233867,1.0,1.0,0.0,68.0
2161.133541233867,1.0,1.0,0.0,68.0
2161.1343307075513,1.0,1.0,0.0,68.0
2161.4343307075515,1.0,1.0,0.0,68.0
2161.4351201812356,1.0,1.0,0.0,68.0
2161.7351201812357,1.0,1.0,0.0,68.0
2161.73590965492,1.0,1.0,0.0,68.0
2162.03590965492,1.0,1.0,0.0,68.0
2162.036699128604,1.0,1.0,0.0,68.0
2162.3366991286043,1.0,1.0,0.0,68.0
2162.3374886022884,1.0,1.0,0.0,68.0
2162.6374886022886,1.0,1.0,0.0,68.0
2162.6382780759727,1.0,1.0,0.0,68.0
2162.938278075973,1.0,1.0,0.0,68.0
2162.939067549657,1.0,1.0,0.0,68.0
2163.239067549657,1.0,1.0,0.0,68.0
2163.2398570233413,1.0,1.0,0.0,68.0
2163.5398570233415,1.0,1.0,0.0,68.0
2163.5406464970256,1.0,1.0,0.0,68.0
2163.840646497026,1.0,1.0,0.0,68.0
2163.84143597071,1.0,1.0,0.0,68.0
2164.14143597071,1.0,1.0,0.0,68.0
2164.142225444394,1.0,1.0,0.0,68.0
2164.4422254443944,1.0,1.0,0.0,68.0
2164.4430149180785,1.0,1.0,0.0,68.0
2164.7430149180786,1.0,1.0,0.0,68.0
2164.7438043917628,1.0,1.0,0.0,68.0
2165.043804391763,1.0,1.0,0.0,68.0
2165.044593865447,1.0,1.0,0.0,68.0
2165.344593865447,1.0,1.0,0.0,68.0
2165.3453833391313,1.0,1.0,0.0,68.0
2165.6453833391315,1.0,1.0,0.0,68.0
2165.6461728128156,1.0,1.0,0.0,68.0
2165.946172812816,1.0,1.0,0.0,68.0
2165.9469622865,1.0,1.0,0.0,68.0
2166.2469622865,1.0,1.0,0.0,68.0
2166.247751760184,1.0,1.0,0.0,68.0
2166.5477517601844,1.0,1.0,0.0,68.0
2166.5485412338685,1.0,1.0,0.0,68.0
2166.8485412338687,1.0,1.0,0.0,68.0
2166.849330707553,1.0,1.0,0.0,68.0
2167.149330707553,1.0,1.0,0.0,68.0
2167.150120181237,1.0,1.0,0.0,68.0
2167.4501201812373,1.0,1.0,0.0,68.0
2167.4509096549214,1.0,1.0,0.0,68.0
2167.7509096549215,1.0,1.0,0.0,68.0
2167.7516991286057,1.0,1.0,0.0,68.0
2168.051699128606,1.0,1.0,0.0,68.0
2168.05248860229,1.0,6.0,0.0,68.0
2168.35248860229,1.0,6.0,0.0,68.0
2168.3532780759742,1.0,6.0,0.0,68.0
2168.6532780759744,1.0,6.0,0.0,68.0
2168.6540675496585,1.0,6.0,0.0,68.0
2168.9540675496587,1.0,6.0,0.0,68.0
2168.954857023343,1.0,6.0,0.0,68.0
2169.254857023343,1.0,6.0,0.0,68.0
2169.255646497027,1.0,6.0,0.0,68.0
2169.5556464970273,1.0,6.0,0.0,68.0
2169.5564359707114,1.0,6.0,0.0,68.0
2169.8564359707116,1.0,6.0,0.0,68.0
2169.8572254443957,1.0,6.0,0.0,68.0
2170.157225444396,1.0,6.0,0.0,68.0
2170.15801491808,1.0,6.0,0.0,68.0
2170.45801491808,1.0,6.0,0.0,68.0
2170.4588043917643,1.0,6.0,0.0,68.0
2170.7588043917644,1.0,6.0,0.0,68.0
2170.7595938654486,1.0,6.0,0.0,68.0
2171.0595938654487,1.0,6.0,0.0,68.0
2171.060383339133,1.0,6.0,0.0,68.0
2171.360383339133,1.0,6.0,0.0,68.0
2171.361172812817,1.0,6.0,0.0,68.0
2171.6611728128173,1.0,6.0,0.0,68.0
2171.6619622865014,1.0,6.0,0.0,68.0
2171.9619622865016,1.0,6.0,0.0,68.0
2171.9627517601857,1.0,6.0,0.0,68.0
2172.262751760186,1.0,6.0,0.0,68.0
2172.26354123387,1.0,6.0,0.0,68.0
2172.56354123387,1.0,6.0,0.0,68.0
2172.5643307075543,1.0,6.0,0.0,68.0
2172.8643307075545,1.0,6.0,0.0,68.0
2172.8651201812386,1.0,6.0,0.0,68.0
2173.1651201812388,1.0,6.0,0.0,68.0
2173.165909654923,1.0,6.0,0.0,68.0
2173.465909654923,1.0,6.0,0.0,68.0
2173.466699128607,1.0,6.0,0.0,68.0
2173.7666991286073,1.0,6.0,0.0,68.0
2173.7674886022915,1.0,6.0,0.0,68.0
2174.0674886022916,1.0,6.0,0.0,68.0
2174.0682780759757,1.0,6.0,0.0,68.0
2174.368278075976,1.0,6.0,0.0,68.0
2174.36906754966,1.0,6.0,0.0,68.0
2174.66906754966,1.0,6.0,0.0,68.0
2174.6698570233443,1.0,6.0,0.0,68.0
2174.9698570233445,1.0,6.0,0.0,68.0
2174.9706464970286,1.0,6.0,0.0,68.0
2175.270646497029,1.0,6.0,0.0,68.0
2175.271435970713,1.0,6.0,0.0,68.0
2175.571435970713,1.0,6.0,0.0,68.0
2175.572225444397,1.0,6.0,0.0,68.0
2175.8722254443974,1.0,6.0,0.0,68.0
2175.8730149180815,1.0,6.0,0.0,68.0
2176.1730149180817,1.0,6.0,0.0,68.0
2176.1738043917658,1.0,6.0,0.0,68.0
2176.473804391766,1.0,6.0,0.0,68.0
2176.47459386545,1.0,6.0,0.0,68.0
2176.7745938654502,1.0,6.0,0.0,68.0
2176.7753833391344,1.0,6.0,0.0,68.0
2177.0753833391345,1.0,6.0,0.0,68.0
2177.0761728128186,1.0,6.0,0.0,68.0
2177.376172812819,1.0,6.0,0.0,68.0
2177.376952033598,1.0,6.0,0.0,68.0
2177.6769520335984,1.0,6.0,0.0,68.0
2177.6777312543777,1.0,6.0,0.0,68.0
2177.977731254378,1.0,6.0,0.0,68.0
2177.9785104751572,1.0,6.0,0.0,68.0
2178.2785104751574,1.0,6.0,0.0,68.0
2178.2792896959368,1.0,6.0,0.0,68.0
2178.579289695937,1.0,6.0,0.0,68.0
2178.5800689167163,1.0,6.0,0.0,68.0
2178.8800689167165,1.0,6.0,0.0,68.0
2178.880848137496,1.0,6.0,0.0,68.0
2179.180848137496,1.0,6.0,0.0,68.0
2179.1816273582754,1.0,6.0,0.0,68.0
2179.4816273582755,1.0,6.0,0.0,68.0
2179.482406579055,1.0,6.0,0.0,68.0
2179.782406579055,1.0,6.0,0.0,68.0
2179.7831857998344,1.0,6.0,0.0,68.0
2180.0831857998346,1.0,6.0,0.0,68.0
2180.083965020614,1.0,6.0,0.0,68.0
2180.383965020614,1.0,6.0,0.0,68.0
2180.3847442413935,1.0,6.0,0.0,68.0
2180.6847442413937,1.0,6.0,0.0,68.0
2180.685523462173,1.0,6.0,0.0,68.0
2180.985523462173,1.0,6.0,0.0,68.0
2180.9863026829526,1.0,6.0,0.0,68.0
2181.2863026829527,1.0,6.0,0.0,68.0
2181.287081903732,1.0,6.0,0.0,68.0
2181.5870819037323,1.0,6.0,0.0,68.0
2181.5878611245116,1.0,6.0,0.0,68.0
2181.887861124512,1.0,6.0,0.0,68.0
2181.888640345291,1.0,6.0,0.0,68.0
2182.1886403452913,1.0,6.0,0.0,68.0
2182.1894195660707,1.0,6.0,0.0,68.0
2182.489419566071,1.0,6.0,0.0,68.0
2182.49019878685,1.0,6.0,0.0,68.0
2182.7901987868504,1.0,6.0,0.0,68.0
2182.7909780076297,1.0,6.0,0.0,68.0
2183.09097800763,1.0,6.0,0.0,68.0
2183.0917572284093,1.0,6.0,0.0,68.0
2183.3917572284095,1.0,6.0,0.0,68.0
2183.392536449189,1.0,6.0,0.0,68.0
2183.692536449189,1.0,6.0,0.0,68.0
2183.6933156699683,1.0,6.0,0.0,68.0
2183.9933156699685,1.0,6.0,0.0,68.0
2183.994094890748,1.0,6.0,0.0,68.0
2184.294094890748,1.0,6.0,0.0,68.0
2184.2948741115274,1.0,6.0,0.0,68.0
2184.5948741115276,1.0,6.0,0.0,68.0
2184.5956433422966,1.0,6.0,0.0,68.0
2184.895643342297,1.0,6.0,0.0,68.0
2184.896412573066,1.0,6.0,0.0,68.0
2185.196412573066,1.0,6.0,0.0,68.0
2185.197181803835,1.0,6.0,0.0,68.0
2185.4971818038352,1.0,6.0,0.0,68.0
2185.4979510346043,1.0,6.0,0.0,68.0
2185.7979510346045,1.0,6.0,0.0,68.0
2185.7987202653735,1.0,6.0,0.0,68.0
2186.0987202653737,1.0,6.0,0.0,68.0
2186.0994894961427,1.0,6.0,0.0,68.0
2186.399489496143,1.0,6.0,0.0,68.0
2186.400258726912,1.0,6.0,0.0,68.0
2186.700258726912,1.0,6.0,0.0,68.0
2186.701027957681,1.0,6.0,0.0,68.0
2187.0010279576813,1.0,6.0,0.0,68.0
2187.0017971884504,1.0,6.0,0.0,68.0
2187.3017971884506,1.0,6.0,0.0,68.0
2187.3025664192196,1.0,6.0,0.0,68.0
2187.60256641922,1.0,6.0,0.0,68.0
2187.603335649989,1.0,6.0,0.0,68.0
2187.903335649989,1.0,6.0,0.0,68.0
2187.904104880758,1.0,6.0,0.0,68.0
2188.204104880758,1.0,6.0,0.0,68.0
2188.2048741115273,1.0,6.0,0.0,68.0
2188.5048741115274,1.0,6.0,0.0,68.0
2188.5056433422965,1.0,6.0,0.0,68.0
2188.8056433422967,1.0,6.0,0.0,68.0
2188.8064125730657,1.0,6.0,0.0,68.0
2189.106412573066,1.0,6.0,0.0,68.0
2189.107181803835,1.0,6.0,0.0,68.0
2189.407181803835,1.0,6.0,0.0,68.0
2189.407951034604,1.0,6.0,0.0,68.0
2189.7079510346043,1.0,6.0,0.0,68.0
2189.7087202653734,1.0,6.0,0.0,68.0
2190.0087202653735,1.0,6.0,0.0,68.0
2190.0094894961426,1.0,6.0,0.0,68.0
2190.3094894961428,1.0,6.0,0.0,68.0
2190.310258726912,1.0,6.0,0.0,68.0
2190.610258726912,1.0,6.0,0.0,68.0
2190.611027957681,1.0,6.0,0.0,68.0
2190.911027957681,1.0,6.0,0.0,68.0
2190.9117971884502,1.0,6.0,0.0,68.0
2191.2117971884504,1.0,6.0,0.0,68.0
2191.2125664192195,1.0,6.0,0.0,68.0
2191.5125664192196,1.0,6.0,0.0,68.0
2191.5133356499887,1.0,6.0,0.0,68.0
2191.813335649989,1.0,6.0,0.0,68.0
2191.814104880758,1.0,6.0,0.0,68.0
2192.114104880758,1.0,6.0,0.0,68.0
2192.114874111527,1.0,6.0,0.0,68.0
2192.4148741115273,1.0,6.0,0.0,68.0
2192.4156433422963,1.0,6.0,0.0,68.0
2192.7156433422965,1.0,6.0,0.0,68.0
2192.7164125730656,1.0,6.0,0.0,68.0
2193.0164125730657,1.0,6.0,0.0,68.0
2193.017181803835,1.0,6.0,0.0,68.0
2193.317181803835,1.0,6.0,0.0,68.0
2193.317951034604,1.0,6.0,0.0,68.0
2193.617951034604,1.0,6.0,0.0,68.0
2193.618720265373,1.0,6.0,0.0,67.0
2193.9187202653734,1.0,6.0,0.0,67.0
2193.9194894961424,1.0,6.0,0.0,67.0
2194.2194894961426,1.0,6.0,0.0,67.0
2194.2202587269117,1.0,6.0,0.0,67.0
2194.520258726912,1.0,6.0,0.0,67.0
2194.521027957681,1.0,6.0,0.0,67.0
2194.821027957681,1.0,6.0,0.0,67.0
2194.82179718845,1.0,6.0,0.0,67.0
2195.1217971884503,1.0,6.0,0.0,67.0
2195.1225566821213,1.0,6.0,0.0,67.0
2195.4225566821215,1.0,6.0,0.0,67.0
2195.4233161757925,1.0,6.0,0.0,67.0
2195.7233161757927,1.0,6.0,0.0,67.0
2195.7240756694637,1.0,6.0,0.0,67.0
2196.024075669464,1.0,6.0,0.0,67.0
2196.024835163135,1.0,6.0,0.0,67.0
2196.324835163135,1.0,6.0,0.0,67.0
2196.325594656806,1.0,6.0,0.0,67.0
2196.6255946568062,1.0,6.0,0.0,67.0
2196.6263541504773,1.0,6.0,0.0,67.0
2196.9263541504774,1.0,6.0,0.0,67.0
2196.9271136441484,1.0,6.0,0.0,67.0
2197.2271136441486,1.0,6.0,0.0,67.0
2197.2278731378196,1.0,6.0,0.0,67.0
2197.52787313782,1.0,6.0,0.0,67.0
2197.528632631491,1.0,6.0,0.0,67.0
2197.828632631491,1.0,6.0,0.0,67.0
2197.829392125162,1.0,6.0,0.0,67.0
2198.129392125162,1.0,6.0,0.0,67.0
2198.130151618833,1.0,6.0,0.0,67.0
2198.4301516188334,1.0,6.0,0.0,67.0
2198.4309111125044,1.0,6.0,0.0,67.0
2198.7309111125046,1.0,6.0,0.0,67.0
2198.7316706061756,1.0,6.0,0.0,67.0
2199.031670606176,1.0,6.0,0.0,67.0
2199.032430099847,1.0,6.0,0.0,67.0
2199.332430099847,1.0,6.0,0.0,67.0
2199.333189593518,1.0,6.0,0.0,67.0
2199.633189593518,1.0,6.0,0.0,67.0
2199.633949087189,1.0,6.0,0.0,67.0
2199.9339490871894,1.0,6.0,0.0,67.0
2199.9347085808604,1.0,6.0,0.0,67.0
2200.2347085808606,1.0,6.0,0.0,67.0
2200.2354680745316,1.0,6.0,0.0,67.0
2200.5354680745318,1.0,6.0,0.0,67.0
2200.536227568203,1.0,6.0,0.0,67.0
2200.836227568203,1.0,6.0,0.0,67.0
2200.836987061874,1.0,6.0,0.0,67.0
2201.136987061874,1.0,6.0,0.0,67.0
2201.137746555545,1.0,6.0,0.0,67.0
2201.4377465555453,1.0,6.0,0.0,67.0
2201.4385060492164,1.0,6.0,0.0,67.0
2201.7385060492165,1.0,6.0,0.0,67.0
2201.7392655428876,1.0,6.0,0.0,67.0
2202.0392655428877,1.0,6.0,0.0,67.0
2202.0400250365587,1.0,6.0,0.0,67.0
2202.340025036559,1.0,6.0,0.0,67.0
2202.34078453023,1.0,6.0,0.0,67.0
2202.64078453023,1.0,6.0,0.0,67.0
2202.641544023901,1.0,6.0,0.0,67.0
2202.9415440239013,1.0,6.0,0.0,67.0
2202.9423035175723,1.0,6.0,0.0,67.0
2203.2423035175725,1.0,6.0,0.0,67.0
2203.2430630112435,1.0,6.0,0.0,67.0
2203.5430630112437,1.0,6.0,0.0,67.0
2203.5438225049147,1.0,6.0,0.0,67.0
2203.843822504915,1.0,6.0,0.0,67.0
2203.844581998586,1.0,6.0,0.0,67.0
2204.144581998586,1.0,6.0,0.0,67.0
2204.145341492257,1.0,6.0,0.0,67.0
2204.4453414922573,1.0,6.0,0.0,67.0
2204.4461009859283,1.0,6.0,0.0,67.0
2204.7461009859285,1.0,6.0,0.0,67.0
2204.7468604795995,1.0,6.0,0.0,67.0
2205.0468604795997,1.0,6.0,0.0,67.0
2205.0476199732707,1.0,6.0,0.0,67.0
2205.347619973271,1.0,6.0,0.0,67.0
2205.348379466942,1.0,6.0,0.0,67.0
2205.648379466942,1.0,6.0,0.0,67.0
2205.649138960613,1.0,4.0,0.0,68.0
2205.9491389606133,1.0,4.0,0.0,68.0
2205.9498984542843,1.0,4.0,0.0,68.0
2206.2498984542844,1.0,4.0,0.0,68.0
2206.2506579479555,1.0,4.0,0.0,68.0
2206.5506579479556,1.0,4.0,0.0,68.0
2206.5514174416267,1.0,4.0,0.0,68.0
2206.851417441627,1.0,4.0,0.0,68.0
2206.852176935298,1.0,4.0,0.0,68.0
2207.152176935298,1.0,4.0,0.0,68.0
2207.152936428969,1.0,4.0,0.0,68.0
2207.452936428969,1.0,4.0,0.0,68.0
2207.4536959226402,1.0,4.0,0.0,68.0
2207.7536959226404,1.0,4.0,0.0,68.0
2207.7544554163114,1.0,4.0,0.0,68.0
2208.0544554163116,1.0,4.0,0.0,68.0
2208.0552149099826,1.0,4.0,0.0,68.0
2208.355214909983,1.0,4.0,0.0,68.0
2208.355974403654,1.0,4.0,0.0,68.0
2208.655974403654,1.0,4.0,0.0,68.0
2208.656733897325,1.0,4.0,0.0,68.0
2208.956733897325,1.0,4.0,0.0,68.0
2208.957493390996,1.0,4.0,0.0,68.0
2209.2574933909964,1.0,4.0,0.0,68.0
2209.2582528846674,1.0,4.0,0.0,68.0
2209.5582528846676,1.0,4.0,0.0,68.0
2209.5590123783386,1.0,4.0,0.0,68.0
2209.859012378339,1.0,4.0,0.0,68.0
2209.85977187201,1.0,4.0,0.0,68.0
2210.15977187201,1.0,4.0,0.0,68.0
2210.160531365681,1.0,4.0,0.0,68.0
2210.460531365681,1.0,4.0,0.0,68.0
2210.461290859352,1.0,4.0,0.0,68.0
2210.7612908593524,1.0,4.0,0.0,68.0
2210.7620503530234,1.0,4.0,0.0,68.0
2211.0620503530236,1.0,4.0,0.0,68.0
2211.0628098466946,1.0,4.0,0.0,68.0
2211.3628098466947,1.0,4.0,0.0,68.0
2211.3635693403658,1.0,4.0,0.0,68.0
2211.663569340366,1.0,4.0,0.0,68.0
2211.664328834037,1.0,4.0,0.0,68.0
2211.964328834037,1.0,4.0,0.0,68.0
2211.965088327708,1.0,4.0,0.0,68.0
2212.2650883277083,1.0,4.0,0.0,68.0
2212.2658478213793,1.0,4.0,0.0,68.0
2212.5658478213795,1.0,4.0,0.0,68.0
2212.5666073150505,1.0,4.0,0.0,68.0
2212.8666073150507,1.0,4.0,0.0,68.0
2212.8673668087217,1.0,4.0,0.0,68.0
2213.167366808722,1.0,4.0,0.0,68.0
2213.168126302393,1.0,4.0,0.0,68.0
2213.468126302393,1.0,4.0,0.0,68.0
2213.468885796064,1.0,4.0,0.0,68.0
2213.7688857960643,1.0,4.0,0.0,68.0
2213.7696452897353,1.0,4.0,0.0,68.0
2214.0696452897355,1.0,4.0,0.0,68.0
2214.0704047834065,1.0,4.0,0.0,68.0
2214.3704047834067,1.0,4.0,0.0,68.0
2214.3711642770777,1.0,4.0,0.0,68.0
2214.671164277078,1.0,4.0,0.0,68.0
2214.671923770749,1.0,4.0,0.0,68.0
2214.971923770749,1.0,4.0,0.0,68.0
2214.97268326442,1.0,4.0,0.0,68.0
2215.2726832644203,1.0,4.0,0.0,68.0
2215.2734427580913,1.0,4.0,0.0,68.0
2215.5734427580915,1.0,4.0,0.0,68.0
2215.5742022517625,1.0,4.0,0.0,68.0
2215.8742022517627,1.0,4.0,0.0,68.0
2215.8749617454337,1.0,4.0,0.0,68.0
2216.174961745434,1.0,4.0,0.0,68.0
2216.175721239105,1.0,4.0,0.0,68.0
2216.475721239105,1.0,4.0,0.0,68.0
2216.476480732776,1.0,4.0,0.0,68.0
2216.7764807327762,1.0,4.0,0.0,68.0
2216.7772402264472,1.0,4.0,0.0,68.0
2217.0772402264474,1.0,4.0,0.0,68.0
2217.0779997201184,1.0,4.0,0.0,68.0
2217.3779997201186,1.0,4.0,0.0,68.0
2217.3787592137896,1.0,4.0,0.0,68.0
2217.67875921379,1.0,4.0,0.0,68.0
2217.679518707461,1.0,4.0,0.0,68.0
2217.979518707461,1.0,4.0,0.0,68.0
2217.980278201132,1.0,4.0,0.0,68.0
2218.280278201132,1.0,4.0,0.0,68.0
2218.281037694803,1.0,4.0,0.0,68.0
2218.5810376948034,1.0,4.0,0.0,68.0
2218.5817971884744,1.0,4.0,0.0,68.0
2218.8817971884746,1.0,4.0,0.0,68.0
2218.8825566821456,1.0,4.0,0.0,68.0
2219.182556682146,1.0,4.0,0.0,68.0
2219.183316175817,1.0,4.0,0.0,68.0
2219.483316175817,1.0,4.0,0.0,68.0
2219.484075669488,1.0,4.0,0.0,68.0
2219.784075669488,1.0,4.0,0.0,68.0
2219.784835163159,1.0,4.0,0.0,68.0
2220.0848351631594,1.0,4.0,0.0,68.0
2220.0855946568304,1.0,4.0,0.0,68.0
2220.3855946568306,1.0,4.0,0.0,68.0
2220.3863541505016,1.0,4.0,0.0,68.0
2220.6863541505018,1.0,4.0,0.0,68.0
2220.6871136441728,1.0,4.0,0.0,68.0
2220.987113644173,1.0,4.0,0.0,68.0
2220.987873137844,1.0,4.0,0.0,68.0
2221.287873137844,1.0,4.0,0.0,68.0
2221.288632631515,1.0,4.0,0.0,68.0
2221.5886326315153,1.0,4.0,0.0,68.0
2221.5893921251864,1.0,4.0,0.0,68.0
2221.8893921251865,1.0,4.0,0.0,68.0
2221.8901516188575,1.0,4.0,0.0,68.0
2222.1901516188577,1.0,4.0,0.0,68.0
2222.1909111125287,1.0,4.0,0.0,68.0
2222.490911112529,1.0,4.0,0.0,68.0
2222.4916706062,1.0,4.0,0.0,68.0
2222.7916706062,1.0,4.0,0.0,68.0
2222.792430099871,1.0,4.0,0.0,68.0
2223.0924300998713,1.0,4.0,0.0,68.0
2223.0931895935423,1.0,4.0,0.0,68.0
2223.3931895935425,1.0,4.0,0.0,68.0
2223.3939490872135,1.0,4.0,0.0,68.0
2223.6939490872137,1.0,4.0,0.0,68.0
2223.6947085808847,1.0,4.0,0.0,68.0
2223.994708580885,1.0,4.0,0.0,68.0
2223.995468074556,1.0,4.0,0.0,68.0
2224.295468074556,1.0,4.0,0.0,68.0
2224.296227568227,1.0,4.0,0.0,68.0
2224.5962275682273,1.0,4.0,0.0,68.0
2224.5969870618983,1.0,4.0,0.0,68.0
2224.8969870618985,1.0,4.0,0.0,68.0
2224.8977465555695,1.0,4.0,0.0,68.0
2225.1977465555697,1.0,4.0,0.0,68.0
2225.1985060492407,1.0,4.0,0.0,68.0
2225.498506049241,1.0,4.0,0.0,68.0
2225.499265542912,1.0,4.0,0.0,68.0
2225.799265542912,1.0,4.0,0.0,68.0
2225.800025036583,1.0,4.0,0.0,68.0
2226.1000250365832,1.0,4.0,0.0,68.0
2226.1007845302543,1.0,4.0,0.0,68.0
2226.4007845302544,1.0,4.0,0.0,68.0
2226.4015440239255,1.0,4.0,0.0,68.0
2226.7015440239256,1.0,4.0,0.0,68.0
2226.7023035175966,1.0,4.0,0.0,68.0
2227.002303517597,1.0,4.0,0.0,68.0
2227.003063011268,1.0,4.0,0.0,68.0
2227.303063011268,1.0,4.0,0.0,68.0
2227.303822504939,1.0,4.0,0.0,68.0
2227.603822504939,1.0,4.0,0.0,68.0
2227.6045819986102,1.0,4.0,0.0,68.0
2227.9045819986104,1.0,4.0,0.0,68.0
2227.9053414922814,1.0,4.0,0.0,68.0
2228.2053414922816,1.0,4.0,0.0,68.0
2228.2061009859526,1.0,4.0,0.0,68.0
2228.506100985953,1.0,4.0,0.0,68.0
2228.506860479624,1.0,4.0,0.0,68.0
2228.806860479624,1.0,4.0,0.0,68.0
2228.807619973295,1.0,4.0,0.0,68.0
2229.107619973295,1.0,4.0,0.0,68.0
2229.108379466966,1.0,4.0,0.0,68.0
2229.4083794669664,1.0,4.0,0.0,68.0
2229.4091389606374,1.0,4.0,0.0,68.0
2229.7091389606376,1.0,4.0,0.0,68.0
2229.7098984543086,1.0,4.0,0.0,68.0
2230.0098984543088,1.0,4.0,0.0,68.0
2230.01065794798,1.0,4.0,0.0,68.0
2230.31065794798,1.0,4.0,0.0,68.0
2230.311417441651,1.0,4.0,0.0,68.0
2230.611417441651,1.0,4.0,0.0,68.0
2230.612176935322,1.0,4.0,0.0,68.0
2230.9121769353223,1.0,4.0,0.0,68.0
2230.9129364289934,1.0,4.0,0.0,68.0
2231.2129364289935,1.0,4.0,0.0,68.0
2231.2136959226646,1.0,4.0,0.0,68.0
2231.5136959226647,1.0,4.0,0.0,68.0
2231.5144554163357,1.0,4.0,0.0,68.0
2231.814455416336,1.0,4.0,0.0,68.0
2231.815205416336,1.0,4.0,0.0,68.0
2232.1152054163363,1.0,4.0,0.0,68.0
2232.1159554163364,1.0,4.0,0.0,68.0
2232.4159554163366,1.0,4.0,0.0,68.0
2232.4166961570772,1.0,4.0,0.0,68.0
2232.7166961570774,1.0,4.0,0.0,68.0
2232.717436897818,1.0,4.0,0.0,68.0
2233.0174368978182,1.0,4.0,0.0,68.0
2233.018177638559,1.0,4.0,0.0,68.0
2233.318177638559,1.0,4.0,0.0,68.0
2233.3189183792997,1.0,4.0,0.0,68.0
2233.6189183793,1.0,4.0,0.0,68.0
2233.6196591200405,1.0,4.0,0.0,68.0
2233.9196591200407,1.0,4.0,0.0,68.0
2233.9203998607813,1.0,4.0,0.0,68.0
2234.2203998607815,1.0,4.0,0.0,68.0
2234.221140601522,1.0,4.0,0.0,68.0
2234.5211406015223,1.0,4.0,0.0,68.0
2234.521881342263,1.0,9.0,0.0,68.0
2234.821881342263,1.0,9.0,0.0,68.0
2234.822622083004,1.0,9.0,0.0,68.0
2235.122622083004,1.0,9.0,0.0,68.0
2235.1233628237446,1.0,9.0,0.0,68.0
2235.423362823745,1.0,9.0,0.0,68.0
2235.4241035644854,1.0,9.0,0.0,68.0
2235.7241035644856,1.0,9.0,0.0,68.0
2235.7248443052263,1.0,9.0,0.0,68.0
2236.0248443052265,1.0,9.0,0.0,68.0
2236.025585045967,1.0,9.0,0.0,68.0
2236.3255850459673,1.0,9.0,0.0,68.0
2236.326325786708,1.0,9.0,0.0,68.0
2236.626325786708,1.0,9.0,0.0,68.0
2236.6270665274487,1.0,9.0,0.0,68.0
2236.927066527449,1.0,9.0,0.0,68.0
2236.9278072681896,1.0,9.0,0.0,68.0
2237.2278072681897,1.0,9.0,0.0,68.0
2237.2285480089304,1.0,7.0,0.0,69.0
2237.5285480089306,1.0,7.0,0.0,69.0
2237.529288749671,1.0,7.0,0.0,69.0
2237.8292887496714,1.0,7.0,0.0,69.0
2237.830029490412,1.0,7.0,0.0,69.0
2238.130029490412,1.0,7.0,0.0,69.0
2238.130770231153,1.0,7.0,0.0,69.0
2238.430770231153,1.0,7.0,0.0,69.0
2238.4315109718937,1.0,7.0,0.0,69.0
2238.731510971894,1.0,7.0,0.0,69.0
2238.7322517126345,1.0,7.0,0.0,69.0
2239.0322517126347,1.0,7.0,0.0,69.0
2239.0329924533753,1.0,7.0,0.0,69.0
2239.3329924533755,1.0,7.0,0.0,69.0
2239.333733194116,1.0,7.0,0.0,69.0
2239.6337331941163,1.0,7.0,0.0,69.0
2239.634473934857,1.0,7.0,0.0,69.0
2239.934473934857,1.0,7.0,0.0,69.0
2239.9352146755978,1.0,7.0,0.0,69.0
2240.235214675598,1.0,7.0,0.0,69.0
2240.2359554163386,1.0,7.0,0.0,69.0
2240.5359554163388,1.0,7.0,0.0,69.0
2240.5366961570794,1.0,7.0,0.0,69.0
2240.8366961570796,1.0,7.0,0.0,69.0
2240.83743689782,1.0,7.0,0.0,69.0
2241.1374368978204,1.0,7.0,0.0,69.0
2241.138177638561,1.0,7.0,0.0,69.0
2241.4381776385612,1.0,7.0,0.0,69.0
2241.438918379302,1.0,7.0,0.0,69.0
2241.738918379302,1.0,7.0,0.0,69.0
2241.7396591200427,1.0,7.0,0.0,69.0
2242.039659120043,1.0,7.0,0.0,69.0
2242.0403998607835,1.0,7.0,0.0,69.0
2242.3403998607837,1.0,7.0,0.0,69.0
2242.3411406015243,1.0,7.0,0.0,69.0
2242.6411406015245,1.0,7.0,0.0,69.0
2242.641881342265,1.0,7.0,0.0,69.0
2242.9418813422653,1.0,7.0,0.0,69.0
2242.942622083006,1.0,7.0,0.0,69.0
2243.242622083006,1.0,7.0,0.0,69.0
2243.243362823747,1.0,7.0,0.0,69.0
2243.543362823747,1.0,7.0,0.0,69.0
2243.5441035644876,1.0,7.0,0.0,69.0
2243.844103564488,1.0,7.0,0.0,69.0
2243.8448443052284,1.0,7.0,0.0,69.0
2244.1448443052286,1.0,7.0,0.0,69.0
2244.1455850459693,1.0,7.0,0.0,69.0
2244.4455850459694,1.0,7.0,0.0,69.0
2244.44632578671,1.0,7.0,0.0,69.0
2244.7463257867103,1.0,7.0,0.0,69.0
2244.747066527451,1.0,7.0,0.0,69.0
2245.047066527451,1.0,7.0,0.0,69.0
2245.0478072681917,1.0,7.0,0.0,69.0
2245.347807268192,1.0,7.0,0.0,69.0
2245.3485480089325,1.0,7.0,0.0,69.0
2245.6485480089327,1.0,7.0,0.0,69.0
2245.6492887496734,1.0,7.0,0.0,69.0
2245.9492887496735,1.0,7.0,0.0,69.0
2245.950029490414,1.0,7.0,0.0,69.0
2246.2500294904144,1.0,7.0,0.0,69.0
2246.250770231155,1.0,7.0,0.0,69.0
2246.550770231155,1.0,7.0,0.0,69.0
2246.551510971896,1.0,7.0,0.0,69.0
2246.851510971896,1.0,7.0,0.0,69.0
2246.8522517126366,1.0,7.0,0.0,69.0
2247.152251712637,1.0,7.0,0.0,69.0
2247.1529924533775,1.0,7.0,0.0,69.0
2247.4529924533776,1.0,7.0,0.0,69.0
2247.4537331941183,1.0,7.0,0.0,69.0
2247.7537331941185,1.0,7.0,0.0,69.0
2247.754473934859,1.0,7.0,0.0,69.0
2248.0544739348593,1.0,7.0,0.0,69.0
2248.0552146756,1.0,7.0,0.0,69.0
2248.3552146756,1.0,7.0,0.0,69.0
2248.3559554163407,1.0,7.0,0.0,69.0
2248.655955416341,1.0,7.0,0.0,69.0
2248.6566961570816,1.0,7.0,0.0,69.0
2248.9566961570818,1.0,7.0,0.0,69.0
2248.9574368978224,1.0,7.0,0.0,69.0
2249.2574368978226,1.0,7.0,0.0,69.0
2249.258177638563,1.0,7.0,0.0,69.0
2249.5581776385634,1.0,7.0,0.0,69.0
2249.558918379304,1.0,7.0,0.0,69.0
2249.858918379304,1.0,7.0,0.0,69.0
2249.859659120045,1.0,7.0,0.0,69.0
2250.159659120045,1.0,7.0,0.0,69.0
2250.1603998607857,1.0,7.0,0.0,69.0
2250.460399860786,1.0,7.0,0.0,69.0
2250.4611406015265,1.0,7.0,0.0,69.0
2250.7611406015267,1.0,7.0,0.0,69.0
2250.7618813422673,1.0,7.0,0.0,69.0
2251.0618813422675,1.0,7.0,0.0,69.0
2251.062622083008,1.0,7.0,0.0,68.0
2251.3626220830083,1.0,7.0,0.0,68.0
2251.363362823749,1.0,7.0,0.0,68.0
2251.663362823749,1.0,7.0,0.0,68.0
2251.66410356449,1.0,7.0,0.0,68.0
2251.96410356449,1.0,7.0,0.0,68.0
2251.9648443052306,1.0,7.0,0.0,68.0
2252.264844305231,1.0,7.0,0.0,68.0
2252.2655850459714,1.0,7.0,0.0,68.0
2252.5655850459716,1.0,7.0,0.0,68.0
2252.5663257867122,1.0,7.0,0.0,68.0
2252.8663257867124,1.0,7.0,0.0,68.0
2252.867066527453,1.0,7.0,0.0,68.0
2253.1670665274532,1.0,7.0,0.0,68.0
2253.167807268194,1.0,7.0,0.0,68.0
2253.467807268194,1.0,7.0,0.0,68.0
2253.4685480089347,1.0,7.0,0.0,68.0
2253.768548008935,1.0,7.0,0.0,68.0
2253.7692887496755,1.0,7.0,0.0,68.0
2254.0692887496757,1.0,7.0,0.0,68.0
2254.0700294904163,1.0,7.0,0.0,68.0
2254.3700294904165,1.0,7.0,0.0,68.0
2254.370770231157,1.0,7.0,0.0,68.0
2254.6707702311573,1.0,7.0,0.0,68.0
2254.671510971898,1.0,7.0,0.0,68.0
2254.971510971898,1.0,7.0,0.0,68.0
2254.972251712639,1.0,7.0,0.0,68.0
2255.272251712639,1.0,7.0,0.0,68.0
2255.2729924533796,1.0,7.0,0.0,68.0
2255.57299245338,1.0,7.0,0.0,68.0
2255.5737331941205,1.0,7.0,0.0,68.0
2255.8737331941206,1.0,7.0,0.0,68.0
2255.8744739348613,1.0,7.0,0.0,68.0
2256.1744739348615,1.0,7.0,0.0,68.0
2256.175214675602,1.0,5.0,0.0,69.0
2256.4752146756023,1.0,5.0,0.0,69.0
2256.475955416343,1.0,5.0,0.0,69.0
2256.775955416343,1.0,5.0,0.0,69.0
2256.7766961570837,1.0,5.0,0.0,69.0
2257.076696157084,1.0,5.0,0.0,69.0
2257.0774368978246,1.0,5.0,0.0,69.0
2257.3774368978247,1.0,5.0,0.0,69.0
2257.3781776385654,1.0,5.0,0.0,69.0
2257.6781776385656,1.0,5.0,0.0,69.0
2257.678918379306,1.0,5.0,0.0,69.0
2257.9789183793064,1.0,5.0,0.0,69.0
2257.979659120047,1.0,5.0,0.0,69.0
2258.279659120047,1.0,5.0,0.0,69.0
2258.280399860788,1.0,5.0,0.0,69.0
2258.580399860788,1.0,5.0,0.0,69.0
2258.5811406015287,1.0,5.0,0.0,69.0
2258.881140601529,1.0,5.0,0.0,69.0
2258.8818813422695,1.0,5.0,0.0,69.0
2259.1818813422697,1.0,5.0,0.0,69.0
2259.1826220830103,1.0,5.0,0.0,69.0
2259.4826220830105,1.0,5.0,0.0,69.0
2259.483362823751,1.0,5.0,0.0,69.0
2259.7833628237513,1.0,5.0,0.0,69.0
2259.784103564492,1.0,5.0,0.0,69.0
2260.084103564492,1.0,5.0,0.0,69.0
2260.0848443052328,1.0,5.0,0.0,69.0
2260.384844305233,1.0,5.0,0.0,69.0
2260.3855850459736,1.0,5.0,0.0,69.0
2260.6855850459738,1.0,5.0,0.0,69.0
2260.6863257867144,1.0,5.0,0.0,69.0
2260.9863257867146,1.0,5.0,0.0,69.0
2260.987066527455,1.0,5.0,0.0,69.0
2261.2870665274554,1.0,5.0,0.0,69.0
2261.287807268196,1.0,5.0,0.0,69.0
2261.5878072681962,1.0,5.0,0.0,69.0
2261.5885389755135,1.0,5.0,0.0,69.0
2261.8885389755137,1.0,5.0,0.0,69.0
2261.889270682831,1.0,5.0,0.0,69.0
2262.189270682831,1.0,5.0,0.0,69.0
2262.1900023901485,1.0,5.0,0.0,69.0
2262.4900023901487,1.0,5.0,0.0,69.0
2262.490734097466,1.0,5.0,0.0,69.0
2262.790734097466,1.0,5.0,0.0,69.0
2262.7914658047835,1.0,5.0,0.0,69.0
2263.0914658047836,1.0,5.0,0.0,69.0
2263.092197512101,1.0,5.0,0.0,69.0
2263.392197512101,1.0,5.0,0.0,69.0
2263.3929292194184,1.0,5.0,0.0,69.0
2263.6929292194186,1.0,5.0,0.0,69.0
2263.693660926736,1.0,5.0,0.0,69.0
2263.993660926736,1.0,5.0,0.0,69.0
2263.9943926340534,1.0,5.0,0.0,69.0
2264.2943926340536,1.0,5.0,0.0,69.0
2264.295124341371,1.0,5.0,0.0,69.0
2264.595124341371,1.0,5.0,0.0,69.0
2264.5958560486883,1.0,5.0,0.0,69.0
2264.8958560486885,1.0,5.0,0.0,69.0
2264.896587756006,1.0,5.0,0.0,69.0
2265.196587756006,1.0,5.0,0.0,69.0
2265.1973194633233,1.0,5.0,0.0,69.0
2265.4973194633235,1.0,5.0,0.0,69.0
2265.498051170641,1.0,5.0,0.0,69.0
2265.798051170641,1.0,5.0,0.0,69.0
2265.7987828779583,1.0,5.0,0.0,69.0
2266.0987828779585,1.0,5.0,0.0,69.0
2266.0995145852758,1.0,5.0,0.0,69.0
2266.399514585276,1.0,5.0,0.0,69.0
2266.4002462925932,1.0,5.0,0.0,69.0
2266.7002462925934,1.0,5.0,0.0,69.0
2266.7009779999107,1.0,5.0,0.0,69.0
2267.000977999911,1.0,5.0,0.0,69.0
2267.001709707228,1.0,5.0,0.0,69.0
2267.3017097072284,1.0,5.0,0.0,69.0
2267.3024414145457,1.0,5.0,0.0,69.0
2267.602441414546,1.0,5.0,0.0,69.0
2267.603173121863,1.0,5.0,0.0,69.0
2267.9031731218633,1.0,5.0,0.0,69.0
2267.9039048291806,1.0,5.0,0.0,69.0
2268.203904829181,1.0,5.0,0.0,69.0
2268.204636536498,1.0,5.0,0.0,69.0
2268.5046365364983,1.0,5.0,0.0,69.0
2268.5053682438156,1.0,5.0,0.0,69.0
2268.805368243816,1.0,5.0,0.0,69.0
2268.806099951133,1.0,5.0,0.0,69.0
2269.1060999511333,1.0,5.0,0.0,69.0
2269.1068316584506,1.0,5.0,0.0,69.0
2269.4068316584508,1.0,5.0,0.0,69.0
2269.407554550017,1.0,5.0,0.0,69.0
2269.707554550017,1.0,5.0,0.0,69.0
2269.708277441583,1.0,5.0,0.0,69.0
2270.0082774415832,1.0,5.0,0.0,69.0
2270.0090003331493,1.0,5.0,0.0,69.0
2270.3090003331495,1.0,5.0,0.0,69.0
2270.3097232247155,1.0,5.0,0.0,69.0
2270.6097232247157,1.0,5.0,0.0,69.0
2270.6104461162818,1.0,5.0,0.0,69.0
2270.910446116282,1.0,5.0,0.0,69.0
2270.911169007848,1.0,5.0,0.0,69.0
2271.211169007848,1.0,5.0,0.0,69.0
2271.2118918994142,1.0,5.0,0.0,69.0
2271.5118918994144,1.0,5.0,0.0,69.0
2271.5126147909805,1.0,5.0,0.0,69.0
2271.8126147909807,1.0,5.0,0.0,69.0
2271.8133376825467,1.0,5.0,0.0,69.0
2272.113337682547,1.0,5.0,0.0,69.0
2272.114060574113,1.0,5.0,0.0,69.0
2272.414060574113,1.0,5.0,0.0,69.0
2272.414783465679,1.0,5.0,0.0,69.0
2272.7147834656794,1.0,5.0,0.0,69.0
2272.7155063572454,1.0,5.0,0.0,69.0
2273.0155063572456,1.0,5.0,0.0,69.0
2273.0162292488117,1.0,5.0,0.0,69.0
2273.316229248812,1.0,5.0,0.0,69.0
2273.316952140378,1.0,5.0,0.0,69.0
2273.616952140378,1.0,5.0,0.0,69.0
2273.617675031944,1.0,5.0,0.0,69.0
2273.9176750319443,1.0,5.0,0.0,69.0
2273.9183979235104,1.0,5.0,0.0,69.0
2274.2183979235106,1.0,5.0,0.0,69.0
2274.2191208150766,1.0,5.0,0.0,69.0
2274.519120815077,1.0,5.0,0.0,69.0
2274.519843706643,1.0,5.0,0.0,69.0
2274.819843706643,1.0,5.0,0.0,69.0
2274.820566598209,1.0,5.0,0.0,69.0
2275.1205665982093,1.0,5.0,0.0,69.0
2275.1212894897753,1.0,5.0,0.0,69.0
2275.4212894897755,1.0,5.0,0.0,69.0
2275.4220123813416,1.0,5.0,0.0,69.0
2275.7220123813418,1.0,5.0,0.0,69.0
2275.722735272908,1.0,5.0,0.0,69.0
2276.022735272908,1.0,5.0,0.0,69.0
2276.023458164474,1.0,5.0,0.0,69.0
2276.3234581644742,1.0,5.0,0.0,69.0
2276.3241810560403,1.0,5.0,0.0,69.0
2276.6241810560405,1.0,5.0,0.0,69.0
2276.6249039476065,1.0,5.0,0.0,69.0
2276.9249039476067,1.0,5.0,0.0,69.0
2276.9256268391728,1.0,5.0,0.0,69.0
2277.225626839173,1.0,5.0,0.0,69.0
2277.226349730739,1.0,5.0,0.0,69.0
2277.526349730739,1.0,5.0,0.0,69.0
2277.5270726223052,1.0,5.0,0.0,69.0
2277.8270726223054,1.0,5.0,0.0,69.0
2277.8277955138715,1.0,5.0,0.0,69.0
2278.1277955138717,1.0,5.0,0.0,69.0
2278.1285184054377,1.0,5.0,0.0,69.0
2278.428518405438,1.0,5.0,0.0,69.0
2278.429241297004,1.0,5.0,0.0,69.0
2278.729241297004,1.0,5.0,0.0,69.0
2278.72996418857,1.0,5.0,0.0,69.0
2279.0299641885704,1.0,5.0,0.0,69.0
2279.0306870801364,1.0,5.0,0.0,69.0
2279.3306870801366,1.0,5.0,0.0,69.0
2279.3314099717027,1.0,5.0,0.0,69.0
2279.631409971703,1.0,5.0,0.0,69.0
2279.632132863269,1.0,5.0,0.0,69.0
2279.932132863269,1.0,5.0,0.0,69.0
2279.932855754835,1.0,5.0,0.0,69.0
2280.2328557548353,1.0,5.0,0.0,69.0
2280.2335786464014,1.0,5.0,0.0,69.0
2280.5335786464016,1.0,5.0,0.0,69.0
2280.5343015379676,1.0,5.0,0.0,69.0
2280.834301537968,1.0,5.0,0.0,69.0
2280.835024429534,1.0,5.0,0.0,69.0
2281.135024429534,1.0,5.0,0.0,69.0
2281.1357473211,1.0,5.0,0.0,69.0
2281.4357473211003,1.0,5.0,0.0,69.0
2281.4364702126663,1.0,5.0,0.0,69.0
2281.7364702126665,1.0,5.0,0.0,69.0
2281.7371931042326,1.0,5.0,0.0,69.0
2282.0371931042328,1.0,5.0,0.0,69.0
2282.037915995799,1.0,5.0,0.0,69.0
2282.337915995799,1.0,5.0,0.0,69.0
2282.338638887365,1.0,5.0,0.0,69.0
2282.6386388873652,1.0,5.0,0.0,69.0
2282.6393617789313,1.0,5.0,0.0,69.0
2282.9393617789315,1.0,5.0,0.0,69.0
2282.9400846704975,1.0,5.0,0.0,69.0
2283.2400846704977,1.0,5.0,0.0,69.0
2283.2408075620638,1.0,5.0,0.0,69.0
2283.540807562064,1.0,5.0,0.0,69.0
2283.54153045363,1.0,5.0,0.0,69.0
2283.84153045363,1.0,5.0,0.0,69.0
2283.8422533451962,1.0,5.0,0.0,69.0
2284.1422533451964,1.0,5.0,0.0,69.0
2284.1429762367625,1.0,5.0,0.0,69.0
2284.4429762367627,1.0,5.0,0.0,69.0
2284.4436991283287,1.0,5.0,0.0,69.0
2284.743699128329,1.0,5.0,0.0,69.0
2284.744422019895,1.0,5.0,0.0,69.0
2285.044422019895,1.0,5.0,0.0,69.0
2285.045144911461,1.0,5.0,0.0,69.0
2285.3451449114614,1.0,5.0,0.0,69.0
2285.3458678030274,1.0,5.0,0.0,69.0
2285.6458678030276,1.0,5.0,0.0,69.0
2285.6465906945937,1.0,5.0,0.0,69.0
2285.946590694594,1.0,5.0,0.0,69.0
2285.94731358616,1.0,5.0,0.0,69.0
2286.24731358616,1.0,5.0,0.0,69.0
2286.248036477726,1.0,5.0,0.0,69.0
2286.5480364777263,1.0,5.0,0.0,69.0
2286.5487593692924,1.0,5.0,0.0,69.0
2286.8487593692926,1.0,5.0,0.0,69.0
2286.8494822608586,1.0,5.0,0.0,69.0
2287.149482260859,1.0,5.0,0.0,69.0
2287.150205152425,1.0,5.0,0.0,69.0
2287.450205152425,1.0,5.0,0.0,69.0
2287.450928043991,1.0,5.0,0.0,69.0
2287.7509280439913,1.0,5.0,0.0,69.0
2287.7516509355573,1.0,5.0,0.0,69.0
2288.0516509355575,1.0,5.0,0.0,69.0
2288.0523738271236,1.0,5.0,0.0,69.0
2288.3523738271238,1.0,5.0,0.0,69.0
2288.35309671869,1.0,5.0,0.0,69.0
2288.65309671869,1.0,5.0,0.0,69.0
2288.653819610256,1.0,5.0,0.0,69.0
2288.9538196102562,1.0,5.0,0.0,69.0
2288.9545425018223,1.0,5.0,0.0,69.0
2289.2545425018225,1.0,5.0,0.0,69.0
2289.2552653933885,1.0,5.0,0.0,69.0
2289.5552653933887,1.0,5.0,0.0,69.0
2289.5559882849548,1.0,5.0,0.0,69.0
2289.855988284955,1.0,5.0,0.0,69.0
2289.856711176521,1.0,5.0,0.0,69.0
2290.156711176521,1.0,5.0,0.0,69.0
2290.1574340680872,1.0,5.0,0.0,69.0
2290.4574340680874,1.0,5.0,0.0,69.0
2290.4581569596535,1.0,5.0,0.0,69.0
2290.7581569596537,1.0,5.0,0.0,69.0
2290.7588798512197,1.0,5.0,0.0,69.0
2291.05887985122,1.0,5.0,0.0,69.0
2291.059602742786,1.0,5.0,0.0,69.0
2291.359602742786,1.0,5.0,0.0,69.0
2291.360325634352,1.0,5.0,0.0,69.0
2291.6603256343524,1.0,5.0,0.0,69.0
2291.6610485259184,1.0,5.0,0.0,69.0
2291.9610485259186,1.0,5.0,0.0,69.0
2291.9617714174847,1.0,5.0,0.0,69.0
2292.261771417485,1.0,5.0,0.0,69.0
2292.262494309051,1.0,5.0,0.0,69.0
2292.562494309051,1.0,5.0,0.0,69.0
2292.563217200617,1.0,5.0,0.0,69.0
2292.8632172006173,1.0,5.0,0.0,69.0
2292.8639400921834,1.0,5.0,0.0,69.0
2293.1639400921836,1.0,5.0,0.0,69.0
2293.1646629837496,1.0,5.0,0.0,69.0
2293.46466298375,1.0,5.0,0.0,69.0
2293.465385875316,1.0,5.0,0.0,69.0
2293.765385875316,1.0,5.0,0.0,69.0
2293.766108766882,1.0,5.0,0.0,69.0
2294.0661087668823,1.0,5.0,0.0,69.0
2294.0668316584483,1.0,5.0,0.0,69.0
2294.3668316584485,1.0,5.0,0.0,69.0
2294.3675545500146,1.0,5.0,0.0,69.0
2294.6675545500148,1.0,5.0,0.0,69.0
2294.668277441581,1.0,5.0,0.0,69.0
2294.968277441581,1.0,5.0,0.0,69.0
2294.969000333147,1.0,5.0,0.0,69.0
2295.2690003331472,1.0,5.0,0.0,69.0
2295.2697232247133,1.0,5.0,0.0,69.0
2295.5697232247135,1.0,5.0,0.0,69.0
2295.5704461162795,1.0,5.0,0.0,69.0
2295.8704461162797,1.0,5.0,0.0,69.0
2295.8711690078458,1.0,5.0,0.0,69.0
2296.171169007846,1.0,5.0,0.0,69.0
2296.171891899412,1.0,5.0,0.0,69.0
2296.471891899412,1.0,5.0,0.0,69.0
2296.4726147909782,1.0,5.0,0.0,69.0
2296.7726147909784,1.0,5.0,0.0,69.0
2296.7733376825445,1.0,5.0,0.0,69.0
2297.0733376825447,1.0,5.0,0.0,69.0
2297.0740605741107,1.0,5.0,0.0,69.0
2297.374060574111,1.0,5.0,0.0,69.0
2297.374783465677,1.0,5.0,0.0,69.0
2297.674783465677,1.0,5.0,0.0,69.0
2297.675506357243,1.0,5.0,0.0,69.0
2297.9755063572434,1.0,5.0,0.0,69.0
2297.9762292488094,1.0,5.0,0.0,69.0
2298.2762292488096,1.0,5.0,0.0,69.0
2298.2769521403757,1.0,5.0,0.0,69.0
2298.576952140376,1.0,5.0,0.0,69.0
2298.577675031942,1.0,5.0,0.0,69.0
2298.877675031942,1.0,5.0,0.0,69.0
2298.878397923508,1.0,5.0,0.0,69.0
2299.1783979235083,1.0,5.0,0.0,69.0
2299.1791208150744,1.0,5.0,0.0,69.0
2299.4791208150746,1.0,5.0,0.0,69.0
2299.4798437066406,1.0,5.0,0.0,69.0
2299.779843706641,1.0,5.0,0.0,69.0
2299.780566598207,1.0,5.0,0.0,69.0
2300.080566598207,1.0,5.0,0.0,69.0
2300.081289489773,1.0,5.0,0.0,69.0
2300.3812894897733,1.0,5.0,0.0,69.0
2300.3820123813393,1.0,5.0,0.0,69.0
2300.6820123813395,1.0,5.0,0.0,69.0
2300.6827352729056,1.0,5.0,0.0,69.0
2300.9827352729058,1.0,5.0,0.0,69.0
2300.983458164472,1.0,5.0,0.0,69.0
2301.283458164472,1.0,5.0,0.0,69.0
2301.284181056038,1.0,5.0,0.0,69.0
2301.5841810560382,1.0,5.0,0.0,69.0
2301.5849039476043,1.0,5.0,0.0,69.0
2301.8849039476045,1.0,5.0,0.0,69.0
2301.8856268391705,1.0,5.0,0.0,69.0
2302.1856268391707,1.0,5.0,0.0,69.0
2302.1863497307368,1.0,5.0,0.0,69.0
2302.486349730737,1.0,5.0,0.0,69.0
2302.487072622303,1.0,5.0,0.0,69.0
2302.787072622303,1.0,5.0,0.0,69.0
2302.7877955138692,1.0,5.0,0.0,69.0
2303.0877955138694,1.0,5.0,0.0,69.0
2303.0885184054355,1.0,5.0,0.0,69.0
2303.3885184054357,1.0,5.0,0.0,69.0
2303.3892412970017,1.0,5.0,0.0,69.0
2303.689241297002,1.0,5.0,0.0,69.0
2303.689964188568,1.0,5.0,0.0,69.0
2303.989964188568,1.0,5.0,0.0,69.0
2303.990687080134,1.0,5.0,0.0,69.0
2304.2906870801344,1.0,5.0,0.0,69.0
2304.2914099717004,1.0,5.0,0.0,69.0
2304.5914099717006,1.0,5.0,0.0,69.0
2304.5921328632667,1.0,5.0,0.0,69.0
2304.892132863267,1.0,5.0,0.0,69.0
2304.892855754833,1.0,5.0,0.0,69.0
2305.192855754833,1.0,5.0,0.0,69.0
2305.193578646399,1.0,5.0,0.0,69.0
2305.4935786463993,1.0,5.0,0.0,69.0
2305.4943015379654,1.0,5.0,0.0,69.0
2305.7943015379656,1.0,5.0,0.0,69.0
2305.7950244295316,1.0,5.0,0.0,69.0
2306.095024429532,1.0,5.0,0.0,69.0
2306.095747321098,1.0,5.0,0.0,69.0
2306.395747321098,1.0,5.0,0.0,69.0
2306.396470212664,1.0,5.0,0.0,69.0
2306.6964702126643,1.0,5.0,0.0,69.0
2306.6971931042303,1.0,5.0,0.0,69.0
2306.9971931042305,1.0,5.0,0.0,69.0
2306.9979159957966,1.0,5.0,0.0,69.0
2307.2979159957968,1.0,5.0,0.0,69.0
2307.298638887363,1.0,5.0,0.0,69.0
2307.598638887363,1.0,5.0,0.0,69.0
2307.599361778929,1.0,5.0,0.0,69.0
2307.8993617789292,1.0,5.0,0.0,69.0
2307.9000846704953,1.0,5.0,0.0,69.0
2308.2000846704955,1.0,5.0,0.0,69.0
2308.2008075620615,1.0,5.0,0.0,69.0
2308.5008075620617,1.0,5.0,0.0,69.0
2308.5015304536278,1.0,5.0,0.0,69.0
2308.801530453628,1.0,5.0,0.0,69.0
2308.802253345194,1.0,5.0,0.0,69.0
2309.102253345194,1.0,5.0,0.0,69.0
2309.1029762367602,1.0,5.0,0.0,69.0
2309.4029762367604,1.0,5.0,0.0,69.0
2309.4036991283265,1.0,5.0,0.0,69.0
2309.7036991283267,1.0,5.0,0.0,69.0
2309.7044220198927,1.0,5.0,0.0,69.0
2310.004422019893,1.0,5.0,0.0,69.0
2310.005144911459,1.0,5.0,0.0,69.0
2310.305144911459,1.0,5.0,0.0,69.0
2310.305867803025,1.0,5.0,0.0,69.0
2310.6058678030254,1.0,5.0,0.0,69.0
2310.6065906945914,1.0,5.0,0.0,69.0
2310.9065906945916,1.0,5.0,0.0,69.0
2310.9073135861577,1.0,5.0,0.0,69.0
2311.207313586158,1.0,5.0,0.0,69.0
2311.208036477724,1.0,5.0,0.0,69.0
2311.508036477724,1.0,5.0,0.0,69.0
2311.50875936929,1.0,5.0,0.0,69.0
2311.8087593692903,1.0,5.0,0.0,69.0
2311.8094822608564,1.0,5.0,0.0,69.0
2312.1094822608566,1.0,5.0,0.0,69.0
2312.1102051524226,1.0,5.0,0.0,69.0
2312.410205152423,1.0,5.0,0.0,69.0
2312.410928043989,1.0,5.0,0.0,69.0
2312.710928043989,1.0,5.0,0.0,69.0
2312.711650935555,1.0,5.0,0.0,69.0
2313.0116509355553,1.0,5.0,0.0,69.0
2313.0123738271213,1.0,5.0,0.0,69.0
2313.3123738271215,1.0,5.0,0.0,69.0
2313.3130967186876,1.0,5.0,0.0,69.0
2313.6130967186878,1.0,5.0,0.0,69.0
2313.613819610254,1.0,5.0,0.0,69.0
2313.913819610254,1.0,5.0,0.0,69.0
2313.91454250182,1.0,5.0,0.0,69.0
2314.2145425018202,1.0,5.0,0.0,69.0
2314.2152653933863,1.0,5.0,0.0,69.0
2314.5152653933865,1.0,5.0,0.0,69.0
2314.5159882849525,1.0,5.0,0.0,69.0
2314.8159882849527,1.0,5.0,0.0,69.0
2314.8167111765188,1.0,5.0,0.0,69.0
2315.116711176519,1.0,5.0,0.0,69.0
2315.117434068085,1.0,5.0,0.0,69.0
2315.417434068085,1.0,5.0,0.0,69.0
2315.4181569596512,1.0,5.0,0.0,69.0
2315.7181569596514,1.0,5.0,0.0,69.0
2315.7188798512175,1.0,5.0,0.0,69.0
2316.0188798512177,1.0,5.0,0.0,69.0
2316.0196027427837,1.0,5.0,0.0,69.0
2316.319602742784,1.0,5.0,0.0,69.0
2316.32032563435,1.0,5.0,0.0,69.0
2316.62032563435,1.0,5.0,0.0,69.0
2316.621048525916,1.0,5.0,0.0,69.0
2316.9210485259164,1.0,5.0,0.0,69.0
2316.9217714174824,1.0,5.0,0.0,69.0
2317.2217714174826,1.0,5.0,0.0,69.0
2317.2224943090487,1.0,5.0,0.0,69.0
2317.522494309049,1.0,5.0,0.0,69.0
2317.523217200615,1.0,5.0,0.0,69.0
2317.823217200615,1.0,5.0,0.0,69.0
2317.823940092181,1.0,5.0,0.0,69.0
2318.1239400921813,1.0,5.0,0.0,69.0
2318.1246629837474,1.0,5.0,0.0,69.0
2318.4246629837476,1.0,5.0,0.0,69.0
2318.4253858753136,1.0,5.0,0.0,69.0
2318.725385875314,1.0,5.0,0.0,69.0
2318.72610876688,1.0,5.0,0.0,69.0
2319.02610876688,1.0,5.0,0.0,69.0
2319.026831658446,1.0,5.0,0.0,69.0
2319.3268316584463,1.0,5.0,0.0,69.0
2319.3275545500123,1.0,5.0,0.0,69.0
2319.6275545500125,1.0,5.0,0.0,69.0
2319.6282774415786,1.0,5.0,0.0,69.0
2319.9282774415788,1.0,5.0,0.0,69.0
2319.929000333145,1.0,5.0,0.0,69.0
2320.229000333145,1.0,5.0,0.0,69.0
2320.229723224711,1.0,5.0,0.0,69.0
2320.5297232247112,1.0,5.0,0.0,69.0
2320.5304461162773,1.0,5.0,0.0,69.0
2320.8304461162775,1.0,5.0,0.0,69.0
2320.8311690078435,1.0,5.0,0.0,69.0
2321.1311690078437,1.0,5.0,0.0,69.0
2321.1318918994098,1.0,5.0,0.0,69.0
2321.43189189941,1.0,5.0,0.0,69.0
2321.432614790976,1.0,5.0,0.0,69.0
2321.732614790976,1.0,5.0,0.0,69.0
2321.7333376825422,1.0,5.0,0.0,69.0
2322.0333376825424,1.0,5.0,0.0,69.0
2322.0340605741085,1.0,5.0,0.0,69.0
2322.3340605741087,1.0,5.0,0.0,69.0
2322.3347834656747,1.0,5.0,0.0,69.0
2322.634783465675,1.0,5.0,0.0,69.0
2322.635506357241,1.0,5.0,0.0,69.0
2322.935506357241,1.0,5.0,0.0,69.0
2322.936229248807,1.0,5.0,0.0,69.0
2323.2362292488074,1.0,5.0,0.0,69.0
2323.2369521403734,1.0,5.0,0.0,69.0
2323.5369521403736,1.0,5.0,0.0,69.0
2323.5376750319397,1.0,5.0,0.0,69.0
2323.83767503194,1.0,5.0,0.0,69.0
2323.838397923506,1.0,5.0,0.0,69.0
2324.138397923506,1.0,5.0,0.0,69.0
2324.139120815072,1.0,5.0,0.0,69.0
2324.4391208150723,1.0,5.0,0.0,69.0
2324.4398437066384,1.0,5.0,0.0,69.0
2324.7398437066386,1.0,5.0,0.0,69.0
2324.7405665982046,1.0,5.0,0.0,69.0
2325.040566598205,1.0,5.0,0.0,69.0
2325.041289489771,1.0,5.0,0.0,69.0
2325.341289489771,1.0,5.0,0.0,69.0
2325.342012381337,1.0,5.0,0.0,69.0
2325.6420123813373,1.0,5.0,0.0,69.0
2325.6427352729033,1.0,5.0,0.0,69.0
2325.9427352729035,1.0,5.0,0.0,69.0
2325.9434581644696,1.0,5.0,0.0,69.0
2326.2434581644698,1.0,5.0,0.0,69.0
2326.244181056036,1.0,5.0,0.0,69.0
2326.544181056036,1.0,5.0,0.0,69.0
2326.544903947602,1.0,5.0,0.0,69.0
2326.8449039476022,1.0,5.0,0.0,69.0
2326.8456268391683,1.0,5.0,0.0,69.0
2327.1456268391685,1.0,5.0,0.0,69.0
2327.1463497307345,1.0,5.0,0.0,69.0
2327.4463497307347,1.0,5.0,0.0,69.0
2327.4470726223008,1.0,5.0,0.0,69.0
2327.747072622301,1.0,5.0,0.0,69.0
2327.747795513867,1.0,5.0,0.0,69.0
2328.047795513867,1.0,5.0,0.0,69.0
2328.0485184054332,1.0,5.0,0.0,69.0
2328.3485184054334,1.0,5.0,0.0,69.0
2328.3492412969995,1.0,5.0,0.0,69.0
2328.6492412969997,1.0,5.0,0.0,69.0
2328.6499641885657,1.0,5.0,0.0,69.0
2328.949964188566,1.0,5.0,0.0,69.0
2328.950687080132,1.0,5.0,0.0,69.0
2329.250687080132,1.0,5.0,0.0,69.0
2329.251409971698,1.0,5.0,0.0,69.0
2329.5514099716984,1.0,5.0,0.0,69.0
2329.5521328632644,1.0,5.0,0.0,69.0
2329.8521328632646,1.0,5.0,0.0,69.0
2329.8528557548307,1.0,5.0,0.0,69.0
2330.152855754831,1.0,5.0,0.0,69.0
2330.153578646397,1.0,5.0,0.0,69.0
2330.453578646397,1.0,5.0,0.0,69.0
2330.454301537963,1.0,5.0,0.0,69.0
2330.7543015379633,1.0,5.0,0.0,69.0
2330.7550244295294,1.0,5.0,0.0,69.0
2331.0550244295296,1.0,5.0,0.0,69.0
2331.0557473210956,1.0,5.0,0.0,69.0
2331.355747321096,1.0,5.0,0.0,69.0
2331.356470212662,1.0,5.0,0.0,69.0
2331.656470212662,1.0,5.0,0.0,69.0
2331.657193104228,1.0,5.0,0.0,69.0
2331.9571931042283,1.0,5.0,0.0,69.0
2331.9579159957943,1.0,5.0,0.0,69.0
2332.2579159957945,1.0,5.0,0.0,69.0
2332.2586388873606,1.0,5.0,0.0,69.0
2332.5586388873608,1.0,5.0,0.0,69.0
2332.559361778927,1.0,5.0,0.0,69.0
2332.859361778927,1.0,5.0,0.0,69.0
2332.860084670493,1.0,5.0,0.0,69.0
2333.1600846704932,1.0,5.0,0.0,69.0
2333.1608075620593,1.0,5.0,0.0,69.0
2333.4608075620595,1.0,5.0,0.0,69.0
2333.4615304536255,1.0,5.0,0.0,69.0
2333.7615304536257,1.0,5.0,0.0,69.0
2333.7622533451918,1.0,5.0,0.0,69.0
2334.062253345192,1.0,5.0,0.0,69.0
2334.062976236758,1.0,5.0,0.0,69.0
2334.362976236758,1.0,5.0,0.0,69.0
2334.3636991283242,1.0,5.0,0.0,69.0
2334.6636991283244,1.0,5.0,0.0,69.0
2334.6644220198905,1.0,5.0,0.0,69.0
2334.9644220198907,1.0,5.0,0.0,69.0
2334.9651449114567,1.0,5.0,0.0,69.0
2335.265144911457,1.0,5.0,0.0,69.0
2335.265867803023,1.0,5.0,0.0,69.0
2335.565867803023,1.0,5.0,0.0,69.0
2335.566590694589,1.0,5.0,0.0,69.0
2335.8665906945894,1.0,5.0,0.0,69.0
2335.8673135861554,1.0,5.0,0.0,69.0
2336.1673135861556,1.0,5.0,0.0,69.0
2336.1680364777217,1.0,5.0,0.0,69.0
2336.468036477722,1.0,5.0,0.0,69.0
2336.468759369288,1.0,5.0,0.0,69.0
2336.768759369288,1.0,5.0,0.0,69.0
2336.769482260854,1.0,5.0,0.0,69.0
2337.0694822608543,1.0,5.0,0.0,69.0
2337.0702051524204,1.0,5.0,0.0,69.0
2337.3702051524206,1.0,5.0,0.0,69.0
2337.3709280439866,1.0,5.0,0.0,69.0
2337.670928043987,1.0,5.0,0.0,69.0
2337.671650935553,1.0,5.0,0.0,69.0
2337.971650935553,1.0,5.0,0.0,69.0
2337.972373827119,1.0,5.0,0.0,69.0
2338.2723738271193,1.0,5.0,0.0,69.0
2338.2730967186853,1.0,5.0,0.0,69.0
2338.5730967186855,1.0,5.0,0.0,69.0
2338.5738196102516,1.0,5.0,0.0,69.0
2338.8738196102518,1.0,5.0,0.0,69.0
2338.874542501818,1.0,5.0,0.0,69.0
2339.174542501818,1.0,5.0,0.0,69.0
2339.175265393384,1.0,5.0,0.0,69.0
2339.4752653933842,1.0,5.0,0.0,69.0
2339.4759882849503,1.0,5.0,0.0,69.0
2339.7759882849505,1.0,5.0,0.0,69.0
2339.7767111765165,1.0,5.0,0.0,69.0
2340.0767111765167,1.0,5.0,0.0,69.0
2340.0774340680828,1.0,5.0,0.0,69.0
2340.377434068083,1.0,5.0,0.0,69.0
2340.378156959649,1.0,5.0,0.0,69.0
2340.678156959649,1.0,5.0,0.0,69.0
2340.6788798512152,1.0,5.0,0.0,69.0
2340.9788798512154,1.0,5.0,0.0,69.0
2340.9796027427815,1.0,5.0,0.0,69.0
2341.2796027427817,1.0,5.0,0.0,69.0
2341.2803256343477,1.0,5.0,0.0,69.0
2341.580325634348,1.0,5.0,0.0,69.0
2341.581048525914,1.0,5.0,0.0,69.0
2341.881048525914,1.0,5.0,0.0,69.0
2341.88177141748,1.0,5.0,0.0,69.0
2342.1817714174804,1.0,5.0,0.0,69.0
2342.1824943090464,1.0,5.0,0.0,69.0
2342.4824943090466,1.0,5.0,0.0,69.0
2342.4832172006127,1.0,5.0,0.0,69.0
2342.783217200613,1.0,5.0,0.0,69.0
2342.783940092179,1.0,5.0,0.0,69.0
2343.083940092179,1.0,5.0,0.0,69.0
2343.084662983745,1.0,5.0,0.0,69.0
2343.3846629837453,1.0,5.0,0.0,69.0
2343.3853772694597,1.0,5.0,0.0,69.0
2343.68537726946,1.0,5.0,0.0,69.0
2343.6860915551742,1.0,5.0,0.0,69.0
2343.9860915551744,1.0,5.0,0.0,69.0
2343.986805840889,1.0,5.0,0.0,69.0
2344.286805840889,1.0,5.0,0.0,69.0
2344.2875201266033,1.0,5.0,0.0,69.0
2344.5875201266035,1.0,5.0,0.0,69.0
2344.588234412318,1.0,5.0,0.0,69.0
2344.888234412318,1.0,5.0,0.0,69.0
2344.8889486980324,1.0,5.0,0.0,69.0
2345.1889486980326,1.0,5.0,0.0,69.0
2345.189662983747,1.0,5.0,0.0,69.0
2345.489662983747,1.0,5.0,0.0,69.0
2345.4903688661,1.0,5.0,0.0,69.0
2345.7903688661004,1.0,5.0,0.0,69.0
2345.7910747484534,1.0,5.0,0.0,69.0
2346.0910747484536,1.0,5.0,0.0,69.0
2346.091772422872,1.0,5.0,0.0,69.0
2346.3917724228722,1.0,5.0,0.0,69.0
2346.3924700972907,1.0,5.0,0.0,69.0
2346.692470097291,1.0,5.0,0.0,69.0
2346.6931677717093,1.0,5.0,0.0,69.0
2346.9931677717095,1.0,5.0,0.0,69.0
2346.993865446128,1.0,5.0,0.0,69.0
2347.293865446128,1.0,5.0,0.0,69.0
2347.2945631205466,1.0,5.0,0.0,69.0
2347.594563120547,1.0,5.0,0.0,69.0
2347.5952607949653,1.0,5.0,0.0,69.0
2347.8952607949655,1.0,5.0,0.0,69.0
2347.895958469384,1.0,5.0,0.0,69.0
2348.195958469384,1.0,5.0,0.0,69.0
2348.1966561438026,1.0,5.0,0.0,69.0
2348.4966561438027,1.0,5.0,0.0,69.0
2348.497353818221,1.0,5.0,0.0,69.0
2348.7973538182214,1.0,5.0,0.0,69.0
2348.79805149264,1.0,5.0,0.0,69.0
2349.09805149264,1.0,5.0,0.0,69.0
2349.0987491670585,1.0,5.0,0.0,69.0
2349.3987491670587,1.0,5.0,0.0,69.0
2349.399446841477,1.0,5.0,0.0,69.0
2349.6994468414773,1.0,5.0,0.0,69.0
2349.7001445158958,1.0,5.0,0.0,69.0
2350.000144515896,1.0,5.0,0.0,69.0
2350.0008421903144,1.0,5.0,0.0,69.0
2350.3008421903146,1.0,5.0,0.0,69.0
2350.301539864733,1.0,5.0,0.0,69.0
2350.6015398647332,1.0,5.0,0.0,69.0
2350.6022375391517,1.0,5.0,0.0,69.0
2350.902237539152,1.0,5.0,0.0,69.0
2350.9029352135703,1.0,5.0,0.0,69.0
2351.2029352135705,1.0,5.0,0.0,69.0
2351.203632887989,1.0,5.0,0.0,69.0
2351.503632887989,1.0,5.0,0.0,69.0
2351.5043305624076,1.0,5.0,0.0,69.0
2351.804330562408,1.0,5.0,0.0,69.0
2351.8050282368263,1.0,5.0,0.0,69.0
2352.1050282368265,1.0,5.0,0.0,69.0
2352.1057178919987,1.0,5.0,0.0,69.0
2352.405717891999,1.0,5.0,0.0,69.0
2352.406407547171,1.0,5.0,0.0,69.0
2352.7064075471712,1.0,5.0,0.0,69.0
2352.7070972023434,1.0,5.0,0.0,69.0
2353.0070972023436,1.0,5.0,0.0,69.0
2353.007786857516,1.0,5.0,0.0,69.0
2353.307786857516,1.0,5.0,0.0,69.0
2353.3084765126882,1.0,5.0,0.0,69.0
2353.6084765126884,1.0,5.0,0.0,69.0
2353.6091661678606,1.0,5.0,0.0,69.0
2353.909166167861,1.0,5.0,0.0,69.0
2353.909855823033,1.0,5.0,0.0,69.0
2354.209855823033,1.0,5.0,0.0,69.0
2354.2105454782054,1.0,5.0,0.0,69.0
2354.5105454782056,1.0,5.0,0.0,69.0
2354.511235133378,1.0,5.0,0.0,69.0
2354.811235133378,1.0,5.0,0.0,69.0
2354.81192478855,1.0,5.0,0.0,69.0
2355.1119247885504,1.0,5.0,0.0,69.0
2355.1126144437226,1.0,5.0,0.0,69.0
2355.4126144437228,1.0,5.0,0.0,69.0
2355.413304098895,1.0,5.0,0.0,69.0
2355.713304098895,1.0,5.0,0.0,69.0
2355.7139937540674,1.0,5.0,0.0,69.0
2356.0139937540675,1.0,5.0,0.0,69.0
2356.0146834092398,1.0,5.0,0.0,69.0
2356.31468340924,1.0,5.0,0.0,69.0
2356.3153810836584,1.0,5.0,0.0,69.0
2356.6153810836586,1.0,5.0,0.0,69.0
2356.616078758077,1.0,3.0,0.0,70.0
2356.916078758077,1.0,3.0,0.0,70.0
2356.9167764324957,1.0,3.0,0.0,70.0
2357.216776432496,1.0,3.0,0.0,70.0
2357.2174741069143,1.0,3.0,0.0,70.0
2357.5174741069145,1.0,3.0,0.0,70.0
2357.518171781333,1.0,3.0,0.0,70.0
2357.818171781333,1.0,3.0,0.0,70.0
2357.8188694557516,1.0,3.0,0.0,70.0
2358.118869455752,1.0,3.0,0.0,70.0
2358.1195671301703,1.0,3.0,0.0,70.0
2358.4195671301704,1.0,3.0,0.0,70.0
2358.420264804589,1.0,3.0,0.0,70.0
2358.720264804589,1.0,3.0,0.0,70.0
2358.7209624790075,1.0,3.0,0.0,70.0
2359.0209624790077,1.0,3.0,0.0,70.0
2359.021660153426,1.0,3.0,0.0,70.0
2359.3216601534264,1.0,3.0,0.0,70.0
2359.322357827845,1.0,3.0,0.0,70.0
2359.622357827845,1.0,3.0,0.0,70.0
2359.6230555022635,1.0,3.0,0.0,70.0
2359.9230555022637,1.0,3.0,0.0,70.0
2359.923753176682,1.0,3.0,0.0,70.0
2360.2237531766823,1.0,3.0,0.0,70.0
2360.2244508511008,1.0,3.0,0.0,70.0
2360.524450851101,1.0,3.0,0.0,70.0
2360.5251485255194,1.0,3.0,0.0,70.0
2360.8251485255196,1.0,3.0,0.0,70.0
2360.825846199938,1.0,3.0,0.0,70.0
2361.125846199938,1.0,3.0,0.0,70.0
2361.1265438743567,1.0,3.0,0.0,70.0
2361.426543874357,1.0,3.0,0.0,70.0
2361.4272415487753,1.0,3.0,0.0,70.0
2361.7272415487755,1.0,3.0,0.0,70.0
2361.727939223194,1.0,3.0,0.0,70.0
2362.027939223194,1.0,3.0,0.0,70.0
2362.0286368976126,1.0,3.0,0.0,70.0
2362.328636897613,1.0,3.0,0.0,70.0
2362.329342779966,1.0,3.0,0.0,70.0
2362.629342779966,1.0,3.0,0.0,70.0
2362.630048662319,1.0,3.0,0.0,70.0
2362.930048662319,1.0,3.0,0.0,70.0
2362.9307545446723,1.0,3.0,0.0,70.0
2363.2307545446724,1.0,3.0,0.0,70.0
2363.2314604270255,1.0,3.0,0.0,70.0
2363.5314604270256,1.0,3.0,0.0,70.0
2363.5321663093787,1.0,3.0,0.0,70.0
2363.832166309379,1.0,3.0,0.0,70.0
2363.832872191732,1.0,3.0,0.0,70.0
2364.132872191732,1.0,3.0,0.0,70.0
2364.133578074085,1.0,3.0,0.0,70.0
2364.4335780740853,1.0,3.0,0.0,70.0
2364.4342839564383,1.0,3.0,0.0,70.0
2364.7342839564385,1.0,3.0,0.0,70.0
2364.7349898387915,1.0,3.0,0.0,70.0
2365.0349898387917,1.0,3.0,0.0,70.0
2365.0356957211447,1.0,3.0,0.0,70.0
2365.335695721145,1.0,3.0,0.0,70.0
2365.336401603498,1.0,3.0,0.0,70.0
2365.636401603498,1.0,3.0,0.0,70.0
2365.637107485851,1.0,3.0,0.0,70.0
2365.9371074858514,1.0,3.0,0.0,70.0
2365.9378133682044,1.0,3.0,0.0,70.0
2366.2378133682046,1.0,3.0,0.0,70.0
2366.2385192505576,1.0,3.0,0.0,70.0
2366.538519250558,1.0,3.0,0.0,70.0
2366.539225132911,1.0,3.0,0.0,70.0
2366.839225132911,1.0,3.0,0.0,70.0
2366.839931015264,1.0,3.0,0.0,70.0
2367.139931015264,1.0,3.0,0.0,70.0
2367.1406368976172,1.0,3.0,0.0,70.0
2367.4406368976174,1.0,3.0,0.0,70.0
2367.4413427799705,1.0,3.0,0.0,70.0
2367.7413427799706,1.0,3.0,0.0,70.0
2367.7420486623237,1.0,3.0,0.0,70.0
2368.042048662324,1.0,3.0,0.0,70.0
2368.042754544677,1.0,3.0,0.0,70.0
2368.342754544677,1.0,3.0,0.0,70.0
2368.34346042703,1.0,3.0,0.0,70.0
2368.6434604270303,1.0,3.0,0.0,70.0
2368.6441663093833,1.0,3.0,0.0,70.0
2368.9441663093835,1.0,3.0,0.0,70.0
2368.9448721917365,1.0,3.0,0.0,70.0
2369.2448721917367,1.0,3.0,0.0,70.0
2369.2455780740897,1.0,3.0,0.0,70.0
2369.54557807409,1.0,3.0,0.0,70.0
2369.546283956443,1.0,3.0,0.0,70.0
2369.846283956443,1.0,3.0,0.0,70.0
2369.846989838796,1.0,3.0,0.0,70.0
2370.1469898387963,1.0,3.0,0.0,70.0
2370.1476957211494,1.0,3.0,0.0,70.0
2370.4476957211496,1.0,3.0,0.0,70.0
2370.4484016035026,1.0,3.0,0.0,70.0
2370.7484016035028,1.0,3.0,0.0,70.0
2370.749107485856,1.0,3.0,0.0,70.0
2371.049107485856,1.0,3.0,0.0,70.0
2371.049813368209,1.0,3.0,0.0,70.0
2371.349813368209,1.0,3.0,0.0,70.0
2371.3505192505622,1.0,3.0,0.0,70.0
2371.6505192505624,1.0,3.0,0.0,70.0
2371.6512251329154,1.0,3.0,0.0,70.0
2371.9512251329156,1.0,3.0,0.0,70.0
2371.9519310152687,1.0,3.0,0.0,70.0
2372.251931015269,1.0,3.0,0.0,70.0
2372.252636897622,1.0,3.0,0.0,70.0
2372.552636897622,1.0,3.0,0.0,70.0
2372.553342779975,1.0,3.0,0.0,70.0
2372.8533427799753,1.0,3.0,0.0,70.0
2372.8540486623283,1.0,3.0,0.0,70.0
2373.1540486623285,1.0,3.0,0.0,70.0
2373.1547545446815,1.0,3.0,0.0,70.0
2373.4547545446817,1.0,3.0,0.0,70.0
2373.4554604270347,1.0,3.0,0.0,70.0
2373.755460427035,1.0,3.0,0.0,70.0
2373.756166309388,1.0,3.0,0.0,70.0
2374.056166309388,1.0,3.0,0.0,70.0
2374.056872191741,1.0,3.0,0.0,70.0
2374.3568721917413,1.0,3.0,0.0,70.0
2374.3575780740944,1.0,3.0,0.0,70.0
2374.6575780740945,1.0,3.0,0.0,70.0
2374.6582839564476,1.0,3.0,0.0,70.0
2374.9582839564478,1.0,3.0,0.0,70.0
2374.958989838801,1.0,3.0,0.0,70.0
2375.258989838801,1.0,3.0,0.0,70.0
2375.259695721154,1.0,3.0,0.0,70.0
2375.559695721154,1.0,3.0,0.0,70.0
2375.560401603507,1.0,3.0,0.0,70.0
2375.8604016035074,1.0,3.0,0.0,70.0
2375.8611074858604,1.0,3.0,0.0,70.0
2376.1611074858606,1.0,3.0,0.0,70.0
2376.1618133682136,1.0,3.0,0.0,70.0
2376.461813368214,1.0,3.0,0.0,70.0
2376.462519250567,1.0,3.0,0.0,70.0
2376.762519250567,1.0,3.0,0.0,70.0
2376.76322513292,1.0,3.0,0.0,70.0
2377.0632251329203,1.0,3.0,0.0,70.0
2377.0639310152733,1.0,3.0,0.0,70.0
2377.3639310152735,1.0,3.0,0.0,70.0
2377.3646368976265,1.0,3.0,0.0,70.0
2377.6646368976267,1.0,3.0,0.0,70.0
2377.6653427799797,1.0,3.0,0.0,70.0
2377.96534277998,1.0,3.0,0.0,70.0
2377.966048662333,1.0,3.0,0.0,70.0
2378.266048662333,1.0,3.0,0.0,70.0
2378.266754544686,1.0,3.0,0.0,70.0
2378.5667545446863,1.0,3.0,0.0,70.0
2378.5674604270394,1.0,3.0,0.0,70.0
2378.8674604270395,1.0,3.0,0.0,70.0
2378.8681663093926,1.0,3.0,0.0,70.0
2379.1681663093927,1.0,3.0,0.0,70.0
2379.168872191746,1.0,3.0,0.0,70.0
2379.468872191746,1.0,3.0,0.0,70.0
2379.469578074099,1.0,3.0,0.0,70.0
2379.769578074099,1.0,3.0,0.0,70.0
2379.770283956452,1.0,3.0,0.0,70.0
2380.0702839564524,1.0,3.0,0.0,70.0
2380.0709898388054,1.0,3.0,0.0,70.0
2380.3709898388056,1.0,3.0,0.0,70.0
2380.3716957211586,1.0,3.0,0.0,70.0
2380.671695721159,1.0,3.0,0.0,70.0
2380.672401603512,1.0,3.0,0.0,70.0
2380.972401603512,1.0,3.0,0.0,70.0
2380.973107485865,1.0,3.0,0.0,70.0
2381.2731074858652,1.0,3.0,0.0,70.0
2381.2738133682183,1.0,1.0,0.0,71.0
2381.5738133682185,1.0,1.0,0.0,71.0
2381.5745192505715,1.0,1.0,0.0,71.0
2381.8745192505717,1.0,1.0,0.0,71.0
2381.8752251329247,1.0,1.0,0.0,71.0
2382.175225132925,1.0,1.0,0.0,71.0
2382.175931015278,1.0,1.0,0.0,71.0
2382.475931015278,1.0,1.0,0.0,71.0
2382.476636897631,1.0,1.0,0.0,71.0
2382.7766368976313,1.0,1.0,0.0,71.0
2382.7773427799843,1.0,1.0,0.0,71.0
2383.0773427799845,1.0,1.0,0.0,71.0
2383.0780486623376,1.0,1.0,0.0,71.0
2383.3780486623377,1.0,1.0,0.0,71.0
2383.3787545446908,1.0,1.0,0.0,71.0
2383.678754544691,1.0,1.0,0.0,71.0
2383.679460427044,1.0,1.0,0.0,71.0
2383.979460427044,1.0,1.0,0.0,71.0
2383.980166309397,1.0,1.0,0.0,71.0
2384.2801663093974,1.0,1.0,0.0,71.0
2384.2808721917504,1.0,1.0,0.0,71.0
2384.5808721917506,1.0,1.0,0.0,71.0
2384.5815780741036,1.0,1.0,0.0,71.0
2384.881578074104,1.0,1.0,0.0,71.0
2384.882283956457,1.0,1.0,0.0,71.0
2385.182283956457,1.0,1.0,0.0,71.0
2385.18298983881,1.0,1.0,0.0,71.0
2385.48298983881,1.0,1.0,0.0,71.0
2385.4836957211633,1.0,1.0,0.0,71.0
2385.7836957211634,1.0,1.0,0.0,71.0
2385.7844016035165,1.0,1.0,0.0,71.0
2386.0844016035167,1.0,1.0,0.0,71.0
2386.0851074858697,1.0,1.0,0.0,71.0
2386.38510748587,1.0,1.0,0.0,71.0
2386.385813368223,1.0,1.0,0.0,71.0
2386.685813368223,1.0,1.0,0.0,71.0
2386.686519250576,1.0,1.0,0.0,71.0
2386.9865192505763,1.0,1.0,0.0,71.0
2386.9872251329293,1.0,1.0,0.0,71.0
2387.2872251329295,1.0,1.0,0.0,71.0
2387.2879310152825,1.0,1.0,0.0,71.0
2387.5879310152827,1.0,1.0,0.0,71.0
2387.5886368976358,1.0,1.0,0.0,71.0
2387.888636897636,1.0,1.0,0.0,71.0
2387.8893345720544,1.0,1.0,0.0,71.0
2388.1893345720546,1.0,1.0,0.0,71.0
2388.190032246473,1.0,1.0,0.0,71.0
2388.490032246473,1.0,1.0,0.0,71.0
2388.4907299208917,1.0,1.0,0.0,71.0
2388.790729920892,1.0,1.0,0.0,71.0
2388.7914275953103,1.0,1.0,0.0,71.0
2389.0914275953105,1.0,1.0,0.0,71.0
2389.092125269729,1.0,1.0,0.0,71.0
2389.392125269729,1.0,1.0,0.0,71.0
2389.3928229441476,1.0,1.0,0.0,71.0
2389.692822944148,1.0,1.0,0.0,71.0
2389.6935206185663,1.0,1.0,0.0,71.0
2389.9935206185664,1.0,1.0,0.0,71.0
2389.994218292985,1.0,1.0,0.0,71.0
2390.294218292985,1.0,1.0,0.0,71.0
2390.2949159674035,1.0,1.0,0.0,71.0
2390.5949159674037,1.0,1.0,0.0,71.0
2390.595613641822,1.0,1.0,0.0,71.0
2390.8956136418224,1.0,1.0,0.0,71.0
2390.896311316241,1.0,1.0,0.0,71.0
2391.196311316241,1.0,1.0,0.0,71.0
2391.1970089906595,1.0,1.0,0.0,71.0
2391.4970089906597,1.0,1.0,0.0,71.0
2391.497706665078,1.0,1.0,0.0,71.0
2391.7977066650783,1.0,1.0,0.0,71.0
2391.7984043394968,1.0,1.0,0.0,71.0
2392.098404339497,1.0,1.0,0.0,71.0
2392.0991020139154,1.0,1.0,0.0,71.0
2392.3991020139156,1.0,1.0,0.0,71.0
2392.399799688334,1.0,1.0,0.0,71.0
2392.699799688334,1.0,1.0,0.0,71.0
2392.7004973627527,1.0,1.0,0.0,71.0
2393.000497362753,1.0,1.0,0.0,71.0
2393.0011950371713,1.0,1.0,0.0,71.0
2393.3011950371715,1.0,1.0,0.0,71.0
2393.30189271159,1.0,1.0,0.0,71.0
2393.60189271159,1.0,1.0,0.0,71.0
2393.6025903860086,1.0,1.0,0.0,71.0
2393.902590386009,1.0,1.0,0.0,71.0
2393.9032880604273,1.0,1.0,0.0,71.0
2394.2032880604274,1.0,1.0,0.0,71.0
2394.203985734846,1.0,1.0,0.0,71.0
2394.503985734846,1.0,1.0,0.0,71.0
2394.5046834092645,1.0,1.0,0.0,71.0
2394.8046834092647,1.0,1.0,0.0,71.0
2394.805381083683,1.0,1.0,0.0,71.0
2395.1053810836834,1.0,1.0,0.0,71.0
2395.106078758102,1.0,1.0,0.0,71.0
2395.406078758102,1.0,1.0,0.0,71.0
2395.4067764325205,1.0,1.0,0.0,71.0
2395.7067764325207,1.0,1.0,0.0,71.0
2395.707474106939,1.0,1.0,0.0,71.0
2396.0074741069393,1.0,1.0,0.0,71.0
2396.0081717813578,1.0,1.0,0.0,71.0
2396.308171781358,1.0,1.0,0.0,71.0
2396.3088694557764,1.0,1.0,0.0,71.0
2396.6088694557766,1.0,1.0,0.0,71.0
2396.609567130195,1.0,1.0,0.0,71.0
2396.9095671301952,1.0,1.0,0.0,71.0
2396.9102648046137,1.0,1.0,0.0,71.0
2397.210264804614,1.0,1.0,0.0,71.0
2397.2109624790323,1.0,1.0,0.0,71.0
2397.5109624790325,1.0,1.0,0.0,71.0
2397.511660153451,1.0,1.0,0.0,71.0
2397.811660153451,1.0,1.0,0.0,71.0
2397.8123578278696,1.0,1.0,0.0,71.0
2398.11235782787,1.0,1.0,0.0,71.0
2398.1130555022883,1.0,1.0,0.0,71.0
2398.4130555022884,1.0,1.0,0.0,71.0
2398.413753176707,1.0,1.0,0.0,71.0
2398.713753176707,1.0,1.0,0.0,71.0
2398.7144508511255,1.0,1.0,0.0,71.0
2399.0144508511257,1.0,1.0,0.0,71.0
2399.015148525544,1.0,1.0,0.0,71.0
2399.3151485255444,1.0,1.0,0.0,71.0
2399.315846199963,1.0,1.0,0.0,71.0
2399.615846199963,1.0,1.0,0.0,71.0
2399.6165438743815,1.0,1.0,0.0,71.0
2399.9165438743817,1.0,1.0,0.0,71.0
2399.9172415488,1.0,1.0,0.0,71.0
2400.2172415488003,1.0,1.0,0.0,71.0
2400.2179392232188,1.0,1.0,0.0,71.0
2400.517939223219,1.0,1.0,0.0,71.0
2400.5186368976374,1.0,1.0,0.0,71.0
2400.8186368976376,1.0,1.0,0.0,71.0
2400.819334572056,1.0,1.0,0.0,71.0
2401.1193345720562,1.0,1.0,0.0,71.0
2401.1200322464747,1.0,1.0,0.0,71.0
2401.420032246475,1.0,1.0,0.0,71.0
2401.4207299208933,1.0,1.0,0.0,71.0
2401.7207299208935,1.0,1.0,0.0,71.0
2401.721427595312,1.0,1.0,0.0,71.0
2402.021427595312,1.0,1.0,0.0,71.0
2402.0221252697306,1.0,1.0,0.0,71.0
2402.322125269731,1.0,1.0,0.0,71.0
2402.3228229441493,1.0,1.0,0.0,71.0
2402.6228229441494,1.0,1.0,0.0,71.0
2402.623520618568,1.0,1.0,0.0,71.0
2402.923520618568,1.0,1.0,0.0,71.0
2402.9242182929866,1.0,1.0,0.0,71.0
2403.2242182929867,1.0,1.0,0.0,71.0
2403.224915967405,1.0,1.0,0.0,71.0
2403.5249159674054,1.0,1.0,0.0,71.0
2403.525613641824,1.0,1.0,0.0,71.0
2403.825613641824,1.0,1.0,0.0,71.0
2403.8263113162425,1.0,1.0,0.0,71.0
2404.1263113162427,1.0,1.0,0.0,71.0
2404.127008990661,1.0,1.0,0.0,71.0
2404.4270089906613,1.0,1.0,0.0,71.0
2404.4277066650798,1.0,1.0,0.0,71.0
2404.72770666508,1.0,1.0,0.0,71.0
2404.7284043394984,1.0,1.0,0.0,71.0
2405.0284043394986,1.0,1.0,0.0,71.0
2405.029102013917,1.0,1.0,0.0,71.0
2405.3291020139172,1.0,1.0,0.0,71.0
2405.3297996883357,1.0,1.0,0.0,71.0
2405.629799688336,1.0,1.0,0.0,71.0
2405.6304973627543,1.0,1.0,0.0,71.0
2405.9304973627545,1.0,1.0,0.0,71.0
2405.931195037173,1.0,1.0,0.0,71.0
2406.231195037173,1.0,1.0,0.0,71.0
2406.2318927115916,1.0,1.0,0.0,71.0
2406.531892711592,1.0,1.0,0.0,71.0
2406.5325903860103,1.0,1.0,0.0,71.0
2406.8325903860105,1.0,1.0,0.0,71.0
2406.833288060429,1.0,1.0,0.0,71.0
2407.133288060429,1.0,1.0,0.0,71.0
2407.1339857348476,1.0,1.0,0.0,71.0
2407.4339857348477,1.0,1.0,0.0,71.0
2407.434683409266,1.0,1.0,0.0,71.0
2407.7346834092664,1.0,1.0,0.0,71.0
2407.735381083685,1.0,1.0,0.0,71.0
2408.035381083685,1.0,1.0,0.0,71.0
2408.0360787581035,1.0,1.0,0.0,71.0
2408.3360787581037,1.0,1.0,0.0,71.0
2408.336776432522,1.0,1.0,0.0,71.0
2408.6367764325223,1.0,1.0,0.0,71.0
2408.6374741069408,1.0,1.0,0.0,71.0
2408.937474106941,1.0,1.0,0.0,71.0
2408.9381717813594,1.0,1.0,0.0,71.0
2409.2381717813596,1.0,1.0,0.0,71.0
2409.238869455778,1.0,1.0,0.0,71.0
2409.5388694557782,1.0,1.0,0.0,71.0
2409.5395671301967,1.0,1.0,0.0,71.0
2409.839567130197,1.0,1.0,0.0,71.0
2409.8402648046153,1.0,1.0,0.0,71.0
2410.1402648046155,1.0,1.0,0.0,71.0
2410.140962479034,1.0,1.0,0.0,71.0
2410.440962479034,1.0,1.0,0.0,71.0
2410.4416601534526,1.0,1.0,0.0,71.0
2410.741660153453,1.0,1.0,0.0,71.0
2410.7423578278713,1.0,1.0,0.0,71.0
2411.0423578278715,1.0,1.0,0.0,71.0
2411.04305550229,1.0,1.0,0.0,71.0
2411.34305550229,1.0,1.0,0.0,71.0
2411.3437531767086,1.0,1.0,0.0,71.0
2411.6437531767087,1.0,1.0,0.0,71.0
2411.644450851127,1.0,1.0,0.0,71.0
2411.9444508511274,1.0,1.0,0.0,71.0
2411.945148525546,1.0,1.0,0.0,71.0
2412.245148525546,1.0,1.0,0.0,71.0
2412.2458461999645,1.0,1.0,0.0,71.0
2412.5458461999647,1.0,1.0,0.0,71.0
2412.546543874383,1.0,1.0,0.0,71.0
2412.8465438743833,1.0,1.0,0.0,71.0
2412.847241548802,1.0,1.0,0.0,71.0
2413.147241548802,1.0,1.0,0.0,71.0
2413.1479392232204,1.0,1.0,0.0,71.0
2413.4479392232206,1.0,1.0,0.0,71.0
2413.448636897639,1.0,1.0,0.0,71.0
2413.7486368976392,1.0,1.0,0.0,71.0
2413.7493345720577,1.0,1.0,0.0,71.0
2414.049334572058,1.0,1.0,0.0,71.0
2414.0500322464763,1.0,1.0,0.0,71.0
2414.3500322464765,1.0,1.0,0.0,71.0
2414.350729920895,1.0,1.0,0.0,71.0
2414.650729920895,1.0,1.0,0.0,71.0
2414.6514275953136,1.0,1.0,0.0,71.0
2414.951427595314,1.0,1.0,0.0,71.0
2414.9521252697323,1.0,1.0,0.0,71.0
2415.2521252697325,1.0,1.0,0.0,71.0
2415.252822944151,1.0,1.0,0.0,71.0
2415.552822944151,1.0,1.0,0.0,71.0
2415.5535206185696,1.0,1.0,0.0,71.0
2415.8535206185697,1.0,1.0,0.0,71.0
2415.854218292988,1.0,1.0,0.0,71.0
2416.1542182929884,1.0,1.0,0.0,71.0
2416.154915967407,1.0,1.0,0.0,71.0
2416.454915967407,1.0,1.0,0.0,71.0
2416.4556136418255,1.0,1.0,0.0,71.0
2416.7556136418257,1.0,1.0,0.0,71.0
2416.756311316244,1.0,1.0,0.0,71.0
2417.0563113162443,1.0,1.0,0.0,71.0
2417.057008990663,1.0,1.0,0.0,71.0
2417.357008990663,1.0,1.0,0.0,71.0
2417.3577066650814,1.0,1.0,0.0,71.0
2417.6577066650816,1.0,1.0,0.0,71.0
2417.6584043395,1.0,1.0,0.0,71.0
2417.9584043395002,1.0,1.0,0.0,71.0
2417.9591020139187,1.0,1.0,0.0,71.0
2418.259102013919,1.0,1.0,0.0,71.0
2418.2597996883374,1.0,1.0,0.0,71.0
2418.5597996883375,1.0,1.0,0.0,71.0
2418.560497362756,1.0,1.0,0.0,71.0
2418.860497362756,1.0,1.0,0.0,71.0
2418.8611950371746,1.0,1.0,0.0,71.0
2419.161195037175,1.0,1.0,0.0,71.0
2419.1618927115933,1.0,1.0,0.0,71.0
2419.4618927115935,1.0,1.0,0.0,71.0
2419.462590386012,1.0,1.0,0.0,71.0
2419.762590386012,1.0,1.0,0.0,71.0
2419.7632880604306,1.0,1.0,0.0,71.0
2420.0632880604308,1.0,1.0,0.0,71.0
2420.063985734849,1.0,1.0,0.0,71.0
2420.3639857348494,1.0,1.0,0.0,71.0
2420.364683409268,1.0,1.0,0.0,71.0
2420.664683409268,1.0,1.0,0.0,71.0
2420.6653810836865,1.0,1.0,0.0,71.0
2420.9653810836867,1.0,1.0,0.0,71.0
2420.966078758105,1.0,1.0,0.0,71.0
2421.2660787581053,1.0,1.0,0.0,71.0
2421.266776432524,1.0,1.0,0.0,71.0
2421.566776432524,1.0,1.0,0.0,71.0
2421.5674741069424,1.0,1.0,0.0,71.0
2421.8674741069426,1.0,1.0,0.0,71.0
2421.868171781361,1.0,1.0,0.0,71.0
2422.1681717813613,1.0,1.0,0.0,71.0
2422.1688694557797,1.0,1.0,0.0,71.0
2422.46886945578,1.0,1.0,0.0,71.0
2422.4695671301984,1.0,1.0,0.0,71.0
2422.7695671301985,1.0,1.0,0.0,71.0
2422.770264804617,1.0,1.0,0.0,71.0
2423.070264804617,1.0,1.0,0.0,71.0
2423.0709624790356,1.0,1.0,0.0,71.0
2423.370962479036,1.0,1.0,0.0,71.0
2423.3716601534543,1.0,1.0,0.0,71.0
2423.6716601534545,1.0,1.0,0.0,71.0
2423.672357827873,1.0,1.0,0.0,71.0
2423.972357827873,1.0,1.0,0.0,71.0
2423.9730555022916,1.0,1.0,0.0,71.0
2424.2730555022918,1.0,1.0,0.0,71.0
2424.27375317671,1.0,1.0,0.0,71.0
2424.5737531767104,1.0,1.0,0.0,71.0
2424.574450851129,1.0,1.0,0.0,71.0
2424.874450851129,1.0,1.0,0.0,71.0
2424.8751485255475,1.0,1.0,0.0,71.0
2425.1751485255477,1.0,1.0,0.0,71.0
2425.175846199966,1.0,1.0,0.0,71.0
2425.4758461999663,1.0,1.0,0.0,71.0
2425.476543874385,1.0,1.0,0.0,71.0
2425.776543874385,1.0,1.0,0.0,71.0
2425.7772415488034,1.0,1.0,0.0,71.0
2426.0772415488036,1.0,1.0,0.0,71.0
2426.077939223222,1.0,1.0,0.0,71.0
2426.3779392232223,1.0,1.0,0.0,71.0
2426.3786368976407,1.0,1.0,0.0,71.0
2426.678636897641,1.0,1.0,0.0,71.0
2426.6793345720594,1.0,1.0,0.0,71.0
2426.9793345720595,1.0,1.0,0.0,71.0
2426.980032246478,1.0,1.0,0.0,71.0
2427.280032246478,1.0,1.0,0.0,71.0
2427.2807299208966,1.0,1.0,0.0,71.0
2427.580729920897,1.0,1.0,0.0,71.0
2427.5814275953153,1.0,1.0,0.0,71.0
2427.8814275953155,1.0,1.0,0.0,71.0
2427.882125269734,1.0,1.0,0.0,71.0
2428.182125269734,1.0,1.0,0.0,71.0
2428.1828229441526,1.0,1.0,0.0,71.0
2428.4828229441528,1.0,1.0,0.0,71.0
2428.483520618571,1.0,1.0,0.0,71.0
2428.7835206185714,1.0,1.0,0.0,71.0
2428.78421829299,1.0,1.0,0.0,71.0
2429.08421829299,1.0,1.0,0.0,71.0
2429.0849159674085,1.0,1.0,0.0,71.0
2429.3849159674087,1.0,1.0,0.0,71.0
2429.385613641827,1.0,1.0,0.0,71.0
2429.6856136418273,1.0,1.0,0.0,71.0
2429.686311316246,1.0,1.0,0.0,71.0
2429.986311316246,1.0,1.0,0.0,71.0
2429.9870089906644,1.0,1.0,0.0,71.0
2430.2870089906646,1.0,1.0,0.0,71.0
2430.287706665083,1.0,1.0,0.0,71.0
2430.5877066650833,1.0,1.0,0.0,71.0
2430.5884043395017,1.0,1.0,0.0,71.0
2430.888404339502,1.0,1.0,0.0,71.0
2430.8891020139204,1.0,1.0,0.0,71.0
2431.1891020139205,1.0,1.0,0.0,71.0
2431.189799688339,1.0,1.0,0.0,71.0
2431.489799688339,1.0,1.0,0.0,71.0
2431.4904973627577,1.0,1.0,0.0,71.0
2431.790497362758,1.0,1.0,0.0,71.0
2431.7911950371763,1.0,1.0,0.0,71.0
2432.0911950371765,1.0,1.0,0.0,71.0
2432.091892711595,1.0,1.0,0.0,71.0
2432.391892711595,1.0,1.0,0.0,71.0
2432.3925903860136,1.0,1.0,0.0,71.0
2432.6925903860138,1.0,1.0,0.0,71.0
2432.693288060432,1.0,1.0,0.0,71.0
2432.9932880604324,1.0,1.0,0.0,71.0
2432.993985734851,1.0,1.0,0.0,71.0
2433.293985734851,1.0,1.0,0.0,71.0
2433.2946834092695,1.0,1.0,0.0,71.0
2433.5946834092697,1.0,1.0,0.0,71.0
2433.595381083688,1.0,1.0,0.0,71.0
2433.8953810836883,1.0,1.0,0.0,71.0
2433.896078758107,1.0,1.0,0.0,71.0
2434.196078758107,1.0,1.0,0.0,71.0
2434.1967764325254,1.0,1.0,0.0,71.0
2434.4967764325256,1.0,1.0,0.0,71.0
2434.497474106944,1.0,1.0,0.0,71.0
2434.7974741069443,1.0,1.0,0.0,71.0
2434.7981717813627,1.0,1.0,0.0,71.0
2435.098171781363,1.0,1.0,0.0,71.0
2435.0988694557814,1.0,1.0,0.0,71.0
2435.3988694557816,1.0,1.0,0.0,71.0
2435.3995671302,1.0,1.0,0.0,71.0
2435.6995671302,1.0,1.0,0.0,71.0
2435.7002648046187,1.0,1.0,0.0,71.0
2436.000264804619,1.0,1.0,0.0,71.0
2436.0009624790373,1.0,1.0,0.0,71.0
2436.3009624790375,1.0,1.0,0.0,71.0
2436.301660153456,1.0,1.0,0.0,71.0
2436.601660153456,1.0,1.0,0.0,71.0
2436.6023578278746,1.0,1.0,0.0,71.0
2436.9023578278748,1.0,1.0,0.0,71.0
2436.9030555022932,1.0,1.0,0.0,71.0
2437.2030555022934,1.0,1.0,0.0,71.0
2437.203753176712,1.0,1.0,0.0,71.0
2437.503753176712,1.0,1.0,0.0,71.0
2437.5044508511305,1.0,1.0,0.0,71.0
2437.8044508511307,1.0,1.0,0.0,71.0
2437.805148525549,1.0,1.0,0.0,71.0
2438.1051485255493,1.0,1.0,0.0,71.0
2438.105846199968,1.0,1.0,0.0,71.0
2438.405846199968,1.0,1.0,0.0,71.0
2438.4065438743864,1.0,1.0,0.0,71.0
2438.7065438743866,1.0,1.0,0.0,71.0
2438.707241548805,1.0,1.0,0.0,71.0
2439.0072415488053,1.0,1.0,0.0,71.0
2439.0079392232237,1.0,1.0,0.0,71.0
2439.307939223224,1.0,1.0,0.0,71.0
2439.3086368976424,1.0,1.0,0.0,71.0
2439.6086368976426,1.0,1.0,0.0,71.0
2439.609334572061,1.0,1.0,0.0,71.0
2439.909334572061,1.0,1.0,0.0,71.0
2439.9100322464797,1.0,1.0,0.0,71.0
2440.21003224648,1.0,1.0,0.0,71.0
2440.2107299208983,1.0,1.0,0.0,71.0
2440.5107299208985,1.0,1.0,0.0,71.0
2440.511427595317,1.0,1.0,0.0,71.0
2440.811427595317,1.0,1.0,0.0,71.0
2440.8121252697356,1.0,1.0,0.0,71.0
2441.1121252697358,1.0,1.0,0.0,71.0
2441.1128229441542,1.0,1.0,0.0,71.0
2441.4128229441544,1.0,1.0,0.0,71.0
2441.413520618573,1.0,1.0,0.0,71.0
2441.713520618573,1.0,1.0,0.0,71.0
2441.7142182929915,1.0,1.0,0.0,71.0
2442.0142182929917,1.0,1.0,0.0,71.0
2442.01491596741,1.0,1.0,0.0,71.0
2442.3149159674103,1.0,1.0,0.0,71.0
2442.315613641829,1.0,1.0,0.0,71.0
2442.615613641829,1.0,1.0,0.0,71.0
2442.6163113162474,1.0,1.0,0.0,71.0
2442.9163113162476,1.0,1.0,0.0,71.0
2442.917008990666,1.0,1.0,0.0,71.0
2443.2170089906663,1.0,1.0,0.0,71.0
2443.2177066650847,1.0,1.0,0.0,71.0
2443.517706665085,1.0,1.0,0.0,71.0
2443.5184043395034,1.0,1.0,0.0,71.0
2443.8184043395036,1.0,1.0,0.0,71.0
2443.819102013922,1.0,1.0,0.0,71.0
2444.119102013922,1.0,1.0,0.0,71.0
2444.1197996883407,1.0,1.0,0.0,71.0
2444.419799688341,1.0,1.0,0.0,71.0
2444.4204973627593,1.0,1.0,0.0,71.0
2444.7204973627595,1.0,1.0,0.0,71.0
2444.721195037178,1.0,1.0,0.0,71.0
2445.021195037178,1.0,1.0,0.0,71.0
2445.0218927115966,1.0,1.0,0.0,71.0
2445.321892711597,1.0,1.0,0.0,71.0
2445.3225903860152,1.0,1.0,0.0,71.0
2445.6225903860154,1.0,1.0,0.0,71.0
2445.623288060434,1.0,1.0,0.0,71.0
2445.923288060434,1.0,1.0,0.0,71.0
2445.9239857348525,1.0,1.0,0.0,71.0
2446.2239857348527,1.0,1.0,0.0,71.0
2446.224683409271,1.0,1.0,0.0,71.0
2446.5246834092713,1.0,1.0,0.0,71.0
2446.52538108369,1.0,1.0,0.0,71.0
2446.82538108369,1.0,1.0,0.0,71.0
2446.8260787581085,1.0,1.0,0.0,71.0
2447.1260787581086,1.0,1.0,0.0,71.0
2447.126776432527,1.0,1.0,0.0,71.0
2447.4267764325273,1.0,1.0,0.0,71.0
2447.4274741069457,1.0,1.0,0.0,71.0
2447.727474106946,1.0,1.0,0.0,71.0
2447.7281717813644,1.0,1.0,0.0,71.0
2448.0281717813646,1.0,1.0,0.0,71.0
2448.028869455783,1.0,1.0,0.0,71.0
2448.328869455783,1.0,1.0,0.0,71.0
2448.3295671302017,1.0,1.0,0.0,71.0
2448.629567130202,1.0,1.0,0.0,71.0
2448.6302648046203,1.0,1.0,0.0,71.0
2448.9302648046205,1.0,1.0,0.0,71.0
2448.930962479039,1.0,1.0,0.0,71.0
2449.230962479039,1.0,1.0,0.0,71.0
2449.2316601534576,1.0,1.0,0.0,71.0
2449.531660153458,1.0,1.0,0.0,71.0
2449.5323578278762,1.0,1.0,0.0,71.0
2449.8323578278764,1.0,1.0,0.0,71.0
2449.833055502295,1.0,1.0,0.0,71.0
2450.133055502295,1.0,1.0,0.0,71.0
2450.1337531767135,1.0,1.0,0.0,71.0
2450.4337531767137,1.0,1.0,0.0,71.0
2450.434450851132,1.0,1.0,0.0,71.0
2450.7344508511324,1.0,1.0,0.0,71.0
2450.735148525551,1.0,1.0,0.0,71.0
2451.035148525551,1.0,1.0,0.0,71.0
2451.0358461999695,1.0,1.0,0.0,71.0
2451.3358461999696,1.0,1.0,0.0,71.0
2451.336543874388,1.0,1.0,0.0,71.0
2451.6365438743883,1.0,1.0,0.0,71.0
2451.6372415488067,1.0,1.0,0.0,71.0
2451.937241548807,1.0,1.0,0.0,71.0
2451.9379392232254,1.0,1.0,0.0,71.0
2452.2379392232256,1.0,1.0,0.0,71.0
2452.238636897644,1.0,1.0,0.0,71.0
2452.538636897644,1.0,1.0,0.0,71.0
2452.5393345720627,1.0,1.0,0.0,71.0
2452.839334572063,1.0,1.0,0.0,71.0
2452.8400322464813,1.0,1.0,0.0,71.0
2453.1400322464815,1.0,1.0,0.0,71.0
2453.1407299209,1.0,1.0,0.0,71.0
2453.4407299209,1.0,1.0,0.0,71.0
2453.4414275953186,1.0,1.0,0.0,71.0
2453.741427595319,1.0,1.0,0.0,71.0
2453.742133477672,1.0,1.0,0.0,71.0
2454.042133477672,1.0,1.0,0.0,71.0
2454.042839360025,1.0,1.0,0.0,71.0
2454.342839360025,1.0,1.0,0.0,71.0
2454.3435452423782,1.0,1.0,0.0,71.0
2454.6435452423784,1.0,1.0,0.0,71.0
2454.6442511247315,1.0,1.0,0.0,71.0
2454.9442511247316,1.0,1.0,0.0,71.0
2454.9449570070847,1.0,1.0,0.0,71.0
2455.244957007085,1.0,1.0,0.0,71.0
2455.245662889438,1.0,1.0,0.0,71.0
2455.545662889438,1.0,1.0,0.0,71.0
2455.546368771791,1.0,1.0,0.0,71.0
2455.8463687717913,1.0,1.0,0.0,71.0
2455.8470746541443,1.0,1.0,0.0,71.0
2456.1470746541445,1.0,1.0,0.0,71.0
2456.1477805364975,1.0,1.0,0.0,71.0
2456.4477805364977,1.0,1.0,0.0,71.0
2456.4484864188507,1.0,1.0,0.0,71.0
2456.748486418851,1.0,1.0,0.0,71.0
2456.749192301204,1.0,1.0,0.0,71.0
2457.049192301204,1.0,1.0,0.0,71.0
2457.049898183557,1.0,1.0,0.0,71.0
2457.3498981835573,1.0,1.0,0.0,71.0
2457.350595857976,1.0,1.0,0.0,71.0
2457.650595857976,1.0,1.0,0.0,71.0
2457.6512935323944,1.0,1.0,0.0,71.0
2457.9512935323946,1.0,1.0,0.0,71.0
2457.951991206813,1.0,1.0,0.0,71.0
2458.2519912068133,1.0,1.0,0.0,71.0
2458.2526888812317,1.0,1.0,0.0,71.0
2458.552688881232,1.0,1.0,0.0,71.0
2458.5533865556504,1.0,1.0,0.0,71.0
2458.8533865556506,1.0,1.0,0.0,71.0
2458.854084230069,1.0,1.0,0.0,71.0
2459.154084230069,1.0,1.0,0.0,71.0
2459.1547819044877,1.0,1.0,0.0,71.0
2459.454781904488,1.0,1.0,0.0,71.0
2459.4554795789063,1.0,1.0,0.0,71.0
2459.7554795789065,1.0,1.0,0.0,71.0
2459.756177253325,1.0,1.0,0.0,71.0
2460.056177253325,1.0,1.0,0.0,71.0
2460.0568749277436,1.0,1.0,0.0,71.0
2460.356874927744,1.0,1.0,0.0,71.0
2460.3575726021622,1.0,1.0,0.0,71.0
2460.6575726021624,1.0,1.0,0.0,71.0
2460.658270276581,1.0,1.0,0.0,71.0
2460.958270276581,1.0,1.0,0.0,71.0
2460.9589679509995,1.0,1.0,0.0,71.0
2461.2589679509997,1.0,1.0,0.0,71.0
2461.259665625418,1.0,1.0,0.0,71.0
2461.5596656254183,1.0,1.0,0.0,71.0
2461.560363299837,1.0,1.0,0.0,71.0
2461.860363299837,1.0,1.0,0.0,71.0
2461.8610609742555,1.0,1.0,0.0,71.0
2462.1610609742556,1.0,1.0,0.0,71.0
2462.161758648674,1.0,1.0,0.0,71.0
2462.4617586486743,1.0,1.0,0.0,71.0
2462.4624563230927,1.0,1.0,0.0,71.0
2462.762456323093,1.0,1.0,0.0,71.0
2462.7631539975114,1.0,1.0,0.0,71.0
2463.0631539975116,1.0,1.0,0.0,71.0
2463.06385167193,1.0,1.0,0.0,71.0
2463.36385167193,1.0,1.0,0.0,71.0
2463.3645493463487,1.0,1.0,0.0,71.0
2463.664549346349,1.0,1.0,0.0,71.0
2463.6652470207673,1.0,1.0,0.0,71.0
2463.9652470207675,1.0,1.0,0.0,71.0
2463.965944695186,1.0,1.0,0.0,71.0
2464.265944695186,1.0,1.0,0.0,71.0
2464.2666423696046,1.0,1.0,0.0,71.0
2464.566642369605,1.0,1.0,0.0,71.0
2464.5673400440232,1.0,1.0,0.0,71.0
2464.8673400440234,1.0,1.0,0.0,71.0
2464.868037718442,1.0,1.0,0.0,71.0
2465.168037718442,1.0,1.0,0.0,71.0
2465.1687353928605,1.0,1.0,0.0,71.0
2465.4687353928607,1.0,1.0,0.0,71.0
2465.469433067279,1.0,1.0,0.0,71.0
2465.7694330672794,1.0,1.0,0.0,71.0
2465.770130741698,1.0,1.0,0.0,71.0
2466.070130741698,1.0,1.0,0.0,71.0
2466.0708284161165,1.0,1.0,0.0,71.0
2466.3708284161166,1.0,1.0,0.0,71.0
2466.371526090535,1.0,1.0,0.0,71.0
2466.6715260905353,1.0,1.0,0.0,71.0
2466.6722237649537,1.0,1.0,0.0,71.0
2466.972223764954,1.0,1.0,0.0,71.0
2466.9729214393724,1.0,1.0,0.0,71.0
2467.2729214393726,1.0,1.0,0.0,71.0
2467.273619113791,1.0,1.0,0.0,71.0
2467.573619113791,1.0,1.0,0.0,71.0
2467.5743167882097,1.0,1.0,0.0,71.0
2467.87431678821,1.0,1.0,0.0,71.0
2467.8750144626283,1.0,1.0,0.0,71.0
2468.1750144626285,1.0,1.0,0.0,71.0
2468.175712137047,1.0,1.0,0.0,71.0
2468.475712137047,1.0,1.0,0.0,71.0
2468.4764098114656,1.0,1.0,0.0,71.0
2468.776409811466,1.0,1.0,0.0,71.0
2468.7771074858842,1.0,1.0,0.0,71.0
2469.0771074858844,1.0,1.0,0.0,71.0
2469.077805160303,1.0,1.0,0.0,71.0
2469.377805160303,1.0,1.0,0.0,71.0
2469.3785028347215,1.0,1.0,0.0,71.0
2469.6785028347217,1.0,1.0,0.0,71.0
2469.67920050914,1.0,1.0,0.0,71.0
2469.9792005091404,1.0,1.0,0.0,71.0
2469.979898183559,1.0,1.0,0.0,71.0
2470.279898183559,1.0,1.0,0.0,71.0
2470.2805958579775,1.0,1.0,0.0,71.0
2470.5805958579776,1.0,1.0,0.0,71.0
2470.581293532396,1.0,1.0,0.0,71.0
2470.8812935323963,1.0,1.0,0.0,71.0
2470.8819912068147,1.0,1.0,0.0,71.0
2471.181991206815,1.0,1.0,0.0,71.0
2471.1826888812334,1.0,1.0,0.0,71.0
2471.4826888812336,1.0,1.0,0.0,71.0
2471.483386555652,1.0,1.0,0.0,71.0
2471.783386555652,1.0,1.0,0.0,71.0
2471.7840842300707,1.0,1.0,0.0,71.0
2472.084084230071,1.0,1.0,0.0,71.0
2472.0847819044893,1.0,1.0,0.0,71.0
2472.3847819044895,1.0,1.0,0.0,71.0
2472.385479578908,1.0,1.0,0.0,71.0
2472.685479578908,1.0,1.0,0.0,71.0
2472.6861772533266,1.0,1.0,0.0,71.0
2472.986177253327,1.0,1.0,0.0,71.0
2472.9868749277452,1.0,1.0,0.0,71.0
2473.2868749277454,1.0,1.0,0.0,71.0
2473.2875645829176,1.0,1.0,0.0,71.0
2473.587564582918,1.0,1.0,0.0,71.0
2473.58825423809,1.0,1.0,0.0,71.0
2473.88825423809,1.0,1.0,0.0,71.0
2473.8889438932624,1.0,1.0,0.0,71.0
2474.1889438932626,1.0,1.0,0.0,71.0
2474.189633548435,1.0,1.0,0.0,71.0
2474.489633548435,1.0,1.0,0.0,71.0
2474.490323203607,1.0,1.0,0.0,71.0
2474.7903232036074,1.0,1.0,0.0,71.0
2474.7910128587796,1.0,1.0,0.0,71.0
2475.09101285878,1.0,1.0,0.0,71.0
2475.091702513952,1.0,1.0,0.0,71.0
2475.391702513952,1.0,1.0,0.0,71.0
2475.3923921691244,1.0,1.0,0.0,71.0
2475.6923921691246,1.0,1.0,0.0,71.0
2475.6930818242968,1.0,1.0,0.0,71.0
2475.993081824297,1.0,1.0,0.0,71.0
2475.993771479469,1.0,1.0,0.0,71.0
2476.2937714794693,1.0,1.0,0.0,71.0
2476.2944611346416,1.0,1.0,0.0,71.0
2476.5944611346417,1.0,1.0,0.0,71.0
2476.595150789814,1.0,1.0,0.0,71.0
2476.895150789814,1.0,1.0,0.0,71.0
2476.8958404449863,1.0,1.0,0.0,71.0
2477.1958404449865,1.0,1.0,0.0,71.0
2477.1965301001587,1.0,1.0,0.0,71.0
2477.496530100159,1.0,1.0,0.0,71.0
2477.497219755331,1.0,1.0,0.0,71.0
2477.7972197553313,1.0,1.0,0.0,71.0
2477.7979094105035,1.0,1.0,0.0,71.0
2478.0979094105037,1.0,1.0,0.0,71.0
2478.098599065676,1.0,1.0,0.0,71.0
2478.398599065676,1.0,1.0,0.0,71.0
2478.3992887208483,1.0,1.0,0.0,71.0
2478.6992887208485,1.0,1.0,0.0,71.0
2478.6999783760207,1.0,1.0,0.0,71.0
2478.999978376021,1.0,1.0,0.0,71.0
2479.000668031193,1.0,1.0,0.0,71.0
2479.3006680311933,1.0,1.0,0.0,71.0
2479.3013576863655,1.0,1.0,0.0,71.0
2479.6013576863656,1.0,1.0,0.0,71.0
2479.602047341538,1.0,1.0,0.0,71.0
2479.902047341538,1.0,1.0,0.0,71.0
2479.9027369967102,1.0,1.0,0.0,71.0
2480.2027369967104,1.0,1.0,0.0,71.0
2480.2034266518826,1.0,1.0,0.0,71.0
2480.503426651883,1.0,1.0,0.0,71.0
2480.504116307055,1.0,1.0,0.0,71.0
2480.804116307055,1.0,1.0,0.0,71.0
2480.8048059622274,1.0,1.0,0.0,71.0
2481.1048059622276,1.0,1.0,0.0,71.0
2481.1054956174,1.0,1.0,0.0,71.0
2481.4054956174,1.0,1.0,0.0,71.0
2481.406185272572,1.0,1.0,0.0,71.0
2481.7061852725724,1.0,1.0,0.0,71.0
2481.7068749277446,1.0,1.0,0.0,71.0
2482.006874927745,1.0,1.0,0.0,71.0
2482.007564582917,1.0,1.0,0.0,71.0
2482.307564582917,1.0,1.0,0.0,71.0
2482.3082542380894,1.0,1.0,0.0,71.0
2482.6082542380896,1.0,1.0,0.0,71.0
2482.6089438932618,1.0,1.0,0.0,71.0
2482.908943893262,1.0,1.0,0.0,71.0
2482.909633548434,1.0,1.0,0.0,71.0
2483.2096335484343,1.0,1.0,0.0,71.0
2483.2103232036065,1.0,1.0,0.0,71.0
2483.5103232036067,1.0,1.0,0.0,71.0
2483.511012858779,1.0,1.0,0.0,71.0
2483.811012858779,1.0,1.0,0.0,71.0
2483.8117025139513,1.0,1.0,0.0,71.0
2484.1117025139515,1.0,1.0,0.0,71.0
2484.1123921691237,1.0,1.0,0.0,71.0
2484.412392169124,1.0,1.0,0.0,71.0
2484.4130898435424,1.0,1.0,0.0,71.0
2484.7130898435425,1.0,1.0,0.0,71.0
2484.713787517961,1.0,1.0,0.0,71.0
2485.013787517961,1.0,1.0,0.0,71.0
2485.0144851923797,1.0,1.0,0.0,71.0
2485.31448519238,1.0,1.0,0.0,71.0
2485.3151828667983,1.0,1.0,0.0,71.0
2485.6151828667985,1.0,1.0,0.0,71.0
2485.615880541217,1.0,1.0,0.0,71.0
2485.915880541217,1.0,1.0,0.0,71.0
2485.9165782156356,1.0,1.0,0.0,71.0
2486.2165782156358,1.0,1.0,0.0,71.0
2486.217275890054,1.0,1.0,0.0,71.0
2486.5172758900544,1.0,1.0,0.0,71.0
2486.517973564473,1.0,1.0,0.0,71.0
2486.817973564473,1.0,1.0,0.0,71.0
2486.8186712388915,1.0,1.0,0.0,71.0
2487.1186712388917,1.0,1.0,0.0,71.0
2487.11936891331,1.0,1.0,0.0,71.0
2487.4193689133103,1.0,1.0,0.0,71.0
2487.420066587729,1.0,1.0,0.0,71.0
2487.720066587729,1.0,1.0,0.0,71.0
2487.7207642621474,1.0,1.0,0.0,71.0
2488.0207642621476,1.0,1.0,0.0,71.0
2488.021461936566,1.0,1.0,0.0,71.0
2488.3214619365663,1.0,1.0,0.0,71.0
2488.3221596109847,1.0,1.0,0.0,71.0
2488.622159610985,1.0,1.0,0.0,71.0
2488.6228572854034,1.0,1.0,0.0,71.0
2488.9228572854036,1.0,1.0,0.0,71.0
2488.923554959822,1.0,1.0,0.0,71.0
2489.223554959822,1.0,1.0,0.0,71.0
2489.2242526342407,1.0,1.0,0.0,71.0
2489.524252634241,1.0,1.0,0.0,71.0
2489.5249503086593,1.0,1.0,0.0,71.0
2489.8249503086595,1.0,1.0,0.0,71.0
2489.825647983078,1.0,1.0,0.0,71.0
2490.125647983078,1.0,1.0,0.0,71.0
2490.1263456574966,1.0,1.0,0.0,71.0
2490.4263456574968,1.0,1.0,0.0,71.0
2490.4270433319152,1.0,1.0,0.0,71.0
2490.7270433319154,1.0,1.0,0.0,71.0
2490.727741006334,1.0,1.0,0.0,71.0
2491.027741006334,1.0,1.0,0.0,71.0
2491.0284386807525,1.0,1.0,0.0,71.0
2491.3284386807527,1.0,1.0,0.0,71.0
2491.329136355171,1.0,1.0,0.0,71.0
2491.6291363551713,1.0,1.0,0.0,71.0
2491.62983402959,1.0,1.0,0.0,71.0
2491.92983402959,1.0,1.0,0.0,71.0
2491.9305317040084,1.0,1.0,0.0,71.0
2492.2305317040086,1.0,1.0,0.0,71.0
2492.231229378427,1.0,1.0,0.0,71.0
2492.5312293784273,1.0,1.0,0.0,71.0
2492.5319270528457,1.0,1.0,0.0,71.0
2492.831927052846,1.0,1.0,0.0,71.0
2492.8326247272644,1.0,1.0,0.0,71.0
2493.1326247272646,1.0,1.0,0.0,71.0
2493.133322401683,1.0,1.0,0.0,71.0
2493.433322401683,1.0,1.0,0.0,71.0
2493.4340200761017,1.0,1.0,0.0,71.0
2493.734020076102,1.0,1.0,0.0,71.0
2493.7347177505203,1.0,1.0,0.0,71.0
2494.0347177505205,1.0,1.0,0.0,71.0
2494.035415424939,1.0,1.0,0.0,71.0
2494.335415424939,1.0,1.0,0.0,71.0
2494.3361130993576,1.0,1.0,0.0,71.0
2494.6361130993578,1.0,1.0,0.0,71.0
2494.6368107737762,1.0,1.0,0.0,71.0
2494.9368107737764,1.0,1.0,0.0,71.0
2494.937508448195,1.0,1.0,0.0,71.0
2495.237508448195,1.0,1.0,0.0,71.0
2495.2382061226135,1.0,1.0,0.0,71.0
2495.5382061226137,1.0,1.0,0.0,71.0
2495.538903797032,1.0,1.0,0.0,71.0
2495.8389037970323,1.0,1.0,0.0,71.0
2495.839601471451,1.0,1.0,0.0,71.0
2496.139601471451,1.0,1.0,0.0,71.0
2496.1402991458694,1.0,1.0,0.0,71.0
2496.4402991458696,1.0,1.0,0.0,71.0
2496.440996820288,1.0,1.0,0.0,71.0
2496.7409968202883,1.0,1.0,0.0,71.0
2496.7416944947067,1.0,1.0,0.0,71.0
2497.041694494707,1.0,1.0,0.0,71.0
2497.0423921691254,1.0,1.0,0.0,71.0
2497.3423921691256,1.0,1.0,0.0,71.0
2497.343089843544,1.0,1.0,0.0,71.0
2497.643089843544,1.0,1.0,0.0,71.0
2497.6437875179627,1.0,1.0,0.0,71.0
2497.943787517963,1.0,1.0,0.0,71.0
2497.9444851923813,1.0,1.0,0.0,71.0
2498.2444851923815,1.0,1.0,0.0,71.0
2498.2451828668,1.0,1.0,0.0,71.0
2498.5451828668,1.0,1.0,0.0,71.0
2498.5458805412186,1.0,1.0,0.0,71.0
2498.845880541219,1.0,1.0,0.0,71.0
2498.8465782156372,1.0,1.0,0.0,71.0
2499.1465782156374,1.0,1.0,0.0,71.0
2499.147275890056,1.0,1.0,0.0,71.0
2499.447275890056,1.0,1.0,0.0,71.0
2499.4479735644745,1.0,1.0,0.0,71.0
2499.7479735644747,1.0,1.0,0.0,71.0
2499.748671238893,1.0,1.0,0.0,71.0
2500.0486712388933,1.0,1.0,0.0,71.0
2500.049368913312,1.0,1.0,0.0,71.0
2500.349368913312,1.0,1.0,0.0,71.0
2500.3500665877305,1.0,1.0,0.0,71.0
2500.6500665877306,1.0,1.0,0.0,71.0
2500.650764262149,1.0,1.0,0.0,71.0
2500.9507642621493,1.0,1.0,0.0,71.0
2500.9514619365677,1.0,1.0,0.0,71.0
2501.251461936568,1.0,1.0,0.0,71.0
2501.2521596109864,1.0,1.0,0.0,71.0
2501.5521596109866,1.0,1.0,0.0,71.0
2501.552857285405,1.0,1.0,0.0,71.0
2501.852857285405,1.0,1.0,0.0,71.0
2501.8535549598237,1.0,1.0,0.0,71.0
2502.153554959824,1.0,1.0,0.0,71.0
2502.1542526342423,1.0,1.0,0.0,71.0
2502.4542526342425,1.0,1.0,0.0,71.0
2502.454950308661,1.0,1.0,0.0,71.0
2502.754950308661,1.0,1.0,0.0,71.0
2502.7556479830796,1.0,1.0,0.0,71.0
2503.05564798308,1.0,1.0,0.0,71.0
2503.0563456574982,1.0,1.0,0.0,71.0
2503.3563456574984,1.0,1.0,0.0,71.0
2503.357043331917,1.0,1.0,0.0,71.0
2503.657043331917,1.0,1.0,0.0,71.0
2503.6577410063355,1.0,1.0,0.0,71.0
2503.9577410063357,1.0,1.0,0.0,71.0
2503.958438680754,1.0,1.0,0.0,71.0
2504.2584386807544,1.0,1.0,0.0,71.0
2504.259136355173,1.0,1.0,0.0,71.0
2504.559136355173,1.0,1.0,0.0,71.0
2504.5598340295915,1.0,1.0,0.0,71.0
2504.8598340295916,1.0,1.0,0.0,71.0
2504.86053170401,1.0,1.0,0.0,71.0
2505.1605317040103,1.0,1.0,0.0,71.0
2505.1612293784287,1.0,1.0,0.0,71.0
2505.461229378429,1.0,1.0,0.0,71.0
2505.4619270528474,1.0,1.0,0.0,71.0
2505.7619270528476,1.0,1.0,0.0,71.0
2505.762624727266,1.0,1.0,0.0,71.0
2506.062624727266,1.0,1.0,0.0,71.0
2506.0633224016847,1.0,1.0,0.0,71.0
2506.363322401685,1.0,1.0,0.0,71.0
2506.3640200761033,1.0,1.0,0.0,71.0
2506.6640200761035,1.0,1.0,0.0,71.0
2506.664717750522,1.0,1.0,0.0,71.0
2506.964717750522,1.0,1.0,0.0,71.0
2506.9654154249406,1.0,1.0,0.0,71.0
2507.265415424941,1.0,1.0,0.0,71.0
2507.2661130993592,1.0,1.0,0.0,71.0
2507.5661130993594,1.0,1.0,0.0,71.0
2507.566810773778,1.0,1.0,0.0,71.0
2507.866810773778,1.0,1.0,0.0,71.0
2507.8675084481965,1.0,1.0,0.0,71.0
2508.1675084481967,1.0,1.0,0.0,71.0
2508.168206122615,1.0,1.0,0.0,71.0
2508.4682061226154,1.0,1.0,0.0,71.0
2508.4689120049684,1.0,1.0,0.0,71.0
2508.7689120049686,1.0,1.0,0.0,71.0
2508.7696178873216,1.0,1.0,0.0,71.0
2509.069617887322,1.0,1.0,0.0,71.0
2509.070323769675,1.0,1.0,0.0,71.0
2509.370323769675,1.0,1.0,0.0,71.0
2509.371029652028,1.0,1.0,0.0,71.0
2509.671029652028,1.0,1.0,0.0,71.0
2509.6717355343812,1.0,1.0,0.0,71.0
2509.9717355343814,1.0,1.0,0.0,71.0
2509.9724414167345,1.0,1.0,0.0,71.0
2510.2724414167346,1.0,1.0,0.0,71.0
2510.2731472990877,1.0,1.0,0.0,71.0
2510.573147299088,1.0,1.0,0.0,71.0
2510.573853181441,1.0,1.0,0.0,71.0
2510.873853181441,1.0,1.0,0.0,71.0
2510.874559063794,1.0,1.0,0.0,71.0
2511.1745590637943,1.0,1.0,0.0,71.0
2511.1752649461473,1.0,1.0,0.0,71.0
2511.4752649461475,1.0,1.0,0.0,71.0
2511.4759708285005,1.0,1.0,0.0,71.0
2511.7759708285007,1.0,1.0,0.0,71.0
2511.7766767108537,1.0,1.0,0.0,71.0
2512.076676710854,1.0,1.0,0.0,71.0
2512.077382593207,1.0,1.0,0.0,71.0
2512.377382593207,1.0,1.0,0.0,71.0
2512.37808847556,1.0,1.0,0.0,71.0
2512.6780884755603,1.0,1.0,0.0,71.0
2512.6787943579134,1.0,1.0,0.0,71.0
2512.9787943579136,1.0,1.0,0.0,71.0
2512.9795002402666,1.0,1.0,0.0,71.0
2513.2795002402668,1.0,1.0,0.0,71.0
2513.28020612262,1.0,1.0,0.0,71.0
2513.58020612262,1.0,1.0,0.0,71.0
2513.580912004973,1.0,1.0,0.0,71.0
2513.880912004973,1.0,1.0,0.0,71.0
2513.8816178873262,1.0,1.0,0.0,71.0
2514.1816178873264,1.0,1.0,0.0,71.0
2514.182332173041,1.0,1.0,0.0,71.0
2514.482332173041,1.0,1.0,0.0,71.0
2514.4830464587553,1.0,1.0,0.0,71.0
2514.7830464587555,1.0,1.0,0.0,71.0
2514.78376074447,1.0,1.0,0.0,71.0
2515.08376074447,1.0,1.0,0.0,71.0
2515.0844750301844,1.0,1.0,0.0,71.0
2515.3844750301846,1.0,1.0,0.0,71.0
2515.385189315899,1.0,1.0,0.0,71.0
2515.685189315899,1.0,1.0,0.0,71.0
2515.6859036016135,1.0,1.0,0.0,71.0
2515.9859036016137,1.0,1.0,0.0,71.0
2515.986617887328,1.0,1.0,0.0,71.0
2516.2866178873282,1.0,1.0,0.0,71.0
2516.2873321730426,1.0,1.0,0.0,71.0
2516.587332173043,1.0,1.0,0.0,71.0
2516.588046458757,1.0,1.0,0.0,71.0
2516.8880464587573,1.0,1.0,0.0,71.0
2516.8887607444717,1.0,1.0,0.0,71.0
2517.188760744472,1.0,1.0,0.0,71.0
2517.1894750301863,1.0,1.0,0.0,71.0
2517.4894750301864,1.0,1.0,0.0,71.0
2517.490189315901,1.0,1.0,0.0,71.0
2517.790189315901,1.0,1.0,0.0,71.0
2517.7909036016154,1.0,1.0,0.0,71.0
2518.0909036016155,1.0,1.0,0.0,71.0
2518.09161788733,1.0,1.0,0.0,71.0
2518.39161788733,1.0,1.0,0.0,71.0
2518.3923321730445,1.0,1.0,0.0,71.0
2518.6923321730446,1.0,1.0,0.0,71.0
2518.693046458759,1.0,1.0,0.0,71.0
2518.993046458759,1.0,1.0,0.0,71.0
2518.9937607444735,1.0,1.0,0.0,71.0
2519.2937607444737,1.0,1.0,0.0,71.0
2519.294475030188,1.0,1.0,0.0,71.0
2519.5944750301883,1.0,1.0,0.0,71.0
2519.5951893159026,1.0,6.0,0.0,71.0
2519.895189315903,1.0,6.0,0.0,71.0
2519.895903601617,1.0,6.0,0.0,71.0
2520.1959036016174,1.0,6.0,0.0,71.0
2520.1966178873317,1.0,6.0,0.0,71.0
2520.496617887332,1.0,6.0,0.0,71.0
2520.4973321730463,1.0,6.0,0.0,71.0
2520.7973321730465,1.0,6.0,0.0,71.0
2520.798046458761,1.0,6.0,0.0,71.0
2521.098046458761,1.0,6.0,0.0,71.0
2521.0987607444754,1.0,6.0,0.0,71.0
2521.3987607444756,1.0,6.0,0.0,71.0
2521.39947503019,1.0,6.0,0.0,71.0
2521.69947503019,1.0,6.0,0.0,71.0
2521.7001893159045,1.0,6.0,0.0,71.0
2522.0001893159047,1.0,6.0,0.0,71.0
2522.000903601619,1.0,6.0,0.0,71.0
2522.300903601619,1.0,6.0,0.0,71.0
2522.3016178873336,1.0,6.0,0.0,71.0
2522.6016178873338,1.0,6.0,0.0,71.0
2522.602332173048,1.0,6.0,0.0,71.0
2522.9023321730483,1.0,6.0,0.0,71.0
2522.9030464587627,1.0,6.0,0.0,71.0
2523.203046458763,1.0,6.0,0.0,71.0
2523.203760744477,1.0,6.0,0.0,71.0
2523.5037607444774,1.0,6.0,0.0,71.0
2523.5044750301918,1.0,6.0,0.0,71.0
2523.804475030192,1.0,6.0,0.0,71.0
2523.8051893159063,1.0,6.0,0.0,71.0
2524.1051893159065,1.0,6.0,0.0,71.0
2524.105903601621,1.0,6.0,0.0,71.0
2524.405903601621,1.0,6.0,0.0,71.0
2524.4066178873354,1.0,6.0,0.0,71.0
2524.7066178873356,1.0,6.0,0.0,71.0
2524.70733217305,1.0,6.0,0.0,71.0
2525.00733217305,1.0,6.0,0.0,71.0
2525.0080464587645,1.0,6.0,0.0,71.0
2525.3080464587647,1.0,6.0,0.0,71.0
2525.308760744479,1.0,6.0,0.0,71.0
2525.6087607444792,1.0,6.0,0.0,71.0
2525.6094750301936,1.0,6.0,0.0,71.0
2525.909475030194,1.0,6.0,0.0,71.0
2525.910189315908,1.0,6.0,0.0,71.0
2526.2101893159083,1.0,6.0,0.0,71.0
2526.2109036016227,1.0,6.0,0.0,71.0
2526.510903601623,1.0,6.0,0.0,71.0
2526.5116178873373,1.0,6.0,0.0,71.0
2526.8116178873374,1.0,6.0,0.0,71.0
2526.812332173052,1.0,6.0,0.0,71.0
2527.112332173052,1.0,6.0,0.0,71.0
2527.1130464587663,1.0,6.0,0.0,71.0
2527.4130464587665,1.0,6.0,0.0,71.0
2527.413760744481,1.0,6.0,0.0,71.0
2527.713760744481,1.0,6.0,0.0,71.0
2527.7144750301954,1.0,6.0,0.0,71.0
2528.0144750301956,1.0,6.0,0.0,71.0
2528.01518931591,1.0,6.0,0.0,71.0
2528.31518931591,1.0,6.0,0.0,71.0
2528.3159036016245,1.0,6.0,0.0,71.0
2528.6159036016247,1.0,6.0,0.0,71.0
2528.616617887339,1.0,6.0,0.0,71.0
2528.9166178873393,1.0,6.0,0.0,71.0
2528.9173321730536,1.0,6.0,0.0,71.0
2529.217332173054,1.0,6.0,0.0,71.0
2529.218046458768,1.0,6.0,0.0,71.0
2529.5180464587684,1.0,6.0,0.0,71.0
2529.5187607444827,1.0,6.0,0.0,71.0
2529.818760744483,1.0,6.0,0.0,71.0
2529.8194750301973,1.0,6.0,0.0,71.0
2530.1194750301975,1.0,6.0,0.0,71.0
2530.120189315912,1.0,6.0,0.0,71.0
2530.420189315912,1.0,6.0,0.0,71.0
2530.4209036016264,1.0,6.0,0.0,71.0
2530.7209036016266,1.0,6.0,0.0,71.0
2530.721617887341,1.0,6.0,0.0,71.0
2531.021617887341,1.0,6.0,0.0,71.0
2531.0223321730555,1.0,6.0,0.0,71.0
2531.3223321730557,1.0,6.0,0.0,71.0
2531.32304645877,1.0,6.0,0.0,71.0
2531.62304645877,1.0,6.0,0.0,71.0
2531.6237607444846,1.0,6.0,0.0,71.0
2531.9237607444848,1.0,6.0,0.0,71.0
2531.924475030199,1.0,6.0,0.0,71.0
2532.2244750301993,1.0,6.0,0.0,71.0
2532.2251893159137,1.0,6.0,0.0,71.0
2532.525189315914,1.0,6.0,0.0,71.0
2532.525903601628,1.0,6.0,0.0,71.0
2532.8259036016284,1.0,6.0,0.0,71.0
2532.8266178873428,1.0,6.0,0.0,71.0
2533.126617887343,1.0,6.0,0.0,71.0
2533.1273321730573,1.0,6.0,0.0,71.0
2533.4273321730575,1.0,6.0,0.0,71.0
2533.428046458772,1.0,6.0,0.0,71.0
2533.728046458772,1.0,6.0,0.0,71.0
2533.7287607444864,1.0,6.0,0.0,71.0
2534.0287607444866,1.0,6.0,0.0,71.0
2534.029475030201,1.0,6.0,0.0,71.0
2534.329475030201,1.0,6.0,0.0,71.0
2534.3301893159155,1.0,6.0,0.0,71.0
2534.6301893159157,1.0,6.0,0.0,71.0
2534.63090360163,1.0,6.0,0.0,71.0
2534.9309036016302,1.0,6.0,0.0,71.0
2534.9316178873446,1.0,6.0,0.0,71.0
2535.231617887345,1.0,6.0,0.0,71.0
2535.232332173059,1.0,6.0,0.0,71.0
2535.5323321730593,1.0,6.0,0.0,71.0
2535.5330464587737,1.0,6.0,0.0,71.0
2535.833046458774,1.0,6.0,0.0,71.0
2535.8337607444882,1.0,6.0,0.0,71.0
2536.1337607444884,1.0,6.0,0.0,71.0
2536.134475030203,1.0,6.0,0.0,71.0
2536.434475030203,1.0,6.0,0.0,71.0
2536.4351893159173,1.0,6.0,0.0,71.0
2536.7351893159175,1.0,6.0,0.0,71.0
2536.735903601632,1.0,6.0,0.0,71.0
2537.035903601632,1.0,6.0,0.0,71.0
2537.0366178873464,1.0,6.0,0.0,71.0
2537.3366178873466,1.0,6.0,0.0,71.0
2537.337332173061,1.0,6.0,0.0,71.0
2537.637332173061,1.0,6.0,0.0,71.0
2537.6380464587755,1.0,6.0,0.0,71.0
2537.9380464587757,1.0,6.0,0.0,71.0
2537.93876074449,1.0,4.0,0.0,72.0
2538.2387607444903,1.0,4.0,0.0,72.0
2538.2394750302046,1.0,4.0,0.0,72.0
2538.539475030205,1.0,4.0,0.0,72.0
2538.540189315919,1.0,4.0,0.0,72.0
2538.8401893159194,1.0,4.0,0.0,72.0
2538.8409036016337,1.0,4.0,0.0,72.0
2539.140903601634,1.0,4.0,0.0,72.0
2539.1416178873483,1.0,4.0,0.0,72.0
2539.4416178873485,1.0,4.0,0.0,72.0
2539.442332173063,1.0,4.0,0.0,72.0
2539.742332173063,1.0,4.0,0.0,72.0
2539.7430464587774,1.0,4.0,0.0,72.0
2540.0430464587776,1.0,4.0,0.0,72.0
2540.043760744492,1.0,4.0,0.0,72.0
2540.343760744492,1.0,4.0,0.0,72.0
2540.3444750302065,1.0,4.0,0.0,72.0
2540.6444750302066,1.0,4.0,0.0,72.0
2540.645189315921,1.0,4.0,0.0,72.0
2540.945189315921,1.0,4.0,0.0,72.0
2540.9459036016356,1.0,4.0,0.0,72.0
2541.2459036016357,1.0,4.0,0.0,72.0
2541.24661788735,1.0,4.0,0.0,72.0
2541.5466178873503,1.0,4.0,0.0,72.0
2541.5473321730647,1.0,4.0,0.0,72.0
2541.847332173065,1.0,4.0,0.0,72.0
2541.848046458779,1.0,4.0,0.0,72.0
2542.1480464587794,1.0,4.0,0.0,72.0
2542.1487607444938,1.0,4.0,0.0,72.0
2542.448760744494,1.0,4.0,0.0,72.0
2542.4494750302083,1.0,4.0,0.0,72.0
2542.7494750302085,1.0,4.0,0.0,72.0
2542.750189315923,1.0,4.0,0.0,72.0
2543.050189315923,1.0,4.0,0.0,72.0
2543.0509036016374,1.0,4.0,0.0,72.0
2543.3509036016376,1.0,4.0,0.0,72.0
2543.351617887352,1.0,4.0,0.0,72.0
2543.651617887352,1.0,4.0,0.0,72.0
2543.6523321730665,1.0,4.0,0.0,72.0
2543.9523321730667,1.0,4.0,0.0,72.0
2543.953046458781,1.0,4.0,0.0,72.0
2544.2530464587812,1.0,4.0,0.0,72.0
2544.2537607444956,1.0,4.0,0.0,72.0
2544.553760744496,1.0,4.0,0.0,72.0
2544.55447503021,1.0,4.0,0.0,72.0
2544.8544750302103,1.0,4.0,0.0,72.0
2544.8551893159247,1.0,4.0,0.0,72.0
2545.155189315925,1.0,4.0,0.0,72.0
2545.1559036016392,1.0,4.0,0.0,72.0
2545.4559036016394,1.0,4.0,0.0,72.0
2545.456617887354,1.0,4.0,0.0,72.0
2545.756617887354,1.0,4.0,0.0,72.0
2545.7573321730683,1.0,4.0,0.0,72.0
2546.0573321730685,1.0,4.0,0.0,72.0
2546.058046458783,1.0,4.0,0.0,72.0
2546.358046458783,1.0,4.0,0.0,72.0
2546.3587607444974,1.0,4.0,0.0,72.0
2546.6587607444976,1.0,4.0,0.0,72.0
2546.659475030212,1.0,2.0,0.0,73.0
2546.959475030212,1.0,2.0,0.0,73.0
2546.9601893159265,1.0,2.0,0.0,73.0
2547.2601893159267,1.0,2.0,0.0,73.0
2547.260903601641,1.0,2.0,0.0,73.0
2547.5609036016413,1.0,2.0,0.0,73.0
2547.5616178873556,1.0,2.0,0.0,73.0
2547.861617887356,1.0,2.0,0.0,73.0
2547.86233217307,1.0,2.0,0.0,73.0
2548.1623321730704,1.0,2.0,0.0,73.0
2548.1630464587847,1.0,2.0,0.0,73.0
2548.463046458785,1.0,2.0,0.0,73.0
2548.4637607444993,1.0,2.0,0.0,73.0
2548.7637607444995,1.0,2.0,0.0,73.0
2548.764475030214,1.0,2.0,0.0,73.0
2549.064475030214,1.0,2.0,0.0,73.0
2549.0651893159284,1.0,2.0,0.0,73.0
2549.3651893159285,1.0,2.0,0.0,73.0
2549.365903601643,1.0,2.0,0.0,73.0
2549.665903601643,1.0,2.0,0.0,73.0
2549.6666178873575,1.0,2.0,0.0,73.0
2549.9666178873576,1.0,2.0,0.0,73.0
2549.967332173072,1.0,2.0,0.0,73.0
2550.267332173072,1.0,2.0,0.0,73.0
2550.2680464587866,1.0,2.0,0.0,73.0
2550.5680464587867,1.0,2.0,0.0,73.0
2550.568760744501,1.0,2.0,0.0,73.0
2550.8687607445013,1.0,2.0,0.0,73.0
2550.8694750302157,1.0,2.0,0.0,73.0
2551.169475030216,1.0,2.0,0.0,73.0
2551.17018931593,1.0,2.0,0.0,73.0
2551.4701893159304,1.0,2.0,0.0,73.0
2551.4709036016447,1.0,2.0,0.0,73.0
2551.770903601645,1.0,2.0,0.0,73.0
2551.7716178873593,1.0,2.0,0.0,73.0
2552.0716178873595,1.0,2.0,0.0,73.0
2552.072332173074,1.0,2.0,0.0,73.0
2552.372332173074,1.0,2.0,0.0,73.0
2552.3730464587884,1.0,2.0,0.0,73.0
2552.6730464587886,1.0,2.0,0.0,73.0
2552.673760744503,1.0,2.0,0.0,73.0
2552.973760744503,1.0,2.0,0.0,73.0
2552.9744750302175,1.0,2.0,0.0,73.0
2553.2744750302177,1.0,2.0,0.0,73.0
2553.275189315932,1.0,2.0,0.0,73.0
2553.575189315932,1.0,2.0,0.0,73.0
2553.5759036016466,1.0,2.0,0.0,73.0
2553.8759036016468,1.0,2.0,0.0,73.0
2553.876617887361,1.0,2.0,0.0,73.0
2554.1766178873613,1.0,2.0,0.0,73.0
2554.1773321730757,1.0,2.0,0.0,73.0
2554.477332173076,1.0,2.0,0.0,73.0
2554.4780464587902,1.0,2.0,0.0,73.0
2554.7780464587904,1.0,2.0,0.0,73.0
2554.778760744505,1.0,2.0,0.0,73.0
2555.078760744505,1.0,2.0,0.0,73.0
2555.0794750302193,1.0,2.0,0.0,73.0
2555.3794750302195,1.0,2.0,0.0,73.0
2555.380189315934,1.0,2.0,0.0,73.0
2555.680189315934,1.0,2.0,0.0,73.0
2555.6809036016484,1.0,2.0,0.0,73.0
2555.9809036016486,1.0,2.0,0.0,73.0
2555.981617887363,1.0,2.0,0.0,73.0
2556.281617887363,1.0,2.0,0.0,73.0
2556.2823321730775,1.0,2.0,0.0,73.0
2556.5823321730777,1.0,2.0,0.0,73.0
2556.583046458792,1.0,2.0,0.0,73.0
2556.8830464587923,1.0,2.0,0.0,73.0
2556.8837607445066,1.0,2.0,0.0,73.0
2557.183760744507,1.0,2.0,0.0,73.0
2557.184475030221,1.0,2.0,0.0,73.0
2557.4844750302213,1.0,2.0,0.0,73.0
2557.4851893159357,1.0,2.0,0.0,73.0
2557.785189315936,1.0,2.0,0.0,73.0
2557.7859036016503,1.0,2.0,0.0,73.0
2558.0859036016504,1.0,2.0,0.0,73.0
2558.086617887365,1.0,2.0,0.0,73.0
2558.386617887365,1.0,2.0,0.0,73.0
2558.3873321730794,1.0,2.0,0.0,73.0
2558.6873321730795,1.0,2.0,0.0,73.0
2558.688046458794,1.0,2.0,0.0,73.0
2558.988046458794,1.0,2.0,0.0,73.0
2558.9887607445085,1.0,2.0,0.0,73.0
2559.2887607445086,1.0,2.0,0.0,73.0
2559.289475030223,1.0,2.0,0.0,73.0
2559.589475030223,1.0,2.0,0.0,73.0
2559.5901893159376,1.0,2.0,0.0,73.0
2559.8901893159377,1.0,2.0,0.0,73.0
2559.890903601652,1.0,2.0,0.0,73.0
2560.1909036016523,1.0,2.0,0.0,73.0
2560.1916178873666,1.0,2.0,0.0,73.0
2560.491617887367,1.0,2.0,0.0,73.0
2560.492332173081,1.0,2.0,0.0,73.0
2560.7923321730814,1.0,2.0,0.0,73.0
2560.7930464587957,1.0,2.0,0.0,73.0
2561.093046458796,1.0,2.0,0.0,73.0
2561.0937607445103,1.0,2.0,0.0,73.0
2561.3937607445105,1.0,2.0,0.0,73.0
2561.394475030225,1.0,2.0,0.0,73.0
2561.694475030225,1.0,2.0,0.0,73.0
2561.6951893159394,1.0,2.0,0.0,73.0
2561.9951893159396,1.0,2.0,0.0,73.0
2561.995903601654,1.0,2.0,0.0,73.0
2562.295903601654,1.0,2.0,0.0,73.0
2562.2966178873685,1.0,2.0,0.0,73.0
2562.5966178873687,1.0,2.0,0.0,73.0
2562.597332173083,1.0,2.0,0.0,73.0
2562.897332173083,1.0,2.0,0.0,73.0
2562.8980464587976,1.0,2.0,0.0,73.0
2563.1980464587978,1.0,2.0,0.0,73.0
2563.198760744512,1.0,2.0,0.0,73.0
2563.4987607445123,1.0,2.0,0.0,73.0
2563.4994750302267,1.0,2.0,0.0,73.0
2563.799475030227,1.0,2.0,0.0,73.0
2563.800189315941,1.0,2.0,0.0,73.0
2564.1001893159414,1.0,2.0,0.0,73.0
2564.100903601656,1.0,2.0,0.0,73.0
2564.400903601656,1.0,2.0,0.0,73.0
2564.4016178873703,1.0,2.0,0.0,73.0
2564.7016178873705,1.0,2.0,0.0,73.0
2564.702332173085,1.0,2.0,0.0,73.0
2565.002332173085,1.0,2.0,0.0,73.0
2565.0030464587994,1.0,2.0,0.0,73.0
2565.3030464587996,1.0,2.0,0.0,73.0
2565.303760744514,1.0,2.0,0.0,73.0
2565.603760744514,1.0,2.0,0.0,73.0
2565.6044750302285,1.0,2.0,0.0,73.0
2565.9044750302287,1.0,2.0,0.0,73.0
2565.905189315943,1.0,2.0,0.0,73.0
2566.2051893159432,1.0,2.0,0.0,73.0
2566.2059036016576,1.0,2.0,0.0,73.0
2566.505903601658,1.0,2.0,0.0,73.0
2566.506617887372,1.0,2.0,0.0,73.0
2566.8066178873723,1.0,2.0,0.0,73.0
2566.8073321730867,1.0,2.0,0.0,73.0
2567.107332173087,1.0,2.0,0.0,73.0
2567.1080464588013,1.0,2.0,0.0,73.0
2567.4080464588014,1.0,2.0,0.0,73.0
2567.408760744516,1.0,2.0,0.0,73.0
2567.708760744516,1.0,2.0,0.0,73.0
2567.7094750302304,1.0,2.0,0.0,73.0
2568.0094750302305,1.0,2.0,0.0,73.0
2568.010189315945,1.0,2.0,0.0,73.0
2568.310189315945,1.0,2.0,0.0,73.0
2568.3109036016594,1.0,2.0,0.0,73.0
2568.6109036016596,1.0,2.0,0.0,73.0
2568.611617887374,1.0,2.0,0.0,73.0
2568.911617887374,1.0,2.0,0.0,73.0
2568.9123321730885,1.0,2.0,0.0,73.0
2569.2123321730887,1.0,2.0,0.0,73.0
2569.213046458803,1.0,2.0,0.0,73.0
2569.5130464588033,1.0,2.0,0.0,73.0
2569.5137607445176,1.0,2.0,0.0,73.0
2569.813760744518,1.0,2.0,0.0,73.0
2569.814475030232,1.0,2.0,0.0,73.0
2570.1144750302324,1.0,2.0,0.0,73.0
2570.1151893159467,1.0,2.0,0.0,73.0
2570.415189315947,1.0,2.0,0.0,73.0
2570.4159036016613,1.0,2.0,0.0,73.0
2570.7159036016615,1.0,2.0,0.0,73.0
2570.716617887376,1.0,2.0,0.0,73.0
2571.016617887376,1.0,2.0,0.0,73.0
2571.0173321730904,1.0,2.0,0.0,73.0
2571.3173321730906,1.0,2.0,0.0,73.0
2571.318046458805,1.0,2.0,0.0,73.0
2571.618046458805,1.0,2.0,0.0,73.0
2571.6187607445195,1.0,2.0,0.0,73.0
2571.9187607445197,1.0,2.0,0.0,73.0
2571.919475030234,1.0,2.0,0.0,73.0
2572.219475030234,1.0,2.0,0.0,73.0
2572.2201893159486,1.0,2.0,0.0,73.0
2572.5201893159488,1.0,2.0,0.0,73.0
2572.520903601663,1.0,2.0,0.0,73.0
2572.8209036016633,1.0,2.0,0.0,73.0
2572.8216178873777,1.0,2.0,0.0,73.0
2573.121617887378,1.0,2.0,0.0,73.0
2573.122332173092,1.0,2.0,0.0,73.0
2573.4223321730924,1.0,2.0,0.0,73.0
2573.4230464588068,1.0,2.0,0.0,73.0
2573.723046458807,1.0,2.0,0.0,73.0
2573.7237607445213,1.0,2.0,0.0,73.0
2574.0237607445215,1.0,2.0,0.0,73.0
2574.024475030236,1.0,2.0,0.0,73.0
2574.324475030236,1.0,2.0,0.0,73.0
2574.3251893159504,1.0,2.0,0.0,73.0
2574.6251893159506,1.0,2.0,0.0,73.0
2574.625903601665,1.0,2.0,0.0,73.0
2574.925903601665,1.0,2.0,0.0,73.0
2574.9266178873795,1.0,2.0,0.0,73.0
2575.2266178873797,1.0,2.0,0.0,73.0
2575.227332173094,1.0,2.0,0.0,73.0
2575.5273321730942,1.0,2.0,0.0,73.0
2575.5280464588086,1.0,2.0,0.0,73.0
2575.828046458809,1.0,2.0,0.0,73.0
2575.828760744523,1.0,2.0,0.0,73.0
2576.1287607445233,1.0,2.0,0.0,73.0
2576.1294750302377,1.0,2.0,0.0,73.0
2576.429475030238,1.0,2.0,0.0,73.0
2576.4301893159522,1.0,2.0,0.0,73.0
2576.7301893159524,1.0,2.0,0.0,73.0
2576.730903601667,1.0,2.0,0.0,73.0
2577.030903601667,1.0,2.0,0.0,73.0
2577.0316178873813,1.0,2.0,0.0,73.0
2577.3316178873815,1.0,2.0,0.0,73.0
2577.332332173096,1.0,2.0,0.0,73.0
2577.632332173096,1.0,2.0,0.0,73.0
2577.6330464588104,1.0,2.0,0.0,73.0
2577.9330464588106,1.0,2.0,0.0,73.0
2577.933760744525,1.0,2.0,0.0,73.0
2578.233760744525,1.0,2.0,0.0,73.0
2578.2344750302395,1.0,2.0,0.0,73.0
2578.5344750302397,1.0,2.0,0.0,73.0
2578.535189315954,1.0,2.0,0.0,73.0
2578.8351893159543,1.0,2.0,0.0,73.0
2578.8359036016686,1.0,2.0,0.0,73.0
2579.135903601669,1.0,2.0,0.0,73.0
2579.136617887383,1.0,2.0,0.0,73.0
2579.4366178873834,1.0,2.0,0.0,73.0
2579.4373321730977,1.0,2.0,0.0,73.0
2579.737332173098,1.0,2.0,0.0,73.0
2579.7380464588123,1.0,2.0,0.0,73.0
2580.0380464588125,1.0,2.0,0.0,73.0
2580.038760744527,1.0,2.0,0.0,73.0
2580.338760744527,1.0,2.0,0.0,73.0
2580.3394750302414,1.0,2.0,0.0,73.0
2580.6394750302416,1.0,2.0,0.0,73.0
2580.640189315956,1.0,2.0,0.0,73.0
2580.940189315956,1.0,2.0,0.0,73.0
2580.9409036016705,1.0,2.0,0.0,73.0
2581.2409036016707,1.0,2.0,0.0,73.0
2581.241617887385,1.0,2.0,0.0,73.0
2581.541617887385,1.0,2.0,0.0,73.0
2581.5423321730996,1.0,2.0,0.0,73.0
2581.8423321730997,1.0,2.0,0.0,73.0
2581.843046458814,1.0,2.0,0.0,73.0
2582.1430464588143,1.0,2.0,0.0,73.0
2582.1437607445287,1.0,2.0,0.0,73.0
2582.443760744529,1.0,2.0,0.0,73.0
2582.444475030243,1.0,2.0,0.0,73.0
2582.7444750302434,1.0,2.0,0.0,73.0
2582.7451893159578,1.0,2.0,0.0,73.0
2583.045189315958,1.0,2.0,0.0,73.0
2583.0459036016723,1.0,2.0,0.0,73.0
2583.3459036016725,1.0,2.0,0.0,73.0
2583.346617887387,1.0,2.0,0.0,73.0
2583.646617887387,1.0,2.0,0.0,73.0
2583.6473321731014,1.0,2.0,0.0,73.0
2583.9473321731016,1.0,2.0,0.0,73.0
2583.948046458816,1.0,2.0,0.0,73.0
2584.248046458816,1.0,2.0,0.0,73.0
2584.2487607445305,1.0,2.0,0.0,73.0
2584.5487607445307,1.0,2.0,0.0,73.0
2584.549475030245,1.0,2.0,0.0,73.0
2584.8494750302452,1.0,2.0,0.0,73.0
2584.8501893159596,1.0,2.0,0.0,73.0
2585.15018931596,1.0,2.0,0.0,73.0
2585.150903601674,1.0,2.0,0.0,73.0
2585.4509036016743,1.0,2.0,0.0,73.0
2585.4516178873887,1.0,2.0,0.0,73.0
2585.751617887389,1.0,2.0,0.0,73.0
2585.7523321731032,1.0,2.0,0.0,73.0
2586.0523321731034,1.0,2.0,0.0,73.0
2586.053046458818,1.0,2.0,0.0,73.0
2586.353046458818,1.0,2.0,0.0,73.0
2586.3537607445323,1.0,2.0,0.0,73.0
2586.6537607445325,1.0,2.0,0.0,73.0
2586.654475030247,1.0,2.0,0.0,73.0
2586.954475030247,1.0,2.0,0.0,73.0
2586.9551893159614,1.0,2.0,0.0,73.0
2587.2551893159616,1.0,2.0,0.0,73.0
2587.255903601676,1.0,2.0,0.0,73.0
2587.555903601676,1.0,2.0,0.0,73.0
2587.5566178873905,1.0,2.0,0.0,73.0
2587.8566178873907,1.0,2.0,0.0,73.0
2587.857332173105,1.0,2.0,0.0,73.0
2588.1573321731053,1.0,2.0,0.0,73.0
2588.1580464588196,1.0,2.0,0.0,73.0
2588.45804645882,1.0,2.0,0.0,73.0
2588.458760744534,1.0,2.0,0.0,73.0
2588.7587607445344,1.0,2.0,0.0,73.0
2588.7594750302487,1.0,2.0,0.0,73.0
2589.059475030249,1.0,2.0,0.0,73.0
2589.0601893159633,1.0,2.0,0.0,73.0
2589.3601893159635,1.0,2.0,0.0,73.0
2589.360903601678,1.0,2.0,0.0,73.0
2589.660903601678,1.0,2.0,0.0,73.0
2589.6616178873924,1.0,2.0,0.0,73.0
2589.9616178873925,1.0,2.0,0.0,73.0
2589.962332173107,1.0,2.0,0.0,73.0
2590.262332173107,1.0,2.0,0.0,73.0
2590.263055064673,1.0,2.0,0.0,73.0
2590.5630550646733,1.0,2.0,0.0,73.0
2590.5637779562394,1.0,2.0,0.0,73.0
2590.8637779562396,1.0,2.0,0.0,73.0
2590.8645008478056,1.0,2.0,0.0,73.0
2591.164500847806,1.0,2.0,0.0,73.0
2591.165223739372,1.0,2.0,0.0,73.0
2591.465223739372,1.0,2.0,0.0,73.0
2591.465946630938,1.0,2.0,0.0,73.0
2591.7659466309383,1.0,2.0,0.0,73.0
2591.7666695225043,1.0,2.0,0.0,73.0
2592.0666695225045,1.0,2.0,0.0,73.0
2592.0673924140706,1.0,2.0,0.0,73.0
2592.3673924140708,1.0,2.0,0.0,73.0
2592.368115305637,1.0,2.0,0.0,73.0
2592.668115305637,1.0,2.0,0.0,73.0
2592.668838197203,1.0,2.0,0.0,73.0
2592.9688381972032,1.0,2.0,0.0,73.0
2592.9695610887693,1.0,2.0,0.0,73.0
2593.2695610887695,1.0,2.0,0.0,73.0
2593.2702839803355,1.0,2.0,0.0,73.0
2593.5702839803357,1.0,2.0,0.0,73.0
2593.571006871902,1.0,2.0,0.0,73.0
2593.871006871902,1.0,2.0,0.0,73.0
2593.871729763468,1.0,2.0,0.0,73.0
2594.171729763468,1.0,2.0,0.0,73.0
2594.1724526550342,1.0,2.0,0.0,73.0
2594.4724526550344,1.0,2.0,0.0,73.0
2594.4731755466005,1.0,2.0,0.0,73.0
2594.7731755466007,1.0,2.0,0.0,73.0
2594.7738984381667,1.0,2.0,0.0,73.0
2595.073898438167,1.0,2.0,0.0,73.0
2595.074621329733,1.0,2.0,0.0,73.0
2595.374621329733,1.0,2.0,0.0,73.0
2595.375344221299,1.0,2.0,0.0,73.0
2595.6753442212994,1.0,2.0,0.0,73.0
2595.6760671128654,1.0,2.0,0.0,73.0
2595.9760671128656,1.0,2.0,0.0,73.0
2595.9767900044317,1.0,2.0,0.0,73.0
2596.276790004432,1.0,2.0,0.0,73.0
2596.277512895998,1.0,2.0,0.0,73.0
2596.577512895998,1.0,2.0,0.0,73.0
2596.578235787564,1.0,2.0,0.0,73.0
2596.8782357875643,1.0,2.0,0.0,73.0
2596.8789586791304,1.0,2.0,0.0,73.0
2597.1789586791306,1.0,2.0,0.0,73.0
2597.1796815706966,1.0,2.0,0.0,73.0
2597.479681570697,1.0,2.0,0.0,73.0
2597.480404462263,1.0,2.0,0.0,73.0
2597.780404462263,1.0,2.0,0.0,73.0
2597.781127353829,1.0,2.0,0.0,73.0
2598.0811273538293,1.0,2.0,0.0,73.0
2598.0818502453953,1.0,2.0,0.0,73.0
2598.3818502453955,1.0,2.0,0.0,73.0
2598.3825731369616,1.0,2.0,0.0,73.0
2598.6825731369618,1.0,2.0,0.0,73.0
2598.683296028528,1.0,2.0,0.0,73.0
2598.983296028528,1.0,2.0,0.0,73.0
2598.984018920094,1.0,2.0,0.0,73.0
2599.2840189200942,1.0,2.0,0.0,73.0
2599.2847418116603,1.0,2.0,0.0,73.0
2599.5847418116605,1.0,2.0,0.0,73.0
2599.5854647032265,1.0,2.0,0.0,73.0
2599.8854647032267,1.0,2.0,0.0,73.0
2599.886187594793,1.0,2.0,0.0,73.0
2600.186187594793,1.0,2.0,0.0,73.0
2600.186910486359,1.0,2.0,0.0,73.0
2600.486910486359,1.0,2.0,0.0,73.0
2600.4876333779252,1.0,2.0,0.0,73.0
2600.7876333779254,1.0,2.0,0.0,73.0
2600.7883562694915,1.0,2.0,0.0,73.0
2601.0883562694917,1.0,2.0,0.0,73.0
2601.0890791610577,1.0,2.0,0.0,73.0
2601.389079161058,1.0,2.0,0.0,73.0
2601.389802052624,1.0,2.0,0.0,73.0
2601.689802052624,1.0,2.0,0.0,73.0
2601.69052494419,1.0,2.0,0.0,73.0
2601.9905249441904,1.0,2.0,0.0,73.0
2601.9912478357564,1.0,2.0,0.0,73.0
2602.2912478357566,1.0,2.0,0.0,73.0
2602.2919707273227,1.0,2.0,0.0,73.0
2602.591970727323,1.0,2.0,0.0,73.0
2602.592693618889,1.0,2.0,0.0,73.0
2602.892693618889,1.0,2.0,0.0,73.0
2602.893416510455,1.0,2.0,0.0,73.0
2603.1934165104553,1.0,2.0,0.0,73.0
2603.1941394020214,1.0,2.0,0.0,73.0
2603.4941394020216,1.0,2.0,0.0,73.0
2603.4948622935876,1.0,2.0,0.0,73.0
2603.794862293588,1.0,2.0,0.0,73.0
2603.795585185154,1.0,2.0,0.0,73.0
2604.095585185154,1.0,2.0,0.0,73.0
2604.09630807672,1.0,2.0,0.0,73.0
2604.3963080767203,1.0,2.0,0.0,73.0
2604.3970309682863,1.0,2.0,0.0,73.0
2604.6970309682865,1.0,2.0,0.0,73.0
2604.6977538598526,1.0,2.0,0.0,73.0
2604.9977538598528,1.0,2.0,0.0,73.0
2604.998476751419,1.0,2.0,0.0,73.0
2605.298476751419,1.0,2.0,0.0,73.0
2605.299199642985,1.0,2.0,0.0,73.0
2605.5991996429852,1.0,2.0,0.0,73.0
2605.5999225345513,1.0,2.0,0.0,73.0
2605.8999225345515,1.0,2.0,0.0,73.0
2605.9006454261175,1.0,2.0,0.0,73.0
2606.2006454261177,1.0,2.0,0.0,73.0
2606.201368317684,1.0,2.0,0.0,73.0
2606.501368317684,1.0,2.0,0.0,73.0
2606.50209120925,1.0,2.0,0.0,73.0
2606.80209120925,1.0,2.0,0.0,73.0
2606.8028141008162,1.0,2.0,0.0,73.0
2607.1028141008164,1.0,2.0,0.0,73.0
2607.1035369923825,1.0,2.0,0.0,73.0
2607.4035369923827,1.0,2.0,0.0,73.0
2607.4042598839487,1.0,2.0,0.0,73.0
2607.704259883949,1.0,2.0,0.0,73.0
2607.704982775515,1.0,2.0,0.0,73.0
2608.004982775515,1.0,2.0,0.0,73.0
2608.005705667081,1.0,2.0,0.0,73.0
2608.3057056670814,1.0,2.0,0.0,73.0
2608.3064285586474,1.0,2.0,0.0,73.0
2608.6064285586476,1.0,2.0,0.0,73.0
2608.6071514502137,1.0,2.0,0.0,73.0
2608.907151450214,1.0,2.0,0.0,73.0
2608.90787434178,1.0,2.0,0.0,73.0
2609.20787434178,1.0,2.0,0.0,73.0
2609.208597233346,1.0,2.0,0.0,73.0
2609.5085972333463,1.0,2.0,0.0,73.0
2609.5093201249124,1.0,2.0,0.0,73.0
2609.8093201249126,1.0,2.0,0.0,73.0
2609.8100430164786,1.0,2.0,0.0,73.0
2610.110043016479,1.0,2.0,0.0,73.0
2610.110765908045,1.0,2.0,0.0,73.0
2610.410765908045,1.0,2.0,0.0,73.0
2610.411488799611,1.0,2.0,0.0,73.0
2610.7114887996113,1.0,2.0,0.0,73.0
2610.7122116911773,1.0,2.0,0.0,73.0
2611.0122116911775,1.0,2.0,0.0,73.0
2611.0129345827436,1.0,2.0,0.0,73.0
2611.3129345827438,1.0,2.0,0.0,73.0
2611.31365747431,1.0,2.0,0.0,73.0
2611.61365747431,1.0,2.0,0.0,73.0
2611.614380365876,1.0,2.0,0.0,73.0
2611.9143803658762,1.0,2.0,0.0,73.0
2611.9151032574423,1.0,2.0,0.0,73.0
2612.2151032574425,1.0,2.0,0.0,73.0
2612.2158261490085,1.0,2.0,0.0,73.0
2612.5158261490087,1.0,2.0,0.0,73.0
2612.516549040575,1.0,2.0,0.0,73.0
2612.816549040575,1.0,2.0,0.0,73.0
2612.817271932141,1.0,2.0,0.0,73.0
2613.117271932141,1.0,2.0,0.0,73.0
2613.1179948237072,1.0,2.0,0.0,73.0
2613.4179948237074,1.0,2.0,0.0,73.0
2613.4187177152735,1.0,2.0,0.0,73.0
2613.7187177152737,1.0,2.0,0.0,73.0
2613.7194406068397,1.0,2.0,0.0,73.0
2614.01944060684,1.0,2.0,0.0,73.0
2614.020163498406,1.0,2.0,0.0,73.0
2614.320163498406,1.0,2.0,0.0,73.0
2614.320886389972,1.0,2.0,0.0,73.0
2614.6208863899724,1.0,2.0,0.0,73.0
2614.6216092815384,1.0,2.0,0.0,73.0
2614.9216092815386,1.0,2.0,0.0,73.0
2614.9223321731047,1.0,2.0,0.0,73.0
2615.222332173105,1.0,2.0,0.0,73.0
2615.223055064671,1.0,2.0,0.0,73.0
2615.523055064671,1.0,2.0,0.0,73.0
2615.523777956237,1.0,2.0,0.0,73.0
2615.8237779562373,1.0,2.0,0.0,73.0
2615.8245008478034,1.0,2.0,0.0,73.0
2616.1245008478036,1.0,2.0,0.0,73.0
2616.1252237393696,1.0,2.0,0.0,73.0
2616.42522373937,1.0,2.0,0.0,73.0
2616.425946630936,1.0,2.0,0.0,73.0
2616.725946630936,1.0,2.0,0.0,73.0
2616.726669522502,1.0,2.0,0.0,73.0
2617.0266695225023,1.0,2.0,0.0,73.0
2617.0273924140683,1.0,2.0,0.0,73.0
2617.3273924140685,1.0,2.0,0.0,73.0
2617.3281153056346,1.0,2.0,0.0,73.0
2617.6281153056348,1.0,2.0,0.0,73.0
2617.628838197201,1.0,2.0,0.0,73.0
2617.928838197201,1.0,2.0,0.0,73.0
2617.929561088767,1.0,2.0,0.0,73.0
2618.2295610887672,1.0,2.0,0.0,73.0
2618.2302839803333,1.0,2.0,0.0,73.0
2618.5302839803335,1.0,2.0,0.0,73.0
2618.5310068718995,1.0,2.0,0.0,73.0
2618.8310068718997,1.0,2.0,0.0,73.0
2618.831729763466,1.0,2.0,0.0,73.0
2619.131729763466,1.0,2.0,0.0,73.0
2619.132452655032,1.0,2.0,0.0,73.0
2619.432452655032,1.0,2.0,0.0,73.0
2619.4331755465982,1.0,2.0,0.0,73.0
2619.7331755465984,1.0,2.0,0.0,73.0
2619.7338984381645,1.0,2.0,0.0,73.0
2620.0338984381647,1.0,2.0,0.0,73.0
2620.0346213297307,1.0,2.0,0.0,73.0
2620.334621329731,1.0,2.0,0.0,73.0
2620.335344221297,1.0,2.0,0.0,73.0
2620.635344221297,1.0,2.0,0.0,73.0
2620.636067112863,1.0,2.0,0.0,73.0
2620.9360671128634,1.0,2.0,0.0,73.0
2620.9367900044294,1.0,2.0,0.0,73.0
2621.2367900044296,1.0,2.0,0.0,73.0
2621.2375128959957,1.0,2.0,0.0,73.0
2621.537512895996,1.0,2.0,0.0,73.0
2621.538235787562,1.0,2.0,0.0,73.0
2621.838235787562,1.0,2.0,0.0,73.0
2621.838958679128,1.0,2.0,0.0,73.0
2622.1389586791283,1.0,2.0,0.0,73.0
2622.1396815706944,1.0,2.0,0.0,73.0
2622.4396815706946,1.0,2.0,0.0,73.0
2622.4404044622606,1.0,2.0,0.0,73.0
2622.740404462261,1.0,2.0,0.0,73.0
2622.741127353827,1.0,2.0,0.0,73.0
2623.041127353827,1.0,2.0,0.0,73.0
2623.041850245393,1.0,2.0,0.0,73.0
2623.3418502453933,1.0,2.0,0.0,73.0
2623.3425731369593,1.0,2.0,0.0,73.0
2623.6425731369595,1.0,2.0,0.0,73.0
2623.6432960285256,1.0,2.0,0.0,73.0
2623.9432960285258,1.0,2.0,0.0,73.0
2623.944018920092,1.0,2.0,0.0,73.0
2624.244018920092,1.0,2.0,0.0,73.0
2624.244741811658,1.0,2.0,0.0,73.0
2624.5447418116582,1.0,2.0,0.0,73.0
2624.5454647032243,1.0,2.0,0.0,73.0
2624.8454647032245,1.0,2.0,0.0,73.0
2624.8461875947905,1.0,2.0,0.0,73.0
2625.1461875947907,1.0,2.0,0.0,73.0
2625.146910486357,1.0,2.0,0.0,73.0
2625.446910486357,1.0,2.0,0.0,73.0
2625.447633377923,1.0,2.0,0.0,73.0
2625.747633377923,1.0,2.0,0.0,73.0
2625.7483562694892,1.0,2.0,0.0,73.0
2626.0483562694894,1.0,2.0,0.0,73.0
2626.0490791610555,1.0,2.0,0.0,73.0
2626.3490791610557,1.0,2.0,0.0,73.0
2626.3498020526217,1.0,2.0,0.0,73.0
2626.649802052622,1.0,2.0,0.0,73.0
2626.650524944188,1.0,2.0,0.0,73.0
2626.950524944188,1.0,2.0,0.0,73.0
2626.951247835754,1.0,2.0,0.0,73.0
2627.2512478357544,1.0,2.0,0.0,73.0
2627.2519707273204,1.0,2.0,0.0,73.0
2627.5519707273206,1.0,2.0,0.0,73.0
2627.5526936188867,1.0,2.0,0.0,73.0
2627.852693618887,1.0,2.0,0.0,73.0
2627.853416510453,1.0,2.0,0.0,73.0
2628.153416510453,1.0,2.0,0.0,73.0
2628.154139402019,1.0,2.0,0.0,73.0
2628.4541394020193,1.0,2.0,0.0,73.0
2628.4548622935854,1.0,2.0,0.0,73.0
2628.7548622935856,1.0,2.0,0.0,73.0
2628.7555851851516,1.0,2.0,0.0,73.0
2629.055585185152,1.0,2.0,0.0,73.0
2629.056308076718,1.0,2.0,0.0,73.0
2629.356308076718,1.0,2.0,0.0,73.0
2629.357030968284,1.0,2.0,0.0,73.0
2629.6570309682843,1.0,2.0,0.0,73.0
2629.6577538598503,1.0,2.0,0.0,73.0
2629.9577538598505,1.0,2.0,0.0,73.0
2629.9584767514166,1.0,2.0,0.0,73.0
2630.2584767514168,1.0,2.0,0.0,73.0
2630.259199642983,1.0,2.0,0.0,73.0
2630.559199642983,1.0,2.0,0.0,73.0
2630.559922534549,1.0,2.0,0.0,73.0
2630.8599225345492,1.0,2.0,0.0,73.0
2630.8606454261153,1.0,2.0,0.0,73.0
2631.1606454261155,1.0,2.0,0.0,73.0
2631.1613683176815,1.0,2.0,0.0,73.0
2631.4613683176817,1.0,2.0,0.0,73.0
2631.462091209248,1.0,2.0,0.0,73.0
2631.762091209248,1.0,2.0,0.0,73.0
2631.762814100814,1.0,2.0,0.0,73.0
2632.062814100814,1.0,2.0,0.0,73.0
2632.0635369923803,1.0,2.0,0.0,73.0
2632.3635369923804,1.0,2.0,0.0,73.0
2632.3642598839465,1.0,2.0,0.0,73.0
2632.6642598839467,1.0,2.0,0.0,73.0
2632.6649827755127,1.0,2.0,0.0,73.0
2632.964982775513,1.0,2.0,0.0,73.0
2632.965705667079,1.0,2.0,0.0,73.0
2633.265705667079,1.0,2.0,0.0,73.0
2633.266428558645,1.0,2.0,0.0,73.0
2633.5664285586454,1.0,2.0,0.0,73.0
2633.5671514502114,1.0,2.0,0.0,73.0
2633.8671514502116,1.0,2.0,0.0,73.0
2633.8678743417777,1.0,2.0,0.0,73.0
2634.167874341778,1.0,2.0,0.0,73.0
2634.168597233344,1.0,2.0,0.0,73.0
2634.468597233344,1.0,2.0,0.0,73.0
2634.46932012491,1.0,2.0,0.0,73.0
2634.7693201249103,1.0,2.0,0.0,73.0
2634.7700430164764,1.0,2.0,0.0,73.0
2635.0700430164766,1.0,2.0,0.0,73.0
2635.0707659080426,1.0,2.0,0.0,73.0
2635.370765908043,1.0,2.0,0.0,73.0
2635.371488799609,1.0,2.0,0.0,73.0
2635.671488799609,1.0,2.0,0.0,73.0
2635.672211691175,1.0,2.0,0.0,73.0
2635.9722116911753,1.0,2.0,0.0,73.0
2635.9729345827413,1.0,2.0,0.0,73.0
2636.2729345827415,1.0,2.0,0.0,73.0
2636.2736574743076,1.0,2.0,0.0,73.0
2636.5736574743078,1.0,2.0,0.0,73.0
2636.574380365874,1.0,2.0,0.0,73.0
2636.874380365874,1.0,2.0,0.0,73.0
2636.87510325744,1.0,2.0,0.0,73.0
2637.1751032574402,1.0,2.0,0.0,73.0
2637.1758261490063,1.0,2.0,0.0,73.0
2637.4758261490065,1.0,2.0,0.0,73.0
2637.4765490405725,1.0,2.0,0.0,73.0
2637.7765490405727,1.0,2.0,0.0,73.0
2637.777271932139,1.0,2.0,0.0,73.0
2638.077271932139,1.0,2.0,0.0,73.0
2638.077994823705,1.0,2.0,0.0,73.0
2638.377994823705,1.0,2.0,0.0,73.0
2638.3787177152713,1.0,2.0,0.0,73.0
2638.6787177152714,1.0,2.0,0.0,73.0
2638.6794406068375,1.0,2.0,0.0,73.0
2638.9794406068377,1.0,2.0,0.0,73.0
2638.9801634984037,1.0,2.0,0.0,73.0
2639.280163498404,1.0,2.0,0.0,73.0
2639.28088638997,1.0,2.0,0.0,73.0
2639.58088638997,1.0,2.0,0.0,73.0
2639.581609281536,1.0,2.0,0.0,73.0
2639.8816092815364,1.0,2.0,0.0,73.0
2639.8823321731024,1.0,2.0,0.0,73.0
2640.1823321731026,1.0,2.0,0.0,73.0
2640.1830550646687,1.0,2.0,0.0,73.0
2640.483055064669,1.0,2.0,0.0,73.0
2640.483777956235,1.0,2.0,0.0,73.0
2640.783777956235,1.0,2.0,0.0,73.0
2640.784500847801,1.0,2.0,0.0,73.0
2641.0845008478013,1.0,2.0,0.0,73.0
2641.0852237393674,1.0,2.0,0.0,73.0
2641.3852237393676,1.0,2.0,0.0,73.0
2641.3859466309336,1.0,2.0,0.0,73.0
2641.685946630934,1.0,2.0,0.0,73.0
2641.6866695225,1.0,2.0,0.0,73.0
2641.9866695225,1.0,2.0,0.0,73.0
2641.987392414066,1.0,2.0,0.0,73.0
2642.2873924140663,1.0,2.0,0.0,73.0
2642.2881153056323,1.0,2.0,0.0,73.0
2642.5881153056325,1.0,2.0,0.0,73.0
2642.5888381971986,1.0,2.0,0.0,73.0
2642.8888381971988,1.0,2.0,0.0,73.0
2642.889561088765,1.0,2.0,0.0,73.0
2643.189561088765,1.0,2.0,0.0,73.0
2643.190283980331,1.0,2.0,0.0,73.0
2643.4902839803312,1.0,2.0,0.0,73.0
2643.4910068718973,1.0,2.0,0.0,73.0
2643.7910068718975,1.0,2.0,0.0,73.0
2643.7917297634635,1.0,2.0,0.0,73.0
2644.0917297634637,1.0,2.0,0.0,73.0
2644.09245265503,1.0,2.0,0.0,73.0
2644.39245265503,1.0,2.0,0.0,73.0
2644.393175546596,1.0,2.0,0.0,73.0
2644.693175546596,1.0,2.0,0.0,73.0
2644.6938984381623,1.0,2.0,0.0,73.0
2644.9938984381624,1.0,2.0,0.0,73.0
2644.9946213297285,1.0,2.0,0.0,73.0
2645.2946213297287,1.0,2.0,0.0,73.0
2645.2953442212947,1.0,2.0,0.0,73.0
2645.595344221295,1.0,2.0,0.0,73.0
2645.596067112861,1.0,2.0,0.0,73.0
2645.896067112861,1.0,2.0,0.0,73.0
2645.896790004427,1.0,2.0,0.0,73.0
2646.1967900044274,1.0,2.0,0.0,73.0
2646.1975128959934,1.0,2.0,0.0,73.0
2646.4975128959936,1.0,2.0,0.0,73.0
2646.4982357875597,1.0,2.0,0.0,73.0
2646.79823578756,1.0,2.0,0.0,73.0
2646.798958679126,1.0,2.0,0.0,73.0
2647.098958679126,1.0,2.0,0.0,73.0
2647.099681570692,1.0,2.0,0.0,73.0
2647.3996815706923,1.0,2.0,0.0,73.0
2647.4004044622584,1.0,2.0,0.0,73.0
2647.7004044622586,1.0,2.0,0.0,73.0
2647.7011273538246,1.0,2.0,0.0,73.0
2648.001127353825,1.0,2.0,0.0,73.0
2648.001850245391,1.0,2.0,0.0,73.0
2648.301850245391,1.0,2.0,0.0,73.0
2648.302573136957,1.0,2.0,0.0,73.0
2648.6025731369573,1.0,2.0,0.0,73.0
2648.6032960285233,1.0,2.0,0.0,73.0
2648.9032960285235,1.0,2.0,0.0,73.0
2648.9040189200896,1.0,2.0,0.0,73.0
2649.2040189200898,1.0,2.0,0.0,73.0
2649.204741811656,1.0,2.0,0.0,73.0
2649.504741811656,1.0,2.0,0.0,73.0
2649.505464703222,1.0,2.0,0.0,73.0
2649.8054647032222,1.0,2.0,0.0,73.0
2649.8061875947883,1.0,2.0,0.0,73.0
2650.1061875947885,1.0,2.0,0.0,73.0
2650.1069104863545,1.0,2.0,0.0,73.0
2650.4069104863547,1.0,2.0,0.0,73.0
2650.407633377921,1.0,2.0,0.0,73.0
2650.707633377921,1.0,2.0,0.0,73.0
2650.708356269487,1.0,2.0,0.0,73.0
2651.008356269487,1.0,2.0,0.0,73.0
2651.0090791610533,1.0,2.0,0.0,73.0
2651.3090791610534,1.0,2.0,0.0,73.0
2651.3098020526195,1.0,2.0,0.0,73.0
2651.6098020526197,1.0,2.0,0.0,73.0
2651.6105249441857,1.0,2.0,0.0,73.0
2651.910524944186,1.0,2.0,0.0,73.0
2651.911247835752,1.0,2.0,0.0,73.0
2652.211247835752,1.0,2.0,0.0,73.0
2652.211970727318,1.0,2.0,0.0,73.0
2652.5119707273184,1.0,2.0,0.0,73.0
2652.5126936188844,1.0,2.0,0.0,73.0
2652.8126936188846,1.0,2.0,0.0,73.0
2652.8134165104507,1.0,2.0,0.0,73.0
2653.113416510451,1.0,2.0,0.0,73.0
2653.114139402017,1.0,2.0,0.0,73.0
2653.414139402017,1.0,2.0,0.0,73.0
2653.414862293583,1.0,2.0,0.0,73.0
2653.7148622935833,1.0,2.0,0.0,73.0
2653.7155851851494,1.0,2.0,0.0,73.0
2654.0155851851496,1.0,2.0,0.0,73.0
2654.0163080767156,1.0,2.0,0.0,73.0
2654.316308076716,1.0,2.0,0.0,73.0
2654.317030968282,1.0,2.0,0.0,73.0
2654.617030968282,1.0,2.0,0.0,73.0
2654.617753859848,1.0,2.0,0.0,73.0
2654.9177538598483,1.0,2.0,0.0,73.0
2654.9184767514143,1.0,2.0,0.0,73.0
2655.2184767514145,1.0,2.0,0.0,73.0
2655.2191996429806,1.0,2.0,0.0,73.0
2655.5191996429808,1.0,2.0,0.0,73.0
2655.519922534547,1.0,2.0,0.0,73.0
2655.819922534547,1.0,2.0,0.0,73.0
2655.820645426113,1.0,2.0,0.0,73.0
2656.1206454261132,1.0,2.0,0.0,73.0
2656.1213683176793,1.0,2.0,0.0,73.0
2656.4213683176795,1.0,2.0,0.0,73.0
2656.4220912092455,1.0,2.0,0.0,73.0
2656.7220912092457,1.0,2.0,0.0,73.0
2656.722814100812,1.0,2.0,0.0,73.0
2657.022814100812,1.0,2.0,0.0,73.0
2657.023536992378,1.0,2.0,0.0,73.0
2657.323536992378,1.0,2.0,0.0,73.0
2657.3242598839443,1.0,2.0,0.0,73.0
2657.6242598839444,1.0,2.0,0.0,73.0
2657.6249827755105,1.0,2.0,0.0,73.0
2657.9249827755107,1.0,2.0,0.0,73.0
2657.9257056670767,1.0,2.0,0.0,73.0
2658.225705667077,1.0,2.0,0.0,73.0
2658.226428558643,1.0,2.0,0.0,73.0
2658.526428558643,1.0,2.0,0.0,73.0
2658.527151450209,1.0,2.0,0.0,73.0
2658.8271514502094,1.0,2.0,0.0,73.0
2658.8278743417754,1.0,2.0,0.0,73.0
2659.1278743417756,1.0,2.0,0.0,73.0
2659.1285972333417,1.0,2.0,0.0,73.0
2659.428597233342,1.0,2.0,0.0,73.0
2659.429320124908,1.0,2.0,0.0,73.0
2659.729320124908,1.0,2.0,0.0,73.0
2659.730043016474,1.0,2.0,0.0,73.0
2660.0300430164743,1.0,2.0,0.0,73.0
2660.0307659080404,1.0,2.0,0.0,73.0
2660.3307659080406,1.0,2.0,0.0,73.0
2660.3314887996066,1.0,2.0,0.0,73.0
2660.631488799607,1.0,2.0,0.0,73.0
2660.632211691173,1.0,2.0,0.0,73.0
2660.932211691173,1.0,2.0,0.0,73.0
2660.932934582739,1.0,2.0,0.0,73.0
2661.2329345827393,1.0,2.0,0.0,73.0
2661.2336574743053,1.0,2.0,0.0,73.0
2661.5336574743055,1.0,2.0,0.0,73.0
2661.5343803658716,1.0,2.0,0.0,73.0
2661.8343803658718,1.0,2.0,0.0,73.0
2661.835103257438,1.0,2.0,0.0,73.0
2662.135103257438,1.0,2.0,0.0,73.0
2662.135826149004,1.0,2.0,0.0,73.0
2662.4358261490042,1.0,2.0,0.0,73.0
2662.4365490405703,1.0,2.0,0.0,73.0
2662.7365490405705,1.0,2.0,0.0,73.0
2662.7372719321365,1.0,2.0,0.0,73.0
2663.0372719321367,1.0,2.0,0.0,73.0
2663.037994823703,1.0,2.0,0.0,73.0
2663.337994823703,1.0,2.0,0.0,73.0
2663.338717715269,1.0,2.0,0.0,73.0
2663.638717715269,1.0,2.0,0.0,73.0
2663.6394406068353,1.0,2.0,0.0,73.0
2663.9394406068354,1.0,2.0,0.0,73.0
2663.9401634984015,1.0,2.0,0.0,73.0
2664.2401634984017,1.0,2.0,0.0,73.0
2664.2408863899677,1.0,2.0,0.0,73.0
2664.540886389968,1.0,2.0,0.0,73.0
2664.541609281534,1.0,2.0,0.0,73.0
2664.841609281534,1.0,2.0,0.0,73.0
2664.8423321731,1.0,2.0,0.0,73.0
2665.1423321731004,1.0,2.0,0.0,73.0
2665.1430550646664,1.0,2.0,0.0,73.0
2665.4430550646666,1.0,2.0,0.0,73.0
2665.4437779562327,1.0,2.0,0.0,73.0
2665.743777956233,1.0,2.0,0.0,73.0
2665.744500847799,1.0,2.0,0.0,73.0
2666.044500847799,1.0,2.0,0.0,73.0
2666.045223739365,1.0,2.0,0.0,73.0
2666.3452237393653,1.0,2.0,0.0,73.0
2666.3459466309314,1.0,2.0,0.0,73.0
2666.6459466309316,1.0,2.0,0.0,73.0
2666.6466695224976,1.0,2.0,0.0,73.0
2666.946669522498,1.0,2.0,0.0,73.0
2666.947392414064,1.0,2.0,0.0,73.0
2667.247392414064,1.0,2.0,0.0,73.0
2667.24811530563,1.0,2.0,0.0,73.0
2667.5481153056303,1.0,2.0,0.0,73.0
2667.5488381971963,1.0,2.0,0.0,73.0
2667.8488381971965,1.0,2.0,0.0,73.0
2667.8495610887626,1.0,2.0,0.0,73.0
2668.1495610887628,1.0,2.0,0.0,73.0
2668.150283980329,1.0,2.0,0.0,73.0
2668.450283980329,1.0,2.0,0.0,73.0
2668.451006871895,1.0,2.0,0.0,73.0
2668.7510068718952,1.0,2.0,0.0,73.0
2668.7517297634613,1.0,2.0,0.0,73.0
2669.0517297634615,1.0,2.0,0.0,73.0
2669.0524526550275,1.0,2.0,0.0,73.0
2669.3524526550277,1.0,2.0,0.0,73.0
2669.353175546594,1.0,2.0,0.0,73.0
2669.653175546594,1.0,2.0,0.0,73.0
2669.65389843816,1.0,2.0,0.0,73.0
2669.95389843816,1.0,2.0,0.0,73.0
2669.9546213297263,1.0,2.0,0.0,73.0
2670.2546213297264,1.0,2.0,0.0,73.0
2670.2553442212925,1.0,2.0,0.0,73.0
2670.5553442212927,1.0,2.0,0.0,73.0
2670.5560671128587,1.0,2.0,0.0,73.0
2670.856067112859,1.0,2.0,0.0,73.0
2670.856790004425,1.0,2.0,0.0,73.0
2671.156790004425,1.0,2.0,0.0,73.0
2671.157512895991,1.0,2.0,0.0,73.0
2671.4575128959914,1.0,2.0,0.0,73.0
2671.4582357875574,1.0,2.0,0.0,73.0
2671.7582357875576,1.0,2.0,0.0,73.0
2671.7589586791237,1.0,2.0,0.0,73.0
2672.058958679124,1.0,2.0,0.0,73.0
2672.05968157069,1.0,2.0,0.0,73.0
2672.35968157069,1.0,2.0,0.0,73.0
2672.3603958564045,1.0,2.0,0.0,73.0
2672.6603958564046,1.0,2.0,0.0,73.0
2672.661110142119,1.0,2.0,0.0,73.0
2672.961110142119,1.0,2.0,0.0,73.0
2672.9618244278336,1.0,2.0,0.0,73.0
2673.2618244278337,1.0,2.0,0.0,73.0
2673.262538713548,1.0,2.0,0.0,73.0
2673.5625387135483,1.0,2.0,0.0,73.0
2673.5632529992627,1.0,2.0,0.0,73.0
2673.863252999263,1.0,2.0,0.0,73.0
2673.863967284977,1.0,2.0,0.0,73.0
2674.1639672849774,1.0,2.0,0.0,73.0
2674.1646815706918,1.0,2.0,0.0,73.0
2674.464681570692,1.0,2.0,0.0,73.0
2674.4653958564063,1.0,2.0,0.0,73.0
2674.7653958564065,1.0,2.0,0.0,73.0
2674.766110142121,1.0,2.0,0.0,73.0
2675.066110142121,1.0,2.0,0.0,73.0
2675.0668244278354,1.0,2.0,0.0,73.0
2675.3668244278356,1.0,2.0,0.0,73.0
2675.36753871355,1.0,2.0,0.0,73.0
2675.66753871355,1.0,2.0,0.0,73.0
2675.6682529992645,1.0,2.0,0.0,73.0
2675.9682529992647,1.0,2.0,0.0,73.0
2675.968967284979,1.0,2.0,0.0,73.0
2676.268967284979,1.0,2.0,0.0,73.0
2676.2696815706936,1.0,2.0,0.0,73.0
2676.569681570694,1.0,2.0,0.0,73.0
2676.570395856408,1.0,2.0,0.0,73.0
2676.8703958564083,1.0,2.0,0.0,73.0
2676.8711101421227,1.0,2.0,0.0,73.0
2677.171110142123,1.0,2.0,0.0,73.0
2677.1718244278372,1.0,2.0,0.0,73.0
2677.4718244278374,1.0,2.0,0.0,73.0
2677.472538713552,1.0,2.0,0.0,73.0
2677.772538713552,1.0,2.0,0.0,73.0
2677.7732529992663,1.0,2.0,0.0,73.0
2678.0732529992665,1.0,2.0,0.0,73.0
2678.073967284981,1.0,2.0,0.0,73.0
2678.373967284981,1.0,2.0,0.0,73.0
2678.3746815706954,1.0,2.0,0.0,73.0
2678.6746815706956,1.0,2.0,0.0,73.0
2678.67539585641,1.0,2.0,0.0,73.0
2678.97539585641,1.0,2.0,0.0,73.0
2678.9761101421245,1.0,2.0,0.0,73.0
2679.2761101421247,1.0,2.0,0.0,73.0
2679.276824427839,1.0,2.0,0.0,73.0
2679.5768244278393,1.0,2.0,0.0,73.0
2679.5775387135536,1.0,2.0,0.0,73.0
2679.877538713554,1.0,2.0,0.0,73.0
2679.878252999268,1.0,2.0,0.0,73.0
2680.1782529992684,1.0,2.0,0.0,73.0
2680.1789672849827,1.0,2.0,0.0,73.0
2680.478967284983,1.0,2.0,0.0,73.0
2680.4796815706973,1.0,2.0,0.0,73.0
2680.7796815706974,1.0,2.0,0.0,73.0
2680.780395856412,1.0,2.0,0.0,73.0
2681.080395856412,1.0,2.0,0.0,73.0
2681.0811101421264,1.0,2.0,0.0,73.0
2681.3811101421265,1.0,2.0,0.0,73.0
2681.381824427841,1.0,2.0,0.0,73.0
2681.681824427841,1.0,2.0,0.0,73.0
2681.6825387135555,1.0,2.0,0.0,73.0
2681.9825387135556,1.0,2.0,0.0,73.0
2681.98325299927,1.0,2.0,0.0,73.0
2682.28325299927,1.0,2.0,0.0,73.0
2682.2839672849846,1.0,2.0,0.0,73.0
2682.5839672849847,1.0,2.0,0.0,73.0
2682.584681570699,1.0,2.0,0.0,73.0
2682.8846815706993,1.0,2.0,0.0,73.0
2682.8853958564137,1.0,2.0,0.0,73.0
2683.185395856414,1.0,2.0,0.0,73.0
2683.186110142128,1.0,2.0,0.0,73.0
2683.4861101421284,1.0,2.0,0.0,73.0
2683.4868244278427,1.0,2.0,0.0,73.0
2683.786824427843,1.0,2.0,0.0,73.0
2683.7875387135573,1.0,2.0,0.0,73.0
2684.0875387135575,1.0,2.0,0.0,73.0
2684.088252999272,1.0,2.0,0.0,73.0
2684.388252999272,1.0,2.0,0.0,73.0
2684.3889672849864,1.0,2.0,0.0,73.0
2684.6889672849866,1.0,2.0,0.0,73.0
2684.689681570701,1.0,2.0,0.0,73.0
2684.989681570701,1.0,2.0,0.0,73.0
2684.9903958564155,1.0,2.0,0.0,73.0
2685.2903958564157,1.0,2.0,0.0,73.0
2685.29111014213,1.0,2.0,0.0,73.0
2685.59111014213,1.0,2.0,0.0,73.0
2685.5918244278446,1.0,2.0,0.0,73.0
2685.8918244278448,1.0,2.0,0.0,73.0
2685.892538713559,1.0,2.0,0.0,73.0
2686.1925387135593,1.0,2.0,0.0,73.0
2686.1932529992737,1.0,2.0,0.0,73.0
2686.493252999274,1.0,2.0,0.0,73.0
2686.4939672849882,1.0,2.0,0.0,73.0
2686.7939672849884,1.0,2.0,0.0,73.0
2686.794681570703,1.0,2.0,0.0,73.0
2687.094681570703,1.0,2.0,0.0,73.0
2687.0953958564173,1.0,2.0,0.0,73.0
2687.3953958564175,1.0,2.0,0.0,73.0
2687.396110142132,1.0,2.0,0.0,73.0
2687.696110142132,1.0,2.0,0.0,73.0
2687.6968244278464,1.0,2.0,0.0,73.0
2687.9968244278466,1.0,2.0,0.0,73.0
2687.997538713561,1.0,2.0,0.0,73.0
2688.297538713561,1.0,2.0,0.0,73.0
2688.2982529992755,1.0,2.0,0.0,73.0
2688.5982529992757,1.0,2.0,0.0,73.0
2688.59896728499,1.0,2.0,0.0,73.0
2688.8989672849902,1.0,2.0,0.0,73.0
2688.8996815707046,1.0,2.0,0.0,73.0
2689.199681570705,1.0,2.0,0.0,73.0
2689.200395856419,1.0,2.0,0.0,73.0
2689.5003958564193,1.0,2.0,0.0,73.0
2689.5011101421337,1.0,2.0,0.0,73.0
2689.801110142134,1.0,2.0,0.0,73.0
2689.8018244278483,1.0,2.0,0.0,73.0
2690.1018244278484,1.0,2.0,0.0,73.0
2690.102538713563,1.0,2.0,0.0,73.0
2690.402538713563,1.0,2.0,0.0,73.0
2690.4032529992774,1.0,2.0,0.0,73.0
2690.7032529992775,1.0,2.0,0.0,73.0
2690.703967284992,1.0,2.0,0.0,73.0
2691.003967284992,1.0,2.0,0.0,73.0
2691.0046815707065,1.0,2.0,0.0,73.0
2691.3046815707066,1.0,2.0,0.0,73.0
2691.305395856421,1.0,2.0,0.0,73.0
2691.605395856421,1.0,2.0,0.0,73.0
2691.6061101421355,1.0,2.0,0.0,73.0
2691.9061101421357,1.0,2.0,0.0,73.0
2691.90682442785,1.0,2.0,0.0,73.0
2692.2068244278503,1.0,2.0,0.0,73.0
2692.2075387135646,1.0,2.0,0.0,73.0
2692.507538713565,1.0,2.0,0.0,73.0
2692.508252999279,1.0,2.0,0.0,73.0
2692.8082529992794,1.0,2.0,0.0,73.0
2692.8089672849937,1.0,2.0,0.0,73.0
2693.108967284994,1.0,2.0,0.0,73.0
2693.1096815707083,1.0,2.0,0.0,73.0
2693.4096815707085,1.0,2.0,0.0,73.0
2693.410395856423,1.0,2.0,0.0,73.0
2693.710395856423,1.0,2.0,0.0,73.0
2693.7111101421374,1.0,2.0,0.0,73.0
2694.0111101421376,1.0,2.0,0.0,73.0
2694.011824427852,1.0,2.0,0.0,73.0
2694.311824427852,1.0,2.0,0.0,73.0
2694.3125387135665,1.0,2.0,0.0,73.0
2694.6125387135667,1.0,2.0,0.0,73.0
2694.613252999281,1.0,2.0,0.0,73.0
2694.913252999281,1.0,2.0,0.0,73.0
2694.9139672849956,1.0,2.0,0.0,73.0
2695.2139672849958,1.0,2.0,0.0,73.0
2695.21468157071,1.0,2.0,0.0,73.0
2695.5146815707103,1.0,2.0,0.0,73.0
2695.5153958564247,1.0,2.0,0.0,73.0
2695.815395856425,1.0,2.0,0.0,73.0
2695.816110142139,1.0,2.0,0.0,73.0
2696.1161101421394,1.0,2.0,0.0,73.0
2696.1168244278538,1.0,2.0,0.0,73.0
2696.416824427854,1.0,2.0,0.0,73.0
2696.4175387135683,1.0,2.0,0.0,73.0
2696.7175387135685,1.0,2.0,0.0,73.0
2696.718252999283,1.0,2.0,0.0,73.0
2697.018252999283,1.0,2.0,0.0,73.0
2697.0189672849974,1.0,2.0,0.0,73.0
2697.3189672849976,1.0,2.0,0.0,73.0
2697.319681570712,1.0,2.0,0.0,73.0
2697.619681570712,1.0,2.0,0.0,73.0
2697.6203958564265,1.0,2.0,0.0,73.0
2697.9203958564267,1.0,2.0,0.0,73.0
2697.921110142141,1.0,2.0,0.0,73.0
2698.2211101421412,1.0,2.0,0.0,73.0
2698.2218244278556,1.0,2.0,0.0,73.0
2698.521824427856,1.0,2.0,0.0,73.0
2698.52253871357,1.0,2.0,0.0,73.0
2698.8225387135703,1.0,2.0,0.0,73.0
2698.8232529992847,1.0,2.0,0.0,73.0
2699.123252999285,1.0,2.0,0.0,73.0
2699.1239672849993,1.0,2.0,0.0,73.0
2699.4239672849994,1.0,2.0,0.0,73.0
2699.424681570714,1.0,2.0,0.0,73.0
2699.724681570714,1.0,2.0,0.0,73.0
2699.7253958564283,1.0,2.0,0.0,73.0
2700.0253958564285,1.0,2.0,0.0,73.0
2700.026110142143,1.0,2.0,0.0,73.0
2700.326110142143,1.0,2.0,0.0,73.0
2700.3268244278574,1.0,2.0,0.0,73.0
2700.6268244278576,1.0,2.0,0.0,73.0
2700.627538713572,1.0,2.0,0.0,73.0
2700.927538713572,1.0,2.0,0.0,73.0
2700.9282529992865,1.0,2.0,0.0,73.0
2701.2282529992867,1.0,2.0,0.0,73.0
2701.228967285001,1.0,2.0,0.0,73.0
2701.5289672850013,1.0,2.0,0.0,73.0
2701.5296815707156,1.0,2.0,0.0,73.0
2701.829681570716,1.0,2.0,0.0,73.0
2701.83039585643,1.0,2.0,0.0,73.0
2702.1303958564304,1.0,2.0,0.0,73.0
2702.1311101421447,1.0,2.0,0.0,73.0
2702.431110142145,1.0,2.0,0.0,73.0
2702.4318244278593,1.0,2.0,0.0,73.0
2702.7318244278595,1.0,2.0,0.0,73.0
2702.732538713574,1.0,2.0,0.0,73.0
2703.032538713574,1.0,2.0,0.0,73.0
2703.0332529992884,1.0,2.0,0.0,73.0
2703.3332529992886,1.0,2.0,0.0,73.0
2703.333967285003,1.0,2.0,0.0,73.0
2703.633967285003,1.0,2.0,0.0,73.0
2703.6346815707175,1.0,2.0,0.0,73.0
2703.9346815707177,1.0,2.0,0.0,73.0
2703.935395856432,1.0,2.0,0.0,73.0
2704.235395856432,1.0,2.0,0.0,73.0
2704.2361101421466,1.0,2.0,0.0,73.0
2704.5361101421468,1.0,2.0,0.0,73.0
2704.536824427861,1.0,2.0,0.0,73.0
2704.8368244278613,1.0,2.0,0.0,73.0
2704.8375387135757,1.0,2.0,0.0,73.0
2705.137538713576,1.0,2.0,0.0,73.0
2705.13825299929,1.0,7.0,0.0,73.0
2705.4382529992904,1.0,7.0,0.0,73.0
2705.4389672850048,1.0,7.0,0.0,73.0
2705.738967285005,1.0,7.0,0.0,73.0
2705.7396815707193,1.0,7.0,0.0,73.0
2706.0396815707195,1.0,7.0,0.0,73.0
2706.040395856434,1.0,7.0,0.0,73.0
2706.340395856434,1.0,7.0,0.0,73.0
2706.3411101421484,1.0,7.0,0.0,73.0
2706.6411101421486,1.0,7.0,0.0,73.0
2706.641824427863,1.0,7.0,0.0,73.0
2706.941824427863,1.0,7.0,0.0,73.0
2706.9425387135775,1.0,7.0,0.0,73.0
2707.2425387135777,1.0,7.0,0.0,73.0
2707.243252999292,1.0,7.0,0.0,73.0
2707.5432529992922,1.0,7.0,0.0,73.0
2707.5439672850066,1.0,7.0,0.0,73.0
2707.843967285007,1.0,7.0,0.0,73.0
2707.844681570721,1.0,7.0,0.0,73.0
2708.1446815707213,1.0,7.0,0.0,73.0
2708.1453958564357,1.0,7.0,0.0,73.0
2708.445395856436,1.0,7.0,0.0,73.0
2708.4461101421502,1.0,7.0,0.0,73.0
2708.7461101421504,1.0,7.0,0.0,73.0
2708.746824427865,1.0,7.0,0.0,73.0
2709.046824427865,1.0,7.0,0.0,73.0
2709.0475387135793,1.0,7.0,0.0,73.0
2709.3475387135795,1.0,7.0,0.0,73.0
2709.348252999294,1.0,7.0,0.0,73.0
2709.648252999294,1.0,7.0,0.0,73.0
2709.6489672850084,1.0,7.0,0.0,73.0
2709.9489672850086,1.0,7.0,0.0,73.0
2709.949681570723,1.0,7.0,0.0,73.0
2710.249681570723,1.0,7.0,0.0,73.0
2710.2503958564375,1.0,7.0,0.0,73.0
2710.5503958564377,1.0,7.0,0.0,73.0
2710.551110142152,1.0,7.0,0.0,73.0
2710.8511101421523,1.0,7.0,0.0,73.0
2710.8518244278666,1.0,7.0,0.0,73.0
2711.151824427867,1.0,7.0,0.0,73.0
2711.152538713581,1.0,7.0,0.0,73.0
2711.4525387135814,1.0,7.0,0.0,73.0
2711.4532529992957,1.0,7.0,0.0,73.0
2711.753252999296,1.0,7.0,0.0,73.0
2711.7539672850103,1.0,7.0,0.0,73.0
2712.0539672850105,1.0,7.0,0.0,73.0
2712.054681570725,1.0,7.0,0.0,73.0
2712.354681570725,1.0,7.0,0.0,73.0
2712.3553958564394,1.0,7.0,0.0,73.0
2712.6553958564396,1.0,7.0,0.0,73.0
2712.656110142154,1.0,7.0,0.0,73.0
2712.956110142154,1.0,7.0,0.0,73.0
2712.9568244278685,1.0,7.0,0.0,73.0
2713.2568244278687,1.0,7.0,0.0,73.0
2713.257538713583,1.0,7.0,0.0,73.0
2713.557538713583,1.0,7.0,0.0,73.0
2713.5582529992976,1.0,7.0,0.0,73.0
2713.8582529992977,1.0,7.0,0.0,73.0
2713.858967285012,1.0,7.0,0.0,73.0
2714.1589672850123,1.0,7.0,0.0,73.0
2714.1596815707267,1.0,7.0,0.0,73.0
2714.459681570727,1.0,7.0,0.0,73.0
2714.460395856441,1.0,7.0,0.0,73.0
2714.7603958564414,1.0,7.0,0.0,73.0
2714.7611101421558,1.0,7.0,0.0,73.0
2715.061110142156,1.0,7.0,0.0,73.0
2715.0618244278703,1.0,7.0,0.0,73.0
2715.3618244278705,1.0,7.0,0.0,73.0
2715.362538713585,1.0,7.0,0.0,73.0
2715.662538713585,1.0,7.0,0.0,73.0
2715.6632529992994,1.0,5.0,0.0,74.0
2715.9632529992996,1.0,5.0,0.0,74.0
2715.963967285014,1.0,5.0,0.0,74.0
2716.263967285014,1.0,5.0,0.0,74.0
2716.2646815707285,1.0,5.0,0.0,74.0
2716.5646815707287,1.0,5.0,0.0,74.0
2716.565395856443,1.0,5.0,0.0,74.0
2716.8653958564432,1.0,5.0,0.0,74.0
2716.8661101421576,1.0,5.0,0.0,74.0
2717.166110142158,1.0,5.0,0.0,74.0
2717.166824427872,1.0,5.0,0.0,74.0
2717.4668244278723,1.0,5.0,0.0,74.0
2717.4675473194384,1.0,5.0,0.0,74.0
2717.7675473194386,1.0,5.0,0.0,74.0
2717.7682702110046,1.0,5.0,0.0,74.0
2718.068270211005,1.0,5.0,0.0,74.0
2718.068993102571,1.0,5.0,0.0,74.0
2718.368993102571,1.0,5.0,0.0,74.0
2718.369715994137,1.0,5.0,0.0,74.0
2718.6697159941373,1.0,5.0,0.0,74.0
2718.6704388857033,1.0,5.0,0.0,74.0
2718.9704388857035,1.0,5.0,0.0,74.0
2718.9711617772696,1.0,5.0,0.0,74.0
2719.2711617772698,1.0,5.0,0.0,74.0
2719.271884668836,1.0,5.0,0.0,74.0
2719.571884668836,1.0,5.0,0.0,74.0
2719.572607560402,1.0,5.0,0.0,74.0
2719.8726075604022,1.0,5.0,0.0,74.0
2719.8733304519683,1.0,5.0,0.0,74.0
2720.1733304519685,1.0,5.0,0.0,74.0
2720.1740533435345,1.0,5.0,0.0,74.0
2720.4740533435347,1.0,5.0,0.0,74.0
2720.4747762351008,1.0,5.0,0.0,74.0
2720.774776235101,1.0,5.0,0.0,74.0
2720.775499126667,1.0,5.0,0.0,74.0
2721.075499126667,1.0,5.0,0.0,74.0
2721.0762220182332,1.0,5.0,0.0,74.0
2721.3762220182334,1.0,5.0,0.0,74.0
2721.3769449097995,1.0,5.0,0.0,74.0
2721.6769449097997,1.0,5.0,0.0,74.0
2721.6776678013657,1.0,5.0,0.0,74.0
2721.977667801366,1.0,5.0,0.0,74.0
2721.978390692932,1.0,5.0,0.0,74.0
2722.278390692932,1.0,5.0,0.0,74.0
2722.279113584498,1.0,5.0,0.0,74.0
2722.5791135844984,1.0,5.0,0.0,74.0
2722.5798364760644,1.0,5.0,0.0,74.0
2722.8798364760646,1.0,5.0,0.0,74.0
2722.8805593676307,1.0,5.0,0.0,74.0
2723.180559367631,1.0,5.0,0.0,74.0
2723.181282259197,1.0,5.0,0.0,74.0
2723.481282259197,1.0,5.0,0.0,74.0
2723.482005150763,1.0,5.0,0.0,74.0
2723.7820051507633,1.0,5.0,0.0,74.0
2723.7827280423294,1.0,5.0,0.0,74.0
2724.0827280423296,1.0,5.0,0.0,74.0
2724.0834509338956,1.0,5.0,0.0,74.0
2724.383450933896,1.0,5.0,0.0,74.0
2724.384173825462,1.0,5.0,0.0,74.0
2724.684173825462,1.0,5.0,0.0,74.0
2724.684896717028,1.0,5.0,0.0,74.0
2724.9848967170283,1.0,5.0,0.0,74.0
2724.9856196085943,1.0,5.0,0.0,74.0
2725.2856196085945,1.0,5.0,0.0,74.0
2725.2863425001606,1.0,5.0,0.0,74.0
2725.5863425001608,1.0,5.0,0.0,74.0
2725.587065391727,1.0,5.0,0.0,74.0
2725.887065391727,1.0,5.0,0.0,74.0
2725.887788283293,1.0,5.0,0.0,74.0
2726.1877882832932,1.0,5.0,0.0,74.0
2726.1885111748593,1.0,5.0,0.0,74.0
2726.4885111748595,1.0,5.0,0.0,74.0
2726.4892340664255,1.0,5.0,0.0,74.0
2726.7892340664257,1.0,5.0,0.0,74.0
2726.7899569579918,1.0,5.0,0.0,74.0
2727.089956957992,1.0,5.0,0.0,74.0
2727.090679849558,1.0,5.0,0.0,74.0
2727.390679849558,1.0,5.0,0.0,74.0
2727.3914027411242,1.0,5.0,0.0,74.0
2727.6914027411244,1.0,5.0,0.0,74.0
2727.6921256326905,1.0,3.0,0.0,75.0
2727.9921256326907,1.0,3.0,0.0,75.0
2727.9928485242567,1.0,3.0,0.0,75.0
2728.292848524257,1.0,3.0,0.0,75.0
2728.293571415823,1.0,3.0,0.0,75.0
2728.593571415823,1.0,3.0,0.0,75.0
2728.594294307389,1.0,3.0,0.0,75.0
2728.8942943073894,1.0,3.0,0.0,75.0
2728.8950171989554,1.0,3.0,0.0,75.0
2729.1950171989556,1.0,3.0,0.0,75.0
2729.1957400905217,1.0,3.0,0.0,75.0
2729.495740090522,1.0,3.0,0.0,75.0
2729.496462982088,1.0,3.0,0.0,75.0
2729.796462982088,1.0,3.0,0.0,75.0
2729.797185873654,1.0,3.0,0.0,75.0
2730.0971858736543,1.0,3.0,0.0,75.0
2730.0979087652204,1.0,3.0,0.0,75.0
2730.3979087652206,1.0,3.0,0.0,75.0
2730.3986316567866,1.0,3.0,0.0,75.0
2730.698631656787,1.0,3.0,0.0,75.0
2730.699354548353,1.0,3.0,0.0,75.0
2730.999354548353,1.0,3.0,0.0,75.0
2731.000077439919,1.0,3.0,0.0,75.0
2731.3000774399193,1.0,3.0,0.0,75.0
2731.3008003314853,1.0,3.0,0.0,75.0
2731.6008003314855,1.0,3.0,0.0,75.0
2731.6015232230516,1.0,3.0,0.0,75.0
2731.9015232230518,1.0,3.0,0.0,75.0
2731.902246114618,1.0,3.0,0.0,75.0
2732.202246114618,1.0,3.0,0.0,75.0
2732.202969006184,1.0,3.0,0.0,75.0
2732.5029690061842,1.0,3.0,0.0,75.0
2732.5036918977503,1.0,3.0,0.0,75.0
2732.8036918977505,1.0,3.0,0.0,75.0
2732.8044147893165,1.0,3.0,0.0,75.0
2733.1044147893167,1.0,3.0,0.0,75.0
2733.1051376808828,1.0,3.0,0.0,75.0
2733.405137680883,1.0,3.0,0.0,75.0
2733.405860572449,1.0,3.0,0.0,75.0
2733.705860572449,1.0,3.0,0.0,75.0
2733.7065834640152,1.0,3.0,0.0,75.0
2734.0065834640154,1.0,3.0,0.0,75.0
2734.0073063555815,1.0,3.0,0.0,75.0
2734.3073063555817,1.0,3.0,0.0,75.0
2734.3080292471477,1.0,3.0,0.0,75.0
2734.608029247148,1.0,3.0,0.0,75.0
2734.608752138714,1.0,3.0,0.0,75.0
2734.908752138714,1.0,3.0,0.0,75.0
2734.90947503028,1.0,3.0,0.0,75.0
2735.2094750302804,1.0,3.0,0.0,75.0
2735.2101979218464,1.0,3.0,0.0,75.0
2735.5101979218466,1.0,3.0,0.0,75.0
2735.5109208134127,1.0,3.0,0.0,75.0
2735.810920813413,1.0,3.0,0.0,75.0
2735.811643704979,1.0,3.0,0.0,75.0
2736.111643704979,1.0,3.0,0.0,75.0
2736.112366596545,1.0,3.0,0.0,75.0
2736.4123665965453,1.0,3.0,0.0,75.0
2736.4130894881114,1.0,3.0,0.0,75.0
2736.7130894881116,1.0,3.0,0.0,75.0
2736.7138123796776,1.0,3.0,0.0,75.0
2737.013812379678,1.0,3.0,0.0,75.0
2737.014535271244,1.0,3.0,0.0,75.0
2737.314535271244,1.0,3.0,0.0,75.0
2737.31525816281,1.0,3.0,0.0,75.0
2737.6152581628103,1.0,3.0,0.0,75.0
2737.6159810543763,1.0,3.0,0.0,75.0
2737.9159810543765,1.0,3.0,0.0,75.0
2737.9167039459426,1.0,3.0,0.0,75.0
2738.2167039459428,1.0,3.0,0.0,75.0
2738.217426837509,1.0,3.0,0.0,75.0
2738.517426837509,1.0,3.0,0.0,75.0
2738.518149729075,1.0,3.0,0.0,75.0
2738.8181497290752,1.0,3.0,0.0,75.0
2738.8188726206413,1.0,3.0,0.0,75.0
2739.1188726206415,1.0,3.0,0.0,75.0
2739.1195955122075,1.0,3.0,0.0,75.0
2739.4195955122077,1.0,3.0,0.0,75.0
2739.4203184037738,1.0,3.0,0.0,75.0
2739.720318403774,1.0,3.0,0.0,75.0
2739.72104129534,1.0,3.0,0.0,75.0
2740.02104129534,1.0,3.0,0.0,75.0
2740.0217641869062,1.0,3.0,0.0,75.0
2740.3217641869064,1.0,3.0,0.0,75.0
2740.3224870784725,1.0,3.0,0.0,75.0
2740.6224870784727,1.0,3.0,0.0,75.0
2740.6232099700387,1.0,3.0,0.0,75.0
2740.923209970039,1.0,3.0,0.0,75.0
2740.923932861605,1.0,3.0,0.0,75.0
2741.223932861605,1.0,3.0,0.0,75.0
2741.224655753171,1.0,3.0,0.0,75.0
2741.5246557531714,1.0,3.0,0.0,75.0
2741.5253786447374,1.0,3.0,0.0,75.0
2741.8253786447376,1.0,3.0,0.0,75.0
2741.826092930452,1.0,3.0,0.0,75.0
2742.126092930452,1.0,3.0,0.0,75.0
2742.1268072161665,1.0,3.0,0.0,75.0
2742.4268072161667,1.0,3.0,0.0,75.0
2742.427521501881,1.0,3.0,0.0,75.0
2742.7275215018813,1.0,3.0,0.0,75.0
2742.7282357875956,1.0,3.0,0.0,75.0
2743.028235787596,1.0,3.0,0.0,75.0
2743.02895007331,1.0,3.0,0.0,75.0
2743.3289500733104,1.0,3.0,0.0,75.0
2743.3296643590247,1.0,3.0,0.0,75.0
2743.629664359025,1.0,3.0,0.0,75.0
2743.6303786447393,1.0,3.0,0.0,75.0
2743.9303786447394,1.0,3.0,0.0,75.0
2743.931092930454,1.0,3.0,0.0,75.0
2744.231092930454,1.0,3.0,0.0,75.0
2744.2318072161684,1.0,3.0,0.0,75.0
2744.5318072161685,1.0,3.0,0.0,75.0
2744.532521501883,1.0,3.0,0.0,75.0
2744.832521501883,1.0,3.0,0.0,75.0
2744.8332357875975,1.0,3.0,0.0,75.0
2745.1332357875976,1.0,3.0,0.0,75.0
2745.133950073312,1.0,3.0,0.0,75.0
2745.433950073312,1.0,3.0,0.0,75.0
2745.4346643590266,1.0,3.0,0.0,75.0
2745.7346643590267,1.0,3.0,0.0,75.0
2745.735378644741,1.0,3.0,0.0,75.0
2746.0353786447413,1.0,3.0,0.0,75.0
2746.0360929304557,1.0,3.0,0.0,75.0
2746.336092930456,1.0,3.0,0.0,75.0
2746.33680721617,1.0,3.0,0.0,75.0
2746.6368072161704,1.0,3.0,0.0,75.0
2746.6375215018847,1.0,3.0,0.0,75.0
2746.937521501885,1.0,3.0,0.0,75.0
2746.9382357875993,1.0,3.0,0.0,75.0
2747.2382357875995,1.0,3.0,0.0,75.0
2747.238950073314,1.0,3.0,0.0,75.0
2747.538950073314,1.0,3.0,0.0,75.0
2747.5396643590284,1.0,3.0,0.0,75.0
2747.8396643590286,1.0,3.0,0.0,75.0
2747.840378644743,1.0,3.0,0.0,75.0
2748.140378644743,1.0,3.0,0.0,75.0
2748.1410929304575,1.0,3.0,0.0,75.0
2748.4410929304577,1.0,3.0,0.0,75.0
2748.441807216172,1.0,3.0,0.0,75.0
2748.741807216172,1.0,3.0,0.0,75.0
2748.7425215018866,1.0,3.0,0.0,75.0
2749.0425215018868,1.0,3.0,0.0,75.0
2749.043235787601,1.0,3.0,0.0,75.0
2749.3432357876013,1.0,3.0,0.0,75.0
2749.3439500733157,1.0,3.0,0.0,75.0
2749.643950073316,1.0,3.0,0.0,75.0
2749.6446643590302,1.0,3.0,0.0,75.0
2749.9446643590304,1.0,3.0,0.0,75.0
2749.945378644745,1.0,3.0,0.0,75.0
2750.245378644745,1.0,3.0,0.0,75.0
2750.2460929304593,1.0,3.0,0.0,75.0
2750.5460929304595,1.0,3.0,0.0,75.0
2750.546807216174,1.0,3.0,0.0,75.0
2750.846807216174,1.0,3.0,0.0,75.0
2750.8475215018884,1.0,3.0,0.0,75.0
2751.1475215018886,1.0,3.0,0.0,75.0
2751.148235787603,1.0,3.0,0.0,75.0
2751.448235787603,1.0,3.0,0.0,75.0
2751.4489500733175,1.0,3.0,0.0,75.0
2751.7489500733177,1.0,3.0,0.0,75.0
2751.749664359032,1.0,3.0,0.0,75.0
2752.0496643590322,1.0,3.0,0.0,75.0
2752.0503786447466,1.0,3.0,0.0,75.0
2752.350378644747,1.0,3.0,0.0,75.0
2752.351092930461,1.0,3.0,0.0,75.0
2752.6510929304613,1.0,3.0,0.0,75.0
2752.6518072161757,1.0,3.0,0.0,75.0
2752.951807216176,1.0,3.0,0.0,75.0
2752.9525215018903,1.0,3.0,0.0,75.0
2753.2525215018904,1.0,3.0,0.0,75.0
2753.253235787605,1.0,3.0,0.0,75.0
2753.553235787605,1.0,3.0,0.0,75.0
2753.5539500733194,1.0,3.0,0.0,75.0
2753.8539500733195,1.0,3.0,0.0,75.0
2753.854664359034,1.0,3.0,0.0,75.0
2754.154664359034,1.0,3.0,0.0,75.0
2754.1553786447485,1.0,3.0,0.0,75.0
2754.4553786447486,1.0,3.0,0.0,75.0
2754.456092930463,1.0,3.0,0.0,75.0
2754.756092930463,1.0,3.0,0.0,75.0
2754.7568072161775,1.0,3.0,0.0,75.0
2755.0568072161777,1.0,3.0,0.0,75.0
2755.057521501892,1.0,3.0,0.0,75.0
2755.3575215018923,1.0,3.0,0.0,75.0
2755.3582357876066,1.0,3.0,0.0,75.0
2755.658235787607,1.0,3.0,0.0,75.0
2755.658950073321,1.0,3.0,0.0,75.0
2755.9589500733214,1.0,3.0,0.0,75.0
2755.9596643590357,1.0,3.0,0.0,75.0
2756.259664359036,1.0,3.0,0.0,75.0
2756.2603786447503,1.0,3.0,0.0,75.0
2756.5603786447505,1.0,3.0,0.0,75.0
2756.561092930465,1.0,3.0,0.0,75.0
2756.861092930465,1.0,3.0,0.0,75.0
2756.8618072161794,1.0,3.0,0.0,75.0
2757.1618072161796,1.0,3.0,0.0,75.0
2757.162521501894,1.0,3.0,0.0,75.0
2757.462521501894,1.0,3.0,0.0,75.0
2757.4632357876085,1.0,3.0,0.0,75.0
2757.7632357876087,1.0,3.0,0.0,75.0
2757.763950073323,1.0,3.0,0.0,75.0
2758.063950073323,1.0,3.0,0.0,75.0
2758.0646643590376,1.0,3.0,0.0,75.0
2758.3646643590378,1.0,3.0,0.0,75.0
2758.365378644752,1.0,3.0,0.0,75.0
2758.6653786447523,1.0,3.0,0.0,75.0
2758.6660929304667,1.0,3.0,0.0,75.0
2758.966092930467,1.0,3.0,0.0,75.0
2758.966807216181,1.0,3.0,0.0,75.0
2759.2668072161814,1.0,3.0,0.0,75.0
2759.2675215018958,1.0,3.0,0.0,75.0
2759.567521501896,1.0,3.0,0.0,75.0
2759.5682357876103,1.0,3.0,0.0,75.0
2759.8682357876105,1.0,3.0,0.0,75.0
2759.868950073325,1.0,3.0,0.0,75.0
2760.168950073325,1.0,3.0,0.0,75.0
2760.1696643590394,1.0,3.0,0.0,75.0
2760.4696643590396,1.0,3.0,0.0,75.0
2760.470378644754,1.0,3.0,0.0,75.0
2760.770378644754,1.0,3.0,0.0,75.0
2760.7710929304685,1.0,1.0,0.0,76.0
2761.0710929304687,1.0,1.0,0.0,76.0
2761.071807216183,1.0,1.0,0.0,76.0
2761.3718072161832,1.0,1.0,0.0,76.0
2761.3725215018976,1.0,1.0,0.0,76.0
2761.672521501898,1.0,1.0,0.0,76.0
2761.673235787612,1.0,1.0,0.0,76.0
2761.9732357876123,1.0,1.0,0.0,76.0
2761.9739500733267,1.0,1.0,0.0,76.0
2762.273950073327,1.0,1.0,0.0,76.0
2762.2746643590413,1.0,1.0,0.0,76.0
2762.5746643590414,1.0,1.0,0.0,76.0
2762.575378644756,1.0,1.0,0.0,76.0
2762.875378644756,1.0,1.0,0.0,76.0
2762.8760929304703,1.0,1.0,0.0,76.0
2763.1760929304705,1.0,1.0,0.0,76.0
2763.176807216185,1.0,1.0,0.0,76.0
2763.476807216185,1.0,1.0,0.0,76.0
2763.4775215018994,1.0,1.0,0.0,76.0
2763.7775215018996,1.0,1.0,0.0,76.0
2763.778235787614,1.0,1.0,0.0,76.0
2764.078235787614,1.0,1.0,0.0,76.0
2764.0789500733285,1.0,1.0,0.0,76.0
2764.3789500733287,1.0,1.0,0.0,76.0
2764.379664359043,1.0,1.0,0.0,76.0
2764.6796643590433,1.0,1.0,0.0,76.0
2764.6803786447576,1.0,1.0,0.0,76.0
2764.980378644758,1.0,1.0,0.0,76.0
2764.981092930472,1.0,1.0,0.0,76.0
2765.2810929304724,1.0,1.0,0.0,76.0
2765.2818072161867,1.0,1.0,0.0,76.0
2765.581807216187,1.0,1.0,0.0,76.0
2765.5825215019013,1.0,1.0,0.0,76.0
2765.8825215019015,1.0,1.0,0.0,76.0
2765.883235787616,1.0,1.0,0.0,76.0
2766.183235787616,1.0,1.0,0.0,76.0
2766.1839500733304,1.0,1.0,0.0,76.0
2766.4839500733306,1.0,1.0,0.0,76.0
2766.484664359045,1.0,1.0,0.0,76.0
2766.784664359045,1.0,1.0,0.0,76.0
2766.7853786447595,1.0,1.0,0.0,76.0
2767.0853786447597,1.0,1.0,0.0,76.0
2767.086092930474,1.0,1.0,0.0,76.0
2767.386092930474,1.0,1.0,0.0,76.0
2767.3868072161886,1.0,1.0,0.0,76.0
2767.6868072161888,1.0,1.0,0.0,76.0
2767.687521501903,1.0,1.0,0.0,76.0
2767.9875215019033,1.0,1.0,0.0,76.0
2767.9882357876177,1.0,1.0,0.0,76.0
2768.288235787618,1.0,1.0,0.0,76.0
2768.288950073332,1.0,1.0,0.0,76.0
2768.5889500733324,1.0,1.0,0.0,76.0
2768.5896643590468,1.0,1.0,0.0,76.0
2768.889664359047,1.0,1.0,0.0,76.0
2768.8903786447613,1.0,1.0,0.0,76.0
2769.1903786447615,1.0,1.0,0.0,76.0
2769.191092930476,1.0,1.0,0.0,76.0
2769.491092930476,1.0,1.0,0.0,76.0
2769.4918072161904,1.0,1.0,0.0,76.0
2769.7918072161906,1.0,1.0,0.0,76.0
2769.792521501905,1.0,1.0,0.0,76.0
2770.092521501905,1.0,1.0,0.0,76.0
2770.0932357876195,1.0,1.0,0.0,76.0
2770.3932357876197,1.0,1.0,0.0,76.0
2770.393950073334,1.0,1.0,0.0,76.0
2770.6939500733342,1.0,1.0,0.0,76.0
2770.6946643590486,1.0,6.0,0.0,76.0
2770.994664359049,1.0,6.0,0.0,76.0
2770.995378644763,1.0,6.0,0.0,76.0
2771.2953786447633,1.0,6.0,0.0,76.0
2771.2960929304777,1.0,6.0,0.0,76.0
2771.596092930478,1.0,6.0,0.0,76.0
2771.5968072161922,1.0,6.0,0.0,76.0
2771.8968072161924,1.0,6.0,0.0,76.0
2771.897521501907,1.0,6.0,0.0,76.0
2772.197521501907,1.0,6.0,0.0,76.0
2772.1982357876213,1.0,6.0,0.0,76.0
2772.4982357876215,1.0,6.0,0.0,76.0
2772.498950073336,1.0,6.0,0.0,76.0
2772.798950073336,1.0,6.0,0.0,76.0
2772.7996643590504,1.0,6.0,0.0,76.0
2773.0996643590506,1.0,6.0,0.0,76.0
2773.100378644765,1.0,6.0,0.0,76.0
2773.400378644765,1.0,6.0,0.0,76.0
2773.4010929304795,1.0,6.0,0.0,76.0
2773.7010929304797,1.0,6.0,0.0,76.0
2773.701807216194,1.0,6.0,0.0,76.0
2774.0018072161943,1.0,6.0,0.0,76.0
2774.0025215019086,1.0,6.0,0.0,76.0
2774.302521501909,1.0,6.0,0.0,76.0
2774.303235787623,1.0,6.0,0.0,76.0
2774.6032357876234,1.0,6.0,0.0,76.0
2774.6039500733377,1.0,6.0,0.0,76.0
2774.903950073338,1.0,6.0,0.0,76.0
2774.9046643590523,1.0,6.0,0.0,76.0
2775.2046643590525,1.0,6.0,0.0,76.0
2775.2053702414055,1.0,6.0,0.0,76.0
2775.5053702414057,1.0,6.0,0.0,76.0
2775.5060761237587,1.0,6.0,0.0,76.0
2775.806076123759,1.0,6.0,0.0,76.0
2775.806782006112,1.0,6.0,0.0,76.0
2776.106782006112,1.0,6.0,0.0,76.0
2776.107487888465,1.0,6.0,0.0,76.0
2776.4074878884653,1.0,6.0,0.0,76.0
2776.4081937708183,1.0,6.0,0.0,76.0
2776.7081937708185,1.0,6.0,0.0,76.0
2776.7088996531716,1.0,6.0,0.0,76.0
2777.0088996531717,1.0,6.0,0.0,76.0
2777.0096055355248,1.0,6.0,0.0,76.0
2777.309605535525,1.0,6.0,0.0,76.0
2777.310311417878,1.0,6.0,0.0,76.0
2777.610311417878,1.0,6.0,0.0,76.0
2777.611017300231,1.0,6.0,0.0,76.0
2777.9110173002314,1.0,6.0,0.0,76.0
2777.9117231825844,1.0,6.0,0.0,76.0
2778.2117231825846,1.0,6.0,0.0,76.0
2778.2124290649376,1.0,6.0,0.0,76.0
2778.512429064938,1.0,6.0,0.0,76.0
2778.513134947291,1.0,6.0,0.0,76.0
2778.813134947291,1.0,6.0,0.0,76.0
2778.813840829644,1.0,6.0,0.0,76.0
2779.1138408296442,1.0,6.0,0.0,76.0
2779.1145467119973,1.0,6.0,0.0,76.0
2779.4145467119974,1.0,6.0,0.0,76.0
2779.4152525943505,1.0,6.0,0.0,76.0
2779.7152525943507,1.0,6.0,0.0,76.0
2779.7159584767037,1.0,6.0,0.0,76.0
2780.015958476704,1.0,6.0,0.0,76.0
2780.016664359057,1.0,6.0,0.0,76.0
2780.316664359057,1.0,6.0,0.0,76.0
2780.31737024141,1.0,6.0,0.0,76.0
2780.6173702414103,1.0,6.0,0.0,76.0
2780.6180761237633,1.0,6.0,0.0,76.0
2780.9180761237635,1.0,6.0,0.0,76.0
2780.9187820061165,1.0,6.0,0.0,76.0
2781.2187820061167,1.0,6.0,0.0,76.0
2781.2194878884698,1.0,6.0,0.0,76.0
2781.51948788847,1.0,6.0,0.0,76.0
2781.520193770823,1.0,6.0,0.0,76.0
2781.820193770823,1.0,6.0,0.0,76.0
2781.820899653176,1.0,6.0,0.0,76.0
2782.1208996531764,1.0,6.0,0.0,76.0
2782.1216055355294,1.0,6.0,0.0,76.0
2782.4216055355296,1.0,6.0,0.0,76.0
2782.4223114178826,1.0,6.0,0.0,76.0
2782.722311417883,1.0,6.0,0.0,76.0
2782.723017300236,1.0,6.0,0.0,76.0
2783.023017300236,1.0,6.0,0.0,76.0
2783.023723182589,1.0,6.0,0.0,76.0
2783.323723182589,1.0,6.0,0.0,76.0
2783.3244290649423,1.0,6.0,0.0,76.0
2783.6244290649424,1.0,6.0,0.0,76.0
2783.6251349472955,1.0,6.0,0.0,76.0
2783.9251349472956,1.0,6.0,0.0,76.0
2783.9258408296487,1.0,6.0,0.0,76.0
2784.225840829649,1.0,6.0,0.0,76.0
2784.226546712002,1.0,6.0,0.0,76.0
2784.526546712002,1.0,6.0,0.0,76.0
2784.527252594355,1.0,6.0,0.0,76.0
2784.8272525943553,1.0,6.0,0.0,76.0
2784.8279584767083,1.0,6.0,0.0,76.0
2785.1279584767085,1.0,6.0,0.0,76.0
2785.1286643590615,1.0,6.0,0.0,76.0
2785.4286643590617,1.0,6.0,0.0,76.0
2785.4293702414147,1.0,6.0,0.0,76.0
2785.729370241415,1.0,6.0,0.0,76.0
2785.730076123768,1.0,6.0,0.0,76.0
2786.030076123768,1.0,6.0,0.0,76.0
2786.030782006121,1.0,6.0,0.0,76.0
2786.3307820061214,1.0,6.0,0.0,76.0
2786.3314878884744,1.0,6.0,0.0,76.0
2786.6314878884746,1.0,6.0,0.0,76.0
2786.6321937708276,1.0,6.0,0.0,76.0
2786.932193770828,1.0,6.0,0.0,76.0
2786.932899653181,1.0,6.0,0.0,76.0
2787.232899653181,1.0,6.0,0.0,76.0
2787.233605535534,1.0,6.0,0.0,76.0
2787.533605535534,1.0,6.0,0.0,76.0
2787.5343114178872,1.0,6.0,0.0,76.0
2787.8343114178874,1.0,6.0,0.0,76.0
2787.8350173002405,1.0,6.0,0.0,76.0
2788.1350173002406,1.0,6.0,0.0,76.0
2788.1357231825937,1.0,6.0,0.0,76.0
2788.435723182594,1.0,6.0,0.0,76.0
2788.436429064947,1.0,6.0,0.0,76.0
2788.736429064947,1.0,6.0,0.0,76.0
2788.7371349473,1.0,6.0,0.0,76.0
2789.0371349473003,1.0,6.0,0.0,76.0
2789.0378408296533,1.0,6.0,0.0,76.0
2789.3378408296535,1.0,6.0,0.0,76.0
2789.3385467120065,1.0,6.0,0.0,76.0
2789.6385467120067,1.0,6.0,0.0,76.0
2789.6392525943597,1.0,6.0,0.0,76.0
2789.93925259436,1.0,6.0,0.0,76.0
2789.939958476713,1.0,6.0,0.0,76.0
2790.239958476713,1.0,6.0,0.0,76.0
2790.240664359066,1.0,6.0,0.0,76.0
2790.5406643590663,1.0,6.0,0.0,76.0
2790.5413702414194,1.0,6.0,0.0,76.0
2790.8413702414196,1.0,6.0,0.0,76.0
2790.8420761237726,1.0,6.0,0.0,76.0
2791.1420761237728,1.0,6.0,0.0,76.0
2791.142782006126,1.0,6.0,0.0,76.0
2791.442782006126,1.0,6.0,0.0,76.0
2791.443487888479,1.0,6.0,0.0,76.0
2791.743487888479,1.0,6.0,0.0,76.0
2791.744193770832,1.0,6.0,0.0,76.0
2792.0441937708324,1.0,6.0,0.0,76.0
2792.0448996531854,1.0,6.0,0.0,76.0
2792.3448996531856,1.0,6.0,0.0,76.0
2792.3456055355387,1.0,6.0,0.0,76.0
2792.645605535539,1.0,6.0,0.0,76.0
2792.646311417892,1.0,6.0,0.0,76.0
2792.946311417892,1.0,6.0,0.0,76.0
2792.947017300245,1.0,6.0,0.0,76.0
2793.2470173002453,1.0,6.0,0.0,76.0
2793.2477231825983,1.0,6.0,0.0,76.0
2793.5477231825985,1.0,6.0,0.0,76.0
2793.5484290649515,1.0,6.0,0.0,76.0
2793.8484290649517,1.0,6.0,0.0,76.0
2793.8491349473047,1.0,6.0,0.0,76.0
2794.149134947305,1.0,6.0,0.0,76.0
2794.149840829658,1.0,6.0,0.0,76.0
2794.449840829658,1.0,6.0,0.0,76.0
2794.450546712011,1.0,6.0,0.0,76.0
2794.7505467120113,1.0,6.0,0.0,76.0
2794.7512525943644,1.0,6.0,0.0,76.0
2795.0512525943645,1.0,6.0,0.0,76.0
2795.0519584767176,1.0,6.0,0.0,76.0
2795.3519584767178,1.0,6.0,0.0,76.0
2795.352664359071,1.0,6.0,0.0,76.0
2795.652664359071,1.0,6.0,0.0,76.0
2795.653370241424,1.0,6.0,0.0,76.0
2795.953370241424,1.0,6.0,0.0,76.0
2795.954076123777,1.0,6.0,0.0,76.0
2796.2540761237774,1.0,6.0,0.0,76.0
2796.2547820061304,1.0,6.0,0.0,76.0
2796.5547820061306,1.0,6.0,0.0,76.0
2796.5554878884836,1.0,6.0,0.0,76.0
2796.855487888484,1.0,6.0,0.0,76.0
2796.856193770837,1.0,6.0,0.0,76.0
2797.156193770837,1.0,6.0,0.0,76.0
2797.15689965319,1.0,6.0,0.0,76.0
2797.4568996531902,1.0,6.0,0.0,76.0
2797.4576055355433,1.0,6.0,0.0,76.0
2797.7576055355435,1.0,6.0,0.0,76.0
2797.7583114178965,1.0,6.0,0.0,76.0
2798.0583114178967,1.0,6.0,0.0,76.0
2798.0590173002497,1.0,6.0,0.0,76.0
2798.35901730025,1.0,6.0,0.0,76.0
2798.359723182603,1.0,6.0,0.0,76.0
2798.659723182603,1.0,6.0,0.0,76.0
2798.660429064956,1.0,6.0,0.0,76.0
2798.9604290649563,1.0,6.0,0.0,76.0
2798.9611349473093,1.0,6.0,0.0,76.0
2799.2611349473095,1.0,6.0,0.0,76.0
2799.2618408296626,1.0,6.0,0.0,76.0
2799.5618408296627,1.0,6.0,0.0,76.0
2799.562546712016,1.0,6.0,0.0,76.0
2799.862546712016,1.0,6.0,0.0,76.0
2799.863252594369,1.0,6.0,0.0,76.0
2800.163252594369,1.0,6.0,0.0,76.0
2800.163958476722,1.0,6.0,0.0,76.0
2800.4639584767224,1.0,6.0,0.0,76.0
2800.4646643590754,1.0,6.0,0.0,76.0
2800.7646643590756,1.0,6.0,0.0,76.0
2800.7653702414286,1.0,6.0,0.0,76.0
2801.065370241429,1.0,6.0,0.0,76.0
2801.066076123782,1.0,6.0,0.0,76.0
2801.366076123782,1.0,6.0,0.0,76.0
2801.366782006135,1.0,6.0,0.0,76.0
2801.6667820061352,1.0,6.0,0.0,76.0
2801.6674878884883,1.0,6.0,0.0,76.0
2801.9674878884884,1.0,6.0,0.0,76.0
2801.9681937708415,1.0,6.0,0.0,76.0
2802.2681937708417,1.0,6.0,0.0,76.0
2802.2688996531947,1.0,6.0,0.0,76.0
2802.568899653195,1.0,6.0,0.0,76.0
2802.569605535548,1.0,6.0,0.0,76.0
2802.869605535548,1.0,6.0,0.0,76.0
2802.870311417901,1.0,6.0,0.0,76.0
2803.1703114179013,1.0,6.0,0.0,76.0
2803.1710173002543,1.0,6.0,0.0,76.0
2803.4710173002545,1.0,6.0,0.0,76.0
2803.4717231826075,1.0,6.0,0.0,76.0
2803.7717231826077,1.0,6.0,0.0,76.0
2803.772420857026,1.0,6.0,0.0,76.0
2804.0724208570264,1.0,6.0,0.0,76.0
2804.073118531445,1.0,6.0,0.0,76.0
2804.373118531445,1.0,6.0,0.0,76.0
2804.3738162058635,1.0,6.0,0.0,76.0
2804.6738162058637,1.0,6.0,0.0,76.0
2804.674513880282,1.0,6.0,0.0,76.0
2804.9745138802823,1.0,6.0,0.0,76.0
2804.9752115547008,1.0,6.0,0.0,76.0
2805.275211554701,1.0,6.0,0.0,76.0
2805.2759092291194,1.0,6.0,0.0,76.0
2805.5759092291196,1.0,6.0,0.0,76.0
2805.576606903538,1.0,6.0,0.0,76.0
2805.8766069035382,1.0,6.0,0.0,76.0
2805.8773045779567,1.0,6.0,0.0,76.0
2806.177304577957,1.0,6.0,0.0,76.0
2806.1780022523753,1.0,6.0,0.0,76.0
2806.4780022523755,1.0,6.0,0.0,76.0
2806.478699926794,1.0,6.0,0.0,76.0
2806.778699926794,1.0,6.0,0.0,76.0
2806.7793976012126,1.0,6.0,0.0,76.0
2807.079397601213,1.0,6.0,0.0,76.0
2807.0800952756313,1.0,6.0,0.0,76.0
2807.3800952756314,1.0,6.0,0.0,76.0
2807.38079295005,1.0,6.0,0.0,76.0
2807.68079295005,1.0,6.0,0.0,76.0
2807.6814906244686,1.0,6.0,0.0,76.0
2807.9814906244687,1.0,6.0,0.0,76.0
2807.982188298887,1.0,6.0,0.0,76.0
2808.2821882988874,1.0,6.0,0.0,76.0
2808.282885973306,1.0,6.0,0.0,76.0
2808.582885973306,1.0,6.0,0.0,76.0
2808.5835836477245,1.0,6.0,0.0,76.0
2808.8835836477247,1.0,6.0,0.0,76.0
2808.884281322143,1.0,6.0,0.0,76.0
2809.1842813221433,1.0,6.0,0.0,76.0
2809.1849789965618,1.0,6.0,0.0,76.0
2809.484978996562,1.0,6.0,0.0,76.0
2809.4856766709804,1.0,6.0,0.0,76.0
2809.7856766709806,1.0,6.0,0.0,76.0
2809.786374345399,1.0,6.0,0.0,76.0
2810.0863743453992,1.0,6.0,0.0,76.0
2810.0870720198177,1.0,6.0,0.0,76.0
2810.387072019818,1.0,6.0,0.0,76.0
2810.3877696942363,1.0,6.0,0.0,76.0
2810.6877696942365,1.0,6.0,0.0,76.0
2810.688467368655,1.0,6.0,0.0,76.0
2810.988467368655,1.0,6.0,0.0,76.0
2810.9891650430736,1.0,6.0,0.0,76.0
2811.289165043074,1.0,6.0,0.0,76.0
2811.2898627174923,1.0,6.0,0.0,76.0
2811.5898627174925,1.0,6.0,0.0,76.0
2811.590560391911,1.0,6.0,0.0,76.0
2811.890560391911,1.0,6.0,0.0,76.0
2811.8912580663296,1.0,6.0,0.0,76.0
2812.1912580663297,1.0,6.0,0.0,76.0
2812.191955740748,1.0,6.0,0.0,76.0
2812.4919557407484,1.0,6.0,0.0,76.0
2812.492653415167,1.0,6.0,0.0,76.0
2812.792653415167,1.0,6.0,0.0,76.0
2812.7933510895855,1.0,6.0,0.0,76.0
2813.0933510895857,1.0,6.0,0.0,76.0
2813.094048764004,1.0,6.0,0.0,76.0
2813.3940487640043,1.0,6.0,0.0,76.0
2813.3947464384228,1.0,6.0,0.0,76.0
2813.694746438423,1.0,6.0,0.0,76.0
2813.6954441128414,1.0,6.0,0.0,76.0
2813.9954441128416,1.0,6.0,0.0,76.0
2813.99614178726,1.0,6.0,0.0,76.0
2814.2961417872602,1.0,6.0,0.0,76.0
2814.2968394616787,1.0,6.0,0.0,76.0
2814.596839461679,1.0,6.0,0.0,76.0
2814.5975371360973,1.0,6.0,0.0,76.0
2814.8975371360975,1.0,6.0,0.0,76.0
2814.898234810516,1.0,6.0,0.0,76.0
2815.198234810516,1.0,6.0,0.0,76.0
2815.1989324849346,1.0,6.0,0.0,76.0
2815.498932484935,1.0,6.0,0.0,76.0
2815.4996301593533,1.0,6.0,0.0,76.0
2815.7996301593535,1.0,6.0,0.0,76.0
2815.800327833772,1.0,6.0,0.0,76.0
2816.100327833772,1.0,6.0,0.0,76.0
2816.1010255081906,1.0,6.0,0.0,76.0
2816.4010255081907,1.0,6.0,0.0,76.0
2816.401723182609,1.0,6.0,0.0,76.0
2816.7017231826094,1.0,6.0,0.0,76.0
2816.702420857028,1.0,6.0,0.0,76.0
2817.002420857028,1.0,6.0,0.0,76.0
2817.0031185314465,1.0,6.0,0.0,76.0
2817.3031185314467,1.0,6.0,0.0,76.0
2817.303816205865,1.0,6.0,0.0,76.0
2817.6038162058653,1.0,6.0,0.0,76.0
2817.604513880284,1.0,6.0,0.0,76.0
2817.904513880284,1.0,6.0,0.0,76.0
2817.9052115547024,1.0,6.0,0.0,76.0
2818.2052115547026,1.0,6.0,0.0,76.0
2818.205909229121,1.0,6.0,0.0,76.0
2818.5059092291212,1.0,6.0,0.0,76.0
2818.5066069035397,1.0,6.0,0.0,76.0
2818.80660690354,1.0,6.0,0.0,76.0
2818.8073045779583,1.0,6.0,0.0,76.0
2819.1073045779585,1.0,6.0,0.0,76.0
2819.108002252377,1.0,6.0,0.0,76.0
2819.408002252377,1.0,6.0,0.0,76.0
2819.4086999267956,1.0,6.0,0.0,76.0
2819.708699926796,1.0,6.0,0.0,76.0
2819.7093976012143,1.0,6.0,0.0,76.0
2820.0093976012145,1.0,6.0,0.0,76.0
2820.010095275633,1.0,6.0,0.0,76.0
2820.310095275633,1.0,6.0,0.0,76.0
2820.3107929500516,1.0,6.0,0.0,76.0
2820.6107929500517,1.0,6.0,0.0,76.0
2820.61149062447,1.0,6.0,0.0,76.0
2820.9114906244704,1.0,6.0,0.0,76.0
2820.912188298889,1.0,6.0,0.0,76.0
2821.212188298889,1.0,6.0,0.0,76.0
2821.2128859733075,1.0,6.0,0.0,76.0
2821.5128859733077,1.0,6.0,0.0,76.0
2821.513583647726,1.0,6.0,0.0,76.0
2821.8135836477263,1.0,6.0,0.0,76.0
2821.814281322145,1.0,6.0,0.0,76.0
2822.114281322145,1.0,6.0,0.0,76.0
2822.1149789965634,1.0,6.0,0.0,76.0
2822.4149789965636,1.0,6.0,0.0,76.0
2822.415676670982,1.0,6.0,0.0,76.0
2822.7156766709822,1.0,6.0,0.0,76.0
2822.7163743454007,1.0,6.0,0.0,76.0
2823.016374345401,1.0,6.0,0.0,76.0
2823.0170720198194,1.0,6.0,0.0,76.0
2823.3170720198195,1.0,6.0,0.0,76.0
2823.317769694238,1.0,6.0,0.0,76.0
2823.617769694238,1.0,6.0,0.0,76.0
2823.6184673686566,1.0,6.0,0.0,76.0
2823.918467368657,1.0,6.0,0.0,76.0
2823.9191650430753,1.0,6.0,0.0,76.0
2824.2191650430755,1.0,6.0,0.0,76.0
2824.219862717494,1.0,6.0,0.0,76.0
2824.519862717494,1.0,6.0,0.0,76.0
2824.5205603919126,1.0,4.0,0.0,77.0
2824.8205603919127,1.0,4.0,0.0,77.0
2824.821258066331,1.0,4.0,0.0,77.0
2825.1212580663314,1.0,4.0,0.0,77.0
2825.12195574075,1.0,4.0,0.0,77.0
2825.42195574075,1.0,4.0,0.0,77.0
2825.4226534151685,1.0,4.0,0.0,77.0
2825.7226534151687,1.0,4.0,0.0,77.0
2825.723351089587,1.0,4.0,0.0,77.0
2826.0233510895873,1.0,4.0,0.0,77.0
2826.024048764006,1.0,4.0,0.0,77.0
2826.324048764006,1.0,4.0,0.0,77.0
2826.3247464384244,1.0,4.0,0.0,77.0
2826.6247464384246,1.0,4.0,0.0,77.0
2826.625444112843,1.0,4.0,0.0,77.0
2826.9254441128433,1.0,4.0,0.0,77.0
2826.9261417872617,1.0,4.0,0.0,77.0
2827.226141787262,1.0,4.0,0.0,77.0
2827.2268394616804,1.0,4.0,0.0,77.0
2827.5268394616805,1.0,4.0,0.0,77.0
2827.527537136099,1.0,4.0,0.0,77.0
2827.827537136099,1.0,4.0,0.0,77.0
2827.8282348105176,1.0,4.0,0.0,77.0
2828.128234810518,1.0,4.0,0.0,77.0
2828.1289324849363,1.0,4.0,0.0,77.0
2828.4289324849365,1.0,4.0,0.0,77.0
2828.4296221401087,1.0,4.0,0.0,77.0
2828.729622140109,1.0,4.0,0.0,77.0
2828.730311795281,1.0,4.0,0.0,77.0
2829.0303117952812,1.0,4.0,0.0,77.0
2829.0310014504535,1.0,4.0,0.0,77.0
2829.3310014504536,1.0,4.0,0.0,77.0
2829.331691105626,1.0,4.0,0.0,77.0
2829.631691105626,1.0,4.0,0.0,77.0
2829.6323807607982,1.0,4.0,0.0,77.0
2829.9323807607984,1.0,4.0,0.0,77.0
2829.9330704159706,1.0,4.0,0.0,77.0
2830.233070415971,1.0,4.0,0.0,77.0
2830.233760071143,1.0,4.0,0.0,77.0
2830.533760071143,1.0,4.0,0.0,77.0
2830.5344497263154,1.0,4.0,0.0,77.0
2830.8344497263156,1.0,4.0,0.0,77.0
2830.835139381488,1.0,4.0,0.0,77.0
2831.135139381488,1.0,4.0,0.0,77.0
2831.13582903666,1.0,4.0,0.0,77.0
2831.4358290366604,1.0,4.0,0.0,77.0
2831.4365186918326,1.0,4.0,0.0,77.0
2831.7365186918328,1.0,4.0,0.0,77.0
2831.737208347005,1.0,4.0,0.0,77.0
2832.037208347005,1.0,4.0,0.0,77.0
2832.0378980021774,1.0,4.0,0.0,77.0
2832.3378980021776,1.0,4.0,0.0,77.0
2832.3385876573498,1.0,4.0,0.0,77.0
2832.63858765735,1.0,4.0,0.0,77.0
2832.639277312522,1.0,4.0,0.0,77.0
2832.9392773125223,1.0,4.0,0.0,77.0
2832.9399669676945,1.0,4.0,0.0,77.0
2833.2399669676947,1.0,4.0,0.0,77.0
2833.240656622867,1.0,4.0,0.0,77.0
2833.540656622867,1.0,4.0,0.0,77.0
2833.5413462780393,1.0,4.0,0.0,77.0
2833.8413462780395,1.0,4.0,0.0,77.0
2833.8420359332117,1.0,4.0,0.0,77.0
2834.142035933212,1.0,4.0,0.0,77.0
2834.142725588384,1.0,4.0,0.0,77.0
2834.4427255883843,1.0,4.0,0.0,77.0
2834.4434152435565,1.0,4.0,0.0,77.0
2834.7434152435567,1.0,4.0,0.0,77.0
2834.744104898729,1.0,4.0,0.0,77.0
2835.044104898729,1.0,4.0,0.0,77.0
2835.0447945539013,1.0,4.0,0.0,77.0
2835.3447945539015,1.0,4.0,0.0,77.0
2835.3454842090737,1.0,4.0,0.0,77.0
2835.645484209074,1.0,4.0,0.0,77.0
2835.646173864246,1.0,4.0,0.0,77.0
2835.9461738642462,1.0,4.0,0.0,77.0
2835.9468635194185,1.0,4.0,0.0,77.0
2836.2468635194186,1.0,4.0,0.0,77.0
2836.247553174591,1.0,4.0,0.0,77.0
2836.547553174591,1.0,4.0,0.0,77.0
2836.5482428297632,1.0,4.0,0.0,77.0
2836.8482428297634,1.0,4.0,0.0,77.0
2836.8489324849356,1.0,4.0,0.0,77.0
2837.148932484936,1.0,4.0,0.0,77.0
2837.149622140108,1.0,4.0,0.0,77.0
2837.449622140108,1.0,4.0,0.0,77.0
2837.4503117952804,1.0,4.0,0.0,77.0
2837.7503117952806,1.0,4.0,0.0,77.0
2837.751001450453,1.0,4.0,0.0,77.0
2838.051001450453,1.0,4.0,0.0,77.0
2838.051691105625,1.0,4.0,0.0,77.0
2838.3516911056254,1.0,4.0,0.0,77.0
2838.3523807607976,1.0,4.0,0.0,77.0
2838.6523807607978,1.0,4.0,0.0,77.0
2838.65307041597,1.0,4.0,0.0,77.0
2838.95307041597,1.0,4.0,0.0,77.0
2838.9537600711424,1.0,4.0,0.0,77.0
2839.2537600711426,1.0,4.0,0.0,77.0
2839.2544497263148,1.0,2.0,0.0,78.0
2839.554449726315,1.0,2.0,0.0,78.0
2839.555139381487,1.0,2.0,0.0,78.0
2839.8551393814873,1.0,2.0,0.0,78.0
2839.8558290366595,1.0,2.0,0.0,78.0
2840.1558290366597,1.0,2.0,0.0,78.0
2840.156518691832,1.0,2.0,0.0,78.0
2840.456518691832,1.0,2.0,0.0,78.0
2840.4572083470043,1.0,2.0,0.0,78.0
2840.7572083470045,1.0,2.0,0.0,78.0
2840.7578980021767,1.0,2.0,0.0,78.0
2841.057898002177,1.0,2.0,0.0,78.0
2841.058587657349,1.0,2.0,0.0,78.0
2841.3585876573493,1.0,2.0,0.0,78.0
2841.3592773125215,1.0,2.0,0.0,78.0
2841.6592773125217,1.0,2.0,0.0,78.0
2841.659966967694,1.0,2.0,0.0,78.0
2841.959966967694,1.0,2.0,0.0,78.0
2841.9606566228663,1.0,2.0,0.0,78.0
2842.2606566228665,1.0,2.0,0.0,78.0
2842.2613462780387,1.0,2.0,0.0,78.0
2842.561346278039,1.0,2.0,0.0,78.0
2842.5620280962207,1.0,2.0,0.0,78.0
2842.862028096221,1.0,2.0,0.0,78.0
2842.862709914403,1.0,2.0,0.0,78.0
2843.162709914403,1.0,2.0,0.0,78.0
2843.163391732585,1.0,2.0,0.0,78.0
2843.463391732585,1.0,2.0,0.0,78.0
2843.464073550767,1.0,2.0,0.0,78.0
2843.764073550767,1.0,2.0,0.0,78.0
2843.764755368949,1.0,2.0,0.0,78.0
2844.064755368949,1.0,2.0,0.0,78.0
2844.065437187131,1.0,2.0,0.0,78.0
2844.365437187131,1.0,2.0,0.0,78.0
2844.366119005313,1.0,2.0,0.0,78.0
2844.6661190053132,1.0,2.0,0.0,78.0
2844.666800823495,1.0,2.0,0.0,78.0
2844.9668008234953,1.0,2.0,0.0,78.0
2844.967482641677,1.0,2.0,0.0,78.0
2845.2674826416774,1.0,2.0,0.0,78.0
2845.2681644598592,1.0,2.0,0.0,78.0
2845.5681644598594,1.0,2.0,0.0,78.0
2845.5688462780413,1.0,2.0,0.0,78.0
2845.8688462780415,1.0,2.0,0.0,78.0
2845.8695280962233,1.0,2.0,0.0,78.0
2846.1695280962235,1.0,2.0,0.0,78.0
2846.170202253527,1.0,2.0,0.0,78.0
2846.470202253527,1.0,2.0,0.0,78.0
2846.4708764108304,1.0,2.0,0.0,78.0
2846.7708764108306,1.0,2.0,0.0,78.0
2846.771550568134,1.0,2.0,0.0,78.0
2847.071550568134,1.0,2.0,0.0,78.0
2847.0722247254375,1.0,2.0,0.0,78.0
2847.3722247254377,1.0,2.0,0.0,78.0
2847.372898882741,1.0,2.0,0.0,78.0
2847.6728988827413,1.0,2.0,0.0,78.0
2847.6735730400446,1.0,2.0,0.0,78.0
2847.973573040045,1.0,2.0,0.0,78.0
2847.974247197348,1.0,2.0,0.0,78.0
2848.2742471973484,1.0,2.0,0.0,78.0
2848.2749213546517,1.0,2.0,0.0,78.0
2848.574921354652,1.0,2.0,0.0,78.0
2848.5755955119553,1.0,2.0,0.0,78.0
2848.8755955119555,1.0,2.0,0.0,78.0
2848.876269669259,1.0,2.0,0.0,78.0
2849.176269669259,1.0,2.0,0.0,78.0
2849.1769438265624,1.0,2.0,0.0,78.0
2849.4769438265625,1.0,2.0,0.0,78.0
2849.477617983866,1.0,2.0,0.0,78.0
2849.777617983866,1.0,2.0,0.0,78.0
2849.7782921411695,1.0,2.0,0.0,78.0
2850.0782921411696,1.0,2.0,0.0,78.0
2850.078966298473,1.0,2.0,0.0,78.0
2850.378966298473,1.0,2.0,0.0,78.0
2850.3796404557766,1.0,2.0,0.0,78.0
2850.6796404557767,1.0,2.0,0.0,78.0
2850.68031461308,1.0,2.0,0.0,78.0
2850.9803146130803,1.0,2.0,0.0,78.0
2850.9809887703836,1.0,2.0,0.0,78.0
2851.280988770384,1.0,2.0,0.0,78.0
2851.281662927687,1.0,2.0,0.0,78.0
2851.5816629276874,1.0,2.0,0.0,78.0
2851.5823370849907,1.0,2.0,0.0,78.0
2851.882337084991,1.0,2.0,0.0,78.0
2851.8830112422943,1.0,2.0,0.0,78.0
2852.1830112422945,1.0,2.0,0.0,78.0
2852.183685399598,1.0,2.0,0.0,78.0
2852.483685399598,1.0,2.0,0.0,78.0
2852.4843595569014,1.0,2.0,0.0,78.0
2852.7843595569016,1.0,2.0,0.0,78.0
2852.785033714205,1.0,2.0,0.0,78.0
2853.085033714205,1.0,2.0,0.0,78.0
2853.0857078715085,1.0,2.0,0.0,78.0
2853.3857078715087,1.0,2.0,0.0,78.0
2853.386382028812,1.0,2.0,0.0,78.0
2853.686382028812,1.0,2.0,0.0,78.0
2853.6870561861156,1.0,2.0,0.0,78.0
2853.9870561861158,1.0,2.0,0.0,78.0
2853.987730343419,1.0,2.0,0.0,78.0
2854.2877303434193,1.0,2.0,0.0,78.0
2854.2884045007227,1.0,2.0,0.0,78.0
2854.588404500723,1.0,2.0,0.0,78.0
2854.589078658026,1.0,2.0,0.0,78.0
2854.8890786580264,1.0,2.0,0.0,78.0
2854.8897528153298,1.0,2.0,0.0,78.0
2855.18975281533,1.0,2.0,0.0,78.0
2855.1904269726333,1.0,2.0,0.0,78.0
2855.4904269726335,1.0,2.0,0.0,78.0
2855.491101129937,1.0,2.0,0.0,78.0
2855.791101129937,1.0,2.0,0.0,78.0
2855.7917752872404,1.0,2.0,0.0,78.0
2856.0917752872406,1.0,2.0,0.0,78.0
2856.092449444544,1.0,2.0,0.0,78.0
2856.392449444544,1.0,2.0,0.0,78.0
2856.3931236018475,1.0,2.0,0.0,78.0
2856.6931236018477,1.0,2.0,0.0,78.0
2856.693797759151,1.0,2.0,0.0,78.0
2856.993797759151,1.0,2.0,0.0,78.0
2856.9944719164546,1.0,2.0,0.0,78.0
2857.2944719164548,1.0,2.0,0.0,78.0
2857.295146073758,1.0,2.0,0.0,78.0
2857.5951460737583,1.0,2.0,0.0,78.0
2857.5958202310617,1.0,2.0,0.0,78.0
2857.895820231062,1.0,2.0,0.0,78.0
2857.896494388365,1.0,2.0,0.0,78.0
2858.1964943883654,1.0,2.0,0.0,78.0
2858.197168545669,1.0,2.0,0.0,78.0
2858.497168545669,1.0,2.0,0.0,78.0
2858.4978427029723,1.0,2.0,0.0,78.0
2858.7978427029725,1.0,2.0,0.0,78.0
2858.798516860276,1.0,2.0,0.0,78.0
2859.098516860276,1.0,2.0,0.0,78.0
2859.0991910175794,1.0,2.0,0.0,78.0
2859.3991910175796,1.0,2.0,0.0,78.0
2859.399865174883,1.0,2.0,0.0,78.0
2859.699865174883,1.0,2.0,0.0,78.0
2859.7005393321865,1.0,2.0,0.0,78.0
2860.0005393321867,1.0,2.0,0.0,78.0
2860.00121348949,1.0,2.0,0.0,78.0
2860.3012134894902,1.0,2.0,0.0,78.0
2860.3018876467936,1.0,2.0,0.0,78.0
2860.601887646794,1.0,2.0,0.0,78.0
2860.602561804097,1.0,2.0,0.0,78.0
2860.9025618040973,1.0,2.0,0.0,78.0
2860.9032359614007,1.0,2.0,0.0,78.0
2861.203235961401,1.0,2.0,0.0,78.0
2861.2039101187042,1.0,2.0,0.0,78.0
2861.5039101187044,1.0,2.0,0.0,78.0
2861.504584276008,1.0,2.0,0.0,78.0
2861.804584276008,1.0,2.0,0.0,78.0
2861.8052584333113,1.0,2.0,0.0,78.0
2862.1052584333115,1.0,2.0,0.0,78.0
2862.105932590615,1.0,2.0,0.0,78.0
2862.405932590615,1.0,2.0,0.0,78.0
2862.4066067479184,1.0,2.0,0.0,78.0
2862.7066067479186,1.0,2.0,0.0,78.0
2862.707280905222,1.0,2.0,0.0,78.0
2863.007280905222,1.0,2.0,0.0,78.0
2863.0079550625255,1.0,2.0,0.0,78.0
2863.3079550625257,1.0,2.0,0.0,78.0
2863.308629219829,1.0,2.0,0.0,78.0
2863.6086292198293,1.0,2.0,0.0,78.0
2863.6093033771326,1.0,2.0,0.0,78.0
2863.909303377133,1.0,2.0,0.0,78.0
2863.909977534436,1.0,2.0,0.0,78.0
2864.2099775344363,1.0,2.0,0.0,78.0
2864.2106516917397,1.0,2.0,0.0,78.0
2864.51065169174,1.0,2.0,0.0,78.0
2864.5113258490433,1.0,2.0,0.0,78.0
2864.8113258490434,1.0,2.0,0.0,78.0
2864.812000006347,1.0,2.0,0.0,78.0
2865.112000006347,1.0,2.0,0.0,78.0
2865.1126741636504,1.0,2.0,0.0,78.0
2865.4126741636505,1.0,2.0,0.0,78.0
2865.413348320954,1.0,2.0,0.0,78.0
2865.713348320954,1.0,2.0,0.0,78.0
2865.7140224782574,1.0,2.0,0.0,78.0
2866.0140224782576,1.0,2.0,0.0,78.0
2866.014696635561,1.0,2.0,0.0,78.0
2866.314696635561,1.0,2.0,0.0,78.0
2866.3153707928645,1.0,2.0,0.0,78.0
2866.6153707928647,1.0,2.0,0.0,78.0
2866.616044950168,1.0,2.0,0.0,78.0
2866.9160449501683,1.0,2.0,0.0,78.0
2866.9167191074716,1.0,2.0,0.0,78.0
2867.216719107472,1.0,2.0,0.0,78.0
2867.217393264775,1.0,2.0,0.0,78.0
2867.5173932647754,1.0,2.0,0.0,78.0
2867.5180674220787,1.0,2.0,0.0,78.0
2867.818067422079,1.0,2.0,0.0,78.0
2867.8187415793823,1.0,2.0,0.0,78.0
2868.1187415793825,1.0,2.0,0.0,78.0
2868.119415736686,1.0,2.0,0.0,78.0
2868.419415736686,1.0,2.0,0.0,78.0
2868.4200898939894,1.0,2.0,0.0,78.0
2868.7200898939896,1.0,2.0,0.0,78.0
2868.720764051293,1.0,2.0,0.0,78.0
2869.020764051293,1.0,2.0,0.0,78.0
2869.0214382085965,1.0,2.0,0.0,78.0
2869.3214382085966,1.0,2.0,0.0,78.0
2869.3221123659,1.0,2.0,0.0,78.0
2869.6221123659,1.0,2.0,0.0,78.0
2869.6227865232036,1.0,2.0,0.0,78.0
2869.9227865232037,1.0,2.0,0.0,78.0
2869.923460680507,1.0,2.0,0.0,78.0
2870.2234606805073,1.0,2.0,0.0,78.0
2870.2241348378107,1.0,2.0,0.0,78.0
2870.524134837811,1.0,2.0,0.0,78.0
2870.524808995114,1.0,2.0,0.0,78.0
2870.8248089951144,1.0,2.0,0.0,78.0
2870.8254831524177,1.0,2.0,0.0,78.0
2871.125483152418,1.0,2.0,0.0,78.0
2871.1261573097213,1.0,2.0,0.0,78.0
2871.4261573097215,1.0,2.0,0.0,78.0
2871.426831467025,1.0,2.0,0.0,78.0
2871.726831467025,1.0,2.0,0.0,78.0
2871.7275056243284,1.0,2.0,0.0,78.0
2872.0275056243286,1.0,2.0,0.0,78.0
2872.028179781632,1.0,2.0,0.0,78.0
2872.328179781632,1.0,2.0,0.0,78.0
2872.3288539389355,1.0,2.0,0.0,78.0
2872.6288539389357,1.0,2.0,0.0,78.0
2872.629528096239,1.0,2.0,0.0,78.0
2872.929528096239,1.0,2.0,0.0,78.0
2872.9302022535426,1.0,2.0,0.0,78.0
2873.2302022535428,1.0,2.0,0.0,78.0
2873.230876410846,1.0,2.0,0.0,78.0
2873.5308764108463,1.0,2.0,0.0,78.0
2873.5315505681497,1.0,2.0,0.0,78.0
2873.83155056815,1.0,2.0,0.0,78.0
2873.8322323863317,1.0,2.0,0.0,78.0
2874.132232386332,1.0,2.0,0.0,78.0
2874.132914204514,1.0,2.0,0.0,78.0
2874.432914204514,1.0,2.0,0.0,78.0
2874.433596022696,1.0,2.0,0.0,78.0
2874.733596022696,1.0,2.0,0.0,78.0
2874.734277840878,1.0,2.0,0.0,78.0
2875.034277840878,1.0,2.0,0.0,78.0
2875.03495965906,1.0,2.0,0.0,78.0
2875.33495965906,1.0,2.0,0.0,78.0
2875.335641477242,1.0,2.0,0.0,78.0
2875.635641477242,1.0,2.0,0.0,78.0
2875.636323295424,1.0,2.0,0.0,78.0
2875.9363232954242,1.0,2.0,0.0,78.0
2875.937005113606,1.0,2.0,0.0,78.0
2876.2370051136063,1.0,2.0,0.0,78.0
2876.237686931788,1.0,2.0,0.0,78.0
2876.5376869317884,1.0,2.0,0.0,78.0
2876.5383687499702,1.0,2.0,0.0,78.0
2876.8383687499704,1.0,2.0,0.0,78.0
2876.8390505681523,1.0,2.0,0.0,78.0
2877.1390505681525,1.0,2.0,0.0,78.0
2877.1397323863343,1.0,2.0,0.0,78.0
2877.4397323863345,1.0,2.0,0.0,78.0
2877.4404142045164,1.0,2.0,0.0,78.0
2877.7404142045166,1.0,2.0,0.0,78.0
2877.7410960226985,1.0,2.0,0.0,78.0
2878.0410960226986,1.0,2.0,0.0,78.0
2878.0417778408805,1.0,2.0,0.0,78.0
2878.3417778408807,1.0,2.0,0.0,78.0
2878.3424596590626,1.0,2.0,0.0,78.0
2878.6424596590628,1.0,2.0,0.0,78.0
2878.6431414772446,1.0,2.0,0.0,78.0
2878.943141477245,1.0,2.0,0.0,78.0
2878.9438232954267,1.0,2.0,0.0,78.0
2879.243823295427,1.0,2.0,0.0,78.0
2879.2445051136087,1.0,2.0,0.0,78.0
2879.544505113609,1.0,2.0,0.0,78.0
2879.545186931791,1.0,2.0,0.0,78.0
2879.845186931791,1.0,2.0,0.0,78.0
2879.845868749973,1.0,2.0,0.0,78.0
2880.145868749973,1.0,2.0,0.0,78.0
2880.146550568155,1.0,2.0,0.0,78.0
2880.446550568155,1.0,2.0,0.0,78.0
2880.447232386337,1.0,2.0,0.0,78.0
2880.747232386337,1.0,2.0,0.0,78.0
2880.747914204519,1.0,2.0,0.0,78.0
2881.047914204519,1.0,2.0,0.0,78.0
2881.048596022701,1.0,2.0,0.0,78.0
2881.3485960227013,1.0,2.0,0.0,78.0
2881.349277840883,1.0,2.0,0.0,78.0
2881.6492778408833,1.0,2.0,0.0,78.0
2881.649959659065,1.0,2.0,0.0,78.0
2881.9499596590654,1.0,2.0,0.0,78.0
2881.9506414772472,1.0,2.0,0.0,78.0
2882.2506414772474,1.0,2.0,0.0,78.0
2882.2513232954293,1.0,2.0,0.0,78.0
2882.5513232954295,1.0,2.0,0.0,78.0
2882.5520051136114,1.0,2.0,0.0,78.0
2882.8520051136115,1.0,2.0,0.0,78.0
2882.8526869317934,1.0,2.0,0.0,78.0
2883.1526869317936,1.0,2.0,0.0,78.0
2883.1533687499755,1.0,2.0,0.0,78.0
2883.4533687499757,1.0,2.0,0.0,78.0
2883.4540505681575,1.0,2.0,0.0,78.0
2883.7540505681577,1.0,2.0,0.0,78.0
2883.7547323863396,1.0,2.0,0.0,78.0
2884.0547323863398,1.0,2.0,0.0,78.0
2884.0554142045216,1.0,2.0,0.0,78.0
2884.355414204522,1.0,2.0,0.0,78.0
2884.3560960227037,1.0,2.0,0.0,78.0
2884.656096022704,1.0,2.0,0.0,78.0
2884.6567778408858,1.0,2.0,0.0,78.0
2884.956777840886,1.0,2.0,0.0,78.0
2884.957459659068,1.0,2.0,0.0,78.0
2885.257459659068,1.0,2.0,0.0,78.0
2885.25814147725,1.0,2.0,0.0,78.0
2885.55814147725,1.0,2.0,0.0,78.0
2885.558823295432,1.0,2.0,0.0,78.0
2885.858823295432,1.0,2.0,0.0,78.0
2885.859505113614,1.0,2.0,0.0,78.0
2886.159505113614,1.0,2.0,0.0,78.0
2886.160186931796,1.0,2.0,0.0,78.0
2886.460186931796,1.0,2.0,0.0,78.0
2886.460868749978,1.0,2.0,0.0,78.0
2886.7608687499783,1.0,2.0,0.0,78.0
2886.76155056816,1.0,2.0,0.0,78.0
2887.0615505681603,1.0,2.0,0.0,78.0
2887.062232386342,1.0,2.0,0.0,78.0
2887.3622323863424,1.0,2.0,0.0,78.0
2887.3629142045243,1.0,2.0,0.0,78.0
2887.6629142045244,1.0,2.0,0.0,78.0
2887.6635960227063,1.0,2.0,0.0,78.0
2887.9635960227065,1.0,2.0,0.0,78.0
2887.9642778408884,1.0,2.0,0.0,78.0
2888.2642778408886,1.0,2.0,0.0,78.0
2888.2649596590704,1.0,2.0,0.0,78.0
2888.5649596590706,1.0,2.0,0.0,78.0
2888.5656414772525,1.0,2.0,0.0,78.0
2888.8656414772527,1.0,2.0,0.0,78.0
2888.8663232954345,1.0,2.0,0.0,78.0
2889.1663232954347,1.0,2.0,0.0,78.0
2889.1670051136166,1.0,2.0,0.0,78.0
2889.467005113617,1.0,2.0,0.0,78.0
2889.4676869317987,1.0,2.0,0.0,78.0
2889.767686931799,1.0,2.0,0.0,78.0
2889.7683687499807,1.0,2.0,0.0,78.0
2890.068368749981,1.0,2.0,0.0,78.0
2890.0690505681628,1.0,2.0,0.0,78.0
2890.369050568163,1.0,2.0,0.0,78.0
2890.369732386345,1.0,2.0,0.0,78.0
2890.669732386345,1.0,2.0,0.0,78.0
2890.670414204527,1.0,2.0,0.0,78.0
2890.970414204527,1.0,2.0,0.0,78.0
2890.971096022709,1.0,2.0,0.0,78.0
2891.271096022709,1.0,2.0,0.0,78.0
2891.271777840891,1.0,2.0,0.0,78.0
2891.571777840891,1.0,2.0,0.0,78.0
2891.572459659073,1.0,2.0,0.0,78.0
2891.8724596590732,1.0,2.0,0.0,78.0
2891.873141477255,1.0,2.0,0.0,78.0
2892.1731414772553,1.0,2.0,0.0,78.0
2892.173823295437,1.0,2.0,0.0,78.0
2892.4738232954373,1.0,2.0,0.0,78.0
2892.474505113619,1.0,2.0,0.0,78.0
2892.7745051136194,1.0,2.0,0.0,78.0
2892.7751869318013,1.0,2.0,0.0,78.0
2893.0751869318015,1.0,2.0,0.0,78.0
2893.0758687499833,1.0,2.0,0.0,78.0
2893.3758687499835,1.0,2.0,0.0,78.0
2893.3765505681654,1.0,2.0,0.0,78.0
2893.6765505681656,1.0,2.0,0.0,78.0
2893.6772323863474,1.0,2.0,0.0,78.0
2893.9772323863476,1.0,2.0,0.0,78.0
2893.9779142045295,1.0,2.0,0.0,78.0
2894.2779142045297,1.0,2.0,0.0,78.0
2894.2785960227116,1.0,2.0,0.0,78.0
2894.5785960227117,1.0,2.0,0.0,78.0
2894.5792778408936,1.0,2.0,0.0,78.0
2894.879277840894,1.0,2.0,0.0,78.0
2894.8799596590757,1.0,2.0,0.0,78.0
2895.179959659076,1.0,2.0,0.0,78.0
2895.1806414772577,1.0,2.0,0.0,78.0
2895.480641477258,1.0,2.0,0.0,78.0
2895.48132329544,1.0,2.0,0.0,78.0
2895.78132329544,1.0,2.0,0.0,78.0
2895.782005113622,1.0,2.0,0.0,78.0
2896.082005113622,1.0,2.0,0.0,78.0
2896.082686931804,1.0,2.0,0.0,78.0
2896.382686931804,1.0,2.0,0.0,78.0
2896.383368749986,1.0,2.0,0.0,78.0
2896.683368749986,1.0,2.0,0.0,78.0
2896.684050568168,1.0,2.0,0.0,78.0
2896.984050568168,1.0,2.0,0.0,78.0
2896.98473238635,1.0,2.0,0.0,78.0
2897.2847323863502,1.0,2.0,0.0,78.0
2897.285414204532,1.0,2.0,0.0,78.0
2897.5854142045323,1.0,2.0,0.0,78.0
2897.586096022714,1.0,2.0,0.0,78.0
2897.8860960227144,1.0,2.0,0.0,78.0
2897.8867778408962,1.0,2.0,0.0,78.0
2898.1867778408964,1.0,2.0,0.0,78.0
2898.1874596590783,1.0,2.0,0.0,78.0
2898.4874596590785,1.0,2.0,0.0,78.0
2898.4881414772603,1.0,2.0,0.0,78.0
2898.7881414772605,1.0,2.0,0.0,78.0
2898.7888232954424,1.0,2.0,0.0,78.0
2899.0888232954426,1.0,2.0,0.0,78.0
2899.0895051136245,1.0,2.0,0.0,78.0
2899.3895051136246,1.0,2.0,0.0,78.0
2899.3901869318065,1.0,2.0,0.0,78.0
2899.6901869318067,1.0,2.0,0.0,78.0
2899.6908687499886,1.0,2.0,0.0,78.0
2899.9908687499887,1.0,2.0,0.0,78.0
2899.9915505681706,1.0,2.0,0.0,78.0
2900.291550568171,1.0,2.0,0.0,78.0
2900.2922323863527,1.0,2.0,0.0,78.0
2900.592232386353,1.0,2.0,0.0,78.0
2900.5929142045347,1.0,2.0,0.0,78.0
2900.892914204535,1.0,2.0,0.0,78.0
2900.893596022717,1.0,2.0,0.0,78.0
2901.193596022717,1.0,2.0,0.0,78.0
2901.194277840899,1.0,2.0,0.0,78.0
2901.494277840899,1.0,2.0,0.0,78.0
2901.494959659081,1.0,2.0,0.0,78.0
2901.794959659081,1.0,2.0,0.0,78.0
2901.795641477263,1.0,2.0,0.0,78.0
2902.095641477263,1.0,2.0,0.0,78.0
2902.096323295445,1.0,2.0,0.0,78.0
2902.396323295445,1.0,2.0,0.0,78.0
2902.397005113627,1.0,2.0,0.0,78.0
2902.6970051136273,1.0,2.0,0.0,78.0
2902.697686931809,1.0,2.0,0.0,78.0
2902.9976869318093,1.0,2.0,0.0,78.0
2902.998368749991,1.0,2.0,0.0,78.0
2903.2983687499914,1.0,2.0,0.0,78.0
2903.2990505681732,1.0,2.0,0.0,78.0
2903.5990505681734,1.0,2.0,0.0,78.0
2903.5997323863553,1.0,2.0,0.0,78.0
2903.8997323863555,1.0,2.0,0.0,78.0
2903.9004142045374,1.0,2.0,0.0,78.0
2904.2004142045375,1.0,2.0,0.0,78.0
2904.2011038597097,1.0,2.0,0.0,78.0
2904.50110385971,1.0,2.0,0.0,78.0
2904.501793514882,1.0,2.0,0.0,78.0
2904.8017935148823,1.0,2.0,0.0,78.0
2904.8024831700545,1.0,2.0,0.0,78.0
2905.1024831700547,1.0,2.0,0.0,78.0
2905.103172825227,1.0,2.0,0.0,78.0
2905.403172825227,1.0,2.0,0.0,78.0
2905.4038624803993,1.0,2.0,0.0,78.0
2905.7038624803995,1.0,2.0,0.0,78.0
2905.7045521355717,1.0,2.0,0.0,78.0
2906.004552135572,1.0,2.0,0.0,78.0
2906.005241790744,1.0,2.0,0.0,78.0
2906.3052417907443,1.0,2.0,0.0,78.0
2906.3059314459165,1.0,2.0,0.0,78.0
2906.6059314459167,1.0,2.0,0.0,78.0
2906.606621101089,1.0,2.0,0.0,78.0
2906.906621101089,1.0,2.0,0.0,78.0
2906.9073107562613,1.0,2.0,0.0,78.0
2907.2073107562614,1.0,2.0,0.0,78.0
2907.2080004114337,1.0,2.0,0.0,78.0
2907.508000411434,1.0,2.0,0.0,78.0
2907.508690066606,1.0,2.0,0.0,78.0
2907.8086900666062,1.0,2.0,0.0,78.0
2907.8093797217784,1.0,2.0,0.0,78.0
2908.1093797217786,1.0,2.0,0.0,78.0
2908.110069376951,1.0,2.0,0.0,78.0
2908.410069376951,1.0,2.0,0.0,78.0
2908.410759032123,1.0,2.0,0.0,78.0
2908.7107590321234,1.0,2.0,0.0,78.0
2908.7114486872956,1.0,2.0,0.0,78.0
2909.011448687296,1.0,2.0,0.0,78.0
2909.012138342468,1.0,2.0,0.0,78.0
2909.312138342468,1.0,2.0,0.0,78.0
2909.3128279976404,1.0,2.0,0.0,78.0
2909.6128279976406,1.0,2.0,0.0,78.0
2909.613517652813,1.0,2.0,0.0,78.0
2909.913517652813,1.0,2.0,0.0,78.0
2909.914207307985,1.0,2.0,0.0,78.0
2910.2142073079854,1.0,2.0,0.0,78.0
2910.2148969631576,1.0,2.0,0.0,78.0
2910.5148969631578,1.0,2.0,0.0,78.0
2910.51558661833,1.0,2.0,0.0,78.0
2910.81558661833,1.0,2.0,0.0,78.0
2910.8162762735024,1.0,2.0,0.0,78.0
2911.1162762735025,1.0,2.0,0.0,78.0
2911.1169659286747,1.0,2.0,0.0,78.0
2911.416965928675,1.0,2.0,0.0,78.0
2911.417655583847,1.0,2.0,0.0,78.0
2911.7176555838473,1.0,2.0,0.0,78.0
2911.7183452390195,1.0,2.0,0.0,78.0
2912.0183452390197,1.0,2.0,0.0,78.0
2912.019034894192,1.0,2.0,0.0,78.0
2912.319034894192,1.0,2.0,0.0,78.0
2912.3197245493643,1.0,2.0,0.0,78.0
2912.6197245493645,1.0,2.0,0.0,78.0
2912.6204142045367,1.0,2.0,0.0,78.0
2912.920414204537,1.0,2.0,0.0,78.0
2912.921103859709,1.0,2.0,0.0,78.0
2913.2211038597093,1.0,2.0,0.0,78.0
2913.2217935148815,1.0,2.0,0.0,78.0
2913.5217935148817,1.0,2.0,0.0,78.0
2913.522483170054,1.0,2.0,0.0,78.0
2913.822483170054,1.0,2.0,0.0,78.0
2913.8231728252263,1.0,2.0,0.0,78.0
2914.1231728252264,1.0,2.0,0.0,78.0
2914.1238624803987,1.0,2.0,0.0,78.0
2914.423862480399,1.0,2.0,0.0,78.0
2914.424552135571,1.0,2.0,0.0,78.0
2914.7245521355712,1.0,2.0,0.0,78.0
2914.7252417907434,1.0,2.0,0.0,78.0
2915.0252417907436,1.0,2.0,0.0,78.0
2915.025931445916,1.0,2.0,0.0,78.0
2915.325931445916,1.0,2.0,0.0,78.0
2915.326621101088,1.0,2.0,0.0,78.0
2915.6266211010884,1.0,2.0,0.0,78.0
2915.6273107562606,1.0,2.0,0.0,78.0
2915.927310756261,1.0,2.0,0.0,78.0
2915.928000411433,1.0,2.0,0.0,78.0
2916.228000411433,1.0,2.0,0.0,78.0
2916.2286900666054,1.0,2.0,0.0,78.0
2916.5286900666056,1.0,2.0,0.0,78.0
2916.529379721778,1.0,2.0,0.0,78.0
2916.829379721778,1.0,2.0,0.0,78.0
2916.83006937695,1.0,2.0,0.0,78.0
2917.1300693769504,1.0,2.0,0.0,78.0
2917.1307590321226,1.0,2.0,0.0,78.0
2917.4307590321228,1.0,2.0,0.0,78.0
2917.431448687295,1.0,2.0,0.0,78.0
2917.731448687295,1.0,2.0,0.0,78.0
2917.7321383424674,1.0,2.0,0.0,78.0
2918.0321383424675,1.0,2.0,0.0,78.0
2918.0328279976397,1.0,2.0,0.0,78.0
2918.33282799764,1.0,2.0,0.0,78.0
2918.333517652812,1.0,2.0,0.0,78.0
2918.6335176528123,1.0,2.0,0.0,78.0
2918.6342073079845,1.0,2.0,0.0,78.0
2918.9342073079847,1.0,2.0,0.0,78.0
2918.934896963157,1.0,2.0,0.0,78.0
2919.234896963157,1.0,2.0,0.0,78.0
2919.2355866183293,1.0,2.0,0.0,78.0
2919.5355866183295,1.0,2.0,0.0,78.0
2919.5362762735017,1.0,2.0,0.0,78.0
2919.836276273502,1.0,2.0,0.0,78.0
2919.836965928674,1.0,2.0,0.0,78.0
2920.1369659286743,1.0,2.0,0.0,78.0
2920.1376555838465,1.0,2.0,0.0,78.0
2920.4376555838467,1.0,2.0,0.0,78.0
2920.438345239019,1.0,2.0,0.0,78.0
2920.738345239019,1.0,2.0,0.0,78.0
2920.7390348941913,1.0,2.0,0.0,78.0
2921.0390348941914,1.0,2.0,0.0,78.0
2921.0397245493637,1.0,2.0,0.0,78.0
2921.339724549364,1.0,2.0,0.0,78.0
2921.340414204536,1.0,2.0,0.0,78.0
2921.6404142045362,1.0,2.0,0.0,78.0
2921.6411038597084,1.0,2.0,0.0,78.0
2921.9411038597086,1.0,2.0,0.0,78.0
2921.941793514881,1.0,2.0,0.0,78.0
2922.241793514881,1.0,2.0,0.0,78.0
2922.242483170053,1.0,2.0,0.0,78.0
2922.5424831700534,1.0,2.0,0.0,78.0
2922.5431728252256,1.0,2.0,0.0,78.0
2922.843172825226,1.0,2.0,0.0,78.0
2922.843862480398,1.0,2.0,0.0,78.0
2923.143862480398,1.0,2.0,0.0,78.0
2923.1445521355704,1.0,2.0,0.0,78.0
2923.4445521355706,1.0,2.0,0.0,78.0
2923.445241790743,1.0,2.0,0.0,78.0
2923.745241790743,1.0,2.0,0.0,78.0
2923.745931445915,1.0,2.0,0.0,78.0
2924.0459314459154,1.0,2.0,0.0,78.0
2924.0466211010876,1.0,2.0,0.0,78.0
2924.3466211010877,1.0,2.0,0.0,78.0
2924.34731075626,1.0,2.0,0.0,78.0
2924.64731075626,1.0,2.0,0.0,78.0
2924.6480004114323,1.0,2.0,0.0,78.0
2924.9480004114325,1.0,2.0,0.0,78.0
2924.9486900666047,1.0,2.0,0.0,78.0
2925.248690066605,1.0,2.0,0.0,78.0
2925.249379721777,1.0,2.0,0.0,78.0
2925.5493797217773,1.0,2.0,0.0,78.0
2925.5500693769495,1.0,2.0,0.0,78.0
2925.8500693769497,1.0,2.0,0.0,78.0
2925.850759032122,1.0,2.0,0.0,78.0
2926.150759032122,1.0,2.0,0.0,78.0
2926.1514486872943,1.0,2.0,0.0,78.0
2926.4514486872945,1.0,2.0,0.0,78.0
2926.4521383424667,1.0,2.0,0.0,78.0
2926.752138342467,1.0,2.0,0.0,78.0
2926.752827997639,1.0,2.0,0.0,78.0
2927.0528279976393,1.0,2.0,0.0,78.0
2927.0535176528115,1.0,2.0,0.0,78.0
2927.3535176528117,1.0,2.0,0.0,78.0
2927.3541994709935,1.0,2.0,0.0,78.0
2927.6541994709937,1.0,2.0,0.0,78.0
2927.6548812891756,1.0,2.0,0.0,78.0
2927.954881289176,1.0,2.0,0.0,78.0
2927.9555631073576,1.0,2.0,0.0,78.0
2928.255563107358,1.0,2.0,0.0,78.0
2928.2562449255397,1.0,2.0,0.0,78.0
2928.55624492554,1.0,2.0,0.0,78.0
2928.5569267437218,1.0,2.0,0.0,78.0
2928.856926743722,1.0,2.0,0.0,78.0
2928.857608561904,1.0,2.0,0.0,78.0
2929.157608561904,1.0,2.0,0.0,78.0
2929.158290380086,1.0,2.0,0.0,78.0
2929.458290380086,1.0,2.0,0.0,78.0
2929.458972198268,1.0,2.0,0.0,78.0
2929.758972198268,1.0,2.0,0.0,78.0
2929.75965401645,1.0,2.0,0.0,78.0
2930.05965401645,1.0,2.0,0.0,78.0
2930.060335834632,1.0,2.0,0.0,78.0
2930.360335834632,1.0,2.0,0.0,78.0
2930.361017652814,1.0,2.0,0.0,78.0
2930.6610176528143,1.0,2.0,0.0,78.0
2930.661699470996,1.0,2.0,0.0,78.0
2930.9616994709963,1.0,2.0,0.0,78.0
2930.962381289178,1.0,2.0,0.0,78.0
2931.2623812891784,1.0,2.0,0.0,78.0
2931.2630631073603,1.0,2.0,0.0,78.0
2931.5630631073604,1.0,2.0,0.0,78.0
2931.5637449255423,1.0,2.0,0.0,78.0
2931.8637449255425,1.0,2.0,0.0,78.0
2931.8644267437244,1.0,2.0,0.0,78.0
2932.1644267437246,1.0,2.0,0.0,78.0
2932.1651085619064,1.0,2.0,0.0,78.0
2932.4651085619066,1.0,2.0,0.0,78.0
2932.4657903800885,1.0,2.0,0.0,78.0
2932.7657903800887,1.0,2.0,0.0,78.0
2932.7664721982705,1.0,2.0,0.0,78.0
2933.0664721982707,1.0,2.0,0.0,78.0
2933.0671540164526,1.0,2.0,0.0,78.0
2933.367154016453,1.0,2.0,0.0,78.0
2933.3678358346347,1.0,2.0,0.0,78.0
2933.667835834635,1.0,2.0,0.0,78.0
2933.6685176528167,1.0,2.0,0.0,78.0
2933.968517652817,1.0,2.0,0.0,78.0
2933.969199470999,1.0,2.0,0.0,78.0
2934.269199470999,1.0,2.0,0.0,78.0
2934.269881289181,1.0,2.0,0.0,78.0
2934.569881289181,1.0,2.0,0.0,78.0
2934.570563107363,1.0,2.0,0.0,78.0
2934.870563107363,1.0,2.0,0.0,78.0
2934.871244925545,1.0,2.0,0.0,78.0
2935.171244925545,1.0,2.0,0.0,78.0
2935.171926743727,1.0,2.0,0.0,78.0
2935.471926743727,1.0,2.0,0.0,78.0
2935.472608561909,1.0,2.0,0.0,78.0
2935.7726085619092,1.0,2.0,0.0,78.0
2935.773290380091,1.0,2.0,0.0,78.0
2936.0732903800913,1.0,2.0,0.0,78.0
2936.073972198273,1.0,2.0,0.0,78.0
2936.3739721982733,1.0,2.0,0.0,78.0
2936.374654016455,1.0,2.0,0.0,78.0
2936.6746540164554,1.0,2.0,0.0,78.0
2936.6753358346373,1.0,2.0,0.0,78.0
2936.9753358346375,1.0,2.0,0.0,78.0
2936.9760176528193,1.0,2.0,0.0,78.0
2937.2760176528195,1.0,2.0,0.0,78.0
2937.2766994710014,1.0,2.0,0.0,78.0
2937.5766994710016,1.0,2.0,0.0,78.0
2937.5773812891834,1.0,2.0,0.0,78.0
2937.8773812891836,1.0,2.0,0.0,78.0
2937.8780631073655,1.0,2.0,0.0,78.0
2938.1780631073657,1.0,2.0,0.0,78.0
2938.1787449255476,1.0,2.0,0.0,78.0
2938.4787449255477,1.0,2.0,0.0,78.0
2938.4794267437296,1.0,2.0,0.0,78.0
2938.77942674373,1.0,2.0,0.0,78.0
2938.7801085619117,1.0,2.0,0.0,78.0
2939.080108561912,1.0,2.0,0.0,78.0
2939.0807903800937,1.0,2.0,0.0,78.0
2939.380790380094,1.0,2.0,0.0,78.0
2939.381472198276,1.0,2.0,0.0,78.0
2939.681472198276,1.0,2.0,0.0,78.0
2939.682154016458,1.0,2.0,0.0,78.0
2939.982154016458,1.0,2.0,0.0,78.0
2939.98283583464,1.0,2.0,0.0,78.0
2940.28283583464,1.0,2.0,0.0,78.0
2940.283517652822,1.0,2.0,0.0,78.0
2940.583517652822,1.0,2.0,0.0,78.0
2940.584199471004,1.0,2.0,0.0,78.0
2940.884199471004,1.0,2.0,0.0,78.0
2940.884881289186,1.0,2.0,0.0,78.0
2941.1848812891863,1.0,2.0,0.0,78.0
2941.185563107368,1.0,2.0,0.0,78.0
2941.4855631073683,1.0,2.0,0.0,78.0
2941.48624492555,1.0,2.0,0.0,78.0
2941.7862449255504,1.0,2.0,0.0,78.0
2941.7869267437322,1.0,2.0,0.0,78.0
2942.0869267437324,1.0,2.0,0.0,78.0
2942.0876085619143,1.0,2.0,0.0,78.0
2942.3876085619145,1.0,2.0,0.0,78.0
2942.3882903800964,1.0,2.0,0.0,78.0
2942.6882903800965,1.0,2.0,0.0,78.0
2942.6889721982784,1.0,2.0,0.0,78.0
2942.9889721982786,1.0,2.0,0.0,78.0
2942.9896540164605,1.0,0.0,0.0,79.0
2943.2896540164606,1.0,0.0,0.0,79.0
2943.2903358346425,1.0,0.0,0.0,79.0
2943.5903358346427,1.0,0.0,0.0,79.0
2943.5910176528246,1.0,0.0,0.0,79.0
2943.8910176528248,1.0,0.0,0.0,79.0
2943.8916994710066,1.0,0.0,0.0,79.0
2944.191699471007,1.0,0.0,0.0,79.0
2944.1923812891887,1.0,0.0,0.0,79.0
2944.492381289189,1.0,0.0,0.0,79.0
2944.4930631073707,1.0,0.0,0.0,79.0
2944.793063107371,1.0,0.0,0.0,79.0
2944.793744925553,1.0,0.0,0.0,79.0
2945.093744925553,1.0,0.0,0.0,79.0
2945.094426743735,1.0,0.0,0.0,79.0
2945.394426743735,1.0,0.0,0.0,79.0
2945.395108561917,1.0,0.0,0.0,79.0
2945.695108561917,1.0,0.0,0.0,79.0
2945.695790380099,1.0,0.0,0.0,79.0
2945.995790380099,1.0,0.0,0.0,79.0
2945.996472198281,1.0,0.0,0.0,79.0
2946.296472198281,1.0,0.0,0.0,79.0
2946.297154016463,1.0,0.0,0.0,79.0
2946.5971540164633,1.0,0.0,0.0,79.0
2946.597835834645,1.0,0.0,0.0,79.0
2946.8978358346453,1.0,0.0,0.0,79.0
2946.898517652827,1.0,0.0,0.0,79.0
2947.1985176528274,1.0,0.0,0.0,79.0
2947.1991994710093,1.0,0.0,0.0,79.0
2947.4991994710094,1.0,0.0,0.0,79.0
2947.4998812891913,1.0,0.0,0.0,79.0
2947.7998812891915,1.0,0.0,0.0,79.0
2947.8005631073734,1.0,0.0,0.0,79.0
2948.1005631073735,1.0,0.0,0.0,79.0
2948.1012449255554,1.0,0.0,0.0,79.0
2948.4012449255556,1.0,0.0,0.0,79.0
2948.4019267437375,1.0,0.0,0.0,79.0
2948.7019267437377,1.0,0.0,0.0,79.0
2948.7026085619195,1.0,0.0,0.0,79.0
2949.0026085619197,1.0,0.0,0.0,79.0
2949.0032903801016,1.0,0.0,0.0,79.0
2949.3032903801018,1.0,0.0,0.0,79.0
2949.3039721982836,1.0,0.0,0.0,79.0
2949.603972198284,1.0,0.0,0.0,79.0
2949.6046540164657,1.0,0.0,0.0,79.0
2949.904654016466,1.0,0.0,0.0,79.0
2949.9053358346478,1.0,0.0,0.0,79.0
2950.205335834648,1.0,0.0,0.0,79.0
2950.20601765283,1.0,0.0,0.0,79.0
2950.50601765283,1.0,0.0,0.0,79.0
2950.506699471012,1.0,0.0,0.0,79.0
2950.806699471012,1.0,0.0,0.0,79.0
2950.807381289194,1.0,0.0,0.0,79.0
2951.107381289194,1.0,0.0,0.0,79.0
2951.108063107376,1.0,0.0,0.0,79.0
2951.408063107376,1.0,0.0,0.0,79.0
2951.408744925558,1.0,0.0,0.0,79.0
2951.708744925558,1.0,0.0,0.0,79.0
2951.7094190828616,1.0,0.0,0.0,79.0
2952.0094190828618,1.0,0.0,0.0,79.0
2952.010093240165,1.0,0.0,0.0,79.0
2952.3100932401653,1.0,0.0,0.0,79.0
2952.3107673974687,1.0,0.0,0.0,79.0
2952.610767397469,1.0,0.0,0.0,79.0
2952.6114415547722,1.0,0.0,0.0,79.0
2952.9114415547724,1.0,0.0,0.0,79.0
2952.912115712076,1.0,0.0,0.0,79.0
2953.212115712076,1.0,0.0,0.0,79.0
2953.2127898693793,1.0,0.0,0.0,79.0
2953.5127898693795,1.0,0.0,0.0,79.0
2953.513464026683,1.0,0.0,0.0,79.0
2953.813464026683,1.0,0.0,0.0,79.0
2953.8141381839864,1.0,0.0,0.0,79.0
2954.1141381839866,1.0,0.0,0.0,79.0
2954.11481234129,1.0,0.0,0.0,79.0
2954.41481234129,1.0,0.0,0.0,79.0
2954.4154864985935,1.0,0.0,0.0,79.0
2954.7154864985937,1.0,0.0,0.0,79.0
2954.716160655897,1.0,0.0,0.0,79.0
2955.0161606558972,1.0,0.0,0.0,79.0
2955.0168348132006,1.0,0.0,0.0,79.0
2955.316834813201,1.0,0.0,0.0,79.0
2955.317508970504,1.0,0.0,0.0,79.0
2955.6175089705043,1.0,0.0,0.0,79.0
2955.6181831278077,1.0,0.0,0.0,79.0
2955.918183127808,1.0,0.0,0.0,79.0
2955.9188572851112,1.0,0.0,0.0,79.0
2956.2188572851114,1.0,0.0,0.0,79.0
2956.219531442415,1.0,0.0,0.0,79.0
2956.519531442415,1.0,0.0,0.0,79.0
2956.5202055997183,1.0,0.0,0.0,79.0
2956.8202055997185,1.0,0.0,0.0,79.0
2956.820879757022,1.0,0.0,0.0,79.0
2957.120879757022,1.0,0.0,0.0,79.0
2957.1215539143254,1.0,0.0,0.0,79.0
2957.4215539143256,1.0,0.0,0.0,79.0
2957.422228071629,1.0,0.0,0.0,79.0
2957.722228071629,1.0,0.0,0.0,79.0
2957.7229022289325,1.0,0.0,0.0,79.0
2958.0229022289327,1.0,0.0,0.0,79.0
2958.023576386236,1.0,0.0,0.0,79.0
2958.3235763862363,1.0,0.0,0.0,79.0
2958.3242505435396,1.0,0.0,0.0,79.0
2958.62425054354,1.0,0.0,0.0,79.0
2958.624924700843,1.0,0.0,0.0,79.0
2958.9249247008433,1.0,0.0,0.0,79.0
2958.9255988581467,1.0,0.0,0.0,79.0
2959.225598858147,1.0,0.0,0.0,79.0
2959.2262730154503,1.0,0.0,0.0,79.0
2959.5262730154504,1.0,0.0,0.0,79.0
2959.526947172754,1.0,0.0,0.0,79.0
2959.826947172754,1.0,0.0,0.0,79.0
2959.8276213300574,1.0,0.0,0.0,79.0
2960.1276213300575,1.0,0.0,0.0,79.0
2960.128295487361,1.0,0.0,0.0,79.0
2960.428295487361,1.0,0.0,0.0,79.0
2960.4289696446644,1.0,0.0,0.0,79.0
2960.7289696446646,1.0,0.0,0.0,79.0
2960.729643801968,1.0,0.0,0.0,79.0
2961.029643801968,1.0,0.0,0.0,79.0
2961.0303179592715,1.0,0.0,0.0,79.0
2961.3303179592717,1.0,0.0,0.0,79.0
2961.330992116575,1.0,0.0,0.0,79.0
2961.6309921165753,1.0,0.0,0.0,79.0
2961.6316662738786,1.0,0.0,0.0,79.0
2961.931666273879,1.0,0.0,0.0,79.0
2961.932340431182,1.0,0.0,0.0,79.0
2962.2323404311824,1.0,0.0,0.0,79.0
2962.2330145884857,1.0,0.0,0.0,79.0
2962.533014588486,1.0,0.0,0.0,79.0
2962.5336887457893,1.0,0.0,0.0,79.0
2962.8336887457895,1.0,0.0,0.0,79.0
2962.834362903093,1.0,0.0,0.0,79.0
2963.134362903093,1.0,0.0,0.0,79.0
2963.1350370603964,1.0,0.0,0.0,79.0
2963.4350370603966,1.0,0.0,0.0,79.0
2963.4357112177,1.0,0.0,0.0,79.0
2963.7357112177,1.0,0.0,0.0,79.0
2963.7363853750035,1.0,0.0,0.0,79.0
2964.0363853750036,1.0,0.0,0.0,79.0
2964.037059532307,1.0,0.0,0.0,79.0
2964.337059532307,1.0,0.0,0.0,79.0
2964.3377336896106,1.0,0.0,0.0,79.0
2964.6377336896107,1.0,0.0,0.0,79.0
2964.638407846914,1.0,0.0,0.0,79.0
2964.9384078469143,1.0,0.0,0.0,79.0
2964.9390820042177,1.0,0.0,0.0,79.0
2965.239082004218,1.0,0.0,0.0,79.0
2965.239756161521,1.0,0.0,0.0,78.0
2965.5397561615214,1.0,0.0,0.0,78.0
2965.5404303188247,1.0,0.0,0.0,78.0
2965.840430318825,1.0,0.0,0.0,78.0
2965.8411044761283,1.0,0.0,0.0,78.0
2966.1411044761285,1.0,0.0,0.0,78.0
2966.141778633432,1.0,0.0,0.0,78.0
2966.441778633432,1.0,0.0,0.0,78.0
2966.4424527907354,1.0,0.0,0.0,78.0
2966.7424527907356,1.0,0.0,0.0,78.0
2966.743126948039,1.0,0.0,0.0,78.0
2967.043126948039,1.0,0.0,0.0,78.0
2967.0438011053425,1.0,0.0,0.0,78.0
2967.3438011053427,1.0,0.0,0.0,78.0
2967.344475262646,1.0,0.0,0.0,78.0
2967.644475262646,1.0,0.0,0.0,78.0
2967.6451494199496,1.0,0.0,0.0,78.0
2967.9451494199498,1.0,0.0,0.0,78.0
2967.945823577253,1.0,0.0,0.0,78.0
2968.2458235772533,1.0,0.0,0.0,78.0
2968.2464977345567,1.0,0.0,0.0,78.0
2968.546497734557,1.0,0.0,0.0,78.0
2968.54717189186,1.0,0.0,0.0,78.0
2968.8471718918604,1.0,0.0,0.0,78.0
2968.8478460491638,1.0,0.0,0.0,78.0
2969.147846049164,1.0,0.0,0.0,78.0
2969.1485202064673,1.0,0.0,0.0,78.0
2969.4485202064675,1.0,0.0,0.0,78.0
2969.449194363771,1.0,0.0,0.0,78.0
2969.749194363771,1.0,0.0,0.0,78.0
2969.7498685210744,1.0,0.0,0.0,78.0
2970.0498685210746,1.0,0.0,0.0,78.0
2970.050542678378,1.0,0.0,0.0,78.0
2970.350542678378,1.0,0.0,0.0,78.0
2970.3512168356815,1.0,0.0,0.0,78.0
2970.6512168356817,1.0,0.0,0.0,78.0
2970.651890992985,1.0,0.0,0.0,78.0
2970.951890992985,1.0,0.0,0.0,78.0
2970.9525651502886,1.0,0.0,0.0,78.0
2971.252565150289,1.0,0.0,0.0,78.0
2971.253239307592,1.0,0.0,0.0,78.0
2971.5532393075923,1.0,0.0,0.0,78.0
2971.5539134648957,1.0,0.0,0.0,78.0
2971.853913464896,1.0,0.0,0.0,78.0
2971.8545876221992,1.0,0.0,0.0,78.0
2972.1545876221994,1.0,0.0,0.0,78.0
2972.155261779503,1.0,0.0,0.0,78.0
2972.455261779503,1.0,0.0,0.0,78.0
2972.455943597685,1.0,0.0,0.0,78.0
2972.755943597685,1.0,0.0,0.0,78.0
2972.756625415867,1.0,0.0,0.0,78.0
2973.056625415867,1.0,0.0,0.0,78.0
2973.057307234049,1.0,0.0,0.0,78.0
2973.357307234049,1.0,0.0,0.0,78.0
2973.357989052231,1.0,0.0,0.0,78.0
2973.657989052231,1.0,0.0,0.0,78.0
2973.658670870413,1.0,0.0,0.0,78.0
2973.9586708704132,1.0,0.0,0.0,78.0
2973.959352688595,1.0,0.0,0.0,78.0
2974.2593526885953,1.0,0.0,0.0,78.0
2974.260034506777,1.0,0.0,0.0,78.0
2974.5600345067774,1.0,0.0,0.0,78.0
2974.5607163249592,1.0,0.0,0.0,78.0
2974.8607163249594,1.0,0.0,0.0,78.0
2974.8613981431413,1.0,0.0,0.0,78.0
2975.1613981431415,1.0,0.0,0.0,78.0
2975.1620799613233,1.0,0.0,0.0,78.0
2975.4620799613235,1.0,0.0,0.0,78.0
2975.4627617795054,1.0,0.0,0.0,78.0
2975.7627617795056,1.0,0.0,0.0,78.0
2975.7634435976875,1.0,0.0,0.0,78.0
2976.0634435976876,1.0,0.0,0.0,78.0
2976.0641254158695,1.0,0.0,0.0,78.0
2976.3641254158697,1.0,0.0,0.0,78.0
2976.3648072340516,1.0,0.0,0.0,78.0
2976.6648072340518,1.0,0.0,0.0,78.0
2976.6654890522336,1.0,0.0,0.0,78.0
2976.965489052234,1.0,0.0,0.0,78.0
2976.9661708704157,1.0,0.0,0.0,78.0
2977.266170870416,1.0,0.0,0.0,78.0
2977.2668526885977,1.0,0.0,0.0,78.0
2977.566852688598,1.0,0.0,0.0,78.0
2977.56753450678,1.0,0.0,0.0,78.0
2977.86753450678,1.0,0.0,0.0,78.0
2977.868216324962,1.0,0.0,0.0,78.0
2978.168216324962,1.0,0.0,0.0,78.0
2978.168898143144,1.0,0.0,0.0,78.0
2978.468898143144,1.0,0.0,0.0,78.0
2978.469579961326,1.0,0.0,0.0,78.0
2978.769579961326,1.0,0.0,0.0,78.0
2978.770261779508,1.0,0.0,0.0,78.0
2979.070261779508,1.0,0.0,0.0,78.0
2979.07094359769,1.0,0.0,0.0,78.0
2979.3709435976903,1.0,0.0,0.0,78.0
2979.371625415872,1.0,0.0,0.0,78.0
2979.6716254158723,1.0,0.0,0.0,78.0
2979.672307234054,1.0,0.0,0.0,78.0
2979.9723072340544,1.0,0.0,0.0,78.0
2979.9729890522362,1.0,0.0,0.0,78.0
2980.2729890522364,1.0,0.0,0.0,78.0
2980.2736708704183,1.0,0.0,0.0,78.0
2980.5736708704185,1.0,0.0,0.0,78.0
2980.5743526886004,1.0,0.0,0.0,78.0
2980.8743526886005,1.0,0.0,0.0,78.0
2980.8750345067824,1.0,0.0,0.0,78.0
2981.1750345067826,1.0,0.0,0.0,78.0
2981.1757163249645,1.0,0.0,0.0,78.0
2981.4757163249647,1.0,0.0,0.0,78.0
2981.4763981431465,1.0,0.0,0.0,78.0
2981.7763981431467,1.0,0.0,0.0,78.0
2981.7770799613286,1.0,0.0,0.0,78.0
2982.0770799613288,1.0,0.0,0.0,78.0
2982.0777617795106,1.0,0.0,0.0,78.0
2982.377761779511,1.0,0.0,0.0,78.0
2982.3784435976927,1.0,0.0,0.0,78.0
2982.678443597693,1.0,0.0,0.0,78.0
2982.6791254158748,1.0,0.0,0.0,78.0
2982.979125415875,1.0,0.0,0.0,78.0
2982.979807234057,1.0,0.0,0.0,78.0
2983.279807234057,1.0,0.0,0.0,78.0
2983.280489052239,1.0,0.0,0.0,78.0
2983.580489052239,1.0,0.0,0.0,78.0
2983.581170870421,1.0,0.0,0.0,78.0
2983.881170870421,1.0,0.0,0.0,78.0
2983.881852688603,1.0,0.0,0.0,78.0
2984.181852688603,1.0,0.0,0.0,78.0
2984.182534506785,1.0,0.0,0.0,78.0
2984.482534506785,1.0,0.0,0.0,78.0
2984.483216324967,1.0,0.0,0.0,78.0
2984.7832163249673,1.0,0.0,0.0,78.0
2984.783898143149,1.0,0.0,0.0,78.0
2985.0838981431493,1.0,0.0,0.0,78.0
2985.084579961331,1.0,0.0,0.0,78.0
2985.3845799613314,1.0,0.0,0.0,78.0
2985.3852617795133,1.0,0.0,0.0,78.0
2985.6852617795134,1.0,0.0,0.0,78.0
2985.6859435976953,1.0,0.0,0.0,78.0
2985.9859435976955,1.0,0.0,0.0,78.0
2985.9866254158774,1.0,0.0,0.0,78.0
2986.2866254158776,1.0,0.0,0.0,78.0
2986.2873072340594,1.0,0.0,0.0,78.0
2986.5873072340596,1.0,0.0,0.0,78.0
2986.5879890522415,1.0,0.0,0.0,78.0
2986.8879890522417,1.0,0.0,0.0,78.0
2986.8886708704235,1.0,0.0,0.0,78.0
2987.1886708704237,1.0,0.0,0.0,78.0
2987.1893526886056,1.0,0.0,0.0,78.0
2987.489352688606,1.0,0.0,0.0,78.0
2987.4900345067877,1.0,0.0,0.0,78.0
2987.790034506788,1.0,0.0,0.0,78.0
2987.7907163249697,1.0,0.0,0.0,78.0
2988.09071632497,1.0,0.0,0.0,78.0
2988.0913981431518,1.0,0.0,0.0,78.0
2988.391398143152,1.0,0.0,0.0,78.0
2988.392079961334,1.0,0.0,0.0,78.0
2988.692079961334,1.0,0.0,0.0,78.0
2988.692761779516,1.0,0.0,0.0,78.0
2988.992761779516,1.0,0.0,0.0,78.0
2988.993443597698,1.0,0.0,0.0,78.0
2989.293443597698,1.0,0.0,0.0,78.0
2989.29412541588,1.0,0.0,0.0,78.0
2989.59412541588,1.0,0.0,0.0,78.0
2989.594807234062,1.0,0.0,0.0,78.0
2989.8948072340622,1.0,0.0,0.0,78.0
2989.895489052244,1.0,0.0,0.0,78.0
2990.1954890522443,1.0,0.0,0.0,78.0
2990.196170870426,1.0,0.0,0.0,78.0
2990.4961708704263,1.0,0.0,0.0,78.0
2990.496852688608,1.0,0.0,0.0,78.0
2990.7968526886084,1.0,0.0,0.0,78.0
2990.7975345067903,1.0,0.0,0.0,78.0
2991.0975345067905,1.0,0.0,0.0,78.0
2991.0982163249723,1.0,0.0,0.0,78.0
2991.3982163249725,1.0,0.0,0.0,78.0
2991.3988981431544,1.0,0.0,0.0,78.0
2991.6988981431546,1.0,0.0,0.0,78.0
2991.6995799613364,1.0,0.0,0.0,78.0
2991.9995799613366,1.0,0.0,0.0,78.0
2992.0002617795185,1.0,0.0,0.0,78.0
2992.3002617795187,1.0,0.0,0.0,78.0
2992.3009435977006,1.0,0.0,0.0,78.0
2992.6009435977007,1.0,0.0,0.0,78.0
2992.6016254158826,1.0,0.0,0.0,78.0
2992.901625415883,1.0,0.0,0.0,78.0
2992.9023072340647,1.0,0.0,0.0,78.0
2993.202307234065,1.0,0.0,0.0,78.0
2993.2029890522467,1.0,0.0,0.0,78.0
2993.502989052247,1.0,0.0,0.0,78.0
2993.503670870429,1.0,0.0,0.0,78.0
2993.803670870429,1.0,0.0,0.0,78.0
2993.804352688611,1.0,0.0,0.0,78.0
2994.104352688611,1.0,0.0,0.0,78.0
2994.105034506793,1.0,0.0,0.0,78.0
2994.405034506793,1.0,0.0,0.0,78.0
2994.405716324975,1.0,0.0,0.0,78.0
2994.705716324975,1.0,0.0,0.0,78.0
2994.706398143157,1.0,0.0,0.0,78.0
2995.006398143157,1.0,0.0,0.0,78.0
2995.007079961339,1.0,0.0,0.0,78.0
2995.3070799613392,1.0,0.0,0.0,78.0
2995.307761779521,1.0,0.0,0.0,78.0
2995.6077617795213,1.0,0.0,0.0,78.0
2995.608443597703,1.0,0.0,0.0,78.0
2995.9084435977034,1.0,0.0,0.0,78.0
2995.9091254158852,1.0,0.0,0.0,78.0
2996.2091254158854,1.0,0.0,0.0,78.0
2996.2098072340673,1.0,0.0,0.0,78.0
2996.5098072340675,1.0,0.0,0.0,78.0
2996.5104890522493,1.0,0.0,0.0,78.0
2996.8104890522495,1.0,0.0,0.0,78.0
2996.8111708704314,1.0,0.0,0.0,78.0
2997.1111708704316,1.0,0.0,0.0,78.0
2997.1118526886135,1.0,0.0,0.0,78.0
2997.4118526886136,1.0,0.0,0.0,78.0
2997.4125345067955,1.0,0.0,0.0,78.0
2997.7125345067957,1.0,0.0,0.0,78.0
2997.7132163249776,1.0,0.0,0.0,78.0
2998.0132163249777,1.0,0.0,0.0,78.0
2998.0138981431596,1.0,0.0,0.0,78.0
2998.31389814316,1.0,0.0,0.0,78.0
2998.3145799613417,1.0,0.0,0.0,78.0
2998.614579961342,1.0,0.0,0.0,78.0
2998.6152617795237,1.0,0.0,0.0,78.0
2998.915261779524,1.0,0.0,0.0,78.0
2998.915943597706,1.0,0.0,0.0,78.0
2999.215943597706,1.0,0.0,0.0,78.0
2999.216625415888,1.0,0.0,0.0,78.0
2999.516625415888,1.0,0.0,0.0,78.0
2999.51730723407,1.0,0.0,0.0,78.0
2999.81730723407,1.0,0.0,0.0,78.0
2999.817989052252,1.0,0.0,0.0,78.0
3000.117989052252,1.0,0.0,0.0,78.0
3000.118670870434,1.0,0.0,0.0,78.0
