{
  "pan_x": -4890.833333333332,
  "pan_y": -8158.333333333332,
  "zoom": 1.0
}