{
  "pan_x": 226.00997652191506,
  "pan_y": -4.751426135259095,
  "zoom": 1.693421790161333
}