{
  "pan_x": -3865.6794901972526,
  "pan_y": -3588.5219137246754,
  "zoom": 0.5314683000000002
}