{
  "pan_x": -3080.307800846359,
  "pan_y": -4234.231724947097,
  "zoom": 1.0
}