{
  "pan_x": -5666.666666666666,
  "pan_y": -5666.666666666666,
  "zoom": 1.0
}