{
  "pan_x": -862.2000000000005,
  "pan_y": -399.6000000000003,
  "zoom": 0.9090909090909096
}