{
  "pan_x": -3162.019987669865,
  "pan_y": -2771.5671612013102,
  "zoom": 0.3
}