{
  "pan_x": -1490.0237220140473,
  "pan_y": -1618.2064496344196,
  "zoom": 0.4459308840724311
}