{
  "pan_x": -4989.752963601502,
  "pan_y": -1298.0624623909996,
  "zoom": 1.0
}