{
  "pan_x": -4187.797650727392,
  "pan_y": -3752.789506284825,
  "zoom": 0.7781227380300006
}