{
  "pan_x": 613.5001793968279,
  "pan_y": 165.35835465699893,
  "zoom": 0.8689931392100644
}