{
  "pan_x": 39.06367382506994,
  "pan_y": -199.94740876493006,
  "zoom": 1.464100000000001
}