{
  "pan_x": -1150.4744675130264,
  "pan_y": -2914.2317249470975,
  "zoom": 1.0
}