{
  "pan_x": -1117.6654475911357,
  "pan_y": -679.8209014535771,
  "zoom": 1.6105100000000008
}