{
  "pan_x": -1763.5136716526656,
  "pan_y": -761.4867836896387,
  "zoom": 3.0
}