{
  "pan_x": -4551.030617775244,
  "pan_y": 7614.999999999999,
  "zoom": 1.0
}