{
  "pan_x": 550.0581855039466,
  "pan_y": 43.200448261828285,
  "zoom": 1.0
}