{
  "pan_x": 599.2647058823529,
  "pan_y": 122.61764705882354,
  "zoom": 0.962900028320589
}