{
  "pan_x": -4654.423980602418,
  "pan_y": 4205.339136877965,
  "zoom": 1.0
}