{
  "pan_x": -6682.833333333333,
  "pan_y": 2808.2126760909277,
  "zoom": 1.0
}