{
  "pan_x": 609.0829669169868,
  "pan_y": -141.36729209812893,
  "zoom": 1.0
}