{
  "pan_x": -686.3948848886065,
  "pan_y": -638.3785707482108,
  "zoom": 0.9999999999999999
}