{
  "pan_x": -76.78248734864886,
  "pan_y": 517.5481448486977,
  "zoom": 2.8531167061100033
}