{
  "pan_x": 1276.9908630787,
  "pan_y": -777.6180418152674,
  "zoom": 1.0
}