{
  "pan_x": 2366.500000000001,
  "pan_y": -8158.333333333332,
  "zoom": 1.0
}