{
  "pan_x": 2815.2607041888623,
  "pan_y": 2175.565653349994,
  "zoom": 0.5846151300000003
}