{
  "pan_x": -436.3636363636364,
  "pan_y": -327.2727272727273,
  "zoom": 1.1
}