{
  "pan_x": 560.1585262707799,
  "pan_y": 178.0093229234064,
  "zoom": 1.0
}