{
  "pan_x": -1227.588858236823,
  "pan_y": -459.04000114021676,
  "zoom": 1.3995221406291998
}