{
  "pan_x": -2146.6995395000004,
  "pan_y": 291.5913011107955,
  "zoom": 1.0
}