{
  "pan_x": -1625.3079523332785,
  "pan_y": -2617.225678568506,
  "zoom": 1.0
}