{
  "pan_x": 300.61250304545774,
  "pan_y": -171.01245794395209,
  "zoom": 0.95
}