{
  "pan_x": 1152.9324483645719,
  "pan_y": 1240.0121746524073,
  "zoom": 1.0
}