{
  "pan_x": -1568.1742048955002,
  "pan_y": 30.538909109000315,
  "zoom": 1.0
}