{
  "pan_x": -1249.8212779509145,
  "pan_y": -310.95676977817885,
  "zoom": 1.771561000000001
}