{
  "pan_x": 110.1039460229008,
  "pan_y": -495.37742510120006,
  "zoom": 0.38554328942953164
}