{
  "pan_x": -1077.3690821150662,
  "pan_y": -746.8450007049817,
  "zoom": 1.0
}