{
  "pan_x": -1035.0620289831695,
  "pan_y": -510.41148456060273,
  "zoom": 1.0
}