{
  "pan_x": 124.40021845999968,
  "pan_y": -69.84086413000045,
  "zoom": 0.8264462809917359
}