{
  "pan_x": -842.9607912000001,
  "pan_y": 80.28344526666638,
  "zoom": 1.0
}