{
  "pan_x": 1065.8024230412698,
  "pan_y": 295.6062985275046,
  "zoom": 0.683013455365071
}