{
  "pan_x": -930.9709992948902,
  "pan_y": -351.6196530022006,
  "zoom": 0.7513148009015781
}